t,dist_m,true_x,true_y,true_yaw_deg,est_x,est_y,est_yaw_deg,err_along,err_cross,err_dist,err_yaw_deg,m2o_x,m2o_y,m2o_yaw_deg,o2b_x,o2b_y,o2b_yaw_deg,speed,yaw_rate,enc_dist,dr_err,fit_true,fit_est,fit_ratio,pp_v_est,pp_v_enc,pp_v_pose,pp_v_target,pp_u_cmd,pp_throttle,pp_steering,pp_ld,pp_e_lat,pp_e_head,pp_kappa,pp_s,pp_slip,pp_a_imu,pp_delay
0.000,0.000,-3.0519,2.6573,-50.608,-3.0399,2.6299,-53.907,0.0288,-0.0082,0.0299,-3.299,-3.1776,2.8577,-5.982,0.1607,-0.2122,-47.925,1.926,0.5227,0.131,0.0000,0.0161,0.0466,2.8880,nan,nan,nan,nan,nan,nan,nan,nan,nan,nan,nan,nan,nan,nan,nan
0.050,0.099,-2.9887,2.5815,-50.397,-3.0892,2.7214,-53.709,-0.1719,0.0118,0.1723,-3.312,-3.1559,2.8341,-4.795,0.0759,-0.1066,-48.914,1.602,-0.0045,0.131,0.2341,0.0132,0.1398,10.5625,nan,nan,nan,nan,nan,nan,nan,nan,nan,nan,nan,nan,nan,nan,nan
0.100,0.178,-2.9381,2.5207,-50.399,-3.0892,2.7214,-55.206,-0.2510,0.0115,0.2513,-4.808,-3.1559,2.8341,-4.795,0.0759,-0.1066,-50.412,1.284,-0.0035,0.131,0.3132,0.0225,0.2025,8.9926,nan,nan,nan,nan,nan,nan,nan,nan,nan,nan,nan,nan,nan,nan,nan
0.150,0.178,-2.9381,2.5207,-50.399,-3.0892,2.7214,-55.206,-0.2510,0.0115,0.2513,-4.808,-3.1559,2.8341,-4.795,0.0759,-0.1066,-50.412,1.284,-0.0035,0.131,0.3132,0.0225,0.2025,8.9926,nan,nan,nan,nan,nan,nan,nan,nan,nan,nan,nan,nan,nan,nan,nan
0.200,0.240,-2.8986,2.4731,-50.404,-3.0892,2.7214,-55.205,-0.3128,0.0114,0.3131,-4.801,-3.1559,2.8341,-4.795,0.0759,-0.1066,-50.410,0.971,-0.0027,0.131,0.3750,0.0222,0.2212,9.9711,nan,nan,nan,nan,nan,nan,nan,nan,nan,nan,nan,nan,nan,nan,nan
0.250,0.285,-2.8695,2.4382,-50.406,-3.0892,2.7214,-55.207,-0.3583,0.0112,0.3585,-4.802,-3.1559,2.8341,-4.795,0.0759,-0.1066,-50.412,0.658,-0.0021,0.131,0.4205,0.0219,0.2468,11.2771,nan,nan,nan,nan,nan,nan,nan,nan,nan,nan,nan,nan,nan,nan,nan
0.300,0.313,-2.8518,2.4169,-50.410,-3.0892,2.7214,-55.207,-0.3860,0.0111,0.3861,-4.797,-3.1559,2.8341,-4.795,0.0759,-0.1066,-50.412,0.354,-0.0016,0.131,0.4482,0.0226,0.2574,11.3659,nan,nan,nan,nan,nan,nan,nan,nan,nan,nan,nan,nan,nan,nan,nan
0.350,0.321,-2.8466,2.4108,-50.412,-3.0892,2.7214,-55.210,-0.3940,0.0110,0.3941,-4.798,-3.1559,2.8341,-4.795,0.0759,-0.1066,-50.415,-0.004,-0.0010,0.131,0.4562,0.0247,0.2629,10.6491,nan,nan,nan,nan,nan,nan,nan,nan,nan,nan,nan,nan,nan,nan,nan
0.400,0.321,-2.8468,2.4111,-50.426,-3.0892,2.7214,-55.210,-0.3936,0.0109,0.3938,-4.784,-3.1559,2.8341,-4.795,0.0759,-0.1066,-50.415,-0.005,-0.0007,0.131,0.4558,0.0248,0.2627,10.6014,nan,nan,nan,nan,nan,nan,nan,nan,nan,nan,nan,nan,nan,nan,nan
0.450,0.321,-2.8469,2.4113,-50.424,-3.0860,2.7205,-54.519,-0.3907,0.0127,0.3909,-4.095,-3.1541,2.8323,-4.090,0.0759,-0.1066,-50.429,-0.004,-0.0005,0.131,0.4556,0.0248,0.2525,10.1884,nan,nan,nan,nan,nan,nan,nan,nan,nan,nan,nan,nan,nan,nan,nan
0.500,0.322,-2.8470,2.4116,-50.424,-3.0860,2.7205,-54.517,-0.3904,0.0126,0.3906,-4.092,-3.1541,2.8323,-4.090,0.0759,-0.1066,-50.426,-0.002,-0.0003,0.131,0.4553,0.0246,0.2523,10.2778,nan,nan,nan,nan,nan,nan,nan,nan,nan,nan,nan,nan,nan,nan,nan
0.550,0.322,-2.8470,2.4116,-50.424,-3.0860,2.7205,-54.517,-0.3904,0.0126,0.3906,-4.092,-3.1541,2.8323,-4.090,0.0759,-0.1066,-50.426,-0.002,-0.0003,0.131,0.4553,0.0246,0.2523,10.2778,nan,nan,nan,nan,nan,nan,nan,nan,nan,nan,nan,nan,nan,nan,nan
0.600,0.322,-2.8470,2.4116,-50.424,-3.0860,2.7205,-54.516,-0.3904,0.0126,0.3906,-4.092,-3.1541,2.8323,-4.090,0.0759,-0.1066,-50.425,-0.002,-0.0003,0.131,0.4553,0.0246,0.2522,10.2724,nan,nan,nan,nan,nan,nan,nan,nan,nan,nan,nan,nan,nan,nan,nan
0.650,0.322,-2.8471,2.4117,-50.437,-3.0860,2.7205,-54.515,-0.3903,0.0125,0.3905,-4.078,-3.1541,2.8323,-4.090,0.0759,-0.1066,-50.425,-0.002,-0.0002,0.131,0.4552,0.0247,0.2522,10.2121,nan,nan,nan,nan,nan,nan,nan,nan,nan,nan,nan,nan,nan,nan,nan
0.700,0.322,-2.8471,2.4117,-50.437,-3.0860,2.7205,-54.528,-0.3903,0.0125,0.3905,-4.091,-3.1541,2.8323,-4.090,0.0759,-0.1066,-50.438,-0.001,-0.0002,0.131,0.4552,0.0247,0.2523,10.2180,nan,nan,nan,nan,nan,nan,nan,nan,nan,nan,nan,nan,nan,nan,nan
0.750,0.322,-2.8471,2.4118,-50.436,-3.0860,2.7205,-54.528,-0.3902,0.0125,0.3904,-4.092,-3.1541,2.8323,-4.090,0.0759,-0.1066,-50.437,-0.001,-0.0001,0.131,0.4551,0.0247,0.2519,10.1956,nan,nan,nan,nan,nan,nan,nan,nan,nan,nan,nan,nan,nan,nan,nan
0.800,0.322,-2.8471,2.4118,-50.436,-3.0860,2.7205,-54.527,-0.3902,0.0125,0.3904,-4.091,-3.1541,2.8323,-4.090,0.0759,-0.1066,-50.437,-0.001,-0.0001,0.131,0.4551,0.0247,0.2519,10.2147,nan,nan,nan,nan,nan,nan,nan,nan,nan,nan,nan,nan,nan,nan,nan
0.850,0.322,-2.8471,2.4119,-50.436,-3.0860,2.7205,-54.527,-0.3901,0.0124,0.3903,-4.091,-3.1541,2.8323,-4.090,0.0759,-0.1066,-50.436,-0.001,-0.0001,0.131,0.4550,0.0246,0.2519,10.2330,nan,nan,nan,nan,nan,nan,nan,nan,nan,nan,nan,nan,nan,nan,nan
0.900,0.322,-2.8472,2.4119,-50.436,-3.0806,2.7241,-54.357,-0.3893,0.0189,0.3898,-3.921,-3.1490,2.8357,-3.921,0.0759,-0.1066,-50.436,-0.000,-0.0001,0.131,0.4550,0.0247,0.2467,10.0027,nan,nan,nan,nan,nan,nan,nan,nan,nan,nan,nan,nan,nan,nan,nan
0.950,0.322,-2.8472,2.4119,-50.435,-3.0806,2.7241,-54.357,-0.3893,0.0189,0.3898,-3.921,-3.1490,2.8357,-3.921,0.0759,-0.1066,-50.436,-0.000,0.0000,0.131,0.4550,0.0247,0.2467,9.9831,nan,nan,nan,nan,nan,nan,nan,nan,nan,nan,nan,nan,nan,nan,nan
1.000,0.322,-2.8472,2.4119,-50.435,-3.0806,2.7241,-54.356,-0.3893,0.0189,0.3898,-3.921,-3.1490,2.8357,-3.921,0.0759,-0.1066,-50.435,-0.000,0.0000,0.131,0.4550,0.0247,0.2466,9.9812,nan,nan,nan,nan,nan,nan,nan,nan,nan,nan,nan,nan,nan,nan,nan
1.050,0.322,-2.8472,2.4119,-50.435,-3.0806,2.7241,-54.356,-0.3893,0.0189,0.3898,-3.921,-3.1490,2.8357,-3.921,0.0759,-0.1066,-50.435,-0.000,0.0000,0.131,0.4550,0.0247,0.2466,9.9812,nan,nan,nan,nan,nan,nan,nan,nan,nan,nan,nan,nan,nan,nan,nan
1.100,0.322,-2.8472,2.4119,-50.435,-3.0806,2.7241,-54.356,-0.3893,0.0189,0.3898,-3.921,-3.1490,2.8357,-3.921,0.0759,-0.1066,-50.435,-0.000,0.0000,0.131,0.4550,0.0247,0.2466,9.9812,nan,nan,nan,nan,nan,nan,nan,nan,nan,nan,nan,nan,nan,nan,nan
1.150,0.322,-2.8472,2.4119,-50.435,-3.0806,2.7241,-54.356,-0.3893,0.0189,0.3898,-3.921,-3.1490,2.8357,-3.921,0.0759,-0.1066,-50.435,-0.000,0.0000,0.131,0.4550,0.0247,0.2466,9.9812,nan,nan,nan,nan,nan,nan,nan,nan,nan,nan,nan,nan,nan,nan,nan
1.200,0.322,-2.8472,2.4119,-50.435,-3.0806,2.7241,-54.356,-0.3893,0.0189,0.3898,-3.921,-3.1490,2.8357,-3.921,0.0759,-0.1066,-50.435,-0.000,0.0000,0.131,0.4550,0.0247,0.2466,9.9812,nan,nan,nan,nan,nan,nan,nan,nan,nan,nan,nan,nan,nan,nan,nan
1.251,0.322,-2.8472,2.4119,-50.435,-3.0806,2.7241,-54.356,-0.3893,0.0189,0.3898,-3.921,-3.1490,2.8357,-3.921,0.0759,-0.1066,-50.435,-0.000,0.0000,0.131,0.4550,0.0247,0.2466,9.9812,nan,nan,nan,nan,nan,nan,nan,nan,nan,nan,nan,nan,nan,nan,nan
1.300,0.322,-2.8472,2.4119,-50.435,-3.0806,2.7241,-54.356,-0.3893,0.0189,0.3898,-3.921,-3.1490,2.8357,-3.921,0.0759,-0.1066,-50.435,-0.000,0.0000,0.131,0.4550,0.0247,0.2466,9.9812,nan,nan,nan,nan,nan,nan,nan,nan,nan,nan,nan,nan,nan,nan,nan
1.350,0.322,-2.8472,2.4119,-50.435,-3.0806,2.7241,-54.356,-0.3893,0.0189,0.3898,-3.921,-3.1490,2.8357,-3.921,0.0759,-0.1066,-50.435,-0.000,0.0000,0.131,0.4550,0.0247,0.2466,9.9812,nan,nan,nan,nan,nan,nan,nan,nan,nan,nan,nan,nan,nan,nan,nan
1.400,0.322,-2.8472,2.4119,-50.435,-3.0632,2.7225,-53.681,-0.3770,0.0313,0.3783,-3.246,-3.1330,2.8333,-3.246,0.0759,-0.1066,-50.435,0.000,0.0000,0.131,0.4550,0.0247,0.2179,8.8171,nan,nan,nan,nan,nan,nan,nan,nan,nan,nan,nan,nan,nan,nan,nan
1.450,0.322,-2.8472,2.4119,-50.435,-3.0632,2.7225,-53.681,-0.3770,0.0313,0.3783,-3.246,-3.1330,2.8333,-3.246,0.0759,-0.1066,-50.435,0.000,0.0000,0.131,0.4550,0.0247,0.2179,8.8171,nan,nan,nan,nan,nan,nan,nan,nan,nan,nan,nan,nan,nan,nan,nan
1.500,0.322,-2.8472,2.4119,-50.435,-3.0632,2.7225,-53.681,-0.3770,0.0313,0.3783,-3.246,-3.1330,2.8333,-3.246,0.0759,-0.1066,-50.435,0.000,0.0000,0.131,0.4550,0.0247,0.2179,8.8171,nan,nan,nan,nan,nan,nan,nan,nan,nan,nan,nan,nan,nan,nan,nan
1.550,0.322,-2.8472,2.4119,-50.435,-3.0632,2.7225,-53.681,-0.3770,0.0313,0.3783,-3.246,-3.1330,2.8333,-3.246,0.0759,-0.1066,-50.435,0.000,0.0000,0.131,0.4550,0.0247,0.2179,8.8171,nan,nan,nan,nan,nan,nan,nan,nan,nan,nan,nan,nan,nan,nan,nan
1.600,0.322,-2.8472,2.4119,-50.435,-3.0632,2.7225,-53.681,-0.3770,0.0313,0.3783,-3.246,-3.1330,2.8333,-3.246,0.0759,-0.1066,-50.435,0.000,0.0000,0.131,0.4550,0.0247,0.2178,8.8153,nan,nan,nan,nan,nan,nan,nan,nan,nan,nan,nan,nan,nan,nan,nan
1.650,0.322,-2.8472,2.4119,-50.435,-3.0632,2.7225,-53.681,-0.3770,0.0313,0.3783,-3.246,-3.1330,2.8333,-3.246,0.0759,-0.1066,-50.435,0.000,0.0000,0.131,0.4550,0.0247,0.2179,8.8171,nan,nan,nan,nan,nan,nan,nan,nan,nan,nan,nan,nan,nan,nan,nan
1.700,0.322,-2.8472,2.4119,-50.435,-3.0632,2.7225,-53.681,-0.3770,0.0313,0.3783,-3.246,-3.1330,2.8333,-3.246,0.0759,-0.1066,-50.435,0.000,0.0000,0.131,0.4550,0.0247,0.2179,8.8171,nan,nan,nan,nan,nan,nan,nan,nan,nan,nan,nan,nan,nan,nan,nan
1.750,0.322,-2.8472,2.4119,-50.435,-3.0632,2.7225,-53.681,-0.3770,0.0313,0.3783,-3.246,-3.1330,2.8333,-3.246,0.0759,-0.1066,-50.435,0.000,0.0000,0.131,0.4550,0.0247,0.2179,8.8171,nan,nan,nan,nan,nan,nan,nan,nan,nan,nan,nan,nan,nan,nan,nan
1.800,0.322,-2.8472,2.4119,-50.435,-3.0395,2.7194,-51.719,-0.3595,0.0476,0.3627,-1.284,-3.1130,2.8277,-1.284,0.0759,-0.1066,-50.435,0.000,0.0000,0.131,0.4550,0.0247,0.1810,7.3259,nan,nan,nan,nan,nan,nan,nan,nan,nan,nan,nan,nan,nan,nan,nan
1.850,0.322,-2.8472,2.4119,-50.435,-3.0395,2.7194,-51.719,-0.3595,0.0476,0.3627,-1.284,-3.1130,2.8277,-1.284,0.0759,-0.1066,-50.435,0.000,0.0000,0.131,0.4550,0.0247,0.1810,7.3259,nan,nan,nan,nan,nan,nan,nan,nan,nan,nan,nan,nan,nan,nan,nan
1.900,0.322,-2.8472,2.4119,-50.435,-3.0395,2.7194,-51.719,-0.3595,0.0476,0.3627,-1.284,-3.1130,2.8277,-1.284,0.0759,-0.1066,-50.435,0.000,0.0000,0.131,0.4550,0.0247,0.1810,7.3259,nan,nan,nan,nan,nan,nan,nan,nan,nan,nan,nan,nan,nan,nan,nan
1.950,0.322,-2.8472,2.4119,-50.435,-3.0395,2.7194,-51.719,-0.3595,0.0476,0.3627,-1.284,-3.1130,2.8277,-1.284,0.0759,-0.1066,-50.435,0.000,0.0000,0.131,0.4550,0.0247,0.1810,7.3259,nan,nan,nan,nan,nan,nan,nan,nan,nan,nan,nan,nan,nan,nan,nan
2.000,0.322,-2.8472,2.4119,-50.435,-3.0395,2.7194,-51.719,-0.3595,0.0476,0.3627,-1.284,-3.1130,2.8277,-1.284,0.0759,-0.1066,-50.435,0.000,0.0000,0.131,0.4550,0.0247,0.1810,7.3259,nan,nan,nan,nan,nan,nan,nan,nan,nan,nan,nan,nan,nan,nan,nan
2.050,0.322,-2.8472,2.4119,-50.435,-2.8386,2.4144,-50.448,0.0035,0.0082,0.0089,-0.013,-2.9145,2.5211,-0.013,0.0759,-0.1066,-50.435,0.000,0.0000,0.131,0.4550,0.0247,0.0194,0.7843,nan,nan,nan,nan,nan,nan,nan,nan,nan,nan,nan,nan,nan,nan,nan
2.100,0.322,-2.8472,2.4119,-50.435,-2.8386,2.4144,-50.448,0.0035,0.0082,0.0089,-0.013,-2.9145,2.5211,-0.013,0.0759,-0.1066,-50.435,0.000,0.0000,0.131,0.4550,0.0247,0.0194,0.7843,nan,nan,nan,nan,nan,nan,nan,nan,nan,nan,nan,nan,nan,nan,nan
2.150,0.322,-2.8472,2.4119,-50.435,-2.8386,2.4144,-50.448,0.0035,0.0082,0.0089,-0.013,-2.9145,2.5211,-0.013,0.0759,-0.1066,-50.435,0.000,0.0000,0.131,0.4550,0.0247,0.0194,0.7843,nan,nan,nan,nan,nan,nan,nan,nan,nan,nan,nan,nan,nan,nan,nan
2.200,0.322,-2.8472,2.4119,-50.435,-2.8386,2.4144,-50.448,0.0035,0.0082,0.0089,-0.013,-2.9145,2.5211,-0.013,0.0759,-0.1066,-50.435,0.000,0.0000,0.131,0.4550,0.0247,0.0194,0.7843,nan,nan,nan,nan,nan,nan,nan,nan,nan,nan,nan,nan,nan,nan,nan
2.250,0.322,-2.8472,2.4119,-50.435,-2.8386,2.4144,-50.448,0.0035,0.0082,0.0089,-0.013,-2.9145,2.5211,-0.013,0.0759,-0.1066,-50.435,0.000,0.0000,0.131,0.4550,0.0247,0.0194,0.7843,nan,nan,nan,nan,nan,nan,nan,nan,nan,nan,nan,nan,nan,nan,nan
2.300,0.322,-2.8472,2.4119,-50.435,-2.8356,2.4137,-50.269,0.0060,0.0100,0.0117,0.166,-2.9119,2.5201,0.166,0.0759,-0.1066,-50.435,0.000,0.0000,0.131,0.4550,0.0247,0.0170,0.6877,nan,nan,nan,nan,nan,nan,nan,nan,nan,nan,nan,nan,nan,nan,nan
2.350,0.322,-2.8472,2.4119,-50.435,-2.8356,2.4137,-50.269,0.0060,0.0100,0.0117,0.166,-2.9119,2.5201,0.166,0.0759,-0.1066,-50.435,0.000,0.0000,0.131,0.4550,0.0247,0.0170,0.6877,nan,nan,nan,nan,nan,nan,nan,nan,nan,nan,nan,nan,nan,nan,nan
2.400,0.322,-2.8472,2.4119,-50.435,-2.8356,2.4137,-50.269,0.0060,0.0100,0.0117,0.166,-2.9119,2.5201,0.166,0.0759,-0.1066,-50.435,0.000,0.0000,0.131,0.4550,0.0247,0.0170,0.6877,nan,nan,nan,nan,nan,nan,nan,nan,nan,nan,nan,nan,nan,nan,nan
2.450,0.322,-2.8472,2.4119,-50.435,-2.8356,2.4137,-50.269,0.0060,0.0100,0.0117,0.166,-2.9119,2.5201,0.166,0.0759,-0.1066,-50.435,0.000,0.0000,0.131,0.4550,0.0247,0.0170,0.6877,nan,nan,nan,nan,nan,nan,nan,nan,nan,nan,nan,nan,nan,nan,nan
2.500,0.322,-2.8472,2.4119,-50.435,-2.8356,2.4137,-50.269,0.0060,0.0100,0.0117,0.166,-2.9119,2.5201,0.166,0.0759,-0.1066,-50.435,0.000,0.0000,0.131,0.4550,0.0247,0.0170,0.6877,nan,nan,nan,nan,nan,nan,nan,nan,nan,nan,nan,nan,nan,nan,nan
2.550,0.322,-2.8472,2.4119,-50.435,-2.8356,2.4137,-50.269,0.0060,0.0100,0.0117,0.166,-2.9119,2.5201,0.166,0.0759,-0.1066,-50.435,0.000,0.0000,0.131,0.4550,0.0247,0.0170,0.6877,nan,nan,nan,nan,nan,nan,nan,nan,nan,nan,nan,nan,nan,nan,nan
2.600,0.322,-2.8472,2.4119,-50.435,-2.8356,2.4137,-50.269,0.0060,0.0100,0.0117,0.166,-2.9119,2.5201,0.166,0.0759,-0.1066,-50.435,0.000,0.0000,0.131,0.4550,0.0247,0.0170,0.6877,nan,nan,nan,nan,nan,nan,nan,nan,nan,nan,nan,nan,nan,nan,nan
2.650,0.322,-2.8472,2.4119,-50.435,-2.8356,2.4137,-50.269,0.0060,0.0100,0.0117,0.166,-2.9119,2.5201,0.166,0.0759,-0.1066,-50.435,0.000,0.0000,0.131,0.4550,0.0247,0.0170,0.6877,nan,nan,nan,nan,nan,nan,nan,nan,nan,nan,nan,nan,nan,nan,nan
2.700,0.322,-2.8472,2.4119,-50.435,-2.8337,2.4119,-50.224,0.0086,0.0104,0.0135,0.211,-2.9100,2.5182,0.211,0.0759,-0.1066,-50.435,0.000,0.0000,0.131,0.4550,0.0247,0.0161,0.6511,nan,nan,nan,nan,nan,nan,nan,nan,nan,nan,nan,nan,nan,nan,nan
2.750,0.322,-2.8472,2.4119,-50.435,-2.8337,2.4119,-50.224,0.0086,0.0104,0.0135,0.211,-2.9100,2.5182,0.211,0.0759,-0.1066,-50.435,0.000,0.0000,0.131,0.4550,0.0247,0.0161,0.6511,nan,nan,nan,nan,nan,nan,nan,nan,nan,nan,nan,nan,nan,nan,nan
2.800,0.322,-2.8472,2.4119,-50.435,-2.8337,2.4119,-50.224,0.0086,0.0104,0.0135,0.211,-2.9100,2.5182,0.211,0.0759,-0.1066,-50.435,0.000,0.0000,0.131,0.4550,0.0247,0.0161,0.6511,nan,nan,nan,nan,nan,nan,nan,nan,nan,nan,nan,nan,nan,nan,nan
2.850,0.322,-2.8472,2.4119,-50.435,-2.8337,2.4119,-50.224,0.0086,0.0104,0.0135,0.211,-2.9100,2.5182,0.211,0.0759,-0.1066,-50.435,0.000,0.0000,0.131,0.4550,0.0247,0.0161,0.6511,nan,nan,nan,nan,nan,nan,nan,nan,nan,nan,nan,nan,nan,nan,nan
2.900,0.322,-2.8472,2.4119,-50.435,-2.8337,2.4119,-50.224,0.0086,0.0104,0.0135,0.211,-2.9100,2.5182,0.211,0.0759,-0.1066,-50.435,0.000,0.0000,0.131,0.4550,0.0247,0.0161,0.6511,nan,nan,nan,nan,nan,nan,nan,nan,nan,nan,nan,nan,nan,nan,nan
2.950,0.322,-2.8472,2.4119,-50.435,-2.8337,2.4119,-50.224,0.0086,0.0104,0.0135,0.211,-2.9100,2.5182,0.211,0.0759,-0.1066,-50.435,0.000,0.0000,0.131,0.4550,0.0247,0.0161,0.6511,nan,nan,nan,nan,nan,nan,nan,nan,nan,nan,nan,nan,nan,nan,nan
3.000,0.322,-2.8472,2.4119,-50.435,-2.8337,2.4119,-50.224,0.0086,0.0104,0.0135,0.211,-2.9100,2.5182,0.211,0.0759,-0.1066,-50.435,0.000,0.0000,0.131,0.4550,0.0247,0.0161,0.6511,nan,nan,nan,nan,nan,nan,nan,nan,nan,nan,nan,nan,nan,nan,nan
3.050,0.322,-2.8472,2.4119,-50.435,-2.8337,2.4119,-50.224,0.0086,0.0104,0.0135,0.211,-2.9100,2.5182,0.211,0.0759,-0.1066,-50.435,0.000,0.0000,0.131,0.4550,0.0247,0.0161,0.6511,nan,nan,nan,nan,nan,nan,nan,nan,nan,nan,nan,nan,nan,nan,nan
3.100,0.322,-2.8472,2.4119,-50.435,-2.8301,2.4121,-50.164,0.0107,0.0134,0.0171,0.271,-2.9065,2.5184,0.271,0.0759,-0.1066,-50.435,0.000,0.0000,0.131,0.4550,0.0247,0.0139,0.5631,nan,nan,nan,nan,nan,nan,nan,nan,nan,nan,nan,nan,nan,nan,nan
3.150,0.322,-2.8472,2.4119,-50.435,-2.8301,2.4121,-50.164,0.0107,0.0134,0.0171,0.271,-2.9065,2.5184,0.271,0.0759,-0.1066,-50.435,0.000,0.0000,0.131,0.4550,0.0247,0.0139,0.5631,nan,nan,nan,nan,nan,nan,nan,nan,nan,nan,nan,nan,nan,nan,nan
3.200,0.322,-2.8472,2.4119,-50.435,-2.8301,2.4121,-50.164,0.0107,0.0134,0.0171,0.271,-2.9065,2.5184,0.271,0.0759,-0.1066,-50.435,0.000,0.0000,0.131,0.4550,0.0247,0.0139,0.5631,nan,nan,nan,nan,nan,nan,nan,nan,nan,nan,nan,nan,nan,nan,nan
3.250,0.322,-2.8472,2.4119,-50.435,-2.8301,2.4121,-50.164,0.0107,0.0134,0.0171,0.271,-2.9065,2.5184,0.271,0.0759,-0.1066,-50.435,0.000,0.0000,0.131,0.4550,0.0247,0.0139,0.5631,nan,nan,nan,nan,nan,nan,nan,nan,nan,nan,nan,nan,nan,nan,nan
3.300,0.322,-2.8472,2.4119,-50.435,-2.8301,2.4121,-50.164,0.0107,0.0134,0.0171,0.271,-2.9065,2.5184,0.271,0.0759,-0.1066,-50.435,0.000,0.0000,0.131,0.4550,0.0247,0.0139,0.5631,nan,nan,nan,nan,nan,nan,nan,nan,nan,nan,nan,nan,nan,nan,nan
3.350,0.322,-2.8472,2.4119,-50.435,-2.8301,2.4121,-50.164,0.0107,0.0134,0.0171,0.271,-2.9065,2.5184,0.271,0.0759,-0.1066,-50.435,0.000,0.0000,0.131,0.4550,0.0247,0.0139,0.5631,nan,nan,nan,nan,nan,nan,nan,nan,nan,nan,nan,nan,nan,nan,nan
3.400,0.322,-2.8472,2.4119,-50.435,-2.8301,2.4121,-50.164,0.0107,0.0134,0.0171,0.271,-2.9065,2.5184,0.271,0.0759,-0.1066,-50.435,0.000,0.0000,0.131,0.4550,0.0247,0.0139,0.5631,nan,nan,nan,nan,nan,nan,nan,nan,nan,nan,nan,nan,nan,nan,nan
3.450,0.322,-2.8472,2.4119,-50.435,-2.8301,2.4121,-50.164,0.0107,0.0134,0.0171,0.271,-2.9065,2.5184,0.271,0.0759,-0.1066,-50.435,0.000,0.0000,0.131,0.4550,0.0247,0.0139,0.5631,nan,nan,nan,nan,nan,nan,nan,nan,nan,nan,nan,nan,nan,nan,nan
3.501,0.322,-2.8472,2.4119,-50.435,-2.8301,2.4121,-50.164,0.0107,0.0134,0.0171,0.271,-2.9065,2.5184,0.271,0.0759,-0.1066,-50.435,0.000,0.0000,0.131,0.4550,0.0247,0.0139,0.5631,nan,nan,nan,nan,nan,nan,nan,nan,nan,nan,nan,nan,nan,nan,nan
3.550,0.322,-2.8472,2.4119,-50.435,-2.8264,2.4145,-50.300,0.0113,0.0177,0.0210,0.135,-2.9025,2.5209,0.135,0.0759,-0.1066,-50.435,0.000,0.0000,0.131,0.4550,0.0247,0.0111,0.4511,nan,nan,nan,nan,nan,nan,nan,nan,nan,nan,nan,nan,nan,nan,nan
3.600,0.322,-2.8472,2.4119,-50.435,-2.8264,2.4145,-50.300,0.0113,0.0177,0.0210,0.135,-2.9025,2.5209,0.135,0.0759,-0.1066,-50.435,0.000,0.0000,0.131,0.4550,0.0247,0.0111,0.4511,nan,nan,nan,nan,nan,nan,nan,nan,nan,nan,nan,nan,nan,nan,nan
3.650,0.322,-2.8472,2.4119,-50.435,-2.8264,2.4145,-50.300,0.0113,0.0177,0.0210,0.135,-2.9025,2.5209,0.135,0.0759,-0.1066,-50.435,0.000,0.0000,0.131,0.4550,0.0247,0.0111,0.4511,nan,nan,nan,nan,nan,nan,nan,nan,nan,nan,nan,nan,nan,nan,nan
3.700,0.322,-2.8472,2.4119,-50.435,-2.8264,2.4145,-50.300,0.0113,0.0177,0.0210,0.135,-2.9025,2.5209,0.135,0.0759,-0.1066,-50.435,0.000,0.0000,0.131,0.4550,0.0247,0.0111,0.4511,nan,nan,nan,nan,nan,nan,nan,nan,nan,nan,nan,nan,nan,nan,nan
3.750,0.322,-2.8472,2.4119,-50.435,-2.8264,2.4145,-50.300,0.0113,0.0177,0.0210,0.135,-2.9025,2.5209,0.135,0.0759,-0.1066,-50.435,0.000,0.0000,0.131,0.4550,0.0247,0.0111,0.4511,nan,nan,nan,nan,nan,nan,nan,nan,nan,nan,nan,nan,nan,nan,nan
3.800,0.322,-2.8472,2.4119,-50.435,-2.8264,2.4145,-50.300,0.0113,0.0177,0.0210,0.135,-2.9025,2.5209,0.135,0.0759,-0.1066,-50.435,0.000,0.0000,0.131,0.4550,0.0247,0.0111,0.4511,nan,nan,nan,nan,nan,nan,nan,nan,nan,nan,nan,nan,nan,nan,nan
3.850,0.322,-2.8472,2.4119,-50.435,-2.8264,2.4145,-50.300,0.0113,0.0177,0.0210,0.135,-2.9025,2.5209,0.135,0.0759,-0.1066,-50.435,0.000,0.0000,0.131,0.4550,0.0247,0.0111,0.4511,nan,nan,nan,nan,nan,nan,nan,nan,nan,nan,nan,nan,nan,nan,nan
3.900,0.322,-2.8472,2.4119,-50.435,-2.8264,2.4145,-50.300,0.0113,0.0177,0.0210,0.135,-2.9025,2.5209,0.135,0.0759,-0.1066,-50.435,0.000,0.0000,0.131,0.4550,0.0247,0.0111,0.4511,nan,nan,nan,nan,nan,nan,nan,nan,nan,nan,nan,nan,nan,nan,nan
3.950,0.322,-2.8472,2.4119,-50.435,-2.8255,2.4159,-50.228,0.0108,0.0192,0.0221,0.207,-2.9018,2.5222,0.207,0.0759,-0.1066,-50.435,0.000,0.0000,0.131,0.4550,0.0247,0.0109,0.4399,nan,nan,nan,nan,nan,nan,nan,nan,nan,nan,nan,nan,nan,nan,nan
4.000,0.322,-2.8472,2.4119,-50.435,-2.8255,2.4159,-50.228,0.0108,0.0192,0.0221,0.207,-2.9018,2.5222,0.207,0.0759,-0.1066,-50.435,0.000,0.0000,0.131,0.4550,0.0247,0.0109,0.4399,nan,nan,nan,nan,nan,nan,nan,nan,nan,nan,nan,nan,nan,nan,nan
4.050,0.322,-2.8472,2.4119,-50.435,-2.8255,2.4159,-50.228,0.0108,0.0192,0.0221,0.207,-2.9018,2.5222,0.207,0.0759,-0.1066,-50.435,0.000,0.0000,0.131,0.4550,0.0247,0.0109,0.4399,0.0000,0.0000,nan,3.7306,0.9748,0.0386,-1.0000,0.8000,0.5370,0.6928,0.1629,41.4906,0.0800,0.0004,0.1750
4.100,0.322,-2.8472,2.4119,-50.435,-2.8255,2.4159,-50.228,0.0108,0.0192,0.0221,0.207,-2.9018,2.5222,0.207,0.0759,-0.1066,-50.435,0.000,0.0000,0.131,0.4550,0.0247,0.0109,0.4399,0.0000,0.0000,nan,3.7306,0.9748,0.0386,-1.0000,0.8000,0.5370,0.6928,0.1629,41.4906,0.0800,0.0001,0.1750
4.150,0.322,-2.8471,2.4119,-50.435,-2.8255,2.4159,-50.228,0.0107,0.0192,0.0220,0.207,-2.9018,2.5222,0.207,0.0759,-0.1066,-50.435,0.009,-0.0002,0.132,0.4550,0.0246,0.0109,0.4434,0.0216,0.0259,nan,3.7306,0.9970,0.0395,-1.0000,0.8000,0.5389,0.6771,0.1500,41.5906,0.0800,5.3779,0.1750
4.200,0.332,-2.8411,2.4047,-50.648,-2.8236,2.4136,-50.228,0.0042,0.0192,0.0196,0.419,-2.9018,2.5222,0.207,0.0778,-0.1089,-50.436,0.311,-0.1822,0.183,0.4614,0.0236,0.0116,0.4894,0.3419,0.8647,nan,3.8294,1.3174,0.0522,-1.0000,0.8000,0.5915,0.6604,0.1500,41.5906,0.0800,5.1634,0.1750
4.250,0.356,-2.8254,2.3854,-51.933,-2.7635,2.3405,-50.986,0.0735,0.0210,0.0764,0.947,-2.9018,2.5222,0.207,0.1376,-0.1822,-51.193,0.584,-0.6775,0.232,0.3917,0.0246,0.0177,0.7194,0.6492,0.8647,nan,3.9256,1.6225,0.0643,-1.0000,0.8000,0.6271,0.6369,0.1367,41.6905,0.0800,5.1634,0.1750
4.300,0.356,-2.8254,2.3854,-51.933,-2.7635,2.3405,-50.986,0.0735,0.0210,0.0764,0.947,-2.9018,2.5222,0.207,0.1376,-0.1822,-51.193,0.584,-0.6775,0.232,0.3917,0.0246,0.0177,0.7194,0.8176,0.9419,nan,4.0189,1.7909,0.0709,-1.0000,0.8000,0.6566,0.5593,0.1367,41.6905,0.0800,4.8593,0.1750
4.350,0.396,-2.8015,2.3535,-55.338,-2.7329,2.2943,-54.362,0.0877,0.0228,0.0906,0.975,-2.9030,2.5230,-0.255,0.1712,-0.2280,-54.108,0.804,-1.4171,0.284,0.3749,0.0273,0.0158,0.5768,0.8412,0.9302,nan,4.0189,1.8121,0.0718,-1.0000,0.8000,0.6719,0.3957,0.1270,41.7905,0.0800,5.9385,0.1750
4.400,0.450,-2.7730,2.3083,-60.701,-2.7100,2.2502,-60.190,0.0815,0.0265,0.0857,0.511,-2.9057,2.5240,-0.280,0.1971,-0.2728,-59.910,1.047,-1.8370,0.357,0.3768,0.0389,0.0022,0.0565,1.0460,1.2934,nan,4.1101,2.0150,0.0798,-1.0000,0.8000,0.7002,0.2536,0.1142,41.8905,0.0800,4.9789,0.1750
4.450,0.513,-2.7446,2.2515,-67.064,-2.6735,2.1643,-66.480,0.1080,0.0314,0.1125,0.583,-2.9105,2.5204,0.074,0.2365,-0.3564,-66.555,1.320,-2.2938,0.446,0.3493,0.0523,0.0042,0.0805,1.2591,1.6017,nan,4.2822,2.2338,0.0885,-1.0000,0.8000,0.7166,0.1032,0.0811,41.9905,0.0800,2.8616,0.1750
4.500,0.591,-2.7188,2.1779,-74.793,-2.6468,2.0644,-74.533,0.1284,0.0397,0.1344,0.261,-2.9153,2.5239,-0.056,0.2690,-0.4592,-74.477,1.455,-2.5205,0.544,0.3233,0.0765,0.0208,0.2722,1.4169,1.7387,nan,4.1589,2.3697,0.0939,-1.0000,0.8000,0.7102,-0.0463,0.0276,42.0905,0.0800,2.8387,0.1750
4.550,0.677,-2.7020,2.0938,-83.285,-2.6345,1.9655,-82.811,0.1353,0.0520,0.1449,0.475,-2.9181,2.5287,0.000,0.2836,-0.5631,-82.811,1.599,-2.7627,0.653,0.3110,0.0297,0.0077,0.2600,1.5783,1.9682,nan,4.0375,1.8983,0.0752,-1.0000,0.8000,0.6917,-0.1879,-0.0306,42.1904,0.0800,2.6766,0.1750
4.600,0.771,-2.6981,2.0000,-92.563,-2.6310,1.8393,-91.008,0.1575,0.0742,0.1741,1.555,-2.9274,2.5209,1.205,0.2820,-0.6876,-92.213,1.745,-2.9984,0.773,0.2952,0.0450,0.0084,0.1873,1.7162,2.1273,nan,3.8054,2.0362,0.0806,-0.8203,0.8000,0.6629,-0.3240,-0.0856,42.2904,0.0800,1.8858,0.1750
4.650,0.870,-2.7104,1.9013,-102.341,-2.6495,1.7175,-100.352,0.1665,0.0987,0.1936,1.989,-2.9298,2.5219,1.618,0.2575,-0.8120,-101.970,1.842,-3.0927,0.896,0.2903,0.0685,0.0105,0.1536,1.8610,2.2594,nan,3.6957,2.1810,0.0864,-0.5054,0.8000,0.6079,-0.4845,-0.1376,42.3904,0.0800,-4.7650,0.1750
4.700,0.967,-2.7384,1.8090,-111.603,-2.6887,1.5926,-109.668,0.1829,0.1259,0.2220,1.934,-2.9408,2.5212,2.735,0.2075,-0.9395,-112.403,1.718,-2.6165,1.000,0.2929,0.0880,0.0180,0.2049,1.8168,1.8300,nan,3.5900,2.1368,0.0846,-0.2943,0.8000,0.5604,-0.5751,-0.1875,42.4904,0.0800,3.3918,0.1750
4.750,1.065,-2.7809,1.7201,-119.281,-2.7300,1.5243,-117.272,0.1459,0.1401,0.2023,2.008,-2.9408,2.5212,2.735,0.1630,-1.0057,-120.007,1.794,-2.2231,1.111,0.3047,0.0160,0.0320,2.0068,1.7966,1.8300,nan,3.4886,2.1166,0.0838,-0.0819,0.8000,0.5167,-0.6653,-0.2366,42.5904,0.0800,3.3918,0.1750
4.800,1.065,-2.7809,1.7201,-119.281,-2.7294,1.5130,-117.308,0.1555,0.1462,0.2134,1.973,-2.9396,2.5099,2.699,0.1630,-1.0057,-120.007,1.794,-2.2231,1.111,0.3047,0.0160,0.0326,2.0443,1.8714,1.9973,nan,3.3906,2.1914,0.0868,0.0664,0.8000,0.4505,-0.7277,-0.2366,42.5904,0.0800,3.7888,0.1750
4.850,1.174,-2.8392,1.6280,-124.648,-2.7934,1.4176,-123.299,0.1471,0.1573,0.2153,1.349,-2.9451,2.5152,3.068,0.0928,-1.1041,-126.367,1.997,-1.3294,1.230,0.3124,0.0320,0.0236,0.7374,2.0251,2.1291,nan,3.3906,2.3451,0.0929,0.1052,0.8000,0.3811,-0.6823,-0.2825,42.6903,0.0800,2.3475,0.1750
4.900,1.285,-2.9043,1.5388,-126.413,-2.8641,1.3174,-125.704,0.1543,0.1638,0.2251,0.709,-2.9451,2.5152,3.068,0.0168,-1.2005,-128.772,2.076,-0.0965,1.341,0.3193,0.0263,0.0297,1.1294,2.0451,2.0663,nan,3.2903,2.3651,0.0937,-0.0111,0.8000,0.3286,-0.5527,-0.3248,42.7903,0.0800,1.9152,0.1750
4.950,1.403,-2.9745,1.4434,-125.773,-2.9168,1.2296,-123.346,0.1397,0.1718,0.2214,2.427,-2.9449,2.5187,3.369,-0.0478,-1.2885,-126.715,2.153,0.3113,1.462,0.3172,0.0302,0.0528,1.7450,2.1685,2.2161,nan,3.1871,2.4885,0.0986,-0.0549,0.8000,0.2861,-0.4612,-0.3680,42.8903,0.0800,3.2685,0.1750
5.000,1.525,-3.0451,1.3438,-124.652,-2.9927,1.1228,-121.843,0.1520,0.1688,0.2271,2.809,-2.9392,2.5272,2.905,-0.1247,-1.3998,-124.748,2.263,0.2239,1.587,0.3181,0.0348,0.0652,1.8698,2.1669,2.1854,nan,3.0752,2.4869,0.0985,-0.0432,0.8000,0.2288,-0.4201,-0.4075,42.9903,0.0800,1.6102,0.1750
5.050,1.654,-3.1182,1.2381,-124.741,-3.0516,1.0237,-121.058,0.1382,0.1769,0.2245,3.683,-2.9392,2.5272,2.905,-0.1885,-1.4958,-123.964,2.325,-0.1123,1.718,0.3137,0.0132,0.0702,5.3061,2.3540,2.4296,nan,2.8592,2.6740,0.1059,0.0044,0.8000,0.1672,-0.4115,-0.4318,43.0902,0.0800,2.7909,0.1750
5.100,1.785,-3.1933,1.1309,-125.348,-3.1302,0.9090,-122.355,0.1445,0.1798,0.2307,2.993,-2.9338,2.5374,2.746,-0.2742,-1.6172,-125.101,2.414,-0.1667,1.851,0.3177,0.0175,0.0620,3.5373,2.3780,2.4015,nan,2.7721,2.6980,0.1068,0.0300,0.8000,0.1183,-0.3852,-0.4403,43.1902,0.0800,0.4703,0.1750
5.150,1.921,-3.2724,1.0205,-125.837,-3.2133,0.8040,-123.955,0.1409,0.1747,0.2245,1.883,-2.9191,2.5409,1.934,-0.3526,-1.7260,-125.889,2.449,-0.0052,1.988,0.3176,0.0279,0.0488,1.7488,2.3923,2.4138,nan,2.6970,2.7123,0.1074,0.0460,0.8000,0.0615,-0.3484,-0.4656,43.2902,0.0800,3.7225,0.1750
5.200,2.059,-3.3537,0.9081,-125.784,-3.2978,0.7125,-124.570,0.1260,0.1597,0.2034,1.214,-2.9081,2.5551,1.284,-0.4309,-1.8334,-125.854,2.572,0.0728,2.131,0.3167,0.0332,0.0436,1.3127,2.5482,2.6110,nan,2.6638,2.7516,0.1090,-0.0583,0.8000,0.0250,-0.2948,-0.5271,43.3902,0.0509,1.6306,0.1750
5.250,2.203,-3.4372,0.7916,-125.388,-3.3940,0.5943,-124.628,0.1358,0.1495,0.2019,0.761,-2.9049,2.5615,0.926,-0.5208,-1.9590,-125.554,2.627,0.1734,2.276,0.3192,0.0108,0.0375,3.4842,2.5836,2.6110,nan,2.5303,2.5100,0.0994,-0.1017,0.8000,-0.0333,-0.1792,-0.6931,43.5901,0.0800,1.6306,0.1750
5.300,2.203,-3.4372,0.7916,-125.388,-3.3940,0.5943,-124.628,0.1358,0.1495,0.2019,0.761,-2.9049,2.5615,0.926,-0.5208,-1.9590,-125.554,2.627,0.1734,2.276,0.3192,0.0108,0.0375,3.4842,2.6095,2.6374,nan,2.4169,2.4651,0.0976,-0.2762,0.8000,-0.0641,-0.0972,-0.7637,43.6902,0.0279,0.5529,0.1750
5.350,2.350,-3.5223,0.6707,-124.792,-3.4783,0.4902,-124.294,0.1231,0.1391,0.1858,0.498,-2.8920,2.5770,0.538,-0.6059,-2.0812,-124.832,2.652,0.1095,2.424,0.3187,0.0150,0.0418,2.7800,2.6177,2.6543,nan,2.3354,2.4166,0.0957,-0.4116,0.8000,-0.0858,-0.0334,-0.6071,43.7902,0.0470,1.1011,0.1750
5.400,2.481,-3.5972,0.5634,-125.339,-3.5568,0.3972,-124.452,0.1122,0.1291,0.1711,0.887,-2.8767,2.5890,0.027,-0.6811,-2.1915,-124.478,2.667,-0.2975,2.555,0.3178,0.0149,0.0499,3.3519,2.5787,2.6249,nan,2.2571,2.3515,0.0931,-0.5173,0.8000,-0.1134,-0.0358,-0.5622,43.8901,0.0800,-4.5839,0.1750
5.450,2.622,-3.6806,0.4497,-128.038,-3.6426,0.2938,-127.113,0.0994,0.1260,0.1604,0.925,-2.8433,2.5882,-0.839,-0.7656,-2.3059,-126.274,2.489,-1.1501,2.690,0.3187,0.0192,0.0378,1.9703,2.4501,2.4742,nan,2.1778,2.2674,0.0898,-0.4425,0.8000,-0.1501,-0.1166,-0.8555,43.9900,0.0519,-3.3702,0.1750
5.500,2.758,-3.7679,0.3461,-132.788,-3.7345,0.1963,-132.666,0.0873,0.1263,0.1535,0.122,-2.8433,2.5882,-0.839,-0.8561,-2.4048,-131.827,2.368,-1.6095,2.824,0.3233,0.0338,0.0193,0.5720,2.3349,2.3315,nan,2.1005,2.0607,0.0816,-0.4296,0.8000,-0.1722,-0.0356,-1.0296,44.1900,-0.0230,-3.1785,0.1750
5.550,2.891,-3.8633,0.2525,-138.744,-3.8136,0.1186,-137.717,0.0510,0.1334,0.1428,1.026,-2.8743,2.6066,0.194,-0.9477,-2.4848,-137.912,2.271,-1.5926,2.958,0.3251,0.0561,0.0132,0.2355,2.3371,2.4067,nan,2.0916,2.1422,0.0848,-0.5651,0.8000,-0.1764,-0.0043,-1.0930,44.2900,0.0293,-1.7350,0.1750
5.600,3.012,-3.9573,0.1767,-143.563,-3.9289,0.0289,-142.970,0.0649,0.1357,0.1505,0.593,-2.9048,2.6070,0.768,-1.0586,-2.5641,-143.739,2.199,-1.4918,3.077,0.3392,0.0064,0.0201,3.1499,2.1910,2.1926,nan,2.0827,2.2119,0.0876,-0.6523,0.8000,-0.1722,0.0517,-1.1909,44.3900,0.0800,-4.6750,0.1750
5.650,3.130,-4.0552,0.1104,-148.180,-4.0261,-0.0314,-147.699,0.0500,0.1358,0.1447,0.481,-2.9048,2.6070,0.768,-1.1566,-2.6231,-148.467,2.060,-1.4743,3.193,0.3422,0.0127,0.0163,1.2856,2.0192,2.0173,nan,2.1396,2.2311,0.0884,-0.6957,0.8000,-0.1685,0.1072,-1.2894,44.4900,0.0530,-0.9956,0.1750
5.700,3.243,-4.1530,0.0555,-153.687,-4.1195,-0.0851,-151.767,0.0323,0.1409,0.1446,1.920,-2.9189,2.6015,0.930,-1.2441,-2.6668,-152.696,2.034,-1.8868,3.308,0.3375,0.0300,0.0270,0.9027,2.0369,2.1607,nan,2.2999,2.4330,0.0964,-0.7334,0.8000,-0.1440,0.2419,-1.3194,44.6898,0.0771,-0.1976,0.1750
5.750,3.354,-4.2558,0.0114,-160.221,-4.2318,-0.1179,-158.565,0.0212,0.1298,0.1315,1.656,-2.9227,2.6219,1.169,-1.3647,-2.7125,-159.733,2.036,-2.1604,3.427,0.3529,0.0611,0.0179,0.2927,2.0209,2.1282,nan,2.3634,2.4126,0.0955,-0.7503,0.8000,-0.1186,0.2669,-1.1545,44.7898,0.0285,-0.9494,0.1750
5.800,3.468,-4.3648,-0.0204,-167.462,-4.3456,-0.1400,-166.252,0.0072,0.1209,0.1211,1.210,-2.9075,2.6199,0.854,-1.4791,-2.7382,-167.106,2.028,-2.3122,3.548,0.3604,0.0089,0.0350,3.9589,2.0111,2.1282,nan,2.4649,2.5716,0.1018,-0.7259,0.8000,-0.1108,0.2522,-1.1127,44.8898,0.0618,-0.9494,0.1750
5.850,3.468,-4.3648,-0.0204,-167.462,-4.3456,-0.1400,-166.252,0.0072,0.1209,0.1211,1.210,-2.9075,2.6199,0.854,-1.4791,-2.7382,-167.106,2.028,-2.3122,3.548,0.3604,0.0089,0.0350,3.9589,2.0332,2.1865,nan,2.5637,2.6950,0.1067,-0.7014,0.8000,-0.0956,0.3287,-0.8733,45.0898,0.0800,0.4634,0.1750
5.900,3.581,-4.4766,-0.0379,-175.235,-4.4570,-0.1531,-174.677,-0.0099,0.1164,0.1168,0.559,-2.8694,2.6097,0.445,-1.6090,-2.7504,-175.121,2.088,-2.5286,3.678,0.3790,0.0121,0.0151,1.2479,2.0702,2.2528,nan,2.7507,2.8227,0.1118,-0.6381,0.8000,-0.0805,0.2650,-0.7942,45.1898,0.0800,-0.5670,0.1750
5.950,3.699,-4.5942,-0.0396,176.507,-4.5736,-0.1409,177.748,-0.0268,0.0998,0.1033,1.241,-2.8754,2.6253,0.745,-1.7340,-2.7438,177.003,2.119,-2.5440,3.810,0.3892,0.0298,0.0157,0.5254,2.1977,2.4663,nan,2.7952,2.9236,0.1158,-0.6113,0.8000,-0.0622,0.2101,-0.7431,45.2897,0.0743,3.6401,0.1750
6.000,3.820,-4.7146,-0.0243,168.511,-4.7011,-0.1156,169.361,-0.0314,0.0867,0.0923,0.851,-2.8653,2.6310,0.948,-1.8809,-2.7159,168.414,2.286,-2.4436,3.954,0.4186,0.0562,0.0255,0.4537,2.3313,2.5930,nan,2.7716,2.7756,0.1099,-0.5765,0.8442,-0.0472,0.1686,-0.6666,45.3897,0.0023,4.0159,0.1750
6.050,3.953,-4.8426,0.0104,160.660,-4.8350,-0.0780,161.726,-0.0365,0.0809,0.0887,1.066,-2.8576,2.6247,1.027,-2.0255,-2.6668,160.699,2.439,-2.4292,4.107,0.4397,0.0723,0.0520,0.7200,2.4809,2.7551,nan,2.9093,2.8810,0.1141,-0.5625,0.8984,-0.0244,0.1881,-0.7588,45.5897,0.0800,2.2944,0.1750
6.100,4.090,-4.9692,0.0641,152.912,-4.9750,-0.0100,153.222,-0.0286,0.0686,0.0743,0.310,-2.8161,2.5943,0.265,-2.1710,-2.5943,152.957,2.554,-2.3705,4.263,0.4650,0.0127,0.0263,2.0618,2.5839,2.8131,nan,2.9892,2.9039,0.1150,-0.4903,0.9357,-0.0134,0.1326,-0.7744,45.6897,0.0800,0.1388,0.1750
6.150,4.234,-5.0925,0.1372,145.395,-5.1001,0.0886,144.819,-0.0213,0.0443,0.0492,-0.576,-2.7781,2.5754,-0.353,-2.3067,-2.5011,145.173,2.575,-2.3136,4.415,0.4854,0.0208,0.0326,1.5693,2.5786,2.6808,nan,3.0754,3.1932,0.1265,-0.3952,0.9986,-0.0188,0.1510,-0.6271,45.8896,0.0682,0.6255,0.1750
6.200,4.379,-5.2071,0.2271,137.990,-5.1877,0.1699,138.304,-0.0527,0.0295,0.0604,0.314,-2.7823,2.5804,0.072,-2.4085,-2.4074,138.232,2.640,-2.0929,4.572,0.4760,0.0340,0.0235,0.6913,2.7095,2.9063,nan,3.2757,3.4053,0.1349,-0.3462,1.0766,-0.0090,0.1150,-0.5734,45.9896,0.0750,2.0274,0.1750
6.250,4.526,-5.3109,0.3315,131.519,-5.2980,0.2937,131.491,-0.0369,0.0154,0.0400,-0.028,-2.7853,2.5838,0.392,-2.5283,-2.2729,131.099,2.726,-1.8103,4.729,0.5051,0.0401,0.0391,0.9756,2.6850,2.7374,nan,3.3797,3.4397,0.1362,-0.3063,1.1002,0.0071,0.0785,-0.5108,46.0896,0.0800,4.9279,0.1750
6.300,4.685,-5.4102,0.4549,125.906,-5.3855,0.4171,125.828,-0.0451,0.0021,0.0452,-0.078,-2.7853,2.5838,0.392,-2.6149,-2.1489,125.436,2.921,-1.6313,4.902,0.4947,0.0169,0.0063,0.3713,2.6769,2.7374,nan,3.4790,3.5529,0.1407,-0.2532,1.1973,0.0093,0.0824,-0.3429,46.2895,0.0800,4.9279,0.1750
6.350,4.685,-5.4102,0.4549,125.906,-5.3861,0.4194,125.561,-0.0428,0.0013,0.0428,-0.346,-2.7759,2.5740,0.124,-2.6149,-2.1489,125.436,2.921,-1.6313,4.902,0.4947,0.0169,0.0074,0.4354,2.8106,2.9503,nan,3.6591,3.7269,0.1476,-0.2274,1.2906,0.0276,0.0484,-0.2951,46.3895,0.0800,4.8548,0.1750
6.400,4.848,-5.5004,0.5911,120.824,-5.4774,0.5494,120.803,-0.0476,0.0016,0.0476,-0.021,-2.7604,2.5489,-0.284,-2.7070,-2.0129,121.087,3.108,-1.6329,5.080,0.4962,0.0189,0.0089,0.4738,3.0870,3.4552,nan,3.8849,3.9925,0.1581,-0.1767,1.4201,0.0347,0.0124,-0.2823,46.5894,0.0800,3.7133,0.1750
6.450,5.029,-5.5874,0.7494,116.672,-5.5698,0.7332,115.715,-0.0224,-0.0085,0.0239,-0.957,-2.7654,2.5533,-0.048,-2.8028,-1.8224,115.763,3.321,-1.1967,5.273,0.5214,0.0235,0.0214,0.9089,3.3528,3.5945,nan,4.0482,4.1659,0.1650,-0.1846,1.5424,0.0505,0.0608,-0.2817,46.7894,0.0681,4.4950,0.1750
6.500,5.220,-5.6679,0.9232,112.822,-5.6534,0.9196,112.449,-0.0089,-0.0120,0.0149,-0.373,-2.7578,2.5315,-0.290,-2.8874,-1.6265,112.738,3.505,-1.0778,5.477,0.5376,0.0272,0.0211,0.7762,3.4626,3.5559,nan,4.2316,4.2640,0.1689,-0.1600,1.5929,0.0591,0.0613,-0.2919,46.9893,0.0800,5.3224,0.1750
6.550,5.420,-5.7404,1.1088,109.654,-5.7126,1.0822,109.365,-0.0344,-0.0173,0.0385,-0.290,-2.7598,2.5232,-0.173,-2.9485,-1.4499,109.538,3.720,-1.0619,5.690,0.5230,0.0286,0.0183,0.6384,3.7385,4.0140,nan,4.4090,4.4880,0.1777,-0.1299,1.7657,0.0772,0.0674,-0.2456,47.1893,0.0425,4.1510,0.1750
6.600,5.630,-5.8056,1.3085,106.222,-5.7834,1.3250,105.848,0.0096,-0.0259,0.0277,-0.374,-2.7540,2.5154,-0.383,-3.0214,-1.2106,106.231,3.900,-1.0068,5.913,0.5534,0.0220,0.0061,0.2785,3.8692,3.9692,nan,4.5774,4.6106,0.1826,-0.0943,1.9603,0.0823,0.0527,-0.1277,47.3893,0.0169,3.5079,0.1750
6.650,5.824,-5.8559,1.4964,103.458,-5.8296,1.5178,102.948,0.0147,-0.0306,0.0339,-0.509,-2.7584,2.5142,-0.208,-3.0675,-1.0076,103.156,4.023,-0.9960,6.116,0.5600,0.0220,0.0071,0.3221,3.8133,3.8405,nan,4.7379,4.8429,0.1918,-0.0776,1.9478,0.0954,0.0327,-0.0879,47.5892,0.0800,1.6047,0.1750
6.700,6.055,-5.9047,1.7222,100.775,-5.8685,1.6979,100.231,-0.0306,-0.0310,0.0436,-0.544,-2.7576,2.5020,-0.144,-3.1090,-0.8119,100.375,4.213,-0.6862,6.361,0.5351,0.0221,0.0136,0.6184,4.0970,4.5347,nan,5.0386,5.1359,0.2034,-0.0769,2.0882,0.1073,0.0344,-0.0177,47.8891,0.0800,3.9441,0.1750
6.750,6.292,-5.9451,1.9551,98.814,-5.9136,1.9504,98.821,-0.0095,-0.0304,0.0319,0.008,-2.7626,2.4973,0.093,-3.1518,-0.5418,98.728,4.374,-0.5616,6.609,0.5609,0.0197,0.0045,0.2306,4.3854,4.7741,nan,5.1801,5.2895,0.2095,-0.0760,2.2163,0.1184,0.0203,-0.0254,48.0891,0.0503,4.4342,0.1750
6.800,6.538,-5.9795,2.1987,97.102,-5.9499,2.2095,97.372,0.0071,-0.0307,0.0315,0.270,-2.7650,2.4940,0.359,-3.1867,-0.2645,97.012,4.558,-0.5477,6.869,0.5842,0.0182,0.0005,0.0254,4.5381,4.6516,nan,5.3163,5.4189,0.2146,-0.0757,2.2502,0.1219,0.0080,-0.0310,48.2891,0.0459,5.0511,0.1750
6.850,6.800,-6.0083,2.4591,95.316,-5.9751,2.4821,95.425,0.0199,-0.0352,0.0404,0.110,-2.7640,2.4931,0.145,-3.2111,-0.0028,95.280,4.775,-0.5645,7.149,0.5820,0.0144,0.0046,0.3183,4.6960,4.8203,nan,5.5119,5.6486,0.2237,-0.0720,2.2904,0.1215,-0.0129,-0.0428,48.4890,0.0594,4.1685,0.1750
6.900,7.072,-6.0297,2.7311,93.493,-5.9928,2.7535,93.699,0.0201,-0.0382,0.0432,0.206,-2.7640,2.4931,0.145,-3.2282,0.2686,93.554,4.955,-0.5835,7.437,0.5785,0.0230,0.0048,0.2093,4.7489,4.8203,nan,5.6981,5.8049,0.2299,-0.0686,2.2799,0.1089,-0.0328,-0.0549,48.7890,0.0800,4.1685,0.1750
6.950,7.072,-6.0297,2.7311,93.493,-5.9967,2.7548,94.025,0.0217,-0.0344,0.0406,0.532,-2.7665,2.5128,0.470,-3.2282,0.2686,93.554,4.955,-0.5835,7.437,0.5785,0.0230,0.0020,0.0865,5.0056,5.3012,nan,5.8757,6.0686,0.2403,-0.0744,2.2577,0.1018,-0.0400,-0.0699,49.0889,0.0794,3.6643,0.1750
7.000,7.355,-6.0428,3.0131,91.586,-6.0124,3.0895,91.493,0.0755,-0.0325,0.0822,-0.093,-2.7746,2.4879,-0.097,-3.2388,0.5961,91.590,5.124,-0.5654,7.735,0.6097,0.0170,0.0056,0.3315,5.1364,5.2638,nan,6.0015,6.1975,0.2454,-0.0715,2.2380,0.0829,-0.0532,-0.0934,49.3888,0.0790,5.3912,0.1750
7.050,7.654,-6.0470,3.3127,89.745,-6.0191,3.3619,90.223,0.0493,-0.0277,0.0565,0.479,-2.7758,2.5044,0.405,-3.2372,0.8804,89.818,5.373,-0.6140,8.058,0.5944,0.0098,0.0029,0.2972,5.4110,5.9266,nan,5.9067,5.8286,0.2308,-0.0850,2.2260,0.0757,-0.0468,-0.1180,49.6887,-0.0301,5.0571,0.1750
7.100,7.945,-6.0417,3.6036,87.837,-6.0182,3.7139,88.006,0.1111,-0.0193,0.1128,0.169,-2.7887,2.4833,0.195,-3.2253,1.2416,87.811,5.589,-0.6305,8.370,0.6438,0.0054,0.0111,2.0425,5.5432,5.6950,nan,5.7548,5.5959,0.2216,-0.0905,2.2071,0.0697,-0.0475,-0.1142,49.9887,-0.0617,4.0998,0.1750
7.150,8.264,-6.0249,3.9216,85.787,-6.0080,4.0055,85.876,0.0849,-0.0107,0.0856,0.089,-2.7978,2.4585,0.100,-3.2075,1.5525,85.775,5.751,-0.7107,8.706,0.6377,0.0228,0.0014,0.0610,5.7027,5.8944,nan,5.5673,5.6659,0.2244,-0.0943,2.1665,0.0529,-0.0540,-0.1128,50.2886,0.0420,-1.0803,0.1750
7.200,8.579,-5.9964,4.2353,83.415,-5.9728,4.3236,83.168,0.0904,-0.0134,0.0914,-0.247,-2.8143,2.4160,-0.367,-3.1706,1.8873,83.536,5.703,-0.7846,9.020,0.6493,0.0144,0.0017,0.1154,5.6479,5.7009,nan,5.4468,5.1851,0.2053,-0.0866,2.1403,0.0247,-0.0783,-0.1318,50.4886,0.0800,-2.7532,0.1750
7.250,8.895,-5.9543,4.5482,80.843,-5.9319,4.6089,80.990,0.0635,-0.0124,0.0647,0.147,-2.8086,2.4280,0.013,-3.1228,2.1816,80.977,5.590,-0.8099,9.330,0.6310,0.0065,0.0028,0.4286,5.6400,5.7155,nan,5.2663,5.4100,0.2143,-0.0969,2.0934,0.0055,-0.0688,-0.1773,50.7885,0.0800,-1.1728,0.1750
7.300,9.206,-5.8989,4.8547,78.247,-5.8658,4.9079,78.621,0.0588,-0.0216,0.0627,0.373,-2.7911,2.4295,0.421,-3.0563,2.5010,78.199,5.522,-0.7497,9.639,0.6348,0.0018,0.0108,6.1316,5.4499,5.4340,nan,5.0895,5.2485,0.2079,-0.1060,2.0934,-0.0192,-0.0603,-0.1905,50.9884,0.0800,-5.3708,0.1750
7.350,9.503,-5.8335,5.1444,75.928,-5.8025,5.1655,76.191,0.0280,-0.0249,0.0375,0.263,-2.8029,2.4098,0.263,-2.9870,2.7694,75.927,5.304,-0.7458,9.921,0.6153,0.0026,0.0140,5.3158,5.2516,5.2337,nan,4.9714,5.0577,0.2003,-0.1121,1.9522,-0.0386,-0.0420,-0.2046,51.2884,0.0800,-1.6056,0.1750
7.400,9.799,-5.7562,5.4303,73.362,-5.7210,5.4450,73.723,0.0242,-0.0295,0.0382,0.361,-2.8029,2.4098,0.263,-2.9041,3.0486,73.460,5.268,-0.8479,10.218,0.6066,0.0120,0.0049,0.4040,5.1906,5.2337,nan,4.7805,4.8788,0.1932,-0.1242,1.8255,-0.0482,-0.0184,-0.2205,51.5883,0.0490,-1.6056,0.1750
7.450,9.799,-5.7562,5.4303,73.362,-5.7162,5.4453,73.018,0.0258,-0.0341,0.0427,-0.344,-2.8356,2.3744,-0.441,-2.9041,3.0486,73.460,5.268,-0.8479,10.218,0.6066,0.0120,0.0152,1.2616,5.1180,5.1561,nan,4.7108,4.7978,0.1900,-0.1178,1.8255,-0.0754,-0.0321,-0.2323,51.7883,0.0439,-2.0088,0.1750
7.500,10.087,-5.6686,5.7040,70.639,-5.6304,5.6602,70.839,-0.0286,-0.0505,0.0581,0.200,-2.8127,2.3610,0.052,-2.8147,3.3017,70.787,5.172,-0.9342,10.501,0.5891,0.0075,0.0235,3.1106,5.2095,5.3290,nan,4.4127,4.2979,0.1702,-0.1346,1.8255,-0.0975,-0.0107,-0.2447,52.0882,-0.0800,-5.3512,0.1750
7.550,10.330,-5.5836,5.9319,67.948,-5.5358,5.9055,68.079,-0.0065,-0.0542,0.0546,0.131,-2.8173,2.3536,0.124,-2.7108,3.5578,67.955,4.984,-0.9415,10.732,0.6007,0.0104,0.0265,2.5529,4.8348,4.6288,nan,4.3394,4.3811,0.1735,-0.1376,1.8255,-0.1087,-0.0326,-0.2490,52.1882,0.0225,-3.6500,0.1750
7.600,10.609,-5.4732,6.1882,65.000,-5.4524,6.0901,65.948,-0.0801,-0.0603,0.1003,0.948,-2.7724,2.3785,0.981,-2.6161,3.7570,64.967,4.799,-0.9449,11.000,0.5643,0.0056,0.0310,5.5434,4.8004,4.8516,nan,4.1867,4.1946,0.1661,-0.1548,1.6552,-0.1086,0.0103,-0.2494,52.4881,0.0044,-7.5341,0.1750
7.650,10.859,-5.3626,6.4123,61.988,-5.3364,6.3365,63.816,-0.0546,-0.0587,0.0802,1.828,-2.7261,2.4125,1.794,-2.4862,4.0038,62.022,4.497,-0.9622,11.231,0.5706,0.0049,0.0217,4.4733,4.4211,4.2079,nan,4.1165,4.1486,0.1643,-0.1722,1.6552,-0.1080,0.0007,-0.2657,52.5881,0.0800,-2.9842,0.1750
7.700,11.107,-5.2410,6.6288,58.923,-5.2408,6.5129,61.486,-0.0992,-0.0600,0.1159,2.563,-2.6725,2.4491,2.646,-2.3780,4.1779,58.841,4.371,-1.0074,11.473,0.5454,0.0042,0.0237,5.6914,4.2612,4.2550,nan,3.9832,4.0186,0.1592,-0.2030,1.6455,-0.1019,0.0255,-0.2932,52.7880,0.0800,-4.2149,0.1750
7.750,11.343,-5.1144,6.8276,55.658,-5.1210,6.7381,58.307,-0.0776,-0.0451,0.0897,2.650,-2.6806,2.4681,2.616,-2.2429,4.3770,55.691,4.215,-1.0764,11.701,0.5402,0.0171,0.0264,1.5412,4.0935,4.0844,nan,3.7913,3.8437,0.1522,-0.2195,1.5807,-0.0879,0.0282,-0.3103,52.9880,0.0800,-2.9934,0.1750
7.800,11.575,-4.9780,7.0161,52.081,-5.0032,6.9170,54.799,-0.0936,-0.0410,0.1022,2.718,-2.6969,2.4696,2.446,-2.1143,4.5418,52.353,4.104,-1.1738,11.929,0.5272,0.0175,0.0299,1.7112,4.1622,4.2569,nan,3.5654,3.4707,0.1375,-0.2450,1.6072,-0.0803,0.0525,-0.3612,53.2879,-0.0548,-3.3618,0.1750
7.850,11.802,-4.8336,7.1901,47.979,-4.8457,7.1245,50.706,-0.0568,-0.0349,0.0667,2.727,-2.6978,2.4819,2.442,-1.9482,4.7299,48.265,3.974,-1.3263,12.150,0.5240,0.0185,0.0236,1.2751,3.9481,3.9081,nan,3.3951,3.4717,0.1375,-0.2448,1.5246,-0.0775,0.0434,-0.3114,53.4879,0.0443,-4.1427,0.1750
7.900,12.016,-4.6853,7.3444,43.770,-4.7155,7.2811,46.603,-0.0655,-0.0248,0.0701,2.834,-2.6693,2.5120,2.915,-1.8010,4.8671,43.688,3.813,-1.3517,12.357,0.5115,0.0203,0.0226,1.1107,3.7204,3.6713,nan,3.2173,3.3108,0.1311,-0.2523,1.4367,-0.0732,0.0157,-0.3435,53.5879,0.0541,-6.7081,0.1750
7.950,12.221,-4.5323,7.4811,39.289,-4.5778,7.4050,42.504,-0.0834,-0.0301,0.0887,3.214,-2.6693,2.5120,2.915,-1.6573,4.9837,39.589,3.549,-1.3559,12.550,0.5024,0.0306,0.0420,1.3699,3.6434,3.6713,nan,3.1901,3.1793,0.1259,-0.2672,1.4069,-0.0586,0.0371,-0.4569,53.7878,-0.0063,-6.7081,0.1750
8.000,12.221,-4.5323,7.4811,39.289,-4.5745,7.4235,43.172,-0.0692,-0.0179,0.0714,3.883,-2.6090,2.5531,3.583,-1.6573,4.9837,39.589,3.549,-1.3559,12.550,0.5024,0.0306,0.0342,1.1170,3.5621,3.5882,nan,3.3588,2.8477,0.1128,-0.2878,1.3755,-0.0440,0.0676,-0.4780,53.9878,0.0800,-3.3399,0.1750
8.050,12.416,-4.3773,7.5994,35.010,-4.4024,7.5679,37.665,-0.0386,-0.0114,0.0403,2.656,-2.6523,2.5500,2.995,-1.4855,5.1025,34.670,3.422,-1.3366,12.741,0.4916,0.0303,0.0275,0.9082,3.2937,3.2157,nan,3.4457,3.5612,0.1410,-0.2839,1.2719,-0.0331,0.0316,-0.1203,0.0000,0.0669,-3.8106,0.1750
8.100,12.600,-4.2230,7.7000,30.861,-4.2759,7.6620,33.707,-0.0649,-0.0055,0.0651,2.845,-2.6686,2.5513,2.731,-1.3619,5.1815,30.975,3.296,-1.2958,12.921,0.4967,0.0320,0.0288,0.9004,3.3303,3.4124,nan,3.5633,3.5681,0.1413,-0.2960,1.3609,-0.0254,0.0454,-0.4559,0.2000,0.0028,-1.6624,0.1750
8.150,12.772,-4.0727,7.7829,26.513,-4.0891,7.7699,29.074,-0.0205,-0.0043,0.0209,2.561,-2.6877,2.5501,2.409,-1.1808,5.2741,26.665,3.022,-1.3666,13.081,0.4827,0.0348,0.0236,0.6775,2.9965,2.8399,nan,3.5483,3.5988,0.1425,-0.2633,1.2245,-0.0331,0.0132,-0.4895,0.2999,0.0293,5.2324,0.1750
8.200,12.951,-3.9091,7.8571,21.926,-3.9515,7.8304,24.041,-0.0493,-0.0090,0.0501,2.114,-2.7066,2.5512,2.021,-1.0580,5.3198,22.020,3.247,-1.4707,13.277,0.4909,0.0344,0.0303,0.8803,3.2206,3.4270,nan,3.6181,3.6441,0.1443,-0.2686,1.3161,-0.0245,0.0529,-0.3758,0.5999,0.0151,2.0406,0.1750
8.250,13.133,-3.7380,7.9185,17.136,-3.7279,7.9136,18.805,0.0082,-0.0076,0.0112,1.669,-2.7467,2.5480,1.369,-0.8527,5.3875,17.436,3.352,-1.4439,13.467,0.4708,0.0388,0.0307,0.7903,3.4047,3.5762,nan,3.7590,3.7247,0.1475,-0.2612,1.3913,-0.0207,0.0554,-0.5163,0.7998,0.0800,2.4039,0.1750
8.300,13.320,-3.5575,7.9672,12.734,-3.5211,7.9705,14.198,0.0362,-0.0049,0.0365,1.464,-2.7180,2.5583,1.574,-0.6541,5.4321,12.624,3.434,-1.4318,13.661,0.4555,0.0384,0.0246,0.6408,3.4613,3.5588,nan,3.9184,3.8730,0.1534,-0.2610,1.5084,-0.0082,0.0710,-0.3625,0.9998,-0.0263,0.8466,0.1750
8.350,13.514,-3.3670,8.0028,8.084,-3.3067,8.0041,9.274,0.0599,-0.0072,0.0603,1.190,-2.7323,2.5539,1.299,-0.4507,5.4618,7.975,3.487,-1.4282,13.860,0.4424,0.0378,0.0175,0.4644,3.4080,3.4443,nan,3.9738,4.0980,0.1623,-0.2518,1.4852,-0.0099,0.0793,-0.3774,1.1997,0.0719,1.6521,0.1750
8.400,13.708,-3.1740,8.0232,3.551,-3.1284,8.0145,4.733,0.0450,-0.0115,0.0464,1.182,-2.7561,2.5486,1.053,-0.2719,5.4718,3.680,3.564,-1.4508,14.061,0.4445,0.0373,0.0166,0.4453,3.5793,3.7424,nan,4.1290,4.2533,0.1684,-0.2341,1.5598,-0.0035,0.0407,-0.3912,1.2997,0.0800,2.0329,0.1750
8.450,13.910,-2.9716,8.0282,-1.159,-2.8976,8.0165,-0.160,0.0742,-0.0102,0.0749,0.999,-2.7561,2.5486,1.053,-0.0411,5.4696,-1.213,3.670,-1.4558,14.273,0.4198,0.0362,0.0275,0.7602,3.6411,3.7424,nan,4.2255,4.3529,0.1724,-0.2235,1.6353,0.0043,0.0657,-0.3334,1.5996,0.0800,2.0329,0.1750
8.500,13.910,-2.9716,8.0282,-1.159,-2.8808,8.0132,-0.219,0.0911,-0.0132,0.0920,0.940,-2.7449,2.5452,0.994,-0.0411,5.4696,-1.213,3.670,-1.4558,14.273,0.4198,0.0362,0.0280,0.7722,3.6391,3.7054,nan,4.3228,4.3371,0.1718,-0.2156,1.6344,0.0036,0.0331,-0.3353,1.6996,0.0800,3.3884,0.1750
8.550,14.116,-2.7657,8.0165,-5.768,-2.6742,7.9957,-4.948,0.0931,-0.0115,0.0938,0.820,-2.7633,2.5452,0.695,0.1553,5.4491,-5.643,3.826,-1.3857,14.493,0.4199,0.0360,0.0236,0.6557,3.8723,4.0926,nan,4.4164,4.5620,0.1807,-0.2101,1.7638,0.0148,0.0505,-0.3097,1.9995,0.0798,4.5748,0.1750
8.600,14.333,-2.5515,7.9875,-10.084,-2.4172,7.9517,-10.431,0.1385,-0.0118,0.1390,-0.347,-2.8420,2.5462,-0.271,0.3993,5.4074,-10.161,4.012,-1.3581,14.725,0.3903,0.0347,0.0176,0.5068,4.0401,4.1981,nan,4.5526,4.6654,0.1848,-0.1913,1.8573,0.0129,0.0353,-0.2931,2.1995,0.0593,2.2869,0.1750
8.650,14.560,-2.3288,7.9400,-14.466,-2.2038,7.8945,-14.938,0.1324,-0.0128,0.1330,-0.472,-2.8861,2.5518,-0.574,0.6288,5.3493,-14.364,4.120,-1.3595,14.963,0.3778,0.0356,0.0214,0.6013,4.1854,4.3304,nan,4.6408,4.7158,0.1868,-0.1736,1.9455,0.0081,0.0449,-0.2735,2.4994,0.0382,3.4311,0.1750
8.700,14.796,-2.1030,7.8735,-18.845,-1.9781,7.8143,-19.889,0.1373,-0.0157,0.1382,-1.044,-2.9405,2.5621,-1.041,0.8668,5.2689,-18.848,4.274,-1.2947,15.212,0.3593,0.0391,0.0340,0.8688,4.3125,4.4424,nan,4.7599,4.8285,0.1912,-0.1573,2.0197,0.0028,0.0217,-0.2603,2.6994,0.0341,2.9832,0.1750
8.750,15.034,-1.8796,7.7893,-22.888,-1.7659,7.7138,-24.128,0.1341,-0.0253,0.1365,-1.240,-2.9697,2.5672,-1.138,1.1014,5.1695,-22.990,4.399,-1.2188,15.463,0.3406,0.0330,0.0406,1.2303,4.3906,4.4920,nan,4.8101,4.8591,0.1924,-0.1468,2.0572,-0.0074,0.0148,-0.2503,2.8993,0.0239,2.1320,0.1750
8.800,15.284,-1.6531,7.6856,-26.726,-1.5266,7.5957,-28.057,0.1535,-0.0234,0.1552,-1.330,-2.9653,2.5712,-1.237,1.3299,5.0543,-26.819,4.492,-1.1269,15.721,0.3309,0.0337,0.0404,1.1995,4.4920,4.6019,nan,4.8643,4.9057,0.1943,-0.1478,2.1047,0.0080,0.0355,-0.2462,3.1993,0.0200,2.2433,0.1750
8.850,15.538,-1.4291,7.5649,-30.273,-1.2925,7.4722,-31.090,0.1647,-0.0112,0.1651,-0.817,-2.9176,2.5641,-0.725,1.5629,4.9282,-30.366,4.585,-1.0586,15.985,0.3207,0.0348,0.0294,0.8440,4.5826,4.6881,nan,4.9735,5.1104,0.2024,-0.1535,2.1472,0.0200,0.0509,-0.2595,3.3992,0.0661,1.3504,0.1750
8.900,15.792,-1.2131,7.4313,-33.602,-1.0621,7.3175,-34.453,0.1887,-0.0112,0.1891,-0.851,-2.9144,2.5614,-0.859,1.7808,4.7834,-33.594,4.645,-1.0638,16.246,0.3114,0.0348,0.0311,0.8931,4.6723,4.7797,nan,5.1081,5.2651,0.2085,-0.1509,2.2007,0.0263,0.0423,-0.2422,3.5992,0.0742,1.1002,0.1750
8.950,16.049,-1.0028,7.2836,-36.981,-0.8486,7.1524,-37.840,0.2021,-0.0120,0.2025,-0.859,-2.9144,2.5614,-0.859,1.9967,4.6215,-36.981,4.704,-1.1131,16.511,0.2973,0.0326,0.0305,0.9369,4.6996,4.7797,nan,5.2193,5.3672,0.2126,-0.1506,2.2136,0.0423,0.0606,-0.2149,3.8991,0.0682,1.1002,0.1750
9.000,16.049,-1.0028,7.2836,-36.981,-0.8348,7.1456,-38.469,0.2172,-0.0092,0.2174,-1.488,-2.9509,2.5775,-1.488,1.9967,4.6215,-36.981,4.704,-1.1131,16.511,0.2973,0.0326,0.0295,0.9061,4.7058,4.7772,nan,5.3871,5.5247,0.2188,-0.1352,2.2165,0.0465,0.0445,-0.1807,4.1990,0.0800,2.5182,0.1750
9.050,16.316,-0.7941,7.1173,-40.639,-0.6602,6.9902,-42.016,0.1844,-0.0093,0.1846,-1.377,-2.9738,2.5997,-1.482,2.1992,4.4488,-40.535,4.823,-1.1394,16.790,0.2975,0.0337,0.0341,1.0113,4.8627,5.0251,nan,5.2159,5.1027,0.2021,-0.1206,2.2266,0.0437,0.0159,-0.1344,4.3990,-0.0489,3.0805,0.1750
9.100,16.595,-0.5875,6.9295,-44.364,-0.4900,6.8157,-45.437,0.1493,-0.0132,0.1499,-1.073,-2.9864,2.6206,-1.191,2.4086,4.2461,-44.246,4.973,-1.0710,17.085,0.2855,0.0349,0.0375,1.0756,5.0848,5.3420,nan,5.1178,5.1851,0.2053,-0.1152,2.2266,0.0367,-0.0004,-0.1221,4.5989,-0.0800,4.0762,0.1750
9.150,16.869,-0.3967,6.7334,-47.637,-0.2977,6.5921,-48.877,0.1711,-0.0221,0.1725,-1.239,-2.9951,2.6292,-1.128,2.6189,4.0152,-47.749,5.128,-0.9855,17.374,0.2484,0.0326,0.0384,1.1797,5.1426,5.2434,nan,5.0953,5.0291,0.1992,-0.1083,2.2266,0.0269,-0.0002,-0.1870,4.8989,0.0800,-1.9555,0.1750
9.200,17.153,-0.2098,6.5188,-50.691,-0.1381,6.3778,-52.147,0.1546,-0.0338,0.1582,-1.456,-3.0268,2.6542,-1.299,2.8036,3.7881,-50.848,5.051,-0.9096,17.655,0.2428,0.0282,0.0447,1.5867,4.9737,4.9643,nan,5.1343,5.2563,0.2082,-0.0990,2.2266,0.0099,0.0016,-0.2099,5.0988,0.0568,-0.3585,0.1750
9.250,17.431,-0.0388,6.3004,-53.526,-0.0103,6.2041,-54.758,0.0944,-0.0343,0.1004,-1.232,-3.0398,2.6860,-1.217,2.9542,3.5817,-53.541,5.034,-0.8540,17.934,0.2664,0.0281,0.0496,1.7611,5.0204,5.1067,nan,5.2329,5.3944,0.2136,-0.0936,2.2266,0.0085,0.0077,-0.2442,5.2988,0.0745,-1.7196,0.1750
9.300,17.710,0.1229,6.0722,-56.212,0.1544,5.9313,-58.771,0.1346,-0.0522,0.1444,-2.559,-3.1060,2.7350,-2.442,3.1213,3.3323,-56.329,4.977,-0.7813,18.212,0.2503,0.0230,0.0693,3.0150,4.8628,4.8611,nan,5.4157,5.2518,0.2080,-0.0764,2.2554,-0.0093,-0.0005,-0.2280,5.4988,0.0800,1.4082,0.1750
9.350,17.986,0.2719,5.8404,-58.625,0.2762,5.7028,-60.593,0.1197,-0.0680,0.1377,-1.967,-3.0779,2.6958,-1.982,3.2481,3.1211,-58.611,5.040,-0.7454,18.496,0.2801,0.0162,0.0695,4.2789,5.0767,5.2948,nan,5.6064,5.6322,0.2231,-0.0791,2.3433,-0.0058,0.0378,-0.1336,5.8987,0.0107,2.3062,0.1750
9.400,18.271,0.4161,5.5941,-60.989,0.4292,5.4075,-63.225,0.1696,-0.0791,0.1871,-2.237,-3.0828,2.7018,-2.138,3.4086,2.8347,-61.088,5.132,-0.6444,18.791,0.2461,0.0102,0.0573,5.6039,5.0761,5.1384,nan,5.7631,5.8356,0.2311,-0.0790,2.3433,-0.0023,0.0305,-0.0726,6.0986,0.0297,-0.2346,0.1750
9.450,18.553,0.5492,5.3455,-62.895,0.5530,5.1654,-64.902,0.1620,-0.0787,0.1801,-2.007,-3.0608,2.6895,-1.923,3.5287,2.5958,-62.980,5.135,-0.6270,19.076,0.2620,0.0202,0.0656,3.2406,5.1309,5.2168,nan,5.8444,5.9217,0.2345,-0.0759,2.3433,0.0023,0.0129,-0.0641,6.3985,0.0312,-0.2346,0.1750
9.500,18.846,0.6784,5.0832,-64.942,0.6728,4.8880,-66.815,0.1745,-0.0877,0.1953,-1.873,-3.0608,2.6895,-1.923,3.6578,2.3225,-64.892,5.295,-0.6503,19.384,0.2573,0.0132,0.0331,2.5086,5.1996,5.2942,nan,5.9389,6.1348,0.2430,-0.0806,2.3433,0.0162,0.0138,-0.1175,6.6985,0.0798,3.6038,0.1750
9.550,18.846,0.6784,5.0832,-64.942,0.6696,4.8783,-67.489,0.1819,-0.0948,0.2051,-2.548,-3.0897,2.7239,-2.597,3.6578,2.3225,-64.892,5.295,-0.6503,19.384,0.2573,0.0138,0.0731,5.3135,5.3695,5.5483,nan,6.0465,6.2452,0.2473,-0.0706,2.3433,0.0008,-0.0049,-0.1298,6.8984,0.0800,3.8440,0.1750
9.600,19.142,0.7997,4.8129,-67.031,0.8019,4.5401,-69.552,0.2520,-0.1044,0.2728,-2.520,-3.0701,2.6899,-2.452,3.7893,2.0142,-67.099,5.466,-0.6858,19.698,0.2340,0.0087,0.0563,6.4529,5.3679,5.4367,nan,6.1690,6.0179,0.2383,-0.0685,2.3433,0.0046,0.0065,-0.1635,7.1984,0.0800,4.7444,0.1750
9.650,19.466,0.9210,4.5125,-69.338,0.8967,4.2843,-71.666,0.2049,-0.1032,0.2295,-2.327,-3.0681,2.7150,-2.436,3.8945,1.7365,-69.229,5.684,-0.6560,20.044,0.2567,0.0060,0.0607,10.1728,5.6409,6.2026,nan,6.2995,6.4990,0.2574,-0.0674,2.4136,0.0166,0.0282,-0.1153,7.5983,0.0765,3.6585,0.1750
9.700,19.783,1.0286,4.2140,-71.340,1.0092,3.9079,-73.271,0.2837,-0.1163,0.3067,-1.931,-3.0501,2.6618,-1.918,4.0153,1.3813,-71.354,5.828,-0.6156,20.377,0.2288,0.0055,0.0497,9.0251,5.8771,6.2170,nan,6.5174,6.6664,0.2640,-0.0721,2.4432,0.0315,0.0369,-0.0958,7.8982,0.0546,-0.0446,0.1750
9.750,20.098,1.1252,3.9144,-73.230,1.1039,3.5773,-75.544,0.3166,-0.1176,0.3378,-2.314,-3.0499,2.6926,-2.211,4.1166,1.0443,-73.333,5.848,-0.6162,20.698,0.2212,0.0130,0.0596,4.5925,5.7028,5.6969,nan,6.5576,6.6771,0.2644,-0.0639,2.4715,0.0380,0.0315,-0.0776,8.1981,0.0800,4.2201,0.1750
9.800,20.425,1.2151,3.5999,-75.198,1.1800,3.3159,-76.503,0.2656,-0.1065,0.2861,-1.305,-3.0245,2.6429,-1.334,4.1877,0.7708,-75.168,6.034,-0.6588,21.046,0.2433,0.0073,0.0504,6.9128,5.9513,6.3509,nan,6.7058,6.9011,0.2733,-0.0712,2.4734,0.0680,0.0331,-0.0640,8.4981,0.0701,3.8676,0.1750
9.850,20.768,1.2976,3.2667,-77.366,1.2652,2.9017,-78.391,0.3490,-0.1114,0.3664,-1.024,-3.0194,2.5990,-1.009,4.2786,0.3781,-77.381,6.206,-0.6416,21.410,0.2324,0.0076,0.0506,6.6533,6.1052,6.3126,nan,6.8476,7.0686,0.2799,-0.0686,2.4734,0.0753,0.0316,-0.0740,8.8980,0.0781,2.3470,0.1750
9.900,21.119,1.3694,2.9234,-79.379,1.3260,2.5855,-80.401,0.3241,-0.1049,0.3407,-1.021,-3.0142,2.6198,-1.042,4.3401,0.0447,-79.359,6.316,-0.6773,21.776,0.2420,0.0123,0.0583,4.7494,6.3406,6.7461,nan,6.9863,7.1545,0.2833,-0.0628,2.4774,0.0831,0.0235,-0.0738,9.1979,0.0576,3.1537,0.1750
9.950,21.471,1.4288,2.5769,-81.587,1.3812,2.1761,-82.662,0.3896,-0.1058,0.4037,-1.075,-3.0142,2.6198,-1.042,4.4027,-0.3637,-81.620,6.460,-0.6984,22.147,0.2490,0.0174,0.0657,3.7752,6.5013,6.7461,nan,7.0899,7.2182,0.2859,-0.0546,2.4868,0.0920,0.0131,-0.0679,9.5978,0.0429,3.1537,0.1750
10.000,21.471,1.4288,2.5769,-81.587,1.3820,2.2117,-82.541,0.3545,-0.0998,0.3682,-0.954,-3.0144,2.6461,-0.921,4.4027,-0.3637,-81.620,6.460,-0.6984,22.147,0.2490,0.0174,0.0648,3.7244,6.4013,6.4401,nan,7.1930,7.3658,0.2917,-0.0443,2.4912,0.0880,-0.0039,-0.0652,9.7978,0.0800,3.3112,0.1750
10.050,21.830,1.4759,2.2203,-83.770,1.4284,1.9178,-83.251,0.2955,-0.0801,0.3062,0.520,-3.0153,2.5727,0.520,4.4375,-0.6952,-83.771,6.609,-0.6331,22.527,0.2551,0.0268,0.0526,1.9626,6.6153,6.9748,nan,7.2952,7.4894,0.2966,-0.0544,2.5055,0.1205,0.0144,-0.0563,10.1977,0.0639,3.2882,0.1750
10.100,22.212,1.5121,1.8407,-85.645,1.4693,1.5236,-84.635,0.3130,-0.0668,0.3200,1.010,-3.0191,2.5369,1.089,4.4683,-1.0984,-85.724,6.761,-0.5080,22.929,0.2656,0.0255,0.0502,1.9672,6.8704,7.4966,nan,7.4619,7.5850,0.3004,-0.0614,2.5192,0.1419,0.0282,-0.0479,10.5976,0.0391,3.2180,0.1750
10.150,22.588,1.5367,1.4654,-87.119,1.4928,1.0991,-87.939,0.3636,-0.0622,0.3689,-0.819,-2.9799,2.6982,-0.651,4.4906,-1.5482,-87.287,6.904,-0.5389,23.326,0.2961,0.0205,0.0683,3.3322,6.9020,7.0321,nan,7.5592,7.7307,0.3062,-0.0313,2.5288,0.1162,-0.0145,-0.0420,10.8975,0.0542,2.8421,0.1750
10.200,22.971,1.5510,1.0821,-88.953,1.4946,0.7832,-90.587,0.2979,-0.0619,0.3042,-1.634,-2.9436,2.8345,-1.734,4.4983,-1.9160,-88.852,7.032,-0.6319,23.729,0.2948,0.0300,0.0800,2.6631,6.9986,7.1921,nan,7.6858,7.8813,0.3121,-0.0017,2.5364,0.0825,-0.0594,-0.0375,11.1975,0.0610,2.2710,0.1750
10.250,23.368,1.5524,0.6852,-91.063,1.4845,0.4458,-92.866,0.2406,-0.0634,0.2489,-1.803,-2.9279,2.9174,-1.903,4.4920,-2.3238,-90.963,7.140,-0.4887,24.144,0.3065,0.0082,0.0814,9.8880,7.1727,7.4942,nan,7.7477,7.8580,0.3112,0.0102,2.5462,0.0594,-0.0701,-0.0315,11.4974,0.0336,2.7711,0.1750
10.300,23.779,1.5412,0.2745,-92.174,1.4480,0.0295,-94.372,0.2484,-0.0839,0.2621,-2.197,-2.9356,2.9166,-1.776,4.4709,-2.7498,-92.595,7.269,-0.1325,24.576,0.3224,0.0112,0.0947,8.4475,7.3977,7.8954,nan,7.8685,7.9051,0.3131,0.0049,2.5542,0.0392,-0.0444,-0.0268,11.8973,0.0108,2.8643,0.1750
10.350,24.168,1.5258,-0.1140,-92.263,1.4285,-0.4119,-93.384,0.3015,-0.0855,0.3134,-1.121,-2.9763,2.8624,-0.784,4.4492,-3.2137,-92.600,7.389,0.0501,24.984,0.3696,0.0135,0.0825,6.1250,7.2519,7.2773,nan,7.9850,8.2225,0.3256,-0.0135,2.5632,0.0563,-0.0068,-0.0214,12.1972,0.0717,1.6091,0.1750
10.400,24.584,1.5100,-0.5297,-91.926,1.4201,-0.7589,-92.726,0.2321,-0.0821,0.2462,-0.800,-2.9771,2.8678,-0.621,4.4363,-3.5788,-92.105,7.462,0.0877,25.414,0.3380,0.0112,0.0758,6.7961,7.4466,7.8370,nan,8.0000,8.1084,0.3211,-0.0190,2.5744,0.0605,0.0108,-0.0149,12.6971,0.0319,1.3893,0.1750
10.451,24.996,1.4965,-0.9418,-91.725,1.4011,-1.2532,-92.248,0.3141,-0.0859,0.3257,-0.524,-2.9771,2.8678,-0.621,4.4227,-4.0733,-91.628,7.528,-0.0218,25.841,0.3882,0.0126,0.0789,6.2603,7.5731,7.8370,nan,8.0000,8.0176,0.3175,-0.0257,2.5775,0.0769,0.0215,-0.0114,12.9971,0.0051,1.3893,0.1750
10.500,24.996,1.4965,-0.9418,-91.725,1.4089,-1.1967,-92.049,0.2574,-0.0799,0.2695,-0.324,-2.9837,2.9090,-0.421,4.4227,-4.0733,-91.628,7.528,-0.0218,25.841,0.3882,0.0126,0.0717,5.6924,7.2993,7.2197,nan,8.0000,7.9969,0.3167,-0.0233,2.5753,0.0857,0.0184,-0.0080,13.2970,0.0800,3.1840,0.1750
10.550,25.422,1.4823,-1.3677,-92.218,1.4198,-1.4901,-91.829,0.1247,-0.0577,0.1374,0.390,-2.9886,2.9486,-0.035,4.4112,-4.4360,-91.794,7.673,-0.2246,26.291,0.3464,0.0265,0.0630,2.3796,7.5393,8.1609,nan,8.0000,8.1424,0.3225,-0.0149,2.5752,0.1052,-0.0024,-0.0043,13.6969,0.0800,0.5919,0.1750
10.600,25.860,1.4626,-1.8054,-93.201,1.4005,-1.9175,-93.386,0.1154,-0.0558,0.1282,-0.185,-2.9469,3.0437,-0.474,4.3883,-4.9251,-92.912,7.697,-0.2922,26.740,0.3806,0.0277,0.0727,2.6211,7.7639,8.3195,nan,8.0000,8.1795,0.3239,0.0049,2.5752,0.0844,-0.0326,0.0016,13.9968,0.0535,0.1620,0.1750
10.650,26.284,1.4365,-2.2281,-94.057,1.3768,-2.3054,-94.592,0.0814,-0.0541,0.0977,-0.534,-2.9349,3.1382,-0.427,4.3521,-5.4113,-94.165,7.707,-0.2236,27.172,0.4320,0.0248,0.0770,3.1031,7.5625,7.5494,nan,8.0000,8.1675,0.3235,0.0086,2.5629,0.0817,-0.0389,0.0039,14.2968,0.0800,1.0581,0.1750
10.700,26.709,1.4047,-2.6523,-94.630,1.3563,-2.6049,-95.515,-0.0433,-0.0521,0.0678,-0.885,-2.8871,3.2232,-0.767,4.3210,-5.7707,-94.748,7.754,-0.0900,27.610,0.3869,0.0197,0.0809,4.1077,7.7449,8.1369,nan,8.0000,8.1939,0.3245,0.0127,2.5389,0.0719,-0.0428,0.0032,14.5967,0.0580,1.0163,0.1750
10.750,27.161,1.3685,-3.1022,-94.473,1.3255,-3.0134,-95.578,-0.0852,-0.0498,0.0987,-1.104,-2.8814,3.2832,-0.665,4.2797,-6.2473,-94.913,7.802,0.0933,28.075,0.4084,0.0172,0.0820,4.7726,7.9545,8.4585,nan,8.0000,8.0346,0.3182,0.0010,2.4784,0.0778,-0.0252,0.0096,15.0966,0.0101,0.4641,0.1750
10.800,27.575,1.3370,-3.5151,-94.134,1.2837,-3.4687,-95.033,-0.0425,-0.0565,0.0707,-0.899,-2.8577,3.3448,-0.867,4.2440,-6.7500,-94.166,7.823,0.1369,28.499,0.4763,0.0158,0.0784,4.9650,7.6114,7.4299,nan,7.8379,8.0100,0.3172,-0.0008,2.4631,0.0697,-0.0226,0.0112,15.2965,0.0524,0.6674,0.1750
10.850,28.014,1.3066,-3.9531,-93.628,1.2807,-3.7548,-94.488,-0.1962,-0.0384,0.2000,-0.860,-2.8441,3.3971,-0.783,4.2222,-7.0948,-93.705,7.852,0.1203,28.949,0.4028,0.0166,0.0658,3.9568,7.7992,8.2104,nan,7.4681,7.2164,0.2858,-0.0118,2.4037,0.0844,-0.0190,0.0143,15.6965,-0.0747,-0.4162,0.1750
10.900,28.452,1.2791,-4.3908,-93.561,1.2626,-4.2221,-94.446,-0.1673,-0.0269,0.1695,-0.885,-2.7704,3.4636,-1.206,4.1939,-7.5991,-93.240,7.811,0.0002,29.391,0.4510,0.0170,0.0534,3.1369,7.7695,7.8770,nan,7.0848,6.9453,0.2751,-0.0128,2.3595,0.0702,-0.0320,0.0141,16.0963,-0.0445,-0.7618,0.1750
10.950,28.881,1.2524,-4.8186,-93.596,1.2258,-4.6516,-94.767,-0.1650,-0.0370,0.1691,-1.171,-2.7704,3.4636,-1.206,4.1661,-8.0292,-93.561,7.763,-0.0683,29.821,0.4535,0.0157,0.0760,4.8440,7.7570,7.8770,nan,6.7945,6.8611,0.2717,-0.0178,2.3208,0.0671,-0.0433,0.0105,16.3963,0.0230,-0.7618,0.1750
11.000,28.881,1.2524,-4.8186,-93.596,1.2372,-4.6353,-95.174,-0.1820,-0.0267,0.1839,-1.578,-2.7012,3.5081,-1.613,4.1661,-8.0292,-93.561,7.763,-0.0683,29.821,0.4535,0.0157,0.0756,4.8223,7.5515,7.5380,nan,6.4177,6.3540,0.2516,-0.0208,2.2806,0.0510,-0.0584,-0.0143,16.7962,-0.0227,-6.1370,0.1750
11.050,29.307,1.2245,-5.2436,-94.038,1.2374,-4.9494,-94.028,-0.2944,-0.0079,0.2945,0.010,-2.8711,3.4702,-0.226,4.1417,-8.4033,-93.802,7.465,-0.1803,30.220,0.4140,0.0166,0.0372,2.2359,7.5000,7.5851,nan,6.1370,5.9340,0.2350,-0.0444,2.2800,0.0729,-0.0464,-0.0311,17.0961,-0.0800,-6.9571,0.1750
11.100,29.665,1.1981,-5.6011,-94.619,1.2081,-5.3390,-94.774,-0.2620,-0.0111,0.2623,-0.156,-2.8717,3.4790,-0.191,4.1091,-8.8044,-94.584,7.174,-0.2180,30.552,0.4498,0.0170,0.0389,2.2913,7.0485,6.3162,nan,6.0467,6.0833,0.2409,-0.0488,2.2403,0.0630,-0.0519,-0.0454,17.2961,0.0141,-8.6385,0.1750
11.150,30.089,1.1618,-6.0230,-95.410,1.1803,-5.6647,-94.612,-0.3584,-0.0153,0.3587,0.798,-3.0176,3.3828,0.729,4.0824,-9.1002,-95.341,6.740,-0.3028,30.936,0.3583,0.0180,0.0335,1.8612,6.7506,6.6444,nan,5.7911,5.8598,0.2321,-0.0712,2.1767,0.0531,-0.0382,-0.0708,17.5960,0.0279,-8.1222,0.1750
11.200,30.461,1.1234,-6.3926,-96.849,1.1409,-6.1032,-95.192,-0.2894,-0.0171,0.2899,1.657,-3.0976,3.3061,1.211,4.0388,-9.4968,-96.402,6.335,-0.4770,31.273,0.3786,0.0233,0.0193,0.8290,6.3219,5.9027,nan,5.5440,5.7041,0.2259,-0.0750,2.1260,0.0348,-0.0481,-0.0829,17.8960,0.0800,-4.1753,0.1750
11.250,30.810,1.0781,-6.7391,-98.404,1.0980,-6.3881,-96.997,-0.3501,-0.0316,0.3515,1.406,-3.1454,3.3080,1.485,3.9907,-9.8028,-98.482,6.145,-0.5928,31.609,0.3574,0.0128,0.0378,2.9570,5.9216,5.6250,nan,5.4662,5.3332,0.2112,-0.0769,2.0998,0.0157,-0.0549,-0.0968,18.0959,0.0800,-4.7836,0.1750
11.300,31.178,1.0185,-7.1022,-100.737,1.0531,-6.6981,-99.130,-0.4035,-0.0413,0.4056,1.607,-3.1010,3.3210,1.245,3.9355,-10.1070,-100.375,5.930,-0.6797,31.962,0.3251,0.0169,0.0412,2.4418,5.9725,6.0855,nan,5.1574,5.1869,0.2054,-0.0816,2.0440,-0.0098,-0.0534,-0.1395,18.4958,0.0134,-4.0331,0.1750
11.350,31.499,0.9541,-7.4169,-102.889,0.9898,-7.0776,-101.133,-0.3387,-0.0409,0.3412,1.755,-3.1822,3.2596,1.751,3.8543,-10.4598,-102.884,5.748,-0.6798,32.270,0.3573,0.0181,0.0333,1.8379,5.6892,5.6069,nan,5.0047,5.0645,0.2006,-0.0941,2.0098,-0.0255,-0.0425,-0.1648,18.7957,0.0281,-6.1744,0.1750
11.400,31.813,0.8794,-7.7219,-105.056,0.9227,-7.3849,-103.148,-0.3367,-0.0457,0.3398,1.908,-3.2020,3.2142,1.846,3.7811,-10.7265,-104.995,5.483,-0.6897,32.565,0.3390,0.0057,0.0412,7.1776,5.5803,5.6069,nan,4.8372,4.8295,0.1913,-0.1223,2.0098,-0.0238,-0.0333,-0.1795,18.9957,-0.0037,-6.1744,0.1750
11.450,31.813,0.8794,-7.7219,-105.056,0.9227,-7.3849,-103.148,-0.3367,-0.0457,0.3398,1.908,-3.2020,3.2142,1.846,3.7811,-10.7265,-104.995,5.483,-0.6897,32.565,0.3390,0.0057,0.0412,7.1776,5.4473,5.4636,nan,4.5882,4.4561,0.1765,-0.1457,2.0098,-0.0271,-0.0110,-0.2017,19.2956,-0.0642,-5.0613,0.1750
11.500,32.109,0.7984,-8.0061,-107.232,0.8439,-7.7264,-104.716,-0.2806,-0.0394,0.2834,2.516,-3.3351,3.1092,2.552,3.6923,-11.0110,-107.269,5.274,-0.7409,32.846,0.3462,0.0077,0.0281,3.6606,5.1336,5.0307,nan,4.4419,4.4650,0.1768,-0.1640,1.8014,-0.0112,0.0239,-0.2054,19.5956,0.0121,-3.9722,0.1750
11.550,32.363,0.7194,-8.2482,-109.372,0.7754,-7.9907,-107.154,-0.2615,-0.0326,0.2635,2.218,-3.2802,3.0899,2.277,3.6122,-11.2330,-109.430,5.114,-0.7977,33.091,0.3399,0.0068,0.0217,3.2104,4.8234,4.7301,nan,4.2451,4.3446,0.1721,-0.1856,1.7444,0.0003,0.0152,-0.2192,19.7955,0.0560,-8.0418,0.1750
11.600,32.633,0.6243,-8.5010,-112.633,0.6815,-8.2638,-109.978,-0.2409,-0.0385,0.2440,2.655,-3.2191,3.0721,1.905,3.5216,-11.4594,-111.883,4.735,-1.1393,33.334,0.3276,0.0105,0.0180,1.7221,4.5371,4.4543,nan,4.1215,4.2448,0.1681,-0.2011,1.6742,-0.0148,-0.0063,-0.2749,20.0954,0.0714,-5.2948,0.1750
11.650,32.892,0.5182,-8.7370,-116.438,0.5873,-8.4880,-114.299,-0.2537,-0.0490,0.2584,2.139,-3.2094,3.0554,1.861,3.4197,-11.6606,-116.161,4.523,-1.2246,33.582,0.3157,0.0178,0.0175,0.9830,4.5159,4.5768,nan,4.0005,3.9980,0.1583,-0.2115,1.4692,-0.0183,-0.0197,-0.3050,20.2954,-0.0014,-4.4407,0.1750
11.700,33.136,0.4033,-8.9519,-120.495,0.4613,-8.7539,-118.125,-0.2001,-0.0505,0.2063,2.370,-3.2920,2.9964,2.262,3.2865,-11.8892,-120.387,4.352,-1.3233,33.818,0.3363,0.0274,0.0127,0.4628,4.2697,4.2061,nan,3.8804,3.9367,0.1559,-0.2234,1.3569,-0.0136,-0.0151,-0.3328,20.4954,0.0326,-3.7777,0.1750
11.750,33.375,0.2752,-9.1543,-124.803,0.3286,-8.9587,-122.973,-0.1911,-0.0677,0.2027,1.830,-3.1960,3.0030,1.721,3.1639,-12.0622,-124.693,4.206,-1.3597,34.051,0.3262,0.0035,0.0188,5.3397,4.1912,4.2182,nan,3.7745,3.7847,0.1499,-0.2077,0.8549,-0.0249,0.0090,-0.3675,20.7953,0.0059,-5.1657,0.1750
11.800,33.617,0.1304,-9.3478,-129.408,0.1849,-9.1597,-127.552,-0.1799,-0.0774,0.1959,1.856,-3.1756,2.9966,1.629,3.0135,-12.2469,-129.182,4.005,-1.3874,34.284,0.3308,0.0131,0.0209,1.5916,4.1262,4.1571,nan,3.5880,3.4938,0.1384,-0.2318,0.8549,-0.0193,0.0091,-0.3926,20.9953,-0.0545,-3.1238,0.1750
11.850,33.822,-0.0048,-9.5023,-133.486,0.0428,-9.3348,-131.642,-0.1543,-0.0807,0.1741,1.844,-3.2566,2.9666,1.996,2.8690,-12.4089,-133.638,3.897,-1.2800,34.486,0.3408,0.0163,0.0184,1.1302,3.8580,3.7869,nan,3.5024,3.5242,0.1396,-0.2625,0.8549,-0.0206,-0.0030,-0.4060,21.0952,0.0126,-3.3424,0.1750
11.900,34.037,-0.1570,-9.6531,-137.483,-0.0958,-9.4844,-135.065,-0.1591,-0.0830,0.1795,2.419,-3.3708,2.9211,2.521,2.7261,-12.5375,-137.586,3.752,-1.2842,34.694,0.3298,0.0252,0.0145,0.5750,3.7224,3.7263,nan,3.2924,3.2241,0.1277,-0.3099,0.8549,-0.0086,0.0282,-0.4381,21.2952,-0.0395,-5.8044,0.1750
11.950,34.236,-0.3085,-9.7832,-141.628,-0.2447,-9.6160,-138.320,-0.1538,-0.0914,0.1789,3.307,-3.5438,2.8797,3.355,2.5623,-12.6674,-141.675,3.540,-1.3412,34.884,0.3421,0.0329,0.0171,0.5189,3.6743,3.7263,nan,3.0727,2.9472,0.1167,-0.3179,0.8549,0.0023,0.0448,-0.4361,21.4951,-0.0727,-5.8044,0.1750
12.000,34.432,-0.4663,-9.8993,-146.208,-0.3748,-9.7129,-142.481,-0.1797,-0.1040,0.2076,3.727,-3.5438,2.8797,3.355,2.4267,-12.7565,-145.836,3.450,-1.4574,35.078,0.3199,0.1296,0.0829,0.6396,3.4149,3.3487,nan,3.0727,3.1714,0.1256,-0.3669,0.8549,0.0019,0.0760,-0.4315,21.6951,0.0800,-2.4789,0.1750
12.050,34.432,-0.4663,-9.8993,-146.208,-0.3940,-9.7374,-142.234,-0.1501,-0.0943,0.1773,3.974,-3.6173,2.8414,3.602,2.4267,-12.7565,-145.836,3.450,-1.4574,35.078,0.3199,0.0076,0.0194,2.5418,3.4453,3.5460,nan,2.9671,3.1032,0.1229,-0.3606,0.8549,0.0185,0.0868,-0.4332,21.8950,0.0788,-5.4804,0.1750
12.100,34.616,-0.6225,-9.9952,-151.208,-0.5855,-9.8731,-147.720,-0.0913,-0.0892,0.1276,3.487,-3.5269,2.8443,3.116,2.2457,-12.8584,-150.837,3.245,-1.6315,35.254,0.3444,0.0125,0.0147,1.1784,3.2345,3.1830,nan,2.9975,2.9438,0.1166,-0.4077,0.8549,0.0213,0.0270,-0.4807,21.9950,0.0800,-3.7517,0.1750
12.150,34.793,-0.7818,-10.0737,-156.940,-0.7401,-9.9601,-153.307,-0.0828,-0.0882,0.1210,3.633,-3.5633,2.8214,3.243,2.0957,-12.9207,-156.549,3.116,-1.7652,35.430,0.3359,0.0185,0.0235,1.2713,3.0899,3.0750,nan,3.0806,3.1663,0.1254,-0.4396,0.8549,0.0247,0.0416,-0.6617,22.1950,0.0800,-2.7451,0.1750
12.200,34.965,-0.9427,-10.1337,-162.535,-0.9025,-10.0358,-159.164,-0.0677,-0.0813,0.1058,3.372,-3.5735,2.8008,3.237,1.9419,-12.9670,-162.401,3.023,-1.7529,35.600,0.3300,0.0279,0.0277,0.9921,3.0791,3.1672,nan,3.2154,3.3191,0.1314,-0.4485,0.8549,0.0401,0.0208,-0.7321,22.2950,0.0600,-3.9990,0.1750
12.250,35.127,-1.0995,-10.1750,-168.409,-1.0896,-10.0970,-164.985,-0.0254,-0.0744,0.0787,3.424,-3.5486,2.7947,3.064,1.7665,-13.0047,-168.049,2.908,-1.9266,35.762,0.3489,0.0132,0.0326,2.4697,2.9524,2.9451,nan,3.3227,3.3778,0.1338,-0.4231,0.9971,0.0459,0.0343,-0.5885,22.4949,0.0318,0.2748,0.1750
12.300,35.288,-1.2587,-10.1993,-174.775,-1.2483,-10.1236,-171.834,-0.0172,-0.0745,0.0764,2.942,-3.4863,2.8010,2.758,1.6134,-13.0173,-174.592,2.954,-2.0707,35.931,0.3444,0.0168,0.0286,1.7027,2.9437,3.0353,nan,3.3811,3.4301,0.1358,-0.3558,1.1642,0.0441,0.0328,-0.5831,22.6949,0.0284,1.2415,0.1750
12.350,35.456,-1.4266,-10.2054,178.451,-1.4234,-10.1316,180.916,-0.0012,-0.0738,0.0738,2.466,-3.3817,2.8144,2.293,1.4387,-13.0141,178.623,3.043,-2.0555,36.112,0.3526,0.0248,0.0287,1.1568,3.0641,3.2540,nan,3.4692,3.5412,0.1402,-0.3235,1.2219,0.0382,-0.0237,-0.5660,22.7948,0.0417,1.7777,0.1750
12.400,35.626,-1.5959,-10.1920,172.018,-1.5981,-10.1228,173.930,0.0117,-0.0682,0.0692,1.913,-3.3283,2.8091,2.153,1.2432,-12.9878,171.777,3.136,-1.8358,36.293,0.3807,0.0325,0.0253,0.7789,3.0952,3.2002,nan,3.4692,3.5201,0.1394,-0.2572,1.2472,0.0341,-0.0524,-0.5447,22.8948,0.0294,2.7651,0.1750
12.450,35.804,-1.7714,-10.1590,166.343,-1.7494,-10.0988,168.463,-0.0071,-0.0637,0.0641,2.121,-3.3081,2.8080,2.136,1.0766,-12.9560,166.327,3.234,-1.6699,36.481,0.3718,0.0388,0.0199,0.5129,3.2849,3.4767,nan,3.6071,3.6507,0.1446,-0.2976,1.3428,0.0359,0.0229,-0.5157,23.1947,0.0252,2.4720,0.1750
12.500,35.989,-1.9482,-10.1078,161.070,-1.9542,-10.0387,163.025,0.0281,-0.0634,0.0694,1.955,-3.3081,2.8080,2.136,0.8741,-12.8883,160.889,3.333,-1.4009,36.673,0.4003,0.1049,0.0802,0.7646,3.3546,3.4767,nan,3.6548,3.7048,0.1467,-0.2857,1.3827,0.0326,-0.0021,-0.4990,23.2947,0.0289,2.4720,0.1750
12.550,36.150,-2.0989,-10.0509,157.366,-2.1086,-9.9721,158.529,0.0393,-0.0690,0.0794,1.162,-3.1581,2.8270,1.452,0.7249,-12.8216,157.077,3.375,-1.3701,36.838,0.4011,0.0674,0.0495,0.7345,3.3298,3.3839,nan,3.7451,3.8293,0.1517,-0.2839,1.4024,0.0228,0.0230,-0.4553,23.4947,0.0488,1.5579,0.1750
12.600,36.150,-2.0989,-10.0509,157.366,-2.1226,-9.9623,158.212,0.0560,-0.0726,0.0917,0.846,-3.1013,2.8424,1.135,0.7249,-12.8216,157.077,3.375,-1.3701,36.838,0.4011,0.0214,0.0163,0.7596,3.2822,3.3228,nan,3.7734,3.9028,0.1546,-0.2825,1.3824,0.0189,0.0447,-0.4337,23.6946,0.0800,2.0330,0.1750
12.650,36.342,-2.2734,-9.9700,152.495,-2.2881,-9.8805,153.464,0.0543,-0.0726,0.0907,0.970,-2.9225,2.8602,0.296,0.5686,-12.7439,153.168,3.491,-1.5485,37.041,0.3828,0.0246,0.0141,0.5707,3.5316,3.7985,nan,3.8163,3.8330,0.1518,-0.2523,1.4874,0.0094,0.0156,-0.4266,23.8946,0.0097,2.4762,0.1750
12.700,36.537,-2.4430,-9.8731,147.543,-2.4878,-9.7475,146.814,0.1052,-0.0819,0.1333,-0.730,-2.7011,2.8736,-0.688,0.3649,-12.6176,147.502,3.603,-1.5888,37.247,0.4235,0.0299,0.0111,0.3722,3.5666,3.6622,nan,3.9381,3.8866,0.1539,-0.2218,1.5022,-0.0049,0.0133,-0.4565,24.0945,0.0800,1.8526,0.1750
12.750,36.742,-2.6109,-9.7564,142.417,-2.6453,-9.6269,141.744,0.1062,-0.0817,0.1340,-0.673,-2.6833,2.8806,-0.771,0.2062,-12.5059,142.514,3.690,-1.4729,37.460,0.4133,0.0342,0.0139,0.4049,3.7196,3.8708,nan,4.0412,4.1375,0.1639,-0.2168,1.6070,-0.0046,0.0215,-0.4076,24.2945,0.0557,0.3555,0.1750
12.800,36.949,-2.7702,-9.6241,137.787,-2.8210,-9.4695,136.695,0.1415,-0.0804,0.1627,-1.092,-2.6337,2.8901,-1.016,0.0319,-12.3610,137.711,3.712,-1.3072,37.671,0.4314,0.0198,0.0055,0.2791,3.7210,3.7856,nan,4.1308,4.1281,0.1635,-0.2132,1.6586,-0.0116,0.0346,-0.3411,24.4944,-0.0015,0.8982,0.1750
12.850,37.150,-2.9150,-9.4840,133.802,-2.9693,-9.3149,132.832,0.1596,-0.0778,0.1776,-0.971,-2.7136,2.8893,-0.667,-0.1136,-12.2064,133.499,3.759,-1.2790,37.878,0.4368,0.0207,0.0095,0.4560,3.6080,3.6136,nan,4.2261,4.3367,0.1717,-0.2164,1.6082,-0.0059,0.0238,-0.3431,24.5944,0.0800,3.2511,0.1750
12.900,37.369,-3.0610,-9.3212,129.577,-3.0953,-9.1617,129.018,0.1447,-0.0752,0.1631,-0.559,-2.6882,2.8973,-0.834,-0.2315,-12.0636,129.852,3.893,-1.2906,38.107,0.4036,0.0237,0.0106,0.4466,3.8864,4.2656,nan,4.3217,4.4092,0.1746,-0.2175,1.7471,0.0050,0.0477,-0.3335,24.8944,0.0482,1.0985,0.1750
12.950,37.581,-3.1907,-9.1539,125.552,-3.2516,-8.9394,124.364,0.2099,-0.0751,0.2230,-1.188,-2.6280,2.8953,-1.123,-0.3916,-11.8447,125.486,3.953,-1.3263,38.325,0.4505,0.0230,0.0209,0.9080,3.8862,3.9525,nan,4.4149,4.5518,0.1803,-0.2035,1.7689,0.0034,0.0474,-0.3109,25.0943,0.0749,2.8874,0.1750
13.000,37.806,-3.3154,-8.9662,121.221,-3.3494,-8.7801,120.888,0.1768,-0.0674,0.1892,-0.333,-2.7823,2.8832,-0.336,-0.4986,-11.6664,121.225,4.083,-1.3747,38.562,0.4305,0.0226,0.0203,0.9016,4.0285,4.1696,nan,4.5424,4.6612,0.1846,-0.1919,1.8519,0.0066,0.0312,-0.2932,25.2943,0.0627,2.0926,0.1750
13.050,37.806,-3.3154,-8.9662,121.221,-3.3494,-8.7801,120.888,0.1768,-0.0674,0.1892,-0.333,-2.7823,2.8832,-0.336,-0.4986,-11.6664,121.225,4.083,-1.3747,38.804,0.4305,0.0226,0.0203,0.9016,4.0780,4.1696,nan,4.6142,4.7509,0.1882,-0.1913,1.8878,0.0230,0.0403,-0.2808,25.4942,0.0714,2.0926,0.1750
13.100,38.038,-3.4285,-8.7641,116.769,-3.4603,-8.5832,117.275,0.1758,-0.0531,0.1837,0.506,-2.9482,2.8674,0.498,-0.6117,-11.4458,116.777,4.187,-1.3395,38.804,0.4381,0.0184,0.0191,1.0420,4.1804,4.2976,nan,4.6799,4.8005,0.1901,-0.1961,1.9442,0.0483,0.0384,-0.2725,25.6942,0.0618,2.5217,0.1750
13.150,38.271,-3.5268,-8.5523,112.544,-3.5656,-8.3675,113.468,0.1856,-0.0350,0.1889,0.924,-3.0445,2.8647,0.989,-0.7150,-11.2215,112.479,4.301,-1.3009,39.049,0.4480,0.0161,0.0279,1.7271,4.2792,4.3963,nan,4.7446,4.8795,0.1932,-0.1919,1.9940,0.0582,0.0663,-0.2691,25.9941,0.0684,3.4356,0.1750
13.200,38.516,-3.6135,-8.3228,108.365,-3.6466,-8.1408,109.456,0.1831,-0.0259,0.1850,1.091,-3.0912,2.8470,1.267,-0.7982,-10.9728,108.189,4.444,-1.3381,39.308,0.4539,0.0144,0.0299,2.0830,4.3337,4.4309,nan,4.8081,4.9657,0.1967,-0.1809,2.0267,0.0610,0.0585,-0.2628,26.1941,0.0793,1.9175,0.1750
13.250,38.800,-3.6924,-8.0506,103.435,-3.7080,-7.9099,104.995,0.1405,-0.0175,0.1416,1.560,-3.0420,2.8273,1.042,-0.8612,-10.7233,103.953,4.548,-1.3617,39.604,0.4292,0.0166,0.0370,2.2269,4.5894,5.1418,nan,4.9379,5.0000,0.1980,-0.1584,2.1564,0.0586,0.0280,-0.2545,26.3940,0.0296,1.6674,0.1750
13.300,39.048,-3.7422,-7.8079,99.204,-3.7629,-7.6126,100.243,0.1961,-0.0108,0.1964,1.039,-3.0503,2.8058,1.110,-0.9143,-10.4026,99.133,4.626,-1.3288,39.861,0.4728,0.0129,0.0392,3.0470,4.5983,4.6745,nan,5.0152,5.1301,0.2032,-0.1401,2.1694,0.0513,0.0220,-0.2475,26.5940,0.0547,2.0109,0.1750
13.350,39.309,-3.7758,-7.5484,95.012,-3.7873,-7.3588,95.380,0.1899,-0.0051,0.1900,0.368,-2.9571,2.8085,0.579,-0.9329,-10.1584,94.801,4.716,-1.2038,40.133,0.4517,0.0095,0.0319,3.3687,4.6667,4.7693,nan,5.1581,5.3228,0.2108,-0.1225,2.2193,0.0488,0.0257,-0.2336,26.8939,0.0772,1.4955,0.1750
13.400,39.575,-3.7914,-7.2828,91.289,-3.7976,-7.1062,92.015,0.1767,0.0022,0.1767,0.726,-2.9913,2.7984,0.763,-0.9382,-9.8929,91.252,4.783,-1.0781,40.408,0.4432,0.0078,0.0381,4.9010,4.8308,4.9930,nan,5.2778,5.3837,0.2132,-0.1183,2.2678,0.0519,0.0240,-0.2186,27.0939,0.0477,2.1678,0.1750
13.450,39.841,-3.7905,-7.0171,87.990,-3.7827,-6.8455,88.301,0.1718,-0.0018,0.1718,0.312,-2.9251,2.7665,0.419,-0.9279,-9.6055,87.882,4.880,-0.9722,40.684,0.4489,0.0068,0.0377,5.5716,4.9172,5.0250,nan,5.3980,5.4541,0.2160,-0.1099,2.3189,0.0545,0.0395,-0.1810,27.3938,0.0244,3.2810,0.1750
13.500,40.119,-3.7743,-6.7400,84.951,-3.7827,-6.8455,88.301,-0.1058,-0.0009,0.1058,3.350,-2.9251,2.7665,0.419,-0.9279,-9.6055,87.882,4.880,-0.9722,40.975,0.3662,0.0617,0.0377,0.6103,4.9449,5.0250,nan,5.5541,5.6461,0.2236,-0.0953,2.3764,0.0470,0.0173,-0.1405,27.5938,0.0392,3.2810,0.1750
13.550,40.119,-3.7743,-6.7400,84.951,-3.7571,-6.5744,85.857,0.1665,-0.0026,0.1665,0.906,-3.0235,2.7595,1.036,-0.9023,-9.3191,84.821,5.018,-0.9242,40.975,0.4475,0.0071,0.0333,4.7242,5.0154,5.1150,nan,5.6448,5.6842,0.2251,-0.0943,2.3872,0.0471,0.0153,-0.1021,27.7937,0.0163,2.1655,0.1750
13.600,40.397,-3.7437,-6.4629,82.060,-3.7175,-6.2991,83.191,0.1658,-0.0034,0.1659,1.131,-3.0293,2.7556,1.109,-0.8633,-9.0396,82.082,5.120,-0.8102,41.265,0.4428,0.0033,0.0367,11.0346,5.1898,5.3668,nan,5.8124,5.9134,0.2342,-0.0929,2.3872,0.0507,0.0254,-0.1283,28.1936,0.0412,4.0686,0.1750
13.650,40.689,-3.6978,-6.1745,79.591,-3.6785,-6.0123,80.549,0.1630,0.0103,0.1633,0.958,-3.0312,2.7315,1.090,-0.8134,-8.7299,79.459,5.290,-0.7708,41.574,0.4543,0.0029,0.0424,14.7449,5.3440,5.5110,nan,5.8933,5.9728,0.2365,-0.0897,2.3872,0.0512,0.0210,-0.1331,28.3936,0.0318,2.3550,0.1750
13.700,40.989,-3.6382,-5.8811,77.106,-3.6015,-5.6983,77.873,0.1864,0.0050,0.1864,0.768,-2.9777,2.7263,0.806,-0.7423,-8.4150,77.067,5.400,-0.7828,41.885,0.4614,0.0034,0.0419,12.4492,5.3767,5.4640,nan,6.0126,6.1775,0.2447,-0.0748,2.3923,0.0350,0.0165,-0.1296,28.6935,0.0659,3.3897,0.1750
13.750,41.290,-3.5655,-5.5886,74.622,-3.5358,-5.4406,75.894,0.1506,0.0106,0.1509,1.272,-3.0367,2.7091,1.172,-0.6657,-8.1378,74.722,5.546,-0.7805,42.203,0.4477,0.0052,0.0307,5.9472,5.6242,5.9799,nan,6.1211,6.1838,0.2449,-0.0688,2.3973,0.0376,0.0199,-0.1221,28.9934,0.0240,2.5873,0.1750
13.800,41.565,-3.4885,-5.3251,72.431,-3.4406,-5.1407,73.315,0.1902,0.0100,0.1905,0.884,-2.9936,2.6990,0.891,-0.5689,-7.8318,72.424,5.647,-0.7852,42.489,0.4663,0.0068,0.0250,3.6785,5.7104,5.8384,nan,6.2230,6.2983,0.2494,-0.0518,2.3973,0.0265,0.0112,-0.1153,29.2934,0.0285,1.4875,0.1750
13.850,41.891,-3.3847,-5.0155,70.229,-3.3215,-4.8133,70.764,0.2116,0.0089,0.2118,0.535,-2.9838,2.7168,0.913,-0.4576,-7.5238,69.851,5.799,-0.6283,42.832,0.4604,0.0010,0.0179,18.3897,5.8397,6.0041,nan,6.4213,6.5789,0.2606,-0.0490,2.3973,0.0256,0.0269,-0.1206,29.5933,0.0588,1.9994,0.1750
13.900,42.207,-3.2737,-4.7200,68.320,-3.2109,-4.5054,69.324,0.2226,0.0209,0.2236,1.004,-3.0066,2.7139,1.037,-0.3348,-7.2144,68.287,5.887,-0.5170,43.160,0.4644,0.0008,0.0220,26.4580,5.9342,6.0703,nan,6.5692,6.7561,0.2676,-0.0421,2.4413,0.0393,0.0394,-0.0970,29.8932,0.0685,2.1584,0.1750
13.950,42.534,-3.1496,-4.4179,66.814,-3.0864,-4.2257,66.862,0.2016,0.0176,0.2023,0.048,-2.9141,2.6725,0.211,-0.1978,-6.8975,66.651,5.986,-0.4650,43.499,0.4691,0.0011,0.0150,14.0993,5.9485,6.0341,nan,6.7094,6.8633,0.2718,-0.0233,2.4959,0.0312,0.0239,-0.0242,30.1932,0.0548,3.8520,0.1750
14.000,42.874,-3.0122,-4.1065,65.339,-2.9405,-3.8979,65.769,0.2195,0.0219,0.2206,0.430,-2.9333,2.6956,0.444,-0.0583,-6.5932,65.325,6.158,-0.4315,43.859,0.4620,0.0027,0.0164,6.0113,6.1607,6.4627,nan,6.8425,6.9325,0.2746,-0.0109,2.4943,0.0335,0.0078,-0.0141,30.4931,0.0310,3.7299,0.1750
14.050,43.218,-2.8659,-3.7955,64.077,-2.7751,-3.5511,64.402,0.2595,0.0252,0.2607,0.325,-2.9333,2.6956,0.444,0.1098,-6.2478,63.958,6.323,-0.2971,44.222,0.4798,0.0039,0.0098,2.4990,6.2846,6.4627,nan,7.0000,7.1331,0.2825,-0.0007,2.4937,0.0409,-0.0030,-0.0194,30.8930,0.0452,3.7299,0.1750
14.100,43.218,-2.8659,-3.7955,64.077,-2.7845,-3.5724,65.038,0.2362,0.0243,0.2374,0.961,-3.0121,2.6722,1.080,0.1098,-6.2478,63.958,6.323,-0.2971,44.222,0.4798,0.0039,0.0102,2.5980,6.3679,6.5121,nan,7.0000,7.0826,0.2805,-0.0019,2.4686,0.0480,0.0119,-0.0224,31.1929,0.0278,3.1622,0.1750
14.150,43.569,-2.7102,-3.4799,63.375,-2.6518,-3.2728,65.006,0.2113,0.0406,0.2152,1.630,-3.1141,2.6467,1.851,0.2708,-5.9313,63.155,6.465,-0.0983,44.592,0.4779,0.0012,0.0226,18.8104,6.5561,6.8412,nan,7.0000,6.9483,0.2752,-0.0141,2.4204,0.0811,0.0419,-0.0150,31.4929,-0.0169,4.1058,0.1750
14.200,43.937,-2.5451,-3.1515,63.322,-2.4864,-2.9353,65.134,0.2196,0.0446,0.2240,1.812,-3.1422,2.6157,2.077,0.4542,-5.5711,63.057,6.645,-0.0130,44.982,0.4979,0.0009,0.0195,21.0414,6.6896,6.9008,nan,7.0000,7.2248,0.2861,-0.0153,2.3878,0.0970,0.0524,0.0225,31.7928,0.0800,2.0935,0.1750
14.250,44.312,-2.3765,-2.8166,63.253,-2.3349,-2.5981,66.307,0.2139,0.0612,0.2224,3.054,-3.2344,2.5932,3.026,0.6242,-5.2316,63.281,6.730,-0.0880,45.370,0.5015,0.0029,0.0369,12.8735,6.8514,7.1148,nan,7.0000,7.1129,0.2817,-0.0149,2.3543,0.1243,0.0491,0.0378,32.1927,0.0382,-0.0625,0.1750
14.300,44.689,-2.2058,-2.4807,62.812,-2.1640,-2.2137,66.548,0.2566,0.0848,0.2702,3.736,-3.2789,2.5862,3.582,0.8129,-4.8602,62.966,6.737,-0.1527,45.753,0.5270,0.0072,0.0624,8.6830,6.7113,6.7338,nan,7.0000,7.2194,0.2859,-0.0030,2.3329,0.1367,0.0323,0.0534,32.4926,0.0757,2.2745,0.1750
14.350,45.062,-2.0340,-2.1490,62.314,-2.0045,-1.8710,65.700,0.2599,0.1031,0.2796,3.386,-3.2426,2.6216,3.362,0.9725,-4.5574,62.338,6.832,-0.1568,46.141,0.5051,0.0023,0.0535,23.5917,6.8864,7.1762,nan,6.5449,6.3355,0.2509,0.0248,2.3209,0.1344,-0.0038,0.0621,32.8926,-0.0800,0.5195,0.1750
14.400,45.439,-1.8579,-1.8163,61.834,-1.8120,-1.4754,65.847,0.3223,0.1204,0.3440,4.013,-3.2773,2.6127,4.038,1.1738,-4.1811,61.809,6.857,-0.0837,46.526,0.5362,0.0018,0.0378,21.5246,6.8044,6.8583,nan,6.2955,6.2601,0.2479,0.0463,2.3194,0.1240,-0.0187,0.0570,33.2925,-0.0800,1.1608,0.1750
14.450,45.824,-1.6755,-1.4766,61.725,-1.6328,-1.1110,64.942,0.3422,0.1356,0.3681,3.217,-3.2057,2.6643,3.376,1.3478,-3.8614,61.566,6.882,0.0824,46.919,0.5204,0.0039,0.0144,3.7119,6.8851,7.0515,nan,5.9877,6.1037,0.2417,0.0771,2.2321,0.1000,-0.0382,0.0634,33.6924,0.0460,-6.4540,0.1750
14.500,46.201,-1.4988,-1.1444,62.534,-1.4619,-0.7278,65.467,0.3867,0.1594,0.4183,2.934,-3.2112,2.6746,3.476,1.5398,-3.5021,61.991,6.585,0.3733,47.270,0.5406,0.0052,0.0128,2.4460,6.4961,6.2441,nan,5.7662,5.9364,0.2351,0.0839,2.2260,0.0995,-0.0283,0.1013,33.9923,0.0711,-4.8378,0.1750
14.550,46.557,-1.3375,-0.8269,63.995,-1.3433,-0.4404,67.232,0.3449,0.1747,0.3866,3.237,-3.2112,2.6746,3.476,1.6756,-3.2224,63.756,6.376,0.5654,47.610,0.5142,0.0107,0.0559,5.2140,6.2745,6.2441,nan,5.6197,5.7701,0.2285,0.0996,2.1255,0.0956,-0.0441,0.1262,34.2922,0.0642,-4.8378,0.1750
14.600,46.557,-1.3375,-0.8269,63.995,-1.3274,-0.4136,67.559,0.3759,0.1721,0.4134,3.564,-3.2131,2.6906,3.803,1.6756,-3.2224,63.756,6.376,0.5654,47.610,0.5142,0.0107,0.0514,4.7921,6.0191,5.9632,nan,5.3991,5.5228,0.2187,0.1019,2.0637,0.0901,-0.0350,0.1451,34.5922,0.0547,-4.4263,0.1750
14.650,46.920,-1.1835,-0.4976,66.484,-1.1918,-0.1075,68.871,0.3543,0.1633,0.3902,2.386,-3.1545,2.7305,3.092,1.8068,-2.9398,65.779,6.163,0.8479,47.958,0.4817,0.0044,0.0424,9.5593,6.1429,6.3284,nan,5.1527,4.9800,0.1972,0.1147,2.0229,0.0656,-0.0391,0.1651,34.9921,-0.0800,-5.7071,0.1750
14.700,47.252,-1.0572,-0.1910,69.430,-1.0563,0.2595,71.882,0.4221,0.1574,0.4505,2.452,-3.1222,2.7650,2.749,1.9434,-2.6017,69.132,5.911,0.9327,48.272,0.5054,0.0059,0.0198,3.3409,5.8575,5.7671,nan,4.7767,4.7354,0.1875,0.1261,1.9565,0.0591,-0.0362,0.1795,35.2920,-0.0800,-5.8747,0.1750
14.750,47.564,-0.9533,0.1034,72.286,-0.9720,0.5233,74.281,0.3943,0.1456,0.4203,1.995,-3.0748,2.7764,1.829,2.0298,-2.3191,72.452,5.660,0.9380,48.566,0.5025,0.0064,0.0220,3.4605,5.4682,5.2058,nan,4.6854,4.6427,0.1839,0.1418,1.9249,0.0415,-0.0258,0.1787,35.3920,-0.0209,-8.0856,0.1750
14.800,47.864,-0.8681,0.3910,75.371,-0.9008,0.7713,76.535,0.3597,0.1277,0.3817,1.164,-3.0401,2.7975,1.318,2.0921,-2.0749,75.217,5.274,1.0006,48.838,0.4761,0.0087,0.0237,2.7312,5.1337,4.9930,nan,4.6017,4.7009,0.1862,0.1574,1.8388,0.0193,-0.0328,0.1806,35.6919,0.0800,-7.6517,0.1750
14.850,48.150,-0.8023,0.6688,78.591,-0.8242,0.9721,78.558,0.2930,0.0815,0.3041,-0.033,-2.9750,2.7879,-0.007,2.1510,-1.8155,78.565,4.949,1.0295,49.102,0.4644,0.0217,0.0268,1.2312,4.8378,4.7454,nan,4.4284,4.3626,0.1728,0.1759,1.8113,-0.0128,-0.0207,0.1793,35.7919,0.0800,-5.5739,0.1750
14.900,48.420,-0.7554,0.9351,82.033,-0.7752,1.1753,80.933,0.2351,0.0529,0.2410,-1.100,-2.9350,2.7799,-0.905,2.1849,-1.5703,81.838,4.732,1.1299,49.360,0.4547,0.0232,0.0135,0.5828,4.6944,4.6949,nan,4.2297,4.1782,0.1655,0.1870,1.7987,-0.0285,-0.0138,0.1716,35.9919,0.0800,-2.5641,0.1750
14.950,48.678,-0.7264,1.1911,85.653,-0.7377,1.4186,83.889,0.2259,0.0285,0.2277,-1.764,-2.8993,2.7942,-1.847,2.2048,-1.3052,85.736,4.625,1.1861,49.613,0.4674,0.0251,0.0093,0.3712,4.4731,4.4326,nan,4.1356,4.0754,0.1614,0.2015,1.7139,-0.0382,-0.0034,0.2178,36.1918,0.0800,-5.2225,0.1750
15.000,48.926,-0.7147,1.4390,89.551,-0.7233,1.6073,87.577,0.1682,0.0100,0.1685,-1.973,-2.8935,2.7518,-1.850,2.2059,-1.0738,89.427,4.414,1.2570,49.850,0.4609,0.0335,0.0095,0.2832,4.2972,4.2771,nan,3.9839,3.9324,0.1557,0.1998,1.6346,-0.0264,0.0158,0.2508,36.3918,0.0800,-5.3394,0.1750
15.050,49.167,-0.7201,1.6799,93.599,-0.7311,1.8352,91.681,0.1557,0.0012,0.1557,-1.918,-2.8935,2.7518,-1.850,2.1908,-0.8463,93.531,4.209,1.2875,50.081,0.4570,0.0176,0.0176,1.0019,4.2400,4.2771,nan,3.8496,3.8066,0.1508,0.1899,1.4180,-0.0237,0.0300,0.2359,36.5917,0.0800,-5.3394,0.1750
15.100,49.167,-0.7201,1.6799,93.599,-0.7213,1.8436,90.653,0.1635,-0.0091,0.1637,-2.946,-2.8669,2.7988,-2.878,2.1908,-0.8463,93.531,4.209,1.2875,50.081,0.4570,0.0176,0.0138,0.7839,4.1590,4.1814,nan,3.6761,3.7961,0.1503,0.2171,1.3909,-0.0229,0.0276,0.2913,36.7917,0.0695,-4.1578,0.1750
15.150,49.398,-0.7418,1.9100,97.747,-0.7351,2.0429,94.317,0.1308,-0.0245,0.1330,-3.430,-2.8550,2.7907,-3.358,2.1600,-0.6224,97.675,4.047,1.2044,50.305,0.4585,0.0318,0.0148,0.4652,4.0460,4.0571,nan,3.5817,3.6381,0.1441,0.2281,1.3531,-0.0115,0.0444,0.3332,36.8916,0.0326,-4.9907,0.1750
15.200,49.615,-0.7772,2.1239,101.438,-0.7634,2.2389,97.226,0.1100,-0.0364,0.1158,-4.212,-2.8395,2.8048,-4.437,2.1137,-0.4036,101.663,3.857,1.2215,50.512,0.4695,0.0391,0.0186,0.4758,3.7594,3.6765,nan,3.5817,3.6040,0.1427,0.2359,1.2573,-0.0034,0.0427,0.3719,36.9916,0.0800,-3.2265,0.1750
15.250,49.824,-0.8249,2.3273,105.487,-0.7937,2.3931,100.609,0.0551,-0.0477,0.0729,-4.878,-2.8319,2.7900,-4.717,2.0640,-0.2279,105.326,3.744,1.3105,50.717,0.4512,0.0463,0.0235,0.5084,3.6716,3.6932,nan,3.4224,3.4903,0.1382,0.2304,1.2279,0.0112,0.0346,0.3788,37.1916,0.0800,-3.7012,0.1750
15.300,50.029,-0.8863,2.5236,109.693,-0.8467,2.5643,105.585,0.0249,-0.0509,0.0567,-4.108,-2.8368,2.7418,-3.897,1.9975,-0.0419,109.482,3.617,1.3209,50.918,0.4478,0.0563,0.0188,0.3346,3.7026,3.7832,nan,3.2569,3.3727,0.1336,0.2067,1.1370,0.0402,0.0423,0.3949,37.3915,0.0670,-2.1388,0.1750
15.350,50.230,-0.9601,2.7099,113.913,-0.9245,2.7649,109.950,0.0358,-0.0549,0.0655,-3.963,-2.8408,2.7413,-3.982,1.9100,0.1566,113.932,3.541,1.2716,51.117,0.4661,0.0340,0.0340,0.9995,3.5593,3.5508,nan,3.0973,3.1587,0.1251,0.2093,1.0930,0.0560,0.0684,0.4104,37.4915,0.0356,-2.6924,0.1750
15.400,50.422,-1.0434,2.8828,117.833,-0.9991,2.9413,114.520,0.0311,-0.0665,0.0734,-3.313,-2.8405,2.7278,-3.640,1.8242,0.3300,118.160,3.446,1.1320,51.306,0.4684,0.0382,0.0248,0.6484,3.3060,3.2439,nan,3.0973,3.1377,0.1243,0.2125,1.0064,0.0717,0.0356,0.4444,37.6915,0.0800,-2.4239,0.1750
15.450,50.612,-1.1369,3.0484,121.349,-1.0773,3.0639,117.922,-0.0177,-0.0589,0.0615,-3.428,-2.8430,2.7057,-3.369,1.7416,0.4614,121.291,3.343,1.0807,51.492,0.4375,0.0451,0.0208,0.4625,3.4066,3.4985,nan,2.9412,2.9445,0.1166,0.2537,1.0139,0.0933,-0.0048,0.4909,37.8914,0.0019,-4.5577,0.1750
15.500,50.791,-1.2341,3.1985,124.684,-1.1926,3.2640,122.451,0.0302,-0.0714,0.0776,-2.234,-2.8403,2.6974,-2.373,1.6229,0.6343,124.824,3.183,1.0470,51.664,0.4687,0.0532,0.0069,0.1295,3.1334,3.0662,nan,2.7773,2.8439,0.1126,0.2734,0.9326,0.0932,-0.0033,0.5235,37.9914,0.0385,-2.3845,0.1750
15.550,50.791,-1.2341,3.1985,124.684,-1.1926,3.2640,122.451,0.0302,-0.0714,0.0776,-2.234,-2.8403,2.6974,-2.373,1.6229,0.6343,124.824,3.183,1.0470,51.749,0.4687,0.0532,0.0069,0.1295,3.0468,3.0662,nan,2.6466,2.6562,0.1052,0.3295,0.9068,0.0964,-0.0483,0.5943,38.1914,0.0055,-2.3845,0.1750
15.600,50.966,-1.3380,3.3402,128.012,-1.2952,3.4050,125.862,0.0247,-0.0737,0.0777,-2.149,-2.8494,2.7115,-2.386,1.5240,0.7576,128.248,3.090,1.0964,51.836,0.4530,0.0297,0.0159,0.5347,2.9157,2.9220,nan,2.4973,2.4991,0.0990,0.3935,0.8678,0.0925,-0.0552,0.6179,38.2913,0.0010,-4.1912,0.1750
15.650,51.135,-1.4458,3.4697,131.817,-1.3986,3.5345,129.565,0.0168,-0.0784,0.0802,-2.252,-2.8515,2.7125,-1.788,1.4266,0.8669,131.353,2.951,1.1763,51.999,0.4323,0.0361,0.0113,0.3141,2.9723,3.0668,nan,2.5217,2.5672,0.1017,0.4799,0.8847,0.0820,-0.0936,0.5454,38.4913,0.0264,-3.8336,0.1750
15.700,51.289,-1.5527,3.5811,136.203,-1.5306,3.6992,134.218,0.0658,-0.1005,0.1202,-1.985,-2.8518,2.7373,-1.423,1.2969,0.9944,135.641,2.693,1.4546,52.144,0.4602,0.0431,0.0117,0.2701,2.6719,2.5638,nan,2.5217,2.3672,0.0938,0.4937,0.8000,0.0684,-0.0396,0.3649,38.5912,0.0800,-5.6540,0.1750
15.750,51.436,-1.6628,3.6782,141.351,-1.6189,3.7695,139.360,0.0227,-0.0987,0.1013,-1.991,-2.8518,2.7373,-1.423,1.2069,1.0625,140.783,2.502,1.6415,52.286,0.4266,0.0565,0.0035,0.0613,2.5674,2.5853,nan,2.4694,2.4301,0.0962,0.5490,0.8000,0.0737,-0.0732,0.9621,38.7912,-0.0227,-1.6659,0.1750
15.800,51.572,-1.7731,3.7581,147.126,-1.7471,3.8577,145.915,0.0322,-0.0978,0.1030,-1.211,-2.8457,2.7280,-0.620,1.0864,1.1416,146.535,2.453,1.8780,52.425,0.4344,0.0262,0.0119,0.4544,2.4846,2.5163,nan,2.2717,2.1646,0.0857,0.5571,0.8000,0.0800,-0.0363,0.9110,38.8912,-0.0800,-4.4366,0.1750
15.850,51.703,-1.8861,3.8234,152.987,-1.8820,3.9414,152.336,0.0500,-0.1070,0.1181,-0.651,-2.8622,2.7512,-0.634,0.9670,1.2010,152.970,2.324,1.8658,52.554,0.4362,0.0292,0.0060,0.2042,2.3764,2.3869,nan,2.1989,2.0931,0.0829,0.6616,0.8000,0.0591,-0.0336,0.8917,38.9912,-0.0613,-1.5440,0.1750
15.900,51.832,-2.0039,3.8757,159.361,-2.0055,4.0108,157.802,0.0492,-0.1259,0.1352,-1.559,-2.8824,2.7772,-1.190,0.8510,1.2515,158.992,2.273,1.9978,52.685,0.4337,0.0384,0.0193,0.5024,2.2959,2.3422,nan,2.1774,2.2031,0.0873,0.7196,0.8000,0.0414,-0.1104,0.8790,39.1912,0.0800,-5.1758,0.1750
15.950,51.951,-2.1182,3.9120,165.466,-2.1287,4.0470,164.052,0.0441,-0.1280,0.1354,-1.415,-2.8920,2.7861,-1.633,0.7271,1.2821,165.685,2.113,1.9260,52.803,0.4386,0.0438,0.0235,0.5373,2.1393,2.1378,nan,2.1774,2.2064,0.0874,0.7468,0.8000,0.0364,-0.1227,1.0009,39.2911,0.0168,-3.7719,0.1750
16.000,52.064,-2.2283,3.9341,172.012,-2.2421,4.0781,169.922,0.0336,-0.1407,0.1446,-2.089,-2.9001,2.8013,-1.799,0.6176,1.2968,171.721,1.997,2.1649,52.917,0.4340,0.0516,0.0312,0.6053,2.0093,2.0098,nan,2.1681,2.2889,0.0906,0.7525,0.8000,0.0269,-0.1227,1.1806,39.3911,0.0699,-1.0221,0.1750
16.050,52.175,-2.3392,3.9426,179.365,-2.3474,4.0821,177.119,0.0097,-0.1394,0.1397,-2.247,-2.9001,2.8013,-1.799,0.5122,1.2975,178.917,1.982,2.3391,53.037,0.4252,0.0202,0.0464,2.3006,1.9487,2.0098,nan,2.2188,2.2687,0.0898,0.7374,0.8000,0.0147,-0.1259,1.2041,39.4911,0.0800,-1.0221,0.1750
16.100,52.175,-2.3392,3.9426,179.365,-2.3674,4.1173,177.807,0.0302,-0.1743,0.1769,-1.559,-2.9047,2.8300,-1.111,0.5122,1.2975,178.917,1.982,2.3391,53.037,0.4252,0.0202,0.0468,2.3206,1.9863,2.1576,nan,2.3120,2.3063,0.0913,0.7455,0.8000,-0.0280,-0.1010,1.2655,39.5910,0.0800,-1.3363,0.1750
16.150,52.285,-2.4494,3.9366,-172.962,-2.4950,4.1175,-174.148,0.0231,-0.1851,0.1865,-1.186,-2.8990,2.8384,-0.704,0.3882,1.2839,-173.444,1.974,2.3805,53.157,0.4332,0.0251,0.0463,1.8411,2.0441,2.2444,nan,2.3785,2.4429,0.0967,0.7250,0.8000,-0.0446,-0.0862,1.2238,39.6910,0.0800,-0.0076,0.1750
16.200,52.381,-2.5433,3.9196,-166.381,-2.6074,4.0825,-166.307,0.0239,-0.1734,0.1750,0.074,-2.8851,2.8284,-0.159,0.2742,1.2548,-166.148,2.000,2.4228,53.263,0.4450,0.0215,0.0428,1.9863,2.0246,2.1294,nan,2.4212,2.5100,0.0994,0.6679,0.8000,-0.0398,-0.0706,1.0535,39.7910,0.0514,-0.5067,0.1750
16.250,52.491,-2.6488,3.8866,-158.668,-2.7031,4.0325,-158.848,-0.0025,-0.1556,0.1557,-0.180,-2.8745,2.8175,-0.065,0.1701,1.2152,-158.783,2.033,2.4306,53.387,0.4408,0.0253,0.0384,1.5173,2.0815,2.2717,nan,2.5131,2.5951,0.1028,0.6303,0.8000,-0.0317,-0.0503,1.0349,39.8909,0.0475,1.4685,0.1750
16.300,52.597,-2.7449,3.8422,-151.485,-2.8019,3.9707,-151.512,-0.0113,-0.1402,0.1406,-0.027,-2.8605,2.8126,0.258,0.0638,1.1579,-151.769,2.120,2.3514,53.508,0.4444,0.0237,0.0423,1.7833,2.2033,2.4453,nan,2.7171,2.8089,0.1112,0.6040,0.8000,-0.0328,-0.1206,0.8579,40.0909,0.0800,2.5447,0.1750
16.350,52.714,-2.8440,3.7801,-144.240,-2.9150,3.8943,-144.055,-0.0091,-0.1342,0.1345,0.185,-2.8607,2.8193,-0.034,-0.0549,1.0750,-144.021,2.211,2.2764,53.640,0.4543,0.0263,0.0520,1.9758,2.2340,2.3811,nan,2.8159,2.9349,0.1162,0.5380,0.8197,-0.0397,-0.0886,0.7448,40.1909,0.0689,2.0370,0.1750
16.400,52.836,-2.9387,3.7031,-137.136,-2.9980,3.8077,-137.143,-0.0277,-0.1170,0.1202,-0.008,-2.8510,2.8205,-0.110,-0.1488,0.9869,-137.033,2.310,2.2824,53.776,0.4497,0.0304,0.0498,1.6360,2.3022,2.4782,nan,2.8808,2.9655,0.1174,0.4906,0.8537,-0.0358,-0.0478,0.6623,40.2908,0.0490,2.9426,0.1750
16.450,52.972,-3.0324,3.6045,-129.592,-3.0800,3.6930,-129.492,-0.0379,-0.0931,0.1005,0.100,-2.8327,2.8189,0.211,-0.2441,0.8750,-129.703,2.462,2.1674,53.932,0.4468,0.0128,0.0410,3.2141,2.4813,2.7331,nan,2.9431,2.9922,0.1185,0.4227,0.9201,-0.0247,-0.0663,0.6729,40.4908,0.0284,3.5223,0.1750
16.500,53.109,-3.1137,3.4942,-122.871,-3.1627,3.5373,-122.615,-0.0096,-0.0646,0.0653,0.256,-2.8259,2.8005,0.248,-0.3337,0.7383,-122.863,2.608,2.0688,54.085,0.4472,0.0150,0.0449,2.9897,2.6242,2.8289,nan,3.1255,3.1078,0.1231,0.3656,0.9731,-0.0131,-0.0449,0.7212,40.5908,0.0800,2.6297,0.1750
16.550,53.258,-3.1876,3.3647,-116.263,-3.2223,3.3886,-115.907,-0.0061,-0.0417,0.0421,0.356,-2.8116,2.7998,0.312,-0.4075,0.5910,-116.219,2.717,1.8756,54.245,0.4430,0.0212,0.0411,1.9382,2.7194,2.8677,nan,3.2211,3.3063,0.1309,0.2762,1.1073,-0.0032,-0.0712,0.5234,40.7908,0.0493,2.9442,0.1750
16.600,53.414,-3.2493,3.2222,-110.399,-3.2636,3.2499,-110.042,-0.0210,-0.0231,0.0312,0.357,-2.7983,2.8152,0.137,-0.4643,0.4359,-110.179,2.824,1.6545,54.409,0.4356,0.0239,0.0288,1.2036,2.7918,2.8999,nan,3.4207,3.5306,0.1398,0.2197,1.1735,-0.0068,-0.0474,0.4604,40.8908,0.0636,2.9210,0.1750
16.650,53.575,-3.2988,3.0686,-105.161,-3.3096,3.0912,-105.086,-0.0190,-0.0163,0.0250,0.075,-2.8027,2.8139,0.030,-0.5067,0.2775,-105.116,2.942,1.3961,54.579,0.4277,0.0262,0.0298,1.1358,2.8707,2.9796,nan,3.6287,3.7081,0.1469,0.1684,1.2397,-0.0026,-0.0196,0.4084,40.9907,0.0800,2.9210,0.1750
16.700,53.742,-3.3368,2.9060,-105.161,-3.3096,3.0912,-105.086,-0.1859,-0.0222,0.1872,0.075,-2.8027,2.8139,0.030,-0.5067,0.2775,-105.116,2.942,1.3961,54.756,0.4521,0.0637,0.0298,0.4679,2.9612,3.0562,nan,3.8294,3.8612,0.1529,0.1303,1.3375,-0.0128,-0.0391,0.2955,41.1907,0.0800,4.5716,0.1750
16.750,53.742,-3.3368,2.9060,-101.081,-3.3396,2.9267,-100.889,-0.0198,-0.0068,0.0209,0.192,-2.8000,2.8239,-0.196,-0.5400,0.1010,-100.693,3.119,1.1258,54.756,0.4208,0.0165,0.0155,0.9438,3.0852,3.1784,nan,3.9256,4.0469,0.1603,0.1073,1.3329,-0.0204,-0.0575,0.1867,41.3906,0.0800,5.1663,0.1750
16.800,53.919,-3.3659,2.7309,-97.625,-3.3585,2.7533,-97.191,-0.0232,0.0044,0.0236,0.434,-2.7951,2.8343,0.379,-0.5639,-0.0773,-97.569,3.320,0.9477,54.946,0.4151,0.0195,0.0134,0.6866,3.3195,3.4816,nan,4.1101,4.2128,0.1668,0.0559,1.3492,-0.0218,-0.0395,0.1500,41.5906,0.0595,5.6728,0.1750
16.850,54.114,-3.3877,2.5380,-95.350,-3.3742,2.5441,-93.744,-0.0073,0.0129,0.0148,1.606,-2.7966,2.8413,0.827,-0.5818,-0.2889,-94.570,3.584,0.6279,55.155,0.4089,0.0235,0.0130,0.5548,3.5660,3.7303,nan,4.1589,4.1147,0.1630,0.0528,1.2974,-0.0342,-0.0616,0.1270,41.7905,-0.0242,5.2300,0.1750
16.900,54.321,-3.4036,2.3314,-93.426,-3.3819,2.3102,-92.148,0.0199,0.0230,0.0304,1.278,-2.7957,2.8377,1.142,-0.5966,-0.5158,-93.289,3.796,0.4240,55.375,0.4062,0.0269,0.0115,0.4260,3.7520,3.8527,nan,3.9194,4.0541,0.1606,-0.0112,1.3117,-0.0420,-0.0670,0.0811,41.9905,-0.0800,4.7168,0.1750
16.950,54.535,-3.4143,2.1173,-92.343,-3.3813,2.1016,-90.865,0.0143,0.0336,0.0365,1.479,-2.7938,2.8439,1.256,-0.6036,-0.7292,-92.121,3.967,0.3272,55.600,0.4026,0.0154,0.0101,0.6539,4.0081,4.1866,nan,3.5900,3.5304,0.1398,-0.0527,1.2261,-0.0543,-0.0612,-0.0306,42.1904,-0.0800,0.8224,0.1750
17.000,54.758,-3.4214,1.8942,-91.353,-3.3884,1.8592,-90.872,0.0342,0.0338,0.0481,0.481,-2.7857,2.8417,0.436,-0.6102,-0.9779,-91.308,3.997,0.0927,55.825,0.4013,0.0183,0.0078,0.4262,4.0494,4.0922,nan,3.3906,3.5233,0.1395,-0.0927,1.1607,-0.0754,-0.0624,-0.1376,42.3904,0.0800,-0.2230,0.1750
17.050,54.978,-3.4266,1.6748,-91.549,-3.3964,1.6251,-90.847,0.0488,0.0315,0.0581,0.703,-2.7878,2.8301,0.207,-0.6130,-1.2028,-91.053,3.958,-0.1656,56.043,0.3990,0.0211,0.0150,0.7103,3.8656,3.8651,nan,3.2903,3.4192,0.1354,-0.1142,1.1080,-0.0984,-0.0536,-0.2366,42.5904,0.0746,-6.8873,0.1750
17.100,55.191,-3.4337,1.4621,-92.544,-3.3991,1.4485,-91.195,0.0121,0.0352,0.0372,1.349,-2.7999,2.8605,0.877,-0.6207,-1.4027,-92.073,3.685,-0.4357,56.240,0.3996,0.0229,0.0158,0.6912,3.6170,3.5848,nan,3.0752,3.1580,0.1251,-0.1443,1.0367,-0.1037,-0.0207,-0.3248,42.7903,0.0480,-3.4628,0.1750
17.150,55.389,-3.4448,1.2636,-94.205,-3.4069,1.2651,-92.499,-0.0042,0.0377,0.0379,1.706,-2.8133,2.8699,1.459,-0.6343,-1.5892,-93.957,3.554,-0.5947,56.432,0.4024,0.0243,0.0179,0.7376,3.4813,3.4895,nan,2.8592,2.8490,0.1128,-0.2039,0.9978,-0.1064,-0.0079,-0.3680,42.8903,-0.0059,-3.4628,0.1750
17.200,55.389,-3.4448,1.2636,-94.205,-3.4069,1.2651,-92.499,-0.0042,0.0377,0.0379,1.706,-2.8133,2.8699,1.459,-0.6343,-1.5892,-93.957,3.554,-0.5947,56.526,0.4024,0.0243,0.0179,0.7376,3.3753,3.3925,nan,2.8592,2.9124,0.1153,-0.2930,0.9675,-0.1049,0.0351,-0.4318,43.0902,0.0308,-3.4704,0.1750
17.250,55.585,-3.4619,1.0693,-96.201,-3.4251,1.0865,-94.944,-0.0211,0.0348,0.0407,1.257,-2.8075,2.8675,1.178,-0.6540,-1.7680,-96.122,3.409,-0.7130,56.619,0.4060,0.0148,0.0164,1.1079,3.3071,3.3426,nan,2.6970,2.6861,0.1064,-0.3524,0.9479,-0.1071,0.0749,-0.4656,43.2902,-0.0063,-5.4976,0.1750
17.300,55.766,-3.4847,0.8893,-98.537,-3.4516,0.9160,-97.254,-0.0313,0.0288,0.0425,1.283,-2.8127,2.8800,1.232,-0.6810,-1.9498,-98.486,3.208,-0.7823,56.791,0.4100,0.0155,0.0134,0.8592,3.0919,3.0812,nan,2.6638,2.7646,0.1095,-0.3986,0.8862,-0.1116,0.0855,-0.5271,43.3902,0.0584,-6.3092,0.1750
17.350,55.938,-3.5147,0.7203,-102.445,-3.4842,0.7527,-99.809,-0.0382,0.0228,0.0445,2.636,-2.8160,2.8663,1.168,-0.7110,-2.0995,-100.976,2.944,-1.4123,56.952,0.4119,0.0203,0.0227,1.1186,2.9568,2.9610,nan,2.4169,2.3058,0.0913,-0.3766,0.8475,-0.1244,0.0706,-0.6931,43.5901,-0.0643,-6.3918,0.1750
17.400,56.092,-3.5536,0.5709,-107.257,-3.5264,0.5877,-105.502,-0.0241,0.0211,0.0320,1.755,-2.8248,2.8578,1.464,-0.7593,-2.2515,-106.966,2.715,-1.5726,57.099,0.4210,0.0381,0.0088,0.2304,2.7158,2.6368,nan,2.4169,2.3843,0.0944,-0.4057,0.8000,-0.1240,0.0625,-0.7637,43.6902,-0.0189,-2.1569,0.1750
17.450,56.242,-3.6044,0.4295,-112.633,-3.5772,0.4581,-111.011,-0.0368,0.0141,0.0395,1.622,-2.8201,2.8469,1.298,-0.8110,-2.3710,-112.309,2.638,-1.5778,57.249,0.4249,0.0092,0.0212,2.3054,2.6450,2.6732,nan,2.3354,2.3958,0.0949,-0.5314,0.8000,-0.1228,0.0345,-0.6071,43.7902,0.0350,-7.3938,0.1750
17.500,56.378,-3.6617,0.3059,-117.274,-3.6449,0.3216,-115.982,-0.0216,0.0078,0.0230,1.292,-2.8350,2.8483,1.617,-0.8809,-2.5029,-117.598,2.366,-1.4731,57.376,0.4360,0.0110,0.0117,1.0716,2.3849,2.3146,nan,2.2571,2.1576,0.0855,-0.6021,0.8000,-0.1225,0.0380,-0.5622,43.8901,0.0800,-2.5946,0.1750
17.550,56.509,-3.7262,0.1923,-122.076,-3.7036,0.2251,-120.482,-0.0398,0.0018,0.0398,1.594,-2.8350,2.8483,1.617,-0.9423,-2.5977,-122.098,2.310,-1.5380,57.507,0.4360,0.0146,0.0096,0.6598,2.2703,2.2969,nan,2.2571,2.3745,0.0940,-0.6790,0.8000,-0.1163,0.1240,-1.0345,44.0900,0.0680,-1.1204,0.1750
17.600,56.635,-3.7978,0.0889,-127.769,-3.7628,0.1244,-124.908,-0.0495,0.0059,0.0498,2.860,-2.8400,2.8527,1.849,-1.0104,-2.6971,-126.758,2.254,-1.9313,57.635,0.4333,0.0299,0.0180,0.6010,2.2819,2.4115,nan,2.1005,2.1009,0.0832,-0.7191,0.8000,-0.1107,0.1149,-1.0296,44.1900,0.0003,-5.1278,0.1750
17.650,56.755,-3.8767,-0.0023,-134.268,-3.8444,0.0140,-131.487,-0.0342,0.0118,0.0362,2.781,-2.8592,2.8599,2.504,-1.1086,-2.8001,-133.990,2.097,-2.0766,57.754,0.4502,0.0571,0.0085,0.1492,2.1425,2.1431,nan,2.0916,2.1504,0.0852,-0.7375,0.8000,-0.1098,0.1000,-1.0930,44.2900,0.0800,0.0852,0.1750
17.700,56.755,-3.8767,-0.0023,-134.268,-3.8444,0.0140,-131.487,-0.0342,0.0118,0.0362,2.781,-2.8592,2.8599,2.504,-1.1086,-2.8001,-133.990,2.097,-2.0766,57.754,0.4502,0.0571,0.0085,0.1492,2.0783,2.1431,nan,2.0827,2.0861,0.0826,-0.7848,0.8000,-0.0855,0.1220,-1.1909,44.3900,0.0020,0.0852,0.1750
17.750,56.873,-3.9640,-0.0817,-141.552,-3.9337,-0.0639,-138.459,-0.0349,0.0049,0.0352,3.092,-2.8747,2.8564,2.704,-1.1955,-2.8671,-141.163,2.103,-2.3064,57.882,0.4520,0.0056,0.0553,9.8497,2.0697,2.2030,nan,2.1396,2.1928,0.0868,-0.8034,0.8000,-0.0751,0.1237,-1.2894,44.4900,0.0308,-4.0034,0.1750
17.800,56.985,-4.0555,-0.1454,-148.874,-4.0359,-0.1356,-146.888,-0.0219,0.0017,0.0220,1.987,-2.8321,2.8384,1.924,-1.3030,-2.9319,-148.812,1.978,-2.3138,57.996,0.4675,0.0175,0.0181,1.0333,2.0020,2.0677,nan,2.2307,2.3220,0.0920,-0.7719,0.8000,-0.0685,0.1243,-1.3715,44.5899,0.0800,-2.3498,0.1750
17.850,57.093,-4.1518,-0.1952,-156.585,-4.1233,-0.1854,-153.933,-0.0300,0.0023,0.0301,2.651,-2.8297,2.8341,2.001,-1.3983,-2.9724,-155.935,1.907,-2.4843,58.111,0.4682,0.0396,0.0139,0.3506,2.0118,2.1674,nan,2.3634,2.4195,0.0958,-0.7536,0.8000,-0.0402,0.2248,-1.1545,44.7898,0.0325,-1.2493,0.1750
17.900,57.198,-4.2507,-0.2303,-164.527,-4.2360,-0.2296,-162.105,-0.0143,0.0032,0.0147,2.422,-2.8518,2.8492,2.520,-1.5183,-3.0149,-164.625,1.925,-2.4701,58.229,0.4876,0.0720,0.0134,0.1865,1.9903,2.0970,nan,2.3634,2.4087,0.0954,-0.7272,0.8000,-0.0336,0.2389,-1.1127,44.8898,0.0262,1.3270,0.1750
17.950,57.312,-4.3624,-0.2529,-172.821,-4.3534,-0.2577,-170.437,-0.0084,0.0059,0.0103,2.383,-2.8256,2.8244,1.927,-1.6305,-3.0290,-172.364,2.005,-2.4975,58.360,0.4897,0.0078,0.0476,6.1329,2.1059,2.3702,nan,2.5637,2.6934,0.1067,-0.7027,0.8000,-0.0029,0.2014,-1.0540,44.9898,0.0800,1.1564,0.1750
18.000,57.421,-4.4705,-0.2595,179.495,-4.4948,-0.2596,181.077,0.0243,0.0003,0.0243,1.581,-2.8200,2.8295,1.979,-1.7805,-3.0294,179.098,2.081,-2.4861,58.485,0.5320,0.0134,0.0364,2.7176,2.0941,2.2106,nan,2.6557,2.7559,0.1091,-0.6606,0.8000,0.0053,0.1690,-0.8733,45.0898,0.0800,0.3571,0.1750
18.050,57.538,-4.5877,-0.2505,171.533,-4.5885,-0.2296,173.609,0.0039,-0.0205,0.0209,2.077,-2.7950,2.8413,1.835,-1.8910,-3.0119,171.774,2.132,-2.4792,58.617,0.5271,0.0286,0.0258,0.9016,2.1978,2.4424,nan,2.7507,2.8422,0.1126,-0.6142,0.8000,-0.0009,0.1224,-0.7942,45.1898,0.0529,3.1079,0.1750
18.100,57.660,-4.7066,-0.2247,163.507,-4.7191,-0.1924,165.276,0.0211,-0.0274,0.0346,1.769,-2.7790,2.8440,1.877,-2.0385,-2.9712,163.399,2.285,-2.4882,58.760,0.5582,0.0584,0.0353,0.6044,2.2859,2.5119,nan,2.7834,2.8359,0.1123,-0.5660,0.8277,-0.0011,0.0768,-0.7431,45.2897,0.0304,2.3389,0.1750
18.150,57.791,-4.8295,-0.1792,155.476,-4.8390,-0.1357,158.087,0.0267,-0.0357,0.0446,2.611,-2.7949,2.8659,2.419,-2.1690,-2.9126,155.668,2.399,-2.4147,58.910,0.5686,0.0741,0.0429,0.5789,2.4469,2.7267,nan,2.8339,2.8725,0.1138,-0.5259,0.8861,0.0084,0.0935,-0.6729,45.4897,0.0224,2.4935,0.1750
18.200,57.791,-4.8295,-0.1792,155.476,-4.8390,-0.1357,158.087,0.0267,-0.0357,0.0446,2.611,-2.7949,2.8659,2.419,-2.1690,-2.9126,155.668,2.399,-2.4147,58.910,0.5686,0.0741,0.0429,0.5789,2.5238,2.7267,nan,2.9093,2.9239,0.1158,-0.4650,0.9139,0.0140,0.0537,-0.7588,45.5897,0.0800,2.4935,0.1750
18.250,57.926,-4.9487,-0.1155,147.845,-4.9737,-0.0406,148.641,0.0610,-0.0501,0.0790,0.796,-2.7184,2.8301,1.200,-2.3149,-2.8229,147.441,2.512,-2.3057,59.062,0.6011,0.0113,0.0339,2.9905,2.5252,2.6290,nan,2.9892,2.9676,0.1175,-0.3543,0.9463,-0.0100,0.0787,-0.6980,45.7896,0.0800,1.6726,0.1750
18.300,58.069,-5.0645,-0.0324,140.485,-5.0707,0.0516,141.385,0.0582,-0.0609,0.0842,0.899,-2.6845,2.8158,0.719,-2.4206,-2.7340,140.666,2.578,-2.2572,59.216,0.5930,0.0196,0.0187,0.9515,2.6383,2.8319,nan,3.1718,3.3001,0.1307,-0.2735,1.0218,-0.0216,0.0234,-0.6271,45.8896,0.0800,2.6998,0.1750
18.350,58.214,-5.1719,0.0662,134.307,-5.1801,0.1641,133.931,0.0758,-0.0625,0.0982,-0.375,-2.6666,2.8001,0.492,-2.5360,-2.6144,133.440,2.704,-1.8178,59.372,0.6068,0.0244,0.0290,1.1887,2.7381,2.8747,nan,3.2757,3.3539,0.1328,-0.2666,1.1220,-0.0170,0.0814,-0.5108,46.0896,0.0453,3.2773,0.1750
18.400,58.370,-5.2755,0.1819,129.365,-5.2728,0.2841,129.190,0.0773,-0.0670,0.1023,-0.175,-2.6653,2.8040,0.719,-2.6389,-2.4869,128.471,2.837,-1.3543,59.535,0.6100,0.0352,0.0273,0.7755,2.8205,2.9149,nan,3.4790,3.6058,0.1428,-0.2747,1.2061,-0.0082,0.1023,-0.4272,46.1895,0.0734,5.5075,0.1750
18.450,58.533,-5.3745,0.3113,125.360,-5.3647,0.4180,125.711,0.0813,-0.0697,0.1071,0.350,-2.6559,2.8000,0.550,-2.7315,-2.3560,125.161,3.055,-1.2768,59.711,0.6044,0.0167,0.0064,0.3815,3.0534,3.2477,nan,3.6591,3.6663,0.1452,-0.2486,1.4021,0.0074,0.1136,-0.2951,46.3895,0.0042,3.0533,0.1750
18.500,58.707,-5.4708,0.4573,121.182,-5.4684,0.5938,121.445,0.1155,-0.0727,0.1365,0.263,-2.6372,2.7886,0.134,-2.8363,-2.1882,121.311,3.187,-1.3621,59.895,0.6200,0.0203,0.0073,0.3613,3.1936,3.3230,nan,3.8164,3.8447,0.1523,-0.2125,1.4691,0.0096,0.0970,-0.2823,46.5894,0.0164,3.8521,0.1750
18.550,58.888,-5.5586,0.6149,116.775,-5.5576,0.7799,116.723,0.1468,-0.0752,0.1650,-0.052,-2.6341,2.7958,0.062,-2.9257,-2.0128,116.661,3.359,-1.3296,60.087,0.6281,0.0236,0.0081,0.3434,3.2529,3.3375,nan,3.9644,4.0944,0.1622,-0.1816,1.4964,0.0139,0.0816,-0.2817,46.7894,0.0752,2.8920,0.1750
18.600,59.083,-5.6403,0.7921,112.486,-5.6329,0.9641,112.618,0.1561,-0.0726,0.1722,0.132,-2.6378,2.8081,0.026,-2.9959,-1.8426,112.591,3.485,-1.1825,60.291,0.6148,0.0285,0.0099,0.3487,3.5001,3.7133,nan,4.2316,4.3015,0.1704,-0.1567,1.6101,0.0240,0.0868,-0.2919,46.9893,0.0800,3.6782,0.1750
18.650,59.279,-5.7098,0.9754,108.800,-5.7023,1.1593,108.728,0.1716,-0.0664,0.1840,-0.072,-2.6327,2.7874,0.019,-3.0701,-1.6271,108.709,3.638,-1.0622,60.498,0.6321,0.0292,0.0116,0.3969,3.6163,3.7114,nan,4.4090,4.5175,0.1789,-0.1275,1.7080,0.0355,0.0862,-0.2456,47.1893,0.0800,4.7492,0.1750
18.700,59.485,-5.7709,1.1719,108.800,-5.7023,1.1593,108.728,-0.0341,-0.0609,0.0698,-0.072,-2.6327,2.7874,0.019,-3.0701,-1.6271,108.709,3.638,-1.0622,60.716,0.5166,0.0570,0.0116,0.2030,3.6496,3.7114,nan,4.4942,4.6104,0.1826,-0.0970,1.7859,0.0463,0.0596,-0.1850,47.2893,0.0800,4.7492,0.1750
18.750,59.485,-5.7709,1.1719,105.480,-5.7642,1.3742,105.209,0.1931,-0.0604,0.2024,-0.271,-2.6353,2.7907,-0.126,-3.1258,-1.4234,105.334,3.829,-0.9858,60.716,0.6303,0.0214,0.0026,0.1226,3.7610,3.8482,nan,4.7379,4.7911,0.1897,-0.0772,1.9319,0.0591,0.0423,-0.0988,47.4892,0.0800,4.7488,0.1750
18.800,59.705,-5.8245,1.3857,102.444,-5.8135,1.5785,102.465,0.1859,-0.0523,0.1931,0.021,-2.6419,2.7937,0.017,-3.1720,-1.2143,102.449,4.031,-0.7585,60.951,0.6216,0.0204,0.0034,0.1645,4.0511,4.3839,nan,4.9658,5.0906,0.2016,-0.0751,2.0648,0.0839,0.0385,-0.0426,47.7892,0.0800,5.5530,0.1750
18.850,59.934,-5.8702,1.6103,100.466,-5.8652,1.8567,99.720,0.2413,-0.0497,0.2464,-0.746,-2.6338,2.7861,-0.288,-3.2267,-0.9457,100.008,4.280,-0.5518,61.198,0.6497,0.0206,0.0080,0.3862,4.2625,4.4062,nan,5.1100,5.2596,0.2083,-0.0751,2.1703,0.0890,0.0322,-0.0254,48.0891,0.0705,5.0069,0.1750
18.900,60.181,-5.9116,1.8530,98.795,-5.9017,2.0865,98.427,0.2293,-0.0455,0.2337,-0.368,-2.6342,2.7758,-0.314,-3.2637,-0.7072,98.741,4.494,-0.5286,61.460,0.6439,0.0186,0.0072,0.3877,4.5316,4.8091,nan,5.3163,5.4239,0.2148,-0.0745,2.2470,0.0953,0.0132,-0.0310,48.2891,0.0481,5.4930,0.1750
18.950,60.435,-5.9471,2.1047,97.101,-5.9411,2.3738,97.165,0.2663,-0.0392,0.2692,0.063,-2.6408,2.7969,0.059,-3.3008,-0.4197,97.106,4.726,-0.5489,61.732,0.6631,0.0239,0.0082,0.3420,4.7331,4.8993,nan,5.5750,5.7340,0.2271,-0.0767,2.2927,0.0999,0.0030,-0.0472,48.5890,0.0686,4.4499,0.1750
19.000,60.705,-5.9768,2.3736,95.299,-5.9729,2.6359,95.676,0.2608,-0.0281,0.2623,0.377,-2.6466,2.7971,0.338,-3.3271,-0.1416,95.338,4.921,-0.5664,62.019,0.6651,0.0210,0.0104,0.4983,4.9379,5.1231,nan,5.6981,5.8000,0.2297,-0.0793,2.2799,0.1025,-0.0118,-0.0549,48.7890,0.0424,4.0687,0.1750
19.050,60.981,-5.9985,2.6485,93.494,-5.9930,2.9174,93.649,0.2680,-0.0218,0.2689,0.156,-2.6467,2.7695,0.175,-3.3459,0.1581,93.474,5.098,-0.6049,62.311,0.6762,0.0175,0.0107,0.6103,5.0701,5.1975,nan,5.8174,5.9169,0.2343,-0.0765,2.2577,0.0931,-0.0272,-0.0699,49.0889,0.0405,4.9358,0.1750
19.100,61.273,-6.0119,2.9403,91.489,-6.0064,3.1924,92.035,0.2518,-0.0120,0.2521,0.546,-2.6487,2.7706,0.451,-3.3543,0.4482,91.584,5.314,-0.6447,62.623,0.6711,0.0112,0.0138,1.2243,5.3265,5.6710,nan,6.0015,6.0529,0.2397,-0.0806,2.2380,0.0855,-0.0301,-0.0934,49.3888,0.0201,3.4419,0.1750
19.150,61.575,-6.0150,3.2425,89.374,-6.0108,3.5229,89.531,0.2804,-0.0011,0.2804,0.157,-2.6575,2.7407,0.079,-3.3523,0.7869,89.452,5.465,-0.6489,62.941,0.6882,0.0056,0.0190,3.3919,5.5297,5.7640,nan,5.9910,5.8866,0.2331,-0.0853,2.2260,0.0682,-0.0348,-0.1180,49.6887,-0.0394,2.8385,0.1750
19.200,61.575,-6.0150,3.2425,89.374,-6.0108,3.5229,89.531,0.2804,-0.0011,0.2804,0.157,-2.6575,2.7407,0.079,-3.3523,0.7869,89.452,5.465,-0.6489,63.264,0.6882,0.0056,0.0190,3.3919,5.6318,5.7640,nan,5.7548,5.5683,0.2205,-0.0879,2.2071,0.0570,-0.0388,-0.1142,49.9887,-0.0800,2.8385,0.1750
19.250,61.885,-6.0069,3.5521,87.281,-6.0070,3.8570,87.222,0.3046,0.0146,0.3049,-0.059,-2.6706,2.7313,0.007,-3.3363,1.1261,87.215,5.591,-0.6922,63.264,0.7003,0.0192,0.0183,0.9494,5.5524,5.5915,nan,5.5673,5.4823,0.2171,-0.0928,2.1731,0.0484,-0.0537,-0.1121,50.1886,-0.0800,2.8888,0.1750
19.300,62.196,-5.9871,3.8627,85.037,-5.9837,4.1315,84.561,0.2681,0.0199,0.2688,-0.476,-2.6871,2.6805,-0.563,-3.3107,1.4186,85.124,5.693,-0.7499,63.587,0.6844,0.0112,0.0169,1.5058,5.7330,5.9558,nan,5.3263,5.2769,0.2090,-0.0906,2.1403,0.0186,-0.0706,-0.1318,50.4886,0.0800,-2.9052,0.1750
19.350,62.196,-5.9871,3.8627,85.037,-5.9837,4.1315,84.561,0.2681,0.0199,0.2688,-0.476,-2.6871,2.6805,-0.563,-3.3107,1.4186,85.124,5.693,-0.7499,63.587,0.6844,0.0112,0.0169,1.5058,5.8213,5.9558,nan,5.2069,5.2192,0.2067,-0.0998,2.0934,0.0038,-0.0543,-0.1773,50.7885,0.0055,-2.9052,0.1750
19.400,62.733,-5.9230,4.3955,80.827,-5.9036,4.6967,79.216,0.3005,0.0288,0.3019,-1.611,-2.7309,2.5940,-1.650,-3.2320,2.0105,80.867,5.516,-0.7831,64.115,0.7119,0.0131,0.0229,1.7450,5.5321,5.4419,nan,5.1479,5.3045,0.2101,-0.0819,2.0934,-0.0473,-0.0820,-0.1905,50.9884,0.0734,-2.1549,0.1750
19.450,63.039,-5.8687,4.6968,78.275,-5.8328,4.8840,76.793,0.1906,0.0029,0.1906,-1.482,-2.7306,2.5448,-1.546,-3.1641,2.2546,78.339,5.419,-0.8192,64.416,0.6639,0.0056,0.0238,4.2095,5.4237,5.4465,nan,5.0308,5.1689,0.2047,-0.0731,1.9906,-0.0849,-0.0852,-0.2001,51.1884,0.0659,-3.8068,0.1750
19.500,63.338,-5.8023,4.9879,75.636,-5.7512,5.1999,74.268,0.2181,0.0030,0.2181,-1.368,-2.7242,2.5742,-1.341,-3.0876,2.5541,75.609,5.268,-0.7034,64.705,0.6616,0.0019,0.0384,20.7390,5.1637,5.1062,nan,4.8463,4.9825,0.1973,-0.0902,1.9522,-0.1011,-0.0525,-0.2148,51.4883,0.0800,-1.2151,0.1750
19.550,63.626,-5.7265,5.2660,73.548,-5.6804,5.4059,72.498,0.1472,-0.0046,0.1473,-1.050,-2.7150,2.5529,-0.904,-3.0101,2.8058,73.402,5.213,-0.6096,64.992,0.6432,0.0025,0.0326,13.0583,5.1225,5.1704,nan,4.7805,4.9223,0.1949,-0.1062,1.8255,-0.1129,-0.0215,-0.2263,51.6883,0.0715,-1.9147,0.1750
19.600,63.915,-5.6406,5.5424,71.641,-5.5876,5.6289,70.844,0.0988,-0.0231,0.1014,-0.797,-2.7104,2.5104,-0.783,-2.9195,3.0788,71.627,5.122,-0.6741,65.276,0.6374,0.0115,0.0121,1.0469,5.1175,5.1813,nan,4.6336,4.6610,0.1846,-0.1163,1.8255,-0.1376,-0.0088,-0.2376,51.8882,0.0138,-3.3143,0.1750
19.650,64.193,-5.5489,5.8046,69.407,-5.5006,5.8600,68.683,0.0688,-0.0257,0.0734,-0.724,-2.7290,2.4700,-0.793,-2.8183,3.3513,69.476,4.989,-0.7618,65.546,0.6368,0.0076,0.0153,2.0086,4.8752,4.8316,nan,4.4850,4.5972,0.1821,-0.1240,1.8255,-0.1471,-0.0028,-0.2447,52.0882,0.0599,-2.5306,0.1750
19.700,64.474,-5.4449,6.0659,66.751,-5.4149,6.0545,67.102,0.0014,-0.0320,0.0321,0.351,-2.6880,2.4831,0.077,-2.7221,3.5751,67.025,4.876,-0.8560,65.822,0.6191,0.0021,0.0108,5.1778,4.9499,5.0490,nan,4.3394,4.3063,0.1705,-0.1509,1.8255,-0.1444,0.0120,-0.2508,52.2882,-0.0175,-4.1326,0.1750
19.750,64.733,-5.3381,6.3014,64.065,-5.3038,6.3167,64.536,0.0288,-0.0241,0.0375,0.471,-2.6683,2.4973,0.557,-2.5983,3.8449,63.979,4.714,-0.8916,66.071,0.6278,0.0020,0.0089,4.3636,4.5877,4.4233,nan,4.1165,4.2327,0.1676,-0.1589,1.6552,-0.1490,0.0136,-0.2494,52.4881,0.0673,-3.1366,0.1750
19.800,64.993,-5.2194,6.5329,61.165,-5.1982,6.5090,61.675,-0.0107,-0.0301,0.0319,0.510,-2.6683,2.4973,0.557,-2.4907,4.0362,61.118,4.575,-0.9745,66.323,0.6109,0.0184,0.0230,1.2532,4.4262,4.4233,nan,4.0489,4.1801,0.1656,-0.1930,1.6552,-0.1337,0.0306,-0.2836,52.6881,0.0800,-3.1366,0.1750
19.850,65.243,-5.0934,6.7488,57.794,-5.0932,6.7000,58.811,-0.0412,-0.0262,0.0488,1.016,-2.6815,2.4947,0.551,-2.3711,4.2283,58.260,4.373,-1.1043,66.562,0.6018,0.0217,0.0246,1.1320,4.3578,4.3925,nan,3.8918,3.9678,0.1571,-0.2168,1.6552,-0.1233,0.0353,-0.2987,52.8880,0.0440,-5.0347,0.1750
19.900,65.243,-5.0934,6.7488,57.794,-5.1019,6.7013,58.509,-0.0447,-0.0182,0.0483,0.715,-2.7124,2.4834,0.249,-2.3711,4.2283,58.260,4.373,-1.1043,66.562,0.6018,0.0149,0.0253,1.6940,4.4736,4.5975,nan,3.6379,3.6572,0.1448,-0.2155,1.6552,-0.1164,0.0536,-0.3446,53.1880,-0.0800,-4.3392,0.1750
19.950,65.483,-4.9598,6.9476,53.719,-4.9543,6.9096,54.952,-0.0274,-0.0269,0.0384,1.233,-2.6842,2.4902,0.721,-2.2143,4.4476,54.231,4.191,-1.3280,66.793,0.5956,0.0153,0.0196,1.2780,4.1931,4.1073,nan,3.5654,3.5046,0.1388,-0.2214,1.6192,-0.1305,0.0425,-0.3304,53.3879,-0.0352,-5.1366,0.1750
20.000,65.703,-4.8237,7.1211,49.466,-4.8316,7.0707,51.113,-0.0434,-0.0267,0.0510,1.648,-2.6207,2.5334,1.644,-2.0798,4.5989,49.469,3.990,-1.3396,67.005,0.5834,0.0174,0.0230,1.3182,3.8988,3.7993,nan,3.3951,3.5091,0.1390,-0.2275,1.5056,-0.1205,0.0300,-0.3114,53.4879,0.0660,-6.4990,0.1750
20.050,65.926,-4.6731,7.2857,45.141,-4.6974,7.2245,47.015,-0.0606,-0.0259,0.0659,1.874,-2.6051,2.5533,1.846,-1.9407,4.7361,45.169,3.726,-1.2764,67.215,0.5770,0.0165,0.0258,1.5673,3.7640,3.7644,nan,3.2038,3.1559,0.1250,-0.2509,1.4535,-0.1118,0.0423,-0.3977,53.6878,-0.0277,-5.0842,0.1750
20.100,66.118,-4.5336,7.4179,41.344,-4.5553,7.3765,43.824,-0.0436,-0.0167,0.0467,2.480,-2.5441,2.5959,2.658,-1.7873,4.8687,41.166,3.549,-1.2475,67.399,0.5657,0.0288,0.0281,0.9738,3.4774,3.3917,nan,3.2849,3.3585,0.1330,-0.2688,1.3428,-0.0946,0.0407,-0.4569,53.7878,0.0800,-2.5227,0.1750
20.150,66.321,-4.3769,7.5468,37.204,-4.4257,7.5024,40.074,-0.0657,-0.0058,0.0660,2.870,-2.5319,2.6164,2.881,-1.6459,4.9750,37.193,3.433,-1.2934,67.598,0.5662,0.0285,0.0265,0.9310,3.4011,3.4278,nan,3.2849,2.6868,0.1064,-0.2885,1.3134,-0.0739,0.0710,-0.4780,53.9878,0.0800,-6.1993,0.1750
20.200,66.497,-4.2339,7.6485,33.271,-4.2575,7.6237,35.143,-0.0333,-0.0078,0.0342,1.871,-2.5967,2.5999,1.957,-1.4882,5.0776,33.186,3.230,-1.3342,67.765,0.5542,0.0306,0.0262,0.8555,3.1550,3.0911,nan,3.4457,3.4750,0.1376,-0.2735,1.2183,-0.0726,0.0553,-0.6333,0.1000,0.0800,-0.1367,0.1750
20.250,66.678,-4.0789,7.7426,28.905,-4.1173,7.7087,30.801,-0.0500,-0.0111,0.0512,1.896,-2.6016,2.6025,1.837,-1.3512,5.1522,28.963,3.223,-1.3755,67.948,0.5595,0.0317,0.0323,1.0205,3.1748,3.2475,nan,3.5633,3.6862,0.1460,-0.2792,1.2974,-0.0624,0.0414,-0.4559,0.2000,0.0712,-8.0884,0.1750
20.300,66.844,-3.9308,7.8177,24.623,-3.9525,7.8005,26.763,-0.0269,-0.0066,0.0277,2.140,-2.5724,2.6187,2.192,-1.1809,5.2308,24.571,2.891,-1.2708,68.098,0.5421,0.0337,0.0231,0.6857,3.1811,3.2475,nan,3.5332,3.4414,0.1363,-0.2829,1.3000,-0.0550,0.0639,-0.4188,0.3999,-0.0531,-8.0884,0.1750
20.350,67.014,-3.7738,7.8834,20.423,-3.8376,7.8452,22.818,-0.0731,-0.0135,0.0744,2.394,-2.5724,2.6187,2.192,-1.0644,5.2711,20.626,3.157,-1.3800,68.287,0.5651,0.0373,0.0267,0.7161,2.8674,2.7441,nan,3.6181,3.6970,0.1464,-0.2730,1.1718,-0.0490,0.0492,-0.4048,0.4999,0.0800,6.0034,0.1750
20.400,67.174,-3.6221,7.9345,16.421,-3.6152,7.9374,18.586,0.0074,0.0009,0.0075,2.165,-2.5565,2.6395,2.092,-0.8646,5.3331,16.494,3.351,-1.4405,68.461,0.5282,0.0312,0.0055,0.1771,3.1423,3.4392,nan,3.7590,3.4623,0.1371,-0.3099,1.2841,-0.0143,0.0981,-0.5163,0.7998,0.0800,4.7494,0.1750
20.450,67.174,-3.6221,7.9345,16.421,-3.6006,7.9430,17.671,0.0230,0.0021,0.0231,1.250,-2.6266,2.6288,1.177,-0.8646,5.3331,16.494,3.351,-1.4405,68.461,0.5282,0.0390,0.0242,0.6197,3.3331,3.5129,nan,3.8649,3.8763,0.1535,-0.2843,1.4525,-0.0020,0.0863,-0.3625,0.9998,0.0066,2.8110,0.1750
20.500,67.366,-3.4368,7.9817,11.746,-3.3965,7.9863,12.315,0.0404,-0.0037,0.0405,0.568,-2.6787,2.6164,0.529,-0.6682,5.3763,11.786,3.449,-1.5236,68.661,0.5166,0.0383,0.0192,0.5015,3.4390,3.5704,nan,4.0303,4.1613,0.1648,-0.2612,1.4987,-0.0038,0.0759,-0.3774,1.1997,0.0800,-2.3682,0.1750
20.550,67.553,-3.2519,8.0124,6.612,-3.1742,8.0122,6.543,0.0772,-0.0091,0.0777,-0.070,-2.7319,2.6088,-0.213,-0.4623,5.4017,6.756,3.406,-1.5526,68.850,0.4959,0.0401,0.0159,0.3976,3.3198,3.3138,nan,4.0806,3.9937,0.1582,-0.2226,1.4467,-0.0122,0.0197,-0.3912,1.2997,0.0800,4.2919,0.1750
20.600,67.749,-3.0561,8.0272,1.626,-3.0097,8.0181,1.859,0.0461,-0.0104,0.0472,0.233,-2.7076,2.6146,0.045,-0.2979,5.4037,1.814,3.595,-1.5098,69.062,0.5167,0.0383,0.0234,0.6116,3.5927,3.9328,nan,4.2255,4.3021,0.1704,-0.2206,1.6135,0.0017,0.0543,-0.3334,1.5996,0.0800,4.8701,0.1750
20.650,67.954,-2.8521,8.0254,-3.127,-2.7559,8.0120,-3.337,0.0968,-0.0081,0.0971,-0.210,-2.7284,2.6180,-0.228,-0.0489,5.3938,-3.109,3.798,-1.3907,69.283,0.4735,0.0353,0.0170,0.4812,3.8259,4.0469,nan,4.3228,4.4323,0.1755,-0.2152,1.7245,0.0106,0.0511,-0.3287,1.7996,0.0607,1.2044,0.1750
20.700,68.167,-2.6390,8.0065,-7.385,-2.5133,7.9805,-8.386,0.1280,-0.0097,0.1284,-1.002,-2.7726,2.6200,-0.854,0.1794,5.3637,-7.532,3.852,-1.3333,69.503,0.4547,0.0345,0.0182,0.5278,3.8862,3.9822,nan,4.4164,4.5514,0.1803,-0.2031,1.7701,0.0154,0.0416,-0.3097,1.9995,0.0738,3.6098,0.1750
20.750,68.384,-2.4253,7.9715,-11.651,-2.2931,7.9332,-12.404,0.1372,-0.0108,0.1377,-0.754,-2.7562,2.6195,-0.737,0.3948,5.3193,-11.668,4.011,-1.3529,69.733,0.4486,0.0348,0.0186,0.5350,3.9951,4.1152,nan,4.5075,4.6202,0.1830,-0.1992,1.8367,0.0214,0.0357,-0.2931,2.1995,0.0599,3.3867,0.1750
20.800,68.617,-2.1986,7.9165,-16.107,-2.0787,7.8703,-16.732,0.1280,-0.0111,0.1284,-0.626,-2.7725,2.6240,-0.792,0.6212,5.2554,-15.941,4.162,-1.3334,69.980,0.4446,0.0367,0.0228,0.6213,4.2272,4.4623,nan,4.6830,4.7582,0.1884,-0.1852,1.9649,0.0245,0.0505,-0.2735,2.4994,0.0380,2.8433,0.1750
20.850,68.845,-1.9815,7.8462,-20.227,-1.8344,7.7753,-21.075,0.1626,-0.0157,0.1633,-0.848,-2.7683,2.6235,-0.618,0.8782,5.1616,-20.457,4.281,-1.3300,70.219,0.3984,0.0387,0.0267,0.6899,4.1752,4.2119,nan,4.7599,4.8947,0.1939,-0.1773,1.9554,0.0345,0.0372,-0.2603,2.6994,0.0800,2.1406,0.1750
20.900,69.088,-1.7568,7.7548,-24.518,-1.8344,7.7753,-21.075,-0.0791,-0.0135,0.0803,3.443,-2.7683,2.6235,-0.618,0.8782,5.1616,-20.457,4.281,-1.3300,70.472,0.6402,0.0620,0.0267,0.4310,4.1581,4.2119,nan,4.8101,4.8742,0.1930,-0.1640,1.9483,0.0371,0.0287,-0.2503,2.8993,0.0800,2.1406,0.1750
20.950,69.305,-1.5616,7.6594,-24.518,-1.6455,7.7011,-24.569,-0.0936,0.0031,0.0936,-0.051,-2.7346,2.6255,-0.078,1.0823,5.0770,-24.492,4.381,-1.2849,70.699,0.6370,0.0266,0.0202,0.7583,4.3496,4.5303,nan,4.8643,4.9981,0.1979,-0.1609,2.0380,0.0454,0.0253,-0.2442,3.0993,0.0661,2.5275,0.1750
21.000,69.305,-1.5616,7.6594,-28.085,-1.4399,7.5939,-28.532,0.1382,-0.0004,0.1382,-0.448,-2.7659,2.6407,-0.321,1.2983,4.9606,-28.212,4.479,-1.2299,70.699,0.3918,0.0327,0.0191,0.5840,4.4398,4.5497,nan,4.9345,5.0876,0.2015,-0.1497,2.0803,0.0468,0.0146,-0.2539,3.2992,0.0800,2.8584,0.1750
21.050,69.560,-1.3405,7.5330,-31.821,-1.2364,7.4642,-33.028,0.1248,-0.0036,0.1248,-1.207,-2.8351,2.6645,-0.972,1.5171,4.8261,-32.056,4.606,-1.1561,70.966,0.3904,0.0344,0.0326,0.9488,4.6047,4.7630,nan,5.0604,5.2206,0.2068,-0.1399,2.1689,0.0407,0.0290,-0.2422,3.5992,0.0800,2.6445,0.1750
21.100,69.817,-1.1263,7.3916,-35.484,-1.0240,7.3155,-35.766,0.1275,-0.0026,0.1275,-0.282,-2.7917,2.6546,-0.433,1.7325,4.6740,-35.333,4.719,-1.1465,71.234,0.3850,0.0368,0.0251,0.6816,4.8195,5.0476,nan,5.2193,5.2942,0.2097,-0.1433,2.2266,0.0589,0.0253,-0.2244,3.7991,0.0339,2.1969,0.1750
21.150,70.079,-0.9168,7.2336,-38.980,-0.7852,7.1362,-39.618,0.1636,0.0071,0.1637,-0.638,-2.7896,2.6586,-0.414,1.9720,4.4920,-39.204,4.820,-1.0695,71.508,0.3481,0.0364,0.0273,0.7515,4.7911,4.8463,nan,5.3385,5.4646,0.2164,-0.1411,2.2266,0.0643,0.0420,-0.1929,4.0991,0.0565,2.7549,0.1750
21.200,70.353,-0.7087,7.0561,-42.391,-0.6329,6.9853,-43.357,0.1038,-0.0012,0.1038,-0.966,-2.8679,2.7044,-0.995,2.1603,4.3190,-42.362,4.938,-1.0871,71.794,0.3682,0.0323,0.0303,0.9377,4.9842,5.1894,nan,5.2834,5.1704,0.2048,-0.1217,2.2266,0.0516,0.0118,-0.1616,4.2990,-0.0482,2.0296,0.1750
21.250,70.627,-0.5110,6.8659,-45.881,-0.4356,6.7742,-46.683,0.1183,-0.0097,0.1187,-0.803,-2.8701,2.7096,-0.814,2.3765,4.0988,-45.869,5.031,-1.1069,72.079,0.3408,0.0335,0.0321,0.9576,5.0222,5.1144,nan,5.1567,5.1246,0.2030,-0.1102,2.2266,0.0409,-0.0138,-0.1153,4.4990,-0.0800,2.5476,0.1750
21.300,70.917,-0.3147,6.6520,-49.488,-0.2750,6.5806,-49.324,0.0801,-0.0162,0.0817,0.164,-2.8289,2.6901,0.020,2.5553,3.8896,-49.344,5.134,-0.9981,72.381,0.3590,0.0321,0.0276,0.8612,5.2545,5.5432,nan,5.0953,4.9742,0.1970,-0.1117,2.2266,0.0348,-0.0069,-0.1716,4.7989,-0.0533,-1.2367,0.1750
21.350,71.193,-0.1404,6.4384,-52.478,-0.1024,6.3493,-52.932,0.0938,-0.0241,0.0969,-0.454,-2.8760,2.7356,-0.268,2.7567,3.6266,-52.664,5.083,-0.8842,72.656,0.3207,0.0267,0.0325,1.2184,5.0089,4.9574,nan,5.1343,5.2296,0.2071,-0.0981,2.2266,0.0186,-0.0179,-0.1980,4.9989,0.0440,-1.1821,0.1750
21.400,71.471,0.0244,6.2144,-55.202,0.0149,6.1693,-55.573,0.0316,-0.0335,0.0460,-0.371,-2.8945,2.7592,-0.235,2.8954,3.4220,-55.338,5.030,-0.8666,72.932,0.3501,0.0217,0.0449,2.0691,4.8923,4.9061,nan,5.2329,5.2837,0.2093,-0.0932,2.2266,0.0162,-0.0145,-0.2253,5.1988,0.0800,-2.3168,0.1750
21.450,71.755,0.1814,5.9780,-58.016,0.1614,5.9333,-58.280,0.0273,-0.0406,0.0489,-0.263,-2.8945,2.7592,-0.235,3.0428,3.1867,-58.045,4.952,-0.7791,73.213,0.3597,0.0301,0.0410,1.3617,4.8580,4.9061,nan,5.3503,5.2466,0.2078,-0.0828,2.2554,0.0061,0.0124,-0.2280,5.4988,0.0800,-2.3168,0.1750
21.500,71.755,0.1814,5.9780,-58.016,0.1652,5.9372,-58.089,0.0260,-0.0353,0.0439,-0.073,-2.8801,2.7529,-0.045,3.0428,3.1867,-58.045,4.952,-0.7791,73.213,0.3597,0.0246,0.0442,1.7940,4.8660,4.9296,nan,5.5438,5.6721,0.2246,-0.0834,2.3280,0.0124,0.0226,-0.1743,5.6987,0.0800,1.4559,0.1750
21.550,72.024,0.3199,5.7471,-60.356,0.3030,5.6928,-60.433,0.0389,-0.0416,0.0569,-0.077,-2.8706,2.7363,-0.077,3.1696,2.9608,-60.356,5.010,-0.7154,73.489,0.3723,0.0197,0.0430,2.1798,5.0685,5.2706,nan,5.7170,5.7969,0.2296,-0.0864,2.3433,0.0218,0.0366,-0.1080,5.9987,0.0330,1.0612,0.1750
21.600,72.301,0.4531,5.5042,-62.403,0.4420,5.4088,-63.685,0.0794,-0.0540,0.0960,-1.282,-2.9200,2.7836,-1.067,3.3125,2.6873,-62.618,5.070,-0.6582,73.774,0.3571,0.0129,0.0531,4.1060,5.0907,5.1627,nan,5.8054,5.8814,0.2329,-0.0754,2.3433,0.0121,0.0079,-0.0276,6.2986,0.0308,4.7306,0.1750
21.650,72.597,0.5857,5.2400,-64.593,0.5704,5.1540,-65.232,0.0711,-0.0507,0.0873,-0.639,-2.8950,2.7677,-0.677,3.4370,2.4271,-64.556,5.281,-0.6997,74.089,0.3657,0.0081,0.0345,4.2611,5.3036,5.5372,nan,5.9172,5.9666,0.2363,-0.0790,2.3433,0.0276,0.0032,-0.1087,6.5985,0.0196,3.7039,0.1750
21.700,72.892,0.7079,4.9712,-66.826,0.6893,4.8579,-68.315,0.0969,-0.0617,0.1149,-1.489,-2.9380,2.8248,-1.477,3.5737,2.1258,-66.838,5.441,-0.6618,74.401,0.3476,0.0060,0.0396,6.6064,5.4256,5.5641,nan,6.0082,6.1117,0.2420,-0.0659,2.3433,0.0045,-0.0188,-0.1243,6.7985,0.0408,2.8617,0.1750
21.750,73.195,0.8229,4.6910,-68.855,0.8003,4.5657,-70.730,0.1088,-0.0663,0.1274,-1.876,-2.9411,2.8484,-1.770,3.6866,1.8320,-68.961,5.561,-0.6697,74.717,0.3490,0.0137,0.0623,4.5400,5.5088,5.6227,nan,6.1272,6.1701,0.2444,-0.0593,2.3433,0.0017,-0.0026,-0.1635,7.1984,0.0800,2.2107,0.1750
21.800,73.509,0.9316,4.3959,-71.036,0.9039,4.2904,-71.683,0.0908,-0.0604,0.1091,-0.647,-2.9031,2.7979,-0.761,3.7869,1.5429,-70.922,5.663,-0.6176,75.043,0.3577,0.0092,0.0411,4.4467,5.7452,6.0716,nan,6.2995,6.4457,0.2553,-0.0703,2.4045,0.0225,0.0268,-0.1213,7.4983,0.0554,2.7503,0.1750
21.850,73.824,1.0299,4.0967,-72.873,1.0097,3.9203,-74.661,0.1626,-0.0713,0.1775,-1.788,-2.9165,2.8365,-1.654,3.8933,1.1967,-73.007,5.779,-0.5478,75.372,0.3505,0.0074,0.0446,6.0041,5.8092,5.9211,nan,6.4328,6.5798,0.2606,-0.0614,2.4346,0.0198,0.0216,-0.1014,7.7982,0.0546,2.0187,0.1750
21.900,74.151,1.1220,3.7837,-74.590,1.0892,3.6044,-76.493,0.1641,-0.0792,0.1822,-1.903,-2.9165,2.8507,-1.842,3.9795,0.8822,-74.651,5.873,-0.6025,75.710,0.3565,0.0061,0.0491,8.0414,5.8635,5.9719,nan,6.5576,6.7275,0.2664,-0.0571,2.4640,0.0216,0.0190,-0.0824,8.0982,0.0621,3.4734,0.1750
21.950,74.484,1.2058,3.4607,-74.590,1.0892,3.6044,-76.493,-0.1695,-0.0742,0.1850,-1.903,-2.9165,2.8507,-1.842,3.9795,0.8822,-74.651,5.873,-0.6025,76.063,0.5266,0.0424,0.0491,1.1568,5.8827,5.9719,nan,6.6696,6.8863,0.2727,-0.0513,2.4734,0.0264,0.0110,-0.0670,8.3981,0.0800,3.4734,0.1750
22.000,74.484,1.2058,3.4607,-76.651,1.1667,3.2808,-78.036,0.1660,-0.0795,0.1840,-1.385,-2.9075,2.8412,-1.437,4.0620,0.5417,-76.599,6.032,-0.5952,76.063,0.3598,0.0097,0.0498,5.1248,5.9628,6.0915,nan,6.7772,6.9581,0.2756,-0.0504,2.4734,0.0349,0.0076,-0.0689,8.6980,0.0800,3.3801,0.1750
22.050,74.833,1.2817,3.1205,-78.530,1.2303,2.9326,-79.870,0.1739,-0.0878,0.1948,-1.340,-2.9027,2.8226,-1.337,4.1292,0.2064,-78.533,6.190,-0.5277,76.430,0.3678,0.0079,0.0539,6.7869,6.2161,6.6798,nan,6.9171,7.1259,0.2822,-0.0521,2.4743,0.0411,0.0133,-0.0758,9.0979,0.0728,4.4178,0.1750
22.100,75.179,1.3467,2.7803,-80.090,1.2951,2.5166,-80.739,0.2509,-0.0962,0.2687,-0.649,-2.9019,2.7471,-0.517,4.1989,-0.1927,-80.222,6.385,-0.4967,76.800,0.3749,0.0129,0.0570,4.4284,6.3768,6.6084,nan,7.0553,7.2511,0.2872,-0.0609,2.4808,0.0550,0.0312,-0.0717,9.3979,0.0667,3.2929,0.1750
22.150,75.535,1.4039,2.4294,-81.669,1.3474,2.1800,-81.901,0.2386,-0.0920,0.2558,-0.232,-2.8982,2.7344,-0.321,4.2487,-0.5306,-81.580,6.533,-0.5205,77.175,0.3788,0.0225,0.0623,2.7627,6.6294,7.1646,nan,7.1930,7.3030,0.2892,-0.0584,2.4912,0.0725,0.0306,-0.0652,9.7978,0.0361,3.1671,0.1750
22.200,75.898,1.4523,2.0692,-83.361,1.4024,1.7227,-83.736,0.3384,-0.0896,0.3500,-0.374,-2.8913,2.7110,-0.392,4.3003,-0.9589,-83.344,6.675,-0.5995,77.558,0.3976,0.0277,0.0661,2.3878,6.6867,6.8290,nan,7.3290,7.4947,0.2968,-0.0496,2.5055,0.0775,0.0197,-0.0563,10.1977,0.0540,2.8215,0.1750
22.250,76.269,1.4900,1.7002,-85.359,1.4422,1.3405,-85.477,0.3546,-0.0767,0.3628,-0.118,-2.8850,2.6813,-0.148,4.3306,-1.3296,-85.329,6.801,-0.6220,77.947,0.4050,0.0204,0.0582,2.8540,6.7074,6.8232,nan,7.4288,7.6504,0.3030,-0.0424,2.5163,0.0888,0.0072,-0.0497,10.4976,0.0719,2.1443,0.1750
22.300,76.653,1.5158,1.3173,-87.326,1.4561,1.0281,-87.939,0.2861,-0.0731,0.2953,-0.613,-2.8719,2.7758,-0.642,4.3474,-1.6991,-87.297,6.901,-0.5765,78.347,0.4083,0.0202,0.0720,3.5698,6.9314,7.3678,nan,7.5592,7.7084,0.3053,-0.0264,2.5288,0.0787,-0.0111,-0.0420,10.8975,0.0469,2.8924,0.1750
22.350,77.036,1.5291,0.9340,-89.016,1.4608,0.5868,-90.447,0.3460,-0.0742,0.3539,-1.430,-2.8441,2.8181,-1.308,4.3547,-2.1324,-89.138,7.034,-0.4939,78.751,0.4342,0.0190,0.0786,4.1306,7.0855,7.3606,nan,7.6858,7.8159,0.3095,-0.0124,2.5402,0.0656,-0.0276,-0.0351,11.2974,0.0401,2.9987,0.1750
22.400,77.434,1.5317,0.5360,-90.486,1.4487,0.1822,-92.320,0.3545,-0.0800,0.3634,-1.834,-2.8248,2.8618,-1.684,4.3504,-2.5528,-90.636,7.169,-0.3648,79.169,0.4508,0.0118,0.0902,7.6195,7.1605,7.3347,nan,7.8086,7.9764,0.3159,-0.0068,2.5473,0.0518,-0.0308,-0.0309,11.5974,0.0512,2.3123,0.1750
22.450,77.839,1.5254,0.1315,-90.486,1.4487,0.1822,-92.320,-0.0500,-0.0771,0.0919,-1.834,-2.8248,2.8618,-1.684,4.3504,-2.5528,-90.636,7.169,-0.3648,79.592,0.4295,0.0254,0.0902,3.5489,7.1951,7.3347,nan,7.8981,8.1117,0.3213,0.0065,2.5580,0.0351,-0.0444,-0.0245,11.9973,0.0649,2.3123,0.1750
22.500,77.839,1.5254,0.1315,-91.412,1.4361,-0.2306,-92.656,0.3642,-0.0804,0.3730,-1.244,-2.8507,2.8148,-0.967,4.3376,-2.9726,-91.689,7.275,-0.1930,79.592,0.4641,0.0129,0.0817,6.3095,7.2345,7.3790,nan,8.0000,8.2641,0.3273,-0.0067,2.5643,0.0500,-0.0181,-0.0207,12.2972,0.0799,2.4041,0.1750
22.550,78.272,1.5131,-0.3012,-91.849,1.4193,-0.6247,-93.299,0.3264,-0.0833,0.3369,-1.450,-2.8272,2.8482,-1.281,4.3231,-3.3771,-92.018,7.399,0.0152,80.045,0.4525,0.0145,0.0872,6.0035,7.4862,8.2967,nan,8.0000,8.0797,0.3200,-0.0120,2.5772,0.0522,-0.0001,-0.0132,12.7971,0.0234,3.4414,0.1750
22.600,78.698,1.4996,-0.7277,-91.677,1.3872,-1.1992,-93.536,0.4746,-0.0985,0.4847,-1.859,-2.7964,2.8531,-1.739,4.3047,-3.9235,-91.797,7.564,-0.0449,80.498,0.5220,0.0125,0.1068,8.5400,7.4626,7.5653,nan,8.0000,8.1761,0.3238,-0.0057,2.5753,0.0485,-0.0064,-0.0095,13.1970,0.0525,3.2008,0.1750
22.650,79.103,1.4871,-1.1325,-91.905,1.3793,-1.5139,-93.414,0.3847,-0.0951,0.3963,-1.509,-2.7952,2.8655,-1.607,4.2957,-4.2606,-91.807,7.702,-0.0817,80.925,0.4797,0.0167,0.1106,6.6171,7.7082,8.4531,nan,8.0000,8.2218,0.3256,-0.0035,2.5752,0.0539,-0.0088,-0.0050,13.5969,0.0666,2.0905,0.1750
22.700,79.513,1.4724,-1.5415,-92.302,1.3560,-1.9478,-93.701,0.4106,-0.1000,0.4227,-1.399,-2.7910,2.9340,-1.539,4.2766,-4.7686,-92.162,7.738,-0.1056,81.346,0.5428,0.0270,0.1165,4.3162,7.6226,7.6888,nan,8.0000,8.2324,0.3260,0.0016,2.5752,0.0519,-0.0152,-0.0015,13.8968,0.0800,1.2058,0.1750
22.750,79.948,1.4541,-1.9761,-92.549,1.3480,-2.2936,-93.957,0.3219,-0.0919,0.3348,-1.408,-2.7900,2.9520,-1.322,4.2579,-5.1488,-92.635,7.794,-0.0509,81.795,0.5089,0.0254,0.1140,4.4872,7.7955,8.1660,nan,8.0000,8.1554,0.3230,-0.0019,2.5629,0.0678,-0.0114,0.0039,14.2968,0.0462,1.1339,0.1750
22.800,80.378,1.4346,-2.4058,-92.648,1.3346,-2.7425,-93.810,0.3409,-0.0843,0.3512,-1.162,-2.7919,2.9689,-1.098,4.2352,-5.6313,-92.712,7.844,-0.0044,82.239,0.5445,0.0191,0.0926,4.8432,7.7993,7.9344,nan,8.0000,8.1525,0.3229,-0.0076,2.5389,0.0851,-0.0062,0.0032,14.5967,0.0453,0.7181,0.1750
22.850,80.818,1.4143,-2.8456,-92.597,1.3292,-3.2179,-93.302,0.3758,-0.0681,0.3819,-0.706,-2.8182,2.8848,-0.641,4.2154,-6.0559,-92.662,7.874,0.0006,82.690,0.5343,0.0124,0.0645,5.1949,7.9108,8.1740,nan,8.0000,8.0678,0.3195,-0.0186,2.4784,0.1133,-0.0004,0.0096,15.0966,0.0198,-0.1000,0.1750
22.900,81.259,1.3941,-3.2860,-92.663,1.3150,-3.6822,-93.080,0.3994,-0.0606,0.4040,-0.417,-2.8229,2.8991,-0.486,4.1936,-6.5460,-92.595,7.868,-0.0630,83.138,0.5684,0.0141,0.0586,4.1564,7.8516,7.9402,nan,7.6546,7.5048,0.2972,-0.0212,2.4416,0.1122,-0.0047,0.0113,15.4965,-0.0442,-0.1000,0.1750
22.951,81.259,1.3941,-3.2860,-92.663,1.3150,-3.6822,-93.080,0.3994,-0.0606,0.4040,-0.417,-2.8229,2.8991,-0.486,4.1936,-6.5460,-92.595,7.868,-0.0630,83.138,0.5684,0.0141,0.0586,4.1564,7.6825,7.6956,nan,7.3736,7.1388,0.2827,-0.0243,2.3869,0.1194,-0.0144,0.0123,15.7964,-0.0708,-0.0759,0.1750
23.000,81.700,1.3728,-3.7260,-92.980,1.3071,-4.1001,-93.097,0.3770,-0.0462,0.3798,-0.117,-2.8387,2.8691,-0.229,4.1736,-6.9525,-92.868,7.862,-0.1774,83.586,0.5450,0.0177,0.0504,2.8505,7.7340,7.9121,nan,6.8899,7.0464,0.2791,-0.0287,2.3291,0.1228,-0.0342,0.0135,16.2963,0.0542,-0.6298,0.1750
23.050,82.131,1.3485,-4.1570,-93.701,1.2976,-4.5106,-93.116,0.3562,-0.0280,0.3573,0.586,-2.9030,2.8507,0.416,4.1470,-7.3916,-93.531,7.830,-0.2466,84.021,0.5520,0.0170,0.0373,2.1898,7.8204,8.0438,nan,6.5121,6.3158,0.2501,-0.0400,2.2904,0.1229,-0.0450,-0.0069,16.6962,-0.0671,-4.7489,0.1750
23.100,82.567,1.3179,-4.5915,-94.620,1.2887,-4.9388,-93.541,0.3485,-0.0012,0.3485,1.079,-2.9545,2.8499,0.975,4.1101,-7.8597,-94.515,7.482,-0.3116,84.424,0.5794,0.0195,0.0244,1.2514,7.4064,7.0442,nan,6.4177,6.4644,0.2560,-0.0465,2.2800,0.1313,-0.0517,-0.0216,16.8962,0.0170,-5.6083,0.1750
23.150,83.007,1.2792,-5.0301,-95.767,1.2645,-5.2332,-94.189,0.2035,0.0057,0.2036,1.577,-3.0202,2.8720,1.482,4.0735,-8.2133,-95.672,7.203,-0.3809,84.840,0.5228,0.0176,0.0245,1.3905,7.1332,7.0532,nan,6.1370,6.1778,0.2447,-0.0515,2.2670,0.1135,-0.0576,-0.0359,17.1961,0.0156,-9.0214,0.1750
23.200,83.398,1.2365,-5.4182,-97.159,1.2197,-5.6202,-95.861,0.2025,0.0085,0.2027,1.298,-2.9735,2.9030,1.123,4.0254,-8.6037,-96.984,6.777,-0.4694,85.192,0.5286,0.0190,0.0249,1.3124,6.7107,6.3146,nan,5.9594,6.1135,0.2421,-0.0416,2.2163,0.0762,-0.0840,-0.0572,17.3961,0.0800,-4.7400,0.1750
23.250,83.784,1.1843,-5.8012,-98.755,1.1787,-5.9510,-97.668,0.1489,0.0173,0.1499,1.087,-2.9555,2.8949,1.024,3.9755,-8.9184,-98.692,6.550,-0.5085,85.560,0.4888,0.0246,0.0186,0.7554,6.5060,6.4857,nan,5.6234,5.7507,0.2278,-0.0448,2.1416,0.0428,-0.0882,-0.0775,17.7960,0.0540,-5.2854,0.1750
23.300,84.119,1.1301,-6.1314,-100.287,1.1194,-6.3081,-99.927,0.1758,0.0210,0.1770,0.360,-2.8537,2.9328,0.379,3.9118,-9.2670,-100.306,6.336,-0.4736,85.878,0.5064,0.0273,0.0253,0.9290,6.1595,5.9864,nan,5.5440,5.5533,0.2199,-0.0413,2.1121,0.0105,-0.1029,-0.0886,17.9959,0.0800,-3.6134,0.1750
23.350,84.469,1.0646,-6.4751,-101.602,1.0694,-6.5622,-100.965,0.0844,0.0222,0.0873,0.637,-2.9215,2.9520,0.864,3.8469,-9.5733,-101.829,6.157,-0.4180,86.215,0.4872,0.0306,0.0197,0.6460,5.9479,5.9235,nan,5.3108,5.4566,0.2161,-0.0575,2.0711,-0.0214,-0.0899,-0.1219,18.2959,0.0800,-5.6709,0.1750
23.400,84.806,0.9937,-6.8050,-102.954,1.0019,-6.8805,-102.069,0.0717,0.0249,0.0759,0.885,-2.9215,2.9520,0.864,3.7746,-9.8905,-102.933,5.906,-0.3832,86.533,0.4827,0.0130,0.0116,0.8929,5.8772,5.9235,nan,5.0816,5.1132,0.2025,-0.0760,2.0236,-0.0344,-0.0619,-0.1433,18.5958,0.0145,-5.6709,0.1750
23.450,84.806,0.9937,-6.8050,-102.954,1.0046,-6.8807,-102.122,0.0713,0.0276,0.0765,0.832,-2.9096,2.9554,0.811,3.7746,-9.8905,-102.933,5.906,-0.3832,86.533,0.4827,0.0130,0.0109,0.8370,5.7258,5.7351,nan,4.9240,4.8946,0.1938,-0.0969,2.0098,-0.0419,-0.0475,-0.1648,18.7957,-0.0137,-5.2324,0.1750
23.500,85.124,0.9198,-7.1147,-104.123,0.9351,-7.1257,-104.007,0.0069,0.0175,0.0188,0.117,-2.7979,3.0496,0.145,3.7072,-10.1846,-104.152,5.673,-0.4592,86.834,0.4700,0.0142,0.0059,0.4165,5.5391,5.5315,nan,4.8372,4.8608,0.1925,-0.0960,2.0098,-0.0814,-0.0514,-0.1795,18.9957,0.0114,-7.0251,0.1750
23.550,85.432,0.8406,-7.4124,-106.174,0.8567,-7.3794,-105.512,-0.0362,0.0063,0.0368,0.662,-2.7872,3.0875,0.091,3.6274,-10.4726,-105.602,5.346,-0.7396,87.118,0.4665,0.0171,0.0090,0.5263,5.1999,5.0607,nan,4.5882,4.6571,0.1844,-0.0805,2.0098,-0.1216,-0.0798,-0.1928,19.1957,0.0355,-6.7679,0.1750
23.600,85.718,0.7562,-7.6855,-108.642,0.7811,-7.5961,-107.820,-0.0926,-0.0050,0.0928,0.822,-2.8943,3.0722,0.702,3.5444,-10.7126,-108.523,5.072,-0.7610,87.385,0.4527,0.0208,0.0086,0.4108,4.9163,4.8389,nan,4.5882,4.5763,0.1812,-0.0939,1.9667,-0.1404,-0.0665,-0.2090,19.3956,0.0800,-3.9215,0.1750
23.650,85.998,0.6624,-7.9485,-111.016,0.6879,-7.8369,-110.497,-0.1133,-0.0162,0.1145,0.519,-2.8841,3.0830,0.650,3.4479,-10.9597,-111.147,4.901,-0.6355,87.654,0.4499,0.0045,0.0068,1.5137,4.7052,4.6822,nan,4.3735,4.3031,0.1704,-0.1059,1.8751,-0.1599,-0.0507,-0.2054,19.5956,0.0800,-4.4975,0.1750
23.700,86.271,0.5605,-8.2025,-112.995,0.5984,-8.0337,-112.272,-0.1702,-0.0310,0.1730,0.723,-2.9111,3.1152,0.845,3.3447,-11.1994,-113.117,4.711,-0.6688,87.916,0.4469,0.0081,0.0142,1.7410,4.5468,4.5472,nan,4.3081,4.1576,0.1647,-0.1017,1.6778,-0.1801,-0.0409,-0.2192,19.7955,0.0800,-3.2667,0.1750
23.750,86.549,0.4474,-8.4567,-115.336,0.4947,-8.2920,-113.619,-0.1691,-0.0277,0.1713,1.717,-3.0750,3.0489,1.704,3.2308,-11.4421,-115.323,4.562,-0.7229,88.185,0.4445,0.0188,0.0069,0.3695,4.4369,4.4519,nan,4.1834,4.1417,0.1640,-0.1257,1.6373,-0.1932,-0.0308,-0.2584,19.9955,0.0800,-4.9959,0.1750
23.800,86.799,0.3368,-8.6803,-117.687,0.3893,-8.5065,-115.914,-0.1783,-0.0342,0.1815,1.773,-3.0750,3.0489,1.704,3.1191,-11.6533,-117.618,4.363,-0.6965,88.423,0.4425,0.0269,0.0068,0.2548,4.4085,4.4519,nan,4.0602,4.1847,0.1657,-0.1573,1.4692,-0.1747,0.0362,-0.3050,20.2954,0.0721,-4.9959,0.1750
23.850,86.799,0.3368,-8.6803,-117.687,0.3857,-8.5228,-116.134,-0.1621,-0.0299,0.1649,1.552,-3.0340,3.0459,1.483,3.1191,-11.6533,-117.618,4.363,-0.6965,88.541,0.4425,0.0269,0.0063,0.2342,4.2954,4.3137,nan,3.8804,3.9171,0.1551,-0.2037,1.3569,-0.1673,0.0583,-0.3328,20.4954,0.0213,-3.9553,0.1750
23.900,87.043,0.2199,-8.8942,-119.911,0.2733,-8.7340,-118.250,-0.1655,-0.0336,0.1689,1.661,-3.0687,3.0280,1.644,3.0033,-11.8530,-119.894,4.204,-0.7608,88.658,0.4384,0.0050,0.0101,1.9983,4.2170,4.2487,nan,3.7745,3.7760,0.1495,-0.1963,1.0017,-0.1547,0.0913,-0.3555,20.6953,0.0009,-2.5563,0.1750
23.950,87.271,0.1022,-9.0901,-122.483,0.1550,-8.9367,-121.138,-0.1578,-0.0378,0.1622,1.345,-2.9623,3.0477,1.117,2.8832,-12.0429,-122.255,4.099,-0.9090,88.881,0.4395,0.0095,0.0072,0.7568,4.1377,4.1663,nan,3.6624,3.6161,0.1432,-0.2225,0.8549,-0.1363,0.1321,-0.3926,20.9953,-0.0268,-4.3177,0.1750
24.000,87.491,-0.0211,-9.2726,-126.277,0.0208,-9.1433,-124.425,-0.1291,-0.0428,0.1360,1.852,-2.9608,3.0418,1.087,2.7498,-12.2395,-125.512,3.925,-1.2088,89.094,0.4522,0.0162,0.0037,0.2283,3.7983,3.6604,nan,3.5880,3.7202,0.1473,-0.1678,0.8549,-0.1425,0.0881,-0.4060,21.0952,0.0765,-3.7066,0.1750
24.050,87.703,-0.1511,-9.4396,-130.002,-0.0883,-9.2817,-128.820,-0.1614,-0.0534,0.1700,1.182,-2.9952,3.0251,1.261,2.6354,-12.3678,-130.081,3.779,-1.2246,89.299,0.4301,0.0226,0.0134,0.5911,3.7271,3.7513,nan,3.4042,3.4174,0.1353,-0.2439,0.8549,-0.1215,0.1150,-0.4381,21.2952,0.0076,-4.4853,0.1750
24.100,87.910,-0.2889,-9.5935,-134.068,-0.2387,-9.4485,-132.888,-0.1391,-0.0648,0.1535,1.179,-2.9468,3.0279,1.007,2.4884,-12.5220,-133.896,3.631,-1.0291,89.499,0.4393,0.0045,0.0180,3.9626,3.6050,3.6178,nan,3.1762,3.1819,0.1260,-0.3300,0.8549,-0.1027,0.1454,-0.4361,21.4951,0.0033,0.1462,0.1750
24.150,88.109,-0.4311,-9.7335,-137.076,-0.3834,-9.5900,-135.981,-0.1327,-0.0726,0.1512,1.095,-3.0391,3.0019,1.427,2.3414,-12.6541,-137.408,3.605,-1.0155,89.698,0.4430,0.0097,0.0195,2.0056,3.4936,3.5201,nan,2.9924,3.0397,0.1204,-0.3509,0.8549,-0.0704,0.1999,-0.4315,21.6951,0.0274,-4.7029,0.1750
24.200,88.302,-0.5760,-9.8604,-141.100,-0.5233,-9.7324,-138.757,-0.1214,-0.0665,0.1384,2.344,-3.0578,2.9830,1.495,2.2018,-12.7773,-140.252,3.418,-1.3469,89.883,0.4373,0.0164,0.0075,0.4606,3.3810,3.4010,nan,2.9798,3.0750,0.1218,-0.3741,0.8549,-0.0392,0.1465,-0.4248,21.7951,0.0800,-5.5889,0.1750
24.250,88.489,-0.7264,-9.9724,-146.318,-0.6732,-9.8559,-143.928,-0.1089,-0.0674,0.1281,2.391,-3.0547,2.9671,1.479,2.0499,-12.8801,-145.406,3.184,-1.7025,90.063,0.4379,0.0227,0.0073,0.3237,3.2398,3.2285,nan,2.9798,2.9026,0.1150,-0.4064,0.8549,-0.0250,0.1112,-0.4332,21.8950,0.0800,-5.1533,0.1750
24.300,88.659,-0.8716,-10.0603,-151.679,-0.8154,-9.9589,-149.647,-0.0976,-0.0626,0.1160,2.032,-3.1826,2.9292,2.049,1.9048,-12.9645,-151.696,3.018,-1.7195,90.228,0.4375,0.0283,0.0077,0.2710,3.0459,3.0013,nan,3.0806,3.1070,0.1230,-0.4579,0.8549,0.0079,0.1010,-0.5673,22.0950,0.0153,-1.9776,0.1750
24.350,88.827,-1.0226,-10.1330,-157.323,-0.9576,-10.0231,-155.146,-0.1023,-0.0763,0.1276,2.177,-3.1826,2.9292,2.049,1.7604,-13.0236,-157.195,2.962,-1.7860,90.397,0.4301,0.1075,0.0719,0.6694,2.9649,3.0013,nan,3.1588,3.2849,0.1301,-0.4822,0.8549,0.0336,0.1461,-0.7321,22.2950,0.0800,-1.9776,0.1750
24.400,88.827,-1.0226,-10.1330,-157.323,-0.9606,-10.0385,-154.712,-0.0937,-0.0633,0.1130,2.610,-3.2835,2.8967,2.483,1.7604,-13.0236,-157.195,2.962,-1.7860,90.397,0.4301,0.0131,0.0165,1.2641,2.9334,3.0102,nan,3.2690,3.2994,0.1307,-0.4922,0.9053,0.0627,0.1284,-0.7137,22.3949,0.0800,-3.9038,0.1750
24.450,88.986,-1.1721,-10.1874,-163.132,-1.1247,-10.1059,-159.701,-0.0690,-0.0642,0.0942,3.431,-3.4443,2.8576,3.150,1.6037,-13.0714,-162.851,2.863,-1.8939,90.556,0.4370,0.0185,0.0208,1.1212,2.8875,2.9527,nan,3.3227,3.3228,0.1316,-0.5073,1.1420,0.0870,0.1668,-0.5635,22.5949,0.0001,2.1719,0.1750
24.500,89.149,-1.3307,-10.2265,-169.978,-1.2776,-10.1517,-166.258,-0.0653,-0.0644,0.0917,3.720,-3.3986,2.8576,2.974,1.4432,-13.1018,-169.232,2.960,-2.2708,90.734,0.4387,0.0273,0.0181,0.6637,2.9734,3.1822,nan,3.4322,3.4974,0.1385,-0.4705,1.1760,0.1014,0.0758,-0.5831,22.6949,0.0378,0.5697,0.1750
24.550,89.313,-1.4940,-10.2457,-177.294,-1.4737,-10.1821,-174.188,-0.0232,-0.0626,0.0667,3.106,-3.4045,2.8483,2.965,1.2542,-13.1128,-177.153,3.018,-2.3542,90.912,0.4644,0.0364,0.0237,0.6500,3.0326,3.2224,nan,3.5094,3.6383,0.1441,-0.4310,1.2220,0.1153,0.0640,-0.5447,22.8948,0.0746,0.0064,0.1750
24.600,89.480,-1.6608,-10.2435,175.101,-1.6572,-10.1874,177.884,0.0012,-0.0562,0.0562,2.783,-3.3549,2.8442,2.750,1.0704,-13.0981,175.134,3.062,-2.3390,91.091,0.4816,0.0180,0.0384,2.1276,3.0557,3.2011,nan,3.5576,3.6928,0.1462,-0.3809,1.2491,0.1200,0.0473,-0.5091,23.0948,0.0783,2.3688,0.1750
24.650,89.658,-1.8367,-10.2176,167.546,-1.8329,-10.1572,169.432,0.0093,-0.0598,0.0605,1.885,-3.1706,2.8632,1.956,0.8925,-13.0586,167.475,3.180,-2.2052,91.286,0.4842,0.0217,0.0226,1.0419,3.2049,3.4387,nan,3.6548,3.7898,0.1501,-0.3265,1.3101,0.1110,-0.0202,-0.5157,23.1947,0.0800,2.5600,0.1750
24.700,89.840,-2.0116,-10.1686,160.509,-2.0109,-10.1043,162.838,0.0208,-0.0608,0.0643,2.329,-3.1734,2.8569,2.016,0.7057,-12.9941,160.822,3.304,-2.0438,91.485,0.4972,0.0294,0.0259,0.8831,3.4311,3.7261,nan,3.7812,3.8409,0.1521,-0.2919,1.4333,0.1006,-0.0334,-0.4726,23.3947,0.0346,2.6409,0.1750
24.750,90.025,-2.1825,-10.0982,154.222,-2.1971,-10.0196,155.560,0.0473,-0.0645,0.0800,1.338,-3.0640,2.8580,1.620,0.5024,-12.8970,153.940,3.416,-1.8038,91.682,0.5324,0.0348,0.0163,0.4671,3.4421,3.5341,nan,3.7734,3.7917,0.1502,-0.2598,1.4497,0.0807,-0.0187,-0.4443,23.5947,0.0106,2.9652,0.1750
24.800,90.216,-2.3508,-10.0073,148.667,-2.3614,-9.9131,149.254,0.0580,-0.0749,0.0948,0.588,-2.9125,2.8741,0.948,0.3396,-12.7946,148.307,3.535,-1.6391,91.885,0.5286,0.0381,0.0098,0.2562,3.4592,3.5443,nan,3.7728,3.7828,0.1498,-0.2483,1.4569,0.0741,-0.0569,-0.4337,23.6946,0.0057,2.2482,0.1750
24.850,90.417,-2.5177,-9.8958,143.467,-2.5250,-9.8078,144.459,0.0583,-0.0663,0.0883,0.992,-2.9125,2.8741,0.948,0.1777,-12.6866,143.512,3.623,-1.4907,92.094,0.5231,0.0202,0.0121,0.5969,3.4667,3.5443,nan,3.8163,3.8823,0.1538,-0.2242,1.4601,0.0580,-0.0561,-0.4266,23.8946,0.0382,2.2482,0.1750
24.900,90.595,-2.6573,-9.7851,139.345,-2.5257,-9.8032,144.369,-0.1117,-0.0720,0.1329,5.024,-2.8932,2.8793,0.857,0.1777,-12.6866,143.512,3.623,-1.4907,92.276,0.3789,0.0611,0.0113,0.1844,3.6479,3.8198,nan,3.9939,3.9679,0.1571,-0.2231,1.5364,0.0507,-0.0434,-0.4565,24.0945,0.0800,0.6072,0.1750
24.950,90.595,-2.6573,-9.7851,139.345,-2.6981,-9.6642,139.321,0.1097,-0.0652,0.1276,-0.024,-2.7610,2.8917,0.228,0.0130,-12.5560,139.093,3.649,-1.3849,92.276,0.5512,0.0194,0.0106,0.5469,3.5579,3.5737,nan,4.0412,4.0728,0.1613,-0.2037,1.5371,0.0346,-0.0255,-0.4076,24.2945,0.0800,2.1050,0.1750
25.000,90.794,-2.8041,-9.6505,135.354,-2.8291,-9.5261,134.905,0.1051,-0.0709,0.1268,-0.449,-2.6681,2.9040,-0.225,-0.1120,-12.4307,135.130,3.718,-1.2905,92.481,0.5281,0.0212,0.0037,0.1766,3.7178,3.8574,nan,4.1782,4.2140,0.1669,-0.2013,1.6571,0.0248,-0.0141,-0.3411,24.4944,0.0201,1.4004,0.1750
25.050,91.004,-2.9487,-9.4978,131.192,-2.9892,-9.3477,131.124,0.1396,-0.0684,0.1555,-0.069,-2.7025,2.9106,-0.096,-0.2661,-12.2587,131.220,3.793,-1.2271,92.699,0.5410,0.0239,0.0123,0.5135,3.7991,3.8957,nan,4.2738,4.3894,0.1738,-0.2038,1.6966,0.0225,0.0332,-0.3457,24.7944,0.0650,2.0962,0.1750
25.100,91.219,-3.0852,-9.3316,127.284,-3.1166,-9.1884,127.649,0.1330,-0.0618,0.1466,0.365,-2.7950,2.8983,0.364,-0.3984,-12.0844,127.285,3.881,-1.2188,92.921,0.5386,0.0251,0.0157,0.6249,3.9087,4.0194,nan,4.3689,4.4754,0.1772,-0.2059,1.7572,0.0353,0.0145,-0.3335,24.8944,0.0583,2.6312,0.1750
25.150,91.436,-3.2112,-9.1551,123.401,-3.2539,-9.0025,123.867,0.1509,-0.0484,0.1585,0.466,-2.8074,2.9014,0.399,-0.5295,-11.9005,123.467,3.997,-1.2643,93.148,0.5452,0.0241,0.0219,0.9092,4.0287,4.1489,nan,4.5022,4.5933,0.1819,-0.2006,1.8428,0.0391,0.0435,-0.3021,25.1943,0.0481,3.0120,0.1750
25.200,91.660,-3.3284,-8.9645,119.332,-3.3663,-8.8000,119.380,0.1620,-0.0476,0.1688,0.048,-2.7344,2.8906,0.085,-0.6493,-11.6897,119.295,4.130,-1.3175,93.384,0.5527,0.0192,0.0157,0.8195,4.0800,4.1709,nan,4.5424,4.6220,0.1830,-0.1854,1.8755,0.0297,0.0069,-0.2932,25.2943,0.0415,2.1762,0.1750
25.250,91.894,-3.4363,-8.7565,115.040,-3.4703,-8.5876,115.869,0.1674,-0.0407,0.1723,0.830,-2.8727,2.8989,0.756,-0.7490,-11.4777,115.114,4.234,-1.3320,93.628,0.5459,0.0171,0.0226,1.3232,4.2324,4.3792,nan,4.6473,4.6968,0.1860,-0.1851,1.9645,0.0352,0.0287,-0.2761,25.5942,0.0250,2.4428,0.1750
25.300,92.130,-3.5292,-8.5395,110.828,-3.5690,-8.3621,111.810,0.1800,-0.0259,0.1818,0.982,-2.9331,2.8888,1.047,-0.8413,-11.2374,110.763,4.340,-1.2739,93.875,0.5521,0.0155,0.0268,1.7310,4.3123,4.4184,nan,4.7123,4.7677,0.1888,-0.1791,2.0077,0.0418,0.0336,-0.2707,25.7941,0.0277,1.6179,0.1750
25.350,92.375,-3.6092,-8.3078,106.790,-3.6319,-8.1652,108.228,0.1431,-0.0195,0.1444,1.438,-2.9590,2.8653,1.226,-0.9087,-11.0136,107.002,4.410,-1.2661,94.128,0.5376,0.0139,0.0279,2.0091,4.5559,4.8318,nan,4.7766,4.7257,0.1872,-0.1669,2.1229,0.0473,0.0274,-0.2691,25.9941,-0.0243,1.4377,0.1750
25.400,92.620,-3.6725,-8.0716,102.769,-3.7077,-7.8704,103.777,0.2040,-0.0101,0.2042,1.008,-2.9590,2.8653,1.226,-0.9782,-10.7173,102.551,4.479,-1.2556,94.381,0.5645,0.0178,0.0399,2.2381,4.6872,4.8318,nan,4.9036,4.8656,0.1927,-0.1585,2.1972,0.0508,0.0334,-0.2586,26.2940,-0.0178,1.4377,0.1750
25.450,92.620,-3.6725,-8.0716,102.769,-3.7052,-7.8765,103.633,0.1975,-0.0113,0.1978,0.864,-2.9295,2.8574,1.082,-0.9782,-10.7173,102.551,4.479,-1.2556,94.381,0.5645,0.0178,0.0372,2.0867,4.4138,4.3300,nan,4.9036,5.0554,0.2002,-0.1396,2.0785,0.0385,0.0234,-0.2507,26.4940,0.0800,1.5382,0.1750
25.500,92.873,-3.7208,-7.8233,98.757,-3.7317,-7.6838,99.732,0.1396,-0.0105,0.1400,0.975,-2.8942,2.8410,0.924,-1.0071,-10.5099,98.809,4.554,-1.1633,94.643,0.5314,0.0124,0.0282,2.2732,4.5967,4.7710,nan,5.0594,5.2113,0.2064,-0.1303,2.1727,0.0330,0.0223,-0.2442,26.6940,0.0724,2.0485,0.1750
25.550,93.130,-3.7528,-7.5677,95.125,-3.7649,-7.3804,95.339,0.1877,-0.0047,0.1877,0.214,-2.8289,2.8315,0.561,-1.0359,-10.2022,94.778,4.648,-1.0417,94.910,0.5486,0.0095,0.0315,3.3215,4.4792,4.4876,nan,5.1071,5.1342,0.2033,-0.1202,2.1302,0.0282,0.0234,-0.2336,26.8939,0.0800,2.9627,0.1750
25.600,93.418,-3.7706,-7.2803,91.564,-3.7768,-7.1301,92.147,0.1504,0.0021,0.1504,0.583,-2.8150,2.8390,0.459,-1.0415,-9.9610,91.688,4.783,-0.9870,95.211,0.5191,0.0077,0.0357,4.6212,4.7535,5.2560,nan,5.3402,5.4970,0.2177,-0.1170,2.2829,0.0379,0.0384,-0.2073,27.1938,0.0800,2.9926,0.1750
25.650,93.676,-3.7717,-7.0232,88.595,-3.7721,-6.8198,88.913,0.2033,0.0054,0.2034,0.319,-2.7782,2.8328,0.244,-1.0349,-9.6484,88.670,4.902,-0.9705,95.480,0.5349,0.0105,0.0380,3.6291,4.9858,5.2457,nan,5.4524,5.4719,0.2167,-0.1056,2.3396,0.0408,0.0416,-0.1661,27.4938,0.0083,1.3640,0.1750
25.700,93.936,-3.7598,-6.7627,85.790,-3.7459,-6.5110,85.885,0.2520,0.0046,0.2521,0.095,-2.8047,2.8492,0.436,-1.0123,-9.3528,85.449,4.952,-0.9114,95.748,0.5426,0.0065,0.0479,7.3811,4.7878,4.7630,nan,5.6003,5.7610,0.2282,-0.1022,2.3872,0.0412,0.0349,-0.1098,27.6937,0.0800,4.1665,0.1750
25.750,94.224,-3.7321,-6.4760,82.822,-3.7090,-6.2995,83.080,0.1780,-0.0009,0.1780,0.259,-2.7605,2.8208,0.209,-0.9818,-9.1168,82.871,5.131,-0.8552,96.053,0.5157,0.0037,0.0333,8.9216,5.0611,5.4790,nan,5.6879,5.7612,0.2282,-0.0929,2.3872,0.0315,0.0221,-0.1216,27.9937,0.0304,2.0250,0.1750
25.800,94.504,-3.6917,-6.1993,80.203,-3.6439,-5.9979,79.665,0.2066,-0.0129,0.2070,-0.538,-2.6327,2.7834,-0.550,-0.9269,-8.7907,80.215,5.227,-0.8374,96.343,0.5271,0.0032,0.0315,9.6990,5.2541,5.4607,nan,5.8529,5.9555,0.2359,-0.0730,2.3872,0.0083,0.0050,-0.1325,28.2936,0.0416,3.7583,0.1750
25.850,94.780,-3.6397,-5.9281,77.694,-3.5813,-5.7218,77.328,0.2140,-0.0131,0.2144,-0.366,-2.6524,2.7901,-0.417,-0.8670,-8.5184,77.745,5.378,-0.8110,96.635,0.5210,0.0031,0.0309,10.0294,5.4635,5.7095,nan,5.9733,6.0386,0.2392,-0.0661,2.3890,0.0048,0.0061,-0.1318,28.5935,0.0257,2.1979,0.1750
25.900,95.073,-3.5720,-5.6428,75.314,-3.4828,-5.4071,74.702,0.2506,-0.0266,0.2520,-0.611,-2.6144,2.8021,-0.558,-0.7884,-8.2173,75.260,5.480,-0.6542,96.940,0.5206,0.0039,0.0308,7.9725,5.6330,5.8277,nan,6.0874,6.1177,0.2423,-0.0605,2.3973,0.0063,0.0119,-0.1252,28.8935,0.0116,3.2190,0.1750
25.950,95.368,-3.4933,-5.3593,73.413,-3.3839,-5.0903,72.660,0.2890,-0.0280,0.2904,-0.753,-2.6144,2.8021,-0.558,-0.6926,-7.8996,73.218,5.612,-0.5920,97.248,0.5273,0.0064,0.0108,1.6792,5.7103,5.8277,nan,6.1829,6.2265,0.2466,-0.0503,2.3973,-0.0066,0.0138,-0.1172,29.1934,0.0165,3.2190,0.1750
26.000,95.368,-3.4933,-5.3593,73.413,-3.3775,-5.0766,72.891,0.3040,-0.0303,0.3055,-0.522,-2.6398,2.8189,-0.327,-0.6926,-7.8996,73.218,5.612,-0.5920,97.248,0.5273,0.0064,0.0121,1.8765,5.5331,5.5237,nan,6.3191,6.4166,0.2541,-0.0488,2.3973,-0.0044,0.0220,-0.1150,29.3933,0.0800,2.5365,0.1750
26.050,95.685,-3.3984,-5.0561,71.565,-3.2671,-4.7844,71.396,0.2993,-0.0387,0.3018,-0.169,-2.6578,2.8324,-0.084,-0.5981,-7.6177,71.480,5.722,-0.5534,97.579,0.5146,0.0011,0.0090,8.4528,5.6613,5.8121,nan,6.4715,6.4739,0.2564,-0.0444,2.4062,-0.0018,0.0499,-0.1202,29.7932,0.0800,2.1199,0.1750
26.100,96.020,-3.2881,-4.7399,69.765,-3.1455,-4.4689,70.185,0.3036,-0.0401,0.3062,0.419,-2.7070,2.8383,0.352,-0.4835,-7.3044,69.832,5.827,-0.4746,97.927,0.5093,0.0008,0.0092,11.0786,5.9233,6.3885,nan,6.6635,6.8250,0.2703,-0.0398,2.4976,0.0159,0.0616,-0.0461,30.0932,0.0580,3.9167,0.1750
26.150,96.334,-3.1767,-4.4468,68.400,-2.9897,-4.1004,68.859,0.3909,-0.0464,0.3936,0.460,-2.7323,2.8383,0.654,-0.3366,-6.9353,68.205,5.989,-0.4233,98.258,0.5328,0.0010,0.0121,11.8889,5.7752,5.7853,nan,6.7990,6.8513,0.2713,-0.0357,2.4959,0.0198,0.0584,-0.0117,30.3931,0.0800,2.7599,0.1750
26.200,96.673,-3.0488,-4.1327,67.090,-2.9018,-3.8575,69.505,0.3108,-0.0283,0.3120,2.415,-2.9527,2.8299,2.400,-0.2291,-6.6836,67.105,6.121,-0.3924,98.613,0.5058,0.0022,0.0128,5.8679,6.0450,6.6622,nan,6.9698,7.1184,0.2819,-0.0467,2.4937,0.0679,0.0763,-0.0184,30.7930,0.0800,4.4965,0.1750
26.250,97.015,-2.9126,-3.8183,65.885,-2.7575,-3.4777,69.121,0.3743,-0.0024,0.3743,3.236,-3.0568,2.8202,3.274,-0.0607,-6.3047,65.848,6.317,-0.3656,98.978,0.5262,0.0028,0.0278,9.8605,6.2688,6.6127,nan,7.0000,7.1535,0.2833,-0.0492,2.4937,0.1019,0.0808,-0.0212,31.0930,0.0523,2.9446,0.1750
26.300,97.328,-2.7828,-3.5339,64.891,-2.6427,-3.1892,68.190,0.3716,0.0194,0.3721,3.299,-3.0816,2.7931,3.390,0.0843,-5.9978,64.800,6.432,-0.3666,99.306,0.5328,0.0038,0.0312,8.1215,6.2684,6.3542,nan,7.0000,7.1664,0.2838,-0.0407,2.4348,0.1258,0.0727,-0.0227,31.3929,0.0568,1.7871,0.1750
26.350,97.687,-2.6271,-3.2104,63.416,-2.5175,-2.8960,67.347,0.3302,0.0427,0.3330,3.931,-3.0989,2.7830,3.582,0.2254,-5.7042,63.766,6.609,-0.4884,99.688,0.5204,0.0011,0.0380,35.7555,6.5297,7.1391,nan,7.0000,7.0521,0.2793,-0.0214,2.3878,0.1380,0.0416,0.0225,31.7928,0.0800,2.6664,0.1750
26.400,98.054,-2.4592,-2.8840,61.834,-2.3527,-2.5351,65.228,0.3579,0.0708,0.3648,3.394,-3.0993,2.7429,3.387,0.4335,-5.3129,61.842,6.728,-0.4594,100.072,0.5445,0.0032,0.0241,7.5559,6.6432,6.8326,nan,7.0000,7.1746,0.2841,0.0016,2.3621,0.1370,0.0078,0.0328,32.0927,0.0800,1.8744,0.1750
26.450,98.406,-2.2902,-2.5751,60.556,-2.2055,-2.2481,64.241,0.3264,0.0869,0.3378,3.685,-3.1228,2.7383,3.708,0.5929,-5.0353,60.532,6.805,-0.3973,100.437,0.5255,0.0056,0.0253,4.5166,6.8853,7.3896,nan,7.0000,7.0872,0.2807,0.0222,2.3329,0.1315,-0.0216,0.0534,32.4926,0.0293,1.2082,0.1750
26.500,98.767,-2.1111,-2.2619,59.850,-2.0170,-1.8820,63.500,0.3757,0.1094,0.3913,3.650,-3.1601,2.7201,4.157,0.8065,-4.6729,59.343,6.814,-0.0752,100.803,0.5452,0.0067,0.0146,2.1758,6.8300,6.8975,nan,6.8187,6.8101,0.2697,0.0303,2.3209,0.1289,-0.0189,0.0623,32.7926,-0.0029,1.1324,0.1750
26.550,99.143,-1.9220,-1.9366,59.918,-1.8538,-1.5610,63.796,0.3592,0.1292,0.3818,3.879,-3.1552,2.7234,4.184,0.9853,-4.3679,59.612,6.860,0.1278,101.189,0.5341,0.0085,0.0164,1.9263,6.8737,7.0067,nan,6.3761,6.3238,0.2504,0.0474,2.3194,0.1202,-0.0312,0.0632,33.0925,-0.0800,0.0066,0.1750
26.601,99.143,-1.9220,-1.9366,59.918,-1.8538,-1.5610,63.796,0.3592,0.1292,0.3818,3.879,-3.1552,2.7234,4.184,0.9853,-4.3679,59.612,6.860,0.1278,101.189,0.5341,0.0085,0.0164,1.9263,6.8917,7.0067,nan,6.1388,6.3091,0.2499,0.0668,2.3145,0.1096,-0.0367,0.0372,33.4924,0.0800,0.0066,0.1750
26.650,99.521,-1.7342,-1.6093,60.635,-1.6619,-1.1664,64.278,0.4214,0.1542,0.4487,3.643,-3.1292,2.7395,3.920,1.1968,-3.9971,60.358,6.855,0.2789,101.571,0.5579,0.0073,0.0311,4.2817,6.5478,6.3798,nan,5.9877,5.9480,0.2356,0.0747,2.2260,0.1059,-0.0307,0.0795,33.7923,0.0800,-2.1110,0.1750
26.700,99.942,-1.5303,-1.2407,61.812,-1.4990,-0.8470,64.391,0.3619,0.1584,0.3950,2.579,-3.0338,2.7863,2.826,1.3538,-3.7045,61.565,6.716,0.5127,101.983,0.5220,0.0025,0.0156,6.3603,6.7502,7.0916,nan,5.6197,5.4293,0.2150,0.0950,2.1754,0.0653,-0.0457,0.1194,34.1922,-0.0751,-5.5727,0.1750
26.750,100.310,-1.3607,-0.9135,63.985,-1.3219,-0.4579,66.265,0.4264,0.1649,0.4572,2.280,-3.0378,2.7776,2.810,1.5552,-3.3157,63.456,6.460,0.7235,102.332,0.5535,0.0032,0.0113,3.5439,6.4054,6.2307,nan,5.4740,5.3937,0.2136,0.0977,2.0813,0.0786,-0.0189,0.1326,34.3922,-0.0333,-6.7036,0.1750
26.800,100.663,-1.2110,-0.5939,66.366,-1.2014,-0.2008,67.817,0.3640,0.1488,0.3932,1.451,-2.9528,2.7957,1.536,1.6705,-3.0423,66.280,6.157,0.7821,102.661,0.5356,0.0145,0.0328,2.2647,6.0885,5.9627,nan,5.3203,5.3186,0.2106,0.1167,2.0637,0.0469,-0.0407,0.1503,34.6921,-0.0007,-8.0687,0.1750
26.850,100.991,-1.0853,-0.2918,69.117,-1.0957,0.0950,70.233,0.3576,0.1476,0.3869,1.116,-2.9448,2.7982,1.370,1.7839,-2.7467,68.862,5.772,0.8776,102.958,0.5384,0.0120,0.0336,2.8055,5.6766,5.3309,nan,5.1527,5.3093,0.2103,0.1181,2.0229,0.0508,-0.0350,0.1651,34.9921,0.0733,-5.7474,0.1750
26.900,101.268,-0.9908,-0.0313,71.552,-1.0165,0.2952,71.921,0.3016,0.1277,0.3275,0.369,-2.8824,2.8146,0.337,1.8510,-2.5304,71.584,5.555,0.8982,103.220,0.5241,0.0146,0.0348,2.3855,5.4169,5.3517,nan,4.9726,5.0861,0.2014,0.1423,1.9820,0.0212,-0.0420,0.1768,35.1920,0.0800,-4.3232,0.1750
26.950,101.568,-0.9020,0.2555,74.674,-0.9292,0.5894,74.291,0.3149,0.1145,0.3350,-0.383,-2.8570,2.8347,-0.160,1.9341,-2.2398,74.451,5.376,0.9893,103.509,0.5308,0.0141,0.0229,1.6238,5.1909,5.1503,nan,4.6854,4.8215,0.1910,0.1509,1.9249,0.0158,-0.0298,0.1787,35.3920,0.0800,-2.7564,0.1750
27.000,101.866,-0.8297,0.5444,77.841,-0.8626,0.8549,77.465,0.2967,0.0975,0.3123,-0.376,-2.8402,2.8363,-0.393,1.9912,-1.9677,77.858,5.257,1.0380,103.801,0.5303,0.0143,0.0246,1.7184,5.1468,5.2019,nan,4.5164,4.6309,0.1834,0.1631,1.8388,0.0040,-0.0346,0.1806,35.6919,0.0607,-4.0983,0.1750
27.050,102.155,-0.7761,0.8287,81.494,-0.7917,1.0836,78.930,0.2498,0.0532,0.2554,-2.564,-2.7633,2.8455,-2.116,2.0353,-1.6879,81.046,5.080,1.1710,104.081,0.5343,0.0202,0.0092,0.4560,5.1262,5.1961,nan,4.3311,4.3515,0.1723,0.1644,1.8113,-0.0025,-0.0169,0.1755,35.8919,0.0110,-5.0754,0.1750
27.100,102.428,-0.7428,1.1001,85.184,-0.7917,1.0836,78.930,-0.0205,0.0474,0.0516,-6.254,-2.7633,2.8455,-2.116,2.0353,-1.6879,81.046,5.080,1.1710,104.342,0.4421,0.0373,0.0092,0.2463,5.1189,5.1961,nan,4.1356,3.9933,0.1581,0.1649,1.7982,-0.0347,-0.0136,0.1841,36.0918,-0.0762,-5.0754,0.1750
27.150,102.428,-0.7428,1.1001,85.184,-0.7476,1.3486,83.027,0.2472,0.0257,0.2485,-2.157,-2.7473,2.8167,-2.432,2.0601,-1.3819,85.459,4.874,1.1978,104.342,0.5639,0.0231,0.0131,0.5696,4.7220,4.4362,nan,4.0527,4.0613,0.1608,0.1936,1.5792,-0.0310,0.0005,0.2460,36.2918,0.0049,-5.1819,0.1750
27.200,102.695,-0.7280,1.3664,89.068,-0.7359,1.5604,86.330,0.1939,0.0110,0.1942,-2.737,-2.7381,2.8346,-2.685,2.0597,-1.1790,89.015,4.649,1.1829,104.596,0.5344,0.0237,0.0134,0.5660,4.5682,4.5634,nan,3.9164,3.9670,0.1571,0.2068,1.5277,-0.0268,0.0064,0.2407,36.4917,0.0293,-8.6842,0.1750
27.250,102.952,-0.7311,1.6231,92.889,-0.7296,1.7730,90.163,0.1496,-0.0091,0.1499,-2.726,-2.7337,2.7902,-2.553,2.0475,-0.9270,92.715,4.248,1.1944,104.827,0.5389,0.0319,0.0123,0.3862,4.3491,4.3103,nan,3.8496,3.9158,0.1551,0.2078,1.4545,-0.0221,0.0422,0.2359,36.5917,0.0800,-4.5365,0.1750
27.300,103.172,-0.7484,1.8428,96.717,-0.7331,1.9916,93.103,0.1460,-0.0326,0.1496,-3.614,-2.7133,2.8211,-3.539,2.0276,-0.7057,96.642,4.079,1.2953,105.040,0.5419,0.0437,0.0127,0.2909,4.0162,3.8855,nan,3.6761,3.6955,0.1464,0.2086,1.3431,-0.0198,0.0501,0.2913,36.7917,0.0800,-3.7525,0.1750
27.350,103.397,-0.7817,2.0647,100.868,-0.7516,2.1897,97.253,0.1171,-0.0531,0.1286,-3.614,-2.7126,2.8305,-3.547,1.9968,-0.5183,100.801,3.945,1.2782,105.259,0.5201,0.0171,0.0202,1.1825,3.9539,3.9866,nan,3.5817,3.6602,0.1450,0.2293,1.3223,-0.0133,0.0419,0.3719,36.9916,0.0454,-2.4252,0.1750
27.400,103.611,-0.8286,2.2740,104.850,-0.7969,2.4167,102.023,0.1298,-0.0673,0.1462,-2.827,-2.7224,2.8092,-3.091,1.9439,-0.2880,105.114,3.850,1.2476,105.470,0.5369,0.0335,0.0194,0.5812,3.7082,3.6527,nan,3.4224,3.5550,0.1408,0.2185,1.2401,0.0125,0.0691,0.3879,37.0916,0.0768,-4.2412,0.1750
27.450,103.826,-0.8900,2.4794,108.867,-0.8495,2.5284,105.571,0.0332,-0.0542,0.0636,-3.296,-2.7242,2.7511,-3.177,1.8841,-0.1185,108.747,3.692,1.2861,105.678,0.5158,0.0396,0.0219,0.5542,3.7419,3.8216,nan,3.3400,3.4695,0.1374,0.1938,1.2319,0.0506,0.0653,0.3790,37.2916,0.0750,-2.6422,0.1750
27.500,104.023,-0.9595,2.6637,112.895,-0.9188,2.6959,109.941,0.0138,-0.0500,0.0519,-2.954,-2.7203,2.7057,-2.977,1.7996,0.0838,112.918,3.607,1.2401,105.873,0.5381,0.0455,0.0129,0.2849,3.5653,3.5403,nan,3.2569,3.2871,0.1302,0.1687,1.1738,0.0788,0.0843,0.3949,37.3915,0.0800,-2.4494,0.1750
27.550,104.218,-1.0412,2.8416,116.696,-0.9797,2.8479,113.342,-0.0220,-0.0578,0.0618,-3.353,-2.7063,2.7070,-3.573,1.7145,0.2482,116.915,3.519,1.0873,106.065,0.5339,0.0530,0.0151,0.2841,3.4183,3.4097,nan,3.1753,3.2497,0.1287,0.1565,1.0497,0.0970,0.0557,0.4257,37.5915,0.0800,-2.3094,0.1750
27.600,104.413,-1.1332,3.0128,120.039,-0.9797,2.8479,113.342,-0.2195,-0.0503,0.2252,-6.697,-2.7063,2.7070,-3.573,1.7145,0.2482,116.915,3.519,1.0873,106.256,0.3797,0.1056,0.0151,0.1426,3.3782,3.4097,nan,3.0199,3.1187,0.1235,0.1906,1.0284,0.0947,0.0507,0.4444,37.6915,0.0572,-2.3094,0.1750
27.650,104.413,-1.1332,3.0128,120.039,-1.0792,3.0334,117.588,-0.0092,-0.0571,0.0578,-2.451,-2.7150,2.6984,-2.712,1.6182,0.4120,120.300,3.424,0.9214,106.256,0.5338,0.0305,0.0213,0.6968,3.2819,3.2949,nan,2.8565,2.8902,0.1145,0.2595,0.9768,0.1082,0.0087,0.4909,37.8914,0.0195,-3.4108,0.1750
27.700,104.607,-1.2345,3.1785,122.983,-1.1805,3.1983,120.827,-0.0128,-0.0561,0.0575,-2.156,-2.7255,2.7006,-1.983,1.5269,0.5509,122.809,3.277,0.9525,106.443,0.5120,0.0369,0.0115,0.3123,3.4534,3.5790,nan,2.5079,2.7206,0.1077,0.3589,1.0278,0.1094,-0.0933,0.5943,38.1914,-0.0800,-3.9269,0.1750
27.750,104.777,-1.3302,3.3187,125.876,-1.3045,3.3802,124.144,0.0348,-0.0569,0.0667,-1.731,-2.7301,2.7024,-1.851,1.4030,0.7236,125.995,3.130,1.0051,106.606,0.5523,0.0406,0.0055,0.1345,3.1070,2.9751,nan,2.5079,2.3723,0.0940,0.4001,0.9248,0.1104,-0.0954,0.6179,38.2913,-0.0785,-5.7556,0.1750
27.800,104.942,-1.4311,3.4498,129.631,-1.3956,3.4912,127.343,0.0092,-0.0538,0.0546,-2.288,-2.7368,2.7055,-1.817,1.3157,0.8279,129.160,2.912,1.2483,106.763,0.5275,0.0493,0.0065,0.1324,2.8269,2.7498,nan,2.4973,2.5583,0.1013,0.4096,0.8414,0.1146,-0.0744,0.6499,38.3913,0.0353,-5.1872,0.1750
27.850,105.099,-1.5356,3.5667,134.466,-1.4879,3.5917,131.694,-0.0155,-0.0516,0.0538,-2.772,-2.7368,2.7055,-1.817,1.2201,0.9254,133.511,2.703,1.5723,106.914,0.5107,0.0642,0.0079,0.1236,2.7485,2.7750,nan,2.4866,2.4438,0.0968,0.4108,0.8180,0.1173,-0.0711,0.3649,38.5912,0.0800,-7.2787,0.1750
27.900,105.241,-1.6396,3.6639,139.579,-1.6255,3.7341,138.341,0.0348,-0.0626,0.0716,-1.238,-2.7469,2.7298,-1.085,1.1022,1.0254,139.426,2.442,1.5748,107.047,0.5244,0.0313,0.0084,0.2677,2.5092,2.4325,nan,2.4694,2.5013,0.0991,0.4680,0.8000,0.1058,-0.0321,0.6655,38.6912,0.0800,-0.2323,0.1750
27.950,105.376,-1.7457,3.7468,144.562,-1.7288,3.8038,143.142,0.0193,-0.0563,0.0595,-1.420,-2.7608,2.7392,-1.653,1.0009,1.0940,144.796,2.441,1.5767,107.184,0.5139,0.0376,0.0121,0.3223,2.3785,2.3714,nan,2.3820,2.3846,0.0944,0.5370,0.8000,0.1081,-0.0534,0.9621,38.7912,0.0015,-2.1467,0.1750
28.000,105.511,-1.8587,3.8201,149.576,-1.8415,3.8877,147.115,0.0194,-0.0670,0.0698,-2.461,-2.7806,2.7682,-2.390,0.8916,1.1577,149.505,2.386,1.6160,107.319,0.5066,0.0473,0.0200,0.4234,2.3809,2.4700,nan,2.2717,2.2177,0.0878,0.6895,0.8000,0.0847,-0.1645,0.8917,38.9912,-0.0313,-0.8187,0.1750
28.050,105.642,-1.9746,3.8812,155.078,-1.9753,3.9588,152.653,0.0333,-0.0701,0.0776,-2.425,-2.7806,2.7682,-2.390,0.7550,1.2232,155.043,2.371,1.7942,107.453,0.5273,0.0571,0.0299,0.5241,2.3624,2.4700,nan,2.1866,2.2828,0.0904,0.7372,0.8000,0.0647,-0.1723,0.8811,39.0912,0.0557,-0.8187,0.1750
28.100,105.642,-1.9746,3.8812,155.078,-1.9729,3.9669,152.240,0.0346,-0.0784,0.0857,-2.838,-2.7868,2.7820,-2.803,0.7550,1.2232,155.043,2.371,1.7942,107.519,0.5273,0.0571,0.0298,0.5214,2.2397,2.2815,nan,2.1866,2.1469,0.0850,0.8082,0.8000,0.0478,-0.1576,0.8790,39.1912,0.0800,-3.0329,0.1750
28.150,105.776,-2.0990,3.9311,161.508,-2.0921,4.0237,158.644,0.0228,-0.0900,0.0928,-2.865,-2.7838,2.7891,-2.133,0.6452,1.2595,160.776,2.259,1.9850,107.588,0.5084,0.0246,0.0408,1.6582,2.2584,2.4255,nan,2.1681,2.2242,0.0881,0.7991,0.8000,0.0222,-0.2249,1.1806,39.3911,0.0324,-4.1221,0.1750
28.200,105.898,-2.2168,3.9633,168.222,-2.2334,4.0587,166.019,0.0357,-0.0900,0.0969,-2.202,-2.7789,2.7851,-1.787,0.5055,1.2900,167.806,2.115,2.1691,107.710,0.5281,0.0325,0.0324,0.9983,2.1579,2.2086,nan,2.1681,2.1759,0.0862,0.8314,0.8000,0.0230,-0.2211,1.2041,39.4911,0.0045,-3.3500,0.1750
28.250,106.007,-2.3250,3.9795,174.649,-2.3489,4.0821,172.927,0.0334,-0.0999,0.1053,-1.723,-2.7912,2.7994,-1.907,0.3993,1.2967,174.834,2.038,2.0834,107.822,0.5227,0.0336,0.0326,0.9689,2.0519,2.1064,nan,2.3120,2.3719,0.0939,0.8597,0.8000,-0.0059,-0.2387,1.2655,39.5910,0.0800,-0.4512,0.1750
28.300,106.119,-2.4371,3.9834,-178.643,-2.4597,4.0909,-180.939,0.0201,-0.1080,0.1099,-2.296,-2.7968,2.8089,-2.192,0.2877,1.2940,-178.748,2.039,2.1578,107.940,0.5199,0.0397,0.0382,0.9632,2.0232,2.1500,nan,2.3785,2.4219,0.0959,0.8601,0.8000,-0.0360,-0.2524,1.2238,39.6910,0.0800,-1.4075,0.1750
28.350,106.233,-2.5503,3.9739,-171.864,-2.5859,4.0959,-173.889,0.0180,-0.1258,0.1271,-2.025,-2.8012,2.8206,-2.377,0.1621,1.2831,-171.512,2.034,2.1117,108.060,0.5311,0.0469,0.0450,0.9589,1.9753,2.0808,nan,2.4212,2.3740,0.0940,0.8461,0.8000,-0.0590,-0.1683,1.2238,39.6910,0.0800,1.0765,0.1750
28.400,106.349,-2.6642,3.9507,-164.917,-2.6973,4.0736,-167.626,0.0000,-0.1273,0.1273,-2.709,-2.8045,2.8221,-2.263,0.0577,1.2547,-165.363,2.114,2.1701,108.189,0.5205,0.0179,0.0639,3.5698,2.1177,2.4012,nan,2.5131,2.5676,0.1017,0.8772,0.8000,-0.0961,-0.2565,1.0349,39.8909,0.0315,0.8528,0.1675
28.450,106.468,-2.7766,3.9132,-158.172,-2.8383,4.0308,-159.725,0.0136,-0.1321,0.1328,-1.553,-2.7906,2.8278,-1.683,-0.0831,1.2011,-158.043,2.191,2.0607,108.318,0.5424,0.0247,0.0659,2.6697,2.1507,2.3438,nan,2.6144,2.6887,0.1065,0.8635,0.8000,-0.1200,-0.2504,1.0199,39.9909,0.0800,0.1428,0.1675
28.500,106.592,-2.8889,3.8608,-151.931,-2.9548,3.9740,-152.591,0.0049,-0.1309,0.1310,-0.660,-2.7797,2.8319,-1.150,-0.1980,1.1383,-151.441,2.244,1.8820,108.448,0.5420,0.0289,0.0591,2.0441,2.1359,2.2822,nan,2.7171,2.7292,0.1081,0.8552,0.8000,-0.1427,-0.2532,0.8579,40.0909,0.0800,2.0067,0.1675
28.550,106.718,-2.9976,3.7956,-146.036,-3.0491,3.9077,-147.017,-0.0199,-0.1217,0.1233,-0.980,-2.7689,2.8332,-1.013,-0.2992,1.0694,-146.004,2.361,1.8388,108.585,0.5337,0.0322,0.0565,1.7557,2.2548,2.5013,nan,2.8159,2.9329,0.1162,0.8014,0.8000,-0.1722,-0.2433,0.7448,40.1909,0.0678,2.0558,0.1675
28.600,106.851,-3.1042,3.7159,-140.327,-3.1670,3.8153,-141.262,-0.0152,-0.1166,0.1176,-0.935,-2.7689,2.8332,-1.013,-0.4154,0.9749,-140.249,2.474,1.7641,108.728,0.5393,0.0131,0.0681,5.1871,2.3118,2.5013,nan,2.8782,2.9689,0.1176,0.7665,0.8205,-0.1963,-0.2197,0.6623,40.2908,0.0525,2.0558,0.1675
28.650,106.851,-3.1042,3.7159,-140.327,-3.1657,3.7916,-140.252,-0.0010,-0.0975,0.0975,0.075,-2.7503,2.8166,-0.003,-0.4154,0.9749,-140.249,2.474,1.7641,108.728,0.5393,0.0131,0.0508,3.8655,2.4024,2.6059,nan,2.9431,3.0650,0.1214,0.7151,0.8527,-0.2077,-0.2500,0.6729,40.4908,0.0706,1.5868,0.1675
28.700,106.993,-3.2085,3.6207,-134.817,-3.2705,3.6749,-134.832,0.0053,-0.0822,0.0823,-0.016,-2.7500,2.8056,-0.135,-0.5225,0.8680,-134.697,2.571,1.7046,108.877,0.5394,0.0163,0.0557,3.4060,2.4920,2.6831,nan,3.1255,2.9687,0.1176,0.6688,0.8845,-0.2280,-0.2495,0.7212,40.5908,0.0800,3.1960,0.1675
28.750,107.141,-3.3084,3.5104,-129.279,-3.3613,3.5538,-129.254,-0.0001,-0.0684,0.0684,0.025,-2.7389,2.8058,0.115,-0.6208,0.7493,-129.369,2.731,1.6991,109.039,0.5361,0.0244,0.0563,2.3021,2.6592,2.9000,nan,3.2211,3.1360,0.1242,0.5927,0.9806,-0.2569,-0.2169,0.6383,40.6908,0.0800,2.4293,0.1675
28.800,107.295,-3.4004,3.3872,-124.069,-3.4537,3.4023,-123.503,0.0174,-0.0526,0.0554,0.566,-2.7306,2.8020,0.287,-0.7201,0.6039,-123.791,2.845,1.5940,109.201,0.5392,0.0293,0.0606,2.0692,2.7312,2.8858,nan,3.3196,3.4144,0.1352,0.5637,1.0989,-0.2783,-0.2521,0.4604,40.8908,0.0549,0.1827,0.1675
28.850,107.455,-3.4845,3.2510,-119.132,-3.5192,3.2548,-118.343,0.0136,-0.0322,0.0349,0.789,-2.7168,2.7992,0.706,-0.7968,0.4655,-119.049,2.878,1.5086,109.365,0.5316,0.0338,0.0511,1.5135,2.8240,2.9817,nan,3.5245,3.6392,0.1441,0.5292,1.1672,-0.3001,-0.2256,0.4084,40.9907,0.0800,1.8861,0.1675
28.900,107.616,-3.5572,3.1074,-114.412,-3.5819,3.1050,-113.503,0.0124,-0.0215,0.0248,0.909,-2.7032,2.8049,0.784,-0.8745,0.3121,-114.287,2.974,1.4913,109.533,0.5350,0.0158,0.0312,1.9744,2.8769,3.0066,nan,3.6287,3.7205,0.1473,0.5101,1.2255,-0.3141,-0.1902,0.3520,41.0907,0.0800,3.7874,0.1675
28.950,107.788,-3.6220,2.9482,-109.552,-3.6294,2.9386,-108.355,0.0115,-0.0037,0.0121,1.197,-2.6953,2.8052,1.392,-0.9306,0.1560,-109.747,3.156,1.5171,109.719,0.5269,0.0217,0.0236,1.0864,3.1203,3.4037,nan,3.9256,4.0276,0.1595,0.4149,1.3177,-0.3355,-0.1584,0.2350,41.2906,0.0800,4.0291,0.1675
29.000,107.967,-3.6754,2.7772,-104.744,-3.6772,2.7378,-103.288,0.0385,0.0083,0.0394,1.456,-2.6908,2.8123,1.321,-0.9878,-0.0518,-104.609,3.341,1.5047,109.912,0.5266,0.0253,0.0259,1.0241,3.2494,3.4089,nan,4.0189,4.1275,0.1635,0.3554,1.3209,-0.3521,-0.1186,0.1629,41.4906,0.0628,2.9377,0.1675
29.050,108.158,-3.7169,2.5905,-100.007,-3.7076,2.5480,-99.422,0.0402,0.0166,0.0435,0.585,-2.6885,2.7977,0.473,-1.0211,-0.2413,-99.895,3.487,1.4803,110.115,0.5182,0.0255,0.0207,0.8125,3.4335,3.6214,nan,4.2009,4.3074,0.1706,0.2879,1.3358,-0.3679,-0.0677,0.1500,41.5906,0.0607,4.2822,0.1675
29.100,108.356,-3.7436,2.3949,-94.902,-3.7267,2.3386,-94.895,0.0546,0.0216,0.0587,0.006,-2.6885,2.7977,0.473,-1.0420,-0.4505,-95.368,3.671,1.7198,110.331,0.5116,0.0134,0.0077,0.5744,3.5074,3.6214,nan,4.1589,4.1804,0.1656,0.2749,1.2609,-0.3822,-0.0310,0.1270,41.7905,0.0121,4.2822,0.1675
29.150,108.356,-3.7436,2.3949,-94.902,-3.7316,2.3391,-95.362,0.0545,0.0167,0.0570,-0.460,-2.6897,2.7897,0.006,-1.0420,-0.4505,-95.368,3.671,1.7198,110.331,0.5116,0.0134,0.0129,0.9619,3.7176,3.9471,nan,3.8054,3.9774,0.1575,0.1554,1.2440,-0.3785,0.0449,0.0276,42.0905,-0.0800,2.4794,0.1675
29.200,108.565,-3.7520,2.1861,-88.872,-3.7272,2.1008,-89.339,0.0857,0.0232,0.0888,-0.467,-2.6850,2.7922,0.000,-1.0421,-0.6914,-89.339,3.791,1.7623,110.555,0.5028,0.0138,0.0095,0.6899,3.8302,3.9790,nan,3.5900,3.5222,0.1395,-0.0174,1.1909,-0.3426,0.1352,-0.0306,42.1904,-0.0393,3.3262,0.1675
29.250,108.789,-3.7377,1.9625,-83.470,-3.7011,1.8744,-83.622,0.0917,0.0263,0.0954,-0.151,-2.6810,2.7816,-0.371,-1.0142,-0.9139,-83.251,3.910,1.2114,110.790,0.4891,0.0174,0.0054,0.3081,4.0556,4.2443,nan,3.3906,3.4645,0.1372,-0.1494,1.1126,-0.3153,0.1971,-0.1875,42.4904,0.0428,0.3511,0.1675
29.300,108.996,-3.7091,1.7574,-80.591,-3.6700,1.6260,-81.161,0.1360,0.0171,0.1371,-0.570,-2.6603,2.7592,-1.525,-0.9792,-1.1597,-79.636,3.879,0.7342,110.996,0.4850,0.0182,0.0077,0.4219,3.7873,3.7402,nan,3.1871,3.2379,0.1282,-0.1842,1.0390,-0.3051,0.2167,-0.2825,42.6903,0.0294,-6.2391,0.1675
29.350,109.205,-3.6734,1.5510,-80.448,-3.6463,1.4486,-79.850,0.1055,0.0097,0.1060,0.597,-2.6630,2.7541,-1.548,-0.9477,-1.3317,-78.302,3.635,-0.2026,111.192,0.4871,0.0158,0.0123,0.7808,3.5891,3.5866,nan,3.0752,3.1580,0.1251,-0.1629,0.9846,-0.2963,0.1608,-0.3248,42.7903,0.0480,-3.6814,0.1675
29.400,109.401,-3.6434,1.3581,-82.691,-3.6192,1.2656,-82.663,0.0948,0.0122,0.0956,0.029,-2.6578,2.7630,-1.562,-0.9203,-1.5231,-81.101,3.473,-0.8943,111.379,0.4896,0.0154,0.0123,0.7954,3.3799,3.3514,nan,2.9658,3.0794,0.1220,-0.1291,0.9272,-0.2856,0.1373,-0.4075,42.9903,0.0658,-5.2720,0.1675
29.450,109.586,-3.6239,1.1741,-85.712,-3.6005,1.0893,-86.175,0.0863,0.0170,0.0880,-0.462,-2.6720,2.7744,-0.639,-0.9097,-1.6954,-85.535,3.282,-0.8561,111.555,0.4983,0.0174,0.0119,0.6863,3.1988,3.1792,nan,2.7721,2.8843,0.1142,-0.2881,0.8776,-0.2508,0.1895,-0.4403,43.1902,0.0650,-3.1580,0.1675
29.500,109.766,-3.6140,0.9943,-88.311,-3.5932,0.9181,-88.114,0.0768,0.0185,0.0790,0.197,-2.7026,2.7979,0.479,-0.9064,-1.8723,-88.593,3.162,-0.6678,111.730,0.5049,0.0165,0.0169,1.0238,2.9959,2.9836,nan,2.6970,2.7457,0.1087,-0.3724,0.8219,-0.2219,0.2339,-0.4656,43.2902,0.0800,-2.2664,0.1675
29.550,109.940,-3.6116,0.8200,-90.329,-3.5943,0.7675,-89.916,0.0524,0.0176,0.0553,0.414,-2.7026,2.7979,0.479,-0.9087,-2.0229,-90.395,3.074,-0.6274,111.900,0.5103,0.0176,0.0183,1.0358,3.0573,3.1331,nan,2.5303,2.4825,0.0983,-0.4546,0.8387,-0.1836,0.3090,-0.5883,43.4902,-0.0276,-2.4000,0.1675
29.600,109.940,-3.6116,0.8200,-90.329,-3.5914,0.7692,-89.499,0.0507,0.0205,0.0547,0.831,-2.7144,2.8060,0.896,-0.9087,-2.0229,-90.395,3.074,-0.6274,111.900,0.5103,0.0176,0.0204,1.1569,3.0580,3.1331,nan,2.3460,2.3612,0.0935,-0.4544,0.8389,-0.1268,0.3506,-0.6931,43.5901,-0.0800,-2.4000,0.1675
29.650,110.109,-3.6167,0.6510,-94.013,-3.5940,0.5692,-91.724,0.0801,0.0283,0.0849,2.289,-2.7064,2.7966,0.732,-0.9160,-2.2159,-92.455,2.874,-1.3984,112.062,0.5119,0.0097,0.0399,4.1269,2.8133,2.7607,nan,2.3460,2.2739,0.0901,-0.5330,0.8000,-0.1112,0.3444,-0.6071,43.7902,-0.0418,-4.4843,0.1675
29.700,110.268,-3.6341,0.4934,-99.199,-3.6158,0.4464,-97.941,0.0435,0.0256,0.0504,1.257,-2.7023,2.8064,0.652,-0.9402,-2.3494,-98.593,2.699,-1.6264,112.216,0.5194,0.0139,0.0129,0.9303,2.6732,2.6823,nan,2.2571,2.3389,0.0926,-0.5870,0.8000,-0.0812,0.2934,-0.5622,43.8901,0.0474,-7.2552,0.1675
29.750,110.419,-3.6654,0.3451,-105.225,-3.6410,0.3012,-103.486,0.0360,0.0351,0.0503,1.740,-2.7109,2.8089,0.944,-0.9713,-2.4921,-104.429,2.397,-1.7624,112.358,0.5195,0.0295,0.0103,0.3492,2.5312,2.5364,nan,2.1778,2.1931,0.0869,-0.6498,0.8000,-0.0618,0.2707,-0.8555,43.9900,0.0089,-5.2018,0.1675
29.800,110.543,-3.7037,0.2272,-111.097,-3.6854,0.1482,-109.681,0.0671,0.0455,0.0811,1.415,-2.7274,2.7955,1.434,-1.0239,-2.6225,-111.115,2.232,-1.9289,112.480,0.5332,0.0442,0.0094,0.2132,2.2411,2.0992,nan,2.1778,2.2516,0.0892,-0.8100,0.8000,-0.0358,0.2692,-1.0345,44.0900,0.0427,-1.4475,0.1675
29.850,110.671,-3.7566,0.1104,-117.921,-3.7307,0.0639,-116.153,0.0290,0.0447,0.0533,1.768,-2.7089,2.7825,0.991,-1.0687,-2.7005,-117.144,2.186,-2.0821,112.612,0.5279,0.0087,0.0194,2.2279,2.2525,2.4173,nan,2.1005,2.1174,0.0839,-0.8028,0.8000,-0.0082,0.2408,-1.0296,44.1900,0.0098,-3.4497,0.1675
29.900,110.786,-3.8159,0.0122,-124.621,-3.8047,-0.0688,-122.810,0.0603,0.0553,0.0818,1.810,-2.7295,2.7845,1.527,-1.1509,-2.8237,-124.337,2.085,-2.2136,112.729,0.5486,0.0153,0.0168,1.1018,2.1373,2.1735,nan,2.0916,2.1587,0.0855,-0.8801,0.8000,0.0207,0.2266,-1.0930,44.2900,0.0800,-1.4969,0.1675
29.950,110.902,-3.8874,-0.0786,-132.006,-3.8759,-0.1666,-130.081,0.0577,0.0675,0.0888,1.925,-2.7389,2.7751,1.754,-1.2265,-2.9056,-131.835,2.043,-2.3357,112.851,0.5533,0.0385,0.0092,0.2390,2.0624,2.1480,nan,2.0827,2.0982,0.0831,-0.9356,0.8000,0.0499,0.2333,-1.1909,44.3900,0.0090,-2.8182,0.1675
30.000,111.013,-3.9673,-0.1566,-139.595,-3.9492,-0.2341,-136.844,0.0365,0.0708,0.0796,2.751,-2.7555,2.7948,2.279,-1.3132,-2.9790,-139.123,1.957,-2.4213,112.968,0.5604,0.0782,0.0100,0.1282,2.0380,2.1942,nan,2.1396,2.2169,0.0878,-0.9525,0.8000,0.0775,0.2357,-1.2894,44.4900,0.0447,-1.9714,0.1675
30.050,111.121,-4.0540,-0.2208,-147.599,-3.9492,-0.2341,-136.844,-0.0813,0.0674,0.1056,10.754,-2.7555,2.7948,2.279,-1.3132,-2.9790,-139.123,1.957,-2.4213,113.085,0.4847,0.3271,0.0100,0.0306,2.0231,2.1942,nan,2.2307,2.3431,0.0928,-0.9664,0.8000,0.0950,0.2456,-1.3715,44.5899,0.0800,-1.9714,0.1675
30.100,111.121,-4.0540,-0.2208,-147.599,-4.0589,-0.3105,-145.713,0.0522,0.0731,0.0899,1.886,-2.7448,2.7898,2.057,-1.4245,-3.0512,-147.770,1.899,-2.5591,113.085,0.5844,0.0065,0.0352,5.4050,1.9241,1.9928,nan,2.2999,2.3281,0.0922,-0.9276,0.8000,0.1039,0.2279,-1.3194,44.6898,0.0800,-2.3440,0.1675
30.150,111.222,-4.1425,-0.2688,-155.671,-4.1427,-0.3459,-153.545,0.0319,0.0702,0.0771,2.126,-2.7253,2.7854,1.725,-1.5109,-3.0872,-155.270,1.846,-2.7352,113.197,0.5832,0.0171,0.0285,1.6634,1.9376,2.1416,nan,2.3634,2.4850,0.0984,-0.8748,0.8000,0.1147,0.2042,-1.1545,44.7898,0.0704,0.1532,0.1675
30.200,111.325,-4.2390,-0.3038,-165.088,-4.2530,-0.3791,-162.691,0.0329,0.0692,0.0766,2.396,-2.7164,2.7945,1.778,-1.6343,-3.1244,-164.470,1.899,-3.0067,113.322,0.6099,0.0412,0.0266,0.6456,1.9746,2.2271,nan,2.4649,2.5946,0.1028,-0.7875,0.8000,0.1148,0.1440,-1.1127,44.8898,0.0800,0.2912,0.1675
30.250,111.432,-4.3445,-0.3228,-174.653,-4.3704,-0.3967,-172.518,0.0326,0.0712,0.0783,2.135,-2.7298,2.8077,2.252,-1.7652,-3.1374,-174.770,1.947,-2.8916,113.449,0.6356,0.0744,0.0409,0.5491,2.0233,2.2666,nan,2.5637,2.5994,0.1029,-0.7363,0.8000,0.1221,0.1072,-1.0540,44.9898,0.0800,1.8834,0.1675
30.300,111.542,-4.4544,-0.3246,176.153,-4.4762,-0.3865,179.129,0.0176,0.0632,0.0656,2.976,-2.7479,2.8373,2.996,-1.8945,-3.1290,176.133,2.058,-2.7541,113.581,0.6560,0.0998,0.0491,0.4921,2.1081,2.3757,nan,2.6557,2.7552,0.1091,-0.6844,0.8000,0.1145,0.0986,-0.8733,45.0898,0.0800,3.6025,0.1675
30.350,111.661,-4.5721,-0.3078,167.302,-4.5954,-0.3594,169.693,0.0114,0.0554,0.0566,2.391,-2.6988,2.8252,2.498,-2.0336,-3.0989,167.195,2.184,-2.6674,113.722,0.6786,0.0116,0.0598,5.1606,2.2167,2.4912,nan,2.7507,2.8419,0.1126,-0.6093,0.8000,0.1032,0.0320,-0.7942,45.1898,0.0528,1.4721,0.1675
30.400,111.787,-4.6932,-0.2711,158.623,-4.7188,-0.3122,161.017,0.0089,0.0476,0.0484,2.394,-2.6625,2.8122,2.076,-2.1681,-3.0479,158.942,2.266,-2.5544,113.866,0.6937,0.0280,0.0506,1.8082,2.3638,2.6548,nan,2.7952,2.8114,0.1113,-0.5070,0.8193,0.0878,-0.0284,-0.7431,45.2897,0.0093,2.2761,0.1675
30.450,111.913,-4.8067,-0.2178,150.651,-4.8431,-0.2280,151.947,0.0268,0.0268,0.0379,1.295,-2.6222,2.8079,1.690,-2.3095,-2.9691,150.257,2.383,-2.4112,114.011,0.7251,0.0383,0.0512,1.3353,2.3873,2.5257,nan,2.7834,2.7681,0.1096,-0.4163,0.8274,0.0557,-0.0623,-0.6666,45.3897,-0.0089,3.3731,0.1698
30.500,112.050,-4.9217,-0.1430,143.000,-4.9304,-0.1451,144.520,0.0057,0.0070,0.0090,1.520,-2.5850,2.7991,1.315,-2.4124,-2.8896,143.204,2.514,-2.1234,114.165,0.7139,0.0601,0.0429,0.7143,2.6029,2.8785,nan,2.8339,2.7616,0.1094,-0.3592,0.9143,0.0476,-0.1007,-0.6729,45.4897,-0.0418,3.1687,0.1698
30.550,112.050,-4.9217,-0.1430,143.000,-4.9304,-0.1451,144.520,0.0057,0.0070,0.0090,1.520,-2.5850,2.7991,1.315,-2.4124,-2.8896,143.204,2.514,-2.1234,114.165,0.7139,0.0601,0.0429,0.7143,2.7045,2.8785,nan,2.9892,3.0245,0.1198,-0.2828,0.9499,0.0161,-0.0654,-0.7744,45.6897,0.0800,3.1687,0.1698
30.600,112.193,-5.0312,-0.0504,136.451,-5.0595,-0.0005,135.877,0.0549,-0.0167,0.0574,-0.573,-2.5174,2.7676,0.248,-2.5541,-2.7570,135.630,2.603,-1.8010,114.318,0.7533,0.0126,0.0247,1.9651,2.5734,2.5337,nan,3.0754,3.0121,0.1193,-0.1964,0.9354,-0.0229,-0.0687,-0.6980,45.7896,0.0800,2.5084,0.1698
30.650,112.356,-5.1434,0.0681,130.358,-5.1407,0.0988,130.630,0.0216,-0.0220,0.0308,0.272,-2.5174,2.7676,0.248,-2.6348,-2.6574,130.383,2.671,-1.5035,114.486,0.7186,0.0223,0.0165,0.7408,2.7320,2.8696,nan,3.1718,3.2144,0.1273,-0.1938,1.0530,-0.0314,-0.0039,-0.5734,45.9896,0.0247,4.5964,0.1698
30.700,112.517,-5.2432,0.1946,126.268,-5.2343,0.2436,125.795,0.0342,-0.0362,0.0498,-0.474,-2.5045,2.7656,0.225,-2.7397,-2.5113,125.570,2.850,-1.0171,114.656,0.7277,0.0351,0.0314,0.8949,2.9298,3.0603,nan,3.3797,3.3592,0.1330,-0.2251,1.2152,-0.0350,0.0784,-0.4272,46.1895,-0.0119,2.1789,0.1698
30.750,112.676,-5.3339,0.3249,123.497,-5.3316,0.4084,122.778,0.0684,-0.0480,0.0835,-0.719,-2.4820,2.7559,-0.307,-2.8370,-2.3627,123.085,2.927,-0.8830,114.819,0.7385,0.0185,0.0070,0.3772,2.9344,2.9793,nan,3.5720,3.6468,0.1444,-0.2185,1.2730,-0.0349,0.0761,-0.3429,46.2895,0.0433,3.3980,0.1698
30.800,112.838,-5.4200,0.4620,120.686,-5.4174,0.5690,119.878,0.0907,-0.0569,0.1071,-0.808,-2.4685,2.7521,-0.605,-2.9257,-2.2141,120.483,3.058,-1.0121,114.988,0.7438,0.0214,0.0102,0.4784,2.8375,2.8451,nan,3.6591,3.7411,0.1482,-0.1981,1.2662,-0.0364,0.0817,-0.2827,46.4895,0.0800,2.7508,0.1698
30.850,113.020,-5.5080,0.6209,117.055,-5.4838,0.7046,116.595,0.0635,-0.0596,0.0871,-0.460,-2.4580,2.7402,-0.861,-2.9948,-2.0808,117.455,3.197,-1.0987,115.178,0.7193,0.0269,0.0116,0.4301,3.1246,3.4227,nan,3.8849,3.9909,0.1581,-0.1689,1.3943,-0.0304,0.0697,-0.2822,46.6894,0.0800,4.8684,0.1698
30.900,113.195,-5.5834,0.7789,113.648,-5.5666,0.8800,113.220,0.0858,-0.0560,0.1025,-0.427,-2.4672,2.7388,-0.592,-3.0800,-1.8908,113.813,3.384,-1.1198,115.364,0.7368,0.0292,0.0145,0.4980,3.3892,3.6195,nan,4.0482,4.1694,0.1651,-0.1447,1.5123,-0.0175,0.0717,-0.2846,46.8894,0.0702,3.1517,0.1698
30.950,113.389,-5.6563,0.9589,110.246,-5.6367,1.0759,109.217,0.1030,-0.0589,0.1187,-1.029,-2.4593,2.7211,-0.691,-3.1573,-1.6834,109.909,3.547,-0.9617,115.569,0.7489,0.0305,0.0238,0.7793,3.5174,3.6195,nan,4.2316,4.3044,0.1705,-0.1156,1.5695,-0.0061,0.0443,-0.2919,46.9893,0.0800,3.1517,0.1698
31.000,113.389,-5.6563,0.9589,110.246,-5.6367,1.0759,109.217,0.1030,-0.0589,0.1187,-1.029,-2.4593,2.7211,-0.691,-3.1573,-1.6834,109.909,3.547,-0.9617,115.676,0.7489,0.0305,0.0238,0.7793,3.4886,3.5226,nan,4.3215,4.3612,0.1727,-0.1037,1.5982,-0.0013,0.0646,-0.2456,47.1893,0.0800,4.8636,0.1698
31.050,113.590,-5.7213,1.1491,107.252,-5.6930,1.2506,106.755,0.0885,-0.0572,0.1054,-0.498,-2.4689,2.7284,-0.464,-3.2120,-1.5039,107.218,3.744,-0.8698,115.782,0.7359,0.0219,0.0058,0.2658,3.7215,3.8879,nan,4.5774,4.7155,0.1868,-0.0866,1.8289,0.0195,0.0684,-0.1277,47.3893,0.0800,4.4280,0.1698
31.100,113.805,-5.7805,1.3559,104.528,-5.7570,1.4889,104.143,0.1228,-0.0561,0.1350,-0.385,-2.4778,2.7425,-0.196,-3.2750,-1.2648,104.339,3.929,-0.6938,116.010,0.7495,0.0227,0.0051,0.2261,3.8480,3.9286,nan,4.7379,4.8586,0.1924,-0.0849,1.9065,0.0371,0.0715,-0.0879,47.5892,0.0800,4.6435,0.1698
31.150,114.052,-5.8378,1.5955,102.255,-5.8085,1.7237,101.705,0.1191,-0.0558,0.1315,-0.549,-2.4760,2.7313,-0.432,-3.3248,-1.0327,102.137,4.130,-0.6000,116.270,0.7401,0.0221,0.0107,0.4823,4.1091,4.3175,nan,4.9658,5.1276,0.2031,-0.0784,2.0315,0.0534,0.0599,-0.0177,47.8891,0.0800,5.8533,0.1698
31.200,114.295,-5.8858,1.8340,100.374,-5.8637,1.9806,100.510,0.1403,-0.0482,0.1483,0.136,-2.4938,2.7655,0.146,-3.3719,-0.7763,100.365,4.380,-0.5799,116.531,0.7452,0.0230,0.0031,0.1330,4.3966,4.7618,nan,5.1801,5.2986,0.2098,-0.0835,2.1553,0.0795,0.0458,-0.0301,48.1891,0.0546,4.2681,0.1698
31.250,114.541,-5.9267,2.0768,98.528,-5.9120,2.2492,98.682,0.1684,-0.0401,0.1731,0.154,-2.4981,2.7536,0.104,-3.4148,-0.4981,98.578,4.563,-0.5687,116.791,0.7600,0.0214,0.0046,0.2136,4.6311,4.8372,nan,5.3827,5.4824,0.2171,-0.0820,2.2084,0.0892,0.0254,-0.0357,48.3890,0.0440,5.0338,0.1698
31.300,114.765,-5.9573,2.2987,96.978,-5.9456,2.4900,97.362,0.1885,-0.0348,0.1917,0.385,-2.5043,2.7723,0.461,-3.4435,-0.2545,96.901,4.749,-0.5717,117.030,0.7670,0.0222,0.0075,0.3369,4.7023,4.7806,nan,5.5119,5.6608,0.2242,-0.0842,2.2182,0.0975,0.0127,-0.0472,48.5890,0.0648,2.8542,0.1698
31.350,115.047,-5.9871,2.5789,94.890,-5.9756,2.7325,95.633,0.1521,-0.0246,0.1540,0.743,-2.5079,2.7565,0.452,-3.4677,0.0034,95.180,4.952,-0.6359,117.329,0.7530,0.0165,0.0092,0.5545,4.9829,5.4650,nan,5.7582,5.8883,0.2332,-0.0816,2.2115,0.0969,-0.0135,-0.0599,48.8889,0.0540,4.1636,0.1698
31.400,115.314,-6.0060,2.8457,92.943,-5.9974,3.0647,93.254,0.2183,-0.0199,0.2192,0.311,-2.5094,2.7462,0.371,-3.4859,0.3411,92.882,5.128,-0.6656,117.613,0.7827,0.0137,0.0106,0.7722,5.0570,5.1506,nan,5.8757,6.0458,0.2394,-0.0784,2.1899,0.0887,-0.0245,-0.0759,49.1889,0.0697,3.9647,0.1698
31.450,115.601,-6.0161,3.1327,90.801,-6.0062,3.3363,91.578,0.2034,-0.0128,0.2038,0.776,-2.5092,2.7735,0.740,-3.4894,0.6079,90.838,5.301,-0.6806,117.917,0.7676,0.0073,0.0149,2.0578,5.2736,5.5088,nan,6.0015,6.1092,0.2419,-0.0794,2.1709,0.0733,-0.0362,-0.1056,49.4888,0.0426,4.2673,0.1698
31.501,115.904,-6.0154,3.4352,88.603,-6.0037,3.6665,89.342,0.2315,-0.0061,0.2316,0.739,-2.5092,2.7735,0.740,-3.4826,0.9380,88.602,5.489,-0.6746,118.238,0.7751,0.0213,0.0185,0.8678,5.3819,5.5088,nan,5.9067,5.8643,0.2323,-0.0890,2.1614,0.0717,-0.0379,-0.1180,49.6887,-0.0165,4.2673,0.1698
31.550,115.904,-6.0154,3.4352,88.603,-6.0090,3.6592,89.578,0.2241,-0.0010,0.2241,0.974,-2.5109,2.7807,0.976,-3.4826,0.9380,88.602,5.489,-0.6746,118.238,0.7751,0.0213,0.0214,1.0020,5.5341,5.7046,nan,5.6898,5.5007,0.2179,-0.1013,2.1409,0.0642,-0.0242,-0.1130,50.0886,-0.0737,3.7591,0.1698
31.600,116.222,-6.0025,3.7529,86.383,-5.9991,3.9794,87.395,0.2263,0.0109,0.2265,1.013,-2.5155,2.7676,0.982,-3.4623,1.2713,86.414,5.641,-0.7493,118.572,0.7763,0.0108,0.0239,2.2139,5.7063,5.9159,nan,5.5070,5.5510,0.2198,-0.1063,2.1079,0.0523,-0.0403,-0.1128,50.2886,0.0187,0.2577,0.1698
31.650,116.527,-5.9780,4.0569,83.969,-5.9767,4.2704,84.206,0.2124,0.0211,0.2135,0.237,-2.5439,2.6774,0.154,-3.4285,1.6022,84.052,5.644,-0.8359,118.880,0.7821,0.0051,0.0192,3.7642,5.6422,5.6918,nan,5.3865,5.2821,0.2092,-0.0925,2.0761,0.0285,-0.0683,-0.1462,50.5885,0.0800,-3.2777,0.1698
31.700,116.833,-5.9398,4.3609,81.205,-5.9425,4.5688,81.183,0.2051,0.0345,0.2080,-0.022,-2.5576,2.6571,-0.103,-3.3884,1.9057,81.286,5.513,-0.8974,119.179,0.7802,0.0031,0.0221,7.1305,5.3963,5.3391,nan,5.2663,5.1672,0.2046,-0.0837,2.0306,0.0038,-0.0853,-0.1773,50.7885,0.0800,-1.4681,0.1698
31.750,117.140,-5.8865,4.6631,78.321,-5.8805,4.8019,77.476,0.1371,0.0223,0.1389,-0.844,-2.5828,2.5741,-0.852,-3.3305,2.1785,78.328,5.447,-0.8079,119.485,0.7611,0.0194,0.0058,0.2985,5.3921,5.4633,nan,5.0895,5.2052,0.2061,-0.0735,2.0306,-0.0426,-0.0988,-0.1905,50.9884,0.0800,-3.3931,0.1698
31.800,117.441,-5.8203,4.9563,75.856,-5.7970,5.0670,74.800,0.1130,0.0044,0.1131,-1.056,-2.5856,2.5380,-1.015,-3.2556,2.4717,75.815,5.301,-0.7069,119.776,0.7536,0.0091,0.0070,0.7755,5.3415,5.3892,nan,4.9714,5.1093,0.2023,-0.0764,1.9309,-0.0814,-0.0736,-0.2046,51.2884,0.0667,-2.8933,0.1698
31.850,117.729,-5.7455,5.2343,73.705,-5.7131,5.3100,72.173,0.0817,-0.0098,0.0823,-1.532,-2.6106,2.4720,-1.365,-3.1692,2.7633,73.538,5.182,-0.6175,120.057,0.7508,0.0045,0.0185,4.1291,5.0249,4.9217,nan,4.9102,4.8504,0.1921,-0.0786,1.8936,-0.1113,-0.0664,-0.2148,51.4883,0.0800,-1.3398,0.1698
31.900,118.017,-5.6607,5.5101,71.797,-5.6389,5.5389,70.138,0.0341,-0.0117,0.0361,-1.659,-2.6334,2.4570,-1.603,-3.0906,2.9966,71.741,5.121,-0.5995,120.343,0.7345,0.0003,0.0219,67.6720,5.0812,5.1653,nan,4.7108,4.8190,0.1909,-0.0893,1.7707,-0.1234,-0.0551,-0.2263,51.6883,0.0548,-1.7988,0.1698
31.950,118.302,-5.5680,5.7791,69.868,-5.5307,5.8067,68.421,0.0388,-0.0255,0.0464,-1.447,-2.6275,2.4532,-1.470,-2.9884,3.2780,69.892,5.036,-0.6084,120.623,0.7323,0.0027,0.0271,9.9222,5.0168,5.0543,nan,4.5569,4.5941,0.1819,-0.1182,1.7707,-0.1361,-0.0158,-0.2414,51.9882,0.0191,-3.6508,0.1698
32.000,118.302,-5.5680,5.7791,69.868,-5.5307,5.8067,68.421,0.0388,-0.0255,0.0464,-1.447,-2.6275,2.4532,-1.470,-2.9884,3.2780,69.892,5.036,-0.6084,120.623,0.7323,0.0027,0.0271,9.9222,4.9981,5.0543,nan,4.3394,4.2444,0.1681,-0.1493,1.7707,-0.1380,0.0051,-0.2490,52.1882,-0.0492,-3.6508,0.1698
32.050,118.574,-5.4706,6.0337,67.949,-5.4243,6.0634,66.655,0.0450,-0.0318,0.0551,-1.294,-2.6183,2.4611,-1.195,-2.8805,3.5430,67.851,4.888,-0.6576,120.886,0.7287,0.0123,0.0260,2.1206,4.6699,4.5572,nan,4.2637,4.4016,0.1743,-0.1700,1.7492,-0.1352,0.0286,-0.2475,52.3881,0.0782,-2.3221,0.1698
32.100,118.840,-5.3669,6.2787,65.834,-5.3419,6.2456,64.975,-0.0200,-0.0364,0.0415,-0.858,-2.6136,2.4630,-0.992,-2.7933,3.7348,65.967,4.770,-0.7280,121.145,0.7172,0.0084,0.0338,4.0327,4.8085,4.9379,nan,4.0489,3.9187,0.1552,-0.1867,1.6552,-0.1218,0.0641,-0.2836,52.6881,-0.0800,-7.4108,0.1698
32.150,119.097,-5.2565,6.5108,62.623,-5.2198,6.4971,62.436,0.0047,-0.0389,0.0392,-0.187,-2.6324,2.4500,-1.101,-2.6647,3.9966,63.537,4.450,-1.1220,121.382,0.7153,0.0075,0.0273,3.6461,4.4652,4.3162,nan,3.9832,4.0316,0.1597,-0.1788,1.6552,-0.1373,0.0021,-0.2932,52.7880,0.0280,-2.8586,0.1698
32.200,119.343,-5.1373,6.7260,58.873,-5.1333,6.6605,59.088,-0.0540,-0.0373,0.0657,0.215,-2.5745,2.4911,0.064,-2.5541,4.1722,59.024,4.323,-1.1970,121.623,0.7042,0.0065,0.0364,5.5839,4.3097,4.3008,nan,3.7913,3.8174,0.1512,-0.2064,1.6143,-0.1219,0.0106,-0.3103,52.9880,0.0151,-6.9642,0.1698
32.250,119.573,-5.0132,6.9187,55.061,-5.0057,6.8669,55.614,-0.0381,-0.0358,0.0523,0.553,-2.5427,2.5222,0.642,-2.4141,4.3720,54.972,4.054,-1.1438,121.837,0.6933,0.0210,0.0396,1.8825,3.9497,3.7853,nan,3.7032,3.7882,0.1500,-0.2125,1.4794,-0.1125,0.0322,-0.3446,53.1880,0.0800,-1.8990,0.1698
32.300,119.793,-4.8819,7.0963,51.507,-4.8892,7.0349,52.684,-0.0526,-0.0325,0.0618,1.176,-2.4946,2.5755,1.193,-2.3014,4.5083,51.491,3.971,-1.1754,122.055,0.6919,0.0204,0.0359,1.7627,3.9478,4.0093,nan,3.5654,3.6786,0.1457,-0.2585,1.4787,-0.0895,0.0568,-0.3304,53.3879,0.0655,-4.2425,0.1698
32.350,120.011,-4.7414,7.2623,47.517,-4.7369,7.2296,48.933,-0.0211,-0.0253,0.0330,1.416,-2.4911,2.5901,1.316,-2.1387,4.6899,47.618,3.817,-1.2543,122.266,0.6784,0.0208,0.0229,1.0977,3.7096,3.6625,nan,3.2173,3.3047,0.1309,-0.2675,1.3895,-0.0779,0.0520,-0.3435,53.5879,0.0506,-2.3874,0.1698
32.400,120.230,-4.5885,7.4188,43.352,-4.6113,7.3597,45.081,-0.0571,-0.0273,0.0633,1.730,-2.4849,2.6014,1.397,-2.0098,4.8087,43.685,3.727,-1.3177,122.482,0.6849,0.0200,0.0319,1.5922,3.8864,4.0519,nan,3.1901,3.1406,0.1244,-0.2847,1.4557,-0.0659,0.0662,-0.4569,53.7878,-0.0800,-2.9331,0.1698
32.450,120.424,-4.4426,7.5475,38.904,-4.4130,7.5514,40.249,0.0255,-0.0156,0.0299,1.345,-2.4935,2.6210,1.203,-1.8156,4.9695,39.047,3.612,-1.4855,122.674,0.6541,0.0250,0.0119,0.4762,3.5399,3.3620,nan,3.3588,2.8566,0.1131,-0.3071,1.3259,-0.0502,0.0840,-0.4780,53.9878,0.0800,-6.5741,0.1638
32.500,120.619,-4.2869,7.6639,34.228,-4.2900,7.6328,35.391,-0.0201,-0.0240,0.0313,1.163,-2.4935,2.6210,1.203,-1.6910,5.0484,34.188,3.356,-1.4647,122.857,0.6669,0.0331,0.0397,1.1990,3.3794,3.3620,nan,3.4457,3.4960,0.1385,-0.2896,1.2217,-0.0426,0.0354,-0.1203,0.0000,0.0291,-6.5741,0.1638
32.550,120.619,-4.2869,7.6639,34.228,-4.2806,7.6417,35.336,-0.0073,-0.0220,0.0231,1.108,-2.4887,2.6282,1.149,-1.6910,5.0484,34.188,3.356,-1.4647,122.857,0.6669,0.0331,0.0353,1.0651,3.2936,3.3127,nan,3.5278,3.5444,0.1404,-0.2929,1.2600,-0.0384,0.0528,-0.4559,0.2000,0.0096,-5.8244,0.1638
32.600,120.797,-4.1359,7.7588,29.672,-4.1189,7.7513,30.434,0.0110,-0.0149,0.0186,0.762,-2.5081,2.6374,0.875,-1.5326,5.1379,29.559,3.181,-1.4445,123.030,0.6580,0.0343,0.0291,0.8468,3.1333,3.1106,nan,3.5483,3.5273,0.1397,-0.2892,1.1986,-0.0262,0.0717,-0.4188,0.3999,-0.0121,2.3574,0.1638
32.650,120.982,-3.9718,7.8440,24.861,-3.9637,7.8330,25.809,0.0027,-0.0134,0.0136,0.948,-2.5164,2.6450,0.646,-1.3886,5.2040,25.163,3.289,-1.5036,123.223,0.6700,0.0361,0.0296,0.8193,3.3496,3.5564,nan,3.6181,3.5637,0.1411,-0.2941,1.2814,-0.0081,0.0581,-0.3758,0.5999,-0.0315,1.4110,0.1638
32.700,121.161,-3.8061,7.9133,20.154,-3.7621,7.9137,20.196,0.0414,-0.0148,0.0440,0.042,-2.5685,2.6336,0.150,-1.1798,5.2832,20.046,3.357,-1.5204,123.409,0.6333,0.0367,0.0275,0.7513,3.2978,3.3375,nan,3.7590,3.6178,0.1433,-0.2695,1.2616,-0.0112,0.0647,-0.5163,0.7998,0.0800,0.5949,0.1638
32.750,121.351,-3.6262,7.9715,15.259,-3.5861,7.9651,14.845,0.0370,-0.0167,0.0406,-0.414,-2.6092,2.6302,-0.317,-1.0064,5.3294,15.163,3.391,-1.5517,123.603,0.6350,0.0417,0.0412,0.9885,3.3088,3.3847,nan,3.8649,3.8311,0.1517,-0.2462,1.3499,-0.0080,0.0228,-0.3648,0.8998,0.0800,0.2806,0.1638
32.800,121.538,-3.4437,8.0137,10.357,-3.3808,8.0041,9.225,0.0601,-0.0208,0.0636,-1.131,-2.6665,2.6253,-1.121,-0.8195,5.3638,10.347,3.423,-1.4617,123.795,0.6280,0.0391,0.0453,1.1564,3.3786,3.4822,nan,3.9738,4.1018,0.1624,-0.2335,1.3783,-0.0067,0.0214,-0.3864,1.0998,0.0741,1.0585,0.1638
32.850,121.731,-3.2526,8.0412,5.727,-3.1795,8.0260,4.862,0.0712,-0.0224,0.0746,-0.865,-2.6404,2.6333,-0.901,-0.6239,5.3836,5.763,3.479,-1.3624,123.994,0.6211,0.0385,0.0379,0.9846,3.5021,3.6255,nan,4.0303,4.1534,0.1645,-0.2373,1.4287,0.0010,0.0357,-0.3912,1.2997,0.0800,3.3684,0.1638
32.900,121.926,-3.0576,8.0540,1.442,-2.9665,8.0339,0.300,0.0905,-0.0224,0.0933,-1.141,-2.6529,2.6381,-1.052,-0.4127,5.3891,1.353,3.620,-1.3423,124.200,0.6034,0.0359,0.0338,0.9424,3.5830,3.6865,nan,4.1769,4.2527,0.1684,-0.2278,1.4956,0.0096,0.0345,-0.3485,1.4997,0.0800,4.2196,0.1638
32.950,122.135,-2.8492,8.0521,-2.911,-2.7550,8.0286,-3.559,0.0952,-0.0187,0.0970,-0.648,-2.6196,2.6471,-0.743,-0.2052,5.3793,-2.816,3.797,-1.3940,124.422,0.6016,0.0353,0.0248,0.7036,3.8098,4.0233,nan,4.3228,4.4617,0.1767,-0.2185,1.6075,0.0134,0.0627,-0.3287,1.7996,0.0777,2.3496,0.1638
33.000,122.347,-2.6379,8.0340,-2.911,-2.7550,8.0286,-3.559,-0.1167,-0.0113,0.1173,-0.648,-2.6196,2.6471,-0.743,-0.2052,5.3793,-2.816,3.797,-1.3940,124.644,0.8089,0.0147,0.0248,1.6948,3.9061,4.0233,nan,4.3698,4.4745,0.1772,-0.2165,1.6559,0.0346,0.0378,-0.3202,1.8996,0.0573,2.3496,0.1638
33.050,122.347,-2.6379,8.0340,-7.374,-2.5163,8.0021,-7.918,0.1247,-0.0160,0.1257,-0.544,-2.5954,2.6534,-0.349,0.0465,5.3490,-7.569,3.909,-1.4001,124.644,0.5595,0.0337,0.0211,0.6258,3.8096,3.8242,nan,4.4621,4.4806,0.1775,-0.2074,1.6344,0.0383,0.0393,-0.2986,2.0995,0.0800,2.3779,0.1638
33.100,122.573,-2.4150,7.9969,-11.964,-2.3353,7.9684,-11.308,0.0838,-0.0114,0.0846,0.655,-2.5367,2.6590,0.371,0.2358,5.3079,-11.680,4.019,-1.3793,124.881,0.5901,0.0355,0.0215,0.6043,4.0781,4.4060,nan,4.5973,4.7370,0.1876,-0.2119,1.7688,0.0663,0.0590,-0.2793,2.3995,0.0733,3.6332,0.1638
33.150,122.794,-2.2000,7.9439,-16.225,-2.0709,7.9045,-16.284,0.1349,-0.0017,0.1350,-0.059,-2.5691,2.6613,0.042,0.5020,5.2428,-16.326,4.166,-1.3531,125.115,0.5376,0.0358,0.0158,0.4413,4.1516,4.2573,nan,4.6830,4.8339,0.1914,-0.1993,1.8133,0.0717,0.0501,-0.2669,2.5994,0.0779,1.8303,0.1638
33.200,123.030,-1.9759,7.8704,-20.581,-1.8500,7.8223,-21.089,0.1348,-0.0008,0.1348,-0.508,-2.6139,2.6596,-0.448,0.7236,5.1685,-20.641,4.257,-1.3979,125.361,0.5398,0.0394,0.0198,0.5034,4.2150,4.3177,nan,4.7599,4.9143,0.1946,-0.1730,1.8488,0.0598,0.0226,-0.2542,2.7994,0.0800,3.3410,0.1638
33.250,123.273,-1.7514,7.7770,-25.154,-1.6417,7.7224,-25.519,0.1225,-0.0028,0.1225,-0.365,-2.6366,2.6637,-0.672,0.9355,5.0700,-24.847,4.416,-1.3843,125.620,0.5502,0.0318,0.0194,0.6110,4.4801,4.8729,nan,4.8341,4.8621,0.1926,-0.1561,1.9651,0.0639,0.0193,-0.2442,3.0993,0.0135,2.7385,0.1638
33.300,123.520,-1.5320,7.6649,-29.482,-1.3769,7.5746,-31.203,0.1795,-0.0022,0.1795,-1.721,-2.7167,2.6783,-1.536,1.2081,4.9305,-29.667,4.537,-1.2715,125.879,0.4914,0.0338,0.0301,0.8884,4.4873,4.5582,nan,4.8983,5.0179,0.1987,-0.1334,1.9683,0.0428,-0.0028,-0.2539,3.2992,0.0584,2.7624,0.1638
33.350,123.777,-1.3119,7.5314,-33.436,-1.2019,7.4557,-35.011,0.1335,-0.0026,0.1335,-1.576,-2.7231,2.6970,-1.299,1.4129,4.7920,-33.713,4.647,-1.1565,126.148,0.5048,0.0366,0.0407,1.1116,4.5552,4.6516,nan,5.0156,5.1138,0.2025,-0.1280,2.0043,0.0389,-0.0036,-0.2540,3.4992,0.0800,0.8862,0.1638
33.400,124.034,-1.1016,7.3841,-36.996,-1.0179,7.3143,-37.667,0.1089,-0.0054,0.1090,-0.672,-2.6906,2.6940,-0.767,1.6107,4.6423,-36.900,4.687,-1.0697,126.411,0.5163,0.0374,0.0347,0.9274,4.7845,5.0277,nan,5.1081,5.1595,0.2043,-0.1300,2.0844,0.0386,0.0067,-0.2325,3.6992,0.0236,2.1739,0.1638
33.450,124.304,-0.8900,7.2161,-40.199,-0.8243,7.1486,-40.307,0.0938,-0.0092,0.0942,-0.107,-2.6571,2.6953,0.068,1.8380,4.4511,-40.375,4.787,-0.9559,126.691,0.4957,0.0359,0.0344,0.9599,4.9442,5.1021,nan,5.3385,5.3871,0.2133,-0.1340,2.0844,0.0389,0.0249,-0.2040,3.9991,0.0213,2.0928,0.1638
33.500,124.565,-0.6944,7.0431,-43.179,-0.6037,6.9421,-43.334,0.1352,-0.0116,0.1357,-0.155,-2.6571,2.6953,0.068,2.0584,4.2444,-43.401,4.874,-0.9762,126.962,0.4652,0.0522,0.0613,1.1738,5.0040,5.1021,nan,5.3552,5.3306,0.2111,-0.1360,2.0844,0.0506,0.0301,-0.1807,4.1990,-0.0106,2.0928,0.1638
33.550,124.565,-0.6944,7.0431,-43.179,-0.6351,6.9682,-43.550,0.0945,-0.0140,0.0955,-0.371,-2.7045,2.7292,-0.149,2.0584,4.2444,-43.401,4.874,-0.9762,126.962,0.4652,0.0328,0.0328,1.0015,4.7244,4.6465,nan,5.3552,5.5159,0.2185,-0.1198,2.0832,0.0430,0.0018,-0.1616,4.2990,0.0724,1.2567,0.1638
33.600,124.845,-0.4952,6.8468,-46.416,-0.5023,6.8274,-45.856,0.0091,-0.0185,0.0207,0.561,-2.6942,2.7279,0.360,2.2176,4.0856,-46.216,4.942,-1.0361,127.250,0.5114,0.0330,0.0341,1.0337,4.9823,5.3136,nan,5.1178,5.0124,0.1985,-0.1131,2.0844,0.0335,0.0002,-0.1473,4.6989,-0.0800,2.2958,0.1638
33.650,125.115,-0.3140,6.6469,-49.664,-0.3116,6.6071,-49.871,0.0319,-0.0239,0.0398,-0.206,-2.7566,2.7779,-0.203,2.4315,3.8379,-49.668,5.046,-0.9867,127.532,0.4710,0.0320,0.0461,1.4384,5.0499,5.1527,nan,5.0746,5.0375,0.1995,-0.0946,2.0844,0.0137,-0.0355,-0.1716,4.7989,-0.0168,3.1869,0.1638
33.700,125.401,-0.1335,6.4240,-52.711,-0.1350,6.3870,-53.006,0.0286,-0.0236,0.0371,-0.295,-2.7453,2.7818,-0.119,2.6028,3.6105,-52.887,5.163,-0.9097,127.830,0.4796,0.0261,0.0418,1.5989,5.1335,5.2429,nan,5.1811,5.2173,0.2066,-0.0943,2.0844,0.0127,-0.0202,-0.2099,5.0988,0.0163,-3.1587,0.1638
33.750,125.681,0.0313,6.1978,-55.508,0.0135,6.1541,-55.597,0.0260,-0.0394,0.0472,-0.089,-2.7565,2.7851,-0.061,2.7664,3.3720,-55.536,5.036,-0.7785,128.103,0.4795,0.0214,0.0465,2.1710,5.0259,5.0457,nan,5.2894,5.4280,0.2150,-0.0917,2.0844,0.0036,-0.0027,-0.2442,5.2988,0.0800,-1.3505,0.1638
33.800,125.967,0.1884,5.9597,-57.930,0.1793,5.9122,-58.916,0.0354,-0.0330,0.0484,-0.986,-2.7851,2.8143,-0.906,2.9150,3.1444,-58.010,4.986,-0.7297,128.387,0.4890,0.0225,0.0508,2.2592,5.0106,5.0680,nan,5.4803,5.6478,0.2237,-0.0842,2.1509,0.0073,0.0146,-0.1965,5.5987,0.0738,1.0067,0.1638
33.850,126.207,0.3130,5.7541,-59.942,0.3156,5.6714,-61.483,0.0729,-0.0391,0.0827,-1.541,-2.7991,2.8266,-1.461,3.0413,2.9232,-60.022,5.024,-0.7307,128.633,0.4859,0.0211,0.0544,2.5822,4.8976,4.9141,nan,5.6064,5.7906,0.2293,-0.0759,2.1937,0.0096,0.0228,-0.1336,5.8987,0.0800,0.5371,0.1638
33.900,126.487,0.4489,5.5096,-62.214,0.4471,5.4259,-63.707,0.0732,-0.0406,0.0837,-1.493,-2.7847,2.8164,-1.456,3.1645,2.6908,-62.251,5.144,-0.6904,128.925,0.4996,0.0149,0.0502,3.3611,5.1056,5.3134,nan,5.7631,5.8242,0.2307,-0.0783,2.1937,0.0213,0.0131,-0.0335,6.1986,0.0249,3.7780,0.1638
33.950,126.780,0.5813,5.2481,-64.403,0.5745,5.1313,-66.733,0.1024,-0.0566,0.1170,-2.330,-2.8224,2.8608,-2.329,3.3019,2.4067,-64.404,5.308,-0.6457,129.234,0.4928,0.0093,0.0619,6.6848,5.3292,5.5821,nan,5.8776,5.8652,0.2323,-0.0666,2.1937,0.0063,-0.0167,-0.0964,6.4985,-0.0049,3.2901,0.1638
34.000,127.076,0.7052,4.9791,-66.401,0.6929,4.8375,-68.437,0.1248,-0.0679,0.1421,-2.037,-2.8106,2.8508,-1.948,3.4339,2.1046,-66.489,5.446,-0.6521,129.544,0.4839,0.0062,0.0463,7.4436,5.4083,5.5160,nan,5.9389,6.0247,0.2386,-0.0644,2.1937,0.0021,-0.0128,-0.1243,6.7985,0.0341,2.2249,0.1638
34.050,127.384,0.8241,4.6950,-68.508,0.7955,4.5495,-70.448,0.1249,-0.0799,0.1483,-1.940,-2.8106,2.8508,-1.948,3.5463,1.8202,-68.500,5.543,-0.5979,129.863,0.4905,0.0159,0.0694,4.3715,5.4348,5.5160,nan,6.0465,6.2428,0.2472,-0.0642,2.1937,-0.0001,-0.0143,-0.1395,6.9984,0.0800,2.2249,0.1638
34.100,127.384,0.8241,4.6950,-68.508,0.8137,4.5311,-70.334,0.1487,-0.0698,0.1643,-1.826,-2.7890,2.8252,-1.834,3.5463,1.8202,-68.500,5.543,-0.5979,129.863,0.4905,0.0159,0.0576,3.6274,5.5494,5.6863,nan,6.2119,6.1898,0.2451,-0.0695,2.2058,0.0108,0.0102,-0.1544,7.2983,0.0800,1.5285,0.1638
34.150,127.696,0.9345,4.4027,-70.360,0.9194,4.1968,-72.768,0.1888,-0.0834,0.2064,-2.408,-2.7941,2.8318,-2.389,3.6534,1.5186,-70.380,5.623,-0.5682,130.186,0.4939,0.0103,0.0570,5.5500,5.7194,5.9168,nan,6.3438,6.5247,0.2584,-0.0645,2.2690,0.0119,0.0216,-0.1085,7.6983,0.0686,4.2646,0.1638
34.200,128.005,1.0346,4.1104,-72.117,1.0101,3.9086,-74.138,0.1845,-0.0853,0.2033,-2.021,-2.7859,2.8400,-2.009,3.7562,1.2010,-72.129,5.800,-0.6025,130.514,0.4926,0.0084,0.0523,6.2385,5.8631,6.0438,nan,6.4759,6.6163,0.2620,-0.0650,2.2972,0.0257,0.0288,-0.0889,7.9982,0.0517,1.9412,0.1638
34.250,128.339,1.1323,3.7917,-74.144,1.1077,3.5367,-76.390,0.2386,-0.0933,0.2562,-2.246,-2.7768,2.8261,-2.329,3.8524,0.8679,-74.061,5.899,-0.6076,130.860,0.4954,0.0068,0.0514,7.5316,5.9892,6.1581,nan,6.5961,6.7114,0.2658,-0.0584,2.3155,0.0312,0.0152,-0.0726,8.2981,0.0414,3.9747,0.1638
34.300,128.662,1.2164,3.4792,-76.023,1.1796,3.2118,-78.730,0.2506,-0.1003,0.2700,-2.708,-2.7784,2.8710,-2.592,3.9385,0.5194,-76.139,6.070,-0.6112,131.203,0.4987,0.0075,0.0594,7.9727,5.9466,6.0078,nan,6.7058,6.9204,0.2741,-0.0495,2.3155,0.0314,0.0021,-0.0658,8.5981,0.0800,3.1796,0.1638
34.350,129.013,1.2962,3.1379,-78.029,1.2583,2.8593,-79.350,0.2647,-0.0949,0.2812,-1.321,-2.7563,2.7696,-1.224,4.0117,0.1754,-78.126,6.215,-0.5777,131.572,0.5057,0.0071,0.0519,7.2527,6.0238,6.1528,nan,6.8124,6.9623,0.2757,-0.0643,2.3155,0.0585,0.0206,-0.0740,8.8980,0.0800,2.7318,0.1638
34.400,129.403,1.3714,2.7555,-80.018,1.3307,2.4908,-81.140,0.2536,-0.0860,0.2678,-1.123,-2.7401,2.7589,-1.196,4.0754,-0.1830,-79.945,6.349,-0.5162,131.980,0.5132,0.0144,0.0604,4.2038,6.2873,7.0556,nan,6.9863,7.2159,0.2858,-0.0674,2.3224,0.0801,0.0298,-0.0717,9.3979,0.0800,3.2292,0.1638
34.450,129.756,1.4287,2.4068,-81.581,1.3888,2.0816,-82.697,0.3159,-0.0871,0.3276,-1.116,-2.7392,2.7762,-1.049,4.1400,-0.6190,-81.649,6.488,-0.5693,132.351,0.5251,0.0237,0.0630,2.6601,6.4689,6.7450,nan,7.1245,7.3239,0.2901,-0.0620,2.3303,0.0893,0.0246,-0.0664,9.6978,0.0673,2.1789,0.1638
34.500,130.136,1.4787,2.0305,-83.720,1.4249,1.7132,-84.505,0.3096,-0.0882,0.3219,-0.785,-2.7392,2.7762,-1.049,4.1829,-0.9867,-83.457,6.601,-0.6819,132.748,0.5294,0.0296,0.0644,2.1750,6.5701,6.7450,nan,7.2273,7.4275,0.2942,-0.0562,2.3390,0.0965,0.0152,-0.0606,9.9977,0.0666,2.1789,0.1672
34.550,130.136,1.4787,2.0305,-83.720,1.4365,1.7126,-83.884,0.3114,-0.0767,0.3207,-0.164,-2.7388,2.7305,-0.427,4.1829,-0.9867,-83.457,6.601,-0.6819,132.748,0.5294,0.0252,0.0569,2.2561,6.7054,6.9310,nan,7.3625,7.5523,0.2991,-0.0462,2.3977,0.1053,0.0006,-0.0536,10.2977,0.0618,3.2668,0.1672
34.600,130.510,1.5138,1.6580,-85.910,1.4708,1.3238,-85.762,0.3303,-0.0667,0.3369,0.148,-2.7405,2.6882,0.064,4.2098,-1.3690,-85.826,6.757,-0.6139,133.144,0.5400,0.0222,0.0538,2.4262,6.9303,7.3662,nan,7.4946,7.6097,0.3014,-0.0445,2.4136,0.1172,0.0019,-0.0434,10.7976,0.0363,3.5716,0.1672
34.650,130.879,1.5354,1.2892,-87.739,1.4979,0.9241,-88.136,0.3633,-0.0519,0.3670,-0.397,-2.7199,2.7454,-0.268,4.2263,-1.8016,-87.868,6.913,-0.5463,133.535,0.5667,0.0223,0.0544,2.4419,6.9253,7.0293,nan,7.5911,7.7836,0.3083,-0.0323,2.4218,0.1177,-0.0131,-0.0382,11.0975,0.0607,3.2144,0.1672
34.700,131.264,1.5462,0.9048,-89.321,1.4979,0.6078,-90.350,0.2964,-0.0518,0.3009,-1.028,-2.6957,2.8382,-0.916,4.2288,-2.1631,-89.434,7.057,-0.4952,133.941,0.5659,0.0208,0.0729,3.4989,7.1252,7.5051,nan,7.7169,7.8543,0.3111,-0.0180,2.4305,0.1006,-0.0313,-0.0327,11.3974,0.0422,2.3728,0.1672
34.750,131.655,1.5465,0.5135,-90.862,1.4796,0.1747,-92.387,0.3398,-0.0618,0.3454,-1.525,-2.6763,2.8975,-1.444,4.2232,-2.6172,-90.943,7.168,-0.4078,134.350,0.5962,0.0153,0.0853,5.5845,7.0909,7.1785,nan,7.8086,8.0453,0.3186,-0.0026,2.4356,0.0732,-0.0468,-0.0295,11.6973,0.0731,2.8842,0.1672
34.800,132.053,1.5373,0.1155,-91.990,1.4510,-0.2062,-93.793,0.3245,-0.0751,0.3331,-1.803,-2.6691,2.9069,-1.643,4.2076,-2.9937,-92.151,7.296,-0.2724,134.769,0.5929,0.0138,0.0899,6.5308,7.2667,7.5949,nan,7.9563,8.1740,0.3237,0.0050,2.4471,0.0499,-0.0460,-0.0224,12.0973,0.0658,2.4158,0.1672
34.850,132.465,1.5209,-0.2960,-92.646,1.4203,-0.6626,-94.138,0.3708,-0.0836,0.3801,-1.492,-2.6888,2.8886,-1.230,4.1844,-3.4621,-92.908,7.408,-0.1093,135.200,0.6241,0.0164,0.0920,5.6092,7.2565,7.3626,nan,8.0000,8.2637,0.3273,-0.0004,2.4559,0.0475,-0.0281,-0.0170,12.4972,0.0798,2.9986,0.1672
34.900,132.899,1.5002,-0.7296,-92.772,1.3937,-1.0504,-94.220,0.3256,-0.0908,0.3380,-1.448,-2.6888,2.8886,-1.230,4.1662,-3.8504,-92.989,7.548,0.0073,135.656,0.6016,0.0152,0.1013,6.6440,7.5079,8.3587,nan,8.0000,8.0790,0.3200,0.0009,2.4624,0.0388,-0.0215,-0.0130,12.8971,0.0232,2.7467,0.1672
34.950,133.303,1.4809,-1.1327,-92.601,1.3662,-1.5556,-93.574,0.4277,-0.0954,0.4382,-0.973,-2.7100,2.9016,-0.827,4.1401,-4.3979,-92.747,7.668,0.0531,136.080,0.6803,0.0167,0.1013,6.0771,7.7435,8.3587,nan,8.0000,8.1950,0.3246,-0.0069,2.4602,0.0473,-0.0029,-0.0063,13.3970,0.0583,2.7467,0.1672
35.000,133.303,1.4809,-1.1327,-92.601,1.3692,-1.5168,-94.090,0.3888,-0.0941,0.4000,-1.490,-2.6666,2.9770,-1.343,4.1401,-4.3979,-92.747,7.668,0.0531,136.080,0.6803,0.0167,0.1114,6.6858,7.3787,7.1585,nan,8.0000,7.9690,0.3156,-0.0058,2.4601,0.0462,-0.0024,-0.0050,13.5969,0.0800,1.8069,0.1672
35.050,133.790,1.4587,-1.6193,-92.598,1.3635,-1.8002,-93.472,0.1851,-0.0869,0.2045,-0.875,-2.6751,3.0206,-1.050,4.1263,-4.7460,-92.422,7.782,-0.0477,136.589,0.6026,0.0261,0.1090,4.1671,7.6197,8.6959,nan,8.0000,8.2293,0.3259,-0.0023,2.4601,0.0544,-0.0077,0.0030,14.0968,0.0800,1.0409,0.1672
35.100,134.219,1.4386,-2.0483,-92.846,1.3436,-2.2822,-93.527,0.2384,-0.0833,0.2525,-0.681,-2.6837,3.0691,-0.785,4.1001,-5.2957,-92.743,7.827,-0.0806,137.031,0.6681,0.0235,0.0994,4.2363,7.8313,8.3291,nan,8.0000,8.1282,0.3219,-0.0013,2.4601,0.0623,-0.0117,0.0031,14.3967,0.0379,-0.4383,0.1672
35.150,134.656,1.4162,-2.4846,-93.064,1.3300,-2.6575,-94.005,0.1772,-0.0769,0.1932,-0.941,-2.6550,3.1403,-0.904,4.0759,-5.7342,-93.101,7.787,-0.0438,137.471,0.6709,0.0174,0.0864,4.9778,7.8524,8.0052,nan,8.0000,8.1122,0.3213,-0.0010,2.4332,0.0692,-0.0145,0.0054,14.6967,0.0331,1.1828,0.1672
35.200,135.086,1.3929,-2.9139,-93.146,1.3139,-3.0685,-93.222,0.1587,-0.0703,0.1736,-0.076,-2.7356,3.1061,-0.014,4.0511,-6.1736,-93.208,7.837,-0.0175,137.914,0.6779,0.0155,0.0741,4.7843,7.7115,7.7453,nan,8.0000,8.2192,0.3255,-0.0140,2.3778,0.0895,-0.0007,0.0096,15.0966,0.0658,0.0067,0.1672
35.250,135.525,1.3686,-3.3521,-93.196,1.3060,-3.4962,-93.013,0.1474,-0.0545,0.1571,0.183,-2.7431,3.0957,0.192,4.0270,-6.6054,-93.204,7.835,-0.0114,138.361,0.6741,0.0159,0.0553,3.4759,7.6628,7.7531,nan,7.8379,7.9710,0.3157,-0.0214,2.3612,0.1068,-0.0005,0.0114,15.3965,0.0402,-0.1908,0.1672
35.300,136.010,1.3414,-3.8369,-93.246,1.2960,-3.9341,-92.947,0.0996,-0.0399,0.1073,0.299,-2.7405,3.1108,0.287,4.0010,-7.0650,-93.235,7.829,-0.0925,138.855,0.6591,0.0161,0.0444,2.7620,7.8563,8.2920,nan,7.5617,7.3379,0.2906,-0.0238,2.3446,0.1194,-0.0058,0.0130,15.5965,-0.0660,0.7927,0.1672
35.350,136.442,1.3156,-4.2678,-93.766,1.2757,-4.4238,-92.940,0.1583,-0.0296,0.1611,0.826,-2.7754,3.0938,0.603,3.9717,-7.5599,-93.543,7.858,-0.2161,139.297,0.6987,0.0181,0.0380,2.0945,7.9885,8.2920,nan,6.9869,6.9880,0.2768,-0.0323,2.2662,0.1113,-0.0204,0.0138,16.1963,0.0004,0.7927,0.1672
35.400,136.442,1.3156,-4.2678,-93.766,1.2757,-4.4238,-92.940,0.1583,-0.0296,0.1611,0.826,-2.7754,3.0938,0.603,3.9717,-7.5599,-93.543,7.858,-0.2161,139.516,0.6987,0.0181,0.0380,2.0945,7.8713,7.9228,nan,6.5121,6.3188,0.2502,-0.0342,2.2171,0.0986,-0.0421,-0.0012,16.5962,-0.0800,-1.3254,0.1672
35.450,136.880,1.2847,-4.7050,-94.578,1.2505,-4.8486,-94.185,0.1459,-0.0226,0.1476,0.392,-2.7255,3.1111,0.270,3.9385,-7.9783,-94.455,7.781,-0.2705,139.734,0.6894,0.0174,0.0366,2.1063,7.7833,7.8530,nan,6.2298,6.2378,0.2470,-0.0347,2.1787,0.0717,-0.0614,-0.0268,16.9961,-0.0800,-5.4773,0.1672
35.500,137.308,1.2481,-5.1316,-95.502,1.2268,-5.2652,-94.981,0.1350,-0.0084,0.1353,0.521,-2.7370,3.1096,0.453,3.8974,-8.4059,-95.434,7.510,-0.3365,140.137,0.6936,0.0195,0.0264,1.3544,7.4566,7.3040,nan,5.9594,5.9372,0.2351,-0.0420,2.1781,0.0606,-0.0697,-0.0454,17.2961,-0.0800,-9.9289,0.1672
35.550,137.707,1.2069,-5.5276,-96.701,1.1859,-5.6838,-95.995,0.1576,-0.0026,0.1576,0.707,-2.7624,3.0712,0.631,3.8517,-8.7979,-96.625,6.995,-0.3800,140.482,0.6950,0.0219,0.0298,1.3569,7.0412,5.9660,nan,5.8750,5.7509,0.2278,-0.0409,2.1402,0.0439,-0.0761,-0.0665,17.4960,-0.0476,-8.4943,0.1672
35.600,138.087,1.1597,-5.9048,-97.894,1.1463,-5.9426,-96.830,0.0393,-0.0081,0.0401,1.064,-2.8334,3.0235,1.045,3.8155,-9.0372,-97.875,6.608,-0.3946,140.829,0.6158,0.0257,0.0306,1.1893,6.6619,6.4218,nan,5.6234,5.5895,0.2214,-0.0554,2.0623,0.0166,-0.0600,-0.0829,17.8960,-0.0139,-7.7881,0.1672
35.650,138.452,1.1062,-6.2664,-99.257,1.1012,-6.2399,-97.386,-0.0253,-0.0092,0.0269,1.870,-2.9452,3.0578,1.784,3.7550,-9.4192,-99.171,6.240,-0.3998,141.164,0.6310,0.0169,0.0239,1.4168,6.2583,5.9526,nan,5.5440,5.7092,0.2261,-0.0608,2.0459,-0.0007,-0.0603,-0.0886,17.9959,0.0800,-6.4971,0.1672
35.700,138.787,1.0495,-6.5967,-100.508,1.0456,-6.6130,-99.292,0.0167,-0.0009,0.0168,1.216,-2.8670,3.0305,1.282,3.6959,-9.7286,-100.574,5.957,-0.4717,141.477,0.6241,0.0168,0.0195,1.1565,5.8388,5.4623,nan,5.3885,5.3820,0.2131,-0.0697,2.0059,-0.0205,-0.0624,-0.1219,18.2959,0.0800,-5.6142,0.1672
35.750,139.108,0.9877,-6.9115,-102.082,0.9898,-6.9111,-100.838,-0.0008,0.0020,0.0021,1.244,-2.8469,3.0040,1.132,3.6402,-9.9890,-101.969,5.728,-0.5221,141.781,0.5975,0.0184,0.0195,1.0602,5.6451,5.6314,nan,5.0816,5.2340,0.2073,-0.0860,1.9527,-0.0414,-0.0391,-0.1521,18.6958,0.0723,-2.1486,0.1672
35.800,139.427,0.9173,-7.2221,-103.828,0.9217,-7.2194,-102.261,-0.0036,0.0037,0.0052,1.567,-2.9112,2.9893,1.508,3.5630,-10.3060,-103.769,5.630,-0.5901,142.094,0.6060,0.0205,0.0211,1.0301,5.5479,5.5789,nan,4.9240,4.9900,0.1976,-0.1036,1.9201,-0.0522,-0.0359,-0.1736,18.8957,0.0316,-4.3798,0.1672
35.850,139.737,0.8392,-7.5219,-105.785,0.8419,-7.5345,-104.314,0.0114,0.0061,0.0129,1.471,-2.9112,2.9893,1.508,3.4750,-10.6189,-105.822,5.441,-0.6888,142.391,0.6201,0.0585,0.0445,0.7603,5.5180,5.5789,nan,4.6666,4.5295,0.1794,-0.1330,1.9200,-0.0603,-0.0064,-0.1928,19.1957,-0.0655,-4.3798,0.1672
35.900,139.737,0.8392,-7.5219,-105.785,0.8384,-7.5387,-104.802,0.0164,0.0038,0.0168,0.982,-2.8249,3.0167,1.019,3.4750,-10.6189,-105.822,5.441,-0.6888,142.391,0.6201,0.0068,0.0124,1.8197,5.1796,5.0456,nan,4.5882,4.6316,0.1834,-0.1368,1.9200,-0.0780,-0.0145,-0.2090,19.3956,0.0222,-4.1125,0.1672
35.950,140.073,0.7417,-7.8439,-108.375,0.7671,-7.7861,-106.628,-0.0628,0.0059,0.0631,1.747,-2.8929,2.9889,1.405,3.3947,-10.8615,-108.033,5.225,-0.7860,142.712,0.5788,0.0136,0.0117,0.8652,5.3926,5.6416,nan,4.2451,4.3119,0.1708,-0.1486,1.7997,-0.0785,0.0041,-0.2062,19.6955,-0.0800,-8.3414,0.1672
36.000,140.344,0.6510,-8.0993,-111.432,0.6623,-8.1072,-109.249,0.0032,0.0134,0.0138,2.184,-2.9304,2.9833,1.657,3.2705,-11.1898,-110.906,4.842,-1.0247,142.956,0.6329,0.0204,0.0187,0.9140,4.9946,4.3449,nan,4.2451,4.1541,0.1645,-0.1420,1.6664,-0.0945,-0.0187,-0.2396,19.8955,-0.0483,-4.5498,0.1672
36.050,140.610,0.5481,-8.3443,-114.703,0.5889,-8.2601,-112.888,-0.0936,0.0019,0.0936,1.815,-2.9625,2.9738,1.819,3.1931,-11.3410,-114.707,4.646,-1.0510,143.211,0.5816,0.0299,0.0071,0.2384,4.6812,4.5696,nan,4.1834,4.2246,0.1673,-0.1591,1.6502,-0.1073,-0.0179,-0.2749,20.0954,0.0231,-6.0242,0.1672
36.100,140.858,0.4388,-8.5675,-118.012,0.4662,-8.5017,-116.404,-0.0709,-0.0067,0.0713,1.608,-2.9365,2.9822,1.662,3.0683,-11.5778,-118.065,4.412,-0.9888,143.446,0.5998,0.0047,0.0093,1.9966,4.3446,4.2192,nan,4.0005,4.1108,0.1628,-0.1621,1.5315,-0.1249,-0.0141,-0.3050,20.2954,0.0639,-4.7870,0.1672
36.150,141.108,0.3162,-8.7852,-121.198,0.3508,-8.7063,-119.973,-0.0854,-0.0112,0.0861,1.225,-2.8486,2.9906,1.193,2.9553,-11.7610,-121.166,4.223,-1.0336,143.685,0.5833,0.0120,0.0023,0.1919,4.2790,4.3098,nan,3.8804,3.9139,0.1550,-0.1716,1.3569,-0.1322,-0.0074,-0.3328,20.4954,0.0194,-1.9454,0.1672
36.200,141.330,0.1968,-8.9723,-124.354,0.2148,-8.9279,-123.458,-0.0468,-0.0102,0.0479,0.896,-2.8149,2.9823,1.017,2.8178,-11.9620,-124.475,4.153,-1.0432,143.905,0.6037,0.0163,0.0069,0.4254,4.0271,3.9752,nan,3.8270,3.9224,0.1553,-0.1721,1.1893,-0.1303,0.0081,-0.3555,20.6953,0.0800,-2.2748,0.1672
36.250,141.560,0.0622,-9.1589,-127.696,0.1033,-9.0830,-126.114,-0.0852,-0.0139,0.0863,1.582,-2.9180,2.9608,1.554,2.6936,-12.1213,-127.668,4.060,-1.0669,144.131,0.5886,0.0259,0.0050,0.1947,4.0304,4.0878,nan,3.7241,3.7964,0.1504,-0.1480,0.8549,-0.1249,0.0284,-0.3812,20.8953,0.0418,-3.8216,0.1672
36.300,141.779,-0.0762,-9.3288,-131.051,-0.0498,-9.2693,-129.656,-0.0622,-0.0191,0.0651,1.395,-2.9180,2.9608,1.554,2.5355,-12.3034,-131.210,3.923,-1.0517,144.344,0.6100,0.0030,0.0043,1.4435,4.0329,4.0878,nan,3.5024,3.3739,0.1336,-0.2258,0.8549,-0.1105,0.0984,-0.4252,21.1952,-0.0800,-3.8216,0.1672
36.350,141.779,-0.0762,-9.3288,-131.051,-0.0580,-9.2630,-129.626,-0.0616,-0.0295,0.0683,1.425,-2.9327,2.9656,1.584,2.5355,-12.3034,-131.210,3.923,-1.0517,144.344,0.6100,0.0030,0.0032,1.0626,3.7708,3.7176,nan,3.4042,3.3726,0.1336,-0.2336,0.8549,-0.1156,0.0928,-0.4381,21.2952,-0.0183,-1.8136,0.1672
36.400,141.993,-0.2207,-9.4864,-134.348,-0.1858,-9.3899,-132.727,-0.0934,-0.0425,0.1026,1.621,-2.9336,2.9691,1.563,2.4095,-12.4294,-134.291,3.839,-1.0680,144.554,0.5870,0.0068,0.0029,0.4291,3.8408,3.9292,nan,3.1762,3.1039,0.1229,-0.2913,0.8549,-0.1019,0.1296,-0.4361,21.4951,-0.0800,-7.4427,0.1672
36.450,142.195,-0.3658,-9.6264,-138.268,-0.3427,-9.5451,-136.369,-0.0713,-0.0452,0.0845,1.899,-2.8661,2.9819,1.266,2.2460,-12.5797,-137.635,3.528,-1.2781,144.740,0.6066,0.0123,0.0039,0.3149,3.5455,3.4587,nan,3.0727,3.1225,0.1237,-0.3216,0.8549,-0.1021,0.1248,-0.4315,21.6951,0.0288,-4.1490,0.1672
36.500,142.391,-0.5164,-9.7522,-142.398,-0.4818,-9.6581,-140.892,-0.0848,-0.0535,0.1003,1.506,-2.9299,2.9627,1.541,2.1078,-12.6821,-142.433,3.361,-1.3008,144.930,0.5914,0.0224,0.0057,0.2543,3.3576,3.3368,nan,2.9798,3.0797,0.1220,-0.3792,0.8549,-0.0848,0.1004,-0.4248,21.7951,0.0800,-5.9012,0.1672
36.550,142.569,-0.6612,-9.8557,-146.957,-0.6193,-9.7528,-144.422,-0.0912,-0.0634,0.1111,2.535,-3.0421,2.9465,2.083,1.9596,-12.7790,-146.506,3.144,-1.5183,145.100,0.5943,0.0278,0.0072,0.2590,3.1370,3.0884,nan,2.9671,2.8736,0.1138,-0.3836,0.8549,-0.0846,0.1052,-0.4807,21.9950,0.0800,-2.8881,0.1695
36.600,142.739,-0.8076,-9.9429,-151.893,-0.7664,-9.8505,-149.454,-0.0799,-0.0621,0.1011,2.439,-3.1270,2.9145,2.436,1.8159,-12.8539,-151.890,3.062,-1.6020,145.269,0.5905,0.0103,0.0130,1.2692,3.0057,3.0008,nan,3.0806,3.1376,0.1243,-0.4286,0.8549,-0.0659,0.0883,-0.5673,22.0950,0.0330,-2.4511,0.1695
36.650,142.911,-0.9628,-10.0169,-157.647,-0.9228,-9.9371,-154.134,-0.0673,-0.0586,0.0892,3.513,-3.2493,2.8779,2.950,1.6639,-12.9178,-157.084,2.972,-1.7830,145.441,0.5867,0.0153,0.0164,1.0753,2.9781,3.0491,nan,3.2154,3.2981,0.1306,-0.4658,0.8549,-0.0438,0.1139,-0.7321,22.2950,0.0800,-4.3649,0.1695
36.700,143.070,-1.1126,-10.0707,-163.169,-1.0762,-10.0031,-160.103,-0.0544,-0.0542,0.0768,3.066,-3.2627,2.8644,3.028,1.5038,-12.9650,-163.131,2.856,-1.7944,145.599,0.5966,0.0234,0.0155,0.6606,2.9065,2.9479,nan,3.2154,3.2710,0.1295,-0.4699,0.9053,-0.0245,0.0948,-0.7137,22.3949,0.0800,0.8893,0.1695
36.750,143.229,-1.2667,-10.1093,-169.264,-1.2235,-10.0454,-165.639,-0.0543,-0.0547,0.0771,3.625,-3.3165,2.8510,3.303,1.3464,-12.9955,-168.942,2.922,-2.0121,145.767,0.5997,0.0330,0.0205,0.6206,2.8993,2.9976,nan,3.2690,3.2296,0.1279,-0.4415,1.1108,-0.0032,0.1318,-0.5635,22.5949,-0.0228,1.5874,0.1695
36.800,143.392,-1.4284,-10.1310,-176.076,-1.3815,-10.0684,-172.021,-0.0511,-0.0592,0.0782,4.055,-3.3859,2.8387,3.659,1.1766,-13.0088,-175.680,3.006,-2.2123,145.943,0.6076,0.0422,0.0241,0.5726,2.8986,2.9976,nan,3.3811,3.4732,0.1376,-0.4084,1.1105,0.0037,0.0682,-0.5831,22.6949,0.0533,1.5874,0.1695
36.850,143.562,-1.5978,-10.1329,176.780,-1.5664,-10.0718,180.624,-0.0279,-0.0628,0.0687,3.843,-3.3859,2.8387,3.659,0.9919,-13.0003,176.965,3.045,-2.1423,146.122,0.6229,0.1325,0.0867,0.6544,2.9848,3.1721,nan,3.4692,3.6024,0.1427,-0.3651,1.1651,0.0065,0.0664,-0.5447,22.8948,0.0800,0.1397,0.1695
36.900,143.562,-1.5978,-10.1329,176.780,-1.5694,-10.0750,180.513,-0.0251,-0.0594,0.0645,3.733,-3.3641,2.8389,3.549,0.9919,-13.0003,176.965,3.045,-2.1423,146.122,0.6229,0.0191,0.0380,1.9956,3.0810,3.2641,nan,3.5576,3.6813,0.1458,-0.3360,1.2200,0.0111,0.0626,-0.5091,23.0948,0.0716,-0.0105,0.1695
36.950,143.733,-1.7675,-10.1139,170.038,-1.7563,-10.0539,172.608,-0.0007,-0.0611,0.0611,2.569,-3.1857,2.8595,2.768,0.8041,-12.9673,169.839,3.083,-1.8645,146.300,0.6412,0.0262,0.0288,1.1007,3.0780,3.1584,nan,3.6548,3.6546,0.1447,-0.3154,1.2188,0.0062,0.0157,-0.5157,23.1947,0.0800,4.8589,0.1695
37.000,143.911,-1.9417,-10.0747,164.184,-1.9236,-10.0135,166.321,-0.0007,-0.0638,0.0638,2.137,-3.0683,2.8701,2.240,0.6401,-12.9185,164.080,3.277,-1.7543,146.496,0.6313,0.0334,0.0188,0.5635,3.2913,3.5235,nan,3.7451,3.8743,0.1534,-0.3115,1.3319,0.0110,0.0252,-0.4726,23.3947,0.0800,3.1472,0.1695
37.050,144.092,-2.1134,-10.0179,158.757,-2.1281,-9.9410,159.853,0.0415,-0.0664,0.0783,1.096,-2.8166,2.8922,1.097,0.4427,-12.8440,158.756,3.408,-1.6967,146.690,0.6579,0.0375,0.0221,0.5892,3.4191,3.5815,nan,3.7734,3.8165,0.1511,-0.2823,1.3950,0.0037,0.0229,-0.4443,23.5947,0.0250,1.5054,0.1695
37.100,144.285,-2.2899,-9.9402,153.324,-2.3189,-9.8443,153.634,0.0690,-0.0727,0.1002,0.309,-2.6642,2.9054,0.395,0.2574,-12.7518,153.239,3.480,-1.6987,146.890,0.6678,0.0204,0.0098,0.4782,3.4463,3.5436,nan,3.7573,3.7783,0.1496,-0.2562,1.4061,-0.0074,0.0140,-0.4251,23.7946,0.0122,2.5080,0.1695
37.150,144.458,-2.4418,-9.8566,148.509,-2.4852,-9.7376,148.055,0.0991,-0.0788,0.1266,-0.454,-2.5129,2.9201,-0.361,0.1076,-12.6573,148.417,3.586,-1.7327,147.075,0.6667,0.0188,0.0067,0.3535,3.5303,3.6632,nan,3.8757,3.9409,0.1561,-0.2318,1.4404,-0.0138,-0.0080,-0.4414,23.9946,0.0800,1.1389,0.1695
37.200,144.657,-2.6071,-9.7459,143.485,-2.6611,-9.6066,142.602,0.1262,-0.0798,0.1494,-0.883,-2.4843,2.9291,-0.546,-0.0572,-12.5369,143.148,3.641,-1.4799,147.280,0.6673,0.0214,0.0080,0.3745,3.6580,3.7960,nan,4.0412,3.9780,0.1575,-0.2413,1.4995,-0.0115,0.0268,-0.4473,24.1945,0.0800,0.3842,0.1695
37.250,144.862,-2.7666,-9.6182,138.845,-2.8259,-9.4583,137.885,0.1499,-0.0813,0.1705,-0.960,-2.4329,2.9278,-0.772,-0.2261,-12.3904,138.657,3.669,-1.3452,147.488,0.6791,0.0258,0.0141,0.5474,3.6208,3.6679,nan,4.1308,4.2652,0.1689,-0.2300,1.5515,-0.0117,0.0367,-0.3633,24.3945,0.0778,2.0455,0.1695
37.300,145.070,-2.9184,-9.4760,134.527,-2.9563,-9.3261,134.309,0.1334,-0.0781,0.1546,-0.217,-2.5203,2.9241,-0.356,-0.3599,-12.2527,134.665,3.751,-1.3917,147.704,0.6606,0.0290,0.0132,0.4533,3.8152,3.9943,nan,4.2261,4.2729,0.1692,-0.2288,1.6473,-0.0014,0.0750,-0.3492,24.6944,0.0261,1.0824,0.1695
37.350,145.281,-3.0615,-9.3197,129.983,-3.1237,-9.1322,130.199,0.1836,-0.0728,0.1975,0.216,-2.6593,2.9346,0.270,-0.5212,-12.0645,129.929,3.817,-1.3975,147.923,0.6837,0.0308,0.0233,0.7558,3.8875,3.9943,nan,4.2738,4.3300,0.1715,-0.2250,1.6817,0.0102,0.0470,-0.3457,24.7944,0.0310,1.0824,0.1695
37.400,145.492,-3.1914,-9.1537,125.656,-3.2371,-8.9721,125.902,0.1742,-0.0688,0.1872,0.246,-2.6593,2.9346,0.270,-0.6338,-11.9038,125.633,3.970,-1.4125,148.146,0.6658,0.0198,0.0187,0.9412,3.7909,3.8074,nan,4.3689,4.4464,0.1761,-0.2207,1.6625,0.0190,0.0479,-0.3207,24.9943,0.0800,3.7694,0.1695
37.450,145.492,-3.1914,-9.1537,125.656,-3.2405,-8.9701,125.911,0.1778,-0.0671,0.1900,0.255,-2.6645,2.9366,0.278,-0.6338,-11.9038,125.633,3.970,-1.4125,148.146,0.6658,0.0198,0.0202,1.0167,3.9569,4.1178,nan,4.5022,4.6478,0.1841,-0.2169,1.7621,0.0320,0.0688,-0.2932,25.2943,0.0800,1.7178,0.1695
37.500,145.717,-3.3158,-8.9665,121.086,-3.3680,-8.7717,121.788,0.1938,-0.0559,0.2017,0.702,-2.7245,2.9322,0.580,-0.7619,-11.6967,121.209,4.061,-1.4074,148.380,0.6733,0.0191,0.0249,1.3037,4.1159,4.2743,nan,4.5797,4.6698,0.1849,-0.2118,1.8457,0.0508,0.0591,-0.2808,25.4942,0.0468,2.7367,0.1695
37.550,145.952,-3.4299,-8.7608,116.449,-3.4852,-8.5689,116.998,0.1964,-0.0360,0.1997,0.549,-2.6761,2.9203,0.352,-0.8797,-11.4840,116.646,4.191,-1.4231,148.628,0.6783,0.0185,0.0259,1.4018,4.3090,4.5063,nan,4.6799,4.7108,0.1866,-0.1983,1.9414,0.0636,0.0347,-0.2725,25.6942,0.0154,3.1821,0.1695
37.600,146.183,-3.5254,-8.5511,112.012,-3.5889,-8.3441,112.300,0.2157,-0.0187,0.2165,0.288,-2.6856,2.9049,0.436,-0.9889,-11.2418,111.864,4.330,-1.4335,148.873,0.6993,0.0169,0.0279,1.6520,4.3022,4.3692,nan,4.7446,4.8540,0.1922,-0.1811,1.9410,0.0594,0.0207,-0.2700,25.8941,0.0551,1.9215,0.1695
37.650,146.423,-3.6078,-8.3249,107.473,-3.6604,-8.1211,108.273,0.2101,-0.0110,0.2104,0.800,-2.7687,2.9087,0.874,-1.0597,-11.0149,107.399,4.420,-1.3837,149.124,0.6883,0.0190,0.0391,2.0598,4.3683,4.4741,nan,4.8081,4.9413,0.1957,-0.1710,1.9746,0.0594,0.0229,-0.2666,26.0941,0.0666,1.6309,0.1695
37.700,146.673,-3.6746,-8.0844,103.087,-3.7154,-7.8828,104.165,0.2056,-0.0059,0.2057,1.078,-2.7946,2.9058,1.043,-1.1170,-10.7700,103.123,4.497,-1.2968,149.383,0.6803,0.0141,0.0394,2.7977,4.5489,4.7307,nan,4.8707,4.9189,0.1948,-0.1600,2.0705,0.0561,0.0414,-0.2545,26.3940,0.0232,2.2685,0.1695
37.750,146.923,-3.7237,-7.8390,99.063,-3.7518,-7.6388,100.299,0.2021,-0.0038,0.2022,1.236,-2.8372,2.8819,1.344,-1.1611,-10.4963,98.955,4.595,-1.2392,149.644,0.6837,0.0115,0.0421,3.6559,4.5993,4.6944,nan,4.9747,5.0645,0.2006,-0.1441,2.1020,0.0479,0.0320,-0.2475,26.5940,0.0428,2.1936,0.1695
37.800,147.188,-3.7573,-7.5763,95.045,-3.7712,-7.4094,96.142,0.1675,-0.0008,0.1675,1.097,-2.7710,2.8483,1.027,-1.1840,-10.2381,95.115,4.689,-1.1783,149.919,0.6722,0.0097,0.0379,3.9220,4.7774,4.9589,nan,5.1071,5.1624,0.2045,-0.1253,2.1704,0.0371,0.0165,-0.2395,26.7939,0.0254,0.8331,0.1695
37.850,147.447,-3.7728,-7.3177,91.371,-3.7888,-7.1279,93.007,0.1901,0.0115,0.1905,1.636,-2.9117,2.8456,1.808,-1.1914,-9.9408,91.199,4.737,-1.0847,150.185,0.6775,0.0084,0.0522,6.1956,4.6652,4.6769,nan,5.1581,5.3062,0.2101,-0.1179,2.1680,0.0432,0.0371,-0.2186,27.0939,0.0691,2.1085,0.1695
37.900,147.447,-3.7728,-7.3177,91.371,-3.7888,-7.1279,93.007,0.1901,0.0115,0.1905,1.636,-2.9117,2.8456,1.808,-1.1914,-9.9408,91.199,4.737,-1.0847,150.185,0.6775,0.0084,0.0522,6.1956,4.6300,4.6769,nan,5.2778,5.3894,0.2134,-0.1133,2.1828,0.0509,0.0367,-0.1942,27.2938,0.0800,2.1085,0.1695
37.950,147.715,-3.7722,-7.0497,87.973,-3.7733,-6.8886,88.903,0.1609,0.0068,0.1611,0.930,-2.7820,2.8198,1.117,-1.1803,-9.6872,87.786,4.830,-0.9685,150.463,0.6626,0.0094,0.0369,3.9136,4.7304,4.8383,nan,5.5049,5.5702,0.2206,-0.0988,2.2664,0.0362,0.0227,-0.1661,27.4938,0.0800,1.9648,0.1695
38.000,147.988,-3.7561,-6.7772,84.950,-3.7480,-6.6203,85.673,0.1570,0.0058,0.1571,0.724,-2.6997,2.8138,0.659,-1.1567,-9.4215,85.015,4.923,-0.8864,150.746,0.6532,0.0051,0.0332,6.4640,4.9869,5.3085,nan,5.6003,5.6413,0.2234,-0.0907,2.3125,0.0301,0.0172,-0.1021,27.7937,0.0171,3.3334,0.1695
38.050,148.258,-3.7268,-6.5088,82.258,-3.7075,-6.3165,82.349,0.1931,0.0068,0.1932,0.090,-2.6339,2.7890,0.253,-1.1139,-9.1007,82.095,5.064,-0.8199,151.030,0.6608,0.0038,0.0381,10.0830,4.9887,5.0539,nan,5.7299,5.9029,0.2338,-0.0797,2.3125,0.0192,-0.0021,-0.1216,27.9937,0.0728,3.8506,0.1695
38.100,148.547,-3.6824,-6.2236,79.724,-3.6523,-6.0486,79.659,0.1776,0.0016,0.1776,-0.065,-2.5849,2.7924,-0.012,-1.0656,-8.8412,79.671,5.229,-0.7504,151.334,0.6468,0.0035,0.0362,10.4759,5.2355,5.5405,nan,5.8529,5.9807,0.2369,-0.0746,2.3125,0.0092,-0.0026,-0.1325,28.2936,0.0521,2.5821,0.1695
38.150,148.838,-3.6254,-5.9384,77.384,-3.5805,-5.7338,77.084,0.2095,0.0009,0.2095,-0.300,-2.5460,2.7785,-0.271,-0.9943,-8.5171,77.355,5.343,-0.7001,151.637,0.6501,0.0066,0.0194,2.9370,5.3663,5.5093,nan,5.9733,6.1225,0.2425,-0.0650,2.3143,0.0004,-0.0000,-0.1318,28.5935,0.0598,4.0468,0.1695
38.200,149.142,-3.5539,-5.6422,75.227,-3.5061,-5.4307,75.272,0.2167,0.0077,0.2169,0.045,-2.6026,2.7970,0.093,-0.9169,-8.2262,75.179,5.520,-0.6508,151.960,0.6425,0.0010,0.0281,27.4815,5.5925,5.8762,nan,6.1211,6.2176,0.2462,-0.0674,2.3223,0.0105,0.0147,-0.1252,28.8935,0.0373,2.9733,0.1695
38.250,149.450,-3.4710,-5.3461,73.184,-3.3978,-5.1014,72.357,0.2554,0.0007,0.2554,-0.828,-2.4753,2.7773,-0.772,-0.8163,-7.8904,73.128,5.649,-0.5975,152.282,0.6457,0.0007,0.0282,40.6237,5.6331,5.7262,nan,6.1829,6.2950,0.2493,-0.0501,2.3223,-0.0043,0.0084,-0.1172,29.1934,0.0430,2.8910,0.1695
38.300,149.747,-3.3815,-5.0628,71.480,-3.3084,-4.8560,70.722,0.2193,-0.0036,0.2193,-0.758,-2.4832,2.7608,-0.745,-0.7261,-7.6269,71.467,5.765,-0.5813,152.592,0.6354,0.0006,0.0179,29.7360,5.8725,6.2235,nan,6.3703,6.4570,0.2557,-0.0428,2.3223,-0.0042,0.0151,-0.1165,29.4933,0.0321,1.6050,0.1695
38.350,150.067,-3.2754,-4.7605,69.598,-3.1673,-4.4982,69.461,0.2835,-0.0098,0.2837,-0.137,-2.5508,2.7761,-0.146,-0.5980,-7.2759,69.607,5.878,-0.4985,152.926,0.6418,0.0018,0.0201,11.4172,5.8802,5.9610,nan,6.5208,6.6990,0.2653,-0.0404,2.3309,-0.0018,0.0383,-0.1202,29.7932,0.0800,2.2626,0.1695
38.400,150.388,-3.1606,-4.4615,68.194,-3.0535,-4.2218,68.050,0.2623,-0.0104,0.2625,-0.144,-2.5734,2.7688,0.007,-0.4810,-6.9906,68.042,5.978,-0.4165,153.259,0.6324,0.0020,0.0147,7.3707,5.9847,6.1299,nan,6.7094,6.8491,0.2713,-0.0317,2.4195,0.0129,0.0479,-0.0242,30.1932,0.0496,2.8878,0.1695
38.450,150.714,-3.0365,-4.1596,66.951,-2.9168,-3.9002,66.873,0.2856,-0.0086,0.2857,-0.078,-2.5734,2.7688,0.007,-0.3442,-6.6689,66.866,6.105,-0.3884,153.600,0.6328,0.0046,0.0059,1.2954,6.0271,6.1299,nan,6.8425,7.0475,0.2791,-0.0264,2.4178,0.0259,0.0365,-0.0141,30.4931,0.0722,2.8878,0.1695
38.500,150.714,-3.0365,-4.1596,66.951,-2.9272,-3.9036,68.397,0.2783,-0.0003,0.2783,1.446,-2.7613,2.7721,1.531,-0.3442,-6.6689,66.866,6.105,-0.3884,153.600,0.6328,0.0046,0.0138,3.0133,6.0515,6.1440,nan,6.9698,7.1070,0.2815,-0.0328,2.4157,0.0607,0.0497,-0.0184,30.7930,0.0800,3.6257,0.1695
38.550,151.061,-2.8979,-3.8417,65.734,-2.7896,-3.5592,68.068,0.3021,0.0173,0.3026,2.334,-2.8558,2.7905,2.395,-0.1992,-6.3469,65.673,6.272,-0.3076,153.967,0.6299,0.0011,0.0266,23.9467,6.2006,6.4008,nan,7.0000,7.2223,0.2860,-0.0392,2.4157,0.0946,0.0633,-0.0224,31.1929,0.0767,4.9031,0.1695
38.600,151.419,-2.7486,-3.5163,64.891,-2.6486,-3.2325,67.432,0.2994,0.0298,0.3009,2.542,-2.8769,2.7912,2.631,-0.0484,-6.0279,64.801,6.494,-0.3073,154.351,0.6250,0.0007,0.0257,34.7397,6.4634,7.2696,nan,7.0000,7.0828,0.2805,-0.0321,2.3447,0.1218,0.0605,0.0002,31.5928,0.0278,3.3997,0.1712
38.650,151.780,-2.5927,-3.1900,63.834,-2.4918,-2.8376,67.261,0.3608,0.0648,0.3666,3.426,-2.9648,2.7714,3.338,0.1456,-5.6271,63.922,6.644,-0.3772,154.732,0.6418,0.0035,0.0327,9.4303,6.6479,6.9389,nan,7.0000,7.1797,0.2843,-0.0236,2.3355,0.1496,0.0440,0.0247,31.8928,0.0800,3.0272,0.1712
38.700,152.150,-2.4269,-2.8598,62.582,-2.3386,-2.4919,65.779,0.3673,0.0910,0.3784,3.197,-2.9478,2.7786,3.165,0.3173,-5.2961,62.615,6.773,-0.3635,155.120,0.6380,0.0095,0.0224,2.3629,6.7243,6.8804,nan,7.0000,7.2095,0.2855,-0.0040,2.3103,0.1546,0.0155,0.0378,32.1927,0.0722,0.8374,0.1712
38.750,152.530,-2.2491,-2.5235,61.498,-2.1549,-2.1231,63.860,0.3968,0.1083,0.4113,2.362,-2.8634,2.8166,2.432,0.4982,-4.9653,61.429,6.811,-0.2874,155.510,0.6320,0.0025,0.0226,9.2255,6.8430,7.0469,nan,6.9162,6.9718,0.2761,0.0293,2.2818,0.1391,-0.0270,0.0580,32.5926,0.0188,1.1400,0.1712
38.800,152.906,-2.0677,-2.1940,60.713,-1.9626,-1.7135,63.018,0.4704,0.1434,0.4918,2.305,-2.8586,2.8613,2.455,0.6992,-4.6090,60.563,6.861,-0.1448,155.896,0.6365,0.0024,0.0140,5.8297,6.7553,6.8056,nan,6.5449,6.3849,0.2529,0.0473,2.2700,0.1391,-0.0517,0.0619,32.9925,-0.0548,1.1234,0.1712
38.850,153.292,-1.8784,-1.8579,60.568,-1.7808,-1.3398,63.905,0.4992,0.1696,0.5272,3.337,-2.9328,2.8894,3.653,0.8802,-4.2940,60.253,6.903,0.0809,156.291,0.6276,0.0038,0.0138,3.6007,6.9053,7.1548,nan,6.2164,6.3486,0.2514,0.0598,2.2686,0.1384,-0.0435,0.0372,33.4924,0.0800,-1.4193,0.1712
38.900,153.677,-1.6912,-1.5219,61.514,-1.5967,-0.9765,64.387,0.5245,0.1771,0.5536,2.873,-2.9169,2.8917,3.571,1.0767,-3.9428,60.817,6.823,0.4035,156.673,0.6316,0.0054,0.0101,1.8885,6.9631,7.1139,nan,5.9134,5.8890,0.2332,0.0643,2.1832,0.1391,-0.0202,0.0795,33.7923,-0.0095,-5.7989,0.1712
38.950,154.058,-1.5130,-1.1854,63.113,-1.4297,-0.5919,66.456,0.5670,0.1942,0.5993,3.344,-2.9169,2.8917,3.571,1.2673,-3.5694,62.886,6.564,0.5827,157.033,0.6500,0.0078,0.0155,1.9841,6.9875,7.1139,nan,5.6927,5.6367,0.2232,0.0887,2.1738,0.1178,-0.0417,0.1194,34.1922,-0.0800,-5.7989,0.1712
39.000,154.058,-1.5130,-1.1854,63.113,-1.4133,-0.5707,66.513,0.5933,0.1890,0.6227,3.401,-2.9039,2.9114,3.627,1.2673,-3.5694,62.886,6.564,0.5827,157.033,0.6500,0.0078,0.0137,1.7567,6.5556,6.0791,nan,5.4740,5.2882,0.2094,0.0854,2.0789,0.1218,-0.0239,0.1326,34.3922,-0.0800,-3.9673,0.1712
39.050,154.407,-1.3588,-0.8717,65.017,-1.3183,-0.3211,68.484,0.5162,0.1958,0.5521,3.466,-2.8996,2.9153,3.582,1.3761,-3.3288,64.902,6.372,0.6753,157.367,0.6311,0.0051,0.0268,5.2622,6.3050,6.2476,nan,5.3203,5.1413,0.2036,0.0931,2.0185,0.1214,-0.0262,0.1503,34.6921,-0.0746,-8.1046,0.1712
39.100,154.746,-1.2209,-0.5620,67.621,-1.1968,-0.0340,70.396,0.4974,0.1787,0.5285,2.774,-2.8785,2.8807,3.258,1.5133,-3.0056,67.138,5.977,0.8028,157.674,0.6405,0.0048,0.0188,3.9496,5.9056,5.6067,nan,5.1527,5.1321,0.2033,0.0879,2.0110,0.1176,-0.0077,0.1605,34.8921,-0.0092,-8.6657,0.1712
39.150,155.069,-1.1030,-0.2613,70.110,-1.1036,0.2043,72.028,0.4376,0.1590,0.4656,1.919,-2.7948,2.8952,1.849,1.6035,-2.7441,70.179,5.591,0.7907,157.967,0.6369,0.0040,0.0161,3.9926,5.5224,5.2886,nan,5.0647,5.2090,0.2063,0.1155,1.9786,0.0883,-0.0276,0.1709,35.0920,0.0800,-6.5528,0.1712
39.200,155.374,-1.0043,0.0272,72.632,-1.0259,0.4448,74.175,0.3921,0.1453,0.4181,1.542,-2.7769,2.8765,1.519,1.6860,-2.4773,72.656,5.320,0.7380,158.253,0.6372,0.0041,0.0181,4.3801,5.2041,5.0934,nan,4.8758,4.8700,0.1929,0.1338,1.9386,0.0696,-0.0304,0.1795,35.2920,0.0800,-3.7949,0.1712
39.250,155.662,-0.9228,0.3035,74.912,-0.9367,0.7177,76.043,0.3963,0.1213,0.4144,1.132,-2.7391,2.9037,1.094,1.7603,-2.2200,74.949,5.167,0.8123,158.532,0.6325,0.0187,0.0253,1.3553,5.0832,5.1003,nan,4.6854,4.6786,0.1853,0.1568,1.8483,0.0441,-0.0524,0.1797,35.5919,0.0800,-1.6966,0.1712
39.300,155.945,-0.8548,0.5777,77.818,-0.8657,1.0142,78.281,0.4244,0.1027,0.4367,0.464,-2.7147,2.9334,0.794,1.8223,-1.9446,77.487,5.096,0.9831,158.812,0.6382,0.0179,0.0121,0.6780,5.0235,5.0691,nan,4.4284,4.5571,0.1805,0.1712,1.7716,0.0228,-0.0511,0.1755,35.8919,0.0800,-4.5236,0.1712
39.350,156.224,-0.8023,0.8526,81.165,-0.8131,1.3027,81.493,0.4431,0.0798,0.4502,0.328,-2.7013,2.9532,0.519,1.8732,-1.6675,80.974,4.907,1.0928,159.081,0.6408,0.0201,0.0162,0.8069,4.8335,4.8124,nan,4.2297,4.3625,0.1728,0.1848,1.7716,0.0195,-0.0305,0.1841,36.0918,0.0759,-4.8080,0.1712
39.400,156.493,-0.7682,1.1192,84.959,-0.7785,1.5382,83.989,0.4165,0.0471,0.4191,-0.971,-2.6591,2.9793,-0.560,1.8945,-1.4227,84.548,4.700,1.2451,159.339,0.6400,0.0276,0.0151,0.5478,4.7432,4.7701,nan,4.1356,4.2074,0.1666,0.1881,1.7588,0.0066,-0.0076,0.2178,36.1918,0.0411,-3.9944,0.1712
39.450,156.747,-0.7531,1.3727,88.849,-0.7627,1.8176,88.625,0.4446,0.0185,0.4450,-0.224,-2.6591,2.9793,-0.560,1.9076,-1.1432,89.185,4.541,1.2659,159.585,0.6555,0.0195,0.0244,1.2528,4.7116,4.7701,nan,3.8496,3.7545,0.1487,0.1944,1.5412,-0.0073,-0.0309,0.2359,36.5917,-0.0551,-3.9944,0.1712
39.501,156.747,-0.7531,1.3727,88.849,-0.7555,1.7763,87.886,0.4035,0.0105,0.4036,-0.964,-2.6367,2.9625,-1.299,1.9076,-1.1432,89.185,4.541,1.2659,159.585,0.6555,0.0195,0.0112,0.5764,4.3500,4.1639,nan,3.8496,3.9620,0.1569,0.2239,1.4229,-0.0038,-0.0098,0.2535,36.6917,0.0800,-4.4153,0.1712
39.550,156.992,-0.7555,1.6175,92.907,-0.7521,1.9260,91.074,0.3079,-0.0191,0.3085,-1.833,-2.6162,2.9334,-1.790,1.8947,-0.9488,92.863,4.355,1.2788,159.820,0.6390,0.0227,0.0101,0.4467,4.2415,4.2566,nan,3.6761,3.7227,0.1474,0.2382,1.3874,-0.0029,0.0261,0.2913,36.7917,0.0270,-8.2720,0.1712
39.600,157.196,-0.7711,1.8213,96.454,-0.7641,2.1063,94.389,0.2824,-0.0390,0.2851,-2.065,-2.5943,2.8962,-2.680,1.8651,-0.7034,97.069,4.024,1.2856,160.005,0.6716,0.0249,0.0125,0.5028,3.8995,3.2852,nan,3.6761,3.6930,0.1463,0.2006,1.2755,0.0074,0.0274,0.3332,36.8916,0.0800,-3.1898,0.1712
39.650,157.454,-0.8102,2.0755,101.608,-0.7897,2.2897,98.721,0.2057,-0.0631,0.2152,-2.887,-2.6053,2.9252,-2.015,1.8368,-0.5713,100.735,3.890,1.4127,160.258,0.6079,0.0493,0.0110,0.2230,4.1243,4.3472,nan,3.3400,3.3139,0.1312,0.2362,1.2388,0.0233,0.0194,0.3788,37.1916,-0.0800,-4.8744,0.1712
39.700,157.685,-0.8653,2.2998,106.487,-0.8534,2.4498,103.515,0.1405,-0.0539,0.1505,-2.972,-2.5887,2.7992,-2.960,1.7510,-0.2593,106.475,3.715,1.2076,160.482,0.6722,0.0356,0.0173,0.4864,3.8257,3.7353,nan,3.4224,3.4886,0.1382,0.1678,1.2514,0.0705,0.0571,0.3788,37.1916,0.0383,-1.8435,0.1712
39.750,157.894,-0.9307,2.4986,110.270,-0.9099,2.5431,107.322,0.0345,-0.0350,0.0492,-2.949,-2.5889,2.7341,-2.936,1.6866,-0.1047,110.258,3.602,1.2254,160.687,0.6521,0.0401,0.0148,0.3688,3.7421,3.7611,nan,3.3400,3.4598,0.1370,0.1333,1.2050,0.1112,0.0877,0.3790,37.2916,0.0694,-6.1510,0.1712
39.800,158.078,-0.9998,2.6694,114.093,-0.9758,2.6792,111.456,-0.0009,-0.0259,0.0259,-2.637,-2.5815,2.6705,-2.589,1.6036,0.0812,114.044,3.396,0.9864,160.862,0.6710,0.0445,0.0088,0.1975,3.4024,3.2607,nan,3.3400,3.1374,0.1243,0.0773,1.1129,0.1410,0.0935,0.3949,37.3915,0.0800,0.6243,0.1712
39.850,158.272,-1.0832,2.8445,116.963,-1.0432,2.7798,114.395,-0.0758,-0.0063,0.0761,-2.568,-2.5814,2.6380,-2.868,1.5292,0.2186,117.263,3.400,0.7288,161.057,0.6478,0.0511,0.0121,0.2364,3.4311,3.4766,nan,3.1753,3.2732,0.1296,0.1096,1.0306,0.1574,0.0419,0.4257,37.5915,0.0800,-0.2124,0.1712
39.900,158.459,-1.1710,3.0093,119.118,-1.1366,2.9684,116.479,-0.0525,-0.0102,0.0535,-2.639,-2.5814,2.6380,-2.868,1.4265,0.4023,119.347,3.367,0.4618,161.242,0.6688,0.0304,0.0183,0.6023,3.4362,3.4766,nan,3.0973,3.2027,0.1268,0.1673,1.0231,0.1774,0.0263,0.4444,37.6915,0.0610,-0.2124,0.1712
39.950,158.459,-1.1710,3.0093,119.118,-1.1473,2.9909,117.479,-0.0276,-0.0117,0.0300,-1.639,-2.5862,2.6353,-1.868,1.4265,0.4023,119.347,3.367,0.4618,161.242,0.6688,0.0304,0.0113,0.3729,3.2539,3.2482,nan,2.9412,3.0527,0.1209,0.2483,0.9473,0.1735,-0.0444,0.4909,37.8914,0.0645,-4.6406,0.1712
40.000,158.639,-1.2603,3.1654,120.360,-1.2337,3.2654,119.376,0.0729,-0.0735,0.1035,-0.984,-2.5909,2.7511,-1.160,1.3465,0.5417,120.536,3.200,0.4998,161.413,0.6538,0.0322,0.0046,0.1436,3.1801,3.2075,nan,2.6466,2.5479,0.1009,0.4213,0.9258,0.0877,-0.1703,0.5943,38.1914,-0.0571,-1.2338,0.1712
40.050,158.794,-1.3412,3.2985,122.590,-1.3177,3.4178,120.839,0.0878,-0.0841,0.1216,-1.751,-2.5907,2.7602,-0.990,1.2614,0.6795,121.829,3.147,0.9238,161.567,0.6594,0.0335,0.0100,0.2994,2.9962,3.0028,nan,2.4973,2.4309,0.0963,0.4726,0.8722,0.0741,-0.1473,0.6179,38.2913,-0.0384,-3.3213,0.1712
40.100,158.964,-1.4364,3.4385,126.253,-1.4017,3.4542,124.441,-0.0079,-0.0373,0.0381,-1.812,-2.5877,2.6713,-1.049,1.1715,0.8045,125.490,3.007,1.2216,161.731,0.6489,0.0399,0.0066,0.1646,2.9454,3.0080,nan,2.4866,2.5176,0.0997,0.4686,0.8574,0.1250,-0.1726,0.5454,38.4913,0.0179,-7.8941,0.1712
40.150,159.121,-1.5339,3.5622,131.076,-1.5088,3.6125,128.713,0.0214,-0.0520,0.0562,-2.363,-2.5946,2.7071,-1.448,1.0626,0.9325,130.161,2.651,1.7465,161.874,0.6611,0.0525,0.0095,0.1807,2.6734,2.5640,nan,2.4866,2.3824,0.0944,0.4233,0.8000,0.1055,-0.1073,0.3649,38.5912,0.0800,-6.5070,0.1712
40.200,159.260,-1.6297,3.6622,136.878,-1.5935,3.7797,134.969,0.0539,-0.1105,0.1229,-1.909,-2.6013,2.7940,-1.503,0.9816,1.0117,136.471,2.429,1.8072,162.007,0.6400,0.0614,0.0059,0.0957,2.5110,2.4688,nan,2.4694,2.5103,0.0994,0.6114,0.8000,0.0376,-0.0545,0.6655,38.6912,0.0800,-0.8276,0.1712
40.250,159.395,-1.7331,3.7499,142.611,-1.7003,3.8547,141.268,0.0376,-0.1032,0.1098,-1.342,-2.6015,2.7846,-1.573,0.8715,1.0944,142.841,2.409,1.6165,162.145,0.6445,0.0301,0.0083,0.2759,2.3830,2.4046,nan,2.3820,2.4157,0.0957,0.6543,0.8000,0.0438,-0.0725,0.9621,38.7912,0.0195,-2.6454,0.1712
40.300,159.525,-1.8395,3.8242,147.570,-1.8094,3.9136,145.721,0.0225,-0.0916,0.0944,-1.848,-2.6112,2.7786,-1.927,0.7632,1.1614,147.649,2.331,1.6126,162.274,0.6440,0.0341,0.0095,0.2772,2.3127,2.3776,nan,2.3820,2.4347,0.0964,0.7234,0.8000,0.0441,-0.1728,0.8917,38.9912,0.0305,0.1203,0.1712
40.350,159.653,-1.9510,3.8878,153.492,-1.9341,3.9768,151.022,0.0247,-0.0872,0.0906,-2.470,-2.6167,2.7748,-1.690,0.6468,1.2216,152.712,2.327,2.0523,162.407,0.6475,0.0451,0.0167,0.3698,2.2889,2.4007,nan,2.1989,2.3133,0.0916,0.7376,0.8000,0.0431,-0.1383,0.8811,39.0912,0.0800,-1.9750,0.1712
40.400,159.782,-2.0690,3.9385,160.445,-2.0733,4.0758,158.418,0.0500,-0.1279,0.1374,-2.027,-2.6282,2.8229,-1.563,0.5205,1.2675,159.981,2.268,2.2756,162.540,0.6539,0.0578,0.0250,0.4322,2.2769,2.4072,nan,2.1866,2.1931,0.0869,0.7737,0.8000,0.0276,-0.1134,0.8790,39.1912,0.0800,-1.6739,0.1712
40.450,159.905,-2.1876,3.9725,167.855,-2.2182,4.1184,166.383,0.0606,-0.1362,0.1491,-1.473,-2.6365,2.8315,-1.378,0.3873,1.2966,167.761,2.222,2.3999,162.670,0.6664,0.0208,0.0416,2.0041,2.2665,2.4072,nan,2.1681,2.2153,0.0877,0.7941,0.8000,-0.0266,-0.1771,1.1806,39.3911,0.0273,-1.6739,0.1712
40.500,159.905,-2.1876,3.9725,167.855,-2.2182,4.1184,166.383,0.0606,-0.1362,0.1491,-1.473,-2.6365,2.8315,-1.378,0.3873,1.2966,167.761,2.222,2.3999,162.670,0.6664,0.0208,0.0416,2.0041,2.2157,2.3109,nan,2.2188,2.2212,0.0880,0.8265,0.8000,-0.0389,-0.1736,1.2041,39.4911,0.0014,-2.6220,0.1712
40.550,160.027,-2.3083,3.9903,175.652,-2.3379,4.1283,173.876,0.0400,-0.1353,0.1411,-1.776,-2.6378,2.8306,-1.547,0.2648,1.3053,175.423,2.141,2.4539,162.797,0.6656,0.0258,0.0404,1.5658,2.1846,2.3121,nan,2.3120,2.4088,0.0954,0.8313,0.8000,-0.0459,-0.1570,1.2655,39.5910,0.0561,-3.3765,0.1712
40.600,160.144,-2.4249,3.9913,-176.445,-2.4660,4.1228,-178.405,0.0328,-0.1338,0.1378,-1.960,-2.6454,2.8316,-2.153,0.1308,1.2971,-176.252,2.039,2.4961,162.917,0.6799,0.0303,0.0460,1.5174,2.0782,2.1056,nan,2.3785,2.4752,0.0980,0.7760,0.8000,-0.0425,-0.1781,1.2238,39.6910,0.0800,-2.1572,0.1712
40.650,160.256,-2.5362,3.9766,-168.179,-2.5753,4.1016,-170.606,0.0127,-0.1303,0.1310,-2.427,-2.6502,2.8302,-2.189,0.0262,1.2733,-168.417,1.982,2.6905,163.040,0.6711,0.0399,0.0453,1.1368,2.0587,2.1814,nan,2.4212,2.4887,0.0986,0.7305,0.8000,-0.0488,-0.1448,1.0535,39.7910,0.0391,-0.4306,0.1723
40.700,160.368,-2.6441,3.9454,-159.356,-2.6936,4.0666,-161.946,0.0035,-0.1309,0.1309,-2.590,-2.6509,2.8336,-2.315,-0.0924,1.2303,-159.632,2.045,2.6430,163.170,0.6787,0.0524,0.0518,0.9895,2.1271,2.3639,nan,2.5131,2.5642,0.1016,0.7078,0.8000,-0.0593,-0.1171,1.0349,39.8909,0.0296,1.4251,0.1723
40.750,160.483,-2.7482,3.8976,-150.992,-2.8152,3.9944,-152.911,0.0116,-0.1172,0.1177,-1.919,-2.6360,2.8243,-1.751,-0.2148,1.1641,-151.160,2.123,2.5667,163.302,0.6927,0.0146,0.0747,5.1237,2.2046,2.4420,nan,2.6144,2.7488,0.1089,0.6309,0.8000,-0.0727,-0.0674,1.0199,39.9909,0.0800,1.1234,0.1723
40.800,160.604,-2.8493,3.8319,-142.749,-2.9305,3.9347,-144.404,0.0024,-0.1310,0.1310,-1.655,-2.6259,2.8295,-1.723,-0.3376,1.0956,-142.680,2.183,2.5366,163.439,0.7135,0.0195,0.0798,4.0909,2.2408,2.4196,nan,2.7171,2.8420,0.1126,0.5703,0.8000,-0.0695,-0.0475,0.8579,40.0909,0.0800,0.9220,0.1723
40.850,160.728,-2.9427,3.7502,-134.606,-3.0199,3.8416,-136.307,-0.0109,-0.1191,0.1196,-1.701,-2.6166,2.8297,-1.593,-0.4312,1.0003,-134.714,2.268,2.3653,163.580,0.7112,0.0233,0.0748,3.2140,2.3407,2.5590,nan,2.8782,2.9685,0.1176,0.5255,0.8456,-0.0631,-0.0095,0.7448,40.1909,0.0523,3.2643,0.1723
40.900,160.856,-3.0271,3.6531,-127.124,-3.0991,3.7283,-127.452,-0.0165,-0.1028,0.1041,-0.328,-2.5829,2.8456,-0.562,-0.5249,0.8776,-126.891,2.407,2.2417,163.727,0.7165,0.0279,0.0582,2.0841,2.4074,2.5809,nan,2.9431,2.9914,0.1185,0.4535,0.8790,-0.0691,-0.0332,0.6105,40.3908,0.0280,3.0286,0.1723
40.951,160.992,-3.1027,3.5400,-120.018,-3.1733,3.6024,-120.525,-0.0187,-0.0924,0.0943,-0.506,-2.5829,2.8456,-0.562,-0.5978,0.7510,-119.963,2.540,2.1665,163.879,0.7123,0.0124,0.0738,5.9524,2.4452,2.5809,nan,3.0320,3.1564,0.1250,0.3475,0.8928,-0.0446,0.0260,0.6729,40.4908,0.0800,3.0286,0.1723
41.000,160.992,-3.1027,3.5400,-120.018,-3.1651,3.5846,-119.423,-0.0074,-0.0763,0.0767,0.595,-2.5602,2.8393,0.540,-0.5978,0.7510,-119.963,2.540,2.1665,163.879,0.7123,0.0124,0.0502,4.0486,2.5562,2.7369,nan,3.1255,3.0374,0.1203,0.2261,0.9697,-0.0151,0.0131,0.6383,40.6908,0.0800,3.0938,0.1723
41.050,161.139,-3.1684,3.4093,-113.062,-3.2157,3.4317,-112.597,-0.0021,-0.0523,0.0524,0.465,-2.5472,2.8327,0.772,-0.6604,0.6080,-113.369,2.688,1.9484,164.042,0.7078,0.0164,0.0466,2.8401,2.7880,3.0413,nan,3.3196,3.3611,0.1331,0.1423,1.1540,0.0072,0.0093,0.4604,40.8908,0.0241,4.7850,0.1723
41.100,161.299,-3.2245,3.2591,-108.017,-3.2742,3.2471,-105.734,0.0267,-0.0436,0.0511,2.283,-2.5500,2.8350,0.805,-0.7184,0.4223,-106.539,2.898,1.2141,164.214,0.7072,0.0235,0.0480,2.0388,2.8842,2.9684,nan,3.4207,3.4412,0.1363,0.1783,1.2264,-0.0032,-0.0445,0.4084,40.9907,0.0119,1.8502,0.1723
41.150,161.457,-3.2690,3.1076,-104.851,-3.2950,3.1002,-103.017,0.0138,-0.0232,0.0270,1.834,-2.5333,2.8449,1.267,-0.7559,0.2721,-104.284,2.961,0.8354,164.376,0.7003,0.0275,0.0385,1.4003,2.9475,3.0060,nan,3.7306,3.8062,0.1507,0.1657,1.2917,0.0024,-0.0599,0.3520,41.0907,0.0800,5.1710,0.1723
41.201,161.626,-3.3092,2.9432,-102.693,-3.3275,2.9444,-100.979,0.0029,-0.0181,0.0183,1.715,-2.5325,2.8586,1.120,-0.7931,0.1013,-102.098,3.158,0.7523,164.554,0.6971,0.0326,0.0363,1.1158,3.0518,3.1208,nan,3.8294,3.9613,0.1569,0.1572,1.3259,-0.0135,-0.0973,0.2350,41.2906,0.0764,2.7053,0.1723
41.250,161.807,-3.3448,2.7662,-99.858,-3.3520,2.7498,-99.202,0.0174,-0.0043,0.0179,0.655,-2.5279,2.8364,1.172,-0.8257,-0.0696,-100.374,3.293,0.8690,164.743,0.6943,0.0173,0.0239,1.3774,3.3124,3.5114,nan,4.1101,4.2263,0.1674,0.0994,1.3852,-0.0256,-0.0789,0.1629,41.4906,0.0673,5.9463,0.1723
41.300,161.999,-3.3733,2.5763,-97.031,-3.3717,2.5318,-95.400,0.0440,0.0070,0.0446,1.631,-2.5220,2.8432,1.634,-0.8582,-0.2870,-97.033,3.541,0.8731,164.950,0.6975,0.0209,0.0188,0.8967,3.5179,3.6503,nan,4.2822,4.3741,0.1732,0.0522,1.3010,-0.0257,-0.0571,0.1367,41.6905,0.0512,4.5932,0.1723
41.350,162.195,-3.3931,2.3806,-94.316,-3.3746,2.3276,-92.081,0.0515,0.0225,0.0561,2.235,-2.5202,2.8555,2.204,-0.8740,-0.4947,-94.285,3.728,0.7195,165.158,0.6935,0.0228,0.0198,0.8685,3.6959,3.8013,nan,4.0375,3.9882,0.1579,-0.0218,1.3241,-0.0244,-0.0367,0.1142,41.8905,-0.0800,5.1308,0.1723
41.400,162.411,-3.4058,2.1654,-92.443,-3.3709,2.1054,-90.130,0.0584,0.0375,0.0694,2.313,-2.5129,2.8508,1.861,-0.8817,-0.7171,-91.991,3.949,0.4050,165.388,0.6886,0.0265,0.0187,0.7078,3.9404,4.1010,nan,3.8054,3.7028,0.1466,-0.0635,1.2604,-0.0320,-0.0347,0.0276,42.0905,-0.0594,4.5249,0.1723
41.450,162.633,-3.4133,1.9430,-91.452,-3.3681,1.8621,-89.297,0.0797,0.0472,0.0927,2.155,-2.5129,2.8508,1.861,-0.8869,-0.9604,-91.158,4.099,0.1447,165.620,0.6870,0.0156,0.0134,0.8569,4.0386,4.1010,nan,3.4886,3.5254,0.1396,-0.1341,1.1735,-0.0427,-0.0146,-0.1376,42.3904,0.0800,4.5249,0.1723
41.500,162.633,-3.4133,1.9430,-91.452,-3.3743,1.8560,-90.186,0.0860,0.0412,0.0953,1.266,-2.5038,2.8313,0.972,-0.8869,-0.9604,-91.158,4.099,0.1447,165.620,0.6870,0.0156,0.0083,0.5357,4.1161,4.1747,nan,3.1871,3.0626,0.1213,-0.1813,1.1617,-0.0636,-0.0081,-0.2366,42.5904,-0.0800,-2.5147,0.1723
41.550,162.860,-3.4192,1.7167,-91.846,-3.3815,1.6358,-90.084,0.0796,0.0403,0.0892,1.762,-2.5103,2.8408,0.918,-0.8905,-1.1909,-91.002,3.970,-0.2602,165.838,0.6849,0.0188,0.0126,0.6673,4.0040,4.0270,nan,3.0752,3.0431,0.1205,-0.2033,1.1301,-0.0880,-0.0061,-0.3248,42.7903,-0.0800,-6.9034,0.1723
41.600,163.069,-3.4287,1.5075,-94.032,-3.3916,1.4319,-91.735,0.0728,0.0424,0.0843,2.297,-2.5135,2.8563,0.952,-0.9016,-1.4097,-92.687,3.667,-0.8420,166.030,0.6872,0.0216,0.0160,0.7411,3.6179,3.4053,nan,2.9658,2.9259,0.1159,-0.0995,1.0211,-0.1194,-0.0694,-0.3680,42.8903,-0.0231,-8.2150,0.1723
41.650,163.262,-3.4465,1.3151,-97.119,-3.4098,1.2884,-95.478,0.0220,0.0397,0.0454,1.642,-2.5193,2.8681,1.210,-0.9237,-1.5605,-96.687,3.276,-1.0068,166.202,0.6898,0.0310,0.0166,0.5365,3.2812,3.1320,nan,2.9658,3.0214,0.1197,-0.0329,0.9260,-0.1385,-0.0877,-0.4075,42.9903,0.0800,-5.2795,0.1723
41.700,163.437,-3.4723,1.1425,-100.243,-3.4314,1.1344,-98.419,0.0007,0.0417,0.0417,1.824,-2.5345,2.8798,1.877,-0.9536,-1.7151,-100.296,3.093,-0.7390,166.368,0.6940,0.0392,0.0166,0.4228,3.0604,3.0226,nan,2.7721,2.8032,0.1110,-0.0931,0.8637,-0.1450,-0.0594,-0.4318,43.0902,0.0800,-3.2261,0.1723
41.750,163.606,-3.5046,0.9765,-101.756,-3.4730,0.9661,-101.370,0.0038,0.0331,0.0333,0.386,-2.5242,2.8653,1.292,-0.9913,-1.8774,-102.662,2.970,-0.2489,166.531,0.6995,0.0141,0.0058,0.4087,2.8724,2.8593,nan,2.7721,2.6058,0.1032,-0.1976,0.8107,-0.1535,0.0400,-0.4656,43.2902,0.0800,0.2203,0.1723
41.800,163.770,-3.5387,0.8166,-102.260,-3.5050,0.8282,-101.718,-0.0185,0.0305,0.0357,0.541,-2.5106,2.8667,0.833,-1.0239,-2.0238,-102.551,2.956,-0.2365,166.694,0.6983,0.0148,0.0081,0.5500,2.8865,2.9212,nan,2.6638,2.6542,0.1051,-0.3075,0.8147,-0.1514,0.0756,-0.5271,43.3902,0.0800,-3.6931,0.1723
41.850,163.931,-3.5745,0.6593,-103.569,-3.5399,0.6740,-102.176,-0.0224,0.0301,0.0376,1.392,-2.5115,2.8766,0.845,-1.0608,-2.1871,-103.022,2.813,-0.4903,166.849,0.6992,0.0147,0.0196,1.3368,2.7459,2.7577,nan,2.5303,2.5883,0.1025,-0.3917,0.8000,-0.1477,0.0920,-0.5883,43.4902,0.0800,-5.1036,0.1723
41.900,164.083,-3.6129,0.5125,-106.115,-3.5818,0.5427,-104.583,-0.0376,0.0215,0.0433,1.533,-2.5042,2.8737,0.502,-1.0980,-2.3215,-105.085,2.639,-0.9204,166.994,0.6986,0.0192,0.0103,0.5360,2.6613,2.6917,nan,2.4169,2.4227,0.0960,-0.5648,0.8000,-0.1283,0.1807,-0.7637,43.6902,0.0034,-1.5496,0.1723
41.950,164.226,-3.6567,0.3759,-109.928,-3.6322,0.3957,-108.725,-0.0270,0.0163,0.0315,1.202,-2.5042,2.8737,0.502,-1.1496,-2.4680,-109.227,2.586,-1.3155,167.137,0.7060,0.0075,0.0160,2.1158,2.6169,2.6917,nan,2.3354,2.4126,0.0956,-0.6108,0.8000,-0.1230,0.1655,-0.6071,43.7902,0.0447,-1.5496,0.1723
42.000,164.226,-3.6567,0.3759,-109.928,-3.6340,0.4003,-109.194,-0.0307,0.0130,0.0333,0.734,-2.4858,2.8690,0.033,-1.1496,-2.4680,-109.227,2.586,-1.3155,167.137,0.7060,0.0075,0.0090,1.1997,2.4253,2.4292,nan,2.2571,2.2065,0.0874,-0.6821,0.8000,-0.1297,0.1223,-0.5622,43.8901,0.0800,-2.1192,0.1723
42.050,164.366,-3.7095,0.2460,-114.776,-3.6810,0.3014,-113.765,-0.0623,0.0027,0.0623,1.012,-2.4858,2.8690,0.033,-1.1966,-2.5669,-113.798,2.516,-1.5929,167.277,0.7020,0.0081,0.0064,0.7898,2.5403,2.7336,nan,2.1005,2.0552,0.0814,-0.6455,0.8000,-0.1112,0.1657,-1.0345,44.0900,-0.0800,-4.3293,0.1723
42.100,164.502,-3.7719,0.1255,-120.572,-3.7519,0.1567,-118.889,-0.0370,0.0013,0.0370,1.683,-2.5196,2.8920,0.980,-1.2789,-2.7138,-119.868,2.347,-1.9200,167.410,0.7202,0.0140,0.0081,0.5802,2.3932,2.3937,nan,2.0916,1.9986,0.0792,-0.7201,0.8000,-0.1023,0.1570,-1.0296,44.1900,-0.0538,-5.6895,0.1723
42.150,164.627,-3.8409,0.0211,-126.547,-3.8134,0.0440,-124.495,-0.0348,0.0084,0.0358,2.052,-2.5729,2.8994,2.239,-1.3511,-2.8047,-126.734,2.147,-1.8848,167.532,0.7241,0.0254,0.0073,0.2862,2.1977,2.1725,nan,2.0916,2.2105,0.0875,-0.8384,0.8000,-0.0684,0.1965,-1.0930,44.2900,0.0800,-5.1247,0.1723
42.200,164.740,-3.9125,-0.0656,-132.877,-3.8823,-0.0468,-129.566,-0.0343,0.0093,0.0356,3.311,-2.6072,2.9063,2.956,-1.4257,-2.8834,-132.522,1.972,-2.0777,167.643,0.7276,0.0580,0.0159,0.2733,2.0187,2.0110,nan,2.0827,2.1314,0.0844,-0.8921,0.8000,-0.0518,0.2144,-1.1909,44.3900,0.0282,-3.3951,0.1723
42.250,164.847,-3.9899,-0.1395,-139.875,-3.9646,-0.1353,-137.337,-0.0221,0.0131,0.0257,2.538,-2.5732,2.8705,2.205,-1.5060,-2.9500,-139.542,1.879,-2.2721,167.754,0.7311,0.0043,0.0458,10.5963,1.9213,1.9806,nan,2.1396,2.2413,0.0888,-0.8849,0.8000,-0.0276,0.1983,-1.2894,44.4900,0.0800,-0.2038,0.1723
42.300,164.950,-4.0732,-0.2010,-147.852,-4.0592,-0.2091,-145.298,-0.0075,0.0143,0.0162,2.554,-2.5591,2.8503,1.856,-1.5984,-3.0093,-147.154,1.884,-2.6298,167.872,0.7403,0.0167,0.0307,1.8378,1.9346,2.1224,nan,2.2307,2.2546,0.0893,-0.8656,0.8000,0.0041,0.1691,-1.3715,44.5899,0.0800,-2.1661,0.1723
42.350,165.054,-4.1648,-0.2496,-156.526,-4.1674,-0.2807,-154.265,0.0148,0.0275,0.0313,2.261,-2.5688,2.8479,2.064,-1.7103,-3.0691,-156.329,1.839,-2.7291,167.989,0.7598,0.0397,0.0177,0.4462,1.9235,2.0728,nan,2.3634,2.3299,0.0923,-0.8328,0.8000,0.0273,0.1490,-1.3194,44.6898,0.0800,0.0312,0.1723
42.400,165.156,-4.2614,-0.2833,-165.210,-4.2581,-0.2980,-162.376,0.0005,0.0150,0.0151,2.834,-2.5881,2.8817,2.720,-1.8189,-3.0969,-165.096,1.885,-2.7347,168.108,0.7722,0.0710,0.0181,0.2552,1.9648,2.1893,nan,2.3634,2.4585,0.0974,-0.7950,0.8000,0.0476,0.1494,-1.1545,44.7898,0.0550,-0.2082,0.1723
42.450,165.262,-4.3659,-0.3026,-173.983,-4.3855,-0.3193,-171.206,0.0213,0.0146,0.0258,2.777,-2.5881,2.8817,2.720,-1.9473,-3.1121,-173.926,1.921,-2.6748,168.231,0.7962,0.0084,0.0680,8.1114,1.9913,2.1893,nan,2.4649,2.5903,0.1026,-0.7510,0.8000,0.0499,0.1359,-1.1127,44.8898,0.0726,-0.2082,0.1723
42.500,165.262,-4.3659,-0.3026,-173.983,-4.3837,-0.3195,-172.035,0.0195,0.0150,0.0246,1.948,-2.5402,2.8552,1.891,-1.9473,-3.1121,-173.926,1.921,-2.6748,168.295,0.7962,0.0084,0.0524,6.2540,2.0205,2.2115,nan,2.5637,2.6040,0.1031,-0.6972,0.8000,0.0578,0.0972,-1.0540,44.9898,0.0800,0.6282,0.1723
42.550,165.371,-4.4749,-0.3061,177.395,-4.4949,-0.3123,179.258,0.0197,0.0071,0.0209,1.862,-2.5144,2.8528,1.649,-2.0708,-3.1068,177.608,1.986,-2.6347,168.358,0.8114,0.0133,0.0381,2.8658,2.0878,2.3149,nan,2.7507,2.8337,0.1122,-0.6398,0.8000,0.0567,0.1401,-0.7942,45.1898,0.0800,1.5648,0.1723
42.600,165.481,-4.5839,-0.2936,169.160,-4.6142,-0.2911,170.575,0.0303,0.0032,0.0304,1.415,-2.4969,2.8513,1.606,-2.2046,-3.0818,168.969,2.085,-2.5160,168.486,0.8372,0.0238,0.0365,1.5330,2.1279,2.3050,nan,2.7952,2.8699,0.1137,-0.5815,0.8000,0.0537,0.0998,-0.7431,45.2897,0.0800,4.8602,0.1723
42.650,165.602,-4.7011,-0.2629,161.257,-4.7277,-0.2653,163.203,0.0244,0.0108,0.0267,1.946,-2.5154,2.8593,2.143,-2.3276,-3.0396,161.060,2.238,-2.3774,168.628,0.8442,0.0393,0.0445,1.1328,2.2714,2.5261,nan,2.7834,2.8470,0.1128,-0.5853,0.8099,0.0680,0.0710,-0.6666,45.3897,0.0368,4.1507,0.1723
42.700,165.733,-4.8219,-0.2131,153.483,-4.8435,-0.1946,155.470,0.0276,-0.0069,0.0284,1.988,-2.4696,2.8531,1.748,-2.4657,-2.9739,153.723,2.416,-2.3148,168.781,0.8633,0.0672,0.0505,0.7508,2.4674,2.7756,nan,2.8339,2.8609,0.1133,-0.4933,0.8798,0.0457,0.0146,-0.6729,45.4897,0.0156,3.1585,0.1731
42.750,165.872,-4.9422,-0.1435,146.030,-4.9735,-0.0990,146.697,0.0509,-0.0194,0.0544,0.667,-2.3959,2.8086,0.579,-2.6069,-2.8814,146.118,2.536,-2.3571,168.937,0.8871,0.0114,0.0368,3.2379,2.5835,2.8095,nan,2.9093,2.9035,0.1150,-0.3688,0.9255,0.0201,0.0201,-0.7744,45.6897,0.0800,0.4126,0.1731
42.800,166.013,-5.0540,-0.0577,138.558,-5.0900,0.0226,138.594,0.0802,-0.0364,0.0880,0.036,-2.3720,2.8074,0.222,-2.7288,-2.7742,138.371,2.600,-2.1334,169.090,0.9004,0.0170,0.0350,2.0669,2.5962,2.6929,nan,3.0754,3.0373,0.1203,-0.2823,0.9625,-0.0053,-0.0102,-0.6980,45.7896,0.0800,2.7286,0.1731
42.850,166.158,-5.1573,0.0440,132.136,-5.1775,0.1450,131.335,0.0884,-0.0527,0.1030,-0.800,-2.3360,2.7908,-0.378,-2.8240,-2.6645,131.713,2.673,-1.7946,169.242,0.8939,0.0215,0.0370,1.7219,2.6413,2.7381,nan,3.1718,3.2994,0.1307,-0.2233,1.0119,-0.0275,-0.0287,-0.6271,45.8896,0.0800,3.0902,0.1731
42.900,166.311,-5.2547,0.1617,127.082,-5.2595,0.2571,126.081,0.0790,-0.0537,0.0955,-1.001,-2.3306,2.7817,-0.263,-2.9173,-2.5381,126.344,2.774,-1.3486,169.401,0.8915,0.0317,0.0380,1.1999,2.7306,2.8221,nan,3.3797,3.4807,0.1378,-0.2220,1.1069,-0.0258,0.0317,-0.5108,46.0896,0.0800,3.6655,0.1731
42.950,166.473,-5.3477,0.2944,123.052,-5.3476,0.3945,122.479,0.0838,-0.0547,0.1001,-0.573,-2.3306,2.7817,-0.263,-3.0060,-2.4011,122.743,2.912,-1.0487,169.570,0.8881,0.0169,0.0038,0.2269,2.7588,2.8221,nan,3.4790,3.5652,0.1412,-0.1950,1.1670,-0.0228,0.0197,-0.4272,46.1895,0.0800,3.6655,0.1731
43.000,166.473,-5.3477,0.2944,123.052,-5.3499,0.4043,122.436,0.0933,-0.0581,0.1099,-0.616,-2.3311,2.7893,-0.306,-3.0060,-2.4011,122.743,2.912,-1.0487,169.570,0.8881,0.0169,0.0043,0.2542,2.9115,3.0155,nan,3.7408,3.8214,0.1513,-0.2064,1.3226,-0.0148,0.0615,-0.2951,46.3895,0.0800,5.2205,0.1731
43.050,166.636,-5.4328,0.4334,119.833,-5.4323,0.5695,119.005,0.1178,-0.0682,0.1361,-0.827,-2.3081,2.7758,-0.844,-3.0914,-2.2521,119.849,3.110,-0.9749,169.744,0.8904,0.0199,0.0081,0.4076,3.1224,3.2635,nan,3.8849,4.0216,0.1593,-0.1862,1.4210,-0.0130,0.0602,-0.2823,46.5894,0.0800,5.5182,0.1731
43.100,166.813,-5.5172,0.5897,116.730,-5.5169,0.7435,116.114,0.1372,-0.0695,0.1538,-0.615,-2.3142,2.7879,-0.683,-3.1780,-2.0824,116.797,3.327,-1.0562,169.934,0.8955,0.0236,0.0103,0.4380,3.3432,3.5067,nan,3.9644,4.0302,0.1596,-0.1629,1.5214,-0.0037,0.0658,-0.2817,46.7894,0.0381,4.9306,0.1731
43.150,166.989,-5.5920,0.7483,113.525,-5.5903,0.9244,112.898,0.1608,-0.0719,0.1761,-0.626,-2.3095,2.7884,-0.812,-3.2540,-1.9103,113.710,3.533,-1.0600,170.122,0.8997,0.0244,0.0109,0.4466,3.5897,3.7863,nan,4.3215,4.4147,0.1748,-0.1282,1.6412,0.0067,0.0872,-0.2837,47.0893,0.0800,5.1668,0.1731
43.200,167.182,-5.6646,0.9273,110.327,-5.6661,1.1381,108.916,0.1982,-0.0718,0.2109,-1.411,-2.2967,2.7665,-1.308,-3.3314,-1.7048,110.224,3.729,-1.0199,170.328,0.9108,0.0256,0.0188,0.7342,3.7075,3.8010,nan,4.4942,4.6095,0.1826,-0.1062,1.7323,0.0195,0.0625,-0.2456,47.1893,0.0800,3.0750,0.1731
43.250,167.394,-5.7334,1.1283,107.254,-5.7290,1.3301,105.869,0.1914,-0.0641,0.2018,-1.385,-2.2988,2.7624,-1.179,-3.4000,-1.5027,107.048,3.858,-0.8470,170.550,0.9109,0.0265,0.0197,0.7433,3.8573,3.9571,nan,4.6586,4.7679,0.1888,-0.0917,1.9333,0.0352,0.0709,-0.1277,47.3893,0.0561,5.8427,0.1731
43.300,167.618,-5.7953,1.3431,104.720,-5.7882,1.5537,103.876,0.2019,-0.0603,0.2107,-0.843,-2.3157,2.7935,-0.648,-3.4583,-1.2790,104.524,4.103,-0.7165,170.790,0.9098,0.0227,0.0052,0.2308,4.0977,4.2746,nan,4.8914,4.9935,0.1978,-0.0913,2.0661,0.0613,0.0815,-0.0721,47.6892,0.0497,5.1533,0.1731
43.350,167.850,-5.8504,1.5685,102.549,-5.8484,1.8020,102.381,0.2275,-0.0527,0.2335,-0.168,-2.3333,2.8294,-0.085,-3.5135,-1.0327,102.466,4.314,-0.6432,171.037,0.9159,0.0225,0.0045,0.2010,4.3300,4.5084,nan,5.0386,5.0821,0.2013,-0.0926,2.1833,0.0880,0.0720,-0.0177,47.8891,0.0202,4.2850,0.1731
43.400,168.065,-5.8944,1.7796,100.789,-5.8961,2.0190,101.041,0.2355,-0.0432,0.2394,0.252,-2.3436,2.8404,0.300,-3.5567,-0.8028,100.741,4.477,-0.6349,171.265,0.9208,0.0231,0.0096,0.4145,4.5171,4.6584,nan,5.1801,5.1975,0.2058,-0.0951,2.2384,0.1090,0.0549,-0.0301,48.1891,0.0078,4.6618,0.1731
43.450,168.322,-5.9384,2.0326,98.707,-5.9384,2.2731,99.305,0.2377,-0.0364,0.2405,0.598,-2.3451,2.8480,0.526,-3.5984,-0.5419,98.780,4.673,-0.6692,171.538,0.9211,0.0202,0.0124,0.6133,4.7454,4.9545,nan,5.4478,5.5008,0.2179,-0.0891,2.2879,0.1167,0.0295,-0.0357,48.3890,0.0228,3.1342,0.1731
43.500,168.583,-5.9737,2.2912,96.566,-5.9802,2.5671,96.891,0.2748,-0.0250,0.2760,0.325,-2.3488,2.8380,0.345,-3.6331,-0.2491,96.546,4.807,-0.7031,171.811,0.9320,0.0168,0.0122,0.7265,4.7672,4.8323,nan,5.6370,5.8209,0.2305,-0.0829,2.2681,0.1191,0.0004,-0.0498,48.6890,0.0800,2.9010,0.1731
43.550,168.851,-5.9998,2.5580,94.317,-6.0075,2.8206,94.951,0.2624,-0.0120,0.2627,0.634,-2.3549,2.8474,0.642,-3.6527,0.0141,94.309,4.939,-0.6988,172.091,0.9247,0.0132,0.0146,1.1050,4.9018,5.0247,nan,5.7582,5.9433,0.2354,-0.0797,2.2484,0.1116,-0.0172,-0.0640,48.9889,0.0777,4.5296,0.1731
43.600,169.134,-6.0162,2.8401,92.082,-6.0221,3.1152,92.689,0.2752,-0.0041,0.2752,0.607,-2.3549,2.8474,0.642,-3.6640,0.3089,92.047,5.140,-0.6799,172.392,0.9245,0.0231,0.0205,0.8884,4.9470,5.0247,nan,5.8757,5.9980,0.2375,-0.0813,2.2334,0.1139,-0.0329,-0.0759,49.1889,0.0800,4.5296,0.1731
43.650,169.134,-6.0162,2.8401,92.082,-6.0179,3.0782,92.193,0.2380,-0.0070,0.2381,0.111,-2.3531,2.7787,0.146,-3.6640,0.3089,92.047,5.140,-0.6799,172.392,0.9245,0.0231,0.0120,0.5212,5.1316,5.3114,nan,6.0015,6.1909,0.2452,-0.0745,2.2189,0.0906,-0.0570,-0.0934,49.3888,0.0800,5.3385,0.1731
43.700,169.424,-6.0221,3.1297,89.941,-6.0114,3.3643,89.485,0.2346,-0.0105,0.2348,-0.456,-2.3524,2.7201,-0.481,-3.6643,0.6135,89.966,5.375,-0.6817,172.704,0.9249,0.0170,0.0101,0.5932,5.3909,5.7662,nan,5.9067,5.8487,0.2316,-0.0690,2.2043,0.0572,-0.0669,-0.1180,49.6887,-0.0225,4.6096,0.1731
43.750,169.731,-6.0168,3.4369,87.743,-6.0047,3.6838,87.768,0.2472,-0.0024,0.2472,0.024,-2.3515,2.7195,0.073,-3.6519,0.9690,87.694,5.581,-0.6609,173.032,0.9380,0.0093,0.0174,1.8673,5.5464,5.7203,nan,5.7548,5.5969,0.2217,-0.0783,2.2021,0.0462,-0.0535,-0.1142,49.9887,-0.0613,4.1973,0.1731
43.800,170.049,-5.9993,3.7546,85.663,-5.9889,3.9950,86.657,0.2405,0.0079,0.2406,0.994,-2.3394,2.7778,1.008,-3.6276,1.2812,85.649,5.751,-0.6229,173.368,0.9295,0.0026,0.0247,9.5260,5.7763,6.0903,nan,5.5070,5.5016,0.2179,-0.1056,2.1498,0.0430,-0.0327,-0.1128,50.2886,-0.0023,-0.6615,0.1731
43.850,170.364,-5.9710,4.0687,83.706,-5.9607,4.3133,84.860,0.2442,0.0166,0.2448,1.154,-2.3392,2.7537,1.146,-3.5896,1.6317,83.714,5.715,-0.6597,173.684,0.9369,0.0017,0.0341,20.4709,5.7264,5.7835,nan,5.3865,5.3568,0.2122,-0.1143,2.1173,0.0276,-0.0298,-0.1462,50.5885,0.0800,-2.7941,0.1731
43.900,170.681,-5.9313,4.3825,81.491,-5.9135,4.5850,81.985,0.2029,0.0124,0.2032,0.494,-2.3562,2.6762,0.376,-3.5448,1.9321,81.609,5.592,-0.7944,173.993,0.9263,0.0131,0.0197,1.4998,5.5843,5.5945,nan,5.2663,5.3571,0.2122,-0.0978,2.0709,-0.0090,-0.0540,-0.1773,50.7885,0.0800,-2.8653,0.1731
43.950,170.985,-5.8803,4.6823,78.631,-5.8550,4.8515,78.470,0.1708,0.0086,0.1710,-0.160,-2.3863,2.5922,-0.439,-3.4860,2.2326,78.909,5.474,-0.9454,174.291,0.9197,0.0073,0.0147,2.0208,5.3214,5.2510,nan,5.1479,5.1165,0.2026,-0.0740,2.0709,-0.0497,-0.0877,-0.1905,50.9884,0.0800,-3.1849,0.1731
44.000,171.287,-5.8141,4.9775,75.581,-5.7917,5.0708,74.658,0.0960,0.0015,0.0960,-0.923,-2.4203,2.5225,-1.096,-3.4195,2.4833,75.755,5.347,-0.8434,174.586,0.9000,0.0028,0.0163,5.7948,5.4373,5.5769,nan,4.9714,5.0449,0.1998,-0.0667,1.9693,-0.0887,-0.0827,-0.2046,51.2884,0.0349,-1.6166,0.1731
44.050,171.579,-5.7361,5.2589,73.047,-5.7015,5.3499,72.220,0.0971,-0.0066,0.0973,-0.827,-2.4110,2.5142,-0.663,-3.3231,2.7974,72.883,5.273,-0.6601,174.875,0.8976,0.0035,0.0235,6.7878,5.2152,5.1828,nan,4.7805,4.8639,0.1926,-0.0872,1.9312,-0.1151,-0.0709,-0.2148,51.4883,0.0413,-3.0295,0.1731
44.100,171.876,-5.6454,5.5412,71.088,-5.6055,5.6118,70.187,0.0797,-0.0148,0.0811,-0.901,-2.4110,2.5142,-0.663,-3.2301,3.0604,70.850,5.139,-0.5437,175.163,0.8870,0.0113,0.0092,0.8151,5.1452,5.1828,nan,4.7108,4.7729,0.1890,-0.1000,1.8059,-0.1240,-0.0293,-0.2323,51.7883,0.0311,-3.0295,0.1731
44.150,171.876,-5.6454,5.5412,71.088,-5.6019,5.6073,69.725,0.0766,-0.0197,0.0791,-1.363,-2.4325,2.4840,-1.125,-3.2301,3.0604,70.850,5.139,-0.5437,175.163,0.8870,0.0113,0.0180,1.5922,4.9707,4.9656,nan,4.5569,4.6368,0.1836,-0.1205,1.8059,-0.1395,-0.0028,-0.2414,51.9882,0.0416,-2.4450,0.1731
44.200,172.155,-5.5516,5.8045,69.407,-5.5163,5.7932,68.262,0.0018,-0.0370,0.0370,-1.145,-2.4434,2.4325,-1.148,-3.1396,3.2984,69.410,5.024,-0.6438,175.436,0.8792,0.0070,0.0297,4.2547,4.9981,5.0718,nan,4.4127,4.3815,0.1735,-0.1342,1.8059,-0.1580,0.0079,-0.2490,52.1882,-0.0162,-4.5597,0.1731
44.250,172.426,-5.4520,6.0563,67.010,-5.4080,6.0498,67.168,0.0112,-0.0431,0.0445,0.158,-2.3890,2.4724,-0.141,-3.0278,3.5700,67.309,4.837,-0.8382,175.695,0.8765,0.0037,0.0181,4.9420,4.6723,4.5594,nan,4.2637,4.3989,0.1742,-0.1484,1.7849,-0.1624,0.0141,-0.2475,52.3881,0.0800,-4.1001,0.1731
44.300,172.687,-5.3450,6.2947,64.185,-5.3183,6.2354,64.789,-0.0418,-0.0499,0.0651,0.604,-2.3609,2.4884,0.421,-2.9298,3.7686,64.368,4.675,-0.9183,175.947,0.8682,0.0021,0.0259,12.1810,4.5687,4.5878,nan,4.1867,4.3025,0.1704,-0.1516,1.6552,-0.1640,0.0262,-0.2657,52.5881,0.0800,-5.2151,0.1731
44.350,172.943,-5.2286,6.5221,61.137,-5.2097,6.4624,62.399,-0.0432,-0.0454,0.0626,1.262,-2.3246,2.5254,1.135,-2.8066,3.9933,61.264,4.471,-0.9992,176.190,0.8608,0.0036,0.0204,5.6516,4.4084,4.4019,nan,3.9832,4.0830,0.1617,-0.1901,1.6552,-0.1522,0.0343,-0.2932,52.7880,0.0578,-2.8442,0.1731
44.400,173.186,-5.1064,6.7318,57.927,-5.0895,6.6795,59.817,-0.0353,-0.0421,0.0549,1.890,-2.2738,2.5778,1.843,-2.6823,4.1901,57.973,4.363,-1.0250,176.429,0.8539,0.0157,0.0208,1.3263,4.2970,4.3132,nan,3.7913,3.8354,0.1519,-0.2289,1.6415,-0.1358,0.0536,-0.3103,52.9880,0.0255,-2.6779,0.1731
44.450,173.431,-4.9708,6.9365,54.572,-4.9663,6.8773,56.776,-0.0456,-0.0380,0.0594,2.204,-2.2587,2.5921,2.159,-2.5442,4.3842,54.617,4.252,-1.0800,176.669,0.8476,0.0132,0.0203,1.5407,4.2370,4.2771,nan,3.6379,3.5558,0.1408,-0.2400,1.6186,-0.1213,0.0674,-0.3446,53.1880,-0.0475,-4.0996,0.1731
44.500,173.656,-4.8354,7.1161,50.797,-4.8382,7.0558,53.875,-0.0485,-0.0360,0.0604,3.078,-2.2280,2.6086,2.694,-2.3983,4.5650,51.181,4.088,-1.2676,176.886,0.8383,0.0156,0.0206,1.3256,4.0112,3.9692,nan,3.5654,3.6384,0.1441,-0.2623,1.5323,-0.1147,0.0702,-0.3304,53.3879,0.0423,-5.3901,0.1731
44.550,173.878,-4.6892,7.2835,46.314,-4.7093,7.2136,50.070,-0.0644,-0.0338,0.0727,3.756,-2.1799,2.6397,3.398,-2.2538,4.7157,46.673,3.865,-1.4175,177.098,0.8337,0.0184,0.0224,1.2204,3.7887,3.7403,nan,3.2173,3.2537,0.1289,-0.2680,1.4473,-0.1029,0.0716,-0.3435,53.5879,0.0211,-6.4086,0.1731
44.600,173.878,-4.6892,7.2835,46.314,-4.7093,7.2136,50.070,-0.0644,-0.0338,0.0727,3.756,-2.1799,2.6397,3.398,-2.2538,4.7157,46.673,3.865,-1.4175,177.098,0.8337,0.0184,0.0224,1.2204,3.7104,3.7403,nan,3.1901,3.1248,0.1238,-0.2756,1.4174,-0.0973,0.0835,-0.4569,53.7878,-0.0378,-6.4086,0.1731
44.650,174.094,-4.5344,7.4342,41.635,-4.5636,7.3719,46.132,-0.0633,-0.0272,0.0689,4.497,-2.0832,2.7034,4.614,-2.0969,4.8529,41.518,3.627,-1.4646,177.304,0.8269,0.0283,0.0370,1.3076,3.5321,3.5044,nan,3.2849,3.1023,0.1229,-0.2950,1.3493,-0.0792,0.0779,-0.4953,53.8878,0.0800,-2.2568,0.1731
44.700,174.295,-4.3794,7.5621,36.912,-4.4407,7.4901,42.156,-0.0922,-0.0207,0.0945,5.243,-2.0598,2.7241,4.982,-1.9580,4.9548,37.174,3.521,-1.4812,177.502,0.8335,0.0295,0.0419,1.4205,3.6055,3.7217,nan,3.5278,3.3924,0.1344,-0.3167,1.3773,-0.0554,0.0769,-0.1203,0.0000,0.0800,-7.4654,0.1737
44.750,174.477,-4.2306,7.6658,32.417,-4.2789,7.6265,37.028,-0.0618,-0.0073,0.0622,4.610,-2.0950,2.7191,4.620,-1.7815,5.0675,32.407,3.233,-1.4666,177.670,0.8102,0.0322,0.0328,1.0174,3.2978,3.1748,nan,3.5278,3.5315,0.1399,-0.2940,1.3375,-0.0518,0.0878,-0.4559,0.2000,0.0022,-4.4756,0.1737
44.800,174.647,-4.0837,7.7518,27.903,-4.1489,7.7179,32.079,-0.0735,0.0005,0.0735,4.176,-2.1122,2.7246,4.412,-1.6465,5.1352,27.667,3.110,-1.5020,177.837,0.8156,0.0344,0.0299,0.8689,3.0470,2.9647,nan,3.5633,3.5897,0.1422,-0.2820,1.2358,-0.0414,0.0593,-0.4895,0.2999,0.0153,1.4028,0.1737
44.850,174.821,-3.9271,7.8270,22.996,-4.0140,7.7937,27.141,-0.0930,0.0033,0.0931,4.145,-2.1466,2.7179,4.044,-1.5048,5.1948,23.098,3.204,-1.4970,178.019,0.8251,0.0367,0.0287,0.7821,3.1479,3.2691,nan,3.5332,3.4416,0.1363,-0.2791,1.2767,-0.0327,0.0702,-0.4048,0.4999,-0.0530,3.0369,0.1737
44.900,175.004,-3.7558,7.8919,18.188,-3.8173,7.8704,22.323,-0.0652,-0.0013,0.0652,4.135,-2.1347,2.7176,3.986,-1.3204,5.2573,18.336,3.324,-1.4757,178.212,0.8119,0.0388,0.0470,1.2100,3.3531,3.5442,nan,3.6963,3.7366,0.1480,-0.2838,1.3599,-0.0275,0.0691,-0.4728,0.6998,0.0800,1.9018,0.1737
44.950,175.189,-3.5778,7.9431,13.527,-3.5961,7.9369,16.281,-0.0193,-0.0018,0.0194,2.754,-2.2251,2.6889,2.783,-1.1147,5.3083,13.498,3.394,-1.4768,178.404,0.7853,0.0390,0.0334,0.8555,3.3828,3.4702,nan,3.8186,3.9173,0.1551,-0.2608,1.4631,-0.0222,0.0729,-0.3648,0.8998,0.0800,-1.4253,0.1737
45.000,175.378,-3.3927,7.9803,8.803,-3.3791,7.9812,10.087,0.0136,-0.0012,0.0137,1.284,-2.3300,2.6588,1.290,-0.9289,5.3446,8.797,3.368,-1.4934,178.594,0.7845,0.0388,0.0199,0.5136,3.3554,3.4066,nan,3.9184,4.0024,0.1585,-0.2306,1.4513,-0.0280,0.0395,-0.3864,1.0998,0.0486,2.8296,0.1737
45.050,175.567,-3.2048,8.0021,4.019,-3.1896,7.9973,4.961,0.0149,-0.0058,0.0160,0.942,-2.3623,2.6523,0.891,-0.7441,5.3573,4.070,3.502,-1.4676,178.794,0.7847,0.0385,0.0225,0.5836,3.4916,3.6298,nan,4.0806,4.1629,0.1649,-0.2210,1.5102,-0.0220,0.0499,-0.3912,1.2997,0.0800,3.7650,0.1737
45.100,175.772,-3.0004,8.0086,-0.724,-2.9676,7.9995,0.058,0.0329,-0.0087,0.0340,0.782,-2.3623,2.6523,0.891,-0.5222,5.3560,-0.833,3.660,-1.3565,179.011,0.7657,0.0362,0.0246,0.6790,3.5385,3.6298,nan,4.1769,4.2293,0.1675,-0.2038,1.5659,-0.0222,0.0351,-0.3485,1.4997,0.0800,3.7650,0.1737
45.150,175.772,-3.0004,8.0086,-0.724,-2.9603,8.0065,-0.115,0.0401,-0.0016,0.0401,0.609,-2.3711,2.6575,0.718,-0.5222,5.3560,-0.833,3.660,-1.3565,179.011,0.7657,0.0362,0.0200,0.5508,3.6533,3.7711,nan,4.2749,4.3494,0.1723,-0.2050,1.6284,-0.0116,0.0411,-0.3353,1.6996,0.0800,3.2205,0.1737
45.200,175.980,-2.7917,7.9988,-4.998,-2.7363,7.9865,-4.031,0.0563,-0.0074,0.0568,0.967,-2.3381,2.6556,0.984,-0.3065,5.3370,-5.015,3.798,-1.2362,179.231,0.7564,0.0354,0.0228,0.6428,3.8334,3.9862,nan,4.3698,4.5134,0.1787,-0.2148,1.7229,-0.0042,0.0631,-0.3202,1.8996,0.0800,3.9088,0.1737
45.250,176.190,-2.5834,7.9743,-8.807,-2.4908,7.9542,-8.868,0.0946,-0.0057,0.0948,-0.061,-2.4100,2.6527,0.039,-0.0772,5.3016,-8.908,3.953,-1.2592,179.453,0.7333,0.0332,0.0159,0.4792,3.9260,4.0327,nan,4.5075,4.6303,0.1834,-0.2013,1.7913,0.0030,0.0693,-0.2931,2.1995,0.0800,3.0303,0.1737
45.300,176.416,-2.3618,7.9326,-12.940,-2.2857,7.9068,-13.159,0.0799,-0.0081,0.0803,-0.219,-2.4603,2.6557,-0.325,0.1448,5.2520,-12.834,4.090,-1.3440,179.690,0.7308,0.0341,0.0213,0.6248,4.0993,4.2608,nan,4.6408,4.7821,0.1894,-0.1823,1.8850,-0.0000,0.0532,-0.2793,2.3995,0.0734,2.9522,0.1737
45.350,176.645,-2.1405,7.8738,-17.300,-2.0225,7.8213,-18.323,0.1283,-0.0150,0.1292,-1.023,-2.5067,2.6500,-1.129,0.3823,5.1798,-17.194,4.231,-1.3463,179.933,0.7118,0.0393,0.0319,0.8118,4.2484,4.3952,nan,4.7234,4.8163,0.1907,-0.1634,1.9673,-0.0027,0.0178,-0.2669,2.5994,0.0467,2.8588,0.1737
45.400,176.885,-1.9132,7.7947,-21.592,-1.7695,7.7156,-23.317,0.1627,-0.0207,0.1640,-1.725,-2.5403,2.6488,-1.748,0.6158,5.0880,-21.568,4.357,-1.2685,180.185,0.7027,0.0330,0.0363,1.0996,4.4174,4.5777,nan,4.8101,4.8408,0.1917,-0.1533,2.0542,-0.0030,0.0235,-0.2503,2.8993,0.0149,3.1803,0.1737
45.450,177.129,-1.6896,7.6981,-25.525,-1.5247,7.5925,-27.887,0.1943,-0.0242,0.1958,-2.361,-2.5724,2.6568,-2.188,0.8585,4.9721,-25.699,4.489,-1.1718,180.441,0.6798,0.0343,0.0481,1.4038,4.4627,4.5487,nan,4.8643,4.9141,0.1946,-0.1450,2.0753,-0.0032,0.0186,-0.2442,3.0993,0.0240,2.2540,0.1737
45.501,177.365,-1.4794,7.5909,-28.946,-1.3369,7.4827,-30.757,0.1771,-0.0257,0.1790,-1.811,-2.5462,2.6605,-1.718,1.0642,4.8563,-29.038,4.575,-1.1547,180.686,0.6824,0.0340,0.0461,1.3540,4.5795,4.7026,nan,4.9345,5.0454,0.1998,-0.1456,2.1296,0.0034,0.0462,-0.2595,3.3992,0.0536,0.9920,0.1737
45.550,177.614,-1.2649,7.4648,-32.357,-1.1373,7.3557,-33.387,0.1662,-0.0239,0.1679,-1.030,-2.4914,2.6605,-0.753,1.2924,4.7125,-32.635,4.635,-1.0981,180.942,0.6657,0.0349,0.0385,1.1043,4.5561,4.6094,nan,5.0604,5.1663,0.2046,-0.1429,2.1299,0.0064,0.0473,-0.2422,3.5992,0.0800,0.6148,0.1737
45.600,177.889,-1.0361,7.3108,-35.919,-0.9312,7.2029,-36.688,0.1483,-0.0258,0.1505,-0.769,-2.4914,2.6605,-0.753,1.5005,4.5625,-35.935,4.711,-1.0656,181.227,0.6868,0.0347,0.0418,1.2038,4.6817,4.8105,nan,5.1606,5.2974,0.2098,-0.1473,2.1886,0.0263,0.0558,-0.2244,3.7991,0.0636,0.6148,0.1737
45.650,177.889,-1.0361,7.3108,-35.919,-0.9358,7.2145,-36.318,0.1377,-0.0192,0.1390,-0.400,-2.4668,2.6621,-0.383,1.5005,4.5625,-35.935,4.711,-1.0656,181.227,0.6868,0.0347,0.0366,1.0534,4.8467,5.0131,nan,5.3385,5.4245,0.2148,-0.1528,2.2099,0.0471,0.0740,-0.1929,4.0991,0.0381,2.0027,0.1737
45.700,178.151,-0.8281,7.1518,-39.310,-0.7222,7.0347,-39.589,0.1561,-0.0235,0.1578,-0.279,-2.4769,2.6721,-0.206,1.7391,4.3689,-39.383,4.803,-1.0728,181.499,0.6512,0.0331,0.0347,1.0485,4.7720,4.8053,nan,5.3552,5.4605,0.2163,-0.1420,2.2099,0.0451,0.0597,-0.1616,4.2990,0.0468,2.3218,0.1737
45.750,178.438,-0.6113,6.9640,-42.971,-0.5557,6.8847,-42.620,0.0948,-0.0202,0.0969,0.351,-2.4726,2.6873,0.173,1.9296,4.1916,-42.793,4.916,-1.1389,181.798,0.6787,0.0341,0.0318,0.9328,5.0056,5.2831,nan,5.1567,5.1056,0.2022,-0.1335,2.2099,0.0536,0.0303,-0.1153,4.4990,-0.0800,3.2614,0.1737
45.800,178.718,-0.4120,6.7675,-46.750,-0.3656,6.6878,-46.783,0.0898,-0.0208,0.0922,-0.033,-2.5293,2.7358,-0.151,2.1533,3.9577,-46.632,5.069,-1.1335,182.094,0.6501,0.0355,0.0350,0.9859,5.1322,5.2832,nan,5.0963,5.0690,0.2008,-0.1144,2.2099,0.0405,-0.0081,-0.1473,4.6989,-0.0123,2.2101,0.1737
45.850,179.005,-0.2213,6.5533,-50.376,-0.2134,6.5049,-50.319,0.0423,-0.0248,0.0491,0.057,-2.5510,2.7722,0.035,2.3398,3.7312,-50.353,5.155,-1.0815,182.392,0.6532,0.0311,0.0363,1.1689,5.2351,5.3688,nan,5.1343,4.9637,0.1966,-0.1053,2.2099,0.0391,-0.0045,-0.1980,4.9989,0.0800,-2.2797,0.1737
45.900,179.280,-0.0508,6.3370,-53.620,-0.0262,6.2626,-54.077,0.0745,-0.0244,0.0784,-0.457,-2.5675,2.7818,-0.240,2.5267,3.4914,-53.836,5.061,-0.9333,182.663,0.6356,0.0288,0.0352,1.2221,4.9505,4.8664,nan,5.1811,5.3465,0.2117,-0.0955,2.2099,0.0260,-0.0049,-0.2253,5.1988,0.0800,-1.4361,0.1737
45.950,179.567,0.1140,6.1026,-56.515,0.1324,6.0189,-57.717,0.0800,-0.0309,0.0857,-1.202,-2.5901,2.7827,-1.164,2.6562,3.2908,-56.552,4.996,-0.8262,182.947,0.6729,0.0234,0.0455,1.9431,5.0698,5.1956,nan,5.3503,5.4754,0.2168,-0.0880,2.2385,0.0212,0.0128,-0.2280,5.4988,0.0800,-1.8594,0.1737
46.000,179.844,0.2625,5.8682,-59.106,0.2963,5.7215,-60.718,0.1432,-0.0464,0.1505,-1.612,-2.5999,2.7740,-1.526,2.8166,3.0236,-59.192,4.942,-0.7554,183.223,0.6589,0.0163,0.0407,2.4953,4.8938,4.8838,nan,5.5438,5.7005,0.2258,-0.0798,2.3257,0.0132,0.0280,-0.1553,5.7987,0.0680,2.9310,0.1737
46.050,180.115,0.3973,5.6336,-61.406,0.4084,5.5001,-63.393,0.1225,-0.0541,0.1339,-1.988,-2.6182,2.7972,-1.901,2.9353,2.8018,-61.493,5.065,-0.7088,183.506,0.6756,0.0112,0.0490,4.3737,5.0136,5.1316,nan,5.7170,5.8418,0.2314,-0.0761,2.3257,0.0186,0.0190,-0.1080,5.9987,0.0521,2.8729,0.1737
46.100,180.115,0.3973,5.6336,-61.406,0.4084,5.5001,-63.393,0.1225,-0.0541,0.1339,-1.988,-2.6182,2.7972,-1.901,2.9353,2.8018,-61.493,5.065,-0.7088,183.506,0.6756,0.0112,0.0490,4.3737,5.0531,5.1316,nan,5.8054,5.9135,0.2342,-0.0695,2.3257,0.0163,-0.0025,-0.0276,6.2986,0.0442,2.8729,0.1737
46.150,180.402,0.5306,5.3789,-63.638,0.5373,5.2256,-66.420,0.1403,-0.0620,0.1534,-2.782,-2.6515,2.8540,-2.551,3.0801,2.5112,-63.869,5.195,-0.6608,183.806,0.6630,0.0192,0.0687,3.5786,4.9729,5.0027,nan,5.8776,6.0175,0.2383,-0.0596,2.3257,0.0058,-0.0275,-0.0964,6.4985,0.0800,3.7467,0.1737
46.200,180.709,0.6622,5.1020,-65.802,0.6360,4.9797,-67.980,0.1008,-0.0740,0.1251,-2.178,-2.6378,2.8281,-2.419,3.1800,2.2879,-65.561,5.365,-0.6043,184.130,0.6970,0.0111,0.0709,6.3712,5.1361,6.3412,nan,6.0082,5.9898,0.2372,-0.0660,2.3257,0.0002,-0.0134,-0.1298,6.8984,0.0800,3.9200,0.1737
46.250,181.004,0.7793,4.8316,-67.606,0.7689,4.6136,-70.447,0.1976,-0.0926,0.2182,-2.841,-2.6592,2.8734,-2.734,3.3412,1.9018,-67.712,5.531,-0.5365,184.441,0.6535,0.0065,0.0616,9.5202,5.3699,5.6484,nan,6.1272,6.1140,0.2421,-0.0605,2.3257,-0.0113,-0.0093,-0.1542,7.0984,0.0800,3.1841,0.1737
46.300,181.306,0.8911,4.5504,-69.224,0.8574,4.3566,-71.594,0.1693,-0.1003,0.1968,-2.370,-2.6438,2.8569,-2.227,3.4403,1.6346,-69.367,5.660,-0.5595,184.757,0.6650,0.0047,0.0640,13.7029,5.4375,5.5375,nan,6.2119,6.1733,0.2445,-0.0644,2.3672,-0.0030,0.0189,-0.1345,7.3983,0.0800,1.4606,0.1737
46.350,181.625,1.0002,4.2506,-71.088,0.9605,4.0796,-72.194,0.1489,-0.0930,0.1755,-1.106,-2.6055,2.8036,-1.182,3.5389,1.3493,-71.012,5.726,-0.5631,185.086,0.6746,0.0050,0.0452,9.0225,5.6489,5.9018,nan,6.3884,6.5431,0.2591,-0.0764,2.4056,0.0291,0.0406,-0.1085,7.6983,0.0800,1.9433,0.1737
46.400,181.943,1.0993,3.9489,-72.815,1.0651,3.7511,-73.893,0.1788,-0.0911,0.2007,-1.078,-2.5934,2.7964,-1.034,3.6407,1.0206,-72.860,5.815,-0.5688,185.415,0.6737,0.0118,0.0510,4.3176,5.8112,6.0081,nan,6.5174,6.7093,0.2657,-0.0787,2.4355,0.0496,0.0476,-0.0889,7.9982,0.0709,1.5771,0.1737
46.450,182.265,1.1904,3.6401,-74.649,1.1530,3.4027,-75.062,0.2191,-0.0990,0.2404,-0.414,-2.5825,2.7344,-0.460,3.7300,0.6983,-74.602,5.893,-0.6563,185.748,0.6768,0.0071,0.0460,6.4969,5.9204,6.0732,nan,6.6696,6.8667,0.2719,-0.0777,2.4549,0.0629,0.0524,-0.0670,8.3981,0.0712,4.0027,0.1737
46.500,182.600,1.2740,3.3150,-76.913,1.2318,3.0489,-77.586,0.2497,-0.1014,0.2695,-0.672,-2.5847,2.7461,-0.764,3.8121,0.3536,-76.822,6.080,-0.7370,186.105,0.6807,0.0078,0.0476,6.1138,6.0415,6.2133,nan,6.7772,6.9743,0.2762,-0.0662,2.4549,0.0643,0.0266,-0.0689,8.6980,0.0700,3.8126,0.1737
46.550,182.946,1.3464,2.9770,-79.335,1.2954,2.6839,-80.158,0.2786,-0.1044,0.2975,-0.823,-2.5839,2.7426,-0.831,3.8798,-0.0024,-79.327,6.253,-0.7610,186.472,0.6881,0.0132,0.0562,4.2469,6.1578,6.3304,nan,6.8825,7.1043,0.2814,-0.0584,2.4549,0.0705,0.0115,-0.0764,8.9980,0.0779,3.8126,0.1737
46.600,183.288,1.4041,2.6397,-81.710,1.3506,2.3239,-82.548,0.3048,-0.0985,0.3203,-0.838,-2.5839,2.7426,-0.831,3.9401,-0.3616,-81.717,6.404,-0.7720,186.834,0.6893,0.0156,0.0643,4.1161,6.2715,6.4470,nan,7.0208,7.2244,0.2861,-0.0462,2.4622,0.0723,-0.0037,-0.0717,9.3979,0.0800,3.4780,0.1737
46.650,183.288,1.4041,2.6397,-81.710,1.3617,2.3240,-82.422,0.3063,-0.0875,0.3186,-0.713,-2.5737,2.7340,-0.705,3.9401,-0.3616,-81.717,6.404,-0.7720,186.834,0.6893,0.0156,0.0608,3.8919,6.4096,6.6201,nan,7.1589,7.3727,0.2920,-0.0356,2.4705,0.0749,-0.0201,-0.0664,9.6978,0.0800,2.0706,0.1737
46.700,183.657,1.4515,2.2736,-83.862,1.3966,1.9790,-84.831,0.2870,-0.0861,0.2997,-0.969,-2.5704,2.7512,-0.797,3.9774,-0.7169,-84.034,6.548,-0.5348,187.223,0.6973,0.0259,0.0675,2.6026,6.6707,7.4112,nan,7.2952,7.4497,0.2950,-0.0391,2.4866,0.0781,0.0003,-0.0563,10.1977,0.0505,3.9030,0.1737
46.750,184.023,1.4865,1.9100,-85.361,1.4310,1.5137,-86.198,0.3905,-0.0873,0.4002,-0.837,-2.5725,2.7402,-0.553,4.0152,-1.1878,-85.645,6.721,-0.4182,187.611,0.7210,0.0246,0.0728,2.9537,6.6161,6.6818,nan,7.3957,7.6055,0.3012,-0.0430,2.4951,0.0827,0.0078,-0.0511,10.3976,0.0800,3.5817,0.1741
46.800,184.397,1.5135,1.5365,-86.563,1.4477,1.2265,-86.543,0.3055,-0.0843,0.3169,0.020,-2.5876,2.7243,0.115,4.0323,-1.5059,-86.658,6.879,-0.3982,188.007,0.7150,0.0189,0.0703,3.7230,6.8535,7.3270,nan,7.4946,7.6551,0.3032,-0.0476,2.5132,0.0969,0.0211,-0.0434,10.7976,0.0510,2.7468,0.1741
46.850,184.793,1.5334,1.1410,-87.939,1.4687,0.8253,-87.707,0.3131,-0.0760,0.3222,0.232,-2.5863,2.7635,0.123,4.0508,-1.9469,-87.830,7.010,-0.4553,188.422,0.7287,0.0232,0.0606,2.6100,7.0713,7.4979,nan,7.6543,7.7710,0.3078,-0.0376,2.5218,0.0980,0.0064,-0.0382,11.0975,0.0360,2.7987,0.1741
46.900,185.175,1.5433,0.7590,-89.397,1.4691,0.4052,-89.917,0.3530,-0.0779,0.3615,-0.520,-2.5656,2.8214,-0.499,4.0556,-2.3809,-89.418,7.133,-0.5067,188.824,0.7507,0.0088,0.0684,7.7985,7.0138,7.0873,nan,7.7477,7.9805,0.3161,-0.0191,2.5328,0.0801,-0.0172,-0.0315,11.4974,0.0725,2.0888,0.1741
46.950,185.527,1.5436,0.4072,-90.875,1.4676,0.1100,-91.373,0.2983,-0.0715,0.3067,-0.498,-2.5560,2.8556,-0.540,4.0493,-2.7076,-90.833,7.217,-0.5188,189.190,0.7482,0.0093,0.0710,7.6418,7.1682,7.4506,nan,7.8685,8.0802,0.3200,-0.0060,2.5385,0.0718,-0.0361,-0.0281,11.7973,0.0646,1.4167,0.1741
47.000,185.942,1.5330,-0.0075,-92.271,1.4407,-0.2977,-92.829,0.2936,-0.0808,0.3045,-0.558,-2.5731,2.8539,-0.342,4.0325,-3.1275,-92.486,7.333,-0.2957,189.625,0.7558,0.0165,0.0770,4.6791,7.4098,8.0155,nan,7.9850,8.1041,0.3210,-0.0040,2.5497,0.0539,-0.0270,-0.0214,12.1972,0.0352,3.0588,0.1741
47.050,186.349,1.5147,-0.4145,-92.962,1.4140,-0.7384,-94.148,0.3287,-0.0838,0.3392,-1.186,-2.5339,2.9472,-0.890,4.0046,-3.6238,-93.258,7.470,-0.1366,190.054,0.7985,0.0159,0.0899,5.6684,7.3412,7.4118,nan,8.0000,8.1869,0.3242,0.0010,2.5573,0.0439,-0.0289,-0.0170,12.4972,0.0558,2.6820,0.1741
47.100,186.771,1.4919,-0.8359,-93.205,1.3853,-1.1168,-94.292,0.2864,-0.0907,0.3004,-1.087,-2.5339,2.9472,-0.890,3.9818,-4.0026,-93.402,7.590,-0.0567,190.496,0.7814,0.0167,0.0991,5.9480,7.5261,7.8881,nan,8.0000,8.0529,0.3189,0.0041,2.5640,0.0337,-0.0258,-0.0130,12.8971,0.0155,1.8695,0.1741
47.150,186.771,1.4919,-0.8359,-93.205,1.3896,-1.1186,-94.303,0.2880,-0.0863,0.3006,-1.098,-2.5287,2.9462,-0.902,3.9818,-4.0026,-93.402,7.590,-0.0567,190.496,0.7814,0.0167,0.0965,5.7916,7.6383,7.8881,nan,8.0000,8.1954,0.3246,0.0045,2.5618,0.0316,-0.0200,-0.0080,13.2970,0.0584,1.8695,0.1741
47.200,187.245,1.4647,-1.3088,-93.368,1.3708,-1.5775,-93.541,0.2737,-0.0779,0.2846,-0.174,-2.5708,2.9403,-0.138,3.9525,-4.5083,-93.403,7.683,-0.0114,190.988,0.7963,0.0249,0.0918,3.6939,7.7880,8.1060,nan,8.0000,8.1611,0.3232,-0.0054,2.5616,0.0522,-0.0014,-0.0040,13.7969,0.0479,1.6766,0.1741
47.250,187.678,1.4393,-1.7406,-93.331,1.3522,-1.9583,-94.016,0.2224,-0.0743,0.2345,-0.685,-2.5196,3.0474,-0.613,3.9250,-4.9640,-93.404,7.758,0.0341,191.437,0.8084,0.0249,0.1008,4.0508,7.9011,8.1655,nan,8.0000,8.0752,0.3198,-0.0031,2.5616,0.0536,-0.0043,0.0030,14.0968,0.0220,1.2351,0.1741
47.300,188.106,1.4147,-2.1683,-93.179,1.3300,-2.3367,-94.690,0.1729,-0.0752,0.1885,-1.511,-2.4279,3.1942,-1.470,3.8986,-5.4327,-93.220,7.812,0.0033,191.879,0.8288,0.0212,0.1029,4.8537,7.7556,7.7857,nan,8.0000,8.1857,0.3242,0.0066,2.5616,0.0457,-0.0204,0.0039,14.2968,0.0555,0.4144,0.1741
47.350,188.536,1.3904,-2.5978,-93.346,1.3252,-2.6636,-94.580,0.0695,-0.0613,0.0927,-1.234,-2.4079,3.2556,-1.410,3.8776,-5.8255,-93.169,7.827,-0.0476,192.319,0.8090,0.0161,0.0835,5.1871,7.8974,8.2104,nan,8.0000,8.0780,0.3199,0.0087,2.5256,0.0550,-0.0282,0.0054,14.6967,0.0229,-0.3019,0.1741
47.400,188.974,1.3644,-3.0350,-93.447,1.3004,-3.0778,-94.314,0.0466,-0.0613,0.0770,-0.867,-2.4577,3.2842,-0.815,3.8482,-6.3079,-93.499,7.816,0.0270,192.764,0.8330,0.0158,0.0826,5.2122,7.8428,7.9339,nan,8.0000,8.1195,0.3216,-0.0009,2.4760,0.0651,-0.0151,0.0084,14.9966,0.0353,0.5421,0.1741
47.450,189.413,1.3386,-3.4727,-93.195,1.3003,-3.4524,-93.975,-0.0181,-0.0394,0.0434,-0.780,-2.4501,3.3202,-0.614,3.8228,-6.7321,-93.361,7.837,0.0997,193.212,0.8262,0.0149,0.0598,4.0222,7.8909,8.0725,nan,7.7466,7.6369,0.3025,-0.0151,2.4502,0.0944,-0.0057,0.0114,15.3965,-0.0322,-0.3997,0.1741
47.500,189.843,1.3155,-3.9027,-92.877,1.2903,-3.8792,-93.680,-0.0222,-0.0263,0.0345,-0.802,-2.4093,3.3579,-0.801,3.8004,-7.1847,-92.879,7.821,0.0365,193.649,0.8365,0.0151,0.0477,3.1581,7.8289,7.9147,nan,7.3736,7.2026,0.2853,-0.0206,2.4104,0.1064,-0.0124,0.0143,15.6965,-0.0800,0.1151,0.1741
47.550,190.273,1.2939,-4.3324,-92.911,1.2818,-4.2610,-92.936,-0.0706,-0.0157,0.0724,-0.025,-2.4755,3.3633,-0.174,3.7805,-7.6128,-92.762,7.813,-0.0953,194.085,0.8342,0.0155,0.0296,1.9011,7.7975,7.9046,nan,6.9869,6.7497,0.2673,-0.0249,2.3598,0.0993,-0.0224,0.0141,16.0963,-0.0753,-3.4497,0.1741
47.600,190.706,1.2705,-4.7646,-93.466,1.2554,-4.7157,-93.401,-0.0479,-0.0181,0.0512,0.065,-2.4755,3.3633,-0.174,3.7554,-8.0675,-93.227,7.646,-0.2137,194.505,0.8469,0.0163,0.0321,1.9632,7.7839,7.9046,nan,6.7005,6.6709,0.2642,-0.0388,2.3086,0.1088,-0.0260,0.0052,16.4963,-0.0102,-3.4497,0.1741
47.650,190.706,1.2705,-4.7646,-93.466,1.2611,-4.7373,-92.983,-0.0267,-0.0111,0.0289,0.483,-2.5286,3.3142,0.243,3.7554,-8.0675,-93.227,7.646,-0.2137,194.505,0.8469,0.0163,0.0224,1.3711,7.4512,7.2879,nan,6.5121,6.5922,0.2611,-0.0439,2.2784,0.1022,-0.0395,-0.0143,16.7962,0.0290,-5.5470,0.1741
47.700,191.127,1.2431,-5.1841,-94.263,1.2408,-5.1607,-93.658,-0.0231,-0.0040,0.0235,0.604,-2.5625,3.2513,0.506,3.7289,-8.4453,-94.164,7.373,-0.3567,194.901,0.8256,0.0179,0.0182,1.0174,7.1275,6.9852,nan,6.1370,6.1780,0.2447,-0.0500,2.2680,0.0888,-0.0518,-0.0359,17.1961,0.0156,-8.0455,0.1741
47.750,191.578,1.2050,-5.6335,-95.822,1.1977,-5.6127,-95.130,-0.0199,-0.0094,0.0220,0.692,-2.5520,3.2141,0.383,3.6907,-8.8517,-95.513,6.978,-0.4647,195.317,0.8062,0.0233,0.0273,1.1713,6.8673,6.8004,nan,5.8750,5.9146,0.2342,-0.0478,2.1840,0.0481,-0.0674,-0.0708,17.5960,0.0157,-5.3751,0.1741
47.800,191.948,1.1640,-6.0014,-97.295,1.1645,-6.0155,-96.580,0.0139,0.0023,0.0141,0.715,-2.5850,3.1411,0.661,3.6437,-9.1992,-97.241,6.737,-0.4998,195.667,0.8031,0.0264,0.0212,0.8022,6.6339,6.5919,nan,5.5440,5.5020,0.2179,-0.0639,2.1304,0.0391,-0.0673,-0.0829,17.8960,-0.0173,-6.9520,0.1741
47.850,192.309,1.1143,-6.3596,-98.898,1.1125,-6.3928,-98.378,0.0331,0.0034,0.0333,0.520,-2.5672,3.1321,0.556,3.5871,-9.5602,-98.934,6.429,-0.4852,196.004,0.8104,0.0179,0.0174,0.9742,6.2225,5.8857,nan,5.3885,5.4650,0.2164,-0.0697,2.0887,0.0178,-0.0641,-0.1089,18.1959,0.0335,-6.7645,0.1741
47.900,192.661,1.0564,-6.7060,-100.415,1.0645,-6.6390,-100.546,-0.0674,-0.0042,0.0675,-0.131,-2.4485,3.2059,-0.123,3.5342,-9.8373,-100.423,6.126,-0.5261,196.330,0.7800,0.0166,0.0166,0.9979,5.9971,5.9629,nan,5.2334,5.3074,0.2102,-0.0713,2.0602,-0.0138,-0.0792,-0.1332,18.3958,0.0334,-7.6273,0.1741
47.950,192.993,0.9921,-7.0324,-102.325,0.9945,-6.9781,-102.123,-0.0535,-0.0092,0.0543,0.202,-2.4664,3.1911,-0.018,3.4640,-10.1682,-102.106,5.781,-0.6194,196.637,0.7871,0.0202,0.0219,1.0875,5.6424,5.4669,nan,5.0816,5.2344,0.2073,-0.0756,2.0129,-0.0378,-0.0722,-0.1521,18.6958,0.0800,-5.1602,0.1741
48.000,193.305,0.9216,-7.3360,-104.270,0.9247,-7.2690,-103.804,-0.0657,-0.0136,0.0670,0.467,-2.5523,3.1320,0.446,3.3958,-10.4278,-104.250,5.564,-0.6114,196.933,0.7711,0.0224,0.0241,1.0758,5.4732,5.4696,nan,4.8372,4.9080,0.1944,-0.0879,1.9992,-0.0614,-0.0526,-0.1795,18.9957,0.0346,-4.4642,0.1741
48.050,193.606,0.8436,-7.6264,-106.177,0.8401,-7.5687,-105.819,-0.0545,-0.0195,0.0579,0.358,-2.5523,3.1320,0.446,3.3089,-10.7268,-106.265,5.378,-0.6253,197.221,0.7821,0.0060,0.0145,2.4077,5.4208,5.4696,nan,4.5882,4.4864,0.1777,-0.1252,1.9992,-0.0617,-0.0349,-0.1928,19.1957,-0.0499,-4.4642,0.1741
48.100,193.606,0.8436,-7.6264,-106.177,0.8481,-7.5932,-105.718,-0.0331,-0.0049,0.0335,0.459,-2.5631,3.1014,0.547,3.3089,-10.7268,-106.265,5.378,-0.6253,197.221,0.7821,0.0060,0.0062,1.0308,5.1391,5.0693,nan,4.5134,4.5596,0.1806,-0.1589,1.9563,-0.0566,-0.0059,-0.2095,19.4956,0.0240,-3.3063,0.1741
48.150,193.913,0.7535,-7.9204,-108.283,0.7761,-7.7990,-107.835,-0.1224,-0.0167,0.1235,0.448,-2.5182,3.1560,0.354,3.2265,-10.9751,-108.189,5.201,-0.7099,197.516,0.7624,0.0097,0.0097,1.0047,5.1752,5.2628,nan,4.3081,4.2077,0.1666,-0.1613,1.7919,-0.0742,-0.0065,-0.2062,19.6955,-0.0524,-8.3440,0.1741
48.200,194.183,0.6640,-8.1749,-111.151,0.6950,-8.0475,-109.025,-0.1300,-0.0171,0.1311,2.125,-2.7186,3.1232,1.489,3.1221,-11.2557,-110.515,4.819,-1.0480,197.759,0.7835,0.0140,0.0099,0.7053,4.7677,4.4292,nan,4.2451,4.3841,0.1736,-0.1468,1.7352,-0.0805,-0.0509,-0.2192,19.7955,0.0792,-4.9892,0.1741
48.250,194.442,0.5643,-8.4140,-114.816,0.6201,-8.2303,-113.097,-0.1901,-0.0265,0.1919,1.719,-2.6853,3.1302,1.319,3.0429,-11.4337,-114.416,4.607,-1.1478,198.006,0.7491,0.0224,0.0079,0.3515,4.5879,4.5662,nan,4.1834,4.3128,0.1708,-0.1466,1.6841,-0.1027,-0.0434,-0.2749,20.0954,0.0747,-6.8091,0.1741
48.300,194.688,0.4555,-8.6340,-118.335,0.4974,-8.4913,-117.322,-0.1455,-0.0309,0.1487,1.013,-2.6692,3.1116,1.235,2.9156,-11.6684,-118.557,4.353,-1.0312,198.237,0.7703,0.0309,0.0137,0.4452,4.2269,4.0652,nan,4.0005,4.0374,0.1599,-0.1465,1.5516,-0.1106,-0.0352,-0.3050,20.2954,0.0800,-1.1255,0.1741
48.350,194.934,0.3331,-8.8484,-121.575,0.3882,-8.6854,-120.793,-0.1677,-0.0384,0.1720,0.782,-2.5760,3.1075,0.733,2.8131,-11.8298,-121.526,4.304,-0.9855,198.483,0.7411,0.0058,0.0124,2.1266,4.4086,4.5619,nan,3.8804,3.8292,0.1517,-0.1488,1.1893,-0.1091,-0.0236,-0.3328,20.4954,-0.0296,-1.5630,0.1741
48.400,195.165,0.2077,-9.0423,-124.611,0.2338,-8.9379,-123.370,-0.1008,-0.0378,0.1077,1.241,-2.7244,3.0628,1.433,2.6571,-12.0709,-124.803,4.235,-0.9591,198.711,0.7796,0.0102,0.0050,0.4877,4.0971,4.0031,nan,3.7745,3.8653,0.1531,-0.1608,1.0017,-0.1084,0.0135,-0.3555,20.6953,0.0526,-4.2203,0.1741
48.450,195.397,0.0715,-9.2302,-127.624,0.1238,-9.0916,-126.147,-0.1417,-0.0432,0.1481,1.477,-2.7236,3.0564,1.434,2.5426,-12.2155,-127.581,4.066,-0.9334,198.935,0.7504,0.0183,0.0053,0.2907,4.0827,4.1302,nan,3.5880,3.5252,0.1396,-0.2035,0.8549,-0.0997,0.0742,-0.3926,20.9953,-0.0364,-4.7130,0.1741
48.500,195.620,-0.0681,-9.4030,-130.589,-0.0289,-9.2782,-128.937,-0.1203,-0.0514,0.1308,1.651,-2.7821,3.0431,1.696,2.3874,-12.3974,-130.633,3.889,-0.9575,199.148,0.7673,0.0258,0.0086,0.3343,3.8349,3.7938,nan,3.5024,3.5402,0.1402,-0.2711,0.8549,-0.0867,0.0710,-0.4060,21.0952,0.0219,-2.0599,0.1741
48.550,195.620,-0.0681,-9.4030,-130.589,-0.0289,-9.2782,-128.937,-0.1203,-0.0514,0.1308,1.651,-2.7821,3.0431,1.696,2.3874,-12.3974,-130.633,3.889,-0.9575,199.258,0.7673,0.0258,0.0086,0.3343,3.7577,3.7938,nan,3.4042,3.3928,0.1344,-0.3042,0.8549,-0.0743,0.1077,-0.4381,21.2952,-0.0066,-2.0599,0.1741
48.600,195.843,-0.2175,-9.5688,-133.821,-0.1757,-9.4526,-131.943,-0.1128,-0.0503,0.1235,1.878,-2.8264,3.0114,1.852,2.2465,-12.5432,-133.795,3.785,-1.0696,199.366,0.7559,0.0058,0.0076,1.3035,3.7036,3.7516,nan,3.0727,2.9495,0.1168,-0.3130,0.8549,-0.0418,0.1365,-0.4361,21.4951,-0.0800,-5.3985,0.1741
48.650,196.041,-0.3587,-9.7081,-137.412,-0.3170,-9.5918,-135.148,-0.1094,-0.0574,0.1235,2.264,-2.8477,3.0069,1.948,2.1009,-12.6775,-137.096,3.577,-1.2214,199.555,0.7596,0.0105,0.0064,0.6106,3.5372,3.5326,nan,2.9924,3.0044,0.1190,-0.3425,0.8549,-0.0316,0.1551,-0.4315,21.6951,0.0069,-4.9245,0.1741
48.700,196.228,-0.5008,-9.8301,-142.113,-0.4481,-9.7045,-139.612,-0.1187,-0.0667,0.1362,2.501,-2.7616,3.0253,1.587,1.9601,-12.7890,-141.199,3.367,-1.6253,199.735,0.7569,0.0156,0.0067,0.4314,3.3553,3.3230,nan,2.9798,3.0526,0.1209,-0.3797,0.8549,-0.0344,0.0652,-0.4248,21.7951,0.0800,-7.7440,0.1741
48.750,196.407,-0.6461,-9.9341,-147.148,-0.6047,-9.8291,-145.324,-0.0918,-0.0657,0.1129,1.823,-2.8951,2.9787,2.157,1.8068,-12.8850,-147.481,3.058,-1.5695,199.900,0.7640,0.0221,0.0095,0.4274,3.0341,2.8822,nan,2.9671,2.7466,0.1088,-0.4500,0.8549,-0.0157,0.1025,-0.4807,21.9950,0.0800,-3.6147,0.1744
48.800,196.578,-0.7934,-10.0205,-152.402,-0.7387,-9.9173,-150.411,-0.0963,-0.0661,0.1169,1.991,-2.8269,2.9700,1.792,1.6843,-12.9462,-152.203,2.955,-1.6704,200.069,0.7370,0.0098,0.0153,1.5701,2.9713,3.0204,nan,3.0806,3.1637,0.1253,-0.4803,0.8549,0.0040,0.0494,-0.5673,22.0950,0.0481,-1.2973,0.1744
48.850,196.737,-0.9373,-10.0879,-157.824,-0.9130,-10.0113,-156.365,-0.0514,-0.0617,0.0803,1.458,-2.7470,2.9622,1.379,1.5212,-13.0139,-157.744,2.917,-1.7713,200.230,0.7562,0.0109,0.0090,0.8214,2.8661,2.8845,nan,3.0806,3.1861,0.1262,-0.4906,0.8549,0.0199,0.0871,-0.7321,22.2950,0.0800,-5.3723,0.1744
48.900,196.891,-1.0828,-10.1392,-163.856,-1.0601,-10.0645,-162.228,-0.0426,-0.0654,0.0781,1.628,-2.6808,2.9628,1.063,1.3788,-13.0552,-163.291,2.745,-2.0172,200.382,0.7524,0.0157,0.0075,0.4779,2.7893,2.8207,nan,3.2154,3.1551,0.1250,-0.4332,0.9053,0.0237,0.0341,-0.7137,22.3949,0.0800,1.7121,0.1744
48.950,197.048,-1.2357,-10.1746,-170.681,-1.2076,-10.1001,-168.970,-0.0398,-0.0690,0.0796,1.712,-2.7582,2.9464,1.433,1.2239,-13.0812,-170.403,2.852,-2.1811,200.554,0.7539,0.0249,0.0078,0.3144,2.8613,3.0340,nan,3.2690,3.2494,0.1287,-0.3767,1.1274,0.0300,0.0465,-0.5635,22.5949,-0.0113,0.6952,0.1744
49.000,197.207,-1.3935,-10.1914,-177.683,-1.3885,-10.1169,-175.807,-0.0080,-0.0742,0.0747,1.876,-2.7925,2.9400,1.556,1.0489,-13.0902,-177.363,2.922,-2.0484,200.724,0.7707,0.0338,0.0178,0.5282,2.9932,3.1906,nan,3.4322,3.4834,0.1380,-0.3526,1.1794,0.0351,0.0015,-0.5831,22.6949,0.0297,1.5109,0.1744
49.051,197.372,-1.5586,-10.1893,175.911,-1.5832,-10.1086,177.043,0.0303,-0.0788,0.0844,1.132,-2.7925,2.9400,1.556,0.8546,-13.0766,175.487,2.980,-1.8173,200.896,0.7996,0.0188,0.0260,1.3795,3.0491,3.1906,nan,3.5094,3.6266,0.1436,-0.3342,1.2241,0.0358,0.0104,-0.5447,22.8948,0.0679,1.5109,0.1744
49.100,197.372,-1.5586,-10.1893,175.911,-1.5870,-10.1092,176.722,0.0340,-0.0778,0.0850,0.811,-2.7232,2.9459,1.235,0.8546,-13.0766,175.487,2.980,-1.8173,200.896,0.7996,0.0188,0.0235,1.2493,2.9639,2.9737,nan,3.5576,3.6067,0.1428,-0.3192,1.2071,0.0296,0.0308,-0.5091,23.0948,0.0800,2.4646,0.1744
49.150,197.541,-1.7270,-10.1692,170.207,-1.7330,-10.0862,171.394,0.0201,-0.0807,0.0832,1.187,-2.7126,2.9441,1.203,0.7056,-13.0481,170.190,3.087,-1.6651,201.076,0.7800,0.0219,0.0154,0.7028,3.1059,3.2678,nan,3.6548,3.6898,0.1461,-0.3198,1.2649,0.0322,0.0077,-0.5157,23.1947,0.0800,5.0144,0.1744
49.200,197.698,-1.8801,-10.1368,165.509,-1.9047,-10.0477,166.450,0.0461,-0.0802,0.0925,0.940,-2.6704,2.9432,1.037,0.5306,-13.0026,165.413,3.276,-1.6504,201.248,0.8019,0.0223,0.0191,0.8560,3.2693,3.4480,nan,3.7451,3.8598,0.1529,-0.3148,1.3607,0.0359,0.0317,-0.4726,23.3947,0.0800,2.5233,0.1744
49.250,197.881,-2.0556,-10.0835,160.286,-2.0852,-9.9860,161.017,0.0607,-0.0818,0.1019,0.731,-2.5681,2.9492,0.605,0.3463,-12.9396,160.413,3.384,-1.6861,201.441,0.8108,0.0273,0.0174,0.6370,3.4115,3.5812,nan,3.7812,3.8296,0.1517,-0.2879,1.4316,0.0290,0.0271,-0.4443,23.5947,0.0280,1.6912,0.1744
49.300,198.070,-2.2302,-10.0123,154.883,-2.2657,-9.9019,155.127,0.0790,-0.0849,0.1160,0.243,-2.4630,2.9514,0.166,0.1600,-12.8538,154.960,3.475,-1.7194,201.639,0.8229,0.0329,0.0149,0.4533,3.4766,3.6009,nan,3.7728,3.7765,0.1496,-0.2595,1.4589,0.0175,0.0173,-0.4251,23.7946,0.0021,2.5260,0.1744
49.350,198.272,-2.4089,-9.9185,149.235,-2.4449,-9.7975,149.454,0.0928,-0.0855,0.1262,0.218,-2.4367,2.9542,0.022,-0.0131,-12.7517,149.432,3.597,-1.6360,201.854,0.8176,0.0397,0.0178,0.4476,3.6731,3.8771,nan,3.8757,3.9590,0.1568,-0.2511,1.5413,0.0145,0.0111,-0.4414,23.9946,0.0482,1.3318,0.1744
49.400,198.467,-2.5730,-9.8117,144.222,-2.6383,-9.6605,143.718,0.1414,-0.0845,0.1647,-0.504,-2.3570,2.9563,-0.375,-0.1987,-12.6183,144.094,3.652,-1.5098,202.056,0.8406,0.0199,0.0120,0.6013,3.6398,3.6920,nan,3.9939,3.9598,0.1568,-0.2390,1.5346,0.0109,0.0329,-0.4473,24.1945,0.0800,0.2144,0.1744
49.450,198.672,-2.7344,-9.6857,139.470,-2.7904,-9.5300,138.700,0.1438,-0.0820,0.1655,-0.769,-2.3287,2.9506,-0.498,-0.3533,-12.4841,139.198,3.671,-1.4466,202.264,0.8345,0.0224,0.0099,0.4399,3.5696,3.5973,nan,4.0851,4.2166,0.1670,-0.2267,1.5732,0.0096,0.0462,-0.3633,24.3945,0.0761,2.0642,0.1744
49.500,198.880,-2.8876,-9.5446,134.818,-2.9177,-9.3983,134.517,0.1250,-0.0818,0.1494,-0.300,-2.3365,2.9460,-0.436,-0.4873,-12.3483,134.953,3.759,-1.4069,202.481,0.8150,0.0263,0.0084,0.3190,3.7873,3.9880,nan,4.1782,4.1668,0.1650,-0.2196,1.6819,0.0108,0.0383,-0.3431,24.5944,-0.0063,0.9154,0.1744
49.550,199.089,-3.0290,-9.3919,130.396,-3.0732,-9.2156,130.006,0.1629,-0.0806,0.1817,-0.390,-2.3446,2.9466,-0.398,-0.6441,-12.1669,130.404,3.818,-1.3647,202.695,0.8331,0.0276,0.0153,0.5539,3.8339,3.9240,nan,4.2261,4.2512,0.1684,-0.1893,1.7026,0.0050,0.0117,-0.3492,24.6944,0.0139,3.2891,0.1744
49.601,199.307,-3.1644,-9.2210,125.986,-3.2159,-9.0299,125.248,0.1849,-0.0706,0.1979,-0.739,-2.3446,2.9466,-0.398,-0.7881,-11.9822,125.645,3.951,-1.3585,202.925,0.8433,0.0656,0.0583,0.8879,3.8505,3.9240,nan,4.3689,4.5080,0.1785,-0.2049,1.7368,0.0244,0.0458,-0.3207,24.9943,0.0769,3.2891,0.1744
49.650,199.307,-3.1644,-9.2210,125.986,-3.2118,-9.0325,125.194,0.1804,-0.0723,0.1943,-0.793,-2.3293,2.9431,-0.452,-0.7881,-11.9822,125.645,3.951,-1.3585,202.925,0.8433,0.0195,0.0093,0.4775,3.7645,3.7840,nan,4.4149,4.4407,0.1759,-0.1943,1.7072,0.0191,0.0147,-0.3109,25.0943,0.0800,0.9120,0.1744
49.700,199.730,-3.3893,-8.8628,117.962,-3.4481,-8.6275,118.146,0.2354,-0.0583,0.2425,0.184,-2.5166,2.9568,0.417,-1.0159,-11.5773,117.729,4.167,-1.2768,203.368,0.8534,0.0370,0.0338,0.9149,3.9929,4.7095,nan,4.5424,4.6877,0.1857,-0.2115,1.8360,0.0418,0.0463,-0.2861,25.3942,0.0773,4.2642,0.1744
49.750,199.730,-3.3893,-8.8628,117.962,-3.4475,-8.6277,117.965,0.2349,-0.0588,0.2422,0.003,-2.4793,2.9536,0.236,-1.0159,-11.5773,117.729,4.167,-1.2768,203.368,0.8534,0.0187,0.0215,1.1488,4.0385,4.1253,nan,4.6473,4.7380,0.1876,-0.1950,1.8676,0.0421,0.0352,-0.2761,25.5942,0.0800,1.6709,0.1744
49.800,199.961,-3.4913,-8.6552,113.941,-3.5271,-8.4549,114.248,0.1975,-0.0486,0.2034,0.307,-2.4945,2.9463,0.319,-1.0961,-11.3953,113.929,4.248,-1.3452,203.608,0.8276,0.0164,0.0215,1.3105,4.2036,4.3623,nan,4.7446,4.8714,0.1929,-0.1831,1.9506,0.0472,0.0471,-0.2700,25.8941,0.0800,2.8256,0.1744
49.850,200.199,-3.5803,-8.4348,109.491,-3.6182,-8.2220,110.143,0.2132,-0.0353,0.2161,0.652,-2.5402,2.9406,0.551,-1.1853,-11.1517,109.592,4.387,-1.3523,203.860,0.8317,0.0152,0.0277,1.8255,4.3289,4.4643,nan,4.8081,4.9656,0.1967,-0.1734,2.0126,0.0504,0.0349,-0.2666,26.0941,0.0793,2.3520,0.1744
49.900,200.447,-3.6555,-8.1977,105.192,-3.6806,-7.9993,106.544,0.1980,-0.0277,0.2000,1.352,-2.6733,2.9368,1.276,-1.2506,-10.9109,105.268,4.494,-1.2955,204.120,0.8227,0.0138,0.0342,2.4755,4.5540,4.7945,nan,4.8707,4.9098,0.1944,-0.1659,2.1269,0.0564,0.0365,-0.2586,26.2940,0.0188,2.4972,0.1744
49.950,200.698,-3.7135,-7.9541,101.116,-3.7289,-7.7649,102.153,0.1886,-0.0214,0.1898,1.037,-2.6101,2.8937,1.006,-1.3057,-10.6374,101.147,4.604,-1.2564,204.382,0.8261,0.0172,0.0356,2.0743,4.6684,4.8018,nan,4.9747,5.0052,0.1982,-0.1442,2.1903,0.0456,0.0273,-0.2507,26.4940,0.0143,2.3423,0.1744
50.000,200.954,-3.7553,-7.7014,97.189,-3.7706,-7.5170,98.741,0.1849,-0.0079,0.1850,1.551,-2.7347,2.8863,1.673,-1.3392,-10.3686,97.068,4.699,-1.2210,204.649,0.8218,0.0122,0.0447,3.6537,4.6778,4.7521,nan,5.0594,5.1504,0.2040,-0.1400,2.2029,0.0532,0.0306,-0.2442,26.6940,0.0426,0.3580,0.1744
50.050,201.218,-3.7805,-7.4388,93.308,-3.7955,-7.2545,94.920,0.1848,0.0044,0.1849,1.612,-2.7451,2.8822,1.721,-1.3544,-10.1006,93.199,4.726,-1.1021,204.918,0.8135,0.0090,0.0504,5.5817,4.6666,4.7276,nan,5.1581,5.3132,0.2104,-0.1334,2.2195,0.0578,0.0465,-0.2271,26.9939,0.0725,1.4639,0.1744
50.100,201.479,-3.7889,-7.1772,89.950,-3.7930,-7.0256,90.496,0.1516,0.0042,0.1516,0.547,-2.5415,2.8350,0.587,-1.3525,-9.8473,89.909,4.787,-1.0538,205.187,0.8014,0.0068,0.0304,4.4421,4.8403,5.0123,nan,5.3402,5.4655,0.2165,-0.1099,2.2745,0.0455,0.0247,-0.2073,27.1938,0.0560,2.2297,0.1744
50.150,201.750,-3.7816,-6.9062,86.578,-3.7802,-6.7714,87.091,0.1347,0.0067,0.1348,0.513,-2.5261,2.7938,0.495,-1.3367,-9.5540,86.596,4.891,-1.0258,205.470,0.7991,0.0062,0.0319,5.1893,4.9587,5.0877,nan,5.4524,5.4937,0.2176,-0.0978,2.3310,0.0449,0.0244,-0.1661,27.4938,0.0177,2.7348,0.1744
50.200,202.028,-3.7582,-6.6296,83.329,-3.7481,-6.4755,83.684,0.1543,0.0079,0.1545,0.355,-2.5261,2.7938,0.495,-1.3021,-9.2584,83.188,5.016,-0.8962,205.760,0.7939,0.0641,0.0674,1.0513,4.9993,5.0877,nan,5.6003,5.6433,0.2235,-0.0837,2.3784,0.0412,-0.0007,-0.1098,27.6937,0.0179,2.7348,0.1744
50.250,202.272,-3.7255,-6.3880,80.940,-3.7049,-6.2411,80.673,0.1484,0.0028,0.1484,-0.268,-2.4239,2.7723,-0.132,-1.2603,-9.0163,80.804,5.131,-0.8334,206.016,0.7853,0.0062,0.0112,1.8062,4.9863,5.0458,nan,5.6879,5.7958,0.2295,-0.0728,2.3784,0.0274,-0.0193,-0.1153,27.8937,0.0451,3.1304,0.1744
50.300,202.272,-3.7255,-6.3880,80.940,-3.7088,-6.2666,80.958,0.1225,0.0026,0.1225,0.018,-2.4728,2.7530,0.154,-1.2603,-9.0163,80.804,5.131,-0.8334,206.016,0.7853,0.0062,0.0085,1.3712,5.0924,5.2096,nan,5.7714,5.9167,0.2343,-0.0698,2.3784,0.0266,-0.0133,-0.1283,28.1936,0.0603,1.9301,0.1744
50.350,202.564,-3.6745,-6.1002,78.757,-3.6559,-5.9531,78.597,0.1479,0.0104,0.1483,-0.161,-2.5017,2.7745,0.344,-1.2066,-8.7205,78.253,5.293,-0.6272,206.323,0.7852,0.0017,0.0211,12.5261,5.2925,5.4992,nan,5.9335,6.0930,0.2413,-0.0826,2.3788,0.0367,0.0149,-0.1328,28.4935,0.0645,3.7261,0.1744
50.400,202.876,-3.6089,-5.7949,76.739,-3.5836,-5.6453,76.507,0.1514,0.0097,0.1517,-0.232,-2.4113,2.7579,-0.257,-1.1347,-8.4084,76.764,5.454,-0.6053,206.652,0.7815,0.0018,0.0290,16.3593,5.5491,5.9335,nan,6.0508,6.1167,0.2422,-0.0740,2.3868,0.0306,0.0169,-0.1273,28.7935,0.0256,2.6424,0.1744
50.450,203.169,-3.5378,-5.5111,74.907,-3.4984,-5.3313,74.960,0.1838,0.0088,0.1840,0.052,-2.4714,2.7424,0.122,-1.0442,-8.0716,74.838,5.578,-0.6614,206.958,0.7826,0.0023,0.0348,15.2893,5.5298,5.5944,nan,6.1511,6.3095,0.2499,-0.0664,2.3885,0.0313,0.0140,-0.1221,28.9934,0.0617,3.0688,0.1744
50.500,203.480,-3.4519,-5.2122,72.644,-3.4150,-5.0556,72.796,0.1605,0.0115,0.1609,0.151,-2.4615,2.7337,0.023,-0.9566,-7.7889,72.773,5.717,-0.6801,207.284,0.7748,0.0046,0.0307,6.7018,5.6493,5.7966,nan,6.2694,6.4275,0.2546,-0.0542,2.3885,0.0303,0.0107,-0.1153,29.2934,0.0604,2.1255,0.1744
50.550,203.803,-3.3507,-4.9055,70.523,-3.2984,-4.7395,70.321,0.1739,0.0060,0.1740,-0.202,-2.4279,2.7361,-0.184,-0.8465,-7.4784,70.505,5.812,-0.6250,207.620,0.7679,0.0017,0.0089,5.3611,5.8534,6.1153,nan,6.4715,6.6830,0.2647,-0.0434,2.3885,0.0274,0.0253,-0.1262,29.6933,0.0791,3.0233,0.1744
50.600,204.133,-3.2363,-4.5964,68.610,-3.1670,-4.3865,68.491,0.2208,0.0120,0.2211,-0.120,-2.4501,2.7552,-0.017,-0.7148,-7.1418,68.508,5.949,-0.5294,207.965,0.7633,0.0008,0.0157,18.8071,5.9820,6.1500,nan,6.6168,6.7427,0.2670,-0.0350,2.4743,0.0441,0.0346,-0.0701,29.9932,0.0452,2.9146,0.1744
50.650,204.464,-3.1120,-4.2896,67.020,-3.0341,-4.0687,67.739,0.2338,0.0145,0.2342,0.719,-2.5458,2.7700,0.786,-0.5821,-6.8314,66.953,6.077,-0.4530,208.312,0.7573,0.0012,0.0169,14.0708,6.1431,6.3573,nan,6.7990,6.8668,0.2720,-0.0356,2.4867,0.0626,0.0419,-0.0117,30.3931,0.0234,3.8289,0.1744
50.700,204.815,-2.9714,-3.9671,65.692,-2.8829,-3.7394,66.287,0.2439,0.0131,0.2443,0.594,-2.5312,2.7656,0.707,-0.4320,-6.5002,65.579,6.251,-0.3623,208.684,0.7526,0.0026,0.0160,6.0764,6.3692,6.7299,nan,6.9698,7.0083,0.2776,-0.0267,2.4845,0.0738,0.0321,-0.0164,30.6931,0.0129,2.7089,0.1744
50.750,204.815,-2.9714,-3.9671,65.692,-2.8829,-3.7394,66.287,0.2439,0.0131,0.2443,0.594,-2.5312,2.7656,0.707,-0.4320,-6.5002,65.579,6.251,-0.3623,208.684,0.7526,0.0026,0.0160,6.0764,6.5137,6.7299,nan,7.0000,6.9646,0.2758,-0.0145,2.4845,0.0747,0.0200,-0.0199,30.9930,-0.0116,2.7089,0.1744
50.800,205.169,-2.8232,-3.6460,64.590,-2.7111,-3.3495,67.527,0.3159,0.0260,0.3169,2.937,-2.7890,2.7740,3.077,-0.2509,-6.1189,64.451,6.371,-0.3502,209.053,0.7531,0.0025,0.0341,13.6606,6.2614,6.2061,nan,7.0000,7.1695,0.2839,-0.0317,2.4595,0.1092,0.0534,-0.0234,31.2929,0.0579,2.6216,0.1745
50.850,205.523,-2.6688,-3.3276,63.468,-2.5881,-3.0931,66.205,0.2459,0.0326,0.2480,2.737,-2.7364,2.7696,2.646,-0.1225,-5.8632,63.559,6.484,-0.3264,209.422,0.7452,0.0012,0.0256,21.2616,6.5267,7.2090,nan,7.0000,7.0488,0.2792,-0.0104,2.3912,0.1138,0.0299,0.0225,31.7928,0.0800,1.5925,0.1745
50.900,205.837,-2.5275,-3.0474,62.984,-2.4292,-2.7330,66.087,0.3247,0.0552,0.3294,3.103,-2.8373,2.7497,3.556,0.0673,-5.4975,62.531,6.586,-0.2586,209.750,0.7468,0.0006,0.0307,47.4270,6.4750,6.5374,nan,7.0000,6.9930,0.2769,-0.0185,2.3719,0.1415,0.0411,0.0275,31.9928,0.0800,3.1599,0.1745
50.950,206.203,-2.3588,-2.7221,61.993,-2.3001,-2.4423,66.103,0.2746,0.0795,0.2859,4.110,-2.8748,2.7386,3.936,0.2177,-5.2082,62.167,6.721,-0.1976,210.135,0.7427,0.0028,0.0473,17.0532,6.6695,6.9772,nan,7.0000,7.2031,0.2853,-0.0038,2.3415,0.1535,0.0229,0.0481,32.3927,0.0800,0.9366,0.1745
51.000,206.574,-2.1837,-2.3953,61.631,-2.1158,-2.0358,66.080,0.3486,0.1111,0.3658,4.449,-2.9294,2.7606,4.717,0.4164,-4.8471,61.363,6.758,-0.1444,210.514,0.7414,0.0044,0.0445,10.1197,6.7197,6.8511,nan,6.8187,6.8939,0.2730,-0.0008,2.3149,0.1741,0.0137,0.0623,32.7926,0.0259,0.1092,0.1745
51.050,206.959,-1.9992,-2.0569,61.044,-1.9580,-1.7018,65.618,0.3307,0.1359,0.3575,4.575,-2.9056,2.7517,4.457,0.5986,-4.5136,61.162,6.765,-0.1252,210.906,0.7405,0.0106,0.0373,3.5160,6.7737,6.9101,nan,6.4592,6.2318,0.2468,0.0308,2.3146,0.1599,-0.0171,0.0632,33.0925,-0.0800,1.6000,0.1745
51.100,207.341,-1.8141,-1.7236,60.884,-1.7654,-1.3302,63.881,0.3673,0.1489,0.3964,2.996,-2.7839,2.8047,3.225,0.7843,-4.1857,60.656,6.832,-0.0214,211.299,0.7371,0.0026,0.0324,12.2854,6.9668,7.3039,nan,6.0627,6.1716,0.2444,0.0752,2.3134,0.1215,-0.0535,0.0372,33.4924,0.0426,-1.3847,0.1745
51.150,207.708,-1.6353,-1.4029,60.873,-1.5679,-0.9247,64.930,0.4505,0.1739,0.4829,4.057,-2.8288,2.8103,4.113,0.9897,-3.8158,60.817,6.753,0.1092,211.662,0.7442,0.0016,0.0236,14.5700,6.6808,6.5962,nan,5.8397,5.9552,0.2358,0.0908,2.2203,0.1094,-0.0525,0.0914,33.8923,0.0470,-6.2347,0.1745
51.200,208.077,-1.4574,-1.0792,61.865,-1.4246,-0.6215,65.924,0.4191,0.1869,0.4589,4.059,-2.8600,2.7964,4.697,1.1507,-3.5240,61.228,6.465,0.4617,212.008,0.7388,0.0027,0.0303,11.2871,6.3186,6.1175,nan,5.6927,5.8399,0.2313,0.0827,2.2203,0.1124,-0.0205,0.1107,34.0923,0.0800,-4.7185,0.1745
51.250,208.427,-1.2971,-0.7687,64.136,-1.2850,-0.3012,66.417,0.4260,0.1930,0.4677,2.281,-2.7473,2.8667,3.068,1.2906,-3.2416,63.349,6.255,0.8139,212.342,0.7401,0.0034,0.0157,4.5899,6.0480,5.9710,nan,5.5473,5.6424,0.2235,0.0883,2.1200,0.1062,-0.0164,0.1326,34.3922,0.0800,-4.9324,0.1745
51.300,208.771,-1.1528,-0.4564,66.915,-1.1734,0.0080,69.838,0.4192,0.2010,0.4649,2.923,-2.7473,2.8667,3.068,1.4186,-2.9388,66.770,6.046,0.8062,212.671,0.7490,0.0154,0.0565,3.6599,5.9407,5.9710,nan,5.2378,5.2738,0.2089,0.1097,2.0584,0.0880,-0.0379,0.1558,34.7921,0.0161,-4.9324,0.1745
51.350,208.771,-1.1528,-0.4564,66.915,-1.1584,0.0115,69.031,0.4282,0.1886,0.4679,2.116,-2.6919,2.8920,2.261,1.4186,-2.9388,66.770,6.046,0.8062,212.671,0.7490,0.0154,0.0443,2.8706,5.8267,5.8535,nan,4.9726,4.8655,0.1927,0.1274,2.0177,0.0651,-0.0584,0.1709,35.0920,-0.0485,-3.9196,0.1745
51.400,209.104,-1.0273,-0.1474,69.403,-1.0545,0.2752,70.524,0.3861,0.1741,0.4235,1.121,-2.6309,2.8925,1.097,1.5260,-2.6470,69.427,5.870,0.7977,212.993,0.7560,0.0099,0.0395,4.0048,5.8230,5.9084,nan,4.6854,4.7053,0.1863,0.1276,1.9769,0.0263,-0.0749,0.1795,35.2920,-0.0800,-6.9416,0.1745
51.450,209.411,-0.9249,0.1423,72.347,-0.9316,0.5924,72.179,0.4269,0.1429,0.4502,-0.168,-2.5705,2.9170,0.227,1.6296,-2.3310,71.951,5.529,1.0003,213.275,0.7682,0.0110,0.0107,0.9704,5.4095,5.0615,nan,4.6017,4.5569,0.1805,0.1477,1.9199,0.0031,-0.0573,0.1782,35.4920,-0.0222,-7.9814,0.1745
51.500,209.715,-0.8399,0.4335,75.783,-0.8781,0.8227,75.807,0.3679,0.1326,0.3911,0.024,-2.5738,2.9248,0.401,1.6810,-2.1138,75.406,5.139,1.0229,213.550,0.7630,0.0129,0.0283,2.1953,5.2021,5.1713,nan,4.4284,4.4456,0.1761,0.1597,1.8341,0.0006,-0.0492,0.1793,35.7919,0.0090,-6.9529,0.1745
51.550,209.984,-0.7795,0.6960,78.874,-0.8135,1.0767,79.039,0.3670,0.1068,0.3822,0.166,-2.5495,2.9016,-0.016,1.7365,-1.8245,79.055,4.857,1.0412,213.801,0.7791,0.0148,0.0225,1.5242,4.8016,4.5098,nan,4.3311,4.3018,0.1704,0.1873,1.8066,-0.0113,-0.0242,0.1755,35.8919,0.0800,-5.6615,0.1745
51.600,210.244,-0.7356,0.9527,82.323,-0.7667,1.2530,80.126,0.2935,0.0710,0.3019,-2.197,-2.4673,2.9180,-2.283,1.7656,-1.5959,82.409,4.631,1.1171,214.049,0.7804,0.0248,0.0238,0.9584,4.4184,4.1896,nan,4.3311,3.9445,0.1562,0.2093,1.6886,-0.0373,-0.0420,0.1841,36.0918,0.0800,-4.3750,0.1745
51.650,210.503,-0.7080,1.2100,86.033,-0.7375,1.4288,83.284,0.2162,0.0445,0.2208,-2.748,-2.4531,2.8924,-2.544,1.7789,-1.3861,85.828,4.455,1.1960,214.299,0.7755,0.0243,0.0179,0.7362,4.4713,4.5679,nan,4.1356,4.1125,0.1629,0.2157,1.6965,-0.0449,-0.0235,0.2460,36.2918,0.0800,-4.2252,0.1745
51.700,210.743,-0.6984,1.4500,90.038,-0.7159,1.6336,86.131,0.1836,0.0174,0.1845,-3.907,-2.4238,2.8625,-3.591,1.7815,-1.1195,89.722,4.282,1.2939,214.530,0.7917,0.0282,0.0131,0.4649,4.3182,4.3088,nan,3.9839,3.9551,0.1566,0.2151,1.6384,-0.0441,0.0005,0.2508,36.3918,0.0800,-6.3352,0.1745
51.750,210.971,-0.7057,1.6777,94.277,-0.7097,1.8107,89.499,0.1329,-0.0059,0.1330,-4.777,-2.3944,2.8448,-4.674,1.7634,-0.8934,94.174,4.041,1.3569,214.746,0.8012,0.0411,0.0145,0.3533,3.9997,3.8773,nan,3.9164,3.5683,0.1413,0.2191,1.5175,-0.0414,0.0199,0.2359,36.5917,0.0800,-1.1687,0.1745
51.800,211.197,-0.7300,1.9017,98.640,-0.7238,2.0070,94.063,0.1032,-0.0220,0.1055,-4.576,-2.3954,2.8468,-4.489,1.7323,-0.7064,98.552,4.001,1.3402,214.972,0.7946,0.0160,0.0189,1.1807,3.8749,3.8773,nan,3.8496,3.4730,0.1375,0.2011,1.2925,-0.0325,0.0538,0.2535,36.6917,0.0800,-1.1687,0.1745
51.850,211.197,-0.7300,1.9017,98.640,-0.7238,2.0070,94.063,0.1032,-0.0220,0.1055,-4.576,-2.3954,2.8468,-4.489,1.7323,-0.7064,98.552,4.001,1.3402,214.972,0.7946,0.0160,0.0189,1.1807,3.9920,4.1151,nan,3.6761,3.7750,0.1495,0.2171,1.3316,-0.0157,0.0659,0.3332,36.8916,0.0800,-2.5682,0.1745
51.900,211.418,-0.7704,2.1192,102.893,-0.7616,2.2571,98.266,0.1324,-0.0394,0.1381,-4.627,-2.3953,2.8588,-4.755,1.6780,-0.4642,103.022,3.884,1.3123,215.189,0.8160,0.0341,0.0245,0.7184,3.8267,3.8096,nan,3.5030,3.6059,0.1428,0.2194,1.2765,0.0017,0.0441,0.3879,37.0916,0.0596,-6.5840,0.1745
51.950,211.628,-0.8237,2.3221,106.997,-0.8059,2.4419,102.747,0.1094,-0.0520,0.1212,-4.250,-2.4014,2.8447,-4.207,1.6207,-0.2846,106.954,3.659,1.2427,215.388,0.8119,0.0394,0.0222,0.5630,3.6923,3.6926,nan,3.3400,3.4415,0.1363,0.2247,1.2125,0.0236,0.0426,0.3790,37.2916,0.0800,0.0418,0.1745
52.000,211.826,-0.8872,2.5096,110.827,-0.8666,2.6116,106.852,0.0880,-0.0555,0.1040,-3.975,-2.4043,2.8210,-4.103,1.5487,-0.0989,110.955,3.661,1.2425,215.589,0.8193,0.0448,0.0207,0.4621,3.5959,3.6118,nan,3.1753,3.3091,0.1311,0.2173,1.1808,0.0490,0.0656,0.3949,37.3915,0.0774,-2.5805,0.1745
52.050,212.028,-0.9650,2.6962,114.779,-0.9373,2.7929,110.651,0.0762,-0.0657,0.1006,-4.129,-2.4041,2.8176,-4.216,1.4646,0.0832,114.866,3.561,1.2378,215.788,0.8239,0.0543,0.0203,0.3737,3.5012,3.5150,nan,3.0973,3.1607,0.1252,0.2064,1.0631,0.0649,0.0358,0.4257,37.5915,0.0367,-3.8142,0.1745
52.100,212.220,-1.0507,2.8678,118.639,-1.0169,2.9672,114.532,0.0711,-0.0773,0.1050,-4.107,-2.4063,2.8210,-4.082,1.3754,0.2448,118.614,3.426,1.1657,215.974,0.8242,0.0298,0.0330,1.1058,3.4278,3.4503,nan,3.0199,3.0769,0.1219,0.2466,1.0176,0.0770,0.0051,0.4654,37.7914,0.0330,-3.4304,0.1745
52.150,212.414,-1.1491,3.0356,122.392,-1.1146,3.1515,119.211,0.0794,-0.0912,0.1210,-3.181,-2.4072,2.8161,-3.236,1.2715,0.4079,122.447,3.288,1.0548,216.163,0.8281,0.0383,0.0247,0.6468,3.3116,3.3214,nan,2.8565,2.8667,0.1135,0.2748,0.9831,0.0854,0.0206,0.4909,37.8914,0.0059,-3.5913,0.1745
52.200,212.591,-1.2478,3.1823,125.653,-1.2093,3.2629,122.585,0.0431,-0.0782,0.0893,-3.068,-2.4065,2.7794,-3.083,1.1695,0.5472,125.668,3.154,1.1147,216.334,0.8291,0.0438,0.0172,0.3925,3.1660,3.1627,nan,2.7773,2.8015,0.1109,0.2683,0.9399,0.1115,-0.0247,0.5611,38.0914,0.0140,-3.2690,0.1745
52.250,212.758,-1.3493,3.3153,129.338,-1.3100,3.3798,126.280,0.0250,-0.0712,0.0755,-3.058,-2.4060,2.7574,-2.963,1.0624,0.6782,129.243,3.042,1.2402,216.498,0.8340,0.0529,0.0112,0.2119,2.9583,2.9171,nan,2.7773,2.8579,0.1132,0.1809,0.8782,0.1308,0.0395,0.5611,38.0914,0.0800,-4.7903,0.1745
52.300,212.923,-1.4582,3.4394,133.394,-1.4130,3.4744,130.199,-0.0056,-0.0569,0.0572,-3.194,-2.4174,2.7385,-3.123,0.9629,0.7895,133.322,2.882,1.2100,216.657,0.8214,0.0283,0.0276,0.9772,2.8993,2.9171,nan,2.4973,2.5107,0.0994,0.3146,0.8607,0.1235,-0.0123,0.6179,38.2913,0.0078,-4.7903,0.1745
52.350,213.079,-1.5685,3.5490,133.394,-1.4130,3.4744,130.199,-0.1610,-0.0618,0.1725,-3.194,-2.4174,2.7385,-3.123,0.9629,0.7895,133.322,2.882,1.2100,216.810,0.6900,0.0757,0.0276,0.3647,2.8258,2.8497,nan,2.4973,2.6347,0.1043,0.3407,0.8389,0.1429,-0.0694,0.5454,38.4913,0.0796,-3.0106,0.1745
52.400,213.079,-1.5685,3.5490,137.078,-1.5219,3.5905,134.700,-0.0059,-0.0621,0.0624,-2.378,-2.4099,2.7355,-2.519,0.8496,0.8931,137.219,2.793,0.9111,216.810,0.8227,0.0322,0.0165,0.5111,2.7431,2.7683,nan,2.5217,2.4400,0.0966,0.5028,0.8143,0.1331,-0.0884,0.3649,38.5912,0.0800,0.7218,0.1745
52.450,213.216,-1.6707,3.6403,139.296,-1.6336,3.6953,137.343,0.0077,-0.0659,0.0664,-1.953,-2.4169,2.7461,-2.445,0.7422,0.9817,139.788,2.785,0.8206,216.946,0.8271,0.0302,0.0143,0.4722,2.6038,2.6358,nan,2.4694,2.4024,0.0951,0.6165,0.8000,0.1140,-0.1935,0.9621,38.7912,-0.0388,-4.3358,0.1745
52.500,213.371,-1.7917,3.7380,143.512,-1.7461,3.7960,139.965,-0.0022,-0.0737,0.0737,-3.548,-2.4190,2.7537,-1.780,0.6402,1.0627,141.745,2.594,1.4778,217.096,0.8044,0.0388,0.0308,0.7930,2.7130,2.8860,nan,2.2717,2.3549,0.0933,0.5709,0.8054,0.0896,-0.2219,0.8917,38.9912,-0.0800,-5.0784,0.1745
52.550,213.501,-1.8988,3.8108,148.721,-1.9062,3.9470,147.345,0.0771,-0.1125,0.1364,-1.376,-2.4183,2.7939,-1.072,0.4904,1.1624,148.417,2.412,1.9386,217.223,0.8526,0.0469,0.0213,0.4536,2.3925,2.1827,nan,2.1989,2.2809,0.0903,0.7205,0.8000,0.0581,-0.1643,0.8811,39.0912,0.0475,-3.6290,0.1745
52.600,213.632,-2.0145,3.8727,155.407,-1.9808,3.9882,153.549,0.0174,-0.1191,0.1203,-1.858,-2.4220,2.8068,-1.094,0.4186,1.1896,154.643,2.294,2.0994,217.355,0.8015,0.0596,0.0026,0.0432,2.3670,2.4814,nan,2.1774,2.2752,0.0901,0.7346,0.8000,0.0354,-0.1378,0.8790,39.1912,0.0800,-2.0917,0.1745
52.650,213.758,-2.1323,3.9187,162.012,-2.1339,4.0554,161.177,0.0437,-0.1295,0.1367,-0.836,-2.4263,2.8204,-1.016,0.2704,1.2400,162.193,2.229,2.0543,217.483,0.8320,0.0220,0.0175,0.7959,2.2515,2.2841,nan,2.1774,2.2078,0.0874,0.8034,0.8000,0.0157,-0.1338,1.0009,39.2911,0.0800,-2.8037,0.1745
52.700,213.880,-2.2503,3.9496,168.926,-2.2516,4.0881,167.476,0.0279,-0.1357,0.1385,-1.450,-2.4314,2.8299,-1.202,0.1534,1.2618,168.677,2.140,2.2347,217.608,0.8290,0.0279,0.0212,0.7602,2.1539,2.2052,nan,2.1681,2.1789,0.0863,0.8305,0.8000,0.0004,-0.1232,1.1806,39.3911,0.0063,-1.9255,0.1745
52.750,213.998,-2.3673,3.9650,176.408,-2.3841,4.1126,175.077,0.0260,-0.1463,0.1486,-1.331,-2.4394,2.8445,-0.822,0.0371,1.2688,175.899,2.080,2.4014,217.732,0.8265,0.0343,0.0253,0.7377,2.1399,2.2854,nan,2.3120,2.4428,0.0967,0.8471,0.8000,-0.0287,-0.2118,1.2655,39.5910,0.0757,-2.5465,0.1745
52.800,214.111,-2.4795,3.9647,-175.919,-2.5229,4.1126,-177.270,0.0327,-0.1506,0.1542,-1.351,-2.4577,2.8505,-1.396,-0.0959,1.2601,-175.874,2.008,2.4736,217.850,0.8452,0.0420,0.0381,0.9068,2.0517,2.1044,nan,2.3785,2.4503,0.0970,0.8239,0.8000,-0.0428,-0.2314,1.2238,39.6910,0.0800,-2.2618,0.1745
52.850,214.219,-2.5869,3.9496,-167.906,-2.6282,4.0933,-169.548,0.0102,-0.1491,0.1495,-1.642,-2.4610,2.8524,-1.701,-0.2040,1.2354,-167.847,1.949,2.6758,217.968,0.8440,0.0507,0.0407,0.8026,2.0082,2.1044,nan,2.4212,2.4068,0.0953,0.7918,0.8000,-0.0605,-0.1078,1.2238,39.6910,0.0800,-2.2618,0.1672
52.900,214.331,-2.6938,3.9182,-158.914,-2.6282,4.0933,-169.548,-0.1242,-0.1397,0.1870,-10.634,-2.4610,2.8524,-1.701,-0.2040,1.2354,-167.847,1.949,2.6758,218.100,0.7465,0.1773,0.0407,0.2293,1.9743,2.0706,nan,2.5131,2.5617,0.1015,0.7240,0.8000,-0.0688,-0.0675,1.0535,39.7910,0.0800,0.2920,0.1672
52.950,214.331,-2.6938,3.9182,-158.914,-2.7362,4.0447,-160.827,-0.0060,-0.1333,0.1334,-1.913,-2.4550,2.8421,-1.375,-0.3099,1.1955,-159.451,2.034,2.7926,218.100,0.8416,0.0159,0.0575,3.6204,2.0964,2.4065,nan,2.6144,2.6340,0.1043,0.6968,0.8000,-0.0729,-0.1261,1.0199,39.9909,0.0800,0.2858,0.1672
53.000,214.444,-2.7961,3.8697,-150.100,-2.8621,3.9588,-151.070,0.0128,-0.1101,0.1109,-0.970,-2.4384,2.8285,-1.098,-0.4453,1.1219,-149.972,2.100,2.5838,218.231,0.8704,0.0204,0.0556,2.7191,2.1456,2.3508,nan,2.7171,2.7384,0.1085,0.6414,0.8000,-0.0591,-0.0982,0.8579,40.0909,0.0800,3.7652,0.1672
53.050,214.565,-2.8964,3.8024,-141.919,-2.9532,3.8749,-142.167,0.0000,-0.0921,0.0921,-0.249,-2.4137,2.8308,-0.494,-0.5485,1.0394,-141.674,2.203,2.5194,218.370,0.8712,0.0241,0.0510,2.1136,2.2262,2.4512,nan,2.8159,2.9525,0.1169,0.5365,0.8000,-0.0506,-0.0490,0.7448,40.1909,0.0800,1.3058,0.1672
53.100,214.692,-2.9914,3.7167,-133.617,-3.0363,3.7688,-133.943,-0.0067,-0.0684,0.0687,-0.326,-2.3874,2.8306,0.249,-0.6448,0.9410,-134.192,2.292,2.4345,218.516,0.8710,0.0335,0.0466,1.3918,2.4157,2.7200,nan,2.9431,2.9958,0.1186,0.4363,0.8558,-0.0341,-0.0436,0.6105,40.3908,0.0305,2.7601,0.1672
53.150,214.824,-3.0758,3.6158,-125.897,-3.1263,3.6331,-125.224,0.0156,-0.0510,0.0534,0.673,-2.3734,2.8346,0.565,-0.7450,0.8059,-125.789,2.424,2.1507,218.666,0.8838,0.0121,0.0423,3.4966,2.4998,2.6685,nan,3.0320,3.1480,0.1247,0.3782,0.8856,-0.0202,-0.0079,0.6729,40.4908,0.0672,4.3276,0.1672
53.200,214.957,-3.1479,3.5037,-119.351,-3.1899,3.4888,-117.541,0.0336,-0.0293,0.0446,1.810,-2.3579,2.8344,1.302,-0.8169,0.6732,-118.843,2.598,1.9658,218.817,0.8825,0.0143,0.0369,2.5774,2.5409,2.6537,nan,3.1255,3.0174,0.1195,0.3054,0.9352,-0.0124,-0.0460,0.6383,40.6908,0.0800,4.4004,0.1672
53.250,215.108,-3.2150,3.3689,-113.446,-3.2427,3.3709,-112.388,0.0091,-0.0262,0.0278,1.058,-2.3541,2.8381,0.923,-0.8799,0.5471,-113.311,2.763,1.7010,218.980,0.8787,0.0214,0.0331,1.5425,2.7906,3.0490,nan,3.3196,3.4387,0.1362,0.2439,1.0856,-0.0130,-0.0265,0.5234,40.7908,0.0690,4.2244,0.1672
53.300,215.265,-3.2709,3.2226,-108.158,-3.2896,3.2063,-107.161,0.0213,-0.0127,0.0248,0.997,-2.3425,2.8542,0.867,-0.9417,0.3664,-108.028,2.912,1.4676,219.148,0.8835,0.0238,0.0350,1.4741,2.8997,3.0144,nan,3.4207,3.4409,0.1363,0.1972,1.1963,-0.0046,-0.0629,0.4084,40.9907,0.0117,0.8441,0.1672
53.350,215.428,-3.3159,3.0655,-103.734,-3.3205,3.0441,-102.465,0.0218,0.0006,0.0218,1.269,-2.3371,2.8585,0.936,-0.9802,0.2017,-103.401,2.944,1.2046,219.314,0.8769,0.0255,0.0326,1.2772,2.9394,3.0144,nan,3.6287,3.7554,0.1487,0.1484,1.2497,-0.0113,-0.0274,0.3520,41.0907,0.0733,0.8441,0.1672
53.400,215.428,-3.3159,3.0655,-103.734,-3.3205,3.0441,-102.465,0.0218,0.0006,0.0218,1.269,-2.3371,2.8585,0.936,-0.9802,0.2017,-103.401,2.944,1.2046,219.314,0.8769,0.0255,0.0326,1.2772,2.9169,2.9499,nan,3.7306,3.8230,0.1514,0.1124,1.2587,-0.0090,-0.0415,0.2350,41.2906,0.0800,5.8905,0.1672
53.450,215.597,-3.3509,2.9001,-100.074,-3.3445,2.8974,-99.041,0.0016,0.0068,0.0070,1.033,-2.3367,2.8702,0.808,-1.0073,0.0414,-99.850,3.172,1.0255,219.496,0.8690,0.0161,0.0138,0.8551,3.1121,3.2409,nan,4.0189,4.0453,0.1602,0.0868,1.2845,-0.0173,-0.0290,0.1867,41.3906,0.0800,3.1084,0.1672
53.500,215.778,-3.3778,2.7210,-96.929,-3.3671,2.7186,-96.166,0.0011,0.0109,0.0110,0.763,-2.3378,2.8812,0.711,-1.0312,-0.1498,-96.877,3.298,0.8199,219.685,0.8660,0.0193,0.0145,0.7518,3.3359,3.4773,nan,4.2009,4.2821,0.1696,0.0575,1.3360,-0.0264,-0.0362,0.1500,41.5906,0.0800,5.6324,0.1672
53.550,215.971,-3.3976,2.5294,-94.975,-3.3805,2.5212,-93.535,0.0067,0.0178,0.0190,1.440,-2.3385,2.8908,0.777,-1.0469,-0.3554,-94.312,3.554,0.5155,219.892,0.8620,0.0232,0.0113,0.4881,3.5742,3.7211,nan,4.2822,4.3476,0.1722,0.0447,1.2825,-0.0429,-0.0645,0.1270,41.7905,0.0361,5.6762,0.1672
53.600,216.173,-3.4125,2.3276,-93.441,-3.3916,2.3126,-92.564,0.0137,0.0217,0.0257,0.877,-2.3389,2.9002,0.785,-1.0607,-0.5731,-93.349,3.784,0.3888,220.108,0.8614,0.0262,0.0111,0.4235,3.7966,3.9295,nan,3.9194,4.0683,0.1611,0.0057,1.3196,-0.0569,-0.0759,0.0811,41.9905,-0.0800,5.6737,0.1672
53.650,216.392,-3.4235,2.1088,-92.326,-3.4014,2.0839,-91.397,0.0239,0.0231,0.0333,0.928,-2.3431,2.9022,0.801,-1.0696,-0.8034,-92.198,4.009,0.2960,220.341,0.8598,0.0156,0.0096,0.6135,4.0323,4.1782,nan,3.6957,3.5616,0.1411,-0.0248,1.2230,-0.0783,-0.0716,-0.0306,42.1904,-0.0800,3.2956,0.1672
53.700,216.617,-3.4309,1.8845,-91.468,-3.4055,1.8514,-90.565,0.0324,0.0263,0.0417,0.903,-2.3448,2.9159,0.818,-1.0758,-1.0493,-91.383,4.120,0.1187,220.572,0.8599,0.0182,0.0125,0.6861,4.1176,4.1735,nan,3.4886,3.6249,0.1436,-0.0896,1.1608,-0.0918,-0.0557,-0.1376,42.3904,0.0789,-1.7384,0.1672
53.750,216.845,-3.4363,1.6562,-91.352,-3.4029,1.6270,-89.682,0.0284,0.0341,0.0444,1.671,-2.3553,2.9343,1.407,-1.0794,-1.2812,-91.089,4.016,-0.0863,220.795,0.8584,0.0213,0.0130,0.6107,3.9811,3.9928,nan,3.2903,3.3061,0.1309,-0.1487,1.0901,-0.0952,-0.0224,-0.2366,42.5904,0.0092,-7.4537,0.1672
53.800,217.064,-3.4420,1.4369,-91.866,-3.4009,1.4172,-89.944,0.0183,0.0417,0.0456,1.922,-2.3602,2.9473,1.691,-1.0854,-1.4987,-91.635,3.730,-0.3098,220.998,0.8585,0.0227,0.0150,0.6604,3.6467,3.5615,nan,3.0752,3.1134,0.1233,-0.1946,0.9985,-0.0992,0.0084,-0.3248,42.7903,0.0221,-2.5154,0.1672
53.850,217.263,-3.4506,1.2386,-93.432,-3.4046,1.2444,-91.162,-0.0086,0.0456,0.0464,2.271,-2.3602,2.9473,1.691,-1.0942,-1.6713,-92.853,3.613,-0.6201,221.190,0.8571,0.0234,0.0177,0.7557,3.5411,3.5615,nan,2.9658,2.9561,0.1171,-0.2843,0.9696,-0.0902,0.0710,-0.4075,42.9903,-0.0056,-2.5154,0.1672
53.900,217.458,-3.4658,1.0441,-95.998,-3.4086,1.2473,-91.260,-0.2081,0.0357,0.2111,4.738,-2.3612,2.9484,1.593,-1.0942,-1.6713,-92.853,3.613,-0.6201,221.373,0.8550,0.0802,0.0184,0.2289,3.4442,3.4738,nan,2.7721,2.6869,0.1064,-0.3315,0.9431,-0.0971,0.0484,-0.4318,43.0902,-0.0493,-5.8336,0.1672
53.950,217.458,-3.4658,1.0441,-95.998,-3.4309,1.0830,-94.115,-0.0424,0.0306,0.0523,1.883,-2.3602,2.9638,1.275,-1.1123,-1.8565,-95.390,3.375,-0.8909,221.373,0.8597,0.0145,0.0226,1.5593,3.3074,3.3243,nan,2.6970,2.6657,0.1056,-0.3186,0.9056,-0.1175,0.0639,-0.4656,43.2902,-0.0181,-5.7203,0.1672
54.000,217.640,-3.4892,0.8635,-99.177,-3.4549,0.9040,-97.401,-0.0455,0.0274,0.0531,1.776,-2.3645,2.9596,1.396,-1.1402,-2.0283,-98.797,3.137,-1.0399,221.544,0.8639,0.0163,0.0176,1.0824,3.1275,3.1193,nan,2.5303,2.4836,0.0984,-0.3692,0.8564,-0.1178,0.0440,-0.5271,43.3902,-0.0270,-7.8784,0.1672
54.050,217.799,-3.5192,0.7069,-103.338,-3.4884,0.7352,-101.044,-0.0346,0.0235,0.0418,2.294,-2.3696,2.9564,1.526,-1.1775,-2.1906,-102.570,2.806,-1.4160,221.689,0.8713,0.0200,0.0177,0.8839,2.7770,2.5548,nan,2.5303,2.6336,0.1043,-0.2702,0.8000,-0.1315,0.0052,-0.5883,43.4902,0.0800,-4.1571,0.1672
54.100,217.952,-3.5597,0.5598,-107.720,-3.5216,0.6375,-106.183,-0.0856,0.0127,0.0865,1.538,-2.3736,2.9669,1.683,-1.2158,-2.2947,-107.865,2.658,-1.3630,221.837,0.8688,0.0334,0.0013,0.0388,2.6638,2.6568,nan,2.4169,2.5152,0.0996,-0.3291,0.8000,-0.1342,0.0086,-0.6931,43.5901,0.0569,-5.4028,0.1672
54.150,218.095,-3.6083,0.4256,-112.366,-3.5760,0.4852,-110.001,-0.0673,0.0072,0.0677,2.365,-2.3859,2.9568,1.876,-1.2704,-2.4314,-111.876,2.495,-1.1792,221.975,0.8748,0.0088,0.0296,3.3629,2.5826,2.6005,nan,2.3354,2.4301,0.0962,-0.5044,0.8000,-0.1284,0.0837,-0.6071,43.7902,0.0548,2.2457,0.1672
54.200,218.234,-3.6649,0.2988,-115.743,-3.6327,0.3477,-114.053,-0.0580,0.0078,0.0585,1.690,-2.3922,2.9535,2.094,-1.3349,-2.5588,-116.147,2.529,-1.1403,222.116,0.8827,0.0105,0.0180,1.7090,2.4795,2.5133,nan,2.2571,2.2767,0.0902,-0.6750,0.8000,-0.1113,0.1011,-0.5622,43.8901,0.0800,-2.2050,0.1672
54.250,218.371,-3.7285,0.1773,-119.764,-3.6966,0.2253,-117.557,-0.0575,0.0039,0.0576,2.207,-2.3861,2.9537,1.973,-1.4037,-2.6817,-119.530,2.464,-1.3388,222.252,0.8879,0.0124,0.0210,1.6991,2.3270,2.3616,nan,2.2571,2.2742,0.0901,-0.7474,0.8000,-0.1030,0.0945,-0.8555,43.9900,0.0800,-3.2038,0.1672
54.300,218.505,-3.7998,0.0637,-125.186,-3.7641,0.1164,-122.400,-0.0636,-0.0012,0.0636,2.786,-2.3753,2.9424,1.641,-1.4692,-2.7851,-124.041,2.336,-1.8933,222.385,0.8822,0.0266,0.0161,0.6060,2.2885,2.3938,nan,2.1778,2.2258,0.0881,-0.7805,0.8000,-0.0877,0.2006,-1.0296,44.1900,0.0278,-4.3662,0.1672
54.350,218.631,-3.8777,-0.0352,-131.644,-3.8445,0.0044,-128.686,-0.0516,-0.0015,0.0516,2.958,-2.4071,2.9484,2.325,-1.5557,-2.8833,-131.011,2.188,-2.1045,222.511,0.8908,0.0577,0.0093,0.1620,2.2407,2.3428,nan,2.0916,2.2048,0.0873,-0.8103,0.8000,-0.0909,0.1404,-1.0930,44.2900,0.0655,-2.3655,0.1672
54.400,218.751,-3.9629,-0.1205,-138.527,-3.9382,-0.0851,-136.093,-0.0419,-0.0101,0.0431,2.434,-2.4071,2.9484,2.325,-1.6529,-2.9690,-138.418,2.123,-2.1835,222.635,0.9029,0.2540,0.1976,0.7779,2.2141,2.3428,nan,2.0827,2.2001,0.0871,-0.8276,0.8000,-0.0561,0.1614,-1.1909,44.3900,0.0679,-2.3655,0.1672
54.450,218.751,-3.9629,-0.1205,-138.527,-3.9416,-0.0944,-136.141,-0.0332,-0.0055,0.0337,2.386,-2.4080,2.9380,2.278,-1.6529,-2.9690,-138.418,2.123,-2.1835,222.635,0.9029,0.0050,0.0405,8.1340,2.1344,2.2106,nan,2.1396,2.1436,0.0849,-0.8822,0.8000,-0.0398,0.1787,-1.2894,44.4900,0.0023,-2.1611,0.1672
54.500,218.866,-4.0534,-0.1914,-145.492,-4.0442,-0.1833,-143.465,-0.0121,-0.0014,0.0122,2.027,-2.4028,2.9103,2.024,-1.7497,-3.0337,-145.489,2.063,-2.2485,222.754,0.9092,0.0163,0.0202,1.2432,2.0590,2.1498,nan,2.2999,2.4192,0.0958,-0.9216,0.8000,-0.0013,0.3106,-1.3194,44.6898,0.0691,-1.8317,0.1672
54.550,218.979,-4.1496,-0.2492,-152.534,-4.1437,-0.2463,-150.170,-0.0066,0.0002,0.0066,2.364,-2.4203,2.9132,2.354,-1.8517,-3.0861,-152.523,2.027,-2.2198,222.872,0.9153,0.0311,0.0202,0.6488,2.0225,2.1601,nan,2.3634,2.4208,0.0959,-0.9241,0.8000,0.0281,0.3412,-1.1545,44.7898,0.0332,-1.7127,0.1672
54.600,219.091,-4.2527,-0.2950,-159.310,-4.2414,-0.2946,-157.279,-0.0108,0.0036,0.0113,2.032,-2.4102,2.9166,2.464,-1.9675,-3.1294,-159.742,2.024,-2.0736,222.990,0.9281,0.0588,0.0147,0.2493,1.9682,2.0884,nan,2.4649,2.5535,0.1011,-0.9020,0.8000,0.0519,0.2528,-1.1545,44.7898,0.0800,1.7120,0.1672
54.650,219.208,-4.3639,-0.3298,-166.183,-4.3542,-0.3398,-164.169,-0.0070,0.0120,0.0139,2.014,-2.3724,2.8764,1.694,-2.0761,-3.1561,-165.863,2.130,-2.1346,223.121,0.9258,0.0068,0.0444,6.5286,2.0992,2.3831,nan,2.5637,2.6748,0.1059,-0.9078,0.8000,0.1035,0.3459,-1.0540,44.9898,0.0800,0.9718,0.1672
54.700,219.327,-4.4814,-0.3517,-172.664,-4.5022,-0.3798,-171.242,0.0242,0.0252,0.0350,1.422,-2.3726,2.8597,1.654,-2.2222,-3.1767,-172.896,2.219,-1.9906,223.251,0.9545,0.0107,0.0340,3.1810,2.1509,2.3630,nan,2.6557,2.7912,0.1105,-0.8705,0.8000,0.1522,0.3506,-0.8733,45.0898,0.0785,1.7026,0.1672
54.750,219.436,-4.5899,-0.3606,-178.076,-4.6133,-0.3898,-176.953,0.0243,0.0284,0.0374,1.123,-2.3486,2.8412,1.303,-2.3376,-3.1787,-178.256,2.317,-1.9303,223.369,0.9616,0.0088,0.0340,3.8521,2.2119,2.4211,nan,2.7507,2.8461,0.1127,-0.8290,0.8000,0.1913,0.3373,-0.7942,45.1898,0.0552,2.1066,0.1672
54.800,219.567,-4.7208,-0.3583,175.861,-4.7465,-0.3926,177.113,0.0231,0.0360,0.0428,1.252,-2.3456,2.8345,1.324,-2.4748,-3.1708,175.789,2.440,-1.8975,223.512,0.9682,0.0166,0.0376,2.2604,2.3349,2.5869,nan,2.7952,2.8339,0.1122,-0.7529,0.8077,0.2400,0.3121,-0.7431,45.2897,0.0224,2.2808,0.1672
54.850,219.708,-4.8602,-0.3410,169.845,-4.8747,-0.3782,171.030,0.0077,0.0391,0.0399,1.185,-2.3142,2.8197,1.159,-2.6247,-3.1454,169.871,2.568,-1.8227,223.664,0.9792,0.0298,0.0351,1.1774,2.4934,2.7578,nan,2.7716,2.6672,0.1056,-0.6681,0.8626,0.2745,0.2906,-0.6666,45.3897,-0.0605,1.7688,0.1695
54.900,219.854,-5.0032,-0.3082,164.191,-5.0110,-0.3457,165.352,-0.0027,0.0382,0.0383,1.161,-2.3061,2.8260,1.488,-2.7863,-3.1004,163.864,2.665,-1.6906,223.819,0.9987,0.0535,0.0445,0.8309,2.5503,2.7109,nan,2.8339,2.8019,0.1110,-0.6408,0.8946,0.3114,0.2834,-0.6729,45.4897,-0.0185,0.5749,0.1695
54.952,220.005,-5.1460,-0.2608,158.963,-5.1539,-0.2940,160.164,-0.0046,0.0338,0.0341,1.201,-2.3061,2.8260,1.488,-2.9278,-3.0450,158.677,2.691,-1.5600,223.973,0.9981,0.0108,0.0372,3.4569,2.5755,2.7109,nan,2.9093,2.9732,0.1177,-0.6292,0.9035,0.3384,0.2755,-0.7588,45.5897,0.0800,0.5749,0.1695
55.000,220.005,-5.1460,-0.2608,158.963,-5.1504,-0.2889,159.865,-0.0060,0.0278,0.0285,0.902,-2.2863,2.8161,1.188,-2.9278,-3.0450,158.677,2.691,-1.5600,223.973,0.9981,0.0108,0.0291,2.6986,2.5843,2.7032,nan,2.9892,2.9043,0.1150,-0.6252,0.9066,0.3670,0.2885,-0.7744,45.6897,0.0800,-2.3666,0.1695
55.050,220.153,-5.2822,-0.2019,154.151,-5.2771,-0.2347,155.382,-0.0188,0.0273,0.0332,1.231,-2.2837,2.8218,1.322,-3.0631,-2.9866,154.060,2.649,-1.5010,224.122,0.9971,0.0165,0.0290,1.7587,2.6025,2.7248,nan,3.0754,3.0411,0.1204,-0.6171,0.9448,0.4011,0.2935,-0.6980,45.7896,0.0800,2.9043,0.1695
55.100,220.303,-5.4142,-0.1313,149.371,-5.4041,-0.1639,150.320,-0.0253,0.0229,0.0341,0.949,-2.2526,2.7988,0.830,-3.1941,-2.9167,149.490,2.773,-1.4985,224.280,0.9961,0.0255,0.0237,0.9274,2.7388,2.9309,nan,3.1718,3.2492,0.1287,-0.5608,1.0275,0.4386,0.2667,-0.6271,45.8896,0.0448,0.2476,0.1695
55.150,220.456,-5.5428,-0.0481,144.730,-5.5358,-0.0744,145.155,-0.0209,0.0174,0.0272,0.425,-2.2274,2.7766,0.604,-3.3382,-2.8160,144.551,2.802,-1.4586,224.437,1.0131,0.0391,0.0330,0.8428,2.7089,2.7932,nan,3.2757,3.4121,0.1351,-0.5725,1.0427,0.4664,0.2550,-0.5734,45.9896,0.0800,1.6717,0.1695
55.200,220.618,-5.6715,0.0508,139.961,-5.6574,0.0316,140.028,-0.0232,0.0057,0.0239,0.067,-2.2026,2.7585,0.057,-3.4575,-2.7235,139.971,2.896,-1.4766,224.606,1.0031,0.0154,0.0089,0.5771,2.8144,2.9796,nan,3.3797,3.4893,0.1382,-0.5326,1.1172,0.4911,0.2318,-0.5108,46.0896,0.0634,3.1622,0.1695
55.250,220.782,-5.7926,0.1608,135.266,-5.7821,0.1538,135.040,-0.0124,-0.0024,0.0127,-0.227,-2.1908,2.7442,-0.111,-3.5863,-2.5973,135.151,3.044,-1.4900,224.780,1.0124,0.0221,0.0143,0.6488,2.9189,3.0779,nan,3.4790,3.4954,0.1384,-0.4969,1.2647,0.5227,0.2410,-0.3429,46.2895,0.0095,3.1035,0.1695
55.300,220.973,-5.9223,0.3007,130.123,-5.9040,0.2986,130.016,-0.0134,-0.0127,0.0184,-0.108,-2.1871,2.7415,-0.182,-3.7092,-2.4546,130.197,3.196,-1.4465,224.982,1.0059,0.0343,0.0218,0.6351,3.1470,3.3999,nan,3.7408,3.7530,0.1486,-0.4300,1.3999,0.5570,0.1997,-0.2951,46.3895,0.0071,2.2007,0.1695
55.350,221.679,-5.2314,0.1548,96.395,-6.0179,0.4401,127.407,0.3711,0.7499,0.8367,31.012,-2.2638,2.8494,1.856,-3.8302,-2.2864,125.551,0.355,-0.2892,225.169,1.8613,0.0138,0.5877,42.6306,0.2275,3.3984,nan,3.3797,1.1303,0.0448,-0.4157,0.8000,0.4213,-0.2758,-0.2827,46.4895,0.0800,5.7126,0.1695
55.400,221.707,-5.2339,0.1825,95.144,-5.9515,0.6761,97.292,0.5560,0.6704,0.8710,2.148,-2.2638,2.8494,1.856,-3.7561,-2.0527,95.435,0.646,-0.4494,225.355,1.8472,0.0185,0.7043,38.1491,0.4508,3.3984,nan,3.5720,1.3380,0.0530,-0.4977,0.8000,0.3873,-0.2264,-0.2823,46.5894,0.0800,5.7126,0.1695
55.450,221.707,-5.2339,0.1825,95.144,-5.8906,0.6942,87.950,0.5685,0.6082,0.8325,-7.194,-1.8991,2.2401,-7.486,-3.7561,-2.0527,95.435,0.646,-0.4494,225.355,1.8472,0.0170,0.4563,26.8830,0.6706,3.2118,nan,3.7408,1.5362,0.0608,-0.0202,0.8000,0.2504,-0.3991,-0.2822,46.6894,0.0800,5.1927,0.1695
55.500,221.751,-5.2370,0.2267,93.374,-5.7527,0.8914,77.630,0.6939,0.4757,0.8413,-15.743,-1.6105,1.6611,-16.105,-3.7661,-1.8885,93.736,0.933,-0.6890,225.548,1.8980,0.0147,0.3587,24.3223,0.8878,3.5335,nan,3.8849,1.7066,0.0676,0.6403,0.8000,0.0051,-0.5482,-0.2846,46.8894,0.0800,5.9747,0.1695
55.550,221.811,-5.2389,0.2863,90.667,-5.6111,1.1451,71.857,0.8630,0.3622,0.9360,-18.810,-1.4948,1.4771,-19.324,-3.7746,-1.6755,91.182,1.213,-0.8393,225.617,1.9699,0.0133,0.3203,24.1714,1.1110,1.2445,nan,3.8164,1.9297,0.0764,0.8406,0.8000,-0.0708,-0.6637,-0.2846,46.8894,0.0800,5.8451,0.1695
55.600,221.887,-5.2384,0.3626,89.724,-5.6236,1.0860,68.730,0.7216,0.3887,0.8196,-20.994,-1.4948,1.4771,-19.324,-3.7668,-1.7353,88.055,1.475,0.0070,225.698,1.9043,0.0161,0.3309,20.5012,1.3421,1.5061,nan,3.9644,2.1609,0.0856,0.8026,0.8000,-0.1240,-0.5916,-0.2846,46.8894,0.0800,6.0457,0.1695
55.650,221.975,-5.2383,0.4510,91.140,-5.5921,1.1777,70.422,0.7336,0.3393,0.8082,-20.718,-1.4948,1.4771,-19.324,-3.7675,-1.6384,89.746,1.649,0.8880,225.791,1.9085,0.0219,0.3108,14.1766,1.5264,1.6899,nan,4.0482,2.3128,0.0916,0.7222,0.8000,-0.1687,-0.4540,-0.2919,46.9893,0.0800,4.1106,0.1695
55.700,222.070,-5.2427,0.5453,95.332,-5.5330,1.2929,74.399,0.7713,0.2195,0.8020,-20.933,-1.4632,1.4717,-19.600,-3.7740,-1.5336,93.998,1.761,1.7386,225.893,1.9147,0.0293,0.2798,9.5661,1.6505,1.8228,nan,4.1392,2.5193,0.0998,0.6369,0.8000,-0.2310,-0.2605,-0.2456,47.1893,0.0800,2.2260,0.1695
55.750,222.169,-5.2568,0.6435,102.099,-5.4891,1.4377,82.202,0.8253,0.0607,0.8275,-19.897,-1.4387,1.5698,-18.723,-3.7937,-1.4253,100.925,1.848,2.2652,226.009,1.9240,0.0455,0.2422,5.3244,1.8162,2.0664,nan,4.3215,2.7361,0.1084,0.4342,0.8610,-0.2739,-0.0724,-0.1850,47.2893,0.0800,4.3493,0.1695
55.800,222.277,-5.2855,0.7474,109.402,-5.4910,1.6105,92.268,0.8823,-0.0929,0.8872,-17.134,-1.4431,1.7358,-17.001,-3.8344,-1.3034,109.268,2.001,2.1496,226.135,1.9424,0.0618,0.1928,3.1180,2.0307,2.2908,nan,4.4942,3.0049,0.1190,0.1815,1.0148,-0.2688,0.0814,-0.0988,47.4892,0.0800,4.9971,0.1695
55.850,222.396,-5.3317,0.8578,116.461,-5.4926,1.7860,100.429,0.9026,-0.2696,0.9420,-16.032,-1.4242,1.8538,-15.850,-3.8951,-1.1764,116.279,2.196,1.9745,226.275,1.9626,0.0810,0.1624,2.0040,2.2625,2.5008,nan,4.5774,3.2325,0.1280,-0.0196,1.1384,-0.2416,0.1997,-0.0879,47.5892,0.0800,5.3732,0.1695
55.900,222.396,-5.3317,0.8578,116.461,-5.4926,1.7860,100.429,0.9026,-0.2696,0.9420,-16.032,-1.4242,1.8538,-15.850,-3.8951,-1.1764,116.279,2.196,1.9745,226.275,1.9626,0.0810,0.1624,2.0040,2.3673,2.5008,nan,4.8155,3.3290,0.1318,-0.1532,1.2094,-0.2299,0.3223,-0.0426,47.7892,0.0800,5.3732,0.1695
55.951,222.525,-5.3940,0.9701,121.647,-5.5496,1.9588,108.574,0.9233,-0.3863,1.0009,-13.073,-1.4337,1.9537,-14.693,-3.9826,-1.0390,123.267,2.453,1.4914,226.420,1.9961,0.0300,0.1538,5.1212,2.3790,2.4265,nan,4.8914,3.3369,0.1322,-0.2331,1.2108,-0.1816,0.3646,-0.0177,47.8891,0.0800,5.8958,0.1695
56.000,222.674,-5.4763,1.0950,124.579,-5.5946,2.0732,111.450,0.8725,-0.4578,0.9853,-13.129,-1.4337,1.9537,-14.693,-4.0551,-0.9398,126.143,2.772,0.6364,226.585,1.9763,0.0395,0.1484,3.7582,2.6805,3.1336,nan,5.0386,3.6308,0.1438,-0.2368,1.3338,-0.1250,0.3262,-0.0254,48.0891,0.0800,6.7233,0.1695
56.050,222.833,-5.5675,1.2245,124.831,-5.6847,2.2928,114.196,0.9438,-0.5139,1.0747,-10.634,-1.4382,2.1444,-12.414,-4.1792,-0.7680,126.610,3.051,-0.4772,226.757,2.0241,0.0387,0.1161,3.0010,2.9357,3.0994,nan,5.1801,3.8788,0.1536,-0.2101,1.4495,-0.0728,0.2618,-0.0310,48.2891,0.0800,3.0852,0.1695
56.100,223.007,-5.6645,1.3693,121.807,-5.7662,2.4687,113.294,0.9879,-0.4930,1.1041,-8.513,-1.4503,2.3419,-10.023,-4.2721,-0.6263,123.317,3.174,-1.1783,226.940,2.0191,0.0394,0.0895,2.2695,3.1477,3.3076,nan,5.3827,4.0840,0.1617,-0.1857,1.5542,-0.0169,0.1944,-0.0428,48.4890,0.0800,4.7596,0.1695
56.150,223.188,-5.7553,1.5255,117.987,-5.8488,2.6439,110.071,1.0315,-0.4423,1.1223,-7.916,-1.4644,2.4865,-8.004,-4.3636,-0.4547,118.075,3.382,-1.1581,227.134,2.0265,0.0235,0.0620,2.6412,3.3645,3.5293,nan,5.4478,4.2941,0.1701,-0.1984,1.6595,0.0459,0.1801,-0.0498,48.6890,0.0800,5.4570,0.1695
56.200,223.381,-5.8410,1.6982,114.390,-5.9322,2.8491,108.606,1.0858,-0.3922,1.1545,-5.784,-1.4779,2.6715,-5.695,-4.4499,-0.2654,114.301,3.608,-1.0810,227.342,2.0344,0.0255,0.0450,1.7698,3.5742,3.7325,nan,5.6370,4.5117,0.1787,-0.2204,1.7022,0.1113,0.1815,-0.0599,48.8889,0.0800,5.0788,0.1695
56.250,223.589,-5.9219,1.8902,110.919,-6.0080,3.0514,106.425,1.1154,-0.3342,1.1644,-4.494,-1.4874,2.7564,-4.483,-4.5298,-0.0592,110.909,3.815,-1.1520,227.564,2.0398,0.0278,0.0394,1.4157,3.7886,3.9655,nan,5.7582,4.7365,0.1876,-0.2282,1.7849,0.1645,0.1560,-0.0699,49.0889,0.0800,4.0915,0.1695
56.300,223.808,-5.9942,2.0972,107.053,-6.0778,3.2883,104.140,1.1633,-0.2694,1.1941,-2.912,-1.4933,2.8750,-3.131,-4.6002,0.1623,107.271,4.002,-1.2822,227.798,2.0447,0.0269,0.0404,1.4980,4.0216,4.2426,nan,5.9208,4.9817,0.1973,-0.2247,1.8790,0.2112,0.1241,-0.0826,49.2888,0.0800,3.7367,0.1695
56.350,224.034,-6.0532,2.3147,102.645,-6.1358,3.5399,101.249,1.2135,-0.1876,1.2280,-1.396,-1.4926,2.9926,-1.755,-4.6578,0.4049,103.004,4.183,-1.4671,228.041,2.0550,0.0257,0.0401,1.5591,4.2094,4.4012,nan,6.0408,5.1754,0.2050,-0.1833,1.9407,0.2258,0.0635,-0.1146,49.5888,0.0800,3.8086,0.1695
56.400,224.034,-6.0532,2.3147,102.645,-6.1358,3.5399,101.249,1.2135,-0.1876,1.2280,-1.396,-1.4926,2.9926,-1.755,-4.6578,0.4049,103.004,4.183,-1.4671,228.041,2.0550,0.0257,0.0401,1.5591,4.2868,4.4012,nan,5.9910,5.1864,0.2054,-0.1865,1.9660,0.2613,0.0446,-0.1177,49.7887,0.0800,3.8086,0.1695
56.450,224.278,-6.0977,2.5547,97.684,-6.1771,3.8027,96.448,1.2474,-0.0882,1.2505,-1.236,-1.4949,3.0332,-1.144,-4.6966,0.6758,97.592,4.376,-1.5484,228.305,2.0647,0.0222,0.0474,2.1382,4.3217,4.4169,nan,5.8271,5.1076,0.2023,-0.1693,1.9714,0.2692,-0.0021,-0.1142,49.9887,0.0800,3.8845,0.1695
56.500,224.524,-6.1216,2.7995,92.742,-6.1902,4.0161,92.030,1.2184,0.0104,1.2185,-0.712,-1.4995,3.0261,-0.990,-4.7072,0.9088,93.020,4.555,-1.5428,228.571,2.0473,0.0187,0.0544,2.9057,4.5787,5.0698,nan,5.6281,4.9450,0.1958,-0.1504,2.0500,0.2637,-0.0473,-0.1128,50.2886,0.0800,3.5377,0.1695
56.550,224.780,-6.1254,3.0560,88.443,-6.1858,4.3091,87.760,1.2510,0.0944,1.2546,-0.683,-1.4902,3.0749,-0.199,-4.6998,1.2179,87.958,4.752,-1.2729,228.847,2.0633,0.0131,0.0711,5.4136,4.8166,5.0987,nan,5.4468,5.2020,0.2060,-0.1599,2.0734,0.2603,-0.0431,-0.1462,50.5885,0.0800,2.0157,0.1695
56.600,225.054,-6.1093,3.3290,84.353,-6.1668,4.5569,84.893,1.2162,0.1781,1.2292,0.541,-1.4803,3.0966,0.534,-4.6727,1.5039,84.359,4.832,-1.1520,229.130,2.0603,0.0111,0.0874,7.8800,4.9287,5.0644,nan,5.3263,5.3230,0.2108,-0.1607,2.0463,0.2483,-0.0613,-0.1630,50.6885,0.0800,-0.4190,0.1695
56.650,225.314,-6.0768,3.5874,80.854,-6.1250,4.8115,80.552,1.2009,0.2422,1.2251,-0.302,-1.4983,3.0223,0.124,-4.6228,1.7993,80.427,4.827,-1.1727,229.393,2.0645,0.0213,0.0950,4.4569,4.5939,4.4536,nan,5.2663,4.9614,0.1965,-0.1389,1.9707,0.2228,-0.0853,-0.1854,50.8885,0.0800,1.9999,0.1695
56.700,225.582,-6.0266,3.8509,77.038,-6.0692,4.9426,76.759,1.0543,0.2864,1.0925,-0.279,-1.5143,2.9055,-0.647,-4.5777,1.9855,77.406,4.924,-1.2270,229.673,2.0295,0.0150,0.0958,6.3851,4.8535,5.4477,nan,5.0895,5.2418,0.2076,-0.1094,1.9888,0.1534,-0.1167,-0.2001,51.1884,0.0800,2.2694,0.1695
56.750,225.856,-5.9574,4.1158,73.147,-5.9684,5.2154,72.345,1.0492,0.3293,1.0997,-0.802,-1.5188,2.8285,-0.683,-4.4777,2.3338,73.028,5.013,-1.1201,229.958,2.0459,0.0099,0.1112,11.2360,4.9023,4.9963,nan,4.9714,5.0240,0.1990,-0.0865,1.9284,0.0975,-0.1476,-0.2046,51.2884,0.0248,-2.3939,0.1695
56.800,226.134,-5.8699,4.3793,69.739,-5.8746,5.3737,68.369,0.9312,0.3487,0.9944,-1.370,-1.5434,2.7124,-1.225,-4.3871,2.5681,69.594,4.933,-0.8892,230.232,2.0278,0.0093,0.1090,11.7834,4.9073,4.9731,nan,4.9102,4.9124,0.1946,-0.0636,1.8911,0.0315,-0.1510,-0.2148,51.4883,0.0010,2.0127,0.1695
56.850,226.407,-5.7699,4.6341,67.104,-5.7515,5.5571,64.412,0.8575,0.3421,0.9232,-2.692,-1.6010,2.5544,-2.579,-4.2814,2.8130,66.991,5.003,-0.7143,230.514,2.0178,0.0109,0.1048,9.6029,5.0712,5.2267,nan,4.7108,4.8260,0.1911,-0.0652,1.7684,-0.0021,-0.1383,-0.2263,51.6883,0.0585,-1.1885,0.1695
56.900,226.691,-5.6552,4.8933,64.968,-5.6043,5.8378,62.149,0.8773,0.3535,0.9458,-2.819,-1.6010,2.5544,-2.579,-4.1470,3.0999,64.728,4.945,-0.5204,230.795,2.0157,0.0123,0.1208,9.8135,5.1352,5.2267,nan,4.5569,4.5036,0.1784,-0.0477,1.7684,-0.0902,-0.1256,-0.2414,51.9882,-0.0267,-1.1885,0.1712
56.950,226.691,-5.6552,4.8933,64.968,-5.5748,5.7577,59.910,0.8173,0.2930,0.8682,-5.058,-1.7029,2.3205,-4.818,-4.1470,3.0999,64.728,4.945,-0.5204,230.795,2.0157,0.0123,0.0930,7.5552,4.8941,4.8549,nan,4.4127,4.4467,0.1761,-0.0135,1.7855,-0.1963,-0.1496,-0.2447,52.0882,0.0180,-1.6234,0.1712
57.000,226.961,-5.5380,5.1364,63.448,-5.4189,5.8991,56.647,0.7355,0.2344,0.7719,-6.801,-1.7960,2.1372,-6.722,-4.0383,3.3120,63.368,4.853,-0.3847,231.059,2.0066,0.0057,0.0799,14.0379,4.8829,4.9315,nan,4.3394,4.3478,0.1722,0.0072,1.7855,-0.2965,-0.1409,-0.2508,52.2882,0.0045,-5.6280,0.1712
57.050,227.221,-5.4197,5.3680,62.371,-5.2495,6.0742,54.570,0.7046,0.1767,0.7264,-7.801,-1.8499,2.0270,-7.648,-3.9081,3.5587,62.218,4.627,-0.1698,231.304,2.0043,0.0022,0.0893,40.2161,4.5277,4.3949,nan,4.2637,4.2372,0.1678,0.0152,1.6552,-0.3622,-0.1028,-0.2494,52.4881,0.0800,-3.4029,0.1712
57.100,227.471,-5.3029,5.5894,62.066,-5.1415,6.1629,52.898,0.5823,0.1261,0.5958,-9.168,-1.9662,1.8666,-8.918,-3.8030,3.7521,61.816,4.488,-0.0146,231.546,1.9997,0.0004,0.0941,225.9529,4.2810,4.2505,nan,4.1867,4.0215,0.1593,0.0442,1.6170,-0.4126,-0.0878,-0.2657,52.5881,0.0800,-2.9453,0.1712
57.150,227.719,-5.1869,5.8082,62.230,-5.0197,6.2701,52.547,0.4866,0.0673,0.4912,-9.683,-2.0275,1.7587,-9.472,-3.6938,3.9575,62.019,4.363,0.0885,231.785,1.9987,0.0022,0.1013,46.5804,4.2083,4.2323,nan,4.0489,3.9747,0.1574,0.0346,1.5895,-0.4540,-0.0580,-0.2836,52.6881,0.0800,-2.6991,0.1712
57.200,227.960,-5.0750,6.0217,62.569,-4.9197,6.3670,53.469,0.3780,0.0212,0.3786,-9.100,-2.0228,1.7026,-9.026,-3.5928,4.1522,62.495,4.243,0.2045,232.019,1.9985,0.0095,0.0677,7.1025,4.3712,4.4717,nan,3.8918,3.9482,0.1564,-0.0596,1.6510,-0.4742,0.0247,-0.2987,52.8880,0.0326,-4.3135,0.1712
57.250,228.160,-4.9838,6.1994,63.340,-4.8144,6.4870,54.811,0.3330,-0.0223,0.3338,-8.529,-1.9994,1.6649,-8.345,-3.4851,4.3624,63.156,4.095,0.2588,232.209,2.0009,0.0119,0.0665,5.5779,3.9935,3.8143,nan,3.9832,3.7561,0.1488,-0.0553,1.5084,-0.4798,0.0842,-0.3103,52.9880,0.0800,-2.7322,0.1712
57.300,228.385,-4.8835,6.4018,64.030,-4.7565,6.5722,57.064,0.2088,-0.0395,0.2125,-6.966,-1.9346,1.6650,-7.094,-3.4063,4.5211,64.158,3.982,0.0843,232.429,1.9973,0.0068,0.0511,7.5731,3.9498,3.9763,nan,3.7913,3.7420,0.1482,-0.1446,1.4919,-0.4559,0.1348,-0.3206,53.0880,0.0800,-1.6515,0.1712
57.350,228.602,-4.7873,6.5963,63.044,-4.6739,6.7149,58.293,0.1571,-0.0474,0.1641,-4.751,-1.8802,1.6656,-6.006,-3.3067,4.7293,64.300,3.904,-0.3405,232.641,2.0011,0.0037,0.0369,9.8416,3.8031,3.8130,nan,3.7032,3.6612,0.1450,-0.1628,1.4365,-0.4393,0.1704,-0.3612,53.2879,0.0800,-3.0763,0.1712
57.400,228.817,-4.6884,6.7871,61.985,-4.5978,6.8605,57.979,0.1073,-0.0455,0.1166,-4.006,-1.7372,1.7414,-3.970,-3.2082,4.9087,61.950,3.784,-0.4239,232.849,1.9959,0.0001,0.0259,280.4828,3.6935,3.7117,nan,3.3951,3.3740,0.1336,-0.2086,1.3951,-0.4089,0.2146,-0.3114,53.4879,0.0800,-2.0075,0.1712
57.450,229.023,-4.5887,6.9670,59.482,-4.4842,7.0340,56.618,0.1108,-0.0560,0.1241,-2.864,-1.7372,1.7414,-3.970,-3.1068,5.0896,60.589,3.700,-0.9093,233.052,1.9949,0.0226,0.0347,1.5324,3.6715,3.7117,nan,3.2173,3.3376,0.1322,-0.2981,1.3867,-0.3483,0.2644,-0.3435,53.5879,0.0696,-2.0075,0.1712
57.500,229.023,-4.5887,6.9670,59.482,-4.5143,7.0157,57.690,0.0797,-0.0394,0.0889,-1.792,-1.6688,1.7755,-2.898,-3.1068,5.0896,60.589,3.700,-0.9093,233.052,1.9949,0.0226,0.0261,1.1515,3.5169,3.5273,nan,3.1901,3.2681,0.1294,-0.3008,1.3284,-0.3142,0.2639,-0.4569,53.7878,0.0451,-2.2364,0.1712
57.550,229.228,-4.4807,7.1410,56.491,-4.4305,7.1584,54.940,0.0422,-0.0323,0.0531,-1.550,-1.5810,1.8313,-1.673,-3.0038,5.2416,56.613,3.606,-0.9891,233.253,1.9884,0.0201,0.0321,1.5950,3.5755,3.6611,nan,3.2849,3.1541,0.1249,-0.3353,1.3505,-0.2545,0.2806,-0.4953,53.8878,0.0800,-5.6763,0.1712
57.600,229.422,-4.3685,7.2998,52.077,-4.3234,7.3147,52.321,0.0395,-0.0264,0.0475,0.244,-1.5484,1.8537,-1.142,-2.8833,5.4046,53.463,3.365,-1.5848,233.438,1.9832,0.0233,0.0130,0.5577,3.4595,3.4684,nan,3.3588,3.2525,0.1288,-0.3336,1.3067,-0.2264,0.2344,-0.1203,0.0000,0.0800,-4.1123,0.1712
57.650,229.603,-4.2520,7.4381,47.172,-4.2112,7.4510,46.518,0.0372,-0.0211,0.0428,-0.654,-1.4850,1.8949,-0.242,-2.7497,5.5446,46.760,3.225,-1.5779,233.614,1.9692,0.0247,0.0232,0.9404,3.1605,3.0379,nan,3.4457,3.4805,0.1378,-0.3344,1.1937,-0.1987,0.2175,-0.6333,0.1000,0.0800,-3.7322,0.1712
57.700,229.780,-4.1265,7.5626,41.880,-4.1152,7.5440,42.693,-0.0040,-0.0214,0.0218,0.814,-1.4275,1.9282,0.446,-2.6439,5.6366,42.247,3.116,-1.6351,233.789,1.9705,0.0262,0.0292,1.1140,3.1468,3.2143,nan,3.5633,3.5191,0.1394,-0.3538,1.2578,-0.1562,0.2374,-0.4895,0.2999,-0.0256,-0.0229,0.1712
57.750,229.952,-3.9939,7.6719,36.716,-3.9831,7.6623,37.913,0.0029,-0.0142,0.0145,1.197,-1.3687,1.9592,1.124,-2.5020,5.7533,36.789,3.143,-1.6507,233.966,1.9659,0.0361,0.0311,0.8627,3.1608,3.2506,nan,3.5332,3.4648,0.1372,-0.3654,1.2634,-0.1218,0.2097,-0.4188,0.3999,-0.0396,2.4008,0.1712
57.800,230.105,-3.8676,7.7592,32.121,-3.8352,7.7582,32.886,0.0269,-0.0181,0.0324,0.765,-1.3776,1.9578,0.966,-2.3594,5.8410,31.920,3.242,-1.6917,234.129,1.9519,0.0385,0.0304,0.7909,3.1448,3.2167,nan,3.6181,3.7078,0.1468,-0.3736,1.2570,-0.0848,0.2055,-0.3758,0.5999,0.0519,1.0601,0.1712
57.850,230.292,-3.7051,7.8510,26.232,-3.6742,7.8549,27.583,0.0295,-0.0102,0.0312,1.351,-1.3961,1.9553,0.641,-2.2119,5.9247,26.942,3.298,-1.8559,234.323,1.9611,0.0387,0.0226,0.5844,3.3739,3.6490,nan,3.8186,3.6939,0.1463,-0.3537,1.3486,-0.0436,0.1705,-0.5163,0.7998,0.0800,-0.5752,0.1712
57.900,230.473,-3.5388,7.9235,20.285,-3.4682,7.9366,20.714,0.0707,-0.0122,0.0718,0.429,-1.4262,1.9444,0.398,-2.0003,6.0062,20.316,3.314,-1.9346,234.510,1.9260,0.0404,0.0123,0.3054,3.3190,3.3636,nan,3.8649,3.8956,0.1543,-0.3153,1.4147,-0.0312,0.1478,-0.3625,0.9998,0.0178,1.8713,0.1712
57.950,230.659,-3.3620,7.9792,14.080,-3.3058,7.9753,14.383,0.0536,-0.0174,0.0563,0.303,-1.4487,1.9366,0.218,-1.8341,6.0458,14.165,3.419,-1.9176,234.709,1.9273,0.0419,0.0228,0.5433,3.4282,3.5996,nan,3.9738,4.0893,0.1620,-0.2930,1.4613,-0.0189,0.1328,-0.3774,1.1997,0.0669,1.1198,0.1712
58.000,230.848,-3.1761,8.0165,8.102,-3.0913,8.0093,8.219,0.0829,-0.0191,0.0851,0.117,-1.4419,1.9392,0.254,-1.6224,6.0773,7.965,3.486,-1.7713,234.907,1.9020,0.0419,0.0158,0.3769,3.4667,3.5773,nan,4.0806,4.1169,0.1630,-0.2763,1.4982,0.0020,0.1199,-0.3653,1.3997,0.0800,3.1628,0.1712
58.051,231.051,-2.9742,8.0359,2.400,-2.8892,8.0183,2.604,0.0841,-0.0211,0.0868,0.204,-1.4419,1.9392,0.254,-1.4203,6.0855,2.350,3.626,-1.6900,235.124,1.8963,0.0778,0.0548,0.7045,3.4836,3.5773,nan,4.1769,4.1844,0.1657,-0.2565,1.5303,0.0140,0.0977,-0.3334,1.5996,0.0800,3.1628,0.1712
58.100,231.051,-2.9742,8.0359,2.400,-2.8706,8.0148,2.014,0.1026,-0.0254,0.1057,-0.386,-1.4859,1.9211,-0.336,-1.4203,6.0855,2.350,3.626,-1.6900,235.124,1.8963,0.0382,0.0245,0.6413,3.6449,3.8244,nan,4.3228,4.3099,0.1707,-0.2340,1.6069,0.0232,0.0755,-0.3287,1.7996,0.0800,3.4237,0.1712
58.150,231.259,-2.7665,8.0357,-2.997,-2.6255,8.0071,-3.012,0.1423,-0.0212,0.1439,-0.015,-1.4384,1.9305,-0.075,-1.1951,6.0751,-2.937,3.786,-1.5442,235.347,1.8761,0.0372,0.0187,0.5030,3.8532,4.0615,nan,4.4164,4.5339,0.1796,-0.2389,1.7167,0.0469,0.0741,-0.3097,1.9995,0.0800,3.2433,0.1712
58.200,231.471,-2.5552,8.0165,-7.826,-2.3903,7.9788,-8.205,0.1685,-0.0149,0.1692,-0.379,-1.4566,1.9334,-0.189,-0.9536,6.0422,-8.016,3.921,-1.4731,235.572,1.8430,0.0376,0.0147,0.3895,3.8799,3.9684,nan,4.5075,4.5748,0.1812,-0.2272,1.7447,0.0549,0.0726,-0.2931,2.1995,0.0800,3.1835,0.1712
58.250,231.691,-2.3389,7.9788,-12.416,-2.1684,7.9264,-13.198,0.1778,-0.0145,0.1784,-0.781,-1.5019,1.9211,-0.776,-0.7478,5.9957,-12.422,4.054,-1.5016,235.804,1.8479,0.0393,0.0183,0.4655,4.0699,4.2625,nan,4.5973,4.7318,0.1874,-0.2109,1.8444,0.0624,0.0432,-0.2793,2.3995,0.0704,3.2888,0.1712
58.300,231.922,-2.1146,7.9204,-17.330,-1.9396,7.8542,-17.898,0.1868,-0.0110,0.1871,-0.568,-1.5072,1.9252,-0.703,-0.5051,5.9233,-17.195,4.211,-1.5000,236.051,1.8251,0.0337,0.0218,0.6476,4.2677,4.4751,nan,4.7599,4.8686,0.1928,-0.1875,1.9549,0.0640,0.0477,-0.2603,2.6994,0.0545,2.1869,0.1712
58.350,232.165,-1.8855,7.8392,-22.217,-1.7099,7.7567,-23.183,0.1938,-0.0100,0.1940,-0.966,-1.5512,1.9288,-0.986,-0.2589,5.8243,-22.197,4.320,-1.4348,236.306,1.8016,0.0376,0.0231,0.6159,4.3761,4.5086,nan,4.8101,4.8761,0.1931,-0.1642,2.0056,0.0575,0.0168,-0.2503,2.8993,0.0323,2.7004,0.1712
58.400,232.411,-1.6617,7.7383,-26.815,-1.4676,7.6286,-28.490,0.2227,-0.0103,0.2230,-1.675,-1.5843,1.9297,-1.321,-0.0147,5.7001,-27.169,4.441,-1.3519,236.565,1.7726,0.0400,0.0330,0.8265,4.2926,4.3114,nan,4.8643,4.9937,0.1978,-0.1519,1.9673,0.0500,0.0077,-0.2442,3.0993,0.0800,3.2542,0.1712
58.450,232.664,-1.4399,7.6170,-30.981,-1.2804,7.5163,-32.172,0.1886,-0.0042,0.1886,-1.191,-1.5697,1.9359,-1.209,0.1715,5.5853,-30.964,4.575,-1.1822,236.831,1.8071,0.0407,0.0336,0.8262,4.5645,4.9833,nan,4.9345,5.0144,0.1986,-0.1403,2.0919,0.0510,-0.0018,-0.2539,3.2992,0.0383,1.6880,0.1712
58.500,232.908,-1.2339,7.4854,-34.542,-1.0497,7.3477,-35.562,0.2298,-0.0089,0.2300,-1.019,-1.5634,1.9377,-1.019,0.4174,5.4183,-34.543,4.649,-1.1272,237.083,1.7554,0.0396,0.0370,0.9350,4.6823,4.8080,nan,5.1081,5.2614,0.2084,-0.1465,2.1572,0.0630,0.0220,-0.2422,3.5992,0.0723,2.2896,0.1712
58.550,233.162,-1.0287,7.3360,-37.965,-0.8482,7.1832,-39.174,0.2363,-0.0094,0.2365,-1.209,-1.5634,1.9377,-1.019,0.6218,5.2574,-38.155,4.743,-1.0530,237.347,1.7509,0.0594,0.0651,1.0961,4.7208,4.8080,nan,5.2193,5.3742,0.2128,-0.1371,2.1749,0.0563,0.0163,-0.2244,3.7991,0.0716,2.2896,0.1712
58.600,233.162,-1.0287,7.3360,-37.965,-0.8659,7.2034,-39.645,0.2100,-0.0044,0.2100,-1.680,-1.6241,1.9639,-1.490,0.6218,5.2574,-38.155,4.743,-1.0530,237.347,1.7509,0.0339,0.0330,0.9722,4.6773,4.7225,nan,5.3385,5.4545,0.2160,-0.1262,2.1549,0.0536,0.0205,-0.1929,4.0991,0.0800,1.4838,0.1712
58.650,233.430,-0.8220,7.1660,-41.304,-0.7022,7.0569,-41.678,0.1620,-0.0028,0.1620,-0.373,-1.5512,1.9727,-0.424,0.8114,5.0903,-41.254,4.821,-1.0374,237.624,1.7674,0.0344,0.0300,0.8731,4.8787,5.0814,nan,5.2834,5.2580,0.2082,-0.1346,2.1779,0.0714,0.0228,-0.1616,4.2990,-0.0110,4.1982,0.1712
58.700,233.705,-0.6197,6.9789,-44.650,-0.4855,6.8525,-45.984,0.1843,0.0044,0.1843,-1.334,-1.6331,1.9966,-1.290,1.0379,4.8805,-44.693,5.005,-1.0050,237.917,1.7357,0.0344,0.0326,0.9456,5.0090,5.1506,nan,5.1567,5.1042,0.2021,-0.1172,2.1779,0.0598,-0.0003,-0.1221,4.5989,-0.0800,3.2397,0.1712
58.750,233.984,-0.4258,6.7781,-47.776,-0.3272,6.6689,-49.409,0.1471,-0.0004,0.1471,-1.633,-1.6880,2.0355,-1.636,1.2280,4.6703,-47.773,5.125,-1.0397,238.209,1.7350,0.0335,0.0387,1.1551,5.1925,5.3953,nan,5.0963,5.0231,0.1989,-0.1022,2.1779,0.0442,-0.0258,-0.1716,4.7989,-0.0326,-0.6141,0.1712
58.800,234.271,-0.2389,6.5612,-51.187,-0.1644,6.4468,-52.934,0.1358,-0.0136,0.1365,-1.747,-1.7312,2.0693,-1.800,1.4285,4.4246,-51.134,5.103,-0.9615,238.497,1.7102,0.0309,0.0402,1.3021,5.1033,5.1313,nan,5.0953,4.8313,0.1913,-0.0846,2.1779,0.0173,-0.0377,-0.1980,4.9989,0.0800,-1.6440,0.1712
58.850,234.554,-0.0662,6.3362,-54.133,-0.0262,6.2346,-56.500,0.1058,-0.0271,0.1092,-2.368,-1.7706,2.1047,-2.068,1.5943,4.1902,-54.432,5.032,-0.8172,238.778,1.7124,0.0276,0.0634,2.2951,4.8490,4.7935,nan,5.1811,5.2369,0.2074,-0.0745,2.1779,-0.0004,-0.0317,-0.2253,5.1988,0.0800,-1.6401,0.1712
58.901,234.844,0.0987,6.0982,-56.732,0.0966,6.0359,-58.058,0.0509,-0.0359,0.0623,-1.326,-1.7229,2.0911,-1.359,1.7254,3.9869,-56.698,4.950,-0.6719,239.064,1.7578,0.0203,0.0582,2.8703,5.0438,5.2315,nan,5.3503,5.4474,0.2157,-0.0840,2.1779,-0.0025,-0.0024,-0.2503,5.3988,0.0800,-2.8856,0.1712
58.950,235.103,0.2375,5.8796,-58.695,0.2652,5.7492,-61.351,0.1258,-0.0441,0.1333,-2.656,-1.7818,2.1196,-2.436,1.8908,3.7134,-58.915,4.841,-0.6076,239.316,1.7105,0.0150,0.0537,3.5846,4.6615,4.4586,nan,5.4803,5.4421,0.2155,-0.0840,2.2454,0.0028,0.0307,-0.1743,5.6987,0.0800,2.2304,0.1723
59.000,235.383,0.3795,5.6384,-60.548,0.3539,5.5705,-63.033,0.0465,-0.0557,0.0725,-2.485,-1.7818,2.1196,-2.436,1.9870,3.5386,-60.597,4.964,-0.6046,239.608,1.7801,0.0223,0.0850,3.8049,4.4712,4.4586,nan,5.5438,5.3561,0.2121,-0.0691,2.1824,-0.0029,0.0173,-0.1336,5.8987,0.0800,2.2304,0.1723
59.050,235.635,0.5005,5.4171,-62.409,0.5138,5.2619,-64.643,0.1438,-0.0601,0.1558,-2.233,-1.7540,2.0924,-2.364,2.1351,3.2603,-62.278,5.108,-0.6635,239.873,1.7315,0.0204,0.0607,2.9784,4.7352,5.3510,nan,5.8054,5.7696,0.2285,-0.0789,2.3074,0.0172,0.0156,-0.0335,6.1986,0.0800,3.5804,0.1723
59.100,235.635,0.5005,5.4171,-62.409,0.5138,5.2744,-64.605,0.1326,-0.0543,0.1433,-2.196,-1.7520,2.1034,-2.327,2.1351,3.2603,-62.278,5.108,-0.6635,239.873,1.7315,0.0204,0.0586,2.8747,5.0013,5.3404,nan,5.8776,6.0431,0.2393,-0.0731,2.3074,0.0171,-0.0066,-0.0964,6.4985,0.0800,2.0880,0.1723
59.151,235.908,0.6234,5.1730,-64.428,0.6284,5.0249,-67.120,0.1358,-0.0594,0.1482,-2.692,-1.7678,2.1377,-2.584,2.2637,2.9922,-64.536,5.189,-0.5893,240.155,1.7165,0.0167,0.0639,3.8371,4.9951,5.0524,nan,5.9389,5.9069,0.2339,-0.0695,2.3074,0.0145,-0.0130,-0.1175,6.6985,0.0800,0.2030,0.1723
59.200,236.220,0.7538,4.8897,-66.359,0.7337,4.7711,-68.656,0.1006,-0.0660,0.1203,-2.297,-1.7463,2.1228,-2.331,2.3703,2.7469,-66.326,5.248,-0.6047,240.476,1.7538,0.0074,0.0627,8.4868,5.2696,5.7095,nan,6.0862,6.0032,0.2377,-0.0749,2.3074,0.0207,0.0097,-0.1542,7.0984,0.0800,5.8384,0.1723
59.250,236.517,0.8689,4.6164,-68.280,0.8518,4.4319,-70.954,0.1651,-0.0841,0.1853,-2.674,-1.7604,2.1287,-2.703,2.5008,2.4239,-68.251,5.501,-0.5985,240.797,1.7196,0.0054,0.0572,10.5129,5.5285,5.9152,nan,6.2119,6.2692,0.2483,-0.0687,2.3485,0.0156,0.0216,-0.1345,7.3983,0.0800,2.4340,0.1723
59.300,236.811,0.9742,4.3413,-70.117,0.9556,4.1412,-72.684,0.1819,-0.0856,0.2010,-2.567,-1.7482,2.1410,-2.588,2.6107,2.1202,-70.096,5.605,-0.6411,241.103,1.7043,0.0051,0.0509,9.9060,5.6433,5.7850,nan,6.3438,6.5337,0.2588,-0.0655,2.3867,0.0287,0.0251,-0.1085,7.6983,0.0800,2.2715,0.1723
59.350,237.117,1.0739,4.0525,-72.133,1.0564,3.8069,-74.522,0.2284,-0.0920,0.2462,-2.389,-1.7252,2.1116,-2.244,2.7132,1.8029,-72.278,5.709,-0.6298,241.421,1.6911,0.0150,0.0593,3.9443,5.4643,5.4549,nan,6.4328,6.3740,0.2524,-0.0655,2.4058,0.0408,0.0228,-0.0958,7.8982,0.0800,3.6250,0.1723
59.400,237.441,1.1689,3.7421,-74.128,1.1310,3.5413,-76.091,0.1828,-0.0914,0.2044,-1.963,-1.7079,2.0977,-2.037,2.7858,1.5436,-74.054,5.873,-0.6127,241.764,1.7311,0.0084,0.0574,6.8177,5.7312,6.4285,nan,6.5961,6.7067,0.2656,-0.0675,2.4355,0.0605,0.0284,-0.0726,8.2981,0.0800,4.3791,0.1723
59.451,237.734,1.2455,3.4599,-75.830,1.2202,3.1498,-78.284,0.2945,-0.1005,0.3112,-2.454,-1.7081,2.1118,-2.227,2.8857,1.1510,-76.057,6.043,-0.6137,242.076,1.6693,0.0075,0.0555,7.4142,5.6485,5.6869,nan,6.7058,6.6296,0.2626,-0.0621,2.4355,0.0646,0.0118,-0.0640,8.4981,0.0800,1.2059,0.1723
59.500,238.092,1.3279,3.1112,-77.940,1.2768,2.8793,-79.565,0.2161,-0.0984,0.2375,-1.625,-1.6917,2.0835,-1.829,2.9416,0.8902,-77.736,6.109,-0.6440,242.445,1.7254,0.0087,0.0564,6.4433,5.8772,6.8137,nan,6.8476,6.8276,0.2704,-0.0612,2.4355,0.0769,0.0096,-0.0740,8.8980,0.0800,3.6503,0.1723
59.550,238.420,1.3920,2.7893,-79.900,1.3397,2.4805,-81.156,0.2949,-0.1056,0.3132,-1.256,-1.6874,2.0709,-1.269,3.0173,0.4765,-79.887,6.258,-0.6048,242.792,1.6821,0.0142,0.0634,4.4473,6.1334,6.6048,nan,6.9863,7.0745,0.2802,-0.0539,2.4414,0.0752,0.0098,-0.0726,9.2979,0.0800,1.5929,0.1723
59.600,238.773,1.4490,2.4413,-81.827,1.3840,2.1109,-83.186,0.3178,-0.1113,0.3367,-1.359,-1.6874,2.0709,-1.269,3.0698,0.1080,-81.917,6.333,-0.6028,243.156,1.6797,0.0254,0.0739,2.9158,6.3252,6.6048,nan,7.0899,7.2777,0.2882,-0.0538,2.4488,0.0868,0.0106,-0.0679,9.5978,0.0800,1.5929,0.1723
59.650,238.773,1.4490,2.4413,-81.827,1.3887,2.1468,-82.307,0.2829,-0.1016,0.3006,-0.480,-1.6818,2.0598,-0.390,3.0698,0.1080,-81.917,6.333,-0.6028,243.156,1.6797,0.0254,0.0669,2.6408,6.2452,6.2926,nan,7.1589,7.1903,0.2848,-0.0560,2.4531,0.0989,0.0107,-0.0652,9.7978,0.0800,2.4346,0.1723
59.700,239.111,1.4927,2.1055,-83.660,1.4418,1.8316,-82.698,0.2666,-0.0808,0.2786,0.963,-1.6656,1.9910,1.015,3.1041,-0.2144,-83.713,6.435,-0.6063,243.510,1.6929,0.0250,0.0547,2.1845,6.3339,6.4864,nan,7.2952,7.2919,0.2888,-0.0650,2.4671,0.1366,0.0297,-0.0563,10.1977,0.0800,1.4390,0.1723
59.750,239.496,1.5300,1.7223,-85.534,1.4818,1.4897,-84.791,0.2282,-0.0661,0.2376,0.743,-1.6601,2.0318,0.821,3.1338,-0.5871,-85.612,6.606,-0.5695,243.917,1.7034,0.0225,0.0479,2.1346,6.5968,7.2914,nan,7.4619,7.5812,0.3002,-0.0594,2.4806,0.1496,0.0189,-0.0479,10.5976,0.0800,3.0947,0.1723
59.800,239.864,1.5539,1.3556,-87.358,1.5046,1.0354,-87.749,0.3176,-0.0640,0.3240,-0.391,-1.6469,2.1060,-0.326,3.1575,-1.0527,-87.423,6.743,-0.6297,244.304,1.6738,0.0219,0.0646,2.9460,6.5905,6.6862,nan,7.5270,7.5766,0.3001,-0.0332,2.4901,0.1304,-0.0183,-0.0420,10.8975,0.0800,2.5526,0.1723
59.850,240.286,1.5661,0.9334,-89.778,1.4986,0.6645,-92.256,0.2687,-0.0686,0.2773,-2.477,-1.5971,2.2346,-2.710,3.1664,-1.4220,-89.546,6.876,-0.6564,244.747,1.6923,0.0137,0.0838,6.1176,6.8357,7.3708,nan,7.6543,7.8388,0.3104,0.0130,2.5013,0.0693,-0.0824,-0.0351,11.2974,0.0800,3.6391,0.1723
59.900,240.662,1.5624,0.5574,-91.719,1.4734,0.2302,-93.913,0.3298,-0.0792,0.3391,-2.194,-1.6085,2.2084,-2.071,3.1514,-1.8656,-91.842,7.036,-0.4811,245.146,1.6839,0.0088,0.0928,10.5958,7.0003,7.2846,nan,7.8086,8.0149,0.3174,0.0151,2.5083,0.0575,-0.0782,-0.0309,11.5974,0.0800,2.4759,0.1723
59.950,241.060,1.5469,0.1603,-92.888,1.4571,-0.1179,-94.969,0.2824,-0.0757,0.2924,-2.081,-1.6087,2.2483,-1.674,3.1336,-2.2756,-93.295,7.148,-0.2216,245.562,1.6827,0.0146,0.0951,6.5097,7.1026,7.3032,nan,7.8981,8.1195,0.3216,0.0114,2.5188,0.0481,-0.0592,-0.0245,11.9973,0.0800,3.0376,0.1723
60.000,241.472,1.5264,-0.2514,-92.542,1.4311,-0.4781,-95.119,0.2307,-0.0852,0.2459,-2.577,-1.6045,2.2767,-1.538,3.1084,-2.6724,-93.581,7.304,0.1549,245.997,1.6912,0.0115,0.1018,8.8258,7.3504,8.0186,nan,7.9850,8.1545,0.3229,0.0091,2.5251,0.0309,-0.0437,-0.0207,12.2972,0.0506,3.0027,0.1723
60.050,241.863,1.5100,-0.6425,-92.021,1.4041,-0.9497,-93.598,0.3108,-0.0950,0.3250,-1.577,-1.6045,2.2767,-1.538,3.0941,-3.1445,-92.060,7.452,0.1685,246.412,1.6694,0.0118,0.0949,8.0653,7.5077,7.8156,nan,8.0000,8.0668,0.3195,-0.0129,2.5349,0.0537,-0.0012,-0.0149,12.6971,0.0195,3.0027,0.1723
60.100,241.863,1.5100,-0.6425,-92.021,1.4194,-0.8923,-93.093,0.2528,-0.0818,0.2657,-1.072,-1.6175,2.3075,-1.033,3.0941,-3.1445,-92.060,7.452,0.1685,246.412,1.6694,0.0118,0.0788,6.6951,7.5092,7.6325,nan,8.0000,8.0709,0.3196,-0.0262,2.5407,0.0769,0.0215,-0.0114,12.9971,0.0208,2.2513,0.1723
60.150,242.300,1.4957,-1.0792,-91.588,1.4133,-1.2412,-92.460,0.1642,-0.0779,0.1818,-0.871,-1.6052,2.3822,-1.004,3.0816,-3.5700,-91.455,7.600,0.1166,246.872,1.6702,0.0173,0.0914,5.2751,7.6382,7.9110,nan,8.0000,8.2492,0.3267,-0.0285,2.5359,0.0953,0.0262,-0.0063,13.3970,0.0800,2.1721,0.1723
60.200,242.752,1.4841,-1.5307,-91.308,1.4004,-1.6466,-91.963,0.1177,-0.0810,0.1429,-0.655,-1.6149,2.4562,-0.778,3.0708,-4.0615,-91.185,7.695,-0.1879,247.342,1.6608,0.0253,0.0826,3.2702,7.6528,7.7925,nan,8.0000,8.2639,0.3273,-0.0181,2.5357,0.0995,0.0052,-0.0043,13.6969,0.0799,0.7285,0.1723
60.250,243.192,1.4713,-1.9702,-92.299,1.4032,-1.9325,-92.188,-0.0349,-0.0695,0.0778,0.111,-1.6331,2.5546,-0.303,3.0600,-4.4710,-91.885,7.735,-0.3286,247.794,1.6652,0.0274,0.0775,2.8242,7.8737,8.4313,nan,8.0000,8.0960,0.3206,-0.0072,2.5357,0.1027,-0.0165,0.0030,14.0968,0.0282,1.7568,0.1723
60.300,243.612,1.4517,-2.3897,-93.332,1.3865,-2.3573,-93.344,-0.0285,-0.0669,0.0728,-0.011,-1.6429,2.6078,-0.017,3.0309,-4.9642,-93.326,7.812,-0.2748,248.231,1.6598,0.0202,0.0752,3.7147,7.8848,8.0306,nan,8.0000,8.0875,0.3203,-0.0039,2.5357,0.1057,-0.0224,0.0039,14.2968,0.0257,1.1597,0.1723
60.350,244.051,1.4241,-2.8279,-94.037,1.3786,-2.7651,-93.889,-0.0594,-0.0498,0.0776,0.148,-1.6501,2.6052,0.319,2.9987,-5.3871,-94.209,7.860,-0.1473,248.684,1.6671,0.0160,0.0578,3.6171,7.9408,8.1335,nan,8.0000,8.0450,0.3186,-0.0092,2.5000,0.1244,-0.0180,0.0054,14.6967,0.0131,-0.3622,0.1723
60.400,244.428,1.3970,-3.2038,-94.289,1.3575,-3.1614,-93.748,-0.0393,-0.0425,0.0579,0.541,-1.6801,2.5933,0.705,2.9666,-5.7917,-94.453,7.844,-0.0750,249.065,1.6670,0.0176,0.0465,2.6429,7.7596,7.7650,nan,8.0000,8.1827,0.3241,-0.0160,2.4443,0.1312,-0.0132,0.0096,15.0966,0.0545,-0.3781,0.1723
60.450,244.866,1.3636,-3.6413,-94.458,1.3505,-3.5354,-92.726,-0.1045,-0.0213,0.1067,1.731,-1.7776,2.5706,1.801,2.9346,-6.2013,-94.527,7.823,-0.0802,249.509,1.6705,0.0182,0.0367,2.0205,7.8297,8.0318,nan,7.6546,7.5215,0.2979,-0.0311,2.4168,0.1553,-0.0014,0.0113,15.4965,-0.0394,-0.4786,0.1723
60.500,245.296,1.3293,-4.0696,-94.797,1.3192,-3.9817,-94.208,-0.0867,-0.0174,0.0885,0.588,-1.6368,2.6615,0.510,2.8968,-6.6692,-94.718,7.805,-0.1558,249.945,1.6671,0.0189,0.0291,1.5457,7.6736,7.6941,nan,7.3736,7.1456,0.2830,-0.0139,2.3669,0.1283,-0.0382,0.0123,15.7964,-0.0688,0.6060,0.1723
60.550,245.734,1.2910,-4.5059,-95.426,1.2945,-4.3677,-94.177,-0.1379,-0.0096,0.1383,1.249,-1.7012,2.6408,1.104,2.8601,-7.0649,-95.281,7.816,-0.2788,250.392,1.6725,0.0233,0.0249,1.0721,7.8561,8.2587,nan,6.8899,6.9414,0.2749,-0.0079,2.3056,0.0999,-0.0650,0.0135,16.2963,0.0175,-4.3268,0.1723
60.600,246.158,1.2480,-4.9278,-96.547,1.2505,-4.8635,-95.227,-0.0642,-0.0049,0.0644,1.320,-1.7012,2.6408,1.104,2.8066,-7.5598,-96.331,7.612,-0.2495,250.798,1.6710,0.0174,0.0205,1.1771,7.9765,8.2587,nan,6.5121,6.3872,0.2530,-0.0189,2.2673,0.0881,-0.0703,-0.0069,16.6962,-0.0800,-4.3268,0.1723
60.650,246.158,1.2480,-4.9278,-96.547,1.2425,-4.8876,-96.129,-0.0393,-0.0100,0.0406,0.418,-1.5907,2.6622,0.202,2.8066,-7.5598,-96.331,7.612,-0.2495,250.798,1.6710,0.0174,0.0206,1.1862,7.5612,7.1880,nan,6.2298,6.0051,0.2378,-0.0070,2.2451,0.0395,-0.0951,-0.0268,16.9961,-0.0800,-5.7756,0.1723
60.700,246.576,1.1988,-5.3432,-97.088,1.2043,-5.2168,-96.136,-0.1261,-0.0101,0.1265,0.952,-1.7208,2.6175,1.204,2.7599,-7.8940,-97.340,7.331,-0.1894,251.191,1.6819,0.0185,0.0168,0.9078,7.2382,7.0983,nan,6.0467,5.9269,0.2347,-0.0345,2.2323,0.0327,-0.0687,-0.0454,17.2961,-0.0447,-9.5005,0.1723
60.750,246.980,1.1472,-5.7439,-97.741,1.1631,-5.6204,-96.360,-0.1245,-0.0009,0.1245,1.381,-1.7369,2.5902,1.325,2.7094,-8.2754,-97.685,6.864,-0.1092,251.551,1.6846,0.0224,0.0171,0.7615,6.8446,6.5577,nan,5.7911,5.7762,0.2288,-0.0516,2.1619,0.0179,-0.0505,-0.0708,17.5960,-0.0059,-9.1999,0.1723
60.800,247.339,1.0983,-6.0993,-98.008,1.1197,-5.9442,-96.689,-0.1566,-0.0004,0.1566,1.319,-1.7507,2.5927,1.398,2.6612,-8.6043,-98.087,6.452,-0.1981,251.874,1.6895,0.0215,0.0144,0.6720,6.4026,5.8348,nan,5.6234,5.7982,0.2296,-0.0601,2.1257,0.0017,-0.0475,-0.0775,17.7960,0.0800,-6.6236,0.1723
60.850,247.692,1.0469,-6.4482,-99.051,1.0783,-6.2399,-97.632,-0.2106,-0.0017,0.2106,1.419,-1.6969,2.5994,1.010,2.6190,-8.8869,-98.642,6.158,-0.4100,252.203,1.6961,0.0252,0.0105,0.4169,6.0549,5.8870,nan,5.4662,5.4935,0.2176,-0.0521,2.0797,-0.0299,-0.0634,-0.0968,18.0959,0.0800,-5.5080,0.1723
60.900,248.024,0.9914,-6.7754,-100.589,1.0162,-6.5893,-100.110,-0.1875,-0.0099,0.1878,0.479,-1.5856,2.6157,0.271,2.5583,-9.2171,-100.380,5.928,-0.5339,252.517,1.7004,0.0128,0.0165,1.2898,5.7181,5.5721,nan,5.3108,5.2550,0.2081,-0.0475,2.0394,-0.0661,-0.0763,-0.1332,18.3958,0.0800,-2.9867,0.1723
60.950,248.352,0.9272,-7.0974,-102.328,0.9515,-6.8759,-102.224,-0.2216,-0.0235,0.2228,0.104,-1.5553,2.6238,0.072,2.4949,-9.5029,-102.296,5.790,-0.4845,252.837,1.7090,0.0145,0.0294,2.0236,5.6815,5.7386,nan,5.0816,5.2242,0.2069,-0.0635,1.9926,-0.0983,-0.0631,-0.1521,18.6958,0.0675,-4.5974,0.1731
61.000,248.665,0.8573,-7.4024,-103.784,0.8839,-7.2087,-103.667,-0.1944,-0.0203,0.1955,0.116,-1.5628,2.5980,0.169,2.4179,-9.8139,-103.836,5.593,-0.4288,253.135,1.7143,0.0141,0.0236,1.6783,5.5168,5.5175,nan,4.8372,4.8718,0.1929,-0.0904,1.9882,-0.1018,-0.0301,-0.1795,18.9957,0.0167,-5.1405,0.1731
61.050,248.971,0.7816,-7.6995,-105.114,0.8214,-7.4505,-104.382,-0.2508,-0.0265,0.2522,0.732,-1.6550,2.6159,0.774,2.3402,-10.0989,-105.156,5.374,-0.4849,253.427,1.7195,0.0152,0.0237,1.5560,5.2652,5.2199,nan,4.6666,4.7398,0.1877,-0.1181,1.9882,-0.1124,-0.0177,-0.1928,19.1957,0.0371,-3.2271,0.1731
61.100,249.263,0.7023,-7.9803,-106.751,0.7446,-7.7202,-105.923,-0.2613,-0.0345,0.2635,0.828,-1.6550,2.6159,0.774,2.2598,-10.3675,-106.697,5.230,-0.6080,253.709,1.7239,0.0047,0.0332,7.1170,5.1839,5.2199,nan,4.5134,4.5143,0.1788,-0.1508,1.9882,-0.1071,0.0088,-0.2090,19.3956,0.0005,-3.2271,0.1731
61.150,249.263,0.7023,-7.9803,-106.751,0.7446,-7.7460,-105.594,-0.2365,-0.0270,0.2381,1.157,-1.7144,2.5761,1.103,2.2598,-10.3675,-106.697,5.230,-0.6080,253.709,1.7239,0.0047,0.0237,5.0658,4.9770,4.9612,nan,4.3735,4.4702,0.1770,-0.1744,1.7821,-0.0995,0.0374,-0.2062,19.6955,0.0528,-5.6045,0.1731
