t,dist_m,true_x,true_y,true_yaw_deg,est_x,est_y,est_yaw_deg,err_along,err_cross,err_dist,err_yaw_deg,m2o_x,m2o_y,m2o_yaw_deg,o2b_x,o2b_y,o2b_yaw_deg,speed,yaw_rate,enc_dist,dr_err,fit_true,fit_est,fit_ratio,pp_v_est,pp_v_enc,pp_v_pose,pp_v_target,pp_u_cmd,pp_throttle,pp_steering,pp_ld,pp_e_lat,pp_e_head,pp_kappa,pp_s,pp_slip,pp_a_imu,pp_delay
0.000,0.000,0.8003,3.1583,-89.997,0.7969,3.1550,-90.434,0.0033,-0.0034,0.0048,-0.437,0.7969,3.1550,-0.437,0.0000,0.0000,-89.997,0.000,0.0000,0.000,0.0000,0.0094,0.0148,1.5737,nan,nan,nan,nan,nan,nan,nan,nan,nan,nan,nan,nan,nan,nan,nan
0.050,0.000,0.8003,3.1583,-89.997,0.7969,3.1550,-90.434,0.0033,-0.0034,0.0048,-0.437,0.7969,3.1550,-0.437,0.0000,0.0000,-89.997,0.000,0.0000,0.000,0.0000,0.0094,0.0148,1.5737,nan,nan,nan,nan,nan,nan,nan,nan,nan,nan,nan,nan,nan,nan,nan
0.100,0.000,0.8003,3.1583,-89.997,0.7969,3.1550,-90.434,0.0033,-0.0034,0.0048,-0.437,0.7969,3.1550,-0.437,0.0000,0.0000,-89.997,0.000,0.0000,0.000,0.0000,0.0094,0.0148,1.5737,nan,nan,nan,nan,nan,nan,nan,nan,nan,nan,nan,nan,nan,nan,nan
0.150,0.000,0.8003,3.1583,-89.997,0.7969,3.1550,-90.434,0.0033,-0.0034,0.0048,-0.437,0.7969,3.1550,-0.437,0.0000,0.0000,-89.997,0.000,0.0000,0.000,0.0000,0.0094,0.0148,1.5737,nan,nan,nan,nan,nan,nan,nan,nan,nan,nan,nan,nan,nan,nan,nan
0.200,0.000,0.8003,3.1583,-89.997,0.7969,3.1550,-90.434,0.0033,-0.0034,0.0048,-0.437,0.7969,3.1550,-0.437,0.0000,0.0000,-89.997,0.000,0.0000,0.000,0.0000,0.0094,0.0148,1.5737,nan,nan,nan,nan,nan,nan,nan,nan,nan,nan,nan,nan,nan,nan,nan
0.250,0.000,0.8003,3.1583,-89.997,0.7969,3.1550,-90.434,0.0033,-0.0034,0.0048,-0.437,0.7969,3.1550,-0.437,0.0000,0.0000,-89.997,0.000,0.0000,0.000,0.0000,0.0094,0.0148,1.5789,nan,nan,nan,nan,nan,nan,nan,nan,nan,nan,nan,nan,nan,nan,nan
0.300,0.000,0.8003,3.1583,-89.997,0.7969,3.1550,-90.434,0.0033,-0.0034,0.0048,-0.437,0.7969,3.1550,-0.437,0.0000,0.0000,-89.997,0.000,0.0000,0.000,0.0000,0.0094,0.0148,1.5737,nan,nan,nan,nan,nan,nan,nan,nan,nan,nan,nan,nan,nan,nan,nan
0.350,0.000,0.8003,3.1583,-89.997,0.7969,3.1550,-90.434,0.0033,-0.0034,0.0048,-0.437,0.7969,3.1550,-0.437,0.0000,0.0000,-89.997,0.000,0.0000,0.000,0.0000,0.0094,0.0148,1.5737,nan,nan,nan,nan,nan,nan,nan,nan,nan,nan,nan,nan,nan,nan,nan
0.400,0.000,0.8003,3.1583,-89.997,0.7969,3.1550,-90.434,0.0033,-0.0034,0.0048,-0.437,0.7969,3.1550,-0.437,0.0000,0.0000,-89.997,0.000,0.0000,0.000,0.0000,0.0094,0.0148,1.5737,nan,nan,nan,nan,nan,nan,nan,nan,nan,nan,nan,nan,nan,nan,nan
0.450,0.000,0.8003,3.1583,-89.997,0.7979,3.1553,-90.487,0.0030,-0.0024,0.0038,-0.490,0.7979,3.1553,-0.490,0.0000,0.0000,-89.997,0.000,0.0000,0.000,0.0000,0.0094,0.0148,1.5789,nan,nan,nan,nan,nan,nan,nan,nan,nan,nan,nan,nan,nan,nan,nan
0.500,0.000,0.8003,3.1583,-89.997,0.7979,3.1553,-90.487,0.0030,-0.0024,0.0038,-0.490,0.7979,3.1553,-0.490,0.0000,0.0000,-89.997,0.000,0.0000,0.000,0.0000,0.0094,0.0148,1.5789,nan,nan,nan,nan,nan,nan,nan,nan,nan,nan,nan,nan,nan,nan,nan
0.550,0.000,0.8003,3.1583,-89.997,0.7979,3.1553,-90.487,0.0030,-0.0024,0.0038,-0.490,0.7979,3.1553,-0.490,0.0000,0.0000,-89.997,0.000,0.0000,0.000,0.0000,0.0094,0.0148,1.5789,nan,nan,nan,nan,nan,nan,nan,nan,nan,nan,nan,nan,nan,nan,nan
0.600,0.000,0.8003,3.1583,-89.997,0.7979,3.1553,-90.487,0.0030,-0.0024,0.0038,-0.490,0.7979,3.1553,-0.490,0.0000,0.0000,-89.997,0.000,0.0000,0.000,0.0000,0.0094,0.0148,1.5789,nan,nan,nan,nan,nan,nan,nan,nan,nan,nan,nan,nan,nan,nan,nan
0.650,0.000,0.8003,3.1583,-89.997,0.7979,3.1553,-90.487,0.0030,-0.0024,0.0038,-0.490,0.7979,3.1553,-0.490,0.0000,0.0000,-89.997,0.000,0.0000,0.000,0.0000,0.0094,0.0148,1.5789,nan,nan,nan,nan,nan,nan,nan,nan,nan,nan,nan,nan,nan,nan,nan
0.700,0.000,0.8003,3.1583,-89.997,0.7979,3.1553,-90.487,0.0030,-0.0024,0.0038,-0.490,0.7979,3.1553,-0.490,0.0000,0.0000,-89.997,0.000,0.0000,0.000,0.0000,0.0094,0.0148,1.5789,nan,nan,nan,nan,nan,nan,nan,nan,nan,nan,nan,nan,nan,nan,nan
0.750,0.000,0.8003,3.1583,-89.997,0.7979,3.1553,-90.487,0.0030,-0.0024,0.0038,-0.490,0.7979,3.1553,-0.490,0.0000,0.0000,-89.997,0.000,0.0000,0.000,0.0000,0.0094,0.0148,1.5789,nan,nan,nan,nan,nan,nan,nan,nan,nan,nan,nan,nan,nan,nan,nan
0.800,0.000,0.8003,3.1583,-89.997,0.7979,3.1553,-90.487,0.0030,-0.0024,0.0038,-0.490,0.7979,3.1553,-0.490,0.0000,0.0000,-89.997,0.000,0.0000,0.000,0.0000,0.0094,0.0148,1.5789,nan,nan,nan,nan,nan,nan,nan,nan,nan,nan,nan,nan,nan,nan,nan
0.850,0.000,0.8003,3.1583,-89.997,0.7979,3.1553,-90.487,0.0030,-0.0024,0.0038,-0.490,0.7979,3.1553,-0.490,0.0000,0.0000,-89.997,0.000,0.0000,0.000,0.0000,0.0094,0.0148,1.5789,nan,nan,nan,nan,nan,nan,nan,nan,nan,nan,nan,nan,nan,nan,nan
0.900,0.000,0.8003,3.1583,-89.997,0.8000,3.1509,-90.587,0.0074,-0.0003,0.0074,-0.590,0.8000,3.1509,-0.590,0.0000,0.0000,-89.997,0.000,0.0000,0.000,0.0000,0.0094,0.0145,1.5396,nan,nan,nan,nan,nan,nan,nan,nan,nan,nan,nan,nan,nan,nan,nan
0.950,0.000,0.8003,3.1583,-89.997,0.8000,3.1509,-90.587,0.0074,-0.0003,0.0074,-0.590,0.8000,3.1509,-0.590,0.0000,0.0000,-89.997,0.000,0.0000,0.000,0.0000,0.0094,0.0145,1.5396,nan,nan,nan,nan,nan,nan,nan,nan,nan,nan,nan,nan,nan,nan,nan
1.000,0.000,0.8003,3.1583,-89.997,0.8000,3.1509,-90.587,0.0074,-0.0003,0.0074,-0.590,0.8000,3.1509,-0.590,0.0000,0.0000,-89.997,0.000,0.0000,0.000,0.0000,0.0094,0.0145,1.5396,nan,nan,nan,nan,nan,nan,nan,nan,nan,nan,nan,nan,nan,nan,nan
1.050,0.000,0.8003,3.1583,-89.997,0.8000,3.1509,-90.587,0.0074,-0.0003,0.0074,-0.590,0.8000,3.1509,-0.590,0.0000,0.0000,-89.997,0.000,0.0000,0.000,0.0000,0.0094,0.0145,1.5396,nan,nan,nan,nan,nan,nan,nan,nan,nan,nan,nan,nan,nan,nan,nan
1.100,0.000,0.8003,3.1583,-89.997,0.8000,3.1509,-90.587,0.0074,-0.0003,0.0074,-0.590,0.8000,3.1509,-0.590,0.0000,0.0000,-89.997,0.000,0.0000,0.000,0.0000,0.0094,0.0145,1.5396,nan,nan,nan,nan,nan,nan,nan,nan,nan,nan,nan,nan,nan,nan,nan
1.150,0.000,0.8003,3.1583,-89.997,0.8000,3.1509,-90.587,0.0074,-0.0003,0.0074,-0.590,0.8000,3.1509,-0.590,0.0000,0.0000,-89.997,0.000,0.0000,0.000,0.0000,0.0094,0.0145,1.5396,nan,nan,nan,nan,nan,nan,nan,nan,nan,nan,nan,nan,nan,nan,nan
1.200,0.000,0.8003,3.1583,-89.997,0.8000,3.1509,-90.587,0.0074,-0.0003,0.0074,-0.590,0.8000,3.1509,-0.590,0.0000,0.0000,-89.997,0.000,0.0000,0.000,0.0000,0.0094,0.0145,1.5396,nan,nan,nan,nan,nan,nan,nan,nan,nan,nan,nan,nan,nan,nan,nan
1.250,0.000,0.8003,3.1583,-89.997,0.8000,3.1509,-90.587,0.0074,-0.0003,0.0074,-0.590,0.8000,3.1509,-0.590,0.0000,0.0000,-89.997,0.000,0.0000,0.000,0.0000,0.0094,0.0145,1.5396,nan,nan,nan,nan,nan,nan,nan,nan,nan,nan,nan,nan,nan,nan,nan
1.300,0.000,0.8003,3.1583,-89.997,0.7983,3.1520,-90.557,0.0063,-0.0020,0.0066,-0.560,0.7983,3.1520,-0.560,0.0000,0.0000,-89.997,0.000,0.0000,0.000,0.0000,0.0094,0.0150,1.5996,nan,nan,nan,nan,nan,nan,nan,nan,nan,nan,nan,nan,nan,nan,nan
1.350,0.000,0.8003,3.1583,-89.997,0.7983,3.1520,-90.557,0.0063,-0.0020,0.0066,-0.560,0.7983,3.1520,-0.560,0.0000,0.0000,-89.997,0.000,0.0000,0.000,0.0000,0.0094,0.0150,1.5996,nan,nan,nan,nan,nan,nan,nan,nan,nan,nan,nan,nan,nan,nan,nan
1.400,0.000,0.8003,3.1583,-89.997,0.7983,3.1520,-90.557,0.0063,-0.0020,0.0066,-0.560,0.7983,3.1520,-0.560,0.0000,0.0000,-89.997,0.000,0.0000,0.000,0.0000,0.0094,0.0150,1.5996,nan,nan,nan,nan,nan,nan,nan,nan,nan,nan,nan,nan,nan,nan,nan
1.450,0.000,0.8003,3.1583,-89.997,0.7983,3.1520,-90.557,0.0063,-0.0020,0.0066,-0.560,0.7983,3.1520,-0.560,0.0000,0.0000,-89.997,0.000,0.0000,0.000,0.0000,0.0094,0.0150,1.5996,nan,nan,nan,nan,nan,nan,nan,nan,nan,nan,nan,nan,nan,nan,nan
1.500,0.000,0.8003,3.1583,-89.997,0.7983,3.1520,-90.557,0.0063,-0.0020,0.0066,-0.560,0.7983,3.1520,-0.560,0.0000,0.0000,-89.997,0.000,0.0000,0.000,0.0000,0.0094,0.0150,1.5996,nan,nan,nan,nan,nan,nan,nan,nan,nan,nan,nan,nan,nan,nan,nan
1.550,0.000,0.8003,3.1583,-89.997,0.7983,3.1520,-90.557,0.0063,-0.0020,0.0066,-0.560,0.7983,3.1520,-0.560,0.0000,0.0000,-89.997,0.000,0.0000,0.000,0.0000,0.0094,0.0150,1.5996,nan,nan,nan,nan,nan,nan,nan,nan,nan,nan,nan,nan,nan,nan,nan
1.600,0.000,0.8004,3.1583,-89.997,0.7983,3.1520,-90.557,0.0063,-0.0021,0.0066,-0.560,0.7983,3.1520,-0.560,0.0000,0.0000,-89.997,0.000,0.0000,0.000,0.0001,0.0094,0.0150,1.5996,nan,nan,nan,nan,nan,nan,nan,nan,nan,nan,nan,nan,nan,nan,nan
1.650,0.000,0.8004,3.1583,-89.997,0.7983,3.1520,-90.557,0.0063,-0.0021,0.0066,-0.560,0.7983,3.1520,-0.560,0.0000,0.0000,-89.997,0.000,0.0000,0.000,0.0001,0.0094,0.0150,1.5996,nan,nan,nan,nan,nan,nan,nan,nan,nan,nan,nan,nan,nan,nan,nan
1.700,0.000,0.8004,3.1583,-89.997,0.7964,3.1522,-90.550,0.0061,-0.0040,0.0073,-0.554,0.7964,3.1522,-0.554,0.0000,0.0000,-89.997,0.000,0.0000,0.000,0.0001,0.0094,0.0159,1.6929,nan,nan,nan,nan,nan,nan,nan,nan,nan,nan,nan,nan,nan,nan,nan
1.750,0.000,0.8004,3.1583,-89.997,0.7964,3.1522,-90.550,0.0061,-0.0040,0.0073,-0.554,0.7964,3.1522,-0.554,0.0000,0.0000,-89.997,0.000,0.0000,0.000,0.0001,0.0094,0.0159,1.6929,nan,nan,nan,nan,nan,nan,nan,nan,nan,nan,nan,nan,nan,nan,nan
1.800,0.000,0.8004,3.1583,-89.997,0.7964,3.1522,-90.550,0.0061,-0.0040,0.0073,-0.554,0.7964,3.1522,-0.554,0.0000,0.0000,-89.997,0.000,0.0000,0.000,0.0001,0.0094,0.0159,1.6929,nan,nan,nan,nan,nan,nan,nan,nan,nan,nan,nan,nan,nan,nan,nan
1.850,0.000,0.8004,3.1583,-89.997,0.7964,3.1522,-90.550,0.0061,-0.0040,0.0073,-0.554,0.7964,3.1522,-0.554,0.0000,0.0000,-89.997,0.000,0.0000,0.000,0.0001,0.0094,0.0159,1.6929,nan,nan,nan,nan,nan,nan,nan,nan,nan,nan,nan,nan,nan,nan,nan
1.900,0.000,0.8004,3.1583,-89.997,0.7964,3.1522,-90.550,0.0061,-0.0040,0.0073,-0.554,0.7964,3.1522,-0.554,0.0000,0.0000,-89.997,0.000,0.0000,0.000,0.0001,0.0094,0.0159,1.6929,nan,nan,nan,nan,nan,nan,nan,nan,nan,nan,nan,nan,nan,nan,nan
1.950,0.000,0.8004,3.1583,-89.997,0.7964,3.1522,-90.550,0.0061,-0.0040,0.0073,-0.554,0.7964,3.1522,-0.554,0.0000,0.0000,-89.997,0.000,0.0000,0.000,0.0001,0.0094,0.0159,1.6929,nan,nan,nan,nan,nan,nan,nan,nan,nan,nan,nan,nan,nan,nan,nan
2.001,0.000,0.8004,3.1583,-89.997,0.7964,3.1522,-90.550,0.0061,-0.0040,0.0073,-0.554,0.7964,3.1522,-0.554,0.0000,0.0000,-89.997,0.000,0.0000,0.000,0.0001,0.0094,0.0159,1.6929,0.0000,0.0000,nan,6.1032,0.7921,0.0314,0.8314,0.8000,-0.3619,-0.1867,-0.0837,8.0958,0.0800,0.0000,0.1750
2.050,0.000,0.8004,3.1583,-89.997,0.7964,3.1522,-90.550,0.0061,-0.0040,0.0073,-0.554,0.7964,3.1522,-0.554,0.0000,0.0000,-89.997,0.000,0.0000,0.000,0.0001,0.0094,0.0159,1.6929,0.0000,0.0000,nan,6.1032,0.7921,0.0314,0.8314,0.8000,-0.3619,-0.1867,-0.0837,8.0958,0.0800,-0.0001,0.1750
2.100,0.000,0.8004,3.1582,-89.997,0.7964,3.1522,-90.550,0.0060,-0.0040,0.0073,-0.554,0.7964,3.1522,-0.554,0.0000,0.0000,-89.997,0.025,0.0013,0.003,0.0001,0.0094,0.0159,1.6929,0.0467,0.0538,nan,6.1032,0.8388,0.0332,0.8426,0.8000,-0.3634,-0.1865,-0.0837,8.0958,0.0800,5.3590,0.1750
2.150,0.010,0.8003,3.1482,-89.765,0.7963,3.1461,-90.546,0.0021,-0.0040,0.0045,-0.781,0.7964,3.1522,-0.554,0.0000,-0.0061,-89.992,0.321,0.1946,0.042,0.0040,0.0089,0.0164,1.8408,0.3913,0.7030,nan,6.1032,1.1939,0.0473,0.8013,0.8000,-0.3777,-0.1572,-0.0788,8.1958,0.0800,5.1480,0.1750
2.200,0.037,0.8006,3.1219,-88.362,0.7961,3.0715,-89.708,0.0502,-0.0059,0.0506,-1.346,0.7964,3.1522,-0.554,0.0005,-0.0807,-89.154,0.607,0.7204,0.081,0.0443,0.0079,0.0188,2.3692,0.6299,0.7119,nan,6.1943,1.4325,0.0567,0.6650,0.8000,-0.3825,-0.0893,-0.0788,8.1958,0.0800,4.1871,0.1750
2.250,0.074,0.8025,3.0843,-85.424,0.7966,3.0368,-86.786,0.0469,-0.0097,0.0479,-1.362,0.7949,3.1574,-0.724,0.0032,-0.1206,-86.062,0.753,1.0285,0.124,0.0466,0.0120,0.0169,1.4150,0.7432,0.7707,nan,6.1943,1.5458,0.0612,0.6382,0.8000,-0.3845,-0.0209,-0.0788,8.1958,0.0800,6.5462,0.1750
2.300,0.124,0.8081,3.0346,-81.583,0.8020,2.9917,-82.929,0.0416,-0.0123,0.0434,-1.346,0.7949,3.1574,-0.724,0.0092,-0.1656,-82.205,1.008,1.1905,0.187,0.0420,0.0146,0.0105,0.7174,1.0222,1.1512,nan,6.2864,1.8325,0.0726,0.5186,0.8000,-0.3818,0.0612,-0.0736,8.2957,0.0800,6.8664,0.1750
2.350,0.188,0.8197,2.9715,-77.569,0.8170,2.9076,-78.695,0.0618,-0.0164,0.0639,-1.126,0.7956,3.1572,-0.925,0.0254,-0.2492,-77.770,1.249,1.3049,0.262,0.0626,0.0087,0.0196,2.2539,1.1233,1.1512,nan,6.2864,1.9420,0.0769,0.3902,0.8000,-0.3762,0.1277,-0.0679,8.3957,0.0800,6.8664,0.1750
2.400,0.262,0.8381,2.9005,-73.267,0.8399,2.8215,-74.235,0.0762,-0.0210,0.0790,-0.969,0.7956,3.1572,-0.925,0.0497,-0.3349,-73.310,1.418,1.2824,0.344,0.0780,0.0097,0.0148,1.5311,1.3022,1.3589,nan,6.3739,2.1259,0.0842,0.2590,0.8000,-0.3606,0.2075,-0.0649,8.4956,0.0800,3.6966,0.1750
2.450,0.347,0.8655,2.8198,-69.208,0.8664,2.7405,-70.605,0.0744,-0.0273,0.0793,-1.397,0.7971,3.1563,-1.410,0.0795,-0.4140,-69.194,1.659,1.2613,0.441,0.0768,0.0138,0.0155,1.1221,1.4093,1.4416,nan,6.4153,2.2276,0.0882,0.1191,0.8000,-0.3389,0.2779,-0.0667,8.5956,0.0800,6.0978,0.1750
2.500,0.449,0.9044,2.7252,-66.527,0.9107,2.6337,-66.563,0.0865,-0.0307,0.0917,-0.036,0.7971,3.1563,-1.410,0.1264,-0.5197,-65.152,1.959,0.6197,0.554,0.0894,0.0607,0.0636,1.0491,1.6512,1.7537,nan,6.4931,2.4560,0.0973,-0.0562,0.8641,-0.3066,0.3381,-0.0696,8.6955,0.0800,5.9556,0.1750
2.550,0.449,0.9044,2.7252,-66.527,0.9011,2.6401,-67.365,0.0767,-0.0369,0.0851,-0.838,0.7949,3.1643,-2.212,0.1264,-0.5197,-65.152,1.959,0.6197,0.554,0.0894,0.0114,0.0113,0.9888,1.9015,2.0160,nan,6.5308,2.6916,0.1066,-0.0727,0.9951,-0.2859,0.3062,-0.0717,8.7955,0.0800,5.0506,0.1750
2.600,0.565,0.9517,2.6200,-65.269,0.9411,2.5330,-67.333,0.0746,-0.0460,0.0876,-2.064,0.7953,3.1746,-2.750,0.1764,-0.6339,-64.583,2.142,0.2507,0.674,0.0988,0.0057,0.0279,4.9163,2.1139,2.2009,nan,6.6051,2.8888,0.1144,-0.1167,1.1063,-0.2594,0.2879,-0.0745,8.8954,0.0800,5.4148,0.1750
2.650,0.688,1.0036,2.5075,-65.710,0.9905,2.4095,-67.182,0.0840,-0.0523,0.0989,-1.472,0.7955,3.1749,-2.716,0.2310,-0.7553,-64.466,2.348,-0.2589,0.805,0.1081,0.0140,0.0374,2.6744,2.2879,2.3548,nan,6.6415,3.0394,0.1204,-0.1027,1.1980,-0.2301,0.2486,-0.0752,9.0953,0.0800,6.0165,0.1750
2.700,0.829,1.0607,2.3786,-66.639,1.0386,2.2811,-69.110,0.0807,-0.0590,0.1000,-2.471,0.7933,3.1753,-2.582,0.2853,-0.8822,-66.529,2.573,-0.4089,0.954,0.1055,0.0158,0.0555,3.5136,2.5525,2.6995,nan,6.7496,3.3014,0.1307,-0.1232,1.3378,-0.1927,0.2308,-0.0737,9.1953,0.0800,4.3565,0.1750
2.750,0.973,1.1164,2.2457,-68.113,1.0958,2.1173,-70.651,0.1115,-0.0670,0.1301,-2.538,0.7960,3.1706,-2.714,0.3494,-1.0379,-67.937,2.742,-0.4529,1.105,0.1297,0.0185,0.0577,3.1197,2.6803,2.7323,nan,6.7852,3.4244,0.1356,-0.1240,1.4065,-0.1640,0.2159,-0.0717,9.3952,0.0800,4.2894,0.1750
2.800,1.135,1.1747,2.0953,-69.601,1.1448,1.9793,-71.688,0.0983,-0.0685,0.1198,-2.087,0.7861,3.1756,-2.129,0.4029,-1.1821,-69.559,2.904,-0.5202,1.273,0.1225,0.0196,0.0546,2.7848,2.9064,3.0171,nan,6.8921,3.6486,0.1445,-0.1356,1.5268,-0.1255,0.2048,-0.0701,9.4951,0.0800,5.2741,0.1750
2.850,1.298,1.2295,1.9416,-71.386,1.2057,1.8092,-72.912,0.1179,-0.0648,0.1346,-1.526,0.7833,3.1760,-1.671,0.4621,-1.3540,-71.241,3.112,-0.5977,1.446,0.1412,0.0210,0.0549,2.6201,3.0759,3.1506,nan,6.9276,3.8187,0.1512,-0.1290,1.6194,-0.0942,0.1886,-0.0666,9.6950,0.0800,4.0788,0.1750
2.900,1.474,1.2832,1.7741,-73.318,1.2601,1.6161,-74.833,0.1447,-0.0675,0.1597,-1.515,0.7800,3.1682,-1.414,0.5183,-1.5398,-73.418,3.272,-0.6780,1.630,0.1595,0.0211,0.0528,2.5031,3.1177,3.1506,nan,6.9991,3.8600,0.1529,-0.1350,1.6430,-0.0565,0.1692,-0.0652,9.7949,0.0800,4.0788,0.1750
2.950,1.673,1.3367,1.5825,-75.725,1.3015,1.4391,-77.029,0.1303,-0.0695,0.1477,-1.304,0.7800,3.1682,-1.414,0.5640,-1.7157,-75.615,3.454,-0.7271,1.839,0.1426,0.0286,0.0649,2.2708,3.0961,3.1177,nan,7.0000,3.8413,0.1521,-0.1253,1.6364,-0.0308,0.1492,-0.0606,9.9949,0.0800,4.3119,0.1750
3.000,1.673,1.3367,1.5825,-75.725,1.3086,1.4282,-76.656,0.1426,-0.0653,0.1568,-0.932,0.7759,3.1539,-1.042,0.5640,-1.7157,-75.615,3.454,-0.7271,1.839,0.1426,0.0192,0.0501,2.6041,3.3705,3.5600,nan,7.0000,4.1200,0.1632,-0.1128,1.7864,0.0051,0.1264,-0.0563,10.1947,0.0800,4.6766,0.1750
3.050,1.887,1.3852,1.3743,-78.274,1.3593,1.1973,-78.840,0.1680,-0.0613,0.1789,-0.566,0.7726,3.1432,-0.750,0.6121,-1.9380,-78.090,3.641,-0.7171,2.064,0.1564,0.0156,0.0440,2.8217,3.6659,3.9485,nan,7.0000,4.4303,0.1755,-0.0992,1.9513,0.0367,0.1086,-0.0497,10.4946,0.0800,1.6238,0.1750
3.100,2.089,1.4228,1.1756,-80.510,1.3917,0.9688,-81.883,0.1989,-0.0648,0.2092,-1.373,0.7900,3.1598,-1.324,0.6521,-2.1765,-80.559,3.718,-0.6701,2.272,0.1961,0.0154,0.0564,3.6697,3.7132,3.7527,nan,7.0000,4.4813,0.1775,-0.0783,1.9789,0.0425,0.0724,-0.0478,10.5945,0.0800,4.3129,0.1750
3.150,2.302,1.4544,0.9644,-82.646,1.4165,0.7825,-83.361,0.1755,-0.0609,0.1858,-0.715,0.7683,3.1648,-0.693,0.6769,-2.3743,-82.669,3.902,-0.6196,2.497,0.1818,0.0163,0.0488,2.9952,3.9042,4.0042,nan,7.0000,4.6914,0.1858,-0.0731,2.0867,0.0623,0.0635,-0.0433,10.7944,0.0800,5.4138,0.1750
3.200,2.528,1.4798,0.7404,-84.597,1.4363,0.5755,-85.096,0.1601,-0.0588,0.1705,-0.499,0.7609,3.1868,-0.519,0.6990,-2.6051,-84.578,4.122,-0.5271,2.737,0.1882,0.0136,0.0465,3.4123,4.1815,4.4192,nan,7.0000,4.9920,0.1977,-0.0651,2.1457,0.0759,0.0546,-0.0378,11.0943,0.0800,3.2896,0.1750
3.250,2.758,1.4986,0.5105,-86.204,1.4525,0.3148,-86.730,0.1923,-0.0589,0.2011,-0.526,0.7573,3.1952,-0.436,0.7171,-2.8750,-86.294,4.259,-0.4916,2.977,0.2280,0.0137,0.0493,3.5885,4.2372,4.2872,nan,7.0000,5.0515,0.2001,-0.0574,2.1511,0.0831,0.0396,-0.0339,11.2942,0.0800,4.1720,0.1750
3.300,3.002,1.5118,0.2671,-87.767,1.4600,0.0822,-88.934,0.1828,-0.0590,0.1920,-1.167,0.7943,3.2095,-1.109,0.7261,-3.1138,-87.825,4.441,-0.4629,3.235,0.2231,0.0123,0.0580,4.7072,4.2479,4.2872,nan,7.0000,5.0636,0.2005,-0.0486,2.1556,0.0907,0.0229,-0.0308,11.4941,0.0800,4.1720,0.1750
3.350,3.267,1.5190,0.0024,-89.270,1.4582,-0.1924,-90.548,0.1940,-0.0632,0.2041,-1.279,0.8075,3.1914,-1.341,0.7297,-3.3676,-89.207,4.666,-0.3726,3.516,0.2120,0.0183,0.0682,3.7274,4.3896,4.4784,nan,7.0000,5.2123,0.2064,-0.0327,2.1588,0.0871,-0.0034,-0.0285,11.6940,0.0800,5.1955,0.1750
3.401,3.485,1.5202,-0.2154,-90.190,1.4482,-0.5283,-91.831,0.3132,-0.0710,0.3211,-1.640,0.8075,3.1914,-1.341,0.7275,-3.7037,-90.490,4.794,-0.2763,3.744,0.3301,0.0193,0.0831,4.3104,4.6715,5.2005,nan,7.0000,5.5128,0.2183,-0.0225,2.1686,0.0835,-0.0113,-0.0216,12.0938,0.0800,3.4404,0.1750
3.450,3.797,1.5169,-0.5275,-91.102,1.4440,-0.6704,-92.334,0.1443,-0.0701,0.1604,-1.232,0.8078,3.1938,-1.301,0.7238,-3.8488,-91.033,4.950,-0.2095,4.070,0.1632,0.0191,0.0825,4.3216,4.2717,4.0180,nan,7.0000,5.0799,0.2012,-0.0217,2.1701,0.0839,-0.0121,-0.0205,12.1937,0.0800,3.3330,0.1750
3.500,3.797,1.5169,-0.5275,-91.102,1.4522,-0.6696,-91.825,0.1433,-0.0620,0.1561,-0.723,0.7816,3.1889,-0.792,0.7238,-3.8488,-91.033,4.950,-0.2095,4.070,0.1632,0.0191,0.0686,3.5954,4.4400,6.1051,nan,7.0000,5.2529,0.2080,-0.0265,2.1767,0.0939,-0.0042,-0.0160,12.5935,0.0800,4.6342,0.1750
3.550,4.070,1.5104,-0.8004,-91.658,1.4414,-1.1176,-92.159,0.3191,-0.0598,0.3247,-0.502,0.7575,3.2030,-0.357,0.7108,-4.3163,-91.802,5.118,-0.1733,4.357,0.3576,0.0226,0.0631,2.7967,4.6945,4.9301,nan,7.0000,5.5232,0.2187,-0.0302,2.1809,0.1026,0.0017,-0.0131,12.7934,0.0800,-1.8019,0.1750
3.600,4.349,1.5012,-1.0795,-92.204,1.4441,-1.2848,-91.718,0.2074,-0.0491,0.2131,0.486,0.7047,3.2176,0.466,0.7028,-4.5083,-92.184,5.048,-0.1966,4.633,0.2705,0.0226,0.0516,2.2793,4.9459,5.2033,nan,7.0000,5.7888,0.2293,-0.0347,2.1831,0.1180,0.0075,-0.0116,12.9933,0.0800,0.7461,0.1750
3.650,4.628,1.4891,-1.3579,-92.868,1.4407,-1.5807,-92.304,0.2250,-0.0372,0.2280,0.564,0.7086,3.2219,0.521,0.6883,-4.8091,-92.825,5.090,-0.2301,4.917,0.2929,0.0300,0.0490,1.6333,5.0584,5.1611,nan,7.0000,5.9020,0.2337,-0.0310,2.1832,0.1252,-0.0020,-0.0086,13.2931,0.0800,3.3058,0.1750
3.700,4.922,1.4726,-1.6521,-93.652,1.4352,-1.8495,-92.907,0.1993,-0.0248,0.2009,0.745,0.7019,3.2404,0.710,0.6701,-5.0985,-93.616,5.235,-0.2686,5.225,0.2881,0.0321,0.0338,1.0530,5.2515,5.4347,nan,7.0000,5.8216,0.2306,-0.0243,2.1786,0.1307,-0.0118,-0.0052,13.5930,0.0800,4.1256,0.1750
3.750,5.216,1.4520,-1.9447,-94.558,1.4192,-2.1518,-94.015,0.2091,-0.0163,0.2097,0.543,0.7258,3.2635,0.510,0.6451,-5.4212,-94.525,5.415,-0.2692,5.535,0.3183,0.0331,0.0301,0.9100,5.3613,5.4760,nan,7.0000,5.7902,0.2293,-0.0132,2.1786,0.1231,-0.0249,-0.0043,13.7929,0.0800,3.5376,0.1750
3.800,5.518,1.4262,-2.2460,-95.372,1.3990,-2.4283,-94.515,0.1841,-0.0100,0.1843,0.857,0.6953,3.2772,0.871,0.6169,-5.7156,-95.386,5.559,-0.2327,5.852,0.3114,0.0278,0.0240,0.8644,5.3993,5.4760,nan,7.0000,5.8313,0.2309,-0.0019,2.1786,0.1159,-0.0418,0.0028,14.0927,0.0800,3.5376,0.1750
3.850,5.797,1.3988,-2.5239,-95.970,1.3617,-2.7500,-96.256,0.2287,-0.0134,0.2291,-0.285,0.7981,3.3074,-0.163,0.5809,-6.0557,-96.093,5.605,-0.1890,6.137,0.3739,0.0239,0.0383,1.6007,5.6280,5.9061,nan,7.0000,6.0782,0.2407,0.0029,2.1786,0.1087,-0.0454,0.0032,14.3926,0.0800,1.2281,0.1750
3.900,6.140,1.3620,-2.8642,-96.365,1.3288,-3.0277,-96.775,0.1662,-0.0149,0.1669,-0.410,0.7981,3.3074,-0.163,0.5487,-6.3335,-96.612,5.624,-0.0182,6.484,0.3113,0.0221,0.0445,2.0155,5.3549,5.2934,nan,7.0000,5.7833,0.2290,0.0241,2.1786,0.0804,-0.0686,0.0030,14.5925,0.0800,0.7142,0.1750
3.950,6.140,1.3620,-2.8642,-96.365,1.3404,-2.9996,-95.954,0.1369,-0.0064,0.1371,0.411,0.7190,3.3273,0.658,0.5487,-6.3335,-96.612,5.624,-0.0182,6.816,0.3113,0.0221,0.0272,1.2325,5.5943,5.8955,nan,7.0000,6.0418,0.2393,0.0095,2.1545,0.0823,-0.0434,0.0081,14.8923,0.0800,3.0256,0.1750
4.000,6.459,1.3267,-3.1812,-96.276,1.3051,-3.3600,-95.048,0.1801,-0.0020,0.1801,1.228,0.6365,3.3184,1.375,0.5081,-6.6925,-96.423,5.741,0.1261,6.816,0.3535,0.0227,0.0265,1.1669,5.7721,5.9752,nan,7.0000,6.2339,0.2469,-0.0068,2.1194,0.0830,-0.0177,0.0105,15.1922,0.0800,-1.2195,0.1750
4.050,6.773,1.2936,-3.4937,-95.640,1.2784,-3.6630,-94.708,0.1700,0.0015,0.1700,0.933,0.6632,3.3568,1.162,0.4728,-7.0309,-95.869,5.696,0.1410,7.129,0.3794,0.0205,0.0239,1.1670,5.5875,5.5814,nan,7.0000,6.0345,0.2390,-0.0117,2.0971,0.0808,-0.0131,0.0115,15.4920,0.0800,1.6932,0.1825
4.100,7.094,1.2627,-3.8135,-95.350,1.2589,-3.9304,-94.365,0.1168,0.0071,0.1170,0.985,0.7017,3.3662,0.845,0.4495,-7.3041,-95.211,5.775,0.0023,7.461,0.3325,0.0203,0.0183,0.9054,5.8428,6.2372,nan,6.9260,6.3102,0.2499,-0.0037,2.1663,0.0668,-0.0304,0.0127,15.7919,0.0800,2.8312,0.1825
4.150,7.416,1.2324,-4.1335,-95.537,1.2290,-4.2791,-94.895,0.1453,0.0107,0.1456,0.642,0.7547,3.4019,0.448,0.4143,-7.6845,-95.343,5.889,-0.0914,7.795,0.3931,0.0216,0.0136,0.6310,5.9049,6.0120,nan,6.6340,6.3773,0.2526,0.0077,2.1220,0.0474,-0.0525,0.0137,16.0917,0.0800,-0.2671,0.1825
4.200,7.739,1.2005,-4.4554,-95.880,1.2000,-4.5692,-94.941,0.1133,0.0111,0.1138,0.939,0.6945,3.4352,0.894,0.3805,-8.0113,-95.835,5.879,-0.0849,8.121,0.3981,0.0232,0.0167,0.7200,5.7445,5.7506,nan,6.4454,6.2041,0.2457,0.0041,2.0993,0.0347,-0.0523,0.0134,16.2916,0.0800,1.6252,0.1825
4.250,8.072,1.1661,-4.7863,-95.999,1.1715,-4.8585,-95.961,0.0712,0.0129,0.0724,0.038,0.7965,3.4520,0.188,0.3477,-8.3117,-96.149,5.988,0.0188,8.467,0.3676,0.0228,0.0153,0.6684,5.9676,6.2689,nan,6.1609,6.3079,0.2498,-0.0089,2.0671,0.0188,-0.0486,-0.0012,16.5914,0.0570,2.1007,0.1825
4.300,8.410,1.1312,-5.1226,-95.775,1.1293,-5.2002,-96.030,0.0774,0.0060,0.0777,-0.255,0.8336,3.4790,-0.090,0.3093,-8.6787,-95.941,6.072,0.0533,8.816,0.3984,0.0189,0.0183,0.9672,6.0983,6.2689,nan,5.7955,5.4035,0.2140,-0.0077,2.0408,-0.0066,-0.0567,-0.0211,16.8913,0.0800,2.1007,0.1825
4.350,8.701,1.1021,-5.4122,-95.673,1.0959,-5.5317,-94.864,0.1195,0.0056,0.1197,0.809,0.7005,3.4806,0.754,0.2768,-9.0167,-95.617,6.056,0.0376,9.109,0.4469,0.0182,0.0161,0.8833,6.2347,6.4200,nan,5.5429,5.5508,0.2198,-0.0230,2.0117,-0.0289,-0.0407,-0.0455,17.2911,0.0800,-0.4081,0.1825
4.400,9.041,1.0681,-5.7505,-95.914,1.0714,-5.7756,-95.309,0.0246,0.0059,0.0253,0.605,0.7798,3.5029,0.250,0.2511,-9.2796,-95.559,6.059,-0.1582,9.452,0.3712,0.0184,0.0147,0.7975,5.8772,5.7009,nan,5.3810,5.1648,0.2045,-0.0479,2.0117,-0.0289,-0.0150,-0.0661,17.4910,0.0800,-0.2636,0.1825
4.450,9.377,1.0320,-6.0847,-96.609,1.0251,-6.2151,-96.286,0.1303,0.0082,0.1305,0.323,0.7938,3.4807,0.158,0.2046,-9.6963,-96.444,5.751,-0.3546,9.764,0.4541,0.0205,0.0182,0.8889,6.1148,6.4761,nan,5.0739,5.1060,0.2022,-0.0532,1.9553,-0.0549,-0.0288,-0.0768,17.7908,0.0148,-6.6228,0.1825
4.500,9.377,1.0320,-6.0847,-96.609,1.0251,-6.2151,-96.286,0.1303,0.0082,0.1305,0.323,0.7938,3.4807,0.158,0.2046,-9.6963,-96.444,5.751,-0.3546,9.764,0.4541,0.0205,0.0182,0.8889,5.7008,5.3624,nan,4.9989,5.0355,0.1994,-0.0449,1.9204,-0.0687,-0.0454,-0.0882,17.9907,0.0800,-7.6908,0.1825
4.550,9.727,0.9881,-6.4319,-98.114,0.9950,-6.4768,-97.819,0.0435,0.0132,0.0454,0.295,0.8231,3.4717,0.005,0.1710,-9.9485,-97.825,5.396,-0.4387,10.088,0.3587,0.0170,0.0087,0.5123,5.4476,5.3999,nan,4.8486,4.9021,0.1941,-0.0519,1.8756,-0.0857,-0.0479,-0.1212,18.2906,0.0800,-4.7518,0.1825
4.600,10.008,0.9459,-6.7092,-99.441,0.9466,-6.7766,-99.472,0.0663,0.0118,0.0674,-0.031,0.8188,3.4715,0.047,0.1194,-10.2482,-99.519,5.205,-0.3831,10.355,0.3816,0.0165,0.0119,0.7203,5.0482,4.7872,nan,4.7689,4.5188,0.1790,-0.0595,1.8524,-0.0941,-0.0367,-0.1387,18.4905,0.0800,-3.4072,0.1825
4.650,10.295,0.8965,-6.9921,-100.602,0.9030,-6.9860,-100.617,-0.0072,0.0053,0.0090,-0.015,0.8154,3.4954,0.073,0.0743,-10.4815,-100.690,5.058,-0.3937,10.632,0.3318,0.0172,0.0125,0.7278,4.8848,4.8877,nan,4.5945,4.4039,0.1744,-0.0745,1.8284,-0.1063,-0.0260,-0.1513,18.6904,0.0800,-3.2396,0.1825
4.700,10.569,0.8436,-7.2612,-101.870,0.8477,-7.2633,-101.396,0.0012,0.0045,0.0047,0.475,0.7512,3.4775,0.407,0.0203,-10.7412,-101.802,4.913,-0.4319,10.897,0.3225,0.0173,0.0126,0.7316,4.9214,4.9837,nan,4.4338,4.5221,0.1791,-0.1091,1.7858,-0.1082,0.0060,-0.1791,18.9902,0.0800,-6.1454,0.1825
4.750,10.837,0.7859,-7.5224,-103.307,0.7837,-7.5679,-102.054,0.0448,0.0084,0.0456,1.253,0.5884,3.4593,1.259,-0.0470,-11.0288,-103.313,4.659,-0.5071,11.148,0.3496,0.0203,0.0179,0.8808,4.5311,4.3154,nan,4.3597,4.1502,0.1644,-0.1175,1.7726,-0.1117,0.0163,-0.1927,19.1901,0.0800,-4.7437,0.1825
4.800,11.092,0.7241,-7.7699,-105.027,0.7302,-7.7767,-104.079,0.0049,0.0077,0.0091,0.948,0.6604,3.4497,0.872,-0.1010,-11.2261,-104.950,4.477,-0.6026,11.392,0.2990,0.0109,0.0076,0.6949,4.3266,4.3154,nan,4.1582,3.9708,0.1573,-0.1653,1.7726,-0.0941,0.0459,-0.2090,19.3900,0.0800,-4.7437,0.1825
4.850,11.337,0.6566,-8.0056,-107.378,0.6635,-8.0046,-106.274,-0.0030,0.0062,0.0069,1.104,0.7095,3.4429,0.591,-0.1642,-11.4464,-106.865,4.437,-0.7545,11.636,0.2833,0.0121,0.0089,0.7356,4.2836,4.3131,nan,4.0374,3.8797,0.1536,-0.1853,1.7726,-0.0889,0.0430,-0.2058,19.5899,0.0800,-1.2078,0.1825
4.900,11.572,0.5815,-8.2285,-110.571,0.5803,-8.2447,-109.066,0.0156,0.0046,0.0162,1.504,0.6903,3.4587,0.712,-0.2555,-11.7011,-109.779,4.136,-1.1246,11.854,0.3164,0.0157,0.0127,0.8123,4.4735,4.5992,nan,3.8595,3.8960,0.1543,-0.2049,1.6629,-0.0920,0.0471,-0.2397,19.8897,0.0212,-0.5653,0.1825
4.951,11.797,0.4964,-8.4373,-114.314,0.5803,-8.2447,-109.066,-0.2101,-0.0028,0.2101,5.247,0.6903,3.4587,0.712,-0.2555,-11.7011,-109.779,4.136,-1.1246,12.070,0.1161,0.0848,0.0127,0.1501,4.0958,3.9265,nan,3.8595,3.8006,0.1505,-0.1580,1.5907,-0.1131,-0.0170,-0.2588,19.9897,0.0800,-5.2749,0.1825
5.000,11.797,0.4964,-8.4373,-114.314,0.5067,-8.4142,-113.118,-0.0253,-0.0001,0.0253,1.196,0.6070,3.4605,1.138,-0.3362,-11.8703,-114.256,3.938,-1.2147,12.070,0.2766,0.0252,0.0120,0.4760,3.8305,3.7955,nan,3.7429,3.6112,0.1430,-0.1532,1.4742,-0.1194,-0.0210,-0.2906,20.1896,0.0800,-2.8899,0.1825
5.050,12.011,0.4026,-8.6294,-118.228,0.4254,-8.5876,-116.458,-0.0476,0.0004,0.0476,1.770,0.5067,3.4659,1.665,-0.4314,-12.0460,-118.122,3.847,-1.1795,12.280,0.2605,0.0338,0.0108,0.3206,3.8237,3.8537,nan,3.6447,3.6694,0.1453,-0.1746,1.4716,-0.1205,-0.0103,-0.3198,20.3895,0.0800,-0.8604,0.1825
5.100,12.225,0.2972,-8.8148,-121.262,0.3175,-8.7748,-120.730,-0.0447,-0.0034,0.0448,0.532,0.5820,3.4690,1.332,-0.5491,-12.2344,-122.062,3.765,-0.8990,12.490,0.2653,0.0083,0.0044,0.5333,3.6930,3.7019,nan,3.6009,3.5732,0.1415,-0.1935,1.3566,-0.1202,0.0301,-0.3452,20.5894,0.0800,-3.6603,0.1825
5.150,12.431,0.1861,-8.9890,-124.095,0.2206,-8.9208,-123.454,-0.0758,-0.0097,0.0764,0.641,0.7542,3.4758,0.559,-0.6546,-12.3909,-124.013,3.630,-0.9110,12.690,0.2469,0.0121,0.0062,0.5172,3.7151,3.7494,nan,3.4743,3.6119,0.1430,-0.1354,1.0064,-0.1283,0.0403,-0.3673,20.7893,0.0800,-1.3491,0.1825
5.200,12.630,0.0709,-9.1507,-127.182,0.0913,-9.0924,-127.079,-0.0588,-0.0190,0.0618,0.103,0.8751,3.4723,0.006,-0.7851,-12.5646,-127.084,3.588,-1.0470,12.888,0.2616,0.0187,0.0191,1.0232,3.4901,3.4700,nan,3.3913,3.3972,0.1345,-0.1357,1.0064,-0.1372,0.0100,-0.3803,20.8892,0.0800,-1.8695,0.1825
5.250,12.829,-0.0537,-9.3061,-130.569,-0.0145,-9.2195,-130.125,-0.0913,-0.0266,0.0951,0.444,0.8230,3.4769,0.264,-0.8960,-12.6923,-130.389,3.538,-0.8066,13.086,0.2318,0.0288,0.0216,0.7487,3.6302,3.6978,nan,3.1824,3.1236,0.1237,-0.1496,0.8550,-0.1303,0.0554,-0.4060,21.0891,-0.0340,0.1021,0.1825
5.300,13.023,-0.1830,-9.4514,-132.905,-0.1754,-9.3956,-133.121,-0.0460,-0.0324,0.0563,-0.216,0.8356,3.4692,0.197,-1.0553,-12.8613,-133.318,3.521,-0.7396,13.280,0.2617,0.0032,0.0194,6.0855,3.6621,3.6978,nan,2.9586,3.0371,0.1203,-0.2444,0.8550,-0.1143,0.0996,-0.4387,21.2890,-0.0800,0.1021,0.1825
5.350,13.217,-0.3176,-9.5908,-135.254,-0.2843,-9.5131,-134.754,-0.0784,-0.0318,0.0846,0.500,0.7897,3.4604,0.367,-1.1571,-12.9663,-135.121,3.413,-0.7209,13.468,0.2207,0.0064,0.0150,2.3508,3.3543,3.2838,nan,2.8755,2.7610,0.1093,-0.3359,0.8550,-0.0964,0.1167,-0.4392,21.3890,-0.0663,-2.9670,0.1825
5.400,13.396,-0.4478,-9.7138,-138.684,-0.4551,-9.6726,-137.377,-0.0217,-0.0358,0.0419,1.306,0.7897,3.4604,0.367,-1.3289,-13.1247,-137.745,3.120,-1.2510,13.634,0.2652,0.0118,0.0219,1.8568,3.5211,3.6004,nan,2.8838,2.8229,0.1118,-0.3456,0.8550,-0.0559,0.2132,-0.4326,21.6888,-0.0353,-1.3039,0.1825
5.450,13.396,-0.4478,-9.7138,-138.684,-0.4439,-9.6582,-137.406,-0.0397,-0.0392,0.0558,1.278,0.8074,3.4742,0.339,-1.3289,-13.1247,-137.745,3.120,-1.2510,13.634,0.2652,0.0118,0.0213,1.8072,3.1341,2.7691,nan,2.8838,2.8970,0.1147,-0.3831,0.8550,-0.0753,0.1055,-0.4326,21.6888,0.0800,-7.2422,0.1825
5.500,13.581,-0.5918,-9.8301,-144.011,-0.5356,-9.7208,-142.518,-0.1097,-0.0554,0.1229,1.493,0.8074,3.4742,0.339,-1.4210,-13.1868,-142.857,2.814,-1.5238,13.807,0.2005,0.0016,0.0272,17.0332,2.9751,2.9711,nan,2.8838,2.6264,0.1040,-0.3577,0.8550,-0.0749,0.0830,-0.4344,21.8887,0.0800,-2.0122,0.1825
5.550,13.737,-0.7214,-9.9166,-148.885,-0.6905,-9.8212,-148.069,-0.0758,-0.0656,0.1002,0.816,0.7269,3.4713,0.657,-1.5698,-13.2754,-148.726,2.764,-1.5762,13.963,0.2062,0.0044,0.0346,7.8147,2.8900,2.9005,nan,3.0488,3.1695,0.1255,-0.3953,0.8550,-0.0647,0.0513,-0.4809,21.9887,0.0699,-0.4241,0.1825
5.600,13.876,-0.8426,-9.9835,-153.613,-0.8135,-9.8953,-151.905,-0.0653,-0.0661,0.0929,1.709,0.5220,3.4841,1.558,-1.6987,-13.3381,-153.462,2.760,-1.5612,14.104,0.2041,0.0039,0.0330,8.5539,2.7784,2.7833,nan,3.1083,3.0984,0.1227,-0.4381,0.8550,-0.0429,0.1006,-0.6602,22.1886,0.0800,-4.3695,0.1825
5.650,14.018,-0.9721,-10.0417,-158.200,-0.9469,-9.9692,-156.336,-0.0503,-0.0579,0.0767,1.864,0.3757,3.4874,2.176,-1.8325,-13.3968,-158.512,2.646,-1.5787,14.244,0.2057,0.0061,0.0249,4.0857,2.5798,2.5598,nan,3.1620,2.8998,0.1148,-0.4640,0.8550,-0.0268,0.1056,-0.7318,22.2885,0.0800,3.8873,0.1825
5.700,14.172,-1.1179,-10.0927,-163.729,-1.0733,-10.0188,-160.722,-0.0635,-0.0584,0.0863,3.007,0.2789,3.4903,2.582,-1.9595,-13.4345,-163.305,2.845,-1.7990,14.416,0.1881,0.0137,0.0240,1.7585,2.8646,3.0600,nan,3.2704,3.3422,0.1324,-0.4807,0.9941,-0.0031,0.1444,-0.5919,22.4884,0.0415,0.9355,0.1825
5.750,14.333,-1.2744,-10.1300,-169.977,-1.2627,-10.0720,-167.143,-0.0216,-0.0551,0.0592,2.834,0.3054,3.4850,2.505,-2.1591,-13.4754,-169.648,2.888,-1.9968,14.584,0.2053,0.0235,0.0273,1.1607,2.9103,2.9419,nan,3.3549,3.3527,0.1328,-0.4172,1.1659,0.0034,0.0928,-0.5670,22.5884,-0.0013,-2.9201,0.1825
5.800,14.492,-1.4320,-10.1493,-176.584,-1.4279,-10.0912,-174.342,-0.0076,-0.0578,0.0583,2.243,0.3822,3.4708,2.163,-2.3207,-13.4840,-176.505,2.820,-2.1282,14.746,0.1973,0.0045,0.0264,5.8338,2.9173,2.9419,nan,3.3911,3.5071,0.1389,-0.4010,1.2144,0.0199,0.1058,-0.5640,22.7882,0.0671,-2.9201,0.1825
5.850,14.672,-1.6121,-10.1487,175.586,-1.5848,-10.0931,177.883,-0.0230,-0.0575,0.0620,2.297,0.5240,3.4526,1.571,-2.4793,-13.4828,176.313,2.994,-1.9968,14.947,0.1881,0.0138,0.0160,1.1629,2.8254,2.8344,nan,3.4845,3.4455,0.1365,-0.3534,1.1850,0.0267,0.0388,-0.5486,22.8882,0.0800,2.4364,0.1825
5.900,14.842,-1.7808,-10.1271,169.457,-1.8156,-10.0582,170.666,0.0468,-0.0614,0.0772,1.209,0.5240,3.4526,1.571,-2.7090,-13.4415,169.095,3.168,-1.8037,15.134,0.2019,0.0175,0.0278,1.5863,3.1331,3.4570,nan,3.6209,3.7424,0.1482,-0.3302,1.3352,0.0250,0.0279,-0.5062,23.0881,0.0704,4.6001,0.1825
5.950,14.842,-1.7808,-10.1271,169.457,-1.7891,-10.0622,171.071,0.0200,-0.0623,0.0654,1.614,0.4549,3.4647,1.976,-2.7090,-13.4415,169.095,3.168,-1.8037,15.134,0.2019,0.0175,0.0190,1.0846,3.2423,3.2941,nan,3.6349,3.7722,0.1494,-0.3200,1.3921,0.0302,0.0620,-0.5013,23.2880,0.0795,2.1226,0.1825
6.000,15.022,-1.9558,-10.0861,163.777,-1.9563,-10.0233,165.274,0.0180,-0.0601,0.0628,1.497,0.5564,3.4508,1.554,-2.8771,-13.4011,163.720,3.257,-1.7178,15.322,0.1980,0.0044,0.0250,5.6968,3.3492,3.4015,nan,3.6041,3.6041,0.1427,-0.3017,1.4571,0.0335,0.0223,-0.4753,23.3880,-0.0001,3.9409,0.1825
6.050,15.206,-2.1302,-10.0270,158.329,-2.1460,-9.9622,159.611,0.0387,-0.0544,0.0668,1.282,0.6195,3.4410,1.261,-3.0599,-13.3391,158.350,3.423,-1.7227,15.521,0.2009,0.0055,0.0199,3.6223,3.5318,3.6203,nan,3.7296,3.6544,0.1447,-0.2954,1.5501,0.0415,0.0224,-0.4472,23.5878,-0.0435,2.1587,0.1825
6.100,15.376,-2.2858,-9.9582,153.468,-2.3148,-9.8849,154.291,0.0587,-0.0526,0.0788,0.823,0.7537,3.4178,0.694,-3.2293,-13.2646,153.597,3.513,-1.7229,15.701,0.2060,0.0051,0.0164,3.1890,3.6758,3.7461,nan,3.8531,3.7633,0.1490,-0.2686,1.6133,0.0322,0.0108,-0.4251,23.7877,-0.0520,0.9650,0.1803
6.150,15.544,-2.4334,-9.8777,148.908,-2.4790,-9.7772,148.263,0.0909,-0.0625,0.1103,-0.644,0.9772,3.3712,-0.266,-3.3950,-13.1643,148.530,3.499,-1.6458,15.871,0.2062,0.0052,0.0065,1.2499,3.4339,3.4062,nan,3.8531,3.7539,0.1487,-0.2405,1.4886,0.0137,0.0080,-0.4425,23.9876,0.0800,-0.6274,0.1803
6.200,15.741,-2.5973,-9.7693,143.738,-2.6279,-9.6648,143.229,0.0865,-0.0661,0.1089,-0.508,1.0338,3.3642,-0.578,-3.5301,-13.0653,143.807,3.527,-1.5070,16.072,0.1911,0.0068,0.0053,0.7905,3.6264,3.7231,nan,3.9932,3.9513,0.1565,-0.2326,1.5791,0.0101,0.0208,-0.4492,24.1875,0.0800,1.5824,0.1803
6.250,15.936,-2.7508,-9.6475,139.041,-2.7887,-9.5221,138.329,0.1108,-0.0699,0.1310,-0.712,1.0191,3.3628,-0.454,-3.7055,-12.9147,138.784,3.591,-1.3871,16.274,0.1889,0.0090,0.0097,1.0784,3.5156,3.5268,nan,4.0908,4.1945,0.1661,-0.2228,1.6006,0.0037,0.0432,-0.3645,24.3874,0.0800,0.9779,0.1803
6.300,16.142,-2.9013,-9.5072,134.640,-2.9187,-9.3883,134.368,0.0968,-0.0712,0.1202,-0.271,0.9726,3.3764,-0.255,-3.8344,-12.7819,134.624,3.637,-1.3261,16.485,0.1766,0.0140,0.0112,0.7958,3.7074,3.8035,nan,4.1882,4.2322,0.1676,-0.2251,1.7018,0.0158,0.0521,-0.3433,24.5873,0.0247,2.3423,0.1803
6.350,16.349,-3.0415,-9.3551,130.355,-3.0708,-9.2234,130.422,0.1193,-0.0630,0.1349,0.067,0.9205,3.3922,-0.018,-3.9873,-12.6169,130.440,3.753,-1.3152,16.701,0.1786,0.0064,0.0104,1.6166,3.8469,3.9179,nan,4.3272,4.4428,0.1760,-0.2169,1.7696,0.0172,0.0540,-0.3456,24.7872,0.0641,3.7981,0.1803
6.400,16.556,-3.1706,-9.1928,126.235,-3.2057,-9.0434,126.109,0.1413,-0.0600,0.1535,-0.126,0.9128,3.3907,0.018,-4.1224,-12.4328,126.091,3.909,-1.3626,16.921,0.1721,0.0066,0.0129,1.9451,3.8799,3.9179,nan,4.4099,4.5512,0.1802,-0.2153,1.8102,0.0285,0.0590,-0.3197,24.9871,0.0774,3.7981,0.1803
6.450,16.774,-3.2934,-9.0127,121.874,-3.3144,-8.8719,122.587,0.1307,-0.0565,0.1424,0.713,0.7769,3.4282,0.675,-4.2359,-12.2511,121.912,4.022,-1.3705,17.150,0.1632,0.0078,0.0178,2.2782,3.8629,3.8916,nan,4.4801,4.5605,0.1806,-0.2043,1.8210,0.0313,0.0528,-0.3011,25.1870,0.0800,2.2223,0.1803
6.500,17.005,-3.4085,-8.8125,117.454,-3.4279,-8.6635,118.315,0.1412,-0.0515,0.1503,0.862,0.7769,3.4282,0.675,-4.3469,-12.0413,117.641,4.204,-1.3635,17.397,0.1550,0.0089,0.0237,2.6529,4.0452,4.1418,nan,4.5434,4.6450,0.1840,-0.2026,1.9026,0.0391,0.0531,-0.2851,25.3869,0.0533,4.1818,0.1803
6.550,17.005,-3.4085,-8.8125,117.454,-3.4296,-8.6664,118.466,0.1394,-0.0486,0.1476,1.012,0.7434,3.4363,0.825,-4.3469,-12.0413,117.641,4.204,-1.3635,17.397,0.1550,0.0089,0.0228,2.5538,4.3263,4.6037,nan,4.6368,4.6051,0.1824,-0.2022,1.9134,0.0507,0.0403,-0.2750,25.5868,-0.0157,2.6016,0.1803
6.600,17.244,-3.5114,-8.5970,113.107,-3.5427,-8.4221,114.132,0.1732,-0.0399,0.1777,1.025,0.6907,3.4414,1.104,-4.4613,-11.7797,113.028,4.315,-1.3618,17.647,0.1516,0.0107,0.0284,2.6539,4.3640,4.4123,nan,4.6973,4.7029,0.1863,-0.1916,1.9192,0.0516,0.0329,-0.2697,25.7867,0.0028,1.9002,0.1803
6.650,17.484,-3.5981,-8.3734,108.779,-3.6197,-8.2039,109.787,0.1674,-0.0341,0.1708,1.009,0.6845,3.4348,1.156,-4.5382,-11.5495,108.631,4.398,-1.3788,17.896,0.1409,0.0066,0.0328,4.9434,4.3270,4.3581,nan,4.7603,4.8757,0.1931,-0.1765,1.9208,0.0488,0.0204,-0.2682,25.9866,0.0580,0.2888,0.1803
6.700,17.731,-3.6696,-8.1370,104.346,-3.6792,-7.9935,105.415,0.1414,-0.0263,0.1438,1.069,0.7380,3.4018,0.900,-4.5956,-11.3245,104.515,4.426,-1.3377,18.149,0.1291,0.0070,0.0318,4.5772,4.5364,4.6854,nan,4.8713,4.9305,0.1953,-0.1581,1.9320,0.0463,0.0266,-0.2580,26.2864,0.0286,1.2787,0.1803
6.750,17.954,-3.7185,-7.9198,100.538,-3.7308,-7.7683,101.780,0.1512,-0.0157,0.1520,1.243,0.6899,3.4056,1.127,-4.6396,-11.0848,100.653,4.483,-1.2819,18.379,0.1210,0.0064,0.0390,6.0758,4.6884,4.7982,nan,5.0167,5.0703,0.2008,-0.1501,1.9406,0.0513,0.0171,-0.2503,26.4863,0.0251,2.7262,0.1803
6.800,18.195,-3.7556,-7.6818,96.738,-3.7684,-7.5221,97.786,0.1601,-0.0061,0.1602,1.048,0.6445,3.3989,1.369,-4.6726,-10.8125,96.417,4.595,-1.1764,18.631,0.1199,0.0064,0.0423,6.6276,4.4980,4.4915,nan,5.0755,5.1331,0.2033,-0.1391,1.9481,0.0494,0.0209,-0.2435,26.6863,0.0800,2.1208,0.1803
6.850,18.459,-3.7791,-7.4181,93.023,-3.7848,-7.3021,94.258,0.1162,-0.0004,0.1162,1.235,0.6693,3.3785,1.235,-4.6834,-10.5821,93.023,4.691,-1.1054,18.906,0.1042,0.0069,0.0393,5.6607,4.7526,4.9954,nan,5.2639,5.4372,0.2153,-0.1295,1.9670,0.0497,0.0358,-0.2268,26.9861,0.0797,2.5601,0.1803
6.900,18.721,-3.7860,-7.1569,89.546,-3.7880,-7.0214,91.315,0.1354,0.0030,0.1355,1.768,0.5441,3.3976,1.943,-4.6829,-10.2662,89.371,4.800,-1.0643,19.178,0.1083,0.0102,0.0532,5.2115,4.7073,4.7419,nan,5.4232,5.4468,0.2157,-0.1194,1.9897,0.0482,0.0297,-0.2072,27.1860,0.0800,1.9246,0.1803
6.950,18.992,-3.7769,-6.8858,86.201,-3.7732,-6.7809,87.696,0.1049,0.0032,0.1050,1.495,0.6122,3.3588,1.587,-4.6645,-10.0143,86.109,4.897,-1.0026,19.460,0.0923,0.0049,0.0458,9.2577,4.6987,4.7419,nan,5.5145,5.5214,0.2187,-0.1097,2.0209,0.0530,0.0277,-0.1810,27.3859,0.0800,1.9246,0.1803
7.000,19.266,-3.7522,-6.6124,83.069,-3.7381,-6.5072,84.924,0.1062,-0.0013,0.1062,1.855,0.5868,3.3661,1.789,-4.6311,-9.7334,83.135,5.065,-0.9375,19.751,0.0870,0.0055,0.0516,9.3783,4.8766,5.0173,nan,5.5996,5.7191,0.2265,-0.0973,2.0796,0.0464,0.0217,-0.1102,27.6857,0.0508,3.9858,0.1803
7.050,19.549,-3.7121,-6.3325,80.310,-3.6934,-6.1828,81.863,0.1507,0.0068,0.1509,1.553,0.5868,3.3661,1.789,-4.5763,-9.4106,80.073,5.208,-0.8154,20.048,0.1025,0.0065,0.0619,9.5088,5.1382,5.4535,nan,5.7625,5.8214,0.2306,-0.0935,2.0796,0.0382,0.0153,-0.1219,27.9856,0.0240,3.2773,0.1803
7.100,19.851,-3.6555,-6.0361,77.710,-3.6332,-5.9176,79.067,0.1206,0.0035,0.1206,1.357,0.6754,3.3130,1.330,-4.5218,-9.1281,77.737,5.365,-0.7872,20.366,0.0935,0.0125,0.0506,4.0646,5.2419,5.3474,nan,5.8423,5.9176,0.2344,-0.0853,2.0796,0.0247,0.0021,-0.1289,28.1855,0.0304,3.5486,0.1803
7.150,19.851,-3.6555,-6.0361,77.710,-3.6328,-5.9260,78.560,0.1124,0.0012,0.1124,0.850,0.7573,3.2661,0.824,-4.5218,-9.1281,77.737,5.365,-0.7872,20.366,0.0935,0.0125,0.0414,3.3206,5.4814,5.7699,nan,5.9894,6.0436,0.2394,-0.0736,2.0799,0.0215,-0.0055,-0.1336,28.4853,0.0212,3.0545,0.1803
7.200,20.144,-3.5878,-5.7506,75.286,-3.5378,-5.5650,75.541,0.1922,-0.0012,0.1922,0.255,0.8416,3.2523,0.397,-4.4403,-8.7868,75.145,5.494,-0.7462,20.674,0.1328,0.0031,0.0305,9.9298,5.3978,5.4307,nan,6.0919,6.2813,0.2488,-0.0583,2.0867,-0.0008,-0.0068,-0.1283,28.7852,0.0800,2.4775,0.1803
7.250,20.455,-3.5035,-5.4512,72.942,-3.4468,-5.2942,73.197,0.1667,-0.0081,0.1669,0.255,0.8764,3.2476,0.236,-4.3583,-8.5239,72.962,5.604,-0.6729,20.997,0.1015,0.0028,0.0220,7.8952,5.6409,5.9574,nan,6.2982,6.4803,0.2566,-0.0477,2.0895,-0.0142,-0.0034,-0.1203,29.0850,0.0696,2.6039,0.1803
7.300,20.733,-3.4186,-5.1873,71.113,-3.3493,-4.9661,71.539,0.2317,0.0061,0.2318,0.426,0.8378,3.2919,0.470,-4.2548,-8.2234,71.069,5.703,-0.6512,21.286,0.1273,0.0021,0.0353,16.9755,5.7846,5.9500,nan,6.5015,6.6776,0.2645,-0.0461,2.0895,0.0006,0.0167,-0.1169,29.4848,0.0800,1.4876,0.1803
7.350,21.010,-3.3259,-4.9255,69.670,-3.2457,-4.6975,70.028,0.2416,0.0040,0.2417,0.357,0.7982,3.3050,0.767,-4.1506,-7.9478,69.261,5.853,-0.5232,21.580,0.1382,0.0024,0.0279,11.8072,5.8327,5.9286,nan,6.6445,6.6587,0.2637,-0.0484,2.0983,0.0073,0.0443,-0.1193,29.7846,0.0800,2.4416,0.1803
7.400,21.344,-3.2066,-4.6142,68.222,-3.1220,-4.3963,69.312,0.2337,0.0023,0.2338,1.090,0.7252,3.3326,1.342,-4.0272,-7.6366,67.970,6.042,-0.4368,21.934,0.1374,0.0027,0.0257,9.4274,6.0313,6.2880,nan,6.7800,6.9285,0.2744,-0.0501,2.1996,0.0204,0.0644,-0.0450,30.0845,0.0522,3.9691,0.1803
7.450,21.687,-3.0758,-4.2963,66.830,-2.9803,-4.0643,68.325,0.2509,0.0035,0.2509,1.495,0.7197,3.3379,1.456,-3.8869,-7.3058,66.868,6.216,-0.4540,22.298,0.1492,0.0044,0.0251,5.7234,6.2835,6.7363,nan,6.9532,7.0119,0.2777,-0.0388,2.1771,0.0295,0.0502,-0.0129,30.4843,0.0198,2.3063,0.1803
7.500,22.032,-2.9367,-3.9807,65.367,-2.8227,-3.7061,66.728,0.2971,0.0108,0.2973,1.361,0.7225,3.3127,1.402,-3.7158,-6.9300,65.326,6.324,-0.4858,22.658,0.2101,0.0061,0.0256,4.2183,6.1981,6.2406,nan,7.0000,7.1731,0.2841,-0.0245,2.1756,0.0359,0.0303,-0.0176,30.7841,0.0592,3.4464,0.1803
7.550,22.385,-2.7862,-3.6621,63.809,-2.6945,-3.4249,66.342,0.2533,0.0224,0.2543,2.534,0.5925,3.3774,2.484,-3.5788,-6.6534,63.858,6.474,-0.4552,23.029,0.1671,0.0055,0.0400,7.2733,6.4379,6.8481,nan,7.0000,7.0045,0.2774,-0.0074,2.1738,0.0354,0.0122,-0.0205,31.0840,0.0015,2.8679,0.1803
7.600,22.751,-2.6213,-3.3347,62.543,-2.5333,-3.0809,64.867,0.2658,0.0390,0.2687,2.323,0.5732,3.3458,2.521,-3.3862,-6.2838,62.346,6.608,-0.3076,23.414,0.2122,0.0019,0.0297,16.0602,6.6012,6.8481,nan,7.0000,6.8939,0.2730,-0.0015,2.1738,0.0526,0.0146,-0.0223,31.3838,-0.0344,2.8679,0.1803
7.650,23.125,-2.4468,-3.0038,61.766,-2.3702,-2.7291,65.265,0.2783,0.0624,0.2852,3.499,0.4427,3.4117,3.699,-3.2032,-5.9465,61.566,6.729,-0.0927,23.805,0.2201,0.0014,0.0418,29.1508,6.7108,6.8958,nan,7.0000,6.8225,0.2702,0.0039,2.1221,0.0587,0.0124,0.0226,31.7836,-0.0568,3.0354,0.1803
7.700,23.495,-2.2717,-2.6784,61.725,-2.1963,-2.3555,65.161,0.3201,0.0866,0.3316,3.437,0.4427,3.4117,3.699,-3.0056,-5.5848,61.462,6.706,0.0223,24.177,0.2605,0.0015,0.0361,23.6602,6.8397,7.0545,nan,6.6572,6.5184,0.2582,-0.0100,2.0892,0.0918,0.0362,0.0331,32.0835,-0.0470,-0.4800,0.1803
7.750,23.495,-2.2717,-2.6784,61.725,-2.1930,-2.3851,65.605,0.2956,0.0696,0.3037,3.880,0.4013,3.4022,4.143,-3.0056,-5.5848,61.462,6.706,0.0223,24.177,0.2605,0.0015,0.0391,25.6204,6.5784,6.5149,nan,6.3831,6.2346,0.2469,-0.0140,2.0650,0.0953,0.0434,0.0481,32.3833,-0.0523,-0.9173,0.1803
7.800,23.862,-2.0977,-2.3546,61.858,-2.0712,-2.0912,66.282,0.2447,0.1008,0.2647,4.424,0.3622,3.4237,4.489,-2.8576,-5.3076,61.792,6.665,0.0330,24.545,0.2093,0.0022,0.0545,25.0711,6.7164,6.9347,nan,6.1364,6.1790,0.2447,-0.0073,2.0397,0.1220,0.0301,0.0620,32.7831,-0.0800,-0.5741,0.1803
7.850,24.232,-1.9229,-2.0295,61.565,-1.8995,-1.7380,66.051,0.2675,0.1182,0.2924,4.486,0.4103,3.3949,4.090,-2.6701,-4.9551,61.961,6.523,-0.1239,24.904,0.2387,0.0056,0.0716,12.8916,6.5794,6.6024,nan,5.9089,5.9378,0.2352,0.0330,2.0219,0.0975,-0.0154,0.0628,33.0830,0.0800,-4.3022,0.1803
7.900,24.547,-1.7721,-1.7528,61.179,-1.7365,-1.4389,64.772,0.2921,0.1201,0.3159,3.593,0.4784,3.3776,3.579,-2.5113,-4.6689,61.192,6.353,-0.1243,25.206,0.2498,0.0071,0.0515,7.2320,6.1578,5.7755,nan,5.7643,5.4824,0.2171,0.0670,2.0219,0.0634,-0.0429,0.0568,33.2828,0.0800,-2.7228,0.1803
7.950,24.892,-1.6050,-1.4505,60.954,-1.5964,-1.1596,63.445,0.2584,0.1337,0.2910,2.491,0.5821,3.3905,2.637,-2.3856,-4.4451,60.808,6.210,0.0261,25.540,0.1649,0.0013,0.0385,29.6916,6.2704,6.4338,nan,5.4830,5.6041,0.2219,0.1100,2.0204,0.0311,-0.0687,0.0632,33.6826,0.0800,-4.2277,0.1803
8.000,25.192,-1.4607,-1.1877,61.773,-1.4171,-0.7902,64.175,0.3708,0.1495,0.3998,2.401,0.5684,3.4650,3.147,-2.2161,-4.1398,61.028,6.035,0.3677,25.827,0.2111,0.0038,0.0178,4.6977,5.9608,5.8536,nan,5.2738,5.4402,0.2155,0.1101,1.9461,0.0300,-0.0504,0.1108,34.0824,0.0762,-6.6004,0.1803
8.050,25.474,-1.3295,-0.9375,63.379,-1.2974,-0.5341,65.530,0.3750,0.1520,0.4046,2.151,0.6104,3.4558,2.669,-2.0915,-3.8968,62.861,5.758,0.6657,26.088,0.2026,0.0080,0.0207,2.5779,5.5350,5.0943,nan,5.1984,5.0722,0.2009,0.1042,1.9359,0.0282,-0.0285,0.1263,34.2823,0.0800,-3.6170,0.1803
8.100,25.792,-1.1927,-0.6505,66.395,-1.1993,-0.3118,67.171,0.3077,0.1416,0.3388,0.776,0.6844,3.4256,1.712,-1.9945,-3.6795,65.459,5.607,0.9645,26.398,0.1293,0.0055,0.0290,5.3184,5.5944,5.6882,nan,4.9508,5.0398,0.1996,0.1032,1.8929,0.0232,-0.0111,0.1453,34.5822,0.0426,-3.6004,0.1803
8.150,26.102,-1.0750,-0.3645,69.433,-1.0729,0.0036,69.945,0.3454,0.1273,0.3681,0.512,0.7691,3.3825,0.555,-1.8745,-3.3609,69.390,5.435,0.8868,26.696,0.1619,0.0043,0.0097,2.2712,5.4825,5.5068,nan,4.6668,4.5986,0.1821,0.1292,1.8129,-0.0037,-0.0185,0.1561,34.7821,-0.0332,-5.7327,0.1787
8.200,26.393,-0.9777,-0.0893,72.156,-0.9794,0.2931,73.304,0.3635,0.1188,0.3824,1.148,0.7465,3.3814,0.860,-1.7720,-3.0620,72.444,5.202,0.8374,26.973,0.1857,0.0038,0.0105,2.7655,5.0646,4.6904,nan,4.5750,4.7196,0.1869,0.1294,1.7810,0.0001,-0.0147,0.1656,34.9820,0.0800,-3.4108,0.1787
8.250,26.675,-0.8963,0.1807,74.749,-0.9193,0.4717,74.967,0.2747,0.0988,0.2919,0.218,0.7896,3.3505,0.287,-1.7233,-2.8702,74.680,5.065,0.8146,27.247,0.1107,0.0153,0.0329,2.1563,5.1389,5.2239,nan,4.4121,4.3700,0.1731,0.1298,1.7636,0.0033,-0.0196,0.1802,35.2818,-0.0218,-3.4108,0.1787
8.300,26.960,-0.8278,0.4568,77.954,-0.8237,0.7911,77.552,0.3278,0.0657,0.3343,-0.402,0.8192,3.3536,0.179,-1.6510,-2.5574,77.372,4.775,0.9642,27.513,0.1459,0.0131,0.0052,0.4000,5.1607,5.2239,nan,4.1353,4.0855,0.1618,0.1622,1.7343,-0.0219,-0.0250,0.1790,35.4817,-0.0800,-1.9055,0.1787
8.350,27.224,-0.7784,0.7166,81.027,-0.7865,1.0146,80.585,0.2931,0.0545,0.2981,-0.442,0.8498,3.3232,-0.456,-1.6179,-2.3215,81.041,4.641,1.0016,27.770,0.1264,0.0147,0.0060,0.4111,4.8424,4.7468,nan,4.0454,4.0148,0.1590,0.1591,1.6921,-0.0301,0.0050,0.1814,35.6816,-0.0173,-2.4084,0.1787
8.400,27.465,-0.7467,0.9551,84.447,-0.7602,1.2601,83.760,0.3022,0.0429,0.3052,-0.687,0.8498,3.3232,-0.456,-1.5935,-2.0759,84.216,4.302,1.0675,27.990,0.1356,0.0218,0.0116,0.5325,4.6160,4.5929,nan,3.9694,4.0904,0.1620,0.1694,1.6310,-0.0313,0.0101,0.1764,35.8815,0.0701,-7.7695,0.1787
8.450,27.465,-0.7467,0.9551,84.447,-0.7579,1.2117,84.112,0.2543,0.0360,0.2568,-0.335,0.8394,3.2846,-0.104,-1.5935,-2.0759,84.216,4.302,1.0675,27.990,0.1356,0.0218,0.0136,0.6258,4.2176,3.9733,nan,3.9694,3.7113,0.1470,0.1356,1.6027,-0.0156,0.0596,0.1733,35.9814,0.0800,-5.4962,0.1787
8.500,27.691,-0.7302,1.1807,87.663,-0.7348,1.3600,86.370,0.1790,0.0119,0.1794,-1.293,0.9042,3.2057,-1.501,-1.5901,-1.8880,87.871,4.098,1.0597,28.205,0.1076,0.0253,0.0076,0.3013,3.9108,3.8483,nan,3.8680,3.5241,0.1396,0.1527,1.5493,-0.0276,0.0462,0.2126,36.1814,0.0800,-1.9914,0.1787
8.550,27.903,-0.7267,1.3920,90.847,-0.7254,1.5392,88.544,0.1471,-0.0035,0.1472,-2.304,0.9378,3.1575,-2.405,-1.5937,-1.6867,90.949,4.035,1.0636,28.414,0.1039,0.0101,0.0109,1.0800,3.8513,3.8737,nan,3.8680,3.8806,0.1537,0.1654,1.5022,-0.0242,0.0593,0.2453,36.2813,0.0073,-0.9939,0.1787
8.600,28.137,-0.7356,1.6263,93.753,-0.7304,1.7030,91.716,0.0762,-0.0102,0.0769,-2.036,0.9412,3.1028,-2.504,-1.6089,-1.4714,94.220,3.789,0.8764,28.635,0.0948,0.0163,0.0119,0.7278,3.9460,4.0007,nan,3.6894,3.5788,0.1417,0.1866,1.5392,-0.0138,0.0374,0.2421,36.4812,0.0800,-5.2892,0.1787
8.650,28.340,-0.7532,1.8281,96.519,-0.7372,1.9359,93.851,0.1053,-0.0282,0.1090,-2.668,0.9551,3.0937,-2.763,-1.6344,-1.2381,96.614,3.619,0.9192,28.829,0.1226,0.0273,0.0118,0.4325,3.5724,3.4114,nan,3.6894,3.7783,0.1496,0.1857,1.3934,-0.0100,0.0542,0.2363,36.5811,0.0515,2.1931,0.1787
8.700,28.545,-0.7814,2.0318,99.547,-0.7537,2.0745,96.521,0.0375,-0.0344,0.0509,-3.026,0.9606,3.0770,-2.880,-1.6617,-1.0874,99.400,3.690,1.0181,29.041,0.0891,0.0381,0.0142,0.3732,3.7695,3.8717,nan,3.4501,3.4895,0.1382,0.1994,1.2983,0.0055,0.0577,0.2942,36.7810,0.0800,-3.4540,0.1787
8.750,28.745,-0.8196,2.2276,102.868,-0.7996,2.3034,100.125,0.0695,-0.0364,0.0784,-2.743,0.9508,3.0758,-2.663,-1.7126,-0.8529,102.788,3.589,1.0432,29.236,0.1211,0.0106,0.0204,1.9184,3.5433,3.5231,nan,3.3640,3.4975,0.1385,0.2140,1.2203,0.0108,0.0412,0.3731,36.9809,0.0773,1.2430,0.1787
8.800,28.947,-0.8700,2.4239,106.249,-0.8503,2.5087,103.585,0.0759,-0.0427,0.0871,-2.664,0.9438,3.1071,-2.654,-1.7645,-0.6808,106.239,3.619,1.1008,29.442,0.1083,0.0274,0.0171,0.6247,3.5011,3.5231,nan,3.1940,3.2291,0.1279,0.2012,1.2058,0.0363,0.0230,0.3794,37.1808,0.0203,1.2430,0.1787
8.850,29.142,-0.9296,2.6095,109.703,-0.9128,2.7098,107.245,0.0888,-0.0496,0.1017,-2.457,0.9428,3.1066,-2.562,-1.8360,-0.4794,109.808,3.473,1.0800,29.631,0.1268,0.0301,0.0156,0.5180,3.6023,3.6554,nan,3.0405,2.9953,0.1186,0.2491,1.1269,0.0436,0.0053,0.3943,37.3807,-0.0262,-3.7856,0.1787
8.900,29.331,-0.9979,2.7850,113.099,-0.9730,2.8660,110.547,0.0647,-0.0546,0.0847,-2.552,0.9428,3.1066,-2.562,-1.9032,-0.3261,113.110,3.267,1.0954,29.810,0.1151,0.0365,0.0140,0.3828,3.3743,3.3516,nan,2.9646,3.0371,0.1203,0.2549,1.1302,0.0548,0.0179,0.4084,37.4807,0.0420,-5.3287,0.1787
8.950,29.331,-0.9979,2.7850,113.099,-0.9699,2.8477,110.051,0.0467,-0.0503,0.0686,-3.047,0.9479,3.0717,-3.058,-1.9032,-0.3261,113.110,3.267,1.0954,29.810,0.1151,0.0365,0.0177,0.4849,3.2476,3.2535,nan,2.8822,3.0005,0.1188,0.2708,1.0156,0.0645,-0.0198,0.4405,37.6806,0.0685,-5.8451,0.1787
9.000,29.507,-1.0719,2.9447,116.975,-1.0375,2.9911,113.663,0.0258,-0.0517,0.0578,-3.312,0.9507,3.0582,-2.936,-1.9822,-0.1688,116.599,3.055,1.2134,29.977,0.1188,0.0461,0.0146,0.3176,3.0288,3.0058,nan,2.8822,2.8295,0.1121,0.2182,0.9472,0.0825,0.0097,0.4612,37.7805,0.0800,-2.1712,0.1787
9.050,29.673,-1.1517,3.0901,120.775,-1.1161,3.1278,118.242,0.0142,-0.0499,0.0519,-2.533,0.9450,3.0766,-2.540,-2.0614,-0.0402,120.782,2.985,1.2507,30.141,0.1129,0.0196,0.0207,1.0542,2.9846,3.0022,nan,2.6843,2.8063,0.1111,0.2487,0.9334,0.0956,0.0331,0.4888,37.8805,0.0800,-1.5634,0.1787
9.100,29.841,-1.2429,3.2321,124.817,-1.2212,3.2975,122.726,0.0413,-0.0552,0.0689,-2.091,0.9301,3.1245,-2.025,-2.1560,0.0968,124.751,2.933,1.0254,30.309,0.1151,0.0269,0.0113,0.4211,2.9995,3.0262,nan,2.5251,2.4897,0.0986,0.3146,0.9157,0.0967,-0.0185,0.5630,38.0804,-0.0205,-2.8974,0.1787
9.150,29.996,-1.3347,3.3572,127.845,-1.3238,3.4420,125.952,0.0603,-0.0607,0.0855,-1.892,0.9265,3.1324,-2.082,-2.2600,0.2277,128.035,2.825,1.0194,30.460,0.1283,0.0310,0.0177,0.5718,2.7839,2.7596,nan,2.5144,2.6285,0.1041,0.3758,0.8499,0.0906,-0.0910,0.6231,38.2803,0.0661,-2.2651,0.1787
9.200,30.155,-1.4357,3.4797,131.380,-1.4087,3.5360,128.975,0.0245,-0.0575,0.0625,-2.405,0.9305,3.1127,-2.178,-2.3536,0.3341,131.153,2.731,1.1614,30.616,0.1183,0.0431,0.0145,0.3369,2.7458,2.7623,nan,2.4911,2.5977,0.1029,0.4061,0.8383,0.0935,-0.0899,0.6562,38.3802,0.0617,-5.8893,0.1787
9.250,30.296,-1.5324,3.5825,135.346,-1.5172,3.6571,133.120,0.0416,-0.0638,0.0761,-2.226,0.9289,3.1302,-1.967,-2.4627,0.4426,135.087,2.539,1.3266,30.750,0.1313,0.0128,0.0209,1.6383,2.4744,2.4189,nan,2.4911,2.5038,0.0992,0.4661,0.8000,0.0816,-0.0828,0.5707,38.4802,0.0073,-0.7819,0.1787
9.300,30.436,-1.6352,3.6765,140.015,-1.6046,3.7340,137.630,0.0135,-0.0637,0.0651,-2.385,0.9289,3.1302,-1.967,-2.5527,0.5164,139.597,2.529,1.5519,30.892,0.1172,0.0179,0.0188,1.0503,2.4091,2.4189,nan,2.3905,2.0675,0.0819,0.4890,0.8000,0.0800,-0.0545,0.3563,38.5801,0.0800,-0.7819,0.1787
9.350,30.564,-1.7367,3.7551,144.711,-1.7201,3.8389,142.352,0.0348,-0.0780,0.0854,-2.359,0.9180,3.1452,-2.155,-2.6623,0.5940,144.508,2.500,1.6108,31.021,0.1254,0.0185,0.0252,1.3645,2.4924,2.5290,nan,2.2077,2.1240,0.0841,0.5665,0.8000,0.0793,-0.0860,0.9410,38.7800,-0.0800,-1.4051,0.1787
9.400,30.687,-1.8399,3.8217,149.978,-1.8567,3.9474,147.830,0.0774,-0.1004,0.1268,-2.147,0.9027,3.1968,-1.783,-2.7814,0.6644,149.613,2.174,1.7282,31.132,0.1412,0.0242,0.0358,1.4779,2.5380,2.5664,nan,2.1977,2.2180,0.0878,0.6466,0.8000,0.0537,-0.0903,0.8944,38.8800,-0.0800,-7.5540,0.1787
9.450,30.804,-1.9444,3.8752,155.968,-1.9461,3.9876,154.003,0.0473,-0.1020,0.1124,-1.965,0.9027,3.1968,-1.783,-2.8720,0.7018,155.786,2.056,1.8939,31.249,0.1282,0.0351,0.0229,0.6539,2.2094,2.0906,nan,2.1977,2.2291,0.0883,0.7028,0.8000,0.0361,-0.0722,0.8686,38.9799,0.0182,-4.2699,0.1787
9.500,30.804,-1.9444,3.8752,155.968,-1.9510,4.0124,153.607,0.0619,-0.1226,0.1373,-2.362,0.8923,3.2019,-2.179,-2.8720,0.7018,155.786,2.056,1.8939,31.249,0.1282,0.0351,0.0331,0.9448,2.0250,2.0041,nan,2.1884,2.3126,0.0916,0.7409,0.8000,0.0012,-0.0588,0.8518,39.0799,0.0719,-0.5711,0.1787
9.550,30.919,-2.0517,3.9160,162.627,-2.0442,4.0668,159.549,0.0379,-0.1462,0.1510,-3.078,0.8890,3.2133,-2.151,-2.9631,0.7428,161.700,2.047,2.1402,31.370,0.1121,0.0475,0.0336,0.7081,2.2192,2.2959,nan,2.2133,2.1665,0.0858,0.7646,0.8000,-0.0130,-0.1049,1.0097,39.2798,0.0800,-1.0192,0.1787
9.600,31.031,-2.1602,3.9429,169.765,-2.1971,4.1036,167.738,0.0649,-0.1516,0.1649,-2.026,0.8835,3.2201,-2.051,-3.1103,0.7727,169.789,2.027,2.3464,31.490,0.1502,0.0061,0.0574,9.3494,2.0708,2.0611,nan,2.3107,2.3908,0.0947,0.7531,0.8000,-0.0148,-0.0858,1.1867,39.3797,0.0800,-0.6555,0.1787
9.650,31.145,-2.2733,3.9557,177.630,-2.2893,4.1127,175.324,0.0225,-0.1562,0.1578,-2.306,0.8929,3.2478,-1.491,-3.2036,0.7817,176.815,2.040,2.4606,31.616,0.1310,0.0163,0.0482,2.9671,2.2992,2.4016,nan,2.3828,2.4463,0.0969,0.7298,0.8000,-0.0123,-0.0517,1.1875,39.4797,0.0368,-2.2812,0.1787
9.700,31.257,-2.3854,3.9527,-174.445,-2.4448,4.1012,-176.013,0.0447,-0.1536,0.1599,-1.569,0.8899,3.2377,-1.593,-3.3574,0.7704,-174.420,1.991,2.4729,31.736,0.1734,0.0241,0.0562,2.3322,2.1473,2.1373,nan,2.4284,2.4673,0.0977,0.6815,0.8000,-0.0031,-0.0514,1.2528,39.5796,0.0800,0.9946,0.1787
9.750,31.368,-2.4956,3.9345,-166.530,-2.5498,4.0798,-167.918,0.0189,-0.1539,0.1551,-1.387,0.8904,3.2614,-1.247,-3.4573,0.7433,-166.671,2.067,2.4876,31.864,0.1647,0.0326,0.0442,1.3529,2.2847,2.3359,nan,2.5267,2.6533,0.1051,0.6747,0.8000,-0.0092,-0.0401,1.2404,39.6795,0.0800,0.9700,0.1787
9.800,31.484,-2.6059,3.9002,-158.660,-2.6843,4.0301,-159.601,0.0257,-0.1495,0.1517,-0.942,0.8941,3.2501,-1.416,-3.5965,0.6912,-158.185,2.138,2.3933,31.995,0.1969,0.0412,0.0461,1.1202,2.2344,2.2452,nan,2.6323,2.6682,0.1057,0.6543,0.8000,-0.0202,-0.1427,1.0377,39.8794,0.0208,1.3727,0.1787
9.850,31.605,-2.7159,3.8487,-150.977,-2.7828,3.9698,-152.360,-0.0003,-0.1383,0.1383,-1.383,0.9025,3.2607,-1.179,-3.6991,0.6331,-151.182,2.200,2.4211,32.130,0.1917,0.0069,0.0746,10.8580,2.2283,2.2452,nan,2.7397,2.7995,0.1109,0.6162,0.8000,-0.0186,-0.1372,1.0181,39.9794,0.0800,1.3727,0.1787
9.900,31.736,-2.8257,3.7776,-142.807,-2.8992,3.8768,-143.797,-0.0014,-0.1235,0.1235,-0.990,0.9188,3.2885,-0.684,-3.8247,0.5426,-143.113,2.322,2.3365,32.280,0.2130,0.0185,0.0650,3.5119,2.4127,2.4868,nan,2.8660,2.9727,0.1177,0.5690,0.8603,-0.0224,-0.0992,0.8579,40.0793,0.0618,1.5436,0.1787
9.950,31.863,-2.9217,3.6953,-135.621,-3.0108,3.7699,-136.236,0.0115,-0.1156,0.1162,-0.615,0.9188,3.2885,-0.684,-3.9350,0.4344,-135.552,2.454,2.2894,32.425,0.2364,0.0209,0.0681,3.2624,2.5863,2.6569,nan,2.9308,2.8115,0.1113,0.4836,0.9779,-0.0163,-0.1252,0.6680,40.2792,-0.0691,2.6640,0.1787
10.000,31.863,-2.9217,3.6953,-135.621,-2.9986,3.7565,-135.794,0.0122,-0.0975,0.0983,-0.173,0.9345,3.3055,-0.242,-3.9350,0.4344,-135.552,2.454,2.2894,32.425,0.2364,0.0209,0.0599,2.8732,2.6404,2.6715,nan,3.1274,3.1052,0.1230,0.4097,0.9983,-0.0020,-0.0716,0.6141,40.3791,-0.0129,3.4768,0.1787
10.050,32.002,-3.0154,3.5921,-128.352,-3.0792,3.6488,-128.100,-0.0049,-0.0852,0.0854,0.252,0.9507,3.3468,0.211,-4.0287,0.3168,-128.311,2.604,2.0905,32.583,0.2431,0.0274,0.0494,1.8058,2.7772,2.8336,nan,3.3363,3.4496,0.1366,0.3520,1.0500,0.0035,-0.0344,0.6710,40.4791,0.0800,2.1126,0.1787
10.100,32.149,-3.1003,3.4718,-121.948,-3.1581,3.5146,-121.078,-0.0058,-0.0717,0.0719,0.869,0.9607,3.3855,0.644,-4.1170,0.1754,-121.722,2.664,1.8042,32.737,0.2567,0.0081,0.0432,5.3325,2.7661,2.7866,nan,3.4453,3.2208,0.1276,0.3139,1.0801,0.0077,-0.0888,0.6539,40.6790,0.0800,4.7917,0.1787
10.150,32.301,-3.1745,3.3394,-116.348,-3.2171,3.3743,-115.535,-0.0124,-0.0536,0.0550,0.813,0.9661,3.3881,0.726,-4.1830,0.0392,-116.261,2.849,1.6586,32.903,0.2520,0.0111,0.0370,3.3374,2.9508,3.0318,nan,3.6696,3.6907,0.1462,0.2675,1.2194,0.0038,-0.0705,0.5357,40.7790,0.0800,5.7089,0.1776
10.200,32.474,-3.2443,3.1808,-110.880,-3.2735,3.1911,-109.850,0.0008,-0.0310,0.0310,1.030,0.9753,3.4043,1.050,-4.2520,-0.1353,-110.899,3.088,1.5274,33.095,0.2606,0.0218,0.0351,1.6110,3.2078,3.3623,nan,3.9886,4.0944,0.1622,0.2026,1.4010,0.0016,-0.0866,0.4146,40.9789,0.0800,0.6131,0.1776
10.250,32.642,-3.2979,3.0220,-106.204,-3.3295,2.9888,-105.015,0.0407,-0.0210,0.0458,1.189,0.9798,3.3837,0.658,-4.3135,-0.3454,-105.673,3.144,1.3627,33.268,0.3001,0.0239,0.0410,1.7186,2.9492,2.9067,nan,3.9886,3.9068,0.1547,0.1700,1.3562,-0.0031,-0.1024,0.2973,41.1788,0.0800,5.6551,0.1776
10.300,32.846,-3.3469,2.8243,-101.374,-3.3426,2.8261,-100.737,-0.0026,0.0039,0.0047,0.637,0.9888,3.3811,0.916,-4.3397,-0.4857,-101.653,3.405,1.2279,33.490,0.2451,0.0120,0.0108,0.8958,2.8918,2.9067,nan,4.1858,3.8880,0.1540,0.1469,1.2992,-0.0152,-0.0677,0.2356,41.2787,0.0800,5.6551,0.1776
10.350,33.020,-3.3768,2.6529,-98.171,-3.3635,2.5731,-96.373,0.0771,0.0246,0.0810,1.798,0.9908,3.4133,1.482,-4.3746,-0.7273,-97.855,3.668,1.1573,33.683,0.2970,0.0122,0.0119,0.9778,3.1256,3.8162,nan,4.2444,4.1706,0.1652,0.0747,1.3329,-0.0221,-0.0598,0.1487,41.5785,0.0800,6.1291,0.1776
10.400,33.198,-3.3985,2.4763,-95.797,-3.3765,2.3597,-93.331,0.1138,0.0337,0.1187,2.466,0.9970,3.3917,1.172,-4.3937,-0.9424,-94.503,3.740,0.7692,33.866,0.3252,0.0115,0.0140,1.2169,3.4242,3.8630,nan,3.9917,3.8767,0.1535,0.0134,1.2701,-0.0188,-0.0294,0.1262,41.7785,-0.0643,3.8869,0.1776
10.450,33.440,-3.4193,2.2343,-94.130,-3.3831,2.2032,-92.140,0.0284,0.0384,0.0477,1.990,0.9970,3.3917,1.172,-4.4034,-1.0987,-93.312,3.926,0.2969,34.120,0.2536,0.0178,0.0102,0.5721,3.3108,3.3198,nan,3.7563,3.7049,0.1467,0.0166,1.2281,-0.0303,-0.0531,0.1148,41.8784,-0.0800,4.0348,0.1776
10.500,33.440,-3.4193,2.2343,-94.130,-3.3864,2.1843,-92.586,0.0475,0.0364,0.0599,1.544,1.0028,3.3386,0.726,-4.4034,-1.0987,-93.312,3.926,0.2969,34.120,0.2536,0.0178,0.0069,0.3865,3.4924,4.5189,nan,3.3351,2.8385,0.1124,0.0030,1.1489,-0.0741,-0.0946,-0.0809,42.2782,0.0800,-1.4511,0.1776
10.550,33.655,-3.4338,2.0207,-93.841,-3.4018,1.8664,-92.388,0.1518,0.0423,0.1576,1.453,1.0015,3.3468,0.783,-4.4231,-1.4201,-93.171,3.867,0.0744,34.330,0.3399,0.0212,0.0145,0.6850,3.6635,3.7470,nan,3.2296,3.0594,0.1212,-0.0035,1.1376,-0.0940,-0.1011,-0.1324,42.3782,0.0800,-0.7564,0.1776
10.600,33.867,-3.4473,1.8083,-93.523,-3.4095,1.7267,-92.457,0.0791,0.0427,0.0899,1.066,0.9915,3.3886,1.159,-4.4338,-1.5725,-93.617,3.744,0.0748,34.535,0.2901,0.0130,0.0113,0.8691,3.8172,3.8938,nan,2.9980,2.9907,0.1184,-0.0967,1.1369,-0.1064,-0.0529,-0.2304,42.5780,-0.0042,-5.9443,0.1776
10.650,34.060,-3.4589,1.6158,-93.477,-3.4202,1.5139,-92.144,0.0994,0.0448,0.1090,1.334,0.9899,3.4026,1.136,-4.4467,-1.8010,-93.279,3.285,-0.0172,34.693,0.3193,0.0151,0.0123,0.8125,3.5150,2.7926,nan,2.8851,2.9799,0.1180,-0.0939,1.0469,-0.1141,-0.0357,-0.2763,42.6780,0.0549,-4.5122,0.1776
10.700,34.239,-3.4697,1.4376,-93.565,-3.4242,1.4249,-92.395,0.0099,0.0462,0.0472,1.170,0.9899,3.4026,1.136,-4.4524,-1.8899,-93.531,3.112,-0.1124,34.863,0.2488,0.0161,0.0158,0.9817,3.2019,3.1232,nan,2.7936,2.8193,0.1117,-0.1506,0.9582,-0.1189,-0.0152,-0.3189,42.7779,0.0800,-3.1367,0.1776
10.750,34.406,-3.4815,1.2704,-94.885,-3.4351,1.2300,-93.561,0.0363,0.0497,0.0615,1.324,1.0166,3.3468,0.376,-4.4655,-2.0875,-93.937,2.998,-0.4428,35.025,0.2713,0.0190,0.0146,0.7680,2.8882,2.8045,nan,2.7936,2.5553,0.1012,-0.1139,0.8643,-0.1276,-0.0280,-0.3614,42.8779,0.0800,-1.2746,0.1776
10.800,34.573,-3.4974,1.1047,-96.287,-3.4456,1.1070,-95.784,-0.0080,0.0512,0.0518,0.503,1.0185,3.3609,0.460,-4.4820,-2.2181,-96.243,2.944,-0.4942,35.189,0.2470,0.0215,0.0026,0.1214,3.0104,3.0641,nan,2.6838,2.7132,0.1075,-0.1952,0.8966,-0.1346,0.0116,-0.4308,43.0778,0.0800,-3.2107,0.1776
10.850,34.734,-3.5177,0.9447,-98.392,-3.4763,0.9071,-98.193,0.0311,0.0464,0.0559,0.200,1.0423,3.2927,-0.271,-4.5073,-2.4070,-97.921,2.811,-0.5175,35.344,0.2706,0.0130,0.0031,0.2348,3.0353,3.0641,nan,2.5462,2.6615,0.1054,-0.3298,0.9040,-0.1244,0.0772,-0.4608,43.2777,0.0668,-3.2107,0.1776
10.900,34.888,-3.5420,0.7931,-99.971,-3.5085,0.7809,-100.251,0.0062,0.0351,0.0357,-0.280,1.0344,3.2879,-0.265,-4.5312,-2.5281,-99.985,2.622,-0.5956,35.490,0.2494,0.0143,0.0016,0.1097,2.7546,2.6955,nan,2.4220,2.4640,0.0976,-0.3208,0.8204,-0.1330,0.0780,-0.5159,43.3777,0.0800,-5.6357,0.1776
10.950,35.025,-3.5689,0.6580,-103.356,-3.5355,0.6188,-102.065,0.0304,0.0416,0.0515,1.291,1.0351,3.2819,-0.182,-4.5621,-2.6776,-101.883,2.566,-1.2956,35.627,0.2620,0.0237,0.0063,0.2669,2.6989,2.7126,nan,2.3469,2.4777,0.0981,-0.4273,0.8038,-0.1290,0.0990,-0.5800,43.4776,0.0757,-0.7816,0.1776
11.000,35.168,-3.6064,0.5206,-107.485,-3.5741,0.5061,-107.567,0.0042,0.0352,0.0355,-0.082,1.0351,3.2819,-0.182,-4.6003,-2.7905,-107.385,2.452,-1.3251,35.767,0.2466,0.1353,0.1090,0.8055,2.4830,2.4550,nan,2.3363,2.4260,0.0961,-0.4454,0.8000,-0.1286,0.1053,-0.7531,43.6775,0.0519,-3.5392,0.1776
11.050,35.168,-3.6064,0.5206,-107.485,-3.5719,0.4912,-107.332,0.0177,0.0418,0.0454,0.152,1.0259,3.2858,0.052,-4.6003,-2.7905,-107.385,2.452,-1.3251,35.767,0.2466,0.0362,0.0087,0.2389,2.5428,2.5742,nan,2.1771,2.2011,0.0872,-0.5756,0.8000,-0.1089,0.1073,-0.6165,43.7775,0.0139,-2.0155,0.1776
11.100,35.298,-3.6503,0.3978,-112.349,-3.6296,0.3446,-112.003,0.0413,0.0394,0.0571,0.346,1.0348,3.2672,-0.147,-4.6568,-2.9346,-111.856,2.390,-1.6578,35.898,0.2699,0.0086,0.0041,0.4706,2.3139,2.2786,nan,2.1771,2.0409,0.0808,-0.5753,0.8000,-0.1129,0.0609,-0.5703,43.8774,0.0800,-2.1551,0.1776
11.150,35.430,-3.7060,0.2779,-117.686,-3.6856,0.2332,-117.560,0.0301,0.0388,0.0492,0.126,1.0188,3.2753,0.122,-4.7109,-3.0321,-117.682,2.326,-1.6820,36.030,0.2547,0.0161,0.0028,0.1721,2.3407,2.3638,nan,2.1449,2.1319,0.0844,-0.7187,0.8000,-0.1000,0.1445,-1.0352,44.0773,-0.0075,-5.1384,0.1776
11.200,35.559,-3.7713,0.1673,-123.954,-3.7526,0.1413,-122.334,0.0111,0.0301,0.0321,1.620,0.9965,3.3382,0.624,-4.7836,-3.1450,-122.958,2.124,-1.9475,36.155,0.2621,0.0291,0.0068,0.2317,2.2856,2.2961,nan,2.1449,2.1705,0.0860,-0.7155,0.8000,-0.1098,0.1325,-1.0395,44.1773,0.0148,-4.8182,0.1776
11.250,35.671,-3.8388,0.0775,-129.881,-3.8275,0.0532,-128.609,0.0114,0.0242,0.0268,1.272,0.9488,3.4220,1.541,-4.8652,-3.2391,-130.149,1.995,-1.9008,36.267,0.2760,0.0464,0.0123,0.2660,2.0566,2.0177,nan,2.1357,2.1959,0.0870,-0.7393,0.8000,-0.1095,0.1664,-1.0939,44.2772,0.0348,-1.2638,0.1776
11.300,35.778,-3.9114,-0.0005,-136.362,-3.8834,-0.0132,-133.661,-0.0115,0.0285,0.0308,2.702,0.9210,3.4791,2.210,-4.9355,-3.3044,-135.871,1.954,-2.2503,36.379,0.2670,0.0740,0.0058,0.0781,2.0306,2.0431,nan,2.2945,2.3505,0.0931,-0.7368,0.8000,-0.1053,0.1515,-1.1899,44.3772,0.0800,-1.0001,0.1776
11.350,35.887,-3.9951,-0.0709,-143.661,-3.9773,-0.0813,-141.601,-0.0082,0.0189,0.0206,2.061,0.9192,3.4884,2.233,-5.0318,-3.3762,-143.833,1.957,-2.3130,36.497,0.2783,0.0131,0.0302,2.3077,2.0275,2.0431,nan,2.3591,2.3475,0.0930,-0.7518,0.8000,-0.0853,0.1739,-1.2908,44.4771,0.0800,-1.0001,0.1776
11.400,35.999,-4.0891,-0.1310,-151.364,-4.0703,-0.1417,-148.847,-0.0114,0.0184,0.0217,2.517,0.9432,3.4528,1.866,-5.1279,-3.4294,-150.713,1.966,-2.4086,36.620,0.2766,0.0333,0.0212,0.6362,2.0317,2.0485,nan,2.4090,2.3517,0.0931,-0.7433,0.8000,-0.0829,0.1854,-1.3042,44.5770,0.0800,-1.0873,0.1776
11.450,36.104,-4.1849,-0.1758,-158.844,-4.1847,-0.2054,-156.863,0.0105,0.0276,0.0296,1.981,0.9301,3.4906,2.271,-5.2572,-3.4904,-159.134,2.025,-2.4686,36.740,0.3137,0.0461,0.0180,0.3895,2.2278,2.3057,nan,2.5128,2.6402,0.1046,-0.7638,0.8000,-0.0519,0.1665,-1.2339,44.6769,0.0738,0.3761,0.1776
11.500,36.104,-4.1849,-0.1758,-158.844,-4.1847,-0.2054,-156.863,0.0105,0.0276,0.0296,1.981,0.9301,3.4906,2.271,-5.2572,-3.4904,-159.134,2.025,-2.4686,36.740,0.3137,0.0461,0.0180,0.3895,2.1422,2.1465,nan,2.6190,2.7445,0.1087,-0.7195,0.8000,-0.0418,0.1690,-1.1083,44.7769,0.0726,0.0614,0.1776
11.550,36.219,-4.2941,-0.2098,-166.822,-4.2829,-0.2455,-164.188,-0.0028,0.0373,0.0374,2.634,0.9236,3.5012,2.512,-5.3658,-3.5149,-166.699,2.069,-2.5787,36.870,0.3085,0.0798,0.0196,0.2455,2.2797,2.3310,nan,2.7145,2.8400,0.1125,-0.7192,0.8000,-0.0109,0.2499,-1.0334,44.9768,0.0800,1.9507,0.1776
11.600,36.339,-4.4125,-0.2289,-175.468,-4.4191,-0.2660,-173.073,0.0095,0.0364,0.0376,2.395,0.9642,3.4466,1.928,-5.5052,-3.5294,-175.001,2.215,-2.6516,37.013,0.3251,0.0075,0.0532,7.0967,2.5051,2.6077,nan,2.8055,2.7837,0.1102,-0.6463,0.8884,0.0120,0.1894,-0.8563,45.0768,-0.0126,2.6197,0.1776
11.650,36.464,-4.5378,-0.2301,176.047,-4.5569,-0.2630,178.036,0.0168,0.0341,0.0380,1.988,0.9941,3.4328,1.783,-5.6633,-3.5213,176.253,2.333,-2.7398,37.160,0.3513,0.0207,0.0392,1.8967,2.6364,2.6894,nan,2.7936,2.7858,0.1103,-0.5708,0.9739,0.0191,0.1243,-0.7607,45.1767,-0.0800,0.9991,0.1776
11.700,36.578,-4.6507,-0.2153,168.427,-4.6846,-0.2319,169.250,0.0298,0.0230,0.0377,0.824,1.0351,3.3988,1.393,-5.8062,-3.4905,167.857,2.418,-2.6140,37.291,0.3740,0.0136,0.0359,2.6426,2.5299,2.5337,nan,2.8529,2.7413,0.1086,-0.5296,0.9346,0.0129,0.0750,-0.7202,45.2766,-0.0646,2.3907,0.1776
11.750,36.715,-4.7829,-0.1787,160.244,-4.7940,-0.1957,161.321,0.0047,0.0197,0.0203,1.077,1.0690,3.3631,1.094,-5.9299,-3.4463,160.227,2.475,-2.5546,37.443,0.3635,0.0269,0.0272,1.0113,2.6980,2.7672,nan,2.9329,2.9158,0.1155,-0.4646,0.9967,0.0147,0.0780,-0.6292,45.4765,-0.0098,-0.4090,0.1776
11.800,36.856,-4.9124,-0.1229,152.891,-4.9200,-0.1143,153.396,0.0107,-0.0042,0.0115,0.505,1.0909,3.3725,1.086,-6.0760,-3.3722,152.310,2.548,-2.1581,37.594,0.3745,0.0497,0.0425,0.8557,2.7656,2.8010,nan,3.2017,3.0856,0.1222,-0.4194,1.0217,-0.0026,0.0581,-0.7060,45.5765,0.0800,0.4475,0.1776
11.850,36.997,-5.0339,-0.0517,146.165,-5.0417,-0.0261,147.168,0.0207,-0.0169,0.0267,1.003,1.1047,3.3679,0.998,-6.2045,-3.2864,146.170,2.588,-1.9544,37.742,0.3781,0.0556,0.0449,0.8073,2.7121,2.7262,nan,3.2017,3.0321,0.1201,-0.3792,1.0019,-0.0129,0.0359,-0.7623,45.6764,0.0800,3.0432,0.1776
11.900,37.142,-5.1504,0.0354,140.084,-5.1570,0.0826,139.857,0.0354,-0.0320,0.0477,-0.227,1.1457,3.3121,0.431,-6.3268,-3.1820,139.426,2.700,-1.8219,37.898,0.3808,0.0087,0.0085,0.9769,2.7055,2.7262,nan,3.3067,3.3787,0.1338,-0.3337,1.0647,-0.0035,0.0766,-0.6242,45.8764,0.0800,3.0432,0.1776
11.950,37.318,-5.2784,0.1551,133.493,-5.2598,0.1933,134.117,0.0149,-0.0398,0.0425,0.624,1.1569,3.2933,0.211,-6.4281,-3.0763,133.906,2.863,-1.6526,38.087,0.3569,0.0242,0.0078,0.3222,2.5935,2.5968,nan,3.5180,3.3415,0.1323,-0.2839,1.0469,-0.0156,0.0553,-0.5710,45.9763,0.0800,3.5736,0.1776
12.000,37.485,-5.3883,0.2812,128.497,-5.3927,0.3575,128.511,0.0624,-0.0441,0.0764,0.014,1.1569,3.2933,0.211,-6.5603,-2.9117,128.300,3.083,-1.4168,38.269,0.3733,0.0345,0.0307,0.8916,2.9018,3.1944,nan,3.7900,3.7312,0.1478,-0.2642,1.2441,-0.0061,0.0732,-0.4503,46.1762,0.0800,5.4303,0.1776
12.050,37.485,-5.3883,0.2812,128.497,-5.3850,0.3639,128.206,0.0626,-0.0541,0.0828,-0.291,1.1802,3.2647,-0.094,-6.5603,-2.9117,128.300,3.083,-1.4168,38.269,0.3733,0.0345,0.0291,0.8448,3.1679,3.3340,nan,3.9373,4.0474,0.1603,-0.2418,1.4581,0.0050,0.0884,-0.3171,46.3761,0.0637,2.6646,0.1776
12.100,37.661,-5.4925,0.4226,124.053,-5.4991,0.5315,123.127,0.0939,-0.0555,0.1091,-0.926,1.2156,3.1905,-0.831,-6.6755,-2.7560,123.957,3.198,-1.3462,38.453,0.3832,0.0120,0.0071,0.5923,3.2446,3.2869,nan,4.0644,4.1932,0.1661,-0.2096,1.5072,0.0039,0.0734,-0.2910,46.5760,0.0800,5.3216,0.1776
12.150,37.840,-5.5877,0.5745,119.823,-5.5887,0.7011,119.154,0.1104,-0.0621,0.1266,-0.669,1.1979,3.2465,-0.383,-6.7694,-2.5908,119.537,3.430,-1.3364,38.649,0.3815,0.0140,0.0076,0.5405,3.3142,3.3552,nan,4.2224,4.2093,0.1667,-0.1847,1.5395,0.0091,0.0775,-0.2900,46.7759,0.0800,5.7084,0.1776
12.200,38.040,-5.6810,0.7511,115.503,-5.6712,0.8726,115.764,0.1055,-0.0611,0.1219,0.261,1.1728,3.3145,0.187,-6.8520,-2.4195,115.577,3.679,-1.2907,38.868,0.3709,0.0195,0.0042,0.2148,3.6165,3.9643,nan,4.4836,4.4524,0.1763,-0.1702,1.6800,0.0260,0.0816,-0.2977,46.9758,0.0800,5.0129,0.1768
12.250,38.252,-5.7663,0.9456,111.526,-5.7585,1.0920,111.291,0.1333,-0.0610,0.1466,-0.236,1.1922,3.2667,-0.065,-6.9482,-2.1825,111.355,3.882,-1.2030,39.095,0.3828,0.0223,0.0105,0.4683,3.8812,4.0694,nan,4.6560,4.6775,0.1852,-0.1331,1.8126,0.0320,0.0805,-0.2833,47.1757,0.0800,3.0871,0.1768
12.300,38.473,-5.8414,1.1536,107.884,-5.8278,1.3049,108.058,0.1398,-0.0594,0.1519,0.173,1.1805,3.3044,0.260,-7.0173,-1.9676,107.797,4.009,-1.0838,39.326,0.3774,0.0245,0.0093,0.3796,4.1154,4.2611,nan,4.9064,5.0681,0.2007,-0.1139,1.9754,0.0459,0.0773,-0.1868,47.3756,0.0798,3.9933,0.1768
12.350,38.703,-5.9059,1.3740,104.465,-5.8930,1.5521,104.082,0.1692,-0.0569,0.1786,-0.383,1.1954,3.2452,-0.205,-7.0824,-1.7184,104.287,4.187,-0.9087,39.569,0.3819,0.0142,0.0059,0.4140,4.2026,4.2611,nan,5.0626,5.2105,0.2064,-0.0960,2.0457,0.0654,0.0599,-0.1291,47.5755,0.0704,3.9933,0.1768
12.400,38.934,-5.9588,1.5994,101.736,-5.9359,1.7498,101.816,0.1426,-0.0530,0.1522,0.080,1.1862,3.2669,0.135,-7.1257,-1.5004,101.681,4.378,-0.7762,39.816,0.3713,0.0144,0.0069,0.4796,4.1825,4.2146,nan,5.2087,5.2588,0.2083,-0.0825,2.0559,0.0698,0.0424,-0.0891,47.7754,0.0800,4.6016,0.1768
12.450,39.189,-6.0062,1.8497,99.545,-5.9846,1.9952,100.192,0.1399,-0.0455,0.1471,0.647,1.1670,3.3340,0.832,-7.1703,-1.2348,99.359,4.694,-0.6322,40.097,0.3712,0.0136,0.0082,0.6054,4.4321,4.6297,nan,5.4782,5.5504,0.2198,-0.0823,2.0559,0.0854,0.0366,-0.0310,48.0752,0.0800,6.4311,0.1768
12.500,39.453,-6.0461,2.1110,97.626,-6.0351,2.3256,98.311,0.2112,-0.0394,0.2148,0.685,1.1670,3.3340,0.832,-7.2160,-0.9037,97.479,4.903,-0.6259,40.379,0.3965,0.0227,0.0142,0.6256,4.7102,5.2668,nan,5.6546,5.8309,0.2309,-0.0981,2.0352,0.1096,0.0391,-0.0433,48.3751,0.0800,4.8084,0.1768
12.550,39.453,-6.0461,2.1110,97.626,-6.0321,2.3265,97.649,0.2118,-0.0425,0.2160,0.023,1.1812,3.2516,0.170,-7.2160,-0.9037,97.479,4.903,-0.6259,40.379,0.3965,0.0132,0.0113,0.8548,4.8445,4.9505,nan,5.7989,5.9489,0.2356,-0.0873,1.9968,0.1039,0.0092,-0.0573,48.5750,0.0800,5.3176,0.1768
12.600,39.735,-6.0790,2.3908,95.559,-6.0597,2.5432,96.036,0.1499,-0.0340,0.1537,0.477,1.1762,3.2428,0.354,-7.2401,-0.6548,95.682,5.138,-0.7173,40.682,0.3779,0.0153,0.0097,0.6358,5.1266,5.5975,nan,5.9484,6.0874,0.2411,-0.0863,1.9692,0.1107,-0.0127,-0.0593,48.8748,0.0558,4.7840,0.1768
12.650,39.992,-6.0998,2.6472,93.333,-6.0893,2.8393,93.119,0.1911,-0.0217,0.1923,-0.215,1.1787,3.1320,-0.408,-7.2656,-0.3445,93.527,5.345,-0.8097,40.959,0.4017,0.0173,0.0086,0.4992,5.3585,5.6149,nan,5.9652,5.9777,0.2367,-0.0633,1.9530,0.0910,-0.0537,-0.0790,49.1746,0.0049,3.2362,0.1768
12.700,40.292,-6.1120,2.9466,90.987,-6.0942,3.1467,91.061,0.1997,-0.0213,0.2009,0.074,1.1766,3.2176,0.359,-7.2710,-0.0253,90.701,5.538,-0.7405,41.279,0.4043,0.0111,0.0155,1.4053,5.4959,5.6383,nan,5.6343,5.5263,0.2189,-0.0734,1.9372,0.0799,-0.0430,-0.1025,49.4745,-0.0800,3.6576,0.1768
12.750,40.607,-6.1118,3.2616,88.624,-6.0916,3.4466,88.817,0.1855,-0.0158,0.1861,0.193,1.1735,3.1819,0.124,-7.2645,0.2805,88.692,5.692,-0.6083,41.610,0.3944,0.0073,0.0202,2.7821,5.7532,6.1424,nan,5.4500,5.2929,0.2096,-0.0823,1.9199,0.0683,-0.0397,-0.1210,49.7743,-0.0800,1.2572,0.1768
12.800,40.922,-6.1000,3.5760,86.857,-6.0904,3.7810,87.521,0.2052,0.0017,0.2052,0.664,1.1685,3.2362,0.876,-7.2498,0.6556,86.645,5.728,-0.6074,41.931,0.4228,0.0025,0.0237,9.6494,5.6292,5.6500,nan,5.3380,5.1789,0.2051,-0.0965,1.9139,0.0696,-0.0295,-0.1175,49.9742,-0.0800,-3.6489,0.1768
12.850,41.237,-6.0780,3.8911,84.787,-6.0800,4.0390,86.261,0.1471,0.0154,0.1479,1.474,1.1640,3.2690,1.303,-7.2246,0.9344,84.958,5.564,-0.6834,42.235,0.4007,0.0026,0.0293,11.1218,5.5776,5.6239,nan,5.1725,5.2932,0.2096,-0.0981,1.9097,0.0533,-0.0340,-0.1136,50.2741,0.0558,-4.4356,0.1768
12.900,41.538,-6.0459,4.1898,82.583,-6.0403,4.3375,82.662,0.1472,0.0135,0.1478,0.079,1.1457,3.1001,0.161,-7.1825,1.2575,82.502,5.378,-0.7619,42.523,0.4052,0.0108,0.0157,1.4581,5.5645,5.6239,nan,5.0072,5.0830,0.2013,-0.1145,1.8944,0.0560,-0.0371,-0.1250,50.4740,0.0800,-4.4356,0.1768
12.950,41.844,-6.0005,4.4930,79.909,-5.9963,4.5515,79.782,0.0583,0.0061,0.0586,-0.127,1.1348,3.0188,-0.320,-7.1395,1.4929,80.102,5.208,-0.8891,42.819,0.3738,0.0038,0.0032,0.8434,5.1713,4.9280,nan,5.0072,4.8155,0.1907,-0.0825,1.8615,0.0178,-0.0714,-0.1525,50.6739,0.0800,-3.9498,0.1768
13.000,42.152,-5.9396,4.7948,76.817,-5.9222,4.8703,76.565,0.0775,0.0003,0.0775,-0.252,1.1348,3.0188,-0.320,-7.0673,1.8121,76.885,5.063,-0.7176,43.119,0.3715,0.0622,0.0721,1.1589,5.1768,5.2344,nan,4.8437,4.9996,0.1980,-0.0666,1.8353,-0.0239,-0.0834,-0.1872,50.9737,0.0800,-3.3230,0.1768
13.050,42.152,-5.9396,4.7948,76.817,-5.9259,4.8624,76.941,0.0689,0.0021,0.0689,0.124,1.1431,3.0571,0.056,-7.0673,1.8121,76.885,5.063,-0.7176,43.119,0.3715,0.0031,0.0139,4.5687,5.0397,5.0525,nan,4.7855,4.8775,0.1932,-0.0756,1.7917,-0.0383,-0.0670,-0.1968,51.1736,0.0800,-4.1102,0.1768
13.100,42.431,-5.8719,5.0646,74.767,-5.8633,5.1124,74.016,0.0484,0.0043,0.0486,-0.751,1.1178,2.9768,-0.492,-6.9991,2.0756,74.508,4.899,-0.5464,43.387,0.3682,0.0092,0.0042,0.4573,4.8023,4.7717,nan,4.6594,4.6355,0.1836,-0.0854,1.7917,-0.0556,-0.0516,-0.2060,51.3735,0.0800,-0.3458,0.1768
13.150,42.714,-5.7938,5.3373,73.061,-5.7882,5.3227,71.861,-0.0124,-0.0097,0.0157,-1.200,1.0886,2.8675,-1.130,-6.9239,2.3190,72.991,4.873,-0.5636,43.671,0.3583,0.0038,0.0120,3.1758,4.9152,5.0122,nan,4.4332,4.4481,0.1762,-0.0947,1.7584,-0.0830,-0.0484,-0.2146,51.5734,0.0078,-1.5344,0.1768
13.200,42.971,-5.7159,5.5818,71.316,-5.6910,5.6017,69.722,0.0269,-0.0172,0.0319,-1.594,1.0675,2.8227,-1.538,-6.8307,2.5966,71.260,4.801,-0.6145,43.924,0.3590,0.0027,0.0155,5.6961,4.6149,4.5432,nan,4.3609,4.4660,0.1769,-0.0942,1.6747,-0.0958,-0.0430,-0.2254,51.7733,0.0800,-3.3341,0.1768
13.250,43.231,-5.6289,5.8270,69.338,-5.6173,5.7867,68.027,-0.0336,-0.0251,0.0419,-1.312,1.0656,2.8227,-1.412,-6.7539,2.7985,69.438,4.660,-0.6631,44.175,0.3496,0.0016,0.0187,11.5461,4.6816,4.7482,nan,4.1418,4.1011,0.1624,-0.1028,1.5722,-0.1052,-0.0074,-0.2381,52.0732,-0.0225,-4.1645,0.1768
13.300,43.469,-5.5417,6.0483,67.328,-5.5266,5.9989,67.128,-0.0398,-0.0329,0.0516,-0.200,1.1159,2.9360,-0.258,-6.6563,3.0329,67.387,4.507,-0.6616,44.404,0.3453,0.0018,0.0068,3.7692,4.4692,4.4539,nan,4.0647,4.1430,0.1641,-0.1350,1.5722,-0.1036,0.0024,-0.2408,52.1731,0.0454,-1.9084,0.1768
13.350,43.706,-5.4472,6.2653,65.330,-5.4409,6.1907,66.007,-0.0652,-0.0369,0.0749,0.677,1.1610,3.0368,0.691,-6.5633,3.2333,65.316,4.410,-0.6871,44.635,0.3401,0.0024,0.0024,1.0000,4.3509,4.3660,nan,3.9293,4.0288,0.1596,-0.1731,1.5722,-0.0954,0.0328,-0.2446,52.3730,0.0576,-5.6325,0.1768
13.400,43.942,-5.3452,6.4781,63.163,-5.3361,6.4201,63.707,-0.0477,-0.0343,0.0587,0.544,1.1560,3.0416,0.789,-6.4449,3.4677,62.918,4.197,-0.7733,44.859,0.3339,0.0059,0.0127,2.1657,4.3315,4.3660,nan,3.7753,3.8008,0.1505,-0.2070,1.5722,-0.0838,0.0721,-0.2586,52.6729,0.0147,-5.6325,0.1768
13.450,44.178,-5.2340,6.6868,60.316,-5.2653,6.5689,61.810,-0.1179,-0.0312,0.1219,1.494,1.1631,3.0775,0.856,-6.3756,3.5870,60.955,4.107,-0.8725,45.091,0.3462,0.0025,0.0206,8.4180,3.9289,3.6524,nan,3.6723,3.6955,0.1464,-0.2066,1.5443,-0.0806,0.0607,-0.2776,52.7728,0.0800,-2.5134,0.1768
13.500,44.366,-5.1376,6.8479,57.169,-5.1224,6.8160,59.347,-0.0186,-0.0301,0.0354,2.179,1.2031,3.1547,1.523,-6.2259,3.8281,57.824,3.900,-1.2570,45.269,0.3196,0.0026,0.0012,0.4737,4.2152,4.6735,nan,3.5051,3.3914,0.1343,-0.2425,1.5722,-0.0487,0.0881,-0.3052,53.0726,-0.0658,-2.8443,0.1768
13.550,44.552,-5.0324,7.0020,53.708,-5.0446,6.9176,55.003,-0.0753,-0.0401,0.0853,1.295,1.2031,3.1547,1.523,-6.1455,3.9276,53.480,3.730,-1.2237,45.447,0.3238,0.0035,0.0186,5.3722,3.8168,3.5680,nan,3.5051,3.6057,0.1428,-0.2284,1.5002,-0.0601,0.0320,-0.3150,53.1726,0.0800,-4.8925,0.1768
13.600,44.760,-4.9038,7.1650,49.302,-4.9400,7.0572,52.745,-0.1053,-0.0429,0.1137,3.443,1.2782,3.2854,2.770,-6.0286,4.0678,49.975,3.490,-1.2494,45.644,0.3302,0.0025,0.0141,5.7044,3.5412,3.4970,nan,3.1305,3.1526,0.1249,-0.2284,1.3919,-0.0605,0.0439,-0.3589,53.3725,0.0128,-6.1893,0.1768
13.650,44.945,-4.7789,7.3018,45.522,-4.7938,7.2274,48.095,-0.0636,-0.0415,0.0759,2.573,1.2765,3.2891,2.690,-5.8788,4.2188,45.405,3.470,-1.2259,45.830,0.3089,0.0026,0.0097,3.7321,3.6470,3.7021,nan,3.1040,3.1871,0.1262,-0.2579,1.4335,-0.0531,0.0555,-0.3024,53.5724,0.0481,0.0796,0.1768
13.700,45.128,-4.6466,7.4287,45.522,-4.7938,7.2274,48.095,-0.2468,-0.0360,0.2494,2.573,1.2765,3.2891,2.690,-5.8788,4.2188,45.405,3.470,-1.2259,46.003,0.4349,0.0397,0.0097,0.2432,3.4335,3.4172,nan,3.1040,3.1294,0.1239,-0.2666,1.3496,-0.0429,0.0287,-0.3367,53.6723,0.0800,-6.6077,0.1768
13.750,45.128,-4.6466,7.4287,41.777,-4.6757,7.3671,44.942,-0.0628,-0.0265,0.0681,3.165,1.3192,3.3717,3.351,-5.7512,4.3390,41.591,3.234,-1.2332,46.003,0.3119,0.0034,0.0076,2.2472,3.1516,3.0977,nan,3.2741,3.3672,0.1334,-0.2791,1.2387,-0.0310,0.0181,-0.3941,53.7723,0.0539,-3.0938,0.1768
13.800,45.304,-4.5124,7.5411,37.742,-4.5583,7.4816,41.316,-0.0727,-0.0189,0.0751,3.574,1.3269,3.3956,3.444,-5.6292,4.4322,37.872,3.142,-1.2969,46.175,0.3203,0.0066,0.0204,3.0917,3.1041,3.1222,nan,3.3615,3.4241,0.1356,-0.2879,1.2201,-0.0196,0.0383,-0.4884,53.9722,0.0800,-2.1650,0.1768
13.850,45.456,-4.3892,7.6307,34.102,-4.4198,7.5921,36.991,-0.0470,-0.0149,0.0493,2.889,1.3103,3.3736,3.107,-5.4930,4.5228,33.884,3.083,-1.2856,46.326,0.3076,0.0071,0.0170,2.3895,2.9315,2.9234,nan,3.4440,3.2515,0.1288,-0.2861,1.1522,-0.0140,0.0494,-0.1022,0.0000,0.0800,-0.9935,0.1768
13.900,45.638,-4.2349,7.7272,29.565,-4.2844,7.6843,32.808,-0.0642,-0.0129,0.0655,3.242,1.2930,3.3486,2.747,-5.3632,4.5980,30.060,3.183,-1.4200,46.516,0.3293,0.0054,0.0154,2.8616,3.2262,3.4694,nan,3.4226,3.3979,0.1346,-0.2863,1.3375,-0.0097,0.0451,-0.4499,0.1999,-0.0143,1.5918,0.1768
13.950,45.812,-4.0804,7.8076,25.082,-4.0997,7.7912,28.063,-0.0244,-0.0067,0.0253,2.981,1.2962,3.3617,2.843,-5.1695,4.6916,25.220,3.246,-1.4476,46.696,0.2919,0.0061,0.0127,2.0887,3.3209,3.3690,nan,3.5910,3.4668,0.1373,-0.2808,1.3768,-0.0051,0.0629,-0.4148,0.3998,-0.0800,-1.8498,0.1768
14.000,45.989,-3.9177,7.8767,20.555,-3.9217,7.8700,22.407,-0.0061,-0.0048,0.0077,1.853,1.2364,3.2895,1.975,-4.9971,4.7556,20.432,3.201,-1.4319,46.873,0.2816,0.0075,0.0017,0.2219,3.1591,3.1560,nan,3.7110,3.7464,0.1484,-0.2603,1.3097,-0.0066,0.0197,-0.4000,0.4997,0.0205,1.2231,0.1768
14.050,46.167,-3.7489,7.9329,16.006,-3.7500,7.9228,17.124,-0.0039,-0.0094,0.0102,1.119,1.1876,3.2274,1.234,-4.8354,4.8007,15.891,3.261,-1.4349,47.056,0.2874,0.0095,0.0008,0.0824,3.2043,3.2387,nan,3.7600,3.5243,0.1396,-0.2512,1.3285,-0.0094,0.0315,-0.4647,0.6996,0.0800,1.0983,0.1768
14.100,46.351,-3.5700,7.9771,11.388,-3.5485,7.9673,12.181,0.0192,-0.0139,0.0237,0.793,1.1742,3.1997,0.870,-4.6497,4.8388,11.311,3.329,-1.3780,47.246,0.2801,0.0075,0.0077,1.0247,3.2115,3.2387,nan,3.8688,3.7545,0.1487,-0.2314,1.4167,-0.0101,0.0363,-0.3598,0.8995,0.0800,1.0983,0.1768
14.150,46.542,-3.3811,8.0082,6.964,-3.3550,8.0047,7.904,0.0255,-0.0066,0.0264,0.940,1.1792,3.2112,0.876,-4.4603,4.8623,7.028,3.490,-1.2886,47.449,0.2792,0.0069,0.0039,0.5600,3.2998,3.3458,nan,3.9702,4.0687,0.1611,-0.2247,1.4556,-0.0120,0.0405,-0.3876,1.0994,0.0800,4.0167,0.1768
14.200,46.737,-3.1871,8.0256,2.950,-3.1152,8.0199,3.545,0.0715,-0.0094,0.0721,0.595,1.1785,3.1934,0.649,-4.2388,4.8747,2.896,3.594,-1.2744,47.652,0.2515,0.0070,0.0032,0.4628,3.5434,3.6861,nan,4.1084,4.2171,0.1670,-0.2363,1.5681,0.0042,0.0559,-0.3816,1.2993,0.0800,2.4069,0.1768
14.250,46.944,-2.9801,8.0294,-1.209,-2.9152,8.0185,-0.348,0.0651,-0.0095,0.0658,0.860,1.1785,3.1934,0.649,-4.0388,4.8711,-0.997,3.780,-1.3656,47.874,0.2584,0.0088,0.0040,0.4557,3.6417,3.6943,nan,4.2041,4.3297,0.1715,-0.2306,1.6423,0.0080,0.0620,-0.3465,1.4992,0.0800,4.3246,0.1763
14.300,46.944,-2.9801,8.0294,-1.209,-2.8936,8.0187,-1.218,0.0867,-0.0089,0.0872,-0.009,1.1265,3.1321,-0.221,-4.0388,4.8711,-0.997,3.780,-1.3656,47.874,0.2584,0.0088,0.0008,0.0891,3.9068,4.0942,nan,4.3854,4.4825,0.1775,-0.2148,1.7653,0.0143,0.0379,-0.3372,1.6991,0.0528,3.2715,0.1763
14.350,47.157,-2.7680,8.0176,-5.670,-2.6372,7.9956,-6.401,0.1323,-0.0090,0.1326,-0.732,1.0813,3.0909,-0.842,-3.7902,4.8495,-5.559,3.933,-1.4219,48.099,0.2221,0.0062,0.0014,0.2239,4.0087,4.0665,nan,4.4748,4.5749,0.1812,-0.1956,1.8356,0.0212,0.0487,-0.3091,1.9990,0.0534,2.8013,0.1763
14.400,47.385,-2.5420,7.9868,-10.346,-2.4057,7.9585,-11.052,0.1392,-0.0033,0.1392,-0.706,1.0979,3.1022,-0.647,-3.5582,4.8164,-10.405,4.069,-1.3784,48.340,0.2163,0.0088,0.0020,0.2270,4.1050,4.1633,nan,4.5604,4.6398,0.1838,-0.1912,1.8528,0.0220,0.0453,-0.2924,2.1989,0.0413,3.3015,0.1763
14.450,47.613,-2.3192,7.9383,-14.694,-2.1778,7.8889,-16.405,0.1493,-0.0120,0.1498,-1.711,1.0104,3.0357,-1.702,-3.3309,4.7563,-14.703,4.210,-1.3145,48.581,0.2127,0.0102,0.0106,1.0406,4.2760,4.3761,nan,4.6373,4.6508,0.1842,-0.1741,1.8671,0.0121,0.0203,-0.2788,2.3988,0.0068,2.6565,0.1763
14.500,47.848,-2.0941,7.8716,-18.785,-1.9517,7.8077,-20.577,0.1554,-0.0147,0.1561,-1.792,0.9926,3.0301,-1.883,-3.0996,4.6782,-18.694,4.321,-1.2880,48.826,0.2082,0.0117,0.0154,1.3111,4.4820,4.6237,nan,4.7054,4.6119,0.1826,-0.1647,1.8884,0.0122,0.0325,-0.2588,2.6986,-0.0448,1.9927,0.1763
14.550,48.088,-1.8692,7.7871,-22.854,-1.7104,7.7044,-24.339,0.1785,-0.0146,0.1791,-1.485,1.0243,3.0641,-1.383,-2.8459,4.5729,-22.956,4.408,-1.2198,49.076,0.1851,0.0155,0.0152,0.9793,4.4101,4.4356,nan,4.8007,4.8337,0.1914,-0.1553,1.8908,0.0079,0.0252,-0.2481,2.8985,0.0160,1.1329,0.1763
14.600,48.341,-1.6393,7.6819,-26.762,-1.5028,7.5955,-28.086,0.1607,-0.0157,0.1615,-1.324,1.0353,3.0950,-1.001,-2.6163,4.4555,-27.085,4.455,-1.1509,49.335,0.1894,0.0086,0.0108,1.2628,4.3985,4.4356,nan,4.8810,4.9946,0.1978,-0.1523,1.8908,0.0198,0.0219,-0.2412,3.0984,0.0556,1.1329,0.1763
14.650,48.613,-1.4002,7.5517,-30.753,-1.2894,7.4633,-31.762,0.1404,-0.0193,0.1417,-1.009,1.0353,3.0950,-1.001,-2.4006,4.3271,-30.761,4.488,-1.0901,49.613,0.2108,0.0138,0.0167,1.2112,4.2754,4.2890,nan,4.8810,4.9002,0.1941,-0.1472,1.8908,0.0195,0.0297,-0.2504,3.2983,0.0800,0.2162,0.1763
14.700,48.870,-1.1831,7.4146,-34.222,-1.2857,7.4648,-31.729,-0.1131,-0.0162,0.1143,2.492,1.0414,3.0978,-0.969,-2.4006,4.3271,-30.761,4.488,-1.0901,49.885,0.4232,0.0324,0.0149,0.4612,4.4643,4.5888,nan,5.0884,5.0011,0.1981,-0.1474,1.8951,0.0242,0.0295,-0.2526,3.4982,0.0800,4.1956,0.1763
14.750,48.870,-1.1831,7.4146,-34.222,-1.0740,7.3258,-34.837,0.1402,-0.0120,0.1407,-0.616,1.0541,3.1167,-0.775,-2.1848,4.1800,-34.062,4.661,-1.0891,49.885,0.2154,0.0149,0.0139,0.9309,4.7500,5.1448,nan,5.1759,5.2845,0.2093,-0.1529,1.9002,0.0412,0.0467,-0.2243,3.7980,0.0499,1.6999,0.1763
14.800,49.127,-0.9739,7.2642,-37.598,-0.8131,7.1286,-39.871,0.2102,-0.0093,0.2104,-2.273,0.9682,3.0795,-2.051,-1.9251,3.9827,-37.820,4.708,-1.0738,50.149,0.1948,0.0106,0.0207,1.9445,4.5964,4.6024,nan,5.1042,5.2298,0.2071,-0.1301,1.9002,0.0373,0.0179,-0.2037,3.9979,0.0589,1.4752,0.1763
14.850,49.403,-0.7604,7.0903,-41.216,-0.6621,6.9947,-42.830,0.1369,-0.0071,0.1371,-1.614,0.9728,3.1034,-1.861,-1.7604,3.8362,-40.968,4.792,-1.1342,50.434,0.2215,0.0143,0.0244,1.7083,4.8713,5.2062,nan,4.9404,4.8932,0.1938,-0.1256,1.9002,0.0421,0.0129,-0.1610,4.2978,-0.0800,3.2872,0.1763
14.900,49.666,-0.5673,6.9118,-44.761,-0.4421,6.7700,-46.956,0.1887,-0.0125,0.1892,-2.196,0.9527,3.1073,-2.102,-1.5282,3.6091,-44.854,4.933,-1.0356,50.712,0.2160,0.0169,0.0318,1.8870,4.9029,4.9630,nan,4.9220,5.0206,0.1988,-0.1128,1.9002,0.0359,-0.0107,-0.1155,4.4977,-0.0800,1.5378,0.1763
14.950,49.939,-0.3780,6.7148,-47.915,-0.2706,6.5713,-49.892,0.1784,-0.0165,0.1792,-1.977,0.9733,3.1134,-1.874,-1.3563,3.4154,-48.018,4.981,-0.9754,50.992,0.2272,0.0159,0.0322,2.0248,5.0089,5.1056,nan,5.0130,5.0162,0.1987,-0.1131,1.9002,0.0337,-0.0103,-0.1719,4.7975,0.0015,-2.6780,0.1763
15.000,50.214,-0.1981,6.5060,-50.986,-0.0970,6.3385,-53.851,0.1938,-0.0269,0.1957,-2.866,0.9164,3.0951,-2.832,-1.1724,3.1893,-51.020,4.883,-0.8782,51.263,0.2353,0.0159,0.0445,2.8008,4.8788,4.8930,nan,5.1905,5.2691,0.2087,-0.1036,1.9002,0.0229,-0.0150,-0.1972,4.9974,0.0800,-0.0426,0.1763
15.050,50.483,-0.0334,6.2939,-53.692,0.0431,6.1372,-56.366,0.1716,-0.0312,0.1744,-2.674,0.9277,3.1240,-2.495,-1.0149,2.9718,-53.871,4.882,-0.8546,51.534,0.2443,0.0132,0.0402,3.0594,4.8518,4.8930,nan,5.3302,5.2399,0.2075,-0.0829,1.9002,0.0077,-0.0102,-0.2426,5.2973,0.0800,-0.0426,0.1763
15.100,50.752,0.1212,6.0743,-56.382,0.1773,5.9193,-58.767,0.1602,-0.0391,0.1649,-2.386,0.9380,3.1182,-2.433,-0.8789,2.7662,-56.335,4.891,-0.7201,51.806,0.2497,0.0117,0.0384,3.2753,4.7236,4.7377,nan,5.4639,5.1015,0.2020,-0.0787,1.9002,0.0077,-0.0184,-0.2479,5.3972,0.0800,-0.1200,0.1763
15.150,51.034,0.2736,5.8368,-58.462,0.3222,5.6667,-60.576,0.1704,-0.0476,0.1769,-2.114,0.9630,3.1312,-1.901,-0.7245,2.5128,-58.675,4.987,-0.6144,52.098,0.2580,0.0062,0.0278,4.4986,4.9019,5.0442,nan,5.6176,5.7243,0.2267,-0.0839,1.9852,0.0121,0.0167,-0.1734,5.6971,0.0800,2.6379,0.1763
15.200,51.308,0.4135,5.6012,-58.462,0.3222,5.6667,-60.576,-0.1036,-0.0436,0.1123,-2.114,0.9630,3.1312,-1.901,-0.7245,2.5128,-58.675,4.987,-0.6144,52.376,0.3449,0.0352,0.0278,0.7896,5.0892,5.2545,nan,5.7508,5.8308,0.2309,-0.0999,1.9951,0.0307,0.0473,-0.1075,5.9969,0.0328,-0.3278,0.1763
15.250,51.308,0.4135,5.6012,-60.386,0.4576,5.3939,-63.293,0.2020,-0.0640,0.2119,-2.908,0.9183,3.1174,-2.883,-0.5746,2.2504,-60.410,5.000,-0.6500,52.376,0.2689,0.0045,0.0351,7.8305,5.0077,5.0370,nan,5.7623,5.8330,0.2310,-0.0825,1.9951,0.0190,0.0145,-0.0305,6.2967,0.0289,5.6622,0.1763
15.300,51.596,0.5517,5.3487,-62.554,0.5851,5.1310,-65.241,0.2085,-0.0707,0.2202,-2.688,0.9370,3.1036,-2.744,-0.4486,2.0082,-62.497,5.255,-0.7610,52.687,0.2705,0.0134,0.0427,3.1813,5.2463,5.5060,nan,5.8892,5.9817,0.2369,-0.0812,1.9951,0.0225,-0.0032,-0.1112,6.5966,0.0371,3.8996,0.1763
15.350,51.890,0.6824,5.0849,-65.131,0.7199,4.7870,-68.906,0.2860,-0.0913,0.3002,-3.775,0.9067,3.0742,-3.830,-0.3009,1.6965,-65.076,5.431,-0.7277,53.000,0.2939,0.0097,0.0542,5.5660,5.3198,5.4113,nan,6.0141,6.1813,0.2448,-0.0598,1.9951,-0.0016,-0.0217,-0.1321,6.8964,0.0800,2.4650,0.1763
15.400,52.231,0.8198,4.7733,-67.609,0.8276,4.4708,-71.767,0.2827,-0.1080,0.3026,-4.158,0.9057,3.0627,-4.113,-0.1789,1.3989,-67.654,5.546,-0.6994,53.353,0.2934,0.0049,0.0681,13.8914,5.5618,5.8654,nan,6.1942,6.1824,0.2448,-0.0554,1.9951,-0.0128,-0.0107,-0.1651,7.1963,0.0800,2.6363,0.1763
15.450,52.545,0.9347,4.4809,-69.827,0.9443,4.1106,-73.108,0.3509,-0.1188,0.3705,-3.281,0.9402,3.0409,-3.275,-0.0571,1.0682,-69.833,5.668,-0.5780,53.682,0.3184,0.0145,0.0643,4.4341,5.7297,5.9158,nan,6.3310,6.5210,0.2583,-0.0510,2.0462,-0.0135,-0.0012,-0.1238,7.4961,0.0723,3.4536,0.1763
15.500,52.861,1.0399,4.1828,-71.524,1.0371,3.7769,-75.082,0.3841,-0.1313,0.4059,-3.557,0.9467,3.0240,-3.435,0.0451,0.7569,-71.647,5.812,-0.5120,54.013,0.3308,0.0093,0.0658,7.0449,5.8043,5.9158,nan,6.4931,6.6904,0.2650,-0.0641,2.0726,0.0076,0.0210,-0.1032,7.7960,0.0733,3.4536,0.1763
15.550,53.195,1.1419,3.8647,-73.169,1.1359,3.4436,-75.677,0.4013,-0.1277,0.4211,-2.508,0.9691,3.0356,-2.450,0.1492,0.4148,-73.227,5.917,-0.5766,54.361,0.3494,0.0062,0.0513,8.3093,5.9080,6.0444,nan,6.6415,6.8295,0.2705,-0.0687,2.1047,0.0199,0.0352,-0.0788,8.1958,0.0681,1.9313,0.1763
15.600,53.527,1.2338,3.5454,-75.047,1.2075,3.1234,-77.440,0.4009,-0.1343,0.4228,-2.393,0.9691,3.0356,-2.450,0.2344,0.0979,-74.990,6.145,-0.6304,54.719,0.3511,0.0059,0.0564,9.5938,5.9236,6.0051,nan,6.7496,6.9454,0.2751,-0.0794,2.1084,0.0512,0.0423,-0.0649,8.4956,0.0800,5.0873,0.1763
15.650,53.527,1.2338,3.5454,-75.047,1.2020,3.1226,-77.750,0.4002,-0.1398,0.4239,-2.702,0.9631,3.0361,-2.760,0.2344,0.0979,-74.990,6.145,-0.6304,54.719,0.3511,0.0059,0.0596,10.1465,6.1567,6.5095,nan,6.8565,7.0284,0.2784,-0.0682,2.1084,0.0499,0.0220,-0.0717,8.7955,0.0601,3.9844,0.1763
15.700,53.871,1.3175,3.2123,-77.159,1.2777,2.7841,-78.861,0.4086,-0.1340,0.4300,-1.702,0.9666,3.0617,-1.884,0.3201,-0.2672,-76.976,6.327,-0.7312,55.085,0.3769,0.0090,0.0557,6.1755,6.4060,6.8626,nan,7.0000,7.1232,0.2821,-0.0688,2.1116,0.0687,0.0225,-0.0737,9.1953,0.0417,3.3092,0.1763
15.750,54.223,1.3899,2.8673,-79.601,1.3456,2.4427,-80.130,0.4096,-0.1202,0.4269,-0.528,0.9591,3.1047,-0.658,0.3940,-0.6575,-79.471,6.480,-0.7243,55.458,0.4154,0.0095,0.0562,5.9219,6.5480,6.7603,nan,7.0000,7.0204,0.2780,-0.0726,2.1164,0.0881,0.0272,-0.0701,9.4951,0.0068,2.7721,0.1763
15.800,54.537,1.4424,2.5579,-81.510,1.3976,2.1074,-81.876,0.4390,-0.1108,0.4527,-0.366,0.9620,3.0937,-0.212,0.4393,-0.9847,-81.664,6.587,-0.6916,55.787,0.4345,0.0169,0.0602,3.5595,6.5428,6.6307,nan,7.0000,7.0242,0.2782,-0.0707,2.1232,0.1060,0.0247,-0.0652,9.7949,0.0081,1.7171,0.1763
15.850,54.909,1.4915,2.1889,-83.787,1.4443,1.7871,-83.298,0.3944,-0.0904,0.4046,0.489,0.9543,3.1268,0.409,0.4804,-1.3432,-83.708,6.696,-0.7372,56.176,0.4292,0.0275,0.0537,1.9508,6.7359,7.0471,nan,7.0000,6.8732,0.2722,-0.0668,2.1324,0.1199,0.0140,-0.0584,10.0948,-0.0410,0.6307,0.1763
15.900,55.238,1.5223,1.8615,-85.920,1.4843,1.4248,-84.500,0.4329,-0.0690,0.4383,1.420,0.9359,3.1276,1.394,0.5068,-1.7156,-85.893,6.724,-0.7590,56.513,0.4709,0.0250,0.0525,2.0988,6.6956,6.7679,nan,7.0000,6.8981,0.2732,-0.0648,2.1425,0.1351,0.0082,-0.0511,10.3946,-0.0331,0.3823,0.1763
15.950,55.615,1.5429,1.4850,-88.297,1.5036,1.0930,-87.723,0.3907,-0.0509,0.3940,0.574,0.9665,3.1539,0.539,0.5177,-2.0659,-88.262,6.738,-0.7082,56.898,0.4524,0.0223,0.0488,2.1910,6.8678,7.1501,nan,7.0000,6.7639,0.2679,-0.0380,2.1533,0.1210,-0.0220,-0.0433,10.7944,-0.0748,-0.9742,0.1763
16.000,55.984,1.5482,1.1157,-90.494,1.4923,0.6671,-90.831,0.4490,-0.0521,0.4520,-0.338,0.9871,3.1642,-0.214,0.5145,-2.4951,-90.617,6.698,-0.6817,57.269,0.5092,0.0317,0.0657,2.0726,6.5978,6.5257,nan,7.0000,6.9683,0.2760,-0.0077,2.1611,0.0857,-0.0542,-0.0378,11.0943,-0.0104,-0.4124,0.1763
16.050,56.359,1.5393,0.7412,-92.632,1.4840,0.3581,-93.131,0.3853,-0.0376,0.3871,-0.500,1.0100,3.1811,-0.477,0.4975,-2.8190,-92.655,6.679,-0.4994,57.648,0.4689,0.0371,0.0719,1.9350,6.7023,6.8805,nan,7.0000,6.8889,0.2728,0.0067,2.1711,0.0596,-0.0613,-0.0308,11.4941,-0.0360,-1.1016,0.1763
16.100,56.738,1.5183,0.3627,-93.876,1.4478,-0.0489,-95.278,0.4154,-0.0425,0.4176,-1.402,1.0352,3.2104,-0.914,0.4645,-3.2523,-94.365,6.637,-0.1644,58.028,0.5223,0.0110,0.0787,7.1423,6.7500,6.8805,nan,7.0000,6.8570,0.2716,0.0251,2.1759,0.0411,-0.0822,-0.0274,11.7939,-0.0461,-1.1016,0.1763
16.150,57.145,1.4897,-0.0428,-94.163,1.4155,-0.3802,-95.345,0.3419,-0.0496,0.3455,-1.181,1.0352,3.2104,-0.914,0.4375,-3.5841,-94.431,6.680,0.0433,58.444,0.4584,0.0166,0.0783,4.7058,6.4206,6.2794,nan,7.0000,7.1092,0.2816,0.0202,2.1809,0.0258,-0.0637,-0.0239,11.9938,0.0369,1.0338,0.1763
16.200,57.145,1.4897,-0.0428,-94.163,1.4222,-0.3584,-95.360,0.3197,-0.0445,0.3228,-1.196,1.0428,3.2323,-0.929,0.4375,-3.5841,-94.431,6.680,0.0433,58.444,0.4584,0.0166,0.0770,4.6304,6.6554,7.0820,nan,7.0000,6.9346,0.2746,0.0108,2.1892,0.0169,-0.0378,-0.0182,12.3936,-0.0214,-0.3408,0.1763
16.250,57.512,1.4646,-0.4090,-93.395,1.3847,-0.7528,-95.005,0.3479,-0.0594,0.3530,-1.610,1.0469,3.2703,-0.977,0.4064,-4.0167,-94.028,6.666,0.2540,58.815,0.5182,0.0135,0.0793,5.8695,6.6830,6.7959,nan,7.0000,6.9183,0.2740,-0.0100,2.1945,0.0228,0.0001,-0.0145,12.6935,-0.0266,-0.1796,0.1759
16.300,57.888,1.4440,-0.7846,-92.703,1.3738,-1.0557,-93.236,0.2741,-0.0573,0.2801,-0.533,1.0304,3.3230,-0.643,0.3925,-4.3746,-92.593,6.752,0.1733,59.205,0.4995,0.0217,0.0652,3.0081,6.8340,7.0792,nan,7.0000,6.8099,0.2697,-0.0172,2.1941,0.0337,0.0131,-0.0116,12.9933,-0.0607,-0.1035,0.1759
16.350,58.272,1.4267,-1.1687,-92.353,1.3618,-1.4384,-92.029,0.2721,-0.0537,0.2774,0.324,0.9746,3.3446,0.122,0.3770,-4.7838,-92.150,6.737,-0.0432,59.593,0.5204,0.0221,0.0561,2.5347,6.8700,6.9962,nan,7.0000,6.7884,0.2688,-0.0202,2.1942,0.0477,0.0156,-0.0086,13.2931,-0.0673,-0.3851,0.1759
16.400,58.636,1.4111,-1.5318,-92.668,1.3430,-1.7077,-93.549,0.1789,-0.0599,0.1886,-0.881,1.0776,3.4786,-1.054,0.3607,-5.1805,-92.495,6.718,-0.1524,59.960,0.5505,0.0288,0.0837,2.9096,6.5400,6.3963,nan,7.0000,7.0896,0.2808,0.0037,2.1896,0.0275,-0.0174,-0.0064,13.4930,0.0301,-1.0660,0.1759
16.450,59.057,1.3897,-1.9527,-93.303,1.3362,-2.0367,-94.250,0.0869,-0.0486,0.0996,-0.947,1.0944,3.5082,-1.041,0.3424,-5.5395,-93.208,6.665,-0.1968,60.382,0.4946,0.0278,0.0854,3.0788,6.5264,6.6091,nan,7.0000,7.0485,0.2791,0.0107,2.1896,0.0209,-0.0235,-0.0043,13.7929,0.0800,-1.0660,0.1759
16.500,59.423,1.3671,-2.3176,-93.906,1.3175,-2.3605,-94.138,0.0462,-0.0466,0.0656,-0.231,1.0255,3.5764,-0.222,0.3151,-5.9357,-93.915,6.641,-0.0381,60.750,0.5242,0.0258,0.0688,2.6724,6.6415,6.8292,nan,7.0000,7.1728,0.2841,0.0201,2.1896,0.0216,-0.0380,0.0036,14.1927,0.0800,-0.8263,0.1759
16.550,59.791,1.3421,-2.6849,-93.785,1.2965,-2.7151,-94.410,0.0331,-0.0435,0.0547,-0.625,1.0520,3.6088,-0.379,0.2863,-6.3221,-94.031,6.732,0.1311,61.133,0.5428,0.0191,0.0668,3.4959,6.6895,6.8177,nan,7.0000,7.2246,0.2861,0.0059,2.1896,0.0346,-0.0160,0.0032,14.3926,0.0800,2.0729,0.1759
16.600,60.170,1.3186,-3.0637,-93.144,1.2726,-3.0781,-93.748,0.0169,-0.0451,0.0482,-0.604,1.0520,3.6088,-0.379,0.2649,-6.6853,-93.369,6.813,0.1514,61.526,0.5281,0.0153,0.0616,4.0277,6.6439,6.7124,nan,7.0000,7.1755,0.2842,-0.0050,2.1802,0.0451,0.0009,0.0053,14.6924,0.0800,1.8254,0.1759
16.650,60.170,1.3186,-3.0637,-93.144,1.2792,-3.0098,-93.599,-0.0517,-0.0423,0.0668,-0.455,1.0411,3.6766,-0.230,0.2649,-6.6853,-93.369,6.813,0.1514,61.526,0.5281,0.0153,0.0588,3.8467,6.8217,7.1104,nan,7.0000,7.1355,0.2826,-0.0156,2.1584,0.0567,0.0139,0.0086,14.9923,0.0460,1.5024,0.1759
16.700,60.547,1.2986,-3.4400,-92.927,1.2655,-3.3813,-93.569,-0.0569,-0.0360,0.0673,-0.642,1.1327,3.7292,-0.914,0.2462,-7.1075,-92.655,6.878,-0.0040,61.914,0.5682,0.0167,0.0565,3.3804,6.8267,6.9293,nan,7.0000,7.1317,0.2824,-0.0014,2.1173,0.0501,-0.0132,0.0110,15.2921,0.0447,0.5121,0.1759
16.750,60.947,1.2778,-3.8392,-93.095,1.2635,-3.7378,-93.180,-0.1005,-0.0197,0.1024,-0.085,1.0692,3.7695,-0.239,0.2256,-7.5064,-92.941,6.900,-0.1284,62.322,0.5678,0.0199,0.0464,2.3285,6.8014,6.8846,nan,6.9260,7.0207,0.2780,-0.0071,2.1029,0.0687,-0.0186,0.0133,15.5920,0.0322,0.0751,0.1759
16.800,61.361,1.2539,-4.2527,-93.664,1.2401,-4.1339,-94.095,-0.1177,-0.0214,0.1196,-0.431,1.1146,3.8079,-0.532,0.1992,-7.9402,-93.563,6.904,-0.0764,62.743,0.5872,0.0199,0.0494,2.4828,6.6173,6.6139,nan,6.7300,6.8156,0.2699,-0.0062,2.0770,0.0585,-0.0270,0.0126,15.8918,0.0300,-0.1426,0.1759
16.850,61.810,1.2250,-4.7004,-93.731,1.2304,-4.5063,-93.706,-0.1940,-0.0072,0.1942,0.025,1.0267,3.8191,0.226,0.1709,-8.3261,-93.932,6.893,-0.0474,63.197,0.5319,0.0197,0.0388,1.9741,6.5553,6.6139,nan,6.4454,5.9400,0.2352,-0.0035,2.0311,0.0473,-0.0400,0.0139,16.1917,0.0800,-0.1426,0.1759
16.900,62.195,1.1994,-5.0844,-93.951,1.2139,-4.9184,-94.276,-0.1666,0.0030,0.1666,-0.325,1.1333,3.8569,-0.399,0.1417,-8.7746,-93.877,6.847,-0.0650,63.581,0.5909,0.0192,0.0283,1.4764,6.8128,7.4534,nan,5.9735,6.1376,0.2431,-0.0338,1.9812,0.0656,-0.0269,-0.0075,16.6914,0.0660,-0.8977,0.1759
16.950,62.571,1.1731,-5.4600,-94.161,1.1836,-5.2943,-94.553,-0.1660,-0.0016,0.1660,-0.392,1.1333,3.8569,-0.399,0.1140,-9.1506,-94.154,6.414,-0.2727,63.920,0.5919,0.0185,0.0308,1.6647,6.9506,7.1850,nan,5.7111,5.5711,0.2206,-0.0366,1.9583,0.0548,-0.0382,-0.0267,16.9912,-0.0550,-6.5350,0.1759
17.000,62.900,1.1472,-5.7875,-95.148,1.1686,-5.5617,-94.944,-0.2268,0.0011,0.2268,0.204,1.0686,3.8687,0.059,0.0904,-9.4304,-95.003,6.218,-0.3454,64.233,0.5483,0.0228,0.0258,1.1322,6.5408,6.2117,nan,5.5429,5.5866,0.2213,-0.0386,1.9395,0.0502,-0.0489,-0.0365,17.1911,0.0184,-4.3430,0.1759
17.050,62.900,1.1472,-5.7875,-95.148,1.1655,-5.6117,-94.945,-0.1767,0.0025,0.1767,0.203,1.0655,3.8186,0.058,0.0904,-9.4304,-95.003,6.218,-0.3454,64.233,0.5483,0.0228,0.0220,0.9673,6.1316,5.8083,nan,5.3810,5.4824,0.2171,-0.0407,1.9387,0.0297,-0.0571,-0.0661,17.4910,0.0800,-7.8868,0.1759
17.100,63.232,1.1150,-6.1177,-96.250,1.1271,-5.9610,-95.792,-0.1571,-0.0051,0.1572,0.459,0.9912,3.7705,0.466,0.0567,-9.7323,-96.258,5.879,-0.3494,64.538,0.5242,0.0242,0.0217,0.9002,5.7304,5.4473,nan,5.2271,5.0614,0.2005,-0.0527,1.8844,0.0143,-0.0460,-0.0768,17.7908,0.0800,-4.6580,0.1759
17.150,63.555,1.0773,-6.4388,-97.378,1.0915,-6.2319,-96.872,-0.2070,-0.0124,0.2074,0.506,0.9785,3.7931,0.542,0.0182,-10.0256,-97.414,5.679,-0.3568,64.846,0.5006,0.0187,0.0315,1.6803,5.4207,5.3228,nan,5.1502,4.7736,0.1891,-0.0592,1.8507,-0.0018,-0.0457,-0.0882,17.9907,0.0800,-3.6361,0.1759
17.200,63.868,1.0346,-6.7493,-98.533,1.0490,-6.5211,-97.899,-0.2278,-0.0196,0.2286,0.633,0.9721,3.7727,0.552,-0.0223,-10.2941,-98.451,5.514,-0.4086,65.148,0.4639,0.0181,0.0349,1.9290,5.5836,5.7559,nan,4.8486,4.9555,0.1963,-0.0761,1.8076,-0.0203,-0.0382,-0.1212,18.2906,0.0526,-6.5287,0.1759
17.250,64.163,0.9880,-7.0407,-99.919,0.9965,-6.8943,-98.596,-0.1457,-0.0169,0.1467,1.323,0.8433,3.7415,1.259,-0.0805,-10.6366,-99.855,5.236,-0.4583,65.423,0.5133,0.0202,0.0224,1.1103,5.1763,4.8772,nan,4.6824,4.6909,0.1858,-0.0966,1.7852,-0.0217,-0.0252,-0.1387,18.4905,0.0800,-6.4955,0.1759
17.300,64.443,0.9370,-7.3157,-101.399,0.9532,-7.1149,-100.313,-0.2001,-0.0238,0.2015,1.086,0.8782,3.7375,1.061,-0.1258,-10.8519,-101.374,4.968,-0.5448,65.685,0.4601,0.0205,0.0325,1.5845,4.8434,4.7304,nan,4.5945,4.4333,0.1756,-0.1058,1.7507,-0.0301,-0.0104,-0.1640,18.7903,0.0800,-1.8667,0.1759
17.350,64.719,0.8788,-7.5856,-103.299,0.8996,-7.3951,-102.448,-0.1901,-0.0235,0.1916,0.851,0.9364,3.7186,0.771,-0.1864,-11.1122,-103.219,4.880,-0.6811,65.956,0.4537,0.0126,0.0353,2.8095,4.7160,4.7304,nan,4.3597,4.3291,0.1714,-0.1210,1.7210,-0.0361,-0.0067,-0.1791,18.9902,0.0800,-1.8667,0.1759
17.400,65.002,0.8089,-7.8595,-105.778,0.8491,-7.6441,-103.569,-0.2182,-0.0198,0.2191,2.209,0.7453,3.7046,1.793,-0.2513,-11.3464,-105.362,4.687,-0.8434,66.227,0.4189,0.0145,0.0245,1.6896,4.6436,4.6713,nan,4.2892,4.2882,0.1698,-0.1289,1.7083,-0.0413,-0.0189,-0.1927,19.1901,0.0800,-3.8732,0.1759
17.450,65.239,0.7403,-8.0864,-108.336,0.7667,-7.9550,-106.758,-0.1330,-0.0162,0.1340,1.578,0.7760,3.6858,1.659,-0.3462,-11.6357,-108.417,4.452,-0.8811,66.450,0.4846,0.0161,0.0175,1.0831,4.8910,5.1311,nan,4.0374,3.9190,0.1552,-0.1701,1.7083,-0.0274,0.0212,-0.2058,19.5899,-0.0654,-6.3544,0.1759
17.500,65.480,0.6599,-8.3132,-111.125,0.7066,-8.1152,-109.490,-0.2015,-0.0278,0.2034,1.635,0.7760,3.6858,1.659,-0.4110,-11.7940,-111.149,4.302,-0.9030,66.682,0.4210,0.0225,0.0239,1.0602,4.4781,4.0926,nan,3.9778,4.0796,0.1616,-0.1706,1.7083,-0.0300,-0.0053,-0.2065,19.6898,0.0800,-3.6827,0.1759
17.550,65.480,0.6599,-8.3132,-111.125,0.7054,-8.1548,-109.368,-0.1642,-0.0146,0.1648,1.757,0.7496,3.6463,1.781,-0.4110,-11.7940,-111.149,4.302,-0.9030,66.682,0.4210,0.0225,0.0130,0.5772,4.2132,4.1742,nan,3.9181,3.8951,0.1543,-0.1968,1.6026,-0.0213,-0.0046,-0.2397,19.8897,0.0800,-6.4168,0.1759
17.600,65.712,0.5707,-8.5280,-114.561,0.6198,-8.3848,-112.096,-0.1507,-0.0149,0.1514,2.465,0.7156,3.6407,1.968,-0.5088,-12.0151,-114.065,4.047,-1.0833,66.901,0.4314,0.0320,0.0116,0.3637,3.9152,3.8591,nan,3.8009,3.6805,0.1458,-0.1866,1.5005,-0.0285,-0.0209,-0.2751,20.0896,0.0800,-1.1645,0.1759
17.650,65.938,0.4717,-8.7305,-118.028,0.5273,-8.5698,-115.978,-0.1680,-0.0265,0.1700,2.049,0.6997,3.6310,2.025,-0.6035,-12.1871,-118.003,3.992,-1.1535,67.126,0.4056,0.0102,0.0172,1.6872,4.0123,4.0684,nan,3.6925,3.8195,0.1513,-0.2043,1.4837,-0.0368,-0.0230,-0.3053,20.2895,0.0735,-3.5790,0.1759
17.700,66.157,0.3628,-8.9213,-121.881,0.4122,-8.7872,-119.592,-0.1400,-0.0289,0.1429,2.288,0.6713,3.6244,2.170,-0.7289,-12.3928,-121.763,3.858,-1.1297,67.340,0.4278,0.0149,0.0128,0.8582,3.7981,3.7855,nan,3.6447,3.6828,0.1459,-0.2104,1.4088,-0.0415,-0.0145,-0.3332,20.4894,0.0800,-4.1075,0.1759
17.750,66.365,0.2485,-9.0946,-125.358,0.3032,-8.9578,-123.754,-0.1432,-0.0346,0.1473,1.605,0.7870,3.6063,1.628,-0.8405,-12.5453,-125.382,3.715,-1.1628,67.541,0.4109,0.0225,0.0185,0.8221,3.7097,3.7265,nan,3.5449,3.6118,0.1430,-0.2137,1.3566,-0.0464,-0.0139,-0.3561,20.6893,0.0800,-0.5416,0.1759
17.800,66.569,0.1256,-9.2576,-129.087,0.1769,-9.1240,-127.042,-0.1361,-0.0444,0.1431,2.045,0.6808,3.6109,2.108,-0.9720,-12.7078,-129.150,3.700,-1.2020,67.746,0.4166,0.0309,0.0187,0.6030,3.5999,3.6120,nan,3.3913,3.5219,0.1395,-0.1970,1.0064,-0.0555,-0.0003,-0.3803,20.8892,0.0800,-2.0714,0.1759
17.850,66.774,-0.0084,-9.4128,-132.928,0.0367,-9.2977,-131.096,-0.1150,-0.0454,0.1236,1.832,0.7457,3.5772,1.752,-1.1024,-12.8472,-132.848,3.627,-1.2055,67.949,0.4031,0.0052,0.0185,3.5708,3.5852,3.6120,nan,3.1824,3.1476,0.1247,-0.2097,0.8550,-0.0520,0.0266,-0.4060,21.0891,-0.0202,-2.0714,0.1759
17.900,66.971,-0.1471,-9.5532,-136.688,-0.1181,-9.4496,-134.544,-0.0921,-0.0555,0.1076,2.144,0.6252,3.5856,2.271,-1.2593,-12.9955,-136.815,3.555,-1.1076,68.144,0.4218,0.0084,0.0159,1.8864,3.6761,3.7266,nan,2.9586,3.0622,0.1213,-0.2682,0.8550,-0.0423,0.0429,-0.4387,21.2890,-0.0800,-2.0548,0.1759
17.950,67.175,-0.2991,-9.6884,-140.296,-0.2513,-9.5704,-137.678,-0.1121,-0.0602,0.1273,2.618,0.5626,3.5879,2.549,-1.3983,-13.1091,-140.227,3.436,-1.1386,68.342,0.3977,0.0187,0.0176,0.9418,3.4823,3.4732,nan,2.8755,2.7672,0.1096,-0.3236,0.8550,-0.0412,0.0922,-0.4370,21.4889,-0.0800,-2.1773,0.1759
18.000,67.355,-0.4412,-9.7990,-144.470,-0.4076,-9.6958,-141.321,-0.0874,-0.0645,0.1086,3.149,0.5626,3.5879,2.549,-1.5600,-13.2274,-143.870,3.132,-1.3944,68.509,0.4176,0.0243,0.0248,1.0194,3.5266,3.5637,nan,2.8838,2.7522,0.1090,-0.3445,0.8550,-0.0278,0.0807,-0.4365,21.5889,-0.0762,-7.1305,0.1759
18.050,67.355,-0.4412,-9.7990,-144.470,-0.4080,-9.6989,-141.915,-0.0852,-0.0622,0.1055,2.555,0.6998,3.5740,1.955,-1.5600,-13.2274,-143.870,3.132,-1.3944,68.509,0.4176,0.0243,0.0265,1.0899,3.1708,3.0351,nan,2.8838,2.8850,0.1143,-0.3378,0.8550,-0.0376,0.0632,-0.4263,21.7888,0.0800,-7.2148,0.1759
18.100,67.515,-0.5752,-9.8874,-149.094,-0.5214,-9.7682,-146.198,-0.1074,-0.0746,0.1308,2.896,0.5241,3.5940,2.739,-1.6829,-13.2970,-148.938,2.854,-1.5108,68.658,0.3971,0.0265,0.0342,1.2921,2.8203,2.6825,nan,2.8838,2.9321,0.1161,-0.3166,0.8550,-0.0391,-0.0068,-0.4263,21.7888,0.0280,-4.3981,0.1759
18.150,67.668,-0.7094,-9.9608,-153.808,-0.6404,-9.8451,-151.207,-0.1130,-0.0733,0.1347,2.601,0.5619,3.5755,2.525,-1.7923,-13.3546,-153.732,2.738,-1.4552,68.809,0.3679,0.0028,0.0322,11.6192,2.7936,2.8122,nan,3.0488,3.1136,0.1233,-0.3458,0.8550,-0.0351,0.0073,-0.4809,21.9887,0.0800,0.5571,0.1759
18.200,67.823,-0.8504,-10.0234,-158.470,-0.7964,-9.9328,-156.329,-0.0835,-0.0645,0.1055,2.141,0.6381,3.5477,2.179,-1.9460,-13.4162,-158.508,2.773,-1.3846,68.966,0.3771,0.0070,0.0324,4.6266,2.7817,2.8022,nan,3.1083,3.1017,0.1228,-0.3897,0.8550,-0.0238,0.0490,-0.6602,22.1886,0.0800,1.0138,0.1759
18.250,67.962,-0.9821,-10.0704,-162.448,-0.9381,-9.9952,-159.721,-0.0646,-0.0584,0.0871,2.727,0.5176,3.5421,2.637,-2.0771,-13.4560,-162.358,2.811,-1.3940,69.109,0.3722,0.0074,0.0267,3.5825,2.8800,2.9246,nan,3.2122,3.2000,0.1267,-0.4531,0.8550,-0.0042,0.0539,-0.7318,22.2885,0.0800,0.1736,0.1759
18.300,68.117,-1.1313,-10.1114,-167.210,-1.1110,-10.0522,-164.879,-0.0329,-0.0533,0.0626,2.331,0.6177,3.5217,2.196,-2.2475,-13.4976,-167.074,2.907,-1.6222,69.272,0.3896,0.0120,0.0227,1.8979,2.8022,2.8133,nan,3.2704,3.3983,0.1346,-0.4282,0.9941,0.0037,0.0917,-0.5919,22.4884,0.0740,0.3858,0.1756
18.350,68.278,-1.2896,-10.1400,-172.780,-1.2590,-10.0813,-170.121,-0.0378,-0.0544,0.0662,2.659,0.6346,3.5137,2.107,-2.3921,-13.5162,-172.228,2.945,-1.8426,69.439,0.3726,0.0190,0.0195,1.0267,3.0108,3.1095,nan,3.3549,3.3334,0.1320,-0.3965,1.1980,0.0208,0.0988,-0.5778,22.6883,-0.0125,0.7432,0.1756
18.400,68.444,-1.4552,-10.1525,-179.287,-1.4528,-10.1038,-176.699,-0.0031,-0.0487,0.0488,2.588,0.6636,3.5076,1.957,-2.5799,-13.5311,-178.656,2.997,-2.0543,69.615,0.3921,0.0043,0.0303,7.1176,3.1102,3.1570,nan,3.4372,3.4508,0.1367,-0.3752,1.2459,0.0324,0.0530,-0.5640,22.7882,0.0078,2.5203,0.1756
18.450,68.616,-1.6265,-10.1456,174.120,-1.6328,-10.0930,175.872,0.0117,-0.0516,0.0529,1.752,0.6944,3.5006,1.837,-2.7617,-13.5121,174.036,3.113,-1.9595,69.800,0.3943,0.0071,0.0209,2.9544,3.1285,3.1570,nan,3.5305,3.6032,0.1427,-0.3344,1.2830,0.0267,0.0410,-0.5148,22.9881,0.0421,2.5203,0.1756
18.500,68.766,-1.7752,-10.1238,168.762,-1.7847,-10.0643,170.400,0.0210,-0.0565,0.0603,1.638,0.7290,3.4958,1.739,-2.9240,-13.4775,168.661,3.146,-1.9511,69.956,0.3996,0.0055,0.0260,4.7556,3.2215,3.2680,nan,3.6209,3.7369,0.1480,-0.3198,1.3211,0.0255,0.0505,-0.5163,23.1880,0.0672,0.8342,0.1756
18.550,68.947,-1.9516,-10.0804,163.280,-1.9505,-10.0159,163.949,0.0175,-0.0621,0.0645,0.669,0.8710,3.4710,1.124,-3.0857,-13.4289,162.824,3.326,-1.6811,70.152,0.3842,0.0076,0.0106,1.4033,3.1953,3.2171,nan,3.6349,3.7192,0.1473,-0.2837,1.3202,0.0172,0.0037,-0.5013,23.2880,0.0800,-0.1159,0.1756
18.600,69.135,-2.1283,-10.0190,157.945,-2.1716,-9.9361,158.974,0.0713,-0.0606,0.0936,1.029,0.8710,3.4710,1.124,-3.3052,-13.3448,157.850,3.464,-1.5732,70.352,0.4122,0.0115,0.0229,1.9922,3.4808,3.7054,nan,3.6211,3.5133,0.1391,-0.2965,1.4693,0.0213,0.0291,-0.4591,23.4879,-0.0624,3.0960,0.1756
18.650,69.135,-2.1283,-10.0190,157.945,-2.1676,-9.9320,158.423,0.0691,-0.0658,0.0955,0.478,1.0038,3.4452,0.573,-3.3052,-13.3448,157.850,3.464,-1.5732,70.352,0.4122,0.0115,0.0152,1.3185,3.5106,3.5445,nan,3.6671,3.5670,0.1413,-0.2868,1.4827,0.0204,0.0374,-0.4324,23.6878,-0.0579,1.8382,0.1756
18.700,69.331,-2.3069,-9.9381,152.962,-2.3253,-9.8549,152.826,0.0542,-0.0657,0.0852,-0.136,1.1444,3.4115,0.047,-3.4806,-13.2635,152.779,3.518,-1.5934,70.554,0.4091,0.0181,0.0105,0.5803,3.5045,3.5319,nan,3.7950,3.8768,0.1535,-0.2576,1.4801,0.0059,0.0365,-0.4279,23.8877,0.0474,-2.6436,0.1756
18.750,69.522,-2.4734,-9.8445,147.893,-2.4912,-9.7485,148.167,0.0661,-0.0719,0.0977,0.275,1.1230,3.4218,0.118,-3.6414,-13.1628,148.049,3.447,-1.5560,70.744,0.4010,0.0050,0.0102,2.0320,3.5115,3.5412,nan,3.9016,3.8315,0.1517,-0.2451,1.4831,-0.0005,0.0022,-0.4425,23.9876,0.0800,-0.2654,0.1756
18.800,69.715,-2.6326,-9.7355,142.964,-2.6491,-9.6333,142.599,0.0747,-0.0717,0.1035,-0.365,1.2234,3.3883,-0.320,-3.7997,-13.0430,142.919,3.469,-1.4258,70.941,0.3960,0.0065,0.0055,0.8369,3.5090,3.5371,nan,3.9464,3.8338,0.1518,-0.2317,1.4887,-0.0024,0.0186,-0.4492,24.1875,0.0800,3.9217,0.1756
18.850,69.910,-2.7844,-9.6121,138.473,-2.7916,-9.5021,138.514,0.0783,-0.0776,0.1103,0.042,1.1513,3.4126,0.003,-3.9437,-12.9145,138.511,3.621,-1.3937,71.149,0.3868,0.0092,0.0073,0.8017,3.7098,3.8139,nan,4.0908,4.1146,0.1630,-0.2314,1.6457,-0.0003,0.0363,-0.3645,24.3874,0.0136,1.2245,0.1756
18.900,70.115,-2.9325,-9.4712,134.011,-2.9546,-9.3372,133.959,0.1117,-0.0772,0.1358,-0.052,1.1534,3.4120,-0.014,-4.1049,-12.7502,133.973,3.675,-1.3405,71.359,0.3912,0.0126,0.0121,0.9576,3.7051,3.7344,nan,4.1882,4.2423,0.1680,-0.2246,1.6570,0.0016,0.0411,-0.3433,24.5873,0.0304,0.5583,0.1756
18.950,70.318,-3.0685,-9.3206,129.810,-3.0911,-9.1776,129.947,0.1243,-0.0742,0.1448,0.136,1.0647,3.4370,0.382,-4.2398,-12.5866,129.565,3.716,-1.3421,71.566,0.3863,0.0153,0.0161,1.0479,3.5832,3.5930,nan,4.2360,4.2639,0.1689,-0.1889,1.6025,-0.0036,0.0081,-0.3495,24.6873,0.0800,3.2965,0.1756
19.000,70.530,-3.1988,-9.1528,125.444,-3.2078,-9.0325,126.289,0.1032,-0.0624,0.1206,0.845,0.9773,3.4604,0.792,-4.3575,-12.4338,125.497,3.859,-1.3668,71.791,0.3788,0.0068,0.0147,2.1505,3.5667,3.5930,nan,4.3700,4.2220,0.1672,-0.2162,1.6213,0.0228,0.0535,-0.3197,24.9871,0.0800,3.2965,0.1756
19.050,70.750,-3.3201,-8.9692,121.030,-3.3393,-8.8291,121.731,0.1300,-0.0558,0.1414,0.701,1.0301,3.4409,0.536,-4.4841,-12.2286,121.194,3.985,-1.3488,72.022,0.3775,0.0077,0.0181,2.3488,3.8298,4.0113,nan,4.4465,4.5148,0.1788,-0.2131,1.7590,0.0346,0.0518,-0.3011,25.1870,0.0800,3.0180,0.1756
19.100,70.971,-3.4276,-8.7764,116.787,-3.4559,-8.6293,117.942,0.1441,-0.0410,0.1498,1.155,0.9134,3.4710,1.116,-4.6041,-12.0129,116.826,4.050,-1.3533,72.250,0.3842,0.0087,0.0224,2.5885,4.0914,4.2798,nan,4.5434,4.6169,0.1828,-0.2078,1.8537,0.0497,0.0365,-0.2851,25.3869,0.0383,1.1386,0.1756
19.151,71.203,-3.5249,-8.5661,112.397,-3.5471,-8.4196,113.574,0.1439,-0.0353,0.1482,1.176,0.9134,3.4710,1.116,-4.6911,-11.8015,112.458,4.213,-1.3695,72.496,0.3740,0.0466,0.0436,0.9359,4.1380,4.1831,nan,4.6059,4.7007,0.1862,-0.2004,1.8643,0.0527,0.0338,-0.2750,25.5868,0.0490,3.6363,0.1756
19.200,71.203,-3.5249,-8.5661,112.397,-3.5490,-8.4236,113.953,0.1409,-0.0320,0.1445,1.556,0.8325,3.4962,1.495,-4.6911,-11.8015,112.458,4.213,-1.3695,72.496,0.3740,0.0099,0.0266,2.6850,4.3156,4.4224,nan,4.7281,4.8162,0.1907,-0.1941,1.8706,0.0607,0.0514,-0.2691,25.8867,0.0442,2.8411,0.1756
19.250,71.438,-3.6072,-8.3455,108.031,-3.6353,-8.1921,109.913,0.1546,-0.0208,0.1560,1.882,0.7270,3.5169,2.036,-4.7754,-11.5466,107.877,4.338,-1.3662,72.744,0.3704,0.0069,0.0391,5.6954,4.2794,4.3101,nan,4.7281,4.8607,0.1925,-0.1833,1.8715,0.0620,0.0219,-0.2682,25.9866,0.0675,2.3031,0.1756
19.300,71.688,-3.6765,-8.1048,103.582,-3.6900,-7.9810,105.082,0.1235,-0.0160,0.1245,1.500,0.8833,3.4504,1.284,-4.8283,-11.3260,103.798,4.446,-1.3494,73.006,0.3571,0.0068,0.0350,5.1727,4.5571,4.8546,nan,4.8713,4.9198,0.1948,-0.1651,1.8824,0.0549,0.0171,-0.2580,26.2864,0.0234,2.3747,0.1756
19.350,71.931,-3.7260,-7.8669,99.398,-3.7410,-7.6975,100.656,0.1696,-0.0128,0.1701,1.257,0.8317,3.4512,1.597,-4.8817,-11.0169,99.058,4.549,-1.3130,73.260,0.3555,0.0064,0.0423,6.6516,4.3795,4.3780,nan,4.9646,5.0011,0.1981,-0.1475,1.8907,0.0517,0.0144,-0.2503,26.4863,0.0800,1.8124,0.1756
19.400,72.216,-3.7623,-7.5843,94.773,-3.7749,-7.4726,96.538,0.1123,0.0033,0.1124,1.765,0.8350,3.4484,1.577,-4.9088,-10.7900,94.961,4.637,-1.2230,73.556,0.3495,0.0099,0.0429,4.3212,4.6616,5.0007,nan,5.0755,5.1991,0.2059,-0.1357,1.9031,0.0468,0.0251,-0.2389,26.7862,0.0583,1.5155,0.1756
19.450,72.478,-3.7764,-7.3230,90.945,-3.7832,-7.1580,91.347,0.1651,0.0041,0.1651,0.402,1.0115,3.3587,0.657,-4.9149,-10.4610,90.690,4.705,-1.1150,73.826,0.3388,0.0055,0.0384,6.9531,4.8508,5.0007,nan,5.3198,5.4664,0.2165,-0.1218,1.9165,0.0522,0.0103,-0.2268,26.9861,0.0662,1.5155,0.1756
19.500,72.739,-3.7738,-7.0621,87.528,-3.7682,-6.9122,87.901,0.1500,0.0009,0.1500,0.374,1.0480,3.3546,0.478,-4.9018,-10.2262,87.423,4.792,-0.9775,74.097,0.3278,0.0053,0.0360,6.8068,4.6530,4.6427,nan,5.3733,5.3789,0.2130,-0.0936,1.9386,0.0301,-0.0070,-0.2072,27.1860,0.0800,1.6539,0.1756
19.550,73.019,-3.7551,-6.7823,84.502,-3.7421,-6.6570,85.118,0.1260,-0.0009,0.1260,0.616,1.0264,3.3411,0.613,-4.8753,-9.9465,84.505,5.022,-0.7980,74.398,0.3200,0.0077,0.0396,5.1132,4.8062,4.9232,nan,5.5145,5.6644,0.2243,-0.0879,1.9862,0.0230,0.0068,-0.1665,27.4858,0.0800,5.2882,0.1756
19.600,73.019,-3.7551,-6.7823,84.502,-3.7421,-6.6570,85.118,0.1260,-0.0009,0.1260,0.616,1.0264,3.3411,0.613,-4.8753,-9.9465,84.505,5.022,-0.7980,74.541,0.3200,0.0077,0.0396,5.1132,5.0890,5.5937,nan,5.6819,5.6893,0.2253,-0.0927,2.0262,0.0220,0.0179,-0.1036,27.7857,0.0031,2.4097,0.1756
19.650,73.293,-3.7239,-6.5100,82.212,-3.6988,-6.3305,82.186,0.1813,-0.0006,0.1813,-0.026,1.0945,3.2916,0.210,-4.8285,-9.6045,81.976,5.123,-0.7171,74.683,0.3109,0.0117,0.0519,4.4429,5.0969,5.1534,nan,5.8026,5.9341,0.2350,-0.0860,2.0262,0.0146,0.0058,-0.1219,27.9856,0.0541,3.9437,0.1756
19.700,73.586,-3.6793,-6.2213,79.918,-3.6609,-6.0631,80.488,0.1590,0.0096,0.1593,0.570,1.0309,3.3302,0.552,-4.7820,-9.3477,79.936,5.292,-0.7483,74.991,0.3041,0.0041,0.0457,11.2174,5.3281,5.5796,nan,5.9196,6.0196,0.2384,-0.0908,2.0262,0.0256,0.0106,-0.1331,28.2854,0.0400,2.3006,0.1756
19.750,73.880,-3.6226,-5.9327,77.517,-3.5952,-5.7423,78.185,0.1918,0.0144,0.1924,0.669,0.9986,3.3286,0.732,-4.7093,-9.0114,77.453,5.397,-0.7432,75.297,0.2973,0.0038,0.0570,15.0665,5.3028,5.3525,nan,5.9894,6.1757,0.2446,-0.0852,2.0276,0.0229,0.0176,-0.1326,28.5853,0.0800,3.6772,0.1756
19.800,74.198,-3.5481,-5.6232,75.067,-3.5232,-5.4842,76.173,0.1407,0.0118,0.1412,1.106,0.9656,3.3372,0.970,-4.6374,-8.7442,75.204,5.563,-0.7757,75.633,0.2914,0.0080,0.0504,6.2989,5.5799,6.1793,nan,6.1400,6.2577,0.2478,-0.0764,2.0357,0.0193,0.0182,-0.1261,28.8851,0.0455,2.6127,0.1756
19.850,74.502,-3.4645,-5.3312,72.631,-3.4085,-5.0962,74.115,0.2410,0.0167,0.2416,1.484,0.8773,3.3888,1.597,-4.5206,-8.3622,72.518,5.682,-0.7628,75.951,0.2857,0.0103,0.0634,6.1869,5.5193,5.5613,nan,6.2982,6.4001,0.2535,-0.0665,2.0358,0.0299,0.0188,-0.1182,29.1850,0.0800,3.1308,0.1756
19.900,74.818,-3.3647,-5.0308,70.243,-3.3172,-4.8465,71.167,0.1895,0.0176,0.1904,0.924,0.9826,3.3294,0.977,-4.4386,-8.1013,70.190,5.817,-0.7111,76.283,0.2874,0.0118,0.0496,4.2167,5.7306,5.9821,nan,6.4520,6.6081,0.2617,-0.0659,2.0358,0.0388,0.0292,-0.1169,29.4848,0.0800,2.5097,0.1756
19.950,75.147,-3.2484,-4.7230,68.030,-3.2021,-4.5150,69.435,0.2103,0.0349,0.2131,1.405,0.8970,3.3609,1.501,-4.3041,-7.7657,67.934,5.927,-0.6502,76.626,0.2803,0.0019,0.0510,27.5483,5.8423,5.9821,nan,6.5976,6.6599,0.2638,-0.0383,2.0444,0.0168,0.0208,-0.1193,29.7846,0.0800,2.5097,0.1756
20.000,75.495,-3.1135,-4.4027,66.022,-3.0606,-4.2002,67.466,0.2065,0.0340,0.2093,1.444,0.9090,3.3627,1.498,-4.1660,-7.4565,65.968,6.058,-0.4138,76.990,0.2730,0.0031,0.0389,12.5657,5.9285,6.0527,nan,6.7800,6.9849,0.2766,-0.0333,2.1431,0.0356,0.0275,-0.0450,30.0845,0.0800,2.5751,0.1756
20.050,75.495,-3.1135,-4.4027,66.022,-3.0606,-4.2002,67.466,0.2065,0.0340,0.2093,1.444,0.9090,3.3627,1.498,-4.1660,-7.4565,65.968,6.058,-0.4138,76.990,0.2730,0.0031,0.0389,12.5657,6.1766,6.5892,nan,6.9532,7.1048,0.2814,-0.0321,2.1211,0.0385,0.0290,-0.0129,30.4843,0.0520,3.9195,0.1756
20.100,75.821,-2.9785,-4.1061,64.931,-2.8217,-3.6806,65.445,0.4518,0.0383,0.4535,0.514,0.9220,3.3453,1.412,-3.9158,-6.9315,64.033,6.226,-0.3414,77.335,0.3600,0.0037,0.0405,11.0702,5.8658,4.1229,nan,6.9532,6.9584,0.2756,-0.0305,2.1211,0.0378,0.0293,-0.0129,30.4843,0.0800,4.8378,0.1756
20.150,76.351,-2.7478,-3.6282,63.390,-2.8107,-3.6630,65.261,-0.0593,0.0406,0.0719,1.872,0.9220,3.3453,1.412,-3.9043,-6.9142,63.849,6.532,-0.3219,77.902,0.3784,0.0065,0.0444,6.8196,6.0128,10.3159,nan,7.0000,7.1047,0.2814,-0.0179,2.1197,0.0332,0.0145,-0.0155,30.6842,0.0800,3.0753,0.1756
20.200,76.701,-2.5888,-3.3165,62.394,-2.4615,-2.8802,65.714,0.4456,0.0893,0.4545,3.320,0.6681,3.4212,3.334,-3.4907,-6.1088,62.380,6.660,-0.3243,78.269,0.3799,0.0043,0.0508,11.9319,6.1570,10.3159,nan,7.0000,7.2123,0.2856,0.0081,2.0805,0.0514,0.0062,0.0151,31.6837,0.0800,3.0753,0.1756
20.250,77.102,-2.4003,-2.9627,61.378,-2.3790,-2.7177,64.670,0.2253,0.0987,0.2459,3.292,0.6681,3.4212,3.334,-3.3989,-5.9513,61.336,6.705,-0.0917,78.680,0.2610,0.0014,0.0607,42.3422,6.3713,6.6941,nan,7.0000,7.0907,0.2808,-0.0079,2.0676,0.0823,0.0217,0.0226,31.7836,0.0305,1.8859,0.1756
20.300,77.468,-2.2254,-2.6419,61.579,-2.1900,-2.3044,64.532,0.3137,0.1294,0.3393,2.953,0.6620,3.4593,3.440,-3.1927,-5.5822,61.093,6.811,-0.0001,79.061,0.2746,0.0014,0.0459,31.9852,6.6303,7.2359,nan,6.6572,6.5260,0.2585,-0.0074,2.0274,0.1057,0.0215,0.0378,32.1834,-0.0800,2.5441,0.1756
20.350,77.468,-2.2254,-2.6419,61.579,-2.1669,-2.2947,63.961,0.3332,0.1138,0.3521,2.382,0.7424,3.4403,2.868,-3.1927,-5.5822,61.093,6.811,-0.0001,79.061,0.2746,0.0014,0.0351,24.4689,6.7939,7.0553,nan,6.2980,6.2504,0.2475,0.0063,1.9987,0.0981,0.0057,0.0579,32.5832,-0.0800,0.5057,0.1754
20.400,77.856,-2.0397,-2.3003,61.340,-1.9833,-1.9172,64.491,0.3632,0.1342,0.3872,3.152,0.7591,3.4738,2.912,-3.0127,-5.2447,61.579,6.812,-0.0747,79.455,0.2749,0.0038,0.0260,6.7745,6.8796,7.0491,nan,5.9829,6.1013,0.2416,0.0386,1.9712,0.0849,-0.0293,0.0616,32.9830,0.0471,-4.3826,0.1754
20.450,78.238,-1.8558,-1.9654,61.126,-1.7831,-1.4952,64.580,0.4468,0.1634,0.4757,3.454,0.7282,3.5534,3.490,-2.8140,-4.8864,61.090,6.603,0.0337,79.820,0.2850,0.0035,0.0349,10.0605,6.5148,6.3112,nan,5.7643,5.8992,0.2336,0.0485,1.9679,0.0861,-0.0310,0.0568,33.2828,0.0800,-4.8413,0.1754
20.500,78.627,-1.6684,-1.6246,61.368,-1.6213,-1.1563,64.561,0.4336,0.1830,0.4707,3.192,0.7641,3.5912,3.321,-2.6564,-4.6013,61.240,6.375,0.2221,80.190,0.2612,0.0007,0.0233,31.4557,6.3242,6.3157,nan,5.5525,5.6934,0.2255,0.0709,1.9664,0.0766,-0.0283,0.0454,33.5827,0.0800,-4.2567,0.1754
20.550,78.973,-1.5052,-1.3204,62.536,-1.4481,-0.7956,65.316,0.4920,0.1913,0.5279,2.779,0.7949,3.6234,3.226,-2.4881,-4.2858,62.089,6.189,0.4391,80.522,0.2656,0.0010,0.0111,11.4772,5.9906,5.8502,nan,5.4144,5.4231,0.2148,0.0799,1.9636,0.0707,-0.0160,0.0913,33.8825,0.0800,-4.4473,0.1754
20.600,79.313,-1.3510,-1.0165,64.053,-1.3136,-0.4976,67.010,0.4829,0.1934,0.5202,2.957,0.8263,3.6433,3.087,-2.3599,-4.0196,63.922,5.991,0.5618,80.848,0.2600,0.0111,0.0370,3.3483,5.9012,5.9390,nan,5.1984,5.3070,0.2102,0.0914,1.8842,0.0647,-0.0195,0.1195,34.1824,0.0497,-4.9790,0.1754
20.650,79.637,-1.2135,-0.7238,66.088,-1.1765,-0.1557,68.113,0.5344,0.1965,0.5693,2.026,0.8970,3.6375,2.237,-2.2200,-3.7093,65.876,5.778,0.6926,81.156,0.2690,0.0070,0.0154,2.1838,5.8773,5.9390,nan,4.8607,4.7260,0.1872,0.1140,1.8423,0.0484,-0.0422,0.1453,34.5822,-0.0800,-4.9790,0.1754
20.700,79.959,-1.0877,-0.4273,68.412,-1.0790,0.0986,70.435,0.4922,0.1854,0.5260,2.023,0.9107,3.6269,2.131,-2.1195,-3.4519,68.304,5.518,0.7743,81.458,0.2674,0.0024,0.0177,7.4902,5.5585,5.4478,nan,4.7653,4.6995,0.1861,0.1269,1.7644,0.0387,-0.0405,0.1561,34.7821,-0.0314,-5.4321,0.1754
20.750,80.255,-0.9842,-0.1496,71.383,-0.9925,0.3819,72.980,0.5011,0.1776,0.5316,1.596,0.9107,3.6269,2.131,-2.0226,-3.1719,70.849,5.090,0.9913,81.722,0.2741,0.0054,0.0198,3.6910,5.4128,5.4238,nan,4.5750,4.4436,0.1760,0.1364,1.7486,0.0270,-0.0461,0.1714,35.0819,-0.0641,-8.5461,0.1754
20.800,80.255,-0.9842,-0.1496,71.383,-1.0010,0.3783,73.438,0.4949,0.1845,0.5282,2.055,0.8762,3.6384,2.589,-2.0226,-3.1719,70.849,5.090,0.9913,81.722,0.2741,0.0054,0.0288,5.3719,5.0257,4.8078,nan,4.4940,4.5908,0.1818,0.1020,1.7316,0.0534,-0.0029,0.1802,35.2818,0.0514,-6.4632,0.1754
20.850,80.523,-0.9044,0.1055,74.430,-0.9408,0.5693,76.579,0.4370,0.1595,0.4652,2.149,0.9162,3.5862,2.065,-1.9644,-2.9480,74.514,4.825,0.9996,81.973,0.2801,0.0077,0.0432,5.5831,4.6837,4.5616,nan,4.4121,4.3262,0.1713,0.1028,1.7181,0.0425,0.0190,0.1794,35.3818,0.0800,-6.4938,0.1754
20.900,80.785,-0.8398,0.3598,77.593,-0.8787,0.7949,78.490,0.4166,0.1315,0.4368,0.897,0.9924,3.5403,0.900,-1.9140,-2.7157,77.590,4.578,0.8155,82.220,0.2862,0.0142,0.0438,3.0712,4.5025,4.4994,nan,4.2345,4.0951,0.1622,0.1391,1.6848,0.0214,-0.0040,0.1805,35.5817,0.0800,-1.1638,0.1754
20.950,81.035,-0.7902,0.6053,79.882,-0.8137,1.0220,80.283,0.4061,0.0963,0.4174,0.401,1.0557,3.4983,0.098,-1.8736,-2.4731,80.185,4.513,0.7176,82.468,0.2941,0.0129,0.0237,1.8400,4.4351,4.4618,nan,4.0454,3.9638,0.1570,0.1826,1.6014,-0.0152,-0.0448,0.1764,35.8815,0.0800,-3.9725,0.1754
21.000,81.279,-0.7515,0.8458,82.125,-0.7604,1.2285,80.977,0.3779,0.0612,0.3828,-1.148,1.1256,3.4163,-1.213,-1.8392,-2.2272,82.190,4.348,0.7851,82.702,0.2998,0.0131,0.0140,1.0683,4.1993,4.1754,nan,3.9694,3.7080,0.1469,0.2139,1.5736,-0.0442,-0.0451,0.1733,35.9814,0.0800,-4.9942,0.1754
21.050,81.516,-0.7240,1.0816,85.052,-0.7254,1.3971,83.041,0.3142,0.0286,0.3155,-2.011,1.1495,3.3558,-1.605,-1.8193,-2.0104,84.646,4.147,0.9826,82.928,0.3023,0.0179,0.0158,0.8816,4.0442,4.0496,nan,3.8680,3.6703,0.1454,0.2123,1.5319,-0.0406,-0.0220,0.2126,36.1814,0.0800,-4.3267,0.1754
21.100,81.743,-0.7106,1.3082,88.737,-0.7064,1.5973,86.695,0.2891,0.0022,0.2891,-2.043,1.1529,3.3422,-1.485,-1.8134,-1.7926,88.180,3.966,1.2098,83.147,0.3079,0.0126,0.0129,1.0292,3.9275,3.9415,nan,3.8289,3.6049,0.1428,0.2166,1.5042,-0.0553,0.0090,0.2453,36.2813,0.0800,-5.4765,0.1754
21.150,81.955,-0.7124,1.5200,92.759,-0.7071,1.7966,90.783,0.2761,-0.0186,0.2767,-1.976,1.1689,3.3091,-1.906,-1.8247,-1.5740,92.689,3.761,1.2469,83.349,0.3186,0.0143,0.0123,0.8623,3.9121,3.9415,nan,3.7648,3.5574,0.1409,0.2015,1.4983,-0.0433,0.0364,0.2421,36.4812,0.0800,-5.4765,0.1754
21.200,82.177,-0.7304,1.7407,96.940,-0.7254,1.9805,95.005,0.2375,-0.0339,0.2399,-1.935,1.1689,3.3091,-1.906,-1.8491,-1.3908,96.911,3.627,1.1426,83.565,0.3195,0.0340,0.0086,0.2517,3.6143,3.5555,nan,3.6894,3.7464,0.1484,0.1802,1.3842,-0.0292,0.0710,0.2363,36.5811,0.0330,-3.2997,0.1754
21.250,82.177,-0.7304,1.7407,96.940,-0.7242,1.9407,94.628,0.1978,-0.0303,0.2001,-2.312,1.1788,3.2568,-2.283,-1.8491,-1.3908,96.911,3.627,1.1426,83.565,0.3195,0.0340,0.0090,0.2647,3.6971,3.7456,nan,3.5330,3.4280,0.1358,0.1764,1.2502,-0.0087,0.0641,0.2942,36.7810,0.0800,-2.6984,0.1754
21.300,82.384,-0.7615,1.9456,100.668,-0.7490,2.1259,97.799,0.1749,-0.0456,0.1808,-2.869,1.2025,3.1843,-3.052,-1.8924,-1.1608,100.851,3.540,1.0271,83.769,0.3347,0.0435,0.0108,0.2488,3.4452,3.4127,nan,3.5330,3.5996,0.1426,0.1694,1.1650,0.0030,0.0623,0.3349,36.8810,0.0386,1.5006,0.1754
21.350,82.584,-0.8036,2.1412,103.869,-0.7840,2.2915,100.470,0.1412,-0.0551,0.1516,-3.399,1.2075,3.1734,-3.419,-1.9353,-0.9991,103.889,3.573,0.9763,83.972,0.3319,0.0214,0.0180,0.8421,3.6311,3.7231,nan,3.2775,3.2292,0.1279,0.2217,1.2279,0.0162,0.0295,0.3899,37.0809,-0.0280,-3.5864,0.1754
21.400,82.780,-0.8553,2.3303,106.928,-0.8289,2.4680,103.009,0.1240,-0.0654,0.1402,-3.919,1.2186,3.1179,-3.914,-1.9983,-0.7882,106.922,3.458,0.9146,84.163,0.3450,0.0294,0.0217,0.7356,3.4992,3.5062,nan,3.2775,3.3725,0.1336,0.2346,1.1833,0.0293,0.0264,0.3794,37.1808,0.0550,0.8776,0.1754
21.450,82.968,-0.9140,2.5087,109.759,-0.8893,2.6398,106.445,0.1151,-0.0676,0.1334,-3.315,1.2052,3.1327,-3.401,-2.0616,-0.6162,109.845,3.474,0.9654,84.353,0.3489,0.0325,0.0161,0.4942,3.3995,3.4118,nan,3.1156,3.2263,0.1278,0.2417,1.1496,0.0445,0.0068,0.3943,37.3807,0.0800,-5.2980,0.1754
21.500,83.156,-0.9827,2.6839,113.434,-0.9463,2.7969,109.683,0.0892,-0.0783,0.1187,-3.751,1.2049,3.1190,-3.204,-2.1298,-0.4419,112.887,3.286,1.1922,84.534,0.3483,0.0429,0.0184,0.4287,3.2081,3.1970,nan,2.9646,3.0321,0.1201,0.2261,1.0848,0.0583,0.0416,0.4084,37.4807,0.0800,-0.2824,0.1754
21.550,83.340,-1.0610,2.8504,117.292,-1.0255,2.9348,114.625,0.0587,-0.0703,0.0916,-2.667,1.1948,3.1239,-2.675,-2.2090,-0.2925,117.300,3.275,1.2286,84.719,0.3480,0.0167,0.0274,1.6382,3.1761,3.1970,nan,2.8822,2.9845,0.1182,0.1998,0.9756,0.0731,0.0196,0.4405,37.6806,0.0800,-0.2824,0.1754
21.600,83.518,-1.1473,3.0056,121.119,-1.1169,3.0967,118.559,0.0623,-0.0731,0.0961,-2.561,1.1952,3.1123,-2.764,-2.3087,-0.1271,121.323,3.184,1.1305,84.893,0.3620,0.0232,0.0229,0.9842,3.2472,3.2880,nan,2.6843,2.6440,0.1047,0.2053,0.9971,0.1023,0.0477,0.4612,37.7805,-0.0233,-2.5094,0.1754
21.650,83.691,-1.2413,3.1515,124.612,-1.1945,3.2137,121.738,0.0246,-0.0738,0.0778,-2.874,1.1920,3.0995,-2.823,-2.3892,-0.0035,124.561,3.013,0.9687,85.059,0.3476,0.0300,0.0234,0.7776,3.0573,3.0453,nan,2.6843,2.7459,0.1088,0.2298,0.9164,0.1094,-0.0050,0.5241,37.9804,0.0357,-3.9710,0.1754
21.700,83.848,-1.3338,3.2788,127.494,-1.2965,3.3599,124.864,0.0417,-0.0789,0.0892,-2.630,1.1920,3.0995,-2.823,-2.4983,0.1375,127.687,2.754,0.9414,85.205,0.3646,0.0351,0.0174,0.4941,3.0998,3.1326,nan,2.5251,2.4076,0.0954,0.3197,0.9292,0.1193,-0.0202,0.5630,38.0804,-0.0680,-7.3239,0.1754
21.750,83.848,-1.3338,3.2788,127.494,-1.2918,3.3470,124.800,0.0285,-0.0748,0.0801,-2.693,1.1964,3.0838,-2.886,-2.4983,0.1375,127.687,2.754,0.9414,85.205,0.3646,0.0351,0.0171,0.4873,2.7624,2.6450,nan,2.5144,2.6323,0.1042,0.2600,0.8280,0.1265,-0.0368,0.5993,38.1803,0.0683,-1.7763,0.1754
21.800,84.001,-1.4300,3.3975,130.629,-1.3650,3.4393,127.563,-0.0107,-0.0766,0.0773,-3.065,1.1964,3.0838,-2.886,-2.5760,0.2260,130.450,2.684,1.0292,85.356,0.3460,0.0456,0.0168,0.3673,2.7317,2.7491,nan,2.5144,2.6439,0.1047,0.3589,0.8188,0.1232,-0.1020,0.6562,38.3802,0.0750,-6.6053,0.1754
21.850,84.141,-1.5244,3.5008,134.478,-1.4811,3.5529,131.667,0.0068,-0.0674,0.0677,-2.811,1.1912,3.1006,-2.327,-2.6884,0.3434,133.994,2.471,1.0363,85.488,0.3637,0.0166,0.0260,1.5679,2.4199,2.3277,nan,2.5470,2.6437,0.1047,0.3446,0.8000,0.1374,-0.0908,0.5707,38.4802,0.0560,2.1396,0.1754
21.900,84.282,-1.6257,3.5983,137.745,-1.5581,3.6297,135.546,-0.0289,-0.0687,0.0746,-2.199,1.1912,3.1006,-2.327,-2.7685,0.4171,137.873,2.531,1.1177,85.632,0.3432,0.0219,0.0185,0.8473,2.4866,2.5191,nan,2.3905,2.1570,0.0854,0.4288,0.8000,0.1290,-0.0838,0.3563,38.5801,0.0800,0.1555,0.1754
21.950,84.424,-1.7342,3.6900,142.181,-1.6669,3.7169,138.534,-0.0367,-0.0625,0.0725,-3.647,1.1872,3.0782,-2.605,-2.8802,0.5083,141.139,2.549,1.3853,85.777,0.3465,0.0346,0.0263,0.7601,2.6621,2.7347,nan,2.2762,2.2946,0.0909,0.5396,0.8000,0.1274,-0.1238,0.9410,38.7800,-0.0800,0.2289,0.1754
22.000,84.569,-1.8525,3.7748,146.709,-1.8154,3.8431,144.169,0.0065,-0.0774,0.0777,-2.539,1.1730,3.0965,-2.653,-3.0198,0.6074,146.823,2.514,1.4408,85.922,0.3671,0.0473,0.0171,0.3625,2.5025,2.4945,nan,2.2077,2.1825,0.0864,0.6100,0.8000,0.1217,-0.1413,0.8944,38.8800,-0.0800,-7.6090,0.1754
22.050,84.698,-1.9629,3.8411,151.583,-1.9462,3.9382,148.937,0.0315,-0.0933,0.0985,-2.647,1.1523,3.1521,-2.246,-3.1270,0.6641,151.183,2.223,1.5523,86.041,0.3642,0.0097,0.0388,4.0061,2.4783,2.4945,nan,2.1884,2.1063,0.0834,0.6756,0.8000,0.0864,-0.1584,0.8686,38.9799,-0.0800,-7.6090,0.1754
22.100,84.817,-2.0696,3.8927,157.181,-2.0424,3.9819,154.243,0.0095,-0.0928,0.0932,-2.938,1.1523,3.1521,-2.246,-3.2247,0.7039,156.489,2.172,1.8991,86.162,0.3561,0.0145,0.0387,2.6611,2.2389,2.1975,nan,2.1884,2.1074,0.0835,0.8115,0.8000,0.0571,-0.2321,0.8622,39.1798,0.0800,-1.3616,0.1754
22.150,84.922,-2.1690,3.9289,162.957,-2.1689,4.0264,160.948,0.0285,-0.0932,0.0975,-2.009,1.1398,3.1699,-2.048,-3.3373,0.7376,162.997,2.070,2.0572,86.268,0.3694,0.0144,0.0296,2.0615,2.1830,2.1925,nan,2.2133,2.2364,0.0886,0.8165,0.8000,0.0486,-0.1980,1.0097,39.2798,0.0133,-3.3141,0.1754
22.200,84.922,-2.1690,3.9289,162.957,-2.1689,4.0264,160.948,0.0285,-0.0932,0.0975,-2.009,1.1398,3.1699,-2.048,-3.3373,0.7376,162.997,2.070,2.0572,86.268,0.3694,0.0144,0.0296,2.0615,2.0177,2.0026,nan,2.3107,2.3377,0.0926,0.8136,0.8000,0.0387,-0.1908,1.1867,39.3797,0.0800,-3.1978,0.1754
22.250,85.045,-2.2882,3.9573,170.393,-2.2961,4.0723,168.009,0.0270,-0.1121,0.1153,-2.383,1.1213,3.1751,-2.326,-3.4509,0.7579,170.335,1.976,2.1817,86.394,0.3648,0.0325,0.0324,0.9963,2.0036,2.0175,nan,2.3828,2.3236,0.0920,0.8386,0.8000,0.0047,-0.1972,1.1875,39.4797,0.0800,-0.1478,0.1754
22.300,85.168,-2.4101,3.9693,178.845,-2.4176,4.0889,175.310,0.0099,-0.1194,0.1198,-3.535,1.1178,3.1827,-2.325,-3.5693,0.7621,177.634,1.971,2.5904,86.530,0.3623,0.0088,0.0662,7.5305,2.2438,2.3551,nan,2.4284,2.5638,0.1015,0.8083,0.8000,-0.0218,-0.1515,1.2528,39.5796,0.0800,-0.6828,0.1754
22.350,85.279,-2.5211,3.9636,-172.574,-2.5834,4.0781,-174.809,0.0470,-0.1216,0.1303,-2.235,1.1099,3.1915,-2.183,-3.7243,0.7452,-172.626,2.001,2.7093,86.658,0.4074,0.0199,0.0670,3.3578,2.2172,2.2311,nan,2.6323,2.7531,0.1090,0.8116,0.8000,-0.0362,-0.2461,1.0729,39.7795,0.0700,-1.4182,0.1754
22.400,85.388,-2.6286,3.9415,-163.879,-2.6814,4.0462,-166.364,0.0216,-0.1152,0.1172,-2.485,1.1229,3.1992,-2.021,-3.8318,0.7123,-164.343,2.009,2.7318,86.783,0.4091,0.0267,0.0619,2.3164,2.3181,2.3578,nan,2.7397,2.7985,0.1108,0.7628,0.8000,-0.0433,-0.2043,1.0377,39.8794,0.0340,2.7019,0.1678
22.450,85.505,-2.7376,3.9010,-154.911,-2.8017,3.9999,-157.493,0.0161,-0.1168,0.1179,-2.582,1.1273,3.1877,-2.274,-3.9580,0.6557,-155.219,2.137,2.8796,86.923,0.4291,0.0387,0.0628,1.6232,2.4741,2.5346,nan,2.8783,3.0062,0.1191,0.6777,0.8000,-0.0582,-0.1527,1.0181,39.9794,0.0741,1.8854,0.1678
22.500,85.628,-2.8451,3.8401,-145.419,-2.9391,3.9336,-146.964,0.0243,-0.1303,0.1325,-1.545,1.1334,3.2435,-1.716,-4.0913,0.5678,-145.248,2.275,2.8884,87.072,0.4602,0.0052,0.0949,18.2269,2.5086,2.5346,nan,2.8660,2.9143,0.1154,0.6430,0.8401,-0.0762,-0.1060,0.8579,40.0793,0.0279,1.8854,0.1678
22.550,85.756,-2.9446,3.7599,-136.260,-3.0326,3.8274,-136.914,0.0169,-0.1096,0.1109,-0.654,1.1569,3.3129,-0.636,-4.1950,0.4680,-136.278,2.380,2.7375,87.222,0.4695,0.0121,0.0730,6.0484,2.5330,2.5573,nan,2.9308,2.9042,0.1150,0.5297,0.8881,-0.0862,-0.0347,0.7526,40.1793,-0.0154,1.7051,0.1678
22.600,85.896,-3.0388,3.6562,-127.919,-3.1375,3.6965,-127.804,0.0289,-0.1027,0.1066,0.115,1.1569,3.3129,-0.636,-4.2985,0.3359,-127.168,2.528,2.2797,87.382,0.4871,0.0173,0.0642,3.7012,2.6649,2.7186,nan,3.1274,3.1104,0.1232,0.4239,0.9463,-0.0660,-0.0243,0.6141,40.3791,-0.0098,4.2935,0.1678
22.650,85.896,-3.0388,3.6562,-127.919,-3.1280,3.6988,-127.544,0.0212,-0.0966,0.0989,0.376,1.1682,3.3347,-0.376,-4.2985,0.3359,-127.168,2.528,2.2797,87.382,0.4871,0.0173,0.0587,3.3842,2.7406,2.7776,nan,3.2302,3.3508,0.1327,0.4032,0.9731,-0.0569,-0.0074,0.6710,40.4791,0.0698,3.7115,0.1678
22.700,86.054,-3.1279,3.5253,-120.302,-3.1893,3.5629,-119.998,-0.0015,-0.0720,0.0720,0.304,1.1944,3.3955,0.340,-4.3827,0.1934,-120.338,2.655,2.0183,87.555,0.4865,0.0076,0.0516,6.7971,2.9090,2.9812,nan,3.4453,3.3555,0.1329,0.3044,1.0667,-0.0420,-0.0409,0.6539,40.6790,0.0800,4.5665,0.1678
22.750,86.212,-3.2001,3.3857,-114.272,-3.2604,3.3907,-113.158,0.0203,-0.0570,0.0605,1.114,1.2053,3.4014,0.563,-4.4656,0.0331,-113.721,2.844,1.8338,87.727,0.5042,0.0108,0.0511,4.7438,2.9807,3.0191,nan,3.6696,3.6951,0.1463,0.2523,1.1568,-0.0282,-0.0213,0.5357,40.7790,0.0800,4.1501,0.1678
22.800,86.371,-3.2586,3.2380,-108.518,-3.2999,3.2345,-107.701,0.0164,-0.0380,0.0414,0.817,1.2207,3.4103,0.528,-4.5220,-0.1341,-108.229,3.029,1.6565,87.902,0.5101,0.0172,0.0423,2.4610,3.0218,3.0536,nan,3.7794,3.8773,0.1536,0.1868,1.2472,-0.0234,-0.0443,0.4146,40.9789,0.0800,3.7332,0.1678
22.850,86.545,-3.3072,3.0709,-103.795,-3.3338,3.0829,-102.675,-0.0053,-0.0287,0.0292,1.120,1.2307,3.4324,0.687,-4.5684,-0.2948,-103.362,3.179,1.3257,88.086,0.5054,0.0225,0.0322,1.4313,3.2744,3.4188,nan,4.0885,4.1970,0.1662,0.1539,1.3902,-0.0304,-0.0649,0.2973,41.1788,0.0800,5.5535,0.1678
22.900,86.709,-3.3416,2.9099,-100.081,-3.3652,2.8798,-99.225,0.0338,-0.0180,0.0383,0.856,1.2367,3.4087,0.362,-4.6052,-0.4998,-99.587,3.381,1.2832,88.264,0.5271,0.0213,0.0346,1.6207,3.1983,3.2126,nan,4.0885,4.1573,0.1646,0.1094,1.3579,-0.0217,-0.0340,0.2356,41.2787,0.0800,4.0190,0.1678
22.950,86.928,-3.3730,2.6938,-96.417,-3.3717,2.7132,-95.617,-0.0194,-0.0009,0.0194,0.800,1.2511,3.3995,0.103,-4.6241,-0.6780,-95.719,3.640,0.9142,88.499,0.4988,0.0120,0.0094,0.7861,3.1884,3.2126,nan,4.2827,4.1932,0.1661,0.0649,1.3049,-0.0241,-0.0144,0.1607,41.4786,0.0800,4.0190,0.1678
23.000,87.135,-3.3914,2.4872,-93.583,-3.3847,2.4523,-93.432,0.0344,0.0089,0.0356,0.151,1.2552,3.4005,0.170,-4.6426,-0.9344,-93.602,3.874,0.8430,88.721,0.5222,0.0142,0.0138,0.9753,3.4796,3.9600,nan,4.1164,4.0818,0.1617,0.0407,1.3215,-0.0313,-0.0381,0.1359,41.6785,-0.0192,5.8763,0.1678
23.050,87.356,-3.4022,2.2665,-92.180,-3.3882,2.2164,-90.786,0.0495,0.0159,0.0520,1.394,1.2552,3.4005,0.170,-4.6469,-1.1703,-90.956,3.994,0.3022,88.950,0.5245,0.0169,0.0117,0.6931,3.7791,4.1514,nan,3.6455,3.5440,0.1404,-0.0273,1.3246,-0.0320,-0.0330,0.0836,41.9784,-0.0588,3.0910,0.1678
23.100,87.356,-3.4022,2.2665,-92.180,-3.3809,2.2168,-90.482,0.0488,0.0232,0.0540,1.698,1.2562,3.4256,0.474,-4.6469,-1.1703,-90.956,3.994,0.3022,88.950,0.5245,0.0169,0.0097,0.5759,4.0347,4.2084,nan,3.3351,3.5742,0.1416,-0.0401,1.2173,-0.0480,-0.0690,-0.0267,42.1782,-0.0800,0.2018,0.1678
23.150,87.576,-3.4089,2.0469,-91.419,-3.3775,1.9876,-90.329,0.0585,0.0328,0.0671,1.090,1.2538,3.4673,0.884,-4.6536,-1.4081,-91.212,3.963,0.0545,89.168,0.5344,0.0186,0.0077,0.4116,3.9026,3.9130,nan,3.3351,3.3023,0.1308,-0.0747,1.1877,-0.0513,-0.0694,-0.0809,42.2782,0.0800,-6.6534,0.1678
23.200,87.785,-3.4145,1.8375,-91.896,-3.3818,1.7662,-91.019,0.0702,0.0351,0.0785,0.876,1.2689,3.3917,0.227,-4.6571,-1.6070,-91.247,3.697,-0.2196,89.362,0.5268,0.0126,0.0094,0.7421,3.5887,3.5164,nan,3.2296,3.0885,0.1223,-0.0587,1.0921,-0.0773,-0.0888,-0.1819,42.4781,0.0800,-2.5567,0.1678
23.250,87.985,-3.4220,1.6373,-92.626,-3.3873,1.5815,-92.665,0.0541,0.0373,0.0657,-0.039,1.2812,3.3525,-0.080,-4.6660,-1.7775,-92.585,3.582,-0.3206,89.556,0.5125,0.0154,0.0008,0.0512,3.5196,3.5379,nan,2.9980,3.1265,0.1238,-0.0854,0.9953,-0.0922,-0.0690,-0.2763,42.6780,0.0800,-5.3786,0.1678
23.300,88.180,-3.4326,1.4434,-93.901,-3.3936,1.3788,-93.021,0.0618,0.0433,0.0754,0.880,1.2623,3.4081,0.640,-4.6783,-1.9772,-93.660,3.373,-0.3280,89.739,0.5168,0.0173,0.0103,0.5977,3.2854,3.2593,nan,2.7936,2.9244,0.1158,-0.1455,0.9291,-0.0951,-0.0476,-0.3189,42.7779,0.0757,-5.6381,0.1678
23.350,88.362,-3.4463,1.2616,-94.868,-3.4048,1.2172,-93.865,0.0407,0.0452,0.0608,1.003,1.2481,3.4443,1.070,-4.6936,-2.1398,-94.935,3.170,-0.3789,89.910,0.5088,0.0184,0.0124,0.6762,3.1293,3.1275,nan,2.7936,2.8595,0.1132,-0.2155,0.8807,-0.0947,0.0127,-0.4028,42.9779,0.0800,-1.7152,0.1678
23.400,88.534,-3.4626,1.0899,-96.185,-3.4215,1.0483,-95.116,0.0369,0.0454,0.0585,1.069,1.2485,3.4454,1.019,-4.7119,-2.3137,-96.135,3.097,-0.4981,90.079,0.5116,0.0203,0.0132,0.6519,2.9270,2.9096,nan,2.6838,2.6638,0.1055,-0.2569,0.8238,-0.0910,0.0292,-0.4308,43.0778,0.0800,-4.1156,0.1678
23.450,88.703,-3.4835,0.9224,-98.360,-3.4455,0.8938,-97.391,0.0228,0.0418,0.0476,0.970,1.2707,3.3838,0.369,-4.7321,-2.4596,-97.760,2.949,-0.7579,90.242,0.5010,0.0123,0.0121,0.9851,2.8916,2.9096,nan,2.5462,2.6060,0.1032,-0.3564,0.8138,-0.0895,0.0888,-0.4608,43.2777,0.0800,-4.1156,0.1678
23.500,88.868,-3.5112,0.7604,-101.488,-3.4828,0.7229,-100.310,0.0311,0.0353,0.0470,1.178,1.2598,3.3814,0.449,-4.7632,-2.6213,-100.760,2.814,-1.0579,90.401,0.5040,0.0174,0.0098,0.5649,2.9182,2.9462,nan,2.3469,2.3512,0.0931,-0.4294,0.8213,-0.0941,0.0616,-0.5159,43.3777,0.0025,-3.2072,0.1678
23.550,89.016,-3.5454,0.6162,-105.882,-3.5221,0.5735,-104.345,0.0347,0.0340,0.0486,1.536,1.2598,3.3814,0.449,-4.8038,-2.7703,-104.795,2.587,-1.5314,90.542,0.5118,0.0298,0.0087,0.2930,2.8725,2.8890,nan,2.3363,2.2364,0.0886,-0.4815,0.8085,-0.0963,0.0979,-0.6852,43.5775,-0.0579,-5.5031,0.1678
23.600,89.016,-3.5454,0.6162,-105.882,-3.5227,0.5787,-104.259,0.0299,0.0321,0.0439,1.623,1.2550,3.3938,0.536,-4.8038,-2.7703,-104.795,2.587,-1.5314,90.542,0.5118,0.0298,0.0086,0.2868,2.6257,2.5853,nan,2.2630,2.1773,0.0862,-0.4357,0.8000,-0.1092,0.0478,-0.7531,43.6775,-0.0496,-6.4153,0.1678
23.650,89.151,-3.5876,0.4881,-111.033,-3.5677,0.4567,-109.688,0.0222,0.0299,0.0372,1.345,1.2250,3.4466,1.170,-4.8527,-2.8914,-110.858,2.357,-1.6272,90.671,0.5148,0.0470,0.0100,0.2137,2.3412,2.2726,nan,2.2630,2.2859,0.0905,-0.4566,0.8000,-0.1121,0.0369,-0.6165,43.7775,0.0800,-4.8496,0.1678
23.700,89.275,-3.6376,0.3739,-116.390,-3.6147,0.3625,-114.892,0.0000,0.0256,0.0256,1.498,1.2250,3.4466,1.170,-4.9016,-2.9847,-116.062,2.209,-1.5286,90.793,0.5051,0.0091,0.0180,1.9829,2.2683,2.2759,nan,2.1771,2.0280,0.0803,-0.5167,0.8000,-0.1152,0.0215,-0.5703,43.8774,0.0800,-2.6398,0.1678
23.750,89.396,-3.6958,0.2679,-121.158,-3.6779,0.2525,-119.569,0.0039,0.0233,0.0236,1.589,1.1938,3.4975,1.757,-4.9689,-3.0941,-121.326,2.131,-1.5102,90.913,0.5149,0.0158,0.0143,0.9016,2.1387,2.1341,nan,2.1539,2.1655,0.0858,-0.6274,0.8000,-0.1155,0.0323,-0.8424,43.9773,0.0067,0.5369,0.1678
23.800,89.519,-3.7640,0.1655,-126.274,-3.7432,0.1581,-124.373,-0.0064,0.0212,0.0221,1.901,1.1938,3.4975,1.757,-5.0371,-3.1865,-126.130,2.147,-1.6230,91.039,0.5109,0.0246,0.0124,0.5059,2.1715,2.1942,nan,2.1449,2.2530,0.0892,-0.6913,0.8000,-0.1152,0.0363,-1.0352,44.0773,0.0626,-5.2099,0.1678
23.850,89.628,-3.8321,0.0807,-131.355,-3.8042,0.0792,-129.307,-0.0173,0.0219,0.0279,2.047,1.1883,3.5525,2.173,-5.1207,-3.2814,-131.481,1.996,-1.6548,91.145,0.5291,0.0313,0.0095,0.3033,1.9467,1.9081,nan,2.1449,2.2667,0.0898,-0.6692,0.8000,-0.1109,0.0646,-1.0395,44.1773,0.0800,0.2039,0.1678
23.900,89.740,-3.9102,0.0005,-137.505,-3.8630,0.0152,-134.313,-0.0448,0.0210,0.0495,3.192,1.1883,3.5525,2.173,-5.1818,-3.3431,-136.487,2.004,-2.0128,91.263,0.5064,0.0668,0.0106,0.1580,2.1231,2.1889,nan,2.2066,2.2700,0.0899,-0.7150,0.8000,-0.1092,0.0456,-1.0939,44.2772,0.0367,-0.3338,0.1678
23.950,89.853,-3.9976,-0.0706,-144.548,-3.9689,-0.0651,-142.010,-0.0266,0.0122,0.0292,2.538,1.2015,3.5437,1.996,-5.2929,-3.4266,-144.006,2.028,-2.2010,91.385,0.5330,0.0105,0.0432,4.0970,2.1646,2.1889,nan,2.2945,2.3932,0.0948,-0.7530,0.8000,-0.0952,0.1824,-1.2908,44.4771,0.0571,-0.3338,0.1678
24.000,89.971,-4.0984,-0.1332,-151.915,-4.0676,-0.1414,-149.309,-0.0234,0.0217,0.0319,2.606,1.1964,3.5394,2.134,-5.3974,-3.4822,-151.444,2.065,-2.3096,91.514,0.5339,0.0320,0.0226,0.7063,2.1546,2.1703,nan,2.4090,2.4746,0.0980,-0.7262,0.8000,-0.0963,0.1753,-1.3042,44.5770,0.0800,0.3621,0.1678
24.050,90.075,-4.1925,-0.1767,-159.051,-4.1856,-0.1841,-156.393,-0.0038,0.0093,0.0101,2.658,1.1833,3.5736,2.315,-5.5163,-3.5378,-158.708,2.093,-2.5043,91.631,0.5614,0.0360,0.0262,0.7276,2.3052,2.3619,nan,2.5128,2.5862,0.1024,-0.7704,0.8000,-0.0513,0.1728,-1.2339,44.6769,0.0425,-0.1574,0.1678
24.100,90.198,-4.3104,-0.2126,-167.443,-4.3121,-0.2190,-165.171,0.0031,0.0059,0.0067,2.272,1.1833,3.5736,2.315,-5.6441,-3.5676,-167.486,2.154,-2.5908,91.771,0.5685,0.3058,0.2605,0.8518,2.2720,2.2854,nan,2.6190,2.6591,0.1053,-0.7219,0.8000,-0.0552,0.2597,-1.0694,44.8768,0.0232,0.9659,0.1678
24.150,90.198,-4.3104,-0.2126,-167.443,-4.3013,-0.2187,-164.495,-0.0076,0.0080,0.0110,2.948,1.1490,3.6385,2.991,-5.6441,-3.5676,-167.486,2.154,-2.5908,91.771,0.5685,0.0771,0.0243,0.3150,2.3491,2.3828,nan,2.8123,2.8961,0.1147,-0.7230,0.8000,-0.0250,0.2420,-1.0334,44.9768,0.0800,0.0186,0.1678
24.200,90.320,-4.4309,-0.2305,-176.193,-4.4352,-0.2549,-173.718,0.0059,0.0240,0.0247,2.474,1.2094,3.5473,2.139,-5.7826,-3.5888,-175.858,2.215,-2.6488,91.911,0.5865,0.0068,0.0562,8.2167,2.4401,2.4781,nan,2.8055,2.8469,0.1127,-0.6566,0.8177,-0.0026,0.1797,-0.8563,45.0768,0.0239,1.6126,0.1678
24.250,90.446,-4.5572,-0.2300,175.264,-4.5724,-0.2353,177.051,0.0147,0.0065,0.0161,1.787,1.2273,3.5543,2.077,-5.9332,-3.5769,174.974,2.300,-2.7320,92.057,0.6059,0.0204,0.0327,1.6054,2.4853,2.5131,nan,2.7936,2.6908,0.1066,-0.5759,0.8676,-0.0074,0.1256,-0.7607,45.1767,-0.0595,2.2234,0.1678
24.300,90.594,-4.7026,-0.2059,165.310,-4.6996,-0.1959,167.805,-0.0004,-0.0104,0.0104,2.495,1.2525,3.5651,2.093,-6.0855,-3.5411,165.712,2.453,-2.6496,92.231,0.6088,0.0723,0.0310,0.4284,2.7300,2.8564,nan,2.8529,2.8508,0.1129,-0.5189,0.9530,-0.0009,0.1308,-0.6492,45.3766,-0.0800,1.5055,0.1678
24.350,90.730,-4.8322,-0.1623,157.045,-4.8452,-0.1475,159.163,0.0177,-0.0085,0.0197,2.118,1.2631,3.5907,2.344,-6.2561,-3.4852,156.819,2.522,-2.3879,92.383,0.6449,0.0832,0.0537,0.6462,2.7078,2.7263,nan,3.0171,3.0673,0.1215,-0.4974,0.9453,0.0145,0.0765,-0.6292,45.4765,0.0291,0.7922,0.1678
24.400,90.872,-4.9585,-0.0991,149.677,-4.9685,-0.0601,151.212,0.0283,-0.0286,0.0403,1.535,1.3157,3.5174,1.495,-6.3753,-3.4123,149.717,2.538,-2.1312,92.531,0.6357,0.0113,0.0364,3.2279,2.7050,2.7263,nan,3.1053,3.0250,0.1198,-0.4261,0.9443,-0.0019,0.0372,-0.7060,45.5765,0.0800,0.7922,0.1625
24.450,90.995,-5.0622,-0.0315,143.843,-5.0777,0.0387,144.439,0.0539,-0.0475,0.0718,0.596,1.3527,3.4793,1.029,-6.4911,-3.3247,143.410,2.616,-2.0409,92.664,0.6429,0.0086,0.0261,3.0456,2.7395,2.7675,nan,3.2017,3.1671,0.1254,-0.3692,0.9504,-0.0158,0.0762,-0.7042,45.7764,0.0800,2.3444,0.1625
24.500,91.150,-5.1822,0.0659,137.929,-5.1744,0.1239,138.729,0.0331,-0.0483,0.0585,0.801,1.3527,3.4793,1.029,-6.5863,-3.2377,137.701,2.793,-1.6469,92.832,0.6210,0.0163,0.0109,0.6695,2.6069,2.6059,nan,3.4142,3.2500,0.1287,-0.2956,0.9386,-0.0332,0.0454,-0.6242,45.8764,0.0800,4.1030,0.1625
24.550,91.293,-5.2846,0.1660,133.172,-5.2935,0.2649,133.074,0.0782,-0.0611,0.0993,-0.098,1.4294,3.3581,-0.040,-6.7207,-3.0979,133.114,2.920,-1.6826,92.985,0.6445,0.0153,0.0132,0.8651,2.9129,3.1917,nan,3.7058,3.6558,0.1448,-0.3235,1.1038,-0.0081,0.1057,-0.5185,46.0762,0.0800,3.6914,0.1625
24.600,91.452,-5.3891,0.2859,128.872,-5.3814,0.3852,127.970,0.0725,-0.0683,0.0996,-0.902,1.4280,3.3768,0.149,-6.8172,-2.9740,127.821,3.072,-1.4865,93.153,0.6360,0.0196,0.0169,0.8642,2.9666,3.0006,nan,3.7900,3.8109,0.1509,-0.2451,1.2120,-0.0241,0.0909,-0.3728,46.2762,0.0800,1.2954,0.1625
24.650,91.452,-5.3891,0.2859,128.872,-5.3814,0.3852,127.970,0.0725,-0.0683,0.0996,-0.902,1.4280,3.3768,0.149,-6.8172,-2.9740,127.821,3.072,-1.4865,93.153,0.6360,0.0196,0.0169,0.8642,3.0161,3.0496,nan,3.9373,3.9075,0.1548,-0.2472,1.2701,-0.0136,0.0840,-0.3171,46.3761,0.0800,4.4514,0.1625
24.700,91.641,-5.5012,0.4379,123.446,-5.4861,0.5408,124.220,0.0775,-0.0693,0.1040,0.773,1.4221,3.3946,0.205,-6.9184,-2.8291,124.015,3.318,-1.4111,93.363,0.6264,0.0355,0.0128,0.3605,3.3225,3.6732,nan,4.1387,4.1944,0.1661,-0.2232,1.4121,0.0006,0.0977,-0.2908,46.6759,0.0800,5.1580,0.1625
24.750,91.823,-5.5964,0.5929,119.457,-5.6021,0.7559,118.505,0.1447,-0.0752,0.1631,-0.952,1.4580,3.3069,-0.614,-7.0324,-2.6265,119.119,3.521,-1.3506,93.558,0.6386,0.0127,0.0050,0.3913,3.5447,3.6640,nan,4.3098,4.3669,0.1729,-0.1894,1.5065,0.0130,0.0825,-0.2910,46.8758,0.0800,3.3361,0.1625
24.800,92.028,-5.6908,0.7753,114.970,-5.7002,0.9523,114.221,0.1644,-0.0662,0.1772,-0.748,1.4595,3.3018,-0.697,-7.1306,-2.4364,114.918,3.690,-1.3030,93.777,0.6417,0.0152,0.0102,0.6714,3.6725,3.7359,nan,4.4836,4.4236,0.1752,-0.1556,1.5608,0.0199,0.0775,-0.3006,47.0757,0.0800,4.5634,0.1625
24.850,92.229,-5.7699,0.9601,110.965,-5.7712,1.1226,110.476,0.1523,-0.0569,0.1625,-0.489,1.4517,3.3016,-0.545,-7.2018,-2.2476,111.021,3.874,-1.2988,93.992,0.6336,0.0156,0.0077,0.4940,3.9200,4.0775,nan,4.7408,4.7281,0.1873,-0.1256,1.7238,0.0371,0.0689,-0.2404,47.2756,0.0800,3.5750,0.1625
24.900,92.448,-5.8421,1.1668,107.285,-5.8420,1.3506,106.714,0.1755,-0.0547,0.1838,-0.571,1.4392,3.3414,-0.229,-7.2733,-2.0199,106.943,4.067,-1.0407,94.226,0.6315,0.0180,0.0110,0.6113,4.1648,4.3287,nan,4.9857,5.1324,0.2033,-0.1149,1.8578,0.0624,0.0744,-0.1483,47.4755,0.0800,3.1794,0.1625
24.950,92.659,-5.9001,1.3693,104.355,-5.9033,1.5716,103.747,0.1968,-0.0470,0.2023,-0.608,1.4504,3.3017,-0.525,-7.3376,-1.7975,104.272,4.182,-0.9700,94.445,0.6372,0.0160,0.0110,0.6912,4.2870,4.3619,nan,5.1368,5.3006,0.2099,-0.0916,1.8904,0.0699,0.0501,-0.1109,47.6754,0.0800,3.1053,0.1625
25.000,92.891,-5.9529,1.5953,101.752,-5.9537,1.8030,100.938,0.2035,-0.0415,0.2077,-0.815,1.4425,3.3142,-0.426,-7.3848,-1.5661,101.364,4.405,-0.8137,94.694,0.6316,0.0154,0.0111,0.7217,4.4931,4.6351,nan,5.3474,5.5057,0.2180,-0.0918,1.8892,0.0870,0.0461,-0.0531,47.9753,0.0713,6.1204,0.1625
25.050,93.142,-5.9990,1.8415,99.191,-6.0027,2.0731,98.954,0.2292,-0.0333,0.2316,-0.237,1.4321,3.3434,-0.226,-7.4298,-1.2997,99.180,4.678,-0.7568,94.968,0.6307,0.0152,0.0074,0.4879,4.7388,4.9596,nan,5.5400,5.6554,0.2240,-0.0822,1.8892,0.0914,0.0171,-0.0295,48.1752,0.0496,5.3942,0.1625
25.100,93.142,-5.9990,1.8415,99.191,-6.0027,2.0731,98.954,0.2292,-0.0333,0.2316,-0.237,1.4321,3.3434,-0.226,-7.4298,-1.2997,99.180,4.678,-0.7568,94.968,0.6307,0.0152,0.0074,0.4879,4.8604,4.9596,nan,5.7075,5.8788,0.2328,-0.0791,1.8846,0.1009,-0.0051,-0.0517,48.4750,0.0723,5.3942,0.1625
25.150,93.614,-6.0595,2.3098,95.322,-6.0520,2.5552,94.453,0.2436,-0.0303,0.2455,-0.868,1.4414,3.2900,-0.524,-7.4863,-0.8033,94.977,5.008,-0.7145,95.469,0.6282,0.0089,0.0186,2.0987,5.0219,5.1575,nan,5.8379,6.0060,0.2379,-0.0726,1.8348,0.0856,-0.0171,-0.0562,48.7748,0.0693,4.0029,0.1625
25.200,93.904,-6.0812,2.5995,92.965,-6.0684,2.8435,93.052,0.2430,-0.0254,0.2443,0.088,1.4256,3.3411,0.133,-7.4952,-0.4802,92.920,5.181,-0.6713,95.776,0.6187,0.0144,0.0162,1.1258,5.0813,5.1575,nan,5.9484,6.1096,0.2420,-0.0586,1.8147,0.0702,-0.0460,-0.0640,48.9748,0.0800,4.0029,0.1625
25.250,94.196,-6.0918,2.8914,90.936,-6.0838,3.1285,91.339,0.2369,-0.0118,0.2372,0.403,1.4194,3.3806,0.474,-7.5051,-0.1900,90.865,5.421,-0.5556,96.091,0.6178,0.0099,0.0173,1.7472,5.1568,5.2434,nan,5.9652,6.1327,0.2429,-0.0679,1.7995,0.0769,-0.0422,-0.0849,49.2746,0.0800,5.4259,0.1625
25.300,94.501,-6.0929,3.1962,89.313,-6.0815,3.4208,89.273,0.2247,-0.0087,0.2249,-0.039,1.4197,3.2781,0.046,-7.5011,0.1487,89.227,5.642,-0.5636,96.417,0.6179,0.0065,0.0206,3.1596,5.4185,5.7760,nan,5.6343,5.4734,0.2168,-0.0879,1.7856,0.0727,-0.0265,-0.1135,49.5744,-0.0637,5.1633,0.1625
25.350,94.792,-6.0857,3.4874,87.569,-6.0689,3.7555,87.672,0.2686,-0.0054,0.2687,0.103,1.4197,3.2781,0.046,-7.4882,0.4834,87.626,5.768,-0.6048,96.722,0.6217,0.0043,0.0295,6.7767,5.6821,6.0953,nan,5.4500,5.2736,0.2089,-0.0884,1.7687,0.0557,-0.0256,-0.1195,49.8743,-0.0719,3.1322,0.1625
25.400,95.098,-6.0677,3.7929,85.239,-6.0531,4.0514,85.645,0.2588,0.0069,0.2589,0.406,1.4160,3.2598,-0.093,-7.4703,0.7795,85.738,5.574,-0.7558,97.014,0.6195,0.0020,0.0318,15.6492,5.7541,5.8614,nan,5.2828,5.2937,0.2097,-0.0934,1.7586,0.0470,-0.0266,-0.1145,50.1741,-0.0800,1.8416,0.1625
25.450,95.098,-6.0677,3.7929,85.239,-6.0545,4.0250,85.603,0.2324,0.0061,0.2325,0.365,1.4139,3.2280,-0.135,-7.4703,0.7795,85.738,5.574,-0.7558,97.014,0.6195,0.0020,0.0286,14.0681,5.5478,5.5300,nan,5.1725,5.0979,0.2019,-0.0737,1.7548,0.0195,-0.0588,-0.1160,50.3740,0.0800,-4.8129,0.1625
25.500,95.394,-6.0383,4.0865,82.905,-6.0302,4.2865,82.851,0.1995,0.0167,0.2002,-0.054,1.4023,3.2221,0.008,-7.4324,1.0654,82.843,5.380,-0.7630,97.296,0.6094,0.0035,0.0291,8.3794,5.2193,5.1035,nan,5.1168,4.8467,0.1919,-0.0725,1.7548,0.0095,-0.0685,-0.1375,50.5739,0.0800,-2.5521,0.1625
25.550,95.692,-5.9962,4.3816,80.464,-5.9894,4.5301,80.523,0.1476,0.0179,0.1487,0.059,1.3999,3.2143,0.018,-7.3889,1.3182,80.505,5.271,-0.6473,97.588,0.5999,0.0083,0.0173,2.0950,5.2539,5.3248,nan,4.9533,5.0535,0.2001,-0.0822,1.7220,-0.0122,-0.0660,-0.1688,50.7738,0.0800,-3.2872,0.1625
25.600,95.988,-5.9428,4.6726,78.510,-5.9169,4.8183,78.128,0.1479,0.0037,0.1480,-0.381,1.4019,3.1632,-0.258,-7.3262,1.6221,78.386,5.114,-0.5752,97.874,0.5929,0.0037,0.0198,5.3500,5.1010,5.1082,nan,4.8437,4.9789,0.1972,-0.0842,1.6956,-0.0428,-0.0402,-0.1921,51.0737,0.0800,-4.5335,0.1625
25.650,96.258,-5.8854,4.9373,76.744,-5.8561,5.0710,76.671,0.1368,0.0022,0.1368,-0.073,1.4064,3.1822,0.068,-7.2603,1.8974,76.603,4.944,-0.6109,98.134,0.5867,0.0024,0.0255,10.7990,4.7161,4.5106,nan,4.7855,4.8382,0.1916,-0.0920,1.6864,-0.0534,-0.0443,-0.1968,51.1736,0.0259,-0.4637,0.1625
25.700,96.535,-5.8180,5.2054,74.725,-5.8053,5.2356,74.703,0.0324,-0.0043,0.0327,-0.022,1.3937,3.1185,-0.154,-7.2047,2.0977,74.858,4.924,-0.6374,98.411,0.5886,0.0025,0.0081,3.2407,4.9433,5.1473,nan,4.5897,4.6761,0.1852,-0.1089,1.6464,-0.0650,-0.0182,-0.2101,51.4735,0.0447,-1.0382,0.1625
25.750,96.809,-5.7416,5.4692,72.663,-5.7077,5.5409,72.136,0.0785,-0.0110,0.0793,-0.526,1.3796,3.0654,-0.343,-7.1019,2.4330,72.480,4.877,-0.6818,98.685,0.5732,0.0073,0.0027,0.3734,5.0489,5.1473,nan,4.3609,4.2394,0.1679,-0.1206,1.6157,-0.0756,0.0113,-0.2254,51.7733,-0.0800,-1.0382,0.1625
25.800,97.104,-5.6487,5.7489,70.248,-5.6337,5.7395,70.093,-0.0038,-0.0173,0.0177,-0.155,1.3796,3.0654,-0.343,-7.0292,2.6320,70.436,4.788,-0.7060,98.975,0.5816,0.0024,0.0013,0.5577,4.6673,4.4660,nan,4.3609,4.4593,0.1766,-0.1096,1.5656,-0.0909,-0.0030,-0.2310,51.8733,0.0538,-1.9340,0.1625
25.850,97.349,-5.5618,5.9774,67.685,-5.5247,5.9765,67.937,0.0132,-0.0347,0.0371,0.252,1.3819,3.0393,-0.193,-6.9165,2.9139,68.130,4.490,-0.7794,99.201,0.5625,0.0014,0.0074,5.1613,4.9005,5.1133,nan,4.1418,4.0794,0.1616,-0.1349,1.5388,-0.1063,0.0303,-0.2408,52.1731,-0.0800,-6.9302,0.1625
25.900,97.349,-5.5618,5.9774,67.685,-5.5252,5.9738,67.459,0.0106,-0.0352,0.0367,-0.226,1.3567,2.9791,-0.671,-6.9165,2.9139,68.130,4.490,-0.7794,99.201,0.5625,0.0014,0.0105,7.2903,4.5162,4.3180,nan,4.0647,4.0894,0.1620,-0.1016,1.4447,-0.1229,-0.0048,-0.2442,52.2730,0.0142,-1.7384,0.1625
25.950,97.611,-5.4574,6.2184,65.096,-5.4283,6.1869,64.933,-0.0163,-0.0397,0.0429,-0.163,1.3907,3.0708,-0.011,-6.8196,3.1148,64.944,4.394,-0.8461,99.458,0.5645,0.0084,0.0125,1.4803,4.2479,4.2060,nan,3.9293,4.0152,0.1590,-0.1327,1.4447,-0.1162,0.0128,-0.2402,52.4729,0.0800,-5.6527,0.1625
26.000,97.846,-5.3539,6.4295,62.300,-5.3214,6.3848,62.653,-0.0245,-0.0496,0.0553,0.353,1.4075,3.0993,0.266,-6.7135,3.3167,62.386,4.184,-0.7162,99.681,0.5611,0.0039,0.0107,2.7176,4.0225,4.0055,nan,3.8676,3.8007,0.1505,-0.1615,1.4447,-0.1195,0.0346,-0.2586,52.6729,0.0800,-2.4226,0.1625
26.050,98.086,-5.2390,6.6395,60.106,-5.2259,6.5840,60.816,-0.0416,-0.0390,0.0570,0.710,1.4280,3.1764,0.754,-6.6084,3.4949,60.062,4.076,-0.7656,99.915,0.5693,0.0016,0.0049,3.0000,4.1908,4.2846,nan,3.5832,3.5069,0.1389,-0.2281,1.4447,-0.0896,0.0881,-0.2950,52.9727,-0.0442,-2.5541,0.1625
26.100,98.307,-5.1248,6.8293,57.460,-5.1069,6.7865,58.843,-0.0264,-0.0381,0.0464,1.383,1.4413,3.2083,1.115,-6.4774,3.7049,57.728,3.971,-0.9419,100.132,0.5533,0.0013,0.0014,1.0690,4.0048,4.0019,nan,3.5199,3.5428,0.1403,-0.2453,1.4447,-0.0816,0.0674,-0.3052,53.0726,0.0132,-4.0238,0.1625
26.150,98.518,-5.0077,7.0039,54.432,-4.9994,6.9598,56.539,-0.0310,-0.0324,0.0449,2.107,1.4937,3.3212,2.101,-6.3553,3.8742,54.438,3.815,-1.0270,100.334,0.5481,0.0013,0.0022,1.6552,3.6915,3.6214,nan,3.5051,3.5719,0.1415,-0.2486,1.3333,-0.0779,0.0778,-0.3390,53.2725,0.0800,-5.9788,0.1625
26.200,98.720,-4.8852,7.1651,50.469,-4.8920,7.1096,53.923,-0.0471,-0.0301,0.0559,3.454,1.5395,3.4104,2.905,-6.2358,4.0204,51.018,3.582,-1.3310,100.526,0.5504,0.0049,0.0119,2.4135,3.6051,3.6214,nan,3.1305,3.1375,0.1243,-0.2947,1.3021,-0.0483,0.1118,-0.3251,53.4724,0.0041,-5.9788,0.1625
26.250,98.900,-4.7663,7.3005,46.518,-4.7969,7.2435,49.505,-0.0624,-0.0171,0.0647,2.986,1.5370,3.4235,2.841,-6.1368,4.1292,46.664,3.488,-1.3498,100.703,0.5703,0.0044,0.0107,2.4184,3.3484,3.3121,nan,3.1173,3.0690,0.1215,-0.2720,1.2094,-0.0415,0.0618,-0.3024,53.5724,0.0800,-3.0034,0.1625
26.300,99.077,-4.6402,7.4246,42.010,-4.6591,7.3987,44.856,-0.0314,-0.0066,0.0321,2.847,1.5131,3.3912,2.490,-5.9923,4.2718,42.367,3.222,-1.3852,100.869,0.5518,0.0049,0.0099,1.9938,3.4921,3.5599,nan,3.2006,3.3165,0.1313,-0.3066,1.2613,-0.0144,0.0586,-0.3941,53.7723,0.0670,-6.3406,0.1625
26.350,99.253,-4.5056,7.5376,37.727,-4.5343,7.5066,40.257,-0.0416,-0.0069,0.0422,2.530,1.5354,3.4260,2.679,-5.8723,4.3599,37.578,3.082,-1.3336,101.040,0.5667,0.0045,0.0061,1.3734,3.1808,3.1042,nan,3.2741,3.3449,0.1325,-0.2696,1.1488,-0.0224,0.0168,-0.4546,53.8722,0.0410,-4.0130,0.1625
26.400,99.427,-4.3636,7.6391,33.001,-4.4024,7.6028,36.297,-0.0523,-0.0093,0.0531,3.296,1.5354,3.4260,2.679,-5.7361,4.4498,33.617,3.151,-1.3514,101.221,0.5731,0.0061,0.0080,1.3141,3.0652,3.0717,nan,3.3615,3.3852,0.1341,-0.2861,1.1071,-0.0146,0.0494,-0.4654,54.0721,0.0800,0.7758,0.1625
26.450,99.427,-4.3636,7.6391,33.001,-4.3953,7.6139,35.992,-0.0404,-0.0039,0.0405,2.992,1.5203,3.4056,2.375,-5.7361,4.4498,33.617,3.151,-1.3514,101.221,0.5731,0.0061,0.0058,0.9447,3.2624,3.3564,nan,3.4518,3.5824,0.1419,-0.2912,1.1783,-0.0107,0.0351,-0.6174,0.1000,0.0800,1.3305,0.1662
26.500,99.605,-4.2109,7.7307,28.688,-4.2214,7.7320,31.130,-0.0086,0.0062,0.0106,2.442,1.5217,3.4170,2.335,-5.5626,4.5453,28.795,3.200,-1.4088,101.403,0.5520,0.0069,0.0067,0.9747,3.3328,3.3742,nan,3.5109,3.4655,0.1372,-0.2935,1.2991,0.0005,0.0560,-0.4842,0.2998,-0.0800,0.5914,0.1662
26.550,99.780,-4.0552,7.8088,24.224,-4.0400,7.8315,26.127,0.0232,0.0145,0.0274,1.902,1.5074,3.4010,2.036,-5.3864,4.6249,24.090,3.252,-1.4758,101.582,0.5315,0.0068,0.0135,1.9996,3.1564,3.1495,nan,3.5910,3.5883,0.1421,-0.2803,1.2303,0.0054,0.0210,-0.4148,0.3998,-0.0015,2.5643,0.1662
26.600,99.965,-3.8830,7.8785,19.393,-3.8691,7.8931,20.839,0.0180,0.0092,0.0202,1.446,1.4749,3.3456,1.432,-5.2287,4.6796,19.407,3.359,-1.5308,101.777,0.5469,0.0068,0.0025,0.3595,3.3409,3.4281,nan,3.7600,3.8818,0.1537,-0.2637,1.3023,0.0003,0.0119,-0.3705,0.5997,0.0705,-0.6352,0.1662
26.650,100.153,-3.7036,7.9338,14.478,-3.6745,7.9480,15.238,0.0317,0.0065,0.0323,0.760,1.4050,3.2627,0.520,-5.0368,4.7312,14.718,3.359,-1.4813,101.968,0.5348,0.0085,0.0006,0.0766,3.5018,3.5778,nan,3.8688,3.8218,0.1514,-0.2375,1.3650,-0.0083,0.0081,-0.5078,0.7996,0.0800,1.4497,0.1662
26.700,100.340,-3.5212,7.9737,9.810,-3.4615,7.9842,9.932,0.0606,0.0002,0.0606,0.123,1.3881,3.2366,0.234,-4.8301,4.7674,9.698,3.436,-1.4425,102.161,0.5109,0.0102,0.0011,0.1047,3.4289,3.4459,nan,3.9233,3.9254,0.1555,-0.2232,1.4220,-0.0081,0.0141,-0.3597,0.9995,0.0012,4.0750,0.1662
26.750,100.538,-3.3252,8.0001,5.172,-3.2608,8.0103,4.829,0.0651,0.0043,0.0653,-0.343,1.3533,3.1852,-0.424,-4.6496,4.7908,5.253,3.604,-1.3609,102.372,0.5266,0.0080,0.0001,0.0116,3.6752,3.8273,nan,4.0150,3.9525,0.1565,-0.1940,1.5242,-0.0123,-0.0169,-0.3876,1.0994,-0.0353,1.3457,0.1662
26.800,100.737,-3.1257,8.0114,0.953,-3.0161,8.0191,-0.147,0.1098,0.0059,0.1099,-1.100,1.3217,3.1485,-0.865,-4.4108,4.8046,0.718,3.662,-1.2872,102.578,0.4872,0.0070,0.0009,0.1325,3.7734,3.8273,nan,4.1573,4.2035,0.1665,-0.2133,1.5888,0.0035,0.0166,-0.3594,1.3993,0.0261,1.3457,0.1662
26.850,100.945,-2.9183,8.0080,-3.162,-2.8207,8.0070,-3.456,0.0975,0.0044,0.0976,-0.295,1.3750,3.1880,-0.354,-4.2254,4.7931,-3.102,3.750,-1.2612,102.792,0.5099,0.0074,0.0016,0.2176,3.6063,3.6059,nan,4.2041,4.2768,0.1694,-0.1994,1.5368,-0.0048,0.0226,-0.3344,1.5992,0.0800,1.8143,0.1662
26.900,101.156,-2.7078,7.9897,-7.163,-2.5796,7.9767,-7.683,0.1288,0.0031,0.1288,-0.520,1.3750,3.1880,-0.354,-3.9841,4.7642,-7.330,3.916,-1.2321,103.017,0.4807,0.0087,0.0038,0.4360,3.8091,3.9159,nan,4.3407,4.4411,0.1759,-0.2100,1.6284,0.0057,0.0357,-0.3314,1.7991,0.0800,4.0051,0.1662
26.950,101.156,-2.7078,7.9897,-7.163,-2.5706,7.9720,-8.449,0.1384,-0.0005,0.1384,-1.285,1.3197,3.1308,-1.119,-3.9841,4.7642,-7.330,3.916,-1.2321,103.017,0.4807,0.0087,0.0042,0.4829,3.8641,3.9069,nan,4.4302,4.5138,0.1788,-0.1951,1.6723,0.0021,0.0289,-0.3091,1.9990,0.0800,2.8878,0.1662
27.000,101.379,-2.4875,7.9551,-11.118,-2.3827,7.9325,-12.144,0.1072,-0.0020,0.1072,-1.025,1.2965,3.1287,-1.222,-3.7809,4.7242,-10.921,4.035,-1.2766,103.250,0.4984,0.0105,0.0070,0.6695,4.1423,4.3797,nan,4.6010,4.7028,0.1863,-0.1883,1.7538,0.0067,0.0463,-0.2859,2.2988,0.0528,2.7460,0.1662
27.050,101.609,-2.2633,7.9032,-15.400,-2.1246,7.8580,-16.772,0.1458,-0.0067,0.1459,-1.372,1.2669,3.1092,-1.542,-3.5180,4.6558,-15.229,4.172,-1.2892,103.492,0.4631,0.0070,0.0033,0.4764,4.2523,4.3208,nan,4.6651,4.7330,0.1874,-0.1726,1.7668,0.0011,0.0285,-0.2727,2.4987,0.0344,2.5246,0.1662
27.100,101.812,-2.0694,7.8442,-18.924,-1.9342,7.7877,-20.799,0.1462,-0.0096,0.1465,-1.875,1.2485,3.1163,-1.592,-3.3113,4.5813,-19.207,4.266,-1.2802,103.704,0.4538,0.0072,0.0113,1.5793,4.1239,4.1358,nan,4.7054,4.8065,0.1904,-0.1611,1.7808,0.0079,0.0218,-0.2588,2.6986,0.0800,2.1083,0.1662
27.150,102.073,-1.8257,7.7512,-23.262,-1.7480,7.7099,-24.039,0.0877,-0.0072,0.0880,-0.777,1.2773,3.1541,-1.007,-3.1048,4.5019,-23.032,4.415,-1.1932,103.979,0.4874,0.0116,0.0096,0.8233,4.4031,4.9183,nan,4.7656,4.7923,0.1898,-0.1651,1.7831,0.0098,0.0217,-0.2481,2.8985,0.0131,1.8435,0.1662
27.200,102.331,-1.5913,7.6418,-27.232,-1.4436,7.5491,-28.682,0.1738,-0.0149,0.1744,-1.450,1.2566,3.1290,-1.399,-2.8073,4.3528,-27.283,4.500,-1.1464,104.247,0.4358,0.0142,0.0162,1.1373,4.4890,4.5565,nan,4.9260,5.0345,0.1994,-0.1539,1.7831,0.0054,0.0328,-0.2429,3.1983,0.0525,1.7723,0.1662
27.250,102.563,-1.3882,7.5307,-30.547,-1.2998,7.4577,-31.364,0.1132,-0.0180,0.1146,-0.817,1.2681,3.1725,-0.883,-2.6336,4.2451,-30.482,4.569,-1.1540,104.486,0.4630,0.0143,0.0180,1.2520,4.6894,4.8400,nan,5.0280,5.1465,0.2038,-0.1516,1.7831,0.0102,0.0325,-0.2566,3.3983,0.0563,0.7095,0.1662
27.300,102.806,-1.1821,7.4015,-34.104,-1.0670,7.3052,-34.884,0.1493,-0.0152,0.1500,-0.780,1.2844,3.1959,-0.586,-2.3934,4.0851,-34.298,4.614,-1.1338,104.735,0.4403,0.0174,0.0170,0.9743,4.4414,4.4089,nan,5.0884,5.0033,0.1982,-0.1442,1.7920,0.0183,0.0258,-0.2417,3.5982,0.0800,2.9482,0.1662
27.350,103.068,-0.9691,7.2485,-37.708,-0.9113,7.1878,-38.287,0.0829,-0.0127,0.0838,-0.580,1.2685,3.2140,-0.612,-2.2222,3.9503,-37.676,4.743,-1.1234,105.011,0.4739,0.0119,0.0149,1.2533,4.3814,4.4089,nan,5.2107,5.0203,0.1988,-0.1351,1.7920,0.0210,0.0243,-0.2243,3.7980,0.0800,2.9482,0.1662
27.400,103.313,-0.7791,7.0939,-40.992,-0.6956,7.0011,-41.851,0.1239,-0.0153,0.1248,-0.859,1.2522,3.2205,-0.730,-1.9958,3.7555,-41.122,4.847,-1.0497,105.266,0.4537,0.0127,0.0183,1.4418,4.6635,5.0081,nan,5.0366,5.0519,0.2001,-0.1366,1.7920,0.0308,0.0305,-0.1927,4.0979,0.0071,2.6773,0.1662
27.450,103.600,-0.5680,6.9004,-44.441,-0.5032,6.8081,-45.215,0.1109,-0.0205,0.1128,-0.774,1.2522,3.2205,-0.730,-1.8009,3.5650,-44.486,4.861,-1.0262,105.557,0.4674,0.0146,0.0243,1.6660,4.7640,4.8478,nan,4.9404,4.7710,0.1889,-0.1293,1.7920,0.0307,0.0179,-0.1610,4.2978,-0.0800,0.2985,0.1662
27.500,103.600,-0.5680,6.9004,-44.441,-0.5084,6.8226,-44.703,0.0970,-0.0138,0.0980,-0.262,1.2789,3.2508,-0.218,-1.8009,3.5650,-44.486,4.861,-1.0262,105.698,0.4674,0.0146,0.0181,1.2408,4.8945,5.0007,nan,4.9220,4.9853,0.1974,-0.1330,1.7920,0.0376,0.0174,-0.1229,4.5976,-0.0800,0.2450,0.1662
27.550,103.877,-0.3749,6.7010,-47.817,-0.3474,6.6504,-48.098,0.0560,-0.0136,0.0576,-0.281,1.2375,3.2833,-0.429,-1.6100,3.3552,-47.669,4.871,-0.9991,105.839,0.4735,0.0184,0.0227,1.2342,5.0269,5.1407,nan,5.0130,5.1180,0.2027,-0.1170,1.7920,0.0288,-0.0080,-0.1719,4.7975,0.0499,-2.6985,0.1662
27.600,104.128,-0.2109,6.5120,-50.712,-0.1942,6.4595,-51.286,0.0512,-0.0203,0.0551,-0.574,1.2157,3.3183,-0.361,-1.4296,3.1323,-50.925,4.771,-0.9770,106.084,0.4734,0.0166,0.0293,1.7643,4.6734,4.5358,nan,5.0674,5.0473,0.1999,-0.0961,1.7920,0.0161,-0.0333,-0.1866,4.8975,0.0800,0.4655,0.1662
27.651,104.372,-0.0605,6.3199,-53.593,-0.0830,6.3116,-53.280,-0.0066,-0.0231,0.0240,0.313,1.2456,3.3423,0.237,-1.3163,2.9747,-53.517,4.795,-0.9888,106.333,0.4924,0.0141,0.0284,2.0230,4.8377,4.9649,nan,5.1905,5.2247,0.2069,-0.0943,1.7920,0.0138,-0.0130,-0.2239,5.1973,0.0800,0.2131,0.1662
27.700,104.643,0.0956,6.0981,-56.417,0.0774,6.0761,-56.738,0.0083,-0.0274,0.0286,-0.321,1.2283,3.3550,0.071,-1.1475,2.7225,-56.810,4.878,-0.7736,106.613,0.4933,0.0127,0.0363,2.8604,4.8796,4.9428,nan,5.4640,5.2700,0.2087,-0.0945,1.7920,0.0104,0.0077,-0.2479,5.3972,0.0800,0.4025,0.1662
27.750,104.912,0.2403,5.8716,-58.715,0.2226,5.8474,-58.809,0.0115,-0.0277,0.0300,-0.094,1.2330,3.3542,0.020,-1.0095,2.4935,-58.829,4.898,-0.7211,106.885,0.5003,0.0094,0.0298,3.1646,4.9472,5.0226,nan,5.5711,5.7488,0.2277,-0.0959,1.8721,0.0190,0.0373,-0.1734,5.6971,0.0800,2.0065,0.1662
27.800,105.169,0.3702,5.6497,-60.867,0.3483,5.6343,-60.654,0.0028,-0.0266,0.0268,0.213,1.2390,3.3639,0.114,-0.8862,2.2721,-60.767,4.980,-0.7286,107.151,0.5060,0.0072,0.0235,3.2453,5.1578,5.3575,nan,5.6985,5.7108,0.2262,-0.0968,1.8815,0.0318,0.0431,-0.1075,5.9969,0.0050,1.5804,0.1662
27.850,105.435,0.4958,5.4152,-63.110,0.4856,5.3484,-64.807,0.0550,-0.0393,0.0676,-1.697,1.1727,3.3300,-1.664,-0.7454,1.9976,-63.143,5.067,-0.7629,107.427,0.5115,0.0059,0.0437,7.3742,5.0477,5.0690,nan,5.7623,5.8409,0.2313,-0.0638,1.8815,0.0128,-0.0123,-0.0335,6.1968,0.0322,5.2669,0.1662
27.900,105.720,0.6204,5.1581,-65.556,0.5939,5.0747,-67.564,0.0649,-0.0587,0.0875,-2.008,1.1663,3.3057,-1.957,-0.6325,1.7484,-65.607,5.293,-0.7913,107.734,0.5177,0.0052,0.0571,11.0711,5.2327,5.4048,nan,5.8139,5.8411,0.2313,-0.0557,1.8815,0.0005,-0.0346,-0.0994,6.4966,0.0109,2.5239,0.1662
27.950,106.020,0.7392,4.8828,-68.079,0.7187,4.7472,-70.366,0.1182,-0.0697,0.1372,-2.286,1.1701,3.2938,-2.130,-0.5052,1.4356,-68.236,5.409,-0.6109,108.047,0.5298,0.0134,0.0647,4.8229,5.3111,5.4048,nan,5.9714,6.1572,0.2438,-0.0420,1.8815,-0.0181,-0.0451,-0.1265,6.7965,0.0752,2.5239,0.1662
28.000,106.360,0.8613,4.5658,-69.994,0.8235,4.4709,-72.041,0.0762,-0.0680,0.1021,-2.046,1.1881,3.3082,-1.917,-0.4033,1.1499,-70.124,5.545,-0.4246,108.401,0.5310,0.0050,0.0603,12.0175,5.2630,5.3049,nan,6.0582,5.9530,0.2358,-0.0449,1.8815,-0.0272,-0.0228,-0.1567,7.0964,0.0800,2.8468,0.1662
28.050,106.360,0.8613,4.5658,-69.994,0.8235,4.4709,-72.041,0.0762,-0.0680,0.1021,-2.046,1.1881,3.3082,-1.917,-0.4033,1.1499,-70.124,5.545,-0.4246,108.401,0.5310,0.0050,0.0603,12.0175,5.5403,6.0631,nan,6.2405,6.2514,0.2476,-0.0686,1.9151,-0.0075,0.0185,-0.1361,7.3962,0.0800,4.4958,0.1662
28.100,106.676,0.9668,4.2674,-71.180,0.9466,4.1128,-72.720,0.1398,-0.0690,0.1559,-1.540,1.2049,3.3332,-1.309,-0.2761,0.7735,-71.411,5.727,-0.3873,108.736,0.5554,0.0031,0.0364,11.6842,5.6463,5.7721,nan,6.3739,6.5148,0.2580,-0.0868,1.9460,0.0191,0.0520,-0.1102,7.6960,0.0800,0.5917,0.1662
28.150,106.998,1.0676,3.9620,-72.467,1.0399,3.8352,-73.490,0.1125,-0.0646,0.1298,-1.023,1.2164,3.3424,-1.095,-0.1859,0.4894,-72.395,5.760,-0.4771,109.064,0.5515,0.0123,0.0432,3.5218,5.8145,6.0081,nan,6.5308,6.7453,0.2671,-0.0934,1.9705,0.0444,0.0567,-0.0903,7.9959,0.0795,2.6764,0.1662
28.200,107.325,1.1616,3.6491,-74.458,1.1294,3.5176,-75.213,0.1180,-0.0663,0.1354,-0.756,1.2158,3.3577,-1.232,-0.0898,0.1580,-73.981,5.900,-0.7197,109.407,0.5605,0.0070,0.0418,6.0143,5.9902,6.2072,nan,6.6415,6.7826,0.2686,-0.0738,1.9884,0.0477,0.0253,-0.0736,8.2957,0.0506,3.5031,0.1662
28.250,107.660,1.2456,3.3243,-77.044,1.2009,3.1933,-78.278,0.1177,-0.0729,0.1384,-1.234,1.2162,3.3719,-1.591,-0.0103,-0.1790,-76.687,6.075,-0.8665,109.764,0.5715,0.0082,0.0495,6.0151,6.2287,6.6079,nan,6.7852,6.8484,0.2712,-0.0470,1.9884,0.0389,-0.0152,-0.0667,8.5956,0.0218,3.8889,0.1662
28.300,107.987,1.3128,3.0044,-79.724,1.2658,2.7950,-81.467,0.1976,-0.0836,0.2146,-1.743,1.2180,3.3771,-1.518,0.0632,-0.5806,-79.949,6.247,-0.7862,110.113,0.6197,0.0123,0.0600,4.8928,6.0014,5.9695,nan,6.8565,6.9481,0.2752,-0.0375,1.9884,0.0377,-0.0261,-0.0745,8.8954,0.0800,3.0368,0.1662
28.350,108.386,1.3763,2.6109,-82.317,1.3143,2.4904,-83.611,0.1111,-0.0775,0.1355,-1.294,1.2181,3.4023,-1.084,0.1135,-0.9099,-82.527,6.392,-0.5680,110.531,0.5877,0.0155,0.0683,4.3895,5.9267,5.9695,nan,6.9633,6.8408,0.2709,-0.0207,1.9913,0.0275,-0.0429,-0.0737,9.1953,0.0800,3.0368,0.1662
28.400,108.766,1.4225,2.2334,-83.875,1.3679,2.0828,-84.567,0.1439,-0.0703,0.1602,-0.691,1.2211,3.4169,-0.421,0.1566,-1.3329,-84.146,6.491,-0.2675,110.925,0.6191,0.0244,0.0650,2.6693,6.1909,6.7291,nan,7.0000,7.1196,0.2820,-0.0322,1.9984,0.0322,-0.0179,-0.0681,9.5950,0.0800,2.2542,0.1662
28.450,109.112,1.4576,1.8896,-84.534,1.3998,1.6935,-85.111,0.1898,-0.0762,0.2045,-0.577,1.2211,3.4169,-0.421,0.1914,-1.7220,-84.690,6.551,-0.2682,111.281,0.6501,0.0216,0.0652,3.0161,6.4528,7.0368,nan,7.0000,7.1089,0.2815,-0.0633,2.0082,0.0648,0.0280,-0.0606,9.9949,0.0368,1.3219,0.1689
28.500,109.112,1.4576,1.8896,-84.534,1.4051,1.7258,-85.136,0.1581,-0.0678,0.1720,-0.603,1.2271,3.4493,-0.446,0.1914,-1.7220,-84.690,6.551,-0.2682,111.281,0.6501,0.0216,0.0637,2.9484,6.5456,6.7048,nan,7.0000,7.0303,0.2784,-0.0671,2.0456,0.0795,0.0285,-0.0563,10.1947,0.0101,2.9955,0.1689
28.550,109.476,1.4898,1.5266,-85.557,1.4348,1.3737,-86.036,0.1482,-0.0666,0.1625,-0.480,1.2363,3.4599,-0.628,0.2214,-2.0839,-85.408,6.683,-0.4247,111.664,0.6508,0.0164,0.0641,3.9063,6.6142,6.7554,nan,7.0000,6.9734,0.2762,-0.0516,2.0569,0.0811,0.0147,-0.0478,10.5945,-0.0088,1.5613,0.1689
28.600,109.846,1.5135,1.1576,-87.545,1.4521,0.9926,-87.428,0.1622,-0.0684,0.1760,0.116,1.2310,3.4608,-0.499,0.2426,-2.4662,-86.930,6.756,-0.6757,112.047,0.6619,0.0164,0.0571,3.4855,6.6611,6.7874,nan,7.0000,6.9354,0.2747,-0.0225,2.0648,0.0644,-0.0246,-0.0419,10.8944,-0.0211,0.2092,0.1689
28.650,110.272,1.5240,0.7319,-90.054,1.4568,0.6277,-90.783,0.1042,-0.0671,0.1240,-0.729,1.2598,3.5053,-0.921,0.2432,-2.8741,-89.862,6.763,-0.5936,112.481,0.6567,0.0163,0.0750,4.5898,6.8766,7.2620,nan,7.0000,6.7710,0.2682,0.0006,2.0756,0.0457,-0.0473,-0.0339,11.2942,-0.0726,-0.2402,0.1689
28.700,110.657,1.5188,0.3468,-91.821,1.4243,0.2071,-93.687,0.1426,-0.0901,0.1687,-1.866,1.2971,3.5234,-1.716,0.2264,-3.3109,-91.971,6.752,-0.3874,112.870,0.7012,0.0170,0.1006,5.9334,6.8457,6.9268,nan,7.0000,6.7958,0.2691,0.0221,2.0811,0.0096,-0.0634,-0.0299,11.5940,-0.0651,-0.2278,0.1689
28.750,111.021,1.5051,-0.0172,-92.575,1.3975,-0.1440,-94.483,0.1315,-0.1018,0.1663,-1.908,1.2844,3.5362,-1.427,0.2048,-3.6762,-93.055,6.734,-0.0879,113.238,0.7076,0.0169,0.0979,5.8014,6.6381,6.6181,nan,7.0000,6.9574,0.2755,0.0265,2.0861,-0.0109,-0.0594,-0.0263,11.8939,-0.0140,-1.5628,0.1689
28.800,111.396,1.4880,-0.3918,-92.534,1.3906,-0.4909,-93.135,0.1033,-0.0929,0.1390,-0.600,1.2231,3.5649,-0.257,0.1858,-4.0550,-92.877,6.664,0.1437,113.611,0.7119,0.0187,0.0850,4.5339,6.5645,6.6181,nan,7.0000,7.0142,0.2778,0.0162,2.0940,-0.0099,-0.0377,-0.0205,12.1937,0.0047,-1.5628,0.1689
28.850,111.396,1.4880,-0.3918,-92.534,1.3906,-0.4909,-93.135,0.1033,-0.0929,0.1390,-0.600,1.2231,3.5649,-0.257,0.1858,-4.0550,-92.877,6.664,0.1437,113.611,0.7119,0.0187,0.0850,4.5339,6.2995,6.2342,nan,7.0000,7.2188,0.2859,-0.0216,2.0972,0.0273,0.0136,-0.0182,12.3936,0.0755,-0.8384,0.1689
28.900,111.808,1.4717,-0.8034,-91.749,1.3902,-0.8044,-91.798,0.0035,-0.0815,0.0816,-0.050,1.1988,3.6032,0.238,0.1731,-4.4083,-92.036,6.634,0.1895,114.026,0.6692,0.0136,0.0699,5.1347,6.5175,6.8675,nan,7.0000,7.0590,0.2796,-0.0446,2.1043,0.0613,0.0453,-0.0131,12.7934,0.0198,1.4676,0.1689
28.950,112.182,1.4615,-1.1769,-91.233,1.3931,-1.1894,-90.732,0.0140,-0.0681,0.0695,0.502,1.1918,3.6326,0.420,0.1660,-4.8234,-91.152,6.703,0.0480,114.411,0.6954,0.0140,0.0593,4.2311,6.7141,7.0316,nan,7.0000,6.9151,0.2739,-0.0509,2.1079,0.0853,0.0468,-0.0100,13.0933,-0.0276,2.3364,0.1689
29.000,112.567,1.4517,-1.5625,-91.908,1.3875,-1.6023,-91.551,0.0419,-0.0628,0.0755,0.356,1.2720,3.6351,-0.476,0.1591,-5.2362,-91.075,6.810,-0.3363,114.813,0.7128,0.0308,0.0683,2.2171,6.8146,6.9955,nan,7.0000,6.8913,0.2729,-0.0117,2.1040,0.0679,-0.0110,-0.0064,13.4930,-0.0352,0.1191,0.1689
29.050,112.956,1.4349,-1.9505,-93.441,1.3660,-1.9645,-93.317,0.0181,-0.0679,0.0703,0.124,1.2643,3.6470,-0.368,0.1378,-5.6107,-92.949,6.810,-0.5258,115.207,0.7062,0.0332,0.0796,2.3978,7.0031,7.3311,nan,7.0000,6.9976,0.2771,0.0183,2.1021,0.0480,-0.0487,-0.0019,13.8928,-0.0008,-1.1451,0.1689
29.100,113.309,1.4100,-2.3025,-95.029,1.3388,-2.3615,-95.362,0.0650,-0.0658,0.0925,-0.334,1.2672,3.6656,-0.274,0.1003,-6.0266,-95.088,6.764,-0.3543,115.561,0.7613,0.0325,0.0893,2.7426,6.6527,6.4732,nan,7.0000,7.1849,0.2845,0.0273,2.1021,0.0406,-0.0589,0.0028,14.0927,0.0800,-0.7722,0.1689
29.150,113.680,1.3762,-2.6720,-95.469,1.3251,-2.6611,-95.239,-0.0060,-0.0519,0.0522,0.230,1.1564,3.6859,0.956,0.0628,-6.3490,-96.195,6.729,-0.0657,115.934,0.7296,0.0230,0.0632,2.7423,6.4974,6.5100,nan,7.0000,7.0172,0.2779,0.0230,2.1021,0.0303,-0.0444,0.0032,14.3926,0.0800,0.2355,0.1689
29.200,114.057,1.3413,-3.0477,-94.935,1.3080,-2.9823,-94.038,-0.0623,-0.0388,0.0734,0.896,1.0876,3.7084,1.630,0.0300,-6.6942,-95.669,6.744,0.1899,116.318,0.7067,0.0204,0.0409,2.0083,6.4477,6.5100,nan,7.0000,6.9635,0.2758,0.0072,2.1021,0.0562,-0.0273,0.0053,14.6924,0.0800,0.2355,0.1689
29.250,114.437,1.3106,-3.4267,-94.050,1.2896,-3.3664,-94.733,-0.0587,-0.0252,0.0639,-0.683,1.3453,3.7806,-0.423,-0.0029,-7.1472,-94.310,6.821,0.2611,116.712,0.7612,0.0186,0.0532,2.8631,6.7006,7.2416,nan,7.0000,7.2275,0.2862,-0.0302,2.0721,0.0894,0.0211,0.0097,15.0922,0.0786,0.1998,0.1689
29.300,114.812,1.2860,-3.8008,-93.278,1.2681,-3.7007,-93.519,-0.0989,-0.0236,0.1017,-0.242,1.3278,3.8019,-0.293,-0.0212,-7.5028,-93.226,6.813,0.1536,117.091,0.7433,0.0180,0.0451,2.5035,6.7423,6.8678,nan,7.0000,7.1959,0.2850,-0.0208,2.0328,0.0795,0.0041,0.0112,15.3921,0.0673,-0.2808,0.1689
29.350,114.812,1.2860,-3.8008,-93.278,1.2681,-3.7007,-93.519,-0.0989,-0.0236,0.1017,-0.242,1.3278,3.8019,-0.293,-0.0212,-7.5028,-93.226,6.813,0.1536,117.091,0.7433,0.0180,0.0451,2.5035,6.7834,6.9101,nan,6.9260,7.0344,0.2786,-0.0255,2.0189,0.0800,0.0034,0.0147,15.6919,0.0370,1.4816,0.1689
29.400,115.189,1.2629,-4.1768,-94.085,1.2479,-4.1143,-94.003,-0.0613,-0.0194,0.0643,0.082,1.4578,3.7851,-1.232,-0.0399,-7.9020,-92.770,6.877,-0.2735,117.480,0.7576,0.0224,0.0398,1.7787,6.7290,6.7947,nan,6.6340,6.1731,0.2445,0.0268,1.9793,0.0356,-0.0758,0.0137,16.0917,0.0800,0.7362,0.1689
29.450,115.623,1.2294,-4.6100,-94.930,1.2201,-4.4997,-95.687,-0.1091,-0.0187,0.1107,-0.757,1.3921,3.8110,-0.633,-0.0802,-8.3121,-95.054,6.907,-0.2569,117.924,0.7450,0.0217,0.0550,2.5305,6.8946,7.1674,nan,6.1610,6.3519,0.2516,0.0203,1.9423,0.0296,-0.0793,0.0105,16.3916,0.0800,-0.8369,0.1689
29.500,116.009,1.1941,-4.9941,-95.802,1.1850,-4.9472,-95.523,-0.0457,-0.0138,0.0477,0.279,1.2676,3.8068,0.272,-0.1241,-8.7535,-95.795,6.858,-0.2166,118.310,0.7935,0.0221,0.0304,1.3766,6.6364,6.5752,nan,5.9735,6.0732,0.2405,0.0063,1.9126,0.0227,-0.0738,-0.0075,16.6914,0.0800,-7.1003,0.1689
29.550,116.428,1.1534,-5.4108,-95.019,1.1569,-5.2610,-96.064,-0.1496,-0.0097,0.1499,-1.045,1.2503,3.8301,0.444,-0.1639,-9.0901,-96.509,6.479,0.2270,118.696,0.7340,0.0202,0.0384,1.8985,6.6785,6.8016,nan,5.7111,5.7459,0.2276,-0.0423,1.8801,0.0241,-0.0189,-0.0316,17.0912,0.0142,-2.7530,0.1689
29.600,116.781,1.1240,-5.7624,-94.409,1.1260,-5.7490,-95.080,-0.0135,0.0010,0.0135,-0.671,1.4519,3.7465,-0.822,-0.1897,-9.4993,-94.259,6.347,0.1025,119.040,0.7735,0.0171,0.0258,1.5094,6.6953,6.8016,nan,5.3810,5.2276,0.2070,-0.0773,1.8613,0.0326,0.0082,-0.0568,17.3910,-0.0800,-2.7530,0.1689
29.650,117.124,1.0980,-6.1053,-94.208,1.1086,-6.0412,-94.485,-0.0647,0.0059,0.0650,-0.277,1.3846,3.7258,-0.399,-0.2080,-9.7687,-94.086,6.171,0.0577,119.370,0.7147,0.0163,0.0165,1.0142,6.2746,5.8950,nan,5.2271,5.2011,0.2060,-0.0798,1.8508,0.0174,0.0008,-0.0732,17.6909,-0.0115,-4.1327,0.1689
29.701,117.457,1.0712,-6.4369,-95.769,1.0827,-6.3713,-94.429,-0.0664,0.0049,0.0666,1.340,1.3846,3.7258,-0.399,-0.2315,-10.0990,-94.030,5.723,-0.7054,119.663,0.7115,0.0227,0.0126,0.5548,6.0474,6.0145,nan,4.9989,4.9322,0.1953,-0.1183,1.7924,0.0305,0.0304,-0.0882,17.9907,-0.0304,-2.4515,0.1689
29.750,117.768,1.0352,-6.7460,-98.032,1.0850,-6.3735,-94.520,-0.3758,-0.0027,0.3758,3.512,1.4030,3.7231,-0.490,-0.2315,-10.0990,-94.030,5.723,-0.7054,119.951,0.5054,0.0483,0.0108,0.2240,5.6619,5.4297,nan,4.9243,5.0357,0.1994,-0.0576,1.7622,-0.0076,-0.0587,-0.1082,18.1906,0.0540,-7.1679,0.1689
29.800,117.768,1.0352,-6.7460,-98.032,1.0445,-6.6025,-97.739,-0.1434,-0.0108,0.1438,0.293,1.2720,3.7614,0.254,-0.2735,-10.3628,-97.993,5.406,-0.7776,119.951,0.6846,0.0253,0.0314,1.2447,5.3432,5.2370,nan,4.7689,4.8943,0.1938,-0.0560,1.7353,-0.0262,-0.0648,-0.1323,18.3905,0.0800,-6.8185,0.1689
29.850,118.057,0.9891,-7.0309,-100.958,0.9914,-6.9355,-99.737,-0.0941,-0.0158,0.0954,1.221,1.1654,3.7117,0.817,-0.3258,-10.6436,-100.553,5.120,-0.6658,120.220,0.6865,0.0157,0.0202,1.2881,4.9654,4.7697,nan,4.6824,4.5562,0.1804,-0.0666,1.7035,-0.0397,-0.0484,-0.1513,18.6904,0.0800,-2.3147,0.1689
29.900,118.341,0.9320,-7.3088,-102.459,0.9403,-7.1952,-101.873,-0.1127,-0.0164,0.1139,0.585,1.0922,3.6883,1.227,-0.3850,-10.8777,-103.100,5.009,-0.4383,120.497,0.6599,0.0148,0.0263,1.7758,4.9122,4.9477,nan,4.4338,4.5606,0.1806,-0.1207,1.6807,-0.0315,-0.0110,-0.1732,18.8903,0.0800,-2.7087,0.1689
29.950,118.613,0.8707,-7.5740,-103.819,0.8849,-7.4886,-101.811,-0.0864,-0.0066,0.0866,2.008,0.9368,3.6765,2.054,-0.4520,-11.1560,-103.864,4.882,-0.4786,120.761,0.6726,0.0153,0.0187,1.2254,4.7401,4.7399,nan,4.3597,4.4189,0.1750,-0.1603,1.6406,-0.0194,0.0337,-0.1927,19.1901,0.0800,-5.5482,0.1689
30.000,118.879,0.8040,-7.8321,-105.415,0.8253,-7.7472,-103.548,-0.0875,-0.0020,0.0875,1.867,0.9927,3.6547,1.756,-0.5166,-11.3915,-105.304,4.662,-0.5657,121.014,0.6570,0.0183,0.0140,0.7666,4.6369,4.6572,nan,4.1582,4.2695,0.1691,-0.1848,1.6401,-0.0146,0.0360,-0.2090,19.3900,0.0643,-2.7606,0.1689
30.050,119.146,0.7281,-8.0879,-108.212,0.7482,-8.0375,-106.553,-0.0542,0.0033,0.0543,1.658,1.1887,3.6177,0.765,-0.5962,-11.6483,-107.318,4.542,-0.9225,121.275,0.6604,0.0102,0.0101,0.9856,4.4775,4.4835,nan,4.0374,4.1077,0.1627,-0.2151,1.6401,-0.0031,0.0700,-0.2065,19.6898,0.0800,-2.7606,0.1689
30.100,119.379,0.6503,-8.3071,-111.475,0.6610,-8.3020,-110.925,-0.0086,0.0081,0.0118,0.550,1.3049,3.5668,0.193,-0.6839,-11.8667,-111.118,4.414,-1.1266,121.501,0.6679,0.0102,0.0043,0.4227,4.4492,4.4835,nan,3.8595,3.8769,0.1535,-0.2005,1.6055,-0.0185,0.0108,-0.2397,19.8897,0.0101,-3.4463,0.1689
30.150,119.625,0.5532,-8.5338,-115.542,0.5740,-8.5105,-114.925,-0.0300,0.0087,0.0313,0.617,1.3388,3.5382,0.029,-0.7710,-12.0482,-114.954,4.240,-1.2773,121.740,0.6335,0.0158,0.0041,0.2610,4.1632,4.1107,nan,3.8009,3.9303,0.1557,-0.1890,1.4718,-0.0223,-0.0233,-0.2751,20.0896,0.0749,-3.6858,0.1689
30.200,119.851,0.4499,-8.7342,-119.577,0.4407,-8.7473,-119.704,0.0160,-0.0016,0.0160,-0.127,1.3388,3.5382,0.029,-0.9044,-12.2850,-119.733,3.994,-1.1901,121.953,0.6790,0.0232,0.0299,1.2897,4.3336,4.4364,nan,3.6447,3.5748,0.1416,-0.1996,1.4244,-0.0287,-0.0201,-0.3198,20.3895,-0.0800,-6.5493,0.1689
30.250,119.851,0.4499,-8.7342,-119.577,0.4604,-8.7223,-118.790,-0.0156,0.0032,0.0159,0.786,1.1626,3.5760,0.943,-0.9044,-12.2850,-119.733,3.994,-1.1901,121.953,0.6790,0.0232,0.0117,0.5047,3.9434,3.7390,nan,3.6447,3.7352,0.1479,-0.1974,1.4042,-0.0374,-0.0239,-0.3332,20.4894,0.0524,-2.5083,0.1689
30.300,120.095,0.3226,-8.9425,-123.711,0.3426,-8.9209,-123.751,-0.0291,0.0046,0.0295,-0.040,1.3169,3.5319,0.202,-1.0181,-12.4493,-123.953,3.875,-1.1815,122.192,0.6430,0.0069,0.0033,0.4800,3.7448,3.7370,nan,3.5449,3.6636,0.1451,-0.2059,1.3335,-0.0398,-0.0227,-0.3561,20.6893,0.0800,-6.0647,0.1689
30.350,120.330,0.1855,-9.1340,-127.914,0.2160,-9.0631,-127.260,-0.0747,-0.0195,0.0772,0.654,1.2696,3.5693,0.454,-1.1535,-12.6236,-127.714,3.647,-1.1255,122.417,0.6325,0.0208,0.0151,0.7282,3.7691,3.8043,nan,3.3913,3.3946,0.1344,-0.1604,1.0064,-0.0668,-0.0030,-0.3803,20.8892,0.0019,-0.3594,0.1689
30.400,120.535,0.0556,-9.2914,-131.498,0.0818,-9.2044,-130.504,-0.0825,-0.0380,0.0908,0.995,1.1762,3.5937,0.893,-1.2937,-12.7796,-131.397,3.635,-1.1495,122.622,0.6405,0.0313,0.0272,0.8668,3.7707,3.8016,nan,3.2944,3.2170,0.1274,-0.1565,0.8550,-0.0815,-0.0167,-0.3925,20.9892,-0.0448,-1.4739,0.1689
30.450,120.715,-0.0676,-9.4235,-134.807,-0.0445,-9.3262,-133.647,-0.0853,-0.0521,0.1000,1.160,1.1113,3.6182,1.222,-1.4316,-12.9168,-134.869,3.588,-1.0053,122.801,0.6557,0.0311,0.0324,1.0389,3.5466,3.5274,nan,3.1824,3.1387,0.1243,-0.1617,0.8550,-0.0913,0.0247,-0.4250,21.1891,-0.0253,-3.8084,0.1689
30.500,120.904,-0.2037,-9.5546,-137.510,-0.1918,-9.4561,-137.429,-0.0753,-0.0646,0.0992,0.081,1.2154,3.6068,0.732,-1.5741,-13.0438,-138.161,3.416,-0.8308,122.982,0.6592,0.0027,0.0314,11.5057,3.5052,3.5274,nan,2.9586,2.8816,0.1141,-0.2213,0.8550,-0.0859,0.0612,-0.4392,21.3890,-0.0800,-3.8084,0.1707
30.550,121.084,-0.3385,-9.6731,-140.016,-0.3031,-9.5531,-139.099,-0.1042,-0.0693,0.1251,0.917,1.1694,3.6029,0.904,-1.6800,-13.1311,-140.003,3.252,-0.7991,123.153,0.6187,0.0045,0.0314,6.9513,3.1856,3.1005,nan,2.9586,3.0776,0.1219,-0.2574,0.8550,-0.0881,0.0776,-0.4370,21.4889,0.0689,-4.5823,0.1707
30.600,121.242,-0.4618,-9.7726,-142.297,-0.4389,-9.6587,-141.212,-0.0878,-0.0761,0.1162,1.086,1.1093,3.6170,1.184,-1.8221,-13.2409,-142.395,3.007,-0.8024,123.300,0.6400,0.0041,0.0341,8.2740,3.2410,3.2779,nan,2.8512,2.9509,0.1169,-0.3807,0.8550,-0.0685,0.1295,-0.4326,21.6888,0.0577,-4.1687,0.1707
30.650,121.404,-0.5926,-9.8682,-145.838,-0.5537,-9.7673,-143.145,-0.0889,-0.0617,0.1082,2.692,1.0131,3.5913,1.535,-1.9241,-13.3118,-144.680,2.991,-1.2218,123.463,0.6030,0.0074,0.0184,2.4790,2.9267,2.8411,nan,2.8512,2.6588,0.1053,-0.4126,0.8550,-0.0644,0.1387,-0.4263,21.7888,0.0800,-0.4017,0.1707
30.700,121.571,-0.7342,-9.9565,-150.999,-0.7176,-9.8844,-148.460,-0.0494,-0.0550,0.0740,2.538,1.0762,3.5671,1.257,-2.0886,-13.4089,-149.718,2.873,-1.7392,123.629,0.6274,0.0147,0.0252,1.7099,3.0851,3.1545,nan,2.9694,2.8193,0.1117,-0.4468,0.8550,-0.0260,0.1277,-0.4809,21.9887,0.0800,-2.4399,0.1707
30.750,121.719,-0.8671,-10.0226,-156.496,-0.8586,-9.9463,-155.167,-0.0382,-0.0666,0.0768,1.329,1.0762,3.5671,1.257,-2.2309,-13.4677,-156.424,2.671,-1.7970,123.772,0.6323,0.0178,0.0336,1.8848,2.9776,2.9849,nan,3.1084,3.2077,0.1270,-0.4320,0.8550,-0.0226,0.0373,-0.5667,22.0886,0.0575,-5.9545,0.1707
30.800,121.719,-0.8671,-10.0226,-156.496,-0.8432,-9.9476,-154.357,-0.0518,-0.0592,0.0787,2.139,0.9005,3.5918,2.067,-2.2309,-13.4677,-156.424,2.671,-1.7970,123.772,0.6323,0.0178,0.0262,1.4675,2.6946,2.6328,nan,3.1084,3.0146,0.1194,-0.4000,0.8550,-0.0226,0.0184,-0.6602,22.1886,0.0800,-0.6011,0.1707
30.850,121.869,-1.0073,-10.0755,-162.533,-0.9753,-10.0024,-160.464,-0.0525,-0.0601,0.0798,2.069,0.9734,3.5657,1.708,-2.3522,-13.5040,-162.172,2.702,-1.8753,123.928,0.6080,0.0019,0.0267,14.0641,2.7935,2.8374,nan,3.2704,3.1633,0.1253,-0.3926,0.9055,-0.0133,0.0476,-0.7134,22.3885,0.0800,3.9053,0.1707
30.900,122.023,-1.1562,-10.1146,-168.540,-1.1452,-10.0542,-166.936,-0.0228,-0.0570,0.0614,1.604,0.9078,3.5675,2.010,-2.5295,-13.5413,-168.945,2.870,-1.8275,124.097,0.6328,0.0054,0.0205,3.7890,2.8185,2.8454,nan,3.3220,3.4297,0.1358,-0.3960,0.9941,-0.0017,0.0351,-0.5919,22.4884,0.0800,0.1059,0.1707
30.950,122.181,-1.3125,-10.1386,-174.240,-1.2906,-10.0778,-172.193,-0.0279,-0.0583,0.0646,2.048,0.9208,3.5634,1.987,-2.6830,-13.5563,-174.180,2.880,-1.7936,124.259,0.6265,0.0098,0.0190,1.9337,2.9511,3.0079,nan,3.3549,3.3867,0.1341,-0.3768,1.1414,0.0052,0.0611,-0.5778,22.6883,0.0184,1.6457,0.1707
31.000,122.345,-1.4760,-10.1474,179.969,-1.4670,-10.0912,-178.295,-0.0089,-0.0562,0.0569,1.735,1.0202,3.5393,1.556,-2.8564,-13.5579,-179.851,2.971,-1.8565,124.432,0.6325,0.0165,0.0175,1.0585,3.1064,3.1747,nan,3.4372,3.4754,0.1376,-0.3519,1.2186,0.0118,0.0680,-0.5486,22.8882,0.0221,3.1365,0.1707
31.050,122.513,-1.6438,-10.1393,173.984,-1.6381,-10.0800,176.084,0.0005,-0.0595,0.0595,2.099,0.9355,3.5566,1.966,-3.0399,-13.5403,174.117,3.120,-1.8624,124.615,0.6433,0.0236,0.0218,0.9228,3.2599,3.3292,nan,3.5774,3.5856,0.1420,-0.3399,1.2994,0.0125,0.0768,-0.5062,23.0881,0.0047,1.4205,0.1707
31.100,122.690,-1.8184,-10.1123,168.029,-1.8312,-10.0438,169.354,0.0267,-0.0643,0.0697,1.325,1.0713,3.5317,1.399,-3.2330,-13.5006,167.955,3.193,-1.7845,124.800,0.6560,0.0056,0.0236,4.2522,3.2960,3.3292,nan,3.6209,3.6855,0.1460,-0.3262,1.3138,0.0214,0.0417,-0.5163,23.1880,0.0374,1.4205,0.1707
31.150,122.871,-1.9939,-10.0665,162.331,-2.0124,-9.9868,163.160,0.0418,-0.0703,0.0818,0.829,1.1661,3.5132,0.980,-3.4089,-13.4437,162.180,3.290,-1.7039,124.991,0.6525,0.0068,0.0155,2.2620,3.2526,3.2725,nan,3.6195,3.7171,0.1472,-0.2984,1.3235,0.0117,0.0484,-0.4753,23.3880,0.0565,2.0009,0.1707
31.200,123.060,-2.1707,-10.0015,156.865,-2.1891,-9.9255,157.994,0.0468,-0.0627,0.0782,1.129,1.1661,3.5132,0.980,-3.5845,-13.3794,157.014,3.427,-1.6144,125.191,0.6516,0.0113,0.0141,1.2451,3.3209,3.3617,nan,3.6211,3.6408,0.1442,-0.2897,1.3625,0.0162,0.0098,-0.4591,23.4879,0.0115,3.1146,0.1707
31.250,123.060,-2.1707,-10.0015,156.865,-2.1880,-9.9297,158.012,0.0441,-0.0592,0.0738,1.147,1.1630,3.5100,0.998,-3.5845,-13.3794,157.014,3.427,-1.6144,125.295,0.6516,0.0113,0.0138,1.2210,3.5582,3.6924,nan,3.7296,3.6499,0.1445,-0.2897,1.4607,0.0229,0.0638,-0.4251,23.7877,-0.0461,2.0807,0.1707
31.301,123.257,-2.3493,-9.9161,151.599,-2.3891,-9.8143,152.009,0.0835,-0.0706,0.1093,0.410,1.3013,3.4854,0.414,-3.7865,-13.2727,151.595,3.507,-1.5909,125.397,0.6670,0.0191,0.0170,0.8902,3.5851,3.6192,nan,3.8531,3.9216,0.1553,-0.2656,1.4717,0.0065,0.0178,-0.4279,23.8877,0.0397,-0.1957,0.1707
31.350,123.443,-2.5093,-9.8214,146.776,-2.5511,-9.7016,146.465,0.1006,-0.0773,0.1269,-0.311,1.4337,3.4521,-0.163,-3.9474,-13.1649,146.628,3.510,-1.5859,125.586,0.6642,0.0055,0.0102,1.8736,3.4632,3.4722,nan,3.9016,3.7832,0.1498,-0.2406,1.4217,-0.0041,0.0193,-0.4580,24.0876,0.0800,-0.0017,0.1707
31.400,123.640,-2.6695,-9.7069,141.683,-2.6904,-9.5887,141.546,0.0897,-0.0798,0.1201,-0.137,1.4651,3.4430,-0.291,-4.0893,-13.0526,141.837,3.540,-1.5001,125.787,0.6473,0.0063,0.0077,1.2252,3.6303,3.7124,nan,4.0419,4.1449,0.1642,-0.2317,1.5284,0.0018,0.0302,-0.4093,24.2875,0.0800,3.2536,0.1707
31.450,123.813,-2.8017,-9.5953,137.585,-2.8484,-9.4492,136.682,0.1331,-0.0764,0.1534,-0.903,1.5320,3.4269,-0.608,-4.2436,-12.9218,137.290,3.653,-1.4261,125.970,0.6633,0.0063,0.0086,1.3522,3.5589,3.5771,nan,4.0908,4.1853,0.1658,-0.2196,1.5470,-0.0006,0.0357,-0.3415,24.4874,0.0547,0.4840,0.1707
31.500,124.026,-2.9531,-9.4464,133.025,-2.9809,-9.3028,132.623,0.1239,-0.0777,0.1462,-0.402,1.5077,3.4423,-0.522,-4.3723,-12.7855,133.144,3.692,-1.3482,126.187,0.6448,0.0091,0.0120,1.3260,3.8260,4.0155,nan,4.2360,4.2812,0.1696,-0.2223,1.6632,0.0118,0.0393,-0.3495,24.6873,0.0251,3.8721,0.1707
31.550,124.226,-3.0849,-9.2955,128.881,-3.1407,-9.1153,128.322,0.1753,-0.0697,0.1887,-0.559,1.4820,3.4529,-0.400,-4.5348,-12.6002,128.722,3.852,-1.3344,126.400,0.6659,0.0110,0.0182,1.6575,3.8037,3.8311,nan,4.3272,4.4415,0.1759,-0.2191,1.6687,0.0129,0.0462,-0.3327,24.8872,0.0800,2.6366,0.1707
31.600,124.449,-3.2189,-9.1171,124.509,-3.2559,-8.9564,124.616,0.1534,-0.0605,0.1649,0.107,1.4183,3.4707,-0.129,-4.6463,-12.4375,124.745,3.967,-1.3665,126.634,0.6477,0.0127,0.0200,1.5734,4.0831,4.3193,nan,4.4801,4.5229,0.1791,-0.2155,1.7857,0.0270,0.0721,-0.3011,25.1870,0.0224,2.0955,0.1707
31.650,124.666,-3.3358,-8.9343,120.223,-3.3973,-8.7294,120.329,0.2080,-0.0500,0.2139,0.106,1.2429,3.5127,0.742,-4.7983,-12.1810,119.587,4.065,-1.3919,126.860,0.6681,0.0064,0.0212,3.3270,4.2334,4.3193,nan,4.5434,4.5166,0.1789,-0.2135,1.8018,0.0409,0.0624,-0.2851,25.3869,-0.0136,2.0955,0.1707
31.700,124.927,-3.4578,-8.7042,115.148,-3.4629,-8.5899,116.643,0.1057,-0.0439,0.1144,1.494,1.2140,3.5206,0.884,-4.8631,-12.0369,115.759,4.192,-1.4008,127.133,0.6297,0.0082,0.0220,2.6658,3.8384,3.6109,nan,4.5434,4.5138,0.1788,-0.1987,1.7342,0.0375,0.0456,-0.2797,25.4869,0.0800,2.6476,0.1707
31.750,125.156,-3.5481,-8.4938,110.829,-3.5901,-8.2847,111.775,0.2104,-0.0351,0.2133,0.946,1.2140,3.5206,0.884,-4.9856,-11.7298,110.891,4.280,-1.3308,127.372,0.6419,0.0087,0.0312,3.5818,4.0181,4.8826,nan,4.6672,4.6730,0.1851,-0.1954,1.8175,0.0502,0.0488,-0.2697,25.7867,0.0800,2.0069,0.1707
31.801,125.371,-3.6187,-8.2905,107.003,-3.6529,-8.0885,107.984,0.2032,-0.0263,0.2048,0.980,1.1321,3.5357,1.303,-5.0481,-11.5124,106.681,4.324,-1.3289,127.593,0.6323,0.0509,0.0517,1.0155,4.2884,4.5170,nan,4.7281,4.8598,0.1925,-0.1923,1.8190,0.0518,0.0458,-0.2682,25.9866,0.0670,1.0117,0.1707
31.850,125.371,-3.6187,-8.2905,107.003,-3.6457,-8.1103,108.501,0.1803,-0.0269,0.1823,1.497,1.0343,3.5567,1.820,-5.0481,-11.5124,106.681,4.324,-1.3289,127.593,0.6323,0.0083,0.0350,4.2223,4.0811,4.0704,nan,4.7603,4.6782,0.1853,-0.1747,1.8215,0.0481,0.0206,-0.2658,26.0865,0.0800,1.1291,0.1707
31.900,125.616,-3.6826,-8.0539,102.752,-3.6862,-7.9496,104.965,0.1025,-0.0195,0.1044,2.213,0.9980,3.5475,2.037,-5.0900,-11.3233,102.928,4.429,-1.3280,127.849,0.6171,0.0104,0.0369,3.5384,4.3719,4.7893,nan,4.8713,4.9850,0.1974,-0.1633,1.8339,0.0502,0.0329,-0.2540,26.3864,0.0800,2.7953,0.1707
31.950,125.863,-3.7294,-7.8111,98.549,-3.7424,-7.6592,100.756,0.1522,-0.0097,0.1525,2.207,0.9706,3.5543,2.194,-5.1389,-11.0248,98.562,4.544,-1.2629,128.108,0.6118,0.0062,0.0493,7.9336,4.5716,4.7135,nan,5.0167,5.1703,0.2048,-0.1530,1.8413,0.0467,0.0248,-0.2469,26.5863,0.0739,-0.2683,0.1707
32.000,126.085,-3.7567,-7.5904,95.076,-3.7604,-7.4440,97.053,0.1461,-0.0093,0.1464,1.977,1.0166,3.5308,1.992,-5.1556,-10.8021,95.061,4.536,-1.2310,128.333,0.6010,0.0059,0.0491,8.2974,4.6133,4.6690,nan,5.1403,5.2461,0.2078,-0.1337,1.8498,0.0378,0.0099,-0.2389,26.7862,0.0800,-0.3325,0.1707
32.050,126.339,-3.7719,-7.3374,91.386,-3.7621,-7.2041,92.564,0.1331,-0.0130,0.1337,1.178,1.1497,3.4634,1.354,-5.1626,-10.5485,91.210,4.677,-1.1349,128.600,0.5927,0.0059,0.0382,6.5046,4.7668,4.8817,nan,5.3198,5.4595,0.2162,-0.1107,1.8719,0.0199,0.0174,-0.2185,27.0860,0.0800,3.7615,0.1707
32.100,126.596,-3.7712,-7.0802,87.911,-3.7579,-6.9434,89.343,0.1372,-0.0083,0.1374,1.432,1.1481,3.4576,1.372,-5.1535,-10.2806,87.972,4.839,-1.0260,128.872,0.5835,0.0056,0.0468,8.3435,4.9936,5.2044,nan,5.4699,5.5341,0.2192,-0.1027,1.9138,0.0179,0.0292,-0.1810,27.3859,0.0276,2.8512,0.1707
32.150,126.856,-3.7557,-6.8208,84.875,-3.7326,-6.6462,85.650,0.1760,-0.0075,0.1761,0.776,1.2023,3.4179,1.091,-5.1255,-9.9683,84.560,4.970,-0.8844,129.145,0.5696,0.0068,0.0497,7.3337,4.8147,4.8121,nan,5.5577,5.7132,0.2263,-0.0900,1.9613,0.0084,0.0220,-0.1405,27.5858,0.0800,3.6092,0.1707
32.200,127.124,-3.7264,-6.5547,82.229,-3.6954,-6.4355,83.056,0.1223,-0.0146,0.1232,0.826,1.2635,3.3799,0.785,-5.0929,-9.7466,82.271,5.114,-0.8770,129.427,0.5672,0.0090,0.0369,4.1094,5.0912,5.4851,nan,5.6819,5.7132,0.2263,-0.0785,1.9694,-0.0041,0.0070,-0.1162,27.8856,0.0129,1.8764,0.1707
32.250,127.414,-3.6813,-6.2683,79.592,-3.6400,-6.1244,79.687,0.1490,-0.0146,0.1497,0.096,1.3420,3.3089,0.308,-5.0328,-9.4063,79.379,5.238,-0.7556,129.730,0.5515,0.0144,0.0406,2.8238,5.2232,5.3468,nan,5.8423,5.9351,0.2351,-0.0778,1.9694,-0.0080,-0.0005,-0.1234,28.0855,0.0376,3.2857,0.1707
32.300,127.706,-3.6234,-5.9818,77.267,-3.5795,-5.8470,77.815,0.1412,-0.0131,0.1418,0.548,1.2853,3.3311,0.643,-4.9676,-9.1228,77.171,5.373,-0.6781,130.036,0.5441,0.0033,0.0228,6.9713,5.2701,5.3468,nan,5.9197,6.0892,0.2412,-0.0625,1.9694,-0.0199,-0.0077,-0.1338,28.3854,0.0689,3.2857,0.1707
32.350,128.015,-3.5504,-5.6818,75.152,-3.5103,-5.5549,76.074,0.1329,-0.0062,0.1331,0.922,1.2286,3.3469,0.960,-4.8875,-8.8211,75.114,5.471,-0.5558,130.356,0.5372,0.0050,0.0305,6.0689,5.3803,5.4963,nan,6.0188,6.2011,0.2456,-0.0659,1.9735,-0.0188,0.0107,-0.1304,28.6852,0.0731,1.8352,0.1707
32.400,128.316,-3.4696,-5.3918,73.499,-3.4190,-5.2285,73.854,0.1709,-0.0021,0.1709,0.356,1.3143,3.3107,0.439,-4.7986,-8.5027,73.416,5.662,-0.5699,130.676,0.5308,0.0072,0.0370,5.1449,5.5735,5.7819,nan,6.1400,6.2711,0.2484,-0.0764,1.9788,-0.0019,0.0345,-0.1231,28.9851,0.0509,4.4974,0.1707
32.450,128.316,-3.4696,-5.3918,73.499,-3.4190,-5.2285,73.854,0.1709,-0.0021,0.1709,0.356,1.3143,3.3107,0.439,-4.7986,-8.5027,73.416,5.662,-0.5699,130.676,0.5308,0.0072,0.0370,5.1449,5.7197,5.8834,nan,6.3504,6.5307,0.2586,-0.0653,1.9788,-0.0045,0.0334,-0.1163,29.2849,0.0683,3.6375,0.1707
32.500,128.632,-3.3757,-5.0899,71.635,-3.3132,-4.9056,72.308,0.1946,-0.0013,0.1946,0.672,1.2797,3.3262,0.688,-4.6915,-8.1761,71.619,5.817,-0.6406,131.010,0.5205,0.0104,0.0414,3.9857,5.7275,5.7997,nan,6.5015,6.5688,0.2602,-0.0547,1.9788,-0.0026,0.0376,-0.1209,29.5847,0.0800,2.4008,0.1720
32.550,128.967,-3.2649,-4.7737,69.418,-3.2045,-4.5855,70.673,0.1974,0.0096,0.1977,1.256,1.2089,3.3711,1.175,-4.5756,-7.8644,69.498,5.939,-0.6235,131.360,0.5149,0.0027,0.0335,12.4755,5.8694,6.0378,nan,6.6445,6.7502,0.2673,-0.0510,2.0317,0.0207,0.0491,-0.0958,29.8846,0.0800,3.8376,0.1720
32.600,129.311,-3.1393,-4.4536,67.450,-3.0717,-4.2556,68.441,0.2088,0.0135,0.2092,0.991,1.2452,3.3629,0.995,-4.4486,-7.5424,67.446,6.109,-0.5413,131.723,0.5137,0.0025,0.0245,10.0080,6.1298,6.6118,nan,6.8674,6.9933,0.2770,-0.0389,2.0947,0.0313,0.0411,-0.0111,30.2844,0.0435,2.4536,0.1720
32.650,129.681,-2.9927,-4.1137,65.638,-2.9010,-3.8610,67.148,0.2680,0.0207,0.2688,1.511,1.1901,3.4078,1.521,-4.2826,-7.1576,65.627,6.225,-0.5053,132.109,0.5028,0.0059,0.0295,5.0056,6.3151,6.5736,nan,6.9942,7.0850,0.2806,-0.0309,2.0773,0.0337,0.0299,-0.0139,30.5842,0.0306,2.8769,0.1720
32.700,130.027,-2.8464,-3.8000,64.090,-2.7553,-3.5386,65.125,0.2750,0.0323,0.2769,1.035,1.2299,3.3674,1.125,-4.1200,-6.8264,63.999,6.356,-0.4313,132.472,0.4914,0.0074,0.0256,3.4671,6.3227,6.4116,nan,7.0000,7.0984,0.2811,-0.0154,2.0759,0.0326,0.0113,-0.0176,30.7841,0.0332,3.8188,0.1720
32.750,130.401,-2.6796,-3.4650,62.798,-2.6130,-3.2252,64.292,0.2437,0.0504,0.2489,1.494,1.1541,3.3850,1.650,-3.9559,-6.4990,62.642,6.531,-0.3460,132.868,0.4920,0.0017,0.0291,17.0035,6.3254,6.4116,nan,7.0000,7.1139,0.2817,0.0045,2.0742,0.0410,-0.0063,-0.0218,31.1839,0.0385,3.8188,0.1720
32.800,130.758,-2.5144,-3.1490,61.819,-2.4389,-2.8730,63.276,0.2789,0.0638,0.2861,1.457,1.1775,3.3956,1.505,-3.7798,-6.1715,61.771,6.662,-0.2849,133.242,0.4845,0.0014,0.0209,14.5988,6.5091,6.7811,nan,7.0000,6.9817,0.2765,0.0088,2.0742,0.0523,0.0003,0.0006,31.5837,-0.0060,3.0874,0.1720
32.850,131.127,-2.3397,-2.8238,61.886,-2.2352,-2.4817,62.379,0.3509,0.0691,0.3577,0.493,1.1775,3.3956,1.505,-3.5659,-5.7856,60.874,6.749,0.0780,133.625,0.4690,0.0016,0.0179,11.3682,6.7510,7.2293,nan,6.7554,6.6530,0.2635,0.0294,2.0128,0.0500,-0.0195,0.0277,31.9835,-0.0800,1.7339,0.1720
32.900,131.127,-2.3397,-2.8238,61.886,-2.2647,-2.5127,63.328,0.3097,0.0804,0.3200,1.442,1.0503,3.4203,2.454,-3.5659,-5.7856,60.874,6.749,0.0780,133.625,0.4690,0.0016,0.0202,12.8263,6.6043,6.6223,nan,6.6572,6.4781,0.2566,-0.0087,1.9856,0.0907,0.0270,0.0426,32.2834,-0.0800,0.2123,0.1720
32.950,131.505,-2.1619,-2.4900,62.192,-2.1281,-2.2120,64.570,0.2616,0.0998,0.2800,2.378,1.0535,3.4299,2.444,-3.4193,-5.5012,62.126,6.750,0.1784,134.008,0.4802,0.0020,0.0332,16.6796,6.8056,7.1436,nan,6.2158,6.2612,0.2480,-0.0039,1.9574,0.1064,0.0208,0.0610,32.6832,-0.0800,-2.6438,0.1720
33.000,131.873,-1.9922,-2.1639,63.080,-1.9211,-1.8019,64.419,0.3550,0.1005,0.3689,1.339,1.1466,3.3923,1.628,-3.2141,-5.1050,62.792,6.625,0.0951,134.367,0.4743,0.0072,0.0209,2.9215,6.4186,6.1654,nan,6.0588,6.1869,0.2450,0.0172,1.9462,0.0918,0.0007,0.0618,32.8830,0.0504,-2.9071,0.1720
33.050,132.240,-1.8255,-1.8368,62.840,-1.7893,-1.5511,64.104,0.2707,0.0982,0.2880,1.264,1.2447,3.3579,0.739,-3.0971,-4.8695,63.365,6.495,-0.0747,134.725,0.4878,0.0012,0.0166,13.3133,6.5898,6.8473,nan,5.7643,5.9212,0.2345,0.0788,1.9293,0.0507,-0.0587,0.0568,33.2828,0.0654,-3.0437,0.1720
33.100,132.592,-1.6644,-1.5235,62.720,-1.5892,-1.1433,63.793,0.3724,0.1074,0.3876,1.073,1.2234,3.4207,1.188,-2.9066,-4.5046,62.605,6.329,0.0725,135.065,0.4761,0.0006,0.0077,11.8377,6.2937,6.1979,nan,5.6229,5.6827,0.2251,0.0949,1.9278,0.0424,-0.0539,0.0454,33.5827,0.0800,-2.9897,0.1720
33.150,132.906,-1.5215,-1.2447,63.182,-1.4685,-0.8687,65.033,0.3595,0.1223,0.3797,1.851,1.1549,3.4921,2.106,-2.7819,-4.2615,62.927,6.209,0.1657,135.370,0.4813,0.0003,0.0071,21.8918,6.1182,6.1180,nan,5.3449,5.4462,0.2157,0.1041,1.9251,0.0475,-0.0527,0.1012,33.9825,0.0450,-1.9107,0.1720
33.200,133.236,-1.3757,-0.9487,65.112,-1.3203,-0.5461,66.705,0.3886,0.1191,0.4064,1.593,1.1020,3.5438,2.991,-2.6324,-3.9579,63.715,6.015,0.8210,135.686,0.4801,0.0012,0.0088,7.0727,5.7858,5.6503,nan,5.2738,5.3533,0.2120,0.0628,1.8569,0.0664,0.0242,0.1195,34.1824,0.0800,-5.3819,0.1720
33.250,133.566,-1.2425,-0.6468,67.924,-1.2148,-0.2191,71.519,0.4068,0.1351,0.4286,3.595,1.0666,3.6091,3.655,-2.5208,-3.6749,67.863,5.784,0.9086,136.000,0.4954,0.0024,0.0242,9.9657,5.4784,5.3826,nan,5.1189,5.1111,0.2024,0.0583,1.8472,0.0736,0.0308,0.1395,34.4822,0.0800,-5.4011,0.1720
33.300,133.877,-1.1312,-0.3558,70.806,-1.1221,0.0432,73.049,0.3798,0.1226,0.3991,2.242,1.1704,3.5524,2.305,-2.4317,-3.4141,70.744,5.565,0.7981,136.297,0.5101,0.0124,0.0368,2.9609,5.3612,5.3826,nan,4.8607,5.0068,0.1983,0.0380,1.7659,0.1031,0.0464,0.1561,34.7821,0.0725,-5.4011,0.1720
33.350,134.184,-1.0340,-0.0647,72.560,-1.0338,0.3243,75.004,0.3712,0.1164,0.3890,2.444,1.2157,3.5250,1.770,-2.3473,-3.1297,73.234,5.393,0.3796,136.591,0.5214,0.0061,0.0211,3.4580,5.4062,5.4864,nan,4.5750,4.4387,0.1758,0.0782,1.7143,0.0845,0.0076,0.1714,35.0819,-0.0664,-3.2547,0.1720
33.400,134.458,-0.9537,0.1971,73.529,-0.9634,0.6262,75.533,0.4088,0.1309,0.4292,2.003,1.2084,3.5358,1.804,-2.2622,-2.8397,73.729,5.131,0.4588,136.846,0.5226,0.0044,0.0187,4.2121,5.4679,5.5585,nan,4.3292,4.4189,0.1750,0.1446,1.6976,0.0449,-0.0735,0.1794,35.3818,-0.0800,-5.7787,0.1720
33.450,134.747,-0.8755,0.4760,75.529,-0.9113,0.8474,76.835,0.3507,0.1274,0.3731,1.306,1.2084,3.5358,1.804,-2.2032,-2.6203,75.031,4.726,0.6774,137.107,0.5310,0.0027,0.0276,10.1087,5.0589,4.7510,nan,4.2345,4.1346,0.1637,0.1668,1.6844,0.0449,-0.0667,0.1790,35.4817,-0.0530,-8.1298,0.1720
33.500,134.747,-0.8755,0.4760,75.529,-0.8988,0.8582,76.016,0.3642,0.1181,0.3829,0.488,1.2590,3.5160,0.985,-2.2032,-2.6203,75.031,4.726,0.6774,137.107,0.5310,0.0027,0.0122,4.4577,4.7105,4.5795,nan,4.1353,4.2671,0.1690,0.1862,1.6288,0.0269,-0.0812,0.1802,35.7816,0.0763,-5.3503,0.1720
33.550,135.005,-0.8165,0.7270,78.707,-0.8332,1.1100,77.444,0.3723,0.0914,0.3833,-1.263,1.3299,3.4759,-0.281,-2.1515,-2.3765,77.726,4.487,1.0935,137.351,0.5375,0.0166,0.0159,0.9564,4.4006,4.3238,nan,3.9694,3.9253,0.1555,0.1827,1.5700,0.0124,-0.0481,0.1733,35.9814,0.0800,-6.2059,0.1720
33.600,135.249,-0.7751,0.9671,82.353,-0.8005,1.3698,81.573,0.3958,0.0787,0.4035,-0.781,1.3487,3.4904,-0.701,-2.1231,-2.1467,82.273,4.248,1.2017,137.582,0.5495,0.0183,0.0275,1.5040,4.1092,4.0545,nan,3.8680,3.7489,0.1485,0.1876,1.5254,0.0145,-0.0279,0.2126,36.1814,0.0800,-1.9372,0.1720
33.650,135.481,-0.7508,1.1977,86.203,-0.7734,1.5729,84.525,0.3729,0.0474,0.3759,-1.678,1.3949,3.4383,-1.755,-2.1102,-1.9309,86.280,4.166,1.1856,137.811,0.5599,0.0200,0.0261,1.3032,4.0149,4.0329,nan,3.8289,3.7049,0.1467,0.2092,1.5018,0.0024,-0.0114,0.2453,36.2813,0.0800,-5.2620,0.1720
33.700,135.704,-0.7422,1.4206,89.856,-0.7597,1.8010,87.725,0.3804,0.0185,0.3808,-2.131,1.4150,3.4295,-2.204,-2.1105,-1.7109,89.930,3.965,1.1471,138.024,0.5686,0.0251,0.0294,1.1721,3.8795,3.8890,nan,3.7648,3.5380,0.1401,0.2309,1.4566,-0.0038,-0.0133,0.2421,36.4812,0.0800,-4.9665,0.1720
33.750,135.920,-0.7477,1.6367,93.494,-0.7555,1.9627,90.440,0.3258,-0.0121,0.3261,-3.053,1.4440,3.3567,-2.999,-2.1235,-1.5072,93.440,3.777,1.1847,138.231,0.5757,0.0348,0.0243,0.7001,3.7931,3.8108,nan,3.6125,3.4402,0.1362,0.2375,1.4241,0.0010,-0.0013,0.2553,36.6811,0.0800,-3.0872,0.1720
33.800,136.136,-0.7676,1.8515,97.550,-0.7773,2.1848,94.476,0.3317,-0.0342,0.3334,-3.075,1.4394,3.3574,-3.028,-2.1516,-1.2881,97.504,3.656,1.2916,138.443,0.5840,0.0199,0.0292,1.4667,3.7819,3.8108,nan,3.4501,3.5383,0.1401,0.2533,1.2538,-0.0084,-0.0150,0.3349,36.8810,0.0510,-3.0872,0.1720
33.850,136.350,-0.8032,2.0631,101.998,-0.8094,2.3838,98.948,0.3150,-0.0606,0.3207,-3.050,1.4394,3.3574,-3.028,-2.1943,-1.0910,101.976,3.516,1.3530,138.652,0.5908,0.0387,0.0335,0.8661,3.5947,3.5887,nan,3.3640,3.4484,0.1366,0.2390,1.1917,0.0090,0.0216,0.3731,36.9809,0.0488,-3.9542,0.1720
33.900,136.350,-0.8032,2.0631,101.998,-0.8026,2.3718,98.600,0.3019,-0.0648,0.3087,-3.398,1.4521,3.3318,-3.376,-2.1943,-1.0910,101.976,3.516,1.3530,138.652,0.5908,0.0387,0.0281,0.7262,3.5017,3.5160,nan,3.2775,3.3654,0.1333,0.2376,1.1609,0.0159,0.0111,0.3794,37.1808,0.0509,-2.0252,0.1720
33.950,136.542,-0.8494,2.2492,106.321,-0.8451,2.5276,102.671,0.2660,-0.0824,0.2785,-3.650,1.4588,3.2855,-3.702,-2.2501,-0.9051,106.373,3.459,1.3028,138.843,0.6004,0.0456,0.0308,0.6754,3.3838,3.3927,nan,3.1940,3.2517,0.1288,0.2280,1.1218,0.0333,0.0293,0.3785,37.2808,0.0800,-1.7421,0.1720
34.000,136.734,-0.9094,2.4314,110.425,-0.8957,2.6545,106.918,0.2043,-0.0907,0.2235,-3.507,1.4573,3.2551,-3.433,-2.3128,-0.7404,110.351,3.396,1.2599,139.034,0.6033,0.0172,0.0268,1.5613,3.4764,3.5255,nan,3.0405,3.0787,0.1219,0.2249,1.1209,0.0593,0.0178,0.4084,37.4807,0.0221,-2.3902,0.1720
34.051,136.921,-0.9804,2.6050,114.401,-0.9717,2.8241,111.677,0.1959,-0.0985,0.2193,-2.724,1.4483,3.2643,-2.747,-2.3961,-0.5557,114.423,3.310,1.1801,139.218,0.6154,0.0275,0.0184,0.6704,3.3476,3.3540,nan,2.9646,3.0487,0.1207,0.1823,1.0080,0.0863,0.0439,0.4233,37.5806,0.0487,-2.4678,0.1720
34.100,137.078,-1.0489,2.7461,117.594,-1.0449,2.9634,115.397,0.1907,-0.1042,0.2173,-2.197,1.4431,3.2740,-2.420,-2.4727,-0.4154,117.817,3.225,1.1302,139.372,0.6235,0.0240,0.0179,0.7452,3.0862,3.0439,nan,2.8822,2.9046,0.1150,0.1735,0.9950,0.1035,0.0573,0.4405,37.6806,0.0800,-3.9165,0.1720
34.150,137.255,-1.1350,2.8998,121.104,-1.1235,3.1008,119.258,0.1662,-0.1137,0.2014,-1.846,1.4382,3.2943,-1.985,-2.5535,-0.2821,121.243,3.090,0.9109,139.543,0.6186,0.0299,0.0202,0.6782,3.0212,3.0361,nan,2.8113,2.8616,0.1133,0.2007,0.9095,0.1155,0.0085,0.4888,37.8805,0.0800,-1.5901,0.1720
34.200,137.423,-1.2251,3.0417,123.811,-1.2083,3.2059,122.277,0.1271,-0.1053,0.1651,-1.534,1.4378,3.2843,-1.569,-2.6430,-0.1508,123.846,3.018,0.8150,139.708,0.6186,0.0353,0.0191,0.5427,3.1132,3.1585,nan,2.5358,2.4353,0.0964,0.2615,0.9149,0.1363,0.0025,0.5241,37.9804,-0.0582,-3.1230,0.1720
34.250,137.585,-1.3184,3.1748,126.327,-1.3140,3.3615,124.673,0.1478,-0.1142,0.1868,-1.654,1.4387,3.2733,-1.825,-2.7540,0.0006,126.498,2.905,0.8627,139.866,0.6355,0.0420,0.0254,0.6042,2.8143,2.7419,nan,2.5251,2.6057,0.1032,0.2630,0.8270,0.1375,-0.0685,0.5993,38.1803,0.0467,-2.5497,0.1720
34.300,137.745,-1.4164,3.3016,129.212,-1.3984,3.4531,127.873,0.1061,-0.1097,0.1526,-1.339,1.4358,3.2911,-1.235,-2.8371,0.1009,129.108,2.802,0.9440,140.022,0.6218,0.0157,0.0183,1.1618,2.7321,2.7419,nan,2.5144,2.6481,0.1049,0.3482,0.8029,0.1253,-0.0908,0.6231,38.2803,0.0800,-2.5497,0.1720
34.350,137.893,-1.5128,3.4133,132.623,-1.5033,3.5684,131.116,0.1077,-0.1120,0.1554,-1.507,1.4353,3.2913,-1.143,-2.9436,0.2184,132.259,2.534,1.1373,140.159,0.6315,0.0221,0.0180,0.8139,2.7546,2.7805,nan,2.5470,2.5956,0.1028,0.4302,0.8095,0.1291,-0.1483,0.5707,38.4802,0.0800,-7.4737,0.1720
34.400,138.033,-1.6110,3.5128,136.917,-1.5852,3.6470,135.010,0.0729,-0.1157,0.1367,-1.908,1.4353,3.2913,-1.143,-3.0270,0.2954,136.153,2.546,1.4366,140.301,0.6185,0.0323,0.0181,0.5625,2.4953,2.4464,nan,2.4911,2.1784,0.0863,0.4312,0.8000,0.1345,-0.1213,0.3563,38.5801,0.0800,0.0664,0.1720
34.450,138.174,-1.7180,3.6045,142.244,-1.7007,3.7505,140.323,0.0757,-0.1260,0.1470,-1.921,1.4353,3.2913,-1.143,-3.1445,0.3965,141.467,2.470,1.6773,140.442,0.6282,0.1025,0.0562,0.5480,2.5900,2.6307,nan,2.2762,2.3018,0.0912,0.4818,0.8000,0.1258,-0.0738,0.6469,38.6800,0.0148,-1.5067,0.1720
34.500,138.174,-1.7180,3.6045,142.244,-1.6997,3.7473,140.456,0.0730,-0.1241,0.1440,-1.788,1.4373,3.2954,-1.010,-3.1445,0.3965,141.467,2.470,1.6773,140.442,0.6282,0.0465,0.0197,0.4237,2.5370,2.5497,nan,2.2077,2.1704,0.0860,0.5432,0.8000,0.1268,-0.0382,0.9410,38.7800,-0.0800,-7.2791,0.1720
34.550,138.301,-1.8221,3.6782,147.222,-1.8181,3.8417,146.665,0.0852,-0.1396,0.1635,-0.556,1.4311,3.3170,-0.899,-3.2570,0.4737,147.564,2.221,1.5734,140.562,0.6363,0.0100,0.0193,1.9351,2.2511,2.1798,nan,2.2077,2.1746,0.0861,0.6023,0.8000,0.1122,-0.0568,0.8944,38.8800,-0.0191,-1.4284,0.1729
34.600,138.425,-1.9289,3.7403,152.600,-1.9103,3.8953,151.605,0.0549,-0.1461,0.1561,-0.996,1.4311,3.3170,-0.899,-3.3501,0.5258,152.503,2.189,1.7173,140.687,0.6234,0.0150,0.0173,1.1525,2.1489,2.1504,nan,2.1977,2.2348,0.0885,0.6370,0.8000,0.1100,-0.1383,0.8518,39.0799,0.0215,-3.3705,0.1729
34.650,138.546,-2.0394,3.7906,158.560,-2.0212,3.9553,156.171,0.0432,-0.1600,0.1657,-2.389,1.4153,3.2920,-1.603,-3.4537,0.5669,157.774,2.092,1.8724,140.809,0.6175,0.0295,0.0291,0.9871,2.2653,2.3091,nan,2.1792,2.1403,0.0848,0.7304,0.8000,0.0850,-0.1248,0.8622,39.1798,0.0800,-1.9348,0.1729
34.700,138.658,-2.1451,3.8259,164.658,-2.1569,4.0121,162.244,0.0606,-0.1764,0.1866,-2.414,1.4016,3.2697,-2.219,-3.5846,0.6041,164.463,2.053,2.0157,140.924,0.6423,0.0365,0.0416,1.1397,2.1037,2.0904,nan,2.2133,2.2966,0.0910,0.7659,0.8000,0.0661,-0.1219,1.0097,39.2798,0.0482,-0.4783,0.1729
34.750,138.771,-2.2558,3.8496,171.266,-2.2631,4.0369,168.436,0.0357,-0.1840,0.1874,-2.830,1.3932,3.2433,-2.726,-3.6899,0.6188,171.162,2.063,2.1149,141.044,0.6379,0.0431,0.0438,1.0176,2.1149,2.1334,nan,2.3107,2.4349,0.0964,0.7871,0.8000,0.0583,-0.1203,1.1867,39.3797,0.0800,-2.1437,0.1729
34.800,138.882,-2.3666,3.8600,178.281,-2.4011,4.0601,175.575,0.0405,-0.1990,0.2031,-2.706,1.3818,3.2523,-2.777,-3.8176,0.6236,178.352,1.994,2.3464,141.160,0.6554,0.0059,0.0674,11.3699,2.1164,2.1334,nan,2.3828,2.4364,0.0965,0.8207,0.8000,0.0326,-0.1411,1.1875,39.4797,0.0800,-2.1437,0.1729
34.850,138.996,-2.4803,3.8557,-173.586,-2.5101,4.0541,-176.261,0.0075,-0.2005,0.2006,-2.675,1.3853,3.3278,-1.672,-3.9150,0.6124,-174.589,2.009,2.5573,141.288,0.6401,0.0180,0.0627,3.4863,1.9970,1.9935,nan,2.4284,2.3170,0.0918,0.7867,0.8000,0.0136,-0.1320,1.2528,39.5796,0.0800,-0.7135,0.1729
34.900,139.107,-2.5900,3.8354,-165.018,-2.6663,4.0228,-166.989,0.0252,-0.2007,0.2023,-1.971,1.3853,3.3278,-1.672,-4.0702,0.5765,-165.317,2.052,2.6651,141.416,0.6873,0.0246,0.0753,3.0573,2.2658,2.4112,nan,2.6323,2.7190,0.1077,0.7593,0.8000,-0.0147,-0.1919,1.0729,39.7795,0.0502,-0.0540,0.1729
34.950,139.107,-2.5900,3.8354,-165.018,-2.6654,4.0131,-166.982,0.0269,-0.1912,0.1930,-1.964,1.3863,3.3185,-1.665,-4.0702,0.5765,-165.317,2.052,2.6651,141.416,0.6873,0.0246,0.0745,3.0277,2.2682,2.2867,nan,2.7397,2.8402,0.1125,0.7055,0.8000,-0.0218,-0.1535,1.0377,39.8794,0.0582,-0.8369,0.1729
35.000,139.222,-2.6982,3.7979,-156.552,-2.7756,3.9694,-158.157,0.0027,-0.1882,0.1882,-1.606,1.3908,3.2949,-1.930,-4.1868,0.5338,-156.227,2.067,2.6221,141.545,0.6964,0.0336,0.0610,1.8138,2.2344,2.2475,nan,2.8429,2.7975,0.1108,0.6613,0.8000,-0.0236,-0.1358,1.0181,39.9794,0.0800,3.7926,0.1729
35.050,139.343,-2.8058,3.7418,-147.841,-2.8785,3.9068,-150.073,-0.0263,-0.1784,0.1803,-2.231,1.3947,3.3146,-1.633,-4.2884,0.4702,-148.440,2.254,2.6525,141.692,0.6916,0.0062,0.0976,15.6446,2.5262,2.7252,nan,2.9308,2.8994,0.1148,0.5877,0.9126,-0.0444,-0.1601,0.7526,40.1793,-0.0182,3.2041,0.1729
35.100,139.471,-2.9092,3.6663,-139.394,-3.0031,3.8083,-140.882,-0.0211,-0.1689,0.1702,-1.489,1.4119,3.3505,-1.258,-4.4241,0.3607,-139.624,2.394,2.5903,141.843,0.7296,0.0099,0.1000,10.1051,2.7076,2.7838,nan,3.0263,2.8996,0.1148,0.5074,0.9906,-0.0567,-0.0937,0.6680,40.2792,-0.0733,1.2705,0.1729
35.150,139.605,-3.0046,3.5726,-131.255,-3.1068,3.6932,-132.299,-0.0232,-0.1563,0.1580,-1.044,1.4231,3.3513,-1.161,-4.5359,0.2500,-131.138,2.478,2.4060,141.993,0.7493,0.0170,0.0898,5.2930,2.6877,2.7063,nan,3.1274,3.2024,0.1268,0.4551,0.9833,-0.0457,-0.1100,0.6710,40.4791,0.0434,2.9661,0.1729
35.200,139.734,-3.0840,3.4709,-124.271,-3.1733,3.5716,-124.430,-0.0330,-0.1305,0.1346,-0.159,1.4378,3.4006,-0.479,-4.6124,0.1325,-123.951,2.575,2.3574,142.136,0.7500,0.0184,0.0687,3.7275,2.7026,2.7267,nan,3.3363,3.0802,0.1220,0.3804,0.9887,-0.0327,-0.0557,0.7243,40.5791,0.0800,2.8840,0.1729
35.250,139.876,-3.1574,3.3492,-117.699,-3.2280,3.4457,-117.429,-0.0526,-0.1074,0.1196,0.270,1.4506,3.4242,-0.203,-4.6786,0.0049,-117.227,2.670,2.0841,142.289,0.7445,0.0209,0.0541,2.5887,2.8575,2.9225,nan,3.5572,3.3078,0.1310,0.2980,1.0797,-0.0249,-0.0302,0.6539,40.6790,0.0800,3.5703,0.1729
35.301,140.029,-3.2212,3.2106,-111.411,-3.2789,3.3037,-110.996,-0.0656,-0.0877,0.1095,0.416,1.4648,3.4634,0.043,-4.7438,-0.1561,-111.039,2.858,1.7942,142.458,0.7518,0.0235,0.0476,2.0256,2.9907,3.0482,nan,3.6696,3.7945,0.1503,0.2247,1.2373,-0.0183,-0.0596,0.4677,40.8789,0.0723,2.5566,0.1729
35.350,140.188,-3.2725,3.0598,-106.015,-3.3108,3.1323,-104.552,-0.0592,-0.0568,0.0820,1.464,1.4766,3.5450,0.975,-4.7937,-0.3311,-105.527,2.940,1.5014,142.624,0.7575,0.0095,0.0244,2.5701,3.0190,3.0482,nan,3.8856,3.8907,0.1541,0.1656,1.2838,-0.0248,-0.0140,0.4146,40.9789,0.0800,2.5566,0.1729
35.400,140.358,-3.3131,2.8948,-101.518,-3.3322,2.9896,-100.408,-0.0890,-0.0377,0.0967,1.110,1.4825,3.5417,0.834,-4.8223,-0.4819,-101.242,3.121,1.2263,142.806,0.7417,0.0122,0.0152,1.2448,2.9016,2.9064,nan,3.9886,3.8424,0.1522,0.1081,1.3147,-0.0020,-0.0218,0.2973,41.1788,0.0800,4.4248,0.1729
35.450,140.545,-3.3447,2.7101,-97.784,-3.3538,2.7847,-96.812,-0.0726,-0.0191,0.0751,0.972,1.4876,3.5346,0.771,-4.8511,-0.6848,-97.584,3.426,0.9197,143.014,0.7446,0.0170,0.0173,1.0144,3.1482,3.2844,nan,4.1858,4.1585,0.1647,0.0843,1.3275,-0.0049,-0.0325,0.1851,41.3787,0.0800,6.3247,0.1729
35.501,140.736,-3.3671,2.5206,-95.880,-3.3538,2.7847,-96.812,-0.2640,-0.0138,0.2644,-0.932,1.4876,3.5346,0.771,-4.8511,-0.6848,-97.584,3.426,0.9197,143.216,0.6853,0.0459,0.0173,0.3765,3.4443,3.7149,nan,4.2444,4.3160,0.1709,0.0512,1.3908,-0.0105,-0.0413,0.1487,41.5785,0.0399,4.6641,0.1729
35.550,140.736,-3.3671,2.5206,-95.880,-3.3681,2.5542,-94.043,-0.0334,-0.0044,0.0336,1.837,1.4911,3.5368,0.757,-4.8717,-0.9183,-94.800,3.622,0.5178,143.216,0.7581,0.0196,0.0165,0.8410,3.5275,3.5743,nan,3.9917,3.8893,0.1540,0.0649,1.2739,-0.0238,-0.0816,0.1262,41.7785,-0.0800,6.1719,0.1729
35.600,140.943,-3.3855,2.3146,-94.333,-3.3771,2.3924,-93.210,-0.0782,0.0025,0.0782,1.123,1.4871,3.5844,1.099,-4.8861,-1.0986,-94.309,3.864,0.4683,143.437,0.7453,0.0227,0.0137,0.6045,3.8267,4.1909,nan,3.6455,3.5077,0.1389,-0.0022,1.3292,-0.0376,-0.0763,0.0836,41.9784,-0.0798,3.5507,0.1729
35.650,141.170,-3.4005,2.0886,-93.274,-3.3881,2.1446,-92.314,-0.0566,0.0092,0.0574,0.960,1.4994,3.5523,0.538,-4.9005,-1.3618,-92.852,4.030,0.3786,143.674,0.7583,0.0132,0.0057,0.4347,4.0937,4.2940,nan,3.3351,3.6290,0.1437,-0.0182,1.2542,-0.0619,-0.0839,-0.0267,42.1782,-0.0800,-3.0520,0.1729
35.700,141.384,-3.4106,1.8748,-92.077,-3.3918,1.9160,-91.258,-0.0418,0.0173,0.0453,0.819,1.4967,3.5943,0.781,-4.9109,-1.6116,-92.038,3.897,0.2056,143.880,0.7731,0.0147,0.0064,0.4392,3.7415,3.6286,nan,3.3351,3.1133,0.1233,-0.0600,1.1732,-0.0638,-0.0707,-0.0809,42.2782,0.0800,-6.1454,0.1729
35.750,141.605,-3.4182,1.6538,-92.094,-3.3931,1.7634,-90.671,-0.1104,0.0211,0.1124,1.423,1.4967,3.6042,0.744,-4.9132,-1.7772,-91.414,3.646,-0.0799,144.087,0.7463,0.0188,0.0110,0.5855,3.6738,3.6934,nan,3.1142,3.1487,0.1247,-0.0722,1.1107,-0.0824,-0.0690,-0.1819,42.4781,0.0800,-1.1071,0.1729
35.800,141.797,-3.4255,1.4620,-92.410,-3.3966,1.5479,-91.442,-0.0870,0.0253,0.0906,0.969,1.4938,3.6170,0.914,-4.9228,-1.9909,-92.356,3.579,-0.1677,144.275,0.7567,0.0191,0.0068,0.3536,3.3608,3.2873,nan,2.9980,2.8925,0.1146,-0.0767,1.0161,-0.0924,-0.0597,-0.2304,42.5780,0.0800,-7.7515,0.1729
35.850,141.987,-3.4347,1.2718,-93.400,-3.4084,1.3924,-92.827,-0.1220,0.0191,0.1235,0.573,1.5179,3.5587,0.132,-4.9313,-2.1549,-92.959,3.271,-0.3507,144.449,0.7462,0.0118,0.0091,0.7685,3.2740,3.2873,nan,2.8851,2.9099,0.1152,-0.1444,0.9540,-0.0936,-0.0101,-0.3189,42.7779,0.0800,-7.7515,0.1729
35.900,142.183,-3.4482,1.0765,-94.666,-3.4206,1.2068,-94.298,-0.1321,0.0169,0.1332,0.368,1.5132,3.5533,0.287,-4.9454,-2.3218,-94.585,3.146,-0.4423,144.638,0.7371,0.0151,0.0065,0.4294,3.0775,3.0636,nan,2.7936,2.7618,0.1094,-0.1288,0.8967,-0.1131,-0.0268,-0.3614,42.8779,0.0800,-2.7792,0.1729
35.951,142.353,-3.4646,0.9073,-96.775,-3.4206,1.2068,-94.298,-0.3026,0.0084,0.3027,2.477,1.5132,3.5533,0.287,-4.9454,-2.3218,-94.585,3.146,-0.4423,144.799,0.6842,0.0604,0.0065,0.1073,3.1675,3.2125,nan,2.5462,2.5307,0.1002,-0.2488,0.9185,-0.1104,0.0267,-0.4308,43.0778,-0.0090,-5.3097,0.1729
36.001,142.353,-3.4646,0.9073,-96.775,-3.4396,1.0156,-95.974,-0.1105,0.0120,0.1112,0.801,1.5203,3.5365,0.121,-4.9652,-2.5104,-96.096,2.952,-0.6085,144.799,0.7468,0.0194,0.0027,0.1406,2.9079,2.8642,nan,2.5462,2.6109,0.1034,-0.2677,0.8432,-0.1165,0.0165,-0.4397,43.1777,0.0800,-4.4425,0.1729
36.050,142.513,-3.4859,0.7486,-98.643,-3.4650,0.8541,-98.291,-0.1074,0.0048,0.1075,0.353,1.5014,3.5512,0.498,-4.9897,-2.6539,-98.789,2.772,-0.6621,144.951,0.7446,0.0077,0.0093,1.2061,2.6776,2.6459,nan,2.5462,2.4031,0.0952,-0.3591,0.8000,-0.1095,0.0849,-0.5159,43.3777,0.0800,-5.8862,0.1729
36.100,142.659,-3.5110,0.6050,-101.710,-3.4904,0.6929,-100.051,-0.0903,0.0024,0.0903,1.659,1.4918,3.5324,0.656,-5.0143,-2.7824,-100.707,2.571,-1.0559,145.090,0.7394,0.0105,0.0143,1.3577,2.5547,2.5554,nan,2.3469,2.3644,0.0936,-0.4113,0.8000,-0.1021,0.0575,-0.5800,43.4776,0.0800,-1.1975,0.1729
36.150,142.817,-3.5480,0.4509,-105.531,-3.5256,0.5392,-104.282,-0.0910,-0.0020,0.0911,1.249,1.4711,3.5649,1.119,-5.0548,-2.9276,-105.401,2.527,-1.1305,145.248,0.7400,0.0226,0.0044,0.1963,2.5623,2.5840,nan,2.3363,2.3604,0.0935,-0.5592,0.8000,-0.0869,0.1377,-0.7531,43.6775,0.0139,-4.4781,0.1729
36.200,142.954,-3.5890,0.3206,-109.835,-3.5682,0.3812,-108.036,-0.0641,-0.0010,0.0641,1.799,1.4727,3.5512,1.160,-5.1041,-3.0673,-109.196,2.379,-1.4112,145.381,0.7508,0.0361,0.0063,0.1754,2.3758,2.3582,nan,2.2630,2.3730,0.0940,-0.5091,0.8000,-0.0877,0.0671,-0.7531,43.6775,0.0637,-2.7267,0.1729
36.250,143.085,-3.6383,0.1994,-114.676,-3.6186,0.2506,-112.940,-0.0547,-0.0034,0.0548,1.736,1.4399,3.5829,1.671,-5.1535,-3.1834,-114.611,2.307,-1.5696,145.511,0.7493,0.0110,0.0176,1.6055,2.3440,2.3582,nan,2.1771,2.0867,0.0826,-0.7129,0.8000,-0.0517,0.1104,-0.5703,43.8774,0.0800,-2.7267,0.1729
36.300,143.225,-3.7034,0.0753,-121.275,-3.6760,0.1455,-118.200,-0.0743,-0.0130,0.0754,3.075,1.4399,3.5829,1.671,-5.2139,-3.2867,-119.871,2.217,-1.9941,145.653,0.7389,0.0289,0.0196,0.6791,2.2168,2.2135,nan,2.1539,2.1189,0.0839,-0.7781,0.8000,-0.0419,0.1025,-0.8424,43.9773,0.0800,-2.0553,0.1729
36.350,143.225,-3.7034,0.0753,-121.275,-3.6792,0.1471,-118.323,-0.0739,-0.0166,0.0757,2.952,1.4440,3.5734,1.548,-5.2139,-3.2867,-119.871,2.217,-1.9941,145.653,0.7389,0.0289,0.0184,0.6376,2.3972,2.4688,nan,2.2066,2.1908,0.0868,-0.7179,0.8000,-0.0379,0.1470,-1.0395,44.1773,-0.0091,-5.3546,0.1729
36.400,143.343,-3.7702,-0.0221,-127.917,-3.7639,0.0007,-125.233,-0.0219,-0.0091,0.0237,2.684,1.3873,3.6455,2.563,-5.3091,-3.4107,-127.796,2.032,-2.1460,145.770,0.7737,0.0589,0.0197,0.3341,2.1176,2.0493,nan,2.2066,2.2742,0.0901,-0.8067,0.8000,-0.0213,0.1552,-1.0939,44.2772,0.0391,-2.4877,0.1729
36.450,143.456,-3.8452,-0.1072,-135.195,-3.8317,-0.0763,-132.222,-0.0314,-0.0124,0.0337,2.973,1.3836,3.6338,2.571,-5.3764,-3.4724,-134.793,1.963,-2.2997,145.888,0.7596,0.0104,0.0485,4.6476,2.1036,2.1184,nan,2.2945,2.4236,0.0960,-0.8193,0.8000,-0.0067,0.1410,-1.1899,44.3772,0.0800,-0.3879,0.1729
36.500,143.563,-3.9251,-0.1773,-142.314,-3.9234,-0.1870,-139.771,0.0046,0.0087,0.0098,2.543,1.3796,3.6068,2.635,-5.4718,-3.5460,-142.406,1.975,-2.3541,146.004,0.7755,0.0209,0.0349,1.6657,2.0983,2.1142,nan,2.3591,2.4183,0.0958,-0.8448,0.8000,0.0323,0.1466,-1.2908,44.4771,0.0800,-0.7190,0.1729
36.550,143.671,-4.0149,-0.2378,-150.336,-4.0171,-0.2641,-147.082,0.0149,0.0217,0.0264,3.254,1.3850,3.5908,2.609,-5.5720,-3.6049,-149.691,1.972,-2.6551,146.126,0.7850,0.0399,0.0334,0.8378,2.2013,2.2404,nan,2.4090,2.5213,0.0999,-0.8236,0.8000,0.0562,0.1209,-1.3042,44.5770,0.0800,0.3072,0.1729
36.600,143.783,-4.1163,-0.2861,-159.090,-4.1202,-0.3250,-155.724,0.0176,0.0350,0.0391,3.365,1.3632,3.6429,3.207,-5.6968,-3.6550,-158.931,2.037,-2.7850,146.257,0.8081,0.0787,0.0279,0.3549,2.2969,2.3349,nan,2.5128,2.5900,0.1026,-0.7754,0.8000,0.0757,0.1002,-1.2339,44.6769,0.0447,-0.9259,0.1735
36.650,143.898,-4.2260,-0.3187,-168.253,-4.2458,-0.3611,-165.475,0.0280,0.0375,0.0468,2.778,1.4093,3.5906,2.573,-5.8268,-3.6939,-168.048,2.067,-2.8391,146.390,0.8293,0.0063,0.0658,10.4228,2.3399,2.3660,nan,2.6190,2.5996,0.1030,-0.7500,0.8000,0.1005,0.0862,-1.1083,44.7769,-0.0112,0.5888,0.1735
36.700,144.013,-4.3405,-0.3337,-177.263,-4.3677,-0.3680,-174.905,0.0288,0.0330,0.0438,2.358,1.4385,3.5692,2.308,-5.9600,-3.7003,-177.213,2.140,-2.7675,146.525,0.8453,0.0145,0.0502,3.4681,2.3463,2.3660,nan,2.7145,2.7629,0.1094,-0.6821,0.8000,0.0897,0.0375,-1.0694,44.8768,0.0280,0.5888,0.1735
36.750,144.118,-4.4449,-0.3321,175.100,-4.4754,-0.3476,176.629,0.0291,0.0181,0.0342,1.529,1.4973,3.5219,1.728,-6.0866,-3.6877,174.901,2.209,-2.7499,146.646,0.8643,0.0086,0.0421,4.9023,2.4187,2.4520,nan,2.8174,2.8759,0.1139,-0.6257,0.8382,0.0841,0.0956,-0.8563,45.0768,0.0339,1.5340,0.1735
36.800,144.230,-4.5558,-0.3159,167.916,-4.5864,-0.2964,168.291,0.0340,-0.0127,0.0363,0.375,1.5456,3.4933,1.200,-6.2100,-3.6604,167.091,2.342,-2.5414,146.777,0.8739,0.0076,0.0307,4.0356,2.4384,2.4611,nan,2.7936,2.7149,0.1075,-0.4980,0.8802,0.0619,0.0343,-0.7607,45.1767,-0.0456,3.6368,0.1735
36.850,144.375,-4.6957,-0.2755,159.545,-4.7075,-0.2410,160.677,0.0231,-0.0282,0.0365,1.132,1.5974,3.4486,0.687,-6.3487,-3.6137,159.989,2.503,-2.0667,146.943,0.8715,0.0265,0.0298,1.1244,2.5347,2.5752,nan,2.8529,2.7458,0.1087,-0.4365,0.9150,0.0314,-0.0003,-0.7202,45.2766,-0.0620,3.8756,0.1735
36.900,144.517,-4.8260,-0.2185,153.225,-4.8563,-0.1670,153.684,0.0503,-0.0323,0.0597,0.459,1.6255,3.4570,0.766,-6.5297,-3.5370,152.918,2.573,-1.7711,147.091,0.9175,0.0421,0.0539,1.2812,2.8314,3.0592,nan,3.0171,2.9671,0.1175,-0.4269,1.0221,0.0257,0.0416,-0.6292,45.4765,-0.0289,2.8058,0.1735
36.950,144.650,-4.9414,-0.1538,148.040,-4.9544,-0.1020,148.688,0.0385,-0.0371,0.0534,0.648,1.6255,3.4570,0.766,-6.6270,-3.4706,147.922,2.622,-1.7756,147.229,0.8993,0.0416,0.0404,0.9716,2.6711,2.6639,nan,3.0171,2.9911,0.1185,-0.3891,0.9642,-0.0008,0.0427,-0.7060,45.5765,0.0800,1.0907,0.1735
37.000,144.650,-4.9414,-0.1538,148.040,-4.9544,-0.1020,148.688,0.0385,-0.0371,0.0534,0.648,1.6255,3.4570,0.766,-6.6270,-3.4706,147.922,2.622,-1.7756,147.229,0.8993,0.0416,0.0404,0.9716,2.6167,2.6299,nan,3.2017,2.9367,0.1163,-0.3613,0.9446,-0.0042,0.0279,-0.7623,45.6764,0.0800,2.8600,0.1735
37.050,144.798,-5.0631,-0.0696,142.360,-5.0506,-0.0257,142.571,0.0169,-0.0424,0.0456,0.211,1.6817,3.3763,0.159,-6.7417,-3.3833,142.412,2.751,-1.7046,147.387,0.8919,0.0513,0.0443,0.8649,2.7947,2.8704,nan,3.4142,3.2296,0.1279,-0.3117,1.0355,-0.0140,0.0066,-0.7042,45.7764,0.0800,1.9867,0.1735
37.100,144.954,-5.1824,0.0314,136.930,-5.1781,0.1059,136.866,0.0477,-0.0573,0.0746,-0.064,1.6923,3.3716,0.009,-6.8709,-3.2646,136.857,2.820,-1.6039,147.550,0.8989,0.0102,0.0038,0.3732,2.8533,2.8873,nan,3.6153,3.5915,0.1422,-0.2735,1.1255,-0.0232,0.0553,-0.5710,45.9763,0.0800,0.0255,0.1735
37.150,145.090,-5.2779,0.1275,132.534,-5.2750,0.2003,132.518,0.0517,-0.0513,0.0728,-0.016,1.6832,3.3768,0.167,-6.9674,-3.1562,132.351,2.829,-1.5479,147.687,0.8980,0.0095,0.0023,0.2439,2.7592,2.7672,nan,3.6153,3.5309,0.1398,-0.2525,1.1168,-0.0130,0.0403,-0.5185,46.0762,0.0800,2.6415,0.1735
37.200,145.254,-5.3841,0.2527,127.964,-5.3669,0.3205,127.232,0.0429,-0.0553,0.0700,-0.732,1.7091,3.3198,-0.314,-7.0594,-3.0380,127.547,3.026,-1.3343,147.864,0.8850,0.0148,0.0094,0.6379,3.0146,3.1605,nan,3.8677,3.8946,0.1542,-0.2424,1.3155,0.0022,0.0691,-0.3728,46.2762,0.0800,5.8372,0.1735
37.251,145.434,-5.4899,0.3988,123.557,-5.4748,0.4806,122.852,0.0598,-0.0578,0.0831,-0.705,1.7451,3.2489,-0.897,-7.1757,-2.8810,123.749,3.270,-1.3154,148.061,0.8938,0.0248,0.0165,0.6646,3.3108,3.5675,nan,4.0001,4.0478,0.1603,-0.2026,1.5029,0.0017,0.0562,-0.2954,46.4760,0.0276,2.4705,0.1735
37.301,145.613,-5.5841,0.5515,119.516,-5.5730,0.6709,118.260,0.0984,-0.0684,0.1199,-1.256,1.7657,3.2094,-1.216,-7.2832,-2.6937,119.476,3.379,-1.2966,148.248,0.9030,0.0292,0.0269,0.9199,3.4201,3.4738,nan,4.1387,4.2367,0.1678,-0.1713,1.5525,-0.0028,0.0453,-0.2908,46.6759,0.0566,4.9181,0.1735
37.350,145.809,-5.6747,0.7250,115.322,-5.6622,0.8701,114.038,0.1258,-0.0734,0.1456,-1.284,1.7514,3.2485,-1.020,-7.3701,-2.5100,115.059,3.598,-1.1808,148.459,0.8984,0.0136,0.0097,0.7168,3.4420,3.4738,nan,4.3098,4.2947,0.1701,-0.1444,1.5625,0.0034,0.0386,-0.2910,46.8758,0.0800,4.9181,0.1735
37.400,146.013,-5.7562,0.9114,111.668,-5.7317,1.0556,111.153,0.1250,-0.0760,0.1463,-0.515,1.7321,3.3097,-0.607,-7.4395,-2.3330,111.759,3.787,-1.0600,148.676,0.8872,0.0147,0.0072,0.4918,3.5005,3.5406,nan,4.4836,4.2728,0.1692,-0.1337,1.5890,0.0100,0.0541,-0.3006,47.0757,0.0800,4.6190,0.1735
37.450,146.203,-5.8225,1.0901,108.759,-5.8084,1.2915,107.616,0.1861,-0.0781,0.2019,-1.143,1.7421,3.2739,-0.937,-7.5171,-2.1056,108.553,3.973,-1.0109,148.879,0.8951,0.0146,0.0116,0.7928,3.7972,4.1023,nan,4.7408,4.6292,0.1833,-0.1180,1.7835,0.0304,0.0690,-0.2404,47.2756,0.0800,5.1725,0.1735
37.500,146.433,-5.8914,1.3094,106.009,-5.8752,1.4979,105.612,0.1767,-0.0675,0.1892,-0.397,1.6989,3.4022,0.030,-7.5751,-1.9003,105.582,4.101,-0.7701,149.119,0.8849,0.0166,0.0074,0.4458,3.9297,3.9981,nan,4.9064,4.9217,0.1949,-0.0950,1.9495,0.0399,0.0576,-0.1483,47.4755,0.0800,2.8014,0.1735
37.550,146.661,-5.9501,1.5293,103.655,-5.9379,1.7391,103.889,0.2010,-0.0614,0.2102,0.233,1.6913,3.4245,0.211,-7.6353,-1.6572,103.678,4.314,-0.6859,149.362,0.8854,0.0172,0.0069,0.4007,4.1841,4.3654,nan,5.2087,5.2468,0.2078,-0.1117,2.0179,0.0818,0.0931,-0.0891,47.7754,0.0800,5.0673,0.1735
37.600,146.661,-5.9501,1.5293,103.655,-5.9379,1.7391,103.889,0.2010,-0.0614,0.2102,0.233,1.6913,3.4245,0.211,-7.6353,-1.6572,103.678,4.314,-0.6859,149.362,0.8854,0.0172,0.0069,0.4007,4.4271,4.6116,nan,5.4139,5.5265,0.2189,-0.1156,2.0179,0.1058,0.0802,-0.0531,47.9753,0.0800,5.7422,0.1735
37.650,146.905,-6.0039,1.7679,101.568,-5.9931,1.9963,101.860,0.2216,-0.0564,0.2286,0.292,1.6866,3.4427,0.421,-7.6901,-1.3900,101.439,4.554,-0.7067,149.625,0.8859,0.0167,0.0086,0.5151,4.5724,4.6717,nan,5.5400,5.6789,0.2249,-0.1143,2.0179,0.1213,0.0607,-0.0362,48.2751,0.0800,5.1339,0.1735
37.700,147.173,-6.0523,2.0312,98.923,-6.0397,2.2724,99.720,0.2363,-0.0499,0.2415,0.798,1.6857,3.4567,0.367,-7.7328,-1.1348,99.354,4.825,-0.8696,149.917,0.8802,0.0150,0.0144,0.9590,4.8579,5.3381,nan,5.7989,5.9502,0.2357,-0.0994,1.9793,0.1254,0.0156,-0.0573,48.5750,0.0800,5.4131,0.1735
37.750,147.441,-6.0884,2.2964,96.160,-6.0791,2.6377,96.306,0.3383,-0.0459,0.3414,0.146,1.6888,3.4679,0.347,-7.7727,-0.7832,95.959,5.067,-0.9025,150.207,0.8875,0.0117,0.0194,1.6556,4.8528,4.8999,nan,5.8752,5.9273,0.2347,-0.0855,1.9458,0.1146,-0.0164,-0.0562,48.7748,0.0800,4.5642,0.1735
37.800,147.767,-6.1152,2.6221,92.869,-6.1058,2.8802,94.316,0.2573,-0.0223,0.2583,1.447,1.6673,3.5674,1.252,-7.7863,-0.5171,93.064,5.296,-0.8475,150.556,0.8710,0.0092,0.0206,2.2463,5.1033,5.8479,nan,5.9845,6.1372,0.2431,-0.0950,1.9221,0.1291,-0.0188,-0.0790,49.1746,0.0800,4.8930,0.1735
37.850,148.065,-6.1243,2.9196,90.257,-6.1200,3.2150,90.543,0.2954,-0.0056,0.2954,0.287,1.6777,3.4023,0.376,-7.7988,-0.1361,90.167,5.504,-0.7674,150.875,0.8802,0.0151,0.0191,1.2644,5.3684,5.7368,nan,5.7101,5.5887,0.2213,-0.0943,1.9072,0.1217,-0.0304,-0.1025,49.4745,-0.0479,2.6644,0.1735
37.900,148.377,-6.1201,3.2312,87.875,-6.1138,3.5058,88.353,0.2746,0.0039,0.2746,0.477,1.6735,3.4037,0.648,-7.7856,0.1901,87.705,5.622,-0.8005,151.200,0.8731,0.0103,0.0232,2.2622,5.5483,5.7368,nan,5.5073,5.4761,0.2169,-0.0742,1.8952,0.0876,-0.0587,-0.1199,49.6744,-0.0130,2.6644,0.1735
37.950,148.696,-6.1020,3.5498,85.199,-6.0980,3.7659,86.273,0.2157,0.0141,0.2161,1.074,1.6701,3.3978,0.856,-7.7618,0.4841,85.417,5.745,-0.7299,151.533,0.8645,0.0026,0.0251,9.5164,5.5637,5.6350,nan,5.3380,5.1665,0.2046,-0.0717,1.8843,0.0703,-0.0693,-0.1195,49.8743,-0.0714,3.1331,0.1735
38.000,149.001,-6.0719,3.8531,83.185,-6.0565,4.1502,83.674,0.2968,0.0199,0.2975,0.489,1.6701,3.3978,0.856,-7.7145,0.8677,82.818,5.563,-0.6238,151.825,0.8598,0.0012,0.0375,30.0596,5.8226,6.2339,nan,5.1725,5.0991,0.2019,-0.0802,1.8743,0.0473,-0.0556,-0.1136,50.2741,-0.0323,-4.0335,0.1735
38.050,149.001,-6.0719,3.8531,83.185,-6.0619,4.0798,83.794,0.2263,0.0170,0.2269,0.609,1.6662,3.3436,0.976,-7.7145,0.8677,82.818,5.563,-0.6238,151.825,0.8598,0.0012,0.0296,23.6905,5.4222,5.1463,nan,5.1725,4.9013,0.1941,-0.0763,1.8743,0.0305,-0.0613,-0.1160,50.3740,0.0800,-5.3504,0.1735
38.100,149.305,-6.0314,4.1544,81.217,-6.0398,4.2886,82.036,0.1314,0.0288,0.1345,0.819,1.6533,3.3134,0.830,-7.6782,1.0865,81.207,5.323,-0.6338,152.112,0.8513,0.0028,0.0251,9.0440,5.2172,5.2013,nan,5.0617,4.7907,0.1897,-0.0796,1.8593,0.0163,-0.0707,-0.1375,50.5739,0.0800,-4.0065,0.1735
38.150,149.598,-5.9823,4.4432,79.149,-5.9851,4.5471,80.120,0.1016,0.0224,0.1040,0.972,1.6598,3.2970,0.935,-7.6235,1.3748,79.185,5.151,-0.6115,152.393,0.8457,0.0093,0.0267,2.8622,5.0457,5.0458,nan,4.9533,4.7864,0.1896,-0.0796,1.8270,-0.0140,-0.0687,-0.1688,50.7738,0.0800,-4.3308,0.1735
38.200,149.876,-5.9261,4.7155,77.255,-5.9272,4.7899,77.710,0.0723,0.0175,0.0744,0.455,1.6497,3.2185,0.475,-7.5636,1.6342,77.235,4.972,-0.6041,152.659,0.8407,0.0052,0.0155,2.9570,4.8761,4.8765,nan,4.8437,4.6858,0.1856,-0.0761,1.8111,-0.0420,-0.0707,-0.1872,50.9737,0.0800,-3.5028,0.1735
38.250,150.150,-5.8618,4.9819,75.317,-5.8558,5.0110,75.041,0.0297,0.0016,0.0297,-0.276,1.6318,3.0863,-0.323,-7.4983,1.8825,75.363,4.831,-0.6001,152.925,0.8382,0.0021,0.0019,0.8696,4.8301,4.8663,nan,4.7238,4.6616,0.1846,-0.0658,1.7777,-0.0812,-0.0770,-0.1968,51.1736,0.0800,-1.8739,0.1735
38.300,150.413,-5.7915,5.2358,73.431,-5.7779,5.2608,72.900,0.0278,-0.0059,0.0284,-0.531,1.6241,3.0547,-0.519,-7.4217,2.1389,73.419,4.752,-0.5678,153.184,0.8322,0.0015,0.0069,4.6875,4.7129,4.7301,nan,4.6594,4.5509,0.1802,-0.0733,1.7585,-0.1020,-0.0468,-0.2101,51.4735,0.0800,-2.0750,0.1735
38.350,150.677,-5.7130,5.4874,71.670,-5.6928,5.5067,70.393,0.0246,-0.0131,0.0279,-1.277,1.5952,2.9690,-1.199,-7.3395,2.3845,71.592,4.667,-0.4943,153.443,0.8281,0.0100,0.0098,0.9724,4.5783,4.5902,nan,4.5897,4.5984,0.1821,-0.0703,1.7585,-0.1107,-0.0503,-0.2146,51.5734,0.0044,-1.3310,0.1735
38.400,150.932,-5.6300,5.7286,70.163,-5.6036,5.7449,68.844,0.0243,-0.0193,0.0310,-1.319,1.5955,2.9679,-1.171,-7.2544,2.6293,70.015,4.607,-0.5067,153.696,0.8262,0.0054,0.0085,1.5898,4.5534,4.5902,nan,4.2898,4.4149,0.1748,-0.1068,1.6436,-0.1208,-0.0174,-0.2310,51.8733,0.0800,-1.3310,0.1735
38.450,151.187,-5.5403,5.9677,68.491,-5.5211,5.9421,68.063,-0.0168,-0.0273,0.0320,-0.428,1.6266,3.0430,-0.530,-7.1742,2.8328,68.593,4.516,-0.5860,153.946,0.8339,0.0026,0.0036,1.3929,4.3466,4.3342,nan,4.1418,4.1895,0.1659,-0.1205,1.6436,-0.1252,0.0065,-0.2381,52.0732,0.0800,-2.1455,0.1735
38.500,151.432,-5.4467,6.1943,66.177,-5.4082,6.1994,66.050,0.0202,-0.0332,0.0388,-0.126,1.6266,3.0430,-0.530,-7.0637,3.0911,66.580,4.401,-0.7825,154.185,0.8186,0.0018,0.0072,4.0789,4.5278,4.6495,nan,3.9941,4.0008,0.1584,-0.1608,1.5431,-0.1181,0.0544,-0.2446,52.3730,0.0039,-2.7966,0.1735
38.550,151.432,-5.4467,6.1943,66.177,-5.4185,6.1756,65.786,-0.0057,-0.0334,0.0339,-0.391,1.6017,2.9869,-0.794,-7.0637,3.0911,66.580,4.401,-0.7825,154.185,0.8186,0.0018,0.0076,4.3421,4.2488,4.1999,nan,3.9293,3.9786,0.1576,-0.1516,1.5431,-0.1289,0.0176,-0.2402,52.4729,0.0800,-4.2927,0.1735
38.600,151.686,-5.3393,6.4245,63.433,-5.3241,6.3675,62.872,-0.0442,-0.0391,0.0590,-0.561,1.5975,2.9910,-0.856,-6.9713,3.2727,63.728,4.213,-0.9333,154.428,0.8317,0.0078,0.0256,3.2888,4.3815,4.4652,nan,3.5832,3.5183,0.1393,-0.1718,1.5431,-0.1240,0.0338,-0.2776,52.7728,-0.0800,-4.7467,0.1735
38.650,151.909,-5.2353,6.6208,60.262,-5.2013,6.6160,60.712,0.0127,-0.0319,0.0343,0.450,1.6568,3.1443,0.251,-6.8428,3.5017,60.460,4.039,-0.9799,154.642,0.8081,0.0040,0.0006,0.1379,4.0051,3.8435,nan,3.5832,3.6743,0.1455,-0.2020,1.5431,-0.1060,0.0559,-0.2950,52.9727,0.0527,-2.1597,0.1665
38.700,152.124,-5.1242,6.8056,57.328,-5.1095,6.7815,58.183,-0.0124,-0.0254,0.0282,0.855,1.6966,3.2500,0.970,-6.7454,3.6462,57.213,3.933,-0.9888,154.852,0.8209,0.0018,0.0007,0.4211,3.8695,3.8789,nan,3.5051,3.6081,0.1429,-0.2421,1.4320,-0.0807,0.0818,-0.3150,53.1726,0.0596,-7.2253,0.1665
38.750,152.335,-5.0058,6.9804,54.085,-4.9960,6.9650,55.009,-0.0067,-0.0169,0.0182,0.925,1.6775,3.2384,0.831,-6.6188,3.8231,54.178,3.652,-1.0502,155.049,0.8127,0.0015,0.0000,0.0000,3.5882,3.5410,nan,3.5051,3.4578,0.1369,-0.2428,1.3279,-0.0692,0.0560,-0.3390,53.2725,0.0800,-1.5212,0.1665
38.800,152.538,-4.8820,7.1415,50.405,-4.8901,7.1055,52.054,-0.0329,-0.0167,0.0369,1.648,1.7041,3.2965,1.325,-6.5044,3.9605,50.728,3.604,-1.2291,155.251,0.8224,0.0021,0.0000,0.0000,3.6048,3.6370,nan,3.1305,3.1468,0.1246,-0.2595,1.3341,-0.0591,0.0610,-0.3251,53.4724,0.0095,-2.1528,0.1665
38.850,152.735,-4.7521,7.2886,46.184,-4.7557,7.2683,48.254,-0.0172,-0.0115,0.0206,2.070,1.7274,3.3501,1.702,-6.3638,4.1090,46.552,3.538,-1.3376,155.446,0.8117,0.0068,0.0067,0.9868,3.5522,3.5732,nan,3.1040,3.2100,0.1271,-0.2592,1.3146,-0.0598,0.0499,-0.3367,53.6723,0.0613,-3.1106,0.1665
38.900,152.926,-4.6153,7.4221,42.026,-4.6071,7.4150,43.173,0.0013,-0.0108,0.0109,1.147,1.7040,3.3173,1.309,-6.2158,4.2408,41.864,3.413,-1.3439,155.633,0.8006,0.0042,0.0012,0.2967,3.5456,3.5732,nan,3.2741,3.2419,0.1284,-0.2857,1.3122,-0.0395,0.0684,-0.4546,53.8722,-0.0186,-3.1106,0.1665
38.950,153.110,-4.4743,7.5407,37.731,-4.4817,7.5378,39.680,-0.0076,0.0022,0.0079,1.948,1.7458,3.3945,1.904,-6.0864,4.3480,37.776,3.204,-1.3782,155.809,0.8125,0.0040,0.0037,0.9195,3.3325,3.3151,nan,3.3615,3.3836,0.1340,-0.2831,1.2333,-0.0307,0.0430,-0.4884,53.9722,0.0128,-6.0006,0.1665
39.000,153.288,-4.3297,7.6443,33.169,-4.3416,7.6444,35.212,-0.0099,0.0067,0.0119,2.043,1.7438,3.4003,1.883,-5.9427,4.4417,33.329,3.170,-1.4058,155.988,0.8139,0.0056,0.0037,0.6562,3.1915,3.1938,nan,3.4440,3.5115,0.1391,-0.2943,1.1811,-0.0173,0.0587,-0.1022,0.0000,0.0800,-1.9860,0.1665
39.050,153.461,-4.1816,7.7339,33.169,-4.3416,7.6444,35.212,-0.1829,0.0127,0.1833,2.043,1.7438,3.4003,1.883,-5.9427,4.4417,33.329,3.170,-1.4058,156.166,0.9701,0.0395,0.0037,0.0926,3.1868,3.2118,nan,3.4373,3.5068,0.1389,-0.2921,1.1794,-0.0122,0.0213,-0.6174,0.1000,0.0800,1.3673,0.1665
39.100,153.461,-4.1816,7.7339,28.780,-4.1871,7.7387,30.461,-0.0025,0.0069,0.0073,1.682,1.7339,3.3899,1.747,-5.7856,4.5273,28.715,3.233,-1.4634,156.166,0.8052,0.0068,0.0035,0.5137,3.2060,3.2352,nan,3.4226,3.3394,0.1323,-0.2836,1.2515,-0.0095,0.0406,-0.4842,0.2998,-0.0800,1.6707,0.1665
39.150,153.645,-4.0172,7.8161,23.955,-4.0081,7.8313,25.472,0.0145,0.0102,0.0177,1.517,1.7243,3.3727,1.467,-5.6163,4.6039,24.005,3.320,-1.5158,156.358,0.8007,0.0070,0.0069,0.9868,3.3145,3.3669,nan,3.6522,3.5472,0.1405,-0.2760,1.2939,-0.0034,0.0424,-0.4000,0.4997,-0.0608,0.7546,0.1665
39.200,153.809,-3.8654,7.8775,19.671,-3.8304,7.8976,20.730,0.0397,0.0071,0.0403,1.059,1.7130,3.3492,1.197,-5.4472,4.6632,19.533,3.357,-1.5301,156.526,0.7835,0.0081,0.0048,0.5943,3.2852,3.3073,nan,3.7600,3.6052,0.1428,-0.2652,1.2824,-0.0048,0.0446,-0.4647,0.6996,0.0800,0.1799,0.1665
39.250,154.001,-3.6820,7.9350,14.787,-3.6407,7.9493,15.317,0.0436,0.0032,0.0437,0.530,1.6644,3.2684,0.301,-5.2805,4.7086,15.016,3.298,-1.4263,156.717,0.8011,0.0070,0.0009,0.1316,3.5020,3.6153,nan,3.8688,3.9880,0.1579,-0.2526,1.4545,-0.0063,0.0470,-0.3598,0.8995,0.0690,1.6258,0.1665
39.300,154.178,-3.5095,7.9741,10.442,-3.4075,7.9931,9.890,0.1037,0.0002,0.1037,-0.553,1.6355,3.2249,-0.207,-5.0602,4.7499,10.097,3.371,-1.4042,156.900,0.7533,0.0076,0.0018,0.2322,3.2385,3.1970,nan,3.9233,4.0508,0.1604,-0.2324,1.3451,-0.0110,0.0119,-0.3597,0.9995,0.0800,1.6913,0.1665
39.350,154.369,-3.3204,8.0019,5.927,-3.2456,8.0084,5.869,0.0751,-0.0012,0.0751,-0.058,1.6461,3.2232,-0.260,-4.9133,4.7630,6.129,3.465,-1.3922,157.100,0.7967,0.0099,0.0007,0.0704,3.5180,3.7257,nan,4.0610,4.1710,0.1652,-0.2330,1.4658,-0.0054,0.0510,-0.3816,1.2993,0.0800,4.7049,0.1665
39.400,154.565,-3.1242,8.0153,1.481,-3.0118,8.0131,0.711,0.1123,-0.0051,0.1124,-0.770,1.6031,3.1828,-0.714,-4.6748,4.7723,1.425,3.669,-1.3539,157.312,0.7551,0.0115,0.0042,0.3689,3.6870,3.7699,nan,4.2041,4.3343,0.1717,-0.2253,1.5656,-0.0030,0.0573,-0.3465,1.4992,0.0748,3.2920,0.1665
39.450,154.775,-2.9146,8.0135,-2.850,-2.7856,7.9958,-3.810,0.1297,-0.0112,0.1302,-0.959,1.5985,3.1659,-0.885,-4.4582,4.7616,-2.924,3.804,-1.3784,157.533,0.7492,0.0070,0.0006,0.0861,3.7310,3.7699,nan,4.2958,4.3874,0.1738,-0.2088,1.5922,-0.0017,0.0493,-0.3372,1.6991,0.0800,3.2920,0.1665
39.500,154.992,-2.6987,7.9951,-7.325,-2.5728,7.9686,-7.999,0.1283,-0.0102,0.1287,-0.674,1.5920,3.1602,-0.991,-4.2473,4.7357,-7.007,3.934,-1.3209,157.761,0.7551,0.0085,0.0014,0.1690,3.8405,3.8989,nan,4.3854,4.4757,0.1773,-0.1977,1.6541,-0.0023,0.0427,-0.3205,1.8990,0.0800,2.6543,0.1665
39.550,155.213,-2.4802,7.9598,-11.440,-2.3081,7.9100,-13.014,0.1786,-0.0147,0.1792,-1.574,1.5579,3.1259,-1.456,-3.9863,4.6844,-11.559,4.100,-1.2749,157.996,0.7154,0.0097,0.0051,0.5302,4.1152,4.3382,nan,4.5182,4.5742,0.1812,-0.1956,1.7449,0.0060,0.0346,-0.2975,2.0989,0.0292,4.0629,0.1665
39.600,155.213,-2.4802,7.9598,-11.440,-2.3081,7.9100,-13.014,0.1786,-0.0147,0.1792,-1.574,1.5579,3.1259,-1.456,-3.9863,4.6844,-11.559,4.100,-1.2749,157.996,0.7154,0.0097,0.0051,0.5302,4.1611,4.2065,nan,4.6374,4.7527,0.1882,-0.1853,1.7634,0.0041,0.0539,-0.2788,2.3988,0.0596,2.7965,0.1665
39.650,155.442,-2.2572,7.9073,-15.480,-2.0835,7.8432,-17.687,0.1845,-0.0154,0.1851,-2.207,1.5158,3.1097,-1.813,-3.7472,4.6173,-15.875,4.220,-1.2885,158.236,0.7022,0.0112,0.0151,1.3449,3.9740,3.9706,nan,4.6374,4.6417,0.1838,-0.1683,1.7579,0.0006,0.0169,-0.2727,2.4987,0.0800,2.3572,0.1665
39.700,155.695,-2.0164,7.8317,-19.878,-1.9132,7.7783,-21.197,0.1152,-0.0151,0.1161,-1.319,1.5079,3.1259,-1.705,-3.5580,4.5486,-19.492,4.330,-1.2790,158.499,0.7518,0.0079,0.0125,1.5808,4.2214,4.8450,nan,4.7333,4.8718,0.1929,-0.1645,1.7857,0.0047,0.0268,-0.2524,2.7986,0.0704,3.1207,0.1665
39.750,155.901,-1.8241,7.7565,-23.285,-1.6443,7.6571,-25.517,0.2045,-0.0202,0.2054,-2.233,1.4914,3.1090,-2.012,-3.2935,4.4352,-23.505,4.445,-1.2743,158.717,0.6886,0.0072,0.0145,2.0065,4.3394,4.4145,nan,4.8007,4.9065,0.1943,-0.1486,1.7857,0.0051,0.0115,-0.2441,2.9985,0.0525,1.5730,0.1665
39.800,156.138,-1.6095,7.6570,-26.845,-1.4427,7.5482,-29.038,0.1980,-0.0218,0.1992,-2.193,1.5241,3.1307,-1.631,-3.0913,4.3312,-27.406,4.481,-1.1589,158.958,0.7018,0.0088,0.0197,2.2484,4.2728,4.2980,nan,4.8810,4.9329,0.1954,-0.1528,1.7857,0.0110,0.0225,-0.2429,3.1983,0.0800,2.6958,0.1665
39.850,156.429,-1.3540,7.5168,-31.106,-1.2405,7.4251,-31.753,0.1445,-0.0199,0.1459,-0.647,1.5658,3.1740,-0.936,-2.8754,4.2046,-30.817,4.611,-1.0971,159.263,0.7374,0.0144,0.0141,0.9824,4.5489,5.0991,nan,5.0884,5.0825,0.2013,-0.1530,1.7898,0.0140,0.0393,-0.2526,3.4982,0.0800,1.6506,0.1665
39.900,156.685,-1.1386,7.3791,-34.498,-0.9830,7.2414,-35.855,0.2062,-0.0254,0.2078,-1.357,1.5297,3.1560,-1.385,-2.6107,4.0235,-34.471,4.679,-1.0979,159.526,0.7002,0.0149,0.0242,1.6208,4.7602,4.9272,nan,5.2107,5.3500,0.2119,-0.1592,1.7946,0.0264,0.0671,-0.2243,3.7980,0.0641,0.8929,0.1665
39.950,156.929,-0.9406,7.2356,-37.828,-0.7855,7.0924,-38.776,0.2104,-0.0180,0.2111,-0.948,1.5635,3.1927,-0.859,-2.4072,3.8640,-37.917,4.728,-1.1239,159.778,0.6996,0.0104,0.0158,1.5249,4.6327,4.6468,nan,5.1042,5.2167,0.2066,-0.1502,1.7946,0.0342,0.0470,-0.2037,3.9979,0.0525,0.8929,0.1665
40.000,157.182,-0.7448,7.0753,-41.278,-0.5951,6.9165,-42.938,0.2173,-0.0206,0.2183,-1.660,1.5322,3.1647,-1.419,-2.2196,3.6979,-41.519,4.816,-1.1592,160.041,0.7092,0.0127,0.0219,1.7258,4.6089,4.6468,nan,4.9775,4.9668,0.1967,-0.1465,1.7946,0.0462,0.0381,-0.1804,4.1978,-0.0050,2.0305,0.1665
40.050,157.482,-0.5261,6.8705,-45.494,-0.4415,6.7482,-46.237,0.1465,-0.0254,0.1487,-0.742,1.5215,3.1942,-1.157,-2.0343,3.5137,-45.080,4.981,-1.1755,160.358,0.7353,0.0192,0.0260,1.3559,4.5742,4.6093,nan,4.9196,4.8191,0.1909,-0.1256,1.7946,0.0403,0.0038,-0.1339,4.3977,-0.0461,3.1740,0.1665
40.100,157.758,-0.3378,6.6681,-49.104,-0.2131,6.4766,-50.304,0.2264,-0.0311,0.2285,-1.200,1.5215,3.1942,-1.157,-1.8005,3.2468,-49.147,4.901,-1.0016,160.631,0.7127,0.0196,0.0322,1.6397,4.8157,5.5518,nan,4.9636,4.8265,0.1911,-0.1125,1.7946,0.0264,-0.0200,-0.1482,4.6976,-0.0800,-1.7334,0.1665
40.150,157.758,-0.3378,6.6681,-49.104,-0.2287,6.4979,-50.762,0.2001,-0.0290,0.2022,-1.658,1.4796,3.2016,-1.616,-1.8005,3.2468,-49.147,4.901,-1.0016,160.631,0.7127,0.0196,0.0349,1.7766,4.9527,5.0658,nan,5.1266,5.2588,0.2083,-0.0981,1.7946,0.0185,-0.0352,-0.1866,4.8975,0.0618,-2.4813,0.1665
40.201,158.030,-0.1651,6.4590,-52.150,-0.0803,6.2943,-53.943,0.1821,-0.0341,0.1853,-1.792,1.4722,3.2064,-1.574,-1.6368,3.0440,-52.369,4.800,-0.8627,160.898,0.7188,0.0138,0.0321,2.3363,4.7103,4.6775,nan,5.1905,5.0872,0.2015,-0.0889,1.7946,0.0016,-0.0283,-0.2087,5.0974,0.0800,-1.2685,0.1665
40.250,158.292,-0.0082,6.2485,-54.753,0.0453,6.0935,-56.379,0.1575,-0.0458,0.1640,-1.626,1.4728,3.2024,-1.531,-1.5042,2.8519,-54.848,4.769,-0.7598,161.160,0.7353,0.0130,0.0370,2.8550,4.7611,4.8241,nan,5.3999,5.1420,0.2036,-0.0876,1.7946,-0.0076,0.0092,-0.2479,5.3972,0.0800,3.9156,0.1665
40.300,158.569,0.1474,6.0194,-57.158,0.2054,5.8167,-59.613,0.2018,-0.0612,0.2108,-2.455,1.4465,3.1466,-2.393,-1.3515,2.6160,-57.219,4.919,-0.6876,161.451,0.7404,0.0091,0.0431,4.7494,4.9659,5.1416,nan,5.6176,5.7696,0.2285,-0.0801,1.8749,-0.0147,0.0260,-0.1734,5.6971,0.0800,0.1457,0.1665
40.350,158.820,0.2804,5.8064,-59.133,0.3397,5.5735,-62.599,0.2303,-0.0685,0.2403,-3.465,1.4044,3.1253,-3.466,-1.2107,2.3793,-59.133,4.928,-0.6749,161.705,0.7412,0.0072,0.0492,6.8371,5.0152,5.0851,nan,5.6985,5.8186,0.2304,-0.0651,1.8843,-0.0157,0.0164,-0.1075,5.9969,0.0502,0.8504,0.1665
40.400,159.078,0.4091,5.5835,-61.145,0.4647,5.3196,-64.609,0.2580,-0.0787,0.2697,-3.464,1.4162,3.1162,-3.399,-1.0804,2.1431,-61.211,4.982,-0.6507,161.969,0.7448,0.0058,0.0478,8.1729,4.9017,4.9210,nan,5.7623,5.9512,0.2357,-0.0650,1.8843,-0.0131,0.0013,-0.0335,6.1968,0.0793,6.0366,0.1665
40.450,159.365,0.5439,5.3296,-63.170,0.5631,5.0977,-66.119,0.2156,-0.0875,0.2327,-2.949,1.4271,3.1414,-2.926,-0.9627,1.9096,-63.194,5.255,-0.5626,162.282,0.7532,0.0043,0.0497,11.5126,5.1836,5.7000,nan,5.8507,5.9426,0.2353,-0.0764,1.8843,-0.0113,0.0011,-0.0994,6.4966,0.0371,4.1464,0.1665
40.500,159.659,0.6733,5.0652,-64.866,0.7006,4.7715,-68.356,0.2775,-0.1000,0.2950,-3.490,1.4144,3.1423,-3.389,-0.8089,1.5841,-64.966,5.434,-0.5476,162.594,0.7544,0.0129,0.0560,4.3441,5.4079,5.6534,nan,5.9714,6.0831,0.2409,-0.0799,1.8843,-0.0089,0.0071,-0.1265,6.7965,0.0444,4.1464,0.1665
40.550,159.969,0.8009,4.7835,-66.665,0.8099,4.4840,-69.682,0.2786,-0.1104,0.2996,-3.017,1.4257,3.1493,-3.050,-0.6859,1.3001,-66.632,5.588,-0.6282,162.919,0.7596,0.0074,0.0561,7.5836,5.4962,5.6030,nan,6.1032,6.2053,0.2458,-0.0771,1.8843,-0.0105,0.0160,-0.1567,7.0964,0.0800,3.6687,0.1665
40.600,160.278,0.9192,4.4974,-68.752,0.9174,4.1616,-71.769,0.3123,-0.1234,0.3358,-3.017,1.4257,3.1493,-3.050,-0.5614,0.9838,-68.718,5.670,-0.6773,163.239,0.7675,0.0053,0.0577,10.9753,5.6339,5.7843,nan,6.2405,6.3528,0.2516,-0.0765,1.9179,-0.0021,0.0311,-0.1361,7.3962,0.0800,1.6601,0.1665
40.650,160.600,1.0312,4.1953,-70.945,1.0013,3.8765,-73.920,0.2916,-0.1323,0.3202,-2.976,1.4273,3.1530,-3.042,-0.4638,0.6999,-70.878,5.827,-0.6968,163.579,0.7721,0.0053,0.0696,13.0919,5.5934,5.6433,nan,6.3739,6.4583,0.2558,-0.0675,1.9489,0.0005,0.0305,-0.1102,7.6960,0.0800,3.4733,0.1665
40.700,160.600,1.0312,4.1953,-70.945,1.0092,3.8699,-73.111,0.3004,-0.1271,0.3262,-2.166,1.4453,3.1524,-2.233,-0.4638,0.6999,-70.878,5.827,-0.6968,163.579,0.7721,0.0053,0.0523,9.8437,5.8416,6.2040,nan,6.5308,6.7242,0.2663,-0.0752,1.9733,0.0213,0.0376,-0.0903,7.9959,0.0713,3.2806,0.1690
40.750,160.925,1.1323,3.8866,-73.157,1.0992,3.5180,-75.667,0.3433,-0.1385,0.3701,-2.510,1.4374,3.1615,-2.505,-0.3534,0.3413,-73.162,5.971,-0.6580,163.921,0.7871,0.0066,0.0572,8.7191,5.9859,6.1641,nan,6.6415,6.7798,0.2685,-0.0659,2.0219,0.0203,0.0262,-0.0736,8.2957,0.0496,2.8436,0.1690
40.800,161.276,1.2286,3.5497,-75.297,1.1824,3.1895,-77.252,0.3367,-0.1361,0.3631,-1.954,1.4469,3.1786,-1.934,-0.2646,0.0020,-75.318,6.110,-0.7020,164.289,0.7948,0.0067,0.0613,9.1991,6.1742,6.4252,nan,6.8208,6.9563,0.2755,-0.0689,2.0219,0.0390,0.0269,-0.0696,8.6955,0.0472,3.5796,0.1690
40.850,161.616,1.3098,3.2187,-77.544,1.2741,2.7948,-79.468,0.4062,-0.1263,0.4254,-1.924,1.4659,3.1657,-1.832,-0.1799,-0.3769,-77.636,6.268,-0.6800,164.649,0.8163,0.0077,0.0574,7.4550,6.1460,6.2119,nan,6.9276,7.0967,0.2811,-0.0704,2.0219,0.0642,0.0187,-0.0760,8.9954,0.0800,2.8284,0.1690
40.900,161.997,1.3857,2.8460,-79.782,1.3360,2.4620,-80.678,0.3691,-0.1170,0.3872,-0.896,1.4599,3.1730,-0.903,-0.1127,-0.7128,-79.775,6.400,-0.6674,165.047,0.8049,0.0135,0.0609,4.4961,6.4068,6.9627,nan,7.0000,7.1395,0.2828,-0.0630,2.0275,0.0647,0.0150,-0.0717,9.3952,0.0474,2.6651,0.1690
40.950,162.359,1.4443,2.4885,-81.997,1.3980,2.0381,-82.585,0.4396,-0.1085,0.4528,-0.588,1.4586,3.1896,-0.600,-0.0485,-1.1521,-81.985,6.529,-0.7053,165.428,0.8439,0.0197,0.0635,3.2178,6.6189,6.9627,nan,7.0000,6.9793,0.2764,-0.0683,2.0341,0.0886,0.0185,-0.0666,9.6950,-0.0068,2.6651,0.1690
41.000,162.735,1.4905,2.1152,-84.328,1.4470,1.6897,-83.870,0.4191,-0.0853,0.4277,0.458,1.4477,3.1767,0.312,-0.0088,-1.4870,-84.182,6.654,-0.7026,165.822,0.8280,0.0282,0.0538,1.9084,6.5602,6.6205,nan,7.0000,7.0221,0.2781,-0.0583,2.0420,0.0978,0.0049,-0.0606,9.9949,0.0073,2.8690,0.1690
41.050,163.102,1.5210,1.7496,-86.531,1.4789,1.2272,-86.367,0.5189,-0.0736,0.5241,0.164,1.4477,3.1767,0.312,0.0206,-1.9497,-86.679,6.686,-0.6314,166.198,0.8848,0.0272,0.0613,2.2532,6.8050,7.3103,nan,7.0000,6.8287,0.2704,-0.0614,2.0545,0.1174,0.0057,-0.0511,10.3946,-0.0549,0.6473,0.1690
41.100,163.102,1.5210,1.7496,-86.531,1.4845,1.2502,-85.635,0.4962,-0.0667,0.5007,0.897,1.4284,3.1992,1.044,0.0206,-1.9497,-86.679,6.686,-0.6314,166.198,0.8848,0.0272,0.0530,1.9476,6.5411,6.4754,nan,7.0000,7.0272,0.2783,-0.0574,2.0627,0.1231,0.0077,-0.0450,10.6945,0.0090,0.8748,0.1690
41.150,163.511,1.5395,1.3408,-88.644,1.4952,0.9428,-88.804,0.3968,-0.0537,0.4005,-0.160,1.4732,3.2314,-0.101,0.0260,-2.2885,-88.702,6.721,-0.6195,166.617,0.8547,0.0153,0.0507,3.3063,6.7084,6.9691,nan,7.0000,6.8987,0.2732,-0.0301,2.0702,0.1038,-0.0291,-0.0394,10.9943,-0.0329,-1.2074,0.1690
41.200,163.893,1.5430,0.9594,-90.701,1.4850,0.5643,-91.156,0.3957,-0.0532,0.3993,-0.455,1.4865,3.2776,-0.500,0.0221,-2.7131,-90.656,6.675,-0.6035,167.000,0.8853,0.0215,0.0652,3.0332,6.6892,6.7730,nan,7.0000,6.9131,0.2738,-0.0028,2.0777,0.0734,-0.0554,-0.0339,11.2942,-0.0283,0.9439,0.1690
41.250,164.261,1.5336,0.5911,-92.540,1.4599,0.1966,-93.509,0.3974,-0.0562,0.4013,-0.969,1.5024,3.2785,-0.862,0.0039,-3.0822,-92.647,6.713,-0.4023,167.378,0.8929,0.0178,0.0772,4.3353,6.6662,6.7473,nan,7.0000,6.9319,0.2745,0.0125,2.0832,0.0442,-0.0644,-0.0299,11.5940,-0.0222,-0.3537,0.1690
41.300,164.637,1.5142,0.2162,-93.516,1.4368,-0.1351,-95.350,0.3554,-0.0557,0.3597,-1.834,1.5505,3.3244,-1.501,-0.0231,-3.4613,-93.849,6.697,-0.1222,167.757,0.9016,0.0157,0.0901,5.7196,6.6264,6.6975,nan,7.0000,6.9664,0.2759,0.0110,2.0914,0.0270,-0.0472,-0.0239,11.9938,-0.0110,0.0126,0.1690
41.350,165.065,1.4872,-0.2117,-93.604,1.4054,-0.5446,-95.474,0.3374,-0.0607,0.3428,-1.870,1.5609,3.3426,-1.505,-0.0533,-3.8899,-93.969,6.698,0.0948,168.191,0.9046,0.0174,0.0887,5.0937,6.6127,6.6975,nan,7.0000,6.9773,0.2763,0.0240,2.0961,0.0096,-0.0600,-0.0205,12.1937,-0.0075,0.0126,0.1690
41.400,165.474,1.4626,-0.6199,-93.125,1.3724,-0.9377,-94.792,0.3223,-0.0727,0.3304,-1.667,1.5609,3.3426,-1.505,-0.0760,-4.2838,-93.287,6.708,0.2137,168.607,0.8948,0.0152,0.0902,5.9400,6.6314,6.7367,nan,7.0000,6.9690,0.2760,0.0082,2.1024,0.0131,-0.0288,-0.0160,12.5935,-0.0102,0.1912,0.1690
41.450,165.474,1.4626,-0.6199,-93.125,1.3719,-0.8541,-95.547,0.2388,-0.0778,0.2512,-2.422,1.6169,3.4233,-2.261,-0.0760,-4.2838,-93.287,6.708,0.2137,168.607,0.8948,0.0152,0.1044,6.8751,6.8128,7.1089,nan,7.0000,6.8363,0.2707,0.0083,2.1067,-0.0026,-0.0182,-0.0129,12.8933,-0.0525,0.2892,0.1690
41.500,165.844,1.4442,-0.9889,-92.354,1.3472,-1.2045,-94.452,0.2194,-0.0881,0.2365,-2.097,1.6046,3.4836,-1.997,-0.0939,-4.6943,-92.454,6.721,0.1411,168.983,0.9185,0.0136,0.1073,7.8690,6.7872,6.8699,nan,7.0000,6.8593,0.2717,0.0005,2.1100,0.0045,-0.0059,-0.0100,13.0933,-0.0454,0.2140,0.1690
41.550,166.214,1.4296,-1.3586,-92.071,1.3310,-1.5782,-93.861,0.2230,-0.0906,0.2407,-1.790,1.6117,3.4974,-1.979,-0.1052,-5.0823,-91.882,6.726,0.0841,169.358,0.9269,0.0268,0.1192,4.4517,6.5204,6.4521,nan,7.0000,7.0679,0.2799,0.0001,2.1087,0.0098,-0.0041,-0.0070,13.3931,0.0227,-0.9111,0.1690
41.600,166.603,1.4162,-1.7473,-91.822,1.3379,-1.7994,-93.371,0.0546,-0.0766,0.0940,-1.548,1.6000,3.5945,-1.555,-0.1156,-5.3990,-91.815,6.686,0.0249,169.749,0.8823,0.0267,0.1005,3.7673,6.7770,7.3862,nan,7.0000,7.1695,0.2839,-0.0093,2.1042,0.0346,0.0041,-0.0045,13.6929,0.0579,-0.3418,0.1690
41.650,166.963,1.4047,-2.1078,-91.806,1.3289,-2.2198,-92.684,0.1143,-0.0723,0.1353,-0.878,1.5557,3.6446,-0.943,-0.1303,-5.8673,-91.741,6.679,0.0003,170.114,0.9494,0.0237,0.0881,3.7230,6.4966,6.4149,nan,7.0000,7.0164,0.2779,-0.0194,2.1042,0.0552,0.0137,0.0012,13.9928,0.0800,1.4953,0.1690
41.700,167.333,1.3931,-2.4770,-91.821,1.3274,-2.4754,-92.504,0.0005,-0.0657,0.0657,-0.683,1.5428,3.6942,-0.699,-0.1401,-6.1718,-91.805,6.746,-0.0530,170.495,0.9082,0.0180,0.0834,4.6195,6.6141,6.8016,nan,7.0000,7.1432,0.2829,-0.0153,2.1042,0.0588,0.0087,0.0040,14.2926,0.0800,1.7264,0.1690
41.750,167.726,1.3799,-2.8706,-92.117,1.3203,-2.8201,-92.475,-0.0483,-0.0614,0.0781,-0.358,1.5293,3.7657,-0.478,-0.1540,-6.5873,-91.997,6.820,-0.1453,170.901,0.9219,0.0190,0.0818,4.2929,6.6690,6.8016,nan,7.0000,7.2025,0.2852,-0.0187,2.1042,0.0752,0.0094,0.0030,14.5925,0.0800,1.7264,0.1690
41.800,168.115,1.3639,-3.2588,-92.766,1.3138,-3.1682,-92.447,-0.0881,-0.0544,0.1036,0.318,1.4697,3.8166,0.129,-0.1717,-6.9844,-92.577,6.819,-0.2018,171.295,0.9287,0.0193,0.0642,3.3187,6.7949,7.0035,nan,7.0000,7.1559,0.2834,-0.0127,2.0876,0.0815,-0.0039,0.0081,14.8923,0.0531,-0.2392,0.1690
41.851,168.519,1.3425,-3.6625,-93.433,1.3138,-3.1682,-92.447,-0.4917,-0.0583,0.4952,0.985,1.4697,3.8166,0.129,-0.1717,-6.9844,-92.577,6.819,-0.2018,171.711,0.7324,0.0239,0.0642,2.6848,6.9386,7.1803,nan,7.0000,7.0467,0.2791,-0.0116,2.0620,0.0905,-0.0128,0.0105,15.1922,0.0156,1.2649,0.1690
41.900,168.519,1.3425,-3.6625,-93.433,1.2990,-3.6008,-92.972,-0.0590,-0.0471,0.0755,0.460,1.4338,3.8253,0.490,-0.1984,-7.4247,-93.463,6.875,-0.1619,171.711,0.9556,0.0197,0.0539,2.7294,6.8496,6.9003,nan,7.0000,7.1143,0.2818,-0.0169,2.0256,0.0977,-0.0167,0.0133,15.5920,0.0386,0.3270,0.1690
41.950,168.898,1.3187,-4.0404,-93.869,1.2923,-3.9442,-92.826,-0.0942,-0.0328,0.0997,1.043,1.3624,3.8618,1.140,-0.2254,-7.8031,-93.966,6.885,-0.1310,172.096,0.9584,0.0207,0.0400,1.9295,6.7089,6.7311,nan,6.8276,6.9177,0.2740,-0.0289,2.0140,0.1134,-0.0117,0.0127,15.7919,0.0311,-0.6249,0.1690
42.000,169.276,1.2922,-4.4173,-94.290,1.2842,-4.2712,-92.955,-0.1451,-0.0189,0.1463,1.335,1.3489,3.8783,1.310,-0.2510,-8.1459,-94.265,6.859,-0.1555,172.477,0.9365,0.0213,0.0314,1.4751,6.8951,7.2075,nan,6.3506,6.3514,0.2515,-0.0344,1.9653,0.1161,-0.0233,0.0139,16.1917,0.0800,0.2061,0.1690
42.050,169.619,1.2654,-4.7596,-94.798,1.2643,-4.6819,-93.403,-0.0773,-0.0076,0.0777,1.395,1.3445,3.8851,1.372,-0.2853,-8.5626,-94.776,6.864,-0.2418,172.825,0.9893,0.0199,0.0230,1.1578,6.5594,6.4065,nan,6.1610,5.9889,0.2372,-0.0311,1.9395,0.1089,-0.0409,0.0054,16.4915,0.0800,-1.4630,0.1690
42.100,170.056,1.2256,-5.1944,-95.926,1.2432,-4.9509,-94.374,-0.2440,-0.0076,0.2441,1.552,1.3692,3.9440,1.232,-0.3173,-8.8902,-95.606,6.764,-0.3391,173.258,0.9167,0.0257,0.0215,0.8384,6.8157,7.4324,nan,5.8828,5.9446,0.2354,-0.0208,1.9040,0.0792,-0.0672,-0.0141,16.7913,0.0247,-5.4863,0.1690
42.150,170.408,1.1868,-5.5442,-96.984,1.1906,-5.4440,-96.554,-0.0999,-0.0084,0.1003,0.430,1.4945,3.9078,0.426,-0.3734,-9.3493,-96.981,6.525,-0.3227,173.590,0.9979,0.0285,0.0263,0.9219,6.4168,6.1259,nan,5.7111,5.8348,0.2311,-0.0172,1.8820,0.0566,-0.0761,-0.0316,17.0912,0.0800,-6.8080,0.1690
42.200,170.758,1.1420,-5.8914,-97.947,1.1493,-5.7876,-98.158,-0.1038,-0.0071,0.1040,-0.212,1.5768,3.8545,-0.064,-0.4167,-9.6426,-98.094,6.230,-0.2374,173.916,0.9627,0.0193,0.0311,1.6110,6.1723,6.1259,nan,5.4600,5.5708,0.2206,-0.0080,1.8631,0.0193,-0.0936,-0.0568,17.3910,0.0800,-6.8080,0.1690
42.250,171.125,1.0895,-6.2548,-98.613,1.1061,-6.0689,-98.715,-0.1863,-0.0114,0.1866,-0.102,1.5650,3.8327,-0.007,-0.4576,-9.9016,-98.708,6.007,-0.1018,174.266,0.8924,0.0225,0.0328,1.4604,5.7613,5.4359,nan,5.3041,5.1269,0.2030,-0.0172,1.8527,-0.0010,-0.0860,-0.0732,17.6909,0.0800,-4.4987,0.1690
42.300,171.465,1.0380,-6.5911,-98.613,1.1061,-6.0689,-98.715,-0.5265,-0.0108,0.5266,-0.102,1.5650,3.8327,-0.007,-0.4576,-9.9016,-98.708,6.007,-0.1018,174.585,0.7118,0.0441,0.0328,0.7453,5.9834,6.2839,nan,4.9989,4.9565,0.1963,-0.0500,1.7786,-0.0243,-0.0475,-0.0963,18.0907,-0.0195,-5.9438,0.1690
42.350,171.465,1.0380,-6.5911,-98.861,1.0456,-6.5127,-99.285,-0.0787,-0.0046,0.0788,-0.424,1.6273,3.7891,-0.336,-0.5213,-10.3050,-98.950,5.738,-0.1144,174.585,0.9406,0.0223,0.0261,1.1722,5.6590,5.5394,nan,4.8486,4.8723,0.1930,-0.0712,1.7500,-0.0281,-0.0363,-0.1212,18.2906,0.0114,-7.7782,0.1690
42.400,171.776,0.9891,-6.8981,-99.343,0.9955,-6.7811,-99.737,-0.1165,-0.0127,0.1171,-0.394,1.6527,3.7923,-0.497,-0.5656,-10.5788,-99.240,5.390,-0.2920,174.870,0.9176,0.0142,0.0353,2.4782,5.2476,4.9272,nan,4.6824,4.8031,0.1902,-0.0730,1.7258,-0.0456,-0.0369,-0.1387,18.4905,0.0800,-6.2860,0.1690
42.450,172.065,0.9398,-7.1824,-100.634,0.9483,-7.0337,-100.868,-0.1477,-0.0190,0.1489,-0.234,1.6688,3.7718,-0.596,-0.6079,-10.8125,-100.272,5.123,-0.5034,175.140,0.8839,0.0142,0.0399,2.8128,4.9505,4.8735,nan,4.5945,4.5801,0.1814,-0.0734,1.6934,-0.0616,-0.0331,-0.1640,18.7903,0.0800,-4.4974,0.1690
42.500,172.346,0.8844,-7.4584,-102.414,0.8852,-7.3689,-102.339,-0.0876,-0.0184,0.0895,0.075,1.5730,3.7000,-0.122,-0.6641,-11.0703,-102.217,4.942,-0.5568,175.409,0.8750,0.0157,0.0304,1.9402,4.8886,4.9216,nan,4.3597,4.4650,0.1768,-0.1136,1.6540,-0.0571,-0.0052,-0.1854,19.0902,0.0578,-3.1711,0.1690
42.550,172.619,0.8224,-7.7241,-104.188,0.8121,-7.7158,-103.845,-0.0055,-0.0121,0.0133,0.343,1.4753,3.6271,0.349,-0.7323,-11.3387,-104.194,4.800,-0.5433,175.673,0.8817,0.0175,0.0258,1.4727,4.7408,4.7490,nan,4.1582,4.1910,0.1660,-0.1707,1.6418,-0.0344,0.0352,-0.2090,19.3900,0.0185,-4.2187,0.1690
42.600,172.878,0.7558,-7.9745,-105.887,0.7560,-8.0197,-104.777,0.0434,0.0126,0.0452,1.110,1.3187,3.5820,1.171,-0.7997,-11.5877,-105.948,4.628,-0.6286,175.921,0.8816,0.0218,0.0146,0.6712,4.4643,4.4146,nan,4.0374,4.1138,0.1629,-0.2045,1.6418,-0.0243,0.0497,-0.2058,19.5899,0.0800,-4.2187,0.1690
42.650,173.133,0.6816,-8.2182,-108.441,0.6807,-8.2890,-107.292,0.0675,0.0216,0.0708,1.149,1.4308,3.5189,0.575,-0.8684,-11.7998,-107.867,4.479,-0.8398,176.168,0.8609,0.0101,0.0121,1.1963,4.3900,4.4146,nan,3.9778,4.0967,0.1622,-0.2237,1.6071,0.0179,0.0928,-0.2397,19.8897,0.0800,-3.6263,0.1690
42.700,173.377,0.5987,-8.4478,-112.007,0.5895,-8.5419,-111.226,0.0907,0.0268,0.0945,0.780,1.5766,3.4901,-0.130,-0.9597,-12.0343,-111.096,4.255,-1.2241,176.400,0.8706,0.0138,0.0115,0.8281,4.4354,4.4877,nan,3.7429,3.6218,0.1434,-0.2192,1.4732,0.0336,0.0682,-0.2751,20.0896,-0.0702,-5.2549,0.1708
42.750,173.610,0.5044,-8.6607,-116.545,0.4944,-8.7304,-115.898,0.0668,0.0222,0.0704,0.648,1.5766,3.4901,-0.130,-1.0544,-12.2229,-115.767,4.059,-1.3869,176.625,0.8594,0.0245,0.0222,0.9030,4.2263,4.2139,nan,3.6925,3.6242,0.1435,-0.2412,1.4409,0.0232,0.0451,-0.3198,20.3895,-0.0395,-4.3471,0.1708
42.801,173.820,0.4047,-8.8455,-120.689,0.3661,-8.9641,-121.567,0.1217,0.0273,0.1247,-0.878,1.6636,3.4467,-0.560,-1.1762,-12.4228,-121.007,3.757,-1.3596,176.819,0.8860,0.1024,0.1240,1.2111,4.1609,4.1852,nan,3.5449,3.4293,0.1358,-0.2488,1.3566,0.0229,0.0120,-0.3452,20.5894,-0.0800,-7.8191,0.1708
42.850,173.820,0.4047,-8.8455,-120.689,0.3719,-8.9761,-121.608,0.1291,0.0384,0.1347,-0.919,1.6782,3.4337,-0.600,-1.1762,-12.4228,-121.007,3.757,-1.3596,176.819,0.8860,0.0297,0.0438,1.4761,3.7605,3.4701,nan,3.5449,3.6746,0.1455,-0.2514,1.3547,0.0217,-0.0149,-0.3561,20.6893,0.0800,-4.1589,0.1708
42.900,174.026,0.2935,-9.0189,-125.135,0.2866,-9.0823,-126.499,0.0558,0.0308,0.0638,-1.364,1.8844,3.4245,-1.517,-1.2661,-12.5448,-124.982,3.604,-1.3897,177.019,0.8436,0.0058,0.0097,1.6667,3.6358,3.6455,nan,3.3913,3.4993,0.1386,-0.2072,1.0064,-0.0008,-0.0311,-0.3803,20.8892,0.0625,-4.7034,0.1708
42.950,174.222,0.1749,-9.1758,-129.525,0.1555,-9.2301,-130.433,0.0543,0.0196,0.0577,-0.908,1.7382,3.4598,-0.813,-1.4024,-12.7112,-129.620,3.456,-1.3581,177.211,0.8637,0.0110,0.0209,1.9099,3.4219,3.4051,nan,3.3913,3.3632,0.1332,-0.2006,1.0064,-0.0164,-0.0453,-0.3925,20.9892,0.0800,1.3344,0.1708
43.000,174.421,0.0428,-9.3248,-133.925,0.0389,-9.3434,-134.699,0.0161,0.0101,0.0190,-0.773,1.7202,3.4803,-0.672,-1.5308,-12.8425,-134.027,3.507,-1.1478,177.415,0.8528,0.0205,0.0261,1.2744,3.4943,3.5378,nan,3.1824,3.1811,0.1260,-0.1993,0.8550,-0.0299,-0.0106,-0.4250,21.1891,-0.0008,-1.4256,0.1708
43.050,174.606,-0.0887,-9.4540,-137.320,-0.0881,-9.4473,-137.666,-0.0050,-0.0045,0.0067,-0.346,1.6444,3.5191,-0.251,-1.6756,-12.9739,-137.415,3.450,-1.0851,177.598,0.8657,0.0248,0.0265,1.0681,3.4257,3.4433,nan,3.0643,3.0066,0.1191,-0.1986,0.8550,-0.0436,-0.0112,-0.4387,21.2890,-0.0334,-2.9449,0.1708
43.100,174.789,-0.2266,-9.5746,-140.604,-0.2176,-9.5536,-140.562,-0.0203,-0.0105,0.0228,0.042,1.5745,3.5373,0.101,-1.8151,-13.0878,-140.663,3.342,-1.0354,177.776,0.8644,0.0296,0.0261,0.8831,3.3351,3.3484,nan,2.8755,2.8179,0.1116,-0.2423,0.8550,-0.0481,0.0266,-0.4370,21.4889,-0.0334,-3.9443,0.1708
43.150,174.975,-0.3732,-9.6885,-143.896,-0.3634,-9.6472,-143.913,-0.0322,-0.0276,0.0424,-0.017,1.5710,3.5570,0.147,-1.9682,-13.1992,-144.060,3.188,-0.9833,177.955,0.8693,0.0036,0.0128,3.5195,3.3234,3.3484,nan,2.8512,2.8389,0.1124,-0.3098,0.8550,-0.0420,0.0246,-0.4365,21.5889,-0.0071,-3.9443,0.1708
43.200,175.148,-0.5159,-9.7871,-146.980,-0.4903,-9.7325,-146.505,-0.0512,-0.0318,0.0603,0.475,1.5037,3.5619,0.432,-2.0943,-13.2790,-146.937,3.018,-1.0133,178.121,0.8466,0.0077,0.0124,1.6173,3.0918,3.0644,nan,2.8512,2.8904,0.1145,-0.3168,0.8550,-0.0558,0.0258,-0.4326,21.6888,0.0800,-4.4326,0.1708
43.250,175.300,-0.6455,-9.8659,-150.934,-0.6190,-9.8025,-149.353,-0.0540,-0.0426,0.0688,1.581,1.4763,3.5774,0.583,-2.2313,-13.3579,-149.936,2.848,-1.4123,178.268,0.8534,0.0094,0.0128,1.3641,3.0637,3.0842,nan,2.8838,2.7577,0.1092,-0.3821,0.8550,-0.0464,0.0639,-0.4344,21.8887,0.0800,-4.9942,0.1708
43.300,175.427,-0.7586,-9.9244,-154.568,-0.7487,-9.8663,-154.007,-0.0339,-0.0482,0.0589,0.561,1.3468,3.5915,1.120,-2.3581,-13.4143,-155.127,2.805,-1.4404,178.395,0.8652,0.0041,0.0209,5.0603,2.8868,2.8768,nan,3.0488,3.1720,0.1256,-0.3177,0.8550,-0.0648,0.0003,-0.4809,21.9887,0.0713,-1.4701,0.1708
43.350,175.583,-0.9023,-9.9855,-159.813,-0.8598,-9.9236,-157.803,-0.0612,-0.0435,0.0751,2.010,1.3324,3.5752,1.136,-2.4595,-13.4526,-158.939,2.723,-1.4570,178.551,0.8175,0.0097,0.0153,1.5753,2.5618,2.4570,nan,3.0488,2.8818,0.1141,-0.3035,0.8550,-0.0646,-0.0017,-0.5667,22.0886,0.0800,-3.4044,0.1708
43.400,175.739,-1.0508,-10.0339,-164.272,-1.0378,-9.9788,-163.195,-0.0274,-0.0495,0.0566,1.076,1.3324,3.5752,1.136,-2.6386,-13.5043,-164.332,2.914,-1.4004,178.719,0.8470,0.0164,0.0191,1.1657,2.8154,2.9537,nan,3.2122,3.1354,0.1242,-0.3721,0.8550,-0.0514,0.0391,-0.7318,22.2885,0.0800,5.4526,0.1708
43.450,175.739,-1.0508,-10.0339,-164.272,-1.0321,-9.9820,-162.940,-0.0321,-0.0449,0.0551,1.332,1.2777,3.5824,1.392,-2.6386,-13.5043,-164.332,2.914,-1.4004,178.719,0.8470,0.0164,0.0182,1.1095,3.0186,3.1129,nan,3.2704,3.2403,0.1283,-0.4230,0.9941,-0.0346,0.1131,-0.5919,22.4884,-0.0174,-2.1625,0.1708
43.500,175.897,-1.2042,-10.0712,-168.568,-1.1911,-10.0178,-166.962,-0.0234,-0.0497,0.0550,1.606,1.2190,3.6004,1.704,-2.8141,-13.5405,-168.666,2.851,-1.4201,178.876,0.8673,0.0244,0.0219,0.8975,2.8716,2.8696,nan,3.3549,3.4039,0.1348,-0.4094,1.1114,-0.0319,0.1073,-0.5670,22.5884,0.0283,1.8134,0.1708
43.550,176.057,-1.3614,-10.0964,-173.766,-1.3401,-10.0405,-171.803,-0.0273,-0.0533,0.0599,1.962,1.3043,3.5822,1.336,-2.9612,-13.5573,-173.139,2.936,-1.7554,179.044,0.8549,0.0052,0.0196,3.7464,2.9511,2.9912,nan,3.3911,3.4970,0.1385,-0.3748,1.1498,-0.0268,0.1020,-0.5640,22.7882,0.0613,1.3410,0.1708
43.600,176.226,-1.5305,-10.1064,179.926,-1.5195,-10.0464,-178.536,-0.0109,-0.0600,0.0610,1.538,1.4151,3.5585,0.848,-3.1357,-13.5599,-179.384,3.016,-1.9585,179.224,0.8573,0.0106,0.0164,1.5486,3.1452,3.2355,nan,3.4845,3.5160,0.1392,-0.3382,1.2546,-0.0250,0.0844,-0.5148,22.9881,0.0183,2.3766,0.1708
43.651,176.392,-1.6965,-10.0981,173.814,-1.7073,-10.0340,174.756,0.0177,-0.0626,0.0650,0.942,1.3527,3.5692,1.143,-3.3308,-13.5394,173.613,3.133,-1.8951,179.403,0.8807,0.0131,0.0152,1.1600,3.1681,3.1977,nan,3.5774,3.6552,0.1448,-0.3306,1.2637,-0.0096,0.0513,-0.5062,23.0881,0.0451,2.6945,0.1708
43.700,176.571,-1.8730,-10.0703,167.822,-1.8807,-10.0112,168.794,0.0200,-0.0561,0.0596,0.972,1.3314,3.5727,1.261,-3.5103,-13.5099,167.533,3.243,-1.7512,179.592,0.8830,0.0192,0.0137,0.7127,3.2476,3.2906,nan,3.6349,3.7659,0.1491,-0.3269,1.3052,-0.0057,0.0732,-0.5013,23.2880,0.0800,1.9905,0.1708
43.750,176.755,-2.0508,-10.0234,162.262,-2.0618,-9.9579,163.024,0.0305,-0.0591,0.0665,0.763,1.4091,3.5527,0.954,-3.6955,-13.4508,162.070,3.323,-1.7291,179.785,0.8862,0.0046,0.0167,3.6014,3.2618,3.2906,nan,3.6042,3.6829,0.1459,-0.3196,1.3282,0.0054,0.0365,-0.4753,23.3880,0.0456,1.9905,0.1708
43.800,176.940,-2.2251,-9.9591,156.765,-2.2281,-9.9013,158.027,0.0256,-0.0519,0.0579,1.262,1.4331,3.5451,0.850,-3.8602,-13.3906,157.177,3.424,-1.7315,179.981,0.8783,0.0059,0.0158,2.6663,3.3185,3.3565,nan,3.6671,3.7210,0.1474,-0.3059,1.3633,0.0157,0.0413,-0.4472,23.5878,0.0312,2.1691,0.1708
43.850,177.134,-2.3995,-9.8749,151.240,-2.4243,-9.7905,151.659,0.0623,-0.0620,0.0879,0.419,1.5502,3.5181,0.409,-4.0695,-13.2799,151.250,3.492,-1.6768,180.182,0.9040,0.0090,0.0096,1.0660,3.6009,3.8209,nan,3.8531,3.9095,0.1548,-0.2926,1.4793,0.0237,0.0752,-0.4279,23.8877,0.0327,1.4838,0.1708
43.900,177.331,-2.5679,-9.7728,145.857,-2.5832,-9.6824,146.306,0.0634,-0.0662,0.0917,0.449,1.5502,3.5181,0.409,-4.2276,-13.1707,145.897,3.550,-1.6385,180.386,0.8922,0.0148,0.0073,0.4958,3.6032,3.6329,nan,3.9016,3.9232,0.1554,-0.2601,1.4802,0.0067,0.0301,-0.4425,23.9876,0.0800,0.9318,0.1708
43.950,177.331,-2.5679,-9.7728,145.857,-2.5721,-9.6836,146.053,0.0535,-0.0714,0.0893,0.196,1.6196,3.4985,0.156,-4.2276,-13.1707,145.897,3.550,-1.6385,180.386,0.8922,0.0148,0.0064,0.4357,3.6362,3.6719,nan,3.9932,3.9608,0.1569,-0.2368,1.5005,-0.0034,0.0347,-0.4492,24.1875,0.0800,2.5481,0.1708
44.000,177.530,-2.7276,-9.6547,140.707,-2.7352,-9.5507,140.941,0.0718,-0.0757,0.1043,0.234,1.5697,3.5152,0.372,-4.3897,-13.0376,140.569,3.665,-1.5122,180.596,0.8906,0.0196,0.0101,0.5155,3.6875,3.7277,nan,4.0908,4.1388,0.1639,-0.2355,1.5911,-0.0007,0.0525,-0.3645,24.3874,0.0276,1.6305,0.1708
44.050,177.722,-2.8720,-9.5276,136.243,-2.8802,-9.4150,136.789,0.0838,-0.0756,0.1129,0.546,1.5413,3.5254,0.470,-4.5276,-12.9037,136.318,3.726,-1.5059,180.794,0.8826,0.0060,0.0121,2.0110,3.8520,3.9345,nan,4.1882,4.1391,0.1639,-0.2261,1.6757,0.0081,0.0478,-0.3433,24.5873,-0.0267,0.4592,0.1708
44.100,177.921,-3.0112,-9.3850,132.000,-3.0301,-9.2576,132.483,0.1073,-0.0712,0.1288,0.482,1.4406,3.5538,0.930,-4.6780,-12.7372,131.553,3.799,-1.3972,181.001,0.8879,0.0066,0.0121,1.8270,3.7896,3.8110,nan,4.2824,4.4205,0.1751,-0.2324,1.6520,0.0182,0.0673,-0.3456,24.7872,0.0780,2.4484,0.1708
44.150,178.141,-3.1523,-9.2162,127.389,-3.1651,-9.0924,128.323,0.1061,-0.0650,0.1244,0.934,1.4127,3.5587,1.064,-4.8119,-12.5640,127.259,3.908,-1.3768,181.231,0.8799,0.0083,0.0148,1.7910,3.8566,3.9023,nan,4.3700,4.5123,0.1787,-0.2284,1.7052,0.0255,0.0698,-0.3197,24.9871,0.0788,1.1283,0.1708
44.200,178.374,-3.2865,-9.0265,122.694,-3.2924,-8.9145,124.329,0.0975,-0.0555,0.1122,1.636,1.3295,3.5787,1.447,-4.9359,-12.3726,122.883,3.971,-1.4231,181.470,0.8696,0.0107,0.0186,1.7400,4.0699,4.1914,nan,4.4801,4.5327,0.1795,-0.2217,1.7869,0.0377,0.0627,-0.3011,25.1870,0.0276,3.1292,0.1708
44.250,178.605,-3.4039,-8.8276,117.925,-3.4161,-8.7111,119.999,0.1087,-0.0438,0.1172,2.074,1.2360,3.5994,1.893,-5.0562,-12.1501,118.106,4.121,-1.4699,181.716,0.8676,0.0066,0.0247,3.7680,4.2587,4.3699,nan,4.5434,4.4972,0.1781,-0.2104,1.8030,0.0507,0.0478,-0.2851,25.3869,-0.0233,2.6520,0.1708
44.300,178.814,-3.4958,-8.6399,113.690,-3.5159,-8.5113,115.570,0.1259,-0.0333,0.1302,1.880,1.2247,3.5924,1.946,-5.1487,-11.9357,113.625,4.228,-1.4940,181.936,0.8637,0.0066,0.0292,4.4521,4.2826,4.3256,nan,4.6059,4.5979,0.1821,-0.2021,1.8133,0.0584,0.0326,-0.2750,25.5868,-0.0040,1.2558,0.1708
44.350,179.044,-3.5810,-8.4256,109.137,-3.5999,-8.2956,110.603,0.1291,-0.0247,0.1314,1.466,1.3087,3.5578,1.540,-5.2254,-11.7172,109.063,4.303,-1.4162,182.175,0.8546,0.0066,0.0304,4.6068,4.2870,4.3256,nan,4.6672,4.7214,0.1870,-0.1862,1.8188,0.0608,0.0137,-0.2697,25.7867,0.0273,1.2558,0.1708
44.400,179.282,-3.6510,-8.1989,104.722,-3.6690,-8.0834,106.282,0.1163,-0.0119,0.1169,1.560,1.3105,3.5392,1.579,-5.2978,-11.4810,104.703,4.340,-1.2886,182.419,0.8555,0.0068,0.0335,4.8937,4.3671,4.4285,nan,4.7281,4.8119,0.1906,-0.1749,1.8228,0.0654,0.0226,-0.2658,26.0865,0.0420,0.3478,0.1708
44.450,179.528,-3.7061,-7.9585,100.647,-3.7227,-7.8337,102.123,0.1258,-0.0067,0.1259,1.476,1.3105,3.5392,1.579,-5.3447,-11.2299,100.545,4.460,-1.2276,182.677,0.8459,0.0067,0.0365,5.4698,4.4195,4.4734,nan,4.8307,4.9582,0.1964,-0.1621,1.8310,0.0555,0.0189,-0.2580,26.2864,0.0633,2.8210,0.1708
44.500,179.528,-3.7061,-7.9585,100.647,-3.7228,-7.8342,101.887,0.1253,-0.0066,0.1254,1.240,1.3573,3.5179,1.343,-5.3447,-11.2299,100.545,4.460,-1.2276,182.677,0.8459,0.0067,0.0342,5.1114,4.5016,4.5682,nan,4.9646,5.1256,0.2030,-0.1466,1.8391,0.0502,0.0092,-0.2503,26.4863,0.0800,2.4155,0.1708
44.550,179.777,-3.7447,-7.7131,96.790,-3.7553,-7.5927,98.362,0.1208,-0.0037,0.1208,1.572,1.3068,3.5274,1.624,-5.3753,-10.9722,96.738,4.568,-1.1747,182.936,0.8364,0.0083,0.0416,5.0238,4.6073,4.6875,nan,5.0755,5.2367,0.2074,-0.1383,1.8462,0.0449,0.0081,-0.2435,26.6863,0.0800,2.6349,0.1708
44.600,180.031,-3.7676,-7.4596,93.141,-3.7757,-7.3390,94.177,0.1209,0.0015,0.1209,1.036,1.3865,3.4726,1.215,-5.3903,-10.6997,92.962,4.684,-1.1020,183.202,0.8264,0.0068,0.0391,5.7780,4.6373,4.6901,nan,5.2046,5.2829,0.2092,-0.1190,1.8573,0.0368,-0.0006,-0.2332,26.8861,0.0800,3.2673,0.1708
44.650,180.298,-3.7751,-7.1931,89.660,-3.7753,-7.0739,90.959,0.1192,0.0009,0.1192,1.299,1.4026,3.4843,1.148,-5.3885,-10.4523,89.810,4.824,-1.0523,183.483,0.8194,0.0053,0.0426,8.0516,4.9195,5.3237,nan,5.4232,5.5358,0.2192,-0.1133,1.9003,0.0350,0.0314,-0.1941,27.2859,0.0494,2.7053,0.1708
44.700,180.571,-3.7664,-6.9196,86.328,-3.7650,-6.7553,87.586,0.1641,0.0091,0.1643,1.258,1.3681,3.4856,1.332,-5.3697,-10.1188,86.254,4.942,-0.9460,183.769,0.8041,0.0059,0.0570,9.5993,4.9873,5.0642,nan,5.5577,5.6669,0.2244,-0.1057,1.9319,0.0349,0.0279,-0.1665,27.4858,0.0467,2.0441,0.1721
44.750,180.846,-3.7427,-6.6462,83.421,-3.7309,-6.5041,84.119,0.1425,0.0046,0.1426,0.698,1.4647,3.4236,0.817,-5.3366,-9.8527,83.302,5.034,-0.8972,184.053,0.7950,0.0085,0.0471,5.5204,5.0359,5.1062,nan,5.6410,5.6904,0.2254,-0.0891,1.9853,0.0224,0.0053,-0.1102,27.6857,0.0205,3.5714,0.1721
44.800,181.127,-3.7046,-6.3673,80.610,-3.6862,-6.2222,80.618,0.1462,0.0056,0.1463,0.008,1.5871,3.3530,0.096,-5.2893,-9.5664,80.522,5.186,-0.8784,184.350,0.7855,0.0130,0.0469,3.6090,5.1552,5.2666,nan,5.8026,5.8980,0.2336,-0.0824,1.9853,0.0179,-0.0027,-0.1219,27.9856,0.0389,3.1013,0.1721
44.850,181.427,-3.6493,-6.0725,77.812,-3.6203,-5.9218,77.725,0.1534,0.0035,0.1535,-0.087,1.6016,3.3405,0.013,-5.2241,-9.2610,77.712,5.325,-0.7661,184.664,0.7751,0.0032,0.0318,9.8423,5.1951,5.2666,nan,5.8815,6.0606,0.2400,-0.0633,1.9853,0.0057,-0.0214,-0.1331,28.2854,0.0735,3.1013,0.1721
44.900,181.734,-3.5790,-5.7743,75.444,-3.5435,-5.6253,75.549,0.1531,0.0030,0.1532,0.104,1.5760,3.3460,0.160,-5.1445,-8.9569,75.388,5.436,-0.5687,184.983,0.7656,0.0055,0.0361,6.5641,5.3390,5.4781,nan,5.9894,6.1743,0.2445,-0.0586,1.9867,-0.0061,-0.0124,-0.1326,28.5853,0.0745,2.0688,0.1721
44.950,182.027,-3.5016,-5.4910,73.800,-3.4465,-5.2937,73.754,0.2048,0.0022,0.2048,-0.046,1.5760,3.3460,0.160,-5.0467,-8.6256,73.593,5.628,-0.5279,185.296,0.7451,0.0075,0.0450,6.0100,5.5521,5.7903,nan,6.1400,6.2850,0.2489,-0.0661,1.9947,-0.0060,0.0129,-0.1261,28.8851,0.0564,4.6253,0.1721
45.000,182.353,-3.4066,-5.1791,72.089,-3.4511,-5.3042,73.699,-0.1327,0.0039,0.1327,1.610,1.5796,3.3307,0.106,-5.0467,-8.6256,73.593,5.628,-0.5279,185.640,0.8878,0.0555,0.0434,0.7817,5.4770,5.5137,nan,6.2451,6.3459,0.2513,-0.0623,1.9947,-0.0045,0.0158,-0.1203,29.0850,0.0800,3.7787,0.1721
45.050,182.353,-3.4066,-5.1791,72.089,-3.3652,-5.0486,72.008,0.1369,0.0007,0.1369,-0.081,1.6262,3.2986,-0.199,-4.9623,-8.3646,72.207,5.795,-0.5642,185.640,0.7559,0.0122,0.0332,2.7322,5.7310,6.5465,nan,6.4520,6.6001,0.2614,-0.0517,1.9947,-0.0042,0.0253,-0.1169,29.4848,0.0800,2.9372,0.1721
45.100,182.676,-3.3032,-4.8735,70.214,-3.2229,-4.6424,70.410,0.2446,0.0026,0.2447,0.196,1.5771,3.3339,0.155,-4.8215,-7.9633,70.255,5.923,-0.5862,185.978,0.7212,0.0028,0.0270,9.7384,5.8289,5.9574,nan,6.5976,6.6383,0.2629,-0.0435,2.0031,0.0014,0.0367,-0.1193,29.7846,0.0800,2.1453,0.1721
45.150,182.962,-3.2032,-4.6050,68.639,-3.1362,-4.4107,68.993,0.2054,0.0084,0.2055,0.355,1.5331,3.3494,0.413,-4.7252,-7.7262,68.580,6.006,-0.5745,186.275,0.7226,0.0039,0.0199,5.0636,5.9603,6.1237,nan,6.7800,7.0016,0.2773,-0.0357,2.0999,0.0192,0.0385,-0.0450,30.0845,0.0791,1.3113,0.1721
45.200,183.304,-3.0752,-4.2889,67.048,-3.0172,-4.1029,68.454,0.1938,0.0191,0.1948,1.406,1.3671,3.4356,1.600,-4.5931,-7.4132,66.854,6.164,-0.4421,186.635,0.7184,0.0023,0.0315,13.6274,6.2128,6.6570,nan,6.9532,7.0861,0.2806,-0.0499,2.0825,0.0525,0.0535,-0.0129,30.4843,0.0454,2.6301,0.1721
45.251,183.608,-2.9539,-4.0092,65.871,-2.8912,-3.7834,68.175,0.2317,0.0351,0.2344,2.304,1.2486,3.4755,2.419,-4.4424,-7.0777,65.756,6.274,-0.3878,186.953,0.6941,0.0023,0.0473,20.4555,6.1917,6.2620,nan,7.0000,7.1931,0.2849,-0.0527,2.0769,0.0765,0.0553,-0.0155,30.6842,0.0663,4.4395,0.1721
45.300,183.972,-2.8022,-3.6783,64.675,-2.7339,-3.4369,67.177,0.2474,0.0416,0.2509,2.502,1.2611,3.5272,2.552,-4.3011,-6.7793,64.625,6.481,-0.4660,187.342,0.7009,0.0027,0.0418,15.5674,6.4480,6.9674,nan,7.0000,7.0206,0.2780,-0.0382,2.0752,0.0876,0.0419,-0.0218,31.1839,0.0068,3.4196,0.1721
45.350,184.320,-2.6501,-3.3656,63.132,-2.5701,-3.0695,66.477,0.3003,0.0624,0.3068,3.345,1.1711,3.5567,3.271,-4.1132,-6.4019,63.206,6.628,-0.5293,187.710,0.6739,0.0034,0.0451,13.3433,6.5416,6.7014,nan,7.0000,6.9583,0.2756,-0.0242,2.0752,0.0956,0.0310,-0.0146,31.4838,-0.0137,2.8845,0.1721
45.400,184.689,-2.4796,-3.0390,61.405,-2.4235,-2.7637,64.920,0.2686,0.0825,0.2810,3.515,1.1517,3.5589,3.429,-3.9470,-6.0974,61.491,6.755,-0.5286,188.096,0.6745,0.0065,0.0411,6.3319,6.7593,7.1358,nan,6.9478,6.7194,0.2661,0.0001,2.0258,0.0967,-0.0012,0.0247,31.8836,-0.0730,1.8445,0.1721
45.450,185.074,-2.2919,-2.7023,60.103,-2.2111,-2.3402,62.901,0.3542,0.1104,0.3710,2.799,1.1910,3.5853,3.226,-3.7302,-5.7246,59.675,6.768,-0.2991,188.488,0.6523,0.0048,0.0409,8.4943,6.9002,7.1358,nan,6.5621,6.3482,0.2514,0.0299,1.9945,0.0912,-0.0340,0.0378,32.1834,-0.0800,1.8445,0.1721
45.500,185.446,-2.1046,-2.3809,59.333,-2.0396,-2.0301,62.326,0.3349,0.1230,0.3568,2.993,1.2061,3.5769,3.144,-3.5483,-5.4205,59.182,6.750,-0.0821,188.863,0.6542,0.0007,0.0371,53.4821,6.8246,6.8814,nan,6.2980,6.2786,0.2487,0.0446,1.9649,0.0836,-0.0488,0.0579,32.5832,-0.0800,-0.2003,0.1721
45.550,185.815,-1.9164,-2.0641,59.335,-1.8447,-1.6890,61.677,0.3592,0.1297,0.3819,2.341,1.2628,3.5363,2.608,-3.3421,-5.0784,59.068,6.644,0.1267,189.226,0.6417,0.0004,0.0154,41.7011,6.8621,6.9891,nan,5.9829,5.8268,0.2308,0.0652,1.9472,0.0608,-0.0562,0.0618,32.8830,-0.0800,-2.0714,0.1721
45.600,186.180,-1.7327,-1.7485,60.716,-1.6987,-1.4105,62.335,0.3114,0.1357,0.3397,1.619,1.2628,3.5363,2.608,-3.1835,-4.8069,59.727,6.409,0.5418,189.572,0.6582,0.0006,0.0162,29.2234,6.5491,6.4286,nan,5.8362,5.9580,0.2360,0.0809,1.9302,0.0353,-0.0612,0.0633,33.1829,0.0800,-4.9528,0.1721
45.650,186.180,-1.7327,-1.7485,60.716,-1.6911,-1.3832,62.668,0.3389,0.1424,0.3676,1.952,1.2415,3.5807,2.942,-3.1835,-4.8069,59.727,6.409,0.5418,189.572,0.6582,0.0006,0.0162,29.2722,6.4175,6.4416,nan,5.6229,5.8037,0.2299,0.0549,1.9288,0.0546,-0.0083,0.0454,33.5827,0.0778,-7.0958,0.1721
45.700,186.523,-1.5687,-1.4471,62.702,-1.5236,-1.0320,66.149,0.3896,0.1503,0.4176,3.447,1.1991,3.6303,3.657,-3.0145,-4.4791,62.492,6.099,0.7163,189.891,0.6578,0.0009,0.0232,25.0826,5.9922,5.5799,nan,5.4830,5.3946,0.2136,0.0357,1.9288,0.0692,0.0392,0.0793,33.7826,0.0800,-3.3362,0.1721
45.750,186.860,-1.4189,-1.1448,65.103,-1.3993,-0.7517,68.046,0.3648,0.1477,0.3936,2.943,1.2774,3.6360,3.043,-2.9058,-4.2394,65.003,5.956,0.5759,190.219,0.6896,0.0085,0.0433,5.1102,5.8651,5.8866,nan,5.3449,5.4004,0.2139,0.0629,1.8935,0.0566,0.0249,0.1108,34.0824,0.0800,-3.0866,0.1721
45.800,187.184,-1.2860,-0.8497,66.693,-1.2684,-0.4146,70.056,0.4065,0.1560,0.4355,3.363,1.2797,3.6607,3.141,-2.7676,-3.9295,66.915,5.810,0.3805,190.533,0.6858,0.0035,0.0420,12.0995,5.7078,5.7151,nan,5.1189,5.2581,0.2082,0.0852,1.8481,0.0582,-0.0019,0.1328,34.3823,0.0653,-5.7501,0.1721
45.850,187.502,-1.1623,-0.5569,67.757,-1.1497,-0.0982,70.759,0.4294,0.1620,0.4589,3.002,1.3180,3.6714,2.847,-2.6518,-3.6423,67.912,5.565,0.4563,190.833,0.6931,0.0001,0.0216,233.8922,5.4314,5.3660,nan,4.9508,5.1011,0.2020,0.1118,1.8070,0.0442,-0.0272,0.1506,34.6821,0.0800,-3.4028,0.1721
45.900,187.809,-1.0493,-0.2710,69.482,-1.0486,0.2065,72.419,0.4475,0.1667,0.4775,2.937,1.3104,3.7259,3.206,-2.5522,-3.3819,69.213,5.420,0.6334,191.131,0.7042,0.0003,0.0205,63.4043,5.3340,5.3618,nan,4.6668,4.6681,0.1849,0.1181,1.7152,0.0442,-0.0339,0.1656,34.9820,0.0006,-3.6033,0.1721
45.950,188.103,-0.9506,0.0058,71.722,-0.9545,0.5150,73.909,0.4823,0.1634,0.5092,2.187,1.3699,3.7264,2.470,-2.4606,-3.1083,71.439,5.271,0.7930,191.415,0.7111,0.0142,0.0358,2.5287,5.2547,5.2875,nan,4.4940,4.4114,0.1747,0.1079,1.7152,0.0441,-0.0049,0.1714,35.0819,-0.0415,-3.7728,0.1721
46.000,188.388,-0.8665,0.2785,74.555,-0.8696,0.7889,75.769,0.4911,0.1389,0.5104,1.214,1.4332,3.6689,1.434,-2.3741,-2.8215,74.335,5.105,0.9189,191.691,0.7097,0.0115,0.0147,1.2856,5.2367,5.2875,nan,4.1353,4.1613,0.1648,0.1576,1.6703,0.0067,-0.0589,0.1805,35.5817,-0.0800,-3.7728,0.1721
46.050,188.675,-0.7962,0.5567,77.595,-0.8158,0.9956,77.925,0.4245,0.1135,0.4394,0.331,1.4897,3.5992,0.424,-2.3248,-2.5865,77.501,4.794,0.9607,191.957,0.7284,0.0105,0.0161,1.5411,4.9074,4.7973,nan,4.0454,3.9442,0.1562,0.1793,1.6526,-0.0073,-0.0373,0.1814,35.6816,-0.0561,-6.7956,0.1721
46.100,188.919,-0.7494,0.7959,80.962,-0.7752,1.2571,81.092,0.4514,0.0979,0.4619,0.130,1.4897,3.5992,0.424,-2.2822,-2.3253,80.669,4.425,1.1493,192.176,0.7334,0.0172,0.0241,1.4001,4.7603,4.7692,nan,3.9144,3.8614,0.1529,0.1905,1.6010,-0.0283,-0.0384,0.1764,35.8815,-0.0307,-8.1393,0.1721
46.150,188.919,-0.7494,0.7959,80.962,-0.7693,1.1917,79.960,0.3878,0.0818,0.3963,-1.002,1.5415,3.4886,-0.708,-2.2822,-2.3253,80.669,4.425,1.1493,192.176,0.7334,0.0172,0.0148,0.8585,4.3517,3.9343,nan,3.9694,3.8760,0.1535,0.1796,1.5707,-0.0289,-0.0035,0.1733,35.9814,0.0800,-7.4424,0.1721
46.200,189.157,-0.7186,1.0318,84.765,-0.7368,1.3552,83.113,0.3204,0.0477,0.3239,-1.652,1.5908,3.4439,-1.551,-2.2703,-2.1509,84.664,4.102,1.1991,192.396,0.7518,0.0249,0.0107,0.4307,4.0140,3.9188,nan,3.8680,3.6534,0.1447,0.1914,1.5261,-0.0484,0.0078,0.2126,36.1814,0.0800,-5.2732,0.1721
46.250,189.381,-0.7046,1.2550,88.565,-0.7101,1.5614,85.764,0.3062,0.0132,0.3065,-2.801,1.6379,3.3922,-2.727,-2.2583,-1.9404,88.491,3.911,1.1129,192.610,0.7543,0.0159,0.0207,1.3048,3.9394,3.9601,nan,3.8289,3.6337,0.1439,0.2185,1.4798,-0.0542,-0.0065,0.2545,36.3812,0.0800,-1.9916,0.1721
46.300,189.601,-0.7052,1.4756,92.134,-0.7112,1.7620,89.337,0.2864,-0.0047,0.2864,-2.797,1.6353,3.3709,-2.747,-2.2667,-1.7196,92.084,3.818,1.1230,192.827,0.7621,0.0189,0.0201,1.0639,3.9106,3.9380,nan,3.7648,3.5688,0.1413,0.2188,1.4690,-0.0412,0.0259,0.2421,36.4812,0.0800,-4.0804,0.1721
46.350,189.803,-0.7181,1.6771,95.589,-0.7195,1.9325,92.118,0.2543,-0.0235,0.2554,-3.471,1.6579,3.2920,-3.564,-2.2884,-1.5046,95.682,3.671,1.1932,193.023,0.7703,0.0299,0.0212,0.7086,3.6173,3.5624,nan,3.6125,3.2303,0.1279,0.2075,1.3588,-0.0310,0.0478,0.2363,36.5811,0.0800,-2.7255,0.1721
46.400,190.003,-0.7435,1.8749,99.481,-0.7313,2.0986,95.577,0.2186,-0.0488,0.2240,-3.904,1.6727,3.2631,-3.903,-2.3192,-1.3254,99.480,3.586,1.2229,193.220,0.7766,0.0420,0.0209,0.4986,3.4681,3.4709,nan,3.6125,3.7223,0.1474,0.2055,1.3028,-0.0232,0.0515,0.2942,36.7810,0.0636,-2.2212,0.1721
46.450,190.201,-0.7822,2.0695,103.350,-0.7684,2.2763,99.703,0.1981,-0.0612,0.2073,-3.647,1.6645,3.2616,-3.717,-2.3639,-1.1409,103.420,3.502,1.1527,193.415,0.7831,0.0106,0.0226,2.1223,3.4463,3.4709,nan,3.4501,3.4530,0.1368,0.2018,1.1431,-0.0129,0.0460,0.3731,36.9809,0.0017,-2.2212,0.1721
46.500,190.390,-0.8312,2.2526,106.871,-0.8192,2.4388,103.694,0.1747,-0.0655,0.1865,-3.176,1.6518,3.2568,-3.278,-2.4201,-0.9580,106.973,3.329,1.0778,193.598,0.7904,0.0273,0.0172,0.6282,3.4491,3.4776,nan,3.2775,3.3632,0.1332,0.1993,1.1440,0.0099,0.0633,0.3899,37.0809,0.0496,-5.5062,0.1721
46.550,190.579,-0.8908,2.4310,110.325,-0.8691,2.5712,107.168,0.1239,-0.0691,0.1418,-3.157,1.6507,3.2335,-3.061,-2.4808,-0.7960,110.229,3.462,1.0749,193.794,0.7927,0.0320,0.0154,0.4818,3.3238,3.3306,nan,3.1940,3.1914,0.1264,0.1778,1.1024,0.0387,0.0420,0.3785,37.2808,0.0800,4.0124,0.1721
46.600,190.769,-0.9617,2.6076,113.687,-0.9446,2.7749,110.685,0.1464,-0.0829,0.1682,-3.002,1.6507,3.2335,-3.061,-2.5671,-0.5965,113.746,3.344,0.9510,193.980,0.8064,0.0389,0.0170,0.4368,3.5243,3.6249,nan,3.0405,3.0405,0.1204,0.2115,1.1368,0.0639,0.0624,0.3943,37.3807,-0.0000,-3.1719,0.1721
46.650,190.769,-0.9617,2.6076,113.687,-0.9399,2.7572,110.601,0.1282,-0.0801,0.1512,-3.085,1.6561,3.2120,-3.144,-2.5671,-0.5965,113.746,3.344,0.9510,193.980,0.8064,0.0389,0.0161,0.4151,3.3508,3.3463,nan,2.9646,3.0465,0.1207,0.2078,1.0095,0.0776,0.0192,0.4233,37.5806,0.0474,-3.7485,0.1721
46.700,190.948,-1.0377,2.7702,116.548,-1.0134,2.9056,113.927,0.1103,-0.0822,0.1376,-2.621,1.6500,3.2226,-2.778,-2.6449,-0.4457,116.705,3.191,0.9860,194.152,0.8090,0.0436,0.0180,0.4142,3.1409,3.1227,nan,2.9646,2.9590,0.1172,0.2042,1.0132,0.0949,0.0308,0.4405,37.6806,0.0800,-4.4617,0.1721
46.750,191.122,-1.1195,2.9237,119.821,-1.0998,3.0615,117.440,0.1097,-0.0856,0.1392,-2.381,1.6419,3.2375,-2.482,-2.7315,-0.2946,119.923,3.048,0.9886,194.321,0.8139,0.0198,0.0227,1.1427,2.8738,2.8255,nan,2.8113,2.6937,0.1067,0.1671,0.9270,0.1116,0.0388,0.4612,37.7805,0.0800,-1.2723,0.1730
46.800,191.286,-1.2043,3.0634,122.855,-1.1798,3.1872,120.823,0.0907,-0.0878,0.1262,-2.032,1.6301,3.2732,-2.012,-2.8051,-0.1846,122.835,3.009,0.9743,194.483,0.8055,0.0231,0.0176,0.7624,2.9988,3.0534,nan,2.5358,2.5242,0.1000,0.2428,0.8862,0.1195,-0.0027,0.5241,37.9804,-0.0067,-0.5945,0.1730
46.850,191.452,-1.2979,3.2006,125.846,-1.2813,3.3416,124.114,0.1046,-0.0960,0.1420,-1.732,1.6283,3.2875,-1.814,-2.9099,-0.0380,125.928,2.918,0.7824,194.646,0.8156,0.0299,0.0175,0.5851,2.9447,2.9606,nan,2.5251,2.5083,0.0993,0.3192,0.8702,0.1165,-0.0797,0.5993,38.1803,-0.0097,-4.7627,0.1730
46.900,191.610,-1.3929,3.3266,128.203,-1.3700,3.4491,126.339,0.0821,-0.0938,0.1246,-1.864,1.6334,3.2614,-1.965,-3.0080,0.0846,128.304,2.732,0.7884,194.795,0.8191,0.0362,0.0177,0.4888,2.7500,2.7331,nan,2.5251,2.6630,0.1055,0.3723,0.8127,0.1179,-0.1054,0.6231,38.2803,0.0798,-5.3436,0.1730
46.950,191.757,-1.4868,3.4398,131.335,-1.4712,3.5755,129.315,0.0915,-0.1013,0.1366,-2.020,1.6270,3.2964,-1.533,-3.1046,0.1961,130.848,2.550,1.0449,194.936,0.8219,0.0135,0.0208,1.5428,2.7162,2.7331,nan,2.5470,2.6539,0.1051,0.4763,0.8027,0.1012,-0.1290,0.6562,38.3802,0.0800,-5.3436,0.1730
47.001,191.894,-1.5808,3.5401,135.216,-1.5486,3.6548,133.034,0.0580,-0.1040,0.1191,-2.182,1.6270,3.2964,-1.533,-3.1841,0.2733,134.567,2.474,1.3056,195.072,0.8103,0.0180,0.0213,1.1807,2.4570,2.4076,nan,2.4911,2.5171,0.0997,0.4765,0.8000,0.0995,-0.1024,0.5707,38.4802,0.0150,-2.9416,0.1730
47.050,192.032,-1.6821,3.6333,139.801,-1.6598,3.7598,137.583,0.0646,-0.1111,0.1285,-2.218,1.6211,3.2928,-1.733,-3.2935,0.3676,139.316,2.517,1.5131,195.213,0.8181,0.0259,0.0206,0.7971,2.4937,2.5199,nan,2.2762,2.3765,0.0941,0.5541,0.8000,0.0929,-0.1130,0.6469,38.6800,0.0581,0.8152,0.1730
47.100,192.175,-1.7955,3.7204,145.671,-1.7801,3.8512,142.998,0.0611,-0.1167,0.1317,-2.673,1.6211,3.2928,-1.733,-3.4165,0.4553,144.730,2.423,1.8659,195.357,0.8277,0.0442,0.0266,0.6022,2.5560,2.5882,nan,2.2077,2.1892,0.0867,0.6381,0.8000,0.0813,-0.0963,0.9410,38.7800,-0.0800,-2.4586,0.1730
47.150,192.175,-1.7955,3.7204,145.671,-1.7911,3.8554,142.957,0.0725,-0.1140,0.1351,-2.714,1.6097,3.2946,-1.773,-3.4165,0.4553,144.730,2.423,1.8659,195.357,0.8277,0.0442,0.0312,0.7053,2.5103,2.5239,nan,2.1885,2.1390,0.0847,0.6598,0.8000,0.0789,-0.1460,0.8686,38.9799,-0.0800,-4.0141,0.1730
47.200,192.301,-1.9035,3.7864,151.866,-1.9128,3.9335,150.223,0.0776,-0.1253,0.1474,-1.643,1.6129,3.3207,-1.501,-3.5406,0.5202,151.724,2.280,2.0473,195.482,0.8437,0.0575,0.0309,0.5376,2.2683,2.2262,nan,2.1885,2.2506,0.0891,0.6749,0.8000,0.0733,-0.1138,0.8518,39.0799,0.0800,-4.8952,0.1730
47.250,192.424,-2.0144,3.8378,158.755,-2.0203,3.9832,156.997,0.0581,-0.1334,0.1455,-1.759,1.6067,3.3374,-1.395,-3.6417,0.5573,158.392,2.113,2.1856,195.604,0.8359,0.0107,0.0340,3.1701,2.1825,2.1872,nan,2.1792,2.0573,0.0815,0.6968,0.8000,0.0588,-0.0778,0.8622,39.1798,0.0800,-3.3046,0.1730
47.300,192.539,-2.1243,3.8730,165.752,-2.1412,4.0262,164.169,0.0541,-0.1444,0.1542,-1.583,1.5959,3.3433,-1.390,-3.7526,0.5921,165.559,2.031,2.1923,195.722,0.8371,0.0232,0.0347,1.4998,2.1656,2.1804,nan,2.2133,2.2496,0.0891,0.7312,0.8000,0.0535,-0.0591,1.0097,39.2798,0.0210,-0.6164,0.1730
47.350,192.653,-2.2364,3.8943,172.867,-2.2590,4.0556,170.839,0.0425,-0.1572,0.1628,-2.028,1.5914,3.3298,-1.761,-3.8709,0.6070,172.600,2.030,2.2193,195.843,0.8441,0.0320,0.0428,1.3358,2.2057,2.2301,nan,2.3107,2.3904,0.0947,0.7660,0.8000,0.0384,-0.1750,1.1875,39.4797,0.0462,-3.5386,0.1730
47.400,192.759,-2.3425,3.9011,179.717,-2.3794,4.0613,178.104,0.0377,-0.1600,0.1644,-1.613,1.5977,3.3230,-1.878,-3.9992,0.6076,179.982,1.940,2.2531,195.953,0.8670,0.0355,0.0425,1.1984,1.9896,1.9561,nan,2.3828,2.3096,0.0915,0.7228,0.8000,0.0378,-0.0679,1.1875,39.4797,0.0800,-0.4167,0.1730
47.450,192.867,-2.4500,3.8950,-172.920,-2.4825,4.0491,-174.798,0.0132,-0.1570,0.1575,-1.878,1.5904,3.3422,-1.582,-4.0908,0.5942,-173.216,1.979,2.4166,196.073,0.8525,0.0053,0.0623,11.7176,2.1517,2.2114,nan,2.4284,2.5188,0.0998,0.7242,0.8000,0.0299,-0.1808,1.2404,39.6795,0.0800,0.3627,0.1730
47.500,192.970,-2.5508,3.8761,-165.540,-2.6088,4.0231,-166.988,0.0195,-0.1569,0.1581,-1.448,1.5932,3.3864,-0.975,-4.2122,0.5652,-166.014,2.048,2.4354,196.192,0.8746,0.0052,0.0708,13.4987,2.3133,2.3746,nan,2.6323,2.6828,0.1063,0.7034,0.8000,0.0137,-0.1618,1.0729,39.7795,0.0293,0.1615,0.1730
47.550,193.081,-2.6563,3.8416,-158.073,-2.7442,3.9711,-158.066,0.0332,-0.1530,0.1566,0.006,1.5998,3.4004,-0.787,-4.3515,0.5110,-157.279,2.070,2.4585,196.314,0.9113,0.0071,0.0633,8.9722,2.3497,2.3746,nan,2.7397,2.7782,0.1100,0.6869,0.8000,-0.0061,-0.1360,1.0377,39.8794,0.0223,0.1615,0.1730
47.600,193.210,-2.7726,3.7845,-149.272,-2.8358,3.9173,-150.470,-0.0135,-0.1464,0.1470,-1.198,1.5998,3.4004,-0.787,-4.4423,0.4559,-149.683,2.182,2.4917,196.463,0.8860,0.0233,0.0555,2.3779,2.1130,2.0713,nan,2.8429,2.6761,0.1060,0.6006,0.8000,-0.0010,-0.1234,1.0181,39.9794,0.0800,1.3592,0.1730
47.650,193.210,-2.7726,3.7845,-149.272,-2.8231,3.9081,-150.315,-0.0197,-0.1320,0.1335,-1.043,1.6140,3.4032,-0.633,-4.4423,0.4559,-149.683,2.182,2.4917,196.463,0.8860,0.0233,0.0459,1.9669,2.3742,2.5120,nan,2.8660,2.9008,0.1149,0.5589,0.8580,-0.0029,-0.1610,0.7526,40.1793,0.0201,3.7088,0.1730
47.700,193.337,-2.8773,3.7123,-141.113,-2.9473,3.7918,-141.709,0.0045,-0.1058,0.1059,-0.596,1.6241,3.4188,-0.214,-4.5727,0.3560,-141.496,2.349,2.3589,196.613,0.9168,0.0330,0.0526,1.5923,2.6263,2.7584,nan,3.0263,2.9613,0.1173,0.4925,0.9612,-0.0018,-0.1065,0.6680,40.2792,-0.0376,2.9578,0.1730
47.750,193.471,-2.9762,3.6219,-133.752,-3.0582,3.6666,-133.229,0.0245,-0.0901,0.0934,0.523,1.6349,3.4465,0.152,-4.6925,0.2326,-133.381,2.438,2.2188,196.759,0.9447,0.0069,0.0605,8.7618,2.5492,2.5583,nan,3.1274,3.2102,0.1271,0.4586,0.9329,0.0049,-0.1315,0.6710,40.4791,0.0800,3.0276,0.1730
47.800,193.612,-3.0672,3.5147,-126.588,-3.1159,3.5675,-126.537,-0.0133,-0.0706,0.0718,0.051,1.6527,3.4624,0.269,-4.7681,0.1274,-126.805,2.583,2.0628,196.917,0.9293,0.0127,0.0434,3.4317,2.7779,2.8881,nan,3.4453,3.1555,0.1250,0.3806,1.0166,0.0064,-0.0969,0.7243,40.5791,0.0800,3.1577,0.1730
47.850,193.747,-3.1420,3.4026,-120.568,-3.1861,3.4241,-119.834,0.0039,-0.0489,0.0491,0.735,1.6664,3.5007,0.724,-4.8531,-0.0152,-120.558,2.693,2.0312,197.063,0.9470,0.0146,0.0420,2.8688,2.8414,2.8765,nan,3.5572,3.5679,0.1413,0.2843,1.1365,0.0140,-0.1152,0.5357,40.7790,0.0800,4.2985,0.1730
47.900,193.892,-3.2095,3.2745,-114.570,-3.2471,3.2880,-113.606,0.0033,-0.0398,0.0400,0.964,1.6680,3.5039,0.699,-4.9173,-0.1559,-114.305,2.864,1.8183,197.224,0.9474,0.0181,0.0374,2.0635,2.9477,2.9956,nan,3.7794,3.7825,0.1498,0.2435,1.2200,0.0037,-0.0867,0.4677,40.8789,0.0800,3.2852,0.1730
47.950,194.055,-3.2705,3.1226,-109.002,-3.2949,3.1142,-107.806,0.0159,-0.0203,0.0258,1.196,1.6754,3.5102,0.841,-4.9756,-0.3231,-108.647,2.984,1.5595,197.397,0.9493,0.0226,0.0347,1.5356,3.0143,3.0517,nan,3.8856,3.9183,0.1552,0.1879,1.3231,0.0038,-0.1014,0.3557,41.0788,0.0800,5.6042,0.1730
48.000,194.227,-3.3204,2.9581,-104.599,-3.3253,2.9496,-103.388,0.0095,-0.0026,0.0098,1.211,1.6908,3.4831,0.385,-5.0196,-0.4998,-103.773,3.244,1.2918,197.586,0.9475,0.0247,0.0291,1.1791,3.0255,3.0517,nan,4.0885,3.9665,0.1571,0.1445,1.3551,-0.0086,-0.0561,0.2973,41.1788,0.0800,5.6042,0.1730
48.050,194.416,-3.3619,2.7737,-100.493,-3.3601,2.7609,-100.331,0.0123,0.0041,0.0129,0.163,1.6941,3.4629,0.161,-5.0561,-0.6879,-100.491,3.476,1.2697,197.791,0.9439,0.0113,0.0109,0.9650,3.1796,3.2484,nan,4.2827,4.1902,0.1659,0.1285,1.3412,-0.0188,-0.0796,0.1851,41.3787,0.0800,5.7057,0.1730
48.100,194.639,-3.3956,2.5536,-96.744,-3.3890,2.5207,-96.063,0.0319,0.0104,0.0335,0.681,1.6941,3.4629,0.161,-5.0857,-0.9279,-96.224,3.685,0.9146,198.027,0.9467,0.0192,0.0163,0.8446,3.4674,3.6994,nan,4.1164,4.0729,0.1613,0.0652,1.4006,-0.0343,-0.0545,0.1487,41.5785,-0.0241,3.7330,0.1730
48.150,194.639,-3.3956,2.5536,-96.744,-3.3858,2.5242,-95.718,0.0280,0.0132,0.0309,1.026,1.6915,3.4971,0.506,-5.0857,-0.9279,-96.224,3.685,0.9146,198.027,0.9467,0.0192,0.0144,0.7484,3.7595,4.0290,nan,3.7563,3.7539,0.1487,0.0268,1.3582,-0.0473,-0.0697,0.1148,41.8784,-0.0014,5.1552,0.1730
48.200,194.860,-3.4168,2.3334,-94.252,-3.4004,2.2800,-93.683,0.0520,0.0203,0.0559,0.570,1.7022,3.4624,0.024,-5.1031,-1.1802,-93.707,3.901,0.4924,198.262,0.9546,0.0237,0.0144,0.6067,3.9552,4.0593,nan,3.4378,3.6352,0.1440,0.0300,1.2673,-0.0689,-0.0973,0.0310,42.0783,-0.0800,1.2731,0.1730
48.250,195.068,-3.4300,2.1259,-93.058,-3.4064,2.0478,-91.939,0.0768,0.0278,0.0816,1.119,1.6895,3.5241,0.692,-5.1133,-1.4147,-92.632,3.934,0.2780,198.472,0.9622,0.0116,0.0100,0.8608,3.6998,3.6689,nan,3.4378,3.3488,0.1326,-0.0040,1.1854,-0.0772,-0.0875,-0.0267,42.1782,-0.0516,-3.1539,0.1730
48.300,195.292,-3.4406,1.9024,-92.507,-3.4121,1.8667,-91.552,0.0344,0.0301,0.0457,0.955,1.6902,3.5179,0.618,-5.1198,-1.5961,-92.170,3.791,0.1692,198.687,0.9424,0.0154,0.0100,0.6489,3.8131,3.8726,nan,3.2296,3.2331,0.1280,-0.0315,1.1532,-0.0974,-0.0738,-0.1324,42.3782,0.0800,-3.1656,0.1730
48.350,195.500,-3.4486,1.6942,-91.978,-3.4184,1.6448,-91.267,0.0484,0.0319,0.0579,0.711,1.6875,3.5312,0.694,-5.1284,-1.8245,-91.961,3.657,0.0408,198.888,0.9505,0.0175,0.0127,0.7262,3.5865,3.5668,nan,2.9980,3.1179,0.1235,-0.0769,1.0454,-0.1059,-0.0379,-0.2304,42.5780,0.0800,-5.4708,0.1730
48.400,195.712,-3.4558,1.4823,-92.064,-3.4235,1.4601,-91.469,0.0210,0.0330,0.0391,0.595,1.6968,3.5047,0.375,-5.1336,-2.0110,-91.844,3.436,-0.1163,199.087,0.9393,0.0127,0.0047,0.3746,3.4756,3.4866,nan,2.8851,2.9564,0.1171,-0.1383,1.0082,-0.1106,0.0113,-0.3189,42.7779,0.0413,-4.1683,0.1730
48.450,195.900,-3.4632,1.2949,-92.598,-3.4288,1.2590,-92.327,0.0343,0.0360,0.0497,0.271,1.7083,3.4791,0.125,-5.1420,-2.2089,-92.451,3.276,-0.2579,199.266,0.9440,0.0133,0.0027,0.2046,3.4609,3.4866,nan,2.7936,2.7698,0.1097,-0.2286,1.0039,-0.1147,0.0270,-0.3614,42.8779,-0.0138,-4.1683,0.1730
48.500,196.079,-3.4728,1.1162,-93.838,-3.4423,1.1394,-93.660,-0.0252,0.0289,0.0383,0.178,1.7188,3.4720,-0.247,-5.1510,-2.3548,-93.413,3.113,-0.4848,199.437,0.9319,0.0148,0.0002,0.0125,3.1555,3.0837,nan,2.7126,2.8380,0.1124,-0.2431,0.9154,-0.1133,0.0366,-0.4028,42.9779,0.0726,-3.8130,0.1730
48.550,196.242,-3.4868,0.9536,-96.745,-3.4596,0.9650,-95.647,-0.0145,0.0257,0.0295,1.098,1.7188,3.4720,-0.247,-5.1676,-2.5292,-95.400,2.862,-1.0730,199.590,0.9384,0.0240,0.0026,0.1100,3.0882,3.1032,nan,2.6838,2.7910,0.1105,-0.2982,0.8958,-0.1211,0.0704,-0.4397,43.1777,0.0800,-6.6790,0.1730
48.600,196.242,-3.4868,0.9536,-96.745,-3.4568,0.9563,-95.449,-0.0062,0.0294,0.0301,1.297,1.7129,3.4811,-0.048,-5.1676,-2.5292,-95.400,2.862,-1.0730,199.590,0.9384,0.0240,0.0043,0.1775,2.7924,2.7220,nan,2.5462,2.4882,0.0985,-0.2107,0.8100,-0.1261,0.0125,-0.4608,43.2777,0.0800,-2.3089,0.1730
48.650,196.397,-3.5091,0.8000,-100.139,-3.4742,0.8271,-99.856,-0.0328,0.0296,0.0442,0.283,1.7019,3.5097,0.291,-5.1897,-2.6563,-100.147,2.791,-1.1402,199.743,0.9294,0.0317,0.0059,0.1850,2.7605,2.7781,nan,2.4220,2.4859,0.0985,-0.2734,0.8008,-0.1222,0.0076,-0.5159,43.3777,0.0800,-1.8920,0.1730
48.700,196.554,-3.5419,0.6461,-104.291,-3.5099,0.6716,-103.611,-0.0326,0.0247,0.0409,0.680,1.7026,3.5159,0.315,-5.2281,-2.8156,-103.926,2.731,-1.0796,199.899,0.9365,0.0113,0.0040,0.3533,2.6915,2.7030,nan,2.3469,2.4020,0.0951,-0.3867,0.8000,-0.1238,0.0681,-0.6852,43.5775,0.0319,-4.2400,0.1730
48.750,196.714,-3.5854,0.4925,-107.332,-3.5514,0.5314,-107.392,-0.0473,0.0209,0.0517,-0.060,1.6961,3.5487,0.581,-5.2779,-2.9639,-107.973,2.533,-0.9130,200.050,0.9407,0.0208,0.0050,0.2427,2.5481,2.5440,nan,2.2630,2.2421,0.0888,-0.5038,0.8000,-0.1128,0.1127,-0.7531,43.6775,-0.0121,-2.8769,0.1730
48.800,196.853,-3.6304,0.3610,-110.716,-3.5978,0.4038,-109.412,-0.0516,0.0154,0.0538,1.304,1.6839,3.5573,0.749,-5.3225,-3.0841,-110.161,2.439,-1.1359,200.187,0.9368,0.0302,0.0015,0.0506,2.5111,2.5259,nan,2.1771,2.2173,0.0878,-0.6344,0.8000,-0.1031,0.1112,-0.6165,43.7775,0.0233,-2.9699,0.1736
48.850,196.984,-3.6810,0.2401,-115.137,-3.6609,0.2542,-114.034,-0.0213,0.0121,0.0245,1.103,1.6927,3.5242,0.538,-5.3841,-3.2195,-114.573,2.340,-1.4703,200.317,0.9518,0.0090,0.0114,1.2626,2.5065,2.5259,nan,2.1539,2.2048,0.0873,-0.6616,0.8000,-0.0850,0.1896,-0.8424,43.9773,0.0295,-2.9699,0.1736
48.900,197.114,-3.7418,0.1247,-120.829,-3.7135,0.1670,-119.238,-0.0508,0.0027,0.0509,1.591,1.6927,3.5242,0.538,-5.4375,-3.3063,-119.776,2.185,-1.8191,200.445,0.9360,0.0185,0.0076,0.4092,2.2493,2.1980,nan,2.1539,2.2143,0.0877,-0.7544,0.8000,-0.0844,0.1723,-1.0352,44.0773,0.0350,-4.3592,0.1736
48.950,197.233,-3.8080,0.0258,-127.290,-3.7852,0.0612,-125.109,-0.0420,-0.0033,0.0421,2.181,1.6471,3.6124,1.418,-5.5185,-3.4157,-126.527,2.082,-2.1653,200.566,0.9532,0.0342,0.0081,0.2370,2.3111,2.3408,nan,2.1358,2.1321,0.0844,-0.7669,0.8000,-0.0769,0.1443,-1.0395,44.1773,-0.0021,-3.0686,0.1736
49.000,197.233,-3.8080,0.0258,-127.290,-3.7852,0.0612,-125.109,-0.0420,-0.0033,0.0421,2.181,1.6471,3.6124,1.418,-5.5185,-3.4157,-126.527,2.082,-2.1653,200.680,0.9532,0.0342,0.0081,0.2370,2.2136,2.2164,nan,2.2066,2.2202,0.0879,-0.7848,0.8000,-0.0667,0.1260,-1.0939,44.2772,0.0800,-1.7309,0.1736
49.050,197.343,-3.8789,-0.0570,-134.176,-3.8519,-0.0313,-132.226,-0.0372,0.0014,0.0372,1.950,1.6183,3.6649,2.000,-5.5959,-3.5031,-134.226,2.034,-2.3473,200.680,0.9608,0.0626,0.0093,0.1489,2.0679,2.0587,nan,2.2945,2.3879,0.0946,-0.7687,0.8000,-0.0579,0.1243,-1.1899,44.3772,0.0800,-2.7584,0.1736
49.100,197.454,-3.9614,-0.1315,-141.858,-3.9397,-0.1147,-139.752,-0.0274,0.0002,0.0274,2.106,1.6117,3.6535,2.029,-5.6814,-3.5693,-141.781,1.951,-2.4535,200.797,0.9612,0.0057,0.0454,7.9496,2.0549,2.0694,nan,2.3591,2.3749,0.0941,-0.7774,0.8000,-0.0420,0.1192,-1.2908,44.4771,0.0800,-1.3397,0.1736
49.150,197.563,-4.0515,-0.1928,-149.906,-4.0387,-0.1801,-147.659,-0.0174,-0.0045,0.0180,2.248,1.6229,3.6275,1.813,-5.7792,-3.6266,-149.472,1.960,-2.5016,200.919,0.9675,0.0165,0.0299,1.8113,2.2003,2.2535,nan,2.4090,2.4804,0.0982,-0.7897,0.8000,-0.0264,0.2339,-1.2339,44.6769,0.0414,1.3921,0.1736
49.200,197.673,-4.1504,-0.2416,-157.931,-4.1531,-0.2258,-156.182,-0.0034,-0.0157,0.0161,1.749,1.6308,3.6455,1.869,-5.9071,-3.6806,-158.051,2.038,-2.5887,201.047,0.9967,0.0316,0.0208,0.6568,2.2420,2.2670,nan,2.5128,2.4869,0.0985,-0.7509,0.8000,-0.0242,0.2211,-1.1083,44.7769,-0.0149,-0.5332,0.1736
49.251,197.777,-4.2495,-0.2746,-165.564,-4.2547,-0.2547,-162.890,0.0000,-0.0206,0.0206,2.674,1.5945,3.7172,2.542,-6.0196,-3.7085,-165.433,2.059,-2.6178,201.165,1.0082,0.0353,0.0310,0.8760,2.3124,2.3442,nan,2.7145,2.7886,0.1104,-0.7353,0.8000,-0.0097,0.2078,-1.0694,44.8768,0.0429,-0.7437,0.1736
49.300,197.902,-4.3726,-0.2963,-174.852,-4.3768,-0.2722,-171.318,0.0020,-0.0243,0.0244,3.534,1.5708,3.7877,3.159,-6.1622,-3.7260,-174.477,2.120,-2.6330,201.309,1.0259,0.0900,0.0414,0.4601,2.3844,2.4171,nan,2.8174,2.9392,0.1164,-0.6783,0.8000,0.0029,0.1724,-1.0334,44.9768,0.0800,0.5160,0.1736
49.350,198.022,-4.4924,-0.2986,176.719,-4.5172,-0.2720,178.983,0.0263,-0.0251,0.0364,2.265,1.6160,3.7273,2.604,-6.3086,-3.7165,176.379,2.175,-2.6504,201.445,1.0485,0.0085,0.0527,6.2354,2.3961,2.4171,nan,2.8055,2.8721,0.1137,-0.6365,0.8306,0.0147,0.1458,-0.8563,45.0768,0.0386,0.5160,0.1736
49.400,198.146,-4.6154,-0.2829,168.147,-4.6288,-0.2534,170.638,0.0192,-0.0261,0.0324,2.492,1.6543,3.6841,2.228,-6.4314,-3.6902,168.410,2.331,-2.5846,201.593,1.0458,0.0208,0.0434,2.0928,2.3370,2.3472,nan,2.8055,2.8129,0.1114,-0.5637,0.8438,0.0160,0.0899,-0.7607,45.1767,0.0043,2.8195,0.1736
49.450,198.279,-4.7432,-0.2472,160.315,-4.7616,-0.1987,161.924,0.0337,-0.0395,0.0519,1.609,1.7170,3.6441,1.710,-6.5905,-3.6476,160.213,2.483,-2.3074,201.746,1.0746,0.0311,0.0389,1.2513,2.5862,2.7146,nan,2.8529,2.7221,0.1078,-0.5039,0.9338,0.0340,0.0961,-0.6492,45.3766,-0.0800,4.7674,0.1736
49.500,198.420,-4.8731,-0.1915,153.082,-4.9142,-0.1280,154.646,0.0654,-0.0380,0.0757,1.564,1.7170,3.6441,1.710,-6.7409,-3.5725,152.936,2.560,-2.0813,201.898,1.0905,0.0550,0.0622,1.1320,2.7764,2.8585,nan,3.1053,3.1640,0.1253,-0.4477,1.0025,0.0095,0.0539,-0.6292,45.4765,0.0340,2.5387,0.1736
49.550,198.420,-4.8731,-0.1915,153.082,-4.8814,-0.1246,154.315,0.0376,-0.0559,0.0674,1.233,1.7716,3.6091,1.379,-6.7409,-3.5725,152.936,2.560,-2.0813,201.898,1.0905,0.0550,0.0382,0.6953,2.7188,2.7323,nan,3.1053,3.0388,0.1203,-0.3820,0.9817,-0.0170,0.0251,-0.7060,45.5765,0.0800,0.7947,0.1736
49.600,198.564,-4.9977,-0.1194,146.552,-5.0046,-0.0407,147.018,0.0491,-0.0618,0.0790,0.466,1.8184,3.5261,0.649,-6.8630,-3.4893,146.368,2.606,-1.8979,202.049,1.0858,0.0078,0.0189,2.4258,2.6676,2.6817,nan,3.2017,3.1025,0.1229,-0.3466,0.9887,-0.0167,0.0731,-0.7042,45.7764,0.0800,4.6226,0.1736
49.650,198.714,-5.1180,-0.0309,140.517,-5.1181,0.0457,140.354,0.0488,-0.0591,0.0766,-0.163,1.8696,3.4333,-0.120,-6.9806,-3.4022,140.474,2.805,-1.7271,202.215,1.0835,0.0105,0.0070,0.6687,2.8883,2.9944,nan,3.5180,3.5535,0.1407,-0.3079,1.1110,-0.0172,0.0470,-0.6242,45.8764,0.0800,2.2471,0.1736
49.700,198.870,-5.2341,0.0739,135.168,-5.2367,0.1727,134.495,0.0715,-0.0682,0.0988,-0.672,1.9084,3.3708,-0.622,-7.1099,-3.2755,135.117,2.881,-1.5883,202.378,1.0924,0.0153,0.0145,0.9472,2.9541,2.9908,nan,3.6153,3.7259,0.1476,-0.2684,1.1960,-0.0229,0.0784,-0.5185,46.0762,0.0800,2.0085,0.1736
49.750,199.037,-5.3471,0.1964,130.019,-5.3338,0.2915,129.769,0.0643,-0.0714,0.0960,-0.249,1.9036,3.3909,-0.400,-7.2155,-3.1497,130.169,2.983,-1.4830,202.552,1.0845,0.0267,0.0142,0.5333,3.1075,3.1748,nan,3.7900,3.9254,0.1555,-0.2486,1.3022,-0.0104,0.0567,-0.4503,46.1762,0.0800,5.6296,0.1736
49.800,199.205,-5.4503,0.3291,125.388,-5.4448,0.4257,124.396,0.0756,-0.0605,0.0968,-0.992,1.9279,3.3244,-0.782,-7.3324,-2.9991,125.178,3.226,-1.4082,202.738,1.0950,0.0333,0.0320,0.9610,3.2156,3.2667,nan,4.0001,4.1323,0.1637,-0.2249,1.4467,-0.0023,0.0677,-0.3171,46.3761,0.0766,5.2420,0.1736
49.850,199.396,-5.5549,0.4887,120.820,-5.5480,0.5915,120.144,0.0848,-0.0586,0.1031,-0.676,1.9126,3.3497,-0.572,-7.4327,-2.8324,120.715,3.450,-1.3615,202.945,1.0898,0.0123,0.0041,0.3324,3.2368,3.2667,nan,4.0644,4.1713,0.1652,-0.1897,1.4697,0.0074,0.0512,-0.2910,46.5760,0.0800,5.2420,0.1736
49.900,199.602,-5.6539,0.6695,116.306,-5.6548,0.7697,115.443,0.0902,-0.0436,0.1002,-0.862,1.9365,3.2805,-1.039,-7.5445,-2.6481,116.482,3.654,-1.1555,203.166,1.1019,0.0183,0.0168,0.9147,3.4579,3.5741,nan,4.2224,4.3416,0.1719,-0.1782,1.5701,0.0368,0.0497,-0.2900,46.7759,0.0800,4.3723,0.1736
49.950,199.798,-5.7360,0.8474,112.990,-5.7383,0.9939,111.486,0.1357,-0.0551,0.1465,-1.504,1.9498,3.2537,-1.262,-7.6365,-2.4286,112.748,3.861,-1.0936,203.376,1.1065,0.0193,0.0198,1.0259,3.7457,3.9949,nan,4.4836,4.5797,0.1814,-0.1571,1.7008,0.0424,0.0514,-0.2977,46.9758,0.0800,5.3517,0.1736
50.000,200.020,-5.8170,1.0542,109.496,-5.8042,1.1919,108.322,0.1255,-0.0581,0.1383,-1.174,1.9498,3.2537,-1.262,-7.7067,-2.2320,109.583,4.063,-1.0206,203.613,1.0969,0.0223,0.0180,0.8074,3.8569,3.9161,nan,4.6560,4.6424,0.1839,-0.1296,1.7683,0.0434,0.0589,-0.2833,47.1757,0.0800,4.6377,0.1736
50.050,200.236,-5.8844,1.2601,106.492,-5.8692,1.4282,105.294,0.1569,-0.0623,0.1688,-1.198,1.9482,3.2611,-1.157,-7.7788,-1.9904,106.451,4.252,-0.9077,203.844,1.0980,0.0659,0.0456,0.6924,4.1348,4.3698,nan,4.9064,5.0614,0.2005,-0.1085,1.9392,0.0569,0.0591,-0.1868,47.3756,0.0763,4.7906,0.1736
50.100,200.236,-5.8844,1.2601,106.492,-5.8681,1.4279,104.943,0.1563,-0.0633,0.1686,-1.550,1.9604,3.2128,-1.509,-7.7788,-1.9904,106.451,4.252,-0.9077,203.844,1.0980,0.0212,0.0205,0.9683,4.3257,4.4432,nan,5.1368,5.2491,0.2079,-0.0923,2.0183,0.0713,0.0569,-0.1109,47.6754,0.0521,3.5362,0.1736
50.150,200.461,-5.9438,1.4771,103.885,-5.9350,1.6625,103.049,0.1778,-0.0530,0.1856,-0.836,1.9258,3.3338,-0.586,-7.8433,-1.7517,103.636,4.382,-0.8803,204.080,1.1014,0.0191,0.0140,0.7304,4.2789,4.3077,nan,5.2788,5.3602,0.2123,-0.0948,2.0183,0.0978,0.0523,-0.0694,47.8753,0.0800,1.6452,0.1736
50.200,200.710,-5.9988,1.7196,101.461,-5.9897,1.8980,101.313,0.1730,-0.0444,0.1786,-0.148,1.8975,3.4554,0.220,-7.8931,-1.5271,101.093,4.640,-0.7148,204.349,1.0976,0.0149,0.0052,0.3494,4.5612,4.8830,nan,5.4782,5.6481,0.2237,-0.1120,2.0183,0.1312,0.0573,-0.0295,48.1752,0.0748,5.3299,0.1736
50.250,200.977,-6.0473,1.9820,99.260,-6.0433,2.1855,99.258,0.2002,-0.0367,0.2035,-0.003,1.9045,3.4249,0.042,-7.9487,-1.2335,99.215,4.868,-0.7107,204.635,1.1026,0.0146,0.0075,0.5098,4.8418,5.2160,nan,5.7075,5.8606,0.2321,-0.1061,1.9979,0.1421,0.0316,-0.0517,48.4750,0.0644,3.7628,0.1736
50.301,200.977,-6.0473,1.9820,99.260,-6.0433,2.1855,99.258,0.2002,-0.0367,0.2035,-0.003,1.9045,3.4249,0.042,-7.9487,-1.2335,99.215,4.868,-0.7107,204.635,1.1026,0.0146,0.0075,0.5098,5.0410,5.2160,nan,5.8379,5.9555,0.2359,-0.1046,1.9602,0.1478,0.0071,-0.0569,48.6749,0.0479,3.7628,0.1736
50.350,201.457,-6.1091,2.4579,95.218,-6.0922,2.6786,94.552,0.2182,-0.0369,0.2213,-0.666,1.9327,3.2860,-0.812,-8.0155,-0.7211,95.364,5.097,-0.8087,205.137,1.1063,0.0143,0.0163,1.1376,5.1513,5.2569,nan,5.9484,6.0866,0.2411,-0.0701,1.9332,0.1019,-0.0371,-0.0640,48.9748,0.0555,3.6207,0.1736
50.400,201.727,-6.1284,2.7270,92.551,-6.1093,2.9567,92.917,0.2286,-0.0293,0.2305,0.366,1.9065,3.4164,0.158,-8.0170,-0.4376,92.759,5.274,-0.8782,205.425,1.0883,0.0122,0.0201,1.6420,5.2962,5.4338,nan,5.8776,5.8959,0.2335,-0.0718,1.9173,0.1061,-0.0480,-0.0849,49.2746,0.0072,4.9804,0.1736
50.450,202.012,-6.1355,3.0126,89.882,-6.1217,3.2506,90.907,0.2380,-0.0133,0.2384,1.025,1.8911,3.5329,0.978,-8.0165,-0.1455,89.929,5.483,-0.8902,205.731,1.0807,0.0070,0.0227,3.2443,5.5497,5.8903,nan,5.5671,5.5258,0.2188,-0.0791,1.9018,0.1009,-0.0502,-0.1135,49.5744,-0.0800,2.8982,0.1736
50.500,202.319,-6.1301,3.3196,87.889,-6.1240,3.6071,88.392,0.2875,0.0044,0.2875,0.503,1.8797,3.5893,1.327,-8.0011,0.2032,87.065,5.662,-0.6177,206.057,1.0715,0.0043,0.0271,6.2306,5.7200,5.9099,nan,5.3937,5.2624,0.2084,-0.1102,1.8847,0.1073,-0.0170,-0.1195,49.8743,-0.0800,0.8812,0.1736
50.550,202.637,-6.1136,3.6371,85.851,-6.1182,3.9136,87.252,0.2754,0.0246,0.2765,1.401,1.8719,3.5673,1.338,-7.9799,0.5327,85.914,5.681,-0.6680,206.380,1.0673,0.0025,0.0319,13.0078,5.7183,5.7861,nan,5.2280,5.2608,0.2083,-0.1145,1.8752,0.0948,-0.0178,-0.1145,50.1741,-0.0800,-3.1896,0.1736
50.600,202.951,-6.0858,3.9497,83.628,-6.0814,4.2082,84.206,0.2574,0.0243,0.2585,0.578,1.8705,3.4295,0.526,-7.9444,0.8517,83.680,5.533,-0.7835,206.684,1.0600,0.0125,0.0306,2.4402,5.7178,5.7861,nan,5.1168,5.2204,0.2067,-0.1254,1.8747,0.0939,-0.0280,-0.1160,50.3740,0.0800,-3.1896,0.1736
50.650,203.255,-6.0458,4.2506,80.675,-6.0390,4.4438,81.132,0.1917,0.0246,0.1933,0.457,1.8618,3.3189,-0.035,-7.9015,1.1201,81.166,5.335,-0.9390,206.975,1.0557,0.0048,0.0250,5.2496,5.4484,5.3886,nan,5.0072,5.0402,0.1996,-0.0982,1.8597,0.0530,-0.0649,-0.1375,50.5739,0.0800,-4.8051,0.1736
50.700,203.539,-5.9938,4.5307,77.787,-5.9859,4.6649,77.738,0.1328,0.0206,0.1344,-0.049,1.8533,3.2667,0.024,-7.8386,1.4015,77.714,5.223,-0.8391,207.254,1.0449,0.0022,0.0164,7.5322,5.3028,5.3133,nan,4.8989,5.0587,0.2003,-0.0625,1.8274,0.0041,-0.1095,-0.1688,50.7738,0.0789,-2.7322,0.1736
50.750,203.827,-5.9276,4.8110,75.303,-5.9131,4.9343,75.052,0.1230,0.0173,0.1242,-0.250,1.8533,3.2667,0.024,-7.7657,1.6709,75.028,5.080,-0.5768,207.533,1.0380,0.0018,0.0210,11.9294,5.1011,5.0874,nan,4.8437,4.9287,0.1952,-0.0559,1.8115,-0.0270,-0.1078,-0.1872,50.9737,0.0800,-3.3835,0.1736
50.800,203.827,-5.9276,4.8110,75.303,-5.9132,4.9063,74.808,0.0958,0.0103,0.0964,-0.495,1.8460,3.2055,-0.221,-7.7657,1.6709,75.028,5.080,-0.5768,207.533,1.0380,0.0018,0.0168,9.5836,4.8890,4.8709,nan,4.7238,4.7251,0.1871,-0.0661,1.7781,-0.0568,-0.0845,-0.1968,51.1736,0.0800,-1.6885,0.1740
50.850,204.110,-5.8527,5.0831,73.718,-5.8421,5.1243,73.172,0.0426,0.0013,0.0426,-0.545,1.8389,3.1673,-0.319,-7.6917,1.9143,73.491,5.000,-0.4430,207.811,1.0387,0.0053,0.0146,2.7514,4.9851,5.0754,nan,4.5897,4.6696,0.1849,-0.0877,1.7633,-0.0777,-0.0373,-0.2101,51.4735,0.0412,-2.2506,0.1740
50.900,204.382,-5.7737,5.3436,72.363,-5.7547,5.3849,71.869,0.0451,-0.0056,0.0455,-0.494,1.8319,3.1345,-0.456,-7.6043,2.1900,72.326,4.898,-0.4740,208.077,1.0303,0.0061,0.0006,0.1061,4.8490,4.8612,nan,4.4332,4.4844,0.1776,-0.1012,1.7305,-0.0935,-0.0211,-0.2199,51.6734,0.0271,-3.4895,0.1740
50.950,204.657,-5.6873,5.6044,70.723,-5.6657,5.6078,70.313,0.0103,-0.0193,0.0218,-0.409,1.8302,3.1020,-0.508,-7.5178,2.4393,70.821,4.752,-0.5966,208.342,1.0302,0.0029,0.0028,0.9677,4.7004,4.7083,nan,4.3609,4.4576,0.1765,-0.0987,1.6481,-0.1143,-0.0129,-0.2310,51.8733,0.0529,-2.5335,0.1740
51.000,204.915,-5.5984,5.8470,68.697,-5.5822,5.8064,68.929,-0.0320,-0.0298,0.0437,0.233,1.8493,3.1460,0.113,-7.4263,2.6750,68.816,4.646,-0.6970,208.595,1.0277,0.0018,0.0022,1.2308,4.5217,4.5194,nan,4.2176,4.3502,0.1723,-0.1113,1.6481,-0.1258,0.0050,-0.2381,52.0732,0.0759,-3.4151,0.1740
51.050,205.171,-5.5013,6.0840,66.409,-5.4866,6.0382,66.642,-0.0361,-0.0318,0.0481,0.232,1.8518,3.1653,0.226,-7.3270,2.9018,66.416,4.512,-0.6965,208.843,1.0257,0.0023,0.0046,2.0000,4.3631,4.3677,nan,4.0647,4.1647,0.1649,-0.1201,1.5473,-0.1310,0.0182,-0.2442,52.2730,0.0800,-1.9961,0.1740
51.100,205.413,-5.4011,6.3037,64.269,-5.3892,6.2517,64.389,-0.0417,-0.0333,0.0534,0.119,1.8456,3.1631,0.135,-7.2275,3.1056,64.254,4.434,-0.7089,209.081,1.0269,0.0074,0.0146,1.9731,4.3349,4.3677,nan,3.8676,3.9623,0.1569,-0.1530,1.5473,-0.1205,0.0339,-0.2402,52.4729,0.0548,-1.9961,0.1740
51.150,205.627,-5.3049,6.4957,62.157,-5.2892,6.4614,63.342,-0.0230,-0.0299,0.0377,1.185,1.8971,3.2980,1.103,-7.1241,3.3011,62.239,4.340,-0.7499,209.291,1.0195,0.0078,0.0054,0.6923,4.3533,4.3965,nan,3.6723,3.5957,0.1424,-0.1949,1.5473,-0.1101,0.0456,-0.2586,52.6729,-0.0443,-2.5273,0.1740
51.200,205.862,-5.1915,6.7009,59.658,-5.1788,6.6593,60.993,-0.0295,-0.0319,0.0435,1.336,1.9058,3.3163,1.278,-7.0084,3.5002,59.715,4.190,-0.8472,209.517,1.0175,0.0032,0.0039,1.2174,4.2083,4.2165,nan,3.5832,3.5148,0.1392,-0.2418,1.5473,-0.0866,0.0757,-0.2896,52.8727,-0.0396,-1.4558,0.1740
51.250,206.091,-5.0713,6.8958,56.558,-5.0797,6.8342,59.226,-0.0560,-0.0269,0.0622,2.668,1.9510,3.4251,2.064,-6.9034,3.6601,57.162,4.013,-0.9566,209.737,1.0347,0.0018,0.0038,2.1842,3.9949,3.9829,nan,3.5051,3.5520,0.1407,-0.2599,1.5453,-0.0797,0.0886,-0.3052,53.0726,0.0272,-4.6799,0.1740
51.300,206.305,-4.9482,7.0713,52.503,-4.9389,7.0511,55.508,-0.0103,-0.0197,0.0222,3.005,1.9510,3.4251,2.064,-6.7548,3.8718,53.443,3.678,-1.4681,209.934,1.0072,0.0030,0.0082,2.6807,4.1801,4.2846,nan,3.1173,3.4272,0.1357,-0.2465,1.5473,-0.0431,0.1355,-0.3589,53.3725,-0.0800,-2.2392,0.1740
51.350,206.305,-4.9482,7.0713,52.503,-4.9588,7.0342,55.735,-0.0359,-0.0142,0.0386,3.232,1.9455,3.4356,2.292,-6.7548,3.8718,53.443,3.678,-1.4681,209.934,1.0072,0.0030,0.0062,2.0460,3.7788,3.4704,nan,3.1173,3.0259,0.1198,-0.2433,1.4617,-0.0594,0.0222,-0.3589,53.3725,-0.0800,-4.2155,0.1740
51.400,206.510,-4.8174,7.2293,47.728,-4.8569,7.1618,50.098,-0.0765,-0.0161,0.0782,2.369,1.9583,3.4789,2.581,-6.6425,3.9861,47.517,3.534,-1.3741,210.134,1.0283,0.0043,0.0037,0.8598,3.4658,3.3925,nan,3.1173,3.1438,0.1245,-0.2490,1.3406,-0.0502,0.0319,-0.3024,53.5724,0.0800,-3.3987,0.1740
51.450,206.694,-4.6894,7.3613,43.660,-4.7251,7.3045,46.314,-0.0650,-0.0164,0.0671,2.655,1.9747,3.5071,2.636,-6.5180,4.1016,43.678,3.416,-1.3089,210.313,1.0333,0.0057,0.0129,2.2706,3.4568,3.4834,nan,3.2006,3.3014,0.1307,-0.2761,1.3372,-0.0404,0.0391,-0.3941,53.7723,0.0800,-3.8653,0.1740
51.500,206.876,-4.5536,7.4828,39.696,-4.5758,7.4449,42.210,-0.0413,-0.0150,0.0440,2.514,1.9842,3.5255,2.752,-6.3642,4.2298,39.458,3.141,-1.2177,210.483,1.0147,0.0038,0.0085,2.2098,3.1321,3.0402,nan,3.2741,3.3820,0.1339,-0.2765,1.2115,-0.0399,0.0299,-0.4546,53.8722,0.0625,-1.5164,0.1740
51.550,207.035,-4.4284,7.5808,36.122,-4.4662,7.5398,38.779,-0.0547,-0.0108,0.0558,2.657,1.9878,3.5409,2.787,-6.2520,4.3079,35.993,3.111,-1.3184,210.643,1.0297,0.0039,0.0097,2.4840,3.0020,3.0050,nan,3.3615,3.3220,0.1316,-0.2811,1.1612,-0.0292,0.0541,-0.4654,54.0721,0.0800,0.8771,0.1740
51.600,207.211,-4.2826,7.6796,31.785,-4.3224,7.6492,34.486,-0.0498,-0.0049,0.0501,2.701,1.9754,3.5196,2.436,-6.1166,4.3936,32.050,3.173,-1.3688,210.824,1.0416,0.0051,0.0068,1.3446,3.2423,3.3742,nan,3.4373,3.5623,0.1411,-0.2993,1.2542,-0.0112,0.0438,-0.6174,0.1000,0.0800,1.3382,0.1740
51.650,207.381,-4.1352,7.7642,27.576,-4.1533,7.7611,30.015,-0.0175,0.0056,0.0184,2.439,1.9718,3.5157,2.339,-5.9468,4.4918,27.676,3.228,-1.4086,210.999,1.0177,0.0064,0.0067,1.0380,3.3124,3.3536,nan,3.5109,3.4664,0.1373,-0.2943,1.3515,-0.0054,0.0652,-0.4842,0.2998,-0.0800,-0.3733,0.1740
51.700,207.546,-3.9868,7.8355,23.439,-3.9989,7.8412,25.625,-0.0088,0.0101,0.0134,2.186,1.9560,3.4953,2.058,-5.7949,4.5570,23.567,3.229,-1.4249,211.165,1.0150,0.0070,0.0071,1.0156,3.3253,3.3544,nan,3.6522,3.5227,0.1395,-0.2883,1.3568,0.0028,0.0719,-0.4000,0.4997,-0.0750,0.6534,0.1740
51.750,207.720,-3.8245,7.8989,18.801,-3.8190,7.9100,20.455,0.0088,0.0087,0.0124,1.655,1.9240,3.4481,1.584,-5.6175,4.6190,18.871,3.330,-1.5316,211.348,1.0001,0.0103,0.0035,0.3373,3.2592,3.2757,nan,3.7110,3.8486,0.1524,-0.2732,1.3298,0.0018,0.0308,-0.3705,0.5997,0.0797,-0.0959,0.1740
51.800,207.907,-3.6455,7.9521,13.890,-3.6278,7.9647,15.032,0.0203,0.0080,0.0218,1.143,1.9165,3.4305,1.351,-5.4358,4.6637,13.681,3.343,-1.5094,211.538,0.9985,0.0075,0.0046,0.6074,3.2508,3.2757,nan,3.8143,3.5708,0.1414,-0.2526,1.3264,0.0035,0.0345,-0.5078,0.7996,0.0800,-0.0959,0.1740
51.850,208.082,-3.4742,7.9880,9.395,-3.4483,7.9969,10.300,0.0270,0.0045,0.0274,0.905,1.8893,3.3813,0.797,-5.2729,4.6893,9.504,3.387,-1.4082,211.718,1.0083,0.0073,0.0030,0.4051,3.2381,3.2621,nan,3.9233,4.0529,0.1605,-0.2394,1.4057,0.0038,0.0407,-0.3597,0.9995,0.0751,0.8581,0.1740
51.900,208.256,-3.3018,8.0109,5.457,-3.2443,8.0190,5.655,0.0580,0.0026,0.0581,0.198,1.8665,3.3483,0.424,-5.0761,4.7084,5.231,3.449,-1.3201,211.897,0.9847,0.0074,0.0006,0.0812,3.4440,3.5471,nan,4.0150,4.1457,0.1642,-0.2355,1.4999,0.0065,0.0403,-0.3767,1.1994,0.0800,1.3408,0.1740
51.950,208.435,-3.1235,8.0226,1.631,-3.0672,8.0288,1.868,0.0564,0.0046,0.0566,0.237,1.8593,3.3457,0.352,-4.8977,4.7132,1.516,3.676,-1.3583,212.094,0.9855,0.0070,0.0006,0.0855,3.4593,3.4901,nan,4.1084,4.1175,0.1631,-0.2287,1.5246,0.0069,0.0515,-0.3594,1.3993,0.0800,5.6412,0.1740
52.000,208.657,-2.9007,8.0207,-3.032,-2.8479,8.0271,-2.493,0.0524,0.0092,0.0532,0.539,1.8383,3.3277,0.159,-4.6731,4.7124,-2.652,3.851,-1.3809,212.331,0.9836,0.0085,0.0016,0.1841,3.6808,3.8020,nan,4.2502,4.3716,0.1731,-0.2225,1.6419,0.0231,0.0511,-0.3344,1.5992,0.0800,3.9477,0.1740
52.050,208.864,-2.6954,8.0031,-7.244,-2.5896,8.0058,-7.153,0.1046,0.0161,0.1058,0.091,1.8383,3.3277,0.159,-4.4149,4.6904,-7.312,3.931,-1.3733,212.545,0.9321,0.0107,0.0080,0.7522,3.9766,4.2964,nan,4.3854,4.4551,0.1764,-0.2125,1.7795,0.0337,0.0378,-0.3314,1.7991,0.0375,1.5891,0.1740
52.100,208.864,-2.6954,8.0031,-7.244,-2.6110,8.0036,-7.143,0.0836,0.0111,0.0844,0.101,1.8176,3.3262,0.169,-4.4149,4.6904,-7.312,3.931,-1.3733,212.545,0.9321,0.0107,0.0035,0.3253,3.9381,3.9643,nan,4.4748,4.6097,0.1826,-0.1948,1.7840,0.0229,0.0346,-0.3091,1.9990,0.0800,3.4927,0.1740
52.150,209.080,-2.4815,7.9686,-11.522,-2.4115,7.9597,-11.542,0.0704,0.0053,0.0705,-0.020,1.8079,3.3078,-0.034,-4.2222,4.6494,-11.508,4.076,-1.3817,212.774,0.9541,0.0143,0.0026,0.1839,4.1428,4.2602,nan,4.5605,4.6145,0.1828,-0.1859,1.8290,0.0224,0.0210,-0.2924,2.1989,0.0279,2.6220,0.1740
52.200,209.312,-2.2561,7.9146,-15.909,-2.1672,7.8914,-16.625,0.0918,0.0020,0.0918,-0.716,1.7545,3.2592,-0.721,-3.9797,4.5825,-15.904,4.198,-1.3053,213.017,0.9395,0.0069,0.0017,0.2483,4.2987,4.3909,nan,4.6651,4.6863,0.1856,-0.1717,1.8494,0.0175,0.0315,-0.2727,2.4987,0.0106,3.3714,0.1740
52.250,209.551,-2.0281,7.8415,-20.052,-1.9481,7.8120,-20.579,0.0852,-0.0003,0.0852,-0.526,1.7548,3.2830,-0.505,-3.7427,4.4962,-20.074,4.336,-1.2620,213.269,0.9333,0.0100,0.0031,0.3096,4.4404,4.5316,nan,4.7333,4.6962,0.1860,-0.1671,1.8641,0.0184,0.0270,-0.2588,2.6986,-0.0180,1.5809,0.1740
52.300,209.792,-1.8048,7.7521,-24.024,-1.7243,7.7183,-24.281,0.0873,0.0019,0.0873,-0.257,1.7622,3.3034,-0.340,-3.5127,4.3941,-23.941,4.410,-1.1959,213.518,0.9293,0.0125,0.0035,0.2808,4.5532,4.6344,nan,4.8007,4.7283,0.1873,-0.1644,1.8665,0.0238,0.0215,-0.2481,2.8985,-0.0342,1.6716,0.1740
52.350,210.036,-1.5844,7.6461,-27.765,-1.5010,7.6019,-28.392,0.0944,-0.0003,0.0944,-0.626,1.7375,3.3023,-0.518,-3.2773,4.2701,-27.873,4.479,-1.1681,213.771,0.9188,0.0143,0.0098,0.6857,4.4813,4.5075,nan,4.8810,4.9349,0.1954,-0.1517,1.8665,0.0210,0.0113,-0.2412,3.0984,0.0259,0.7541,0.1740
52.400,210.288,-1.3649,7.5224,-31.500,-1.2836,7.4721,-31.892,0.0956,-0.0004,0.0956,-0.392,1.7575,3.3106,-0.377,-3.0684,4.1415,-31.515,4.517,-1.1527,214.029,0.9302,0.0082,0.0022,0.2688,4.5439,4.6047,nan,4.9743,5.1140,0.2025,-0.1420,1.8665,0.0170,0.0285,-0.2566,3.3983,0.0800,0.5719,0.1740
52.450,210.538,-1.1560,7.3862,-35.129,-1.0393,7.2973,-36.179,0.1466,-0.0056,0.1467,-1.051,1.7472,3.2743,-0.812,-2.8432,3.9831,-35.368,4.559,-1.0953,214.284,0.9200,0.0110,0.0106,0.9594,4.5582,4.6047,nan,5.1515,5.1392,0.2035,-0.1405,1.8758,0.0298,0.0231,-0.2417,3.5982,0.0800,0.5719,0.1740
52.500,210.815,-0.9340,7.2201,-38.875,-0.8653,7.1556,-39.510,0.0940,-0.0071,0.0942,-0.635,1.7398,3.2831,-0.817,-2.6600,3.8350,-38.693,4.679,-1.0448,214.573,0.9531,0.0159,0.0162,1.0174,4.3843,4.3839,nan,5.2507,5.0369,0.1995,-0.1312,1.8758,0.0258,0.0149,-0.2243,3.7980,0.0800,2.5260,0.1740
52.550,211.058,-0.7486,7.0636,-41.900,-0.6445,6.9522,-42.746,0.1519,-0.0134,0.1525,-0.846,1.7398,3.2831,-0.817,-2.4363,3.6348,-41.929,4.819,-1.0302,214.829,0.9277,0.0155,0.0201,1.3017,4.6720,5.0942,nan,5.0366,5.0329,0.1993,-0.1344,1.8758,0.0310,0.0247,-0.1927,4.0979,-0.0017,3.6163,0.1740
52.600,211.304,-0.5688,6.8951,-44.773,-0.5041,6.8164,-45.309,0.1014,-0.0103,0.1019,-0.536,1.7293,3.3434,-0.412,-2.2583,3.4569,-44.898,4.844,-0.9873,215.080,0.9322,0.0147,0.0187,1.2737,4.8694,5.0291,nan,4.9196,4.8861,0.1935,-0.1234,1.8758,0.0283,0.0120,-0.1610,4.2978,-0.0800,1.5200,0.1740
52.650,211.566,-0.3872,6.7063,-47.880,-0.3285,6.6208,-48.235,0.1028,-0.0138,0.1037,-0.355,1.7293,3.3434,-0.412,-2.0812,3.2626,-47.823,4.853,-0.9473,215.346,0.9382,0.0176,0.0203,1.1551,4.8923,4.9492,nan,4.9220,5.0058,0.1983,-0.1242,1.8758,0.0339,0.0117,-0.1229,4.5976,-0.0800,0.1652,0.1740
52.700,211.566,-0.3872,6.7063,-47.880,-0.3482,6.6466,-48.155,0.0704,-0.0111,0.0713,-0.275,1.7141,3.3721,-0.332,-2.0812,3.2626,-47.823,4.853,-0.9473,215.346,0.9382,0.0176,0.0202,1.1487,4.8899,4.9387,nan,5.0130,5.1066,0.2022,-0.1145,1.8758,0.0269,-0.0037,-0.1719,4.7975,0.0443,-1.1179,0.1740
52.750,211.832,-0.2135,6.5054,-50.796,-0.1902,6.4471,-51.636,0.0599,-0.0188,0.0628,-0.840,1.6786,3.3858,-0.614,-1.9015,3.0411,-51.022,4.814,-0.9246,215.611,0.9390,0.0138,0.0318,2.2975,4.6377,4.5995,nan,5.0674,5.0087,0.1984,-0.0958,1.8758,0.0118,-0.0322,-0.1866,4.8975,0.0800,0.3435,0.1740
52.800,212.112,-0.0417,6.2845,-53.874,-0.0575,6.2579,-54.397,0.0122,-0.0284,0.0309,-0.523,1.6728,3.3789,-0.744,-1.7675,2.8563,-53.653,4.840,-0.8687,215.896,0.9640,0.0131,0.0396,3.0185,4.9165,5.2860,nan,5.3302,5.3098,0.2103,-0.0898,1.8758,-0.0003,0.0047,-0.2426,5.2973,0.0800,1.2637,0.1743
52.850,212.370,0.1063,6.0731,-56.455,0.1263,5.9843,-57.654,0.0851,-0.0324,0.0910,-1.200,1.6635,3.3865,-0.921,-1.5787,2.5727,-56.733,4.887,-0.7580,216.160,0.9485,0.0108,0.0326,3.0280,4.6630,4.6246,nan,5.3999,5.0361,0.1994,-0.0836,1.8791,-0.0020,-0.0039,-0.2479,5.3972,0.0800,-0.2817,0.1743
52.900,212.638,0.2507,5.8467,-58.740,0.2360,5.7970,-59.875,0.0348,-0.0383,0.0518,-1.134,1.6617,3.3878,-0.999,-1.4675,2.3840,-58.876,4.890,-0.6981,216.432,0.9670,0.0073,0.0445,6.0970,4.7806,4.8740,nan,5.6176,5.5886,0.2213,-0.0836,1.9631,0.0014,0.0265,-0.1734,5.6971,0.0800,3.0381,0.1743
52.950,212.916,0.3908,5.6068,-60.957,0.3839,5.5324,-62.529,0.0617,-0.0422,0.0747,-1.572,1.6539,3.3593,-1.579,-1.3295,2.1373,-60.950,5.004,-0.6601,216.720,0.9712,0.0051,0.0330,6.4123,5.0171,5.2473,nan,5.6985,5.7984,0.2296,-0.0847,1.9729,0.0061,0.0367,-0.1075,5.9969,0.0415,-1.2831,0.1743
53.000,213.199,0.5245,5.3567,-63.084,0.5170,5.2533,-64.703,0.0888,-0.0535,0.1037,-1.619,1.6506,3.3605,-1.642,-1.1874,1.8596,-63.062,4.985,-0.6577,217.005,0.9725,0.0117,0.0502,4.2774,5.1367,5.2473,nan,5.7822,5.7755,0.2287,-0.0803,1.9729,0.0149,0.0117,-0.0305,6.2967,-0.0027,-1.2831,0.1743
53.050,213.475,0.6453,5.1094,-65.132,0.6372,4.9815,-67.390,0.1126,-0.0611,0.1282,-2.258,1.6417,3.3289,-2.225,-1.0679,1.6123,-65.166,5.189,-0.6536,217.299,0.9737,0.0081,0.0554,6.8560,5.0763,5.1120,nan,5.8139,5.9398,0.2352,-0.0758,1.9729,0.0129,-0.0091,-0.0994,6.4966,0.0516,4.7106,0.1743
53.100,213.766,0.7637,4.8434,-67.193,0.7548,4.6758,-69.200,0.1510,-0.0731,0.1678,-2.007,1.6515,3.3098,-2.016,-0.9442,1.3336,-67.184,5.381,-0.6476,217.609,0.9732,0.0053,0.0403,7.5864,5.2163,5.3455,nan,6.0142,6.1044,0.2418,-0.0690,1.9729,0.0063,-0.0171,-0.1265,6.7965,0.0800,4.4806,0.1743
53.150,214.061,0.8743,4.5693,-69.155,0.8567,4.3783,-71.161,0.1722,-0.0844,0.1918,-2.006,1.6515,3.3098,-2.016,-0.8319,1.0399,-69.145,5.558,-0.6013,217.922,0.9790,0.0046,0.0431,9.4390,5.4307,5.6596,nan,6.1485,6.1472,0.2435,-0.0697,1.9729,-0.0004,-0.0041,-0.1567,7.0964,0.0800,3.8816,0.1743
53.200,214.061,0.8743,4.5693,-69.155,0.8651,4.3860,-70.652,0.1680,-0.0738,0.1835,-1.497,1.6694,3.3247,-1.507,-0.8319,1.0399,-69.145,5.558,-0.6013,217.922,0.9790,0.0046,0.0334,7.3112,5.6659,5.9655,nan,6.3310,6.4945,0.2572,-0.0808,2.0234,0.0174,0.0362,-0.1238,7.4961,0.0800,3.7662,0.1743
53.251,214.389,0.9863,4.2612,-71.169,0.9795,4.0443,-72.714,0.2031,-0.0765,0.2170,-1.545,1.6732,3.3302,-1.544,-0.7127,0.6952,-71.170,5.725,-0.6170,218.268,0.9869,0.0136,0.0399,2.9319,5.7814,5.9210,nan,6.4549,6.6441,0.2631,-0.0759,2.0495,0.0268,0.0381,-0.1032,7.7960,0.0706,2.2628,0.1743
53.300,214.707,1.0846,3.9590,-73.140,1.0635,3.7441,-75.310,0.1996,-0.0825,0.2160,-2.170,1.6654,3.3467,-2.124,-0.6163,0.3748,-73.185,5.831,-0.6980,218.599,0.9962,0.0089,0.0509,5.7554,5.7573,5.8166,nan,6.5308,6.7095,0.2657,-0.0597,2.0662,0.0245,0.0100,-0.0903,7.9959,0.0800,4.1212,0.1743
53.350,215.052,1.1785,3.6276,-75.600,1.1438,3.4336,-77.436,0.1793,-0.0819,0.1971,-1.837,1.6753,3.3538,-2.023,-0.5340,0.0610,-75.414,6.032,-0.7205,218.967,0.9994,0.0076,0.0507,6.6914,6.0189,6.4861,nan,6.7138,6.8644,0.2719,-0.0531,2.0849,0.0319,0.0034,-0.0679,8.3957,0.0535,3.7066,0.1743
53.400,215.376,1.2542,3.3123,-77.779,1.2107,3.0066,-79.925,0.2896,-0.1072,0.3088,-2.146,1.6746,3.3028,-2.126,-0.4526,-0.3132,-77.799,6.190,-0.6463,219.310,1.0199,0.0083,0.0593,7.1303,6.2028,6.4487,nan,6.8565,6.9974,0.2771,-0.0448,2.0849,0.0175,-0.0012,-0.0717,8.7955,0.0489,2.9883,0.1743
53.450,215.720,1.3225,2.9748,-79.615,1.2742,2.6442,-81.461,0.3165,-0.1071,0.3341,-1.846,1.6782,3.3192,-1.499,-0.3861,-0.6853,-79.961,6.322,-0.5442,219.671,1.0377,0.0108,0.0622,5.7751,6.1252,6.1702,nan,6.9633,7.0793,0.2804,-0.0397,2.0860,0.0161,-0.0061,-0.0752,9.0953,0.0800,3.0440,0.1743
53.500,216.078,1.3827,2.6218,-81.310,1.3306,2.3137,-82.091,0.2967,-0.0980,0.3125,-0.781,1.6828,3.3084,-0.779,-0.3387,-0.9995,-81.312,6.455,-0.5045,220.047,1.0309,0.0152,0.0613,4.0405,6.1026,6.1702,nan,7.0000,7.0471,0.2791,-0.0476,2.0907,0.0323,0.0075,-0.0717,9.3952,0.0800,3.0440,0.1743
53.550,216.444,1.4341,2.2600,-82.782,1.3838,1.9052,-83.311,0.3456,-0.0945,0.3583,-0.529,1.6745,3.3408,-0.316,-0.2828,-1.4371,-82.994,6.583,-0.4785,220.430,1.0633,0.0246,0.0643,2.6139,6.3622,6.8977,nan,7.0000,7.1651,0.2838,-0.0616,2.0995,0.0611,0.0247,-0.0652,9.7949,0.0564,2.5334,0.1743
53.600,216.822,1.4773,1.8843,-84.380,1.4160,1.5626,-84.605,0.3142,-0.0925,0.3275,-0.225,1.6745,3.3408,-0.316,-0.2487,-1.7796,-84.289,6.676,-0.4942,220.822,1.0548,0.0247,0.0667,2.7042,6.4490,6.5979,nan,7.0000,7.0949,0.2810,-0.0656,2.1087,0.0760,0.0325,-0.0584,10.0948,0.0320,2.0881,0.1743
53.650,216.822,1.4773,1.8843,-84.380,1.4220,1.5776,-84.640,0.2998,-0.0851,0.3116,-0.260,1.6816,3.3557,-0.351,-0.2487,-1.7796,-84.289,6.676,-0.4942,220.822,1.0548,0.0247,0.0647,2.6242,6.6890,7.1427,nan,7.0000,6.9062,0.2735,-0.0602,2.1206,0.0886,0.0262,-0.0497,10.4946,-0.0305,1.2131,0.1743
53.700,217.199,1.5090,1.5089,-86.411,1.4531,1.2039,-86.221,0.3009,-0.0749,0.3101,0.190,1.6857,3.3866,-0.350,-0.2192,-2.1842,-85.871,6.770,-0.6734,221.215,1.0710,0.0243,0.0646,2.6633,6.9342,7.4689,nan,7.0000,6.7823,0.2686,-0.0340,2.1293,0.0812,-0.0118,-0.0433,10.7944,-0.0800,0.6521,0.1743
53.750,217.565,1.5266,1.1430,-88.541,1.4601,0.7612,-89.640,0.3800,-0.0762,0.3875,-1.099,1.7187,3.3696,-1.101,-0.2085,-2.6128,-88.539,6.797,-0.6649,221.590,1.1094,0.0176,0.0724,4.1084,6.7870,6.8061,nan,7.0000,6.8283,0.2704,-0.0057,2.1371,0.0565,-0.0458,-0.0378,11.0943,-0.0550,-0.8389,0.1743
53.800,217.897,1.5311,0.8110,-90.320,1.4656,0.5098,-91.724,0.3016,-0.0638,0.3083,-1.404,1.7468,3.4117,-1.326,-0.2140,-2.9076,-90.398,6.757,-0.6281,221.923,1.0985,0.0105,0.0760,7.2044,6.7615,6.8436,nan,7.0000,6.8471,0.2712,0.0116,2.1455,0.0481,-0.0676,-0.0318,11.3941,-0.0492,-0.7052,0.1743
53.850,218.267,1.5256,0.4413,-91.510,1.4511,0.0950,-93.677,0.3481,-0.0653,0.3542,-2.167,1.7545,3.3875,-1.307,-0.2281,-3.2986,-92.369,6.689,-0.2013,222.291,1.1168,0.0100,0.0882,8.8502,6.5209,6.4757,nan,7.0000,7.0348,0.2786,-0.0042,2.1517,0.0518,-0.0339,-0.0274,11.7939,0.0116,-0.7800,0.1743
53.900,218.647,1.5147,0.0613,-91.714,1.4403,-0.2530,-92.603,0.3164,-0.0649,0.3230,-0.890,1.7093,3.3807,-0.454,-0.2402,-3.6357,-92.149,6.655,0.0681,222.673,1.0961,0.0133,0.0744,5.5816,6.6808,6.9273,nan,7.0000,6.9149,0.2739,-0.0315,2.1599,0.0687,0.0084,-0.0216,12.0938,-0.0277,-0.2884,0.1743
53.950,219.013,1.5045,-0.3043,-91.344,1.4225,-0.6618,-92.965,0.3593,-0.0736,0.3668,-1.621,1.7762,3.3671,-1.464,-0.2507,-4.0365,-91.501,6.649,0.0253,223.043,1.1141,0.0129,0.0809,6.2756,6.7058,6.8180,nan,7.0000,6.9011,0.2733,-0.0220,2.1669,0.0628,0.0013,-0.0167,12.4936,-0.0321,1.5449,0.1743
54.000,219.387,1.4953,-0.6787,-91.470,1.4103,-1.0506,-92.038,0.3740,-0.0754,0.3815,-0.568,1.7284,3.3749,-0.779,-0.2579,-4.4294,-91.259,6.712,-0.1564,223.429,1.1220,0.0144,0.0667,4.6292,6.5714,6.5957,nan,7.0000,7.0081,0.2775,-0.0132,2.1721,0.0583,-0.0094,-0.0131,12.7934,0.0027,-0.2259,0.1743
54.050,219.743,1.4840,-1.0341,-92.412,1.4172,-1.3273,-92.134,0.2958,-0.0544,0.3007,0.278,1.7025,3.4307,-0.197,-0.2689,-4.7590,-91.937,6.704,-0.3219,223.789,1.1084,0.0235,0.0575,2.4450,6.6253,6.7552,nan,7.0000,6.9729,0.2762,-0.0170,2.1758,0.0688,-0.0017,-0.0100,13.0933,-0.0089,-0.2259,0.1743
54.100,220.131,1.4656,-1.4222,-93.176,1.3939,-1.6421,-93.690,0.2235,-0.0594,0.2313,-0.513,1.7083,3.5254,-0.225,-0.2941,-5.1687,-93.464,6.696,-0.1669,224.183,1.1254,0.0304,0.0781,2.5667,6.7309,6.9126,nan,7.0000,6.8987,0.2732,-0.0046,2.1745,0.0764,-0.0246,-0.0070,13.3931,-0.0329,-0.1199,0.1743
54.150,220.454,1.4468,-1.7440,-93.541,1.3890,-1.9357,-93.542,0.1949,-0.0458,0.2002,-0.001,1.6931,3.5976,0.140,-0.3175,-5.5325,-93.682,6.725,-0.0807,224.513,1.1517,0.0301,0.0642,2.1338,6.7792,6.9111,nan,7.0000,7.1678,0.2839,-0.0065,2.1699,0.0715,-0.0171,-0.0045,13.6929,0.0573,0.8917,0.1743
54.200,220.836,1.4227,-2.1260,-93.723,1.3836,-2.1319,-93.759,0.0084,-0.0386,0.0395,-0.036,1.7180,3.7043,0.034,-0.3378,-5.8360,-93.793,6.705,-0.0536,224.899,1.1074,0.0264,0.0514,1.9462,6.4268,6.2471,nan,7.0000,6.9409,0.2749,-0.0155,2.1699,0.0895,-0.0065,-0.0019,13.8928,0.0800,-0.4811,0.1743
54.250,220.836,1.4227,-2.1260,-93.723,1.3836,-2.1319,-93.759,0.0084,-0.0386,0.0395,-0.036,1.7180,3.7043,0.034,-0.3378,-5.8360,-93.793,6.705,-0.0536,224.899,1.1074,0.0264,0.0514,1.9462,6.6670,7.1197,nan,7.0000,7.2004,0.2852,-0.0143,2.1699,0.0940,-0.0088,0.0036,14.1927,0.0800,1.2697,0.1743
54.300,221.235,1.3962,-2.5240,-93.938,1.3579,-2.5412,-94.395,0.0198,-0.0370,0.0420,-0.457,1.7808,3.7508,-0.494,-0.3687,-6.2954,-93.901,6.794,-0.1208,225.312,1.1429,0.0211,0.0568,2.6907,6.8392,7.1190,nan,7.0000,7.1222,0.2821,0.0008,2.1699,0.0822,-0.0289,0.0023,14.4925,0.0414,-0.6703,0.1743
54.350,221.615,1.3688,-2.9026,-94.461,1.3365,-2.9069,-96.008,0.0068,-0.0319,0.0326,-1.547,1.9309,3.7757,-1.677,-0.3986,-6.6971,-94.330,6.770,-0.1576,225.695,1.1576,0.0204,0.0779,3.8215,6.7254,6.7618,nan,7.0000,7.2087,0.2855,0.0243,2.1606,0.0667,-0.0625,0.0073,14.7924,0.0719,1.6523,0.1743
54.400,222.003,1.3374,-3.2897,-94.916,1.2989,-3.2805,-96.395,-0.0059,-0.0391,0.0396,-1.479,1.9032,3.7620,-1.426,-0.4288,-7.0554,-94.969,6.843,-0.0437,226.096,1.1410,0.0217,0.0805,3.7122,6.8815,7.1380,nan,7.0000,7.0901,0.2808,0.0252,2.1263,0.0499,-0.0591,0.0105,15.1922,0.0303,0.3980,0.1743
54.450,222.380,1.3050,-3.6653,-94.879,1.2675,-3.6937,-96.029,0.0315,-0.0349,0.0470,-1.149,1.8604,3.7619,-0.975,-0.4658,-7.4647,-95.053,6.863,0.1486,226.480,1.1631,0.0205,0.0676,3.3040,6.9103,7.0325,nan,7.0000,7.0682,0.2799,0.0092,2.0917,0.0552,-0.0384,0.0115,15.4920,0.0229,0.8100,0.1743
54.500,222.759,1.2746,-4.0427,-94.082,1.2433,-4.0755,-95.299,0.0349,-0.0289,0.0453,-1.217,1.8587,3.7519,-0.879,-0.4953,-7.8359,-94.421,6.897,0.2627,226.867,1.1589,0.0194,0.0571,2.9491,7.0142,7.2103,nan,6.6340,6.4493,0.2554,-0.0110,2.0689,0.0633,-0.0200,0.0126,15.8918,-0.0800,-0.3052,0.1743
54.550,223.138,1.2496,-4.4209,-93.259,1.2263,-4.5031,-93.216,0.0834,-0.0186,0.0854,0.043,1.7557,3.7857,-0.063,-0.5203,-8.2893,-93.153,6.882,0.1795,227.251,1.2018,0.0197,0.0348,1.7677,7.0646,7.2103,nan,6.3506,6.5003,0.2574,-0.0252,2.0128,0.0573,-0.0123,0.0134,16.2916,0.0800,-0.3052,0.1743
54.600,223.571,1.2261,-4.8532,-92.910,1.2130,-4.8143,-92.706,-0.0381,-0.0151,0.0410,0.204,1.7557,3.7857,-0.063,-0.5332,-8.6006,-92.643,6.847,-0.0290,227.687,1.1255,0.0166,0.0283,1.7033,6.6384,6.2245,nan,6.2557,6.0401,0.2392,-0.0478,2.0000,0.0796,0.0019,0.0054,16.4915,0.0800,-0.3688,0.1743
54.650,223.571,1.2261,-4.8532,-92.910,1.2265,-4.7466,-92.212,-0.1065,-0.0050,0.1066,0.698,1.6951,3.8578,0.431,-0.5332,-8.6006,-92.643,6.847,-0.0290,227.687,1.1255,0.0166,0.0184,1.1049,6.8695,7.3106,nan,5.7955,5.7741,0.2287,-0.0615,1.9634,0.0876,-0.0056,-0.0141,16.7913,-0.0085,-4.9057,0.1743
54.700,223.967,1.2040,-5.2492,-93.735,1.2029,-5.2363,-92.413,-0.0128,-0.0020,0.0129,1.322,1.6667,3.8367,0.589,-0.5570,-9.0678,-93.002,6.609,-0.3396,228.064,1.1657,0.0199,0.0193,0.9688,6.7696,6.8134,nan,5.5429,5.4055,0.2141,-0.0486,1.9304,0.0624,-0.0374,-0.0365,17.1911,-0.0556,-6.7404,0.1743
54.750,224.309,1.1787,-5.5898,-95.199,1.1690,-5.6971,-94.836,0.1078,0.0000,0.1078,0.363,1.7539,3.7388,0.034,-0.5905,-9.4356,-94.870,6.295,-0.5673,228.380,1.1880,0.0191,0.0205,1.0725,6.3503,5.4413,nan,5.3810,5.4392,0.2154,-0.0261,1.9212,0.0342,-0.0751,-0.0661,17.4910,0.0254,-6.8399,0.1743
54.800,224.641,1.1447,-5.9197,-96.996,1.1355,-5.9777,-96.618,0.0587,-0.0020,0.0587,0.377,1.6984,3.6732,0.343,-0.6206,-9.6474,-96.961,6.012,-0.5503,228.689,1.1204,0.0203,0.0221,1.0876,5.9654,5.7244,nan,5.1502,5.3170,0.2106,-0.0343,1.8879,0.0111,-0.0759,-0.0768,17.7908,0.0783,-3.8995,0.1743
54.850,224.990,1.0984,-6.2658,-98.501,1.0871,-6.3495,-98.482,0.0844,0.0012,0.0844,0.019,1.7013,3.6430,0.334,-0.6725,-9.9887,-98.816,5.663,-0.2609,229.011,1.1229,0.0245,0.0293,1.1968,5.6745,5.5918,nan,4.9989,5.0944,0.2018,-0.0619,1.8341,-0.0012,-0.0494,-0.0963,18.0907,0.0800,-3.9495,0.1745
54.900,225.291,1.0524,-6.5634,-99.206,1.0453,-6.6556,-98.738,0.0922,0.0077,0.0925,0.469,1.6643,3.6290,0.571,-0.7214,-10.2779,-99.308,5.496,-0.2728,229.300,1.1212,0.0233,0.0232,0.9945,5.4294,5.3886,nan,4.8486,4.9254,0.1951,-0.0794,1.8067,-0.0120,-0.0399,-0.1212,18.2906,0.0800,-3.3027,0.1745
54.950,225.616,0.9982,-6.8839,-100.200,0.9843,-7.0341,-99.729,0.1503,0.0129,0.1508,0.471,1.6767,3.5684,0.450,-0.7758,-10.5967,-100.179,5.342,-0.3958,229.615,1.1205,0.0156,0.0196,1.2553,5.3537,5.3886,nan,4.5945,4.6328,0.1835,-0.1141,1.7713,-0.0074,-0.0092,-0.1427,18.5904,0.0195,-3.3027,0.1745
55.000,225.941,0.9366,-7.2028,-101.991,0.9296,-7.3133,-101.118,0.1095,0.0161,0.1107,0.873,1.6767,3.5684,0.450,-0.8327,-10.8755,-101.568,5.137,-0.5839,229.926,1.0970,0.0205,0.0189,0.9223,5.1064,5.0663,nan,4.4338,4.4641,0.1768,-0.1340,1.7370,-0.0125,0.0079,-0.1732,18.8903,0.0160,-4.2886,0.1745
55.050,225.941,0.9366,-7.2028,-101.991,0.9254,-7.3125,-102.073,0.1097,0.0119,0.1103,-0.082,1.8538,3.5552,-0.505,-0.8327,-10.8755,-101.568,5.137,-0.5839,229.926,1.0970,0.0205,0.0189,0.9209,5.1083,5.1631,nan,4.2220,4.0831,0.1617,-0.1275,1.6955,-0.0348,-0.0006,-0.1927,19.1901,-0.0800,-7.0585,0.1745
55.100,226.224,0.8727,-7.4784,-104.747,0.8590,-7.6060,-104.011,0.1268,0.0192,0.1283,0.736,1.7943,3.5502,-0.163,-0.9036,-11.1587,-103.848,4.811,-0.9495,230.187,1.1069,0.0291,0.0215,0.7397,4.7935,4.7024,nan,4.1582,4.1664,0.1650,-0.1099,1.6950,-0.0487,-0.0352,-0.2090,19.3900,0.0046,-6.0566,0.1745
55.150,226.481,0.8017,-7.7258,-107.817,0.7790,-7.8827,-107.817,0.1564,0.0264,0.1586,-0.001,1.7679,3.4985,-0.050,-0.9790,-11.3821,-107.767,4.556,-0.9076,230.429,1.0997,0.0123,0.0127,1.0337,4.4642,4.3661,nan,4.0374,4.0920,0.1621,-0.1363,1.6950,-0.0500,-0.0362,-0.2058,19.5899,0.0800,-7.4520,0.1745
55.200,226.693,0.7334,-7.9262,-110.213,0.7002,-8.0946,-110.646,0.1695,0.0271,0.1716,-0.432,1.7506,3.4959,0.046,-1.0596,-11.5897,-110.691,4.289,-0.8485,230.625,1.1139,0.0109,0.0179,1.6373,4.0826,3.5505,nan,4.0374,3.6897,0.1461,-0.1413,1.6950,-0.0563,-0.0459,-0.2065,19.6898,0.0800,-4.1457,0.1745
55.250,226.958,0.6365,-8.1737,-112.852,0.6427,-8.2304,-112.203,0.0498,0.0277,0.0570,0.649,1.6166,3.5118,0.714,-1.1202,-11.7291,-112.918,4.157,-0.7836,230.883,1.0356,0.0183,0.0091,0.4955,4.3648,4.6538,nan,3.8009,3.8194,0.1513,-0.1923,1.5900,-0.0575,-0.0008,-0.2588,19.9897,0.0107,-2.6818,0.1745
55.300,227.184,0.5445,-8.3800,-115.591,0.5259,-8.5048,-114.498,0.1206,0.0371,0.1261,1.093,1.5960,3.5360,0.881,-1.2551,-12.0229,-115.379,4.043,-0.8749,231.104,1.1106,0.0274,0.0284,1.0352,4.0238,3.9231,nan,3.7429,3.8281,0.1516,-0.1870,1.4721,-0.0580,0.0071,-0.2906,20.1896,0.0800,-6.5091,0.1745
55.350,227.403,0.4460,-8.5751,-118.340,0.4466,-8.6297,-118.057,0.0478,0.0265,0.0546,0.283,1.7017,3.5640,0.401,-1.3404,-12.1846,-118.458,3.801,-0.9081,231.309,1.0845,0.0068,0.0043,0.6438,3.7903,3.7710,nan,3.6925,3.6273,0.1437,-0.2055,1.3949,-0.0581,-0.0068,-0.3053,20.2895,0.0800,-6.5091,0.1745
55.400,227.614,0.3408,-8.7582,-121.900,0.3467,-8.7745,-121.224,0.0107,0.0137,0.0174,0.676,1.7739,3.5692,0.047,-1.4374,-12.3426,-121.272,3.748,-1.0970,231.519,1.0667,0.0103,0.0048,0.4664,3.6165,3.6141,nan,3.6447,3.6661,0.1452,-0.1828,1.3309,-0.0856,0.0028,-0.3332,20.4894,0.0124,-1.7310,0.1745
55.450,227.820,0.2273,-8.9301,-125.336,0.2255,-8.9557,-125.369,0.0219,0.0133,0.0256,-0.033,1.7627,3.5705,0.133,-1.5662,-12.5225,-125.502,3.738,-1.0829,231.726,1.0839,0.0149,0.0130,0.8669,3.6935,3.7403,nan,3.5449,3.5988,0.1425,-0.1645,1.3566,-0.1147,-0.0122,-0.3561,20.6893,0.0800,-0.3962,0.1745
55.500,227.820,0.2273,-8.9301,-125.336,0.2255,-8.9557,-125.369,0.0219,0.0133,0.0256,-0.033,1.7627,3.5705,0.133,-1.5662,-12.5225,-125.502,3.738,-1.0829,231.726,1.0839,0.0149,0.0130,0.8669,3.6030,3.6186,nan,3.4743,3.5183,0.1393,-0.1643,1.1950,-0.1108,-0.0252,-0.3673,20.7893,0.0800,-1.0989,0.1745
55.550,228.048,0.0900,-9.1121,-129.045,0.1136,-9.0936,-128.306,-0.0292,0.0067,0.0299,0.739,1.6592,3.6092,0.648,-1.6891,-12.6846,-128.954,3.632,-0.9468,231.950,1.0629,0.0341,0.0142,0.4172,3.7563,3.8320,nan,3.2944,3.2374,0.1282,-0.1457,0.8550,-0.1203,0.0172,-0.3925,20.9892,-0.0330,-1.6900,0.1745
55.600,228.250,-0.0406,-9.2655,-132.016,-0.0365,-9.2541,-131.913,-0.0112,-0.0046,0.0121,0.103,1.7621,3.6066,0.199,-1.8433,-12.8543,-132.112,3.562,-0.9082,232.149,1.0910,0.0064,0.0065,1.0072,3.5421,3.5270,nan,3.0643,2.9420,0.1165,-0.1438,0.8550,-0.1243,0.0485,-0.4250,21.1891,-0.0708,-2.2250,0.1745
55.650,228.453,-0.1806,-9.4138,-134.971,-0.1566,-9.3591,-135.037,-0.0557,-0.0217,0.0598,-0.066,1.8284,3.6245,-0.070,-1.9693,-12.9860,-134.967,3.462,-0.7947,232.348,1.0715,0.0130,0.0162,1.2431,3.5045,3.5272,nan,2.9586,2.8929,0.1146,-0.1849,0.8550,-0.1382,0.0508,-0.4387,21.2890,-0.0800,-4.7887,0.1745
55.700,228.632,-0.3090,-9.5375,-137.277,-0.2876,-9.4668,-137.016,-0.0637,-0.0374,0.0739,0.261,1.7216,3.6650,0.449,-2.1120,-13.1156,-137.465,3.270,-0.7281,232.517,1.0871,0.0156,0.0211,1.3515,3.1764,3.0826,nan,2.8755,2.9448,0.1166,-0.2201,0.8550,-0.1414,0.1161,-0.4370,21.4889,0.0401,-6.3415,0.1745
55.750,228.807,-0.4403,-9.6542,-139.542,-0.4002,-9.5582,-138.935,-0.0928,-0.0470,0.1040,0.607,1.6739,3.6755,0.649,-2.2239,-13.2094,-139.585,3.036,-0.7667,232.681,1.0604,0.0228,0.0249,1.0900,2.9913,2.9799,nan,2.8755,2.8454,0.1127,-0.2735,0.8550,-0.1327,0.1246,-0.4365,21.5889,0.0800,-3.8244,0.1745
55.800,228.971,-0.5667,-9.7573,-142.235,-0.5266,-9.6645,-141.200,-0.0885,-0.0488,0.1011,1.035,1.6436,3.6731,0.770,-2.3492,-13.3072,-141.970,2.915,-0.9257,232.840,1.0574,0.0019,0.0238,12.4556,2.8665,2.8696,nan,2.8512,2.6539,0.1051,-0.3755,0.8550,-0.1137,0.1296,-0.4326,21.6888,0.0800,-3.8244,0.1745
55.850,229.113,-0.6811,-9.8419,-145.021,-0.6456,-9.7562,-144.021,-0.0782,-0.0499,0.0928,1.000,1.6064,3.6676,0.906,-2.4640,-13.3865,-144.927,2.895,-0.9931,232.982,1.0558,0.0010,0.0250,24.3427,2.8493,2.8696,nan,2.8838,2.9100,0.1152,-0.4277,0.8550,-0.0949,0.1563,-0.4344,21.8887,0.0152,-1.1165,0.1745
55.900,229.270,-0.8121,-9.9280,-148.756,-0.7745,-9.8438,-146.933,-0.0758,-0.0525,0.0922,1.823,1.5442,3.6699,1.147,-2.5889,-13.4645,-148.080,2.805,-1.2473,233.136,1.0472,0.0032,0.0216,6.6361,2.7901,2.8039,nan,3.0488,3.1101,0.1232,-0.5028,0.8550,-0.0706,0.1490,-0.4809,21.9887,0.0800,-0.3720,0.1745
55.950,229.400,-0.9255,-9.9920,-152.890,-0.9010,-9.9175,-151.226,-0.0558,-0.0551,0.0784,1.664,1.5612,3.6633,1.087,-2.7193,-13.5316,-152.313,2.652,-1.5768,233.262,1.0642,0.0019,0.0249,13.1111,2.8387,2.8705,nan,3.1620,3.1587,0.1251,-0.5240,0.8550,-0.0484,0.1765,-0.6602,22.1886,0.0800,-4.7601,0.1745
56.000,229.558,-1.0698,-10.0572,-159.343,-1.0150,-9.9703,-156.306,-0.0819,-0.0620,0.1027,3.037,1.4889,3.6692,1.375,-2.8304,-13.5755,-157.681,2.785,-2.1797,233.437,1.0256,0.0098,0.0292,2.9787,2.5912,2.5503,nan,3.1620,2.9112,0.1153,-0.4875,0.8550,-0.0444,0.1337,-0.7318,22.2885,0.0800,0.3621,0.1745
56.050,229.693,-1.1985,-10.0987,-165.676,-1.2018,-10.0325,-163.733,-0.0131,-0.0650,0.0663,1.943,1.3880,3.6875,1.834,-3.0277,-13.6301,-165.567,2.846,-2.3581,233.584,1.0944,0.0084,0.0246,2.9341,2.9009,3.2982,nan,3.3220,3.4158,0.1353,-0.4505,0.9941,-0.0180,0.0988,-0.5919,22.4884,0.0543,1.0216,0.1745
56.100,229.845,-1.3476,-10.1281,-172.371,-1.3466,-10.0614,-170.601,-0.0098,-0.0660,0.0667,1.770,1.2221,3.7124,2.530,-3.1743,-13.6470,-173.131,2.816,-2.0589,233.740,1.0879,0.0127,0.0213,1.6730,2.9319,2.9609,nan,3.3549,3.3952,0.1345,-0.3765,1.1592,-0.0152,0.0922,-0.5778,22.6883,0.0233,0.2091,0.1745
56.150,230.009,-1.5108,-10.1411,-179.033,-1.4993,-10.0708,-176.461,-0.0127,-0.0701,0.0712,2.572,1.2221,3.7124,2.530,-3.3272,-13.6496,-178.992,3.018,-1.8693,233.925,1.0748,0.0209,0.0258,1.2328,2.8289,2.8359,nan,3.4372,3.4562,0.1369,-0.3902,1.1260,0.0009,0.0882,-0.5640,22.7882,0.0800,4.3369,0.1745
56.200,230.009,-1.5108,-10.1411,-179.033,-1.4954,-10.0719,-176.398,-0.0166,-0.0690,0.0709,2.636,1.2106,3.7143,2.594,-3.3272,-13.6496,-178.992,3.018,-1.8693,233.925,1.0748,0.0209,0.0252,1.2056,3.1059,3.2906,nan,3.4845,3.5410,0.1402,-0.3993,1.2656,0.0200,0.1130,-0.5148,22.9881,0.0327,3.4847,0.1745
56.250,230.179,-1.6805,-10.1360,175.201,-1.6825,-10.0653,177.113,0.0079,-0.0703,0.0707,1.912,1.3434,3.6913,2.137,-3.5367,-13.6342,174.976,3.137,-1.8747,234.106,1.1093,0.0265,0.0254,0.9571,3.1949,3.2401,nan,3.6209,3.7063,0.1468,-0.3683,1.3019,0.0283,0.0663,-0.5062,23.0881,0.0495,1.3099,0.1745
56.300,230.357,-1.8569,-10.1123,168.984,-1.8587,-10.0459,170.881,0.0145,-0.0648,0.0664,1.897,1.4726,3.6624,1.588,-3.7100,-13.6107,169.293,3.220,-1.9914,234.295,1.1064,0.0054,0.0269,5.0193,3.3728,3.4563,nan,3.6195,3.6531,0.1447,-0.3333,1.3847,0.0392,0.0482,-0.5013,23.2880,0.0194,0.9694,0.1745
56.350,230.536,-2.0307,-10.0693,162.594,-2.0403,-10.0053,163.939,0.0283,-0.0582,0.0647,1.345,1.5578,3.6415,1.300,-3.9068,-13.5617,162.639,3.299,-1.9453,234.485,1.1265,0.0071,0.0166,2.3411,3.3965,3.4282,nan,3.6042,3.5489,0.1406,-0.3008,1.4246,0.0417,0.0420,-0.4591,23.4879,-0.0320,2.7888,0.1745
56.400,230.724,-2.2074,-10.0041,156.408,-2.2149,-9.9372,157.012,0.0336,-0.0583,0.0673,0.604,1.7144,3.6037,0.657,-4.0842,-13.4949,156.355,3.420,-1.8060,234.686,1.1267,0.0129,0.0062,0.4816,3.5401,3.6086,nan,3.7296,3.6559,0.1448,-0.2787,1.4857,0.0298,0.0345,-0.4324,23.6878,-0.0426,1.2984,0.1745
56.451,230.914,-2.3775,-9.9204,150.779,-2.3939,-9.8334,151.210,0.0568,-0.0679,0.0885,0.431,1.7584,3.5957,0.489,-4.2668,-13.3932,150.721,3.469,-1.6590,234.883,1.1335,0.0188,0.0097,0.5148,3.5451,3.5747,nan,3.8531,3.8725,0.1534,-0.2655,1.4878,0.0242,-0.0012,-0.4251,23.7877,0.0112,-0.4895,0.1745
56.500,231.111,-2.5452,-9.8168,145.489,-2.5643,-9.7103,145.036,0.0761,-0.0770,0.1082,-0.452,1.8794,3.5606,-0.002,-4.4433,-13.2710,145.038,3.461,-1.5208,235.082,1.1370,0.0056,0.0061,1.0978,3.5458,3.5747,nan,3.9016,3.8658,0.1531,-0.2449,1.4881,0.0198,-0.0006,-0.4425,23.9876,0.0800,-0.4895,0.1745
56.550,231.324,-2.7152,-9.6888,140.210,-2.7074,-9.5893,140.148,0.0577,-0.0815,0.0998,-0.061,1.8794,3.5606,-0.002,-4.5864,-13.1500,140.150,3.523,-1.3850,235.301,1.1129,0.0095,0.0094,0.9806,3.3305,3.3124,nan,3.9464,3.6552,0.1448,-0.2232,1.4040,0.0022,0.0211,-0.4492,24.1875,0.0800,1.0436,0.1745
56.600,231.324,-2.7152,-9.6888,140.210,-2.7110,-9.5894,140.355,0.0604,-0.0791,0.0995,0.145,1.8284,3.5769,0.205,-4.5864,-13.1500,140.150,3.523,-1.3850,235.301,1.1129,0.0095,0.0077,0.8097,3.5044,3.5873,nan,4.0419,4.1719,0.1652,-0.2258,1.5447,0.0050,0.0448,-0.3645,24.3874,0.0800,3.2269,0.1745
56.650,231.536,-2.8729,-9.5471,135.618,-2.8730,-9.4338,136.174,0.0793,-0.0809,0.1133,0.556,1.7810,3.5964,0.386,-4.7417,-12.9985,135.788,3.631,-1.2644,235.522,1.1080,0.0163,0.0099,0.6094,3.7703,3.9555,nan,4.1882,4.1947,0.1661,-0.2364,1.6755,0.0138,0.0576,-0.3433,24.5873,0.0036,-1.2098,0.1745
56.700,231.723,-3.0030,-9.4119,131.877,-3.0308,-9.2651,132.339,0.1279,-0.0773,0.1494,0.462,1.7386,3.6088,0.562,-4.8955,-12.8265,131.776,3.611,-1.2786,235.711,1.1219,0.0065,0.0151,2.3355,3.5864,3.5813,nan,4.2824,4.2242,0.1673,-0.2291,1.5972,0.0177,0.0666,-0.3456,24.7872,0.0800,4.8309,0.1745
56.750,231.932,-3.1372,-9.2517,127.645,-3.1532,-9.1156,128.094,0.1175,-0.0705,0.1371,0.449,1.7602,3.6007,0.430,-5.0086,-12.6790,127.664,3.825,-1.3785,235.936,1.1044,0.0072,0.0138,1.9154,3.8075,3.9307,nan,4.3700,4.4719,0.1771,-0.2177,1.7198,0.0283,0.0574,-0.3197,24.9871,0.0800,2.4418,0.1745
56.800,232.150,-3.2640,-9.0747,123.089,-3.2885,-8.9203,123.979,0.1427,-0.0638,0.1563,0.890,1.7309,3.6157,0.535,-5.1361,-12.4885,123.444,3.943,-1.4103,236.165,1.1019,0.0085,0.0194,2.2692,4.0823,4.3019,nan,4.4801,4.5177,0.1789,-0.2120,1.8255,0.0369,0.0437,-0.3011,25.1870,0.0197,1.5651,0.1745
56.850,232.369,-3.3770,-8.8871,118.631,-3.4085,-8.7119,119.628,0.1689,-0.0563,0.1780,0.998,1.6248,3.6442,1.069,-5.2629,-12.2601,118.560,4.025,-1.3871,236.393,1.1066,0.0091,0.0237,2.5923,4.0443,4.0716,nan,4.5434,4.6544,0.1843,-0.2024,1.8420,0.0382,0.0440,-0.2851,25.3869,0.0584,3.4997,0.1747
56.900,232.599,-3.4801,-8.6815,114.155,-3.4992,-8.5249,115.862,0.1507,-0.0467,0.1577,1.707,1.4801,3.6929,1.757,-5.3515,-12.0594,114.105,4.174,-1.3846,236.636,1.0934,0.0107,0.0273,2.5371,4.1983,4.2845,nan,4.6059,4.6563,0.1844,-0.1960,1.8540,0.0402,0.0315,-0.2750,25.5868,0.0257,2.2308,0.1747
56.950,232.832,-3.5680,-8.4663,109.785,-3.5808,-8.3030,110.972,0.1580,-0.0432,0.1638,1.187,1.6119,3.6326,1.174,-5.4362,-11.8267,109.798,4.277,-1.3606,236.879,1.0869,0.0066,0.0317,4.8058,4.2385,4.2845,nan,4.6672,4.7530,0.1882,-0.1941,1.8597,0.0556,0.0286,-0.2697,25.7867,0.0436,2.2308,0.1747
57.000,233.079,-3.6436,-8.2309,105.344,-3.6514,-8.0784,107.038,0.1491,-0.0328,0.1527,1.695,1.5278,3.6517,1.602,-5.5051,-11.5807,105.436,4.391,-1.3344,237.138,1.0784,0.0069,0.0366,5.3311,4.3556,4.4309,nan,4.7603,4.8730,0.1930,-0.1697,1.8638,0.0434,0.0321,-0.2658,26.0865,0.0566,2.5086,0.1747
57.050,233.319,-3.6997,-7.9977,101.223,-3.7151,-7.8154,102.959,0.1818,-0.0204,0.1830,1.736,1.4706,3.6737,1.872,-5.5583,-11.3136,101.087,4.493,-1.2336,237.389,1.0699,0.0068,0.0430,6.3595,4.5389,4.6635,nan,4.8713,4.9346,0.1954,-0.1632,1.8721,0.0450,0.0249,-0.2580,26.2864,0.0307,2.2478,0.1747
57.100,233.319,-3.6997,-7.9977,101.223,-3.7151,-7.8154,102.959,0.1818,-0.0204,0.1830,1.736,1.4706,3.6737,1.872,-5.5583,-11.3136,101.087,4.493,-1.2336,237.389,1.0699,0.0068,0.0430,6.3595,4.4728,4.5001,nan,4.9646,5.1004,0.2020,-0.1595,1.8804,0.0563,0.0265,-0.2503,26.4863,0.0800,2.7564,0.1747
57.150,233.574,-3.7418,-7.7461,97.361,-3.7544,-7.6088,99.762,0.1378,-0.0051,0.1379,2.401,1.3401,3.7008,2.575,-5.5975,-11.0693,97.187,4.606,-1.1776,237.655,1.0682,0.0080,0.0480,5.9865,4.6064,4.7008,nan,5.0755,5.2416,0.2076,-0.1573,1.8877,0.0574,0.0348,-0.2435,26.6863,0.0800,1.8122,0.1747
57.200,233.829,-3.7673,-7.4917,93.659,-3.7758,-7.3738,95.661,0.1182,0.0010,0.1182,2.002,1.4905,3.6132,1.831,-5.6146,-10.8132,93.830,4.684,-1.1783,237.920,1.0596,0.0075,0.0515,6.8408,4.8402,5.0480,nan,5.2639,5.3773,0.2130,-0.1307,1.9060,0.0477,0.0304,-0.2268,26.9861,0.0513,1.5850,0.1747
57.250,234.095,-3.7766,-7.2258,89.871,-3.7920,-7.0779,91.954,0.1479,0.0157,0.1487,2.083,1.4388,3.6305,2.081,-5.6161,-10.5114,89.873,4.810,-1.1803,238.199,1.0470,0.0054,0.0618,11.3818,4.9134,4.9902,nan,5.4232,5.5632,0.2203,-0.1197,1.9280,0.0598,0.0190,-0.2072,27.1860,0.0619,2.9093,0.1747
57.300,234.364,-3.7684,-6.9575,86.141,-3.7840,-6.8060,86.706,0.1501,0.0257,0.1523,0.565,1.6893,3.4929,0.738,-5.6055,-10.2275,85.968,4.942,-1.0684,238.481,1.0428,0.0055,0.0486,8.8223,4.8612,4.8962,nan,5.5145,5.6830,0.2251,-0.0876,1.9582,0.0386,-0.0125,-0.1810,27.3859,0.0800,3.0975,0.1747
57.350,234.645,-3.7425,-6.6780,82.888,-3.7512,-6.5605,83.919,0.1156,0.0232,0.1179,1.032,1.6379,3.5133,1.045,-5.5719,-9.9738,82.874,5.077,-0.9646,238.776,1.0383,0.0074,0.0500,6.7488,5.1371,5.5324,nan,5.6819,5.6792,0.2249,-0.0843,2.0151,0.0318,-0.0071,-0.1102,27.6857,-0.0011,3.3444,0.1747
57.400,234.928,-3.7009,-6.3976,79.878,-3.6838,-6.2379,79.532,0.1602,0.0112,0.1606,-0.346,1.8783,3.3721,-0.285,-5.5142,-9.6375,79.817,5.220,-0.8181,239.074,1.0163,0.0112,0.0463,4.1448,5.2761,5.4078,nan,5.7625,5.7295,0.2269,-0.0579,2.0151,-0.0036,-0.0329,-0.1219,27.9856,-0.0131,3.3431,0.1747
57.450,235.230,-3.6424,-6.1014,77.518,-3.5989,-5.9299,76.054,0.1768,-0.0054,0.1769,-1.464,2.0126,3.3020,-1.036,-5.4436,-9.3319,77.090,5.357,-0.6998,239.390,1.0035,0.0034,0.0255,7.5792,5.3273,5.4078,nan,5.8815,5.9550,0.2358,-0.0494,2.0151,-0.0131,-0.0359,-0.1331,28.2854,0.0294,3.3431,0.1747
57.500,235.521,-3.5748,-5.8180,75.358,-3.5296,-5.6714,75.189,0.1533,-0.0067,0.1534,-0.169,1.8698,3.3735,-0.170,-5.3725,-9.0608,75.359,5.426,-0.7035,239.690,1.0010,0.0040,0.0254,6.4181,5.2757,5.3168,nan,5.9894,6.1547,0.2437,-0.0368,2.0153,-0.0409,-0.0424,-0.1336,28.4853,0.0800,1.6692,0.1747
57.550,235.836,-3.4916,-5.5149,73.913,-3.4406,-5.3686,73.771,0.1547,-0.0084,0.1549,-0.142,1.7524,3.4438,0.581,-5.2822,-8.7592,73.189,5.596,-0.3500,240.022,0.9940,0.0077,0.0306,3.9907,5.4330,5.5896,nan,6.0919,6.2846,0.2489,-0.0386,2.0219,-0.0429,-0.0235,-0.1283,28.7852,0.0764,0.8771,0.1747
57.600,236.120,-3.4109,-5.2424,72.982,-3.3206,-5.0213,72.615,0.2379,-0.0216,0.2388,-0.367,1.9047,3.3853,-0.287,-5.1832,-8.4326,72.902,5.754,-0.3358,240.322,0.9725,0.0080,0.0342,4.2927,5.7022,6.1641,nan,6.2982,6.4438,0.2552,-0.0766,2.0247,-0.0148,0.0542,-0.1182,29.1850,0.0552,3.9979,0.1747
57.651,236.429,-3.3181,-4.9475,72.982,-3.3206,-5.0213,72.615,-0.0713,-0.0192,0.0738,-0.367,1.9047,3.3853,-0.287,-5.1832,-8.4326,72.902,5.754,-0.3358,240.648,1.1138,0.0547,0.0342,0.6259,5.8206,5.9644,nan,6.4520,6.6386,0.2629,-0.0669,2.0247,-0.0219,0.0595,-0.1169,29.4848,0.0696,3.4059,0.1747
57.700,236.429,-3.3181,-4.9475,71.918,-3.2124,-4.7042,72.187,0.2641,-0.0250,0.2653,0.269,1.8220,3.4378,0.319,-5.0797,-8.1138,71.867,5.902,-0.4462,240.648,0.9613,0.0093,0.0377,4.0319,5.6369,5.6307,nan,6.5976,6.4361,0.2549,-0.0647,2.0332,-0.0086,0.0794,-0.1193,29.7846,0.0800,2.9354,0.1747
57.750,236.800,-3.1969,-4.5969,69.487,-3.1243,-4.4060,71.347,0.2042,-0.0011,0.2042,1.860,1.7069,3.4843,1.014,-4.9701,-7.8037,70.333,6.057,-0.6640,241.038,0.9741,0.0021,0.0352,16.5660,5.8966,6.3220,nan,6.7800,6.9472,0.2751,-0.0478,2.1314,0.0187,0.0599,-0.0450,30.0845,0.0800,3.5611,0.1747
57.800,237.169,-3.0621,-4.2536,67.297,-2.9962,-4.0731,68.789,0.1919,0.0089,0.1921,1.493,1.6443,3.4884,1.369,-4.8199,-7.4485,67.420,6.206,-0.6224,241.425,0.9582,0.0046,0.0236,5.1093,6.1189,7.1278,nan,6.9532,7.1510,0.2832,-0.0403,2.1137,0.0403,0.0420,-0.0129,30.4843,0.0685,0.2249,0.1747
57.850,237.492,-2.9335,-3.9573,65.461,-2.8206,-3.6972,66.069,0.2835,0.0053,0.2835,0.608,1.7384,3.4190,0.683,-4.6435,-7.0614,65.387,6.232,-0.5280,241.755,0.9113,0.0047,0.0225,4.7663,6.1069,6.1795,nan,7.0000,7.2030,0.2853,-0.0134,2.1080,0.0240,0.0103,-0.0155,30.6842,0.0800,4.4654,0.1747
57.900,237.840,-2.7852,-3.6417,63.969,-2.7041,-3.4341,65.341,0.2221,0.0182,0.2228,1.372,1.6153,3.4835,1.590,-4.5097,-6.7951,63.751,6.433,-0.4316,242.128,0.9242,0.0063,0.0190,3.0031,6.3125,6.6065,nan,7.0000,7.1129,0.2817,0.0009,2.1064,0.0249,0.0021,-0.0205,31.0840,0.0381,4.2912,0.1747
57.950,238.207,-2.6214,-3.3143,62.703,-2.5458,-3.0684,65.725,0.2532,0.0456,0.2573,3.022,1.4312,3.6098,3.109,-4.3334,-6.4526,62.616,6.625,-0.2335,242.518,0.9119,0.0036,0.0478,13.2505,6.5280,6.8737,nan,7.0000,6.9623,0.2757,0.0045,2.1064,0.0470,0.0029,-0.0223,31.3838,-0.0124,4.2912,0.1747
58.000,238.582,-2.4480,-2.9815,62.259,-2.3700,-2.6980,65.497,0.2872,0.0630,0.2940,3.238,1.3725,3.6136,3.559,-4.1271,-6.0670,61.938,6.758,-0.0387,242.911,0.8818,0.0013,0.0419,32.3801,6.7496,7.1413,nan,6.9478,6.7211,0.2662,-0.0139,2.0562,0.0925,0.0303,0.0247,31.8836,-0.0724,3.1213,0.1747
58.050,238.962,-2.2709,-2.6452,62.275,-2.2144,-2.3535,65.691,0.2845,0.0857,0.2971,3.416,1.3725,3.6136,3.559,-3.9504,-5.7329,62.132,6.796,-0.0822,243.300,0.8820,0.0013,0.0433,32.2923,6.7676,6.8770,nan,6.6572,6.5732,0.2603,-0.0276,2.0244,0.1134,0.0445,0.0378,32.1834,-0.0287,1.2336,0.1747
58.100,239.332,-2.0975,-2.3178,61.818,-2.0648,-2.0057,66.351,0.2905,0.1186,0.3138,4.533,1.2967,3.6753,4.331,-3.7809,-5.4110,62.021,6.683,-0.2271,243.663,0.8855,0.0030,0.0522,17.5212,6.7434,6.8257,nan,6.2980,6.2039,0.2457,-0.0229,2.0009,0.1383,0.0404,0.0532,32.4832,-0.0800,-2.4594,0.1747
58.150,239.332,-2.0975,-2.3178,61.818,-2.0513,-2.0146,65.364,0.2890,0.1025,0.3066,3.546,1.4075,3.6077,3.344,-3.7809,-5.4110,62.021,6.683,-0.2271,243.663,0.8855,0.0030,0.0357,11.9731,6.6868,6.7506,nan,6.0588,6.1519,0.2436,0.0243,1.9820,0.1108,-0.0166,0.0620,32.7831,-0.0800,-2.7984,0.1747
58.200,239.696,-1.9237,-1.9981,60.923,-1.8789,-1.7015,63.250,0.2810,0.1050,0.2999,2.327,1.5288,3.5164,2.156,-3.6016,-5.0860,61.093,6.553,-0.2557,244.018,0.8805,0.0093,0.0373,3.9944,6.4287,6.3691,nan,5.9089,5.8112,0.2301,0.0767,1.9625,0.0623,-0.0730,0.0628,33.0830,0.0800,-4.7300,0.1747
58.250,240.050,-1.7501,-1.6895,60.221,-1.7052,-1.3805,62.561,0.2905,0.1145,0.3122,2.340,1.5246,3.5645,2.440,-3.4374,-4.8030,60.121,6.343,-0.0912,244.356,0.8882,0.0031,0.0256,8.3869,6.2042,6.1728,nan,5.7643,5.5688,0.2205,0.1021,1.9592,0.0383,-0.0814,0.0439,33.3828,0.0800,-3.3425,0.1747
58.300,240.358,-1.5982,-1.4223,60.795,-1.5482,-1.0885,62.860,0.3158,0.1192,0.3375,2.064,1.4975,3.6020,2.916,-3.2803,-4.5296,59.944,6.205,0.2936,244.653,0.8833,0.0057,0.0135,2.3588,5.8312,5.6246,nan,5.6229,5.1660,0.2046,0.0928,1.9577,0.0336,-0.0433,0.0632,33.6826,0.0800,-5.2559,0.1747
58.350,240.733,-1.4198,-1.0917,63.189,-1.3962,-0.7870,63.874,0.2826,0.1163,0.3056,0.685,1.5849,3.5836,2.077,-3.1375,-4.2597,61.797,5.933,0.7995,245.008,0.9175,0.0007,0.0075,10.8618,5.8799,5.9778,nan,5.4144,5.3559,0.2121,0.0879,1.9549,0.0304,-0.0047,0.1012,33.9825,0.0800,-5.4571,0.1747
58.400,241.059,-1.2789,-0.7987,66.106,-1.2573,-0.4463,67.739,0.3309,0.1229,0.3530,1.633,1.5984,3.5895,1.987,-2.9939,-3.9344,65.752,5.687,0.8447,245.316,0.9150,0.0027,0.0113,4.1992,5.5901,5.5096,nan,5.1984,5.1597,0.2043,0.0757,1.8758,0.0433,0.0105,0.1263,34.2823,0.0800,-7.1210,0.1747
58.450,241.362,-1.1608,-0.5188,68.639,-1.1563,-0.1391,70.775,0.3552,0.1341,0.3797,2.137,1.6109,3.6319,1.987,-2.8963,-3.6728,68.788,5.394,0.7593,245.599,0.9353,0.0128,0.0409,3.1918,5.4835,5.5096,nan,5.0365,5.1261,0.2030,0.0823,1.8749,0.0427,0.0104,0.1453,34.5822,0.0800,-7.1210,0.1747
58.500,241.625,-1.0688,-0.2732,70.725,-1.0854,0.0913,71.784,0.3386,0.1360,0.3649,1.059,1.6758,3.6000,1.035,-2.8242,-3.4583,70.749,5.313,0.7309,245.858,0.9555,0.0139,0.0386,2.7718,5.1925,5.1175,nan,4.7653,4.8481,0.1920,0.0907,1.7933,0.0504,0.0100,0.1561,34.7821,0.0800,-2.2228,0.1747
58.550,241.918,-0.9760,0.0050,72.748,-0.9866,0.4034,73.173,0.3774,0.1283,0.3986,0.425,1.7401,3.5704,0.096,-2.7320,-3.1624,73.077,5.166,0.6519,246.141,0.9557,0.0089,0.0182,2.0464,5.2533,5.3360,nan,4.4940,4.4200,0.1750,0.1218,1.7409,0.0386,-0.0213,0.1714,35.0819,-0.0373,-1.3473,0.1747
58.600,242.205,-0.8951,0.2801,74.857,-0.9142,0.6183,74.306,0.3215,0.1068,0.3388,-0.551,1.7736,3.5087,-0.470,-2.6640,-2.9123,74.776,5.056,0.7115,246.421,0.9692,0.0056,0.0101,1.7982,5.0686,5.0629,nan,4.4121,4.4261,0.1753,0.1652,1.7239,0.0138,-0.0689,0.1794,35.3818,0.0074,-2.1063,0.1747
58.650,242.481,-0.8282,0.5484,77.786,-0.8456,0.9049,76.674,0.3448,0.0925,0.3570,-1.112,1.7736,3.5087,-0.470,-2.5978,-2.6251,77.144,4.680,1.0350,246.673,0.9694,0.0093,0.0109,1.1720,5.0974,5.1616,nan,4.1353,4.0234,0.1593,0.1663,1.6953,-0.0126,-0.0741,0.1805,35.5817,-0.0800,-7.9726,0.1747
58.700,242.481,-0.8282,0.5484,77.786,-0.8313,0.9128,76.211,0.3555,0.0801,0.3644,-1.575,1.8089,3.4953,-0.933,-2.5978,-2.6251,77.144,4.680,1.0350,246.673,0.9694,0.0093,0.0160,1.7214,4.7077,4.4850,nan,4.0454,4.1199,0.1632,0.1788,1.6540,-0.0169,-0.0384,0.1802,35.7816,0.0431,-5.1531,0.1747
58.750,242.728,-0.7823,0.7908,81.394,-0.7901,1.1115,79.623,0.3160,0.0557,0.3208,-1.772,1.8384,3.4657,-1.419,-2.5695,-2.4185,81.042,4.457,1.1467,246.907,0.9882,0.0184,0.0109,0.5954,4.3741,4.2733,nan,3.9694,3.8865,0.1539,0.1735,1.5943,-0.0198,-0.0135,0.1733,35.9814,0.0800,-7.4880,0.1747
58.800,242.960,-0.7534,1.0211,84.851,-0.7512,1.2983,83.047,0.2763,0.0227,0.2772,-1.804,1.8755,3.4006,-2.003,-2.5516,-2.1929,85.050,4.175,1.1446,247.123,0.9995,0.0171,0.0104,0.6091,4.0188,3.8974,nan,3.9144,3.5629,0.1411,0.1734,1.5666,-0.0307,0.0119,0.1838,36.0814,0.0800,-2.8012,0.1747
58.850,243.174,-0.7397,1.2351,88.282,-0.7358,1.4195,86.277,0.1845,0.0017,0.1845,-2.005,1.8835,3.3302,-2.089,-2.5479,-2.0049,88.366,4.074,1.1065,247.333,1.0112,0.0167,0.0089,0.5313,3.9124,3.9278,nan,3.9144,3.9158,0.1551,0.1636,1.5151,-0.0265,0.0430,0.2126,36.1814,0.0008,-4.2099,0.1748
58.900,243.413,-0.7393,1.4739,91.964,-0.7379,1.6227,89.971,0.1487,-0.0065,0.1488,-1.993,1.8746,3.3162,-1.918,-2.5543,-1.7800,91.889,3.884,1.0406,247.563,1.0192,0.0236,0.0070,0.2984,3.9867,4.0357,nan,3.7648,3.6712,0.1454,0.1641,1.5210,-0.0054,0.0500,0.2545,36.3812,0.0800,-6.2654,0.1748
58.950,243.623,-0.7519,1.6837,95.210,-0.7473,1.8283,92.584,0.1436,-0.0177,0.1447,-2.626,1.9014,3.2449,-2.791,-2.5767,-1.5439,95.375,3.676,0.9488,247.762,1.0268,0.0340,0.0099,0.2911,3.6265,3.4963,nan,3.7648,3.8699,0.1533,0.1640,1.3835,0.0030,0.0525,0.2421,36.4812,0.0608,1.8395,0.1748
59.000,243.824,-0.7747,1.8832,98.127,-0.7659,1.9739,95.410,0.0886,-0.0216,0.0912,-2.717,1.9014,3.2282,-2.806,-2.6026,-1.3834,98.217,3.735,0.9501,247.968,1.0333,0.0085,0.0169,1.9937,3.6853,3.7272,nan,3.6125,3.3215,0.1315,0.1799,1.4060,0.0127,0.0509,0.2553,36.6811,0.0800,-2.6158,0.1748
59.050,244.030,-0.8087,2.0867,101.141,-0.7963,2.1638,97.694,0.0733,-0.0270,0.0781,-3.447,1.9181,3.1478,-3.648,-2.6464,-1.1547,101.342,3.653,0.9342,248.171,1.0407,0.0206,0.0178,0.8640,3.6954,3.7272,nan,3.4501,3.5605,0.1410,0.1852,1.2448,0.0284,0.0376,0.3349,36.8810,0.0800,-2.6158,0.1748
59.100,244.263,-0.8599,2.3135,104.564,-0.8314,2.3460,100.640,0.0243,-0.0358,0.0433,-3.924,1.9181,3.1478,-3.648,-2.6929,-0.9751,104.288,3.694,1.0234,248.408,1.0409,0.0374,0.0194,0.5203,3.4658,3.4435,nan,3.4501,3.4387,0.1362,0.1809,1.1675,0.0416,0.0301,0.3731,36.9809,0.0800,1.4452,0.1748
59.150,244.263,-0.8599,2.3135,104.564,-0.8329,2.3378,100.582,0.0168,-0.0323,0.0363,-3.982,1.9174,3.1368,-3.706,-2.6929,-0.9751,104.288,3.694,1.0234,248.408,1.0409,0.0374,0.0202,0.5401,3.7581,4.0272,nan,3.1940,3.0927,0.1225,0.2456,1.2660,0.0550,0.0138,0.3794,37.1808,-0.0800,-3.7851,0.1748
59.200,244.462,-0.9149,2.5049,107.833,-0.8888,2.5607,104.282,0.0451,-0.0420,0.0616,-3.551,1.9208,3.1188,-3.525,-2.7700,-0.7298,107.807,3.559,1.0039,248.601,1.0575,0.0432,0.0170,0.3938,3.5227,3.4986,nan,3.1156,3.1553,0.1250,0.2266,1.1867,0.0694,0.0287,0.3785,37.2808,0.0230,-3.3626,0.1748
59.250,244.657,-0.9794,2.6893,111.004,-0.9447,2.7093,108.036,0.0062,-0.0396,0.0401,-2.968,1.9139,3.1344,-3.018,-2.8322,-0.5751,111.054,3.416,1.0297,248.789,1.0579,0.0235,0.0254,1.0790,3.3778,3.3808,nan,3.0405,3.1597,0.1251,0.2282,1.1066,0.0807,0.0105,0.4084,37.4807,0.0690,-6.5619,0.1748
59.300,244.841,-1.0501,2.8582,114.882,-1.0137,2.8853,111.478,0.0092,-0.0445,0.0454,-3.404,1.9075,3.1413,-2.899,-2.9044,-0.4034,114.377,3.169,1.1318,248.962,1.0591,0.0284,0.0251,0.8811,3.0805,3.0143,nan,2.9646,2.8988,0.1148,0.1806,1.0377,0.1002,0.0398,0.4233,37.5806,0.0800,-1.6695,0.1748
59.350,245.016,-1.1287,3.0153,118.449,-1.0835,3.0124,116.083,-0.0241,-0.0384,0.0453,-2.366,1.9005,3.1734,-2.295,-2.9751,-0.2804,118.378,3.111,1.1053,249.136,1.0551,0.0358,0.0077,0.2160,3.1827,3.2316,nan,2.8113,2.9152,0.1155,0.2148,0.9735,0.1151,0.0178,0.4612,37.7805,0.0601,-0.8252,0.1748
59.400,245.184,-1.2125,3.1602,121.818,-1.1835,3.1970,119.827,0.0160,-0.0441,0.0469,-1.991,1.8982,3.1844,-2.296,-3.0797,-0.1108,122.123,3.076,0.9080,249.302,1.0729,0.0422,0.0100,0.2380,2.9216,2.8775,nan,2.6843,2.7542,0.1091,0.2165,0.8937,0.1206,0.0063,0.4888,37.8805,0.0800,-3.8640,0.1748
59.450,245.351,-1.3041,3.3005,124.531,-1.2593,3.3128,122.106,-0.0153,-0.0439,0.0465,-2.424,1.8950,3.1783,-2.491,-3.1571,-0.0027,124.597,2.929,0.8877,249.463,1.0627,0.0148,0.0201,1.3536,2.8630,2.8775,nan,2.5358,2.6051,0.1032,0.2839,0.8549,0.1114,-0.0534,0.5630,38.0804,0.0401,-3.8640,0.1748
59.500,245.513,-1.3994,3.4316,127.633,-1.3639,3.4682,124.670,0.0073,-0.0504,0.0510,-2.963,1.8884,3.1795,-2.675,-3.2622,0.1366,127.345,2.858,0.9619,249.623,1.0713,0.0205,0.0196,0.9561,2.9700,3.0182,nan,2.5144,2.4801,0.0982,0.4494,0.8868,0.0972,-0.1339,0.6231,38.2803,-0.0198,-2.1348,0.1748
59.550,245.672,-1.4998,3.5551,130.735,-1.4571,3.5740,127.908,-0.0136,-0.0447,0.0467,-2.827,1.8884,3.1643,-2.729,-3.3611,0.2500,130.637,2.718,1.0293,249.776,1.0711,0.0291,0.0136,0.4673,2.8804,2.8901,nan,2.4911,2.4889,0.0986,0.5096,0.8601,0.0810,-0.1423,0.6562,38.3802,-0.0013,-3.2664,0.1748
59.600,245.809,-1.5925,3.6561,135.085,-1.5601,3.6912,131.345,0.0018,-0.0477,0.0477,-3.740,1.8884,3.1643,-2.729,-3.4696,0.3621,134.074,2.489,1.7483,249.907,1.0854,0.0388,0.0165,0.4260,2.8094,2.8216,nan,2.3905,2.4822,0.0983,0.5344,0.8389,0.0728,-0.1946,0.3563,38.5801,0.0800,-5.9958,0.1748
59.650,245.809,-1.5925,3.6561,135.085,-1.5687,3.7061,131.248,0.0184,-0.0522,0.0554,-3.837,1.8789,3.1734,-2.826,-3.4696,0.3621,134.074,2.489,1.7483,249.907,1.0854,0.0388,0.0196,0.5040,2.4601,2.3139,nan,2.3905,2.4270,0.0961,0.5102,0.8000,0.0773,-0.1082,0.6469,38.6800,0.0800,-3.0546,0.1748
59.700,245.946,-1.6937,3.7475,141.235,-1.6517,3.7864,138.080,-0.0083,-0.0566,0.0573,-3.154,1.8756,3.2049,-2.572,-3.5499,0.4227,140.652,2.399,1.9758,250.045,1.0690,0.0527,0.0079,0.1492,2.4597,2.4792,nan,2.2077,2.0923,0.0829,0.5753,0.8000,0.0670,-0.0605,0.9410,38.7800,-0.0800,-2.1222,0.1748
59.750,246.076,-1.7996,3.8236,147.551,-1.7772,3.8937,144.976,0.0187,-0.0712,0.0736,-2.575,1.8705,3.2299,-2.524,-3.6733,0.5025,147.500,2.356,1.9149,250.178,1.0857,0.0140,0.0308,2.2049,2.4002,2.4109,nan,2.1977,2.0802,0.0824,0.6525,0.8000,0.0486,-0.0544,0.8944,38.8800,-0.0800,-1.3233,0.1748
59.800,246.207,-1.9134,3.8879,153.615,-1.9081,3.9847,152.181,0.0383,-0.0891,0.0969,-1.434,1.8675,3.3249,-1.509,-3.7917,0.5601,153.690,2.297,1.8925,250.309,1.0912,0.0242,0.0156,0.6459,2.3442,2.3549,nan,2.1885,2.3229,0.0920,0.7308,0.8000,0.0164,-0.1183,0.8518,39.0799,0.0800,-6.3180,0.1748
59.850,246.326,-2.0227,3.9352,159.770,-2.0296,4.0596,158.261,0.0495,-0.1143,0.1245,-1.509,1.8638,3.3516,-1.430,-3.9098,0.6106,159.691,2.074,1.9461,250.424,1.0995,0.0321,0.0230,0.7173,2.0986,2.0518,nan,2.1792,2.2403,0.0887,0.7390,0.8000,-0.0010,-0.1037,0.8622,39.1798,0.0354,-3.6017,0.1748
59.900,246.439,-2.1303,3.9680,166.401,-2.1330,4.0925,164.026,0.0319,-0.1204,0.1245,-2.375,1.8490,3.3191,-2.029,-4.0069,0.6319,166.055,1.977,2.1411,250.539,1.0909,0.0416,0.0285,0.6866,2.0368,2.0442,nan,2.2133,2.3475,0.0930,0.7281,0.8000,0.0007,-0.0806,1.0097,39.2798,0.0777,0.3701,0.1748
59.950,246.550,-2.2405,3.9875,173.959,-2.2586,4.1187,171.137,0.0318,-0.1286,0.1324,-2.822,1.8346,3.3368,-1.915,-4.1171,0.6447,173.052,2.016,2.4112,250.665,1.0920,0.0059,0.0636,10.6933,2.2400,2.3226,nan,2.3107,2.3644,0.0936,0.7545,0.8000,-0.0178,-0.0790,1.1867,39.3797,0.0311,-1.1022,0.1748
60.000,246.661,-2.3510,3.9919,-178.414,-2.4124,4.1309,-180.027,0.0576,-0.1406,0.1519,-1.612,1.8298,3.3518,-1.833,-4.2650,0.6430,-178.194,2.018,2.4060,250.786,1.1299,0.0124,0.0651,5.2313,2.2946,2.3226,nan,2.3828,2.4498,0.0970,0.7768,0.8000,-0.0331,-0.0528,1.1875,39.4797,0.0388,-1.1022,0.1748
60.050,246.771,-2.4607,3.9819,-170.910,-2.5099,4.1074,-173.553,0.0287,-0.1317,0.1348,-2.643,1.8261,3.3213,-2.120,-4.3620,0.6252,-171.433,2.061,2.4787,250.909,1.1188,0.0194,0.0696,3.5850,2.1466,2.1375,nan,2.4284,2.4666,0.0977,0.7484,0.8000,-0.0415,-0.0567,1.2528,39.5796,0.0800,0.3275,0.1748
60.100,246.875,-2.5621,3.9592,-163.383,-2.6431,4.0766,-165.141,0.0440,-0.1357,0.1427,-1.758,1.8390,3.3556,-1.715,-4.5017,0.5866,-163.426,2.103,2.6052,251.028,1.1593,0.0183,0.0749,4.0912,2.3560,2.4443,nan,2.7397,2.8375,0.1124,0.7408,0.8000,-0.0498,-0.1615,1.0729,39.7795,0.0566,-0.0649,0.1748
60.150,246.994,-2.6736,3.9172,-155.017,-2.7512,4.0295,-156.738,0.0229,-0.1346,0.1365,-1.721,1.8390,3.3556,-1.715,-4.6083,0.5362,-155.024,2.169,2.6670,251.165,1.1561,0.0260,0.0684,2.6271,2.2572,2.2601,nan,2.7397,2.8458,0.1127,0.6754,0.8000,-0.0453,-0.1220,1.0377,39.8794,0.0614,0.7730,0.1748
60.200,246.994,-2.6736,3.9172,-155.017,-2.7407,4.0358,-156.821,0.0108,-0.1359,0.1363,-1.804,1.8485,3.3552,-1.798,-4.6083,0.5362,-155.024,2.169,2.6670,251.165,1.1561,0.0260,0.0645,2.4778,2.3898,2.4404,nan,2.8783,2.9555,0.1170,0.6386,0.8000,-0.0503,-0.0884,1.0181,39.9794,0.0800,3.3130,0.1748
60.250,247.119,-2.7823,3.8569,-146.338,-2.8523,3.9497,-147.723,0.0068,-0.1160,0.1162,-1.386,1.8696,3.3851,-1.314,-4.7336,0.4563,-146.410,2.346,2.6380,251.315,1.1763,0.0362,0.0558,1.5420,2.5848,2.6671,nan,2.8660,2.8472,0.1128,0.5272,0.9015,-0.0359,-0.0407,0.8579,40.0793,-0.0109,2.9076,0.1748
60.300,247.253,-2.8890,3.7745,-137.881,-2.9704,3.8448,-139.326,0.0132,-0.1067,0.1075,-1.445,1.8741,3.3940,-1.168,-4.8527,0.3520,-138.158,2.464,2.5811,251.470,1.1930,0.0062,0.0859,13.8159,2.7875,2.8781,nan,3.1274,3.0129,0.1193,0.4461,1.0308,-0.0357,-0.0590,0.6680,40.2792,-0.0663,2.1093,0.1748
60.350,247.374,-2.9737,3.6886,-130.729,-3.0664,3.7348,-130.826,0.0255,-0.1004,0.1036,-0.097,1.8868,3.4683,-0.399,-4.9549,0.2319,-130.427,2.555,2.6223,251.608,1.2180,0.0066,0.0811,12.2398,2.7192,2.7312,nan,3.1274,3.0538,0.1209,0.3503,1.0056,-0.0241,0.0171,0.6141,40.3791,-0.0426,0.3346,0.1748
60.400,247.525,-3.0650,3.5680,-123.435,-3.1367,3.6174,-122.747,-0.0017,-0.0870,0.0871,0.688,1.8955,3.4830,-0.258,-5.0328,0.1117,-122.489,2.653,1.9577,251.769,1.2049,0.0118,0.0554,4.6998,2.8799,2.9478,nan,3.3363,3.2581,0.1290,0.3442,1.0650,-0.0202,-0.0578,0.7243,40.5791,0.0800,3.7459,0.1748
60.450,247.675,-3.1410,3.4391,-117.452,-3.1992,3.4617,-117.056,0.0068,-0.0621,0.0624,0.395,1.9166,3.5145,0.079,-5.1159,-0.0458,-117.136,2.783,1.6346,251.929,1.2191,0.0194,0.0546,2.8113,2.8435,2.8611,nan,3.5572,3.2952,0.1305,0.3016,1.0860,-0.0004,-0.0534,0.6539,40.6790,0.0800,3.5837,0.1748
60.500,247.831,-3.2073,3.2974,-112.538,-3.2360,3.3231,-111.830,-0.0127,-0.0364,0.0385,0.707,1.9361,3.5478,0.381,-5.1735,-0.1904,-112.211,2.896,1.5682,252.093,1.2116,0.0236,0.0356,1.5055,2.9007,2.9349,nan,3.6696,3.7409,0.1482,0.2295,1.2131,0.0146,-0.0871,0.4677,40.8789,0.0800,3.1952,0.1748
60.550,247.995,-3.2636,3.1439,-107.551,-3.2763,3.1640,-107.457,-0.0153,-0.0181,0.0237,0.094,1.9501,3.5147,-0.029,-5.2262,-0.3534,-107.428,3.040,1.4583,252.267,1.2107,0.0246,0.0296,1.2060,3.0106,3.0602,nan,3.8856,3.8883,0.1540,0.1795,1.2941,0.0042,-0.0584,0.4146,40.9789,0.0800,2.6540,0.1748
60.600,248.165,-3.3087,2.9798,-102.960,-3.3119,2.9751,-102.835,0.0053,-0.0020,0.0057,0.125,1.9564,3.4990,-0.088,-5.2674,-0.5319,-102.748,3.147,1.3577,252.445,1.2112,0.0107,0.0127,1.1853,3.0321,3.0602,nan,3.9886,3.9797,0.1576,0.1344,1.3722,0.0077,-0.0677,0.2973,41.1788,0.0800,2.6540,0.1748
60.650,248.370,-3.3476,2.7784,-98.731,-3.3398,2.7928,-98.492,-0.0154,0.0055,0.0164,0.238,1.9564,3.4990,-0.088,-5.2951,-0.7143,-98.405,3.439,1.0399,252.669,1.1949,0.0195,0.0144,0.7423,3.0723,3.1044,nan,4.1858,4.0577,0.1607,0.0966,1.3585,0.0092,-0.0374,0.2356,41.2787,0.0800,5.6677,0.1748
60.700,248.552,-3.3717,2.5978,-96.483,-3.3572,2.5674,-95.837,0.0286,0.0178,0.0337,0.646,1.9638,3.5071,-0.086,-5.3196,-0.9476,-95.751,3.674,0.7611,252.866,1.2111,0.0198,0.0141,0.7089,3.3671,3.8354,nan,4.2444,4.3690,0.1730,0.0640,1.3743,-0.0018,-0.0623,0.1487,41.5785,0.0707,5.5214,0.1748
60.750,248.756,-3.3915,2.3953,-94.739,-3.3551,2.5790,-96.221,-0.1861,0.0211,0.1873,-1.482,1.9720,3.4830,-0.470,-5.3196,-0.9476,-95.751,3.674,0.7611,253.080,1.1428,0.0478,0.0131,0.2738,3.6633,3.9482,nan,3.8716,4.0211,0.1593,0.0522,1.3373,-0.0226,-0.0860,0.1262,41.7785,-0.0800,3.1033,0.1748
60.800,248.756,-3.3915,2.3953,-94.739,-3.3694,2.3678,-93.964,0.0256,0.0243,0.0353,0.774,1.9653,3.5480,0.137,-5.3375,-1.1675,-94.101,3.855,0.4274,253.080,1.2150,0.0216,0.0111,0.5154,3.8369,3.9247,nan,3.6455,3.5169,0.1393,0.0407,1.2444,-0.0372,-0.1030,0.0836,41.9784,-0.0800,5.6187,0.1748
60.850,248.975,-3.4072,2.1770,-93.492,-3.3751,2.1341,-92.775,0.0408,0.0346,0.0536,0.717,1.9609,3.5744,0.597,-5.3508,-1.3846,-93.372,4.059,0.3521,253.312,1.2123,0.0115,0.0056,0.4850,4.0504,4.1714,nan,3.3351,3.5841,0.1419,-0.0443,1.2678,-0.0513,-0.0883,-0.0267,42.1782,-0.0800,-1.6247,0.1748
60.901,249.180,-3.4181,1.9721,-92.557,-3.3803,1.9141,-91.962,0.0563,0.0403,0.0692,0.595,1.9653,3.5697,0.514,-5.3603,-1.6076,-92.476,3.995,0.3027,253.513,1.2172,0.0124,0.0066,0.5296,3.9928,4.0166,nan,3.1142,3.1377,0.1243,-0.0959,1.1760,-0.0632,-0.0622,-0.1324,42.3782,0.0136,-3.3525,0.1748
60.950,249.386,-3.4259,1.7657,-91.813,-3.3823,1.6870,-91.284,0.0773,0.0461,0.0900,0.529,1.9764,3.5456,0.253,-5.3668,-1.8349,-91.537,3.704,0.1006,253.703,1.2234,0.0138,0.0097,0.7019,3.5997,3.2401,nan,3.1142,3.0652,0.1214,-0.1030,1.1005,-0.0683,-0.0579,-0.1819,42.4781,0.0800,-2.5748,0.1748
61.000,249.594,-3.4331,1.5580,-92.527,-3.3873,1.5746,-91.474,-0.0186,0.0451,0.0487,1.053,1.9809,3.5375,0.034,-5.3693,-1.9597,-91.508,3.600,-0.2488,253.905,1.1914,0.0173,0.0124,0.7154,3.7492,3.8228,nan,2.8851,2.7931,0.1106,-0.1382,1.0994,-0.0919,-0.0573,-0.2763,42.6780,-0.0533,-1.2112,0.1748
61.050,249.780,-3.4430,1.3728,-93.987,-3.3990,1.3429,-92.765,0.0267,0.0460,0.0532,1.222,1.9642,3.5885,0.530,-5.3837,-2.1958,-93.295,3.297,-0.5236,254.074,1.2120,0.0199,0.0116,0.5835,3.3621,3.1414,nan,2.7936,2.8872,0.1143,-0.1172,0.9859,-0.1022,-0.0650,-0.3189,42.7779,0.0542,-4.9816,0.1748
61.100,249.965,-3.4583,1.1884,-95.722,-3.4171,1.1894,-95.267,-0.0051,0.0409,0.0413,0.455,1.9647,3.5716,0.453,-5.4004,-2.3395,-95.720,3.091,-0.6068,254.249,1.2001,0.0112,0.0083,0.7362,3.0874,3.0373,nan,2.7936,2.7928,0.1106,-0.1463,0.9053,-0.1109,-0.0253,-0.4028,42.9779,0.0800,-6.2008,0.1748
61.150,250.122,-3.4762,1.0320,-97.627,-3.4298,1.0095,-97.059,0.0162,0.0490,0.0516,0.568,1.9638,3.5784,0.663,-5.4229,-2.5063,-97.722,2.890,-0.5423,254.397,1.2078,0.0124,0.0105,0.8436,3.0225,3.0373,nan,2.6838,2.7186,0.1077,-0.2023,0.8863,-0.1149,0.0281,-0.4397,43.1777,0.0800,-6.2008,0.1748
61.200,250.280,-3.4993,0.8759,-99.277,-3.4489,0.8831,-98.655,-0.0152,0.0486,0.0509,0.622,1.9614,3.5744,0.719,-5.4436,-2.6232,-99.375,2.849,-0.5193,254.553,1.1937,0.0136,0.0113,0.8355,2.6904,2.5801,nan,2.6838,2.3795,0.0942,-0.2345,0.8000,-0.1057,0.0557,-0.4608,43.2777,0.0800,-1.1099,0.1748
61.250,250.446,-3.5295,0.7122,-102.107,-3.4767,0.7253,-100.154,-0.0239,0.0488,0.0544,1.953,1.9614,3.5744,0.719,-5.4734,-2.7806,-100.873,2.677,-0.9633,254.713,1.1915,0.0206,0.0205,0.9948,2.7471,2.7798,nan,2.3469,2.4660,0.0977,-0.4102,0.8055,-0.0936,0.0828,-0.5159,43.3777,0.0800,-0.4999,0.1748
61.300,250.446,-3.5295,0.7122,-102.107,-3.4791,0.7234,-100.638,-0.0215,0.0469,0.0516,1.469,1.9828,3.5265,0.236,-5.4734,-2.7806,-100.873,2.677,-0.9633,254.713,1.1915,0.0206,0.0111,0.5415,2.9117,2.9817,nan,2.2630,2.1700,0.0859,-0.4992,0.8538,-0.0936,0.0992,-0.6852,43.5775,-0.0800,-7.1351,0.1748
61.350,250.584,-3.5614,0.5788,-104.986,-3.5220,0.5706,-104.782,-0.0023,0.0401,0.0402,0.204,1.9783,3.5563,0.373,-5.5197,-2.9499,-105.155,2.449,-0.9549,254.841,1.2157,0.0261,0.0036,0.1380,2.5397,2.3333,nan,2.3363,2.3797,0.0942,-0.5087,0.8000,-0.0992,0.1270,-0.7531,43.6775,0.0251,-1.2270,0.1748
61.400,250.712,-3.5982,0.4562,-109.201,-3.5514,0.4862,-107.551,-0.0437,0.0343,0.0556,1.650,1.9783,3.5563,0.373,-5.5496,-3.0341,-107.924,2.371,-1.5821,254.969,1.1980,0.0079,0.0278,3.5207,2.3959,2.3902,nan,2.1771,2.3080,0.0914,-0.4919,0.8000,-0.1031,0.0645,-0.6165,43.7775,0.0758,-6.0590,0.1748
61.450,250.837,-3.6448,0.3395,-114.730,-3.6093,0.3515,-113.709,-0.0258,0.0272,0.0375,1.021,1.9557,3.5903,0.768,-5.6079,-3.1638,-114.477,2.177,-1.7592,255.091,1.2129,0.0152,0.0055,0.3583,2.1451,2.0965,nan,2.1771,2.2014,0.0872,-0.5002,0.8000,-0.1082,0.0352,-0.5703,43.8774,0.0141,0.8290,0.1748
61.500,250.963,-3.7030,0.2280,-120.544,-3.6597,0.2687,-119.416,-0.0570,0.0166,0.0594,1.128,1.9557,3.5903,0.768,-5.6595,-3.2460,-120.184,2.223,-1.7353,255.222,1.1985,0.0243,0.0004,0.0152,2.3402,2.4194,nan,2.1539,2.2376,0.0886,-0.6243,0.8000,-0.1097,0.0154,-0.8424,43.9773,0.0800,-0.9609,0.1748
61.550,251.080,-3.7670,0.1298,-125.776,-3.7428,0.1205,-124.038,-0.0066,0.0251,0.0260,1.739,1.8781,3.7008,2.102,-5.7485,-3.3717,-126.140,2.195,-1.7326,255.341,1.2300,0.0290,0.0067,0.2296,2.1421,2.1175,nan,2.1449,2.1469,0.0850,-0.7154,0.8000,-0.0916,0.0498,-1.0352,44.0773,0.0012,-2.7279,0.1748
61.600,251.201,-3.8421,0.0355,-131.265,-3.8053,0.0465,-128.996,-0.0326,0.0204,0.0384,2.270,1.8781,3.7008,2.102,-5.8137,-3.4433,-131.098,2.128,-1.7373,255.462,1.2144,0.0510,0.0056,0.1106,2.2248,2.2587,nan,2.2066,2.2291,0.0883,-0.7827,0.8000,-0.0828,0.1693,-1.0939,44.2772,0.0800,-0.9167,0.1748
61.650,251.317,-3.9229,-0.0478,-137.478,-3.9052,-0.0609,-134.253,-0.0042,0.0216,0.0220,3.225,1.8437,3.7297,2.512,-5.9096,-3.5350,-136.765,2.088,-2.1041,255.582,1.2311,0.0074,0.0594,8.0279,2.2387,2.2587,nan,2.2945,2.3368,0.0925,-0.8116,0.8000,-0.0639,0.1969,-1.1899,44.3772,0.0245,-0.9167,0.1748
61.700,251.433,-4.0131,-0.1210,-144.717,-3.9989,-0.1289,-142.363,-0.0070,0.0147,0.0163,2.354,1.8742,3.6951,2.104,-6.0095,-3.6059,-144.467,2.004,-2.3356,255.702,1.2398,0.0236,0.0259,1.0963,2.1699,2.1773,nan,2.3591,2.4899,0.0986,-0.8413,0.8000,-0.0488,0.1846,-1.2908,44.4771,0.0800,-2.6884,0.1748
61.750,251.540,-4.1043,-0.1772,-152.370,-4.0825,-0.1869,-149.950,-0.0148,0.0187,0.0238,2.420,1.8896,3.6785,1.944,-6.0998,-3.6606,-151.893,1.981,-2.6113,255.821,1.2386,0.0386,0.0137,0.3553,2.0782,2.0809,nan,2.4090,2.3982,0.0950,-0.7864,0.8000,-0.0425,0.1701,-1.3042,44.5770,0.0800,-1.3910,0.1748
61.800,251.645,-4.2004,-0.2195,-160.753,-4.1870,-0.2372,-157.848,-0.0069,0.0211,0.0222,2.905,1.8835,3.6946,2.140,-6.2130,-3.7025,-159.987,2.060,-2.8745,255.946,1.2550,0.0527,0.0183,0.3464,2.1777,2.2155,nan,2.5128,2.6133,0.1035,-0.7537,0.8000,-0.0284,0.1378,-1.2339,44.6769,0.0800,0.8029,0.1748
61.850,251.760,-4.3109,-0.2494,-169.243,-4.3293,-0.2722,-167.475,0.0224,0.0190,0.0294,1.767,1.8835,3.6946,2.140,-6.3566,-3.7321,-169.615,2.110,-2.6357,256.076,1.2870,0.0806,0.0470,0.5828,2.3821,2.4676,nan,2.8123,2.9061,0.1151,-0.7262,0.8000,-0.0032,0.1957,-1.0694,44.8768,0.0543,-0.0594,0.1748
61.900,251.760,-4.3109,-0.2494,-169.243,-4.3109,-0.2821,-167.062,0.0061,0.0321,0.0327,2.180,1.8732,3.7294,2.553,-6.3566,-3.7321,-169.615,2.110,-2.6357,256.076,1.2870,0.0806,0.0293,0.3630,2.3974,2.4190,nan,2.8174,2.9540,0.1170,-0.7178,0.8000,0.0195,0.1939,-1.0334,44.9768,0.0800,1.6967,0.1748
61.950,251.874,-4.4246,-0.2631,-177.375,-4.4245,-0.2895,-174.439,0.0011,0.0263,0.0264,2.936,1.8588,3.7796,2.974,-6.4859,-3.7376,-177.414,2.216,-2.6823,256.211,1.3000,0.0946,0.0351,0.3707,2.4604,2.4918,nan,2.8055,2.8215,0.1117,-0.6510,0.8591,0.0279,0.1592,-0.8563,45.0768,0.0092,4.0150,0.1748
62.000,252.004,-4.5543,-0.2598,173.739,-4.5595,-0.2859,175.749,0.0023,0.0265,0.0266,2.010,1.9348,3.6799,2.112,-6.6361,-3.7238,173.637,2.399,-2.8263,256.367,1.3174,0.0120,0.0405,3.3647,2.6253,2.6922,nan,2.7936,2.7675,0.1096,-0.5648,0.9549,0.0340,0.0804,-0.7607,45.1767,-0.0800,1.5506,0.1748
62.050,252.144,-4.6918,-0.2340,164.384,-4.7034,-0.2391,166.053,0.0098,0.0080,0.0127,1.670,2.0067,3.5927,1.257,-6.7925,-3.6837,164.797,2.512,-2.6949,256.530,1.3327,0.0303,0.0304,1.0039,2.8467,2.9519,nan,3.0171,2.9859,0.1183,-0.4686,1.0354,0.0202,0.0707,-0.6492,45.3766,-0.0800,1.0323,0.1748
62.100,252.280,-4.8204,-0.1885,156.248,-4.8372,-0.1618,157.287,0.0262,-0.0176,0.0316,1.039,2.0361,3.6015,1.241,-6.9532,-3.6136,156.046,2.550,-2.4123,256.679,1.3589,0.0410,0.0393,0.9577,2.7465,2.7532,nan,3.1053,3.1854,0.1262,-0.3981,0.9989,-0.0090,0.0267,-0.6292,45.4765,0.0464,1.9971,0.1748
62.150,252.421,-4.9458,-0.1238,149.024,-4.9385,-0.0831,149.978,0.0147,-0.0387,0.0414,0.954,2.0449,3.6316,1.453,-7.0754,-3.5364,148.525,2.595,-2.0509,256.828,1.3534,0.0561,0.0319,0.5697,2.6743,2.6852,nan,3.1053,2.9943,0.1186,-0.3575,0.9727,-0.0296,0.0127,-0.7060,45.5765,0.0800,4.0643,0.1748
62.200,252.571,-5.0697,-0.0401,142.693,-5.0558,0.0155,143.535,0.0226,-0.0526,0.0573,0.841,2.0696,3.5962,1.077,-7.1914,-3.4462,142.458,2.736,-1.8305,256.991,1.3444,0.0081,0.0155,1.9102,2.8360,2.9042,nan,3.3067,3.2718,0.1296,-0.3284,1.0587,-0.0246,0.0655,-0.7042,45.7764,0.0800,4.7159,0.1748
62.250,252.729,-5.1911,0.0619,137.037,-5.1908,0.1471,137.052,0.0579,-0.0626,0.0852,0.016,2.1093,3.5231,0.407,-7.3239,-3.3240,136.645,2.899,-1.6375,257.162,1.3518,0.0124,0.0072,0.5774,2.8743,2.9042,nan,3.5180,3.5420,0.1403,-0.3006,1.1136,-0.0278,0.0421,-0.6242,45.8764,0.0800,4.7159,0.1748
62.300,252.895,-5.3071,0.1800,131.798,-5.3052,0.2729,132.227,0.0680,-0.0633,0.0929,0.430,2.1093,3.5231,0.407,-7.4375,-3.1974,131.820,2.949,-1.4322,257.333,1.3480,0.0198,0.0108,0.5464,2.9390,2.9753,nan,3.7058,3.7141,0.1471,-0.2745,1.1986,-0.0269,0.0812,-0.5185,46.0762,0.0800,0.0230,0.1748
62.350,253.061,-5.4134,0.3082,127.297,-5.4065,0.4198,127.417,0.0846,-0.0731,0.1118,0.120,2.1304,3.4944,0.138,-7.5443,-3.0565,127.279,3.197,-1.4215,257.517,1.3465,0.0287,0.0152,0.5303,3.0449,3.0937,nan,3.7900,3.9275,0.1555,-0.2525,1.3387,-0.0242,0.1052,-0.3728,46.2762,0.0796,5.7918,0.1748
62.400,253.061,-5.4134,0.3082,127.297,-5.3973,0.4172,127.068,0.0770,-0.0789,0.1102,-0.229,2.1582,3.4459,-0.211,-7.5443,-3.0565,127.279,3.197,-1.4215,257.517,1.3465,0.0287,0.0136,0.4718,3.2505,3.3504,nan,4.0001,4.0900,0.1620,-0.2211,1.4867,-0.0184,0.0946,-0.2954,46.4760,0.0521,5.1498,0.1748
62.450,253.244,-5.5186,0.4571,122.821,-5.5052,0.5819,122.688,0.0976,-0.0789,0.1255,-0.133,2.1585,3.4410,-0.271,-7.6500,-2.8954,122.959,3.416,-1.3838,257.715,1.3452,0.0354,0.0217,0.6134,3.5264,3.7241,nan,4.1387,4.1526,0.1645,-0.1928,1.6128,-0.0025,0.0822,-0.2908,46.6759,0.0078,4.9578,0.1748
62.500,253.442,-5.6198,0.6270,118.377,-5.6176,0.7847,117.441,0.1378,-0.0769,0.1577,-0.936,2.1845,3.3597,-0.865,-7.7624,-2.6925,118.306,3.634,-1.2872,257.929,1.3519,0.0136,0.0071,0.5219,3.6848,3.7620,nan,4.3969,4.5303,0.1794,-0.1672,1.6853,0.0051,0.0707,-0.2910,46.8758,0.0731,4.4566,0.1748
62.550,253.647,-5.7114,0.8107,114.355,-5.7017,0.9830,113.506,0.1530,-0.0799,0.1726,-0.849,2.1810,3.3732,-0.808,-7.8482,-2.5010,114.314,3.813,-1.1824,258.147,1.3453,0.0166,0.0095,0.5733,3.8760,3.9754,nan,4.5701,4.6782,0.1853,-0.1471,1.7727,0.0165,0.0761,-0.3006,47.0757,0.0800,2.9650,0.1748
62.600,253.864,-5.7951,1.0111,110.656,-5.7757,1.1834,109.943,0.1544,-0.0789,0.1734,-0.713,2.1814,3.3725,-0.703,-7.9297,-2.2866,110.646,3.949,-1.0648,258.375,1.3415,0.0189,0.0113,0.5948,4.0635,4.1642,nan,4.8247,4.9208,0.1949,-0.1220,1.8929,0.0302,0.0832,-0.2404,47.2756,0.0800,5.4153,0.1748
62.650,254.088,-5.8685,1.2228,107.339,-5.8488,1.4069,106.609,0.1698,-0.0737,0.1851,-0.730,2.1745,3.3789,-0.549,-8.0040,-2.0488,107.158,4.177,-1.0022,258.617,1.3400,0.0212,0.0127,0.5993,4.1683,4.2314,nan,4.9857,5.1265,0.2030,-0.1047,1.9993,0.0443,0.0759,-0.1483,47.4755,0.0679,4.5857,0.1748
62.700,254.328,-5.9343,1.4534,104.222,-5.9101,1.6243,104.419,0.1598,-0.0654,0.1726,0.197,2.1445,3.4762,0.214,-8.0614,-1.8217,104.205,4.376,-0.8704,258.872,1.3320,0.0148,0.0083,0.5620,4.4348,4.6747,nan,5.2087,5.2807,0.2091,-0.0955,2.0330,0.0661,0.0711,-0.0891,47.7754,0.0326,4.9813,0.1748
62.750,254.575,-5.9899,1.6939,101.555,-5.9721,1.9080,101.703,0.2062,-0.0604,0.2149,0.149,2.1388,3.4941,0.387,-8.1214,-1.5312,101.316,4.586,-0.7861,259.135,1.3329,0.0143,0.0106,0.7402,4.5767,4.6747,nan,5.4139,5.5218,0.2187,-0.0974,2.0330,0.0948,0.0578,-0.0531,47.9753,0.0474,4.9813,0.1748
62.800,254.838,-6.0376,1.9525,99.103,-6.0173,2.1143,99.698,0.1566,-0.0456,0.1631,0.595,2.1272,3.4942,0.598,-8.1584,-1.2949,99.100,4.798,-0.7442,259.416,1.3235,0.0135,0.0097,0.7197,4.5123,4.5403,nan,5.5400,5.6278,0.2229,-0.0941,2.0330,0.1044,0.0384,-0.0295,48.1752,0.0800,4.6954,0.1748
62.850,255.114,-6.0764,2.2265,96.728,-6.0594,2.4256,97.381,0.1957,-0.0402,0.1998,0.653,2.1272,3.4942,0.598,-8.1972,-0.9831,96.784,5.062,-0.7445,259.717,1.3215,0.0105,0.0132,1.2605,4.7936,5.1597,nan,5.7558,5.8998,0.2337,-0.0948,2.0125,0.1226,0.0193,-0.0517,48.4750,0.0800,5.8964,0.1748
62.900,255.114,-6.0764,2.2265,96.728,-6.0644,2.4222,97.564,0.1930,-0.0349,0.1961,0.836,2.1187,3.5169,0.780,-8.1972,-0.9831,96.784,5.062,-0.7445,259.717,1.3215,0.0105,0.0113,1.0791,5.0764,5.5380,nan,5.8752,5.9957,0.2375,-0.0972,1.9604,0.1287,0.0009,-0.0562,48.7748,0.0488,4.3547,0.1748
62.950,255.398,-6.1045,2.5092,94.357,-6.0946,2.7120,95.209,0.2015,-0.0253,0.2031,0.852,2.1182,3.4900,0.830,-8.2232,-0.6588,94.379,5.256,-0.7765,260.019,1.3184,0.0100,0.0138,1.3768,5.2882,5.4998,nan,5.9845,6.0547,0.2398,-0.0888,1.9418,0.1209,-0.0202,-0.0707,49.0747,0.0276,4.8004,0.1749
63.000,255.694,-6.1215,2.8041,91.858,-6.1155,3.0197,93.059,0.2153,-0.0130,0.2157,1.200,2.1086,3.5455,1.248,-8.2336,-0.3466,91.811,5.465,-0.8154,260.335,1.3118,0.0137,0.0217,1.5764,5.4127,5.5407,nan,5.7919,5.6534,0.2239,-0.0874,1.9318,0.1149,-0.0390,-0.0849,49.2746,-0.0537,3.3804,0.1749
63.050,256.021,-6.1252,3.1315,89.060,-6.1132,3.3300,89.854,0.1987,-0.0087,0.1989,0.795,2.1155,3.4551,0.715,-8.2297,-0.0224,89.140,5.623,-0.7847,260.680,1.3042,0.0060,0.0203,3.3783,5.6485,5.9465,nan,5.5073,5.3999,0.2139,-0.0757,1.9162,0.0848,-0.0586,-0.1135,49.5744,-0.0440,2.5471,0.1749
63.100,256.357,-6.1130,3.4667,86.419,-6.0981,3.6694,87.558,0.2032,-0.0022,0.2032,1.139,2.1146,3.4832,1.111,-8.2076,0.3454,86.447,5.723,-0.7687,261.028,1.2948,0.0031,0.0298,9.7776,5.8042,5.9829,nan,5.3937,5.3399,0.2115,-0.0801,1.8990,0.0726,-0.0548,-0.1195,49.8743,-0.0800,-2.3790,0.1749
63.150,256.668,-6.0880,3.7773,84.001,-6.0732,3.9992,84.369,0.2222,0.0085,0.2224,0.368,2.1107,3.3781,0.449,-8.1788,0.6853,83.920,5.618,-0.6950,261.334,1.2922,0.0136,0.0214,1.5694,5.6742,5.6937,nan,5.2280,5.2202,0.2067,-0.0838,1.8894,0.0572,-0.0582,-0.1145,50.1741,-0.0800,-2.3790,0.1749
63.200,256.978,-6.0509,4.0846,81.901,-6.0332,4.2569,81.311,0.1731,0.0068,0.1733,-0.590,2.0968,3.2410,-0.416,-8.1372,0.9569,81.728,5.455,-0.6656,261.632,1.2863,0.0073,0.0143,1.9501,5.4365,5.3982,nan,5.1725,4.9093,0.1944,-0.0738,1.8889,0.0257,-0.0752,-0.1160,50.3740,0.0800,-3.6892,0.1749
63.250,257.279,-6.0037,4.3825,79.761,-5.9909,4.4972,79.174,0.1152,0.0078,0.1154,-0.588,2.0822,3.1758,-0.588,-8.0863,1.2385,79.761,5.316,-0.6169,261.925,1.2824,0.0022,0.0118,5.3333,5.2600,5.2580,nan,5.0072,4.8304,0.1913,-0.0650,1.8738,-0.0073,-0.0935,-0.1375,50.5739,0.0800,-2.9560,0.1749
63.300,257.569,-5.9481,4.6668,77.858,-5.9289,4.7675,77.287,0.1025,0.0024,0.1026,-0.572,2.0822,3.1758,-0.588,-8.0270,1.5094,77.874,5.057,-0.5208,262.197,1.2786,0.0012,0.0186,14.9065,5.1979,5.2348,nan,4.8989,5.0043,0.1982,-0.0666,1.8357,-0.0314,-0.0768,-0.1808,50.8738,0.0800,-6.1630,0.1749
63.350,257.569,-5.9481,4.6668,77.858,-5.9305,4.7286,77.364,0.0641,-0.0042,0.0643,-0.494,2.0828,3.1477,-0.510,-8.0270,1.5094,77.874,5.057,-0.5208,262.197,1.2786,0.0012,0.0132,10.5339,5.0976,5.1223,nan,4.7855,4.9347,0.1954,-0.0749,1.8154,-0.0590,-0.0597,-0.1921,51.0737,0.0800,-4.0916,0.1749
63.400,257.842,-5.8875,4.9332,76.275,-5.8707,4.9381,75.962,0.0088,-0.0151,0.0175,-0.313,2.0817,3.1261,-0.221,-7.9594,1.7813,76.183,4.901,-0.5071,262.460,1.2716,0.0040,0.0116,2.8851,4.7721,4.6713,nan,4.7238,4.5946,0.1820,-0.0757,1.7916,-0.0774,-0.0586,-0.1968,51.1736,0.0800,-0.4437,0.1749
63.450,258.112,-5.8206,5.1939,74.668,-5.8105,5.1260,74.629,-0.0628,-0.0277,0.0686,-0.039,2.0847,3.1139,0.014,-7.8947,2.0140,74.615,4.881,-0.5490,262.730,1.2740,0.0064,0.0125,1.9450,4.7084,4.7387,nan,4.5897,4.5400,0.1798,-0.0849,1.7723,-0.0977,-0.0422,-0.2060,51.3735,0.0800,-1.0874,0.1749
63.500,258.384,-5.7451,5.4553,72.863,-5.7341,5.3662,72.968,-0.0819,-0.0368,0.0898,0.106,2.0849,3.1042,0.008,-7.8187,2.2631,72.961,4.824,-0.5625,263.000,1.2737,0.0037,0.0119,3.2286,4.8612,4.9809,nan,4.4332,4.4770,0.1773,-0.1025,1.7393,-0.1091,-0.0090,-0.2199,51.6734,0.0231,-4.1611,0.1749
63.551,258.644,-5.6651,5.7030,71.090,-5.6485,5.6085,70.537,-0.0840,-0.0463,0.0959,-0.553,2.0566,2.9979,-0.519,-7.7284,2.5408,71.056,4.658,-0.5898,263.249,1.2630,0.0023,0.0222,9.6082,4.5471,4.4627,nan,4.3609,4.3983,0.1742,-0.0940,1.6853,-0.1279,-0.0256,-0.2254,51.7733,0.0800,-2.8164,0.1749
63.600,258.910,-5.5750,5.9538,69.060,-5.5731,5.8007,68.957,-0.1423,-0.0565,0.1531,-0.103,2.0644,3.0218,-0.273,-7.6506,2.7425,69.230,4.537,-0.6949,263.509,1.2764,0.0029,0.0287,9.9912,4.6473,4.7265,nan,4.2176,4.2566,0.1686,-0.1116,1.6565,-0.1346,0.0081,-0.2381,52.0732,0.0216,-2.3921,0.1749
63.650,259.148,-5.4864,6.1746,66.903,-5.4653,6.0651,66.677,-0.0925,-0.0623,0.1116,-0.226,2.0682,3.0451,-0.169,-7.5424,2.9978,66.846,4.446,-0.6637,263.742,1.2558,0.0074,0.0378,5.1057,4.3137,4.2136,nan,3.9941,4.1127,0.1629,-0.1273,1.5552,-0.1321,0.0230,-0.2442,52.2730,0.0800,-2.0441,0.1749
63.700,259.399,-5.3843,6.4037,64.788,-5.3749,6.2825,64.637,-0.1056,-0.0602,0.1216,-0.151,2.0711,3.0830,-0.051,-7.4488,3.1928,64.688,4.355,-0.7249,263.989,1.2653,0.0030,0.0380,12.8325,4.1985,4.2136,nan,3.9293,3.9236,0.1554,-0.1528,1.5552,-0.1274,0.0417,-0.2402,52.4729,0.0800,-2.0441,0.1749
63.750,259.644,-5.2759,6.6234,62.331,-5.2689,6.5145,63.031,-0.0932,-0.0567,0.1091,0.700,2.1023,3.1792,0.472,-7.3435,3.3960,62.558,4.234,-0.8169,264.227,1.2691,0.0018,0.0215,11.9208,4.2071,4.2451,nan,3.7754,3.8905,0.1541,-0.1999,1.5552,-0.1062,0.0549,-0.2586,52.6729,0.0667,-2.6832,0.1749
63.800,259.862,-5.1706,6.8141,59.392,-5.1437,6.7345,60.241,-0.0548,-0.0637,0.0840,0.849,2.1023,3.1792,0.472,-7.2164,3.6150,59.769,4.012,-1.0442,264.433,1.2462,0.0016,0.0187,11.9118,4.3489,4.4352,nan,3.5051,3.4830,0.1379,-0.2279,1.5552,-0.0753,0.0980,-0.2950,52.9727,-0.0800,-5.7728,0.1749
63.850,259.862,-5.1706,6.8141,59.392,-5.1536,6.7501,61.128,-0.0464,-0.0473,0.0663,1.737,2.1466,3.3074,1.360,-7.2164,3.6150,59.769,4.012,-1.0442,264.433,1.2462,0.0016,0.0029,1.8235,3.9639,3.7710,nan,3.5051,3.5777,0.1417,-0.2614,1.5411,-0.0576,0.0727,-0.3052,53.0726,0.0421,-3.6631,0.1749
63.900,260.082,-5.0529,7.0004,55.491,-5.0723,6.9006,58.114,-0.0932,-0.0406,0.1017,2.624,2.1755,3.4026,2.079,-7.1161,3.7586,56.036,3.852,-1.2618,264.646,1.2657,0.0019,0.0055,2.8493,3.8022,3.8051,nan,3.4901,3.6126,0.1431,-0.2691,1.4783,-0.0388,0.0662,-0.3390,53.2725,0.0709,-6.7879,0.1749
63.950,260.286,-4.9324,7.1644,51.355,-4.9553,7.0790,54.402,-0.0810,-0.0355,0.0884,3.046,2.2180,3.5137,2.906,-6.9833,3.9243,51.496,3.591,-1.3596,264.837,1.2533,0.0041,0.0140,3.4331,3.5168,3.4662,nan,3.1305,3.2327,0.1280,-0.2735,1.3673,-0.0258,0.0742,-0.3251,53.4724,0.0592,-2.5139,0.1749
64.000,260.460,-4.8195,7.2969,47.292,-4.8491,7.2191,50.351,-0.0773,-0.0310,0.0832,3.058,2.2252,3.5431,2.983,-6.8735,4.0392,47.367,3.524,-1.4553,265.010,1.2576,0.0049,0.0154,3.1410,3.3857,3.3918,nan,3.1040,3.0604,0.1212,-0.2805,1.3163,-0.0062,0.0295,-0.3024,53.5724,0.0800,-1.0891,0.1749
64.050,260.653,-4.6834,7.4340,42.638,-4.7360,7.3668,46.250,-0.0842,-0.0138,0.0853,3.612,2.2521,3.6216,3.520,-6.7450,4.1671,42.730,3.481,-1.4705,265.204,1.2660,0.0043,0.0129,3.0353,3.4872,3.5391,nan,3.2006,3.3294,0.1319,-0.3019,1.3558,0.0114,0.0324,-0.3941,53.7723,0.0800,-5.9818,0.1749
64.101,260.841,-4.5405,7.5562,38.042,-4.5858,7.5104,41.764,-0.0639,-0.0081,0.0644,3.722,2.2664,3.6569,3.740,-6.5862,4.2922,38.024,3.261,-1.4123,265.383,1.2499,0.0047,0.0124,2.6513,3.2899,3.2775,nan,3.3615,3.4160,0.1353,-0.3055,1.2791,0.0163,0.0563,-0.4884,53.9722,0.0315,-5.4090,0.1749
64.150,261.015,-4.4001,7.6583,33.681,-4.4509,7.6221,36.704,-0.0624,-0.0020,0.0624,3.023,2.2264,3.6012,3.170,-6.4447,4.3840,33.534,3.094,-1.4243,265.551,1.2497,0.0058,0.0057,0.9857,3.0565,3.0282,nan,3.4440,3.3765,0.1337,-0.2903,1.1884,0.0212,0.0213,-0.4654,54.0721,0.0800,1.1384,0.1749
64.200,261.190,-4.2503,7.7500,28.919,-4.3001,7.7180,31.420,-0.0590,-0.0040,0.0592,2.501,2.1887,3.5306,2.454,-6.3035,4.4613,28.966,3.171,-1.5103,265.733,1.2597,0.0083,0.0146,1.7516,3.0106,3.0282,nan,3.4518,3.3306,0.1319,-0.2846,1.1705,0.0222,0.0206,-0.6174,0.1000,0.0800,1.1384,0.1749
64.250,261.370,-4.0897,7.8306,24.034,-4.1001,7.8213,25.734,-0.0133,-0.0042,0.0139,1.700,2.1643,3.4647,1.672,-6.1346,4.5376,24.062,3.240,-1.4761,265.919,1.2519,0.0067,0.0068,1.0069,3.1123,3.1603,nan,3.4226,3.4863,0.1381,-0.2613,1.2763,0.0155,-0.0250,-0.4499,0.1999,0.0369,1.4023,0.1749
64.300,261.572,-3.9021,7.9048,18.820,-3.9069,7.8963,20.690,-0.0073,-0.0065,0.0098,1.869,2.1643,3.4647,1.672,-5.9393,4.6069,19.018,3.270,-1.3585,266.125,1.2448,0.0083,0.0020,0.2406,3.2638,3.3323,nan,3.6522,3.5675,0.1413,-0.2592,1.3385,0.0155,0.0220,-0.4000,0.4997,-0.0491,0.3498,0.1749
64.350,261.572,-3.9021,7.9048,18.820,-3.8952,7.8995,20.540,0.0048,-0.0073,0.0087,1.720,2.1644,3.4520,1.522,-5.9393,4.6069,19.018,3.270,-1.3585,266.125,1.2448,0.0083,0.0019,0.2294,3.3997,3.4630,nan,3.7600,3.7197,0.1473,-0.2618,1.3942,0.0103,0.0359,-0.4647,0.6996,0.0800,1.7122,0.1749
64.400,261.757,-3.7248,7.9584,14.501,-3.7022,7.9501,15.205,0.0198,-0.0137,0.0241,0.703,2.1021,3.3721,0.779,-5.7415,4.6565,14.426,3.339,-1.3498,266.316,1.2248,0.0089,0.0013,0.1505,3.3675,3.3899,nan,3.8688,3.6875,0.1460,-0.2371,1.3810,-0.0007,0.0035,-0.5078,0.7996,0.0800,1.4310,0.1749
64.450,261.946,-3.5402,7.9992,10.121,-3.4971,7.9907,10.205,0.0409,-0.0159,0.0439,0.084,2.0626,3.3012,-0.011,-5.5605,4.6885,10.216,3.413,-1.3942,266.511,1.2295,0.0073,0.0040,0.5443,3.4880,3.5465,nan,3.9702,3.9436,0.1562,-0.2222,1.5219,-0.0032,-0.0032,-0.3597,0.9995,-0.0154,2.2315,0.1749
64.500,262.137,-3.3513,8.0261,5.688,-3.2765,8.0146,4.879,0.0733,-0.0189,0.0757,-0.809,2.0151,3.2356,-0.742,-5.3530,4.7101,5.621,3.512,-1.3146,266.710,1.2117,0.0073,0.0049,0.6750,3.4921,3.5211,nan,4.0610,4.1958,0.1662,-0.2084,1.5286,-0.0083,-0.0027,-0.3767,1.1994,0.0800,0.9324,0.1749
64.550,262.331,-3.1574,8.0389,1.583,-3.0651,8.0231,1.038,0.0918,-0.0183,0.0936,-0.544,2.0539,3.2642,-0.495,-5.1600,4.7146,1.534,3.561,-1.2576,266.909,1.2137,0.0076,0.0012,0.1648,3.5813,3.6305,nan,4.2041,4.2412,0.1680,-0.2137,1.5864,-0.0013,0.0159,-0.3594,1.3993,0.0800,3.6208,0.1749
64.600,262.535,-2.9534,8.0380,-2.450,-2.8480,8.0126,-3.220,0.1064,-0.0208,0.1084,-0.771,2.0425,3.2484,-0.677,-4.9464,4.7061,-2.544,3.713,-1.2323,267.124,1.2053,0.0091,0.0042,0.4617,3.7059,3.7683,nan,4.2958,4.4007,0.1743,-0.2090,1.6615,-0.0001,0.0256,-0.3344,1.5992,0.0800,4.5429,0.1749
64.650,262.749,-2.7403,8.0222,-6.415,-2.6253,7.9854,-7.368,0.1184,-0.0237,0.1208,-0.953,2.0185,3.2074,-1.155,-4.7391,4.6834,-6.213,3.898,-1.2874,267.352,1.2120,0.0064,0.0032,0.5072,3.9964,4.2726,nan,4.4302,4.5176,0.1789,-0.2014,1.7974,0.0078,0.0251,-0.3314,1.7991,0.0469,2.4303,0.1749
64.700,262.967,-2.5248,7.9909,-10.565,-2.3732,7.9422,-12.130,0.1580,-0.0200,0.1593,-1.564,1.9781,3.1981,-1.407,-4.4664,4.6359,-10.723,4.015,-1.3125,267.581,1.1581,0.0081,0.0050,0.6194,4.1737,4.2726,nan,4.5182,4.5172,0.1789,-0.1989,1.8331,0.0154,0.0421,-0.2975,2.0989,-0.0005,2.4303,0.1749
64.750,263.199,-2.2976,7.9405,-14.891,-2.1969,7.8933,-15.680,0.1095,-0.0197,0.1112,-0.789,1.9964,3.2182,-1.191,-4.2895,4.5870,-14.489,4.143,-1.3037,267.825,1.2075,0.0107,0.0078,0.7290,3.9354,3.9138,nan,4.6010,4.6192,0.1829,-0.1762,1.8153,0.0102,0.0315,-0.2859,2.2988,0.0800,2.8596,0.1749
64.800,263.405,-2.1001,7.8821,-18.529,-1.9585,7.8096,-19.680,0.1573,-0.0237,0.1590,-1.151,1.9872,3.2431,-0.971,-4.0226,4.4990,-18.709,4.254,-1.2335,268.041,1.1445,0.0110,0.0099,0.8972,4.2176,4.6994,nan,4.6651,4.7465,0.1880,-0.1778,1.8662,0.0211,0.0461,-0.2658,2.5987,0.0413,2.8382,0.1749
64.850,263.634,-1.8854,7.8034,-22.125,-1.7891,7.7480,-22.711,0.1101,-0.0151,0.1111,-0.586,2.0113,3.2874,-0.551,-3.8431,4.4238,-22.160,4.369,-1.2044,268.280,1.1783,0.0115,0.0085,0.7346,4.2106,4.2456,nan,4.7054,4.8202,0.1909,-0.1649,1.8736,0.0167,0.0215,-0.2588,2.6986,0.0584,2.9225,0.1749
64.900,263.634,-1.8854,7.8034,-22.125,-1.7891,7.7480,-22.711,0.1101,-0.0151,0.1111,-0.586,2.0113,3.2874,-0.551,-3.8431,4.4238,-22.160,4.369,-1.2044,268.280,1.1783,0.0115,0.0085,0.7346,4.4609,4.6617,nan,4.8007,4.8017,0.1902,-0.1725,1.8760,0.0355,0.0460,-0.2441,2.9985,0.0005,2.5729,0.1749
64.950,263.878,-1.6624,7.7049,-25.982,-1.5465,7.6316,-26.750,0.1363,-0.0152,0.1371,-0.769,1.9863,3.2968,-0.591,-3.5774,4.2981,-26.159,4.483,-1.1802,268.535,1.1420,0.0149,0.0126,0.8486,4.3485,4.3648,nan,4.8810,5.0346,0.1994,-0.1566,1.8760,0.0299,0.0146,-0.2412,3.0984,0.0760,2.2694,0.1749
65.000,264.132,-1.4374,7.5872,-29.715,-1.3360,7.5112,-31.184,0.1257,-0.0158,0.1267,-1.469,1.9436,3.2596,-1.257,-3.3721,4.1786,-29.927,4.575,-1.2001,268.799,1.1617,0.0089,0.0188,2.1211,4.4591,4.5357,nan,5.0280,5.0235,0.1989,-0.1470,1.8760,0.0390,0.0199,-0.2566,3.3983,0.0800,0.5349,0.1749
65.050,264.394,-1.2141,7.4505,-33.721,-1.1218,7.3791,-34.455,0.1164,-0.0082,0.1167,-0.734,1.9616,3.2833,-0.955,-3.1512,4.0439,-33.501,4.623,-1.1543,269.068,1.1636,0.0128,0.0111,0.8672,4.6950,4.8925,nan,5.1515,5.2881,0.2094,-0.1469,1.8857,0.0509,0.0151,-0.2417,3.5982,0.0800,2.8441,0.1749
65.100,264.647,-1.0075,7.3044,-37.248,-0.9390,7.2479,-37.619,0.0887,-0.0035,0.0888,-0.371,1.9587,3.3471,-0.370,-2.9228,3.8820,-37.249,4.738,-1.0995,269.332,1.1459,0.0150,0.0106,0.7050,4.8479,4.9671,nan,5.1759,5.2116,0.2064,-0.1437,1.8857,0.0500,0.0186,-0.2243,3.7980,0.0161,1.4705,0.1749
65.150,264.914,-0.7991,7.1370,-40.751,-0.7133,7.0617,-41.226,0.1142,-0.0010,0.1142,-0.476,1.9664,3.3463,-0.410,-2.7062,3.6961,-40.816,4.812,-1.1018,269.609,1.1423,0.0175,0.0144,0.8258,4.8401,4.8863,nan,5.0366,4.9037,0.1942,-0.1376,1.8857,0.0485,0.0271,-0.1927,4.0979,-0.0591,3.2229,0.1749
65.200,265.188,-0.5966,6.9527,-44.316,-0.5550,6.8993,-44.911,0.0671,-0.0092,0.0677,-0.596,1.9198,3.3551,-0.717,-2.5189,3.5130,-44.195,4.947,-1.1082,269.896,1.1568,0.0124,0.0181,1.4584,5.0669,5.2835,nan,4.9196,4.8076,0.1904,-0.1335,1.8857,0.0551,0.0190,-0.1339,4.3977,-0.0512,0.8619,0.1749
65.250,265.461,-0.4062,6.7567,-47.806,-0.3559,6.6825,-48.505,0.0888,-0.0125,0.0896,-0.699,1.9126,3.3993,-0.430,-2.2930,3.2661,-48.075,4.972,-1.0680,270.175,1.1362,0.0143,0.0206,1.4440,5.1769,5.2835,nan,5.0130,4.8885,0.1936,-0.1160,1.8857,0.0453,-0.0168,-0.1229,4.5976,-0.0557,0.8619,0.1749
65.300,265.755,-0.2145,6.5331,-51.383,-0.2211,6.4968,-52.223,0.0243,-0.0278,0.0369,-0.840,1.8750,3.3741,-1.019,-2.1513,3.0850,-51.204,4.865,-0.8916,270.465,1.1728,0.0152,0.0469,3.0807,4.8472,4.7385,nan,5.0130,4.8755,0.1931,-0.0980,1.8857,0.0326,-0.0447,-0.1482,4.6976,-0.0800,-2.6602,0.1749
65.350,266.002,-0.0642,6.3373,-53.929,-0.0443,6.2417,-55.186,0.0890,-0.0402,0.0977,-1.258,1.8750,3.3741,-1.019,-1.9700,2.8330,-54.167,4.820,-0.7975,270.710,1.1584,0.0120,0.0430,3.5710,5.0406,5.2089,nan,5.1905,5.3043,0.2101,-0.0873,1.8857,0.0069,-0.0398,-0.1972,4.9974,0.0523,-1.2214,0.1749
65.400,266.002,-0.0642,6.3373,-53.929,-0.0515,6.2634,-54.753,0.0672,-0.0332,0.0750,-0.824,1.8895,3.4104,-0.585,-1.9700,2.8330,-54.167,4.820,-0.7975,270.710,1.1584,0.0120,0.0360,2.9950,4.6818,4.5358,nan,5.2591,5.0564,0.2003,-0.0851,1.8857,0.0045,-0.0212,-0.2239,5.1973,0.0800,-0.8116,0.1749
65.450,266.271,0.0902,6.1172,-56.279,0.0766,6.0776,-57.025,0.0254,-0.0333,0.0419,-0.746,1.9035,3.4089,-0.537,-1.8518,2.6515,-56.488,4.803,-0.6764,270.981,1.1824,0.0094,0.0376,4.0071,4.7509,4.8205,nan,5.4640,5.1419,0.2036,-0.0945,1.9104,0.0114,0.0258,-0.2254,5.4972,0.0800,4.0721,0.1749
65.500,266.540,0.2361,5.8908,-58.359,0.2383,5.8035,-60.336,0.0755,-0.0440,0.0874,-1.977,1.8597,3.3390,-1.897,-1.7021,2.4095,-58.440,4.956,-0.6532,271.264,1.1829,0.0133,0.0556,4.1777,4.9362,5.0882,nan,5.6176,5.7895,0.2293,-0.0816,1.9799,0.0061,0.0276,-0.1546,5.7970,0.0738,-0.5611,0.1749
65.550,266.812,0.3752,5.6571,-60.415,0.3872,5.5321,-62.125,0.1147,-0.0513,0.1256,-1.711,1.8795,3.3263,-1.752,-1.5590,2.1591,-60.373,4.940,-0.6984,271.537,1.1837,0.0104,0.0448,4.3025,5.0113,5.0923,nan,5.7303,5.8193,0.2305,-0.0817,1.9799,0.0145,0.0278,-0.0716,6.0969,0.0367,0.6484,0.1749
65.600,267.100,0.5127,5.4044,-62.803,0.5200,5.2498,-64.893,0.1408,-0.0642,0.1548,-2.090,1.8726,3.2854,-2.266,-1.4293,1.9093,-62.626,5.002,-0.6717,271.832,1.1903,0.0059,0.0421,7.1056,5.1872,5.3467,nan,5.8139,5.8100,0.2301,-0.0739,1.9799,0.0078,-0.0025,-0.0681,6.3967,-0.0016,6.0384,0.1749
65.650,267.357,0.6270,5.1742,-64.683,0.6395,4.9586,-67.034,0.2003,-0.0809,0.2160,-2.351,1.8804,3.2642,-2.230,-1.3059,1.6448,-64.804,5.250,-0.6671,272.112,1.1919,0.0051,0.0425,8.3429,5.2962,5.4073,nan,5.9296,6.0492,0.2396,-0.0752,1.9799,0.0056,-0.0031,-0.1198,6.6965,0.0480,3.8216,0.1749
65.700,267.635,0.7420,4.9214,-66.684,0.7466,4.7062,-68.976,0.1994,-0.0810,0.2152,-2.292,1.8767,3.2846,-2.228,-1.1845,1.3766,-66.748,5.415,-0.6540,272.406,1.1907,0.0048,0.0397,8.2076,5.3605,5.4486,nan,6.0582,6.2219,0.2464,-0.0715,1.9799,0.0027,-0.0091,-0.1321,6.8964,0.0800,2.3994,0.1749
65.750,267.952,0.8631,4.6279,-68.780,0.8539,4.4152,-70.884,0.1949,-0.0856,0.2129,-2.104,1.8874,3.2777,-2.155,-1.0756,1.0978,-68.729,5.526,-0.6422,272.736,1.1975,0.0142,0.0603,4.2569,5.6274,6.0548,nan,6.2405,6.2487,0.2475,-0.0703,1.9917,-0.0008,0.0185,-0.1553,7.2962,0.0800,3.5828,0.1749
65.800,268.255,0.9685,4.3439,-70.791,0.9681,4.0666,-72.462,0.2617,-0.0916,0.2773,-1.671,1.8948,3.3105,-1.520,-0.9465,0.7313,-70.942,5.683,-0.6350,273.056,1.2037,0.0115,0.0402,3.5055,5.8226,6.0548,nan,6.3739,6.4998,0.2574,-0.0712,2.0387,0.0140,0.0274,-0.1173,7.5961,0.0469,3.5828,0.1749
65.850,268.613,1.0806,4.0041,-73.042,1.0473,3.7987,-74.324,0.1867,-0.0918,0.2080,-1.282,1.8994,3.3212,-1.381,-0.8634,0.4568,-72.943,5.849,-0.6467,273.433,1.2080,0.0059,0.0460,7.7833,5.5333,5.4541,nan,6.4549,6.4361,0.2549,-0.0715,2.0568,0.0218,0.0317,-0.1032,7.7960,0.0800,3.4172,0.1749
65.900,268.613,1.0806,4.0041,-73.042,1.0473,3.7987,-74.324,0.1867,-0.0918,0.2080,-1.282,1.8994,3.3212,-1.381,-0.8634,0.4568,-72.943,5.849,-0.6467,273.433,1.2080,0.0059,0.0460,7.7833,5.8075,6.4069,nan,6.6051,6.7931,0.2690,-0.0725,2.0887,0.0371,0.0356,-0.0788,8.1958,0.0800,4.1569,0.1749
65.950,268.940,1.1713,3.6897,-75.107,1.1366,3.4394,-76.687,0.2330,-0.0979,0.2527,-1.580,1.8905,3.3591,-1.582,-0.7559,0.0595,-75.105,6.028,-0.6664,273.780,1.2217,0.0071,0.0484,6.7790,5.9966,6.2338,nan,6.7138,6.8799,0.2725,-0.0600,2.0924,0.0346,0.0123,-0.0679,8.3957,0.0592,1.9791,0.1749
66.000,269.281,1.2536,3.3596,-77.279,1.2063,3.0900,-79.249,0.2526,-0.1055,0.2737,-1.970,1.8962,3.3397,-1.992,-0.6808,-0.2735,-77.257,6.128,-0.6964,274.135,1.2295,0.0085,0.0605,7.1097,6.1284,6.3020,nan,6.8565,7.0527,0.2793,-0.0462,2.0924,0.0282,-0.0041,-0.0717,8.7955,0.0689,4.0514,0.1749
66.050,269.623,1.3237,3.0244,-79.483,1.2738,2.7087,-80.602,0.3013,-0.1067,0.3196,-1.120,1.9005,3.3240,-1.070,-0.6151,-0.6269,-79.533,6.307,-0.6349,274.499,1.2407,0.0084,0.0552,6.5393,6.2827,6.4924,nan,6.9991,7.2157,0.2858,-0.0542,2.0934,0.0409,0.0055,-0.0752,9.0953,0.0747,3.1622,0.1749
66.100,269.993,1.3861,2.6593,-81.432,1.3300,2.3802,-81.671,0.2676,-0.0971,0.2847,-0.238,1.8918,3.3779,-0.132,-0.5596,-0.9990,-81.539,6.458,-0.4908,274.889,1.2498,0.0157,0.0580,3.7033,6.5124,6.8992,nan,7.0000,7.0499,0.2792,-0.0691,2.1003,0.0627,0.0324,-0.0701,9.4951,0.0167,3.2928,0.1749
66.150,270.340,1.4342,2.3164,-82.843,1.3872,2.0113,-82.751,0.2969,-0.0846,0.3087,0.092,1.8936,3.4054,0.204,-0.5114,-1.3923,-82.955,6.598,-0.5021,275.254,1.2706,0.0244,0.0567,2.3259,6.5947,6.7468,nan,7.0000,6.9873,0.2767,-0.0744,2.1070,0.0879,0.0350,-0.0652,9.7949,-0.0042,3.1815,0.1749
66.200,270.714,1.4761,1.9446,-84.629,1.4320,1.6662,-83.410,0.2730,-0.0699,0.2819,1.218,1.8679,3.4438,1.087,-0.4695,-1.7690,-84.497,6.742,-0.6355,275.648,1.2728,0.0288,0.0476,1.6523,6.6648,6.8085,nan,7.0000,6.9298,0.2744,-0.0687,2.1162,0.0989,0.0284,-0.0584,10.0948,-0.0229,3.1815,0.1749
66.250,271.099,1.5059,1.5609,-86.982,1.4616,1.3085,-85.773,0.2497,-0.0576,0.2562,1.209,1.8735,3.4762,0.903,-0.4461,-2.1609,-86.677,6.762,-0.7573,276.041,1.2821,0.0193,0.0449,2.3252,6.7257,6.8665,nan,7.0000,6.8778,0.2724,-0.0626,2.1261,0.1090,0.0171,-0.0511,10.3946,-0.0395,0.4262,0.1749
66.300,271.524,1.5198,1.1354,-89.756,1.4727,0.8668,-88.754,0.2684,-0.0483,0.2727,1.002,1.8735,3.4762,0.903,-0.4419,-2.6027,-89.658,6.751,-0.6850,276.473,1.2981,0.0558,0.0728,1.3049,6.8380,7.0331,nan,7.0000,6.7892,0.2689,-0.0317,2.1369,0.0922,-0.0180,-0.0433,10.7944,-0.0671,-0.2142,0.1749
66.350,271.524,1.5198,1.1354,-89.756,1.4693,0.9093,-89.485,0.2259,-0.0514,0.2317,0.272,1.9034,3.5133,0.173,-0.4419,-2.6027,-89.658,6.751,-0.6850,276.473,1.2981,0.0334,0.0597,1.7858,6.8816,7.0142,nan,7.0000,6.7552,0.2675,-0.0026,2.1447,0.0593,-0.0510,-0.0378,11.0943,-0.0774,-1.0446,0.1749
66.400,271.888,1.5162,0.7722,-91.800,1.4598,0.5330,-92.157,0.2408,-0.0489,0.2457,-0.357,1.9281,3.5292,-0.180,-0.4589,-2.9976,-91.977,6.706,-0.6095,276.837,1.3244,0.0371,0.0720,1.9399,6.5743,6.4607,nan,7.0000,6.9892,0.2768,0.0169,2.1501,0.0391,-0.0741,-0.0339,11.2942,-0.0036,-0.5538,0.1749
66.450,272.255,1.5015,0.4051,-92.904,1.4355,0.2329,-95.152,0.1753,-0.0572,0.1844,-2.249,2.0017,3.5304,-1.479,-0.4809,-3.3110,-93.673,6.655,-0.2476,277.205,1.3071,0.0106,0.0864,8.1241,6.6749,6.8480,nan,7.0000,6.9155,0.2739,0.0241,2.1578,0.0117,-0.0686,-0.0285,11.6940,-0.0275,-0.8397,0.1749
66.500,272.633,1.4816,0.0275,-93.041,1.4072,-0.1756,-94.724,0.2067,-0.0635,0.2163,-1.683,1.9790,3.5226,-1.039,-0.5046,-3.7079,-93.685,6.623,0.0976,277.585,1.3189,0.0144,0.0864,6.0075,6.7556,6.9143,nan,7.0000,6.8568,0.2716,0.0007,2.1676,0.0146,-0.0223,-0.0216,12.0938,-0.0461,1.3369,0.1749
66.550,273.006,1.4630,-0.3448,-92.463,1.3786,-0.5567,-93.860,0.2154,-0.0753,0.2281,-1.397,1.9831,3.5379,-1.139,-0.5230,-4.1058,-92.721,6.677,0.2313,277.968,1.3301,0.0138,0.0840,6.1050,6.6671,6.7151,nan,7.0000,6.9282,0.2744,-0.0101,2.1725,0.0123,0.0019,-0.0182,12.3936,-0.0234,0.1340,0.1749
66.600,273.367,1.4491,-0.7054,-91.729,1.3735,-0.8976,-92.559,0.1944,-0.0698,0.2066,-0.829,1.9684,3.5455,-0.801,-0.5327,-4.4510,-91.757,6.682,0.0914,278.334,1.3195,0.0120,0.0699,5.8430,6.7414,6.8934,nan,7.0000,6.8763,0.2723,-0.0195,2.1778,0.0277,0.0142,-0.0145,12.6935,-0.0400,-0.3009,0.1749
66.650,273.741,1.4379,-1.0791,-91.694,1.3687,-1.2516,-92.431,0.1745,-0.0641,0.1859,-0.737,1.9984,3.6021,-1.009,-0.5441,-4.8640,-91.422,6.670,-0.0620,278.713,1.3376,0.0240,0.0769,3.2089,6.7737,6.8934,nan,7.0000,6.8590,0.2716,-0.0232,2.1829,0.0343,0.0238,-0.0100,13.0933,-0.0454,-0.3009,0.1749
66.700,274.108,1.4264,-1.4462,-92.007,1.3628,-1.5826,-92.494,0.1386,-0.0588,0.1505,-0.486,1.9728,3.6092,-0.602,-0.5554,-5.1979,-91.891,6.679,-0.1578,279.086,1.3222,0.0289,0.0776,2.6884,6.5313,6.4851,nan,7.0000,7.0475,0.2791,-0.0119,2.1822,0.0372,0.0039,-0.0086,13.2931,0.0159,0.2347,0.1749
66.750,274.482,1.4117,-1.8196,-92.620,1.3576,-1.9629,-92.974,0.1457,-0.0475,0.1532,-0.353,1.9755,3.6126,-0.473,-0.5718,-5.5805,-92.500,6.673,-0.1499,279.465,1.3278,0.0287,0.0712,2.4834,6.6101,6.7601,nan,7.0000,7.1908,0.2848,-0.0084,2.1776,0.0482,-0.0028,-0.0052,13.5930,0.0655,-0.3058,0.1749
66.800,274.850,1.3939,-2.1880,-93.018,1.3323,-2.3576,-93.571,0.1726,-0.0526,0.1804,-0.553,1.9755,3.6126,-0.473,-0.5938,-5.9753,-93.098,6.734,-0.1017,279.845,1.3437,0.0255,0.0709,2.7857,6.7351,6.9390,nan,7.0000,7.2013,0.2852,-0.0066,2.1776,0.0595,-0.0084,0.0012,13.9928,0.0692,1.3309,0.1749
66.850,274.850,1.3939,-2.1880,-93.018,1.3399,-2.3080,-93.730,0.1227,-0.0476,0.1316,-0.712,1.9996,3.6604,-0.632,-0.5938,-5.9753,-93.098,6.734,-0.1017,279.845,1.3437,0.0255,0.0741,2.9103,6.7485,6.8542,nan,7.0000,7.1911,0.2848,-0.0027,2.1776,0.0595,-0.0133,0.0040,14.2926,0.0656,2.0561,0.1749
66.900,275.224,1.3736,-2.5606,-93.283,1.3161,-2.6673,-94.579,0.1098,-0.0513,0.1212,-1.297,2.0689,3.6618,-1.243,-0.6154,-6.3439,-93.336,6.823,-0.0779,280.233,1.3430,0.0197,0.0820,4.1654,6.8823,7.1067,nan,7.0000,7.0894,0.2808,0.0092,2.1683,0.0481,-0.0271,0.0053,14.6924,0.0301,1.2401,0.1749
66.950,275.607,1.3510,-2.9438,-93.516,1.3038,-3.1122,-93.381,0.1710,-0.0368,0.1749,0.134,1.9264,3.6432,0.151,-0.6404,-6.7537,-93.532,6.877,-0.0506,280.627,1.3577,0.0201,0.0457,2.2783,6.9360,7.0790,nan,7.0000,7.0486,0.2792,-0.0108,2.1465,0.0769,-0.0061,0.0086,14.9923,0.0162,0.7437,0.1749
67.000,275.994,1.3270,-3.3292,-93.598,1.2832,-3.5061,-93.108,0.1793,-0.0327,0.1822,0.491,1.8779,3.6517,0.572,-0.6662,-7.1515,-93.680,6.906,0.0483,281.022,1.3653,0.0196,0.0409,2.0851,6.8914,6.9659,nan,7.0000,7.0825,0.2805,-0.0223,2.0992,0.0851,0.0044,0.0112,15.3921,0.0277,-0.3866,0.1749
67.050,276.373,1.3038,-3.7079,-93.329,1.2645,-3.8662,-93.003,0.1603,-0.0301,0.1631,0.327,1.8954,3.6648,0.444,-0.6892,-7.5259,-93.446,6.888,-0.0095,281.405,1.3630,0.0180,0.0394,2.1937,6.8966,7.0016,nan,6.8276,6.7751,0.2683,-0.0228,2.0845,0.0853,-0.0017,0.0147,15.6919,-0.0176,-0.6531,0.1749
67.100,276.758,1.2807,-4.0921,-93.683,1.2476,-4.2892,-93.278,0.1988,-0.0204,0.1998,0.405,1.9477,3.6218,0.082,-0.7113,-7.9100,-93.359,6.859,-0.1854,281.793,1.3621,0.0201,0.0337,1.6758,6.9515,7.0964,nan,6.4454,6.3740,0.2524,-0.0131,2.0341,0.0778,-0.0328,0.0137,16.0917,0.0800,-0.2233,0.1749
67.150,277.135,1.2547,-4.4683,-94.408,1.2301,-4.7206,-93.572,0.2534,-0.0052,0.2535,0.836,1.8654,3.6072,0.718,-0.7397,-8.3192,-94.290,6.840,-0.2393,282.174,1.3804,0.0212,0.0237,1.1187,6.8450,6.8872,nan,6.1610,6.2589,0.2479,-0.0135,1.9968,0.0638,-0.0467,0.0054,16.4915,0.0800,-0.2233,0.1749
67.200,277.515,1.2236,-4.8467,-95.173,1.2066,-5.0845,-94.426,0.2383,0.0045,0.2384,0.747,1.8646,3.5928,0.754,-0.7721,-8.6679,-95.180,6.714,-0.1697,282.545,1.3669,0.0199,0.0211,1.0613,6.6679,6.6678,nan,5.7955,5.9303,0.2349,-0.0220,1.9636,0.0607,-0.0520,-0.0141,16.7913,0.0555,-2.4557,0.1749
67.250,277.878,1.1898,-5.2080,-95.604,1.1841,-5.3568,-95.220,0.1486,0.0089,0.1489,0.384,1.9165,3.6696,0.481,-0.8081,-9.0199,-95.701,6.488,-0.1848,282.889,1.3644,0.0215,0.0167,0.7758,6.5630,6.6016,nan,5.6273,5.7140,0.2263,-0.0352,1.9375,0.0491,-0.0484,-0.0316,17.0912,0.0364,-4.9374,0.1749
67.300,278.244,1.1523,-5.5725,-96.331,1.1503,-5.7011,-95.723,0.1280,0.0122,0.1286,0.608,1.9165,3.6696,0.481,-0.8448,-9.3639,-96.204,6.169,-0.2889,283.229,1.3540,0.0233,0.0181,0.7762,6.3671,6.3551,nan,5.4600,5.5684,0.2205,-0.0376,1.9283,0.0357,-0.0541,-0.0455,17.2911,0.0472,-6.9548,0.1749
67.350,278.244,1.1523,-5.5725,-96.331,1.1509,-5.6658,-96.185,0.0929,0.0089,0.0933,0.146,1.9926,3.6984,0.019,-0.8448,-9.3639,-96.204,6.169,-0.2889,283.229,1.3540,0.0233,0.0199,0.8510,6.0919,6.0193,nan,5.3041,5.4456,0.2157,-0.0278,1.9176,0.0079,-0.0662,-0.0709,17.5909,0.0800,-6.2689,0.1749
67.400,278.575,1.1135,-5.9016,-97.374,1.1072,-5.9961,-97.543,0.0945,0.0059,0.0947,-0.169,2.0408,3.6774,-0.287,-0.8851,-9.6781,-97.256,5.898,-0.3428,283.540,1.3484,0.0282,0.0285,1.0092,5.7337,5.5609,nan,5.2271,5.0709,0.2008,-0.0227,1.8743,-0.0196,-0.0785,-0.0768,17.7908,0.0800,-4.8628,0.1749
67.450,278.888,1.0711,-6.2114,-98.424,1.0643,-6.2826,-98.123,0.0714,0.0037,0.0715,0.302,1.9275,3.6915,0.380,-0.9293,-9.9681,-98.502,5.696,-0.2841,283.838,1.3410,0.0182,0.0193,1.0612,5.3711,5.1971,nan,5.0739,4.7258,0.1872,-0.0420,1.8409,-0.0312,-0.0610,-0.0882,17.9907,0.0800,-3.9904,0.1749
67.500,279.235,1.0182,-6.5543,-99.288,1.0246,-6.5445,-98.625,-0.0107,0.0048,0.0117,0.663,1.8605,3.7281,0.794,-0.9780,-10.2600,-99.419,5.498,-0.2087,284.170,1.3153,0.0217,0.0167,0.7699,5.3934,5.4630,nan,4.9243,4.8842,0.1934,-0.0725,1.7979,-0.0391,-0.0289,-0.1212,18.2906,0.0800,-6.0922,0.1749
67.550,279.535,0.9685,-6.8503,-99.911,0.9812,-6.8226,-99.491,-0.0294,0.0077,0.0304,0.419,1.9324,3.7462,0.433,-1.0310,-10.5614,-99.924,5.234,-0.2656,284.451,1.3205,0.0208,0.0131,0.6277,5.2632,5.2795,nan,4.6824,4.7896,0.1897,-0.0924,1.7757,-0.0466,-0.0173,-0.1387,18.4905,0.0800,-7.2370,0.1749
67.600,279.814,0.9185,-7.1246,-100.958,0.9284,-7.0772,-100.530,-0.0484,0.0007,0.0484,0.427,1.9651,3.7778,0.257,-1.0855,-10.8502,-100.787,4.943,-0.4394,284.710,1.3307,0.0140,0.0116,0.8311,5.2327,5.2795,nan,4.5117,4.5219,0.1791,-0.1129,1.7413,-0.0498,0.0078,-0.1640,18.7903,0.0052,-7.2370,0.1749
67.650,280.088,0.8632,-7.3929,-102.723,0.8805,-7.2845,-101.879,-0.1096,-0.0070,0.1098,0.845,1.9124,3.7823,0.519,-1.1321,-11.0570,-102.397,4.826,-0.6551,284.977,1.2976,0.0142,0.0146,1.0294,4.8215,4.4982,nan,4.4338,4.4357,0.1757,-0.0964,1.7290,-0.0703,-0.0151,-0.1732,18.8903,0.0800,-2.4415,0.1749
67.700,280.347,0.8016,-7.6446,-105.285,0.8133,-7.5499,-104.306,-0.0944,-0.0137,0.0954,0.979,1.9124,3.7823,0.519,-1.2017,-11.3218,-104.825,4.615,-0.8149,285.223,1.3101,0.0157,0.0202,1.2891,4.6897,4.7028,nan,4.3597,4.3189,0.1710,-0.0998,1.6997,-0.0849,-0.0262,-0.1854,19.0902,0.0800,-5.3195,0.1749
67.750,280.615,0.7265,-7.9015,-107.621,0.8130,-7.5797,-103.886,-0.3329,-0.0150,0.3333,3.735,1.8290,3.7603,0.939,-1.2017,-11.3218,-104.825,4.615,-0.8149,285.482,1.1579,0.0615,0.0136,0.2203,4.4332,4.3956,nan,4.2220,4.1054,0.1626,-0.1122,1.6992,-0.0918,-0.0174,-0.2090,19.3900,0.0800,-2.7721,0.1749
67.800,280.615,0.7265,-7.9015,-107.621,0.7416,-7.8248,-106.450,-0.0777,-0.0089,0.0782,1.172,1.7345,3.7359,1.386,-1.2722,-11.5333,-107.835,4.463,-0.6870,285.482,1.2885,0.0241,0.0153,0.6327,4.6272,4.7662,nan,4.0374,4.1324,0.1637,-0.1704,1.6992,-0.0825,0.0282,-0.2065,19.6898,0.0549,-3.3070,0.1749
67.850,280.848,0.6526,-8.1224,-109.703,0.6613,-8.0991,-107.537,-0.0249,0.0003,0.0249,2.167,1.5611,3.7456,2.263,-1.3669,-11.7999,-109.800,4.330,-0.7222,285.707,1.3251,0.0283,0.0184,0.6493,4.2548,4.0913,nan,3.9778,3.8884,0.1540,-0.1945,1.6633,-0.0716,0.0290,-0.2193,19.7898,0.0800,-4.3493,0.1749
67.900,281.081,0.5702,-8.3406,-112.033,0.5823,-8.3037,-110.647,-0.0388,-0.0026,0.0389,1.386,1.7308,3.7064,1.396,-1.4407,-11.9785,-112.043,4.167,-0.8258,285.931,1.3021,0.0097,0.0086,0.8891,3.9955,3.9631,nan,3.8595,3.7258,0.1476,-0.1988,1.5922,-0.0778,0.0165,-0.2588,19.9897,0.0800,-2.2087,0.1749
67.950,281.312,0.4783,-8.5523,-115.478,0.4979,-8.4976,-113.760,-0.0578,-0.0059,0.0581,1.718,1.8532,3.6870,0.804,-1.5261,-12.1644,-114.564,4.069,-1.1619,286.159,1.2868,0.0143,0.0073,0.5075,4.1625,4.2544,nan,3.6925,3.7033,0.1467,-0.1897,1.4757,-0.0907,0.0050,-0.3053,20.2895,0.0063,-4.5123,0.1749
68.000,281.530,0.3786,-8.7470,-119.286,0.3845,-8.7219,-118.011,-0.0248,-0.0071,0.0258,1.275,1.7926,3.6887,1.102,-1.6465,-12.3812,-119.112,3.900,-1.2028,286.370,1.3140,0.0215,0.0128,0.5942,3.9060,3.8760,nan,3.6447,3.7751,0.1495,-0.1944,1.4410,-0.0873,0.0096,-0.3332,20.4894,0.0755,-4.1667,0.1749
68.050,281.748,0.2667,-8.9333,-123.143,0.2823,-8.9176,-121.838,-0.0216,0.0045,0.0221,1.305,1.7491,3.6653,1.286,-1.7489,-12.5469,-123.124,3.747,-1.1244,286.581,1.2978,0.0325,0.0155,0.4774,3.7792,3.7898,nan,3.5449,3.6827,0.1459,-0.2204,1.3566,-0.0792,0.0270,-0.3561,20.6893,0.0798,-2.1185,0.1749
68.100,281.948,0.1529,-9.0979,-126.551,0.1455,-9.1154,-125.832,0.0184,0.0045,0.0190,0.719,1.7734,3.6427,1.141,-1.8817,-12.7231,-126.974,3.676,-1.1087,286.778,1.3196,0.0053,0.0053,0.9898,3.7620,3.7898,nan,3.3913,3.4105,0.1351,-0.2099,1.0064,-0.0748,0.0444,-0.3803,20.8892,0.0111,-2.1185,0.1749
68.150,282.165,0.0186,-9.2683,-130.322,0.0409,-9.2594,-129.245,-0.0212,0.0113,0.0240,1.077,1.8634,3.6025,0.677,-1.9744,-12.8394,-129.922,3.640,-1.1713,286.995,1.2621,0.0132,0.0028,0.2105,3.4267,3.3280,nan,3.3913,3.3588,0.1330,-0.2369,1.0064,-0.0668,0.0334,-0.3925,20.9892,0.0800,-0.1280,0.1749
68.200,282.352,-0.1066,-9.4078,-133.853,-0.1308,-9.4483,-133.225,0.0460,0.0106,0.0472,0.627,1.8571,3.6095,0.734,-2.1550,-13.0313,-133.959,3.453,-1.2266,287.174,1.3319,0.0159,0.0292,1.8334,3.7271,4.1059,nan,2.9586,3.1147,0.1234,-0.3091,0.8550,-0.0467,0.0801,-0.4387,21.2890,-0.0800,-5.3168,0.1749
68.251,282.538,-0.2397,-9.5380,-137.815,-0.2430,-9.5483,-137.230,0.0094,0.0054,0.0108,0.585,1.8571,3.6095,0.734,-2.2685,-13.1298,-137.964,3.319,-1.3035,287.356,1.3027,0.1059,0.1058,0.9987,3.3971,3.3050,nan,2.9586,2.8644,0.1134,-0.2886,0.8550,-0.0520,0.0619,-0.4392,21.3890,-0.0545,-3.6544,0.1749
68.300,282.538,-0.2397,-9.5380,-137.815,-0.2326,-9.5208,-137.530,-0.0168,-0.0080,0.0186,0.285,1.9365,3.6258,0.434,-2.2685,-13.1298,-137.964,3.319,-1.3035,287.356,1.3027,0.0241,0.0204,0.8468,3.1488,3.1146,nan,2.8634,2.9451,0.1166,-0.2370,0.8550,-0.0716,0.0340,-0.4370,21.4889,0.0473,-5.3704,0.1749
68.350,282.736,-0.3919,-9.6647,-143.127,-0.3705,-9.6138,-141.837,-0.0476,-0.0279,0.0552,1.290,1.8821,3.6583,0.704,-2.4155,-13.2434,-142.541,3.095,-1.4083,287.546,1.2935,0.0060,0.0067,1.1187,3.0146,3.0168,nan,2.8634,2.8675,0.1136,-0.2128,0.8550,-0.0948,-0.0025,-0.4365,21.5889,0.0800,-5.7475,0.1749
68.400,282.923,-0.5457,-9.7707,-147.935,-0.5125,-9.6999,-146.609,-0.0657,-0.0423,0.0782,1.326,1.7498,3.6867,1.291,-2.5634,-13.3323,-147.901,2.888,-1.1065,287.725,1.2825,0.0195,0.0189,0.9683,3.0015,3.0237,nan,2.8512,2.7190,0.1077,-0.2598,0.8550,-0.0965,0.0465,-0.4263,21.7888,0.0800,0.1612,0.1749
68.450,283.082,-0.6827,-9.8511,-151.267,-0.6670,-9.7981,-150.191,-0.0392,-0.0390,0.0553,1.076,1.7369,3.6735,1.327,-2.7153,-13.4122,-151.519,2.879,-0.9645,287.883,1.2965,0.0228,0.0262,1.1523,2.8240,2.8135,nan,2.9694,3.0799,0.1220,-0.3294,0.8550,-0.0944,0.0490,-0.4344,21.8887,0.0640,-1.2479,0.1749
68.500,283.239,-0.8223,-9.9231,-154.260,-0.8037,-9.8675,-153.041,-0.0408,-0.0420,0.0586,1.219,1.7258,3.6711,1.353,-2.8486,-13.4751,-154.395,2.824,-1.0146,288.039,1.2876,0.0018,0.0130,7.2937,2.7952,2.8135,nan,3.0488,3.1152,0.1234,-0.4102,0.8550,-0.0717,0.1004,-0.5667,22.0886,0.0800,-1.2479,0.1749
68.550,283.375,-0.9457,-9.9788,-157.378,-0.9358,-9.9257,-156.238,-0.0296,-0.0452,0.0541,1.139,1.7983,3.6536,1.025,-2.9765,-13.5282,-157.263,2.722,-1.1036,288.171,1.2912,0.0014,0.0149,10.7081,2.7393,2.7532,nan,3.1084,3.0593,0.1212,-0.4643,0.8550,-0.0601,0.1104,-0.6602,22.1886,0.0800,-3.6463,0.1749
68.600,283.534,-1.0950,-10.0348,-162.270,-1.0571,-9.9743,-160.091,-0.0545,-0.0461,0.0714,2.179,1.9234,3.6167,0.457,-3.0888,-13.5668,-160.548,2.849,-1.7995,288.342,1.2507,0.0080,0.0141,1.7616,2.5743,2.5649,nan,3.1620,2.8943,0.1146,-0.4721,0.8550,-0.0535,0.1102,-0.7318,22.2885,0.0800,-1.4070,0.1749
68.650,283.688,-1.2440,-10.0747,-168.411,-1.2736,-10.0294,-167.335,0.0199,-0.0503,0.0541,1.076,1.8389,3.6427,0.879,-3.3218,-13.6227,-168.214,2.854,-2.0903,288.502,1.3356,0.0134,0.0282,2.0952,2.8532,3.4119,nan,3.3549,3.4102,0.1351,-0.4300,1.1309,-0.0269,0.1309,-0.5670,22.5884,0.0320,0.5391,0.1749
68.700,283.846,-1.3998,-10.0979,-175.091,-1.3910,-10.0353,-174.081,-0.0141,-0.0616,0.0632,1.010,1.8389,3.6427,0.879,-3.4394,-13.6268,-174.959,2.817,-1.9718,288.664,1.2935,0.0209,0.0170,0.8166,2.7763,2.7874,nan,3.3549,3.4673,0.1373,-0.3507,1.1005,-0.0396,0.0710,-0.5778,22.6883,0.0800,-2.6506,0.1749
68.750,283.846,-1.3998,-10.0979,-175.091,-1.3975,-10.0414,-173.566,-0.0071,-0.0561,0.0565,1.525,1.7095,3.6650,1.393,-3.4394,-13.6268,-174.959,2.817,-1.9718,288.664,1.2935,0.0209,0.0184,0.8809,2.9049,2.9600,nan,3.4372,3.5126,0.1391,-0.3567,1.1679,-0.0258,0.0971,-0.5486,22.8882,0.0800,4.6246,0.1749
68.800,284.010,-1.5638,-10.1035,178.526,-1.5822,-10.0440,179.480,0.0199,-0.0590,0.0623,0.954,1.8310,3.6313,0.842,-3.6138,-13.6237,178.638,3.031,-1.7752,288.848,1.3010,0.0052,0.0211,4.0411,3.1690,3.3321,nan,3.5774,3.6489,0.1445,-0.3657,1.2946,-0.0105,0.1102,-0.5062,23.0881,0.0414,4.3410,0.1749
68.850,284.181,-1.7350,-10.0915,173.104,-1.7811,-10.0259,173.102,0.0537,-0.0596,0.0802,-0.002,1.9971,3.5850,0.161,-3.8166,-13.6002,172.940,3.187,-1.7695,289.033,1.3283,0.0065,0.0176,2.6985,3.3037,3.3656,nan,3.6349,3.6998,0.1465,-0.3430,1.3496,-0.0029,0.0639,-0.5163,23.1880,0.0376,1.7457,0.1749
68.900,284.360,-1.9106,-10.0622,167.419,-1.9522,-9.9815,167.013,0.0582,-0.0697,0.0908,-0.406,2.1531,3.5476,-0.436,-4.0022,-13.5599,167.449,3.282,-1.8615,289.221,1.3352,0.0081,0.0125,1.5474,3.3479,3.3833,nan,3.6195,3.6402,0.1442,-0.3090,1.3962,-0.0021,0.0557,-0.4753,23.3880,0.0120,1.9044,0.1749
68.950,284.553,-2.0973,-10.0105,161.086,-2.1149,-9.9355,161.119,0.0410,-0.0653,0.0771,0.033,2.1084,3.5615,-0.138,-4.1908,-13.5071,161.257,3.396,-1.8369,289.428,1.3367,0.0164,0.0106,0.6473,3.5208,3.6034,nan,3.6211,3.4851,0.1380,-0.2903,1.4813,-0.0047,0.0584,-0.4472,23.5878,-0.0800,1.7524,0.1749
69.000,284.739,-2.2701,-9.9424,155.424,-2.3016,-9.8472,155.394,0.0683,-0.0735,0.1003,-0.029,2.0364,3.5858,0.206,-4.3863,-13.4174,155.189,3.477,-1.6999,289.623,1.3534,0.0219,0.0150,0.6843,3.4596,3.4786,nan,3.7296,3.7165,0.1472,-0.2778,1.4555,-0.0060,0.0243,-0.4324,23.6878,-0.0075,0.3539,0.1749
69.050,284.931,-2.4408,-9.8554,150.150,-2.4746,-9.7472,150.470,0.0832,-0.0770,0.1133,0.321,2.0009,3.6014,0.286,-4.5421,-13.3261,150.184,3.484,-1.5847,289.818,1.3380,0.0053,0.0150,2.8155,3.4519,3.4786,nan,3.7950,3.9174,0.1551,-0.2688,1.4523,0.0001,0.0311,-0.4279,23.8877,0.0708,0.3539,0.1750
69.100,285.100,-2.5843,-9.7662,145.763,-2.6365,-9.6297,145.672,0.1199,-0.0835,0.1462,-0.091,2.0687,3.5873,-0.046,-4.6946,-13.2207,145.718,3.423,-1.5461,289.986,1.3430,0.0055,0.0145,2.6409,3.4283,3.4525,nan,3.9464,3.7483,0.1484,-0.2767,1.4425,0.0089,0.0507,-0.4580,24.0876,0.0800,-1.1921,0.1750
69.150,285.290,-2.7378,-9.6528,141.017,-2.7897,-9.5027,141.058,0.1348,-0.0840,0.1588,0.041,1.9863,3.6244,0.276,-4.8392,-13.1039,140.782,3.521,-1.4913,290.185,1.3336,0.0066,0.0144,2.1732,3.4253,3.4525,nan,3.9932,3.9448,0.1562,-0.2554,1.4781,0.0065,0.0565,-0.4093,24.2875,0.0800,-1.1921,0.1750
69.200,285.466,-2.8708,-9.5377,136.798,-2.9261,-9.3787,137.788,0.1491,-0.0780,0.1683,0.991,1.7925,3.6921,1.127,-4.9747,-12.9755,136.662,3.646,-1.4703,290.371,1.3332,0.0067,0.0192,2.8577,3.5049,3.5503,nan,4.0908,4.2186,0.1671,-0.2546,1.5616,0.0166,0.0694,-0.3415,24.4874,0.0740,3.2008,0.1750
69.250,285.684,-3.0238,-9.3821,131.828,-3.0692,-9.2264,132.900,0.1463,-0.0700,0.1622,1.073,1.8730,3.6635,0.780,-5.1172,-12.8214,132.120,3.759,-1.5023,290.600,1.3233,0.0107,0.0189,1.7583,3.6145,3.6706,nan,4.2360,4.2938,0.1701,-0.2557,1.6104,0.0348,0.0832,-0.3495,24.6873,0.0800,2.1213,0.1750
69.300,285.880,-3.1493,-9.2318,127.371,-3.2226,-9.0326,127.989,0.2028,-0.0626,0.2122,0.618,1.8730,3.6635,0.780,-5.2679,-12.6255,127.209,3.903,-1.5473,290.809,1.3392,0.0105,0.0183,1.7438,3.8954,4.1264,nan,4.3272,4.4148,0.1748,-0.2430,1.7515,0.0439,0.0635,-0.3327,24.8872,0.0482,3.3932,0.1750
69.350,286.106,-3.2792,-9.0468,122.237,-3.2210,-9.0246,127.752,-0.0123,-0.0610,0.0622,5.515,1.9269,3.6503,0.543,-5.2679,-12.6255,127.209,3.903,-1.5473,291.048,1.2606,0.0604,0.0170,0.2812,3.8792,3.9082,nan,4.4099,4.5509,0.1802,-0.2168,1.7662,0.0406,0.0462,-0.3100,25.0871,0.0772,2.3536,0.1750
69.400,286.106,-3.2792,-9.0468,122.237,-3.3318,-8.8584,123.252,0.1874,-0.0560,0.1956,1.015,1.8881,3.6634,0.716,-5.3759,-12.4556,122.536,4.027,-1.5402,291.048,1.3204,0.0130,0.0186,1.4274,4.1540,4.3817,nan,4.5434,4.5704,0.1810,-0.2095,1.8467,0.0509,0.0563,-0.2851,25.3869,0.0138,2.6359,0.1750
69.450,286.331,-3.3919,-8.8521,117.375,-3.4540,-8.6356,118.104,0.2208,-0.0444,0.2252,0.728,1.8750,3.6564,0.814,-5.5031,-12.2151,117.290,4.146,-1.4581,291.285,1.3268,0.0065,0.0207,3.1781,4.1933,4.2380,nan,4.6059,4.6596,0.1845,-0.1963,1.8573,0.0492,0.0460,-0.2750,25.5868,0.0274,3.0680,0.1750
69.500,286.533,-3.4793,-8.6701,113.469,-3.5369,-8.4478,113.778,0.2269,-0.0357,0.2297,0.309,1.8935,3.6414,0.728,-5.5836,-12.0191,113.049,4.255,-1.4306,291.498,1.3179,0.0069,0.0266,3.8356,4.1051,4.1249,nan,4.6672,4.7753,0.1891,-0.1840,1.8629,0.0512,0.0356,-0.2697,25.7867,0.0800,1.3478,0.1750
69.550,286.770,-3.5660,-8.4502,109.061,-3.6024,-8.2624,110.201,0.1894,-0.0270,0.1913,1.141,1.8051,3.6664,1.201,-5.6563,-11.8128,109.000,4.339,-1.3507,291.744,1.3061,0.0065,0.0320,4.8876,4.3431,4.5128,nan,4.7603,4.8698,0.1929,-0.1819,1.8644,0.0509,0.0340,-0.2682,25.9866,0.0549,2.1100,0.1750
69.600,287.033,-3.6430,-8.1982,104.482,-3.6740,-8.0266,106.484,0.1739,-0.0129,0.1744,2.002,1.6966,3.6923,1.763,-5.7286,-11.5481,104.721,4.439,-1.2847,292.018,1.2995,0.0070,0.0374,5.3462,4.6174,4.9062,nan,4.8307,4.8027,0.1902,-0.1748,1.8710,0.0532,0.0302,-0.2621,26.1865,-0.0133,2.0524,0.1750
69.650,287.266,-3.6947,-7.9708,100.665,-3.7308,-7.7520,101.798,0.2217,-0.0050,0.2218,1.133,1.8083,3.6390,1.218,-5.7801,-11.2706,100.579,4.525,-1.2833,292.260,1.2929,0.0068,0.0409,5.9857,4.5519,4.5801,nan,4.9161,5.0030,0.1981,-0.1530,1.8796,0.0454,0.0096,-0.2540,26.3864,0.0419,2.0340,0.1750
69.700,287.518,-3.7336,-7.7223,96.601,-3.7565,-7.5537,97.957,0.1701,0.0034,0.1702,1.355,1.7727,3.6194,1.434,-5.8070,-11.0312,96.523,4.611,-1.2625,292.522,1.2820,0.0088,0.0438,4.9849,4.5918,4.6464,nan,5.0755,5.2263,0.2070,-0.1399,1.8909,0.0420,0.0226,-0.2435,26.6863,0.0800,0.2246,0.1750
69.750,287.781,-3.7555,-7.4599,92.510,-3.7668,-7.2959,93.094,0.1643,0.0041,0.1644,0.584,1.9441,3.5273,0.576,-5.8193,-10.7653,92.518,4.641,-1.1378,292.791,1.2721,0.0057,0.0403,7.0946,4.6005,4.6464,nan,5.1403,5.2499,0.2079,-0.1208,1.9023,0.0403,0.0110,-0.2332,26.8861,0.0800,0.2246,0.1750
69.800,288.049,-3.7597,-7.1921,88.934,-3.7620,-7.0283,89.503,0.1637,0.0054,0.1638,0.569,1.9273,3.5282,0.675,-5.8134,-10.4888,88.828,4.762,-0.9313,293.071,1.2610,0.0055,0.0427,7.7905,4.6923,4.7694,nan,5.3198,5.3868,0.2133,-0.0958,1.9186,0.0192,-0.0078,-0.2185,27.0860,0.0800,2.4263,0.1750
69.850,288.306,-3.7495,-6.9354,86.170,-3.7459,-6.7798,86.528,0.1555,0.0068,0.1556,0.358,1.9694,3.4758,0.438,-5.7934,-10.2116,86.090,4.917,-0.8539,293.342,1.2492,0.0061,0.0433,7.0670,4.8609,4.9928,nan,5.4699,5.6275,0.2229,-0.0973,1.9616,0.0171,0.0213,-0.1810,27.3859,0.0693,3.8950,0.1750
69.900,288.586,-3.7255,-6.6564,83.774,-3.7459,-6.7798,86.528,-0.1249,0.0069,0.1251,2.754,1.9694,3.4758,0.438,-5.7934,-10.2116,86.090,4.917,-0.8539,293.637,1.3283,0.0571,0.0433,0.7593,4.9774,5.0789,nan,5.5996,5.7024,0.2258,-0.0885,2.0102,0.0126,0.0126,-0.1405,27.5858,0.0435,3.4613,0.1750
69.950,288.586,-3.7255,-6.6564,83.774,-3.7176,-6.5104,83.780,0.1460,0.0080,0.1462,0.007,1.9738,3.4488,0.399,-5.7605,-9.9194,83.382,5.074,-0.7643,293.637,1.2391,0.0107,0.0473,4.4118,5.0941,5.2011,nan,5.6819,5.7005,0.2258,-0.0912,2.0186,0.0143,0.0196,-0.1162,27.8856,0.0076,4.1913,0.1750
70.000,288.870,-3.6894,-6.3743,81.333,-3.6653,-6.1994,80.670,0.1765,0.0026,0.1765,-0.663,2.1492,3.3593,-0.589,-5.7159,-9.6180,81.260,5.253,-0.7430,293.938,1.2292,0.0051,0.0311,6.0830,5.1809,5.2742,nan,5.8423,5.9578,0.2360,-0.0751,2.0186,-0.0029,-0.0087,-0.1234,28.0855,0.0470,3.0933,0.1750
70.050,289.174,-3.6381,-6.0750,78.936,-3.5953,-5.8756,78.364,0.2039,-0.0038,0.2040,-0.572,2.1506,3.3901,-0.543,-5.6578,-9.3198,78.907,5.384,-0.7528,294.255,1.2224,0.0040,0.0406,10.0883,5.3734,5.5648,nan,5.9561,6.0769,0.2407,-0.0741,2.0188,-0.0028,0.0069,-0.1336,28.4853,0.0482,1.5623,0.1750
70.100,289.510,-3.5668,-5.7463,76.242,-3.5259,-5.5583,77.047,0.1923,0.0050,0.1923,0.805,1.9707,3.4905,0.576,-5.5873,-8.9931,76.471,5.470,-0.6709,294.603,1.2234,0.0121,0.0562,4.6332,5.6416,6.0838,nan,6.0919,6.1256,0.2426,-0.0818,2.0254,0.0037,0.0305,-0.1283,28.7852,0.0129,3.3238,0.1750
70.150,289.810,-3.4912,-5.4565,74.245,-3.4142,-5.1860,74.316,0.2813,-0.0006,0.2813,0.071,2.0211,3.4682,0.307,-5.4817,-8.6249,74.008,5.609,-0.6455,294.917,1.1902,0.0150,0.0588,3.9198,5.4430,5.4296,nan,6.0919,6.2782,0.2486,-0.0656,2.0281,-0.0003,0.0108,-0.1261,28.8851,0.0738,2.9813,0.1750
70.200,290.134,-3.3983,-5.1463,72.102,-3.3463,-4.9274,72.761,0.2243,0.0178,0.2250,0.659,1.9651,3.4970,0.624,-5.4028,-8.3660,72.137,5.740,-0.7086,295.256,1.2057,0.0022,0.0473,21.7388,5.3879,5.4296,nan,6.3504,6.2545,0.2477,-0.0650,2.0282,0.0100,0.0268,-0.1163,29.2849,0.0800,2.9813,0.1750
70.250,290.475,-3.2874,-4.8231,69.667,-3.2074,-4.5660,70.283,0.2689,0.0144,0.2693,0.616,2.0131,3.5022,0.429,-5.2808,-8.0288,69.854,5.842,-0.6088,295.611,1.1941,0.0049,0.0460,9.2861,5.6309,5.9470,nan,6.5500,6.4362,0.2549,-0.0594,2.0282,0.0280,0.0397,-0.1261,29.6847,0.0800,1.9980,0.1750
70.300,290.782,-3.1772,-4.5371,67.918,-3.0679,-4.2194,68.209,0.3355,0.0181,0.3360,0.291,2.0131,3.5022,0.429,-5.1387,-7.6833,67.780,5.942,-0.5584,295.930,1.1612,0.0050,0.0428,8.5667,5.9005,6.4257,nan,6.7800,6.9525,0.2753,-0.0425,2.1351,0.0280,0.0449,-0.0450,30.0845,0.0800,2.3164,0.1750
70.351,291.112,-3.0490,-4.2323,66.199,-2.9492,-3.9590,66.232,0.2903,0.0190,0.2909,0.033,2.0650,3.4624,0.047,-5.0202,-7.4173,66.185,6.081,-0.4659,296.278,1.1712,0.0413,0.0619,1.5015,5.8520,5.9036,nan,6.8237,6.9484,0.2752,-0.0246,2.1237,0.0264,0.0208,-0.0111,30.2844,0.0800,2.9461,0.1750
70.400,291.112,-3.0490,-4.2323,66.199,-2.9421,-3.9492,66.906,0.3022,0.0165,0.3026,0.707,1.9844,3.5307,0.721,-5.0202,-7.4173,66.185,6.081,-0.4659,296.278,1.1712,0.0065,0.0337,5.1517,6.0864,6.4319,nan,7.0000,7.1819,0.2844,-0.0208,2.1117,0.0358,0.0193,-0.0155,30.6842,0.0800,5.6031,0.1750
70.450,291.461,-2.9052,-3.9150,64.878,-2.7852,-3.5914,66.230,0.3440,0.0287,0.3452,1.352,1.8618,3.5901,1.607,-4.8465,-7.0483,64.623,6.337,-0.3315,296.655,1.1413,0.0037,0.0259,7.0829,6.2251,6.4127,nan,7.0000,7.1742,0.2841,-0.0273,2.1100,0.0554,0.0334,-0.0192,30.9840,0.0596,3.6491,0.1750
70.500,291.814,-2.7532,-3.5961,64.079,-2.6498,-3.2783,65.477,0.3310,0.0459,0.3342,1.398,1.8437,3.5844,1.655,-4.6898,-6.7301,63.822,6.494,-0.2381,297.028,1.1366,0.0022,0.0256,11.5343,6.4319,6.7433,nan,7.0000,7.0307,0.2784,-0.0261,2.1100,0.0767,0.0365,-0.0229,31.2839,0.0102,3.4157,0.1750
70.550,292.183,-2.5900,-3.2649,63.376,-2.5053,-2.9254,65.960,0.3414,0.0764,0.3499,2.584,1.7171,3.6626,2.619,-4.5191,-6.3882,63.341,6.672,-0.2467,297.420,1.1294,0.0021,0.0426,20.4809,6.6863,7.2420,nan,7.0000,6.8439,0.2710,-0.0292,2.0727,0.1161,0.0451,0.0151,31.6837,-0.0502,2.4237,0.1750
70.600,292.553,-2.4222,-2.9351,62.517,-2.3140,-2.5417,64.627,0.3989,0.0855,0.4080,2.110,1.7929,3.6160,2.036,-4.3230,-6.0079,62.591,6.771,-0.2727,297.804,1.1038,0.0034,0.0238,6.9448,6.7778,6.9476,nan,6.7554,6.7384,0.2669,-0.0017,2.0279,0.1046,0.0094,0.0331,32.0835,-0.0058,0.1985,0.1750
70.650,292.926,-2.2481,-2.6056,61.658,-2.1490,-2.2069,64.125,0.3980,0.1020,0.4108,2.467,1.7510,3.6530,2.470,-4.1488,-5.6864,61.655,6.777,-0.2843,298.183,1.1032,0.0055,0.0210,3.8459,6.7801,6.8796,nan,6.3831,6.2377,0.2470,0.0205,2.0044,0.1006,-0.0171,0.0481,32.3833,-0.0800,-1.1822,0.1750
70.700,293.297,-2.0699,-2.2803,60.724,-1.9780,-1.8687,63.657,0.4039,0.1211,0.4217,2.932,1.7152,3.6879,2.885,-3.9682,-5.3637,60.772,6.716,-0.1575,298.552,1.1005,0.0048,0.0322,6.6894,6.7811,6.8796,nan,6.1364,6.2386,0.2471,0.0421,1.9798,0.0960,-0.0464,0.0620,32.7831,-0.0800,-1.1822,0.1750
70.750,293.671,-1.8866,-1.9544,60.631,-1.7959,-1.5019,62.518,0.4388,0.1429,0.4615,1.887,1.7692,3.6702,2.322,-3.7717,-5.0235,60.196,6.628,0.0964,298.922,1.0885,0.0004,0.0138,33.1553,6.7299,6.7973,nan,5.8362,5.9548,0.2358,0.0616,1.9626,0.0822,-0.0579,0.0628,33.0830,0.0484,-1.5712,0.1750
70.800,294.041,-1.7063,-1.6309,61.313,-1.6515,-1.2143,63.256,0.3918,0.1519,0.4202,1.943,1.7692,3.6702,2.322,-3.6157,-4.7420,60.934,6.386,0.3005,299.273,1.1101,0.0006,0.0120,18.5642,6.4464,6.3621,nan,5.6934,5.8284,0.2308,0.0739,1.9622,0.0754,-0.0576,0.0439,33.3828,0.0800,-5.3306,0.1750
70.850,294.041,-1.7063,-1.6309,61.313,-1.6454,-1.2036,63.411,0.4041,0.1517,0.4316,2.098,1.7620,3.6902,2.477,-3.6157,-4.7420,60.934,6.386,0.3005,299.432,1.1101,0.0006,0.0110,17.0469,6.3559,6.3983,nan,5.4830,5.6174,0.2225,0.0829,1.9611,0.0705,-0.0362,0.0632,33.6826,0.0587,-5.6525,0.1750
70.900,294.379,-1.5475,-1.3330,63.090,-1.4858,-0.8622,64.401,0.4477,0.1581,0.4748,1.311,1.7976,3.6909,2.135,-3.4508,-4.4277,62.265,6.136,0.6580,299.591,1.1048,0.0006,0.0104,16.0265,5.9865,5.7848,nan,5.3449,5.4693,0.2166,0.0656,1.9252,0.0843,-0.0025,0.1012,33.9825,0.0800,-4.8367,0.1750
70.950,294.728,-1.3944,-1.0191,65.415,-1.3674,-0.6077,66.593,0.3854,0.1467,0.4123,1.178,1.8629,3.6375,1.400,-3.3331,-4.1650,65.193,5.914,0.7467,299.924,1.1385,0.0095,0.0232,2.4446,5.9215,5.9680,nan,5.1189,5.1275,0.2031,0.0795,1.8791,0.0733,-0.0044,0.1263,34.2823,0.0039,-5.0004,0.1750
71.000,295.041,-1.2685,-0.7321,67.715,-1.2478,-0.2947,69.166,0.4126,0.1467,0.4379,1.451,1.8623,3.6346,1.402,-3.2052,-3.8520,67.764,5.707,0.6230,300.223,1.1371,0.0070,0.0172,2.4400,5.5843,5.4481,nan,4.9508,5.0460,0.1998,0.0869,1.8782,0.0780,-0.0054,0.1395,34.4822,0.0457,-3.9706,0.1750
71.050,295.350,-1.1551,-0.4448,69.569,-1.1523,-0.0246,71.227,0.3947,0.1441,0.4202,1.658,1.8630,3.6507,1.524,-3.1121,-3.5938,69.702,5.527,0.6374,300.520,1.1567,0.0027,0.0181,6.6377,5.3649,5.3405,nan,4.8607,5.0131,0.1985,0.0945,1.7597,0.0739,-0.0175,0.1561,34.7821,0.0757,-6.0830,0.1750
71.100,295.647,-1.0556,-0.1654,71.654,-1.0563,0.2459,72.674,0.3902,0.1301,0.4113,1.020,1.9006,3.6242,1.094,-3.0209,-3.3212,71.580,5.279,0.6847,300.799,1.1650,0.0025,0.0097,3.9736,5.1188,5.0793,nan,4.5750,4.6787,0.1853,0.1130,1.7441,0.0609,-0.0203,0.1656,34.9820,0.0541,-4.1674,0.1750
71.150,295.948,-0.9657,0.1215,73.995,-0.9757,0.5260,75.334,0.3861,0.1211,0.4047,1.339,1.8941,3.6351,1.323,-2.9408,-3.0419,74.011,5.101,0.7466,301.088,1.1748,0.0153,0.0315,2.0621,5.0470,5.0793,nan,4.4940,4.5734,0.1811,0.1286,1.7271,0.0530,-0.0381,0.1802,35.2818,0.0419,-4.1674,0.1750
71.200,296.215,-0.8961,0.3800,76.283,-0.9128,0.7423,76.888,0.3480,0.1021,0.3627,0.605,1.9393,3.5960,0.721,-2.8877,-2.8176,76.167,5.000,0.7683,301.350,1.1920,0.0137,0.0251,1.8236,4.8507,4.8405,nan,4.2345,4.3020,0.1704,0.1340,1.6984,0.0508,-0.0285,0.1790,35.4817,0.0377,-2.5661,0.1750
71.250,296.455,-0.8432,0.6136,78.669,-0.8487,0.9961,78.532,0.3739,0.0805,0.3825,-0.137,1.9813,3.5515,0.072,-2.8332,-2.5519,78.459,4.797,0.8553,301.577,1.1897,0.0151,0.0069,0.4544,5.0178,5.1580,nan,4.0454,3.9157,0.1551,0.1716,1.6280,0.0229,-0.0512,0.1802,35.7816,-0.0800,-4.2578,0.1750
71.300,296.718,-0.7971,0.8727,81.687,-0.8103,1.2262,80.985,0.3479,0.0642,0.3538,-0.702,2.0066,3.5299,-0.424,-2.7998,-2.3244,81.410,4.603,0.9489,301.829,1.2030,0.0158,0.0087,0.5505,4.6991,4.6060,nan,3.9694,4.0297,0.1596,0.1832,1.5695,0.0093,-0.0455,0.1733,35.9814,0.0349,-3.7010,0.1750
71.350,296.969,-0.7664,1.1217,84.696,-0.7818,1.4632,83.389,0.3386,0.0469,0.3418,-1.307,2.0443,3.4761,-1.342,-2.7782,-2.0786,84.732,4.368,1.0015,302.066,1.2122,0.0160,0.0114,0.7126,4.5114,4.5060,nan,3.8680,3.9049,0.1547,0.1983,1.5279,0.0056,-0.0341,0.2126,36.1814,0.0214,-5.6200,0.1750
71.400,297.202,-0.7511,1.3542,88.424,-0.7691,1.6872,86.584,0.3324,0.0272,0.3335,-1.840,2.0443,3.4761,-1.342,-2.7707,-1.8543,87.926,4.126,1.2277,302.286,1.2204,0.0401,0.0348,0.8660,4.2730,4.2474,nan,3.8289,3.9520,0.1565,0.2184,1.5279,-0.0011,-0.0202,0.2453,36.2813,0.0800,-5.9653,0.1750
71.450,297.202,-0.7511,1.3542,88.424,-0.7627,1.6691,85.910,0.3144,0.0203,0.3151,-2.514,2.0716,3.4248,-2.017,-2.7707,-1.8543,87.926,4.126,1.2277,302.286,1.2204,0.0257,0.0171,0.6632,3.9813,3.9286,nan,3.6894,3.6283,0.1437,0.2091,1.5207,-0.0037,0.0003,0.2421,36.4812,0.0800,-5.0197,0.1750
71.500,297.427,-0.7517,1.5795,92.416,-0.7566,1.8735,90.062,0.2940,-0.0075,0.2941,-2.354,2.0837,3.4073,-2.364,-2.7746,-1.6496,92.425,3.946,1.2796,302.504,1.2247,0.0079,0.0185,2.3535,3.8302,3.8360,nan,3.6125,3.4657,0.1373,0.2023,1.2918,0.0030,0.0114,0.2553,36.6811,0.0800,-2.0906,0.1750
71.550,297.646,-0.7681,1.7979,96.671,-0.7691,2.0375,94.118,0.2381,-0.0268,0.2396,-2.553,2.0887,3.3571,-2.438,-2.7991,-1.4399,96.556,3.860,1.2572,302.720,1.2333,0.0198,0.0145,0.7298,3.8164,3.8452,nan,3.5330,3.5488,0.1405,0.1936,1.2872,0.0195,0.0468,0.2942,36.7810,0.0800,-5.0456,0.1750
71.600,297.849,-0.7976,1.9987,100.466,-0.8013,2.2079,98.177,0.2064,-0.0343,0.2092,-2.289,2.0849,3.3289,-2.339,-2.8381,-1.2379,100.516,3.679,1.1988,302.915,1.2426,0.0297,0.0150,0.5040,3.6444,3.6431,nan,3.3640,3.4151,0.1353,0.1768,1.2291,0.0430,0.0390,0.3731,36.9809,0.0296,-2.4334,0.1750
71.650,298.050,-0.8397,2.1947,104.080,-0.8288,2.3671,101.151,0.1646,-0.0525,0.1727,-2.929,2.1086,3.2675,-3.059,-2.8851,-1.0558,104.210,3.508,1.0688,303.108,1.2486,0.0364,0.0120,0.3309,3.5385,3.5508,nan,3.2775,3.2990,0.1307,0.1990,1.1934,0.0469,0.0362,0.3899,37.0809,0.0124,-0.7355,0.1750
71.700,298.242,-0.8914,2.3799,107.391,-0.8810,2.5489,104.368,0.1582,-0.0605,0.1694,-3.022,2.1066,3.2560,-3.156,-2.9441,-0.8705,107.524,3.478,0.9816,303.300,1.2558,0.0416,0.0176,0.4227,3.4075,3.4141,nan,3.1940,3.2675,0.1294,0.2143,1.1492,0.0617,0.0030,0.3785,37.2808,0.0800,-2.3906,0.1750
71.750,298.434,-0.9533,2.5617,110.437,-0.9373,2.7146,107.365,0.1377,-0.0684,0.1537,-3.071,2.1084,3.2359,-3.263,-3.0110,-0.6938,110.628,3.381,1.0072,303.488,1.2612,0.0158,0.0199,1.2643,3.3895,3.4141,nan,3.0405,3.1491,0.1247,0.2553,1.1432,0.0632,0.0133,0.3943,37.3807,0.0629,-2.3906,0.1750
71.800,298.620,-1.0230,2.7345,113.756,-0.9919,2.8531,110.322,0.0960,-0.0763,0.1226,-3.434,2.1103,3.2274,-3.147,-3.0769,-0.5441,113.469,3.273,1.1129,303.670,1.2594,0.0255,0.0227,0.8915,3.2655,3.2721,nan,2.9646,3.0832,0.1221,0.2565,1.0711,0.0724,-0.0214,0.4233,37.5806,0.0800,-2.9747,0.1750
71.850,298.774,-1.0887,2.8735,117.217,-1.0692,3.0061,114.056,0.1090,-0.0779,0.1340,-3.161,2.1080,3.2189,-2.963,-3.1620,-0.3768,117.018,3.150,1.2565,303.819,1.2763,0.0232,0.0230,0.9918,3.4021,3.4659,nan,2.8113,2.7489,0.1089,0.2889,1.0171,0.0814,-0.0403,0.4612,37.7805,-0.0362,-3.8665,0.1750
71.900,298.947,-1.1729,3.0249,121.197,-1.1441,3.1434,118.475,0.0865,-0.0860,0.1220,-2.723,2.0974,3.2558,-2.681,-3.2327,-0.2639,121.155,3.032,1.2701,303.988,1.2662,0.0306,0.0198,0.6478,3.0554,2.9318,nan,2.8113,2.8668,0.1135,0.2137,0.9360,0.1061,0.0383,0.4612,37.7805,0.0800,-2.9601,0.1750
71.950,299.107,-1.2601,3.1585,125.256,-1.2422,3.2990,122.631,0.1044,-0.0957,0.1417,-2.624,2.0974,3.2558,-2.681,-3.3379,-0.1131,125.312,2.820,1.0168,304.140,1.2826,0.0379,0.0202,0.5315,3.0672,3.0939,nan,2.5358,2.4761,0.0981,0.2461,0.9170,0.1098,0.0100,0.5241,37.9804,-0.0346,-6.3427,0.1750
72.001,299.107,-1.2601,3.1585,125.256,-1.2387,3.2966,122.756,0.1004,-0.0972,0.1398,-2.500,2.1010,3.2607,-2.556,-3.3379,-0.1131,125.312,2.820,1.0168,304.140,1.2826,0.0379,0.0187,0.4934,2.7605,2.6798,nan,2.5251,2.6616,0.1054,0.2317,0.8253,0.1144,-0.0052,0.5630,38.0804,0.0800,0.5395,0.1750
72.050,299.265,-1.3546,3.2850,128.299,-1.3122,3.3925,125.831,0.0580,-0.0999,0.1155,-2.468,2.1010,3.2607,-2.556,-3.4156,-0.0206,128.387,2.787,0.9946,304.296,1.2693,0.0448,0.0171,0.3813,2.8827,2.9349,nan,2.5470,2.6043,0.1031,0.3954,0.8618,0.1068,-0.0769,0.6231,38.2803,0.0332,-6.8163,0.1750
72.100,299.415,-1.4512,3.4005,131.576,-1.4219,3.5110,128.746,0.0632,-0.0953,0.1143,-2.830,2.1012,3.2271,-2.757,-3.5326,0.1141,131.503,2.562,0.9280,304.438,1.2875,0.0174,0.0265,1.5246,2.5922,2.5228,nan,2.5470,2.5255,0.1000,0.3795,0.8000,0.1194,-0.0984,0.6562,38.3802,0.0800,0.5048,0.1750
72.150,299.554,-1.5460,3.5022,134.462,-1.5061,3.6017,131.915,0.0431,-0.0981,0.1072,-2.547,2.1012,3.2271,-2.757,-3.6211,0.2006,134.672,2.573,1.0274,304.578,1.2829,0.0219,0.0242,1.1058,2.4287,2.4183,nan,2.4911,2.5386,0.1005,0.4414,0.8000,0.1116,-0.1064,0.5707,38.4802,0.0275,-1.4199,0.1750
72.200,299.696,-1.6491,3.6002,139.048,-1.6016,3.6993,135.299,0.0291,-0.1059,0.1098,-3.750,2.0970,3.2621,-2.358,-3.7135,0.2846,137.657,2.519,1.5274,304.721,1.2739,0.0351,0.0296,0.8427,2.5763,2.6348,nan,2.3905,2.5181,0.0997,0.5042,0.8000,0.1060,-0.0877,0.6469,38.6800,0.0738,-1.3398,0.1750
72.250,299.833,-1.7559,3.6857,143.724,-1.7290,3.8039,141.070,0.0482,-0.1112,0.1213,-2.655,2.0887,3.2365,-2.834,-3.8411,0.3780,143.904,2.466,1.5297,304.858,1.2935,0.0424,0.0246,0.5799,2.4710,2.4744,nan,2.2077,2.1035,0.0833,0.5676,0.8000,0.1028,-0.0904,0.9410,38.7800,-0.0800,-1.1483,0.1750
72.300,299.971,-1.8701,3.7619,149.154,-1.8462,3.8917,145.965,0.0460,-0.1237,0.1319,-3.189,2.0795,3.2723,-2.560,-3.9495,0.4434,148.525,2.443,1.7468,304.997,1.2891,0.0096,0.0486,5.0365,2.5214,2.5506,nan,2.1977,2.1495,0.0851,0.6545,0.8000,0.0823,-0.1887,0.8686,38.9799,-0.0800,-1.5449,0.1750
72.350,300.103,-1.9874,3.8244,155.119,-1.9818,3.9699,152.573,0.0562,-0.1344,0.1456,-2.546,2.0798,3.2999,-2.286,-4.0851,0.5075,154.859,2.380,1.9329,305.132,1.3071,0.0148,0.0383,2.5908,2.5292,2.5506,nan,2.1792,2.1729,0.0861,0.6507,0.8000,0.0568,-0.1674,0.8518,39.0799,-0.0036,-1.5449,0.1750
72.400,300.230,-2.1049,3.8714,161.588,-2.0950,4.0203,159.394,0.0377,-0.1444,0.1493,-2.195,2.0845,3.3468,-1.775,-4.1983,0.5438,161.168,2.112,1.9818,305.252,1.3042,0.0291,0.0308,1.0600,2.3707,2.3611,nan,2.2133,2.2403,0.0887,0.7326,0.8000,0.0472,-0.1366,0.8622,39.1798,0.0800,-7.0634,0.1750
72.450,300.342,-2.2126,3.9007,168.129,-2.2035,4.0451,165.976,0.0208,-0.1432,0.1447,-2.154,2.0845,3.3468,-1.775,-4.3075,0.5652,167.750,2.043,2.1529,305.367,1.3067,0.0343,0.0249,0.7268,2.2113,2.1999,nan,2.2133,2.2148,0.0877,0.7939,0.8000,0.0377,-0.1129,1.0097,39.2798,0.0009,-2.5877,0.1750
72.500,300.342,-2.2126,3.9007,168.129,-2.2173,4.0571,165.543,0.0367,-0.1521,0.1564,-2.587,2.0653,3.3264,-2.208,-4.3075,0.5652,167.750,2.043,2.1529,305.367,1.3067,0.0343,0.0390,1.1383,2.1209,2.1242,nan,2.3107,2.4409,0.0967,0.8139,0.8000,0.0209,-0.1052,1.1867,39.3797,0.0800,-0.8008,0.1750
72.550,300.455,-2.3252,3.9172,175.590,-2.3374,4.0790,172.627,0.0246,-0.1604,0.1623,-2.963,2.0580,3.3016,-2.629,-4.4264,0.5750,175.256,2.018,2.4237,305.489,1.3139,0.0458,0.0433,0.9458,2.1096,2.1247,nan,2.3828,2.4296,0.0962,0.8000,0.8000,0.0070,-0.0904,1.1875,39.4797,0.0800,-1.6923,0.1750
72.600,300.567,-2.4367,3.9182,-176.300,-2.4717,4.0919,-178.657,0.0237,-0.1756,0.1772,-2.357,2.0510,3.3820,-1.795,-4.5426,0.5679,-176.863,1.984,2.6499,305.612,1.3197,0.0065,0.0644,9.9274,2.2199,2.2612,nan,2.5267,2.5874,0.1025,0.7915,0.8000,-0.0218,-0.1679,1.2404,39.6795,0.0800,0.3815,0.1750
72.650,300.662,-2.5308,3.9064,-168.958,-2.5903,4.0772,-170.491,0.0257,-0.1790,0.1808,-1.533,2.0520,3.3978,-1.664,-4.6600,0.5443,-168.828,2.049,2.7540,305.723,1.3444,0.0052,0.0728,13.9791,2.2459,2.2681,nan,2.6323,2.7318,0.1082,0.7547,0.8000,-0.0369,-0.1407,1.0729,39.7795,0.0576,-0.1378,0.1750
72.700,300.780,-2.6445,3.8752,-160.050,-2.7085,4.0392,-161.496,0.0042,-0.1760,0.1760,-1.446,2.0590,3.4342,-1.209,-4.7792,0.5043,-160.287,2.093,2.7435,305.859,1.3513,0.0139,0.0705,5.0536,2.4030,2.4634,nan,2.8429,2.9163,0.1155,0.6849,0.8000,-0.0444,-0.0983,1.0377,39.8794,0.0425,0.9674,0.1750
72.750,300.899,-2.7536,3.8261,-151.108,-2.8396,3.9649,-151.789,0.0082,-0.1631,0.1633,-0.681,2.0692,3.4641,-0.798,-4.9153,0.4324,-150.991,2.188,2.7451,305.999,1.3816,0.0213,0.0588,2.7654,2.4265,2.4497,nan,2.8783,2.9925,0.1185,0.6284,0.8000,-0.0493,-0.0571,1.0181,39.9794,0.0800,2.0422,0.1750
72.800,301.025,-2.8590,3.7574,-142.181,-2.9326,3.9070,-143.552,-0.0336,-0.1633,0.1667,-1.371,2.0859,3.4570,-1.027,-5.0257,0.3599,-142.525,2.312,2.6705,306.148,1.3872,0.0310,0.0568,1.8312,2.6324,2.7228,nan,2.8660,2.7637,0.1095,0.5173,0.9623,-0.0514,-0.0973,0.7526,40.1793,-0.0800,4.1299,0.1750
72.850,301.154,-2.9555,3.6715,-133.929,-3.0454,3.7800,-134.570,-0.0158,-0.1401,0.1409,-0.641,2.0959,3.4315,-1.252,-5.1477,0.2361,-133.318,2.467,2.5611,306.300,1.4192,0.0376,0.0523,1.3906,2.6674,2.6948,nan,3.0263,2.9258,0.1159,0.4689,0.9876,-0.0608,-0.0351,0.6680,40.2792,-0.0582,4.1299,0.1750
72.900,301.299,-3.0484,3.5607,-125.557,-3.1180,3.6565,-125.730,-0.0375,-0.1124,0.1184,-0.173,2.1138,3.5378,-0.005,-5.2318,0.1183,-125.725,2.598,2.3093,306.464,1.4120,0.0084,0.0579,6.9201,2.6374,2.6542,nan,3.1274,3.1156,0.1234,0.3861,0.9765,-0.0445,0.0067,0.6141,40.3791,-0.0068,3.1216,0.1750
72.950,301.450,-3.1287,3.4325,-118.582,-3.1912,3.4865,-118.251,-0.0175,-0.0807,0.0826,0.332,2.1245,3.5409,0.206,-5.3158,-0.0352,-118.457,2.652,1.7231,306.623,1.4209,0.0194,0.0533,2.7485,2.8438,2.9382,nan,3.4453,3.2221,0.1276,0.3046,1.0529,-0.0218,-0.0024,0.7243,40.5791,0.0800,1.6288,0.1750
73.000,301.593,-3.1918,3.3039,-113.640,-3.2548,3.3322,-112.879,-0.0006,-0.0691,0.0691,0.761,2.1245,3.5409,0.206,-5.3800,-0.1893,-113.085,2.844,1.4519,306.779,1.4277,0.0215,0.0563,2.6252,2.9215,2.9609,nan,3.5572,3.6528,0.1447,0.2707,1.1822,-0.0091,-0.0763,0.5357,40.7790,0.0800,5.2555,0.1750
73.050,301.593,-3.1918,3.3039,-113.640,-3.2460,3.3265,-112.303,0.0010,-0.0587,0.0587,1.336,2.1309,3.5892,0.782,-5.3800,-0.1893,-113.085,2.844,1.4519,306.779,1.4277,0.0215,0.0466,2.1713,2.8085,2.8133,nan,3.7794,3.6493,0.1445,0.2415,1.1759,-0.0024,-0.0684,0.4677,40.8789,0.0800,4.7997,0.1750
73.100,301.758,-3.2521,3.1504,-109.161,-3.2764,3.1817,-108.203,-0.0216,-0.0332,0.0397,0.958,2.1457,3.5899,0.836,-5.4274,-0.3291,-109.038,3.037,1.3309,306.957,1.4120,0.0257,0.0344,1.3366,3.0624,3.2065,nan,3.8856,3.9732,0.1574,0.1882,1.3599,-0.0020,-0.0914,0.3557,41.0788,0.0800,6.0728,0.1750
73.150,301.934,-3.3039,2.9831,-104.918,-3.3246,2.9750,-103.875,0.0131,-0.0180,0.0222,1.043,2.1469,3.5947,1.007,-5.4816,-0.5234,-104.883,3.304,1.2645,307.150,1.4207,0.0102,0.0225,2.1994,3.3135,3.4609,nan,4.1858,4.2998,0.1703,0.1381,1.4141,-0.0125,-0.0878,0.2356,41.2787,0.0800,3.7282,0.1750
73.200,302.120,-3.3459,2.8017,-100.958,-3.3551,2.7651,-99.430,0.0377,-0.0021,0.0377,1.529,2.1494,3.6254,1.328,-5.5230,-0.7325,-100.757,3.461,1.1060,307.347,1.4271,0.0132,0.0206,1.5661,3.3925,3.4368,nan,4.3747,4.4351,0.1756,0.0917,1.4256,-0.0206,-0.0747,0.1607,41.4786,0.0800,5.5510,0.1750
73.250,302.321,-3.3786,2.6036,-97.592,-3.3716,2.6070,-95.472,-0.0043,0.0065,0.0078,2.120,2.1429,3.7228,2.129,-5.5521,-0.9101,-97.602,3.683,0.9989,307.562,1.4185,0.0173,0.0170,0.9820,3.6934,4.0678,nan,3.9917,4.0524,0.1605,0.0388,1.3500,-0.0208,-0.0438,0.1359,41.6785,-0.0800,5.3957,0.1750
73.300,302.539,-3.4026,2.3863,-94.928,-3.3903,2.3682,-93.200,0.0170,0.0138,0.0219,1.728,2.1593,3.6537,1.186,-5.5750,-1.1704,-94.386,3.961,0.6290,307.800,1.4287,0.0220,0.0161,0.7309,3.9802,4.2374,nan,3.6455,3.6602,0.1450,0.0093,1.3992,-0.0429,-0.0729,0.1148,41.8784,-0.0800,5.1230,0.1750
73.350,302.759,-3.4181,2.1671,-93.177,-3.3948,2.1215,-91.344,0.0442,0.0258,0.0512,1.833,2.1532,3.6912,1.532,-5.5880,-1.4208,-92.876,4.130,0.3509,308.030,1.4354,0.0235,0.0155,0.6612,4.0289,4.0719,nan,3.4378,3.7066,0.1468,-0.0257,1.2694,-0.0592,-0.0704,0.0310,42.0783,-0.0800,-2.1391,0.1750
73.400,302.987,-3.4290,1.9390,-92.392,-3.3978,1.8967,-90.816,0.0410,0.0329,0.0526,1.575,2.1608,3.6570,1.222,-5.5949,-1.6414,-92.038,4.017,0.0914,308.252,1.4293,0.0133,0.0127,0.9499,4.0372,4.0719,nan,3.2296,3.3452,0.1325,-0.0756,1.1796,-0.0659,-0.0523,-0.0809,42.2782,0.0669,-2.1391,0.1750
73.450,303.205,-3.4375,1.7217,-92.242,-3.4044,1.7126,-91.120,0.0078,0.0335,0.0344,1.122,2.1651,3.6541,0.985,-5.6020,-1.8455,-92.105,3.766,-0.0510,308.454,1.4241,0.0160,0.0118,0.7346,3.8985,3.9074,nan,3.1142,3.1682,0.1255,-0.0925,1.1441,-0.0840,-0.0493,-0.1819,42.4781,0.0313,-6.0140,0.1750
73.500,303.403,-3.4466,1.5236,-93.462,-3.4087,1.5244,-91.415,-0.0031,0.0377,0.0379,2.047,2.1651,3.6541,0.985,-5.6096,-2.0336,-92.399,3.472,-0.4874,308.636,1.4199,0.0195,0.0172,0.8837,3.7110,3.7061,nan,2.8851,2.8638,0.1134,-0.1203,1.0891,-0.0984,-0.0461,-0.2304,42.5780,-0.0123,-7.2445,0.1750
73.550,303.403,-3.4466,1.5236,-93.462,-3.4094,1.5093,-91.407,0.0120,0.0380,0.0398,2.055,2.1641,3.6398,0.993,-5.6096,-2.0336,-92.399,3.472,-0.4874,308.636,1.4199,0.0195,0.0161,0.8260,3.4320,3.3842,nan,2.8851,2.9956,0.1186,-0.0939,1.0072,-0.1195,-0.0576,-0.3189,42.7779,0.0640,-6.0610,0.1750
73.600,303.587,-3.4597,1.3401,-95.001,-3.4217,1.3409,-94.352,-0.0041,0.0378,0.0380,0.650,2.1787,3.6104,0.668,-5.6265,-2.2041,-95.020,3.232,-0.5544,308.808,1.4199,0.0222,0.0014,0.0645,3.1406,3.0800,nan,2.7126,2.8172,0.1116,-0.0632,0.9217,-0.1303,-0.0600,-0.3614,42.8779,0.0800,-7.3056,0.1750
73.650,303.756,-3.4768,1.1716,-96.790,-3.4383,1.1687,-95.917,-0.0017,0.0385,0.0386,0.873,2.1689,3.6224,0.918,-5.6458,-2.3635,-96.835,2.980,-0.4571,308.965,1.4196,0.0115,0.0111,0.9629,2.8297,2.7467,nan,2.7126,2.5347,0.1004,-0.1190,0.8345,-0.1345,-0.0358,-0.4028,42.9779,0.0800,-0.4669,0.1750
73.701,303.923,-3.4983,1.0066,-98.181,-3.4592,1.0360,-97.182,-0.0347,0.0345,0.0489,0.999,2.1595,3.6362,1.066,-5.6662,-2.4951,-98.248,2.959,-0.3948,309.131,1.4100,0.0139,0.0112,0.8018,2.9229,2.9666,nan,2.5462,2.6184,0.1037,-0.2571,0.8578,-0.1349,0.0352,-0.4397,43.1777,0.0800,-1.1227,0.1750
73.750,304.082,-3.5221,0.8491,-99.096,-3.4861,0.8656,-98.302,-0.0220,0.0329,0.0396,0.794,2.1554,3.6421,1.112,-5.6943,-2.6665,-99.414,2.838,-0.3185,309.284,1.4177,0.0142,0.0078,0.5516,2.8199,2.8268,nan,2.4220,2.5383,0.1005,-0.3729,0.8276,-0.1277,0.1225,-0.5159,43.3777,0.0800,-6.6245,0.1750
73.800,304.233,-3.5478,0.7000,-100.669,-3.5063,0.7211,-98.775,-0.0284,0.0369,0.0465,1.894,2.1462,3.6709,1.351,-5.7205,-2.8157,-100.127,2.614,-0.5914,309.426,1.4182,0.0155,0.0209,1.3466,2.5600,2.5115,nan,2.4220,2.3635,0.0936,-0.4360,0.8000,-0.1201,0.1360,-0.5800,43.4776,0.0800,-1.0743,0.1750
73.850,304.378,-3.5778,0.5582,-103.780,-3.5368,0.5996,-101.672,-0.0499,0.0299,0.0582,2.108,2.1640,3.6290,0.924,-5.7489,-2.9371,-102.596,2.568,-1.0890,309.570,1.4116,0.0317,0.0085,0.2670,2.5188,2.5333,nan,2.3363,2.4168,0.0957,-0.5570,0.8000,-0.1028,0.1696,-0.6852,43.5775,0.0800,-1.0743,0.1750
73.900,304.517,-3.6153,0.4247,-108.190,-3.5881,0.4629,-106.770,-0.0448,0.0139,0.0469,1.420,2.1783,3.5855,0.481,-5.7924,-3.0741,-107.251,2.483,-1.4878,309.708,1.4183,0.0111,0.0117,1.0540,2.5257,2.5471,nan,2.2630,2.2614,0.0896,-0.5722,0.8000,-0.1041,0.1229,-0.7531,43.6775,-0.0009,-2.3381,0.1750
73.950,304.658,-3.6653,0.2928,-113.684,-3.6456,0.3271,-112.886,-0.0393,0.0043,0.0396,0.798,2.1783,3.5855,0.481,-5.8510,-3.2094,-113.367,2.319,-1.6926,309.846,1.4275,0.0231,0.0071,0.3067,2.4714,2.4835,nan,2.1771,2.2072,0.0874,-0.6112,0.8000,-0.1129,0.1292,-0.5703,43.8774,0.0800,-4.5020,0.1750
74.000,304.658,-3.6653,0.2928,-113.684,-3.6461,0.3319,-112.684,-0.0435,0.0019,0.0435,0.999,2.1662,3.6108,0.683,-5.8510,-3.2094,-113.367,2.319,-1.6926,309.846,1.4275,0.0231,0.0062,0.2698,2.2877,2.2697,nan,2.1771,2.1847,0.0865,-0.6243,0.8000,-0.1196,0.1043,-0.8424,43.9773,0.0800,-3.9048,0.1750
74.050,304.790,-3.7245,0.1748,-120.167,-3.7017,0.2353,-118.289,-0.0637,-0.0107,0.0646,1.878,2.1662,3.6108,0.683,-5.9077,-3.3053,-118.972,2.179,-2.0211,309.977,1.4199,0.0525,0.0151,0.2881,2.3825,2.4211,nan,2.1358,2.0822,0.0825,-0.6827,0.8000,-0.1213,0.0581,-1.0352,44.0773,-0.0310,-3.2411,0.1750
74.100,304.907,-3.7887,0.0772,-126.680,-3.7856,0.0977,-125.762,-0.0183,-0.0097,0.0207,0.918,2.1473,3.6291,1.032,-5.9956,-3.4240,-126.795,2.091,-2.0694,310.096,1.4477,0.0088,0.0151,1.7063,2.1297,2.0797,nan,2.1358,2.1404,0.0848,-0.7063,0.8000,-0.1105,0.0626,-1.0395,44.1773,0.0027,-1.7945,0.1750
74.150,305.029,-3.8674,-0.0161,-133.694,-3.8530,0.0171,-132.007,-0.0340,-0.0126,0.0362,1.686,2.1249,3.6601,1.417,-6.0661,-3.4941,-133.424,2.043,-2.0844,310.222,1.4345,0.0245,0.0125,0.5101,2.1952,2.2247,nan,2.2066,2.2152,0.0877,-0.7665,0.8000,-0.0954,0.1812,-1.1899,44.3772,0.0050,-3.2107,0.1750
74.200,305.138,-3.9473,-0.0906,-140.478,-3.9385,-0.0745,-137.749,-0.0171,-0.0068,0.0184,2.728,2.0764,3.7458,2.303,-6.1635,-3.5756,-140.052,1.954,-2.2022,310.334,1.4531,0.0425,0.0228,0.5366,2.1009,2.1033,nan,2.2945,2.4209,0.0959,-0.7756,0.8000,-0.0776,0.1986,-1.2908,44.4771,0.0800,-1.1711,0.1750
74.250,305.242,-4.0308,-0.1516,-147.261,-4.0206,-0.1405,-144.609,-0.0146,-0.0038,0.0151,2.652,2.0461,3.8055,2.894,-6.2582,-3.6346,-147.503,1.952,-2.2723,310.445,1.4636,0.0659,0.0180,0.2732,2.0022,2.0030,nan,2.4090,2.3222,0.0920,-0.7656,0.8000,-0.0634,0.2153,-1.3042,44.5770,0.0800,-0.7061,0.1750
74.300,305.351,-4.1262,-0.2046,-155.030,-4.1193,-0.2033,-153.039,-0.0068,0.0018,0.0070,1.991,2.0953,3.7280,2.195,-6.3606,-3.6904,-155.234,1.963,-2.5117,310.567,1.4710,0.0058,0.0433,7.4921,1.9890,2.0030,nan,2.5128,2.4247,0.0960,-0.7893,0.8000,-0.0385,0.2372,-1.2339,44.6769,0.0800,-0.7061,0.1750
74.350,305.461,-4.2294,-0.2444,-163.157,-4.2232,-0.2411,-161.078,-0.0069,-0.0013,0.0070,2.079,2.1404,3.6442,1.470,-6.4612,-3.7207,-162.548,2.050,-2.6143,310.696,1.4664,0.0143,0.0319,2.2338,1.9850,2.0002,nan,2.6190,2.6123,0.1035,-0.7315,0.8000,-0.0291,0.2048,-1.1083,44.7769,0.0800,1.0913,0.1750
74.400,305.577,-4.3422,-0.2699,-171.726,-4.3644,-0.2747,-169.512,0.0227,0.0016,0.0228,2.214,2.1436,3.6588,1.606,-6.6157,-3.7496,-171.118,2.100,-2.5716,310.829,1.5079,0.0320,0.0368,1.1492,2.2799,2.4766,nan,2.7145,2.8114,0.1113,-0.7282,0.8000,0.0025,0.1535,-1.0694,44.8768,0.0561,0.0130,0.1750
74.450,305.698,-4.4629,-0.2790,179.933,-4.5094,-0.2787,181.527,0.0465,-0.0002,0.0465,1.594,2.1436,3.6588,1.606,-6.7608,-3.7495,179.921,2.221,-2.6658,310.971,1.5298,0.0664,0.0626,0.9431,2.4441,2.5085,nan,2.8174,2.8546,0.1131,-0.6690,0.8541,0.0180,0.2164,-0.8563,45.0768,0.0215,3.0245,0.1750
74.500,305.698,-4.4629,-0.2790,179.933,-4.4940,-0.2613,181.972,0.0311,-0.0176,0.0358,2.039,2.1283,3.7277,2.051,-6.7608,-3.7495,179.921,2.221,-2.6658,310.971,1.5298,0.0664,0.0508,0.7649,2.4811,2.5073,nan,2.7936,2.6795,0.1061,-0.6161,0.9032,0.0104,0.1677,-0.7607,45.1767,-0.0660,2.3106,0.1750
74.550,305.824,-4.5887,-0.2700,171.338,-4.6204,-0.2475,173.972,0.0347,-0.0175,0.0388,2.634,2.0952,3.8093,2.766,-6.9035,-3.7280,171.206,2.365,-2.6094,311.120,1.5439,0.0868,0.0624,0.7183,2.5745,2.6144,nan,2.8529,2.7174,0.1076,-0.5730,0.9372,0.0310,0.1283,-0.7202,45.2766,-0.0800,2.3177,0.1750
74.600,305.957,-4.7185,-0.2412,163.077,-4.7455,-0.2138,165.218,0.0338,-0.0183,0.0385,2.141,2.1805,3.6996,1.770,-7.0437,-3.6976,163.448,2.466,-2.5168,311.272,1.5537,0.0069,0.0587,8.4601,2.7857,2.8832,nan,3.0171,3.0002,0.1188,-0.5004,1.0141,0.0224,0.1162,-0.6292,45.4765,-0.0098,0.8578,0.1750
74.650,306.095,-4.8478,-0.1924,155.322,-4.8757,-0.1414,156.545,0.0466,-0.0347,0.0581,1.224,2.2371,3.6580,1.379,-7.2021,-3.6271,155.166,2.480,-2.2822,311.419,1.5784,0.0169,0.0410,2.4221,2.6714,2.6748,nan,3.0171,2.9914,0.1185,-0.4186,0.9724,-0.0046,0.0738,-0.7060,45.5765,0.0800,0.6019,0.1750
74.700,306.233,-4.9689,-0.1277,148.196,-4.9708,-0.0611,148.777,0.0367,-0.0555,0.0666,0.581,2.2907,3.6111,0.968,-7.3225,-3.5491,147.810,2.534,-2.0862,311.566,1.5754,0.0256,0.0199,0.7770,2.5610,2.5642,nan,3.1053,2.8810,0.1141,-0.3406,0.9322,-0.0312,0.0472,-0.7623,45.6764,0.0800,4.1391,0.1750
74.750,306.379,-5.0891,-0.0435,141.546,-5.0665,0.0320,142.176,0.0292,-0.0732,0.0788,0.629,2.3288,3.5634,0.521,-7.4271,-3.4642,141.655,2.696,-1.8750,311.728,1.5599,0.0452,0.0182,0.4029,2.8242,2.9761,nan,3.4142,3.2601,0.1291,-0.2969,1.0552,-0.0452,0.0212,-0.7042,45.7764,0.0800,3.2743,0.1750
74.800,306.533,-5.2049,0.0581,135.800,-5.2122,0.1809,135.186,0.0908,-0.0829,0.1230,-0.615,2.3678,3.4814,-0.232,-7.5667,-3.3311,135.417,2.792,-1.5423,311.890,1.5785,0.0091,0.0034,0.3757,2.8129,2.8337,nan,3.6153,3.5546,0.1408,-0.2798,1.1188,-0.0343,0.0704,-0.5710,45.9763,0.0800,0.4991,0.1750
74.850,306.690,-5.3125,0.1717,131.042,-5.3166,0.3133,130.677,0.1095,-0.0899,0.1417,-0.365,2.3527,3.5200,-0.043,-7.6669,-3.2125,130.720,2.822,-1.3429,312.049,1.5704,0.0109,0.0048,0.4419,2.8114,2.8337,nan,3.7058,3.6333,0.1439,-0.2465,1.1878,-0.0398,0.0955,-0.4503,46.1762,0.0800,0.4991,0.1750
74.900,306.848,-5.4121,0.2946,126.832,-5.4068,0.4250,126.866,0.1012,-0.0824,0.1305,0.034,2.3519,3.5071,-0.099,-7.7533,-3.0955,126.966,3.010,-1.3926,312.219,1.5583,0.0158,0.0048,0.3032,2.7747,2.7916,nan,3.8677,3.6593,0.1449,-0.2457,1.2209,-0.0329,0.0906,-0.3728,46.2762,0.0800,5.0635,0.1750
74.951,307.025,-5.5135,0.4398,122.862,-5.5175,0.5947,122.229,0.1323,-0.0807,0.1550,-0.633,2.3519,3.5071,-0.099,-7.8644,-2.9260,122.328,3.287,-1.2606,312.414,1.5644,0.0241,0.0201,0.8338,3.0399,3.2010,nan,3.9373,3.9916,0.1581,-0.2192,1.3915,-0.0122,0.0806,-0.2954,46.4760,0.0800,1.9987,0.1750
75.000,307.025,-5.5135,0.4398,122.862,-5.5099,0.6006,122.525,0.1331,-0.0903,0.1608,-0.337,2.3444,3.5536,0.196,-7.8644,-2.9260,122.328,3.287,-1.2606,312.414,1.5644,0.0241,0.0136,0.5664,3.3036,3.4686,nan,4.1387,4.2180,0.1671,-0.2140,1.5122,-0.0008,0.0974,-0.2908,46.6759,0.0800,3.5939,0.1750
75.050,307.217,-5.6123,0.6048,118.680,-5.6024,0.7721,118.882,0.1420,-0.0890,0.1676,0.202,2.3635,3.5185,-0.003,-7.9657,-2.7469,118.885,3.462,-1.2091,312.619,1.5651,0.0318,0.0152,0.4763,3.5576,3.7159,nan,4.3969,4.4224,0.1751,-0.1832,1.6285,0.0065,0.0904,-0.2910,46.8758,0.0800,5.2727,0.1750
75.100,307.411,-5.6999,0.7772,114.898,-5.6971,0.9895,114.614,0.1914,-0.0919,0.2124,-0.284,2.3716,3.5045,-0.234,-8.0584,-2.5479,114.848,3.684,-1.2414,312.828,1.5671,0.0139,0.0044,0.3190,3.7119,3.7875,nan,4.5701,4.5015,0.1783,-0.1520,1.6991,0.0154,0.0829,-0.3006,47.0757,0.0800,4.8146,0.1750
75.150,307.624,-5.7833,0.9730,110.856,-5.7762,1.1851,111.109,0.1956,-0.0821,0.2122,0.253,2.3531,3.5554,0.156,-8.1357,-2.3482,110.952,3.902,-1.1664,313.057,1.5606,0.0146,0.0054,0.3723,3.9685,4.1421,nan,4.9064,4.9041,0.1942,-0.1295,1.9396,0.0382,0.1083,-0.1868,47.3756,0.0800,4.9453,0.1750
75.200,307.849,-5.8572,1.1854,107.223,-5.8486,1.4127,106.903,0.2146,-0.0755,0.2275,-0.321,2.3718,3.4823,-0.308,-8.2092,-2.1137,107.211,4.107,-1.0235,313.297,1.5581,0.0176,0.0085,0.4807,4.2241,4.4117,nan,5.0626,5.1994,0.2059,-0.1043,2.0247,0.0538,0.0849,-0.1291,47.5755,0.0649,3.5535,0.1750
75.250,308.079,-5.9199,1.4068,104.111,-5.9118,1.6701,103.531,0.2534,-0.0720,0.2634,-0.579,2.3744,3.4698,-0.425,-8.2727,-1.8611,103.956,4.252,-0.9282,313.539,1.5564,0.0174,0.0116,0.6679,4.2925,4.3478,nan,5.2087,5.3699,0.2127,-0.0921,2.0348,0.0653,0.0636,-0.0891,47.7754,0.0800,5.7951,0.1750
75.301,308.320,-5.9736,1.6422,101.338,-5.9633,1.9208,100.911,0.2711,-0.0649,0.2788,-0.427,2.3597,3.5245,-0.067,-8.3212,-1.6135,100.978,4.511,-0.7917,313.801,1.5503,0.0164,0.0141,0.8604,4.3518,4.4057,nan,5.4139,5.4514,0.2159,-0.0778,2.0348,0.0764,0.0313,-0.0531,47.9753,0.0800,5.7951,0.1750
75.350,308.581,-6.0200,1.8987,98.926,-6.0115,2.1846,99.310,0.2811,-0.0527,0.2860,0.383,2.3366,3.6204,0.550,-8.3615,-1.3555,98.760,4.775,-0.7197,314.083,1.5442,0.0142,0.0137,0.9619,4.4167,4.4747,nan,5.5987,5.5170,0.2185,-0.0835,2.0299,0.0909,0.0242,-0.0362,48.2751,0.0800,5.9965,0.1750
75.400,308.830,-6.0548,2.1455,96.900,-6.0532,2.4608,97.441,0.3128,-0.0395,0.3153,0.541,2.3309,3.6242,0.525,-8.3944,-1.0865,96.916,4.975,-0.6957,314.350,1.5410,0.0141,0.0151,1.0710,4.6889,4.9820,nan,5.7075,5.7735,0.2287,-0.0946,1.9763,0.1097,0.0203,-0.0573,48.5750,0.0800,5.0618,0.1750
75.450,309.099,-6.0829,2.4126,94.880,-6.0877,2.7682,95.500,0.3547,-0.0254,0.3556,0.621,2.3243,3.6477,0.751,-8.4228,-0.7692,94.749,5.143,-0.6663,314.634,1.5398,0.0122,0.0178,1.4631,4.9735,5.4714,nan,5.9119,6.0542,0.2398,-0.0973,1.9490,0.1180,0.0034,-0.0593,48.8748,0.0800,3.4035,0.1750
75.500,309.099,-6.0829,2.4126,94.880,-6.0877,2.7682,95.500,0.3547,-0.0254,0.3556,0.621,2.3243,3.6477,0.751,-8.4228,-0.7692,94.749,5.143,-0.6663,314.634,1.5398,0.0122,0.0178,1.4631,5.1380,5.2835,nan,5.9652,6.1344,0.2429,-0.1015,1.9383,0.1191,-0.0091,-0.0707,49.0747,0.0682,2.2723,0.1750
75.550,309.614,-6.1091,2.9276,90.546,-6.1145,3.2565,91.622,0.3289,0.0023,0.3289,1.076,2.3271,3.5903,0.473,-8.4441,-0.2642,91.149,5.450,-0.8181,315.181,1.5351,0.0102,0.0250,2.4600,5.2014,5.2835,nan,5.7919,5.8313,0.2309,-0.1020,1.9233,0.1170,-0.0117,-0.0916,49.3745,0.0159,2.2723,0.1750
75.600,309.925,-6.1059,3.2384,87.875,-6.0978,3.5771,88.870,0.3388,0.0044,0.3388,0.995,2.3207,3.6333,0.850,-8.4184,0.0687,88.020,5.623,-0.8694,315.510,1.5122,0.0054,0.0303,5.5957,5.3990,5.5997,nan,5.5073,5.3506,0.2119,-0.0768,1.9050,0.0745,-0.0516,-0.1199,49.6744,-0.0800,4.1908,0.1750
75.650,310.235,-6.0881,3.5474,85.088,-6.0738,3.9469,85.946,0.3992,0.0199,0.3997,0.858,2.3207,3.6333,0.850,-8.3889,0.4380,85.096,5.624,-0.7530,315.823,1.5013,0.0026,0.0424,16.3677,5.6694,6.1367,nan,5.2828,5.2158,0.2066,-0.0806,1.8906,0.0598,-0.0466,-0.1156,50.0742,-0.0800,0.1396,0.1750
75.700,310.235,-6.0881,3.5474,85.088,-6.0747,3.8937,85.757,0.3462,0.0163,0.3466,0.668,2.3187,3.5524,0.661,-8.3889,0.4380,85.096,5.624,-0.7530,315.823,1.5013,0.0026,0.0360,13.8903,5.5870,5.6227,nan,5.1725,5.1401,0.2036,-0.0721,1.8901,0.0323,-0.0703,-0.1145,50.1741,-0.0800,-4.1487,0.1750
75.750,310.544,-6.0566,3.8549,82.938,-6.0507,4.1641,83.767,0.3076,0.0322,0.3093,0.829,2.3113,3.6017,1.027,-8.3506,0.7122,82.740,5.433,-0.6714,316.119,1.4938,0.0030,0.0394,13.1030,5.4287,5.4345,nan,5.1168,4.9459,0.1959,-0.0875,1.8749,0.0267,-0.0550,-0.1250,50.4740,0.0800,-3.8071,0.1750
75.800,310.838,-6.0160,4.1461,80.825,-6.0012,4.4146,81.056,0.2674,0.0282,0.2689,0.231,2.3067,3.4520,0.340,-8.3021,1.0119,80.716,5.276,-0.6075,316.402,1.4860,0.0101,0.0310,3.0566,5.0737,4.9221,nan,5.0617,4.7180,0.1869,-0.0753,1.8424,-0.0040,-0.0653,-0.1525,50.6739,0.0800,-2.8235,0.1750
75.850,311.129,-5.9655,4.4335,78.940,-5.9611,4.6000,78.247,0.1643,0.0277,0.1666,-0.693,2.2832,3.2557,-0.719,-8.2605,1.2408,78.966,5.146,-0.6642,316.686,1.4951,0.0044,0.0163,3.7192,5.2014,5.3207,nan,4.8989,5.0077,0.1983,-0.0598,1.8264,-0.0438,-0.0862,-0.1808,50.8738,0.0800,-3.8496,0.1750
75.900,311.408,-5.9077,4.7058,76.771,-5.8912,4.8905,76.187,0.1836,0.0262,0.1854,-0.585,2.2810,3.2502,-0.591,-8.1887,1.5558,76.778,4.986,-0.6063,316.954,1.4807,0.0017,0.0261,15.2664,4.8561,4.7260,nan,4.8437,4.6735,0.1851,-0.0583,1.7927,-0.0605,-0.0754,-0.1921,51.0737,0.0800,-4.4969,0.1750
75.950,311.681,-5.8415,4.9712,74.969,-5.8444,5.0500,73.888,0.0754,0.0232,0.0789,-1.081,2.2566,3.1377,-0.996,-8.1330,1.7712,74.884,4.819,-0.4750,317.217,1.4918,0.0015,0.0118,7.9946,4.8107,4.8467,nan,4.7238,4.6457,0.1840,-0.0628,1.7733,-0.0853,-0.0620,-0.2014,51.2736,0.0800,0.6008,0.1750
76.000,311.947,-5.7698,5.2272,73.561,-5.7555,5.2931,72.046,0.0672,0.0049,0.0674,-1.515,2.2453,3.0581,-1.346,-8.0511,2.0465,73.391,4.827,-0.4345,317.485,1.4811,0.0110,0.0061,0.5570,4.7227,4.7479,nan,4.5113,4.5569,0.1805,-0.0867,1.7733,-0.0988,-0.0446,-0.2101,51.4735,0.0800,0.6008,0.1750
76.050,312.214,-5.6917,5.4818,72.180,-5.6749,5.5155,70.808,0.0373,-0.0057,0.0377,-1.372,2.2433,3.0436,-1.347,-7.9741,2.2850,72.156,4.696,-0.4507,317.743,1.4826,0.0053,0.0053,1.0088,4.6316,4.6544,nan,4.4332,4.4775,0.1773,-0.0908,1.6863,-0.1223,-0.0239,-0.2199,51.6734,0.0800,-3.1976,0.1750
76.100,312.470,-5.6107,5.7247,70.739,-5.5974,5.7234,70.298,0.0031,-0.0130,0.0134,-0.441,2.2755,3.1432,-0.523,-7.8961,2.5082,70.821,4.617,-0.4612,317.995,1.4863,0.0032,0.0006,0.1739,4.5586,4.5853,nan,4.2898,4.4163,0.1749,-0.1108,1.6575,-0.1321,-0.0020,-0.2310,51.8733,0.0800,-1.9739,0.1750
76.150,312.724,-5.5233,5.9637,68.713,-5.4959,5.9855,68.723,0.0302,-0.0176,0.0350,0.010,2.2755,3.1432,-0.523,-7.7971,2.7712,69.246,4.484,-0.7211,318.242,1.4739,0.0018,0.0047,2.6154,4.6914,4.7889,nan,4.1418,4.1060,0.1626,-0.1480,1.5561,-0.1239,0.0580,-0.2408,52.1731,-0.0198,-1.8503,0.1750
76.200,312.724,-5.5233,5.9637,68.713,-5.5039,5.9773,68.567,0.0197,-0.0131,0.0237,-0.146,2.2598,3.1139,-0.679,-7.7971,2.7712,69.246,4.484,-0.7211,318.242,1.4739,0.0018,0.0028,1.5641,4.4252,4.3809,nan,3.9941,4.0628,0.1609,-0.1417,1.5561,-0.1286,0.0203,-0.2442,52.2730,0.0397,-2.4682,0.1750
76.250,312.972,-5.4290,6.1933,66.246,-5.4186,6.1552,65.783,-0.0307,-0.0249,0.0395,-0.463,2.2553,3.0987,-0.616,-7.7063,2.9738,66.399,4.373,-0.8567,318.484,1.4783,0.0025,0.0073,2.8545,4.3285,4.3482,nan,3.8676,3.9697,0.1572,-0.1488,1.5561,-0.1355,0.0179,-0.2402,52.4729,0.0591,-5.0311,0.1750
76.300,313.207,-5.3297,6.4058,63.190,-5.3157,6.3650,63.051,-0.0301,-0.0309,0.0431,-0.139,2.2604,3.1239,-0.304,-7.5932,3.2009,63.354,4.180,-0.9322,318.709,1.4639,0.0052,0.0130,2.5074,3.9596,3.8167,nan,3.7754,3.6961,0.1464,-0.1419,1.5404,-0.1405,0.0202,-0.2586,52.6729,0.0800,-3.0386,0.1750
76.350,313.453,-5.2132,6.6232,60.037,-5.2296,6.5281,60.717,-0.0905,-0.0333,0.0965,0.680,2.2994,3.2361,0.478,-7.5012,3.3547,60.239,4.045,-0.9354,318.949,1.4918,0.0014,0.0182,12.6912,4.1935,4.3451,nan,3.5832,3.5283,0.1397,-0.1964,1.5561,-0.1245,0.0384,-0.2896,52.8727,-0.0318,-2.6876,0.1750
76.400,313.661,-5.1057,6.8009,57.275,-5.0974,6.7560,58.767,-0.0333,-0.0312,0.0456,1.492,2.3612,3.3932,1.693,-7.3560,3.5818,57.073,3.940,-0.8789,319.151,1.4513,0.0013,0.0005,0.3929,3.8210,3.6698,nan,3.5199,3.5863,0.1420,-0.2205,1.4865,-0.1107,0.0799,-0.3052,53.0726,0.0800,-4.9573,0.1750
76.450,313.868,-4.9902,6.9728,54.654,-5.0066,6.9034,56.567,-0.0661,-0.0268,0.0713,1.913,2.3788,3.4451,1.950,-7.2634,3.7076,54.617,3.750,-0.8722,319.348,1.4768,0.0014,0.0028,2.0000,3.7240,3.7394,nan,3.4901,3.5705,0.1414,-0.2647,1.4487,-0.0884,0.1053,-0.3390,53.2725,0.0800,-4.7750,0.1750
76.500,314.073,-4.8677,7.1363,51.155,-4.8875,7.0773,53.792,-0.0584,-0.0216,0.0623,2.637,2.3714,3.4427,1.906,-7.1339,3.8740,51.886,3.572,-1.1757,319.545,1.4696,0.0065,0.0108,1.6717,3.5552,3.5544,nan,3.1305,3.1675,0.1254,-0.2379,1.3831,-0.0884,0.0464,-0.3390,53.2725,0.0215,-1.9471,0.1750
76.550,314.278,-4.7339,7.2921,47.069,-4.7672,7.2443,50.015,-0.0577,-0.0082,0.0583,2.946,2.4220,3.5625,2.720,-7.0064,4.0188,47.296,3.513,-1.3355,319.749,1.4767,0.0030,0.0089,2.9957,3.5298,3.5544,nan,3.1040,3.2042,0.1269,-0.2809,1.3732,-0.0610,0.0682,-0.3024,53.5724,0.0800,-1.9471,0.1750
76.600,314.466,-4.6010,7.4254,42.615,-4.6264,7.3960,45.543,-0.0386,-0.0045,0.0389,2.928,2.4220,3.5692,2.685,-6.8614,4.1527,42.858,3.445,-1.4734,319.936,1.4646,0.0038,0.0071,1.8548,3.5379,3.5680,nan,3.2741,3.3799,0.1339,-0.3033,1.3763,-0.0386,0.0707,-0.3941,53.7723,0.0800,-1.6901,0.1750
76.650,314.656,-4.4568,7.5483,37.838,-4.4857,7.5153,40.534,-0.0431,-0.0083,0.0439,2.696,2.4220,3.5692,2.685,-6.7152,4.2654,37.848,3.246,-1.4957,320.118,1.4635,0.0057,0.0023,0.4064,3.4074,3.4139,nan,3.3615,3.3960,0.1345,-0.2938,1.3255,-0.0331,0.0727,-0.4884,53.9722,0.0200,-5.8432,0.1750
76.700,314.656,-4.4568,7.5483,37.838,-4.4816,7.5287,40.563,-0.0316,-0.0003,0.0316,2.725,2.4282,3.5861,2.715,-6.7152,4.2654,37.848,3.246,-1.4957,320.118,1.4635,0.0057,0.0037,0.6421,3.2391,3.2353,nan,3.4518,3.5591,0.1410,-0.2896,1.2601,-0.0251,0.0411,-0.4654,54.0721,0.0800,-0.4431,0.1750
76.750,314.828,-4.3169,7.6490,33.169,-4.3501,7.6298,36.208,-0.0383,0.0021,0.0383,3.039,2.4481,3.6333,3.077,-6.5738,4.3557,33.130,3.257,-1.5136,320.294,1.4629,0.0076,0.0050,0.6619,3.1827,3.2001,nan,3.4373,3.5027,0.1387,-0.2901,1.2381,-0.0181,0.0418,-0.6174,0.1000,0.0800,0.0470,0.1750
76.800,315.011,-4.1601,7.7429,28.355,-4.1999,7.7208,31.261,-0.0455,-0.0006,0.0455,2.906,2.4293,3.5967,2.742,-6.4244,4.4365,28.519,3.278,-1.4911,320.480,1.4714,0.0063,0.0142,2.2513,3.3790,3.4742,nan,3.5109,3.5356,0.1400,-0.2847,1.3865,-0.0159,0.0563,-0.4842,0.2998,-0.0800,2.0452,0.1750
76.850,315.194,-3.9958,7.8237,23.603,-3.9968,7.8233,25.401,-0.0011,0.0001,0.0011,1.799,2.3804,3.5097,1.905,-6.2303,4.5232,23.497,3.363,-1.5215,320.671,1.4412,0.0060,0.0049,0.8217,3.3372,3.3580,nan,3.6522,3.5174,0.1393,-0.2687,1.3694,-0.0172,0.0518,-0.4000,0.4997,-0.0800,0.0850,0.1750
76.901,315.386,-3.8167,7.8936,18.624,-3.8156,7.8899,19.890,-0.0001,-0.0039,0.0039,1.266,2.3320,3.4275,1.107,-6.0602,4.5803,18.783,3.382,-1.5080,320.866,1.4515,0.0077,0.0005,0.0602,3.4834,3.5524,nan,3.7600,3.8034,0.1506,-0.2529,1.4294,-0.0197,0.0417,-0.4647,0.6996,0.0800,0.2583,0.1750
76.950,315.569,-3.6410,7.9455,13.957,-3.5997,7.9499,15.046,0.0411,-0.0057,0.0415,1.089,2.3555,3.4445,1.216,-5.8583,4.6308,13.830,3.403,-1.4424,321.053,1.4256,0.0095,0.0020,0.2153,3.3644,3.3729,nan,3.8688,3.9051,0.1547,-0.2488,1.4689,-0.0179,0.0647,-0.3598,0.8995,0.0800,-0.1634,0.1750
77.000,315.760,-3.4545,7.9846,9.382,-3.4037,7.9877,9.358,0.0506,-0.0052,0.0509,-0.024,2.2829,3.3387,0.104,-5.6782,4.6594,9.253,3.420,-1.3716,321.247,1.4331,0.0087,0.0021,0.2447,3.3819,3.4122,nan,3.9702,4.0241,0.1594,-0.2419,1.4765,-0.0098,0.0336,-0.3597,0.9995,0.0312,3.7168,0.1750
77.050,315.956,-3.2599,8.0098,4.952,-3.2028,8.0097,4.768,0.0569,-0.0051,0.0571,-0.184,2.2675,3.3189,-0.150,-5.4826,4.6764,4.918,3.573,-1.3907,321.455,1.4331,0.0074,0.0001,0.0188,3.3844,3.4122,nan,4.0150,4.0883,0.1619,-0.2240,1.4823,-0.0099,0.0242,-0.3767,1.1994,0.0800,3.7168,0.1750
77.100,316.160,-3.0564,8.0201,0.459,-2.9869,8.0169,0.627,0.0695,-0.0038,0.0696,0.167,2.2811,3.3347,-0.024,-5.2700,4.6799,0.651,3.701,-1.3172,321.669,1.4250,0.0078,0.0003,0.0354,3.5719,3.6686,nan,4.2041,4.2319,0.1676,-0.2172,1.5832,-0.0035,0.0242,-0.3594,1.3993,0.0800,2.6796,0.1750
77.150,316.375,-2.8410,8.0144,-3.837,-2.7449,8.0021,-3.852,0.0967,-0.0058,0.0969,-0.015,2.2811,3.3347,-0.024,-5.0280,4.6653,-3.827,3.849,-1.3115,321.897,1.3998,0.0093,0.0015,0.1649,3.8195,3.9741,nan,4.2958,4.3930,0.1740,-0.2212,1.7134,0.0080,0.0645,-0.3372,1.6991,0.0540,3.5408,0.1750
77.200,316.375,-2.8410,8.0144,-3.837,-2.7361,7.9971,-4.620,0.1058,-0.0103,0.1063,-0.783,2.2269,3.2626,-0.793,-5.0280,4.6653,-3.827,3.849,-1.3115,321.897,1.3998,0.0093,0.0038,0.4090,3.9451,4.0108,nan,4.4302,4.5563,0.1804,-0.2042,1.7862,0.0043,0.0514,-0.3205,1.8990,0.0685,3.2262,0.1750
77.250,316.583,-2.6341,7.9940,-7.864,-2.5057,7.9603,-8.968,0.1318,-0.0158,0.1328,-1.103,2.2195,3.2413,-1.020,-4.8084,4.6342,-7.948,3.984,-1.3632,322.116,1.3887,0.0110,0.0065,0.5869,3.9756,4.0138,nan,4.5182,4.6675,0.1849,-0.1911,1.8231,0.0059,0.0400,-0.2975,2.0989,0.0800,2.9463,0.1750
77.300,316.806,-2.4142,7.9560,-12.237,-2.2963,7.9204,-13.276,0.1227,-0.0098,0.1231,-1.039,2.2044,3.2403,-1.153,-4.5939,4.5887,-12.124,4.123,-1.3378,322.352,1.3952,0.0065,0.0019,0.2979,4.1937,4.3270,nan,4.6010,4.6508,0.1842,-0.1874,1.8463,0.0159,0.0282,-0.2859,2.2988,0.0254,3.3808,0.1750
77.350,317.012,-2.2148,7.9068,-15.968,-2.0950,7.8594,-16.728,0.1282,-0.0126,0.1288,-0.761,2.2244,3.2938,-0.570,-4.3647,4.5224,-16.158,4.247,-1.3435,322.568,1.3684,0.0062,0.0018,0.2910,4.2144,4.2552,nan,4.6651,4.7489,0.1881,-0.1806,1.8600,0.0190,0.0297,-0.2727,2.4987,0.0426,1.5959,0.1750
77.400,317.254,-1.9843,7.8327,-20.098,-1.8962,7.7919,-20.375,0.0968,-0.0080,0.0971,-0.277,2.2365,3.3280,-0.251,-4.1522,4.4458,-20.124,4.382,-1.2749,322.823,1.3866,0.0090,0.0017,0.1909,4.4801,4.7191,nan,4.7656,4.7192,0.1869,-0.1822,1.8772,0.0315,0.0532,-0.2524,2.7986,-0.0223,1.2280,0.1750
77.450,317.497,-1.7591,7.7423,-24.131,-1.6283,7.6673,-25.358,0.1500,-0.0150,0.1508,-1.227,2.1699,3.2614,-1.144,-3.8854,4.3292,-24.214,4.443,-1.2597,323.073,1.3502,0.0124,0.0118,0.9460,4.4203,4.4482,nan,4.8391,4.8999,0.1941,-0.1588,1.8772,0.0205,0.0263,-0.2441,2.9985,0.0296,1.6959,0.1750
77.500,317.748,-1.5333,7.6325,-28.180,-1.4422,7.5732,-28.173,0.1083,-0.0093,0.1087,0.008,2.2343,3.3409,-0.160,-3.6884,4.2220,-28.012,4.516,-1.2712,323.333,1.3781,0.0152,0.0062,0.4081,4.6531,4.8416,nan,4.9260,4.8980,0.1940,-0.1607,1.8772,0.0340,0.0250,-0.2429,3.1983,-0.0131,0.4076,0.1750
77.550,318.006,-1.3097,7.5034,-32.328,-1.2189,7.4346,-32.311,0.1135,-0.0095,0.1139,0.017,2.2177,3.3657,-0.030,-3.4386,4.0671,-32.281,4.557,-1.1522,323.598,1.3574,0.0088,0.0065,0.7422,4.6586,4.7048,nan,5.0280,5.1832,0.2053,-0.1543,1.8815,0.0324,0.0444,-0.2526,3.4982,0.0745,2.2672,0.1750
77.600,318.255,-1.1031,7.3647,-35.852,-0.9925,7.2768,-36.241,0.1412,-0.0064,0.1413,-0.389,2.2285,3.3769,0.061,-3.2168,3.9033,-36.302,4.646,-1.1553,323.856,1.3479,0.0113,0.0070,0.6195,4.6598,4.7048,nan,5.1515,5.3023,0.2100,-0.1458,1.8865,0.0374,0.0373,-0.2324,3.6981,0.0800,2.2672,0.1750
77.650,318.544,-0.8738,7.1875,-39.983,-0.8151,7.1287,-39.720,0.0827,-0.0073,0.0831,0.264,2.2285,3.3769,0.061,-3.0396,3.7550,-39.780,4.715,-1.1101,324.155,1.3927,0.0181,0.0105,0.5798,4.3652,4.3026,nan,5.2507,5.0180,0.1987,-0.1362,1.8865,0.0414,0.0115,-0.2243,3.7980,0.0800,0.9614,0.1750
77.700,318.544,-0.8738,7.1875,-39.983,-0.8437,7.1517,-39.684,0.0461,-0.0080,0.0468,0.299,2.2022,3.4018,0.096,-3.0396,3.7550,-39.780,4.715,-1.1101,324.155,1.3927,0.0181,0.0113,0.6225,4.6522,5.0438,nan,5.0366,5.0464,0.1999,-0.1312,1.8865,0.0394,0.0180,-0.1927,4.0979,0.0045,4.5684,0.1750
77.750,318.815,-0.6716,7.0084,-43.503,-0.6160,6.9461,-43.635,0.0832,-0.0069,0.0835,-0.132,2.1795,3.3967,-0.223,-2.8092,3.5386,-43.412,4.898,-1.0497,324.443,1.3731,0.0193,0.0175,0.9054,4.9349,5.3444,nan,4.8987,4.8711,0.1929,-0.1282,1.8865,0.0418,0.0114,-0.1339,4.3977,-0.0129,-0.3608,0.1750
77.800,319.088,-0.4777,6.8150,-46.806,-0.4035,6.7108,-47.433,0.1267,-0.0172,0.1279,-0.627,2.1563,3.3947,-0.397,-2.5827,3.2984,-47.036,4.888,-1.0028,324.719,1.3530,0.0136,0.0191,1.4030,4.7534,4.7494,nan,4.9636,4.8809,0.1933,-0.1131,1.8865,0.0329,-0.0111,-0.1229,4.5976,-0.0800,0.0297,0.1750
77.850,319.357,-0.2983,6.6146,-49.948,-0.2855,6.5715,-50.602,0.0412,-0.0179,0.0450,-0.654,2.1140,3.4063,-0.720,-2.4391,3.1348,-49.882,4.887,-0.9753,324.991,1.3785,0.0145,0.0331,2.2756,4.9253,5.0641,nan,5.0674,5.1754,0.2050,-0.0947,1.8865,0.0147,-0.0362,-0.1719,4.7975,0.0508,-1.8770,0.1750
77.900,319.590,-0.1520,6.4335,-52.595,-0.1085,6.3371,-54.286,0.1030,-0.0240,0.1058,-1.691,2.0876,3.3642,-1.481,-2.2722,2.9151,-52.804,4.822,-0.9339,325.222,1.3682,0.0139,0.0401,2.8881,4.6101,4.5235,nan,5.1266,4.9789,0.1972,-0.0749,1.8865,0.0004,-0.0541,-0.1972,4.9974,0.0800,-0.8841,0.1750
77.950,319.864,0.0096,6.2126,-55.344,0.0204,6.1523,-56.480,0.0557,-0.0254,0.0612,-1.136,2.1227,3.3779,-1.006,-2.1507,2.7371,-55.474,4.801,-0.7403,325.496,1.3965,0.0113,0.0374,3.2980,4.8656,5.1232,nan,5.3999,5.2548,0.2081,-0.0885,1.8865,0.0019,-0.0092,-0.2426,5.2973,0.0800,2.7564,0.1750
78.000,320.131,0.1578,5.9899,-57.576,0.1870,5.8740,-59.073,0.1135,-0.0375,0.1195,-1.497,2.1077,3.3558,-1.379,-1.9808,2.4712,-57.694,4.899,-0.6051,325.773,1.3860,0.0081,0.0301,3.7025,4.9253,4.9968,nan,5.5200,5.6215,0.2226,-0.0876,1.9459,-0.0033,0.0283,-0.1948,5.5971,0.0800,-0.6289,0.1750
78.050,320.400,0.2987,5.7611,-59.384,0.3170,5.6361,-61.196,0.1169,-0.0479,0.1263,-1.812,2.0930,3.3518,-1.651,-1.8410,2.2322,-59.546,4.885,-0.6390,326.043,1.3897,0.0054,0.0307,5.6854,4.7759,4.7835,nan,5.5711,5.5852,0.2212,-0.0741,1.9709,-0.0057,0.0147,-0.1734,5.6971,0.0800,2.4373,0.1750
78.100,320.677,0.4358,5.5205,-61.568,0.4472,5.4020,-63.462,0.1097,-0.0464,0.1191,-1.893,2.0912,3.3263,-2.065,-1.7177,2.0151,-61.397,5.008,-0.6934,326.332,1.3970,0.0125,0.0454,3.6442,4.7449,4.7835,nan,5.7303,5.7749,0.2287,-0.0819,1.9807,0.0083,0.0315,-0.0716,6.0969,0.0800,2.4373,0.1750
78.150,320.964,0.5683,5.2658,-63.789,0.5742,5.1464,-65.910,0.1098,-0.0474,0.1196,-2.121,2.0800,3.3549,-2.143,-1.5717,1.7339,-63.767,5.224,-0.6772,326.639,1.3908,0.0076,0.0361,4.7216,4.9959,5.2582,nan,5.7822,5.8994,0.2336,-0.0771,1.9807,0.0165,-0.0024,-0.0681,6.3967,0.0482,5.1559,0.1750
78.200,321.257,0.6933,5.0011,-65.918,0.6956,4.8433,-68.386,0.1450,-0.0623,0.1578,-2.467,2.0669,3.3406,-2.455,-1.4344,1.4426,-65.931,5.403,-0.6553,326.950,1.3864,0.0051,0.0412,8.0470,5.2496,5.5499,nan,5.9296,6.0844,0.2410,-0.0752,1.9807,0.0182,-0.0071,-0.1198,6.6965,0.0626,4.1313,0.1750
78.250,321.536,0.8038,4.7444,-67.824,0.7939,4.5667,-70.303,0.1608,-0.0762,0.1780,-2.479,2.0669,3.3406,-2.455,-1.3243,1.1705,-67.848,5.540,-0.6590,327.243,1.3914,0.0046,0.0479,10.3767,5.4385,5.6309,nan,6.0582,6.2520,0.2476,-0.0671,1.9807,0.0008,-0.0049,-0.1421,6.9964,0.0800,3.4757,0.1750
78.300,321.536,0.8038,4.7444,-67.824,0.7844,4.5898,-70.517,0.1358,-0.0763,0.1558,-2.692,2.0528,3.3590,-2.668,-1.3243,1.1705,-67.848,5.540,-0.6590,327.243,1.3914,0.0046,0.0537,11.6447,5.5803,5.7314,nan,6.2405,6.2010,0.2456,-0.0579,1.9807,-0.0097,-0.0107,-0.1651,7.1963,0.0800,1.9723,0.1750
78.350,321.834,0.9122,4.4669,-69.809,0.8825,4.2985,-71.544,0.1478,-0.0860,0.1710,-1.735,2.0702,3.3947,-1.636,-1.2131,0.8695,-69.908,5.694,-0.6217,327.558,1.3958,0.0052,0.0452,8.7163,5.6355,5.7286,nan,6.3310,6.4632,0.2560,-0.0690,2.0314,0.0016,0.0231,-0.1238,7.4961,0.0800,3.7554,0.1750
78.400,322.152,1.0179,4.1669,-71.691,0.9811,3.9876,-73.729,0.1586,-0.0913,0.1830,-2.039,2.0751,3.3806,-1.948,-1.1141,0.5695,-71.781,5.854,-0.5686,327.893,1.4022,0.0054,0.0490,9.1620,5.8291,6.0595,nan,6.4931,6.6739,0.2643,-0.0689,2.0576,0.0124,0.0272,-0.1032,7.7960,0.0669,1.7959,0.1750
78.450,322.482,1.1176,3.8522,-73.412,1.0766,3.6780,-74.695,0.1553,-0.0891,0.1790,-1.283,2.0854,3.4213,-1.225,-1.0141,0.2350,-73.470,5.935,-0.5989,328.235,1.4082,0.0089,0.0524,5.8578,6.0201,6.2620,nan,6.6415,6.7470,0.2672,-0.0779,2.0895,0.0380,0.0458,-0.0788,8.1958,0.0376,3.0983,0.1750
78.500,322.777,1.1980,3.5692,-75.209,1.1603,3.3575,-76.583,0.1950,-0.0905,0.2150,-1.373,2.0931,3.4102,-1.463,-0.9312,-0.0765,-75.120,6.060,-0.6472,328.544,1.4154,0.0083,0.0490,5.9333,6.1031,6.2329,nan,6.7496,6.8582,0.2716,-0.0702,2.0932,0.0473,0.0272,-0.0649,8.4956,0.0381,3.1029,0.1750
78.550,323.115,1.2795,3.2410,-77.293,1.2329,3.0095,-78.645,0.2156,-0.0964,0.2361,-1.351,2.0941,3.4133,-1.306,-0.8518,-0.4233,-77.339,6.221,-0.7233,328.902,1.4239,0.0070,0.0518,7.4347,6.1627,6.2781,nan,6.8565,7.0265,0.2783,-0.0626,2.0932,0.0500,0.0125,-0.0717,8.7955,0.0594,2.6907,0.1750
78.600,323.505,1.3579,2.8588,-79.977,1.2967,2.6523,-80.682,0.1927,-0.0962,0.2154,-0.705,2.0899,3.4442,-0.842,-0.7814,-0.8034,-79.841,6.355,-0.7181,329.311,1.4307,0.0147,0.0573,3.9055,6.3570,6.6354,nan,6.9991,7.1591,0.2835,-0.0498,2.0943,0.0428,-0.0034,-0.0752,9.0953,0.0546,2.6183,0.1750
78.650,323.864,1.4149,2.5039,-82.195,1.3582,2.2263,-82.138,0.2673,-0.0939,0.2833,0.057,2.0817,3.4349,0.216,-0.7281,-1.2059,-82.354,6.473,-0.6639,329.687,1.4515,0.0186,0.0567,3.0561,6.4656,6.6354,nan,7.0000,7.0853,0.2806,-0.0459,2.1011,0.0519,-0.0022,-0.0701,9.4951,0.0287,2.6183,0.1750
78.700,324.270,1.4632,2.1008,-84.466,1.3971,1.8456,-84.245,0.2476,-0.0904,0.2636,0.221,2.0817,3.4349,0.216,-0.6906,-1.5867,-84.460,6.610,-0.5540,330.112,1.4533,0.0284,0.0615,2.1626,6.4543,6.5363,nan,7.0000,7.0938,0.2809,-0.0537,2.1079,0.0712,0.0094,-0.0652,9.7949,0.0316,2.8010,0.1750
78.750,324.644,1.4951,1.7289,-86.005,1.4322,1.4375,-86.045,0.2863,-0.0831,0.2981,-0.040,2.0905,3.4502,0.139,-0.6632,-2.0111,-86.184,6.710,-0.4861,330.501,1.4773,0.0293,0.0756,2.5788,6.6980,7.1759,nan,7.0000,6.9031,0.2734,-0.0511,2.1199,0.0789,0.0103,-0.0563,10.1947,-0.0315,2.3154,0.1750
78.800,324.644,1.4951,1.7289,-86.005,1.4418,1.4697,-85.860,0.2549,-0.0712,0.2647,0.145,2.0936,3.4845,0.324,-0.6632,-2.0111,-86.184,6.710,-0.4861,330.501,1.4773,0.0242,0.0584,2.4121,6.8820,7.1888,nan,7.0000,6.7582,0.2677,-0.0538,2.1290,0.0939,0.0114,-0.0497,10.4946,-0.0765,1.2890,0.1750
78.850,325.021,1.5167,1.3520,-87.790,1.4537,1.1134,-88.647,0.2360,-0.0721,0.2468,-0.857,2.1449,3.5112,-1.091,-0.6454,-2.4105,-87.555,6.760,-0.5392,330.889,1.4898,0.0151,0.0718,4.7450,6.8839,6.9864,nan,7.0000,6.7541,0.2675,-0.0170,2.1378,0.0612,-0.0328,-0.0433,10.7944,-0.0778,-0.8750,0.1750
78.900,325.399,1.5267,0.9748,-89.507,1.4551,0.7975,-90.540,0.1767,-0.0731,0.1912,-1.033,2.1502,3.5663,-1.058,-0.6438,-2.7812,-89.481,6.719,-0.5492,331.268,1.4949,0.0183,0.0737,4.0160,6.8510,6.9311,nan,7.0000,6.7783,0.2684,-0.0016,2.1456,0.0482,-0.0484,-0.0378,11.0943,-0.0704,-1.5625,0.1750
78.950,325.759,1.5255,0.6139,-91.201,1.4507,0.3900,-91.877,0.2254,-0.0701,0.2361,-0.676,2.1342,3.5596,-0.560,-0.6525,-3.1761,-91.317,6.652,-0.3377,331.627,1.5157,0.0130,0.0743,5.7093,6.4867,6.2846,nan,7.0000,7.0547,0.2794,-0.0049,2.1540,0.0475,-0.0373,-0.0318,11.3941,0.0183,-1.0473,0.1750
79.000,326.137,1.5158,0.2364,-91.785,1.4277,0.0922,-93.420,0.1469,-0.0836,0.1690,-1.636,2.1640,3.5723,-1.122,-0.6681,-3.4939,-92.299,6.603,-0.0766,332.005,1.4972,0.0117,0.0878,7.4783,6.5465,6.6776,nan,7.0000,7.0129,0.2777,-0.0053,2.1587,0.0329,-0.0262,-0.0285,11.6940,0.0043,-0.4545,0.1750
79.050,326.493,1.5043,-0.1195,-91.859,1.4107,-0.3104,-93.403,0.1939,-0.0874,0.2126,-1.544,2.1852,3.5704,-1.366,-0.6818,-3.8981,-92.037,6.585,-0.0266,332.364,1.5183,0.0138,0.0912,6.6074,6.3093,6.2686,nan,7.0000,7.1962,0.2850,-0.0047,2.1652,0.0258,-0.0196,-0.0239,11.9938,0.0674,1.3042,0.1750
79.100,326.858,1.4920,-0.4844,-92.000,1.4031,-0.6302,-93.131,0.1488,-0.0837,0.1707,-1.131,2.1823,3.5653,-1.190,-0.6918,-4.2108,-91.941,6.677,-0.0497,332.742,1.4956,0.0196,0.0884,4.5110,6.2254,6.2686,nan,7.0000,7.1873,0.2846,-0.0054,2.1712,0.0259,-0.0147,-0.0197,12.2937,0.0800,1.3042,0.1750
79.150,327.247,1.4778,-0.8730,-92.177,1.3899,-1.0621,-92.483,0.1923,-0.0807,0.2085,-0.306,2.1244,3.5906,-0.319,-0.7086,-4.6567,-92.164,6.733,-0.0508,333.143,1.5206,0.0203,0.0809,3.9808,6.4835,7.0276,nan,7.0000,7.0722,0.2801,-0.0064,2.1787,0.0317,-0.0099,-0.0145,12.6935,0.0242,1.2859,0.1750
79.200,327.247,1.4778,-0.8730,-92.177,1.3899,-1.0621,-92.483,0.1923,-0.0807,0.2085,-0.306,2.1244,3.5906,-0.319,-0.7086,-4.6567,-92.164,6.733,-0.0508,333.143,1.5206,0.0203,0.0809,3.9808,6.6872,7.0184,nan,7.0000,6.9247,0.2742,-0.0187,2.1839,0.0511,0.0074,-0.0100,13.0933,-0.0246,2.0829,0.1750
79.250,327.668,1.4613,-1.2936,-92.355,1.3891,-1.4191,-92.740,0.1283,-0.0670,0.1448,-0.385,2.1492,3.6477,-0.389,-0.7257,-5.0718,-92.350,6.827,-0.0571,333.579,1.5189,0.0226,0.0758,3.3460,6.8995,7.2770,nan,7.0000,6.7693,0.2681,-0.0187,2.1805,0.0676,0.0057,-0.0070,13.3931,-0.0731,0.1251,0.1750
79.300,328.051,1.4450,-1.6758,-92.570,1.3853,-1.7624,-92.981,0.0892,-0.0557,0.1052,-0.411,2.1721,3.7257,-0.443,-0.7444,-5.4941,-92.538,6.825,-0.1580,333.966,1.5379,0.0307,0.0779,2.5341,6.8602,6.9369,nan,7.0000,7.1062,0.2814,-0.0137,2.1785,0.0775,-0.0062,-0.0045,13.6929,0.0359,-1.1673,0.1750
79.350,328.418,1.4270,-2.0425,-93.187,1.3719,-2.0772,-94.128,0.0377,-0.0530,0.0651,-0.941,2.2423,3.7783,-1.041,-0.7639,-5.8703,-93.087,6.771,-0.1988,334.332,1.5434,0.0287,0.0879,3.0582,6.5434,6.4189,nan,7.0000,7.0668,0.2799,0.0019,2.1785,0.0699,-0.0291,-0.0019,13.8928,0.0800,-1.8804,0.1750
79.400,328.801,1.4040,-2.4252,-93.825,1.3597,-2.4025,-93.904,-0.0197,-0.0458,0.0498,-0.079,2.1554,3.7911,-0.086,-0.7864,-6.1947,-93.818,6.700,-0.1614,334.714,1.5186,0.0244,0.0677,2.7731,6.6878,6.9131,nan,7.0000,7.2228,0.2861,-0.0042,2.1785,0.0819,-0.0203,0.0040,14.2926,0.0800,1.5236,0.1750
79.450,329.172,1.3782,-2.7949,-94.259,1.3375,-2.7740,-94.014,-0.0178,-0.0422,0.0458,0.246,2.1189,3.8180,0.303,-0.8163,-6.5878,-94.317,6.764,-0.0462,335.096,1.5318,0.0197,0.0527,2.6699,6.8733,7.1826,nan,7.0000,7.0963,0.2810,-0.0088,2.1785,0.0852,-0.0127,0.0030,14.5925,0.0324,0.6946,0.1750
79.500,329.545,1.3504,-3.1669,-94.223,1.3138,-3.1501,-94.496,-0.0141,-0.0378,0.0403,-0.273,2.1735,3.8525,-0.088,-0.8490,-7.0039,-94.408,6.799,-0.0187,335.478,1.5550,0.0194,0.0537,2.7686,6.7687,6.8104,nan,7.0000,7.1758,0.2842,-0.0089,2.1544,0.0830,-0.0117,0.0081,14.8923,0.0602,1.6721,0.1750
79.550,329.928,1.3218,-3.5489,-94.356,1.2907,-3.4974,-94.949,-0.0490,-0.0349,0.0602,-0.593,2.2527,3.8776,-0.662,-0.8767,-7.3856,-94.287,6.868,-0.0756,335.873,1.5540,0.0198,0.0618,3.1157,6.7341,6.8104,nan,7.0000,7.2021,0.2852,-0.0028,2.1193,0.0775,-0.0222,0.0105,15.1922,0.0695,1.6721,0.1750
79.600,330.354,1.2885,-3.9734,-94.693,1.2552,-3.8836,-95.276,-0.0868,-0.0406,0.0958,-0.583,2.2527,3.8776,-0.662,-0.9077,-7.7722,-94.614,6.869,-0.0593,336.305,1.5358,0.0221,0.0656,2.9663,6.6296,6.6694,nan,7.0000,7.1600,0.2836,0.0107,2.0971,0.0617,-0.0440,0.0115,15.4920,0.0800,-0.0467,0.1750
79.651,330.354,1.2885,-3.9734,-94.693,1.2709,-3.8574,-94.775,-0.1142,-0.0270,0.1173,-0.082,2.2005,3.9122,-0.161,-0.9077,-7.7722,-94.614,6.869,-0.0593,336.305,1.5358,0.0221,0.0468,2.1134,6.8568,7.2809,nan,6.6340,6.4679,0.2562,0.0040,2.0665,0.0610,-0.0440,0.0126,15.8918,-0.0562,0.8132,0.1750
79.700,330.733,1.2572,-4.3510,-94.777,1.2368,-4.2547,-94.613,-0.0943,-0.0283,0.0984,0.164,2.1439,3.9556,0.267,-0.9454,-8.2060,-94.880,6.903,0.0487,336.693,1.5659,0.0223,0.0422,1.8963,6.9245,7.0791,nan,6.3506,6.3445,0.2513,-0.0115,2.0208,0.0575,-0.0313,0.0139,16.1917,0.0800,0.2742,0.1750
79.750,331.120,1.2258,-4.7367,-94.437,1.2178,-4.5988,-94.559,-0.1369,-0.0186,0.1382,-0.122,2.1840,3.9810,0.066,-0.9760,-8.5786,-94.625,6.895,0.0755,337.085,1.5593,0.0192,0.0460,2.3923,7.0108,7.1878,nan,6.0667,6.1471,0.2434,-0.0251,1.9821,0.0566,-0.0301,-0.0012,16.5914,0.0312,-5.5796,0.1750
79.800,331.445,1.2009,-5.0610,-94.305,1.2044,-5.0365,-93.502,-0.0247,0.0017,0.0248,0.803,2.0980,3.9440,0.703,-1.0037,-8.9689,-94.205,6.676,0.0420,337.392,1.5918,0.0189,0.0143,0.7579,6.5710,5.7558,nan,5.8828,5.9627,0.2361,-0.0471,1.9642,0.0709,-0.0184,-0.0141,16.7913,0.0800,-3.6212,0.1750
79.850,331.858,1.1690,-5.4726,-94.699,1.1754,-5.3833,-93.393,-0.0895,-0.0010,0.0895,1.306,2.0748,3.8648,0.768,-1.0232,-9.2352,-94.161,6.443,-0.1871,337.786,1.5175,0.0193,0.0168,0.8733,6.5182,6.5803,nan,5.5429,5.5997,0.2218,-0.0507,1.9289,0.0451,-0.0281,-0.0455,17.2911,0.0240,-4.5462,0.1750
79.900,332.219,1.1375,-5.8322,-95.504,1.1428,-5.8256,-94.132,-0.0070,0.0046,0.0084,1.371,2.0097,3.8365,1.154,-1.0614,-9.6427,-95.286,6.236,-0.3557,338.131,1.5432,0.0224,0.0192,0.8549,6.3189,6.3047,nan,5.2271,5.1954,0.2058,-0.0632,1.9181,0.0345,-0.0291,-0.0709,17.5909,-0.0140,-4.4579,0.1750
79.950,332.550,1.1027,-6.1618,-96.884,1.0987,-6.2175,-96.293,0.0557,0.0027,0.0558,0.591,2.1399,3.7622,0.337,-1.0999,-9.9734,-96.631,6.037,-0.4674,338.448,1.5470,0.0171,0.0162,0.9494,5.9460,5.7371,nan,5.0739,5.1857,0.2054,-0.0721,1.8575,0.0252,-0.0298,-0.0822,17.8908,0.0526,-6.0698,0.1750
80.000,332.874,1.0606,-6.4834,-98.372,1.0470,-6.5893,-98.398,0.1067,0.0020,0.1068,-0.026,2.1828,3.6862,0.057,-1.1459,-10.2744,-98.455,5.773,-0.5177,338.752,1.5420,0.0190,0.0213,1.1218,5.7494,5.7371,nan,4.9243,4.9936,0.1978,-0.0619,1.8118,-0.0083,-0.0460,-0.1082,18.1906,0.0332,-6.0698,0.1750
80.050,332.874,1.0606,-6.4834,-98.372,1.0470,-6.5893,-98.398,0.1067,0.0020,0.1068,-0.026,2.1828,3.6862,0.057,-1.1459,-10.2744,-98.455,5.773,-0.5177,338.752,1.5420,0.0190,0.0213,1.1218,5.3828,5.2000,nan,4.7689,4.9053,0.1943,-0.0707,1.7867,-0.0252,-0.0545,-0.1323,18.3905,0.0800,-7.5520,0.1750
80.100,333.226,1.0046,-6.8303,-100.350,0.9963,-6.8969,-99.913,0.0670,0.0038,0.0671,0.437,2.1349,3.6737,0.323,-1.1981,-10.5640,-100.236,5.413,-0.5234,339.076,1.5159,0.0244,0.0231,0.9489,5.1944,5.1868,nan,4.5117,4.5809,0.1814,-0.0866,1.7532,-0.0365,-0.0360,-0.1513,18.6904,0.0363,-6.1376,0.1750
80.150,333.516,0.9492,-7.1152,-101.947,0.9408,-7.1538,-101.615,0.0395,-0.0002,0.0395,0.332,2.1397,3.6800,0.302,-1.2561,-10.8273,-101.918,5.162,-0.4985,339.349,1.5102,0.0270,0.0269,0.9945,5.1738,5.2227,nan,4.3597,4.2760,0.1693,-0.1105,1.7123,-0.0474,-0.0106,-0.1791,18.9902,-0.0434,-3.3297,0.1750
80.200,333.809,0.8847,-7.4015,-103.806,0.8798,-7.3996,-102.869,-0.0007,-0.0052,0.0052,0.937,2.0692,3.7335,0.702,-1.3258,-11.1177,-103.571,4.957,-0.6230,339.629,1.5165,0.0147,0.0174,1.1855,4.9578,4.9373,nan,4.2892,4.2918,0.1700,-0.1106,1.6997,-0.0618,-0.0067,-0.1927,19.1901,0.0014,-6.2666,0.1750
80.250,334.075,0.8176,-7.6581,-105.880,0.8069,-7.6615,-104.989,0.0062,-0.0093,0.0112,0.891,2.0544,3.7130,0.743,-1.3949,-11.3574,-105.732,4.694,-0.7378,339.877,1.5123,0.0153,0.0202,1.3180,4.6667,4.6006,nan,4.2220,4.3402,0.1719,-0.1282,1.6997,-0.0682,-0.0095,-0.2090,19.3900,0.0800,-6.8338,0.1750
80.301,334.320,0.7463,-7.8930,-108.301,0.7406,-7.9187,-107.081,0.0262,0.0026,0.0263,1.220,1.9702,3.6946,1.168,-1.4661,-11.5859,-108.249,4.428,-0.7665,340.106,1.5099,0.0195,0.0169,0.8679,4.2845,4.0988,nan,4.0971,3.9103,0.1549,-0.1495,1.6997,-0.0649,-0.0006,-0.2058,19.5899,0.0800,-3.2251,0.1750
80.350,334.564,0.6655,-8.1234,-110.724,0.6757,-8.1187,-109.382,-0.0080,0.0079,0.0112,1.342,1.9371,3.6845,1.345,-1.5381,-11.7703,-110.727,4.302,-0.7932,340.344,1.4859,0.0265,0.0133,0.5014,4.2732,4.3083,nan,3.9778,3.9066,0.1547,-0.1789,1.6638,-0.0604,0.0043,-0.2193,19.7898,0.0800,-1.3226,0.1750
80.400,334.800,0.5778,-8.3420,-113.424,0.5849,-8.3470,-112.267,0.0018,0.0085,0.0087,1.157,2.0218,3.6760,0.944,-1.6347,-11.9978,-113.210,4.239,-0.9137,340.577,1.4973,0.0082,0.0076,0.9260,4.2341,4.2636,nan,3.8595,3.9642,0.1570,-0.1924,1.5252,-0.0583,0.0065,-0.2588,19.9897,0.0800,-5.9962,0.1750
80.450,335.030,0.4815,-8.5510,-116.505,0.4794,-8.5950,-115.705,0.0403,0.0178,0.0440,0.800,2.0681,3.6405,0.719,-1.7422,-12.2146,-116.425,4.007,-1.0478,340.795,1.5104,0.0116,0.0091,0.7870,4.2282,4.2636,nan,3.7429,3.7672,0.1492,-0.2052,1.4761,-0.0672,0.0026,-0.2906,20.1896,0.0140,-5.9962,0.1750
80.500,335.251,0.3777,-8.7459,-120.042,0.3909,-8.7507,-118.978,-0.0024,0.0139,0.0141,1.064,2.0362,3.6514,0.886,-1.8368,-12.3752,-119.864,3.883,-1.1757,341.010,1.4906,0.0179,0.0075,0.4186,3.8931,3.8031,nan,3.6925,3.7583,0.1488,-0.2027,1.4367,-0.0662,-0.0026,-0.3198,20.3895,0.0800,-3.3416,0.1750
80.550,335.460,0.2675,-8.9241,-120.042,0.3909,-8.7507,-118.978,-0.2119,0.0200,0.2128,1.064,2.0362,3.6514,0.886,-1.8368,-12.3752,-119.864,3.883,-1.1757,341.215,1.3365,0.0848,0.0075,0.0884,3.8370,3.8597,nan,3.6009,3.7353,0.1479,-0.2095,1.3566,-0.0744,-0.0025,-0.3452,20.5894,0.0800,-3.8583,0.1750
80.600,335.460,0.2675,-8.9241,-123.879,0.2788,-8.9349,-123.087,0.0027,0.0154,0.0156,0.792,2.0583,3.6548,0.831,-1.9618,-12.5625,-123.917,3.754,-1.1931,341.215,1.5075,0.0270,0.0130,0.4792,3.6000,3.5765,nan,3.4743,3.5142,0.1392,-0.1820,1.1950,-0.0807,0.0075,-0.3673,20.7893,0.0800,-1.6686,0.1750
80.650,335.691,0.1327,-9.1113,-128.082,0.1486,-9.0968,-128.140,-0.0212,0.0036,0.0215,-0.058,2.2441,3.6254,-0.031,-2.0885,-12.7234,-128.109,3.693,-1.1965,341.444,1.4916,0.0088,0.0048,0.5445,3.6700,3.7147,nan,3.2944,3.3038,0.1308,-0.1162,0.8550,-0.0979,0.0089,-0.3925,20.9892,0.0055,-1.2140,0.1750
80.700,335.897,0.0010,-9.2693,-131.902,0.0097,-9.2434,-131.391,-0.0251,-0.0108,0.0273,0.510,2.1276,3.6593,0.511,-2.2329,-12.8832,-131.902,3.652,-1.0942,341.649,1.5042,0.0145,0.0120,0.8248,3.6586,3.6865,nan,3.1824,3.0905,0.1224,-0.1568,0.8550,-0.1067,0.0068,-0.4060,21.0891,-0.0532,-3.2488,0.1750
80.750,336.094,-0.1342,-9.4124,-135.112,-0.1251,-9.3750,-134.463,-0.0328,-0.0201,0.0384,0.649,2.0403,3.6883,0.938,-2.3789,-13.0262,-135.401,3.521,-0.9485,341.840,1.5145,0.0214,0.0195,0.9122,3.4496,3.4348,nan,3.0643,2.9937,0.1186,-0.2027,0.8550,-0.0970,0.0600,-0.4387,21.2890,-0.0409,-2.1913,0.1750
80.800,336.286,-0.2727,-9.5455,-137.148,-0.2467,-9.5035,-137.349,-0.0476,-0.0131,0.0494,-0.201,2.0734,3.6813,0.799,-2.5038,-13.1511,-138.148,3.352,-0.6451,342.023,1.4991,0.0282,0.0180,0.6392,3.2937,3.2935,nan,2.8755,2.7968,0.1108,-0.3214,0.8550,-0.0835,0.0950,-0.4392,21.3890,-0.0456,-5.6655,0.1750
80.850,336.467,-0.4079,-9.6660,-139.644,-0.3783,-9.6109,-138.689,-0.0583,-0.0228,0.0626,0.955,2.1448,3.6741,0.472,-2.6324,-13.2637,-139.161,3.145,-0.8097,342.195,1.4904,0.0036,0.0074,2.0811,3.2706,3.2935,nan,2.8634,2.9090,0.1152,-0.3990,0.8550,-0.0606,0.1478,-0.4365,21.5889,0.0264,-5.6655,0.1750
80.900,336.641,-0.5438,-9.7758,-142.791,-0.5128,-9.7235,-141.419,-0.0563,-0.0229,0.0608,1.373,2.0784,3.6723,0.727,-2.7609,-13.3619,-142.145,2.998,-1.0737,342.364,1.4800,0.0080,0.0056,0.6949,3.1440,3.1491,nan,2.8838,2.8613,0.1133,-0.4308,0.8550,-0.0600,0.1686,-0.4263,21.7888,0.0800,-3.8468,0.1750
80.950,336.799,-0.6723,-9.8669,-147.428,-0.6527,-9.8130,-145.561,-0.0455,-0.0349,0.0574,1.867,2.0909,3.6830,0.707,-2.9099,-13.4612,-146.268,2.850,-1.7971,342.518,1.5020,0.0133,0.0138,1.0386,3.1392,3.1638,nan,3.0488,2.8180,0.1116,-0.4320,0.8550,-0.0373,0.1346,-0.4344,21.8887,0.0800,-3.6145,0.1750
81.000,336.953,-0.8058,-9.9434,-153.372,-0.7682,-9.8688,-152.456,-0.0670,-0.0498,0.0835,0.916,2.0909,3.6830,0.707,-3.0261,-13.5155,-153.163,2.765,-1.8808,342.673,1.4791,0.0182,0.0329,1.8093,2.8208,2.7294,nan,3.0488,3.1408,0.1244,-0.3427,0.8550,-0.0614,0.0296,-0.4809,21.9887,0.0800,-3.1147,0.1750
81.050,336.953,-0.8058,-9.9434,-153.372,-0.7631,-9.8655,-151.582,-0.0731,-0.0505,0.0889,1.789,1.8890,3.7284,1.581,-3.0261,-13.5155,-153.163,2.765,-1.8808,342.673,1.4791,0.0182,0.0261,1.4344,2.7610,2.7746,nan,3.1084,3.0810,0.1220,-0.3425,0.8550,-0.0656,0.0564,-0.6602,22.1886,0.0800,-1.7388,0.1750
81.100,337.106,-0.9463,-10.0054,-159.336,-0.9234,-9.9373,-158.463,-0.0455,-0.0557,0.0719,0.872,1.9783,3.6986,1.172,-3.1799,-13.5736,-159.635,2.743,-1.6628,342.829,1.4908,0.0009,0.0247,26.7278,2.6945,2.7065,nan,3.1620,3.0145,0.1194,-0.3561,0.8550,-0.0607,0.0491,-0.7318,22.2885,0.0800,4.5028,0.1750
81.150,337.265,-1.0973,-10.0553,-164.253,-1.0694,-9.9865,-163.289,-0.0455,-0.0587,0.0743,0.965,1.9071,3.7060,1.463,-3.3250,-13.6120,-164.751,2.902,-1.5574,342.998,1.4819,0.0052,0.0243,4.6881,2.8947,2.9851,nan,3.2704,3.3291,0.1318,-0.4269,0.9941,-0.0397,0.1245,-0.5919,22.4884,0.0339,0.7708,0.1750
81.200,337.432,-1.2596,-10.0938,-169.397,-1.2396,-10.0286,-167.239,-0.0316,-0.0604,0.0682,2.158,1.8393,3.7185,1.743,-3.4955,-13.6471,-168.981,2.936,-1.6253,343.169,1.4890,0.0135,0.0221,1.6303,3.1156,3.2258,nan,3.3549,3.2547,0.1289,-0.4187,1.2353,-0.0208,0.1548,-0.5778,22.6883,-0.0580,-1.2634,0.1750
81.250,337.593,-1.4186,-10.1167,-174.548,-1.4251,-10.0554,-173.109,0.0006,-0.0617,0.0617,1.439,1.9182,3.6993,1.432,-3.6860,-13.6668,-174.541,2.926,-1.6967,343.333,1.5185,0.0190,0.0248,1.3068,2.9795,2.9810,nan,3.3911,3.4698,0.1374,-0.4013,1.1893,-0.0127,0.1188,-0.5640,22.7882,0.0456,2.5942,0.1750
81.300,337.760,-1.5857,-10.1246,179.237,-1.5729,-10.0567,-178.182,-0.0119,-0.0680,0.0691,2.582,1.8499,3.7183,1.730,-3.8370,-13.6654,-179.911,3.036,-2.0077,343.514,1.5006,0.0289,0.0239,0.8265,3.1784,3.2713,nan,3.5305,3.5662,0.1412,-0.3661,1.2988,-0.0045,0.1048,-0.5148,22.9881,0.0207,0.4146,0.1750
81.350,337.925,-1.7503,-10.1142,173.039,-1.7753,-10.0413,173.918,0.0336,-0.0693,0.0771,0.878,1.9485,3.6904,1.331,-4.0417,-13.6415,172.587,3.083,-1.9627,343.686,1.5361,0.0053,0.0224,4.2574,3.2342,3.2713,nan,3.6209,3.6758,0.1456,-0.3602,1.3216,0.0104,0.0609,-0.5062,23.0881,0.0318,0.4146,0.1750
81.400,338.095,-1.9174,-10.0855,166.941,-1.9184,-10.0201,168.781,0.0157,-0.0635,0.0654,1.840,1.8544,3.7148,1.712,-4.1814,-13.6160,167.069,3.197,-1.8782,343.869,1.5103,0.0062,0.0243,3.9266,3.0142,2.9909,nan,3.6209,3.5373,0.1401,-0.3261,1.2410,0.0151,0.0680,-0.5013,23.2880,0.0800,2.2187,0.1750
81.450,338.282,-2.0977,-10.0343,160.903,-2.1208,-9.9542,161.959,0.0480,-0.0682,0.0834,1.057,1.9982,3.6788,1.149,-4.3915,-13.5476,160.810,3.357,-1.7329,344.072,1.5351,0.0107,0.0151,1.4001,3.2801,3.4502,nan,3.6042,3.6368,0.1440,-0.3313,1.3797,0.0309,0.0791,-0.4591,23.4879,0.0189,4.1281,0.1750
81.500,338.468,-2.2701,-9.9660,155.480,-2.3029,-9.8750,156.726,0.0676,-0.0691,0.0967,1.247,1.9982,3.6788,1.149,-4.5720,-13.4649,155.577,3.389,-1.7429,344.262,1.5398,0.0167,0.0201,1.2034,3.4727,3.5668,nan,3.6671,3.5966,0.1424,-0.3106,1.4615,0.0271,0.0812,-0.4324,23.6878,-0.0408,0.6159,0.1750
81.550,338.468,-2.2701,-9.9660,155.480,-2.2861,-9.8784,156.357,0.0509,-0.0731,0.0891,0.877,2.1022,3.6475,0.780,-4.5720,-13.4649,155.577,3.389,-1.7429,344.262,1.5398,0.0167,0.0120,0.7174,3.5275,3.5670,nan,3.7950,3.7832,0.1498,-0.2798,1.4845,0.0192,0.0282,-0.4251,23.7877,-0.0069,0.8741,0.1750
81.600,338.655,-2.4374,-9.8806,149.934,-2.4620,-9.7702,150.293,0.0766,-0.0832,0.1131,0.359,2.1670,3.6347,0.513,-4.7489,-13.3629,149.780,3.442,-1.6891,344.457,1.5455,0.0226,0.0125,0.5540,3.4100,3.4191,nan,3.8531,3.7300,0.1477,-0.2605,1.4351,0.0147,0.0306,-0.4425,23.9876,0.0800,0.0513,0.1750
81.650,338.848,-2.6001,-9.7767,144.593,-2.6238,-9.6672,144.696,0.0828,-0.0755,0.1120,0.103,2.2517,3.6070,0.105,-4.8999,-13.2652,144.591,3.468,-1.5404,344.655,1.5354,0.0059,0.0091,1.5340,3.5287,3.5870,nan,3.9932,3.8534,0.1526,-0.2572,1.4917,0.0238,0.0420,-0.4492,24.1875,0.0800,2.6560,0.1750
81.700,339.021,-2.7372,-9.6720,140.274,-2.7786,-9.5512,140.404,0.1091,-0.0664,0.1277,0.130,2.2027,3.6246,0.307,-5.0518,-13.1490,140.097,3.561,-1.5504,344.836,1.5475,0.0059,0.0122,2.0835,3.5385,3.5689,nan,4.0908,4.2069,0.1666,-0.2414,1.5641,0.0278,0.0518,-0.3645,24.3874,0.0800,0.9619,0.1750
81.750,339.218,-2.8839,-9.5406,135.686,-2.9237,-9.4093,135.615,0.1202,-0.0661,0.1372,-0.071,2.1957,3.6307,0.332,-5.1949,-13.0101,135.283,3.598,-1.4466,345.037,1.5424,0.0078,0.0104,1.3442,3.5607,3.5935,nan,4.1882,4.2911,0.1699,-0.2369,1.5868,0.0292,0.0602,-0.3433,24.5873,0.0800,1.6603,0.1750
81.800,339.418,-3.0219,-9.3957,131.086,-3.0555,-9.2634,131.610,0.1219,-0.0616,0.1365,0.524,2.1770,3.6372,0.407,-5.3240,-12.8631,131.203,3.672,-1.4674,345.244,1.5333,0.0099,0.0143,1.4435,3.7462,3.8400,nan,4.2824,4.3901,0.1739,-0.2244,1.6730,0.0334,0.0545,-0.3456,24.7872,0.0800,0.5949,0.1750
81.850,339.630,-3.1553,-9.2310,126.517,-3.1909,-9.0831,126.969,0.1400,-0.0594,0.1521,0.453,2.1373,3.6533,0.600,-5.4612,-12.6800,126.370,3.877,-1.4362,345.473,1.5334,0.0121,0.0174,1.4357,3.9680,4.0948,nan,4.4099,4.4918,0.1779,-0.2176,1.7974,0.0377,0.0522,-0.3197,24.9871,0.0441,3.1184,0.1750
81.900,339.851,-3.2804,-9.0485,121.862,-3.3175,-8.8932,122.488,0.1515,-0.0505,0.1597,0.626,2.1712,3.6305,0.457,-5.5885,-12.4794,122.030,4.019,-1.4156,345.707,1.5322,0.0064,0.0194,3.0126,4.1813,4.3088,nan,4.4801,4.4417,0.1759,-0.2095,1.8306,0.0477,0.0467,-0.3011,25.1870,-0.0196,2.7304,0.1750
81.950,340.076,-3.3922,-8.8538,117.388,-3.4453,-8.6628,117.687,0.1940,-0.0408,0.1983,0.299,2.1450,3.6384,0.560,-5.7102,-12.2460,117.127,4.137,-1.4119,345.943,1.5356,0.0068,0.0214,3.1365,4.2535,4.3088,nan,4.5434,4.4947,0.1780,-0.1992,1.8471,0.0491,0.0293,-0.2851,25.3869,-0.0245,2.7304,0.1750
82.000,340.319,-3.4961,-8.6337,112.693,-3.5246,-8.4807,113.873,0.1522,-0.0327,0.1557,1.180,2.0887,3.6603,0.824,-5.7873,-12.0591,113.049,4.244,-1.3231,346.198,1.5146,0.0078,0.0256,3.2921,4.0566,4.0497,nan,4.6059,4.7504,0.1881,-0.1847,1.8576,0.0487,0.0210,-0.2750,25.5868,0.0800,2.3586,0.1750
82.050,340.554,-3.5797,-8.4141,108.540,-3.6278,-8.1946,109.255,0.2234,-0.0242,0.2247,0.714,2.0887,3.6603,0.824,-5.8863,-11.7716,108.431,4.310,-1.2668,346.440,1.5194,0.0087,0.0322,3.7143,4.3479,4.7414,nan,4.7281,4.7924,0.1898,-0.1883,1.8639,0.0560,0.0395,-0.2691,25.8867,0.0321,1.2099,0.1750
82.100,340.554,-3.5797,-8.4141,108.540,-3.6223,-8.2094,109.457,0.2076,-0.0247,0.2091,0.917,2.0523,3.6657,1.026,-5.8863,-11.7716,108.431,4.310,-1.2668,346.440,1.5194,0.0087,0.0321,3.6931,4.3162,4.3482,nan,4.7603,4.9025,0.1942,-0.1745,1.8674,0.0500,0.0378,-0.2658,26.0865,0.0720,3.4121,0.1750
82.150,340.791,-3.6483,-8.1873,104.645,-3.6725,-8.0303,106.789,0.1580,-0.0163,0.1588,2.144,1.8293,3.7501,2.134,-5.9366,-11.5674,104.655,4.448,-1.2898,346.690,1.5044,0.0099,0.0366,3.7102,4.5186,4.6587,nan,4.8713,4.9497,0.1960,-0.1780,1.8757,0.0599,0.0435,-0.2580,26.2864,0.0381,2.0054,0.1750
82.200,341.038,-3.7032,-7.9461,100.519,-3.7249,-7.7784,102.609,0.1689,-0.0093,0.1691,2.090,1.8397,3.7298,2.139,-5.9902,-11.2924,100.470,4.545,-1.2602,346.948,1.4986,0.0065,0.0491,7.5888,4.5294,4.5744,nan,4.9646,5.1051,0.2022,-0.1600,1.8840,0.0496,0.0334,-0.2503,26.4863,0.0681,2.2430,0.1750
82.250,341.300,-3.7429,-7.6870,96.428,-3.7534,-7.5448,98.652,0.1425,-0.0055,0.1426,2.224,1.8340,3.7193,2.213,-6.0182,-11.0399,96.439,4.643,-1.2758,347.221,1.4878,0.0063,0.0494,7.8900,4.7174,4.8571,nan,5.1403,5.2737,0.2089,-0.1441,1.8913,0.0516,0.0193,-0.2435,26.6863,0.0622,1.4171,0.1750
82.300,341.553,-3.7635,-7.4352,92.444,-3.7784,-7.2905,94.021,0.1452,0.0087,0.1454,1.576,1.9801,3.6301,1.490,-6.0406,-10.7671,92.530,4.716,-1.2106,347.483,1.4869,0.0057,0.0501,8.7189,4.8209,4.9087,nan,5.2639,5.3915,0.2135,-0.1180,1.9097,0.0362,0.0172,-0.2268,26.9861,0.0580,2.5370,0.1750
82.350,341.825,-3.7671,-7.1630,88.583,-3.7724,-7.0171,89.917,0.1457,0.0089,0.1460,1.334,1.9871,3.6159,1.487,-6.0336,-10.4800,88.430,4.831,-1.1173,347.768,1.4748,0.0083,0.0489,5.8633,4.8681,4.9326,nan,5.4232,5.5972,0.2217,-0.1055,1.9317,0.0314,0.0095,-0.2072,27.1860,0.0775,3.1595,0.1750
82.400,342.095,-3.7533,-6.8937,85.156,-3.7537,-6.7498,86.629,0.1434,0.0125,0.1439,1.473,1.9777,3.6188,1.549,-6.0094,-10.2099,85.080,4.969,-0.9605,348.051,1.4644,0.0057,0.0561,9.7653,5.0529,5.2146,nan,5.5145,5.5332,0.2191,-0.0931,1.9792,0.0265,0.0176,-0.1665,27.4858,0.0079,3.1115,0.1750
82.450,342.372,-3.7237,-6.6181,82.261,-3.7221,-6.4410,83.571,0.1757,0.0222,0.1771,1.311,1.9585,3.6182,1.639,-5.9660,-9.8926,81.932,5.102,-0.8615,348.342,1.4466,0.0046,0.0664,14.5619,5.1290,5.2146,nan,5.6819,5.6846,0.2251,-0.0876,2.0190,0.0243,0.0027,-0.1102,27.6857,0.0011,3.1115,0.1750
82.500,342.673,-3.6767,-6.3207,79.488,-3.6792,-6.2089,81.415,0.1095,0.0229,0.1118,1.927,1.9473,3.6194,1.730,-5.9207,-9.6540,79.685,5.266,-0.7363,348.659,1.4543,0.0063,0.0680,10.7449,4.9523,4.9499,nan,5.7222,5.8792,0.2328,-0.0849,2.0190,0.0225,-0.0049,-0.1162,27.8856,0.0659,3.6658,0.1750
82.550,342.956,-3.6205,-6.0440,77.282,-3.6019,-5.8019,78.777,0.2402,0.0352,0.2428,1.495,1.9473,3.6194,1.730,-5.8312,-9.2495,77.047,5.384,-0.7159,348.954,1.4112,0.0089,0.0798,8.9287,5.1430,6.1214,nan,5.9197,6.0495,0.2396,-0.0912,2.0190,0.0212,0.0133,-0.1331,28.2854,0.0800,2.7198,0.1750
82.600,342.956,-3.6205,-6.0440,77.282,-3.5872,-5.8208,77.050,0.2251,0.0166,0.2257,-0.232,2.2434,3.4291,0.004,-5.8312,-9.2495,77.047,5.384,-0.7159,348.954,1.4112,0.0089,0.0594,6.6434,5.0691,5.1011,nan,5.9561,5.9325,0.2350,-0.0546,2.0193,-0.0168,-0.0208,-0.1336,28.4853,0.0800,3.3907,0.1750
82.650,343.262,-3.5480,-5.7467,74.983,-3.5140,-5.6223,75.428,0.1289,-0.0006,0.1289,0.445,2.1934,3.4547,0.404,-5.7712,-9.0366,75.024,5.534,-0.7655,349.276,1.4289,0.0151,0.0400,2.6601,5.3489,5.8619,nan,6.0919,6.2154,0.2462,-0.0445,2.0258,-0.0392,-0.0159,-0.1283,28.7852,0.0800,3.3746,0.1750
82.700,343.570,-3.4625,-5.4500,72.516,-3.4082,-5.2653,73.120,0.1924,0.0037,0.1925,0.604,2.1848,3.4792,0.488,-5.6673,-8.6966,72.632,5.676,-0.5998,349.600,1.4073,0.0021,0.0322,15.0601,5.6186,6.0642,nan,6.2982,6.5058,0.2577,-0.0430,2.0286,-0.0418,0.0099,-0.1182,29.1850,0.0800,1.0184,0.1750
82.750,343.844,-3.3777,-5.1901,71.170,-3.3039,-4.9480,71.813,0.2529,0.0083,0.2531,0.643,2.1013,3.5478,1.050,-5.5600,-8.3953,70.763,5.710,-0.4833,349.879,1.3828,0.0032,0.0400,12.3386,5.4694,5.4792,nan,6.4017,6.3373,0.2510,-0.0541,2.0286,-0.0269,0.0308,-0.1158,29.3848,0.0800,0.5038,0.1750
82.800,344.168,-3.2700,-4.8845,69.863,-3.2367,-4.7204,70.949,0.1656,0.0252,0.1675,1.086,2.0483,3.5450,1.278,-5.4680,-8.1455,69.671,5.856,-0.3970,350.220,1.4015,0.0030,0.0429,14.4772,5.7438,6.2976,nan,6.5976,6.5523,0.2595,-0.0625,2.0371,0.0034,0.0694,-0.1193,29.7846,0.0800,4.4388,0.1750
82.850,344.496,-3.1542,-4.5777,68.611,-3.0895,-4.3396,69.666,0.2453,0.0266,0.2468,1.056,2.0858,3.5328,1.088,-5.3240,-7.7727,68.578,6.042,-0.4599,350.568,1.3700,0.0041,0.0461,11.1981,5.9385,6.1796,nan,6.7800,6.9936,0.2770,-0.0493,2.1355,0.0121,0.0662,-0.0450,30.0845,0.0800,0.9561,0.1750
82.900,344.848,-3.0219,-4.2517,66.910,-2.9679,-4.0463,68.409,0.2101,0.0309,0.2124,1.499,2.0650,3.5319,1.240,-5.1958,-7.4675,67.168,6.093,-0.5721,350.929,1.3748,0.0068,0.0393,5.8057,6.1868,6.6038,nan,6.9108,7.0199,0.2780,-0.0330,2.1178,0.0197,0.0393,-0.0107,30.3843,0.0373,2.2706,0.1750
82.950,345.180,-2.8877,-3.9480,65.094,-2.7975,-3.6762,66.357,0.2845,0.0327,0.2863,1.263,2.0678,3.5430,1.308,-5.0289,-7.1063,65.049,6.208,-0.5179,351.277,1.3409,0.0080,0.0314,3.9000,6.0912,6.1281,nan,6.9942,7.1934,0.2849,-0.0176,2.1121,0.0181,0.0159,-0.0139,30.5842,0.0800,5.0136,0.1750
83.000,345.528,-2.7376,-3.6340,63.577,-2.6732,-3.3868,65.227,0.2500,0.0523,0.2554,1.650,1.9986,3.5836,1.811,-4.8897,-6.8194,63.416,6.429,-0.3934,351.651,1.3521,0.0027,0.0380,14.1513,6.0637,6.1281,nan,7.0000,7.1382,0.2827,-0.0005,2.1104,0.0242,-0.0002,-0.0192,30.9840,0.0800,5.0136,0.1750
83.050,345.906,-2.5666,-3.2970,62.500,-2.4899,-3.0260,64.399,0.2758,0.0571,0.2816,1.899,1.9820,3.6099,2.060,-4.7076,-6.4709,62.339,6.585,-0.1364,352.049,1.3407,0.0018,0.0263,14.9605,6.2912,6.6435,nan,7.0000,7.1414,0.2828,0.0032,2.1104,0.0405,0.0082,-0.0223,31.3838,0.0481,3.3958,0.1750
83.100,346.265,-2.4003,-2.9783,62.474,-2.3001,-2.6374,64.132,0.3486,0.0687,0.3553,1.658,1.9820,3.6099,2.060,-4.5040,-6.0894,62.072,6.715,0.0211,352.426,1.3042,0.0019,0.0198,10.6939,6.5559,7.2807,nan,7.0000,6.9595,0.2756,0.0033,2.0480,0.0481,0.0212,0.0247,31.8836,-0.0133,3.0857,0.1750
83.150,346.637,-2.2285,-2.6487,62.583,-2.1439,-2.2874,65.604,0.3597,0.0913,0.3711,3.022,1.8831,3.7116,3.065,-4.3419,-5.7752,62.540,6.789,0.0331,352.810,1.3135,0.0027,0.0262,9.7626,6.6856,6.8915,nan,6.5621,6.4683,0.2562,-0.0145,2.0203,0.0792,0.0461,0.0378,32.1834,-0.0325,1.8514,0.1750
83.200,346.637,-2.2285,-2.6487,62.583,-2.1423,-2.2696,65.722,0.3762,0.0980,0.3888,3.140,1.8724,3.7377,3.182,-4.3419,-5.7752,62.540,6.789,0.0331,352.810,1.3135,0.0027,0.0285,10.6387,6.8210,7.0429,nan,6.2158,6.2753,0.2485,-0.0109,1.9916,0.1020,0.0321,0.0579,32.5832,-0.0800,-0.3616,0.1750
83.250,347.010,-2.0569,-2.3177,62.662,-1.9535,-1.8820,64.821,0.4345,0.1083,0.4478,2.159,1.9973,3.6825,2.131,-4.1550,-5.4137,62.690,6.758,-0.0596,353.184,1.2993,0.0080,0.0221,2.7792,6.6281,6.6181,nan,6.0588,6.0348,0.2390,0.0316,1.9734,0.0823,-0.0120,0.0618,32.8830,-0.0091,-4.3177,0.1750
83.300,347.395,-1.8787,-1.9757,62.221,-1.7924,-1.5390,65.357,0.4266,0.1272,0.4452,3.137,1.9430,3.7660,2.884,-3.9977,-5.1103,62.473,6.553,-0.1188,353.553,1.3189,0.0008,0.0210,26.7132,6.5989,6.6750,nan,5.7643,5.9280,0.2348,0.0557,1.9630,0.0748,-0.0360,0.0568,33.2828,0.0683,-4.1239,0.1750
83.350,347.744,-1.7155,-1.6675,61.900,-1.6282,-1.2117,64.300,0.4432,0.1376,0.4641,2.400,1.9837,3.7290,2.458,-3.8204,-4.7812,61.842,6.368,0.0595,353.888,1.3054,0.0007,0.0096,13.7771,6.2318,6.0278,nan,5.6934,5.5964,0.2216,0.0805,1.9615,0.0553,-0.0429,0.0369,33.4827,0.0800,-4.8191,0.1750
83.400,348.088,-1.5551,-1.3632,62.831,-1.5008,-0.9299,64.908,0.4103,0.1495,0.4367,2.077,1.9538,3.7675,2.820,-3.6815,-4.5217,62.088,6.159,0.3985,354.215,1.3261,0.0008,0.0087,10.4484,6.0040,5.9712,nan,5.4830,5.4402,0.2155,0.0740,1.9587,0.0672,-0.0195,0.0913,33.8825,0.0800,-3.9457,0.1750
83.450,348.416,-1.4085,-1.0700,64.459,-1.3790,-0.6387,66.648,0.4019,0.1594,0.4323,2.188,1.9694,3.7471,2.571,-3.5418,-4.2312,64.076,5.990,0.5772,354.531,1.3330,0.0007,0.0125,16.8978,5.8224,5.8186,nan,5.3449,5.3383,0.2114,0.0725,1.8894,0.0737,0.0001,0.1108,34.0824,0.0800,-5.2690,0.1750
83.500,348.750,-1.2694,-0.7665,66.831,-1.2449,-0.2857,68.632,0.4516,0.1667,0.4814,1.800,2.0083,3.7845,2.294,-3.4135,-3.9368,66.338,5.744,0.6934,354.847,1.3439,0.0097,0.0229,2.3559,5.7700,5.8186,nan,5.1189,5.2208,0.2068,0.0887,1.8795,0.0703,-0.0120,0.1328,34.3823,0.0473,-5.2690,0.1750
83.550,349.059,-1.1515,-0.4801,68.881,-1.1464,0.0440,71.447,0.4908,0.1841,0.5242,2.565,2.0080,3.8395,2.400,-3.3106,-3.6600,69.047,5.535,0.6255,355.142,1.3590,0.0052,0.0378,7.3011,5.5725,5.5595,nan,4.8607,4.8671,0.1928,0.0896,1.7968,0.0785,-0.0084,0.1506,34.6821,0.0031,-4.7442,0.1750
83.600,349.343,-1.0527,-0.2143,70.718,-1.0501,0.2641,72.488,0.4524,0.1555,0.4784,1.770,2.0698,3.7801,1.773,-3.2272,-3.4178,70.715,5.371,0.6657,355.415,1.3749,0.0043,0.0160,3.6806,5.3340,5.2977,nan,4.6668,4.6767,0.1852,0.1051,1.7443,0.0838,-0.0297,0.1656,34.9820,0.0050,-3.8226,0.1750
83.650,349.619,-0.9655,0.0479,72.936,-0.9550,0.5039,73.601,0.4390,0.1238,0.4561,0.665,2.1357,3.6916,0.828,-3.1365,-3.1427,72.773,5.073,0.7971,355.670,1.3710,0.0046,0.0098,2.1203,5.3004,5.3475,nan,4.4121,4.2714,0.1692,0.1420,1.7273,0.0407,-0.0569,0.1802,35.2818,-0.0800,-6.8689,0.1750
83.700,349.890,-0.8906,0.3086,75.489,-0.9017,0.7295,76.303,0.4047,0.1162,0.4210,0.815,2.1357,3.6916,0.828,-3.0799,-2.9180,75.475,4.801,0.8533,355.924,1.3906,0.0061,0.0120,1.9804,4.9285,4.7490,nan,4.3292,4.3878,0.1738,0.1501,1.7139,0.0188,-0.0411,0.1794,35.3818,0.0319,-6.4497,0.1750
83.750,349.890,-0.8906,0.3086,75.489,-0.9010,0.7342,76.361,0.4094,0.1167,0.4257,0.872,2.1334,3.6994,0.886,-3.0799,-2.9180,75.475,4.801,0.8533,355.924,1.3906,0.0061,0.0125,2.0567,4.6333,4.5645,nan,4.2345,4.2277,0.1674,0.1544,1.6806,0.0195,-0.0301,0.1805,35.5817,0.0800,-7.4982,0.1750
83.800,350.149,-0.8315,0.5605,78.712,-0.8401,0.9266,78.206,0.3573,0.0801,0.3662,-0.506,2.1916,3.6003,-0.042,-3.0298,-2.6759,78.248,4.479,1.0418,356.162,1.4001,0.0159,0.0100,0.6310,4.3177,4.2381,nan,4.1353,3.8759,0.1535,0.1441,1.6282,0.0059,-0.0135,0.1802,35.7816,0.0800,-2.9229,0.1750
83.850,350.392,-0.7897,0.8000,81.985,-0.8005,1.0876,81.049,0.2833,0.0508,0.2878,-0.936,2.2418,3.5023,-0.931,-3.0026,-2.4639,81.981,4.363,1.0370,356.400,1.4166,0.0169,0.0078,0.4607,4.3162,4.3541,nan,3.9694,3.8468,0.1523,0.1612,1.5974,-0.0092,0.0047,0.1764,35.8815,0.0800,-3.6859,0.1750
83.900,350.632,-0.7621,1.0385,85.276,-0.7664,1.2967,83.534,0.2569,0.0256,0.2582,-1.741,2.2804,3.4259,-1.714,-2.9818,-2.2194,85.248,4.208,0.9539,356.632,1.4229,0.0179,0.0086,0.4787,4.2137,4.2315,nan,3.9144,3.7563,0.1488,0.1801,1.5520,-0.0231,0.0007,0.1838,36.0814,0.0800,-5.8391,0.1750
83.950,350.857,-0.7485,1.2626,88.178,-0.7435,1.4795,86.799,0.2170,0.0019,0.2170,-1.379,2.2797,3.3835,-1.582,-2.9695,-1.9867,88.380,3.981,0.9644,356.844,1.4236,0.0191,0.0061,0.3202,3.8579,3.7394,nan,3.9144,3.9573,0.1567,0.1677,1.4969,-0.0180,0.0281,0.2126,36.1814,0.0249,-3.7592,0.1750
84.000,351.076,-0.7468,1.4814,91.314,-0.7334,1.5803,88.761,0.0985,-0.0156,0.0998,-2.553,2.3171,3.2569,-2.483,-2.9750,-1.8072,91.243,3.842,1.0252,357.057,1.4338,0.0271,0.0082,0.3040,3.8072,3.8305,nan,3.8289,3.8455,0.1523,0.1678,1.4544,-0.0052,0.0349,0.2545,36.3812,0.0096,-3.0800,0.1750
84.051,351.284,-0.7570,1.6894,94.657,-0.7478,1.7695,92.101,0.0790,-0.0156,0.0806,-2.556,2.3170,3.1981,-2.734,-2.9932,-1.5732,94.835,3.751,1.0036,357.261,1.4397,0.0102,0.0162,1.5907,3.8007,3.8305,nan,3.7648,3.4476,0.1365,0.1742,1.4519,-0.0103,0.0456,0.2421,36.4812,0.0800,-3.0800,0.1750
84.100,351.504,-0.7805,1.9077,97.944,-0.7618,1.9019,94.006,-0.0084,-0.0177,0.0196,-3.937,2.3379,3.1325,-3.594,-3.0164,-1.4226,97.601,3.800,1.0041,357.486,1.4459,0.0246,0.0201,0.8164,3.5038,3.4444,nan,3.7648,3.8238,0.1514,0.1474,1.3386,0.0137,0.0630,0.2363,36.5811,0.0800,1.4483,0.1750
84.150,351.705,-0.8132,2.1066,101.030,-0.7874,2.1786,96.511,0.0658,-0.0391,0.0765,-4.518,2.3650,3.0540,-4.707,-3.0700,-1.1311,101.219,3.592,0.8370,357.677,1.4586,0.0326,0.0187,0.5747,3.7574,4.3671,nan,3.4501,3.5628,0.1411,0.1976,1.2674,0.0247,0.0203,0.3349,36.8810,0.0652,-5.6034,0.1750
84.200,351.901,-0.8547,2.2984,103.595,-0.8061,2.2998,98.888,-0.0100,-0.0476,0.0486,-4.707,2.3650,3.0540,-4.707,-3.0985,-1.0118,103.596,3.648,0.8936,357.877,1.4515,0.0348,0.0228,0.6555,3.4413,3.3655,nan,3.4501,3.4569,0.1369,0.2225,1.3147,0.0196,0.0302,0.3349,36.8810,0.0039,1.8860,0.1750
84.250,352.084,-0.9020,2.4753,106.769,-0.8518,2.5323,102.150,0.0401,-0.0645,0.0759,-4.619,2.3524,3.1222,-3.997,-3.1554,-0.8119,106.148,3.543,1.1340,358.056,1.4588,0.0399,0.0231,0.5785,3.6476,3.7554,nan,3.1940,3.1121,0.1233,0.2703,1.2304,0.0231,-0.0208,0.3794,37.1808,-0.0474,-3.0557,0.1750
84.300,352.084,-0.9020,2.4753,106.769,-0.8672,2.5650,103.240,0.0758,-0.0592,0.0962,-3.529,2.3253,3.2157,-2.908,-3.1554,-0.8119,106.148,3.543,1.1340,358.056,1.4588,0.0399,0.0154,0.3856,3.5943,3.6155,nan,3.0405,2.9935,0.1186,0.2624,1.1791,0.0445,0.0017,0.3943,37.3807,-0.0272,-3.2613,0.1750
84.350,352.269,-0.9602,2.6504,110.445,-0.9293,2.7253,107.602,0.0594,-0.0551,0.0810,-2.843,2.3206,3.1990,-2.777,-3.2231,-0.6306,110.379,3.418,1.2448,358.236,1.4677,0.0446,0.0128,0.2861,3.2954,3.2311,nan,3.0405,3.1207,0.1236,0.2164,1.0811,0.0703,0.0325,0.4084,37.4807,0.0800,-6.4443,0.1750
84.400,352.449,-1.0288,2.8171,114.729,-0.9961,2.8521,112.585,0.0181,-0.0443,0.0479,-2.144,2.3121,3.2171,-1.996,-3.2935,-0.4800,114.582,3.171,1.3027,358.406,1.4709,0.0201,0.0160,0.7972,3.0048,2.9425,nan,3.0405,3.0676,0.1215,0.1279,1.0136,0.1041,0.0747,0.4233,37.5806,0.0157,-4.4333,0.1750
84.450,352.631,-1.1105,2.9792,118.951,-1.0637,2.9709,117.347,-0.0299,-0.0370,0.0475,-1.605,2.3083,3.2451,-1.408,-3.3643,-0.3570,118.755,3.023,1.0556,358.582,1.4643,0.0298,0.0038,0.1290,3.1827,3.2635,nan,2.8113,2.9157,0.1155,0.1715,0.9749,0.1198,0.0443,0.4612,37.7805,0.0604,0.7518,0.1750
84.500,352.792,-1.1920,3.1180,121.987,-1.1544,3.1359,120.101,-0.0047,-0.0414,0.0416,-1.886,2.3124,3.1974,-2.124,-3.4622,-0.1899,122.224,3.040,0.7317,358.745,1.4775,0.0319,0.0056,0.1768,3.0153,3.0094,nan,2.6843,2.8036,0.1110,0.2057,0.9236,0.1239,0.0067,0.4888,37.8805,0.0691,-0.2834,0.1750
84.550,352.958,-1.2826,3.2577,123.907,-1.2506,3.3077,122.417,0.0236,-0.0545,0.0594,-1.490,2.3013,3.2482,-1.947,-3.5518,-0.0612,124.364,3.002,0.6803,358.909,1.4777,0.0355,0.0085,0.2390,2.9012,2.9067,nan,2.5251,2.5577,0.1013,0.3529,0.8675,0.1058,-0.0704,0.5630,38.0804,0.0189,-3.1354,0.1750
84.600,353.123,-1.3773,3.3925,126.421,-1.3503,3.4740,124.648,0.0495,-0.0702,0.0859,-1.774,2.2885,3.3226,-1.393,-3.6414,0.0628,126.041,2.893,0.8564,359.069,1.4738,0.0136,0.0154,1.1312,2.9141,2.9397,nan,2.5144,2.5230,0.0999,0.4407,0.8713,0.0917,-0.1465,0.6231,38.2803,0.0050,-3.2615,0.1750
84.650,353.279,-1.4729,3.5158,129.291,-1.4600,3.6209,128.137,0.0731,-0.0766,0.1059,-1.154,2.2851,3.3522,-1.119,-3.7496,0.1955,129.256,2.776,0.9649,359.221,1.4852,0.0178,0.0114,0.6421,2.9159,2.9397,nan,2.4911,2.5387,0.1005,0.4978,0.8719,0.0583,-0.2061,0.5707,38.4802,0.0275,-3.2615,0.1750
84.700,353.435,-1.5758,3.6332,133.835,-1.5448,3.7156,131.221,0.0379,-0.0794,0.0880,-2.614,2.2851,3.3522,-1.119,-3.8362,0.2885,132.340,2.557,1.5350,359.370,1.4720,0.0319,0.0142,0.4445,2.6712,2.6320,nan,2.4911,2.3432,0.0928,0.5878,0.8000,0.0423,-0.1949,0.3563,38.5801,0.0800,-5.6701,0.1750
84.750,353.567,-1.6715,3.7247,139.334,-1.6616,3.8211,137.659,0.0553,-0.0795,0.0969,-1.674,2.2851,3.3522,-1.119,-3.9551,0.3917,138.778,2.441,1.9608,359.503,1.4935,0.0413,0.0142,0.3439,2.6889,2.7134,nan,2.2762,2.2313,0.0884,0.5805,0.8040,0.0384,-0.1135,0.6469,38.6800,-0.0260,-2.8944,0.1750
84.800,353.567,-1.6715,3.7247,139.334,-1.6627,3.8429,138.093,0.0703,-0.0954,0.1186,-1.241,2.2874,3.4039,-0.685,-3.9551,0.3917,138.778,2.441,1.9608,359.503,1.4935,0.0413,0.0148,0.3595,2.4196,2.3628,nan,2.2077,2.0827,0.0825,0.6203,0.8000,0.0298,-0.0527,0.9410,38.7800,-0.0724,-4.8969,0.1750
84.850,353.696,-1.7736,3.8034,145.889,-1.7545,3.9194,144.585,0.0492,-0.1067,0.1175,-1.304,2.2858,3.4030,-0.915,-4.0481,0.4518,145.501,2.269,2.1038,359.630,1.4868,0.0551,0.0168,0.3045,2.3172,2.3199,nan,2.2077,2.1244,0.0841,0.6444,0.8000,0.0186,-0.0268,0.8944,38.8800,-0.0482,-4.3885,0.1750
84.900,353.819,-1.8791,3.8664,152.433,-1.8741,3.9936,152.114,0.0544,-0.1150,0.1273,-0.319,2.2817,3.4607,-0.335,-4.1589,0.5086,152.449,2.132,2.0197,359.752,1.4929,0.0119,0.0093,0.7809,2.2396,2.2461,nan,2.1977,2.2178,0.0878,0.6840,0.8000,0.0088,-0.0938,0.8518,39.0799,0.0800,-4.6131,0.1750
84.950,353.916,-1.9668,3.9070,157.917,-1.9865,4.0526,158.353,0.0730,-0.1275,0.1469,0.436,2.2772,3.4991,-0.065,-4.2644,0.5487,158.418,2.009,1.9942,359.848,1.5106,0.0076,0.0128,1.6735,1.9466,1.8638,nan,2.1977,2.2666,0.0898,0.6843,0.8000,-0.0112,0.0011,0.8518,39.0799,0.0800,-2.0800,0.1750
85.000,354.029,-2.0742,3.9435,164.617,-2.0590,4.0810,163.887,0.0218,-0.1366,0.1383,-0.730,2.2772,3.4991,-0.065,-4.3369,0.5769,163.952,1.983,2.0943,359.966,1.4771,0.0171,0.0111,0.6490,2.1578,2.2445,nan,2.2133,2.2555,0.0893,0.7236,0.8000,-0.0102,-0.0602,1.0097,39.2798,0.0244,-0.3410,0.1750
85.050,354.147,-2.1894,3.9674,172.038,-2.2171,4.1222,170.760,0.0489,-0.1495,0.1573,-1.279,2.2591,3.4541,-0.833,-4.4855,0.6030,171.593,2.011,2.2259,360.093,1.5099,0.0332,0.0332,1.0020,2.1782,2.1987,nan,2.3107,2.4114,0.0955,0.7329,0.8000,-0.0211,-0.0587,1.1867,39.3797,0.0583,0.0646,0.1750
85.100,354.252,-2.2945,3.9760,178.728,-2.3460,4.1462,177.531,0.0553,-0.1690,0.1778,-1.197,2.2425,3.3932,-1.866,-4.6106,0.6032,179.396,2.040,2.2705,360.208,1.5309,0.0341,0.0416,1.2206,2.0068,1.9896,nan,2.3828,2.3268,0.0921,0.7320,0.8000,-0.0173,-0.0733,1.1875,39.4797,0.0800,-1.0375,0.1750
85.150,354.378,-2.4201,3.9698,-172.876,-2.4611,4.1311,-174.418,0.0207,-0.1651,0.1664,-1.542,2.2460,3.4699,-0.855,-4.7165,0.5909,-173.563,2.032,2.4244,360.345,1.5122,0.0100,0.0562,5.6066,1.9779,1.9896,nan,2.4284,2.2979,0.0910,0.7481,0.8000,-0.0474,-0.0994,1.2528,39.5796,0.0800,-1.0375,0.1750
85.200,354.494,-2.5337,3.9479,-164.916,-2.5946,4.1037,-166.401,0.0182,-0.1663,0.1673,-1.484,2.2512,3.4582,-1.061,-4.8569,0.5557,-165.339,2.088,2.5041,360.476,1.5407,0.0200,0.0644,3.2227,2.2051,2.3045,nan,2.5267,2.5727,0.1019,0.7035,0.8000,-0.0468,-0.0612,1.2404,39.6795,0.0800,0.5186,0.1750
85.250,354.610,-2.6433,3.9101,-156.854,-2.7315,4.0497,-157.713,0.0262,-0.1630,0.1651,-0.859,2.2512,3.4582,-1.061,-4.9927,0.4991,-156.652,2.080,2.4298,360.602,1.5696,0.0274,0.0571,2.0850,2.3637,2.4243,nan,2.7397,2.8313,0.1121,0.6805,0.8000,-0.0524,-0.0425,1.0729,39.7795,0.0531,-1.6860,0.1675
85.300,354.610,-2.6433,3.9101,-156.854,-2.7172,4.0502,-157.592,0.0129,-0.1579,0.1584,-0.738,2.2666,3.4692,-0.940,-4.9927,0.4991,-156.652,2.080,2.4298,360.602,1.5696,0.0274,0.0493,1.7998,2.2064,2.1955,nan,2.7397,2.8550,0.1131,0.5943,0.8000,-0.0394,-0.0326,1.0377,39.8794,0.0800,2.9238,0.1675
85.350,354.728,-2.7487,3.8567,-149.067,-2.8089,3.9895,-150.069,-0.0166,-0.1449,0.1458,-1.002,2.2687,3.4641,-0.964,-5.0858,0.4399,-149.105,2.215,2.4922,360.740,1.5583,0.0349,0.0460,1.3199,2.4090,2.4935,nan,2.8783,3.0120,0.1193,0.5810,0.8053,-0.0410,-0.0991,0.8579,40.0793,0.0774,3.4956,0.1675
85.400,354.857,-2.8548,3.7830,-140.871,-2.9319,3.8885,-141.096,-0.0068,-0.1306,0.1307,-0.226,2.2824,3.4936,-0.630,-5.2183,0.3376,-140.467,2.394,2.3646,360.893,1.5894,0.0063,0.0661,10.5352,2.5076,2.5486,nan,2.9308,2.9241,0.1158,0.5107,0.8776,-0.0333,-0.0673,0.7526,40.1793,-0.0039,3.4864,0.1675
85.450,355.010,-2.9664,3.6785,-132.501,-3.0306,3.7800,-133.822,-0.0315,-0.1159,0.1201,-1.320,2.2872,3.4866,-0.703,-5.3210,0.2282,-133.119,2.530,2.3760,361.065,1.5815,0.0204,0.0634,3.1103,2.7974,3.0026,nan,3.0263,2.9613,0.1173,0.4400,0.9915,-0.0317,-0.0753,0.6141,40.3791,-0.0800,2.0246,0.1675
85.500,355.153,-3.0560,3.5677,-124.929,-3.1293,3.6296,-125.588,-0.0087,-0.0955,0.0959,-0.659,2.3049,3.4919,-0.717,-5.4355,0.0696,-124.872,2.651,2.2179,361.225,1.6153,0.0268,0.0623,2.3214,2.8280,2.8560,nan,3.3363,3.4715,0.1375,0.3756,1.0023,-0.0281,-0.0337,0.6710,40.4791,0.0783,2.1340,0.1675
85.550,355.303,-3.1347,3.4396,-118.024,-3.1852,3.4827,-117.309,-0.0143,-0.0649,0.0664,0.715,2.3237,3.5678,0.111,-5.5091,-0.0744,-117.420,2.723,1.9310,361.385,1.6138,0.0082,0.0389,4.7223,2.8325,2.8560,nan,3.4453,3.2083,0.1271,0.3051,1.0039,-0.0179,0.0082,0.7243,40.5791,0.0800,2.1340,0.1675
85.600,355.474,-3.2064,3.2842,-111.271,-3.2389,3.3426,-111.447,-0.0426,-0.0514,0.0668,-0.176,2.3237,3.5678,0.111,-5.5630,-0.2145,-111.559,2.804,1.6885,361.564,1.5931,0.0196,0.0341,1.7384,2.7051,2.7061,nan,3.4453,3.4188,0.1354,0.2198,1.0479,0.0097,-0.0363,0.5357,40.7790,0.0800,1.9909,0.1675
85.650,355.474,-3.2064,3.2842,-111.271,-3.2380,3.3377,-111.028,-0.0384,-0.0489,0.0621,0.243,2.3228,3.6036,0.530,-5.5630,-0.2145,-111.559,2.804,1.6885,361.564,1.5931,0.0196,0.0325,1.6581,2.9465,3.0730,nan,3.7794,3.8010,0.1505,0.1697,1.2139,0.0128,-0.0478,0.4146,40.9789,0.0800,4.5619,0.1675
85.700,355.637,-3.2595,3.1300,-106.817,-3.2904,3.1306,-105.189,0.0084,-0.0298,0.0309,1.628,2.3230,3.5888,0.546,-5.6175,-0.4048,-105.735,3.002,1.1682,361.738,1.6026,0.0237,0.0386,1.6247,3.0267,3.0678,nan,3.9886,3.9123,0.1549,0.1725,1.2867,0.0030,-0.0712,0.3557,41.0788,0.0800,5.0682,0.1675
85.750,355.812,-3.3050,2.9616,-103.419,-3.3154,2.9573,-102.219,0.0066,-0.0091,0.0112,1.200,2.3313,3.6145,0.889,-5.6562,-0.5696,-103.108,3.215,0.9173,361.925,1.5951,0.0106,0.0155,1.4642,3.2554,3.3736,nan,4.2827,4.2132,0.1669,0.1538,1.3495,-0.0015,-0.0947,0.2356,41.2787,0.0800,6.6538,0.1675
85.800,355.997,-3.3438,2.7803,-100.594,-3.3425,2.7473,-99.136,0.0322,0.0073,0.0331,1.459,2.3350,3.6483,1.244,-5.6957,-0.7776,-100.380,3.494,0.9362,362.127,1.6023,0.0132,0.0164,1.2467,3.4271,3.5087,nan,4.3747,4.4395,0.1758,0.1144,1.3785,-0.0161,-0.0837,0.1607,41.4786,0.0800,4.4095,0.1675
85.850,356.198,-3.3759,2.5815,-97.520,-3.3703,2.5278,-96.148,0.0525,0.0126,0.0540,1.372,2.3382,3.6474,1.388,-5.7340,-0.9810,-97.536,3.686,0.9131,362.341,1.6094,0.0167,0.0155,0.9252,3.6421,3.7560,nan,3.8716,3.9772,0.1575,0.0605,1.3140,-0.0221,-0.0656,0.1359,41.6785,-0.0800,5.6009,0.1675
85.900,356.439,-3.4010,2.3417,-94.268,-3.3815,2.2887,-92.501,0.0514,0.0234,0.0565,1.768,2.3296,3.6960,1.866,-5.7538,-1.2206,-94.366,3.946,0.7455,362.599,1.6043,0.0106,0.0097,0.9169,3.8818,4.0270,nan,3.7563,3.6610,0.1450,-0.0203,1.3581,-0.0345,-0.0449,0.1148,41.8784,-0.0552,5.6009,0.1675
85.950,356.663,-3.4135,2.1189,-92.049,-3.3820,2.0199,-90.190,0.0978,0.0350,0.1038,1.859,2.3332,3.6819,1.713,-5.7624,-1.4904,-91.903,4.120,0.4814,362.834,1.6129,0.0119,0.0088,0.7424,4.1274,4.2919,nan,3.3351,3.6672,0.1452,-0.0938,1.2151,-0.0385,-0.0243,-0.0267,42.1782,-0.0800,5.1848,0.1675
86.000,356.886,-3.4191,1.8958,-90.863,-3.3788,1.7802,-88.916,0.1150,0.0420,0.1224,1.947,2.3332,3.6624,1.629,-5.7632,-1.7191,-90.545,3.990,0.2324,363.049,1.6099,0.0142,0.0137,0.9656,4.1938,4.2455,nan,3.1142,3.0021,0.1189,-0.1505,1.1291,-0.0444,-0.0061,-0.1324,42.3782,-0.0800,-2.6653,0.1675
86.050,357.098,-3.4232,1.6834,-92.128,-3.3729,1.5745,-88.485,0.1069,0.0543,0.1199,3.643,2.3332,3.6624,1.629,-5.7631,-1.9249,-90.113,3.744,-0.6344,363.247,1.6040,0.0207,0.0272,1.3118,3.9672,3.9499,nan,2.9980,2.8834,0.1142,-0.2199,1.1145,-0.0497,0.0201,-0.2304,42.5780,-0.0800,-5.5899,0.1675
86.100,357.098,-3.4232,1.6834,-92.128,-3.3784,1.5784,-89.297,0.1032,0.0487,0.1142,2.831,2.3567,3.5852,0.816,-5.7631,-1.9249,-90.113,3.744,-0.6344,363.247,1.6040,0.0207,0.0188,0.9065,3.6242,3.5207,nan,2.9980,3.0631,0.1213,-0.0822,1.0182,-0.0887,-0.0814,-0.2763,42.6780,0.0377,-8.0778,0.1675
86.150,357.295,-3.4340,1.4872,-94.714,-3.3968,1.4306,-93.257,0.0533,0.0417,0.0677,1.456,2.3490,3.6167,0.896,-5.7793,-2.0959,-94.153,3.301,-0.8269,363.416,1.6023,0.0348,0.0112,0.3227,3.2428,3.0417,nan,2.7936,2.9001,0.1149,0.0074,0.9154,-0.1150,-0.1106,-0.3189,42.7779,0.0800,-7.5846,0.1675
86.200,357.467,-3.4522,1.3160,-97.976,-3.4196,1.2905,-96.638,0.0207,0.0358,0.0414,1.339,2.3519,3.6021,0.729,-5.8004,-2.2379,-97.367,3.011,-0.8958,363.575,1.5976,0.0127,0.0136,1.0675,2.9300,2.8463,nan,2.7936,2.6341,0.1043,0.0561,0.8582,-0.1430,-0.1381,-0.3614,42.8779,0.0800,0.0009,0.1675
86.250,357.651,-3.4802,1.1345,-99.360,-3.4547,1.1356,-100.073,-0.0052,0.0250,0.0256,-0.712,2.3392,3.6155,0.893,-5.8318,-2.3893,-100.966,2.986,-0.0371,363.756,1.5938,0.0168,0.0067,0.3996,3.0680,3.1283,nan,2.6838,2.8058,0.1111,-0.1638,0.8619,-0.1484,-0.0010,-0.4308,43.0778,0.0800,-2.2234,0.1675
86.300,357.821,-3.5079,0.9663,-99.234,-3.4839,0.9496,-98.383,0.0127,0.0264,0.0293,0.851,2.3294,3.6478,1.102,-5.8641,-2.5860,-99.485,2.879,0.1419,363.922,1.6050,0.0181,0.0176,0.9736,2.8497,2.8254,nan,2.5462,2.5719,0.1019,-0.2413,0.8006,-0.1430,0.0619,-0.4397,43.1777,0.0800,-5.5478,0.1675
86.350,357.973,-3.5315,0.8158,-98.511,-3.5036,0.8113,-97.841,0.0003,0.0282,0.0282,0.670,2.3360,3.6309,0.941,-5.8852,-2.7233,-98.782,2.705,0.1525,364.066,1.5994,0.0085,0.0082,0.9595,2.6309,2.6036,nan,2.5462,2.3750,0.0941,-0.4398,0.8000,-0.1276,0.1641,-0.5159,43.3777,0.0800,0.9479,0.1675
86.400,358.126,-3.5549,0.6653,-99.967,-3.5224,0.6819,-97.792,-0.0220,0.0292,0.0365,2.174,2.3698,3.5621,0.222,-5.9032,-2.8573,-98.014,2.704,-0.7922,364.219,1.5903,0.0099,0.0266,2.6718,2.5889,2.6036,nan,2.3469,2.4145,0.0956,-0.5965,0.8000,-0.1054,0.2291,-0.5800,43.4776,0.0800,0.9479,0.1675
86.450,358.270,-3.5832,0.5236,-103.038,-3.5609,0.5288,-102.689,-0.0101,0.0205,0.0229,0.350,2.3892,3.5074,-0.254,-5.9369,-3.0050,-102.435,2.561,-1.0606,364.358,1.5969,0.0155,0.0017,0.1103,2.6584,2.6933,nan,2.3363,2.2812,0.0903,-0.5931,0.8000,-0.1049,0.2168,-0.7531,43.6775,-0.0319,-3.9951,0.1675
86.500,358.408,-3.6189,0.3906,-107.804,-3.6003,0.4007,-106.628,-0.0153,0.0147,0.0212,1.177,2.3892,3.5074,-0.254,-5.9756,-3.1333,-106.373,2.373,-1.7138,364.492,1.5988,0.0293,0.0056,0.1895,2.5604,2.5660,nan,2.2630,2.3216,0.0919,-0.6361,0.8000,-0.0965,0.1966,-0.6165,43.7775,0.0340,-4.5422,0.1675
86.550,358.408,-3.6189,0.3906,-107.804,-3.6036,0.4054,-106.663,-0.0188,0.0101,0.0213,1.142,2.3878,3.5085,-0.289,-5.9756,-3.1333,-106.373,2.373,-1.7138,364.492,1.5988,0.0293,0.0078,0.2660,2.4465,2.4480,nan,2.1539,2.2072,0.0874,-0.6353,0.8000,-0.1030,0.1128,-0.5703,43.8774,0.0800,-4.8443,0.1675
86.600,358.540,-3.6652,0.2671,-113.968,-3.6560,0.2891,-113.644,-0.0238,-0.0005,0.0238,0.324,2.3775,3.5471,-0.023,-6.0322,-3.2604,-113.621,2.207,-2.0466,364.623,1.6096,0.0074,0.0049,0.6688,2.2390,2.2120,nan,2.1539,2.1542,0.0853,-0.6083,0.8000,-0.1111,0.0668,-0.8424,43.9773,0.0800,-1.8117,0.1675
86.650,358.653,-3.7167,0.1660,-120.422,-3.7079,0.2071,-119.748,-0.0399,-0.0132,0.0420,0.674,2.3566,3.5950,0.379,-6.0868,-3.3476,-120.128,2.164,-2.2021,364.741,1.6095,0.0097,0.0087,0.9043,2.2336,2.2506,nan,2.1449,2.2056,0.0874,-0.6611,0.8000,-0.1135,0.0432,-1.0352,44.0773,0.0352,-1.8670,0.1675
86.700,358.772,-3.7826,0.0677,-127.322,-3.7822,0.0911,-126.561,-0.0188,-0.0139,0.0234,0.761,2.3207,3.6515,1.016,-6.1651,-3.4517,-127.577,2.083,-2.0374,364.861,1.6229,0.0179,0.0162,0.9035,2.1262,2.1262,nan,2.1358,2.1430,0.0849,-0.7221,0.8000,-0.0949,0.0649,-1.0395,44.1773,0.0042,-1.7510,0.1675
86.750,358.889,-3.8588,-0.0212,-133.848,-3.8527,-0.0065,-132.276,-0.0149,-0.0058,0.0159,1.572,2.2902,3.6890,1.488,-6.2368,-3.5348,-133.763,2.035,-1.9986,364.981,1.6172,0.0325,0.0159,0.4903,2.1552,2.1771,nan,2.2066,2.2456,0.0889,-0.7867,0.8000,-0.0710,0.1945,-1.1899,44.3772,0.0226,-0.8614,0.1675
86.800,359.000,-3.9404,-0.0970,-140.557,-3.9358,-0.0981,-137.945,-0.0029,0.0037,0.0047,2.612,2.2553,3.7404,2.034,-6.3234,-3.6163,-139.979,2.019,-2.1711,365.099,1.6234,0.0658,0.0203,0.3089,2.1797,2.2010,nan,2.3591,2.4955,0.0988,-0.8112,0.8000,-0.0523,0.2035,-1.2908,44.4771,0.0789,-1.7578,0.1675
86.850,359.109,-4.0289,-0.1613,-147.724,-4.0334,-0.1854,-146.071,0.0167,0.0180,0.0245,1.653,2.2977,3.6654,1.497,-6.4295,-3.6841,-147.568,1.973,-2.3583,365.214,1.6413,0.0056,0.0367,6.5194,2.0581,2.0549,nan,2.4090,2.3781,0.0942,-0.7845,0.8000,-0.0450,0.2066,-1.3042,44.5770,0.0800,-0.9740,0.1675
86.900,359.219,-4.1257,-0.2137,-155.783,-4.1357,-0.2328,-154.417,0.0170,0.0133,0.0216,1.366,2.3122,3.6443,1.293,-6.5338,-3.7306,-155.710,1.976,-2.6322,365.338,1.6473,0.0171,0.0203,1.1838,2.0411,2.0549,nan,2.5128,2.4718,0.0979,-0.7677,0.8000,-0.0115,0.2049,-1.2339,44.6769,0.0800,-0.9740,0.1675
86.951,359.346,-4.2445,-0.2560,-165.493,-4.2644,-0.2727,-163.912,0.0234,0.0112,0.0259,1.581,2.3122,3.6443,1.293,-6.6633,-3.7675,-165.205,2.093,-2.6720,365.487,1.6566,0.3154,0.2916,0.9247,2.0774,2.0999,nan,2.6190,2.6915,0.1066,-0.7159,0.8000,-0.0038,0.1683,-1.1083,44.7769,0.0800,1.0713,0.1675
87.000,359.346,-4.2445,-0.2560,-165.493,-4.2413,-0.2619,-162.808,-0.0016,0.0066,0.0067,2.685,2.2586,3.7810,2.397,-6.6633,-3.7675,-165.205,2.093,-2.6720,365.487,1.6566,0.0751,0.0238,0.3162,2.3023,2.4015,nan,2.7145,2.8044,0.1111,-0.7108,0.8000,0.0063,0.1560,-1.0694,44.8768,0.0521,0.8261,0.1675
87.050,359.464,-4.3611,-0.2774,-174.048,-4.3640,-0.2773,-171.032,0.0029,-0.0004,0.0029,3.016,2.2607,3.8262,2.721,-6.8120,-3.7845,-173.752,2.145,-2.6060,365.622,1.6870,0.0989,0.0383,0.3874,2.4450,2.4999,nan,2.8174,2.9282,0.1160,-0.6737,0.8000,0.0102,0.1327,-1.0334,44.9768,0.0641,4.2535,0.1675
87.100,359.586,-4.4832,-0.2818,177.709,-4.5016,-0.2717,180.253,0.0188,-0.0094,0.0210,2.544,2.2821,3.8090,2.512,-6.9560,-3.7795,177.741,2.284,-2.6633,365.766,1.7066,0.0117,0.0544,4.6631,2.5730,2.6241,nan,2.8055,2.6958,0.1068,-0.6137,0.8966,0.0166,0.1684,-0.7607,45.1767,-0.0800,1.6049,0.1675
87.150,359.717,-4.6134,-0.2673,169.014,-4.6415,-0.2426,170.943,0.0323,-0.0189,0.0374,1.929,2.3444,3.7347,1.829,-7.1093,-3.7523,169.113,2.401,-2.6598,365.919,1.7267,0.0270,0.0463,1.7156,2.6809,2.7263,nan,2.8529,2.8040,0.1110,-0.5298,0.9342,0.0101,0.0954,-0.7202,45.2766,-0.0800,2.1773,0.1675
87.200,359.853,-4.7441,-0.2325,160.555,-4.7641,-0.2091,162.532,0.0267,-0.0154,0.0308,1.977,2.3697,3.7225,1.834,-7.2560,-3.7013,160.698,2.511,-2.5150,366.074,1.7396,0.0413,0.0424,1.0266,2.7960,2.8451,nan,2.9329,2.9160,0.1155,-0.4627,0.9743,0.0116,0.0400,-0.6492,45.3766,-0.0800,-0.0536,0.1675
87.250,359.993,-4.8729,-0.1772,152.748,-4.8877,-0.1362,154.423,0.0320,-0.0296,0.0436,1.676,2.3953,3.7248,1.834,-7.4029,-3.6259,152.589,2.517,-2.1958,366.222,1.7539,0.0637,0.0451,0.7086,2.6889,2.6939,nan,3.0171,3.0820,0.1221,-0.4234,0.9370,0.0008,0.0058,-0.6292,45.4765,0.0376,2.6516,0.1675
87.300,360.133,-4.9940,-0.1058,146.009,-5.0049,-0.0600,145.987,0.0346,-0.0319,0.0471,-0.022,2.4833,3.5780,0.688,-7.5313,-3.5478,145.299,2.598,-1.9570,366.372,1.7600,0.0077,0.0133,1.7188,2.6746,2.6939,nan,3.1053,2.9946,0.1186,-0.3680,0.9320,0.0044,0.0355,-0.7623,45.6764,0.0800,2.6516,0.1697
87.350,360.282,-5.1126,-0.0164,139.860,-5.1052,0.0251,140.509,0.0211,-0.0365,0.0421,0.649,2.4833,3.5780,0.688,-7.6306,-3.4615,139.821,2.709,-1.6636,366.531,1.7415,0.0121,0.0093,0.7690,2.5397,2.5376,nan,3.3067,2.9722,0.1177,-0.2972,0.9206,-0.0160,0.0176,-0.7042,45.7764,0.0800,2.9776,0.1697
87.400,360.437,-5.2270,0.0890,134.765,-5.2159,0.1356,134.730,0.0253,-0.0407,0.0479,-0.035,2.5438,3.4557,-0.165,-7.7502,-3.3424,134.894,2.829,-1.3851,366.694,1.7444,0.0182,0.0103,0.5648,2.7671,2.8762,nan,3.4142,3.4962,0.1385,-0.2983,1.0677,-0.0104,0.0793,-0.5710,45.9763,0.0800,3.8226,0.1697
87.450,360.595,-5.3336,0.2045,130.568,-5.3390,0.2799,130.165,0.0608,-0.0449,0.0756,-0.403,2.5438,3.4557,-0.165,-7.8737,-3.1985,130.330,2.902,-1.3763,366.856,1.7569,0.0263,0.0275,1.0465,3.0111,3.1426,nan,3.7058,3.7730,0.1494,-0.2787,1.1923,-0.0069,0.0633,-0.5185,46.0762,0.0800,1.8811,0.1697
87.500,360.595,-5.3336,0.2045,130.568,-5.3344,0.2747,129.753,0.0538,-0.0450,0.0702,-0.815,2.5711,3.3937,-0.577,-7.8737,-3.1985,130.330,2.902,-1.3763,366.856,1.7569,0.0263,0.0310,1.1791,2.8990,2.9049,nan,3.7900,3.7668,0.1492,-0.2393,1.2375,-0.0075,0.0812,-0.3728,46.2762,0.0800,5.5746,0.1697
87.550,360.762,-5.4376,0.3353,126.092,-5.4147,0.3936,125.825,0.0336,-0.0528,0.0626,-0.267,2.5628,3.4294,-0.289,-7.9621,-3.0760,126.114,3.160,-1.4146,367.042,1.7427,0.0360,0.0251,0.6976,3.1503,3.2941,nan,3.9373,4.0674,0.1611,-0.2181,1.3862,-0.0008,0.0481,-0.3171,46.3761,0.0800,5.6969,0.1697
87.600,360.946,-5.5408,0.4884,121.513,-5.5251,0.5777,120.996,0.0679,-0.0601,0.0907,-0.517,2.5775,3.3914,-0.642,-8.0706,-2.9043,121.639,3.410,-1.3059,367.245,1.7453,0.0132,0.0036,0.2727,3.4437,3.6948,nan,4.1387,4.2286,0.1675,-0.1900,1.5292,0.0061,0.0685,-0.2908,46.6759,0.0518,3.6034,0.1697
87.650,361.142,-5.6372,0.6583,117.369,-5.6341,0.7905,116.400,0.1160,-0.0635,0.1322,-0.969,2.5851,3.3623,-0.899,-8.1778,-2.7005,117.299,3.564,-1.2371,367.451,1.7519,0.0175,0.0138,0.7874,3.5928,3.6644,nan,4.3098,4.4430,0.1760,-0.1686,1.5954,0.0116,0.0640,-0.2910,46.8758,0.0800,4.8897,0.1697
87.700,361.344,-5.7244,0.8407,113.465,-5.7141,0.9663,113.256,0.1112,-0.0595,0.1261,-0.208,2.5502,3.4601,-0.132,-8.2586,-2.5128,113.388,3.774,-1.1471,367.668,1.7449,0.0212,0.0089,0.4185,3.7798,3.8749,nan,4.5701,4.5601,0.1806,-0.1569,1.6785,0.0289,0.0831,-0.3006,47.0757,0.0800,4.3610,0.1697
87.750,361.557,-5.8035,1.0383,109.873,-5.7928,1.1762,110.398,0.1260,-0.0569,0.1383,0.525,2.5196,3.5605,0.586,-8.3363,-2.2992,109.812,3.955,-1.0745,367.894,1.7418,0.0231,0.0077,0.3349,3.9814,4.0897,nan,4.7408,4.8166,0.1908,-0.1387,1.8294,0.0479,0.0991,-0.2404,47.2756,0.0800,4.7070,0.1697
87.800,361.784,-5.8750,1.2542,106.471,-5.8665,1.4258,106.498,0.1621,-0.0568,0.1718,0.027,2.5336,3.5167,0.211,-8.4078,-2.0601,106.287,4.149,-1.0318,368.136,1.7395,0.0147,0.0048,0.3300,4.0431,4.0897,nan,4.9857,5.0294,0.1992,-0.1157,1.9412,0.0673,0.0837,-0.1483,47.4755,0.0800,4.7070,0.1697
87.850,362.034,-5.9393,1.4959,103.000,-5.9214,1.6755,102.900,0.1710,-0.0578,0.1805,-0.099,2.5487,3.4665,-0.257,-8.4620,-1.8289,103.157,4.335,-0.9660,368.401,1.7305,0.0142,0.0077,0.5387,4.1119,4.1622,nan,5.1368,5.1416,0.2036,-0.0968,1.9739,0.0750,0.0575,-0.1109,47.6754,0.0800,3.6966,0.1697
87.900,362.280,-5.9890,1.7370,100.027,-5.9802,1.9564,100.201,0.2145,-0.0469,0.2195,0.174,2.5352,3.5338,0.245,-8.5220,-1.5410,99.955,4.600,-0.7517,368.670,1.7369,0.0125,0.0077,0.6197,4.4025,4.7611,nan,5.4139,5.4837,0.2172,-0.0803,1.9739,0.0882,0.0261,-0.0531,47.9753,0.0800,5.8130,0.1697
87.950,362.525,-6.0276,1.9786,97.907,-6.0305,2.2242,97.923,0.2437,-0.0309,0.2456,0.015,2.5352,3.5338,0.245,-8.5712,-1.2729,97.677,4.788,-0.7167,368.930,1.7458,0.0124,0.0083,0.6705,4.6564,4.8877,nan,5.5987,5.7535,0.2279,-0.0884,1.9739,0.1107,0.0212,-0.0362,48.2751,0.0800,4.8827,0.1697
88.000,362.525,-6.0276,1.9786,97.907,-6.0284,2.2188,97.600,0.2381,-0.0322,0.2402,-0.308,2.5445,3.4801,-0.078,-8.5712,-1.2729,97.677,4.788,-0.7167,368.930,1.7458,0.0124,0.0085,0.6837,4.7085,4.7704,nan,5.7075,5.7868,0.2292,-0.0784,1.9540,0.1060,-0.0058,-0.0517,48.4750,0.0800,2.5607,0.1697
88.050,362.801,-6.0612,2.2524,95.903,-6.0608,2.4721,95.911,0.2185,-0.0230,0.2197,0.009,2.5310,3.5319,0.319,-8.5975,-1.0120,95.593,5.045,-0.6710,369.228,1.7393,0.0099,0.0096,0.9667,4.9809,5.3208,nan,5.8752,6.0507,0.2396,-0.0871,1.9034,0.1141,-0.0084,-0.0562,48.7748,0.0800,5.4117,0.1697
88.100,363.096,-6.0865,2.5467,93.618,-6.0849,2.8050,94.006,0.2577,-0.0179,0.2583,0.389,2.5336,3.5288,0.283,-8.6219,-0.6812,93.723,5.293,-0.6541,369.547,1.7365,0.0142,0.0140,0.9922,5.2530,5.6420,nan,5.9652,6.0607,0.2400,-0.0861,1.8854,0.1016,-0.0243,-0.0707,49.0747,0.0379,3.4775,0.1697
88.150,363.430,-6.1016,2.8800,91.297,-6.1003,3.1351,92.263,0.2550,-0.0071,0.2551,0.967,2.5251,3.5952,0.861,-8.6313,-0.3305,91.403,5.461,-0.7190,369.898,1.7302,0.0058,0.0191,3.2692,5.5233,5.9527,nan,5.7919,5.5989,0.2217,-0.0899,1.8707,0.0946,-0.0295,-0.0916,49.3745,-0.0739,4.1446,0.1697
88.200,363.730,-6.1034,3.1801,88.993,-6.1031,3.4950,89.131,0.3148,0.0052,0.3149,0.138,2.5221,3.4961,0.250,-8.6251,0.0365,88.881,5.637,-0.7513,370.216,1.7215,0.0037,0.0253,6.7463,5.4207,5.4476,nan,5.5671,5.3711,0.2127,-0.0847,1.8540,0.0793,-0.0339,-0.1199,49.6744,-0.0779,2.3903,0.1697
88.250,364.049,-6.0920,3.4988,86.559,-6.0959,3.7599,86.935,0.2604,0.0196,0.2611,0.376,2.5132,3.5002,0.253,-8.6079,0.2976,86.682,5.737,-0.7724,370.547,1.7161,0.0126,0.0234,1.8530,5.3959,5.4476,nan,5.3937,5.3921,0.2135,-0.0757,1.8433,0.0650,-0.0581,-0.1195,49.8743,-0.0007,2.3903,0.1697
88.300,364.372,-6.0665,3.8206,83.985,-6.0594,4.1188,84.047,0.2973,0.0242,0.2983,0.062,2.5112,3.4348,-0.049,-8.5712,0.6767,84.096,5.598,-0.7422,370.861,1.7044,0.0052,0.0292,5.6434,5.6677,6.1553,nan,5.1725,5.2077,0.2062,-0.0871,1.8335,0.0511,-0.0538,-0.1136,50.2741,0.0159,-1.5971,0.1697
88.350,364.669,-6.0305,4.1158,81.718,-6.0132,4.3540,81.626,0.2382,0.0172,0.2388,-0.092,2.5134,3.3928,-0.006,-8.5267,0.9603,81.632,5.431,-0.7246,371.148,1.6959,0.0024,0.0314,13.0406,5.6299,5.6815,nan,5.0072,5.1600,0.2044,-0.0775,1.8335,0.0191,-0.0728,-0.1250,50.4740,0.0736,-3.9345,0.1697
88.400,364.968,-5.9825,4.4108,79.416,-5.9642,4.6082,79.403,0.1974,0.0183,0.1983,-0.013,2.5134,3.3928,-0.006,-8.4778,1.2145,79.409,5.260,-0.6441,371.435,1.6954,0.0015,0.0337,22.0725,5.2945,5.1671,nan,5.0072,4.9792,0.1972,-0.0690,1.7993,-0.0118,-0.0781,-0.1525,50.6739,0.0800,-4.0937,0.1697
88.450,364.968,-5.9825,4.4108,79.416,-5.9689,4.5417,78.754,0.1312,0.0107,0.1316,-0.662,2.4944,3.2304,-0.655,-8.4778,1.2145,79.409,5.260,-0.6441,371.435,1.6954,0.0015,0.0194,12.6904,5.1832,5.2052,nan,4.9533,5.0063,0.1983,-0.0529,1.7818,-0.0482,-0.0841,-0.1808,50.8738,0.0800,-2.7001,0.1697
88.500,365.259,-5.9248,4.6961,77.433,-5.8926,4.7606,76.488,0.0700,-0.0174,0.0721,-0.945,2.4973,3.1337,-0.918,-8.4149,1.4923,77.405,5.139,-0.5601,371.719,1.6904,0.0127,0.0059,0.4635,5.1551,5.2012,nan,4.8437,4.9970,0.1979,-0.0470,1.7621,-0.0961,-0.0751,-0.1921,51.0737,0.0764,-3.2908,0.1697
88.550,365.538,-5.8607,4.9672,75.753,-5.8206,4.9973,75.052,0.0391,-0.0315,0.0501,-0.700,2.5032,3.1383,-0.560,-8.3415,1.7775,75.613,5.007,-0.4374,371.989,1.6808,0.0056,0.0103,1.8197,4.8506,4.7692,nan,4.7238,4.7053,0.1863,-0.0645,1.7203,-0.1119,-0.0441,-0.2014,51.2736,0.0800,-1.4948,0.1697
88.600,365.811,-5.7908,5.2317,74.466,-5.7694,5.2061,73.590,-0.0189,-0.0275,0.0334,-0.876,2.4828,3.0870,-0.804,-8.2811,2.0032,74.394,4.944,-0.3739,372.260,1.6914,0.0041,0.0112,2.7125,4.9275,5.0064,nan,4.5897,4.7041,0.1863,-0.0879,1.7203,-0.1179,-0.0223,-0.2101,51.4735,0.0596,-0.8466,0.1697
88.650,366.087,-5.7145,5.4968,73.289,-5.6920,5.4683,73.150,-0.0208,-0.0297,0.0363,-0.140,2.5006,3.1680,-0.117,-8.1973,2.2835,73.267,4.891,-0.4481,372.533,1.6834,0.0028,0.0041,1.4667,4.8639,4.8962,nan,4.3609,4.3367,0.1718,-0.1213,1.6882,-0.1118,0.0083,-0.2199,51.6734,-0.0127,-3.7519,0.1697
88.700,366.352,-5.6357,5.7493,71.756,-5.6164,5.6879,71.917,-0.0523,-0.0376,0.0644,0.162,2.5034,3.1581,0.074,-8.1165,2.5403,71.843,4.744,-0.5766,372.789,1.6813,0.0030,0.0055,1.8308,4.5938,4.5455,nan,4.2898,4.4048,0.1744,-0.1252,1.6079,-0.1206,0.0232,-0.2310,51.8733,0.0644,-2.1784,0.1697
88.750,366.615,-5.5496,5.9979,69.688,-5.5380,5.9045,69.701,-0.0836,-0.0433,0.0941,0.013,2.4876,3.1152,-0.244,-8.0375,2.7551,69.945,4.639,-0.7409,373.046,1.6897,0.0066,0.0245,3.7261,4.6391,4.6968,nan,4.1418,4.1186,0.1631,-0.1481,1.6079,-0.1137,0.0331,-0.2381,52.0732,-0.0129,-5.2732,0.1697
88.800,366.832,-5.4706,6.2008,67.356,-5.4503,6.1299,67.355,-0.0576,-0.0460,0.0737,-0.001,2.4830,3.1213,-0.209,-7.9442,2.9797,67.564,4.453,-0.8388,373.253,1.6745,0.0086,0.0223,2.6100,4.2779,4.1385,nan,4.0647,4.0673,0.1611,-0.1589,1.5095,-0.1127,0.0504,-0.2446,52.3730,0.0800,-2.9168,0.1697
88.850,367.079,-5.3711,6.4263,64.610,-5.3635,6.3274,65.079,-0.0860,-0.0493,0.0991,0.469,2.5165,3.2253,0.487,-7.8534,3.1690,64.592,4.347,-0.9234,373.494,1.6849,0.0035,0.0244,6.9541,4.1309,4.1385,nan,3.9293,3.8735,0.1534,-0.1604,1.5095,-0.1105,0.0277,-0.2402,52.4729,0.0800,-2.9168,0.1697
88.900,367.321,-5.2622,6.6422,61.406,-5.2651,6.5456,63.358,-0.0862,-0.0437,0.0966,1.952,2.5705,3.3908,1.587,-7.7452,3.3707,61.771,4.144,-1.0155,373.725,1.6865,0.0015,0.0077,5.2134,4.1604,4.2021,nan,3.7754,3.8865,0.1539,-0.2027,1.5095,-0.0944,0.0647,-0.2776,52.7728,0.0644,-4.8282,0.1697
88.950,367.538,-5.1535,6.8308,58.284,-5.1355,6.7681,59.601,-0.0439,-0.0483,0.0652,1.317,2.5705,3.3908,1.587,-7.6094,3.5895,58.014,3.942,-1.0722,373.932,1.6577,0.0255,0.0293,1.1498,4.2516,4.3131,nan,3.5199,3.4017,0.1347,-0.2384,1.5095,-0.0662,0.0788,-0.2950,52.9727,-0.0800,-5.5306,0.1697
89.000,367.538,-5.1535,6.8308,58.284,-5.1391,6.7808,60.028,-0.0350,-0.0385,0.0520,1.743,2.5917,3.4609,2.014,-7.6094,3.5895,58.014,3.942,-1.0722,373.932,1.6577,0.0012,0.0011,0.8519,3.8499,3.5679,nan,3.5199,3.6317,0.1438,-0.2570,1.4529,-0.0501,0.0644,-0.3052,53.0726,0.0800,-2.8052,0.1697
89.050,367.752,-5.0359,7.0094,54.446,-5.0603,6.9268,57.192,-0.0814,-0.0282,0.0862,2.746,2.6048,3.5107,2.240,-7.5257,3.7131,54.952,3.848,-1.2193,374.143,1.6952,0.0018,0.0026,1.5000,3.8653,3.8996,nan,3.1305,3.1230,0.1237,-0.2798,1.4587,-0.0300,0.0899,-0.3589,53.3725,-0.0800,-1.2762,0.1697
89.100,367.958,-4.9108,7.1730,50.163,-4.9262,7.1179,53.298,-0.0522,-0.0235,0.0572,3.135,2.6264,3.5718,2.649,-7.3806,3.8913,50.649,3.552,-1.3823,374.334,1.6741,0.0045,0.0095,2.1049,3.5755,3.5228,nan,3.1305,3.1765,0.1258,-0.2684,1.3493,-0.0256,0.0463,-0.3251,53.4724,0.0266,-1.1768,0.1697
89.150,368.135,-4.7931,7.3053,46.081,-4.8073,7.2619,49.309,-0.0411,-0.0199,0.0457,3.228,2.6753,3.6804,3.312,-7.2632,4.0077,45.997,3.524,-1.4257,374.513,1.6756,0.0051,0.0115,2.2453,3.4162,3.4160,nan,3.1040,3.1370,0.1242,-0.2899,1.2892,-0.0109,0.0506,-0.3367,53.6723,0.0800,-6.5519,0.1697
89.200,368.339,-4.6457,7.4465,41.013,-4.6723,7.3980,44.664,-0.0519,-0.0191,0.0553,3.651,2.6794,3.6939,3.442,-7.1160,4.1388,41.222,3.221,-1.3546,374.704,1.6767,0.0042,0.0115,2.7141,3.2183,3.2053,nan,3.2741,3.3164,0.1313,-0.2849,1.2145,-0.0078,0.0202,-0.3941,53.7723,0.0245,-2.4785,0.1697
89.250,368.514,-4.5101,7.5565,36.808,-4.5374,7.5244,40.235,-0.0411,-0.0093,0.0422,3.427,2.6961,3.7186,3.503,-6.9874,4.2408,36.732,3.134,-1.3798,374.876,1.6844,0.0052,0.0094,1.8130,3.1215,3.1320,nan,3.2741,3.3900,0.1343,-0.2951,1.1780,-0.0026,0.0415,-0.4884,53.9722,0.0671,-2.4388,0.1697
89.300,368.687,-4.3675,7.6553,32.319,-4.3810,7.6409,35.364,-0.0191,-0.0050,0.0197,3.045,2.6786,3.6721,3.002,-6.8420,4.3331,32.361,3.083,-1.3792,375.050,1.6822,0.0076,0.0193,2.5287,3.0696,3.0869,nan,3.4440,3.3896,0.1342,-0.2932,1.1584,0.0030,0.0169,-0.4654,54.0721,0.0800,-2.4388,0.1713
89.350,368.866,-4.2136,7.7449,27.763,-4.2297,7.7364,30.388,-0.0182,-0.0001,0.0182,2.625,2.6477,3.6212,2.514,-6.6902,4.4128,27.873,3.158,-1.4490,375.234,1.6853,0.0054,0.0124,2.2930,3.0632,3.0869,nan,3.4373,3.3832,0.1340,-0.2903,1.1667,0.0028,0.0088,-0.6174,0.1000,0.0800,1.6741,0.1713
89.400,369.038,-4.0580,7.8196,23.204,-4.0385,7.8277,24.648,0.0212,-0.0002,0.0212,1.444,2.5883,3.5075,1.479,-6.5131,4.4898,23.169,3.223,-1.4637,375.412,1.6637,0.0065,0.0020,0.3147,3.2168,3.2858,nan,3.5910,3.5207,0.1394,-0.2748,1.2924,0.0047,0.0181,-0.4842,0.2998,-0.0407,1.2749,0.1713
89.450,369.216,-3.8918,7.8837,18.589,-3.8736,7.8877,20.070,0.0186,-0.0020,0.0187,1.481,2.5883,3.5075,1.479,-6.3467,4.5455,18.591,3.260,-1.4196,375.595,1.6644,0.0079,0.0020,0.2585,3.2128,3.2381,nan,3.6522,3.6140,0.1431,-0.2521,1.2908,-0.0034,0.0119,-0.4000,0.4997,-0.0222,0.5459,0.1713
89.500,369.216,-3.8918,7.8837,18.589,-3.8592,7.8979,19.720,0.0355,0.0031,0.0356,1.132,2.5759,3.4784,1.129,-6.3467,4.5455,18.591,3.260,-1.4196,375.595,1.6644,0.0079,0.0017,0.2174,3.2897,3.3325,nan,3.7600,3.6097,0.1430,-0.2477,1.3217,-0.0022,0.0186,-0.4647,0.6996,0.0800,2.0092,0.1713
89.550,369.405,-3.7110,7.9370,13.971,-3.6780,7.9458,14.503,0.0341,0.0006,0.0341,0.532,2.5156,3.3928,0.358,-6.1651,4.5915,14.146,3.346,-1.3478,375.790,1.6644,0.0095,0.0008,0.0873,3.4781,3.5696,nan,3.8688,4.0015,0.1585,-0.2336,1.4867,-0.0091,0.0277,-0.3598,0.8995,0.0768,2.3613,0.1713
89.600,369.592,-3.5283,7.9759,9.767,-3.4594,7.9840,9.973,0.0693,-0.0037,0.0694,0.206,2.5214,3.3883,0.310,-5.9558,4.6280,9.662,3.433,-1.3283,375.984,1.6382,0.0075,0.0022,0.2901,3.4499,3.4735,nan,3.9702,4.0350,0.1598,-0.2271,1.4747,-0.0123,0.0376,-0.3876,1.0994,0.0375,0.8041,0.1713
89.650,369.757,-3.3642,7.9993,6.101,-3.2817,8.0037,6.120,0.0826,-0.0044,0.0827,0.019,2.5171,3.3702,0.098,-5.7908,4.6435,6.022,3.469,-1.3392,376.154,1.6382,0.0079,0.0023,0.2941,3.4415,3.4680,nan,4.0610,4.1042,0.1625,-0.2192,1.4758,-0.0104,0.0435,-0.3816,1.2993,0.0800,0.2527,0.1713
89.700,369.965,-3.1566,8.0142,1.747,-3.0847,8.0146,1.936,0.0719,-0.0018,0.0719,0.189,2.5242,3.3789,0.162,-5.5958,4.6515,1.774,3.684,-1.3088,376.378,1.6516,0.0068,0.0010,0.1419,3.7292,3.9766,nan,4.2041,4.2946,0.1701,-0.2226,1.6297,-0.0018,0.0519,-0.3465,1.4992,0.0513,2.9415,0.1713
89.750,370.168,-2.9540,8.0138,-2.344,-2.8338,8.0043,-2.931,0.1205,-0.0046,0.1206,-0.587,2.4680,3.3043,-0.605,-5.3510,4.6438,-2.326,3.809,-1.3054,376.591,1.6107,0.0074,0.0012,0.1553,3.8644,3.9329,nan,4.2958,4.3645,0.1728,-0.2049,1.6973,-0.0048,0.0407,-0.3372,1.6991,0.0378,2.2630,0.1713
89.800,370.388,-2.7344,7.9973,-6.646,-2.6155,7.9797,-7.186,0.1201,-0.0037,0.1202,-0.540,2.4682,3.3092,-0.581,-5.1309,4.6187,-6.604,3.912,-1.3522,376.820,1.6113,0.0099,0.0018,0.1818,3.9862,4.0510,nan,4.4302,4.5302,0.1794,-0.1957,1.7670,-0.0013,0.0371,-0.3205,1.8990,0.0538,2.7383,0.1713
89.850,370.603,-2.5219,7.9654,-10.900,-2.4002,7.9373,-11.960,0.1248,-0.0046,0.1248,-1.060,2.4223,3.2787,-0.988,-4.9022,4.5748,-10.972,4.038,-1.3076,377.046,1.5969,0.0138,0.0073,0.5297,4.0039,4.0398,nan,4.4748,4.5857,0.1816,-0.1679,1.7842,-0.0057,0.0032,-0.3091,1.9990,0.0593,2.4260,0.1713
89.900,370.837,-2.2943,7.9137,-15.146,-2.1735,7.8798,-16.225,0.1255,-0.0012,0.1255,-1.079,2.4210,3.2700,-1.068,-4.6796,4.5234,-15.157,4.150,-1.2738,377.290,1.6019,0.0073,0.0025,0.3346,4.0066,4.0398,nan,4.6010,4.6886,0.1857,-0.1755,1.8076,0.0108,0.0215,-0.2859,2.2988,0.0800,2.4260,0.1713
89.950,371.060,-2.0807,7.8489,-19.040,-1.9540,7.7997,-20.689,0.1358,-0.0052,0.1359,-1.649,2.3641,3.2254,-1.691,-4.4512,4.4449,-18.998,4.263,-1.2462,377.523,1.5893,0.0097,0.0113,1.1666,4.1921,4.2976,nan,4.6651,4.7711,0.1890,-0.1741,1.8282,0.0115,0.0412,-0.2658,2.5987,0.0542,2.7239,0.1713
90.000,371.303,-1.8532,7.7627,-22.863,-1.7327,7.7108,-24.351,0.1312,-0.0010,0.1312,-1.488,2.3824,3.2689,-1.315,-4.2160,4.3463,-23.036,4.411,-1.1949,377.779,1.5837,0.0115,0.0130,1.1330,4.3403,4.4302,nan,4.7333,4.7741,0.1891,-0.1563,1.8378,0.0062,0.0207,-0.2524,2.7986,0.0202,3.4101,0.1713
90.050,371.303,-1.8532,7.7627,-22.863,-1.7327,7.7108,-24.351,0.1312,-0.0010,0.1312,-1.488,2.3824,3.2689,-1.315,-4.2160,4.3463,-23.036,4.411,-1.1949,377.779,1.5837,0.0115,0.0130,1.1330,4.4873,4.5836,nan,4.8391,4.8544,0.1923,-0.1623,1.8378,0.0264,0.0228,-0.2441,2.9985,0.0074,2.4168,0.1713
90.100,371.549,-1.6296,7.6607,-26.654,-1.5052,7.6004,-28.267,0.1382,0.0019,0.1382,-1.613,2.3536,3.2635,-1.503,-3.9713,4.2341,-26.764,4.515,-1.1371,378.035,1.5645,0.0139,0.0175,1.2578,4.4693,4.5064,nan,4.9260,5.0426,0.1997,-0.1508,1.8378,0.0207,0.0159,-0.2429,3.1983,0.0566,1.4186,0.1713
90.150,371.803,-1.4053,7.5403,-30.202,-1.3093,7.4763,-31.831,0.1151,-0.0071,0.1154,-1.629,2.3370,3.2678,-1.541,-3.7582,4.1089,-30.290,4.574,-1.1367,378.297,1.5765,0.0089,0.0188,2.1241,4.6104,4.7104,nan,5.0280,5.1539,0.2041,-0.1419,1.8420,0.0168,0.0348,-0.2526,3.4982,0.0800,1.2545,0.1713
90.200,372.061,-1.1861,7.4043,-33.901,-1.0912,7.3282,-35.327,0.1212,-0.0103,0.1217,-1.426,2.3355,3.2857,-1.434,-3.5268,3.9554,-33.893,4.644,-1.1127,378.563,1.5675,0.0110,0.0203,1.8445,4.6550,4.7129,nan,5.1515,5.2916,0.2096,-0.1361,1.8470,0.0179,0.0299,-0.2324,3.6981,0.0800,2.8884,0.1713
90.250,372.335,-0.9636,7.2454,-37.560,-0.8970,7.1675,-39.386,0.1003,-0.0211,0.1025,-1.826,2.2919,3.2644,-1.914,-3.3175,3.7944,-37.472,4.775,-1.0609,378.850,1.5809,0.0148,0.0432,2.9306,4.8939,5.1162,nan,5.1042,5.0344,0.1994,-0.1309,1.8470,0.0210,0.0133,-0.2147,3.8980,-0.0311,2.4205,0.1713
90.300,372.586,-0.7683,7.0877,-40.724,-0.6838,7.0005,-42.066,0.1209,-0.0109,0.1214,-1.342,2.3243,3.3303,-1.208,-3.0848,3.6060,-40.857,4.876,-1.0510,379.112,1.5503,0.0155,0.0254,1.6417,4.8277,4.8589,nan,4.9775,4.8038,0.1902,-0.1239,1.8470,0.0190,0.0224,-0.1804,4.1978,-0.0800,2.8509,0.1713
90.350,372.868,-0.5595,6.8983,-44.127,-0.5111,6.8344,-45.162,0.0792,-0.0121,0.0802,-1.036,2.3246,3.3532,-1.078,-2.9006,3.4273,-44.084,4.985,-1.0157,379.405,1.5722,0.0176,0.0290,1.6422,5.0528,5.2670,nan,4.8987,4.7816,0.1894,-0.1319,1.8470,0.0330,0.0155,-0.1339,4.3977,-0.0537,-1.3532,0.1713
90.400,373.140,-0.3685,6.7039,-47.304,-0.3100,6.6111,-48.785,0.1079,-0.0199,0.1097,-1.480,2.2957,3.3603,-1.325,-2.6801,3.1897,-47.460,4.923,-0.9533,379.676,1.5527,0.0135,0.0323,2.3896,5.1619,5.2670,nan,4.9636,4.8129,0.1906,-0.1268,1.8470,0.0420,0.0056,-0.1482,4.6976,-0.0676,-1.3532,0.1713
90.450,373.417,-0.1857,6.4964,-50.366,-0.1785,6.4597,-50.938,0.0328,-0.0179,0.0374,-0.571,2.3236,3.4085,-0.745,-2.5416,3.0184,-50.193,4.798,-0.9429,379.946,1.5881,0.0130,0.0307,2.3540,4.8402,4.7409,nan,5.0674,5.2274,0.2070,-0.1104,1.8470,0.0279,-0.0239,-0.1719,4.7975,0.0800,-3.1132,0.1713
90.500,373.670,-0.0287,6.2983,-53.224,-0.0149,6.2362,-54.295,0.0580,-0.0261,0.0636,-1.071,2.2984,3.4249,-0.918,-2.3580,2.7739,-53.377,4.752,-0.8915,380.198,1.5722,0.0120,0.0364,3.0207,4.9965,5.1265,nan,5.2591,5.3963,0.2137,-0.1108,1.8470,0.0340,-0.0061,-0.2087,5.0974,0.0800,-1.4427,0.1713
90.550,373.941,0.1291,6.0780,-55.883,0.1075,6.0555,-56.988,0.0065,-0.0305,0.0312,-1.105,2.2984,3.4249,-0.918,-2.2328,2.5951,-56.070,4.914,-0.8461,380.484,1.5950,0.0249,0.0406,1.6286,4.6517,4.5276,nan,5.2591,5.0238,0.1990,-0.0948,1.8470,0.0268,-0.0035,-0.2426,5.2973,0.0800,3.2114,0.1713
90.600,373.941,0.1291,6.0780,-55.883,0.1017,6.0616,-57.064,-0.0018,-0.0319,0.0319,-1.181,2.2891,3.4281,-0.994,-2.2328,2.5951,-56.070,4.914,-0.8461,380.484,1.5950,0.0088,0.0498,5.6366,4.8972,5.1339,nan,5.5200,5.2997,0.2099,-0.0920,1.8712,0.0241,0.0059,-0.2254,5.4972,0.0800,3.6081,0.1713
90.650,374.221,0.2813,5.8429,-58.635,0.2575,5.7985,-60.406,0.0256,-0.0434,0.0504,-1.770,2.2464,3.4091,-1.830,-2.0642,2.3246,-58.576,5.058,-0.7880,380.778,1.5866,0.0140,0.0667,4.7751,5.1027,5.2901,nan,5.6600,5.7447,0.2275,-0.0760,1.9392,0.0152,0.0091,-0.1546,5.7970,0.0353,-1.7400,0.1713
90.700,374.496,0.4207,5.6049,-60.975,0.3990,5.5368,-62.887,0.0491,-0.0520,0.0715,-1.912,2.2542,3.4169,-1.765,-1.9196,2.0617,-61.123,4.992,-0.7210,381.051,1.5874,0.0117,0.0602,5.1621,4.9651,4.9771,nan,5.7303,5.9009,0.2337,-0.0747,1.9392,0.0203,0.0057,-0.1075,5.9969,0.0718,1.7964,0.1713
90.750,374.784,0.5555,5.3514,-63.300,0.5192,5.3012,-64.826,0.0285,-0.0550,0.0620,-1.526,2.2722,3.4266,-1.527,-1.8024,1.8272,-63.299,5.089,-0.6344,381.348,1.6000,0.0061,0.0568,9.3451,5.1383,5.2915,nan,5.7822,5.7827,0.2290,-0.0820,1.9392,0.0297,-0.0010,-0.0305,6.2967,0.0002,5.2849,0.1713
90.800,375.065,0.6784,5.0982,-65.200,0.6503,5.0369,-66.255,0.0438,-0.0512,0.0674,-1.055,2.2965,3.4688,-0.916,-1.6711,1.5417,-65.339,5.314,-0.6216,381.650,1.5995,0.0042,0.0396,9.4226,5.2710,5.3975,nan,5.8892,5.9740,0.2366,-0.0932,1.9392,0.0453,0.0050,-0.1112,6.5966,0.0340,4.3494,0.1713
90.850,375.368,0.8015,4.8208,-67.219,0.7666,4.7681,-68.445,0.0351,-0.0525,0.0632,-1.226,2.2908,3.4708,-1.284,-1.5529,1.2628,-67.162,5.497,-0.6747,381.972,1.6046,0.0044,0.0331,7.5790,5.5219,5.8514,nan,6.0142,6.0900,0.2412,-0.0914,1.9392,0.0419,0.0058,-0.1321,6.8964,0.0297,1.1129,0.1713
90.900,375.672,0.9146,4.5388,-69.438,0.8925,4.4171,-70.591,0.1062,-0.0634,0.1237,-1.153,2.2974,3.4655,-1.136,-1.4234,0.9236,-69.455,5.552,-0.7688,382.284,1.6042,0.0121,0.0440,3.6310,5.6791,5.8514,nan,6.1943,6.3041,0.2497,-0.0855,1.9392,0.0468,0.0101,-0.1651,7.1963,0.0800,1.1129,0.1713
90.950,375.998,1.0230,4.2318,-72.111,0.9809,4.1592,-72.857,0.0561,-0.0624,0.0839,-0.746,2.3091,3.4710,-1.003,-1.3400,0.6648,-71.853,5.679,-0.7680,382.625,1.6153,0.0081,0.0460,5.6904,5.4544,5.4262,nan,6.2864,6.1668,0.2442,-0.0698,1.9738,0.0403,-0.0012,-0.1361,7.3962,0.0800,2.4048,0.1713
91.000,376.310,1.1137,3.9332,-74.435,1.0801,3.7804,-75.566,0.1381,-0.0734,0.1564,-1.130,2.3091,3.4710,-1.003,-1.2342,0.2878,-74.563,5.853,-0.6695,382.956,1.6224,0.0078,0.0442,5.6878,5.7273,6.2410,nan,6.4549,6.6361,0.2628,-0.0653,2.0145,0.0488,0.0053,-0.1032,7.7960,0.0800,4.2495,0.1713
91.051,376.639,1.1973,3.6146,-76.478,1.1448,3.4681,-77.906,0.1302,-0.0853,0.1556,-1.428,2.3091,3.4495,-1.386,-1.1644,-0.0096,-76.520,5.923,-0.6151,383.296,1.6294,0.0209,0.0338,1.6139,5.8151,5.9355,nan,6.5682,6.7795,0.2685,-0.0565,2.0394,0.0417,0.0007,-0.0837,8.0958,0.0800,1.2159,0.1713
91.100,376.639,1.1973,3.6146,-76.478,1.1523,3.4825,-77.918,0.1179,-0.0747,0.1395,-1.440,2.3166,3.4637,-1.398,-1.1644,-0.0096,-76.520,5.923,-0.6151,383.296,1.6294,0.0075,0.0482,6.4179,6.0135,6.2674,nan,6.7138,6.8749,0.2723,-0.0556,2.0494,0.0484,-0.0040,-0.0679,8.3957,0.0574,4.7278,0.1713
91.150,376.971,1.2704,3.2907,-78.400,1.2311,3.1046,-80.061,0.1745,-0.0759,0.1902,-1.661,2.3272,3.4630,-1.512,-1.0862,-0.3873,-78.549,6.132,-0.5767,383.652,1.6408,0.0078,0.0506,6.5062,6.0017,6.0718,nan,6.8208,6.9944,0.2770,-0.0517,2.0494,0.0514,-0.0107,-0.0696,8.6955,0.0800,3.9069,0.1713
91.200,377.320,1.3361,2.9482,-80.169,1.2893,2.7691,-81.339,0.1684,-0.0767,0.1851,-1.171,2.3324,3.4678,-1.050,-1.0301,-0.7177,-80.289,6.308,-0.5494,384.022,1.6461,0.0092,0.0523,5.6976,6.2074,6.4941,nan,6.9633,7.1602,0.2836,-0.0563,2.0504,0.0604,0.0024,-0.0752,9.0953,0.0800,3.1417,0.1713
91.250,377.729,1.4000,2.5441,-82.173,1.3547,2.3444,-82.728,0.1916,-0.0720,0.2047,-0.555,2.3370,3.4678,-0.632,-0.9698,-1.1342,-82.096,6.467,-0.5284,384.451,1.6534,0.0198,0.0601,3.0439,6.4683,7.0451,nan,7.0000,7.0900,0.2808,-0.0505,2.0571,0.0547,0.0040,-0.0701,9.4951,0.0303,2.7553,0.1713
91.300,378.122,1.4482,2.1548,-83.995,1.4033,1.9055,-84.518,0.2432,-0.0708,0.2533,-0.523,2.3377,3.4930,-0.492,-0.9207,-1.5954,-84.026,6.598,-0.5579,384.861,1.6766,0.0261,0.0626,2.3950,6.6838,7.0451,nan,7.0000,6.9261,0.2743,-0.0562,2.0637,0.0744,0.0051,-0.0652,9.7949,-0.0241,2.7553,0.1713
91.350,378.502,1.4829,1.7762,-85.876,1.4344,1.5429,-85.780,0.2292,-0.0652,0.2383,0.096,2.3272,3.5072,0.071,-0.8952,-1.9631,-85.851,6.721,-0.5771,385.259,1.6814,0.0243,0.0553,2.2756,6.6456,6.7179,nan,7.0000,6.9511,0.2753,-0.0467,2.0727,0.0740,-0.0033,-0.0584,10.0948,-0.0160,2.9409,0.1724
91.400,378.502,1.4829,1.7762,-85.876,1.4344,1.5429,-85.780,0.2292,-0.0652,0.2383,0.096,2.3272,3.5072,0.071,-0.8952,-1.9631,-85.851,6.721,-0.5771,385.259,1.6814,0.0243,0.0553,2.2756,6.7190,6.8692,nan,7.0000,6.8869,0.2727,-0.0425,2.0978,0.0807,-0.0023,-0.0497,10.4946,-0.0366,-0.3485,0.1724
91.450,378.911,1.5064,1.3674,-87.901,1.4518,1.1397,-87.707,0.2255,-0.0629,0.2341,0.193,2.3247,3.5225,0.141,-0.8787,-2.3806,-87.848,6.708,-0.5230,385.674,1.6910,0.0258,0.0627,2.4342,6.8104,6.9817,nan,7.0000,6.8149,0.2699,-0.0315,2.1065,0.0727,-0.0120,-0.0433,10.7944,-0.0592,0.0612,0.1724
91.500,379.287,1.5160,0.9918,-89.472,1.4518,0.7837,-90.601,0.2075,-0.0661,0.2178,-1.130,2.3796,3.5396,-1.044,-0.8774,-2.7724,-89.558,6.709,-0.4603,386.055,1.7044,0.0173,0.0732,4.2266,6.8211,6.9273,nan,7.0000,6.8060,0.2695,-0.0070,2.1141,0.0489,-0.0396,-0.0378,11.0943,-0.0619,-0.3841,0.1724
91.550,379.669,1.5155,0.6099,-90.900,1.4379,0.3977,-92.122,0.2134,-0.0743,0.2259,-1.221,2.3839,3.5490,-1.121,-0.8842,-3.1692,-91.001,6.689,-0.3527,386.441,1.7156,0.0119,0.0801,6.7426,6.6450,6.6465,nan,7.0000,6.9393,0.2748,0.0019,2.1225,0.0321,-0.0429,-0.0318,11.3941,-0.0199,-0.8118,0.1724
91.600,380.029,1.5073,0.2498,-91.882,1.4179,0.0654,-93.298,0.1872,-0.0833,0.2049,-1.416,2.3960,3.5504,-1.321,-0.8975,-3.5067,-91.977,6.654,-0.1872,386.802,1.7124,0.0137,0.0871,6.3496,6.6708,6.7823,nan,7.0000,6.9244,0.2742,0.0069,2.1286,0.0160,-0.0375,-0.0274,11.7939,-0.0247,-0.4610,0.1724
91.650,380.401,1.4942,-0.1220,-92.122,1.4122,-0.2895,-94.057,0.1704,-0.0757,0.1865,-1.935,2.4339,3.5713,-1.582,-0.9147,-3.8876,-92.474,6.638,-0.0078,387.177,1.7194,0.0146,0.0936,6.4221,6.6946,6.8053,nan,7.0000,6.9079,0.2736,-0.0010,2.1368,0.0265,-0.0247,-0.0216,12.0938,-0.0299,0.7774,0.1724
91.700,380.767,1.4806,-0.4879,-92.065,1.3889,-0.6990,-93.485,0.2142,-0.0840,0.2301,-1.420,2.4183,3.5732,-1.336,-0.9295,-4.2950,-92.149,6.670,0.0529,387.552,1.7356,0.0195,0.0922,4.7340,6.7038,6.8053,nan,7.0000,6.9050,0.2735,-0.0005,2.1416,0.0191,-0.0190,-0.0182,12.3936,-0.0309,0.7774,0.1724
91.750,381.148,1.4674,-0.8683,-91.829,1.3900,-0.9473,-92.437,0.0814,-0.0748,0.1106,-0.608,2.3724,3.6437,-0.534,-0.9395,-4.6000,-91.902,6.679,0.0234,387.938,1.7059,0.0193,0.0766,3.9673,6.3952,6.2830,nan,7.0000,7.1440,0.2829,-0.0093,2.1468,0.0245,-0.0019,-0.0145,12.6935,0.0490,0.2441,0.1724
91.800,381.509,1.4558,-1.2288,-91.827,1.3863,-1.3523,-91.915,0.1256,-0.0655,0.1417,-0.088,2.3535,3.6860,-0.159,-0.9532,-5.0409,-91.756,6.680,-0.0353,388.304,1.7365,0.0219,0.0698,3.1850,6.6496,7.1981,nan,7.0000,6.9578,0.2756,-0.0240,2.1524,0.0514,0.0178,-0.0100,13.0933,-0.0138,-0.0647,0.1724
91.850,381.879,1.4433,-1.5989,-92.122,1.3739,-1.6932,-92.096,0.0968,-0.0659,0.1171,0.026,2.3535,3.6860,-0.159,-0.9647,-5.3819,-91.938,6.766,-0.1773,388.688,1.7248,0.0278,0.0717,2.5795,6.6396,6.7274,nan,7.0000,6.9696,0.2760,-0.0302,2.1515,0.0706,0.0200,-0.0086,13.2931,-0.0100,1.8740,0.1724
91.900,381.879,1.4433,-1.5989,-92.122,1.3796,-1.6454,-91.840,0.0488,-0.0619,0.0789,0.282,2.3351,3.7381,0.098,-0.9647,-5.3819,-91.938,6.766,-0.1773,388.688,1.7248,0.0278,0.0678,2.4398,6.7993,7.0552,nan,7.0000,7.1525,0.2833,-0.0207,2.1466,0.0757,0.0076,-0.0045,13.6929,0.0519,-0.2372,0.1724
91.950,382.257,1.4273,-1.9772,-92.903,1.3638,-1.9972,-93.781,0.0232,-0.0624,0.0666,-0.878,2.4559,3.7952,-1.064,-0.9843,-5.8117,-92.717,6.756,-0.2859,389.071,1.7475,0.0294,0.0924,3.1453,6.5903,6.5697,nan,7.0000,7.1175,0.2819,0.0087,2.1466,0.0543,-0.0342,-0.0019,13.8928,0.0800,-0.1693,0.1724
92.000,382.649,1.4047,-2.3683,-93.925,1.3516,-2.2911,-95.126,-0.0734,-0.0583,0.0937,-1.201,2.4976,3.8430,-1.282,-1.0085,-6.1582,-93.844,6.760,-0.2434,389.469,1.7322,0.0265,0.0978,3.6890,6.7209,6.9306,nan,7.0000,7.2121,0.2856,0.0196,2.1466,0.0525,-0.0505,0.0036,14.1927,0.0731,1.3846,0.1724
92.050,383.057,1.3746,-2.7750,-94.665,1.3252,-2.6641,-94.935,-0.1065,-0.0583,0.1214,-0.270,2.3858,3.9317,-0.162,-1.0419,-6.5988,-94.773,6.822,-0.0504,389.889,1.7479,0.0223,0.0793,3.5488,6.7909,6.9412,nan,7.0000,7.1589,0.2835,0.0238,2.1466,0.0349,-0.0474,0.0023,14.4925,0.0542,0.5889,0.1724
92.100,383.440,1.3440,-3.1567,-94.390,1.3136,-3.0119,-93.564,-0.1421,-0.0414,0.1480,0.826,2.2358,3.9877,1.259,-1.0757,-6.9776,-94.823,6.848,0.1255,390.281,1.7497,0.0192,0.0441,2.2963,6.9193,7.1379,nan,7.0000,7.0613,0.2797,0.0045,2.1466,0.0538,-0.0219,0.0030,14.5925,0.0205,0.8789,0.1724
92.150,383.818,1.3165,-3.5340,-93.731,1.3022,-3.3899,-92.558,-0.1429,-0.0236,0.1448,1.173,2.2224,4.0250,1.427,-1.1045,-7.3897,-93.984,6.899,0.2369,390.671,1.7644,0.0190,0.0356,1.8701,6.9832,7.1379,nan,7.0000,7.0128,0.2777,-0.0294,2.1035,0.0941,0.0157,0.0105,15.1922,0.0042,0.8789,0.1724
92.200,384.219,1.2926,-3.9339,-92.927,1.2839,-3.7975,-92.379,-0.1358,-0.0156,0.1367,0.547,2.3282,3.9810,0.582,-1.1233,-7.7675,-92.962,6.906,0.0509,391.078,1.7510,0.0182,0.0299,1.6379,6.8731,6.9134,nan,7.0000,7.0965,0.2810,-0.0521,2.0693,0.1203,0.0387,0.0115,15.4920,0.0325,0.3025,0.1724
92.250,384.632,1.2693,-4.3460,-92.927,1.2839,-3.7975,-92.379,-0.5486,-0.0134,0.5487,0.547,2.3282,3.9810,0.582,-1.1233,-7.7675,-92.962,6.906,0.0509,391.493,1.6139,0.0151,0.0299,1.9836,7.0069,7.2396,nan,6.7300,6.5226,0.2583,-0.0422,2.0467,0.1130,0.0113,0.0126,15.8918,-0.0686,-1.0529,0.1724
92.300,384.632,1.2693,-4.3460,-93.884,1.2682,-4.2057,-92.656,-0.1399,-0.0106,0.1403,1.229,2.3958,4.0011,0.101,-1.1421,-8.2048,-92.757,6.858,-0.4210,391.493,1.7568,0.0225,0.0239,1.0626,7.0081,7.1140,nan,6.4454,6.4514,0.2555,0.0064,2.0049,0.0707,-0.0652,0.0139,16.1917,0.0800,-0.1731,0.1724
92.350,385.016,1.2389,-4.7287,-95.618,1.2321,-4.6017,-95.595,-0.1258,-0.0192,0.1272,0.023,2.4574,4.0097,-0.281,-1.1831,-8.6173,-95.314,6.834,-0.4750,391.879,1.7786,0.0209,0.0430,2.0586,6.6894,6.5593,nan,6.2557,6.1072,0.2419,0.0297,1.9785,0.0411,-0.1064,0.0054,16.4915,0.0800,-4.6864,0.1724
92.400,385.432,1.1936,-5.1424,-97.156,1.1857,-5.0445,-97.183,-0.0961,-0.0201,0.0982,-0.027,2.3903,3.9517,0.149,-1.2280,-8.9931,-97.331,6.611,-0.2025,392.278,1.7629,0.0271,0.0431,1.5878,6.4214,6.3529,nan,5.8828,5.8177,0.2304,0.0196,1.9423,0.0138,-0.0973,-0.0141,16.7913,0.0800,-3.0326,0.1724
92.450,385.804,1.1474,-5.5122,-97.014,1.1446,-5.3916,-97.022,-0.1194,-0.0175,0.1207,-0.008,2.2963,3.9455,0.764,-1.2760,-9.3209,-97.786,6.475,0.0624,392.641,1.7486,0.0238,0.0337,1.4168,6.5229,6.6890,nan,5.6273,5.7330,0.2270,-0.0076,1.9097,-0.0061,-0.0641,-0.0365,17.1911,0.0446,-1.8734,0.1724
92.500,386.148,1.1070,-5.8535,-96.200,1.1122,-5.8176,-96.255,-0.0362,0.0013,0.0362,-0.055,2.3368,3.8994,0.562,-1.3198,-9.7045,-96.817,6.259,0.2494,392.968,1.7679,0.0184,0.0196,1.0653,6.5679,6.6890,nan,5.3041,5.1299,0.2032,-0.0449,1.9006,-0.0086,-0.0349,-0.0661,17.4910,-0.0729,-1.8734,0.1724
92.550,386.503,1.0702,-6.2061,-95.603,1.0905,-6.1076,-95.094,-0.1000,0.0106,0.1006,0.508,2.3833,3.8956,0.296,-1.3445,-9.9964,-95.391,5.988,-0.0127,393.301,1.7337,0.0169,0.0079,0.4685,6.1782,5.9236,nan,5.1502,5.1468,0.2038,-0.0959,1.8676,0.0138,0.0191,-0.0768,17.7908,-0.0015,-5.7178,0.1724
92.600,386.815,1.0394,-6.5171,-95.809,1.0451,-6.5141,-96.204,-0.0035,0.0054,0.0064,-0.395,2.5207,3.7851,-0.562,-1.3745,-10.3132,-95.642,5.810,-0.1290,393.599,1.7351,0.0174,0.0155,0.8886,5.9330,5.8874,nan,4.9989,5.0089,0.1984,-0.1074,1.8144,0.0100,0.0198,-0.0963,18.0907,0.0046,-4.1336,0.1724
92.650,387.130,1.0040,-6.8296,-97.920,1.0116,-6.7949,-96.779,-0.0354,0.0027,0.0355,1.141,2.5207,3.7851,-0.562,-1.4053,-10.5943,-96.217,5.442,-0.8807,393.886,1.7195,0.0224,0.0124,0.5555,5.6214,5.5171,nan,4.7689,4.7507,0.1881,-0.1226,1.7720,-0.0026,0.0231,-0.1323,18.3905,-0.0088,-7.4985,0.1724
92.700,387.130,1.0040,-6.8296,-97.920,1.0109,-6.8148,-96.401,-0.0156,0.0048,0.0163,1.519,2.4502,3.7750,-0.184,-1.4053,-10.5943,-96.217,5.442,-0.8807,393.886,1.7195,0.0224,0.0135,0.6017,5.2990,5.1890,nan,4.5945,4.6671,0.1848,-0.0759,1.7501,-0.0353,-0.0558,-0.1427,18.5904,0.0374,-6.7794,0.1724
92.750,387.421,0.9583,-7.1172,-100.716,0.9574,-7.0881,-101.073,-0.0285,-0.0063,0.0291,-0.357,2.4869,3.7593,-0.372,-1.4591,-10.8571,-100.701,5.166,-0.9075,394.158,1.7185,0.0279,0.0351,1.2586,5.0182,4.9549,nan,4.5117,4.6593,0.1845,-0.0701,1.7163,-0.0548,-0.0588,-0.1732,18.8903,0.0800,-6.1787,0.1724
92.800,387.702,0.9000,-7.3920,-103.742,0.8989,-7.3599,-103.763,-0.0310,-0.0087,0.0322,-0.021,2.4496,3.7487,-0.149,-1.5217,-11.1126,-103.613,4.895,-0.6736,394.422,1.7161,0.0143,0.0219,1.5290,4.7691,4.7316,nan,4.2892,4.4152,0.1749,-0.0905,1.6872,-0.0628,-0.0453,-0.1854,19.0902,0.0800,-3.9532,0.1724
92.850,387.971,0.8325,-7.6526,-105.577,0.8402,-7.5933,-105.150,-0.0592,-0.0085,0.0598,0.427,2.2872,3.7791,0.738,-1.5934,-11.3528,-105.888,4.730,-0.5249,394.680,1.7135,0.0138,0.0170,1.2308,4.6429,4.6573,nan,4.2220,4.3178,0.1710,-0.1351,1.6748,-0.0536,-0.0067,-0.2016,19.2901,0.0800,-2.1285,0.1724
92.900,388.229,0.7604,-7.9000,-107.196,0.7755,-7.8552,-106.678,-0.0473,0.0011,0.0473,0.518,2.3321,3.7527,0.548,-1.6676,-11.5924,-107.226,4.634,-0.5734,394.932,1.7131,0.0158,0.0098,0.6199,4.5786,4.6074,nan,4.0971,4.2146,0.1669,-0.1662,1.6748,-0.0439,0.0223,-0.2058,19.5899,0.0800,-4.2594,0.1724
92.950,388.483,0.6816,-8.1419,-109.232,0.6972,-8.1326,-107.847,-0.0139,0.0116,0.0181,1.385,2.2014,3.7348,1.190,-1.7503,-11.8336,-109.037,4.465,-0.7239,395.177,1.7166,0.0234,0.0110,0.4689,4.3793,4.3697,nan,3.9181,4.0228,0.1593,-0.2080,1.6748,-0.0242,0.0321,-0.2193,19.7898,0.0800,-3.5817,0.1724
93.000,388.724,0.5974,-8.3682,-112.102,0.6217,-8.3563,-110.148,-0.0202,0.0181,0.0271,1.954,2.1568,3.7350,1.408,-1.8318,-12.0500,-111.556,4.322,-0.9956,395.411,1.7110,0.0078,0.0145,1.8591,4.1836,4.1766,nan,3.8595,3.9223,0.1553,-0.2264,1.5711,-0.0176,0.0303,-0.2588,19.9897,0.0800,-3.3627,0.1724
93.050,388.963,0.5021,-8.5865,-115.639,0.5198,-8.5730,-115.005,-0.0198,0.0102,0.0223,0.634,2.3829,3.6894,0.308,-1.9290,-12.2522,-115.313,4.187,-1.1697,395.643,1.7079,0.0111,0.0025,0.2292,4.1477,4.1766,nan,3.7429,3.8226,0.1514,-0.2323,1.4545,-0.0205,0.0243,-0.2906,20.1896,0.0461,-3.3627,0.1724
93.100,389.188,0.3985,-8.7865,-119.777,0.4053,-8.7780,-119.162,-0.0108,0.0017,0.0109,0.615,2.3829,3.6894,0.308,-2.0446,-12.4566,-119.470,4.013,-1.3594,395.861,1.7207,0.0164,0.0098,0.5975,4.1149,4.1438,nan,3.6447,3.6279,0.1437,-0.2209,1.4545,-0.0397,-0.0093,-0.3198,20.3895,-0.0097,-4.3827,0.1724
93.150,389.403,0.2855,-8.9694,-124.230,0.3134,-8.8936,-123.071,-0.0784,-0.0196,0.0808,1.159,2.2703,3.7480,0.884,-2.1516,-12.6099,-123.955,3.833,-1.3708,396.068,1.7064,0.0252,0.0155,0.6172,3.8559,3.8242,nan,3.6009,3.7229,0.1474,-0.1796,1.3566,-0.0671,-0.0169,-0.3452,20.5894,0.0706,-4.9348,0.1724
93.200,389.403,0.2855,-8.9694,-124.230,0.3173,-8.8895,-123.191,-0.0839,-0.0186,0.0859,1.039,2.3007,3.7479,0.764,-2.1516,-12.6099,-123.955,3.833,-1.3708,396.068,1.7064,0.0252,0.0152,0.6025,3.8370,3.8652,nan,3.4743,3.5025,0.1387,-0.1498,1.1950,-0.0839,-0.0219,-0.3673,20.7893,0.0163,-2.9610,0.1724
93.250,389.612,0.1622,-9.1385,-128.342,0.1922,-9.0544,-127.518,-0.0846,-0.0286,0.0893,0.824,2.2500,3.7619,1.020,-2.2856,-12.7776,-128.538,3.669,-1.0798,396.270,1.7163,0.0337,0.0255,0.7568,3.6777,3.6801,nan,3.3913,3.4702,0.1374,-0.1554,1.0064,-0.0897,-0.0167,-0.3803,20.8892,0.0457,-0.6341,0.1724
93.300,389.817,0.0311,-9.2956,-131.595,0.0601,-9.2062,-130.349,-0.0861,-0.0377,0.0940,1.246,2.1483,3.7738,1.457,-2.4176,-12.9227,-131.806,3.627,-0.8687,396.472,1.7138,0.0060,0.0129,2.1472,3.6059,3.6245,nan,3.1824,3.1266,0.1238,-0.1883,0.8550,-0.0878,0.0385,-0.4060,21.0891,-0.0323,-2.9707,0.1724
93.350,390.013,-0.1021,-9.4394,-134.219,-0.0807,-9.3515,-133.095,-0.0779,-0.0460,0.0904,1.124,2.1866,3.7658,1.267,-2.5568,-13.0640,-134.362,3.512,-0.8383,396.662,1.7189,0.0090,0.0177,1.9632,3.4321,3.4284,nan,3.0643,3.0037,0.1190,-0.2399,0.8550,-0.0879,0.0813,-0.4387,21.2890,-0.0351,-2.2113,0.1732
93.400,390.210,-0.2429,-9.5780,-136.967,-0.2116,-9.4771,-135.415,-0.0917,-0.0525,0.1057,1.552,2.1328,3.7758,1.494,-2.6892,-13.1872,-136.909,3.403,-0.9330,396.855,1.7066,0.0172,0.0204,1.1840,3.4190,3.4446,nan,2.8755,2.7876,0.1104,-0.3099,0.8550,-0.0797,0.0783,-0.4392,21.3890,-0.0800,-5.9061,0.1732
93.450,390.391,-0.3779,-9.6980,-139.989,-0.3543,-9.6014,-138.739,-0.0802,-0.0588,0.0994,1.251,2.1484,3.7916,1.492,-2.8506,-13.3233,-140.230,3.187,-1.0148,397.025,1.7363,0.0238,0.0309,1.3005,3.0349,2.8041,nan,2.8755,2.8926,0.1146,-0.3684,0.8550,-0.0626,0.1150,-0.4365,21.5889,0.0800,-4.7757,0.1732
93.500,390.585,-0.5307,-9.8178,-144.142,-0.4674,-9.7017,-141.837,-0.1192,-0.0570,0.1322,2.305,2.1172,3.7702,1.570,-2.9529,-13.3960,-143.407,2.991,-1.2066,397.212,1.6753,0.0069,0.0227,3.3106,2.8254,2.8041,nan,2.8634,2.8923,0.1145,-0.3444,0.8550,-0.0706,0.1101,-0.4326,21.6888,0.0167,-4.7757,0.1732
93.550,390.741,-0.6597,-9.9045,-148.375,-0.6242,-9.8225,-145.870,-0.0733,-0.0512,0.0894,2.505,2.0383,3.7702,1.906,-3.1131,-13.4966,-147.776,2.803,-1.3831,397.361,1.7090,0.0097,0.0145,1.4870,3.0591,3.1802,nan,2.8838,2.7444,0.1087,-0.4409,0.8550,-0.0421,0.1128,-0.4344,21.8887,0.0800,-5.5002,0.1732
93.600,390.895,-0.7938,-9.9802,-153.108,-0.7518,-9.8908,-150.993,-0.0779,-0.0607,0.0987,2.115,2.0383,3.7702,1.906,-3.2429,-13.5607,-152.898,2.791,-1.5473,397.517,1.7020,0.0143,0.0269,1.8811,2.8612,2.8448,nan,3.0488,3.1812,0.1260,-0.4442,0.8550,-0.0293,0.0745,-0.4809,21.9887,0.0800,-0.7986,0.1732
93.650,390.895,-0.7938,-9.9802,-153.108,-0.7584,-9.9017,-151.030,-0.0671,-0.0540,0.0861,2.078,2.0406,3.7575,1.869,-3.2429,-13.5607,-152.898,2.791,-1.5473,397.517,1.7020,0.0143,0.0217,1.5223,2.7449,2.7484,nan,3.0488,3.0649,0.1214,-0.4417,0.8550,-0.0231,0.0981,-0.6602,22.1886,0.0800,-3.2731,0.1732
93.700,391.050,-0.9353,-10.0440,-158.973,-0.8945,-9.9681,-155.961,-0.0653,-0.0562,0.0862,3.013,1.9701,3.7662,2.170,-3.3826,-13.6160,-158.130,2.703,-1.9186,397.674,1.6981,0.0229,0.0237,1.0361,2.7579,2.7821,nan,3.1620,3.0779,0.1219,-0.4004,0.8550,-0.0208,0.0442,-0.7318,22.2885,0.0800,3.2481,0.1732
93.750,391.203,-1.0811,-10.0919,-165.160,-1.0601,-10.0254,-162.986,-0.0374,-0.0589,0.0698,2.174,1.9783,3.7489,2.070,-3.5338,-13.6556,-165.055,2.853,-1.9810,397.843,1.7014,0.0040,0.0255,6.4041,2.9667,3.0644,nan,3.2704,3.2767,0.1298,-0.4032,0.9941,-0.0067,0.0744,-0.5919,22.4884,0.0036,0.1721,0.1732
93.800,391.364,-1.2383,-10.1249,-171.508,-1.2435,-10.0652,-169.253,-0.0037,-0.0598,0.0599,2.255,1.9520,3.7514,2.170,-3.7164,-13.6856,-171.424,2.890,-1.8373,398.010,1.7254,0.0087,0.0279,3.2008,3.0023,3.0328,nan,3.3549,3.3001,0.1307,-0.3912,1.1659,0.0077,0.0467,-0.5670,22.5884,-0.0317,0.9877,0.1732
93.850,391.530,-1.4034,-10.1413,-177.476,-1.4065,-10.0832,-175.658,0.0006,-0.0582,0.0582,1.818,2.0136,3.7432,1.952,-3.8892,-13.7018,-177.610,2.933,-1.8548,398.182,1.7329,0.0166,0.0234,1.4063,2.9643,2.9827,nan,3.3911,3.4838,0.1380,-0.3656,1.1710,0.0029,0.0658,-0.5640,22.7882,0.0536,1.9907,0.1732
93.900,391.712,-1.5860,-10.1395,175.909,-1.5839,-10.0746,177.570,0.0025,-0.0649,0.0650,1.661,2.1482,3.7104,1.385,-4.0642,-13.6907,176.185,3.046,-1.8753,398.377,1.7233,0.0059,0.0261,4.4365,2.9596,2.9827,nan,3.4845,3.5644,0.1412,-0.3461,1.1780,0.0105,0.0286,-0.5486,22.8882,0.0800,1.9907,0.1732
93.950,391.860,-1.7327,-10.1229,170.730,-1.7663,-10.0477,171.545,0.0453,-0.0688,0.0824,0.815,2.1698,3.7043,1.316,-4.2509,-13.6580,170.229,3.102,-1.8950,398.532,1.7588,0.0052,0.0240,4.6391,3.1609,3.2563,nan,3.6209,3.7339,0.1479,-0.3211,1.2784,0.0061,0.0232,-0.5062,23.0881,0.0655,1.2251,0.1732
94.000,392.057,-1.9252,-10.0809,164.273,-1.9157,-10.0193,165.613,0.0075,-0.0619,0.0623,1.340,2.2187,3.6878,1.108,-4.3986,-13.6246,164.505,3.250,-1.6958,398.742,1.7169,0.0098,0.0143,1.4683,2.9597,2.9428,nan,3.6209,3.5230,0.1395,-0.2896,1.1970,0.0053,-0.0146,-0.5163,23.1880,0.0800,0.2869,0.1732
94.050,392.234,-2.0936,-10.0259,159.230,-2.1175,-9.9434,159.925,0.0516,-0.0687,0.0859,0.695,2.3604,3.6476,0.569,-4.6127,-13.5458,159.356,3.405,-1.5437,398.933,1.7564,0.0125,0.0137,1.0949,3.2642,3.6697,nan,3.6042,3.6511,0.1446,-0.3061,1.3589,0.0143,0.0504,-0.4591,23.4879,0.0272,4.4495,0.1732
94.100,392.411,-2.2569,-9.9570,154.614,-2.3173,-9.8508,154.760,0.1001,-0.0700,0.1221,0.146,2.3604,3.6476,0.569,-4.8116,-13.4513,154.191,3.418,-1.6009,399.113,1.7862,0.0142,0.0227,1.5927,3.5479,3.7694,nan,3.6671,3.5417,0.1403,-0.2952,1.4778,0.0094,0.0594,-0.4324,23.6878,-0.0726,0.0196,0.1732
94.150,392.411,-2.2569,-9.9570,154.614,-2.3020,-9.8560,154.451,0.0840,-0.0720,0.1106,-0.164,2.4486,3.6170,0.260,-4.8116,-13.4513,154.191,3.418,-1.6009,399.113,1.7862,0.0142,0.0149,1.0474,3.2422,3.1709,nan,3.7296,3.8425,0.1522,-0.2599,1.3505,0.0025,0.0214,-0.4251,23.7877,0.0800,0.8444,0.1732
94.200,392.601,-2.4248,-9.8687,149.439,-2.4218,-9.7921,150.027,0.0364,-0.0675,0.0767,0.588,2.4268,3.6238,0.352,-4.9310,-13.3858,149.674,3.470,-1.6039,399.310,1.7432,0.0202,0.0075,0.3712,3.4983,3.6567,nan,3.8531,3.8183,0.1512,-0.2547,1.4571,0.0033,0.0247,-0.4425,23.9876,0.0800,-1.1123,0.1732
94.250,392.794,-2.5870,-9.7637,144.374,-2.6170,-9.6544,144.442,0.0881,-0.0713,0.1133,0.068,2.4194,3.6288,0.400,-5.1290,-13.2478,144.043,3.463,-1.4359,399.506,1.7719,0.0056,0.0097,1.7234,3.3465,3.3477,nan,3.9464,3.6665,0.1452,-0.2451,1.3939,-0.0046,0.0107,-0.4580,24.0876,0.0800,3.5470,0.1732
94.300,393.000,-2.7493,-9.6377,139.614,-2.7421,-9.5446,140.241,0.0549,-0.0756,0.0934,0.627,2.4361,3.6248,0.321,-5.2519,-13.1401,139.920,3.599,-1.4287,399.722,1.7367,0.0089,0.0067,0.7534,3.6483,3.9961,nan,4.0908,4.1650,0.1649,-0.2369,1.5961,0.0005,0.0588,-0.3645,24.3874,0.0429,1.0226,0.1732
94.350,393.192,-2.8912,-9.5082,135.257,-2.9215,-9.3698,135.296,0.1190,-0.0770,0.1417,0.040,2.4661,3.6119,0.213,-5.4359,-12.9616,135.083,3.638,-1.3914,399.918,1.7691,0.0112,0.0108,0.9683,3.5439,3.5565,nan,4.1395,4.2775,0.1694,-0.2221,1.5631,-0.0038,0.0270,-0.3415,24.4874,0.0800,-1.5204,0.1732
94.400,393.391,-3.0273,-9.3636,130.905,-3.0265,-9.2518,131.516,0.0839,-0.0738,0.1118,0.611,2.3770,3.6393,0.635,-5.5460,-12.8305,130.881,3.615,-1.3603,400.118,1.7459,0.0136,0.0111,0.8213,3.5987,3.6389,nan,4.2824,4.2745,0.1693,-0.2134,1.5873,-0.0028,0.0290,-0.3495,24.6873,0.0800,4.8213,0.1732
94.450,393.599,-3.1585,-9.2010,126.483,-3.1558,-9.0929,127.399,0.0853,-0.0665,0.1081,0.916,2.3531,3.6454,0.712,-5.6667,-12.6689,126.687,3.830,-1.3477,400.343,1.7357,0.0065,0.0146,2.2615,3.8924,4.1844,nan,4.2824,4.3391,0.1718,-0.1920,1.7204,0.0012,0.0031,-0.3456,24.7872,0.0312,3.7669,0.1732
94.500,393.815,-3.2807,-9.0237,122.233,-3.3136,-8.8765,123.114,0.1420,-0.0507,0.1508,0.881,2.2863,3.6736,0.999,-5.8179,-12.4505,122.115,3.982,-1.3299,400.572,1.7575,0.0069,0.0200,2.8779,4.0819,4.1844,nan,4.4801,4.5200,0.1790,-0.2150,1.8118,0.0351,0.0626,-0.3011,25.1870,0.0209,3.7669,0.1732
94.550,394.040,-3.3945,-8.8290,117.956,-3.4066,-8.7096,119.472,0.1111,-0.0453,0.1200,1.516,2.2127,3.6927,1.380,-5.9165,-12.2633,118.091,4.074,-1.3639,400.806,1.7436,0.0081,0.0215,2.6491,4.0155,4.0382,nan,4.5434,4.6784,0.1853,-0.2105,1.8281,0.0416,0.0627,-0.2851,25.3869,0.0716,1.8168,0.1732
94.600,394.252,-3.4879,-8.6391,113.900,-3.5046,-8.5094,115.173,0.1254,-0.0373,0.1308,1.273,2.2473,3.6634,1.238,-6.0135,-12.0457,113.935,4.213,-1.3948,401.030,1.7431,0.0079,0.0238,2.9997,4.2105,4.3243,nan,4.6059,4.6491,0.1841,-0.2021,1.8386,0.0478,0.0527,-0.2750,25.5868,0.0220,3.2905,0.1732
94.650,394.484,-3.5746,-8.4243,109.566,-3.5924,-8.2818,110.753,0.1402,-0.0310,0.1436,1.187,2.2473,3.6634,1.238,-6.0963,-11.8164,109.515,4.353,-1.3752,401.276,1.7372,0.0084,0.0293,3.5057,4.3208,4.3919,nan,4.6672,4.6924,0.1858,-0.1872,1.8442,0.0486,0.0321,-0.2697,25.7867,0.0126,3.2825,0.1732
94.700,394.484,-3.5746,-8.4243,109.566,-3.5848,-8.3028,110.939,0.1179,-0.0311,0.1219,1.373,2.2159,3.6615,1.424,-6.0963,-11.8164,109.515,4.353,-1.3752,401.276,1.7372,0.0084,0.0272,3.2564,4.4127,4.4798,nan,4.7603,4.8190,0.1909,-0.1757,1.8457,0.0460,0.0221,-0.2682,25.9866,0.0290,1.5031,0.1732
94.750,394.725,-3.6478,-8.1943,105.230,-3.6592,-8.0706,106.885,0.1224,-0.0214,0.1242,1.654,2.1516,3.6803,1.736,-6.1642,-11.5695,105.148,4.423,-1.3107,401.526,1.7297,0.0100,0.0335,3.3539,4.4257,4.4690,nan,4.8307,4.9503,0.1961,-0.1680,1.8522,0.0475,0.0193,-0.2621,26.1865,0.0593,1.4058,0.1732
94.800,394.970,-3.7048,-7.9559,101.167,-3.7065,-7.8375,102.574,0.1165,-0.0213,0.1184,1.407,2.2171,3.6458,1.441,-6.2104,-11.3308,101.133,4.489,-1.2476,401.779,1.7190,0.0067,0.0342,5.0920,4.5506,4.6381,nan,4.9161,5.0056,0.1982,-0.1506,1.8647,0.0389,0.0316,-0.2503,26.4863,0.0432,2.0664,0.1732
94.850,395.224,-3.7463,-7.7052,97.187,-3.7442,-7.5869,98.982,0.1171,-0.0168,0.1183,1.795,2.1652,3.6655,1.719,-6.2443,-11.0701,97.263,4.584,-1.2082,402.043,1.7102,0.0060,0.0405,6.7670,4.7171,4.8388,nan,5.0755,5.1618,0.2044,-0.1434,1.8719,0.0370,0.0256,-0.2435,26.6863,0.0403,2.3216,0.1732
94.900,395.475,-3.7705,-7.4559,93.458,-3.7720,-7.3051,94.716,0.1507,-0.0076,0.1508,1.258,2.2330,3.6319,1.352,-6.2613,-10.7922,93.364,4.685,-1.1322,402.304,1.6998,0.0064,0.0439,6.9035,4.7042,4.7465,nan,5.2046,5.3590,0.2122,-0.1271,1.8832,0.0357,0.0143,-0.2332,26.8861,0.0800,1.8764,0.1732
94.950,395.716,-3.7792,-7.2151,90.226,-3.7734,-7.0933,91.563,0.1218,-0.0062,0.1219,1.337,2.2191,3.6142,1.442,-6.2601,-10.5533,90.121,4.757,-1.1118,402.553,1.6902,0.0064,0.0416,6.4783,4.7738,4.8444,nan,5.3733,5.5045,0.2180,-0.1140,1.9119,0.0317,0.0291,-0.2072,27.1860,0.0800,0.8471,0.1732
95.000,395.976,-3.7736,-6.9551,86.910,-3.7616,-6.8562,88.718,0.0994,-0.0067,0.0996,1.808,2.1308,3.6362,1.952,-6.2465,-10.2855,86.766,4.874,-0.9996,402.825,1.6814,0.0069,0.0456,6.6056,4.9097,5.0201,nan,5.4699,5.5934,0.2215,-0.1085,1.9418,0.0278,0.0323,-0.1810,27.3859,0.0539,3.5731,0.1732
95.050,396.253,-3.7520,-6.6784,83.791,-3.7378,-6.5816,85.840,0.0977,-0.0037,0.0978,2.050,2.1152,3.6387,2.059,-6.2164,-10.0034,83.781,5.028,-0.9183,403.118,1.6725,0.0118,0.0554,4.6743,5.1383,5.3657,nan,5.6410,5.6099,0.2222,-0.1046,1.9982,0.0317,0.0336,-0.1102,27.6857,-0.0127,3.4364,0.1732
95.100,396.534,-3.7156,-6.3998,80.957,-3.6947,-6.2535,82.614,0.1478,0.0023,0.1478,1.657,2.1604,3.6205,1.822,-6.1660,-9.6829,80.793,5.173,-0.8791,403.413,1.6548,0.0040,0.0589,14.7857,5.2529,5.3657,nan,5.7625,5.7260,0.2268,-0.0981,1.9982,0.0349,0.0116,-0.1162,27.8856,-0.0145,3.4364,0.1732
95.150,396.833,-3.6622,-6.1059,78.092,-3.6524,-6.0000,80.146,0.1057,0.0122,0.1064,2.054,2.1197,3.6170,2.021,-6.1076,-9.4075,78.125,5.301,-0.8673,403.726,1.6514,0.0049,0.0621,12.6366,5.1603,5.1878,nan,5.8423,5.9945,0.2374,-0.0885,1.9982,0.0266,0.0056,-0.1289,28.1855,0.0625,2.8244,0.1732
95.200,397.128,-3.5954,-5.8185,75.373,-3.5802,-5.6877,76.564,0.1304,0.0183,0.1317,1.191,2.2742,3.5244,1.131,-6.0350,-9.0947,75.433,5.426,-0.7780,404.035,1.6436,0.0075,0.0529,7.0409,5.3749,5.5992,nan,5.9561,6.0789,0.2407,-0.0848,1.9985,0.0339,0.0054,-0.1336,28.4853,0.0491,2.6697,0.1732
95.250,397.128,-3.5954,-5.8185,75.373,-3.5802,-5.6877,76.564,0.1304,0.0183,0.1317,1.191,2.2742,3.5244,1.131,-6.0350,-9.0947,75.433,5.426,-0.7780,404.035,1.6436,0.0075,0.0529,7.0409,5.5694,5.7796,nan,6.0919,6.1836,0.2449,-0.0621,2.0050,0.0106,-0.0058,-0.1283,28.7852,0.0356,3.9245,0.1732
95.301,397.431,-3.5136,-5.5263,73.001,-3.4732,-5.3549,72.972,0.1757,0.0115,0.1761,-0.029,2.4113,3.4271,0.294,-5.9295,-8.7518,72.678,5.594,-0.7428,404.356,1.6170,0.0112,0.0458,4.0859,5.3678,5.3532,nan,6.1918,6.2290,0.2467,-0.0380,2.0078,-0.0154,-0.0253,-0.1231,28.9851,0.0800,3.0819,0.1732
95.350,397.749,-3.4154,-5.2245,70.608,-3.3817,-5.0976,71.744,0.1309,0.0103,0.1313,1.137,2.3022,3.5120,1.052,-5.8410,-8.5038,70.693,5.728,-0.6835,404.688,1.6298,0.0027,0.0335,12.2669,5.6419,6.1405,nan,6.4017,6.5191,0.2582,-0.0375,2.0078,-0.0178,0.0021,-0.1158,29.3848,0.0800,2.5614,0.1737
95.400,398.091,-3.2971,-4.9035,68.750,-3.2549,-4.7562,70.386,0.1525,0.0140,0.1532,1.636,2.1728,3.5822,1.919,-5.7038,-8.1520,68.468,5.854,-0.4051,405.045,1.6089,0.0028,0.0396,14.0514,5.9143,6.5299,nan,6.5976,6.7397,0.2669,-0.0564,2.0140,-0.0024,0.0484,-0.1261,29.6847,0.0800,2.0802,0.1737
95.450,398.404,-3.1813,-4.6130,67.681,-3.1185,-4.4074,69.277,0.2141,0.0200,0.2150,1.596,2.1855,3.5606,1.828,-5.5554,-7.7947,67.449,5.951,-0.3430,405.370,1.5740,0.0040,0.0439,11.0344,5.7880,5.8092,nan,6.6905,6.7617,0.2678,-0.0524,2.0875,0.0053,0.0665,-0.0691,29.9846,0.0800,3.6165,0.1737
95.500,398.730,-3.0551,-4.3125,66.610,-3.0250,-4.1693,68.622,0.1434,0.0292,0.1464,2.012,2.1575,3.5632,1.991,-5.4480,-7.5477,66.631,6.109,-0.4532,405.715,1.5945,0.0048,0.0444,9.2248,6.0434,6.4725,nan,6.8674,7.0546,0.2794,-0.0436,2.1160,0.0256,0.0542,-0.0111,30.2844,0.0655,3.8087,0.1737
95.550,399.071,-2.9160,-4.0010,64.931,-2.8594,-3.8072,66.743,0.1996,0.0308,0.2019,1.813,2.2117,3.5159,1.638,-5.2783,-7.1751,65.105,6.279,-0.5184,406.076,1.5620,0.0067,0.0295,4.4385,6.1242,6.2532,nan,6.9942,7.2247,0.2861,-0.0266,2.0984,0.0314,0.0274,-0.0139,30.5842,0.0800,2.5782,0.1737
95.600,399.445,-2.7531,-3.6640,63.227,-2.7051,-3.4820,64.647,0.1841,0.0391,0.1882,1.420,2.2291,3.5026,1.494,-5.1147,-6.8536,63.153,6.409,-0.4589,406.467,1.5616,0.0019,0.0313,16.4954,6.1558,6.2532,nan,7.0000,7.2256,0.2862,-0.0014,2.0970,0.0172,0.0003,-0.0186,30.8841,0.0779,2.5782,0.1737
95.650,399.829,-2.5765,-3.3233,61.740,-2.5311,-3.1208,63.666,0.1998,0.0559,0.2075,1.925,2.1773,3.5524,1.930,-4.9304,-6.5109,61.736,6.580,-0.3406,406.872,1.5539,0.0027,0.0296,10.8459,6.3256,6.5599,nan,7.0000,7.1143,0.2818,0.0177,2.0953,0.0113,-0.0121,-0.0229,31.2839,0.0386,3.7379,0.1737
95.700,399.829,-2.5765,-3.3233,61.740,-2.5311,-3.1208,63.666,0.1998,0.0559,0.2075,1.925,2.1773,3.5524,1.930,-4.9304,-6.5109,61.736,6.580,-0.3406,406.872,1.5539,0.0027,0.0296,10.8459,6.5830,7.1421,nan,7.0000,6.9251,0.2743,0.0278,2.0739,0.0183,-0.0111,0.0151,31.6837,-0.0244,3.1797,0.1737
95.750,400.202,-2.3988,-2.9948,61.620,-2.3241,-2.6952,63.568,0.2991,0.0767,0.3087,1.949,2.0707,3.6670,2.937,-4.7150,-6.1287,60.632,6.739,0.0886,407.266,1.5161,0.0027,0.0224,8.1903,6.7310,6.9639,nan,6.6572,6.6011,0.2614,-0.0075,2.0223,0.0630,0.0391,0.0331,32.0835,-0.0193,1.3817,0.1737
95.800,400.575,-2.2227,-2.6666,62.193,-2.1405,-2.3208,65.463,0.3442,0.0886,0.3554,3.270,2.0321,3.7502,3.564,-4.5419,-5.7999,61.899,6.794,0.2423,407.649,1.5191,0.0074,0.0469,6.3754,6.8014,6.9528,nan,6.2980,6.2573,0.2478,-0.0224,1.9904,0.0848,0.0568,0.0532,32.4832,-0.0800,-0.8374,0.1737
95.850,400.907,-2.0692,-2.3723,63.015,-1.9813,-1.9984,66.280,0.3731,0.0913,0.3841,3.265,2.0718,3.7487,3.405,-4.3873,-5.4962,62.875,6.759,0.2959,407.982,1.5182,0.0094,0.0397,4.2044,6.7376,6.7988,nan,6.0588,6.1986,0.2455,-0.0133,1.9716,0.0895,0.0561,0.0620,32.7831,-0.0800,-0.5804,0.1737
95.900,401.281,-1.8993,-2.0387,62.891,-1.7976,-1.6132,66.676,0.4250,0.1034,0.4374,3.785,2.1696,3.6924,2.598,-4.2037,-5.1204,64.078,6.608,-0.1690,408.345,1.5060,0.0026,0.0265,10.0364,6.3044,5.8588,nan,5.9089,5.6829,0.2251,0.0462,1.9522,0.0522,-0.0206,0.0628,33.0830,0.0800,-4.9197,0.1737
95.950,401.708,-1.7025,-1.6595,62.129,-1.6585,-1.3040,66.077,0.3348,0.1273,0.3582,3.948,2.0772,3.8161,3.772,-4.0645,-4.8633,62.306,6.359,-0.1329,408.753,1.5624,0.0045,0.0218,4.8793,6.4702,6.7118,nan,5.6934,5.8619,0.2322,0.0833,1.9485,0.0357,-0.0509,0.0369,33.4827,0.0800,-3.2508,0.1737
96.000,402.079,-1.5284,-1.3326,61.730,-1.4439,-0.8525,65.969,0.4629,0.1530,0.4875,4.240,2.0593,3.8876,4.296,-3.8484,-4.4644,61.674,6.190,0.0341,409.111,1.5200,0.0030,0.0225,7.4758,6.5574,6.7118,nan,5.4144,5.3109,0.2103,0.1006,1.9474,0.0393,-0.0539,0.0793,33.7826,-0.0432,-3.2508,0.1737
96.050,402.411,-1.3733,-1.0391,62.943,-1.3110,-0.5551,65.872,0.4593,0.1647,0.4880,2.929,2.1007,3.9211,4.039,-3.7186,-4.2248,61.833,5.901,0.4795,409.420,1.5452,0.0002,0.0130,70.0605,6.1923,5.9941,nan,5.2738,5.2394,0.2075,0.1128,1.9118,0.0237,-0.0604,0.1108,34.0824,-0.0150,-6.3918,0.1737
96.100,402.708,-1.2417,-0.7719,65.367,-1.2008,-0.3056,68.493,0.4409,0.1571,0.4681,3.126,2.0981,3.9161,4.197,-3.5990,-3.9690,64.296,5.582,0.8972,409.694,1.5574,0.0029,0.0195,6.6961,5.9332,5.8767,nan,5.0365,4.9474,0.1959,0.1168,1.8660,0.0291,-0.0318,0.1328,34.3823,-0.0400,-7.0399,0.1737
96.150,402.993,-1.1282,-0.5113,68.237,-1.1026,-0.0086,72.578,0.4764,0.1626,0.5034,4.341,2.0981,3.9161,4.197,-3.4793,-3.6799,68.381,5.357,0.9659,409.963,1.5508,0.0045,0.0320,7.0611,5.6595,5.5931,nan,4.8607,4.7971,0.1900,0.0834,1.8245,0.0372,0.0173,0.1506,34.6821,-0.0298,-4.9450,0.1737
96.200,402.993,-1.1282,-0.5113,68.237,-1.0917,0.0160,72.728,0.5032,0.1616,0.5285,4.491,2.0986,3.9490,4.347,-3.4793,-3.6799,68.381,5.357,0.9659,410.100,1.5508,0.0045,0.0276,6.0920,5.2449,4.5997,nan,4.7653,4.9207,0.1949,0.0628,1.7474,0.0537,0.0382,0.1609,34.8820,0.0800,-6.4270,0.1737
96.250,403.285,-1.0259,-0.2378,71.296,-1.0425,0.1678,74.250,0.3788,0.1457,0.4059,2.954,2.1879,3.8508,3.088,-3.4240,-3.5037,71.162,5.095,0.8275,410.238,1.6015,0.0053,0.0396,7.4132,5.1752,5.2098,nan,4.4940,4.4766,0.1773,0.0903,1.7318,0.0438,0.0201,0.1714,35.0819,-0.0089,-4.1333,0.1737
96.300,403.559,-0.9418,0.0233,73.340,-0.9488,0.4948,76.246,0.4497,0.1419,0.4715,2.907,2.2524,3.8255,2.338,-3.3344,-3.1974,73.908,4.901,0.5396,410.500,1.5935,0.0144,0.0430,2.9794,4.8619,4.7708,nan,4.4121,4.5256,0.1792,0.1395,1.7149,0.0196,-0.0417,0.1794,35.3818,0.0800,-1.2021,0.1737
96.350,403.842,-0.8640,0.2950,74.973,-0.8813,0.6894,76.546,0.3764,0.1190,0.3948,1.573,2.3141,3.7324,1.458,-3.2718,-2.9607,75.088,4.811,0.6151,410.778,1.6104,0.0080,0.0241,3.0324,4.8721,4.9242,nan,4.2345,4.2975,0.1702,0.1771,1.6864,-0.0141,-0.0614,0.1805,35.5817,0.0351,-5.8098,0.1737
96.400,404.090,-0.8030,0.5361,76.968,-0.8116,0.9491,77.577,0.4004,0.1015,0.4131,0.608,2.3644,3.6725,0.652,-3.2069,-2.6871,76.925,4.595,0.7475,411.013,1.6049,0.0092,0.0119,1.3030,4.4788,4.2525,nan,4.1353,4.0629,0.1609,0.1927,1.6685,-0.0322,-0.0510,0.1814,35.6816,0.0800,-2.7493,0.1737
96.450,404.344,-0.7512,0.7848,80.084,-0.7749,1.1323,80.169,0.3383,0.0832,0.3484,0.085,2.3608,3.6677,0.814,-3.1714,-2.4906,79.356,4.477,1.0510,411.262,1.6242,0.0137,0.0180,1.3160,4.4463,4.4800,nan,3.9694,3.9826,0.1577,0.1824,1.6165,-0.0321,-0.0104,0.1764,35.8815,0.0800,-4.3260,0.1737
96.500,404.594,-0.7152,1.0320,84.000,-0.7309,1.3477,82.518,0.3123,0.0486,0.3161,-1.482,2.4452,3.5315,-0.890,-3.1418,-2.2329,83.409,4.300,1.2331,411.504,1.6298,0.0162,0.0183,1.1275,4.3669,4.3905,nan,3.8680,3.9150,0.1551,0.1707,1.5584,-0.0187,0.0300,0.1838,36.0814,0.0800,-5.1412,0.1737
96.550,404.821,-0.6980,1.2578,87.877,-0.7122,1.5485,85.755,0.2900,0.0249,0.2911,-2.122,2.4973,3.4162,-2.221,-3.1347,-1.9906,87.975,4.109,1.1808,411.721,1.6389,0.0158,0.0171,1.0822,4.3543,4.3905,nan,3.7648,3.8004,0.1505,0.2012,1.5171,-0.0455,0.0193,0.2453,36.2813,0.0206,-5.1412,0.1737
96.600,405.023,-0.6956,1.4600,91.187,-0.7100,1.7062,89.388,0.2465,0.0093,0.2467,-1.799,2.4939,3.4166,-1.986,-3.1427,-1.8204,91.374,3.986,1.1690,411.918,1.6513,0.0121,0.0133,1.1038,3.9935,3.8640,nan,3.7648,3.6817,0.1458,0.2043,1.5146,-0.0458,0.0254,0.2545,36.3812,0.0800,-3.3633,0.1737
96.650,405.233,-0.7060,1.6703,94.956,-0.7072,1.8250,92.100,0.1542,-0.0122,0.1547,-2.856,2.5190,3.3138,-2.508,-3.1579,-1.6285,94.608,3.831,1.2014,412.122,1.6576,0.0194,0.0121,0.6215,3.8189,3.8186,nan,3.6894,3.4250,0.1356,0.2021,1.4484,-0.0367,0.0352,0.2363,36.5811,0.0800,-4.3400,0.1737
96.700,405.443,-0.7303,1.8790,98.773,-0.7224,2.0169,95.612,0.1350,-0.0289,0.1381,-3.161,2.5446,3.2278,-3.250,-3.1931,-1.3942,98.862,3.673,1.1521,412.324,1.6665,0.0336,0.0126,0.3760,3.9416,4.0058,nan,3.5330,3.5819,0.1419,0.1889,1.3200,-0.0250,0.0694,0.2553,36.6811,0.0800,-2.0922,0.1737
96.750,405.640,-0.7657,2.0719,102.305,-0.7527,2.1877,99.190,0.1103,-0.0373,0.1165,-3.115,2.5446,3.2278,-3.250,-3.2331,-1.2254,102.440,3.494,1.0428,412.512,1.6729,0.0393,0.0117,0.2973,3.6343,3.5681,nan,3.5330,3.3708,0.1335,0.1878,1.3784,-0.0130,0.0822,0.2942,36.7810,0.0800,-5.2526,0.1737
96.800,405.640,-0.7657,2.0719,102.305,-0.7454,2.1706,98.557,0.0921,-0.0409,0.1008,-3.748,2.5633,3.1743,-3.883,-3.2331,-1.2254,102.440,3.494,1.0428,412.512,1.6729,0.0393,0.0143,0.3625,3.4123,3.3924,nan,3.4501,3.4789,0.1378,0.1942,1.2942,-0.0033,0.0840,0.3349,36.8810,0.0166,-0.0854,0.1737
96.850,405.835,-0.8124,2.2620,105.602,-0.7869,2.3554,102.223,0.0831,-0.0496,0.0968,-3.378,2.5550,3.1998,-3.511,-3.2839,-1.0475,105.734,3.476,1.0139,412.708,1.6780,0.0093,0.0216,2.3244,3.3907,3.4148,nan,3.2775,3.4097,0.1350,0.1893,1.1355,0.0154,0.0649,0.3899,37.0809,0.0766,-3.3535,0.1737
96.900,406.030,-0.8696,2.4477,108.864,-0.8423,2.5419,105.355,0.0803,-0.0563,0.0981,-3.509,2.5465,3.2173,-3.365,-3.3434,-0.8731,108.719,3.367,1.0160,412.898,1.6813,0.0272,0.0220,0.8078,3.4920,3.5439,nan,3.1940,3.3147,0.1313,0.2333,1.1695,0.0287,0.0446,0.3785,37.2808,0.0699,0.2507,0.1737
96.950,406.209,-0.9317,2.6156,111.963,-0.9016,2.7036,109.430,0.0703,-0.0608,0.0930,-2.533,2.5404,3.2285,-2.650,-3.4141,-0.6835,112.080,3.378,0.9976,413.078,1.6879,0.0280,0.0180,0.6432,3.2927,3.2800,nan,3.0405,3.1242,0.1237,0.2017,1.1027,0.0493,0.0657,0.3943,37.3807,0.0800,-0.9801,0.1737
97.000,406.397,-1.0065,2.7882,115.141,-0.9718,2.8665,112.966,0.0562,-0.0647,0.0857,-2.175,2.5302,3.2533,-2.273,-3.4839,-0.5254,115.239,3.339,1.0638,413.266,1.6843,0.0342,0.0144,0.4203,3.2630,3.2849,nan,2.9646,3.0843,0.1222,0.2217,1.0628,0.0692,0.0440,0.4233,37.5806,0.0800,-2.4772,0.1737
97.050,406.581,-1.0899,2.9528,118.933,-1.0531,3.0299,116.791,0.0496,-0.0695,0.0854,-2.142,2.5263,3.2897,-1.705,-3.5701,-0.3663,118.496,3.256,1.0492,413.448,1.6875,0.0457,0.0110,0.2412,3.2926,3.3245,nan,2.8113,2.8294,0.1121,0.2393,1.0013,0.0825,0.0156,0.4612,37.7805,0.0104,-3.2416,0.1737
97.100,406.757,-1.1786,3.1040,122.097,-1.1521,3.2031,120.756,0.0699,-0.0751,0.1026,-1.341,2.5217,3.3194,-1.476,-3.6696,-0.2109,122.232,3.131,1.0544,413.619,1.6979,0.0165,0.0142,0.8596,3.2971,3.3245,nan,2.5358,2.5274,0.1001,0.2690,0.9788,0.0892,-0.0204,0.5241,37.9804,-0.0800,-3.2416,0.1737
97.150,406.908,-1.2622,3.2302,125.102,-1.2438,3.3199,124.561,0.0628,-0.0667,0.0916,-0.541,2.5193,3.3447,-0.867,-3.7622,-0.0817,125.428,3.058,1.0577,413.768,1.7067,0.0143,0.0044,0.3065,3.1130,3.1033,nan,2.5358,2.4133,0.0956,0.3120,0.9241,0.0890,-0.0198,0.5630,38.0804,-0.0709,-2.6137,0.1737
97.200,407.093,-1.3734,3.3781,129.044,-1.3369,3.4275,127.843,0.0154,-0.0594,0.0614,-1.200,2.5097,3.3526,-0.756,-3.8473,0.0241,128.599,2.825,1.1336,413.943,1.6850,0.0308,0.0029,0.0946,2.8029,2.7209,nan,2.5144,2.5985,0.1029,0.2610,0.8321,0.1071,-0.0196,0.5993,38.1803,0.0487,-1.1044,0.1737
97.250,407.239,-1.4689,3.4883,132.998,-1.3369,3.4275,127.843,-0.1345,-0.0550,0.1453,-5.155,2.5097,3.3526,-0.756,-3.8473,0.0241,128.599,2.825,1.1336,414.078,1.6075,0.0898,0.0029,0.0325,2.9728,3.0466,nan,2.5470,2.5154,0.0996,0.3970,0.8825,0.1114,-0.0728,0.6562,38.3802,-0.0183,-7.6689,0.1737
97.300,407.239,-1.4689,3.4883,132.998,-1.4601,3.5834,131.487,0.0635,-0.0713,0.0955,-1.510,2.5108,3.3372,-1.193,-3.9751,0.1635,132.681,2.541,1.0603,414.078,1.7140,0.0391,0.0180,0.4617,2.6042,2.4138,nan,2.5470,2.4403,0.0966,0.4032,0.8000,0.1027,-0.0846,0.5707,38.4802,0.0800,0.2112,0.1737
97.350,407.384,-1.5708,3.5912,136.407,-1.5325,3.6490,135.155,0.0121,-0.0683,0.0693,-1.252,2.5108,3.3372,-1.193,-4.0489,0.2275,136.348,2.527,1.1444,414.223,1.6903,0.0121,0.0112,0.9248,2.6192,2.6426,nan,2.3905,2.2959,0.0909,0.4933,0.8000,0.0943,-0.0718,0.3563,38.5801,0.0800,-2.2209,0.1737
97.400,407.518,-1.6711,3.6802,140.929,-1.6497,3.7496,139.059,0.0271,-0.0674,0.0726,-1.870,2.5118,3.3566,-0.889,-4.1671,0.3284,139.948,2.451,1.5496,414.358,1.7067,0.0156,0.0145,0.9281,2.4872,2.4852,nan,2.2762,2.1517,0.0852,0.5137,0.8000,0.1042,-0.0860,0.9410,38.7800,-0.0721,-2.3420,0.1666
97.450,407.650,-1.7775,3.7596,145.763,-1.7596,3.8368,144.532,0.0286,-0.0739,0.0792,-1.231,2.5080,3.3224,-1.498,-4.2796,0.4026,146.031,2.376,1.5629,414.489,1.7133,0.0227,0.0096,0.4220,2.3165,2.3029,nan,2.2762,2.2456,0.0889,0.5907,0.8000,0.0917,-0.1116,0.8944,38.8800,-0.0177,-4.1795,0.1666
97.500,407.781,-1.8889,3.8280,151.457,-1.8669,3.9160,149.286,0.0227,-0.0878,0.0907,-2.171,2.5023,3.3484,-1.425,-4.3820,0.4588,150.711,2.233,1.7779,414.618,1.7059,0.0386,0.0146,0.3775,2.3237,2.3434,nan,2.1977,2.1395,0.0847,0.6563,0.8000,0.0723,-0.0903,0.8686,38.9799,-0.0337,-4.6888,0.1666
97.550,407.900,-1.9955,3.8795,156.998,-1.9916,3.9785,155.329,0.0351,-0.0927,0.0991,-1.669,2.4954,3.3228,-1.851,-4.5059,0.5105,157.179,2.108,1.7844,414.735,1.7230,0.0436,0.0196,0.4489,2.1144,2.0851,nan,2.1885,2.2447,0.0889,0.6787,0.8000,0.0709,-0.0901,0.8518,39.0799,0.0326,-0.7419,0.1666
97.600,408.015,-2.1040,3.9191,163.144,-2.0861,4.0094,160.709,0.0090,-0.0916,0.0920,-2.436,2.4954,3.3228,-1.851,-4.6013,0.5383,162.559,2.092,2.0002,414.855,1.7115,0.0069,0.0421,6.0658,2.0742,2.0851,nan,2.1792,2.2589,0.0895,0.7437,0.8000,0.0519,-0.0953,0.8622,39.1798,0.0462,-0.7419,0.1666
97.650,408.114,-2.1996,3.9430,168.931,-2.2118,4.0568,167.095,0.0338,-0.1094,0.1145,-1.836,2.4847,3.3548,-1.726,-4.7155,0.5603,168.821,2.024,2.1291,414.956,1.7302,0.0056,0.0453,8.0695,2.0371,2.0482,nan,2.2133,2.3473,0.0930,0.7544,0.8000,0.0485,-0.0584,1.0097,39.2798,0.0776,-1.4510,0.1666
97.700,408.229,-2.3142,3.9581,176.158,-2.3329,4.0838,174.270,0.0270,-0.1242,0.1271,-1.888,2.4731,3.3866,-1.532,-4.8229,0.5685,175.802,2.036,2.2618,415.080,1.7240,0.0129,0.0417,3.2357,2.0327,2.0482,nan,2.3107,2.3527,0.0932,0.7744,0.8000,0.0253,-0.1712,1.1875,39.4797,0.0800,-1.4510,0.1666
97.750,408.340,-2.4254,3.9586,-176.295,-2.4709,4.0872,-178.117,0.0371,-0.1313,0.1364,-1.821,2.4666,3.4199,-1.219,-4.9505,0.5622,-176.897,2.016,2.4940,415.201,1.7412,0.0221,0.0515,2.3270,2.1585,2.2042,nan,2.4284,2.4785,0.0982,0.7770,0.8000,-0.0042,-0.1616,1.2528,39.5796,0.0800,-1.0279,0.1666
97.800,408.454,-2.5378,3.9435,-168.043,-2.6021,4.0638,-169.311,0.0380,-0.1310,0.1364,-1.268,2.4666,3.4199,-1.219,-5.0812,0.5360,-168.091,2.042,2.6070,415.330,1.7608,0.0311,0.0490,1.5759,2.2261,2.2564,nan,2.5267,2.5914,0.1026,0.7532,0.8000,-0.0209,-0.1293,1.2404,39.6795,0.0800,-0.7938,0.1666
97.850,408.454,-2.5378,3.9435,-168.043,-2.6022,4.0601,-169.379,0.0388,-0.1274,0.1332,-1.337,2.4657,3.4101,-1.288,-5.0812,0.5360,-168.091,2.042,2.6070,415.330,1.7608,0.0311,0.0500,1.6086,2.2324,2.2512,nan,2.6323,2.7513,0.1090,0.7159,0.8000,-0.0252,-0.1084,1.0729,39.7795,0.0689,0.5421,0.1666
97.900,408.572,-2.6516,3.9106,-159.368,-2.7243,4.0302,-160.583,0.0259,-0.1376,0.1400,-1.214,2.4667,3.4697,-0.748,-5.1979,0.4926,-159.834,2.123,2.6451,415.468,1.7652,0.0055,0.0771,13.9892,2.4282,2.5091,nan,2.8429,2.9800,0.1180,0.7013,0.8000,-0.0501,-0.1651,1.0181,39.9794,0.0794,1.4244,0.1666
97.950,408.687,-2.7563,3.8629,-151.232,-2.8640,3.9513,-151.293,0.0519,-0.1293,0.1393,-0.061,2.4671,3.5087,-0.236,-5.3328,0.4206,-151.057,2.221,2.6368,415.602,1.7988,0.0054,0.0778,14.5256,2.4275,2.4468,nan,2.8783,2.9991,0.1188,0.6196,0.8072,-0.0528,-0.1204,0.8579,40.0793,0.0699,2.4385,0.1666
98.000,408.815,-2.8639,3.7936,-142.635,-2.9543,3.8654,-142.683,0.0283,-0.1119,0.1154,-0.048,2.4855,3.5460,0.222,-5.4385,0.3405,-142.905,2.350,2.7175,415.752,1.7986,0.0140,0.0647,4.6202,2.6421,2.7386,nan,2.9308,2.7948,0.1107,0.5289,0.9315,-0.0445,-0.1209,0.6680,40.2792,-0.0787,2.8553,0.1666
98.050,408.942,-2.9589,3.7104,-134.417,-3.0621,3.7542,-133.721,0.0409,-0.1043,0.1121,0.696,2.4933,3.5988,0.740,-5.5528,0.2271,-134.461,2.510,2.5520,415.902,1.8228,0.0161,0.0603,3.7504,2.7995,2.8649,nan,3.1274,3.0107,0.1192,0.4512,0.9870,-0.0438,-0.0540,0.6141,40.3791,-0.0675,2.5336,0.1666
98.100,409.075,-3.0462,3.6095,-126.783,-3.1408,3.6192,-125.382,0.0489,-0.0816,0.0951,1.401,2.5129,3.6165,0.925,-5.6530,0.0940,-126.307,2.615,2.4783,416.053,1.8414,0.0162,0.0530,3.2710,2.7278,2.7392,nan,3.2302,3.3623,0.1332,0.3619,0.9617,-0.0204,-0.0022,0.6710,40.4791,0.0765,1.6707,0.1666
98.150,409.222,-3.1272,3.4864,-119.725,-3.1949,3.4985,-118.375,0.0231,-0.0648,0.0688,1.350,2.5232,3.6173,0.918,-5.7194,-0.0272,-119.293,2.653,1.9694,416.207,1.8267,0.0223,0.0473,2.1181,2.8490,2.9007,nan,3.4453,3.2946,0.1305,0.3021,1.0374,-0.0115,-0.0608,0.6539,40.6790,0.0800,3.6572,0.1666
98.200,409.372,-3.1946,3.3529,-113.663,-3.2477,3.3474,-111.974,0.0263,-0.0465,0.0534,1.689,2.5377,3.6617,1.244,-5.7909,-0.1886,-113.218,2.788,1.7502,416.368,1.8364,0.0259,0.0479,1.8461,2.7983,2.8135,nan,3.5572,3.5099,0.1390,0.2637,1.0783,-0.0182,-0.0329,0.5357,40.7790,0.0800,5.5498,0.1666
98.250,409.535,-3.2535,3.2004,-108.357,-3.2839,3.2155,-107.043,-0.0048,-0.0336,0.0340,1.313,2.5481,3.6453,0.913,-5.8382,-0.3368,-107.957,3.022,1.4733,416.549,1.8241,0.0104,0.0280,2.7036,2.7921,2.8135,nan,3.6696,3.6080,0.1429,0.1817,1.1132,-0.0008,-0.0022,0.4677,40.8789,0.0800,5.5498,0.1666
98.300,409.730,-3.3064,3.0136,-103.164,-3.3324,3.0106,-102.412,0.0088,-0.0246,0.0261,0.753,2.5481,3.6453,0.913,-5.8899,-0.5409,-103.325,3.147,1.2222,416.751,1.8266,0.0219,0.0346,1.5796,3.0424,3.1817,nan,3.9886,3.9250,0.1554,0.1493,1.2865,-0.0067,-0.0409,0.3557,41.0788,0.0800,2.8218,0.1666
98.350,409.730,-3.3064,3.0136,-103.164,-3.3227,3.0124,-102.713,0.0049,-0.0156,0.0164,0.451,2.5610,3.6162,0.612,-5.8899,-0.5409,-103.325,3.147,1.2222,416.751,1.8266,0.0219,0.0295,1.3473,3.2800,3.4101,nan,4.1858,4.2344,0.1677,0.1173,1.3525,-0.0044,-0.0546,0.2356,41.2787,0.0800,5.1705,0.1666
98.400,409.910,-3.3428,2.8372,-100.201,-3.3530,2.8057,-98.220,0.0328,-0.0045,0.0331,1.981,2.5619,3.6345,0.659,-5.9241,-0.7607,-98.879,3.382,0.8202,416.944,1.8345,0.0252,0.0325,1.2895,3.1593,3.1657,nan,4.2827,4.1446,0.1641,0.1262,1.3028,-0.0157,-0.0740,0.1851,41.3787,0.0800,6.1289,0.1666
98.450,410.129,-3.3763,2.6208,-97.328,-3.3709,2.6423,-96.605,-0.0220,0.0026,0.0222,0.723,2.5607,3.6603,0.880,-5.9465,-0.9267,-97.485,3.656,0.7192,417.180,1.8122,0.0155,0.0111,0.7162,3.3908,4.0794,nan,4.1164,4.1530,0.1645,0.0781,1.3195,-0.0311,-0.0823,0.1359,41.6785,0.0209,6.3471,0.1666
98.500,410.330,-3.3985,2.4208,-95.215,-3.3876,2.3681,-93.644,0.0515,0.0156,0.0539,1.571,2.5536,3.7180,1.411,-5.9727,-1.2032,-95.055,3.902,0.7238,417.397,1.8340,0.0168,0.0130,0.7746,3.6854,3.9655,nan,3.7563,4.0088,0.1588,0.0324,1.2827,-0.0367,-0.0642,0.1148,41.8784,-0.0800,1.9277,0.1666
98.550,410.567,-3.4150,2.1845,-92.627,-3.3957,2.1630,-92.150,0.0206,0.0203,0.0289,0.477,2.5706,3.6578,0.698,-5.9841,-1.4220,-92.848,3.982,0.5500,417.640,1.8247,0.0226,0.0112,0.4973,3.9744,4.2415,nan,3.5394,3.6544,0.1447,-0.0339,1.2289,-0.0461,-0.0518,0.0310,42.0783,-0.0800,1.0816,0.1666
98.600,410.783,-3.4222,1.9685,-91.157,-3.3936,1.9127,-89.543,0.0552,0.0297,0.0627,1.614,2.5524,3.7253,1.327,-5.9865,-1.6744,-90.870,4.012,0.2901,417.858,1.8293,0.0120,0.0125,1.0414,4.1470,4.2415,nan,3.2296,3.2268,0.1278,-0.1011,1.2087,-0.0624,-0.0317,-0.0809,42.2782,-0.0016,1.0816,0.1666
98.650,411.002,-3.4253,1.7493,-90.535,-3.3881,1.7126,-88.630,0.0363,0.0375,0.0522,1.905,2.5438,3.7561,1.589,-5.9863,-1.8782,-90.219,3.934,0.1008,418.073,1.8222,0.0137,0.0152,1.1122,3.9370,3.9265,nan,3.1142,3.1079,0.1231,-0.1588,1.1055,-0.0624,-0.0023,-0.1819,42.4781,-0.0037,-0.9554,0.1666
98.700,411.210,-3.4277,1.5418,-91.077,-3.3854,1.5088,-88.777,0.0322,0.0429,0.0536,2.300,2.5472,3.7356,1.448,-5.9870,-2.0762,-90.225,3.514,-0.2169,418.255,1.8181,0.0161,0.0184,1.1432,3.8055,3.8153,nan,2.8851,2.7774,0.1100,-0.2240,1.0635,-0.0621,0.0362,-0.2763,42.6780,-0.0800,-8.5215,0.1666
98.750,411.394,-3.4336,1.3575,-93.270,-3.3880,1.3423,-90.320,0.0125,0.0464,0.0480,2.950,2.5472,3.7356,1.448,-5.9938,-2.2425,-91.768,3.215,-0.8764,418.424,1.8145,0.0232,0.0210,0.9062,3.4831,3.4000,nan,2.8851,2.9316,0.1161,-0.2335,0.9734,-0.0721,0.0196,-0.3189,42.7779,0.0270,-7.0484,0.1666
98.800,411.394,-3.4336,1.3575,-93.270,-3.3917,1.3328,-90.570,0.0223,0.0433,0.0487,2.700,2.5539,3.7001,1.198,-5.9938,-2.2425,-91.768,3.215,-0.8764,418.424,1.8145,0.0232,0.0184,0.7924,3.1482,3.0443,nan,2.7936,2.8555,0.1131,-0.1180,0.8840,-0.0975,-0.0548,-0.3614,42.8779,0.0800,-7.6338,0.1666
98.850,411.564,-3.4474,1.1880,-96.609,-3.4051,1.1931,-94.237,-0.0099,0.0414,0.0426,2.372,2.5243,3.7901,1.921,-6.0131,-2.3968,-96.158,2.915,-1.0628,418.581,1.8162,0.0390,0.0131,0.3361,2.8263,2.7315,nan,2.7936,2.5606,0.1014,-0.0439,0.8235,-0.1100,-0.0735,-0.4028,42.9779,0.0800,-1.2878,0.1666
98.900,411.723,-3.4699,1.0304,-99.905,-3.4290,1.0583,-98.144,-0.0345,0.0354,0.0495,1.762,2.5297,3.7627,1.732,-6.0378,-2.5230,-99.876,2.875,-0.8095,418.739,1.8112,0.0144,0.0219,1.5191,2.9058,2.9454,nan,2.5462,2.6312,0.1042,-0.1403,0.8121,-0.1217,-0.0228,-0.4397,43.1777,0.0800,-0.9356,0.1666
98.950,411.883,-3.4997,0.8736,-101.591,-3.4615,0.9037,-100.699,-0.0371,0.0314,0.0487,0.893,2.5276,3.7849,1.780,-6.0757,-2.6938,-102.479,2.810,-0.3236,418.895,1.8222,0.0148,0.0082,0.5569,2.8170,2.8263,nan,2.5462,2.5356,0.1004,-0.2787,0.8000,-0.1177,0.0398,-0.4608,43.2777,0.0800,-5.1767,0.1666
99.000,412.034,-3.5309,0.7258,-102.208,-3.4862,0.7405,-100.569,-0.0238,0.0406,0.0471,1.639,2.5137,3.8032,2.073,-6.1067,-2.8436,-102.642,2.621,-0.2396,419.038,1.8225,0.0135,0.0241,1.7839,2.5640,2.5197,nan,2.4220,2.3111,0.0915,-0.4276,0.8000,-0.1031,0.0921,-0.5159,43.3777,0.0800,-0.8425,0.1666
99.050,412.177,-3.5629,0.5862,-103.869,-3.5143,0.6222,-101.221,-0.0466,0.0386,0.0605,2.648,2.5258,3.7765,1.769,-6.1346,-2.9664,-102.990,2.584,-0.6217,419.180,1.8147,0.0186,0.0310,1.6673,2.4861,2.4945,nan,2.3469,2.4043,0.0952,-0.5341,0.8000,-0.0936,0.1557,-0.6852,43.5775,0.0800,-2.4238,0.1666
99.100,412.316,-3.5994,0.4519,-107.058,-3.5542,0.4991,-104.453,-0.0584,0.0294,0.0654,2.605,2.5444,3.7331,1.318,-6.1714,-3.0928,-105.771,2.483,-1.1361,419.316,1.8133,0.0081,0.0380,4.7007,2.5159,2.5409,nan,2.2630,2.2594,0.0895,-0.6488,0.8000,-0.0805,0.1891,-0.7531,43.6775,-0.0020,-2.4238,0.1666
99.150,412.433,-3.6371,0.3413,-111.162,-3.6027,0.3769,-109.007,-0.0457,0.0192,0.0495,2.155,2.5447,3.7207,1.218,-6.2171,-3.2124,-110.225,2.317,-1.5656,419.429,1.8231,0.0077,0.0280,3.6472,2.3446,2.3305,nan,2.2630,2.2920,0.0908,-0.6326,0.8000,-0.0850,0.1127,-0.6165,43.7775,0.0800,-2.1655,0.1666
99.200,412.559,-3.6878,0.2260,-116.901,-3.6604,0.2443,-115.226,-0.0287,0.0162,0.0329,1.676,2.5386,3.7088,1.267,-6.2741,-3.3266,-116.493,2.262,-1.9507,419.558,1.8290,0.0134,0.0141,1.0569,2.3160,2.3305,nan,2.1771,2.2333,0.0884,-0.6769,0.8000,-0.0907,0.1430,-0.8424,43.9773,0.0800,-2.1655,0.1666
99.251,412.697,-3.7575,0.1073,-124.494,-3.7217,0.1369,-122.467,-0.0446,0.0128,0.0464,2.027,2.5386,3.7088,1.267,-6.3378,-3.4327,-123.734,2.129,-2.2257,419.698,1.8204,0.1882,0.1272,0.6761,2.1825,2.1774,nan,2.1539,2.2598,0.0895,-0.6913,0.8000,-0.0813,0.1070,-1.0352,44.0773,0.0613,-3.6248,0.1666
99.301,412.697,-3.7575,0.1073,-124.494,-3.7268,0.1233,-122.222,-0.0306,0.0163,0.0346,2.271,2.5182,3.7220,1.512,-6.3378,-3.4327,-123.734,2.129,-2.2257,419.698,1.8204,0.0470,0.0035,0.0738,2.2553,2.2872,nan,2.1358,2.1693,0.0859,-0.7379,0.8000,-0.0751,0.0753,-1.0395,44.1773,0.0194,-2.4385,0.1666
99.350,412.814,-3.8296,0.0151,-131.762,-3.8096,0.0096,-129.224,-0.0093,0.0186,0.0208,2.538,2.4726,3.7925,2.266,-6.4268,-3.5315,-131.490,2.068,-2.2659,419.820,1.8384,0.0700,0.0108,0.1545,2.2165,2.2288,nan,2.2066,2.2356,0.0885,-0.7733,0.8000,-0.0596,0.0755,-1.0939,44.2772,0.0800,-1.3582,0.1666
99.400,412.919,-3.9038,-0.0591,-138.461,-3.8884,-0.0767,-136.026,0.0002,0.0234,0.0234,2.434,2.4644,3.8025,2.443,-6.5125,-3.6049,-138.470,2.055,-2.2869,419.931,1.8494,0.0065,0.0504,7.7837,2.1536,2.1618,nan,2.2945,2.4015,0.0951,-0.7833,0.8000,-0.0438,0.2009,-1.2908,44.4771,0.0620,-0.9270,0.1691
99.450,413.024,-3.9865,-0.1241,-145.462,-3.9748,-0.1617,-142.994,0.0117,0.0376,0.0394,2.469,2.4898,3.7361,2.045,-6.5996,-3.6647,-145.038,1.997,-2.3884,420.042,1.8526,0.0065,0.0478,7.3664,2.1838,2.2060,nan,2.4090,2.5038,0.0992,-0.7896,0.8000,-0.0142,0.1903,-1.3042,44.5770,0.0800,-1.4900,0.1691
99.501,413.135,-4.0821,-0.1808,-153.476,-4.0824,-0.2360,-151.654,0.0249,0.0493,0.0552,1.822,2.5350,3.6502,1.406,-6.7107,-3.7228,-153.059,1.989,-2.5531,420.166,1.8681,0.0229,0.0209,0.9142,2.2147,2.2375,nan,2.5128,2.6465,0.1048,-0.7604,0.8000,0.0063,0.1633,-1.2339,44.6769,0.0800,0.3009,0.1691
99.550,413.238,-4.1769,-0.2208,-161.090,-4.1860,-0.2781,-159.382,0.0272,0.0512,0.0580,1.709,2.5334,3.6600,1.511,-6.8209,-3.7595,-160.893,2.045,-2.6350,420.285,1.8826,0.0265,0.0218,0.8202,2.3121,2.3507,nan,2.6190,2.6266,0.1040,-0.7417,0.8000,0.0235,0.1441,-1.1083,44.7769,0.0044,-0.0834,0.1691
99.600,413.350,-4.2855,-0.2498,-169.474,-4.2997,-0.3053,-167.526,0.0241,0.0520,0.0573,1.948,2.5324,3.6945,1.771,-6.9524,-3.7867,-169.297,2.129,-2.6891,420.416,1.9047,0.0410,0.0268,0.6522,2.3881,2.4218,nan,2.7145,2.7370,0.1084,-0.6995,0.8000,0.0304,0.1186,-1.0694,44.8768,0.0131,1.9539,0.1691
99.650,413.468,-4.4028,-0.2633,-177.926,-4.4186,-0.3038,-175.668,0.0173,0.0399,0.0435,2.258,2.5050,3.7909,2.468,-7.0935,-3.7927,-178.136,2.233,-2.7300,420.555,1.9265,0.0698,0.0368,0.5273,2.4421,2.4714,nan,2.8174,2.9287,0.1160,-0.6516,0.8000,0.0254,0.1003,-1.0334,44.9768,0.0644,0.3808,0.1691
99.700,413.597,-4.5312,-0.2584,173.162,-4.5369,-0.2866,175.949,0.0023,0.0287,0.0288,2.788,2.5203,3.8118,2.572,-7.2341,-3.7776,173.377,2.287,-2.6456,420.701,1.9365,0.0975,0.0438,0.4493,2.5803,2.6349,nan,2.7936,2.7074,0.1072,-0.6030,0.9079,0.0358,0.1417,-0.7607,45.1767,-0.0800,1.8199,0.1691
99.750,413.725,-4.6570,-0.2344,164.843,-4.6784,-0.2507,166.846,0.0164,0.0213,0.0269,2.003,2.5635,3.7592,2.134,-7.3862,-3.7374,164.712,2.382,-2.5542,420.848,1.9594,0.0106,0.0497,4.7043,2.6091,2.6349,nan,2.8529,2.7365,0.1084,-0.5177,0.9180,0.0335,0.0852,-0.7202,45.2766,-0.0800,1.8199,0.1691
99.800,413.862,-4.7868,-0.1895,156.568,-4.7973,-0.1950,158.281,0.0075,0.0092,0.0119,1.714,2.6294,3.6685,1.406,-7.5192,-3.6801,156.875,2.518,-2.2843,421.006,1.9605,0.0226,0.0312,1.3786,2.6143,2.6361,nan,2.9329,2.8373,0.1124,-0.4552,0.9199,0.0225,0.0262,-0.6492,45.3766,-0.0553,2.8094,0.1691
99.850,414.000,-4.9097,-0.1280,150.108,-4.9337,-0.1074,150.335,0.0311,-0.0059,0.0317,0.227,2.6729,3.6212,1.034,-7.6727,-3.5907,149.301,2.564,-1.9842,421.150,1.9862,0.0280,0.0433,1.5482,2.8187,2.9110,nan,3.1053,3.1387,0.1243,-0.4061,0.9918,0.0084,0.0431,-0.7060,45.5765,0.0800,2.3961,0.1691
99.901,414.149,-5.0348,-0.0471,143.999,-5.0391,-0.0309,144.742,0.0130,-0.0106,0.0168,0.743,2.6729,3.6212,1.034,-7.7767,-3.5123,143.708,2.663,-1.7654,421.308,1.9657,0.1938,0.1818,0.9382,2.6227,2.6041,nan,3.1053,2.9427,0.1165,-0.3514,0.9228,-0.0119,0.0402,-0.7623,45.6764,0.0800,3.0213,0.1691
99.950,414.149,-5.0348,-0.0471,143.999,-5.0293,-0.0251,145.083,0.0085,-0.0210,0.0227,1.083,2.6608,3.6728,1.375,-7.7767,-3.5123,143.708,2.663,-1.7654,421.308,1.9657,0.0475,0.0289,0.6071,2.7578,2.8136,nan,3.3067,3.1898,0.1263,-0.3436,0.9960,-0.0173,0.0455,-0.7042,45.7764,0.0800,4.7687,0.1691
100.000,414.295,-5.1493,0.0442,138.632,-5.1329,0.0789,139.513,0.0106,-0.0369,0.0384,0.881,2.7132,3.6024,0.851,-7.8976,-3.4066,138.662,2.836,-1.7003,421.468,1.9698,0.0480,0.0262,0.5453,2.9427,3.0242,nan,3.5180,3.6454,0.1444,-0.2902,1.1314,-0.0275,0.0801,-0.5710,45.9763,0.0738,1.7112,0.1691
100.050,414.440,-5.2544,0.1442,134.036,-5.2541,0.1972,133.632,0.0379,-0.0371,0.0530,-0.404,2.7587,3.4845,0.006,-8.0132,-3.2864,133.627,2.851,-1.5631,421.615,1.9773,0.0095,0.0020,0.2128,2.8683,2.8805,nan,3.7058,3.6286,0.1437,-0.2631,1.1316,-0.0220,0.0548,-0.5185,46.0762,0.0800,-0.2813,0.1691
100.101,414.601,-5.3612,0.2642,129.111,-5.3531,0.3078,128.396,0.0287,-0.0338,0.0444,-0.715,2.7909,3.3892,-0.601,-8.1112,-3.1666,128.997,2.996,-1.4422,421.787,1.9687,0.0111,0.0083,0.7495,2.9982,3.0547,nan,3.7900,3.8640,0.1530,-0.2351,1.2752,-0.0114,0.0683,-0.3728,46.2762,0.0800,6.1926,0.1691
100.150,414.777,-5.4672,0.4050,124.540,-5.4547,0.4598,123.533,0.0380,-0.0414,0.0562,-1.007,2.8098,3.3368,-0.986,-8.2138,-3.0188,124.518,3.268,-1.3625,421.982,1.9643,0.0179,0.0169,0.9459,3.2890,3.5199,nan,4.0001,4.0763,0.1614,-0.2096,1.4552,-0.0029,0.0623,-0.2954,46.4760,0.0442,3.7123,0.1691
100.200,414.965,-5.5679,0.5632,120.162,-5.5629,0.6493,119.366,0.0720,-0.0476,0.0863,-0.795,2.8037,3.3620,-0.781,-8.3288,-2.8264,120.147,3.428,-1.2827,422.181,1.9742,0.0259,0.0229,0.8835,3.4616,3.5435,nan,4.1387,4.2166,0.1670,-0.1847,1.5316,0.0013,0.0627,-0.2908,46.6759,0.0447,4.4512,0.1691
100.250,415.159,-5.6598,0.7340,116.106,-5.6406,0.8246,115.004,0.0729,-0.0571,0.0926,-1.103,2.8246,3.3078,-1.137,-8.4143,-2.6508,116.141,3.611,-1.2164,422.388,1.9672,0.0294,0.0267,0.9097,3.6755,3.7882,nan,4.3969,4.5304,0.1794,-0.1527,1.6263,0.0013,0.0546,-0.2910,46.8758,0.0800,4.5760,0.1691
100.300,415.363,-5.7440,0.9200,112.308,-5.7302,1.0574,110.899,0.1219,-0.0649,0.1381,-1.409,2.8191,3.3287,-1.070,-8.5054,-2.4306,111.969,3.798,-1.1294,422.606,1.9705,0.0141,0.0121,0.8635,3.7433,3.7882,nan,4.5701,4.5189,0.1790,-0.1296,1.6562,0.0110,0.0529,-0.3006,47.0757,0.0800,4.5760,0.1691
100.350,415.612,-5.8311,1.1539,108.271,-5.8008,1.2671,107.647,0.0980,-0.0643,0.1172,-0.624,2.8034,3.3708,-0.853,-8.5719,-2.2316,108.500,3.994,-0.8883,422.870,1.9538,0.0191,0.0126,0.6615,3.6627,3.6803,nan,4.7408,4.4705,0.1771,-0.1121,1.6768,0.0161,0.0635,-0.2404,47.2756,0.0800,4.0995,0.1691
100.400,415.612,-5.8311,1.1539,108.271,-5.8008,1.2671,107.647,0.0980,-0.0643,0.1172,-0.624,2.8034,3.3708,-0.853,-8.5719,-2.2316,108.500,3.994,-0.8883,422.870,1.9538,0.0191,0.0126,0.6615,3.9315,4.4845,nan,4.9857,4.9334,0.1954,-0.1091,1.9235,0.0525,0.0847,-0.1291,47.5755,0.0800,5.4273,0.1691
100.450,415.834,-5.8962,1.3661,105.707,-5.8903,1.5667,104.720,0.1915,-0.0600,0.2007,-0.986,2.7923,3.4157,-0.578,-8.6635,-1.9365,105.298,4.199,-0.7696,423.106,1.9722,0.0191,0.0130,0.6846,4.0065,4.0559,nan,5.0626,5.0253,0.1990,-0.1038,1.9668,0.0675,0.0756,-0.1109,47.6754,0.0800,2.1360,0.1691
100.500,416.068,-5.9552,1.5920,103.380,-5.9353,1.7580,102.681,0.1569,-0.0578,0.1672,-0.699,2.7913,3.4020,-0.734,-8.7048,-1.7556,103.415,4.280,-0.7403,423.346,1.9585,0.0156,0.0084,0.5402,4.2969,4.6268,nan,5.3474,5.3670,0.2126,-0.1031,1.9668,0.0941,0.0605,-0.0531,47.9753,0.0800,0.9207,0.1691
100.550,416.293,-6.0035,1.8115,101.188,-5.9963,2.0285,100.781,0.2115,-0.0491,0.2171,-0.406,2.7772,3.4580,-0.448,-8.7621,-1.4981,101.229,4.512,-0.7608,423.589,1.9641,0.0148,0.0074,0.5021,4.5604,4.8057,nan,5.5987,5.6473,0.2237,-0.0992,1.9668,0.1111,0.0366,-0.0362,48.2751,0.0800,3.3344,0.1691
100.600,416.542,-6.0475,2.0567,98.886,-6.0473,2.3039,99.011,0.2442,-0.0384,0.2472,0.125,2.7531,3.5654,0.201,-8.8047,-1.2307,98.810,4.708,-0.7601,423.855,1.9612,0.0148,0.0098,0.6671,4.7421,4.8778,nan,5.7075,5.8072,0.2300,-0.1072,1.9292,0.1333,0.0253,-0.0573,48.5750,0.0800,5.5278,0.1691
100.650,416.808,-6.0838,2.3205,96.450,-6.0816,2.5837,95.812,0.2612,-0.0317,0.2632,-0.638,2.7702,3.4442,-0.588,-8.8425,-0.9513,96.399,4.955,-0.7755,424.143,1.9617,0.0115,0.0123,1.0711,4.9215,5.0666,nan,5.8752,5.9842,0.2370,-0.0866,1.8965,0.1213,-0.0156,-0.0562,48.7748,0.0800,5.4928,0.1691
100.700,416.808,-6.0838,2.3205,96.450,-6.0816,2.5837,95.812,0.2612,-0.0317,0.2632,-0.638,2.7702,3.4442,-0.588,-8.8425,-0.9513,96.399,4.955,-0.7755,424.143,1.9617,0.0115,0.0123,1.0711,4.9895,5.0666,nan,5.9484,6.0197,0.2384,-0.0797,1.8785,0.1151,-0.0355,-0.0707,49.0747,0.0800,5.4928,0.1691
100.750,417.319,-6.1228,2.8299,91.939,-6.1113,3.0639,91.238,0.2334,-0.0194,0.2342,-0.701,2.7694,3.3742,-0.917,-8.8746,-0.4525,92.155,5.313,-0.8688,424.688,1.9554,0.0099,0.0167,1.6988,5.2613,5.6483,nan,5.7919,5.7994,0.2297,-0.0588,1.8639,0.0796,-0.0677,-0.0916,49.3745,0.0030,3.2351,0.1691
100.800,417.610,-6.1268,3.1208,89.219,-6.1040,3.4259,88.995,0.3053,-0.0186,0.3059,-0.224,2.7558,3.4761,-0.278,-8.8594,-0.0933,89.273,5.458,-0.7536,424.994,1.9331,0.0057,0.0322,5.6061,5.4811,5.7258,nan,5.5671,5.4133,0.2144,-0.0696,1.8473,0.0720,-0.0592,-0.1199,49.6744,-0.0800,3.9449,0.1691
100.850,417.921,-6.1173,3.4314,87.032,-6.0959,3.7433,87.530,0.3126,-0.0052,0.3127,0.497,2.7470,3.6263,0.783,-8.8405,0.2379,86.747,5.614,-0.5588,425.321,1.9232,0.0027,0.0375,13.7287,5.5876,5.7108,nan,5.3937,5.2463,0.2078,-0.0995,1.8337,0.0745,-0.0228,-0.1175,49.9742,-0.0611,0.3176,0.1691
100.900,418.230,-6.0974,3.7399,85.396,-6.0854,4.0510,86.360,0.3110,0.0130,0.3113,0.963,2.7375,3.6689,1.082,-8.8141,0.5487,85.277,5.613,-0.5677,425.633,1.9167,0.0033,0.0398,12.1049,5.6230,5.7053,nan,5.1725,5.2401,0.2075,-0.1123,1.8268,0.0648,-0.0147,-0.1136,50.2741,0.0308,-3.7616,0.1691
100.950,418.539,-6.0682,4.0478,83.442,-6.0494,4.3089,84.340,0.2616,0.0111,0.2618,0.898,2.7405,3.5596,0.815,-8.7783,0.8743,83.524,5.448,-0.7134,425.931,1.9099,0.0098,0.0354,3.6265,5.6341,5.7053,nan,5.0072,5.1546,0.2041,-0.1361,1.8268,0.0749,-0.0142,-0.1250,50.4740,0.0709,-3.7616,0.1691
101.000,418.813,-6.0324,4.3191,81.052,-6.0159,4.5234,82.092,0.2044,0.0155,0.2050,1.041,2.7385,3.5291,0.715,-8.7413,1.1035,81.377,5.300,-0.8445,426.196,1.9095,0.0068,0.0327,4.8106,5.3061,5.1886,nan,5.0072,4.9944,0.1978,-0.1097,1.7927,0.0402,-0.0377,-0.1525,50.6739,0.0800,-3.8949,0.1691
101.050,419.089,-5.9832,4.5914,77.801,-5.9633,4.7552,78.850,0.1643,0.0151,0.1650,1.048,2.7307,3.4321,0.388,-8.6848,1.3819,78.462,5.159,-0.9779,426.466,1.9020,0.0038,0.0282,7.4394,5.2231,5.2544,nan,4.8437,4.9702,0.1968,-0.0985,1.7753,0.0130,-0.0624,-0.1808,50.8738,0.0626,-3.1336,0.1691
101.100,419.369,-5.9186,4.8634,75.057,-5.8958,4.9692,74.414,0.1081,0.0052,0.1082,-0.643,2.7152,3.2895,-0.212,-8.6172,1.6478,74.626,5.021,-0.8206,426.737,1.8991,0.0016,0.0171,10.5407,5.0488,5.0473,nan,4.7855,4.9007,0.1941,-0.0589,1.7557,-0.0267,-0.0993,-0.1921,51.0737,0.0800,-3.0735,0.1691
101.151,419.648,-5.8418,5.1312,72.618,-5.8212,5.2006,72.320,0.0724,0.0011,0.0724,-0.298,2.7152,3.2895,-0.212,-8.5435,1.8795,72.533,4.934,-0.6116,427.011,1.9037,0.0641,0.0774,1.2079,4.8238,4.7997,nan,4.7238,4.6782,0.1853,-0.0479,1.7140,-0.0679,-0.0957,-0.2014,51.2736,0.0800,-1.9476,0.1691
101.200,419.648,-5.8418,5.1312,72.618,-5.8268,5.1700,72.721,0.0415,-0.0027,0.0416,0.103,2.7228,3.3187,0.189,-8.5435,1.8795,72.533,4.934,-0.6116,427.011,1.9037,0.0027,0.0106,3.9483,4.9858,5.1197,nan,4.5113,4.5204,0.1790,-0.0730,1.7140,-0.0857,-0.0663,-0.2101,51.4735,0.0047,-1.6182,0.1691
101.250,419.936,-5.7523,5.4055,71.103,-5.7204,5.4605,70.369,0.0624,-0.0124,0.0636,-0.735,2.7150,3.2527,-0.067,-8.4380,2.1979,70.436,4.841,-0.3723,427.294,1.8860,0.0059,0.0037,0.6378,4.6524,4.5445,nan,4.4332,4.5176,0.1789,-0.0965,1.6821,-0.1041,-0.0257,-0.2199,51.6734,0.0800,-3.3160,0.1691
101.300,420.217,-5.6587,5.6706,69.883,-5.6458,5.6521,69.280,-0.0129,-0.0184,0.0225,-0.603,2.6898,3.1577,-0.627,-8.3625,2.4029,69.908,4.694,-0.4481,427.566,1.9066,0.0023,0.0022,0.9600,4.7667,4.8576,nan,4.2898,4.2722,0.1692,-0.1040,1.6020,-0.1179,-0.0157,-0.2310,51.8733,-0.0095,-3.5933,0.1691
101.350,420.485,-5.5634,5.9207,68.144,-5.5375,5.9208,67.585,0.0098,-0.0240,0.0259,-0.559,2.6776,3.1234,-0.814,-8.2540,2.6804,68.399,4.550,-0.6116,427.824,1.8921,0.0021,0.0098,4.6087,4.5299,4.5021,nan,4.1418,4.2003,0.1663,-0.1111,1.6020,-0.1266,-0.0112,-0.2381,52.0732,0.0333,-1.9920,0.1691
101.400,420.724,-5.4711,6.1413,66.108,-5.4573,6.1024,65.665,-0.0300,-0.0284,0.0413,-0.442,2.6761,3.1350,-0.639,-8.1660,2.8765,66.305,4.473,-0.6942,428.060,1.8976,0.0030,0.0088,2.9385,4.4610,4.4876,nan,3.9941,4.0411,0.1600,-0.1292,1.5040,-0.1306,0.0213,-0.2446,52.3730,0.0272,-4.0174,0.1709
101.450,420.969,-5.3679,6.3640,63.840,-5.3534,6.3266,64.098,-0.0272,-0.0295,0.0401,0.259,2.7144,3.2571,0.250,-8.0543,3.1047,63.848,4.309,-0.7340,428.296,1.8888,0.0041,0.0062,1.5341,4.4495,4.4876,nan,3.7754,3.7217,0.1474,-0.1627,1.5197,-0.1211,0.0382,-0.2416,52.5729,-0.0310,-4.0174,0.1709
101.500,421.207,-5.2593,6.5755,61.462,-5.2563,6.5219,61.808,-0.0457,-0.0283,0.0537,0.346,2.7179,3.2730,0.318,-7.9561,3.2930,61.490,4.164,-0.8072,428.525,1.9005,0.0019,0.0064,3.3902,4.1881,4.1513,nan,3.7754,3.8682,0.1532,-0.1982,1.5197,-0.1041,0.0660,-0.2776,52.7728,0.0538,-2.9748,0.1709
101.550,421.431,-5.1479,6.7695,58.285,-5.1406,6.7298,59.422,-0.0299,-0.0270,0.0403,1.137,2.7304,3.3150,0.522,-7.8396,3.4864,58.900,3.872,-1.0794,428.733,1.8955,0.0012,0.0001,0.1111,4.0963,4.1152,nan,3.5199,3.4873,0.1381,-0.2272,1.5197,-0.0938,0.0794,-0.2950,52.9727,-0.0189,-7.1662,0.1709
101.601,421.431,-5.1479,6.7695,58.285,-5.1406,6.7298,59.422,-0.0299,-0.0270,0.0403,1.137,2.7304,3.3150,0.522,-7.8396,3.4864,58.900,3.872,-1.0794,428.733,1.8955,0.0012,0.0001,0.1111,3.8066,3.7574,nan,3.5199,3.5848,0.1420,-0.2168,1.4462,-0.0919,0.0335,-0.3052,53.0726,0.0800,-2.2271,0.1709
101.650,421.638,-5.0342,6.9426,54.624,-5.0395,6.8896,55.781,-0.0463,-0.0263,0.0533,1.157,2.7473,3.3761,0.930,-7.7288,3.6393,54.852,3.788,-1.2115,428.937,1.8999,0.0015,0.0009,0.6061,3.6941,3.7064,nan,3.4901,3.5516,0.1407,-0.2229,1.4034,-0.0826,0.0332,-0.3390,53.2725,0.0800,-6.0695,0.1709
101.700,421.850,-4.9060,7.1111,50.379,-4.9208,7.0617,52.270,-0.0475,-0.0201,0.0516,1.891,2.7822,3.4841,1.697,-7.5937,3.8042,50.573,3.561,-1.2109,429.139,1.8932,0.0037,0.0073,1.9413,3.4714,3.4520,nan,3.1305,3.2582,0.1290,-0.2337,1.3188,-0.0715,0.0508,-0.3251,53.4724,0.0740,-1.3558,0.1709
101.750,422.048,-4.7751,7.2598,46.519,-4.7909,7.2106,48.133,-0.0466,-0.0224,0.0517,1.615,2.7837,3.4838,1.532,-7.4723,3.9279,46.602,3.513,-1.2201,429.337,1.9048,0.0024,0.0071,3.0000,3.5904,3.6495,nan,3.2006,3.3071,0.1310,-0.2621,1.3641,-0.0613,0.0494,-0.3367,53.6723,0.0800,-1.1088,0.1709
101.800,422.237,-4.6412,7.3928,42.752,-4.6505,7.3691,44.903,-0.0229,-0.0111,0.0255,2.152,2.8213,3.5894,2.277,-7.3157,4.0735,42.627,3.458,-1.2446,429.524,1.8811,0.0026,0.0027,1.0357,3.3938,3.3831,nan,3.2741,3.2469,0.1286,-0.2839,1.2894,-0.0451,0.0382,-0.3941,53.7723,0.0800,-5.0267,0.1709
101.850,422.428,-4.4967,7.5181,38.739,-4.5147,7.4935,41.251,-0.0295,-0.0079,0.0305,2.512,2.8382,3.6236,2.450,-7.1807,4.1807,38.801,3.283,-1.2789,429.709,1.8922,0.0038,0.0037,0.9779,3.3156,3.3309,nan,3.3615,3.3964,0.1345,-0.3003,1.2597,-0.0348,0.0637,-0.4884,53.9722,0.0202,-1.9123,0.1709
101.900,422.601,-4.3586,7.6218,34.692,-4.3840,7.6020,37.841,-0.0322,-0.0018,0.0322,3.150,2.8749,3.7196,3.234,-7.0283,4.2857,34.607,3.234,-1.3892,429.881,1.8778,0.0055,0.0076,1.3857,3.0934,3.0695,nan,3.4440,3.4134,0.1352,-0.3048,1.1753,-0.0237,0.0715,-0.1022,0.0000,0.0800,-1.9975,0.1709
101.950,422.780,-4.2074,7.7185,30.108,-4.2448,7.6949,32.951,-0.0442,-0.0017,0.0443,2.843,2.8456,3.6605,2.697,-6.8928,4.3635,30.254,3.194,-1.4791,430.061,1.8953,0.0060,0.0127,2.1202,3.0510,3.0695,nan,3.4518,3.3710,0.1335,-0.3029,1.1592,-0.0172,0.0524,-0.6174,0.1000,0.0800,-1.9975,0.1709
102.000,422.957,-4.0507,7.8015,25.351,-4.0839,7.7879,27.818,-0.0358,0.0019,0.0359,2.468,2.8145,3.6144,2.265,-6.7281,4.4428,25.553,3.248,-1.5341,430.244,1.8878,0.0061,0.0075,1.2271,3.1738,3.2297,nan,3.4226,3.3193,0.1315,-0.2886,1.2719,-0.0143,0.0574,-0.4842,0.2998,-0.0800,0.8933,0.1709
102.050,423.136,-3.8861,7.8718,20.496,-3.8955,7.8682,22.580,-0.0101,-0.0000,0.0101,2.084,2.8145,3.6144,2.265,-6.5367,4.5157,20.315,3.257,-1.4805,430.426,1.8609,0.0079,0.0027,0.3451,3.3325,3.4052,nan,3.6522,3.5239,0.1396,-0.2737,1.3355,-0.0088,0.0518,-0.4000,0.4997,-0.0743,-0.0620,0.1709
102.100,423.136,-3.8861,7.8718,20.496,-3.8947,7.8665,22.010,-0.0099,-0.0020,0.0101,1.514,2.7727,3.5461,1.695,-6.5367,4.5157,20.315,3.257,-1.4805,430.426,1.8609,0.0079,0.0009,0.1170,3.1906,3.1927,nan,3.7600,3.7765,0.1496,-0.2490,1.2786,-0.0174,0.0129,-0.3705,0.5997,0.0800,-1.0692,0.1709
102.150,423.318,-3.7139,7.9288,15.818,-3.7231,7.9180,17.154,-0.0118,-0.0079,0.0142,1.336,2.7607,3.5114,1.356,-6.3776,4.5589,15.798,3.240,-1.4018,430.609,1.8754,0.0096,0.0007,0.0720,3.2644,3.3060,nan,3.8143,3.5844,0.1420,-0.2455,1.3082,-0.0188,0.0297,-0.5078,0.7996,0.0800,2.6324,0.1709
102.200,423.502,-3.5344,7.9726,11.317,-3.5237,7.9714,12.562,0.0102,-0.0033,0.0107,1.245,2.7567,3.4893,1.040,-6.1980,4.5954,11.522,3.362,-1.3314,430.803,1.8761,0.0079,0.0085,1.0824,3.5041,3.6405,nan,3.9702,3.9403,0.1561,-0.2515,1.4941,-0.0047,0.0373,-0.3597,0.9995,-0.0173,4.2363,0.1709
102.250,423.693,-3.3468,8.0036,7.090,-3.2906,8.0063,7.756,0.0561,-0.0043,0.0562,0.667,2.7455,3.4606,0.751,-5.9760,4.6245,7.005,3.516,-1.3417,431.004,1.8422,0.0070,0.0039,0.5563,3.5332,3.5672,nan,4.0610,4.1773,0.1654,-0.2438,1.5113,-0.0017,0.0416,-0.3767,1.1994,0.0673,-0.7942,0.1709
102.300,423.889,-3.1514,8.0211,2.786,-3.0990,8.0186,3.170,0.0522,-0.0050,0.0525,0.384,2.7090,3.4139,0.284,-5.7851,4.6335,2.886,3.513,-1.3747,431.203,1.8477,0.0079,0.0002,0.0234,3.5939,3.6355,nan,4.1573,4.2460,0.1682,-0.2267,1.5557,-0.0006,0.0364,-0.3594,1.3993,0.0800,3.5613,0.1709
102.350,424.087,-2.9534,8.0239,-1.637,-2.8736,8.0176,-1.669,0.0799,-0.0040,0.0800,-0.032,2.7094,3.4112,0.219,-5.5654,4.6278,-1.888,3.677,-1.4159,431.414,1.8272,0.0109,0.0005,0.0465,3.5382,3.5586,nan,4.2041,4.2185,0.1671,-0.2146,1.5501,0.0032,0.0373,-0.3344,1.5992,0.0800,4.0732,0.1709
102.400,424.298,-2.7424,8.0102,-6.246,-2.6877,7.9980,-5.789,0.0557,-0.0062,0.0561,0.457,2.7028,3.3946,0.049,-5.3865,4.6081,-5.838,3.857,-1.4068,431.640,1.8599,0.0139,0.0010,0.0701,3.8018,4.3786,nan,4.3854,4.4426,0.1759,-0.2057,1.6810,0.0074,0.0593,-0.3205,1.8990,0.0800,3.2238,0.1709
102.450,424.514,-2.5286,7.9793,-10.601,-2.3945,7.9432,-11.498,0.1385,-0.0108,0.1389,-0.897,2.6559,3.3423,-0.498,-5.0902,4.5567,-10.999,3.982,-1.3464,431.867,1.7811,0.0070,0.0011,0.1579,4.0923,4.3786,nan,4.5182,4.5850,0.1816,-0.2008,1.7913,0.0205,0.0478,-0.2975,2.0989,0.0349,3.2238,0.1709
102.500,424.747,-2.3014,7.9285,-15.044,-2.2138,7.8890,-15.140,0.0949,-0.0154,0.0961,-0.096,2.6801,3.3638,-0.226,-4.9116,4.5059,-14.914,4.067,-1.2929,432.108,1.8291,0.0101,0.0025,0.2433,3.8789,3.8668,nan,4.5182,4.5568,0.1805,-0.1775,1.7420,0.0065,0.0108,-0.2924,2.1989,0.0800,1.2128,0.1709
102.550,424.968,-2.0900,7.8647,-18.994,-1.9661,7.8038,-19.313,0.1370,-0.0173,0.1381,-0.320,2.6801,3.3638,-0.226,-4.6637,4.4217,-19.088,4.246,-1.2217,432.345,1.7961,0.0114,0.0056,0.4906,4.1382,4.3243,nan,4.6651,4.8129,0.1906,-0.1781,1.8165,0.0111,0.0362,-0.2727,2.4987,0.0766,4.3249,0.1709
102.600,425.213,-1.8611,7.7781,-22.852,-1.7488,7.7105,-22.925,0.1297,-0.0187,0.1310,-0.073,2.6857,3.3618,-0.215,-4.4508,4.3321,-22.710,4.338,-1.2010,432.598,1.8124,0.0132,0.0096,0.7289,4.2612,4.3354,nan,4.7054,4.7877,0.1896,-0.1767,1.8309,0.0135,0.0338,-0.2588,2.6986,0.0415,2.1225,0.1709
102.650,425.213,-1.8611,7.7781,-22.852,-1.7705,7.7230,-22.965,0.1049,-0.0156,0.1061,-0.113,2.6610,3.3711,-0.255,-4.4508,4.3321,-22.710,4.338,-1.2010,432.598,1.8124,0.0132,0.0078,0.5869,4.5297,4.7861,nan,4.8391,4.8228,0.1910,-0.1723,1.8332,0.0281,0.0467,-0.2441,2.9985,-0.0078,3.6924,0.1709
102.700,425.452,-1.6436,7.6790,-26.629,-1.5139,7.6085,-27.155,0.1475,-0.0049,0.1476,-0.526,2.6384,3.3618,-0.476,-4.1875,4.2120,-26.679,4.494,-1.2337,432.851,1.7707,0.0074,0.0045,0.6134,4.5197,4.5593,nan,4.9260,5.0049,0.1982,-0.1563,1.8332,0.0267,0.0291,-0.2429,3.1983,0.0379,1.6141,0.1709
102.750,425.674,-1.4479,7.5743,-30.130,-1.3312,7.4965,-31.173,0.1400,-0.0087,0.1402,-1.043,2.5990,3.3291,-0.969,-4.0001,4.1003,-30.204,4.560,-1.2504,433.081,1.7801,0.0082,0.0079,0.9704,4.5131,4.5534,nan,5.0280,5.0770,0.2011,-0.1375,1.8332,0.0202,0.0083,-0.2566,3.3983,0.0800,0.7785,0.1709
102.800,425.931,-1.2297,7.4387,-34.058,-1.1246,7.3537,-35.752,0.1347,-0.0115,0.1352,-1.694,2.5495,3.2827,-1.680,-3.7918,3.9615,-34.072,4.622,-1.1531,433.346,1.7905,0.0113,0.0235,2.0914,4.6969,4.8318,nan,5.1515,5.3116,0.2104,-0.1251,1.8423,0.0133,0.0158,-0.2324,3.6981,0.0751,2.6052,0.1709
102.850,426.160,-1.0430,7.3058,-37.222,-0.9146,7.1870,-39.748,0.1741,-0.0170,0.1749,-2.526,2.5155,3.2654,-2.109,-3.5721,3.7927,-37.639,4.723,-1.0568,433.586,1.7648,0.0112,0.0357,3.1763,4.4632,4.4379,nan,5.2507,5.1458,0.2038,-0.1167,1.8423,0.0164,0.0108,-0.2147,3.8980,0.0800,2.3896,0.1709
102.900,426.456,-0.8120,7.1199,-40.832,-0.7329,7.0375,-42.669,0.1137,-0.0106,0.1142,-1.838,2.5319,3.2830,-1.913,-3.3883,3.6435,-40.756,4.839,-0.9616,433.894,1.8043,0.0141,0.0341,2.4192,4.7423,5.2955,nan,5.0366,4.9617,0.1965,-0.1261,1.8423,0.0232,0.0264,-0.1804,4.1978,-0.0338,3.4348,0.1709
102.950,426.727,-0.6115,6.9384,-43.829,-0.5136,6.8276,-45.681,0.1474,-0.0122,0.1479,-1.853,2.5178,3.3173,-1.850,-3.1432,3.4106,-43.832,4.974,-0.9162,434.178,1.7704,0.0151,0.0317,2.1025,4.9813,5.2137,nan,4.8987,4.8359,0.1915,-0.1272,1.8423,0.0224,0.0133,-0.1339,4.3977,-0.0292,0.2333,0.1709
103.000,427.006,-0.4146,6.7409,-46.738,-0.3342,6.6336,-48.069,0.1332,-0.0150,0.1340,-1.332,2.5392,3.3613,-1.344,-2.9494,3.2040,-46.726,4.982,-0.9318,434.461,1.7754,0.0131,0.0226,1.7185,5.1033,5.2137,nan,4.9636,4.8575,0.1924,-0.1224,1.8423,0.0313,0.0073,-0.1482,4.6976,-0.0482,0.2333,0.1709
103.050,427.282,-0.2297,6.5351,-49.831,-0.1800,6.4390,-50.940,0.1055,-0.0240,0.1082,-1.110,2.5226,3.3959,-1.190,-2.7652,2.9864,-49.751,4.904,-0.9621,434.735,1.7786,0.0135,0.0284,2.1004,5.0852,5.1331,nan,5.0674,4.7918,0.1898,-0.1206,1.8423,0.0326,0.0019,-0.1866,4.8975,0.0800,-1.8733,0.1709
103.100,427.549,-0.0623,6.3273,-52.848,-0.0257,6.2233,-54.200,0.1050,-0.0337,0.1103,-1.352,2.5226,3.3959,-1.190,-2.6065,2.7739,-53.010,4.810,-0.9119,434.998,1.7881,0.0120,0.0348,2.8949,4.8779,4.8626,nan,5.1905,5.2682,0.2086,-0.1002,1.8423,0.0161,-0.0073,-0.2087,5.0974,0.0800,-2.3949,0.1709
103.150,427.811,0.0917,6.1148,-55.685,0.0904,6.0458,-56.395,0.0562,-0.0400,0.0690,-0.710,2.5354,3.4325,-0.723,-2.4777,2.5823,-55.672,4.748,-0.8346,435.258,1.8083,0.0236,0.0376,1.5880,4.6216,4.5818,nan,5.2591,4.9914,0.1977,-0.0946,1.8423,0.0094,0.0055,-0.2426,5.2973,0.0800,-1.7941,0.1709
103.200,427.811,0.0917,6.1148,-55.685,0.0920,6.0435,-56.963,0.0591,-0.0399,0.0713,-1.279,2.5110,3.4061,-1.291,-2.4777,2.5823,-55.672,4.748,-0.8346,435.258,1.8083,0.0102,0.0482,4.7146,4.7283,4.8139,nan,5.4640,5.1173,0.2027,-0.0825,1.8665,0.0026,0.0049,-0.2254,5.4972,0.0800,3.7660,0.1709
103.250,428.083,0.2406,5.8877,-58.100,0.2421,5.7967,-58.995,0.0781,-0.0468,0.0910,-0.895,2.5446,3.4372,-0.566,-2.3256,2.3367,-58.429,4.913,-0.7280,435.544,1.8091,0.0144,0.0415,2.8885,4.8750,4.9908,nan,5.6176,5.7453,0.2275,-0.0971,1.9343,0.0172,0.0473,-0.1546,5.7970,0.0800,-0.6452,0.1709
103.300,428.372,0.3888,5.6395,-60.523,0.3748,5.5666,-61.078,0.0566,-0.0480,0.0742,-0.555,2.5346,3.4478,-0.705,-2.1857,2.0921,-60.373,4.894,-0.6523,435.834,1.8163,0.0095,0.0382,4.0211,5.1048,5.3313,nan,5.7303,5.7587,0.2281,-0.0986,1.9343,0.0268,0.0475,-0.0716,6.0969,0.0116,1.0854,0.1709
103.350,428.628,0.5115,5.4150,-62.413,0.5104,5.2857,-63.552,0.1141,-0.0608,0.1293,-1.140,2.5229,3.4298,-1.010,-2.0448,1.8202,-62.543,4.962,-0.7144,436.098,1.8095,0.0073,0.0377,5.1303,4.9058,4.8940,nan,5.7623,5.9257,0.2347,-0.0862,1.9343,0.0223,0.0159,-0.0305,6.2967,0.0682,5.6449,0.1709
103.400,428.909,0.6372,5.1636,-64.835,0.6161,5.0584,-66.019,0.0863,-0.0639,0.1073,-1.184,2.5176,3.4156,-1.348,-1.9396,1.5976,-64.671,5.231,-0.7980,436.404,1.8227,0.0055,0.0449,8.1320,5.1795,5.5647,nan,5.8892,6.0446,0.2394,-0.0760,1.9343,0.0178,-0.0116,-0.1112,6.5966,0.0633,3.6712,0.1709
103.450,429.207,0.7587,4.8916,-67.430,0.7435,4.7408,-68.808,0.1334,-0.0719,0.1515,-1.378,2.5135,3.4289,-1.350,-1.8004,1.2698,-67.458,5.395,-0.7556,436.719,1.8189,0.0055,0.0353,6.4011,5.3495,5.5139,nan,6.0142,6.2001,0.2455,-0.0691,1.9343,0.0077,-0.0113,-0.1321,6.8964,0.0800,3.7655,0.1721
103.500,429.514,0.8715,4.6059,-69.773,0.8552,4.4372,-70.606,0.1527,-0.0737,0.1695,-0.833,2.5402,3.4197,-0.833,-1.6997,0.9928,-69.773,5.560,-0.6767,437.044,1.8283,0.0123,0.0418,3.3928,5.4202,5.5139,nan,6.1485,6.1323,0.2429,-0.0616,1.9483,0.0042,-0.0204,-0.1567,7.0964,0.0800,3.7655,0.1721
103.550,429.824,0.9741,4.3137,-71.852,0.9698,4.0845,-72.546,0.2165,-0.0755,0.2292,-0.695,2.5474,3.4276,-0.554,-1.5839,0.6416,-71.993,5.695,-0.6255,437.369,1.8312,0.0086,0.0324,3.7590,5.6671,6.0002,nan,6.3310,6.4911,0.2571,-0.0731,1.9982,0.0207,0.0193,-0.1238,7.4961,0.0800,3.0545,0.1721
103.600,430.141,1.0687,4.0106,-73.801,1.0572,3.8014,-74.788,0.1977,-0.0694,0.2095,-0.987,2.5524,3.4249,-0.927,-1.5011,0.3523,-73.861,5.843,-0.6523,437.703,1.8387,0.0071,0.0385,5.3873,5.6393,5.6948,nan,6.4549,6.5433,0.2591,-0.0745,2.0239,0.0293,0.0326,-0.1032,7.7960,0.0800,3.3259,0.1721
103.650,430.474,1.1566,3.6895,-75.950,1.1370,3.4667,-76.784,0.2114,-0.0731,0.2237,-0.833,2.5524,3.4249,-0.927,-1.4159,0.0189,-75.857,6.029,-0.6871,438.057,1.8447,0.0206,0.0228,1.1059,5.7974,5.9784,nan,6.5682,6.7627,0.2678,-0.0679,2.0490,0.0396,0.0210,-0.0837,8.0958,0.0800,4.1914,0.1721
103.700,430.474,1.1566,3.6895,-75.950,1.1264,3.4677,-77.377,0.2079,-0.0831,0.2239,-1.427,2.5413,3.4112,-1.520,-1.4159,0.0189,-75.857,6.029,-0.6871,438.057,1.8447,0.0074,0.0465,6.2939,6.0472,6.4494,nan,6.7496,6.9070,0.2735,-0.0489,2.0590,0.0231,0.0022,-0.0649,8.4956,0.0557,2.8666,0.1721
103.750,430.822,1.2354,3.3508,-78.223,1.1951,3.0916,-79.697,0.2456,-0.0923,0.2623,-1.474,2.5370,3.4270,-1.476,-1.3328,-0.3699,-78.221,6.167,-0.6650,438.422,1.8552,0.0089,0.0509,5.7202,6.1758,6.3492,nan,6.8565,7.0224,0.2781,-0.0390,2.0590,0.0127,-0.0088,-0.0717,8.7955,0.0579,3.5520,0.1721
103.800,431.159,1.2995,3.0194,-80.245,1.2393,2.7641,-81.789,0.2414,-0.1026,0.2624,-1.545,2.5305,3.4546,-1.387,-1.2741,-0.7216,-80.403,6.322,-0.5677,438.779,1.8666,0.0083,0.0655,7.8715,6.1793,6.2617,nan,6.9276,7.1410,0.2828,-0.0359,2.0590,0.0095,-0.0147,-0.0760,8.9954,0.0800,3.4749,0.1721
103.850,431.557,1.3617,2.6267,-81.976,1.2975,2.4379,-83.329,0.1780,-0.0899,0.1994,-1.353,2.5361,3.5014,-1.126,-1.2174,-1.0877,-82.202,6.489,-0.4312,439.198,1.8637,0.0164,0.0674,4.1098,6.4354,6.9541,nan,7.0000,7.1120,0.2817,-0.0394,2.0646,0.0067,0.0006,-0.0717,9.3952,0.0379,2.8245,0.1721
103.900,431.924,1.4095,2.2626,-83.255,1.3388,2.0495,-84.305,0.2034,-0.0953,0.2246,-1.050,2.5328,3.5324,-0.990,-1.1683,-1.5033,-83.315,6.616,-0.3794,439.583,1.8785,0.0243,0.0722,2.9700,6.6739,7.1179,nan,7.0000,6.9322,0.2745,-0.0453,2.0733,0.0235,0.0156,-0.0652,9.7949,-0.0222,2.7005,0.1721
103.950,432.292,1.4496,1.8974,-84.422,1.3995,1.6185,-84.209,0.2727,-0.0770,0.2833,0.213,2.5137,3.5615,0.349,-1.1260,-1.9361,-84.558,6.732,-0.3893,439.967,1.8994,0.0224,0.0524,2.3400,6.8430,7.1179,nan,7.0000,6.7995,0.2693,-0.0468,2.0824,0.0329,0.0175,-0.0584,10.0948,-0.0639,2.7005,0.1721
104.000,432.718,1.4866,1.4726,-85.901,1.4263,1.2812,-85.387,0.1866,-0.0739,0.2007,0.514,2.5137,3.5615,0.349,-1.1013,-2.2736,-85.736,6.789,-0.4561,440.405,1.8818,0.0172,0.0530,3.0796,6.5482,6.4500,nan,7.0000,7.0180,0.2779,-0.0654,2.0922,0.0742,0.0396,-0.0511,10.3946,0.0060,1.3926,0.1721
104.050,432.718,1.4866,1.4726,-85.901,1.4298,1.3214,-85.763,0.1467,-0.0674,0.1615,0.138,2.5322,3.5945,-0.027,-1.1013,-2.2736,-85.736,6.789,-0.4561,440.405,1.8818,0.0172,0.0550,3.1928,6.8046,7.4237,nan,7.0000,6.8198,0.2701,-0.0541,2.1028,0.0823,0.0227,-0.0433,10.7944,-0.0577,-1.8935,0.1721
104.100,433.089,1.5092,1.1024,-87.451,1.4427,0.8628,-88.080,0.2364,-0.0771,0.2487,-0.629,2.5571,3.5852,-0.748,-1.0787,-2.7367,-87.332,6.710,-0.5677,440.773,1.9129,0.0220,0.0724,3.2973,6.7000,6.7407,nan,7.0000,6.8985,0.2732,-0.0235,2.1104,0.0575,-0.0136,-0.0378,11.0943,-0.0329,0.4025,0.1721
104.150,433.466,1.5204,0.7260,-89.586,1.4368,0.5490,-90.412,0.1764,-0.0849,0.1958,-0.826,2.5737,3.6013,-1.147,-1.0756,-3.0745,-89.264,6.730,-0.6050,441.157,1.9071,0.0092,0.0757,8.1872,6.7678,6.9153,nan,7.0000,6.8465,0.2711,0.0060,2.1188,0.0274,-0.0476,-0.0318,11.3941,-0.0494,-1.2125,0.1721
104.200,433.841,1.5183,0.3508,-91.362,1.4197,0.2326,-92.198,0.1205,-0.0958,0.1539,-0.836,2.5487,3.6854,-0.693,-1.0873,-3.4662,-91.505,6.679,-0.3487,441.533,1.9217,0.0128,0.0803,6.2948,6.7289,6.8028,nan,7.0000,6.8784,0.2724,0.0055,2.1214,0.0153,-0.0389,-0.0299,11.5940,-0.0393,-0.0322,0.1721
104.250,434.215,1.5072,-0.0230,-92.113,1.4081,-0.0974,-92.526,0.0780,-0.0962,0.1239,-0.413,2.5179,3.7317,-0.072,-1.1049,-3.8305,-92.454,6.673,-0.0263,441.912,1.9246,0.0163,0.0810,4.9729,6.7909,6.9348,nan,7.0000,6.8356,0.2707,-0.0148,2.1298,0.0260,-0.0020,-0.0239,11.9938,-0.0528,-0.4496,0.1721
104.300,434.575,1.4941,-0.3827,-91.938,1.3974,-0.5075,-92.888,0.1280,-0.0925,0.1579,-0.950,2.5701,3.7245,-0.687,-1.1219,-4.2457,-92.201,6.655,0.0647,442.275,1.9477,0.0146,0.0865,5.9204,6.4193,6.2022,nan,7.0000,7.1185,0.2819,-0.0230,2.1345,0.0309,0.0124,-0.0205,12.1937,0.0401,-0.0620,0.1721
104.350,434.947,1.4818,-0.7552,-91.751,1.4136,-0.7961,-92.356,0.0430,-0.0669,0.0795,-0.605,2.5920,3.7269,-0.617,-1.1296,-4.5354,-91.738,6.652,-0.0209,442.652,1.9149,0.0140,0.0690,4.9170,6.6330,6.9817,nan,7.0000,6.9594,0.2756,-0.0174,2.1378,0.0335,0.0045,-0.0182,12.3936,-0.0133,-0.2740,0.1721
104.400,435.320,1.4693,-1.1272,-92.212,1.4030,-1.1968,-92.259,0.0721,-0.0636,0.0962,-0.047,2.5846,3.7728,-0.440,-1.1434,-4.9786,-91.819,6.649,-0.2056,443.030,1.9404,0.0237,0.0697,2.9418,6.7659,6.9817,nan,7.0000,6.8684,0.2720,-0.0246,2.1472,0.0651,0.0115,-0.0116,12.9933,-0.0425,-0.2740,0.1721
104.451,435.702,1.4525,-1.5089,-92.990,1.3817,-1.5452,-93.320,0.0399,-0.0688,0.0796,-0.330,2.5846,3.7728,-0.440,-1.1621,-5.3270,-92.880,6.734,-0.2527,443.425,1.9306,0.0310,0.0807,2.6011,6.5797,6.5742,nan,7.0000,7.0135,0.2778,-0.0098,2.1481,0.0607,-0.0120,-0.0098,13.1932,0.0045,2.1588,0.1721
104.500,435.702,1.4525,-1.5089,-92.990,1.3957,-1.5444,-93.518,0.0384,-0.0549,0.0670,-0.528,2.6170,3.7694,-0.638,-1.1621,-5.3270,-92.880,6.734,-0.2527,443.425,1.9306,0.0310,0.0803,2.5876,6.7336,6.9748,nan,7.0000,7.0987,0.2811,0.0028,2.1428,0.0606,-0.0297,-0.0052,13.5930,0.0333,-0.8072,0.1721
104.550,436.125,1.4277,-1.9312,-93.894,1.3634,-2.0061,-94.774,0.0790,-0.0591,0.0987,-0.880,2.6430,3.7696,-0.858,-1.1930,-5.7942,-93.916,6.703,-0.1466,443.850,1.9520,0.0293,0.0879,2.9986,6.6287,6.6682,nan,7.0000,7.1590,0.2835,0.0101,2.1428,0.0503,-0.0348,-0.0019,13.8928,0.0800,0.8358,0.1721
104.600,436.481,1.4027,-2.2866,-94.211,1.3486,-2.2982,-94.859,0.0155,-0.0531,0.0553,-0.648,2.6251,3.8033,-0.536,-1.2194,-6.1131,-94.323,6.737,-0.0618,444.214,1.9405,0.0270,0.0822,3.0458,6.8181,7.1304,nan,7.0000,7.1382,0.2827,0.0052,2.1428,0.0573,-0.0277,0.0040,14.2926,0.0469,0.9274,0.1721
104.650,436.826,1.3773,-2.6307,-94.140,1.3231,-2.6446,-94.406,0.0178,-0.0531,0.0560,-0.266,2.5741,3.8724,-0.005,-1.2504,-6.5171,-94.401,6.785,0.0619,444.569,1.9671,0.0214,0.0709,3.3174,6.6347,6.6314,nan,7.0000,7.1655,0.2838,-0.0074,2.1428,0.0660,-0.0067,0.0023,14.4925,0.0800,1.2823,0.1721
104.700,437.235,1.3486,-3.0390,-93.799,1.3031,-2.9431,-94.748,-0.0927,-0.0518,0.1062,-0.949,2.6755,3.9152,-0.816,-1.2747,-6.8771,-93.932,6.848,0.0776,444.991,1.9456,0.0175,0.0822,4.7054,6.8492,7.2275,nan,7.0000,7.1146,0.2818,-0.0002,2.1336,0.0591,-0.0156,0.0073,14.7924,0.0388,0.5846,0.1721
104.750,437.620,1.3236,-3.4225,-93.631,1.2846,-3.3615,-93.603,-0.0585,-0.0428,0.0725,0.028,2.5939,3.9615,-0.058,-1.3018,-7.3243,-93.545,6.874,-0.0259,445.383,1.9707,0.0180,0.0535,2.9678,6.7907,6.8557,nan,7.0000,7.1591,0.2835,0.0052,2.0998,0.0519,-0.0242,0.0105,15.1922,0.0542,0.5508,0.1721
104.800,438.005,1.2986,-3.8074,-93.849,1.2841,-3.6541,-93.062,-0.1520,-0.0248,0.1540,0.787,2.5211,4.0394,0.651,-1.3243,-7.6790,-93.712,6.896,-0.0321,445.777,1.9572,0.0210,0.0378,1.8021,6.7704,6.8557,nan,7.0000,7.1745,0.2841,-0.0067,2.0657,0.0673,-0.0156,0.0115,15.4920,0.0597,0.5508,0.1721
104.850,438.385,1.2730,-4.1858,-93.849,1.2702,-4.0545,-93.107,-0.1308,-0.0116,0.1313,0.742,2.5045,4.0590,0.845,-1.3538,-8.0944,-93.951,6.894,0.0310,446.162,1.9746,0.0196,0.0257,1.3150,6.9242,7.1807,nan,6.8276,6.7541,0.2675,-0.0199,2.0509,0.0866,-0.0116,0.0127,15.7919,-0.0246,-0.0794,0.1721
104.900,438.771,1.2474,-4.5716,-93.714,1.2535,-4.3942,-93.552,-0.1775,-0.0054,0.1775,0.162,2.6014,4.0669,0.200,-1.3774,-8.4563,-93.752,6.895,-0.0893,446.554,1.9638,0.0202,0.0293,1.4511,6.8657,6.9322,nan,6.4454,6.2996,0.2495,-0.0353,2.0176,0.0989,-0.0049,0.0137,16.0917,0.0800,0.3619,0.1721
104.950,438.771,1.2474,-4.5716,-93.714,1.2535,-4.3942,-93.552,-0.1775,-0.0054,0.1775,0.162,2.6014,4.0669,0.200,-1.3774,-8.4563,-93.752,6.895,-0.0893,446.554,1.9638,0.0202,0.0293,1.4511,6.9912,7.2120,nan,6.1610,6.3149,0.2501,-0.0289,1.9750,0.0844,-0.0315,0.0054,16.4915,0.0598,-3.1447,0.1721
105.000,439.146,1.2217,-4.9458,-94.357,1.2331,-4.8441,-94.745,-0.1023,0.0036,0.1024,-0.388,2.7527,4.0367,-0.727,-1.4068,-8.8994,-94.018,6.747,-0.2824,446.918,1.9937,0.0200,0.0243,1.2184,6.5631,6.1377,nan,5.9735,5.9728,0.2365,-0.0034,1.9496,0.0618,-0.0768,-0.0075,16.6914,0.0800,-5.9007,0.1721
105.050,439.562,1.1866,-5.3595,-95.623,1.2038,-5.1640,-96.113,-0.1963,-0.0021,0.1963,-0.490,2.7560,4.0509,-0.699,-1.4396,-9.2331,-95.413,6.463,-0.3108,447.310,1.9610,0.0192,0.0380,1.9774,6.2063,6.0247,nan,5.7955,5.5874,0.2213,0.0042,1.9248,0.0384,-0.0913,-0.0267,16.9912,0.0800,-3.0915,0.1721
105.100,439.957,1.1450,-5.7531,-96.637,1.1619,-5.5133,-96.806,-0.2402,-0.0109,0.2404,-0.169,2.6665,4.0599,-0.136,-1.4819,-9.5767,-96.670,6.308,-0.1455,447.696,1.9440,0.0246,0.0377,1.5329,6.3583,6.5705,nan,5.4600,5.5622,0.2203,-0.0186,1.8981,0.0155,-0.0737,-0.0455,17.2911,0.0444,-4.6352,0.1721
105.150,440.341,1.1002,-6.1341,-96.759,1.0989,-6.0091,-97.615,-0.1240,-0.0160,0.1250,-0.856,2.7167,3.9920,-0.458,-1.5377,-10.0137,-97.157,6.074,0.0139,448.061,1.9741,0.0172,0.0473,2.7495,6.4328,6.5705,nan,5.2271,5.0957,0.2018,-0.0338,1.8867,-0.0067,-0.0558,-0.0732,17.6909,-0.0564,-4.6352,0.1721
105.200,440.696,1.0587,-6.4863,-96.691,1.0789,-6.2515,-96.336,-0.2356,-0.0073,0.2357,0.355,2.5810,4.0549,0.378,-1.5700,-10.2963,-96.714,5.751,-0.1652,448.390,1.9411,0.0191,0.0280,1.4656,6.0683,5.8725,nan,5.0739,5.0801,0.2012,-0.0651,1.8441,-0.0123,-0.0284,-0.0822,17.8908,0.0028,-6.5378,0.1721
105.250,440.985,1.0234,-6.7736,-97.533,1.0438,-6.5584,-96.809,-0.2160,-0.0079,0.2162,0.724,2.5810,4.0549,0.378,-1.6071,-10.6029,-97.187,5.413,-0.3227,448.654,1.9493,0.0179,0.0251,1.4022,5.8927,5.8917,nan,4.9243,4.8734,0.1930,-0.0936,1.7964,-0.0025,-0.0037,-0.1082,18.1906,-0.0236,-7.7913,0.1721
105.300,440.985,1.0234,-6.7736,-97.533,1.0511,-6.5308,-96.594,-0.2444,-0.0043,0.2444,0.939,2.5484,4.0882,0.593,-1.6071,-10.6029,-97.187,5.413,-0.3227,448.654,1.9493,0.0179,0.0236,1.3186,5.4687,5.0457,nan,4.8486,4.9807,0.1973,-0.0937,1.7821,-0.0091,-0.0192,-0.1212,18.2906,0.0800,-5.2083,0.1721
105.350,441.281,0.9812,-7.0670,-99.243,1.0161,-6.7729,-97.847,-0.2959,-0.0127,0.2962,1.396,2.5156,4.1004,0.774,-1.6461,-10.8520,-98.620,5.180,-0.6731,448.934,1.9315,0.0227,0.0269,1.1859,5.0652,4.7864,nan,4.7689,4.5902,0.1818,-0.0772,1.7574,-0.0250,-0.0504,-0.1387,18.4905,0.0800,-5.3142,0.1721
105.400,441.555,0.9330,-7.3364,-101.527,0.9686,-7.0312,-100.777,-0.3061,-0.0262,0.3073,0.751,2.5386,4.0878,0.638,-1.6937,-11.1008,-101.414,4.976,-0.7314,449.195,1.9243,0.0130,0.0485,3.7151,4.7470,4.6551,nan,4.6824,4.3463,0.1721,-0.0729,1.7244,-0.0462,-0.0492,-0.1640,18.7903,0.0800,-2.8011,0.1721
105.450,441.866,0.8650,-7.6399,-104.118,0.9140,-7.2953,-102.508,-0.3461,-0.0365,0.3480,1.610,2.3823,4.1011,1.455,-1.7573,-11.3555,-103.963,4.881,-0.6122,449.502,1.9053,0.0160,0.0463,2.8871,5.0025,5.2811,nan,4.3597,4.3878,0.1738,-0.1080,1.6843,-0.0502,-0.0120,-0.1854,19.0902,0.0150,-4.8650,0.1730
105.500,442.110,0.8026,-7.8757,-105.794,0.8355,-7.6468,-104.730,-0.2293,-0.0306,0.2313,1.064,2.4387,4.0369,1.173,-1.8420,-11.6484,-105.903,4.694,-0.5488,449.734,1.9439,0.0158,0.0372,2.3605,4.6710,4.5646,nan,4.2220,4.3457,0.1721,-0.1424,1.6802,-0.0395,-0.0019,-0.2016,19.2901,0.0800,-5.2694,0.1730
105.550,442.352,0.7339,-8.1081,-107.389,0.7761,-7.9021,-105.892,-0.2092,-0.0213,0.2103,1.498,2.3315,4.0108,1.694,-1.9069,-11.8617,-107.586,4.476,-0.6153,449.962,1.9343,0.0185,0.0234,1.2632,4.2734,4.0283,nan,4.1582,3.9413,0.1561,-0.1527,1.6802,-0.0431,0.0104,-0.2097,19.4900,0.0800,-2.7074,0.1730
105.600,442.631,0.6456,-8.3719,-110.068,0.6972,-8.1667,-108.600,-0.2104,-0.0220,0.2116,1.469,2.4650,3.9379,1.011,-1.9811,-12.0715,-109.611,4.362,-0.8528,450.235,1.9049,0.0101,0.0248,2.4438,4.0459,4.0283,nan,4.0374,3.6593,0.1449,-0.2001,1.6802,-0.0210,0.0302,-0.2065,19.6898,0.0800,-2.7074,0.1730
105.650,442.868,0.5591,-8.5933,-113.068,0.5901,-8.4562,-112.065,-0.1382,-0.0252,0.1405,1.003,2.5204,3.8783,0.703,-2.0816,-12.3100,-112.768,4.266,-0.9815,450.468,1.9232,0.0136,0.0231,1.6991,4.2297,4.3365,nan,3.8595,3.9666,0.1571,-0.2207,1.5762,-0.0186,0.0224,-0.2588,19.9897,0.0800,-2.1766,0.1730
105.700,442.868,0.5591,-8.5933,-113.068,0.5901,-8.4562,-112.065,-0.1382,-0.0252,0.1405,1.003,2.5204,3.8783,0.703,-2.0816,-12.3100,-112.768,4.266,-0.9815,450.468,1.9232,0.0136,0.0231,1.6991,4.2042,4.2356,nan,3.6925,3.6675,0.1452,-0.2436,1.4592,-0.0121,0.0400,-0.3053,20.2895,-0.0145,-8.1726,0.1730
105.750,443.119,0.4539,-8.8208,-117.309,0.4868,-8.6759,-115.487,-0.1438,-0.0372,0.1486,1.822,2.4578,3.8976,1.018,-2.1940,-12.5365,-116.505,3.877,-1.2982,450.696,1.9299,0.0309,0.0262,0.8477,3.8540,3.7434,nan,3.6925,3.7245,0.1475,-0.2069,1.4060,-0.0296,-0.0166,-0.3198,20.3895,0.0800,-1.1120,0.1730
105.800,443.351,0.3403,-9.0229,-121.914,0.3782,-8.8774,-120.341,-0.1435,-0.0447,0.1503,1.574,2.3964,3.8616,1.253,-2.2962,-12.6919,-121.593,3.832,-1.3831,450.929,1.9059,0.0118,0.0232,1.9633,3.9886,4.0585,nan,3.4743,3.3958,0.1345,-0.2308,1.1950,-0.0221,0.0109,-0.3561,20.6893,-0.0455,-4.6632,0.1730
105.850,443.545,0.2322,-9.1846,-126.150,0.2490,-9.0789,-124.107,-0.0953,-0.0487,0.1070,2.043,2.2121,3.8854,2.098,-2.4364,-12.8838,-126.205,3.674,-1.4009,451.118,1.9450,0.0142,0.0185,1.2997,3.6273,3.4949,nan,3.4743,3.5461,0.1404,-0.2370,1.1950,-0.0212,-0.0082,-0.3673,20.7893,0.0800,-2.2570,0.1730
105.900,443.754,0.1038,-9.3493,-130.058,0.1391,-9.2143,-128.127,-0.1261,-0.0599,0.1396,1.930,2.0930,3.8986,2.609,-2.5487,-13.0103,-130.736,3.634,-1.2157,451.326,1.9192,0.0236,0.0301,1.2759,3.6285,3.6581,nan,3.2944,3.3320,0.1320,-0.2827,0.8550,-0.0175,0.0324,-0.3925,20.9892,0.0218,-5.5193,0.1730
105.950,443.965,-0.0372,-9.5058,-134.396,-0.0172,-9.3966,-132.196,-0.0920,-0.0621,0.1110,2.200,2.2090,3.8711,2.087,-2.7077,-13.1779,-134.282,3.428,-1.2621,451.528,1.9395,0.0050,0.0192,3.8489,3.6286,3.6581,nan,3.0643,2.9946,0.1186,-0.3188,0.8550,-0.0098,0.0531,-0.4250,21.1891,-0.0800,-5.5193,0.1730
106.000,444.157,-0.1759,-9.6386,-138.466,-0.1309,-9.4858,-136.601,-0.1350,-0.0846,0.1593,1.864,2.3026,3.8751,1.709,-2.8308,-13.2824,-138.310,3.398,-1.2983,451.720,1.9171,0.0098,0.0331,3.3641,3.3721,3.3365,nan,2.9586,2.8641,0.1134,-0.2894,0.8550,-0.0182,0.0188,-0.4387,21.2890,-0.0547,-0.2658,0.1730
106.050,444.341,-0.3179,-9.7553,-143.351,-0.2754,-9.6134,-140.364,-0.1188,-0.0885,0.1482,2.987,2.1847,3.9068,2.286,-2.9973,-13.4113,-142.650,3.085,-1.3988,451.890,1.9439,0.0185,0.0345,1.8624,3.4869,3.5433,nan,2.8755,2.7783,0.1100,-0.2905,0.8550,-0.0321,0.0297,-0.4370,21.4889,-0.0800,-7.3191,0.1730
106.100,444.341,-0.3179,-9.7553,-143.351,-0.2754,-9.6134,-140.364,-0.1188,-0.0885,0.1482,2.987,2.1847,3.9068,2.286,-2.9973,-13.4113,-142.650,3.085,-1.3988,451.967,1.9439,0.0185,0.0345,1.8624,3.1475,3.0379,nan,2.8755,3.0057,0.1190,-0.2370,0.8550,-0.0422,-0.0045,-0.4365,21.5889,0.0800,-5.5938,0.1730
106.150,444.501,-0.4499,-9.8466,-147.507,-0.3917,-9.7094,-145.432,-0.1228,-0.0845,0.1490,2.075,2.1438,3.8973,2.485,-3.1230,-13.4840,-147.917,2.884,-1.3077,452.043,1.9331,0.0210,0.0359,1.7120,2.8088,2.6913,nan,2.8512,2.8834,0.1142,-0.2652,0.8550,-0.0301,-0.0118,-0.4326,21.6888,0.0187,-3.7583,0.1730
106.200,444.659,-0.5857,-9.9266,-151.553,-0.5315,-9.8037,-149.055,-0.1062,-0.0822,0.1343,2.498,2.0478,3.8854,2.795,-3.2436,-13.5471,-151.849,2.788,-1.0574,452.198,1.9143,0.0011,0.0295,26.6109,2.6777,2.6776,nan,2.8512,2.9831,0.1181,-0.3671,0.8550,-0.0176,0.0423,-0.4344,21.8887,0.0764,2.6638,0.1730
106.250,444.821,-0.7303,-9.9995,-155.003,-0.6761,-9.8895,-152.246,-0.0956,-0.0768,0.1226,2.756,2.0469,3.8679,2.755,-3.3812,-13.6106,-155.002,2.863,-1.1455,452.364,1.9052,0.0047,0.0329,7.0351,2.8442,2.9146,nan,3.0488,3.1642,0.1253,-0.4401,0.8550,-0.0047,0.0278,-0.4809,21.9887,0.0800,-1.7214,0.1730
106.300,444.980,-0.8764,-10.0622,-158.768,-0.8231,-9.9697,-155.532,-0.0832,-0.0669,0.1068,3.236,2.0305,3.8590,2.827,-3.5322,-13.6711,-158.359,2.826,-1.2066,452.522,1.9094,0.0099,0.0356,3.5835,3.0280,3.1101,nan,3.1620,3.2638,0.1293,-0.4631,0.8550,0.0139,0.0734,-0.6602,22.1886,0.0589,0.4726,0.1730
106.350,445.133,-1.0210,-10.1125,-163.512,-0.9929,-10.0433,-159.666,-0.0466,-0.0583,0.0747,3.845,1.9980,3.8576,2.972,-3.7077,-13.7271,-162.639,2.849,-1.6822,452.680,1.9408,0.0147,0.0340,2.3056,2.8428,2.8299,nan,3.2122,3.1628,0.1253,-0.4593,0.8550,0.0188,0.0320,-0.7318,22.2885,0.0800,1.6383,0.1730
106.400,445.292,-1.1752,-10.1504,-169.549,-1.1352,-10.0817,-166.014,-0.0518,-0.0603,0.0795,3.534,2.0679,3.8317,2.644,-3.8416,-13.7508,-168.659,2.921,-2.0622,452.849,1.9178,0.0224,0.0251,1.1249,3.0599,3.1656,nan,3.3220,3.2969,0.1306,-0.4132,0.9941,0.0260,0.0341,-0.5919,22.4884,-0.0145,0.9782,0.1730
106.450,445.457,-1.3394,-10.1715,-176.444,-1.3468,-10.1096,-174.600,0.0036,-0.0622,0.0623,1.844,2.1494,3.8117,2.321,-4.0572,-13.7683,-176.921,2.987,-2.1543,453.027,1.9670,0.0044,0.0255,5.7931,3.1270,3.1656,nan,3.3549,3.2493,0.1287,-0.3700,1.2256,0.0347,0.0471,-0.5778,22.6883,-0.0611,0.9782,0.1730
106.500,445.630,-1.5125,-10.1722,176.515,-1.4829,-10.1017,178.991,-0.0252,-0.0722,0.0765,2.477,2.2833,3.7756,1.733,-4.1842,-13.7571,177.258,3.008,-1.7890,453.206,1.9194,0.0095,0.0261,2.7411,2.8877,2.8542,nan,3.4372,3.5123,0.1391,-0.3147,1.1394,0.0200,-0.0068,-0.5640,22.7882,0.0800,-0.7267,0.1730
106.550,445.770,-1.6518,-10.1584,171.868,-1.6844,-10.0753,172.891,0.0441,-0.0776,0.0893,1.023,2.3745,3.7530,1.372,-4.3888,-13.7271,171.519,3.069,-1.7743,453.352,1.9797,0.0075,0.0244,3.2310,3.1951,3.5309,nan,3.5774,3.6387,0.1441,-0.3267,1.2906,0.0197,0.0109,-0.5148,22.9881,0.0355,2.2980,0.1730
106.600,445.944,-1.8231,-10.1267,166.899,-1.8164,-10.0457,167.429,0.0118,-0.0804,0.0813,0.530,2.4746,3.7217,0.947,-4.5179,-13.6946,166.482,3.243,-1.6268,453.540,1.9382,0.0099,0.0144,1.4617,3.0090,2.9978,nan,3.5774,3.6398,0.1441,-0.2868,1.2155,0.0053,-0.0260,-0.5062,23.0881,0.0800,0.3692,0.1730
106.650,446.137,-2.0083,-10.0747,161.344,-2.0435,-9.9802,162.401,0.0636,-0.0783,0.1009,1.058,2.4746,3.7217,0.947,-4.7439,-13.6254,161.455,3.383,-1.5283,453.745,1.9747,0.0168,0.0225,1.3343,3.3023,3.5473,nan,3.6195,3.6769,0.1456,-0.3055,1.3618,0.0128,0.0512,-0.4753,23.3880,0.0332,2.6148,0.1730
106.700,446.137,-2.0083,-10.0747,161.344,-2.0329,-9.9821,161.991,0.0530,-0.0799,0.0958,0.648,2.5831,3.6871,0.537,-4.7439,-13.6254,161.455,3.383,-1.5283,453.745,1.9747,0.0168,0.0159,0.9439,3.4482,3.5165,nan,3.6211,3.5413,0.1403,-0.2916,1.4337,0.0054,0.0176,-0.4591,23.4879,-0.0462,1.8345,0.1730
106.750,446.318,-2.1779,-10.0102,156.680,-2.2112,-9.8994,156.740,0.0745,-0.0886,0.1157,0.060,2.6567,3.6659,0.218,-4.9195,-13.5466,156.522,3.454,-1.5904,453.933,1.9778,0.0203,0.0170,0.8402,3.4051,3.4262,nan,3.6671,3.6505,0.1446,-0.2711,1.4166,-0.0017,0.0217,-0.4324,23.6878,-0.0096,0.6423,0.1730
106.800,446.513,-2.3534,-9.9257,151.400,-2.3801,-9.8086,151.151,0.0795,-0.0900,0.1201,-0.248,2.8045,3.6111,-0.428,-5.0842,-13.4581,151.579,3.496,-1.5972,454.133,1.9664,0.0057,0.0112,1.9636,3.5286,3.5885,nan,3.7950,3.8606,0.1529,-0.2548,1.4680,0.0011,0.0126,-0.4279,23.8877,0.0380,-1.5225,0.1730
106.850,446.711,-2.5229,-9.8239,146.241,-2.5636,-9.6974,145.672,0.1041,-0.0825,0.1328,-0.569,2.8510,3.5927,-0.657,-5.2618,-13.3513,146.329,3.459,-1.4829,454.332,1.9735,0.0080,0.0086,1.0830,3.5500,3.5827,nan,3.9016,3.8700,0.1533,-0.2446,1.4769,-0.0025,0.0252,-0.4580,24.0876,0.0800,1.1711,0.1730
106.900,446.899,-2.6755,-9.7136,141.701,-2.7219,-9.5672,141.101,0.1272,-0.0862,0.1536,-0.600,2.8122,3.6122,-0.522,-5.4139,-13.2292,141.623,3.518,-1.4181,454.526,1.9707,0.0104,0.0115,1.0980,3.5537,3.5832,nan,3.9932,4.0710,0.1612,-0.2384,1.5162,-0.0014,0.0474,-0.4093,24.2875,0.0800,2.9947,0.1730
106.950,447.096,-2.8257,-9.5859,137.223,-2.8766,-9.4194,136.431,0.1504,-0.0877,0.1741,-0.792,2.8495,3.6024,-0.722,-5.5614,-13.0929,137.153,3.636,-1.3969,454.734,1.9666,0.0146,0.0173,1.1831,3.6548,3.7081,nan,4.1395,4.1939,0.1661,-0.2301,1.6100,0.0009,0.0501,-0.3415,24.4874,0.0310,1.3088,0.1730
107.000,447.298,-2.9688,-9.4438,132.817,-3.0417,-9.2491,132.561,0.1924,-0.0789,0.2079,-0.256,2.6423,3.6905,0.152,-5.7184,-12.9244,132.409,3.701,-1.3858,454.941,1.9757,0.0064,0.0160,2.4869,3.6747,3.7081,nan,4.2360,4.3524,0.1724,-0.2222,1.6188,0.0100,0.0493,-0.3495,24.6873,0.0800,1.3088,0.1730
107.050,447.509,-3.1067,-9.2839,128.342,-3.1490,-9.1126,128.386,0.1606,-0.0731,0.1764,0.044,2.7157,3.6580,-0.185,-5.8234,-12.7894,128.571,3.834,-1.3634,455.163,1.9476,0.0072,0.0160,2.2140,3.4778,3.4678,nan,4.2824,4.1128,0.1629,-0.2310,1.5353,0.0219,0.0376,-0.3456,24.7872,0.0800,2.9593,0.1730
107.100,447.737,-3.2420,-9.0997,123.798,-3.2973,-8.9003,124.420,0.1964,-0.0650,0.2069,0.622,2.5672,3.7185,0.524,-5.9797,-12.5647,123.896,4.005,-1.4180,455.406,1.9615,0.0094,0.0179,1.9107,3.7772,4.1613,nan,4.4099,4.4481,0.1762,-0.2226,1.7004,0.0351,0.0586,-0.3100,25.0871,0.0800,4.4213,0.1730
107.150,447.737,-3.2420,-9.0997,123.798,-3.2973,-8.9003,124.420,0.1964,-0.0650,0.2069,0.622,2.5672,3.7185,0.524,-5.9797,-12.5647,123.896,4.005,-1.4180,455.406,1.9615,0.0094,0.0179,1.9107,4.0555,4.2863,nan,4.5120,4.5939,0.1819,-0.2178,1.8187,0.0443,0.0553,-0.2922,25.2870,0.0431,-0.6989,0.1730
107.200,447.981,-3.3695,-8.8920,118.788,-3.4196,-8.6908,120.031,0.2005,-0.0530,0.2074,1.243,2.4532,3.7584,1.091,-6.1087,-12.3351,118.941,4.013,-1.4087,455.654,1.9597,0.0067,0.0226,3.3595,4.0967,4.1396,nan,4.5747,4.6753,0.1852,-0.2085,1.8314,0.0551,0.0495,-0.2797,25.4869,0.0524,3.2700,0.1730
107.250,448.206,-3.4709,-8.6912,114.318,-3.5150,-8.5024,115.341,0.1902,-0.0376,0.1939,1.022,2.4686,3.7456,1.048,-6.2066,-12.1366,114.293,4.159,-1.4190,455.892,1.9566,0.0065,0.0256,3.9335,4.2195,4.2919,nan,4.6368,4.7047,0.1863,-0.1966,1.8400,0.0540,0.0327,-0.2715,25.6868,0.0346,3.0909,0.1730
107.300,448.439,-3.5593,-8.4758,109.808,-3.5918,-8.2968,111.375,0.1794,-0.0301,0.1819,1.568,2.3914,3.7698,1.463,-6.2894,-11.9099,109.912,4.295,-1.4155,456.139,1.9494,0.0071,0.0319,4.4878,4.4226,4.5567,nan,4.7281,4.7383,0.1877,-0.1905,1.8425,0.0615,0.0214,-0.2691,25.8867,0.0050,2.4763,0.1730
107.350,448.687,-3.6350,-8.2394,105.195,-3.6727,-8.0634,106.966,0.1797,-0.0098,0.1800,1.772,2.3538,3.7733,1.680,-6.3710,-11.6549,105.286,4.405,-1.3586,456.399,1.9527,0.0076,0.0345,4.5303,4.5828,4.6925,nan,4.7941,4.7668,0.1888,-0.1742,1.8499,0.0574,0.0370,-0.2621,26.1865,-0.0131,1.4782,0.1730
107.400,448.927,-3.6904,-8.0062,101.006,-3.7316,-7.8014,102.922,0.2088,0.0013,0.2088,1.916,2.2297,3.8246,2.306,-6.4242,-11.3767,100.616,4.472,-1.3313,456.647,1.9451,0.0086,0.0414,4.8245,4.2824,4.2169,nan,4.8307,4.8912,0.1937,-0.1562,1.8542,0.0517,0.0036,-0.2580,26.2864,0.0800,1.2497,0.1730
107.450,449.179,-3.7304,-7.7572,96.739,-3.7518,-7.6160,98.809,0.1428,0.0047,0.1429,2.070,2.2894,3.7785,2.056,-6.4461,-11.1704,96.753,4.531,-1.2749,456.907,1.9323,0.0065,0.0517,7.9502,4.1961,4.2169,nan,4.9161,4.7990,0.1901,-0.1477,1.8624,0.0570,-0.0012,-0.2503,26.4863,0.0800,1.2497,0.1730
107.500,449.448,-3.7533,-7.4893,92.608,-3.7665,-7.3596,94.371,0.1302,0.0072,0.1304,1.763,2.3894,3.7063,1.595,-6.4614,-10.8903,92.776,4.581,-1.0801,457.183,1.9232,0.0061,0.0488,7.9969,4.4591,4.6890,nan,5.1403,5.0831,0.2013,-0.1285,1.8746,0.0456,0.0073,-0.2389,26.7862,0.0800,1.0895,0.1736
107.550,449.696,-3.7583,-7.2409,89.366,-3.7673,-7.0708,90.098,0.1700,0.0109,0.1703,0.732,2.5324,3.6167,0.848,-6.4573,-10.5931,89.250,4.637,-0.9480,457.438,1.9086,0.0057,0.0469,8.2057,4.7391,5.0812,nan,5.3198,5.4348,0.2152,-0.1150,1.9036,0.0307,0.0229,-0.2185,27.0860,0.0800,0.8938,0.1736
107.600,449.951,-3.7498,-6.9864,86.482,-3.7536,-6.8254,87.158,0.1605,0.0137,0.1610,0.676,2.5324,3.6167,0.848,-6.4399,-10.3479,86.310,4.792,-0.8850,457.707,1.9007,0.0074,0.0504,6.8544,4.6861,4.7188,nan,5.3733,5.4514,0.2159,-0.0953,1.9311,0.0176,0.0133,-0.1941,27.2859,0.0800,3.4367,0.1736
107.650,449.951,-3.7498,-6.9864,86.482,-3.7459,-6.8476,86.904,0.1388,0.0046,0.1388,0.422,2.5864,3.5665,0.594,-6.4399,-10.3479,86.310,4.792,-0.8850,457.707,1.9007,0.0074,0.0411,5.5863,4.7246,4.7822,nan,5.5145,5.5708,0.2206,-0.0829,1.9633,0.0034,0.0067,-0.1665,27.4858,0.0800,5.1521,0.1736
107.700,450.221,-3.7275,-6.7171,83.743,-3.7224,-6.5947,84.760,0.1223,0.0082,0.1225,1.017,2.5009,3.6058,1.060,-6.4110,-10.0836,83.700,5.012,-0.7759,457.997,1.8947,0.0124,0.0503,4.0700,4.9924,5.3128,nan,5.6410,5.6960,0.2256,-0.0916,2.0028,0.0095,0.0207,-0.1036,27.7857,0.0229,3.2546,0.1736
107.750,450.506,-3.6913,-6.4345,81.362,-3.6744,-6.2739,82.189,0.1613,0.0074,0.1615,0.827,2.5230,3.5898,0.964,-6.3624,-9.7581,81.225,5.152,-0.6839,458.295,1.8781,0.0045,0.0517,11.6069,5.1342,5.2603,nan,5.8026,5.9265,0.2347,-0.0910,2.0028,0.0036,0.0259,-0.1234,28.0855,0.0509,3.0029,0.1736
107.800,450.793,-3.6436,-6.1514,79.247,-3.6210,-6.0097,80.041,0.1435,0.0042,0.1435,0.794,2.5557,3.5591,0.797,-6.3092,-9.4819,79.244,5.278,-0.7284,458.595,1.8732,0.0055,0.0474,8.5777,5.3438,5.5580,nan,5.9197,6.0117,0.2381,-0.0834,2.0028,-0.0041,0.0106,-0.1331,28.2854,0.0368,2.6948,0.1736
107.850,451.071,-3.5872,-5.8795,76.987,-3.5572,-5.7218,77.643,0.1604,0.0063,0.1605,0.655,2.5808,3.5227,0.633,-6.2398,-9.1761,77.010,5.399,-0.7661,458.885,1.8575,0.0065,0.0463,7.1227,5.4054,5.4938,nan,5.9894,6.1211,0.2424,-0.0696,2.0042,-0.0116,0.0075,-0.1326,28.5853,0.0524,3.6541,0.1736
107.900,451.362,-3.5168,-5.5975,74.634,-3.4715,-5.4444,75.440,0.1597,-0.0031,0.1597,0.805,2.5737,3.5398,0.764,-6.1646,-8.9028,74.675,5.549,-0.7677,459.192,1.8533,0.0074,0.0380,5.1692,5.5971,5.8054,nan,6.1400,6.2482,0.2475,-0.0608,2.0123,-0.0187,0.0093,-0.1261,28.8851,0.0418,2.1428,0.1736
107.950,451.670,-3.4299,-5.3011,72.375,-3.3696,-5.1106,72.630,0.1998,0.0002,0.1998,0.254,2.6285,3.5130,0.461,-6.0674,-8.5749,72.168,5.674,-0.6530,459.516,1.8408,0.0111,0.0436,3.9293,5.6824,5.7953,nan,6.2982,6.4608,0.2559,-0.0563,2.0123,-0.0178,0.0196,-0.1182,29.1850,0.0619,2.6306,0.1736
108.000,451.992,-3.3281,-4.9965,70.383,-3.2830,-4.8149,71.333,0.1862,0.0185,0.1871,0.950,2.5333,3.5666,0.998,-5.9613,-8.2790,70.335,5.790,-0.5683,459.851,1.8371,0.0032,0.0380,11.9012,5.8873,6.1403,nan,6.4520,6.5897,0.2610,-0.0445,2.0123,-0.0208,0.0209,-0.1169,29.4848,0.0508,2.6348,0.1736
108.050,452.313,-3.2161,-4.6948,68.636,-3.1420,-4.4757,69.186,0.2310,0.0108,0.2313,0.550,2.5939,3.5264,0.657,-5.8273,-7.9358,68.529,5.907,-0.5286,460.187,1.8128,0.0020,0.0270,13.5635,5.9954,6.1403,nan,6.6905,6.8902,0.2729,-0.0476,2.0506,0.0091,0.0511,-0.0958,29.8846,0.0800,2.6348,0.1736
108.100,452.655,-3.0877,-4.3782,66.953,-3.0200,-4.1832,68.561,0.2059,0.0140,0.2064,1.608,2.4706,3.6205,1.586,-5.7045,-7.6487,66.975,6.077,-0.4789,460.549,1.8200,0.0033,0.0304,9.1202,5.8934,5.9254,nan,6.7356,6.9403,0.2749,-0.0302,2.1184,-0.0001,0.0370,-0.0450,30.0845,0.0800,3.5083,0.1736
108.150,452.990,-2.9533,-4.0712,65.544,-2.8642,-3.8133,67.022,0.2717,0.0256,0.2729,1.479,2.4706,3.6205,1.586,-5.5385,-7.2832,65.436,6.311,-0.3641,460.910,1.7857,0.0047,0.0299,6.4073,6.1491,6.5974,nan,6.9532,7.1307,0.2824,-0.0321,2.1008,0.0220,0.0395,-0.0129,30.4843,0.0612,5.3172,0.1736
108.200,452.990,-2.9533,-4.0712,65.544,-2.8589,-3.8291,67.501,0.2594,0.0143,0.2598,1.958,2.4136,3.6490,2.065,-5.5385,-7.2832,65.436,6.311,-0.3641,460.910,1.7857,0.0047,0.0267,5.7079,6.3168,6.5473,nan,7.0000,7.0990,0.2811,-0.0302,2.0952,0.0269,0.0421,-0.0176,30.7841,0.0334,3.8688,0.1736
108.250,453.342,-2.8052,-3.7517,64.591,-2.7174,-3.5087,67.082,0.2572,0.0250,0.2584,2.491,2.3358,3.6990,2.680,-5.3847,-6.9636,64.403,6.482,-0.3125,461.283,1.7800,0.0062,0.0297,4.7980,6.5217,6.8393,nan,7.0000,6.9610,0.2757,-0.0330,2.0935,0.0487,0.0507,-0.0218,31.1839,-0.0128,3.7031,0.1736
108.300,453.710,-2.6448,-3.4204,63.564,-2.5702,-3.1553,66.606,0.2706,0.0512,0.2754,3.042,2.2858,3.7183,3.009,-5.2100,-6.6092,63.597,6.645,-0.3143,461.673,1.7652,0.0037,0.0534,14.4409,6.7141,7.0216,nan,7.0000,6.8222,0.2702,-0.0236,2.0935,0.0716,0.0468,0.0006,31.5837,-0.0569,2.0337,0.1736
108.350,454.092,-2.4724,-3.0801,62.542,-2.4146,-2.8057,65.370,0.2701,0.0752,0.2804,2.827,2.2972,3.6854,2.813,-5.0246,-6.2520,62.557,6.729,-0.3324,462.068,1.7520,0.0015,0.0485,31.7851,6.8527,7.0816,nan,6.8537,6.7584,0.2677,-0.0054,2.0437,0.0810,0.0210,0.0247,31.8836,-0.0800,0.1176,0.1736
108.400,454.455,-2.3024,-2.7588,61.498,-2.2381,-2.4436,64.355,0.3077,0.0939,0.3217,2.857,2.2822,3.6821,2.922,-4.8266,-5.8872,61.433,6.730,-0.2867,462.436,1.7242,0.0019,0.0350,18.9036,6.5068,6.3388,nan,6.7554,6.5964,0.2612,0.0086,2.0121,0.0790,0.0017,0.0378,32.1834,-0.0529,-1.1241,0.1736
108.450,454.844,-2.1148,-2.4183,60.673,-2.0853,-2.1260,63.579,0.2693,0.1175,0.2938,2.906,2.2875,3.7289,3.000,-4.6732,-5.6180,60.580,6.677,-0.1613,462.824,1.7586,0.0050,0.0336,6.6884,6.6788,6.9426,nan,6.3831,6.1583,0.2439,0.0267,1.9822,0.0827,-0.0196,0.0579,32.5832,-0.0779,-1.0322,0.1736
108.500,455.197,-1.9415,-2.1113,60.499,-1.8834,-1.7537,63.341,0.3398,0.1255,0.3623,2.842,2.2910,3.7523,3.161,-4.4717,-5.2674,60.179,6.627,0.0178,463.175,1.7299,0.0091,0.0404,4.4339,6.5559,6.5851,nan,6.0588,6.0864,0.2410,0.0467,1.9643,0.0731,-0.0369,0.0618,32.8830,0.0106,-2.0309,0.1736
108.550,455.578,-1.7543,-1.7792,60.819,-1.7081,-1.4105,63.156,0.3444,0.1395,0.3716,2.337,2.3546,3.7261,2.597,-4.2914,-4.9472,60.559,6.506,0.2280,463.550,1.7368,0.0005,0.0301,65.1817,6.5164,6.5851,nan,5.8362,5.9128,0.2342,0.0646,1.9472,0.0556,-0.0427,0.0633,33.1829,0.0800,-2.0309,0.1736
108.600,455.917,-1.5905,-1.4825,61.637,-1.5419,-1.0963,63.167,0.3629,0.1407,0.3892,1.530,2.4577,3.6815,1.654,-4.1358,-4.6604,61.514,6.297,0.3275,463.872,1.7451,0.0002,0.0114,61.4571,6.3656,6.3797,nan,5.6229,5.7499,0.2277,0.0832,1.9458,0.0399,-0.0431,0.0454,33.5827,0.0800,-4.9705,0.1736
108.650,456.238,-1.4410,-1.1983,63.402,-1.4136,-0.8345,64.306,0.3375,0.1384,0.3648,0.903,2.4554,3.6894,1.731,-4.0039,-4.4050,62.574,6.072,0.6316,464.176,1.7633,0.0005,0.0126,24.8402,6.1249,6.0811,nan,5.4144,5.5791,0.2210,0.1129,1.9458,0.0114,-0.0563,0.0913,33.8825,0.0800,-5.2600,0.1736
108.700,456.554,-1.3039,-0.9137,65.734,-1.2879,-0.5338,67.059,0.3529,0.1415,0.3802,1.325,2.4554,3.6894,1.731,-3.8691,-4.1082,65.327,5.863,0.8451,464.477,1.7653,0.0018,0.0144,8.2022,6.0626,6.1124,nan,5.1984,5.1776,0.2051,0.1005,1.8742,0.0189,-0.0228,0.1195,34.1824,-0.0092,-3.4370,0.1736
108.750,456.554,-1.3039,-0.9137,65.734,-1.2776,-0.5240,66.588,0.3661,0.1362,0.3906,0.854,2.5002,3.6684,1.261,-3.8691,-4.1082,65.327,5.863,0.8451,464.477,1.7653,0.0018,0.0109,6.2079,5.7579,5.6596,nan,5.1189,5.2252,0.2069,0.0952,1.8644,0.0176,0.0050,0.1328,34.3823,0.0494,-4.8663,0.1736
108.800,456.870,-1.1800,-0.6226,68.862,-1.1605,-0.2086,70.873,0.3932,0.1311,0.4145,2.011,2.4329,3.7746,2.367,-3.7548,-3.8314,68.506,5.647,0.9155,464.779,1.7752,0.0047,0.0157,3.3578,5.4154,5.2760,nan,4.9508,5.0770,0.2011,0.0672,1.8229,0.0475,0.0372,0.1506,34.6821,0.0800,-6.7656,0.1736
108.850,457.178,-1.0747,-0.3337,71.633,-1.0813,0.0237,72.885,0.3372,0.1189,0.3575,1.252,2.5210,3.6723,1.143,-3.6744,-3.5759,71.742,5.365,0.8065,465.067,1.8014,0.0136,0.0359,2.6508,5.2685,5.2784,nan,4.6668,4.7324,0.1874,0.0886,1.7459,0.0361,0.0185,0.1609,34.8820,0.0332,-3.2062,0.1736
108.900,457.474,-0.9864,-0.0507,74.115,-0.9835,0.2730,74.385,0.3122,0.0858,0.3237,0.270,2.6016,3.5741,0.156,-3.5941,-3.2912,74.229,5.227,0.5947,465.355,1.8092,0.0091,0.0096,1.0524,5.1124,5.1187,nan,4.5750,4.6666,0.1848,0.1286,1.7303,0.0039,-0.0120,0.1714,35.0819,0.0476,-3.1309,0.1736
108.950,457.758,-0.9121,0.2230,75.830,-0.9101,0.5152,75.423,0.2838,0.0696,0.2922,-0.408,2.6492,3.5120,-0.540,-3.5309,-3.0302,75.962,5.078,0.6378,465.629,1.8209,0.0056,0.0053,0.9549,5.0377,5.0691,nan,4.4121,4.4465,0.1761,0.1591,1.7134,-0.0175,-0.0462,0.1794,35.3818,0.0183,-5.8785,0.1736
109.000,458.030,-0.8496,0.4881,78.003,-0.8558,0.7424,77.935,0.2475,0.0589,0.2544,-0.067,2.6116,3.5092,0.095,-3.4719,-2.7610,77.840,4.846,0.7695,465.886,1.8243,0.0065,0.0046,0.7068,4.7500,4.6855,nan,4.2345,4.3744,0.1732,0.1463,1.7001,-0.0112,-0.0079,0.1790,35.4817,0.0799,-3.8786,0.1736
109.050,458.292,-0.8005,0.7454,80.976,-0.8103,0.9625,79.963,0.2129,0.0438,0.2173,-1.013,2.6464,3.4446,-0.572,-3.4318,-2.5164,80.535,4.683,1.0154,466.139,1.8340,0.0125,0.0040,0.3188,4.4688,4.4145,nan,4.1353,4.0536,0.1605,0.1351,1.6671,0.0003,0.0198,0.1814,35.6816,0.0800,-4.8529,0.1736
109.100,458.548,-0.7670,0.9995,84.575,-0.7768,1.1646,83.222,0.1635,0.0254,0.1654,-1.353,2.6769,3.3743,-1.127,-3.4096,-2.2772,84.349,4.491,1.0440,466.385,1.8461,0.0170,0.0134,0.7920,4.3906,4.4145,nan,3.9694,3.9275,0.1555,0.1469,1.6151,-0.0086,0.0230,0.1764,35.8815,0.0800,-4.8529,0.1736
109.150,458.796,-0.7496,1.2465,87.809,-0.7515,1.3545,85.268,0.1078,0.0061,0.1080,-2.541,2.7391,3.2627,-2.505,-3.4039,-2.0589,87.773,4.358,0.9905,466.625,1.8598,0.0169,0.0133,0.7839,4.2494,4.2586,nan,3.9144,3.7982,0.1504,0.1437,1.5571,-0.0054,0.0358,0.1838,36.0814,0.0800,-3.1962,0.1736
109.200,459.027,-0.7461,1.4777,90.843,-0.7462,1.5627,88.062,0.0850,-0.0012,0.0850,-2.782,2.7466,3.1904,-2.861,-3.4072,-1.8000,90.923,4.076,0.9136,466.840,1.8646,0.0197,0.0116,0.5910,4.3989,4.4921,nan,3.7648,3.7662,0.1492,0.1872,1.5158,-0.0189,0.0161,0.2453,36.2813,0.0008,-6.3433,0.1736
109.250,459.230,-0.7531,1.6799,93.436,-0.7457,1.7361,90.716,0.0557,-0.0108,0.0567,-2.719,2.7466,3.1904,-2.861,-3.4154,-1.6268,93.577,3.880,0.8687,467.032,1.8679,0.0230,0.0133,0.5779,4.0445,3.9245,nan,3.7648,3.7333,0.1479,0.1840,1.5158,-0.0109,0.0254,0.2545,36.3812,0.0800,-5.4840,0.1736
109.300,459.432,-0.7701,1.8812,96.713,-0.7491,1.9552,92.395,0.0711,-0.0295,0.0770,-4.319,2.7729,3.1699,-3.725,-3.4356,-1.4409,96.119,3.758,1.0914,467.229,1.8724,0.0612,0.0087,0.1416,3.7524,3.7005,nan,3.6894,3.3591,0.1330,0.2202,1.4220,-0.0147,0.0003,0.2363,36.5811,0.0800,-2.7752,0.1736
109.350,459.432,-0.7701,1.8812,96.713,-0.7493,1.9489,92.248,0.0648,-0.0285,0.0708,-4.465,2.7757,3.1545,-3.871,-3.4356,-1.4409,96.119,3.758,1.0914,467.229,1.8724,0.0357,0.0158,0.4423,3.6512,3.6652,nan,3.5330,3.3882,0.1342,0.2067,1.3836,0.0013,0.0212,0.2942,36.7810,0.0800,-1.7016,0.1736
109.400,459.640,-0.7999,2.0873,100.147,-0.7719,2.1376,96.482,0.0446,-0.0364,0.0575,-3.666,2.7719,3.1592,-3.655,-3.4715,-1.2455,100.137,3.662,1.1256,467.433,1.8794,0.0087,0.0210,2.4019,3.6911,3.7287,nan,3.3640,3.4589,0.1370,0.2003,1.2351,0.0167,0.0516,0.3349,36.8810,0.0549,-6.1525,0.1736
109.450,459.834,-0.8398,2.2773,103.925,-0.8081,2.3246,100.274,0.0383,-0.0422,0.0569,-3.650,2.7670,3.1611,-3.372,-3.5197,-1.0453,103.646,3.435,1.1203,467.617,1.8868,0.0228,0.0229,1.0053,3.4276,3.3888,nan,3.3640,3.4606,0.1371,0.1773,1.1469,0.0328,0.0445,0.3899,37.0809,0.0800,-2.3355,0.1736
109.500,460.024,-0.8907,2.4602,107.425,-0.8511,2.5055,104.453,0.0313,-0.0513,0.0601,-2.973,2.7581,3.1969,-3.046,-3.5674,-0.8822,107.498,3.358,1.0517,467.804,1.8855,0.0300,0.0215,0.7171,3.3459,3.3608,nan,3.1940,3.3228,0.1316,0.1850,1.1196,0.0485,0.0609,0.3794,37.1808,0.0800,0.0415,0.1665
109.550,460.209,-0.9508,2.6352,110.713,-0.9146,2.7185,107.753,0.0652,-0.0633,0.0909,-2.960,2.7562,3.2122,-3.218,-3.6373,-0.6989,110.971,3.366,0.9502,467.991,1.8944,0.0340,0.0181,0.5309,3.1936,3.1935,nan,3.1156,3.0455,0.1206,0.2261,1.0251,0.0513,0.0215,0.3943,37.3807,0.0800,0.1650,0.1665
109.600,460.398,-1.0218,2.8101,113.701,-0.9734,2.8725,110.805,0.0377,-0.0694,0.0790,-2.895,2.7500,3.2522,-2.732,-3.7010,-0.5568,113.538,3.363,0.9582,468.181,1.8905,0.0411,0.0185,0.4489,3.4719,3.6732,nan,2.8822,2.7973,0.1108,0.2865,1.0122,0.0555,-0.0007,0.4233,37.5806,-0.0492,-2.0005,0.1665
109.650,460.581,-1.0994,2.9757,116.713,-1.0711,3.1001,114.348,0.0984,-0.0812,0.1276,-2.365,2.7475,3.2706,-2.569,-3.8071,-0.3416,116.917,3.284,1.0006,468.361,1.9140,0.0163,0.0245,1.5020,3.6072,3.6732,nan,2.6843,2.8032,0.1110,0.3296,1.0263,0.0473,-0.0412,0.4612,37.7805,-0.0800,-2.0005,0.1665
109.700,460.761,-1.1853,3.1348,120.349,-1.1472,3.2283,117.962,0.0614,-0.0801,0.1009,-2.388,2.7336,3.3282,-1.890,-3.8754,-0.2279,119.852,3.072,1.1679,468.532,1.9008,0.0243,0.0216,0.8888,3.2368,3.0692,nan,2.6843,2.6173,0.1037,0.3773,0.9434,0.0505,-0.0365,0.4888,37.8805,-0.0388,-5.2941,0.1665
109.750,460.923,-1.2717,3.2713,124.877,-1.2527,3.3700,123.107,0.0702,-0.0720,0.1005,-1.770,2.7228,3.3867,-0.933,-3.9747,-0.0814,124.040,2.829,1.5205,468.685,1.9126,0.0348,0.0123,0.3549,3.1290,3.1376,nan,2.5251,2.4103,0.0955,0.3965,0.8902,0.0575,-0.0522,0.5630,38.0804,-0.0800,-6.1343,0.1665
109.800,461.072,-1.3619,3.3900,129.905,-1.3387,3.4719,128.712,0.0479,-0.0703,0.0851,-1.192,2.7228,3.3867,-0.933,-4.0623,0.0190,129.645,2.616,1.5990,468.828,1.9120,0.0449,0.0082,0.1835,2.8440,2.7831,nan,2.5144,2.5547,0.1012,0.2559,0.8092,0.0897,0.0172,0.5993,38.1803,0.0233,-5.7326,0.1665
109.850,461.200,-1.4474,3.4846,134.458,-1.4245,3.5585,133.555,0.0367,-0.0681,0.0773,-0.903,2.7228,3.3867,-0.933,-4.1496,0.1042,134.488,2.423,1.4615,468.950,1.9148,0.0460,0.0089,0.1933,2.6382,2.6160,nan,2.5144,2.5901,0.1026,0.2230,0.8000,0.1009,-0.0180,0.6562,38.3802,0.0800,-6.2575,0.1665
109.900,461.200,-1.4474,3.4846,134.458,-1.4318,3.5791,133.091,0.0565,-0.0774,0.0958,-1.367,2.7140,3.3738,-1.398,-4.1496,0.1042,134.488,2.423,1.4615,468.950,1.9148,0.0460,0.0133,0.2885,2.4587,2.4438,nan,2.4911,2.5158,0.0996,0.3313,0.8000,0.0932,-0.0198,0.5707,38.4802,0.0143,0.0664,0.1665
109.950,461.330,-1.5414,3.5749,137.521,-1.5265,3.6648,137.729,0.0498,-0.0764,0.0911,0.207,2.7140,3.3738,-1.398,-4.2464,0.1875,139.126,2.479,0.8703,469.082,1.9184,0.0421,0.0203,0.4825,2.3628,2.3672,nan,2.4911,2.5886,0.1025,0.4882,0.8000,0.0821,-0.0809,0.3563,38.5801,0.0565,1.2790,0.1665
110.000,461.470,-1.6472,3.6671,140.327,-1.6160,3.7451,138.890,0.0258,-0.0800,0.0840,-1.437,2.7169,3.3787,-1.313,-4.3402,0.2670,140.203,2.512,0.9687,469.224,1.9081,0.0141,0.0124,0.8797,2.5609,2.6450,nan,2.2762,2.1958,0.0870,0.6328,0.8000,0.0713,-0.1555,0.9410,38.7800,-0.0800,-1.5948,0.1665
110.050,461.592,-1.7431,3.7422,143.792,-1.7245,3.8499,141.756,0.0486,-0.0979,0.1093,-2.036,2.7220,3.3944,-1.299,-4.4556,0.3545,143.055,2.469,1.2879,469.345,1.9259,0.0133,0.0275,2.0632,2.4645,2.4696,nan,2.1977,2.1445,0.0849,0.6826,0.8000,0.0505,-0.1530,0.8944,38.8800,-0.0800,-0.2740,0.1665
110.100,461.728,-1.8555,3.8179,149.013,-1.8432,3.9449,146.954,0.0548,-0.1152,0.1276,-2.059,2.7182,3.4275,-1.144,-4.5708,0.4262,148.098,2.427,1.8843,469.483,1.9292,0.0218,0.0255,1.1675,2.3728,2.3781,nan,2.1977,2.1022,0.0833,0.7136,0.8000,0.0258,-0.1072,0.8686,38.9799,-0.0553,-6.6578,0.1665
110.150,461.855,-1.9684,3.8781,155.299,-1.9541,4.0172,153.701,0.0451,-0.1324,0.1399,-1.598,2.7164,3.4304,-1.267,-4.6823,0.4834,154.968,2.180,2.0649,469.606,1.9281,0.0328,0.0167,0.5085,2.2390,2.2342,nan,2.1885,2.2338,0.0885,0.7327,0.8000,0.0064,-0.0807,0.8518,39.0799,0.0800,-4.2399,0.1665
110.200,461.967,-2.0721,3.9190,161.881,-2.0531,4.0621,160.174,0.0264,-0.1419,0.1444,-1.707,2.7165,3.4411,-1.198,-4.7815,0.5212,161.372,2.046,2.2404,469.718,1.9241,0.0374,0.0146,0.3910,2.1782,2.1869,nan,2.1792,2.1799,0.0863,0.7274,0.8000,0.0030,-0.0402,0.8622,39.1798,0.0004,-2.3760,0.1665
110.250,462.080,-2.1820,3.9474,169.317,-2.1840,4.1016,167.529,0.0306,-0.1512,0.1542,-1.789,2.7008,3.4011,-1.818,-4.9045,0.5452,169.346,1.960,2.3052,469.836,1.9376,0.0510,0.0221,0.4328,2.0319,2.0223,nan,2.2133,2.3512,0.0931,0.7103,0.8000,-0.0064,-0.0200,1.0097,39.2798,0.0798,-0.8208,0.1665
110.301,462.191,-2.2913,3.9608,176.839,-2.2974,4.1273,174.998,0.0153,-0.1659,0.1666,-1.841,2.6891,3.4050,-1.815,-5.0069,0.5640,176.813,1.974,2.3317,469.956,1.9301,0.0091,0.0427,4.7047,2.0094,2.0223,nan,2.2133,2.3294,0.0923,0.7285,0.8000,-0.0243,-0.0226,1.1867,39.3797,0.0800,-0.8208,0.1665
110.350,462.299,-2.3996,3.9599,-175.835,-2.4338,4.1145,-177.232,0.0229,-0.1567,0.1583,-1.397,2.6821,3.4193,-1.561,-5.1330,0.5555,-175.671,1.971,2.3465,470.072,1.9487,0.0181,0.0453,2.4982,2.0965,2.1303,nan,2.3828,2.4165,0.0957,0.7466,0.8000,-0.0300,-0.0212,1.1875,39.4797,0.0800,-0.9533,0.1665
110.400,462.413,-2.5126,3.9441,-168.022,-2.5406,4.0952,-170.209,-0.0039,-0.1536,0.1537,-2.187,2.6821,3.4193,-1.561,-5.2392,0.5333,-168.648,2.030,2.4644,470.201,1.9428,0.0275,0.0481,1.7510,2.0629,2.0746,nan,2.5267,2.4281,0.0962,0.7233,0.8000,-0.0241,-0.1454,1.2404,39.6795,0.0800,0.4542,0.1665
110.450,462.524,-2.6197,3.9140,-168.022,-2.5436,4.0907,-170.029,-0.1112,-0.1570,0.1924,-2.007,2.6813,3.4312,-1.381,-5.2392,0.5333,-168.648,2.030,2.4644,470.328,1.8328,0.0727,0.0454,0.6243,2.3036,2.4167,nan,2.6323,2.6973,0.1068,0.6958,0.8000,-0.0340,-0.1168,1.0729,39.7795,0.0377,0.3127,0.1665
110.500,462.524,-2.6197,3.9140,-160.230,-2.6866,4.0504,-162.209,0.0168,-0.1510,0.1519,-1.979,2.6777,3.3710,-2.078,-5.3854,0.4844,-160.130,2.094,2.4861,470.328,1.9840,0.0348,0.0611,1.7572,2.2547,2.2658,nan,2.7397,2.8600,0.1133,0.6957,0.8000,-0.0395,-0.1117,1.0377,39.8794,0.0696,0.4247,0.1665
110.550,462.643,-2.7282,3.8665,-152.242,-2.7885,3.9918,-153.476,-0.0050,-0.1390,0.1390,-1.234,2.6919,3.4454,-1.243,-5.4909,0.4274,-152.232,2.149,2.4728,470.460,1.9824,0.0052,0.0698,13.3537,2.3293,2.3622,nan,2.8429,2.8834,0.1142,0.6079,0.8000,-0.0355,-0.0753,1.0181,39.9794,0.0800,2.9681,0.1665
110.600,462.765,-2.8325,3.8025,-144.242,-2.8988,3.9130,-145.254,-0.0108,-0.1284,0.1289,-1.012,2.6981,3.4846,-0.815,-5.6023,0.3487,-144.439,2.291,2.6123,470.605,1.9916,0.0106,0.0669,6.3002,2.5401,2.6324,nan,2.9308,2.9013,0.1149,0.5381,0.8837,-0.0386,-0.1023,0.7526,40.1793,-0.0171,2.1480,0.1665
110.650,462.897,-2.9341,3.7180,-135.671,-3.0080,3.8030,-136.076,-0.0065,-0.1125,0.1127,-0.405,2.7142,3.5318,-0.351,-5.7237,0.2361,-135.725,2.431,2.4844,470.760,2.0155,0.0172,0.0577,3.3470,2.6703,2.7232,nan,3.0263,2.9416,0.1165,0.4515,0.9409,-0.0278,-0.0443,0.6680,40.2792,-0.0490,3.5666,0.1665
110.700,463.034,-3.0259,3.6162,-128.016,-3.0981,3.6640,-127.350,0.0068,-0.0863,0.0865,0.666,2.7245,3.5813,0.259,-5.8222,0.1090,-127.609,2.549,2.2504,470.913,2.0262,0.0221,0.0487,2.2069,2.6907,2.7157,nan,3.1274,3.0936,0.1225,0.4199,0.9481,-0.0256,-0.0096,0.6141,40.3791,-0.0195,2.8392,0.1665
110.750,463.180,-3.1086,3.4964,-120.896,-3.1755,3.5299,-120.912,0.0056,-0.0746,0.0748,-0.017,2.7231,3.5515,0.020,-5.8986,-0.0196,-120.933,2.643,2.1379,471.071,2.0216,0.0293,0.0531,1.8099,2.8245,2.8804,nan,3.3363,3.2000,0.1267,0.3325,0.9952,-0.0143,-0.0259,0.7243,40.5791,0.0800,2.9628,0.1665
110.800,463.336,-3.1816,3.3578,-114.507,-3.2328,3.3501,-113.608,0.0283,-0.0434,0.0518,0.899,2.7359,3.5669,0.391,-5.9700,-0.1762,-113.998,2.749,1.8440,471.237,2.0233,0.0099,0.0463,4.6668,2.8526,2.8804,nan,3.5572,3.5640,0.1411,0.2567,1.0986,-0.0134,-0.0514,0.5357,40.7790,0.0800,2.9628,0.1665
110.850,463.494,-3.2399,3.2112,-108.629,-3.2689,3.1762,-108.027,0.0424,-0.0163,0.0454,0.602,2.7558,3.5566,0.354,-6.0269,-0.3432,-108.380,2.903,1.5941,471.409,2.0258,0.0180,0.0364,2.0203,2.9211,2.9582,nan,3.7794,3.7368,0.1480,0.2002,1.1640,0.0016,-0.0310,0.4677,40.8789,0.0800,2.9334,0.1665
110.900,463.494,-3.2399,3.2112,-108.629,-3.2689,3.1762,-108.027,0.0424,-0.0163,0.0454,0.602,2.7558,3.5566,0.354,-6.0269,-0.3432,-108.380,2.903,1.5941,471.409,2.0258,0.0180,0.0364,2.0203,2.9500,2.9787,nan,3.8856,3.8323,0.1518,0.1487,1.2467,0.0185,-0.0523,0.3557,41.0788,0.0800,5.7936,0.1665
110.950,463.679,-3.2921,3.0340,-104.277,-3.2994,2.9882,-102.886,0.0462,0.0042,0.0464,1.391,2.7691,3.5210,0.085,-6.0693,-0.5238,-102.971,3.225,1.0843,471.615,2.0169,0.0255,0.0339,1.3252,3.1937,3.3294,nan,4.0885,4.1478,0.1643,0.1554,1.3455,0.0060,-0.1071,0.2356,41.2787,0.0800,5.8842,0.1665
111.000,463.864,-3.3327,2.8539,-100.975,-3.3253,2.8015,-100.343,0.0500,0.0172,0.0529,0.633,2.7751,3.5866,0.618,-6.1086,-0.7192,-100.961,3.456,0.9909,471.813,2.0187,0.0113,0.0118,1.0461,3.4825,3.7164,nan,4.3747,4.4950,0.1780,0.0953,1.3926,0.0010,-0.0912,0.1607,41.4786,0.0800,4.1127,0.1665
111.050,464.063,-3.3662,2.6578,-98.307,-3.3487,2.5862,-97.412,0.0683,0.0276,0.0737,0.896,2.7842,3.5765,0.464,-6.1407,-0.9406,-97.875,3.639,0.8754,472.023,2.0227,0.0149,0.0121,0.8096,3.7181,3.8557,nan,3.9917,4.0434,0.1601,0.0761,1.3336,-0.0123,-0.0916,0.1359,41.6785,-0.0800,5.1725,0.1665
111.100,464.273,-3.3918,2.4487,-95.455,-3.3659,2.3631,-95.527,0.0827,0.0339,0.0894,-0.072,2.8001,3.5208,-0.089,-6.1642,-1.1672,-95.438,3.869,0.7212,472.249,2.0245,0.0183,0.0122,0.6670,3.8788,3.9597,nan,3.7563,3.6633,0.1451,0.0350,1.3491,-0.0256,-0.0950,0.1148,41.8784,-0.0539,5.8392,0.1665
111.150,464.494,-3.4093,2.2284,-93.578,-3.3705,2.1585,-92.780,0.0673,0.0430,0.0799,0.798,2.7951,3.5925,0.408,-6.1757,-1.3900,-93.188,4.121,0.5400,472.487,2.0192,0.0209,0.0055,0.2629,4.1431,4.3418,nan,3.4378,3.8117,0.1510,-0.0081,1.2360,-0.0383,-0.0856,0.0310,42.0783,-0.0800,-1.9575,0.1665
111.200,464.718,-3.4204,2.0048,-92.078,-3.3800,1.9049,-90.914,0.0983,0.0440,0.1077,1.164,2.7772,3.6582,0.954,-6.1855,-1.6505,-91.868,4.016,0.2923,472.705,2.0267,0.0116,0.0107,0.9241,3.9489,3.9436,nan,3.3351,3.3556,0.1329,-0.0763,1.1925,-0.0545,-0.0658,-0.0809,42.2782,0.0800,-5.9534,0.1665
111.250,464.936,-3.4269,1.7874,-91.434,-3.3824,1.6989,-90.228,0.0873,0.0467,0.0990,1.207,2.7765,3.6498,0.885,-6.1883,-1.8555,-91.113,3.794,0.0202,472.909,2.0201,0.0136,0.0122,0.8954,3.9167,3.9436,nan,3.1142,3.1229,0.1237,-0.1431,1.0991,-0.0588,-0.0239,-0.1819,42.4781,0.0050,-5.9534,0.1665
111.300,465.143,-3.4321,1.5798,-91.584,-3.3874,1.5420,-90.583,0.0366,0.0457,0.0586,1.001,2.7760,3.6519,0.789,-6.1918,-2.0248,-91.372,3.727,-0.1357,473.113,2.0096,0.0160,0.0138,0.8656,3.6176,3.5584,nan,2.9980,3.1041,0.1229,-0.1698,1.0534,-0.0694,-0.0259,-0.2304,42.5780,0.0614,-0.7779,0.1665
111.350,465.340,-3.4397,1.3828,-93.585,-3.3920,1.3152,-91.238,0.0645,0.0519,0.0827,2.346,2.7760,3.6519,0.789,-6.1996,-2.2515,-92.028,3.351,-0.8200,473.289,2.0165,0.0227,0.0156,0.6870,3.7179,3.7720,nan,2.7126,2.7391,0.1085,-0.2499,1.0384,-0.0775,0.0079,-0.3189,42.7779,-0.0800,-8.2841,0.1665
111.400,465.340,-3.4397,1.3828,-93.585,-3.3989,1.3208,-91.803,0.0593,0.0446,0.0742,1.782,2.7918,3.5967,0.225,-6.1996,-2.2515,-92.028,3.351,-0.8200,473.289,2.0165,0.0227,0.0155,0.6846,3.3283,3.0881,nan,2.7126,2.7101,0.1073,-0.0788,0.9295,-0.1107,-0.0712,-0.3614,42.8779,-0.0015,-5.4477,0.1665
111.450,465.519,-3.4544,1.2051,-96.291,-3.4152,1.1971,-95.181,0.0037,0.0398,0.0400,1.110,2.7584,3.6969,1.058,-6.2187,-2.3854,-96.239,3.150,-0.8755,473.458,2.0110,0.0321,0.0021,0.0663,3.0497,2.9967,nan,2.7126,2.7910,0.1105,-0.1055,0.8517,-0.1188,-0.0245,-0.4308,43.0778,0.0800,-7.6034,0.1665
111.500,465.685,-3.4770,1.0402,-99.839,-3.4423,1.0457,-97.961,-0.0114,0.0333,0.0352,1.878,2.7571,3.6868,0.969,-6.2432,-2.5358,-98.930,2.843,-1.0260,473.611,2.0098,0.0139,0.0216,1.5585,2.9188,2.9209,nan,2.5462,2.6445,0.1047,-0.0614,0.8152,-0.1410,-0.0562,-0.4397,43.1777,0.0800,-3.2065,0.1691
111.550,465.841,-3.5057,0.8872,-101.213,-3.4720,0.8916,-101.252,-0.0108,0.0322,0.0340,-0.039,2.7153,3.7953,1.932,-6.2817,-2.6934,-103.185,2.736,-0.4256,473.761,2.0203,0.0136,0.0003,0.0239,2.6797,2.6438,nan,2.5462,2.3896,0.0946,-0.2650,0.8000,-0.1239,0.0403,-0.4608,43.2777,0.0800,0.1131,0.1691
111.600,465.994,-3.5373,0.7369,-102.610,-3.4976,0.7774,-100.903,-0.0482,0.0299,0.0567,1.707,2.7240,3.7810,1.663,-6.3062,-2.8217,-102.566,2.732,-0.2817,473.914,2.0089,0.0152,0.0187,1.2352,2.7289,2.7598,nan,2.4220,2.5499,0.1010,-0.4186,0.8000,-0.1249,0.1294,-0.5800,43.4776,0.0800,-2.2175,0.1691
111.650,466.142,-3.5706,0.5929,-103.419,-3.5294,0.6389,-101.951,-0.0543,0.0294,0.0617,1.468,2.7316,3.7831,1.543,-6.3434,-2.9745,-103.494,2.634,-0.3295,474.057,2.0145,0.0148,0.0150,1.0176,2.6219,2.6265,nan,2.3469,2.4477,0.0969,-0.5316,0.8000,-0.1135,0.1741,-0.6852,43.5775,0.0584,-5.5751,0.1691
111.700,466.281,-3.6050,0.4589,-106.078,-3.5712,0.4911,-103.525,-0.0402,0.0235,0.0466,2.553,2.7533,3.7068,0.953,-6.3771,-3.1101,-104.478,2.441,-1.0713,474.189,2.0142,0.0074,0.0329,4.4390,2.3909,2.3550,nan,2.3363,2.4590,0.0974,-0.6331,0.8000,-0.0926,0.1903,-0.7531,43.6775,0.0800,0.1724,0.1691
111.750,466.422,-3.6490,0.3246,-110.996,-3.6146,0.3643,-109.083,-0.0494,0.0179,0.0526,1.913,2.7679,3.6699,0.689,-6.4218,-3.2286,-109.772,2.421,-1.6862,474.333,2.0116,0.0174,0.0135,0.7756,2.3431,2.3550,nan,2.2630,2.2849,0.0905,-0.6470,0.8000,-0.0985,0.1516,-0.6165,43.7775,0.0800,0.1724,0.1691
111.800,466.564,-3.7068,0.1947,-117.537,-3.6774,0.2362,-115.945,-0.0504,0.0069,0.0508,1.593,2.7679,3.6699,0.689,-6.4862,-3.3560,-116.633,2.326,-1.9950,474.477,2.0176,0.0375,0.0051,0.1367,2.3715,2.3951,nan,2.1771,2.2828,0.0904,-0.6852,0.8000,-0.0950,0.1398,-0.8424,43.9773,0.0800,-2.4734,0.1691
111.850,466.564,-3.7068,0.1947,-117.537,-3.6697,0.2316,-115.270,-0.0498,0.0158,0.0523,2.267,2.7348,3.7408,1.363,-6.4862,-3.3560,-116.633,2.326,-1.9950,474.477,2.0176,0.0375,0.0019,0.0518,2.4343,2.4655,nan,2.1358,2.0383,0.0807,-0.6981,0.8000,-0.0817,0.1118,-1.0352,44.0773,-0.0564,-4.2904,0.1691
111.900,466.689,-3.7708,0.0868,-124.298,-3.7427,0.0961,-122.217,-0.0235,0.0180,0.0296,2.081,2.7235,3.7490,1.592,-6.5652,-3.4719,-123.809,2.181,-2.2141,474.602,2.0339,0.0626,0.0088,0.1409,2.2963,2.2912,nan,2.1358,2.1400,0.0848,-0.7710,0.8000,-0.0672,0.0884,-1.0395,44.1773,0.0025,-2.4722,0.1691
111.950,466.807,-3.8428,-0.0063,-131.539,-3.8196,0.0036,-129.486,-0.0227,0.0108,0.0252,2.053,2.7025,3.7859,1.929,-6.6458,-3.5606,-131.416,2.098,-2.3212,474.724,2.0414,0.0114,0.0295,2.5869,2.1748,2.1724,nan,2.2066,2.2307,0.0883,-0.7792,0.8000,-0.0564,0.0788,-1.0939,44.2772,0.0140,-4.7860,0.1691
112.000,466.906,-3.9124,-0.0765,-137.916,-3.8936,-0.0876,-136.445,-0.0066,0.0208,0.0218,1.471,2.7056,3.7590,1.838,-6.7191,-3.6329,-138.283,1.964,-2.2221,474.823,2.0455,0.0085,0.0226,2.6741,1.9836,1.9597,nan,2.2066,2.3036,0.0912,-0.7911,0.8000,-0.0412,0.0906,-1.1899,44.3772,0.0800,-1.4607,0.1691
112.050,467.013,-3.9959,-0.1429,-145.393,-3.9713,-0.1520,-143.076,-0.0151,0.0214,0.0262,2.317,2.7200,3.7208,1.585,-6.7959,-3.6862,-144.662,1.925,-2.4339,474.938,2.0364,0.0218,0.0257,1.1788,2.1269,2.1786,nan,2.4090,2.4469,0.0969,-0.7711,0.8000,-0.0250,0.1950,-1.3042,44.5770,0.0800,-0.8708,0.1691
112.100,467.115,-4.0837,-0.1956,-152.914,-4.0763,-0.2084,-151.018,-0.0007,0.0148,0.0148,1.896,2.7168,3.7420,1.713,-6.9082,-3.7457,-152.730,1.942,-2.5188,475.053,2.0617,0.0311,0.0139,0.4476,2.1745,2.2001,nan,2.5128,2.6062,0.1032,-0.7441,0.8000,-0.0190,0.1900,-1.2339,44.6769,0.0800,-0.2081,0.1691
112.150,467.217,-4.1772,-0.2361,-160.522,-4.1783,-0.2639,-158.345,0.0103,0.0258,0.0278,2.177,2.6869,3.7957,2.262,-7.0201,-3.7854,-160.607,1.987,-2.5491,475.170,2.0797,0.0388,0.0199,0.5128,2.1754,2.1929,nan,2.6190,2.7306,0.1081,-0.7675,0.8000,0.0063,0.1896,-1.1083,44.7769,0.0646,1.7238,0.1691
112.200,467.329,-4.2851,-0.2661,-168.679,-4.2801,-0.2879,-165.781,-0.0006,0.0224,0.0224,2.899,2.6683,3.8579,2.731,-7.1381,-3.8101,-168.512,2.087,-2.5804,475.301,2.0886,0.0711,0.0233,0.3283,2.3431,2.4078,nan,2.7145,2.7713,0.1098,-0.7141,0.8000,0.0180,0.1741,-1.0694,44.8768,0.0329,2.2630,0.1691
112.250,467.447,-4.4022,-0.2814,-176.972,-4.4115,-0.3116,-173.676,0.0109,0.0297,0.0316,3.296,2.6411,3.9235,3.311,-7.2854,-3.8207,-176.988,2.199,-2.7257,475.440,2.1175,0.0933,0.0424,0.4541,2.4263,2.4621,nan,2.8174,2.9408,0.1165,-0.6887,0.8000,0.0310,0.1384,-1.0334,44.9768,0.0714,0.8538,0.1691
112.300,467.578,-4.5327,-0.2782,173.645,-4.5475,-0.3009,176.814,0.0122,0.0242,0.0271,3.169,2.6952,3.8509,2.688,-7.4294,-3.8075,174.126,2.311,-2.7183,475.593,2.1290,0.0172,0.0632,3.6685,2.4403,2.4621,nan,2.8055,2.8449,0.1127,-0.6513,0.8239,0.0534,0.1064,-0.8563,45.0768,0.0228,0.8538,0.1691
112.350,467.705,-4.6577,-0.2554,165.217,-4.6930,-0.2643,167.470,0.0319,0.0176,0.0364,2.253,2.7353,3.8028,2.288,-7.5848,-3.7672,165.182,2.404,-2.5728,475.738,2.1560,0.0256,0.0538,2.1027,2.6162,2.6884,nan,2.8529,2.7434,0.1086,-0.5743,0.9201,0.0526,0.1075,-0.7202,45.2766,-0.0800,1.4318,0.1691
112.400,467.839,-4.7854,-0.2124,157.130,-4.8080,-0.2103,158.956,0.0216,0.0068,0.0227,1.826,2.7939,3.7380,1.786,-7.7212,-3.7095,157.170,2.500,-2.3613,475.890,2.1622,0.0382,0.0427,1.1176,2.6601,2.6892,nan,2.9329,2.8027,0.1110,-0.4944,0.9356,0.0443,0.0495,-0.6492,45.3766,-0.0754,2.0692,0.1691
112.450,467.978,-4.9096,-0.1508,149.911,-4.9489,-0.1341,151.459,0.0424,0.0052,0.0427,1.548,2.7939,3.7380,1.786,-7.8597,-3.6289,149.673,2.547,-2.0967,476.038,2.1735,0.2377,0.2298,0.9669,2.7483,2.7887,nan,3.0171,3.0352,0.1202,-0.4183,0.9666,0.0262,-0.0016,-0.6292,45.4765,0.0105,1.7160,0.1691
112.500,467.978,-4.9096,-0.1508,149.911,-4.9170,-0.1325,151.203,0.0156,-0.0121,0.0198,1.292,2.8430,3.7050,1.530,-7.8597,-3.6289,149.673,2.547,-2.0967,476.038,2.1735,0.0566,0.0394,0.6948,2.6742,2.6849,nan,3.1053,2.9942,0.1186,-0.3687,0.9405,0.0066,-0.0266,-0.7060,45.5765,0.0800,2.8229,0.1691
112.550,468.126,-5.0329,-0.0698,143.353,-5.0342,-0.0510,143.823,0.0122,-0.0143,0.0189,0.470,2.8835,3.6462,1.111,-7.9879,-3.5430,142.712,2.637,-1.7961,476.194,2.1776,0.0078,0.0147,1.8810,2.6051,2.6159,nan,3.2017,2.9251,0.1158,-0.3382,0.9162,0.0003,-0.0286,-0.7623,45.6764,0.0800,4.2357,0.1691
112.600,468.272,-5.1465,0.0232,137.858,-5.1360,0.0479,138.064,0.0088,-0.0253,0.0268,0.205,2.9361,3.5573,0.387,-8.0956,-3.4548,137.677,2.785,-1.6468,476.352,2.1725,0.0109,0.0043,0.3927,2.7945,2.8764,nan,3.4142,3.4508,0.1367,-0.2944,1.0470,-0.0072,0.0230,-0.6242,45.8764,0.0800,2.1370,0.1691
112.650,468.453,-5.2744,0.1513,131.884,-5.2638,0.1766,132.363,0.0118,-0.0248,0.0274,0.480,2.9571,3.5180,0.110,-8.2273,-3.3255,132.253,2.857,-1.5210,476.539,2.1761,0.0327,0.0176,0.5365,3.0264,3.1452,nan,3.6153,3.7285,0.1477,-0.2580,1.1934,-0.0120,0.0532,-0.5185,46.0762,0.0655,-0.4642,0.1691
112.700,468.610,-5.3743,0.2721,127.145,-5.3844,0.3352,126.342,0.0564,-0.0300,0.0639,-0.802,2.9948,3.4087,-0.671,-8.3427,-3.1715,127.013,2.862,-1.4034,476.698,2.1867,0.0104,0.0073,0.7054,2.8598,2.8526,nan,3.7058,3.6199,0.1434,-0.2004,1.1277,-0.0178,-0.0173,-0.5185,46.0762,0.0800,6.2950,0.1691
112.750,468.760,-5.4608,0.3943,123.173,-5.4550,0.4451,122.569,0.0393,-0.0326,0.0511,-0.604,2.9880,3.4331,-0.541,-8.4145,-3.0675,123.110,3.102,-1.4234,476.864,2.1747,0.0114,0.0023,0.1984,3.1334,3.3123,nan,3.8677,3.9989,0.1584,-0.1771,1.3321,-0.0077,-0.0082,-0.3728,46.2762,0.0800,3.2072,0.1691
112.800,468.935,-5.5518,0.5442,119.112,-5.5575,0.6098,117.950,0.0601,-0.0270,0.0658,-1.162,2.9964,3.4078,-0.604,-8.5239,-2.8880,118.554,3.363,-1.1355,477.057,2.1890,0.0134,0.0140,1.0466,3.2558,3.3123,nan,4.0644,4.1743,0.1653,-0.1713,1.4399,0.0069,0.0192,-0.2910,46.5760,0.0800,3.2072,0.1691
112.850,469.123,-5.6386,0.7109,115.775,-5.6424,0.7881,115.047,0.0712,-0.0302,0.0773,-0.728,2.9900,3.4209,-0.556,-8.6063,-2.7165,115.604,3.478,-0.9771,477.253,2.1841,0.0169,0.0145,0.8571,3.3665,3.4201,nan,4.2224,4.2340,0.1677,-0.1726,1.4889,0.0139,0.0474,-0.2900,46.7759,0.0800,2.8059,0.1691
112.900,469.331,-5.7241,0.9003,112.588,-5.7170,0.9925,111.999,0.0824,-0.0420,0.0925,-0.589,3.0017,3.4088,-0.691,-8.6889,-2.5212,112.690,3.781,-1.0129,477.482,2.1805,0.0213,0.0125,0.5864,3.5485,3.6371,nan,4.3969,4.3528,0.1724,-0.1671,1.5694,0.0261,0.0702,-0.2977,46.9758,0.0800,6.6785,0.1691
112.951,469.548,-5.8023,1.1032,109.252,-5.8020,1.2367,108.698,0.1260,-0.0443,0.1335,-0.554,3.0017,3.4088,-0.691,-8.7769,-2.2781,109.389,3.967,-1.0399,477.713,2.1857,0.0693,0.0618,0.8912,3.8459,4.1651,nan,4.6560,4.6181,0.1829,-0.1389,1.7175,0.0332,0.0719,-0.2833,47.1757,0.0800,4.3705,0.1691
113.000,469.548,-5.8023,1.1032,109.252,-5.7979,1.2505,108.256,0.1376,-0.0527,0.1474,-0.996,3.0223,3.3546,-1.133,-8.7769,-2.2781,109.389,3.967,-1.0399,477.713,2.1857,0.0239,0.0188,0.7888,4.0655,4.1926,nan,4.9857,5.0509,0.2000,-0.1010,1.9333,0.0349,0.0726,-0.1483,47.4755,0.0800,3.3266,0.1691
113.050,469.771,-5.8701,1.3149,105.971,-5.8640,1.4809,105.064,0.1579,-0.0515,0.1661,-0.907,3.0077,3.3971,-0.886,-8.8410,-2.0531,105.949,4.111,-0.9536,477.946,2.1807,0.0149,0.0060,0.4013,4.1547,4.2123,nan,5.1368,5.1849,0.2053,-0.0882,1.9659,0.0506,0.0593,-0.1109,47.6754,0.0800,4.9594,0.1691
113.100,470.003,-5.9289,1.5395,103.124,-5.9176,1.7048,102.641,0.1585,-0.0486,0.1657,-0.483,2.9834,3.4914,-0.189,-8.8951,-1.8159,102.830,4.324,-0.7597,478.195,2.1748,0.0151,0.0057,0.3790,4.2809,4.3572,nan,5.2788,5.3432,0.2116,-0.0955,1.9659,0.0707,0.0637,-0.0694,47.8753,0.0800,6.3843,0.1691
113.150,470.254,-5.9815,1.7850,100.864,-5.9608,1.9229,100.568,0.1315,-0.0463,0.1394,-0.296,2.9853,3.4660,-0.241,-8.9396,-1.5807,100.809,4.614,-0.6546,478.468,2.1677,0.0147,0.0078,0.5289,4.5489,5.1395,nan,5.5400,5.6425,0.2235,-0.0951,1.9659,0.0877,0.0482,-0.0295,48.1752,0.0800,4.9268,0.1691
113.200,470.514,-6.0264,2.0411,98.834,-6.0121,2.2165,98.979,0.1711,-0.0411,0.1760,0.145,2.9751,3.5064,0.257,-8.9929,-1.2496,98.721,4.824,-0.6981,478.746,2.1703,0.0142,0.0079,0.5576,4.7301,4.8646,nan,5.6546,5.8197,0.2305,-0.0930,1.9611,0.0969,0.0301,-0.0433,48.3751,0.0800,4.2310,0.1691
113.250,470.785,-6.0633,2.3093,96.552,-6.0460,2.4560,96.761,0.1438,-0.0339,0.1477,0.209,2.9732,3.4772,0.171,-9.0222,-0.9943,96.590,5.012,-0.7415,479.034,2.1635,0.0105,0.0100,0.9567,4.9470,5.1376,nan,5.7989,5.9709,0.2365,-0.0869,1.9094,0.0965,0.0071,-0.0569,48.6749,0.0715,4.8037,0.1691
113.300,471.072,-6.0909,2.5951,94.136,-6.0812,2.7535,95.126,0.1573,-0.0211,0.1587,0.990,2.9512,3.5976,0.986,-9.0456,-0.6884,94.140,5.225,-0.7594,479.341,2.1580,0.0148,0.0161,1.0864,5.0442,5.1376,nan,5.9119,6.1071,0.2419,-0.0801,1.8884,0.0986,-0.0200,-0.0593,48.8748,0.0799,4.8037,0.1691
113.350,471.365,-6.1067,2.8876,91.724,-6.0956,3.0359,92.677,0.1479,-0.0156,0.1487,0.953,2.9531,3.5572,0.904,-9.0557,-0.3785,91.774,5.417,-0.7111,479.653,2.1514,0.0096,0.0150,1.5685,5.2381,5.4215,nan,5.9652,6.0889,0.2411,-0.0881,1.8726,0.1052,-0.0246,-0.0790,49.1746,0.0494,4.2795,0.1691
113.400,471.675,-6.1109,3.1978,89.508,-6.1050,3.3804,90.317,0.1827,-0.0043,0.1827,0.809,2.9531,3.5572,0.904,-9.0597,-0.0338,89.413,5.637,-0.7334,479.985,2.1498,0.0056,0.0187,3.3183,5.4763,5.7601,nan,5.7101,5.5165,0.2185,-0.0882,1.8582,0.0972,-0.0328,-0.1025,49.4745,-0.0752,5.0862,0.1691
113.450,471.988,-6.1026,3.5110,89.508,-6.1070,3.3786,90.250,-0.1324,0.0032,0.1324,0.742,2.9513,3.5448,0.837,-9.0597,-0.0338,89.413,5.637,-0.7334,480.310,2.1912,0.0269,0.0174,0.6481,5.6677,5.8816,nan,5.4500,5.2846,0.2093,-0.0895,1.8405,0.0830,-0.0360,-0.1210,49.7743,-0.0676,2.5739,0.1691
113.500,471.988,-6.1026,3.5110,87.064,-6.0962,3.6889,87.811,0.1780,0.0027,0.1780,0.747,2.9508,3.4903,0.599,-9.0444,0.2931,87.212,5.729,-0.7689,480.310,2.1424,0.0033,0.0216,6.4996,5.7914,5.9381,nan,5.2828,5.3281,0.2110,-0.0825,1.8301,0.0588,-0.0475,-0.1156,50.0742,-0.0800,-3.9651,0.1708
113.550,472.304,-6.0808,3.8257,84.603,-6.0639,3.9854,84.237,0.1606,-0.0018,0.1606,-0.366,2.9449,3.3000,-0.439,-9.0138,0.6164,84.677,5.554,-0.7652,480.613,2.1333,0.0138,0.0082,0.5914,5.6219,5.6232,nan,5.1725,5.2451,0.2077,-0.0609,1.8453,0.0256,-0.0822,-0.1136,50.2741,0.0331,-4.5990,0.1708
113.600,472.614,-6.0459,4.1341,82.128,-6.0294,4.2645,81.774,0.1314,0.0015,0.1314,-0.355,2.9428,3.2979,-0.264,-8.9766,0.9252,82.038,5.364,-0.7006,480.911,2.1310,0.0061,0.0099,1.6243,5.2685,5.1141,nan,5.1168,4.7946,0.1899,-0.0591,1.8453,0.0027,-0.0866,-0.1250,50.4740,0.0800,-2.0009,0.1708
113.650,472.901,-6.0021,4.4180,80.030,-5.9905,4.4620,79.936,0.0453,-0.0039,0.0455,-0.094,2.9402,3.2903,-0.067,-8.9320,1.1612,80.003,5.280,-0.5398,481.195,2.1319,0.0028,0.0023,0.8333,5.2877,5.3531,nan,4.9533,4.9671,0.1967,-0.0711,1.8109,-0.0199,-0.0766,-0.1525,50.6739,0.0800,-1.7725,0.1708
113.700,473.190,-5.9488,4.7012,78.450,-5.9297,4.7299,78.501,0.0319,-0.0130,0.0345,0.051,2.9438,3.2937,0.240,-8.8673,1.4734,78.260,5.188,-0.4723,481.477,2.1194,0.0017,0.0071,4.2500,5.0151,4.9584,nan,4.8989,4.8210,0.1909,-0.0826,1.7933,-0.0388,-0.0564,-0.1808,50.8738,0.0800,-5.8747,0.1708
113.750,473.473,-5.8891,4.9778,76.963,-5.8796,4.9581,77.155,-0.0171,-0.0137,0.0219,0.191,2.9367,3.2722,0.169,-8.8113,1.7119,76.985,4.954,-0.5182,481.744,2.1246,0.0033,0.0040,1.2113,4.9106,4.9327,nan,4.7855,4.7571,0.1884,-0.0946,1.7502,-0.0539,-0.0271,-0.1968,51.1736,0.0800,-1.3309,0.1708
113.800,473.758,-5.8210,5.2552,75.145,-5.8046,5.2295,74.911,-0.0207,-0.0224,0.0305,-0.233,2.9230,3.1917,-0.289,-8.7377,1.9937,75.201,4.888,-0.6148,482.028,2.1190,0.0054,0.0043,0.7863,4.8894,4.9327,nan,4.6594,4.7481,0.1880,-0.1119,1.7313,-0.0584,-0.0140,-0.2060,51.3735,0.0800,-1.3309,0.1708
113.850,474.015,-5.7517,5.5022,73.232,-5.7399,5.4747,73.710,-0.0229,-0.0192,0.0299,0.479,2.9430,3.3127,0.455,-8.6655,2.2310,73.255,4.798,-0.6688,482.279,2.1165,0.0039,0.0002,0.0595,4.7755,4.7939,nan,4.5113,4.6341,0.1835,-0.1104,1.7313,-0.0783,-0.0180,-0.2146,51.5734,0.0800,-2.2922,0.1708
113.900,474.281,-5.6702,5.7553,70.626,-5.6631,5.7156,71.258,-0.0351,-0.0198,0.0403,0.632,2.9304,3.2634,0.105,-8.5891,2.4679,71.153,4.705,-0.8097,482.541,2.1225,0.0021,0.0001,0.0435,4.6757,4.6972,nan,4.3609,4.4740,0.1772,-0.1411,1.6463,-0.0644,0.0019,-0.2254,51.7733,0.0622,-2.2947,0.1708
113.950,474.537,-5.5808,5.9953,68.087,-5.5597,5.9721,68.145,-0.0137,-0.0283,0.0314,0.059,2.9304,3.2634,0.105,-8.4851,2.7242,68.041,4.607,-0.8749,482.792,2.1070,0.0483,0.0564,1.1665,4.7574,4.8324,nan,4.1418,4.0310,0.1596,-0.1410,1.6182,-0.0766,0.0078,-0.2381,52.0732,-0.0598,-2.2856,0.1708
114.000,474.537,-5.5808,5.9953,68.087,-5.5593,5.9917,68.632,0.0047,-0.0213,0.0218,0.545,2.9535,3.3552,0.591,-8.4851,2.7242,68.041,4.607,-0.8749,482.792,2.1070,0.0021,0.0041,1.9778,4.5369,4.5175,nan,3.9941,3.9685,0.1572,-0.1609,1.5192,-0.0647,0.0181,-0.2442,52.2730,-0.0147,-3.5461,0.1708
114.050,474.790,-5.4807,6.2284,64.918,-5.4695,6.2124,65.933,-0.0098,-0.0169,0.0195,1.015,2.9545,3.3667,0.621,-8.3928,2.9367,65.313,4.446,-0.9684,483.037,2.1160,0.0073,0.0037,0.5000,4.4242,4.4410,nan,3.8676,3.8862,0.1539,-0.1716,1.5192,-0.0608,0.0075,-0.2402,52.4729,0.0108,-6.8747,0.1708
114.100,475.027,-5.3757,6.4401,61.940,-5.3637,6.4250,62.261,-0.0077,-0.0177,0.0193,0.321,2.9434,3.3368,0.462,-8.2819,3.1551,61.799,4.176,-0.9958,483.258,2.1098,0.0036,0.0009,0.2436,4.0636,3.9316,nan,3.7754,3.8139,0.1510,-0.1705,1.5192,-0.0693,0.0057,-0.2586,52.6729,0.0800,-4.7143,0.1708
114.150,475.255,-5.2633,6.6389,58.648,-5.2671,6.5912,59.848,-0.0427,-0.0216,0.0479,1.200,2.9756,3.4283,1.066,-8.1825,3.3157,58.782,3.999,-1.0525,483.478,2.1253,0.0013,0.0027,2.1071,3.9620,3.9785,nan,3.6723,3.7566,0.1488,-0.1913,1.5048,-0.0686,0.0143,-0.2896,52.8727,0.0800,-3.3209,0.1708
114.200,475.472,-5.1460,6.8208,55.322,-5.1512,6.7810,56.799,-0.0357,-0.0183,0.0401,1.477,2.9928,3.4933,1.496,-8.0555,3.4993,55.303,3.878,-1.0331,483.689,2.1155,0.0009,0.0000,0.0500,3.8106,3.8161,nan,3.5199,3.5890,0.1421,-0.2097,1.4473,-0.0621,0.0299,-0.3052,53.0726,0.0800,-2.5547,0.1708
114.250,475.693,-5.0151,6.9998,51.918,-5.0199,6.9726,53.793,-0.0244,-0.0130,0.0276,1.875,3.0258,3.5889,2.099,-7.9163,3.6761,51.694,3.779,-1.0932,483.907,2.1074,0.0065,0.0064,0.9787,3.7888,3.8161,nan,3.4901,3.6145,0.1432,-0.2321,1.4390,-0.0568,0.0424,-0.3390,53.2725,0.0720,-2.5547,0.1708
114.300,475.892,-4.8887,7.1527,48.536,-4.9229,7.0965,51.153,-0.0648,-0.0116,0.0658,2.616,3.0378,3.6375,2.495,-7.8025,3.8023,48.657,3.712,-1.1136,484.104,2.1222,0.0041,0.0109,2.6374,3.5760,3.5616,nan,3.4901,3.4710,0.1375,-0.2503,1.3582,-0.0463,0.0324,-0.3589,53.3725,0.0800,-2.1498,0.1708
114.350,476.095,-4.7494,7.3012,44.729,-4.7803,7.2570,47.952,-0.0531,-0.0097,0.0539,3.223,3.0565,3.6813,2.799,-7.6529,3.9541,45.153,3.572,-1.2423,484.302,2.1116,0.0024,0.0103,4.3756,3.7223,3.7942,nan,3.1040,3.1132,0.1233,-0.2818,1.4138,-0.0342,0.0459,-0.3024,53.5724,0.0053,-2.1044,0.1708
114.400,476.294,-4.6032,7.4364,40.298,-4.6247,7.4043,43.403,-0.0372,-0.0106,0.0387,3.105,3.0565,3.6813,2.799,-7.4903,4.0936,40.604,3.410,-1.4015,484.495,2.0950,0.0038,0.0065,1.7206,3.7147,3.7436,nan,3.2741,3.2939,0.1305,-0.2883,1.4109,-0.0326,0.0428,-0.3941,53.7723,0.0115,-3.8455,0.1708
114.451,476.471,-4.4645,7.5459,35.842,-4.4974,7.5080,38.598,-0.0489,-0.0115,0.0502,2.756,3.0513,3.6776,2.721,-7.3584,4.1844,35.877,3.185,-1.4342,484.663,2.1034,0.0244,0.0102,0.4160,3.4045,3.3327,nan,3.3615,3.3966,0.1345,-0.2600,1.2931,-0.0391,0.0458,-0.4884,53.9722,0.0203,-6.4817,0.1708
114.500,476.471,-4.4645,7.5459,35.842,-4.5018,7.5118,38.956,-0.0502,-0.0058,0.0506,3.114,3.0707,3.7287,3.079,-7.3584,4.1844,35.877,3.185,-1.4342,484.663,2.1034,0.0060,0.0052,0.8618,3.1141,3.0537,nan,3.3615,3.4341,0.1360,-0.2409,1.1828,-0.0396,0.0223,-0.4654,54.0721,0.0800,-0.4760,0.1708
114.550,476.649,-4.3162,7.6448,31.271,-4.3756,7.6026,34.445,-0.0727,-0.0052,0.0728,3.175,3.0755,3.7485,3.198,-7.2245,4.2638,31.247,3.193,-1.3132,484.844,2.1197,0.0069,0.0183,2.6571,3.2038,3.2493,nan,3.4373,3.5238,0.1396,-0.2620,1.2168,-0.0358,0.0346,-0.6174,0.1000,0.0800,1.7366,0.1708
114.600,476.827,-4.1612,7.7319,27.151,-4.2051,7.7103,30.354,-0.0489,0.0008,0.0489,3.203,3.0809,3.7525,3.123,-7.0595,4.3489,27.231,3.262,-1.2427,485.027,2.1100,0.0050,0.0154,3.0478,3.3508,3.4183,nan,3.5109,3.4961,0.1385,-0.2859,1.3424,-0.0200,0.0694,-0.4842,0.2998,-0.0800,1.1151,0.1708
114.650,477.015,-3.9917,7.8119,23.101,-4.0075,7.8188,25.648,-0.0119,0.0126,0.0173,2.548,3.0611,3.7016,2.627,-6.8726,4.4369,23.022,3.311,-1.3270,485.219,2.0918,0.0046,0.0130,2.8012,3.2995,3.3186,nan,3.6522,3.5781,0.1417,-0.2853,1.3218,-0.0153,0.0374,-0.4148,0.3998,-0.0429,1.1315,0.1708
114.700,477.195,-3.8232,7.8772,18.859,-3.8289,7.8838,20.758,-0.0032,0.0081,0.0087,1.899,3.0206,3.6196,1.954,-6.7001,4.4954,18.804,3.368,-1.4466,485.406,2.0886,0.0072,0.0024,0.3292,3.2854,3.3097,nan,3.7600,3.8713,0.1533,-0.2640,1.3162,-0.0197,0.0314,-0.3705,0.5997,0.0800,-0.6626,0.1708
114.750,477.384,-3.6426,7.9313,14.039,-3.6616,7.9270,15.627,-0.0194,0.0004,0.0195,1.588,2.9598,3.5213,1.160,-6.5308,4.5388,14.467,3.373,-1.5031,485.597,2.1010,0.0106,0.0000,0.0044,3.5007,3.6118,nan,3.8143,3.8207,0.1513,-0.2354,1.4025,-0.0293,0.0225,-0.5078,0.7996,0.0800,1.0445,0.1708
114.800,477.554,-3.4763,7.9669,9.706,-3.4530,7.9678,10.676,0.0231,-0.0030,0.0233,0.970,2.9612,3.5097,1.030,-6.3330,4.5727,9.646,3.421,-1.5208,485.772,2.0699,0.0113,0.0004,0.0368,3.4309,3.4482,nan,3.9233,3.9135,0.1550,-0.2183,1.4624,-0.0316,0.0272,-0.3597,0.9995,-0.0057,0.3228,0.1708
114.850,477.743,-3.2885,7.9921,5.240,-3.2521,7.9915,5.464,0.0362,-0.0040,0.0364,0.224,2.9523,3.4835,0.754,-6.1446,4.5892,4.710,3.581,-1.3341,485.974,2.0703,0.0076,0.0029,0.3780,3.4219,3.4482,nan,4.0150,4.1167,0.1630,-0.2060,1.4633,-0.0266,0.0241,-0.3767,1.1994,0.0800,0.3228,0.1708
114.900,477.953,-3.0788,8.0039,0.884,-3.0274,8.0087,1.530,0.0515,0.0041,0.0516,0.645,2.9582,3.4588,0.493,-5.9463,4.6013,1.037,3.676,-1.1983,486.192,2.0816,0.0068,0.0029,0.4218,3.4916,3.5345,nan,4.1084,4.1436,0.1641,-0.2190,1.5110,-0.0113,0.0484,-0.3594,1.3993,0.0800,1.6475,0.1708
114.950,478.157,-2.8752,8.0010,-2.861,-2.7923,8.0025,-3.314,0.0827,0.0056,0.0829,-0.454,2.8781,3.3592,-0.451,-5.7068,4.5985,-2.863,3.840,-1.2748,486.407,2.0459,0.0071,0.0011,0.1490,3.7653,3.9673,nan,4.2958,4.4252,0.1753,-0.2388,1.6491,0.0123,0.0587,-0.3344,1.5992,0.0726,4.2628,0.1708
115.000,478.371,-2.6620,7.9834,-7.037,-2.5766,7.9753,-7.313,0.0857,0.0024,0.0858,-0.276,2.8781,3.3592,-0.451,-5.4909,4.5730,-6.862,3.941,-1.4073,486.631,2.0442,0.0102,0.0015,0.1497,3.9021,3.9719,nan,4.3407,4.4373,0.1757,-0.2126,1.7144,0.0066,0.0407,-0.3314,1.7991,0.0531,1.8045,0.1708
115.050,478.580,-2.4555,7.9509,-11.466,-2.3771,7.9291,-11.993,0.0812,-0.0057,0.0814,-0.527,2.8352,3.3142,-0.907,-5.2847,4.5319,-11.086,4.090,-1.4293,486.854,2.0456,0.0152,0.0078,0.5118,4.0113,4.0714,nan,4.5182,4.6467,0.1840,-0.1866,1.7908,0.0008,0.0469,-0.2975,2.0989,0.0684,3.2144,0.1708
115.101,478.580,-2.4555,7.9509,-11.466,-2.3701,7.9305,-12.319,0.0878,-0.0030,0.0878,-0.854,2.8158,3.2859,-1.233,-5.2847,4.5319,-11.086,4.090,-1.4293,486.854,2.0456,0.0152,0.0099,0.6464,4.2667,4.4592,nan,4.6010,4.6014,0.1822,-0.1740,1.8025,0.0031,0.0203,-0.2859,2.2988,0.0002,2.7713,0.1708
115.150,478.791,-2.2497,7.9024,-15.471,-2.1209,7.8611,-16.662,0.1351,-0.0054,0.1353,-1.192,2.8632,3.3741,-0.352,-5.0115,4.4563,-16.311,4.201,-1.2692,487.076,1.9825,0.0140,0.0095,0.6756,3.9093,3.7884,nan,4.6010,4.5816,0.1815,-0.1749,1.7686,0.0056,0.0215,-0.2788,2.3988,0.0800,3.7546,0.1708
115.200,479.040,-2.0123,7.8283,-19.598,-1.9655,7.8087,-19.807,0.0507,-0.0027,0.0507,-0.209,2.8642,3.3873,-0.291,-4.8520,4.3969,-19.516,4.353,-1.2036,487.338,2.0576,0.0075,0.0024,0.3222,4.1865,4.6947,nan,4.7054,4.8446,0.1919,-0.1816,1.8303,0.0200,0.0440,-0.2588,2.6986,0.0713,1.2334,0.1708
115.250,479.303,-1.7675,7.7323,-23.684,-1.6777,7.6901,-24.189,0.0992,-0.0026,0.0992,-0.505,2.8328,3.3804,-0.504,-4.5482,4.2699,-23.684,4.406,-1.1926,487.607,2.0037,0.0121,0.0050,0.4111,4.4055,4.5552,nan,4.8007,4.8453,0.1919,-0.1707,1.8327,0.0208,0.0314,-0.2481,2.8985,0.0218,0.1079,0.1708
115.301,479.559,-1.5364,7.6223,-27.673,-1.4760,7.5750,-28.246,0.0754,-0.0139,0.0767,-0.573,2.7965,3.3389,-0.989,-4.3450,4.1617,-27.257,4.427,-1.2356,487.868,2.0309,0.0158,0.0185,1.1689,4.6823,4.9947,nan,4.9260,4.8814,0.1933,-0.1554,1.8327,0.0231,0.0258,-0.2429,3.1983,-0.0207,2.7530,0.1708
115.350,479.802,-1.3249,7.5032,-31.584,-1.2292,7.4317,-32.529,0.1189,-0.0107,0.1194,-0.945,2.7911,3.3670,-0.789,-4.0759,4.0090,-31.741,4.551,-1.2229,488.123,1.9794,0.0093,0.0100,1.0757,4.8575,4.9947,nan,5.0884,5.1413,0.2036,-0.1517,1.8369,0.0308,0.0392,-0.2526,3.4982,0.0244,2.7530,0.1708
115.400,480.054,-1.1139,7.3647,-35.416,-1.0854,7.3264,-35.821,0.0455,-0.0147,0.0478,-0.406,2.7930,3.4214,-0.349,-3.9021,3.8813,-35.472,4.622,-1.1350,488.384,2.0143,0.0121,0.0203,1.6727,4.5378,4.4478,nan,5.1515,5.1132,0.2025,-0.1297,1.8418,0.0199,0.0099,-0.2417,3.5982,0.0800,1.5821,0.1708
115.450,480.315,-0.9059,7.2080,-38.971,-0.8838,7.1679,-39.106,0.0424,-0.0173,0.0457,-0.135,2.7978,3.4548,-0.079,-3.6867,3.7080,-39.027,4.688,-0.9896,488.653,2.0098,0.0146,0.0193,1.3241,4.6345,4.7117,nan,5.2507,5.3016,0.2100,-0.1300,1.8418,0.0218,0.0136,-0.2243,3.7980,0.0800,1.1577,0.1708
115.500,480.581,-0.7024,7.0353,-42.058,-0.6824,6.9850,-42.153,0.0486,-0.0239,0.0542,-0.095,2.7978,3.4548,-0.079,-3.4850,3.5253,-42.074,4.829,-0.9744,488.933,2.0132,0.0140,0.0233,1.6646,4.7507,4.8420,nan,5.1042,5.0972,0.2019,-0.1359,1.8418,0.0279,0.0406,-0.1927,4.0979,-0.0032,3.4049,0.1708
115.550,480.581,-0.7024,7.0353,-42.058,-0.6890,6.9955,-42.008,0.0366,-0.0206,0.0420,0.050,2.8000,3.4742,0.066,-3.4850,3.5253,-42.074,4.829,-0.9744,488.933,2.0132,0.0140,0.0212,1.5102,4.9536,5.1265,nan,4.9196,4.8938,0.1938,-0.1408,1.8418,0.0361,0.0310,-0.1610,4.2978,-0.0121,3.3687,0.1721
115.600,480.847,-0.5098,6.8532,-45.130,-0.4980,6.8106,-45.296,0.0386,-0.0217,0.0442,-0.166,2.7660,3.4952,-0.089,-3.2691,3.3102,-45.208,4.964,-1.0217,489.211,1.9964,0.0166,0.0267,1.6068,4.9133,4.9520,nan,4.9220,5.0180,0.1987,-0.1244,1.8553,0.0317,0.0037,-0.1155,4.4977,-0.0800,-0.4127,0.1721
115.650,481.134,-0.3124,6.6443,-48.609,-0.3296,6.6285,-47.825,0.0005,-0.0234,0.0234,0.785,2.7939,3.5450,0.541,-3.0942,3.1129,-48.366,4.941,-1.0693,489.501,2.0164,0.0143,0.0218,1.5244,5.0876,5.2388,nan,5.0130,5.0760,0.2010,-0.1181,1.8553,0.0308,-0.0031,-0.1719,4.7975,0.0296,-2.3740,0.1721
115.700,481.398,-0.1428,6.4419,-51.903,-0.1513,6.4043,-51.198,0.0244,-0.0299,0.0386,0.705,2.7941,3.5713,0.787,-2.9062,2.8731,-51.985,4.861,-0.9647,489.763,2.0055,0.0143,0.0217,1.5145,4.8142,4.7598,nan,5.1266,5.1993,0.2059,-0.1070,1.8553,0.0197,-0.0051,-0.1972,4.9974,0.0800,0.1745,0.1721
115.750,481.666,0.0176,6.2276,-54.854,-0.0079,6.2123,-54.475,-0.0022,-0.0296,0.0297,0.379,2.7859,3.5893,0.748,-2.7593,2.6592,-55.223,4.871,-0.9039,490.034,2.0187,0.0116,0.0296,2.5501,4.5603,4.5224,nan,5.1905,4.9251,0.1951,-0.0984,1.8553,0.0172,-0.0010,-0.2239,5.1973,0.0800,0.5727,0.1721
115.800,481.954,0.1781,5.9880,-57.869,0.1330,5.9908,-57.147,-0.0263,-0.0367,0.0452,0.722,2.7921,3.5467,0.480,-2.6386,2.4663,-57.627,4.908,-0.8295,490.328,2.0489,0.0105,0.0301,2.8500,4.8124,5.5095,nan,5.4640,5.2082,0.2063,-0.0958,1.8795,0.0136,0.0255,-0.2254,5.4972,0.0800,1.6222,0.1721
115.850,482.216,0.3133,5.7636,-60.342,0.3105,5.6980,-59.932,0.0556,-0.0349,0.0657,0.410,2.7937,3.5557,0.496,-2.4645,2.1637,-60.429,4.961,-0.7705,490.596,2.0262,0.0138,0.0228,1.6513,4.8981,4.9798,nan,5.6176,5.7737,0.2287,-0.0921,1.9479,0.0229,0.0354,-0.1546,5.7970,0.0800,1.6222,0.1721
115.900,482.487,0.4429,5.5262,-62.701,0.4248,5.4963,-62.144,0.0182,-0.0298,0.0349,0.557,2.7992,3.5802,0.646,-2.3526,1.9428,-62.791,4.897,-0.7349,490.864,2.0400,0.0114,0.0219,1.9175,4.9219,4.9798,nan,5.6985,5.8760,0.2327,-0.0874,1.9479,0.0271,0.0288,-0.1075,5.9969,0.0752,-1.9794,0.1721
115.950,482.768,0.5674,5.2736,-65.102,0.5410,5.2489,-65.058,0.0113,-0.0344,0.0362,0.044,2.7810,3.5556,0.069,-2.2381,1.6960,-65.127,4.986,-0.7176,491.155,2.0485,0.0069,0.0301,4.3650,4.8277,4.8519,nan,5.7623,5.8973,0.2336,-0.0859,1.9479,0.0359,0.0128,-0.0335,6.1968,0.0800,1.7853,0.1721
116.000,482.768,0.5674,5.2736,-65.102,0.5410,5.2489,-65.058,0.0113,-0.0344,0.0362,0.044,2.7810,3.5556,0.069,-2.2381,1.6960,-65.127,4.986,-0.7176,491.155,2.0485,0.0069,0.0301,4.3650,4.9592,5.0695,nan,5.8139,5.9659,0.2363,-0.0741,1.9479,0.0248,-0.0147,-0.0994,6.4966,0.0800,6.3946,0.1721
116.050,483.046,0.6804,5.0195,-67.283,0.6627,4.9627,-67.419,0.0456,-0.0382,0.0595,-0.136,2.7852,3.5477,0.042,-2.1214,1.4166,-67.461,5.285,-0.7087,491.463,2.0503,0.0058,0.0233,4.0441,5.1777,5.3905,nan,5.9714,6.0568,0.2399,-0.0733,1.9479,0.0195,-0.0131,-0.1265,6.7965,0.0800,4.5677,0.1721
116.100,483.343,0.7903,4.7440,-69.536,0.7636,4.6724,-70.850,0.0577,-0.0501,0.0764,-1.314,2.7483,3.4950,-1.384,-2.0126,1.1292,-69.467,5.480,-0.7286,491.779,2.0540,0.0056,0.0346,6.1348,5.4508,5.8946,nan,6.1032,6.1653,0.2442,-0.0477,1.9479,-0.0052,-0.0350,-0.1567,7.0964,0.0800,2.5711,0.1721
116.150,483.654,0.8945,4.4509,-71.597,0.8792,4.3167,-73.230,0.1225,-0.0569,0.1350,-1.632,2.7533,3.4835,-1.328,-1.8929,0.7896,-71.901,5.617,-0.6374,492.105,2.0498,0.0117,0.0434,3.7171,5.6087,5.7769,nan,6.2864,6.3346,0.2509,-0.0489,1.9826,-0.0122,-0.0110,-0.1361,7.3962,0.0800,2.6619,0.1721
116.200,483.966,0.9887,4.1530,-73.614,0.9627,4.0066,-75.471,0.1331,-0.0663,0.1487,-1.857,2.7502,3.4609,-1.839,-1.8041,0.4881,-73.633,5.729,-0.6459,492.431,2.0559,0.0080,0.0489,6.0749,5.7292,5.8702,nan,6.4153,6.6191,0.2621,-0.0359,2.0147,-0.0230,-0.0158,-0.1102,7.6960,0.0800,1.4603,0.1721
116.250,484.291,1.0766,3.8409,-75.049,1.0398,3.6795,-77.488,0.1464,-0.0772,0.1655,-2.439,2.7591,3.4355,-1.931,-1.7266,0.1859,-75.556,5.841,-0.4372,492.768,2.0635,0.0059,0.0567,9.5508,5.9869,6.4207,nan,6.6051,6.7221,0.2662,-0.0498,2.0485,-0.0141,0.0148,-0.0837,8.0958,0.0420,2.8906,0.1721
116.300,484.622,1.1587,3.5200,-76.470,1.1243,3.2967,-78.964,0.2091,-0.0857,0.2260,-2.493,2.7620,3.4275,-2.471,-1.6306,-0.2013,-76.493,5.984,-0.3715,493.116,2.0672,0.0055,0.0559,10.1493,5.9805,6.0527,nan,6.7138,6.8984,0.2732,-0.0519,2.0585,-0.0128,0.0210,-0.0679,8.3957,0.0661,4.1634,0.1721
116.350,484.963,1.2357,3.1881,-77.578,1.1800,2.9578,-79.948,0.2129,-0.1039,0.2370,-2.370,2.7604,3.4227,-2.232,-1.5611,-0.5261,-77.716,6.167,-0.4301,493.478,2.0724,0.0071,0.0719,10.0541,5.9784,6.0527,nan,6.8208,6.9716,0.2761,-0.0474,2.0585,-0.0103,0.0131,-0.0696,8.6955,0.0800,4.1634,0.1721
116.400,485.350,1.3144,2.8086,-79.279,1.2448,2.5714,-81.330,0.2201,-0.1125,0.2472,-2.050,2.7604,3.4227,-2.232,-1.4813,-0.9097,-79.097,6.327,-0.4710,493.885,2.0725,0.0111,0.0748,6.7085,6.0770,6.2177,nan,6.9276,7.0305,0.2784,-0.0500,2.0585,-0.0028,0.0161,-0.0760,8.9954,0.0800,3.1729,0.1721
116.450,485.703,1.3764,2.4610,-80.744,1.3062,2.2364,-82.072,0.2104,-0.1054,0.2353,-1.328,2.7578,3.4846,-1.351,-1.4218,-1.2821,-80.721,6.493,-0.4707,494.259,2.0817,0.0199,0.0544,2.7390,6.2947,6.6175,nan,7.0000,7.2191,0.2859,-0.0593,2.0642,0.0213,0.0320,-0.0717,9.3952,0.0756,3.8343,0.1721
116.500,485.703,1.3764,2.4610,-80.744,1.3197,2.2556,-81.798,0.1936,-0.0890,0.2130,-1.054,2.7653,3.5108,-1.077,-1.4218,-1.2821,-80.721,6.493,-0.4707,494.259,2.0817,0.0196,0.0649,3.3127,6.5401,7.0010,nan,7.0000,7.0335,0.2786,-0.0657,2.0709,0.0527,0.0335,-0.0666,9.6950,0.0112,2.2998,0.1721
116.550,486.077,1.4322,2.0913,-82.410,1.3813,1.8467,-83.322,0.2357,-0.0827,0.2498,-0.912,2.7679,3.5348,-0.982,-1.3575,-1.7115,-82.340,6.622,-0.5826,494.651,2.0912,0.0245,0.0667,2.7212,6.5426,6.6349,nan,7.0000,7.0298,0.2784,-0.0553,2.0790,0.0601,0.0194,-0.0606,9.9949,0.0099,3.1210,0.1721
116.600,486.439,1.4753,1.7324,-84.299,1.4191,1.5229,-85.014,0.2029,-0.0767,0.2169,-0.715,2.7706,3.5586,-0.764,-1.3242,-2.0536,-84.250,6.753,-0.6500,495.031,2.0954,0.0206,0.0682,3.3034,6.6865,6.9104,nan,7.0000,6.9130,0.2738,-0.0482,2.0918,0.0718,0.0097,-0.0511,10.3946,-0.0283,0.4125,0.1721
116.650,486.858,1.5097,1.3144,-86.742,1.4483,1.1250,-87.486,0.1856,-0.0721,0.1991,-0.744,2.7867,3.5783,-0.983,-1.2962,-2.4759,-86.502,6.773,-0.6203,495.459,2.1028,0.0224,0.0741,3.3100,6.8936,7.2576,nan,7.0000,6.7534,0.2675,-0.0304,2.1001,0.0670,-0.0140,-0.0450,10.6945,-0.0780,0.0880,0.1721
116.700,487.258,1.5269,0.9151,-88.684,1.4559,0.6709,-89.543,0.2425,-0.0766,0.2543,-0.859,2.7749,3.6000,-0.612,-1.2877,-2.9430,-88.932,6.773,-0.5240,495.865,2.1324,0.0129,0.0715,5.5607,7.0259,7.2576,nan,7.0000,6.9803,0.2764,-0.0158,2.1100,0.0601,-0.0284,-0.0378,11.0943,-0.0065,0.0880,0.1721
116.750,487.656,1.5312,0.5167,-90.364,1.4589,0.3958,-91.369,0.1214,-0.0715,0.1409,-1.005,2.8008,3.6451,-0.992,-1.2854,-3.2721,-90.377,6.740,-0.3045,496.266,2.1126,0.0107,0.0773,7.2337,6.7093,6.5820,nan,7.0000,6.8920,0.2729,-0.0153,2.1153,0.0654,-0.0304,-0.0339,11.2942,-0.0350,-0.7601,0.1721
116.800,488.034,1.5271,0.1391,-90.927,1.4398,-0.0367,-92.341,0.1772,-0.0844,0.1962,-1.414,2.8008,3.6451,-0.992,-1.2970,-3.7048,-91.349,6.741,-0.1597,496.648,2.1368,0.0129,0.0872,6.7589,6.8697,7.1296,nan,7.0000,6.7728,0.2682,-0.0102,2.1229,0.0545,-0.0267,-0.0285,11.6940,-0.0721,0.0792,0.1721
116.850,488.034,1.5271,0.1391,-90.927,1.4414,-0.0245,-92.603,0.1650,-0.0831,0.1847,-1.676,2.8192,3.6510,-1.253,-1.2970,-3.7048,-91.349,6.741,-0.1597,496.648,2.1368,0.0129,0.0897,6.9518,6.7637,6.8040,nan,7.0000,6.8563,0.2715,-0.0132,2.1293,0.0521,-0.0162,-0.0239,11.9938,-0.0463,-0.5426,0.1721
116.900,488.424,1.5193,-0.2510,-91.431,1.4305,-0.3531,-92.670,0.1043,-0.0863,0.1354,-1.239,2.8228,3.6793,-1.236,-1.3050,-4.0615,-91.434,6.710,-0.1279,497.040,2.1265,0.0157,0.0889,5.6490,6.8775,7.0766,nan,7.0000,6.7721,0.2682,-0.0121,2.1352,0.0495,-0.0144,-0.0197,12.2937,-0.0723,-1.3495,0.1721
116.950,488.778,1.5096,-0.6048,-91.757,1.4137,-0.7578,-93.417,0.1559,-0.0912,0.1806,-1.660,2.8544,3.6778,-1.574,-1.3184,-4.4735,-91.842,6.654,-0.1200,497.393,2.1485,0.0213,0.0996,4.6776,6.5083,6.2957,nan,7.0000,7.0570,0.2795,-0.0061,2.1405,0.0474,-0.0192,-0.0160,12.5935,0.0190,-0.0623,0.1721
117.001,489.144,1.4973,-0.9706,-92.166,1.4091,-1.0185,-93.012,0.0512,-0.0863,0.1004,-0.846,2.8113,3.7446,-0.868,-1.3299,-4.7838,-92.145,6.649,-0.1269,497.762,2.1301,0.0213,0.0942,4.4303,6.5079,6.5975,nan,7.0000,7.0625,0.2797,-0.0124,2.1449,0.0589,-0.0096,-0.0129,12.8933,0.0209,-0.8485,0.1721
117.050,489.548,1.4808,-1.3746,-92.594,1.4006,-1.3790,-93.226,0.0081,-0.0799,0.0803,-0.632,2.8061,3.7840,-0.642,-1.3476,-5.1785,-92.584,6.616,-0.0863,498.169,2.1283,0.0272,0.0927,3.4080,6.7117,7.0456,nan,7.0000,6.9132,0.2738,-0.0160,2.1477,0.0697,-0.0057,-0.0098,13.1932,-0.0282,1.8495,0.1721
117.100,489.881,1.4653,-1.7071,-92.773,1.3881,-1.7215,-92.380,0.0181,-0.0764,0.0786,0.392,2.7095,3.8718,0.479,-1.3682,-5.5821,-92.860,6.690,-0.0608,498.514,2.1558,0.0279,0.0718,2.5777,6.4810,6.4441,nan,7.0000,7.1400,0.2828,-0.0288,2.1443,0.0863,0.0153,-0.0064,13.4930,0.0476,1.1610,0.1721
117.150,490.264,1.4458,-2.0900,-93.153,1.3850,-2.0400,-92.038,-0.0466,-0.0635,0.0787,1.115,2.6741,3.8828,0.925,-1.3845,-5.9012,-92.963,6.745,-0.1515,498.907,2.1324,0.0272,0.0623,2.2884,6.7231,7.1933,nan,7.0000,7.2105,0.2856,-0.0254,2.1424,0.0903,0.0092,-0.0043,13.7929,0.0725,-0.4584,0.1721
117.200,490.635,1.4241,-2.4598,-93.690,1.3705,-2.4725,-93.376,0.0161,-0.0527,0.0551,0.313,2.7530,3.8885,0.276,-1.4131,-6.3542,-93.652,6.734,-0.2576,499.281,2.1658,0.0244,0.0619,2.5348,6.8996,7.1933,nan,7.0000,7.0763,0.2803,-0.0249,2.1424,0.1049,0.0041,0.0036,14.1927,0.0256,-0.4584,0.1721
117.250,491.028,1.3961,-2.8517,-94.683,1.3577,-2.7718,-93.922,-0.0765,-0.0448,0.0887,0.761,2.7289,3.9129,0.573,-1.4381,-6.6706,-94.495,6.801,-0.2723,499.687,2.1384,0.0227,0.0496,2.1868,6.6153,6.5284,nan,7.0000,7.1445,0.2830,-0.0022,2.1424,0.0947,-0.0284,0.0023,14.4925,0.0800,1.5771,0.1721
117.300,491.389,1.3647,-3.2113,-95.464,1.3168,-3.2431,-94.998,0.0363,-0.0447,0.0575,0.466,2.7289,3.9129,0.573,-1.4836,-7.1415,-95.572,6.817,-0.1192,500.055,2.1887,0.0252,0.0562,2.2323,6.8673,7.4447,nan,7.0000,7.1008,0.2812,0.0081,2.1254,0.0875,-0.0431,0.0081,14.8923,0.0340,0.3197,0.1721
117.350,491.389,1.3647,-3.2113,-95.464,1.3315,-3.1676,-94.954,-0.0403,-0.0372,0.0549,0.510,2.7381,3.9895,0.618,-1.4836,-7.1415,-95.572,6.817,-0.1192,500.055,2.1887,0.0252,0.0476,1.8886,6.5863,6.5031,nan,7.0000,7.1132,0.2817,0.0053,2.1118,0.0878,-0.0403,0.0097,15.0922,0.0800,0.8614,0.1721
117.400,491.765,1.3285,-3.5857,-95.547,1.3187,-3.4558,-94.715,-0.1283,-0.0223,0.1302,0.832,2.6888,4.0081,1.118,-1.5154,-7.4358,-95.833,6.854,-0.0200,500.440,2.1576,0.0226,0.0340,1.5010,6.7902,7.1332,nan,7.0000,7.1595,0.2835,-0.0085,2.0652,0.0993,-0.0272,0.0115,15.4920,0.0544,0.5168,0.1721
117.450,492.142,1.2924,-3.9612,-95.322,1.2984,-3.8020,-94.739,-0.1591,-0.0088,0.1594,0.583,2.7337,4.0587,0.867,-1.5541,-7.8380,-95.606,6.859,0.0712,500.823,2.1687,0.0215,0.0276,1.2814,6.9973,7.3720,nan,6.8276,6.6986,0.2653,-0.0169,2.0505,0.0998,-0.0229,0.0127,15.7919,-0.0427,0.2476,0.1721
117.500,492.479,1.2615,-4.2962,-95.167,1.2575,-4.2147,-94.726,-0.0808,-0.0113,0.0816,0.441,2.7906,4.0219,0.386,-1.5886,-8.2260,-95.113,6.869,0.0539,501.166,2.1902,0.0203,0.0268,1.3189,6.7521,6.7025,nan,6.4454,6.1771,0.2446,-0.0116,2.0172,0.0763,-0.0343,0.0137,16.0917,0.0800,0.1627,0.1721
117.550,492.864,1.2263,-4.6800,-95.423,1.2326,-4.5917,-94.451,-0.0885,-0.0021,0.0886,0.972,2.7697,3.9879,0.543,-1.6183,-8.5646,-94.994,6.881,-0.1433,501.558,2.1695,0.0207,0.0173,0.8367,6.8489,7.0280,nan,6.0667,6.2569,0.2478,-0.0053,1.9746,0.0565,-0.0585,0.0054,16.4915,0.0757,-3.3927,0.1721
117.600,493.204,1.1930,-5.0186,-95.922,1.1968,-4.9715,-95.500,-0.0473,-0.0011,0.0473,0.422,2.8006,3.9789,0.344,-1.6576,-8.9406,-95.844,6.726,-0.1457,501.886,2.1879,0.0200,0.0167,0.8356,6.5369,6.4181,nan,5.8828,5.9447,0.2354,-0.0039,1.9385,0.0343,-0.0694,-0.0141,16.7913,0.0800,-6.6754,0.1730
117.650,493.604,1.1506,-5.4162,-96.340,1.1603,-5.3349,-96.554,-0.0819,0.0007,0.0819,-0.214,2.8791,3.9521,-0.131,-1.6974,-9.2909,-96.422,6.416,-0.0761,502.260,2.1694,0.0219,0.0217,0.9948,6.2922,6.2449,nan,5.7111,5.6748,0.2247,-0.0093,1.9258,0.0124,-0.0711,-0.0316,17.0912,0.0800,-3.0922,0.1730
117.700,493.953,1.1116,-5.7629,-96.511,1.1266,-5.6610,-96.057,-0.1030,0.0033,0.1030,0.454,2.7746,3.9835,0.528,-1.7369,-9.6289,-96.585,6.272,-0.0420,502.599,2.1670,0.0240,0.0149,0.6202,6.0690,6.0390,nan,5.4600,5.4338,0.2152,-0.0248,1.9065,-0.0061,-0.0585,-0.0568,17.3910,0.0800,-4.8866,0.1730
117.750,494.298,1.0723,-6.1055,-96.635,1.0872,-5.9443,-96.163,-0.1618,-0.0039,0.1618,0.472,2.7777,4.0224,0.483,-1.7745,-9.9521,-96.646,6.052,-0.0666,502.927,2.1592,0.0172,0.0231,1.3401,5.9948,6.0390,nan,5.2271,5.3536,0.2120,-0.0524,1.8959,-0.0074,-0.0290,-0.0732,17.6909,0.0800,-4.8866,0.1730
117.800,494.636,1.0326,-6.4410,-96.931,1.0596,-6.2387,-95.603,-0.2041,0.0024,0.2041,1.329,2.6481,4.0559,1.238,-1.8106,-10.2579,-96.841,5.805,-0.2603,503.245,2.1465,0.0187,0.0127,0.6803,5.8567,5.8733,nan,5.1502,5.2372,0.2074,-0.0660,1.8531,-0.0233,-0.0191,-0.0822,17.8908,0.0800,-5.2976,0.1730
117.850,494.947,0.9922,-6.7497,-98.352,1.0176,-6.5461,-97.535,-0.2051,-0.0045,0.2052,0.817,2.8268,4.0543,0.247,-1.8549,-10.5925,-97.782,5.536,-0.5292,503.537,2.1582,0.0199,0.0213,1.0727,5.8373,5.9003,nan,4.9243,4.9188,0.1948,-0.0907,1.8051,-0.0211,-0.0043,-0.1082,18.1906,-0.0026,-6.1605,0.1730
117.900,494.947,0.9922,-6.7497,-98.352,1.0176,-6.5461,-97.535,-0.2051,-0.0045,0.2052,0.817,2.8268,4.0543,0.247,-1.8549,-10.5925,-97.782,5.536,-0.5292,503.537,2.1582,0.0199,0.0213,1.0727,5.4285,5.1194,nan,4.8486,4.9651,0.1966,-0.0499,1.7775,-0.0592,-0.0487,-0.1323,18.3905,0.0800,-5.0069,0.1730
117.950,495.245,0.9453,-7.0444,-100.130,0.9754,-6.7878,-99.182,-0.2579,-0.0155,0.2584,0.948,2.7079,4.0736,0.887,-1.9006,-10.8332,-100.070,5.318,-0.6622,503.820,2.1405,0.0238,0.0295,1.2402,5.1097,5.0072,nan,4.7689,4.6517,0.1842,-0.0555,1.7556,-0.0721,-0.0506,-0.1427,18.5904,0.0800,-6.1044,0.1730
118.000,495.530,0.8906,-7.3242,-102.398,0.9198,-7.0928,-100.891,-0.2323,-0.0212,0.2333,1.506,2.6070,4.0576,1.402,-1.9595,-11.1057,-102.293,5.074,-0.4970,504.089,2.1424,0.0127,0.0315,2.4843,4.8037,4.7218,nan,4.5117,4.4037,0.1744,-0.0810,1.7328,-0.0784,-0.0310,-0.1640,18.7903,0.0800,-2.4374,0.1730
118.050,495.807,0.8289,-7.5933,-103.647,0.8664,-7.3340,-102.390,-0.2608,-0.0247,0.2620,1.256,2.5919,4.0381,1.471,-2.0167,-11.3242,-103.861,4.958,-0.4120,504.357,2.1239,0.0130,0.0366,2.8123,5.0278,5.2365,nan,4.2892,4.2327,0.1676,-0.1303,1.6805,-0.0747,0.0282,-0.1927,19.1901,-0.0300,-5.1337,0.1730
118.100,496.078,0.7623,-7.8562,-105.012,0.7969,-7.6560,-102.545,-0.2023,-0.0185,0.2032,2.467,2.3928,4.0674,2.473,-2.1003,-11.6436,-105.018,4.738,-0.5109,504.614,2.1561,0.0127,0.0238,1.8690,4.6407,4.4291,nan,4.2220,4.3136,0.1708,-0.1612,1.6800,-0.0653,0.0367,-0.2016,19.2901,0.0800,-5.8317,0.1730
118.150,496.336,0.6921,-8.1048,-106.883,0.7425,-7.8783,-104.159,-0.2313,-0.0176,0.2320,2.724,2.3987,4.0256,2.412,-2.1556,-11.8236,-106.571,4.500,-0.6904,504.857,2.1228,0.0169,0.0220,1.3051,4.5533,4.5768,nan,4.0374,4.1669,0.1650,-0.1923,1.6800,-0.0550,0.0525,-0.2058,19.5899,0.0749,-4.8982,0.1730
118.200,496.578,0.6174,-8.3346,-109.650,0.6672,-8.1677,-106.392,-0.1739,-0.0092,0.1742,3.259,2.3340,3.9993,2.717,-2.2417,-12.0743,-109.108,4.312,-0.9702,505.089,2.1393,0.0249,0.0148,0.5939,4.2213,4.1260,nan,3.9778,3.8627,0.1530,-0.1851,1.6800,-0.0599,0.0302,-0.2193,19.7898,0.0800,-1.9918,0.1730
118.250,496.826,0.5279,-8.5659,-113.221,0.5823,-8.3899,-110.593,-0.1832,-0.0194,0.1842,2.629,2.3942,3.9766,2.411,-2.3305,-12.2793,-113.004,4.233,-1.1718,505.335,2.1317,0.0102,0.0194,1.9021,4.1105,4.1260,nan,3.8595,3.8475,0.1524,-0.2224,1.5760,-0.0372,0.0349,-0.2588,19.9897,0.0800,-1.9918,0.1730
118.300,497.080,0.4201,-8.7962,-117.589,0.4825,-8.6058,-114.764,-0.1976,-0.0328,0.2003,2.825,2.3942,3.9766,2.411,-2.4393,-12.4909,-117.174,4.100,-1.2910,505.584,2.1278,0.0225,0.0182,0.8058,4.0568,4.0819,nan,3.7429,3.8657,0.1531,-0.2169,1.4590,-0.0457,0.0094,-0.2906,20.1896,0.0800,-3.0928,0.1730
118.350,497.080,0.4201,-8.7962,-117.589,0.4699,-8.6511,-114.878,-0.1517,-0.0231,0.1534,2.711,2.4067,3.9275,2.297,-2.4393,-12.4909,-117.174,4.100,-1.2910,505.584,2.1278,0.0225,0.0125,0.5559,4.1848,4.2580,nan,3.6009,3.4824,0.1379,-0.2448,1.4590,-0.0404,0.0227,-0.3332,20.4894,-0.0686,-5.5606,0.1730
118.400,497.299,0.3125,-8.9869,-121.899,0.3589,-8.8553,-119.147,-0.1362,-0.0302,0.1395,2.751,2.3603,3.9473,2.554,-2.5699,-12.7007,-121.701,3.893,-1.3246,505.794,2.1549,0.0313,0.0126,0.4018,3.8564,3.7737,nan,3.6009,3.7235,0.1475,-0.2274,1.3566,-0.0489,-0.0104,-0.3452,20.5894,0.0710,-2.3687,0.1730
118.450,497.510,0.1950,-9.1628,-126.020,0.2414,-9.0076,-123.875,-0.1528,-0.0538,0.1620,2.145,2.4082,3.9378,2.289,-2.6822,-12.8485,-126.164,3.790,-1.3291,506.002,2.1428,0.0054,0.0217,4.0100,3.7113,3.7173,nan,3.4743,3.5990,0.1425,-0.2134,1.1950,-0.0662,-0.0081,-0.3673,20.7893,0.0722,-6.2108,0.1730
118.500,497.719,0.0668,-9.3268,-130.542,0.1151,-9.1734,-128.128,-0.1479,-0.0630,0.1608,2.414,2.4431,3.9264,2.132,-2.8139,-13.0041,-130.261,3.564,-1.2839,506.200,2.1442,0.0109,0.0233,2.1344,3.5664,3.5711,nan,3.2944,3.3791,0.1338,-0.1503,0.8550,-0.0739,-0.0025,-0.3925,20.9892,0.0490,0.4864,0.1730
118.550,497.915,-0.0658,-9.4722,-134.518,-0.0119,-9.3204,-132.642,-0.1460,-0.0680,0.1611,1.876,2.4958,3.9056,1.907,-2.9464,-13.1352,-134.549,3.579,-1.1976,506.400,2.1407,0.0174,0.0288,1.6560,3.6152,3.6542,nan,3.0643,2.9812,0.1181,-0.1947,0.8550,-0.0698,0.0184,-0.4250,21.1891,-0.0800,-1.1869,0.1730
118.600,498.111,-0.2070,-9.6076,-138.198,-0.1624,-9.4749,-136.302,-0.1217,-0.0691,0.1400,1.896,2.4730,3.8978,1.999,-3.1003,-13.2726,-138.301,3.531,-0.9232,506.594,2.1535,0.0256,0.0324,1.2665,3.5117,3.5242,nan,2.9586,2.8807,0.1141,-0.2822,0.8550,-0.0588,0.0697,-0.4392,21.3890,-0.0800,-3.0291,0.1730
118.650,498.305,-0.3541,-9.7335,-140.806,-0.3078,-9.6023,-139.004,-0.1188,-0.0724,0.1391,1.802,2.4260,3.9059,2.208,-3.2522,-13.3929,-141.212,3.372,-0.8757,506.779,2.1568,0.0317,0.0368,1.1616,3.2897,3.2689,nan,2.8755,2.7971,0.1108,-0.2687,0.8550,-0.0609,0.0258,-0.4392,21.3890,-0.0454,-7.1349,0.1730
118.700,498.481,-0.4937,-9.8418,-143.854,-0.4462,-9.7207,-141.435,-0.1098,-0.0698,0.1301,2.418,2.4304,3.8905,2.140,-3.3829,-13.4943,-143.575,3.087,-1.0185,506.943,2.1465,0.0037,0.0248,6.7553,3.2487,3.2689,nan,2.8512,2.9503,0.1168,-0.4043,0.8550,-0.0248,0.1246,-0.4326,21.6888,0.0574,-7.1349,0.1730
118.750,498.625,-0.6117,-9.9233,-147.331,-0.5657,-9.8253,-144.939,-0.0916,-0.0576,0.1082,2.392,2.4902,3.8467,1.830,-3.4909,-13.5675,-146.769,2.916,-1.2845,507.080,2.1349,0.0019,0.0207,10.8842,2.9972,2.9594,nan,2.8838,2.7215,0.1078,-0.4691,0.8550,-0.0126,0.1012,-0.4263,21.7888,0.0800,-5.2440,0.1730
118.800,498.789,-0.7531,-10.0061,-152.710,-0.6977,-9.9146,-149.475,-0.0911,-0.0559,0.1069,3.235,2.4721,3.8323,1.848,-3.6116,-13.6375,-151.323,2.830,-1.8372,507.244,2.1119,0.0073,0.0222,3.0498,2.7852,2.7623,nan,2.9694,3.1052,0.1230,-0.4802,0.8550,0.0085,0.0941,-0.4809,21.9887,0.0800,-2.4553,0.1730
118.850,498.939,-0.8902,-10.0685,-158.908,-0.8615,-9.9923,-156.096,-0.0542,-0.0607,0.0814,2.812,2.3611,3.8529,2.310,-3.7779,-13.7041,-158.405,2.696,-2.0537,507.395,2.1413,0.0117,0.0287,2.4641,2.9559,3.0298,nan,3.1084,3.2242,0.1277,-0.4470,0.8550,0.0117,0.0582,-0.6602,22.1886,0.0671,-4.7153,0.1730
118.900,498.939,-0.8902,-10.0685,-158.908,-0.8615,-9.9923,-156.096,-0.0542,-0.0607,0.0814,2.812,2.3611,3.8529,2.310,-3.7779,-13.7041,-158.405,2.696,-2.0537,507.395,2.1413,0.0117,0.0287,2.4641,2.7893,2.7815,nan,3.1620,3.1093,0.1231,-0.3838,0.8550,0.0050,0.0109,-0.7318,22.2885,0.0800,2.0072,0.1730
118.950,499.091,-1.0345,-10.1155,-165.512,-1.0142,-10.0434,-162.701,-0.0377,-0.0647,0.0749,2.811,2.1548,3.8902,3.129,-3.9248,-13.7399,-165.830,2.820,-2.0296,507.560,2.1413,0.0192,0.0280,1.4557,2.8086,2.8344,nan,3.2704,3.1790,0.1259,-0.3950,0.9055,0.0113,0.0007,-0.7134,22.3885,0.0800,2.9013,0.1730
119.000,499.253,-1.1930,-10.1476,-172.029,-1.1633,-10.0775,-168.254,-0.0391,-0.0653,0.0761,3.774,2.0919,3.9010,3.391,-4.0763,-13.7615,-171.645,2.944,-1.8641,507.736,2.1322,0.0028,0.0412,14.8552,3.1006,3.3272,nan,3.3549,3.2258,0.1278,-0.3906,1.1659,0.0230,0.0365,-0.5670,22.5884,-0.0747,1.4183,0.1730
119.050,499.415,-1.3550,-10.1627,-177.661,-1.3769,-10.1033,-174.899,0.0195,-0.0603,0.0633,2.762,2.1050,3.8975,3.361,-4.2968,-13.7726,-178.260,2.970,-1.8191,507.903,2.1886,0.0056,0.0419,7.4233,2.8936,2.8738,nan,3.3911,3.5181,0.1393,-0.3651,1.1416,0.0204,0.0714,-0.5640,22.7882,0.0800,0.3636,0.1730
119.100,499.583,-1.5226,-10.1614,176.400,-1.4954,-10.1052,179.682,-0.0236,-0.0578,0.0624,3.282,2.2377,3.8592,2.847,-4.4220,-13.7619,176.836,3.014,-1.8489,508.077,2.1452,0.0100,0.0292,2.9205,3.1472,3.2938,nan,3.4845,3.5247,0.1396,-0.3456,1.2510,0.0244,0.0166,-0.5486,22.8882,0.0233,0.6787,0.1730
119.150,499.753,-1.6917,-10.1425,170.452,-1.6816,-10.0827,172.643,0.0000,-0.0607,0.0607,2.191,2.3986,3.8210,2.280,-4.6301,-13.7303,170.363,3.077,-1.7903,508.255,2.1808,0.0147,0.0219,1.4927,3.1098,3.1293,nan,3.5305,3.6140,0.1431,-0.2999,1.2560,0.0096,0.0247,-0.5062,23.0881,0.0484,3.3998,0.1730
119.200,499.927,-1.8614,-10.1059,164.771,-1.8381,-10.0407,166.756,-0.0053,-0.0690,0.0692,1.986,2.5037,3.7924,1.842,-4.7842,-13.6864,164.914,3.224,-1.7660,508.442,2.1641,0.0201,0.0149,0.7383,3.3475,3.4772,nan,3.6349,3.7006,0.1466,-0.2901,1.3622,0.0051,0.0358,-0.5013,23.2880,0.0381,2.0852,0.1730
119.250,500.110,-2.0360,-10.0497,159.131,-2.0507,-9.9626,160.142,0.0448,-0.0762,0.0884,1.011,2.6875,3.7381,1.036,-4.9851,-13.6128,159.106,3.323,-1.6075,508.635,2.1866,0.0054,0.0195,3.6375,3.4263,3.4708,nan,3.6042,3.5556,0.1408,-0.2705,1.4127,0.0017,-0.0113,-0.4753,23.3880,-0.0281,2.0852,0.1730
119.301,500.303,-2.2127,-9.9736,153.971,-2.2309,-9.8734,154.296,0.0603,-0.0821,0.1018,0.325,2.8472,3.6841,0.342,-5.1588,-13.5270,153.955,3.423,-1.5537,508.836,2.1818,0.0076,0.0127,1.6729,3.4284,3.4565,nan,3.6671,3.6348,0.1440,-0.2553,1.4261,-0.0133,-0.0026,-0.4472,23.5878,-0.0187,2.5929,0.1730
119.350,500.490,-2.3778,-9.8849,149.149,-2.4176,-9.7633,149.100,0.0965,-0.0840,0.1279,-0.050,2.8472,3.6841,0.342,-5.3449,-13.4158,148.758,3.507,-1.4300,509.032,2.1986,0.0099,0.0114,1.1536,3.5272,3.5787,nan,3.7950,3.7858,0.1499,-0.2407,1.4672,-0.0238,-0.0020,-0.4251,23.7877,-0.0053,1.9540,0.1730
119.401,500.690,-2.5458,-9.7759,144.603,-2.5548,-9.6601,144.922,0.0744,-0.0892,0.1161,0.319,2.8704,3.6791,0.247,-5.4827,-13.3157,144.675,3.529,-1.3392,509.236,2.1704,0.0687,0.0440,0.6405,3.3586,3.3557,nan,3.8531,3.6786,0.1457,-0.2320,1.3970,-0.0330,0.0246,-0.4425,23.9876,0.0800,0.3971,0.1730
119.450,500.690,-2.5458,-9.7759,144.603,-2.5554,-9.6601,145.093,0.0748,-0.0888,0.1162,0.490,2.8301,3.6952,0.418,-5.4827,-13.3157,144.675,3.529,-1.3392,509.236,2.1704,0.0153,0.0106,0.6965,3.6042,3.7511,nan,3.9932,3.9289,0.1556,-0.2439,1.5059,-0.0272,0.0530,-0.4492,24.1875,0.0800,1.9739,0.1730
119.500,500.883,-2.6992,-9.6590,140.454,-2.7384,-9.5084,140.822,0.1261,-0.0912,0.1557,0.367,2.8384,3.7000,0.342,-5.6556,-13.1748,140.479,3.604,-1.3177,509.434,2.1855,0.0058,0.0153,2.6489,3.6575,3.6979,nan,4.0908,4.1583,0.1647,-0.2394,1.5979,-0.0239,0.0679,-0.3645,24.3874,0.0391,-0.4068,0.1730
119.550,501.085,-2.8501,-9.5256,136.266,-2.8938,-9.3585,135.927,0.1471,-0.0906,0.1728,-0.339,2.9384,3.6583,-0.096,-5.8103,-13.0265,136.024,3.608,-1.3622,509.639,2.1869,0.0071,0.0128,1.8020,3.4935,3.4931,nan,4.1395,4.2192,0.1671,-0.2227,1.5388,-0.0255,0.0647,-0.3433,24.5873,0.0800,2.3813,0.1730
119.600,501.283,-2.9885,-9.3839,131.957,-3.0142,-9.2277,132.368,0.1333,-0.0853,0.1583,0.411,2.8501,3.6963,0.276,-5.9264,-12.8956,132.093,3.723,-1.3993,509.847,2.1666,0.0089,0.0147,1.6572,3.7481,3.9123,nan,4.2824,4.3881,0.1738,-0.2249,1.6544,-0.0116,0.0665,-0.3456,24.7872,0.0800,3.6537,0.1730
119.651,501.496,-3.1254,-9.2202,127.413,-3.1712,-9.0234,127.329,0.1841,-0.0831,0.2020,-0.084,2.9404,3.6659,-0.166,-6.0748,-12.7070,127.495,3.882,-1.3770,510.074,2.1741,0.0111,0.0212,1.9161,3.9580,4.0735,nan,4.4099,4.5024,0.1783,-0.2137,1.7720,-0.0074,0.0555,-0.3197,24.9871,0.0499,2.5917,0.1736
119.700,501.717,-3.2534,-9.0404,123.020,-3.3002,-8.8323,123.256,0.2000,-0.0741,0.2133,0.236,2.8679,3.6971,0.154,-6.2017,-12.5128,123.102,3.994,-1.3957,510.305,2.1709,0.0127,0.0238,1.8669,4.1390,4.2382,nan,4.5120,4.5296,0.1794,-0.2059,1.8248,0.0001,0.0753,-0.2922,25.2870,0.0090,2.8279,0.1736
119.750,501.940,-3.3686,-8.8490,118.565,-3.4119,-8.6271,118.687,0.2156,-0.0680,0.2261,0.122,2.8735,3.6870,0.166,-6.3212,-12.2958,118.520,4.123,-1.3902,510.541,2.1715,0.0065,0.0287,4.3778,4.1905,4.2382,nan,4.5747,4.6032,0.1823,-0.2051,1.8376,0.0204,0.0683,-0.2797,25.4869,0.0145,2.8279,0.1736
119.800,502.170,-3.4716,-8.6432,114.175,-3.5035,-8.4398,115.568,0.1986,-0.0542,0.2058,1.393,2.6265,3.7955,1.335,-6.4133,-12.0892,114.233,4.234,-1.3672,510.782,2.1607,0.0069,0.0297,4.3131,4.1660,4.1970,nan,4.6368,4.7445,0.1879,-0.1909,1.8463,0.0183,0.0549,-0.2715,25.6868,0.0555,2.6468,0.1736
119.850,502.388,-3.5547,-8.4420,110.186,-3.5886,-8.2313,111.610,0.2094,-0.0409,0.2134,1.425,2.5978,3.7941,1.492,-6.4974,-11.8603,110.118,4.305,-1.3254,511.008,2.1581,0.0072,0.0340,4.7081,4.3398,4.4454,nan,4.7281,4.8004,0.1901,-0.1998,1.8488,0.0375,0.0615,-0.2691,25.8867,0.0361,1.5393,0.1736
119.900,502.634,-3.6319,-8.2089,105.989,-3.6524,-8.0168,107.142,0.1903,-0.0332,0.1932,1.153,2.6576,3.7486,1.253,-6.5657,-11.6247,105.889,4.447,-1.3610,511.267,2.1490,0.0073,0.0381,5.2500,4.3505,4.3918,nan,4.7941,4.9376,0.1955,-0.1897,1.8522,0.0434,0.0549,-0.2658,26.0865,0.0722,3.4136,0.1736
119.950,502.634,-3.6319,-8.2089,105.989,-3.6524,-8.0168,107.142,0.1903,-0.0332,0.1932,1.153,2.6576,3.7486,1.253,-6.5657,-11.6247,105.889,4.447,-1.3610,511.267,2.1490,0.0073,0.0381,5.2500,4.4976,4.5947,nan,4.8713,4.9672,0.1967,-0.1721,1.8605,0.0394,0.0345,-0.2580,26.2864,0.0468,1.8003,0.1736
120.000,502.908,-3.6976,-7.9425,101.134,-3.7157,-7.7512,102.508,0.1912,-0.0192,0.1921,1.375,2.6567,3.7328,1.273,-6.6260,-11.3396,101.235,4.550,-1.3598,511.554,2.1415,0.0075,0.0441,5.8689,4.6141,4.6998,nan,4.9646,5.0432,0.1997,-0.1498,1.8723,0.0348,0.0407,-0.2469,26.5863,0.0375,2.5393,0.1736
120.050,503.161,-3.7383,-7.6923,96.862,-3.7453,-7.5103,97.908,0.1816,-0.0148,0.1822,1.045,2.7000,3.6878,1.083,-6.6559,-11.0742,96.824,4.661,-1.2714,511.820,2.1290,0.0058,0.0447,7.6564,4.7238,4.8106,nan,5.0755,5.1541,0.2041,-0.1324,1.8810,0.0273,0.0265,-0.2389,26.7862,0.0366,1.6972,0.1736
120.100,503.425,-3.7617,-7.4301,92.860,-3.7610,-7.2716,94.042,0.1583,-0.0086,0.1585,1.181,2.6896,3.6660,1.153,-6.6693,-10.8056,92.889,4.738,-1.1494,512.092,2.1185,0.0061,0.0436,7.2018,4.8828,5.0084,nan,5.3198,5.4445,0.2156,-0.1189,1.8942,0.0230,0.0204,-0.2268,26.9861,0.0560,1.8386,0.1736
120.150,503.688,-3.7677,-7.1673,89.354,-3.7629,-7.0149,91.661,0.1524,-0.0030,0.1524,2.307,2.4542,3.7764,2.411,-6.6657,-10.5203,89.250,4.814,-1.0515,512.364,2.1067,0.0063,0.0595,9.3730,4.9145,4.9749,nan,5.4232,5.5639,0.2204,-0.1261,1.9160,0.0364,0.0378,-0.2072,27.1860,0.0622,2.1330,0.1736
120.200,503.955,-3.7582,-6.9000,86.217,-3.7626,-6.7371,88.541,0.1623,0.0152,0.1630,2.324,2.3758,3.8017,2.839,-6.6528,-10.2218,85.702,4.913,-0.9413,512.642,2.1007,0.0094,0.0693,7.3835,4.6514,4.6066,nan,5.4699,5.4917,0.2175,-0.1171,1.9631,0.0469,0.0468,-0.1665,27.4858,0.0800,4.1535,0.1736
120.250,504.230,-3.7339,-6.6256,83.299,-3.7361,-6.5398,85.728,0.0850,0.0122,0.0858,2.428,2.4786,3.7266,2.323,-6.6257,-10.0061,83.405,5.085,-0.9355,512.934,2.1033,0.0053,0.0619,11.6700,4.5795,4.6066,nan,5.5577,5.4678,0.2165,-0.1133,1.9943,0.0499,0.0333,-0.1405,27.5858,0.0800,4.1535,0.1736
120.300,504.493,-3.6976,-6.3653,80.373,-3.6872,-6.1847,82.443,0.1798,0.0199,0.1809,2.071,2.5465,3.6994,1.981,-6.5716,-9.6628,80.463,5.209,-1.0006,513.210,2.0783,0.0040,0.0792,19.8700,4.8063,5.5930,nan,5.7222,5.7594,0.2281,-0.1035,2.0026,0.0438,0.0227,-0.1219,27.9856,0.0800,2.1351,0.1736
120.350,504.776,-3.6441,-6.0877,77.445,-3.6207,-5.9285,78.215,0.1605,0.0117,0.1609,0.770,2.7549,3.5818,0.841,-6.5145,-9.4157,77.375,5.265,-0.8769,513.501,2.0770,0.0033,0.0477,14.5613,5.0244,5.2233,nan,5.8423,5.9477,0.2356,-0.0784,2.0026,0.0252,-0.0143,-0.1289,28.1855,0.0800,1.8659,0.1736
120.400,505.075,-3.5730,-5.7969,74.737,-3.5202,-5.6080,74.240,0.1961,-0.0012,0.1961,-0.498,2.9730,3.4444,-0.406,-6.4290,-9.0982,74.645,5.418,-0.7100,513.817,2.0607,0.0051,0.0371,7.2210,5.2762,5.5744,nan,5.9894,6.1417,0.2432,-0.0564,2.0040,-0.0052,-0.0162,-0.1326,28.5853,0.0800,3.3848,0.1736
120.450,505.389,-3.4852,-5.4954,72.573,-3.4242,-5.3133,72.144,0.1920,-0.0037,0.1920,-0.429,2.9730,3.4444,-0.406,-6.3350,-8.8028,72.549,5.588,-0.5497,514.148,2.0549,0.0094,0.0366,3.8939,5.4692,5.6693,nan,6.0919,6.2607,0.2479,-0.0324,2.0121,-0.0427,-0.0237,-0.1261,28.8851,0.0666,3.8769,0.1736
120.500,505.389,-3.4852,-5.4954,72.573,-3.4138,-5.3029,71.690,0.2050,-0.0104,0.2053,-0.882,3.0524,3.4040,-0.859,-6.3350,-8.8028,72.549,5.588,-0.5497,514.148,2.0549,0.0094,0.0349,3.7119,5.7345,6.1725,nan,6.3504,6.5130,0.2579,-0.0258,2.0121,-0.0593,-0.0136,-0.1182,29.1850,0.0614,3.8234,0.1736
120.550,505.696,-3.3900,-5.2041,71.086,-3.2984,-4.9687,69.917,0.2523,-0.0103,0.2525,-1.169,3.0388,3.3823,-0.861,-6.2110,-8.4453,70.778,5.751,-0.3459,514.471,2.0224,0.0121,0.0410,3.3756,5.6564,5.6945,nan,6.4520,6.5232,0.2583,-0.0330,2.0121,-0.0532,0.0189,-0.1169,29.4848,0.0800,3.4051,0.1736
120.600,506.017,-3.2838,-4.9015,70.172,-3.2127,-4.7134,69.716,0.2011,-0.0031,0.2011,-0.455,2.9385,3.4339,-0.275,-6.1120,-8.1768,69.991,5.900,-0.2576,514.808,2.0313,0.0033,0.0192,5.8448,5.8594,6.1083,nan,6.5976,6.6742,0.2643,-0.0494,2.0206,-0.0246,0.0591,-0.1193,29.7846,0.0800,4.1122,0.1736
120.650,506.359,-3.1657,-4.5805,69.374,-3.0862,-4.3690,70.013,0.2259,0.0001,0.2259,0.638,2.8043,3.5339,0.674,-5.9832,-7.8330,69.338,6.080,-0.2921,515.170,2.0194,0.0039,0.0257,6.5435,6.0940,6.4413,nan,6.7800,6.8965,0.2731,-0.0612,2.1182,0.0126,0.0851,-0.0450,30.0845,0.0407,2.3330,0.1736
120.700,506.696,-3.0446,-4.2656,68.387,-2.9577,-4.0114,70.444,0.2683,0.0128,0.2686,2.057,2.6292,3.6739,1.988,-5.8501,-7.4869,68.456,6.183,-0.4015,515.521,2.0062,0.0053,0.0462,8.6850,6.2194,6.3924,nan,6.9532,7.0773,0.2803,-0.0718,2.1006,0.0529,0.0911,-0.0129,30.4843,0.0423,2.5660,0.1736
120.750,507.039,-2.9147,-3.9476,66.883,-2.8353,-3.6947,69.401,0.2637,0.0262,0.2650,2.517,2.5913,3.6900,2.288,-5.7170,-7.1622,67.113,6.303,-0.5589,515.880,2.0028,0.0067,0.0432,6.4703,6.3295,6.4934,nan,7.0000,7.0894,0.2808,-0.0567,2.0950,0.0671,0.0649,-0.0176,30.7841,0.0301,3.3214,0.1736
120.800,507.391,-2.7726,-3.6265,64.985,-2.6892,-3.3395,67.726,0.2954,0.0458,0.2989,2.740,2.5428,3.7316,2.686,-5.5577,-6.8180,65.039,6.453,-0.6724,516.250,1.9851,0.0054,0.0519,9.6774,6.3776,6.4934,nan,7.0000,7.0659,0.2798,-0.0377,2.0933,0.0849,0.0426,-0.0205,31.0840,0.0221,3.3214,0.1736
120.850,507.756,-2.6126,-3.2975,62.677,-2.5488,-3.0144,65.967,0.2808,0.0732,0.2902,3.290,2.4969,3.7750,3.056,-5.4004,-6.5109,62.911,6.603,-0.6433,516.637,1.9882,0.0017,0.0566,33.0844,6.3761,6.4614,nan,7.0000,7.0801,0.2804,-0.0132,2.0933,0.0901,0.0138,-0.0223,31.3838,0.0269,3.2569,0.1736
120.900,508.076,-2.4629,-3.0155,61.058,-2.3274,-2.5771,64.203,0.4492,0.0936,0.4588,3.145,2.4888,3.8730,3.460,-5.1968,-6.1476,60.743,6.692,-0.4646,516.971,1.9338,0.0021,0.0324,15.2376,6.6320,7.1899,nan,7.0000,6.9048,0.2735,0.0124,2.0435,0.0963,-0.0167,0.0247,31.8836,-0.0309,2.3382,0.1736
120.951,508.500,-2.2557,-2.6455,60.513,-2.1692,-2.2680,62.883,0.3712,0.1105,0.3873,2.371,2.4888,3.8730,3.460,-5.0202,-5.8486,59.423,6.753,0.0159,517.405,1.9647,0.0281,0.0207,0.7376,6.4023,6.3664,nan,6.6572,6.5030,0.2575,0.0248,2.0119,0.0907,-0.0257,0.0378,32.1834,-0.0521,1.3409,0.1736
121.000,508.500,-2.2557,-2.6455,60.513,-2.1573,-2.2290,62.969,0.4110,0.1194,0.4280,2.457,2.4914,3.9189,3.546,-5.0202,-5.8486,59.423,6.753,0.0159,517.405,1.9647,0.0014,0.0227,15.8095,6.6450,7.1092,nan,6.2980,6.1134,0.2421,0.0093,1.9755,0.1154,-0.0053,0.0610,32.6832,-0.0800,-0.7072,0.1736
121.050,508.917,-2.0510,-2.2817,60.938,-1.9381,-1.7816,64.061,0.4920,0.1442,0.5127,3.123,2.5140,3.9377,3.494,-4.7924,-5.4374,60.567,6.708,0.2038,517.824,1.9411,0.0043,0.0265,6.0842,6.7752,6.9875,nan,5.9089,6.0420,0.2393,0.0180,1.9574,0.1145,-0.0005,0.0616,32.9830,0.0537,-3.4438,0.1736
121.100,509.288,-1.8724,-1.9565,61.738,-1.7615,-1.4133,64.576,0.5310,0.1596,0.5544,2.838,2.5770,3.9241,2.990,-4.6111,-5.1037,61.586,6.543,0.1554,518.182,1.9384,0.0003,0.0150,46.2102,6.5159,6.4550,nan,5.7643,5.9125,0.2342,0.0413,1.9470,0.1068,-0.0239,0.0439,33.3828,0.0800,-5.7031,0.1736
121.150,509.647,-1.7031,-1.6402,62.064,-1.6011,-1.0898,64.584,0.5340,0.1677,0.5597,2.520,2.6583,3.9037,2.355,-4.4609,-4.8143,62.230,6.292,0.1454,518.520,1.9576,0.0006,0.0111,17.1939,6.2392,6.1633,nan,5.5525,5.6136,0.2223,0.0789,1.9456,0.0802,-0.0449,0.0632,33.6826,0.0800,-4.0854,0.1736
121.200,510.000,-1.5388,-1.3277,62.658,-1.4718,-0.7954,65.735,0.5036,0.1850,0.5365,3.078,2.5777,3.9629,3.206,-4.3093,-4.5244,62.529,6.106,0.3248,518.860,1.9706,0.0018,0.0118,6.5369,6.0804,6.0886,nan,5.3449,5.4813,0.2171,0.0949,1.9428,0.0716,-0.0472,0.1012,33.9825,0.0612,-3.6259,0.1736
121.250,510.325,-1.3916,-1.0376,63.862,-1.3404,-0.5348,66.776,0.4739,0.1755,0.5054,2.914,2.5866,3.9056,3.076,-4.1596,-4.2233,63.700,5.943,0.5118,519.174,1.9679,0.0099,0.0221,2.2389,5.8700,5.8496,nan,5.1984,5.3017,0.2100,0.1020,1.8642,0.0764,-0.0504,0.1263,34.2823,0.0473,-3.6259,0.1736
121.300,510.646,-1.2547,-0.7480,66.090,-1.2193,-0.2805,68.117,0.4417,0.1571,0.4688,2.028,2.6367,3.8655,2.629,-4.0422,-3.9648,65.488,5.721,0.7903,519.478,1.9880,0.0064,0.0142,2.2035,5.6425,5.6108,nan,5.0365,5.1480,0.2039,0.1024,1.8642,0.0636,-0.0380,0.1395,34.4822,0.0528,-5.1748,0.1736
121.350,510.933,-1.1427,-0.4837,68.538,-1.1267,-0.0316,70.638,0.4266,0.1505,0.4523,2.100,2.6670,3.8409,2.306,-3.9465,-3.7168,68.332,5.532,0.8644,519.753,2.0049,0.0079,0.0185,2.3452,5.4891,5.4972,nan,4.9508,5.0846,0.2014,0.0965,1.8228,0.0536,-0.0072,0.1506,34.6821,0.0649,-4.4366,0.1736
121.400,511.182,-1.0550,-0.2504,70.809,-1.0412,0.2240,72.629,0.4526,0.1429,0.4746,1.820,2.7174,3.7727,1.553,-3.8534,-3.4455,71.076,5.321,0.8261,519.987,1.9984,0.0120,0.0149,1.2405,5.4886,5.5513,nan,4.6668,4.5550,0.1804,0.1022,1.7301,0.0487,-0.0087,0.1656,34.9820,-0.0538,-5.9995,0.1736
121.450,511.480,-0.9623,0.0324,73.366,-0.9791,0.4110,73.849,0.3579,0.1245,0.3789,0.484,2.7872,3.7191,0.619,-3.8019,-3.2672,73.231,5.111,0.7953,520.270,2.0442,0.0071,0.0210,2.9444,5.0662,4.5927,nan,4.5750,4.7017,0.1862,0.1074,1.7301,0.0432,-0.0043,0.1714,35.0819,0.0665,-4.0829,0.1736
121.500,511.722,-0.8966,0.2656,75.579,-0.8948,0.7270,75.846,0.4473,0.1132,0.4614,0.267,2.8177,3.6613,0.032,-3.7142,-2.9322,75.814,4.806,0.7635,520.492,2.0177,0.0094,0.0108,1.1494,5.2971,5.5440,nan,4.2345,4.2299,0.1675,0.1540,1.6999,0.0124,-0.0514,0.1790,35.4817,-0.0800,-8.1301,0.1736
121.551,512.006,-0.8313,0.5423,78.303,-0.8640,0.8897,78.165,0.3336,0.1024,0.3489,-0.137,2.8177,3.6613,0.032,-3.6833,-2.7695,78.133,4.666,0.8314,520.769,2.0574,0.0188,0.0234,1.2476,4.9331,4.1362,nan,4.2345,4.2506,0.1683,0.1587,1.6848,0.0121,-0.0473,0.1805,35.5817,0.0088,-4.7183,0.1736
121.600,512.006,-0.8313,0.5423,78.303,-0.8539,0.8915,77.569,0.3374,0.0929,0.3500,-0.734,2.8565,3.6246,-0.565,-3.6833,-2.7695,78.133,4.666,0.8314,520.769,2.0574,0.0079,0.0105,1.3155,4.7489,4.7441,nan,3.9694,3.9511,0.1565,0.1908,1.6438,-0.0078,-0.0459,0.1802,35.7816,-0.0106,-6.6163,0.1736
121.650,512.263,-0.7853,0.7951,81.711,-0.7853,1.1473,79.853,0.3485,0.0507,0.3522,-1.858,2.8970,3.5453,-1.136,-3.6340,-2.4705,80.989,4.382,1.0816,521.009,2.0512,0.0173,0.0167,0.9649,4.3964,4.2669,nan,3.9144,3.9138,0.1550,0.1733,1.5844,-0.0169,-0.0136,0.1733,35.9814,0.0800,-3.6350,0.1736
121.700,512.504,-0.7567,1.0346,85.154,-0.7667,1.3199,84.085,0.2834,0.0341,0.2855,-1.068,2.8954,3.5119,-1.074,-3.6204,-2.2602,85.159,4.225,1.1255,521.243,2.0679,0.0181,0.0080,0.4416,4.2107,4.2069,nan,3.9144,3.7595,0.1489,0.1658,1.5569,-0.0094,0.0272,0.1838,36.0814,0.0800,-5.6603,0.1740
121.750,512.730,-0.7440,1.2599,88.955,-0.7542,1.5247,87.695,0.2646,0.0150,0.2650,-1.260,2.9036,3.4632,-1.238,-3.6151,-2.0171,88.933,4.009,1.0987,521.457,2.0742,0.0225,0.0079,0.3531,3.8367,3.6831,nan,3.9144,3.9734,0.1574,0.1433,1.4970,0.0030,0.0592,0.2126,36.1814,0.0342,-2.9325,0.1740
121.800,512.947,-0.7457,1.4771,92.325,-0.7499,1.6700,90.554,0.1929,-0.0037,0.1929,-1.771,2.9287,3.4203,-1.673,-3.6259,-1.8570,92.227,3.900,1.0520,521.669,2.0873,0.0277,0.0080,0.2902,3.9953,4.0768,nan,3.7648,3.6826,0.1458,0.1643,1.5176,0.0058,0.0574,0.2545,36.3812,0.0800,-1.4934,0.1740
121.850,513.162,-0.7597,1.6912,95.475,-0.7565,1.8961,93.250,0.2037,-0.0227,0.2049,-2.224,2.9584,3.3432,-2.484,-3.6487,-1.6068,95.735,3.787,0.8643,521.879,2.0934,0.0365,0.0092,0.2522,3.7426,3.7140,nan,3.6894,3.3476,0.1326,0.1766,1.4216,0.0180,0.0433,0.2363,36.5811,0.0800,1.0859,0.1740
121.900,513.375,-0.7846,1.9032,98.207,-0.7751,2.0603,95.666,0.1542,-0.0319,0.1574,-2.541,2.9599,3.3278,-2.491,-3.6764,-1.4286,98.157,3.807,0.9317,522.095,2.0987,0.0157,0.0132,0.8413,3.6917,3.7140,nan,3.5330,3.4274,0.1357,0.1986,1.2382,0.0138,0.0199,0.2942,36.7810,0.0800,1.0859,0.1740
121.950,513.555,-0.8139,2.0806,100.831,-0.8018,2.2666,97.987,0.1804,-0.0469,0.1864,-2.844,2.9694,3.3053,-2.825,-3.7155,-1.2232,100.812,3.692,0.9638,522.269,2.1063,0.0142,0.0160,1.1281,3.8836,3.9840,nan,3.3640,3.2319,0.1280,0.2371,1.3026,0.0237,0.0052,0.3731,36.9809,-0.0765,-3.4572,0.1740
122.000,513.751,-0.8553,2.2718,103.925,-0.8421,2.4294,101.372,0.1498,-0.0508,0.1582,-2.553,2.9619,3.3001,-2.626,-3.7601,-1.0440,103.998,3.458,1.0347,522.453,2.1104,0.0268,0.0127,0.4751,3.6128,3.5721,nan,3.2775,3.2413,0.1284,0.2426,1.2117,0.0279,0.0124,0.3899,37.0809,-0.0209,-5.9158,0.1740
122.051,513.945,-0.9074,2.4595,107.396,-0.8840,2.5847,104.622,0.1124,-0.0598,0.1273,-2.773,2.9619,3.3001,-2.626,-3.8090,-0.8909,107.248,3.373,1.1385,522.644,2.1101,0.0335,0.0141,0.4198,3.3017,3.2275,nan,3.1940,3.2778,0.1298,0.2085,1.1074,0.0487,0.0326,0.3794,37.1808,0.0800,-2.2103,0.1740
122.100,513.945,-0.9074,2.4595,107.396,-0.8782,2.5844,104.410,0.1104,-0.0652,0.1282,-2.986,2.9702,3.2855,-2.839,-3.8090,-0.8909,107.248,3.373,1.1385,522.644,2.1101,0.0335,0.0136,0.4072,3.3818,3.4260,nan,3.1156,3.2127,0.1272,0.2484,1.1343,0.0455,0.0177,0.3943,37.3807,0.0800,-4.1908,0.1740
122.151,514.126,-0.9668,2.6305,111.262,-0.9357,2.7625,107.765,0.1118,-0.0769,0.1357,-3.497,2.9763,3.2247,-3.405,-3.8776,-0.6937,111.170,3.240,1.0716,522.820,2.1170,0.0413,0.0161,0.3902,3.0977,3.0399,nan,3.1156,3.1291,0.1239,0.2296,1.0390,0.0608,0.0143,0.4084,37.4807,0.0079,-0.6035,0.1740
122.200,514.301,-1.0343,2.7913,114.508,-0.9907,2.9021,111.495,0.0827,-0.0856,0.1191,-3.013,2.9708,3.2696,-2.961,-3.9373,-0.5716,114.455,3.216,1.0509,522.994,2.1126,0.0447,0.0171,0.3829,3.2849,3.3734,nan,2.8113,2.8371,0.1124,0.2942,1.0007,0.0570,-0.0046,0.4405,37.6806,0.0149,-1.0899,0.1740
122.250,514.482,-1.1146,2.9537,118.447,-1.0786,3.0942,115.129,0.1064,-0.0986,0.1451,-3.318,2.9676,3.2645,-2.939,-4.0322,-0.3775,118.068,3.148,1.1342,523.173,2.1243,0.0225,0.0270,1.2001,3.0588,3.0335,nan,2.8113,2.8936,0.1146,0.2826,0.9316,0.0726,-0.0305,0.4888,37.8805,0.0800,-1.7821,0.1740
122.300,514.662,-1.2053,3.1096,122.173,-1.1590,3.2273,118.951,0.0749,-0.1018,0.1264,-3.222,2.9617,3.2624,-3.063,-4.1129,-0.2552,122.014,3.056,1.1936,523.351,2.1174,0.0326,0.0255,0.7831,3.1906,3.2498,nan,2.5251,2.4202,0.0958,0.3566,0.9486,0.0743,-0.0189,0.5241,37.9804,-0.0800,-5.6298,0.1740
122.350,514.821,-1.2943,3.2412,126.281,-1.2622,3.3778,123.277,0.0911,-0.1067,0.1403,-3.004,2.9593,3.2942,-2.552,-4.2210,-0.1044,125.829,2.865,1.2815,523.503,2.1347,0.0405,0.0203,0.5024,2.9031,2.8412,nan,2.5251,2.5417,0.1007,0.3095,0.8631,0.0875,-0.0477,0.5993,38.1803,0.0096,-0.8524,0.1740
122.400,514.975,-1.3893,3.3622,130.203,-1.3502,3.4903,127.893,0.0726,-0.1125,0.1339,-2.310,2.9567,3.3104,-2.436,-4.3107,-0.0033,130.329,2.800,1.3049,523.655,2.1312,0.0471,0.0172,0.3661,2.7577,2.7552,nan,2.5470,2.6690,0.1057,0.3481,0.8199,0.0851,-0.0431,0.6231,38.2803,0.0800,-7.5468,0.1740
122.450,515.120,-1.4866,3.4692,134.678,-1.4692,3.6150,132.747,0.0914,-0.1149,0.1468,-1.931,2.9491,3.3465,-2.010,-4.4249,0.1134,134.757,2.521,1.2435,523.789,2.1471,0.0146,0.0240,1.6466,2.7364,2.7552,nan,2.5470,2.5718,0.1019,0.4354,0.8136,0.0767,-0.1000,0.5707,38.4802,0.0800,-7.5468,0.1740
122.500,515.275,-1.5999,3.5755,138.997,-1.5450,3.6804,136.959,0.0274,-0.1152,0.1184,-2.038,2.9491,3.3465,-2.010,-4.5030,0.1761,138.969,2.492,1.2446,523.945,2.1165,0.0305,0.0195,0.6389,2.3787,2.2092,nan,2.4911,2.5765,0.1020,0.3842,0.8000,0.0896,-0.0355,0.5707,38.4802,0.0494,-0.6060,0.1740
122.550,515.414,-1.7081,3.6622,144.068,-1.6655,3.7801,140.658,0.0347,-0.1204,0.1253,-3.410,2.9491,3.3465,-2.010,-4.6270,0.2715,142.668,2.472,1.5929,524.086,2.1313,0.0457,0.0254,0.5548,2.5336,2.5945,nan,2.2762,2.3479,0.0930,0.5278,0.8000,0.0824,-0.0762,0.6469,38.6800,0.0415,-0.5620,0.1740
122.600,515.414,-1.7081,3.6622,144.068,-1.6677,3.7713,141.194,0.0313,-0.1121,0.1163,-2.873,2.9507,3.3809,-1.473,-4.6270,0.2715,142.668,2.472,1.5929,524.086,2.1313,0.0457,0.0192,0.4206,2.6776,2.7359,nan,2.2077,2.3576,0.0934,0.5695,0.8000,0.0974,-0.1104,0.8944,38.8800,-0.0800,1.4881,0.1740
122.651,515.553,-1.8238,3.7390,148.893,-1.8114,3.8631,147.253,0.0535,-0.1126,0.1247,-1.640,2.9408,3.3402,-2.016,-4.7677,0.3554,149.268,2.460,1.5494,524.226,2.1554,0.0102,0.0271,2.6633,2.4821,2.4625,nan,2.1977,2.1105,0.0836,0.6492,0.8000,0.0908,-0.1385,0.8686,38.9799,-0.0800,-4.6473,0.1740
122.700,515.685,-1.9401,3.8021,154.684,-1.9343,3.9264,152.553,0.0479,-0.1148,0.1244,-2.131,2.9383,3.3757,-1.629,-4.8863,0.4119,154.181,2.292,1.9620,524.355,2.1583,0.0189,0.0297,1.5740,2.2367,2.1917,nan,2.1885,2.2169,0.0878,0.6256,0.8000,0.0958,-0.0968,0.8518,39.0799,0.0800,-2.5012,0.1740
122.750,515.824,-2.0694,3.8538,161.916,-2.0605,3.9866,159.576,0.0328,-0.1290,0.1331,-2.339,2.9201,3.3679,-1.966,-4.9989,0.4474,161.542,2.190,2.0570,524.496,2.1436,0.0421,0.0269,0.6397,2.2882,2.3156,nan,2.1792,2.1603,0.0856,0.6656,0.8000,0.0950,-0.0718,0.8622,39.1798,0.0800,-4.7883,0.1740
122.800,515.950,-2.1911,3.8853,169.234,-2.2106,4.0346,166.851,0.0470,-0.1430,0.1505,-2.383,2.9100,3.3838,-1.957,-5.1398,0.4755,168.808,2.047,2.0625,524.622,2.1631,0.0083,0.0530,6.3834,2.2961,2.3156,nan,2.2133,2.2653,0.0897,0.7560,0.8000,0.0624,-0.1783,1.1867,39.3797,0.0301,-4.7883,0.1740
122.850,516.069,-2.3093,3.9005,176.091,-2.3237,4.0526,173.667,0.0248,-0.1508,0.1528,-2.425,2.9046,3.3467,-2.380,-5.2532,0.4882,176.047,2.061,2.1099,524.748,2.1586,0.0236,0.0474,2.0102,2.1563,2.1493,nan,2.3107,2.4280,0.0962,0.7599,0.8000,0.0410,-0.1846,1.1875,39.4797,0.0679,0.0113,0.1740
122.900,516.182,-2.4222,3.9015,-176.707,-2.4508,4.0516,-179.426,0.0200,-0.1515,0.1528,-2.719,2.9046,3.3467,-2.380,-5.3801,0.4819,-177.045,2.049,2.4610,524.870,2.1734,0.0307,0.0547,1.7833,2.1702,2.1897,nan,2.4284,2.4902,0.0986,0.7781,0.8000,0.0272,-0.2041,1.2528,39.5796,0.0800,-0.5448,0.1740
122.950,516.182,-2.4222,3.9015,-176.707,-2.4514,4.0495,-179.347,0.0207,-0.1495,0.1509,-2.640,2.9050,3.3520,-2.301,-5.3801,0.4819,-177.045,2.049,2.4610,524.870,2.1734,0.0307,0.0538,1.7521,2.1498,2.1640,nan,2.5267,2.5171,0.0997,0.7329,0.8000,0.0219,-0.1779,1.2404,39.6795,0.0800,-0.2879,0.1740
123.000,516.298,-2.5371,3.8870,-168.444,-2.5671,4.0343,-171.482,-0.0001,-0.1503,0.1503,-3.039,2.9030,3.3492,-2.359,-5.4937,0.4594,-169.123,2.092,2.6480,525.003,2.1730,0.0441,0.0509,1.1548,2.3727,2.4699,nan,2.7397,2.8256,0.1119,0.7314,0.8000,-0.0005,-0.1406,1.0729,39.7795,0.0497,-0.1311,0.1740
123.050,516.414,-2.6492,3.8557,-159.944,-2.7238,4.0022,-162.237,0.0198,-0.1632,0.1644,-2.293,2.8968,3.3621,-2.350,-5.6421,0.4091,-159.886,2.151,2.6075,525.137,2.2115,0.0055,0.0932,16.9025,2.3555,2.3718,nan,2.7397,2.8458,0.1127,0.7155,0.8000,-0.0239,-0.2210,1.0181,39.9794,0.0614,0.9644,0.1740
123.100,516.521,-2.7469,3.8131,-152.629,-2.8174,3.9442,-153.864,0.0023,-0.1488,0.1489,-1.235,2.9137,3.4636,-1.261,-5.7403,0.3544,-152.604,2.196,2.6206,525.258,2.2135,0.0055,0.0788,14.4455,2.4324,2.4669,nan,2.8660,2.9640,0.1174,0.6247,0.8447,-0.0277,-0.1636,0.8579,40.0793,0.0567,0.8888,0.1740
123.150,516.646,-2.8539,3.7478,-143.995,-2.9261,3.8576,-144.785,-0.0061,-0.1313,0.1314,-0.790,2.9298,3.5242,-0.590,-5.8591,0.2731,-144.194,2.350,2.7672,525.407,2.2275,0.0115,0.0661,5.7307,2.6056,2.6760,nan,2.9308,2.8369,0.1124,0.5295,0.9473,-0.0229,-0.0854,0.7526,40.1793,-0.0544,1.3127,0.1740
123.200,516.780,-2.9565,3.6611,-135.046,-3.0321,3.7335,-135.705,0.0024,-0.1046,0.1046,-0.659,2.9406,3.5295,-0.397,-5.9740,0.1626,-135.308,2.457,2.5873,525.563,2.2431,0.0177,0.0617,3.4899,2.7707,2.8395,nan,3.2302,3.1974,0.1266,0.4356,1.0202,-0.0129,-0.0900,0.6141,40.3791,-0.0190,3.8061,0.1740
123.250,516.924,-3.0510,3.5528,-126.807,-3.1199,3.5863,-127.104,0.0145,-0.0752,0.0766,-0.297,2.9544,3.5335,-0.216,-6.0744,0.0299,-126.888,2.585,2.2334,525.725,2.2529,0.0266,0.0574,2.1613,2.8971,2.9511,nan,3.3363,3.2751,0.1297,0.3781,1.0667,0.0019,-0.1168,0.7243,40.5791,0.0800,1.8136,0.1740
123.300,517.065,-3.1289,3.4353,-120.068,-3.1971,3.4201,-119.439,0.0473,-0.0514,0.0699,0.630,2.9638,3.5516,0.082,-6.1611,-0.1228,-119.520,2.651,1.9768,525.876,2.2674,0.0287,0.0526,1.8371,2.6797,2.6536,nan,3.4453,3.1309,0.1240,0.3402,1.0190,-0.0110,-0.0856,0.6539,40.6790,0.0800,5.3317,0.1740
123.350,517.220,-3.1996,3.2974,-113.961,-3.2347,3.2768,-113.127,0.0331,-0.0237,0.0407,0.834,2.9752,3.5816,0.539,-6.2125,-0.2464,-113.666,2.868,1.7550,526.049,2.2459,0.0095,0.0351,3.7018,2.6383,2.6536,nan,3.5572,3.3673,0.1334,0.2693,1.0617,0.0047,-0.0553,0.5357,40.7790,0.0800,5.3317,0.1740
123.400,517.386,-3.2597,3.1432,-108.361,-3.2827,3.0824,-107.474,0.0650,-0.0027,0.0651,0.887,2.9862,3.6119,0.911,-6.2766,-0.4298,-108.385,3.027,1.5860,526.228,2.2550,0.0161,0.0330,2.0505,2.9075,3.0713,nan,3.8856,3.7827,0.1498,0.2109,1.2443,0.0052,-0.0733,0.4146,40.9789,0.0800,4.0749,0.1740
123.450,517.557,-3.3078,2.9790,-104.239,-3.3243,2.8945,-102.284,0.0860,0.0048,0.0861,1.955,2.9862,3.6119,0.911,-6.3211,-0.6170,-103.196,3.188,1.1518,526.409,2.2559,0.0208,0.0361,1.7389,3.1223,3.2278,nan,4.0885,4.0671,0.1611,0.1318,1.3746,0.0107,-0.0678,0.2973,41.1788,0.0800,3.7892,0.1740
123.500,517.557,-3.3078,2.9790,-104.239,-3.3180,2.8945,-102.281,0.0844,0.0109,0.0851,1.958,2.9925,3.6123,0.914,-6.3211,-0.6170,-103.196,3.188,1.1518,526.409,2.2559,0.0208,0.0336,1.6158,3.1631,3.1961,nan,4.2827,4.1779,0.1655,0.1321,1.3424,-0.0002,-0.0987,0.1851,41.3787,0.0800,6.3690,0.1740
123.550,517.744,-3.3484,2.7963,-100.739,-3.3313,2.7428,-99.842,0.0494,0.0268,0.0562,0.898,3.0084,3.6233,0.889,-6.3526,-0.7821,-100.731,3.471,0.9246,526.614,2.2436,0.0249,0.0178,0.7146,3.4652,3.8695,nan,4.2444,4.2968,0.1702,0.0863,1.4082,-0.0099,-0.0971,0.1487,41.5785,0.0290,5.8202,0.1740
123.600,517.943,-3.3815,2.5998,-98.359,-3.3621,2.4952,-97.023,0.1007,0.0344,0.1064,1.336,3.0148,3.6080,0.680,-6.3897,-1.0371,-97.703,3.742,0.7660,526.830,2.2591,0.0117,0.0087,0.7383,3.6731,3.7822,nan,3.8716,4.0274,0.1595,0.0759,1.3350,-0.0293,-0.1077,0.1262,41.7785,-0.0800,4.4007,0.1740
123.650,518.158,-3.4084,2.3864,-95.881,-3.3789,2.2773,-94.991,0.1055,0.0405,0.1130,0.890,3.0130,3.6206,0.891,-6.4120,-1.2436,-95.882,3.926,0.5939,527.057,2.2532,0.0140,0.0060,0.4275,3.9020,4.0355,nan,3.6455,3.5820,0.1419,0.0283,1.2600,-0.0521,-0.1016,0.0836,41.9784,-0.0800,3.8763,0.1740
123.700,518.379,-3.4279,2.1669,-94.199,-3.3897,2.0604,-93.592,0.1034,0.0459,0.1131,0.606,3.0298,3.5852,0.484,-6.4322,-1.4705,-94.076,4.054,0.4906,527.286,2.2555,0.0165,0.0063,0.3798,4.1500,4.3177,nan,3.2296,3.2553,0.1289,-0.0053,1.2171,-0.0705,-0.0900,-0.0809,42.2782,0.0149,-1.6428,0.1743
123.750,518.599,-3.4414,1.9464,-92.740,-3.3986,1.8172,-91.689,0.1270,0.0489,0.1361,1.052,3.0168,3.6487,0.944,-6.4447,-1.7256,-92.632,3.968,0.2768,527.502,2.2621,0.0190,0.0074,0.3885,3.9079,3.8845,nan,3.2296,3.3208,0.1315,-0.0580,1.1479,-0.0781,-0.0650,-0.1324,42.3782,0.0800,-6.3208,0.1743
123.800,518.814,-3.4504,1.7324,-92.209,-3.4004,1.5969,-91.316,0.1335,0.0552,0.1445,0.893,3.0347,3.5887,0.439,-6.4502,-1.9424,-91.755,3.711,0.0603,527.702,2.2593,0.0211,0.0083,0.3936,3.8603,3.8845,nan,2.9980,2.9466,0.1167,-0.1576,1.1285,-0.0857,-0.0149,-0.2304,42.5780,-0.0297,-6.3208,0.1743
123.850,519.019,-3.4582,1.5274,-92.295,-3.4039,1.4620,-91.895,0.0632,0.0569,0.0850,0.401,3.0460,3.5470,0.131,-6.4546,-2.0702,-92.026,3.410,-0.0296,527.890,2.2397,0.0142,0.0119,0.8406,3.4675,3.2126,nan,2.9980,3.0468,0.1207,-0.1459,1.0137,-0.0936,-0.0173,-0.2763,42.6780,0.0800,-7.2273,0.1743
123.900,519.191,-3.4664,1.3555,-93.972,-3.4149,1.2306,-92.835,0.1211,0.0601,0.1351,1.138,3.0668,3.4683,-0.445,-6.4641,-2.2880,-92.390,3.113,-0.7700,528.048,2.2503,0.0181,0.0152,0.8383,3.5292,3.5702,nan,2.7936,2.7216,0.1078,-0.2523,1.0317,-0.0962,0.0293,-0.3614,42.8779,-0.0417,-3.2477,0.1743
123.950,519.191,-3.4664,1.3555,-93.972,-3.4149,1.2306,-92.835,0.1211,0.0601,0.1351,1.138,3.0668,3.4683,-0.445,-6.4641,-2.2880,-92.390,3.113,-0.7700,528.048,2.2503,0.0181,0.0152,0.8383,3.1395,2.8401,nan,2.7126,2.8469,0.1127,-0.1106,0.9178,-0.1215,-0.0503,-0.4028,42.9779,0.0800,-3.8416,0.1743
124.000,519.366,-3.4816,1.1812,-96.271,-3.4301,1.1195,-96.709,0.0557,0.0580,0.0804,-0.438,3.0601,3.5054,-0.202,-6.4818,-2.4087,-96.507,3.037,-0.6931,528.219,2.2418,0.0216,0.0025,0.1147,2.9890,2.9873,nan,2.6838,2.6870,0.1064,-0.1741,0.8738,-0.1233,0.0118,-0.4397,43.1777,0.0800,-0.8542,0.1743
124.050,519.542,-3.5053,1.0064,-99.834,-3.4592,0.9425,-98.804,0.0551,0.0564,0.0788,1.030,3.0563,3.5208,-0.144,-6.5089,-2.5946,-98.660,2.797,-0.8629,528.386,2.2474,0.0133,0.0179,1.3488,2.7955,2.7795,nan,2.5462,2.4864,0.0985,-0.1519,0.8172,-0.1400,-0.0121,-0.4608,43.2777,0.0800,0.4985,0.1743
124.100,519.702,-3.5350,0.8494,-101.515,-3.4919,0.8078,-102.340,0.0322,0.0505,0.0599,-0.825,3.0446,3.5490,0.132,-6.5428,-2.7262,-102.472,2.787,-0.5635,528.545,2.2466,0.0153,0.0029,0.1929,2.9225,2.9771,nan,2.3469,2.3004,0.0911,-0.3779,0.8544,-0.1264,0.0961,-0.5800,43.4776,-0.0269,-3.2935,0.1743
124.150,519.849,-3.5669,0.7058,-103.740,-3.5283,0.6469,-103.191,0.0480,0.0515,0.0704,0.549,3.0441,3.5635,0.142,-6.5796,-2.9003,-103.333,2.667,-0.6423,528.687,2.2572,0.0170,0.0061,0.3566,2.6173,2.5357,nan,2.3469,2.4609,0.0975,-0.4279,0.8000,-0.1296,0.1179,-0.6852,43.5775,0.0660,-4.5546,0.1743
124.200,519.993,-3.6034,0.5663,-105.713,-3.5624,0.5548,-105.759,-0.0000,0.0426,0.0426,-0.047,3.0506,3.5633,-0.006,-6.6127,-3.0091,-105.754,2.492,-0.6884,528.824,2.2480,0.0203,0.0030,0.1490,2.5052,2.5077,nan,2.3363,2.4054,0.0953,-0.5144,0.8000,-0.1273,0.1503,-0.7531,43.6775,0.0400,-5.2555,0.1743
124.250,520.124,-3.6420,0.4413,-109.433,-3.6095,0.4203,-108.442,0.0090,0.0377,0.0387,0.991,3.0742,3.4993,-0.530,-6.6549,-3.1407,-107.912,2.310,-1.4425,528.950,2.2528,0.0072,0.0136,1.8785,2.2954,2.2679,nan,2.2630,2.2255,0.0881,-0.5952,0.8000,-0.1112,0.1456,-0.6165,43.7775,0.0800,-0.0272,0.1743
124.300,520.254,-3.6903,0.3205,-114.455,-3.6601,0.3070,-114.697,-0.0003,0.0331,0.0331,-0.243,3.0666,3.5165,-0.353,-6.7067,-3.2509,-114.344,2.330,-1.6262,529.084,2.2543,0.0144,0.0020,0.1383,2.2555,2.2679,nan,2.1771,1.9934,0.0789,-0.5803,0.8000,-0.1214,0.0861,-0.5703,43.8774,0.0800,-0.0272,0.1743
124.350,520.397,-3.7561,0.1940,-120.942,-3.7262,0.1932,-120.237,-0.0147,0.0260,0.0299,0.705,3.0666,3.5165,-0.353,-6.7722,-3.3651,-119.883,2.265,-1.8777,529.229,2.2517,0.0368,0.0084,0.2280,2.2469,2.2636,nan,2.1539,2.1456,0.0850,-0.6796,0.8000,-0.1154,0.0672,-0.8424,43.9773,0.0800,-1.5695,0.1743
124.400,520.397,-3.7561,0.1940,-120.942,-3.7271,0.1778,-119.538,-0.0010,0.0332,0.0333,1.404,3.0247,3.5836,0.345,-6.7722,-3.3651,-119.883,2.265,-1.8777,529.229,2.2517,0.0368,0.0028,0.0754,2.4242,2.4945,nan,2.2066,2.1713,0.0860,-0.7034,0.8000,-0.0950,0.1477,-1.0395,44.1773,-0.0204,-6.9673,0.1743
124.450,520.515,-3.8220,0.0959,-127.127,-3.8114,0.0422,-125.706,0.0364,0.0409,0.0548,1.421,2.9692,3.6956,1.372,-6.8661,-3.4901,-127.078,2.013,-1.9294,529.342,2.2842,0.0589,0.0136,0.2314,2.0970,1.9780,nan,2.2066,2.2898,0.0907,-0.7867,0.8000,-0.0845,0.1731,-1.0939,44.2772,0.0482,-1.2913,0.1743
124.500,520.625,-3.8929,0.0124,-133.782,-3.8688,-0.0120,-132.121,0.0009,0.0343,0.0343,1.661,2.9872,3.6642,1.090,-6.9247,-3.5450,-133.211,1.979,-2.2003,529.457,2.2669,0.0109,0.0232,2.1204,2.0809,2.0951,nan,2.2945,2.4009,0.0951,-0.7839,0.8000,-0.0795,0.1515,-1.1899,44.3772,0.0800,-1.1230,0.1743
124.550,520.735,-3.9741,-0.0626,-140.987,-3.9615,-0.0933,-139.644,0.0095,0.0318,0.0332,1.342,2.9845,3.6696,1.141,-7.0196,-3.6239,-140.785,1.977,-2.2998,529.575,2.2811,0.0266,0.0067,0.2503,2.1072,2.1282,nan,2.3591,2.4272,0.0961,-0.7931,0.8000,-0.0691,0.1533,-1.2908,44.4771,0.0800,-0.3328,0.1743
124.600,520.846,-4.0647,-0.1266,-149.025,-4.0545,-0.1717,-146.684,0.0145,0.0439,0.0462,2.341,2.9666,3.7010,1.508,-7.1206,-3.6866,-148.192,1.994,-2.5833,529.701,2.2911,0.0521,0.0121,0.2330,2.2563,2.3116,nan,2.4090,2.4375,0.0965,-0.8005,0.8000,-0.0392,0.2608,-1.2339,44.6769,0.0165,0.4653,0.1743
124.650,520.957,-4.1638,-0.1772,-157.286,-4.1611,-0.2393,-155.405,0.0215,0.0584,0.0622,1.882,2.9437,3.7800,2.195,-7.2536,-3.7442,-157.600,2.050,-2.6612,529.830,2.3257,0.0844,0.0286,0.3392,2.2118,2.2232,nan,2.6190,2.6959,0.1068,-0.7820,0.8000,-0.0254,0.2486,-1.1083,44.7769,0.0445,-0.3762,0.1743
124.700,521.071,-4.2714,-0.2135,-165.782,-4.2742,-0.2747,-163.684,0.0177,0.0586,0.0613,2.098,2.9773,3.7083,1.659,-7.3638,-3.7713,-165.343,2.082,-2.7270,529.960,2.3267,0.0060,0.0482,7.9975,2.3910,2.4619,nan,2.7145,2.7279,0.1080,-0.7213,0.8000,0.0065,0.2337,-1.0694,44.8768,0.0078,-0.6336,0.1743
124.750,521.173,-4.3722,-0.2323,-173.521,-4.3976,-0.2841,-171.861,0.0310,0.0486,0.0576,1.660,2.9899,3.7144,1.625,-7.4979,-3.7874,-173.486,2.104,-2.7604,530.076,2.3590,0.0066,0.0481,7.2889,2.3618,2.3766,nan,2.8123,2.9223,0.1157,-0.6476,0.8000,0.0078,0.0766,-1.0694,44.8768,0.0637,-0.8367,0.1743
124.800,521.293,-4.4917,-0.2371,177.637,-4.5138,-0.2888,178.795,0.0200,0.0526,0.0562,1.158,3.0083,3.7179,1.631,-7.6331,-3.7910,177.164,2.246,-2.6994,530.220,2.3742,0.0149,0.0294,1.9755,2.3583,2.3766,nan,2.8055,2.8998,0.1148,-0.6323,0.8209,0.0329,0.1345,-0.8563,45.0768,0.0546,-0.8367,0.1743
124.850,521.426,-4.6241,-0.2217,168.701,-4.6233,-0.2549,170.879,-0.0073,0.0324,0.0332,2.178,3.0473,3.6997,1.400,-7.7650,-3.7661,169.479,2.367,-2.4759,530.374,2.3722,0.0365,0.0257,0.7031,2.4168,2.4468,nan,2.7936,2.7298,0.1081,-0.5849,0.8763,0.0336,0.0932,-0.7607,45.1767,-0.0369,2.3174,0.1743
