t,dist_m,true_x,true_y,true_yaw_deg,est_x,est_y,est_yaw_deg,err_along,err_cross,err_dist,err_yaw_deg,m2o_x,m2o_y,m2o_yaw_deg,o2b_x,o2b_y,o2b_yaw_deg,speed,yaw_rate,enc_dist,dr_err,fit_true,fit_est,fit_ratio,pp_v_est,pp_v_enc,pp_v_pose,pp_v_target,pp_u_cmd,pp_throttle,pp_steering,pp_ld,pp_e_lat,pp_e_head,pp_kappa,pp_s,pp_slip,pp_a_imu,pp_delay
0.000,0.000,0.8063,3.1583,-89.997,0.8027,3.1528,-90.296,0.0055,-0.0036,0.0066,-0.299,0.8027,3.1528,-0.299,0.0000,0.0000,-89.997,0.000,0.0000,0.000,0.0000,0.0097,0.0143,1.4744,nan,nan,nan,nan,nan,nan,nan,nan,nan,nan,nan,nan,nan,nan,nan
0.050,0.000,0.8063,3.1583,-89.997,0.8027,3.1528,-90.296,0.0055,-0.0036,0.0066,-0.299,0.8027,3.1528,-0.299,0.0000,0.0000,-89.997,0.000,0.0000,0.000,0.0000,0.0097,0.0143,1.4744,nan,nan,nan,nan,nan,nan,nan,nan,nan,nan,nan,nan,nan,nan,nan
0.100,0.000,0.8063,3.1583,-89.997,0.8027,3.1528,-90.296,0.0055,-0.0036,0.0066,-0.299,0.8027,3.1528,-0.299,0.0000,0.0000,-89.997,0.000,0.0000,0.000,0.0000,0.0097,0.0143,1.4744,nan,nan,nan,nan,nan,nan,nan,nan,nan,nan,nan,nan,nan,nan,nan
0.150,0.000,0.8063,3.1583,-89.997,0.8027,3.1528,-90.296,0.0055,-0.0036,0.0066,-0.299,0.8027,3.1528,-0.299,0.0000,0.0000,-89.997,0.000,0.0000,0.000,0.0000,0.0097,0.0143,1.4744,nan,nan,nan,nan,nan,nan,nan,nan,nan,nan,nan,nan,nan,nan,nan
0.200,0.000,0.8063,3.1583,-89.997,0.8027,3.1528,-90.296,0.0055,-0.0036,0.0066,-0.299,0.8027,3.1528,-0.299,0.0000,0.0000,-89.997,0.000,0.0000,0.000,0.0000,0.0097,0.0143,1.4795,nan,nan,nan,nan,nan,nan,nan,nan,nan,nan,nan,nan,nan,nan,nan
0.250,0.000,0.8063,3.1583,-89.997,0.8027,3.1528,-90.296,0.0055,-0.0036,0.0066,-0.299,0.8027,3.1528,-0.299,0.0000,0.0000,-89.997,0.000,0.0000,0.000,0.0000,0.0097,0.0143,1.4744,nan,nan,nan,nan,nan,nan,nan,nan,nan,nan,nan,nan,nan,nan,nan
0.300,0.000,0.8063,3.1583,-89.997,0.8027,3.1528,-90.296,0.0055,-0.0036,0.0066,-0.299,0.8027,3.1528,-0.299,0.0000,0.0000,-89.997,0.000,0.0000,0.000,0.0000,0.0097,0.0143,1.4744,nan,nan,nan,nan,nan,nan,nan,nan,nan,nan,nan,nan,nan,nan,nan
0.350,0.000,0.8063,3.1583,-89.997,0.8027,3.1528,-90.296,0.0055,-0.0036,0.0066,-0.299,0.8027,3.1528,-0.299,0.0000,0.0000,-89.997,0.000,0.0000,0.000,0.0000,0.0097,0.0143,1.4744,nan,nan,nan,nan,nan,nan,nan,nan,nan,nan,nan,nan,nan,nan,nan
0.400,0.000,0.8063,3.1583,-89.997,0.8013,3.1494,-90.388,0.0089,-0.0050,0.0102,-0.391,0.8013,3.1494,-0.391,0.0000,0.0000,-89.997,0.000,0.0000,0.000,0.0000,0.0097,0.0159,1.6406,nan,nan,nan,nan,nan,nan,nan,nan,nan,nan,nan,nan,nan,nan,nan
0.450,0.000,0.8063,3.1583,-89.997,0.8013,3.1494,-90.388,0.0089,-0.0050,0.0102,-0.391,0.8013,3.1494,-0.391,0.0000,0.0000,-89.997,0.000,0.0000,0.000,0.0000,0.0097,0.0159,1.6406,nan,nan,nan,nan,nan,nan,nan,nan,nan,nan,nan,nan,nan,nan,nan
0.500,0.000,0.8063,3.1583,-89.997,0.8013,3.1494,-90.388,0.0089,-0.0050,0.0102,-0.391,0.8013,3.1494,-0.391,0.0000,0.0000,-89.997,0.000,0.0000,0.000,0.0000,0.0097,0.0159,1.6406,nan,nan,nan,nan,nan,nan,nan,nan,nan,nan,nan,nan,nan,nan,nan
0.550,0.000,0.8063,3.1583,-89.997,0.8013,3.1494,-90.388,0.0089,-0.0050,0.0102,-0.391,0.8013,3.1494,-0.391,0.0000,0.0000,-89.997,0.000,0.0000,0.000,0.0000,0.0097,0.0159,1.6406,nan,nan,nan,nan,nan,nan,nan,nan,nan,nan,nan,nan,nan,nan,nan
0.600,0.000,0.8063,3.1583,-89.997,0.8013,3.1494,-90.388,0.0089,-0.0050,0.0102,-0.391,0.8013,3.1494,-0.391,0.0000,0.0000,-89.997,0.000,0.0000,0.000,0.0000,0.0097,0.0159,1.6406,nan,nan,nan,nan,nan,nan,nan,nan,nan,nan,nan,nan,nan,nan,nan
0.650,0.000,0.8063,3.1583,-89.997,0.8013,3.1494,-90.388,0.0089,-0.0050,0.0102,-0.391,0.8013,3.1494,-0.391,0.0000,0.0000,-89.997,0.000,0.0000,0.000,0.0000,0.0097,0.0159,1.6406,nan,nan,nan,nan,nan,nan,nan,nan,nan,nan,nan,nan,nan,nan,nan
0.700,0.000,0.8063,3.1583,-89.997,0.8013,3.1494,-90.388,0.0089,-0.0050,0.0102,-0.391,0.8013,3.1494,-0.391,0.0000,0.0000,-89.997,0.000,0.0000,0.000,0.0000,0.0097,0.0159,1.6406,nan,nan,nan,nan,nan,nan,nan,nan,nan,nan,nan,nan,nan,nan,nan
0.750,0.000,0.8063,3.1583,-89.997,0.8013,3.1494,-90.388,0.0089,-0.0050,0.0102,-0.391,0.8013,3.1494,-0.391,0.0000,0.0000,-89.997,0.000,0.0000,0.000,0.0000,0.0097,0.0159,1.6406,nan,nan,nan,nan,nan,nan,nan,nan,nan,nan,nan,nan,nan,nan,nan
0.800,0.000,0.8063,3.1583,-89.997,0.8013,3.1494,-90.388,0.0089,-0.0050,0.0102,-0.391,0.8013,3.1494,-0.391,0.0000,0.0000,-89.997,0.000,0.0000,0.000,0.0000,0.0097,0.0159,1.6406,nan,nan,nan,nan,nan,nan,nan,nan,nan,nan,nan,nan,nan,nan,nan
0.850,0.000,0.8063,3.1583,-89.997,0.8010,3.1469,-90.594,0.0114,-0.0053,0.0126,-0.597,0.8010,3.1469,-0.597,0.0000,0.0000,-89.997,0.000,0.0000,0.000,0.0000,0.0097,0.0175,1.8029,nan,nan,nan,nan,nan,nan,nan,nan,nan,nan,nan,nan,nan,nan,nan
0.900,0.000,0.8063,3.1583,-89.997,0.8010,3.1469,-90.594,0.0114,-0.0053,0.0126,-0.597,0.8010,3.1469,-0.597,0.0000,0.0000,-89.997,0.000,0.0000,0.000,0.0000,0.0097,0.0175,1.8029,nan,nan,nan,nan,nan,nan,nan,nan,nan,nan,nan,nan,nan,nan,nan
0.950,0.000,0.8063,3.1583,-89.997,0.8010,3.1469,-90.594,0.0114,-0.0053,0.0126,-0.597,0.8010,3.1469,-0.597,0.0000,0.0000,-89.997,0.000,0.0000,0.000,0.0000,0.0097,0.0175,1.8029,nan,nan,nan,nan,nan,nan,nan,nan,nan,nan,nan,nan,nan,nan,nan
1.000,0.000,0.8063,3.1583,-89.997,0.8010,3.1469,-90.594,0.0114,-0.0053,0.0126,-0.597,0.8010,3.1469,-0.597,0.0000,0.0000,-89.997,0.000,0.0000,0.000,0.0000,0.0097,0.0175,1.8029,nan,nan,nan,nan,nan,nan,nan,nan,nan,nan,nan,nan,nan,nan,nan
1.050,0.000,0.8063,3.1583,-89.997,0.8010,3.1469,-90.594,0.0114,-0.0053,0.0126,-0.597,0.8010,3.1469,-0.597,0.0000,0.0000,-89.997,0.000,0.0000,0.000,0.0000,0.0097,0.0175,1.8029,nan,nan,nan,nan,nan,nan,nan,nan,nan,nan,nan,nan,nan,nan,nan
1.100,0.000,0.8063,3.1583,-89.997,0.8010,3.1469,-90.594,0.0114,-0.0053,0.0126,-0.597,0.8010,3.1469,-0.597,0.0000,0.0000,-89.997,0.000,0.0000,0.000,0.0000,0.0097,0.0175,1.8029,nan,nan,nan,nan,nan,nan,nan,nan,nan,nan,nan,nan,nan,nan,nan
1.150,0.000,0.8063,3.1583,-89.997,0.8010,3.1469,-90.594,0.0114,-0.0053,0.0126,-0.597,0.8010,3.1469,-0.597,0.0000,0.0000,-89.997,0.000,0.0000,0.000,0.0000,0.0097,0.0175,1.8029,nan,nan,nan,nan,nan,nan,nan,nan,nan,nan,nan,nan,nan,nan,nan
1.200,0.000,0.8063,3.1583,-89.997,0.8010,3.1469,-90.594,0.0114,-0.0053,0.0126,-0.597,0.8010,3.1469,-0.597,0.0000,0.0000,-89.997,0.000,0.0000,0.000,0.0000,0.0097,0.0175,1.8029,nan,nan,nan,nan,nan,nan,nan,nan,nan,nan,nan,nan,nan,nan,nan
1.250,0.000,0.8063,3.1583,-89.997,0.8010,3.1469,-90.594,0.0114,-0.0053,0.0126,-0.597,0.8010,3.1469,-0.597,0.0000,0.0000,-89.997,0.000,0.0000,0.000,0.0000,0.0097,0.0175,1.8029,nan,nan,nan,nan,nan,nan,nan,nan,nan,nan,nan,nan,nan,nan,nan
1.300,0.000,0.8063,3.1583,-89.997,0.8010,3.1469,-90.594,0.0114,-0.0053,0.0126,-0.597,0.8010,3.1469,-0.597,0.0000,0.0000,-89.997,0.000,0.0000,0.000,0.0000,0.0097,0.0175,1.8029,nan,nan,nan,nan,nan,nan,nan,nan,nan,nan,nan,nan,nan,nan,nan
1.350,0.000,0.8063,3.1583,-89.997,0.8032,3.1487,-90.699,0.0096,-0.0031,0.0101,-0.702,0.8032,3.1487,-0.702,0.0000,0.0000,-89.997,0.000,0.0000,0.000,0.0000,0.0097,0.0165,1.7007,nan,nan,nan,nan,nan,nan,nan,nan,nan,nan,nan,nan,nan,nan,nan
1.400,0.000,0.8063,3.1583,-89.997,0.8032,3.1487,-90.699,0.0096,-0.0031,0.0101,-0.702,0.8032,3.1487,-0.702,0.0000,0.0000,-89.997,0.000,0.0000,0.000,0.0000,0.0097,0.0165,1.7007,nan,nan,nan,nan,nan,nan,nan,nan,nan,nan,nan,nan,nan,nan,nan
1.450,0.000,0.8064,3.1583,-89.997,0.8032,3.1487,-90.699,0.0096,-0.0032,0.0101,-0.702,0.8032,3.1487,-0.702,0.0000,0.0000,-89.997,0.000,0.0000,0.000,0.0001,0.0097,0.0165,1.7007,nan,nan,nan,nan,nan,nan,nan,nan,nan,nan,nan,nan,nan,nan,nan
1.500,0.000,0.8064,3.1583,-89.997,0.8032,3.1487,-90.699,0.0096,-0.0032,0.0101,-0.702,0.8032,3.1487,-0.702,0.0000,0.0000,-89.997,0.000,0.0000,0.000,0.0001,0.0097,0.0165,1.7007,nan,nan,nan,nan,nan,nan,nan,nan,nan,nan,nan,nan,nan,nan,nan
1.550,0.000,0.8064,3.1583,-89.997,0.8032,3.1487,-90.699,0.0096,-0.0032,0.0101,-0.702,0.8032,3.1487,-0.702,0.0000,0.0000,-89.997,0.000,0.0000,0.000,0.0001,0.0097,0.0165,1.7007,nan,nan,nan,nan,nan,nan,nan,nan,nan,nan,nan,nan,nan,nan,nan
1.600,0.000,0.8064,3.1583,-89.997,0.8032,3.1487,-90.699,0.0096,-0.0032,0.0101,-0.702,0.8032,3.1487,-0.702,0.0000,0.0000,-89.997,0.000,0.0000,0.000,0.0001,0.0097,0.0165,1.7007,nan,nan,nan,nan,nan,nan,nan,nan,nan,nan,nan,nan,nan,nan,nan
1.650,0.000,0.8064,3.1583,-89.997,0.8032,3.1487,-90.699,0.0096,-0.0032,0.0101,-0.702,0.8032,3.1487,-0.702,0.0000,0.0000,-89.997,0.000,0.0000,0.000,0.0001,0.0097,0.0165,1.7007,nan,nan,nan,nan,nan,nan,nan,nan,nan,nan,nan,nan,nan,nan,nan
1.700,0.000,0.8064,3.1583,-89.997,0.8032,3.1487,-90.699,0.0096,-0.0032,0.0101,-0.702,0.8032,3.1487,-0.702,0.0000,0.0000,-89.997,0.000,0.0000,0.000,0.0001,0.0097,0.0165,1.7007,nan,nan,nan,nan,nan,nan,nan,nan,nan,nan,nan,nan,nan,nan,nan
1.750,0.000,0.8064,3.1583,-89.997,0.8032,3.1487,-90.699,0.0096,-0.0032,0.0101,-0.702,0.8032,3.1487,-0.702,0.0000,0.0000,-89.997,0.000,0.0000,0.000,0.0001,0.0097,0.0165,1.7007,nan,nan,nan,nan,nan,nan,nan,nan,nan,nan,nan,nan,nan,nan,nan
1.800,0.000,0.8064,3.1583,-89.997,0.8056,3.1469,-90.663,0.0114,-0.0008,0.0114,-0.667,0.8056,3.1469,-0.667,0.0000,0.0000,-89.997,0.000,0.0000,0.000,0.0001,0.0097,0.0153,1.5768,nan,nan,nan,nan,nan,nan,nan,nan,nan,nan,nan,nan,nan,nan,nan
1.850,0.000,0.8064,3.1583,-89.997,0.8056,3.1469,-90.663,0.0114,-0.0008,0.0114,-0.667,0.8056,3.1469,-0.667,0.0000,0.0000,-89.997,0.000,0.0000,0.000,0.0001,0.0097,0.0153,1.5768,nan,nan,nan,nan,nan,nan,nan,nan,nan,nan,nan,nan,nan,nan,nan
1.900,0.000,0.8064,3.1583,-89.997,0.8056,3.1469,-90.663,0.0114,-0.0008,0.0114,-0.667,0.8056,3.1469,-0.667,0.0000,0.0000,-89.997,0.000,0.0000,0.000,0.0001,0.0097,0.0153,1.5768,nan,nan,nan,nan,nan,nan,nan,nan,nan,nan,nan,nan,nan,nan,nan
1.950,0.000,0.8064,3.1583,-89.997,0.8056,3.1469,-90.663,0.0114,-0.0008,0.0114,-0.667,0.8056,3.1469,-0.667,0.0000,0.0000,-89.997,0.000,0.0000,0.000,0.0001,0.0097,0.0153,1.5689,nan,nan,nan,nan,nan,nan,nan,nan,nan,nan,nan,nan,nan,nan,nan
2.000,0.000,0.8064,3.1583,-89.997,0.8056,3.1469,-90.663,0.0114,-0.0008,0.0114,-0.667,0.8056,3.1469,-0.667,0.0000,0.0000,-89.997,0.000,0.0000,0.000,0.0001,0.0097,0.0153,1.5689,0.0000,0.0000,nan,6.3318,0.9474,0.0375,0.5998,0.8000,-0.2694,-0.1579,-0.0848,8.0912,0.1200,-0.0003,0.1750
2.050,0.000,0.8064,3.1582,-89.997,0.8056,3.1469,-90.663,0.0113,-0.0008,0.0113,-0.667,0.8056,3.1469,-0.667,0.0000,0.0000,-89.997,0.026,0.0013,0.004,0.0001,0.0097,0.0153,1.5689,0.0000,0.0000,nan,6.3318,0.9474,0.0375,0.5998,0.8000,-0.2694,-0.1579,-0.0848,8.0912,0.1200,-0.0002,0.1750
2.100,0.010,0.8063,3.1485,-89.781,0.8055,3.1390,-90.659,0.0095,-0.0008,0.0096,-0.878,0.8056,3.1469,-0.667,0.0000,-0.0080,-89.992,0.316,0.1883,0.052,0.0018,0.0091,0.0160,1.7548,0.0616,0.0714,nan,6.3318,1.0090,0.0400,0.6115,0.8000,-0.2709,-0.1578,-0.0848,8.0912,0.1200,5.3597,0.1750
2.150,0.010,0.8063,3.1485,-89.781,0.8055,3.1390,-90.659,0.0095,-0.0008,0.0096,-0.878,0.8056,3.1469,-0.667,0.0000,-0.0080,-89.992,0.316,0.1883,0.052,0.0018,0.0091,0.0160,1.7548,0.3891,0.8640,nan,6.3755,1.3494,0.0534,0.5880,0.8000,-0.2845,-0.1300,-0.0775,8.1911,0.1200,5.1557,0.1750
2.200,0.036,0.8066,3.1228,-88.474,0.8050,3.0477,-89.856,0.0750,-0.0036,0.0751,-1.382,0.8056,3.1469,-0.667,0.0006,-0.0992,-89.189,0.598,0.6053,0.100,0.0637,0.0089,0.0184,2.0712,0.7047,0.8896,nan,6.4198,1.6649,0.0659,0.5942,0.8000,-0.2909,-0.0746,-0.0775,8.1911,0.1200,5.0155,0.1750
2.250,0.077,0.8084,3.0813,-86.096,0.8053,3.0079,-87.557,0.0730,-0.0081,0.0735,-1.461,0.8054,3.1573,-0.988,0.0025,-0.1494,-86.569,0.889,0.8681,0.152,0.0724,0.0129,0.0171,1.3248,0.8887,0.9428,nan,6.4198,1.8604,0.0737,0.4687,0.8000,-0.2941,-0.0144,-0.0702,8.2910,0.1200,6.4445,0.1750
2.300,0.136,0.8139,3.0230,-82.859,0.8086,2.9518,-84.271,0.0699,-0.0141,0.0714,-1.411,0.8054,3.1573,-0.988,0.0067,-0.2054,-83.282,1.175,1.1538,0.223,0.0701,0.0107,0.0293,2.7542,1.1455,1.2522,nan,6.5090,2.1172,0.0838,0.4527,0.8000,-0.2934,0.0433,-0.0702,8.2910,0.1200,6.3483,0.1750
2.350,0.208,0.8253,2.9513,-78.854,0.8214,2.8587,-80.439,0.0901,-0.0218,0.0927,-1.585,0.8063,3.1503,-1.256,0.0214,-0.2912,-79.183,1.443,1.2212,0.310,0.0843,0.0099,0.0242,2.4560,1.2278,1.2522,nan,6.5525,2.2085,0.0875,0.3227,0.8000,-0.2853,0.1205,-0.0639,8.3909,0.1200,6.3483,0.1750
2.400,0.297,0.8453,2.8649,-75.033,0.8427,2.7561,-76.514,0.1045,-0.0306,0.1089,-1.481,0.8066,3.1539,-1.740,0.0482,-0.3965,-74.774,1.703,1.2542,0.410,0.1036,0.0131,0.0193,1.4685,1.4674,1.5642,nan,6.5950,2.4491,0.0970,0.1241,0.8000,-0.2689,0.1994,-0.0610,8.5907,0.1200,6.0320,0.1750
2.450,0.412,0.8793,2.7550,-70.296,0.8677,2.6563,-72.848,0.0890,-0.0442,0.0994,-2.552,0.8060,3.1631,-2.127,0.0805,-0.5042,-70.722,1.988,1.2869,0.541,0.1011,0.0221,0.0212,0.9592,1.6563,1.7227,nan,6.6364,2.6300,0.1042,-0.0260,0.8730,-0.2517,0.2573,-0.0625,8.6906,0.1200,5.7038,0.1750
2.500,0.533,0.9228,2.6426,-68.153,0.9058,2.5152,-68.962,0.1119,-0.0632,0.1285,-0.809,0.8085,3.1661,-2.824,0.1293,-0.6454,-66.138,2.282,0.2995,0.672,0.1303,0.0116,0.0269,2.3184,1.9623,2.1767,nan,6.7167,2.9264,0.1159,-0.1788,1.0342,-0.2214,0.3301,-0.0640,8.7905,0.1199,5.7908,0.1750
2.550,0.667,0.9731,2.5178,-68.305,0.9517,2.3857,-70.034,0.1149,-0.0687,0.1338,-1.729,0.8085,3.1661,-2.824,0.1815,-0.7725,-67.210,2.505,-0.1735,0.814,0.1328,0.0157,0.0267,1.7051,2.2155,2.3397,nan,6.7565,3.1705,0.1256,-0.1379,1.1677,-0.1970,0.2659,-0.0650,8.8904,0.1199,5.5983,0.1750
2.600,0.667,0.9731,2.5178,-68.305,0.9517,2.3824,-70.413,0.1179,-0.0699,0.1371,-2.109,0.8136,3.1638,-3.204,0.1815,-0.7725,-67.210,2.505,-0.1735,0.814,0.1328,0.0130,0.0495,3.7977,2.4671,2.5944,nan,6.8754,3.4154,0.1353,-0.1242,1.3038,-0.1666,0.2280,-0.0608,9.0901,0.1198,6.2490,0.1750
2.650,0.815,1.0261,2.3802,-70.216,1.0056,2.2302,-71.409,0.1342,-0.0701,0.1514,-1.193,0.8059,3.1669,-2.523,0.2407,-0.9271,-68.886,2.748,-0.6206,0.973,0.1504,0.0204,0.0428,2.0987,2.6564,2.7366,nan,6.9147,3.6063,0.1428,-0.1008,1.4067,-0.1386,0.1799,-0.0576,9.1901,0.1198,6.2828,0.1750
2.700,0.973,1.0775,2.2303,-72.161,1.0494,2.0802,-74.292,0.1343,-0.0727,0.1527,-2.131,0.8005,3.1703,-2.088,0.2884,-1.0803,-72.204,2.974,-0.6348,1.142,0.1532,0.0215,0.0610,2.8365,2.8894,3.0069,nan,6.9924,3.8407,0.1521,-0.0842,1.5331,-0.1259,0.1535,-0.0546,9.2899,0.1197,2.4495,0.1750
2.750,1.143,1.1272,2.0675,-74.045,1.1005,1.9081,-75.971,0.1459,-0.0694,0.1616,-1.926,0.8016,3.1665,-1.873,0.3399,-1.2479,-74.098,3.188,-0.6112,1.322,0.1583,0.0194,0.0630,3.2518,3.1778,3.3948,nan,7.0690,4.1314,0.1636,-0.0929,1.6950,-0.0781,0.1462,-0.0465,9.5896,0.1197,2.4367,0.1750
2.800,1.305,1.1698,1.9118,-75.517,1.1482,1.7090,-77.664,0.1910,-0.0716,0.2039,-2.148,0.8064,3.1560,-1.836,0.3880,-1.4353,-75.829,3.375,-0.5264,1.493,0.1903,0.0200,0.0616,3.0774,3.3074,3.3674,nan,7.1447,4.2583,0.1686,-0.0929,1.7682,-0.0437,0.1340,-0.0430,9.7894,0.1197,2.5239,0.1750
2.850,1.501,1.2166,1.7215,-77.003,1.1929,1.5139,-78.724,0.1969,-0.0698,0.2089,-1.720,0.8040,3.1452,-1.487,0.4310,-1.6206,-77.237,3.605,-0.5105,1.702,0.1850,0.0196,0.0594,3.0346,3.3354,3.3674,nan,7.2188,4.2863,0.1698,-0.0924,1.7868,-0.0168,0.1192,-0.0398,9.8893,0.1198,2.5239,0.1750
2.900,1.737,1.2663,1.4902,-78.950,1.2341,1.2943,-79.880,0.1861,-0.0692,0.1985,-0.930,0.7946,3.1491,-1.178,0.4775,-1.8454,-78.702,3.874,-0.5539,1.955,0.1781,0.0182,0.0527,2.8948,3.5500,3.6635,nan,7.3274,4.4994,0.1782,-0.0950,1.9078,0.0180,0.1158,-0.0350,10.1890,0.1198,5.9520,0.1750
2.950,1.956,1.3053,1.2753,-80.729,1.2776,1.0269,-81.732,0.2407,-0.0673,0.2499,-1.002,0.7906,3.1623,-1.005,0.5244,-2.1265,-80.727,4.053,-0.5933,2.185,0.2448,0.0177,0.0521,2.9509,3.8222,4.3681,nan,7.3980,4.7996,0.1901,-0.0835,2.0585,0.0459,0.0935,-0.0317,10.3888,0.1197,4.3703,0.1750
3.000,2.188,1.3393,1.0453,-82.686,1.3060,0.8006,-83.734,0.2385,-0.0642,0.2469,-1.048,0.7906,3.1623,-1.005,0.5567,-2.3522,-82.730,4.245,-0.5722,2.431,0.2404,0.0137,0.0516,3.7677,4.0172,4.1216,nan,7.5013,5.0137,0.1986,-0.0701,2.1681,0.0656,0.0710,-0.0285,10.5885,0.1197,4.3665,0.1750
3.050,2.188,1.3393,1.0453,-82.686,1.3045,0.7999,-84.401,0.2390,-0.0658,0.2479,-1.714,0.8166,3.1674,-1.671,0.5567,-2.3522,-82.730,4.245,-0.5722,2.431,0.2404,0.0137,0.0620,4.5242,4.1202,4.1814,nan,7.5685,5.1241,0.2029,-0.0493,2.2276,0.0697,0.0376,-0.0258,10.7883,0.1198,5.3492,0.1750
3.100,2.464,1.3701,0.7710,-84.717,1.3215,0.5564,-86.720,0.2092,-0.0681,0.2200,-2.003,0.8384,3.1737,-2.129,0.5800,-2.5976,-84.591,4.496,-0.5084,2.726,0.2109,0.0142,0.0775,5.4776,4.3366,5.0805,nan,7.6661,5.3579,0.2122,-0.0322,2.3501,0.0731,0.0110,-0.0223,11.0880,0.1198,4.8434,0.1750
3.150,2.713,1.3900,0.5232,-86.247,1.3357,0.2216,-88.450,0.2974,-0.0740,0.3064,-2.203,0.8383,3.1835,-2.050,0.6030,-2.9422,-86.399,4.694,-0.4059,2.990,0.3077,0.0120,0.0811,6.7790,4.4822,4.5779,nan,7.7290,5.5152,0.2184,-0.0255,2.4318,0.0763,0.0011,-0.0199,11.2878,0.1198,3.6993,0.1750
3.200,2.980,1.4051,0.2560,-87.398,1.3452,-0.0153,-89.435,0.2683,-0.0721,0.2778,-2.037,0.8392,3.1695,-1.899,0.6113,-3.1663,-87.536,4.855,-0.2753,3.270,0.2642,0.0107,0.0803,7.4843,4.7614,5.0758,nan,7.8216,5.8153,0.2303,-0.0181,2.5648,0.0757,-0.0069,-0.0202,11.5875,0.1197,4.2264,0.1750
3.250,3.258,1.4160,-0.0211,-88.176,1.3519,-0.3336,-90.827,0.3103,-0.0740,0.3191,-2.652,0.8864,3.1660,-2.552,0.6209,-3.4755,-88.275,5.033,-0.2176,3.563,0.2963,0.0132,0.0890,6.7531,4.9334,5.0758,nan,7.9112,5.9975,0.2375,-0.0180,2.5710,0.0848,-0.0078,-0.0169,11.8871,0.1198,4.2264,0.1750
3.300,3.550,1.4238,-0.3130,-88.831,1.3564,-0.6317,-91.115,0.3173,-0.0739,0.3258,-2.284,0.8751,3.1737,-2.233,0.6292,-3.7838,-88.882,5.217,-0.1589,3.872,0.3127,0.0134,0.0819,6.1030,5.1108,5.2667,nan,7.9978,6.1901,0.2452,-0.0110,2.5781,0.0856,-0.0206,-0.0127,12.1868,0.1199,3.7411,0.1750
3.350,3.834,1.4285,-0.5971,-89.278,1.3555,-0.9341,-91.010,0.3361,-0.0773,0.3448,-1.731,0.8428,3.1798,-1.675,0.6327,-4.0972,-89.335,5.482,-0.1269,4.181,0.3420,0.0115,0.0794,6.8833,5.2933,5.4671,nan,8.0000,6.3836,0.2528,-0.0138,2.5802,0.0923,-0.0154,-0.0114,12.4865,0.1199,6.1341,0.1750
3.400,4.182,1.4319,-0.9456,-89.631,1.3473,-1.2824,-91.398,0.3362,-0.0868,0.3472,-1.766,0.8428,3.1798,-1.675,0.6347,-4.4455,-89.723,5.737,-0.1136,4.554,0.3418,0.0179,0.0986,5.5056,5.4412,5.5900,nan,8.0000,6.3347,0.2509,-0.0187,2.5827,0.1005,-0.0062,-0.0100,12.7861,0.1199,5.1534,0.1750
3.450,4.182,1.4319,-0.9456,-89.631,1.3530,-1.2683,-90.638,0.3222,-0.0810,0.3322,-1.007,0.7894,3.1868,-0.915,0.6347,-4.4455,-89.723,5.737,-0.1136,4.554,0.3418,0.0179,0.0824,4.5988,5.7035,6.1136,nan,8.0000,6.3874,0.2530,-0.0264,2.5850,0.1110,0.0062,-0.0084,13.0858,0.1199,4.6128,0.1750
3.500,4.510,1.4330,-1.2731,-90.036,1.3542,-1.5935,-90.829,0.3205,-0.0786,0.3299,-0.793,0.7883,3.2458,-0.821,0.6352,-4.8308,-90.008,5.935,-0.1556,4.902,0.3994,0.0209,0.0761,3.6481,5.8508,6.0234,nan,8.0000,6.5524,0.2595,-0.0233,2.5850,0.1160,-0.0001,-0.0073,13.2856,0.1199,2.2208,0.1750
3.550,4.881,1.4311,-1.6445,-90.655,1.3527,-1.8732,-91.112,0.2296,-0.0757,0.2417,-0.457,0.7693,3.3228,-0.535,0.6319,-5.1903,-90.577,6.038,-0.2184,5.286,0.3876,0.0263,0.0737,2.8017,6.0608,6.3418,nan,8.0000,6.7878,0.2688,-0.0188,2.5850,0.1148,-0.0091,-0.0055,13.5853,0.1200,1.6107,0.1750
3.600,5.222,1.4253,-1.9847,-91.441,1.3643,-2.1863,-91.841,0.2030,-0.0559,0.2106,-0.400,0.7903,3.3704,-0.511,0.6236,-5.5513,-91.330,6.112,-0.2284,5.637,0.4084,0.0259,0.0670,2.5885,6.1788,6.3418,nan,8.0000,6.9201,0.2741,-0.0162,2.5850,0.1149,-0.0162,-0.0038,13.8850,0.1200,1.6107,0.1750
3.650,5.561,1.4151,-2.3240,-92.117,1.3580,-2.5440,-92.747,0.2220,-0.0489,0.2273,-0.630,0.8078,3.3880,-0.569,0.6091,-5.9262,-92.178,6.225,-0.1989,5.991,0.4439,0.0215,0.0588,2.7342,6.3174,6.5106,nan,8.0000,7.0754,0.2802,-0.0121,2.5625,0.1256,-0.0290,-0.0026,14.1846,0.1200,2.5108,0.1750
3.700,5.914,1.4005,-2.6769,-92.713,1.3549,-2.8440,-92.976,0.1691,-0.0377,0.1732,-0.263,0.7855,3.4301,-0.210,0.5923,-6.2720,-92.767,6.381,-0.1480,6.363,0.4368,0.0161,0.0442,2.7431,6.2485,6.2988,nan,8.0000,6.9978,0.2771,-0.0087,2.5393,0.1252,-0.0356,-0.0071,14.4843,0.1199,3.4159,0.1750
3.750,6.271,1.3826,-3.0331,-93.094,1.3433,-3.1871,-92.428,0.1559,-0.0309,0.1590,0.666,0.6845,3.4520,0.754,0.5713,-6.6472,-93.183,6.563,-0.1041,6.742,0.4559,0.0155,0.0313,2.0260,6.3680,6.5432,nan,8.0000,7.1312,0.2824,-0.0135,2.4961,0.1322,-0.0308,-0.0086,14.7840,0.1198,4.2308,0.1750
3.800,6.648,1.3614,-3.4093,-93.411,1.3378,-3.5634,-93.119,0.1553,-0.0144,0.1559,0.292,0.7528,3.4656,0.297,0.5485,-7.0320,-93.416,6.654,-0.1263,7.132,0.4645,0.0162,0.0247,1.5210,6.5578,6.8448,nan,8.0000,7.3444,0.2909,-0.0257,2.4827,0.1425,-0.0136,-0.0045,15.0837,0.1200,1.9753,0.1750
3.850,6.969,1.3415,-3.7303,-93.797,1.3101,-3.9672,-93.514,0.2385,-0.0157,0.2390,0.283,0.7523,3.4550,0.269,0.5229,-7.4247,-93.783,6.739,-0.1449,7.466,0.5363,0.0180,0.0272,1.5125,6.7935,7.2476,nan,7.6492,7.5422,0.2987,-0.0221,2.4380,0.1415,-0.0277,-0.0018,15.4832,0.1102,2.1898,0.1750
3.900,7.344,1.3147,-4.1042,-94.623,1.2878,-4.2843,-93.979,0.1817,-0.0123,0.1821,0.644,0.7523,3.4550,0.269,0.4992,-7.7417,-94.248,6.884,-0.2536,7.862,0.4793,0.0184,0.0279,1.5185,6.5676,6.5345,nan,7.3683,7.2678,0.2878,-0.0202,2.3805,0.1266,-0.0357,-0.0047,15.7829,0.1066,1.3924,0.1750
3.950,7.344,1.3147,-4.1042,-94.623,1.2949,-4.3224,-93.698,0.2191,-0.0021,0.2191,0.925,0.7214,3.4141,0.551,0.4992,-7.7417,-94.248,6.884,-0.2536,7.862,0.4793,0.0184,0.0214,1.1642,6.8054,7.2703,nan,6.9815,7.0380,0.2787,-0.0188,2.3395,0.1123,-0.0536,-0.0012,16.1825,0.0342,3.5636,0.1750
4.000,7.742,1.2806,-4.5002,-95.386,1.2563,-4.7607,-95.147,0.2616,0.0003,0.2616,0.239,0.7597,3.4166,0.276,0.4572,-8.1796,-95.423,7.033,-0.2215,8.280,0.5214,0.0209,0.0239,1.1418,7.0503,7.6033,nan,6.5026,6.1353,0.2430,-0.0206,2.3006,0.0835,-0.0674,-0.0079,16.5820,0.0225,-0.0243,0.1750
4.050,8.121,1.2432,-4.8780,-96.072,1.2098,-5.2435,-95.092,0.3670,0.0054,0.3670,0.979,0.6454,3.3859,1.034,0.4085,-8.6382,-96.126,7.026,-0.2096,8.665,0.6026,0.0213,0.0273,1.2794,6.7375,6.6153,nan,6.3203,5.9279,0.2348,-0.0353,2.2778,0.0681,-0.0549,-0.0339,16.9816,0.0423,-1.7478,0.1825
4.100,8.561,1.1945,-5.3148,-96.815,1.1752,-5.6086,-95.765,0.2940,0.0157,0.2944,1.050,0.6479,3.3501,1.013,0.3687,-8.9665,-96.778,6.904,-0.2117,9.097,0.4938,0.0180,0.0225,1.2519,6.8210,6.9854,nan,5.8729,5.5963,0.2216,-0.0465,2.3071,0.0495,-0.0534,-0.0507,17.2813,-0.0226,-1.7478,0.1825
4.150,8.929,1.1491,-5.6802,-97.517,1.1287,-6.0606,-97.046,0.3798,0.0295,0.3809,0.472,0.7430,3.3507,0.443,0.3130,-9.4140,-97.488,6.518,-0.2982,9.431,0.5763,0.0203,0.0192,0.9456,7.0136,7.3522,nan,5.4744,5.3653,0.2125,-0.0726,2.2206,0.0323,-0.0321,-0.0759,17.7807,-0.1004,-8.5807,0.1825
4.200,9.284,1.1001,-6.0321,-98.613,1.0852,-6.3426,-98.830,0.3092,0.0318,0.3109,-0.218,0.8702,3.3416,-0.336,0.2719,-9.6828,-98.494,6.191,-0.4080,9.759,0.4929,0.0220,0.0228,1.0395,6.5744,6.0444,nan,5.3244,5.1826,0.2053,-0.0701,2.1950,0.0130,-0.0463,-0.0888,17.9805,-0.0699,-7.2468,0.1825
4.250,9.612,1.0467,-6.3559,-100.640,1.0350,-6.5932,-99.735,0.2353,0.0323,0.2375,0.905,0.7870,3.3812,0.159,0.2204,-9.9750,-99.893,5.765,-0.6371,10.052,0.4612,0.0314,0.0220,0.7009,6.1494,5.7404,nan,5.1761,5.0229,0.1989,-0.0690,2.1650,-0.0187,-0.0681,-0.1126,18.1803,-0.0397,-8.3555,0.1825
4.300,9.925,0.9849,-6.6624,-102.593,0.9710,-6.8485,-102.415,0.1846,0.0270,0.1866,0.178,0.7701,3.3930,0.245,0.1571,-10.2423,-102.659,5.426,-0.5841,10.340,0.4221,0.0129,0.0152,1.1847,5.7292,5.3520,nan,5.1024,4.9084,0.1944,-0.0524,2.1300,-0.0541,-0.0904,-0.1376,18.3801,0.0062,-7.7797,0.1825
4.350,10.216,0.9178,-6.9457,-104.373,0.9020,-7.1191,-104.196,0.1719,0.0277,0.1742,0.177,0.7701,3.3930,0.245,0.0869,-10.5127,-104.441,5.176,-0.4553,10.613,0.4094,0.0152,0.0180,1.1860,5.3717,5.2085,nan,4.9586,4.7284,0.1873,-0.0596,2.0986,-0.0826,-0.0866,-0.1438,18.5799,0.0415,-6.0331,0.1825
4.400,10.216,0.9178,-6.9457,-104.373,0.9037,-7.1023,-104.541,0.1552,0.0252,0.1572,-0.168,0.8351,3.4105,-0.100,0.0869,-10.5127,-104.441,5.176,-0.4553,10.613,0.4094,0.0152,0.0169,1.1187,5.0599,4.9667,nan,4.8086,4.5767,0.1813,-0.0699,2.0986,-0.1074,-0.0784,-0.1662,18.7797,0.0652,-4.5848,0.1825
4.450,10.500,0.8446,-7.2202,-105.706,0.8310,-7.3556,-105.652,0.1341,0.0235,0.1361,0.054,0.7821,3.4120,0.188,0.0134,-10.7677,-105.841,4.978,-0.4434,10.884,0.3900,0.0152,0.0190,1.2478,4.8387,4.8164,nan,4.7262,4.4835,0.1776,-0.0991,2.0986,-0.1217,-0.0398,-0.1870,19.0793,0.0888,-4.4986,0.1825
4.500,10.769,0.7693,-7.4779,-107.139,0.7566,-7.5936,-107.075,0.1143,0.0219,0.1164,0.064,0.8051,3.4294,0.085,-0.0650,-11.0229,-107.160,4.793,-0.4976,11.140,0.3877,0.0178,0.0197,1.1065,4.5491,4.4865,nan,4.5702,4.6077,0.1825,-0.1057,2.0195,-0.1368,-0.0484,-0.1942,19.1792,0.0129,-4.1514,0.1825
4.550,11.032,0.6887,-7.7287,-108.796,0.6933,-7.7518,-108.512,0.0204,0.0118,0.0236,0.284,0.7926,3.4878,0.201,-0.1388,-11.2392,-108.713,4.623,-0.6070,11.393,0.3528,0.0225,0.0147,0.6558,4.5423,4.5831,nan,4.4278,4.1992,0.1663,-0.1197,1.8665,-0.1439,-0.0173,-0.2095,19.4789,0.0869,-3.2680,0.1825
4.600,11.287,0.6026,-7.9689,-111.034,0.6102,-7.9626,-110.606,-0.0086,0.0048,0.0099,0.428,0.8060,3.5284,0.186,-0.2331,-11.4902,-110.792,4.506,-0.7371,11.642,0.3642,0.0071,0.0051,0.7255,4.5410,4.5831,nan,4.2969,4.0841,0.1617,-0.1255,1.7782,-0.1636,-0.0075,-0.2110,19.6787,0.0666,-3.2680,0.1825
4.650,11.544,0.5063,-8.2064,-113.478,0.5330,-8.1540,-112.334,-0.0587,0.0037,0.0588,1.144,0.6580,3.5405,0.962,-0.3213,-11.6908,-113.296,4.456,-0.8178,11.897,0.3268,0.0118,0.0057,0.4829,4.3527,4.3476,nan,4.2343,4.0082,0.1587,-0.1163,1.7242,-0.1851,-0.0350,-0.2266,19.7786,0.0846,-0.5510,0.1825
4.700,11.773,0.4110,-8.4148,-116.034,0.4173,-8.4129,-114.798,-0.0045,0.0048,0.0066,1.236,0.6056,3.5375,1.222,-0.4432,-11.9436,-116.020,4.216,-0.7747,12.112,0.3736,0.0159,0.0112,0.7047,4.5835,4.7634,nan,4.0497,3.9776,0.1575,-0.1439,1.5817,-0.1841,0.0055,-0.2773,20.0783,-0.0094,-6.4397,0.1825
4.750,12.004,0.3058,-8.6207,-118.440,0.3535,-8.5092,-117.378,-0.1208,-0.0112,0.1213,1.061,0.6481,3.5964,1.115,-0.5301,-12.0976,-118.493,4.055,-0.8280,12.334,0.3200,0.0236,0.0013,0.0569,4.1903,3.9702,nan,3.9883,3.8462,0.1523,-0.1545,1.5817,-0.1878,0.0017,-0.2921,20.1781,0.0486,-4.0474,0.1825
4.800,12.224,0.1968,-8.8121,-121.271,0.2235,-8.7669,-121.132,-0.0525,-0.0007,0.0525,0.139,0.8803,3.5246,-0.048,-0.6464,-12.2920,-121.083,3.958,-0.9299,12.550,0.3237,0.0026,0.0002,0.0702,4.0178,4.0188,nan,3.8681,3.7308,0.1478,-0.1499,1.4784,-0.2052,0.0177,-0.3182,20.3779,0.0520,-2.7110,0.1825
4.850,12.446,0.0773,-8.9988,-124.332,0.1023,-8.9434,-124.364,-0.0599,-0.0107,0.0608,-0.032,0.8803,3.5246,-0.048,-0.7675,-12.4686,-124.316,3.830,-0.8974,12.766,0.3139,0.0074,0.0009,0.1255,3.8737,3.8814,nan,3.7622,3.6224,0.1435,-0.0860,1.1109,-0.1957,0.0089,-0.3408,20.5777,0.0564,-3.3270,0.1825
4.900,12.446,0.0773,-8.9988,-124.332,0.1085,-8.9334,-124.485,-0.0716,-0.0111,0.0725,-0.153,0.9128,3.5329,-0.169,-0.7675,-12.4686,-124.316,3.830,-0.8974,12.766,0.3139,0.0074,0.0013,0.1819,3.7633,3.7767,nan,3.7121,3.5651,0.1412,-0.0871,0.9652,-0.1985,0.0331,-0.3633,20.7775,0.0649,-2.7764,0.1825
4.950,12.653,-0.0434,-9.1676,-127.043,-0.0152,-9.0992,-127.055,-0.0716,-0.0187,0.0740,-0.011,0.8509,3.5315,0.111,-0.8905,-12.6291,-127.166,3.722,-0.5904,12.968,0.3059,0.0123,0.0037,0.3039,3.6603,3.6742,nan,3.6005,3.4697,0.1374,-0.1528,0.8782,-0.1850,0.0954,-0.3900,20.9773,0.0580,-2.4722,0.1825
5.000,12.855,-0.1670,-9.3270,-128.596,-0.1324,-9.2409,-128.350,-0.0889,-0.0267,0.0928,0.246,0.7637,3.5462,0.524,-1.0131,-12.7783,-128.874,3.618,-0.4857,13.164,0.2957,0.0187,0.0041,0.2180,3.6092,3.6308,nan,3.4480,3.3704,0.1335,-0.2458,0.8782,-0.1639,0.1674,-0.4266,21.1771,0.0288,-1.9695,0.1825
5.050,13.055,-0.2939,-9.4819,-130.160,-0.2531,-9.3864,-129.502,-0.0993,-0.0304,0.1039,0.658,0.7388,3.5602,0.673,-1.1438,-12.9340,-130.175,3.537,-0.5715,13.360,0.2971,0.0259,0.0047,0.1822,3.4617,3.4652,nan,3.2527,3.1719,0.1256,-0.3572,0.8782,-0.1377,0.2235,-0.4349,21.3769,0.0239,-2.5959,0.1825
5.100,13.250,-0.4226,-9.6285,-132.761,-0.3723,-9.5108,-130.792,-0.1206,-0.0430,0.1280,1.969,0.6203,3.5839,1.202,-1.2671,-13.0710,-131.994,3.436,-0.9065,13.551,0.2867,0.0079,0.0081,1.0282,3.4407,3.4652,nan,3.1539,3.0639,0.1213,-0.3615,0.8782,-0.1024,0.2410,-0.4336,21.4767,0.0182,-2.5959,0.1825
5.150,13.436,-0.5523,-9.7610,-136.642,-0.5093,-9.6494,-134.730,-0.1079,-0.0516,0.1196,1.912,0.6707,3.5755,0.971,-1.4038,-13.2030,-135.701,3.315,-1.3393,13.733,0.2873,0.0141,0.0045,0.3217,3.3916,3.4118,nan,3.0267,2.9049,0.1150,-0.3718,0.8782,-0.0837,0.2559,-0.4278,21.6765,0.0191,-3.0068,0.1825
5.200,13.616,-0.6879,-9.8796,-141.888,-0.6398,-9.7674,-139.512,-0.1071,-0.0586,0.1221,2.376,0.6079,3.5643,1.213,-1.5296,-13.3023,-140.725,3.128,-1.7878,13.908,0.2667,0.0201,0.0049,0.2437,3.2193,3.2140,nan,3.0140,2.8268,0.1120,-0.4114,0.8782,-0.0699,0.1859,-0.4239,21.7764,0.0564,-4.3209,0.1825
5.250,13.781,-0.8223,-9.9757,-147.446,-0.7872,-9.8834,-146.079,-0.0793,-0.0588,0.0987,1.367,0.5198,3.5700,1.618,-1.6863,-13.4112,-147.697,2.910,-1.7520,14.066,0.2831,0.0256,0.0107,0.4167,3.2606,3.2946,nan,3.0263,2.8861,0.1143,-0.4014,0.8782,-0.0355,0.1471,-0.5019,21.9762,0.0392,-6.1097,0.1825
5.300,13.937,-0.9573,-10.0533,-153.177,-0.9213,-9.9630,-151.608,-0.0729,-0.0644,0.0972,1.569,0.5808,3.5371,1.258,-1.7981,-13.4638,-152.866,2.784,-1.7630,14.220,0.2546,0.0119,0.0107,0.9002,2.9179,2.7968,nan,3.0816,3.0658,0.1214,-0.4972,0.8782,-0.0271,0.1273,-0.5908,22.0761,0.0370,-4.2746,0.1825
5.350,14.092,-1.0991,-10.1169,-158.800,-1.0877,-10.0381,-157.621,-0.0391,-0.0693,0.0796,1.178,0.5765,3.5232,1.211,-1.9505,-13.5232,-158.833,2.777,-1.8029,14.378,0.2520,0.0162,0.0109,0.6753,2.8439,2.8559,nan,3.1226,3.0785,0.1219,-0.5222,0.8782,0.0003,0.1564,-0.6936,22.2759,0.0587,-0.7643,0.1825
5.400,14.230,-1.2291,-10.1610,-164.421,-1.2268,-10.0797,-162.898,-0.0241,-0.0777,0.0813,1.523,0.5765,3.5232,1.211,-2.0905,-13.5618,-164.109,2.818,-2.1571,14.524,0.2487,0.0166,0.0166,1.0012,2.8171,2.8357,nan,3.2033,3.1478,0.1247,-0.5317,0.9298,0.0241,0.1319,-0.6767,22.3758,0.0740,1.0135,0.1825
5.450,14.385,-1.3811,-10.1942,-171.609,-1.3905,-10.1181,-169.727,-0.0018,-0.0767,0.0767,1.882,0.5424,3.5160,1.297,-2.2411,-13.5869,-171.024,2.840,-2.3613,14.690,0.2404,0.0989,0.0764,0.7728,2.8184,2.8412,nan,3.2975,3.3264,0.1317,-0.4786,1.1419,0.0458,0.1330,-0.6159,22.5756,0.0571,-0.0740,0.1825
5.500,14.385,-1.3811,-10.1942,-171.609,-1.3812,-10.1176,-169.185,-0.0110,-0.0758,0.0766,2.424,0.4228,3.5342,1.839,-2.2411,-13.5869,-171.024,2.840,-2.3613,14.690,0.2404,0.0226,0.0277,1.2254,3.0150,3.1047,nan,3.3338,3.3851,0.1341,-0.4227,1.2579,0.0570,0.1267,-0.5594,22.7753,0.0326,0.0364,0.1825
5.550,14.543,-1.5378,-10.2077,-179.161,-1.5718,-10.1279,-177.918,0.0328,-0.0803,0.0868,1.243,0.5227,3.5212,1.427,-2.4336,-13.5927,-179.345,2.896,-2.2567,14.860,0.2437,0.0309,0.0295,0.9545,2.9668,2.9837,nan,3.4364,3.4917,0.1383,-0.3880,1.2449,0.0557,0.0678,-0.5345,22.8752,0.0490,2.8467,0.1825
5.600,14.711,-1.7063,-10.2001,173.536,-1.7345,-10.1129,174.202,0.0379,-0.0835,0.0916,0.666,0.6838,3.4927,0.753,-2.5970,-13.5727,173.449,3.020,-2.0781,15.044,0.2303,0.0412,0.0257,0.6240,3.1503,3.2338,nan,3.4887,3.5344,0.1400,-0.3597,1.3280,0.0644,0.0718,-0.5382,23.0750,0.0373,2.7157,0.1825
5.650,14.887,-1.8792,-10.1710,166.888,-1.9252,-10.0753,167.286,0.0665,-0.0828,0.1062,0.398,0.7767,3.4719,0.360,-2.7870,-13.5299,166.926,3.131,-1.9299,15.233,0.2248,0.0203,0.0193,0.9502,3.1987,3.2338,nan,3.5830,3.6309,0.1438,-0.3216,1.3716,0.0639,0.0128,-0.5040,23.1749,0.0423,2.7157,0.1825
5.700,15.058,-2.0446,-10.1240,160.925,-2.1086,-10.0088,160.650,0.0981,-0.0880,0.1318,-0.275,0.9221,3.4444,-0.259,-2.9699,-13.4667,160.908,3.234,-1.8444,15.416,0.2194,0.0248,0.0200,0.8037,3.3360,3.3991,nan,3.6983,3.7925,0.1502,-0.3054,1.4638,0.0636,0.0131,-0.4577,23.3747,0.0270,2.2116,0.1825
5.750,15.239,-2.2121,-10.0571,155.151,-2.2603,-9.9358,154.794,0.0947,-0.0898,0.1305,-0.357,0.9619,3.4327,-0.361,-3.1379,-13.3886,155.155,3.330,-1.6689,15.606,0.2104,0.0305,0.0129,0.4225,3.3579,3.3889,nan,3.7094,3.7905,0.1501,-0.2744,1.4734,0.0503,0.0053,-0.4419,23.5745,0.0295,1.8409,0.1825
5.800,15.427,-2.3795,-9.9710,150.020,-2.4198,-9.8354,149.373,0.1026,-0.0973,0.1414,-0.647,1.0004,3.4251,-0.471,-3.3111,-13.2882,149.843,3.496,-1.5415,15.808,0.2023,0.0347,0.0131,0.3770,3.4467,3.4944,nan,3.7810,3.8547,0.1527,-0.2586,1.5124,0.0392,0.0166,-0.4278,23.7742,0.0301,4.3298,0.1825
5.850,15.626,-2.5475,-9.8650,145.172,-2.5978,-9.7099,144.964,0.1299,-0.0986,0.1630,-0.207,0.9229,3.4486,-0.153,-3.4855,-13.1679,145.118,3.591,-1.4650,16.015,0.1955,0.0191,0.0110,0.5761,3.5890,3.6574,nan,3.9017,3.9633,0.1570,-0.2464,1.5749,0.0276,-0.0101,-0.4329,23.8741,0.0319,2.4465,0.1825
5.900,15.829,-2.7101,-9.7425,140.482,-2.7711,-9.5780,140.205,0.1517,-0.0881,0.1754,-0.277,0.9229,3.4486,-0.153,-3.6591,-13.0364,140.358,3.678,-1.4196,16.227,0.1969,0.0213,0.0130,0.6084,3.6815,3.7327,nan,4.0225,4.0358,0.1598,-0.2509,1.6155,0.0354,0.0154,-0.4584,24.0739,0.0507,1.9095,0.1825
5.950,15.829,-2.7101,-9.7425,140.482,-2.7741,-9.5707,139.687,0.1586,-0.0918,0.1833,-0.795,1.0374,3.4219,-0.671,-3.6591,-13.0364,140.358,3.678,-1.4196,16.227,0.1969,0.0213,0.0098,0.4614,3.6722,3.7005,nan,4.0723,4.1569,0.1646,-0.2322,1.6681,0.0295,0.0248,-0.3921,24.2737,0.0364,2.0177,0.1825
6.000,16.034,-2.8634,-9.6066,135.978,-2.9238,-9.4290,136.008,0.1668,-0.0857,0.1876,0.030,0.8766,3.4673,0.018,-3.8044,-12.8951,135.990,3.765,-1.4602,16.440,0.1873,0.0248,0.0175,0.7063,3.7943,3.8569,nan,4.1703,4.3379,0.1718,-0.2303,1.7648,0.0391,0.0344,-0.3366,24.4735,0.0160,1.4502,0.1825
6.050,16.243,-3.0084,-9.4557,131.306,-3.0616,-9.2809,131.335,0.1664,-0.0754,0.1827,0.028,0.8701,3.4513,0.109,-3.9560,-12.7247,131.226,3.843,-1.4230,16.657,0.1795,0.0266,0.0170,0.6382,3.8009,3.8330,nan,4.2700,4.3763,0.1733,-0.2205,1.7679,0.0405,0.0356,-0.3480,24.6733,0.0409,2.4844,0.1803
6.100,16.470,-3.1513,-9.2804,126.626,-3.1900,-9.1147,127.299,0.1561,-0.0677,0.1701,0.673,0.7989,3.4731,0.412,-4.0793,-12.5589,126.887,3.956,-1.4190,16.893,0.1710,0.0277,0.0191,0.6883,4.0903,4.3801,nan,4.4377,4.5715,0.1810,-0.2108,1.9000,0.0427,0.0276,-0.3277,24.8731,0.0236,2.7511,0.1803
6.150,16.683,-3.2726,-9.1052,122.266,-3.3312,-8.8960,121.882,0.2081,-0.0622,0.2172,-0.384,0.9568,3.4144,-0.292,-4.2251,-12.3321,122.174,4.074,-1.4120,17.118,0.1615,0.0194,0.0174,0.9008,4.0728,4.1037,nan,4.5740,4.6812,0.1854,-0.2112,1.9236,0.0597,0.0556,-0.2977,25.1727,0.0476,1.7342,0.1803
6.200,16.913,-3.3887,-8.9061,117.744,-3.4303,-8.7153,117.673,0.1882,-0.0520,0.1953,-0.071,0.8832,3.4253,0.065,-4.3272,-12.1357,117.608,4.160,-1.3838,17.357,0.1502,0.0181,0.0167,0.9222,4.0703,4.1037,nan,4.6150,4.7123,0.1866,-0.1851,1.9308,0.0468,0.0036,-0.2900,25.2726,0.0549,1.7342,0.1803
6.250,17.150,-3.4917,-8.6927,113.315,-3.5185,-8.5339,114.016,0.1565,-0.0382,0.1611,0.701,0.7947,3.4381,0.540,-4.4260,-11.9308,113.475,4.296,-1.2838,17.607,0.1508,0.0165,0.0188,1.1401,4.1219,4.1679,nan,4.6886,4.7793,0.1893,-0.1784,1.9684,0.0579,0.0015,-0.2780,25.4724,0.0591,3.0358,0.1803
6.300,17.391,-3.5800,-8.4690,109.353,-3.6144,-8.2873,110.079,0.1828,-0.0278,0.1849,0.726,0.7413,3.4405,0.809,-4.5208,-11.6652,109.270,4.434,-1.2369,17.860,0.1397,0.0148,0.0258,1.7447,4.3960,4.6514,nan,4.7911,4.9158,0.1947,-0.1780,2.1093,0.0585,0.0301,-0.2696,25.7721,0.0343,3.4193,0.1803
6.350,17.637,-3.6547,-8.2340,105.439,-3.6817,-8.0691,107.294,0.1661,-0.0179,0.1671,1.855,0.5269,3.4960,1.893,-4.5884,-11.4198,105.401,4.531,-1.2531,18.117,0.1303,0.0138,0.0325,2.3548,4.5196,4.6050,nan,4.8889,5.0015,0.1981,-0.1701,2.1696,0.0619,0.0306,-0.2688,25.9719,0.0344,2.1364,0.1803
6.400,17.894,-3.7154,-7.9841,101.386,-3.7321,-7.8315,103.027,0.1529,-0.0137,0.1535,1.641,0.5754,3.4613,1.704,-4.6413,-11.1598,101.323,4.646,-1.2415,18.387,0.1209,0.0143,0.0393,2.7567,4.5607,4.6150,nan,4.9531,5.0533,0.2001,-0.1690,2.1990,0.0685,0.0396,-0.2611,26.1716,0.0396,2.5309,0.1803
6.450,18.153,-3.7588,-7.7295,97.468,-3.7729,-7.5785,99.299,0.1515,-0.0056,0.1516,1.832,0.5754,3.4613,1.704,-4.6746,-10.9057,97.596,4.738,-1.2433,18.655,0.1109,0.0107,0.0431,4.0207,4.6393,4.7090,nan,5.0215,5.1241,0.2029,-0.1509,2.2457,0.0595,0.0270,-0.2542,26.3714,0.0386,2.1124,0.1803
6.500,18.153,-3.7588,-7.7295,97.468,-3.7710,-7.5891,99.347,0.1408,-0.0062,0.1409,1.879,0.5682,3.4543,1.751,-4.6746,-10.9057,97.596,4.738,-1.2433,18.655,0.1109,0.0107,0.0419,3.9060,4.8606,5.0507,nan,5.0994,5.2420,0.2076,-0.1391,2.3025,0.0601,0.0379,-0.2434,26.6711,0.0179,1.4871,0.1803
6.550,18.420,-3.7855,-7.4634,93.477,-3.7976,-7.3028,95.336,0.1611,0.0023,0.1611,1.860,0.5543,3.4489,1.841,-4.6950,-10.6064,93.495,4.811,-1.1662,18.932,0.1044,0.0089,0.0477,5.3347,4.9138,4.9822,nan,5.2409,5.3703,0.2127,-0.1267,2.3165,0.0567,0.0305,-0.2329,26.8709,0.0302,1.7425,0.1803
6.600,18.692,-3.7944,-7.1919,89.822,-3.8032,-7.0641,91.770,0.1277,0.0092,0.1281,1.948,0.5070,3.4273,2.105,-4.6927,-10.3260,89.665,4.889,-1.0813,19.213,0.0951,0.0076,0.0460,6.0624,4.8883,4.9305,nan,5.3578,5.4736,0.2168,-0.1178,2.3390,0.0551,0.0306,-0.2163,27.0707,0.0477,2.2162,0.1803
6.650,18.963,-3.7866,-6.9203,86.486,-3.7905,-6.8174,87.890,0.1024,0.0102,0.1029,1.405,0.6308,3.3579,1.438,-4.6753,-10.0612,86.453,4.987,-1.0108,19.496,0.0842,0.0097,0.0332,3.4190,5.0618,5.2108,nan,5.5234,5.7094,0.2261,-0.1097,2.3926,0.0640,0.0393,-0.1781,27.3704,0.0393,2.4971,0.1803
6.700,19.241,-3.7630,-6.6438,83.361,-3.7617,-6.4891,84.299,0.1538,0.0166,0.1547,0.938,0.6900,3.3506,1.101,-4.6400,-9.7522,83.197,5.095,-0.9511,19.785,0.0865,0.0048,0.0403,8.4007,5.1293,5.2108,nan,5.6652,5.8965,0.2335,-0.0933,2.4580,0.0533,0.0103,-0.1323,27.5702,0.0443,2.4971,0.1803
6.750,19.529,-3.7231,-6.3581,80.355,-3.7189,-6.2280,81.159,0.1289,0.0177,0.1301,0.804,0.7471,3.3174,0.770,-4.5939,-9.4846,80.389,5.210,-0.8196,20.086,0.0719,0.0031,0.0321,10.2978,5.0635,5.0977,nan,5.7502,5.9780,0.2368,-0.0831,2.4580,0.0484,-0.0024,-0.1176,27.8698,0.0618,2.3622,0.1803
6.800,19.828,-3.6674,-6.0644,77.887,-3.6332,-5.8909,77.722,0.1768,0.0030,0.1769,-0.165,0.8769,3.2646,0.073,-4.5218,-9.1497,77.649,5.443,-0.7214,20.408,0.0875,0.0031,0.0336,10.8985,5.2919,5.5341,nan,5.8720,6.0892,0.2412,-0.0767,2.4580,0.0384,-0.0054,-0.1298,28.1695,0.0516,5.2777,0.1803
6.850,20.133,-3.5986,-5.7680,75.664,-3.5524,-5.6231,75.621,0.1518,-0.0089,0.1521,-0.043,0.9044,3.2301,-0.063,-4.4470,-8.8581,75.684,5.604,-0.6841,20.729,0.0802,0.0043,0.0246,5.7486,5.4408,5.5902,nan,5.9909,6.1875,0.2451,-0.0648,2.4587,0.0123,-0.0050,-0.1331,28.4692,0.0508,3.7470,0.1803
6.900,20.450,-3.5149,-5.4614,73.516,-3.4540,-5.2673,74.663,0.2034,-0.0033,0.2034,1.147,0.7124,3.3320,1.199,-4.3454,-8.5103,73.464,5.739,-0.6056,21.062,0.1121,0.0015,0.0250,16.2914,5.6907,6.0395,nan,6.1414,6.3668,0.2522,-0.0553,2.4680,-0.0059,-0.0012,-0.1270,28.7688,0.0395,3.0418,0.1803
6.950,20.770,-3.4201,-5.1567,71.679,-3.4540,-5.2673,74.663,-0.1157,-0.0025,0.1157,2.984,0.7124,3.3320,1.199,-4.3454,-8.5103,73.464,5.739,-0.6056,21.395,0.2287,0.0337,0.0250,0.7407,5.8037,5.9421,nan,6.2378,6.4736,0.2564,-0.0652,2.4692,0.0090,0.0313,-0.1190,29.0685,0.0379,2.6914,0.1803
7.000,20.770,-3.4201,-5.1567,71.679,-3.3416,-4.9445,72.050,0.2262,-0.0078,0.2263,0.370,0.8232,3.2872,0.518,-4.2391,-8.1936,71.532,5.857,-0.5305,21.395,0.1220,0.0005,0.0170,33.3830,5.7759,5.8341,nan,6.3720,6.5594,0.2598,-0.0534,2.4692,0.0009,0.0330,-0.1157,29.3682,0.0582,3.1389,0.1803
7.050,21.102,-3.3118,-4.8427,70.047,-3.2303,-4.6412,70.566,0.2172,-0.0078,0.2173,0.520,0.8204,3.2954,0.574,-4.1301,-7.8957,69.992,5.994,-0.5676,21.743,0.1060,0.0011,0.0159,14.9403,5.9923,6.2815,nan,6.5641,6.7257,0.2664,-0.0448,2.4842,0.0091,0.0529,-0.1164,29.7677,0.0585,2.5665,0.1803
7.100,21.441,-3.1916,-4.5256,68.113,-3.0881,-4.3110,69.691,0.2377,-0.0160,0.2383,1.578,0.7197,3.3398,1.416,-3.9958,-7.5543,68.274,6.109,-0.5524,22.097,0.1296,0.0032,0.0140,4.3527,6.2043,6.5040,nan,6.7439,7.0728,0.2801,-0.0372,2.5724,0.0115,0.0608,-0.0402,30.0674,0.0477,2.4442,0.1803
7.150,21.786,-3.0590,-4.2067,66.486,-2.9432,-3.9590,68.977,0.2734,-0.0074,0.2735,2.491,0.5593,3.4161,2.668,-3.8420,-7.2040,66.309,6.221,-0.4564,22.457,0.1627,0.0025,0.0258,10.3287,6.2266,6.3210,nan,6.8710,7.2022,0.2852,-0.0285,2.5714,0.0293,0.0442,-0.0116,30.3671,0.0590,2.7491,0.1803
7.200,22.126,-2.9205,-3.8968,65.148,-2.8105,-3.6366,67.120,0.2824,0.0096,0.2825,1.972,0.6300,3.3864,2.104,-3.6961,-6.8919,65.015,6.346,-0.3961,22.813,0.1661,0.0012,0.0161,12.8838,6.2346,6.3210,nan,6.9246,7.2297,0.2863,-0.0320,2.5695,0.0531,0.0522,-0.0168,30.6668,0.0645,2.7491,0.1803
7.250,22.487,-2.7657,-3.5701,63.956,-2.6688,-3.3186,66.402,0.2685,0.0234,0.2696,2.446,0.5906,3.4144,2.469,-3.5464,-6.5863,63.933,6.548,-0.3449,23.199,0.1444,0.0013,0.0194,15.0109,6.2519,6.3441,nan,6.9246,7.2198,0.2859,-0.0161,2.5695,0.0611,0.0340,-0.0202,30.9665,0.0630,4.4643,0.1803
7.300,22.853,-2.6028,-3.2431,62.947,-2.4932,-2.9113,67.017,0.3454,0.0533,0.3495,4.071,0.3911,3.5006,4.165,-3.3424,-6.1855,62.853,6.719,-0.2348,23.586,0.2260,0.0038,0.0357,9.3098,6.5170,7.2220,nan,6.9246,6.9648,0.2758,-0.0110,2.4910,0.0806,0.0367,-0.0117,31.4659,0.0557,3.9117,0.1803
7.350,23.232,-2.4287,-2.9058,62.395,-2.3345,-2.5355,68.022,0.3718,0.0881,0.3821,5.627,0.2224,3.6126,5.827,-3.1680,-5.8567,62.194,6.819,-0.1368,23.981,0.2180,0.0081,0.0523,6.4811,6.6844,6.9428,nan,6.9246,6.9620,0.2757,-0.0234,2.4576,0.1205,0.0593,0.0237,31.7656,0.0415,2.4555,0.1803
7.400,23.613,-2.2511,-2.5688,62.004,-2.1678,-2.1793,66.547,0.3830,0.1093,0.3983,4.543,0.3651,3.5493,4.583,-2.9826,-5.5078,61.964,6.790,-0.1963,24.364,0.2317,0.0020,0.0548,27.5460,6.8295,7.0660,nan,6.9246,7.0013,0.2773,-0.0346,2.4239,0.1705,0.0776,0.0387,32.1652,0.0252,-0.6191,0.1803
7.450,23.939,-2.0971,-2.2820,61.352,-2.0228,-1.8688,65.422,0.3982,0.1329,0.4198,4.071,0.4302,3.5239,3.974,-2.8208,-5.2098,61.448,6.774,-0.2716,24.693,0.2449,0.0039,0.0511,13.1629,6.8574,6.9769,nan,6.9246,7.0088,0.2776,-0.0021,2.3936,0.1572,0.0249,0.0588,32.5647,0.0221,-0.4293,0.1803
7.500,24.331,-1.9059,-1.9389,60.208,-1.8710,-1.5504,64.464,0.3545,0.1628,0.3901,4.256,0.4302,3.5239,3.974,-2.6473,-4.9026,60.490,6.771,-0.1250,25.091,0.2051,0.0030,0.0504,17.0301,6.6690,6.6627,nan,6.6741,6.7675,0.2680,0.0316,2.3904,0.1424,-0.0223,0.0611,32.8644,0.0148,-0.2033,0.1803
7.550,24.331,-1.9059,-1.9389,60.208,-1.8535,-1.5650,63.435,0.3505,0.1404,0.3776,3.227,0.5384,3.4672,2.945,-2.6473,-4.9026,60.490,6.771,-0.1250,25.091,0.2051,0.0030,0.0275,9.2809,6.8702,7.2143,nan,6.3374,6.5661,0.2600,0.0788,2.3894,0.0900,-0.0704,0.0542,33.2640,-0.0443,0.2138,0.1803
7.600,24.697,-1.7238,-1.6215,60.142,-1.6520,-1.1583,63.625,0.4375,0.1683,0.4687,3.483,0.4645,3.5173,3.824,-2.4236,-4.5240,59.801,6.772,0.1036,25.462,0.2771,0.0042,0.0146,3.4776,6.6032,6.5339,nan,6.1794,5.8261,0.2307,0.0826,2.3291,0.0919,-0.0504,0.0483,33.5636,0.0427,-1.9413,0.1803
7.650,25.047,-1.5512,-1.3172,61.074,-1.5230,-0.9326,63.947,0.3502,0.1613,0.3856,2.873,0.4964,3.4808,3.516,-2.2863,-4.2812,60.431,6.690,0.3361,25.808,0.2069,0.0041,0.0165,4.0132,6.7998,7.1246,nan,5.7983,5.5598,0.2202,0.0936,2.2883,0.0651,-0.0422,0.0927,33.8633,-0.0334,-1.2704,0.1803
7.700,25.391,-1.3884,-1.0138,63.239,-1.3587,-0.5715,65.829,0.4083,0.1727,0.4433,2.590,0.4742,3.4611,3.685,-2.0884,-3.9065,62.143,6.538,0.8217,26.142,0.2861,0.0039,0.0169,4.3376,6.3848,6.0258,nan,5.7229,5.4757,0.2169,0.0780,2.2388,0.0777,0.0013,0.1200,34.1630,0.0056,-8.3862,0.1803
7.750,25.746,-1.2343,-0.6945,65.886,-1.2283,-0.2793,68.915,0.3814,0.1641,0.4152,3.029,0.5514,3.4704,3.010,-1.9741,-3.6511,65.905,6.152,0.8647,26.465,0.2124,0.0147,0.0517,3.5146,5.9886,5.7170,nan,5.5724,5.3130,0.2104,0.0795,2.1289,0.0811,0.0054,0.1400,34.4627,0.0372,-7.7985,0.1803
7.800,26.074,-1.1058,-0.3923,68.640,-1.1045,0.0037,70.536,0.3693,0.1431,0.3960,1.896,0.6467,3.4471,1.985,-1.8695,-3.3807,68.551,5.819,0.7638,26.769,0.1752,0.0121,0.0374,3.0846,5.7397,5.6933,nan,5.2523,5.0314,0.1993,0.0980,2.1289,0.0642,0.0083,0.1512,34.6624,0.0252,-7.7985,0.1803
7.850,26.393,-0.9942,-0.0933,70.885,-0.9949,0.3037,72.752,0.3749,0.1307,0.3970,1.867,0.6775,3.4332,1.620,-1.7602,-3.0810,71.132,5.591,0.6839,27.072,0.1753,0.0065,0.0162,2.4789,5.6391,5.6688,nan,4.9818,4.8221,0.1910,0.1338,2.0759,0.0201,-0.0239,0.1665,34.9621,-0.0046,-5.1675,0.1803
7.900,26.695,-0.8996,0.1932,73.013,-0.9147,0.5869,74.424,0.3721,0.1294,0.3940,1.411,0.6986,3.4474,1.384,-1.6819,-2.8207,73.040,5.379,0.7360,27.358,0.1464,0.0051,0.0152,2.9908,5.3708,5.3134,nan,4.8839,4.6929,0.1859,0.1499,2.0038,0.0012,-0.0571,0.1796,35.2618,0.0228,-4.7874,0.1803
7.950,26.986,-0.8206,0.4733,76.274,-0.8435,0.8210,75.815,0.3323,0.1047,0.3484,-0.459,0.7451,3.3844,0.495,-1.6107,-2.5496,75.321,5.041,1.1316,27.626,0.1364,0.0133,0.0086,0.6502,5.2140,5.2198,nan,4.6086,4.4322,0.1755,0.1590,1.9377,-0.0141,-0.0578,0.1791,35.4616,0.0076,-7.3183,0.1803
8.000,27.256,-0.7633,0.7372,79.903,-0.7821,1.0718,79.216,0.3261,0.0772,0.3351,-0.686,0.8141,3.3431,-0.720,-1.5676,-2.2913,79.936,4.791,1.1613,27.881,0.1299,0.0244,0.0175,0.7178,4.9664,4.9275,nan,4.5211,4.2963,0.1701,0.1682,1.8921,-0.0167,-0.0164,0.1801,35.6614,0.0424,-6.0839,0.1803
8.050,27.531,-0.7229,1.0085,83.810,-0.7555,1.3024,82.937,0.2887,0.0641,0.2957,-0.873,0.8141,3.3431,-0.720,-1.5438,-2.0603,83.657,4.523,1.1759,28.140,0.0907,0.0252,0.0316,1.2548,4.6315,4.5218,nan,4.3317,4.0549,0.1606,0.1837,1.8224,-0.0358,-0.0144,0.1752,35.8612,0.0752,-6.2716,0.1803
8.100,27.531,-0.7229,1.0085,83.810,-0.7421,1.2792,82.297,0.2670,0.0483,0.2714,-1.513,0.8502,3.3022,-1.360,-1.5438,-2.0603,83.657,4.523,1.1759,28.140,0.0907,0.0252,0.0127,0.5032,4.5659,4.5942,nan,4.1319,3.9081,0.1548,0.1978,1.7966,-0.0452,0.0007,0.1909,36.0609,0.0443,-4.8884,0.1787
8.150,27.765,-0.7037,1.2422,87.359,-0.7139,1.5566,85.369,0.3135,0.0247,0.3145,-1.990,0.8864,3.2994,-2.167,-1.5333,-1.8021,87.536,4.328,1.2021,28.364,0.1163,0.0269,0.0096,0.3560,4.2012,4.0602,nan,4.0568,3.8091,0.1509,0.2109,1.6387,-0.0497,0.0003,0.2494,36.2607,0.0847,-5.5740,0.1787
8.200,27.993,-0.6995,1.4699,91.098,-0.7068,1.7394,88.719,0.2696,0.0022,0.2696,-2.379,0.8989,3.2820,-2.418,-1.5392,-1.6089,91.137,4.123,1.2186,28.582,0.0862,0.0325,0.0119,0.3673,3.9829,3.9688,nan,3.8962,3.6144,0.1431,0.2128,1.4997,-0.0460,0.0072,0.2428,36.4605,0.0996,-4.8873,0.1787
8.250,28.202,-0.7094,1.6791,94.793,-0.7119,1.8915,91.989,0.2119,-0.0152,0.2125,-2.804,0.9050,3.2417,-2.528,-1.5558,-1.4201,94.517,3.952,1.2211,28.783,0.0714,0.0416,0.0105,0.2537,4.0845,4.1440,nan,3.8126,3.5608,0.1410,0.2099,1.4018,-0.0342,0.0471,0.2385,36.5604,0.0686,-2.4433,0.1787
8.300,28.408,-0.7325,1.8832,98.654,-0.7284,2.0764,94.759,0.1904,-0.0331,0.1933,-3.896,0.9409,3.1422,-4.001,-1.5909,-1.1796,98.759,3.803,1.2560,28.982,0.1088,0.0494,0.0130,0.2640,3.7014,3.5136,nan,3.8126,3.8160,0.1511,0.2036,1.3938,-0.0238,0.0581,0.2563,36.6603,0.0286,-4.6857,0.1787
8.350,28.612,-0.7693,2.0838,102.542,-0.7543,2.1918,98.794,0.1022,-0.0381,0.1091,-3.749,0.9376,3.1132,-3.746,-1.6281,-1.0299,102.540,3.633,1.1913,29.179,0.0689,0.0240,0.0197,0.8218,3.6229,3.6406,nan,3.6145,3.3760,0.1337,0.2004,1.2434,-0.0133,0.0587,0.3362,36.8601,0.0932,-2.8550,0.1787
8.400,28.812,-0.8187,2.2780,106.293,-0.7953,2.3781,102.640,0.0895,-0.0505,0.1028,-3.653,0.9420,3.0925,-3.744,-1.6870,-0.8264,106.384,3.549,1.1373,29.377,0.0822,0.0371,0.0212,0.5718,3.6129,3.6406,nan,3.4329,3.2586,0.1291,0.1961,1.2399,0.0127,0.0866,0.3741,36.9600,0.0565,-2.8550,0.1787
8.450,29.010,-0.8796,2.4662,109.886,-0.8445,2.5425,106.319,0.0598,-0.0590,0.0840,-3.567,0.9437,3.0844,-3.551,-1.7512,-0.6515,109.870,3.600,1.0989,29.579,0.0769,0.0406,0.0224,0.5514,3.5052,3.5170,nan,3.3559,3.1544,0.1249,0.1958,1.2029,0.0306,0.0632,0.3766,37.1598,0.0674,2.1019,0.1787
8.500,29.200,-0.9490,2.6433,113.205,-0.9207,2.7271,109.678,0.0659,-0.0590,0.0885,-3.527,0.9420,3.0566,-3.761,-1.8371,-0.4510,113.438,3.348,1.0171,29.757,0.1039,0.0458,0.0207,0.4516,3.6315,3.6938,nan,3.2001,3.0374,0.1203,0.2092,1.1405,0.0490,0.0426,0.3990,37.3595,0.0225,-6.7258,0.1787
8.550,29.382,-1.0252,2.8090,116.394,-0.9884,2.8663,112.905,0.0350,-0.0584,0.0681,-3.489,0.9304,3.0750,-3.470,-1.9026,-0.3245,116.375,3.177,1.0170,29.932,0.0753,0.0227,0.0355,1.5615,3.2843,3.1654,nan,3.2001,3.0001,0.1188,0.2024,1.1012,0.0717,0.0411,0.4158,37.4594,0.0736,-4.5229,0.1787
8.600,29.556,-1.1064,2.9623,119.614,-1.0700,3.0067,116.721,0.0207,-0.0536,0.0574,-2.893,0.9287,3.0695,-2.937,-1.9929,-0.1651,119.659,3.039,0.9579,30.100,0.0859,0.0330,0.0215,0.6506,3.2054,3.2197,nan,3.0518,2.9155,0.1155,0.1897,0.9918,0.0909,0.0108,0.4523,37.6592,0.0458,-4.0340,0.1787
8.650,29.556,-1.1064,2.9623,119.614,-1.0700,3.0067,116.721,0.0207,-0.0536,0.0574,-2.893,0.9287,3.0695,-2.937,-1.9929,-0.1651,119.659,3.039,0.9579,30.100,0.0859,0.0330,0.0215,0.6506,3.0185,3.0067,nan,2.9779,2.8169,0.1116,0.1697,0.9480,0.1147,0.0186,0.4741,37.7591,0.0656,-1.9486,0.1787
8.700,29.721,-1.1916,3.1038,122.582,-1.1602,3.1637,120.335,0.0335,-0.0587,0.0676,-2.247,0.9237,3.0936,-2.579,-2.0850,-0.0238,122.914,2.969,0.8843,30.262,0.0923,0.0372,0.0099,0.2652,2.7552,2.7076,nan,2.9028,2.8895,0.1144,0.1502,0.8653,0.1212,0.0124,0.5022,37.8590,0.0336,-2.3497,0.1787
8.750,29.885,-1.2829,3.2396,125.355,-1.2378,3.2697,123.395,-0.0015,-0.0542,0.0543,-1.960,0.9164,3.1243,-1.842,-2.1577,0.0761,125.238,2.888,0.8531,30.423,0.0687,0.0436,0.0045,0.1040,2.9669,3.0669,nan,2.7499,2.6560,0.1052,0.2781,0.9005,0.1301,-0.0377,0.5702,38.0588,0.0239,-0.9686,0.1787
8.800,30.041,-1.3762,3.3655,127.726,-1.3443,3.4256,126.229,0.0280,-0.0620,0.0680,-1.497,0.9198,3.1291,-1.816,-2.2723,0.2246,128.045,2.820,0.6698,30.576,0.0915,0.0492,0.0068,0.1381,2.8010,2.7934,nan,2.5052,2.4302,0.0962,0.3689,0.8501,0.1201,-0.0717,0.5987,38.1587,0.0081,0.0559,0.1787
8.850,30.199,-1.4751,3.4887,129.840,-1.4342,3.5395,128.352,0.0128,-0.0640,0.0652,-1.488,0.9164,3.1523,-1.440,-2.3596,0.3280,129.792,2.803,0.7325,30.734,0.0782,0.0301,0.0080,0.2654,2.8883,2.9299,nan,2.4947,2.4487,0.0970,0.4981,0.8766,0.1027,-0.1583,0.6563,38.3585,-0.0119,-4.2418,0.1787
8.900,30.330,-1.5610,3.5871,132.825,-1.5391,3.6703,131.251,0.0461,-0.0726,0.0860,-1.574,0.9160,3.2024,-0.646,-2.4603,0.4402,131.897,2.665,1.1574,30.860,0.0937,0.0288,0.0074,0.2571,2.6265,2.5779,nan,2.4841,2.2895,0.0907,0.5986,0.8000,0.0747,-0.1821,0.3670,38.5582,0.0613,-1.8314,0.1787
8.950,30.472,-1.6612,3.6878,137.308,-1.6325,3.7589,135.933,0.0271,-0.0717,0.0767,-1.375,0.9160,3.2024,-0.646,-2.5547,0.5278,136.579,2.446,1.5046,30.996,0.0872,0.0329,0.0041,0.1234,2.5660,2.5779,nan,2.5045,2.4229,0.0960,0.6255,0.8000,0.0730,-0.1575,0.7333,38.6581,0.0349,-1.8314,0.1787
9.000,30.604,-1.7618,3.7727,142.915,-1.7330,3.8327,141.068,0.0132,-0.0652,0.0665,-1.847,0.9080,3.1890,-0.935,-2.6512,0.6005,142.002,2.356,1.9004,31.128,0.0843,0.0413,0.0075,0.1824,2.4077,2.3984,nan,2.3617,2.3721,0.0939,0.6240,0.8000,0.0754,-0.1280,0.9496,38.7580,0.0031,-2.7065,0.1787
9.050,30.733,-1.8693,3.8452,149.576,-1.8496,3.9141,147.387,0.0179,-0.0694,0.0716,-2.189,0.9011,3.1553,-1.766,-2.7728,0.6736,149.153,2.283,2.1930,31.261,0.0981,0.0600,0.0113,0.1885,2.4135,2.4337,nan,2.2634,2.3187,0.0918,0.6398,0.8000,0.0760,-0.0896,0.9114,38.8579,-0.0237,-2.1221,0.1787
9.100,30.857,-1.9794,3.9014,156.610,-1.9588,3.9737,153.861,0.0098,-0.0746,0.0752,-2.750,0.8906,3.1234,-2.592,-2.8849,0.7206,156.452,2.223,2.2335,31.388,0.1017,0.0683,0.0138,0.2015,2.3174,2.3213,nan,2.2093,2.2183,0.0879,0.6521,0.8000,0.0691,-0.0618,0.8848,38.9578,-0.0033,-2.3300,0.1787
9.150,30.980,-2.0948,3.9431,163.806,-2.0886,4.0367,161.176,0.0202,-0.0916,0.0938,-2.630,0.8858,3.1415,-2.624,-3.0123,0.7580,163.801,2.165,2.2300,31.515,0.1144,0.0241,0.0376,1.5578,2.3172,2.3356,nan,2.1672,2.0571,0.0815,0.7150,0.8000,0.0549,-0.1370,0.8827,39.1576,0.0332,-2.2321,0.1787
9.200,31.098,-2.2105,3.9691,170.916,-2.2085,4.0606,168.293,0.0125,-0.0907,0.0915,-2.623,0.8858,3.1415,-2.624,-3.1331,0.7764,170.917,2.076,2.1953,31.636,0.1213,0.0322,0.0321,0.9954,2.2498,2.2581,nan,2.1489,2.0608,0.0816,0.7482,0.8000,0.0336,-0.1216,1.0072,39.2575,0.0312,-2.9146,0.1787
9.250,31.098,-2.2105,3.9691,170.916,-2.2202,4.0748,168.322,0.0263,-0.1029,0.1061,-2.594,0.8746,3.1573,-2.595,-3.1331,0.7764,170.917,2.076,2.1953,31.636,0.1213,0.0322,0.0362,1.1244,2.1732,2.1793,nan,2.1489,2.0926,0.0829,0.7763,0.8000,0.0027,-0.1207,1.1761,39.3574,0.0282,-4.3240,0.1787
9.300,31.208,-2.3198,3.9798,178.012,-2.3429,4.1049,175.553,0.0275,-0.1243,0.1273,-2.459,0.8692,3.1714,-2.465,-3.2493,0.7945,178.018,1.940,2.2680,31.747,0.1261,0.0356,0.0389,1.0935,1.9874,1.9656,nan,2.2034,2.1674,0.0858,0.7467,0.8000,-0.0033,-0.1211,1.2162,39.4573,0.0450,-2.1416,0.1787
9.350,31.313,-2.4247,3.9768,-174.707,-2.4345,4.1039,-177.257,-0.0020,-0.1274,0.1275,-2.550,0.8753,3.1897,-2.247,-3.3431,0.7837,-175.010,1.890,2.3286,31.858,0.1174,0.0432,0.0299,0.6938,2.0499,2.0775,nan,2.2866,2.2461,0.0890,0.7597,0.8000,-0.0183,-0.1170,1.2690,39.5572,0.0490,-1.5559,0.1787
9.400,31.418,-2.5284,3.9602,-167.095,-2.5589,4.0844,-169.198,0.0020,-0.1278,0.1279,-2.103,0.8765,3.2026,-1.941,-3.4632,0.7649,-167.257,1.879,2.3137,31.973,0.1337,0.0165,0.0571,3.4715,2.0452,2.0607,nan,2.3511,2.3313,0.0923,0.7390,0.8000,-0.0290,-0.1232,1.2091,39.6570,0.0493,0.4962,0.1787
9.450,31.528,-2.6339,3.9285,-159.367,-2.6685,4.0361,-160.615,-0.0056,-0.1128,0.1130,-1.248,0.8906,3.2321,-1.309,-3.5765,0.7224,-159.306,1.917,2.3838,32.096,0.1444,0.0224,0.0361,1.6095,2.0445,2.0607,nan,2.4051,2.4542,0.0972,0.6988,0.8000,-0.0277,-0.1129,1.0600,39.7569,0.0334,0.4962,0.1787
9.500,31.631,-2.7276,3.8863,-152.051,-2.7644,3.9785,-153.058,-0.0107,-0.0986,0.0992,-1.007,0.9009,3.2536,-0.873,-3.6759,0.6689,-152.186,1.976,2.2977,32.212,0.1538,0.0224,0.0354,1.5834,2.0735,2.0947,nan,2.4942,2.5434,0.1007,0.6037,0.8000,-0.0180,-0.0845,1.0322,39.8568,0.0407,-0.0015,0.1787
9.550,31.733,-2.8149,3.8335,-145.355,-2.8564,3.9097,-146.152,-0.0092,-0.0863,0.0868,-0.797,0.9095,3.2687,-0.585,-3.7723,0.6026,-145.568,2.089,2.3799,32.331,0.1676,0.0213,0.0397,1.8647,2.1846,2.2258,nan,2.5895,2.6191,0.1037,0.5698,0.8000,-0.0151,-0.0647,0.9975,39.9567,0.0453,3.2291,0.1787
9.600,31.851,-2.9077,3.7613,-138.733,-2.9514,3.8136,-138.203,-0.0017,-0.0681,0.0682,0.530,0.9249,3.2776,-0.389,-3.8798,0.5097,-137.814,2.246,2.0784,32.464,0.1903,0.0243,0.0427,1.7558,2.3415,2.4013,nan,2.7782,2.8786,0.1140,0.4995,0.8822,-0.0148,-0.1015,0.7321,40.1565,0.0297,0.6409,0.1787
9.650,31.980,-2.9999,3.6706,-132.013,-3.0442,3.7071,-131.576,0.0025,-0.0573,0.0574,0.437,0.9342,3.3089,0.069,-3.9779,0.4029,-131.645,2.377,1.9633,32.607,0.2036,0.0298,0.0489,1.6402,2.3887,2.4160,nan,2.8545,2.9650,0.1174,0.4887,0.9053,-0.0102,-0.0960,0.6523,40.2564,0.0311,2.5663,0.1787
9.700,32.116,-3.0857,3.5649,-125.784,-3.1158,3.5941,-125.690,-0.0061,-0.0414,0.0419,0.094,0.9376,3.3269,0.466,-4.0511,0.3001,-126.156,2.554,2.0117,32.760,0.1914,0.0128,0.0303,2.3737,2.3952,2.4153,nan,2.9148,3.0166,0.1195,0.4260,0.9078,-0.0068,-0.0653,0.6094,40.3562,0.0402,4.5618,0.1787
9.750,32.263,-3.1651,3.4412,-119.298,-3.2123,3.4293,-118.910,0.0335,-0.0354,0.0487,0.388,0.9376,3.3269,0.466,-4.1490,0.1362,-119.376,2.690,1.8650,32.920,0.2304,0.0173,0.0519,3.0007,2.6973,2.9388,nan,3.0847,3.0982,0.1227,0.3657,1.0223,-0.0105,-0.0825,0.7189,40.5561,0.0510,2.5808,0.1787
9.800,32.263,-3.1651,3.4412,-119.298,-3.1986,3.4188,-118.193,0.0360,-0.0183,0.0404,1.105,0.9523,3.3682,1.183,-4.1490,0.1362,-119.376,2.690,1.8650,32.920,0.2304,0.0173,0.0365,2.1121,2.8282,2.8831,nan,3.2662,3.3528,0.1328,0.2756,1.1785,0.0043,-0.1044,0.5189,40.7559,0.0365,3.1807,0.1787
9.850,32.414,-3.2327,3.3059,-113.529,-3.2573,3.2722,-112.278,0.0407,-0.0092,0.0417,1.251,0.9539,3.3538,0.931,-4.2120,-0.0131,-113.209,2.806,1.6671,33.081,0.2362,0.0231,0.0367,1.5912,2.8046,2.8236,nan,3.3611,3.4601,0.1370,0.2485,1.2056,-0.0014,-0.0862,0.4572,40.8558,0.0482,3.3216,0.1787
9.900,32.575,-3.2903,3.1558,-108.273,-3.2940,3.1334,-107.392,0.0224,0.0035,0.0227,0.881,0.9612,3.3598,0.939,-4.2583,-0.1566,-108.331,2.933,1.4462,33.250,0.2234,0.0250,0.0292,1.1703,3.0203,3.1241,nan,3.5558,3.6936,0.1463,0.1845,1.3755,-0.0048,-0.0990,0.3478,41.0555,0.0375,4.9176,0.1787
9.950,32.746,-3.3379,2.9921,-104.070,-3.3384,2.9427,-102.817,0.0480,0.0115,0.0494,1.253,0.9626,3.3427,0.717,-4.3056,-0.3462,-103.534,3.131,1.2401,33.432,0.2418,0.0146,0.0186,1.2744,3.1379,3.1915,nan,3.7432,3.8826,0.1538,0.1445,1.4127,-0.0185,-0.0688,0.2895,41.1554,0.0475,3.6240,0.1787
10.000,32.922,-3.3753,2.8197,-100.183,-3.3712,2.7687,-99.470,0.0495,0.0130,0.0511,0.713,0.9588,3.3456,0.755,-4.3373,-0.5198,-100.225,3.279,1.0569,33.618,0.2389,0.0174,0.0208,1.1936,3.2604,3.3163,nan,3.8331,4.0134,0.1589,0.1101,1.4152,-0.0313,-0.0703,0.1809,41.3552,0.0353,3.6240,0.1787
10.050,33.115,-3.4043,2.6288,-97.034,-3.3927,2.5611,-95.678,0.0658,0.0198,0.0687,1.356,0.9633,3.3662,0.983,-4.3691,-0.7302,-96.661,3.478,0.8253,33.823,0.2558,0.0218,0.0162,0.7404,3.3803,3.4380,nan,4.0908,4.2454,0.1681,0.0900,1.3585,-0.0515,-0.0605,0.1469,41.5550,0.0609,4.9778,0.1787
10.100,33.312,-3.4243,2.4329,-94.536,-3.4048,2.3532,-93.563,0.0779,0.0258,0.0821,0.973,0.9659,3.3477,0.824,-4.3845,-0.9315,-94.388,3.674,0.6220,34.032,0.2572,0.0248,0.0140,0.5641,3.4737,3.5228,nan,4.0610,4.2478,0.1682,0.0641,1.2948,-0.0536,-0.0619,0.1256,41.7548,0.0385,4.7906,0.1776
10.150,33.518,-3.4377,2.2273,-92.892,-3.4091,2.1532,-91.971,0.0726,0.0323,0.0794,0.922,0.9724,3.3485,0.620,-4.3941,-1.1478,-92.591,3.920,0.5442,34.253,0.2637,0.0268,0.0104,0.3881,3.6553,3.7453,nan,3.8441,4.1385,0.1639,0.0245,1.2825,-0.0678,-0.0673,0.0766,41.9546,-0.0311,6.0394,0.1776
10.200,33.741,-3.4464,2.0040,-91.617,-3.4088,1.9101,-90.269,0.0928,0.0403,0.1012,1.348,0.9685,3.3667,0.932,-4.4004,-1.3851,-91.201,4.038,0.2302,34.484,0.2741,0.0161,0.0064,0.3951,3.9046,4.0638,nan,3.6316,3.6819,0.1458,-0.0338,1.2483,-0.0814,-0.0566,-0.0350,42.1543,-0.0276,3.0808,0.1776
10.250,33.964,-3.4516,1.7817,-91.123,-3.4085,1.6622,-89.952,0.1186,0.0454,0.1270,1.171,0.9685,3.3667,0.932,-4.4043,-1.6330,-90.884,4.028,0.0809,34.706,0.2952,0.0185,0.0080,0.4338,4.1306,4.2688,nan,3.3393,3.2087,0.1271,-0.1024,1.2007,-0.0914,-0.0426,-0.1411,42.3541,-0.0296,0.2618,0.1776
10.300,33.964,-3.4516,1.7817,-91.123,-3.4111,1.6546,-90.406,0.1263,0.0430,0.1334,0.717,0.9794,3.3243,0.478,-4.4043,-1.6330,-90.884,4.028,0.0809,34.706,0.2952,0.0185,0.0098,0.5329,3.9925,4.0019,nan,3.1430,3.0697,0.1216,-0.1718,1.1606,-0.1023,-0.0182,-0.2389,42.5539,-0.0524,-5.7980,0.1776
10.350,34.182,-3.4564,1.5636,-91.715,-3.4096,1.4546,-90.573,0.1076,0.0500,0.1186,1.143,0.9888,3.3278,0.279,-4.4075,-1.8518,-90.852,3.779,-0.2914,34.909,0.2950,0.0210,0.0107,0.5096,3.6280,3.4896,nan,3.0362,2.9378,0.1163,-0.1535,1.0546,-0.1107,-0.0055,-0.3265,42.7537,-0.0155,-8.1039,0.1776
10.400,34.382,-3.4647,1.3635,-93.433,-3.4151,1.2902,-92.258,0.0702,0.0539,0.0885,1.175,0.9888,3.3284,0.363,-4.4167,-2.0102,-92.621,3.412,-0.6144,35.089,0.2601,0.0234,0.0144,0.6157,3.3588,3.3159,nan,3.0362,2.8879,0.1144,-0.1665,0.9764,-0.1179,-0.0223,-0.3691,42.8536,0.0299,-6.4612,0.1776
10.450,34.565,-3.4792,1.1809,-96.138,-3.4386,1.1158,-95.577,0.0604,0.0474,0.0768,0.560,1.0030,3.2853,-0.188,-4.4345,-2.1841,-95.389,3.160,-0.7642,35.260,0.2548,0.0136,0.0141,1.0350,3.1197,3.0894,nan,2.8335,2.6826,0.1062,-0.2127,0.9069,-0.1191,0.0198,-0.4306,43.0534,0.0337,-4.9494,0.1776
10.500,34.734,-3.5002,1.0140,-98.452,-3.4665,0.9556,-98.556,0.0528,0.0419,0.0674,-0.104,0.9919,3.3051,0.065,-4.4611,-2.3444,-98.621,2.978,-0.7630,35.420,0.2528,0.0156,0.0065,0.4184,3.0716,3.0894,nan,2.6829,2.5512,0.1010,-0.2094,0.8929,-0.1388,-0.0007,-0.4384,43.1533,0.0155,-4.9494,0.1776
10.550,34.900,-3.5279,0.8500,-100.927,-3.4953,0.8183,-101.001,0.0249,0.0380,0.0454,-0.074,0.9971,3.2977,-0.080,-4.4889,-2.4857,-100.921,2.852,-0.8151,35.581,0.2354,0.0172,0.0073,0.4234,2.8491,2.8221,nan,2.6299,2.4598,0.0974,-0.2719,0.8282,-0.1408,0.0143,-0.4684,43.2532,0.0458,-2.9507,0.1776
10.600,35.047,-3.5588,0.7065,-103.657,-3.5294,0.6768,-102.922,0.0219,0.0356,0.0418,0.736,0.9724,3.3524,0.498,-4.5249,-2.6363,-103.420,2.624,-0.8551,35.719,0.2441,0.0168,0.0104,0.6207,2.8443,2.8664,nan,2.4992,2.4153,0.0957,-0.3501,0.8268,-0.1401,0.0744,-0.5929,43.4529,0.0052,-6.6085,0.1776
10.650,35.188,-3.5959,0.5699,-107.012,-3.5646,0.5569,-105.477,0.0033,0.0338,0.0339,1.535,0.9528,3.3895,0.924,-4.5625,-2.7593,-106.402,2.458,-1.1232,35.855,0.2343,0.0294,0.0131,0.4449,2.6084,2.5735,nan,2.3994,2.3145,0.0917,-0.4220,0.8000,-0.1381,0.1001,-0.7048,43.5528,0.0198,-2.6069,0.1776
10.700,35.321,-3.6389,0.4445,-111.142,-3.6119,0.4391,-109.504,-0.0047,0.0272,0.0276,1.638,0.9435,3.3978,1.029,-4.6078,-2.8764,-110.533,2.370,-1.3702,35.986,0.2300,0.0089,0.0236,2.6610,2.4450,2.4348,nan,2.3369,2.2555,0.0893,-0.4696,0.8000,-0.1359,0.0986,-0.7559,43.6528,0.0289,-2.8069,0.1776
10.750,35.450,-3.6903,0.3259,-116.009,-3.6670,0.3195,-114.479,-0.0044,0.0238,0.0242,1.529,0.9435,3.3978,1.029,-4.6650,-2.9951,-115.508,2.263,-1.5805,36.114,0.2342,0.0123,0.0140,1.1332,2.3885,2.3995,nan,2.3067,2.1621,0.0856,-0.5743,0.8000,-0.1358,0.0774,-0.5895,43.7527,0.0520,-3.4509,0.1776
10.800,35.557,-3.7406,0.2321,-120.545,-3.7229,0.2359,-119.718,-0.0123,0.0133,0.0181,0.827,0.9471,3.4124,1.014,-4.7255,-3.0934,-120.732,2.181,-1.6756,36.219,0.2446,0.1237,0.0904,0.7313,2.3008,2.3061,nan,2.2296,2.0436,0.0809,-0.5979,0.8000,-0.1425,0.0436,-0.5799,43.8525,0.0652,-3.1722,0.1776
10.850,35.557,-3.7406,0.2321,-120.545,-3.7229,0.2359,-119.718,-0.0123,0.0133,0.0181,0.827,0.9471,3.4124,1.014,-4.7255,-3.0934,-120.732,2.181,-1.6756,36.219,0.2446,0.0092,0.0057,0.6199,2.0742,2.0368,nan,2.2296,2.2088,0.0875,-0.6359,0.8000,-0.1398,0.0335,-0.8814,43.9524,0.0337,-3.2014,0.1776
10.900,35.675,-3.8058,0.1330,-126.542,-3.7666,0.1794,-124.480,-0.0606,0.0039,0.0608,2.062,0.9495,3.4381,1.074,-4.7763,-3.1697,-125.554,2.082,-1.9106,36.339,0.2187,0.0160,0.0120,0.7496,2.2356,2.2958,nan,2.1585,2.1030,0.0833,-0.6619,0.8000,-0.1495,0.1102,-1.0359,44.1522,0.0225,-2.6305,0.1776
10.950,35.786,-3.8764,0.0476,-132.600,-3.8581,0.0720,-131.312,-0.0303,-0.0030,0.0305,1.288,0.9358,3.4592,1.328,-4.8711,-3.2752,-132.640,1.978,-1.9303,36.450,0.2501,0.0296,0.0053,0.1782,2.0288,1.9999,nan,2.0883,2.0901,0.0828,-0.6848,0.8000,-0.1507,0.1262,-1.1129,44.2521,0.0153,0.0237,0.1776
11.000,35.900,-3.9579,-0.0315,-139.248,-3.9255,-0.0130,-136.822,-0.0366,0.0071,0.0373,2.426,0.8957,3.5038,2.095,-4.9466,-3.3381,-138.917,2.002,-2.0706,36.571,0.2351,0.0675,0.0043,0.0644,2.0904,2.1181,nan,2.0795,1.9751,0.0782,-0.6541,0.8000,-0.1512,0.0228,-1.1129,44.2521,0.0455,-2.0088,0.1776
11.050,36.008,-4.0441,-0.0976,-145.857,-4.0246,-0.0977,-143.905,-0.0161,0.0110,0.0195,1.952,0.8813,3.5260,2.363,-5.0511,-3.4183,-146.268,1.958,-2.1125,36.683,0.2582,0.0061,0.0324,5.3441,2.0999,2.1181,nan,2.1238,2.1348,0.0845,-0.8077,0.8000,-0.0984,0.1642,-1.2949,44.4519,0.0087,-2.0088,0.1776
11.100,36.121,-4.1411,-0.1549,-152.988,-4.1116,-0.1392,-150.389,-0.0335,-0.0006,0.0335,2.599,0.9002,3.4909,1.944,-5.1321,-3.4580,-152.333,1.936,-2.1989,36.802,0.2347,0.0244,0.0248,1.0146,1.9261,1.9075,nan,2.2131,2.1595,0.0855,-0.7883,0.8000,-0.0912,0.1992,-1.3730,44.5517,0.0583,-1.5237,0.1776
11.150,36.221,-4.2325,-0.1950,-160.030,-4.2224,-0.1926,-157.516,-0.0103,0.0012,0.0103,2.514,0.9005,3.5089,2.149,-5.2581,-3.5068,-159.665,1.902,-2.5010,36.911,0.2677,0.0366,0.0198,0.5415,2.1367,2.2224,nan,2.3436,2.4291,0.0962,-0.8023,0.8000,-0.0650,0.3200,-1.1383,44.7515,0.0050,-1.0184,0.1776
11.200,36.331,-4.3386,-0.2254,-168.250,-4.3200,-0.2242,-165.768,-0.0184,0.0026,0.0186,2.482,0.8946,3.5229,2.302,-5.3610,-3.5346,-168.071,1.919,-2.5475,37.035,0.2636,0.0779,0.0144,0.1847,2.0546,2.0589,nan,2.3436,2.4086,0.0954,-0.7586,0.8000,-0.0486,0.1752,-1.1383,44.7515,0.0204,-1.7583,0.1776
11.250,36.436,-4.4423,-0.2398,-176.213,-4.4464,-0.2467,-174.242,0.0046,0.0066,0.0080,1.971,0.9182,3.4866,1.993,-5.4912,-3.5444,-176.236,2.028,-2.5569,37.159,0.2833,0.0091,0.0506,5.5462,2.1697,2.2122,nan,2.5342,2.5801,0.1022,-0.7539,0.8000,-0.0251,0.2646,-1.0446,44.9513,0.0357,1.4246,0.1776
11.300,36.551,-4.5574,-0.2395,175.565,-4.5687,-0.2412,177.312,0.0111,0.0025,0.0114,1.747,0.9441,3.4621,1.726,-5.6218,-3.5355,175.586,2.086,-2.5949,37.290,0.2925,0.0136,0.0336,2.4786,2.2369,2.2671,nan,2.6231,2.6994,0.1069,-0.7342,0.8000,0.0010,0.2261,-0.8589,45.0512,0.0298,1.0703,0.1776
11.350,36.668,-4.6737,-0.2224,167.217,-4.7012,-0.2165,169.109,0.0281,0.0003,0.0281,1.892,0.9441,3.4621,1.726,-5.7535,-3.5069,167.382,2.190,-2.6583,37.428,0.3012,0.2563,0.2250,0.8780,2.3151,2.3487,nan,2.7859,2.8786,0.1140,-0.6579,0.8438,0.0132,0.1732,-0.7929,45.1511,0.0362,1.4704,0.1776
11.400,36.668,-4.6737,-0.2224,167.217,-4.6857,-0.2209,169.134,0.0120,0.0011,0.0121,1.918,0.9579,3.4603,1.752,-5.7535,-3.5069,167.382,2.190,-2.6583,37.428,0.3012,0.0269,0.0301,1.1193,2.4543,2.5083,nan,2.7741,2.9026,0.1150,-0.5816,0.9030,0.0233,0.1119,-0.7359,45.2510,0.0085,1.8657,0.1776
11.450,36.799,-4.7984,-0.1842,158.301,-4.8116,-0.1921,160.586,0.0093,0.0122,0.0154,2.285,0.9711,3.4439,1.776,-5.8926,-3.4551,158.810,2.325,-2.5206,37.581,0.3091,0.0650,0.0392,0.6033,2.6725,2.7722,nan,2.7624,2.9401,0.1164,-0.5216,0.9833,0.0397,0.1196,-0.6770,45.4507,-0.0324,3.1021,0.1776
11.500,36.926,-4.9132,-0.1298,150.541,-4.9330,-0.1152,151.894,0.0244,-0.0029,0.0246,1.353,1.0132,3.4198,1.551,-6.0397,-3.3728,150.343,2.468,-2.3860,37.728,0.3312,0.0697,0.0564,0.8090,2.6631,2.6831,nan,2.8206,2.8691,0.1136,-0.4481,0.9798,0.0226,0.0747,-0.7637,45.5506,0.0137,3.2945,0.1776
11.550,37.067,-5.0319,-0.0525,143.001,-5.0444,-0.0268,143.702,0.0255,-0.0130,0.0286,0.701,1.0593,3.3555,0.933,-6.1579,-3.2825,142.770,2.589,-2.1995,37.886,0.3277,0.0124,0.0270,2.1787,2.7427,2.7808,nan,2.9652,2.9338,0.1162,-0.3916,1.0091,0.0298,0.0400,-0.7714,45.6506,0.0478,2.5301,0.1776
11.600,37.215,-5.1445,0.0431,136.036,-5.1565,0.0929,135.884,0.0432,-0.0275,0.0512,-0.152,1.1134,3.2763,0.150,-6.2782,-3.1670,135.734,2.683,-1.9610,38.045,0.3315,0.0187,0.0209,1.1214,2.7565,2.7808,nan,3.0466,3.0484,0.1207,-0.3163,1.0517,0.0181,-0.0016,-0.6907,45.7504,0.0441,2.5301,0.1776
11.650,37.367,-5.2480,0.1539,129.953,-5.2463,0.2148,129.809,0.0456,-0.0404,0.0609,-0.145,1.1345,3.2500,-0.147,-6.3730,-3.0516,129.956,2.741,-1.6684,38.203,0.3222,0.0259,0.0204,0.7873,2.7448,2.7650,nan,3.1371,3.2328,0.1280,-0.2537,1.1092,0.0021,0.0312,-0.5688,45.9502,0.0281,1.8413,0.1776
11.700,37.519,-5.3414,0.2744,125.619,-5.3466,0.3609,124.579,0.0734,-0.0461,0.0866,-1.040,1.1379,3.2580,-0.208,-6.4740,-2.9207,124.787,2.892,-1.2168,38.363,0.3284,0.0315,0.0357,1.1349,2.8647,2.9161,nan,3.4240,3.5003,0.1386,-0.2302,1.1951,0.0023,0.0119,-0.5042,46.0501,0.0550,3.9157,0.1776
11.750,37.686,-5.4343,0.4133,121.857,-5.4377,0.5055,121.225,0.0801,-0.0458,0.0923,-0.633,1.1475,3.2340,-0.384,-6.5668,-2.7726,121.609,3.062,-1.1241,38.540,0.3273,0.0181,0.0059,0.3279,2.9394,2.9781,nan,3.5930,3.7054,0.1467,-0.2397,1.3382,0.0079,0.0717,-0.3371,46.2499,0.0592,4.6228,0.1776
11.800,37.861,-5.5220,0.5643,118.257,-5.5148,0.6473,117.798,0.0697,-0.0457,0.0834,-0.458,1.1595,3.2024,-0.571,-6.6485,-2.6215,118.369,3.268,-1.2053,38.727,0.3214,0.0205,0.0060,0.2916,3.0288,3.0723,nan,3.6700,3.8072,0.1508,-0.2261,1.4134,0.0173,0.0818,-0.2824,46.4497,0.0527,5.2565,0.1776
11.850,38.026,-5.5960,0.7116,114.747,-5.5905,0.8197,114.153,0.0959,-0.0503,0.1083,-0.594,1.1704,3.1797,-0.778,-6.7282,-2.4516,114.931,3.439,-1.2402,38.903,0.3259,0.0209,0.0057,0.2741,3.2928,3.4594,nan,3.8072,3.9598,0.1568,-0.1815,1.5366,0.0265,0.0695,-0.2822,46.6495,0.0335,4.2326,0.1776
11.900,38.223,-5.6728,0.8933,110.812,-5.6674,1.0241,109.930,0.1203,-0.0515,0.1309,-0.881,1.1704,3.1797,-0.778,-6.8079,-2.2484,110.709,3.599,-1.0617,39.111,0.3292,0.0235,0.0131,0.5553,3.5312,3.6671,nan,4.0789,4.2049,0.1665,-0.1429,1.6478,0.0296,0.0557,-0.2854,46.8493,0.0456,3.7557,0.1776
11.950,38.223,-5.6728,0.8933,110.812,-5.6697,1.0283,110.012,0.1251,-0.0509,0.1350,-0.799,1.1650,3.1937,-0.696,-6.8079,-2.2484,110.709,3.599,-1.0617,39.111,0.3292,0.0235,0.0127,0.5408,3.6268,3.6782,nan,4.2623,4.3906,0.1739,-0.1297,1.7011,0.0432,0.0690,-0.2833,47.0490,0.0580,3.9185,0.1776
12.000,38.429,-5.7408,1.0880,107.528,-5.7395,1.2357,107.221,0.1405,-0.0457,0.1477,-0.307,1.1414,3.2711,-0.126,-6.8765,-2.0505,107.347,3.761,-0.8823,39.328,0.3300,0.0244,0.0110,0.4498,3.7565,3.8219,nan,4.4358,4.6485,0.1841,-0.1160,1.8673,0.0588,0.0900,-0.1832,47.2488,0.0526,4.8927,0.1776
12.050,38.650,-5.8024,1.2998,104.741,-5.8006,1.4622,104.287,0.1565,-0.0431,0.1624,-0.454,1.1434,3.2551,-0.266,-6.9355,-1.8253,104.553,3.964,-0.8120,39.562,0.3285,0.0248,0.0134,0.5399,3.9043,3.9792,nan,4.6008,4.8395,0.1917,-0.0980,2.0230,0.0751,0.0770,-0.0994,47.4486,0.0541,4.2119,0.1776
12.100,38.865,-5.8530,1.5087,102.259,-5.8465,1.6759,102.111,0.1621,-0.0418,0.1674,-0.148,1.1412,3.2621,-0.270,-6.9802,-1.6191,102.381,4.124,-0.8289,39.789,0.3223,0.0224,0.0020,0.0902,4.1894,4.4624,nan,4.8344,5.0999,0.2020,-0.0811,2.1663,0.0890,0.0547,-0.0698,47.6484,0.0477,1.9833,0.1776
12.150,39.072,-5.8936,1.7118,100.108,-5.8850,1.9035,99.020,0.1873,-0.0421,0.1919,-1.088,1.1589,3.1716,-0.905,-7.0230,-1.3791,99.925,4.310,-0.7728,40.009,0.3301,0.0235,0.0068,0.2880,4.3794,4.4994,nan,4.9819,5.2622,0.2084,-0.0612,2.2625,0.0932,0.0126,-0.0171,47.9481,0.0430,2.6782,0.1768
12.200,39.320,-5.9328,1.9565,97.954,-5.9243,2.1357,97.422,0.1763,-0.0332,0.1794,-0.532,1.1386,3.2366,-0.285,-7.0573,-1.1360,97.708,4.529,-0.6005,40.274,0.3250,0.0208,0.0030,0.1447,4.6414,4.8914,nan,5.2685,5.5558,0.2200,-0.0571,2.3237,0.0919,-0.0084,-0.0295,48.1478,0.0490,5.1721,0.1768
12.250,39.542,-5.9608,2.1772,96.359,-5.9536,2.3771,95.672,0.1979,-0.0293,0.2000,-0.687,1.1410,3.1799,-0.557,-7.0864,-0.8718,96.230,4.723,-0.5220,40.512,0.3375,0.0224,0.0041,0.1838,4.6977,4.7608,nan,5.4004,5.6648,0.2243,-0.0684,2.3077,0.1046,-0.0062,-0.0423,48.4475,0.0605,4.5875,0.1768
12.300,39.818,-5.9880,2.4513,94.857,-5.9765,2.6362,94.570,0.1833,-0.0271,0.1853,-0.286,1.1328,3.2354,-0.116,-7.1081,-0.6136,94.687,4.932,-0.4438,40.804,0.3274,0.0182,0.0050,0.2721,4.7112,4.7608,nan,5.5278,5.7603,0.2281,-0.0644,2.3019,0.0998,-0.0244,-0.0503,48.6473,0.0770,4.5875,0.1768
12.350,40.090,-6.0082,2.7233,93.476,-6.0034,2.9093,93.587,0.1854,-0.0160,0.1861,0.110,1.1239,3.2263,0.110,-7.1279,-0.3033,93.477,5.152,-0.4946,41.097,0.3400,0.0158,0.0085,0.5370,4.9673,5.2406,nan,5.7114,5.9726,0.2365,-0.0804,2.2878,0.1016,-0.0141,-0.0650,48.9470,0.0676,5.1687,0.1768
12.400,40.385,-6.0224,3.0178,91.784,-6.0173,3.2063,91.602,0.1883,-0.0110,0.1886,-0.182,1.1219,3.1618,-0.258,-7.1393,0.0123,91.860,5.361,-0.6171,41.411,0.3462,0.0098,0.0087,0.8953,5.1850,5.3972,nan,5.9380,6.2086,0.2459,-0.0867,2.2730,0.1036,-0.0238,-0.0751,49.1468,0.0694,4.6810,0.1768
12.450,40.686,-6.0271,3.3185,89.649,-6.0226,3.5139,90.095,0.1954,-0.0033,0.1954,0.446,1.1177,3.2237,0.236,-7.1391,0.3196,89.858,5.561,-0.7318,41.732,0.3447,0.0229,0.0140,0.6118,5.3553,5.5199,nan,6.0224,6.3190,0.2503,-0.0812,2.2560,0.0878,-0.0415,-0.1060,49.4464,0.0590,4.3892,0.1768
12.500,41.003,-6.0195,3.6359,87.204,-6.0085,3.8761,87.464,0.2404,0.0007,0.2404,0.260,1.1177,3.2237,0.236,-7.1235,0.6818,87.228,5.761,-0.7407,42.071,0.3609,0.0146,0.0160,1.0953,5.5988,5.9146,nan,6.0581,6.4162,0.2541,-0.0882,2.2494,0.0772,-0.0441,-0.1173,49.7461,0.0346,4.4007,0.1768
12.550,41.289,-6.0014,3.9213,85.149,-5.9852,4.1299,84.574,0.2092,0.0015,0.2092,-0.575,1.1020,3.0970,-0.586,-7.0974,0.9603,85.160,5.897,-0.7472,42.372,0.3505,0.0147,0.0104,0.7051,5.7231,5.8666,nan,5.7780,6.1160,0.2422,-0.0888,2.2072,0.0555,-0.0523,-0.1134,50.0458,-0.0093,3.5074,0.1768
12.600,41.289,-6.0014,3.9213,85.149,-5.9852,4.1299,84.574,0.2092,0.0015,0.2092,-0.575,1.1020,3.0970,-0.586,-7.0974,0.9603,85.160,5.897,-0.7472,42.544,0.3505,0.0147,0.0104,0.7051,5.9553,6.2772,nan,5.5922,5.7381,0.2272,-0.0927,2.1742,0.0291,-0.0654,-0.1198,50.3455,-0.0317,2.0178,0.1768
12.650,41.618,-5.9677,4.2477,82.609,-5.9443,4.4384,81.793,0.1922,0.0013,0.1922,-0.816,1.0861,2.9926,-0.983,-7.0541,1.3250,82.776,6.018,-0.8191,42.716,0.3660,0.0063,0.0179,2.8394,6.0755,6.2357,nan,5.4067,5.2761,0.2090,-0.0854,2.1143,-0.0056,-0.0765,-0.1640,50.6451,-0.0135,-0.9764,0.1768
12.700,41.959,-5.9171,4.5854,79.887,-5.8817,4.7383,79.240,0.1567,-0.0080,0.1569,-0.647,1.0895,2.9828,-0.774,-6.9943,1.6611,80.014,5.958,-0.8408,43.056,0.3580,0.0022,0.0289,13.0255,6.0800,6.1602,nan,5.2248,5.3380,0.2114,-0.0914,2.1143,-0.0397,-0.0640,-0.1906,50.9448,-0.0200,-4.1105,0.1768
12.750,42.276,-5.8558,4.8960,77.277,-5.8129,5.0333,76.410,0.1434,-0.0116,0.1438,-0.868,1.0777,2.9461,-0.726,-6.9166,1.9996,77.136,5.776,-0.7746,43.360,0.3652,0.0044,0.0351,7.9875,5.6688,5.3430,nan,5.1015,5.0027,0.1981,-0.0894,2.0718,-0.0595,-0.0788,-0.1957,51.0447,-0.0088,-6.8490,0.1768
12.800,42.590,-5.7812,5.2014,74.886,-5.7476,5.2442,74.375,0.0501,-0.0213,0.0544,-0.510,1.0829,2.9524,-0.479,-6.8494,2.2347,74.854,5.487,-0.7619,43.654,0.3245,0.0122,0.0084,0.6897,5.4265,5.3869,nan,5.0386,4.9071,0.1943,-0.0999,1.9730,-0.0764,-0.0562,-0.2095,51.3444,0.0173,-3.4075,0.1768
12.850,42.856,-5.7081,5.4566,72.733,-5.6614,5.4697,71.760,0.0264,-0.0407,0.0486,-0.972,1.0652,2.8653,-0.855,-6.7647,2.5037,72.616,5.360,-0.7544,43.911,0.3238,0.0126,0.0261,2.0647,5.2055,5.1813,nan,4.8340,4.7112,0.1866,-0.1076,1.8465,-0.0945,-0.0463,-0.2211,51.5442,0.0181,-3.4075,0.1768
12.900,43.143,-5.6181,5.7300,70.442,-5.5862,5.7089,69.213,-0.0092,-0.0372,0.0383,-1.229,1.0436,2.8352,-1.017,-6.6797,2.7556,70.230,5.133,-0.7087,44.184,0.3146,0.0078,0.0328,4.1898,4.9960,4.9787,nan,4.7561,4.6074,0.1825,-0.1065,1.8465,-0.1207,-0.0429,-0.2323,51.7439,0.0405,-2.0318,0.1768
12.950,43.455,-5.5077,6.0217,67.685,-5.5000,5.9360,67.803,-0.0764,-0.0396,0.0861,0.119,1.0678,2.9073,-0.266,-6.5819,2.9981,68.069,4.932,-0.7943,44.483,0.2998,0.0015,0.0265,17.3868,4.7638,4.7364,nan,4.6062,4.4389,0.1758,-0.1242,1.8465,-0.1248,-0.0276,-0.2421,51.9437,0.0580,-3.0770,0.1768
13.000,43.729,-5.3988,6.2730,65.080,-5.3809,6.2017,65.515,-0.0572,-0.0463,0.0736,0.435,1.0929,2.9666,0.441,-6.4487,3.2848,65.074,4.694,-0.8632,44.742,0.2971,0.0158,0.0368,2.3221,4.9570,5.1191,nan,4.4583,4.3533,0.1724,-0.1603,1.8465,-0.1231,0.0086,-0.2504,52.2434,0.0012,-5.6555,0.1768
13.050,43.991,-5.2835,6.5078,62.165,-5.2826,6.4246,62.906,-0.0731,-0.0396,0.0832,0.741,1.0953,3.0084,0.445,-6.3512,3.4657,62.462,4.499,-0.9746,44.992,0.2861,0.0111,0.0344,3.1147,4.6300,4.5309,nan,4.3053,4.1389,0.1639,-0.1570,1.6586,-0.1240,0.0246,-0.2491,52.4432,0.0417,-4.8390,0.1768
13.100,44.194,-5.1848,6.6860,59.292,-5.1662,6.6377,60.149,-0.0320,-0.0406,0.0517,0.857,1.1079,3.0442,0.757,-6.2261,3.6761,59.392,4.365,-1.0735,45.189,0.2779,0.0158,0.0286,1.8025,4.6670,4.7228,nan,4.0996,4.0172,0.1591,-0.1982,1.6586,-0.1072,0.0195,-0.2837,52.6430,-0.0122,-3.9127,0.1768
13.150,44.429,-5.0600,6.8847,55.979,-5.0668,6.7856,56.722,-0.0860,-0.0498,0.0994,0.742,1.1079,3.0442,0.757,-6.1247,3.8226,55.964,4.182,-1.1002,45.414,0.2757,0.0146,0.0528,3.6237,4.2624,3.9785,nan,4.0092,3.8496,0.1525,-0.2059,1.6586,-0.1055,0.0237,-0.2982,52.8428,0.0463,-4.5368,0.1768
13.200,44.429,-5.0600,6.8847,55.979,-5.0642,6.8135,57.383,-0.0614,-0.0363,0.0713,1.403,1.1532,3.1437,1.418,-6.1247,3.8226,55.964,4.182,-1.1002,45.414,0.2757,0.0146,0.0289,1.9846,4.1549,4.1714,nan,3.8263,3.6975,0.1464,-0.2471,1.6229,-0.0851,0.0416,-0.3210,53.0425,0.0276,-4.2300,0.1768
13.250,44.658,-4.9262,7.0707,51.978,-4.9337,7.0204,54.412,-0.0442,-0.0251,0.0508,2.434,1.1796,3.2141,2.029,-5.9746,4.0204,52.383,4.013,-1.2721,45.636,0.2651,0.0162,0.0141,0.8698,3.9090,3.8838,nan,3.7643,3.6191,0.1433,-0.2505,1.5269,-0.0722,0.0447,-0.3618,53.2423,0.0528,-4.4604,0.1768
13.300,44.878,-4.7856,7.2394,47.915,-4.8108,7.1759,50.797,-0.0640,-0.0238,0.0683,2.883,1.2251,3.2987,2.749,-5.8430,4.1622,48.048,3.841,-1.3141,45.848,0.2639,0.0163,0.0172,1.0580,3.9069,3.9384,nan,3.5048,3.3421,0.1324,-0.2800,1.5261,-0.0575,0.0549,-0.3114,53.4421,0.0269,-4.4190,0.1768
13.350,45.084,-4.6422,7.3877,43.397,-4.6589,7.3534,46.531,-0.0357,-0.0134,0.0382,3.134,1.2276,3.3193,2.788,-5.6834,4.3156,43.743,3.679,-1.4355,46.048,0.2502,0.0282,0.0236,0.8367,3.6519,3.6214,nan,3.3193,3.2162,0.1274,-0.3011,1.4264,-0.0333,0.0547,-0.3998,53.6419,0.0166,-3.2043,0.1768
13.400,45.283,-4.4929,7.5193,38.913,-4.5063,7.4962,41.750,-0.0250,-0.0095,0.0267,2.838,1.2498,3.3538,2.902,-5.5390,4.4284,38.848,3.557,-1.4418,46.243,0.2491,0.0289,0.0232,0.8048,3.6000,3.6214,nan,3.3944,2.9439,0.1166,-0.2881,1.4062,-0.0398,0.0640,-0.4945,53.8417,0.0483,-3.2043,0.1768
13.450,45.476,-4.3385,7.6346,34.107,-4.3620,7.6196,37.828,-0.0279,0.0008,0.0279,3.721,1.2871,3.4230,3.536,-5.3795,4.5370,34.291,3.348,-1.5216,46.428,0.2424,0.0313,0.0232,0.7429,3.5172,3.5332,nan,3.5470,3.5683,0.1413,-0.3061,1.3738,-0.0240,0.0738,-0.1189,0.0000,0.0128,-5.4887,0.1768
13.500,45.655,-4.1863,7.7293,29.265,-4.2199,7.7150,32.674,-0.0363,0.0040,0.0365,3.409,1.2716,3.4102,3.348,-5.2306,4.6182,29.326,3.216,-1.5425,46.604,0.2427,0.0341,0.0191,0.5582,3.3226,3.3115,nan,3.5470,3.4026,0.1348,-0.2992,1.2978,-0.0161,0.0396,-0.6307,0.0999,0.0200,-4.7025,0.1768
13.550,45.839,-4.0224,7.8126,24.237,-4.0608,7.7976,27.704,-0.0412,0.0021,0.0412,3.467,1.2800,3.4179,3.415,-5.0704,4.6901,24.289,3.324,-1.5568,46.797,0.2444,0.0353,0.0202,0.5729,3.2032,3.2102,nan,3.6826,3.8160,0.1511,-0.2808,1.3221,-0.0148,0.0553,-0.4906,0.2997,0.0328,2.5433,0.1768
13.600,46.021,-3.8534,7.8809,19.359,-3.8557,7.8874,21.675,0.0000,0.0069,0.0069,2.316,1.2274,3.3546,2.638,-4.8691,4.7619,19.037,3.323,-1.4966,46.982,0.2131,0.0391,0.0285,0.7295,3.3644,3.4390,nan,3.6515,3.8476,0.1524,-0.2808,1.3887,-0.0114,0.0637,-0.4081,0.4995,-0.0065,-0.8224,0.1768
13.650,46.217,-3.6666,7.9384,14.439,-3.7084,7.9312,17.476,-0.0422,0.0034,0.0424,3.037,1.2274,3.3546,2.638,-4.7200,4.7988,14.838,3.511,-1.5374,47.193,0.2478,0.0392,0.0332,0.8474,3.1936,3.1886,nan,3.8074,3.8864,0.1539,-0.2615,1.3182,-0.0130,0.0233,-0.3770,0.5993,0.0636,4.4721,0.1768
13.700,46.217,-3.6666,7.9384,14.439,-3.6946,7.9354,16.863,-0.0278,0.0040,0.0281,2.424,1.1920,3.3063,2.025,-4.7200,4.7988,14.838,3.511,-1.5374,47.193,0.2478,0.0392,0.0287,0.7327,3.4764,3.9945,nan,3.9720,3.9750,0.1574,-0.2530,1.5317,-0.0077,0.0611,-0.3626,0.8990,0.0713,2.1611,0.1768
13.750,46.409,-3.4784,7.9793,9.623,-3.4250,7.9923,10.939,0.0549,0.0038,0.0550,1.316,1.1564,3.2636,1.526,-4.4538,4.8489,9.413,3.611,-1.5176,47.395,0.1714,0.0392,0.0157,0.3996,3.5107,3.5454,nan,4.0814,4.2176,0.1670,-0.2314,1.5468,-0.0146,0.0183,-0.3622,0.9989,0.0467,2.0388,0.1768
13.800,46.614,-3.2754,8.0058,4.835,-3.2504,8.0048,5.632,0.0248,-0.0031,0.0250,0.797,1.1007,3.2045,0.794,-4.2842,4.8601,4.838,3.694,-1.4711,47.607,0.2029,0.0372,0.0188,0.5053,3.7462,3.8841,nan,4.1861,4.2804,0.1695,-0.2169,1.6506,-0.0185,0.0463,-0.3897,1.2986,0.0409,1.7080,0.1768
13.850,46.823,-3.0664,8.0156,0.123,-3.0144,8.0119,0.555,0.0520,-0.0038,0.0522,0.432,1.0751,3.1879,0.548,-4.0432,4.8629,0.007,3.782,-1.3965,47.825,0.1706,0.0371,0.0205,0.5528,3.7642,3.7980,nan,4.2827,4.3731,0.1732,-0.2112,1.6985,-0.0108,0.0492,-0.3454,1.4984,0.0520,3.8008,0.1768
13.900,47.036,-2.8538,8.0087,-4.254,-2.8175,7.9997,-3.904,0.0369,-0.0062,0.0374,0.349,1.0554,3.1823,0.426,-3.8369,4.8461,-4.330,3.937,-1.3498,48.051,0.1769,0.0355,0.0228,0.6432,3.7669,3.7980,nan,4.3819,4.4553,0.1764,-0.1962,1.7078,-0.0146,0.0124,-0.3329,1.5983,0.0682,3.8008,0.1768
13.950,47.256,-2.6351,7.9851,-8.489,-2.5733,7.9704,-7.848,0.0633,-0.0054,0.0635,0.640,1.0829,3.2015,0.682,-3.5992,4.8121,-8.530,4.057,-1.2708,48.281,0.1585,0.0345,0.0192,0.5547,3.9641,4.0695,nan,4.5237,4.5974,0.1821,-0.1920,1.8155,-0.0106,0.0457,-0.3183,1.8979,0.0620,2.7385,0.1768
14.000,47.487,-2.4075,7.9437,-12.516,-2.3463,7.9234,-11.891,0.0642,-0.0065,0.0645,0.625,1.0699,3.1907,0.501,-3.3747,4.7625,-12.392,4.192,-1.2590,48.524,0.1625,0.0329,0.0174,0.5297,4.1026,4.1770,nan,4.6135,4.7147,0.1867,-0.1971,1.9018,0.0003,0.0532,-0.2965,2.0977,0.0510,3.1959,0.1768
14.050,47.722,-2.1803,7.8858,-16.537,-2.0838,7.8496,-16.097,0.1028,-0.0072,0.1030,0.440,1.0655,3.1891,0.471,-3.1108,4.6863,-16.568,4.322,-1.3083,48.771,0.1309,0.0344,0.0181,0.5256,4.3518,4.5400,nan,4.7001,4.8454,0.1919,-0.1937,2.0367,0.0094,0.0718,-0.2795,2.3974,0.0255,3.0370,0.1768
14.100,47.976,-1.9389,7.8051,-20.986,-1.8672,7.7744,-20.799,0.0779,-0.0030,0.0780,0.187,1.0163,3.1713,-0.041,-2.8868,4.6010,-20.758,4.451,-1.3457,49.039,0.1488,0.0333,0.0178,0.5358,4.3557,4.3955,nan,4.8192,4.9327,0.1954,-0.1834,2.0513,0.0109,0.0588,-0.2684,2.5972,0.0448,2.5542,0.1768
14.150,48.220,-1.7144,7.7106,-25.176,-1.6107,7.6546,-25.256,0.1176,-0.0066,0.1178,-0.080,1.0163,3.1713,-0.041,-2.6302,4.4814,-25.215,4.565,-1.3135,49.294,0.1305,0.0354,0.0204,0.5774,4.5892,4.7738,nan,4.8999,5.0567,0.2003,-0.1658,2.1635,0.0149,0.0295,-0.2586,2.7970,0.0218,2.5114,0.1763
14.200,48.220,-1.7144,7.7106,-25.176,-1.6275,7.6630,-25.363,0.0989,-0.0061,0.0991,-0.187,0.9912,3.1748,-0.148,-2.6302,4.4814,-25.215,4.565,-1.3135,49.294,0.1305,0.0354,0.0218,0.6163,4.6117,4.6617,nan,4.9569,5.0974,0.2019,-0.1538,2.1675,0.0108,0.0147,-0.2527,2.9968,0.0287,2.1662,0.1763
14.250,48.474,-1.4882,7.5954,-29.292,-1.4071,7.5405,-29.449,0.0976,-0.0082,0.0979,-0.157,0.9974,3.1852,-0.017,-2.4058,4.3546,-29.432,4.664,-1.2380,49.559,0.1385,0.0372,0.0278,0.7470,4.6479,4.7029,nan,5.0228,5.1096,0.2024,-0.1529,2.1845,0.0217,0.0361,-0.2618,3.2964,0.0412,2.5646,0.1763
14.300,48.738,-1.2615,7.4591,-33.197,-1.1673,7.4030,-33.808,0.1095,0.0046,0.1096,-0.611,0.9746,3.1759,-0.399,-2.1712,4.2121,-33.410,4.773,-1.1649,49.835,0.1362,0.0373,0.0258,0.6911,4.7052,4.7689,nan,5.1435,5.1794,0.2051,-0.1504,2.2188,0.0230,0.0352,-0.2608,3.4962,0.0581,1.8444,0.1763
14.350,49.003,-1.0439,7.3080,-36.828,-0.9555,7.2390,-37.931,0.1121,-0.0022,0.1121,-1.103,0.9291,3.1595,-0.952,-1.9521,4.0476,-36.979,4.850,-1.1523,50.110,0.1443,0.0329,0.0309,0.9405,4.7732,4.8422,nan,5.2401,5.3278,0.2110,-0.1431,2.2371,0.0366,0.0448,-0.2323,3.7959,0.0519,0.8298,0.1763
14.400,49.271,-0.8339,7.1416,-40.474,-0.7823,7.0823,-41.836,0.0777,-0.0116,0.0786,-1.362,0.8665,3.1488,-1.639,-1.7606,3.8848,-40.197,4.893,-1.1465,50.385,0.1556,0.0338,0.0504,1.4922,4.7897,4.8422,nan,5.4110,5.4958,0.2177,-0.1315,2.2371,0.0311,0.0246,-0.2111,3.9957,0.0696,0.8298,0.1763
14.450,49.547,-0.6293,6.9569,-44.150,-0.5695,6.8630,-45.523,0.1083,-0.0257,0.1113,-1.373,0.8636,3.1669,-1.420,-1.5242,3.6595,-44.103,4.955,-1.1163,50.669,0.1649,0.0353,0.0549,1.5584,5.0594,5.3970,nan,5.4111,5.6358,0.2232,-0.1158,2.2371,0.0205,0.0080,-0.1681,4.2954,0.0239,1.1840,0.1763
14.500,49.827,-0.4334,6.7562,-47.684,-0.3839,6.6657,-48.470,0.1003,-0.0243,0.1032,-0.786,0.9120,3.2036,-0.629,-1.3338,3.4477,-47.842,5.061,-0.9765,50.961,0.1772,0.0351,0.0465,1.3237,5.0955,5.1625,nan,5.2885,5.6225,0.2227,-0.1040,2.2371,0.0061,-0.0143,-0.1220,4.4951,-0.0024,2.1751,0.1763
14.550,50.111,-0.2470,6.5421,-50.600,-0.2237,6.4799,-50.788,0.0628,-0.0215,0.0664,-0.188,0.9366,3.2367,-0.116,-1.1669,3.2408,-50.672,5.240,-0.8717,51.263,0.1826,0.0279,0.0337,1.2070,5.0358,5.0713,nan,5.2295,5.4218,0.2147,-0.1103,2.2371,0.0151,0.0042,-0.1777,4.7948,0.0089,4.3501,0.1763
14.600,50.407,-0.0636,6.3091,-53.355,-0.0311,6.2326,-53.812,0.0807,-0.0196,0.0831,-0.458,0.9052,3.2624,-0.414,-0.9577,2.9634,-53.399,5.332,-0.8881,51.570,0.2070,0.0281,0.0293,1.0428,5.3001,5.6510,nan,5.3054,5.3626,0.2124,-0.1224,2.2371,0.0301,0.0350,-0.2158,5.0945,0.0118,2.3958,0.1763
14.650,50.700,0.1058,6.0710,-56.224,0.1332,5.9826,-56.626,0.0887,-0.0264,0.0925,-0.401,0.9052,3.2624,-0.414,-0.7916,2.7146,-56.212,5.299,-0.9648,51.863,0.2180,0.0242,0.0276,1.1404,5.3875,5.4895,nan,5.4076,5.4633,0.2164,-0.1152,2.2371,0.0309,0.0317,-0.2494,5.2943,0.0141,-0.8487,0.1763
14.700,50.700,0.1058,6.0710,-56.224,0.1197,5.9934,-56.322,0.0723,-0.0316,0.0788,-0.098,0.9061,3.2773,-0.110,-0.7916,2.7146,-56.212,5.299,-0.9648,51.863,0.2180,0.0242,0.0310,1.2820,5.2272,5.2318,nan,5.5900,5.4918,0.2175,-0.1059,2.2661,0.0252,0.0345,-0.2323,5.4941,0.0506,-1.4010,0.1763
14.750,50.995,0.2641,5.8219,-59.409,0.2563,5.7536,-60.097,0.0548,-0.0415,0.0688,-0.688,0.8726,3.2745,-0.730,-0.6479,2.4711,-59.367,5.252,-0.9530,52.158,0.2196,0.0177,0.0475,2.6837,5.1697,5.2076,nan,5.7117,5.8894,0.2332,-0.0879,2.3454,0.0185,0.0333,-0.1600,5.7937,0.0510,0.2865,0.1763
14.800,51.289,0.4082,5.5650,-62.413,0.3793,5.5004,-64.454,0.0439,-0.0555,0.0708,-2.041,0.8165,3.2787,-1.897,-0.5105,2.2060,-62.557,5.269,-0.8806,52.458,0.2300,0.0123,0.0726,5.9187,5.1574,5.2086,nan,5.8597,6.0703,0.2404,-0.0686,2.3454,0.0068,0.0002,-0.1125,5.9935,0.0667,0.4260,0.1763
14.850,51.580,0.5375,5.3049,-65.139,0.5027,5.2248,-67.314,0.0580,-0.0653,0.0873,-2.174,0.8211,3.2653,-2.132,-0.3911,1.9463,-65.182,5.303,-0.7728,52.755,0.2347,0.0202,0.0874,4.3161,5.2883,5.4145,nan,5.9359,6.2341,0.2469,-0.0631,2.3454,0.0051,-0.0193,-0.0297,6.2932,0.0564,4.2370,0.1763
14.900,51.877,0.6577,5.0331,-67.443,0.6238,4.9261,-69.641,0.0858,-0.0724,0.1122,-2.198,0.8379,3.2475,-2.143,-0.2768,1.6695,-67.498,5.487,-0.6423,53.071,0.2421,0.0154,0.0747,4.8654,5.3355,5.4145,nan,5.9978,6.2293,0.2467,-0.0578,2.3454,-0.0025,-0.0357,-0.1129,6.5929,0.0616,4.2370,0.1763
14.950,52.190,0.7734,4.7426,-69.363,0.7487,4.5932,-71.103,0.1312,-0.0757,0.1515,-1.741,0.8610,3.2571,-1.597,-0.1494,1.3325,-69.506,5.665,-0.5709,53.402,0.2775,0.0089,0.0637,7.1933,5.5887,5.9350,nan,6.1132,6.2606,0.2479,-0.0653,2.3454,-0.0002,-0.0067,-0.1478,6.9924,0.0541,4.0749,0.1763
15.000,52.506,0.8811,4.4449,-71.120,0.8512,4.2905,-72.435,0.1364,-0.0783,0.1573,-1.315,0.8717,3.2714,-1.228,-0.0424,1.0184,-71.207,5.829,-0.5791,53.736,0.2927,0.0063,0.0464,7.3088,5.7417,5.9129,nan,6.2727,6.3040,0.2497,-0.0754,2.3588,0.0155,0.0298,-0.1645,7.2921,0.0684,3.8513,0.1763
15.050,52.842,0.9852,4.1258,-73.059,0.9412,4.0032,-74.614,0.1045,-0.0778,0.1303,-1.555,0.8638,3.3135,-1.590,0.0582,0.6915,-73.024,5.936,-0.6614,54.085,0.3012,0.0066,0.0519,7.8322,5.8228,5.9390,nan,6.4033,6.5344,0.2588,-0.0785,2.4048,0.0321,0.0378,-0.1328,7.4919,0.0622,2.3918,0.1763
15.100,53.189,1.0806,3.7924,-75.376,1.0403,3.7062,-75.354,0.0733,-0.0608,0.0952,0.022,0.8921,3.3470,-0.222,0.1468,0.3597,-75.132,6.023,-0.7332,54.445,0.3026,0.0104,0.0407,3.9063,5.9540,6.1157,nan,6.4922,6.7061,0.2656,-0.0668,2.4427,0.0400,0.0300,-0.1075,7.7916,0.0521,1.6725,0.1763
15.150,53.512,1.1571,3.4788,-77.623,1.1290,3.3306,-77.908,0.1387,-0.0592,0.1509,-0.285,0.8921,3.3470,-0.222,0.2369,-0.0155,-77.687,6.152,-0.6736,54.784,0.3548,0.0086,0.0399,4.6335,6.1912,6.5692,nan,6.6193,6.9151,0.2739,-0.0732,2.4780,0.0883,0.0388,-0.0848,8.0912,0.0380,2.8779,0.1763
15.200,53.512,1.1571,3.4788,-77.623,1.1297,3.3500,-78.051,0.1199,-0.0544,0.1317,-0.428,0.8928,3.3670,-0.364,0.2369,-0.0155,-77.687,6.152,-0.6736,54.784,0.3548,0.0086,0.0410,4.7729,6.1324,6.1848,nan,6.7391,7.0163,0.2779,-0.0641,2.5094,0.0948,0.0280,-0.0639,8.3909,0.0572,3.3065,0.1763
15.250,53.854,1.2256,3.1430,-79.666,1.1826,3.0605,-80.464,0.0735,-0.0571,0.0931,-0.799,0.8951,3.3905,-0.736,0.2917,-0.3264,-79.729,6.298,-0.6933,55.145,0.3362,0.0097,0.0473,4.8886,6.3379,6.6366,nan,6.8969,7.1861,0.2846,-0.0527,2.5094,0.0975,0.0122,-0.0640,8.7905,0.0528,3.4791,0.1763
15.300,54.205,1.2830,2.7967,-81.923,1.2395,2.6728,-82.280,0.1166,-0.0604,0.1313,-0.357,0.8958,3.3873,-0.425,0.3490,-0.7119,-81.855,6.455,-0.6739,55.517,0.3729,0.0171,0.0521,3.0374,6.5060,6.7512,nan,7.0508,7.3419,0.2908,-0.0444,2.5163,0.0991,0.0022,-0.0608,9.0901,0.0521,3.0078,0.1763
15.350,54.571,1.3289,2.4340,-84.004,1.2855,2.2969,-84.021,0.1318,-0.0575,0.1438,-0.018,0.8961,3.3892,0.056,0.3883,-1.0927,-84.078,6.592,-0.5860,55.901,0.3921,0.0196,0.0512,2.6164,6.6603,6.8977,nan,7.1634,7.4799,0.2962,-0.0427,2.5313,0.1122,-0.0019,-0.0516,9.3898,0.0480,3.2648,0.1763
15.400,54.944,1.3632,2.0620,-85.755,1.3191,1.8895,-86.876,0.1688,-0.0567,0.1781,-1.121,0.9225,3.4127,-0.838,0.4188,-1.5173,-86.038,6.742,-0.4907,56.295,0.4431,0.0245,0.0667,2.7247,6.7404,6.8977,nan,7.3085,7.6137,0.3015,-0.0330,2.5454,0.1070,-0.0094,-0.0430,9.7894,0.0551,3.2648,0.1763
15.450,55.368,1.3894,1.6396,-87.389,1.3351,1.5590,-88.112,0.0780,-0.0580,0.0972,-0.723,0.9247,3.4349,-0.733,0.4343,-1.8705,-87.379,6.903,-0.3958,56.741,0.3820,0.0240,0.0682,2.8385,6.5404,6.5262,nan,7.3790,7.6039,0.3011,-0.0193,2.5570,0.0943,-0.0273,-0.0360,10.0891,0.0840,3.1853,0.1763
15.500,55.753,1.4038,1.2549,-88.498,1.3456,1.1127,-88.894,0.1407,-0.0619,0.1537,-0.396,0.9084,3.4870,-0.234,0.4470,-2.3725,-88.659,7.076,-0.2742,57.150,0.4927,0.0209,0.0676,3.2441,6.7916,7.7282,nan,7.5490,7.8036,0.3091,-0.0166,2.5671,0.0887,-0.0273,-0.0300,10.4886,0.0753,3.9543,0.1763
15.550,56.152,1.4121,0.8555,-89.183,1.3419,0.7311,-89.854,0.1234,-0.0720,0.1429,-0.671,0.9139,3.4985,-0.463,0.4504,-2.7639,-89.390,7.184,-0.1973,57.567,0.4866,0.0112,0.0700,6.2323,6.9819,7.3117,nan,7.6779,7.9554,0.3151,-0.0208,2.5742,0.0903,-0.0156,-0.0258,10.7883,0.0691,2.3370,0.1763
15.600,56.558,1.4160,0.4492,-89.808,1.3405,0.3225,-90.270,0.1264,-0.0760,0.1475,-0.462,0.9139,3.4985,-0.463,0.4523,-3.1725,-89.806,7.321,-0.2204,57.995,0.4894,0.0081,0.0715,8.7962,7.1199,7.3664,nan,7.7709,8.0599,0.3192,-0.0172,2.5823,0.0787,-0.0134,-0.0211,11.1879,0.0649,2.9528,0.1763
15.650,56.558,1.4160,0.4492,-89.808,1.3314,0.3526,-91.666,0.0963,-0.0849,0.1284,-1.858,0.9824,3.5381,-1.860,0.4523,-3.1725,-89.806,7.321,-0.2204,57.995,0.4894,0.0081,0.0869,10.6866,7.3292,7.7502,nan,7.8908,8.2041,0.3249,0.0040,2.5832,0.0452,-0.0418,-0.0202,11.5875,0.0566,2.9443,0.1763
15.700,56.965,1.4153,0.0426,-90.552,1.3214,-0.1411,-91.667,0.1846,-0.0921,0.2063,-1.115,0.9446,3.5070,-1.131,0.4488,-3.6400,-90.536,7.454,-0.2164,58.423,0.5483,0.0124,0.0866,6.9809,7.3325,7.4507,nan,7.9794,8.2623,0.3272,0.0022,2.5933,0.0420,-0.0327,-0.0146,11.9870,0.0652,2.6175,0.1763
15.750,57.394,1.4093,-0.3860,-91.154,1.3052,-0.5134,-91.685,0.1295,-0.1015,0.1645,-0.531,0.8981,3.5129,-0.465,0.4398,-4.0228,-91.220,7.577,-0.0479,58.872,0.5056,0.0134,0.0845,6.3031,7.5806,8.3392,nan,7.9794,8.3296,0.3299,-0.0049,2.5980,0.0363,-0.0133,-0.0119,12.3866,0.0420,2.7519,0.1763
15.800,57.814,1.4008,-0.8063,-91.035,1.2978,-0.9783,-92.463,0.1738,-0.0999,0.2005,-1.428,0.9625,3.5674,-1.155,0.4269,-4.5380,-91.308,7.699,0.0375,59.314,0.5974,0.0181,0.1028,5.6757,7.6694,7.8854,nan,7.9794,8.1881,0.3243,-0.0064,2.6013,0.0321,-0.0070,-0.0100,12.7861,0.0383,2.1135,0.1763
15.850,58.240,1.3932,-1.2325,-90.967,1.3048,-1.3010,-92.248,0.0699,-0.0873,0.1118,-1.281,0.9983,3.6549,-1.332,0.4215,-4.9474,-90.916,7.794,-0.0178,59.758,0.5807,0.0201,0.1050,5.2369,7.7150,7.8854,nan,7.9794,8.0448,0.3186,-0.0059,2.6037,0.0353,-0.0082,-0.0084,13.0858,0.0427,2.1135,0.1763
15.900,58.687,1.3851,-1.6794,-91.146,1.3095,-1.6321,-92.241,-0.0457,-0.0766,0.0892,-1.095,1.0110,3.7896,-1.216,0.4135,-5.4142,-91.025,7.869,-0.0667,60.221,0.5997,0.0244,0.0925,3.7916,7.8166,8.0593,nan,7.9794,8.0728,0.3197,-0.0046,2.6037,0.0448,-0.0136,-0.0061,13.4854,0.0328,1.8931,0.1763
15.950,59.135,1.3754,-2.1266,-91.377,1.3054,-1.9519,-92.568,-0.1730,-0.0742,0.1882,-1.191,1.0265,3.9219,-1.213,0.4031,-5.8665,-91.355,7.832,-0.0642,60.673,0.6048,0.0220,0.0992,4.5194,7.9214,8.1752,nan,7.9794,8.1018,0.3209,-0.0042,2.6037,0.0561,-0.0182,-0.0044,13.7851,0.0228,-0.8324,0.1763
16.000,59.549,1.3649,-2.5412,-91.558,1.3048,-2.3521,-91.980,-0.1874,-0.0652,0.1984,-0.422,0.9587,3.9802,-0.399,0.3902,-6.3298,-91.581,7.818,-0.0529,61.093,0.6524,0.0160,0.0830,5.1940,8.0162,8.2617,nan,7.9794,8.1281,0.3219,-0.0035,2.6037,0.0587,-0.0208,-0.0029,13.9848,0.0139,-0.3446,0.1763
16.050,59.987,1.3525,-2.9788,-91.723,1.2906,-2.7482,-92.131,-0.2286,-0.0688,0.2388,-0.409,0.9587,3.9802,-0.399,0.3788,-6.7260,-91.732,7.816,-0.0409,61.539,0.6122,0.0143,0.0939,6.5625,7.7039,7.5728,nan,7.9794,8.0417,0.3185,-0.0146,2.5691,0.0819,-0.0075,-0.0044,14.2845,0.0438,-0.0451,0.1763
16.100,60.409,1.3395,-3.4009,-91.838,1.2818,-3.1562,-92.174,-0.2427,-0.0656,0.2514,-0.336,0.9575,4.0014,-0.325,0.3648,-7.1556,-91.849,7.822,-0.0664,61.969,0.6197,0.0134,0.0683,5.0845,7.6771,7.7836,nan,7.9794,8.0343,0.3182,-0.0164,2.5328,0.0865,-0.0049,-0.0082,14.6841,0.0465,0.1600,0.1763
16.150,60.409,1.3395,-3.4009,-91.838,1.3068,-3.1435,-92.118,-0.2562,-0.0409,0.2595,-0.280,0.9756,4.0137,-0.269,0.3648,-7.1556,-91.849,7.822,-0.0664,61.969,0.6197,0.0149,0.0720,4.8336,7.7724,8.0031,nan,7.9025,8.0022,0.3169,-0.0227,2.5006,0.1090,-0.0050,-0.0045,15.0837,0.0296,-0.4133,0.1759
16.200,60.847,1.3241,-3.8379,-92.385,1.3135,-3.5715,-91.313,-0.2657,-0.0216,0.2666,1.072,0.8668,4.0338,0.736,0.3490,-7.6104,-92.049,7.792,-0.1879,62.411,0.6370,0.0158,0.0331,2.0958,7.8252,8.0085,nan,7.5427,7.7433,0.3067,-0.0301,2.4503,0.1311,-0.0052,-0.0018,15.4832,-0.0105,-0.4385,0.1759
16.250,61.290,1.3040,-4.2810,-93.018,1.3075,-3.9832,-91.259,-0.2975,-0.0122,0.2978,1.758,0.7356,4.0858,1.764,0.3233,-8.0828,-93.023,7.771,-0.2465,62.860,0.6667,0.0166,0.0252,1.5166,7.6252,7.6143,nan,7.1638,7.4002,0.2931,-0.0307,2.3864,0.1268,-0.0165,-0.0031,15.8828,-0.0295,-0.4906,0.1759
16.300,61.709,1.2797,-4.6994,-93.873,1.2913,-4.4047,-91.963,-0.2948,-0.0083,0.2949,1.910,0.7294,4.0325,1.786,0.2988,-8.4506,-93.749,7.750,-0.2767,63.285,0.6181,0.0171,0.0325,1.9021,7.8046,8.1932,nan,6.8708,6.5822,0.2607,-0.0435,2.3513,0.1415,-0.0134,-0.0012,16.1825,-0.0248,-0.3138,0.1759
16.350,62.140,1.2476,-5.1293,-94.993,1.2611,-4.9074,-93.086,-0.2223,-0.0059,0.2224,1.907,0.7397,4.0246,1.686,0.2583,-8.9434,-94.772,7.641,-0.3615,63.711,0.6809,0.0191,0.0231,1.2043,7.9215,8.1932,nan,6.3998,6.2506,0.2475,-0.0509,2.2986,0.1271,-0.0280,-0.0153,16.6819,-0.0897,-0.3138,0.1759
16.400,62.556,1.2084,-5.5425,-96.160,1.2230,-5.2926,-94.818,-0.2500,-0.0123,0.2503,1.342,0.7935,4.0152,1.312,0.2163,-9.3152,-96.130,7.440,-0.4297,64.108,0.6419,0.0206,0.0173,0.8365,7.6266,7.5197,nan,6.1283,5.9779,0.2367,-0.0459,2.2892,0.0967,-0.0495,-0.0339,16.9816,-0.0903,-3.9786,0.1759
16.450,62.964,1.1599,-5.9481,-97.964,1.1745,-5.6969,-96.978,-0.2509,-0.0203,0.2517,0.986,0.9189,3.9944,0.527,0.1664,-9.6932,-97.506,6.910,-0.5109,64.462,0.6159,0.0269,0.0257,0.9546,7.3474,7.2596,nan,5.8716,5.7204,0.2266,-0.0420,2.2442,0.0594,-0.0700,-0.0507,17.2813,-0.0909,-9.2192,0.1759
16.500,63.325,1.1066,-6.3047,-99.457,1.1226,-6.1035,-98.188,-0.2011,-0.0173,0.2018,1.269,0.7618,3.9052,1.446,0.1081,-10.0146,-99.634,6.466,-0.4354,64.782,0.5841,0.0308,0.0201,0.6526,6.9170,6.4783,nan,5.6298,5.4498,0.2158,-0.0248,2.1853,0.0087,-0.1028,-0.0681,17.5810,-0.0722,-9.6062,0.1759
16.550,63.669,1.0471,-6.6441,-100.731,1.0772,-6.3817,-99.952,-0.2634,-0.0193,0.2641,0.779,0.8568,3.8895,0.888,0.0611,-10.2733,-100.840,6.080,-0.2879,65.094,0.5041,0.0136,0.0228,1.6704,6.4852,5.6285,nan,5.4735,5.2683,0.2086,-0.0483,2.1400,0.0062,-0.0799,-0.0818,17.8806,-0.0410,-8.5819,0.1759
16.600,63.999,0.9840,-6.9681,-101.489,1.0195,-6.6819,-100.733,-0.2875,-0.0222,0.2884,0.756,0.8568,3.8895,0.888,-0.0012,-10.5726,-101.621,5.732,-0.3354,65.397,0.4808,0.0155,0.0244,1.5825,6.0599,5.6523,nan,5.3228,5.1218,0.2028,-0.0629,2.1016,-0.0216,-0.0676,-0.1126,18.1803,-0.0102,-7.8413,0.1759
16.650,63.999,0.9840,-6.9681,-101.489,1.0231,-6.6878,-100.974,-0.2825,-0.0175,0.2830,0.515,0.9050,3.8842,0.647,-0.0012,-10.5726,-101.621,5.732,-0.3354,65.397,0.4808,0.0155,0.0238,1.5387,5.7365,5.6148,nan,5.1001,4.9173,0.1947,-0.0773,2.0527,-0.0370,-0.0491,-0.1418,18.4800,-0.0006,-6.5310,0.1759
16.700,64.312,0.9190,-7.2741,-102.822,0.9599,-7.0021,-101.503,-0.2742,-0.0205,0.2750,1.319,0.8229,3.8817,1.087,-0.0695,-10.8845,-102.590,5.453,-0.5001,65.690,0.4874,0.0139,0.0180,1.2892,5.3486,5.1172,nan,5.0272,4.7995,0.1901,-0.0873,2.0225,-0.0521,-0.0461,-0.1539,18.6798,0.0475,-5.2708,0.1759
16.750,64.606,0.8505,-7.5597,-104.491,0.9046,-7.2756,-102.124,-0.2886,-0.0187,0.2892,2.367,0.5827,3.8644,2.362,-0.1374,-11.1438,-104.486,5.233,-0.5887,65.968,0.4629,0.0157,0.0149,0.9438,4.9794,4.8037,nan,4.8751,4.6235,0.1831,-0.1153,2.0225,-0.0501,-0.0224,-0.1744,18.8796,0.0851,-5.1810,0.1759
16.800,64.887,0.7763,-7.8315,-106.423,0.8424,-7.5591,-103.920,-0.2800,-0.0136,0.2803,2.503,0.5830,3.8061,2.333,-0.2035,-11.3664,-106.253,5.027,-0.6037,66.236,0.4146,0.0047,0.0326,6.9751,5.0576,5.1417,nan,4.7104,4.5368,0.1797,-0.1396,2.0225,-0.0542,0.0026,-0.1942,19.1792,0.0352,-2.7432,0.1759
16.850,65.164,0.6942,-8.0955,-108.552,0.7440,-7.8948,-106.643,-0.2061,-0.0166,0.2068,1.909,0.6860,3.7720,1.764,-0.3011,-11.6631,-108.407,4.852,-0.7070,66.502,0.4508,0.0072,0.0134,1.8666,5.0802,5.1417,nan,4.4891,4.3781,0.1734,-0.1674,1.8721,-0.0433,0.0301,-0.2095,19.4789,-0.0082,-2.7432,0.1759
16.900,65.444,0.5996,-8.3593,-111.421,0.6575,-8.1626,-109.220,-0.2043,-0.0179,0.2051,2.201,0.6909,3.7345,1.716,-0.3897,-11.8908,-110.936,4.646,-0.9652,66.770,0.4156,0.0143,0.0095,0.6693,4.7505,4.6440,nan,4.2928,4.1389,0.1639,-0.1864,1.7840,-0.0535,0.0176,-0.2110,19.6787,0.0211,-4.4625,0.1759
16.950,65.715,0.4934,-8.6088,-115.401,0.5417,-8.4346,-112.801,-0.1781,-0.0311,0.1808,2.600,0.6504,3.7048,1.848,-0.5000,-12.1295,-114.649,4.409,-1.2214,67.028,0.4079,0.0029,0.0188,6.4582,4.5825,4.5837,nan,4.1683,4.0575,0.1607,-0.1935,1.6669,-0.0549,0.0171,-0.2616,19.9784,0.0141,-5.3254,0.1759
17.000,65.952,0.3860,-8.8191,-119.322,0.4258,-8.6797,-117.694,-0.1410,-0.0335,0.1450,1.628,0.7119,3.6636,1.537,-0.6171,-12.3312,-119.231,4.198,-1.2523,67.254,0.4048,0.0056,0.0088,1.5805,4.4177,4.4204,nan,4.0435,3.9497,0.1564,-0.1919,1.5817,-0.0697,-0.0111,-0.2921,20.1781,0.0127,-5.5448,0.1759
17.050,65.952,0.3860,-8.8191,-119.322,0.4258,-8.6797,-117.694,-0.1410,-0.0335,0.1450,1.628,0.7119,3.6636,1.537,-0.6171,-12.3312,-119.231,4.198,-1.2523,67.254,0.4048,0.0056,0.0088,1.5805,4.1662,4.1356,nan,3.9216,3.8129,0.1510,-0.2021,1.4784,-0.0598,-0.0212,-0.3182,20.3779,0.0310,-3.8727,0.1759
17.100,66.178,0.2691,-9.0134,-123.263,0.3213,-8.8676,-121.501,-0.1505,-0.0363,0.1548,1.762,0.6132,3.6742,2.031,-0.7362,-12.5236,-123.532,4.054,-1.2152,67.474,0.4043,0.0109,0.0070,0.6466,3.8461,3.7709,nan,3.8647,3.8916,0.1541,-0.2014,1.3279,-0.0644,-0.0018,-0.3408,20.5777,0.0114,-3.4695,0.1759
17.150,66.425,0.1272,-9.2150,-127.493,0.1935,-9.0538,-125.507,-0.1683,-0.0455,0.1743,1.986,0.6077,3.6587,2.033,-0.8649,-12.6898,-127.540,3.913,-1.2087,67.715,0.3670,0.0290,0.0062,0.2135,3.8791,3.9170,nan,3.7635,3.6371,0.1440,-0.2065,0.9652,-0.0485,0.0077,-0.3633,20.7775,0.0498,-3.4328,0.1759
17.200,66.644,-0.0115,-9.3848,-131.456,0.0525,-9.2447,-130.019,-0.1474,-0.0448,0.1540,1.437,0.7672,3.6418,1.263,-0.9986,-12.8676,-131.282,3.799,-1.1931,67.930,0.3714,0.0049,0.0127,2.6133,3.9004,3.9362,nan,3.6503,3.5712,0.1414,-0.2440,0.8782,-0.0441,0.0246,-0.3900,20.9773,0.0195,-0.5436,0.1759
17.250,66.853,-0.1541,-9.5370,-135.203,-0.1145,-9.4362,-134.378,-0.0991,-0.0437,0.1083,0.825,0.8473,3.6002,0.844,-1.1538,-13.0209,-135.222,3.767,-1.2041,68.139,0.3787,0.0105,0.0042,0.3975,3.9038,3.9362,nan,3.4957,3.4831,0.1379,-0.2591,0.8782,-0.0534,0.0299,-0.4266,21.1771,-0.0199,-0.5436,0.1759
17.300,67.056,-0.3023,-9.6758,-138.968,-0.2602,-9.5640,-137.815,-0.1051,-0.0567,0.1195,1.153,0.7614,3.6160,1.249,-1.3087,-13.1546,-139.064,3.625,-1.2403,68.336,0.3778,0.0187,0.0087,0.4654,3.7821,3.7934,nan,3.1975,3.2131,0.1273,-0.3003,0.8782,-0.0358,0.0484,-0.4349,21.3769,-0.0494,-3.7828,0.1759
17.350,67.250,-0.4534,-9.7985,-143.413,-0.3893,-9.6766,-141.191,-0.1241,-0.0597,0.1377,2.222,0.6616,3.6258,1.745,-1.4554,-13.2642,-142.936,3.464,-1.4385,68.525,0.3644,0.0258,0.0053,0.2072,3.5570,3.5378,nan,3.1166,3.0441,0.1206,-0.3388,0.8782,-0.0347,0.0796,-0.4327,21.5766,-0.0061,-4.2005,0.1759
17.400,67.443,-0.6130,-9.9073,-148.543,-0.5419,-9.7936,-146.213,-0.1200,-0.0599,0.1341,2.330,0.6715,3.6034,1.677,-1.6050,-13.3557,-147.890,3.222,-1.5896,68.708,0.3445,0.0077,0.0156,2.0320,3.3850,3.3814,nan,3.0686,2.9402,0.1164,-0.3622,0.8782,-0.0293,0.0411,-0.4278,21.6765,0.0244,-5.8903,0.1759
17.450,67.612,-0.7602,-9.9893,-153.667,-0.7147,-9.8848,-152.081,-0.0871,-0.0735,0.1140,1.586,0.6715,3.6034,1.677,-1.7805,-13.4418,-153.758,3.041,-1.6663,68.872,0.3638,0.0099,0.0094,0.9471,3.3679,3.3925,nan,3.0557,2.9008,0.1149,-0.3769,0.8782,-0.0182,0.0285,-0.4428,21.8763,0.0324,-5.1500,0.1759
17.501,67.612,-0.7602,-9.9893,-153.667,-0.7207,-9.8949,-152.097,-0.0773,-0.0671,0.1023,1.570,0.6694,3.5929,1.661,-1.7805,-13.4418,-153.758,3.041,-1.6663,68.872,0.3638,0.0099,0.0073,0.7404,3.0056,2.8541,nan,3.0682,3.0773,0.1219,-0.3664,0.8782,-0.0222,-0.0089,-0.5019,21.9762,0.0179,-4.5627,0.1759
17.550,67.775,-0.9089,-10.0551,-158.963,-0.8449,-9.9534,-156.626,-0.0962,-0.0719,0.1202,2.337,0.5093,3.5962,2.317,-1.9009,-13.4838,-158.943,2.896,-1.6920,69.031,0.3280,0.0150,0.0129,0.8601,2.8897,2.8948,nan,3.1243,3.0912,0.1224,-0.3962,0.8782,-0.0153,0.0338,-0.6686,22.1760,0.0504,-2.6588,0.1759
17.600,67.926,-1.0524,-10.1035,-164.094,-1.0029,-10.0202,-161.653,-0.0704,-0.0665,0.0969,2.441,0.4836,3.5787,2.375,-2.0488,-13.5256,-164.028,2.831,-1.6747,69.182,0.3251,0.0206,0.0083,0.4029,2.8807,2.9024,nan,3.1930,3.1412,0.1244,-0.4311,0.8782,0.0054,0.0174,-0.6936,22.2759,0.0651,-1.1283,0.1759
17.650,68.099,-1.2205,-10.1429,-169.789,-1.1714,-10.0718,-167.445,-0.0610,-0.0612,0.0864,2.343,0.4814,3.5732,2.378,-2.2176,-13.5647,-169.824,2.908,-1.7238,69.362,0.3253,0.0358,0.0085,0.2375,2.9713,3.0148,nan,3.3034,3.3445,0.1325,-0.4215,1.0804,0.0128,0.0630,-0.6101,22.4757,0.0380,-0.1928,0.1759
17.700,68.256,-1.3767,-10.1638,-175.384,-1.3551,-10.1010,-172.676,-0.0266,-0.0608,0.0664,2.708,0.4418,3.5686,2.487,-2.3883,-13.5789,-175.162,2.929,-1.8594,69.525,0.3287,0.0171,0.0250,1.4577,2.9716,2.9956,nan,3.3431,3.3617,0.1331,-0.3943,1.1603,0.0221,0.0929,-0.6205,22.6754,0.0494,-0.0442,0.1759
17.750,68.421,-1.5412,-10.1687,178.286,-1.5262,-10.1085,180.630,-0.0132,-0.0606,0.0620,2.344,0.5345,3.5511,2.095,-2.5588,-13.5752,178.535,2.962,-1.9823,69.697,0.3259,0.0225,0.0243,1.0786,2.9717,2.9956,nan,3.4279,3.4436,0.1364,-0.3781,1.1949,0.0323,0.0541,-0.5594,22.7753,0.0602,-0.0442,0.1759
17.800,68.593,-1.7127,-10.1545,171.760,-1.6876,-10.0904,173.987,-0.0156,-0.0671,0.0689,2.227,0.6164,3.5385,1.753,-2.7199,-13.5520,172.234,3.074,-1.8902,69.882,0.3124,0.0315,0.0160,0.5075,2.9901,3.0172,nan,3.4839,3.5128,0.1391,-0.3406,1.2092,0.0296,0.0457,-0.5476,22.9751,0.0610,2.0569,0.1759
17.850,68.762,-1.8790,-10.1225,166.028,-1.8972,-10.0486,167.116,0.0355,-0.0674,0.0761,1.088,0.6656,3.5273,1.600,-2.9407,-13.4990,165.516,3.187,-1.7746,70.062,0.3359,0.0363,0.0239,0.6575,3.2766,3.4939,nan,3.5863,3.6505,0.1446,-0.3213,1.3540,0.0303,0.0475,-0.5040,23.1749,0.0301,3.0448,0.1759
17.900,68.944,-2.0532,-10.0707,160.476,-2.0415,-9.9999,161.555,0.0126,-0.0707,0.0718,1.079,0.7896,3.5010,1.061,-3.0807,-13.4462,160.493,3.298,-1.6794,70.254,0.3100,0.0203,0.0095,0.4683,3.1268,3.1265,nan,3.6326,3.6770,0.1456,-0.2953,1.3156,0.0231,0.0192,-0.4684,23.2748,0.0588,2.8455,0.1759
17.950,69.129,-2.2247,-10.0015,155.189,-2.2461,-9.9128,156.086,0.0566,-0.0716,0.0913,0.897,0.7896,3.5010,1.061,-3.2837,-13.3553,155.025,3.418,-1.6109,70.450,0.3194,0.0226,0.0144,0.6355,3.3796,3.5311,nan,3.7178,3.8076,0.1508,-0.2871,1.4292,0.0233,0.0214,-0.4498,23.4746,0.0270,2.8151,0.1759
18.000,69.298,-2.3758,-9.9250,150.722,-2.3895,-9.8325,151.306,0.0572,-0.0739,0.0935,0.584,0.8218,3.4895,0.980,-3.4387,-13.2652,150.326,3.488,-1.5911,70.626,0.3145,0.0210,0.0087,0.4157,3.4296,3.4670,nan,3.7934,3.8640,0.1530,-0.2705,1.4504,0.0181,0.0328,-0.4323,23.6744,0.0357,2.0266,0.1759
18.050,69.298,-2.3758,-9.9250,150.722,-2.3834,-9.8349,151.315,0.0507,-0.0748,0.0904,0.594,0.8256,3.4877,0.990,-3.4387,-13.2652,150.326,3.488,-1.5911,70.626,0.3145,0.0210,0.0066,0.3133,3.3397,3.3531,nan,3.8333,3.8650,0.1531,-0.2611,1.4123,0.0202,0.0039,-0.4278,23.7742,0.0621,1.5259,0.1759
18.100,69.518,-2.5626,-9.8087,145.088,-2.5504,-9.7331,146.158,0.0333,-0.0690,0.0766,1.070,0.8543,3.4825,0.858,-3.6022,-13.1632,145.300,3.600,-1.5333,70.856,0.3048,0.0328,0.0055,0.1666,3.6308,3.8852,nan,4.0208,4.0186,0.1592,-0.2555,1.5354,0.0158,0.0098,-0.4494,23.9740,0.0615,1.7077,0.1759
18.150,69.722,-2.7251,-9.6856,140.176,-2.7356,-9.5871,141.210,0.0711,-0.0690,0.0991,1.034,0.8349,3.4823,0.977,-3.7929,-13.0065,140.233,3.672,-1.4984,71.067,0.3079,0.0356,0.0135,0.3782,3.7580,3.8221,nan,4.1287,4.1786,0.1655,-0.2415,1.6060,0.0145,0.0239,-0.4380,24.1738,0.0443,0.6521,0.1756
18.200,69.933,-2.8813,-9.5447,135.281,-2.9042,-9.4263,136.156,0.0996,-0.0680,0.1206,0.876,0.8536,3.4858,0.827,-3.9438,-12.8566,135.329,3.717,-1.4877,71.284,0.2987,0.0209,0.0161,0.7689,3.7861,3.8221,nan,4.1801,4.3169,0.1710,-0.2274,1.6918,0.0228,0.0298,-0.3511,24.3736,0.0263,0.6521,0.1756
18.250,70.143,-3.0253,-9.3908,130.482,-3.0445,-9.2609,131.348,0.1112,-0.0697,0.1313,0.866,0.8825,3.4845,0.686,-4.0793,-12.6975,130.662,3.814,-1.4488,71.504,0.2888,0.0232,0.0143,0.6181,3.8014,3.8352,nan,4.2808,4.4060,0.1745,-0.2185,1.7015,0.0240,0.0212,-0.3436,24.5734,0.0401,1.9057,0.1756
18.300,70.349,-3.1531,-9.2301,126.083,-3.1909,-9.0643,127.019,0.1562,-0.0671,0.1700,0.936,0.7787,3.5223,1.143,-4.2199,-12.5049,125.876,3.935,-1.3679,71.720,0.2853,0.0229,0.0212,0.9251,3.9745,4.0636,nan,4.4316,4.5315,0.1795,-0.2094,1.7987,0.0225,0.0474,-0.3277,24.8731,0.0440,2.5931,0.1756
18.350,70.570,-3.2774,-9.0470,121.793,-3.2987,-8.9046,123.109,0.1322,-0.0569,0.1439,1.315,0.7519,3.5205,1.274,-4.3260,-12.3320,121.834,4.098,-1.3474,71.955,0.2734,0.0217,0.0211,0.9758,3.8843,3.9021,nan,4.5280,4.5881,0.1817,-0.2088,1.7785,0.0255,0.0584,-0.3067,25.0728,0.0755,3.9042,0.1756
18.400,70.804,-3.3937,-8.8443,117.436,-3.4319,-8.6745,118.586,0.1683,-0.0443,0.1740,1.150,0.7784,3.5062,1.146,-4.4530,-12.0941,117.440,4.236,-1.3741,72.202,0.2691,0.0196,0.0263,1.3419,4.1492,4.3495,nan,4.6594,4.7655,0.1887,-0.2058,1.9176,0.0385,0.0530,-0.2900,25.2726,0.0506,3.2434,0.1756
18.450,71.053,-3.5005,-8.6193,112.818,-3.5356,-8.4422,113.850,0.1769,-0.0363,0.1806,1.032,0.8432,3.4887,0.824,-4.5499,-11.8667,113.026,4.353,-1.3977,72.463,0.2589,0.0164,0.0264,1.6043,4.2926,4.3777,nan,4.7336,4.8591,0.1924,-0.1937,1.9972,0.0429,0.0374,-0.2780,25.4724,0.0398,2.2198,0.1756
18.500,71.053,-3.5005,-8.6193,112.818,-3.5356,-8.4422,113.850,0.1769,-0.0363,0.1806,1.032,0.8432,3.4887,0.824,-4.5499,-11.8667,113.026,4.353,-1.3977,72.587,0.2589,0.0164,0.0264,1.6043,4.5130,4.6726,nan,4.8372,4.9813,0.1973,-0.1770,2.1097,0.0428,0.0391,-0.2696,25.7721,0.0248,2.7437,0.1756
18.550,71.287,-3.5841,-8.4006,108.544,-3.6280,-8.1914,109.003,0.2123,-0.0250,0.2138,0.459,0.8849,3.4634,0.615,-4.6376,-11.6058,108.389,4.474,-1.3704,72.710,0.2516,0.0147,0.0275,1.8670,4.4461,4.4730,nan,4.9034,4.9898,0.1976,-0.1655,2.0795,0.0418,0.0241,-0.2688,25.9719,0.0497,2.3726,0.1756
18.600,71.536,-3.6555,-8.1620,104.255,-3.6824,-7.9908,105.079,0.1726,-0.0160,0.1733,0.823,0.8378,3.4560,0.877,-4.6949,-11.3763,104.202,4.581,-1.2937,72.970,0.2397,0.0131,0.0281,2.1360,4.6077,4.7197,nan,5.0007,5.1004,0.2020,-0.1546,2.1645,0.0411,0.0200,-0.2611,26.1716,0.0409,2.6551,0.1756
18.650,71.796,-3.7115,-7.9081,100.166,-3.7332,-7.7498,101.882,0.1596,-0.0066,0.1597,1.717,0.6805,3.4935,1.694,-4.7441,-11.1079,100.188,4.693,-1.2244,73.242,0.2301,0.0120,0.0381,3.1708,4.8052,4.9601,nan,5.0698,5.2035,0.2061,-0.1512,2.2341,0.0451,0.0509,-0.2505,26.4713,0.0224,1.6160,0.1756
18.700,72.070,-3.7515,-7.6366,96.155,-3.7667,-7.4557,97.100,0.1815,-0.0042,0.1815,0.945,0.8091,3.4356,1.070,-4.7784,-10.8040,96.030,4.773,-1.1569,73.526,0.2208,0.0120,0.0383,3.1955,4.8825,4.9601,nan,5.1929,5.3171,0.2106,-0.1408,2.2434,0.0557,0.0389,-0.2434,26.6711,0.0296,1.6160,0.1756
18.750,72.335,-3.7726,-7.3726,92.511,-3.7749,-7.1947,93.661,0.1779,-0.0055,0.1780,1.150,0.7828,3.4460,1.247,-4.7881,-10.5390,92.415,4.857,-1.1428,73.801,0.2093,0.0086,0.0396,4.5919,4.8037,4.8316,nan,5.2913,5.3756,0.2129,-0.1226,2.2569,0.0400,0.0242,-0.2329,26.8709,0.0550,1.7907,0.1756
18.800,72.600,-3.7771,-7.1079,88.952,-3.7696,-6.9815,90.980,0.1266,-0.0052,0.1267,2.027,0.6519,3.4519,2.001,-4.7831,-10.2726,88.979,4.937,-1.1539,74.076,0.1998,0.0072,0.0421,5.8388,4.8287,4.8846,nan,5.4093,5.5095,0.2182,-0.1111,2.2940,0.0350,0.0384,-0.2051,27.1706,0.0630,1.8853,0.1756
18.850,72.880,-3.7652,-6.8276,85.857,-3.7490,-6.7098,86.967,0.1187,-0.0076,0.1189,1.109,0.7318,3.4051,1.597,-4.7610,-9.9861,85.370,5.074,-0.8934,74.370,0.1895,0.0051,0.0301,5.8977,4.9732,5.0930,nan,5.5238,5.6806,0.2250,-0.1001,2.3311,0.0300,0.0310,-0.1781,27.3704,0.0532,0.8961,0.1756
18.900,73.163,-3.7388,-6.5460,83.084,-3.7279,-6.4174,84.140,0.1289,0.0046,0.1290,1.056,0.8212,3.3425,1.082,-4.7326,-9.6722,83.058,5.202,-0.8329,74.666,0.1903,0.0096,0.0275,2.8625,5.2018,5.4350,nan,5.7196,5.9962,0.2375,-0.1038,2.3949,0.0383,0.0444,-0.1057,27.6700,0.0414,2.9319,0.1756
18.950,73.454,-3.6982,-6.2585,80.505,-3.6826,-6.1299,81.807,0.1295,0.0058,0.1296,1.302,0.7668,3.3542,1.412,-4.6817,-9.3716,80.395,5.350,-0.8573,74.972,0.1829,0.0037,0.0320,8.6322,5.3120,5.4248,nan,5.8469,6.1239,0.2425,-0.0924,2.3949,0.0321,0.0190,-0.1176,27.8698,0.0443,3.3459,0.1756
19.000,73.721,-3.6495,-5.9961,78.036,-3.6296,-5.8495,79.341,0.1475,0.0109,0.1479,1.306,0.7668,3.3542,1.412,-4.6219,-9.0926,77.929,5.528,-0.8432,75.257,0.1772,0.0026,0.0352,13.4664,5.3562,5.4344,nan,5.9284,6.1476,0.2435,-0.0882,2.3949,0.0304,0.0196,-0.1298,28.1695,0.0524,4.3835,0.1756
19.050,74.030,-3.5796,-5.6946,75.505,-3.5597,-5.5607,77.016,0.1346,0.0142,0.1354,1.510,0.7506,3.3692,1.545,-4.5494,-8.8105,75.471,5.706,-0.8107,75.586,0.1689,0.0422,0.0613,1.4509,5.3898,5.4643,nan,6.0485,6.2127,0.2460,-0.0809,2.3955,0.0273,0.0217,-0.1331,28.4692,0.0664,4.0665,0.1756
19.100,74.030,-3.5796,-5.6946,75.505,-3.5542,-5.5513,76.763,0.1451,0.0113,0.1455,1.258,0.7953,3.3596,1.293,-4.5494,-8.8105,75.471,5.706,-0.8107,75.586,0.1689,0.0012,0.0311,26.6802,5.6653,6.2071,nan,6.1642,6.3732,0.2524,-0.0717,2.4046,0.0272,0.0174,-0.1270,28.7688,0.0468,2.3218,0.1756
19.150,74.353,-3.4930,-5.3838,72.989,-3.4384,-5.1887,73.911,0.2025,0.0049,0.2026,0.922,0.8612,3.3311,0.955,-4.4411,-8.4469,72.956,5.811,-0.7481,75.922,0.1708,0.0018,0.0290,16.0078,5.8722,6.1294,nan,6.3387,6.5674,0.2601,-0.0574,2.4057,0.0097,0.0133,-0.1190,29.0685,0.0433,2.0522,0.1756
19.200,74.681,-3.3915,-5.0717,70.637,-3.3222,-4.8756,71.490,0.2080,-0.0004,0.2080,0.853,0.8658,3.3153,0.963,-4.3252,-8.1194,70.527,5.906,-0.6807,76.263,0.1687,0.0035,0.0253,7.2000,5.8763,5.9507,nan,6.4333,6.6327,0.2627,-0.0456,2.4057,-0.0019,0.0177,-0.1157,29.3682,0.0548,2.5577,0.1756
19.250,75.009,-3.2779,-4.7638,68.557,-3.1991,-4.5570,69.301,0.2213,0.0023,0.2213,0.745,0.9052,3.3298,0.771,-4.2102,-7.8308,68.530,6.021,-0.5828,76.605,0.1556,0.0053,0.0110,2.0914,6.0813,6.3534,nan,6.5799,6.7599,0.2677,-0.0368,2.4057,0.0057,0.0244,-0.1262,29.6679,0.0510,3.3176,0.1756
19.300,75.345,-3.1514,-4.4531,66.871,-3.0587,-4.2096,67.234,0.2604,0.0104,0.2606,0.363,0.9226,3.3087,0.590,-4.0585,-7.4770,66.645,6.164,-0.4776,76.958,0.1680,0.0012,0.0128,10.2772,6.1942,6.3534,nan,6.7646,7.0808,0.2804,-0.0226,2.5063,0.0130,0.0291,-0.0402,30.0674,0.0527,3.3176,0.1756
19.350,75.693,-3.0110,-4.1339,65.477,-2.9216,-3.9137,66.490,0.2374,0.0100,0.2377,1.012,0.8700,3.3480,1.068,-3.9262,-7.1898,65.422,6.289,-0.3110,77.323,0.1495,0.0008,0.0110,13.2682,6.1263,6.1750,nan,6.8951,7.1835,0.2845,-0.0142,2.5053,0.0197,0.0185,-0.0116,30.3671,0.0744,2.6299,0.1756
19.400,76.046,-2.8627,-3.8140,64.743,-2.7331,-3.5023,66.447,0.3372,0.0158,0.3376,1.704,0.7685,3.4225,1.990,-3.7399,-6.7990,64.458,6.509,-0.1949,77.702,0.1873,0.0010,0.0168,17.3367,6.3843,6.9055,nan,6.9912,7.3183,0.2898,-0.0143,2.5035,0.0322,0.0280,-0.0181,30.7667,0.0573,4.9715,0.1756
19.450,76.422,-2.7006,-3.4742,64.267,-2.5947,-3.1878,67.134,0.3040,0.0290,0.3054,2.867,0.6486,3.4771,3.005,-3.5882,-6.4857,64.129,6.689,-0.1432,78.101,0.1678,0.0031,0.0218,7.0433,6.4770,6.6323,nan,6.9912,7.3273,0.2902,-0.0229,2.4746,0.0550,0.0533,-0.0223,31.1662,0.0479,3.8222,0.1756
19.500,76.795,-2.5376,-3.1391,63.793,-2.4258,-2.7680,68.098,0.3823,0.0636,0.3876,4.305,0.4969,3.5461,4.302,-3.3881,-6.0770,63.796,6.842,-0.2073,78.494,0.2248,0.0021,0.0499,23.9903,6.7319,7.3049,nan,6.9912,7.0255,0.2782,-0.0328,2.4149,0.0924,0.0750,0.0034,31.5658,0.0436,3.5313,0.1756
19.550,76.795,-2.5376,-3.1391,63.793,-2.4258,-2.7680,68.098,0.3823,0.0636,0.3876,4.305,0.4969,3.5461,4.302,-3.3881,-6.0770,63.796,6.842,-0.2073,78.494,0.2248,0.0021,0.0499,23.9903,6.7501,6.8591,nan,6.9912,7.0304,0.2784,-0.0380,2.3855,0.1334,0.0794,0.0256,31.8655,0.0415,2.1427,0.1756
19.600,77.181,-2.3652,-2.7937,63.012,-2.2833,-2.4547,66.159,0.3392,0.0808,0.3487,3.147,0.6338,3.4651,3.033,-3.2262,-5.7572,63.126,6.925,-0.3120,78.893,0.2024,0.0015,0.0344,22.5648,6.8884,7.1192,nan,6.9912,7.0678,0.2799,-0.0002,2.3616,0.1271,0.0267,0.0387,32.1652,0.0260,-1.2005,0.1756
19.650,77.560,-2.1906,-2.4571,61.898,-2.1122,-2.0990,65.840,0.3528,0.0996,0.3666,3.942,0.5702,3.5035,3.767,-3.0447,-5.4141,62.073,6.873,-0.3849,79.273,0.2069,0.0046,0.0332,7.2476,7.0124,7.2324,nan,6.9227,7.0494,0.2792,0.0206,2.3321,0.1248,-0.0045,0.0588,32.5647,0.0053,-0.7787,0.1756
19.700,77.937,-2.0101,-2.1261,60.658,-1.9157,-1.6930,64.588,0.4238,0.1300,0.4433,3.930,0.5772,3.5481,3.917,-2.8452,-5.0586,60.671,6.841,-0.1934,79.652,0.2277,0.0097,0.0141,1.4531,6.8483,6.8582,nan,6.6500,6.7976,0.2692,0.0451,2.3290,0.1137,-0.0313,0.0619,32.9643,-0.0074,0.0103,0.1756
19.750,78.320,-1.8220,-1.7922,60.634,-1.7291,-1.3244,64.008,0.4533,0.1484,0.4770,3.374,0.5955,3.5909,3.977,-2.6598,-4.7423,60.030,6.840,0.1112,80.041,0.2106,0.0076,0.0242,3.1788,6.7985,6.8682,nan,6.3984,6.5929,0.2611,0.0655,2.3280,0.1007,-0.0438,0.0542,33.2640,-0.0302,-0.2584,0.1756
19.800,78.696,-1.6389,-1.4639,61.327,-1.5575,-0.9778,64.881,0.4656,0.1618,0.4929,3.555,0.6153,3.5946,3.899,-2.4787,-4.4140,60.982,6.822,0.3363,80.420,0.2109,0.0029,0.0170,5.8746,6.7810,6.8682,nan,6.0834,5.7566,0.2280,0.0826,2.2356,0.0927,-0.0399,0.0666,33.6635,0.0051,-0.2584,0.1756
19.850,79.075,-1.4602,-1.1296,62.829,-1.3906,-0.5899,66.752,0.5119,0.1846,0.5442,3.923,0.5911,3.6380,4.344,-2.2963,-4.0656,62.407,6.718,0.5737,80.794,0.2243,0.0012,0.0199,15.9676,6.8191,6.9450,nan,5.7779,5.6019,0.2219,0.0931,2.2268,0.0802,-0.0404,0.1120,34.0631,-0.0462,-2.2253,0.1756
19.900,79.447,-1.2951,-0.7963,65.016,-1.2694,-0.2920,68.306,0.4679,0.1897,0.5049,3.290,0.6332,3.5877,3.682,-2.1478,-3.7495,64.624,6.549,0.7311,81.153,0.2103,0.0024,0.0209,8.6879,6.6643,6.6784,nan,5.5490,5.4420,0.2155,0.0945,2.0863,0.0924,-0.0197,0.1338,34.3628,-0.0617,-3.1549,0.1756
19.950,79.795,-1.1540,-0.4790,67.788,-1.1498,0.0154,70.805,0.4593,0.1831,0.4945,3.017,0.6503,3.5436,3.442,-2.0087,-3.4137,67.363,6.096,0.8949,81.460,0.2288,0.0040,0.0230,5.7175,6.5488,6.5821,nan,5.3028,5.4781,0.2170,0.1009,2.0742,0.0880,-0.0221,0.1512,34.6624,-0.0453,-8.8059,0.1756
20.000,80.119,-1.0369,-0.1761,70.548,-1.0537,0.2768,72.453,0.4214,0.1667,0.4532,1.905,0.7791,3.5134,1.774,-1.9322,-3.1783,70.679,5.745,0.8899,81.758,0.1797,0.0158,0.0437,2.7691,6.1104,5.4816,nan,5.2147,5.1054,0.2022,0.0888,2.0407,0.0940,0.0026,0.1616,34.8622,-0.0411,-8.2251,0.1756
20.050,80.435,-0.9377,0.1237,73.389,-0.9818,0.5495,75.133,0.3954,0.1640,0.4281,1.743,0.7791,3.5134,1.774,-1.8518,-2.9079,73.359,5.539,0.7928,82.060,0.1664,0.0123,0.0513,4.1826,5.6893,5.3036,nan,4.9308,4.8076,0.1904,0.1241,1.9802,0.0606,-0.0352,0.1774,35.1619,-0.0249,-4.7139,0.1756
20.100,80.435,-0.9377,0.1237,73.389,-0.9596,0.5860,74.977,0.4368,0.1532,0.4629,1.588,0.8093,3.5451,1.618,-1.8518,-2.9079,73.359,5.539,0.7928,82.060,0.1664,0.0123,0.0362,2.9522,5.5023,5.4950,nan,4.7398,4.6015,0.1822,0.1428,1.8879,0.0398,-0.0548,0.1791,35.4616,-0.0226,-6.4194,0.1756
20.150,80.737,-0.8563,0.4145,75.803,-0.8702,0.9220,76.981,0.4885,0.1379,0.5076,1.178,0.8587,3.5373,0.938,-1.7714,-2.5867,76.043,5.259,0.8081,82.342,0.1911,0.0094,0.0162,1.7147,5.1033,4.8412,nan,4.6530,4.4317,0.1755,0.1659,1.8434,0.0162,-0.0658,0.1801,35.6614,0.0354,-6.6755,0.1756
20.200,81.018,-0.7933,0.6879,78.869,-0.8165,1.1127,78.320,0.4123,0.1048,0.4255,-0.549,0.9101,3.4879,0.066,-1.7294,-2.3732,78.253,4.964,1.0274,82.604,0.1622,0.0144,0.0137,0.9507,4.9364,4.9381,nan,4.3734,4.1666,0.1650,0.1772,1.8123,-0.0134,-0.0489,0.1752,35.8612,0.0209,-6.1798,0.1754
20.250,81.283,-0.7483,0.9496,82.259,-0.7580,1.3590,81.694,0.4044,0.0647,0.4096,-0.565,0.9444,3.4362,-0.511,-1.6838,-2.0923,82.204,4.709,1.1194,82.854,0.1739,0.0247,0.0095,0.3837,4.5736,4.4218,nan,4.1732,3.9470,0.1563,0.2063,1.7515,-0.0231,-0.0288,0.1909,36.0609,0.0466,-5.2273,0.1754
20.300,81.541,-0.7207,1.2054,86.065,-0.7282,1.6070,84.525,0.4001,0.0351,0.4017,-1.540,0.9833,3.4489,-1.255,-1.6708,-1.8789,85.780,4.489,1.2066,83.099,0.1617,0.0236,0.0131,0.5526,4.4168,4.4218,nan,4.0840,3.8873,0.1540,0.2194,1.6330,-0.0319,-0.0242,0.2494,36.2607,0.0471,-5.2273,0.1754
20.350,81.780,-0.7110,1.4450,89.862,-0.7071,1.8127,87.963,0.3677,-0.0030,0.3677,-1.899,1.0194,3.3741,-2.017,-1.6705,-1.6212,89.980,4.245,1.2305,83.326,0.1787,0.0248,0.0147,0.5946,4.4424,4.4893,nan,3.9223,3.7535,0.1487,0.2185,1.4969,-0.0471,-0.0157,0.2428,36.4605,0.0160,-6.2113,0.1754
20.400,82.011,-0.7177,1.6753,94.092,-0.7174,1.9897,90.779,0.3136,-0.0228,0.3144,-3.312,1.0408,3.3270,-2.997,-1.6858,-1.4273,93.776,4.001,1.3356,83.544,0.1711,0.0380,0.0205,0.5394,4.1013,3.9988,nan,3.8381,3.5881,0.1421,0.2512,1.3820,-0.0521,0.0076,0.2385,36.5604,0.0676,-5.9531,0.1754
20.450,82.225,-0.7398,1.8881,98.280,-0.7330,2.1662,94.857,0.2742,-0.0468,0.2782,-3.422,1.0544,3.2775,-3.429,-1.7177,-1.2163,98.287,3.796,1.3438,83.749,0.1799,0.0493,0.0160,0.3249,3.9409,3.9450,nan,3.7419,3.5221,0.1395,0.2532,1.3279,-0.0402,0.0157,0.2928,36.7602,0.0673,-5.5551,0.1754
20.500,82.435,-0.7775,2.0948,102.967,-0.7638,2.3192,99.222,0.2156,-0.0637,0.2248,-3.745,1.0587,3.2243,-3.520,-1.7635,-1.0153,102.742,3.598,1.4186,83.951,0.1860,0.0289,0.0202,0.6988,3.7505,3.7453,nan,3.5321,3.3530,0.1328,0.2445,1.2638,-0.0278,0.0445,0.3362,36.8601,0.0527,-5.1320,0.1754
20.550,82.629,-0.8276,2.2825,107.355,-0.7638,2.3192,99.222,0.0160,-0.0719,0.0736,-8.133,1.0587,3.2243,-3.520,-1.7635,-1.0153,102.742,3.598,1.4186,84.141,0.1904,0.0942,0.0202,0.2141,3.5164,3.4930,nan,3.4559,3.2546,0.1289,0.1934,1.1849,-0.0005,0.0856,0.3741,36.9600,0.0769,-3.4798,0.1754
20.600,82.629,-0.8276,2.2825,107.355,-0.8047,2.4404,103.626,0.1439,-0.0690,0.1596,-3.728,1.0659,3.1683,-3.754,-1.8189,-0.8488,107.380,3.472,1.3294,84.141,0.1869,0.0378,0.0187,0.4944,3.4886,3.5126,nan,3.3783,3.1701,0.1255,0.1721,1.1755,0.0261,0.0692,0.3766,37.1598,0.0727,-3.6613,0.1754
20.650,82.823,-0.8917,2.4653,111.566,-0.8671,2.6124,107.448,0.1278,-0.0770,0.1492,-4.118,1.0689,3.1347,-4.215,-1.8923,-0.6631,111.664,3.342,1.0610,84.330,0.1966,0.0449,0.0193,0.4287,3.3419,3.3442,nan,3.3783,3.3966,0.1345,0.1823,1.1261,0.0487,0.0667,0.3814,37.2596,0.0137,-2.4239,0.1754
20.700,83.000,-0.9612,2.6288,114.601,-0.9351,2.7882,111.032,0.1340,-0.0900,0.1615,-3.569,1.0643,3.1539,-3.946,-1.9696,-0.5025,114.979,3.243,0.8840,84.503,0.2039,0.0472,0.0184,0.3899,3.1217,3.0993,nan,3.2215,3.2227,0.1276,0.2057,1.0519,0.0600,0.0253,0.4158,37.4594,0.0253,-2.2124,0.1754
20.750,83.180,-1.0395,2.7899,117.353,-1.0130,2.9238,114.411,0.1067,-0.0850,0.1364,-2.942,1.0482,3.1728,-3.068,-2.0449,-0.3590,117.479,3.179,0.8957,84.680,0.1993,0.0233,0.0272,1.1662,3.1019,3.1240,nan,3.0723,2.9060,0.1151,0.2338,1.0212,0.0647,0.0277,0.4329,37.5593,0.0679,2.1456,0.1754
20.800,83.360,-1.1264,2.9485,120.287,-1.0913,3.0517,117.081,0.0715,-0.0823,0.1090,-3.206,1.0443,3.1589,-2.952,-2.1272,-0.2170,120.034,3.248,1.0071,84.865,0.1947,0.0338,0.0280,0.8290,3.0994,3.1240,nan,2.9979,2.8543,0.1130,0.2273,0.9416,0.0918,-0.0046,0.4741,37.7591,0.0526,2.1456,0.1754
20.850,83.534,-1.2178,3.0961,123.490,-1.2060,3.2308,120.391,0.1059,-0.0842,0.1352,-3.099,1.0405,3.1372,-3.152,-2.2483,-0.0300,123.542,3.168,1.0831,85.036,0.2265,0.0387,0.0244,0.6314,3.3714,3.5553,nan,2.8412,2.8218,0.1118,0.3214,1.0047,0.1060,-0.0411,0.5349,37.9589,-0.0341,-2.0339,0.1754
20.900,83.704,-1.3159,3.2355,127.058,-1.2808,3.3264,123.940,0.0513,-0.0828,0.0974,-3.118,1.0474,3.1180,-3.086,-2.3360,0.0827,127.026,2.950,1.1554,85.197,0.2138,0.0470,0.0171,0.3639,3.0853,3.0270,nan,2.7683,2.7014,0.1070,0.2924,0.9194,0.1223,-0.0419,0.5702,38.0588,0.0038,-5.9460,0.1754
20.950,83.868,-1.4189,3.3621,131.571,-1.3758,3.4329,128.236,0.0244,-0.0792,0.0828,-3.335,1.0448,3.1384,-2.434,-2.4310,0.1914,130.669,2.799,1.2820,85.356,0.2061,0.0652,0.0096,0.1475,2.8659,2.8412,nan,2.6365,2.5479,0.1009,0.2915,0.8540,0.1350,-0.0368,0.5987,38.1587,0.0194,-4.1604,0.1754
21.000,84.015,-1.5205,3.4693,135.438,-1.4971,3.5468,134.053,0.0377,-0.0717,0.0810,-1.385,1.0443,3.1690,-1.597,-2.5509,0.3069,135.650,2.677,1.2181,85.500,0.2242,0.0307,0.0065,0.2127,2.8902,2.9176,nan,2.5114,2.4636,0.0976,0.2735,0.8613,0.1515,-0.0628,0.6563,38.3585,-0.0104,-3.3728,0.1754
21.050,84.141,-1.6121,3.5547,138.705,-1.5776,3.6179,137.198,0.0158,-0.0702,0.0720,-1.507,1.0443,3.1690,-1.597,-2.6334,0.3757,138.794,2.558,1.1661,85.621,0.2160,0.0277,0.0105,0.3814,2.6419,2.6014,nan,2.5114,2.3506,0.0931,0.2764,0.8000,0.1644,-0.0499,0.5031,38.4584,0.0519,-4.0528,0.1754
21.100,84.281,-1.7201,3.6440,142.140,-1.6840,3.7056,140.860,0.0093,-0.0708,0.0714,-1.280,1.0443,3.1690,-1.597,-2.7422,0.4604,142.457,2.451,1.0519,85.758,0.2172,0.0323,0.0061,0.1879,2.5219,2.5227,nan,2.5213,2.2942,0.0909,0.3456,0.8000,0.1623,-0.0430,0.3670,38.5582,0.0860,-1.7238,0.1754
21.150,84.281,-1.7201,3.6440,142.140,-1.6895,3.7175,141.283,0.0209,-0.0769,0.0797,-0.857,1.0427,3.2011,-1.173,-2.7422,0.4604,142.457,2.451,1.0519,85.758,0.2172,0.0323,0.0029,0.0907,2.4305,2.4362,nan,2.4627,2.4744,0.0980,0.5175,0.8000,0.1531,-0.1312,0.9496,38.7580,0.0110,-3.5173,0.1754
21.200,84.414,-1.8280,3.7229,145.445,-1.7928,3.8007,143.720,0.0151,-0.0840,0.0854,-1.726,1.0375,3.1842,-1.696,-2.8473,0.5325,145.415,2.335,1.0794,85.888,0.2154,0.0371,0.0089,0.2409,2.3874,2.4004,nan,2.2785,2.3237,0.0920,0.6496,0.8000,0.1321,-0.1757,0.9114,38.8579,-0.0159,-2.7952,0.1754
21.250,84.540,-1.9339,3.7908,149.325,-1.9076,3.8900,147.391,0.0280,-0.0988,0.1027,-1.934,1.0370,3.2077,-1.562,-2.9621,0.6018,148.953,2.271,1.2987,86.013,0.2240,0.0449,0.0114,0.2545,2.2208,2.2075,nan,2.2785,2.2823,0.0904,0.7289,0.8000,0.1069,-0.1859,0.8848,38.9578,0.0154,1.3852,0.1754
21.300,84.669,-2.0470,3.8518,154.681,-2.0216,3.9599,151.813,0.0232,-0.1085,0.1110,-2.868,1.0245,3.2053,-1.889,-3.0693,0.6537,153.702,2.294,1.9049,86.147,0.2197,0.0620,0.0171,0.2759,2.2671,2.2933,nan,2.2241,2.1220,0.0840,0.7933,0.8000,0.0851,-0.1791,0.8798,39.0577,0.0417,-2.7838,0.1754
21.350,84.792,-2.1610,3.8985,161.147,-2.1551,4.0265,158.704,0.0358,-0.1231,0.1282,-2.443,1.0109,3.2349,-1.735,-3.1885,0.6954,160.439,2.200,2.1754,86.272,0.2257,0.0245,0.0356,1.4517,2.2996,2.3234,nan,2.1633,2.0856,0.0826,0.7738,0.8000,0.0557,-0.2462,1.0072,39.2575,0.0235,-2.7838,0.1754
21.400,84.910,-2.2753,3.9301,168.218,-2.3008,4.0786,166.214,0.0553,-0.1401,0.1506,-2.004,0.9968,3.2370,-2.014,-3.3251,0.7252,168.228,2.115,2.2880,86.394,0.2479,0.0316,0.0379,1.1979,2.3475,2.3746,nan,2.2182,2.1894,0.0867,0.7456,0.8000,0.0168,-0.2127,1.1761,39.3574,0.0079,-2.6209,0.1754
21.450,85.025,-2.3888,3.9465,175.440,-2.4084,4.0879,173.447,0.0308,-0.1394,0.1428,-1.992,0.9957,3.2424,-1.917,-3.4305,0.7312,175.364,2.005,2.2921,86.511,0.2422,0.0368,0.0336,0.9116,2.1692,2.1515,nan,2.2182,2.2237,0.0881,0.8578,0.8000,-0.0112,-0.2147,1.2162,39.4573,0.0136,-3.8192,0.1754
21.500,85.136,-2.5000,3.9482,-176.900,-2.5205,4.0851,-179.655,0.0131,-0.1379,0.1385,-2.755,0.9964,3.2180,-2.294,-3.5488,0.7257,-177.361,1.976,2.4344,86.631,0.2509,0.0472,0.0388,0.8216,2.1379,2.1506,nan,2.3019,2.2796,0.0903,0.8707,0.8000,-0.0290,-0.2195,1.2690,39.5572,0.0354,-1.5036,0.1754
21.550,85.244,-2.6067,3.9351,-168.775,-2.6416,4.0699,-170.847,0.0080,-0.1390,0.1392,-2.071,1.0077,3.2552,-1.761,-3.6725,0.7022,-169.086,1.937,2.7140,86.751,0.2700,0.0171,0.0587,3.4346,2.1684,2.1907,nan,2.3669,2.3735,0.0940,0.8431,0.8000,-0.0444,-0.2112,1.2091,39.6570,0.0295,-1.4174,0.1754
21.600,85.352,-2.7109,3.9061,-159.839,-2.7518,4.0334,-161.959,-0.0055,-0.1336,0.1337,-2.120,1.0077,3.2552,-1.761,-3.7816,0.6624,-160.198,1.948,2.7481,86.875,0.2778,0.0210,0.0548,2.6080,2.1262,2.1372,nan,2.4212,2.4856,0.0984,0.7661,0.8000,-0.0549,-0.1618,1.0600,39.7569,0.0221,-1.4833,0.1754
21.650,85.352,-2.7109,3.9061,-159.839,-2.7558,4.0386,-161.603,-0.0036,-0.1399,0.1399,-1.764,1.0084,3.2837,-1.405,-3.7816,0.6624,-160.198,1.948,2.7481,86.875,0.2778,0.0210,0.0519,2.4700,2.2246,2.2626,nan,2.5109,2.5925,0.1027,0.7257,0.8000,-0.0727,-0.1156,1.0322,39.8568,0.0166,0.5895,0.1754
21.700,85.461,-2.8099,3.8612,-151.134,-2.8887,3.9793,-151.755,0.0120,-0.1414,0.1419,-0.621,1.0043,3.2872,-1.452,-3.9092,0.5932,-150.304,2.020,2.6030,87.002,0.3129,0.0220,0.0578,2.6230,2.1086,2.1068,nan,2.6069,2.6122,0.1035,0.6772,0.8000,-0.0851,-0.1047,0.9975,39.9567,0.0637,2.6910,0.1754
21.750,85.591,-2.9190,3.7892,-141.711,-2.9821,3.9071,-143.204,-0.0235,-0.1317,0.1338,-1.493,1.0095,3.3364,-0.685,-3.9981,0.5229,-142.520,2.129,2.5566,87.154,0.2934,0.0134,0.0757,5.6334,2.4084,2.6254,nan,2.8548,2.9517,0.1169,0.6065,0.8909,-0.0945,-0.1199,0.7321,40.1565,0.0332,1.9395,0.1754
21.800,85.711,-3.0079,3.7086,-133.568,-3.0924,3.7826,-133.575,0.0046,-0.1122,0.1123,-0.007,1.0311,3.3799,-0.092,-4.1241,0.3961,-133.484,2.232,2.4865,87.292,0.3462,0.0129,0.0669,5.1704,2.5638,2.6254,nan,2.8737,3.0216,0.1197,0.5297,0.9540,-0.1083,-0.0615,0.6523,40.2564,0.0035,1.9395,0.1754
21.850,85.838,-3.0891,3.6110,-125.628,-3.1513,3.6731,-125.273,-0.0142,-0.0867,0.0879,0.355,1.0490,3.4080,0.321,-4.1987,0.2886,-125.594,2.324,2.3350,87.436,0.3449,0.0165,0.0530,3.2177,2.4648,2.4696,nan,2.9343,3.0469,0.1207,0.4220,0.9172,-0.0829,0.0028,0.6094,40.3562,0.0325,1.4647,0.1754
21.900,85.972,-3.1600,3.4978,-118.118,-3.2091,3.5302,-117.661,-0.0055,-0.0586,0.0588,0.457,1.0605,3.4206,0.680,-4.2680,0.1603,-118.341,2.523,2.2353,87.593,0.3509,0.0211,0.0459,2.1698,2.5298,2.5623,nan,3.0177,3.0866,0.1222,0.3391,0.9414,-0.0572,0.0525,0.6795,40.4561,0.0466,4.5627,0.1754
21.950,86.121,-3.2233,3.3634,-112.305,-3.2648,3.3581,-110.169,0.0206,-0.0364,0.0418,2.136,1.0707,3.4202,0.705,-4.3359,-0.0087,-110.875,2.752,1.5837,87.757,0.3735,0.0262,0.0491,1.8738,2.7693,2.8905,nan,3.1953,3.2029,0.1268,0.2327,1.0734,-0.0327,0.0351,0.6306,40.6560,0.0581,4.7646,0.1754
22.000,86.279,-3.2774,3.2143,-107.513,-3.2973,3.2021,-106.448,0.0176,-0.0153,0.0234,1.065,1.0869,3.4231,0.687,-4.3866,-0.1685,-107.135,2.901,1.2945,87.925,0.3770,0.0152,0.0283,1.8595,2.8687,2.9134,nan,3.3836,3.4913,0.1383,0.2236,1.2108,-0.0270,-0.0483,0.4572,40.8558,0.0421,4.1199,0.1754
22.050,86.446,-3.3228,3.0534,-104.013,-3.3336,3.0392,-102.681,0.0164,-0.0071,0.0179,1.332,1.0869,3.4231,0.687,-4.4249,-0.3309,-103.368,3.060,1.0773,88.101,0.3722,0.0199,0.0246,1.2336,2.9158,2.9479,nan,3.5796,3.6680,0.1453,0.1891,1.2647,-0.0153,-0.0451,0.4047,40.9556,0.0667,4.0890,0.1754
22.100,86.446,-3.3228,3.0534,-104.013,-3.3207,3.0212,-102.548,0.0307,0.0099,0.0323,1.465,1.0990,3.4154,0.820,-4.4249,-0.3309,-103.368,3.060,1.0773,88.101,0.3722,0.0199,0.0191,0.9550,3.0771,3.1480,nan,3.6753,3.8130,0.1510,0.1571,1.3920,-0.0118,-0.0771,0.2895,41.1554,0.0478,4.9129,0.1754
22.150,86.621,-3.3602,2.8830,-100.574,-3.3524,2.8491,-100.159,0.0319,0.0139,0.0348,0.415,1.1032,3.3974,0.493,-4.4601,-0.5100,-100.652,3.265,0.9893,88.287,0.3759,0.0246,0.0213,0.8660,3.3118,3.4387,nan,3.8588,4.0432,0.1601,0.1285,1.4114,-0.0239,-0.0811,0.1809,41.3552,0.0327,4.6945,0.1754
22.200,86.806,-3.3894,2.7003,-97.484,-3.3708,2.6527,-96.778,0.0447,0.0246,0.0511,0.706,1.1085,3.4175,0.641,-4.4876,-0.7147,-97.419,3.447,0.8802,88.482,0.3887,0.0270,0.0144,0.5344,3.4495,3.5144,nan,4.1182,4.2836,0.1696,0.0876,1.3612,-0.0359,-0.0710,0.1469,41.5550,0.0552,4.2008,0.1754
22.250,87.000,-3.4104,2.5069,-94.790,-3.3891,2.4522,-93.602,0.0528,0.0258,0.0587,1.188,1.1077,3.4488,1.059,-4.5143,-0.9134,-94.661,3.614,0.7625,88.687,0.3965,0.0282,0.0182,0.6464,3.5909,3.6588,nan,4.0882,4.3020,0.1704,0.0562,1.3448,-0.0468,-0.0469,0.1339,41.6549,0.0246,4.8022,0.1753
22.300,87.209,-3.4238,2.2991,-92.428,-3.3929,2.2304,-91.859,0.0673,0.0337,0.0753,0.569,1.1190,3.3943,0.559,-4.5231,-1.1199,-92.418,3.809,0.5981,88.907,0.3922,0.0167,0.0077,0.4619,3.7736,3.8646,nan,3.8621,4.1820,0.1656,-0.0314,1.3801,-0.0451,-0.0305,0.1121,41.8547,-0.0444,4.8022,0.1753
22.350,87.400,-3.4295,2.1073,-90.930,-3.3952,1.9943,-90.036,0.1125,0.0361,0.1181,0.893,1.1135,3.3922,0.700,-4.5255,-1.3427,-90.736,3.997,0.5081,89.111,0.4111,0.0160,0.0069,0.4287,4.0012,4.1376,nan,3.5473,3.6420,0.1442,-0.0697,1.2190,-0.0586,-0.0379,-0.0350,42.1543,-0.0621,2.7058,0.1753
22.400,87.624,-3.4309,1.8841,-89.822,-3.3914,1.7538,-88.396,0.1304,0.0391,0.1362,1.426,1.1084,3.4063,0.841,-4.5236,-1.5863,-89.237,4.098,0.1678,89.341,0.4236,0.0183,0.0111,0.6097,4.0842,4.1376,nan,3.3549,3.2114,0.1272,-0.1676,1.1720,-0.0644,0.0028,-0.1411,42.3541,-0.0198,2.7058,0.1753
22.450,87.853,-3.4306,1.6546,-90.356,-3.3864,1.5391,-88.681,0.1152,0.0449,0.1236,1.675,1.1149,3.3809,0.614,-4.5208,-1.7934,-89.296,4.085,-0.2215,89.570,0.4056,0.0217,0.0134,0.6181,3.9596,3.9719,nan,3.2576,3.1509,0.1248,-0.2161,1.1363,-0.0680,0.0219,-0.2389,42.5539,-0.0262,0.0079,0.1753
22.500,88.069,-3.4345,1.4389,-92.715,-3.3917,1.2971,-90.802,0.1396,0.0495,0.1481,1.913,1.1256,3.3573,0.266,-4.5269,-2.0392,-91.069,3.630,-1.0326,89.751,0.4291,0.0330,0.0191,0.5797,4.1034,4.1805,nan,2.9468,3.2994,0.1307,-0.2557,1.1776,-0.0764,0.0589,-0.3691,42.8536,-0.0552,-8.8979,0.1753
22.550,88.262,-3.4488,1.2465,-96.415,-3.4110,1.1842,-95.689,0.0577,0.0445,0.0729,0.726,1.1257,3.3633,0.238,-4.5458,-2.1602,-95.927,3.315,-1.2334,89.928,0.3823,0.0149,0.0136,0.9119,3.7342,3.2325,nan,2.8467,2.8397,0.1125,-0.1743,1.0716,-0.1069,-0.0659,-0.3691,42.8536,-0.0778,-7.6541,0.1753
22.600,88.439,-3.4740,1.0714,-100.426,-3.4427,1.0137,-99.991,0.0511,0.0413,0.0657,0.435,1.1232,3.3781,0.310,-4.5786,-2.3397,-100.301,3.229,-1.0598,90.102,0.3910,0.0179,0.0098,0.5486,3.3880,3.2744,nan,2.8467,2.7616,0.1094,-0.1509,0.9722,-0.1284,-0.0653,-0.4306,43.0534,-0.0154,-2.3683,0.1753
22.651,88.590,-3.5042,0.9233,-102.788,-3.4800,0.8654,-103.157,0.0511,0.0364,0.0628,-0.369,1.1232,3.3781,0.310,-4.6167,-2.4878,-103.467,2.967,-0.7194,90.241,0.3971,0.0150,0.0098,0.6536,3.1830,3.1672,nan,2.6955,2.5905,0.1026,-0.1758,0.9134,-0.1452,-0.0692,-0.4384,43.1533,-0.0043,-6.1279,0.1753
22.700,88.753,-3.5432,0.7646,-105.006,-3.4790,0.8852,-103.075,-0.1331,0.0308,0.1366,1.931,1.1206,3.4045,0.392,-4.6167,-2.4878,-103.467,2.967,-0.7194,90.396,0.2833,0.0792,0.0075,0.0948,2.8635,2.7715,nan,2.6422,2.4746,0.0980,-0.1214,0.8218,-0.1525,-0.0331,-0.4684,43.2532,0.0441,-4.6896,0.1753
22.750,88.753,-3.5432,0.7646,-105.006,-3.5099,0.7757,-104.149,-0.0194,0.0293,0.0351,0.857,1.0998,3.4622,0.890,-4.6509,-2.6145,-105.039,2.781,-0.7391,90.396,0.3737,0.0164,0.0082,0.5039,2.8368,2.8557,nan,2.6422,2.5235,0.0999,-0.2753,0.8141,-0.1560,0.0450,-0.5929,43.4529,0.0327,-4.6139,0.1753
22.800,88.901,-3.5843,0.6223,-107.276,-3.5576,0.6135,-106.664,0.0005,0.0281,0.0281,0.612,1.1051,3.4519,0.773,-4.7006,-2.7753,-107.437,2.622,-0.5187,90.537,0.3916,0.0181,0.0102,0.5648,2.5402,2.4642,nan,2.5108,2.3834,0.0944,-0.3759,0.8000,-0.1546,0.0904,-0.7048,43.5528,0.0528,-3.5352,0.1753
22.850,89.042,-3.6278,0.4889,-108.796,-3.5919,0.5059,-107.855,-0.0276,0.0285,0.0397,0.942,1.0933,3.4723,1.044,-4.7385,-2.8805,-108.899,2.502,-0.5728,90.673,0.3705,0.0180,0.0087,0.4855,2.4699,2.4794,nan,2.3478,2.2710,0.0899,-0.5226,0.8000,-0.1393,0.1377,-0.7559,43.6528,0.0256,-0.8425,0.1753
22.900,89.178,-3.6746,0.3607,-111.872,-3.6390,0.3675,-110.087,-0.0196,0.0305,0.0363,1.785,1.1204,3.4176,0.503,-4.7860,-3.0082,-110.590,2.455,-1.1283,90.809,0.3707,0.0079,0.0266,3.3619,2.4698,2.4895,nan,2.3175,2.1919,0.0868,-0.6799,0.8000,-0.1194,0.1478,-0.5895,43.7527,0.0378,-3.7293,0.1753
22.950,89.295,-3.7215,0.2534,-115.697,-3.6996,0.2405,-114.989,0.0021,0.0253,0.0254,0.708,1.1289,3.3890,0.266,-4.8430,-3.1261,-115.255,2.348,-1.3879,90.924,0.3851,0.0072,0.0101,1.3972,2.3537,2.3543,nan,2.1686,2.0867,0.0826,-0.7421,0.8000,-0.1078,0.1865,-0.8814,43.9524,0.0197,-3.7293,0.1753
23.000,89.420,-3.7802,0.1434,-121.039,-3.7511,0.1456,-119.867,-0.0169,0.0238,0.0292,1.171,1.1289,3.3890,0.266,-4.8949,-3.2207,-120.133,2.203,-1.8739,91.047,0.3708,0.0075,0.0086,1.1420,2.2137,2.2072,nan,2.1686,2.1174,0.0839,-0.8027,0.8000,-0.0990,0.1815,-1.0389,44.0523,0.0240,-1.3951,0.1753
23.050,89.554,-3.8561,0.0329,-128.465,-3.8229,0.0524,-126.613,-0.0359,0.0139,0.0385,1.852,1.1050,3.4469,0.796,-4.9745,-3.3258,-127.409,2.072,-2.1897,91.182,0.3709,0.0469,0.0019,0.0394,2.1950,2.2098,nan,2.0980,2.0476,0.0811,-0.8148,0.8000,-0.0933,0.1459,-1.0359,44.1522,0.0181,-3.4556,0.1753
23.100,89.671,-3.9345,-0.0540,-135.799,-3.9225,-0.0696,-134.261,0.0023,0.0195,0.0196,1.538,1.0607,3.4846,1.500,-5.0746,-3.4225,-135.761,1.975,-2.2155,91.302,0.3945,0.0043,0.0284,6.5297,2.2617,2.2921,nan,2.0892,2.0261,0.0802,-0.7970,0.8000,-0.0910,0.1192,-1.1129,44.2521,0.0145,-3.1168,0.1753
23.150,89.773,-4.0119,-0.1208,-142.642,-4.0018,-0.1291,-141.124,-0.0030,0.0127,0.0130,1.518,1.0607,3.4846,1.500,-5.1554,-3.4799,-142.624,1.893,-2.3155,91.408,0.3925,0.0068,0.0193,2.8469,2.0855,2.0679,nan,2.0803,2.0374,0.0807,-0.8439,0.8000,-0.0650,0.2591,-1.2949,44.4519,0.0247,-2.7252,0.1753
23.200,89.773,-4.0119,-0.1208,-142.642,-3.9974,-0.1394,-140.749,-0.0003,0.0235,0.0235,1.893,1.0414,3.5074,1.875,-5.1554,-3.4799,-142.624,1.893,-2.3155,91.408,0.3925,0.0068,0.0278,4.1073,1.9735,1.9715,nan,2.1337,2.1109,0.0836,-0.8660,0.8000,-0.0429,0.1455,-1.2949,44.4519,0.0343,-2.3623,0.1753
23.250,89.875,-4.0968,-0.1773,-150.159,-4.0937,-0.2043,-148.516,0.0107,0.0250,0.0271,1.643,1.0476,3.4853,1.717,-5.2495,-3.5339,-150.233,1.826,-2.4169,91.517,0.3991,0.0209,0.0151,0.7221,1.9028,1.9076,nan,2.2234,2.1615,0.0856,-0.8462,0.8000,-0.0255,0.1516,-1.3730,44.5517,0.0647,-1.8509,0.1753
23.300,89.976,-4.1875,-0.2214,-158.179,-4.1768,-0.2404,-155.366,-0.0028,0.0217,0.0218,2.813,1.0359,3.5102,1.969,-5.3385,-3.5694,-157.334,1.790,-2.5341,91.629,0.3934,0.0433,0.0201,0.4647,2.0906,2.1618,nan,2.3545,2.4251,0.0960,-0.8364,0.8000,-0.0042,0.2659,-1.1383,44.7515,0.0164,-1.0707,0.1753
23.350,90.075,-4.2816,-0.2516,-166.338,-4.2989,-0.2926,-163.642,0.0265,0.0358,0.0445,2.696,1.0022,3.5518,2.560,-5.4675,-3.6038,-166.202,1.813,-2.5672,91.743,0.4262,0.0769,0.0317,0.4126,2.0529,2.0640,nan,2.4527,2.5065,0.0993,-0.8075,0.8000,0.0225,0.2575,-1.1132,44.8514,0.0374,0.2835,0.1753
23.400,90.178,-4.3828,-0.2687,-174.634,-4.4137,-0.3112,-172.671,0.0347,0.0394,0.0525,1.963,1.0329,3.5013,2.068,-5.5806,-3.6134,-174.739,1.867,-2.6245,91.862,0.4336,0.0074,0.0528,7.1411,2.0712,2.0906,nan,2.5461,2.5637,0.1015,-0.7702,0.8000,0.0438,0.2326,-1.0446,44.9513,0.0571,2.3549,0.1753
23.450,90.284,-4.4893,-0.2712,176.848,-4.5223,-0.3050,178.893,0.0311,0.0355,0.0472,2.045,1.0525,3.4930,1.935,-5.6999,-3.6076,176.958,1.999,-2.7053,91.991,0.4418,0.0167,0.0483,2.8872,2.0737,2.0906,nan,2.6354,2.6667,0.1056,-0.7221,0.8000,0.0587,0.1885,-0.8589,45.0512,0.0635,2.3549,0.1753
23.500,90.399,-4.6032,-0.2565,168.070,-4.6390,-0.2839,170.048,0.0293,0.0342,0.0451,1.978,1.0936,3.4608,1.611,-5.8356,-3.5820,168.437,2.115,-2.5834,92.127,0.4577,0.0344,0.0464,1.3485,2.2410,2.3045,nan,2.7264,2.8134,0.1114,-0.6779,0.8063,0.0652,0.1272,-0.7929,45.1511,0.0398,1.7890,0.1753
23.550,90.522,-4.7214,-0.2228,159.737,-4.7614,-0.2259,161.225,0.0365,0.0168,0.0401,1.488,1.1255,3.4587,1.486,-5.9804,-3.5307,159.739,2.270,-2.5392,92.272,0.4768,0.0646,0.0611,0.9461,2.4327,2.5107,nan,2.7871,2.9056,0.1151,-0.5908,0.8836,0.0641,0.0690,-0.7359,45.2510,0.0160,4.1989,0.1753
23.600,90.651,-4.8388,-0.1703,151.632,-4.8704,-0.1446,153.198,0.0400,-0.0076,0.0407,1.566,1.1370,3.4979,1.737,-6.1150,-3.4588,151.461,2.410,-2.3945,92.422,0.4876,0.0784,0.0653,0.8324,2.5420,2.5865,nan,2.7753,2.9285,0.1160,-0.4888,0.9233,0.0418,0.0123,-0.6632,45.3508,-0.0078,2.7229,0.1753
23.650,90.787,-4.9548,-0.0981,144.220,-4.9764,-0.0466,145.107,0.0476,-0.0292,0.0558,0.887,1.2025,3.4258,0.924,-6.2341,-3.3723,144.183,2.554,-2.1418,92.576,0.4870,0.0124,0.0336,2.7129,2.6057,2.6386,nan,2.8338,2.8643,0.1134,-0.4026,0.9464,0.0117,0.0462,-0.7637,45.5506,0.0273,4.1437,0.1753
23.700,90.934,-5.0692,-0.0057,137.727,-5.1101,0.0571,138.313,0.0725,-0.0190,0.0750,0.586,1.2025,3.4258,0.924,-6.3662,-3.2664,137.389,2.682,-1.7922,92.735,0.5012,0.0199,0.0452,2.2788,2.7761,2.8476,nan,2.9791,2.9526,0.1169,-0.3422,1.0083,-0.0040,0.0108,-0.7714,45.6506,0.0441,3.9094,0.1753
23.750,90.934,-5.0692,-0.0057,137.727,-5.0980,0.0598,137.793,0.0653,-0.0291,0.0715,0.066,1.2450,3.3710,0.404,-6.3662,-3.2664,137.389,2.682,-1.7922,92.735,0.5012,0.0199,0.0343,1.7255,2.8232,2.8545,nan,3.0608,3.1694,0.1255,-0.2992,1.0976,-0.0168,0.0683,-0.6226,45.8503,0.0063,2.3017,0.1753
23.800,91.086,-5.1765,0.1015,132.268,-5.1976,0.1838,132.110,0.0751,-0.0397,0.0850,-0.158,1.2722,3.3360,0.031,-6.4715,-3.1486,132.079,2.740,-1.4985,92.891,0.4973,0.0266,0.0355,1.3360,2.8236,2.8463,nan,3.2494,3.3367,0.1321,-0.2697,1.1264,-0.0243,0.0582,-0.5688,45.9502,0.0356,2.3768,0.1753
23.850,91.239,-5.2749,0.2188,127.602,-5.2818,0.3080,127.016,0.0749,-0.0489,0.0895,-0.586,1.3113,3.2732,-0.508,-6.5666,-3.0235,127.524,2.832,-1.3597,93.050,0.4927,0.0362,0.0367,1.0119,2.8586,2.8877,nan,3.4400,3.5369,0.1401,-0.2335,1.2290,-0.0306,0.0847,-0.4202,46.1500,0.0534,4.2415,0.1753
23.900,91.403,-5.3699,0.3520,123.267,-5.3692,0.4567,122.535,0.0872,-0.0580,0.1047,-0.731,1.3199,3.2682,-0.620,-6.6583,-2.8837,123.155,2.996,-1.2798,93.223,0.4883,0.0174,0.0059,0.3401,2.9826,3.0367,nan,3.6097,3.7273,0.1476,-0.2092,1.3405,-0.0202,0.0588,-0.3371,46.2499,0.0556,3.7870,0.1753
23.950,91.572,-5.4579,0.4966,119.201,-5.4584,0.6220,118.082,0.1097,-0.0608,0.1254,-1.119,1.3385,3.2198,-1.110,-6.7453,-2.7291,119.192,3.150,-1.1862,93.402,0.4858,0.0206,0.0140,0.6796,3.0081,3.0367,nan,3.6871,3.8131,0.1510,-0.1846,1.3858,-0.0209,0.0573,-0.2824,46.4497,0.0611,3.7870,0.1753
24.000,91.757,-5.5430,0.6610,115.404,-5.5344,0.7841,114.181,0.1075,-0.0606,0.1234,-1.223,1.3460,3.1953,-1.227,-6.8272,-2.5580,115.408,3.341,-1.0048,93.599,0.4817,0.0258,0.0216,0.8386,3.1524,3.2164,nan,3.8250,3.9360,0.1559,-0.1558,1.4523,-0.0172,0.0517,-0.2822,46.6495,0.0643,4.5278,0.1753
24.050,91.944,-5.6188,0.8317,112.338,-5.6089,0.9680,111.460,0.1223,-0.0609,0.1367,-0.878,1.3309,3.2337,-0.814,-6.9069,-2.3640,112.274,3.554,-0.8996,93.798,0.4833,0.0286,0.0172,0.6015,3.3946,3.5323,nan,4.0030,4.1103,0.1628,-0.1411,1.5639,-0.0082,0.0662,-0.2854,46.8493,0.0579,5.4943,0.1753
24.100,92.148,-5.6921,1.0223,109.524,-5.6761,1.1710,108.722,0.1348,-0.0647,0.1495,-0.802,1.3292,3.2458,-0.704,-6.9793,-2.1607,109.425,3.724,-0.8361,94.013,0.4815,0.0301,0.0162,0.5379,3.5850,3.6794,nan,4.2822,4.3917,0.1739,-0.1313,1.6601,0.0070,0.0921,-0.2833,47.0490,0.0708,4.2651,0.1753
24.150,92.362,-5.7591,1.2252,106.865,-5.7431,1.3967,106.823,0.1595,-0.0651,0.1723,-0.042,1.3014,3.3430,-0.044,-7.0430,-1.9517,106.867,3.899,-0.8073,94.239,0.4779,0.0227,0.0023,0.1026,3.7360,3.8101,nan,4.4565,4.6553,0.1844,-0.1166,1.8333,0.0213,0.1038,-0.1832,47.2488,0.0611,4.0947,0.1753
24.200,92.582,-5.8188,1.4376,104.306,-5.8082,1.6286,104.239,0.1825,-0.0575,0.1913,-0.067,1.3014,3.3430,-0.044,-7.1082,-1.7199,104.283,4.109,-0.7738,94.474,0.4831,0.0227,0.0032,0.1391,3.9485,4.0666,nan,4.6223,4.8670,0.1928,-0.1059,2.0198,0.0531,0.1034,-0.0994,47.4486,0.0519,5.0066,0.1753
24.250,92.582,-5.8188,1.4376,104.306,-5.8088,1.6212,104.604,0.1755,-0.0550,0.1839,0.298,1.2897,3.3809,0.321,-7.1082,-1.7199,104.283,4.109,-0.7738,94.474,0.4831,0.0227,0.0044,0.1922,4.1254,4.2212,nan,4.8569,5.0942,0.2017,-0.0986,2.1060,0.0744,0.0898,-0.0698,47.6484,0.0624,5.2285,0.1752
24.300,92.815,-5.8719,1.6640,101.891,-5.8650,1.8648,101.860,0.1951,-0.0481,0.2009,-0.032,1.2927,3.3507,0.071,-7.1595,-1.4771,101.789,4.329,-0.7357,94.723,0.4816,0.0217,0.0045,0.2078,4.2908,4.3885,nan,5.0061,5.2499,0.2079,-0.0885,2.1893,0.0912,0.0615,-0.0171,47.9481,0.0611,5.0450,0.1752
24.350,93.064,-5.9188,1.9086,99.556,-5.9105,2.1271,99.398,0.2141,-0.0445,0.2187,-0.158,1.2948,3.3350,-0.178,-7.2016,-1.2303,99.576,4.546,-0.7145,94.988,0.4769,0.0189,0.0067,0.3533,4.5668,4.8564,nan,5.2857,5.5433,0.2195,-0.0790,2.2658,0.1002,0.0264,-0.0295,48.1478,0.0628,4.8752,0.1752
24.400,93.325,-5.9575,2.1666,97.275,-5.9507,2.4222,97.164,0.2527,-0.0391,0.2557,-0.112,1.2915,3.3453,-0.099,-7.2406,-0.9356,97.262,4.756,-0.6696,95.266,0.4801,0.0228,0.0069,0.3024,4.7896,4.9753,nan,5.4824,5.7545,0.2279,-0.0755,2.3014,0.1045,0.0034,-0.0423,48.4475,0.0602,4.1067,0.1752
24.450,93.592,-5.9870,2.4318,95.198,-5.9779,2.6930,95.276,0.2593,-0.0327,0.2614,0.078,1.2865,3.3637,0.153,-7.2662,-0.6513,95.123,4.936,-0.6298,95.549,0.4788,0.0199,0.0095,0.4751,4.8877,4.9753,nan,5.6082,5.8726,0.2326,-0.0730,2.2827,0.1013,-0.0133,-0.0548,48.7472,0.0647,4.1067,0.1752
24.500,93.875,-6.0084,2.7141,93.211,-5.9991,2.9726,94.175,0.2575,-0.0237,0.2586,0.963,1.2755,3.4659,0.954,-7.2818,-0.3721,93.220,5.164,-0.6000,95.852,0.4727,0.0155,0.0155,0.9996,4.9633,5.0429,nan,5.7896,6.0289,0.2388,-0.0759,2.2672,0.0976,-0.0248,-0.0650,48.9470,0.0795,5.0619,0.1752
24.550,94.166,-6.0205,3.0052,91.326,-6.0174,3.3076,92.196,0.3023,-0.0101,0.3024,0.870,1.2718,3.4588,0.881,-7.2906,-0.0391,91.315,5.406,-0.6235,96.167,0.4776,0.0099,0.0188,1.9006,5.2233,5.5447,nan,6.0002,6.2636,0.2481,-0.0925,2.2462,0.0998,-0.0173,-0.0835,49.2467,0.0733,5.5832,0.1752
24.600,94.475,-6.0229,3.3141,89.231,-6.0241,3.6290,90.407,0.3149,0.0054,0.3149,1.175,1.2676,3.4787,1.042,-7.2877,0.2830,89.364,5.609,-0.7259,96.496,0.4758,0.0053,0.0246,4.6249,5.4507,5.7069,nan,6.1231,6.4216,0.2543,-0.0990,2.2315,0.0937,-0.0210,-0.1150,49.5463,0.0607,4.4178,0.1752
24.650,94.789,-6.0129,3.6281,86.670,-6.0072,3.9650,87.252,0.3367,0.0139,0.3370,0.582,1.2664,3.3745,0.318,-7.2703,0.6309,86.934,5.803,-0.8668,96.832,0.4790,0.0178,0.0252,1.4161,5.6919,6.0102,nan,5.9262,6.2541,0.2477,-0.1060,2.2097,0.0865,-0.0152,-0.1145,49.9459,0.0113,4.0455,0.1752
24.700,95.119,-5.9869,3.9571,83.776,-5.9716,4.3191,84.120,0.3615,0.0240,0.3623,0.345,1.2664,3.3745,0.318,-7.2326,0.9847,83.802,5.963,-0.9513,97.181,0.4771,0.0366,0.0626,1.7113,5.8739,6.0905,nan,5.6722,5.7931,0.2294,-0.0939,2.1697,0.0528,-0.0477,-0.1130,50.2456,-0.0138,3.6717,0.1752
24.750,95.119,-5.9869,3.9571,83.776,-5.9673,4.3140,83.827,0.3569,0.0192,0.3575,0.051,1.2657,3.3324,0.024,-7.2326,0.9847,83.802,5.963,-0.9513,97.181,0.4771,0.0086,0.0341,3.9891,5.9524,6.0723,nan,5.4862,5.2681,0.2086,-0.0873,2.1148,0.0174,-0.0655,-0.1472,50.5452,0.0222,0.6977,0.1752
24.800,95.448,-5.9440,4.2832,80.703,-5.9183,4.5872,81.079,0.3042,0.0238,0.3051,0.376,1.2671,3.3108,0.218,-7.1805,1.3036,80.861,5.984,-0.8983,97.517,0.4659,0.0033,0.0407,12.2234,6.0933,6.2746,nan,5.3633,5.2778,0.2090,-0.0915,2.0953,-0.0169,-0.0758,-0.1777,50.7450,-0.0276,-3.7333,0.1752
24.850,95.778,-5.8841,4.6077,77.927,-5.8454,4.9146,78.052,0.3082,0.0264,0.3093,0.125,1.2655,3.2857,0.244,-7.1039,1.6592,77.808,5.805,-0.7922,97.835,0.4637,0.0047,0.0507,10.8422,5.7739,5.6583,nan,5.1803,5.0888,0.2015,-0.0947,2.0532,-0.0447,-0.0543,-0.1957,51.0447,-0.0134,-7.1431,0.1752
24.900,96.094,-5.8126,4.9150,75.464,-5.7688,5.0965,75.103,0.1867,0.0031,0.1867,-0.361,1.2517,3.1304,-0.312,-7.0311,1.9279,75.415,5.502,-0.7686,98.128,0.4463,0.0137,0.0145,1.0597,5.4401,5.3111,nan,5.0550,4.9201,0.1949,-0.1062,1.9553,-0.0594,-0.0526,-0.2048,51.2445,0.0177,-4.0830,0.1752
24.950,96.354,-5.7436,5.1658,73.360,-5.7001,5.2732,73.020,0.1154,-0.0109,0.1159,-0.340,1.2488,3.0810,-0.213,-6.9570,2.1663,73.234,5.351,-0.7561,98.378,0.4370,0.0164,0.0044,0.2674,5.0914,4.9510,nan,5.0550,4.8333,0.1914,-0.0837,1.9553,-0.1127,-0.0569,-0.2151,51.4443,0.0725,-2.4842,0.1752
25.000,96.648,-5.6542,5.4462,70.862,-5.6358,5.4819,70.777,0.0398,-0.0057,0.0402,-0.085,1.2301,3.0511,-0.236,-6.8758,2.4025,71.013,5.163,-0.8255,98.660,0.4308,0.0088,0.0009,0.1000,4.9426,4.9510,nan,4.9214,4.7031,0.1863,-0.0763,1.8299,-0.1431,-0.0689,-0.2211,51.5442,0.0763,-2.4842,0.1752
25.050,96.897,-5.5688,5.6797,68.514,-5.5361,5.7153,67.844,0.0451,-0.0174,0.0483,-0.670,1.2078,2.9794,-0.679,-6.7758,2.6557,68.523,5.002,-0.7512,98.899,0.4226,0.0103,0.0125,1.2104,4.9653,5.0238,nan,4.7716,4.6132,0.1827,-0.0827,1.8299,-0.1589,-0.0490,-0.2372,51.8438,0.0479,-4.4579,0.1752
25.100,97.172,-5.4638,5.9346,66.445,-5.4403,5.9453,65.525,0.0192,-0.0172,0.0258,-0.920,1.2083,2.9910,-0.587,-6.6786,2.8861,66.111,4.851,-0.5827,99.165,0.4230,0.0045,0.0177,3.9096,4.8221,4.8317,nan,4.6212,4.4617,0.1767,-0.0899,1.8299,-0.1801,-0.0414,-0.2453,52.0436,0.0495,-3.0039,0.1752
25.150,97.445,-5.3516,6.1828,64.592,-5.3386,6.1538,63.921,-0.0206,-0.0241,0.0317,-0.671,1.1910,2.9553,-0.678,-6.5670,3.1211,64.598,4.706,-0.6198,99.428,0.4204,0.0008,0.0217,27.5461,4.7435,4.7707,nan,4.3967,4.2582,0.1686,-0.1404,1.8299,-0.1797,-0.0037,-0.2504,52.2434,0.0285,-3.2282,0.1752
25.200,97.685,-5.2456,6.3981,62.663,-5.2205,6.3908,61.860,0.0051,-0.0257,0.0262,-0.803,1.1802,2.9499,-0.790,-6.4475,3.3524,62.650,4.531,-0.7257,99.657,0.4113,0.0012,0.0213,17.0539,4.7265,4.7681,nan,4.2483,4.1196,0.1632,-0.1474,1.6586,-0.1841,0.0114,-0.2491,52.4432,0.0110,-4.4341,0.1752
25.250,97.932,-5.1271,6.6155,59.650,-5.1224,6.5660,59.425,-0.0403,-0.0291,0.0497,-0.226,1.1667,2.9367,-0.902,-6.3454,3.5299,60.327,4.326,-0.9755,99.894,0.4183,0.0176,0.0412,2.3406,4.3579,4.2018,nan,4.1800,4.0036,0.1586,-0.1665,1.6586,-0.1814,0.0213,-0.2837,52.6430,0.0601,-4.9341,0.1752
25.300,98.165,-5.0049,6.8136,56.580,-4.9946,6.7594,56.004,-0.0395,-0.0384,0.0551,-0.577,1.1842,2.9745,-0.581,-6.2169,3.7220,56.585,4.153,-1.0287,100.117,0.4112,0.0153,0.0502,3.2714,4.2015,4.2066,nan,4.0223,3.8457,0.1523,-0.1697,1.6264,-0.1866,0.0061,-0.2982,52.8428,0.0592,-4.4520,0.1752
25.350,98.393,-4.8743,7.0009,53.183,-4.9946,6.7594,56.004,-0.2654,-0.0484,0.2698,2.821,1.1842,2.9745,-0.581,-6.2169,3.7220,56.585,4.153,-1.0287,100.339,0.5497,0.0186,0.0502,2.6922,4.0731,4.0849,nan,3.8388,3.6879,0.1461,-0.1853,1.5767,-0.1831,0.0200,-0.3210,53.0425,0.0444,-3.7887,0.1752
25.400,98.393,-4.8743,7.0009,53.183,-4.8640,6.9660,53.407,-0.0218,-0.0292,0.0364,0.224,1.2278,3.0776,0.089,-6.0857,3.8979,53.318,4.008,-1.0539,100.339,0.4089,0.0144,0.0321,2.2349,3.9953,4.0160,nan,3.5162,3.4202,0.1355,-0.2335,1.5466,-0.1551,0.0781,-0.3307,53.3422,-0.0014,-4.0527,0.1752
25.450,98.609,-4.7407,7.1704,49.899,-4.7297,7.1430,50.699,-0.0138,-0.0261,0.0295,0.800,1.2773,3.1730,0.947,-5.9405,4.0688,49.752,3.850,-1.0797,100.547,0.3976,0.0134,0.0217,1.6200,3.7177,3.6744,nan,3.5162,3.3048,0.1309,-0.2622,1.4391,-0.1362,0.0734,-0.3114,53.4421,0.0634,-4.1887,0.1752
25.500,98.820,-4.6005,7.3280,46.406,-4.6176,7.2801,47.391,-0.0465,-0.0207,0.0509,0.984,1.2601,3.1694,0.862,-5.8152,4.1987,46.528,3.685,-1.1291,100.750,0.4094,0.0116,0.0269,2.3107,3.7036,3.7314,nan,3.3301,3.2385,0.1283,-0.2856,1.4336,-0.1266,0.0843,-0.3998,53.6419,0.0081,-5.7989,0.1752
25.550,99.026,-4.4536,7.4726,42.156,-4.4540,7.4451,43.207,-0.0187,-0.0202,0.0275,1.050,1.2523,3.1703,0.864,-5.6411,4.3604,42.342,3.447,-1.3687,100.946,0.3839,0.0278,0.0325,1.1691,3.7016,3.7314,nan,3.4055,2.9805,0.1180,-0.3133,1.4329,-0.0965,0.1162,-0.4945,53.8417,0.0301,-5.7989,0.1752
25.600,99.234,-4.2941,7.6060,37.254,-4.3458,7.5475,38.653,-0.0765,-0.0153,0.0780,1.399,1.2510,3.1922,0.868,-5.5301,4.4396,37.785,3.263,-1.4104,101.147,0.4298,0.0277,0.0500,1.8067,3.3199,3.1214,nan,3.4055,3.4118,0.1351,-0.2721,1.2851,-0.1011,0.0751,-0.4762,53.9416,0.0230,-4.5443,0.1752
25.650,99.403,-4.1559,7.7033,32.613,-4.1599,7.6829,33.553,-0.0144,-0.0150,0.0208,0.940,1.2470,3.2015,0.921,-5.3342,4.5678,32.632,3.062,-1.3394,101.309,0.3727,0.0317,0.0347,1.0963,3.5144,3.6109,nan,3.6946,3.5944,0.1424,-0.3028,1.3604,-0.0713,0.0662,-0.6307,0.0999,0.0200,-6.3916,0.1752
25.700,99.579,-4.0043,7.7929,28.316,-4.0495,7.7381,29.016,-0.0658,-0.0268,0.0710,0.700,1.2470,3.2015,0.921,-5.2229,4.6212,28.095,3.208,-1.4336,101.495,0.4125,0.0362,0.0742,2.0504,3.1232,2.8380,nan,3.6946,3.6791,0.1457,-0.2770,1.2776,-0.0715,0.0534,-0.4563,0.1998,0.0841,3.8815,0.1752
25.750,99.579,-4.0043,7.7929,28.316,-4.0348,7.7606,29.172,-0.0422,-0.0139,0.0444,0.856,1.2740,3.2385,1.077,-5.2229,4.6212,28.095,3.208,-1.4336,101.495,0.4125,0.0362,0.0564,1.5574,3.1400,3.1682,nan,3.6634,3.7791,0.1497,-0.3008,1.2844,-0.0448,0.0778,-0.4205,0.3996,0.0430,2.7349,0.1752
25.800,99.783,-3.8208,7.8817,22.831,-3.8275,7.8611,24.238,-0.0141,-0.0164,0.0216,1.407,1.2698,3.2219,0.761,-5.0352,4.7065,23.477,3.357,-1.4812,101.711,0.4085,0.0363,0.0332,0.9167,3.4314,3.6769,nan,3.8801,3.8588,0.1528,-0.3010,1.4036,-0.0284,0.1102,-0.4727,0.6992,0.0728,2.9454,0.1752
25.850,99.971,-3.6447,7.9482,18.172,-3.6049,7.9417,18.883,0.0358,-0.0185,0.0403,0.711,1.2700,3.2244,0.742,-4.8135,4.7800,18.142,3.470,-1.5366,101.909,0.3626,0.0344,0.0217,0.6313,3.5374,3.5912,nan,3.9850,3.9996,0.1584,-0.2905,1.5446,-0.0134,0.1225,-0.3626,0.8990,0.0627,1.6893,0.1752
25.900,100.168,-3.4552,8.0018,12.896,-3.3974,8.0025,13.793,0.0565,-0.0122,0.0578,0.897,1.2786,3.2346,0.725,-4.6153,4.8266,13.069,3.562,-1.6712,102.116,0.3542,0.0406,0.0268,0.6610,3.5425,3.5721,nan,4.0947,4.2356,0.1677,-0.2784,1.5468,0.0048,0.0770,-0.3622,0.9989,0.0441,1.5693,0.1752
25.950,100.370,-3.2567,8.0385,7.486,-3.1987,8.0294,8.544,0.0563,-0.0166,0.0587,1.058,1.2896,3.2338,0.706,-4.4288,4.8506,7.838,3.649,-1.6633,102.327,0.3670,0.0394,0.0245,0.6212,3.5432,3.5721,nan,4.1997,4.2561,0.1686,-0.2684,1.5471,0.0197,0.0629,-0.3773,1.1987,0.0773,1.5693,0.1752
26.000,100.548,-3.0800,8.0553,2.896,-2.9691,8.0388,2.786,0.1099,-0.0221,0.1121,-0.110,1.2393,3.1778,0.012,-4.2074,4.8618,2.774,3.744,-1.6550,102.514,0.3231,0.0386,0.0208,0.5391,3.8120,4.0070,nan,4.2967,4.3962,0.1741,-0.2552,1.7046,0.0351,0.0847,-0.3454,1.4984,0.0464,2.1316,0.1752
26.050,100.762,-2.8655,8.0573,-2.444,-2.7606,8.0323,-2.642,0.1058,-0.0206,0.1078,-0.198,1.2247,3.1625,-0.219,-4.0039,4.8545,-2.423,3.906,-1.6454,102.745,0.3351,0.0382,0.0232,0.6057,3.7816,3.8077,nan,4.3962,4.4597,0.1766,-0.2260,1.6991,0.0304,0.0597,-0.3367,1.6982,0.0710,3.6254,0.1752
26.100,100.980,-2.6485,8.0392,-7.609,-2.5228,7.9939,-7.824,0.1306,-0.0282,0.1336,-0.215,1.2201,3.1538,-0.244,-3.7635,4.8241,-7.579,4.015,-1.4908,102.975,0.3139,0.0400,0.0259,0.6460,3.9979,4.1202,nan,4.5385,4.6172,0.1829,-0.2085,1.8145,0.0363,0.0386,-0.3183,1.8979,0.0591,2.1635,0.1752
26.150,101.205,-2.4262,8.0014,-12.140,-2.2797,7.9395,-13.074,0.1562,-0.0297,0.1590,-0.934,1.1903,3.1263,-0.673,-3.5263,4.7721,-12.401,4.170,-1.3913,103.214,0.3023,0.0386,0.0301,0.7812,4.1424,4.2207,nan,4.6285,4.7364,0.1876,-0.1993,1.9030,0.0313,0.0330,-0.2965,2.0977,0.0474,3.7845,0.1752
26.200,101.443,-2.1953,7.9434,-16.551,-2.0420,7.8731,-17.530,0.1670,-0.0237,0.1687,-0.979,1.1723,3.1119,-0.999,-3.2967,4.7045,-16.531,4.322,-1.3533,103.466,0.3060,0.0332,0.0264,0.7976,4.2246,4.2823,nan,4.7572,4.8518,0.1922,-0.1908,1.9594,0.0336,0.0515,-0.2795,2.3974,0.0560,3.5566,0.1752
26.250,101.689,-1.9620,7.8654,-20.895,-1.7822,7.7707,-21.986,0.2018,-0.0243,0.2032,-1.091,1.1723,3.1119,-0.999,-3.0352,4.6066,-20.987,4.457,-1.3339,103.726,0.2852,0.0353,0.0292,0.8261,4.4384,4.5854,nan,4.8349,4.9672,0.1967,-0.1808,2.0715,0.0435,0.0341,-0.2684,2.5972,0.0347,3.0490,0.1752
26.300,101.689,-1.9620,7.8654,-20.895,-1.7715,7.7703,-22.369,0.2119,-0.0209,0.2129,-1.474,1.1517,3.0919,-1.382,-3.0352,4.6066,-20.987,4.457,-1.3339,103.726,0.2852,0.0353,0.0292,0.8257,4.4952,4.5527,nan,4.8953,5.0225,0.1989,-0.1712,2.1001,0.0455,0.0410,-0.2550,2.8969,0.0364,2.5586,0.1751
26.350,101.943,-1.7287,7.7674,-25.190,-1.5453,7.6583,-26.806,0.2124,-0.0207,0.2134,-1.616,1.1278,3.0708,-1.779,-2.8143,4.5023,-25.027,4.575,-1.3017,103.991,0.2990,0.0374,0.0360,0.9638,4.7232,4.9113,nan,4.9999,5.1527,0.2041,-0.1590,2.2058,0.0456,0.0179,-0.2518,3.0966,0.0202,2.6075,0.1751
26.400,102.197,-1.5015,7.6517,-29.284,-1.3030,7.5172,-31.127,0.2389,-0.0203,0.2398,-1.844,1.1195,3.0851,-1.710,-2.5537,4.3578,-29.417,4.689,-1.2588,104.259,0.2809,0.0385,0.0421,1.0951,4.6880,4.7246,nan,5.0717,5.1574,0.2043,-0.1509,2.1894,0.0432,0.0105,-0.2618,3.2964,0.0428,1.8618,0.1751
26.450,102.458,-1.2784,7.5176,-33.223,-1.1029,7.3835,-34.743,0.2203,-0.0161,0.2209,-1.520,1.1312,3.1003,-1.541,-2.3485,4.2215,-33.203,4.775,-1.2041,104.529,0.2976,0.0397,0.0427,1.0737,4.8555,4.9864,nan,5.2014,5.2833,0.2092,-0.1489,2.2229,0.0498,0.0320,-0.2498,3.5961,0.0402,2.3291,0.1751
26.500,102.723,-1.0605,7.3658,-36.972,-0.8515,7.1879,-38.630,0.2740,-0.0164,0.2745,-1.658,1.1522,3.0873,-1.538,-2.1130,4.0454,-37.093,4.873,-1.1564,104.806,0.2948,0.0339,0.0375,1.1066,4.8821,4.9398,nan,5.3083,5.4096,0.2142,-0.1460,2.2229,0.0582,0.0224,-0.2323,3.7959,0.0460,1.1839,0.1751
26.550,102.998,-0.8459,7.1946,-40.671,-0.6630,7.0267,-43.243,0.2481,-0.0081,0.2483,-2.572,1.0621,3.0719,-2.558,-1.8998,3.8739,-40.685,4.931,-1.1448,105.088,0.2961,0.0360,0.0456,1.2677,4.8884,4.9398,nan,5.4705,5.5863,0.2212,-0.1434,2.2229,0.0742,0.0321,-0.1996,4.0956,0.0614,1.1839,0.1751
26.600,103.271,-0.6433,7.0107,-44.285,-0.4971,6.8560,-46.096,0.2127,-0.0087,0.2128,-1.811,1.0819,3.1334,-1.761,-1.6927,3.6723,-44.334,5.013,-1.1403,105.373,0.3026,0.0374,0.0425,1.1352,4.9733,5.0576,nan,5.4235,5.6541,0.2239,-0.1219,2.2229,0.0595,0.0101,-0.1417,4.3952,0.0345,1.8196,0.1751
26.650,103.558,-0.4441,6.8053,-47.908,-0.3524,6.6812,-49.485,0.1536,-0.0152,0.1543,-1.577,1.0528,3.1738,-1.649,-1.5056,3.4655,-47.836,5.190,-1.0328,105.677,0.3132,0.0371,0.0484,1.3042,5.0221,5.0920,nan,5.3005,5.6118,0.2222,-0.1156,2.2229,0.0561,-0.0058,-0.1279,4.5950,0.0086,3.0997,0.1751
26.700,103.852,-0.2519,6.5819,-51.096,-0.1627,6.4349,-52.203,0.1704,-0.0229,0.1720,-1.107,1.0721,3.2182,-0.933,-1.2870,3.1962,-51.270,5.318,-0.9631,105.986,0.3226,0.0309,0.0316,1.0228,5.2814,5.6100,nan,5.2378,5.3063,0.2102,-0.1091,2.2229,0.0415,-0.0208,-0.1777,4.7948,0.0047,3.1435,0.1751
26.750,104.146,-0.0725,6.3490,-54.116,0.0055,6.1924,-55.118,0.1726,-0.0286,0.1750,-1.002,1.0721,3.2182,-0.933,-1.1149,2.9565,-54.185,5.357,-0.9147,106.286,0.3326,0.0279,0.0296,1.0610,5.3513,5.4420,nan,5.3175,5.0427,0.1997,-0.1109,2.2229,0.0356,0.0087,-0.2158,5.0945,0.0564,1.1215,0.1751
26.800,104.146,-0.0725,6.3490,-54.116,-0.0193,6.2274,-55.217,0.1297,-0.0282,0.1327,-1.101,1.0422,3.2514,-1.031,-1.1149,2.9565,-54.185,5.357,-0.9147,106.286,0.3326,0.0279,0.0389,1.3937,5.3373,5.3915,nan,5.4199,5.4440,0.2156,-0.1011,2.2229,0.0256,0.0104,-0.2494,5.2943,0.0200,-2.3034,0.1751
26.850,104.443,0.0963,6.1047,-57.011,0.1172,5.9975,-58.425,0.1013,-0.0409,0.1092,-1.414,1.0052,3.2617,-1.452,-0.9571,2.7124,-56.973,5.250,-0.8933,106.578,0.3403,0.0227,0.0526,2.3170,5.3005,5.3465,nan,5.6027,5.5306,0.2190,-0.0877,2.2518,0.0113,0.0072,-0.2323,5.4941,0.0434,-3.9458,0.1751
26.900,104.727,0.2459,5.8634,-59.812,0.2720,5.7245,-61.396,0.1332,-0.0473,0.1413,-1.584,1.0137,3.2651,-1.361,-0.7999,2.4411,-60.035,5.108,-0.8250,106.854,0.3565,0.0169,0.0460,2.7275,4.9101,4.6826,nan,5.6642,5.7359,0.2272,-0.0817,2.3222,0.0118,0.0138,-0.1799,5.6938,0.0866,2.0272,0.1751
26.950,105.016,0.3862,5.6110,-62.388,0.3655,5.5352,-63.927,0.0575,-0.0535,0.0786,-1.539,1.0079,3.2599,-1.626,-0.7067,2.2561,-62.301,5.197,-0.7390,107.153,0.3476,0.0111,0.0629,5.6580,5.1942,5.6981,nan,5.8730,6.0907,0.2412,-0.0805,2.3306,0.0168,0.0166,-0.1125,5.9935,0.0640,1.9101,0.1751
27.000,105.304,0.5154,5.3533,-64.632,0.5215,5.1788,-67.333,0.1603,-0.0692,0.1746,-2.701,0.9800,3.2358,-2.569,-0.5451,1.9205,-64.764,5.278,-0.6947,107.450,0.3742,0.0180,0.0708,3.9349,5.4270,5.6981,nan,5.9798,6.3106,0.2499,-0.0789,2.3306,0.0215,-0.0012,-0.0297,6.2932,0.0454,1.9101,0.1751
27.050,105.609,0.6415,5.0754,-66.864,0.6245,4.9284,-68.882,0.1286,-0.0734,0.1480,-2.017,1.0031,3.2488,-2.007,-0.4372,1.6653,-66.875,5.420,-0.6882,107.771,0.3709,0.0110,0.0671,6.1033,5.2928,5.3078,nan,6.0115,6.2255,0.2466,-0.0647,2.3306,0.0026,-0.0235,-0.1129,6.5929,0.0693,2.8766,0.1751
27.100,105.908,0.7546,4.7988,-68.984,0.7380,4.6498,-70.708,0.1332,-0.0690,0.1500,-1.724,1.0157,3.2842,-1.695,-0.3180,1.3568,-69.012,5.628,-0.6174,108.091,0.3891,0.0078,0.0466,5.9840,5.4840,5.6832,nan,6.0913,6.2456,0.2473,-0.0697,2.3306,0.0070,-0.0099,-0.1369,6.8925,0.0621,4.7703,0.1751
27.150,106.229,0.8654,4.4977,-70.852,0.8471,4.3281,-72.452,0.1542,-0.0729,0.1705,-1.600,1.0277,3.2831,-1.519,-0.2082,1.0399,-70.934,5.809,-0.6129,108.431,0.4014,0.0054,0.0411,7.6598,5.6746,5.8874,nan,6.2043,6.2384,0.2471,-0.0750,2.3306,0.0208,0.0156,-0.1739,7.1922,0.0680,4.2317,0.1751
27.200,106.552,0.9668,4.1915,-72.845,0.9511,3.9915,-73.837,0.1864,-0.0740,0.2006,-0.992,1.0371,3.3025,-0.976,-0.0978,0.6875,-72.861,5.909,-0.6696,108.766,0.4316,0.0148,0.0445,3.0128,5.8953,6.1825,nan,6.3736,6.5323,0.2587,-0.0770,2.3896,0.0365,0.0357,-0.1328,7.4919,0.0498,2.3152,0.1751
27.250,106.884,1.0598,3.8721,-75.056,1.0243,3.6959,-75.926,0.1611,-0.0797,0.1797,-0.869,1.0371,3.3025,-0.976,-0.0195,0.3931,-74.949,5.974,-0.7112,109.109,0.4212,0.0100,0.0487,4.8874,5.8330,5.8792,nan,6.5070,6.6803,0.2646,-0.0741,2.4273,0.0507,0.0455,-0.1075,7.7916,0.0688,1.2517,0.1751
27.300,106.884,1.0598,3.8721,-75.056,1.0320,3.6999,-76.250,0.1592,-0.0712,0.1744,-1.194,1.0426,3.3065,-1.301,-0.0195,0.3931,-74.949,5.974,-0.7112,109.109,0.4212,0.0100,0.0469,4.7130,6.0209,6.2578,nan,6.6344,6.8733,0.2722,-0.0645,2.4623,0.0633,0.0295,-0.0848,8.0912,0.0593,3.3504,0.1751
27.350,107.223,1.1417,3.5430,-77.373,1.0997,3.3466,-78.725,0.1824,-0.0839,0.2008,-1.352,1.0346,3.3236,-1.341,0.0645,0.0245,-77.384,6.128,-0.7119,109.467,0.4507,0.0091,0.0522,5.7699,6.1263,6.2751,nan,6.7545,7.0251,0.2782,-0.0527,2.4936,0.0656,0.0156,-0.0639,8.3909,0.0600,3.2353,0.1751
27.400,107.565,1.2109,3.2088,-79.608,1.1682,2.9884,-81.130,0.2091,-0.0818,0.2245,-1.522,1.0440,3.3012,-1.544,0.1326,-0.3093,-79.585,6.273,-0.6650,109.827,0.4510,0.0108,0.0557,5.1523,6.3357,6.6445,nan,6.9516,7.2260,0.2862,-0.0447,2.4936,0.0683,0.0045,-0.0640,8.7905,0.0595,3.4231,0.1751
27.450,107.921,1.2699,2.8578,-81.649,1.2162,2.6262,-83.544,0.2214,-0.0868,0.2378,-1.895,1.0483,3.3294,-1.799,0.1899,-0.6976,-81.745,6.428,-0.5746,110.203,0.4823,0.0161,0.0686,4.2708,6.4925,6.7204,nan,6.9903,7.2965,0.2890,-0.0297,2.4936,0.0653,-0.0223,-0.0650,8.8904,0.0471,3.3256,0.1751
27.500,108.292,1.3191,2.4900,-83.383,1.2728,2.2608,-84.124,0.2223,-0.0724,0.2338,-0.741,1.0454,3.3369,-0.634,0.2394,-1.0735,-83.490,6.584,-0.4813,110.594,0.4888,0.0191,0.0610,3.1850,6.5720,6.7204,nan,7.1797,7.4637,0.2956,-0.0268,2.5153,0.0689,-0.0181,-0.0516,9.3898,0.0593,3.3256,0.1751
27.550,108.652,1.3568,2.1319,-84.815,1.2950,1.8552,-85.433,0.2700,-0.0865,0.2835,-0.617,1.0294,3.3531,-0.444,0.2772,-1.4958,-84.989,6.739,-0.3775,110.975,0.5432,0.0249,0.0666,2.6734,6.7415,7.0090,nan,7.3251,7.6258,0.3020,-0.0385,2.5293,0.0988,0.0047,-0.0430,9.7894,0.0571,3.5737,0.1751
27.600,109.081,1.3919,1.7039,-85.981,1.3237,1.4829,-86.224,0.2157,-0.0835,0.2313,-0.243,1.0266,3.3413,-0.124,0.3011,-1.8578,-86.099,6.887,-0.3849,111.426,0.4936,0.0211,0.0691,3.2673,6.5647,6.5652,nan,7.4306,7.6498,0.3030,-0.0363,2.5408,0.0903,0.0096,-0.0360,10.0891,0.0872,2.8608,0.1751
27.650,109.465,1.4154,1.3204,-87.285,1.3521,1.0113,-87.817,0.3058,-0.0778,0.3155,-0.532,1.0499,3.3565,-0.604,0.3270,-2.3419,-87.213,7.066,-0.4059,111.835,0.5776,0.0155,0.0699,4.5047,6.8257,7.5919,nan,7.5662,7.8265,0.3100,-0.0386,2.5509,0.1055,0.0109,-0.0300,10.4886,0.0738,4.0197,0.1751
27.700,109.865,1.4306,0.9212,-88.574,1.3569,0.6163,-89.189,0.3030,-0.0812,0.3137,-0.615,1.0499,3.3565,-0.604,0.3360,-2.7368,-88.585,7.194,-0.4236,112.254,0.5770,0.0146,0.0702,4.8215,7.0120,7.3362,nan,7.6954,7.9749,0.3158,-0.0248,2.5599,0.1004,-0.0090,-0.0247,10.8882,0.0682,2.7510,0.1751
27.750,109.865,1.4306,0.9212,-88.574,1.3511,0.6444,-90.043,0.2747,-0.0864,0.2880,-1.469,1.0849,3.3889,-1.458,0.3360,-2.7368,-88.585,7.194,-0.4236,112.254,0.5770,0.0146,0.0809,5.5547,7.1925,7.5208,nan,7.8192,8.1161,0.3214,-0.0049,2.5669,0.0750,-0.0367,-0.0199,11.2878,0.0629,2.9934,0.1751
27.800,110.265,1.4368,0.5216,-89.926,1.3374,0.2639,-92.010,0.2575,-0.0997,0.2762,-2.084,1.1157,3.4395,-2.085,0.3371,-3.1654,-89.925,7.330,-0.3549,112.675,0.6046,0.0106,0.1042,9.8339,7.3268,7.5820,nan,7.9088,8.2161,0.3254,0.0115,2.5669,0.0442,-0.0575,-0.0202,11.5875,0.0589,3.0524,0.1751
27.850,110.679,1.4345,0.1069,-90.833,1.3296,-0.1840,-92.392,0.2924,-0.1007,0.3092,-1.558,1.0845,3.4146,-1.328,0.3285,-3.5920,-91.064,7.471,-0.1453,113.113,0.6181,0.0126,0.0976,7.7454,7.4924,7.8192,nan,7.9976,8.3255,0.3297,0.0021,2.5770,0.0477,-0.0352,-0.0146,11.9870,0.0520,2.8728,0.1751
27.900,111.094,1.4277,-0.3078,-91.040,1.3262,-0.6317,-91.859,0.3256,-0.0956,0.3394,-0.819,1.0478,3.4196,-0.553,0.3175,-4.0484,-91.306,7.599,0.0180,113.549,0.6568,0.0175,0.0832,4.7662,7.5398,7.7037,nan,7.9976,8.3298,0.3299,0.0025,2.5817,0.0352,-0.0291,-0.0119,12.3866,0.0477,2.5144,0.1751
27.950,111.531,1.4207,-0.7445,-90.626,1.3308,-1.0218,-91.212,0.2783,-0.0868,0.2915,-0.586,1.0386,3.4532,-0.230,0.3102,-4.4738,-90.982,7.719,0.0746,114.006,0.6469,0.0145,0.0781,5.3854,7.5619,7.7037,nan,7.9976,8.1701,0.3236,-0.0140,2.5849,0.0621,-0.0028,-0.0100,12.7861,0.0505,2.5144,0.1751
28.000,111.967,1.4161,-1.1802,-90.542,1.3289,-1.4547,-90.666,0.2753,-0.0846,0.2880,-0.124,1.0451,3.5176,-0.287,0.3087,-4.9709,-90.379,7.825,-0.0929,114.462,0.7004,0.0163,0.0684,4.1903,7.7527,8.1683,nan,7.9976,8.0690,0.3196,-0.0300,2.5872,0.0934,0.0198,-0.0079,13.1857,0.0408,2.5074,0.1751
28.050,112.445,1.4097,-1.6583,-91.132,1.3249,-1.8190,-91.258,0.1623,-0.0816,0.1817,-0.126,1.0591,3.6266,-0.386,0.3025,-5.4437,-90.871,7.845,-0.2636,114.951,0.6955,0.0267,0.0735,2.7520,7.7702,7.9162,nan,7.9976,8.0738,0.3198,-0.0209,2.5872,0.0915,0.0044,-0.0061,13.4854,0.0391,0.4682,0.1751
28.100,112.876,1.3982,-2.0890,-92.239,1.3066,-2.2529,-92.348,0.1673,-0.0852,0.1878,-0.109,1.0591,3.6266,-0.386,0.2871,-5.8777,-91.961,7.823,-0.3239,115.387,0.7002,0.0250,0.0811,3.2430,7.7799,7.9194,nan,7.9976,8.0765,0.3199,-0.0078,2.5872,0.0803,-0.0207,-0.0044,13.7851,0.0381,-0.5237,0.1751
28.150,113.313,1.3786,-2.5262,-93.088,1.3247,-2.1598,-92.051,-0.3630,-0.0736,0.3704,1.037,1.0467,3.7184,-0.090,0.2871,-5.8777,-91.961,7.823,-0.3239,115.831,0.3444,0.0317,0.0716,2.2575,7.8171,7.9838,nan,7.9976,8.0868,0.3203,0.0008,2.5759,0.0780,-0.0379,-0.0022,14.0847,0.0345,-0.2911,0.1751
28.200,113.313,1.3786,-2.5262,-93.088,1.3153,-2.5373,-93.183,0.0145,-0.0626,0.0643,-0.096,1.0477,3.7724,0.058,0.2612,-6.3100,-93.241,7.809,-0.2535,115.831,0.6986,0.0185,0.0722,3.9039,7.9374,8.2161,nan,7.9976,8.1200,0.3216,0.0024,2.5414,0.0777,-0.0411,-0.0071,14.4843,0.0230,-0.1995,0.1751
28.250,113.750,1.3539,-2.9627,-93.437,1.2941,-3.0039,-93.186,0.0447,-0.0572,0.0726,0.250,0.9801,3.7715,0.710,0.2300,-6.7788,-93.896,7.801,-0.0301,116.275,0.7305,0.0154,0.0590,3.8208,7.8995,8.0043,nan,7.9976,8.1095,0.3212,-0.0131,2.4895,0.0866,-0.0138,-0.0080,14.8839,0.0266,-0.1079,0.1751
28.300,114.179,1.3282,-3.3909,-93.401,1.2782,-3.4054,-93.097,0.0175,-0.0490,0.0521,0.305,1.0195,3.8157,0.439,0.2034,-7.2229,-93.535,7.798,0.0194,116.712,0.7452,0.0156,0.0509,3.2520,7.6840,7.6606,nan,7.7388,7.8534,0.3110,-0.0175,2.4763,0.0845,-0.0079,-0.0031,15.1835,0.0220,0.3006,0.1751
28.350,114.616,1.3024,-3.8273,-93.332,1.2822,-3.7817,-92.645,-0.0444,-0.0228,0.0499,0.687,1.0083,3.8238,0.697,0.1814,-7.6082,-93.342,7.811,0.0148,117.159,0.6976,0.0177,0.0318,1.8017,7.8952,8.4022,nan,7.4612,7.7007,0.3050,-0.0197,2.4191,0.0810,-0.0110,-0.0017,15.5831,-0.0246,0.1887,0.1751
28.400,115.046,1.2764,-4.2562,-93.768,1.2538,-4.3100,-92.881,0.0552,-0.0191,0.0584,0.887,1.0466,3.8407,0.400,0.1503,-8.1520,-93.281,7.804,-0.1900,117.595,0.8038,0.0172,0.0305,1.7744,8.0498,8.4022,nan,6.8817,6.6469,0.2632,-0.0370,2.3584,0.1037,-0.0047,0.0013,16.0826,-0.0503,0.1887,0.1751
28.450,115.535,1.2418,-4.7435,-94.564,1.2254,-4.6301,-94.492,-0.1117,-0.0254,0.1146,0.071,1.1175,3.8858,-0.080,0.1198,-8.5158,-94.412,7.675,-0.3120,118.076,0.6904,0.0194,0.0418,2.1595,7.6457,7.3212,nan,6.7843,6.4818,0.2567,-0.0206,2.3294,0.0748,-0.0397,-0.0009,16.2824,-0.0172,-1.8051,0.1751
28.500,115.943,1.2059,-5.1503,-95.853,1.1917,-5.1253,-94.887,-0.0234,-0.0167,0.0288,0.966,1.0149,3.8792,0.659,0.0732,-9.0060,-95.546,7.208,-0.3063,118.439,0.7700,0.0175,0.0255,1.4601,7.7931,8.1081,nan,6.4100,6.2304,0.2467,-0.0122,2.2885,0.0358,-0.0708,-0.0153,16.6819,-0.0759,-9.2293,0.1751
28.550,116.336,1.1640,-5.5407,-96.600,1.1541,-5.4310,-96.233,-0.1079,-0.0225,0.1102,0.367,1.0149,3.8792,0.659,0.0321,-9.3112,-96.892,6.838,-0.1638,118.798,0.6934,0.0181,0.0299,1.6498,7.3387,6.6075,nan,6.2282,5.9906,0.2373,-0.0184,2.2791,0.0276,-0.0709,-0.0339,16.9816,-0.0473,-8.0326,0.1751
28.600,116.336,1.1640,-5.5407,-96.600,1.1603,-5.4542,-96.298,-0.0855,-0.0136,0.0866,0.302,1.0317,3.8561,0.594,0.0321,-9.3112,-96.892,6.838,-0.1638,118.798,0.6934,0.0181,0.0228,1.2616,6.8897,6.0968,nan,5.9636,5.6901,0.2254,-0.0328,2.2342,0.0184,-0.0582,-0.0507,17.2813,-0.0255,-7.2382,0.1751
28.650,116.729,1.1177,-5.9308,-97.051,1.1296,-5.7649,-96.452,-0.1661,-0.0086,0.1663,0.599,1.0259,3.8352,0.645,-0.0044,-9.6007,-97.097,6.492,-0.1647,119.162,0.6012,0.0200,0.0168,0.8431,6.8139,6.8704,nan,5.7204,5.4969,0.2177,-0.0562,2.1757,0.0030,-0.0461,-0.0681,17.5810,-0.0483,-6.5878,0.1751
28.700,117.052,1.0769,-6.2521,-97.575,1.0861,-6.1108,-97.543,-0.1413,-0.0095,0.1416,0.031,1.1405,3.9002,0.021,-0.0580,-10.0110,-97.564,6.217,-0.2607,119.463,0.6846,0.0203,0.0208,1.0234,6.3827,5.5523,nan,5.5590,5.2996,0.2099,-0.0488,2.1444,-0.0150,-0.0586,-0.0759,17.7807,-0.0142,-7.0018,0.1751
28.750,117.391,1.0300,-6.5879,-98.578,1.0544,-6.3463,-98.259,-0.2425,-0.0119,0.2428,0.319,1.1192,3.9050,0.163,-0.0940,-10.2511,-98.422,5.910,-0.4166,119.778,0.5966,0.0211,0.0242,1.1438,5.9589,5.5595,nan,5.4822,5.1755,0.2050,-0.0540,2.1180,-0.0317,-0.0665,-0.0888,17.9805,0.0357,-5.9881,0.1751
28.800,117.709,0.9793,-6.9017,-100.143,0.9964,-6.6707,-100.376,-0.2304,-0.0239,0.2316,-0.233,1.2328,3.8788,-0.491,-0.1460,-10.5512,-99.885,5.658,-0.4495,120.077,0.5857,0.0116,0.0367,3.1767,5.6215,5.4836,nan,5.3313,5.0538,0.2001,-0.0686,2.0773,-0.0479,-0.0571,-0.1263,18.2802,0.0568,-5.3731,0.1751
28.850,118.019,0.9218,-7.2064,-101.512,0.9348,-6.9885,-101.697,-0.2161,-0.0307,0.2183,-0.185,1.1605,3.8627,-0.090,-0.2087,-10.8515,-101.607,5.428,-0.4440,120.371,0.5849,0.0110,0.0403,3.6685,5.4731,5.4836,nan,5.1082,4.8725,0.1930,-0.0708,2.0232,-0.0791,-0.0548,-0.1438,18.5799,0.0422,-5.3731,0.1751
28.900,118.318,0.8593,-7.4984,-102.955,0.8819,-7.3016,-102.433,-0.1968,-0.0221,0.1981,0.522,1.0589,3.8094,0.471,-0.2683,-11.1092,-102.903,5.234,-0.5372,120.656,0.5550,0.0111,0.0231,2.0829,5.2162,5.1686,nan,4.8829,4.6757,0.1852,-0.0956,2.0135,-0.0826,-0.0371,-0.1662,18.7797,0.0428,-4.3269,0.1751
28.950,118.599,0.7929,-7.7715,-104.763,0.8213,-7.6219,-103.513,-0.1519,-0.0107,0.1523,1.250,0.9289,3.7742,1.138,-0.3341,-11.3917,-104.651,4.994,-0.6698,120.921,0.5623,0.0126,0.0081,0.6442,5.1768,5.2199,nan,4.6408,4.5119,0.1787,-0.1441,2.0135,-0.0601,0.0119,-0.1942,19.1792,0.0016,-5.7661,0.1751
29.000,118.872,0.7190,-8.0342,-107.110,0.7549,-7.8996,-105.719,-0.1392,-0.0053,0.1393,1.391,0.9136,3.7362,1.202,-0.4028,-11.6300,-106.921,4.766,-0.8261,121.179,0.5394,0.0039,0.0092,2.3425,4.8867,4.8174,nan,4.4963,4.3461,0.1721,-0.1688,1.9469,-0.0442,0.0219,-0.2112,19.3790,0.0256,-5.4875,0.1751
29.050,119.128,0.6380,-8.2775,-110.333,0.6749,-8.1357,-108.601,-0.1458,-0.0146,0.1465,1.732,0.9136,3.7362,1.202,-0.4877,-11.8643,-109.803,4.569,-1.0836,121.425,0.5345,0.0062,0.0092,1.4800,4.6353,4.5983,nan,4.3632,4.1656,0.1650,-0.1880,1.8276,-0.0383,0.0131,-0.2058,19.5788,0.0560,-4.7957,0.1751
29.100,119.128,0.6380,-8.2775,-110.333,0.6758,-8.1679,-107.899,-0.1159,-0.0026,0.1159,2.434,0.7690,3.7061,1.904,-0.4877,-11.8643,-109.803,4.569,-1.0836,121.425,0.5345,0.0062,0.0141,2.2780,4.3747,4.3360,nan,4.2997,4.0894,0.1620,-0.1937,1.6436,-0.0329,0.0188,-0.2454,19.8785,0.0824,-4.7970,0.1751
29.150,119.387,0.5412,-8.5175,-114.252,0.5894,-8.3977,-112.114,-0.1290,-0.0053,0.1291,2.138,0.8326,3.6787,1.592,-0.5786,-12.0651,-113.706,4.362,-1.2475,121.673,0.4998,0.0130,0.0056,0.4341,4.4874,4.5661,nan,4.1123,4.0071,0.1587,-0.2065,1.6669,-0.0355,-0.0120,-0.2773,20.0783,0.0162,-4.7233,0.1751
29.200,119.613,0.4425,-8.7211,-118.058,0.4840,-8.6215,-116.101,-0.1074,-0.0102,0.1079,1.957,0.7540,3.6891,2.006,-0.7008,-12.2936,-118.108,4.191,-1.2593,121.891,0.5340,0.0183,0.0035,0.1921,4.1525,4.0550,nan,3.9886,3.8528,0.1526,-0.2028,1.5602,-0.0401,-0.0091,-0.3055,20.2780,0.0484,-3.4134,0.1751
29.250,119.844,0.3278,-8.9215,-122.093,0.3765,-8.8218,-119.811,-0.1103,-0.0117,0.1109,2.282,0.6573,3.6707,2.444,-0.8133,-12.4692,-122.256,4.063,-1.2881,122.117,0.5135,0.0287,0.0047,0.1642,3.9088,3.8850,nan,3.9278,3.9551,0.1566,-0.2012,1.4686,-0.0511,-0.0078,-0.3299,20.4778,0.0116,-2.8075,0.1751
29.300,120.069,0.2025,-9.1079,-126.225,0.2452,-9.0200,-124.713,-0.0961,-0.0175,0.0977,1.512,0.8661,3.6316,1.418,-0.9339,-12.6324,-126.131,3.961,-1.2552,122.338,0.4930,0.0038,0.0063,1.6435,3.9993,4.0532,nan,3.7695,3.6669,0.1452,-0.2037,0.9652,-0.0379,0.0051,-0.3511,20.6776,0.0297,-3.2660,0.1751
29.350,120.283,0.0708,-9.2769,-130.108,0.0909,-9.2072,-129.021,-0.0663,-0.0295,0.0725,1.087,0.9022,3.6261,1.227,-1.0858,-12.8130,-130.248,3.852,-1.2109,122.548,0.5152,0.0087,0.0036,0.4140,4.0170,4.0532,nan,3.6561,3.6051,0.1428,-0.2226,0.8782,-0.0432,0.0341,-0.3900,20.9773,-0.0016,-3.2660,0.1751
29.400,120.495,-0.0704,-9.4348,-133.925,-0.0412,-9.3596,-133.098,-0.0744,-0.0311,0.0807,0.827,0.9864,3.6077,0.854,-1.2206,-12.9506,-133.951,3.828,-1.2522,122.761,0.4961,0.0157,0.0043,0.2737,3.7854,3.7659,nan,3.5836,3.5099,0.1390,-0.2324,0.8782,-0.0523,0.0151,-0.4074,21.0772,0.0224,-0.2718,0.1751
29.450,120.700,-0.2170,-9.5777,-137.995,-0.1923,-9.4961,-136.638,-0.0730,-0.0441,0.0853,1.357,0.9112,3.6248,1.205,-1.3791,-13.0948,-137.843,3.638,-1.3016,122.957,0.5053,0.0233,0.0105,0.4485,3.8086,3.8438,nan,3.4077,3.3936,0.1344,-0.2752,0.8782,-0.0454,0.0286,-0.4359,21.2770,-0.0193,-5.0899,0.1751
29.500,120.903,-0.3721,-9.7084,-142.209,-0.3438,-9.6201,-140.966,-0.0765,-0.0524,0.0927,1.243,0.9270,3.6137,1.104,-1.5256,-13.2068,-142.070,3.493,-1.3319,123.154,0.4860,0.0051,0.0057,1.1357,3.6156,3.6083,nan,3.2026,3.1491,0.1247,-0.2748,0.8782,-0.0526,0.0511,-0.4336,21.4767,-0.0088,-3.9361,0.1751
29.550,121.090,-0.5246,-9.8181,-146.789,-0.5071,-9.7471,-144.968,-0.0535,-0.0498,0.0731,1.821,0.8080,3.6190,1.654,-1.7003,-13.3226,-146.622,3.347,-1.4318,123.337,0.5063,0.0081,0.0035,0.4322,3.5889,3.6139,nan,3.0735,2.9955,0.1186,-0.3288,0.8782,-0.0482,0.0650,-0.4278,21.6765,-0.0133,-3.9302,0.1751
29.600,121.090,-0.5246,-9.8181,-146.789,-0.5071,-9.7471,-144.968,-0.0535,-0.0498,0.0731,1.821,0.8080,3.6190,1.654,-1.7003,-13.3226,-146.622,3.347,-1.4318,123.337,0.5063,0.0081,0.0035,0.4322,3.2607,3.1676,nan,3.0735,2.8887,0.1144,-0.3476,0.8782,-0.0422,0.0388,-0.4239,21.7764,0.0553,-5.0695,0.1751
29.650,121.269,-0.6773,-9.9105,-151.204,-0.6434,-9.8286,-149.833,-0.0691,-0.0554,0.0886,1.371,0.8100,3.6127,1.645,-1.8388,-13.3940,-151.478,3.163,-1.4209,123.509,0.4816,0.0141,0.0010,0.0678,3.0345,3.0089,nan,3.0475,3.0688,0.1215,-0.3702,0.8782,-0.0390,0.0163,-0.4428,21.8763,0.0086,-4.8295,0.1751
29.700,121.441,-0.8308,-9.9871,-156.198,-0.7828,-9.9096,-153.364,-0.0752,-0.0516,0.0912,2.834,0.7013,3.6074,2.080,-1.9738,-13.4542,-155.445,2.988,-1.5815,123.675,0.4569,0.0204,0.0098,0.4793,3.1493,3.2021,nan,3.1292,3.0113,0.1193,-0.4146,0.8782,-0.0266,0.0293,-0.5908,22.0761,0.0539,-4.4664,0.1751
29.750,121.603,-0.9824,-10.0465,-161.295,-0.9452,-9.9731,-158.640,-0.0588,-0.0575,0.0823,2.655,0.5851,3.6275,2.632,-2.1532,-13.5160,-161.272,2.865,-1.6339,123.836,0.4793,0.0281,0.0125,0.4465,2.9011,2.8634,nan,3.1708,3.1294,0.1239,-0.3996,0.8782,-0.0312,0.0178,-0.6686,22.1760,0.0571,0.6471,0.1751
29.800,121.763,-1.1353,-10.0910,-166.595,-1.1032,-10.0230,-164.144,-0.0470,-0.0587,0.0752,2.451,0.5626,3.6182,2.673,-2.3001,-13.5486,-166.817,2.912,-1.7318,124.000,0.4671,0.0152,0.0149,0.9812,2.8481,2.8634,nan,3.1708,3.1305,0.1240,-0.4052,0.9298,-0.0238,0.0709,-0.6767,22.3758,0.0622,0.6471,0.1751
29.850,121.922,-1.2916,-10.1206,-172.458,-1.2686,-10.0575,-169.734,-0.0310,-0.0595,0.0671,2.724,0.6430,3.5972,2.258,-2.4481,-13.5688,-171.991,2.890,-1.8345,124.163,0.4546,0.0190,0.0208,1.0955,2.7897,2.8037,nan,3.2528,3.2604,0.1291,-0.3940,1.0804,-0.0139,0.0467,-0.6101,22.4757,0.0626,-1.3923,0.1751
29.900,122.085,-1.4547,-10.1342,-178.342,-1.4369,-10.0732,-175.475,-0.0195,-0.0604,0.0635,2.867,0.5750,3.6044,2.543,-2.6169,-13.5749,-178.018,2.956,-1.8365,124.334,0.4543,0.0262,0.0279,1.0660,2.9302,2.9900,nan,3.3853,3.3832,0.1340,-0.3820,1.1390,-0.0042,0.0563,-0.6205,22.6754,0.0654,1.3902,0.1751
29.950,122.260,-1.6290,-10.1305,175.504,-1.6178,-10.0669,178.134,-0.0062,-0.0643,0.0646,2.630,0.6295,3.6007,2.378,-2.8124,-13.5626,175.756,3.055,-1.8383,124.519,0.4661,0.0373,0.0332,0.8884,3.1415,3.2441,nan,3.4895,3.5725,0.1415,-0.3770,1.2648,0.0087,0.0774,-0.5345,22.8752,0.0289,1.7043,0.1751
30.000,122.424,-1.7923,-10.1102,169.866,-1.8041,-10.0375,171.428,0.0244,-0.0695,0.0736,1.562,0.7542,3.5807,1.858,-2.9985,-13.5281,169.569,3.154,-1.8763,124.694,0.4768,0.0409,0.0297,0.7274,3.2448,3.2945,nan,3.5426,3.5966,0.1424,-0.3427,1.3124,0.0048,0.0860,-0.5382,23.0750,0.0316,1.9438,0.1751
30.050,122.605,-1.9681,-10.0698,163.774,-1.9647,-9.9950,165.004,0.0177,-0.0728,0.0749,1.230,0.9108,3.5495,1.196,-3.1576,-13.4814,163.808,3.281,-1.7986,124.887,0.4594,0.0209,0.0117,0.5574,3.1107,3.1137,nan,3.6384,3.6483,0.1445,-0.3107,1.2797,-0.0011,0.0380,-0.5040,23.1749,0.0713,2.5184,0.1751
30.100,122.774,-2.1288,-10.0157,158.591,-2.1425,-9.9296,159.687,0.0442,-0.0751,0.0872,1.096,0.9292,3.5448,1.133,-3.3376,-13.4110,158.554,3.368,-1.6682,125.066,0.4671,0.0223,0.0143,0.6409,3.3289,3.4397,nan,3.6830,3.7756,0.1495,-0.2923,1.4015,-0.0018,0.0340,-0.4577,23.3747,0.0281,2.2014,0.1751
30.150,122.955,-2.2942,-9.9430,153.590,-2.3167,-9.8481,154.644,0.0623,-0.0750,0.0976,1.054,0.9292,3.5448,1.133,-3.5100,-13.3260,153.511,3.451,-1.5893,125.254,0.4672,0.0251,0.0188,0.7488,3.4643,3.5286,nan,3.7667,3.8575,0.1528,-0.2868,1.4585,-0.0003,0.0450,-0.4419,23.5745,0.0229,1.9698,0.1751
30.201,122.955,-2.2942,-9.9430,153.590,-2.3189,-9.8400,153.894,0.0679,-0.0813,0.1059,0.305,1.1019,3.5093,0.383,-3.5100,-13.3260,153.511,3.451,-1.5893,125.254,0.4672,0.0251,0.0095,0.3802,3.5212,3.5611,nan,3.8394,3.9148,0.1550,-0.2694,1.4825,-0.0079,0.0432,-0.4278,23.7742,0.0294,2.5875,0.1751
30.250,123.148,-2.4635,-9.8503,148.563,-2.4903,-9.7354,149.272,0.0828,-0.0841,0.1180,0.708,1.0141,3.5346,0.767,-3.6817,-13.2219,148.505,3.560,-1.5978,125.457,0.4638,0.0302,0.0130,0.4313,3.5954,3.6405,nan,3.9619,3.9649,0.1570,-0.2608,1.5137,-0.0082,0.0579,-0.4494,23.9740,0.0570,1.8771,0.1751
30.300,123.357,-2.6372,-9.7336,143.213,-2.6622,-9.6033,144.143,0.0981,-0.0894,0.1327,0.930,1.0389,3.5388,0.640,-3.8477,-13.0999,143.503,3.653,-1.5456,125.676,0.4546,0.0365,0.0144,0.3939,3.8270,3.9617,nan,4.0847,4.1635,0.1649,-0.2521,1.6282,-0.0102,0.0637,-0.4380,24.1738,0.0231,1.5749,0.1751
30.350,123.553,-2.7894,-9.6108,138.526,-2.8388,-9.4514,138.354,0.1426,-0.0867,0.1669,-0.172,1.1897,3.4916,-0.022,-4.0236,-12.9446,138.376,3.721,-1.5214,125.879,0.4625,0.0191,0.0125,0.6579,3.7063,3.7172,nan,4.1355,4.2105,0.1668,-0.2048,1.6150,-0.0161,0.0174,-0.3921,24.2737,0.0445,1.2413,0.1751
30.400,123.763,-2.9413,-9.4656,133.638,-2.9832,-9.3127,133.812,0.1396,-0.0752,0.1586,0.175,1.1461,3.5079,0.148,-4.1624,-12.8098,133.664,3.790,-1.5022,126.096,0.4546,0.0210,0.0144,0.6843,3.6898,3.7172,nan,4.2856,4.3775,0.1734,-0.2203,1.6464,0.0070,0.0505,-0.3436,24.5734,0.0617,1.2413,0.1751
30.450,123.975,-3.0818,-9.3068,128.909,-3.1361,-9.1258,128.285,0.1749,-0.0714,0.1889,-0.624,1.2783,3.4671,-0.478,-4.3091,-12.6294,128.763,3.913,-1.3242,126.320,0.4519,0.0230,0.0140,0.6091,3.8360,3.9093,nan,4.3867,4.4567,0.1765,-0.2149,1.7188,0.0139,0.0479,-0.3403,24.7732,0.0617,2.7856,0.1751
30.500,124.201,-3.2179,-9.1262,124.756,-3.2606,-8.9470,124.501,0.1715,-0.0671,0.1842,-0.255,1.2126,3.4847,-0.171,-4.4360,-12.4450,124.673,4.022,-1.3352,126.556,0.4420,0.0230,0.0168,0.7312,3.9102,3.9584,nan,4.4854,4.5593,0.1806,-0.2125,1.7750,0.0170,0.0487,-0.3166,24.9729,0.0641,2.6210,0.1751
30.550,124.427,-3.3403,-8.9366,120.439,-3.3919,-8.7388,120.458,0.1967,-0.0558,0.2045,0.019,1.1745,3.4893,-0.002,-4.5660,-12.2281,120.460,4.172,-1.3853,126.795,0.4401,0.0223,0.0238,1.0674,4.1142,4.2292,nan,4.6231,4.7270,0.1872,-0.2101,1.8873,0.0291,0.0494,-0.2977,25.1727,0.0508,3.2904,0.1751
30.600,124.664,-3.4534,-8.7279,115.947,-3.4960,-8.5357,116.185,0.1915,-0.0458,0.1969,0.238,1.1599,3.4872,0.062,-4.6690,-12.0178,116.123,4.298,-1.4095,127.045,0.4300,0.0179,0.0213,1.1903,4.2041,4.2636,nan,4.7030,4.8129,0.1906,-0.1997,1.9441,0.0386,0.0384,-0.2834,25.3725,0.0490,2.7233,0.1751
30.650,124.873,-3.5393,-8.5371,112.035,-3.5798,-8.3411,112.274,0.1969,-0.0359,0.2001,0.238,1.1162,3.4729,0.319,-4.7616,-11.7877,111.955,4.409,-1.4339,127.266,0.4261,0.0177,0.0238,1.3403,4.4452,4.6278,nan,4.8086,4.9488,0.1960,-0.1914,2.0701,0.0481,0.0475,-0.2709,25.6722,0.0295,2.8327,0.1751
30.700,125.088,-3.6140,-8.3362,108.195,-3.6509,-8.1428,108.830,0.1953,-0.0253,0.1969,0.635,0.9709,3.5174,1.027,-4.8300,-11.5755,107.803,4.515,-1.3981,127.491,0.4176,0.0193,0.0310,1.6038,4.4374,4.4761,nan,4.8760,4.9776,0.1971,-0.1749,2.0680,0.0498,0.0344,-0.2697,25.8720,0.0448,1.4431,0.1751
30.750,125.344,-3.6859,-8.0898,103.847,-3.7127,-7.9170,104.878,0.1742,-0.0154,0.1749,1.031,0.9709,3.5174,1.027,-4.8877,-11.3487,103.851,4.642,-1.2920,127.761,0.4081,0.0140,0.0340,2.4217,4.3723,4.3986,nan,4.9414,4.9912,0.1977,-0.1715,2.0425,0.0589,0.0383,-0.2654,26.0718,0.0695,1.3758,0.1751
30.800,125.344,-3.6859,-8.0898,103.847,-3.7073,-7.9316,104.822,0.1587,-0.0170,0.1596,0.975,0.9873,3.4983,0.971,-4.8877,-11.3487,103.851,4.642,-1.2920,127.761,0.4081,0.0140,0.0299,2.1259,4.6526,4.9752,nan,5.0399,5.1414,0.2036,-0.1602,2.1832,0.0614,0.0288,-0.2576,26.2715,0.0403,1.9136,0.1751
30.850,125.611,-3.7415,-7.8285,99.685,-3.7673,-7.6439,100.951,0.1863,-0.0056,0.1864,1.266,0.9448,3.5036,1.189,-4.9425,-11.0473,99.761,4.725,-1.2638,128.038,0.3993,0.0109,0.0411,3.7704,4.8771,5.0742,nan,5.1542,5.2865,0.2094,-0.1503,2.2316,0.0664,0.0445,-0.2471,26.5712,0.0247,1.0763,0.1751
30.900,125.878,-3.7781,-7.5649,95.626,-3.7933,-7.3772,97.170,0.1883,-0.0033,0.1883,1.544,0.8920,3.5117,1.511,-4.9709,-10.7615,95.659,4.786,-1.2091,128.313,0.3884,0.0101,0.0468,4.6365,4.8714,4.9188,nan,5.2462,5.3554,0.2121,-0.1394,2.2422,0.0602,0.0389,-0.2389,26.7710,0.0390,2.1744,0.1751
30.950,126.139,-3.7964,-7.3044,91.917,-3.7984,-7.1379,93.292,0.1665,-0.0036,0.1665,1.375,0.8858,3.4874,1.592,-4.9777,-10.4911,91.700,4.884,-1.1546,128.585,0.3761,0.0085,0.0434,5.0754,4.7841,4.8095,nan,5.2972,5.3743,0.2128,-0.1155,2.2499,0.0551,0.0046,-0.2329,26.8709,0.0590,2.4259,0.1751
31.000,126.416,-3.7979,-7.0276,88.233,-3.8014,-6.8742,89.459,0.1532,0.0082,0.1534,1.226,0.9539,3.4601,1.241,-4.9781,-10.2289,88.217,4.992,-1.1011,128.874,0.3763,0.0089,0.0414,4.6784,4.7671,4.8095,nan,5.4747,5.5617,0.2203,-0.1144,2.3055,0.0695,0.0384,-0.1913,27.2705,0.0793,2.4259,0.1751
31.050,126.713,-3.7803,-6.7306,84.612,-3.7722,-6.5686,85.856,0.1621,0.0071,0.1623,1.244,0.9429,3.4476,1.348,-4.9494,-9.9025,84.508,5.088,-0.9292,129.183,0.3630,0.0049,0.0445,9.1563,4.9908,5.1949,nan,5.6332,5.8259,0.2307,-0.1017,2.3874,0.0672,0.0310,-0.1323,27.5702,0.0606,2.0762,0.1751
31.100,127.020,-3.7441,-6.4253,81.470,-3.7265,-6.2904,83.119,0.1360,0.0026,0.1361,1.649,0.9028,3.4411,1.621,-4.9026,-9.5967,81.498,5.175,-0.8457,129.501,0.3525,0.0045,0.0467,10.4025,5.1241,5.2437,nan,5.7696,6.0232,0.2385,-0.0989,2.3874,0.0581,0.0206,-0.1057,27.7699,0.0575,1.4131,0.1751
31.150,127.306,-3.6962,-6.1436,78.894,-3.6670,-5.9878,80.543,0.1586,0.0013,0.1586,1.649,0.8997,3.4479,1.686,-4.8423,-9.2972,78.856,5.391,-0.8368,129.808,0.3399,0.0053,0.0393,7.4306,5.2908,5.4474,nan,5.8944,6.1173,0.2423,-0.0931,2.3874,0.0474,0.0219,-0.1248,28.0696,0.0555,4.9523,0.1751
31.200,127.614,-3.6307,-5.8426,76.189,-3.5989,-5.6628,77.900,0.1822,0.0120,0.1826,1.712,0.8997,3.4479,1.686,-4.7647,-8.9744,76.214,5.592,-0.8184,130.137,0.3288,0.0012,0.0490,41.9519,5.4904,5.7016,nan,6.0155,6.2254,0.2465,-0.0867,2.3874,0.0416,0.0212,-0.1336,28.3693,0.0487,4.5439,0.1751
31.250,127.614,-3.6307,-5.8426,76.189,-3.5971,-5.6661,77.732,0.1794,0.0095,0.1796,1.543,0.9282,3.4313,1.518,-4.7647,-8.9744,76.214,5.592,-0.8184,130.137,0.3288,0.0012,0.0430,36.8334,5.6874,5.9117,nan,6.1335,6.3575,0.2518,-0.0765,2.3934,0.0371,0.0170,-0.1295,28.6689,0.0404,3.2870,0.1751
31.300,128.222,-3.4623,-5.2588,71.345,-3.4111,-5.0610,72.119,0.2038,0.0148,0.2043,0.773,1.0707,3.3741,0.655,-4.5780,-8.3833,71.464,5.858,-0.7697,130.776,0.3112,0.0018,0.0284,16.1313,5.7771,5.8969,nan,6.2713,6.4874,0.2569,-0.0552,2.3983,0.0214,0.0015,-0.1215,28.9686,0.0466,3.0119,0.1751
31.350,128.222,-3.4623,-5.2588,71.345,-3.4032,-5.0499,71.929,0.2168,0.0108,0.2171,0.584,1.1065,3.3703,0.466,-4.5780,-8.3833,71.464,5.858,-0.7697,130.776,0.3112,0.0018,0.0282,16.0449,6.0404,6.5321,nan,6.4405,6.6869,0.2648,-0.0423,2.3983,0.0133,0.0054,-0.1157,29.3682,0.0365,1.8565,0.1751
31.400,128.530,-3.3592,-4.9684,69.268,-3.2573,-4.6880,68.237,0.2983,0.0039,0.2984,-1.031,1.2464,3.2677,-0.516,-4.4318,-7.9959,68.753,5.985,-0.5797,131.100,0.2967,0.0018,0.0281,15.9671,5.6860,5.5197,nan,6.4899,6.5964,0.2612,-0.0249,2.3983,-0.0081,-0.0033,-0.1211,29.5680,0.0875,3.0379,0.1751
31.450,128.869,-3.2352,-4.6527,67.616,-3.1574,-4.4757,67.440,0.1933,-0.0046,0.1933,-0.176,1.1952,3.3026,-0.082,-4.3415,-7.7845,67.522,6.120,-0.4444,131.455,0.3011,0.0027,0.0115,4.2973,5.9419,6.7680,nan,6.7271,6.9328,0.2746,-0.0218,2.4939,-0.0082,0.0289,-0.0642,29.9675,0.0789,3.5033,0.1751
31.500,129.217,-3.0997,-4.3327,66.336,-2.9928,-4.0604,67.004,0.2923,0.0114,0.2926,0.668,1.0533,3.3655,0.869,-4.1583,-7.3636,66.134,6.269,-0.3039,131.820,0.2826,0.0029,0.0139,4.7762,6.0936,6.2866,nan,6.8599,7.1483,0.2831,-0.0148,2.4985,0.0021,0.0238,-0.0113,30.2672,0.0743,1.2000,0.1751
31.550,129.563,-2.9587,-4.0164,65.569,-2.8678,-3.7877,65.881,0.2458,0.0119,0.2461,0.312,1.0913,3.3197,0.516,-4.0230,-7.0715,65.365,6.329,-0.2263,132.177,0.2779,0.0007,0.0100,13.4634,6.1637,6.2866,nan,6.9862,7.2540,0.2873,-0.0232,2.4957,0.0327,0.0348,-0.0153,30.5669,0.0810,1.2000,0.1751
31.600,129.922,-2.8083,-3.6899,64.862,-2.7359,-3.4710,65.746,0.2290,0.0275,0.2306,0.884,1.0263,3.3305,0.901,-3.8687,-6.7414,64.845,6.501,-0.2282,132.557,0.2756,0.0006,0.0139,25.1154,6.2647,6.4167,nan,6.9990,7.2804,0.2883,-0.0163,2.4957,0.0378,0.0307,-0.0192,30.8666,0.0715,3.6835,0.1751
31.650,130.293,-2.6492,-3.3556,64.130,-2.5749,-3.1138,66.199,0.2501,0.0386,0.2530,2.068,0.8927,3.4017,2.044,-3.6978,-6.3876,64.155,6.703,-0.1920,132.953,0.2732,0.0028,0.0172,6.1918,6.4858,6.8413,nan,6.9990,7.3355,0.2905,-0.0124,2.4669,0.0627,0.0324,-0.0223,31.1662,0.0480,4.5016,0.1751
31.700,130.665,-2.4852,-3.0209,63.605,-2.4083,-2.7246,66.097,0.2996,0.0628,0.3061,2.492,0.8288,3.4276,2.577,-3.5105,-6.0004,63.520,6.835,-0.1445,133.344,0.2827,0.0051,0.0372,7.3150,6.7401,7.3072,nan,6.9990,7.0336,0.2786,-0.0189,2.3968,0.0985,0.0495,0.0168,31.6657,0.0435,3.0062,0.1751
31.750,131.044,-2.3156,-2.6819,63.186,-2.2400,-2.3480,66.651,0.3321,0.0831,0.3424,3.465,0.7468,3.5087,3.508,-3.3395,-5.6630,63.144,6.931,-0.1689,133.737,0.2806,0.0016,0.0450,27.7903,6.8562,7.0571,nan,6.9990,7.0650,0.2798,-0.0181,2.3697,0.1239,0.0481,0.0282,31.9654,0.0305,2.4371,0.1751
31.801,131.424,-2.1428,-2.3436,62.567,-2.0806,-1.9860,66.157,0.3460,0.1095,0.3629,3.589,0.7468,3.5087,3.508,-3.1583,-5.3114,62.649,6.888,-0.1961,134.118,0.2829,0.0219,0.0161,0.7363,6.9357,7.1018,nan,6.9990,7.0866,0.2807,-0.0120,2.3400,0.1495,0.0403,0.0486,32.3649,0.0218,-0.9892,0.1751
31.850,131.424,-2.1428,-2.3436,62.567,-2.0419,-1.9416,65.481,0.4033,0.0957,0.4145,2.913,0.8501,3.5194,2.832,-3.1583,-5.3114,62.649,6.888,-0.1961,134.118,0.2829,0.0017,0.0150,9.0165,6.8282,6.8691,nan,6.9304,7.0053,0.2774,0.0233,2.3217,0.1321,-0.0065,0.0613,32.7645,0.0259,-0.4320,0.1751
31.900,131.810,-1.9638,-2.0025,61.952,-1.8672,-1.5686,64.247,0.4283,0.1188,0.4445,2.296,0.9161,3.5363,2.300,-2.9859,-4.9891,61.948,6.870,-0.1543,134.507,0.2758,0.0038,0.0083,2.1637,6.9009,7.0590,nan,6.4875,6.6884,0.2649,0.0579,2.3208,0.1186,-0.0469,0.0618,33.1641,-0.0308,-0.0459,0.1751
31.950,132.194,-1.7820,-1.6636,61.567,-1.6856,-1.1829,64.047,0.4686,0.1441,0.4902,2.480,0.8924,3.5689,2.595,-2.7905,-4.6303,61.452,6.864,-0.0002,134.897,0.2786,0.0082,0.0091,1.1101,6.8437,6.9102,nan,6.2458,6.2578,0.2478,0.0774,2.3062,0.1108,-0.0509,0.0362,33.4637,-0.0257,-0.8868,0.1751
32.000,132.577,-1.6008,-1.3259,62.290,-1.5182,-0.8533,64.282,0.4568,0.1466,0.4798,1.992,0.8866,3.5674,2.716,-2.6116,-4.3018,61.566,6.817,0.3585,135.280,0.2740,0.0067,0.0070,1.0408,6.8353,6.9296,nan,5.9369,5.6796,0.2249,0.0926,2.2226,0.0920,-0.0591,0.0927,33.8633,-0.0237,-3.0225,0.1751
32.050,132.955,-1.4292,-0.9895,64.195,-1.3618,-0.5073,66.622,0.4635,0.1492,0.4869,2.426,0.8526,3.5698,3.164,-2.4360,-3.9486,63.457,6.665,0.7019,135.648,0.2827,0.0024,0.0095,3.9423,6.8321,6.9296,nan,5.7084,5.5716,0.2207,0.0927,2.1745,0.0842,-0.0523,0.1200,34.1630,-0.0588,-3.0225,0.1751
32.100,133.321,-1.2756,-0.6578,66.716,-1.2498,-0.2390,70.542,0.3949,0.1418,0.4196,3.826,0.7769,3.5711,4.153,-2.2973,-3.6533,66.389,6.394,0.8252,135.991,0.2700,0.0027,0.0286,10.6526,6.5526,6.4715,nan,5.4762,5.3737,0.2128,0.0932,2.0677,0.0893,-0.0148,0.1400,34.4627,-0.0591,-5.7600,0.1751
32.150,133.654,-1.1493,-0.3492,69.461,-1.1456,0.0493,72.709,0.3745,0.1363,0.3985,3.248,0.8331,3.5017,3.349,-2.1770,-3.3308,69.360,5.981,0.8688,136.291,0.2832,0.0046,0.0267,5.8335,6.3374,6.3120,nan,5.2205,5.2495,0.2079,0.0734,2.0524,0.1136,0.0119,0.1565,34.7623,-0.0529,-8.5034,0.1751
32.200,133.978,-1.0412,-0.0433,72.147,-1.0584,0.2744,73.879,0.2972,0.1138,0.3182,1.732,0.9569,3.4362,1.691,-2.1077,-3.1009,72.188,5.636,0.6799,136.589,0.2790,0.0195,0.0473,2.4209,5.9024,5.3577,nan,5.2205,5.0628,0.2005,0.0767,2.0344,0.1097,0.0294,0.1616,34.8622,-0.0110,-7.9241,0.1751
32.250,134.281,-0.9523,0.2463,74.134,-0.9625,0.5713,74.713,0.3099,0.0987,0.3252,0.579,1.0357,3.3975,0.440,-2.0198,-2.8107,74.273,5.394,0.6330,136.875,0.2802,0.0159,0.0188,1.1833,5.5787,5.4612,nan,5.0353,4.8622,0.1926,0.1245,1.9740,0.0634,-0.0255,0.1774,35.1619,0.0083,-5.7174,0.1751
32.300,134.541,-0.8844,0.4965,75.913,-0.8899,0.7963,75.350,0.2895,0.0783,0.2999,-0.563,1.0969,3.3486,-0.571,-1.9612,-2.5719,75.921,5.198,0.6753,137.121,0.2850,0.0182,0.0070,0.3856,5.3040,5.2412,nan,4.7450,4.5706,0.1810,0.1536,1.9149,0.0343,-0.0556,0.1793,35.3617,0.0089,-5.1144,0.1751
32.350,134.785,-0.8289,0.7345,78.475,-0.8223,1.0065,76.677,0.2678,0.0478,0.2720,-1.797,1.1366,3.3029,-1.190,-1.9107,-2.3367,77.868,4.997,0.9794,137.352,0.2890,0.0224,0.0092,0.4115,5.0479,5.0027,nan,4.6581,4.4239,0.1752,0.1695,1.8377,-0.0007,-0.0915,0.1801,35.6614,0.0465,-5.1583,0.1751
32.400,135.066,-0.7802,1.0108,82.271,-0.7904,1.2422,80.306,0.2279,0.0412,0.2316,-1.965,1.1314,3.3165,-1.173,-1.8789,-2.1132,81.478,4.699,1.2099,137.615,0.2944,0.0241,0.0094,0.3892,4.7130,4.6009,nan,4.4786,4.2036,0.1665,0.1943,1.8320,-0.0198,-0.0481,0.1803,35.7613,0.0808,-3.3887,0.1751
32.450,135.066,-0.7802,1.0108,82.271,-0.7904,1.2422,80.306,0.2279,0.0412,0.2316,-1.965,1.1314,3.3165,-1.173,-1.8789,-2.1132,81.478,4.699,1.2099,137.615,0.2944,0.0241,0.0094,0.3892,4.8178,4.9060,nan,4.1765,4.0114,0.1589,0.1860,1.7439,-0.0096,-0.0182,0.1909,36.0609,0.0012,-5.6190,0.1751
32.500,135.313,-0.7536,1.2569,86.031,-0.7634,1.5380,84.561,0.2797,0.0293,0.2813,-1.470,1.1488,3.2930,-1.738,-1.8581,-1.8122,86.299,4.476,1.2560,137.850,0.3113,0.0253,0.0080,0.3158,4.4062,4.0559,nan,4.1765,3.9552,0.1566,0.1951,1.6255,-0.0009,-0.0125,0.2494,36.2607,0.0663,-5.6419,0.1751
32.550,135.553,-0.7443,1.4962,90.170,-0.7576,1.6720,87.924,0.1758,0.0128,0.1763,-2.246,1.1605,3.2498,-1.979,-1.8625,-1.6431,89.903,4.250,1.2414,138.078,0.3125,0.0342,0.0145,0.4223,4.2460,4.2500,nan,4.0070,3.7843,0.1499,0.1925,1.5664,0.0050,0.0249,0.2542,36.3606,0.0646,-4.9890,0.1751
32.600,135.764,-0.7505,1.7079,93.682,-0.7529,1.8402,90.650,0.1322,-0.0061,0.1323,-3.032,1.1982,3.1608,-3.048,-1.8781,-1.4225,93.698,4.072,1.1815,138.281,0.3225,0.0384,0.0120,0.3128,4.0886,4.0937,nan,3.8411,3.5876,0.1421,0.1939,1.3747,0.0021,0.0145,0.2385,36.5604,0.0702,-2.6561,0.1751
32.650,135.977,-0.7700,1.9193,97.378,-0.7677,2.0343,93.297,0.1137,-0.0171,0.1150,-4.081,1.2187,3.1052,-4.067,-1.9055,-1.2091,97.364,3.943,1.1802,138.488,0.3305,0.0474,0.0139,0.2939,3.8411,3.8149,nan,3.8411,3.8724,0.1534,0.2018,1.2915,0.0122,0.0310,0.2563,36.6603,0.0078,-3.9826,0.1751
32.700,136.193,-0.8040,2.1328,101.086,-0.7921,2.2294,97.265,0.0925,-0.0303,0.0973,-3.821,1.2192,3.1026,-3.976,-1.9459,-1.0106,101.241,3.785,1.1369,138.697,0.3359,0.0269,0.0213,0.7905,3.7254,3.7376,nan,3.6416,3.4303,0.1359,0.2118,1.2526,0.0174,0.0309,0.3362,36.8601,0.0780,-3.9826,0.1751
32.750,136.400,-0.8494,2.3344,104.668,-0.8255,2.4199,101.205,0.0767,-0.0448,0.0888,-3.463,1.2097,3.1214,-3.462,-1.9891,-0.8231,104.668,3.635,1.1421,138.897,0.3334,0.0371,0.0219,0.5892,3.6465,3.6642,nan,3.4586,3.2883,0.1302,0.2335,1.2261,0.0216,0.0114,0.3850,37.0599,0.0532,-4.6440,0.1751
32.800,136.601,-0.9061,2.5282,108.310,-0.8756,2.5960,104.690,0.0548,-0.0502,0.0743,-3.620,1.2121,3.0985,-3.595,-2.0521,-0.6324,108.284,3.664,1.1951,139.103,0.3397,0.0410,0.0212,0.5177,3.6231,3.6489,nan,3.3022,3.1238,0.1237,0.2480,1.2182,0.0376,0.0019,0.3814,37.2596,0.0389,1.4009,0.1751
32.850,136.794,-0.9723,2.7093,112.309,-0.9367,2.7901,108.662,0.0612,-0.0636,0.0883,-3.647,1.2096,3.0991,-3.419,-2.1240,-0.4364,112.081,3.380,1.2812,139.282,0.3457,0.0493,0.0197,0.3998,3.6821,3.7241,nan,3.1479,3.0140,0.1194,0.2652,1.1330,0.0444,0.0236,0.3990,37.3595,0.0005,-6.9959,0.1751
32.900,136.977,-1.0471,2.8759,116.367,-1.0019,2.9277,113.684,0.0263,-0.0635,0.0688,-2.683,1.2012,3.1149,-2.760,-2.1916,-0.2931,116.443,3.165,1.2830,139.456,0.3383,0.0255,0.0262,1.0300,3.3575,3.2697,nan,3.1479,3.0275,0.1199,0.2271,1.0331,0.0585,0.0161,0.4329,37.5593,0.0342,-5.9496,0.1751
32.950,137.152,-1.1302,3.0302,120.458,-1.0805,3.0741,117.627,0.0126,-0.0651,0.0663,-2.831,1.1977,3.1197,-2.777,-2.2733,-0.1560,120.404,3.016,1.0788,139.625,0.3380,0.0354,0.0208,0.5881,3.1181,3.0878,nan,3.0747,2.9134,0.1154,0.1670,0.9594,0.0842,0.0466,0.4523,37.6592,0.0647,-4.7359,0.1751
33.000,137.293,-1.2046,3.1500,123.292,-1.1688,3.2252,121.029,0.0432,-0.0712,0.0833,-2.263,1.1909,3.1494,-2.511,-2.3607,-0.0277,123.540,2.978,0.8628,139.765,0.3504,0.0323,0.0162,0.5011,3.0809,3.1003,nan,2.9246,2.8024,0.1110,0.2257,0.9339,0.0957,-0.0019,0.5022,37.8590,0.0394,-1.0863,0.1751
33.050,137.454,-1.2959,3.2829,125.691,-1.2470,3.3424,123.521,0.0198,-0.0744,0.0770,-2.170,1.1909,3.1494,-2.511,-2.4440,0.0860,126.032,2.889,0.8103,139.923,0.3440,0.0355,0.0137,0.3851,2.8423,2.8084,nan,2.8434,2.8660,0.1135,0.2494,0.8616,0.0946,-0.0187,0.5349,37.9589,0.0059,-1.8933,0.1751
33.100,137.454,-1.2959,3.2829,125.691,-1.2542,3.3701,124.098,0.0465,-0.0847,0.0966,-1.593,1.1855,3.2017,-1.934,-2.4440,0.0860,126.032,2.889,0.8103,139.923,0.3440,0.0355,0.0077,0.2162,2.8238,2.8437,nan,2.7705,2.6395,0.1045,0.3820,0.8396,0.0793,-0.0893,0.5987,38.1587,0.0526,-3.1037,0.1751
33.150,137.616,-1.3934,3.4113,128.914,-1.3575,3.5089,127.157,0.0534,-0.0893,0.1040,-1.757,1.1811,3.2453,-1.138,-2.5433,0.2131,128.295,2.793,1.0665,140.081,0.3459,0.0448,0.0063,0.1406,2.8036,2.8231,nan,2.5240,2.4440,0.0968,0.4351,0.8336,0.0780,-0.0649,0.6200,38.2586,0.0106,-0.1731,0.1751
33.200,137.769,-1.4934,3.5282,132.353,-1.4587,3.6211,130.859,0.0453,-0.0883,0.0992,-1.494,1.1829,3.2193,-1.538,-2.6515,0.3308,132.396,2.782,1.1506,140.235,0.3539,0.0531,0.0074,0.1392,2.7084,2.7157,nan,2.5133,2.3690,0.0938,0.4979,0.8053,0.0698,-0.1248,0.5031,38.4584,0.0396,-4.3227,0.1751
33.250,137.920,-1.5987,3.6357,137.129,-1.5634,3.7410,134.674,0.0458,-0.1012,0.1110,-2.455,1.1814,3.2458,-1.340,-2.7557,0.4309,136.014,2.606,1.6287,140.381,0.3538,0.0302,0.0207,0.6843,2.6231,2.6314,nan,2.5232,2.3214,0.0919,0.5548,0.8000,0.0574,-0.0982,0.3670,38.5582,0.0672,-5.3756,0.1751
33.300,138.058,-1.7036,3.7247,142.495,-1.6886,3.8538,141.409,0.0667,-0.1116,0.1300,-1.086,1.1727,3.2884,-0.957,-2.8703,0.5175,142.366,2.425,1.7176,140.514,0.3637,0.0347,0.0081,0.2346,2.6121,2.6314,nan,2.4647,2.4055,0.0953,0.5936,0.8000,0.0508,-0.0439,0.7333,38.6581,0.0176,-5.3756,0.1751
33.350,138.187,-1.8100,3.7984,148.276,-1.7857,3.9144,146.820,0.0403,-0.1114,0.1185,-1.456,1.1727,3.2884,-0.957,-2.9685,0.5764,147.777,2.309,1.8685,140.643,0.3579,0.0440,0.0053,0.1211,2.4083,2.3845,nan,2.3794,2.4055,0.0953,0.6471,0.8000,0.0406,-0.1151,0.9114,38.8579,-0.0007,-3.9209,0.1751
33.400,138.312,-1.9199,3.8586,154.760,-1.9065,3.9878,152.287,0.0430,-0.1226,0.1299,-2.473,1.1603,3.2514,-1.890,-3.0894,0.6349,154.176,2.256,2.1602,140.772,0.3690,0.0583,0.0173,0.2963,2.3902,2.4067,nan,2.2258,2.2493,0.0891,0.6758,0.8000,0.0391,-0.0943,0.8848,38.9578,-0.0142,-1.7172,0.1751
33.450,138.437,-2.0360,3.9050,162.024,-2.0368,4.0491,159.716,0.0452,-0.1368,0.1441,-2.308,1.1508,3.2528,-2.154,-3.2153,0.6759,161.871,2.210,2.2960,140.903,0.3797,0.0717,0.0258,0.3600,2.3372,2.3483,nan,2.1834,2.1087,0.0835,0.7039,0.8000,0.0268,-0.0654,0.8798,39.0577,0.0207,-1.4912,0.1751
33.500,138.556,-2.1506,3.9344,169.329,-2.1615,4.0823,167.554,0.0381,-0.1433,0.1483,-1.775,1.1509,3.2972,-1.525,-3.3321,0.6967,169.079,2.107,2.3001,141.024,0.3835,0.0229,0.0352,1.5369,2.2660,2.2738,nan,2.1834,2.0586,0.0815,0.7287,0.8000,0.0143,-0.0354,0.8827,39.1576,0.0444,-3.2800,0.1751
33.550,138.674,-2.2680,3.9485,176.982,-2.2875,4.0930,175.192,0.0271,-0.1432,0.1458,-1.790,1.1509,3.2972,-1.525,-3.4583,0.7040,176.717,1.989,2.2863,141.144,0.3936,0.0329,0.0325,0.9892,2.2434,2.2580,nan,2.1742,2.1302,0.0844,0.7378,0.8000,0.0109,-0.1084,1.1761,39.3574,0.0191,-3.7163,0.1751
33.600,138.674,-2.2680,3.9485,176.982,-2.2953,4.1013,174.557,0.0353,-0.1511,0.1552,-2.426,1.1340,3.2674,-2.160,-3.4583,0.7040,176.717,1.989,2.2863,141.144,0.3936,0.0329,0.0456,1.3858,2.1503,2.1536,nan,2.2199,2.2203,0.0879,0.7491,0.8000,0.0036,-0.1192,1.2162,39.4573,0.0175,-2.7654,0.1751
33.650,138.777,-2.3711,3.9477,-176.058,-2.4180,4.1073,-177.943,0.0358,-0.1625,0.1664,-1.885,1.1256,3.2686,-2.338,-3.5749,0.6935,-175.605,1.921,2.2836,141.252,0.4089,0.0343,0.0504,1.4725,1.9373,1.9036,nan,2.2199,2.1674,0.0858,0.7228,0.8000,-0.0066,-0.0159,1.2162,39.4573,0.0575,-1.2241,0.1751
33.700,138.884,-2.4774,3.9334,-168.683,-2.5075,4.1023,-171.347,-0.0036,-0.1715,0.1715,-2.664,1.1239,3.2731,-2.439,-3.6634,0.6739,-168.908,1.915,2.3309,141.368,0.3929,0.0431,0.0485,1.1272,2.0789,2.1293,nan,2.3687,2.3526,0.0932,0.7212,0.8000,-0.0216,-0.1408,1.2091,39.6570,0.0467,-0.2262,0.1751
33.750,138.990,-2.5800,3.9059,-161.224,-2.6394,4.0533,-162.766,0.0088,-0.1587,0.1589,-1.542,1.1310,3.3246,-1.430,-3.7873,0.6344,-161.336,1.952,2.3243,141.487,0.4167,0.0159,0.0674,4.2303,2.1350,2.1620,nan,2.4231,2.4891,0.0986,0.7014,0.8000,-0.0331,-0.1381,1.0600,39.7569,0.0209,0.1986,0.1751
33.800,139.100,-2.6812,3.8641,-153.856,-2.7561,3.9968,-154.729,0.0088,-0.1521,0.1524,-0.873,1.1336,3.3227,-1.432,-3.9053,0.5767,-153.297,1.967,2.3211,141.606,0.4373,0.0199,0.0664,3.3424,2.1436,2.1620,nan,2.5128,2.5735,0.1019,0.6558,0.8000,-0.0257,-0.1075,1.0322,39.8568,0.0322,0.1986,0.1751
33.850,139.227,-2.7906,3.8002,-145.326,-2.8444,3.9341,-147.324,-0.0319,-0.1407,0.1443,-1.998,1.1388,3.3240,-1.377,-3.9967,0.5141,-145.947,2.066,2.2526,141.750,0.4197,0.0320,0.0574,1.7947,2.0121,2.0060,nan,2.6089,2.5895,0.1026,0.5884,0.8000,-0.0209,-0.1014,0.9975,39.9567,0.0823,0.9962,0.1751
33.900,139.345,-2.8835,3.7272,-138.111,-2.9674,3.8423,-138.642,-0.0144,-0.1417,0.1424,-0.531,1.1464,3.4052,-0.383,-4.1167,0.4096,-138.259,2.221,2.1543,141.887,0.4556,0.0138,0.0788,5.6991,2.2817,2.4293,nan,2.7063,2.7576,0.1092,0.5603,0.8049,-0.0256,-0.0710,0.8353,40.0566,0.0424,3.8094,0.1751
33.950,139.473,-2.9736,3.6364,-131.225,-3.0607,3.7461,-131.289,-0.0251,-0.1378,0.1401,-0.064,1.1572,3.4302,-0.125,-4.2186,0.3067,-131.164,2.340,2.1225,142.028,0.4710,0.0145,0.0729,5.0218,2.4443,2.5078,nan,2.8570,2.9786,0.1180,0.4974,0.9076,-0.0420,-0.0957,0.6523,40.2564,0.0229,3.1851,0.1751
34.000,139.473,-2.9736,3.6364,-131.225,-3.0607,3.7461,-131.289,-0.0251,-0.1378,0.1401,-0.064,1.1572,3.4302,-0.125,-4.2186,0.3067,-131.164,2.340,2.1225,142.028,0.4710,0.0145,0.0729,5.0218,2.4908,2.5190,nan,2.9366,3.0549,0.1210,0.4401,0.9249,-0.0358,-0.0517,0.6094,40.3562,0.0283,2.5747,0.1751
34.050,139.605,-3.0550,3.5321,-124.465,-3.1368,3.6112,-123.581,-0.0189,-0.1122,0.1138,0.884,1.1686,3.4581,0.379,-4.3043,0.1815,-123.960,2.475,2.0226,142.176,0.4830,0.0193,0.0608,3.1470,2.4625,2.4781,nan,3.0200,3.0713,0.1216,0.3557,0.9143,-0.0175,-0.0181,0.6795,40.4561,0.0598,4.2954,0.1751
34.100,139.768,-3.1386,3.3927,-117.133,-3.1911,3.4890,-117.215,-0.0618,-0.0906,0.1097,-0.082,1.1809,3.4654,0.389,-4.3717,0.0533,-117.603,2.675,1.8985,142.357,0.4636,0.0308,0.0504,1.6364,2.7730,3.0739,nan,3.1078,3.1372,0.1242,0.2838,1.0724,-0.0062,-0.0518,0.6306,40.6560,0.0409,3.4497,0.1751
34.150,139.919,-3.2008,3.2550,-111.163,-3.2520,3.2947,-109.855,-0.0185,-0.0620,0.0647,1.308,1.1934,3.5265,1.181,-4.4492,-0.1401,-111.037,2.811,1.6813,142.520,0.5015,0.0149,0.0445,2.9803,2.9786,3.0739,nan,3.3862,3.4798,0.1378,0.2200,1.2160,-0.0137,-0.0145,0.5189,40.7559,0.0326,3.4497,0.1751
34.200,140.079,-3.2522,3.1027,-106.068,-3.2847,3.1424,-104.854,-0.0292,-0.0422,0.0513,1.214,1.1999,3.5005,0.865,-4.4895,-0.2903,-105.718,2.919,1.3788,142.688,0.4908,0.0207,0.0344,1.6583,2.8989,2.9105,nan,3.4843,3.5910,0.1422,0.1439,1.2546,0.0096,-0.0249,0.4047,40.9556,0.0520,3.4070,0.1751
34.250,140.245,-3.2925,2.9416,-101.877,-3.2994,2.9852,-100.738,-0.0413,-0.0158,0.0442,1.139,1.2138,3.5198,1.061,-4.5224,-0.4509,-101.798,3.020,1.1473,142.860,0.4840,0.0251,0.0215,0.8581,2.9368,2.9673,nan,3.6782,3.7628,0.1490,0.1209,1.3104,0.0109,-0.0225,0.3478,41.0555,0.0783,2.8229,0.1751
34.300,140.427,-3.3256,2.7633,-99.413,-3.3172,2.7860,-97.331,-0.0238,0.0046,0.0242,2.082,1.2241,3.4940,0.815,-4.5509,-0.6433,-98.146,3.316,0.6390,143.058,0.4871,0.0309,0.0235,0.7589,3.1194,3.2021,nan,3.7712,3.9134,0.1550,0.0788,1.3478,0.0221,-0.0333,0.2273,41.2553,0.0548,5.9235,0.1751
34.350,140.609,-3.3524,2.5834,-97.498,-3.3467,2.5616,-96.763,0.0209,0.0084,0.0225,0.735,1.2257,3.4625,0.542,-4.5808,-0.8577,-97.305,3.525,0.4997,143.251,0.5080,0.0160,0.0141,0.8811,3.3551,3.4845,nan,3.9497,4.1286,0.1635,0.0886,1.4049,0.0062,-0.0899,0.1599,41.4551,0.0411,5.4311,0.1751
34.400,140.812,-3.3763,2.3818,-96.064,-3.3660,2.3846,-95.392,-0.0039,0.0099,0.0107,0.672,1.2257,3.4625,0.542,-4.6017,-1.0344,-95.933,3.697,0.4495,143.464,0.4921,0.0191,0.0125,0.6557,3.3526,3.3793,nan,4.1214,4.2571,0.1686,0.0874,1.3201,-0.0155,-0.1081,0.1339,41.6549,0.0745,4.7071,0.1750
34.450,140.812,-3.3763,2.3818,-96.064,-3.3660,2.3765,-94.918,0.0042,0.0108,0.0116,1.146,1.2167,3.4923,1.015,-4.6017,-1.0344,-95.933,3.697,0.4495,143.464,0.4921,0.0191,0.0143,0.7490,3.6434,3.8978,nan,3.9764,4.2293,0.1675,0.0488,1.3304,-0.0386,-0.1059,0.1121,41.8547,-0.0037,1.9387,0.1750
34.500,141.029,-3.3963,2.1657,-94.364,-3.3820,2.1471,-93.546,0.0175,0.0156,0.0234,0.818,1.2157,3.5125,1.086,-4.6227,-1.2781,-94.632,3.896,0.5274,143.693,0.5080,0.0226,0.0172,0.7604,3.9169,4.1249,nan,3.7555,3.8262,0.1515,-0.0183,1.2704,-0.0584,-0.0851,0.0224,42.0544,-0.0227,3.7731,0.1750
34.550,141.248,-3.4100,1.9473,-92.723,-3.3928,1.9094,-91.790,0.0370,0.0190,0.0416,0.933,1.2201,3.5003,0.904,-4.6374,-1.5180,-92.694,4.038,0.3599,143.921,0.5211,0.0262,0.0185,0.7059,4.0618,4.1380,nan,3.4516,3.2619,0.1292,-0.0605,1.1964,-0.0772,-0.0682,-0.0891,42.2542,0.0065,1.2574,0.1750
34.600,141.471,-3.4187,1.7240,-91.796,-3.3961,1.6903,-90.575,0.0330,0.0236,0.0406,1.221,1.2181,3.5175,1.017,-4.6460,-1.7450,-91.592,4.060,0.0832,144.147,0.5232,0.0283,0.0187,0.6595,4.0751,4.1115,nan,3.3567,3.2108,0.1272,-0.1032,1.1676,-0.0790,-0.0506,-0.1411,42.3541,-0.0180,-4.0372,0.1750
34.650,141.689,-3.4257,1.5058,-92.111,-3.4016,1.4633,-90.813,0.0416,0.0257,0.0489,1.297,1.2265,3.4958,0.714,-4.6530,-1.9747,-91.527,3.876,-0.1998,144.353,0.5301,0.0166,0.0183,1.1021,4.0771,4.1115,nan,3.0521,3.1550,0.1250,-0.2422,1.1682,-0.0891,0.0390,-0.3265,42.7537,-0.0758,-4.0372,0.1750
34.700,141.894,-3.4348,1.3010,-93.230,-3.4034,1.3103,-91.690,-0.0111,0.0308,0.0327,1.540,1.2188,3.5481,1.051,-4.6625,-2.1526,-92.741,3.489,-0.4603,144.536,0.5146,0.0181,0.0172,0.9513,3.7573,3.6825,nan,2.9484,2.9230,0.1158,-0.2628,1.0766,-0.0991,0.0300,-0.3691,42.8536,-0.0630,-8.2754,0.1750
34.750,142.080,-3.4475,1.1159,-94.937,-3.4180,1.1349,-93.847,-0.0215,0.0277,0.0351,1.090,1.2235,3.5236,0.866,-4.6771,-2.3182,-94.713,3.270,-0.6132,144.710,0.5053,0.0192,0.0113,0.5906,3.4186,3.3170,nan,2.9484,2.8461,0.1127,-0.2609,0.9795,-0.1004,0.0276,-0.4080,42.9535,-0.0018,-5.6271,0.1750
34.800,142.251,-3.4659,0.9453,-98.333,-3.4334,0.9813,-95.703,-0.0403,0.0269,0.0484,2.631,1.2133,3.5455,1.130,-4.6964,-2.4722,-96.832,3.004,-1.2293,144.871,0.4971,0.0313,0.0197,0.6295,3.1492,3.1030,nan,2.7709,2.6444,0.1047,-0.2669,0.9023,-0.1052,0.0233,-0.4306,43.0534,0.0148,-6.6420,0.1750
34.850,142.415,-3.4945,0.7844,-102.168,-3.4701,0.8142,-101.351,-0.0343,0.0176,0.0385,0.817,1.2158,3.5295,1.012,-4.7331,-2.6321,-102.363,2.843,-1.1819,145.028,0.5036,0.0099,0.0092,0.9227,2.9848,2.9795,nan,2.6969,2.5468,0.1009,-0.2058,0.8552,-0.1187,-0.0010,-0.4684,43.2532,0.0316,-4.2920,0.1750
34.900,142.568,-3.5314,0.6353,-105.804,-3.5021,0.6836,-104.468,-0.0545,0.0151,0.0565,1.337,1.2030,3.5596,1.358,-4.7719,-2.7637,-105.826,2.670,-0.9040,145.176,0.4964,0.0123,0.0116,0.9394,2.7855,2.7672,nan,2.6436,2.4739,0.0980,-0.2369,0.8000,-0.1267,-0.0068,-0.5300,43.3531,0.0538,-5.1199,0.1750
34.950,142.568,-3.5314,0.6353,-105.804,-3.5021,0.6836,-104.468,-0.0545,0.0151,0.0565,1.337,1.2030,3.5596,1.358,-4.7719,-2.7637,-105.826,2.670,-0.9040,145.176,0.4964,0.0123,0.0116,0.9394,2.7120,2.7231,nan,2.5122,2.4273,0.0961,-0.4022,0.8000,-0.1223,0.0861,-0.7048,43.5528,0.0207,-2.9736,0.1750
35.000,142.712,-3.5735,0.4984,-108.448,-3.5465,0.5521,-107.247,-0.0595,0.0086,0.0601,1.201,1.1972,3.5859,1.506,-4.8218,-2.9080,-108.753,2.549,-0.8975,145.314,0.5069,0.0145,0.0071,0.4899,2.4740,2.4366,nan,2.4119,2.3208,0.0919,-0.4725,0.8000,-0.1225,0.1199,-0.7559,43.6528,0.0369,-3.1843,0.1750
35.050,142.852,-3.6210,0.3669,-111.426,-3.5934,0.4303,-109.874,-0.0691,0.0025,0.0692,1.552,1.1941,3.5738,1.463,-4.8662,-3.0201,-111.337,2.453,-1.0050,145.451,0.4949,0.0182,0.0071,0.3885,2.4244,2.4368,nan,2.3187,2.1818,0.0864,-0.5845,0.8000,-0.1101,0.1312,-0.5895,43.7527,0.0464,-2.5107,0.1750
35.100,142.986,-3.6742,0.2436,-115.898,-3.6430,0.2994,-112.837,-0.0638,0.0037,0.0639,3.061,1.1768,3.5922,1.758,-4.9186,-3.1433,-114.595,2.355,-1.5509,145.584,0.4942,0.0412,0.0143,0.3473,2.4094,2.4265,nan,2.3187,2.1404,0.0848,-0.5909,0.8000,-0.1087,0.1159,-0.5799,43.8525,0.0604,-3.3848,0.1750
35.150,143.119,-3.7378,0.1269,-121.547,-3.7097,0.1520,-119.590,-0.0362,0.0108,0.0377,1.957,1.1837,3.5637,1.644,-4.9893,-3.2699,-121.235,2.235,-1.7575,145.716,0.5050,0.0085,0.0209,2.4465,2.4075,2.4265,nan,2.1698,2.1665,0.0858,-0.7123,0.8000,-0.0843,0.1773,-1.0389,44.0523,-0.0123,-3.3848,0.1750
35.200,143.245,-3.8097,0.0226,-128.069,-3.7750,0.0501,-125.683,-0.0430,0.0104,0.0443,2.386,1.1734,3.5706,1.793,-5.0561,-3.3641,-127.476,2.092,-1.9900,145.842,0.4958,0.0246,0.0108,0.4386,2.2188,2.1985,nan,2.1698,2.1081,0.0835,-0.7980,0.8000,-0.0664,0.1722,-1.0359,44.1522,0.0272,-4.3040,0.1750
35.250,143.360,-3.8856,-0.0636,-134.940,-3.8523,-0.0394,-132.098,-0.0406,0.0065,0.0411,2.841,1.1526,3.5942,2.139,-5.1371,-3.4443,-134.237,2.016,-2.2481,145.961,0.4976,0.0610,0.0063,0.1032,2.1417,2.1475,nan,2.0903,1.9972,0.0791,-0.8158,0.8000,-0.0596,0.1609,-1.1129,44.2521,0.0371,-2.1588,0.1750
35.300,143.469,-3.9667,-0.1354,-142.200,-3.9506,-0.1290,-139.904,-0.0167,0.0048,0.0173,2.296,1.1512,3.5813,2.104,-5.2345,-3.5205,-142.008,1.929,-2.3529,146.073,0.5142,0.0041,0.0443,10.7402,2.1718,2.1941,nan,2.0814,2.0075,0.0795,-0.8340,0.8000,-0.0457,0.1455,-1.2066,44.3520,0.0266,-2.7384,0.1750
35.350,143.561,-4.0425,-0.1875,-148.919,-4.0398,-0.1883,-147.732,-0.0019,0.0021,0.0028,1.187,1.1749,3.5431,1.733,-5.3252,-3.5720,-149.465,1.836,-2.4420,146.169,0.5274,0.0053,0.0243,4.5425,2.0614,2.0604,nan,2.1349,2.1336,0.0845,-0.8238,0.8000,-0.0344,0.1437,-1.2949,44.4519,0.0181,-3.1981,0.1750
35.400,143.561,-4.0425,-0.1875,-148.919,-4.0398,-0.1883,-147.732,-0.0019,0.0021,0.0028,1.187,1.1749,3.5431,1.733,-5.3252,-3.5720,-149.465,1.836,-2.4420,146.169,0.5274,0.0053,0.0243,4.5425,1.8261,1.7815,nan,2.2246,2.1434,0.0849,-0.7653,0.8000,-0.0301,0.1527,-1.3730,44.5517,0.0793,-2.5762,0.1750
35.450,143.674,-4.1440,-0.2384,-157.855,-4.1211,-0.2248,-155.074,-0.0264,-0.0040,0.0267,2.781,1.1629,3.5585,1.903,-5.4067,-3.6057,-156.977,1.792,-2.4538,146.294,0.5020,0.0348,0.0201,0.5762,2.0625,2.1665,nan,2.2904,2.2866,0.0906,-0.7774,0.8000,-0.0149,0.1492,-1.3182,44.6516,0.0357,0.0376,0.1750
35.500,143.774,-4.2385,-0.2696,-165.622,-4.2497,-0.2664,-163.359,0.0101,-0.0059,0.0117,2.263,1.1372,3.6109,2.442,-5.5472,-3.6442,-165.801,1.837,-2.3402,146.407,0.5470,0.0621,0.0274,0.4413,2.0030,2.0104,nan,2.3558,2.4040,0.0952,-0.7494,0.8000,0.0078,0.1698,-1.1383,44.7515,0.0332,1.2672,0.1750
35.550,143.878,-4.3409,-0.2889,-173.139,-4.3384,-0.2854,-170.936,-0.0029,-0.0032,0.0043,2.203,1.1676,3.5900,2.116,-5.6454,-3.6694,-173.052,1.884,-2.4098,146.525,0.5455,0.0084,0.0527,6.2575,2.0937,2.1279,nan,2.4541,2.5176,0.0997,-0.7250,0.8000,0.0258,0.1628,-1.1132,44.8514,0.0301,0.8628,0.1750
35.600,143.986,-4.4486,-0.2946,178.949,-4.4562,-0.2798,181.063,0.0079,-0.0147,0.0167,2.115,1.1960,3.5673,1.786,-5.7694,-3.6690,179.277,1.972,-2.4467,146.650,0.5581,0.0125,0.0386,3.0901,2.2342,2.2860,nan,2.5475,2.6053,0.1032,-0.6892,0.8000,0.0274,0.1397,-1.0446,44.9513,0.0269,0.8628,0.1750
35.650,144.097,-4.5592,-0.2853,171.124,-4.5843,-0.2766,173.087,0.0262,-0.0047,0.0266,1.963,1.1849,3.6013,2.076,-5.9060,-3.6664,171.011,2.065,-2.4753,146.778,0.5846,0.0254,0.0392,1.5452,2.2631,2.2860,nan,2.6368,2.7151,0.1075,-0.6512,0.8000,0.0421,0.0982,-0.8589,45.0512,0.0284,1.6123,0.1750
35.700,144.213,-4.6729,-0.2598,163.222,-4.6864,-0.2408,165.384,0.0184,-0.0143,0.0233,2.161,1.1912,3.6290,2.317,-6.0293,-3.6291,163.067,2.181,-2.3732,146.914,0.5892,0.0395,0.0347,0.8779,2.2512,2.2674,nan,2.7279,2.8170,0.1116,-0.5972,0.8088,0.0394,0.0627,-0.7929,45.1511,0.0383,1.9439,0.1750
35.750,144.342,-4.7940,-0.2145,155.390,-4.7927,-0.1864,158.136,0.0105,-0.0261,0.0281,2.746,1.2099,3.6390,2.381,-6.1563,-3.5728,155.755,2.346,-2.3057,147.064,0.5909,0.0704,0.0354,0.5032,2.3503,2.3897,nan,2.7886,2.8903,0.1145,-0.5264,0.8523,0.0320,0.1029,-0.6632,45.3508,0.0307,4.1239,0.1750
35.800,144.483,-4.9176,-0.1479,147.745,-4.9345,-0.1024,149.177,0.0386,-0.0295,0.0485,1.432,1.2851,3.5371,1.456,-6.3101,-3.4803,147.721,2.500,-2.1130,147.223,0.6115,0.0137,0.0377,2.7634,2.6065,2.7425,nan,2.8353,2.9776,0.1179,-0.4712,0.9453,0.0229,0.0535,-0.6770,45.4507,-0.0051,3.2206,0.1750
35.850,144.616,-5.0262,-0.0712,141.406,-5.0514,-0.0107,142.739,0.0574,-0.0316,0.0656,1.333,1.2851,3.5371,1.456,-6.4246,-3.3856,141.283,2.612,-2.0129,147.368,0.6124,0.0172,0.0419,2.4324,2.7139,2.7596,nan,2.9057,2.9458,0.1167,-0.3938,0.9842,0.0087,0.0112,-0.7637,45.5506,0.0207,2.5251,0.1750
35.900,144.616,-5.0262,-0.0712,141.406,-5.0364,-0.0102,141.690,0.0460,-0.0414,0.0619,0.284,1.3641,3.4210,0.407,-6.4246,-3.3856,141.283,2.612,-2.0129,147.368,0.6124,0.0172,0.0180,1.0468,2.7038,2.7240,nan,2.9807,2.9848,0.1182,-0.3176,1.0168,-0.0092,0.0453,-0.6907,45.7504,0.0418,3.4245,0.1750
35.950,144.766,-5.1383,0.0285,135.065,-5.1394,0.1006,135.316,0.0517,-0.0503,0.0721,0.251,1.3740,3.4151,0.305,-6.5309,-3.2797,135.010,2.738,-1.7479,147.530,0.6052,0.0248,0.0180,0.7247,2.8512,2.9128,nan,3.1535,3.2468,0.1286,-0.2805,1.1068,-0.0159,0.0308,-0.6226,45.8503,0.0188,2.3479,0.1750
36.000,144.918,-5.2413,0.1411,129.679,-5.2365,0.2253,129.650,0.0617,-0.0574,0.0843,-0.029,1.3986,3.3841,0.095,-6.6404,-3.1479,129.555,2.809,-1.5170,147.688,0.6070,0.0354,0.0248,0.7009,2.8629,2.8878,nan,3.3488,3.4412,0.1363,-0.2441,1.1773,-0.0231,0.0718,-0.5042,46.0501,0.0422,2.4331,0.1750
36.050,145.083,-5.3414,0.2722,125.016,-5.3337,0.3772,124.357,0.0816,-0.0665,0.1053,-0.659,1.4183,3.3482,-0.358,-6.7333,-3.0131,124.715,2.892,-1.2852,147.858,0.5992,0.0167,0.0042,0.2494,2.9414,2.9812,nan,3.5294,3.6255,0.1436,-0.2268,1.2627,-0.0142,0.0537,-0.4202,46.1500,0.0551,4.2738,0.1750
36.100,145.241,-5.4278,0.4045,121.083,-5.4189,0.5187,120.521,0.0932,-0.0666,0.1146,-0.562,1.4269,3.3237,-0.561,-6.8179,-2.8718,121.082,3.058,-1.2000,148.026,0.5956,0.0190,0.0052,0.2739,3.0895,3.1539,nan,3.6117,3.7746,0.1495,-0.1999,1.4211,-0.0123,0.0655,-0.2923,46.3498,0.0322,4.5082,0.1750
36.150,145.415,-5.5126,0.5558,117.322,-5.5104,0.6820,116.612,0.1111,-0.0599,0.1262,-0.711,1.4239,3.3278,-0.491,-6.9114,-2.7050,117.102,3.233,-1.1622,148.210,0.6013,0.0230,0.0130,0.5643,3.1227,3.1539,nan,3.7612,3.8902,0.1541,-0.1791,1.4364,-0.0003,0.0605,-0.2823,46.5496,0.0557,4.5082,0.1750
36.200,145.601,-5.5930,0.7241,113.562,-5.5760,0.8320,113.246,0.0922,-0.0587,0.1093,-0.317,1.4254,3.3215,-0.464,-6.9811,-2.5461,113.710,3.412,-1.0822,148.408,0.5924,0.0277,0.0110,0.3974,3.1445,3.1736,nan,3.9149,4.0022,0.1585,-0.1647,1.4464,0.0048,0.0375,-0.2822,46.6495,0.0831,4.4665,0.1750
36.250,145.799,-5.6673,0.9075,110.404,-5.6525,1.0363,109.783,0.1156,-0.0587,0.1296,-0.621,1.4209,3.3321,-0.254,-7.0632,-2.3271,110.037,3.631,-0.9441,148.619,0.5945,0.0293,0.0155,0.5291,3.4304,3.6542,nan,4.1937,4.2640,0.1689,-0.1356,1.5779,0.0135,0.0423,-0.2854,46.8493,0.0876,5.2265,0.1750
36.300,146.004,-5.7340,1.1008,107.427,-5.7170,1.2435,107.201,0.1311,-0.0590,0.1438,-0.226,1.4188,3.3384,-0.318,-7.1241,-2.1344,107.519,3.797,-0.8477,148.834,0.5888,0.0214,0.0011,0.0497,3.6231,3.7199,nan,4.2845,4.4043,0.1744,-0.1287,1.6751,0.0254,0.0686,-0.2833,47.0490,0.0642,3.9669,0.1750
36.350,146.219,-5.7940,1.3071,104.833,-5.7781,1.4780,104.417,0.1612,-0.0591,0.1717,-0.416,1.4188,3.3384,-0.318,-7.1865,-1.9003,104.735,3.995,-0.8102,149.062,0.5882,0.0226,0.0042,0.1837,3.8810,4.0545,nan,4.5429,4.7852,0.1895,-0.0999,1.9675,0.0432,0.0905,-0.1271,47.3487,0.0498,4.9972,0.1750
36.400,146.219,-5.7940,1.3071,104.833,-5.7779,1.4926,104.518,0.1752,-0.0630,0.1861,-0.315,1.4157,3.3656,-0.217,-7.1865,-1.9003,104.735,3.995,-0.8102,149.062,0.5882,0.0226,0.0041,0.1819,4.0433,4.1276,nan,4.7831,5.0152,0.1986,-0.0880,2.0609,0.0560,0.0758,-0.0876,47.5485,0.0634,3.8017,0.1750
36.450,146.447,-5.8479,1.5292,102.238,-5.8357,1.7097,102.146,0.1738,-0.0502,0.1809,-0.092,1.4032,3.3708,-0.056,-7.2373,-1.6682,102.202,4.164,-0.7068,149.303,0.5844,0.0214,0.0035,0.1652,4.1809,4.2583,nan,4.9346,5.1671,0.2046,-0.0824,2.1310,0.0776,0.0602,-0.0384,47.7483,0.0664,6.1226,0.1750
36.500,146.684,-5.8942,1.7615,100.127,-5.8816,1.9405,100.487,0.1740,-0.0438,0.1794,0.360,1.3848,3.4325,0.523,-7.2797,-1.4255,99.963,4.425,-0.6322,149.560,0.5799,0.0198,0.0049,0.2488,4.4069,4.5652,nan,5.0799,5.3424,0.2116,-0.0855,2.2440,0.0962,0.0483,-0.0171,47.9481,0.0552,5.5008,0.1750
36.550,146.939,-5.9352,2.0132,98.145,-5.9241,2.1991,98.703,0.1825,-0.0373,0.1862,0.558,1.3825,3.4320,0.581,-7.3187,-1.1587,98.122,4.661,-0.6059,149.833,0.5774,0.0174,0.0068,0.3927,4.6753,4.9495,nan,5.2197,5.5274,0.2189,-0.0741,2.3172,0.0983,0.0228,-0.0295,48.1478,0.0382,4.4342,0.1750
36.600,147.206,-5.9690,2.2778,96.205,-5.9673,2.4721,97.184,0.1930,-0.0227,0.1943,0.979,1.3735,3.4617,0.952,-7.3562,-0.8675,96.232,4.851,-0.6326,150.116,0.5811,0.0221,0.0205,0.9300,4.8792,5.0475,nan,5.4845,5.7814,0.2290,-0.0816,2.2923,0.1149,0.0093,-0.0465,48.5474,0.0486,4.4342,0.1750
36.650,147.478,-5.9942,2.5486,94.165,-5.9955,2.7322,94.406,0.1832,-0.0120,0.1836,0.241,1.3855,3.3336,0.198,-7.3831,-0.5758,94.208,5.023,-0.6025,150.403,0.5835,0.0181,0.0109,0.5990,5.0198,5.1392,nan,5.6718,5.9627,0.2361,-0.0846,2.2802,0.1222,-0.0081,-0.0548,48.7472,0.0559,4.0202,0.1750
36.700,147.764,-6.0109,2.8346,92.264,-6.0154,3.0272,92.265,0.1926,-0.0031,0.1926,0.001,1.3841,3.3109,0.030,-7.3996,-0.2798,92.234,5.204,-0.6669,150.706,0.5841,0.0132,0.0103,0.7801,5.1252,5.2265,nan,5.7918,6.0790,0.2408,-0.0751,2.2571,0.1095,-0.0316,-0.0697,49.0469,0.0585,3.9675,0.1750
36.750,148.058,-6.0177,3.1282,90.055,-6.0161,3.3345,90.294,0.2063,-0.0018,0.2063,0.239,1.3857,3.3194,0.175,-7.4016,0.0377,90.119,5.456,-0.6640,151.025,0.5816,0.0066,0.0112,1.6940,5.2924,5.4498,nan,6.0025,6.2871,0.2490,-0.0724,2.2438,0.0932,-0.0558,-0.0835,49.2467,0.0649,5.5197,0.1750
36.800,148.370,-6.0132,3.4399,87.982,-6.0046,3.6441,88.479,0.2043,-0.0014,0.2043,0.497,1.3885,3.3491,0.512,-7.3902,0.3610,87.967,5.660,-0.6399,151.357,0.5762,0.0222,0.0139,0.6257,5.4793,5.6724,nan,6.1254,6.4323,0.2547,-0.0753,2.2291,0.0713,-0.0577,-0.1150,49.5463,0.0576,4.5452,0.1750
36.850,148.646,-6.0000,3.7156,86.227,-5.9909,3.9515,86.637,0.2360,0.0064,0.2361,0.409,1.3830,3.3303,0.458,-7.3686,0.6802,86.179,5.826,-0.6474,151.651,0.5756,0.0222,0.0180,0.8090,5.7262,6.0679,nan,5.8623,6.2159,0.2462,-0.0877,2.2073,0.0533,-0.0360,-0.1145,49.9459,-0.0004,4.3054,0.1750
36.900,148.977,-5.9729,4.0459,84.018,-5.9607,4.2514,84.698,0.2057,0.0093,0.2059,0.679,1.3851,3.3110,0.591,-7.3357,1.0161,84.107,5.989,-0.7554,152.001,0.5711,0.0141,0.0205,1.4503,5.8418,5.9847,nan,5.6743,5.7862,0.2292,-0.0974,2.1740,0.0408,-0.0463,-0.1123,50.1457,-0.0095,2.6523,0.1750
36.950,148.977,-5.9729,4.0459,84.018,-5.9607,4.2514,84.698,0.2057,0.0093,0.2059,0.679,1.3851,3.3110,0.591,-7.3357,1.0161,84.107,5.989,-0.7554,152.001,0.5711,0.0141,0.0205,1.4503,5.9738,6.1386,nan,5.5505,5.3929,0.2136,-0.1003,2.1401,0.0163,-0.0518,-0.1321,50.4454,0.0155,0.0797,0.1750
37.000,149.313,-5.9317,4.3789,81.391,-5.9137,4.5518,81.414,0.1737,0.0081,0.1738,0.023,1.3667,3.1648,-0.240,-7.2861,1.3565,81.654,5.980,-0.8631,152.340,0.5647,0.0037,0.0161,4.3956,6.0758,6.2192,nan,5.3653,5.2754,0.2089,-0.0894,2.0931,-0.0245,-0.0712,-0.1777,50.7450,-0.0251,-3.8700,0.1750
37.050,149.642,-5.8757,4.7038,78.545,-5.8488,4.8344,78.496,0.1333,-0.0005,0.1333,-0.049,1.3641,3.1166,-0.143,-7.2172,1.6998,78.639,5.802,-0.8850,152.658,0.5570,0.0025,0.0203,8.2729,5.7931,5.7168,nan,5.2439,5.1360,0.2034,-0.0825,2.0931,-0.0590,-0.0791,-0.1906,50.9448,-0.0059,-5.9836,0.1750
37.100,149.948,-5.8091,5.0025,75.827,-5.7859,5.0941,75.021,0.0945,-0.0000,0.0945,-0.806,1.3322,3.0257,-0.734,-7.1441,1.9771,75.755,5.556,-0.7911,152.947,0.5451,0.0047,0.0225,4.7657,5.4301,5.2545,nan,5.1823,5.0126,0.1985,-0.0752,1.9891,-0.0812,-0.0866,-0.2006,51.1446,0.0397,-4.5917,0.1750
37.150,150.253,-5.7291,5.2970,73.403,-5.7026,5.3065,73.233,0.0167,-0.0227,0.0282,-0.170,1.3602,3.0658,-0.057,-7.0650,2.2337,73.290,5.359,-0.7001,153.239,0.5381,0.0118,0.0094,0.7967,5.2321,5.2200,nan,4.9913,4.8328,0.1914,-0.0867,1.9532,-0.1003,-0.0594,-0.2151,51.4443,0.0398,-4.1080,0.1750
37.200,150.512,-5.6519,5.5436,71.499,-5.6081,5.5411,70.659,0.0116,-0.0424,0.0439,-0.841,1.3406,2.9726,-0.692,-6.9792,2.4843,71.351,5.204,-0.6559,153.487,0.5303,0.0126,0.0265,2.1052,4.9392,4.8655,nan,4.9233,4.6957,0.1860,-0.0968,1.8280,-0.1257,-0.0328,-0.2270,51.6441,0.0734,-2.3609,0.1750
37.250,150.794,-5.5587,5.8097,69.588,-5.5282,5.7600,68.274,-0.0360,-0.0459,0.0583,-1.314,1.3071,2.9039,-1.197,-6.8935,2.7127,69.471,5.051,-0.6569,153.759,0.5321,0.0082,0.0408,4.9785,4.8420,4.8655,nan,4.7734,4.5858,0.1816,-0.0994,1.8280,-0.1552,-0.0271,-0.2372,51.8438,0.0715,-2.3609,0.1750
37.300,151.071,-5.4578,6.0683,67.423,-5.4271,6.0447,67.038,-0.0100,-0.0374,0.0387,-0.385,1.3325,3.0087,-0.391,-6.7802,2.9898,67.430,4.868,-0.7221,154.025,0.5222,0.0031,0.0235,7.7071,4.9545,5.0526,nan,4.5493,4.4316,0.1755,-0.1306,1.8280,-0.1612,0.0060,-0.2486,52.1435,0.0141,-4.2278,0.1750
37.350,151.338,-5.3511,6.3127,65.067,-5.3509,6.2286,65.358,-0.0761,-0.0356,0.0841,0.291,1.3410,3.0513,0.083,-6.6873,3.1871,65.275,4.670,-0.7877,154.279,0.5309,0.0012,0.0265,22.9295,4.6960,4.6532,nan,4.3983,4.2331,0.1676,-0.1495,1.6586,-0.1419,0.0299,-0.2473,52.3433,0.0429,-4.8726,0.1750
37.400,151.585,-5.2424,6.5345,62.205,-5.2317,6.4830,63.303,-0.0406,-0.0335,0.0526,1.099,1.3703,3.1298,0.820,-6.5533,3.4474,62.483,4.487,-0.9890,154.516,0.5096,0.0025,0.0137,5.4815,4.8043,4.8938,nan,4.1816,4.1016,0.1624,-0.1871,1.6586,-0.1269,0.0425,-0.2658,52.5431,-0.0200,-4.4822,0.1750
37.450,151.830,-5.1227,6.7487,58.911,-5.1399,6.6507,60.294,-0.0928,-0.0359,0.0995,1.383,1.3896,3.1833,1.207,-6.4550,3.6041,59.087,4.288,-1.0957,154.750,0.5261,0.0160,0.0398,2.4948,4.4032,4.1427,nan,4.1816,4.0174,0.1591,-0.1953,1.6586,-0.1235,0.0478,-0.2927,52.7429,0.0515,-5.0484,0.1750
37.500,152.065,-4.9958,6.9460,55.009,-5.0049,6.8570,56.602,-0.0782,-0.0436,0.0895,1.593,1.3896,3.1833,1.207,-6.3157,3.8075,55.395,4.111,-1.2359,154.977,0.5140,0.0161,0.0386,2.3921,4.2650,4.2752,nan,3.9257,3.7884,0.1500,-0.2269,1.6492,-0.1119,0.0522,-0.3107,52.9426,0.0288,-4.5762,0.1750
37.550,152.065,-4.9958,6.9460,55.009,-5.0176,6.8564,57.728,-0.0860,-0.0335,0.0923,2.718,1.4478,3.3090,2.332,-6.3157,3.8075,55.395,4.111,-1.2359,154.977,0.5140,0.0161,0.0229,1.4187,4.0594,4.0495,nan,3.7780,3.6578,0.1449,-0.2406,1.5697,-0.1014,0.0633,-0.3447,53.1424,0.0294,-3.3293,0.1750
37.600,152.292,-4.8604,7.1276,51.062,-4.8921,7.0347,53.740,-0.0922,-0.0337,0.0982,2.677,1.4659,3.3541,2.653,-6.1809,3.9711,51.086,3.980,-1.2706,155.198,0.5142,0.0156,0.0267,1.7157,3.9754,3.9949,nan,3.6829,3.5420,0.1403,-0.2607,1.5372,-0.0884,0.0728,-0.3307,53.3422,0.0339,-4.7664,0.1750
37.650,152.505,-4.7210,7.2891,46.751,-4.7509,7.2212,50.182,-0.0700,-0.0247,0.0743,3.431,1.5000,3.4309,3.191,-6.0303,4.1323,46.991,3.798,-1.3980,155.403,0.5030,0.0185,0.0195,1.0486,3.7176,3.6849,nan,3.3455,3.1917,0.1264,-0.2712,1.4375,-0.0739,0.0711,-0.3451,53.5420,0.0264,-4.2901,0.1750
37.700,152.709,-4.5759,7.4331,42.325,-4.6080,7.3708,45.980,-0.0657,-0.0245,0.0701,3.655,1.5417,3.4979,3.645,-5.8910,4.2560,42.335,3.646,-1.4316,155.602,0.5091,0.0294,0.0352,1.1979,3.5982,3.6087,nan,3.3172,3.2026,0.1268,-0.2796,1.3914,-0.0645,0.0368,-0.3998,53.6419,0.0254,-4.0851,0.1750
37.750,152.892,-4.4372,7.5513,38.077,-4.4682,7.5024,41.917,-0.0546,-0.0193,0.0579,3.840,1.5600,3.5342,3.907,-5.7438,4.3697,38.010,3.519,-1.4405,155.780,0.5009,0.0313,0.0374,1.1959,3.4909,3.5027,nan,3.4769,2.8945,0.1146,-0.3009,1.3499,-0.0505,0.0620,-0.4945,53.8417,0.0610,-4.0851,0.1750
37.800,153.071,-4.2927,7.6568,33.733,-4.3189,7.6256,37.360,-0.0392,-0.0114,0.0408,3.627,1.5663,3.5480,3.898,-5.5944,4.4682,33.462,3.268,-1.4159,155.948,0.4964,0.0327,0.0336,1.0288,3.3872,3.3986,nan,3.4769,3.4828,0.1379,-0.3073,1.3098,-0.0379,0.0742,-0.1189,0.0000,0.0239,-4.0829,0.1750
37.851,153.273,-4.1202,7.7619,28.665,-4.1792,7.7231,32.569,-0.0703,-0.0057,0.0706,3.904,1.5634,3.5400,3.763,-5.4557,4.5510,28.806,3.176,-1.4593,156.149,0.5318,0.0332,0.0305,0.9186,3.0883,3.0202,nan,3.6385,3.3338,0.1320,-0.3082,1.1942,-0.0248,0.0481,-0.6307,0.0999,0.0614,-3.1882,0.1750
37.900,153.453,-3.9581,7.8424,23.700,-3.9952,7.8217,27.165,-0.0423,-0.0040,0.0425,3.466,1.5184,3.4747,3.012,-5.2777,4.6308,24.153,3.268,-1.5685,156.338,0.5160,0.0357,0.0249,0.6971,3.2312,3.2955,nan,3.6805,3.8203,0.1513,-0.3094,1.3203,-0.0167,0.0665,-0.4906,0.2997,0.0281,1.8196,0.1750
37.950,153.632,-3.7917,7.9077,18.755,-3.7876,7.9033,21.260,0.0025,-0.0055,0.0061,2.504,1.4986,3.4370,2.569,-5.0807,4.6986,18.691,3.261,-1.5963,156.520,0.4854,0.0393,0.0348,0.8852,3.4233,3.5164,nan,3.7462,3.9332,0.1558,-0.2888,1.3988,-0.0113,0.0487,-0.4081,0.4995,0.0015,-1.2287,0.1750
38.000,153.797,-3.6339,7.9551,14.173,-3.6474,7.9573,16.505,-0.0126,0.0054,0.0137,2.331,1.4732,3.4128,2.216,-4.9411,4.7390,14.289,3.443,-1.6625,156.700,0.5042,0.0401,0.0320,0.7984,3.2685,3.2683,nan,3.8212,3.7370,0.1480,-0.2698,1.3356,-0.0075,0.0441,-0.4727,0.6992,0.0831,4.4582,0.1750
38.050,153.992,-3.4433,7.9952,9.142,-3.4223,8.0064,11.012,0.0225,0.0077,0.0238,1.870,1.4732,3.4128,2.216,-4.7142,4.7794,8.796,3.610,-1.5379,156.910,0.4682,0.0391,0.0235,0.6008,3.5311,3.7023,nan,3.9865,3.9991,0.1584,-0.2536,1.5402,0.0041,0.0408,-0.3626,0.8990,0.0642,2.3840,0.1750
38.100,153.992,-3.4433,7.9952,9.142,-3.4158,8.0068,9.937,0.0289,0.0071,0.0298,0.795,1.3926,3.3221,1.140,-4.7142,4.7794,8.796,3.610,-1.5379,156.910,0.4682,0.0391,0.0175,0.4467,3.6516,3.7120,nan,4.0963,4.2338,0.1677,-0.2368,1.5928,0.0113,0.0304,-0.3872,1.0988,0.0314,-0.0942,0.1750
38.150,154.194,-3.2426,8.0195,4.272,-3.2178,8.0291,4.760,0.0254,0.0078,0.0266,0.488,1.3289,3.2552,0.376,-4.5154,4.8036,4.385,3.627,-1.4587,157.116,0.4700,0.0383,0.0177,0.4625,3.7647,3.8233,nan,4.2013,4.2961,0.1701,-0.2163,1.6421,0.0009,0.0209,-0.3897,1.2986,0.0410,3.0204,0.1750
38.200,154.397,-3.0395,8.0273,-0.323,-2.9860,8.0241,-0.464,0.0535,-0.0029,0.0536,-0.141,1.3017,3.2123,-0.123,-4.2980,4.8026,-0.341,3.759,-1.4195,157.330,0.4571,0.0374,0.0214,0.5709,3.8507,3.9018,nan,4.2983,4.4082,0.1746,-0.2012,1.7201,-0.0070,0.0151,-0.3454,1.4984,0.0398,4.1073,0.1750
38.250,154.613,-2.8238,8.0183,-4.872,-2.7642,8.0038,-5.119,0.0606,-0.0094,0.0613,-0.247,1.2990,3.2182,-0.033,-4.0660,4.7833,-5.087,3.935,-1.3535,157.561,0.4426,0.0347,0.0266,0.7672,3.9026,3.9450,nan,4.3979,4.4949,0.1780,-0.1931,1.7516,-0.0018,0.0150,-0.3367,1.6982,0.0490,2.8502,0.1750
38.300,154.833,-2.6053,7.9923,-9.097,-2.5597,7.9734,-8.797,0.0480,-0.0114,0.0494,0.300,1.3106,3.2321,0.125,-3.8599,4.7498,-8.922,4.054,-1.2983,157.791,0.4562,0.0333,0.0254,0.7630,4.1799,4.4174,nan,4.5402,4.6696,0.1849,-0.1890,1.8951,-0.0042,0.0217,-0.3183,1.8979,0.0283,2.8755,0.1750
38.350,155.060,-2.3829,7.9494,-13.150,-2.3056,7.9254,-12.698,0.0807,-0.0058,0.0809,0.452,1.3368,3.2777,0.652,-3.5893,4.6889,-13.350,4.171,-1.2673,158.028,0.4129,0.0341,0.0189,0.5531,4.3281,4.4174,nan,4.6742,4.8240,0.1910,-0.1898,1.9921,0.0060,0.0482,-0.2912,2.1976,0.0246,2.8755,0.1750
38.400,155.296,-2.1544,7.8883,-17.221,-2.1214,7.8711,-16.055,0.0366,-0.0066,0.0372,1.166,1.3500,3.3076,1.032,-3.3886,4.6253,-17.087,4.278,-1.2775,158.275,0.4405,0.0346,0.0201,0.5804,4.1553,4.1558,nan,4.7590,4.8335,0.1914,-0.1878,1.9252,0.0133,0.0561,-0.2795,2.3974,0.0682,2.1958,0.1750
38.450,155.537,-1.9267,7.8099,-21.289,-1.8705,7.7812,-20.459,0.0628,-0.0064,0.0631,0.830,1.3273,3.3076,0.931,-3.1247,4.5249,-21.390,4.460,-1.3034,158.533,0.4117,0.0365,0.0191,0.5225,4.3927,4.5656,nan,4.8369,4.9556,0.1963,-0.1859,2.0479,0.0223,0.0507,-0.2684,2.5972,0.0423,4.1873,0.1750
38.500,155.790,-1.6943,7.7105,-25.516,-1.6838,7.6982,-24.051,0.0148,-0.0066,0.0162,1.464,1.3207,3.3490,1.347,-2.9014,4.4186,-25.399,4.564,-1.3227,158.797,0.4225,0.0324,0.0222,0.6855,4.4653,4.5272,nan,4.8972,5.0185,0.1988,-0.1713,2.0838,0.0218,0.0367,-0.2586,2.7970,0.0409,2.2073,0.1750
38.550,156.048,-1.4646,7.5915,-29.792,-1.4309,7.5632,-28.432,0.0433,-0.0078,0.0440,1.360,1.3207,3.3490,1.347,-2.6517,4.2778,-29.779,4.672,-1.2708,159.068,0.4113,0.0355,0.0251,0.7057,4.6660,4.8151,nan,4.9695,5.1217,0.2028,-0.1612,2.1775,0.0229,0.0259,-0.2527,2.9968,0.0228,2.3362,0.1750
38.600,156.048,-1.4646,7.5915,-29.792,-1.4538,7.5712,-29.453,0.0194,-0.0122,0.0230,0.339,1.2223,3.3086,0.327,-2.6517,4.2778,-29.779,4.672,-1.2708,159.068,0.4113,0.0355,0.0334,0.9413,4.7421,4.8142,nan,5.0356,5.1449,0.2038,-0.1405,2.2061,0.0075,0.0225,-0.2618,3.2964,0.0291,2.1285,0.1750
38.650,156.308,-1.2432,7.4557,-33.735,-1.2294,7.4239,-33.570,0.0292,-0.0188,0.0347,0.165,1.2218,3.3182,0.407,-2.4220,4.1229,-33.977,4.766,-1.2118,159.338,0.4114,0.0375,0.0405,1.0787,4.6831,4.7143,nan,5.1134,5.1501,0.2040,-0.1356,2.1927,0.0044,0.0216,-0.2608,3.4962,0.0572,2.1361,0.1750
38.700,156.588,-1.0157,7.2935,-37.697,-1.0474,7.2905,-36.695,-0.0233,-0.0217,0.0318,1.002,1.2331,3.3562,0.854,-2.2215,3.9679,-37.550,4.863,-1.0827,159.629,0.4331,0.0378,0.0399,1.0542,4.9574,5.3054,nan,5.2534,5.3732,0.2128,-0.1401,2.2213,0.0096,0.0257,-0.2410,3.6960,0.0294,1.4566,0.1750
38.750,156.847,-0.8144,7.1299,-40.923,-0.8094,7.1062,-40.270,0.0193,-0.0146,0.0242,0.654,1.2219,3.3759,0.797,-1.9792,3.7582,-41.066,4.922,-1.0445,159.896,0.4172,0.0366,0.0341,0.9324,4.8913,4.9232,nan,5.3097,5.4132,0.2144,-0.1211,2.2213,0.0150,-0.0043,-0.2323,3.7959,0.0449,0.6933,0.1750
38.800,157.124,-0.6100,6.9434,-44.284,-0.6273,6.9514,-42.963,-0.0180,-0.0064,0.0191,1.321,1.2470,3.4132,1.370,-1.7892,3.5820,-44.333,4.966,-1.0746,160.179,0.4246,0.0335,0.0279,0.8319,4.8779,4.9232,nan,5.4948,5.6203,0.2226,-0.1326,2.2213,0.0369,0.0311,-0.1867,4.1955,0.0641,0.6933,0.1750
38.850,157.400,-0.4171,6.7453,-47.706,-0.4367,6.7672,-45.894,-0.0294,0.0002,0.0294,1.812,1.2692,3.4400,1.757,-1.6031,3.3780,-47.650,5.086,-1.0012,160.469,0.4334,0.0333,0.0245,0.7346,4.9202,4.9847,nan,5.3593,5.5892,0.2214,-0.1305,2.2213,0.0451,0.0193,-0.1417,4.3952,0.0327,2.5165,0.1750
38.900,157.690,-0.2271,6.5262,-50.830,-0.2539,6.5467,-49.929,-0.0328,-0.0078,0.0337,0.902,1.2039,3.4364,0.982,-1.4042,3.1347,-50.911,5.250,-1.0288,160.776,0.4380,0.0279,0.0263,0.9422,5.1223,5.3073,nan,5.2429,5.5604,0.2202,-0.1345,2.2213,0.0594,0.0198,-0.1532,4.6949,-0.0093,4.0058,0.1750
38.950,157.986,-0.0460,6.2920,-54.271,-0.0599,6.2864,-53.633,-0.0035,-0.0145,0.0150,0.638,1.1810,3.4178,0.473,-1.2171,2.8787,-54.107,5.315,-1.0955,161.081,0.4451,0.0278,0.0268,0.9662,5.3175,5.5082,nan,5.2753,4.9910,0.1977,-0.1173,2.2213,0.0424,0.0093,-0.2040,4.9946,0.0680,1.3618,0.1750
39.000,158.279,0.1188,6.0498,-57.741,0.1075,6.0374,-57.929,0.0045,-0.0162,0.0168,-0.188,1.1542,3.4053,-0.265,-1.0590,2.6272,-57.664,5.321,-0.9933,161.379,0.4559,0.0264,0.0388,1.4703,5.4012,5.5013,nan,5.4214,5.4774,0.2169,-0.0991,2.2213,0.0267,0.0068,-0.2494,5.2943,0.0141,0.4204,0.1750
39.050,158.529,0.2483,5.8357,-60.357,0.2400,5.8249,-60.028,0.0053,-0.0125,0.0136,0.329,1.1890,3.4444,0.517,-0.9274,2.3890,-60.545,5.128,-0.9292,161.617,0.4686,0.0246,0.0273,1.1079,5.4346,5.5103,nan,5.6042,5.7667,0.2284,-0.0861,2.2911,0.0219,0.0177,-0.2014,5.5939,0.0142,-5.1867,0.1750
39.100,158.819,0.3865,5.5813,-62.925,0.3591,5.5918,-63.297,-0.0219,-0.0196,0.0294,-0.372,1.1821,3.4141,0.027,-0.8220,2.1781,-63.324,5.220,-0.7300,161.917,0.4709,0.0195,0.0411,2.1131,5.0494,4.8333,nan,5.6657,5.7771,0.2288,-0.0854,2.3205,0.0348,0.0101,-0.1799,5.6938,0.0663,-3.1643,0.1750
39.150,158.819,0.3865,5.5813,-62.925,0.3591,5.5918,-63.297,-0.0219,-0.0196,0.0294,-0.372,1.1821,3.4141,0.027,-0.8220,2.1781,-63.324,5.220,-0.7300,161.917,0.4709,0.0195,0.0411,2.1131,5.2307,5.3987,nan,5.8746,6.1416,0.2432,-0.0906,2.3289,0.0421,0.0331,-0.0767,6.0934,0.0573,3.9356,0.1750
39.200,159.116,0.5173,5.3141,-65.200,0.4997,5.2666,-66.085,0.0358,-0.0359,0.0507,-0.885,1.1528,3.3839,-0.796,-0.6791,1.8735,-65.289,5.386,-0.7099,162.231,0.4816,0.0125,0.0436,3.4767,5.3976,5.5619,nan,5.9814,6.2996,0.2495,-0.0793,2.3289,0.0280,0.0004,-0.0672,6.3931,0.0493,2.3342,0.1750
39.250,159.416,0.6383,5.0403,-67.453,0.6162,4.9449,-69.352,0.0796,-0.0570,0.0980,-1.899,1.1211,3.3424,-1.928,-0.5586,1.5845,-67.424,5.496,-0.7656,162.543,0.4909,0.0088,0.0617,7.0182,5.5543,5.7182,nan,6.0313,6.2745,0.2485,-0.0611,2.3289,0.0003,-0.0294,-0.1226,6.6927,0.0416,4.3517,0.1750
39.300,159.730,0.7532,4.7482,-69.976,0.7285,4.6122,-72.463,0.1193,-0.0698,0.1382,-2.487,1.1158,3.3179,-2.548,-0.4444,1.2758,-69.914,5.694,-0.7350,162.878,0.5018,0.0072,0.0607,8.3902,5.7542,5.9879,nan,6.1665,6.3485,0.2514,-0.0500,2.3289,-0.0173,-0.0371,-0.1478,6.9924,0.0403,3.9444,0.1750
39.350,160.048,0.8572,4.4474,-72.198,0.8423,4.2441,-74.523,0.1890,-0.0763,0.2038,-2.325,1.1446,3.2862,-2.212,-0.3390,0.9455,-72.311,5.862,-0.6248,163.215,0.5197,0.0141,0.0642,4.5540,5.9028,6.0802,nan,6.2887,6.3603,0.2519,-0.0461,2.3421,-0.0240,-0.0194,-0.1645,7.2921,0.0495,2.1673,0.1750
39.400,160.391,0.9575,4.1193,-74.049,0.9355,3.9074,-76.211,0.1977,-0.0793,0.2130,-2.161,1.1580,3.2909,-1.979,-0.2436,0.6085,-74.232,5.959,-0.4831,163.570,0.5293,0.0087,0.0547,6.2713,5.9684,6.0802,nan,6.4643,6.6717,0.2642,-0.0503,2.4131,-0.0081,0.0132,-0.1158,7.6917,0.0484,2.1673,0.1750
39.450,160.715,1.0432,3.8067,-75.488,1.0156,3.5776,-77.216,0.2149,-0.0841,0.2307,-1.727,1.1642,3.3046,-1.660,-0.1564,0.2687,-75.555,6.050,-0.4707,163.907,0.5467,0.0076,0.0501,6.6015,6.0959,6.2635,nan,6.5948,6.8543,0.2715,-0.0603,2.4490,0.0145,0.0358,-0.0922,7.9914,0.0466,1.8830,0.1750
39.500,161.053,1.1243,3.4788,-76.984,1.0952,3.2416,-79.033,0.2246,-0.0818,0.2390,-2.049,1.1675,3.3055,-2.018,-0.0700,-0.0664,-77.015,6.221,-0.5404,164.265,0.5480,0.0072,0.0538,7.5130,6.1071,6.1915,nan,6.7165,6.9824,0.2765,-0.0629,2.4835,0.0416,0.0439,-0.0702,8.2910,0.0581,3.9006,0.1750
39.550,161.406,1.1993,3.1334,-78.854,1.1579,2.9354,-80.367,0.1863,-0.0789,0.2023,-1.513,1.1679,3.3575,-1.650,0.0021,-0.4222,-78.717,6.387,-0.6104,164.639,0.5573,0.0087,0.0537,6.2036,6.2008,6.3433,nan,6.8356,7.1109,0.2816,-0.0546,2.4917,0.0494,0.0269,-0.0610,8.5907,0.0609,3.6536,0.1750
39.600,161.769,1.2642,2.7769,-80.873,1.2146,2.5596,-82.098,0.2067,-0.0835,0.2229,-1.225,1.1690,3.3627,-1.335,0.0643,-0.8018,-80.763,6.542,-0.5830,165.022,0.5759,0.0134,0.0604,4.5200,6.4012,6.6973,nan,6.9922,7.2644,0.2877,-0.0489,2.4935,0.0627,0.0227,-0.0639,8.9903,0.0573,3.3420,0.1750
39.650,161.769,1.2642,2.7769,-80.873,1.2146,2.5596,-82.098,0.2067,-0.0835,0.2229,-1.225,1.1690,3.3627,-1.335,0.0643,-0.8018,-80.763,6.542,-0.5830,165.022,0.5759,0.0134,0.0604,4.5200,6.6281,7.0202,nan,7.1444,7.4531,0.2952,-0.0443,2.5084,0.0722,0.0158,-0.0546,9.2899,0.0497,3.0940,0.1750
39.700,162.133,1.3174,2.4170,-82.646,1.2570,2.1598,-83.842,0.2474,-0.0929,0.2642,-1.196,1.1641,3.3695,-1.104,0.1162,-1.2078,-82.738,6.681,-0.5270,165.405,0.6112,0.0215,0.0701,3.2621,6.7152,6.8777,nan,7.2550,7.5655,0.2996,-0.0409,2.5243,0.0752,0.0165,-0.0449,9.6895,0.0524,3.0916,0.1750
39.750,162.477,1.3579,2.0751,-84.133,1.3007,1.8099,-85.145,0.2580,-0.0840,0.2713,-1.012,1.1769,3.3615,-0.954,0.1497,-1.5494,-84.191,6.808,-0.5063,165.767,0.6155,0.0256,0.0705,2.7609,6.8599,7.0974,nan,7.4326,7.7449,0.3067,-0.0391,2.5371,0.0988,0.0078,-0.0371,9.9892,0.0563,1.9558,0.1750
39.800,162.842,1.3915,1.7116,-85.560,1.3371,1.3992,-86.471,0.3072,-0.0784,0.3171,-0.911,1.1787,3.3410,-0.781,0.1848,-1.9394,-85.691,6.955,-0.4540,166.153,0.6349,0.0218,0.0740,3.3890,6.9773,7.1869,nan,7.5682,7.8773,0.3120,-0.0366,2.5461,0.1075,0.0058,-0.0317,10.3888,0.0586,3.0941,0.1750
39.850,163.228,1.4176,1.3259,-86.972,1.3525,1.0342,-88.270,0.2878,-0.0804,0.2988,-1.299,1.1980,3.3785,-1.274,0.2066,-2.3403,-86.997,7.095,-0.4374,166.560,0.6494,0.0197,0.0838,4.2448,7.1309,7.4029,nan,7.6658,7.9922,0.3165,-0.0228,2.5560,0.0989,-0.0126,-0.0258,10.7883,0.0534,3.2392,0.1750
39.900,163.769,1.4388,0.7855,-88.784,1.3508,0.4198,-90.957,0.3637,-0.0957,0.3761,-2.174,1.2294,3.3688,-1.981,0.2233,-2.9430,-88.976,7.316,-0.4169,167.134,0.7019,0.0148,0.0989,6.6886,7.2162,7.4029,nan,7.7907,8.1067,0.3211,-0.0135,2.5620,0.0919,-0.0273,-0.0223,11.0880,0.0577,3.2392,0.1750
39.950,164.190,1.4438,0.3651,-90.139,1.3478,0.0950,-91.698,0.2703,-0.0953,0.2866,-1.560,1.2242,3.4074,-1.642,0.2184,-3.3075,-90.057,7.424,-0.3531,167.573,0.6634,0.0103,0.0879,8.5319,7.1265,7.1812,nan,7.8814,8.1367,0.3222,0.0035,2.5650,0.0614,-0.0482,-0.0193,11.4876,0.0758,2.3544,0.1750
40.000,164.617,1.4407,-0.0626,-90.669,1.3478,0.0950,-91.698,-0.1565,-0.0947,0.1830,-1.030,1.2242,3.4074,-1.642,0.2184,-3.3075,-90.057,7.424,-0.3531,168.025,0.4249,0.0145,0.0879,6.0728,7.3798,8.2925,nan,7.9997,8.2928,0.3284,0.0082,2.5712,0.0527,-0.0511,-0.0169,11.8871,0.0629,2.6263,0.1750
40.050,164.617,1.4407,-0.0626,-90.669,1.3247,-0.3744,-91.850,0.3132,-0.1124,0.3327,-1.181,1.1555,3.4571,-0.577,0.2077,-3.8296,-91.273,7.572,-0.0362,168.025,0.7434,0.0128,0.1035,8.0847,7.5883,8.0426,nan,7.9997,8.3497,0.3307,-0.0122,2.5790,0.0594,-0.0075,-0.0123,12.2867,0.0435,2.2231,0.1750
40.100,165.029,1.4358,-0.4744,-90.581,1.3099,-0.7759,-91.901,0.3027,-0.1228,0.3267,-1.320,1.1907,3.5051,-1.113,0.2023,-4.2779,-90.788,7.672,0.0692,168.455,0.7738,0.0110,0.1057,9.5976,7.4651,7.5058,nan,7.9997,8.3020,0.3288,-0.0121,2.5813,0.0516,-0.0035,-0.0110,12.5864,0.0550,2.5085,0.1750
40.150,165.470,1.4320,-0.9152,-90.300,1.3301,-1.0846,-90.760,0.1700,-0.1010,0.1977,-0.459,1.1613,3.5653,-0.391,0.2005,-4.6487,-90.369,7.789,-0.0277,168.917,0.7153,0.0111,0.0841,7.5766,7.7145,8.6152,nan,7.9997,8.0601,0.3192,-0.0120,2.5853,0.0516,-0.0011,-0.0084,13.0858,0.0448,2.1086,0.1750
40.200,165.893,1.4288,-1.3386,-90.707,1.3392,-1.5774,-90.980,0.2399,-0.0866,0.2550,-0.273,1.1942,3.5992,-0.594,0.1986,-5.1748,-90.386,7.880,-0.1447,169.358,0.7995,0.0259,0.0828,3.1972,7.8509,8.1504,nan,7.9997,8.0977,0.3207,-0.0221,2.5853,0.0914,0.0066,-0.0067,13.3855,0.0314,1.0008,0.1750
40.250,166.336,1.4220,-1.7812,-91.165,1.3252,-1.9984,-92.375,0.2191,-0.0923,0.2377,-1.209,1.2538,3.6220,-1.191,0.1882,-5.6176,-91.184,7.918,-0.1450,169.813,0.8016,0.0260,0.1145,4.4101,7.9305,8.1504,nan,7.9997,8.1198,0.3216,-0.0149,2.5853,0.0929,-0.0098,-0.0044,13.7851,0.0239,1.0008,0.1750
40.300,166.770,1.4118,-2.2149,-91.627,1.3226,-2.3740,-92.901,0.1616,-0.0846,0.1824,-1.275,1.2822,3.6549,-1.293,0.1765,-6.0265,-91.608,7.865,-0.1633,170.249,0.7815,0.0218,0.1000,4.5846,7.8540,7.9306,nan,7.9997,8.0986,0.3207,-0.0043,2.5739,0.0776,-0.0262,-0.0022,14.0847,0.0311,-1.1884,0.1750
40.350,167.210,1.3976,-2.6548,-92.205,1.3135,-2.8237,-92.484,0.1720,-0.0775,0.1887,-0.280,1.1926,3.6688,-0.340,0.1594,-6.4917,-92.144,7.853,-0.1100,170.696,0.8043,0.0153,0.0754,4.9247,7.9459,8.1833,nan,7.9997,8.1240,0.3217,-0.0004,2.5395,0.0775,-0.0357,-0.0071,14.4843,0.0224,-0.2719,0.1750
40.400,167.642,1.3805,-3.0860,-92.369,1.3094,-3.2184,-92.644,0.1352,-0.0656,0.1502,-0.275,1.1812,3.7295,-0.080,0.1379,-6.9477,-92.564,7.839,-0.0227,171.133,0.8277,0.0135,0.0651,4.8049,7.9541,8.0989,nan,7.9997,8.1263,0.3218,-0.0112,2.4877,0.0927,-0.0197,-0.0080,14.8839,0.0217,-0.3276,0.1750
40.450,168.081,1.3623,-3.5246,-92.385,1.2914,-3.6357,-92.524,0.1140,-0.0662,0.1318,-0.139,1.1812,3.7295,-0.080,0.1205,-7.3651,-92.444,7.837,-0.0680,171.580,0.8093,0.0157,0.0712,4.5253,7.7216,7.6827,nan,7.8322,7.9347,0.3142,-0.0232,2.4745,0.1117,-0.0072,-0.0031,15.1835,0.0276,-0.0319,0.1750
40.500,168.512,1.3433,-3.9553,-92.784,1.2935,-4.0177,-92.200,0.0648,-0.0467,0.0799,0.584,1.1374,3.7784,0.399,0.1018,-7.7971,-92.599,7.836,-0.1330,172.019,0.8102,0.0158,0.0444,2.8100,7.6919,7.7968,nan,7.4626,7.6456,0.3028,-0.0335,2.4382,0.1299,-0.0023,-0.0018,15.4832,-0.0060,-0.0308,0.1750
40.550,168.512,1.3433,-3.9553,-92.784,1.3013,-3.9772,-92.098,0.0240,-0.0409,0.0474,0.686,1.1314,3.8186,0.501,0.1018,-7.7971,-92.599,7.836,-0.1330,172.019,0.8102,0.0172,0.0451,2.6216,7.7865,8.0174,nan,7.1766,7.4544,0.2952,-0.0359,2.3746,0.1298,-0.0115,-0.0031,15.8828,-0.0427,-0.0165,0.1750
40.600,168.956,1.3195,-4.3993,-93.655,1.3012,-4.4413,-92.646,0.0431,-0.0156,0.0458,1.009,1.1426,3.8320,0.581,0.0746,-8.2745,-93.228,7.758,-0.3584,172.462,0.8404,0.0190,0.0274,1.4465,7.6173,7.6302,nan,6.7855,6.4765,0.2565,-0.0306,2.3282,0.1331,-0.0413,-0.0009,16.2824,-0.0138,-2.9566,0.1750
40.650,169.433,1.2847,-4.8742,-95.097,1.2689,-4.8830,-94.644,0.0101,-0.0149,0.0180,0.452,1.1928,3.8311,0.263,0.0361,-8.7144,-94.908,7.607,-0.4163,172.929,0.8127,0.0179,0.0288,1.6121,7.5614,7.6450,nan,6.4112,6.1794,0.2447,-0.0318,2.3008,0.1141,-0.0588,-0.0079,16.5820,-0.0510,-2.9566,0.1750
40.700,169.869,1.2420,-5.3083,-96.473,1.2401,-5.2649,-95.916,-0.0429,-0.0068,0.0434,0.557,1.1728,3.8732,0.506,-0.0133,-9.1384,-96.421,7.403,-0.3624,173.348,0.8081,0.0194,0.0207,1.0675,7.5516,7.6669,nan,6.0507,5.9033,0.2338,-0.0264,2.2779,0.0743,-0.0837,-0.0339,16.9816,-0.0920,-3.3066,0.1750
40.750,170.263,1.1948,-5.6996,-97.558,1.1914,-5.6873,-96.764,-0.0118,-0.0050,0.0128,0.795,1.1205,3.8534,0.837,-0.0684,-9.5407,-97.600,6.946,-0.2940,173.698,0.8216,0.0240,0.0247,1.0304,7.4991,7.5832,nan,5.8019,5.7784,0.2288,-0.0358,2.2125,0.0579,-0.0778,-0.0621,17.3812,-0.1040,-9.5687,0.1750
40.800,170.624,1.1453,-6.0578,-98.426,1.1538,-5.9977,-97.912,-0.0607,-0.0004,0.0607,0.514,1.1666,3.8404,0.593,-0.1146,-9.8375,-98.505,6.470,-0.3334,174.015,0.7694,0.0236,0.0184,0.7820,7.0529,6.4513,nan,5.6399,5.4886,0.2174,-0.0486,2.1745,0.0433,-0.0691,-0.0681,17.5810,-0.0875,-10.0328,0.1750
40.850,170.976,1.0912,-6.4050,-99.580,1.1022,-6.3047,-99.916,-0.1008,-0.0058,0.1010,-0.335,1.3339,3.8051,-0.402,-0.1608,-10.1111,-99.514,6.094,-0.4275,174.336,0.7062,0.0151,0.0215,1.4239,6.6327,5.6631,nan,5.5600,5.3555,0.2121,-0.0521,2.1433,0.0265,-0.0763,-0.0759,17.7807,-0.0481,-8.2302,0.1750
40.900,171.301,1.0341,-6.7252,-101.000,1.0456,-6.5846,-101.020,-0.1402,-0.0156,0.1411,-0.020,1.2888,3.8176,-0.145,-0.2169,-10.4027,-100.875,5.755,-0.4577,174.635,0.6836,0.0137,0.0241,1.7516,6.1948,5.6522,nan,5.4076,5.1922,0.2056,-0.0473,2.1050,-0.0132,-0.0944,-0.0992,18.0804,-0.0147,-7.8688,0.1750
40.950,171.610,0.9721,-7.0283,-102.418,0.9773,-6.8897,-102.597,-0.1364,-0.0248,0.1387,-0.179,1.2888,3.8176,-0.145,-0.2844,-10.7080,-102.452,5.506,-0.4138,174.926,0.6889,0.0158,0.0309,1.9551,5.8333,5.6503,nan,5.1823,5.0005,0.1980,-0.0551,2.0615,-0.0406,-0.0806,-0.1376,18.3801,-0.0033,-5.9000,0.1750
41.000,171.610,0.9721,-7.0283,-102.418,0.9629,-6.9925,-102.298,-0.0330,-0.0167,0.0369,0.121,1.2184,3.7162,0.155,-0.2844,-10.7080,-102.452,5.506,-0.4138,174.926,0.6889,0.0158,0.0243,1.5395,5.4617,5.2689,nan,5.0362,4.8328,0.1914,-0.0875,2.0125,-0.0545,-0.0509,-0.1539,18.6798,0.0285,-4.8623,0.1750
41.050,171.913,0.9045,-7.3229,-103.703,0.8983,-7.2538,-103.599,-0.0657,-0.0224,0.0694,0.104,1.2172,3.7255,0.170,-0.3515,-10.9783,-103.769,5.296,-0.4323,175.213,0.6703,0.0149,0.0278,1.8656,5.1474,5.0488,nan,4.8001,4.6056,0.1824,-0.1046,2.0125,-0.0678,-0.0387,-0.1744,18.8796,0.0391,-4.8780,0.1750
41.100,172.203,0.8329,-7.6046,-105.142,0.8359,-7.5370,-104.738,-0.0661,-0.0147,0.0677,0.404,1.1931,3.6981,0.321,-0.4202,-11.2328,-105.059,5.087,-0.5699,175.490,0.6484,0.0165,0.0201,1.2168,5.0332,5.0533,nan,4.6417,4.4796,0.1774,-0.1356,2.0125,-0.0645,-0.0140,-0.1942,19.1792,0.0271,-4.7254,0.1750
41.150,172.478,0.7573,-7.8682,-107.265,0.7581,-7.8109,-106.902,-0.0550,-0.0162,0.0573,0.363,1.2303,3.7096,0.172,-0.5067,-11.5190,-107.074,4.886,-0.7554,175.751,0.6723,0.0056,0.0105,1.8833,5.0086,5.0533,nan,4.4971,4.3684,0.1730,-0.1596,1.8628,-0.0644,0.0189,-0.2095,19.4789,0.0051,-4.7254,0.1750
41.200,172.759,0.6687,-8.1352,-109.926,0.6922,-8.0324,-108.910,-0.1047,-0.0130,0.1055,1.016,1.1094,3.6962,0.803,-0.5816,-11.7216,-109.713,4.664,-0.8958,176.019,0.6168,0.0103,0.0055,0.5322,4.6354,4.4609,nan,4.3641,4.1663,0.1650,-0.1485,1.8266,-0.0775,-0.0160,-0.2058,19.5788,0.0561,-5.2331,0.1750
41.250,173.029,0.5707,-8.3864,-113.208,0.5912,-8.3043,-111.585,-0.0836,-0.0135,0.0847,1.623,0.9939,3.7051,1.399,-0.6959,-11.9960,-112.984,4.479,-1.0055,176.278,0.6446,0.0221,0.0102,0.4640,4.6764,4.7337,nan,4.1758,4.0696,0.1612,-0.1866,1.7561,-0.0679,0.0048,-0.2454,19.8785,0.0019,-4.3106,0.1750
41.300,173.272,0.4693,-8.6082,-116.458,0.5006,-8.5242,-114.897,-0.0891,-0.0094,0.0896,1.562,0.9826,3.6815,1.472,-0.7954,-12.1893,-116.368,4.248,-1.0862,176.509,0.6236,0.0035,0.0080,2.2872,4.4091,4.3650,nan,4.1130,3.9882,0.1579,-0.1885,1.6557,-0.0711,0.0077,-0.2773,20.0783,0.0310,-5.8912,0.1750
41.350,173.501,0.3618,-8.8099,-120.264,0.3883,-8.7519,-118.942,-0.0634,-0.0063,0.0637,1.322,1.0885,3.6448,0.959,-0.9076,-12.3833,-119.901,4.079,-1.2007,176.730,0.6219,0.0063,0.0043,0.6788,4.2133,4.2059,nan,3.9893,3.8686,0.1532,-0.2090,1.5817,-0.0640,0.0077,-0.3055,20.2780,0.0371,-4.4267,0.1750
41.400,173.722,0.2451,-8.9975,-124.009,0.2742,-8.9235,-123.036,-0.0776,-0.0173,0.0795,0.973,1.0885,3.6448,0.959,-1.0246,-12.5529,-123.995,3.959,-1.2371,176.946,0.6103,0.0116,0.0019,0.1633,4.0108,4.0028,nan,3.8716,3.7420,0.1482,-0.1931,1.3279,-0.0659,-0.0085,-0.3299,20.4778,0.0486,-3.1458,0.1750
41.450,173.722,0.2451,-8.9975,-124.009,0.2750,-8.9163,-123.379,-0.0840,-0.0206,0.0865,0.630,1.1645,3.6470,0.616,-1.0246,-12.5529,-123.995,3.959,-1.2371,176.946,0.6103,0.0116,0.0020,0.1713,3.9668,3.9924,nan,3.8210,3.6981,0.1465,-0.1719,1.1109,-0.0801,-0.0099,-0.3511,20.6776,0.0455,-3.5813,0.1750
41.500,173.940,0.1176,-9.1743,-128.050,0.1502,-9.0694,-126.242,-0.1027,-0.0390,0.1098,1.808,0.9239,3.6895,1.744,-1.1617,-12.7295,-127.986,3.833,-1.1656,177.159,0.6174,0.0204,0.0067,0.3277,3.7977,3.7987,nan,3.7188,3.5888,0.1421,-0.1374,0.8782,-0.0935,0.0249,-0.3767,20.8774,0.0545,-3.0494,0.1750
41.550,174.147,-0.0147,-9.3340,-131.608,0.0140,-9.2457,-129.463,-0.0851,-0.0372,0.0929,2.145,0.7888,3.6750,2.321,-1.2975,-12.8787,-131.784,3.721,-1.0211,177.362,0.6135,0.0281,0.0151,0.5380,3.6324,3.6328,nan,3.5843,3.4724,0.1375,-0.2208,0.8782,-0.0805,0.0684,-0.4074,21.0772,0.0512,-1.9256,0.1750
41.600,174.350,-0.1529,-9.4820,-134.685,-0.1260,-9.3979,-133.544,-0.0788,-0.0400,0.0883,1.142,1.0054,3.6474,1.335,-1.4350,-13.0154,-134.879,3.646,-0.8187,177.561,0.6059,0.0043,0.0026,0.6027,3.5546,3.5718,nan,3.4083,3.3302,0.1319,-0.2918,0.8782,-0.0685,0.0690,-0.4266,21.1771,0.0288,-2.0358,0.1750
41.650,174.551,-0.2976,-9.6225,-137.162,-0.2644,-9.5265,-135.843,-0.0896,-0.0478,0.1015,1.319,0.9761,3.6585,1.480,-1.5805,-13.1487,-137.323,3.558,-0.8473,177.759,0.6021,0.0102,0.0025,0.2431,3.5446,3.5718,nan,3.3035,3.2351,0.1281,-0.3411,0.8782,-0.0564,0.1038,-0.4349,21.3769,0.0150,-2.0358,0.1750
41.700,174.751,-0.4474,-9.7538,-140.943,-0.4037,-9.6607,-138.780,-0.0925,-0.0448,0.1028,2.163,1.0843,3.6399,1.001,-1.7203,-13.2726,-139.782,3.429,-1.2756,177.953,0.5896,0.0196,0.0028,0.1449,3.4996,3.5212,nan,3.1221,3.0346,0.1202,-0.3497,0.8782,-0.0371,0.1516,-0.4327,21.5766,0.0053,-2.8648,0.1750
41.750,174.930,-0.5904,-9.8617,-145.828,-0.5583,-9.7788,-144.045,-0.0732,-0.0506,0.0890,1.782,1.1009,3.6427,0.989,-1.8905,-13.3908,-145.034,3.220,-1.7469,178.126,0.6175,0.0245,0.0071,0.2913,3.5673,3.6104,nan,3.0611,2.9562,0.1171,-0.3368,0.8782,-0.0272,0.1206,-0.4239,21.7764,-0.0046,-5.0910,0.1750
41.800,175.104,-0.7385,-9.9530,-151.298,-0.7014,-9.8644,-150.783,-0.0751,-0.0599,0.0961,0.515,1.1725,3.6117,0.614,-2.0181,-13.4553,-151.397,3.027,-1.6050,178.294,0.5851,0.0091,0.0077,0.8446,3.2139,3.0835,nan,3.0611,2.8671,0.1135,-0.3562,0.8782,-0.0389,0.0389,-0.4428,21.8763,0.0618,-5.7216,0.1750
41.850,175.252,-0.8712,-10.0194,-155.787,-0.8458,-9.9452,-154.669,-0.0535,-0.0572,0.0784,1.117,1.0474,3.6052,1.089,-2.1504,-13.5120,-155.758,2.923,-1.5428,178.440,0.5791,0.0107,0.0081,0.7595,3.0334,3.0240,nan,3.0736,3.0884,0.1223,-0.3971,0.8782,-0.0319,0.0626,-0.5908,22.0761,0.0137,-3.4022,0.1750
41.900,175.407,-1.0149,-10.0772,-160.738,-1.0067,-10.0146,-159.725,-0.0283,-0.0564,0.0631,1.013,1.0796,3.5888,0.927,-2.3061,-13.5679,-160.652,2.840,-1.6468,178.594,0.5879,0.0131,0.0059,0.4514,2.9942,3.0126,nan,3.1714,3.1530,0.1249,-0.4630,0.8782,-0.0086,0.0584,-0.6686,22.1760,0.0397,-1.6425,0.1750
41.950,175.407,-1.0149,-10.0772,-160.738,-1.0067,-10.0146,-159.725,-0.0283,-0.0564,0.0631,1.013,1.0796,3.5888,0.927,-2.3061,-13.5679,-160.652,2.840,-1.6468,178.594,0.5879,0.0131,0.0059,0.4514,2.8173,2.8072,nan,3.1714,3.1233,0.1237,-0.4457,0.9298,-0.0006,0.1020,-0.6767,22.3758,0.0681,0.8178,0.1750
42.000,175.565,-1.1661,-10.1225,-166.342,-1.1611,-10.0621,-165.587,-0.0191,-0.0575,0.0606,0.755,1.1087,3.5755,0.794,-2.4587,-13.6048,-166.382,2.899,-1.8463,178.759,0.5844,0.0191,0.0077,0.4034,2.7579,2.7714,nan,3.2534,3.2529,0.1288,-0.4180,1.0715,0.0080,0.0658,-0.6101,22.4757,0.0687,0.6899,0.1750
42.050,175.728,-1.3267,-10.1530,-172.870,-1.2950,-10.0895,-170.653,-0.0394,-0.0590,0.0710,2.216,0.9924,3.5911,1.326,-2.6033,-13.6240,-171.979,2.935,-2.1151,178.931,0.5648,0.0275,0.0097,0.3514,3.0386,3.2314,nan,3.3490,3.3827,0.1340,-0.3844,1.1806,0.0179,0.0687,-0.6205,22.6754,0.0381,0.7296,0.1750
42.100,175.893,-1.4912,-10.1645,-179.490,-1.4985,-10.1047,-178.116,0.0067,-0.0598,0.0602,1.374,0.8870,3.6067,1.807,-2.8167,-13.6294,-179.923,2.965,-1.9764,179.103,0.6029,0.0364,0.0238,0.6530,2.9480,2.9581,nan,3.4340,3.4420,0.1363,-0.3694,1.1795,0.0377,0.0374,-0.5594,22.7753,0.0660,1.6576,0.1750
42.150,176.059,-1.6564,-10.1577,174.296,-1.6407,-10.1151,176.119,-0.0114,-0.0439,0.0454,1.823,0.9507,3.5906,1.518,-2.9536,-13.6323,174.601,3.038,-1.9461,179.277,0.5840,0.0193,0.0204,1.0554,3.2019,3.3497,nan,3.4901,3.5702,0.1414,-0.3490,1.2884,0.0461,0.0594,-0.5476,22.9751,0.0227,2.4034,0.1750
42.200,176.229,-1.8249,-10.1327,168.414,-1.8451,-10.0784,168.956,0.0307,-0.0491,0.0579,0.543,1.0607,3.5706,1.085,-3.1638,-13.5916,167.871,3.147,-1.8337,179.458,0.6115,0.0215,0.0175,0.8171,3.3007,3.3497,nan,3.5927,3.6611,0.1450,-0.3293,1.3572,0.0520,0.0579,-0.5040,23.1749,0.0271,2.4034,0.1750
42.250,176.408,-1.9979,-10.0885,162.543,-2.0036,-10.0286,163.022,0.0234,-0.0554,0.0602,0.479,1.2340,3.5328,0.334,-3.3165,-13.5423,162.688,3.238,-1.7177,179.647,0.5914,0.0282,0.0091,0.3210,3.1479,3.1467,nan,3.6390,3.6868,0.1460,-0.3041,1.3179,0.0422,0.0236,-0.4684,23.2748,0.0564,1.6292,0.1750
42.300,176.594,-2.1727,-10.0249,157.086,-2.1981,-9.9463,157.179,0.0540,-0.0625,0.0826,0.093,1.2994,3.5196,0.046,-3.5083,-13.4631,157.133,3.389,-1.6268,179.846,0.5988,0.0350,0.0170,0.4867,3.3554,3.4582,nan,3.7244,3.8061,0.1507,-0.2868,1.4119,0.0368,0.0202,-0.4498,23.4746,0.0331,3.7309,0.1750
42.350,176.783,-2.3436,-9.9441,151.966,-2.3675,-9.8559,152.223,0.0626,-0.0666,0.0914,0.257,1.2550,3.5283,0.310,-3.6948,-13.3645,151.913,3.484,-1.5797,180.044,0.6047,0.0391,0.0204,0.5219,3.5373,3.6257,nan,3.8002,3.8958,0.1543,-0.2806,1.4885,0.0310,0.0259,-0.4323,23.6744,0.0171,2.1861,0.1750
42.400,176.981,-2.5147,-9.8439,146.879,-2.5440,-9.7409,147.061,0.0808,-0.0703,0.1071,0.181,1.2927,3.5231,0.092,-3.8580,-13.2578,146.968,3.591,-1.5789,180.252,0.5947,0.0203,0.0091,0.4487,3.5444,3.5743,nan,3.8967,3.9459,0.1563,-0.2649,1.4915,0.0239,0.0407,-0.4329,23.8741,0.0412,2.5235,0.1750
42.451,177.181,-2.6778,-9.7280,141.885,-2.7245,-9.6011,141.774,0.1150,-0.0710,0.1352,-0.111,1.2927,3.5231,0.092,-4.0383,-13.1177,141.682,3.677,-1.5364,180.460,0.6006,0.0769,0.0597,0.7764,3.6992,3.7745,nan,4.0279,4.0427,0.1601,-0.2540,1.5566,0.0225,0.0454,-0.4584,24.0739,0.0496,1.8516,0.1750
42.500,177.181,-2.6778,-9.7280,141.885,-2.7340,-9.5919,141.604,0.1282,-0.0723,0.1472,-0.281,1.3220,3.5203,-0.077,-4.0383,-13.1177,141.682,3.677,-1.5364,180.460,0.6006,0.0243,0.0149,0.6130,3.6227,3.6407,nan,4.1361,4.1891,0.1659,-0.2414,1.5780,0.0199,0.0561,-0.3921,24.2737,0.0604,1.5987,0.1750
42.550,177.389,-2.8363,-9.5933,136.966,-2.8893,-9.4491,136.766,0.1372,-0.0692,0.1537,-0.200,1.3497,3.5164,-0.265,-4.1790,-12.9850,137.031,3.752,-1.4977,180.676,0.5850,0.0284,0.0170,0.5979,3.8177,3.9199,nan,4.2355,4.3886,0.1738,-0.2310,1.7028,0.0273,0.0498,-0.3366,24.4735,0.0270,1.8626,0.1750
42.600,177.602,-2.9860,-9.4424,132.155,-3.0363,-9.2930,132.083,0.1445,-0.0630,0.1577,-0.072,1.3365,3.5091,-0.167,-4.3355,-12.8148,132.250,3.840,-1.4595,180.898,0.5838,0.0304,0.0195,0.6416,3.9727,4.0520,nan,4.3369,4.4709,0.1771,-0.2218,1.7720,0.0302,0.0459,-0.3480,24.6733,0.0255,2.6306,0.1750
42.650,177.816,-3.1241,-9.2783,127.551,-3.1805,-9.1034,127.277,0.1730,-0.0619,0.1837,-0.274,1.3168,3.5157,-0.069,-4.4821,-12.6245,127.346,3.954,-1.4450,181.123,0.5828,0.0196,0.0167,0.8524,3.8999,3.9208,nan,4.4371,4.5144,0.1788,-0.2131,1.7588,0.0384,0.0414,-0.3277,24.8731,0.0586,3.3921,0.1750
42.700,178.042,-3.2552,-9.0943,122.910,-3.2922,-8.9353,123.131,0.1535,-0.0553,0.1632,0.221,1.2804,3.5232,0.097,-4.5936,-12.4507,123.034,4.102,-1.4301,181.362,0.5678,0.0196,0.0161,0.8217,3.8907,3.9208,nan,4.5336,4.5938,0.1819,-0.2004,1.7752,0.0350,0.0378,-0.3067,25.0728,0.0755,3.3921,0.1750
42.750,178.283,-3.3788,-8.8868,118.170,-3.4294,-8.6989,119.080,0.1896,-0.0441,0.1946,0.910,1.1490,3.5728,0.678,-4.7232,-12.2166,118.402,4.225,-1.3295,181.616,0.5648,0.0189,0.0255,1.3481,4.1640,4.3894,nan,4.6652,4.7737,0.1891,-0.1963,1.9178,0.0435,0.0274,-0.2900,25.2726,0.0493,2.5074,0.1750
42.800,178.510,-3.4797,-8.6834,114.135,-3.5322,-8.4726,114.535,0.2138,-0.0383,0.2172,0.400,1.1567,3.5499,0.699,-4.8351,-11.9644,113.837,4.339,-1.3306,181.854,0.5627,0.0169,0.0240,1.4247,4.4170,4.6201,nan,4.7745,4.9210,0.1949,-0.1990,2.0529,0.0574,0.0570,-0.2738,25.5723,0.0275,2.6552,0.1750
42.850,178.758,-3.5732,-8.4547,109.829,-3.6023,-8.2870,110.848,0.1677,-0.0295,0.1702,1.020,1.1126,3.5580,0.920,-4.9045,-11.7677,109.928,4.477,-1.3767,182.115,0.5473,0.0162,0.0261,1.6184,4.2169,4.2082,nan,4.8092,4.8847,0.1935,-0.1839,1.9631,0.0503,0.0229,-0.2709,25.6722,0.0669,3.0653,0.1750
42.900,179.012,-3.6512,-8.2123,105.332,-3.6820,-8.0185,106.366,0.1951,-0.0216,0.1963,1.033,1.1218,3.5473,0.901,-4.9849,-11.4888,105.465,4.604,-1.3345,182.383,0.5405,0.0150,0.0346,2.3132,4.4833,4.7256,nan,4.9095,5.0045,0.1982,-0.1759,2.0896,0.0560,0.0348,-0.2688,25.9719,0.0449,2.8219,0.1750
42.950,179.262,-3.7098,-7.9692,101.245,-3.7491,-7.7527,102.034,0.2200,-0.0037,0.2200,0.788,1.1218,3.5473,0.901,-5.0479,-11.2220,101.133,4.660,-1.2897,182.641,0.5401,0.0125,0.0389,3.1099,4.6984,4.8658,nan,5.0069,5.1302,0.2032,-0.1597,2.1995,0.0620,0.0198,-0.2611,26.1716,0.0281,1.1364,0.1750
43.000,179.262,-3.7098,-7.9692,101.245,-3.7452,-7.7805,102.095,0.1920,-0.0020,0.1920,0.849,1.1135,3.5247,0.962,-5.0479,-11.2220,101.133,4.660,-1.2897,182.641,0.5401,0.0125,0.0367,2.9284,4.6728,4.7115,nan,5.0761,5.1725,0.2049,-0.1457,2.1962,0.0588,0.0113,-0.2542,26.3714,0.0431,1.8813,0.1750
43.050,179.526,-3.7531,-7.7093,97.123,-3.7755,-7.5485,98.065,0.1623,0.0023,0.1624,0.942,1.1271,3.5025,0.916,-5.0788,-10.9711,97.148,4.748,-1.2236,182.915,0.5296,0.0101,0.0348,3.4661,4.8326,4.9561,nan,5.1549,5.2739,0.2089,-0.1337,2.2356,0.0627,0.0253,-0.2434,26.6711,0.0314,2.4319,0.1750
43.100,179.795,-3.7786,-7.4415,93.312,-3.8066,-7.2778,94.223,0.1650,0.0185,0.1661,0.912,1.1174,3.4933,0.969,-5.1054,-10.6863,93.254,4.851,-1.1286,183.196,0.5277,0.0090,0.0429,4.7563,4.9794,5.1007,nan,5.2979,5.4296,0.2150,-0.1292,2.2491,0.0714,0.0204,-0.2329,26.8709,0.0303,1.8107,0.1750
43.150,180.069,-3.7870,-7.1675,89.759,-3.8098,-6.9847,89.337,0.1827,0.0236,0.1842,-0.422,1.3474,3.3786,-0.241,-5.1136,-10.3849,89.578,4.934,-1.0461,183.480,0.5236,0.0114,0.0318,2.7922,4.8902,4.9162,nan,5.4160,5.5319,0.2191,-0.1198,2.2860,0.0794,0.0341,-0.2051,27.1706,0.0551,1.9861,0.1750
43.200,180.343,-3.7790,-6.8937,86.502,-3.7870,-6.7260,86.241,0.1669,0.0183,0.1679,-0.261,1.3351,3.3804,-0.150,-5.0956,-10.1198,86.391,5.024,-1.0139,183.764,0.5148,0.0065,0.0293,4.5157,4.8723,4.9162,nan,5.5835,5.6960,0.2256,-0.0928,2.3230,0.0552,0.0034,-0.1781,27.3704,0.0765,1.9861,0.1750
43.250,180.628,-3.7547,-6.6100,83.284,-3.7555,-6.4837,83.628,0.1254,0.0156,0.1263,0.344,1.2679,3.3787,0.234,-5.0637,-9.8418,83.394,5.147,-0.8183,184.062,0.5080,0.0043,0.0267,6.1548,4.9759,5.0700,nan,5.6815,5.8969,0.2335,-0.0840,2.3866,0.0471,0.0017,-0.1057,27.6700,0.0663,2.5372,0.1750
43.300,180.911,-3.7165,-6.3294,80.957,-3.6898,-6.1523,80.299,0.1791,0.0015,0.1791,-0.659,1.3906,3.3234,-0.424,-5.0101,-9.5130,80.722,5.327,-0.7179,184.363,0.4880,0.0029,0.0322,11.0999,5.2423,5.5934,nan,5.8542,6.0863,0.2410,-0.0868,2.3866,0.0432,0.0108,-0.1218,27.9697,0.0556,4.3393,0.1750
43.350,181.215,-3.6635,-6.0300,78.684,-3.6157,-5.8383,77.816,0.1973,-0.0092,0.1975,-0.869,1.4539,3.3000,-0.756,-4.9486,-9.2045,78.571,5.515,-0.7388,184.686,0.4791,0.0044,0.0362,8.1529,5.3757,5.5083,nan,5.9762,6.1893,0.2451,-0.0778,2.3866,0.0246,-0.0021,-0.1298,28.1695,0.0563,4.2226,0.1750
43.400,181.523,-3.5977,-5.7288,76.319,-3.5364,-5.5356,75.718,0.2022,-0.0139,0.2027,-0.601,1.4441,3.3140,-0.669,-4.8768,-8.9072,76.387,5.683,-0.7124,185.012,0.4732,0.0027,0.0105,3.8305,5.4652,5.5717,nan,6.0955,6.2704,0.2483,-0.0664,2.3872,0.0094,-0.0043,-0.1331,28.4692,0.0629,3.8452,0.1750
43.450,181.846,-3.5162,-5.4168,74.104,-3.4354,-5.1934,73.398,0.2369,-0.0165,0.2375,-0.706,1.4441,3.3140,-0.669,-4.7799,-8.5639,74.067,5.822,-0.6236,185.350,0.4575,0.0005,0.0177,38.1284,5.7061,6.0254,nan,6.2082,6.4181,0.2542,-0.0612,2.3974,0.0056,0.0131,-0.1243,28.8687,0.0475,3.1783,0.1750
43.500,181.846,-3.5162,-5.4168,74.104,-3.4273,-5.1838,73.828,0.2484,-0.0217,0.2494,-0.276,1.3882,3.3600,-0.239,-4.7799,-8.5639,74.067,5.822,-0.6236,185.350,0.4575,0.0005,0.0176,37.8799,5.9095,6.1636,nan,6.3466,6.5837,0.2607,-0.0598,2.3974,0.0063,0.0292,-0.1167,29.1684,0.0401,2.5283,0.1750
43.550,182.175,-3.4214,-5.1013,72.174,-3.3236,-4.8650,71.521,0.2549,-0.0207,0.2557,-0.654,1.4208,3.3121,-0.528,-4.6689,-8.2205,72.049,5.934,-0.5755,185.694,0.4429,0.0011,0.0192,18.0937,5.9079,5.9805,nan,6.4908,6.6771,0.2644,-0.0517,2.3974,0.0081,0.0338,-0.1166,29.4681,0.0586,2.7744,0.1750
43.600,182.505,-3.3162,-4.7885,70.397,-3.2425,-4.6147,70.917,0.1884,-0.0111,0.1888,0.520,1.2374,3.3486,0.578,-4.5600,-7.9177,70.339,6.059,-0.5661,186.039,0.4385,0.0022,0.0142,6.5349,6.0408,6.2106,nan,6.5881,6.7539,0.2675,-0.0551,2.3974,0.0310,0.0501,-0.1262,29.6679,0.0569,3.1145,0.1750
43.650,182.842,-3.1989,-4.4723,68.611,-3.1295,-4.2836,69.522,0.2010,0.0042,0.2011,0.911,1.1872,3.3767,0.879,-4.4336,-7.5931,68.643,6.195,-0.5260,186.393,0.4301,0.0062,0.0136,2.1765,6.2542,6.5629,nan,6.7730,7.1057,0.2814,-0.0501,2.4976,0.0637,0.0641,-0.0402,30.0674,0.0473,2.5204,0.1750
43.700,183.193,-3.0672,-4.1476,66.980,-2.9859,-3.9314,68.338,0.2308,0.0097,0.2310,1.359,1.1015,3.4002,1.489,-4.2765,-7.2229,66.849,6.306,-0.5256,186.758,0.4115,0.0012,0.0153,12.6909,6.3803,6.5629,nan,6.9457,7.3031,0.2892,-0.0378,2.4966,0.0798,0.0441,-0.0116,30.3671,0.0526,2.5204,0.1750
43.750,183.555,-2.9213,-3.8159,65.258,-2.8634,-3.6457,67.940,0.1788,0.0187,0.1798,2.682,0.9643,3.4682,2.575,-4.1435,-6.9347,65.365,6.421,-0.4281,187.137,0.4177,0.0013,0.0309,23.8910,6.2428,6.2627,nan,6.9999,7.2844,0.2885,-0.0327,2.4948,0.0896,0.0350,-0.0168,30.6668,0.0738,2.0521,0.1750
43.800,183.909,-2.7704,-3.4960,64.065,-2.7050,-3.2706,67.239,0.2313,0.0398,0.2347,3.173,0.8657,3.4980,3.312,-3.9558,-6.5509,63.926,6.659,-0.3603,187.520,0.3929,0.0023,0.0382,16.8524,6.5024,7.0727,nan,6.9999,7.3466,0.2910,-0.0332,2.4891,0.1151,0.0439,-0.0212,31.0664,0.0463,5.3923,0.1750
43.850,184.279,-2.6057,-3.1639,62.972,-2.5423,-2.8981,67.289,0.2655,0.0643,0.2732,4.317,0.7363,3.5568,4.433,-3.7677,-6.1822,62.856,6.806,-0.3460,187.911,0.3822,0.0065,0.0457,7.0207,6.7159,7.0761,nan,6.9999,7.2526,0.2872,-0.0341,2.4324,0.1418,0.0514,-0.0216,31.3660,0.0291,3.3518,0.1750
43.900,184.664,-2.4281,-2.8226,61.861,-2.3812,-2.5604,65.060,0.2533,0.0823,0.2664,3.199,0.9025,3.5145,3.151,-3.6126,-5.8853,61.909,6.920,-0.3560,188.313,0.3901,0.0025,0.0504,20.5533,6.6378,6.6904,nan,6.9999,7.0067,0.2775,-0.0344,2.3959,0.1690,0.0573,0.0168,31.6657,0.0556,2.6347,0.1750
43.950,185.060,-2.2386,-2.4755,60.672,-2.1818,-2.1507,63.887,0.3110,0.1096,0.3297,3.214,0.9025,3.5145,3.151,-3.3910,-5.4872,60.736,6.945,-0.3619,188.717,0.3759,0.0031,0.0377,12.1800,6.8910,7.4890,nan,6.9999,7.0752,0.2802,0.0027,2.3534,0.1557,0.0020,0.0387,32.1652,0.0267,0.7756,0.1750
44.000,185.060,-2.2386,-2.4755,60.672,-2.1611,-2.1179,64.300,0.3497,0.1076,0.3659,3.628,0.8822,3.5695,3.564,-3.3910,-5.4872,60.736,6.945,-0.3619,188.717,0.3759,0.0031,0.0354,11.4145,7.0544,7.3369,nan,6.9313,7.0674,0.2799,0.0292,2.3240,0.1450,-0.0297,0.0588,32.5647,0.0018,-1.5495,0.1750
44.050,185.433,-2.0534,-2.1517,59.572,-1.9598,-1.7035,63.544,0.4338,0.1463,0.4578,3.972,0.8613,3.6532,4.017,-3.1894,-5.1459,59.527,6.880,-0.1540,189.089,0.3683,0.0056,0.0206,3.7134,6.8001,6.7415,nan,6.7466,6.8580,0.2716,0.0469,2.3209,0.1411,-0.0464,0.0619,32.9643,0.0085,-0.3416,0.1750
44.100,185.811,-1.8618,-1.8258,59.639,-1.8008,-1.3559,64.036,0.4363,0.1848,0.4738,4.396,0.7786,3.7372,4.959,-3.0100,-4.8511,59.076,6.864,0.1242,189.471,0.3669,0.0072,0.0297,4.1163,6.7546,6.8256,nan,6.4063,6.5871,0.2609,0.0480,2.3199,0.1568,-0.0298,0.0411,33.3639,-0.0248,-0.2952,0.1750
44.150,186.195,-1.6696,-1.4934,60.609,-1.6199,-1.0035,64.431,0.4512,0.1971,0.4924,3.822,0.8451,3.7195,4.398,-2.8198,-4.5202,60.033,6.847,0.4083,189.859,0.3682,0.0103,0.0427,4.1512,6.8489,7.0245,nan,6.1684,5.8789,0.2328,0.0572,2.2614,0.1365,-0.0276,0.0483,33.5636,0.0027,-1.8423,0.1750
44.200,186.576,-1.4859,-1.1596,62.188,-1.4264,-0.5861,66.344,0.5350,0.2149,0.5765,4.157,0.8721,3.7728,4.436,-2.6287,-4.1681,61.909,6.756,0.5013,190.236,0.3684,0.0039,0.0297,7.5435,6.8918,7.0245,nan,5.7091,5.5667,0.2205,0.0851,2.2191,0.1258,-0.0336,0.1120,34.0631,-0.0643,-1.8423,0.1750
44.250,186.897,-1.3386,-0.8744,63.578,-1.2971,-0.3370,66.713,0.4997,0.2020,0.5390,3.136,0.9767,3.6718,3.114,-2.4882,-3.8794,63.599,6.617,0.5313,190.546,0.3760,0.0074,0.0239,3.2428,6.5296,6.3279,nan,5.5559,5.4291,0.2150,0.0988,2.0670,0.1156,-0.0460,0.1400,34.4627,-0.0456,-7.9136,0.1750
44.300,187.255,-1.1828,-0.5512,65.404,-1.1734,-0.0464,67.728,0.4629,0.2015,0.5049,2.324,1.0214,3.6339,2.464,-2.3510,-3.5825,65.265,6.228,0.6389,190.873,0.3835,0.0025,0.0195,7.8202,6.3374,6.3279,nan,5.3094,5.2165,0.2066,0.1077,2.0670,0.0670,-0.0715,0.1512,34.6624,-0.0566,-7.9136,0.1750
44.350,187.587,-1.0496,-0.2473,67.891,-1.0494,0.2353,69.368,0.4472,0.1815,0.4826,1.477,1.0691,3.6023,1.874,-2.2275,-3.2959,67.494,5.859,0.8457,191.175,0.3874,0.0039,0.0114,2.9340,6.0170,5.8952,nan,5.2212,5.0957,0.2018,0.1195,2.0155,0.0426,-0.0895,0.1665,34.9621,-0.0285,-7.6996,0.1750
44.400,187.905,-0.9363,0.0490,70.936,-0.9654,0.4930,73.021,0.4101,0.1726,0.4450,2.085,1.0477,3.6245,2.396,-2.1422,-3.0446,70.625,5.497,0.9880,191.466,0.4048,0.0058,0.0253,4.3516,5.6087,5.3023,nan,5.0359,4.8696,0.1929,0.1375,1.9733,0.0262,-0.0739,0.1774,35.1619,0.0035,-7.6669,0.1750
44.450,188.205,-0.8447,0.3347,74.147,-0.9011,0.7663,76.500,0.3997,0.1722,0.4352,2.353,1.0477,3.6245,2.396,-2.0665,-2.7742,74.104,5.229,1.0503,191.748,0.4185,0.0210,0.0641,3.0525,5.2790,5.1593,nan,4.8380,4.6357,0.1836,0.1491,1.9142,0.0252,-0.0389,0.1793,35.3617,0.0288,-6.3511,0.1750
44.500,188.485,-0.7746,0.6061,77.573,-0.8214,1.0457,78.475,0.4192,0.1403,0.4421,0.902,1.1436,3.5801,0.943,-2.0064,-2.5017,77.532,4.982,1.1083,192.013,0.4285,0.0209,0.0467,2.2377,5.0781,5.0645,nan,4.6587,4.4375,0.1757,0.1675,1.8557,-0.0072,-0.0441,0.1795,35.5615,0.0390,-6.0056,0.1750
44.550,188.485,-0.7746,0.6061,77.573,-0.8152,1.0007,76.821,0.3766,0.1246,0.3967,-0.752,1.2221,3.4773,-0.711,-2.0064,-2.5017,77.532,4.982,1.1083,192.013,0.4285,0.0209,0.0329,1.5755,4.7918,4.7281,nan,4.4790,4.2239,0.1673,0.1880,1.8060,-0.0336,-0.0505,0.1803,35.7613,0.0661,-5.9852,0.1750
44.600,188.766,-0.7216,0.8822,81.339,-0.7504,1.2331,78.980,0.3426,0.0813,0.3521,-2.359,1.2925,3.4324,-2.022,-1.9640,-2.2701,81.002,4.725,1.1841,192.279,0.4362,0.0224,0.0185,0.8259,4.8680,4.9444,nan,4.2752,4.0976,0.1623,0.1822,1.7435,-0.0626,-0.0594,0.1909,36.0609,0.0100,-5.5712,0.1750
44.650,189.010,-0.6912,1.1247,85.008,-0.7023,1.4810,81.910,0.3540,0.0420,0.3564,-3.098,1.3443,3.3553,-3.190,-1.9390,-1.9853,85.101,4.508,1.2377,192.511,0.4442,0.0273,0.0208,0.7604,4.4660,4.1983,nan,4.1768,3.9562,0.1567,0.2162,1.7062,-0.0767,-0.0387,0.2236,36.1608,0.0589,-5.6807,0.1750
44.700,189.252,-0.6773,1.3655,89.044,-0.6821,1.6473,84.975,0.2817,0.0095,0.2819,-4.070,1.3761,3.3043,-3.952,-1.9390,-1.7949,88.926,4.284,1.2258,192.741,0.4554,0.0363,0.0200,0.5504,4.1979,4.1572,nan,4.0074,3.7725,0.1494,0.2445,1.5482,-0.0725,-0.0238,0.2542,36.3606,0.0736,-4.3983,0.1750
44.750,189.490,-0.6804,1.6043,92.951,-0.6806,1.8572,89.151,0.2526,-0.0128,0.2529,-3.799,1.3723,3.2833,-3.875,-1.9518,-1.5615,93.027,4.104,1.2502,192.971,0.4651,0.0196,0.0185,0.9452,4.1332,4.1572,nan,3.8415,3.5991,0.1425,0.2521,1.3894,-0.0897,-0.0247,0.2385,36.5604,0.0619,-4.3983,0.1750
44.800,189.712,-0.6988,1.8247,97.198,-0.6915,2.0302,92.692,0.2030,-0.0330,0.2057,-4.506,1.3809,3.2228,-4.229,-1.9788,-1.3422,96.921,3.943,1.3960,193.186,0.4738,0.0343,0.0197,0.5757,4.0533,4.0741,nan,3.7452,3.5186,0.1394,0.2620,1.3625,-0.0773,0.0145,0.2563,36.6603,0.0555,-4.1178,0.1750
44.850,189.923,-0.7326,2.0334,101.812,-0.7229,2.2231,97.617,0.1837,-0.0483,0.1899,-4.195,1.3714,3.2284,-3.926,-2.0206,-1.1464,101.543,3.757,1.4761,193.390,0.4822,0.0448,0.0166,0.3713,3.8794,3.8797,nan,3.6419,3.4691,0.1374,0.2373,1.3040,-0.0548,0.0326,0.3362,36.8601,0.0491,-4.7959,0.1750
44.900,190.127,-0.7817,2.2310,106.552,-0.7652,2.3928,102.888,0.1504,-0.0619,0.1626,-3.664,1.3731,3.2015,-3.752,-2.0808,-0.9470,106.640,3.546,1.3347,193.585,0.4932,0.0537,0.0135,0.2516,3.7478,3.7571,nan,3.5352,3.3731,0.1336,0.2044,1.2598,-0.0248,0.0858,0.3741,36.9600,0.0484,-5.7386,0.1750
44.950,190.322,-0.8435,2.4161,110.642,-0.8169,2.5276,106.960,0.0950,-0.0642,0.1146,-3.683,1.3710,3.1850,-3.657,-2.1416,-0.7956,110.617,3.433,1.1120,193.775,0.4947,0.0258,0.0271,1.0498,3.4693,3.4219,nan,3.3813,3.1852,0.1261,0.1740,1.1662,0.0021,0.1100,0.3850,37.0599,0.0717,-3.0093,0.1750
45.000,190.508,-0.9140,2.5886,114.001,-0.8923,2.7293,110.634,0.1197,-0.0771,0.1424,-3.367,1.3710,3.1850,-3.657,-2.2296,-0.5991,114.291,3.340,0.9195,193.958,0.5102,0.0347,0.0223,0.6406,3.5504,3.5968,nan,3.3025,3.1058,0.1230,0.1955,1.1934,0.0301,0.0818,0.3814,37.2596,0.0526,-2.1878,0.1750
45.050,190.508,-0.9140,2.5886,114.001,-0.8918,2.7194,110.628,0.1105,-0.0734,0.1326,-3.373,1.3715,3.1748,-3.663,-2.2296,-0.5991,114.291,3.340,0.9195,193.958,0.5102,0.0347,0.0232,0.6688,3.2555,3.1945,nan,3.2243,2.9649,0.1174,0.1918,1.0943,0.0479,0.0764,0.3990,37.3595,0.0949,-3.7399,0.1750
45.100,190.694,-0.9937,2.7565,116.895,-0.9565,2.8533,113.623,0.0695,-0.0770,0.1037,-3.272,1.3693,3.1779,-3.350,-2.3028,-0.4600,116.973,3.195,0.9250,194.137,0.5061,0.0392,0.0236,0.6027,3.1751,3.1887,nan,3.1482,2.9822,0.1181,0.1956,1.0427,0.0671,0.0440,0.4329,37.5593,0.0684,-3.2046,0.1750
45.150,190.866,-1.0755,2.9084,119.892,-1.0360,2.9890,116.862,0.0502,-0.0744,0.0898,-3.029,1.3642,3.1807,-2.878,-2.3876,-0.3120,119.741,3.088,0.9235,194.306,0.5096,0.0461,0.0180,0.3914,3.1221,3.1396,nan,3.0005,2.8581,0.1132,0.1852,0.9604,0.0924,0.0568,0.4523,37.6592,0.0499,-3.5653,0.1750
45.200,191.029,-1.1600,3.0478,122.684,-1.1229,3.1327,119.631,0.0514,-0.0771,0.0927,-3.053,1.3659,3.1546,-3.276,-2.4835,-0.1641,122.907,2.967,0.9022,194.464,0.5199,0.0520,0.0159,0.3050,2.8375,2.7768,nan,3.0005,2.9842,0.1182,0.1729,0.9319,0.1039,0.0443,0.4741,37.7591,0.0367,-1.1371,0.1750
45.250,191.195,-1.2525,3.1845,125.554,-1.2071,3.2513,122.577,0.0280,-0.0758,0.0808,-2.976,1.3528,3.1797,-2.919,-2.5602,-0.0588,125.496,2.922,0.8438,194.627,0.5086,0.0308,0.0281,0.9131,2.9609,3.0145,nan,2.8437,2.7217,0.1078,0.2173,0.8802,0.1059,-0.0141,0.5349,37.9589,0.0432,-2.4138,0.1750
45.300,191.333,-1.3350,3.2954,127.840,-1.3048,3.3760,125.616,0.0452,-0.0733,0.0861,-2.224,1.3523,3.1929,-2.394,-2.6624,0.0719,128.010,2.849,0.8030,194.762,0.5252,0.0291,0.0157,0.5387,2.7073,2.6644,nan,2.7707,2.7772,0.1100,0.3206,0.8048,0.1104,-0.0810,0.5987,38.1587,0.0175,0.0022,0.1750
45.350,191.494,-1.4364,3.4204,130.328,-1.3837,3.4764,127.960,0.0086,-0.0764,0.0769,-2.368,1.3523,3.1929,-2.394,-2.7454,0.1689,130.354,2.870,0.8498,194.925,0.5113,0.0346,0.0155,0.4477,2.6512,2.6644,nan,2.6388,2.4932,0.0987,0.3501,0.8000,0.1180,-0.0962,0.6200,38.2586,0.0610,0.0022,0.1750
45.400,191.650,-1.5404,3.5370,133.346,-1.5017,3.6189,130.678,0.0330,-0.0844,0.0906,-2.668,1.3508,3.2027,-2.303,-2.8669,0.3013,132.982,2.715,1.0119,195.075,0.5259,0.0407,0.0137,0.3358,2.8742,2.9818,nan,2.5029,2.4025,0.0951,0.5117,0.8544,0.0979,-0.1699,0.5031,38.4584,0.0065,-4.1823,0.1750
45.450,191.793,-1.6417,3.6376,137.537,-1.6068,3.7114,135.222,0.0241,-0.0780,0.0816,-2.315,1.3550,3.2381,-1.419,-2.9727,0.3998,136.641,2.506,1.4423,195.212,0.5307,0.0515,0.0076,0.1485,2.7550,2.7581,nan,2.5235,2.3546,0.0933,0.5546,0.8190,0.0859,-0.1499,0.3670,38.5582,0.0425,-5.5925,0.1750
45.500,191.928,-1.7452,3.7243,143.163,-1.6948,3.7856,140.743,-0.0036,-0.0793,0.0794,-2.420,1.3550,3.2381,-1.419,-3.0624,0.4718,142.162,2.337,1.9453,195.344,0.5195,0.0267,0.0276,1.0310,2.4748,2.4122,nan,2.4649,2.3715,0.0939,0.5221,0.8000,0.1007,-0.0827,0.7333,38.6581,0.0434,-4.5154,0.1750
45.550,192.053,-1.8495,3.7942,149.454,-1.8201,3.8650,148.460,0.0106,-0.0759,0.0767,-0.994,1.3456,3.2800,-0.869,-3.1742,0.5369,149.330,2.260,1.8864,195.471,0.5278,0.0297,0.0036,0.1213,2.3669,2.3689,nan,2.3796,2.3954,0.0949,0.4895,0.8000,0.1090,-0.0260,0.9496,38.7580,0.0071,-3.2624,0.1750
45.600,192.180,-1.9616,3.8527,155.440,-1.9318,3.9169,154.532,-0.0004,-0.0708,0.0708,-0.908,1.3456,3.2800,-0.869,-3.2867,0.5872,155.401,2.262,1.7684,195.601,0.5298,0.1146,0.0877,0.7657,2.2912,2.2985,nan,2.2805,2.2664,0.0898,0.5757,0.8000,0.1089,-0.1029,0.8848,38.9578,0.0148,-0.2258,0.1750
45.650,192.180,-1.9616,3.8527,155.440,-1.9505,3.9484,154.011,0.0296,-0.0916,0.0963,-1.429,1.3210,3.2816,-1.390,-3.2867,0.5872,155.401,2.262,1.7684,195.601,0.5298,0.0379,0.0100,0.2643,2.3440,2.3720,nan,2.1836,2.1106,0.0836,0.7200,0.8000,0.0745,-0.1152,0.8798,39.0577,0.0194,0.4767,0.1750
45.700,192.307,-2.0798,3.8999,161.108,-2.0793,4.0094,159.070,0.0349,-0.1038,0.1095,-2.037,1.3115,3.2624,-1.951,-3.4143,0.6311,161.021,2.266,1.8069,195.732,0.5396,0.0466,0.0231,0.4953,2.3541,2.3745,nan,2.1744,2.0738,0.0821,0.7419,0.8000,0.0496,-0.1207,0.8827,39.1576,0.0262,-3.0088,0.1750
45.750,192.431,-2.1987,3.9337,167.418,-2.2135,4.0531,164.475,0.0405,-0.1133,0.1204,-2.943,1.2999,3.2380,-2.488,-3.5455,0.6618,166.963,2.159,2.0196,195.856,0.5523,0.0566,0.0422,0.7465,2.2058,2.1974,nan,2.1744,2.1210,0.0840,0.8137,0.8000,0.0342,-0.2202,1.1761,39.3574,0.0261,-4.1722,0.1750
45.800,192.545,-2.3116,3.9523,174.107,-2.3419,4.0813,171.592,0.0433,-0.1252,0.1325,-2.515,1.2880,3.2496,-2.505,-3.6627,0.6723,174.097,2.019,2.2097,195.971,0.5582,0.0215,0.0532,2.4784,2.0974,2.0971,nan,2.2201,2.2073,0.0874,0.8615,0.8000,0.0154,-0.2375,1.2162,39.4573,0.0275,-4.1722,0.1750
45.850,192.655,-2.4214,3.9568,-178.539,-2.4476,4.0976,-181.579,0.0226,-0.1415,0.1433,-3.039,1.2779,3.2407,-2.789,-3.7628,0.6747,-178.790,1.925,2.3524,196.085,0.5492,0.0276,0.0553,2.0076,1.9976,1.9980,nan,2.3039,2.2462,0.0890,0.8353,0.8000,-0.0081,-0.2373,1.2690,39.5572,0.0622,-3.1538,0.1750
45.900,192.759,-2.5253,3.9473,-170.743,-2.5685,4.0818,-173.959,0.0210,-0.1397,0.1413,-3.216,1.2709,3.2227,-3.005,-3.8791,0.6566,-170.954,1.882,2.5665,196.199,0.5633,0.0310,0.0643,2.0729,2.0197,2.0392,nan,2.3690,2.3380,0.0926,0.8228,0.8000,-0.0315,-0.2336,1.2091,39.6570,0.0578,-1.7270,0.1750
45.950,192.864,-2.6268,3.9233,-162.454,-2.6753,4.0484,-165.364,0.0085,-0.1339,0.1342,-2.910,1.2780,3.2354,-2.747,-3.9877,0.6227,-162.616,1.916,2.6364,196.320,0.5726,0.0392,0.0604,1.5421,2.0251,2.0420,nan,2.4233,2.4618,0.0975,0.7783,0.8000,-0.0401,-0.2072,1.0600,39.7569,0.0416,-0.6392,0.1750
46.000,192.975,-2.7302,3.8820,-153.770,-2.7957,3.9951,-156.017,0.0088,-0.1305,0.1307,-2.247,1.2875,3.2869,-1.970,-4.1052,0.5674,-154.047,1.999,2.5920,196.450,0.5897,0.0147,0.0802,5.4394,2.1385,2.1801,nan,2.5131,2.5724,0.1019,0.7388,0.8000,-0.0470,-0.1694,1.0322,39.8568,0.0332,0.9220,0.1750
46.050,193.087,-2.8274,3.8254,-145.518,-2.9113,3.9230,-147.775,0.0139,-0.1280,0.1287,-2.257,1.2875,3.2869,-1.970,-4.2182,0.4914,-145.805,2.093,2.5700,196.581,0.6104,0.0174,0.0888,5.0961,2.2914,2.3487,nan,2.7066,2.7335,0.1083,0.6595,0.8000,-0.0549,-0.1228,0.9975,39.9567,0.0485,1.6552,0.1750
46.100,193.192,-2.9102,3.7608,-138.197,-2.9975,3.8081,-138.913,0.0335,-0.0935,0.0993,-0.716,1.3100,3.3508,-0.686,-4.3127,0.4057,-138.227,2.183,2.6354,196.703,0.6278,0.0139,0.0775,5.5696,2.4039,2.4477,nan,2.7992,2.9081,0.1152,0.5705,0.8871,-0.0450,-0.1466,0.7321,40.1565,0.0237,2.1653,0.1750
46.150,193.317,-2.9979,3.6716,-130.502,-3.0902,3.7034,-130.470,0.0358,-0.0909,0.0977,0.032,1.3100,3.3508,-0.686,-4.4042,0.2999,-129.784,2.356,2.2455,196.849,0.6368,0.0903,0.0904,1.0005,2.4465,2.4735,nan,2.8762,2.9937,0.1186,0.4901,0.9082,-0.0368,-0.0719,0.6523,40.2564,0.0261,0.1822,0.1750
46.200,193.317,-2.9979,3.6716,-130.502,-3.0883,3.6976,-130.580,0.0390,-0.0856,0.0941,-0.079,1.3113,3.3365,-0.797,-4.4042,0.2999,-129.784,2.356,2.2455,196.849,0.6368,0.0186,0.0726,3.9065,2.5764,2.6278,nan,2.9368,3.0767,0.1218,0.4625,0.9564,-0.0389,-0.0513,0.6094,40.3562,0.0123,4.6326,0.1750
46.250,193.455,-3.0806,3.5622,-123.309,-3.1583,3.5658,-123.590,0.0396,-0.0669,0.0778,-0.282,1.3310,3.3827,-0.126,-4.4897,0.1733,-123.465,2.537,2.0777,197.006,0.6454,0.0212,0.0695,3.2703,2.7940,2.8964,nan,3.1081,3.1391,0.1243,0.3621,1.0372,-0.0236,-0.0711,0.7189,40.5561,0.0381,4.5044,0.1750
46.300,193.599,-3.1534,3.4374,-116.878,-3.2274,3.3914,-116.407,0.0745,-0.0452,0.0871,0.471,1.3444,3.3897,0.150,-4.5718,0.0137,-116.557,2.700,2.0020,197.166,0.6672,0.0273,0.0621,2.2802,2.7889,2.8104,nan,3.1981,3.2097,0.1271,0.2858,1.0783,-0.0065,-0.0393,0.6306,40.6560,0.0551,2.6850,0.1750
46.350,193.751,-3.2149,3.2985,-110.560,-3.2602,3.2402,-109.660,0.0705,-0.0220,0.0739,0.900,1.3640,3.4268,0.664,-4.6261,-0.1331,-110.324,2.825,1.7875,197.331,0.6637,0.0138,0.0509,3.6824,2.8533,2.8885,nan,3.2910,3.4167,0.1353,0.2184,1.2013,-0.0149,-0.0463,0.4572,40.8558,0.0276,2.6850,0.1750
46.400,193.910,-3.2642,3.1471,-105.408,-3.2898,3.0781,-103.666,0.0733,-0.0063,0.0736,1.742,1.3694,3.4771,1.353,-4.6673,-0.2889,-105.019,2.950,1.4177,197.498,0.6583,0.0167,0.0340,2.0284,2.8638,2.8885,nan,3.5827,3.6570,0.1448,0.1444,1.2391,0.0080,-0.0089,0.4047,40.9556,0.0773,3.6173,0.1750
46.450,194.079,-3.3030,2.9831,-101.136,-3.3069,2.9034,-99.846,0.0790,0.0116,0.0798,1.290,1.3861,3.4604,1.093,-4.7028,-0.4674,-100.939,3.073,1.1813,197.675,0.6615,0.0220,0.0275,1.2532,3.0266,3.0974,nan,3.7716,3.8730,0.1534,0.0983,1.3659,0.0142,-0.0250,0.2895,41.1554,0.0758,3.4374,0.1750
46.500,194.257,-3.3333,2.8079,-98.690,-3.3247,2.7210,-96.750,0.0846,0.0216,0.0874,1.940,1.3943,3.4241,0.647,-4.7266,-0.6498,-97.396,3.364,0.5956,197.869,0.6590,0.0265,0.0270,1.0204,3.1552,3.2129,nan,3.8621,4.0054,0.1586,0.0596,1.3469,0.0227,-0.0339,0.1809,41.3552,0.0628,5.9488,0.1750
46.550,194.453,-3.3599,2.6137,-97.013,-3.3452,2.5194,-96.247,0.0918,0.0261,0.0955,0.766,1.4016,3.4267,0.494,-4.7545,-0.8663,-96.740,3.607,0.3984,198.078,0.6705,0.0309,0.0239,0.7750,3.3924,3.5242,nan,4.0361,4.2036,0.1665,0.0922,1.3769,-0.0015,-0.0974,0.1469,41.5550,0.0507,6.0082,0.1750
46.600,194.657,-3.3828,2.4110,-95.910,-3.3569,2.3059,-95.135,0.1019,0.0366,0.1083,0.775,1.4064,3.4327,0.628,-4.7754,-1.0746,-95.763,3.793,0.4381,198.293,0.6715,0.0171,0.0106,0.6228,3.5807,3.6739,nan,4.0918,4.2995,0.1703,0.0953,1.3073,-0.0191,-0.1207,0.1256,41.7548,0.0275,4.8243,0.1750
46.650,194.657,-3.3828,2.4110,-95.910,-3.3569,2.3059,-95.135,0.1019,0.0366,0.1083,0.775,1.4064,3.4327,0.628,-4.7754,-1.0746,-95.763,3.793,0.4381,198.293,0.6715,0.0171,0.0106,0.6228,3.8059,3.9328,nan,3.8644,4.1968,0.1662,0.0308,1.3161,-0.0391,-0.1182,0.0766,41.9546,-0.0490,3.8005,0.1750
46.700,194.874,-3.4022,2.1942,-94.145,-3.3717,2.0597,-93.241,0.1320,0.0401,0.1379,0.905,1.4007,3.4842,1.108,-4.7991,-1.3320,-94.348,3.961,0.5776,198.522,0.6958,0.0195,0.0109,0.5595,3.6691,3.6765,nan,3.6508,3.6384,0.1441,-0.0197,1.1898,-0.0416,-0.0775,-0.0350,42.1543,0.0200,3.1344,0.1750
46.750,195.125,-3.4161,1.9443,-92.078,-3.3735,1.8536,-91.629,0.0891,0.0459,0.1002,0.448,1.4141,3.4310,0.655,-4.8053,-1.5225,-92.285,4.088,0.3902,198.781,0.6595,0.0279,0.0075,0.2703,3.8801,4.6152,nan,3.4518,3.2338,0.1281,-0.1240,1.1427,-0.0580,-0.0488,-0.1411,42.3541,0.0364,0.2964,0.1750
46.800,195.358,-3.4230,1.7112,-91.451,-3.3776,1.5763,-90.069,0.1337,0.0488,0.1423,1.382,1.4059,3.4679,0.800,-4.8095,-1.8247,-90.868,4.054,-0.0276,199.012,0.6923,0.0170,0.0102,0.6013,4.1226,4.2804,nan,3.0523,3.1153,0.1234,-0.2422,1.1811,-0.0629,0.0139,-0.2842,42.6538,-0.0869,-6.7837,0.1750
46.850,195.569,-3.4287,1.5005,-91.831,-3.3807,1.3441,-91.186,0.1548,0.0530,0.1637,0.645,1.4219,3.4222,0.354,-4.8153,-2.0484,-91.540,3.772,-0.2130,199.206,0.6995,0.0179,0.0136,0.7591,4.2185,4.2804,nan,2.9486,3.4705,0.1374,-0.2421,1.2085,-0.0673,0.0626,-0.3691,42.8536,-0.0415,-6.7837,0.1750
46.900,195.772,-3.4376,1.2968,-93.820,-3.3889,1.2125,-92.543,0.0808,0.0542,0.0973,1.278,1.4347,3.4015,-0.031,-4.8224,-2.1916,-92.512,3.440,-0.7951,199.392,0.6661,0.0203,0.0163,0.8037,3.8212,3.4332,nan,2.8484,3.0039,0.1190,-0.2943,1.0947,-0.0710,0.0664,-0.4080,42.9535,-0.0630,-7.9741,0.1750
46.950,195.956,-3.4545,1.1136,-97.521,-3.4053,1.0217,-95.857,0.0847,0.0608,0.1042,1.663,1.4192,3.4274,0.459,-4.8436,-2.3669,-96.317,3.365,-1.3107,199.574,0.6660,0.0341,0.0211,0.6173,3.4622,3.3291,nan,2.7710,2.7229,0.1078,-0.2750,0.9919,-0.0910,0.0063,-0.4306,43.0534,-0.0439,-1.3790,0.1750
47.000,196.139,-3.4848,0.9336,-102.206,-3.4440,0.8478,-101.895,0.0752,0.0580,0.0950,0.311,1.4454,3.3860,-0.151,-4.8828,-2.5510,-101.744,3.069,-1.3349,199.744,0.6757,0.0121,0.0160,1.3260,3.3296,3.3350,nan,2.6971,2.6333,0.1043,-0.2696,0.9539,-0.0995,-0.0091,-0.4684,43.2532,-0.0330,-6.9857,0.1750
47.050,196.299,-3.5237,0.7779,-106.171,-3.4903,0.7100,-106.042,0.0559,0.0510,0.0756,0.130,1.4218,3.4310,0.338,-4.9281,-2.6919,-106.380,2.801,-1.1839,199.894,0.6743,0.0128,0.0099,0.7714,3.0671,3.0242,nan,2.6438,2.5445,0.1008,-0.2435,0.8787,-0.1219,-0.0454,-0.5300,43.3531,0.0010,-7.1829,0.1750
47.100,196.299,-3.5237,0.7779,-106.171,-3.4903,0.7100,-106.042,0.0559,0.0510,0.0756,0.130,1.4218,3.4310,0.338,-4.9281,-2.6919,-106.380,2.801,-1.1839,199.894,0.6743,0.0128,0.0099,0.7714,2.7964,2.7440,nan,2.5124,2.4150,0.0956,-0.2448,0.8011,-0.1261,-0.0300,-0.5929,43.4529,0.0155,-4.7332,0.1750
47.150,196.448,-3.5694,0.6361,-109.745,-3.5333,0.5940,-109.284,0.0274,0.0482,0.0554,0.461,1.3984,3.4955,0.841,-4.9737,-2.8289,-110.125,2.639,-1.0178,200.037,0.6721,0.0165,0.0100,0.6059,2.5203,2.4606,nan,2.4120,2.3035,0.0912,-0.3047,0.8000,-0.1361,0.0045,-0.7048,43.5528,0.0377,-2.8979,0.1750
47.200,196.590,-3.6209,0.5038,-112.848,-3.5789,0.4865,-112.293,-0.0003,0.0454,0.0454,0.555,1.4072,3.4859,0.693,-5.0221,-2.9389,-112.987,2.533,-0.9660,200.175,0.6594,0.0196,0.0074,0.3755,2.4822,2.4966,nan,2.3492,2.2753,0.0901,-0.4636,0.8000,-0.1362,0.0277,-0.7559,43.6528,0.0235,-3.4791,0.1750
47.250,196.729,-3.6778,0.3779,-115.872,-3.6332,0.3854,-114.570,-0.0262,0.0368,0.0452,1.302,1.3766,3.5684,1.341,-5.0830,-3.0649,-115.911,2.412,-0.9769,200.309,0.6630,0.0288,0.0065,0.2258,2.4132,2.4226,nan,2.3189,2.1791,0.0863,-0.5535,0.8000,-0.1391,0.0573,-0.5895,43.7527,0.0485,-4.1053,0.1750
47.300,196.859,-3.7384,0.2619,-119.439,-3.7007,0.2530,-117.783,-0.0108,0.0372,0.0388,1.656,1.3812,3.5282,1.114,-5.1446,-3.1757,-118.897,2.283,-1.1819,200.436,0.6618,0.0080,0.0275,3.4320,2.3472,2.3564,nan,2.2414,2.1405,0.0848,-0.6689,0.8000,-0.1278,0.1349,-0.8814,43.9524,0.0346,-2.4795,0.1750
47.350,196.982,-3.8027,0.1573,-124.239,-3.7745,0.1276,-122.549,0.0087,0.0400,0.0410,1.690,1.3964,3.4880,0.813,-5.2180,-3.2867,-123.362,2.192,-1.6615,200.559,0.6727,0.0083,0.0216,2.6042,2.3390,2.3564,nan,2.0993,2.0959,0.0830,-0.7506,0.8000,-0.1133,0.1519,-1.0389,44.0523,-0.0128,-2.4795,0.1750
47.400,197.103,-3.8758,0.0606,-130.225,-3.8350,0.0560,-128.252,-0.0228,0.0342,0.0411,1.973,1.3813,3.5253,1.152,-5.2850,-3.3638,-129.404,2.080,-1.8942,200.680,0.6590,0.0212,0.0097,0.4578,2.1461,2.1234,nan,2.0993,2.0365,0.0807,-0.7986,0.8000,-0.1081,0.1223,-1.0359,44.1522,0.0274,-3.3822,0.1750
47.450,197.213,-3.9506,-0.0189,-136.519,-3.9197,-0.0516,-134.571,0.0001,0.0450,0.0450,1.949,1.3538,3.5638,1.724,-5.3798,-3.4551,-136.295,1.977,-2.1205,200.791,0.6821,0.0433,0.0043,0.0991,2.2068,2.2353,nan,2.0905,2.0231,0.0801,-0.8314,0.8000,-0.0987,0.2298,-1.2066,44.3520,0.0217,-3.1337,0.1750
47.500,197.321,-4.0334,-0.0885,-143.500,-3.9941,-0.1218,-140.767,-0.0118,0.0501,0.0515,2.733,1.3114,3.6155,2.411,-5.4581,-3.5107,-143.178,1.896,-2.2510,200.902,0.6723,0.0763,0.0054,0.0702,2.0143,1.9901,nan,2.0816,2.0814,0.0824,-0.8190,0.8000,-0.0789,0.1183,-1.2066,44.3520,0.0168,-2.6527,0.1750
47.550,197.425,-4.1208,-0.1450,-151.011,-4.0945,-0.1935,-148.646,0.0005,0.0552,0.0552,2.365,1.3359,3.5649,1.933,-5.5541,-3.5731,-150.579,1.826,-2.4495,201.013,0.6826,0.0086,0.0392,4.5770,2.0246,2.0423,nan,2.2248,2.1928,0.0868,-0.8359,0.8000,-0.0454,0.2620,-1.3730,44.5517,0.0420,-2.1880,0.1750
47.600,197.526,-4.2129,-0.1881,-158.912,-4.1956,-0.2444,-157.044,0.0041,0.0587,0.0589,1.867,1.3359,3.5649,1.933,-5.6569,-3.6206,-158.977,1.819,-2.5094,201.127,0.6941,0.2619,0.1934,0.7387,2.0078,2.0214,nan,2.2905,2.2731,0.0900,-0.8070,0.8000,-0.0233,0.2480,-1.3182,44.6516,0.0460,-1.5490,0.1750
47.650,197.526,-4.2129,-0.1881,-158.912,-4.1934,-0.2511,-157.147,0.0044,0.0658,0.0659,1.765,1.3450,3.5484,1.831,-5.6569,-3.6206,-158.977,1.819,-2.5094,201.127,0.6941,0.0253,0.0138,0.5468,1.9890,2.0022,nan,2.3559,2.4007,0.0951,-0.8168,0.8000,-0.0031,0.2425,-1.1383,44.7515,0.0358,-0.0555,0.1750
47.700,197.628,-4.3098,-0.2180,-166.972,-4.2901,-0.2754,-164.815,-0.0062,0.0603,0.0606,2.157,1.3232,3.6064,2.368,-5.7690,-3.6465,-167.183,1.875,-2.5272,201.244,0.7066,0.0451,0.0132,0.2935,2.0319,2.0552,nan,2.4542,2.5023,0.0991,-0.7825,0.8000,0.0069,0.2415,-1.1132,44.8514,0.0417,1.1242,0.1750
47.750,197.735,-4.4153,-0.2348,-175.171,-4.3926,-0.3032,-172.187,-0.0169,0.0701,0.0721,2.984,1.3328,3.5902,2.337,-5.8794,-3.6567,-174.524,1.941,-2.6248,201.368,0.7086,0.0803,0.0181,0.2249,2.2670,2.3742,nan,2.5476,2.6137,0.1035,-0.7747,0.8000,0.0402,0.2020,-1.0446,44.9513,0.0207,0.7373,0.1750
47.800,197.844,-4.5243,-0.2363,176.378,-4.5365,-0.2878,177.931,0.0089,0.0522,0.0530,1.553,1.3945,3.5215,1.515,-6.0297,-3.6512,176.416,2.028,-2.6493,201.496,0.7447,0.0085,0.0423,4.9846,2.2783,2.2983,nan,2.6370,2.7191,0.1077,-0.7495,0.8000,0.0627,0.1646,-0.8589,45.0512,0.0256,1.7215,0.1750
47.850,197.962,-4.6415,-0.2203,167.609,-4.6496,-0.2717,169.163,-0.0031,0.0519,0.0520,1.554,1.4114,3.5067,1.453,-6.1549,-3.6235,167.711,2.124,-2.7239,201.635,0.7483,0.0217,0.0276,1.2716,2.2799,2.2983,nan,2.7280,2.8243,0.1119,-0.6164,0.8189,0.0472,0.1000,-0.7929,45.1511,0.0330,1.7215,0.1750
47.900,198.079,-4.7540,-0.1871,159.057,-4.7546,-0.2225,160.076,-0.0121,0.0332,0.0354,1.019,1.4707,3.4578,0.973,-6.2869,-3.5740,159.103,2.236,-2.5822,201.773,0.7617,0.0344,0.0233,0.6776,2.3864,2.4283,nan,2.7888,2.8951,0.1147,-0.5519,0.8653,0.0515,0.0323,-0.7359,45.2510,0.0251,1.2667,0.1750
47.950,198.211,-4.8735,-0.1324,151.501,-4.8706,-0.1581,151.674,-0.0148,0.0212,0.0258,0.173,1.4917,3.4445,0.901,-6.4182,-3.5021,150.774,2.434,-2.2164,201.926,0.7681,0.0576,0.0548,0.9518,2.4985,2.5435,nan,2.7769,2.9187,0.1156,-0.4392,0.9060,0.0291,-0.0278,-0.6632,45.3508,0.0008,5.2689,0.1750
48.000,198.351,-4.9929,-0.0581,144.411,-5.0008,-0.0445,144.977,0.0143,-0.0065,0.0157,0.566,1.5229,3.4192,0.480,-6.5524,-3.4090,144.498,2.581,-2.0514,202.083,0.7775,0.0125,0.0256,2.0442,2.6739,2.7463,nan,2.9059,2.9360,0.1163,-0.4166,0.9696,0.0255,0.0313,-0.7637,45.5506,0.0282,3.6336,0.1750
48.050,198.497,-5.1074,0.0327,138.597,-5.1214,0.0791,137.712,0.0412,-0.0255,0.0485,-0.885,1.5627,3.3585,-0.166,-6.6746,-3.2988,137.878,2.713,-1.7853,202.239,0.7804,0.0151,0.0217,1.4305,2.7947,2.8455,nan,2.9809,3.0076,0.1191,-0.3443,1.0508,0.0018,0.0747,-0.6907,45.7504,0.0248,3.7592,0.1750
48.100,198.654,-5.2195,0.1418,132.809,-5.2273,0.1929,132.720,0.0428,-0.0290,0.0517,-0.088,1.5627,3.3585,-0.166,-6.7808,-3.1853,132.886,2.787,-1.5326,202.402,0.7737,0.0218,0.0221,1.0134,2.7890,2.8106,nan,3.1537,3.2313,0.1280,-0.3225,1.0825,-0.0060,0.0634,-0.6226,45.8503,0.0305,1.3096,0.1750
48.150,198.654,-5.2195,0.1418,132.809,-5.2218,0.1930,132.423,0.0391,-0.0331,0.0512,-0.385,1.5846,3.3234,-0.463,-6.7808,-3.1853,132.886,2.787,-1.5326,202.402,0.7737,0.0218,0.0202,0.9249,2.8837,2.9274,nan,3.3490,3.4466,0.1365,-0.2846,1.1856,-0.0063,0.1017,-0.5042,46.0501,0.0383,2.3692,0.1750
48.200,198.807,-5.3188,0.2580,128.100,-5.3173,0.3266,127.813,0.0530,-0.0435,0.0686,-0.287,1.5719,3.3683,-0.069,-6.8855,-3.0501,127.882,2.872,-1.4735,202.561,0.7750,0.0284,0.0241,0.8491,2.8172,2.8302,nan,3.3490,3.4571,0.1369,-0.2562,1.2091,-0.0057,0.0863,-0.4202,46.1500,0.0440,3.8438,0.1750
48.250,198.972,-5.4158,0.3922,123.367,-5.3967,0.4505,123.494,0.0382,-0.0480,0.0614,0.127,1.5710,3.3745,-0.013,-6.9671,-2.9256,123.507,3.035,-1.3795,202.737,0.7618,0.0377,0.0190,0.5046,3.0835,3.2478,nan,3.6119,3.7732,0.1494,-0.2221,1.4181,0.0042,0.0881,-0.2923,46.3498,0.0333,4.3643,0.1750
48.300,199.141,-5.5036,0.5364,119.073,-5.4996,0.6285,118.610,0.0785,-0.0482,0.0921,-0.462,1.5841,3.3354,-0.328,-7.0681,-2.7474,118.938,3.200,-1.3145,202.917,0.7685,0.0188,0.0032,0.1700,3.1666,3.2098,nan,3.7614,3.9096,0.1548,-0.1977,1.4563,0.0167,0.0516,-0.2824,46.4497,0.0459,2.6071,0.1750
48.350,199.323,-5.5866,0.6987,114.941,-5.5771,0.8110,114.018,0.0979,-0.0560,0.1127,-0.923,1.5986,3.3056,-0.683,-7.1455,-2.5800,114.702,3.316,-1.1786,203.107,0.7621,0.0216,0.0114,0.5276,3.1815,3.2098,nan,3.8273,3.9450,0.1562,-0.1707,1.4632,0.0197,0.0403,-0.2822,46.6495,0.0595,2.6071,0.1750
48.400,199.512,-5.6608,0.8717,111.256,-5.6491,0.9998,110.925,0.1151,-0.0573,0.1286,-0.331,1.5761,3.3678,-0.326,-7.2116,-2.4091,111.251,3.514,-1.0195,203.308,0.7545,0.0241,0.0074,0.3047,3.2411,3.2790,nan,4.0054,4.0731,0.1613,-0.1463,1.4906,0.0191,0.0440,-0.2854,46.8493,0.0872,4.9281,0.1750
48.450,199.714,-5.7295,1.0624,108.188,-5.7185,1.2081,107.883,0.1350,-0.0559,0.1461,-0.305,1.5715,3.3774,-0.249,-7.2806,-2.2010,108.132,3.703,-0.8735,203.522,0.7522,0.0259,0.0079,0.3038,3.5075,3.6849,nan,4.3732,4.4380,0.1758,-0.1322,1.6214,0.0367,0.0654,-0.2833,47.0490,0.1032,4.9318,0.1750
48.500,199.923,-5.7901,1.2616,105.493,-5.7815,1.4342,105.176,0.1640,-0.0543,0.1728,-0.318,1.5709,3.3777,-0.154,-7.3472,-1.9632,105.329,3.863,-0.8188,203.741,0.7538,0.0257,0.0105,0.4087,3.7889,4.0153,nan,4.5432,4.7566,0.1884,-0.1106,1.9205,0.0574,0.0945,-0.1271,47.3487,0.0650,3.7945,0.1750
48.550,200.147,-5.8454,1.4786,102.879,-5.8301,1.6288,102.640,0.1430,-0.0483,0.1510,-0.239,1.5696,3.3604,-0.276,-7.3914,-1.7672,102.916,4.118,-0.7539,203.983,0.7448,0.0221,0.0015,0.0656,3.8070,3.8413,nan,4.6251,4.8245,0.1911,-0.0972,1.9550,0.0677,0.0722,-0.0994,47.4486,0.0759,5.8814,0.1750
48.600,200.381,-5.8933,1.7079,100.574,-5.8803,1.8985,100.216,0.1850,-0.0478,0.1911,-0.357,1.5696,3.3604,-0.276,-7.4428,-1.4977,100.492,4.372,-0.6859,204.236,0.7447,0.0219,0.0046,0.2103,4.0985,4.4053,nan,4.9348,5.1414,0.2036,-0.0845,2.0887,0.0877,0.0568,-0.0384,47.7483,0.0795,6.0524,0.1750
48.650,200.381,-5.8933,1.7079,100.574,-5.8769,1.8802,100.397,0.1663,-0.0477,0.1731,-0.177,1.5684,3.3655,-0.095,-7.4428,-1.4977,100.492,4.372,-0.6859,204.236,0.7447,0.0219,0.0036,0.1663,4.3636,4.5883,nan,5.0802,5.3289,0.2110,-0.0764,2.2217,0.0956,0.0343,-0.0171,47.9481,0.0616,4.0962,0.1750
48.700,200.635,-5.9357,1.9589,98.392,-5.9169,2.1344,98.309,0.1709,-0.0442,0.1765,-0.083,1.5666,3.3600,-0.058,-7.4823,-1.2332,98.367,4.556,-0.6242,204.505,0.7410,0.0177,0.0063,0.3563,4.6034,4.7999,nan,5.2879,5.5533,0.2199,-0.0724,2.2626,0.1002,0.0138,-0.0319,48.2477,0.0582,5.3130,0.1750
48.750,200.888,-5.9689,2.2093,96.497,-5.9528,2.4289,96.293,0.2164,-0.0408,0.2202,-0.204,1.5623,3.3708,-0.018,-7.5148,-0.9443,96.312,4.779,-0.5855,204.775,0.7397,0.0164,0.0103,0.6277,4.6198,4.6682,nan,5.4848,5.7023,0.2258,-0.0702,2.2532,0.0977,-0.0041,-0.0423,48.4475,0.0846,4.6470,0.1750
48.800,201.162,-5.9960,2.4817,94.655,-5.9748,2.6616,95.020,0.1776,-0.0358,0.1811,0.366,1.5554,3.4073,0.281,-7.5337,-0.7087,94.739,4.979,-0.5687,205.066,0.7321,0.0233,0.0082,0.3508,4.8805,5.5534,nan,5.6106,5.8747,0.2327,-0.0697,2.2863,0.0982,-0.0226,-0.0503,48.6473,0.0660,4.6439,0.1750
48.850,201.416,-6.0135,2.7350,93.027,-6.0033,2.9979,92.891,0.2620,-0.0241,0.2631,-0.136,1.5496,3.3642,-0.096,-7.5522,-0.3788,92.987,5.160,-0.5730,205.336,0.7338,0.0241,0.0102,0.4226,5.0976,5.3027,nan,5.7920,6.0704,0.2404,-0.0794,2.2568,0.0959,-0.0232,-0.0697,49.0469,0.0621,2.6749,0.1750
48.900,201.699,-6.0247,3.0185,91.259,-6.0124,3.2653,91.193,0.2465,-0.0178,0.2472,-0.066,1.5460,3.3630,-0.047,-7.5583,-0.1039,91.240,5.336,-0.5792,205.637,0.7282,0.0200,0.0113,0.5626,5.1999,5.3027,nan,6.0027,6.2552,0.2477,-0.0788,2.2372,0.0885,-0.0338,-0.0944,49.3465,0.0769,2.6749,0.1750
48.950,202.020,-6.0270,3.3392,89.261,-6.0178,3.5878,89.198,0.2487,-0.0060,0.2488,-0.064,1.5373,3.3429,-0.184,-7.5559,0.2206,89.382,5.522,-0.6648,205.976,0.7237,0.0105,0.0152,1.4580,5.3672,5.5299,nan,6.1257,6.3967,0.2533,-0.0860,2.2288,0.0779,-0.0411,-0.1150,49.5463,0.0715,3.9667,0.1750
49.000,202.311,-6.0189,3.6304,87.219,-6.0075,3.9212,87.555,0.2910,0.0027,0.2910,0.337,1.5356,3.3968,0.342,-7.5398,0.5694,87.213,5.673,-0.7243,206.284,0.7212,0.0059,0.0239,4.0622,5.6262,6.0022,nan,5.9287,6.2357,0.2470,-0.0921,2.2070,0.0663,-0.0374,-0.1145,49.9459,0.0192,3.6124,0.1750
49.050,202.642,-5.9968,3.9599,84.683,-5.9927,4.1814,85.648,0.2209,0.0165,0.2215,0.964,1.5308,3.4042,0.770,-7.5124,0.8782,84.877,5.883,-0.8200,206.637,0.7134,0.0032,0.0256,8.0224,5.6643,5.7493,nan,5.7366,6.0614,0.2401,-0.1012,2.1737,0.0578,-0.0450,-0.1123,50.1457,-0.0070,4.4339,0.1750
49.100,202.961,-5.9613,4.2773,82.074,-5.9412,4.5331,81.816,0.2561,0.0154,0.2566,-0.259,1.5151,3.2478,-0.228,-7.4614,1.2556,82.044,5.939,-0.8922,206.966,0.7071,0.0173,0.0195,1.1225,5.9079,6.2632,nan,5.5507,5.3777,0.2130,-0.1088,2.1398,0.0441,-0.0508,-0.1321,50.4454,0.0254,1.4084,0.1750
49.150,203.292,-5.9086,4.6045,79.098,-5.8836,4.8245,79.059,0.2207,0.0170,0.2214,-0.038,1.5151,3.2478,-0.228,-7.4049,1.5472,79.288,5.882,-0.9494,207.297,0.6973,0.0088,0.0223,2.5297,5.8247,5.8631,nan,5.3656,5.2167,0.2066,-0.0948,2.0928,0.0029,-0.0689,-0.1777,50.7450,0.0110,-0.9082,0.1750
49.200,203.573,-5.8502,4.8792,76.382,-5.8080,5.0953,75.957,0.2199,0.0098,0.2202,-0.426,1.5078,3.1878,-0.402,-7.3289,1.8561,76.359,5.609,-0.8576,207.558,0.6859,0.0090,0.0251,2.7846,5.9368,6.0816,nan,5.1826,5.2129,0.2065,-0.0895,2.0507,-0.0356,-0.0688,-0.1957,51.0447,-0.0204,-7.0301,0.1750
49.250,203.573,-5.8502,4.8792,76.382,-5.8131,5.0711,75.676,0.1953,0.0091,0.1955,-0.707,1.4932,3.1278,-0.683,-7.3289,1.8561,76.359,5.609,-0.8576,207.558,0.6859,0.0090,0.0195,2.1617,5.5248,5.1950,nan,5.1203,4.9898,0.1976,-0.0792,1.9529,-0.0638,-0.0731,-0.2048,51.2445,0.0142,-5.7206,0.1750
49.300,203.885,-5.7709,5.1809,73.748,-5.7488,5.2684,73.240,0.0902,0.0032,0.0903,-0.508,1.4939,3.1267,-0.420,-7.2581,2.0886,73.660,5.364,-0.7452,207.853,0.6841,0.0016,0.0091,5.6000,5.3438,5.3395,nan,4.9916,4.8592,0.1924,-0.0916,1.9529,-0.0867,-0.0586,-0.2151,51.4443,0.0210,-3.3843,0.1750
49.350,204.166,-5.6881,5.4488,71.525,-5.6537,5.5282,71.130,0.0862,-0.0075,0.0865,-0.395,1.4970,3.1204,-0.282,-7.1625,2.3725,71.412,5.223,-0.6587,208.125,0.6731,0.0012,0.0145,12.0720,5.0475,4.9704,nan,4.9235,4.7470,0.1880,-0.0973,1.8277,-0.1081,-0.0407,-0.2270,51.6441,0.0589,-3.9768,0.1750
49.400,204.453,-5.5930,5.7200,69.504,-5.5674,5.7293,69.301,0.0176,-0.0207,0.0272,-0.204,1.4984,3.1021,-0.154,-7.0729,2.6082,69.455,5.051,-0.6869,208.401,0.6752,0.0034,0.0148,4.3836,5.0070,5.0472,nan,4.6962,4.5659,0.1808,-0.1107,1.8277,-0.1287,-0.0263,-0.2372,51.8438,0.0272,-3.9569,0.1750
49.450,204.726,-5.4932,5.9742,67.258,-5.4635,5.9690,66.687,0.0067,-0.0294,0.0301,-0.571,1.4685,3.0220,-0.545,-6.9598,2.8808,67.232,4.891,-0.7249,208.664,0.6635,0.0120,0.0221,1.8459,4.9982,5.0472,nan,4.5495,4.4420,0.1759,-0.1448,1.8277,-0.1313,0.0123,-0.2486,52.1435,0.0064,-3.9569,0.1750
49.500,204.996,-5.3846,6.2212,64.918,-5.3786,6.1706,64.970,-0.0433,-0.0269,0.0509,0.052,1.4848,3.0875,-0.013,-6.8641,3.0815,64.983,4.752,-0.7816,208.926,0.6735,0.0077,0.0235,3.0542,4.6721,4.5720,nan,4.3985,4.2432,0.1680,-0.1383,1.8064,-0.1488,-0.0081,-0.2504,52.2434,0.0427,-3.2523,0.1750
49.550,205.253,-5.2714,6.4517,62.366,-5.2599,6.4193,62.511,-0.0233,-0.0252,0.0344,0.144,1.4812,3.1002,0.038,-6.7389,3.3235,62.473,4.587,-0.8677,209.173,0.6618,0.0048,0.0179,3.7580,4.7201,4.7809,nan,4.2501,4.1342,0.1637,-0.1776,1.6586,-0.1356,0.0331,-0.2658,52.5431,0.0080,-3.8589,0.1750
49.600,205.502,-5.1508,6.6700,59.307,-5.1496,6.6216,60.041,-0.0410,-0.0257,0.0484,0.734,1.4991,3.1395,0.403,-6.6241,3.5288,59.637,4.344,-1.0159,209.408,0.6672,0.0033,0.0170,5.1169,4.5404,4.5377,nan,4.1147,4.0009,0.1585,-0.2028,1.6586,-0.1233,0.0400,-0.2927,52.7429,0.0130,-5.9039,0.1750
49.650,205.740,-5.0238,6.8711,55.568,-5.0199,6.8186,56.578,-0.0411,-0.0330,0.0527,1.011,1.5126,3.1674,0.627,-6.4921,3.7225,55.951,4.162,-1.2233,209.637,0.6621,0.0195,0.0312,1.5988,4.3149,4.2949,nan,3.9259,3.8010,0.1505,-0.2152,1.6586,-0.1249,0.0423,-0.3107,52.9426,0.0194,-4.5344,0.1750
49.700,205.964,-4.8916,7.0518,51.507,-4.8961,6.9743,52.383,-0.0635,-0.0447,0.0776,0.877,1.5126,3.1674,0.627,-6.3667,3.8769,51.756,3.992,-1.3113,209.853,0.6690,0.0201,0.0505,2.5181,4.0324,3.9852,nan,3.7782,3.6513,0.1446,-0.2000,1.5591,-0.1314,0.0341,-0.3447,53.1424,0.0345,-4.4119,0.1750
49.750,206.155,-4.7684,7.1983,47.841,-4.7851,7.1204,49.951,-0.0690,-0.0399,0.0797,2.110,1.5921,3.3300,2.061,-6.2368,4.0173,47.890,3.836,-1.2180,210.038,0.6625,0.0222,0.0396,1.7821,3.9554,3.9760,nan,3.6831,3.5372,0.1401,-0.2248,1.5293,-0.1221,0.0503,-0.3307,53.3422,0.0376,-4.6404,0.1750
49.800,206.336,-4.6440,7.3289,44.612,-4.6495,7.2770,46.763,-0.0403,-0.0331,0.0522,2.151,1.6236,3.3918,2.423,-6.1032,4.1468,44.341,3.692,-1.1736,210.212,0.6533,0.0253,0.0323,1.2770,3.8294,3.8404,nan,3.3456,3.2199,0.1275,-0.2429,1.4806,-0.1170,0.0627,-0.3451,53.5420,0.0054,-4.1143,0.1750
49.850,206.513,-4.5146,7.4498,41.075,-4.5222,7.4089,43.698,-0.0326,-0.0259,0.0416,2.624,1.6405,3.4217,2.470,-5.9851,4.2491,41.228,3.551,-1.2537,210.383,0.6656,0.0290,0.0318,1.0978,3.5309,3.4712,nan,3.3315,3.1966,0.1266,-0.2692,1.3652,-0.1005,0.0542,-0.3998,53.6419,0.0407,-4.1100,0.1750
49.900,206.704,-4.3666,7.5705,36.926,-4.3839,7.5240,39.701,-0.0417,-0.0267,0.0496,2.776,1.6405,3.4217,2.470,-5.8420,4.3582,37.231,3.302,-1.3434,210.563,0.6713,0.0298,0.0353,1.1852,3.4081,3.4161,nan,3.3174,2.8419,0.1126,-0.2887,1.3177,-0.0835,0.0760,-0.4945,53.8417,0.0686,-4.0150,0.1750
49.950,206.704,-4.3666,7.5705,36.926,-4.3749,7.5369,39.307,-0.0268,-0.0219,0.0346,2.381,1.6211,3.3932,2.075,-5.8420,4.3582,37.231,3.302,-1.3434,210.563,0.6713,0.0298,0.0308,1.0329,3.3537,3.3729,nan,3.4770,3.4746,0.1376,-0.2900,1.2967,-0.0732,0.0724,-0.1189,0.0000,0.0302,-3.9062,0.1750
50.000,206.881,-4.2209,7.6724,32.636,-4.2094,7.6565,34.565,0.0011,-0.0196,0.0196,1.929,1.6296,3.4058,2.106,-5.6788,4.4624,32.459,3.162,-1.3776,210.736,0.6537,0.0316,0.0265,0.8386,3.0582,2.9939,nan,3.6386,3.3166,0.1314,-0.2833,1.1824,-0.0690,0.0446,-0.6307,0.0999,0.0646,-6.7530,0.1750
50.050,207.051,-4.0753,7.7584,28.261,-4.0866,7.7369,30.825,-0.0201,-0.0136,0.0243,2.564,1.6642,3.4668,2.631,-5.5487,4.5296,28.195,2.951,-1.3599,210.898,0.6708,0.0336,0.0269,0.8027,2.8895,2.8817,nan,3.6962,3.7459,0.1484,-0.2909,1.1806,-0.0554,0.0858,-0.4906,0.2997,0.0949,5.2082,0.1750
50.100,207.223,-3.9206,7.8345,23.775,-3.9399,7.8132,26.625,-0.0263,-0.0117,0.0288,2.850,1.6695,3.4658,2.505,-5.4141,4.5884,24.121,3.165,-1.4009,211.085,0.6928,0.0392,0.0424,1.0801,3.1985,3.5304,nan,3.6806,3.8068,0.1508,-0.2761,1.3068,-0.0445,0.0584,-0.4205,0.3996,0.0355,0.3592,0.1750
50.150,207.398,-3.7581,7.8992,19.343,-3.6970,7.9204,20.231,0.0647,-0.0003,0.0647,0.888,1.5975,3.3681,1.421,-5.1799,4.6822,18.810,3.207,-1.4665,211.265,0.6183,0.0385,0.0191,0.4968,3.4161,3.5304,nan,3.8214,3.8110,0.1509,-0.3117,1.3957,-0.0097,0.1065,-0.4727,0.6992,0.0647,0.3592,0.1750
50.200,207.604,-3.5605,7.9592,13.936,-3.5606,7.9541,15.340,-0.0013,-0.0049,0.0051,1.404,1.5675,3.3287,0.982,-5.0481,4.7126,14.359,3.428,-1.5971,211.489,0.6870,0.0381,0.0240,0.6293,3.0591,2.9167,nan,3.8818,3.4062,0.1349,-0.2770,1.2499,-0.0189,0.0669,-0.5167,0.7991,0.0868,4.5090,0.1750
50.250,207.796,-3.3724,7.9976,8.603,-3.3039,8.0013,9.173,0.0683,-0.0066,0.0686,0.570,1.4985,3.2462,0.013,-4.8013,4.7562,9.160,3.543,-1.7206,211.693,0.6281,0.0400,0.0122,0.3042,3.3587,3.7988,nan,4.0408,4.1141,0.1629,-0.2618,1.4648,-0.0071,0.0839,-0.3872,1.0988,0.0756,2.3837,0.1750
50.300,207.796,-3.3724,7.9976,8.603,-3.3039,8.0013,9.173,0.0683,-0.0066,0.0686,0.570,1.4985,3.2462,0.013,-4.8013,4.7562,9.160,3.543,-1.7206,211.693,0.6281,0.0400,0.0122,0.3042,3.6481,3.8965,nan,4.2015,4.2637,0.1689,-0.2220,1.5910,-0.0116,0.0414,-0.3897,1.2986,0.0632,1.0966,0.1750
50.350,208.129,-3.0411,8.0245,0.336,-2.9141,8.0111,-1.533,0.1269,-0.0141,0.1277,-1.869,1.4579,3.1993,-0.520,-4.4154,4.7720,-1.014,3.388,-1.4316,212.022,0.5758,0.0391,0.0314,0.8039,3.8137,3.8965,nan,4.2985,4.3979,0.1742,-0.2021,1.7033,-0.0041,0.0281,-0.3454,1.4984,0.0465,1.0966,0.1750
50.400,208.327,-2.8429,8.0184,-4.334,-2.7680,7.9854,-4.937,0.0772,-0.0273,0.0819,-0.603,1.4487,3.1867,-0.758,-4.2798,4.7425,-4.179,3.676,-1.3183,212.245,0.6415,0.0349,0.0386,1.1064,3.4748,3.3728,nan,4.3480,4.2676,0.1690,-0.1863,1.5593,-0.0314,0.0194,-0.3329,1.5983,0.0983,5.9886,0.1750
50.450,208.554,-2.6176,7.9938,-8.424,-2.4955,7.9440,-9.512,0.1281,-0.0314,0.1319,-1.088,1.4487,3.1867,-0.758,-4.0067,4.7047,-8.754,3.964,-1.1521,212.495,0.5973,0.0331,0.0326,0.9839,3.7701,4.0599,nan,4.4940,4.5096,0.1786,-0.1935,1.7091,-0.0207,0.0502,-0.3183,1.8979,0.0916,6.0063,0.1750
50.500,208.554,-2.6176,7.9938,-8.424,-2.5088,7.9516,-8.918,0.1138,-0.0258,0.1167,-0.494,1.4845,3.2355,-0.164,-4.0067,4.7047,-8.754,3.964,-1.1521,212.495,0.5973,0.0331,0.0264,0.7986,4.0456,4.2651,nan,4.6305,4.7104,0.1866,-0.2100,1.8563,-0.0042,0.0762,-0.2965,2.0977,0.0645,2.2846,0.1750
50.550,208.762,-2.4120,7.9577,-11.887,-2.2803,7.9008,-12.405,0.1406,-0.0286,0.1434,-0.517,1.4552,3.2181,-0.428,-3.7704,4.6546,-11.977,4.064,-1.2092,212.712,0.5708,0.0327,0.0252,0.7695,4.0217,4.0509,nan,4.7174,4.7667,0.1888,-0.1993,1.8571,-0.0021,0.0689,-0.2852,2.2975,0.0845,3.5948,0.1750
50.600,209.003,-2.1779,7.9005,-16.032,-2.0699,7.8407,-16.076,0.1203,-0.0277,0.1234,-0.044,1.4675,3.2225,-0.344,-3.5651,4.5968,-15.732,4.232,-1.3167,212.968,0.5988,0.0336,0.0264,0.7859,4.3085,4.6186,nan,4.7993,4.9049,0.1943,-0.1930,2.0018,0.0089,0.0521,-0.2743,2.4973,0.0495,3.2712,0.1750
50.650,209.236,-1.9563,7.8288,-20.364,-1.8227,7.7470,-21.172,0.1537,-0.0302,0.1566,-0.809,1.3948,3.1883,-1.011,-3.2974,4.5013,-20.162,4.385,-1.3815,213.216,0.5609,0.0405,0.0369,0.9105,4.4473,4.5370,nan,4.8974,5.0135,0.1986,-0.1781,2.0752,0.0124,0.0576,-0.2586,2.7970,0.0438,2.5988,0.1750
50.700,209.490,-1.7218,7.7324,-24.844,-1.5695,7.6291,-26.203,0.1816,-0.0297,0.1840,-1.359,1.4074,3.2040,-0.825,-3.0403,4.3818,-25.378,4.505,-1.3582,213.482,0.5471,0.0338,0.0384,1.1357,4.4855,4.5370,nan,4.9411,5.0490,0.2000,-0.1569,2.0931,0.0093,0.0279,-0.2527,2.9968,0.0461,2.5988,0.1750
50.750,209.768,-1.4735,7.6061,-29.611,-1.3952,7.5383,-29.926,0.1016,-0.0203,0.1036,-0.315,1.4044,3.2271,-0.732,-2.8546,4.2750,-29.193,4.627,-1.2301,213.774,0.6002,0.0384,0.0383,0.9966,4.2348,4.2037,nan,4.9697,4.9509,0.1961,-0.1467,1.9761,0.0076,0.0243,-0.2543,3.1965,0.0910,2.4540,0.1750
50.800,210.032,-1.2485,7.4696,-33.289,-1.1108,7.3555,-33.639,0.1777,-0.0198,0.1788,-0.350,1.4435,3.2636,-0.130,-2.5636,4.0861,-33.509,4.750,-1.0946,214.049,0.5564,0.0357,0.0351,0.9846,4.4440,5.2298,nan,5.0732,5.0087,0.1984,-0.1512,2.0806,0.0225,0.0423,-0.2608,3.4962,0.0813,3.2954,0.1750
50.850,210.294,-1.0334,7.3202,-36.716,-0.9192,7.2213,-36.997,0.1507,-0.0110,0.1511,-0.281,1.4185,3.2877,-0.192,-2.3509,3.9257,-36.804,4.775,-1.1084,214.316,0.5631,0.0332,0.0307,0.9236,4.7121,4.9892,nan,5.2536,5.3051,0.2101,-0.1586,2.2140,0.0375,0.0584,-0.2410,3.6960,0.0664,0.4706,0.1750
50.900,210.562,-0.8228,7.1539,-40.337,-0.7289,7.0581,-40.414,0.1336,-0.0123,0.1341,-0.077,1.4185,3.2877,-0.192,-2.1601,3.7631,-40.222,4.822,-1.1779,214.591,0.5797,0.0345,0.0307,0.8901,4.7185,4.7662,nan,5.3689,5.4256,0.2149,-0.1498,2.2170,0.0461,0.0491,-0.2220,3.8958,0.0775,0.6034,0.1750
50.950,210.797,-0.6476,6.9977,-43.640,-0.5622,6.8946,-44.094,0.1330,-0.0157,0.1339,-0.454,1.3865,3.3192,-0.161,-1.9587,3.5699,-43.933,4.952,-1.1758,214.840,0.5723,0.0523,0.0567,1.0843,4.8746,4.9973,nan,5.4721,5.5835,0.2211,-0.1367,2.2211,0.0450,0.0280,-0.1996,4.0956,0.0637,3.0846,0.1750
51.000,210.797,-0.6476,6.9977,-43.640,-0.5760,6.9083,-44.097,0.1135,-0.0153,0.1146,-0.457,1.3725,3.3328,-0.164,-1.9587,3.5699,-43.933,4.952,-1.1758,214.840,0.5723,0.0344,0.0343,0.9954,4.6924,4.6885,nan,5.4251,5.5375,0.2193,-0.1234,2.2047,0.0417,0.0111,-0.1681,4.2954,0.0787,3.1747,0.1750
51.050,211.109,-0.4287,6.7752,-47.794,-0.3801,6.7148,-48.085,0.0774,-0.0045,0.0775,-0.292,1.3752,3.3242,-0.435,-1.7810,3.3772,-47.650,5.104,-1.1235,215.168,0.5963,0.0366,0.0322,0.8794,4.9738,5.5187,nan,5.2652,5.5700,0.2206,-0.1194,2.2211,0.0496,-0.0094,-0.1279,4.5950,0.0100,3.1425,0.1750
51.100,211.404,-0.2364,6.5512,-51.378,-0.1568,6.4213,-52.700,0.1512,-0.0189,0.1523,-1.322,1.3282,3.3060,-1.115,-1.5454,3.0858,-51.585,5.238,-1.0285,215.478,0.5891,0.0309,0.0344,1.1143,5.1351,5.2770,nan,5.2394,5.2691,0.2087,-0.1142,2.2211,0.0494,-0.0117,-0.1931,4.8947,0.0261,1.2565,0.1750
51.150,211.694,-0.0610,6.3206,-54.541,-0.0102,6.2088,-55.750,0.1205,-0.0235,0.1228,-1.209,1.3206,3.3214,-1.140,-1.3880,2.8603,-54.610,5.292,-0.9866,215.776,0.6019,0.0284,0.0382,1.3448,5.1961,5.2770,nan,5.3679,5.3828,0.2132,-0.0971,2.2211,0.0240,-0.0068,-0.2310,5.1944,0.0359,1.2565,0.1750
51.200,212.029,0.1260,6.0423,-58.064,0.1571,5.9239,-59.722,0.1169,-0.0362,0.1224,-1.658,1.2830,3.3120,-1.787,-1.2068,2.5756,-57.936,5.340,-0.8407,216.119,0.6102,0.0205,0.0474,2.3155,5.3324,5.4653,nan,5.5419,5.4391,0.2154,-0.0916,2.2211,0.0201,-0.0044,-0.2546,5.3942,0.0200,1.1084,0.1750
51.250,212.326,0.2784,5.7869,-60.639,0.2983,5.6518,-62.497,0.1275,-0.0489,0.1365,-1.858,1.2739,3.3360,-1.766,-1.0465,2.2846,-60.731,5.289,-0.7677,216.416,0.6223,0.0133,0.0485,3.6452,5.5219,5.7212,nan,5.7265,6.0042,0.2378,-0.0826,2.3287,0.0072,0.0292,-0.1600,5.7937,0.0087,-1.2179,0.1750
51.300,212.612,0.4140,5.5358,-62.961,0.4028,5.4157,-65.409,0.1019,-0.0646,0.1206,-2.448,1.2422,3.3375,-2.372,-0.9247,2.0416,-63.036,5.301,-0.7117,216.706,0.6295,0.0200,0.0759,3.7899,5.3559,5.3585,nan,5.8309,6.1082,0.2419,-0.0774,2.3287,0.0061,0.0233,-0.1125,5.9935,0.0378,-0.2513,0.1750
51.350,212.916,0.5476,5.2627,-65.193,0.5154,5.1428,-67.595,0.0953,-0.0796,0.1242,-2.402,1.2422,3.3375,-2.372,-0.8009,1.7736,-65.223,5.535,-0.6744,217.033,0.6352,0.0135,0.0803,5.9340,5.3030,5.3441,nan,5.9512,6.2473,0.2474,-0.0673,2.3287,-0.0048,-0.0041,-0.0361,6.1933,0.0571,5.2513,0.1750
51.400,212.916,0.5476,5.2627,-65.193,0.5160,5.1672,-67.062,0.0734,-0.0688,0.1006,-1.869,1.2596,3.3688,-1.839,-0.8009,1.7736,-65.223,5.535,-0.6744,217.033,0.6352,0.0135,0.0717,5.2983,5.5575,5.9044,nan,6.0133,6.3577,0.2518,-0.0745,2.3287,0.0021,-0.0094,-0.1005,6.4930,0.0348,3.9503,0.1750
51.450,213.225,0.6730,4.9796,-67.295,0.6445,4.8486,-70.038,0.1098,-0.0769,0.1341,-2.743,1.2366,3.3784,-2.683,-0.6603,1.4409,-67.355,5.708,-0.6166,217.361,0.6500,0.0080,0.0765,9.5682,5.7065,5.8716,nan,6.0597,6.3136,0.2500,-0.0671,2.3287,-0.0000,-0.0173,-0.1305,6.7926,0.0285,3.4337,0.1750
51.500,213.544,0.7918,4.6842,-69.189,0.7601,4.5378,-71.604,0.1256,-0.0816,0.1498,-2.416,1.2538,3.3746,-2.358,-0.5411,1.1419,-69.246,5.856,-0.6548,217.696,0.6517,0.0056,0.0614,10.9730,5.8795,6.0849,nan,6.2061,6.3580,0.2518,-0.0714,2.3287,0.0089,-0.0012,-0.1642,7.0923,0.0349,2.9542,0.1750
51.550,213.876,0.9047,4.3720,-71.389,0.8809,4.1842,-73.917,0.1704,-0.0824,0.1893,-2.528,1.2649,3.3550,-2.625,-0.4216,0.8107,-71.292,5.985,-0.6438,218.044,0.6578,0.0161,0.0738,4.5715,6.0239,6.2044,nan,6.3755,6.5711,0.2602,-0.0676,2.3877,0.0139,0.0294,-0.1328,7.4919,0.0347,1.2974,0.1750
51.600,214.207,1.0058,4.0570,-73.362,0.9686,3.8376,-75.438,0.1996,-0.0985,0.2226,-2.076,1.2696,3.3729,-1.879,-0.3162,0.4546,-73.559,6.041,-0.6478,218.384,0.6806,0.0111,0.0761,6.8350,6.0885,6.2044,nan,6.5090,6.7583,0.2677,-0.0609,2.4253,0.0240,0.0270,-0.1075,7.7916,0.0389,1.2974,0.1750
51.650,214.546,1.0981,3.7299,-75.493,1.0533,3.5439,-76.566,0.1689,-0.0900,0.1914,-1.074,1.2955,3.3562,-1.247,-0.2462,0.1823,-75.319,6.094,-0.6401,218.734,0.6640,0.0087,0.0526,6.0743,5.8428,5.7975,nan,6.5950,6.7775,0.2684,-0.0617,2.4488,0.0328,0.0307,-0.0922,7.9914,0.0765,1.1013,0.1750
51.700,214.887,1.1789,3.3989,-77.356,1.1381,3.1085,-79.890,0.2744,-0.1034,0.2933,-2.534,1.2982,3.3424,-2.263,-0.1507,-0.2401,-77.628,6.277,-0.5976,219.096,0.7106,0.0081,0.0624,7.6787,6.1099,6.6654,nan,6.7565,7.0249,0.2782,-0.0660,2.4915,0.0715,0.0442,-0.0607,8.4908,0.0620,3.1377,0.1750
51.750,215.248,1.2530,3.0453,-79.337,1.1948,2.7856,-81.016,0.2444,-0.1052,0.2661,-1.680,1.2977,3.3356,-1.769,-0.0859,-0.5529,-79.247,6.389,-0.6116,219.473,0.6908,0.0121,0.0632,5.2280,6.1495,6.2516,nan,6.8753,7.1101,0.2816,-0.0526,2.4915,0.0718,0.0221,-0.0640,8.7905,0.0718,2.5101,0.1750
51.800,215.611,1.3147,2.6881,-81.437,1.2708,2.3678,-81.981,0.3102,-0.0911,0.3233,-0.544,1.2993,3.3217,-0.718,-0.0165,-0.9542,-81.264,6.548,-0.5805,219.857,0.7140,0.0148,0.0579,3.9201,6.3957,6.8364,nan,7.0690,7.3204,0.2899,-0.0507,2.4983,0.0884,0.0169,-0.0608,9.0901,0.0664,1.4312,0.1750
51.850,215.968,1.3637,2.3340,-83.108,1.3172,1.9844,-83.953,0.3415,-0.0881,0.3526,-0.846,1.2993,3.3217,-0.718,0.0346,-1.3370,-83.236,6.683,-0.5366,220.233,0.7322,0.0230,0.0659,2.8591,6.6192,6.9983,nan,7.2187,7.5088,0.2974,-0.0563,2.5177,0.1229,0.0262,-0.0488,9.4897,0.0585,3.0657,0.1750
51.900,215.968,1.3637,2.3340,-83.108,1.3299,1.9963,-83.587,0.3312,-0.0741,0.3394,-0.480,1.3035,3.3335,-0.351,0.0346,-1.3370,-83.236,6.683,-0.5366,220.233,0.7322,0.0230,0.0583,2.5322,6.7478,6.9567,nan,7.3273,7.6292,0.3021,-0.0576,2.5324,0.1450,0.0274,-0.0398,9.8893,0.0567,3.4273,0.1750
51.950,216.347,1.4046,1.9572,-84.833,1.3685,1.6245,-84.980,0.3281,-0.0659,0.3347,-0.147,1.3012,3.3549,-0.115,0.0709,-1.7303,-84.865,6.840,-0.5736,220.634,0.7471,0.0259,0.0544,2.1006,6.8454,7.0250,nan,7.4672,7.7628,0.3074,-0.0490,2.5405,0.1537,0.0133,-0.0350,10.1890,0.0614,3.3691,0.1750
52.000,216.735,1.4343,1.5706,-86.758,1.3953,1.2873,-87.350,0.2806,-0.0550,0.2860,-0.593,1.3289,3.4017,-0.738,0.0937,-2.1133,-86.612,6.997,-0.6221,221.045,0.7495,0.0255,0.0648,2.5446,7.0934,7.5980,nan,7.6014,7.9356,0.3143,-0.0299,2.5514,0.1541,-0.0200,-0.0285,10.5885,0.0506,3.0092,0.1750
52.050,217.145,1.4515,1.1607,-88.842,1.3967,0.7993,-89.938,0.3602,-0.0621,0.3655,-1.096,1.3225,3.4407,-0.851,0.1134,-2.6400,-89.088,7.144,-0.5617,221.477,0.8340,0.0173,0.0702,4.0528,7.2633,7.5980,nan,7.7290,8.0796,0.3200,-0.0160,2.5578,0.1428,-0.0429,-0.0247,10.8882,0.0470,3.0092,0.1750
52.100,217.593,1.4543,0.7132,-90.767,1.3941,0.5326,-90.773,0.1814,-0.0578,0.1904,-0.006,1.2951,3.4792,-0.133,0.1058,-2.9464,-90.640,7.284,-0.4007,221.948,0.7385,0.0183,0.0625,3.4260,6.8798,6.6285,nan,7.7909,8.0013,0.3169,-0.0011,2.5618,0.1096,-0.0605,-0.0223,11.0880,0.0919,2.8033,0.1750
52.150,217.984,1.4471,0.3220,-91.363,1.3661,0.0181,-93.558,0.3057,-0.0738,0.3145,-2.195,1.3749,3.5145,-1.571,0.0870,-3.4953,-91.987,7.462,-0.1029,222.365,0.8608,0.0097,0.0922,9.4835,7.0472,8.4405,nan,7.9404,8.1525,0.3229,-0.0012,2.5648,0.0983,-0.0514,-0.0202,11.5875,0.0900,3.8542,0.1750
52.200,218.398,1.4367,-0.0912,-91.437,1.3362,-0.3762,-94.109,0.2874,-0.0933,0.3022,-2.672,1.4247,3.5247,-2.419,0.0762,-3.9011,-91.690,7.562,-0.0093,222.796,0.8554,0.0109,0.1063,9.7782,7.2890,7.8693,nan,8.0000,8.2634,0.3273,0.0044,2.5748,0.0694,-0.0483,-0.0146,11.9870,0.0717,2.2116,0.1750
52.250,218.824,1.4257,-0.5180,-91.448,1.3204,-0.7444,-93.403,0.2290,-0.0995,0.2497,-1.955,1.4006,3.5822,-1.936,0.0661,-4.3268,-91.466,7.676,0.0246,223.244,0.8540,0.0155,0.1065,6.8654,7.4542,7.7727,nan,8.0000,8.3047,0.3289,0.0117,2.5795,0.0388,-0.0497,-0.0119,12.3866,0.0560,2.4842,0.1750
52.300,219.195,1.4164,-0.8887,-91.329,1.3207,-1.1272,-92.240,0.2407,-0.0902,0.2570,-0.911,1.3368,3.6275,-0.864,0.0556,-4.7544,-91.376,7.767,0.0493,223.631,0.8988,0.0188,0.0926,4.9325,7.6501,8.0711,nan,8.0000,8.3570,0.3310,0.0055,2.5819,0.0368,-0.0350,-0.0105,12.6863,0.0380,2.3050,0.1750
52.350,219.633,1.4072,-1.3262,-90.900,1.3072,-1.5080,-92.043,0.1834,-0.0971,0.2075,-1.143,1.3368,3.6275,-0.864,0.0479,-5.1354,-91.179,7.854,0.1103,224.087,0.8540,0.0205,0.1083,5.2920,7.5540,7.6125,nan,8.0000,8.0161,0.3175,-0.0107,2.5845,0.0634,-0.0091,-0.0090,12.9859,0.0612,1.5462,0.1750
52.400,220.012,1.4017,-1.7048,-90.703,1.3119,-1.9508,-91.942,0.2470,-0.0868,0.2618,-1.238,1.4018,3.6713,-1.364,0.0440,-5.6226,-90.578,7.908,-0.0213,224.478,0.9386,0.0246,0.1064,4.3170,7.7983,8.5655,nan,8.0000,8.0834,0.3201,-0.0169,2.5851,0.0809,-0.0015,-0.0061,13.4854,0.0366,1.5947,0.1750
52.450,220.012,1.4017,-1.7048,-90.703,1.3177,-1.8208,-93.047,0.1170,-0.0825,0.1432,-2.344,1.5161,3.7986,-2.470,0.0440,-5.6226,-90.578,7.908,-0.0213,224.478,0.9386,0.0246,0.1237,5.0196,7.6529,7.6824,nan,8.0000,8.0433,0.3185,-0.0019,2.5851,0.0667,-0.0276,-0.0049,13.6852,0.0510,-1.4706,0.1750
52.500,220.452,1.3952,-2.1455,-91.098,1.3439,-2.0656,-92.017,-0.0789,-0.0528,0.0949,-0.919,1.4355,3.9198,-1.249,0.0389,-5.9860,-90.768,7.840,-0.1629,224.919,0.8763,0.0220,0.0876,3.9855,7.8495,8.2914,nan,8.0000,8.0975,0.3207,-0.0096,2.5851,0.1022,-0.0235,-0.0029,13.9848,0.0316,-0.5120,0.1750
52.551,220.891,1.3850,-2.5839,-91.724,1.3345,-2.4921,-92.570,-0.0903,-0.0533,0.1048,-0.846,1.4174,3.9873,-0.952,0.0248,-6.4798,-91.619,7.820,-0.1060,225.363,0.9225,0.0158,0.0827,5.2368,7.8395,7.9645,nan,8.0000,8.0948,0.3206,-0.0118,2.5507,0.1054,-0.0231,-0.0044,14.2845,0.0326,-0.4423,0.1750
52.600,221.328,1.3714,-3.0210,-91.839,1.3172,-2.8624,-92.818,-0.1568,-0.0592,0.1676,-0.978,1.4002,4.0493,-0.749,0.0074,-6.9121,-92.068,7.801,-0.0750,225.806,0.9209,0.0117,0.0849,7.2576,7.7682,7.8466,nan,8.0000,8.0751,0.3198,-0.0097,2.5147,0.0961,-0.0241,-0.0082,14.6841,0.0395,0.0746,0.1750
52.650,221.812,1.3546,-3.5046,-92.269,1.3123,-3.3060,-92.524,-0.1968,-0.0502,0.2031,-0.256,1.3751,4.0765,-0.423,-0.0083,-7.3827,-92.102,7.805,-0.1388,226.299,0.9099,0.0146,0.0734,5.0341,7.7396,7.8466,nan,7.9229,8.0086,0.3172,-0.0146,2.4827,0.0998,-0.0168,-0.0045,15.0837,0.0348,0.0746,0.1750
52.700,222.241,1.3364,-3.9336,-92.717,1.2931,-3.7499,-93.034,-0.1814,-0.0519,0.1887,-0.317,1.3671,4.1100,-0.309,-0.0316,-7.8602,-92.725,7.804,-0.1644,226.736,0.9518,0.0162,0.0720,4.4480,7.8407,8.0837,nan,7.5563,7.7580,0.3072,-0.0165,2.4380,0.1051,-0.0237,-0.0018,15.4832,-0.0106,0.0437,0.1750
52.750,222.677,1.3141,-4.3691,-93.301,1.2941,-4.1325,-92.327,-0.2351,-0.0336,0.2375,0.974,1.2170,4.1226,0.911,-0.0541,-8.2553,-93.238,7.767,-0.1913,227.176,0.9195,0.0177,0.0379,2.1445,7.6483,7.6436,nan,7.2730,7.4895,0.2966,-0.0168,2.3806,0.1005,-0.0304,-0.0047,15.7829,-0.0208,-0.7195,0.1750
52.800,223.109,1.2875,-4.8002,-93.942,1.2694,-4.6064,-93.019,-0.1921,-0.0313,0.1946,0.923,1.2170,4.1226,0.911,-0.0863,-8.7288,-93.930,7.657,-0.2011,227.602,0.9568,0.0163,0.0384,2.3537,7.7462,7.9791,nan,6.8832,6.5796,0.2606,-0.0363,2.3395,0.1238,-0.0206,-0.0012,16.1825,-0.0174,-2.1599,0.1750
52.851,223.534,1.2565,-5.2234,-94.603,1.2527,-5.0211,-93.957,-0.2013,-0.0201,0.2023,0.646,1.2724,4.0843,0.613,-0.1171,-9.1047,-94.570,7.486,-0.2877,228.013,0.9190,0.0176,0.0301,1.7054,7.5164,7.4793,nan,6.5026,6.2389,0.2471,-0.0410,2.3006,0.1199,-0.0361,-0.0079,16.5820,-0.0352,-3.2307,0.1750
52.900,223.534,1.2565,-5.2234,-94.603,1.2549,-5.0657,-93.561,-0.1571,-0.0143,0.1578,1.041,1.2117,4.0397,1.008,-0.1171,-9.1047,-94.570,7.486,-0.2877,228.013,0.9190,0.0176,0.0220,1.2501,7.4617,7.5434,nan,6.1394,5.9506,0.2357,-0.0539,2.2778,0.1087,-0.0386,-0.0339,16.9816,-0.0719,-8.6765,0.1750
52.950,223.933,1.2213,-5.6210,-95.858,1.2236,-5.4920,-94.412,-0.1286,-0.0109,0.1290,1.447,1.1903,4.0546,1.152,-0.1587,-9.5454,-95.564,7.052,-0.4338,228.371,0.9571,0.0214,0.0222,1.0420,7.0152,6.1509,nan,6.0508,5.7842,0.2291,-0.0482,2.2573,0.0888,-0.0595,-0.0403,17.1814,-0.0303,-8.9246,0.1750
53.000,224.349,1.1746,-6.0343,-97.407,1.1863,-5.8396,-96.875,-0.1946,-0.0135,0.1950,0.532,1.3056,3.9878,0.460,-0.1983,-9.8262,-97.335,6.614,-0.4908,228.748,0.8500,0.0146,0.0238,1.6269,6.6232,6.3534,nan,5.8020,5.5091,0.2182,-0.0500,2.1926,0.0691,-0.0675,-0.0676,17.4811,-0.0115,-7.9155,0.1750
53.050,224.715,1.1232,-6.3967,-99.155,1.1274,-6.2805,-99.190,-0.1154,-0.0143,0.1163,-0.035,1.4155,3.9153,-0.176,-0.2568,-10.1966,-99.015,6.253,-0.4817,229.085,0.8607,0.0192,0.0274,1.4271,6.3909,6.3534,nan,5.5602,5.3145,0.2105,-0.0539,2.1293,0.0339,-0.0774,-0.0818,17.8806,-0.0166,-7.9155,0.1750
53.100,225.051,1.0666,-6.7279,-100.600,1.0812,-6.5804,-99.772,-0.1477,-0.0128,0.1482,0.828,1.2199,3.9147,0.905,-0.3044,-10.4916,-100.677,5.976,-0.4730,229.399,0.8279,0.0173,0.0139,0.8044,6.0519,5.9022,nan,5.3324,5.1283,0.2031,-0.0571,2.0911,0.0132,-0.0860,-0.1126,18.1803,-0.0082,-6.3783,0.1750
53.150,225.386,1.0014,-7.0562,-102.218,1.0262,-6.8549,-102.360,-0.2020,-0.0184,0.2028,-0.141,1.4366,3.9371,-0.240,-0.3652,-10.7936,-102.119,5.588,-0.4909,229.703,0.8058,0.0216,0.0289,1.3387,5.7750,5.7040,nan,5.1093,4.9318,0.1953,-0.0870,2.0614,0.0057,-0.0640,-0.1376,18.3801,-0.0054,-7.9789,0.1750
53.200,225.674,0.9375,-7.3376,-103.693,0.9498,-7.2100,-104.005,-0.1269,-0.0183,0.1282,-0.312,1.4291,3.8613,-0.230,-0.4349,-11.0732,-103.774,5.317,-0.5517,229.972,0.8085,0.0210,0.0287,1.3678,5.5187,5.4683,nan,5.0363,4.8459,0.1919,-0.0794,2.0123,-0.0294,-0.0681,-0.1539,18.6798,0.0190,-6.6276,0.1750
53.250,225.964,0.8645,-7.6184,-105.896,0.8928,-7.4496,-104.937,-0.1701,-0.0190,0.1711,0.959,1.2992,3.8463,0.455,-0.4961,-11.2924,-105.392,5.063,-0.6343,230.245,0.7571,0.0071,0.0156,2.1857,5.1222,4.8670,nan,4.8839,4.6635,0.1847,-0.0978,2.0123,-0.0373,-0.0639,-0.1744,18.8796,0.0581,-5.8792,0.1750
53.300,226.238,0.7859,-7.8807,-107.855,0.8103,-7.7269,-107.426,-0.1539,-0.0239,0.1557,0.429,1.2992,3.8463,0.455,-0.5808,-11.5690,-107.881,4.890,-0.7002,230.508,0.7713,0.0096,0.0174,1.8109,5.0533,5.0865,nan,4.6418,4.4843,0.1776,-0.1268,2.0123,-0.0396,-0.0407,-0.1942,19.1792,0.0234,-4.0237,0.1750
53.350,226.238,0.7859,-7.8807,-107.855,0.8150,-7.7690,-107.098,-0.1152,-0.0066,0.1154,0.757,1.2376,3.8068,0.783,-0.5808,-11.5690,-107.881,4.890,-0.7002,230.508,0.7713,0.0096,0.0035,0.3656,4.8355,4.8148,nan,4.4972,4.3287,0.1714,-0.1520,1.8627,-0.0322,-0.0105,-0.2095,19.4789,0.0373,-4.3180,0.1750
53.400,226.502,0.7009,-8.1306,-110.165,0.7406,-8.0297,-109.213,-0.1084,0.0025,0.1084,0.952,1.2158,3.7944,0.948,-0.6708,-11.8147,-110.161,4.715,-0.8103,230.762,0.7720,0.0134,0.0008,0.0620,4.5157,4.4275,nan,4.3642,4.1363,0.1638,-0.1664,1.7793,-0.0256,-0.0097,-0.2110,19.6787,0.0786,-4.4845,0.1750
53.450,226.761,0.6066,-8.3715,-113.089,0.6563,-8.2753,-111.906,-0.1080,0.0080,0.1083,1.183,1.2535,3.7460,0.751,-0.7549,-12.0124,-112.657,4.531,-0.9778,231.010,0.7356,0.0221,0.0007,0.0335,4.5727,4.6325,nan,4.1759,4.0615,0.1609,-0.1936,1.6669,-0.0108,-0.0031,-0.2616,19.9784,0.0168,-4.5932,0.1750
53.500,227.005,0.5056,-8.5935,-116.394,0.5400,-8.5564,-116.338,-0.0485,0.0143,0.0506,0.056,1.4230,3.7033,-0.096,-0.8625,-12.2611,-116.242,4.348,-1.0910,231.244,0.7583,0.0031,0.0015,0.4776,4.2529,4.1703,nan,4.0508,3.9148,0.1550,-0.2113,1.5969,-0.0129,-0.0023,-0.2921,20.1781,0.0446,-4.6703,0.1750
53.550,227.243,0.3941,-8.8039,-119.943,0.4437,-8.7249,-119.993,-0.0932,0.0035,0.0933,-0.051,1.4478,3.7074,-0.178,-0.9654,-12.4354,-119.815,4.169,-1.1756,231.474,0.7279,0.0066,0.0036,0.5385,4.1525,4.1703,nan,3.9287,3.8155,0.1511,-0.2013,1.4784,-0.0286,-0.0156,-0.3182,20.3779,0.0345,-4.6703,0.1750
53.600,227.468,0.2759,-8.9960,-123.860,0.3122,-8.9270,-123.607,-0.0775,-0.0083,0.0780,0.254,1.3719,3.7118,0.175,-1.0984,-12.6355,-123.782,4.037,-1.2843,231.694,0.7444,0.0122,0.0012,0.0988,4.1559,4.1920,nan,3.8211,3.7424,0.1482,-0.1864,1.1109,-0.0404,-0.0178,-0.3408,20.5777,0.0109,-3.5754,0.1750
53.650,227.690,0.1466,-9.1761,-128.008,0.1909,-9.0911,-127.381,-0.0943,-0.0174,0.0959,0.627,1.3055,3.7033,0.461,-1.2175,-12.7850,-127.842,3.894,-1.1585,231.909,0.7170,0.0213,0.0034,0.1608,3.8984,3.8675,nan,3.7703,3.6476,0.1445,-0.1557,0.9652,-0.0528,-0.0134,-0.3633,20.7775,0.0471,-3.9572,0.1750
53.700,227.900,0.0129,-9.3378,-131.472,0.0383,-9.2859,-130.733,-0.0557,-0.0154,0.0578,0.739,1.1610,3.7012,1.119,-1.3762,-12.9627,-131.852,3.748,-0.9449,232.112,0.7466,0.0284,0.0123,0.4337,3.9508,3.9938,nan,3.6569,3.5892,0.1421,-0.1931,0.8782,-0.0524,0.0129,-0.3900,20.9773,0.0109,-3.7489,0.1750
53.750,228.110,-0.1298,-9.4919,-134.418,-0.0807,-9.3908,-133.294,-0.1066,-0.0357,0.1124,1.124,1.1620,3.7113,1.088,-1.4913,-13.0762,-134.382,3.628,-0.9921,232.317,0.6998,0.0054,0.0068,1.2514,3.6150,3.5211,nan,3.5843,3.4681,0.1374,-0.2751,0.8782,-0.0375,0.0332,-0.4074,21.0772,0.0545,-2.8947,0.1750
53.800,228.303,-0.2687,-9.6265,-137.746,-0.2491,-9.5531,-136.599,-0.0638,-0.0412,0.0760,1.147,1.1620,3.7113,1.088,-1.6628,-13.2352,-137.687,3.540,-1.1427,232.507,0.7405,0.0095,0.0033,0.3515,3.7396,3.8025,nan,3.4084,3.3771,0.1337,-0.3071,0.8782,-0.0411,0.0648,-0.4359,21.2770,-0.0062,-2.5992,0.1750
53.850,228.303,-0.2687,-9.6265,-137.746,-0.2467,-9.5570,-136.483,-0.0630,-0.0367,0.0729,1.263,1.1376,3.7103,1.204,-1.6628,-13.2352,-137.687,3.540,-1.1427,232.507,0.7405,0.0095,0.0029,0.3058,3.4089,3.3170,nan,3.3036,3.1744,0.1257,-0.3401,0.8782,-0.0356,0.0901,-0.4336,21.4767,0.0492,-3.3010,0.1750
53.900,228.498,-0.4169,-9.7522,-142.322,-0.3685,-9.6536,-140.440,-0.0986,-0.0485,0.1099,1.883,1.2065,3.7025,0.901,-1.7849,-13.3297,-141.341,3.414,-1.5274,232.698,0.7008,0.0183,0.0019,0.1044,3.4581,3.4957,nan,3.0741,2.9633,0.1174,-0.3282,0.8782,-0.0394,0.0659,-0.4278,21.6765,0.0113,-3.0700,0.1750
53.950,228.682,-0.5675,-9.8592,-147.394,-0.5232,-9.7575,-145.381,-0.0921,-0.0618,0.1109,2.014,1.0297,3.7328,1.702,-1.9529,-13.4383,-147.083,3.312,-1.6248,232.881,0.7158,0.0252,0.0072,0.2865,3.3503,3.3606,nan,3.0741,2.9117,0.1153,-0.3448,0.8782,-0.0419,0.0331,-0.4239,21.7764,0.0385,-4.5721,0.1750
54.000,228.866,-0.7262,-9.9511,-152.927,-0.7041,-9.8643,-151.078,-0.0592,-0.0673,0.0896,1.849,1.0467,3.7086,1.539,-2.1148,-13.5210,-152.618,3.138,-1.6123,233.059,0.7130,0.0093,0.0091,0.9843,3.1872,3.1841,nan,3.0482,2.8899,0.1145,-0.3686,0.8782,-0.0369,0.0441,-0.5019,21.9762,0.0530,-5.2384,0.1750
54.050,229.033,-0.8777,-10.0210,-157.860,-0.8631,-9.9478,-156.635,-0.0411,-0.0623,0.0746,1.225,1.0832,3.6826,1.359,-2.2691,-13.5804,-157.994,2.955,-1.5789,233.221,0.7094,0.0116,0.0070,0.6027,3.1623,3.1841,nan,3.1299,3.0151,0.1194,-0.3967,0.8782,-0.0351,0.0101,-0.5908,22.0761,0.0515,-5.2384,0.1750
54.100,229.192,-1.0276,-10.0750,-162.816,-1.0183,-10.0064,-161.186,-0.0292,-0.0628,0.0692,1.630,0.9932,3.6818,1.684,-2.4128,-13.6232,-162.870,2.854,-1.6024,233.378,0.6980,0.0180,0.0126,0.6972,2.9581,2.9401,nan,3.1715,3.1441,0.1245,-0.4163,0.8782,-0.0214,0.0620,-0.6936,22.2759,0.0465,-3.4254,0.1750
54.150,229.350,-1.1805,-10.1151,-168.065,-1.1728,-10.0454,-166.129,-0.0219,-0.0666,0.0701,1.935,0.9569,3.6842,1.817,-2.5639,-13.6552,-167.946,2.813,-1.6917,233.537,0.6919,0.0269,0.0204,0.7581,2.8439,2.8488,nan,3.1988,3.1507,0.1248,-0.4367,0.9298,-0.0093,0.0546,-0.6767,22.3758,0.0683,-2.3793,0.1750
54.200,229.508,-1.3360,-10.1405,-173.915,-1.3257,-10.0716,-171.654,-0.0176,-0.0674,0.0696,2.261,0.9394,3.6862,1.927,-2.7264,-13.6739,-173.581,2.909,-1.9310,233.706,0.6942,0.0361,0.0244,0.6751,2.8357,2.8572,nan,3.2535,3.2944,0.1305,-0.4039,1.1017,-0.0032,0.0916,-0.6159,22.5756,0.0476,1.9500,0.1750
54.250,229.672,-1.5000,-10.1494,179.675,-1.4992,-10.0786,-178.590,-0.0004,-0.0708,0.0708,1.736,1.0767,3.6593,1.329,-2.8939,-13.6744,-179.919,2.967,-1.9087,233.879,0.6927,0.0182,0.0220,1.2051,2.9218,2.9634,nan,3.3860,3.3816,0.1339,-0.3758,1.1351,-0.0001,0.0409,-0.6205,22.6754,0.0671,0.4219,0.1750
54.300,229.816,-1.6444,-10.1425,174.425,-1.6698,-10.0649,175.574,0.0328,-0.0748,0.0817,1.149,1.0946,3.6551,1.246,-3.0621,-13.6566,174.328,3.046,-1.9248,234.032,0.7074,0.0191,0.0270,1.4169,3.1069,3.1909,nan,3.4902,3.5643,0.1412,-0.3471,1.2501,0.0020,0.0427,-0.5345,22.8752,0.0355,2.0465,0.1750
54.350,229.990,-1.8164,-10.1173,168.553,-1.8291,-10.0417,169.826,0.0275,-0.0716,0.0767,1.273,1.0179,3.6675,1.621,-3.2338,-13.6231,168.205,3.162,-1.7540,234.217,0.7030,0.0226,0.0213,0.9431,3.1131,3.1392,nan,3.5433,3.5642,0.1412,-0.3238,1.2584,0.0030,0.0538,-0.5382,23.0750,0.0565,0.6085,0.1750
54.400,229.990,-1.8164,-10.1173,168.553,-1.8291,-10.0417,169.826,0.0275,-0.0716,0.0767,1.273,1.0179,3.6675,1.621,-3.2338,-13.6231,168.205,3.162,-1.7540,234.217,0.7030,0.0226,0.0213,0.9431,3.2255,3.2782,nan,3.6391,3.6775,0.1456,-0.3265,1.3262,0.0098,0.0367,-0.5040,23.1749,0.0500,3.2350,0.1750
54.450,230.168,-1.9891,-10.0743,163.035,-2.0070,-9.9944,164.444,0.0404,-0.0712,0.0818,1.409,1.0721,3.6545,1.411,-3.4143,-13.5690,163.033,3.296,-1.6906,234.407,0.7044,0.0284,0.0242,0.8547,3.3916,3.4687,nan,3.7245,3.8229,0.1514,-0.3123,1.4271,0.0136,0.0458,-0.4577,23.3747,0.0243,1.7862,0.1750
54.500,230.355,-2.1652,-10.0120,157.612,-2.1886,-9.9205,158.247,0.0565,-0.0757,0.0944,0.635,1.2494,3.6148,0.717,-3.6072,-13.4912,157.530,3.373,-1.7130,234.602,0.7121,0.0350,0.0172,0.4894,3.4037,3.4334,nan,3.7562,3.8344,0.1519,-0.2795,1.4322,0.0033,0.0386,-0.4419,23.5745,0.0323,1.7448,0.1750
54.550,230.547,-2.3389,-9.9312,152.042,-2.3448,-9.8337,152.761,0.0509,-0.0833,0.0976,0.719,1.3053,3.6038,0.520,-3.7720,-13.4038,152.241,3.469,-1.7042,234.803,0.7012,0.0406,0.0105,0.2589,3.5954,3.6907,nan,3.8402,3.9340,0.1558,-0.2570,1.5128,-0.0065,0.0333,-0.4278,23.7742,0.0157,2.2512,0.1750
54.600,230.740,-2.5061,-9.8331,146.676,-2.5344,-9.7124,147.082,0.0900,-0.0853,0.1240,0.406,1.3242,3.6012,0.414,-3.9547,-13.2853,146.668,3.574,-1.5966,235.007,0.7063,0.0203,0.0111,0.5440,3.6692,3.7148,nan,3.9628,3.9839,0.1578,-0.2486,1.5439,-0.0013,0.0406,-0.4494,23.9740,0.0433,1.8566,0.1750
54.650,230.939,-2.6677,-9.7174,141.713,-2.7034,-9.5767,141.966,0.1152,-0.0883,0.1452,0.253,1.3073,3.6105,0.481,-4.1212,-13.1530,141.485,3.651,-1.4893,235.214,0.7041,0.0239,0.0110,0.4579,3.6826,3.7148,nan,4.0855,4.1266,0.1634,-0.2371,1.5659,-0.0038,0.0502,-0.4380,24.1738,0.0505,1.8566,0.1750
54.700,231.146,-2.8253,-9.5829,136.985,-2.8517,-9.4380,137.649,0.1182,-0.0879,0.1473,0.664,1.2662,3.6272,0.646,-4.2650,-13.0179,137.002,3.747,-1.4102,235.430,0.6912,0.0277,0.0135,0.4873,3.6219,3.6422,nan,4.1854,4.2264,0.1674,-0.2311,1.5776,-0.0051,0.0284,-0.3921,24.2737,0.0699,2.1269,0.1750
54.750,231.360,-2.9762,-9.4316,132.461,-3.0074,-9.2763,132.925,0.1356,-0.0818,0.1584,0.464,1.2920,3.6088,0.575,-4.4286,-12.8413,132.350,3.876,-1.3994,235.654,0.6933,0.0300,0.0149,0.4967,3.8206,3.9246,nan,4.2862,4.4152,0.1749,-0.2310,1.7040,0.0039,0.0708,-0.3436,24.5734,0.0379,3.1159,0.1750
54.800,231.576,-3.1166,-9.2670,128.016,-3.1513,-9.1094,128.862,0.1455,-0.0697,0.1614,0.847,1.2281,3.6255,0.822,-4.5616,-12.6708,128.040,3.988,-1.4359,235.881,0.6842,0.0196,0.0213,1.0869,3.8757,3.9187,nan,4.3873,4.4683,0.1770,-0.2207,1.7359,0.0068,0.0706,-0.3403,24.7732,0.0545,2.4200,0.1750
54.850,231.804,-3.2501,-9.0827,123.342,-3.2768,-8.9305,124.410,0.1418,-0.0614,0.1545,1.068,1.2377,3.6119,0.809,-4.6912,-12.4775,123.601,4.129,-1.4299,236.122,0.6774,0.0195,0.0206,1.0542,4.0385,4.1230,nan,4.5337,4.6321,0.1834,-0.2183,1.8325,0.0238,0.0666,-0.3166,24.9729,0.0497,3.0976,0.1750
54.900,231.804,-3.2501,-9.0827,123.342,-3.2768,-8.9305,124.410,0.1418,-0.0614,0.1545,1.068,1.2377,3.6119,0.809,-4.6912,-12.4775,123.601,4.129,-1.4299,236.122,0.6774,0.0195,0.0206,1.0542,4.2970,4.4976,nan,4.6238,4.7794,0.1893,-0.2063,1.9703,0.0309,0.0517,-0.2977,25.1727,0.0210,2.1727,0.1750
54.950,232.034,-3.3697,-8.8863,118.822,-3.4133,-8.7075,119.937,0.1777,-0.0480,0.1840,1.115,1.1411,3.6320,1.268,-4.8263,-12.2357,118.669,4.229,-1.4394,236.363,0.6778,0.0185,0.0258,1.3974,4.2037,4.2233,nan,4.7037,4.8133,0.1906,-0.2010,1.9431,0.0378,0.0480,-0.2834,25.3725,0.0493,2.5260,0.1750
55.000,232.278,-3.4797,-8.6678,114.094,-3.5019,-8.5252,115.598,0.1392,-0.0379,0.1443,1.504,1.1374,3.6208,1.299,-4.9136,-12.0377,114.299,4.353,-1.4083,236.620,0.6623,0.0177,0.0236,1.3348,4.4713,4.7175,nan,4.7746,4.9303,0.1953,-0.1890,2.0815,0.0441,0.0577,-0.2709,25.6722,0.0202,2.8352,0.1750
55.050,232.526,-3.5728,-8.4385,109.557,-3.6022,-8.2707,110.575,0.1680,-0.0285,0.1704,1.018,1.1442,3.5885,1.328,-5.0200,-11.7460,109.247,4.479,-1.4023,236.881,0.6580,0.0188,0.0299,1.5889,4.3459,4.3590,nan,4.8767,4.9525,0.1961,-0.1805,2.0245,0.0546,0.0419,-0.2697,25.8720,0.0599,1.8566,0.1750
55.100,232.770,-3.6468,-8.2057,105.198,-3.6509,-8.0806,106.232,0.1218,-0.0288,0.1251,1.033,1.2411,3.5420,0.886,-5.0711,-11.5456,105.345,4.564,-1.3786,237.136,0.6442,0.0154,0.0210,1.3604,4.3249,4.3590,nan,4.9096,4.9604,0.1965,-0.1607,2.0157,0.0424,0.0044,-0.2688,25.9719,0.0711,1.8566,0.1750
55.150,233.005,-3.7017,-7.9770,101.247,-3.7132,-7.8156,102.581,0.1605,-0.0202,0.1618,1.334,1.1506,3.5820,1.318,-5.1245,-11.2828,101.263,4.652,-1.3259,237.381,0.6339,0.0139,0.0337,2.4142,4.6017,4.9028,nan,5.0407,5.1278,0.2031,-0.1405,2.1584,0.0332,0.0055,-0.2576,26.2715,0.0484,2.1601,0.1750
55.200,233.258,-3.7432,-7.7275,97.193,-3.7641,-7.5630,98.627,0.1658,0.0002,0.1658,1.434,1.0929,3.5855,1.613,-5.1690,-11.0074,97.014,4.715,-1.2001,237.642,0.6313,0.0110,0.0416,3.7741,4.7939,4.9433,nan,5.1140,5.2327,0.2072,-0.1340,2.2307,0.0473,0.0253,-0.2471,26.5712,0.0310,1.3919,0.1750
55.250,233.519,-3.7684,-7.4683,93.494,-3.7776,-7.3264,94.332,0.1422,0.0005,0.1422,0.838,1.2387,3.5169,0.878,-5.1817,-10.7652,93.455,4.766,-1.0535,237.910,0.6226,0.0084,0.0288,3.4100,4.6863,4.7059,nan,5.1995,5.2682,0.2086,-0.1286,2.2219,0.0463,0.0294,-0.2389,26.7710,0.0602,0.8400,0.1750
55.300,233.785,-3.7781,-7.2019,90.310,-3.7778,-7.0436,90.778,0.1582,-0.0011,0.1583,0.469,1.2604,3.4933,0.789,-5.1829,-10.4665,89.989,4.910,-0.9919,238.190,0.6079,0.0067,0.0323,4.8234,4.8258,4.9344,nan,5.3551,5.4387,0.2154,-0.1157,2.2590,0.0375,0.0189,-0.2253,26.9708,0.0599,3.5581,0.1750
55.350,234.063,-3.7729,-6.9240,87.132,-3.7667,-6.7953,88.054,0.1289,0.0002,0.1289,0.922,1.2570,3.4887,0.819,-5.1701,-10.2112,87.236,5.011,-0.9374,238.479,0.6048,0.0124,0.0249,2.0110,4.7962,4.8359,nan,5.4755,5.5502,0.2198,-0.1060,2.2859,0.0316,0.0192,-0.2051,27.1706,0.0779,2.2677,0.1750
55.400,234.343,-3.7528,-6.6455,84.269,-3.7366,-6.4882,84.553,0.1582,-0.0004,0.1582,0.284,1.3557,3.4362,0.275,-5.1399,-9.8997,84.278,5.134,-0.8607,238.771,0.5887,0.0057,0.0227,3.9934,5.0575,5.3591,nan,5.6340,5.8115,0.2302,-0.1023,2.3461,0.0347,0.0283,-0.1615,27.4702,0.0547,2.8173,0.1750
55.450,234.597,-3.7229,-6.3928,81.879,-3.6968,-6.2014,81.743,0.1932,0.0012,0.1932,-0.136,1.4055,3.4132,-0.025,-5.0982,-9.6168,81.768,5.244,-0.8455,239.038,0.5728,0.0047,0.0272,5.7401,5.2758,5.4971,nan,5.8128,6.1032,0.2417,-0.0914,2.3864,0.0296,0.0163,-0.1057,27.7699,0.0438,2.7890,0.1750
55.500,234.891,-3.6756,-6.1030,79.219,-3.6452,-5.9277,79.176,0.1779,0.0029,0.1779,-0.043,1.4055,3.4132,-0.025,-5.0466,-9.3432,79.200,5.424,-0.7990,239.350,0.5706,0.0019,0.0271,14.1124,5.2203,5.2594,nan,5.8953,6.0965,0.2414,-0.0826,2.3864,0.0270,0.0065,-0.1248,28.0696,0.0649,3.7953,0.1750
55.550,234.891,-3.6756,-6.1030,79.219,-3.6368,-5.9291,78.766,0.1780,-0.0056,0.1781,-0.453,1.4805,3.3755,-0.434,-5.0466,-9.3432,79.200,5.424,-0.7990,239.350,0.5706,0.0019,0.0201,10.4829,5.4321,5.6571,nan,6.0163,6.2086,0.2459,-0.0714,2.3864,0.0123,0.0004,-0.1336,28.3693,0.0563,4.9224,0.1750
55.600,235.201,-3.6118,-5.7992,76.729,-3.5616,-5.6238,76.537,0.1823,-0.0086,0.1825,-0.192,1.4384,3.3814,-0.181,-4.9716,-9.0209,76.717,5.639,-0.7455,239.682,0.5571,0.0020,0.0237,11.7847,5.6934,6.0972,nan,6.1344,6.3599,0.2519,-0.0675,2.3924,0.0159,0.0089,-0.1295,28.6689,0.0398,2.6595,0.1750
55.650,235.520,-3.5330,-5.4897,74.392,-3.4687,-5.2825,74.470,0.2169,-0.0062,0.2170,0.077,1.3924,3.3963,0.134,-4.8814,-8.6674,74.335,5.758,-0.6612,240.016,0.5424,0.0034,0.0336,9.8359,5.8145,5.9607,nan,6.2722,6.4992,0.2574,-0.0634,2.3973,0.0114,0.0218,-0.1215,28.9686,0.0423,2.6997,0.1750
55.700,235.835,-3.4440,-5.1884,72.417,-3.3703,-4.9884,72.182,0.2129,-0.0098,0.2131,-0.236,1.4281,3.3629,-0.110,-4.7823,-8.3605,72.292,5.875,-0.6190,240.344,0.5322,0.0067,0.0068,1.0139,5.8442,5.9304,nan,6.3927,6.5972,0.2613,-0.0570,2.3973,0.0190,0.0263,-0.1155,29.2683,0.0535,2.8907,0.1750
55.750,236.180,-3.3348,-4.8612,70.369,-3.2549,-4.6547,71.035,0.2214,-0.0059,0.2215,0.666,1.3115,3.4353,0.709,-4.6662,-8.0328,70.326,6.009,-0.5939,240.705,0.5252,0.0005,0.0131,25.8246,5.8539,5.9304,nan,6.5399,6.6839,0.2647,-0.0468,2.3973,0.0159,0.0292,-0.1211,29.5680,0.0722,2.8907,0.1750
55.800,236.514,-3.2183,-4.5482,68.528,-3.1526,-4.3567,69.591,0.2022,0.0090,0.2024,1.063,1.2601,3.4420,1.009,-4.5495,-7.7198,68.581,6.133,-0.4930,241.054,0.5250,0.0008,0.0163,20.7856,5.9807,6.1409,nan,6.6822,6.8533,0.2714,-0.0469,2.4508,0.0427,0.0503,-0.0909,29.8676,0.0722,2.7134,0.1750
55.850,236.855,-3.0899,-4.2315,67.106,-3.0076,-3.9972,68.386,0.2479,0.0153,0.2484,1.280,1.2034,3.4653,1.424,-4.3950,-7.3555,66.963,6.278,-0.4555,241.414,0.5000,0.0012,0.0197,16.3800,6.2288,6.6535,nan,6.8609,7.1924,0.2848,-0.0428,2.4975,0.0667,0.0536,-0.0113,30.2672,0.0594,3.3870,0.1750
55.900,237.218,-2.9452,-3.8992,65.597,-2.8809,-3.6671,67.867,0.2379,0.0373,0.2408,2.270,1.0881,3.5216,2.241,-4.2471,-7.0281,65.626,6.437,-0.4417,241.797,0.4965,0.0057,0.0417,7.3277,6.3358,6.4970,nan,7.0000,7.3195,0.2899,-0.0388,2.4947,0.0832,0.0464,-0.0153,30.5669,0.0635,3.1065,0.1750
55.950,237.571,-2.7960,-3.5787,64.270,-2.7127,-3.3071,65.647,0.2808,0.0429,0.2841,1.377,1.1880,3.4668,1.480,-4.0744,-6.6709,64.167,6.641,-0.4145,242.176,0.4767,0.0023,0.0195,8.5820,6.5100,6.7646,nan,7.0000,7.3593,0.2915,-0.0353,2.4947,0.1133,0.0439,-0.0192,30.8666,0.0454,4.6123,0.1750
56.000,237.955,-2.6259,-3.2344,62.946,-2.5542,-2.9756,64.438,0.2630,0.0539,0.2685,1.493,1.1880,3.4668,1.480,-3.9074,-6.3436,62.958,6.816,-0.3792,242.583,0.4777,0.0208,0.0228,1.0961,6.5759,6.7134,nan,7.0000,7.3594,0.2915,-0.0143,2.4480,0.1056,0.0212,-0.0236,31.2661,0.0389,3.8686,0.1750
56.050,237.955,-2.6259,-3.2344,62.946,-2.5564,-2.9682,64.984,0.2687,0.0592,0.2752,2.038,1.1243,3.5096,2.026,-3.9074,-6.3436,62.958,6.816,-0.3792,242.583,0.4777,0.0016,0.0227,14.0477,6.8284,7.4036,nan,7.0000,7.0583,0.2795,-0.0065,2.3958,0.1205,0.0158,0.0168,31.6657,0.0337,2.5563,0.1750
56.100,238.327,-2.4543,-2.9051,61.819,-2.3561,-2.5552,64.348,0.3548,0.0786,0.3634,2.528,1.0738,3.5636,2.575,-3.7013,-5.9586,61.773,6.926,-0.2427,242.970,0.4530,0.0046,0.0153,3.3100,6.9599,7.1864,nan,7.0000,7.0939,0.2809,0.0025,2.3609,0.1329,0.0080,0.0334,32.0653,0.0193,1.6351,0.1750
56.150,238.717,-2.2687,-2.5621,61.326,-2.1661,-2.1500,64.348,0.4108,0.1077,0.4247,3.022,1.0190,3.6599,3.307,-3.5149,-5.6165,61.042,6.986,-0.0947,243.372,0.4521,0.0079,0.0162,2.0522,7.0347,7.2013,nan,7.0000,7.1142,0.2818,0.0068,2.3312,0.1503,0.0072,0.0539,32.4648,0.0113,-1.2432,0.1750
56.200,239.099,-2.0845,-2.2268,61.125,-1.9667,-1.7309,64.311,0.4911,0.1363,0.5097,3.186,1.0481,3.7184,3.285,-3.3221,-5.2676,61.026,6.932,-0.0120,243.755,0.4470,0.0064,0.0241,3.7995,6.8959,6.9210,nan,6.7467,6.8841,0.2726,0.0233,2.3208,0.1492,-0.0172,0.0611,32.8644,-0.0017,-0.5881,0.1750
56.250,239.438,-1.9207,-1.9299,61.180,-1.8082,-1.4152,64.254,0.5052,0.1496,0.5268,3.075,1.0727,3.7268,3.164,-3.1603,-4.9752,61.090,6.908,0.0234,244.096,0.4478,0.0085,0.0172,2.0108,6.7440,6.7603,nan,6.4885,6.6467,0.2632,0.0465,2.3198,0.1428,-0.0316,0.0618,33.1641,-0.0144,-0.3879,0.1750
56.300,239.832,-1.7314,-1.5850,61.432,-1.6272,-1.0201,64.465,0.5460,0.1786,0.5745,3.034,1.0862,3.7815,3.209,-2.9779,-4.6422,61.257,6.889,0.1925,244.494,0.4517,0.0018,0.0110,6.2340,6.6933,6.7603,nan,6.1685,5.8444,0.2315,0.0737,2.2613,0.1227,-0.0493,0.0483,33.5636,0.0240,-0.3879,0.1750
56.350,240.208,-1.5530,-1.2536,62.209,-1.4719,-0.6817,65.600,0.5437,0.1949,0.5776,3.391,1.0522,3.7894,3.577,-2.7981,-4.3049,62.023,6.770,0.3478,244.862,0.4517,0.0017,0.0138,8.0566,6.7836,6.9528,nan,5.8615,5.6361,0.2232,0.0941,2.2217,0.1149,-0.0569,0.1029,33.9632,-0.0292,-1.8891,0.1750
56.400,240.561,-1.3921,-0.9391,64.298,-1.3367,-0.3727,67.908,0.5344,0.1957,0.5691,3.610,0.9664,3.7977,4.604,-2.6304,-3.9721,63.303,6.332,0.8191,245.175,0.4498,0.0026,0.0193,7.3074,6.7816,6.8784,nan,5.6331,5.5193,0.2186,0.0941,2.1221,0.1092,-0.0554,0.1272,34.2629,-0.0640,-8.7692,0.1750
56.450,240.898,-1.2515,-0.6327,67.112,-1.2405,-0.1245,70.452,0.4724,0.1875,0.5083,3.340,1.0602,3.7615,3.541,-2.5363,-3.7365,66.911,5.957,0.8766,245.482,0.4816,0.0046,0.0276,6.0657,6.3402,5.7121,nan,5.4770,5.3259,0.2109,0.0596,2.0669,0.1452,0.0193,0.1400,34.4627,-0.0315,-7.8967,0.1750
56.500,241.224,-1.1306,-0.3304,69.815,-1.1286,0.1769,72.568,0.4769,0.1732,0.5073,2.753,1.1428,3.7486,2.697,-2.4370,-3.4608,69.870,5.686,0.6075,245.788,0.5009,0.0150,0.0434,2.8910,5.9175,5.5253,nan,5.3095,5.1279,0.2031,0.0709,2.0516,0.1350,0.0064,0.1565,34.7623,0.0009,-6.2638,0.1750
56.550,241.530,-1.0284,-0.0419,71.475,-1.0450,0.4837,74.479,0.4930,0.1828,0.5258,3.004,1.1428,3.7486,2.697,-2.3390,-3.1583,71.782,5.455,0.5716,246.077,0.5061,0.0103,0.0458,4.4365,5.6442,5.5784,nan,5.1302,4.9469,0.1959,0.1155,1.9953,0.1059,-0.0396,0.1721,35.0620,0.0130,-5.3453,0.1750
56.600,241.530,-1.0284,-0.0419,71.475,-1.0246,0.4914,73.983,0.5068,0.1659,0.5333,2.508,1.1914,3.7372,2.201,-2.3390,-3.1583,71.782,5.455,0.5716,246.077,0.5061,0.0103,0.0195,1.8887,5.2887,5.1311,nan,4.9371,4.7199,0.1869,0.1450,1.9455,0.0769,-0.0614,0.1796,35.2618,0.0421,-5.2684,0.1750
56.650,241.829,-0.9372,0.2428,73.382,-0.9493,0.7359,75.272,0.4691,0.1526,0.4933,1.890,1.2133,3.7245,1.990,-2.2651,-2.9117,73.283,5.232,0.6783,246.361,0.5216,0.0068,0.0194,2.8383,5.1351,5.1420,nan,4.7457,4.5163,0.1789,0.1639,1.8556,0.0538,-0.0798,0.1795,35.5615,0.0436,-4.9101,0.1750
56.700,242.111,-0.8619,0.5142,76.236,-0.8826,1.0030,77.540,0.4698,0.1364,0.4892,1.304,1.2167,3.7192,2.037,-2.1945,-2.6399,75.502,5.021,0.9837,246.629,0.5264,0.0119,0.0213,1.7929,4.9403,4.9302,nan,4.5703,4.3273,0.1714,0.1668,1.8059,0.0485,-0.0447,0.1803,35.7613,0.0534,-5.3632,0.1750
56.750,242.385,-0.8032,0.7823,79.756,-0.8297,1.2396,80.624,0.4453,0.1074,0.4581,0.868,1.2662,3.6646,1.232,-2.1476,-2.3793,79.392,4.793,1.1475,246.891,0.5381,0.0176,0.0261,1.4829,4.7003,4.6693,nan,4.3789,4.1124,0.1629,0.1769,1.7956,0.0338,-0.0268,0.1711,35.9610,0.0670,-5.3317,0.1750
56.800,242.642,-0.7644,1.0367,83.524,-0.7947,1.5108,83.594,0.4677,0.0836,0.4751,0.070,1.3191,3.6562,0.211,-2.1217,-2.1375,83.383,4.577,1.1829,247.136,0.5513,0.0243,0.0347,1.4259,4.4774,4.4585,nan,4.1769,3.9592,0.1568,0.1851,1.7105,0.0306,-0.0067,0.2236,36.1608,0.0567,-5.2185,0.1750
56.850,242.893,-0.7431,1.2859,87.273,-0.7688,1.7097,86.504,0.4221,0.0459,0.4246,-0.768,1.3703,3.5772,-0.833,-2.1118,-1.8983,87.337,4.365,1.1800,247.375,0.5630,0.0246,0.0314,1.2779,4.4285,4.4585,nan,4.0075,3.8305,0.1517,0.2113,1.4886,0.0176,-0.0105,0.2542,36.3606,0.0305,-5.2185,0.1750
56.900,243.118,-0.7383,1.5114,90.879,-0.7592,1.8959,88.796,0.3848,0.0150,0.3851,-2.083,1.4149,3.5099,-1.989,-2.1167,-1.6885,90.785,4.144,1.2659,247.589,0.5736,0.0275,0.0356,1.2944,4.2569,4.2574,nan,3.8415,3.6304,0.1438,0.2317,1.4309,0.0024,-0.0199,0.2385,36.5604,0.0388,-5.2596,0.1750
56.950,243.323,-0.7472,1.7163,94.726,-0.7579,2.0568,92.063,0.3402,-0.0174,0.3407,-2.663,1.4405,3.4425,-2.572,-2.1340,-1.4829,94.634,3.921,1.3108,247.783,0.5820,0.0350,0.0255,0.7284,4.1121,4.1204,nan,3.6419,3.4895,0.1382,0.2500,1.3822,-0.0058,-0.0226,0.2928,36.7602,0.0160,-6.0335,0.1750
57.000,243.517,-0.7691,1.9090,98.733,-0.7656,2.1923,95.649,0.2795,-0.0465,0.2834,-3.084,1.4554,3.3871,-2.974,-2.1560,-1.3084,98.624,3.705,1.3622,247.967,0.5836,0.0420,0.0146,0.3473,3.8149,3.7594,nan,3.6419,3.4530,0.1368,0.2361,1.2823,-0.0080,0.0056,0.3362,36.8601,0.0612,-5.6149,0.1750
57.050,243.711,-0.8050,2.0999,103.053,-0.8003,2.3624,100.343,0.2546,-0.0638,0.2625,-2.710,1.4526,3.3721,-2.847,-2.2000,-1.1204,103.190,3.517,1.3141,248.153,0.5920,0.0486,0.0167,0.3439,3.5831,3.5613,nan,3.5353,3.3319,0.1320,0.2143,1.2044,0.0056,0.0365,0.3741,36.9600,0.0793,-5.0978,0.1750
57.100,243.926,-0.8610,2.3070,107.555,-0.8431,2.5247,104.507,0.2022,-0.0828,0.2185,-3.048,1.4555,3.3657,-2.898,-2.2531,-0.9561,107.405,3.410,1.1495,248.364,0.5951,0.0350,0.0169,0.4823,3.3153,3.2721,nan,3.5353,3.5093,0.1390,0.1772,1.1144,0.0273,0.0622,0.3850,37.0599,0.0485,-2.6241,0.1750
57.151,244.111,-0.9217,2.4813,111.044,-0.9132,2.7371,108.288,0.2356,-0.0998,0.2559,-2.756,1.4555,3.3657,-2.898,-2.3339,-0.7476,111.186,3.326,0.9527,248.546,0.6100,0.0895,0.0547,0.6115,3.5354,3.6519,nan,3.3025,3.1020,0.1229,0.2290,1.1884,0.0417,0.0390,0.3814,37.2596,0.0554,-2.7505,0.1750
57.200,244.111,-0.9217,2.4813,111.044,-0.9141,2.7296,108.288,0.2290,-0.0962,0.2484,-2.756,1.4545,3.3582,-2.898,-2.3339,-0.7476,111.186,3.326,0.9527,248.546,0.6100,0.0376,0.0161,0.4277,3.3195,3.3013,nan,3.2243,2.9810,0.1181,0.2336,1.1158,0.0554,0.0383,0.3990,37.3595,0.0829,1.6248,0.1750
57.250,244.299,-0.9936,2.6552,114.015,-0.9742,2.8716,110.937,0.1897,-0.1058,0.2172,-3.078,1.4616,3.3246,-3.272,-2.4060,-0.5913,114.209,3.355,0.9911,248.737,0.6125,0.0424,0.0170,0.4000,3.2740,3.2937,nan,3.1482,3.0069,0.1191,0.2598,1.0071,0.0632,-0.0040,0.4329,37.5593,0.0499,-5.5340,0.1750
57.300,244.483,-1.0736,2.8213,117.734,-1.0451,3.0254,114.244,0.1674,-0.1202,0.2060,-3.490,1.4627,3.3258,-2.934,-2.4892,-0.4285,117.178,3.138,1.1389,248.912,0.6161,0.0556,0.0185,0.3325,3.1499,3.1555,nan,3.0005,2.8651,0.1135,0.2401,0.9689,0.0779,0.0275,0.4523,37.6592,0.0447,-4.2642,0.1750
57.350,244.648,-1.1545,2.9652,121.205,-1.1221,3.1331,119.132,0.1268,-0.1148,0.1710,-2.073,1.4617,3.3300,-2.100,-2.5748,-0.2914,121.232,2.995,1.1853,249.071,0.6218,0.0312,0.0229,0.7325,2.9835,2.9776,nan,2.9249,2.7784,0.1100,0.2666,0.9041,0.0787,-0.0081,0.5022,37.8590,0.0577,-1.8326,0.1750
57.400,244.791,-1.2316,3.0851,124.526,-1.2109,3.2631,123.848,0.1349,-0.1180,0.1792,-0.678,1.4460,3.4062,-0.746,-2.6548,-0.1777,124.594,2.953,1.1981,249.213,0.6257,0.0272,0.0102,0.3756,2.8472,2.8476,nan,2.9249,2.9291,0.1160,0.1791,0.8629,0.1079,0.0148,0.5349,37.9589,0.0205,-0.7507,0.1750
57.450,244.958,-1.3308,3.2202,128.148,-1.3034,3.3702,127.367,0.1010,-0.1142,0.1525,-0.781,1.4482,3.3738,-1.071,-2.7510,-0.0550,128.438,2.831,1.1652,249.376,0.6250,0.0366,0.0064,0.1751,2.8278,2.8476,nan,2.7707,2.6407,0.1046,0.2119,0.8406,0.1234,-0.0160,0.5987,38.1587,0.0519,-0.7507,0.1750
57.500,245.109,-1.4271,3.3356,131.696,-1.4050,3.4945,130.947,0.1039,-0.1222,0.1604,-0.749,1.4495,3.3904,-0.833,-2.8557,0.0626,131.780,2.745,0.9465,249.524,0.6328,0.0416,0.0090,0.2164,2.8445,2.8701,nan,2.6388,2.5414,0.1007,0.2540,0.8456,0.1329,-0.0312,0.6200,38.2586,0.0247,-2.7929,0.1750
57.550,245.259,-1.5300,3.4455,134.559,-1.5073,3.5898,134.222,0.0869,-0.1175,0.1461,-0.337,1.4493,3.3982,-0.529,-2.9582,0.1644,134.751,2.638,0.9486,249.670,0.6339,0.0480,0.0110,0.2288,2.7136,2.7139,nan,2.5136,2.4216,0.0959,0.3370,0.8066,0.1271,-0.0558,0.6563,38.3585,0.0230,-2.5854,0.1750
57.600,245.403,-1.6341,3.5455,137.836,-1.6122,3.6847,137.001,0.0772,-0.1179,0.1410,-0.835,1.4445,3.3893,-0.629,-3.0597,0.2619,137.631,2.526,1.0751,249.811,0.6319,0.0267,0.0078,0.2932,2.6017,2.6050,nan,2.5029,2.3006,0.0911,0.4498,0.8000,0.1250,-0.1105,0.3670,38.5582,0.0673,-3.4539,0.1750
57.650,245.538,-1.7369,3.6327,141.832,-1.7256,3.7758,141.248,0.0795,-0.1195,0.1435,-0.583,1.4357,3.4378,0.074,-3.1608,0.3421,141.175,2.393,1.3310,249.943,0.6316,0.0308,0.0075,0.2436,2.4930,2.4962,nan,2.5235,2.5361,0.1004,0.5149,0.8000,0.1263,-0.1070,0.7333,38.6581,0.0108,-3.9708,0.1750
57.700,245.668,-1.8418,3.7083,146.895,-1.8339,3.8475,146.091,0.0694,-0.1209,0.1394,-0.803,1.4357,3.4378,0.074,-3.2690,0.4139,146.018,2.270,1.6748,250.071,0.6357,0.0392,0.0088,0.2242,2.4201,2.4289,nan,2.3796,2.3890,0.0946,0.6026,0.8000,0.1237,-0.0870,0.9496,38.7580,0.0040,-4.2565,0.1750
57.750,245.668,-1.8418,3.7083,146.895,-1.8451,3.8648,146.331,0.0883,-0.1293,0.1566,-0.563,1.4261,3.4688,0.314,-3.2690,0.4139,146.018,2.270,1.6748,250.071,0.6357,0.0392,0.0139,0.3548,2.3325,2.3380,nan,2.2805,2.2766,0.0902,0.6536,0.8000,0.1045,-0.1525,0.8848,38.9578,0.0070,1.1820,0.1750
57.800,245.792,-1.9491,3.7713,152.654,-1.9602,3.9286,151.983,0.0822,-0.1346,0.1577,-0.672,1.4170,3.4276,-0.400,-3.3807,0.4774,152.383,2.329,1.9143,250.202,0.6398,0.0477,0.0223,0.4689,2.2946,2.3076,nan,2.1836,2.0983,0.0831,0.7107,0.8000,0.0956,-0.1459,0.8798,39.0577,0.0287,-1.9079,0.1750
57.850,245.920,-2.0661,3.8240,159.308,-2.0699,3.9764,157.401,0.0574,-0.1412,0.1524,-1.907,1.4144,3.3836,-1.166,-3.4957,0.5217,158.567,2.254,2.1782,250.334,0.6397,0.0611,0.0253,0.4133,2.4031,2.4458,nan,2.1744,2.0860,0.0826,0.7147,0.8000,0.0807,-0.1197,0.8827,39.1576,0.0170,-3.4177,0.1750
57.900,246.043,-2.1833,3.8603,166.511,-2.2197,4.0159,165.154,0.0717,-0.1428,0.1598,-1.357,1.4043,3.3890,-1.102,-3.6355,0.5571,166.256,2.138,2.2571,250.458,0.6619,0.0219,0.0389,1.7735,2.2431,2.2318,nan,2.1744,2.1303,0.0844,0.7915,0.8000,0.0634,-0.2108,1.1761,39.3574,0.0191,-4.5403,0.1750
57.950,246.156,-2.2945,3.8798,173.754,-2.3435,4.0447,172.248,0.0667,-0.1586,0.1721,-1.506,1.3914,3.3546,-1.873,-3.7555,0.5678,174.121,1.993,2.2923,250.572,0.6725,0.0279,0.0493,1.7668,2.2177,2.2318,nan,2.2201,2.2372,0.0886,0.7902,0.8000,0.0571,-0.2091,1.2162,39.4573,0.0049,-4.5403,0.1750
58.000,246.266,-2.4041,3.8848,-178.963,-2.4387,4.0546,-181.132,0.0316,-0.1704,0.1733,-2.169,1.3813,3.3653,-1.787,-3.8397,0.5698,-179.345,1.943,2.2992,250.687,0.6485,0.0332,0.0479,1.4436,1.9828,1.9402,nan,2.2201,2.1789,0.0863,0.7920,0.8000,0.0337,-0.1117,1.2162,39.4573,0.0490,-2.4560,0.1750
58.050,246.374,-2.5125,3.8756,-170.997,-2.5750,4.0425,-173.496,0.0356,-0.1746,0.1782,-2.499,1.3799,3.3565,-1.927,-3.9756,0.5526,-171.570,1.945,2.5179,250.809,0.6772,0.0432,0.0659,1.5254,2.1374,2.1937,nan,2.3690,2.3673,0.0938,0.7931,0.8000,0.0022,-0.2330,1.2091,39.6570,0.0358,-0.5608,0.1750
58.100,246.481,-2.6160,3.8519,-163.079,-2.6846,4.0162,-164.964,0.0178,-0.1772,0.1781,-1.885,1.3861,3.3603,-1.957,-4.0908,0.5165,-163.007,1.933,2.5347,250.927,0.6915,0.0506,0.0546,1.0786,2.1557,2.1758,nan,2.4233,2.4945,0.0988,0.7503,0.8000,-0.0109,-0.2002,1.0600,39.7569,0.0171,-1.5506,0.1750
58.150,246.591,-2.7194,3.8123,-154.795,-2.7836,3.9567,-155.781,-0.0035,-0.1580,0.1581,-0.987,1.4068,3.4280,-0.850,-4.1978,0.4665,-154.931,2.027,2.5267,251.056,0.6978,0.0168,0.0629,3.7398,2.1201,2.1321,nan,2.5131,2.5678,0.1017,0.7422,0.8000,-0.0227,-0.1808,1.0322,39.8568,0.0367,0.9074,0.1750
58.200,246.693,-2.8087,3.7636,-147.590,-2.8894,3.9137,-148.067,-0.0124,-0.1700,0.1704,-0.477,1.4160,3.4793,-0.212,-4.3070,0.4185,-147.855,2.116,2.5986,251.174,0.7168,0.0152,0.0707,4.6615,2.2581,2.3091,nan,2.6092,2.6511,0.1050,0.6567,0.8000,-0.0357,-0.1333,0.9975,39.9567,0.0362,2.0885,0.1750
58.250,246.812,-2.9045,3.6931,-139.356,-3.0055,3.8198,-139.335,-0.0059,-0.1619,0.1620,0.021,1.4160,3.4793,-0.212,-4.4227,0.3242,-139.124,2.220,2.4208,251.312,0.7424,0.0204,0.0695,3.4023,2.4139,2.4742,nan,2.7992,2.8613,0.1133,0.6043,0.8513,-0.0451,-0.0751,0.8353,40.0566,0.0353,0.1925,0.1750
58.300,246.812,-2.9045,3.6931,-139.356,-2.9999,3.8149,-139.062,-0.0069,-0.1546,0.1548,0.294,1.4231,3.4955,0.062,-4.4227,0.3242,-139.124,2.220,2.4208,251.312,0.7424,0.0204,0.0644,3.1524,2.4086,2.4271,nan,2.8573,2.9698,0.1176,0.5173,0.8941,-0.0411,-0.1081,0.6523,40.2564,0.0296,2.8966,0.1750
58.350,246.937,-2.9940,3.6057,-131.748,-3.0788,3.7181,-131.081,-0.0274,-0.1381,0.1408,0.668,1.4335,3.5406,0.593,-4.5103,0.2242,-131.674,2.336,2.3142,251.455,0.7443,0.0209,0.0550,2.6298,2.5309,2.5794,nan,2.9369,3.0652,0.1214,0.4341,0.9395,-0.0374,-0.0517,0.6094,40.3562,0.0208,3.2703,0.1750
58.400,247.070,-3.0762,3.5014,-124.358,-3.1455,3.5791,-123.120,-0.0250,-0.1011,0.1042,1.237,1.4539,3.5770,1.195,-4.5984,0.0981,-124.316,2.491,2.1698,251.607,0.7567,0.0260,0.0464,1.7834,2.6710,2.7277,nan,3.0203,3.1238,0.1237,0.3425,0.9915,-0.0105,-0.0015,0.6795,40.4561,0.0208,4.5689,0.1750
58.450,247.217,-3.1521,3.3753,-117.466,-3.2142,3.4236,-116.183,-0.0142,-0.0774,0.0786,1.282,1.4548,3.5811,1.433,-4.6715,-0.0407,-117.616,2.669,1.8847,251.771,0.7582,0.0130,0.0478,3.6882,2.9100,3.0322,nan,3.1981,3.2364,0.1282,0.2514,1.0802,-0.0002,0.0281,0.7189,40.5561,0.0334,3.9169,0.1750
58.500,247.365,-3.2140,3.2406,-111.696,-3.2770,3.2316,-109.692,0.0316,-0.0552,0.0636,2.004,1.4643,3.5839,1.727,-4.7497,-0.2092,-111.419,2.812,1.6573,251.931,0.7855,0.0154,0.0517,3.3504,2.9911,3.0322,nan,3.3866,3.5242,0.1396,0.2193,1.2593,-0.0244,-0.0535,0.4572,40.8558,0.0199,3.9169,0.1750
58.550,247.524,-3.2666,3.0908,-106.857,-3.3055,3.0737,-105.116,0.0276,-0.0323,0.0425,1.740,1.4757,3.5359,1.301,-4.7905,-0.3535,-106.417,2.950,1.3256,252.099,0.7725,0.0206,0.0413,2.0067,2.8589,2.8602,nan,3.5828,3.6558,0.1448,0.1716,1.2370,-0.0073,-0.0279,0.4047,40.9556,0.0782,3.9062,0.1750
58.600,247.693,-3.3104,2.9273,-103.086,-3.3337,2.9209,-101.482,0.0116,-0.0213,0.0242,1.604,1.4867,3.5393,1.044,-4.8309,-0.5305,-102.525,3.087,1.0536,252.276,0.7744,0.0260,0.0345,1.3260,2.9740,3.0248,nan,3.7716,3.8597,0.1529,0.1473,1.3421,-0.0105,-0.0653,0.2895,41.1554,0.0856,3.7635,0.1750
58.650,247.875,-3.3471,2.7494,-100.270,-3.3508,2.7506,-98.350,-0.0005,-0.0039,0.0039,1.920,1.4912,3.5743,1.425,-4.8609,-0.7030,-99.775,3.373,0.8045,252.474,0.7662,0.0302,0.0294,0.9754,3.0625,3.1060,nan,3.8622,3.9680,0.1571,0.1389,1.3504,-0.0168,-0.0669,0.2273,41.2553,0.0828,5.9360,0.1750
58.700,248.068,-3.3775,2.5593,-97.762,-3.3758,2.5352,-96.425,0.0237,0.0050,0.0242,1.337,1.4962,3.5739,1.279,-4.8939,-0.9297,-97.704,3.599,0.7857,252.680,0.7834,0.0161,0.0173,1.0733,3.3574,3.6161,nan,4.0361,4.1946,0.1661,0.1025,1.3627,-0.0276,-0.0938,0.1469,41.5550,0.0572,5.7547,0.1675
58.750,248.274,-3.4011,2.3542,-95.248,-3.3907,2.3258,-93.987,0.0273,0.0129,0.0302,1.260,1.4962,3.5739,1.279,-4.9136,-1.1387,-95.266,3.765,0.6417,252.897,0.7814,0.0190,0.0136,0.7192,3.5807,3.7019,nan,4.0918,4.2934,0.1700,0.0574,1.3491,-0.0393,-0.0728,0.1339,41.6549,0.0318,3.8987,0.1675
58.800,248.274,-3.4011,2.3542,-95.248,-3.3909,2.3368,-94.066,0.0164,0.0117,0.0202,1.181,1.4977,3.5782,1.200,-4.9136,-1.1387,-95.266,3.765,0.6417,252.897,0.7814,0.0190,0.0136,0.7154,3.8048,3.9303,nan,3.8644,4.1886,0.1659,0.0274,1.2593,-0.0538,-0.0807,0.0766,41.9546,-0.0450,4.7132,0.1675
58.850,248.498,-3.4179,2.1303,-93.258,-3.4021,2.1017,-92.348,0.0277,0.0174,0.0327,0.910,1.5074,3.5471,0.712,-4.9271,-1.3843,-93.060,3.954,0.4441,253.133,0.7880,0.0236,0.0152,0.6433,3.9209,3.9827,nan,3.6509,3.7477,0.1484,0.0084,1.2170,-0.0724,-0.0804,0.0224,42.0544,-0.0433,3.5501,0.1675
58.900,248.740,-3.4290,1.8886,-92.045,-3.4001,1.8713,-89.933,0.0162,0.0295,0.0337,2.111,1.4798,3.6497,1.817,-4.9338,-1.6228,-91.750,4.086,0.2225,253.384,0.7827,0.0158,0.0126,0.7967,4.1173,4.2262,nan,3.4518,3.3023,0.1308,-0.0600,1.1606,-0.0876,-0.0511,-0.1411,42.3541,-0.0142,0.2552,0.1675
58.950,248.965,-3.4359,1.6638,-91.516,-3.4037,1.6523,-90.398,0.0107,0.0325,0.0342,1.118,1.5059,3.6154,0.895,-4.9397,-1.8862,-91.294,4.070,0.0802,253.608,0.8000,0.0182,0.0131,0.7230,4.1767,4.2262,nan,3.1596,3.1388,0.1243,-0.1819,1.1453,-0.0824,0.0082,-0.2389,42.5539,-0.0913,0.2552,0.1675
59.000,249.190,-3.4414,1.4392,-91.370,-3.4121,1.4870,-90.802,-0.0485,0.0282,0.0561,0.568,1.5137,3.5854,0.479,-4.9432,-2.0571,-91.280,3.817,-0.0718,253.816,0.7733,0.0199,0.0061,0.3059,3.8725,3.8118,nan,3.1596,3.0827,0.1221,-0.1760,1.0618,-0.0945,0.0100,-0.2842,42.6538,-0.0395,-5.6810,0.1675
59.050,249.385,-3.4478,1.2448,-93.385,-3.4130,1.2590,-90.844,-0.0162,0.0339,0.0376,2.542,1.5055,3.6215,0.756,-4.9493,-2.2974,-91.600,3.414,-0.9467,253.987,0.7941,0.0222,0.0199,0.8978,4.0033,4.0719,nan,2.9486,3.1895,0.1263,-0.2685,1.0977,-0.0998,0.0539,-0.3691,42.8536,-0.0642,-8.3135,0.1675
59.100,249.568,-3.4627,1.0620,-96.310,-3.4340,1.1644,-95.256,-0.1049,0.0172,0.1064,1.054,1.4862,3.6670,1.109,-4.9677,-2.4069,-96.365,3.178,-0.9910,254.159,0.7646,0.0294,0.0014,0.0472,3.6704,3.0527,nan,2.8485,2.8392,0.1124,-0.1721,1.0064,-0.1237,-0.0266,-0.4080,42.9535,-0.0725,-6.5745,0.1675
59.150,249.741,-3.4867,0.8909,-100.282,-3.4627,0.9655,-98.467,-0.0777,0.0103,0.0783,1.815,1.4814,3.6591,1.163,-4.9978,-2.5927,-99.630,3.101,-1.0544,254.330,0.7763,0.0128,0.0190,1.4831,3.3006,3.1388,nan,2.7711,2.6886,0.1065,-0.1459,0.9050,-0.1374,-0.0296,-0.4306,43.0534,-0.0181,-1.8835,0.1675
59.201,249.911,-3.5207,0.7244,-102.896,-3.4982,0.8209,-102.426,-0.0991,0.0004,0.0991,0.471,1.4814,3.6591,1.163,-5.0362,-2.7365,-103.589,2.882,-0.6651,254.489,0.7711,0.0795,0.0517,0.6500,3.0037,2.9364,nan,2.6971,2.5578,0.1013,-0.1430,0.8236,-0.1508,-0.0063,-0.4684,43.2532,0.0236,-4.7405,0.1675
59.250,249.911,-3.5207,0.7244,-102.896,-3.4949,0.8285,-102.017,-0.1073,0.0019,0.1073,0.879,1.4644,3.7022,1.571,-5.0362,-2.7365,-103.589,2.882,-0.6651,254.489,0.7711,0.0133,0.0038,0.2883,2.9091,2.9182,nan,2.6438,2.5107,0.0994,-0.2742,0.8000,-0.1454,0.0431,-0.5300,43.3531,0.0264,-4.6395,0.1675
59.300,250.067,-3.5581,0.5728,-104.925,-3.5311,0.6692,-103.157,-0.1001,0.0012,0.1001,1.768,1.4493,3.7282,1.880,-5.0781,-2.8939,-105.038,2.709,-0.6021,254.638,0.7775,0.0158,0.0125,0.7933,2.6801,2.6490,nan,2.5124,2.3907,0.0947,-0.3885,0.8000,-0.1381,0.0786,-0.5929,43.4529,0.0337,-3.9476,0.1675
59.350,250.214,-3.5983,0.4311,-106.810,-3.5664,0.5245,-105.051,-0.0987,0.0035,0.0987,1.760,1.4546,3.6993,1.768,-5.1166,-3.0183,-106.819,2.567,-0.6969,254.779,0.7692,0.0168,0.0111,0.6594,2.5732,2.5773,nan,2.4121,2.3489,0.0930,-0.5768,0.8000,-0.1176,0.1750,-0.7559,43.6528,0.0159,-2.7711,0.1675
59.400,250.350,-3.6406,0.3022,-109.989,-3.6141,0.3798,-107.653,-0.0820,-0.0016,0.0820,2.336,1.4711,3.6505,1.361,-5.1615,-3.1490,-109.014,2.464,-1.1504,254.912,0.7722,0.0074,0.0288,3.9186,2.4182,2.4100,nan,2.3189,2.1849,0.0865,-0.6911,0.8000,-0.0955,0.1841,-0.5895,43.7527,0.0441,-3.4726,0.1675
59.450,250.482,-3.6900,0.1800,-114.439,-3.6685,0.2520,-112.453,-0.0745,-0.0103,0.0752,1.986,1.4720,3.6313,1.265,-5.2139,-3.2650,-113.718,2.351,-1.5001,255.042,0.7727,0.0077,0.0200,2.6032,2.3943,2.4100,nan,2.2414,2.0833,0.0825,-0.7195,0.8000,-0.0873,0.1564,-0.5799,43.8525,0.0445,-3.4726,0.1675
59.500,250.610,-3.7482,0.0656,-120.209,-3.7240,0.1484,-117.841,-0.0837,-0.0207,0.0863,2.367,1.4776,3.6226,1.181,-5.2721,-3.3663,-119.022,2.227,-1.9919,255.170,0.7680,0.0146,0.0151,1.0297,2.2970,2.3006,nan,2.1700,2.1413,0.0848,-0.7753,0.8000,-0.0778,0.2131,-1.0389,44.0523,0.0070,-2.7975,0.1675
59.550,250.726,-3.8120,-0.0318,-126.523,-3.7943,0.0274,-124.651,-0.0581,-0.0210,0.0618,1.872,1.4452,3.6766,1.847,-5.3544,-3.4784,-126.499,2.044,-2.0460,255.285,0.7906,0.0267,0.0074,0.2767,2.3744,2.4083,nan,2.0993,2.0955,0.0830,-0.7305,0.8000,-0.0660,0.1652,-1.0359,44.1522,-0.0172,-5.6507,0.1675
59.600,250.837,-3.8829,-0.1169,-133.209,-3.8532,-0.0506,-130.409,-0.0687,-0.0237,0.0726,2.800,1.3864,3.7724,2.911,-5.4270,-3.5520,-133.320,1.988,-2.2050,255.400,0.7880,0.0598,0.0068,0.1138,2.1279,2.0807,nan,2.0905,1.9970,0.0791,-0.8552,0.8000,-0.0515,0.1792,-1.1129,44.2521,0.0374,-2.0203,0.1675
59.650,250.946,-3.9625,-0.1917,-140.508,-3.9350,-0.1381,-137.769,-0.0553,-0.0239,0.0603,2.739,1.4200,3.7014,2.339,-5.5072,-3.6178,-140.108,1.922,-2.2872,255.514,0.7855,0.0039,0.0495,12.6789,1.9934,1.9864,nan,2.0816,2.0762,0.0822,-0.8549,0.8000,-0.0353,0.1977,-1.2066,44.3520,0.0207,-2.2345,0.1675
59.700,251.051,-4.0474,-0.2530,-148.007,-4.0345,-0.2077,-145.333,-0.0349,-0.0316,0.0471,2.674,1.4200,3.7014,2.339,-5.6095,-3.6833,-147.672,1.833,-2.4199,255.624,0.8032,0.0166,0.0310,1.8691,2.0673,2.0975,nan,2.1350,2.1352,0.0846,-0.8749,0.8000,-0.0083,0.1875,-1.2949,44.4519,0.0170,-2.8747,0.1675
59.750,251.051,-4.0474,-0.2530,-148.007,-4.0385,-0.2062,-145.419,-0.0323,-0.0350,0.0477,2.588,1.4218,3.6947,2.252,-5.6095,-3.6833,-147.672,1.833,-2.4199,255.624,0.8032,0.0166,0.0295,1.7765,2.0025,2.0091,nan,2.2248,2.1873,0.0866,-0.8425,0.8000,-0.0021,0.1860,-1.3730,44.5517,0.0462,-1.7745,0.1675
59.800,251.151,-4.1352,-0.2999,-156.002,-4.1343,-0.2683,-153.649,-0.0136,-0.0285,0.0316,2.353,1.4084,3.7122,2.553,-5.7145,-3.7297,-156.202,1.800,-2.5935,255.735,0.8193,0.0359,0.0179,0.4994,1.8943,1.8923,nan,2.2905,2.2440,0.0889,-0.8393,0.8000,0.0179,0.1921,-1.3182,44.6516,0.0680,-0.9530,0.1675
59.850,251.252,-4.2305,-0.3343,-164.465,-4.2209,-0.3141,-160.722,-0.0147,-0.0169,0.0224,3.743,1.3689,3.7543,3.162,-5.8057,-3.7539,-163.884,1.829,-2.5916,255.852,0.8121,0.0697,0.0256,0.3678,2.1140,2.2062,nan,2.3560,2.4290,0.0962,-0.8017,0.8000,0.0555,0.1856,-1.1383,44.7515,0.0146,0.7679,0.1675
59.900,251.354,-4.3303,-0.3546,-172.648,-4.3603,-0.3421,-170.152,0.0282,-0.0162,0.0325,2.495,1.4143,3.6856,2.473,-5.9431,-3.7749,-172.626,1.872,-2.6121,255.970,0.8479,0.0080,0.0635,7.9673,2.1272,2.1462,nan,2.4543,2.5229,0.0999,-0.8263,0.8000,0.0770,0.1681,-1.1132,44.8514,0.0263,0.0385,0.1675
59.950,251.460,-4.4361,-0.3606,178.899,-4.4706,-0.3369,181.135,0.0350,-0.0230,0.0418,2.236,1.4381,3.6720,2.263,-6.0624,-3.7724,178.872,1.930,-2.5910,256.093,0.8583,0.0125,0.0505,4.0511,2.1290,2.1462,nan,2.5477,2.5764,0.1020,-0.7649,0.8000,0.0827,0.1310,-1.0446,44.9513,0.0488,0.0385,0.1675
60.000,251.555,-4.5309,-0.3530,171.650,-4.5678,-0.3234,173.423,0.0408,-0.0239,0.0473,1.774,1.4822,3.6213,1.782,-6.1698,-3.7547,171.641,2.027,-2.6237,256.206,0.8674,0.0095,0.0490,5.1474,2.1517,2.1724,nan,2.6370,2.6837,0.1063,-0.6973,0.8000,0.0784,0.0940,-0.8589,45.0512,0.0521,2.0340,0.1675
60.050,251.679,-4.6519,-0.3259,162.660,-4.6777,-0.2945,164.242,0.0340,-0.0223,0.0406,1.582,1.5491,3.5528,1.182,-6.3049,-3.7180,163.060,2.158,-2.7078,256.353,0.8784,0.0314,0.0379,1.2073,2.2725,2.3178,nan,2.7281,2.8180,0.1116,-0.5924,0.8000,0.0793,0.0358,-0.7929,45.1511,0.0377,3.5175,0.1675
60.100,251.797,-4.7618,-0.2830,154.214,-4.7899,-0.2430,155.610,0.0428,-0.0238,0.0489,1.396,1.5657,3.5638,1.388,-6.4460,-3.6518,154.222,2.235,-2.5390,256.489,0.9027,0.0475,0.0452,0.9523,2.4831,2.5741,nan,2.7888,2.9193,0.1156,-0.4712,0.8618,0.0641,0.0245,-0.6632,45.3508,0.0093,0.2546,0.1675
60.150,251.924,-4.8725,-0.2211,147.189,-4.8766,-0.1743,147.863,0.0288,-0.0371,0.0470,0.674,1.5770,3.5862,1.629,-6.5580,-3.5755,146.234,2.438,-2.1268,256.636,0.9008,0.0580,0.0460,0.7924,2.4903,2.5114,nan,2.7770,2.9121,0.1153,-0.3776,0.8643,0.0438,-0.0903,-0.6632,45.3508,0.0056,5.3393,0.1675
60.200,252.066,-4.9882,-0.1376,141.092,-4.9979,-0.0740,141.476,0.0475,-0.0434,0.0644,0.384,1.6251,3.5120,0.934,-6.6806,-3.4776,140.542,2.636,-1.6572,256.794,0.9045,0.0119,0.0191,1.5982,2.6314,2.6877,nan,2.8356,2.8704,0.1137,-0.3644,0.9132,0.0255,-0.0158,-0.7637,45.5506,0.0241,4.7068,0.1675
60.250,252.215,-5.0994,-0.0396,136.059,-5.1263,0.0448,136.703,0.0780,-0.0422,0.0886,0.644,1.6251,3.5120,0.934,-6.8070,-3.3567,135.769,2.737,-1.5666,256.949,0.9152,0.0158,0.0372,2.3529,2.8209,2.9036,nan,2.9809,2.9652,0.1174,-0.3482,0.9790,0.0143,-0.0057,-0.7714,45.6506,0.0361,3.6349,0.1675
60.300,252.349,-5.1930,0.0575,131.663,-5.2077,0.1489,131.254,0.0781,-0.0498,0.0926,-0.409,1.6933,3.3934,-0.058,-6.8977,-3.2515,131.313,2.771,-1.5178,257.087,0.9110,0.0156,0.0144,0.9204,2.7538,2.7662,nan,3.0627,3.1499,0.1247,-0.2966,1.0230,0.0014,0.0453,-0.6226,45.8503,0.0223,0.5835,0.1675
60.350,252.349,-5.1930,0.0575,131.663,-5.2070,0.1562,131.033,0.0830,-0.0552,0.0997,-0.630,1.7066,3.3740,-0.280,-6.8977,-3.2515,131.313,2.771,-1.5178,257.087,0.9110,0.0156,0.0138,0.8839,2.6214,2.6206,nan,3.2514,3.2833,0.1300,-0.2646,0.9992,-0.0006,0.0325,-0.5688,45.9502,0.0769,1.3537,0.1675
60.400,252.523,-5.3025,0.1926,126.262,-5.2946,0.2689,126.350,0.0569,-0.0515,0.0767,0.087,1.7035,3.3892,-0.133,-6.9908,-3.1365,126.482,2.845,-1.3647,257.267,0.8984,0.0303,0.0159,0.5240,2.8779,3.0217,nan,3.3490,3.4674,0.1373,-0.2366,1.1822,-0.0023,0.0662,-0.4202,46.1500,0.0364,3.8686,0.1675
60.450,252.687,-5.3944,0.3280,121.936,-5.3919,0.4421,121.888,0.0955,-0.0625,0.1141,-0.048,1.7012,3.4159,0.012,-7.0937,-2.9724,121.876,2.987,-1.2605,257.439,0.9042,0.0379,0.0275,0.7269,3.0106,3.0676,nan,3.6120,3.7302,0.1477,-0.2111,1.2928,0.0062,0.0413,-0.3371,46.2499,0.0551,3.3695,0.1675
60.500,252.855,-5.4786,0.4735,117.983,-5.4693,0.6090,118.148,0.1153,-0.0718,0.1359,0.165,1.6968,3.4488,0.137,-7.1729,-2.8225,118.011,3.116,-1.1875,257.615,0.8986,0.0193,0.0017,0.0866,3.1112,3.1592,nan,3.6894,3.8347,0.1519,-0.1871,1.3695,0.0011,0.0448,-0.2824,46.4497,0.0470,3.3695,0.1675
60.550,253.018,-5.5509,0.6195,114.553,-5.5470,0.7555,114.696,0.1221,-0.0601,0.1360,0.143,1.6964,3.4409,0.137,-7.2498,-2.6680,114.558,3.266,-1.1159,257.787,0.9019,0.0208,0.0047,0.2282,3.2608,3.3279,nan,3.8274,3.9594,0.1568,-0.1652,1.4353,0.0045,0.0483,-0.2822,46.6495,0.0489,3.9947,0.1675
60.600,253.201,-5.6221,0.7877,111.132,-5.6237,0.9466,110.941,0.1488,-0.0558,0.1589,-0.191,1.7064,3.4227,-0.079,-7.3267,-2.4862,111.020,3.476,-1.0317,257.982,0.9058,0.0225,0.0081,0.3599,3.3677,3.4204,nan,4.0055,4.0999,0.1624,-0.1484,1.4824,0.0176,0.0535,-0.2854,46.8493,0.0674,5.3272,0.1675
60.650,253.396,-5.6879,0.9721,107.893,-5.6822,1.1278,107.815,0.1464,-0.0533,0.1558,-0.078,1.7090,3.4153,-0.042,-7.3896,-2.2929,107.857,3.629,-0.9393,258.188,0.9017,0.0233,0.0057,0.2434,3.4864,3.5442,nan,4.1940,4.2900,0.1699,-0.1210,1.5425,0.0198,0.0623,-0.2833,47.0490,0.0776,3.8407,0.1675
60.700,253.606,-5.7477,1.1730,105.133,-5.7328,1.3262,104.205,0.1440,-0.0544,0.1539,-0.928,1.7367,3.3224,-0.653,-7.4463,-2.0812,104.858,3.837,-0.7639,258.411,0.8974,0.0244,0.0149,0.6107,3.6413,3.7161,nan,4.4593,4.5937,0.1819,-0.1033,1.6479,0.0265,0.0474,-0.2437,47.1489,0.0870,5.0943,0.1698
60.750,253.827,-5.8013,1.3873,102.786,-5.7857,1.5370,102.339,0.1425,-0.0484,0.1505,-0.447,1.7251,3.3399,-0.441,-7.4967,-1.8606,102.780,4.042,-0.6732,258.646,0.8936,0.0226,0.0021,0.0944,3.8471,3.9579,nan,4.6252,4.8307,0.1913,-0.0774,1.9163,0.0327,0.0604,-0.0994,47.4486,0.0725,4.8388,0.1698
60.800,254.056,-5.8483,1.6117,100.714,-5.8412,1.8346,100.495,0.2177,-0.0484,0.2231,-0.219,1.7096,3.4154,-0.142,-7.5468,-1.5994,100.637,4.275,-0.5648,258.892,0.8938,0.0224,0.0042,0.1876,4.1281,4.3745,nan,4.8600,5.0907,0.2016,-0.0722,2.0406,0.0523,0.0516,-0.0698,47.6484,0.0658,5.5606,0.1698
60.850,254.056,-5.8483,1.6117,100.714,-5.8412,1.8346,100.495,0.2177,-0.0484,0.2231,-0.219,1.7096,3.4154,-0.142,-7.5468,-1.5994,100.637,4.275,-0.5648,259.028,0.8938,0.0224,0.0042,0.1876,4.3133,4.4250,nan,5.0802,5.3069,0.2102,-0.0739,2.1322,0.0666,0.0443,-0.0171,47.9481,0.0721,5.3319,0.1698
60.900,254.311,-5.8921,1.8632,98.970,-5.8821,2.0813,98.583,0.2139,-0.0439,0.2183,-0.387,1.7106,3.3913,-0.334,-7.5850,-1.3543,98.917,4.516,-0.5112,259.165,0.8885,0.0198,0.0061,0.3071,4.5943,4.9185,nan,5.2200,5.4957,0.2177,-0.0739,2.2310,0.0766,0.0230,-0.0295,48.1478,0.0522,5.2919,0.1698
60.950,254.557,-5.9275,2.1063,97.395,-5.9224,2.3502,96.808,0.2412,-0.0365,0.2440,-0.587,1.7115,3.3354,-0.535,-7.6244,-1.0564,97.343,4.738,-0.5409,259.428,0.8906,0.0181,0.0079,0.4363,4.6822,4.7573,nan,5.3547,5.6171,0.2225,-0.0683,2.2151,0.0801,0.0029,-0.0423,48.4475,0.0597,4.8116,0.1698
61.000,254.829,-5.9588,2.3762,95.621,-5.9497,2.6246,95.104,0.2463,-0.0334,0.2486,-0.518,1.7075,3.3514,-0.557,-7.6497,-0.8012,95.661,4.949,-0.5686,259.717,0.8849,0.0150,0.0117,0.7823,4.9303,5.1780,nan,5.6106,5.8817,0.2329,-0.0684,2.2176,0.0773,-0.0128,-0.0548,48.7472,0.0619,4.4754,0.1698
61.050,255.112,-5.9825,2.6582,93.761,-5.9784,2.9457,93.425,0.2866,-0.0230,0.2875,-0.336,1.6963,3.3844,-0.372,-7.6716,-0.4886,93.798,5.143,-0.5522,260.018,0.8829,0.0222,0.0092,0.4140,5.1521,5.3690,nan,5.7921,6.0846,0.2410,-0.0700,2.2043,0.0720,-0.0284,-0.0650,48.9470,0.0574,3.4331,0.1698
61.100,255.357,-5.9959,2.9028,92.295,-5.9943,3.2030,92.488,0.2999,-0.0137,0.3002,0.193,1.6858,3.4558,0.269,-7.6811,-0.2167,92.219,5.268,-0.5525,260.274,0.8798,0.0243,0.0142,0.5857,5.2024,5.2784,nan,5.9600,6.2203,0.2463,-0.0784,2.1824,0.0709,-0.0312,-0.0835,49.2467,0.0733,1.9872,0.1698
61.150,255.658,-6.0039,3.2038,90.475,-6.0002,3.4865,90.978,0.2827,-0.0060,0.2828,0.503,1.6852,3.4731,0.471,-7.6851,0.0767,90.506,5.472,-0.5897,260.595,0.8754,0.0175,0.0176,1.0048,5.2166,5.2784,nan,6.0447,6.2816,0.2488,-0.0914,2.1660,0.0751,-0.0165,-0.1150,49.5463,0.0828,1.9872,0.1698
61.200,255.982,-6.0017,3.5275,88.443,-5.9990,3.8011,88.388,0.2735,0.0047,0.2736,-0.055,1.6774,3.3571,-0.198,-7.6778,0.4175,88.586,5.673,-0.7159,260.940,0.8712,0.0089,0.0168,1.8951,5.4408,5.6887,nan,6.0012,6.2880,0.2490,-0.1028,2.1597,0.0680,-0.0104,-0.1157,49.8460,0.0499,4.3742,0.1698
61.250,256.293,-5.9878,3.8385,85.929,-5.9849,4.1352,85.875,0.2962,0.0181,0.2967,-0.054,1.6718,3.3105,-0.349,-7.6616,0.7781,86.223,5.842,-0.8877,261.271,0.8730,0.0036,0.0240,6.7333,5.7103,6.1799,nan,5.7993,6.1189,0.2423,-0.1018,2.1192,0.0555,-0.0333,-0.1123,50.1457,-0.0030,3.6805,0.1698
61.300,256.593,-5.9607,4.1378,83.188,-5.9512,4.4274,83.170,0.2887,0.0249,0.2897,-0.018,1.6700,3.3207,-0.167,-7.6245,1.0845,83.337,5.932,-0.9383,261.584,0.8639,0.0040,0.0317,7.8742,5.8965,6.1211,nan,5.5508,5.3797,0.2131,-0.0921,2.0875,0.0279,-0.0588,-0.1321,50.4454,0.0241,2.1406,0.1698
61.350,256.896,-5.9191,4.4371,80.458,-5.8977,4.6994,79.859,0.2622,0.0223,0.2632,-0.599,1.6601,3.2285,-0.446,-7.5690,1.4120,80.305,5.923,-0.9185,261.889,0.8541,0.0045,0.0368,8.1095,6.0117,6.1631,nan,5.3656,5.2652,0.2085,-0.0962,2.0300,0.0035,-0.0612,-0.1777,50.7450,-0.0190,-0.1468,0.1698
61.400,257.223,-5.8584,4.7591,77.746,-5.8304,4.9487,76.889,0.1912,0.0129,0.1917,-0.857,1.6557,3.1681,-0.550,-7.5028,1.7086,77.439,5.605,-0.8244,262.193,0.8450,0.0143,0.0112,0.7819,5.7658,5.7206,nan,5.3050,5.1805,0.2052,-0.0869,2.0300,-0.0311,-0.0717,-0.1906,50.9448,0.0044,-0.1044,0.1698
61.450,257.525,-5.7889,5.0527,75.174,-5.7648,5.2086,74.599,0.1568,0.0166,0.1577,-0.575,1.6557,3.1681,-0.550,-7.4398,1.9691,75.149,5.389,-0.7454,262.481,0.8479,0.0073,0.0106,1.4489,5.4365,5.3140,nan,5.1826,5.0187,0.1988,-0.0832,1.9892,-0.0564,-0.0666,-0.2006,51.1446,0.0357,-5.2416,0.1698
61.500,257.525,-5.7889,5.0527,75.174,-5.7652,5.1807,73.894,0.1298,0.0099,0.1302,-1.280,1.6296,3.0491,-1.255,-7.4398,1.9691,75.149,5.389,-0.7454,262.481,0.8479,0.0073,0.0107,1.4684,5.2420,5.2316,nan,5.1203,4.9315,0.1953,-0.0807,1.8943,-0.0850,-0.0722,-0.2095,51.3444,0.0575,-3.8839,0.1698
61.550,257.822,-5.7081,5.3382,72.875,-5.6924,5.4189,71.382,0.0818,0.0087,0.0822,-1.493,1.6105,2.9933,-1.477,-7.3630,2.2365,72.859,5.220,-0.6753,262.766,0.8505,0.0013,0.0141,10.4768,5.2319,5.2854,nan,4.9235,4.7909,0.1897,-0.0905,1.8943,-0.1076,-0.0644,-0.2211,51.5442,0.0244,-3.7252,0.1698
61.600,258.104,-5.6207,5.6069,70.779,-5.5967,5.6693,69.451,0.0668,-0.0021,0.0668,-1.327,1.6107,2.9922,-1.208,-7.2622,2.5245,70.659,5.069,-0.6456,263.039,0.8386,0.0011,0.0173,16.2205,4.8910,4.7660,nan,4.7736,4.6014,0.1822,-0.0961,1.7729,-0.1227,-0.0441,-0.2323,51.7439,0.0589,-2.7623,0.1698
61.650,258.389,-5.5229,5.8744,68.710,-5.5183,5.8677,67.530,-0.0045,-0.0067,0.0081,-1.179,1.5985,2.9759,-1.242,-7.1778,2.7369,68.772,4.930,-0.6762,263.315,0.8489,0.0144,0.0264,1.8395,5.0075,5.1107,nan,4.6232,4.5143,0.1788,-0.1167,1.7729,-0.1262,-0.0310,-0.2421,51.9437,0.0118,-3.1157,0.1698
61.700,258.652,-5.4237,6.1176,66.586,-5.3999,6.1226,65.667,0.0141,-0.0198,0.0243,-0.918,1.6111,2.9990,-0.826,-7.0553,3.0223,66.493,4.800,-0.7025,263.570,0.8277,0.0111,0.0210,1.8880,5.0447,5.1107,nan,4.3986,4.3341,0.1716,-0.1562,1.7729,-0.1311,0.0072,-0.2504,52.2434,-0.0283,-3.1157,0.1698
61.750,258.916,-5.3148,6.3580,64.309,-5.3135,6.3118,63.624,-0.0410,-0.0212,0.0462,-0.685,1.6071,3.0107,-0.828,-6.9676,3.2007,64.453,4.625,-0.7976,263.823,0.8465,0.0063,0.0300,4.7378,4.6607,4.4583,nan,4.3986,4.2234,0.1673,-0.1559,1.6586,-0.1387,0.0291,-0.2491,52.4432,0.0482,-3.9815,0.1698
61.800,259.164,-5.2021,6.5789,61.004,-5.1810,6.5714,61.239,0.0037,-0.0221,0.0224,0.235,1.6223,3.0583,-0.505,-6.8340,3.4530,61.745,4.413,-1.0705,264.060,0.8263,0.0067,0.0125,1.8819,4.7187,4.7831,nan,4.1147,4.0462,0.1602,-0.1939,1.6586,-0.1266,0.0341,-0.2837,52.6430,-0.0232,-5.1835,0.1698
61.850,259.406,-5.0795,6.7875,57.611,-5.0683,6.7570,56.535,-0.0197,-0.0258,0.0324,-1.077,1.5869,3.0153,-0.992,-6.7190,3.6260,57.527,4.237,-1.1200,264.292,0.8332,0.0049,0.0370,7.5405,4.3576,4.2181,nan,4.0240,3.8907,0.1541,-0.1959,1.6342,-0.1308,0.0168,-0.2982,52.8428,0.0268,-4.2657,0.1698
61.900,259.633,-4.9520,6.9761,53.693,-4.9447,6.9604,54.129,-0.0083,-0.0152,0.0173,0.436,1.6515,3.1694,0.168,-6.5850,3.8103,53.961,4.058,-1.2338,264.512,0.8268,0.0204,0.0235,1.1554,4.1315,4.1126,nan,3.8405,3.7081,0.1469,-0.2023,1.5494,-0.1259,0.0134,-0.3210,53.0425,0.0305,-4.6064,0.1698
61.950,259.856,-4.8151,7.1512,49.794,-4.8169,7.1089,50.032,-0.0335,-0.0259,0.0423,0.237,1.6515,3.1694,0.168,-6.4569,3.9585,49.864,3.889,-1.2145,264.726,0.8362,0.0204,0.0399,1.9603,3.8923,3.8705,nan,3.7782,3.6305,0.1438,-0.2248,1.4597,-0.1040,0.0305,-0.3618,53.2423,0.0548,-4.2298,0.1698
62.000,259.856,-4.8151,7.1512,49.794,-4.8239,7.1116,50.403,-0.0359,-0.0189,0.0406,0.609,1.6700,3.2140,0.539,-6.4569,3.9585,49.864,3.889,-1.2145,264.726,0.8362,0.0204,0.0326,1.6006,3.9365,3.9775,nan,3.5178,3.3661,0.1333,-0.2547,1.4763,-0.0940,0.0424,-0.3114,53.4421,0.0188,-4.4068,0.1698
62.050,260.068,-4.6730,7.3095,45.941,-4.6716,7.2987,47.081,-0.0068,-0.0085,0.0109,1.140,1.7138,3.3138,1.282,-6.2946,4.1268,45.799,3.724,-1.2474,264.932,0.8157,0.0202,0.0127,0.6266,3.6445,3.5913,nan,3.3315,3.2287,0.1279,-0.2759,1.3668,-0.0742,0.0652,-0.3998,53.6419,0.0166,-3.5376,0.1698
62.100,260.273,-4.5259,7.4521,41.813,-4.5404,7.4339,42.912,-0.0229,-0.0039,0.0233,1.099,1.6953,3.3032,1.092,-6.1558,4.2488,41.820,3.590,-1.3290,265.132,0.8249,0.0215,0.0176,0.8184,3.4866,3.4876,nan,3.3174,2.9172,0.1155,-0.2824,1.3076,-0.0633,0.0830,-0.4945,53.8417,0.0615,-5.4686,0.1698
62.150,260.485,-4.3630,7.5869,36.999,-4.3836,7.5658,38.205,-0.0291,-0.0045,0.0295,1.207,1.6903,3.3093,1.145,-5.9876,4.3771,37.060,3.371,-1.4050,265.334,0.8199,0.0303,0.0291,0.9606,3.4631,3.4876,nan,3.4771,3.5018,0.1387,-0.2965,1.2988,-0.0510,0.0617,-0.4762,53.9416,0.0097,-5.4686,0.1698
62.200,260.669,-4.2121,7.6922,32.446,-4.2417,7.6650,33.910,-0.0396,-0.0070,0.0402,1.465,1.6953,3.3149,1.021,-5.8586,4.4552,32.889,3.229,-1.4160,265.514,0.8438,0.0322,0.0325,1.0093,3.2603,3.2461,nan,3.5601,3.3984,0.1346,-0.2790,1.2227,-0.0519,0.0596,-0.6307,0.0999,0.0345,-4.5633,0.1698
62.250,260.849,-4.0565,7.7831,27.688,-4.0644,7.7692,28.562,-0.0135,-0.0086,0.0160,0.874,1.6602,3.2793,0.660,-5.6726,4.5556,27.902,3.312,-1.4754,265.702,0.8127,0.0344,0.0330,0.9586,3.4353,3.5183,nan,3.6962,3.8802,0.1537,-0.2960,1.3614,-0.0362,0.0767,-0.4906,0.2997,-0.0044,1.1458,0.1698
62.300,261.034,-3.8892,7.8631,23.047,-3.8879,7.8533,23.685,-0.0027,-0.0095,0.0098,0.638,1.6739,3.2939,0.660,-5.5089,4.6232,23.025,3.330,-1.5330,265.891,0.8175,0.0336,0.0322,0.9582,3.3496,3.3639,nan,3.6650,3.8295,0.1517,-0.2734,1.3275,-0.0369,0.0346,-0.4205,0.3996,0.0069,-0.1732,0.1698
62.350,261.223,-3.7123,7.9303,18.031,-3.6835,7.9304,18.062,0.0274,-0.0088,0.0288,0.031,1.6412,3.2530,0.110,-5.3158,4.6876,17.952,3.532,-1.5322,266.097,0.8016,0.0392,0.0325,0.8295,3.3985,3.4354,nan,3.8214,3.9444,0.1562,-0.2736,1.3468,-0.0237,0.0372,-0.3770,0.5993,0.0312,4.2679,0.1698
62.400,261.424,-3.5191,7.9850,13.127,-3.4878,7.9771,13.386,0.0287,-0.0148,0.0323,0.260,1.6412,3.2530,0.110,-5.1200,4.7339,13.277,3.629,-1.5483,266.307,0.8000,0.0387,0.0310,0.7997,3.5114,3.5674,nan,3.9399,3.7103,0.1469,-0.2695,1.3916,-0.0135,0.0426,-0.5167,0.7991,0.0497,2.3462,0.1698
62.450,261.424,-3.5191,7.9850,13.127,-3.4727,7.9821,12.967,0.0446,-0.0134,0.0465,-0.160,1.6216,3.2206,-0.310,-5.1200,4.7339,13.277,3.629,-1.5483,266.307,0.8000,0.0387,0.0303,0.7821,3.7465,3.8837,nan,4.0965,4.2572,0.1686,-0.2585,1.5849,-0.0026,0.0732,-0.3872,1.0988,0.0170,1.8602,0.1698
62.500,261.630,-3.3169,8.0238,8.096,-3.2630,8.0221,7.984,0.0532,-0.0093,0.0540,-0.112,1.6111,3.2393,-0.153,-4.8868,4.7697,8.137,3.704,-1.5574,266.521,0.7696,0.0382,0.0237,0.6209,3.7833,3.8212,nan,4.2015,4.2984,0.1702,-0.2430,1.6005,0.0047,0.0730,-0.3897,1.2986,0.0396,-2.0969,0.1698
62.550,261.835,-3.1127,8.0447,3.146,-3.0508,8.0305,2.821,0.0610,-0.0176,0.0635,-0.325,1.5989,3.2207,-0.362,-4.6800,4.7802,3.183,3.665,-1.5161,266.728,0.7684,0.0375,0.0286,0.7632,3.7344,3.7573,nan,4.2986,4.3535,0.1724,-0.2258,1.6035,0.0031,0.0309,-0.3619,1.3985,0.0680,4.8556,0.1698
62.600,262.043,-2.9047,8.0483,-1.688,-2.8264,8.0285,-2.106,0.0789,-0.0175,0.0808,-0.418,1.6228,3.2423,-0.167,-4.4632,4.7732,-1.939,3.880,-1.4952,266.955,0.7612,0.0365,0.0291,0.7968,3.8391,3.8957,nan,4.3481,4.4454,0.1761,-0.2116,1.6711,0.0115,0.0258,-0.3329,1.5983,0.0517,3.1541,0.1698
62.650,262.265,-2.6837,8.0335,-6.458,-2.6007,8.0112,-6.940,0.0850,-0.0128,0.0860,-0.482,1.6037,3.2370,-0.355,-4.2338,4.7481,-6.585,4.016,-1.4305,267.190,0.7546,0.0358,0.0253,0.7081,3.8604,3.8957,nan,4.4941,4.5407,0.1798,-0.2104,1.6875,0.0231,0.0255,-0.3290,1.7981,0.0789,3.1541,0.1698
62.700,262.505,-2.4463,7.9975,-11.275,-2.3827,7.9736,-10.862,0.0671,-0.0110,0.0679,0.413,1.6221,3.2713,0.026,-4.0027,4.7041,-10.888,4.128,-1.3659,267.441,0.7622,0.0360,0.0212,0.5897,4.0326,4.1225,nan,4.5858,4.6696,0.1849,-0.2051,1.7948,0.0344,0.0502,-0.2965,2.0977,0.0612,2.2029,0.1698
62.750,262.723,-2.2337,7.9481,-15.348,-2.1194,7.9068,-16.119,0.1212,-0.0096,0.1216,-0.771,1.5597,3.2190,-0.702,-3.7362,4.6423,-15.417,4.260,-1.3652,267.671,0.7117,0.0361,0.0243,0.6715,4.3216,4.6459,nan,4.7175,4.8483,0.1920,-0.2065,1.9357,0.0569,0.0433,-0.2852,2.2975,0.0351,3.1824,0.1713
62.800,262.966,-2.0022,7.8760,-19.779,-1.9003,7.8233,-20.971,0.1137,-0.0151,0.1147,-1.192,1.5220,3.1895,-1.169,-3.5161,4.5630,-19.802,4.392,-1.4061,267.927,0.7243,0.0412,0.0427,1.0377,4.3252,4.3643,nan,4.7993,4.9074,0.1944,-0.1809,1.9673,0.0452,0.0193,-0.2743,2.4973,0.0480,2.8427,0.1713
62.851,263.211,-1.7741,7.7850,-24.251,-1.6567,7.7084,-25.630,0.1386,-0.0216,0.1402,-1.379,1.5220,3.1895,-1.169,-3.2702,4.4530,-24.460,4.529,-1.3224,268.187,0.7113,0.0338,0.0409,1.2101,4.4265,4.4978,nan,4.8708,4.9853,0.1974,-0.1639,2.0221,0.0375,0.0189,-0.2586,2.7970,0.0441,2.9708,0.1713
62.900,263.211,-1.7741,7.7850,-24.251,-1.6644,7.7219,-24.704,0.1259,-0.0125,0.1265,-0.453,1.5868,3.2550,-0.244,-3.2702,4.4530,-24.460,4.529,-1.3224,268.187,0.7113,0.0338,0.0248,0.7322,4.4459,4.4912,nan,4.9411,5.0358,0.1994,-0.1635,2.0310,0.0454,0.0267,-0.2527,2.9968,0.0535,2.4990,0.1713
62.950,263.505,-1.5107,7.6544,-28.916,-1.4466,7.6090,-28.628,0.0781,-0.0087,0.0786,0.288,1.6007,3.2949,0.184,-3.0334,4.3238,-28.812,4.653,-1.1851,268.494,0.7368,0.0370,0.0258,0.6962,4.7301,5.1134,nan,5.0357,5.1659,0.2046,-0.1643,2.1596,0.0522,0.0273,-0.2543,3.1965,0.0277,1.7685,0.1713
63.000,263.759,-1.2924,7.5257,-32.612,-1.1770,7.4399,-33.494,0.1434,-0.0101,0.1438,-0.882,1.5277,3.2593,-0.711,-2.7564,4.1467,-32.783,4.731,-1.2023,268.757,0.6937,0.0379,0.0357,0.9415,4.6121,4.6285,nan,5.0732,5.0992,0.2019,-0.1589,2.1139,0.0508,0.0480,-0.2608,3.4962,0.0631,1.3306,0.1713
63.050,264.026,-1.0720,7.3753,-36.505,-1.0339,7.3297,-36.496,0.0577,-0.0140,0.0594,0.009,1.5349,3.3157,-0.090,-2.5751,4.0100,-36.406,4.801,-1.2234,269.033,0.7269,0.0339,0.0330,0.9733,4.8333,5.0220,nan,5.2030,5.2988,0.2099,-0.1406,2.1744,0.0512,0.0211,-0.2410,3.6960,0.0409,2.1307,0.1713
63.100,264.307,-0.8510,7.2008,-40.598,-0.8318,7.1680,-39.922,0.0359,-0.0124,0.0380,0.676,1.5470,3.3884,0.677,-2.3340,3.8074,-40.599,4.892,-1.2070,269.325,0.7164,0.0371,0.0316,0.8524,4.9324,5.0220,nan,5.3689,5.4841,0.2172,-0.1348,2.1744,0.0504,0.0147,-0.2220,3.8958,0.0461,2.1307,0.1713
63.150,264.572,-0.6549,7.0229,-44.315,-0.6608,7.0063,-42.911,0.0074,-0.0160,0.0176,1.404,1.5687,3.4393,1.367,-2.1437,3.6192,-44.278,4.937,-1.0760,269.597,0.7253,0.0382,0.0327,0.8552,4.9659,5.0283,nan,5.4721,5.6075,0.2221,-0.1299,2.1744,0.0502,0.0107,-0.1996,4.0956,0.0516,0.2860,0.1713
63.200,264.854,-0.4584,6.8209,-47.683,-0.4954,6.8338,-45.688,-0.0344,-0.0187,0.0392,1.995,1.5746,3.4922,1.964,-1.9543,3.4106,-47.652,5.115,-1.0376,269.897,0.7342,0.0360,0.0325,0.9005,5.0361,5.1157,nan,5.4251,5.6358,0.2232,-0.1296,2.1744,0.0529,0.0122,-0.1681,4.2954,0.0307,4.0459,0.1713
63.250,265.134,-0.2747,6.6091,-50.921,-0.2801,6.5843,-49.590,0.0159,-0.0198,0.0254,1.331,1.5399,3.4844,1.505,-1.7379,3.1467,-51.095,5.253,-1.0567,270.192,0.7239,0.0317,0.0307,0.9678,5.2767,5.5434,nan,5.2430,5.3091,0.2103,-0.1325,2.1744,0.0552,0.0138,-0.1279,4.5950,0.0061,3.2692,0.1713
63.300,265.420,-0.0998,6.3826,-54.221,-0.1332,6.3907,-52.799,-0.0261,-0.0223,0.0344,1.422,1.5276,3.4858,1.329,-1.5930,2.9426,-54.128,5.329,-1.0758,270.488,0.7424,0.0295,0.0316,1.0713,5.1378,5.1501,nan,5.2208,5.4415,0.2155,-0.1130,2.1744,0.0397,-0.0142,-0.1777,4.7948,-0.0046,1.9581,0.1713
63.350,265.679,0.0469,6.1693,-57.276,0.0313,6.1515,-56.531,0.0065,-0.0227,0.0237,0.745,1.4961,3.4737,0.675,-1.4332,2.6948,-57.206,5.250,-1.0750,270.744,0.7443,0.0277,0.0315,1.1360,5.3605,5.5980,nan,5.3679,5.4260,0.2149,-0.1034,2.1744,0.0305,-0.0144,-0.2158,5.0945,0.0122,-2.1484,0.1713
63.400,265.968,0.1978,5.9226,-60.193,0.1753,5.9029,-60.104,0.0059,-0.0293,0.0299,0.089,1.4961,3.4737,0.675,-1.2921,2.4446,-60.779,5.266,-0.8614,271.038,0.7547,0.0231,0.0413,1.7868,5.2742,5.3048,nan,5.4795,5.3796,0.2131,-0.0831,2.1744,0.0165,-0.0097,-0.2546,5.3942,0.0200,-1.3788,0.1713
63.450,265.968,0.1978,5.9226,-60.193,0.1765,5.9043,-60.026,0.0053,-0.0276,0.0281,0.167,1.5006,3.4770,0.753,-1.2921,2.4446,-60.779,5.266,-0.8614,271.038,0.7547,0.0231,0.0380,1.6439,5.1548,5.1740,nan,5.6044,5.6870,0.2252,-0.0888,2.2427,0.0249,0.0119,-0.2014,5.5939,0.0530,-0.0196,0.1713
63.500,266.263,0.3391,5.6638,-62.885,0.3188,5.6387,-62.940,0.0131,-0.0295,0.0323,-0.055,1.4760,3.4483,0.076,-1.1543,2.1919,-63.016,5.266,-0.7552,271.337,0.7553,0.0160,0.0379,2.3707,5.1770,5.2408,nan,5.7265,5.9351,0.2351,-0.0806,2.2798,0.0169,0.0185,-0.1377,5.8936,0.0507,-0.3005,0.1713
63.550,266.558,0.4689,5.3996,-65.084,0.4474,5.3757,-65.279,0.0126,-0.0296,0.0321,-0.195,1.4811,3.4375,-0.101,-1.0371,1.9364,-65.179,5.255,-0.7107,271.634,0.7633,0.0105,0.0336,3.1994,5.3867,5.6044,nan,5.9148,6.2423,0.2472,-0.0809,2.2798,0.0256,0.0101,-0.0361,6.1933,0.0437,2.6141,0.1713
63.600,266.850,0.5877,5.1321,-67.377,0.5997,5.0248,-69.007,0.1037,-0.0302,0.1080,-1.630,1.4569,3.3906,-1.496,-0.8996,1.6113,-67.511,5.379,-0.6982,271.940,0.7715,0.0190,0.0385,2.0278,5.1751,5.1557,nan,5.9816,6.2089,0.2459,-0.0788,2.2798,0.0258,-0.0075,-0.1005,6.4930,0.0799,3.9156,0.1713
63.650,267.157,0.7009,4.8473,-69.572,0.6826,4.7630,-71.316,0.0726,-0.0466,0.0863,-1.745,1.4548,3.3510,-1.867,-0.8178,1.3861,-69.450,5.556,-0.7020,272.264,0.7741,0.0138,0.0566,4.0900,5.1183,5.1557,nan,6.0315,6.1406,0.2432,-0.0587,2.2798,0.0079,-0.0421,-0.1226,6.6927,0.1009,3.9156,0.1713
63.700,267.474,0.8067,4.5478,-71.857,0.8075,4.3590,-73.686,0.1796,-0.0580,0.1888,-1.829,1.4569,3.3658,-1.692,-0.6785,0.9736,-71.994,5.763,-0.7079,272.604,0.7961,0.0097,0.0394,4.0415,5.3245,6.2704,nan,6.2061,5.9549,0.2358,-0.0535,2.2798,-0.0108,-0.0136,-0.1739,7.1922,0.0852,4.7252,0.1713
63.750,267.836,0.9127,4.2023,-74.352,0.8733,4.0603,-76.638,0.1261,-0.0762,0.1474,-2.286,1.4440,3.3461,-2.402,-0.6002,0.6896,-74.236,5.873,-0.5679,272.979,0.7904,0.0081,0.0675,8.3202,5.4921,5.6631,nan,6.2889,6.2669,0.2482,-0.0459,2.3184,-0.0186,-0.0118,-0.1461,7.3920,0.0932,2.5324,0.1713
63.800,268.164,0.9973,3.8856,-75.928,0.9642,3.6824,-78.075,0.1890,-0.0815,0.2059,-2.147,1.4591,3.3640,-1.916,-0.5052,0.3017,-76.159,5.849,-0.4369,273.309,0.8160,0.0112,0.0643,5.7487,5.7665,6.4096,nan,6.4645,6.6254,0.2624,-0.0370,2.3743,-0.0351,0.0017,-0.1075,7.7916,0.0730,-0.8116,0.1713
63.850,268.164,0.9973,3.8856,-75.928,0.9642,3.6824,-78.075,0.1890,-0.0815,0.2059,-2.147,1.4591,3.3640,-1.916,-0.5052,0.3017,-76.159,5.849,-0.4369,273.309,0.8160,0.0112,0.0643,5.7487,5.8316,5.9375,nan,6.6364,6.8139,0.2699,-0.0476,2.4086,-0.0113,0.0264,-0.0848,8.0912,0.0834,2.3203,0.1713
63.900,268.482,1.0717,3.5757,-77.222,1.0365,3.3625,-79.663,0.2001,-0.0815,0.2161,-2.441,1.4670,3.3606,-2.250,-0.4302,-0.0150,-77.413,5.955,-0.3734,273.641,0.8190,0.0076,0.0598,7.8806,5.6389,5.6285,nan,6.6768,6.8048,0.2695,-0.0462,2.4311,-0.0014,0.0226,-0.0702,8.2910,0.1119,4.3854,0.1713
63.950,268.828,1.1453,3.2380,-78.380,1.0908,3.0629,-81.296,0.1605,-0.0887,0.1834,-2.915,1.4789,3.3373,-2.918,-0.3736,-0.2938,-78.378,6.154,-0.4160,274.009,0.8046,0.0072,0.0696,9.6079,5.8658,6.8168,nan,6.8754,7.0271,0.2783,-0.0403,2.4392,0.0076,0.0142,-0.0625,8.6906,0.1068,4.1054,0.1713
64.000,269.178,1.2122,2.8941,-79.848,1.1636,2.6253,-81.914,0.2560,-0.0952,0.2732,-2.066,1.4845,3.3358,-2.231,-0.2930,-0.7225,-79.683,6.336,-0.4565,274.381,0.8357,0.0117,0.0660,5.6304,6.1354,6.8165,nan,7.0308,7.2079,0.2855,-0.0431,2.4458,0.0267,0.0249,-0.0608,9.0901,0.0930,2.2669,0.1713
64.050,269.530,1.2706,2.5475,-81.274,1.2179,2.2815,-82.983,0.2549,-0.0924,0.2711,-1.709,1.4877,3.3633,-1.709,-0.2374,-1.0894,-81.274,6.442,-0.4186,274.747,0.8493,0.0166,0.0711,4.2795,6.3630,6.7226,nan,7.1447,7.3696,0.2919,-0.0396,2.4648,0.0360,0.0258,-0.0488,9.4897,0.0794,3.2498,0.1713
64.100,269.888,1.3218,2.1926,-82.547,1.2704,1.8846,-84.128,0.2987,-0.0909,0.3122,-1.581,1.4965,3.3485,-1.468,-0.1885,-1.4692,-82.660,6.588,-0.4299,275.125,0.8655,0.0227,0.0728,3.2086,6.5087,6.7226,nan,7.2915,7.5242,0.2980,-0.0430,2.4741,0.0603,0.0283,-0.0430,9.7894,0.0794,3.2498,0.1713
64.150,270.255,1.3658,1.8285,-83.942,1.3113,1.5325,-85.285,0.2886,-0.0854,0.3010,-1.344,1.5075,3.3396,-1.404,-0.1519,-1.8113,-83.881,6.741,-0.4515,275.512,0.8591,0.0218,0.0758,3.4773,6.4768,6.5485,nan,7.4328,7.6209,0.3018,-0.0435,2.4854,0.0815,0.0240,-0.0360,10.0891,0.0984,3.3241,0.1713
64.200,270.611,1.4001,1.4742,-85.304,1.3527,1.1195,-86.592,0.3497,-0.0763,0.3579,-1.289,1.5229,3.3224,-1.339,-0.1187,-2.2063,-85.253,6.931,-0.4599,275.893,0.8834,0.0179,0.0727,4.0528,6.7152,7.1668,nan,7.5685,7.7905,0.3085,-0.0377,2.4952,0.0993,0.0134,-0.0300,10.4886,0.0869,4.4287,0.1713
64.250,270.983,1.4269,1.1034,-86.729,1.3671,0.6670,-88.922,0.4323,-0.0846,0.4405,-2.193,1.5575,3.3130,-2.122,-0.0923,-2.6512,-86.801,7.092,-0.4413,276.288,0.9294,0.0178,0.0845,4.7387,6.9637,7.5317,nan,7.6977,7.9584,0.3152,-0.0337,2.5040,0.1174,0.0010,-0.0247,10.8882,0.0744,2.9064,0.1713
64.300,271.378,1.4457,0.7089,-88.060,1.3814,0.3344,-89.627,0.3722,-0.0770,0.3800,-1.567,1.5434,3.3292,-1.529,-0.0821,-2.9981,-88.098,7.254,-0.4248,276.707,0.9064,0.0123,0.0821,6.6587,6.9219,6.9986,nan,7.7910,8.0069,0.3171,-0.0166,2.5109,0.1002,-0.0237,-0.0199,11.2878,0.0886,3.6549,0.1713
64.350,271.789,1.4560,0.2981,-89.293,1.3822,-0.1006,-91.237,0.3977,-0.0788,0.4054,-1.944,1.5697,3.3531,-1.855,-0.0757,-3.4579,-89.382,7.410,-0.2819,277.142,0.9399,0.0104,0.0872,8.3879,7.1662,7.7403,nan,7.9404,8.1826,0.3241,-0.0163,2.5109,0.1099,-0.0254,-0.0205,11.6873,0.0788,2.3041,0.1713
64.400,272.215,1.4591,-0.1280,-89.952,1.3822,-0.1006,-91.237,-0.0275,-0.0769,0.0817,-1.285,1.5697,3.3531,-1.855,-0.0757,-3.4579,-89.382,7.410,-0.2819,277.589,0.7484,0.0147,0.0872,5.9162,7.4076,8.0114,nan,8.0000,8.2960,0.3286,-0.0091,2.5229,0.1009,-0.0310,-0.0133,12.0869,0.0611,2.6191,0.1713
64.450,272.215,1.4591,-0.1280,-89.952,1.3656,-0.5389,-93.114,0.4108,-0.0939,0.4214,-3.162,1.6419,3.3815,-2.899,-0.0777,-3.9294,-90.215,7.535,-0.1892,277.589,0.9733,0.0131,0.1083,8.2422,7.5638,7.8762,nan,8.0000,8.3363,0.3302,0.0028,2.5253,0.0793,-0.0472,-0.0119,12.3866,0.0466,2.8928,0.1713
64.500,272.641,1.4575,-0.5539,-90.550,1.3575,-0.9133,-92.600,0.3604,-0.0965,0.3731,-2.050,1.5943,3.4385,-2.045,-0.0813,-4.3575,-90.554,7.667,-0.1461,278.037,0.9762,0.0124,0.1023,8.2505,7.7279,8.0720,nan,8.0000,8.2191,0.3255,-0.0032,2.5284,0.0830,-0.0340,-0.0100,12.7861,0.0353,2.7343,0.1713
64.550,273.066,1.4523,-0.9792,-90.890,1.3588,-1.3141,-91.780,0.3363,-0.0883,0.3477,-0.890,1.5127,3.5027,-0.762,-0.0898,-4.8184,-91.018,7.789,-0.0414,278.484,1.0025,0.0145,0.0856,5.9241,7.8080,8.0216,nan,8.0000,8.0861,0.3202,-0.0214,2.5308,0.1089,-0.0054,-0.0079,13.1857,0.0356,1.9436,0.1713
64.600,273.489,1.4457,-1.4023,-90.805,1.3624,-1.6716,-90.681,0.2704,-0.0795,0.2819,0.124,1.4292,3.5856,0.340,-0.0980,-5.2566,-91.021,7.872,0.0126,278.924,1.0140,0.0273,0.0686,2.5153,7.8331,7.9888,nan,8.0000,8.0930,0.3205,-0.0223,2.5308,0.1074,-0.0021,-0.0055,13.5853,0.0332,0.5867,0.1713
64.650,273.931,1.4392,-1.8438,-90.919,1.3686,-2.0664,-90.453,0.2237,-0.0670,0.2335,0.466,1.4412,3.6774,0.308,-0.1035,-5.7434,-90.761,7.890,-0.1375,279.375,1.0448,0.0254,0.0593,2.3326,7.8449,7.9888,nan,8.0000,8.0963,0.3206,-0.0400,2.5308,0.1455,0.0239,-0.0038,13.8850,0.0320,0.5867,0.1713
64.700,274.419,1.4286,-2.3315,-91.809,1.3571,-2.3772,-92.216,0.0480,-0.0700,0.0849,-0.407,1.5601,3.7465,-0.847,-0.1124,-6.1261,-91.369,7.849,-0.3615,279.867,0.9719,0.0217,0.0804,3.7106,7.5215,7.3747,nan,8.0000,8.0072,0.3171,-0.0326,2.5308,0.1491,0.0057,-0.0022,14.0847,0.0646,-0.8365,0.1713
64.750,274.865,1.4100,-2.7779,-93.341,1.3291,-2.9161,-93.866,0.1426,-0.0727,0.1601,-0.524,1.5711,3.7721,-0.871,-0.1403,-6.6910,-92.995,7.828,-0.4261,280.320,1.0598,0.0167,0.0843,5.0411,7.7695,8.6368,nan,8.0000,8.0755,0.3198,0.0009,2.4888,0.1061,-0.0497,-0.0071,14.4843,0.0394,-0.4481,0.1713
64.800,275.287,1.3821,-3.1985,-94.588,1.2842,-3.3361,-95.638,0.1450,-0.0866,0.1689,-1.049,1.5711,3.7721,-0.871,-0.1788,-7.1117,-94.767,7.787,-0.2720,280.745,1.0674,0.0360,0.1162,3.2273,7.7918,7.9430,nan,8.0000,8.0816,0.3201,0.0198,2.4437,0.0773,-0.0770,-0.0080,14.8839,0.0372,-0.9516,0.1724
64.850,275.731,1.3462,-3.6410,-94.634,1.3103,-3.3176,-94.569,-0.3194,-0.0619,0.3254,0.065,1.4645,3.7947,0.198,-0.1788,-7.1117,-94.767,7.787,-0.2720,281.197,0.7836,0.0256,0.0703,2.7436,7.4725,7.3325,nan,7.9229,7.9352,0.3143,0.0092,2.4462,0.0860,-0.0620,-0.0031,15.1835,0.0619,-0.0950,0.1724
64.900,275.731,1.3462,-3.6410,-94.634,1.3033,-3.6834,-94.460,0.0457,-0.0393,0.0603,0.174,1.3954,3.7668,0.928,-0.2127,-7.4476,-95.388,7.787,0.0139,281.197,0.9934,0.0182,0.0481,2.6403,7.7121,8.8070,nan,7.3683,7.5796,0.3002,-0.0209,2.3821,0.1100,-0.0247,-0.0029,15.6830,-0.0172,0.0010,0.1724
64.950,276.151,1.3136,-4.0603,-93.987,1.2748,-4.2260,-94.273,0.1680,-0.0271,0.1702,-0.286,1.4873,3.7960,0.315,-0.2566,-8.0207,-94.588,7.782,0.1720,281.625,1.1077,0.0167,0.0423,2.5303,7.5550,7.5753,nan,7.0796,7.0044,0.2774,-0.0350,2.3395,0.1160,-0.0112,0.0009,15.9827,-0.0026,-1.0908,0.1724
65.000,276.586,1.2844,-4.4936,-93.632,1.2641,-4.5756,-93.793,0.0831,-0.0150,0.0845,-0.161,1.5956,3.8167,-0.386,-0.2750,-8.3944,-93.408,7.726,0.0156,282.060,1.0575,0.0175,0.0297,1.6927,7.4121,7.4402,nan,6.7857,6.4342,0.2548,-0.0463,2.2938,0.1120,-0.0104,0.0019,16.3823,0.0089,-3.0979,0.1724
65.050,277.006,1.2560,-4.9133,-94.327,1.2398,-4.9820,-93.516,0.0697,-0.0110,0.0706,0.810,1.5282,3.8005,0.068,-0.2989,-8.7822,-93.585,7.581,-0.2489,282.471,1.0322,0.0166,0.0253,1.5238,7.4337,7.5698,nan,6.5026,6.2239,0.2465,-0.0475,2.2668,0.0972,-0.0272,-0.0153,16.6819,-0.0274,-3.0979,0.1724
65.100,277.429,1.2208,-5.3348,-95.611,1.1980,-5.4522,-94.989,0.1191,-0.0112,0.1196,0.622,1.5105,3.7894,0.167,-0.3394,-9.2407,-95.156,7.251,-0.4791,282.863,1.0617,0.0184,0.0288,1.5636,7.5075,7.6987,nan,6.0508,5.8970,0.2335,-0.0467,2.2443,0.0713,-0.0510,-0.0357,17.0815,-0.0890,-2.1439,0.1724
65.150,277.864,1.1731,-5.7670,-97.401,1.1691,-5.8117,-96.965,0.0449,0.0018,0.0449,0.436,1.5106,3.7694,0.261,-0.3851,-9.5795,-97.226,6.802,-0.4924,283.258,0.9967,0.0268,0.0237,0.8831,7.0965,6.7529,nan,5.8021,5.6165,0.2224,-0.0343,2.2001,0.0354,-0.0803,-0.0621,17.3812,-0.0735,-8.8716,0.1724
65.200,278.219,1.1240,-6.1186,-98.885,1.1230,-6.2283,-98.644,0.1085,0.0159,0.1097,0.241,1.5135,3.7149,0.308,-0.4440,-9.9409,-98.952,6.369,-0.3915,283.574,1.0105,0.0297,0.0235,0.7922,6.8066,6.7113,nan,5.6400,5.4465,0.2157,-0.0393,2.1424,0.0183,-0.0869,-0.0705,17.6808,-0.0605,-9.4858,0.1724
65.250,278.564,1.0683,-6.4588,-99.956,1.0722,-6.5084,-99.885,0.0482,0.0124,0.0497,0.071,1.5135,3.7149,0.308,-0.4963,-10.2207,-100.193,5.968,-0.3471,283.886,0.9692,0.0170,0.0125,0.7337,6.3656,5.7765,nan,5.4834,5.2694,0.2087,-0.0581,2.0980,0.0124,-0.0764,-0.0888,17.9805,-0.0275,-8.7355,0.1724
65.300,278.564,1.0683,-6.4588,-99.956,1.0600,-6.6133,-100.872,0.1536,0.0186,0.1547,-0.916,1.6774,3.6009,-0.679,-0.4963,-10.2207,-100.193,5.968,-0.3471,283.886,0.9692,0.0170,0.0181,1.0615,5.9301,5.3538,nan,5.1824,5.0252,0.1990,-0.0726,2.0455,-0.0106,-0.0602,-0.1376,18.3801,-0.0196,-6.9135,0.1724
65.350,278.923,1.0031,-6.8122,-101.213,1.0043,-6.8538,-101.445,0.0406,0.0093,0.0416,-0.232,1.6099,3.6582,-0.281,-0.5539,-10.5149,-101.164,5.646,-0.4250,284.221,0.9273,0.0194,0.0178,0.9160,5.6252,5.5283,nan,5.1093,4.9104,0.1945,-0.0842,2.0124,-0.0327,-0.0491,-0.1438,18.5799,0.0147,-5.6262,0.1724
65.400,279.232,0.9397,-7.1148,-102.818,0.9386,-7.1544,-102.704,0.0389,0.0077,0.0396,0.114,1.5900,3.6641,-0.157,-0.6218,-10.8203,-102.547,5.403,-0.5685,284.513,0.9326,0.0228,0.0200,0.8791,5.3777,5.3357,nan,5.0363,4.8164,0.1907,-0.0744,1.9923,-0.0430,-0.0627,-0.1539,18.6798,0.0412,-5.8995,0.1724
65.450,279.523,0.8716,-7.3968,-104.715,0.8715,-7.4118,-104.758,0.0145,0.0037,0.0150,-0.043,1.5948,3.6753,-0.180,-0.6885,-11.0893,-104.578,5.160,-0.6491,284.786,0.9239,0.0089,0.0080,0.9054,5.1153,5.0660,nan,4.8002,4.6120,0.1827,-0.1101,1.9828,-0.0570,-0.0316,-0.1870,19.0793,0.0401,-4.6656,0.1724
65.500,279.806,0.7956,-7.6698,-106.825,0.7953,-7.6661,-106.258,-0.0035,-0.0014,0.0037,0.567,1.4310,3.7086,0.690,-0.7726,-11.3662,-106.948,4.971,-0.5951,285.057,0.9328,0.0095,0.0101,1.0531,5.0360,5.0660,nan,4.6418,4.4909,0.1779,-0.1268,1.9828,-0.0760,-0.0292,-0.2042,19.2791,0.0226,-4.6656,0.1724
65.550,280.114,0.7019,-7.9635,-108.864,0.7171,-7.9076,-107.422,-0.0578,-0.0037,0.0580,1.442,1.2790,3.7008,1.428,-0.8511,-11.5908,-108.850,4.812,-0.6455,285.356,0.8817,0.0204,0.0142,0.6971,4.6846,4.5493,nan,4.4972,4.3027,0.1704,-0.1467,1.9578,-0.0790,-0.0181,-0.2112,19.3790,0.0635,-3.1919,0.1724
65.600,280.377,0.6121,-8.2102,-111.745,0.6058,-8.2251,-109.704,0.0162,-0.0003,0.0162,2.041,1.2790,3.7008,1.428,-0.9702,-11.9055,-111.132,4.579,-0.9821,285.604,0.9437,0.0054,0.0198,3.6956,4.8752,5.0284,nan,4.3006,4.1941,0.1661,-0.1817,1.7490,-0.0711,0.0444,-0.2266,19.7786,-0.0085,-5.4199,0.1724
65.650,280.377,0.6121,-8.2102,-111.745,0.6098,-8.2267,-109.561,0.0162,0.0040,0.0167,2.185,1.2531,3.7009,1.572,-0.9702,-11.9055,-111.132,4.579,-0.9821,285.604,0.9437,0.0054,0.0211,3.9300,4.4627,4.0836,nan,4.2381,4.0670,0.1611,-0.1658,1.6511,-0.0824,-0.0015,-0.2454,19.8785,0.0524,-5.5059,0.1724
65.700,280.662,0.4992,-8.4717,-115.499,0.5421,-8.3683,-113.567,-0.1118,-0.0058,0.1119,1.932,1.2762,3.7244,1.514,-1.0532,-12.0691,-115.080,4.341,-1.0943,285.876,0.8657,0.0192,0.0056,0.2911,4.5281,4.5894,nan,4.1131,4.0200,0.1592,-0.1800,1.6669,-0.0955,-0.0157,-0.2773,20.0783,0.0072,-4.0234,0.1724
65.750,280.892,0.3946,-8.6766,-119.193,0.4179,-8.6271,-117.015,-0.0546,-0.0038,0.0547,2.178,1.1995,3.7190,1.888,-1.1879,-12.3137,-118.903,4.193,-1.1174,286.100,0.9119,0.0272,0.0112,0.4120,4.2019,4.1143,nan,3.9894,3.8677,0.1532,-0.1866,1.5546,-0.0983,-0.0125,-0.3055,20.2780,0.0379,-3.3023,0.1724
65.800,281.118,0.2789,-8.8716,-122.583,0.3032,-8.8081,-121.704,-0.0666,-0.0137,0.0680,0.878,1.3640,3.7009,1.109,-1.3026,-12.4861,-122.813,4.062,-1.1126,286.320,0.8995,0.0028,0.0019,0.6667,3.9584,3.9342,nan,3.9287,3.7740,0.1495,-0.1981,1.4645,-0.0992,-0.0046,-0.3299,20.4778,0.0680,-2.6042,0.1724
65.850,281.347,0.1504,-9.0607,-126.266,0.1768,-8.9935,-126.022,-0.0698,-0.0185,0.0722,0.244,1.5402,3.6785,0.315,-1.4331,-12.6642,-126.337,3.959,-1.1461,286.545,0.8957,0.0085,0.0013,0.1518,3.9097,3.9342,nan,3.8211,3.6856,0.1460,-0.1554,1.1109,-0.1118,-0.0019,-0.3511,20.6776,0.0550,-2.6042,0.1724
65.900,281.584,0.0041,-9.2477,-130.202,0.0385,-9.1613,-130.098,-0.0882,-0.0295,0.0930,0.104,1.6190,3.6649,-0.042,-1.5710,-12.8274,-130.056,3.832,-0.9642,286.777,0.8767,0.0233,0.0130,0.5582,3.8031,3.8173,nan,3.7189,3.5918,0.1422,-0.1076,0.8782,-0.1208,-0.0012,-0.3767,20.8774,0.0523,-3.1892,0.1724
65.950,281.799,-0.1379,-9.4080,-133.101,-0.1283,-9.3563,-133.077,-0.0443,-0.0283,0.0526,0.024,1.5032,3.6759,0.483,-1.7413,-13.0180,-133.560,3.694,-0.6536,286.984,0.9162,0.0038,0.0010,0.2683,3.9470,4.0206,nan,3.5843,3.5520,0.1407,-0.1758,0.8782,-0.1137,0.0289,-0.4074,21.0772,-0.0089,-3.3552,0.1724
66.000,281.995,-0.2744,-9.5493,-134.991,-0.2347,-9.4593,-134.640,-0.0917,-0.0355,0.0984,0.351,1.5032,3.6759,0.483,-1.8485,-13.1201,-135.123,3.591,-0.6715,287.175,0.8716,0.0069,0.0037,0.5302,3.5772,3.4245,nan,3.4084,3.3379,0.1322,-0.2585,0.8782,-0.1012,0.1100,-0.4359,21.2770,0.0234,-2.6345,0.1724
66.050,281.995,-0.2744,-9.5493,-134.991,-0.2379,-9.4632,-134.365,-0.0867,-0.0351,0.0935,0.626,1.4369,3.6802,0.758,-1.8485,-13.1201,-135.123,3.591,-0.6715,287.175,0.8716,0.0069,0.0021,0.3020,3.5305,3.5522,nan,3.2033,3.1300,0.1240,-0.3438,0.8782,-0.0759,0.1696,-0.4336,21.4767,0.0061,-1.9964,0.1724
66.100,282.218,-0.4364,-9.7030,-138.408,-0.3941,-9.6149,-136.410,-0.0901,-0.0379,0.0978,1.998,1.4139,3.6825,0.841,-2.0031,-13.2694,-137.251,3.495,-1.0538,287.395,0.8629,0.0228,0.0037,0.1626,3.6701,3.7382,nan,3.0742,3.0183,0.1195,-0.3186,0.8782,-0.0584,0.1739,-0.4278,21.6765,-0.0300,-4.3476,0.1724
66.150,282.409,-0.5827,-9.8248,-142.656,-0.5615,-9.7512,-140.896,-0.0615,-0.0457,0.0766,1.760,1.4189,3.6810,0.828,-2.1742,-13.4021,-141.724,3.317,-1.4149,287.579,0.8900,0.0316,0.0174,0.5506,3.3995,3.3556,nan,3.0742,2.9263,0.1159,-0.3701,0.8782,-0.0499,0.1213,-0.4239,21.7764,0.0277,-5.1405,0.1724
66.200,282.585,-0.7270,-9.9263,-147.798,-0.7123,-9.8418,-146.579,-0.0575,-0.0637,0.0858,1.220,1.4333,3.6800,0.745,-2.3213,-13.4927,-147.324,3.125,-1.5780,287.749,0.8874,0.0096,0.0063,0.6537,3.3378,3.3556,nan,3.0482,2.9294,0.1160,-0.3836,0.8782,-0.0287,0.1421,-0.5019,21.9762,0.0234,-5.1405,0.1724
66.250,282.756,-0.8752,-10.0115,-152.718,-0.8392,-9.9098,-151.146,-0.0786,-0.0739,0.1079,1.572,1.1960,3.7150,1.762,-2.4533,-13.5558,-152.908,2.991,-1.5678,287.916,0.8629,0.0152,0.0087,0.5740,3.0397,2.9723,nan,3.0737,3.0900,0.1224,-0.4571,0.8782,-0.0391,0.0973,-0.5908,22.0761,0.0126,-3.5598,0.1724
66.300,282.917,-1.0211,-10.0791,-158.019,-0.9969,-9.9891,-155.936,-0.0562,-0.0744,0.0932,2.083,1.1576,3.7104,1.909,-2.6097,-13.6201,-157.846,2.886,-1.7330,288.076,0.8709,0.0221,0.0154,0.6968,2.9540,2.9651,nan,3.1715,3.1431,0.1245,-0.4856,0.8782,-0.0211,0.1026,-0.6686,22.1760,0.0473,-3.7118,0.1724
66.350,283.096,-1.1907,-10.1369,-165.037,-1.1537,-10.0545,-162.070,-0.0570,-0.0700,0.0903,2.967,1.1769,3.6880,1.794,-2.7597,-13.6628,-163.864,2.896,-2.1145,288.263,0.8466,0.0152,0.0223,1.4660,2.8041,2.8006,nan,3.1715,3.1199,0.1236,-0.4916,0.9298,-0.0067,0.1419,-0.6767,22.3758,0.0707,0.0328,0.1724
66.400,283.256,-1.3470,-10.1695,-171.990,-1.3491,-10.0903,-169.954,-0.0089,-0.0787,0.0792,2.036,1.1769,3.6880,1.794,-2.9561,-13.6925,-171.747,2.912,-2.2400,288.431,0.8817,0.0187,0.0250,1.3359,3.0444,3.1712,nan,3.3094,3.3881,0.1342,-0.4414,1.1566,0.0190,0.1234,-0.6159,22.5756,0.0198,-0.2418,0.1724
66.450,283.399,-1.4893,-10.1823,-178.302,-1.4968,-10.1052,-176.238,0.0052,-0.0772,0.0774,2.064,1.1204,3.6882,2.008,-3.0990,-13.6932,-178.246,2.940,-2.1051,288.582,0.8774,0.0193,0.0288,1.4891,3.0269,3.0485,nan,3.3861,3.4072,0.1349,-0.4171,1.1586,0.0303,0.0672,-0.6205,22.6754,0.0479,-0.5933,0.1724
66.501,283.564,-1.6549,-10.1783,175.097,-1.6606,-10.1078,177.247,0.0117,-0.0697,0.0707,2.149,1.0811,3.6887,2.217,-3.2734,-13.6801,175.029,3.071,-2.0425,288.763,0.8818,0.0973,0.0691,0.7102,3.0702,3.1030,nan,3.4341,3.5113,0.1391,-0.3924,1.2172,0.0436,0.0834,-0.5345,22.8752,0.0326,3.2834,0.1724
66.550,283.564,-1.6549,-10.1783,175.097,-1.6633,-10.1136,176.856,0.0139,-0.0638,0.0653,1.759,1.1724,3.6639,1.826,-3.2734,-13.6801,175.029,3.071,-2.0425,288.763,0.8818,0.0258,0.0282,1.0927,3.2120,3.2756,nan,3.5433,3.6121,0.1431,-0.3621,1.2734,0.0519,0.0318,-0.5476,22.9751,0.0317,1.7860,0.1724
66.600,283.739,-1.8277,-10.1543,168.568,-1.8587,-10.0856,169.861,0.0440,-0.0612,0.0754,1.293,1.2902,3.6339,1.318,-3.4635,-13.6434,168.543,3.163,-1.9694,288.949,0.8931,0.0334,0.0323,0.9671,3.2884,3.3310,nan,3.6391,3.6924,0.1462,-0.3362,1.3322,0.0543,0.0322,-0.5040,23.1749,0.0389,1.9452,0.1724
66.650,283.919,-2.0020,-10.1097,162.251,-2.0344,-10.0268,163.314,0.0561,-0.0690,0.0890,1.063,1.3202,3.6331,1.243,-3.6501,-13.5840,162.071,3.260,-1.8960,289.141,0.8992,0.0406,0.0291,0.7174,3.3018,3.3308,nan,3.6391,3.7243,0.1475,-0.2778,1.3619,0.0473,-0.0139,-0.4684,23.2748,0.0284,2.4723,0.1724
66.700,284.104,-2.1759,-10.0446,156.251,-2.2011,-9.9670,157.060,0.0543,-0.0609,0.0816,0.809,1.4474,3.6005,0.722,-3.8192,-13.5204,156.337,3.367,-1.7910,289.338,0.8952,0.0210,0.0172,0.8223,3.5165,3.6286,nan,3.7675,3.8781,0.1536,-0.2859,1.4579,0.0557,-0.0082,-0.4498,23.4746,0.0120,2.0412,0.1724
66.750,284.292,-2.3442,-9.9613,150.666,-2.3892,-9.8563,151.222,0.0906,-0.0695,0.1142,0.556,1.4676,3.6036,0.652,-4.0097,-13.4151,150.569,3.463,-1.5557,289.535,0.9086,0.0244,0.0197,0.8055,3.5852,3.6286,nan,3.8402,3.9372,0.1559,-0.2650,1.4864,0.0465,-0.0188,-0.4323,23.6744,0.0165,2.0412,0.1724
66.800,284.485,-2.5084,-9.8604,145.885,-2.5491,-9.7452,146.300,0.0983,-0.0725,0.1221,0.415,1.4331,3.6128,0.850,-4.1799,-13.2975,145.450,3.546,-1.4836,289.736,0.9090,0.0292,0.0160,0.5492,3.5513,3.5750,nan,3.8968,3.9468,0.1563,-0.2572,1.4723,0.0326,0.0044,-0.4329,23.8741,0.0406,2.0954,0.1724
66.850,284.688,-2.6719,-9.7402,141.093,-2.6758,-9.6414,142.534,0.0651,-0.0744,0.0989,1.442,1.3981,3.6249,1.024,-4.3104,-13.1914,141.510,3.682,-1.4809,289.950,0.8822,0.0334,0.0140,0.4200,3.4229,3.4299,nan,3.9628,3.8739,0.1534,-0.2536,1.4191,0.0248,0.0338,-0.4584,24.0739,0.0770,3.2834,0.1732
66.900,284.892,-2.8261,-9.6060,136.402,-2.8835,-9.4582,136.592,0.1434,-0.0674,0.1585,0.190,1.5645,3.5696,0.280,-4.5117,-13.0060,136.312,3.745,-1.4808,290.161,0.9119,0.0190,0.0196,1.0321,3.7155,4.1728,nan,4.1361,4.2126,0.1668,-0.2455,1.6017,0.0285,0.0412,-0.3921,24.2737,0.0435,1.4996,0.1732
66.950,285.102,-2.9724,-9.4558,131.662,-3.0033,-9.3231,131.834,0.1196,-0.0651,0.1362,0.173,1.6023,3.5528,0.119,-4.6323,-12.8663,131.715,3.763,-1.4545,290.375,0.8901,0.0208,0.0115,0.5506,3.7245,3.7564,nan,4.2356,4.3606,0.1727,-0.2184,1.6441,0.0223,0.0275,-0.3366,24.4735,0.0443,-0.3781,0.1732
67.000,285.290,-3.0929,-9.3113,127.551,-3.1226,-9.1663,127.692,0.1331,-0.0648,0.1480,0.141,1.6023,3.5528,0.119,-4.7513,-12.7092,127.573,3.908,-1.4232,290.576,0.8852,0.0203,0.0114,0.5621,3.8216,3.8755,nan,4.3369,4.4272,0.1753,-0.2053,1.6870,0.0193,0.0207,-0.3480,24.6733,0.0530,3.6095,0.1732
67.050,285.290,-3.0929,-9.3113,127.551,-3.1175,-9.1816,128.143,0.1178,-0.0595,0.1320,0.592,1.5072,3.5742,0.570,-4.7513,-12.7092,127.573,3.908,-1.4232,290.576,0.8852,0.0203,0.0146,0.7160,4.0074,4.1054,nan,4.4372,4.5436,0.1799,-0.2036,1.7886,0.0321,0.0255,-0.3277,24.8731,0.0401,3.9630,0.1732
67.100,285.514,-3.2232,-9.1291,123.197,-3.2599,-8.9791,123.377,0.1456,-0.0514,0.1544,0.180,1.5190,3.5731,0.529,-4.8945,-12.5076,122.848,4.074,-1.3124,290.814,0.8926,0.0203,0.0158,0.7785,4.0792,4.1293,nan,4.5797,4.6810,0.1854,-0.1999,1.8420,0.0290,0.0323,-0.3067,25.0728,0.0505,2.4986,0.1732
67.150,285.741,-3.3414,-8.9350,119.046,-3.3609,-8.7965,119.206,0.1305,-0.0502,0.1399,0.160,1.6401,3.5182,0.004,-5.0019,-12.3143,119.201,4.184,-1.3280,291.051,0.8824,0.0192,0.0114,0.5945,4.3160,4.4818,nan,4.6653,4.8158,0.1907,-0.1830,1.9672,0.0235,0.0130,-0.2900,25.2726,0.0252,2.4093,0.1732
67.200,285.970,-3.4461,-8.7313,114.897,-3.4742,-8.5651,115.155,0.1625,-0.0445,0.1685,0.258,1.5739,3.5364,0.322,-5.1161,-12.0729,114.833,4.292,-1.3434,291.291,0.8829,0.0182,0.0190,1.0420,4.3009,4.3357,nan,4.7396,4.8645,0.1927,-0.1760,1.9735,0.0233,0.0087,-0.2780,25.4724,0.0403,2.5471,0.1732
67.250,286.214,-3.5413,-8.5069,110.571,-3.5501,-8.3680,111.548,0.1331,-0.0406,0.1392,0.976,1.4388,3.5722,1.014,-5.1994,-11.8500,110.534,4.410,-1.2869,291.547,0.8716,0.0185,0.0204,1.0974,4.4317,4.5168,nan,4.8093,4.9357,0.1955,-0.1667,2.0432,0.0279,0.0262,-0.2696,25.7721,0.0337,3.0439,0.1732
67.300,286.460,-3.6207,-8.2736,106.561,-3.6353,-8.1317,107.723,0.1402,-0.0265,0.1426,1.162,1.3692,3.5823,1.332,-5.2755,-11.5945,106.391,4.536,-1.2556,291.806,0.8639,0.0152,0.0262,1.7289,4.4667,4.5168,nan,4.9096,4.9990,0.1980,-0.1637,2.0603,0.0287,0.0293,-0.2688,25.9719,0.0481,3.0439,0.1732
67.350,286.717,-3.6862,-8.0254,102.552,-3.6977,-7.9035,104.419,0.1215,-0.0153,0.1224,1.868,1.2700,3.6054,1.825,-5.3316,-11.3449,102.595,4.630,-1.2029,292.073,0.8545,0.0121,0.0357,2.9430,4.5211,4.5785,nan,4.9744,5.0552,0.2002,-0.1573,2.0946,0.0387,0.0297,-0.2611,26.1716,0.0511,2.0157,0.1732
67.400,286.980,-3.7356,-7.7677,98.726,-3.7477,-7.6278,100.677,0.1401,-0.0093,0.1404,1.951,1.2431,3.6137,1.979,-5.3760,-11.0624,98.698,4.733,-1.1662,292.346,0.8452,0.0107,0.0410,3.8407,4.7075,4.8454,nan,5.0762,5.1815,0.2052,-0.1545,2.1896,0.0484,0.0317,-0.2542,26.3714,0.0383,2.4054,0.1732
67.450,287.252,-3.7691,-7.4976,94.924,-3.7765,-7.3451,96.568,0.1526,-0.0057,0.1527,1.644,1.3333,3.5846,1.531,-5.4000,-10.7892,95.037,4.815,-1.1563,292.628,0.8353,0.0162,0.0454,2.8068,4.8175,4.9082,nan,5.1995,5.3028,0.2100,-0.1463,2.2125,0.0512,0.0526,-0.2434,26.6711,0.0407,1.7101,0.1732
67.500,287.519,-3.7847,-7.2305,91.273,-3.7810,-7.0784,92.093,0.1520,-0.0071,0.1521,0.820,1.4780,3.4939,0.804,-5.4069,-10.4974,91.288,4.911,-1.1311,292.907,0.8231,0.0095,0.0283,2.9621,4.9781,5.1101,nan,5.2980,5.4373,0.2153,-0.1325,2.2357,0.0498,0.0560,-0.2253,26.9708,0.0297,2.0822,0.1732
67.550,287.792,-3.7834,-6.9573,87.737,-3.7732,-6.7914,88.405,0.1662,-0.0037,0.1662,0.668,1.4780,3.4939,0.804,-5.3950,-10.2106,87.601,5.018,-1.0578,293.192,0.8109,0.0423,0.0618,1.4605,5.0204,5.0877,nan,5.4755,5.6133,0.2223,-0.1109,2.2624,0.0358,0.0304,-0.2051,27.1706,0.0454,2.4025,0.1732
67.600,287.792,-3.7834,-6.9573,87.737,-3.7668,-6.7988,88.669,0.1591,-0.0103,0.1594,0.933,1.4368,3.5107,1.069,-5.3950,-10.2106,87.601,5.018,-1.0578,293.192,0.8109,0.0061,0.0319,5.1937,4.9957,5.0400,nan,5.5836,5.7308,0.2270,-0.1023,2.2990,0.0306,0.0253,-0.1781,27.3704,0.0592,2.6443,0.1732
67.650,288.077,-3.7650,-6.6734,84.410,-3.7443,-6.5309,85.115,0.1438,-0.0067,0.1440,0.704,1.5011,3.4722,0.702,-5.3676,-9.9381,84.413,5.135,-0.9479,293.489,0.8034,0.0049,0.0287,5.8875,5.2134,5.4282,nan,5.7704,6.0360,0.2391,-0.0927,2.3619,0.0310,0.0180,-0.1057,27.6700,0.0476,3.3075,0.1732
67.700,288.364,-3.7309,-6.3888,81.592,-3.6910,-6.2057,81.027,0.1869,-0.0127,0.1874,-0.565,1.6801,3.3786,-0.309,-5.3195,-9.6131,81.336,5.275,-0.8554,293.790,0.7850,0.0041,0.0331,8.0523,5.2656,5.3448,nan,5.8543,6.0918,0.2413,-0.0781,2.3619,0.0152,-0.0020,-0.1218,27.9697,0.0533,3.0172,0.1732
67.750,288.663,-3.6810,-6.0936,78.894,-3.6391,-5.9353,78.806,0.1634,-0.0106,0.1637,-0.088,1.6310,3.3857,-0.046,-5.2627,-9.3252,78.852,5.416,-0.8029,294.105,0.7789,0.0049,0.0085,1.7333,5.4443,5.6239,nan,5.9763,6.1924,0.2452,-0.0709,2.3619,0.0142,-0.0041,-0.1327,28.2694,0.0493,4.3923,0.1732
67.800,288.978,-3.6143,-5.7859,76.304,-3.5547,-5.5999,75.935,0.1948,-0.0139,0.1953,-0.369,1.6915,3.3691,-0.387,-5.1854,-9.0043,76.322,5.610,-0.7210,294.440,0.7672,0.0013,0.0148,11.7804,5.5222,5.6239,nan,6.0956,6.2810,0.2488,-0.0654,2.3647,0.0126,0.0018,-0.1316,28.5690,0.0565,4.3923,0.1732
67.850,289.284,-3.5370,-5.4892,74.190,-3.4497,-5.2571,73.262,0.2472,-0.0208,0.2480,-0.927,1.7605,3.3411,-0.798,-5.0900,-8.6699,74.060,5.741,-0.6183,294.761,0.7470,0.0012,0.0221,19.0556,5.7433,6.0153,nan,6.2083,6.4280,0.2546,-0.0567,2.3726,0.0049,0.0027,-0.1243,28.8687,0.0435,3.0194,0.1732
67.900,289.605,-3.4454,-5.1822,72.345,-3.3363,-4.9396,71.504,0.2643,-0.0304,0.2660,-0.841,1.7264,3.3468,-0.554,-4.9823,-8.3350,72.058,5.897,-0.5459,295.099,0.7306,0.0017,0.0216,12.6088,5.8181,5.9299,nan,6.3467,6.5551,0.2596,-0.0487,2.3726,-0.0022,0.0087,-0.1167,29.1684,0.0515,3.5845,0.1732
67.950,289.976,-3.3278,-4.8302,70.482,-3.2258,-4.6374,69.896,0.2158,-0.0317,0.2182,-0.586,1.7264,3.3468,-0.554,-4.8748,-8.0317,70.450,6.057,-0.4926,295.489,0.7419,0.0012,0.0039,3.1508,5.6316,5.6245,nan,6.4414,6.5564,0.2597,-0.0462,2.3726,-0.0055,0.0288,-0.1166,29.4681,0.0878,3.4057,0.1732
68.000,289.976,-3.3278,-4.8302,70.482,-3.2296,-4.6381,69.591,0.2139,-0.0284,0.2158,-0.892,1.7651,3.3196,-0.859,-4.8748,-8.0317,70.450,6.057,-0.4926,295.489,0.7419,0.0012,0.0049,3.9375,5.9022,6.4421,nan,6.6823,6.7849,0.2687,-0.0384,2.3871,0.0057,0.0373,-0.1164,29.7677,0.0856,2.9590,0.1732
68.050,290.319,-3.2096,-4.5081,68.987,-3.0881,-4.2586,69.677,0.2765,-0.0240,0.2775,0.691,1.5489,3.4617,0.715,-4.7330,-7.6618,68.962,6.186,-0.4482,295.848,0.7171,0.0005,0.0086,18.5000,6.1643,6.6700,nan,6.8174,7.1305,0.2824,-0.0489,2.4718,0.0444,0.0707,-0.0202,30.1673,0.0623,1.7089,0.1732
68.100,290.668,-3.0811,-4.1839,67.587,-2.9483,-3.8958,68.911,0.3170,-0.0129,0.3173,1.323,1.4726,3.5238,1.319,-4.5905,-7.3158,67.592,6.266,-0.3983,296.208,0.7036,0.0009,0.0155,17.5902,6.3634,6.6528,nan,6.9872,7.3169,0.2898,-0.0471,2.4690,0.0733,0.0683,-0.0153,30.5669,0.0597,2.9812,0.1732
68.150,291.023,-2.9429,-3.8570,66.361,-2.7929,-3.5410,68.371,0.3496,-0.0107,0.3498,2.010,1.3941,3.5901,2.063,-4.4410,-6.9757,66.307,6.407,-0.4530,296.581,0.6929,0.0023,0.0165,7.1490,6.4827,6.6643,nan,7.0000,7.3488,0.2910,-0.0431,2.4690,0.0889,0.0635,-0.0192,30.8666,0.0488,4.2538,0.1732
68.200,291.381,-2.7957,-3.5305,64.824,-2.6789,-3.1910,67.913,0.3569,0.0387,0.3590,3.089,1.2444,3.6568,3.035,-4.2803,-6.6305,64.878,6.599,-0.4894,296.964,0.6808,0.0030,0.0394,13.0962,6.5601,6.7053,nan,7.0000,7.3528,0.2912,-0.0305,2.4405,0.1076,0.0475,-0.0236,31.2661,0.0411,4.1543,0.1732
68.250,291.749,-2.6353,-3.1987,63.298,-2.5360,-2.8550,66.753,0.3517,0.0657,0.3577,3.455,1.1833,3.6783,3.496,-4.1108,-6.2943,63.257,6.784,-0.4670,297.356,0.6721,0.0012,0.0395,34.1512,6.5921,6.7053,nan,7.0000,6.9944,0.2770,-0.0301,2.3936,0.1571,0.0425,0.0034,31.5658,0.0610,4.1543,0.1732
68.300,292.126,-2.4626,-2.8639,61.860,-2.3894,-2.5340,65.300,0.3255,0.0911,0.3380,3.441,1.1757,3.6398,3.420,-3.9270,-5.9501,61.881,6.899,-0.3871,297.750,0.6620,0.0040,0.0359,9.0209,6.7618,7.0310,nan,7.0000,7.0403,0.2788,-0.0151,2.3615,0.1757,0.0239,0.0256,31.8655,0.0412,2.8070,0.1732
68.350,292.511,-2.2786,-2.5260,60.847,-2.1913,-2.1294,64.529,0.3889,0.1170,0.4061,3.683,1.1324,3.6792,3.912,-3.7123,-5.5682,60.618,6.849,-0.2211,298.135,0.6380,0.0083,0.0266,3.2096,6.9908,7.4421,nan,7.0000,7.1023,0.2813,0.0046,2.3291,0.1753,-0.0062,0.0436,32.2650,0.0159,-1.0219,0.1732
68.400,292.887,-2.0939,-2.1981,60.355,-2.0306,-1.7656,64.576,0.4072,0.1589,0.4371,4.221,1.0851,3.7513,4.443,-3.5337,-5.2590,60.133,6.838,-0.0293,298.515,0.6410,0.0113,0.0316,2.8015,6.8658,6.8982,nan,7.0000,7.0684,0.2799,0.0130,2.3072,0.1769,-0.0115,0.0588,32.5647,0.0295,-0.2760,0.1732
68.450,293.271,-1.9044,-1.8649,60.514,-1.8533,-1.4055,64.828,0.4251,0.1816,0.4623,4.314,1.0975,3.7934,4.564,-3.3551,-4.9476,60.264,6.848,0.1044,298.905,0.6488,0.0026,0.0514,19.4817,6.7336,6.7604,nan,6.6583,6.7730,0.2682,0.0198,2.2969,0.1947,-0.0156,0.0619,32.9643,0.0059,0.2451,0.1732
68.500,293.613,-1.7365,-1.5666,60.900,-1.6666,-1.0150,64.771,0.5160,0.2072,0.5561,3.871,1.1756,3.8045,3.956,-3.1679,-4.6119,60.815,6.839,0.1773,299.250,0.6352,0.0031,0.0305,10.0008,6.9046,7.1880,nan,6.3260,6.5667,0.2601,0.0397,2.2959,0.1856,-0.0213,0.0411,33.3639,-0.0489,-0.0783,0.1732
68.550,293.979,-1.5596,-1.2459,61.568,-1.5116,-0.6794,65.427,0.5210,0.2275,0.5685,3.859,1.1756,3.8045,3.956,-2.9901,-4.2879,61.471,6.726,0.3187,299.609,0.6350,0.0288,0.0180,0.6240,6.8207,6.8734,nan,6.0142,5.7160,0.2264,0.0702,2.2048,0.1637,-0.0402,0.0812,33.7634,-0.0113,-2.3333,0.1732
68.600,293.979,-1.5596,-1.2459,61.568,-1.4952,-0.6257,65.660,0.5760,0.2387,0.6235,4.092,1.1737,3.8691,4.189,-2.9901,-4.2879,61.471,6.726,0.3187,299.609,0.6350,0.0012,0.0220,18.3097,6.5189,6.4133,nan,5.7852,5.5615,0.2203,0.0893,2.1961,0.1611,-0.0543,0.1200,34.1630,-0.0098,-3.2725,0.1732
68.650,294.345,-1.3882,-0.9229,62.859,-1.3459,-0.3131,66.697,0.5620,0.2405,0.6113,3.838,1.1993,3.8802,4.127,-2.8403,-3.9993,62.570,6.574,0.4563,299.963,0.6510,0.0017,0.0199,11.6559,6.4257,6.4681,nan,5.4770,5.3474,0.2118,0.1048,2.0576,0.1343,-0.0624,0.1400,34.4627,-0.0440,-8.0987,0.1732
68.700,294.700,-1.2304,-0.6046,64.997,-1.2161,0.0366,68.970,0.5871,0.2581,0.6414,3.972,1.1603,3.9111,4.640,-2.6820,-3.6696,64.330,6.140,0.7557,300.281,0.6520,0.0032,0.0252,7.7722,6.0097,5.6561,nan,5.3095,5.1508,0.2040,0.0957,2.0456,0.1469,-0.0414,0.1565,34.7623,-0.0139,-7.3022,0.1732
68.750,295.034,-1.0947,-0.2997,67.654,-1.1144,0.2271,70.572,0.4797,0.2185,0.5272,2.919,1.2746,3.7910,3.207,-2.5847,-3.4246,67.365,5.801,0.8931,300.589,0.6845,0.0168,0.0551,3.2724,5.7199,5.6381,nan,5.1302,4.9660,0.1967,0.1037,1.9947,0.1378,-0.0460,0.1721,35.0620,-0.0002,-6.6397,0.1732
68.800,295.345,-0.9823,-0.0099,70.565,-1.0067,0.5161,72.588,0.4880,0.1980,0.5266,2.023,1.3610,3.7161,1.964,-2.4760,-3.1170,70.624,5.522,0.8460,300.880,0.6893,0.0134,0.0431,3.2232,5.6116,5.6381,nan,4.9371,4.7951,0.1899,0.1327,1.9529,0.0884,-0.0538,0.1796,35.2618,-0.0133,-6.6397,0.1732
68.850,295.641,-0.8886,0.2715,73.119,-0.9327,0.7333,74.382,0.4291,0.1763,0.4639,1.264,1.4173,3.6733,1.202,-2.4112,-2.8901,73.181,5.273,0.8613,301.160,0.7163,0.0112,0.0432,3.8425,5.2332,5.0309,nan,4.7457,4.5570,0.1805,0.1578,1.9254,0.0593,-0.0549,0.1793,35.3617,0.0199,-5.7513,0.1737
68.900,295.927,-0.8118,0.5472,76.453,-0.8520,0.9821,76.167,0.4134,0.1410,0.4368,-0.286,1.4724,3.5918,0.264,-2.3364,-2.5989,75.903,4.965,1.0894,301.426,0.7184,0.0153,0.0278,1.8206,5.1535,5.1848,nan,4.6588,4.4493,0.1762,0.1627,1.8422,0.0213,-0.0791,0.1801,35.6614,0.0254,-6.8206,0.1737
68.950,296.197,-0.7558,0.8107,80.221,-0.7879,1.1581,78.444,0.3369,0.0906,0.3488,-1.777,1.5685,3.4724,-1.392,-2.2995,-2.3709,79.836,4.681,1.1795,301.678,0.7378,0.0210,0.0122,0.5831,4.8320,4.7340,nan,4.4790,4.2255,0.1673,0.1849,1.7929,0.0065,-0.0553,0.1752,35.8612,0.0598,-6.6334,0.1737
69.000,296.449,-0.7197,1.0599,83.904,-0.7389,1.3872,81.417,0.3234,0.0538,0.3278,-2.487,1.6289,3.3923,-2.630,-2.2733,-2.1117,84.048,4.482,1.2001,301.919,0.7474,0.0244,0.0223,0.9147,4.6630,4.6640,nan,4.2752,4.0257,0.1594,0.1985,1.7686,-0.0307,-0.0317,0.1711,35.9610,0.0532,-4.9306,0.1737
69.050,296.693,-0.7010,1.3036,87.935,-0.7150,1.5974,85.061,0.2931,0.0246,0.2941,-2.874,1.6289,3.3923,-2.630,-2.2590,-1.9006,87.692,4.262,1.2806,302.152,0.7531,0.0417,0.0191,0.4569,4.3464,4.2645,nan,4.1769,3.9275,0.1555,0.2258,1.6485,-0.0572,-0.0339,0.2236,36.1608,0.0802,-5.3756,0.1737
69.100,296.693,-0.7010,1.3036,87.935,-0.6989,1.5412,84.315,0.2376,0.0064,0.2376,-3.620,1.6682,3.3055,-3.377,-2.2590,-1.9006,87.692,4.262,1.2806,302.152,0.7531,0.0253,0.0161,0.6390,4.2231,4.2363,nan,4.0876,3.8430,0.1522,0.2290,1.6017,-0.0772,0.0009,0.2494,36.2607,0.0827,-5.4752,0.1737
69.150,296.929,-0.6999,1.5400,92.138,-0.6764,1.7395,87.876,0.1985,-0.0309,0.2008,-4.262,1.6976,3.2396,-4.135,-2.2597,-1.6674,92.011,4.053,1.3357,302.379,0.7550,0.0329,0.0191,0.5819,4.0756,4.0831,nan,3.9258,3.6656,0.1452,0.2298,1.4923,-0.0768,0.0088,0.2428,36.4605,0.0839,-3.9023,0.1737
69.200,297.144,-0.7149,1.7543,96.472,-0.6833,1.9038,92.519,0.1450,-0.0482,0.1528,-3.953,1.6953,3.1934,-3.903,-2.2853,-1.4485,96.422,3.914,1.3933,302.588,0.7654,0.0469,0.0112,0.2383,3.7941,3.7495,nan,3.9258,3.9251,0.1554,0.1941,1.4390,-0.0579,0.0606,0.2385,36.5604,0.0327,-3.2547,0.1737
69.250,297.356,-0.7459,1.9639,100.811,-0.7105,2.0712,96.943,0.0987,-0.0549,0.1130,-3.868,1.6917,3.1799,-3.849,-2.3224,-1.2675,100.792,3.794,1.3560,302.796,0.7736,0.0162,0.0234,1.4444,3.8126,3.8471,nan,3.7452,3.4941,0.1384,0.1772,1.2723,-0.0386,0.0767,0.2928,36.7602,0.0907,-3.9773,0.1737
69.300,297.564,-0.7917,2.1669,105.056,-0.7590,2.2669,101.927,0.0880,-0.0576,0.1052,-3.129,1.6780,3.1781,-3.311,-2.3803,-1.0504,105.238,3.672,1.1545,302.999,0.7845,0.0345,0.0216,0.6281,3.8155,3.8471,nan,3.5353,3.3911,0.1343,0.1795,1.2733,-0.0132,0.0775,0.3741,36.9600,0.0349,-3.9773,0.1737
69.350,297.776,-0.8527,2.3695,108.688,-0.8196,2.4155,105.773,0.0330,-0.0461,0.0567,-2.915,1.6631,3.1687,-2.921,-2.4410,-0.8787,108.693,3.701,1.0214,303.215,0.7872,0.0394,0.0165,0.4180,3.5997,3.5842,nan,3.4590,3.2779,0.1298,0.1617,1.2012,0.0212,0.0914,0.3850,37.0599,0.0612,1.9832,0.1737
69.400,297.969,-0.9190,2.5507,111.727,-0.8918,2.6354,108.857,0.0686,-0.0566,0.0889,-2.871,1.6712,3.1477,-3.182,-2.5307,-0.6538,112.039,3.471,0.8844,303.396,0.8067,0.0425,0.0171,0.4015,3.8038,3.9117,nan,3.3025,3.1706,0.1256,0.1835,1.2401,0.0613,0.0656,0.3814,37.2596,0.0043,-6.1872,0.1737
69.450,298.158,-0.9930,2.7251,114.461,-0.9488,2.7263,111.540,-0.0172,-0.0408,0.0443,-2.921,1.6640,3.1257,-2.971,-2.5886,-0.5343,114.510,3.308,0.9065,303.578,0.7957,0.0489,0.0122,0.2494,3.4142,3.1821,nan,3.3025,3.0654,0.1214,0.1782,1.1394,0.0717,0.0539,0.3990,37.3595,0.0791,-4.1654,0.1737
69.501,298.340,-1.0721,2.8883,117.411,-1.0291,2.9057,114.453,-0.0044,-0.0462,0.0464,-2.958,1.6640,3.1257,-2.971,-2.6781,-0.3593,117.423,3.179,0.8808,303.753,0.8047,0.0315,0.0236,0.7485,3.3082,3.3186,nan,3.2243,3.0285,0.1199,0.1691,1.0786,0.1033,0.0626,0.4158,37.4594,0.0708,-3.6552,0.1737
69.550,298.340,-1.0721,2.8883,117.411,-1.0343,2.8982,114.478,-0.0087,-0.0381,0.0391,-2.933,1.6587,3.1194,-2.946,-2.6781,-0.3593,117.423,3.179,0.8808,303.753,0.8047,0.0315,0.0210,0.6675,3.1052,3.0891,nan,3.0750,2.9113,0.1153,0.1747,1.0124,0.1236,0.0192,0.4523,37.6592,0.0666,-3.3261,0.1737
69.600,298.526,-1.1620,3.0517,120.338,-1.1113,3.0562,117.116,-0.0217,-0.0460,0.0509,-3.222,1.6578,3.1219,-3.178,-2.7613,-0.2192,120.293,3.053,0.8016,303.935,0.8009,0.0393,0.0197,0.5010,3.1427,3.1749,nan,2.9249,2.8107,0.1113,0.2365,0.9455,0.1235,0.0073,0.4741,37.7591,0.0298,-1.6210,0.1737
69.650,298.677,-1.2409,3.1808,122.619,-1.1975,3.2085,120.155,-0.0001,-0.0515,0.0515,-2.464,1.6588,3.1515,-2.623,-2.8558,-0.0738,122.777,3.001,0.7967,304.084,0.8143,0.0392,0.0101,0.2574,2.8644,2.8087,nan,2.9249,2.9334,0.1162,0.2279,0.8618,0.1248,-0.0468,0.5349,37.9589,0.0172,-1.7177,0.1737
69.700,298.842,-1.3327,3.3177,125.192,-1.2673,3.3179,122.416,-0.0376,-0.0536,0.0654,-2.776,1.6625,3.1399,-2.741,-2.9350,0.0376,125.157,2.895,0.8486,304.244,0.8052,0.0462,0.0115,0.2498,2.8698,2.8937,nan,2.7708,2.6505,0.1050,0.3290,0.8469,0.1208,-0.0596,0.5702,38.0588,0.0440,-3.2519,0.1737
69.750,298.998,-1.4258,3.4426,128.421,-1.3671,3.4506,125.415,-0.0302,-0.0510,0.0593,-3.005,1.6568,3.1586,-2.404,-3.0335,0.1649,127.820,2.800,1.0010,304.397,0.8102,0.0283,0.0248,0.8764,2.8134,2.8279,nan,2.6388,2.5344,0.1004,0.4052,0.8303,0.1080,-0.1287,0.6200,38.2586,0.0300,0.9491,0.1737
69.800,299.153,-1.5254,3.5616,131.588,-1.4729,3.5718,129.619,-0.0273,-0.0460,0.0535,-1.969,1.6515,3.1856,-1.972,-3.1358,0.2785,131.591,2.820,1.0540,304.554,0.8137,0.0321,0.0120,0.3743,2.8064,2.8279,nan,2.5136,2.4454,0.0968,0.4553,0.8282,0.1059,-0.1215,0.6563,38.3585,0.0051,0.9491,0.1737
69.850,299.305,-1.6302,3.6720,135.877,-1.5775,3.6731,132.922,-0.0371,-0.0375,0.0528,-2.955,1.6579,3.1547,-2.160,-3.2526,0.3960,135.082,2.640,1.4263,304.700,0.8246,0.0376,0.0163,0.4329,2.8228,2.8482,nan,2.5029,2.3570,0.0933,0.5296,0.8331,0.0927,-0.1620,0.3670,38.5582,0.0251,-4.7697,0.1737
69.900,299.448,-1.7368,3.7671,140.994,-1.6673,3.7491,138.076,-0.0653,-0.0297,0.0718,-2.918,1.6579,3.1547,-2.160,-3.3453,0.4686,140.236,2.481,1.6342,304.840,0.8144,0.0481,0.0141,0.2931,2.5763,2.5354,nan,2.5235,2.4418,0.0967,0.5389,0.8000,0.1093,-0.1166,0.7333,38.6581,0.0351,-4.4991,0.1737
69.950,299.579,-1.8420,3.8446,146.840,-1.7909,3.8525,143.914,-0.0385,-0.0345,0.0517,-2.926,1.6558,3.1521,-2.419,-3.4732,0.5542,146.333,2.309,1.9694,304.968,0.8354,0.0643,0.0097,0.1506,2.5930,2.6165,nan,2.3796,2.4320,0.0963,0.5888,0.8000,0.1061,-0.0910,0.9496,38.7580,-0.0286,-5.0699,0.1737
70.000,299.708,-1.9538,3.9094,153.185,-1.8998,3.9395,150.693,-0.0346,-0.0513,0.0619,-2.492,1.6410,3.1925,-2.391,-3.5688,0.5987,153.083,2.304,2.0103,305.101,0.8230,0.0264,0.0304,1.1529,2.3202,2.2603,nan,2.2805,2.3086,0.0914,0.5770,0.8000,0.1006,-0.0631,0.9114,38.8579,-0.0029,-0.7909,0.1737
70.050,299.838,-2.0731,3.9612,160.083,-2.0312,3.9963,157.210,-0.0274,-0.0473,0.0547,-2.872,1.6410,3.1925,-2.391,-3.7025,0.6499,159.601,2.264,2.0836,305.236,0.8372,0.0357,0.0253,0.7076,2.3802,2.4102,nan,2.1836,2.1202,0.0840,0.7222,0.8000,0.0600,-0.1369,0.8798,39.0577,0.0122,-1.4515,0.1737
70.100,299.838,-2.0731,3.9612,160.083,-2.0472,4.0396,157.397,0.0024,-0.0825,0.0826,-2.686,1.6275,3.2478,-2.204,-3.7025,0.6499,159.601,2.264,2.0836,305.236,0.8372,0.0357,0.0225,0.6306,2.3934,2.4146,nan,2.1744,2.0843,0.0825,0.7200,0.8000,0.0136,-0.1072,0.8827,39.1576,0.0183,-2.6682,0.1737
70.150,299.958,-2.1880,3.9959,166.407,-2.1849,4.0875,164.008,0.0185,-0.0898,0.0917,-2.399,1.6129,3.2277,-2.698,-3.8340,0.6801,166.706,2.182,2.0345,305.357,0.8544,0.0392,0.0256,0.6527,2.2075,2.1878,nan,2.1744,2.0719,0.0821,0.8319,0.8000,-0.0053,-0.1163,1.0072,39.2575,0.0424,-4.5294,0.1737
70.200,300.065,-2.2932,4.0156,172.593,-2.2829,4.1029,169.632,0.0011,-0.0879,0.0879,-2.961,1.6129,3.2277,-2.698,-3.9327,0.6908,172.330,2.039,2.1928,305.464,0.8497,0.0365,0.0291,0.7955,2.1117,2.1140,nan,2.1652,2.1691,0.0859,0.8327,0.8000,-0.0122,-0.1052,1.1761,39.3574,0.0144,-2.6699,0.1737
70.250,300.173,-2.4003,4.0230,179.617,-2.4086,4.1239,176.948,0.0089,-0.1008,0.1012,-2.669,1.6025,3.2259,-2.925,-4.0517,0.6921,179.872,1.950,2.2949,305.574,0.8625,0.0427,0.0295,0.6923,1.9377,1.9189,nan,2.2201,2.1677,0.0859,0.8105,0.8000,-0.0316,-0.1144,1.2162,39.4573,0.0575,-2.3022,0.1737
70.300,300.291,-2.5183,4.0152,-171.903,-2.5361,4.1236,-174.769,0.0024,-0.1098,0.1098,-2.866,1.5889,3.2807,-2.286,-4.1554,0.6776,-172.483,1.873,2.5190,305.701,0.8499,0.0217,0.0523,2.4068,1.9079,1.9189,nan,2.3039,2.2240,0.0881,0.7810,0.8000,-0.0448,-0.1230,1.2690,39.5572,0.0790,-2.3022,0.1737
70.350,300.394,-2.6189,3.9937,-163.807,-2.6595,4.0931,-166.145,0.0113,-0.1068,0.1074,-2.338,1.5911,3.3039,-1.955,-4.2751,0.6437,-164.190,1.889,2.4573,305.817,0.8713,0.0238,0.0526,2.2053,2.0520,2.1031,nan,2.4233,2.3872,0.0945,0.7698,0.8000,-0.0692,-0.0834,1.2091,39.6570,0.0622,-1.4232,0.1737
70.400,300.501,-2.7194,3.9569,-155.921,-2.7698,4.0342,-157.408,0.0145,-0.0911,0.0923,-1.487,1.6054,3.3172,-1.642,-4.3940,0.5914,-155.767,1.941,2.4793,305.939,0.8927,0.0301,0.0480,1.5931,2.1459,2.1819,nan,2.5131,2.5737,0.1019,0.7422,0.8000,-0.0785,-0.1704,1.0322,39.8568,0.0323,1.0004,0.1737
70.450,300.610,-2.8163,3.9056,-147.941,-2.8615,3.9719,-149.763,0.0031,-0.0802,0.0802,-1.822,1.6134,3.3148,-1.628,-4.4918,0.5297,-148.135,2.046,2.5250,306.068,0.8960,0.0374,0.0526,1.4063,2.1237,2.1374,nan,2.6092,2.6171,0.1036,0.6713,0.8000,-0.0667,-0.1424,0.9975,39.9567,0.0618,1.6059,0.1737
70.500,300.727,-2.9105,3.8374,-139.837,-2.9607,3.8913,-141.335,0.0036,-0.0736,0.0737,-1.498,1.6295,3.3332,-1.482,-4.6031,0.4392,-139.853,2.183,2.4392,306.205,0.9182,0.0129,0.0670,5.1946,2.2851,2.3460,nan,2.7066,2.7581,0.1092,0.6316,0.8000,-0.0674,-0.1010,0.8353,40.0566,0.0422,2.6379,0.1737
70.550,300.854,-3.0023,3.7487,-131.880,-3.0637,3.7843,-133.305,0.0145,-0.0695,0.0710,-1.424,1.6295,3.3332,-1.482,-4.7033,0.3296,-131.823,2.296,2.3790,306.350,0.9319,0.0881,0.0660,0.7486,2.4147,2.4641,nan,2.8573,2.9542,0.1170,0.5359,0.8846,-0.0633,-0.0582,0.7321,40.1565,0.0332,2.9482,0.1737
70.600,300.854,-3.0023,3.7487,-131.880,-3.0526,3.7806,-132.699,0.0098,-0.0587,0.0595,-0.819,1.6451,3.3791,-0.877,-4.7033,0.3296,-131.823,2.296,2.3790,306.350,0.9319,0.0173,0.0500,2.8913,2.5099,2.5501,nan,2.8762,3.0089,0.1192,0.4358,0.9250,-0.0479,-0.0007,0.6523,40.2564,0.0149,2.4450,0.1737
70.650,300.986,-3.0840,3.6450,-124.206,-3.1260,3.6623,-125.411,0.0093,-0.0444,0.0454,-1.205,1.6555,3.3661,-1.046,-4.7861,0.2088,-124.365,2.428,2.1821,306.500,0.9379,0.0181,0.0498,2.7478,2.6623,2.7238,nan,2.9369,3.0576,0.1211,0.3667,0.9811,-0.0340,-0.0269,0.6795,40.4561,0.0071,4.7551,0.1737
70.700,301.125,-3.1553,3.5261,-117.403,-3.1847,3.5033,-117.718,0.0338,-0.0157,0.0372,-0.314,1.6750,3.4027,-0.405,-4.8604,0.0663,-117.312,2.606,1.9654,306.658,0.9480,0.0255,0.0427,1.6708,2.8075,2.8678,nan,3.1081,3.1421,0.1244,0.2866,1.0346,-0.0043,0.0078,0.7189,40.5561,0.0358,4.3363,0.1737
70.750,301.276,-3.2179,3.3889,-111.487,-3.2375,3.3313,-110.291,0.0608,0.0029,0.0608,1.195,1.6841,3.4846,0.694,-4.9231,-0.0937,-110.985,2.764,1.6631,306.821,0.9556,0.0136,0.0294,2.1525,2.8363,2.8640,nan,3.1981,3.3004,0.1307,0.2269,1.1492,-0.0086,-0.0329,0.5189,40.7559,0.0240,3.4845,0.1737
70.800,301.431,-3.2686,3.2419,-106.412,-3.2752,3.1667,-105.758,0.0740,0.0149,0.0755,0.653,1.6890,3.4545,0.495,-4.9665,-0.2448,-106.254,2.882,1.4005,306.984,0.9502,0.0163,0.0285,1.7475,2.8406,2.8640,nan,3.3866,3.4854,0.1380,0.1538,1.1873,0.0112,0.0065,0.4572,40.8558,0.0487,3.4845,0.1737
70.850,301.596,-3.3094,3.0822,-102.223,-3.3029,2.9988,-101.848,0.0802,0.0241,0.0837,0.375,1.6991,3.4192,0.073,-5.0024,-0.4140,-101.921,3.007,1.1048,307.156,0.9490,0.0220,0.0233,1.0606,2.9319,2.9750,nan,3.6786,3.7609,0.1489,0.1215,1.2984,0.0135,-0.0266,0.3478,41.0555,0.0801,3.4276,0.1741
70.900,301.772,-3.3427,2.9093,-99.716,-3.3255,2.8221,-98.945,0.0831,0.0316,0.0889,0.771,1.7072,3.3882,-0.298,-5.0297,-0.5923,-98.647,3.251,0.6863,307.345,0.9452,0.0278,0.0186,0.6684,3.0363,3.0844,nan,3.7716,3.8918,0.1541,0.1048,1.3321,0.0114,-0.0584,0.2273,41.2553,0.0710,5.5193,0.1741
70.950,301.966,-3.3719,2.7181,-97.639,-3.3560,2.6246,-97.167,0.0905,0.0282,0.0948,0.472,1.7074,3.4461,0.267,-5.0671,-0.7979,-97.433,3.505,0.5912,307.552,0.9582,0.0157,0.0163,1.0374,3.2473,3.3512,nan,3.9501,4.1006,0.1624,0.1278,1.3735,-0.0168,-0.1081,0.1599,41.4551,0.0619,6.1810,0.1741
71.000,302.156,-3.3944,2.5287,-95.860,-3.3763,2.4180,-95.535,0.1083,0.0293,0.1122,0.325,1.7074,3.4461,0.267,-5.0885,-1.0045,-95.802,3.670,0.6195,307.753,0.9637,0.0170,0.0190,1.1164,3.4695,3.5872,nan,4.2071,4.3545,0.1725,0.1087,1.2896,-0.0262,-0.1057,0.1339,41.6549,0.0691,4.4604,0.1741
71.050,302.156,-3.3944,2.5287,-95.860,-3.3664,2.4174,-95.047,0.1079,0.0392,0.1148,0.813,1.7084,3.4888,0.755,-5.0885,-1.0045,-95.802,3.670,0.6195,307.753,0.9637,0.0170,0.0075,0.4403,3.6307,3.7083,nan,3.9767,4.2248,0.1673,0.0483,1.3189,-0.0307,-0.0907,0.1121,41.8547,-0.0011,3.9923,0.1741
71.100,302.367,-3.4121,2.3183,-93.492,-3.3786,2.2254,-92.695,0.0906,0.0391,0.0987,0.797,1.7003,3.5483,1.134,-5.1041,-1.2221,-93.829,3.855,0.6927,307.976,0.9646,0.0189,0.0049,0.2609,3.8154,3.9100,nan,3.7558,3.8012,0.1505,-0.0355,1.3127,-0.0363,-0.0502,0.0766,41.9546,-0.0036,5.1776,0.1741
71.150,302.614,-3.4223,2.0718,-91.158,-3.3838,1.9903,-90.421,0.0807,0.0402,0.0902,0.737,1.7094,3.5201,0.615,-5.1093,-1.4751,-91.035,4.066,0.4368,308.236,0.9626,0.0266,0.0078,0.2922,4.0637,4.2265,nan,3.4518,3.2636,0.1293,-0.0930,1.1907,-0.0459,-0.0264,-0.0891,42.2542,0.0054,0.9742,0.1741
71.200,302.839,-3.4249,1.8472,-90.178,-3.3847,1.7387,-89.669,0.1083,0.0405,0.1157,0.510,1.7181,3.4734,0.137,-5.1069,-1.7225,-89.805,4.097,0.3020,308.464,0.9675,0.0157,0.0102,0.6490,4.1607,4.2209,nan,3.2596,3.1820,0.1260,-0.1672,1.1859,-0.0572,0.0006,-0.1910,42.4540,-0.0587,0.3638,0.1741
71.250,303.070,-3.4259,1.6160,-90.699,-3.3798,1.4894,-88.447,0.1260,0.0476,0.1347,2.252,1.7000,3.5251,0.696,-5.1042,-1.9739,-89.143,3.870,-0.3239,308.680,0.9729,0.0192,0.0213,1.1068,4.1809,4.2209,nan,3.0523,3.1861,0.1262,-0.2464,1.1917,-0.0643,0.0463,-0.2842,42.6538,-0.0845,0.3638,0.1741
71.300,303.296,-3.4315,1.3905,-92.550,-3.3906,1.3040,-91.772,0.0846,0.0447,0.0957,0.778,1.7224,3.4492,-0.006,-5.1128,-2.1458,-91.766,3.456,-0.6517,308.882,0.9531,0.0236,0.0173,0.7327,3.7986,3.6217,nan,3.0523,2.9959,0.1186,-0.2461,1.0827,-0.0768,0.0081,-0.3265,42.7537,-0.0467,-8.1552,0.1741
71.350,303.475,-3.4434,1.2110,-95.970,-3.4068,1.1039,-94.747,0.1027,0.0475,0.1132,1.224,1.7286,3.4217,-0.151,-5.1293,-2.3314,-94.596,3.224,-1.2404,309.052,0.9598,0.0135,0.0221,1.6363,3.5456,3.5140,nan,2.8485,2.8027,0.1110,-0.2447,1.0106,-0.0935,0.0070,-0.4080,42.9535,-0.0451,-5.5965,0.1741
71.400,303.647,-3.4663,1.0411,-99.766,-3.4377,0.9508,-100.192,0.0841,0.0435,0.0947,-0.425,1.7286,3.4217,-0.151,-5.1598,-2.4845,-100.041,3.026,-1.1581,309.216,0.9602,0.0163,0.0109,0.6712,3.2109,3.1085,nan,2.7711,2.6608,0.1054,-0.1345,0.9152,-0.1143,-0.0659,-0.4306,43.0534,0.0027,-5.3196,0.1741
71.450,303.647,-3.4663,1.0411,-99.766,-3.4322,0.9560,-99.777,0.0780,0.0480,0.0916,-0.011,1.7161,3.4643,0.264,-5.1598,-2.4845,-100.041,3.026,-1.1581,309.216,0.9602,0.0163,0.0098,0.6045,2.9241,2.8631,nan,2.6971,2.5325,0.1003,-0.1660,0.8335,-0.1201,-0.0198,-0.4684,43.2532,0.0425,-5.4163,0.1741
71.500,303.816,-3.4999,0.8755,-103.401,-3.4628,0.8167,-102.420,0.0486,0.0497,0.0695,0.981,1.6835,3.5360,1.039,-5.1948,-2.6254,-103.459,2.826,-0.7431,309.376,0.9524,0.0198,0.0160,0.8062,2.8712,2.8866,nan,2.5124,2.3964,0.0949,-0.2810,0.8184,-0.1190,0.0207,-0.5300,43.3531,0.0123,-3.3823,0.1741
71.550,303.964,-3.5365,0.7318,-105.211,-3.5025,0.6667,-104.276,0.0539,0.0498,0.0734,0.934,1.6669,3.5682,1.397,-5.2386,-2.7746,-105.673,2.674,-0.6582,309.518,0.9611,0.0174,0.0213,1.2237,2.6760,2.6582,nan,2.5124,2.3855,0.0945,-0.4010,0.8000,-0.1122,0.0608,-0.5929,43.4529,0.0376,-4.0968,0.1741
71.600,304.107,-3.5764,0.5946,-107.333,-3.5433,0.5286,-106.210,0.0531,0.0512,0.0738,1.122,1.6781,3.5356,1.113,-5.2788,-2.9050,-107.323,2.531,-0.7539,309.655,0.9589,0.0219,0.0242,1.1049,2.4762,2.4545,nan,2.4121,2.3219,0.0920,-0.5314,0.8000,-0.1071,0.1511,-0.7559,43.6528,0.0363,-4.1057,0.1741
71.650,304.244,-3.6206,0.4648,-110.657,-3.5917,0.4264,-109.443,0.0257,0.0406,0.0481,1.214,1.7120,3.4852,0.356,-5.3226,-3.0258,-109.799,2.390,-1.1462,309.788,0.9553,0.0099,0.0214,2.1734,2.3918,2.3986,nan,2.3189,2.1743,0.0861,-0.6545,0.8000,-0.0893,0.1801,-0.5895,43.7527,0.0521,-4.1057,0.1741
71.700,304.373,-3.6703,0.3459,-115.163,-3.6390,0.3116,-113.785,0.0177,0.0429,0.0464,1.378,1.7030,3.4892,0.435,-5.3659,-3.1370,-114.220,2.307,-1.5344,309.916,0.9467,0.0126,0.0153,1.2147,2.3252,2.3341,nan,2.2414,2.0612,0.0816,-0.6471,0.8000,-0.0984,0.1312,-0.5799,43.8525,0.0610,-2.5305,0.1741
71.750,304.497,-3.7281,0.2361,-120.806,-3.7000,0.1972,-119.421,0.0191,0.0440,0.0480,1.385,1.6995,3.5026,0.574,-5.4323,-3.2512,-119.994,2.208,-1.9007,310.041,0.9563,0.0185,0.0072,0.3909,2.3443,2.3661,nan,2.1700,2.0860,0.0826,-0.7178,0.8000,-0.0988,0.0900,-0.8814,43.9524,0.0212,-2.4926,0.1741
71.800,304.614,-3.7934,0.1388,-127.331,-3.7715,0.0988,-125.952,0.0185,0.0417,0.0456,1.380,1.6755,3.5470,1.027,-5.5079,-3.3500,-126.978,2.013,-2.1181,310.156,0.9665,0.0445,0.0062,0.1390,2.2673,2.2742,nan,2.1700,2.1321,0.0844,-0.7251,0.8000,-0.0992,0.0557,-1.0389,44.0523,0.0139,-5.5670,0.1741
71.850,304.723,-3.8641,0.0567,-134.354,-3.8338,0.0238,-132.185,0.0023,0.0446,0.0447,2.169,1.6327,3.6200,1.833,-5.5788,-3.4194,-134.018,1.942,-2.2714,310.269,0.9624,0.0643,0.0055,0.0850,2.0614,2.0327,nan,2.0993,2.1066,0.0834,-0.7071,0.8000,-0.1036,0.0435,-1.0359,44.1522,0.0113,-2.4658,0.1741
71.900,304.831,-3.9444,-0.0158,-141.638,-3.9202,-0.0491,-139.968,0.0017,0.0411,0.0411,1.670,1.6578,3.5820,1.438,-5.6674,-3.4899,-141.406,1.930,-2.2180,310.385,0.9695,0.0066,0.0244,3.6827,2.0408,2.0541,nan,2.0905,2.0948,0.0830,-0.7252,0.8000,-0.0957,0.0392,-1.1129,44.2521,0.0135,-1.3413,0.1741
71.950,304.831,-3.9444,-0.0158,-141.638,-3.9202,-0.0491,-139.968,0.0017,0.0411,0.0411,1.670,1.6578,3.5820,1.438,-5.6674,-3.4899,-141.406,1.930,-2.2180,310.385,0.9695,0.0066,0.0244,3.6827,2.1092,2.1385,nan,2.0816,2.0445,0.0810,-0.7448,0.8000,-0.0866,0.1595,-1.2949,44.4519,0.0203,-0.7402,0.1741
72.000,304.938,-4.0328,-0.0772,-148.706,-4.0178,-0.1210,-147.382,0.0099,0.0452,0.0463,1.323,1.6420,3.6243,1.808,-5.7752,-3.5648,-149.190,1.917,-2.2236,310.499,0.9923,0.0224,0.0095,0.4229,1.9476,1.9331,nan,2.1350,2.1055,0.0834,-0.7217,0.8000,-0.0878,0.0626,-1.2949,44.4519,0.0395,-1.3859,0.1741
72.050,305.045,-4.1273,-0.1269,-155.905,-4.1066,-0.1709,-153.540,-0.0009,0.0486,0.0487,2.365,1.6261,3.6280,1.963,-5.8594,-3.6003,-155.502,1.900,-2.2526,310.613,0.9780,0.0447,0.0148,0.3308,2.0889,2.1396,nan,2.2905,2.2932,0.0908,-0.7543,0.8000,-0.0635,0.2084,-1.3182,44.6516,0.0308,-1.8283,0.1741
72.100,305.149,-4.2241,-0.1631,-163.047,-4.2244,-0.2145,-160.726,0.0152,0.0491,0.0514,2.321,1.5880,3.7029,2.676,-5.9890,-3.6418,-163.402,1.872,-2.2131,310.723,1.0107,0.0716,0.0225,0.3138,1.9154,1.8967,nan,2.2905,2.2501,0.0891,-0.6669,0.8000,-0.0664,0.0973,-1.3182,44.6516,0.0634,0.1499,0.1741
72.150,305.252,-4.3247,-0.1872,-170.010,-4.3083,-0.2255,-167.449,-0.0095,0.0406,0.0417,2.561,1.6154,3.6698,2.242,-6.0716,-3.6606,-169.692,1.889,-2.2192,310.835,0.9920,0.0073,0.0552,7.5314,2.0814,2.1419,nan,2.4543,2.5143,0.0996,-0.7453,0.8000,-0.0311,0.2422,-1.1132,44.8514,0.0327,0.0299,0.1741
72.200,305.358,-4.4301,-0.1990,-177.485,-4.4343,-0.2374,-175.549,0.0059,0.0382,0.0386,1.935,1.6678,3.6003,1.561,-6.2043,-3.6700,-177.110,1.979,-2.2004,310.957,1.0172,0.0149,0.0348,2.3378,2.1188,2.1419,nan,2.5477,2.5763,0.1020,-0.7134,0.8000,-0.0192,0.2242,-1.0446,44.9513,0.0488,0.0299,0.1741
72.250,305.471,-4.5428,-0.1971,175.547,-4.5485,-0.2218,177.314,0.0038,0.0251,0.0254,1.767,1.6635,3.6322,1.775,-6.3283,-3.6598,175.539,2.043,-2.2781,311.080,1.0255,0.0293,0.0267,0.9114,2.1623,2.1869,nan,2.6370,2.6896,0.1065,-0.6777,0.8000,-0.0091,0.1917,-0.8589,45.0512,0.0477,2.6362,0.1741
72.300,305.587,-4.6578,-0.1809,167.799,-4.6583,-0.2003,169.777,-0.0036,0.0191,0.0194,1.978,1.6900,3.6194,1.660,-6.4562,-3.6342,168.117,2.183,-2.4458,311.218,1.0351,0.0612,0.0271,0.4423,2.2081,2.2336,nan,2.7281,2.8058,0.1111,-0.6449,0.8000,-0.0049,0.1607,-0.7929,45.1511,0.0468,2.0774,0.1741
72.350,305.713,-4.7791,-0.1462,159.809,-4.7766,-0.1475,162.061,-0.0028,0.0003,0.0028,2.253,1.6946,3.6516,1.860,-6.5911,-3.5870,160.201,2.320,-2.4563,311.365,1.0446,0.0801,0.0388,0.4840,2.3638,2.4232,nan,2.7888,2.8889,0.1144,-0.5654,0.8528,-0.0004,0.0984,-0.7359,45.2510,0.0298,2.8654,0.1741
72.400,305.844,-4.8988,-0.0932,152.011,-4.9165,-0.0680,152.777,0.0274,-0.0139,0.0308,0.766,1.7696,3.5462,0.887,-6.7413,-3.5103,151.890,2.445,-2.2978,311.514,1.0680,0.0125,0.0283,2.2670,2.5959,2.7062,nan,2.8356,2.9746,0.1178,-0.5084,0.9365,-0.0033,0.1102,-0.6770,45.4507,-0.0027,2.4016,0.1741
72.450,305.844,-4.8988,-0.0932,152.011,-4.9165,-0.0680,152.777,0.0274,-0.0139,0.0308,0.766,1.7696,3.5462,0.887,-6.7413,-3.5103,151.890,2.445,-2.2978,311.593,1.0680,0.0125,0.0283,2.2670,2.6418,2.6710,nan,2.9059,2.9278,0.1160,-0.4226,0.9530,-0.0164,0.0580,-0.7637,45.5506,0.0344,3.6389,0.1741
72.500,305.985,-5.0188,-0.0198,144.749,-5.0270,0.0359,145.079,0.0388,-0.0407,0.0563,0.330,1.8064,3.5171,0.486,-6.8627,-3.4232,144.593,2.577,-2.1311,311.671,1.0661,0.0226,0.0215,0.9540,2.7377,2.7803,nan,3.0627,3.0554,0.1210,-0.3625,1.0242,-0.0321,0.1003,-0.6907,45.7504,0.0511,3.2225,0.1741
72.551,306.133,-5.1347,0.0723,137.938,-5.1404,0.1492,138.197,0.0558,-0.0533,0.0771,0.259,1.8242,3.5055,0.350,-6.9850,-3.3137,137.848,2.702,-1.9426,311.832,1.0685,0.0371,0.0319,0.8609,2.8238,2.8644,nan,3.1537,3.2396,0.1283,-0.3162,1.0904,-0.0362,0.0731,-0.6226,45.8503,0.0243,2.7363,0.1741
72.600,306.289,-5.2453,0.1828,132.024,-5.2407,0.2630,132.307,0.0565,-0.0571,0.0803,0.284,1.8275,3.5092,0.428,-7.0922,-3.1933,131.879,2.785,-1.6158,311.995,1.0632,0.0438,0.0331,0.7561,2.9435,2.9956,nan,3.4421,3.5319,0.1399,-0.2896,1.2041,-0.0268,0.1161,-0.5042,46.0501,0.0452,2.9573,0.1741
72.650,306.448,-5.3467,0.3056,126.910,-5.3572,0.4185,126.596,0.0966,-0.0594,0.1134,-0.314,1.8355,3.4940,0.288,-7.2080,-3.0393,126.308,2.902,-1.4539,312.162,1.0714,0.0172,0.0111,0.6421,2.9676,2.9956,nan,3.5296,3.6618,0.1450,-0.2598,1.3247,-0.0100,0.1192,-0.3371,46.2499,0.0438,2.9573,0.1741
72.700,306.630,-5.4496,0.4556,121.795,-5.4312,0.5402,122.254,0.0622,-0.0602,0.0865,0.459,1.8423,3.4768,0.127,-7.2800,-2.9205,122.127,3.063,-1.3312,312.355,1.0470,0.0274,0.0057,0.2078,2.7431,2.7154,nan,3.5296,3.6235,0.1435,-0.2352,1.2552,-0.0088,0.0966,-0.2923,46.3498,0.0817,3.5942,0.1741
72.750,306.807,-5.5374,0.6086,117.681,-5.5314,0.7394,117.570,0.1130,-0.0661,0.1309,-0.112,1.8546,3.4610,-0.018,-7.3851,-2.7239,117.588,3.321,-1.2524,312.549,1.0559,0.0336,0.0197,0.5873,3.0498,3.3617,nan,3.7615,3.8712,0.1533,-0.2178,1.3955,0.0081,0.0853,-0.2823,46.5496,0.0699,6.2960,0.1741
72.800,306.996,-5.6201,0.7795,113.716,-5.6116,0.9217,113.643,0.1268,-0.0649,0.1424,-0.073,1.8607,3.4452,-0.132,-7.4665,-2.5407,113.775,3.455,-1.1938,312.748,1.0526,0.0204,0.0004,0.0205,3.3267,3.5205,nan,3.9152,4.0373,0.1599,-0.1772,1.5222,0.0142,0.0820,-0.2824,46.7494,0.0519,3.2570,0.1741
72.850,307.203,-5.6968,0.9708,109.787,-5.6864,1.1280,109.627,0.1444,-0.0630,0.1575,-0.160,1.8607,3.4452,-0.132,-7.5417,-2.3346,109.759,3.642,-1.0265,312.966,1.0489,0.0224,0.0029,0.1288,3.5445,3.6595,nan,4.1940,4.2777,0.1694,-0.1451,1.6219,0.0232,0.0789,-0.2925,46.9491,0.0702,4.2217,0.1741
72.900,307.400,-5.7590,1.1584,106.697,-5.6860,1.1208,109.800,-0.0570,-0.0591,0.0821,3.103,1.8540,3.4607,0.041,-7.5417,-2.3346,109.759,3.642,-1.0265,313.175,1.0321,0.0499,0.0019,0.0386,3.7045,3.7828,nan,4.3732,4.5544,0.1804,-0.1250,1.7427,0.0364,0.0913,-0.2437,47.1489,0.0561,4.1505,0.1744
72.950,307.400,-5.7590,1.1584,106.697,-5.7481,1.3085,106.603,0.1407,-0.0535,0.1505,-0.094,1.8540,3.4357,-0.056,-7.6001,-2.1346,106.659,3.808,-0.9086,313.175,1.0435,0.0230,0.0031,0.1325,3.8576,3.9342,nan,4.5432,4.7773,0.1892,-0.1017,1.9483,0.0558,0.0857,-0.1271,47.3487,0.0540,4.8419,0.1744
73.000,307.619,-5.8172,1.3698,103.880,-5.8046,1.5360,103.911,0.1583,-0.0521,0.1666,0.031,1.8454,3.4693,0.179,-7.6560,-1.9095,103.733,4.005,-0.8239,313.408,1.0395,0.0228,0.0041,0.1811,4.0187,4.1019,nan,4.7834,5.0070,0.1983,-0.0914,2.0408,0.0710,0.0745,-0.0876,47.5485,0.0678,5.4023,0.1744
73.051,307.830,-5.8638,1.5747,101.533,-5.8461,1.7196,101.958,0.1384,-0.0463,0.1459,0.425,1.8389,3.4777,0.437,-7.6981,-1.6995,101.521,4.209,-0.8134,313.633,1.0345,0.0207,0.0030,0.1463,4.2839,4.4997,nan,4.9349,5.1990,0.2059,-0.0808,2.1754,0.0866,0.0518,-0.0384,47.7483,0.0512,2.7438,0.1744
73.100,308.059,-5.9058,1.8001,99.433,-5.8931,2.0003,99.000,0.1954,-0.0453,0.2006,-0.433,1.8473,3.4434,0.111,-7.7432,-1.4281,98.889,4.433,-0.6457,313.879,1.0335,0.0188,0.0080,0.4286,4.3095,4.3535,nan,5.0083,5.2596,0.2083,-0.0616,2.1884,0.0842,0.0164,-0.0152,47.8482,0.0588,5.1785,0.1744
73.150,308.309,-5.9430,2.0477,97.431,-5.9276,2.2097,97.250,0.1587,-0.0362,0.1627,-0.182,1.8532,3.3902,-0.140,-7.7779,-1.1995,97.390,4.653,-0.6083,314.146,1.0324,0.0226,0.0020,0.0871,4.4850,4.5990,nan,5.2200,5.4636,0.2164,-0.0704,2.2147,0.1014,0.0069,-0.0319,48.2477,0.0656,5.1785,0.1744
73.200,308.586,-5.9744,2.3224,95.470,-5.9580,2.4869,95.078,0.1622,-0.0320,0.1653,-0.392,1.8605,3.3347,-0.376,-7.8128,-0.8992,95.455,4.860,-0.4893,314.440,1.0340,0.0192,0.0052,0.2690,4.6930,4.8532,nan,5.4848,5.7247,0.2267,-0.0660,2.2808,0.1028,-0.0173,-0.0423,48.4475,0.0744,4.7821,0.1744
73.250,308.852,-5.9968,2.5876,94.013,-5.9832,2.7698,93.918,0.1808,-0.0263,0.1827,-0.095,1.8503,3.3640,-0.055,-7.8329,-0.6017,93.973,4.985,-0.4907,314.717,1.0303,0.0163,0.0069,0.4256,4.9495,5.2223,nan,5.6720,5.9398,0.2352,-0.0685,2.2782,0.0919,-0.0243,-0.0548,48.7472,0.0655,3.0193,0.1744
73.300,309.129,-6.0127,2.8639,92.379,-6.0064,3.0331,92.689,0.1688,-0.0133,0.1694,0.310,1.8411,3.3842,0.214,-7.8488,-0.3218,92.475,5.247,-0.5555,315.018,1.0302,0.0129,0.0089,0.6883,5.0680,5.1750,nan,5.7921,6.0604,0.2400,-0.0761,2.2565,0.0956,-0.0239,-0.0697,49.0469,0.0663,5.4253,0.1744
73.350,309.424,-6.0211,3.1593,90.573,-6.0168,3.3724,91.012,0.2131,-0.0064,0.2132,0.439,1.8362,3.4262,0.373,-7.8532,-0.0026,90.639,5.475,-0.6195,315.335,1.0258,0.0067,0.0138,2.0510,5.2860,5.5087,nan,6.0028,6.2846,0.2489,-0.0819,2.2419,0.0918,-0.0368,-0.0835,49.2467,0.0660,5.2104,0.1744
73.400,309.736,-6.0194,3.4714,88.476,-6.0180,3.7110,88.788,0.2396,0.0050,0.2396,0.313,1.8292,3.3982,0.246,-7.8458,0.3465,88.542,5.657,-0.6986,315.666,1.0207,0.0202,0.0163,0.8071,5.5254,5.8177,nan,6.1257,6.4440,0.2552,-0.0910,2.2209,0.0825,-0.0277,-0.1183,49.6462,0.0524,4.0481,0.1744
73.450,310.059,-6.0053,3.7936,86.117,-5.9987,4.0260,86.537,0.2323,0.0091,0.2325,0.419,1.8292,3.3982,0.246,-7.8251,0.6614,86.291,5.847,-0.7994,316.010,1.0139,0.0102,0.0186,1.8322,5.6580,5.8055,nan,5.9287,6.2449,0.2473,-0.0928,2.2186,0.0703,-0.0343,-0.1145,49.9459,0.0157,4.1565,0.1744
73.500,310.059,-6.0053,3.7936,86.117,-6.0001,4.0137,86.222,0.2199,0.0097,0.2201,0.104,1.8243,3.3429,-0.069,-7.8251,0.6614,86.291,5.847,-0.7994,316.010,1.0139,0.0102,0.0154,1.5091,5.9109,6.3060,nan,5.6746,5.8048,0.2299,-0.0935,2.1660,0.0461,-0.0524,-0.1130,50.2456,-0.0180,3.5653,0.1744
73.550,310.391,-5.9764,4.1246,83.435,-5.9615,4.3468,83.708,0.2224,0.0106,0.2227,0.273,1.8258,3.3287,0.152,-7.7846,1.0387,83.556,5.999,-0.8523,316.360,1.0045,0.0032,0.0236,7.3030,6.0695,6.2696,nan,5.4885,5.2975,0.2098,-0.0961,2.1322,0.0178,-0.0566,-0.1472,50.5452,0.0044,0.2292,0.1744
73.600,310.721,-5.9322,4.4519,80.714,-5.9146,4.6617,80.554,0.2099,0.0165,0.2106,-0.160,1.8093,3.2581,-0.226,-7.7294,1.3731,80.780,5.999,-0.8554,316.695,0.9941,0.0034,0.0305,9.0232,6.0863,6.1731,nan,5.3050,5.3241,0.2109,-0.0961,2.0854,-0.0080,-0.0567,-0.1855,50.8449,-0.0229,-3.6953,0.1744
73.650,311.046,-5.8735,4.7716,78.015,-5.8420,4.9561,77.170,0.1871,0.0075,0.1872,-0.845,1.7921,3.1448,-0.693,-7.6554,1.7189,77.863,5.826,-0.8490,317.008,0.9813,0.0167,0.0096,0.5719,5.6832,5.4008,nan,5.1826,5.0698,0.2008,-0.1089,2.0854,-0.0248,-0.0610,-0.1957,51.0447,-0.0001,-7.1924,0.1744
73.700,311.369,-5.8003,5.0854,75.247,-5.7757,5.1720,73.955,0.0900,-0.0018,0.0901,-1.292,1.7631,3.0270,-1.408,-7.5892,1.9591,75.363,5.520,-0.8226,317.309,0.9832,0.0071,0.0125,1.7728,5.4412,5.4008,nan,5.1203,4.9707,0.1969,-0.0922,1.9818,-0.0618,-0.0690,-0.2048,51.2445,0.0273,-7.1924,0.1744
73.750,311.667,-5.7189,5.3730,72.690,-5.6848,5.4501,71.117,0.0838,-0.0096,0.0843,-1.573,1.7488,2.9957,-1.551,-7.4973,2.2524,72.668,5.350,-0.7636,317.596,0.9728,0.0023,0.0205,9.0623,5.4453,5.5087,nan,4.9235,4.8377,0.1916,-0.0889,1.9460,-0.0987,-0.0593,-0.2211,51.5442,-0.0077,-3.7594,0.1744
73.800,311.954,-5.6288,5.6455,70.341,-5.5974,5.6756,68.694,0.0389,-0.0195,0.0435,-1.647,1.7329,2.9587,-1.590,-7.4028,2.5125,70.283,5.109,-0.7083,317.867,0.9681,0.0013,0.0268,20.6874,5.2732,5.2727,nan,4.7736,4.6879,0.1857,-0.0919,1.8212,-0.1176,-0.0510,-0.2323,51.7439,-0.0053,-5.8227,0.1744
73.850,312.240,-5.5283,5.9126,68.071,-5.4987,5.9106,66.785,0.0092,-0.0282,0.0297,-1.286,1.7437,2.9971,-1.289,-7.3061,2.7498,68.074,4.912,-0.6946,318.140,0.9715,0.0162,0.0307,1.8934,4.9919,4.9295,nan,4.6962,4.5627,0.1807,-0.1030,1.8212,-0.1334,-0.0359,-0.2421,51.9437,0.0296,-4.5349,0.1744
73.900,312.500,-5.4272,6.1527,65.925,-5.3853,6.1529,64.793,0.0173,-0.0382,0.0419,-1.132,1.7536,3.0246,-1.049,-7.1949,2.9970,65.842,4.746,-0.7325,318.390,0.9614,0.0124,0.0330,2.6669,4.8705,4.8871,nan,4.4748,4.3559,0.1725,-0.1378,1.8212,-0.1392,-0.0158,-0.2486,52.1435,0.0158,-4.0741,0.1744
73.950,312.757,-5.3185,6.3852,63.564,-5.2812,6.3514,62.555,-0.0136,-0.0485,0.0503,-1.009,1.7536,3.0246,-1.049,-7.0945,3.1974,63.605,4.592,-0.8229,318.638,0.9701,0.0086,0.0432,5.0520,4.5580,4.4754,nan,4.3986,4.2005,0.1664,-0.1513,1.7560,-0.1434,0.0013,-0.2473,52.3433,0.0693,-3.7225,0.1744
74.000,312.757,-5.3185,6.3852,63.564,-5.2891,6.3547,62.927,-0.0143,-0.0399,0.0424,-0.638,1.7670,3.0735,-0.678,-7.0945,3.1974,63.605,4.592,-0.8229,318.638,0.9701,0.0086,0.0342,4.0005,4.4653,4.4868,nan,4.2501,4.0729,0.1613,-0.1737,1.6586,-0.1367,0.0134,-0.2658,52.5431,0.0561,-4.5245,0.1744
74.050,313.009,-5.2014,6.6079,60.498,-5.1683,6.5957,60.736,0.0057,-0.0348,0.0352,0.238,1.7939,3.1572,-0.135,-6.9703,3.4221,60.871,4.408,-0.9962,318.879,0.9629,0.0064,0.0195,3.0347,4.2466,4.2301,nan,4.1147,3.9280,0.1556,-0.1977,1.6360,-0.1255,0.0176,-0.2927,52.7429,0.0677,-4.6289,0.1744
74.100,313.250,-5.0775,6.8151,57.232,-5.0570,6.7802,57.616,-0.0183,-0.0361,0.0405,0.384,1.8085,3.2028,0.194,-6.8533,3.6007,57.422,4.225,-1.0879,319.111,0.9711,0.0051,0.0254,4.9531,4.2652,4.3065,nan,3.8405,3.7378,0.1480,-0.2258,1.6432,-0.1147,0.0548,-0.3210,53.0425,0.0082,-4.1585,0.1744
74.150,313.478,-4.9491,7.0033,53.682,-4.9236,6.9784,54.087,-0.0049,-0.0353,0.0356,0.405,1.8082,3.2205,0.352,-6.7085,3.7993,53.735,4.071,-1.1778,319.331,0.9542,0.0215,0.0330,1.5360,3.9832,3.9376,nan,3.7782,3.6499,0.1445,-0.2440,1.5346,-0.1040,0.0641,-0.3618,53.2423,0.0402,-3.9119,0.1744
74.200,313.701,-4.8114,7.1793,49.716,-4.8131,7.1281,51.402,-0.0402,-0.0318,0.0513,1.686,1.8683,3.3550,1.564,-6.5759,3.9541,49.838,3.918,-1.2869,319.548,0.9606,0.0212,0.0284,1.3355,3.9159,3.9376,nan,3.6831,3.4822,0.1379,-0.2560,1.5086,-0.0983,0.0722,-0.3114,53.4421,0.0574,-3.9119,0.1744
74.250,313.912,-4.6704,7.3353,45.482,-4.6823,7.2816,47.791,-0.0467,-0.0292,0.0551,2.309,1.8965,3.4196,2.062,-6.4356,4.0962,45.729,3.737,-1.3709,319.751,0.9623,0.0227,0.0268,1.1817,3.8035,3.8169,nan,3.3456,3.2139,0.1273,-0.2731,1.4653,-0.0828,0.0534,-0.3451,53.5420,0.0099,-4.6704,0.1744
74.300,314.114,-4.5234,7.4744,40.854,-4.5411,7.4268,44.054,-0.0445,-0.0244,0.0508,3.200,1.9475,3.5219,2.917,-6.2815,4.2301,41.137,3.505,-1.4557,319.943,0.9557,0.0256,0.0253,0.9905,3.7311,3.7505,nan,3.3174,3.2255,0.1277,-0.2853,1.4375,-0.0709,0.0643,-0.4586,53.7418,0.0034,-5.6833,0.1744
74.350,314.299,-4.3790,7.5905,36.318,-4.4002,7.5488,38.893,-0.0418,-0.0210,0.0468,2.575,1.9324,3.5091,2.718,-6.1339,4.3354,36.175,3.269,-1.4423,320.119,0.9535,0.0280,0.0254,0.9073,3.5057,3.4858,nan,3.4771,2.7325,0.1082,-0.2862,1.3506,-0.0618,0.0891,-0.4762,53.9416,0.0659,-6.5558,0.1744
74.400,314.479,-4.2300,7.6917,31.715,-4.2642,7.6395,34.216,-0.0566,-0.0264,0.0624,2.501,1.9324,3.5091,2.718,-5.9938,4.4195,31.498,3.146,-1.4025,320.295,0.9642,0.0339,0.0457,1.3492,3.2029,3.1341,nan,3.4771,3.4371,0.1361,-0.2727,1.2340,-0.0560,0.0506,-0.1189,0.0000,0.0586,-2.8524,0.1744
74.450,314.643,-4.0881,7.7728,27.539,-4.1188,7.7296,29.653,-0.0472,-0.0241,0.0530,2.114,1.9078,3.4736,2.262,-5.8539,4.4906,27.391,2.883,-1.2583,320.448,0.9674,0.0352,0.0418,1.1880,3.0346,3.0286,nan,3.6386,3.3025,0.1308,-0.2685,1.1691,-0.0520,0.0166,-0.6307,0.0999,0.0670,-8.0318,0.1744
74.500,314.643,-4.0881,7.7728,27.539,-4.1011,7.7522,29.104,-0.0210,-0.0122,0.0243,1.566,1.8845,3.4388,1.714,-5.8539,4.4906,27.391,2.883,-1.2583,320.448,0.9674,0.0352,0.0321,0.9130,2.8571,2.8467,nan,3.6386,3.6935,0.1463,-0.2758,1.1632,-0.0394,0.0501,-0.4906,0.2997,0.0903,5.8008,0.1744
74.550,314.812,-3.9354,7.8459,23.387,-3.9416,7.8322,25.052,-0.0112,-0.0101,0.0151,1.665,1.8900,3.4275,1.415,-5.7210,4.5474,23.637,3.118,-1.3101,320.633,0.9893,0.0358,0.0268,0.7486,3.1567,3.4183,nan,3.7464,3.8654,0.1531,-0.2991,1.2851,-0.0216,0.0601,-0.4081,0.4995,0.0516,1.1604,0.1744
74.600,314.985,-3.7742,7.9093,19.227,-3.7289,7.9167,20.096,0.0452,-0.0079,0.0459,0.869,1.8680,3.4085,1.243,-5.4978,4.6286,18.852,3.188,-1.3807,320.812,0.9254,0.0352,0.0154,0.4392,2.9787,2.9693,nan,3.8214,3.4986,0.1386,-0.2847,1.2127,-0.0215,0.0760,-0.4727,0.6992,0.0961,4.4830,0.1744
74.650,315.167,-3.6008,7.9629,14.735,-3.5896,7.9504,15.738,0.0076,-0.0150,0.0168,1.003,1.8307,3.3428,0.533,-5.3772,4.6578,15.205,3.384,-1.4556,321.008,0.9811,0.0411,0.0361,0.8787,3.2328,3.8622,nan,3.9399,3.5382,0.1401,-0.2660,1.3161,-0.0155,0.0383,-0.5167,0.7991,0.0764,2.1666,0.1744
74.700,315.365,-3.4075,8.0054,9.514,-3.3180,8.0025,9.558,0.0878,-0.0176,0.0896,0.044,1.7651,3.2575,-0.390,-5.1152,4.7103,9.948,3.528,-1.5723,321.219,0.9118,0.0391,0.0190,0.4859,3.5336,3.8622,nan,4.0965,4.2002,0.1663,-0.2697,1.5356,0.0045,0.0743,-0.3872,1.0988,0.0538,2.1666,0.1744
74.750,315.556,-3.2174,8.0297,4.629,-3.1055,8.0134,3.447,0.1102,-0.0253,0.1131,-1.182,1.7265,3.2009,-1.053,-4.9196,4.7229,4.500,3.483,-1.5141,321.412,0.9081,0.0389,0.0299,0.7670,3.6352,3.6888,nan,4.2015,4.2599,0.1687,-0.2241,1.5798,-0.0081,0.0407,-0.3897,1.2986,0.0659,-2.4187,0.1744
74.800,315.760,-3.0144,8.0383,-0.285,-2.9250,8.0199,-0.584,0.0895,-0.0180,0.0913,-0.300,1.7776,3.2604,-0.469,-4.7414,4.7209,-0.116,3.752,-1.3827,321.639,0.9343,0.0379,0.0219,0.5788,3.4714,3.4708,nan,4.2986,4.2447,0.1681,-0.2007,1.5450,-0.0149,0.0317,-0.3454,1.4984,0.0965,5.7731,0.1744
74.850,315.972,-2.8023,8.0301,-4.511,-2.6655,8.0016,-5.680,0.1386,-0.0177,0.1397,-1.169,1.7262,3.2249,-0.964,-4.4715,4.7021,-4.716,3.943,-1.2650,321.866,0.8794,0.0346,0.0193,0.5583,3.7708,4.1593,nan,4.3981,4.4576,0.1765,-0.2196,1.6862,0.0094,0.0440,-0.3367,1.6982,0.0737,4.7665,0.1744
74.900,316.196,-2.5800,8.0054,-8.530,-2.4280,7.9587,-10.093,0.1572,-0.0236,0.1590,-1.563,1.6970,3.1774,-1.542,-4.2522,4.6686,-8.550,4.043,-1.3304,322.099,0.8841,0.0331,0.0268,0.8096,3.9648,4.0675,nan,4.4941,4.5737,0.1811,-0.2115,1.7910,0.0135,0.0466,-0.3183,1.8979,0.0576,2.2802,0.1746
74.950,316.422,-2.3574,7.9643,-12.952,-2.1966,7.9009,-14.283,0.1709,-0.0257,0.1728,-1.331,1.6970,3.1774,-1.542,-4.0194,4.6170,-12.741,4.182,-1.3922,322.339,0.8763,0.0351,0.0266,0.7592,4.1113,4.1901,nan,4.6744,4.7624,0.1886,-0.2007,1.8874,0.0166,0.0583,-0.2912,2.1976,0.0606,2.8265,0.1746
75.000,316.422,-2.3574,7.9643,-12.952,-2.1924,7.8996,-14.444,0.1753,-0.0261,0.1772,-1.492,1.6880,3.1651,-1.703,-4.0194,4.6170,-12.741,4.182,-1.3922,322.339,0.8763,0.0351,0.0279,0.7959,4.2580,4.3430,nan,4.7592,4.8625,0.1926,-0.1868,1.9676,0.0176,0.0367,-0.2795,2.3974,0.0510,2.7202,0.1746
75.050,316.655,-2.1317,7.9043,-17.346,-1.9553,7.8206,-18.864,0.1934,-0.0273,0.1953,-1.518,1.7078,3.1847,-1.441,-3.7785,4.5423,-17.423,4.304,-1.3737,322.584,0.8649,0.0363,0.0317,0.8723,4.3403,4.4017,nan,4.8370,4.9406,0.1957,-0.1788,2.0183,0.0215,0.0291,-0.2684,2.5972,0.0509,3.5040,0.1746
75.100,316.905,-1.8958,7.8215,-21.814,-1.7403,7.7320,-23.475,0.1777,-0.0253,0.1794,-1.661,1.6704,3.1753,-1.745,-3.5479,4.4508,-21.730,4.459,-1.3224,322.849,0.8720,0.0391,0.0428,1.0950,4.5794,4.7720,nan,4.9411,5.0808,0.2012,-0.1638,2.1316,0.0228,0.0356,-0.2550,2.8969,0.0308,2.9238,0.1746
75.150,317.150,-1.6719,7.7237,-25.880,-1.5121,7.6137,-27.792,0.1918,-0.0292,0.1940,-1.912,1.6418,3.1814,-1.840,-3.2945,4.3287,-25.952,4.580,-1.2983,323.106,0.8500,0.0316,0.0430,1.3617,4.6433,4.7073,nan,5.0014,5.1310,0.2032,-0.1582,2.1613,0.0305,0.0213,-0.2518,3.0966,0.0325,2.2929,0.1746
75.200,317.409,-1.4421,7.6031,-30.004,-1.3095,7.4901,-31.661,0.1713,-0.0315,0.1742,-1.657,1.6423,3.2159,-1.507,-3.0632,4.1951,-30.154,4.685,-1.2245,323.377,0.8522,0.0343,0.0498,1.4525,4.6584,4.7073,nan,5.0732,5.1501,0.2040,-0.1433,2.1684,0.0226,0.0075,-0.2618,3.2964,0.0478,2.2929,0.1746
75.250,317.670,-1.2200,7.4661,-33.794,-1.1129,7.3670,-34.648,0.1441,-0.0228,0.1459,-0.854,1.6767,3.2742,-0.846,-2.8497,4.0512,-33.802,4.796,-1.1103,323.650,0.8625,0.0357,0.0396,1.1092,4.6801,4.7315,nan,5.1568,5.1821,0.2052,-0.1399,2.1857,0.0208,0.0116,-0.2608,3.4962,0.0645,2.5802,0.1746
75.300,317.942,-0.9984,7.3091,-37.247,-0.8871,7.2055,-37.832,0.1513,-0.0151,0.1520,-0.586,1.6916,3.3121,-0.490,-2.6119,3.8713,-37.342,4.890,-1.0662,323.932,0.8542,0.0357,0.0354,0.9914,4.8797,5.0430,nan,5.3099,5.4099,0.2143,-0.1496,2.2156,0.0424,0.0480,-0.2323,3.7959,0.0467,2.2833,0.1746
75.350,318.213,-0.7872,7.1398,-40.628,-0.6828,7.0258,-41.177,0.1534,-0.0186,0.1546,-0.549,1.6805,3.3223,-0.469,-2.3936,3.6841,-40.708,4.957,-1.1246,324.211,0.8536,0.0364,0.0405,1.1108,4.9716,5.0593,nan,5.4250,5.5573,0.2201,-0.1533,2.2156,0.0602,0.0490,-0.2111,3.9957,0.0453,1.3058,0.1746
75.400,318.494,-0.5789,6.9507,-44.382,-0.5157,6.8654,-45.173,0.1048,-0.0168,0.1061,-0.791,1.6263,3.3403,-0.881,-2.1960,3.4917,-44.292,5.084,-1.2001,324.507,0.8647,0.0337,0.0374,1.1105,4.9201,4.9561,nan,5.4950,5.6571,0.2240,-0.1428,2.2156,0.0599,0.0490,-0.1681,4.2954,0.0554,2.6360,0.1746
75.450,318.746,-0.4031,6.7699,-47.806,-0.3551,6.6897,-47.982,0.0916,-0.0183,0.0934,-0.176,1.6479,3.4000,-0.124,-2.0101,3.2854,-47.858,5.198,-1.2306,324.773,0.8646,0.0336,0.0311,0.9268,5.0762,5.2103,nan,5.3594,5.6689,0.2245,-0.1208,2.2156,0.0542,0.0060,-0.1220,4.4951,0.0103,2.7674,0.1746
75.500,318.746,-0.4031,6.7699,-47.806,-0.3551,6.6897,-47.982,0.0916,-0.0183,0.0934,-0.176,1.6479,3.4000,-0.124,-2.0101,3.2854,-47.858,5.198,-1.2306,324.773,0.8646,0.0336,0.0311,0.9268,5.1651,5.2588,nan,5.2208,5.5561,0.2200,-0.1137,2.2156,0.0529,-0.0158,-0.1532,4.6949,-0.0174,1.5848,0.1746
75.550,319.260,-0.0786,6.3719,-54.341,-0.0527,6.2917,-55.067,0.0803,-0.0257,0.0843,-0.726,1.6199,3.3845,-0.576,-1.7017,2.8903,-54.491,5.369,-1.0768,325.308,0.8785,0.0315,0.0456,1.4469,5.1925,5.2588,nan,5.2755,5.3116,0.2104,-0.1019,2.2156,0.0474,-0.0226,-0.2040,4.9946,0.0229,1.5848,0.1746
75.600,319.562,0.0917,6.1219,-57.572,0.0913,6.0364,-57.904,0.0719,-0.0462,0.0855,-0.331,1.6120,3.4468,-0.169,-1.5283,2.5851,-57.735,5.416,-0.8966,325.618,0.8974,0.0265,0.0511,1.9290,5.4141,5.6551,nan,5.4216,5.4809,0.2171,-0.0907,2.2156,0.0119,-0.0077,-0.2494,5.2943,0.0123,1.4336,0.1746
75.650,319.862,0.2470,5.8658,-60.286,0.0913,6.0364,-57.904,-0.2254,-0.0506,0.2310,2.383,1.6120,3.4468,-0.169,-1.5283,2.5851,-57.735,5.416,-0.8966,325.912,0.9767,0.0180,0.0511,2.8394,5.5212,5.6410,nan,5.6044,5.6316,0.2230,-0.0924,2.2443,0.0125,0.0133,-0.2323,5.4941,0.0200,-2.7970,0.1746
75.700,319.862,0.2470,5.8658,-60.286,0.2372,5.7764,-60.066,0.0728,-0.0529,0.0900,0.221,1.6265,3.4704,0.346,-1.3754,2.3143,-60.412,5.305,-0.7676,325.912,0.9058,0.0201,0.0419,2.0881,5.3380,5.3322,nan,5.7265,5.9492,0.2356,-0.0954,2.3229,0.0162,0.0483,-0.1600,5.7937,0.0315,0.1376,0.1746
75.750,320.154,0.3872,5.6097,-62.655,0.3695,5.5232,-62.410,0.0687,-0.0555,0.0883,0.245,1.6303,3.4630,0.311,-1.2496,2.0670,-62.720,5.315,-0.7552,326.208,0.9151,0.0131,0.0377,2.8791,5.3123,5.3621,nan,5.8748,6.1278,0.2427,-0.0938,2.3229,0.0247,0.0385,-0.1125,5.9935,0.0492,1.4763,0.1746
75.800,320.448,0.5177,5.3458,-65.055,0.4988,5.2441,-65.227,0.0842,-0.0600,0.1034,-0.172,1.6159,3.4496,-0.134,-1.1212,1.7919,-65.093,5.385,-0.7836,326.512,0.9218,0.0098,0.0395,4.0365,5.3322,5.3991,nan,5.9816,6.2810,0.2488,-0.0841,2.3229,0.0225,0.0106,-0.0297,6.2932,0.0575,3.6166,0.1746
75.850,320.755,0.6418,5.0651,-67.636,0.6208,4.9628,-68.289,0.0866,-0.0583,0.1044,-0.653,1.6059,3.4438,-0.684,-1.0032,1.5072,-67.605,5.563,-0.8157,326.838,0.9291,0.0177,0.0483,2.7335,5.5375,5.7619,nan,6.0133,6.3018,0.2496,-0.0785,2.3229,0.0228,-0.0064,-0.1129,6.5929,0.0391,3.7510,0.1746
75.900,321.031,0.7428,4.8076,-69.955,0.7200,4.6929,-71.245,0.1000,-0.0607,0.1170,-1.290,1.5917,3.4485,-1.327,-0.9003,1.2239,-69.918,5.711,-0.8302,327.131,0.9387,0.0169,0.0597,3.5254,5.7478,5.9986,nan,6.1289,6.3517,0.2516,-0.0670,2.3229,0.0138,-0.0210,-0.1369,6.8925,0.0340,2.2408,0.1746
75.950,321.350,0.8468,4.5061,-72.346,0.8258,4.3709,-73.839,0.1224,-0.0610,0.1368,-1.493,1.6015,3.4555,-1.262,-0.7957,0.8981,-72.577,5.870,-0.7319,327.468,0.9494,0.0130,0.0524,4.0339,5.8589,5.9986,nan,6.2470,6.3217,0.2504,-0.0508,2.3229,-0.0001,-0.0281,-0.1739,7.1922,0.0493,2.2408,0.1746
76.000,321.641,0.9308,4.2283,-74.373,0.9233,4.0276,-76.122,0.1913,-0.0613,0.2009,-1.749,1.6140,3.4341,-1.523,-0.7062,0.5749,-74.599,5.963,-0.7276,327.770,0.9670,0.0131,0.0439,3.3543,5.9734,6.1224,nan,6.3755,6.5561,0.2596,-0.0508,2.3817,0.0058,-0.0073,-0.1328,7.4919,0.0408,2.3873,0.1746
76.050,322.019,1.0276,3.8626,-76.148,0.9900,3.7243,-77.962,0.1253,-0.0696,0.1433,-1.814,1.6206,3.4307,-1.168,-0.6365,0.2807,-76.794,6.045,-0.4780,328.160,0.9567,0.0075,0.0528,7.0155,5.7120,5.6552,nan,6.4645,6.6115,0.2618,-0.0411,2.4193,0.0088,-0.0082,-0.1075,7.7916,0.0789,1.4016,0.1746
76.100,322.355,1.1046,3.5350,-77.649,1.0738,3.3241,-79.243,0.1994,-0.0752,0.2132,-1.595,1.6175,3.4544,-1.568,-0.5400,-0.1451,-77.675,6.178,-0.4204,328.513,0.9874,0.0074,0.0496,6.7137,5.9798,6.7228,nan,6.6768,6.9030,0.2734,-0.0603,2.4656,0.0324,0.0349,-0.0775,8.1911,0.0688,3.0471,0.1746
76.150,322.711,1.1773,3.1872,-78.961,1.1339,2.9830,-80.616,0.1922,-0.0817,0.2088,-1.656,1.6175,3.4544,-1.568,-0.4705,-0.4845,-79.048,6.288,-0.5213,328.883,0.9857,0.0080,0.0553,6.9322,6.1380,6.3426,nan,6.7962,7.0635,0.2797,-0.0555,2.4853,0.0400,0.0303,-0.0607,8.4908,0.0635,2.2698,0.1746
76.200,322.711,1.1773,3.1872,-78.961,1.1454,2.9562,-80.690,0.2206,-0.0755,0.2332,-1.729,1.6296,3.4270,-1.642,-0.4705,-0.4845,-79.048,6.288,-0.5213,328.883,0.9857,0.0080,0.0534,6.6922,6.2345,6.3814,nan,6.9147,7.1584,0.2835,-0.0498,2.4853,0.0526,0.0258,-0.0650,8.8904,0.0670,3.4194,0.1746
76.250,323.100,1.2461,2.8042,-81.009,1.1975,2.5996,-82.419,0.1945,-0.0800,0.2103,-1.410,1.6305,3.4437,-1.699,-0.4078,-0.8566,-80.720,6.458,-0.5666,329.294,0.9854,0.0142,0.0610,4.2954,6.4878,6.9886,nan,7.1071,7.3791,0.2922,-0.0383,2.4971,0.0520,0.0086,-0.0576,9.1901,0.0606,3.4329,0.1746
76.300,323.460,1.2978,2.4482,-82.768,1.2376,2.1638,-84.402,0.2746,-0.0955,0.2907,-1.633,1.6270,3.4361,-1.564,-0.3546,-1.2824,-82.837,6.610,-0.5310,329.674,1.0215,0.0225,0.0741,3.2879,6.5899,6.7602,nan,7.2188,7.4994,0.2970,-0.0325,2.5152,0.0495,0.0070,-0.0465,9.5896,0.0617,2.9051,0.1746
76.350,323.827,1.3399,2.0832,-84.381,1.2883,1.7982,-84.647,0.2786,-0.0792,0.2896,-0.266,1.6143,3.4390,-0.193,-0.3204,-1.6419,-84.454,6.742,-0.4493,330.060,1.0249,0.0232,0.0592,2.5560,6.7436,6.9860,nan,7.3629,7.6545,0.3032,-0.0255,2.5261,0.0504,-0.0024,-0.0398,9.8893,0.0610,3.4013,0.1746
76.400,324.209,1.3738,1.7025,-85.668,1.3240,1.4522,-86.110,0.2458,-0.0685,0.2552,-0.442,1.6250,3.4953,-0.285,-0.2908,-2.0446,-85.825,6.895,-0.3737,330.463,1.0408,0.0195,0.0613,3.1404,6.8243,6.9860,nan,7.5013,7.7796,0.3081,-0.0384,2.5370,0.0920,0.0162,-0.0333,10.2889,0.0673,3.4013,0.1746
76.450,324.600,1.4000,1.3130,-86.827,1.3414,1.0981,-87.150,0.2113,-0.0704,0.2227,-0.323,1.6237,3.5401,-0.325,-0.2684,-2.4436,-86.825,7.040,-0.3979,330.875,1.0494,0.0170,0.0644,3.7827,6.9590,7.1898,nan,7.6340,7.9177,0.3136,-0.0379,2.5450,0.1056,0.0125,-0.0285,10.5885,0.0673,3.0534,0.1746
76.501,324.992,1.4182,0.9211,-88.142,1.3496,0.6406,-88.151,0.2782,-0.0776,0.2888,-0.009,1.6032,3.5398,-0.031,-0.2520,-2.8993,-88.120,7.216,-0.4246,331.293,1.0884,0.0165,0.0632,3.8385,7.1806,7.6281,nan,7.7290,8.0506,0.3188,-0.0291,2.5535,0.1025,0.0008,-0.0235,10.9881,0.0551,3.8685,0.1746
76.550,325.401,1.4276,0.5121,-89.505,1.3597,0.3274,-90.360,0.1841,-0.0695,0.1968,-0.855,1.6505,3.6356,-0.807,-0.2442,-3.3120,-89.553,7.380,-0.3707,331.727,1.0919,0.0122,0.0774,6.3625,7.2267,7.3755,nan,7.8518,8.1512,0.3228,-0.0212,2.5584,0.0968,-0.0107,-0.0199,11.2878,0.0629,3.5367,0.1746
76.600,325.401,1.4276,0.5121,-89.505,1.3597,0.3274,-90.360,0.1841,-0.0695,0.1968,-0.855,1.6505,3.6356,-0.807,-0.2442,-3.3120,-89.553,7.380,-0.3707,331.727,1.0919,0.0122,0.0774,6.3625,7.3203,7.5214,nan,7.9404,8.2377,0.3262,-0.0068,2.5584,0.0805,-0.0339,-0.0202,11.5875,0.0628,3.1849,0.1746
76.650,325.841,1.4279,0.0719,-90.622,1.3439,-0.1537,-92.269,0.2265,-0.0815,0.2407,-1.647,1.6910,3.6151,-1.472,-0.2502,-3.7765,-90.797,7.533,-0.2755,332.191,1.1119,0.0135,0.0894,6.6365,7.4320,7.6642,nan,8.0000,8.3079,0.3290,0.0055,2.5684,0.0560,-0.0458,-0.0146,11.9870,0.0580,2.7078,0.1746
76.700,326.313,1.4197,-0.3996,-91.486,1.3203,-0.6016,-92.891,0.2045,-0.0941,0.2251,-1.405,1.6829,3.6162,-1.360,-0.2624,-4.2252,-91.531,7.666,-0.1713,332.686,1.1010,0.0150,0.0962,6.4329,7.6811,8.6226,nan,8.0000,8.3725,0.3316,0.0105,2.5739,0.0335,-0.0447,-0.0114,12.4865,0.0353,2.1887,0.1746
76.750,326.722,1.4081,-0.8085,-91.778,1.2995,-1.0935,-93.237,0.2883,-0.0998,0.3050,-1.459,1.6810,3.6590,-1.203,-0.2817,-4.7595,-92.034,7.760,-0.0818,333.113,1.1870,0.0141,0.1053,7.4827,7.6093,7.6836,nan,8.0000,8.0416,0.3185,0.0130,2.5772,0.0171,-0.0427,-0.0095,12.8860,0.0547,1.4193,0.1746
76.800,327.159,1.3947,-1.2455,-91.625,1.2895,-1.4447,-92.939,0.2021,-0.0995,0.2253,-1.314,1.6645,3.6994,-0.890,-0.2950,-5.1493,-92.049,7.850,0.1014,333.568,1.1560,0.0220,0.1125,5.1174,7.5810,7.6836,nan,8.0000,8.0236,0.3178,0.0098,2.5786,0.0204,-0.0353,-0.0079,13.1857,0.0584,1.4193,0.1746
76.850,327.649,1.3821,-1.7351,-91.146,1.2902,-1.8406,-92.912,0.1073,-0.0898,0.1399,-1.767,1.7565,3.7861,-1.640,-0.3052,-5.6377,-91.273,7.931,0.1299,334.076,1.1533,0.0223,0.1205,5.4006,7.6666,7.8785,nan,8.0000,8.0471,0.3187,-0.0083,2.5786,0.0385,-0.0035,-0.0055,13.5853,0.0496,1.8019,0.1746
76.900,328.107,1.3741,-2.1928,-90.753,1.2728,-2.2857,-92.985,0.0942,-0.1001,0.1375,-2.232,1.8250,3.8194,-2.243,-0.3128,-6.1220,-90.742,7.862,0.0010,334.534,1.1704,0.0196,0.1284,6.5336,7.8798,8.3906,nan,8.0000,8.1059,0.3210,-0.0087,2.5786,0.0460,-0.0047,-0.0029,13.9848,0.0287,-1.3794,0.1747
76.950,328.538,1.3676,-2.6242,-91.033,1.2484,-2.7807,-92.993,0.1586,-0.1164,0.1968,-1.961,1.8250,3.8194,-2.243,-0.3178,-6.6176,-90.750,7.828,-0.1033,334.969,1.2125,0.0148,0.1367,9.2046,8.0561,8.4629,nan,8.0000,8.1548,0.3230,0.0000,2.5463,0.0364,-0.0199,-0.0065,14.3844,0.0122,-0.7851,0.1747
77.000,328.538,1.3676,-2.6242,-91.033,1.2699,-2.7137,-92.957,0.0912,-0.0961,0.1325,-1.925,1.8424,3.8868,-2.207,-0.3178,-6.6176,-90.750,7.828,-0.1033,334.969,1.2125,0.0148,0.1251,8.4253,7.6982,7.4871,nan,8.0000,8.0558,0.3190,0.0046,2.5349,0.0414,-0.0320,-0.0075,14.5842,0.0465,-0.1423,0.1747
77.050,329.008,1.3580,-3.0936,-91.394,1.2828,-3.0415,-93.107,-0.0502,-0.0765,0.0915,-1.713,1.8215,3.9573,-1.717,-0.3287,-7.0118,-91.390,7.823,-0.0506,335.446,1.1630,0.0130,0.1108,8.5343,7.7452,7.9185,nan,8.0000,8.0688,0.3196,-0.0061,2.4918,0.0696,-0.0222,-0.0080,14.8839,0.0418,0.2916,0.1747
77.100,329.438,1.3474,-3.5242,-91.410,1.2985,-3.4773,-92.010,-0.0457,-0.0500,0.0677,-0.600,1.7002,3.9774,-0.462,-0.3416,-7.4577,-91.548,7.835,0.0223,335.886,1.1748,0.0110,0.0628,5.6905,7.9139,8.2854,nan,7.6492,7.8487,0.3108,-0.0329,2.4606,0.1191,0.0072,-0.0018,15.3833,-0.0082,-0.4778,0.1747
77.150,329.868,1.3372,-3.9543,-91.245,1.2960,-3.9132,-91.599,-0.0402,-0.0421,0.0583,-0.354,1.6853,4.0366,-0.262,-0.3529,-7.9515,-91.336,7.810,-0.0072,336.321,1.2186,0.0099,0.0492,4.9874,7.6608,7.6015,nan,7.2730,7.4930,0.2968,-0.0407,2.3930,0.1220,0.0078,-0.0047,15.7829,-0.0219,-0.1865,0.1747
77.200,330.313,1.3270,-4.3991,-91.492,1.3028,-4.2090,-91.981,-0.1894,-0.0291,0.1917,-0.489,1.7664,4.1062,-0.714,-0.3600,-8.3203,-91.267,7.793,-0.2224,336.772,1.1652,0.0174,0.0617,3.5482,7.5511,7.6015,nan,6.9815,6.9271,0.2743,-0.0519,2.3703,0.1400,0.0125,0.0009,15.9827,-0.0121,-0.1865,0.1747
77.250,330.740,1.3128,-4.8252,-92.704,1.2896,-4.7329,-92.519,-0.0911,-0.0276,0.0952,0.185,1.7138,4.1082,-0.298,-0.3784,-8.8432,-92.221,7.701,-0.4548,337.196,1.2337,0.0160,0.0414,2.5888,7.7844,8.4023,nan,6.5935,6.3685,0.2522,-0.0463,2.3151,0.1343,-0.0244,0.0003,16.4821,-0.0546,-1.8311,0.1747
77.300,331.158,1.2891,-5.2431,-94.235,1.2804,-5.0539,-93.503,-0.1880,-0.0227,0.1894,0.732,1.5876,4.1379,0.621,-0.4068,-9.1879,-94.124,7.509,-0.5028,337.598,1.1874,0.0188,0.0324,1.7190,7.4998,7.4054,nan,6.3203,6.0970,0.2415,-0.0362,2.2966,0.1180,-0.0600,-0.0153,16.6819,-0.0550,-3.7124,0.1747
77.350,331.564,1.2548,-5.6471,-95.885,1.2603,-5.4153,-94.918,-0.2312,-0.0182,0.2319,0.967,1.5586,4.1805,0.894,-0.4480,-9.5899,-95.812,6.995,-0.4339,337.952,1.1913,0.0261,0.0268,1.0256,7.3662,7.3996,nan,6.1394,5.9298,0.2348,-0.0474,2.2738,0.1167,-0.0627,-0.0357,17.0815,-0.0615,-9.8691,0.1747
77.400,331.942,1.2130,-6.0233,-97.155,1.2300,-5.7605,-96.569,-0.2629,-0.0159,0.2634,0.586,1.5981,4.1432,0.707,-0.4903,-9.8984,-97.276,6.548,-0.4466,338.290,1.1482,0.0161,0.0293,1.8170,6.9315,6.4768,nan,5.9649,5.7008,0.2258,-0.0515,2.2534,0.1084,-0.0691,-0.0507,17.2813,-0.0310,-9.4584,0.1747
77.450,332.293,1.1660,-6.3705,-97.155,1.2300,-5.7605,-96.569,-0.6132,-0.0125,0.6134,0.586,1.5981,4.1432,0.707,-0.4903,-9.8984,-97.276,6.548,-0.4466,338.613,0.9269,0.0386,0.0293,0.7590,6.5009,6.0497,nan,5.7216,5.4297,0.2150,-0.0564,2.1888,0.0930,-0.0745,-0.0681,17.5810,-0.0065,-7.6131,0.1747
77.500,332.293,1.1660,-6.3705,-98.629,1.1954,-6.1018,-97.838,-0.2701,-0.0113,0.2703,0.792,1.5892,4.1299,0.817,-0.5397,-10.2250,-98.655,6.213,-0.4867,338.613,1.1374,0.0202,0.0198,0.9791,6.0657,5.5370,nan,5.6400,5.2925,0.2096,-0.0612,2.1545,0.0807,-0.0836,-0.0759,17.7807,0.0457,-6.7680,0.1747
77.550,332.632,1.1117,-6.7053,-100.194,1.1459,-6.4041,-99.023,-0.3025,-0.0196,0.3032,1.171,1.5274,4.0975,1.131,-0.5888,-10.4920,-100.154,5.918,-0.4973,338.929,1.0929,0.0188,0.0236,1.2570,5.8282,5.7889,nan,5.3325,5.0542,0.2002,-0.0756,2.1131,0.0551,-0.0781,-0.0992,18.0804,0.0305,-6.4587,0.1747
77.600,332.960,1.0499,-7.0279,-101.838,1.0893,-6.7811,-99.844,-0.2497,-0.0120,0.2500,1.994,1.3864,4.0476,1.896,-0.6551,-10.8129,-101.740,5.625,-0.5210,339.236,1.0957,0.0226,0.0111,0.4931,5.6562,5.6565,nan,5.1824,4.9630,0.1966,-0.1034,2.0578,0.0476,-0.0438,-0.1418,18.4800,0.0243,-5.0948,0.1747
77.650,333.274,0.9818,-7.3345,-103.581,1.0224,-7.1082,-102.085,-0.2295,-0.0137,0.2299,1.496,1.4669,4.0281,1.468,-0.7297,-11.1213,-103.553,5.392,-0.6148,339.533,1.1019,0.0101,0.0157,1.5573,5.3195,5.1893,nan,4.9623,4.7447,0.1879,-0.1173,2.0185,0.0357,-0.0452,-0.1539,18.6798,0.0410,-5.4998,0.1747
77.700,333.554,0.9126,-7.6054,-105.494,0.9582,-7.3634,-104.554,-0.2454,-0.0207,0.2463,0.940,1.5660,4.0187,0.968,-0.8000,-11.3702,-105.522,5.174,-0.7165,339.798,1.0905,0.0084,0.0226,2.6775,5.1777,5.1893,nan,4.8002,4.6185,0.1829,-0.1229,2.0089,0.0161,-0.0349,-0.1808,18.9794,0.0319,-5.4998,0.1747
77.750,333.834,0.8331,-7.8737,-108.055,0.8829,-7.6492,-106.416,-0.2289,-0.0222,0.2300,1.638,1.4591,3.9915,1.501,-0.8808,-11.6217,-107.917,5.000,-0.8774,340.067,1.0823,0.0113,0.0150,1.3295,4.8899,4.8230,nan,4.7189,4.5058,0.1784,-0.1256,2.0089,-0.0047,-0.0480,-0.1942,19.1792,0.0678,-4.0889,0.1747
77.800,334.139,0.7313,-8.1616,-111.394,0.8054,-7.9067,-109.040,-0.2643,-0.0240,0.2654,2.354,1.3714,3.9790,1.962,-0.9727,-11.8594,-111.002,4.720,-0.9209,340.355,1.0473,0.0274,0.0096,0.3516,4.6350,4.5962,nan,4.4972,4.2891,0.1699,-0.1379,1.9626,-0.0122,-0.0533,-0.2112,19.3790,0.0754,-6.1482,0.1747
77.850,334.394,0.6335,-8.3965,-114.275,0.6965,-8.1912,-112.506,-0.2130,-0.0270,0.2148,1.769,1.3714,3.9790,1.962,-1.0913,-12.1400,-114.468,4.536,-0.9460,340.599,1.0891,0.0058,0.0150,2.5969,4.7946,4.9159,nan,4.3006,4.1559,0.1646,-0.1600,1.7925,-0.0097,-0.0376,-0.2110,19.6787,0.0131,-4.4814,0.1747
77.900,334.394,0.6335,-8.3965,-114.275,0.6874,-8.2373,-112.879,-0.1673,-0.0163,0.1680,1.396,1.4416,3.9282,1.589,-1.0913,-12.1400,-114.468,4.536,-0.9460,340.599,1.0891,0.0058,0.0087,1.5104,4.4073,4.2037,nan,4.2381,4.0512,0.1604,-0.1613,1.6521,-0.0174,-0.0436,-0.2454,19.8785,0.0643,-4.8834,0.1747
77.950,334.642,0.5264,-8.6204,-117.334,0.5996,-8.4073,-115.680,-0.2229,-0.0328,0.2253,1.653,1.4406,3.9272,1.579,-1.1805,-12.3067,-117.259,4.346,-0.9789,340.837,1.0440,0.0110,0.0134,1.2118,4.3019,4.3195,nan,4.1131,3.9618,0.1569,-0.1744,1.6125,-0.0361,-0.0430,-0.2773,20.0783,0.0509,-4.1890,0.1747
78.000,334.880,0.4116,-8.8294,-120.726,0.4897,-8.6047,-118.254,-0.2330,-0.0477,0.2378,2.471,1.3355,3.9456,2.078,-1.3003,-12.5114,-120.332,4.180,-1.0457,341.067,1.0461,0.0187,0.0147,0.7895,4.2765,4.3090,nan,3.9894,3.8847,0.1538,-0.1811,1.4784,-0.0529,-0.0373,-0.3055,20.2780,0.0251,-3.5978,0.1747
78.050,335.106,0.2915,-9.0207,-123.981,0.3536,-8.8285,-122.230,-0.1940,-0.0559,0.2019,1.751,1.3785,3.9217,1.849,-1.4358,-12.7105,-124.080,4.042,-1.0717,341.286,1.0633,0.0263,0.0134,0.5086,3.9799,3.9239,nan,3.9287,3.7779,0.1496,-0.1949,1.4784,-0.0619,-0.0304,-0.3299,20.4778,0.0651,-2.9490,0.1747
78.100,335.329,0.1619,-9.2023,-127.452,0.2297,-9.0082,-125.309,-0.1953,-0.0642,0.2056,2.143,1.3111,3.9077,2.115,-1.5574,-12.8672,-127.424,3.934,-1.0993,341.505,1.0442,0.0034,0.0213,6.2095,3.8945,3.9132,nan,3.8211,3.6803,0.1458,-0.1791,1.1109,-0.0658,-0.0173,-0.3511,20.6776,0.0590,-2.4553,0.1747
78.150,335.543,0.0274,-9.3685,-130.918,0.0836,-9.1973,-129.141,-0.1662,-0.0697,0.1802,1.777,1.3460,3.8900,1.941,-1.7049,-13.0370,-131.082,3.843,-1.1418,341.715,1.0573,0.0079,0.0168,2.1191,3.8833,3.9132,nan,3.7189,3.6104,0.1430,-0.1965,0.8782,-0.0641,0.0040,-0.3767,20.8774,0.0383,-2.4553,0.1747
78.200,335.755,-0.1162,-9.5249,-134.620,-0.0459,-9.3493,-131.808,-0.1744,-0.0733,0.1891,2.812,1.1840,3.8872,2.620,-1.8338,-13.1664,-134.429,3.739,-1.1424,341.924,1.0315,0.0155,0.0129,0.8331,3.6825,3.6731,nan,3.5843,3.4850,0.1380,-0.2212,0.8782,-0.0635,0.0220,-0.4074,21.0772,0.0417,-2.7458,0.1747
78.250,335.957,-0.2618,-9.6644,-138.181,-0.2045,-9.5148,-135.314,-0.1425,-0.0733,0.1602,2.867,1.1172,3.8865,2.913,-2.0012,-13.3168,-138.227,3.602,-1.1809,342.119,1.0558,0.0230,0.0092,0.3996,3.8127,3.8790,nan,3.4084,3.3954,0.1345,-0.2956,0.8782,-0.0445,0.0578,-0.4359,21.2770,-0.0201,-3.6232,0.1747
78.300,336.151,-0.4103,-9.7895,-142.031,-0.3422,-9.6426,-138.685,-0.1441,-0.0740,0.1619,3.346,1.0375,3.8841,3.247,-2.1436,-13.4268,-141.932,3.467,-1.2860,342.308,1.0434,0.0307,0.0087,0.2846,3.5827,3.5620,nan,3.2033,3.1416,0.1244,-0.3340,0.8782,-0.0322,0.0893,-0.4336,21.4767,-0.0026,-3.8941,0.1747
78.350,336.338,-0.5615,-9.8989,-146.812,-0.4918,-9.7496,-143.187,-0.1401,-0.0867,0.1648,3.625,1.0946,3.8809,2.997,-2.2969,-13.5289,-146.185,3.328,-1.5840,342.491,1.0420,0.0075,0.0191,2.5294,3.4140,3.4115,nan,3.1222,2.9890,0.1184,-0.3671,0.8782,-0.0175,0.1104,-0.4278,21.6765,0.0285,-3.5485,0.1747
78.400,336.518,-0.7161,-9.9910,-152.161,-0.6391,-9.8364,-148.835,-0.1403,-0.1008,0.1728,3.326,1.0946,3.8809,2.997,-2.4485,-13.6078,-151.832,3.124,-1.6823,342.664,1.0334,0.0790,0.0525,0.6651,3.2505,3.2478,nan,3.0742,2.8870,0.1143,-0.3808,0.8782,-0.0260,0.0465,-0.4239,21.7764,0.0570,-5.4132,0.1747
78.450,336.518,-0.7161,-9.9910,-152.161,-0.6495,-9.8503,-148.950,-0.1246,-0.0933,0.1557,3.211,1.1118,3.8634,2.882,-2.4485,-13.6078,-151.832,3.124,-1.6823,342.664,1.0334,0.0118,0.0182,1.5456,3.1311,3.1374,nan,3.0482,2.8761,0.1139,-0.3886,0.8782,-0.0230,0.0429,-0.5019,21.9762,0.0633,-4.9680,0.1747
78.500,336.687,-0.8693,-10.0633,-157.746,-0.8171,-9.9456,-154.275,-0.0928,-0.0891,0.1287,3.472,1.0420,3.8441,3.093,-2.6006,-13.6694,-157.368,2.948,-1.7454,342.829,1.0277,0.0177,0.0213,1.2081,3.0495,3.0620,nan,3.1299,3.1352,0.1242,-0.4228,0.8782,-0.0099,0.0675,-0.6686,22.1760,0.0214,-4.0496,0.1747
78.550,336.851,-1.0238,-10.1183,-163.376,-0.9867,-10.0190,-160.217,-0.0640,-0.0845,0.1060,3.159,0.9873,3.8353,3.293,-2.7665,-13.7181,-163.510,2.828,-1.7240,342.991,1.0353,0.0288,0.0236,0.8191,2.8411,2.8202,nan,3.1299,3.0834,0.1221,-0.4374,0.8782,0.0007,0.0545,-0.6936,22.2759,0.0606,-1.7087,0.1747
78.600,337.003,-1.1707,-10.1552,-168.700,-1.1490,-10.0699,-165.407,-0.0380,-0.0794,0.0880,3.293,0.9462,3.8195,3.355,-2.9045,-13.7429,-168.763,2.802,-1.7836,343.145,1.0221,0.0154,0.0297,1.9271,2.8009,2.8176,nan,3.1988,3.1400,0.1244,-0.4255,0.9298,0.0073,0.0331,-0.6767,22.3758,0.0764,1.5658,0.1747
78.650,337.159,-1.3258,-10.1785,-174.663,-1.3139,-10.1027,-171.559,-0.0189,-0.0744,0.0768,3.104,1.0378,3.7962,2.952,-3.0643,-13.7593,-174.511,2.889,-1.9456,343.312,1.0235,0.0179,0.0305,1.7075,2.7959,2.8176,nan,3.3094,3.3268,0.1318,-0.4241,1.0843,0.0269,0.0711,-0.6159,22.5756,0.0658,1.5658,0.1747
78.700,337.322,-1.4880,-10.1852,178.962,-1.4806,-10.1147,182.443,-0.0061,-0.0706,0.0709,3.482,0.9963,3.7986,3.121,-3.2306,-13.7579,179.323,2.922,-1.9728,343.481,1.0239,0.0248,0.0394,1.5892,2.8955,2.9407,nan,3.3861,3.3924,0.1344,-0.3783,1.1564,0.0332,0.0738,-0.5594,22.7753,0.0668,-0.2526,0.1747
78.750,337.489,-1.6550,-10.1736,172.599,-1.6541,-10.1025,175.320,0.0083,-0.0706,0.0711,2.721,1.1290,3.7751,2.624,-3.4156,-13.7356,172.695,3.054,-1.8482,343.663,1.0362,0.0330,0.0350,1.0594,3.0699,3.1472,nan,3.4902,3.5549,0.1408,-0.3619,1.2331,0.0400,0.0252,-0.5345,22.8752,0.0426,2.5935,0.1747
78.800,337.660,-1.8234,-10.1436,166.812,-1.8302,-10.0690,169.144,0.0237,-0.0711,0.0749,2.332,1.1713,3.7670,2.502,-3.6028,-13.6917,166.642,3.164,-1.8138,343.844,1.0482,0.0390,0.0350,0.8992,3.2135,3.2780,nan,3.5433,3.5892,0.1421,-0.3302,1.2968,0.0353,0.0370,-0.5382,23.0750,0.0377,2.5523,0.1747
78.850,337.838,-1.9944,-10.0951,161.061,-2.0045,-10.0145,162.917,0.0358,-0.0730,0.0813,1.856,1.3202,3.7349,1.863,-3.7700,-13.6340,161.053,3.292,-1.7319,344.034,1.0414,0.0205,0.0263,1.2838,3.2045,3.2290,nan,3.6391,3.6722,0.1454,-0.3085,1.3153,0.0282,0.0003,-0.5040,23.1749,0.0540,2.7477,0.1747
78.900,338.025,-2.1684,-10.0265,155.555,-2.1938,-9.9372,157.370,0.0601,-0.0708,0.0929,1.815,1.3202,3.7349,1.863,-3.9567,-13.5505,155.506,3.382,-1.6532,344.230,1.0479,0.0251,0.0324,1.2928,3.3640,3.4380,nan,3.7245,3.8158,0.1511,-0.2877,1.4130,0.0222,0.0012,-0.4577,23.3747,0.0295,2.2090,0.1747
78.950,338.025,-2.1684,-10.0265,155.555,-2.1849,-9.9339,156.998,0.0534,-0.0775,0.0941,1.443,1.4177,3.7151,1.492,-3.9567,-13.5505,155.506,3.382,-1.6532,344.230,1.0479,0.0251,0.0209,0.8330,3.4566,3.5053,nan,3.7675,3.8560,0.1527,-0.2711,1.4519,0.0187,0.0053,-0.4419,23.5745,0.0246,1.9472,0.1748
79.000,338.217,-2.3395,-9.9397,150.271,-2.3699,-9.8330,150.866,0.0793,-0.0776,0.1110,0.595,1.6436,3.6646,0.499,-4.1308,-13.4622,150.367,3.473,-1.5791,344.431,1.0502,0.0306,0.0142,0.4644,3.6001,3.6690,nan,3.8968,3.9781,0.1575,-0.2472,1.5130,0.0003,-0.0037,-0.4278,23.7742,0.0257,2.6634,0.1748
79.050,338.411,-2.5043,-9.8367,145.299,-2.5373,-9.7108,145.436,0.0988,-0.0848,0.1302,0.137,1.7312,3.6430,0.158,-4.3053,-13.3420,145.278,3.584,-1.5323,344.635,1.0535,0.0351,0.0118,0.3352,3.6648,3.7081,nan,3.9628,3.9828,0.1577,-0.2285,1.5402,-0.0148,0.0024,-0.4494,23.9740,0.0442,1.9211,0.1748
79.100,338.611,-2.6638,-9.7169,140.481,-2.7055,-9.5677,139.946,0.1271,-0.0885,0.1549,-0.535,1.8496,3.6094,-0.371,-4.4696,-13.2064,140.317,3.671,-1.4423,344.843,1.0530,0.0194,0.0062,0.3209,3.6487,3.6758,nan,4.0855,4.1180,0.1631,-0.2211,1.5496,-0.0115,0.0195,-0.4380,24.1738,0.0569,2.5785,0.1748
79.150,338.820,-2.8199,-9.5782,135.900,-2.8731,-9.4071,135.462,0.1572,-0.0858,0.1791,-0.438,1.7463,3.6469,0.045,-4.6296,-13.0504,135.418,3.774,-1.3656,345.061,1.0514,0.0211,0.0111,0.5246,3.6465,3.6758,nan,4.1854,4.2808,0.1695,-0.2030,1.6217,-0.0204,0.0212,-0.3511,24.3736,0.0532,2.5785,0.1748
79.200,339.063,-2.9878,-9.4019,130.961,-2.9989,-9.2641,131.987,0.1114,-0.0819,0.1382,1.025,1.6486,3.6807,0.486,-4.7570,-12.9049,131.501,3.853,-1.2412,345.312,1.0228,0.0283,0.0141,0.4973,3.5488,3.5626,nan,4.2863,4.3383,0.1718,-0.2088,1.5809,-0.0153,0.0417,-0.3436,24.5734,0.0892,1.2057,0.1748
79.250,339.276,-3.1224,-9.2370,127.100,-3.1713,-9.0373,127.308,0.1887,-0.0814,0.2056,0.208,1.6944,3.6567,0.341,-4.9412,-12.6649,126.967,4.010,-1.2892,345.537,1.0477,0.0276,0.0198,0.7188,3.7738,4.4695,nan,4.4372,4.4791,0.1774,-0.2278,1.6998,-0.0012,0.0862,-0.3277,24.8731,0.0824,4.0278,0.1748
79.300,339.499,-3.2514,-9.0544,122.946,-3.2832,-8.8792,123.806,0.1643,-0.0687,0.1781,0.859,1.5772,3.6901,0.864,-5.0494,-12.4945,122.942,4.112,-1.3856,345.771,1.0310,0.0192,0.0199,1.0341,3.9402,4.0253,nan,4.4861,4.5681,0.1809,-0.2091,1.7858,-0.0048,0.0514,-0.3166,24.9729,0.0589,2.1700,0.1748
79.350,339.733,-3.3711,-8.8542,118.235,-3.4004,-8.6734,119.411,0.1732,-0.0597,0.1832,1.175,1.5772,3.6901,0.864,-5.1636,-12.2870,118.547,4.216,-1.4023,346.015,1.0236,0.0187,0.0218,1.1627,4.0744,4.1459,nan,4.6238,4.7161,0.1868,-0.2054,1.8660,0.0105,0.0488,-0.2977,25.1727,0.0579,1.9079,0.1748
79.400,339.733,-3.3711,-8.8542,118.235,-3.4044,-8.6704,119.497,0.1777,-0.0576,0.1868,1.261,1.5547,3.7005,0.950,-5.1636,-12.2870,118.547,4.216,-1.4023,346.015,1.0236,0.0187,0.0232,1.2390,4.2853,4.4179,nan,4.7396,4.8611,0.1925,-0.1979,1.9844,0.0186,0.0602,-0.2780,25.4724,0.0422,2.4500,0.1748
79.450,339.972,-3.4769,-8.6396,113.795,-3.5231,-8.4184,114.302,0.2210,-0.0469,0.2259,0.506,1.6389,3.6773,0.507,-5.2689,-12.0495,113.795,4.325,-1.3850,346.266,1.0173,0.0172,0.0247,1.4308,4.4395,4.5376,nan,4.8093,4.9475,0.1959,-0.1845,2.0641,0.0255,0.0384,-0.2709,25.6722,0.0306,2.5896,0.1748
79.500,340.218,-3.5682,-8.4115,109.313,-3.6057,-8.1963,110.373,0.2155,-0.0358,0.2185,1.060,1.5489,3.6990,0.970,-5.3552,-11.8063,109.403,4.446,-1.3828,346.524,1.0088,0.0156,0.0296,1.8928,4.5787,4.6750,nan,4.9096,5.0311,0.1993,-0.1733,2.1313,0.0291,0.0565,-0.2688,25.9719,0.0300,2.8552,0.1748
79.550,340.466,-3.6425,-8.1746,104.951,-3.6828,-7.9476,105.940,0.2297,-0.0196,0.2306,0.989,1.5431,3.6939,0.978,-5.4239,-11.5506,104.963,4.573,-1.3277,346.786,0.9991,0.0171,0.0383,2.2458,4.6881,4.7732,nan,5.0070,5.1273,0.2031,-0.1622,2.1919,0.0407,0.0431,-0.2611,26.1716,0.0298,2.3522,0.1748
79.600,340.688,-3.6938,-7.9588,101.318,-3.7191,-7.7303,102.080,0.2291,-0.0200,0.2299,0.762,1.5772,3.6660,0.870,-5.4688,-11.3145,101.210,4.663,-1.3286,347.018,0.9886,0.0186,0.0396,2.1281,4.6862,4.7310,nan,5.0762,5.1762,0.2050,-0.1527,2.1997,0.0474,0.0289,-0.2542,26.3714,0.0411,1.1370,0.1748
79.650,340.952,-3.7375,-7.6985,97.244,-3.7490,-7.5152,98.088,0.1833,-0.0118,0.1837,0.844,1.5677,3.6341,0.961,-5.5030,-11.0585,97.126,4.762,-1.2151,347.293,0.9801,0.0119,0.0349,2.9340,4.6858,4.7310,nan,5.1550,5.2329,0.2072,-0.1340,2.2132,0.0362,0.0368,-0.2434,26.6711,0.0537,1.1370,0.1748
79.700,341.216,-3.7633,-7.4350,93.445,-3.7713,-7.2498,94.299,0.1854,-0.0031,0.1854,0.854,1.5646,3.6050,0.986,-5.5218,-10.7613,93.314,4.856,-1.1710,347.568,0.9670,0.0088,0.0379,4.3115,4.8640,5.0047,nan,5.2980,5.3972,0.2137,-0.1246,2.2463,0.0344,0.0346,-0.2329,26.8709,0.0471,2.1611,0.1748
79.750,341.491,-3.7720,-7.1610,89.743,-3.7731,-6.9983,91.104,0.1627,0.0019,0.1627,1.361,1.4891,3.6290,1.397,-5.5199,-10.4958,89.706,4.940,-1.0276,347.853,0.9580,0.0070,0.0432,6.1610,4.8419,4.8842,nan,5.4161,5.5019,0.2179,-0.1109,2.2682,0.0304,0.0261,-0.2163,27.0707,0.0647,1.6477,0.1748
79.800,341.767,-3.7642,-6.8851,86.676,-3.7496,-6.7296,87.435,0.1561,-0.0056,0.1562,0.760,1.5785,3.5608,0.971,-5.5017,-10.1987,86.464,5.082,-0.9054,348.143,0.9440,0.0056,0.0381,6.8324,4.9905,5.1137,nan,5.5308,5.6904,0.2254,-0.1104,2.3201,0.0359,0.0493,-0.1781,27.3704,0.0520,3.4351,0.1748
79.850,342.055,-3.7412,-6.5977,83.838,-3.7217,-6.4286,85.176,0.1702,-0.0013,0.1702,1.338,1.4891,3.6045,1.485,-5.4690,-9.8947,83.691,5.208,-0.8915,348.444,0.9319,0.0069,0.0429,6.2582,5.1084,5.2168,nan,5.6816,5.8979,0.2336,-0.1005,2.3835,0.0245,0.0373,-0.1323,27.5702,0.0514,2.8606,0.1748
79.900,342.346,-3.7039,-6.3095,81.018,-3.6851,-6.1496,82.605,0.1609,0.0064,0.1610,1.587,1.4891,3.6045,1.485,-5.4253,-9.6167,81.120,5.350,-0.8566,348.750,0.9271,0.0028,0.0490,17.4390,5.1707,5.2513,nan,5.8128,6.0534,0.2397,-0.1000,2.3835,0.0307,0.0390,-0.1176,27.8698,0.0582,3.1433,0.1748
79.950,342.346,-3.7039,-6.3095,81.018,-3.6861,-6.1696,81.811,0.1410,0.0043,0.1410,0.793,1.6226,3.5119,0.692,-5.4253,-9.6167,81.120,5.350,-0.8566,348.750,0.9271,0.0028,0.0276,9.8126,5.4248,5.7521,nan,5.9359,6.1734,0.2445,-0.0857,2.3835,0.0254,0.0186,-0.1298,28.1695,0.0449,3.8872,0.1748
80.000,342.650,-3.6501,-6.0095,78.301,-3.6248,-5.8564,79.164,0.1550,0.0063,0.1551,0.863,1.5958,3.5025,0.842,-5.3575,-9.2812,78.322,5.521,-0.8568,349.073,0.9082,0.0023,0.0331,14.4383,5.6385,5.8842,nan,6.0561,6.2921,0.2492,-0.0769,2.3842,0.0203,0.0176,-0.1331,28.4692,0.0362,3.4624,0.1748
80.050,342.958,-3.5815,-5.7091,75.578,-3.5306,-5.5132,76.465,0.2024,-0.0005,0.2024,0.887,1.5779,3.5214,1.033,-5.2705,-8.9410,75.432,5.674,-0.7968,349.398,0.8857,0.0035,0.0373,10.6241,5.5428,5.5737,nan,6.1344,6.3149,0.2501,-0.0674,2.3895,0.0162,0.0078,-0.1295,28.6689,0.0586,3.0052,0.1748
80.100,343.286,-3.4941,-5.3934,73.089,-3.4404,-5.2278,74.223,0.1741,-0.0032,0.1741,1.133,1.5776,3.5422,1.107,-5.1865,-8.6714,73.115,5.805,-0.7342,349.741,0.8941,0.0054,0.0222,4.1266,5.8155,6.3780,nan,6.2722,6.4994,0.2574,-0.0591,2.3944,0.0108,0.0122,-0.1215,28.9686,0.0422,2.7410,0.1748
80.150,343.609,-3.3950,-5.0860,70.877,-3.3185,-4.8497,72.227,0.2483,0.0051,0.2484,1.351,1.5279,3.5745,1.455,-5.0588,-8.2985,70.772,5.927,-0.6447,350.079,0.8592,0.0012,0.0290,24.0942,6.0455,6.3780,nan,6.4414,6.6889,0.2649,-0.0520,2.3944,0.0134,0.0245,-0.1157,29.3682,0.0361,2.7410,0.1748
80.200,343.937,-3.2830,-4.7773,68.930,-3.1946,-4.5253,69.911,0.2669,0.0081,0.2670,0.981,1.5960,3.5610,1.068,-4.9405,-7.9956,68.843,6.013,-0.5751,350.419,0.8533,0.0009,0.0224,24.2175,6.0600,6.1449,nan,6.5882,6.7595,0.2677,-0.0485,2.3944,0.0225,0.0416,-0.1262,29.6679,0.0546,1.9032,0.1748
80.250,344.272,-3.1588,-4.4670,67.203,-3.0706,-4.2108,67.480,0.2704,0.0180,0.2710,0.277,1.6752,3.4940,0.424,-4.8028,-7.6694,67.055,6.136,-0.4965,350.769,0.8388,0.0013,0.0221,16.4589,6.0933,6.1896,nan,6.7731,7.0546,0.2794,-0.0345,2.4984,0.0267,0.0467,-0.0402,30.0674,0.0652,2.6918,0.1748
80.300,344.621,-3.0200,-4.1468,65.723,-2.9339,-3.8884,66.303,0.2709,0.0278,0.2724,0.581,1.6429,3.5282,0.671,-4.6634,-7.3625,65.632,6.316,-0.3881,351.139,0.8391,0.0028,0.0240,8.5032,6.0798,6.1510,nan,6.8609,7.1443,0.2829,-0.0196,2.4944,0.0303,0.0223,-0.0113,30.2672,0.0761,3.9489,0.1748
80.350,344.974,-2.8721,-3.8258,64.661,-2.7656,-3.5060,65.759,0.3346,0.0407,0.3371,1.098,1.5706,3.5917,1.260,-4.4913,-7.0006,64.499,6.517,-0.2710,351.517,0.8131,0.0038,0.0199,5.2369,6.3198,6.7198,nan,7.0000,7.3089,0.2895,-0.0152,2.4916,0.0469,0.0194,-0.0168,30.6668,0.0654,4.5587,0.1748
80.400,345.344,-2.7119,-3.4923,63.996,-2.5950,-3.1389,65.023,0.3688,0.0499,0.3722,1.028,1.5706,3.5917,1.260,-4.3127,-6.6374,63.763,6.681,-0.1765,351.908,0.7946,0.0010,0.0189,19.4865,6.5324,6.8693,nan,7.0000,7.3560,0.2913,-0.0159,2.4916,0.0694,0.0316,-0.0212,31.0664,0.0433,3.6211,0.1748
80.450,345.344,-2.7119,-3.4923,63.996,-2.5900,-3.1228,65.918,0.3855,0.0524,0.3891,1.922,1.4702,3.6720,2.154,-4.3127,-6.6374,63.763,6.681,-0.1765,351.908,0.7946,0.0010,0.0211,21.6771,6.6260,6.7900,nan,7.0000,7.0514,0.2793,-0.0224,2.4294,0.0965,0.0538,-0.0117,31.4659,0.0518,3.3925,0.1748
80.500,345.716,-2.5475,-3.1587,63.495,-2.4405,-2.7977,66.358,0.3708,0.0653,0.3765,2.863,1.3857,3.7160,2.913,-4.1523,-6.3109,63.446,6.830,-0.1624,352.300,0.7985,0.0013,0.0283,21.1262,6.8393,7.2134,nan,7.0000,7.0612,0.2797,-0.0223,2.3831,0.1183,0.0553,0.0256,31.8655,0.0325,2.4774,0.1748
80.550,346.102,-2.3740,-2.8141,62.960,-2.2473,-2.3862,66.304,0.4388,0.0817,0.4463,3.344,1.3611,3.7654,3.329,-3.9595,-5.9317,62.975,6.930,-0.2060,352.701,0.7803,0.0048,0.0189,3.9192,6.9732,7.2039,nan,7.0000,7.0975,0.2811,-0.0084,2.3505,0.1312,0.0374,0.0436,32.2650,0.0178,-0.9788,0.1748
80.600,346.488,-2.1964,-2.4706,62.205,-2.0643,-1.9648,65.898,0.5090,0.1190,0.5228,3.694,1.3441,3.8236,3.625,-3.7676,-5.5613,62.273,6.886,-0.2333,353.089,0.7678,0.0070,0.0335,4.8155,6.7335,6.6884,nan,7.0000,7.0326,0.2785,0.0093,2.3284,0.1401,0.0104,0.0588,32.5647,0.0444,-0.4398,0.1748
80.650,346.873,-2.0151,-2.1309,61.470,-1.9048,-1.6097,65.820,0.5106,0.1521,0.5327,4.350,1.2831,3.9038,4.376,-3.5994,-5.2542,61.443,6.868,-0.1446,353.478,0.7788,0.0019,0.0334,17.6084,6.6421,6.6884,nan,6.7467,6.8155,0.2699,0.0293,2.3180,0.1429,-0.0159,0.0611,32.8644,0.0261,-0.4398,0.1748
80.700,347.272,-1.8240,-1.7814,61.231,-1.7448,-1.2771,65.725,0.4802,0.1733,0.5105,4.494,1.2623,3.9167,4.692,-3.4219,-4.9304,61.033,6.852,0.1453,353.880,0.7917,0.0031,0.0280,9.1563,6.7060,6.8474,nan,6.4064,6.5741,0.2604,0.0468,2.3170,0.1497,-0.0285,0.0542,33.2640,-0.0197,-0.0253,0.1748
80.750,347.632,-1.6522,-1.4645,62.144,-1.5534,-0.7949,67.023,0.6382,0.2255,0.6769,4.879,1.2125,4.0055,5.330,-3.1999,-4.5227,61.693,6.751,0.4062,354.235,0.7481,0.0032,0.0174,5.4661,6.9621,7.6317,nan,6.0142,5.7450,0.2275,0.0632,2.2250,0.1417,-0.0219,0.0812,33.7634,-0.0285,-2.2159,0.1748
80.800,348.012,-1.4781,-1.1269,63.750,-1.4233,-0.4588,68.114,0.6234,0.2464,0.6703,4.363,1.2924,4.0443,4.686,-3.0746,-4.2662,63.427,6.559,0.5719,354.599,0.7904,0.0043,0.0182,4.2353,6.6045,6.4150,nan,5.8615,5.6183,0.2225,0.0518,2.2190,0.1789,0.0019,0.1120,34.0631,-0.0079,-3.5263,0.1748
80.850,348.355,-1.3305,-0.8179,65.648,-1.2770,-0.0775,69.627,0.6965,0.2566,0.7423,3.980,1.3561,4.0148,3.947,-2.9086,-3.9013,65.680,6.157,0.5352,354.908,0.7754,0.0100,0.0258,2.5854,6.5558,6.6208,nan,5.4770,5.3754,0.2129,0.0716,2.0764,0.1773,-0.0178,0.1400,34.4627,-0.0596,-8.7276,0.1748
80.900,348.684,-1.1976,-0.5160,67.203,-1.2159,0.1168,71.247,0.5762,0.2621,0.6330,4.043,1.3561,4.0148,3.947,-2.8343,-3.7117,67.300,5.864,0.4763,355.215,0.8312,0.0213,0.0254,1.1891,6.1384,5.2767,nan,5.3948,5.2361,0.2074,0.0840,2.0644,0.1691,-0.0349,0.1512,34.6624,-0.0179,-6.8864,0.1748
80.950,348.684,-1.1976,-0.5160,67.203,-1.2000,0.1222,69.846,0.5875,0.2495,0.6382,2.642,1.4666,3.9562,2.546,-2.8343,-3.7117,67.300,5.864,0.4763,355.215,0.8312,0.0051,0.0424,8.2650,5.8244,5.7137,nan,5.1302,4.9826,0.1973,0.1275,2.0310,0.1315,-0.0868,0.1665,34.9621,-0.0140,-4.0141,0.1749
81.000,349.015,-1.0737,-0.2091,69.292,-1.0843,0.4702,71.658,0.6317,0.2501,0.6794,2.366,1.4476,3.9900,2.899,-2.7066,-3.3872,68.759,5.569,0.6855,355.525,0.8269,0.0028,0.0245,8.6947,5.5299,5.4457,nan,4.9371,4.7748,0.1891,0.1384,1.9438,0.1268,-0.0832,0.1796,35.2618,0.0008,-5.4364,0.1749
81.050,349.310,-0.9738,0.0678,71.517,-0.9936,0.7409,73.534,0.6321,0.2322,0.6734,2.018,1.5088,3.9676,2.170,-2.6228,-3.1297,71.364,5.338,0.8045,355.803,0.8436,0.0037,0.0245,6.6222,5.3020,5.2729,nan,4.6588,4.4956,0.1780,0.1538,1.8797,0.0867,-0.0857,0.1791,35.4616,-0.0034,-5.8137,0.1749
81.100,349.596,-0.8889,0.3412,74.683,-0.9035,1.0046,75.393,0.6360,0.1894,0.6636,0.710,1.5703,3.9174,1.296,-2.5390,-2.8561,74.098,5.086,1.0698,356.073,0.8447,0.0223,0.0298,1.3340,4.9621,4.8385,nan,4.5703,4.3323,0.1716,0.1754,1.8044,0.0653,-0.0861,0.1803,35.7613,0.0489,-5.6638,0.1749
81.150,349.874,-0.8221,0.6110,78.123,-0.8399,1.2670,78.690,0.6383,0.1524,0.6563,0.567,1.6301,3.8857,0.405,-2.4885,-2.6012,78.285,4.850,1.1020,356.337,0.8618,0.0211,0.0294,1.3919,4.8264,4.8385,nan,4.3789,4.1445,0.1641,0.1854,1.8044,0.0459,-0.0675,0.1711,35.9610,0.0433,-5.6638,0.1749
81.200,350.156,-0.7719,0.8887,82.027,-0.8029,1.4865,81.298,0.5878,0.1136,0.5986,-0.729,1.6707,3.8327,-0.439,-2.4555,-2.3651,81.737,4.560,1.1912,356.602,0.8825,0.0232,0.0372,1.6009,4.5575,4.5104,nan,4.2752,4.0542,0.1606,0.2077,1.6794,0.0202,-0.0678,0.2236,36.1608,0.0603,-6.1934,0.1749
81.250,350.386,-0.7463,1.1166,85.817,-0.7758,1.7184,84.354,0.5981,0.0734,0.6026,-1.463,1.7045,3.7900,-1.152,-2.4382,-2.1210,85.506,4.283,1.3157,356.816,0.8892,0.0306,0.0473,1.5496,4.5962,4.6506,nan,3.9258,3.8108,0.1509,0.2043,1.5436,0.0058,-0.0611,0.2542,36.3606,-0.0165,-6.8807,0.1749
81.300,350.611,-0.7368,1.3421,89.995,-0.7609,1.9026,87.285,0.5605,0.0241,0.5610,-2.710,1.7709,3.6830,-2.853,-2.4400,-1.9042,90.138,4.083,1.2983,357.032,0.9012,0.0398,0.0537,1.3496,4.2731,4.1867,nan,3.9258,3.6987,0.1465,0.2360,1.4351,0.0021,-0.0447,0.2385,36.5604,0.0517,-5.0607,0.1749
81.350,350.829,-0.7434,1.5601,93.988,-0.7559,2.0334,90.810,0.4730,-0.0204,0.4734,-3.178,1.7912,3.6209,-3.169,-2.4555,-1.7259,93.979,3.865,1.2973,357.239,0.9147,0.0175,0.0403,2.3073,3.9087,3.7744,nan,3.8415,3.5507,0.1406,0.2567,1.3127,-0.0090,-0.0377,0.2563,36.6603,0.0995,-5.6603,0.1749
81.400,351.018,-0.7622,1.7480,97.946,-0.7761,2.1919,94.802,0.4416,-0.0476,0.4441,-3.144,1.7799,3.5951,-2.870,-2.4825,-1.5294,97.672,3.707,1.3667,357.422,0.9217,0.0190,0.0387,2.0314,3.8585,3.8823,nan,3.7452,3.5045,0.1388,0.2611,1.2959,-0.0133,-0.0058,0.2928,36.7602,0.0830,-4.7094,0.1749
81.450,351.214,-0.7959,1.9407,102.429,-0.8079,2.3831,99.386,0.4346,-0.0835,0.4426,-3.043,1.7799,3.5951,-2.870,-2.5238,-1.3400,102.255,3.553,1.4435,357.612,0.9297,0.0322,0.0395,1.2275,3.6908,3.6910,nan,3.5353,3.3590,0.1330,0.2267,1.2395,0.0103,0.0091,0.3741,36.9600,0.0590,-2.3648,0.1749
81.500,351.214,-0.7959,1.9407,102.429,-0.8041,2.3261,98.942,0.3781,-0.0749,0.3855,-3.487,1.7929,3.5180,-3.313,-2.5238,-1.3400,102.255,3.553,1.4435,357.612,0.9297,0.0322,0.0338,1.0502,3.4766,3.4605,nan,3.4590,3.2462,0.1286,0.1766,1.1676,0.0345,0.0421,0.3850,37.0599,0.0850,-2.8607,0.1749
81.550,351.410,-0.8449,2.1305,106.960,-0.8464,2.4927,103.556,0.3469,-0.1042,0.3622,-3.404,1.7984,3.5002,-3.500,-2.5784,-1.1671,107.056,3.454,1.2436,357.805,0.9376,0.0407,0.0316,0.7755,3.4444,3.4674,nan,3.3813,3.1618,0.1252,0.1994,1.1568,0.0494,0.0551,0.3766,37.1598,0.0811,-3.0345,0.1749
81.600,351.600,-0.9060,2.3103,110.787,-0.9045,2.6317,107.256,0.3000,-0.1154,0.3214,-3.531,1.8051,3.4348,-3.800,-2.6505,-0.9809,111.057,3.341,0.9974,357.991,0.9475,0.0472,0.0333,0.7048,3.2508,3.2391,nan,3.3813,3.3763,0.1337,0.1788,1.0918,0.0742,0.0512,0.3814,37.2596,0.0314,-2.2253,0.1749
81.650,351.784,-0.9755,2.4807,113.709,-0.9540,2.7305,109.895,0.2201,-0.1202,0.2508,-3.814,1.8121,3.3846,-3.875,-2.7155,-0.8395,113.770,3.236,0.9757,358.170,0.9477,0.0517,0.0244,0.4729,3.3775,3.4370,nan,3.2243,3.0449,0.1206,0.2008,1.1082,0.0956,0.0173,0.4158,37.4594,0.0584,-2.9813,0.1749
81.700,351.959,-1.0500,2.6392,116.798,-1.0387,2.8767,113.212,0.2069,-0.1171,0.2378,-3.585,1.8051,3.3488,-3.692,-2.8075,-0.6542,116.904,3.161,0.8919,358.343,0.9608,0.0318,0.0247,0.7760,3.0842,3.0226,nan,3.0750,2.9040,0.1150,0.2092,1.0358,0.0989,0.0195,0.4329,37.5593,0.0715,2.2602,0.1749
81.750,352.135,-1.1332,2.7949,119.612,-1.1143,3.0069,116.529,0.1750,-0.1212,0.2129,-3.083,1.7969,3.3611,-3.289,-2.8860,-0.5206,119.818,3.220,0.9635,358.523,0.9595,0.0354,0.0211,0.5968,3.0095,3.0226,nan,3.0750,3.0835,0.1221,0.1794,0.9875,0.1335,0.0200,0.4523,37.6592,0.0185,2.2602,0.1749
81.800,352.329,-1.2338,2.9607,123.057,-1.2050,3.1504,119.725,0.1433,-0.1276,0.1919,-3.331,1.7948,3.3527,-3.142,-2.9843,-0.3664,122.867,3.069,0.8709,358.711,0.9591,0.0513,0.0212,0.4135,3.0353,3.0643,nan,2.9249,2.7914,0.1106,0.1885,0.9191,0.1493,-0.0194,0.5022,37.8590,0.0479,-4.4251,0.1749
81.850,352.503,-1.3320,3.1041,125.846,-1.3138,3.2754,123.080,0.1282,-0.1151,0.1723,-2.765,1.7844,3.3492,-2.711,-3.0912,-0.2202,125.791,3.010,0.8738,358.882,0.9673,0.0302,0.0252,0.8332,3.1327,3.1795,nan,2.7708,2.7091,0.1073,0.2699,0.9304,0.1614,-0.0262,0.5349,37.9589,-0.0029,-0.9298,0.1749
81.900,352.660,-1.4269,3.2296,128.497,-1.4174,3.4181,125.985,0.1416,-0.1248,0.1888,-2.512,1.7844,3.3492,-2.711,-3.2015,-0.0826,128.695,2.836,0.9153,359.032,0.9804,0.0338,0.0246,0.7281,3.1170,3.1397,nan,2.6388,2.6126,0.1035,0.2922,0.9258,0.1818,-0.0872,0.5987,38.1587,-0.0275,-4.9234,0.1749
81.950,352.660,-1.4269,3.2296,128.497,-1.4233,3.4035,126.266,0.1338,-0.1111,0.1739,-2.232,1.7788,3.3503,-2.430,-3.2015,-0.0826,128.695,2.836,0.9153,359.032,0.9804,0.0338,0.0217,0.6410,2.7705,2.6410,nan,2.6388,2.5231,0.0999,0.2492,0.8229,0.1942,-0.0992,0.6200,38.2586,0.0385,-4.1333,0.1749
82.000,352.817,-1.5282,3.3494,132.214,-1.5003,3.4961,129.025,0.0899,-0.1193,0.1493,-3.189,1.7788,3.3503,-2.430,-3.2823,0.0067,131.455,2.687,1.2073,359.184,0.9656,0.0431,0.0223,0.5175,2.6946,2.7052,nan,2.5136,2.4169,0.0957,0.3431,0.8003,0.1850,-0.0791,0.6563,38.3585,0.0265,-3.5388,0.1749
82.050,352.962,-1.6286,3.4532,135.973,-1.6043,3.5900,133.697,0.0776,-0.1152,0.1389,-2.276,1.7779,3.3342,-2.360,-3.3898,0.1162,136.058,2.582,1.0382,359.325,0.9715,0.0510,0.0167,0.3266,2.5531,2.5494,nan,2.5029,2.2885,0.0906,0.4287,0.8000,0.1753,-0.1367,0.3670,38.5582,0.0763,-2.0422,0.1749
82.100,353.106,-1.7353,3.5508,139.201,-1.7165,3.6809,137.425,0.0708,-0.1108,0.1315,-1.776,1.7711,3.3503,-2.030,-3.4971,0.2068,139.455,2.492,1.0635,359.467,0.9733,0.0273,0.0163,0.5980,2.4257,2.4243,nan,2.4649,2.4749,0.0980,0.5012,0.8000,0.1779,-0.1403,0.7333,38.6581,0.0123,-3.3624,0.1749
82.150,353.235,-1.8355,3.6319,143.086,-1.8115,3.7586,140.444,0.0569,-0.1157,0.1289,-2.642,1.7711,3.3503,-2.030,-3.5948,0.2811,142.474,2.388,1.3177,359.594,0.9722,0.0290,0.0311,1.0695,2.4077,2.4243,nan,2.3796,2.3859,0.0945,0.6471,0.8000,0.1731,-0.1658,0.9496,38.7580,0.0063,-3.3624,0.1749
82.200,353.365,-1.9419,3.7053,147.972,-1.9235,3.8394,145.290,0.0555,-0.1235,0.1354,-2.682,1.7636,3.3676,-1.911,-3.7008,0.3485,147.202,2.264,1.5916,359.721,0.9730,0.0353,0.0228,0.6444,2.3521,2.3630,nan,2.2805,2.2815,0.0904,0.7100,0.8000,0.1592,-0.2540,0.8848,38.9578,0.0033,-4.0980,0.1749
82.250,353.488,-2.0496,3.7659,153.826,-2.0425,3.9183,151.340,0.0609,-0.1399,0.1526,-2.485,1.7591,3.4057,-1.609,-3.8145,0.4056,152.950,2.225,2.0186,359.848,0.9797,0.0468,0.0234,0.4987,2.3301,2.3455,nan,2.1836,2.1072,0.0835,0.7557,0.8000,0.1357,-0.2310,0.8798,39.0577,0.0220,-0.8322,0.1749
82.300,353.614,-2.1659,3.8149,160.726,-2.1714,3.9716,158.086,0.0569,-0.1461,0.1567,-2.639,1.7457,3.3679,-2.249,-3.9378,0.4495,160.335,2.126,2.1254,359.976,0.9876,0.0622,0.0328,0.5271,2.3122,2.3281,nan,2.1744,2.0974,0.0831,0.7662,0.8000,0.1065,-0.2710,1.0072,39.2575,0.0231,-2.7360,0.1749
82.350,353.725,-2.2724,3.8455,167.273,-2.2997,3.9992,166.403,0.0605,-0.1439,0.1561,-0.871,1.7523,3.4333,-1.265,-4.0635,0.4762,167.668,1.999,2.1649,360.088,1.0071,0.0218,0.0287,1.3171,2.2715,2.2840,nan,2.1652,2.1304,0.0844,0.7909,0.8000,0.0821,-0.2721,1.1761,39.3574,0.0120,-4.1165,0.1749
82.400,353.835,-2.3806,3.8631,174.567,-2.3864,4.0073,172.643,0.0194,-0.1430,0.1443,-1.924,1.7523,3.4333,-1.265,-4.1504,0.4825,173.908,1.926,2.3813,360.203,0.9888,0.0282,0.0289,1.0253,2.0146,1.9598,nan,2.2201,2.1868,0.0866,0.8257,0.8000,0.0809,-0.2701,1.2162,39.4573,0.0430,-2.3472,0.1749
82.451,353.928,-2.4739,3.8664,-178.551,-2.5119,4.0117,-179.351,0.0343,-0.1462,0.1502,-0.801,1.7514,3.4652,-0.894,-4.2713,0.4799,-178.458,1.892,2.5046,360.305,1.0170,0.0261,0.0343,1.3149,2.1142,2.1515,nan,2.3039,2.2752,0.0901,0.8274,0.8000,0.0534,-0.2478,1.2690,39.5572,0.0402,-1.8573,0.1749
82.500,353.928,-2.4739,3.8664,-178.551,-2.5218,4.0172,-179.243,0.0440,-0.1520,0.1582,-0.692,1.7425,3.4788,-0.785,-4.2713,0.4799,-178.458,1.892,2.5046,360.305,1.0170,0.0261,0.0397,1.5222,2.0033,2.0016,nan,2.3690,2.3339,0.0924,0.7989,0.8000,0.0302,-0.2392,1.2091,39.6570,0.0610,-1.2274,0.1749
82.550,354.034,-2.5793,3.8563,-170.274,-2.6232,4.0014,-171.131,0.0187,-0.1505,0.1516,-0.857,1.7464,3.4907,-0.627,-4.3749,0.4629,-170.504,1.901,2.6038,360.425,1.0169,0.0311,0.0350,1.1252,2.1117,2.1514,nan,2.4233,2.4834,0.0984,0.7755,0.8000,0.0028,-0.2124,1.0600,39.7569,0.0254,-0.0800,0.1749
82.600,354.140,-2.6819,3.8312,-161.993,-2.7390,3.9667,-163.058,0.0124,-0.1465,0.1470,-1.065,1.7500,3.4614,-0.912,-4.4964,0.4338,-162.146,1.948,2.5858,360.546,1.0362,0.0381,0.0460,1.2081,2.1970,2.2313,nan,2.5131,2.5870,0.1025,0.7516,0.8000,-0.0080,-0.1909,1.0322,39.8568,0.0223,0.5265,0.1749
82.650,354.248,-2.7825,3.7906,-153.791,-2.8345,3.9123,-155.215,-0.0070,-0.1321,0.1323,-1.423,1.7662,3.4338,-1.238,-4.6100,0.3789,-153.977,2.004,2.5877,360.671,1.0521,0.0454,0.0495,1.0905,2.2774,2.3111,nan,2.6092,2.6559,0.1052,0.7033,0.8000,-0.0128,-0.1641,0.9975,39.9567,0.0326,1.6577,0.1749
82.700,354.363,-2.8819,3.7326,-145.363,-2.9493,3.8234,-145.560,0.0038,-0.1130,0.1131,-0.197,1.7767,3.4650,-0.735,-4.7302,0.2977,-144.825,2.103,2.6223,360.806,1.0781,0.0146,0.0529,3.6163,2.2908,2.3111,nan,2.7992,2.8796,0.1140,0.6251,0.8446,-0.0359,-0.2042,0.7321,40.1565,0.0449,1.6577,0.1749
82.750,354.497,-2.9855,3.6482,-135.934,-3.0485,3.7330,-136.347,-0.0137,-0.1048,0.1056,-0.413,1.7755,3.5250,0.005,-4.8240,0.2084,-136.352,2.224,2.4879,360.962,1.0699,0.0257,0.0553,2.1488,2.2184,2.2257,nan,2.8573,2.9218,0.1157,0.5763,0.8228,-0.0284,-0.1409,0.6523,40.2564,0.0653,1.6116,0.1749
82.800,354.628,-3.0738,3.5511,-128.286,-3.1384,3.6105,-128.059,-0.0066,-0.0876,0.0878,0.228,1.7891,3.5474,0.188,-4.9273,0.0793,-128.246,2.441,2.2984,361.117,1.0931,0.0311,0.0499,1.6038,2.4768,2.6140,nan,2.9369,3.0515,0.1209,0.4859,0.9186,-0.0414,-0.0669,0.6094,40.3562,0.0310,5.8631,0.1749
82.850,354.766,-3.1528,3.4376,-120.988,-3.2141,3.4624,-120.175,0.0103,-0.0653,0.0661,0.813,1.8057,3.5965,0.716,-5.0210,-0.0714,-120.891,2.587,2.1253,361.274,1.1183,0.0124,0.0505,4.0724,2.7378,2.8840,nan,3.1081,3.1250,0.1238,0.3981,1.0154,-0.0432,-0.0924,0.7189,40.5561,0.0487,3.0356,0.1749
82.900,354.916,-3.2228,3.3051,-114.416,-3.2741,3.3204,-113.388,0.0073,-0.0531,0.0536,1.029,1.8057,3.5965,0.716,-5.0828,-0.2126,-114.104,2.758,1.8230,361.440,1.1134,0.0175,0.0495,2.8234,2.7699,2.7977,nan,3.1981,3.2050,0.1269,0.3237,1.0700,-0.0271,-0.0517,0.6306,40.6560,0.0586,4.5322,0.1749
82.950,354.916,-3.2228,3.3051,-114.416,-3.2651,3.3117,-113.148,0.0115,-0.0413,0.0428,1.269,1.8135,3.6091,0.956,-5.0828,-0.2126,-114.104,2.758,1.8230,361.440,1.1134,0.0175,0.0411,2.3480,2.8878,2.9388,nan,3.3866,3.4980,0.1385,0.2562,1.2148,-0.0223,-0.0790,0.4572,40.8558,0.0393,4.1310,0.1749
83.000,355.078,-3.2825,3.1546,-108.687,-3.3122,3.1328,-107.078,0.0301,-0.0212,0.0368,1.610,1.8208,3.6206,1.135,-5.1417,-0.3861,-108.212,2.912,1.5205,361.613,1.1202,0.0238,0.0409,1.7208,2.8979,2.9228,nan,3.5828,3.6655,0.1452,0.2101,1.2528,-0.0173,-0.0592,0.4047,40.9556,0.0710,3.4076,0.1674
83.050,355.260,-3.3330,2.9799,-103.441,-3.3484,2.9525,-101.869,0.0303,-0.0086,0.0315,1.572,1.8182,3.6468,1.498,-5.1830,-0.5591,-103.367,3.050,1.3283,361.804,1.1109,0.0145,0.0240,1.6558,2.9929,3.0375,nan,3.6786,3.7878,0.1500,0.1422,1.3187,-0.0270,-0.0524,0.2895,41.1554,0.0688,3.4076,0.1674
83.100,355.434,-3.3679,2.8092,-99.489,-3.3759,2.7465,-97.861,0.0632,0.0024,0.0632,1.629,1.8274,3.6092,1.284,-5.2214,-0.7459,-99.145,3.262,1.1261,361.991,1.1198,0.0177,0.0233,1.3189,3.0999,3.1496,nan,3.8622,3.9847,0.1578,0.1120,1.2808,-0.0366,-0.0399,0.1809,41.3552,0.0779,5.3366,0.1674
83.150,355.636,-3.3949,2.6089,-95.746,-3.3835,2.5626,-94.676,0.0449,0.0160,0.0477,1.070,1.8358,3.6157,1.291,-5.2417,-0.9352,-95.966,3.462,0.8995,362.206,1.1097,0.0241,0.0162,0.6714,3.2469,3.3133,nan,4.0361,4.1596,0.1647,0.0758,1.3001,-0.0379,-0.0380,0.1469,41.5550,0.0827,4.7640,0.1674
83.200,355.827,-3.4106,2.4190,-93.829,-3.3921,2.3038,-92.029,0.1137,0.0261,0.1166,1.800,1.8456,3.5695,0.825,-5.2554,-1.1901,-92.854,3.709,0.4735,362.411,1.1321,0.0255,0.0225,0.8832,3.5490,3.9422,nan,4.2071,4.3697,0.1731,0.0214,1.2683,-0.0367,-0.0282,0.1256,41.7548,0.0589,5.5030,0.1674
83.250,356.029,-3.4217,2.2169,-92.477,-3.3936,2.1415,-92.140,0.0741,0.0313,0.0804,0.337,1.8624,3.5312,0.285,-5.2628,-1.3635,-92.425,3.904,0.3919,362.625,1.1176,0.0268,0.0137,0.5088,3.6195,3.6639,nan,3.8644,4.1325,0.1637,0.0181,1.2640,-0.0541,-0.0712,0.0766,41.9546,-0.0161,5.1746,0.1674
83.300,356.250,-3.4300,1.9963,-91.995,-3.3982,1.8916,-90.815,0.1035,0.0354,0.1094,1.180,1.8605,3.5519,0.371,-5.2694,-1.6262,-91.186,4.085,0.1171,362.858,1.1325,0.0164,0.0087,0.5275,3.9028,4.1413,nan,3.6509,3.6976,0.1464,-0.0316,1.2106,-0.0705,-0.0698,-0.0350,42.1543,-0.0248,4.3186,0.1674
83.350,356.478,-3.4371,1.7682,-91.648,-3.4043,1.6751,-91.255,0.0921,0.0354,0.0987,0.393,1.8605,3.5519,0.371,-5.2769,-1.8427,-91.626,4.044,0.0090,363.084,1.1282,0.0193,0.0139,0.7194,3.9925,4.0459,nan,3.4518,3.2709,0.1295,-0.0459,1.1247,-0.0893,-0.0699,-0.1411,42.3541,0.0090,-0.4287,0.1674
83.400,356.478,-3.4371,1.7682,-91.648,-3.3999,1.6675,-90.953,0.0996,0.0400,0.1074,0.695,1.8549,3.5721,0.674,-5.2769,-1.8427,-91.626,4.044,0.0090,363.084,1.1282,0.0193,0.0119,0.6147,4.0699,4.1214,nan,3.2596,3.1881,0.1263,-0.1434,1.1153,-0.0944,-0.0303,-0.2389,42.5539,-0.0524,-6.0598,0.1674
83.450,356.697,-3.4441,1.5494,-92.244,-3.4015,1.4568,-90.842,0.0909,0.0462,0.1020,1.402,1.8527,3.6029,0.777,-5.2828,-2.0747,-91.619,3.788,-0.2495,363.288,1.1326,0.0214,0.0120,0.5614,3.7571,3.6888,nan,3.0523,2.9914,0.1185,-0.1705,1.0295,-0.1016,-0.0029,-0.3265,42.7537,-0.0434,-8.2547,0.1674
83.500,356.895,-3.4529,1.3514,-93.064,-3.4095,1.2789,-92.123,0.0700,0.0472,0.0844,0.940,1.8468,3.6258,0.938,-5.2941,-2.2606,-93.061,3.461,-0.3477,363.468,1.1299,0.0225,0.0168,0.7466,3.3713,3.1564,nan,3.0523,2.9117,0.1153,-0.1876,0.9238,-0.1035,0.0149,-0.3691,42.8536,0.0243,-5.5523,0.1674
83.550,357.079,-3.4654,1.1679,-95.246,-3.4241,1.1530,-93.185,0.0110,0.0425,0.0439,2.061,1.8393,3.6447,0.970,-5.3048,-2.4022,-94.155,3.256,-0.7363,363.642,1.1122,0.0273,0.0204,0.7469,3.1871,3.1782,nan,2.8485,2.7184,0.1077,-0.2376,0.8733,-0.1009,0.0167,-0.4080,42.9535,0.0180,-3.7756,0.1674
83.600,357.255,-3.4850,0.9936,-97.926,-3.4520,1.0096,-96.506,-0.0204,0.0305,0.0366,1.419,1.8259,3.6968,1.136,-5.3301,-2.5821,-97.642,3.040,-0.8734,363.807,1.1195,0.0151,0.0175,1.1611,3.1572,3.1782,nan,2.7711,2.6480,0.1049,-0.2387,0.8652,-0.1157,0.0396,-0.4384,43.1533,0.0100,-3.7756,0.1674
83.650,357.421,-3.5115,0.8295,-100.713,-3.4796,0.8823,-99.163,-0.0578,0.0215,0.0617,1.550,1.8054,3.7479,1.510,-5.3587,-2.7254,-100.673,2.899,-0.9086,363.967,1.1138,0.0161,0.0133,0.8241,2.9454,2.9244,nan,2.7711,2.5995,0.1029,-0.2261,0.8071,-0.1340,0.0311,-0.4684,43.2532,0.0485,-3.7691,0.1674
83.700,357.577,-3.5444,0.6774,-103.994,-3.5146,0.7259,-102.309,-0.0543,0.0172,0.0570,1.685,1.8151,3.7328,1.309,-5.3970,-2.8843,-103.618,2.693,-0.9536,364.115,1.1214,0.0183,0.0099,0.5418,2.9114,2.9299,nan,2.6438,2.5114,0.0995,-0.2876,0.8000,-0.1379,0.0395,-0.5300,43.3531,0.0259,-5.8829,0.1674
83.750,357.721,-3.5829,0.5377,-106.949,-3.5547,0.6335,-105.352,-0.0999,-0.0010,0.0999,1.597,1.7963,3.7890,1.590,-5.4365,-3.0058,-106.942,2.584,-0.9898,364.256,1.1158,0.0259,0.0042,0.1607,2.6839,2.6542,nan,2.5124,2.3917,0.0947,-0.3189,0.8000,-0.1436,0.0358,-0.5929,43.4529,0.0330,-2.9724,0.1674
83.800,357.863,-3.6279,0.4039,-110.556,-3.6022,0.5162,-108.944,-0.1142,-0.0154,0.1152,1.612,1.8206,3.7607,1.114,-5.4849,-3.1385,-110.058,2.468,-1.2013,364.394,1.1186,0.0087,0.0155,1.7860,2.6068,2.6162,nan,2.4121,2.3290,0.0922,-0.4358,0.8000,-0.1534,0.0540,-0.7048,43.5528,0.0185,-3.5091,0.1674
83.850,357.995,-3.6785,0.2813,-114.372,-3.6565,0.3921,-113.287,-0.1100,-0.0257,0.1129,1.085,1.8206,3.7607,1.114,-5.5415,-3.2615,-114.401,2.366,-1.2540,364.524,1.1245,0.0108,0.0063,0.5806,2.5130,2.5189,nan,2.3493,2.2317,0.0884,-0.4587,0.8000,-0.1627,0.1052,-0.5895,43.7527,0.0321,-3.5354,0.1674
83.900,357.995,-3.6785,0.2813,-114.372,-3.6536,0.3883,-112.634,-0.1078,-0.0214,0.1099,1.737,1.7848,3.8191,1.766,-5.5415,-3.2615,-114.401,2.366,-1.2540,364.524,1.1245,0.0108,0.0138,1.2729,2.3431,2.3300,nan,2.3189,2.1295,0.0843,-0.5630,0.8000,-0.1529,0.1146,-0.5799,43.8525,0.0687,-3.2160,0.1674
83.950,358.122,-3.7351,0.1680,-119.173,-3.7115,0.2698,-116.567,-0.1004,-0.0290,0.1045,2.606,1.7759,3.8181,1.865,-5.6000,-3.3678,-118.432,2.258,-1.6080,364.650,1.1239,0.0145,0.0204,1.4112,2.2270,2.2263,nan,2.2414,2.2557,0.0893,-0.6618,0.8000,-0.1489,0.0867,-0.8814,43.9524,0.0072,-3.6744,0.1674
84.000,358.245,-3.7999,0.0630,-124.308,-3.7729,0.1646,-121.960,-0.0991,-0.0349,0.1051,2.348,1.7488,3.8579,2.339,-5.6678,-3.4649,-124.299,2.158,-1.6213,364.772,1.1241,0.0248,0.0119,0.4789,2.1862,2.1979,nan,2.1700,2.1138,0.0837,-0.7522,0.8000,-0.1356,0.1066,-1.0389,44.0523,0.0278,-3.6643,0.1674
84.050,358.364,-3.8717,-0.0319,-130.244,-3.8465,0.0677,-127.167,-0.0923,-0.0451,0.1027,3.077,1.7488,3.8579,2.339,-5.7453,-3.5587,-129.506,2.053,-1.9045,364.891,1.1291,0.0053,0.0552,10.4613,2.1315,2.1408,nan,2.0993,2.0047,0.0794,-0.8107,0.8000,-0.1193,0.2222,-1.1129,44.2521,0.0384,-0.2276,0.1674
84.100,358.475,-3.9477,-0.1125,-136.757,-3.9289,-0.0347,-133.969,-0.0670,-0.0438,0.0801,2.787,1.7368,3.8620,2.547,-5.8333,-3.6411,-136.516,2.045,-2.1903,365.009,1.1410,0.0061,0.0453,7.4241,2.1248,2.1408,nan,2.0816,1.9989,0.0792,-0.8351,0.8000,-0.1108,0.2245,-1.2066,44.3520,0.0333,-0.2276,0.1674
84.150,358.591,-4.0369,-0.1863,-144.318,-4.0118,-0.1042,-140.663,-0.0683,-0.0520,0.0859,3.655,1.7267,3.8668,2.656,-5.9163,-3.7009,-143.319,1.950,-2.3384,365.129,1.1307,0.0289,0.0395,1.3693,2.0425,2.0467,nan,2.1350,2.1291,0.0843,-0.8394,0.8000,-0.0866,0.2214,-1.2949,44.4519,0.0216,-2.5301,0.1674
84.200,358.691,-4.1218,-0.2396,-151.493,-4.1250,-0.1829,-148.937,-0.0242,-0.0513,0.0567,2.556,1.7116,3.9007,3.012,-6.0431,-3.7713,-151.949,1.848,-2.4325,365.232,1.1759,0.0402,0.0236,0.5868,2.2291,2.3018,nan,2.2248,2.2303,0.0883,-0.8178,0.8000,-0.0560,0.2117,-1.3730,44.5517,0.0081,-3.4838,0.1674
84.250,358.796,-4.2171,-0.2830,-159.778,-4.1922,-0.2240,-155.578,-0.0438,-0.0467,0.0640,4.200,1.6750,3.9399,3.545,-6.1135,-3.7932,-159.123,1.848,-2.5190,365.351,1.1454,0.0830,0.0234,0.2815,1.9207,1.8217,nan,2.2905,2.2506,0.0891,-0.7942,0.8000,-0.0521,0.2313,-1.3182,44.6516,0.0630,-1.4830,0.1674
84.300,358.897,-4.3142,-0.3115,-167.640,-4.3255,-0.2702,-164.766,0.0021,-0.0428,0.0428,2.874,1.7116,3.8842,3.060,-6.2502,-3.8262,-167.825,1.902,-2.5088,365.468,1.1846,0.0066,0.0584,8.9106,2.1008,2.1683,nan,2.3560,2.4257,0.0961,-0.8213,0.8000,-0.0075,0.2217,-1.1383,44.7515,0.0170,0.5942,0.1674
84.350,358.991,-4.4072,-0.3261,-174.712,-4.4259,-0.2990,-172.666,0.0161,-0.0287,0.0329,2.046,1.7697,3.7844,2.282,-6.3533,-3.8335,-174.948,1.937,-2.5281,365.574,1.1921,0.0077,0.0495,6.4425,2.0810,2.0947,nan,2.4543,2.5113,0.0995,-0.7859,0.8000,0.0130,0.2044,-1.1132,44.8514,0.0350,0.4434,0.1674
84.400,359.102,-4.5181,-0.3284,176.676,-4.5415,-0.3001,179.725,0.0250,-0.0269,0.0367,3.049,1.7697,3.7844,2.282,-6.4689,-3.8300,177.443,2.034,-2.6632,365.706,1.1949,0.0160,0.0595,3.7171,2.0926,2.1111,nan,2.5477,2.5672,0.1017,-0.7479,0.8000,0.0446,0.1737,-1.0446,44.9513,0.0556,-0.5320,0.1674
84.450,359.102,-4.5181,-0.3284,176.676,-4.5311,-0.3007,179.397,0.0145,-0.0269,0.0306,2.720,1.8035,3.7475,1.953,-6.4689,-3.8300,177.443,2.034,-2.6632,365.706,1.1949,0.0160,0.0488,3.0516,2.3294,2.4386,nan,2.6370,2.7630,0.1094,-0.7116,0.8003,0.0605,0.1946,-0.7929,45.1511,0.0098,1.4911,0.1674
84.500,359.216,-4.6314,-0.3138,168.184,-4.6548,-0.2781,170.085,0.0302,-0.0302,0.0427,1.901,1.8421,3.7288,1.789,-6.6189,-3.8020,168.296,2.126,-2.6387,365.839,1.2264,0.0292,0.0374,1.2814,2.3977,2.4297,nan,2.8006,2.9025,0.1149,-0.6287,0.8316,0.0557,0.1348,-0.7359,45.2510,0.0286,1.5904,0.1674
84.550,359.336,-4.7462,-0.2813,159.805,-4.7647,-0.2258,161.306,0.0365,-0.0457,0.0585,1.502,1.8643,3.7384,1.805,-6.7505,-3.7534,159.502,2.212,-2.6255,365.977,1.2385,0.0500,0.0394,0.7885,2.3932,2.4116,nan,2.7888,2.8966,0.1147,-0.5381,0.8300,0.0377,0.0794,-0.6632,45.3508,0.0261,2.9790,0.1674
84.600,359.466,-4.8647,-0.2278,151.168,-4.8615,-0.1592,153.315,0.0303,-0.0617,0.0687,2.146,1.8992,3.7182,1.563,-6.8639,-3.6916,151.752,2.358,-2.4677,366.130,1.2313,0.0791,0.0363,0.4587,2.6726,2.8477,nan,2.8356,2.9901,0.1184,-0.4626,0.9269,0.0376,0.0174,-0.6770,45.4507,-0.0142,3.7945,0.1674
84.650,359.597,-4.9757,-0.1573,143.527,-4.9990,-0.0606,144.312,0.0762,-0.0639,0.0995,0.785,1.9439,3.6605,1.126,-7.0146,-3.5839,143.186,2.508,-2.2724,366.282,1.2615,0.0107,0.0328,3.0636,2.7380,2.7726,nan,2.9059,2.8876,0.1144,-0.3682,0.9496,0.0212,0.0368,-0.7714,45.6506,0.0374,3.7945,0.1674
84.700,359.741,-5.0863,-0.0649,136.487,-5.0942,0.0278,136.578,0.0696,-0.0618,0.0930,0.091,2.0108,3.5540,0.267,-7.1214,-3.4930,136.310,2.634,-2.0063,366.439,1.2581,0.0175,0.0139,0.7960,2.6832,2.6969,nan,2.9809,2.9786,0.1180,-0.2956,0.9651,0.0110,0.0061,-0.6907,45.7504,0.0466,3.7299,0.1674
84.750,359.889,-5.1884,0.0426,130.282,-5.1913,0.1422,130.322,0.0779,-0.0622,0.0997,0.040,2.0294,3.5261,0.131,-7.2284,-3.3673,130.191,2.745,-1.8965,366.598,1.2591,0.0222,0.0153,0.6899,2.7985,2.8474,nan,3.1537,3.2302,0.1279,-0.2303,1.0389,-0.0080,-0.0243,-0.6226,45.8503,0.0313,3.4634,0.1674
84.800,360.050,-5.2869,0.1690,125.887,-5.2813,0.2570,124.377,0.0680,-0.0561,0.0882,-1.510,2.0388,3.5129,0.159,-7.3291,-3.2356,124.218,2.872,-1.0875,366.765,1.2602,0.0325,0.0411,1.2663,2.8777,2.9170,nan,3.2514,3.3665,0.1333,-0.1795,1.1317,-0.0120,-0.0016,-0.5042,46.0501,0.0243,2.5989,0.1674
84.850,360.213,-5.3789,0.3041,122.592,-5.3753,0.3968,122.504,0.0761,-0.0530,0.0928,-0.087,2.0399,3.5049,0.124,-7.4219,-3.0920,122.380,3.051,-0.8899,366.937,1.2593,0.0174,0.0042,0.2391,2.9414,2.9775,nan,3.3490,3.4834,0.1380,-0.2355,1.2075,-0.0014,0.0598,-0.4202,46.1500,0.0246,5.0063,0.1674
84.900,360.385,-5.4682,0.4514,119.833,-5.4627,0.5543,119.562,0.0866,-0.0560,0.1031,-0.271,2.0575,3.4639,-0.246,-7.5077,-2.9418,119.807,3.193,-0.9612,367.117,1.2553,0.0212,0.0050,0.2361,3.0281,3.0709,nan,3.6120,3.7530,0.1486,-0.2447,1.3321,0.0101,0.0970,-0.2923,46.3498,0.0482,3.9905,0.1674
84.950,360.544,-5.5438,0.5913,116.555,-5.5406,0.7188,116.430,0.1126,-0.0598,0.1275,-0.125,2.0803,3.4129,-0.697,-7.5876,-2.7867,117.127,3.292,-1.2072,367.283,1.2568,0.0209,0.0041,0.1952,3.2138,3.2996,nan,3.7615,3.9155,0.1551,-0.2227,1.4138,0.0194,0.0691,-0.2824,46.4497,0.0416,2.5371,0.1674
85.000,360.731,-5.6219,0.7610,112.503,-5.6138,0.8967,112.016,0.1222,-0.0594,0.1359,-0.487,2.0803,3.4129,-0.697,-7.6629,-2.6097,112.714,3.489,-1.2407,367.483,1.2528,0.0233,0.0093,0.3977,3.3318,3.3873,nan,3.9152,4.0441,0.1602,-0.1725,1.4657,0.0167,0.0374,-0.2822,46.6495,0.0524,1.2780,0.1622
85.050,360.731,-5.6219,0.7610,112.503,-5.6165,0.9177,111.866,0.1427,-0.0650,0.1568,-0.637,2.0842,3.4138,-0.848,-7.6629,-2.6097,112.714,3.489,-1.2407,367.483,1.2528,0.0233,0.0107,0.4582,3.5227,3.6168,nan,4.1005,4.2076,0.1666,-0.1314,1.5013,0.0149,0.0244,-0.2854,46.8493,0.0593,4.3439,0.1622
85.100,360.914,-5.6869,0.9315,108.877,-5.6760,1.1224,107.643,0.1771,-0.0721,0.1912,-1.233,2.0972,3.3912,-1.085,-7.7288,-2.4157,108.729,3.650,-1.1748,367.677,1.2500,0.0230,0.0156,0.6765,3.6236,3.6769,nan,4.2848,4.3936,0.1740,-0.0928,1.5523,0.0113,0.0231,-0.2833,47.0490,0.0713,3.8801,0.1622
85.150,361.119,-5.7483,1.1278,105.725,-5.7273,1.3124,104.845,0.1720,-0.0702,0.1858,-0.879,2.0721,3.4733,-0.483,-7.7810,-2.2265,105.328,3.818,-0.8308,367.894,1.2419,0.0235,0.0139,0.5892,3.8990,4.1124,nan,4.5432,4.7755,0.1891,-0.0892,1.8314,0.0299,0.0716,-0.1271,47.3487,0.0550,4.2288,0.1622
85.200,361.330,-5.8014,1.3320,103.304,-5.7884,1.5525,103.174,0.2116,-0.0634,0.2209,-0.131,2.0476,3.5479,0.104,-7.8397,-1.9811,103.070,3.983,-0.6443,368.116,1.2417,0.0222,0.0065,0.2931,3.9423,3.9831,nan,4.7052,4.9089,0.1944,-0.0929,1.8656,0.0486,0.0791,-0.0876,47.5485,0.0752,4.2870,0.1622
85.250,361.555,-5.8497,1.5509,101.453,-5.8354,1.7553,101.324,0.1975,-0.0546,0.2049,-0.129,2.0433,3.5355,0.047,-7.8802,-1.7739,101.278,4.161,-0.5850,368.352,1.2354,0.0232,0.0038,0.1655,4.1701,4.3119,nan,4.8600,5.0916,0.2016,-0.0838,1.9694,0.0635,0.0629,-0.0384,47.7483,0.0639,5.9149,0.1622
85.300,361.795,-5.8939,1.7876,99.537,-5.8880,2.0287,100.150,0.2368,-0.0458,0.2412,0.613,2.0208,3.6268,0.615,-7.9255,-1.5132,99.535,4.412,-0.6285,368.611,1.2336,0.0224,0.0105,0.4702,4.2532,4.3119,nan,5.0083,5.2244,0.2069,-0.0816,2.0086,0.0824,0.0416,-0.0171,47.9481,0.0747,5.9149,0.1622
85.350,362.053,-5.9324,2.0422,97.431,-5.9258,2.2860,97.566,0.2409,-0.0381,0.2439,0.135,2.0351,3.5392,-0.075,-7.9592,-1.2637,97.641,4.614,-0.6056,368.885,1.2294,0.0185,0.0067,0.3647,4.4284,4.5401,nan,5.2880,5.4833,0.2172,-0.0827,2.0737,0.0969,0.0253,-0.0319,48.2477,0.0910,4.3457,0.1622
85.400,362.309,-5.9619,2.2963,95.571,-5.9647,2.6164,95.443,0.3189,-0.0283,0.3202,-0.128,2.0276,3.5497,-0.029,-7.9918,-0.9374,95.472,4.844,-0.6235,369.160,1.2260,0.0157,0.0099,0.6305,4.7145,5.1990,nan,5.4848,5.7148,0.2263,-0.0719,2.1309,0.0925,-0.0076,-0.0465,48.5474,0.0778,5.3875,0.1622
85.450,362.587,-5.9846,2.5736,93.544,-5.9895,2.8694,94.288,0.2955,-0.0134,0.2958,0.743,2.0087,3.6530,0.701,-8.0071,-0.6858,93.587,5.078,-0.5902,369.459,1.2204,0.0118,0.0138,1.1690,4.7967,4.8735,nan,5.6106,5.8309,0.2309,-0.0692,2.1240,0.0906,-0.0271,-0.0548,48.7472,0.0842,5.2402,0.1622
85.500,362.878,-5.9984,2.8644,91.687,-6.0069,3.1771,91.491,0.3128,-0.0007,0.3128,-0.195,2.0117,3.5105,-0.173,-8.0176,-0.3575,91.664,5.295,-0.5750,369.769,1.2146,0.0220,0.0126,0.5731,5.0656,5.3939,nan,5.8507,6.0880,0.2411,-0.0833,2.0985,0.0950,-0.0172,-0.0751,49.1468,0.0804,5.0143,0.1622
85.550,363.174,-6.0031,3.1606,89.859,-6.0056,3.5034,89.658,0.3428,0.0034,0.3428,-0.201,2.0117,3.5105,-0.173,-8.0173,-0.0312,89.830,5.467,-0.6541,370.083,1.2084,0.0150,0.0152,1.0132,5.3110,5.5967,nan,6.0028,6.2764,0.2486,-0.0779,2.0850,0.0803,-0.0433,-0.0944,49.3465,0.0683,3.9353,0.1622
85.600,363.174,-6.0031,3.1606,89.859,-6.0066,3.4974,89.189,0.3368,0.0044,0.3369,-0.670,2.0105,3.4389,-0.641,-8.0173,-0.0312,89.830,5.467,-0.6541,370.083,1.2084,0.0150,0.0129,0.8595,5.4382,5.5698,nan,6.0859,6.3726,0.2524,-0.0736,2.0694,0.0652,-0.0540,-0.1183,49.6462,0.0632,4.1881,0.1622
85.650,363.486,-5.9971,3.4725,87.568,-6.0078,3.7968,87.089,0.3236,0.0245,0.3245,-0.479,1.9992,3.4248,-0.708,-8.0111,0.2732,87.797,5.664,-0.6980,370.415,1.2084,0.0076,0.0163,2.1469,5.6931,6.0624,nan,5.8626,6.1949,0.2453,-0.0814,2.0633,0.0570,-0.0606,-0.1145,49.9459,0.0075,4.2385,0.1622
85.700,363.780,-5.9804,3.7657,85.538,-5.9917,4.0972,85.507,0.3297,0.0370,0.3317,-0.031,1.9994,3.4867,-0.074,-7.9918,0.6002,85.580,5.835,-0.7028,370.727,1.2052,0.0038,0.0228,6.0213,5.9343,6.2832,nan,5.7367,5.8581,0.2320,-0.0962,2.0247,0.0441,-0.0516,-0.1130,50.2456,-0.0128,2.5221,0.1622
85.750,364.093,-5.9513,4.0774,83.463,-5.9473,4.4202,82.963,0.3410,0.0351,0.3428,-0.501,1.9985,3.4155,-0.343,-7.9517,0.9572,83.305,5.961,-0.7238,371.055,1.1947,0.0017,0.0327,19.0979,5.8768,5.9256,nan,5.5508,5.3135,0.2104,-0.0971,1.9944,0.0214,-0.0520,-0.1472,50.5452,0.0343,0.1973,0.1622
85.800,364.439,-5.9057,4.4205,80.968,-5.8862,4.7513,79.421,0.3298,0.0327,0.3314,-1.547,1.9819,3.2475,-1.362,-7.9016,1.3164,80.783,5.960,-0.8287,371.406,1.1908,0.0164,0.0257,1.5710,5.8607,5.9256,nan,5.3656,5.2488,0.2079,-0.1116,1.9394,0.0071,-0.0376,-0.1855,50.8449,-0.0036,0.1973,0.1622
85.850,364.792,-5.8427,4.7679,77.940,-5.8277,4.9614,76.931,0.1924,0.0257,0.1941,-1.009,1.9753,3.1858,-1.551,-7.8482,1.5638,78.481,5.806,-0.9224,371.750,1.2000,0.0032,0.0187,5.8502,5.5474,5.4439,nan,5.2441,5.0947,0.2018,-0.0891,1.9394,-0.0386,-0.0620,-0.1957,51.0447,0.0236,-2.9593,0.1622
85.900,365.102,-5.7714,5.0692,74.871,-5.7199,5.3163,73.653,0.2519,0.0147,0.2524,-1.218,1.9736,3.1620,-1.262,-7.7391,1.9843,74.915,5.486,-0.8262,372.036,1.1637,0.0024,0.0425,17.6817,5.8123,6.5621,nan,4.9916,5.1654,0.2046,-0.0929,1.8098,-0.0821,-0.0445,-0.2151,51.4443,-0.0200,-7.2697,0.1622
85.950,365.407,-5.6865,5.3621,72.433,-5.6606,5.4362,71.126,0.0784,-0.0024,0.0785,-1.306,1.9694,3.1246,-1.086,-7.6725,2.1665,72.213,5.246,-0.7545,372.325,1.1803,0.0053,0.0240,4.5559,5.3936,5.0225,nan,4.9916,4.8811,0.1933,-0.0699,1.8098,-0.1115,-0.0768,-0.2151,51.4443,0.0060,-5.6601,0.1622
86.000,365.687,-5.5974,5.6280,70.132,-5.5703,5.6632,68.507,0.0423,-0.0135,0.0444,-1.625,1.9410,3.0181,-1.555,-7.5804,2.4402,70.062,5.139,-0.6060,372.599,1.1770,0.0113,0.0222,1.9577,5.1741,5.1508,nan,4.8519,4.7322,0.1874,-0.0812,1.8098,-0.1317,-0.0602,-0.2270,51.6441,0.0175,-2.4431,0.1622
86.050,365.969,-5.4980,5.8920,68.349,-5.4641,5.9065,66.681,0.0260,-0.0262,0.0369,-1.669,1.9410,3.0181,-1.555,-7.4807,2.6863,68.236,4.946,-0.5977,372.869,1.1774,0.0060,0.0293,4.8786,5.0069,5.0083,nan,4.6962,4.5755,0.1812,-0.0793,1.6938,-0.1592,-0.0451,-0.2372,51.8438,0.0200,-4.4037,0.1622
86.100,365.969,-5.4980,5.8920,68.349,-5.4760,5.8811,67.320,-0.0020,-0.0245,0.0246,-1.030,1.9609,3.0755,-0.916,-7.4807,2.6863,68.236,4.946,-0.5977,372.869,1.1774,0.0060,0.0231,3.8467,4.9191,4.9457,nan,4.6232,4.4959,0.1781,-0.1120,1.6938,-0.1639,-0.0133,-0.2453,52.0436,0.0240,-4.1526,0.1622
86.150,366.241,-5.3941,6.1432,66.406,-5.3669,6.1339,65.210,0.0024,-0.0287,0.0288,-1.197,1.9406,3.0404,-1.184,-7.3698,2.9419,66.393,4.773,-0.5863,373.129,1.1702,0.0011,0.0275,24.7338,4.6354,4.5761,nan,4.4748,4.2880,0.1698,-0.1365,1.6608,-0.1642,0.0275,-0.2473,52.3433,0.0601,-3.8578,0.1622
86.200,366.499,-5.2876,6.3781,64.579,-5.2841,6.3077,63.432,-0.0621,-0.0333,0.0705,-1.147,1.9224,3.0162,-1.162,-7.2718,3.1447,64.594,4.616,-0.6671,373.377,1.1803,0.0007,0.0387,52.2709,4.5814,4.6124,nan,4.3212,4.1667,0.1650,-0.1636,1.6415,-0.1596,0.0430,-0.2658,52.5431,0.0396,-3.1893,0.1622
86.250,366.749,-5.1761,6.6022,62.086,-5.1563,6.5568,61.790,-0.0309,-0.0387,0.0496,-0.296,1.9578,3.1030,-0.515,-7.1449,3.3897,62.305,4.488,-0.8475,373.621,1.1637,0.0188,0.0435,2.3084,4.2282,4.1024,nan,4.1818,3.9847,0.1578,-0.1861,1.5150,-0.1506,0.0566,-0.2927,52.7429,0.0762,-4.2234,0.1622
86.300,366.995,-5.0561,6.8172,59.111,-5.0619,6.7449,59.776,-0.0650,-0.0321,0.0725,0.664,2.0035,3.2328,0.352,-7.0438,3.5554,59.424,4.320,-0.9982,373.858,1.1859,0.0151,0.0385,2.5545,4.0922,4.1024,nan,4.1147,4.1435,0.1641,-0.2059,1.4662,-0.1424,0.0787,-0.3107,52.9426,0.0126,-4.2234,0.1622
86.350,367.233,-4.9290,7.0177,55.632,-4.9366,6.9616,57.555,-0.0506,-0.0254,0.0566,1.922,2.0659,3.3825,1.461,-6.9090,3.7564,56.094,4.173,-1.1482,374.089,1.1782,0.0138,0.0182,1.3221,4.2505,4.3417,nan,3.8405,3.7625,0.1490,-0.2385,1.5229,-0.1045,0.0941,-0.3447,53.1424,-0.0017,-3.9183,0.1622
86.400,367.460,-4.7954,7.2008,51.508,-4.8061,7.1571,54.268,-0.0409,-0.0188,0.0450,2.760,2.1033,3.4783,2.253,-6.7595,3.9476,52.015,4.059,-1.3557,374.311,1.1616,0.0155,0.0118,0.7613,4.3211,4.3779,nan,3.5178,3.4699,0.1374,-0.2309,1.5482,-0.0682,0.1407,-0.3114,53.4421,-0.0586,-2.6103,0.1622
86.450,367.675,-4.6553,7.3651,46.951,-4.6795,7.3241,50.040,-0.0465,-0.0103,0.0476,3.089,2.1366,3.5698,2.975,-6.6120,4.1029,47.065,3.812,-1.3777,374.516,1.1551,0.0178,0.0105,0.5931,4.0767,4.0504,nan,3.3456,3.2935,0.1304,-0.2590,1.4607,-0.0515,0.1001,-0.3451,53.5420,-0.0495,-6.0224,0.1622
86.500,367.877,-4.5129,7.5078,42.768,-4.5508,7.4632,45.805,-0.0581,-0.0070,0.0585,3.037,2.1614,3.6240,3.292,-6.4806,4.2183,42.513,3.543,-1.3388,374.704,1.1688,0.0299,0.0288,0.9641,3.7133,3.5809,nan,3.3174,3.2301,0.1279,-0.3114,1.3305,-0.0354,0.1207,-0.4586,53.7418,-0.0001,-6.9208,0.1622
86.550,368.052,-4.3810,7.6224,38.731,-4.4291,7.5789,42.711,-0.0648,-0.0038,0.0649,3.980,2.2032,3.7025,3.899,-6.3534,4.3184,38.812,3.340,-1.3503,374.871,1.1751,0.0312,0.0351,1.1234,3.4247,3.3701,nan,3.3174,2.9145,0.1154,-0.3608,1.2271,-0.0137,0.1120,-0.4945,53.8417,0.0672,-5.8657,0.1622
86.600,368.231,-4.2370,7.7293,33.876,-4.2994,7.6814,38.523,-0.0785,-0.0050,0.0787,4.647,2.2032,3.7025,3.899,-6.2169,4.4118,34.624,3.188,-1.5825,375.046,1.1844,0.0339,0.0405,1.1945,3.2501,3.2444,nan,3.4771,3.4489,0.1366,-0.3829,1.1645,0.0062,0.1322,-0.1189,0.0000,0.0497,-2.8754,0.1622
86.650,368.231,-4.2370,7.7293,33.876,-4.2867,7.6959,37.761,-0.0599,-0.0001,0.0599,3.885,2.1623,3.6308,3.137,-6.2169,4.4118,34.624,3.188,-1.5825,375.046,1.1844,0.0339,0.0319,0.9421,3.2625,3.2909,nan,3.6386,3.6673,0.1452,-0.3551,1.2352,0.0144,0.1076,-0.4563,0.1998,0.0504,-6.4811,0.1622
86.700,368.396,-4.0966,7.8154,28.633,-4.1148,7.8036,31.050,-0.0216,-0.0017,0.0217,2.416,2.1169,3.5569,2.409,-6.0477,4.5048,28.641,2.974,-1.7672,375.204,1.1548,0.0376,0.0249,0.6634,2.9037,2.7516,nan,3.6386,3.6969,0.1464,-0.3004,1.0994,0.0076,0.0490,-0.4906,0.2997,0.0878,3.0888,0.1622
86.750,368.567,-3.9423,7.8905,22.712,-3.9951,7.8673,25.911,-0.0576,-0.0010,0.0576,3.199,2.1460,3.5961,2.601,-5.9409,4.5455,23.310,3.145,-1.8081,375.393,1.2069,0.0429,0.0284,0.6614,3.2108,3.5855,nan,3.6650,3.8083,0.1508,-0.2967,1.2157,0.0241,0.0371,-0.4081,0.4995,0.0326,4.2757,0.1622
86.800,368.749,-3.7716,7.9528,16.945,-3.7785,7.9508,19.557,-0.0072,0.0001,0.0072,2.612,2.1311,3.5835,2.506,-5.7130,4.6215,17.051,3.330,-1.6197,375.591,1.1482,0.0432,0.0186,0.4306,3.4732,3.6430,nan,3.8214,3.8228,0.1514,-0.2792,1.3150,0.0217,0.0397,-0.4727,0.6992,0.0559,3.3084,0.1622
86.850,368.936,-3.5907,8.0001,11.935,-3.5619,8.0075,13.392,0.0297,0.0013,0.0297,1.457,2.0842,3.5153,1.768,-5.5048,4.6643,11.624,3.455,-1.6071,375.789,1.1219,0.0404,0.0261,0.6465,3.5862,3.6430,nan,3.9399,3.9737,0.1574,-0.2635,1.4494,0.0294,0.0495,-0.3626,0.8990,0.0479,3.3084,0.1622
86.900,369.130,-3.4000,8.0323,6.819,-3.3636,8.0321,7.837,0.0362,-0.0046,0.0364,1.019,2.0454,3.4479,1.079,-5.3216,4.6852,6.758,3.568,-1.5718,375.993,1.1312,0.0400,0.0217,0.5429,3.4545,3.4611,nan,4.0408,4.1605,0.1648,-0.2391,1.3962,0.0246,0.0000,-0.3622,0.9989,0.0575,2.4762,0.1622
86.950,369.335,-3.1952,8.0484,1.737,-3.1440,8.0394,2.467,0.0509,-0.0106,0.0520,0.730,2.0184,3.4064,0.671,-5.1077,4.6931,1.796,3.654,-1.4147,376.207,1.1236,0.0401,0.0203,0.5052,3.5843,3.6472,nan,4.1522,4.2033,0.1665,-0.2171,1.4486,0.0155,0.0256,-0.3897,1.2986,0.0708,1.4250,0.1622
87.000,369.542,-2.9883,8.0474,-2.660,-2.9053,8.0313,-2.517,0.0836,-0.0122,0.0845,0.142,2.0012,3.3781,0.339,-4.8790,4.6821,-2.856,3.846,-1.3293,376.429,1.1040,0.0375,0.0190,0.5064,3.7579,3.8444,nan,4.2986,4.3742,0.1732,-0.2071,1.5554,0.0070,0.0277,-0.3454,1.4984,0.0622,4.7338,0.1622
87.050,369.761,-2.7701,8.0299,-6.880,-2.7001,8.0055,-7.055,0.0724,-0.0158,0.0741,-0.175,1.9382,3.3177,-0.379,-4.6692,4.6571,-6.676,3.970,-1.2912,376.658,1.1137,0.0344,0.0293,0.8524,3.8635,3.9210,nan,4.3981,4.4762,0.1773,-0.2020,1.6067,0.0067,0.0302,-0.3367,1.6982,0.0613,2.8485,0.1660
87.100,369.979,-2.5542,7.9969,-10.902,-2.4602,7.9604,-11.836,0.0992,-0.0181,0.1008,-0.934,1.8793,3.2838,-0.882,-4.4110,4.6093,-10.955,4.105,-1.2971,376.888,1.0752,0.0336,0.0329,0.9793,4.1350,4.3508,nan,4.4941,4.6166,0.1828,-0.1896,1.7783,0.0016,0.0165,-0.3183,1.8979,0.0310,3.2278,0.1660
87.150,369.979,-2.5542,7.9969,-10.902,-2.4602,7.9604,-11.836,0.0992,-0.0181,0.1008,-0.934,1.8793,3.2838,-0.882,-4.4110,4.6093,-10.955,4.105,-1.2971,376.888,1.0752,0.0336,0.0329,0.9793,4.1486,4.1866,nan,4.5858,4.7001,0.1861,-0.1714,1.8059,-0.0061,0.0049,-0.2965,2.0977,0.0425,2.6478,0.1660
87.200,370.213,-2.3266,7.9453,-15.090,-2.2561,7.9088,-15.490,0.0776,-0.0168,0.0794,-0.400,1.9054,3.3350,-0.341,-4.1887,4.5490,-15.149,4.226,-1.2690,377.133,1.0823,0.0344,0.0315,0.9163,4.2218,4.2765,nan,4.7175,4.8178,0.1908,-0.1717,1.8495,-0.0027,0.0109,-0.2852,2.2975,0.0527,3.0101,0.1660
87.250,370.462,-2.0882,7.8725,-19.297,-2.0295,7.8304,-19.817,0.0693,-0.0203,0.0722,-0.521,1.8798,3.3301,-0.503,-3.9487,4.4658,-19.315,4.358,-1.1913,377.394,1.0831,0.0357,0.0417,1.1698,4.4010,4.5141,nan,4.7993,4.9241,0.1950,-0.1645,1.9464,-0.0058,0.0335,-0.2684,2.5972,0.0379,2.4122,0.1660
87.300,370.696,-1.8698,7.7892,-22.854,-1.7993,7.7308,-23.360,0.0876,-0.0265,0.0916,-0.506,1.8819,3.3323,-0.479,-3.7179,4.3675,-22.880,4.454,-1.1858,377.637,1.0746,0.0352,0.0425,1.2099,4.5432,4.6395,nan,4.8974,5.0355,0.1994,-0.1601,2.0112,-0.0052,0.0278,-0.2586,2.7970,0.0317,2.3842,0.1660
87.350,370.948,-1.6399,7.6842,-26.714,-1.5707,7.6286,-26.997,0.0868,-0.0186,0.0887,-0.283,1.8829,3.3573,-0.353,-3.4799,4.2500,-26.643,4.565,-1.1776,377.901,1.0699,0.0331,0.0320,0.9660,4.6518,4.7341,nan,4.9411,5.0911,0.2016,-0.1552,2.0593,0.0017,0.0199,-0.2527,2.9968,0.0232,2.3303,0.1660
87.400,371.207,-1.4123,7.5613,-30.488,-1.3524,7.5061,-30.299,0.0796,-0.0172,0.0815,0.188,1.9093,3.4147,0.306,-3.2398,4.1088,-30.606,4.669,-1.1658,378.171,1.0627,0.0347,0.0306,0.8803,4.6805,4.7341,nan,5.0014,5.0982,0.2019,-0.1519,2.0720,0.0108,0.0383,-0.2618,3.2964,0.0352,2.3303,0.1660
87.450,371.467,-1.1923,7.4233,-34.165,-1.1481,7.3725,-33.955,0.0651,-0.0172,0.0673,0.210,1.8942,3.4089,0.104,-3.0351,3.9691,-34.059,4.765,-1.1402,378.441,1.0779,0.0364,0.0334,0.9182,4.6486,4.6854,nan,5.0732,5.1075,0.2023,-0.1519,2.0648,0.0180,0.0467,-0.2608,3.4962,0.0580,2.1543,0.1660
87.500,371.736,-0.9737,7.2659,-37.819,-0.9200,7.1965,-37.830,0.0850,-0.0219,0.0878,-0.012,1.8735,3.4103,-0.021,-2.7949,3.7852,-37.809,4.848,-1.1408,378.720,1.0649,0.0368,0.0394,1.0695,4.8704,5.0622,nan,5.2536,5.3454,0.2117,-0.1507,2.1071,0.0262,0.0357,-0.2410,3.6960,0.0441,1.9222,0.1660
87.550,372.004,-0.7666,7.0960,-41.440,-0.7074,7.0175,-40.916,0.0963,-0.0197,0.0983,0.523,1.9129,3.4405,0.532,-2.5870,3.6012,-41.448,4.900,-1.1549,378.996,1.0685,0.0329,0.0343,1.0395,4.9538,5.0367,nan,5.3689,5.5049,0.2180,-0.1408,2.1071,0.0249,0.0438,-0.2111,3.9957,0.0422,0.8589,0.1660
87.600,372.247,-0.5882,6.9307,-44.703,-0.5524,6.8625,-44.576,0.0734,-0.0233,0.0770,0.127,1.8744,3.4616,0.382,-2.4041,3.4171,-44.959,5.016,-1.1725,379.251,1.0703,0.0329,0.0340,1.0356,4.9157,4.9551,nan,5.4950,5.6255,0.2228,-0.1398,2.1071,0.0359,0.0350,-0.1867,4.1955,0.0616,2.9486,0.1660
87.650,372.548,-0.3807,6.7131,-48.482,-0.3775,6.6806,-47.946,0.0264,-0.0192,0.0326,0.535,1.8744,3.4616,0.382,-2.2304,3.2340,-48.329,5.165,-1.1251,379.568,1.0916,0.0334,0.0313,0.9345,4.8041,4.8235,nan,5.4251,5.5970,0.2217,-0.1241,2.1071,0.0369,0.0104,-0.1417,4.3952,0.0619,1.5858,0.1660
87.700,372.548,-0.3807,6.7131,-48.482,-0.4002,6.7047,-47.717,-0.0066,-0.0202,0.0212,0.764,1.8646,3.4946,0.611,-2.2304,3.2340,-48.329,5.165,-1.1251,379.568,1.0916,0.0334,0.0347,1.0389,5.0222,5.8766,nan,5.2430,5.5229,0.2187,-0.1207,2.1071,0.0339,-0.0024,-0.1532,4.6949,0.0064,2.8400,0.1660
87.750,372.830,-0.1990,6.4967,-51.991,-0.1719,6.4368,-51.510,0.0639,-0.0155,0.0657,0.481,1.8479,3.5118,0.462,-1.9962,2.9412,-51.972,5.287,-1.0526,379.864,1.0675,0.0312,0.0240,0.7692,5.2497,5.4869,nan,5.2394,4.9702,0.1968,-0.1115,2.1071,0.0290,-0.0011,-0.2040,4.9946,0.0715,1.4919,0.1660
87.800,373.118,-0.0275,6.2662,-55.147,-0.0325,6.2257,-56.019,0.0304,-0.0273,0.0408,-0.872,1.7719,3.5013,-0.641,-1.8348,2.7040,-55.377,5.346,-1.0059,380.160,1.0794,0.0258,0.0538,2.0834,5.2301,5.2803,nan,5.3191,5.3546,0.2121,-0.0870,2.1071,0.0066,-0.0222,-0.2310,5.1944,0.0238,-0.0116,0.1660
87.850,373.412,0.1348,6.0210,-58.304,0.0988,6.0064,-59.094,-0.0065,-0.0383,0.0389,-0.791,1.7543,3.5105,-0.837,-1.6919,2.4714,-58.257,5.330,-0.9276,380.456,1.0928,0.0213,0.0625,2.9321,5.3640,5.4971,nan,5.4795,5.5117,0.2183,-0.0773,2.1345,-0.0059,0.0016,-0.2323,5.4941,0.0275,-5.5874,0.1660
87.900,373.703,0.2824,5.7700,-61.151,0.2652,5.7171,-62.167,0.0380,-0.0406,0.0556,-1.017,1.7686,3.5074,-0.839,-1.5356,2.1875,-61.328,5.114,-0.7413,380.733,1.0970,0.0226,0.0585,2.5921,5.0115,4.8737,nan,5.6659,5.7609,0.2282,-0.0749,2.2013,-0.0045,0.0054,-0.1799,5.6938,0.0746,1.0262,0.1660
87.950,374.006,0.4239,5.5018,-63.490,0.3906,5.4765,-63.599,0.0078,-0.0411,0.0418,-0.110,1.8201,3.5067,-0.027,-1.4304,1.9692,-63.572,5.168,-0.6241,381.044,1.1129,0.0139,0.0437,3.1478,4.8654,4.8737,nan,5.7829,5.8803,0.2329,-0.0720,2.2092,0.0015,0.0061,-0.1377,5.8936,0.1048,1.0262,0.1660
88.000,374.277,0.5415,5.2575,-65.324,0.5306,5.1819,-65.949,0.0641,-0.0415,0.0764,-0.625,1.8082,3.5007,-0.518,-1.2927,1.6696,-65.431,5.264,-0.6010,381.325,1.1141,0.0103,0.0358,3.4859,5.1311,5.4634,nan,5.9148,6.1569,0.2438,-0.0957,2.2092,0.0297,0.0288,-0.0297,6.2932,0.0785,1.9883,0.1660
88.050,374.578,0.6633,4.9821,-67.256,0.6333,4.9243,-67.980,0.0417,-0.0501,0.0652,-0.724,1.8013,3.4929,-0.744,-1.1865,1.4161,-67.236,5.471,-0.6960,381.647,1.1203,0.0071,0.0387,5.4427,5.1482,5.2093,nan,6.0016,6.2101,0.2459,-0.0902,2.2092,0.0304,0.0066,-0.1005,6.4930,0.0886,4.6623,0.1660
88.100,374.880,0.7748,4.7021,-69.792,0.7430,4.6180,-70.513,0.0680,-0.0589,0.0899,-0.720,1.7831,3.5141,-1.035,-1.0598,1.0849,-69.477,5.676,-0.8190,381.970,1.1261,0.0072,0.0367,5.0780,5.4135,5.7896,nan,6.0598,6.1948,0.2453,-0.0852,2.2092,0.0249,0.0109,-0.1369,6.8925,0.0701,4.2425,0.1660
88.150,375.208,0.8822,4.3919,-72.411,0.8380,4.2968,-73.501,0.0773,-0.0709,0.1049,-1.090,1.7831,3.5141,-1.035,-0.9591,0.7655,-72.466,5.822,-0.7758,382.316,1.1359,0.0126,0.0661,5.2263,5.6168,5.8436,nan,6.2061,6.2796,0.2487,-0.0640,2.2092,0.0069,-0.0164,-0.1642,7.0923,0.0703,3.3254,0.1660
88.200,375.208,0.8822,4.3919,-72.411,0.8396,4.3286,-73.192,0.0475,-0.0597,0.0763,-0.781,1.7889,3.5509,-0.726,-0.9591,0.7655,-72.466,5.822,-0.7758,382.316,1.1359,0.0126,0.0561,4.4364,5.8281,6.0901,nan,6.2889,6.3909,0.2531,-0.0617,2.2467,0.0125,0.0015,-0.1461,7.3920,0.0544,1.6479,0.1660
88.250,375.530,0.9742,4.0830,-74.816,0.9417,3.9870,-76.131,0.0842,-0.0565,0.1014,-1.315,1.7997,3.5396,-1.265,-0.8676,0.4283,-74.866,5.897,-0.6507,382.650,1.1484,0.0103,0.0466,4.5354,5.9115,6.0329,nan,6.4198,6.6149,0.2620,-0.0541,2.2891,0.0205,0.0033,-0.1158,7.6917,0.0523,2.0197,0.1660
88.300,375.857,1.0554,3.7663,-76.688,1.0114,3.6353,-78.268,0.1173,-0.0730,0.1381,-1.580,1.8005,3.5201,-1.330,-0.7915,0.0969,-76.938,5.983,-0.5811,382.988,1.1593,0.0086,0.0553,6.4106,5.8959,5.9619,nan,6.5950,6.7977,0.2692,-0.0520,2.3340,0.0241,0.0191,-0.0848,8.0912,0.0723,1.9990,0.1660
88.350,376.189,1.1275,3.4425,-78.493,1.0711,3.3311,-80.296,0.0979,-0.0774,0.1248,-1.803,1.8005,3.5194,-1.818,-0.7231,-0.2113,-78.478,6.073,-0.5492,383.332,1.1558,0.0091,0.0605,6.6443,6.1129,6.4165,nan,6.7565,7.0143,0.2778,-0.0409,2.3637,0.0205,0.0057,-0.0639,8.3909,0.0647,3.0368,0.1660
88.400,376.540,1.1931,3.0980,-80.188,1.1430,2.9465,-81.343,0.1407,-0.0752,0.1596,-1.155,1.8085,3.5361,-1.024,-0.6549,-0.6014,-80.319,6.221,-0.5071,383.701,1.1738,0.0086,0.0523,6.0494,6.2407,6.4165,nan,6.8754,7.1386,0.2827,-0.0346,2.3637,0.0215,-0.0033,-0.0625,8.6906,0.0640,3.0368,0.1660
88.450,376.899,1.2501,2.7433,-81.810,1.1944,2.6508,-81.937,0.0836,-0.0683,0.1080,-0.127,1.8043,3.5856,-0.192,-0.6068,-0.9368,-81.745,6.379,-0.4351,384.080,1.1730,0.0139,0.0493,3.5396,6.2770,6.3815,nan,6.9924,7.2186,0.2859,-0.0414,2.3654,0.0447,0.0093,-0.0639,8.9903,0.0738,3.3330,0.1660
88.500,377.242,1.2959,2.4035,-83.071,1.2506,2.2467,-82.799,0.1502,-0.0639,0.1632,0.272,1.7930,3.6048,0.363,-0.5509,-1.3547,-83.162,6.545,-0.4158,384.444,1.2010,0.0206,0.0496,2.4118,6.5345,7.0861,nan,7.1447,7.4177,0.2938,-0.0536,2.3842,0.0777,0.0283,-0.0516,9.3898,0.0621,3.8136,0.1660
88.550,377.607,1.3365,2.0407,-84.392,1.2928,1.8673,-84.303,0.1683,-0.0604,0.1788,0.088,1.8043,3.5857,0.131,-0.5154,-1.7172,-84.434,6.717,-0.4679,384.832,1.2053,0.0248,0.0527,2.1243,6.5905,6.7207,nan,7.2553,7.5190,0.2978,-0.0543,2.3946,0.0922,0.0342,-0.0449,9.6895,0.0681,3.8955,0.1660
88.600,377.995,1.3695,1.6537,-86.231,1.3166,1.5115,-86.678,0.1385,-0.0622,0.1518,-0.446,1.8350,3.5920,-0.834,-0.4880,-2.0879,-85.844,6.897,-0.5769,385.245,1.2022,0.0181,0.0603,3.3328,6.6569,6.7982,nan,7.3980,7.6462,0.3028,-0.0469,2.4085,0.0990,0.0209,-0.0360,10.0891,0.0763,3.5079,0.1660
88.650,378.379,1.3899,1.2707,-88.051,1.3244,1.0147,-89.724,0.2536,-0.0742,0.2642,-1.673,1.8687,3.5594,-1.644,-0.4711,-2.5592,-88.080,7.039,-0.5383,385.650,1.2504,0.0171,0.0825,4.8264,6.9154,7.6306,nan,7.5351,7.8234,0.3098,-0.0165,2.4180,0.0761,-0.0232,-0.0300,10.4886,0.0638,3.1304,0.1660
88.700,378.379,1.3899,1.2707,-88.051,1.3244,1.0147,-89.724,0.2536,-0.0742,0.2642,-1.673,1.8687,3.5594,-1.644,-0.4711,-2.5592,-88.080,7.039,-0.5383,385.650,1.2504,0.0171,0.0825,4.8264,7.0376,7.2569,nan,7.6661,7.9533,0.3150,0.0054,2.4266,0.0478,-0.0515,-0.0247,10.8882,0.0650,2.9399,0.1660
88.750,378.770,1.3987,0.8798,-89.656,1.3186,0.6295,-91.241,0.2498,-0.0816,0.2628,-1.585,1.8632,3.5675,-1.435,-0.4708,-2.9506,-89.806,7.173,-0.3434,386.062,1.2578,0.0162,0.0822,5.0669,7.1031,7.2642,nan,7.7910,8.0617,0.3193,0.0080,2.4323,0.0340,-0.0493,-0.0211,11.1879,0.0712,3.2812,0.1660
88.800,379.176,1.3991,0.4736,-90.281,1.3062,0.2149,-92.098,0.2591,-0.0916,0.2748,-1.817,1.8645,3.5400,-1.393,-0.4773,-3.3376,-90.705,7.322,-0.0383,386.491,1.2536,0.0083,0.0895,10.8116,7.3528,8.0393,nan,7.9404,8.2369,0.3262,-0.0008,2.4332,0.0275,-0.0243,-0.0205,11.6873,0.0617,2.9777,0.1660
88.850,379.583,1.3972,0.0669,-90.111,1.2972,-0.3170,-92.174,0.3841,-0.0993,0.3967,-2.063,1.8964,3.5102,-1.766,-0.4810,-3.8439,-90.408,7.455,0.0779,386.918,1.3097,0.0081,0.0928,11.4822,7.3095,7.3946,nan,8.0000,8.2614,0.3272,-0.0054,2.4449,0.0306,-0.0125,-0.0133,12.0869,0.0719,2.6122,0.1660
88.900,380.011,1.3969,-0.3617,-89.830,1.2890,-0.6677,-92.557,0.3057,-0.1088,0.3245,-2.727,1.9669,3.5362,-2.703,-0.4789,-4.2312,-89.854,7.579,0.0325,387.368,1.2843,0.0154,0.1140,7.4114,7.2924,7.3946,nan,8.0000,8.2477,0.3266,-0.0083,2.4472,0.0274,-0.0048,-0.0119,12.3866,0.0737,2.6122,0.1660
88.950,380.432,1.3980,-0.7825,-89.844,1.2877,-1.0854,-90.988,0.3026,-0.1112,0.3224,-1.144,1.8668,3.5968,-1.261,-0.4760,-4.6938,-89.727,7.708,-0.0272,387.811,1.3065,0.0141,0.0982,6.9523,7.4833,7.8621,nan,8.0000,8.1457,0.3226,0.0022,2.4502,0.0124,-0.0176,-0.0100,12.7861,0.0596,2.9024,0.1660
89.000,380.874,1.3986,-1.2247,-90.022,1.2903,-1.5356,-90.830,0.3110,-0.1082,0.3293,-0.808,1.8465,3.6051,-0.898,-0.4756,-5.1489,-89.932,7.796,-0.0055,388.270,1.3141,0.0168,0.1007,5.9962,7.6480,7.9882,nan,8.0000,8.0420,0.3185,-0.0133,2.4524,0.0392,0.0042,-0.0079,13.1857,0.0515,2.0175,0.1660
89.050,381.351,1.3986,-1.7012,-89.957,1.2851,-2.0073,-90.543,0.3060,-0.1137,0.3264,-0.586,1.8115,3.6401,-0.502,-0.4769,-5.6517,-90.041,7.818,-0.0631,388.756,1.3307,0.0262,0.1070,4.0766,7.8234,8.2035,nan,8.0000,8.0904,0.3204,-0.0211,2.4524,0.0575,0.0125,-0.0055,13.5853,0.0341,0.5366,0.1687
89.100,381.788,1.3976,-2.1381,-90.446,1.2812,-2.4699,-90.668,0.3327,-0.1138,0.3516,-0.222,1.8115,3.6401,-0.502,-0.4768,-6.1144,-90.166,7.792,-0.2177,389.199,1.3453,0.0228,0.0953,4.1831,7.8979,8.1096,nan,8.0000,8.1110,0.3212,-0.0240,2.4922,0.0708,0.0170,-0.0029,13.9848,0.0270,-0.6214,0.1687
89.150,381.788,1.3976,-2.1381,-90.446,1.2983,-2.4578,-90.140,0.3204,-0.0968,0.3348,0.306,1.7722,3.6568,0.026,-0.4768,-6.1144,-90.166,7.792,-0.2177,389.199,1.3453,0.0228,0.0756,3.3184,7.6921,7.6767,nan,8.0000,8.0542,0.3190,-0.0232,2.4591,0.0902,0.0064,-0.0065,14.3844,0.0471,-0.0569,0.1687
89.200,382.216,1.3922,-2.5666,-91.232,1.3103,-2.8523,-90.543,0.2874,-0.0757,0.2972,0.689,1.7263,3.6662,0.596,-0.4837,-6.5138,-91.139,7.789,-0.2590,389.635,1.3291,0.0161,0.0532,3.3123,7.7152,7.8641,nan,8.0000,8.0605,0.3192,-0.0272,2.4244,0.1107,0.0035,-0.0086,14.7840,0.0448,-0.0478,0.1687
89.250,382.645,1.3805,-2.9951,-92.140,1.3083,-3.2650,-91.738,0.2724,-0.0620,0.2794,0.402,1.7702,3.6935,0.311,-0.4996,-6.9558,-92.050,7.796,-0.2899,390.071,1.3405,0.0152,0.0520,3.4135,7.7698,7.9523,nan,7.9229,8.0170,0.3175,-0.0180,2.3973,0.1100,-0.0162,-0.0045,15.0837,0.0318,0.0935,0.1687
89.300,383.089,1.3614,-3.4388,-93.055,1.3075,-3.6505,-91.806,0.2143,-0.0425,0.2185,1.249,1.6673,3.7652,1.268,-0.5239,-7.4059,-93.075,7.783,-0.3088,390.521,1.3485,0.0187,0.0386,2.0594,7.8307,8.0230,nan,7.5564,7.7552,0.3071,-0.0133,2.3659,0.1008,-0.0306,-0.0018,15.4832,-0.0096,-0.2104,0.1687
89.350,383.509,1.3363,-3.8581,-94.061,1.3001,-4.1004,-92.879,0.2442,-0.0190,0.2450,1.182,1.6919,3.7797,1.197,-0.5563,-7.8701,-94.076,7.774,-0.2971,390.947,1.3816,0.0190,0.0307,1.6160,7.8611,8.0230,nan,7.1768,7.4751,0.2960,-0.0233,2.2951,0.1163,-0.0284,-0.0031,15.8828,-0.0491,-0.2104,0.1687
89.400,383.991,1.2996,-4.3383,-94.856,1.2624,-4.4964,-94.824,0.1606,-0.0236,0.1624,0.032,1.8197,3.7748,0.244,-0.5925,-8.2687,-95.068,7.750,-0.2423,391.434,1.3323,0.0211,0.0431,2.0426,7.5396,7.3970,nan,6.9815,6.6165,0.2620,-0.0219,2.2723,0.1135,-0.0435,-0.0012,16.1825,0.0137,-0.2265,0.1687
89.450,384.419,1.2610,-4.7648,-95.712,1.2387,-4.9951,-95.303,0.2313,0.0007,0.2313,0.409,1.8306,3.7777,0.316,-0.6403,-8.7693,-95.619,7.537,-0.2567,391.844,1.3839,0.0231,0.0271,1.1731,7.7520,8.2440,nan,6.5026,6.3002,0.2495,-0.0168,2.2275,0.0700,-0.0652,-0.0079,16.5820,-0.0652,-4.0222,0.1687
89.500,384.828,1.2182,-5.1714,-96.511,1.2012,-5.3936,-97.151,0.2227,0.0083,0.2228,-0.640,1.9827,3.7451,-0.605,-0.6849,-9.1465,-96.545,7.094,-0.2079,392.211,1.3675,0.0181,0.0232,1.2825,7.5124,7.4670,nan,6.2295,6.0389,0.2392,-0.0241,2.1960,0.0644,-0.0705,-0.0339,16.9816,-0.0710,-9.2945,0.1687
89.550,384.828,1.2182,-5.1714,-96.511,1.2012,-5.3936,-97.151,0.2227,0.0083,0.2228,-0.640,1.9827,3.7451,-0.605,-0.6849,-9.1465,-96.545,7.094,-0.2079,392.211,1.3675,0.0181,0.0232,1.2825,7.0686,6.5019,nan,6.0508,5.8043,0.2299,-0.0234,2.1960,0.0401,-0.0871,-0.0403,17.1814,-0.0416,-8.5672,0.1687
89.600,385.233,1.1705,-5.5742,-97.158,1.1551,-5.7188,-98.087,0.1454,0.0027,0.1454,-0.930,2.0244,3.7541,-0.849,-0.7289,-9.4847,-97.238,6.671,-0.2343,392.579,1.3269,0.0203,0.0335,1.6483,6.6272,6.0841,nan,5.8822,5.5791,0.2210,-0.0257,2.1329,0.0137,-0.0860,-0.0676,17.4811,-0.0064,-7.6777,0.1687
89.650,385.616,1.1208,-5.9533,-97.980,1.1228,-5.9803,-98.584,0.0264,0.0058,0.0271,-0.604,2.0072,3.8180,-0.646,-0.7739,-9.8077,-97.939,6.311,-0.2265,392.931,1.2919,0.0232,0.0263,1.1351,6.2518,6.0276,nan,5.7216,5.3916,0.2135,-0.0355,2.0963,0.0005,-0.0806,-0.0705,17.6808,0.0242,-6.6187,0.1687
89.700,385.955,1.0723,-6.2887,-98.666,1.0780,-6.3077,-99.177,0.0179,0.0085,0.0198,-0.511,1.9849,3.8292,-0.457,-0.8260,-10.1438,-98.720,6.024,-0.2305,393.246,1.2954,0.0146,0.0117,0.8038,6.0460,6.0276,nan,5.4834,5.2033,0.2061,-0.0479,2.0528,-0.0216,-0.0681,-0.0888,17.9805,0.0164,-6.6187,0.1687
89.750,386.284,1.0210,-6.6141,-99.443,1.0309,-6.6061,-99.574,-0.0095,0.0085,0.0127,-0.131,1.9367,3.8033,-0.193,-0.8707,-10.4124,-99.381,5.757,-0.2860,393.555,1.2601,0.0149,0.0092,0.6193,5.7000,5.5485,nan,5.4078,5.1140,0.2025,-0.0655,2.0293,-0.0267,-0.0557,-0.1126,18.1803,0.0543,-6.0866,0.1687
89.800,386.594,0.9681,-6.9198,-100.425,0.9740,-6.9277,-100.031,0.0067,0.0073,0.0099,0.394,1.8482,3.7958,0.279,-0.9263,-10.7191,-100.310,5.524,-0.4372,393.848,1.2629,0.0148,0.0116,0.7788,5.6678,5.7222,nan,5.1824,4.9719,0.1969,-0.0950,1.9874,-0.0361,-0.0310,-0.1418,18.4800,0.0178,-5.3110,0.1687
89.850,386.896,0.9100,-7.2159,-102.187,0.9127,-7.2507,-101.483,0.0334,0.0100,0.0349,0.704,1.8248,3.7820,0.404,-0.9899,-11.0260,-101.887,5.270,-0.6462,394.132,1.2731,0.0150,0.0141,0.9386,5.5272,5.5410,nan,4.9623,4.8132,0.1906,-0.1159,1.9401,-0.0415,-0.0102,-0.1662,18.7797,-0.0017,-5.8914,0.1687
89.900,387.180,0.8455,-7.4923,-104.580,0.8630,-7.4454,-104.031,-0.0498,0.0051,0.0501,0.549,1.8873,3.7944,0.112,-1.0461,-11.2378,-104.143,5.064,-0.8019,394.403,1.2340,0.0200,0.0092,0.4600,5.1327,4.8869,nan,4.8002,4.6137,0.1827,-0.1171,1.9401,-0.0521,-0.0214,-0.1808,18.9794,0.0357,-5.0241,0.1687
89.950,387.458,0.7700,-7.7598,-107.447,0.7749,-7.7450,-106.889,-0.0156,0.0003,0.0156,0.558,1.8415,3.7952,0.349,-1.1368,-11.5335,-107.238,4.871,-0.8845,394.669,1.2609,0.0066,0.0061,0.9225,5.0879,5.1282,nan,4.6418,4.5061,0.1785,-0.1215,1.9401,-0.0716,-0.0243,-0.2042,19.2791,0.0109,-4.4379,0.1687
90.000,387.725,0.6848,-8.0129,-107.447,0.7749,-7.7450,-106.889,-0.2826,0.0057,0.2826,0.558,1.8415,3.7952,0.349,-1.1368,-11.5335,-107.238,4.871,-0.8845,394.925,1.0780,0.0446,0.0061,0.1360,4.7419,4.6138,nan,4.4972,4.3127,0.1708,-0.1197,1.8758,-0.0862,-0.0298,-0.2095,19.4789,0.0511,-4.7049,0.1687
90.050,387.725,0.6848,-8.0129,-110.248,0.6927,-7.9900,-109.628,-0.0242,-0.0005,0.0242,0.620,1.7757,3.7707,0.663,-1.2191,-11.7474,-110.291,4.677,-0.8807,394.925,1.2396,0.0097,0.0072,0.7428,4.5683,4.5676,nan,4.3642,4.1558,0.1646,-0.1383,1.7354,-0.0882,-0.0259,-0.2110,19.6787,0.0640,-3.9253,0.1687
90.100,387.982,0.5908,-8.2523,-113.045,0.6070,-8.2035,-112.069,-0.0512,-0.0042,0.0514,0.976,1.7245,3.7919,0.950,-1.3163,-11.9753,-113.020,4.513,-0.8434,395.172,1.2372,0.0165,0.0083,0.5031,4.4867,4.5108,nan,4.2381,4.0763,0.1614,-0.1606,1.6430,-0.0957,-0.0169,-0.2454,19.8785,0.0455,-4.0419,0.1687
90.150,388.226,0.4912,-8.4745,-115.666,0.5058,-8.4284,-114.665,-0.0479,-0.0068,0.0484,1.000,1.7054,3.7925,1.052,-1.4236,-12.1968,-115.717,4.351,-0.8756,395.406,1.2437,0.0232,0.0122,0.5266,4.2581,4.2367,nan,4.1131,3.9555,0.1567,-0.1744,1.5415,-0.1005,-0.0066,-0.2773,20.0783,0.0557,-4.1946,0.1687
90.200,388.460,0.3850,-8.6838,-118.564,0.4078,-8.6193,-117.428,-0.0675,-0.0108,0.0684,1.136,1.7266,3.7897,0.960,-1.5265,-12.3853,-118.387,4.191,-0.9853,395.632,1.2314,0.0030,0.0045,1.5156,4.1572,4.1754,nan,3.9894,3.8591,0.1528,-0.1914,1.5050,-0.1000,0.0023,-0.3055,20.2780,0.0443,-3.6326,0.1687
90.250,388.687,0.2719,-8.8801,-121.816,0.2841,-8.8145,-121.356,-0.0622,-0.0242,0.0667,0.460,1.8339,3.7855,0.461,-1.6512,-12.5871,-121.818,4.058,-1.0756,395.853,1.2443,0.0054,0.0043,0.7863,4.1430,4.1754,nan,3.9287,3.8225,0.1514,-0.2034,1.3279,-0.1046,0.0097,-0.3299,20.4778,0.0315,-3.6326,0.1687
90.300,388.911,0.1489,-9.0671,-125.301,0.1780,-8.9700,-124.172,-0.0960,-0.0323,0.1013,1.129,1.7091,3.8040,1.046,-1.7640,-12.7440,-125.217,3.939,-1.1262,396.071,1.2221,0.0115,0.0039,0.3432,3.8809,3.8477,nan,3.8211,3.6808,0.1458,-0.1533,1.1109,-0.1230,0.0095,-0.3511,20.6776,0.0586,-3.1673,0.1687
90.350,389.123,0.0211,-9.2368,-129.118,0.0484,-9.1368,-127.667,-0.0948,-0.0419,0.1037,1.451,1.7035,3.8106,1.086,-1.9001,-12.9138,-128.753,3.805,-1.0078,396.278,1.2297,0.0186,0.0076,0.4086,3.9163,3.9551,nan,3.7189,3.6223,0.1435,-0.1515,0.8782,-0.1196,0.0316,-0.3767,20.8774,0.0294,-3.7823,0.1687
90.400,389.333,-0.1147,-9.3963,-131.981,-0.0807,-9.2759,-130.647,-0.1122,-0.0552,0.1251,1.334,1.5734,3.8490,1.709,-2.0449,-13.0697,-132.357,3.685,-0.8709,396.481,1.2363,0.0262,0.0125,0.4778,3.8495,3.8708,nan,3.5843,3.5297,0.1398,-0.1632,0.8782,-0.1212,0.0600,-0.4074,21.0772,0.0080,-2.6701,0.1687
90.450,389.533,-0.2516,-9.5420,-134.697,-0.2145,-9.4237,-132.965,-0.1102,-0.0568,0.1240,1.732,1.5422,3.8437,1.829,-2.1793,-13.2046,-134.794,3.590,-0.8954,396.677,1.2296,0.0045,0.0088,1.9619,3.6385,3.6254,nan,3.5021,3.4254,0.1357,-0.2464,0.8782,-0.1161,0.0819,-0.4266,21.1771,0.0285,-2.5138,0.1687
90.500,389.731,-0.3944,-9.6799,-137.594,-0.3473,-9.5528,-135.730,-0.1205,-0.0621,0.1355,1.864,1.5422,3.8437,1.829,-2.3162,-13.3294,-137.560,3.501,-0.9743,396.872,1.2189,0.0112,0.0084,0.7523,3.4742,3.4735,nan,3.4084,3.3006,0.1307,-0.3307,0.8782,-0.0972,0.1261,-0.4349,21.3769,0.0457,-2.3543,0.1687
90.550,389.731,-0.3944,-9.6799,-137.594,-0.3524,-9.5582,-135.189,-0.1131,-0.0615,0.1287,2.405,1.4105,3.8556,2.371,-2.3162,-13.3294,-137.560,3.501,-0.9743,396.872,1.2189,0.0112,0.0077,0.6850,3.4778,3.5066,nan,3.2033,3.0952,0.1226,-0.3540,0.8782,-0.0670,0.1700,-0.4327,21.5766,0.0215,-2.9241,0.1687
90.600,389.924,-0.5405,-9.8054,-141.662,-0.4993,-9.6985,-138.839,-0.0986,-0.0583,0.1145,2.823,1.5213,3.8348,1.892,-2.4664,-13.4593,-140.731,3.387,-1.3679,397.062,1.2244,0.0192,0.0044,0.2315,3.3749,3.3863,nan,3.0742,2.9232,0.1158,-0.3754,0.8782,-0.0545,0.1511,-0.4239,21.7764,0.0299,-3.5795,0.1687
90.650,390.109,-0.6902,-9.9146,-146.890,-0.6369,-9.8035,-143.791,-0.1053,-0.0639,0.1232,3.099,1.4662,3.8429,2.159,-2.6157,-13.5575,-145.950,3.242,-1.7289,397.244,1.2196,0.0252,0.0042,0.1646,3.3054,3.3219,nan,3.0482,2.8855,0.1143,-0.3909,0.8782,-0.0433,0.0875,-0.4428,21.8763,0.0382,-4.8343,0.1687
90.700,390.282,-0.8392,-10.0027,-152.400,-0.8200,-9.9065,-151.142,-0.0616,-0.0764,0.0981,1.258,1.5589,3.8194,1.728,-2.7918,-13.6479,-152.870,3.074,-1.7389,397.412,1.2454,0.0099,0.0108,1.0923,3.2966,3.3219,nan,3.0737,3.0089,0.1192,-0.3929,0.8782,-0.0265,0.1037,-0.5908,22.0761,0.0132,-4.8343,0.1687
90.750,390.446,-0.9875,-10.0720,-157.917,-0.9451,-9.9695,-155.900,-0.0778,-0.0790,0.1109,2.017,1.5372,3.8004,1.750,-2.9016,-13.6877,-157.650,2.907,-1.7387,397.571,1.1985,0.0129,0.0125,0.9713,2.9422,2.8020,nan,3.0737,3.0658,0.1214,-0.4462,0.8782,-0.0325,0.0788,-0.6686,22.1760,0.0309,-5.0033,0.1687
90.800,390.605,-1.1381,-10.1251,-163.545,-1.1176,-10.0430,-161.362,-0.0429,-0.0729,0.0846,2.183,1.4988,3.7892,1.877,-3.0681,-13.7391,-163.238,2.822,-1.7882,397.731,1.2125,0.0203,0.0165,0.8130,2.9957,3.0300,nan,3.1988,3.1881,0.1263,-0.4728,0.9298,-0.0050,0.1224,-0.6767,22.3758,0.0400,-3.3967,0.1687
90.850,390.767,-1.2955,-10.1630,-169.953,-1.2835,-10.0861,-167.353,-0.0253,-0.0737,0.0779,2.600,1.4827,3.7848,1.930,-3.2318,-13.7699,-169.284,2.865,-2.0629,397.902,1.2158,0.0305,0.0255,0.8355,2.9762,2.9973,nan,3.3094,3.3480,0.1326,-0.4683,1.0804,0.0190,0.0909,-0.6101,22.4757,0.0399,0.4583,0.1687
90.900,390.924,-1.4508,-10.1821,-176.614,-1.4437,-10.1070,-174.098,-0.0115,-0.0746,0.0754,2.516,1.3414,3.8130,2.582,-3.4093,-13.7804,-176.680,2.934,-2.1826,398.070,1.2333,0.0379,0.0263,0.6927,3.0203,3.0527,nan,3.3861,3.4045,0.1348,-0.4246,1.1312,0.0298,0.0853,-0.6205,22.6754,0.0499,0.7569,0.1687
90.950,391.094,-1.6214,-10.1823,176.175,-1.5962,-10.1131,179.390,-0.0205,-0.0707,0.0737,3.215,1.2735,3.8190,2.885,-3.5674,-13.7699,176.504,3.050,-2.0909,398.257,1.2179,0.0188,0.0317,1.6887,2.9468,2.9597,nan,3.3861,3.4032,0.1348,-0.3896,1.1366,0.0334,0.0417,-0.5594,22.7753,0.0587,1.8991,0.1687
91.000,391.268,-1.7937,-10.1614,169.561,-1.8049,-10.0883,172.514,0.0243,-0.0698,0.0739,2.953,1.2735,3.8190,2.885,-3.7746,-13.7347,169.629,3.147,-1.9504,398.442,1.2457,0.0252,0.0424,1.6838,3.2179,3.3933,nan,3.5433,3.6121,0.1431,-0.3758,1.2483,0.0492,0.0499,-0.5476,22.9751,0.0317,2.2806,0.1687
91.050,391.268,-1.7937,-10.1614,169.561,-1.8030,-10.0901,171.940,0.0221,-0.0685,0.0720,2.379,1.4146,3.7857,2.311,-3.7746,-13.7347,169.629,3.147,-1.9504,398.442,1.2457,0.0252,0.0346,1.3743,3.3513,3.4134,nan,3.5928,3.6715,0.1454,-0.3403,1.3285,0.0497,0.0516,-0.5040,23.1749,0.0193,1.3341,0.1687
91.100,391.446,-1.9670,-10.1204,163.350,-1.9864,-10.0365,164.886,0.0426,-0.0748,0.0861,1.537,1.5946,3.7464,1.579,-3.9593,-13.6791,163.308,3.221,-1.9124,398.630,1.2517,0.0325,0.0234,0.7218,3.3273,3.3505,nan,3.6838,3.7727,0.1494,-0.3002,1.3498,0.0367,0.0399,-0.4577,23.3747,0.0308,2.2610,0.1706
91.150,391.620,-2.1310,-10.0629,157.503,-2.1555,-9.9620,158.718,0.0613,-0.0838,0.1038,1.215,1.6374,3.7429,1.400,-4.1266,-13.6081,157.318,3.334,-1.8157,398.815,1.2507,0.0360,0.0190,0.5274,3.3489,3.3798,nan,3.7562,3.8266,0.1515,-0.2779,1.3737,0.0240,-0.0028,-0.4498,23.4746,0.0418,2.3850,0.1706
91.200,391.810,-2.3027,-9.9822,151.768,-2.3294,-9.8795,152.872,0.0721,-0.0779,0.1061,1.105,1.6779,3.7265,1.221,-4.2962,-13.5175,151.651,3.437,-1.6570,399.015,1.2456,0.0203,0.0224,1.1051,3.4909,3.5578,nan,3.7675,3.8575,0.1528,-0.2647,1.4320,0.0261,0.0024,-0.4323,23.6744,0.0209,2.7149,0.1706
91.250,392.002,-2.4680,-9.8844,146.630,-2.5069,-9.7620,147.311,0.0998,-0.0808,0.1284,0.681,1.7605,3.7065,0.872,-4.4717,-13.4021,146.440,3.541,-1.5687,399.217,1.2502,0.0214,0.0163,0.7624,3.5232,3.5578,nan,3.8968,3.9392,0.1560,-0.2553,1.4452,0.0255,0.0078,-0.4329,23.8741,0.0463,2.7149,0.1706
91.300,392.203,-2.6313,-9.7672,141.650,-2.6690,-9.6385,142.349,0.1094,-0.0776,0.1341,0.699,1.7958,3.6945,0.719,-4.6317,-13.2759,141.629,3.636,-1.5162,399.427,1.2445,0.0254,0.0155,0.6088,3.5673,3.6047,nan,4.0280,3.9743,0.1574,-0.2421,1.4633,0.0155,0.0210,-0.4584,24.0739,0.0663,2.2721,0.1706
91.350,392.405,-2.7854,-9.6354,136.869,-2.8320,-9.4838,137.326,0.1377,-0.0787,0.1586,0.457,1.8434,3.6846,0.510,-4.7925,-13.1263,136.816,3.727,-1.4423,399.639,1.2460,0.0283,0.0169,0.5967,3.7052,3.7732,nan,4.1361,4.2084,0.1667,-0.2310,1.5733,0.0142,0.0315,-0.3921,24.2737,0.0464,2.1513,0.1706
91.400,392.616,-2.9337,-9.4859,132.320,-2.9800,-9.3176,132.477,0.1556,-0.0791,0.1745,0.157,1.9033,3.6689,0.245,-4.9387,-12.9655,132.232,3.804,-1.3826,399.856,1.2410,0.0299,0.0174,0.5827,3.7761,3.8221,nan,4.2356,4.3734,0.1732,-0.2187,1.6419,0.0086,0.0324,-0.3366,24.4735,0.0363,1.5639,0.1706
91.450,392.833,-3.0744,-9.3201,127.860,-3.1166,-9.1502,128.599,0.1600,-0.0709,0.1750,0.739,1.7994,3.7033,0.707,-5.0742,-12.7919,127.892,3.955,-1.3625,400.086,1.2340,0.0199,0.0217,1.0919,3.8348,3.8781,nan,4.3369,4.4293,0.1754,-0.2103,1.6674,0.0034,0.0313,-0.3480,24.6733,0.0516,3.4088,0.1706
91.500,393.055,-3.2044,-9.1406,123.555,-3.2503,-8.9559,124.373,0.1793,-0.0638,0.1903,0.818,1.7994,3.7033,0.707,-5.2054,-12.5959,123.666,4.094,-1.3456,400.321,1.2311,0.0199,0.0235,1.1795,4.0251,4.1264,nan,4.4372,4.5470,0.1801,-0.2095,1.7696,0.0118,0.0390,-0.3277,24.8731,0.0380,3.2968,0.1706
91.550,393.055,-3.2044,-9.1406,123.555,-3.2495,-8.9475,123.995,0.1858,-0.0692,0.1983,0.440,1.8835,3.6781,0.329,-5.2054,-12.5959,123.666,4.094,-1.3456,400.321,1.2311,0.0199,0.0193,0.9681,4.2346,4.3621,nan,4.6238,4.7589,0.1885,-0.2014,1.8929,0.0106,0.0570,-0.2977,25.1727,0.0325,2.1593,0.1706
91.600,393.283,-3.3241,-8.9465,119.292,-3.3750,-8.7362,120.076,0.2084,-0.0585,0.2164,0.784,1.7709,3.7138,0.865,-5.3333,-12.3709,119.211,4.191,-1.3677,400.558,1.2319,0.0190,0.0221,1.1602,4.1883,4.2160,nan,4.7037,4.8062,0.1903,-0.1963,1.8873,0.0151,0.0569,-0.2834,25.3725,0.0535,2.2414,0.1706
91.650,393.525,-3.4350,-8.7313,114.771,-3.4694,-8.5534,116.006,0.1760,-0.0433,0.1812,1.235,1.7281,3.7117,1.083,-5.4284,-12.1646,114.923,4.302,-1.3632,400.811,1.2185,0.0181,0.0230,1.2708,4.4074,4.5573,nan,4.7746,4.9157,0.1947,-0.1859,1.9968,0.0228,0.0455,-0.2738,25.5723,0.0305,3.2526,0.1706
91.700,393.761,-3.5270,-8.5137,110.551,-3.5658,-8.3196,112.055,0.1953,-0.0318,0.1979,1.504,1.6243,3.7409,1.598,-5.5243,-11.9111,110.458,4.439,-1.3596,401.061,1.2148,0.0168,0.0253,1.5030,4.4677,4.5255,nan,4.8433,4.9703,0.1968,-0.1823,2.0289,0.0357,0.0407,-0.2696,25.7721,0.0343,2.1541,0.1706
91.750,394.013,-3.6073,-8.2753,106.164,-3.6340,-8.1101,108.021,0.1661,-0.0203,0.1673,1.858,1.5719,3.7346,1.902,-5.5961,-11.6654,106.120,4.542,-1.3276,401.324,1.2050,0.0156,0.0383,2.4552,4.4810,4.5255,nan,4.9096,5.0018,0.1981,-0.1718,2.0359,0.0359,0.0282,-0.2688,25.9719,0.0465,2.1541,0.1706
91.800,394.266,-3.6699,-8.0303,101.989,-3.6759,-7.9003,103.805,0.1284,-0.0212,0.1302,1.816,1.6357,3.6793,1.678,-5.6483,-11.4191,102.127,4.649,-1.2691,401.589,1.1946,0.0128,0.0330,2.5698,4.5607,4.6282,nan,4.9744,5.0650,0.2006,-0.1572,2.0813,0.0339,0.0227,-0.2611,26.1716,0.0455,2.4147,0.1706
91.850,394.524,-3.7159,-7.7761,98.044,-3.7185,-7.6323,99.490,0.1428,-0.0176,0.1438,1.446,1.6742,3.6416,1.527,-5.6911,-11.1262,97.963,4.740,-1.1953,401.857,1.1845,0.0108,0.0319,2.9577,4.7922,4.9924,nan,5.0762,5.2024,0.2060,-0.1401,2.1703,0.0207,0.0330,-0.2505,26.4713,0.0264,2.1186,0.1706
91.900,394.802,-3.7465,-7.5000,94.199,-3.7361,-7.3743,95.146,0.1246,-0.0196,0.1261,0.947,1.7845,3.5807,0.996,-5.7102,-10.8574,94.150,4.835,-1.0727,402.146,1.1744,0.0089,0.0260,2.9224,4.8102,4.8634,nan,5.1995,5.2996,0.2099,-0.1257,2.1793,0.0100,0.0252,-0.2434,26.6711,0.0425,1.9900,0.1706
91.950,395.066,-3.7592,-7.2364,90.929,-3.7443,-7.0808,91.782,0.1553,-0.0174,0.1563,0.853,1.7874,3.5796,0.985,-5.7141,-10.5637,90.797,4.936,-0.9893,402.421,1.1610,0.0119,0.0238,2.0035,4.9584,5.0802,nan,5.2980,5.4305,0.2151,-0.1135,2.2022,-0.0004,0.0394,-0.2253,26.9708,0.0332,2.3245,0.1706
92.000,395.310,-3.7582,-6.9922,88.181,-3.7405,-6.8446,89.640,0.1481,-0.0130,0.1487,1.458,1.6920,3.6259,1.498,-5.7043,-10.3249,88.142,5.023,-0.9785,402.674,1.1531,0.0113,0.0338,2.9876,4.9343,4.9778,nan,5.4755,5.5872,0.2213,-0.1073,2.2285,0.0009,0.0385,-0.2051,27.1706,0.0585,2.3097,0.1706
92.050,395.595,-3.7429,-6.7078,85.325,-3.7211,-6.5447,86.723,0.1644,-0.0084,0.1646,1.398,1.6718,3.6451,1.635,-5.6815,-10.0317,85.087,5.143,-0.8637,402.972,1.1444,0.0053,0.0424,7.9778,5.0559,5.1645,nan,5.5836,5.7693,0.2285,-0.1072,2.2872,0.0138,0.0546,-0.1615,27.4702,0.0495,1.1993,0.1706
92.100,395.595,-3.7429,-6.7078,85.325,-3.7211,-6.5447,86.723,0.1644,-0.0084,0.1646,1.398,1.6718,3.6451,1.635,-5.6815,-10.0317,85.087,5.143,-0.8637,402.972,1.1444,0.0053,0.0424,7.9778,5.2367,5.4041,nan,5.7269,6.0212,0.2385,-0.1092,2.3265,0.0247,0.0599,-0.1057,27.7699,0.0393,2.9156,0.1706
92.150,395.876,-3.7143,-6.4279,82.655,-3.6826,-6.2316,83.521,0.1987,-0.0064,0.1988,0.866,1.7874,3.5805,1.006,-5.6415,-9.7145,82.515,5.269,-0.8755,403.266,1.1282,0.0030,0.0430,14.0985,5.1609,5.1934,nan,5.8543,6.0574,0.2399,-0.0954,2.3265,0.0173,0.0303,-0.1218,27.9697,0.0681,3.2292,0.1706
92.200,396.176,-3.6697,-6.1318,79.801,-3.6292,-5.9730,80.365,0.1634,-0.0117,0.1639,0.564,1.8807,3.5177,0.500,-5.5924,-9.4423,79.865,5.416,-0.9142,403.581,1.1268,0.0035,0.0282,8.0017,5.4001,5.6787,nan,5.9763,6.1770,0.2446,-0.0785,2.3265,0.0034,0.0115,-0.1327,28.2694,0.0558,3.9556,0.1706
92.250,396.490,-3.6071,-5.8238,76.773,-3.5574,-5.6771,77.362,0.1542,-0.0148,0.1549,0.590,1.8913,3.4768,0.432,-5.5177,-9.1125,76.930,5.595,-0.8733,403.915,1.1120,0.0058,0.0260,4.4555,5.6671,6.0997,nan,6.1344,6.3518,0.2516,-0.0688,2.3292,-0.0000,0.0056,-0.1316,28.5690,0.0441,2.8305,0.1706
92.300,396.796,-3.5314,-5.5277,74.221,-3.4637,-5.3325,74.701,0.2063,-0.0121,0.2066,0.479,1.8444,3.4982,0.717,-5.4183,-8.7636,73.983,5.718,-0.7308,404.235,1.0834,0.0028,0.0127,4.4698,5.6824,5.7569,nan,6.2083,6.4079,0.2538,-0.0571,2.3370,-0.0072,0.0064,-0.1243,28.8687,0.0517,2.8570,0.1706
92.350,397.120,-3.4381,-5.2175,71.978,-3.3857,-5.0417,73.250,0.1834,0.0046,0.1835,1.272,1.7348,3.5601,1.362,-5.3235,-8.4776,71.888,5.846,-0.6470,404.574,1.0839,0.0009,0.0250,27.0187,5.6871,5.7569,nan,6.3057,6.4830,0.2568,-0.0515,2.3370,-0.0056,0.0172,-0.1167,29.1684,0.0633,2.8570,0.1706
92.400,397.445,-3.3328,-4.9094,70.006,-3.2818,-4.6964,71.567,0.2176,0.0249,0.2190,1.562,1.6966,3.5887,1.647,-5.2144,-8.1386,69.920,5.985,-0.5328,404.916,1.0777,0.0010,0.0398,39.1223,5.8716,6.0914,nan,6.4909,6.6634,0.2639,-0.0603,2.3370,0.0341,0.0375,-0.1166,29.4681,0.0643,3.1901,0.1706
92.450,397.784,-3.2131,-4.5920,68.461,-3.1584,-4.3837,69.245,0.2138,0.0256,0.2153,0.785,1.8039,3.5169,0.913,-5.0876,-7.8207,68.332,6.121,-0.5437,405.271,1.0705,0.0017,0.0277,16.6301,6.0057,6.1744,nan,6.6356,6.7783,0.2684,-0.0609,2.3513,0.0494,0.0595,-0.1164,29.7677,0.0678,3.0453,0.1706
92.500,398.125,-3.0838,-4.2767,66.652,-3.0128,-4.0189,67.268,0.2649,0.0370,0.2674,0.616,1.8536,3.4951,0.575,-4.9416,-7.4647,66.693,6.259,-0.5862,405.629,1.0519,0.0058,0.0206,3.5715,6.2077,6.4870,nan,6.8174,7.1418,0.2828,-0.0395,2.4347,0.0575,0.0476,-0.0202,30.1673,0.0584,3.1436,0.1706
92.550,398.479,-2.9389,-3.9535,64.756,-2.8688,-3.7063,65.346,0.2535,0.0420,0.2570,0.590,1.8536,3.4951,0.575,-4.7944,-7.1536,64.771,6.389,-0.4724,406.000,1.0501,0.0017,0.0179,10.4806,6.2270,6.3196,nan,6.9459,7.2443,0.2869,-0.0192,2.4337,0.0558,0.0139,-0.0136,30.4670,0.0708,2.6767,0.1706
92.600,398.479,-2.9389,-3.9535,64.756,-2.8582,-3.6895,65.344,0.2732,0.0396,0.2761,0.588,1.8645,3.5116,0.573,-4.7944,-7.1536,64.771,6.389,-0.4724,406.000,1.0501,0.0017,0.0183,10.6922,6.3965,6.6348,nan,7.0000,7.3188,0.2899,-0.0044,2.4320,0.0525,0.0009,-0.0192,30.8666,0.0587,4.6740,0.1706
92.650,398.844,-2.7805,-3.6255,63.511,-2.6845,-3.3291,64.475,0.3081,0.0462,0.3115,0.964,1.7957,3.5812,1.195,-4.6233,-6.8154,63.280,6.601,-0.2646,406.390,1.0370,0.0014,0.0187,13.0561,6.6473,7.1648,nan,7.0000,7.3780,0.2922,-0.0069,2.4039,0.0657,0.0179,-0.0236,31.2661,0.0330,3.7194,0.1706
92.700,399.218,-2.6116,-3.2910,62.877,-2.5093,-2.9355,66.433,0.3630,0.0710,0.3699,3.556,1.4857,3.7772,3.766,-4.4273,-6.4358,62.667,6.765,-0.1186,406.787,1.0095,0.0031,0.0369,12.0807,6.8309,7.1322,nan,7.0000,7.0590,0.2796,-0.0315,2.3577,0.1148,0.0687,0.0034,31.5658,0.0334,2.8488,0.1706
92.750,399.594,-2.4396,-2.9568,62.731,-2.3290,-2.5151,67.099,0.4433,0.1040,0.4553,4.368,1.4094,3.8835,4.609,-4.2406,-6.0775,62.490,6.891,-0.0602,407.180,0.9954,0.0057,0.0396,6.9664,6.8282,6.9259,nan,7.0000,7.0582,0.2795,-0.0291,2.3173,0.1393,0.0631,0.0282,31.9654,0.0337,2.1444,0.1706
92.800,399.976,-2.2640,-2.6178,62.473,-2.1699,-2.1822,66.641,0.4298,0.1178,0.4456,4.168,1.4806,3.8456,4.100,-4.0721,-5.7514,62.542,6.974,-0.1846,407.576,1.0021,0.0033,0.0502,15.0800,6.9750,7.2251,nan,7.0000,7.0980,0.2811,-0.0301,2.2870,0.1772,0.0531,0.0486,32.3649,0.0176,-1.2112,0.1706
92.850,400.372,-2.0786,-2.2681,61.431,-1.9862,-1.7834,66.118,0.4699,0.1506,0.4934,4.687,1.4790,3.8655,4.241,-3.8735,-5.3772,61.876,6.921,-0.3173,407.972,0.9898,0.0024,0.0417,17.3522,7.0540,7.2251,nan,6.8376,6.9961,0.2771,0.0043,2.2625,0.1629,0.0090,0.0613,32.7645,-0.0082,-1.2112,0.1706
92.900,400.758,-1.8915,-1.9298,60.499,-1.8172,-1.4420,63.873,0.4611,0.1755,0.4934,3.375,1.5609,3.8237,3.436,-3.6875,-5.0538,60.437,6.885,-0.0656,408.361,0.9903,0.0054,0.0181,3.3359,6.9767,7.0353,nan,6.5723,6.7734,0.2683,0.0478,2.2625,0.1394,-0.0386,0.0630,33.0642,-0.0291,-0.7362,0.1706
92.950,401.129,-1.7091,-1.6074,60.605,-1.6202,-1.0607,63.653,0.5199,0.1909,0.5538,3.048,1.5864,3.8392,3.365,-3.4887,-4.7033,60.289,6.836,0.1346,408.731,0.9753,0.0065,0.0107,1.6447,7.0033,7.1273,nan,6.2467,6.3009,0.2495,0.0808,2.2615,0.1135,-0.0617,0.0362,33.4637,-0.0443,-1.0211,0.1706
93.000,401.508,-1.5258,-1.2752,62.132,-1.4544,-0.7626,63.348,0.4865,0.1765,0.5175,1.216,1.6881,3.7705,2.310,-3.3227,-4.4028,61.038,6.705,0.6125,409.102,0.9910,0.0101,0.0111,1.0971,6.7159,6.6246,nan,6.0142,5.6964,0.2256,0.0960,2.1717,0.0926,-0.0583,0.0812,33.7634,0.0007,-2.3929,0.1706
93.050,401.844,-1.3733,-0.9762,64.485,-1.3287,-0.4538,66.648,0.4907,0.1848,0.5243,2.163,1.6501,3.8094,2.808,-3.1840,-4.1121,63.840,6.479,0.8348,409.421,1.0047,0.0104,0.0189,1.8069,6.5921,6.6218,nan,5.7852,5.5810,0.2210,0.0996,2.1632,0.0709,-0.0469,0.1200,34.1630,-0.0214,-5.5358,0.1706
93.100,402.176,-1.2355,-0.6736,67.291,-1.1940,-0.1044,70.058,0.5411,0.1815,0.5707,2.767,1.6526,3.8305,2.952,-3.0455,-3.7831,67.106,6.090,0.9436,409.721,1.0049,0.0107,0.0176,1.6414,6.5211,6.5750,nan,5.4770,5.3721,0.2128,0.0894,2.0267,0.0879,-0.0142,0.1400,34.4627,-0.0578,-3.6288,0.1706
93.150,402.508,-1.1137,-0.3649,70.251,-1.1269,0.1345,73.271,0.4656,0.1812,0.4996,3.019,1.6526,3.8305,2.952,-2.9662,-3.5479,70.319,5.782,0.8230,410.031,1.0464,0.0200,0.0263,1.3176,6.0835,5.4911,nan,5.3948,5.2280,0.2070,0.0774,2.0149,0.0977,0.0140,0.1512,34.6624,-0.0128,-7.0949,0.1719
93.200,402.508,-1.1137,-0.3649,70.251,-1.1183,0.1172,72.250,0.4522,0.1672,0.4821,1.999,1.7266,3.7631,1.931,-2.9662,-3.5479,70.319,5.782,0.8230,410.031,1.0464,0.0075,0.0373,4.9537,5.7196,5.5363,nan,5.2213,5.0308,0.1992,0.1028,1.9977,0.0864,-0.0155,0.1665,34.9621,0.0140,-6.0069,0.1719
93.250,402.819,-1.0138,-0.0709,72.732,-1.0250,0.4122,74.518,0.4580,0.1541,0.4832,1.785,1.7550,3.7509,1.682,-2.8768,-3.2556,72.836,5.530,0.6999,410.323,1.0570,0.0061,0.0195,3.2194,5.4256,5.3434,nan,4.9371,4.7558,0.1883,0.1247,1.9602,0.0726,-0.0245,0.1774,35.1619,0.0156,-4.8249,0.1719
93.300,403.117,-0.9295,0.2151,74.798,-0.9501,0.6978,76.615,0.4604,0.1465,0.4831,1.817,1.7678,3.7438,1.582,-2.8010,-2.9698,75.033,5.321,0.7319,410.607,1.0655,0.0041,0.0211,5.1868,5.0892,4.9672,nan,4.8381,4.5960,0.1820,0.1384,1.9112,0.0625,-0.0287,0.1793,35.3617,0.0615,-5.0444,0.1719
93.350,403.403,-0.8594,0.4929,77.424,-0.8762,0.9186,77.459,0.4118,0.1091,0.4260,0.036,1.8509,3.6696,0.410,-2.7467,-2.7315,77.050,5.106,0.8965,410.879,1.0830,0.0220,0.0208,0.9482,5.0389,5.0768,nan,4.6588,4.4257,0.1753,0.1544,1.8230,0.0534,-0.0377,0.1801,35.6614,0.0455,-5.8574,0.1719
93.400,403.682,-0.8048,0.7659,80.522,-0.8196,1.1790,80.209,0.4051,0.0826,0.4134,-0.313,1.8833,3.6114,-0.153,-2.6964,-2.4396,80.362,4.855,1.0149,411.142,1.0864,0.0217,0.0131,0.6060,5.0278,5.0768,nan,4.3789,4.1948,0.1661,0.1709,1.7742,0.0159,-0.0393,0.1752,35.8612,0.0010,-5.8574,0.1719
93.450,403.948,-0.7673,1.0291,83.813,-0.7817,1.3846,82.563,0.3519,0.0526,0.3558,-1.249,1.9365,3.5466,-1.142,-2.6746,-2.2157,83.705,4.636,1.0644,411.395,1.1043,0.0234,0.0087,0.3706,4.7038,4.6044,nan,4.1769,3.9868,0.1579,0.1916,1.7654,0.0107,-0.0240,0.1909,36.0609,0.0199,-5.0367,0.1719
93.500,404.194,-0.7474,1.2744,87.530,-0.7614,1.6499,85.668,0.3745,0.0302,0.3757,-1.862,1.9506,3.5408,-1.490,-2.6619,-1.9608,87.158,4.336,1.2156,411.624,1.1109,0.0293,0.0123,0.4203,4.6060,4.6274,nan,4.0876,3.9411,0.1561,0.2034,1.6688,-0.0081,-0.0274,0.2494,36.2607,0.0096,-7.0021,0.1719
93.550,404.425,-0.7442,1.5052,91.492,-0.7526,1.7954,88.905,0.2903,0.0008,0.2903,-2.588,1.9929,3.4244,-2.560,-2.6700,-1.7500,91.465,4.084,1.2731,411.841,1.1237,0.0393,0.0135,0.3439,4.2713,4.1712,nan,3.9258,3.7169,0.1472,0.2084,1.4105,0.0008,-0.0077,0.2428,36.4605,0.0459,-6.3118,0.1719
93.600,404.649,-0.7570,1.7289,95.558,-0.7693,1.9575,92.862,0.2287,-0.0099,0.2290,-2.696,1.9953,3.3699,-2.823,-2.6917,-1.5468,95.685,3.925,1.2614,412.059,1.1344,0.0212,0.0157,0.7388,3.9421,3.8579,nan,3.9258,3.5813,0.1418,0.1994,1.4283,0.0018,0.0162,0.2385,36.5604,0.1018,-4.1099,0.1719
93.650,404.863,-0.7843,1.9413,99.536,-0.7930,2.1528,96.557,0.2100,-0.0265,0.2117,-2.980,1.9953,3.3699,-2.823,-2.7249,-1.3529,99.380,3.736,1.1627,412.264,1.1424,0.0349,0.0178,0.5108,3.7865,3.7907,nan,3.8415,3.8591,0.1528,0.1878,1.3719,0.0226,0.0470,0.2563,36.6603,0.0182,-4.9893,0.1719
93.700,404.863,-0.7843,1.9413,99.536,-0.7920,2.1431,96.213,0.2002,-0.0259,0.2019,-3.323,2.0035,3.3434,-3.166,-2.7249,-1.3529,99.380,3.736,1.1627,412.264,1.1424,0.0349,0.0171,0.4897,3.8431,3.8861,nan,3.6419,3.4628,0.1371,0.2010,1.2691,0.0366,0.0394,0.3362,36.8601,0.0539,-3.8971,0.1719
93.750,405.064,-0.8232,2.1386,103.091,-0.8202,2.3349,99.714,0.1905,-0.0474,0.1963,-3.377,2.0223,3.2905,-3.611,-2.7767,-1.1327,103.325,3.612,1.0725,412.460,1.1527,0.0403,0.0152,0.3758,3.5254,3.4492,nan,3.5353,3.5615,0.1410,0.1959,1.1641,0.0425,0.0435,0.3741,36.9600,0.0090,1.9826,0.1719
93.800,405.265,-0.8740,2.3333,106.470,-0.8522,2.4630,102.842,0.1182,-0.0577,0.1316,-3.628,2.0281,3.2631,-3.575,-2.8248,-0.9781,106.417,3.676,1.1044,412.666,1.1547,0.0459,0.0153,0.3339,3.7211,3.8215,nan,3.3813,3.2337,0.1281,0.2204,1.2288,0.0546,0.0258,0.3766,37.1598,0.0274,-4.9463,0.1719
93.850,405.465,-0.9361,2.5236,110.048,-0.9196,2.6902,106.244,0.1509,-0.0726,0.1674,-3.805,2.0276,3.2517,-3.802,-2.9034,-0.7557,110.046,3.504,1.0753,412.859,1.1673,0.0221,0.0257,1.1639,3.4544,3.4138,nan,3.3025,3.0773,0.1219,0.2464,1.1407,0.0571,0.0023,0.3990,37.3595,0.0703,-0.6925,0.1719
93.900,405.661,-1.0082,2.7054,113.489,-0.9835,2.8241,110.187,0.0991,-0.0700,0.1213,-3.303,2.0223,3.2409,-3.436,-2.9754,-0.5962,113.623,3.456,1.1332,413.053,1.1697,0.0349,0.0242,0.6934,3.3950,3.4138,nan,3.1482,2.9939,0.1186,0.2575,1.0953,0.0687,0.0111,0.4158,37.4594,0.0389,-0.6925,0.1719
93.950,405.845,-1.0864,2.8721,117.108,-1.0627,2.9948,114.339,0.0984,-0.0770,0.1249,-2.768,2.0124,3.2846,-2.711,-3.0580,-0.4350,117.050,3.257,1.1852,413.228,1.1747,0.0393,0.0179,0.4551,3.3420,3.3612,nan,3.0750,2.9716,0.1177,0.2441,0.9950,0.0920,-0.0111,0.4523,37.6592,0.0213,-5.3926,0.1719
94.000,406.021,-1.1714,3.0258,121.118,-1.1415,3.1322,118.659,0.0756,-0.0806,0.1105,-2.459,2.0095,3.3127,-2.088,-3.1423,-0.2952,120.747,3.049,1.1790,413.395,1.1759,0.0481,0.0110,0.2282,3.2042,3.2073,nan,2.9249,2.8273,0.1120,0.2358,0.9540,0.1070,0.0185,0.4741,37.7591,0.0173,-5.7980,0.1719
94.050,406.185,-1.2608,3.1643,124.706,-1.2351,3.2671,122.766,0.0699,-0.0797,0.1060,-1.940,2.0123,3.2909,-2.256,-3.2439,-0.1515,125.022,2.948,1.0864,413.557,1.1873,0.0560,0.0127,0.2268,3.1104,3.1213,nan,2.8437,2.7608,0.1093,0.2252,0.9083,0.1232,-0.0061,0.5349,37.9589,0.0138,-2.6044,0.1719
94.100,406.347,-1.3563,3.2941,128.079,-1.3196,3.3811,126.034,0.0459,-0.0825,0.0945,-2.045,2.0123,3.2909,-2.256,-3.3329,-0.0409,128.289,2.821,0.9910,413.713,1.1836,0.0315,0.0142,0.4519,2.8434,2.7948,nan,2.8437,2.8665,0.1135,0.2004,0.8303,0.1331,-0.0193,0.5702,38.0588,0.0058,-3.5543,0.1719
94.150,406.505,-1.4571,3.4158,131.218,-1.4128,3.5018,129.538,0.0355,-0.0900,0.0968,-1.680,2.0095,3.3455,-1.552,-3.4253,0.0636,131.089,2.750,0.8613,413.868,1.1779,0.0914,0.0470,0.5139,2.7152,2.7160,nan,2.6388,2.5141,0.0996,0.2504,0.8000,0.1294,-0.0229,0.5987,38.1587,0.0467,-2.5796,0.1719
94.200,406.505,-1.4571,3.4158,131.218,-1.4210,3.5164,130.039,0.0519,-0.0934,0.1069,-1.178,2.0025,3.3901,-1.050,-3.4253,0.0636,131.089,2.750,0.8613,413.868,1.1779,0.0377,0.0034,0.0895,2.8740,2.9409,nan,2.5136,2.4632,0.0976,0.4486,0.8393,0.1151,-0.0963,0.6563,38.3585,-0.0084,1.1399,0.1719
94.250,406.654,-1.5583,3.5261,133.907,-1.5387,3.6491,132.861,0.0750,-0.0994,0.1245,-1.047,2.0016,3.3970,-1.044,-3.5443,0.1875,133.905,2.756,0.9475,414.019,1.1934,0.0423,0.0099,0.2350,2.7697,2.7758,nan,2.5029,2.3452,0.0929,0.5480,0.8088,0.0978,-0.1503,0.3670,38.5582,0.0339,-5.7237,0.1719
94.300,406.800,-1.6619,3.6281,137.145,-1.6371,3.7375,136.036,0.0563,-0.0970,0.1122,-1.109,2.0099,3.3900,-0.932,-3.6522,0.2881,136.969,2.559,1.0752,414.157,1.1979,0.0479,0.0095,0.1978,2.5095,2.4599,nan,2.5235,2.5402,0.1006,0.5822,0.8000,0.0996,-0.1463,0.7333,38.6581,0.0077,-3.6374,0.1719
94.350,406.938,-1.7669,3.7187,142.002,-1.7282,3.8127,139.616,0.0274,-0.0979,0.1017,-2.386,2.0099,3.3900,-0.932,-3.7445,0.3618,140.549,2.408,1.7648,414.294,1.1880,0.0274,0.0269,0.9813,2.4619,2.4749,nan,2.3796,2.3996,0.0950,0.6456,0.8000,0.0845,-0.1387,0.9496,38.7580,-0.0040,-4.1735,0.1719
94.400,407.066,-1.8715,3.7925,148.124,-1.8599,3.9152,147.092,0.0550,-0.1103,0.1233,-1.033,1.9998,3.4327,-0.668,-3.8650,0.4375,147.760,2.284,2.0434,414.422,1.2034,0.0321,0.0069,0.2149,2.4561,2.4749,nan,2.2805,2.3423,0.0928,0.6658,0.8000,0.0835,-0.1031,0.9114,38.8579,-0.0285,-4.1735,0.1719
94.450,407.196,-1.9850,3.8544,154.983,-1.9537,3.9602,153.037,0.0164,-0.1091,0.1104,-1.946,1.9983,3.3851,-1.346,-3.9644,0.4821,154.383,2.318,2.1586,414.560,1.1924,0.0414,0.0068,0.1643,2.2733,2.2555,nan,2.2805,2.2969,0.0910,0.6927,0.8000,0.0680,-0.1509,0.8798,39.0577,0.0059,0.2515,0.1719
94.500,407.320,-2.1006,3.9003,162.022,-2.1146,4.0327,159.813,0.0542,-0.1217,0.1332,-2.209,1.9812,3.3498,-2.058,-4.1177,0.5354,161.871,2.217,2.3021,414.687,1.2283,0.0509,0.0314,0.6161,2.4899,2.5858,nan,2.1744,2.1093,0.0835,0.6698,0.8000,0.0500,-0.1264,0.8827,39.1576,-0.0006,-3.0832,0.1719
94.550,407.442,-2.2183,3.9304,169.584,-2.2259,4.0707,167.079,0.0328,-0.1366,0.1405,-2.504,1.9762,3.3459,-2.334,-4.2281,0.5531,169.414,2.130,2.3031,414.812,1.2233,0.0625,0.0287,0.4596,2.2995,2.2795,nan,2.1744,2.0955,0.0830,0.7738,0.8000,0.0352,-0.1091,1.0072,39.2575,0.0245,-2.7494,0.1719
94.600,407.555,-2.3309,3.9440,176.590,-2.3658,4.0984,174.312,0.0441,-0.1521,0.1583,-2.278,1.9561,3.3280,-2.792,-4.3543,0.5590,177.105,2.015,2.1943,414.927,1.2381,0.0211,0.0558,2.6457,2.2316,2.2396,nan,2.1652,2.1213,0.0840,0.8094,0.8000,0.0135,-0.1037,1.1761,39.3574,0.0189,-3.9548,0.1719
94.650,407.665,-2.4411,3.9436,-176.047,-2.4632,4.0951,-179.347,0.0116,-0.1527,0.1531,-3.300,1.9561,3.3280,-2.792,-4.4514,0.5510,-176.554,1.933,2.3886,415.042,1.2266,0.0271,0.0602,2.2202,2.0367,2.0120,nan,2.2201,2.1923,0.0868,0.8216,0.8000,-0.0109,-0.1334,1.2162,39.4573,0.0389,-2.5643,0.1719
94.700,407.665,-2.4411,3.9436,-176.047,-2.4595,4.0818,-178.998,0.0088,-0.1391,0.1394,-2.952,1.9644,3.3415,-2.444,-4.4514,0.5510,-176.554,1.933,2.3886,415.042,1.2266,0.0271,0.0511,1.8847,2.0899,2.1158,nan,2.3039,2.2692,0.0899,0.7838,0.8000,-0.0062,-0.1150,1.2690,39.5572,0.0448,-1.9467,0.1719
94.750,407.772,-2.5466,3.9291,-168.071,-2.5979,4.0785,-170.628,0.0193,-0.1567,0.1579,-2.557,1.9514,3.3804,-2.145,-4.5723,0.5273,-168.483,1.886,2.5428,415.158,1.2435,0.0324,0.0626,1.9350,2.0881,2.1044,nan,2.3690,2.3547,0.0933,0.7593,0.8000,-0.0408,-0.0923,1.2091,39.6570,0.0453,-0.9295,0.1719
94.800,407.876,-2.6467,3.9006,-159.989,-2.7024,4.0496,-162.277,0.0014,-0.1591,0.1591,-2.288,1.9577,3.3629,-2.357,-4.6844,0.4944,-159.920,1.910,2.4910,415.276,1.2561,0.0396,0.0559,1.4102,2.0958,2.1136,nan,2.4233,2.4783,0.0982,0.7151,0.8000,-0.0443,-0.0872,1.0600,39.7569,0.0292,0.9698,0.1719
94.850,407.982,-2.7441,3.8574,-152.106,-2.8244,3.9991,-153.491,0.0047,-0.1627,0.1628,-1.385,1.9533,3.4231,-1.661,-4.7923,0.4372,-151.830,1.967,2.4720,415.397,1.2692,0.0144,0.0836,5.7976,2.1095,2.1285,nan,2.5131,2.5639,0.1015,0.6746,0.8000,-0.0578,-0.0689,1.0322,39.8568,0.0397,1.0336,0.1719
94.900,408.094,-2.8394,3.7984,-144.120,-2.9175,3.9259,-145.112,-0.0114,-0.1491,0.1495,-0.992,1.9657,3.4907,-0.787,-4.8888,0.3681,-144.325,2.042,2.4172,415.526,1.2725,0.0173,0.0740,4.2870,2.1114,2.1285,nan,2.7066,2.7139,0.1075,0.6301,0.8000,-0.0706,-0.1291,0.8353,40.0566,0.0754,1.0336,0.1719
94.950,408.214,-2.9312,3.7220,-136.179,-3.0078,3.8150,-136.814,-0.0091,-0.1201,0.1205,-0.634,1.9833,3.5129,-0.348,-4.9929,0.2718,-136.466,2.165,2.2584,415.664,1.2889,0.0199,0.0636,3.1991,2.2774,2.3401,nan,2.7992,2.8745,0.1138,0.5427,0.8256,-0.0673,-0.0716,0.7321,40.1565,0.0487,2.1822,0.1719
95.000,408.335,-3.0138,3.6328,-129.082,-3.1061,3.6858,-128.899,0.0171,-0.1051,0.1064,0.184,1.9849,3.5094,-0.290,-5.0918,0.1506,-128.608,2.335,2.1452,415.805,1.3123,0.0226,0.0629,2.7869,2.4396,2.5026,nan,2.8762,2.9900,0.1184,0.4637,0.8896,-0.0468,-0.0243,0.6523,40.2564,0.0289,3.9874,0.1719
95.050,408.472,-3.0937,3.5222,-122.252,-3.1644,3.5846,-122.141,-0.0150,-0.0931,0.0943,0.111,1.9954,3.5626,0.212,-5.1597,0.0411,-122.353,2.519,2.0841,415.960,1.3004,0.0298,0.0552,1.8534,2.4114,2.4266,nan,2.9369,2.9936,0.1186,0.4186,0.8793,-0.0388,-0.0584,0.6795,40.4561,0.0548,5.1490,0.1719
95.100,408.618,-3.1654,3.3943,-116.065,-3.2476,3.4182,-115.212,0.0146,-0.0843,0.0856,0.853,1.9954,3.5626,0.212,-5.2435,-0.1250,-115.424,2.695,1.8300,416.121,1.3220,0.0143,0.0675,4.7338,2.6838,2.8455,nan,3.1081,3.1107,0.1232,0.3490,0.9787,-0.0335,-0.0147,0.7189,40.5561,0.0594,4.4829,0.1719
95.150,408.618,-3.1654,3.3943,-116.065,-3.2295,3.4306,-115.376,-0.0044,-0.0735,0.0736,0.689,2.0139,3.5599,0.048,-5.2435,-0.1250,-115.424,2.695,1.8300,416.121,1.3220,0.0143,0.0546,3.8297,2.7754,2.8171,nan,3.1981,3.2055,0.1270,0.2732,1.0542,-0.0207,-0.0130,0.6306,40.6560,0.0582,3.0271,0.1719
95.200,408.770,-3.2254,3.2552,-110.355,-3.2678,3.2754,-109.534,-0.0041,-0.0468,0.0469,0.821,2.0252,3.6138,0.739,-5.2969,-0.2701,-110.274,2.802,1.7359,416.282,1.3173,0.0193,0.0445,2.3013,2.8746,2.9194,nan,3.3866,3.4928,0.1383,0.1861,1.1890,-0.0025,-0.0253,0.4572,40.8558,0.0432,3.4637,0.1653
95.250,408.948,-3.2795,3.0852,-104.800,-3.3037,3.0960,-103.709,-0.0043,-0.0261,0.0265,1.091,2.0351,3.6015,0.639,-5.3441,-0.4460,-104.347,2.940,1.3560,416.469,1.3124,0.0247,0.0379,1.5381,3.0375,3.1085,nan,3.5828,3.7086,0.1469,0.1565,1.2802,0.0042,-0.0559,0.3478,41.0555,0.0467,3.6158,0.1653
95.300,409.117,-3.3168,2.9210,-100.737,-3.3282,2.9067,-100.001,0.0161,-0.0085,0.0183,0.736,2.0413,3.5856,0.598,-5.3763,-0.6228,-100.599,3.070,1.0492,416.645,1.3112,0.0159,0.0239,1.5058,3.1836,3.2487,nan,3.7716,3.9052,0.1547,0.1121,1.3574,-0.0039,-0.0352,0.2895,41.1554,0.0521,5.1069,0.1653
95.350,409.269,-3.3418,2.7708,-98.198,-3.3392,2.7239,-96.885,0.0460,0.0092,0.0469,1.314,2.0474,3.5938,0.811,-5.3984,-0.7936,-97.696,3.247,0.9357,416.807,1.3145,0.0154,0.0173,1.1237,3.1882,3.2147,nan,3.9501,4.0722,0.1613,0.0887,1.3011,-0.0046,-0.0437,0.1809,41.3552,0.0795,2.2935,0.1653
95.400,409.458,-3.3645,2.5835,-95.572,-3.3553,2.5372,-94.205,0.0452,0.0136,0.0472,1.367,2.0439,3.6002,0.962,-5.4163,-0.9722,-95.167,3.472,0.6752,417.008,1.3073,0.0182,0.0139,0.7628,3.1889,3.2147,nan,4.0361,4.1430,0.1641,0.0504,1.2809,-0.0013,-0.0364,0.1469,41.5550,0.0948,2.2935,0.1653
95.450,409.670,-3.3813,2.3721,-93.542,-3.3661,2.3272,-92.874,0.0439,0.0180,0.0474,0.667,2.0547,3.5678,0.464,-5.4306,-1.1967,-93.339,3.697,0.3754,417.233,1.3090,0.0223,0.0169,0.7598,3.4270,3.5600,nan,4.2071,4.3312,0.1715,0.0261,1.2745,-0.0148,-0.0501,0.1256,41.7548,0.0834,5.3521,0.1653
95.500,409.891,-3.3929,2.1513,-92.574,-3.3744,2.0797,-91.256,0.0707,0.0217,0.0740,1.318,2.0407,3.6275,0.972,-5.4406,-1.4558,-92.228,3.907,0.1958,417.467,1.3200,0.0271,0.0177,0.6520,3.7045,3.9164,nan,3.7558,4.0734,0.1613,-0.0079,1.2778,-0.0349,-0.0802,0.0766,41.9546,-0.0478,5.0756,0.1653
95.550,410.120,-3.4020,1.9227,-92.060,-3.3777,1.8764,-90.991,0.0454,0.0260,0.0523,1.069,2.0407,3.6275,0.972,-5.4473,-1.6590,-91.963,4.080,0.0373,417.706,1.3093,0.0183,0.0138,0.7533,3.7879,3.8375,nan,3.6509,3.6695,0.1453,-0.0164,1.1606,-0.0499,-0.0794,-0.0350,42.1543,-0.0035,4.7248,0.1653
95.600,410.120,-3.4020,1.9227,-92.060,-3.3750,1.8899,-91.076,0.0318,0.0282,0.0425,0.984,2.0460,3.6329,0.886,-5.4473,-1.6590,-91.963,4.080,0.0373,417.706,1.3093,0.0183,0.0119,0.6513,4.0829,4.4127,nan,3.3570,3.2458,0.1285,-0.0769,1.1051,-0.0669,-0.0526,-0.1910,42.4540,-0.0326,-1.2635,0.1653
95.650,410.346,-3.4101,1.6960,-92.209,-3.3760,1.6345,-90.919,0.0602,0.0364,0.0703,1.290,2.0448,3.6667,1.022,-5.4562,-1.9353,-91.941,4.002,-0.0896,417.929,1.3270,0.0213,0.0136,0.6406,3.9798,3.9962,nan,3.2596,3.1676,0.1254,-0.1466,1.0772,-0.0737,-0.0422,-0.2389,42.5539,-0.0371,-5.8460,0.1653
95.700,410.575,-3.4193,1.4681,-92.576,-3.3790,1.4295,-90.821,0.0367,0.0420,0.0558,1.755,2.0213,3.7323,1.686,-5.4657,-2.1430,-92.506,3.739,-0.2408,418.141,1.3202,0.0237,0.0150,0.6333,3.7204,3.6872,nan,3.0523,2.9840,0.1182,-0.2166,1.0070,-0.0729,0.0089,-0.3265,42.7537,-0.0379,-7.4386,0.1653
95.750,410.760,-3.4292,1.2828,-93.802,-3.3837,1.2690,-91.641,0.0108,0.0463,0.0475,2.162,2.0212,3.7507,1.678,-5.4753,-2.3224,-93.319,3.438,-0.4608,418.311,1.3179,0.0234,0.0171,0.7303,3.3419,3.1521,nan,3.0523,2.9060,0.1151,-0.2095,0.9045,-0.0794,0.0072,-0.3691,42.8536,0.0285,-5.6126,0.1653
95.800,410.943,-3.4442,1.1009,-96.102,-3.4038,1.1258,-93.869,-0.0291,0.0375,0.0475,2.233,2.0244,3.7272,1.401,-5.4902,-2.4678,-95.271,3.219,-0.8251,418.483,1.3058,0.0139,0.0281,2.0243,3.1192,3.0966,nan,2.8485,2.7030,0.1071,-0.2532,0.8443,-0.0782,0.0046,-0.4080,42.9535,0.0295,-5.4288,0.1653
95.850,411.122,-3.4679,0.9226,-99.515,-3.4307,0.9537,-97.501,-0.0368,0.0315,0.0485,2.014,2.0227,3.7288,1.371,-5.5182,-2.6438,-98.872,3.012,-0.9887,418.654,1.3093,0.0167,0.0217,1.2941,3.0779,3.0966,nan,2.7711,2.6299,0.1042,-0.2477,0.8331,-0.0963,0.0231,-0.4384,43.1533,0.0236,-5.4288,0.1653
95.900,411.299,-3.5017,0.7493,-102.843,-3.4681,0.7826,-101.423,-0.0400,0.0254,0.0473,1.419,2.0145,3.7313,1.485,-5.5572,-2.8056,-102.909,2.876,-1.0162,418.825,1.3106,0.0241,0.0073,0.3045,2.9373,2.9376,nan,2.6971,2.5429,0.1007,-0.2403,0.8000,-0.1103,-0.0018,-0.4684,43.2532,0.0347,-3.2392,0.1653
95.950,411.453,-3.5401,0.5999,-106.243,-3.5130,0.6185,-104.812,-0.0254,0.0209,0.0329,1.431,2.0210,3.6951,1.268,-5.6007,-2.9534,-106.080,2.664,-0.9995,418.971,1.3150,0.0088,0.0199,2.2489,2.8457,2.8548,nan,2.6438,2.5333,0.1003,-0.3626,0.8000,-0.1112,0.0557,-0.5929,43.4529,0.0266,-5.9489,0.1653
96.000,411.599,-3.5844,0.4614,-109.378,-3.5560,0.4923,-108.129,-0.0386,0.0166,0.0420,1.249,2.0210,3.6951,1.268,-5.6464,-3.0786,-109.397,2.544,-1.0532,419.112,1.3125,0.0119,0.0113,0.9459,2.6562,2.6401,nan,2.4121,2.3424,0.0928,-0.4382,0.8000,-0.1107,0.0641,-0.7048,43.5528,0.0084,-3.4754,0.1653
96.050,411.599,-3.5844,0.4614,-109.378,-3.5616,0.4934,-108.230,-0.0378,0.0109,0.0393,1.148,2.0210,3.6863,1.167,-5.6464,-3.0786,-109.397,2.544,-1.0532,419.112,1.3125,0.0119,0.0097,0.8115,2.5528,2.5574,nan,2.3493,2.2429,0.0888,-0.5672,0.8000,-0.1095,0.1455,-0.5895,43.7527,0.0237,-2.3837,0.1653
96.100,411.738,-3.6352,0.3312,-113.749,-3.6143,0.3549,-111.192,-0.0301,0.0095,0.0316,2.557,1.9986,3.7079,1.507,-5.6992,-3.2042,-112.699,2.450,-1.4730,419.251,1.3130,0.0172,0.0223,1.2941,2.5091,2.5229,nan,2.2414,2.1136,0.0837,-0.6399,0.8000,-0.1008,0.1079,-0.5799,43.8525,0.0218,-4.4508,0.1653
96.150,411.866,-3.6914,0.2164,-118.745,-3.6758,0.2341,-116.851,-0.0230,0.0051,0.0236,1.894,1.9894,3.7357,1.726,-5.7681,-3.3293,-118.577,2.307,-1.6377,419.376,1.3282,0.0232,0.0106,0.4581,2.2467,2.1922,nan,2.2414,2.1203,0.0840,-0.6687,0.8000,-0.0967,0.0968,-0.8814,43.9524,0.0499,-4.0170,0.1653
96.200,411.991,-3.7565,0.1102,-124.761,-3.7256,0.1500,-122.029,-0.0504,0.0027,0.0504,2.733,1.9894,3.7357,1.726,-5.8204,-3.4119,-123.755,2.157,-1.9941,419.500,1.3091,0.0492,0.0070,0.1420,2.2957,2.3226,nan,2.1700,2.1415,0.0848,-0.7237,0.8000,-0.0960,0.0645,-1.0389,44.0523,0.0068,-4.1851,0.1653
96.250,412.105,-3.8268,0.0200,-131.342,-3.8142,0.0408,-129.188,-0.0239,-0.0043,0.0243,2.153,1.9645,3.7739,2.107,-5.9120,-3.5181,-131.296,2.028,-2.1146,419.614,1.3341,0.0055,0.0361,6.6151,2.1724,2.1701,nan,2.0993,2.0461,0.0810,-0.7705,0.8000,-0.0858,0.0678,-1.0359,44.1522,0.0202,-4.1851,0.1653
96.300,412.227,-3.9129,-0.0659,-138.854,-3.8944,-0.0370,-136.445,-0.0330,-0.0096,0.0343,2.409,1.9640,3.7585,2.045,-5.9901,-3.5839,-138.490,1.975,-2.1990,419.741,1.3209,0.0275,0.0168,0.6123,2.0265,2.0162,nan,2.0905,2.0912,0.0828,-0.7502,0.8000,-0.0899,0.0680,-1.1129,44.2521,0.0162,-2.2257,0.1653
96.350,412.338,-4.0014,-0.1338,-146.316,-3.9916,-0.1217,-143.020,-0.0148,-0.0047,0.0156,3.296,1.9021,3.8593,3.084,-6.0994,-3.6581,-146.104,1.946,-2.3053,419.860,1.3425,0.0688,0.0203,0.2954,2.1122,2.1457,nan,2.1350,2.1464,0.0850,-0.7886,0.8000,-0.0775,0.1861,-1.2949,44.4519,0.0085,-1.4075,0.1653
96.400,412.444,-4.0928,-0.1867,-153.674,-4.0911,-0.1735,-151.292,-0.0074,-0.0111,0.0133,2.382,1.9309,3.8265,2.726,-6.2054,-3.7091,-154.018,1.905,-2.3602,419.973,1.3561,0.0058,0.0489,8.4749,2.0631,2.0726,nan,2.2248,2.2024,0.0872,-0.7893,0.8000,-0.0601,0.2119,-1.3730,44.5517,0.0348,-1.8850,0.1653
96.450,412.550,-4.1908,-0.2273,-161.508,-4.1794,-0.2070,-158.004,-0.0172,-0.0157,0.0233,3.505,1.9309,3.8265,2.726,-6.2952,-3.7383,-160.729,1.895,-2.4579,420.091,1.3452,0.0137,0.0556,4.0579,1.9451,1.9416,nan,2.2905,2.2564,0.0894,-0.7462,0.8000,-0.0588,0.2232,-1.3182,44.6516,0.0586,-1.3273,0.1653
96.500,412.643,-4.2808,-0.2515,-168.449,-4.2960,-0.2433,-166.448,0.0133,-0.0111,0.0173,2.001,1.9913,3.7391,1.961,-6.4199,-3.7649,-168.409,1.915,-2.4367,420.195,1.3793,0.0117,0.0356,3.0356,2.1620,2.2530,nan,2.3560,2.4402,0.0966,-0.7487,0.8000,-0.0323,0.1977,-1.1383,44.7515,0.0062,-0.4518,0.1653
96.550,412.643,-4.2808,-0.2515,-168.449,-4.2960,-0.2433,-166.448,0.0133,-0.0111,0.0173,2.001,1.9913,3.7391,1.961,-6.4199,-3.7649,-168.409,1.915,-2.4367,420.195,1.3793,0.0117,0.0356,3.0356,2.1222,2.1335,nan,2.4543,2.5207,0.0998,-0.7043,0.8000,-0.0231,0.1835,-1.1132,44.8514,0.0279,2.5287,0.1653
96.600,412.750,-4.3868,-0.2662,-175.963,-4.4007,-0.2567,-174.069,0.0132,-0.0104,0.0169,1.894,1.9715,3.7890,2.418,-6.5373,-3.7733,-176.487,1.974,-2.4368,420.315,1.3887,0.0253,0.0290,1.1456,2.0845,2.0958,nan,2.5477,2.5644,0.1016,-0.6749,0.8000,-0.0116,0.1849,-1.0446,44.9513,0.0577,1.6310,0.1653
96.650,412.862,-4.4985,-0.2667,176.163,-4.5042,-0.2504,178.376,0.0068,-0.0159,0.0173,2.213,1.9958,3.7767,2.276,-6.6548,-3.7658,176.100,2.089,-2.4341,420.446,1.3923,0.0430,0.0277,0.6436,2.2414,2.2999,nan,2.6370,2.7051,0.1071,-0.6512,0.8000,0.0052,0.1567,-0.8589,45.0512,0.0360,2.2241,0.1653
96.700,412.982,-4.6173,-0.2508,168.268,-4.6241,-0.2266,171.571,0.0116,-0.0224,0.0252,3.304,1.9744,3.8441,2.744,-6.7858,-3.7500,168.827,2.188,-2.4265,420.583,1.4042,0.0736,0.0428,0.5821,2.4908,2.6173,nan,2.8006,2.9247,0.1158,-0.6124,0.8533,0.0066,0.1935,-0.7359,45.2510,0.0121,1.5687,0.1653
96.750,413.107,-4.7376,-0.2175,160.459,-4.7684,-0.1645,162.127,0.0468,-0.0396,0.0613,1.667,2.0618,3.7370,1.693,-6.9425,-3.6981,160.434,2.272,-2.4133,420.724,1.4352,0.0096,0.0504,5.2302,2.4899,2.5097,nan,2.7770,2.9107,0.1153,-0.5953,0.8530,0.0272,0.1434,-0.6632,45.3508,0.0067,1.6432,0.1653
96.800,413.234,-4.8549,-0.1673,152.767,-4.8677,-0.0906,153.543,0.0465,-0.0624,0.0778,0.776,2.1350,3.6607,0.957,-7.0644,-3.6338,152.586,2.378,-2.3892,420.870,1.4367,0.0182,0.0236,1.2979,2.4898,2.5097,nan,2.8356,2.9430,0.1166,-0.4940,0.8530,0.0015,0.0729,-0.6770,45.4507,0.0209,1.6432,0.1653
96.850,413.369,-4.9710,-0.0980,145.131,-4.9733,-0.0093,146.242,0.0526,-0.0715,0.0888,1.110,2.1503,3.6577,0.913,-7.1812,-3.5530,145.328,2.535,-2.2252,421.026,1.4349,0.0286,0.0192,0.6731,2.5235,2.5494,nan,2.9059,2.8965,0.1147,-0.3747,0.8645,-0.0277,0.0169,-0.7637,45.5506,0.0580,3.3281,0.1653
96.900,413.516,-5.0865,-0.0076,138.562,-5.1013,0.0916,138.244,0.0767,-0.0645,0.1003,-0.318,2.2022,3.5766,0.337,-7.3239,-3.4420,137.907,2.684,-1.8136,421.186,1.4575,0.0454,0.0473,1.0426,2.7623,2.8825,nan,3.0627,3.0601,0.1212,-0.3394,0.9813,-0.0230,0.0580,-0.6907,45.7504,0.0476,4.1141,0.1653
96.950,413.669,-5.1966,0.0988,133.410,-5.2055,0.2090,133.009,0.0861,-0.0693,0.1105,-0.401,2.2149,3.5527,0.105,-7.4265,-3.3301,132.904,2.779,-1.4903,421.345,1.4491,0.0147,0.0061,0.4164,2.8032,2.8330,nan,3.1537,3.2304,0.1279,-0.3036,1.0279,-0.0278,0.0542,-0.6226,45.8503,0.0311,2.9325,0.1653
97.000,413.828,-5.3011,0.2186,128.598,-5.3129,0.3415,128.666,0.1034,-0.0674,0.1234,0.068,2.2149,3.5527,0.105,-7.5337,-3.1974,128.561,2.898,-1.4058,421.511,1.4494,0.0174,0.0148,0.8486,2.8792,2.9177,nan,3.2514,3.3656,0.1333,-0.2965,1.1184,-0.0183,0.1115,-0.5042,46.0501,0.0249,2.9120,0.1653
97.050,413.828,-5.3011,0.2186,128.598,-5.3038,0.3345,128.547,0.0923,-0.0702,0.1160,-0.052,2.2307,3.5300,-0.014,-7.5337,-3.1974,128.561,2.898,-1.4058,421.511,1.4494,0.0174,0.0077,0.4402,2.9112,2.9402,nan,3.4421,3.5451,0.1404,-0.2667,1.1805,-0.0139,0.0887,-0.4202,46.1500,0.0489,3.7996,0.1653
97.100,413.992,-5.3984,0.3503,124.152,-5.3873,0.4683,123.481,0.0914,-0.0755,0.1186,-0.671,2.2736,3.4396,-0.678,-7.6251,-3.0617,124.159,3.041,-1.4165,421.685,1.4429,0.0219,0.0125,0.5709,3.0774,3.1504,nan,3.6120,3.7638,0.1491,-0.2187,1.3372,-0.0113,0.0760,-0.2923,46.3498,0.0402,2.9733,0.1653
97.150,414.166,-5.4907,0.4980,119.564,-5.4803,0.6244,119.552,0.1048,-0.0714,0.1268,-0.012,2.2454,3.5045,-0.168,-7.7173,-2.9027,119.719,3.177,-1.3450,421.868,1.4408,0.0303,0.0126,0.4178,3.2755,3.3706,nan,3.7615,3.9216,0.1553,-0.1955,1.4232,0.0021,0.0741,-0.2823,46.5496,0.0329,3.7688,0.1653
97.200,414.345,-5.5736,0.6568,115.325,-5.5678,0.8094,115.089,0.1354,-0.0705,0.1527,-0.236,2.2377,3.5285,0.042,-7.8075,-2.7135,115.047,3.333,-1.2039,422.058,1.4432,0.0339,0.0203,0.5996,3.2275,3.2465,nan,3.9152,4.0058,0.1586,-0.1788,1.4024,0.0125,0.0704,-0.2824,46.7494,0.0752,4.9212,0.1682
97.250,414.541,-5.6519,0.8366,111.524,-5.6350,0.9628,112.274,0.1112,-0.0620,0.1274,0.749,2.2017,3.6135,0.690,-7.8681,-2.5560,111.583,3.531,-1.0868,422.266,1.4292,0.0214,0.0076,0.3552,3.5309,3.8467,nan,4.0055,4.1417,0.1640,-0.1508,1.5611,0.0172,0.0556,-0.2854,46.8493,0.0366,3.9492,0.1682
97.300,414.737,-5.7185,1.0202,108.149,-5.7121,1.1827,108.327,0.1524,-0.0567,0.1626,0.178,2.2244,3.5399,0.241,-7.9464,-2.3238,108.086,3.686,-1.0452,422.472,1.4337,0.0217,0.0030,0.1377,3.7368,3.8467,nan,4.3732,4.5579,0.1805,-0.1353,1.6986,0.0452,0.0962,-0.2437,47.1489,0.0541,3.9492,0.1682
97.350,414.943,-5.7777,1.2181,104.890,-5.7617,1.3836,104.851,0.1558,-0.0580,0.1663,-0.039,2.2340,3.5191,0.058,-7.9978,-2.1275,104.794,3.828,-0.9028,422.689,1.4262,0.0226,0.0038,0.1674,3.7086,3.7343,nan,4.4593,4.6409,0.1838,-0.1025,1.7466,0.0484,0.0608,-0.1832,47.2488,0.0709,3.1322,0.1682
97.400,415.167,-5.8305,1.4356,102.203,-5.8123,1.6005,102.424,0.1573,-0.0527,0.1659,0.220,2.2198,3.5610,0.331,-8.0433,-1.9141,102.093,4.139,-0.7286,422.936,1.4194,0.0210,0.0040,0.1922,3.8236,3.8839,nan,4.6252,4.8215,0.1910,-0.0790,1.8877,0.0541,0.0492,-0.0994,47.4486,0.0775,6.6917,0.1682
97.450,415.401,-5.8759,1.6650,100.074,-5.8614,1.8629,100.216,0.1923,-0.0489,0.1984,0.142,2.2242,3.5375,0.328,-8.0950,-1.6283,99.887,4.345,-0.5810,423.185,1.4192,0.0200,0.0057,0.2850,4.1113,4.5692,nan,4.8600,5.0804,0.2012,-0.0798,2.0142,0.0767,0.0507,-0.0384,47.7483,0.0696,5.0459,0.1682
97.500,415.650,-5.9160,1.9108,98.321,-5.9073,2.1119,98.403,0.1977,-0.0377,0.2013,0.082,2.2224,3.5238,0.188,-8.1343,-1.3853,98.215,4.534,-0.5602,423.448,1.4187,0.0216,0.0050,0.2341,4.3393,4.4949,nan,5.0802,5.3133,0.2104,-0.0779,2.1260,0.0880,0.0363,-0.0171,47.9481,0.0690,4.5324,0.1682
97.550,415.650,-5.9160,1.9108,98.321,-5.9073,2.1119,98.403,0.1977,-0.0377,0.2013,0.082,2.2224,3.5238,0.188,-8.1343,-1.3853,98.215,4.534,-0.5602,423.589,1.4187,0.0216,0.0050,0.2341,4.5588,4.7202,nan,5.2880,5.5314,0.2191,-0.0756,2.1719,0.0966,0.0163,-0.0319,48.2477,0.0681,4.8187,0.1682
97.600,415.915,-5.9505,2.1735,96.445,-5.9426,2.3927,96.482,0.2170,-0.0324,0.2194,0.037,2.2248,3.4973,-0.030,-8.1669,-1.1088,96.512,4.748,-0.5789,423.730,1.4155,0.0190,0.0064,0.3363,4.8003,5.0201,nan,5.4848,5.7488,0.2277,-0.0700,2.2098,0.0940,-0.0064,-0.0465,48.5474,0.0626,4.7031,0.1682
97.650,416.182,-5.9767,2.4394,94.604,-5.9704,2.6847,94.177,0.2440,-0.0260,0.2454,-0.426,2.2265,3.4384,-0.442,-8.1908,-0.8170,94.619,4.953,-0.5888,424.015,1.4113,0.0144,0.0097,0.6725,4.9995,5.1713,nan,5.6720,5.9487,0.2356,-0.0643,2.1979,0.0866,-0.0335,-0.0548,48.7472,0.0618,4.6623,0.1682
97.700,416.466,-5.9954,2.7223,92.695,-5.9862,2.9864,92.437,0.2634,-0.0216,0.2643,-0.258,2.2216,3.4662,-0.267,-8.2056,-0.5179,92.703,5.160,-0.5727,424.317,1.4063,0.0111,0.0146,1.3125,5.1953,5.3780,nan,5.8507,6.1385,0.2431,-0.0679,2.1770,0.0764,-0.0402,-0.0697,49.0469,0.0604,4.6450,0.1682
97.750,416.750,-6.0050,3.0065,90.932,-5.9972,3.2995,90.571,0.2929,-0.0126,0.2931,-0.361,2.2143,3.4647,-0.319,-8.2105,-0.2109,90.890,5.355,-0.5564,424.619,1.4004,0.0224,0.0120,0.5377,5.3565,5.5123,nan,6.0028,6.2976,0.2494,-0.0712,2.1568,0.0650,-0.0440,-0.0944,49.3465,0.0599,4.3269,0.1682
97.800,417.017,-6.0064,3.2736,89.422,-5.9955,3.5847,89.097,0.3112,-0.0078,0.3113,-0.325,2.2109,3.4784,-0.238,-8.2068,0.0721,89.336,5.529,-0.5457,424.903,1.3947,0.0228,0.0156,0.6848,5.5239,5.6950,nan,6.1257,6.4368,0.2549,-0.0804,2.1427,0.0564,-0.0386,-0.1183,49.6462,0.0551,2.6949,0.1682
97.850,417.338,-5.9986,3.5945,87.487,-5.9886,3.8929,87.440,0.2986,0.0031,0.2986,-0.047,2.2048,3.4563,-0.115,-8.1943,0.4203,87.555,5.722,-0.6250,425.245,1.3895,0.0144,0.0197,1.3701,5.5945,5.6950,nan,5.9287,6.2202,0.2463,-0.0946,2.1405,0.0490,-0.0280,-0.1145,49.9459,0.0252,2.6949,0.1682
97.900,417.664,-5.9794,3.9194,85.427,-5.9627,4.2034,85.383,0.2844,0.0060,0.2845,-0.045,2.2044,3.4489,-0.250,-8.1704,0.7188,85.633,5.880,-0.7042,425.588,1.3853,0.0054,0.0264,4.8813,5.6536,5.7495,nan,5.7367,6.0472,0.2395,-0.0988,2.0897,0.0375,-0.0290,-0.1130,50.2456,-0.0036,3.6936,0.1682
97.950,417.994,-5.9467,4.2486,82.682,-5.9243,4.6047,83.412,0.3561,0.0231,0.3568,0.730,2.2045,3.5070,0.232,-8.1242,1.1305,83.181,5.929,-0.8902,425.927,1.3718,0.0030,0.0472,15.7067,5.9235,6.6297,nan,5.4885,5.3111,0.2103,-0.1172,2.0307,0.0184,-0.0208,-0.1640,50.6451,0.0152,1.1085,0.1682
98.000,418.307,-5.9008,4.5582,79.916,-5.8760,4.8818,80.067,0.3229,0.0322,0.3245,0.151,2.1955,3.4776,0.219,-8.0661,1.4350,79.848,5.868,-0.9402,426.239,1.3594,0.0056,0.0486,8.6068,5.9913,6.1054,nan,5.3050,5.2283,0.2071,-0.1165,2.0119,0.0023,-0.0402,-0.1855,50.8449,-0.0275,-0.9509,0.1682
98.050,418.626,-5.8378,4.8703,76.630,-5.8173,5.1663,77.076,0.2927,0.0485,0.2967,0.445,2.1955,3.4776,0.219,-8.0064,1.7192,76.857,5.540,-1.0052,426.534,1.3623,0.0123,0.0410,3.3364,5.6969,5.6099,nan,5.1826,5.0781,0.2011,-0.1158,2.0119,-0.0075,-0.0506,-0.1957,51.0447,-0.0054,-7.2009,0.1682
98.100,418.940,-5.7578,5.1740,73.348,-5.7331,5.3479,72.411,0.1737,0.0262,0.1756,-0.937,2.1572,3.2288,-1.106,-7.9297,1.9665,73.516,5.309,-0.9541,426.833,1.3665,0.0048,0.0172,3.5757,5.3510,5.2089,nan,5.1203,4.9545,0.1962,-0.0743,1.9120,-0.0617,-0.0903,-0.2048,51.2445,0.0388,-5.2245,0.1682
98.150,418.940,-5.7578,5.1740,73.348,-5.7330,5.2981,72.462,0.1260,0.0118,0.1266,-0.886,2.1592,3.1860,-1.055,-7.9297,1.9665,73.516,5.309,-0.9541,426.833,1.3665,0.0048,0.0125,2.5937,5.4401,5.5455,nan,4.9235,4.8412,0.1917,-0.0680,1.8775,-0.1092,-0.0748,-0.2211,51.5442,-0.0100,-4.3916,0.1682
98.200,419.221,-5.6715,5.4420,70.454,-5.6389,5.5367,69.197,0.1001,0.0009,0.1001,-1.258,2.1362,3.1136,-1.057,-7.8184,2.2792,70.254,5.135,-0.7242,427.103,1.3406,0.0030,0.0192,6.3853,5.0444,4.7976,nan,4.9235,4.7514,0.1882,-0.0528,1.7571,-0.1338,-0.0788,-0.2270,51.6441,0.0555,-3.2902,0.1682
98.250,419.499,-5.5748,5.7027,68.611,-5.5535,5.7178,66.971,0.0219,-0.0144,0.0262,-1.640,2.1255,3.0736,-1.194,-7.7324,2.4837,68.165,4.986,-0.5333,427.372,1.3526,0.0022,0.0250,11.2545,4.8756,4.8763,nan,4.7736,4.5990,0.1821,-0.0850,1.7571,-0.1547,-0.0494,-0.2372,51.8438,0.0609,-3.0106,0.1682
98.300,419.770,-5.4730,5.9535,66.997,-5.4502,5.9331,66.433,-0.0098,-0.0289,0.0305,-0.564,2.1526,3.1332,-0.514,-7.6276,2.7317,66.947,4.860,-0.4319,427.634,1.3498,0.0140,0.0255,1.8208,4.7966,4.8244,nan,4.5495,4.4066,0.1745,-0.1159,1.7571,-0.1624,-0.0227,-0.2453,52.0436,0.0372,-2.6371,0.1682
98.350,420.039,-5.3655,6.1999,65.711,-5.3300,6.1918,65.204,0.0072,-0.0357,0.0364,-0.508,2.1649,3.1626,-0.386,-7.5152,2.9786,65.590,4.741,-0.5198,427.896,1.3449,0.0088,0.0230,2.6177,4.7813,4.8244,nan,4.3986,4.2586,0.1687,-0.1578,1.7571,-0.1647,0.0447,-0.2473,52.3433,0.0215,-2.6371,0.1682
98.400,420.291,-5.2586,6.4284,63.811,-5.2351,6.3873,64.277,-0.0265,-0.0393,0.0474,0.466,2.1872,3.2194,0.192,-7.4116,3.1927,64.085,4.599,-0.6945,428.139,1.3489,0.0059,0.0203,3.4608,4.6004,4.5970,nan,4.2501,4.1121,0.1629,-0.1960,1.6586,-0.1560,0.0683,-0.2658,52.5431,0.0267,-3.3471,0.1682
98.450,420.541,-5.1431,6.6503,60.513,-5.1237,6.6051,61.813,-0.0298,-0.0391,0.0492,1.300,2.1851,3.2262,0.184,-7.2980,3.4023,61.630,4.356,-1.1433,428.376,1.3516,0.0062,0.0171,2.7537,4.4632,4.4738,nan,4.1147,3.9874,0.1579,-0.2165,1.6586,-0.1480,0.0850,-0.2927,52.7429,0.0232,-5.6493,0.1682
98.500,420.775,-5.0222,6.8500,56.463,-5.0041,6.7994,57.678,-0.0322,-0.0430,0.0537,1.215,2.2163,3.3091,0.862,-7.1671,3.5986,56.816,4.154,-1.3328,428.600,1.3418,0.0091,0.0272,2.9725,4.3155,4.3230,nan,3.9259,3.8069,0.1508,-0.2039,1.6040,-0.1516,0.0444,-0.3107,52.9426,0.0150,-5.0747,0.1682
98.550,421.002,-4.8903,7.0353,52.066,-4.8860,6.9764,54.101,-0.0438,-0.0396,0.0590,2.035,2.2746,3.4521,1.860,-7.0424,3.7550,52.241,3.985,-1.2816,428.820,1.3513,0.0207,0.0283,1.3678,4.0237,3.9705,nan,3.8405,3.7014,0.1466,-0.1965,1.4956,-0.1513,0.0395,-0.3447,53.1424,0.0442,-4.4496,0.1682
98.600,421.220,-4.7510,7.2032,48.092,-4.7409,7.1471,49.816,-0.0350,-0.0450,0.0570,1.724,2.2746,3.4521,1.860,-6.8918,3.9208,47.955,3.821,-1.1769,429.030,1.3403,0.0205,0.0354,1.7309,3.9607,3.9835,nan,3.6831,3.5440,0.1404,-0.2371,1.4722,-0.1311,0.0608,-0.3307,53.3422,0.0325,-4.1973,0.1682
98.650,421.220,-4.7510,7.2032,48.092,-4.7471,7.1621,50.720,-0.0280,-0.0304,0.0413,2.628,2.3259,3.5783,2.765,-6.8918,3.9208,47.955,3.821,-1.1769,429.030,1.3403,0.0205,0.0218,1.0660,3.7835,3.7824,nan,3.3456,3.2145,0.1273,-0.2786,1.4063,-0.1007,0.0897,-0.3451,53.5420,0.0095,-3.3127,0.1682
98.700,421.427,-4.6088,7.3529,44.451,-4.6293,7.3058,47.715,-0.0476,-0.0192,0.0514,3.264,2.3508,3.6417,3.310,-6.7569,4.0610,44.405,3.691,-1.2038,429.232,1.3484,0.0206,0.0203,0.9859,3.6697,3.6817,nan,3.3174,3.2253,0.1277,-0.3025,1.3640,-0.0867,0.0763,-0.3998,53.6419,0.0084,-4.3439,0.1682
98.750,421.625,-4.4629,7.4870,40.280,-4.4921,7.4563,44.650,-0.0421,-0.0046,0.0424,4.370,2.3930,3.7442,4.079,-6.6036,4.1925,40.570,3.528,-1.3324,429.423,1.3413,0.0239,0.0201,0.8425,3.4423,3.4208,nan,3.3174,2.8968,0.1147,-0.3174,1.2795,-0.0661,0.1038,-0.4945,53.8417,0.0656,-6.4029,0.1682
98.800,421.818,-4.3115,7.6061,35.535,-4.3400,7.5869,39.402,-0.0343,0.0009,0.0344,3.867,2.3599,3.6758,3.322,-6.4620,4.2928,36.080,3.271,-1.5111,429.605,1.3531,0.0340,0.0305,0.8975,3.3054,3.3096,nan,3.4771,3.4626,0.1371,-0.3268,1.2286,-0.0423,0.0948,-0.1189,0.0000,0.0393,-3.2576,0.1682
98.850,421.995,-4.1636,7.7034,30.727,-4.1900,7.6954,34.086,-0.0268,0.0066,0.0276,3.360,2.3674,3.6984,3.451,-6.3050,4.3844,30.636,3.159,-1.5343,429.779,1.3447,0.0346,0.0252,0.7288,3.2861,3.3096,nan,3.6386,3.6751,0.1455,-0.3067,1.2907,-0.0440,0.0955,-0.4563,0.1998,0.0445,-3.2576,0.1682
98.900,422.161,-4.0171,7.7830,25.972,-4.0538,7.7794,28.961,-0.0345,0.0129,0.0368,2.989,2.3370,3.6608,3.034,-6.1638,4.4511,25.927,2.977,-1.5577,429.941,1.3516,0.0367,0.0233,0.6353,3.0987,3.0876,nan,3.6962,3.7941,0.1503,-0.2946,1.2171,-0.0360,0.0690,-0.4906,0.2997,0.0593,-6.3004,0.1682
98.950,422.337,-3.8565,7.8533,20.782,-3.9007,7.8483,23.546,-0.0432,0.0110,0.0445,2.764,2.3099,3.6149,2.576,-6.0141,4.5082,20.970,3.258,-1.5589,430.141,1.3642,0.0385,0.0221,0.5728,2.9664,2.9686,nan,3.6806,3.7436,0.1483,-0.2710,1.1651,-0.0301,0.0283,-0.4205,0.3996,0.0822,5.5210,0.1682
99.000,422.526,-3.6774,7.9132,15.807,-3.6654,7.9283,17.538,0.0156,0.0112,0.0192,1.731,2.2637,3.5345,1.776,-5.7902,4.5754,15.763,3.459,-1.4810,430.346,1.3188,0.0360,0.0077,0.2153,3.2700,3.5621,nan,3.8214,3.7329,0.1478,-0.2761,1.2844,-0.0214,0.0637,-0.4727,0.6992,0.0830,4.8862,0.1682
99.050,422.718,-3.4900,7.9587,11.134,-3.4389,7.9775,12.113,0.0538,0.0086,0.0545,0.979,2.2242,3.4539,0.931,-5.5888,4.6151,11.182,3.542,-1.5164,430.545,1.3057,0.0394,0.0190,0.4831,3.5149,3.6592,nan,3.9399,3.9577,0.1567,-0.2649,1.4737,-0.0175,0.0708,-0.3626,0.8990,0.0599,2.0840,0.1682
99.100,422.889,-3.3214,7.9862,6.924,-3.2397,8.0045,6.599,0.0834,0.0083,0.0838,-0.325,2.1610,3.3741,0.068,-5.3951,4.6369,6.531,3.575,-1.5374,430.721,1.2817,0.0394,0.0122,0.3106,3.6135,3.6659,nan,4.0965,4.2180,0.1670,-0.2461,1.5151,-0.0152,0.0528,-0.3872,1.0988,0.0417,0.5747,0.1682
99.150,423.101,-3.1104,8.0033,1.925,-3.0811,8.0101,2.322,0.0295,0.0059,0.0300,0.397,2.1610,3.3741,0.068,-5.2366,4.6423,2.253,3.727,-1.4537,430.946,1.3353,0.0374,0.0179,0.4771,3.3636,3.3311,nan,4.1522,4.0846,0.1618,-0.2179,1.4103,-0.0183,0.0428,-0.3897,1.2986,0.0932,0.1666,0.1682
99.200,423.101,-3.1104,8.0033,1.925,-3.0718,8.0135,1.821,0.0389,0.0089,0.0399,-0.104,2.1295,3.3318,-0.433,-5.2366,4.6423,2.253,3.727,-1.4537,430.946,1.3353,0.0374,0.0189,0.5044,3.6127,4.2397,nan,4.3481,4.3536,0.1724,-0.2138,1.5512,-0.0095,0.0312,-0.3454,1.4984,0.0918,4.0439,0.1682
99.250,423.303,-2.9079,8.0031,-2.497,-2.7953,8.0004,-3.920,0.1126,0.0022,0.1127,-1.423,2.0562,3.2581,-1.263,-4.9548,4.6342,-2.657,3.890,-1.3564,431.162,1.2584,0.0358,0.0172,0.4821,3.8271,3.9445,nan,4.3981,4.4696,0.1770,-0.1955,1.6511,-0.0161,0.0222,-0.3367,1.6982,0.0656,1.0404,0.1703
99.300,423.523,-2.6895,7.9861,-6.754,-2.5905,7.9714,-8.190,0.1000,-0.0030,0.1001,-1.435,2.0572,3.2671,-1.183,-4.7439,4.6073,-7.006,3.943,-1.3222,431.386,1.2674,0.0338,0.0262,0.7762,3.8424,3.8765,nan,4.4941,4.5370,0.1797,-0.1885,1.6948,-0.0154,0.0279,-0.3183,1.8979,0.0818,3.1566,0.1703
99.350,423.748,-2.4670,7.9522,-11.030,-2.3711,7.9281,-12.042,0.0988,-0.0053,0.0989,-1.012,2.0707,3.2553,-1.324,-4.5486,4.5690,-10.718,4.085,-1.2674,431.623,1.2950,0.0352,0.0253,0.7175,4.1363,4.5353,nan,4.6744,4.7668,0.1888,-0.1923,1.8521,-0.0049,0.0485,-0.2912,2.1976,0.0579,3.0627,0.1703
99.400,423.976,-2.2442,7.9015,-15.009,-2.1031,7.8578,-16.173,0.1476,-0.0057,0.1477,-1.165,2.0807,3.2811,-1.079,-4.2693,4.4970,-15.094,4.212,-1.2429,431.863,1.2434,0.0327,0.0184,0.5613,4.2244,4.2835,nan,4.7592,4.8504,0.1921,-0.1909,1.9040,0.0078,0.0434,-0.2795,2.3974,0.0582,2.2846,0.1703
99.450,424.215,-2.0155,7.8325,-19.018,-1.8991,7.7817,-20.304,0.1266,-0.0101,0.1270,-1.286,2.0559,3.2712,-1.272,-4.0541,4.4216,-19.032,4.318,-1.2829,432.112,1.2579,0.0343,0.0298,0.8678,4.2427,4.2835,nan,4.8370,4.9105,0.1945,-0.1838,1.9243,0.0126,0.0420,-0.2684,2.5972,0.0687,2.2846,0.1703
99.500,424.457,-1.7895,7.7465,-23.135,-1.6732,7.6811,-24.340,0.1326,-0.0145,0.1334,-1.205,2.0533,3.2769,-1.235,-3.8206,4.3229,-23.105,4.464,-1.2969,432.368,1.2532,0.0361,0.0351,0.9719,4.3486,4.4190,nan,4.8974,4.9829,0.1973,-0.1689,1.9743,0.0118,0.0249,-0.2586,2.7970,0.0613,3.2271,0.1703
99.550,424.711,-1.5591,7.6393,-27.281,-1.4623,7.5726,-28.540,0.1166,-0.0149,0.1175,-1.259,2.0239,3.2831,-1.378,-3.5883,4.2044,-27.162,4.601,-1.2301,432.636,1.2538,0.0379,0.0444,1.1733,4.5061,4.6097,nan,4.9697,5.0660,0.2006,-0.1592,2.0458,0.0134,0.0355,-0.2518,3.0966,0.0501,3.1025,0.1703
99.600,424.967,-1.3350,7.5152,-31.118,-1.2095,7.4205,-32.752,0.1564,-0.0163,0.1572,-1.635,2.0181,3.2943,-1.381,-3.3262,4.0472,-31.371,4.707,-1.1821,432.903,1.2247,0.0322,0.0380,1.1825,4.7435,4.9490,nan,5.0732,5.1719,0.2048,-0.1531,2.1462,0.0163,0.0239,-0.2618,3.2964,0.0356,2.4453,0.1703
99.650,424.967,-1.3350,7.5152,-31.118,-1.2095,7.4205,-32.752,0.1564,-0.0163,0.1572,-1.635,2.0181,3.2943,-1.381,-3.3262,4.0472,-31.371,4.707,-1.1821,432.903,1.2247,0.0322,0.0380,1.1825,4.6084,4.6201,nan,5.1136,5.1286,0.2031,-0.1468,2.0992,0.0198,0.0235,-0.2608,3.4962,0.0703,2.3144,0.1703
99.700,425.239,-1.1069,7.3681,-34.956,-1.0126,7.2829,-36.411,0.1261,-0.0158,0.1271,-1.455,2.0209,3.3350,-1.058,-3.1058,3.8912,-35.353,4.812,-1.1524,433.186,1.2344,0.0339,0.0451,1.3315,4.5077,4.5277,nan,5.2030,5.1716,0.2048,-0.1454,2.0606,0.0260,0.0293,-0.2410,3.6960,0.0858,2.1521,0.1703
99.750,425.535,-0.8690,7.1905,-38.996,-0.8369,7.1459,-39.606,0.0530,-0.0145,0.0549,-0.610,2.0123,3.3557,-1.025,-2.9166,3.7387,-38.582,4.909,-1.1294,433.494,1.2755,0.0366,0.0466,1.2721,4.6886,5.6329,nan,5.3689,5.4318,0.2151,-0.1427,2.1433,0.0372,0.0345,-0.2111,3.9957,0.0809,0.4987,0.1703
99.800,425.811,-0.6595,7.0113,-42.592,-0.5542,6.8913,-43.425,0.1587,-0.0171,0.1596,-0.832,2.0337,3.3617,-0.860,-2.6406,3.4903,-42.565,4.936,-1.1150,433.775,1.2295,0.0328,0.0318,0.9697,4.9098,5.1022,nan,5.4251,5.5978,0.2217,-0.1413,2.1610,0.0517,0.0361,-0.1681,4.2954,0.0484,0.7074,0.1703
99.850,426.089,-0.4604,6.8180,-46.171,-0.3883,6.7267,-46.793,0.1158,-0.0112,0.1163,-0.623,2.0409,3.4081,-0.511,-2.4587,3.2968,-46.282,4.985,-1.1141,434.060,1.2460,0.0332,0.0310,0.9351,5.0089,5.1022,nan,5.3021,5.6007,0.2218,-0.1297,2.1610,0.0537,0.0118,-0.1220,4.4951,0.0126,0.7074,0.1703
99.900,426.366,-0.2733,6.6125,-49.697,-0.2615,6.5771,-49.499,0.0346,-0.0139,0.0373,0.198,2.0375,3.4843,0.135,-2.2917,3.0982,-49.635,5.113,-1.0625,434.353,1.2633,0.0322,0.0304,0.9459,4.9210,4.9476,nan,5.2430,5.4961,0.2177,-0.1211,2.1610,0.0572,-0.0089,-0.1532,4.6949,0.0181,2.8342,0.1703
99.950,426.652,-0.0941,6.3903,-52.985,-0.1006,6.3561,-53.000,0.0234,-0.0258,0.0348,-0.014,1.9992,3.5109,0.006,-2.0995,2.8454,-53.006,5.251,-1.0082,434.653,1.2598,0.0274,0.0415,1.5150,5.1554,5.3968,nan,5.2394,5.2745,0.2089,-0.1200,2.1610,0.0552,0.0056,-0.2040,4.9946,0.0231,3.3529,0.1703
100.000,426.947,0.0779,6.1504,-56.158,0.0598,6.1193,-56.123,0.0157,-0.0323,0.0359,0.036,1.9854,3.5541,0.216,-1.9160,2.5725,-56.338,5.280,-0.9791,434.954,1.2595,0.0225,0.0426,1.8884,5.3473,5.5352,nan,5.4216,5.4633,0.2164,-0.1102,2.1610,0.0394,-0.0007,-0.2310,5.1944,0.0217,0.8604,0.1703
100.050,427.240,0.2354,5.9030,-59.293,0.1898,5.9107,-58.627,-0.0299,-0.0352,0.0462,0.666,1.9963,3.5850,0.594,-1.7823,2.3443,-59.221,5.215,-0.9074,435.246,1.2758,0.0243,0.0452,1.8608,5.1952,5.2030,nan,5.4795,5.3135,0.2104,-0.1001,2.1610,0.0321,0.0072,-0.2546,5.3942,0.0228,-1.8513,0.1703
100.100,427.533,0.3797,5.6479,-62.146,0.3369,5.6386,-61.630,-0.0118,-0.0421,0.0438,0.516,1.9963,3.5850,0.594,-1.6380,2.0707,-62.223,5.242,-0.8268,435.544,1.2818,0.0187,0.0450,2.4104,5.2630,5.3496,nan,5.6044,5.7894,0.2293,-0.0972,2.2576,0.0387,0.0349,-0.1799,5.6938,0.0299,0.7624,0.1703
100.150,427.533,0.3797,5.6479,-62.146,0.3426,5.6319,-62.018,-0.0032,-0.0403,0.0404,0.128,1.9880,3.5671,0.206,-1.6380,2.0707,-62.223,5.242,-0.8268,435.544,1.2818,0.0187,0.0467,2.5030,5.2617,5.3189,nan,5.7829,6.0384,0.2391,-0.0908,2.2657,0.0415,0.0350,-0.1125,5.9935,0.0452,-1.0437,0.1703
100.200,427.821,0.5089,5.3916,-64.693,0.4739,5.3490,-65.118,0.0236,-0.0498,0.0551,-0.425,1.9776,3.5283,-0.392,-1.5161,1.8104,-64.726,5.213,-0.7989,435.833,1.2900,0.0127,0.0495,3.9075,5.2432,5.2940,nan,5.9148,6.1955,0.2454,-0.0817,2.2657,0.0434,0.0012,-0.0361,6.1933,0.0620,4.0082,0.1703
100.250,428.113,0.6288,5.1252,-67.211,0.5990,5.0802,-68.050,0.0299,-0.0449,0.0540,-0.839,1.9742,3.5155,-0.826,-1.3976,1.5447,-67.224,5.395,-0.7805,436.143,1.2911,0.0096,0.0481,5.0026,5.4297,5.6182,nan,6.0133,6.3121,0.2500,-0.0757,2.2657,0.0461,-0.0275,-0.1005,6.4930,0.0519,4.5556,0.1703
100.300,428.415,0.7410,4.8440,-69.645,0.7191,4.7684,-70.950,0.0633,-0.0468,0.0787,-1.306,1.9673,3.5044,-1.239,-1.2752,1.2367,-69.711,5.596,-0.7384,436.467,1.2905,0.0076,0.0379,4.9835,5.6072,5.7977,nan,6.0931,6.3058,0.2497,-0.0706,2.2657,0.0394,-0.0296,-0.1305,6.7926,0.0462,4.0000,0.1703
100.350,428.734,0.8467,4.5433,-71.959,0.8280,4.4178,-73.045,0.1136,-0.0567,0.1269,-1.085,1.9809,3.4890,-0.959,-1.1683,0.9093,-72.086,5.772,-0.6977,436.804,1.2989,0.0133,0.0446,3.3579,5.6877,5.7977,nan,6.2061,6.3015,0.2496,-0.0610,2.2657,0.0252,-0.0285,-0.1642,7.0923,0.0600,4.0000,0.1703
100.400,429.074,0.9463,4.2186,-74.209,0.9217,4.0869,-75.728,0.1200,-0.0595,0.1339,-1.519,1.9826,3.4733,-1.499,-1.0765,0.5856,-74.229,5.924,-0.5824,437.161,1.3059,0.0093,0.0447,4.8038,5.7584,5.8651,nan,6.3318,6.4582,0.2558,-0.0617,2.3231,0.0256,0.0089,-0.1328,7.4919,0.0628,3.3961,0.1703
100.450,429.396,1.0300,3.9073,-75.955,1.0051,3.7614,-76.890,0.1355,-0.0595,0.1480,-0.935,1.9838,3.5112,-0.886,-0.9824,0.2351,-76.004,6.010,-0.5739,437.495,1.3111,0.0083,0.0416,5.0217,5.9880,6.3084,nan,6.5090,6.7247,0.2663,-0.0592,2.3597,0.0360,0.0129,-0.1075,7.7916,0.0518,1.9652,0.1703
100.500,429.730,1.1066,3.5824,-77.782,1.0713,3.4366,-78.981,0.1350,-0.0653,0.1500,-1.199,1.9844,3.5090,-1.228,-0.9113,-0.0919,-77.753,6.125,-0.5696,437.844,1.3169,0.0088,0.0471,5.3324,6.0797,6.2150,nan,6.6364,6.8889,0.2728,-0.0589,2.3937,0.0461,0.0250,-0.0848,8.0912,0.0542,2.4390,0.1703
100.550,430.078,1.1757,3.2415,-79.603,1.1334,3.0553,-80.918,0.1755,-0.0752,0.1909,-1.315,1.9844,3.5090,-1.228,-0.8411,-0.4718,-79.690,6.287,-0.5757,438.212,1.3317,0.0089,0.0517,5.8390,6.2285,6.4273,nan,6.7565,7.0542,0.2794,-0.0503,2.4241,0.0464,0.0124,-0.0639,8.3909,0.0504,3.5833,0.1703
100.600,430.448,1.2373,2.8769,-81.524,1.1708,2.7393,-82.710,0.1263,-0.0861,0.1529,-1.186,1.9819,3.5166,-1.340,-0.7927,-0.7961,-81.369,6.454,-0.5191,438.603,1.3275,0.0122,0.0656,5.3637,6.2119,6.2850,nan,6.8754,7.1334,0.2825,-0.0408,2.4241,0.0409,0.0015,-0.0625,8.6906,0.0659,3.5194,0.1703
100.650,430.448,1.2373,2.8769,-81.524,1.1682,2.7558,-83.089,0.1096,-0.0862,0.1395,-1.565,1.9845,3.5277,-1.720,-0.7927,-0.7961,-81.369,6.454,-0.5191,438.603,1.3275,0.0122,0.0717,5.8638,6.4711,7.3173,nan,7.0690,7.3399,0.2907,-0.0314,2.4307,0.0397,-0.0065,-0.0608,9.0901,0.0595,3.3021,0.1703
100.700,430.794,1.2846,2.5340,-83.044,1.2262,2.2926,-83.609,0.2325,-0.0872,0.2483,-0.565,1.9635,3.5516,-0.388,-0.7288,-1.2639,-83.221,6.597,-0.4486,438.967,1.3661,0.0189,0.0606,3.2068,6.3624,6.3969,nan,7.1447,7.3677,0.2918,-0.0411,2.4452,0.0531,0.0161,-0.0516,9.3898,0.0798,2.8734,0.1703
100.750,430.794,1.2846,2.5340,-83.044,1.2262,2.2926,-83.609,0.2325,-0.0872,0.2483,-0.565,1.9635,3.5516,-0.388,-0.7288,-1.2639,-83.221,6.597,-0.4486,438.967,1.3661,0.0189,0.0606,3.2068,6.3291,6.3969,nan,7.2553,7.4412,0.2947,-0.0355,2.4558,0.0575,0.0081,-0.0449,9.6895,0.0959,2.8734,0.1703
100.800,431.437,1.3507,1.8941,-85.372,1.2707,1.7698,-85.775,0.1174,-0.0897,0.1478,-0.403,1.9590,3.5842,-0.284,-0.6793,-1.8177,-85.491,6.782,-0.3876,439.639,1.3430,0.0226,0.0803,3.5617,6.5761,7.0627,nan,7.4328,7.6509,0.3030,-0.0324,2.4701,0.0545,0.0106,-0.0360,10.0891,0.0876,2.6927,0.1703
100.850,431.821,1.3787,1.5114,-86.450,1.2949,1.3963,-86.517,0.1097,-0.0908,0.1424,-0.068,1.9487,3.6767,0.108,-0.6581,-2.2791,-86.626,6.910,-0.3564,440.041,1.3834,0.0184,0.0749,4.0794,6.7836,7.1353,nan,7.5351,7.7873,0.3084,-0.0341,2.4771,0.0680,0.0137,-0.0317,10.3888,0.0763,2.4970,0.1703
100.900,432.204,1.3993,1.1285,-87.634,1.3147,0.9947,-88.456,0.1302,-0.0901,0.1583,-0.822,1.9940,3.6748,-0.839,-0.6399,-2.6897,-87.617,7.026,-0.3615,440.442,1.3985,0.0176,0.0842,4.7964,6.8649,7.0292,nan,7.6340,7.8805,0.3121,-0.0285,2.4867,0.0720,0.0071,-0.0258,10.7883,0.0783,3.0985,0.1703
100.950,432.602,1.4126,0.7310,-88.749,1.3373,0.6732,-89.171,0.0561,-0.0765,0.0949,-0.422,1.9927,3.7280,-0.426,-0.6326,-3.0595,-88.744,7.165,-0.3629,440.861,1.3909,0.0095,0.0709,7.4802,7.1207,7.8294,nan,7.7910,8.0730,0.3197,-0.0101,2.4925,0.0548,-0.0209,-0.0223,11.0880,0.0683,2.7551,0.1703
101.000,433.007,1.4180,0.3259,-89.957,1.3344,0.2423,-91.564,0.0835,-0.0837,0.1183,-1.608,2.0633,3.7866,-1.590,-0.6302,-3.5632,-89.974,7.297,-0.3408,441.287,1.4410,0.0105,0.0867,8.2685,7.3452,7.8294,nan,7.9112,8.2243,0.3257,-0.0098,2.4954,0.0692,-0.0239,-0.0193,11.4876,0.0585,2.7551,0.1703
101.050,433.427,1.4152,-0.0937,-90.980,1.3251,-0.0183,-92.348,-0.0738,-0.0913,0.1175,-1.368,2.0527,3.9036,-1.296,-0.6387,-3.9374,-91.052,7.424,-0.1935,441.728,1.4234,0.0145,0.0912,6.2764,7.2352,7.2807,nan,7.9693,8.2223,0.3256,0.0124,2.4974,0.0374,-0.0537,-0.0193,11.7872,0.0751,2.5637,0.1703
101.100,433.886,1.4058,-0.5532,-91.383,1.3169,-0.5310,-92.285,-0.0201,-0.0895,0.0917,-0.902,2.0193,3.9119,-0.629,-0.6537,-4.4504,-91.656,7.623,-0.0090,442.218,1.4548,0.0168,0.0892,5.3226,7.4450,7.8869,nan,8.0000,8.3070,0.3290,0.0105,2.5074,0.0282,-0.0447,-0.0133,12.0869,0.0578,4.1031,0.1703
101.150,434.317,1.3962,-0.9835,-90.984,1.3006,-0.9741,-92.040,-0.0078,-0.0957,0.0960,-1.055,2.0193,3.9119,-0.629,-0.6650,-4.8936,-91.411,7.739,0.1381,442.669,1.4629,0.0168,0.0994,5.9167,7.6374,8.0430,nan,8.0000,8.3556,0.3309,-0.0052,2.5105,0.0444,-0.0163,-0.0114,12.4865,0.0401,2.5473,0.1703
101.200,434.317,1.3962,-0.9835,-90.984,1.3143,-0.9332,-92.027,-0.0488,-0.0827,0.0961,-1.043,2.0320,3.9529,-0.616,-0.6650,-4.8936,-91.411,7.739,0.1381,442.669,1.4629,0.0168,0.0933,5.5580,7.8526,8.3694,nan,8.0000,8.1088,0.3211,-0.0196,2.5137,0.0640,0.0079,-0.0095,12.8860,0.0307,2.1593,0.1703
101.251,434.753,1.3898,-1.4198,-90.573,1.3187,-1.3282,-91.065,-0.0909,-0.0720,0.1159,-0.491,2.0370,4.0507,-0.530,-0.6685,-5.3853,-90.535,7.837,0.0174,443.124,1.4897,0.0199,0.0797,4.0123,7.8859,8.0520,nan,8.0000,8.1076,0.3211,-0.0218,2.5152,0.0772,0.0086,-0.0079,13.1857,0.0281,1.7327,0.1703
101.300,435.218,1.3846,-1.8848,-90.769,1.3124,-1.7274,-90.396,-0.1564,-0.0743,0.1732,0.373,1.9739,4.1468,0.114,-0.6732,-5.8729,-90.511,7.910,-0.1621,443.606,1.5016,0.0240,0.0726,3.0180,7.7065,7.7129,nan,8.0000,8.0581,0.3191,-0.0192,2.5152,0.0796,0.0032,-0.0055,13.5853,0.0456,-0.8040,0.1717
101.350,435.707,1.3753,-2.3737,-91.625,1.3088,-2.1700,-91.168,-0.2018,-0.0722,0.2143,0.457,1.9716,4.1711,0.192,-0.6840,-6.3388,-91.360,7.870,-0.2640,444.101,1.4903,0.0200,0.0756,3.7701,7.6368,7.7129,nan,8.0000,8.0389,0.3184,-0.0173,2.5361,0.0807,-0.0000,-0.0038,13.8850,0.0527,-0.8040,0.1717
101.400,436.186,1.3588,-2.8528,-92.553,1.3148,-2.5370,-91.789,-0.3136,-0.0580,0.3189,0.764,1.9407,4.2346,0.661,-0.7039,-6.7639,-92.450,7.845,-0.2395,444.587,1.4647,0.0161,0.0644,3.9951,7.6333,7.7564,nan,8.0000,8.0380,0.3183,-0.0066,2.5250,0.0732,-0.0212,-0.0026,14.1846,0.0530,-0.4990,0.1717
101.450,436.601,1.3387,-3.2671,-93.170,1.2846,-3.0444,-93.822,-0.2194,-0.0663,0.2292,-0.652,2.0841,4.2843,-0.491,-0.7367,-7.3352,-93.331,7.808,-0.1401,445.005,1.5615,0.0173,0.0915,5.2963,7.8748,8.9644,nan,8.0000,8.1046,0.3210,-0.0091,2.4838,0.0870,-0.0226,-0.0082,14.6841,0.0292,-0.8261,0.1717
101.500,437.038,1.3136,-3.7029,-93.470,1.2611,-3.3551,-94.095,-0.3440,-0.0734,0.3517,-0.626,2.0841,4.2843,-0.491,-0.7574,-7.6461,-93.604,7.785,-0.0946,445.447,1.4885,0.0174,0.1082,6.2059,7.5605,7.4271,nan,8.0000,8.0180,0.3175,0.0048,2.4489,0.0621,-0.0409,-0.0080,14.8839,0.0605,-0.5460,0.1717
101.550,437.038,1.3136,-3.7029,-93.470,1.2871,-3.3535,-93.404,-0.3472,-0.0476,0.3504,0.066,2.0178,4.2953,0.201,-0.7574,-7.6461,-93.604,7.785,-0.0946,445.447,1.4885,0.0174,0.0753,4.3167,7.7542,8.1770,nan,7.6492,7.8046,0.3091,-0.0087,2.4182,0.0807,-0.0274,-0.0018,15.3833,0.0065,0.1853,0.1717
101.600,437.474,1.2862,-4.1384,-93.787,1.2784,-3.8190,-92.631,-0.3182,-0.0289,0.3195,1.155,1.9048,4.3479,1.148,-0.7900,-8.1527,-93.780,7.792,-0.0040,445.891,1.5315,0.0172,0.0399,2.3116,7.7242,7.8299,nan,7.3683,7.5829,0.3003,-0.0279,2.3719,0.1013,-0.0076,-0.0029,15.6830,-0.0183,-0.4237,0.1717
101.650,437.910,1.2578,-4.5733,-93.617,1.2603,-4.2804,-93.458,-0.2925,-0.0159,0.2929,0.160,2.0289,4.3063,0.342,-0.8198,-8.5819,-93.800,7.767,-0.0224,446.332,1.5295,0.0178,0.0375,2.1133,7.5930,7.6302,nan,6.9815,6.6244,0.2624,-0.0295,2.3266,0.0974,-0.0193,0.0013,16.0826,0.0094,-1.8725,0.1717
101.700,438.358,1.2286,-5.0200,-93.955,1.2319,-4.7164,-94.032,-0.3031,-0.0176,0.3036,-0.078,2.1325,4.3011,-0.339,-0.8472,-9.0226,-93.694,7.675,-0.1676,446.776,1.5247,0.0180,0.0405,2.2552,7.4393,7.4634,nan,6.6895,6.3682,0.2522,-0.0357,2.2752,0.0886,-0.0277,0.0003,16.4821,-0.0064,-2.6517,0.1717
101.750,438.776,1.1972,-5.4372,-94.957,1.2176,-5.1034,-93.962,-0.3343,-0.0085,0.3344,0.995,2.0111,4.3235,0.520,-0.8789,-9.4193,-94.481,7.535,-0.3346,447.184,1.5137,0.0164,0.0268,1.6409,7.3843,7.4634,nan,6.3203,6.0753,0.2406,-0.0294,2.2438,0.0555,-0.0514,-0.0218,16.7818,-0.0439,-2.6517,0.1717
101.800,439.213,1.1561,-5.8724,-96.130,1.1682,-5.5706,-95.633,-0.3013,-0.0202,0.3020,0.497,2.0231,4.2738,0.406,-0.9245,-9.8381,-96.038,7.059,-0.3206,447.576,1.5086,0.0199,0.0356,1.7880,7.3690,7.4746,nan,6.0508,5.8671,0.2324,-0.0397,2.2347,0.0490,-0.0587,-0.0403,17.1814,-0.0744,-8.5477,0.1717
101.850,439.588,1.1137,-6.2449,-97.125,1.1309,-5.9803,-96.326,-0.2647,-0.0157,0.2652,0.799,1.9495,4.2389,0.863,-0.9725,-10.2057,-97.189,6.597,-0.3701,447.908,1.5106,0.0222,0.0237,1.0660,7.0649,6.9514,nan,5.7216,5.5494,0.2198,-0.0475,2.1704,0.0191,-0.0611,-0.0676,17.4811,-0.0804,-9.7919,0.1717
101.900,439.958,1.0646,-6.6120,-98.444,1.0976,-6.2321,-97.581,-0.3806,-0.0231,0.3814,0.863,1.9728,4.2418,0.744,-1.0112,-10.4617,-98.325,6.200,-0.4200,448.245,1.4455,0.0134,0.0368,2.7498,6.6284,5.7809,nan,5.5602,5.3589,0.2122,-0.0605,2.1174,0.0166,-0.0517,-0.0759,17.7807,-0.0500,-8.5738,0.1717
101.950,440.277,1.0150,-6.9271,-99.794,1.0461,-6.5564,-98.971,-0.3706,-0.0325,0.3720,0.823,1.9728,4.2418,0.744,-1.0670,-10.7853,-99.715,5.859,-0.4960,448.537,1.4550,0.0132,0.0417,3.1518,6.2453,6.0097,nan,5.4078,5.2075,0.2062,-0.0659,2.0767,-0.0052,-0.0533,-0.0992,18.0804,-0.0244,-7.7563,0.1717
102.000,440.277,1.0150,-6.9271,-99.794,1.0433,-6.5875,-98.958,-0.3395,-0.0299,0.3408,0.836,1.9678,4.2109,0.757,-1.0670,-10.7853,-99.715,5.859,-0.4960,448.537,1.4550,0.0132,0.0380,2.8761,5.8345,5.5080,nan,5.1824,4.9921,0.1977,-0.0765,2.0515,-0.0235,-0.0595,-0.1263,18.2802,-0.0038,-6.9579,0.1717
102.050,440.613,0.9539,-7.2574,-101.599,0.9913,-6.8829,-99.971,-0.3744,-0.0387,0.3764,1.628,1.8278,4.2198,1.496,-1.1262,-11.0771,-101.467,5.541,-0.5638,448.849,1.4353,0.0129,0.0371,2.8682,5.4819,5.3226,nan,5.1093,4.8788,0.1932,-0.0924,2.0038,-0.0347,-0.0379,-0.1438,18.5799,0.0381,-5.3522,0.1717
102.100,440.933,0.8855,-7.5696,-103.487,0.9165,-7.2661,-101.621,-0.3024,-0.0407,0.3051,1.865,1.7267,4.1517,1.961,-1.2005,-11.3834,-103.582,5.304,-0.6069,449.152,1.4378,0.0163,0.0307,1.8857,5.1204,4.9543,nan,4.9623,4.7175,0.1868,-0.1064,1.9743,-0.0440,-0.0374,-0.1662,18.7797,0.0717,-5.0872,0.1717
102.150,441.224,0.8136,-7.8514,-105.494,0.8483,-7.5904,-103.582,-0.2608,-0.0363,0.2633,1.911,1.7286,4.0835,1.925,-1.2720,-11.6378,-105.507,5.092,-0.6900,449.429,1.4251,0.0065,0.0297,4.5904,4.9528,4.9543,nan,4.7189,4.5138,0.1788,-0.1420,1.9743,-0.0404,-0.0057,-0.1870,19.0793,0.0559,-5.0872,0.1717
102.200,441.533,0.7254,-8.1481,-108.049,0.7811,-7.8834,-105.573,-0.2689,-0.0290,0.2705,2.476,1.6613,4.0565,2.257,-1.3497,-11.8960,-107.829,4.895,-0.7818,449.727,1.3991,0.0132,0.0194,1.4740,4.7626,4.7558,nan,4.4972,4.3212,0.1711,-0.1738,1.9672,-0.0268,0.0139,-0.2112,19.3790,0.0472,-4.2381,0.1717
102.250,441.800,0.6372,-8.3994,-111.308,0.6855,-8.1947,-108.299,-0.2082,-0.0294,0.2103,3.008,1.6677,4.0254,2.213,-1.4535,-12.1731,-110.513,4.631,-1.0939,449.977,1.4242,0.0229,0.0129,0.5624,4.9303,5.0664,nan,4.3006,4.1895,0.1659,-0.1777,1.7616,-0.0117,0.0346,-0.2110,19.6787,-0.0142,-6.0729,0.1717
102.300,442.047,0.5409,-8.6276,-115.118,0.5930,-8.4069,-112.665,-0.2220,-0.0465,0.2268,2.453,1.6677,4.0254,2.213,-1.5541,-12.3815,-114.879,4.396,-1.2129,450.212,1.4197,0.0039,0.0204,5.2607,4.6293,4.5559,nan,4.2381,4.1088,0.1627,-0.2014,1.7054,-0.0188,-0.0038,-0.2454,19.8785,0.0204,-5.7684,0.1717
102.350,442.292,0.4305,-8.8463,-119.047,0.4978,-8.5947,-116.789,-0.2526,-0.0633,0.2605,2.257,1.6999,4.0111,2.055,-1.6534,-12.5545,-118.845,4.212,-1.2721,450.448,1.3909,0.0098,0.0223,2.2835,4.2789,4.1571,nan,4.1131,3.9584,0.1568,-0.1916,1.5763,-0.0315,-0.0243,-0.2773,20.0783,0.0535,-4.6415,0.1717
102.400,442.292,0.4305,-8.8463,-119.047,0.4931,-8.6115,-116.639,-0.2356,-0.0593,0.2430,2.408,1.6621,3.9973,2.206,-1.6534,-12.5545,-118.845,4.212,-1.2721,450.448,1.3909,0.0098,0.0190,1.9534,4.3395,4.3936,nan,3.9287,3.8643,0.1530,-0.2002,1.3279,-0.0381,-0.0017,-0.3182,20.3779,-0.0023,-3.5956,0.1717
102.450,442.520,0.3138,-9.0421,-123.128,0.3628,-8.8342,-120.433,-0.2009,-0.0726,0.2136,2.695,1.5250,4.0194,2.845,-1.7987,-12.7801,-123.278,4.082,-1.2291,450.672,1.4290,0.0161,0.0172,1.0711,3.9881,3.8735,nan,3.9287,3.7819,0.1498,-0.2151,1.4692,-0.0473,-0.0163,-0.3299,20.4778,0.0620,-3.4660,0.1717
102.500,442.745,0.1856,-9.2264,-126.996,0.2624,-9.0057,-123.905,-0.2225,-0.0714,0.2337,3.092,1.4535,4.0090,3.196,-1.9148,-12.9280,-127.100,3.949,-1.2135,450.890,1.4035,0.0255,0.0136,0.5343,3.8681,3.8809,nan,3.8211,3.6757,0.1456,-0.2010,1.1109,-0.0552,-0.0066,-0.3511,20.6776,0.0624,-3.1980,0.1717
102.550,442.966,0.0469,-9.3992,-130.964,0.1121,-9.1981,-128.137,-0.1946,-0.0826,0.2114,2.828,1.5614,3.9699,2.633,-2.0526,-13.0875,-130.770,3.831,-1.2548,451.107,1.3976,0.0035,0.0245,7.0493,3.9612,4.0159,nan,3.7189,3.6316,0.1438,-0.2414,0.8782,-0.0331,0.0093,-0.3767,20.8774,0.0223,-2.7596,0.1717
102.600,443.167,-0.0889,-9.5466,-134.796,-0.0543,-9.4038,-132.455,-0.1257,-0.0761,0.1470,2.340,1.5544,3.9399,2.632,-2.2198,-13.2557,-135.087,3.740,-1.1815,451.304,1.4346,0.0062,0.0119,1.9161,3.9800,4.0159,nan,3.5021,3.5217,0.1395,-0.2716,0.8782,-0.0345,0.0521,-0.4266,21.1771,-0.0313,-2.7596,0.1717
102.650,443.373,-0.2387,-9.6889,-138.516,-0.1735,-9.5234,-135.939,-0.1585,-0.0808,0.1779,2.577,1.5505,3.9293,2.639,-2.3414,-13.3591,-138.578,3.640,-1.2106,451.507,1.3938,0.0142,0.0129,0.9101,3.6055,3.4460,nan,3.4084,3.3453,0.1325,-0.3186,0.8782,-0.0205,0.0453,-0.4359,21.2770,0.0178,-2.4643,0.1717
102.700,443.579,-0.3979,-9.8196,-143.353,-0.3319,-9.6675,-139.668,-0.1437,-0.0826,0.1658,3.684,1.5400,3.9291,2.673,-2.5041,-13.4945,-142.342,3.482,-1.5084,451.707,1.3987,0.0253,0.0105,0.4159,3.6174,3.6489,nan,3.2033,3.1521,0.1248,-0.3278,0.8782,0.0020,0.0707,-0.4336,21.4767,-0.0105,-4.0217,0.1717
102.750,443.755,-0.5431,-9.9195,-148.276,-0.4955,-9.8014,-144.921,-0.1026,-0.0754,0.1274,3.355,1.4615,3.9175,2.953,-2.6612,-13.5998,-147.874,3.320,-1.6708,451.879,1.4118,0.0270,0.0102,0.3777,3.6075,3.6352,nan,3.0742,3.0032,0.1189,-0.3295,0.8782,0.0053,0.0493,-0.4278,21.6765,-0.0187,-4.5622,0.1717
102.800,443.936,-0.7003,-10.0076,-153.582,-0.6645,-9.9073,-151.232,-0.0767,-0.0739,0.1065,2.350,1.5784,3.8682,2.365,-2.8096,-13.6712,-153.597,3.138,-1.6150,452.053,1.3976,0.0087,0.0137,1.5641,3.3325,3.2845,nan,3.0612,2.8997,0.1148,-0.3847,0.8782,0.0104,0.0422,-0.4428,21.8763,0.0375,-4.8375,0.1717
102.850,444.106,-0.8563,-10.0772,-158.658,-0.8170,-9.9726,-156.324,-0.0747,-0.0831,0.1118,2.334,1.5784,3.8682,2.365,-2.9646,-13.7301,-158.690,2.978,-1.6095,452.219,1.3928,0.0117,0.0174,1.4811,3.1490,3.1398,nan,3.0737,2.9021,0.1149,-0.4268,0.8782,0.0178,0.0013,-0.5019,21.9762,0.0632,-4.5985,0.1717
102.900,444.106,-0.8563,-10.0772,-158.658,-0.8387,-9.9979,-156.423,-0.0453,-0.0674,0.0812,2.235,1.5806,3.8387,2.267,-2.9646,-13.7301,-158.690,2.978,-1.6095,452.219,1.3928,0.0117,0.0164,1.4013,3.0147,3.0169,nan,3.1715,3.1581,0.1251,-0.4671,0.8782,0.0312,0.0369,-0.6686,22.1760,0.0359,-3.9668,0.1717
102.950,444.266,-1.0074,-10.1287,-164.131,-0.9827,-10.0504,-161.548,-0.0452,-0.0685,0.0821,2.583,1.6042,3.8334,2.203,-3.1187,-13.7741,-163.751,2.852,-1.7866,452.377,1.3930,0.0189,0.0169,0.8936,2.8598,2.8558,nan,3.1715,3.1197,0.1236,-0.4185,0.8782,0.0268,0.0011,-0.6936,22.2759,0.0650,-2.2301,0.1717
103.000,444.424,-1.1612,-10.1643,-170.187,-1.1434,-10.0942,-167.849,-0.0295,-0.0661,0.0723,2.338,1.6349,3.8124,2.028,-3.2687,-13.7995,-169.877,2.811,-1.9540,452.538,1.3858,0.0272,0.0173,0.6342,2.8478,2.8689,nan,3.1988,3.2328,0.1280,-0.3777,1.0804,0.0297,0.0226,-0.6101,22.4757,0.0422,1.2876,0.1717
103.050,444.581,-1.3170,-10.1829,-176.720,-1.3068,-10.1143,-174.463,-0.0141,-0.0679,0.0694,2.258,1.5741,3.8227,2.302,-3.4384,-13.8100,-176.765,2.897,-1.9395,452.706,1.3961,0.0369,0.0206,0.5583,2.8584,2.8831,nan,3.3094,3.3413,0.1323,-0.3496,1.0895,0.0305,-0.0126,-0.6159,22.5756,0.0549,1.4178,0.1717
103.100,444.742,-1.4780,-10.1841,177.241,-1.4680,-10.1187,179.679,-0.0069,-0.0658,0.0662,2.438,1.5751,3.8139,2.265,-3.5914,-13.8014,177.413,2.958,-1.7900,452.874,1.3853,0.0180,0.0275,1.5292,2.9765,3.0281,nan,3.3861,3.4116,0.1351,-0.3230,1.1683,0.0255,0.0155,-0.5594,22.7753,0.0524,1.4178,0.1717
103.150,444.916,-1.6515,-10.1672,171.356,-1.6461,-10.1117,173.319,0.0030,-0.0557,0.0558,1.963,1.6808,3.7899,1.903,-3.7868,-13.7834,171.416,3.053,-1.6851,453.057,1.4056,0.0258,0.0257,0.9980,3.1198,3.1834,nan,3.4902,3.5484,0.1405,-0.3368,1.2315,0.0401,0.0413,-0.5476,22.9751,0.0391,2.2276,0.1717
103.200,445.090,-1.8219,-10.1335,165.924,-1.8203,-10.0702,167.608,0.0139,-0.0617,0.0633,1.684,1.7108,3.7860,1.824,-3.9703,-13.7368,165.784,3.152,-1.6804,453.240,1.4140,0.0333,0.0235,0.7053,3.1887,3.2284,nan,3.5433,3.5820,0.1419,-0.3123,1.2646,0.0321,0.0093,-0.5382,23.0750,0.0431,2.0709,0.1717
103.250,445.261,-1.9860,-10.0851,160.782,-1.9728,-10.0217,162.205,0.0084,-0.0642,0.0648,1.422,1.8192,3.7558,1.400,-4.1275,-13.6807,160.805,3.292,-1.6294,453.423,1.4050,0.0370,0.0127,0.3426,3.1637,3.1854,nan,3.6391,3.6609,0.1450,-0.2852,1.2762,0.0193,-0.0217,-0.5040,23.1749,0.0625,3.2045,0.1717
103.300,445.441,-2.1538,-10.0188,155.767,-2.1575,-9.9484,157.106,0.0322,-0.0627,0.0705,1.339,1.8226,3.7520,1.388,-4.3107,-13.6000,155.718,3.387,-1.5333,453.612,1.4153,0.0212,0.0182,0.8608,3.3471,3.4338,nan,3.7245,3.8101,0.1509,-0.2694,1.3817,0.0133,-0.0134,-0.4577,23.3747,0.0338,2.3000,0.1717
103.350,445.634,-2.3260,-9.9330,150.881,-2.3286,-9.8579,152.389,0.0388,-0.0643,0.0751,1.508,1.8100,3.7564,1.450,-4.4818,-13.5052,150.939,3.480,-1.4785,453.813,1.4115,0.0221,0.0191,0.8652,3.4438,3.4937,nan,3.7562,3.8430,0.1522,-0.2663,1.4216,0.0108,0.0045,-0.4419,23.5745,0.0258,2.1828,0.1727
103.400,445.634,-2.3260,-9.9330,150.881,-2.3286,-9.8579,152.389,0.0388,-0.0643,0.0751,1.508,1.8100,3.7564,1.450,-4.4818,-13.5052,150.939,3.480,-1.4785,453.813,1.4115,0.0221,0.0191,0.8652,3.5864,3.6549,nan,3.8402,3.9308,0.1557,-0.2609,1.4891,0.0068,0.0195,-0.4278,23.7742,0.0181,2.7736,0.1727
103.450,445.829,-2.4925,-9.8319,146.198,-2.5119,-9.7374,147.387,0.0687,-0.0677,0.0965,1.189,1.8533,3.7483,1.258,-4.6603,-13.3866,146.129,3.591,-1.4899,454.017,1.4180,0.0270,0.0188,0.6959,3.6192,3.6547,nan,3.9628,3.9710,0.1573,-0.2499,1.5027,-0.0005,0.0296,-0.4494,23.9740,0.0531,1.3757,0.1727
103.500,446.032,-2.6568,-9.7125,141.389,-2.6674,-9.6142,142.242,0.0696,-0.0702,0.0988,0.854,1.9669,3.7114,0.800,-4.8199,-13.2596,141.443,3.661,-1.4946,454.228,1.4114,0.0311,0.0109,0.3508,3.7350,3.7946,nan,4.0855,4.1389,0.1639,-0.2324,1.5671,-0.0081,0.0349,-0.4380,24.1738,0.0412,1.7304,0.1727
103.550,446.239,-2.8137,-9.5770,136.559,-2.8287,-9.4651,137.267,0.0878,-0.0709,0.1129,0.708,1.9825,3.7053,0.750,-4.9831,-13.1064,136.518,3.741,-1.4644,454.444,1.4127,0.0335,0.0119,0.3558,3.7690,3.8062,nan,4.1854,4.3141,0.1709,-0.2179,1.6560,-0.0115,0.0405,-0.3511,24.3736,0.0316,1.0747,0.1727
103.600,446.446,-2.9589,-9.4291,131.947,-2.9715,-9.3070,132.391,0.0993,-0.0722,0.1228,0.444,2.0575,3.6804,0.411,-5.1221,-12.9509,131.979,3.801,-1.3980,454.657,1.4047,0.0201,0.0086,0.4269,3.8638,3.9176,nan,4.2863,4.4259,0.1753,-0.2098,1.7005,-0.0043,0.0393,-0.3436,24.5734,0.0314,2.7002,0.1727
103.650,446.663,-3.0977,-9.2632,127.491,-3.1259,-9.1188,127.848,0.1317,-0.0655,0.1471,0.356,2.0085,3.6989,0.589,-5.2659,-12.7643,127.259,3.919,-1.3516,454.884,1.4043,0.0215,0.0135,0.6296,3.8826,3.9176,nan,4.3874,4.4688,0.1770,-0.1988,1.7159,-0.0076,0.0325,-0.3403,24.7732,0.0541,2.7002,0.1727
103.700,446.890,-3.2300,-9.0778,123.090,-3.2443,-8.9394,123.898,0.1238,-0.0636,0.1392,0.808,1.9971,3.7070,0.632,-5.3807,-12.5878,123.266,4.064,-1.2818,455.125,1.3896,0.0218,0.0143,0.6580,3.8618,3.8899,nan,4.4861,4.5448,0.1800,-0.1993,1.7291,0.0002,0.0403,-0.3166,24.9729,0.0741,3.2801,0.1727
103.750,447.118,-3.3482,-8.8832,119.059,-3.3785,-8.7147,119.876,0.1620,-0.0554,0.1712,0.817,1.9153,3.7238,1.051,-5.5211,-12.3392,118.825,4.200,-1.2978,455.364,1.3987,0.0205,0.0215,1.0497,4.1476,4.4178,nan,4.6653,4.7677,0.1888,-0.2039,1.8848,0.0096,0.0680,-0.2900,25.2726,0.0530,3.3169,0.1727
103.800,447.356,-3.4570,-8.6712,114.831,-3.4683,-8.5523,116.227,0.1126,-0.0397,0.1194,1.397,1.9022,3.7153,1.136,-5.6125,-12.1588,115.092,4.304,-1.3480,455.613,1.3888,0.0186,0.0232,1.2487,4.0974,4.1234,nan,4.7037,4.7817,0.1894,-0.1978,1.8688,0.0211,0.0424,-0.2834,25.3725,0.0683,2.2460,0.1727
103.851,447.593,-3.5493,-8.4534,110.546,-3.5708,-8.3082,112.056,0.1435,-0.0308,0.1468,1.509,1.8581,3.7225,1.363,-5.7136,-11.8982,110.693,4.446,-1.3762,455.864,1.3879,0.0161,0.0299,1.8628,4.3787,4.6678,nan,4.8093,4.9291,0.1952,-0.1874,2.0114,0.0293,0.0527,-0.2709,25.6722,0.0409,3.1117,0.1727
103.901,447.593,-3.5493,-8.4534,110.546,-3.5708,-8.3082,112.056,0.1435,-0.0308,0.1468,1.509,1.8581,3.7225,1.363,-5.7136,-11.8982,110.693,4.446,-1.3762,456.120,1.3879,0.0161,0.0299,1.8628,4.5624,4.6881,nan,4.8767,5.0121,0.1985,-0.1743,2.0972,0.0320,0.0381,-0.2697,25.8720,0.0261,1.7774,0.1727
103.950,447.840,-3.6282,-8.2194,106.199,-3.6504,-8.0756,108.119,0.1443,-0.0188,0.1455,1.921,1.7455,3.7597,1.903,-5.7861,-11.6496,106.216,4.532,-1.3391,456.120,1.3786,0.0140,0.0366,2.6090,4.6230,4.6856,nan,4.9422,5.0605,0.2004,-0.1695,2.1302,0.0393,0.0349,-0.2654,26.0718,0.0299,2.5461,0.1727
104.000,448.088,-3.6898,-7.9793,102.098,-3.6936,-7.8619,104.512,0.1156,-0.0209,0.1174,2.413,1.6969,3.7712,2.210,-5.8351,-11.4166,102.302,4.647,-1.2612,456.380,1.3677,0.0120,0.0382,3.1875,4.8753,5.1256,nan,5.0762,5.2282,0.2071,-0.1614,2.1922,0.0370,0.0538,-0.2542,26.3714,0.0137,2.0442,0.1727
104.050,448.322,-3.7327,-7.7486,98.482,-3.7417,-7.5908,100.547,0.1574,-0.0143,0.1580,2.065,1.6568,3.7643,2.459,-5.8808,-11.1130,98.088,4.732,-1.2553,456.625,1.3575,0.0109,0.0432,3.9492,4.5296,4.4068,nan,5.0762,5.1302,0.2032,-0.1470,2.1049,0.0297,0.0275,-0.2505,26.4713,0.0668,1.5809,0.1727
104.100,448.590,-3.7640,-7.4833,94.453,-3.7567,-7.4118,97.005,0.0707,-0.0128,0.0718,2.552,1.6758,3.7409,2.396,-5.8940,-10.9158,94.609,4.811,-1.2236,456.902,1.3518,0.0098,0.0351,3.5741,4.8083,5.1541,nan,5.2470,5.3373,0.2114,-0.1317,2.2116,0.0288,0.0367,-0.2389,26.7710,0.0492,2.6537,0.1727
104.150,448.858,-3.7770,-7.2156,90.622,-3.7749,-7.0842,92.256,0.1314,-0.0035,0.1315,1.634,1.7885,3.6779,1.812,-5.9010,-10.5808,90.444,4.921,-1.1594,457.182,1.3339,0.0126,0.0393,3.1300,4.8467,4.9076,nan,5.3551,5.4558,0.2161,-0.1221,2.2408,0.0409,0.0471,-0.2163,27.0707,0.0556,0.4568,0.1727
104.200,449.134,-3.7723,-6.9395,87.007,-3.7619,-6.8346,88.839,0.1053,-0.0049,0.1055,1.832,1.7881,3.6768,1.847,-5.8859,-10.3270,86.992,4.951,-1.0497,457.463,1.3272,0.0069,0.0329,4.7842,4.8561,4.9076,nan,5.5308,5.6284,0.2229,-0.1023,2.2740,0.0314,0.0238,-0.1913,27.2705,0.0748,0.4568,0.1727
104.250,449.414,-3.7507,-6.6599,83.745,-3.7333,-6.5406,85.153,0.1205,-0.0043,0.1206,1.408,1.8579,3.6362,1.487,-5.8534,-10.0283,83.666,5.062,-0.8742,457.756,1.3133,0.0046,0.0304,6.6250,5.0209,5.1590,nan,5.6340,5.8335,0.2310,-0.0949,2.3548,0.0286,0.0287,-0.1323,27.5702,0.0575,2.3819,0.1727
104.300,449.698,-3.7142,-6.3783,81.168,-3.6893,-6.2542,82.533,0.1265,-0.0056,0.1266,1.365,1.8434,3.6331,1.593,-5.8054,-9.7297,80.940,5.250,-0.7918,458.059,1.2993,0.0036,0.0343,9.5693,5.1572,5.2806,nan,5.7704,6.0149,0.2382,-0.0896,2.3548,0.0220,0.0242,-0.1176,27.8698,0.0553,4.4383,0.1727
104.350,449.998,-3.6625,-6.0831,78.656,-3.6343,-5.9558,80.431,0.1304,-0.0026,0.1304,1.774,1.8202,3.6473,1.757,-5.7463,-9.4314,78.674,5.438,-0.7725,458.377,1.2916,0.0051,0.0437,8.6285,5.2836,5.4062,nan,5.9359,6.1446,0.2433,-0.0897,2.3548,0.0197,0.0186,-0.1248,28.0696,0.0628,4.2400,0.1727
104.400,450.302,-3.5972,-5.7859,76.217,-3.5377,-5.5896,76.754,0.2048,-0.0110,0.2051,0.537,2.0320,3.5615,0.595,-5.6644,-9.0928,76.159,5.610,-0.7825,458.699,1.2697,0.0022,0.0173,7.7223,5.5178,5.7961,nan,6.0561,6.2627,0.2480,-0.0851,2.3548,0.0199,0.0225,-0.1336,28.3693,0.0512,3.9532,0.1727
104.450,450.302,-3.5972,-5.7859,76.217,-3.5377,-5.5896,76.754,0.2048,-0.0110,0.2051,0.537,2.0320,3.5615,0.595,-5.6644,-9.0928,76.159,5.610,-0.7825,459.028,1.2697,0.0022,0.0173,7.7223,5.6079,5.7207,nan,6.1720,6.3599,0.2519,-0.0631,2.3644,-0.0047,0.0160,-0.1270,28.7688,0.0558,3.3280,0.1727
104.500,450.615,-3.5171,-5.4834,73.732,-3.4487,-5.2873,74.293,0.2074,-0.0108,0.2077,0.561,2.0380,3.5592,0.581,-5.5761,-8.7904,73.712,5.760,-0.7658,459.028,1.2615,0.0009,0.0166,17.8814,5.7447,5.9009,nan,6.2722,6.4766,0.2565,-0.0527,2.3655,-0.0107,0.0152,-0.1190,29.0685,0.0514,3.0100,0.1727
104.550,450.942,-3.4200,-5.1716,71.301,-3.3356,-4.9547,71.733,0.2325,-0.0104,0.2327,0.432,2.0636,3.5565,0.459,-5.4673,-8.4677,71.274,5.894,-0.6457,459.371,1.2486,0.0019,0.0200,10.5571,5.9160,6.1209,nan,6.4414,6.6487,0.2633,-0.0446,2.3655,-0.0151,0.0194,-0.1157,29.3682,0.0518,2.7808,0.1727
104.600,451.275,-3.3085,-4.8570,69.433,-3.1987,-4.6191,69.302,0.2613,-0.0192,0.2620,-0.131,2.1446,3.5275,0.011,-5.3448,-8.1456,69.292,6.016,-0.5264,459.719,1.2369,0.0026,0.0174,6.7262,6.1291,6.4240,nan,6.6356,6.8158,0.2699,-0.0330,2.3799,-0.0215,0.0382,-0.1164,29.7677,0.0525,2.7082,0.1727
104.650,451.616,-3.1851,-4.5397,67.849,-3.0561,-4.2544,68.484,0.3129,-0.0119,0.3131,0.635,2.0395,3.6066,0.770,-5.2008,-7.7918,67.715,6.138,-0.4497,460.074,1.2130,0.0042,0.0096,2.2747,6.1493,6.2399,nan,6.7731,7.0703,0.2800,-0.0244,2.4683,-0.0085,0.0390,-0.0402,30.0674,0.0596,2.8902,0.1727
104.700,451.970,-3.0482,-4.2134,66.460,-2.9241,-3.9372,67.429,0.3028,-0.0035,0.3028,0.969,2.0104,3.6362,1.005,-5.0666,-7.4857,66.424,6.272,-0.3508,460.445,1.2174,0.0006,0.0113,17.3867,6.1563,6.2399,nan,6.9038,7.1967,0.2850,-0.0249,2.4644,0.0138,0.0394,-0.0116,30.3671,0.0731,2.8902,0.1727
104.750,452.312,-2.9089,-3.9003,65.460,-2.7788,-3.5848,67.124,0.3411,0.0127,0.3413,1.664,1.8940,3.6841,1.795,-4.8982,-7.1189,65.329,6.416,-0.2820,460.805,1.1846,0.0006,0.0174,26.7953,6.3755,6.7124,nan,7.0000,7.3193,0.2899,-0.0215,2.4616,0.0332,0.0387,-0.0181,30.7667,0.0602,3.1806,0.1727
104.800,452.678,-2.7548,-3.5683,64.646,-2.6561,-3.2861,67.564,0.2973,0.0316,0.2989,2.918,1.7436,3.7690,2.984,-4.7610,-6.8165,64.580,6.636,-0.2361,461.197,1.2032,0.0020,0.0294,14.4289,6.3464,6.4165,nan,7.0000,7.2949,0.2889,-0.0263,2.4616,0.0657,0.0503,-0.0212,31.0664,0.0636,4.8072,0.1727
104.850,453.049,-2.5945,-3.2346,63.930,-2.4692,-2.8574,67.619,0.3939,0.0532,0.3974,3.689,1.6683,3.8401,3.733,-4.5647,-6.4139,63.886,6.809,-0.2509,461.590,1.1641,0.0049,0.0262,5.3727,6.6064,7.2100,nan,7.0000,7.0457,0.2790,-0.0357,2.4001,0.1030,0.0709,-0.0117,31.4659,0.0542,3.9630,0.1727
104.900,453.426,-2.4266,-2.8966,63.068,-2.3195,-2.5142,67.437,0.3894,0.0777,0.3971,4.369,1.6127,3.8850,4.286,-4.3995,-6.0875,63.151,6.897,-0.3350,461.981,1.1670,0.0018,0.0487,27.0204,6.7557,6.9927,nan,7.0000,7.0386,0.2788,-0.0300,2.3640,0.1286,0.0690,0.0237,31.7656,0.0419,2.2344,0.1727
104.950,453.811,-2.2492,-2.5547,61.844,-2.1520,-2.1310,66.277,0.4194,0.1143,0.4347,4.434,1.6127,3.8850,4.286,-4.2039,-5.7178,61.992,6.864,-0.3437,462.368,1.1484,0.0025,0.0430,17.1964,6.9348,7.2362,nan,7.0000,7.0871,0.2807,-0.0182,2.3296,0.1481,0.0452,0.0387,32.1652,0.0220,-0.7599,0.1727
105.000,453.811,-2.2492,-2.5547,61.844,-2.1336,-2.1104,67.101,0.4463,0.1078,0.4591,5.257,1.5443,3.9590,5.109,-4.2039,-5.7178,61.992,6.864,-0.3437,462.368,1.1484,0.0025,0.0467,18.6886,6.8555,6.9113,nan,7.0000,7.0656,0.2798,0.0018,2.3003,0.1511,0.0200,0.0588,32.5647,0.0307,-0.4438,0.1727
105.050,454.188,-2.0690,-2.2236,60.857,-1.9768,-1.7733,65.673,0.4382,0.1388,0.4597,4.816,1.5613,3.9440,4.954,-4.0187,-5.3903,60.718,6.846,-0.2422,462.748,1.1434,0.0050,0.0356,7.1270,6.6685,6.6628,nan,6.7467,6.8226,0.2702,0.0235,2.2900,0.1468,-0.0078,0.0611,32.8644,0.0231,0.1639,0.1727
105.100,454.579,-1.8772,-1.8834,60.247,-1.8330,-1.4854,65.329,0.3674,0.1591,0.4004,5.083,1.5322,3.9332,5.227,-3.8449,-5.0895,60.103,6.853,-0.0626,463.144,1.1624,0.0099,0.0377,3.8282,6.8903,7.3010,nan,6.4885,6.6863,0.2648,0.0418,2.2891,0.1354,-0.0237,0.0542,33.2640,-0.0296,-0.1031,0.1727
105.150,454.955,-1.6902,-1.5563,60.301,-1.6381,-1.1017,65.120,0.4207,0.1800,0.4576,4.819,1.5516,3.9008,5.078,-3.6200,-4.7006,60.043,6.840,0.1318,463.525,1.1236,0.0069,0.0519,7.4751,6.7205,6.7260,nan,6.1685,5.8533,0.2318,0.0677,2.2747,0.1257,-0.0304,0.0483,33.5636,0.0184,-2.0622,0.1727
105.200,455.336,-1.5033,-1.2252,61.074,-1.4628,-0.7529,64.296,0.4329,0.1930,0.4740,3.222,1.7100,3.8593,3.577,-3.4544,-4.4053,60.719,6.744,0.3483,463.901,1.1450,0.0016,0.0282,17.2088,6.6630,6.7260,nan,5.9377,5.6453,0.2236,0.0867,2.1922,0.1050,-0.0403,0.0927,33.8633,-0.0025,-2.0622,0.1727
105.250,455.697,-1.3313,-0.9076,62.430,-1.3059,-0.3987,65.359,0.4629,0.2130,0.5095,2.929,1.7425,3.8574,3.211,-3.2820,-4.0786,62.148,6.615,0.5029,464.254,1.1445,0.0011,0.0200,18.0009,6.6871,6.7979,nan,5.6331,5.5005,0.2178,0.0968,2.1448,0.0618,-0.0740,0.1272,34.2629,-0.0539,-2.3729,0.1727
105.300,456.054,-1.1708,-0.5887,64.928,-1.1536,-0.0359,66.865,0.5080,0.2186,0.5530,1.937,1.7851,3.8727,2.817,-3.1272,-3.7595,64.048,6.156,0.8949,464.569,1.1501,0.0036,0.0131,3.6414,6.5407,6.5584,nan,5.3948,5.4157,0.2145,0.1012,2.0395,0.0460,-0.0823,0.1457,34.5626,-0.0546,-8.8522,0.1727
105.350,456.388,-1.0354,-0.2837,67.852,-1.0570,0.2644,70.639,0.4995,0.2267,0.5485,2.787,1.7997,3.9164,2.787,-3.0309,-3.5088,67.852,5.792,0.9042,464.874,1.1911,0.0046,0.0283,6.1279,6.1083,5.6242,nan,5.2213,5.1130,0.2025,0.1159,2.0244,0.0518,-0.0549,0.1616,34.8622,-0.0417,-8.0897,0.1727
105.400,456.699,-0.9237,0.0067,70.679,-0.9517,0.5006,71.774,0.4568,0.1898,0.4947,1.095,1.9256,3.8064,1.124,-2.9416,-3.2487,70.651,5.536,0.9375,465.168,1.2155,0.0157,0.0402,2.5601,5.6955,5.3659,nan,5.0360,4.8918,0.1937,0.1333,1.9689,0.0477,-0.0604,0.1774,35.1619,-0.0116,-5.9725,0.1734
105.450,457.000,-0.8301,0.2934,73.813,-0.8699,0.7984,74.812,0.4739,0.1790,0.5066,0.998,1.9256,3.8064,1.124,-2.8539,-2.9526,73.688,5.252,1.0319,465.450,1.2207,0.0140,0.0387,2.7574,5.4709,5.4424,nan,4.8381,4.6808,0.1854,0.1444,1.9274,-0.0054,-0.0763,0.1793,35.3617,-0.0051,-6.5763,0.1734
105.500,457.000,-0.8301,0.2934,73.813,-0.8576,0.7961,74.413,0.4751,0.1665,0.5035,0.600,1.9588,3.7846,0.725,-2.8539,-2.9526,73.688,5.252,1.0319,465.450,1.2207,0.0140,0.0284,2.0231,5.1514,5.0487,nan,4.6588,4.4556,0.1765,0.1628,1.8638,-0.0239,-0.0619,0.1795,35.5615,0.0239,-6.0063,0.1734
105.550,457.282,-0.7580,0.5657,77.174,-0.7946,1.0556,77.770,0.4696,0.1445,0.4913,0.596,1.9753,3.7719,0.547,-2.7957,-2.6897,77.223,5.004,1.0911,465.716,1.2352,0.0170,0.0326,1.9240,4.7865,4.6236,nan,4.4790,4.2245,0.1673,0.1884,1.8199,-0.0340,-0.0455,0.1803,35.7613,0.0657,-5.9541,0.1734
105.600,457.565,-0.7026,0.8428,80.822,-0.7416,1.2289,79.534,0.3749,0.1001,0.3881,-1.287,2.0644,3.6403,-1.068,-2.7606,-2.4633,80.603,4.752,1.1413,465.983,1.2604,0.0193,0.0244,1.2641,4.8222,4.8815,nan,4.2752,4.0665,0.1610,0.1857,1.7892,-0.0676,-0.0468,0.1711,35.9610,0.0231,-5.7588,0.1734
105.650,457.814,-0.6692,1.0905,84.462,-0.6895,1.4519,82.096,0.3577,0.0551,0.3619,-2.366,2.1328,3.5035,-2.468,-2.7313,-2.1713,84.564,4.521,1.2074,466.220,1.2601,0.0242,0.0223,0.9197,4.5562,4.5114,nan,4.1769,3.9807,0.1577,0.2078,1.7245,-0.0777,-0.0287,0.2236,36.1608,0.0407,-5.7588,0.1734
105.700,458.065,-0.6527,1.3402,88.642,-0.6604,1.6124,85.260,0.2719,0.0142,0.2723,-3.382,2.1638,3.4470,-3.064,-2.7221,-1.9829,88.323,4.278,1.2391,466.457,1.2738,0.0238,0.0167,0.7043,4.2314,4.1448,nan,4.0876,3.8455,0.1523,0.2406,1.6015,-0.0992,-0.0135,0.2494,36.2607,0.0809,-5.7773,0.1734
105.750,458.295,-0.6539,1.5701,92.469,-0.6463,1.8417,88.084,0.2710,-0.0193,0.2717,-4.386,2.2129,3.3721,-4.401,-2.7333,-1.7452,92.485,4.088,1.2460,466.678,1.2828,0.0292,0.0238,0.8142,4.2321,4.2689,nan,3.9258,3.7054,0.1467,0.2406,1.4093,-0.1056,-0.0039,0.2428,36.4605,0.0544,-4.7479,0.1734
105.800,458.517,-0.6710,1.7916,97.100,-0.6549,2.0610,91.971,0.2654,-0.0493,0.2699,-5.129,2.2140,3.3718,-4.465,-2.7582,-1.5302,96.436,3.869,1.4529,466.891,1.2913,0.0493,0.0273,0.5535,4.0737,4.0784,nan,3.7452,3.5256,0.1396,0.2594,1.3566,-0.1170,-0.0141,0.2563,36.6603,0.0503,-5.4126,0.1734
105.850,458.725,-0.7038,1.9969,101.598,-0.6759,2.2112,97.619,0.2043,-0.0705,0.2161,-3.979,2.2045,3.3461,-4.056,-2.7929,-1.3358,101.675,3.699,1.4555,467.092,1.2946,0.0159,0.0237,1.4924,3.8562,3.8427,nan,3.6419,3.4269,0.1357,0.2694,1.2842,-0.1048,0.0521,0.2928,36.7602,0.0627,-4.4316,0.1734
105.900,458.919,-0.7497,2.1862,106.114,-0.7201,2.3691,102.619,0.1675,-0.0792,0.1853,-3.495,2.1945,3.3362,-3.601,-2.8481,-1.1483,106.220,3.532,1.4675,467.281,1.3041,0.0311,0.0196,0.6302,3.6843,3.6837,nan,3.5353,3.3585,0.1330,0.2293,1.2269,-0.0743,0.0643,0.3741,36.9600,0.0593,-4.8569,0.1734
105.951,458.919,-0.7497,2.1862,106.114,-0.7201,2.3691,102.619,0.1675,-0.0792,0.1853,-3.495,2.1945,3.3362,-3.601,-2.8481,-1.1483,106.220,3.532,1.4675,467.377,1.3041,0.0311,0.0196,0.6302,3.4312,3.3980,nan,3.5353,3.5381,0.1401,0.1854,1.1426,-0.0541,0.1070,0.3850,37.0599,0.0267,-3.8272,0.1734
106.000,459.117,-0.8115,2.3735,110.828,-0.7689,2.5469,107.305,0.1469,-0.1014,0.1785,-3.523,2.1848,3.3429,-3.586,-2.8981,-0.9793,110.891,3.405,1.2419,467.474,1.2950,0.0397,0.0199,0.5011,3.3829,3.4031,nan,3.3813,3.1477,0.1247,0.1830,1.1266,-0.0208,0.1227,0.3766,37.1598,0.0917,-2.2129,0.1734
106.050,459.311,-0.8867,2.5532,114.743,-0.8411,2.7225,111.780,0.1347,-0.1123,0.1754,-2.964,2.1785,3.3644,-3.090,-2.9806,-0.8037,114.870,3.340,0.9838,467.668,1.3028,0.0485,0.0151,0.3108,3.3979,3.4280,nan,3.3025,3.0617,0.1213,0.2038,1.1316,0.0046,0.0946,0.3990,37.3595,0.0819,1.6950,0.1734
106.100,459.494,-0.9671,2.7168,117.736,-0.9152,2.8659,114.676,0.1078,-0.1154,0.1579,-3.059,2.1850,3.3338,-3.151,-3.0698,-0.6376,117.827,3.365,0.9515,467.852,1.3111,0.0532,0.0178,0.3353,3.3527,3.3731,nan,3.1482,3.0277,0.1199,0.1930,1.0217,0.0282,0.0558,0.4329,37.5593,0.0343,-4.7546,0.1734
106.150,459.670,-1.0529,2.8710,120.625,-1.0153,3.0278,118.128,0.1158,-0.1123,0.1613,-2.497,2.1712,3.3491,-2.745,-3.1674,-0.4735,120.873,3.191,0.9795,468.021,1.3214,0.0278,0.0276,0.9902,3.1750,3.1690,nan,3.0005,2.8724,0.1138,0.2348,0.9676,0.0382,0.0590,0.4523,37.6592,0.0392,-4.7546,0.1734
106.200,459.842,-1.1440,3.0163,123.745,-1.0904,3.1212,121.900,0.0575,-0.1028,0.1178,-1.845,2.1610,3.3754,-1.815,-3.2418,-0.3570,123.715,3.064,0.9450,468.187,1.3093,0.0340,0.0178,0.5245,2.9759,2.9585,nan,2.9249,2.7694,0.1097,0.1951,0.9069,0.0624,0.0665,0.4741,37.7591,0.0609,-3.9251,0.1734
106.250,460.011,-1.2416,3.1550,126.653,-1.2008,3.2630,125.496,0.0623,-0.0973,0.1155,-1.156,2.1486,3.4051,-1.308,-3.3453,-0.2184,126.804,2.982,0.8986,468.353,1.3151,0.0398,0.0040,0.1012,2.9851,3.0106,nan,2.8437,2.7287,0.1081,0.1625,0.8791,0.0989,0.0279,0.5349,37.9589,0.0380,-1.6837,0.1734
106.300,460.170,-1.3393,3.2801,129.387,-1.3082,3.3965,128.268,0.0702,-0.0979,0.1205,-1.119,2.1379,3.4243,-1.167,-3.4448,-0.0980,129.435,2.815,0.7276,468.505,1.3177,0.0454,0.0069,0.1508,2.9379,2.9547,nan,2.6388,2.5674,0.1017,0.2312,0.8652,0.1172,0.0215,0.5702,38.0588,0.0059,-4.8923,0.1734
106.350,460.322,-1.4380,3.3956,131.585,-1.4043,3.4989,130.748,0.0548,-0.0938,0.1086,-0.837,2.1366,3.4340,-0.905,-3.5414,0.0090,131.653,2.712,0.7624,468.652,1.3171,0.0518,0.0077,0.1482,2.8032,2.8034,nan,2.6388,2.5321,0.1003,0.3113,0.8256,0.1189,-0.0682,0.6200,38.2586,0.0318,-2.4834,0.1734
106.400,460.470,-1.5386,3.5035,134.590,-1.5086,3.6106,133.188,0.0552,-0.0966,0.1112,-1.402,2.1366,3.4340,-0.905,-3.6475,0.1191,134.093,2.574,1.0265,468.796,1.3221,0.0310,0.0083,0.2659,2.7249,2.7353,nan,2.5136,2.4253,0.0960,0.3772,0.8025,0.1193,-0.0872,0.6563,38.3585,0.0202,-4.0673,0.1734
106.450,460.608,-1.6390,3.5992,138.413,-1.6038,3.6835,137.188,0.0297,-0.0864,0.0914,-1.226,2.1313,3.4499,-0.548,-3.7372,0.1979,137.736,2.481,1.2783,468.932,1.3146,0.0350,0.0022,0.0639,2.5178,2.4940,nan,2.5029,2.3146,0.0917,0.3788,0.8000,0.1289,-0.0671,0.5031,38.4584,0.0725,-2.9108,0.1734
106.500,460.608,-1.6390,3.5992,138.413,-1.6038,3.6835,137.188,0.0297,-0.0864,0.0914,-1.226,2.1313,3.4499,-0.548,-3.7372,0.1979,137.736,2.481,1.2783,468.932,1.3146,0.0350,0.0022,0.0639,2.5324,2.5550,nan,2.5235,2.4310,0.0963,0.4737,0.8000,0.1281,-0.0880,0.7333,38.6581,0.0433,-3.4517,0.1734
106.550,460.744,-1.7437,3.6853,142.961,-1.7178,3.7900,141.016,0.0424,-0.0992,0.1079,-1.945,2.1259,3.4060,-1.457,-3.8522,0.2862,142.473,2.373,1.4104,469.066,1.3243,0.0440,0.0114,0.2589,2.4170,2.4180,nan,2.3796,2.3883,0.0946,0.5693,0.8000,0.1108,-0.1014,0.9496,38.7580,0.0045,-3.0283,0.1734
106.600,460.871,-1.8484,3.7583,147.322,-1.8360,3.8919,145.968,0.0617,-0.1192,0.1342,-1.355,2.1129,3.4397,-1.444,-3.9591,0.3526,147.411,2.292,1.4294,469.192,1.3276,0.0526,0.0151,0.2882,2.2977,2.2969,nan,2.3796,2.3874,0.0946,0.6985,0.8000,0.0782,-0.1215,0.9114,38.8579,0.0170,-0.0652,0.1734
106.650,461.000,-1.9595,3.8229,152.696,-1.9576,3.9689,151.394,0.0653,-0.1306,0.1460,-1.302,2.1056,3.5222,-0.520,-4.0671,0.4098,151.913,2.297,1.7663,469.324,1.3260,0.0243,0.0208,0.8544,2.3372,2.3625,nan,2.2261,2.1419,0.0848,0.7516,0.8000,0.0588,-0.2116,0.8798,39.0577,0.0282,-1.2261,0.1734
106.700,461.127,-2.0755,3.8754,159.016,-2.0985,4.0494,157.961,0.0838,-0.1543,0.1756,-1.055,2.0923,3.5582,-0.423,-4.1944,0.4603,158.384,2.258,2.0804,469.456,1.3375,0.0309,0.0282,0.9115,2.3430,2.3625,nan,2.1744,2.0719,0.0821,0.7483,0.8000,0.0347,-0.1761,0.8827,39.1576,0.0276,-1.2261,0.1734
106.750,461.250,-2.1927,3.9128,165.956,-2.2312,4.1046,164.718,0.0839,-0.1767,0.1956,-1.238,2.0828,3.5298,-1.085,-4.3242,0.4930,165.803,2.203,2.2567,469.584,1.3507,0.0380,0.0417,1.0965,2.3326,2.3497,nan,2.1652,2.0961,0.0830,0.7542,0.8000,-0.0011,-0.1351,1.0072,39.2575,0.0170,-1.3062,0.1734
106.800,461.367,-2.3077,3.9343,173.028,-2.3449,4.1265,171.830,0.0603,-0.1862,0.1958,-1.199,2.0846,3.5300,-1.171,-4.4408,0.5058,173.001,2.011,2.2382,469.699,1.3541,0.0439,0.0359,0.8188,2.2424,2.2467,nan,2.1652,2.1235,0.0841,0.8093,0.8000,-0.0319,-0.1294,1.1761,39.3574,0.0172,-5.7094,0.1734
106.850,461.475,-2.4155,3.9407,-179.639,-2.4550,4.1414,-181.413,0.0383,-0.2010,0.2046,-1.774,2.0811,3.5163,-1.522,-4.5512,0.5044,-179.891,1.930,2.3885,469.812,1.3581,0.0529,0.0384,0.7266,2.1181,2.1147,nan,2.2201,2.2125,0.0876,0.8558,0.8000,-0.0466,-0.1374,1.2162,39.4573,0.0236,-2.7410,0.1734
106.900,461.587,-2.5272,3.9320,-171.225,-2.5761,4.1271,-172.842,0.0186,-0.2003,0.2011,-1.617,2.0811,3.5163,-1.522,-4.6718,0.4869,-171.320,1.884,2.5605,469.934,1.3687,0.0236,0.0599,2.5358,2.0453,2.0510,nan,2.3039,2.2581,0.0894,0.8172,0.8000,-0.0679,-0.1354,1.2690,39.5572,0.0532,-1.8635,0.1734
106.950,461.587,-2.5272,3.9320,-171.225,-2.5817,4.1231,-172.390,0.0247,-0.1972,0.1987,-1.165,2.0802,3.5491,-1.070,-4.6718,0.4869,-171.320,1.884,2.5605,469.934,1.3687,0.0236,0.0555,2.3462,2.0179,2.0301,nan,2.3690,2.3374,0.0926,0.7646,0.8000,-0.0790,-0.1134,1.2091,39.6570,0.0583,-1.0459,0.1734
107.001,461.691,-2.6283,3.9089,-162.836,-2.6880,4.0912,-163.745,0.0033,-0.1918,0.1918,-0.909,2.0860,3.5707,-0.706,-4.7801,0.4616,-163.039,1.904,2.5920,470.053,1.3762,0.0258,0.0471,1.8274,2.0969,2.1286,nan,2.4233,2.4791,0.0982,0.7173,0.8000,-0.0844,-0.0860,1.0600,39.7569,0.0286,0.2365,0.1734
107.050,461.808,-2.7373,3.8657,-153.780,-2.7967,4.0353,-155.226,-0.0217,-0.1784,0.1797,-1.446,2.0963,3.5125,-1.283,-4.9035,0.4132,-153.943,1.951,2.4866,470.187,1.3914,0.0438,0.0454,1.0371,2.2077,2.2493,nan,2.5131,2.5891,0.1025,0.6448,0.8000,-0.0822,-0.0665,1.0322,39.8568,0.0208,1.7233,0.1734
107.100,461.922,-2.8353,3.8086,-145.609,-2.9127,3.9625,-146.092,-0.0230,-0.1707,0.1723,-0.483,2.1028,3.6001,-0.161,-5.0166,0.3483,-145.931,2.032,2.4262,470.318,1.4077,0.0148,0.0680,4.5969,2.2810,2.3131,nan,2.6092,2.6562,0.1052,0.6427,0.8000,-0.0945,-0.0518,0.9975,39.9567,0.0324,1.7233,0.1734
107.150,462.037,-2.9257,3.7377,-137.950,-3.0160,3.8703,-137.647,-0.0217,-0.1589,0.1604,0.304,2.1107,3.6257,0.203,-5.1258,0.2627,-137.849,2.151,2.2819,470.451,1.4294,0.0202,0.0610,3.0202,2.3431,2.3732,nan,2.8573,2.9360,0.1163,0.5902,0.8566,-0.0960,-0.0788,0.7321,40.1565,0.0468,2.6039,0.1734
107.200,462.156,-3.0096,3.6524,-130.816,-3.0951,3.7597,-130.723,-0.0253,-0.1348,0.1372,0.092,2.1158,3.6080,0.131,-5.2106,0.1636,-130.855,2.289,2.2277,470.588,1.4333,0.0200,0.0625,3.1310,2.3590,2.3803,nan,2.8762,2.9706,0.1176,0.4954,0.8675,-0.0842,-0.0382,0.6523,40.2564,0.0433,2.8587,0.1734
107.250,462.288,-3.0898,3.5476,-123.597,-3.1755,3.6299,-123.091,-0.0211,-0.1170,0.1189,0.506,2.1271,3.6339,0.520,-5.3024,0.0441,-123.610,2.500,2.1275,470.743,1.4481,0.0254,0.0553,2.1772,2.4831,2.5320,nan,2.9369,3.0521,0.1209,0.4305,0.9132,-0.0798,0.0055,0.6094,40.3562,0.0306,4.7403,0.1734
107.300,462.434,-3.1635,3.4223,-117.067,-3.2413,3.4743,-115.775,-0.0109,-0.0929,0.0936,1.292,2.1339,3.6808,1.111,-5.3782,-0.1023,-116.886,2.676,1.8861,470.904,1.4552,0.0130,0.0572,4.4016,2.6728,2.7531,nan,3.1081,3.1084,0.1231,0.3545,0.9829,-0.0602,-0.0195,0.7189,40.5561,0.0612,4.6615,0.1734
107.350,462.588,-3.2267,3.2818,-111.123,-3.3030,3.3080,-109.821,0.0031,-0.0806,0.0806,1.302,2.1339,3.6808,1.111,-5.4431,-0.2674,-110.931,2.821,1.6302,471.071,1.4632,0.0162,0.0626,3.8686,2.8571,2.9370,nan,3.1981,3.2263,0.1278,0.2745,1.0944,-0.0457,0.0059,0.6306,40.6560,0.0426,3.8275,0.1734
107.400,462.588,-3.2267,3.2818,-111.123,-3.2924,3.3078,-109.323,-0.0005,-0.0706,0.0706,1.799,2.1410,3.7278,1.608,-5.4431,-0.2674,-110.931,2.821,1.6302,471.071,1.4632,0.0162,0.0526,3.2476,2.8993,2.9302,nan,3.3866,3.4999,0.1386,0.2119,1.2093,-0.0319,-0.0238,0.4572,40.8558,0.0379,3.3930,0.1739
107.450,462.746,-3.2775,3.1316,-106.128,-3.3202,3.1487,-104.251,-0.0045,-0.0458,0.0460,1.877,2.1522,3.7322,1.655,-5.4871,-0.4252,-105.906,2.938,1.3774,471.237,1.4588,0.0216,0.0402,1.8603,2.9553,2.9897,nan,3.5828,3.6793,0.1457,0.1559,1.2704,-0.0189,-0.0090,0.4047,40.9556,0.0608,3.9106,0.1739
107.500,462.915,-3.3187,2.9680,-102.022,-3.3415,2.9870,-100.197,-0.0139,-0.0263,0.0297,1.825,2.1615,3.7281,1.565,-5.5212,-0.5905,-101.762,3.079,1.1142,471.414,1.4524,0.0261,0.0339,1.3000,3.1256,3.2020,nan,3.7716,3.8973,0.1543,0.1253,1.3693,-0.0151,-0.0356,0.2895,41.1554,0.0580,5.3641,0.1739
107.550,463.100,-3.3519,2.7855,-98.534,-3.3559,2.7917,-96.609,-0.0055,-0.0049,0.0074,1.924,2.1688,3.7432,1.722,-5.5508,-0.7851,-98.332,3.294,0.8896,471.611,1.4524,0.0154,0.0165,1.0688,3.3364,3.4422,nan,3.8622,4.0507,0.1604,0.0897,1.4092,-0.0220,-0.0376,0.1809,41.3552,0.0298,4.9306,0.1739
107.600,463.284,-3.3752,2.6036,-96.033,-3.3632,2.5634,-94.003,0.0387,0.0162,0.0420,2.030,2.1803,3.7120,1.538,-5.5723,-0.9994,-95.540,3.485,0.6981,471.806,1.4601,0.0172,0.0125,0.7289,3.4015,3.4422,nan,4.0361,4.2051,0.1665,0.0419,1.3716,-0.0161,-0.0306,0.1469,41.5550,0.0497,4.9306,0.1739
107.650,463.492,-3.3930,2.3960,-93.811,-3.3700,2.3892,-92.056,0.0053,0.0234,0.0240,1.755,2.1796,3.7331,1.740,-5.5878,-1.1748,-93.796,3.694,0.4180,472.027,1.4485,0.0208,0.0097,0.4683,3.2911,3.3006,nan,4.2071,4.3055,0.1705,0.0249,1.2871,-0.0189,-0.0331,0.1339,41.6549,0.1030,4.7014,0.1739
107.700,463.718,-3.4061,2.1702,-92.957,-3.3763,2.1158,-91.686,0.0528,0.0326,0.0620,1.270,2.2032,3.6269,0.759,-5.5990,-1.4371,-92.445,3.942,0.1738,472.268,1.4575,0.0263,0.0093,0.3540,3.5935,3.9602,nan,3.8644,4.1315,0.1636,-0.0293,1.3034,-0.0281,-0.0579,0.0766,41.9546,-0.0155,5.3503,0.1739
107.750,463.940,-3.4164,1.9490,-92.490,-3.3836,1.8651,-90.934,0.0824,0.0365,0.0901,1.556,2.1811,3.6934,1.478,-5.6100,-1.6841,-92.412,4.080,0.0276,472.498,1.4663,0.0164,0.0094,0.5761,3.8914,4.2398,nan,3.6509,3.6938,0.1463,-0.0212,1.2181,-0.0602,-0.0910,-0.0350,42.1543,-0.0219,3.9244,0.1739
107.800,464.139,-3.4255,1.7496,-92.955,-3.3889,1.6332,-91.377,0.1144,0.0425,0.1220,1.579,2.1946,3.6379,1.030,-5.6186,-1.9040,-92.407,4.067,-0.1847,472.696,1.4726,0.0163,0.0122,0.7472,4.0928,4.2055,nan,3.2596,3.1652,0.1254,-0.0978,1.1649,-0.0741,-0.0506,-0.1910,42.4540,-0.0462,-0.3748,0.1739
107.850,464.356,-3.4372,1.5335,-93.391,-3.3965,1.4494,-92.665,0.0816,0.0456,0.0934,0.727,2.2022,3.6061,0.836,-5.6295,-2.0748,-93.500,3.811,-0.1924,472.897,1.4573,0.0176,0.0132,0.7473,3.8163,3.7750,nan,3.2596,3.1179,0.1235,-0.1089,1.0862,-0.0931,-0.0644,-0.2389,42.5539,-0.0001,-0.1836,0.1739
107.900,464.356,-3.4372,1.5335,-93.391,-3.3965,1.4494,-92.665,0.0816,0.0456,0.0934,0.727,2.2022,3.6061,0.836,-5.6295,-2.0748,-93.500,3.811,-0.1924,472.897,1.4573,0.0176,0.0132,0.7473,3.8563,3.8954,nan,2.9486,2.9801,0.1180,-0.2104,1.0976,-0.0995,0.0155,-0.3691,42.8536,-0.0745,-8.4987,0.1739
107.950,464.560,-3.4514,1.3296,-95.019,-3.4101,1.2469,-93.374,0.0787,0.0484,0.0924,1.645,2.2084,3.6132,0.647,-5.6448,-2.3027,-94.021,3.402,-0.5705,473.078,1.4659,0.0205,0.0172,0.8405,3.4617,3.1730,nan,2.8485,2.7741,0.1099,-0.1518,0.9853,-0.1168,-0.0458,-0.3691,42.8536,-0.0273,-5.7974,0.1739
108.000,464.741,-3.4695,1.1500,-96.790,-3.4256,1.1232,-95.987,0.0215,0.0467,0.0514,0.803,2.2038,3.6333,0.800,-5.6639,-2.4313,-96.787,3.185,-0.6080,473.247,1.4511,0.0212,0.0112,0.5280,3.1847,3.1336,nan,2.8485,2.7132,0.1075,-0.2011,0.9064,-0.1199,0.0056,-0.4306,43.0534,0.0221,-4.7746,0.1739
108.050,464.913,-3.4937,0.9791,-99.762,-3.4479,0.9335,-98.030,0.0371,0.0528,0.0646,1.732,2.2083,3.6122,0.741,-5.6904,-2.6053,-98.771,2.995,-0.7385,473.412,1.4542,0.0347,0.0221,0.6376,2.9379,2.9016,nan,2.6971,2.5316,0.1003,-0.1609,0.8362,-0.1292,-0.0079,-0.4384,43.1533,0.0410,-4.6720,0.1739
108.100,465.073,-3.5235,0.8226,-101.942,-3.4808,0.7887,-101.280,0.0243,0.0488,0.0546,0.662,2.2033,3.6220,0.839,-5.7249,-2.7498,-102.119,2.817,-0.7752,473.563,1.4553,0.0120,0.0155,1.2969,2.8107,2.8127,nan,2.6971,2.5218,0.0999,-0.3073,0.8000,-0.1210,0.0499,-0.5300,43.3531,0.0586,-4.6720,0.1739
108.150,465.229,-3.5593,0.6701,-104.682,-3.5161,0.6606,-103.863,-0.0018,0.0442,0.0442,0.819,2.2103,3.6281,0.708,-5.7626,-2.8966,-104.571,2.683,-0.6775,473.714,1.4555,0.0133,0.0118,0.8930,2.7206,2.7290,nan,2.5124,2.3968,0.0949,-0.3948,0.8000,-0.1171,0.0699,-0.5929,43.4529,0.0292,-3.6659,0.1739
108.200,465.375,-3.5988,0.5297,-106.808,-3.5598,0.5393,-105.882,-0.0205,0.0345,0.0401,0.926,2.1936,3.6485,0.898,-5.8014,-3.0187,-106.779,2.532,-0.7571,473.854,1.4498,0.0166,0.0089,0.5347,2.5673,2.5610,nan,2.4121,2.3158,0.0917,-0.4693,0.8000,-0.1191,0.1019,-0.7048,43.5528,0.0284,-3.8997,0.1739
108.250,465.504,-3.6394,0.4068,-110.601,-3.6072,0.4089,-108.386,-0.0133,0.0294,0.0323,2.215,2.1964,3.6466,0.807,-5.8486,-3.1555,-109.193,2.373,-1.5106,473.980,1.4599,0.0284,0.0127,0.4480,2.5766,2.5987,nan,2.3493,2.2436,0.0889,-0.6287,0.8000,-0.1089,0.1999,-0.5895,43.7527,0.0231,-4.1292,0.1739
108.300,465.634,-3.6900,0.2881,-115.988,-3.6578,0.3029,-114.818,-0.0274,0.0224,0.0354,1.170,2.1969,3.6442,0.800,-5.9008,-3.2593,-115.618,2.254,-1.7379,474.108,1.4574,0.0074,0.0179,2.4103,2.3348,2.2927,nan,2.3189,2.1227,0.0841,-0.5869,0.8000,-0.1205,0.1242,-0.5799,43.8525,0.0738,-3.7286,0.1739
108.350,465.754,-3.7481,0.1826,-122.131,-3.7182,0.2037,-120.599,-0.0338,0.0141,0.0366,1.531,2.1969,3.6442,0.800,-5.9625,-3.3577,-121.399,2.140,-2.0201,474.229,1.4590,0.0080,0.0150,1.8600,2.2163,2.2149,nan,2.3189,2.3119,0.0916,-0.6199,0.8000,-0.1211,0.0954,-0.8814,43.9524,0.0239,-3.2403,0.1739
108.400,465.754,-3.7481,0.1826,-122.131,-3.7191,0.1937,-120.770,-0.0249,0.0187,0.0311,1.361,2.2062,3.6167,0.629,-5.9625,-3.3577,-121.399,2.140,-2.0201,474.229,1.4590,0.0080,0.0121,1.5036,2.2249,2.2439,nan,2.1700,2.1216,0.0840,-0.6670,0.8000,-0.1053,0.0618,-1.0389,44.0523,0.0219,-3.4195,0.1739
108.450,465.872,-3.8166,0.0859,-128.522,-3.7908,0.0745,-128.021,-0.0071,0.0273,0.0283,0.501,2.2053,3.5967,0.562,-6.0304,-3.4632,-128.583,2.052,-1.9940,474.349,1.4607,0.0166,0.0035,0.2084,2.1424,2.1472,nan,2.0993,2.0360,0.0806,-0.7431,0.8000,-0.0926,0.0654,-1.0359,44.1522,0.0279,0.3365,0.1739
108.500,465.985,-3.8912,0.0018,-134.933,-3.8641,-0.0170,-133.806,-0.0058,0.0324,0.0329,1.127,2.1849,3.6207,0.872,-6.1037,-3.5452,-134.678,2.108,-2.0932,474.471,1.4589,0.0317,0.0044,0.1375,2.2277,2.2623,nan,2.0905,2.0287,0.0803,-0.8018,0.8000,-0.0783,0.1827,-1.2066,44.3520,0.0175,0.1039,0.1739
108.550,466.100,-3.9768,-0.0745,-141.842,-3.9589,-0.1066,-140.459,0.0058,0.0363,0.0367,1.383,2.1704,3.6537,1.216,-6.2078,-3.6294,-141.675,2.001,-2.1744,474.587,1.4789,0.0679,0.0159,0.2347,2.0836,2.0753,nan,2.0816,1.9861,0.0787,-0.7363,0.8000,-0.0802,0.0740,-1.2066,44.3520,0.0429,-3.1051,0.1739
108.600,466.208,-4.0664,-0.1363,-149.100,-4.0438,-0.1773,-147.938,0.0016,0.0468,0.0468,1.162,2.2016,3.5894,0.730,-6.2929,-3.6868,-148.669,1.900,-2.3133,474.699,1.4734,0.0056,0.0183,3.2505,2.0432,2.0537,nan,2.2248,2.1974,0.0870,-0.7978,0.8000,-0.0443,0.2158,-1.3730,44.5517,0.0386,-2.4018,0.1739
108.650,466.312,-4.1590,-0.1837,-156.704,-4.1504,-0.2383,-155.782,0.0137,0.0536,0.0553,0.922,2.1886,3.5990,0.936,-6.4009,-3.7333,-156.718,1.843,-2.2175,474.809,1.4879,0.0175,0.0101,0.5776,2.0383,2.0537,nan,2.2905,2.2806,0.0903,-0.7786,0.8000,-0.0253,0.2135,-1.3182,44.6516,0.0403,-2.4018,0.1739
108.700,466.424,-4.2645,-0.2208,-164.383,-4.2496,-0.2775,-162.843,0.0009,0.0586,0.0586,1.540,2.1524,3.6615,1.570,-6.5075,-3.7621,-164.413,1.833,-2.2681,474.928,1.4869,0.0629,0.0148,0.2356,1.9311,1.9297,nan,2.3560,2.3858,0.0945,-0.7962,0.8000,-0.0050,0.2344,-1.1383,44.7515,0.0470,-0.5911,0.1739
108.750,466.530,-4.3675,-0.2426,-172.149,-4.3681,-0.2976,-170.578,0.0081,0.0544,0.0550,1.571,2.1524,3.6615,1.570,-6.6266,-3.7790,-172.149,1.924,-2.5151,475.052,1.5012,0.0077,0.0412,5.3331,1.9454,1.9630,nan,2.4543,2.4801,0.0982,-0.7835,0.8000,0.0170,0.2431,-1.1132,44.8514,0.0583,0.9547,0.1739
108.800,466.530,-4.3675,-0.2426,-172.149,-4.3703,-0.2945,-171.035,0.0099,0.0510,0.0519,1.114,2.1816,3.6126,1.114,-6.6266,-3.7790,-172.149,1.924,-2.5151,475.052,1.5012,0.0077,0.0303,3.9238,2.0385,2.0733,nan,2.5477,2.5562,0.1012,-0.7431,0.8000,0.0284,0.2058,-1.0446,44.9513,0.0639,0.7658,0.1739
108.850,466.654,-4.4914,-0.2498,178.478,-4.4825,-0.2884,180.624,-0.0099,0.0384,0.0396,2.146,2.1959,3.6232,1.126,-6.7540,-3.7796,179.498,2.016,-2.6255,475.197,1.5029,0.0385,0.0196,0.5101,2.3235,2.4987,nan,2.7281,2.7991,0.1109,-0.6735,0.8059,0.0341,0.1485,-0.8589,45.0512,0.0349,1.2393,0.1739
108.900,466.765,-4.6021,-0.2393,170.247,-4.6197,-0.2655,171.623,0.0129,0.0288,0.0316,1.377,2.2071,3.6448,1.296,-6.9135,-3.7548,170.327,2.106,-2.5979,475.327,1.5469,0.0648,0.0425,0.6570,2.3795,2.4086,nan,2.8006,2.9038,0.1150,-0.6059,0.8492,0.0313,0.1039,-0.7929,45.1511,0.0286,1.7170,0.1739
108.950,466.883,-4.7170,-0.2113,162.015,-4.7249,-0.2229,163.787,0.0039,0.0135,0.0140,1.773,2.1838,3.7274,1.948,-7.0390,-3.7132,161.839,2.208,-2.4864,475.464,1.5541,0.0800,0.0487,0.6084,2.4041,2.4273,nan,2.8006,2.9079,0.1152,-0.4769,0.8660,0.0151,0.0666,-0.7359,45.2510,0.0246,4.1697,0.1739
109.000,467.012,-4.8366,-0.1634,153.921,-4.8371,-0.1808,155.298,-0.0071,0.0158,0.0174,1.377,2.2566,3.6146,1.056,-7.1625,-3.6639,154.242,2.383,-2.3990,475.616,1.5576,0.0115,0.0325,2.8174,2.6577,2.7934,nan,2.7770,2.9580,0.1172,-0.4806,0.9574,0.0412,0.0228,-0.6632,45.3508,-0.0285,3.6880,0.1739
109.050,467.152,-4.9583,-0.0937,146.122,-4.9789,-0.1150,146.864,0.0052,0.0292,0.0297,0.742,2.2998,3.5561,0.652,-7.3201,-3.5881,146.211,2.541,-2.0890,475.776,1.5914,0.0241,0.0362,1.5055,2.7514,2.7934,nan,2.9059,2.9551,0.1170,-0.4377,0.9912,0.0543,0.0230,-0.7637,45.5506,0.0139,3.6880,0.1739
109.100,467.293,-5.0712,-0.0091,140.051,-5.0901,-0.0125,139.581,0.0123,0.0147,0.0191,-0.470,2.3432,3.4935,0.206,-7.4458,-3.4792,139.375,2.670,-1.8703,475.928,1.5990,0.0301,0.0501,1.6662,2.8262,2.8640,nan,2.9809,2.9665,0.1175,-0.3765,1.0181,0.0419,0.0035,-0.7714,45.6506,0.0351,4.0369,0.1739
109.150,467.459,-5.1925,0.1043,133.600,-5.2009,0.1090,133.347,0.0092,0.0029,0.0096,-0.253,2.3560,3.4718,-0.005,-7.5566,-3.3635,133.352,2.774,-1.6429,476.103,1.5883,0.0144,0.0169,1.1753,2.7007,2.7022,nan,3.0627,3.0461,0.1206,-0.3278,1.0089,0.0284,-0.0025,-0.6907,45.7504,0.0581,2.3208,0.1739
109.200,467.622,-5.2990,0.2271,128.151,-5.3009,0.2376,128.355,0.0094,-0.0050,0.0107,0.204,2.3560,3.4718,-0.005,-7.6566,-3.2349,128.360,2.835,-1.4781,476.270,1.5807,0.0189,0.0196,1.0399,2.7676,2.8028,nan,3.1537,3.2491,0.1287,-0.2980,1.0950,0.0229,0.0505,-0.5688,45.9502,0.0284,1.1804,0.1739
109.250,467.622,-5.2990,0.2271,128.151,-5.2938,0.2298,128.255,-0.0011,-0.0058,0.0059,0.104,2.3687,3.4507,-0.105,-7.6566,-3.2349,128.360,2.835,-1.4781,476.270,1.5807,0.0189,0.0157,0.8297,2.9416,3.0172,nan,3.4421,3.5313,0.1399,-0.2633,1.2015,0.0301,0.0303,-0.5042,46.0501,0.0457,2.2260,0.1739
109.300,467.783,-5.3935,0.3578,123.441,-5.3907,0.3695,123.171,0.0082,-0.0088,0.0120,-0.270,2.3874,3.4180,-0.316,-7.7612,-3.0913,123.487,2.930,-1.3809,476.438,1.5882,0.0262,0.0250,0.9537,3.0071,3.0442,nan,3.5296,3.6716,0.1454,-0.2179,1.3404,0.0263,0.0439,-0.3371,46.2499,0.0366,3.5802,0.1739
109.350,467.945,-5.4780,0.4963,119.139,-5.4669,0.5162,118.394,0.0120,-0.0194,0.0228,-0.745,2.4057,3.3824,-0.517,-7.8464,-2.9372,118.911,3.077,-1.3043,476.609,1.5862,0.0317,0.0314,0.9888,2.9794,2.9993,nan,3.6894,3.8047,0.1507,-0.1890,1.3613,0.0204,0.0128,-0.2923,46.3498,0.0681,5.1000,0.1739
109.400,468.124,-5.5595,0.6553,114.960,-5.5438,0.6876,114.505,0.0227,-0.0279,0.0359,-0.455,2.3984,3.3973,-0.598,-7.9135,-2.7924,115.103,3.282,-1.1913,476.801,1.5745,0.0193,0.0050,0.2587,3.2797,3.5567,nan,3.7615,3.9294,0.1556,-0.1563,1.4985,0.0229,0.0106,-0.2823,46.5496,0.0271,4.5208,0.1739
109.450,468.310,-5.6328,0.8258,111.378,-5.6285,0.9057,110.259,0.0729,-0.0331,0.0801,-1.119,2.4102,3.3564,-0.944,-7.9972,-2.5828,111.203,3.450,-1.0483,476.996,1.5781,0.0218,0.0145,0.6652,3.4666,3.5567,nan,4.1005,4.2134,0.1669,-0.1287,1.5839,0.0270,0.0056,-0.2824,46.7494,0.0611,4.5208,0.1742
109.500,468.508,-5.6999,1.0121,108.071,-5.6854,1.0981,106.412,0.0773,-0.0404,0.0872,-1.659,2.4345,3.2758,-1.478,-8.0611,-2.3864,107.891,3.609,-0.9058,477.205,1.5733,0.0225,0.0225,1.0002,3.5167,3.5550,nan,4.2848,4.3397,0.1719,-0.1082,1.6099,0.0277,0.0164,-0.2925,46.9491,0.0926,3.9671,0.1742
109.550,468.710,-5.7583,1.2060,105.286,-5.7364,1.2935,104.432,0.0786,-0.0442,0.0902,-0.854,2.4065,3.3730,-0.823,-8.1121,-2.1962,105.254,3.751,-0.7623,477.417,1.5666,0.0237,0.0136,0.5762,3.5544,3.5904,nan,4.3732,4.5091,0.1786,-0.0840,1.6729,0.0249,0.0273,-0.2437,47.1489,0.0833,3.4809,0.1742
109.600,468.928,-5.8122,1.4175,103.192,-5.7858,1.5260,102.302,0.0996,-0.0505,0.1117,-0.890,2.3984,3.4123,-0.587,-8.1644,-1.9700,102.889,4.017,-0.5673,477.652,1.5628,0.0225,0.0137,0.6069,3.7832,3.9139,nan,4.6252,4.8161,0.1907,-0.0769,1.9088,0.0409,0.0455,-0.1271,47.3487,0.0805,5.8430,0.1742
109.650,469.156,-5.8610,1.6396,101.508,-5.8442,1.7774,101.587,0.1316,-0.0439,0.1388,0.079,2.3665,3.5217,0.235,-8.2178,-1.7105,101.352,4.234,-0.5210,477.895,1.5623,0.0232,0.0016,0.0681,4.0648,4.3057,nan,4.8600,5.0761,0.2010,-0.0811,2.0620,0.0585,0.0646,-0.0698,47.6484,0.0732,5.2009,0.1742
109.700,469.400,-5.9065,1.8798,99.821,-5.8863,2.0132,100.069,0.1280,-0.0427,0.1350,0.248,2.3665,3.5217,0.235,-8.2589,-1.4745,99.834,4.479,-0.5565,478.157,1.5585,0.0218,0.0029,0.1315,4.2112,4.2943,nan,5.0083,5.2284,0.2071,-0.0893,2.1363,0.0837,0.0658,-0.0152,47.8482,0.0740,5.6893,0.1742
109.750,469.400,-5.9065,1.8798,99.821,-5.8888,2.0134,100.033,0.1286,-0.0403,0.1347,0.212,2.3650,3.5166,0.199,-8.2589,-1.4745,99.834,4.479,-0.5565,478.157,1.5585,0.0218,0.0028,0.1293,4.4678,4.6830,nan,5.1508,5.4084,0.2142,-0.0870,2.2265,0.1012,0.0424,-0.0295,48.1478,0.0577,5.3738,0.1742
109.800,469.658,-5.9469,2.1346,97.969,-5.9273,2.2541,98.522,0.1157,-0.0360,0.1211,0.553,2.3659,3.5188,0.424,-8.3023,-1.2032,98.097,4.712,-0.6359,478.434,1.5595,0.0192,0.0048,0.2516,4.7516,5.1268,nan,5.4203,5.6970,0.2256,-0.0796,2.3021,0.1033,0.0164,-0.0368,48.3476,0.0570,4.2651,0.1742
109.850,469.923,-5.9795,2.3972,95.879,-5.9580,2.5336,96.370,0.1335,-0.0354,0.1381,0.492,2.3709,3.4922,0.428,-8.3357,-0.8964,95.942,4.896,-0.6656,478.714,1.5558,0.0154,0.0062,0.4051,4.9156,5.0470,nan,5.5482,5.8376,0.2312,-0.0725,2.2815,0.0960,-0.0056,-0.0503,48.6473,0.0531,4.0278,0.1742
109.900,470.197,-6.0033,2.6706,93.779,-5.9808,2.7938,94.123,0.1214,-0.0305,0.1252,0.345,2.3685,3.4684,0.393,-8.3537,-0.6173,93.730,5.072,-0.6483,479.004,1.5495,0.0125,0.0084,0.6710,5.0516,5.1694,nan,5.7325,6.0152,0.2382,-0.0706,2.2695,0.0917,-0.0270,-0.0599,48.8471,0.0604,4.9963,0.1742
109.950,470.488,-6.0179,2.9610,91.720,-5.9980,3.0989,92.201,0.1373,-0.0240,0.1394,0.482,2.3618,3.4936,0.463,-8.3627,-0.3271,91.738,5.291,-0.6166,479.315,1.5440,0.0204,0.0068,0.3353,5.0981,5.1694,nan,5.8507,6.1117,0.2420,-0.0693,2.2465,0.0819,-0.0387,-0.0751,49.1468,0.0704,4.9963,0.1742
110.000,470.795,-6.0225,3.2680,89.730,-6.0006,3.4174,89.634,0.1495,-0.0212,0.1510,-0.096,2.3617,3.3839,-0.087,-8.3624,0.0207,89.721,5.471,-0.6059,479.640,1.5361,0.0123,0.0088,0.7184,5.3521,5.6686,nan,6.0447,6.3321,0.2508,-0.0796,2.2270,0.0728,-0.0398,-0.1060,49.4464,0.0633,3.9828,0.1742
110.050,471.112,-6.0162,3.5849,87.726,-5.9888,3.7135,88.816,0.1296,-0.0223,0.1315,1.090,2.3659,3.5150,1.094,-8.3494,0.3581,87.722,5.642,-0.6751,479.975,1.5284,0.0055,0.0185,3.3681,5.5496,5.7620,nan,6.0805,6.4147,0.2540,-0.0785,2.2163,0.0505,-0.0449,-0.1173,49.7461,0.0441,3.7619,0.1742
110.100,471.423,-5.9989,3.8952,85.522,-5.9715,3.9844,86.464,0.0911,-0.0204,0.0933,0.941,2.3627,3.4328,0.823,-8.3254,0.6712,85.641,5.850,-0.7183,480.307,1.5216,0.0025,0.0164,6.4436,5.6640,5.7971,nan,5.8626,6.1964,0.2454,-0.0916,2.2163,0.0410,-0.0383,-0.1145,49.9459,0.0069,4.6590,0.1742
110.150,471.743,-5.9688,4.2141,83.264,-5.9381,4.3339,83.703,0.1226,-0.0164,0.1237,0.439,2.3539,3.3694,0.430,-8.2845,1.0267,83.273,5.990,-0.7924,480.644,1.5097,0.0182,0.0031,0.1707,5.8865,6.1772,nan,5.6746,5.7983,0.2296,-0.0937,2.1638,0.0170,-0.0490,-0.1130,50.2456,-0.0150,3.4991,0.1742
110.200,472.037,-5.9295,4.5048,80.879,-5.8954,4.6181,81.465,0.1173,-0.0157,0.1184,0.587,2.3511,3.3556,0.504,-8.2350,1.3351,80.961,5.987,-0.8529,480.941,1.4992,0.0176,0.0039,0.2235,6.0139,6.1765,nan,5.4885,5.2850,0.2093,-0.0947,2.1301,-0.0074,-0.0606,-0.1472,50.5452,0.0125,-0.1969,0.1742
110.250,472.361,-5.8718,4.8245,78.161,-5.8375,4.9077,78.788,0.0885,-0.0165,0.0900,0.627,2.3511,3.3556,0.504,-8.1746,1.6241,78.283,5.821,-0.8448,481.254,1.4971,0.0102,0.0037,0.3620,5.8557,5.8630,nan,5.3050,5.1912,0.2056,-0.0976,2.0833,-0.0307,-0.0554,-0.1855,50.8449,-0.0053,-0.1208,0.1742
110.300,472.361,-5.8718,4.8245,78.161,-5.8355,4.8804,78.266,0.0621,-0.0241,0.0666,0.105,2.3386,3.2537,-0.018,-8.1746,1.6241,78.283,5.821,-0.8448,481.254,1.4971,0.0102,0.0050,0.4887,5.8437,5.9101,nan,5.1203,5.1083,0.2023,-0.0941,2.0414,-0.0674,-0.0509,-0.2006,51.1446,-0.0247,-7.3777,0.1742
110.350,472.678,-5.8010,5.1326,75.479,-5.7655,5.1853,76.043,0.0599,-0.0212,0.0635,0.564,2.3454,3.3232,0.631,-8.0899,1.9512,75.413,5.505,-0.8300,481.547,1.4828,0.0033,0.0076,2.3239,5.4418,5.1634,nan,5.0572,4.9230,0.1950,-0.0995,1.9798,-0.0764,-0.0591,-0.2048,51.2445,0.0172,-5.0081,0.1742
110.400,472.974,-5.7213,5.4182,72.890,-5.7017,5.3926,74.087,-0.0187,-0.0263,0.0323,1.198,2.3587,3.3824,1.204,-8.0164,2.1791,72.884,5.298,-0.7795,481.829,1.4910,0.0015,0.0014,0.9688,5.2172,5.1900,nan,4.9235,4.7840,0.1895,-0.1160,1.9440,-0.0889,-0.0230,-0.2211,51.5442,0.0294,-3.7978,0.1742
110.450,473.266,-5.6304,5.6956,70.426,-5.6088,5.6367,71.509,-0.0482,-0.0401,0.0628,1.082,2.3561,3.3381,1.127,-7.9181,2.4548,70.381,5.135,-0.7761,482.111,1.4837,0.0042,0.0089,2.1099,5.0293,5.0220,nan,4.8519,4.6900,0.1857,-0.1153,1.8194,-0.1129,-0.0171,-0.2323,51.7439,0.0493,-4.0378,0.1742
110.500,473.544,-5.5328,5.9554,67.975,-5.5158,5.8886,69.230,-0.0556,-0.0408,0.0689,1.255,2.3591,3.3600,1.310,-7.8150,2.7079,67.921,4.966,-0.8407,482.378,1.4786,0.0126,0.0188,1.4854,4.8829,4.8924,nan,4.6232,4.4817,0.1775,-0.1423,1.8194,-0.1155,-0.0087,-0.2421,51.9437,0.0367,-4.0378,0.1742
110.550,473.817,-5.4251,6.2064,65.149,-5.4211,6.1402,66.072,-0.0583,-0.0315,0.0663,0.924,2.3360,3.3195,1.006,-7.7064,2.9565,65.066,4.805,-0.8612,482.642,1.4778,0.0084,0.0196,2.3267,4.7429,4.7533,nan,4.4748,4.3182,0.1710,-0.1602,1.8194,-0.1125,0.0229,-0.2504,52.2434,0.0423,-4.0704,0.1742
110.600,474.106,-5.2979,6.4658,62.165,-5.3255,6.3560,64.043,-0.1100,-0.0269,0.1132,1.878,2.3696,3.4216,1.677,-7.6059,3.1583,62.366,4.654,-0.9355,482.923,1.5091,0.0020,0.0174,8.7541,4.4573,4.4002,nan,4.3986,4.1651,0.1650,-0.1667,1.7155,-0.1075,-0.0003,-0.2473,52.3433,0.0855,-2.9225,0.1742
110.650,474.368,-5.1694,6.6941,58.487,-5.1639,6.6584,60.216,-0.0276,-0.0234,0.0362,1.729,2.3465,3.3720,1.110,-7.4453,3.4312,59.106,4.401,-1.1317,483.170,1.4733,0.0164,0.0151,0.9190,4.7196,4.9794,nan,4.1147,4.0429,0.1601,-0.1938,1.6586,-0.0934,0.0356,-0.2837,52.6430,-0.0206,-5.8825,0.1742
110.700,474.604,-5.0406,6.8923,54.957,-5.0449,6.8251,56.001,-0.0575,-0.0351,0.0674,1.044,2.3465,3.3720,1.110,-7.3231,3.5956,54.890,4.210,-1.1683,483.397,1.4827,0.0156,0.0335,2.1422,4.4140,4.3404,nan,4.0240,3.9011,0.1545,-0.2080,1.6586,-0.1014,0.0387,-0.3107,52.9426,0.0190,-4.9105,0.1742
110.750,474.604,-5.0406,6.8923,54.957,-5.0499,6.8268,56.730,-0.0590,-0.0300,0.0662,1.773,2.3848,3.4680,1.839,-7.3231,3.5956,54.890,4.210,-1.1683,483.397,1.4827,0.0156,0.0228,1.4587,4.1328,4.0847,nan,3.8405,3.7048,0.1467,-0.2251,1.5906,-0.0967,0.0243,-0.3210,53.0425,0.0329,-4.3147,0.1742
110.800,474.835,-4.9025,7.0771,50.958,-4.9125,7.0209,53.373,-0.0500,-0.0277,0.0571,2.415,2.4175,3.5485,2.366,-7.1803,3.7720,51.007,4.042,-1.2777,483.619,1.4788,0.0166,0.0181,1.0903,3.8448,3.7962,nan,3.7782,3.6155,0.1432,-0.2352,1.4798,-0.0907,0.0336,-0.3618,53.2423,0.0661,-4.2721,0.1742
110.850,475.056,-4.7576,7.2447,46.825,-4.7979,7.1607,49.729,-0.0888,-0.0281,0.0932,2.904,2.4282,3.5865,2.652,-7.0530,3.9047,47.077,3.878,-1.3259,483.834,1.5001,0.0169,0.0243,1.4368,3.9835,4.0551,nan,3.5178,3.3737,0.1336,-0.2618,1.5331,-0.0817,0.0333,-0.3114,53.4421,0.0132,-4.5948,0.1742
110.900,475.265,-4.6102,7.3920,42.635,-4.6278,7.3442,45.393,-0.0453,-0.0233,0.0509,2.758,2.4389,3.6126,2.752,-6.8793,4.0666,42.641,3.713,-1.3480,484.036,1.4723,0.0293,0.0308,1.0492,3.7070,3.6647,nan,3.3315,3.2412,0.1284,-0.2749,1.4267,-0.0728,0.0369,-0.3998,53.6419,0.0072,-3.6206,0.1742
110.950,475.465,-4.4584,7.5227,38.403,-4.4662,7.4831,40.295,-0.0307,-0.0262,0.0403,1.892,2.4162,3.5623,2.237,-6.7241,4.1865,38.058,3.581,-1.3565,484.232,1.4703,0.0292,0.0337,1.1554,3.6445,3.6647,nan,3.4070,2.9737,0.1178,-0.2807,1.4026,-0.0669,0.0603,-0.4945,53.8417,0.0415,-3.6206,0.1742
111.001,475.660,-4.3016,7.6381,33.867,-4.3504,7.5871,36.706,-0.0689,-0.0151,0.0706,2.839,2.4226,3.5890,2.380,-6.6012,4.2759,34.325,3.398,-1.3960,484.419,1.5071,0.0309,0.0330,1.0669,3.3622,3.3117,nan,3.4771,3.4767,0.1377,-0.2740,1.2940,-0.0607,0.0682,-0.1189,0.0000,0.0286,-5.0289,0.1742
111.050,475.837,-4.1509,7.7317,29.432,-4.1763,7.7103,32.361,-0.0327,-0.0061,0.0332,2.928,2.4540,3.6579,2.880,-6.4183,4.3804,29.481,3.112,-1.3490,484.584,1.4738,0.0331,0.0255,0.7710,3.5085,3.5780,nan,3.6962,3.7763,0.1496,-0.2877,1.4269,-0.0473,0.0795,-0.4563,0.1998,0.0124,-4.7534,0.1742
111.100,476.023,-3.9859,7.8169,24.849,-4.0372,7.7834,27.245,-0.0606,-0.0089,0.0613,2.396,2.4186,3.5927,2.215,-6.2890,4.4370,25.031,3.282,-1.4823,484.782,1.5131,0.0324,0.0302,0.9327,3.1522,3.0150,nan,3.6962,3.8117,0.1510,-0.2821,1.2820,-0.0400,0.0706,-0.4906,0.2997,0.0462,3.6001,0.1742
111.150,476.202,-3.8205,7.8863,20.226,-3.8161,7.8830,21.382,0.0030,-0.0046,0.0055,1.156,2.3662,3.5070,1.316,-6.0801,4.5168,20.067,3.466,-1.5333,484.976,1.4686,0.0390,0.0301,0.7711,3.3751,3.4918,nan,3.6650,3.8587,0.1528,-0.2811,1.3727,-0.0298,0.0621,-0.4081,0.4995,-0.0045,4.1248,0.1742
111.200,476.400,-3.6325,7.9473,15.251,-3.6333,7.9381,16.658,-0.0032,-0.0087,0.0093,1.407,2.3662,3.5070,1.316,-5.8961,4.5677,15.342,3.580,-1.5686,485.185,1.4740,0.0388,0.0300,0.7715,3.4252,3.4627,nan,3.8214,3.8132,0.1510,-0.2652,1.3930,-0.0231,0.0533,-0.4727,0.6992,0.0631,2.5565,0.1742
111.250,476.584,-3.4528,7.9894,10.625,-3.4344,7.9931,11.852,0.0188,0.0002,0.0188,1.227,2.3463,3.4763,0.965,-5.7038,4.6134,10.887,3.651,-1.5971,485.377,1.4610,0.0394,0.0209,0.5311,3.6377,3.7503,nan,3.9867,4.0257,0.1594,-0.2562,1.5793,-0.0053,0.0566,-0.3626,0.8990,0.0444,1.5727,0.1742
111.300,476.584,-3.4528,7.9894,10.625,-3.4230,7.9957,11.377,0.0305,0.0007,0.0305,0.751,2.3200,3.4312,0.490,-5.7038,4.6134,10.887,3.651,-1.5971,485.377,1.4610,0.0394,0.0194,0.4936,3.8488,3.9627,nan,4.0965,4.2898,0.1699,-0.2411,1.6709,-0.0001,0.0377,-0.3872,1.0988,-0.0023,0.6272,0.1742
111.350,476.782,-3.2572,8.0186,5.935,-3.2099,8.0245,6.099,0.0476,0.0009,0.0476,0.164,2.3071,3.4336,0.495,-5.4771,4.6384,5.604,3.685,-1.4811,485.579,1.4309,0.0377,0.0175,0.4645,3.6820,3.6825,nan,4.2015,4.2727,0.1692,-0.2316,1.5985,0.0020,0.0495,-0.3897,1.2986,0.0569,2.3749,0.1742
111.400,476.984,-3.0556,8.0322,1.326,-3.0226,8.0318,1.681,0.0330,-0.0011,0.0330,0.355,2.3008,3.4302,0.428,-5.2889,4.6412,1.253,3.797,-1.4564,485.791,1.4459,0.0371,0.0191,0.5133,3.7885,3.8454,nan,4.2986,4.3903,0.1739,-0.2248,1.6844,0.0077,0.0499,-0.3454,1.4984,0.0515,4.0570,0.1742
111.450,477.198,-2.8416,8.0294,-3.279,-2.8023,8.0229,-3.085,0.0396,-0.0042,0.0398,0.194,2.2817,3.4120,0.212,-5.0670,4.6297,-3.298,3.967,-1.4535,486.020,1.4394,0.0360,0.0216,0.5992,4.0180,4.1546,nan,4.4466,4.5640,0.1808,-0.2120,1.7949,0.0119,0.0413,-0.3367,1.6982,0.0377,1.8848,0.1742
111.500,477.423,-2.6179,8.0085,-7.916,-2.5480,7.9956,-7.607,0.0710,-0.0031,0.0711,0.309,2.3007,3.4339,0.417,-4.8153,4.5969,-8.024,4.054,-1.4307,486.253,1.4140,0.0336,0.0187,0.5559,4.1008,4.1546,nan,4.5405,4.6470,0.1840,-0.2057,1.8505,0.0222,0.0340,-0.3183,1.8979,0.0419,1.8848,0.1744
111.550,477.653,-2.3913,7.9686,-12.519,-2.3185,7.9494,-11.892,0.0752,-0.0030,0.0753,0.627,2.3206,3.4426,0.515,-4.5983,4.5483,-12.407,4.162,-1.3907,486.495,1.4250,0.0357,0.0181,0.5063,4.0748,4.1043,nan,4.6305,4.7184,0.1869,-0.1970,1.8637,0.0284,0.0305,-0.2965,2.0977,0.0596,2.2247,0.1744
111.600,477.894,-2.1578,7.9080,-17.051,-2.0648,7.8771,-16.700,0.0980,-0.0023,0.0980,0.351,2.3064,3.4399,0.436,-4.3373,4.4703,-17.136,4.299,-1.3384,486.749,1.4013,0.0365,0.0158,0.4343,4.2821,4.4097,nan,4.7592,4.8692,0.1928,-0.1968,1.9773,0.0397,0.0494,-0.2795,2.3974,0.0471,3.0073,0.1744
111.650,478.134,-1.9304,7.8301,-21.268,-1.8430,7.7925,-20.786,0.0951,-0.0034,0.0951,0.483,2.3045,3.4388,0.409,-4.1163,4.3832,-21.194,4.435,-1.3582,487.003,1.4095,0.0383,0.0182,0.4745,4.3456,4.4009,nan,4.8370,4.9420,0.1957,-0.1849,2.0193,0.0406,0.0399,-0.2684,2.5972,0.0501,3.1414,0.1744
111.700,478.378,-1.7067,7.7346,-25.518,-1.6088,7.6875,-25.507,0.1086,-0.0003,0.1086,0.011,2.2592,3.4129,-0.078,-3.8738,4.2694,-25.429,4.564,-1.3346,487.259,1.3950,0.0319,0.0194,0.6093,4.5534,4.7020,nan,4.8974,5.0401,0.1996,-0.1760,2.1180,0.0450,0.0476,-0.2550,2.8969,0.0280,2.8795,0.1744
111.750,478.636,-1.4769,7.6155,-29.770,-1.3677,7.5501,-29.919,0.1273,-0.0026,0.1273,-0.149,2.2592,3.4129,-0.078,-3.6325,4.1322,-29.841,4.675,-1.2917,487.530,1.3879,0.0344,0.0226,0.6570,4.6999,4.8066,nan,5.0014,5.1469,0.2038,-0.1573,2.1861,0.0430,0.0224,-0.2518,3.0966,0.0240,2.4494,0.1744
111.800,478.636,-1.4769,7.6155,-29.770,-1.4092,7.5729,-30.114,0.0799,-0.0034,0.0800,-0.344,2.2035,3.4234,-0.273,-3.6325,4.1322,-29.841,4.675,-1.2917,487.530,1.3879,0.0344,0.0268,0.7793,4.7427,4.8023,nan,5.0732,5.1734,0.2049,-0.1421,2.1989,0.0314,0.0080,-0.2618,3.2964,0.0348,2.2497,0.1744
111.850,478.901,-1.2513,7.4768,-33.893,-1.1985,7.4365,-33.871,0.0663,-0.0040,0.0664,0.022,2.2137,3.4564,0.035,-3.4098,3.9822,-33.906,4.780,-1.1967,487.807,1.3934,0.0376,0.0282,0.7507,4.8597,4.9563,nan,5.1568,5.2310,0.2072,-0.1417,2.2062,0.0329,0.0095,-0.2608,3.4962,0.0363,2.3306,0.1744
111.900,479.167,-1.0350,7.3224,-37.589,-0.9887,7.2751,-37.471,0.0655,-0.0092,0.0662,0.119,2.2118,3.4797,0.235,-3.1849,3.8085,-37.705,4.878,-1.0986,488.084,1.3899,0.0376,0.0330,0.8793,4.9194,4.9907,nan,5.2536,5.3782,0.2130,-0.1396,2.2140,0.0322,0.0361,-0.2323,3.7959,0.0327,1.5148,0.1744
111.950,479.442,-0.8215,7.1488,-41.073,-0.7859,7.1073,-40.606,0.0541,-0.0079,0.0547,0.467,2.2191,3.5158,0.561,-2.9697,3.6208,-41.168,4.945,-1.0874,488.367,1.3919,0.0375,0.0309,0.8248,4.9402,4.9975,nan,5.3099,5.4430,0.2156,-0.1209,2.2140,0.0273,0.0046,-0.2220,3.8958,0.0356,1.1634,0.1744
112.000,479.726,-0.6128,6.9568,-44.644,-0.5971,6.9315,-44.279,0.0290,-0.0070,0.0298,0.365,2.1849,3.5401,0.531,-2.7504,3.4170,-44.810,5.008,-1.0922,488.660,1.3849,0.0338,0.0286,0.8470,4.9453,4.9975,nan,5.4950,5.6645,0.2243,-0.1349,2.2140,0.0546,0.0364,-0.1681,4.2954,0.0519,1.1634,0.1744
112.050,480.029,-0.4030,6.7373,-48.425,-0.4193,6.7534,-47.495,-0.0229,-0.0015,0.0229,0.930,2.1846,3.5795,0.854,-2.5563,3.2124,-48.349,5.108,-1.0904,488.976,1.3960,0.0348,0.0251,0.7201,4.8601,4.8870,nan,5.3594,5.5709,0.2206,-0.1212,2.2140,0.0502,-0.0009,-0.1417,4.3952,0.0412,2.0699,0.1744
112.100,480.321,-0.2155,6.5145,-51.901,-0.2449,6.5359,-51.386,-0.0350,-0.0099,0.0363,0.516,2.1369,3.5818,0.347,-2.3639,2.9684,-51.732,5.269,-1.0189,489.284,1.3970,0.0322,0.0356,1.1063,5.1014,5.3511,nan,5.2430,5.5538,0.2200,-0.1153,2.2140,0.0460,-0.0103,-0.1532,4.6949,-0.0065,3.5300,0.1744
112.150,480.618,-0.0380,6.2765,-55.084,-0.0443,6.2609,-55.087,0.0092,-0.0141,0.0168,-0.004,2.1206,3.5882,0.122,-2.1592,2.6773,-55.210,5.329,-0.9578,489.590,1.3869,0.0284,0.0348,1.2263,5.3776,5.8308,nan,5.2755,5.0413,0.1997,-0.1038,2.2140,0.0288,-0.0151,-0.2040,4.9946,0.0646,1.4411,0.1744
112.200,480.911,0.1247,6.0319,-58.080,0.1026,6.0216,-58.055,-0.0029,-0.0242,0.0243,0.025,2.1206,3.5882,0.122,-2.0128,2.4377,-58.178,5.335,-0.8749,489.887,1.4007,0.0247,0.0407,1.6492,5.3562,5.4083,nan,5.4216,5.4657,0.2165,-0.0949,2.2140,0.0187,-0.0189,-0.2310,5.1944,0.0204,0.4772,0.1744
112.250,480.911,0.1247,6.0319,-58.080,0.1020,6.0179,-58.649,-0.0001,-0.0267,0.0267,-0.569,2.0947,3.5637,-0.471,-2.0128,2.4377,-58.178,5.335,-0.8749,489.887,1.4007,0.0247,0.0489,1.9802,5.2594,5.2868,nan,5.5420,5.5099,0.2182,-0.0837,2.2427,0.0060,0.0043,-0.2323,5.4941,0.0476,-4.7371,0.1744
112.300,481.199,0.2718,5.7849,-60.737,0.2347,5.7798,-61.588,-0.0137,-0.0349,0.0375,-0.851,2.0824,3.5562,-0.826,-1.8796,2.1967,-60.761,5.156,-0.7815,490.163,1.4121,0.0184,0.0583,3.1706,5.1524,5.1756,nan,5.6659,5.8482,0.2316,-0.0769,2.3212,0.0034,0.0202,-0.1600,5.7937,0.0477,1.5042,0.1744
112.350,481.490,0.4092,5.5287,-63.178,0.3822,5.4753,-64.897,0.0355,-0.0482,0.0599,-1.719,2.0771,3.4879,-1.612,-1.7501,1.9389,-63.285,5.222,-0.7046,490.463,1.4202,0.0118,0.0646,5.4660,5.1964,5.2696,nan,5.8748,6.1305,0.2428,-0.0713,2.3212,0.0015,0.0114,-0.0767,6.0934,0.0620,1.3595,0.1744
112.400,481.779,0.5354,5.2687,-65.322,0.5141,5.1863,-66.565,0.0659,-0.0538,0.0851,-1.243,2.1054,3.4948,-1.087,-1.6231,1.6610,-65.479,5.290,-0.6518,490.761,1.4249,0.0084,0.0460,5.4813,5.1856,5.2378,nan,5.9816,6.2342,0.2469,-0.0694,2.3212,0.0019,-0.0112,-0.0297,6.2932,0.0763,4.1525,0.1744
112.450,482.081,0.6572,4.9924,-67.382,0.6309,4.8738,-69.109,0.0994,-0.0699,0.1215,-1.727,2.1017,3.4287,-1.753,-1.5143,1.3995,-67.357,5.476,-0.6219,491.081,1.4327,0.0154,0.0664,4.3127,5.1829,5.2378,nan,6.0133,6.1925,0.2452,-0.0757,2.3212,0.0095,-0.0072,-0.1129,6.5929,0.0845,4.1525,0.1744
112.500,482.405,0.7774,4.6910,-69.426,0.7584,4.5339,-71.179,0.1404,-0.0729,0.1582,-1.753,2.1074,3.4375,-1.780,-1.3824,1.0540,-69.399,5.693,-0.6124,491.428,1.4356,0.0081,0.0509,6.2455,5.4564,5.9036,nan,6.1289,6.2332,0.2469,-0.0733,2.3212,-0.0013,0.0035,-0.1478,6.9924,0.0740,4.7416,0.1744
112.550,482.717,0.8829,4.3975,-71.329,0.8693,4.1645,-73.273,0.2164,-0.0875,0.2334,-1.944,2.1138,3.4049,-1.894,-1.2689,0.7180,-71.379,5.841,-0.6466,491.757,1.4429,0.0071,0.0477,6.7322,5.7200,6.1394,nan,6.2889,6.3099,0.2499,-0.0742,2.3344,0.0079,0.0213,-0.1645,7.2921,0.0736,3.5397,0.1744
112.600,483.047,0.9836,4.0835,-73.461,0.9604,3.8606,-75.178,0.2070,-0.0857,0.2241,-1.716,2.1266,3.4041,-1.809,-1.1800,0.4195,-73.369,5.930,-0.6771,492.099,1.4485,0.0075,0.0477,6.3358,5.7928,5.9017,nan,6.4645,6.6193,0.2622,-0.0672,2.4051,0.0117,0.0404,-0.1158,7.6917,0.0700,1.9771,0.1744
112.650,483.375,1.0722,3.7671,-75.607,1.0445,3.5237,-76.989,0.2289,-0.0873,0.2449,-1.383,2.1320,3.4277,-1.385,-1.0895,0.0698,-75.604,6.019,-0.6461,492.440,1.4586,0.0133,0.0507,3.8077,5.9836,6.2237,nan,6.5950,6.8198,0.2701,-0.0624,2.4410,0.0302,0.0360,-0.0922,7.9914,0.0598,1.7730,0.1744
112.700,483.668,1.1414,3.4827,-77.356,1.1081,3.2131,-79.594,0.2557,-0.0915,0.2716,-2.238,2.1401,3.4059,-2.131,-1.0242,-0.2310,-77.463,6.161,-0.6377,492.750,1.4683,0.0115,0.0585,5.0740,6.0613,6.1853,nan,6.7167,6.9679,0.2760,-0.0611,2.4754,0.0457,0.0366,-0.0702,8.2910,0.0636,3.6839,0.1744
112.750,484.018,1.2133,3.1398,-79.289,1.1667,2.8919,-80.875,0.2350,-0.0919,0.2523,-1.586,2.1437,3.4185,-1.586,-0.9620,-0.5535,-79.289,6.342,-0.6031,493.123,1.4699,0.0079,0.0572,7.2536,6.1026,6.2041,nan,6.8359,7.0799,0.2804,-0.0483,2.4836,0.0494,0.0131,-0.0610,8.5907,0.0723,2.2783,0.1744
112.800,484.018,1.2133,3.1398,-79.289,1.1667,2.8919,-80.875,0.2350,-0.0919,0.2523,-1.586,2.1437,3.4185,-1.586,-0.9620,-0.5535,-79.289,6.342,-0.6031,493.123,1.4699,0.0079,0.0572,7.2536,6.3696,7.0468,nan,7.0308,7.2834,0.2885,-0.0499,2.4853,0.0668,0.0190,-0.0639,8.9903,0.0652,3.6193,0.1744
112.850,484.365,1.2732,2.7979,-81.146,1.2238,2.4903,-82.570,0.2963,-0.0961,0.3115,-1.424,2.1389,3.4576,-1.338,-0.8923,-0.9884,-81.232,6.501,-0.5353,493.490,1.4973,0.0131,0.0643,4.8939,6.4261,6.5500,nan,7.1447,7.3898,0.2927,-0.0456,2.5002,0.0709,0.0180,-0.0546,9.2899,0.0715,3.1032,0.1744
112.900,484.734,1.3257,2.4334,-82.737,1.2768,2.0922,-83.250,0.3323,-0.0916,0.3447,-0.513,2.1353,3.4209,-0.342,-0.8505,-1.3338,-82.908,6.641,-0.5072,493.878,1.4992,0.0213,0.0632,2.9630,6.5579,6.7583,nan,7.2915,7.5435,0.2988,-0.0523,2.5160,0.0991,0.0333,-0.0449,9.6895,0.0731,3.4019,0.1744
112.950,485.110,1.3689,2.0593,-84.396,1.3243,1.7199,-83.669,0.3334,-0.0776,0.3423,0.727,2.1184,3.4345,0.627,-0.8128,-1.7057,-84.296,6.796,-0.5003,494.275,1.5033,0.0275,0.0507,1.8449,6.8134,7.4174,nan,7.4328,7.7288,0.3061,-0.0570,2.5306,0.1267,0.0396,-0.0360,10.0891,0.0612,3.0694,0.1744
113.000,485.488,1.4017,1.6829,-85.936,1.3594,1.2787,-85.604,0.4002,-0.0708,0.4064,0.331,2.1225,3.4493,0.435,-0.7795,-2.1647,-86.039,6.935,-0.5333,494.673,1.5380,0.0191,0.0492,2.5815,6.9540,7.1907,nan,7.5685,7.8679,0.3116,-0.0505,2.5406,0.1400,0.0278,-0.0300,10.4886,0.0611,3.0694,0.1744
113.050,485.888,1.4249,1.2840,-87.783,1.3677,0.8916,-89.069,0.3899,-0.0723,0.3965,-1.286,2.1877,3.4100,-1.376,-0.7592,-2.5374,-87.693,7.078,-0.6117,495.094,1.5291,0.0191,0.0768,4.0292,6.8952,6.9618,nan,7.6661,7.9178,0.3136,-0.0382,2.5477,0.1387,0.0058,-0.0258,10.7883,0.0773,2.9824,0.1744
113.100,486.274,1.4346,0.8979,-89.742,1.3542,0.4595,-91.703,0.4381,-0.0824,0.4458,-1.962,2.2148,3.3851,-2.031,-0.7564,-2.9543,-89.673,7.213,-0.6349,495.501,1.5488,0.0212,0.0924,4.3668,7.0594,7.3435,nan,7.7910,8.0547,0.3190,0.0001,2.5556,0.0875,-0.0532,-0.0211,11.1879,0.0735,3.0861,0.1744
113.150,486.690,1.4320,0.4818,-91.170,1.3362,0.0331,-93.637,0.4505,-0.0866,0.4588,-2.467,2.2129,3.4044,-1.818,-0.7693,-3.3974,-91.819,7.377,-0.2183,495.942,1.5702,0.0147,0.1103,7.5164,7.2380,7.5664,nan,7.9112,8.1895,0.3243,0.0284,2.5566,0.0388,-0.0910,-0.0202,11.5875,0.0679,1.9370,0.1744
113.200,486.690,1.4320,0.4818,-91.170,1.3362,0.0331,-93.637,0.4505,-0.0866,0.4588,-2.467,2.2129,3.4044,-1.818,-0.7693,-3.3974,-91.819,7.377,-0.2183,496.187,1.5702,0.0147,0.1103,7.5164,7.4135,7.7518,nan,8.0000,8.3020,0.3288,0.0169,2.5666,0.0313,-0.0601,-0.0146,11.9870,0.0598,3.0860,0.1744
113.250,487.153,1.4218,0.0191,-91.207,1.3128,-0.4489,-94.222,0.4702,-0.0992,0.4805,-3.015,2.2516,3.4187,-2.254,-0.7860,-3.9015,-91.968,7.538,0.1368,496.431,1.5954,0.0120,0.1154,9.6436,7.4947,7.6923,nan,8.0000,8.3201,0.3295,0.0039,2.5705,0.0320,-0.0317,-0.0123,12.2867,0.0523,2.5863,0.1744
113.300,487.579,1.4152,-0.4069,-90.202,1.3087,-0.8334,-92.882,0.4269,-0.1050,0.4396,-2.679,2.2562,3.4478,-2.099,-0.7900,-4.3130,-90.782,7.664,0.3337,496.878,1.5862,0.0092,0.1063,11.5775,7.7216,8.2777,nan,8.0000,8.2184,0.3255,-0.0181,2.5745,0.0550,0.0092,-0.0100,12.7861,0.0356,1.7777,0.1744
113.350,488.004,1.4155,-0.8320,-89.519,1.2993,-1.2445,-92.082,0.4115,-0.1197,0.4285,-2.563,2.3305,3.5293,-2.983,-0.7814,-4.8210,-89.099,7.785,0.1494,497.324,1.6198,0.0088,0.1185,13.5223,7.6520,7.7284,nan,8.0000,8.0431,0.3185,-0.0079,2.5762,0.0459,-0.0082,-0.0090,12.9859,0.0511,1.9570,0.1744
113.400,488.490,1.4203,-1.3179,-89.324,1.3245,-1.6848,-89.754,0.3657,-0.1001,0.3792,-0.430,2.1703,3.5839,-0.779,-0.7741,-5.2797,-88.975,7.877,-0.0627,497.830,1.6039,0.0214,0.0912,4.2574,7.6241,7.7284,nan,8.0000,8.0354,0.3182,-0.0126,2.5768,0.0449,0.0024,-0.0067,13.3855,0.0540,1.9570,0.1744
113.450,488.955,1.4238,-1.7830,-90.006,1.3359,-2.0905,-90.786,0.3075,-0.0879,0.3198,-0.781,2.2328,3.6094,-1.271,-0.7703,-5.7184,-89.515,7.881,-0.1793,498.304,1.5905,0.0248,0.0792,3.1983,7.7321,7.9784,nan,8.0000,8.0652,0.3194,-0.0330,2.5768,0.1067,0.0215,-0.0044,13.7851,0.0431,0.2335,0.1744
113.500,489.363,1.4226,-2.1914,-90.479,1.3370,-2.5944,-91.498,0.4037,-0.0822,0.4120,-1.019,2.2126,3.6525,-0.928,-0.7743,-6.2603,-90.570,7.833,-0.2177,498.715,1.6622,0.0215,0.0665,3.0939,7.9778,8.9486,nan,8.0000,8.1331,0.3221,-0.0182,2.5544,0.1073,-0.0095,-0.0044,14.2845,0.0195,-1.1162,0.1746
113.550,489.809,1.4153,-2.6370,-91.712,1.3336,-2.8916,-92.304,0.2569,-0.0741,0.2674,-0.593,2.2443,3.6928,-1.124,-0.7813,-6.6009,-91.180,7.808,-0.2887,499.166,1.6069,0.0192,0.0708,3.6877,7.6530,7.5029,nan,8.0000,8.0434,0.3185,-0.0193,2.5365,0.1203,-0.0136,-0.0071,14.4843,0.0510,-0.6712,0.1746
113.600,490.231,1.4007,-3.0587,-92.422,1.3247,-3.3231,-92.809,0.2673,-0.0648,0.2751,-0.387,2.1529,3.7499,-0.183,-0.8056,-7.0756,-92.626,7.816,-0.2218,499.597,1.6423,0.0172,0.0665,3.8637,7.7789,8.0548,nan,8.0000,8.0781,0.3199,-0.0031,2.4906,0.1021,-0.0407,-0.0080,14.8839,0.0385,0.2167,0.1746
113.650,490.231,1.4007,-3.0587,-92.422,1.3247,-3.3231,-92.809,0.2673,-0.0648,0.2751,-0.387,2.1529,3.7499,-0.183,-0.8056,-7.0756,-92.626,7.816,-0.2218,499.597,1.6423,0.0172,0.0665,3.8637,7.7294,7.8212,nan,7.7412,7.8677,0.3116,-0.0154,2.4687,0.1211,-0.0273,-0.0021,15.2835,0.0179,-0.3714,0.1746
113.700,490.676,1.3798,-3.5032,-93.138,1.3221,-3.7761,-92.831,0.2757,-0.0427,0.2789,0.307,2.1031,3.7736,0.377,-0.8308,-7.5444,-93.209,7.797,-0.1097,500.047,1.6588,0.0160,0.0457,2.8537,7.4162,7.2843,nan,7.5564,7.6412,0.3026,-0.0272,2.4326,0.1391,-0.0182,-0.0017,15.5831,0.0303,-0.0716,0.1746
113.750,491.175,1.3519,-4.0013,-93.319,1.3174,-4.1264,-93.001,0.1269,-0.0272,0.1298,0.319,2.1056,3.7890,0.482,-0.8547,-7.9085,-93.482,7.785,-0.1291,500.554,1.5880,0.0165,0.0356,2.1572,7.5462,9.2614,nan,6.9815,6.6100,0.2618,-0.0397,2.3662,0.1482,-0.0194,0.0013,16.0826,0.0172,-1.5090,0.1746
113.800,491.586,1.3268,-4.4113,-93.858,1.2933,-4.7322,-93.662,0.3224,-0.0119,0.3226,0.196,2.1750,3.8100,0.078,-0.8933,-8.5409,-93.739,7.712,-0.2671,500.964,1.7153,0.0188,0.0260,1.3844,7.2985,7.2459,nan,6.5935,6.2599,0.2479,-0.0463,2.3139,0.1373,-0.0328,0.0003,16.4821,0.0015,-2.5824,0.1746
113.850,492.014,1.2952,-4.8384,-94.892,1.2704,-5.0353,-94.831,0.1983,-0.0079,0.1984,0.061,2.2026,3.8120,-0.076,-0.9204,-8.8485,-94.754,7.559,-0.3949,501.380,1.6468,0.0186,0.0289,1.5494,7.1965,7.2459,nan,6.4113,6.0988,0.2415,-0.0386,2.2955,0.1226,-0.0560,-0.0153,16.6819,-0.0081,-2.5824,0.1746
113.900,492.445,1.2542,-5.2676,-96.428,1.2338,-5.4332,-95.623,0.1669,-0.0018,0.1669,0.805,2.1153,3.8006,0.495,-0.9613,-9.2259,-96.118,7.077,-0.4311,501.765,1.6204,0.0224,0.0276,1.2343,7.0981,7.1477,nan,6.1394,5.8704,0.2325,-0.0335,2.2727,0.0924,-0.0773,-0.0357,17.0815,-0.0298,-9.2661,0.1746
113.950,492.808,1.2107,-5.6276,-97.689,1.2018,-5.7682,-96.851,0.1405,0.0100,0.1409,0.838,2.0608,3.8611,0.935,-1.0160,-9.6141,-97.786,6.628,-0.3652,502.086,1.6442,0.0270,0.0236,0.8769,7.0679,7.1552,nan,5.8021,5.6073,0.2221,-0.0419,2.2279,0.0651,-0.0824,-0.0621,17.3812,-0.0686,-9.7820,0.1746
114.000,493.161,1.1610,-5.9772,-98.783,1.1735,-6.0269,-98.049,0.0472,0.0199,0.0513,0.734,2.0954,3.8399,0.776,-1.0556,-9.8534,-98.825,6.232,-0.3802,502.406,1.5825,0.0285,0.0134,0.4716,6.6268,5.8262,nan,5.7216,5.4574,0.2161,-0.0488,2.1877,0.0631,-0.0750,-0.0681,17.5810,-0.0240,-8.7538,0.1746
114.050,493.494,1.1076,-6.3057,-100.029,1.1224,-6.3644,-99.255,0.0552,0.0248,0.0605,0.775,2.0954,3.8399,0.776,-1.1112,-10.1901,-100.031,5.888,-0.4328,502.711,1.5882,0.0179,0.0101,0.5621,6.2186,5.9005,nan,5.5602,5.2771,0.2090,-0.0599,2.1384,0.0492,-0.0745,-0.0818,17.8806,0.0082,-7.8427,0.1746
114.100,493.494,1.1076,-6.3057,-100.029,1.1196,-6.3515,-99.976,0.0430,0.0198,0.0473,0.053,2.2210,3.8397,0.055,-1.1112,-10.1901,-100.031,5.888,-0.4328,502.711,1.5882,0.0179,0.0073,0.4055,5.7905,5.3432,nan,5.4078,5.1033,0.2021,-0.0525,2.1120,0.0160,-0.0927,-0.0992,18.0804,0.0484,-6.1908,0.1746
114.150,493.810,1.0496,-6.6166,-101.417,1.0640,-6.6277,-101.467,0.0081,0.0163,0.0182,-0.050,2.2368,3.8241,-0.042,-1.1651,-10.4527,-101.424,5.625,-0.4936,503.008,1.5630,0.0177,0.0076,0.4302,5.4442,5.2964,nan,5.2572,4.9583,0.1964,-0.0567,2.0864,-0.0126,-0.0984,-0.1263,18.2802,0.0763,-5.4059,0.1746
114.200,494.118,0.9851,-6.9181,-103.060,0.9934,-6.9644,-103.314,0.0432,0.0185,0.0470,-0.255,2.2818,3.7686,-0.307,-1.2309,-10.7397,-103.008,5.402,-0.5053,503.301,1.5580,0.0207,0.0122,0.5885,5.2307,5.2102,nan,5.0363,4.7638,0.1887,-0.0718,2.0379,-0.0370,-0.0883,-0.1438,18.5799,0.0741,-2.9390,0.1746
114.250,494.446,0.9074,-7.2366,-104.635,0.9125,-7.2798,-104.523,0.0406,0.0158,0.0435,0.112,2.1750,3.7548,0.233,-1.3073,-11.0294,-104.755,5.180,-0.4510,503.613,1.5448,0.0090,0.0061,0.6731,5.2576,5.3253,nan,4.8839,4.6948,0.1859,-0.0893,2.0079,-0.0562,-0.0630,-0.1744,18.8796,0.0331,-4.1358,0.1746
114.300,494.726,0.8339,-7.5068,-106.067,0.8237,-7.5856,-105.483,0.0786,0.0120,0.0795,0.585,2.0881,3.7647,0.662,-1.3954,-11.3350,-106.145,5.006,-0.5217,503.881,1.5728,0.0104,0.0146,1.4046,5.2649,5.3253,nan,4.6418,4.5335,0.1795,-0.1331,2.0079,-0.0608,-0.0179,-0.1942,19.1792,-0.0134,-4.1358,0.1746
114.350,495.001,0.7545,-7.7702,-107.839,0.7705,-7.7403,-106.993,-0.0334,0.0061,0.0339,0.846,2.0874,3.8127,0.714,-1.4608,-11.5357,-107.708,4.824,-0.6373,504.145,1.5343,0.0114,0.0071,0.6192,4.8672,4.6138,nan,4.5679,4.3965,0.1741,-0.1505,2.0007,-0.0688,0.0011,-0.2112,19.3790,0.0418,-4.2979,0.1746
114.400,495.265,0.6686,-8.0196,-110.828,0.6913,-7.9750,-108.960,-0.0498,0.0053,0.0501,1.867,2.0659,3.8381,0.862,-1.5522,-11.7911,-109.822,4.608,-1.0395,504.396,1.5416,0.0211,0.0117,0.5534,4.7800,4.8055,nan,4.4296,4.2507,0.1683,-0.1528,1.8586,-0.0818,0.0033,-0.2058,19.5788,0.0398,-4.9774,0.1746
114.450,495.513,0.5747,-8.2494,-114.157,0.5952,-8.2338,-112.867,-0.0226,0.0123,0.0258,1.290,1.9454,3.8374,1.485,-1.6627,-12.0322,-114.352,4.428,-1.0496,504.635,1.5614,0.0302,0.0096,0.3172,4.6271,4.6335,nan,4.3006,4.1347,0.1638,-0.1242,1.7336,-0.1070,-0.0408,-0.2266,19.7786,0.0403,-4.6473,0.1746
114.500,495.752,0.4718,-8.4648,-117.413,0.5134,-8.3842,-116.252,-0.0907,-0.0002,0.0907,1.161,2.0444,3.8289,1.006,-1.7453,-12.1844,-117.258,4.269,-0.9088,504.866,1.5184,0.0056,0.0049,0.8760,4.2405,4.0427,nan,4.2381,4.0001,0.1584,-0.1237,1.6071,-0.1053,-0.0559,-0.2454,19.8785,0.0932,-4.1724,0.1746
114.550,495.752,0.4718,-8.4648,-117.413,0.5134,-8.3842,-116.252,-0.0907,-0.0002,0.0907,1.161,2.0444,3.8289,1.006,-1.7453,-12.1844,-117.258,4.269,-0.9088,504.982,1.5184,0.0056,0.0049,0.8760,4.3846,4.4743,nan,4.0508,3.9480,0.1564,-0.1532,1.5817,-0.1260,-0.0263,-0.2921,20.1781,0.0196,-2.8879,0.1746
114.600,495.991,0.3572,-8.6751,-120.065,0.3862,-8.6083,-118.943,-0.0723,-0.0083,0.0728,1.121,1.9677,3.8544,1.385,-1.8822,-12.4209,-120.328,4.136,-0.7953,505.098,1.5489,0.0113,0.0036,0.3162,4.1650,4.1489,nan,3.9287,3.8189,0.1512,-0.1755,1.4784,-0.1346,0.0098,-0.3182,20.3779,0.0319,-3.4283,0.1746
114.650,496.215,0.2415,-8.8664,-122.558,0.2696,-8.7976,-121.241,-0.0731,-0.0134,0.0743,1.316,1.9727,3.8426,1.330,-1.9961,-12.5972,-122.572,4.002,-0.8866,505.314,1.5416,0.0179,0.0058,0.3274,3.9623,3.9544,nan,3.8717,3.7328,0.1478,-0.1786,1.3279,-0.1393,0.0279,-0.3408,20.5777,0.0567,-2.7137,0.1746
114.700,496.432,0.1204,-9.0469,-125.534,0.1564,-8.9714,-123.823,-0.0823,-0.0146,0.0836,1.712,1.9120,3.8558,1.632,-2.1203,-12.7720,-125.455,3.904,-1.0114,505.528,1.5423,0.0255,0.0064,0.2496,3.7597,3.7503,nan,3.8211,3.8370,0.1520,-0.1546,1.1109,-0.1388,0.0130,-0.3511,20.6776,0.0193,-3.2209,0.1746
114.750,496.647,-0.0091,-9.2187,-128.913,0.0246,-9.1290,-128.183,-0.0909,-0.0301,0.0958,0.730,2.1428,3.8160,0.554,-2.2434,-12.9239,-128.737,3.790,-1.0538,505.738,1.5291,0.0033,0.0039,1.1667,3.7811,3.8157,nan,3.7189,3.5850,0.1420,-0.1467,0.8782,-0.1314,0.0328,-0.3767,20.8774,0.0574,-2.4345,0.1746
114.800,496.861,-0.1475,-9.3811,-132.288,-0.1191,-9.2898,-131.756,-0.0867,-0.0404,0.0956,0.532,2.1462,3.8172,0.545,-2.3898,-13.0849,-132.300,3.714,-0.9114,505.948,1.5361,0.0097,0.0044,0.4536,3.7843,3.8157,nan,3.5021,3.4588,0.1370,-0.1520,0.8782,-0.1416,0.0773,-0.4266,21.1771,0.0033,-2.4345,0.1746
114.850,497.062,-0.2860,-9.5268,-135.061,-0.2590,-9.4283,-134.775,-0.0887,-0.0507,0.1021,0.286,2.1789,3.8188,0.425,-2.5361,-13.2286,-135.200,3.706,-0.8734,506.150,1.5427,0.0156,0.0119,0.7664,3.7252,3.7466,nan,3.3036,3.2803,0.1299,-0.2388,0.8782,-0.1320,0.1265,-0.4349,21.3769,-0.0190,0.3628,0.1746
114.900,497.260,-0.4291,-9.6637,-137.750,-0.3900,-9.5564,-137.086,-0.1011,-0.0532,0.1142,0.664,2.1252,3.8314,0.696,-2.6776,-13.3563,-137.782,3.510,-0.9135,506.338,1.5380,0.0227,0.0098,0.4320,3.6183,3.6311,nan,3.2033,3.1506,0.1248,-0.3253,0.8782,-0.1185,0.1285,-0.4336,21.4767,-0.0094,-5.0700,0.1746
114.950,497.450,-0.5735,-9.7874,-141.626,-0.5227,-9.6650,-139.206,-0.1158,-0.0644,0.1325,2.419,1.9394,3.8818,1.534,-2.8239,-13.4760,-140.741,3.307,-1.3043,506.520,1.5384,0.0319,0.0074,0.2317,3.4651,3.4671,nan,3.0742,2.9654,0.1174,-0.3566,0.8782,-0.0950,0.1723,-0.4278,21.6765,0.0097,-5.1014,0.1746
115.000,497.627,-0.7159,-9.8918,-146.531,-0.6501,-9.7541,-143.857,-0.1309,-0.0786,0.1526,2.674,1.8877,3.8906,1.752,-2.9537,-13.5607,-145.608,3.128,-1.6394,506.691,1.5198,0.0096,0.0171,1.7800,3.2243,3.1950,nan,3.0742,2.8805,0.1141,-0.4004,0.8782,-0.0936,0.1314,-0.4239,21.7764,0.0619,-4.5313,0.1746
115.050,497.775,-0.8427,-9.9690,-151.284,-0.7980,-9.8602,-149.090,-0.0914,-0.0739,0.1176,2.195,1.8013,3.8832,2.052,-3.0897,-13.6415,-151.142,2.959,-1.6751,506.835,1.5298,0.0100,0.0145,1.4546,3.1903,3.2111,nan,3.0482,2.8910,0.1145,-0.4021,0.8782,-0.0803,0.1152,-0.5019,21.9762,0.0522,-5.2954,0.1746
115.101,497.934,-0.9850,-10.0388,-156.923,-0.9395,-9.9270,-154.780,-0.0857,-0.0850,0.1207,2.143,1.8013,3.8832,2.052,-3.2335,-13.7032,-156.832,2.829,-1.7866,506.992,1.5284,0.0751,0.0513,0.6829,2.9630,2.9353,nan,3.1299,3.1137,0.1233,-0.4397,0.8782,-0.0612,0.0873,-0.5908,22.0761,0.0377,-3.9964,0.1746
115.150,497.934,-0.9850,-10.0388,-156.923,-0.9467,-9.9415,-154.525,-0.0734,-0.0745,0.1046,2.398,1.7326,3.8807,2.307,-3.2335,-13.7032,-156.832,2.829,-1.7866,506.992,1.5284,0.0144,0.0121,0.8399,2.7413,2.7139,nan,3.1299,3.0586,0.1211,-0.4419,0.8782,-0.0485,0.1267,-0.6936,22.2759,0.0793,-1.7979,0.1746
115.200,498.093,-1.1348,-10.0943,-162.722,-1.0872,-10.0045,-159.807,-0.0722,-0.0716,0.1017,2.914,1.6608,3.8712,2.538,-3.3599,-13.7404,-162.346,2.796,-1.8347,507.154,1.5003,0.0246,0.0126,0.5107,2.9576,3.0611,nan,3.2535,3.3027,0.1308,-0.4671,1.0804,-0.0153,0.1629,-0.6101,22.4757,0.0314,1.2282,0.1746
115.250,498.246,-1.2831,-10.1327,-168.776,-1.2685,-10.0593,-165.687,-0.0286,-0.0691,0.0748,3.089,1.5624,3.8864,2.958,-3.5468,-13.7811,-168.645,2.869,-1.9861,507.316,1.5376,0.0327,0.0278,0.8481,2.8797,2.8914,nan,3.3094,3.3478,0.1326,-0.4401,1.1163,-0.0010,0.1264,-0.6159,22.5756,0.0501,-0.1693,0.1746
115.300,498.408,-1.4426,-10.1557,-175.200,-1.4258,-10.0866,-171.943,-0.0225,-0.0674,0.0711,3.257,1.4765,3.8964,3.298,-3.7019,-13.7929,-175.241,2.896,-2.0594,507.484,1.5299,0.0179,0.0354,1.9777,2.9344,2.9684,nan,3.3861,3.3847,0.1340,-0.4286,1.1375,0.0152,0.0847,-0.6205,22.6754,0.0648,1.7353,0.1746
115.350,498.570,-1.6047,-10.1605,177.988,-1.5916,-10.0929,181.492,-0.0107,-0.0681,0.0689,3.504,1.5507,3.8783,2.983,-3.8651,-13.7887,178.509,3.002,-2.1146,507.662,1.5281,0.0189,0.0394,2.0802,2.9433,2.9684,nan,3.4341,3.4804,0.1378,-0.4118,1.1816,0.0331,0.1007,-0.5345,22.8752,0.0556,1.7353,0.1746
115.400,498.719,-1.7534,-10.1483,172.056,-1.7734,-10.0732,173.463,0.0302,-0.0716,0.0777,1.407,1.8481,3.8101,1.809,-4.0579,-13.7621,171.654,3.080,-2.1252,507.822,1.5659,0.0194,0.0269,1.3896,3.1928,3.3351,nan,3.5433,3.5840,0.1419,-0.3800,1.2878,0.0448,0.0847,-0.5382,23.0750,0.0417,1.8523,0.1746
115.450,498.893,-1.9245,-10.1149,165.341,-1.9258,-10.0367,166.774,0.0210,-0.0753,0.0782,1.433,1.9732,3.7770,1.279,-4.2063,-13.7233,165.496,3.155,-1.9635,508.007,1.5426,0.0258,0.0129,0.4980,3.0763,3.0828,nan,3.6391,3.6401,0.1442,-0.3154,1.2620,0.0293,0.0157,-0.5040,23.1749,0.0781,0.4548,0.1746
115.500,499.071,-2.0939,-10.0616,159.288,-2.1086,-9.9731,160.286,0.0451,-0.0776,0.0897,0.998,2.0163,3.7643,1.164,-4.4032,-13.6508,159.122,3.293,-1.7522,508.200,1.5635,0.0315,0.0122,0.3872,3.3101,3.4363,nan,3.7245,3.8022,0.1506,-0.2908,1.3897,0.0272,0.0101,-0.4577,23.3747,0.0397,3.5839,0.1747
115.550,499.263,-2.2700,-9.9860,153.905,-2.2693,-9.8955,155.028,0.0392,-0.0816,0.0905,1.122,2.0036,3.7680,1.285,-4.5784,-13.5641,153.742,3.422,-1.5782,508.402,1.5596,0.0379,0.0104,0.2751,3.4263,3.4820,nan,3.7562,3.8399,0.1521,-0.2784,1.4394,0.0213,0.0242,-0.4419,23.5745,0.0281,3.3663,0.1747
115.600,499.451,-2.4361,-9.8964,149.011,-2.4812,-9.7729,149.559,0.1022,-0.0827,0.1315,0.547,2.0974,3.7438,0.804,-4.7677,-13.4511,148.755,3.554,-1.5588,508.602,1.5760,0.0197,0.0188,0.9543,3.5943,3.6763,nan,3.8402,3.9336,0.1558,-0.2742,1.5100,0.0189,0.0455,-0.4278,23.7742,0.0160,3.2414,0.1747
115.650,499.656,-2.6075,-9.7836,143.913,-2.6361,-9.6629,144.794,0.0942,-0.0807,0.1241,0.881,2.0974,3.7438,0.804,-4.9211,-13.3390,143.991,3.642,-1.5577,508.816,1.5587,0.0234,0.0157,0.6695,3.5105,3.5264,nan,3.9628,3.9443,0.1562,-0.2672,1.4748,0.0160,0.0513,-0.4494,23.9740,0.0732,1.9430,0.1747
115.700,499.656,-2.6075,-9.7836,143.913,-2.6404,-9.6611,145.066,0.0987,-0.0796,0.1269,1.153,2.0294,3.7679,1.076,-4.9211,-13.3390,143.991,3.642,-1.5577,508.816,1.5587,0.0234,0.0210,0.8971,3.7046,3.8033,nan,4.0855,4.1320,0.1636,-0.2654,1.5728,0.0312,0.0660,-0.4380,24.1738,0.0464,1.7954,0.1747
115.750,499.867,-2.7722,-9.6530,138.785,-2.8235,-9.5113,139.225,0.1320,-0.0728,0.1507,0.440,2.2336,3.7052,0.166,-5.0954,-13.2018,139.059,3.726,-1.5535,509.036,1.5664,0.0289,0.0199,0.6889,3.9257,4.0510,nan,4.1854,4.3600,0.1727,-0.2379,1.7453,0.0260,0.0464,-0.3511,24.3736,0.0038,0.7761,0.1747
115.800,500.069,-2.9192,-9.5140,133.961,-2.9874,-9.3328,133.536,0.1778,-0.0767,0.1936,-0.425,2.3573,3.6651,-0.375,-5.2594,-13.0326,133.911,3.776,-1.5637,509.245,1.5757,0.0299,0.0211,0.7051,3.8082,3.8207,nan,4.2863,4.4115,0.1747,-0.2126,1.6959,0.0152,0.0280,-0.3436,24.5734,0.0403,2.3964,0.1747
115.850,500.280,-3.0596,-9.3565,129.001,-3.1102,-9.1771,128.890,0.1713,-0.0736,0.1864,-0.111,2.2703,3.6981,0.033,-5.3879,-12.8721,128.857,3.898,-1.4831,509.468,1.5634,0.0311,0.0199,0.6389,3.8767,3.9231,nan,4.3874,4.4684,0.1770,-0.2015,1.7336,0.0202,0.0226,-0.3403,24.7732,0.0544,3.8047,0.1747
115.900,500.503,-3.1936,-9.1779,124.298,-3.2405,-8.9907,124.588,0.1811,-0.0667,0.1930,0.290,2.2217,3.7212,0.226,-5.5122,-12.6903,124.363,4.062,-1.3744,509.706,1.5532,0.0194,0.0190,0.9782,4.0536,4.1457,nan,4.5337,4.6362,0.1836,-0.1948,1.8365,0.0205,0.0250,-0.3166,24.9729,0.0472,3.8047,0.1747
115.950,500.705,-3.3023,-9.0079,120.465,-3.3569,-8.8147,120.900,0.1942,-0.0509,0.2008,0.435,2.1777,3.7219,0.491,-5.6418,-12.4887,120.410,4.163,-1.3326,509.917,1.5668,0.0191,0.0244,1.2784,4.1942,4.2740,nan,4.6653,4.7822,0.1894,-0.2025,1.9286,0.0416,0.0582,-0.2900,25.2726,0.0444,2.0134,0.1747
116.000,500.936,-3.4131,-8.8047,116.323,-3.4651,-8.6101,116.434,0.1975,-0.0397,0.2015,0.111,2.2297,3.6930,0.242,-5.7466,-12.2789,116.193,4.256,-1.2990,510.158,1.5595,0.0176,0.0232,1.3170,4.2295,4.2740,nan,4.7037,4.8205,0.1909,-0.1927,1.9520,0.0415,0.0264,-0.2834,25.3725,0.0451,2.0134,0.1747
116.050,501.174,-3.5117,-8.5884,112.198,-3.5547,-8.4039,112.570,0.1871,-0.0299,0.1895,0.371,2.1952,3.6920,0.423,-5.8391,-12.0531,112.147,4.377,-1.3194,510.407,1.5516,0.0157,0.0242,1.5447,4.2644,4.3096,nan,4.7746,4.8716,0.1929,-0.1855,1.9820,0.0441,0.0442,-0.2709,25.6722,0.0532,2.7892,0.1747
116.100,501.423,-3.5983,-8.3546,107.937,-3.6340,-8.1943,109.828,0.1635,-0.0154,0.1642,1.892,1.9119,3.7975,1.793,-5.9184,-11.8124,108.036,4.517,-1.3083,510.670,1.5431,0.0146,0.0329,2.2604,4.3790,4.4543,nan,4.8767,4.9616,0.1965,-0.1738,2.0368,0.0468,0.0349,-0.2697,25.8720,0.0545,3.0906,0.1747
116.150,501.675,-3.6680,-8.1132,103.809,-3.6946,-7.9678,104.983,0.1476,-0.0088,0.1478,1.174,2.0564,3.6897,1.168,-5.9874,-11.5379,103.815,4.615,-1.2684,510.932,1.5364,0.0189,0.0366,1.9351,4.6137,4.8021,nan,4.9744,5.0834,0.2013,-0.1770,2.1510,0.0633,0.0457,-0.2654,26.0718,0.0358,2.1538,0.1747
116.200,501.931,-3.7217,-7.8622,99.826,-3.7417,-7.7153,100.892,0.1482,-0.0053,0.1483,1.067,2.0661,3.6802,1.131,-6.0316,-11.2787,99.762,4.712,-1.2861,511.199,1.5256,0.0136,0.0341,2.5036,4.6880,4.7577,nan,5.0407,5.1517,0.2040,-0.1502,2.1955,0.0494,0.0249,-0.2576,26.2715,0.0351,2.2062,0.1747
116.250,501.931,-3.7217,-7.8622,99.826,-3.7417,-7.7153,100.892,0.1482,-0.0053,0.1483,1.067,2.0661,3.6802,1.131,-6.0316,-11.2787,99.762,4.712,-1.2861,511.199,1.5256,0.0136,0.0341,2.5036,4.7480,4.8139,nan,5.1140,5.2207,0.2068,-0.1378,2.2228,0.0447,0.0109,-0.2505,26.4713,0.0377,1.9282,0.1747
116.300,502.198,-3.7588,-7.5982,95.659,-3.7702,-7.4425,96.046,0.1560,-0.0041,0.1561,0.386,2.2145,3.6029,0.390,-6.0598,-11.0044,95.655,4.807,-1.1792,511.477,1.5151,0.0101,0.0236,2.3401,4.8451,4.9305,nan,5.2470,5.3485,0.2118,-0.1190,2.2378,0.0324,0.0161,-0.2389,26.7710,0.0431,2.1538,0.1747
116.350,502.475,-3.7782,-7.3221,91.982,-3.7775,-7.1558,91.941,0.1662,-0.0064,0.1663,-0.041,2.2625,3.5759,0.154,-6.0689,-10.7155,91.787,4.900,-1.0638,511.765,1.5029,0.0077,0.0289,3.7552,4.9421,5.0314,nan,5.3551,5.4839,0.2172,-0.1112,2.2674,0.0349,0.0333,-0.2163,27.0707,0.0410,1.8012,0.1747
116.400,502.742,-3.7808,-7.0553,88.711,-3.7839,-6.9025,89.257,0.1527,0.0066,0.1528,0.546,2.2022,3.5938,0.467,-6.0714,-10.4472,88.790,4.977,-1.0114,512.041,1.5026,0.0064,0.0363,5.6511,5.1167,5.2703,nan,5.5308,5.7052,0.2259,-0.1059,2.3010,0.0392,0.0287,-0.1913,27.2705,0.0369,2.3256,0.1747
116.450,503.018,-3.7683,-6.7787,85.779,-3.7656,-6.6067,86.333,0.1717,0.0100,0.1720,0.554,2.1221,3.6245,0.903,-6.0482,-10.1371,85.430,5.082,-0.8913,512.329,1.4871,0.0087,0.0350,4.0013,5.0652,5.1033,nan,5.6340,5.8486,0.2316,-0.1007,2.3827,0.0478,0.0338,-0.1323,27.5702,0.0507,2.5560,0.1747
116.500,503.306,-3.7408,-6.4921,82.946,-3.7374,-6.3672,83.888,0.1244,0.0119,0.1250,0.942,2.0981,3.5967,1.028,-6.0133,-9.8575,82.860,5.198,-0.8676,512.629,1.4808,0.0035,0.0322,9.1374,5.0539,5.1033,nan,5.7269,5.9685,0.2364,-0.1012,2.3827,0.0543,0.0279,-0.1057,27.7699,0.0612,2.5560,0.1747
116.550,503.597,-3.6992,-6.2046,80.205,-3.6864,-6.0800,80.984,0.1250,0.0086,0.1253,0.779,2.1603,3.5628,0.700,-5.9641,-9.5707,80.284,5.355,-0.8543,512.936,1.4733,0.0030,0.0275,9.1800,5.1628,5.2679,nan,5.8953,6.0929,0.2413,-0.0929,2.3827,0.0506,0.0125,-0.1218,27.9697,0.0717,3.5517,0.1747
116.600,503.908,-3.6399,-5.8991,77.431,-3.6129,-5.7450,77.129,0.1563,0.0071,0.1565,-0.302,2.3191,3.4516,-0.267,-5.8890,-9.2241,77.396,5.547,-0.8172,513.267,1.4524,0.0033,0.0316,9.6114,5.4163,5.7398,nan,6.0164,6.2036,0.2457,-0.0825,2.3827,0.0413,0.0148,-0.1336,28.3693,0.0584,4.2384,0.1747
116.650,504.212,-3.5682,-5.6037,74.926,-3.5144,-5.4269,73.964,0.1847,-0.0059,0.1848,-0.962,2.4361,3.3977,-0.933,-5.8061,-8.9203,74.896,5.699,-0.7620,513.588,1.4403,0.0049,0.0327,6.6435,5.5918,5.7790,nan,6.1344,6.3294,0.2507,-0.0623,2.3886,0.0225,-0.0011,-0.1295,28.6689,0.0524,3.5305,0.1747
116.700,504.535,-3.4786,-5.2930,72.576,-3.4193,-5.1087,72.692,0.1936,-0.0014,0.1936,0.115,2.2617,3.5085,0.166,-5.7059,-8.6008,72.526,5.841,-0.6274,513.928,1.4289,0.0016,0.0125,7.9534,5.7556,5.9399,nan,6.2722,6.4814,0.2567,-0.0458,2.3935,0.0013,-0.0104,-0.1215,28.9686,0.0494,3.2122,0.1747
116.750,504.819,-3.3906,-5.0235,71.003,-3.3187,-4.8021,71.703,0.2328,0.0041,0.2328,0.700,2.1381,3.5808,0.959,-5.5963,-8.2904,70.744,5.958,-0.5224,514.225,1.4036,0.0030,0.0183,6.1694,5.9507,6.1943,nan,6.3928,6.6289,0.2625,-0.0533,2.3935,0.0164,0.0190,-0.1155,29.2683,0.0410,3.0813,0.1747
116.800,505.157,-3.2771,-4.7050,69.600,-3.2200,-4.5246,70.361,0.1890,0.0093,0.1892,0.762,2.1381,3.5808,0.959,-5.4929,-8.0146,69.402,6.104,-0.4768,514.580,1.4176,0.0004,0.0158,42.6820,5.8256,5.8476,nan,6.5399,6.6753,0.2644,-0.0613,2.3935,0.0351,0.0503,-0.1211,29.5680,0.0759,2.8767,0.1747
116.850,505.157,-3.2771,-4.7050,69.600,-3.2090,-4.5105,70.065,0.2060,0.0040,0.2061,0.466,2.1908,3.5672,0.663,-5.4929,-8.0146,69.402,6.104,-0.4768,514.580,1.4176,0.0004,0.0138,37.2160,6.0933,6.6535,nan,6.7281,6.9800,0.2764,-0.0535,2.4890,0.0559,0.0685,-0.0642,29.9675,0.0614,3.1257,0.1747
116.900,505.497,-3.1550,-4.3879,68.002,-3.0689,-4.1403,69.465,0.2619,0.0129,0.2622,1.464,2.0934,3.6179,1.373,-5.3467,-7.6322,68.092,6.239,-0.5584,514.937,1.3880,0.0010,0.0217,22.3068,6.2527,6.4669,nan,6.8609,7.1998,0.2851,-0.0473,2.4936,0.0750,0.0590,-0.0113,30.2672,0.0569,1.9721,0.1747
116.950,505.849,-3.0186,-4.0632,66.118,-2.9202,-3.7993,68.165,0.2811,0.0168,0.2816,2.047,2.0090,3.6692,2.091,-5.1983,-7.2837,66.074,6.336,-0.5514,515.302,1.3748,0.0028,0.0204,7.3525,6.1092,6.1252,nan,6.9038,7.1837,0.2845,-0.0334,2.4936,0.0750,0.0325,-0.0116,30.3671,0.0777,3.7273,0.1747
117.000,506.215,-2.8661,-3.7301,64.404,-2.7874,-3.5037,66.721,0.2382,0.0268,0.2397,2.317,1.9967,3.7002,2.303,-5.0696,-7.0058,64.418,6.509,-0.4983,515.691,1.4022,0.0037,0.0309,8.2511,6.3631,7.2535,nan,7.0000,7.3121,0.2896,-0.0261,2.4908,0.0926,0.0289,-0.0192,30.8666,0.0609,3.9968,0.1747
117.050,506.605,-2.6934,-3.3804,62.812,-2.5960,-3.0649,66.546,0.3251,0.0576,0.3302,3.735,1.7947,3.8090,3.866,-4.8442,-6.5621,62.680,6.694,-0.3689,516.104,1.3447,0.0019,0.0423,22.3139,6.6233,7.2535,nan,7.0000,7.2250,0.2861,-0.0086,2.4442,0.0988,0.0188,-0.0216,31.3660,0.0390,3.9968,0.1747
117.100,506.997,-2.5114,-3.0335,61.686,-2.4271,-2.7138,65.774,0.3214,0.0774,0.3306,4.088,1.7688,3.8455,4.198,-4.6648,-6.2346,61.576,6.803,-0.2199,516.513,1.3478,0.0068,0.0377,5.5000,6.6879,6.8294,nan,7.0000,7.0203,0.2780,-0.0194,2.4027,0.1281,0.0382,0.0168,31.6657,0.0497,2.4312,0.1747
117.150,507.387,-2.3253,-2.6906,61.326,-2.2429,-2.3425,65.507,0.3450,0.0947,0.3577,4.181,1.7532,3.8818,4.509,-4.4730,-5.8909,60.999,6.868,-0.1664,516.915,1.3420,0.0049,0.0546,11.1262,6.8168,7.0304,nan,7.0000,7.0551,0.2794,-0.0112,2.3734,0.1399,0.0350,0.0282,31.9654,0.0350,1.6846,0.1747
117.200,507.764,-2.1429,-2.3608,60.713,-2.0503,-1.9399,65.155,0.4124,0.1251,0.4310,4.443,1.7855,3.8871,4.355,-4.2673,-5.5189,60.800,6.840,-0.1450,517.295,1.3181,0.0019,0.0465,25.1372,7.0163,7.3717,nan,7.0000,7.1092,0.2816,0.0006,2.3353,0.1484,0.0196,0.0539,32.4648,0.0132,-0.6816,0.1747
117.250,507.764,-2.1429,-2.3608,60.713,-2.0503,-1.9399,65.155,0.4124,0.1251,0.4310,4.443,1.7855,3.8871,4.355,-4.2673,-5.5189,60.800,6.840,-0.1450,517.482,1.3181,0.0019,0.0465,25.1372,6.8722,6.8943,nan,6.7467,6.8777,0.2724,0.0235,2.3172,0.1380,-0.0087,0.0613,32.7645,0.0008,-0.1976,0.1747
117.300,508.133,-1.9614,-2.0394,60.352,-1.8602,-1.5559,63.860,0.4703,0.1512,0.4940,3.508,1.8939,3.9023,3.608,-4.0901,-5.2112,60.252,6.833,-0.0391,517.669,1.3224,0.0027,0.0172,6.4140,6.7385,6.7644,nan,6.4885,6.6452,0.2632,0.0564,2.3164,0.1181,-0.0431,0.0618,33.1641,-0.0138,0.5023,0.1747
117.350,508.523,-1.7684,-1.7003,60.409,-1.6735,-1.1801,63.434,0.4992,0.1744,0.5288,3.025,1.9545,3.9242,3.206,-3.9078,-4.8935,60.228,6.846,0.1478,518.066,1.3335,0.0051,0.0113,2.2264,6.9100,7.1948,nan,6.0911,5.8341,0.2311,0.0868,2.3016,0.0955,-0.0532,0.0483,33.5636,-0.0154,-1.7499,0.1747
117.400,508.891,-1.5883,-1.3800,61.180,-1.4845,-0.7729,64.163,0.5819,0.2017,0.6159,2.983,1.9537,3.9629,3.291,-3.7045,-4.5306,60.872,6.764,0.3698,518.431,1.3099,0.0061,0.0131,2.1689,6.7036,6.6849,nan,5.9377,5.6766,0.2248,0.0963,2.2182,0.0934,-0.0541,0.1029,33.9632,-0.0088,-3.0166,0.1747
117.450,509.266,-1.4115,-1.0496,63.022,-1.3266,-0.4073,66.775,0.6109,0.2157,0.6479,3.752,1.8794,4.0527,4.340,-3.5342,-4.2046,62.435,6.608,0.6413,518.795,1.3165,0.0098,0.0173,1.7681,6.6302,6.6849,nan,5.6331,5.4852,0.2172,0.0984,2.1702,0.0730,-0.0702,0.1272,34.2629,-0.0455,-3.0166,0.1747
117.500,509.624,-1.2545,-0.7278,65.694,-1.1998,-0.0777,68.676,0.6149,0.2177,0.6523,2.981,1.9526,4.0600,3.654,-3.4097,-3.9285,65.022,6.206,0.8996,519.119,1.3496,0.0069,0.0150,2.1717,6.2989,6.1573,nan,5.3948,5.2643,0.2085,0.1045,2.0636,0.0956,-0.0329,0.1457,34.5626,-0.0388,-8.1671,0.1748
117.550,509.956,-1.1236,-0.4225,68.557,-1.0966,0.2653,71.797,0.6501,0.2264,0.6883,3.240,1.9862,4.0761,3.258,-3.2944,-3.6295,68.539,5.891,0.9229,519.427,1.3654,0.0058,0.0209,3.5943,6.0401,5.9830,nan,5.2213,5.0951,0.2018,0.1091,2.0493,0.0931,-0.0185,0.1616,34.8622,-0.0309,-7.1981,0.1748
117.600,510.275,-1.0132,-0.1234,71.543,-0.9974,0.5655,74.018,0.6584,0.2032,0.6891,2.475,2.0546,4.0307,2.332,-3.1905,-3.3382,71.686,5.524,0.9291,519.719,1.3721,0.0070,0.0210,2.9825,5.7179,5.6000,nan,4.9371,4.8196,0.1909,0.1223,1.9931,0.0880,-0.0283,0.1774,35.1619,-0.0288,-8.1889,0.1748
117.650,510.581,-0.9223,0.1692,74.535,-0.9319,0.7952,76.274,0.6008,0.1762,0.6261,1.739,2.1033,3.9871,1.689,-3.1280,-3.1010,74.586,5.252,0.9198,520.007,1.4038,0.0208,0.0328,1.5794,5.3048,4.9665,nan,4.7457,4.5716,0.1811,0.1396,1.9433,0.0756,-0.0357,0.1793,35.3617,0.0086,-6.4910,0.1748
117.700,510.581,-0.9223,0.1692,74.535,-0.9319,0.7952,76.274,0.6008,0.1762,0.6261,1.739,2.1033,3.9871,1.689,-3.1280,-3.1010,74.586,5.252,0.9198,520.007,1.4038,0.0208,0.0328,1.5794,5.0678,5.0350,nan,4.6588,4.4291,0.1754,0.1607,1.8536,0.0545,-0.0556,0.1801,35.6614,0.0425,-5.6453,0.1748
117.750,510.887,-0.8479,0.4656,77.850,-0.8716,1.0554,78.872,0.5716,0.1473,0.5903,1.022,2.1283,3.9361,1.287,-3.0638,-2.8125,77.586,4.956,0.9946,520.294,1.4147,0.0176,0.0284,1.6137,4.9514,4.9705,nan,4.4790,4.2510,0.1684,0.1721,1.8040,0.0460,-0.0416,0.1752,35.8612,0.0367,-6.2746,0.1748
117.800,511.156,-0.7976,0.7304,81.229,-0.8235,1.3001,80.896,0.5591,0.1124,0.5703,-0.333,2.2057,3.8339,-0.144,-3.0227,-2.5414,81.041,4.692,1.0796,520.547,1.4233,0.0213,0.0278,1.3033,4.6306,4.5355,nan,4.2752,4.0162,0.1591,0.1886,1.7671,0.0305,-0.0245,0.1711,35.9610,0.0602,-5.2726,0.1748
117.850,511.413,-0.7652,0.9846,84.893,-0.7897,1.5168,83.153,0.5280,0.0718,0.5328,-1.740,2.2716,3.7637,-1.416,-3.0049,-2.3218,84.569,4.474,1.1722,520.792,1.4410,0.0288,0.0319,1.1053,4.5179,4.5350,nan,4.1769,3.9839,0.1578,0.2113,1.6644,0.0133,-0.0429,0.2494,36.2607,0.0453,-5.0170,0.1748
117.900,511.657,-0.7503,1.2289,88.667,-0.7723,1.7302,87.199,0.5007,0.0336,0.5018,-1.468,2.2778,3.7233,-1.437,-2.9992,-2.0689,88.636,4.271,1.2153,521.026,1.4493,0.0235,0.0326,1.3856,4.2552,4.2166,nan,3.9258,3.7097,0.1469,0.2245,1.4288,0.0065,-0.0316,0.2428,36.4605,0.0512,-5.5312,0.1748
117.950,511.890,-0.7518,1.4617,92.615,-0.7605,1.9567,90.245,0.4949,-0.0139,0.4951,-2.370,2.3246,3.6761,-2.390,-3.0107,-1.8465,92.635,4.064,1.2879,521.250,1.4603,0.0276,0.0320,1.1579,4.1917,4.2166,nan,3.8415,3.6141,0.1431,0.2167,1.4074,0.0127,0.0061,0.2385,36.5604,0.0509,-5.5312,0.1748
118.000,512.106,-0.7683,1.6772,96.706,-0.7661,2.1128,93.944,0.4324,-0.0530,0.4356,-2.762,2.3478,3.6026,-2.837,-3.0364,-1.6421,96.780,3.945,1.3125,521.462,1.4707,0.0381,0.0289,0.7586,3.9562,3.9356,nan,3.7452,3.5291,0.1398,0.2360,1.3284,0.0013,0.0051,0.2928,36.7602,0.0646,-3.3615,0.1748
118.050,512.323,-0.8006,1.8915,100.918,-0.7973,2.2697,97.830,0.3707,-0.0749,0.3782,-3.089,2.3502,3.5514,-3.047,-3.0749,-1.4472,100.876,3.686,1.3251,521.666,1.4790,0.0497,0.0272,0.5485,3.7652,3.7599,nan,3.6419,3.4407,0.1363,0.2273,1.2642,0.0077,0.0317,0.3362,36.8601,0.0704,-6.5243,0.1748
118.100,512.521,-0.8444,2.0847,105.076,-0.8415,2.4167,102.237,0.3198,-0.0891,0.3320,-2.839,2.3457,3.5096,-2.891,-3.1281,-1.2522,105.128,3.531,1.2539,521.858,1.4881,0.0198,0.0229,1.1540,3.6872,3.7053,nan,3.4590,3.2990,0.1307,0.2118,1.2380,0.0317,0.0232,0.3850,37.0599,0.0455,-4.4732,0.1748
118.150,512.712,-0.8997,2.2671,108.937,-0.8932,2.5887,106.196,0.3021,-0.1106,0.3217,-2.741,2.3457,3.5096,-2.891,-3.1883,-1.0830,109.086,3.411,1.1382,522.044,1.4947,0.0348,0.0206,0.5921,3.4734,3.4574,nan,3.3813,3.1691,0.1255,0.1648,1.1662,0.0620,0.0469,0.3766,37.1598,0.0757,-3.2733,0.1748
118.200,512.712,-0.8997,2.2671,108.937,-0.8930,2.5609,106.350,0.2758,-0.1017,0.2939,-2.587,2.3434,3.4905,-2.736,-3.1883,-1.0830,109.086,3.411,1.1382,522.137,1.4947,0.0348,0.0173,0.4971,3.3421,3.3479,nan,3.3813,3.3990,0.1346,0.1527,1.1222,0.0856,0.0617,0.3814,37.2596,0.0142,-3.1621,0.1748
118.250,512.902,-0.9669,2.4456,112.494,-0.9530,2.6863,109.870,0.2170,-0.1049,0.2411,-2.623,2.3408,3.4626,-2.566,-3.2557,-0.9230,112.436,3.290,0.8767,522.230,1.4973,0.0389,0.0149,0.3822,3.4281,3.4747,nan,3.1482,2.9998,0.1188,0.1812,1.1245,0.1136,0.0210,0.4158,37.4594,0.0345,-2.8121,0.1748
118.300,513.080,-1.0385,2.6084,115.097,-1.0193,2.7937,111.733,0.1596,-0.0960,0.1863,-3.364,2.3653,3.3159,-3.650,-3.3444,-0.7366,115.383,3.202,0.7685,522.404,1.5112,0.0428,0.0179,0.4178,3.1117,3.0280,nan,3.2243,3.2224,0.1276,0.1313,1.0448,0.1377,0.0329,0.4158,37.4594,0.0277,2.0175,0.1748
118.350,513.255,-1.1160,2.7656,117.485,-1.0783,2.9073,113.688,0.1083,-0.0989,0.1467,-3.797,2.3667,3.2879,-3.854,-3.4116,-0.6112,117.541,3.248,0.8453,522.582,1.5053,0.0489,0.0214,0.4373,3.1677,3.2041,nan,3.1482,2.9806,0.1180,0.1319,1.0391,0.1438,0.0327,0.4329,37.5593,0.0697,-5.4830,0.1748
118.400,513.428,-1.1991,2.9169,120.211,-1.1636,3.0716,117.463,0.1158,-0.1085,0.1587,-2.748,2.3530,3.3596,-2.650,-3.4995,-0.4503,120.113,3.078,0.6726,522.747,1.5087,0.0267,0.0282,1.0527,3.0500,3.0562,nan,2.9249,2.7869,0.1104,0.2437,0.9372,0.1445,-0.0272,0.4741,37.7591,0.0477,1.6656,0.1748
118.450,513.605,-1.2910,3.0685,122.272,-1.2548,3.2057,120.711,0.0967,-0.1038,0.1419,-1.561,2.3431,3.4079,-1.715,-3.5903,-0.3098,122.426,3.110,0.6327,522.926,1.5091,0.0341,0.0147,0.4312,3.0342,3.0562,nan,2.8437,2.7401,0.1085,0.2662,0.9010,0.1563,-0.0742,0.5349,37.9589,0.0294,1.6656,0.1748
118.500,513.779,-1.3861,3.2134,124.337,-1.3547,3.3466,122.726,0.0922,-0.1011,0.1368,-1.611,2.3354,3.4171,-1.510,-3.6869,-0.1677,124.235,2.968,0.7381,523.093,1.5110,0.0408,0.0124,0.3035,3.0802,3.1135,nan,2.6388,2.6035,0.1031,0.3654,0.9146,0.1605,-0.1446,0.5987,38.1587,-0.0206,-3.2780,0.1748
118.550,513.930,-1.4747,3.3364,127.678,-1.4530,3.4652,125.423,0.0887,-0.0959,0.1306,-2.254,2.3371,3.4064,-1.316,-3.7904,-0.0283,126.739,2.772,1.2240,523.237,1.5235,0.0502,0.0136,0.2717,3.0630,3.0850,nan,2.5136,2.5009,0.0990,0.4464,0.9095,0.1520,-0.1574,0.6200,38.2586,-0.0402,-5.2109,0.1748
118.600,514.080,-1.5702,3.4511,132.393,-1.5247,3.5440,130.120,0.0379,-0.0962,0.1034,-2.273,2.3371,3.4064,-1.316,-3.8639,0.0488,131.436,2.586,1.5446,523.381,1.5073,0.0281,0.0222,0.7877,2.7055,2.5486,nan,2.5242,2.4277,0.0961,0.3222,0.8034,0.1740,-0.1153,0.6563,38.3585,0.0265,-5.0711,0.1748
118.650,514.205,-1.6584,3.5404,137.308,-1.6290,3.6334,136.065,0.0415,-0.0883,0.0976,-1.243,2.3360,3.4420,-0.681,-3.9671,0.1443,136.746,2.459,1.7313,523.505,1.5211,0.0270,0.0073,0.2701,2.6759,2.6930,nan,2.5029,2.3193,0.0919,0.3852,0.8000,0.1708,-0.1112,0.3670,38.5582,0.0533,-4.2192,0.1748
118.700,514.336,-1.7580,3.6258,141.249,-1.7292,3.7075,142.022,0.0287,-0.0817,0.0866,0.772,2.3386,3.4327,-0.735,-4.0710,0.2225,142.757,2.387,1.2732,523.634,1.5264,0.0300,0.0038,0.1272,2.5248,2.5185,nan,2.5235,2.4286,0.0962,0.3526,0.8000,0.1857,-0.0530,0.7333,38.6581,0.0451,-1.7857,0.1748
118.750,514.336,-1.7580,3.6258,141.249,-1.7292,3.7075,142.022,0.0287,-0.0817,0.0866,0.772,2.3386,3.4327,-0.735,-4.0710,0.2225,142.757,2.387,1.2732,523.634,1.5264,0.0300,0.0038,0.1272,2.3574,2.3451,nan,2.4649,2.4579,0.0973,0.4844,0.8000,0.1807,-0.1157,0.9496,38.7580,0.0251,-3.6456,0.1748
118.800,514.466,-1.8625,3.7034,145.697,-1.8402,3.8077,144.572,0.0403,-0.0987,0.1067,-1.126,2.3289,3.4466,-0.904,-4.1743,0.2953,145.476,2.301,1.2808,523.762,1.5261,0.0349,0.0050,0.1433,2.2326,2.2300,nan,2.3796,2.3713,0.0939,0.6505,0.8000,0.1532,-0.1411,0.9114,38.8579,0.0292,1.0176,0.1748
118.850,514.594,-1.9706,3.7716,149.754,-1.9377,3.8647,148.728,0.0185,-0.0970,0.0987,-1.026,2.3289,3.4466,-0.904,-4.2727,0.3507,149.632,2.335,1.3401,523.892,1.5187,0.0403,0.0020,0.0504,2.3705,2.4228,nan,2.2261,2.1495,0.0851,0.7326,0.8000,0.1303,-0.2485,0.8798,39.0577,0.0224,-0.1446,0.1748
118.900,514.725,-2.0858,3.8325,155.093,-2.0708,3.9494,152.994,0.0357,-0.1124,0.1179,-2.099,2.3274,3.4373,-1.221,-4.4081,0.4183,154.215,2.318,1.8148,524.026,1.5375,0.0551,0.0155,0.2817,2.3075,2.3168,nan,2.1744,2.0623,0.0817,0.7691,0.8000,0.0998,-0.2268,0.8827,39.1576,0.0348,-2.1286,0.1748
118.950,514.850,-2.2019,3.8794,161.376,-2.1992,4.0025,159.831,0.0368,-0.1176,0.1232,-1.545,2.3131,3.4902,-0.732,-4.5185,0.4547,160.563,2.231,2.1011,524.153,1.5336,0.0220,0.0268,1.2180,2.3761,2.4079,nan,2.1652,2.1063,0.0834,0.7295,0.8000,0.0724,-0.2173,1.0072,39.2575,0.0093,-4.9512,0.1748
119.000,514.967,-2.3153,3.9107,167.849,-2.3451,4.0453,167.168,0.0574,-0.1253,0.1378,-0.682,2.3034,3.4698,-1.112,-4.6588,0.4852,168.279,2.071,2.0564,524.269,1.5602,0.0242,0.0261,1.0774,2.3871,2.4079,nan,2.3039,2.3018,0.0912,0.7234,0.8000,0.0337,-0.3106,1.2162,39.4573,0.0034,-4.9512,0.1748
119.050,515.082,-2.4283,3.9282,174.600,-2.4331,4.0642,172.998,0.0176,-0.1349,0.1361,-1.602,2.3034,3.4698,-1.253,-4.7484,0.4907,174.252,1.970,2.1897,524.386,1.5393,0.0337,0.0203,0.6016,2.1043,2.0327,nan,2.2201,2.2091,0.0875,0.9040,0.8000,0.0157,-0.3476,1.2690,39.5572,0.0262,-3.5885,0.1748
119.100,515.191,-2.5376,3.9318,-178.038,-2.5535,4.0717,-180.094,0.0111,-0.1404,0.1408,-2.056,2.3060,3.4305,-1.799,-4.8773,0.4884,-178.295,2.004,2.3769,524.509,1.5596,0.0413,0.0306,0.7417,2.1304,2.1515,nan,2.3690,2.3655,0.0937,0.8851,0.8000,-0.0232,-0.3485,1.2091,39.6570,0.0371,-0.0645,0.1748
119.150,515.302,-2.6482,3.9206,-170.276,-2.6831,4.0685,-172.823,0.0094,-0.1517,0.1520,-2.547,2.2912,3.4065,-2.224,-4.9962,0.4685,-170.599,1.984,2.4629,524.630,1.5695,0.0506,0.0450,0.8881,2.1513,2.1717,nan,2.4233,2.4933,0.0987,0.8702,0.8000,-0.0510,-0.3386,1.0600,39.7569,0.0180,-1.5572,0.1748
119.200,515.412,-2.7549,3.8948,-161.863,-2.8146,4.0401,-164.491,0.0115,-0.1566,0.1571,-2.629,2.2838,3.4207,-2.118,-5.1178,0.4305,-162.374,2.007,2.8716,524.757,1.5864,0.0166,0.0782,4.7168,2.1909,2.2150,nan,2.5131,2.5855,0.1024,0.8430,0.8000,-0.0934,-0.3183,1.0322,39.8568,0.0235,0.1747,0.1748
119.250,515.510,-2.8455,3.8583,-153.742,-2.9079,3.9845,-154.961,0.0001,-0.1408,0.1408,-1.219,2.3066,3.4909,-1.169,-5.2234,0.3871,-153.792,2.065,2.9631,524.873,1.6025,0.0141,0.0644,4.5678,2.2461,2.2739,nan,2.6092,2.6480,0.1049,0.8069,0.8000,-0.1298,-0.2473,0.9975,39.9567,0.0385,-0.1159,0.1748
119.300,515.628,-2.9470,3.7978,-144.256,-3.0231,3.9097,-145.462,-0.0036,-0.1353,0.1354,-1.206,2.3066,3.4909,-1.169,-5.3371,0.3100,-144.293,2.155,2.9074,525.013,1.6177,0.0189,0.0706,3.7435,2.3327,2.3686,nan,2.7992,2.8409,0.1125,0.7542,0.8217,-0.1242,-0.1684,0.8353,40.0566,0.0506,1.8545,0.1748
119.350,515.628,-2.9470,3.7978,-144.256,-3.0158,3.9140,-145.351,-0.0120,-0.1345,0.1350,-1.095,2.3147,3.5054,-1.058,-5.3371,0.3100,-144.293,2.155,2.9074,525.013,1.6177,0.0189,0.0621,3.2935,2.4689,2.5217,nan,2.8573,2.9684,0.1176,0.6477,0.9100,-0.1316,-0.1008,0.7321,40.1565,0.0226,1.2230,0.1748
119.400,515.749,-3.0393,3.7201,-135.043,-3.1196,3.8088,-134.980,-0.0058,-0.1195,0.1196,0.063,2.3263,3.5900,-0.163,-5.4465,0.2033,-134.817,2.244,2.8420,525.155,1.6405,0.0198,0.0575,2.9030,2.4950,2.5192,nan,2.8762,3.0058,0.1190,0.5108,0.9251,-0.1221,-0.0184,0.6523,40.2564,0.0172,3.2544,0.1748
119.450,515.878,-3.1241,3.6216,-125.841,-3.1908,3.6867,-126.176,-0.0137,-0.0922,0.0932,-0.335,2.3390,3.5736,-0.262,-5.5303,0.0879,-125.914,2.398,2.6818,525.310,1.6434,0.0276,0.0529,1.9177,2.6891,2.7726,nan,2.9369,3.0649,0.1214,0.4129,0.9971,-0.1017,-0.0175,0.6795,40.4561,0.0016,4.8157,0.1748
119.500,516.015,-3.1963,3.5058,-117.639,-3.2652,3.5454,-117.720,-0.0031,-0.0794,0.0795,-0.081,2.3481,3.5381,-0.761,-5.6129,-0.0673,-116.959,2.557,2.3986,525.469,1.6629,0.0352,0.0516,1.4689,2.7273,2.7557,nan,3.1081,3.1224,0.1237,0.3485,1.0113,-0.1002,0.0338,0.7189,40.5561,0.0507,3.9771,0.1749
119.550,516.166,-3.2581,3.3683,-110.625,-3.3087,3.4116,-110.575,-0.0227,-0.0627,0.0666,0.050,2.3553,3.5880,-0.302,-5.6631,-0.2063,-110.273,2.716,1.9246,525.636,1.6520,0.0149,0.0487,3.2667,2.7328,2.7557,nan,3.1981,3.1957,0.1266,0.2530,1.0558,-0.0858,0.0630,0.6306,40.6560,0.0656,3.9771,0.1749
119.600,516.319,-3.3052,3.2224,-104.959,-3.3432,3.2432,-104.445,-0.0103,-0.0421,0.0434,0.514,2.3704,3.6403,0.050,-5.7139,-0.3921,-104.495,2.853,1.5581,525.799,1.6661,0.0206,0.0424,2.0629,2.9795,3.1136,nan,3.4846,3.5957,0.1424,0.1850,1.2535,-0.0740,0.0251,0.4572,40.8558,0.0408,3.8016,0.1749
119.650,516.488,-3.3429,3.0581,-101.118,-3.3581,3.0979,-99.602,-0.0362,-0.0226,0.0427,1.516,2.3760,3.6876,0.473,-5.7388,-0.5423,-100.075,3.050,0.9567,525.978,1.6499,0.0260,0.0267,1.0260,2.9297,2.9461,nan,3.5828,3.6736,0.1455,0.1365,1.2666,-0.0499,0.0375,0.4047,40.9556,0.0650,4.2655,0.1749
119.700,516.660,-3.3720,2.8881,-98.307,-3.3844,2.9039,-97.327,-0.0138,-0.0145,0.0201,0.980,2.3749,3.7170,0.709,-5.7689,-0.7419,-98.035,3.308,0.7552,526.165,1.6591,0.0284,0.0289,1.0188,3.1559,3.2717,nan,3.6786,3.8350,0.1519,0.1339,1.3905,-0.0469,-0.0264,0.2895,41.1554,0.0341,6.4084,0.1749
119.750,516.847,-3.3954,2.7026,-96.034,-3.3892,2.7190,-95.060,-0.0170,0.0045,0.0176,0.973,2.3835,3.7336,0.890,-5.7877,-0.9248,-95.950,3.474,0.7251,526.361,1.6539,0.0166,0.0112,0.6787,3.2698,3.3234,nan,3.8622,4.0345,0.1598,0.1098,1.3946,-0.0487,-0.0451,0.1809,41.3552,0.0416,4.3893,0.1749
119.800,517.025,-3.4110,2.5255,-93.929,-3.3954,2.5444,-93.348,-0.0200,0.0143,0.0245,0.580,2.3925,3.7263,0.665,-5.8012,-1.1146,-94.014,3.618,0.7491,526.547,1.6556,0.0162,0.0054,0.3308,3.4888,3.6040,nan,4.1218,4.2975,0.1702,0.0664,1.3723,-0.0424,-0.0410,0.1469,41.5550,0.0490,4.0797,0.1749
119.850,517.025,-3.4110,2.5255,-93.929,-3.3954,2.5444,-93.348,-0.0200,0.0143,0.0245,0.580,2.3925,3.7263,0.665,-5.8012,-1.1146,-94.014,3.618,0.7491,526.547,1.6556,0.0162,0.0054,0.3308,3.7146,3.8408,nan,4.0918,4.3397,0.1719,0.0133,1.3551,-0.0428,-0.0319,0.1256,41.7548,0.0050,1.8663,0.1749
119.900,517.226,-3.4215,2.3249,-91.981,-3.3978,2.3002,-90.541,0.0239,0.0246,0.0343,1.439,2.3923,3.7384,0.790,-5.8093,-1.3582,-91.331,3.808,0.4831,526.759,1.6663,0.0173,0.0081,0.4678,3.5322,3.5271,nan,3.9767,4.1960,0.1662,-0.0092,1.2886,-0.0450,-0.0371,0.1121,41.8547,0.0151,5.3595,0.1749
119.950,517.458,-3.4267,2.0929,-90.667,-3.3974,2.1475,-89.588,-0.0549,0.0286,0.0620,1.079,2.3877,3.7671,0.907,-5.8100,-1.5279,-90.495,4.028,0.1529,527.005,1.6434,0.0213,0.0105,0.4917,3.7149,4.5928,nan,3.6509,3.6499,0.1445,-0.0311,1.2037,-0.0596,-0.0533,-0.0350,42.1543,0.0114,3.0831,0.1749
120.000,517.675,-3.4285,1.8760,-90.438,-3.3993,1.8622,-89.737,0.0136,0.0293,0.0323,0.701,2.3969,3.7465,0.444,-5.8107,-1.8394,-90.181,4.135,-0.0086,527.229,1.6715,0.0231,0.0123,0.5317,3.9256,4.0398,nan,3.4518,3.2455,0.1285,-0.0821,1.1552,-0.0716,-0.0445,-0.1411,42.3541,0.0278,-0.4337,0.1749
120.050,517.910,-3.4304,1.6411,-90.649,-3.3980,1.6396,-89.625,0.0011,0.0324,0.0324,1.024,2.3835,3.7941,0.845,-5.8126,-2.0690,-90.470,4.069,-0.1723,527.460,1.6697,0.0160,0.0115,0.7228,3.9925,4.0398,nan,3.2596,3.1611,0.1252,-0.1445,1.1429,-0.0878,-0.0150,-0.2389,42.5539,-0.0323,-0.4337,0.1749
120.100,518.159,-3.4343,1.3914,-91.374,-3.3969,1.4563,-89.628,-0.0657,0.0358,0.0749,1.745,2.3558,3.8533,1.572,-5.8164,-2.2384,-91.200,3.745,-0.3431,527.690,1.6448,0.0203,0.0190,0.9362,3.6644,3.5794,nan,3.1596,3.0235,0.1197,-0.1602,1.0490,-0.0907,-0.0034,-0.2842,42.6538,0.0046,-6.7637,0.1749
120.150,518.354,-3.4417,1.1968,-93.608,-3.4010,1.2207,-91.016,-0.0264,0.0392,0.0472,2.592,2.3636,3.8406,1.372,-5.8256,-2.4811,-92.388,3.371,-0.8168,527.863,1.6610,0.0217,0.0205,0.9464,3.9310,4.1229,nan,2.9486,3.1575,0.1251,-0.2783,1.1253,-0.0812,0.0837,-0.4080,42.9535,-0.0522,-8.0417,0.1749
120.200,518.522,-3.4553,1.0290,-96.024,-3.4164,1.0630,-94.266,-0.0379,0.0352,0.0517,1.757,2.3342,3.8983,2.001,-5.8461,-2.6328,-96.267,3.144,-0.8792,528.021,1.6626,0.0225,0.0143,0.6346,3.5519,3.3726,nan,2.7711,2.7455,0.1087,-0.2778,1.0168,-0.0993,0.0350,-0.4306,43.0534,-0.0608,-6.8379,0.1749
120.250,518.699,-3.4791,0.8535,-100.147,-3.4388,0.9331,-97.267,-0.0854,0.0256,0.0892,2.880,2.3529,3.8342,1.498,-5.8656,-2.7486,-98.765,3.053,-1.3250,528.196,1.6414,0.0123,0.0371,3.0256,3.1668,2.7815,nan,2.7711,2.6443,0.1047,-0.2889,0.9065,-0.0995,0.0467,-0.4384,43.1533,0.0128,-1.5450,0.1749
120.300,518.857,-3.5117,0.6995,-104.097,-3.4833,0.7340,-102.912,-0.0404,0.0192,0.0447,1.185,2.3529,3.8342,1.498,-5.9153,-2.9465,-104.410,2.809,-1.2615,528.344,1.6701,0.0125,0.0090,0.7177,3.1817,3.2099,nan,2.6438,2.5733,0.1019,-0.3148,0.9108,-0.1160,0.0250,-0.5300,43.3531,-0.0205,-6.8483,0.1749
120.350,518.857,-3.5117,0.6995,-104.097,-3.4820,0.7254,-102.769,-0.0324,0.0225,0.0394,1.328,2.3464,3.8402,1.642,-5.9153,-2.9465,-104.410,2.809,-1.2615,528.344,1.6701,0.0125,0.0115,0.9190,2.8148,2.6397,nan,2.6438,2.5195,0.0998,-0.3126,0.8058,-0.1141,0.0284,-0.5929,43.4529,0.0369,-4.7103,0.1749
120.400,519.009,-3.5535,0.5531,-108.048,-3.5145,0.6184,-106.222,-0.0742,0.0169,0.0760,1.826,2.3304,3.8680,1.884,-5.9485,-3.0557,-108.107,2.649,-1.2707,528.490,1.6514,0.0183,0.0117,0.6385,2.6581,2.6518,nan,2.4121,2.3379,0.0926,-0.3687,0.8000,-0.1191,0.0345,-0.7048,43.5528,0.0118,-3.6689,0.1749
120.450,519.157,-3.6041,0.4145,-112.218,-3.5682,0.4847,-109.863,-0.0786,0.0067,0.0789,2.355,2.3070,3.9087,2.229,-6.0040,-3.1929,-112.092,2.545,-1.2485,528.635,1.6557,0.0312,0.0115,0.3685,2.5992,2.6115,nan,2.3493,2.3044,0.0913,-0.4988,0.8000,-0.1227,0.0469,-0.7559,43.6528,0.0015,-2.0820,0.1749
120.500,519.292,-3.6593,0.2908,-116.032,-3.6245,0.3570,-113.522,-0.0747,0.0022,0.0748,2.510,2.2865,3.9438,2.573,-6.0661,-3.3178,-116.095,2.468,-1.2774,528.769,1.6627,0.0373,0.0114,0.3052,2.4736,2.4730,nan,2.3189,2.1567,0.0854,-0.6034,0.8000,-0.1073,0.1173,-0.5799,43.8525,0.0483,-4.5442,0.1749
120.550,519.426,-3.7223,0.1730,-120.453,-3.6877,0.2261,-118.305,-0.0633,0.0029,0.0634,2.148,2.3063,3.9031,2.190,-6.1302,-3.4452,-120.495,2.325,-1.4151,528.899,1.6663,0.0081,0.0274,3.3816,2.4559,2.4730,nan,2.1700,2.1134,0.0837,-0.6869,0.8000,-0.0944,0.1288,-0.8814,43.9524,0.0006,-4.5442,0.1749
120.600,519.568,-3.8003,0.0542,-126.595,-3.7506,0.1336,-123.265,-0.0934,-0.0074,0.0937,3.330,2.3063,3.9031,2.190,-6.1965,-3.5352,-125.455,2.204,-1.7887,529.041,1.6473,0.0280,0.0260,0.9299,2.1956,2.1414,nan,2.1700,2.1141,0.0837,-0.7320,0.8000,-0.1012,0.1365,-1.0389,44.0523,0.0276,-3.1731,0.1749
120.650,519.684,-3.8741,-0.0354,-132.747,-3.8311,0.0052,-129.520,-0.0590,0.0040,0.0591,3.227,2.2909,3.9101,2.509,-6.2870,-3.6332,-132.028,2.045,-2.0860,529.156,1.6656,0.0566,0.0116,0.2042,2.2764,2.3103,nan,2.0993,2.0689,0.0819,-0.7856,0.8000,-0.0971,0.1122,-1.0359,44.1522,0.0029,-4.6288,0.1749
120.700,519.800,-3.9579,-0.1155,-140.107,-3.9216,-0.0779,-137.338,-0.0520,-0.0056,0.0523,2.769,2.2909,3.9101,2.509,-6.3810,-3.7122,-139.847,1.960,-2.3150,529.276,1.6752,0.0087,0.0436,5.0227,2.1731,2.1744,nan,2.0905,2.0052,0.0794,-0.8102,0.8000,-0.0694,0.0951,-1.1129,44.2521,0.0312,-2.5671,0.1749
120.750,519.800,-3.9579,-0.1155,-140.107,-3.9240,-0.0841,-137.796,-0.0462,-0.0024,0.0463,2.311,2.3201,3.8541,2.051,-6.3810,-3.7122,-139.847,1.960,-2.3150,529.276,1.6752,0.0087,0.0331,3.8116,2.0338,2.0260,nan,2.0816,2.0863,0.0826,-0.8036,0.8000,-0.0509,0.0745,-1.2066,44.3520,0.0131,-2.5180,0.1749
120.800,519.917,-4.0525,-0.1838,-148.455,-4.0046,-0.1712,-145.871,-0.0474,0.0143,0.0495,2.584,2.3312,3.8190,1.883,-6.4635,-3.7798,-147.754,1.875,-2.4228,529.399,1.6633,0.0453,0.0037,0.0820,2.1034,2.1331,nan,2.2248,2.2124,0.0876,-0.7870,0.8000,-0.0296,0.1912,-1.3730,44.5517,0.0272,-2.6820,0.1749
120.850,520.017,-4.1416,-0.2306,-156.099,-4.1165,-0.2338,-153.637,-0.0216,0.0131,0.0253,2.461,2.2699,3.9173,2.817,-6.5828,-3.8321,-156.455,1.810,-2.4032,529.507,1.6939,0.0754,0.0082,0.1081,1.9106,1.8853,nan,2.2905,2.2489,0.0891,-0.7736,0.8000,-0.0278,0.2096,-1.3182,44.6516,0.0642,-0.4290,0.1749
120.900,520.119,-4.2373,-0.2655,-163.841,-4.2076,-0.2681,-161.316,-0.0278,0.0108,0.0298,2.524,2.2940,3.8666,2.432,-6.6712,-3.8551,-163.749,1.837,-2.4020,529.621,1.6837,0.0067,0.0485,7.2096,1.9404,1.9607,nan,2.2905,2.2564,0.0894,-0.7646,0.8000,-0.0034,0.1053,-1.3182,44.6516,0.0586,-0.4290,0.1749
120.950,520.224,-4.3398,-0.2880,-171.657,-4.3210,-0.2995,-169.474,-0.0169,0.0141,0.0221,2.183,2.3267,3.8255,2.066,-6.7920,-3.8827,-171.541,1.908,-2.4362,529.742,1.7028,0.0195,0.0250,1.2820,2.0234,2.0553,nan,2.4543,2.5001,0.0990,-0.7645,0.8000,0.0263,0.2128,-1.1132,44.8514,0.0433,1.0644,0.1749
121.000,520.330,-4.4456,-0.2964,-179.413,-4.4426,-0.2911,-177.170,-0.0031,-0.0053,0.0061,2.243,2.3309,3.8382,2.044,-6.9165,-3.8850,-179.214,1.965,-2.4976,529.864,1.7194,0.0356,0.0219,0.6129,2.1290,2.1682,nan,2.5477,2.5792,0.1021,-0.7335,0.8000,0.0377,0.1867,-1.0446,44.9513,0.0467,0.3187,0.1749
121.050,520.442,-4.5574,-0.2901,172.502,-4.5566,-0.2845,174.558,-0.0001,-0.0057,0.0057,2.056,2.3468,3.8439,2.061,-7.0474,-3.8775,172.497,2.101,-2.5490,529.997,1.7375,0.0669,0.0265,0.3956,2.2145,2.2490,nan,2.6370,2.7030,0.1070,-0.6949,0.8000,0.0418,0.1495,-0.8589,45.0512,0.0376,2.4959,0.1749
121.100,520.565,-4.6778,-0.2656,164.065,-4.6898,-0.2458,166.024,0.0169,-0.0157,0.0231,1.959,2.3866,3.7808,1.483,-7.1782,-3.8422,164.541,2.213,-2.5355,530.140,1.7450,0.0095,0.0528,5.5727,2.3184,2.3590,nan,2.8006,2.8891,0.1144,-0.6056,0.8321,0.0412,0.1028,-0.7929,45.1511,0.0396,1.8965,0.1749
121.150,520.690,-4.7953,-0.2233,155.986,-4.8448,-0.1841,157.191,0.0611,-0.0156,0.0631,1.205,2.3866,3.7808,1.483,-7.3316,-3.7765,155.709,2.337,-2.3892,530.285,1.7745,0.0136,0.0552,4.0678,2.5336,2.6290,nan,2.7888,2.9364,0.1163,-0.5454,0.9180,0.0404,0.1042,-0.6632,45.3508,-0.0035,2.1689,0.1749
121.200,520.690,-4.7953,-0.2233,155.986,-4.8275,-0.1800,156.735,0.0471,-0.0264,0.0540,0.748,2.4352,3.7272,1.026,-7.3316,-3.7765,155.709,2.337,-2.3892,530.285,1.7745,0.0136,0.0356,2.6204,2.5165,2.5342,nan,2.7770,2.9105,0.1153,-0.4712,0.9118,0.0237,0.0551,-0.6770,45.4507,0.0007,4.6615,0.1749
121.250,520.823,-4.9134,-0.1617,148.542,-4.9303,-0.1195,148.801,0.0364,-0.0272,0.0454,0.259,2.4708,3.6824,0.786,-7.4525,-3.7001,148.015,2.501,-2.2213,530.438,1.7740,0.0233,0.0298,1.2794,2.5987,2.6362,nan,2.9059,2.9173,0.1155,-0.4037,0.9415,0.0191,0.0255,-0.7637,45.5506,0.0424,3.0160,0.1749
121.300,520.985,-5.0457,-0.0680,140.533,-5.0448,-0.0238,142.058,0.0273,-0.0347,0.0442,1.525,2.4703,3.7088,1.006,-7.5794,-3.6001,141.052,2.642,-1.9994,530.616,1.7674,0.0586,0.0383,0.6535,2.8658,3.0261,nan,3.0627,3.0874,0.1223,-0.3526,1.0767,0.0147,0.0684,-0.6907,45.7504,0.0270,2.0888,0.1749
121.350,521.130,-5.1525,0.0296,134.422,-5.1753,0.1103,133.980,0.0736,-0.0402,0.0839,-0.442,2.5304,3.6002,0.268,-7.7220,-3.4537,133.712,2.719,-1.7816,530.768,1.7930,0.0132,0.0171,1.2939,2.9766,3.0261,nan,3.2514,3.3525,0.1328,-0.3042,1.1543,0.0149,0.0382,-0.6226,45.8503,0.0139,2.0888,0.1749
121.400,521.301,-5.2656,0.1578,128.255,-5.2497,0.2167,128.737,0.0365,-0.0489,0.0610,0.482,2.5256,3.6208,0.375,-7.7974,-3.3531,128.362,2.806,-1.5570,530.947,1.7612,0.0244,0.0088,0.3583,2.6597,2.5669,nan,3.1537,3.2226,0.1276,-0.2403,1.0584,-0.0032,0.0213,-0.5688,45.9502,0.0483,2.2259,0.1749
121.450,521.466,-5.3627,0.2912,123.738,-5.3494,0.3593,123.325,0.0493,-0.0489,0.0694,-0.413,2.5598,3.5376,-0.127,-7.9022,-3.1958,123.452,3.051,-1.2546,531.127,1.7641,0.0350,0.0268,0.7647,2.8936,3.0117,nan,3.4421,3.5470,0.1405,-0.2226,1.2409,-0.0041,0.0542,-0.4202,46.1500,0.0475,5.6676,0.1749
121.500,521.639,-5.4542,0.4379,120.042,-5.4522,0.5471,119.730,0.0935,-0.0564,0.1092,-0.311,2.5529,3.5670,0.015,-8.0059,-3.0178,119.715,3.131,-1.1055,531.304,1.7706,0.0186,0.0034,0.1839,3.1687,3.3521,nan,3.6120,3.7947,0.1503,-0.2055,1.4561,0.0054,0.0723,-0.2923,46.3498,0.0175,2.2929,0.1749
121.550,521.817,-5.5387,0.5944,116.513,-5.5266,0.6978,116.501,0.0871,-0.0570,0.1041,-0.012,2.5529,3.5670,0.015,-8.0803,-2.8671,116.486,3.322,-1.0881,531.493,1.7616,0.0220,0.0018,0.0820,3.1503,3.1729,nan,3.7615,3.9054,0.1547,-0.2025,1.4477,0.0073,0.0605,-0.2824,46.4497,0.0490,4.6946,0.1749
121.600,521.981,-5.6085,0.7433,113.502,-5.5992,0.8985,112.845,0.1386,-0.0704,0.1555,-0.658,2.5765,3.5273,-0.492,-8.1528,-2.6989,113.337,3.509,-1.1096,531.670,1.7610,0.0217,0.0053,0.2441,3.3038,3.3736,nan,3.9152,4.0427,0.1601,-0.1716,1.5186,0.0042,0.0546,-0.2822,46.6495,0.0534,5.1353,0.1749
121.650,521.981,-5.6085,0.7433,113.502,-5.5997,0.8970,113.367,0.1374,-0.0694,0.1539,-0.136,2.5517,3.6001,0.030,-8.1528,-2.6989,113.337,3.509,-1.1096,531.670,1.7610,0.0217,0.0015,0.0691,3.4182,3.4737,nan,4.0055,4.1178,0.1631,-0.1605,1.5711,0.0207,0.0671,-0.2854,46.8493,0.0542,4.0688,0.1749
121.700,522.183,-5.6835,0.9305,109.888,-5.6711,1.0791,110.093,0.1355,-0.0622,0.1491,0.205,2.5531,3.6007,-0.003,-8.2241,-2.5220,110.096,3.676,-1.0564,531.883,1.7591,0.0236,0.0022,0.0935,3.7110,3.9814,nan,4.3732,4.4972,0.1781,-0.1284,1.7145,0.0325,0.0688,-0.2833,47.0490,0.0641,3.8116,0.1749
121.750,522.389,-5.7488,1.1265,106.717,-5.7418,1.3104,106.963,0.1741,-0.0596,0.1840,0.246,2.5399,3.6473,0.308,-8.2941,-2.2925,106.655,3.819,-0.9699,532.099,1.7584,0.0243,0.0054,0.2225,3.9322,4.0580,nan,4.5432,4.8013,0.1902,-0.1024,1.9920,0.0489,0.0920,-0.1271,47.3487,0.0417,2.6359,0.1749
121.800,522.606,-5.8062,1.3360,103.656,-5.8006,1.5632,104.112,0.2195,-0.0591,0.2273,0.455,2.5296,3.7057,0.519,-8.3493,-2.0669,103.593,3.941,-0.8410,532.326,1.7540,0.0237,0.0062,0.2620,3.9904,4.0352,nan,4.7052,4.9393,0.1956,-0.0908,2.0325,0.0607,0.0787,-0.0876,47.5485,0.0593,5.6658,0.1749
121.850,522.830,-5.8545,1.5544,101.116,-5.8480,1.7857,101.571,0.2257,-0.0510,0.2313,0.456,2.5221,3.7254,0.671,-8.3922,-1.8415,100.900,4.175,-0.7293,532.566,1.7477,0.0221,0.0086,0.3899,4.0690,4.1208,nan,4.9349,5.1320,0.2032,-0.0774,2.0725,0.0741,0.0497,-0.0384,47.7483,0.0844,5.6658,0.1749
121.900,523.041,-5.8921,1.7619,99.203,-5.8881,2.0183,100.084,0.2524,-0.0449,0.2564,0.882,2.5075,3.7950,1.004,-8.4254,-1.6293,99.080,4.401,-0.6939,532.793,1.7426,0.0235,0.0155,0.6575,4.3567,4.6758,nan,5.0802,5.3266,0.2110,-0.0749,2.2190,0.0875,0.0335,-0.0171,47.9481,0.0627,3.3469,0.1749
121.950,523.289,-5.9279,2.0076,97.189,-5.9274,2.2719,97.482,0.2621,-0.0336,0.2643,0.293,2.5231,3.6939,0.506,-8.4627,-1.3473,96.976,4.614,-0.5834,533.058,1.7396,0.0208,0.0091,0.4358,4.5462,4.6758,nan,5.2880,5.5352,0.2192,-0.0767,2.2332,0.0997,0.0152,-0.0319,48.2477,0.0664,3.3469,0.1749
122.000,523.563,-5.9581,2.2798,95.316,-5.9541,2.5241,95.911,0.2429,-0.0266,0.2443,0.595,2.5224,3.6919,0.540,-8.4871,-1.0879,95.371,4.814,-0.5783,533.349,1.7354,0.0169,0.0107,0.6322,4.6525,4.7349,nan,5.4848,5.7125,0.2262,-0.0716,2.2679,0.0965,-0.0049,-0.0423,48.4475,0.0799,4.5135,0.1749
122.050,523.831,-5.9792,2.5464,93.495,-5.9799,2.8472,93.602,0.3003,-0.0176,0.3008,0.108,2.5271,3.6222,0.141,-8.5089,-0.7541,93.461,5.069,-0.5819,533.639,1.7293,0.0130,0.0113,0.8680,4.9363,5.3727,nan,5.6720,5.9334,0.2350,-0.0741,2.2713,0.0921,-0.0138,-0.0599,48.8471,0.0672,5.8851,0.1749
122.100,524.116,-5.9927,2.8315,91.671,-5.9943,3.1278,91.684,0.2962,-0.0070,0.2963,0.013,2.5217,3.6125,0.056,-8.5165,-0.4763,91.627,5.291,-0.6036,533.944,1.7239,0.0096,0.0138,1.4346,5.0584,5.1671,nan,5.7921,6.0579,0.2399,-0.0689,2.2556,0.0794,-0.0364,-0.0697,49.0469,0.0673,5.0157,0.1749
122.150,524.419,-5.9970,3.1342,89.682,-5.9967,3.4403,89.961,0.3061,0.0014,0.3061,0.279,2.5189,3.6282,0.205,-8.5162,-0.1575,89.756,5.504,-0.6019,534.268,1.7181,0.0194,0.0163,0.8421,5.2640,5.4644,nan,6.0028,6.2755,0.2485,-0.0729,2.2360,0.0694,-0.0442,-0.0944,49.3465,0.0687,4.8143,0.1749
122.200,524.727,-5.9910,3.4419,87.790,-5.9853,3.7829,87.993,0.3410,0.0074,0.3411,0.203,2.5189,3.6282,0.205,-8.5035,0.1850,87.789,5.675,-0.6324,534.593,1.7091,0.0142,0.0215,1.5222,5.5180,5.8568,nan,6.1257,6.4422,0.2551,-0.0814,2.2253,0.0547,-0.0405,-0.1183,49.6462,0.0531,3.9026,0.1749
122.250,524.727,-5.9910,3.4419,87.790,-5.9995,3.7883,88.385,0.3458,0.0218,0.3465,0.595,2.5055,3.6918,0.596,-8.5035,0.1850,87.789,5.675,-0.6324,534.593,1.7091,0.0142,0.0230,1.6253,5.7136,5.9377,nan,5.8626,6.2121,0.2460,-0.0979,2.2058,0.0561,-0.0315,-0.1145,49.9459,0.0011,4.1213,0.1749
122.300,525.050,-5.9737,3.7648,85.694,-5.9804,4.1170,85.151,0.3507,0.0331,0.3523,-0.543,2.4929,3.5061,-0.608,-8.4793,0.5211,85.759,5.859,-0.7091,534.936,1.7014,0.0046,0.0219,4.7281,5.9033,6.1336,nan,5.6746,5.8027,0.2298,-0.0933,2.1659,0.0311,-0.0574,-0.1130,50.2456,-0.0170,3.5685,0.1749
122.350,525.377,-5.9436,4.0903,83.341,-5.9377,4.4165,82.341,0.3247,0.0320,0.3263,-1.001,2.4839,3.3848,-1.026,-8.4387,0.8808,83.366,6.006,-0.8189,535.281,1.6896,0.0021,0.0318,15.2728,5.9375,6.0292,nan,5.4885,5.2668,0.2086,-0.0848,2.1111,-0.0023,-0.0702,-0.1472,50.5452,0.0247,-0.1923,0.1749
122.400,525.713,-5.8978,4.4233,80.443,-5.8831,4.6814,78.735,0.2569,0.0283,0.2585,-1.708,2.4555,3.1820,-2.118,-8.3883,1.1901,80.853,5.992,-0.8705,535.621,1.6858,0.0176,0.0157,0.8922,6.1445,6.4277,nan,5.3050,5.3949,0.2137,-0.0955,2.0916,-0.0239,-0.0631,-0.1855,50.8449,-0.0200,-3.6124,0.1749
122.450,526.003,-5.8449,4.7083,78.044,-5.7945,4.9579,75.170,0.2547,0.0024,0.2547,-2.874,2.4372,3.0324,-2.746,-8.3145,1.5290,77.915,5.853,-0.8456,535.902,1.6635,0.0188,0.0315,1.6794,5.7690,5.5589,nan,5.1203,5.0454,0.1998,-0.0797,1.9878,-0.0774,-0.0749,-0.2006,51.1446,-0.0223,-2.3155,0.1749
122.500,526.321,-5.7734,5.0183,75.579,-5.7193,5.1838,72.787,0.1738,-0.0112,0.1741,-2.792,2.4397,3.0381,-2.386,-8.2412,1.8041,75.174,5.542,-0.8056,536.197,1.6625,0.0088,0.0360,4.0798,5.5715,5.5589,nan,5.0572,4.9529,0.1962,-0.0554,1.9519,-0.1281,-0.1052,-0.2048,51.2445,-0.0029,-2.3155,0.1749
122.550,526.660,-5.6821,5.3444,72.719,-5.6515,5.3963,70.571,0.0587,-0.0137,0.0603,-2.148,2.4241,3.0208,-2.249,-8.1627,2.0568,72.820,5.384,-0.5749,536.525,1.6793,0.0015,0.0319,20.8989,5.1951,4.9983,nan,4.9916,4.8244,0.1911,-0.0539,1.9519,-0.1513,-0.0880,-0.2151,51.4443,0.0462,-3.2393,0.1749
122.600,526.953,-5.5919,5.6235,71.271,-5.5468,5.6822,69.212,0.0701,-0.0238,0.0740,-2.060,2.4318,3.0753,-1.705,-8.0527,2.3685,70.916,5.117,-0.4253,536.800,1.6573,0.0027,0.0333,12.1850,5.3471,5.4943,nan,4.7736,4.7050,0.1863,-0.0814,1.8267,-0.1670,-0.0378,-0.2323,51.7439,-0.0168,-6.1533,0.1749
122.650,526.953,-5.5919,5.6235,71.271,-5.5468,5.6822,69.212,0.0701,-0.0238,0.0740,-2.060,2.4318,3.0753,-1.705,-8.0527,2.3685,70.916,5.117,-0.4253,536.800,1.6573,0.0027,0.0333,12.1850,5.0824,5.0318,nan,4.6962,4.5835,0.1815,-0.1231,1.8267,-0.1602,0.0107,-0.2421,51.9437,0.0140,-4.7870,0.1749
122.700,527.238,-5.4975,5.8929,69.881,-5.4363,5.9566,67.919,0.0808,-0.0356,0.0883,-1.962,2.4274,3.0620,-1.777,-7.9497,2.6494,69.695,4.910,-0.5362,537.071,1.6481,0.0087,0.0296,3.3817,4.6675,4.2087,nan,4.5495,4.3714,0.1731,-0.1321,1.8036,-0.1622,0.0067,-0.2453,52.0436,0.0668,-4.1221,0.1749
122.750,527.532,-5.3922,6.1671,67.755,-5.3869,6.1093,66.564,-0.0515,-0.0268,0.0581,-1.191,2.4154,3.0713,-1.691,-7.8886,2.8065,68.255,4.732,-0.7195,537.353,1.7021,0.0005,0.0332,71.8335,4.9484,5.3463,nan,4.3212,4.2328,0.1676,-0.1686,1.6586,-0.1464,0.0328,-0.2473,52.3433,-0.0183,-3.4167,0.1749
122.800,527.788,-5.2905,6.4023,64.974,-5.2515,6.3851,64.902,0.0009,-0.0426,0.0426,-0.072,2.4606,3.1775,-0.511,-7.7405,3.1387,65.413,4.590,-0.9208,537.602,1.6470,0.0018,0.0231,13.1146,4.5725,4.3914,nan,4.1818,4.0474,0.1603,-0.1731,1.6586,-0.1526,0.0256,-0.2658,52.5431,0.0234,-4.4968,0.1749
122.850,528.040,-5.1790,6.6279,61.992,-5.1584,6.5787,62.627,-0.0337,-0.0413,0.0533,0.635,2.5270,3.3698,0.860,-7.6363,3.3238,61.767,4.408,-1.0087,537.843,1.6575,0.0162,0.0316,1.9532,4.3935,4.3914,nan,4.1147,3.9643,0.1570,-0.2031,1.6586,-0.1468,0.0561,-0.2927,52.7429,0.0405,-4.4968,0.1749
122.900,528.307,-5.0464,6.8602,57.979,-5.0633,6.7746,60.141,-0.0815,-0.0311,0.0872,2.161,2.5578,3.4658,1.433,-7.5360,3.4984,58.708,4.233,-1.1624,538.103,1.6955,0.0102,0.0213,2.0953,4.0712,3.9907,nan,4.0240,3.8147,0.1511,-0.2290,1.5732,-0.1173,0.0576,-0.2982,52.8428,0.0837,-4.0844,0.1749
122.950,528.526,-4.9254,7.0418,54.054,-4.9206,6.9979,56.342,-0.0327,-0.0296,0.0441,2.288,2.5763,3.5273,1.967,-7.3733,3.7260,54.375,4.015,-1.3590,538.311,1.6492,0.0139,0.0141,1.0177,4.3378,4.5617,nan,3.7782,3.7276,0.1476,-0.2291,1.6586,-0.0873,0.0838,-0.3447,53.1424,-0.0228,-5.4202,0.1749
123.000,528.760,-4.7810,7.2263,49.262,-4.8108,7.1525,51.713,-0.0754,-0.0255,0.0796,2.451,2.5796,3.5617,2.133,-7.2516,3.8634,49.579,3.820,-1.3640,538.537,1.6769,0.0236,0.0328,1.3883,3.9796,3.8561,nan,3.6831,3.5433,0.1403,-0.2634,1.5378,-0.0865,0.0788,-0.3307,53.3422,0.0330,-4.9863,0.1749
123.050,528.963,-4.6437,7.3757,45.093,-4.6513,7.3221,46.869,-0.0434,-0.0325,0.0542,1.776,2.5796,3.5617,2.133,-7.0859,4.0269,44.736,3.694,-1.3908,538.734,1.6470,0.0220,0.0230,1.0474,3.9126,3.9343,nan,3.3456,3.2408,0.1283,-0.2809,1.5119,-0.0691,0.0735,-0.3451,53.5420,-0.0102,-3.2529,0.1749
123.100,528.963,-4.6437,7.3757,45.093,-4.6547,7.3373,46.796,-0.0350,-0.0193,0.0399,1.703,2.5713,3.5677,2.060,-7.0859,4.0269,44.736,3.694,-1.3908,538.734,1.6470,0.0251,0.0261,1.0408,3.5577,3.4355,nan,3.3315,3.2034,0.1269,-0.2834,1.3748,-0.0574,0.0452,-0.3998,53.6419,0.0356,-4.6057,0.1749
123.150,529.161,-4.4989,7.5108,40.450,-4.5463,7.4583,43.438,-0.0701,-0.0092,0.0707,2.988,2.5977,3.6445,2.510,-6.9701,4.1230,40.927,3.521,-1.4796,538.926,1.6807,0.0278,0.0252,0.9067,3.6194,3.6615,nan,3.4070,2.9612,0.1173,-0.3031,1.3986,-0.0340,0.0574,-0.4945,53.8417,0.0454,-6.2711,0.1749
123.200,529.350,-4.3502,7.6283,35.691,-4.3949,7.5929,38.144,-0.0569,-0.0027,0.0570,2.452,2.5785,3.6462,2.558,-6.7903,4.2540,35.586,3.284,-1.4483,539.106,1.6480,0.0300,0.0233,0.7758,3.2710,3.1503,nan,3.4771,3.4541,0.1368,-0.2899,1.2640,-0.0219,0.0333,-0.4762,53.9416,0.0458,-3.3645,0.1749
123.250,529.531,-4.2000,7.7280,31.107,-4.2689,7.6952,34.085,-0.0759,0.0075,0.0763,2.979,2.6163,3.7168,2.986,-6.6686,4.3316,31.099,3.153,-1.4557,539.282,1.6793,0.0308,0.0211,0.6844,3.1722,3.1827,nan,3.5601,3.3747,0.1337,-0.3091,1.2258,-0.0013,0.0412,-0.6307,0.0999,0.0506,-5.5510,0.1749
123.300,529.698,-4.0533,7.8092,26.561,-4.0920,7.7999,29.165,-0.0388,0.0089,0.0398,2.604,2.6121,3.6872,2.575,-6.5125,4.4097,26.590,3.009,-1.3860,539.446,1.6704,0.0365,0.0281,0.7704,3.0242,3.0234,nan,3.6962,3.7798,0.1497,-0.3023,1.2349,-0.0010,0.0702,-0.4906,0.2997,0.0698,4.4882,0.1749
123.350,529.870,-3.8974,7.8802,22.111,-3.9313,7.8739,24.091,-0.0337,0.0069,0.0344,1.980,2.5815,3.6251,1.961,-6.3636,4.4691,22.130,3.185,-1.4880,539.630,1.6790,0.0374,0.0269,0.7200,3.0025,3.0234,nan,3.6650,3.7453,0.1483,-0.3024,1.2260,0.0059,0.0393,-0.4205,0.3996,0.0692,4.4882,0.1749
123.400,530.046,-3.7314,7.9402,17.238,-3.7386,7.9451,18.744,-0.0054,0.0068,0.0087,1.506,2.5421,3.5633,1.372,-6.1740,4.5308,17.373,3.240,-1.5532,539.812,1.6555,0.0394,0.0208,0.5292,3.2056,3.3027,nan,3.8214,3.8990,0.1544,-0.2898,1.3090,0.0120,0.0294,-0.3770,0.5993,0.0649,0.4983,0.1749
123.450,530.234,-3.5504,7.9885,12.168,-3.5478,7.9948,13.773,0.0038,0.0056,0.0068,1.604,2.5610,3.5768,1.432,-5.9965,4.5694,12.340,3.433,-1.5774,540.016,1.6604,0.0389,0.0168,0.4334,3.2617,3.2990,nan,3.9399,3.5589,0.1409,-0.2602,1.3319,0.0090,0.0258,-0.5167,0.7991,0.0743,4.2263,0.1749
123.500,530.427,-3.3597,8.0217,7.167,-3.3077,8.0303,7.429,0.0526,0.0021,0.0527,0.263,2.4851,3.4572,0.268,-5.7714,4.6002,7.161,3.576,-1.4786,540.222,1.6268,0.0397,0.0197,0.4950,3.5254,3.6980,nan,4.0965,4.2317,0.1676,-0.2538,1.5367,0.0185,0.0248,-0.3622,0.9989,0.0478,3.6783,0.1749
123.550,530.625,-3.1625,8.0392,2.563,-3.0943,8.0402,2.615,0.0681,-0.0021,0.0682,0.052,2.4851,3.4572,0.268,-5.5579,4.6091,2.347,3.535,-1.4359,540.420,1.6122,0.0383,0.0169,0.4423,3.6584,3.7236,nan,4.2015,4.2666,0.1690,-0.2301,1.5946,0.0126,0.0484,-0.3897,1.2986,0.0612,-1.9676,0.1749
123.600,530.625,-3.1625,8.0392,2.563,-3.1016,8.0392,2.417,0.0609,-0.0027,0.0609,-0.146,2.4620,3.4369,0.070,-5.5579,4.6091,2.347,3.535,-1.4359,540.420,1.6122,0.0383,0.0202,0.5279,3.5001,3.5010,nan,4.2498,4.2239,0.1673,-0.2109,1.5488,0.0063,0.0158,-0.3619,1.3985,0.0929,5.7971,0.1749
123.650,530.831,-2.9564,8.0408,-2.131,-2.8796,8.0307,-2.709,0.0771,-0.0072,0.0774,-0.578,2.4410,3.3671,-0.668,-5.3746,4.6013,-2.041,3.804,-1.3964,540.650,1.6362,0.0371,0.0238,0.6427,3.7966,4.0999,nan,4.3981,4.4652,0.1768,-0.2044,1.7031,0.0101,0.0357,-0.3367,1.6982,0.0686,3.9899,0.1749
123.700,531.045,-2.7427,8.0255,-6.510,-2.6344,8.0036,-7.233,0.1101,-0.0095,0.1105,-0.723,2.4233,3.3590,-0.781,-5.1205,4.5752,-6.452,3.965,-1.3262,540.878,1.5984,0.0354,0.0198,0.5602,4.0508,4.2233,nan,4.5405,4.6334,0.1835,-0.1977,1.8356,0.0107,0.0336,-0.3183,1.8979,0.0502,1.5533,0.1749
123.750,531.269,-2.5211,7.9927,-10.718,-2.3975,7.9547,-11.745,0.1285,-0.0143,0.1293,-1.027,2.4078,3.3499,-0.891,-4.8764,4.5295,-10.853,4.044,-1.2949,541.110,1.5787,0.0346,0.0258,0.7463,4.0414,4.0732,nan,4.6305,4.7092,0.1865,-0.1884,1.8537,0.0074,0.0313,-0.2965,2.0977,0.0653,3.3985,0.1749
123.800,531.496,-2.2997,7.9434,-14.834,-2.1935,7.8982,-16.021,0.1142,-0.0165,0.1154,-1.186,2.3815,3.3375,-1.106,-4.6622,4.4716,-14.915,4.193,-1.3034,541.349,1.5874,0.0327,0.0325,0.9943,4.0401,4.0732,nan,4.7175,4.7718,0.1890,-0.1820,1.8648,0.0135,0.0247,-0.2852,2.2975,0.0811,3.3985,0.1749
123.850,531.740,-2.0663,7.8732,-19.110,-1.9653,7.8225,-19.596,0.1120,-0.0148,0.1130,-0.486,2.4146,3.3755,-0.689,-4.4331,4.3940,-18.907,4.349,-1.2802,541.607,1.5932,0.0352,0.0263,0.7487,4.1762,4.2527,nan,4.7993,4.8675,0.1928,-0.1708,1.9396,0.0124,0.0124,-0.2743,2.4973,0.0719,3.4962,0.1749
123.900,531.978,-1.8439,7.7884,-23.088,-1.7068,7.7235,-23.447,0.1515,-0.0059,0.1517,-0.359,2.4420,3.4356,-0.128,-4.1583,4.2786,-23.319,4.463,-1.2189,541.857,1.5486,0.0361,0.0207,0.5746,4.4534,4.7299,nan,4.8974,5.0152,0.1986,-0.1716,2.0773,0.0242,0.0331,-0.2586,2.7970,0.0428,2.5474,0.1749
123.950,532.232,-1.6134,7.6819,-26.950,-1.5549,7.6451,-26.597,0.0688,-0.0063,0.0691,0.353,2.4320,3.4792,0.217,-3.9711,4.1809,-26.814,4.596,-1.2266,542.123,1.5888,0.0362,0.0228,0.6310,4.3409,4.3572,nan,4.9411,5.0083,0.1983,-0.1678,2.0248,0.0338,0.0401,-0.2527,2.9968,0.0697,3.0569,0.1749
124.000,532.488,-1.3883,7.5589,-30.867,-1.2756,7.4908,-30.662,0.1317,-0.0006,0.1317,0.205,2.4383,3.4919,0.307,-3.6923,4.0188,-30.969,4.719,-1.2355,542.393,1.5457,0.0322,0.0228,0.7087,4.6285,5.0235,nan,5.0357,5.1392,0.2035,-0.1629,2.1590,0.0398,0.0324,-0.2543,3.1965,0.0421,2.8536,0.1749
124.050,532.764,-1.1563,7.4102,-34.984,-1.0783,7.3530,-34.446,0.0967,-0.0022,0.0967,0.538,2.4383,3.4919,0.307,-3.4958,3.8799,-34.753,4.788,-1.2174,542.677,1.5777,0.0353,0.0263,0.7431,4.6542,4.7061,nan,5.1136,5.1499,0.2040,-0.1567,2.1710,0.0442,0.0256,-0.2667,3.3963,0.0604,1.1965,0.1749
124.100,532.764,-1.1563,7.4102,-34.984,-1.0882,7.3665,-34.916,0.0809,0.0032,0.0809,0.068,2.3966,3.4767,-0.162,-3.4958,3.8799,-34.753,4.788,-1.2174,542.677,1.5777,0.0353,0.0207,0.5842,4.9139,5.1919,nan,5.2536,5.3612,0.2123,-0.1475,2.2202,0.0486,0.0294,-0.2410,3.6960,0.0357,2.0630,0.1749
124.150,533.020,-0.9505,7.2574,-38.692,-0.8614,7.1891,-38.946,0.1123,0.0024,0.1123,-0.253,2.3821,3.4980,-0.113,-3.2508,3.6847,-38.832,4.875,-1.1985,542.944,1.5504,0.0367,0.0242,0.6592,4.8204,4.8446,nan,5.3689,5.4543,0.2160,-0.1368,2.2202,0.0473,0.0195,-0.2220,3.8958,0.0618,1.0845,0.1749
124.200,533.295,-0.7413,7.0797,-42.522,-0.6806,7.0222,-42.682,0.0836,-0.0013,0.0836,-0.160,2.3757,3.4959,-0.198,-3.0684,3.5158,-42.485,4.935,-1.1507,543.227,1.5740,0.0380,0.0307,0.8083,4.9911,5.1329,nan,5.4721,5.6360,0.2232,-0.1288,2.2202,0.0465,0.0224,-0.1867,4.1955,0.0447,2.6584,0.1749
124.250,533.570,-0.5438,6.8885,-46.107,-0.4856,6.8237,-46.351,0.0870,-0.0030,0.0871,-0.244,2.3638,3.5106,-0.218,-2.8620,3.3022,-46.133,5.049,-1.1086,543.515,1.5713,0.0377,0.0334,0.8863,5.1298,5.2533,nan,5.3594,5.6523,0.2239,-0.1214,2.2202,0.0448,0.0010,-0.1417,4.3952,0.0055,2.4135,0.1749
124.300,533.861,-0.3476,6.6733,-49.643,-0.2959,6.5989,-49.786,0.0902,-0.0088,0.0906,-0.143,2.3642,3.5341,0.008,-2.6597,3.0651,-49.795,5.165,-1.0490,543.819,1.5715,0.0323,0.0255,0.7896,5.1786,5.2533,nan,5.2208,5.5605,0.2202,-0.1123,2.2202,0.0444,-0.0140,-0.1532,4.6949,-0.0191,2.4135,0.1749
124.350,534.149,-0.1667,6.4493,-52.935,-0.1387,6.3871,-53.228,0.0665,-0.0151,0.0682,-0.294,2.3334,3.5414,-0.277,-2.4859,2.8337,-52.952,5.293,-1.0055,544.121,1.5805,0.0296,0.0305,1.0294,5.1936,5.2551,nan,5.2755,5.3119,0.2104,-0.1083,2.2202,0.0342,-0.0015,-0.2040,4.9946,0.0228,3.0066,0.1749
124.400,534.442,0.0047,6.2110,-56.082,0.0252,6.1374,-56.592,0.0725,-0.0241,0.0764,-0.511,2.3129,3.5409,-0.524,-2.3114,2.5755,-56.068,5.363,-0.9222,544.423,1.5835,0.0246,0.0362,1.4673,5.3454,5.4918,nan,5.4216,5.4628,0.2163,-0.0981,2.2202,0.0207,-0.0105,-0.2310,5.1944,0.0220,1.8914,0.1749
124.450,534.734,0.1625,5.9653,-58.883,0.1810,5.8880,-59.660,0.0758,-0.0242,0.0795,-0.776,2.2968,3.5637,-0.562,-2.1386,2.3034,-59.098,5.271,-0.8305,544.711,1.5773,0.0185,0.0327,1.7665,5.4583,5.5798,nan,5.5420,5.5675,0.2205,-0.0929,2.2490,0.0192,0.0161,-0.2323,5.4941,0.0200,-2.3125,0.1749
124.500,535.030,0.3102,5.7094,-61.448,0.2982,5.6745,-61.970,0.0250,-0.0272,0.0369,-0.522,2.3025,3.5845,-0.378,-2.0180,2.0767,-61.592,5.285,-0.7726,545.011,1.5942,0.0232,0.0425,1.8293,5.1443,5.0466,nan,5.6659,5.8046,0.2299,-0.0845,2.3194,0.0128,0.0228,-0.1799,5.6938,0.0530,0.1751,0.1749
124.550,535.327,0.4476,5.4455,-63.903,0.4309,5.4008,-64.264,0.0328,-0.0347,0.0477,-0.361,2.3025,3.5845,-0.378,-1.8836,1.8038,-63.885,5.344,-0.7150,545.317,1.5996,0.0176,0.0405,2.3056,5.2045,5.2853,nan,5.8309,6.0257,0.2386,-0.0867,2.3278,0.0223,0.0240,-0.1377,5.8936,0.0597,1.1009,0.1749
124.600,535.327,0.4476,5.4455,-63.903,0.4381,5.3725,-64.531,0.0613,-0.0406,0.0736,-0.628,2.3012,3.5476,-0.646,-1.8836,1.8038,-63.885,5.344,-0.7150,545.317,1.5996,0.0176,0.0431,2.4493,5.3841,5.5605,nan,5.9512,6.2749,0.2485,-0.0838,2.3278,0.0202,0.0169,-0.0297,6.2932,0.0471,3.1033,0.1749
124.650,535.625,0.5742,5.1758,-66.125,0.5649,5.0847,-67.408,0.0796,-0.0454,0.0916,-1.282,2.2855,3.5336,-1.267,-1.7545,1.5126,-66.140,5.480,-0.7342,545.629,1.6040,0.0119,0.0447,3.7460,5.5514,5.7269,nan,6.0133,6.3065,0.2498,-0.0745,2.3278,0.0144,-0.0073,-0.1129,6.5929,0.0373,3.7065,0.1749
124.700,535.943,0.6975,4.8831,-68.570,0.6771,4.7642,-70.645,0.1032,-0.0624,0.1206,-2.075,2.2640,3.4902,-2.207,-1.6348,1.2120,-68.438,5.656,-0.7458,545.966,1.6099,0.0083,0.0539,6.5364,5.7947,6.1339,nan,6.1289,6.3658,0.2521,-0.0593,2.3278,-0.0094,-0.0260,-0.1369,6.8925,0.0283,4.2341,0.1749
124.750,536.254,0.8061,4.5919,-70.870,0.7818,4.4197,-73.299,0.1547,-0.0794,0.1739,-2.429,2.2603,3.4891,-2.354,-1.5155,0.8691,-70.945,5.837,-0.7049,546.296,1.6170,0.0071,0.0629,8.8591,5.8582,5.9643,nan,6.2470,6.3216,0.2504,-0.0520,2.3278,-0.0222,-0.0151,-0.1739,7.1922,0.0493,2.7778,0.1749
124.800,536.578,0.9076,4.2835,-73.021,0.8694,4.0995,-75.143,0.1648,-0.0903,0.1879,-2.122,2.2702,3.4944,-1.991,-1.4210,0.5561,-73.153,5.956,-0.6086,546.635,1.6252,0.0146,0.0773,5.2948,5.8892,5.9776,nan,6.3755,6.5319,0.2587,-0.0452,2.3867,-0.0238,-0.0042,-0.1328,7.4919,0.0508,2.7778,0.1749
124.850,536.915,1.0015,3.9605,-74.782,0.9607,3.7731,-76.263,0.1701,-0.0886,0.1918,-1.480,2.2876,3.5197,-1.254,-1.3322,0.2243,-75.009,6.045,-0.5069,546.983,1.6330,0.0093,0.0602,6.4841,5.9120,5.9967,nan,6.5090,6.7053,0.2656,-0.0491,2.4244,-0.0146,0.0163,-0.1075,7.7916,0.0595,2.1307,0.1749
124.900,537.260,1.0883,3.6260,-76.376,1.0422,3.4230,-77.729,0.1864,-0.0926,0.2081,-1.354,2.2959,3.5007,-1.365,-1.2514,-0.1075,-76.364,6.093,-0.4734,547.338,1.6378,0.0071,0.0539,7.5979,6.0046,6.1372,nan,6.6364,6.8697,0.2721,-0.0615,2.4593,0.0177,0.0423,-0.0848,8.0912,0.0615,0.7459,0.1749
124.950,537.601,1.1648,3.2945,-77.866,1.1068,3.0199,-79.804,0.2563,-0.1144,0.2806,-1.938,2.2922,3.4654,-1.909,-1.1698,-0.4848,-77.895,6.265,-0.5460,547.699,1.6497,0.0075,0.0629,8.3726,6.2183,6.5219,nan,6.7962,7.0889,0.2807,-0.0616,2.4905,0.0370,0.0468,-0.0607,8.4908,0.0545,3.9125,0.1749
125.000,537.950,1.2336,2.9521,-79.781,1.1664,2.6625,-80.821,0.2731,-0.1175,0.2973,-1.040,2.2894,3.4707,-1.224,-1.1055,-0.8320,-79.597,6.422,-0.6192,548.068,1.6556,0.0093,0.0848,9.1261,6.3113,6.4590,nan,6.9537,7.2122,0.2856,-0.0486,2.4905,0.0292,0.0320,-0.0650,8.8904,0.0627,3.4159,0.1749
125.050,538.315,1.2933,2.5921,-81.765,1.2143,2.2758,-83.007,0.3017,-0.1235,0.3260,-1.242,2.2894,3.4707,-1.224,-1.0494,-1.2176,-81.783,6.599,-0.5552,548.456,1.6687,0.0170,0.0924,5.4509,6.4673,6.6928,nan,7.1071,7.3731,0.2920,-0.0445,2.5024,0.0428,0.0251,-0.0576,9.1901,0.0627,3.8667,0.1749
125.100,538.315,1.2933,2.5921,-81.765,1.2245,2.2453,-82.438,0.3334,-0.1178,0.3536,-0.673,2.2877,3.4508,-0.654,-1.0494,-1.2176,-81.783,6.599,-0.5552,548.456,1.6687,0.0170,0.0700,4.1305,6.6262,6.8674,nan,7.2553,7.5388,0.2986,-0.0458,2.5205,0.0609,0.0306,-0.0465,9.5896,0.0617,3.4237,0.1749
125.150,538.682,1.3417,2.2278,-83.364,1.2837,1.8902,-83.491,0.3286,-0.0966,0.3425,-0.126,2.2878,3.4989,0.048,-1.0054,-1.6078,-83.539,6.752,-0.4806,548.843,1.6831,0.0237,0.0612,2.5818,6.7530,6.9597,nan,7.3629,7.6578,0.3033,-0.0537,2.5315,0.0970,0.0372,-0.0398,9.8893,0.0599,3.2755,0.1749
125.200,539.065,1.3819,1.8473,-84.859,1.3340,1.5507,-84.374,0.2911,-0.0743,0.3005,0.485,2.2865,3.5544,0.510,-0.9703,-1.9952,-84.884,6.903,-0.4855,549.247,1.6906,0.0236,0.0513,2.1779,6.9670,7.3600,nan,7.5013,7.8249,0.3099,-0.0535,2.5424,0.1270,0.0357,-0.0333,10.2889,0.0528,3.3156,0.1749
125.250,539.449,1.4121,1.4644,-86.437,1.3637,1.1402,-86.535,0.3205,-0.0685,0.3278,-0.098,2.3112,3.5633,-0.126,-0.9422,-2.4252,-86.409,7.051,-0.5520,549.653,1.7120,0.0213,0.0579,2.7262,7.0693,7.2665,nan,7.6340,7.9528,0.3150,-0.0449,2.5504,0.1306,0.0154,-0.0285,10.5885,0.0562,2.7375,0.1749
125.300,539.848,1.4316,1.0662,-88.341,1.3760,0.7969,-89.033,0.2675,-0.0634,0.2749,-0.691,2.3485,3.5977,-0.874,-0.9296,-2.8152,-88.159,7.181,-0.6021,550.073,1.7149,0.0166,0.0673,4.0655,7.2883,7.7334,nan,7.7290,8.0849,0.3202,-0.0252,2.5588,0.1216,-0.0154,-0.0235,10.9881,0.0447,3.0018,0.1749
125.350,540.254,1.4380,0.6600,-90.260,1.3622,0.3627,-91.711,0.2976,-0.0745,0.3068,-1.451,2.3723,3.6242,-1.385,-0.9310,-3.2849,-90.326,7.321,-0.5468,550.502,1.7495,0.0127,0.0822,6.4876,7.4390,7.7334,nan,7.8817,8.2387,0.3263,0.0007,2.5638,0.0908,-0.0541,-0.0190,11.3877,0.0456,3.0018,0.1749
125.400,540.683,1.4308,0.2312,-91.911,1.3558,0.0047,-92.705,0.2289,-0.0674,0.2386,-0.794,2.3470,3.6787,-0.698,-0.9464,-3.6858,-92.007,7.463,-0.2221,550.954,1.7445,0.0151,0.0788,5.2009,7.3901,7.4739,nan,7.9404,8.2555,0.3270,0.0218,2.5638,0.0500,-0.0802,-0.0205,11.6873,0.0560,2.8536,0.1749
125.450,541.083,1.4169,-0.1689,-91.932,1.3191,-0.4104,-94.176,0.2446,-0.0896,0.2605,-2.244,2.4036,3.7231,-1.574,-0.9706,-4.1617,-92.602,7.628,0.1166,551.379,1.7879,0.0117,0.1005,8.5623,7.6112,8.1210,nan,8.0000,8.3628,0.3312,0.0110,2.5761,0.0490,-0.0537,-0.0133,12.0869,0.0414,3.5029,0.1749
125.500,541.506,1.4044,-0.5918,-91.166,1.3043,-0.8006,-92.550,0.2108,-0.0958,0.2316,-1.384,2.3637,3.7595,-0.987,-0.9807,-4.5777,-91.564,7.749,0.1886,551.823,1.7826,0.0177,0.0969,5.4781,7.6661,7.8439,nan,8.0000,8.3711,0.3315,0.0040,2.5785,0.0320,-0.0312,-0.0119,12.3866,0.0365,2.6527,0.1749
125.550,541.936,1.3968,-1.0213,-90.721,1.2932,-1.2843,-91.522,0.2643,-0.1003,0.2827,-0.800,2.3637,3.7595,-0.987,-0.9836,-5.0615,-90.535,7.858,0.0920,552.272,1.8043,0.0174,0.0970,5.5802,7.7941,8.0749,nan,8.0000,8.2399,0.3263,-0.0136,2.5817,0.0471,0.0030,-0.0100,12.7861,0.0288,2.4486,0.1749
125.600,541.936,1.3968,-1.0213,-90.721,1.3024,-1.2355,-91.082,0.2154,-0.0917,0.2341,-0.361,2.3343,3.8163,-0.547,-0.9836,-5.0615,-90.535,7.858,0.0920,552.272,1.8043,0.0174,0.0868,4.9914,7.6793,7.7287,nan,8.0000,8.0506,0.3188,-0.0191,2.5841,0.0582,0.0114,-0.0084,13.0858,0.0483,1.7542,0.1750
125.650,542.378,1.3916,-1.4637,-90.557,1.3105,-1.5564,-91.337,0.0935,-0.0802,0.1231,-0.781,2.3835,3.8741,-0.894,-0.9881,-5.4466,-90.443,7.935,-0.0060,552.731,1.7764,0.0219,0.0839,3.8388,7.9219,8.7000,nan,8.0000,8.1176,0.3215,-0.0171,2.5844,0.0715,0.0033,-0.0055,13.5853,0.0247,0.1022,0.1750
125.700,542.814,1.3861,-1.9000,-91.048,1.2998,-2.0296,-92.272,0.1312,-0.0839,0.1557,-1.224,2.4701,3.9325,-1.696,-0.9933,-5.9942,-90.576,7.930,-0.2004,553.174,1.8305,0.0239,0.1043,4.3697,7.7714,7.7988,nan,8.0000,8.0760,0.3198,0.0033,2.5844,0.0531,-0.0331,-0.0044,13.7851,0.0392,-1.2653,0.1750
125.750,543.265,1.3757,-2.3500,-91.790,1.2982,-2.3444,-93.166,-0.0031,-0.0776,0.0777,-1.376,2.4695,4.0004,-1.482,-1.0068,-6.3730,-91.685,7.871,-0.2170,553.627,1.7979,0.0219,0.1050,4.8040,7.8932,8.1698,nan,8.0000,8.1096,0.3212,0.0121,2.5500,0.0329,-0.0445,-0.0044,14.2845,0.0274,-0.4872,0.1750
125.800,543.697,1.3604,-2.7820,-92.420,1.2925,-2.8203,-93.411,0.0411,-0.0662,0.0779,-0.991,2.4305,4.0130,-0.923,-1.0278,-6.8507,-92.488,7.848,-0.0560,554.065,1.8252,0.0159,0.0897,5.6367,7.9613,8.1698,nan,8.0000,8.1285,0.3219,0.0138,2.5310,0.0376,-0.0497,-0.0075,14.5842,0.0210,-0.4872,0.1750
125.850,544.128,1.3423,-3.2127,-92.319,1.2803,-3.2613,-92.675,0.0511,-0.0600,0.0788,-0.356,2.3383,4.0202,-0.071,-1.0490,-7.2827,-92.605,7.827,0.0956,554.501,1.8285,0.0150,0.0696,4.6510,7.8171,7.8499,nan,8.0000,8.0886,0.3203,-0.0014,2.4859,0.0609,-0.0280,-0.0063,14.9838,0.0347,-0.4844,0.1750
125.900,544.566,1.3257,-3.6506,-91.870,1.2873,-3.6498,-91.725,0.0005,-0.0384,0.0384,0.145,2.3104,4.0366,0.295,-1.0625,-7.6811,-92.020,7.820,0.0727,554.948,1.8064,0.0126,0.0433,3.4466,7.6093,7.5910,nan,7.6492,7.7647,0.3075,-0.0274,2.4642,0.0911,0.0066,-0.0021,15.2835,0.0204,-0.1432,0.1750
125.950,545.012,1.3111,-4.0958,-91.920,1.2844,-4.0771,-91.482,-0.0178,-0.0274,0.0327,0.438,2.3371,4.0921,0.158,-1.0753,-8.1662,-91.640,7.796,-0.1871,555.398,1.8245,0.0128,0.0334,2.6000,7.7953,8.1995,nan,7.2730,7.5301,0.2982,-0.0472,2.3799,0.1246,0.0191,-0.0047,15.7829,-0.0340,-0.2597,0.1750
126.000,545.430,1.2947,-4.5135,-92.903,1.2768,-4.4657,-92.387,-0.0468,-0.0203,0.0511,0.516,2.3530,4.1448,0.116,-1.0937,-8.6082,-92.503,7.686,-0.4299,555.811,1.8385,0.0184,0.0302,1.6382,7.9120,8.1831,nan,6.9815,6.6918,0.2650,-0.0405,2.3563,0.1213,-0.0095,0.0013,16.0826,-0.0248,-2.3294,0.1750
126.050,545.430,1.2947,-4.5135,-92.903,1.2768,-4.4657,-92.387,-0.0468,-0.0203,0.0511,0.516,2.3530,4.1448,0.116,-1.0937,-8.6082,-92.503,7.686,-0.4299,555.811,1.8385,0.0184,0.0302,1.6382,7.6627,7.6070,nan,6.6895,6.4138,0.2540,-0.0256,2.3185,0.1047,-0.0493,0.0019,16.3823,-0.0301,-3.4370,0.1750
126.100,545.848,1.2689,-4.9309,-94.624,1.2590,-4.9398,-93.623,0.0097,-0.0092,0.0133,1.001,2.2639,4.1101,0.772,-1.1268,-9.0356,-94.395,7.511,-0.5002,556.216,1.8498,0.0188,0.0241,1.2845,7.2192,6.6876,nan,6.4113,6.1034,0.2417,-0.0273,2.2865,0.0970,-0.0678,-0.0153,16.6819,-0.0107,-8.6874,0.1750
126.150,546.270,1.2306,-5.3518,-96.172,1.2316,-5.2509,-95.432,-0.1005,-0.0098,0.1009,0.740,2.2841,4.0856,0.675,-1.1624,-9.3234,-96.107,7.097,-0.3787,556.601,1.7830,0.0206,0.0205,0.9939,7.2888,7.4628,nan,6.0508,5.8448,0.2315,-0.0361,2.2567,0.0699,-0.0709,-0.0403,17.1814,-0.0632,-7.5538,0.1750
126.200,546.644,1.1883,-5.7228,-97.074,1.1940,-5.6823,-96.924,-0.0409,0.0007,0.0409,0.150,2.3310,4.1180,0.500,-1.2225,-9.7900,-97.425,6.744,-0.2775,556.943,1.8441,0.0235,0.0205,0.8734,6.8515,5.9431,nan,5.8822,5.6201,0.2226,-0.0422,2.2323,0.0661,-0.0747,-0.0507,17.2813,-0.0313,-7.6253,0.1750
126.250,547.005,1.1418,-6.0809,-97.949,1.1578,-5.9100,-98.443,-0.1715,-0.0077,0.1717,-0.494,2.5025,4.0987,-0.509,-1.2556,-10.0203,-97.934,6.410,-0.3092,557.276,1.7725,0.0245,0.0303,1.2360,6.4519,6.1610,nan,5.7216,5.4187,0.2146,-0.0514,2.1738,0.0457,-0.0715,-0.0681,17.5810,0.0008,-7.0208,0.1750
126.300,547.354,1.0910,-6.4266,-99.061,1.0994,-6.3205,-99.135,-0.1061,-0.0084,0.1064,-0.074,2.4432,4.0525,-0.180,-1.3111,-10.3772,-98.955,6.084,-0.3820,557.599,1.7817,0.0163,0.0212,1.2975,6.2072,6.1610,nan,5.5602,5.2742,0.2089,-0.0474,2.1287,0.0035,-0.0833,-0.0818,17.8806,0.0103,-7.0208,0.1750
126.350,547.693,1.0348,-6.7604,-100.344,1.0510,-6.5952,-99.868,-0.1654,-0.0138,0.1660,0.477,2.3384,4.0776,0.411,-1.3639,-10.6633,-100.279,5.803,-0.4428,557.916,1.7579,0.0158,0.0172,1.0877,5.8616,5.7046,nan,5.3325,5.0858,0.2014,-0.0638,2.0905,-0.0128,-0.0745,-0.1126,18.1803,0.0211,-6.2780,0.1750
126.400,548.016,0.9735,-7.0779,-101.846,0.9847,-6.9536,-101.473,-0.1240,-0.0145,0.1248,0.373,2.3607,4.0243,0.271,-1.4279,-10.9712,-101.744,5.538,-0.5344,558.220,1.7563,0.0182,0.0190,1.0442,5.7023,5.7088,nan,5.1824,4.9731,0.1970,-0.0808,2.0419,-0.0276,-0.0521,-0.1418,18.4800,0.0169,-5.5910,0.1750
126.450,548.292,0.9141,-7.3468,-103.427,0.9296,-7.2057,-103.160,-0.1408,-0.0176,0.1419,0.267,2.3589,4.0515,0.334,-1.4950,-11.2487,-103.495,5.277,-0.5829,558.477,1.7669,0.0170,0.0195,1.1439,5.5178,5.5116,nan,4.9623,4.8051,0.1903,-0.0987,2.0118,-0.0435,-0.0427,-0.1662,18.7797,0.0040,-6.7122,0.1750
126.500,548.586,0.8415,-7.6320,-105.549,0.8717,-7.4693,-104.429,-0.1649,-0.0145,0.1655,1.121,2.2640,4.0137,0.809,-1.5542,-11.4622,-105.237,5.061,-0.7267,558.757,1.7255,0.0053,0.0140,2.6380,5.1100,4.8096,nan,4.8839,4.6663,0.1848,-0.1053,2.0118,-0.0536,-0.0374,-0.1808,18.9794,0.0589,-5.0507,0.1750
126.551,548.859,0.7639,-7.8935,-107.970,0.7818,-7.7658,-107.083,-0.1270,-0.0224,0.1289,0.887,2.2640,4.0137,0.809,-1.6483,-11.7574,-107.892,4.865,-0.7857,559.017,1.7541,0.0074,0.0122,1.6604,5.1105,5.1649,nan,4.6418,4.5059,0.1785,-0.1362,2.0046,-0.0552,-0.0201,-0.2042,19.2791,0.0110,-4.8360,0.1750
126.601,549.089,0.6897,-8.1111,-110.124,0.6992,-8.0332,-109.795,-0.0764,-0.0179,0.0785,0.328,2.3017,3.9458,0.595,-1.7268,-11.9617,-110.390,4.722,-0.8000,559.238,1.7527,0.0056,0.0086,1.5328,4.7635,4.6331,nan,4.4296,4.2609,0.1687,-0.1494,1.8622,-0.0556,-0.0253,-0.2095,19.4789,0.0389,-3.9680,0.1750
126.650,549.089,0.6897,-8.1111,-110.124,0.6894,-8.1068,-109.424,-0.0039,-0.0018,0.0043,0.700,2.2143,3.8823,0.966,-1.7268,-11.9617,-110.390,4.722,-0.8000,559.238,1.7527,0.0056,0.0081,1.4344,4.3640,4.1159,nan,4.3006,4.0685,0.1611,-0.1780,1.6572,-0.0382,0.0090,-0.2266,19.7786,0.0898,-4.2414,0.1750
126.700,549.379,0.5828,-8.3814,-113.611,0.6119,-8.3168,-111.651,-0.0708,0.0008,0.0708,1.961,2.1809,3.8707,1.103,-1.8034,-12.1551,-112.754,4.513,-1.0215,559.517,1.6955,0.0176,0.0099,0.5609,4.6225,4.8616,nan,4.1131,4.0404,0.1600,-0.1993,1.5817,-0.0452,0.0148,-0.2773,20.0783,-0.0092,-4.9883,0.1750
126.750,549.622,0.4804,-8.6012,-116.852,0.4973,-8.5676,-114.870,-0.0376,-0.0001,0.0376,1.982,2.0066,3.9278,1.998,-1.9440,-12.4352,-116.867,4.314,-1.0752,559.748,1.7535,0.0253,0.0131,0.5184,4.2779,4.1645,nan,4.0508,3.9211,0.1553,-0.2105,1.5817,-0.0480,0.0041,-0.2921,20.1781,0.0398,-5.1548,0.1750
126.800,549.857,0.3683,-8.8081,-120.591,0.4078,-8.7302,-119.119,-0.0872,-0.0056,0.0874,1.472,2.2031,3.9057,1.123,-2.0427,-12.5982,-120.242,4.114,-1.2332,559.974,1.7245,0.0032,0.0074,2.2714,4.1046,4.1051,nan,3.9287,3.8036,0.1506,-0.2205,1.4784,-0.0468,0.0035,-0.3182,20.3779,0.0434,-3.2296,0.1750
126.850,550.080,0.2491,-8.9966,-124.560,0.2715,-8.9393,-124.144,-0.0599,-0.0140,0.0615,0.416,2.3132,3.8780,0.613,-2.1786,-12.7948,-124.757,3.999,-1.2883,560.193,1.7431,0.0074,0.0007,0.1006,4.0760,4.1051,nan,3.8211,3.7225,0.1474,-0.1752,1.1109,-0.0642,-0.0168,-0.3408,20.5777,0.0259,-3.2296,0.1750
126.900,550.312,0.1112,-9.1830,-128.822,0.1600,-9.0910,-127.573,-0.1023,-0.0196,0.1041,1.249,2.2269,3.8807,0.999,-2.2926,-12.9337,-128.571,3.862,-1.0575,560.418,1.7038,0.0197,0.0010,0.0494,3.7784,3.7220,nan,3.7703,3.6178,0.1433,-0.1245,0.9652,-0.0785,-0.0196,-0.3633,20.7775,0.0696,-3.3290,0.1750
126.950,550.513,-0.0185,-9.3363,-131.946,0.0095,-9.2555,-131.277,-0.0788,-0.0332,0.0855,0.669,2.2737,3.9003,0.860,-2.4615,-13.1203,-132.137,3.727,-0.8240,560.613,1.7522,0.0228,0.0098,0.4306,4.0154,4.1600,nan,3.5843,3.5502,0.1406,-0.2128,0.8782,-0.0710,0.0176,-0.3900,20.9773,-0.0150,-3.6717,0.1750
127.000,550.718,-0.1585,-9.4864,-134.256,-0.1203,-9.3909,-133.638,-0.0950,-0.0393,0.1028,0.617,2.2338,3.8903,0.985,-2.5821,-13.2388,-134.624,3.611,-0.8195,560.812,1.7230,0.0036,0.0072,2.0260,3.6693,3.5614,nan,3.5021,3.4191,0.1354,-0.2209,0.8782,-0.0808,0.0287,-0.4074,21.0772,0.0286,-2.5709,0.1750
127.050,550.914,-0.2988,-9.6229,-137.815,-0.2567,-9.5293,-135.573,-0.0941,-0.0410,0.1026,2.242,2.1780,3.8928,1.213,-2.7182,-13.3675,-136.785,3.511,-1.1980,561.004,1.7164,0.0067,0.0045,0.6696,3.5183,3.5213,nan,3.3036,3.2425,0.1284,-0.3138,0.8782,-0.0659,0.0810,-0.4359,21.2770,0.0154,-2.5309,0.1750
127.100,550.914,-0.2988,-9.6229,-137.815,-0.2567,-9.5293,-135.573,-0.0941,-0.0410,0.1026,2.242,2.1780,3.8928,1.213,-2.7182,-13.3675,-136.785,3.511,-1.1980,561.004,1.7164,0.0067,0.0045,0.6696,3.5427,3.5758,nan,3.2033,3.1315,0.1240,-0.3414,0.8782,-0.0570,0.0787,-0.4336,21.4767,0.0050,-3.4361,0.1750
127.150,551.107,-0.4455,-9.7481,-141.630,-0.4268,-9.6815,-140.327,-0.0560,-0.0406,0.0692,1.303,2.1350,3.8757,1.342,-2.8785,-13.4935,-141.669,3.388,-1.2047,561.192,1.7294,0.0144,0.0043,0.2975,3.3680,3.3638,nan,3.1222,2.9774,0.1179,-0.3769,0.8782,-0.0352,0.1073,-0.4278,21.6765,0.0373,-4.3952,0.1750
127.201,551.297,-0.5993,-9.8607,-146.664,-0.5649,-9.7832,-144.692,-0.0714,-0.0458,0.0848,1.972,2.2223,3.8684,1.037,-3.0339,-13.5989,-145.729,3.202,-1.6628,561.377,1.7285,0.0246,0.0056,0.2285,3.1446,3.1209,nan,3.0612,2.8504,0.1129,-0.3799,0.8782,-0.0396,0.0391,-0.4239,21.7764,0.0746,-3.9648,0.1750
127.250,551.488,-0.7634,-9.9579,-152.515,-0.7247,-9.8747,-151.859,-0.0728,-0.0559,0.0918,0.656,2.2911,3.8465,0.751,-3.1954,-13.6805,-152.610,3.065,-1.6957,561.565,1.7208,0.0098,0.0045,0.4563,3.1022,3.1209,nan,3.0482,2.8687,0.1136,-0.3796,0.8782,-0.0348,0.0425,-0.5019,21.9762,0.0689,-3.9648,0.1750
127.300,551.664,-0.9232,-10.0315,-158.466,-0.8896,-9.9504,-157.288,-0.0610,-0.0631,0.0878,1.178,2.2628,3.8378,0.829,-3.3516,-13.7411,-158.117,2.919,-1.7375,561.738,1.7133,0.0183,0.0065,0.3556,3.0039,3.0131,nan,3.1299,3.1238,0.1237,-0.3776,0.8782,-0.0369,0.0065,-0.5908,22.0761,0.0300,-4.1886,0.1750
127.350,551.819,-1.0694,-10.0820,-163.755,-1.0450,-10.0089,-162.820,-0.0439,-0.0633,0.0770,0.935,2.2315,3.8312,0.952,-3.5061,-13.7838,-163.772,2.832,-1.6879,561.892,1.7186,0.0259,0.0093,0.3594,2.9831,3.0039,nan,3.1715,3.1503,0.1248,-0.3883,0.8782,-0.0324,0.0419,-0.6936,22.2759,0.0418,-3.3186,0.1750
127.400,551.971,-1.2179,-10.1185,-168.960,-1.1876,-10.0491,-167.377,-0.0430,-0.0623,0.0757,1.584,2.1245,3.8468,1.397,-3.6499,-13.8111,-168.774,2.925,-1.7615,562.054,1.7112,0.0337,0.0096,0.2854,2.9032,2.9147,nan,3.2535,3.2070,0.1270,-0.4044,0.9298,-0.0201,0.0300,-0.6767,22.3758,0.0676,2.0681,0.1750
127.450,552.134,-1.3787,-10.1423,-174.624,-1.3919,-10.0882,-173.511,0.0080,-0.0551,0.0557,1.112,2.1269,3.8285,1.327,-3.8401,-13.8314,-174.838,2.979,-1.8482,562.223,1.7381,0.0173,0.0197,1.1380,3.0434,3.1045,nan,3.3491,3.4191,0.1354,-0.4038,1.1566,-0.0015,0.0691,-0.6159,22.5756,0.0269,0.7514,0.1750
127.500,552.302,-1.5466,-10.1498,179.275,-1.5412,-10.0889,180.911,-0.0047,-0.0610,0.0611,1.635,2.1269,3.8285,1.327,-3.9893,-13.8287,179.584,3.033,-1.9313,562.399,1.7173,0.0211,0.0185,0.8784,2.9164,2.9193,nan,3.3861,3.3977,0.1346,-0.3868,1.1664,0.0133,0.0950,-0.5594,22.7753,0.0629,0.3698,0.1750
127.550,552.302,-1.5466,-10.1498,179.275,-1.5483,-10.0901,181.084,0.0025,-0.0597,0.0597,1.809,2.0774,3.8384,1.501,-3.9893,-13.8287,179.584,3.033,-1.9313,562.399,1.7173,0.0211,0.0245,1.1588,3.1173,3.2120,nan,3.4902,3.5491,0.1406,-0.3701,1.2540,0.0225,0.1019,-0.5476,22.9751,0.0386,2.0371,0.1750
127.600,552.472,-1.7163,-10.1393,173.105,-1.7207,-10.0725,174.996,0.0124,-0.0658,0.0669,1.891,2.0419,3.8550,1.721,-4.1792,-13.8082,173.275,3.140,-1.9229,562.581,1.7335,0.0278,0.0281,1.0086,3.2930,3.3733,nan,3.5928,3.6467,0.1444,-0.3500,1.3308,0.0221,0.0611,-0.5382,23.0750,0.0322,1.2427,0.1750
127.650,552.647,-1.8883,-10.1099,167.064,-1.9065,-10.0388,168.652,0.0337,-0.0652,0.0734,1.587,2.0697,3.8456,1.633,-4.3702,-13.7654,167.019,3.208,-1.8873,562.765,1.7478,0.0340,0.0296,0.8699,3.2957,3.3228,nan,3.6391,3.7239,0.1475,-0.3255,1.3794,0.0237,0.0674,-0.4684,23.2748,0.0287,2.2174,0.1750
127.700,552.833,-2.0673,-10.0593,160.904,-2.0731,-9.9782,162.352,0.0320,-0.0748,0.0813,1.448,2.1540,3.8283,1.317,-4.5434,-13.7056,161.035,3.316,-1.8291,562.962,1.7396,0.0421,0.0194,0.4611,3.4646,3.5447,nan,3.7562,3.8577,0.1528,-0.2972,1.4575,0.0146,0.0611,-0.4498,23.4746,0.0187,1.8271,0.1750
127.750,553.014,-2.2360,-9.9922,155.246,-2.2712,-9.8920,155.586,0.0740,-0.0763,0.1062,0.340,2.3080,3.7785,0.673,-4.7395,-13.6157,154.913,3.408,-1.7511,563.154,1.7598,0.0203,0.0128,0.6295,3.5079,3.5447,nan,3.8003,3.8939,0.1542,-0.2818,1.4758,0.0218,0.0141,-0.4419,23.5745,0.0211,1.8271,0.1750
127.800,553.208,-2.4078,-9.9034,149.663,-2.4248,-9.8108,150.368,0.0614,-0.0713,0.0941,0.705,2.3231,3.7662,0.595,-4.8887,-13.5269,149.772,3.503,-1.6512,563.357,1.7380,0.0248,0.0104,0.4184,3.3616,3.3643,nan,3.8003,3.8450,0.1523,-0.2549,1.4142,0.0117,0.0128,-0.4278,23.7742,0.0519,1.9517,0.1750
127.850,553.404,-2.5728,-9.7974,144.477,-2.6038,-9.6888,144.121,0.0883,-0.0704,0.1129,-0.356,2.5594,3.6851,-0.365,-5.0778,-13.4065,144.486,3.617,-1.5086,563.564,1.7575,0.0295,0.0090,0.3064,3.5987,3.7350,nan,3.9628,3.9663,0.1571,-0.2558,1.5140,0.0277,0.0199,-0.4494,23.9740,0.0566,2.7506,0.1750
127.900,553.608,-2.7345,-9.6725,139.818,-2.7679,-9.5433,139.702,0.1089,-0.0771,0.1334,-0.116,2.4581,3.7297,0.071,-5.2424,-13.2666,139.631,3.679,-1.4652,563.776,1.7565,0.0325,0.0132,0.4042,3.7274,3.7917,nan,4.0855,4.1378,0.1639,-0.2301,1.5846,0.0107,0.0247,-0.4380,24.1738,0.0421,1.6799,0.1750
127.950,553.813,-2.8860,-9.5347,135.159,-2.9268,-9.3841,135.044,0.1351,-0.0781,0.1561,-0.115,2.4650,3.7323,0.013,-5.3949,-13.1151,135.030,3.771,-1.3863,563.988,1.7541,0.0193,0.0113,0.5849,3.7454,3.7791,nan,4.1854,4.3089,0.1706,-0.2288,1.6674,0.0100,0.0430,-0.3511,24.3736,0.0348,1.7342,0.1750
128.000,554.024,-3.0306,-9.3806,130.832,-3.0622,-9.2258,130.700,0.1378,-0.0773,0.1580,-0.132,2.4650,3.7323,0.013,-5.5303,-12.9568,130.686,3.902,-1.3936,564.211,1.7442,0.0208,0.0092,0.4399,3.7102,3.7349,nan,4.2863,4.3837,0.1736,-0.2234,1.6545,0.0100,0.0470,-0.3436,24.5734,0.0580,3.2220,0.1750
128.051,554.251,-3.1725,-9.2038,126.212,-3.1966,-9.0524,126.633,0.1364,-0.0700,0.1533,0.421,2.4636,3.7287,0.012,-5.6629,-12.7799,126.621,4.045,-1.4092,564.451,1.7351,0.0560,0.0397,0.7086,3.8720,3.9535,nan,4.3874,4.4672,0.1769,-0.2185,1.7339,0.0179,0.0480,-0.3403,24.7732,0.0552,3.1463,0.1750
128.100,554.251,-3.1725,-9.2038,126.212,-3.2014,-9.0512,127.002,0.1402,-0.0669,0.1553,0.789,2.3765,3.7660,0.380,-5.6629,-12.7799,126.621,4.045,-1.4092,564.451,1.7351,0.0221,0.0180,0.8175,4.1657,4.5600,nan,4.5797,4.7065,0.1864,-0.2179,1.9003,0.0312,0.0730,-0.3067,25.0728,0.0353,2.3207,0.1750
128.150,554.476,-3.2994,-9.0173,121.740,-3.3561,-8.8212,122.328,0.1966,-0.0550,0.2042,0.588,2.2883,3.7885,0.810,-5.8220,-12.5287,121.518,4.150,-1.4119,564.687,1.7522,0.0212,0.0237,1.1157,4.0560,4.0715,nan,4.6238,4.7110,0.1866,-0.2071,1.8595,0.0358,0.0438,-0.2977,25.1727,0.0610,1.8967,0.1750
128.200,554.707,-3.4139,-8.8169,117.260,-3.4405,-8.6731,118.697,0.1400,-0.0423,0.1463,1.437,2.1902,3.8138,1.268,-5.9056,-12.3592,117.429,4.243,-1.4418,564.928,1.7286,0.0199,0.0244,1.2251,4.3149,4.5193,nan,4.7037,4.8423,0.1918,-0.2016,2.0002,0.0490,0.0621,-0.2780,25.4724,0.0316,3.0345,0.1750
128.250,554.945,-3.5151,-8.6021,112.654,-3.5535,-8.4222,113.785,0.1808,-0.0339,0.1840,1.130,2.2134,3.8019,1.173,-6.0158,-12.1035,112.612,4.380,-1.4271,565.179,1.7288,0.0180,0.0301,1.6758,4.4095,4.4773,nan,4.8093,4.9392,0.1956,-0.1908,2.0523,0.0607,0.0455,-0.2709,25.6722,0.0352,1.9968,0.1750
128.300,555.161,-3.5925,-8.3997,108.665,-3.6200,-8.2399,110.248,0.1602,-0.0251,0.1622,1.584,2.1175,3.8248,1.657,-6.0839,-11.8937,108.592,4.459,-1.4302,565.405,1.7182,0.0182,0.0359,1.9698,4.4887,4.5539,nan,4.8767,4.9925,0.1977,-0.1726,2.0906,0.0560,0.0271,-0.2697,25.8720,0.0368,0.8962,0.1750
128.350,555.382,-3.6569,-8.1883,104.690,-3.6784,-8.0222,106.079,0.1661,-0.0213,0.1675,1.389,2.1561,3.8050,1.503,-6.1428,-11.6701,104.576,4.553,-1.4241,565.637,1.7104,0.0190,0.0362,1.9095,4.5890,4.6662,nan,4.9744,5.0766,0.2011,-0.1624,2.1425,0.0588,0.0189,-0.2654,26.0718,0.0396,1.1581,0.1750
128.400,555.636,-3.7130,-7.9410,100.366,-3.7240,-7.8001,101.942,0.1406,-0.0145,0.1413,1.576,2.1598,3.7854,1.523,-6.1897,-11.4250,100.419,4.662,-1.2883,565.903,1.7019,0.0137,0.0355,2.5945,4.6152,4.6662,nan,5.0407,5.1295,0.2031,-0.1427,2.1686,0.0499,0.0247,-0.2542,26.3714,0.0466,1.1581,0.1750
128.450,555.895,-3.7518,-7.6850,96.382,-3.7646,-7.4992,97.177,0.1861,-0.0079,0.1862,0.795,2.2412,3.7290,1.134,-6.2269,-11.1071,96.043,4.747,-1.2221,566.171,1.6895,0.0107,0.0347,3.2371,4.8584,5.0863,nan,5.1550,5.2818,0.2092,-0.1354,2.2303,0.0471,0.0184,-0.2471,26.5712,0.0276,1.9782,0.1750
128.500,556.163,-3.7738,-7.4177,92.546,-3.7722,-7.2928,93.933,0.1247,-0.0072,0.1250,1.387,2.2110,3.7362,1.309,-6.2335,-10.8895,92.624,4.836,-1.0765,566.450,1.6829,0.0083,0.0295,3.5448,4.6214,4.5924,nan,5.2470,5.2862,0.2094,-0.1166,2.1907,0.0322,0.0086,-0.2389,26.7710,0.0779,1.8220,0.1750
