t,dist_m,true_x,true_y,true_yaw_deg,est_x,est_y,est_yaw_deg,err_along,err_cross,err_dist,err_yaw_deg,m2o_x,m2o_y,m2o_yaw_deg,o2b_x,o2b_y,o2b_yaw_deg,speed,yaw_rate,enc_dist,dr_err,fit_true,fit_est,fit_ratio,pp_v_est,pp_v_enc,pp_v_pose,pp_v_target,pp_u_cmd,pp_throttle,pp_steering,pp_ld,pp_e_lat,pp_e_head,pp_kappa,pp_s,pp_slip,pp_a_imu
0.000,0.000,0.8004,3.1583,-89.997,0.7981,3.1557,-90.116,0.0026,-0.0023,0.0035,-0.119,0.7982,3.1571,-0.075,0.0000,0.0000,-89.997,0.000,0.0000,0.000,0.0000,0.0073,0.0111,1.5232,nan,nan,nan,nan,nan,nan,nan,nan,nan,nan,nan,nan,nan,nan
0.050,0.000,0.8004,3.1583,-89.997,0.7978,3.1560,-90.084,0.0023,-0.0026,0.0035,-0.087,0.7982,3.1571,-0.075,0.0000,0.0000,-89.997,0.000,0.0000,0.000,0.0000,0.0073,0.0112,1.5364,nan,nan,nan,nan,nan,nan,nan,nan,nan,nan,nan,nan,nan,nan
0.100,0.000,0.8004,3.1583,-89.997,0.7978,3.1560,-90.084,0.0023,-0.0026,0.0035,-0.087,0.7982,3.1571,-0.075,0.0000,0.0000,-89.997,0.000,0.0000,0.000,0.0000,0.0073,0.0112,1.5364,nan,nan,nan,nan,nan,nan,nan,nan,nan,nan,nan,nan,nan,nan
0.150,0.000,0.8004,3.1583,-89.997,0.7978,3.1560,-90.084,0.0023,-0.0026,0.0035,-0.087,0.7982,3.1571,-0.075,0.0000,0.0000,-89.997,0.000,0.0000,0.000,0.0000,0.0073,0.0112,1.5364,nan,nan,nan,nan,nan,nan,nan,nan,nan,nan,nan,nan,nan,nan
0.200,0.000,0.8004,3.1583,-89.997,0.7978,3.1560,-90.084,0.0023,-0.0026,0.0035,-0.087,0.7982,3.1571,-0.075,0.0000,0.0000,-89.997,0.000,0.0000,0.000,0.0000,0.0073,0.0112,1.5364,nan,nan,nan,nan,nan,nan,nan,nan,nan,nan,nan,nan,nan,nan
0.250,0.000,0.8004,3.1583,-89.997,0.7978,3.1560,-90.084,0.0023,-0.0026,0.0035,-0.087,0.7982,3.1571,-0.075,0.0000,0.0000,-89.997,0.000,0.0000,0.000,0.0000,0.0073,0.0112,1.5364,nan,nan,nan,nan,nan,nan,nan,nan,nan,nan,nan,nan,nan,nan
0.300,0.000,0.8004,3.1583,-89.997,0.7978,3.1560,-90.084,0.0023,-0.0026,0.0035,-0.087,0.7982,3.1571,-0.075,0.0000,0.0000,-89.997,0.000,0.0000,0.000,0.0000,0.0073,0.0113,1.5430,nan,nan,nan,nan,nan,nan,nan,nan,nan,nan,nan,nan,nan,nan
0.350,0.000,0.8004,3.1583,-89.997,0.7978,3.1560,-90.084,0.0023,-0.0026,0.0035,-0.087,0.7982,3.1571,-0.075,0.0000,0.0000,-89.997,0.000,0.0000,0.000,0.0000,0.0073,0.0112,1.5364,nan,nan,nan,nan,nan,nan,nan,nan,nan,nan,nan,nan,nan,nan
0.400,0.000,0.8004,3.1583,-89.997,0.7980,3.1566,-90.077,0.0017,-0.0024,0.0029,-0.080,0.7982,3.1571,-0.075,0.0000,0.0000,-89.997,0.000,0.0000,0.000,0.0000,0.0073,0.0108,1.4834,nan,nan,nan,nan,nan,nan,nan,nan,nan,nan,nan,nan,nan,nan
0.450,0.000,0.8004,3.1583,-89.997,0.7982,3.1571,-90.072,0.0012,-0.0022,0.0025,-0.075,0.7971,3.1560,-0.039,0.0000,0.0000,-89.997,0.000,0.0000,0.000,0.0000,0.0073,0.0107,1.4636,nan,nan,nan,nan,nan,nan,nan,nan,nan,nan,nan,nan,nan,nan
0.500,0.000,0.8004,3.1583,-89.997,0.7982,3.1571,-90.072,0.0012,-0.0022,0.0025,-0.075,0.7971,3.1560,-0.039,0.0000,0.0000,-89.997,0.000,0.0000,0.000,0.0000,0.0073,0.0107,1.4636,nan,nan,nan,nan,nan,nan,nan,nan,nan,nan,nan,nan,nan,nan
0.550,0.000,0.8004,3.1583,-89.997,0.7982,3.1571,-90.072,0.0012,-0.0022,0.0025,-0.075,0.7971,3.1560,-0.039,0.0000,0.0000,-89.997,0.000,0.0000,0.000,0.0000,0.0073,0.0107,1.4636,nan,nan,nan,nan,nan,nan,nan,nan,nan,nan,nan,nan,nan,nan
0.600,0.000,0.8004,3.1583,-89.997,0.7982,3.1571,-90.072,0.0012,-0.0022,0.0025,-0.075,0.7971,3.1560,-0.039,0.0000,0.0000,-89.997,0.000,0.0000,0.000,0.0000,0.0073,0.0107,1.4636,nan,nan,nan,nan,nan,nan,nan,nan,nan,nan,nan,nan,nan,nan
0.650,0.000,0.8004,3.1583,-89.997,0.7982,3.1571,-90.072,0.0012,-0.0022,0.0025,-0.075,0.7971,3.1560,-0.039,0.0000,0.0000,-89.997,0.000,0.0000,0.000,0.0000,0.0074,0.0107,1.4539,nan,nan,nan,nan,nan,nan,nan,nan,nan,nan,nan,nan,nan,nan
0.700,0.000,0.8004,3.1583,-89.997,0.7982,3.1571,-90.072,0.0012,-0.0022,0.0025,-0.075,0.7971,3.1560,-0.039,0.0000,0.0000,-89.997,0.000,0.0000,0.000,0.0000,0.0074,0.0107,1.4444,nan,nan,nan,nan,nan,nan,nan,nan,nan,nan,nan,nan,nan,nan
0.750,0.000,0.8004,3.1583,-89.997,0.7982,3.1571,-90.072,0.0012,-0.0022,0.0025,-0.075,0.7971,3.1560,-0.039,0.0000,0.0000,-89.997,0.000,0.0000,0.000,0.0000,0.0074,0.0107,1.4444,nan,nan,nan,nan,nan,nan,nan,nan,nan,nan,nan,nan,nan,nan
0.800,0.000,0.8004,3.1583,-89.997,0.7982,3.1571,-90.072,0.0012,-0.0022,0.0025,-0.075,0.7977,3.1546,0.054,0.0000,0.0000,-89.997,0.000,0.0000,0.000,0.0000,0.0074,0.0107,1.4444,nan,nan,nan,nan,nan,nan,nan,nan,nan,nan,nan,nan,nan,nan
0.850,0.000,0.8004,3.1583,-89.997,0.7977,3.1566,-90.055,0.0017,-0.0027,0.0032,-0.058,0.7977,3.1546,0.054,0.0000,0.0000,-89.997,0.000,0.0000,0.000,0.0000,0.0074,0.0112,1.5163,nan,nan,nan,nan,nan,nan,nan,nan,nan,nan,nan,nan,nan,nan
0.900,0.000,0.8004,3.1583,-89.997,0.7971,3.1560,-90.035,0.0023,-0.0033,0.0040,-0.039,0.7977,3.1546,0.054,0.0000,0.0000,-89.997,0.000,0.0000,0.000,0.0000,0.0074,0.0118,1.5882,nan,nan,nan,nan,nan,nan,nan,nan,nan,nan,nan,nan,nan,nan
0.950,0.000,0.8004,3.1583,-89.997,0.7971,3.1560,-90.035,0.0023,-0.0033,0.0040,-0.039,0.7977,3.1546,0.054,0.0000,0.0000,-89.997,0.000,0.0000,0.000,0.0000,0.0074,0.0118,1.5882,nan,nan,nan,nan,nan,nan,nan,nan,nan,nan,nan,nan,nan,nan
1.000,0.000,0.8004,3.1583,-89.997,0.7971,3.1560,-90.035,0.0023,-0.0033,0.0040,-0.039,0.7977,3.1546,0.054,0.0000,0.0000,-89.997,0.000,0.0000,0.000,0.0000,0.0074,0.0118,1.5882,nan,nan,nan,nan,nan,nan,nan,nan,nan,nan,nan,nan,nan,nan
1.050,0.000,0.8004,3.1583,-89.997,0.7971,3.1560,-90.035,0.0023,-0.0033,0.0040,-0.039,0.7977,3.1546,0.054,0.0000,0.0000,-89.997,0.000,0.0000,0.000,0.0000,0.0074,0.0118,1.5882,nan,nan,nan,nan,nan,nan,nan,nan,nan,nan,nan,nan,nan,nan
1.100,0.000,0.8004,3.1583,-89.997,0.7971,3.1560,-90.035,0.0023,-0.0033,0.0040,-0.039,0.7977,3.1546,0.054,0.0000,0.0000,-89.997,0.000,0.0000,0.000,0.0000,0.0074,0.0118,1.5882,nan,nan,nan,nan,nan,nan,nan,nan,nan,nan,nan,nan,nan,nan
1.150,0.000,0.8004,3.1583,-89.997,0.7971,3.1560,-90.035,0.0023,-0.0033,0.0040,-0.039,0.7977,3.1546,0.054,0.0000,0.0000,-89.997,0.000,0.0000,0.000,0.0000,0.0074,0.0118,1.5882,nan,nan,nan,nan,nan,nan,nan,nan,nan,nan,nan,nan,nan,nan
1.200,0.000,0.8004,3.1583,-89.997,0.7971,3.1560,-90.035,0.0023,-0.0033,0.0040,-0.039,0.7984,3.1551,0.145,0.0000,0.0000,-89.997,0.000,0.0000,0.000,0.0000,0.0074,0.0118,1.5882,nan,nan,nan,nan,nan,nan,nan,nan,nan,nan,nan,nan,nan,nan
1.250,0.000,0.8004,3.1583,-89.997,0.7975,3.1551,-89.976,0.0032,-0.0029,0.0043,0.021,0.7984,3.1551,0.145,0.0000,0.0000,-89.997,0.000,0.0000,0.000,0.0000,0.0074,0.0108,1.4641,nan,nan,nan,nan,nan,nan,nan,nan,nan,nan,nan,nan,nan,nan
1.300,0.000,0.8004,3.1583,-89.997,0.7977,3.1546,-89.942,0.0037,-0.0027,0.0046,0.054,0.7984,3.1551,0.145,0.0000,0.0000,-89.997,0.000,0.0000,0.000,0.0000,0.0074,0.0103,1.3922,nan,nan,nan,nan,nan,nan,nan,nan,nan,nan,nan,nan,nan,nan
1.350,0.000,0.8004,3.1583,-89.997,0.7977,3.1546,-89.942,0.0037,-0.0027,0.0046,0.054,0.7984,3.1551,0.145,0.0000,0.0000,-89.997,0.000,0.0000,0.000,0.0000,0.0074,0.0103,1.3922,nan,nan,nan,nan,nan,nan,nan,nan,nan,nan,nan,nan,nan,nan
1.400,0.000,0.8004,3.1583,-89.997,0.7977,3.1546,-89.942,0.0037,-0.0027,0.0046,0.054,0.7984,3.1551,0.145,0.0000,0.0000,-89.997,0.000,0.0000,0.000,0.0000,0.0074,0.0103,1.3922,nan,nan,nan,nan,nan,nan,nan,nan,nan,nan,nan,nan,nan,nan
1.450,0.000,0.8004,3.1583,-89.997,0.7977,3.1546,-89.942,0.0037,-0.0027,0.0046,0.054,0.7984,3.1551,0.145,0.0000,0.0000,-89.997,0.000,0.0000,0.000,0.0000,0.0075,0.0103,1.3831,nan,nan,nan,nan,nan,nan,nan,nan,nan,nan,nan,nan,nan,nan
1.500,0.000,0.8004,3.1583,-89.997,0.7977,3.1546,-89.942,0.0037,-0.0027,0.0046,0.054,0.7984,3.1551,0.145,0.0000,0.0000,-89.997,0.000,0.0000,0.000,0.0000,0.0075,0.0103,1.3831,nan,nan,nan,nan,nan,nan,nan,nan,nan,nan,nan,nan,nan,nan
1.550,0.000,0.8004,3.1583,-89.997,0.7977,3.1546,-89.942,0.0037,-0.0027,0.0046,0.054,0.7984,3.1551,0.145,0.0000,0.0000,-89.997,0.000,0.0000,0.000,0.0000,0.0075,0.0103,1.3831,0.0000,0.0000,nan,4.2262,0.6920,0.0274,0.4690,0.8000,-0.1661,-0.2033,-0.2405,3.1262,0.0800,0.0002
1.600,0.000,0.8004,3.1583,-89.997,0.7977,3.1546,-89.942,0.0037,-0.0027,0.0046,0.054,0.7984,3.1551,0.145,0.0000,0.0000,-89.997,0.000,0.0000,0.000,0.0000,0.0075,0.0103,1.3831,0.0000,0.0000,nan,4.2262,0.6920,0.0274,0.4690,0.8000,-0.1661,-0.2033,-0.2405,3.1262,0.0800,0.0002
1.650,0.000,0.8004,3.1582,-89.997,0.7981,3.1534,-89.891,0.0048,-0.0023,0.0054,0.106,0.7984,3.1551,0.145,0.0000,-0.0015,-89.996,0.015,0.0004,0.002,0.0014,0.0075,0.0097,1.3052,0.0000,0.0000,nan,4.2262,0.6920,0.0274,0.4690,0.8000,-0.1661,-0.2033,-0.2405,3.1262,0.0800,-0.0001
1.700,0.011,0.8004,3.1476,-89.748,0.7987,3.1179,-89.270,0.0297,-0.0018,0.0297,0.478,0.7984,3.1551,0.145,0.0002,-0.0372,-89.415,0.331,0.2075,0.037,0.0265,0.0069,0.0062,0.9021,0.0219,0.0250,nan,4.2262,0.7139,0.0283,0.4678,0.8000,-0.1658,-0.2022,-0.2405,3.1262,0.0800,5.3696
1.750,0.038,0.8007,3.1204,-88.586,0.7996,3.0845,-87.838,0.0359,-0.0020,0.0360,0.749,0.7984,3.1551,0.145,0.0010,-0.0706,-87.983,0.612,0.4532,0.071,0.0327,0.0058,0.0074,1.2819,0.3568,0.5890,nan,4.3093,1.0542,0.0418,0.4202,0.8000,-0.1721,-0.1731,-0.2320,3.1957,0.0800,5.1349
1.800,0.038,0.8007,3.1204,-88.586,0.7996,3.0845,-86.540,0.0359,-0.0020,0.0360,2.046,0.7984,3.1551,0.145,0.0010,-0.0706,-86.686,0.612,0.4532,0.089,0.0327,0.0058,0.0172,2.9598,0.5540,0.6100,nan,4.3093,1.2514,0.0496,0.4141,0.8000,-0.1775,-0.1457,-0.2320,3.1957,0.0800,3.1477
1.850,0.074,0.8022,3.0840,-87.059,0.8017,3.0464,-85.060,0.0375,-0.0025,0.0376,1.999,0.7984,3.1551,0.145,0.0029,-0.1087,-85.205,0.712,0.4888,0.109,0.0344,0.0056,0.0183,3.2505,0.6486,0.6705,nan,4.3511,1.3515,0.0535,0.3507,0.8000,-0.1821,-0.1055,-0.2235,3.2651,0.0800,6.3210
1.900,0.130,0.8061,3.0285,-84.926,0.8073,2.9844,-82.976,0.0441,-0.0027,0.0441,1.951,0.7989,3.1529,0.102,0.0084,-0.1707,-83.121,1.012,0.6690,0.171,0.0410,0.0058,0.0143,2.4569,0.6633,0.6705,nan,4.3511,1.3662,0.0541,0.3168,0.8000,-0.1821,-0.0810,-0.2235,3.2651,0.0800,6.3210
1.950,0.209,0.8152,2.9503,-82.023,0.8190,2.9024,-80.617,0.0480,-0.0029,0.0480,1.405,0.7989,3.1529,0.102,0.0199,-0.2527,-80.762,1.225,0.6154,0.254,0.0450,0.0055,0.0177,3.1879,0.8470,0.9002,nan,4.4354,1.5554,0.0616,0.2510,0.8000,-0.1867,-0.0276,-0.2151,3.3346,0.0800,5.8741
2.000,0.279,0.8263,2.8804,-80.048,0.8318,2.8307,-78.989,0.0499,-0.0032,0.0500,1.059,0.7990,3.1510,0.262,0.0325,-0.3244,-79.134,1.342,0.5360,0.327,0.0470,0.0043,0.0065,1.5148,1.1576,1.3483,nan,4.4779,1.8717,0.0741,0.1854,0.8000,-0.1873,0.0276,-0.2067,3.4041,0.0800,3.7395
2.050,0.360,0.8416,2.8011,-78.249,0.8492,2.7481,-77.445,0.0534,-0.0034,0.0535,0.803,0.7990,3.1510,0.262,0.0497,-0.4071,-77.590,1.513,0.4976,0.411,0.0506,0.0024,0.0078,3.2751,1.2699,1.3024,nan,4.5634,1.9897,0.0788,0.1259,0.8000,-0.1842,0.0694,-0.1984,3.4735,0.0800,5.7485
2.100,0.360,0.8416,2.8011,-78.249,0.8492,2.7481,-76.019,0.0534,-0.0034,0.0535,2.230,0.7990,3.1510,0.262,0.0497,-0.4071,-76.164,1.513,0.4976,0.411,0.0506,0.0024,0.0212,8.9284,1.4361,1.4891,nan,4.6065,2.1619,0.0856,0.0637,0.8000,-0.1766,0.1094,-0.1901,3.5430,0.0800,6.8756
2.150,0.453,0.8618,2.7102,-76.735,0.8710,2.6511,-75.055,0.0596,-0.0046,0.0598,1.680,0.8008,3.1459,0.031,0.0713,-0.5042,-75.200,1.764,0.4061,0.511,0.0569,0.0012,0.0190,16.3352,1.6551,1.7397,nan,4.7368,2.3926,0.0948,-0.0266,0.8154,-0.1645,0.1552,-0.1736,3.6820,0.0800,5.0008
2.200,0.567,0.8892,2.5999,-75.469,0.9008,2.5373,-74.401,0.0635,-0.0045,0.0636,1.068,0.8008,3.1459,0.031,0.1008,-0.6180,-74.546,1.929,0.2745,0.628,0.0608,0.0060,0.0083,1.3888,1.9221,2.0546,nan,4.7368,2.6595,0.1053,-0.0921,0.9470,-0.1645,0.1755,-0.1736,3.6820,0.0800,4.7396
2.250,0.685,0.9195,2.4863,-74.848,0.9332,2.4190,-74.683,0.0686,-0.0044,0.0687,0.164,0.8017,3.1397,0.145,0.1328,-0.7365,-74.829,2.109,0.0068,0.751,0.0659,0.0028,0.0009,0.3276,2.0189,2.0546,nan,4.8244,2.7682,0.1096,-0.1536,1.0045,-0.1439,0.2086,-0.1573,3.8209,0.0800,4.7396
2.300,0.820,0.9547,2.3553,-75.166,0.9700,2.2808,-75.382,0.0759,-0.0043,0.0760,-0.216,0.7989,3.1347,0.498,0.1693,-0.8742,-75.518,2.318,-0.1669,0.893,0.0728,0.0004,0.0025,6.5518,2.0321,2.0502,nan,4.8684,2.7872,0.1104,-0.1844,1.0161,-0.1188,0.2116,-0.1491,3.8904,0.0800,4.9858
2.350,0.956,0.9881,2.2240,-76.797,1.0055,2.1375,-77.754,0.0882,-0.0029,0.0882,-0.958,0.8049,3.1281,0.301,0.2047,-1.0159,-77.859,2.572,-0.6134,1.039,0.0833,0.0081,0.0066,0.8063,2.2282,2.3067,nan,5.0010,2.9950,0.1186,-0.2073,1.1253,-0.0878,0.2172,-0.1329,4.0293,0.0800,6.7818
2.400,1.111,1.0206,2.0722,-79.322,1.0389,1.9805,-80.471,0.0935,0.0010,0.0935,-1.149,0.8015,3.1344,0.345,0.2379,-1.1727,-80.573,2.689,-0.8480,1.200,0.0884,0.0075,0.0124,1.6509,2.4615,2.5700,nan,5.1336,3.2446,0.1285,-0.1839,1.2620,-0.0556,0.1965,-0.1086,4.2377,0.0800,2.8764
2.450,1.238,1.0419,1.9466,-81.652,1.0610,1.8471,-82.505,0.1012,0.0044,0.1013,-0.854,0.8015,3.1344,0.345,0.2574,-1.3055,-82.709,2.835,-0.8499,1.334,0.0952,0.0083,0.0077,0.9268,2.7475,2.9408,nan,5.2650,3.5406,0.1402,-0.1478,1.4229,-0.0230,0.1608,-0.0925,4.3767,0.0800,4.0424
2.500,1.238,1.0419,1.9466,-81.652,1.0623,1.8467,-84.847,0.1018,0.0057,0.1020,-3.195,0.8065,3.1326,0.056,0.2574,-1.3055,-85.109,2.835,-0.8499,1.334,0.0952,0.0083,0.0380,4.5615,2.4942,2.4489,nan,5.3082,3.2961,0.1305,-0.1483,1.3051,0.0007,0.1381,-0.0764,4.5156,0.0800,5.4331
2.550,1.434,1.0653,1.7523,-84.842,1.0802,1.6381,-87.422,0.1151,0.0046,0.1151,-2.581,0.8044,3.1383,0.157,0.2760,-1.5118,-87.594,3.067,-0.7612,1.541,0.1063,0.0150,0.0395,2.6254,2.6889,3.5803,nan,5.4776,3.5003,0.1386,-0.1100,1.4272,0.0252,0.1053,-0.0541,4.7240,0.0800,6.1206
2.600,1.623,1.0785,1.5638,-87.335,1.0871,1.4341,-89.446,0.1299,0.0025,0.1300,-2.111,0.8095,3.1498,-0.058,0.2853,-1.7119,-89.477,3.286,-0.7518,1.741,0.1177,0.0074,0.0287,3.8638,2.9414,3.5803,nan,5.4776,3.7528,0.1486,-0.0709,1.5440,0.0229,0.0649,-0.0541,4.7240,0.0800,6.1206
2.650,1.826,1.0835,1.3611,-89.984,1.0878,1.2302,-91.325,0.1309,0.0043,0.1310,-1.342,0.8046,3.1648,0.120,0.2854,-1.9152,-91.370,3.284,-0.5691,1.945,0.1180,0.0108,0.0263,2.4507,3.0952,3.1626,nan,5.6398,3.9087,0.1548,-0.0452,1.5585,0.0370,0.0397,-0.0358,4.9324,0.0800,-0.8077
2.700,2.014,1.0815,1.1733,-91.185,1.0881,1.0251,-91.616,0.1480,0.0097,0.1483,-0.431,0.8000,3.1546,0.290,0.2812,-2.1155,-91.757,3.518,-0.2918,2.145,0.1305,0.0063,0.0094,1.4863,3.3671,3.5514,nan,5.7556,4.1794,0.1655,-0.0232,1.5585,0.0468,0.0148,-0.0187,5.1408,0.0800,5.4970
2.750,2.216,1.0759,0.9705,-91.988,1.0902,0.8095,-91.896,0.1604,0.0199,0.1616,0.092,0.8241,3.1456,-0.469,0.2739,-2.3284,-92.310,3.701,-0.2043,2.358,0.1406,0.0033,0.0028,0.8498,3.4053,3.4399,nan,5.8649,4.2124,0.1668,-0.0256,1.5585,0.0568,0.0151,-0.0016,5.3492,0.0800,4.7619
2.800,2.216,1.0759,0.9705,-91.988,1.0917,0.8040,-92.522,0.1659,0.0215,0.1672,-0.534,0.8241,3.1456,-0.469,0.2739,-2.3284,-92.895,3.701,-0.2043,2.358,0.1406,0.0033,0.0039,1.1858,3.6305,3.7544,nan,6.0028,4.4363,0.1757,-0.0210,1.5585,0.0690,0.0097,0.0156,5.5577,0.0800,5.2018
2.850,2.454,1.0666,0.7329,-92.481,1.0817,0.5531,-92.719,0.1790,0.0229,0.1805,-0.238,0.8425,3.1505,-1.008,0.2640,-2.5800,-93.044,3.935,-0.1502,2.610,0.1546,0.0040,0.0039,0.9697,3.8878,4.0604,nan,6.1027,4.6966,0.1860,-0.0127,1.5585,0.0707,-0.0024,0.0328,5.7661,0.0800,2.6925
2.900,2.694,1.0551,0.4932,-93.029,1.0664,0.3073,-93.310,0.1850,0.0212,0.1863,-0.280,0.8653,3.1444,-1.574,0.2521,-2.8273,-93.524,4.053,-0.1433,2.857,0.1622,0.0047,0.0034,0.7243,4.1770,4.4712,nan,6.1999,4.9945,0.1978,-0.0027,1.5585,0.0688,-0.0152,0.0398,5.9050,0.0800,3.9905
2.950,2.905,1.0432,0.2827,-93.428,1.0496,0.0876,-93.733,0.1943,0.0180,0.1952,-0.304,0.8731,3.1400,-1.779,0.2390,-3.0473,-93.824,4.198,-0.1352,3.078,0.1718,0.0060,0.0051,0.8505,4.3588,4.4712,nan,6.2633,5.1841,0.2053,0.0126,1.5586,0.0606,-0.0319,0.0397,6.0440,0.0800,3.9905
3.000,3.182,1.0259,0.0065,-93.728,1.0320,-0.1995,-93.556,0.2052,0.0195,0.2061,0.172,0.8637,3.1522,-1.484,0.2198,-3.3406,-93.671,4.432,0.0222,3.372,0.1888,0.0154,0.0076,0.4946,3.9627,3.7313,nan,6.3256,4.7506,0.1881,0.0251,1.5633,0.0513,-0.0458,0.0350,6.2524,0.0800,1.9756
3.050,3.449,1.0090,-0.2597,-93.425,1.0086,-0.4794,-93.186,0.2194,0.0127,0.2197,0.238,0.8303,3.1622,-0.785,0.2026,-3.6289,-93.132,4.717,0.1402,3.661,0.2109,0.0223,0.0301,1.3505,4.1356,5.2443,nan,6.4767,4.9304,0.1953,0.0326,1.5696,0.0364,-0.0509,0.0289,6.5303,0.0800,6.3791
3.100,3.707,0.9945,-0.5175,-92.858,1.0015,-0.7229,-92.388,0.2048,0.0172,0.2055,0.470,0.8447,3.1735,-0.884,0.1898,-3.8859,-92.483,4.685,0.2177,3.918,0.2101,0.0205,0.0093,0.4528,4.4167,4.9248,nan,6.5929,5.2275,0.2070,0.0371,1.5759,0.0171,-0.0494,0.0228,6.8081,0.0800,-0.9665
3.150,3.976,0.9825,-0.7863,-92.079,0.9986,-1.0034,-91.499,0.2164,0.0239,0.2177,0.580,0.8447,3.1735,-0.884,0.1797,-4.1618,-91.740,4.761,0.2676,4.194,0.2172,0.0194,0.0183,0.9428,4.5024,4.5705,nan,6.7322,5.3128,0.2104,0.0282,1.5630,0.0108,-0.0401,0.0167,7.0860,0.0800,1.4553
3.200,3.976,0.9825,-0.7863,-92.079,0.9826,-1.0130,-91.128,0.2265,0.0083,0.2267,0.950,0.8710,3.1928,-1.232,0.1797,-4.1618,-90.972,4.761,0.2676,4.194,0.2172,0.0194,0.0273,1.4039,4.6544,4.7620,nan,6.8388,5.4693,0.2166,0.0161,1.5451,0.0071,-0.0278,0.0105,7.3639,0.0800,3.9445
3.250,4.257,0.9742,-1.0678,-91.173,0.9489,-1.3118,-91.047,0.2444,-0.0203,0.2453,0.127,0.8132,3.1764,-0.342,0.1713,-4.4577,-90.348,4.934,0.2204,4.490,0.2316,0.0127,0.0187,1.4674,4.9186,5.2130,nan,6.9653,5.7462,0.2276,0.0267,1.5251,-0.0274,-0.0269,0.0044,7.6418,0.0800,2.7307
3.300,4.542,0.9698,-1.3526,-90.471,0.9216,-1.6067,-91.084,0.2545,-0.0461,0.2586,-0.613,0.8047,3.1972,-0.183,0.1689,-4.7532,-89.932,5.051,0.1625,4.786,0.2423,0.0091,0.0454,5.0035,5.0447,5.1554,nan,6.9653,5.8824,0.2330,0.0357,1.5251,-0.0494,-0.0245,0.0044,7.6418,0.0800,3.2484
3.350,4.819,0.9683,-1.6294,-90.081,0.8927,-1.9010,-91.292,0.2717,-0.0753,0.2819,-1.211,0.8028,3.2014,-0.109,0.1675,-5.0419,-89.685,5.182,0.1374,5.074,0.2542,0.0031,0.0680,21.9561,5.0865,5.1554,nan,6.7407,5.9178,0.2344,0.0454,1.5045,-0.0796,-0.0265,-0.0017,7.9197,0.0800,3.2484
3.400,5.147,0.9697,-1.9578,-89.288,0.8776,-2.2523,-90.331,0.2934,-0.0958,0.3086,-1.042,0.7713,3.2201,0.283,0.1718,-5.3897,-88.553,5.392,0.3128,5.422,0.2736,0.0019,0.0842,45.5303,4.9998,5.0275,nan,6.4226,5.8093,0.2301,0.0589,1.4794,-0.1078,-0.0269,-0.0114,8.2670,0.0800,1.7316
3.450,5.477,0.9767,-2.2868,-87.991,0.8971,-2.5866,-88.650,0.2969,-0.0901,0.3102,-0.659,0.7539,3.2533,0.599,0.1840,-5.7347,-87.136,5.554,0.4469,5.767,0.2897,0.0078,0.0769,9.8361,5.2796,5.8432,nan,6.1141,5.7019,0.2258,0.0285,1.4550,-0.1187,0.0002,-0.0309,8.6144,0.0800,3.6823
3.500,5.766,0.9899,-2.5764,-86.487,0.9399,-2.8726,-86.721,0.2926,-0.0681,0.3004,-0.234,0.7652,3.2721,0.519,0.2021,-6.0298,-85.764,5.590,0.4303,6.063,0.2954,0.0057,0.0522,9.1748,5.5491,5.9787,nan,5.7617,5.9233,0.2346,-0.0380,1.4311,-0.0954,0.0459,-0.0530,8.9617,0.0674,0.8669
3.550,6.112,1.0136,-2.9215,-85.578,0.9523,-2.8628,-85.379,-0.0632,-0.0566,0.0849,0.199,0.7652,3.2721,0.519,0.2021,-6.0298,-84.532,5.579,0.1282,6.411,0.0512,0.0012,0.0370,29.6608,5.4458,5.4728,nan,5.5384,5.6088,0.2221,-0.1232,1.4123,-0.0438,0.0976,-0.0733,9.2396,0.0299,0.0009
3.600,6.410,1.0355,-3.2187,-86.410,0.9690,-3.1970,-86.131,-0.0258,-0.0650,0.0700,0.280,0.7419,3.2639,0.733,0.2289,-6.3771,-85.072,5.657,-0.3342,6.719,0.0062,0.0339,0.0521,1.5368,5.6012,5.7664,nan,5.2725,5.2201,0.2067,-0.1911,1.3889,-0.0006,0.1299,-0.1001,9.5870,0.0800,2.0274
3.650,6.410,1.0355,-3.2187,-86.410,0.9927,-3.5006,-88.594,0.2786,-0.0604,0.2851,-2.183,0.8607,3.2729,-0.393,0.2482,-6.6841,-87.695,5.657,-0.3342,6.719,0.3074,0.0062,0.0680,10.9747,5.7623,5.9445,nan,5.0698,5.0823,0.2013,-0.2216,1.3700,0.0272,0.1290,-0.1217,9.8649,0.0058,1.1131
3.700,6.735,1.0506,-3.5432,-89.285,1.0263,-3.8227,-93.233,0.2791,-0.0278,0.2805,-3.947,0.9128,3.2846,-0.882,0.2522,-7.0031,-92.931,5.538,-1.1116,7.038,0.3016,0.0106,0.0580,5.4558,5.4394,5.3306,nan,5.0698,5.1087,0.2023,-0.2249,1.3700,0.0480,0.1189,-0.1217,9.8649,0.0800,-5.3487
3.750,7.054,1.0449,-3.8617,-93.916,1.0136,-4.1100,-98.442,0.2498,-0.0143,0.2502,-4.526,0.8228,3.2848,-0.160,0.2314,-7.3070,-98.268,5.285,-1.5568,7.343,0.2873,0.0143,0.0667,4.6727,5.3135,5.3306,nan,4.9230,5.0330,0.1993,-0.2352,1.3505,0.1106,0.0647,-0.1433,10.1427,0.0800,-5.3487
3.800,7.354,1.0130,-4.1598,-99.451,0.9719,-4.3929,-103.755,0.2367,-0.0023,0.2367,-4.304,0.7063,3.2779,0.842,0.1836,-7.5939,-103.645,5.077,-1.7516,7.633,0.2773,0.0256,0.0831,3.2410,5.1856,5.2021,nan,4.7334,4.8469,0.1920,-0.2227,1.3303,0.1421,0.0120,-0.1651,10.4206,0.0573,-4.9373
3.850,7.624,0.9583,-4.4244,-105.034,0.9206,-4.6347,-108.703,0.2129,0.0181,0.2136,-3.669,0.6514,3.2655,1.285,0.1142,-7.8522,-108.921,4.946,-1.7744,7.901,0.2730,0.0405,0.0850,2.0989,5.0907,5.1169,nan,4.5497,4.5599,0.1806,-0.2143,1.3089,0.1592,-0.0330,-0.1872,10.6985,0.0052,-3.5423
3.900,7.882,0.8821,-4.6709,-110.199,0.8570,-4.8462,-112.618,0.1731,0.0369,0.1770,-2.420,0.6300,3.2589,1.395,0.0267,-8.0900,-113.122,4.808,-1.6552,8.154,0.2665,0.0183,0.0363,1.9767,4.9683,4.9856,nan,4.3705,4.3059,0.1705,-0.2001,1.2861,0.1694,-0.0645,-0.2096,10.9764,-0.0336,-3.4179
3.950,8.167,0.7726,-4.9348,-115.655,0.7486,-5.0736,-117.141,0.1355,0.0385,0.1409,-1.486,0.7061,3.2526,0.808,-0.0923,-8.3378,-117.692,4.579,-1.4384,8.429,0.2530,0.0323,0.0492,1.5249,4.5935,4.4161,nan,4.2824,4.4144,0.1748,-0.1915,1.2680,0.1704,-0.0862,-0.2269,11.1848,0.0744,-3.1268
4.001,8.422,0.6547,-5.1600,-120.194,0.7522,-5.0700,-121.191,-0.1268,0.0390,0.1327,-0.997,0.7061,3.2526,0.808,-0.0923,-8.3378,-121.812,4.374,-1.3229,8.673,0.0569,0.1294,0.0868,0.6707,4.7631,4.8900,nan,4.1513,4.0360,0.1598,-0.1701,1.2484,0.1422,-0.1150,-0.2446,11.3932,-0.0621,-5.3618
4.050,8.422,0.6547,-5.1600,-120.194,0.6192,-5.2829,-124.910,0.1241,0.0311,0.1279,-4.715,0.7846,3.2461,0.196,-0.2150,-8.5488,-125.252,4.374,-1.3229,8.673,0.2407,0.0426,0.0960,2.2556,4.3877,4.2164,nan,4.0212,4.0705,0.1612,-0.1668,1.2195,0.1204,-0.1063,-0.2692,11.6711,0.0285,-1.4206
4.100,8.665,0.5257,-5.3664,-124.353,0.4431,-5.4689,-128.997,0.1312,-0.0104,0.1316,-4.644,0.7232,3.2462,0.616,-0.3516,-8.7485,-128.473,4.307,-1.1670,8.915,0.2366,0.0540,0.1299,2.4034,4.3650,4.3993,nan,3.8918,3.8451,0.1523,-0.1389,1.1949,0.0672,-0.1198,-0.2889,11.8795,-0.0270,-5.1291
4.150,8.879,0.4004,-5.5403,-127.604,0.3017,-5.6182,-132.090,0.1220,-0.0306,0.1258,-4.487,0.7160,3.2163,0.547,-0.4763,-8.9104,-131.284,4.118,-1.0874,9.119,0.2252,0.0257,0.0975,3.7899,4.0046,3.8752,nan,3.8918,3.9127,0.1550,-0.0422,1.1949,0.0302,-0.1911,-0.2889,11.8795,0.0800,-2.7885
4.200,9.091,0.2671,-5.7048,-130.757,0.1844,-5.7813,-134.266,0.1120,-0.0127,0.1127,-3.509,0.7485,3.1797,0.232,-0.6122,-9.0681,-134.081,4.034,-1.0030,9.328,0.2197,0.0270,0.0755,2.7980,4.0321,4.0705,nan,3.7617,3.8565,0.1527,-0.0263,1.1680,-0.0070,-0.1782,-0.3097,12.0879,0.0549,-1.8317
4.250,9.297,0.1298,-5.8577,-133.309,0.0868,-5.9411,-135.137,0.0902,0.0259,0.0938,-1.828,0.7258,3.1843,0.300,-0.7477,-9.2119,-135.818,3.885,-0.8374,9.525,0.2105,0.0280,0.0381,1.3586,4.0364,4.0705,nan,3.6305,3.6109,0.1430,-0.0708,1.1403,-0.0093,-0.1478,-0.3319,12.2963,-0.0113,-1.8317
4.300,9.537,-0.0368,-6.0303,-134.443,-0.0563,-6.1298,-134.035,0.0847,0.0558,0.1014,0.408,0.7285,3.1810,0.276,-0.9141,-9.3815,-135.215,3.840,-0.3162,9.763,0.2076,0.0335,0.0371,1.1059,3.6811,3.5601,nan,3.5422,3.6345,0.1439,-0.1516,1.1088,0.0121,-0.0896,-0.3559,12.5048,0.0800,-2.1072
4.350,9.757,-0.1932,-6.1861,-135.815,-0.2021,-6.2900,-135.403,0.0788,0.0683,0.1043,0.411,0.8735,3.1502,-0.745,-1.0655,-9.5287,-136.760,3.667,-0.4744,9.974,0.1978,0.0281,0.0080,0.2836,3.8790,3.9836,nan,3.4085,3.3219,0.1316,-0.3038,1.0720,0.0298,0.0102,-0.3817,12.7132,-0.0502,-4.5536
4.400,9.950,-0.3334,-6.3177,-138.270,-0.3538,-6.4203,-138.647,0.0835,0.0630,0.1046,-0.377,0.9308,3.1475,-1.109,-1.2069,-9.6548,-139.729,3.594,-0.8721,10.163,0.1931,0.0285,0.0124,0.4371,3.6565,3.6394,nan,3.2743,3.2481,0.1286,-0.4035,1.0299,0.0435,0.0661,-0.4101,12.9216,-0.0152,-1.8077
4.450,10.154,-0.4898,-6.4489,-142.767,-0.5288,-6.5355,-144.407,0.0834,0.0454,0.0950,-1.640,0.9308,3.1475,-1.109,-1.3620,-9.7727,-144.962,3.349,-1.6596,10.358,0.1804,0.0296,0.0241,0.8167,3.4371,3.4187,nan,3.1849,3.2510,0.1288,-0.4494,0.9916,0.0483,0.0920,-0.4420,13.1300,0.0383,-4.9516
4.500,10.336,-0.6400,-6.5528,-148.750,-0.5411,-6.5339,-149.399,-0.0944,0.0352,0.1007,-0.650,0.9985,3.1343,-1.524,-1.3620,-9.7727,-149.716,3.194,-2.0243,10.539,0.0997,0.0290,0.0269,0.9269,3.4378,3.4657,nan,3.0485,3.0028,0.1189,-0.4594,0.9916,0.0488,0.0795,-0.4785,13.3384,-0.0265,-4.2428
4.550,10.336,-0.6400,-6.5528,-148.750,-0.6906,-6.6413,-156.128,0.0892,0.0494,0.1020,-7.378,1.0927,3.1262,-2.083,-1.5161,-9.8662,-156.730,3.194,-2.0243,10.539,0.1726,0.0290,0.0264,0.9111,3.3098,3.3160,nan,2.9540,2.9272,0.1159,-0.4773,0.9916,0.0590,0.0392,-0.5060,13.4773,-0.0155,-2.4713
4.600,10.506,-0.7897,-6.6335,-155.344,-0.8649,-6.7416,-162.721,0.1134,0.0668,0.1316,-7.376,1.1587,3.1185,-2.441,-1.6722,-9.9379,-163.217,3.102,-2.1787,10.710,0.1676,0.0285,0.0297,1.0408,3.1049,3.0880,nan,2.8091,2.8185,0.1116,-0.5035,0.9916,0.0818,0.0454,-0.5521,13.6858,0.0054,-4.8767
4.650,10.675,-0.9463,-6.6951,-162.301,-1.0430,-6.8158,-168.541,0.1288,0.0856,0.1546,-6.240,1.1759,3.1109,-2.595,-1.8306,-9.9884,-168.781,2.939,-2.1354,10.877,0.1590,0.0249,0.0206,0.8247,3.0686,3.0880,nan,2.8091,2.8461,0.1127,-0.4245,0.9916,0.1006,-0.0663,-0.5521,13.6858,0.0214,-4.8767
4.700,10.838,-1.1049,-6.7358,-169.331,-1.2113,-6.8548,-175.148,0.1266,0.0973,0.1597,-5.817,1.1730,3.1152,-2.553,-1.9897,-10.0288,-175.448,2.829,-2.1237,11.041,0.1589,0.0235,0.0310,1.3219,2.8116,2.7685,nan,2.7113,2.8253,0.1119,-0.4728,0.9584,0.1172,-0.0456,-0.6017,13.8942,0.0800,-3.6033
4.750,10.998,-1.2629,-6.7571,-175.498,-1.3708,-6.8788,179.877,0.1171,0.1129,0.1627,-4.625,1.1413,3.1255,-2.398,-2.1479,-10.0500,179.597,2.765,-1.8892,11.201,0.1590,0.0235,0.0452,1.9210,3.0182,3.1153,nan,2.6147,2.5395,0.1006,-0.4892,0.9916,0.1262,-0.0749,-0.6399,14.0331,-0.0436,-1.7600
4.800,11.148,-1.4129,-6.7612,178.182,-1.5469,-6.8761,173.038,0.1303,0.1191,0.1765,-5.144,1.1763,3.1293,-2.553,-2.2995,-10.0537,173.495,2.694,-2.0210,11.353,0.1594,0.0230,0.0601,2.6086,2.9061,2.9120,nan,2.5598,2.5242,0.1000,-0.5178,0.9906,0.1363,-0.0680,-0.6842,14.1720,-0.0206,-2.1616
4.850,11.283,-1.5472,-6.7502,172.212,-1.6902,-6.8449,167.334,0.1289,0.1132,0.1715,-4.878,1.1124,3.1588,-2.133,-2.4297,-10.0358,168.299,2.519,-1.9860,11.484,0.1515,0.0207,0.0656,3.1761,2.7715,2.7716,nan,2.6205,2.7226,0.1078,-0.5460,0.9448,0.1356,-0.0409,-0.7631,14.3805,0.0591,-5.4071
4.900,11.430,-1.6921,-6.7216,165.268,-1.8410,-6.8041,160.976,0.1230,0.1176,0.1702,-4.292,1.0777,3.1677,-1.934,-2.5764,-10.0068,162.292,2.439,-2.0616,11.634,0.1521,0.0150,0.0701,4.6847,2.4488,2.3440,nan,2.6205,2.7510,0.1090,-0.5595,0.8348,0.1227,-0.0838,-0.7940,14.4499,0.0755,-3.3050
4.950,11.571,-1.8259,-6.6779,158.266,-1.8443,-6.7918,154.444,-0.0251,0.1126,0.1154,-3.822,1.0777,3.1677,-1.934,-2.5764,-10.0068,156.213,2.497,-2.1925,11.785,0.1777,0.0127,0.0315,2.4718,2.5023,2.5320,nan,2.7171,2.8223,0.1118,-0.5590,0.8530,0.1205,-0.0193,-0.9156,14.6583,0.0800,0.4896
5.000,11.571,-1.8259,-6.6779,158.266,-1.9827,-6.7155,147.315,0.1317,0.0930,0.1612,-10.951,1.1644,3.1568,-2.407,-2.7169,-9.9508,149.515,2.497,-2.1925,11.785,0.1461,0.0127,0.0497,3.8998,2.6551,2.7165,nan,2.8026,2.7698,0.1097,-0.5130,0.9326,0.1021,-0.0214,-0.8446,14.7973,-0.0190,-0.0161
5.050,11.712,-1.9534,-6.6181,151.114,-2.1099,-6.6291,140.682,0.1317,0.0852,0.1569,-10.433,1.1652,3.1626,-2.376,-2.8486,-9.8781,143.154,2.535,-2.2511,11.936,0.1391,0.0109,0.0502,4.5997,2.5890,2.6002,nan,2.8492,2.9047,0.1150,-0.4854,0.9260,0.0809,-0.0230,-0.8025,14.9362,0.0321,0.4559
5.100,11.861,-2.0787,-6.5383,143.572,-2.2407,-6.5277,134.872,0.1366,0.0877,0.1624,-8.700,1.2056,3.1563,-2.629,-2.9769,-9.7835,137.465,2.591,-2.1495,12.095,0.1308,0.0125,0.0533,4.2602,2.5807,2.6002,nan,2.8492,2.9109,0.1153,-0.3448,0.9231,0.0757,-0.1396,-0.8025,14.9362,0.0357,0.4559
5.150,12.024,-2.2041,-6.4327,135.975,-2.3542,-6.4018,128.567,0.1294,0.0821,0.1533,-7.408,1.2277,3.1519,-2.726,-3.0998,-9.6647,131.120,2.618,-1.9614,12.266,0.1205,0.0134,0.0571,4.2543,2.5551,2.5719,nan,2.8666,2.9660,0.1175,-0.3455,0.9282,0.0674,-0.1305,-0.7671,15.0752,0.0576,0.7432
5.200,12.167,-2.3026,-6.3293,131.403,-2.4535,-6.2850,125.763,0.1330,0.0839,0.1573,-5.640,1.1152,3.1833,-1.931,-3.1986,-9.5527,128.176,2.743,-1.4824,12.415,0.1156,0.0226,0.0826,3.6542,2.8370,3.0230,nan,2.9399,2.8923,0.1145,-0.3316,1.0427,0.0520,-0.1336,-0.7410,15.2141,-0.0276,3.1714
5.250,12.323,-2.4008,-6.2083,126.579,-2.5421,-6.1447,121.502,0.1353,0.0756,0.1550,-5.077,1.0701,3.2006,-1.635,-3.2998,-9.4277,124.025,2.810,-1.4625,12.576,0.1160,0.0220,0.0895,4.0723,2.7063,2.7066,nan,2.9891,3.0960,0.1226,-0.3860,1.0031,0.0483,-0.0765,-0.7221,15.3531,0.0619,1.5195
5.300,12.497,-2.4984,-6.0639,121.393,-2.5373,-6.1404,117.580,-0.0450,0.0731,0.0858,-3.813,1.0701,3.2006,-1.635,-3.2998,-9.4277,119.839,2.821,-1.5260,12.753,0.2055,0.0329,0.0598,1.8209,2.7687,2.8028,nan,3.0549,3.1580,0.1251,-0.3989,1.0441,0.0395,-0.0040,-0.6844,15.5615,0.0597,-0.1663
5.350,12.497,-2.4984,-6.0639,121.393,-2.6242,-5.9875,113.264,0.1308,0.0675,0.1472,-8.130,1.0116,3.2211,-1.206,-3.3920,-9.2766,115.285,2.821,-1.5260,12.753,0.1079,0.0329,0.0951,2.8937,2.8668,2.9112,nan,3.0989,3.1545,0.1249,-0.4112,1.0937,0.0383,0.0189,-0.6592,15.7004,0.0321,1.7269
5.400,12.655,-2.5747,-5.9260,115.997,-2.6949,-5.8321,107.158,0.1371,0.0668,0.1525,-8.839,0.9530,3.2393,-0.817,-3.4718,-9.1311,109.299,2.906,-1.7836,12.919,0.1074,0.0425,0.1090,2.5675,2.9958,3.0520,nan,3.2026,3.2487,0.1287,-0.4162,1.1240,0.0548,0.0627,-0.6321,15.9088,0.0267,0.9019
5.450,12.825,-2.6417,-5.7692,109.878,-2.7396,-5.6492,101.273,0.1462,0.0512,0.1549,-8.605,1.0011,3.2280,-1.113,-3.5324,-8.9634,103.670,2.967,-1.8912,13.098,0.0972,0.0403,0.1031,2.5585,3.0365,3.0682,nan,3.2026,3.2177,0.1274,-0.3229,1.1240,0.0449,-0.0307,-0.6321,15.9088,0.0088,-0.0562
5.500,12.971,-2.6853,-5.6300,104.504,-2.7670,-5.4972,96.420,0.1490,0.0459,0.1559,-8.083,1.0241,3.2223,-1.251,-3.5702,-8.8173,98.838,2.989,-1.9224,13.249,0.0893,0.0460,0.1049,2.2823,3.0426,3.0682,nan,3.3238,3.4451,0.1364,-0.3005,1.1284,0.0414,-0.0462,-0.6238,16.0478,0.0702,-0.0562
5.550,13.165,-2.7226,-5.4401,97.300,-2.7819,-5.2853,89.943,0.1611,0.0392,0.1658,-7.358,1.0149,3.2251,-1.195,-3.5961,-8.6153,92.564,3.066,-1.7842,13.452,0.0750,0.0551,0.1160,2.1033,2.7634,2.7053,nan,3.3666,3.2829,0.1300,-0.2821,1.0985,0.0435,-0.0492,-0.5725,16.1867,0.0800,-0.2157
5.600,13.341,-2.7379,-5.2642,92.483,-2.7744,-5.0967,86.619,0.1689,0.0292,0.1714,-5.864,0.8518,3.2760,-0.113,-3.6041,-8.4292,89.332,3.211,-1.4439,13.639,0.0662,0.0658,0.1288,1.9578,2.9961,3.6939,nan,3.5001,3.5796,0.1418,-0.2425,1.1932,0.0433,-0.0483,-0.5089,16.3951,0.0800,3.8160
5.650,13.514,-2.7392,-5.0913,88.123,-2.7594,-4.9408,83.279,0.1498,0.0251,0.1519,-4.844,0.7567,3.3097,0.519,-3.5984,-8.2554,85.399,3.196,-1.4036,13.813,0.0591,0.0562,0.1103,1.9625,3.1320,3.1920,nan,3.6882,3.7552,0.1487,-0.2447,1.2283,0.0418,-0.0020,-0.4516,16.6035,0.0800,-0.3324
5.700,13.695,-2.7274,-4.9107,84.167,-2.7360,-4.7577,80.578,0.1514,0.0242,0.1533,-3.590,0.7095,3.3248,0.862,-3.5789,-8.0645,82.319,3.368,-1.2865,14.004,0.0513,0.0575,0.1160,2.0189,3.1802,3.2150,nan,3.7861,3.8251,0.1515,-0.2281,1.2514,0.0442,0.0026,-0.4158,16.7425,0.0800,-0.4817
5.750,13.903,-2.6988,-4.7052,79.645,-2.7370,-4.7623,77.204,-0.0631,0.0273,0.0687,-2.441,0.7095,3.3248,0.862,-3.5789,-8.0645,78.633,3.530,-1.2894,14.224,0.2163,0.0635,0.0597,0.9406,3.2242,3.2585,nan,3.9372,3.8993,0.1544,-0.2286,1.2857,0.0545,0.0364,-0.3648,16.9509,0.0800,3.6513
5.800,13.903,-2.6988,-4.7052,79.645,-2.6944,-4.5538,73.443,0.1497,0.0229,0.1515,-6.202,0.8367,3.2779,-0.012,-3.5395,-7.8488,74.516,3.530,-1.2894,14.224,0.0429,0.0635,0.1156,1.8216,3.5237,3.9443,nan,4.1461,4.2284,0.1675,-0.2110,1.3205,0.0625,0.0412,-0.3160,17.1593,0.0800,2.4870
5.850,14.104,-2.6562,-4.5090,75.555,-2.6410,-4.3552,70.008,0.1527,0.0236,0.1546,-5.547,0.8581,3.2681,-0.160,-3.4875,-7.6469,70.900,3.628,-1.2909,14.432,0.0370,0.0669,0.1202,1.7965,3.6408,3.6997,nan,4.3071,4.3803,0.1735,-0.1818,1.3560,0.0724,0.0455,-0.2686,17.3677,0.0800,1.7779
5.900,14.309,-2.5983,-4.3117,71.378,-2.5614,-4.1482,66.545,0.1667,0.0173,0.1676,-4.833,0.8780,3.2650,-0.296,-3.4193,-7.4444,67.674,3.724,-1.2547,14.646,0.0329,0.0541,0.1009,1.8652,3.6654,3.6997,nan,4.3071,4.4069,0.1745,-0.1272,1.3560,0.0720,-0.0180,-0.2686,17.3677,0.0800,1.7779
5.950,14.563,-2.5081,-4.0745,66.637,-2.4440,-3.8994,62.675,0.1862,0.0106,0.1865,-3.962,0.9841,3.2248,-1.059,-3.3119,-7.1957,63.926,3.945,-1.0711,14.917,0.0372,0.0557,0.1028,1.8465,3.4748,3.4669,nan,4.4158,4.2405,0.1679,-0.0945,1.3929,0.0725,-0.0264,-0.2219,17.5761,0.0800,4.6272
6.000,14.782,-2.4171,-3.8755,64.131,-2.3409,-3.6941,61.411,0.1965,0.0106,0.1968,-2.720,1.0737,3.1783,-1.768,-3.2110,-6.9877,62.610,4.127,-0.7002,15.148,0.0466,0.0538,0.0958,1.7806,3.6538,4.7341,nan,4.6867,4.4703,0.1770,-0.0380,1.4150,0.0681,-0.0386,-0.1602,17.8540,0.0800,4.5220
6.050,15.001,-2.3185,-3.6800,62.283,-2.2623,-3.5082,60.965,0.1782,0.0301,0.1808,-1.318,1.1364,3.1411,-2.302,-3.1083,-6.7922,61.315,4.140,-0.5195,15.369,0.0473,0.0474,0.0730,1.5381,3.9180,4.1058,nan,4.8438,4.7838,0.1895,-0.0279,1.3769,0.0697,-0.0267,-0.1141,18.0624,0.0800,0.4655
6.100,15.236,-2.2072,-3.4722,61.455,-2.1678,-3.2943,61.495,0.1751,0.0504,0.1822,0.040,1.1184,3.1471,-2.166,-2.9911,-6.5768,61.174,4.275,-0.2045,15.614,0.0562,0.0439,0.0820,1.8679,3.9481,3.9860,nan,4.9908,4.8377,0.1916,-0.0245,1.3405,0.0895,-0.0124,-0.0680,18.2708,0.0800,2.6224
6.150,15.509,-2.0755,-3.2336,61.455,-2.1790,-3.2953,61.300,-0.1037,0.0614,0.1205,-0.155,1.1184,3.1471,-2.166,-2.9911,-6.5768,60.587,4.275,-0.2045,15.901,0.2179,0.0602,0.0885,1.4687,4.1028,4.1849,nan,4.7791,4.8823,0.1934,-0.0275,1.3052,0.1087,0.0082,-0.0217,18.4792,0.0515,4.8910
6.200,15.509,-2.0755,-3.2336,60.779,-2.0325,-3.0452,60.573,0.1854,0.0544,0.1932,-0.205,1.1523,3.1293,-2.460,-2.8507,-6.3258,60.094,4.486,-0.1794,15.901,0.0707,0.0385,0.0768,1.9923,4.3406,5.0140,nan,4.5090,4.4771,0.1773,-0.0004,1.2678,0.1180,0.0018,0.0402,18.7571,-0.0800,3.0912
6.250,15.760,-1.9521,-3.0155,60.247,-1.8843,-2.8224,59.536,0.2013,0.0370,0.2047,-0.711,1.1005,3.1585,-1.985,-2.7216,-6.0999,59.596,4.609,-0.1863,16.162,0.0801,0.0331,0.0656,1.9811,4.5444,4.6883,nan,4.2073,4.0986,0.1623,0.0887,1.2678,0.0971,-0.0342,0.1021,19.0350,0.0800,1.8153
6.300,16.025,-1.8194,-2.7861,59.625,-1.7424,-2.5913,59.297,0.2070,0.0320,0.2095,-0.328,1.1105,3.1639,-2.049,-2.5852,-5.8673,59.482,4.659,-0.0502,16.431,0.0845,0.0295,0.0462,1.5649,4.6203,4.6883,nan,4.2073,4.1744,0.1653,0.1164,1.2678,0.0813,-0.0507,0.1021,19.0350,0.0800,1.8153
6.350,16.313,-1.6736,-2.5376,59.626,-1.5960,-2.3501,59.462,0.2010,0.0279,0.2029,-0.164,1.0388,3.2057,-1.382,-2.4449,-5.6279,59.759,4.499,0.0521,16.709,0.0740,0.0221,0.0500,2.2642,4.4113,4.3978,nan,4.0522,4.0542,0.1606,0.2071,1.2678,0.0585,-0.0904,0.1642,19.3129,0.0800,-3.4912
6.400,16.549,-1.5562,-2.3326,61.559,-1.4588,-2.1620,62.491,0.1964,-0.0044,0.1964,0.932,1.0143,3.2145,-1.149,-2.3388,-5.4319,63.457,4.273,0.8663,16.932,0.0616,0.0180,0.0418,2.3224,4.6896,5.0125,nan,3.9051,3.7802,0.1497,0.3124,1.2678,0.0179,-0.1427,0.2262,19.5908,-0.0800,-5.3464
6.450,16.778,-1.4522,-2.1283,65.443,-1.3333,-1.9811,66.192,0.1833,-0.0470,0.1892,0.749,1.0096,3.2288,-1.095,-2.2406,-5.2350,67.797,4.077,1.3677,17.152,0.0530,0.0188,0.0398,2.1201,4.2817,3.9693,nan,3.9355,4.0551,0.1606,0.3613,1.2678,-0.0439,-0.1337,0.2731,19.7992,0.0692,-4.4303
6.500,17.014,-1.3624,-1.9100,70.935,-1.2354,-1.7830,71.288,0.1615,-0.0785,0.1796,0.353,1.0179,3.2151,-1.250,-2.1664,-5.0202,73.413,3.839,1.8258,17.379,0.0482,0.0197,0.0623,3.1623,3.9222,3.7972,nan,3.9811,4.0259,0.1594,0.3922,1.2678,-0.1097,-0.1258,0.3209,20.0076,0.0259,-5.9182
6.550,17.014,-1.3624,-1.9100,70.935,-1.2333,-1.7878,76.427,0.1576,-0.0821,0.1777,5.492,1.0179,3.2151,-1.250,-2.1664,-5.0202,78.655,3.839,1.8258,17.379,0.0482,0.0197,0.0457,2.3226,3.9745,4.0176,nan,4.0978,4.1916,0.1660,0.3900,1.2678,-0.1571,-0.1038,0.3691,20.2160,0.0543,-0.2563
6.600,17.241,-1.2989,-1.6924,77.521,-1.1603,-1.5673,82.827,0.1521,-0.1083,0.1868,5.306,0.9848,3.2278,-0.902,-2.1029,-4.7949,85.110,3.843,2.0328,17.614,0.0559,0.0285,0.0589,2.0657,3.9745,4.0070,nan,4.1997,4.2730,0.1692,0.3732,1.2858,-0.1918,-0.0770,0.3647,20.4244,0.0414,-1.1016
6.650,17.448,-1.2640,-1.4886,83.948,-1.1269,-1.3571,89.100,0.1452,-0.1225,0.1900,5.152,0.9727,3.2149,-0.853,-2.0804,-4.5828,91.429,3.825,2.1234,17.827,0.0660,0.0088,0.0691,7.8269,3.9427,3.9698,nan,4.2724,4.3572,0.1726,0.3346,1.3092,-0.2093,-0.0453,0.3315,20.6328,0.0472,0.6215
6.700,17.667,-1.2525,-1.2694,91.073,-1.1329,-1.1145,95.470,0.1526,-0.1225,0.1957,4.396,0.9261,3.2322,-0.394,-2.0848,-4.3491,97.465,3.879,2.2261,18.061,0.0848,0.0140,0.0742,5.2994,3.9384,3.9698,nan,4.2724,4.3605,0.1727,0.2428,1.3092,-0.2072,0.0624,0.3315,20.6328,0.0491,0.6215
6.750,17.898,-1.2702,-1.0394,98.573,-1.1566,-0.8630,100.992,0.1575,-0.1386,0.2098,2.419,0.9085,3.2396,-0.233,-2.1215,-4.1053,103.040,3.960,1.7580,18.307,0.1056,0.0264,0.0900,3.4096,3.7972,3.8048,nan,4.4270,4.4088,0.1746,0.1796,1.3397,-0.2014,0.0866,0.2900,20.9107,0.0800,0.6130
6.800,18.120,-1.3117,-0.8214,103.404,-1.2268,-0.6200,104.999,0.1762,-0.1293,0.2186,1.595,0.9191,3.2130,-0.365,-2.1758,-3.8776,106.457,4.091,1.3836,18.541,0.1204,0.0251,0.0909,3.6187,4.0920,4.4337,nan,4.5914,4.7265,0.1872,0.1254,1.3624,-0.1874,0.1229,0.2603,21.1191,0.0709,3.3066
6.850,18.365,-1.3761,-0.5849,107.333,-1.3078,-0.3731,107.739,0.1819,-0.1283,0.2226,0.406,0.8744,3.2218,0.108,-2.2519,-3.6336,108.941,4.213,0.9603,18.797,0.1330,0.0036,0.0938,25.8722,4.1426,4.1888,nan,4.7196,4.8556,0.1923,0.0733,1.3853,-0.1462,0.1379,0.2313,21.3275,0.0800,2.8277
6.900,18.616,-1.4564,-0.3471,110.076,-1.3976,-0.1134,109.730,0.1993,-0.1355,0.2410,-0.346,0.8744,3.2218,0.108,-2.3435,-3.3832,110.845,4.421,0.5940,19.063,0.1498,0.0072,0.1050,14.5328,4.2425,4.3067,nan,4.8954,5.0045,0.1982,0.0399,1.4165,-0.1107,0.1214,0.1933,21.6054,0.0800,4.8481
6.950,18.864,-1.5446,-0.1154,111.668,-1.3984,-0.1127,111.370,-0.0514,-0.1368,0.1462,-0.298,0.8709,3.2080,0.113,-2.3435,-3.3832,112.545,4.578,0.3828,19.324,0.1095,0.0392,0.0975,2.4898,4.4978,4.7151,nan,5.1190,5.2675,0.2086,0.0160,1.4486,-0.0826,0.1034,0.1560,21.8833,0.0699,3.9796
7.000,18.864,-1.5446,-0.1154,111.668,-1.4951,0.1266,112.037,0.2066,-0.1353,0.2470,0.369,0.8334,3.2425,0.576,-2.4395,-3.1415,113.150,4.578,0.3828,19.324,0.1625,0.0082,0.1027,12.5833,4.6312,4.7267,nan,5.2967,5.4557,0.2161,-0.0044,1.4819,-0.0572,0.0826,0.1189,22.1612,0.0724,3.7503
7.050,19.111,-1.6376,0.1134,112.556,-1.6017,0.3610,112.676,0.2149,-0.1281,0.2502,0.120,0.7929,3.2738,1.184,-2.5385,-2.9030,113.565,4.720,0.2888,19.582,0.1739,0.0083,0.0995,12.0517,4.5457,4.5695,nan,5.4263,5.4231,0.2148,-0.0307,1.4798,-0.0280,0.0743,0.0912,22.3696,0.0800,1.8776
7.100,19.372,-1.7387,0.3538,112.954,-1.7165,0.6060,112.527,0.2236,-0.1188,0.2532,-0.428,0.7667,3.2906,1.388,-2.6456,-2.6478,113.300,4.917,0.1191,19.859,0.1894,0.0006,0.0930,143.6532,4.5308,4.5695,nan,5.4263,5.4069,0.2141,-0.0521,1.4798,-0.0147,0.0918,0.0912,22.3696,0.0800,1.8776
7.150,19.704,-1.8685,0.6597,112.861,-1.8710,0.9262,112.235,0.2466,-0.1012,0.2665,-0.626,0.7746,3.2776,1.118,-2.7816,-2.3253,112.635,5.123,-0.0845,20.209,0.2067,0.0068,0.0839,12.3342,4.5269,4.5681,nan,5.5894,5.4233,0.2148,-0.0757,1.4466,0.0190,0.0684,0.0543,22.6475,0.0800,2.6594
7.200,19.988,-1.9769,0.9218,111.637,-1.9870,1.1965,110.200,0.2591,-0.0919,0.2749,-1.437,0.7466,3.3108,1.568,-2.8888,-2.0550,110.454,5.185,-0.5204,20.499,0.2130,0.0089,0.0882,9.8826,4.6920,6.4889,nan,5.4184,5.5895,0.2214,-0.1116,1.4067,0.0578,0.0497,0.0080,22.9948,0.0763,1.6203
7.250,20.274,-2.0791,1.1894,109.697,-2.0813,1.4576,108.081,0.2532,-0.0884,0.2682,-1.616,0.7565,3.2909,1.521,-2.9875,-1.7791,108.415,5.230,-0.7098,20.792,0.2184,0.0022,0.0849,38.2417,4.9137,5.1095,nan,5.0908,4.9674,0.1967,-0.1162,1.3759,0.0773,0.0124,-0.0289,23.2727,-0.0800,0.8538
7.300,20.564,-2.1716,1.4642,106.877,-2.1849,1.7279,105.387,0.2562,-0.0638,0.2640,-1.490,0.7952,3.2401,0.855,-3.0740,-1.4942,105.453,5.285,-0.9311,21.090,0.2244,0.0043,0.0665,15.3995,4.9655,5.0348,nan,4.8418,4.8796,0.1933,-0.1206,1.3454,0.0808,-0.0140,-0.0658,23.5506,0.0800,1.6629
7.350,20.863,-2.2521,1.7525,103.761,-2.2403,1.8516,102.889,0.0934,-0.0351,0.0998,-0.872,0.7952,3.2401,0.855,-3.1155,-1.3573,102.778,5.061,-0.9471,21.375,0.0795,0.0083,0.0411,4.9331,5.1987,5.4410,nan,4.6052,4.7385,0.1877,-0.1390,1.3150,0.1035,-0.0380,-0.1027,23.8285,0.0697,-5.2196
7.400,20.863,-2.2521,1.7525,103.761,-2.2867,1.9860,100.225,0.2350,-0.0220,0.2360,-3.536,0.8010,3.2226,0.703,-3.1493,-1.2193,99.933,5.061,-0.9471,21.375,0.2101,0.0083,0.0591,7.0950,5.0573,5.0685,nan,4.3807,4.3992,0.1742,-0.1578,1.2842,0.1125,-0.0518,-0.1397,24.1064,0.0098,-3.8927
7.450,21.127,-2.3096,2.0099,100.909,-2.3690,2.2393,98.070,0.2365,0.0149,0.2370,-2.839,0.8041,3.2236,0.823,-3.2038,-0.9703,97.319,4.909,-0.9520,21.630,0.2013,0.0107,0.0391,3.6394,4.7454,4.6584,nan,4.2197,4.3025,0.1704,-0.1891,1.2522,0.1237,-0.0485,-0.1769,24.3843,0.0466,-3.5901
7.500,21.397,-2.3544,2.2764,97.566,-2.4337,2.4965,94.880,0.2287,0.0496,0.2340,-2.687,0.8205,3.1985,0.523,-3.2382,-0.7114,93.663,4.745,-1.0845,21.891,0.1898,0.0147,0.0392,2.6750,4.8460,4.9332,nan,4.0140,3.9313,0.1557,-0.2184,1.2182,0.1365,-0.0444,-0.2145,24.6621,-0.0800,-6.0472
7.550,21.660,-2.3818,2.5374,93.843,-2.4758,2.7479,91.612,0.2163,0.0797,0.2306,-2.230,0.8233,3.1908,0.546,-3.2548,-0.4640,90.225,4.491,-1.1927,22.139,0.1729,0.0038,0.0404,10.7343,4.8749,4.9332,nan,4.0140,3.9579,0.1567,-0.1986,1.2182,0.1613,-0.0917,-0.2145,24.6621,-0.0800,-6.0472
7.600,21.927,-2.3908,2.8047,89.353,-2.4731,3.0077,87.405,0.2020,0.0846,0.2190,-1.948,0.8303,3.1767,0.827,-3.2519,-0.2063,86.266,4.289,-1.2997,22.397,0.1593,0.0093,0.0388,4.1760,4.4650,4.1386,nan,3.8655,3.8130,0.1510,-0.2133,1.1910,0.1629,-0.1035,-0.2432,24.8706,-0.0304,-4.5957
7.650,22.184,-2.3789,3.0612,84.764,-2.4775,3.2568,84.115,0.1858,0.1161,0.2191,-0.649,0.8297,3.1703,0.751,-3.2297,0.0360,82.634,4.024,-1.3026,22.640,0.1423,0.0052,0.0785,15.0201,4.2242,4.1982,nan,3.7213,3.7038,0.1467,-0.2172,1.1580,0.1426,-0.1037,-0.2824,25.1484,-0.0102,-6.3333
7.700,22.407,-2.3512,3.2829,80.519,-2.4545,3.4606,80.178,0.1583,0.1312,0.2056,-0.341,0.8338,3.1473,0.472,-3.2022,0.2491,78.642,3.837,-1.2874,22.855,0.1344,0.0072,0.0903,12.4821,3.9259,3.8696,nan,3.6275,3.7399,0.1481,-0.2598,1.1309,0.1468,-0.0983,-0.3130,25.3568,0.0651,-5.0901
7.750,22.611,-2.3116,3.4822,76.563,-2.4285,3.4474,76.102,-0.0610,0.1056,0.1220,-0.460,0.8338,3.1473,0.472,-3.2022,0.2491,74.953,3.707,-1.3297,23.054,0.1172,0.0112,0.0627,5.6018,3.9917,4.0384,nan,3.4458,3.3473,0.1326,-0.2631,1.0984,0.1288,-0.0998,-0.3449,25.5653,-0.0570,-3.7591
7.800,22.611,-2.3116,3.4822,76.563,-2.3640,3.6307,72.147,0.1323,0.0855,0.1575,-4.416,0.8351,3.1432,-0.040,-3.1561,0.4420,71.362,3.707,-1.3297,23.054,0.1261,0.0112,0.0404,3.6075,3.6195,3.4651,nan,3.3589,3.4565,0.1369,-0.2352,1.0662,0.0771,-0.0941,-0.3785,25.7737,0.0565,-1.9493
7.850,22.816,-2.2566,3.6804,71.819,-2.2979,3.8199,67.103,0.1196,0.0828,0.1455,-4.716,0.8420,3.1508,0.273,-3.0920,0.6373,66.356,3.647,-1.4829,23.259,0.1204,0.0166,0.0409,2.4729,3.7472,3.8115,nan,3.2364,3.1248,0.1238,-0.2091,1.0444,0.0369,-0.0974,-0.4146,25.9821,-0.0646,-3.0970
7.900,23.006,-2.1910,3.8586,67.363,-2.2238,3.9814,63.446,0.1007,0.0775,0.1271,-3.917,0.8406,3.1302,-0.316,-3.0225,0.8039,62.709,3.425,-1.3313,23.440,0.1081,0.0226,0.0487,2.1561,3.4468,3.3839,nan,3.1948,3.2671,0.1294,-0.2147,1.0297,0.0112,-0.1081,-0.4403,26.1210,0.0419,-0.8494
7.950,23.200,-2.1104,4.0351,63.303,-2.1239,4.1458,60.542,0.0928,0.0617,0.1115,-2.760,0.8447,3.1434,0.019,-2.9360,0.9759,60.015,3.369,-1.1160,23.632,0.1022,0.0223,0.0534,2.3981,3.3683,3.3839,nan,3.1948,3.3268,0.1318,-0.1271,1.0297,-0.0006,-0.1756,-0.4403,26.1210,0.0764,-0.8494
8.000,23.396,-2.0174,4.2070,59.781,-2.0288,4.3013,58.656,0.0757,0.0573,0.0950,-1.126,0.8467,3.1536,0.310,-2.8414,1.1383,58.102,3.202,-0.6661,23.820,0.0926,0.0282,0.0659,2.3383,3.2300,3.2331,nan,3.0670,3.1858,0.1262,-0.1512,1.0117,-0.0356,-0.1271,-0.4822,26.3294,0.0688,-5.1368
8.050,23.583,-1.9203,4.3668,57.654,-1.9318,4.4408,56.965,0.0564,0.0493,0.0749,-0.689,0.8399,3.1597,0.198,-2.7435,1.2994,56.183,3.224,-0.7259,24.009,0.0938,0.0380,0.0717,1.8864,3.2598,3.2915,nan,2.9805,2.9918,0.1185,-0.2374,1.0117,-0.0575,-0.0858,-0.5125,26.4684,0.0065,1.1550
8.100,23.748,-1.8290,4.5053,55.428,-1.8402,4.5702,54.769,0.0471,0.0461,0.0659,-0.659,0.8377,3.1781,-0.104,-2.6510,1.4338,53.991,3.160,-0.7407,24.172,0.0894,0.0198,0.0501,2.5366,3.1941,3.2103,nan,2.8588,2.8234,0.1118,-0.3325,1.0117,-0.0707,-0.0044,-0.5554,26.6768,-0.0205,-2.1027
8.150,23.911,-1.7335,4.6370,52.228,-1.7433,4.6911,50.846,0.0368,0.0409,0.0550,-1.382,0.8306,3.1810,-0.244,-2.5588,1.5599,50.240,2.997,-1.1453,24.328,0.0849,0.0204,0.0407,1.9969,3.1433,3.1612,nan,2.7994,2.7568,0.1092,-0.4207,1.0117,-0.0673,0.0354,-0.5851,26.8157,-0.0247,-0.8576
8.200,24.076,-1.6279,4.7636,47.547,-1.6240,4.8124,45.510,0.0386,0.0301,0.0490,-2.037,0.8163,3.1576,-0.719,-2.4511,1.6776,45.260,2.813,-1.5469,24.488,0.0758,0.0230,0.0376,1.6355,2.9410,2.9237,nan,2.7552,2.8242,0.1118,-0.4751,1.0117,-0.0628,0.0895,-0.6381,27.0241,0.0399,-4.7640
8.250,24.227,-1.5215,4.8702,42.011,-1.6156,4.8206,40.896,-0.1031,0.0261,0.1063,-1.116,0.8163,3.1576,-0.719,-2.4511,1.6776,40.835,2.696,-1.8379,24.637,0.1337,0.0239,0.0268,1.1224,2.8980,2.9151,nan,2.7019,2.7408,0.1085,-0.5296,1.0078,-0.0505,0.0834,-0.6815,27.1631,0.0225,-3.7251
8.300,24.227,-1.5215,4.8702,42.011,-1.5021,4.9183,34.955,0.0466,0.0228,0.0518,-7.056,0.8140,3.1429,-1.130,-2.3399,1.7777,34.831,2.696,-1.8379,24.637,0.0683,0.0239,0.0357,1.4973,2.6450,2.6014,nan,2.6214,2.7270,0.1080,-0.5773,0.9198,-0.0338,0.1392,-0.7473,27.3715,0.0611,-1.0065
8.350,24.380,-1.4026,4.9665,35.529,-1.3620,5.0117,28.037,0.0593,0.0132,0.0607,-7.492,0.8078,3.1305,-1.457,-2.2118,1.8692,28.295,2.677,-2.0181,24.795,0.0617,0.0274,0.0454,1.6541,2.7740,2.8277,nan,2.6845,2.7227,0.1078,-0.6017,0.9647,-0.0190,0.1373,-0.7790,27.5104,0.0221,-2.0592
8.400,24.517,-1.2869,5.0405,29.177,-1.2495,5.0871,22.235,0.0554,0.0224,0.0598,-6.942,0.8191,3.1453,-1.226,-2.0934,1.9444,22.213,2.616,-2.1890,24.935,0.0625,0.0145,0.0391,2.7042,2.8007,2.8277,nan,2.6845,2.7025,0.1070,-0.5015,0.9740,-0.0211,0.0324,-0.7790,27.5104,0.0104,-2.0592
8.450,24.677,-1.1424,5.1091,21.044,-1.1071,5.1577,14.479,0.0504,0.0327,0.0601,-6.564,0.8352,3.1602,-0.805,-1.9440,2.0146,14.206,2.557,-2.3545,25.101,0.0639,0.0193,0.0546,2.8252,2.5238,2.4634,nan,2.7166,2.8438,0.1126,-0.5339,0.8777,0.0070,0.0398,-0.8120,27.6494,0.0800,-1.3670
8.500,24.811,-1.0142,5.1498,13.757,-0.9726,5.1992,8.069,0.0522,0.0381,0.0646,-5.687,0.8428,3.1668,-0.362,-1.8062,2.0484,7.841,2.542,-2.2378,25.243,0.0575,0.0200,0.0606,3.0259,2.8125,3.0147,nan,2.8083,2.9264,0.1159,-0.5177,0.9781,0.0383,0.0179,-0.8680,0.0000,0.0800,-1.5848
8.550,24.953,-0.8745,5.1756,6.852,-0.8162,5.2385,2.054,0.0654,0.0555,0.0858,-4.799,0.8634,3.1847,0.380,-1.6547,2.0666,2.055,2.616,-2.1748,25.395,0.0533,0.0217,0.0722,3.3201,2.6207,2.6035,nan,2.8625,2.9089,0.1152,-0.5296,0.9363,0.0612,0.0215,-0.8051,0.1389,0.0268,2.6105
8.600,25.113,-0.7154,5.1847,-0.648,-0.6438,5.2494,-4.511,0.0709,0.0655,0.0965,-3.863,0.8775,3.1859,0.531,-1.4840,2.0646,-4.322,2.684,-2.2188,25.566,0.0498,0.0119,0.0650,5.4536,2.6287,2.6510,nan,2.9090,2.9804,0.1180,-0.5595,0.9562,0.0991,0.0253,-0.7642,0.2779,0.0413,1.3830
8.650,25.261,-0.5679,5.1745,-7.740,-0.4888,5.2236,-11.292,0.0718,0.0593,0.0931,-3.552,0.8719,3.1790,0.440,-1.3296,2.0437,-10.793,2.697,-2.2540,25.722,0.0475,0.0143,0.0677,4.7431,2.7953,2.8651,nan,2.9806,2.9889,0.1184,-0.5240,1.0372,0.1205,0.0655,-0.7199,0.4863,0.0048,-0.5156
8.700,25.410,-0.4218,5.1456,-15.210,-0.4821,5.2154,-18.148,-0.0765,0.0516,0.0923,-2.938,0.8719,3.1790,0.440,-1.3296,2.0437,-17.251,2.722,-2.4052,25.881,0.1213,0.0189,0.0732,3.8637,2.7965,2.8191,nan,3.0467,3.1186,0.1235,-0.4970,1.0472,0.1223,0.0441,-0.6996,0.6252,0.0416,-0.5765
8.750,25.410,-0.4218,5.1456,-15.210,-0.3201,5.1656,-26.084,0.0929,0.0459,0.1036,-10.874,0.8679,3.1862,0.806,-1.1756,2.0018,-24.851,2.722,-2.4052,25.881,0.0488,0.0189,0.1125,5.9407,2.9219,2.9761,nan,3.1184,3.1747,0.1257,-0.4419,1.0943,0.1217,0.0070,-0.6898,0.7642,0.0326,-0.4666
8.800,25.569,-0.2712,5.0943,-22.776,-0.1616,5.0944,-32.131,0.1010,0.0425,0.1096,-9.354,0.8693,3.1844,0.858,-1.0197,1.9364,-30.721,2.768,-2.2122,26.050,0.0519,0.0265,0.1115,4.2104,2.9208,2.9442,nan,3.1929,3.2664,0.1294,-0.4184,1.1169,0.1182,-0.0164,-0.6457,0.9031,0.0425,1.8912
8.850,25.721,-0.1346,5.0277,-29.602,-0.0175,5.0194,-37.526,0.1059,0.0506,0.1174,-7.924,0.8436,3.1618,0.077,-0.8767,1.8551,-36.333,2.862,-2.0482,26.215,0.0600,0.0071,0.0935,13.1837,2.9433,2.9708,nan,3.1929,3.2493,0.1287,-0.3095,1.1169,0.1205,-0.1284,-0.6457,0.9031,0.0327,2.4314
8.900,25.887,0.0050,4.9380,-36.186,0.1258,4.9210,-42.676,0.1075,0.0577,0.1220,-6.491,0.8470,3.1442,-0.197,-0.7341,1.7508,-41.870,2.957,-1.9548,26.392,0.0678,0.0103,0.0947,9.1829,2.9465,2.9708,nan,3.2687,3.3501,0.1327,-0.2880,1.1396,0.1256,-0.1337,-0.6029,1.0421,0.0471,2.4314
8.950,26.055,0.1353,4.8319,-42.388,0.2511,4.8010,-46.935,0.1064,0.0553,0.1199,-4.547,0.8341,3.1248,-0.587,-0.6025,1.6307,-46.532,3.056,-1.5688,26.570,0.0759,0.0125,0.0942,7.5523,3.0675,3.1216,nan,3.4246,3.5083,0.1389,-0.2670,1.1700,0.1251,-0.1028,-0.5486,1.2505,0.0484,1.5742
9.000,26.220,0.2535,4.7159,-46.666,0.3699,4.6833,-49.746,0.1035,0.0623,0.1208,-3.080,0.8420,3.1263,-0.305,-0.4834,1.5044,-49.961,3.183,-1.3443,26.743,0.0829,0.0106,0.0868,8.1764,3.2020,3.2625,nan,3.5035,3.5356,0.1400,-0.2610,1.1884,0.1145,-0.0988,-0.5170,1.3894,0.0186,3.7080
9.050,26.399,0.3717,4.5815,-50.913,0.4959,4.5411,-53.113,0.1097,0.0710,0.1306,-2.199,0.8341,3.1197,-0.471,-0.3650,1.3587,-53.587,3.309,-1.3490,26.931,0.0906,0.0157,0.0876,5.5843,3.2196,3.2487,nan,3.5825,3.6526,0.1447,-0.2707,1.2069,0.1152,-0.0755,-0.4861,1.5284,0.0406,3.3142
9.100,26.587,0.4846,4.4318,-55.293,0.6097,4.3799,-57.334,0.1138,0.0733,0.1354,-2.041,0.8322,3.1222,-0.489,-0.2549,1.1997,-57.819,3.381,-1.4059,27.124,0.0957,0.0064,0.0664,10.3762,3.2095,3.2338,nan,3.7014,3.8162,0.1511,-0.2743,1.2332,0.1183,-0.0393,-0.4440,1.7368,0.0800,1.6070
9.150,26.779,0.5881,4.2699,-59.937,0.7052,4.2066,-61.268,0.1134,0.0696,0.1331,-1.332,0.8322,3.1222,-0.489,-0.1545,1.0263,-61.860,3.477,-1.4814,27.325,0.1031,0.0089,0.0647,7.2701,3.4676,3.6289,nan,3.8208,3.8622,0.1530,-0.2569,1.2574,0.1130,-0.0256,-0.4067,1.9452,0.0240,1.7880
9.201,26.981,0.6822,4.0915,-64.870,0.6991,4.2095,-65.277,-0.0997,0.0655,0.1192,-0.407,0.8354,3.1087,-0.758,-0.1545,1.0263,-66.100,3.477,-1.4814,27.537,0.0999,0.0691,0.0903,1.3075,3.4052,3.4236,nan,3.9008,4.0314,0.1597,-0.2387,1.2727,0.1036,-0.0387,-0.3839,2.0841,0.0800,2.4311
9.250,26.981,0.6822,4.0915,-64.870,0.7893,4.0134,-69.766,0.1162,0.0638,0.1326,-4.897,0.8346,3.1163,-0.775,-0.0645,0.8345,-70.463,3.591,-1.4643,27.537,0.1123,0.0145,0.0789,5.4578,3.6435,3.7821,nan,4.0622,4.1393,0.1639,-0.2167,1.2947,0.0957,-0.0358,-0.3519,2.2925,0.0446,1.9895
9.300,27.195,0.7656,3.8937,-69.785,0.8560,3.7851,-74.386,0.1332,0.0473,0.1413,-4.601,0.8419,3.1184,-0.306,0.0125,0.6253,-74.432,3.682,-1.4027,27.760,0.1198,0.0124,0.0533,4.3128,3.7296,3.7792,nan,4.0622,4.0738,0.1613,-0.1410,1.2947,0.0870,-0.1139,-0.3519,2.2925,0.0067,3.0876
9.350,27.390,0.8269,3.7088,-73.931,0.9175,3.5727,-78.679,0.1558,0.0494,0.1635,-4.747,0.8277,3.1168,-0.772,0.0691,0.4288,-78.482,3.798,-1.3798,27.964,0.1289,0.0127,0.0528,4.1756,3.9512,4.0746,nan,4.2262,4.1818,0.1656,-0.1042,1.3230,0.0633,-0.1000,-0.3125,2.5704,-0.0240,2.3399
9.400,27.603,0.8790,3.5028,-78.000,0.9524,3.3376,-81.500,0.1768,0.0374,0.1807,-3.500,0.8214,3.1263,-1.032,0.1151,0.2122,-80.946,3.912,-1.0080,28.186,0.1372,0.0124,0.0405,3.2607,4.0248,4.0746,nan,4.3932,4.4095,0.1746,-0.0698,1.3437,0.0499,-0.1129,-0.2846,2.7788,0.0086,2.3399
9.450,27.819,0.9191,3.2904,-80.671,0.9917,3.1196,-82.607,0.1803,0.0439,0.1856,-1.936,0.8168,3.1356,-0.665,0.1509,-0.0056,-82.259,3.965,-0.6228,28.406,0.1414,0.0087,0.0309,3.5422,3.9035,3.9160,nan,4.4779,4.6063,0.1824,-0.0524,1.3643,0.0237,-0.1008,-0.2579,2.9872,0.0800,1.2396
9.500,28.043,0.9526,3.0689,-82.077,1.0180,2.8800,-83.360,0.1961,0.0388,0.1999,-1.282,0.8127,3.1390,-1.104,0.1835,-0.2401,-82.935,4.160,-0.3604,28.643,0.1540,0.0041,0.0271,6.6749,3.8779,3.9055,nan,4.6065,4.5958,0.1820,-0.0672,1.3848,0.0187,-0.0645,-0.2320,3.1957,0.0800,4.4846
9.550,28.281,0.9832,2.8325,-83.165,1.0421,2.6309,-84.475,0.2072,0.0345,0.2100,-1.310,0.8071,3.1449,-1.156,0.2133,-0.4886,-83.993,4.329,-0.3879,28.893,0.1656,0.0025,0.0272,10.8040,4.1671,4.4659,nan,4.8244,4.9324,0.1953,-0.0754,1.4123,0.0052,-0.0164,-0.1984,3.4735,0.0800,4.3255
9.600,28.522,1.0092,2.5933,-84.596,1.0625,2.3769,-86.024,0.2205,0.0327,0.2229,-1.428,0.8078,3.1509,-0.968,0.2367,-0.7358,-85.397,4.423,-0.5005,29.142,0.1730,0.0074,0.0175,2.3731,4.4168,4.6121,nan,4.9567,5.0498,0.2000,-0.0785,1.4332,0.0039,0.0031,-0.1736,3.6820,0.0446,1.9171
9.650,28.794,1.0310,2.3221,-86.403,1.0762,2.0856,-87.844,0.2389,0.0303,0.2408,-1.441,0.8078,3.1509,-0.968,0.2547,-1.0227,-87.079,4.621,-0.5513,29.429,0.1880,0.0077,0.0200,2.5916,4.1972,4.1808,nan,5.1336,5.0092,0.1984,-0.0718,1.4619,0.0083,0.0180,-0.1410,3.9598,0.0800,4.5608
9.700,28.794,1.0310,2.3221,-86.403,1.0796,2.0914,-89.313,0.2333,0.0340,0.2358,-2.910,0.8041,3.1691,-0.599,0.2547,-1.0227,-88.662,4.621,-0.5513,29.429,0.1880,0.0077,0.0328,4.2421,4.4451,5.1012,nan,5.3512,5.3009,0.2099,-0.0602,1.4914,0.0144,0.0210,-0.1086,4.2377,0.0800,3.4856
9.750,29.052,1.0437,2.0638,-88.191,1.0948,1.8236,-90.592,0.2417,0.0435,0.2456,-2.401,0.8055,3.1637,-0.698,0.2633,-1.2929,-90.221,4.762,-0.5450,29.699,0.1994,0.0102,0.0326,3.2078,4.6444,4.7902,nan,5.5188,5.5363,0.2193,-0.0514,1.5221,0.0276,0.0227,-0.0764,4.5156,0.0800,1.2858
9.800,29.330,1.0487,1.7858,-89.976,1.0683,1.5369,-92.409,0.2489,0.0195,0.2497,-2.433,0.8099,3.1722,-0.818,0.2634,-1.5774,-91.607,4.824,-0.4952,29.984,0.2055,0.0078,0.0268,3.4378,4.8123,4.9409,nan,5.5188,5.6897,0.2253,-0.0317,1.5221,0.0294,-0.0027,-0.0764,4.5156,0.0747,3.8941
9.850,29.611,1.0456,1.5056,-91.458,1.0435,1.2494,-93.674,0.2562,0.0044,0.2563,-2.216,0.7968,3.1797,-0.328,0.2559,-1.8726,-92.643,4.997,-0.4200,30.279,0.2202,0.0068,0.0407,5.9550,4.8714,4.9409,nan,5.6790,5.7928,0.2294,0.0032,1.5503,0.0122,-0.0161,-0.0479,4.7935,0.0800,3.8941
9.900,29.896,1.0355,1.2202,-92.743,1.0320,0.9581,-94.477,0.2620,0.0090,0.2621,-1.734,0.8147,3.1650,-0.953,0.2415,-2.1736,-93.772,5.177,-0.4068,30.581,0.2356,0.0059,0.0407,6.8470,4.9807,5.0783,nan,5.8649,5.9116,0.2341,0.0270,1.5585,0.0021,-0.0255,-0.0244,5.0714,0.0800,4.3150
9.950,30.176,1.0212,0.9408,-92.868,0.9957,0.6640,-93.833,0.2777,-0.0116,0.2780,-0.965,0.8185,3.1544,-1.005,0.2266,-2.4707,-92.806,5.368,0.0262,30.878,0.2533,0.0025,0.0521,20.4756,5.2147,5.4606,nan,6.0364,6.1551,0.2438,0.0449,1.5585,0.0018,-0.0368,0.0041,5.4187,0.0800,2.2801
10.000,30.487,1.0067,0.6298,-92.182,0.9667,0.3411,-92.827,0.2900,-0.0289,0.2915,-0.645,0.8118,3.1623,-0.889,0.2141,-2.7987,-91.685,5.539,0.2609,31.206,0.2703,0.0043,0.0519,12.1872,5.4189,5.6307,nan,6.1999,6.3569,0.2518,0.0525,1.5585,-0.0252,-0.0271,0.0270,5.6966,0.0800,2.8300
10.050,30.798,0.9972,0.3195,-90.962,0.9592,0.0163,-91.323,0.3038,-0.0329,0.3056,-0.362,0.8162,3.1597,-0.946,0.2085,-3.1291,-90.283,5.733,0.4416,31.537,0.2905,0.0025,0.0468,19.0833,5.5303,5.6542,nan,6.3256,6.4526,0.2555,0.0514,1.5586,-0.0399,-0.0160,0.0395,5.9745,0.0800,3.7342
10.100,31.131,0.9951,-0.0133,-89.401,0.9660,-0.1483,-89.798,0.1347,-0.0305,0.1381,-0.396,0.8162,3.1597,-0.946,0.2056,-3.3056,-89.009,5.923,0.4827,31.890,0.1344,0.0000,0.0414,894.0643,5.6919,5.8698,nan,6.4767,6.6164,0.2620,0.0314,1.5649,-0.0364,-0.0001,0.0335,6.3218,0.0800,4.2366
10.150,31.131,0.9951,-0.0133,-89.401,0.9734,-0.3171,-88.096,0.3036,-0.0249,0.3046,1.306,0.8291,3.1907,-1.110,0.2074,-3.4822,-87.461,5.923,0.4827,31.890,0.3109,0.0000,0.0452,977.1672,5.9215,6.2336,nan,6.6494,6.8560,0.2715,0.0051,1.5728,-0.0246,0.0200,0.0259,6.6692,0.0800,2.4722
10.200,31.479,1.0025,-0.3616,-87.863,0.9788,-0.6850,-87.294,0.3223,-0.0358,0.3243,0.570,0.7429,3.1974,0.577,0.2211,-3.8483,-86.567,6.079,0.3509,32.256,0.3290,0.0034,0.0421,12.3307,6.1655,6.5605,nan,6.7860,6.9395,0.2748,-0.0183,1.5676,-0.0098,0.0346,0.0182,7.0166,0.0540,3.3093
10.250,31.818,1.0174,-0.6999,-86.928,0.9926,-1.0332,-87.003,0.3315,-0.0426,0.3342,-0.075,0.7222,3.2457,0.892,0.2401,-4.2035,-86.242,6.221,0.2026,32.612,0.3460,0.0234,0.0276,1.1805,6.2642,6.4143,nan,6.7860,6.8645,0.2719,-0.0287,1.5676,-0.0138,0.0504,0.0182,7.0166,0.0272,3.7720
10.300,32.146,1.0356,-1.0277,-86.739,1.0298,-1.3730,-86.926,0.3444,-0.0255,0.3453,-0.187,0.7936,3.2488,-0.138,0.2599,-4.5509,-86.581,6.390,0.0484,32.960,0.3658,0.0188,0.0130,0.6924,6.3807,6.5531,nan,6.9407,7.0549,0.2794,-0.0434,1.5451,0.0036,0.0509,0.0105,7.3639,0.0389,3.7720
10.350,32.508,1.0554,-1.3892,-87.245,1.0169,-1.7665,-88.860,0.3750,-0.0566,0.3793,-1.615,0.8131,3.2441,-0.313,0.2798,-4.9295,-87.982,6.522,-0.2545,33.339,0.3828,0.0034,0.0422,12.4966,6.5036,6.6908,nan,6.7407,6.6171,0.2621,-0.0625,1.5199,0.0311,0.0456,0.0029,7.7113,-0.0415,2.5318
10.400,32.921,1.0724,-1.8017,-88.313,1.0170,-2.1998,-90.259,0.3963,-0.0671,0.4020,-1.946,0.8049,3.3036,-0.075,0.2923,-5.3519,-89.264,6.569,-0.4294,33.762,0.3924,0.0034,0.0574,16.7741,6.5778,6.7220,nan,6.3599,6.1943,0.2453,-0.0358,1.4894,0.0146,0.0096,-0.0074,8.1281,-0.0583,1.1816
10.450,33.280,1.0785,-2.1609,-90.237,1.0125,-2.5534,-92.073,0.3928,-0.0644,0.3980,-1.836,0.7866,3.3355,0.041,0.2908,-5.7094,-91.149,6.499,-0.5434,34.119,0.3904,0.0075,0.0786,10.4215,6.6611,6.8175,nan,5.9943,6.0326,0.2389,-0.0396,1.4598,0.0172,-0.0090,-0.0265,8.5449,0.0149,-1.6256
10.500,33.676,1.0731,-2.5564,-91.568,1.0094,-2.7417,-93.628,0.1870,-0.0586,0.1959,-2.060,0.7866,3.3355,0.041,0.2900,-5.8986,-92.706,6.277,-0.3806,34.497,0.1847,0.0153,0.0848,5.5300,6.2740,6.0229,nan,5.7617,5.8039,0.2299,-0.0375,1.4359,0.0157,-0.0283,-0.0486,8.8923,0.0800,-3.0974
10.550,33.676,1.0731,-2.5564,-91.568,0.9985,-2.9179,-94.129,0.3634,-0.0647,0.3691,-2.561,0.7866,3.3421,0.088,0.2848,-6.0875,-93.109,6.277,-0.3806,34.497,0.3730,0.0153,0.0934,6.0909,6.3307,6.4508,nan,5.3771,5.2814,0.2092,-0.0611,1.4076,0.0123,-0.0160,-0.0786,9.3091,-0.0403,-3.9815
10.600,34.046,1.0596,-2.9267,-92.881,1.0103,-3.2533,-94.687,0.3286,-0.0328,0.3303,-1.806,0.6213,3.3462,1.759,0.2710,-6.4439,-94.149,6.091,-0.3660,34.854,0.3591,0.0116,0.0822,7.0637,6.0254,5.9225,nan,5.3245,5.3981,0.2138,-0.0586,1.3983,0.0079,-0.0255,-0.0894,9.4480,0.0326,-4.3306
10.650,34.358,1.0417,-3.2379,-93.939,1.0653,-3.5292,-94.462,0.2890,0.0436,0.2922,-0.523,0.7152,3.3381,0.841,0.2505,-6.7417,-95.116,5.913,-0.3492,35.153,0.3457,0.0092,0.0274,2.9938,5.8088,5.7839,nan,5.2725,5.4444,0.2156,-0.1046,1.3889,0.0565,-0.0160,-0.1001,9.5870,0.0800,-2.6406
10.700,34.673,1.0166,-3.5523,-95.576,1.0452,-3.7808,-96.387,0.2246,0.0506,0.2302,-0.811,0.7637,3.3358,0.330,0.2223,-7.0303,-97.115,5.581,-0.5194,35.442,0.3198,0.0096,0.0236,2.4683,5.7410,5.7839,nan,5.0698,5.0985,0.2019,-0.1784,1.3700,0.1168,0.0146,-0.1217,9.8649,0.0132,-2.6406
10.750,34.998,0.9811,-3.8748,-97.319,0.9580,-4.0930,-99.172,0.2193,0.0049,0.2194,-1.853,0.7825,3.3379,0.116,0.1825,-7.3407,-99.014,5.413,-0.6411,35.755,0.3076,0.0110,0.0397,3.5947,5.3422,5.0765,nan,4.9230,5.0640,0.2006,-0.1872,1.3505,0.1119,0.0115,-0.1433,10.1427,0.0800,-3.4421
10.800,35.309,0.9343,-4.1828,-101.115,0.8965,-4.3895,-104.569,0.2101,0.0028,0.2101,-3.454,0.8190,3.3187,-0.153,0.1250,-7.6331,-104.258,5.168,-1.4556,36.053,0.2921,0.0284,0.0794,2.7937,5.4750,5.6126,nan,4.6870,4.5453,0.1800,-0.1840,1.3303,0.0829,0.0077,-0.1651,10.4206,-0.0673,-5.1724
10.850,35.594,0.8699,-4.4606,-105.896,0.8382,-4.6099,-108.407,0.1522,0.0104,0.1526,-2.511,0.8291,3.2811,-0.302,0.0485,-7.9016,-108.285,5.023,-1.4444,36.333,0.2835,0.0187,0.0464,2.4805,5.1841,5.1097,nan,4.5497,4.4889,0.1778,-0.1581,1.3089,0.0838,-0.0447,-0.1872,10.6985,-0.0304,-3.6761
10.900,35.880,0.7822,-4.7325,-110.572,0.7480,-4.8272,-112.203,0.1006,0.0012,0.1006,-1.631,0.7682,3.2725,0.159,-0.0451,-8.1512,-112.202,4.700,-1.2065,36.599,0.2618,0.0291,0.0561,1.9305,4.8537,4.7435,nan,4.4149,4.4712,0.1771,-0.1478,1.2861,0.0819,-0.0563,-0.2096,10.9764,0.0300,-7.0779
10.950,36.124,0.6906,-4.9590,-114.027,0.7506,-4.8125,-115.592,-0.1583,-0.0049,0.1583,-1.565,0.7682,3.2725,0.159,-0.0451,-8.1512,-115.656,4.535,-1.0630,36.835,0.0730,0.0332,0.0607,1.8295,4.7984,4.8318,nan,4.2824,4.2587,0.1687,-0.1309,1.2680,0.0564,-0.0751,-0.2269,11.1848,-0.0127,-4.2160
11.000,36.124,0.6906,-4.9590,-114.027,0.6843,-5.0238,-117.529,0.0617,0.0206,0.0651,-3.501,0.7181,3.2754,0.485,-0.1410,-8.3662,-118.165,4.535,-1.0630,36.835,0.2508,0.0332,0.0655,1.9748,4.4173,4.2318,nan,4.1949,4.2772,0.1694,-0.1358,1.2484,0.0402,-0.0746,-0.2446,11.3932,0.0800,-2.5578
11.050,36.375,0.5827,-5.1857,-117.333,0.6225,-5.2442,-119.162,0.0337,0.0622,0.0708,-1.829,0.6663,3.2833,0.881,-0.2541,-8.5851,-120.747,4.432,-0.9540,37.081,0.2438,0.0423,0.0325,0.7678,4.4004,4.4365,nan,4.0645,4.1423,0.1641,-0.1858,1.2271,0.0625,-0.0563,-0.2629,11.6016,0.0450,-3.4552
11.100,36.615,0.4682,-5.3960,-120.137,0.4694,-5.4521,-122.275,0.0479,0.0292,0.0561,-2.138,0.6947,3.2497,0.576,-0.3706,-8.7857,-123.043,4.291,-0.8891,37.313,0.2345,0.0249,0.0324,1.3025,4.2908,4.3077,nan,4.0645,4.1726,0.1653,-0.1625,1.2271,0.0872,-0.0954,-0.2629,11.6016,0.0800,-3.4552
11.150,36.832,0.3556,-5.5815,-122.771,0.3286,-5.6325,-125.323,0.0575,0.0049,0.0577,-2.552,0.6447,3.2236,0.858,-0.4864,-8.9657,-125.649,4.221,-0.9181,37.527,0.2297,0.0270,0.0492,1.8232,4.1689,4.1821,nan,3.8918,3.9942,0.1582,-0.1622,1.1949,0.0451,-0.0709,-0.2889,11.8795,0.0593,-1.9928
11.200,37.065,0.2243,-5.7738,-126.494,0.1798,-5.8135,-129.389,0.0584,-0.0122,0.0597,-2.895,0.7039,3.2163,0.423,-0.6226,-9.1497,-129.523,4.113,-1.0874,37.756,0.2225,0.0312,0.0654,2.0929,4.0733,4.0916,nan,3.7617,3.8252,0.1515,-0.1686,1.1680,0.0169,-0.0612,-0.3097,12.0879,0.0367,-2.6410
11.250,37.306,0.0753,-5.9641,-129.985,0.0241,-6.0145,-132.510,0.0715,-0.0068,0.0719,-2.525,0.6842,3.1901,0.428,-0.7715,-9.3388,-132.417,4.069,-1.0444,37.997,0.2213,0.0375,0.0646,1.7205,4.0620,4.0938,nan,3.6305,3.5915,0.1422,-0.1717,1.1403,-0.0021,-0.0671,-0.3319,12.2963,-0.0226,-0.7606
11.300,37.528,-0.0714,-6.1302,-133.336,-0.1276,-6.1976,-135.638,0.0876,0.0054,0.0877,-2.302,0.7051,3.1804,0.251,-0.9121,-9.4968,-135.392,3.872,-1.0218,38.208,0.2122,0.0405,0.0641,1.5838,4.1101,4.1550,nan,3.4532,3.4271,0.1357,-0.2345,1.0971,0.0057,-0.0246,-0.3643,12.5742,-0.0800,-5.1403
11.350,37.731,-0.2141,-6.2742,-136.440,-0.2609,-6.3549,-138.245,0.0895,0.0262,0.0932,-1.805,0.7498,3.1712,-0.080,-1.0476,-9.6329,-138.175,3.662,-1.0032,38.400,0.2032,0.0291,0.0289,0.9924,3.8425,3.8065,nan,3.3638,3.2686,0.1294,-0.3150,1.0587,0.0262,0.0001,-0.3908,12.7826,-0.0551,-3.7263
11.400,37.940,-0.3702,-6.4134,-140.697,-0.4047,-6.4918,-142.248,0.0763,0.0388,0.0857,-1.551,0.8054,3.1708,-0.430,-1.2023,-9.7595,-142.541,3.442,-1.3702,38.600,0.1905,0.0304,0.0260,0.8546,3.5524,3.4987,nan,3.2296,3.2464,0.1286,-0.4076,1.0149,0.0596,0.0412,-0.4203,12.9910,0.0097,-4.8763
11.450,37.940,-0.3702,-6.4134,-140.697,-0.3967,-6.4938,-145.859,0.0714,0.0455,0.0847,-5.162,0.8054,3.1708,-0.430,-1.2023,-9.7595,-146.466,3.442,-1.3702,38.600,0.1905,0.0304,0.0274,0.8987,3.5055,3.5270,nan,3.0946,3.0377,0.1203,-0.4547,0.9916,0.0822,0.0582,-0.4536,13.1994,-0.0329,-5.0545
11.500,38.136,-0.5271,-6.5315,-146.048,-0.5469,-6.6077,-151.348,0.0590,0.0522,0.0788,-5.300,0.9249,3.1611,-1.177,-1.3601,-9.8658,-152.167,3.248,-1.6605,38.791,0.1790,0.0314,0.0235,0.7491,3.2496,3.2122,nan,3.0485,3.1458,0.1246,-0.4948,0.9916,0.0988,0.0406,-0.4785,13.3384,0.0564,-2.7057
11.550,38.315,-0.6798,-6.6244,-152.122,-0.7237,-6.7185,-158.074,0.0827,0.0626,0.1038,-5.952,0.9679,3.1451,-1.537,-1.5184,-9.9495,-158.683,3.140,-2.0173,38.970,0.1711,0.0268,0.0131,0.4882,3.1084,3.1108,nan,3.0015,3.1034,0.1229,-0.4209,0.9916,0.1078,-0.0072,-0.4919,13.4079,0.0800,-2.7057
11.600,38.485,-0.8344,-6.6960,-158.860,-0.8818,-6.8103,-163.575,0.0854,0.0895,0.1237,-4.715,0.9457,3.1455,-1.459,-1.6754,-10.0102,-164.403,2.977,-2.1652,39.138,0.1611,0.0254,0.0107,0.4214,3.0890,3.1108,nan,2.9061,3.0072,0.1191,-0.4406,0.9916,0.1326,-0.0558,-0.5208,13.5468,0.0586,-4.8643
11.650,38.675,-1.0153,-6.7524,-167.141,-1.0842,-6.8653,-171.519,0.0923,0.0947,0.1322,-4.378,0.9944,3.1437,-1.730,-1.8632,-10.0678,-171.962,2.955,-2.0780,39.335,0.1642,0.0256,0.0276,1.0781,2.7870,2.7112,nan,2.8091,2.8258,0.1119,-0.4924,0.9500,0.1549,-0.0422,-0.5684,13.7552,0.0097,-1.1276
11.700,38.836,-1.1736,-6.7798,-173.539,-1.2612,-6.9059,-177.095,0.1013,0.1155,0.1536,-3.556,1.1559,3.1181,-2.689,-2.0242,-10.0861,-177.522,2.890,-2.0133,39.497,0.1562,0.0228,0.0339,1.4860,3.0573,3.6379,nan,2.6147,2.5111,0.0994,-0.4830,0.9916,0.1595,-0.0554,-0.6200,13.9636,-0.0600,-1.7163
11.750,38.987,-1.3249,-6.7890,179.942,-1.4215,-6.9140,176.719,0.0965,0.1251,0.1580,-3.223,1.2314,3.1009,-3.163,-2.1738,-10.0859,176.417,2.732,-2.0825,39.647,0.1469,0.0212,0.0458,2.1595,2.8970,2.8921,nan,2.5674,2.5465,0.1009,-0.5271,0.9875,0.1749,-0.0626,-0.6613,14.1026,-0.0121,-4.1038
11.800,39.112,-1.4500,-6.7831,174.457,-1.5522,-6.9073,171.176,0.0897,0.1335,0.1608,-3.281,1.2676,3.0969,-3.391,-2.2930,-10.0802,171.129,2.521,-1.9199,39.766,0.1452,0.0197,0.0542,2.7529,2.7272,2.7178,nan,2.5523,2.6441,0.1047,-0.5470,0.9297,0.1711,-0.0767,-0.7087,14.2415,0.0532,-6.6401
11.850,39.251,-1.5868,-6.7622,167.916,-1.6978,-6.8686,164.722,0.0863,0.1273,0.1538,-3.194,1.2676,3.0969,-3.391,-2.4306,-10.0507,164.981,2.446,-2.0800,39.907,0.1373,0.0175,0.0585,3.3419,2.4759,2.4310,nan,2.5875,2.6724,0.1058,-0.5867,0.8440,0.1682,-0.0701,-0.7631,14.3805,0.0491,-3.3743
11.900,39.388,-1.7194,-6.7257,161.091,-1.7048,-6.8525,158.304,-0.0549,0.1152,0.1276,-2.787,1.1215,3.1380,-2.456,-2.4306,-10.0507,159.019,2.464,-2.1575,40.051,0.1891,0.0153,0.0267,1.7400,2.4991,2.5229,nan,2.6539,2.7715,0.1098,-0.5299,0.8519,0.1472,-0.0741,-0.8261,14.5194,0.0681,-0.4740
11.950,39.388,-1.7194,-6.7257,161.091,-1.8522,-6.7875,151.316,0.1056,0.1015,0.1465,-9.775,1.2429,3.1106,-3.089,-2.5675,-10.0038,152.578,2.464,-2.1575,40.051,0.1290,0.0153,0.0395,2.5731,2.5653,2.5984,nan,2.7171,2.8325,0.1122,-0.4965,0.8745,0.1178,-0.0725,-0.9156,14.6583,0.0668,-0.5349
12.000,39.524,-1.8447,-6.6743,153.967,-1.9954,-6.7200,144.605,0.1154,0.1072,0.1575,-9.362,1.1806,3.1353,-2.642,-2.6968,-9.9407,146.135,2.480,-2.1468,40.195,0.1198,0.0127,0.0503,3.9593,2.5792,2.6020,nan,2.8026,2.8275,0.1120,-0.4523,0.9059,0.0958,-0.0730,-0.8446,14.7973,0.0144,2.4050
12.050,39.665,-1.9679,-6.6051,147.180,-2.1274,-6.6378,138.767,0.1164,0.1139,0.1629,-8.413,1.2710,3.1123,-3.154,-2.8239,-9.8587,140.233,2.562,-2.0282,40.347,0.1104,0.0121,0.0568,4.6774,2.7418,2.8090,nan,2.8026,2.7039,0.1071,-0.3340,0.9630,0.1013,-0.1836,-0.8446,14.7973,-0.0572,1.4111
12.100,39.792,-2.0713,-6.5313,141.476,-2.2293,-6.5407,133.029,0.1177,0.1057,0.1582,-8.447,1.3921,3.0818,-3.945,-2.9293,-9.7748,134.708,2.618,-2.0459,40.481,0.1029,0.0126,0.0565,4.4946,2.5892,2.5837,nan,2.8492,2.9045,0.1150,-0.3320,0.9261,0.0918,-0.1705,-0.8025,14.9362,0.0320,0.1375
12.150,39.943,-2.1843,-6.4311,135.360,-2.3354,-6.4029,128.566,0.1274,0.0861,0.1537,-6.795,1.4839,3.0488,-4.478,-3.0406,-9.6649,130.978,2.672,-1.5483,40.638,0.0940,0.0151,0.0580,3.8470,2.5665,2.5837,nan,2.8666,2.9573,0.1171,-0.2974,0.9324,0.0689,-0.1624,-0.7671,15.0752,0.0526,0.1375
12.200,40.089,-2.2843,-6.3245,130.979,-2.4310,-6.2747,124.595,0.1339,0.0781,0.1550,-6.383,1.4875,3.0503,-4.467,-3.1406,-9.5584,127.576,2.650,-1.3018,40.784,0.0940,0.0200,0.0727,3.6333,2.6544,2.6938,nan,2.9399,3.0310,0.1200,-0.3093,0.9756,0.0345,-0.1329,-0.7410,15.2141,0.0527,0.4169
12.250,40.242,-2.3805,-6.2055,126.905,-2.5214,-6.1297,120.401,0.1452,0.0671,0.1600,-6.504,1.4608,3.0610,-4.299,-3.2370,-9.4300,123.697,2.788,-1.3189,40.945,0.0868,0.0282,0.0909,3.2280,2.6871,2.7142,nan,2.9891,3.1106,0.1232,-0.3375,0.9960,0.0241,-0.0968,-0.7221,15.3531,0.0704,3.9376
12.300,40.393,-2.4666,-6.0822,122.743,-2.5969,-6.0002,116.792,0.1394,0.0653,0.1540,-5.951,1.3123,3.1123,-3.325,-3.3216,-9.2986,119.686,2.877,-1.4182,41.101,0.0797,0.0371,0.1094,2.9458,2.9090,3.0166,nan,3.0549,3.0513,0.1208,-0.3585,1.0970,0.0157,-0.0221,-0.6844,15.5615,-0.0021,1.8290
12.350,40.559,-2.5507,-5.9389,117.743,-2.6663,-5.8513,112.212,0.1313,0.0616,0.1451,-5.531,1.1503,3.1703,-2.296,-3.4083,-9.1500,114.936,2.942,-1.6088,41.273,0.0778,0.0327,0.1102,3.3740,2.8336,2.8453,nan,3.0989,3.1797,0.1259,-0.3831,1.0810,0.0223,0.0110,-0.6592,15.7004,0.0468,1.2358
12.400,40.703,-2.6130,-5.8090,113.110,-2.7016,-5.7066,107.585,0.1289,0.0413,0.1354,-5.525,1.1217,3.1836,-2.162,-3.4658,-9.0151,110.530,2.944,-1.6661,41.420,0.0710,0.0394,0.1041,2.6444,2.9621,3.0175,nan,3.1654,3.2039,0.1269,-0.3789,1.1197,0.0230,0.0146,-0.6402,15.8393,0.0223,-0.7367
12.450,40.879,-2.6740,-5.6443,107.106,-2.7398,-5.5303,101.954,0.1283,0.0293,0.1316,-5.152,1.0441,3.2083,-1.673,-3.5197,-8.8401,104.718,3.006,-1.7859,41.603,0.0588,0.0502,0.1083,2.1600,2.7659,2.7486,nan,3.2416,3.2258,0.1278,-0.3755,1.0725,0.0179,0.0244,-0.6245,15.9783,0.0800,0.7049
12.500,41.048,-2.7162,-5.4802,101.337,-2.7294,-5.5166,96.318,-0.0331,0.0201,0.0387,-5.018,1.0441,3.2083,-1.673,-3.5197,-8.8401,99.604,3.047,-1.7953,41.778,0.2016,0.0965,0.1040,1.0773,3.0743,3.4065,nan,3.4103,3.5140,0.1392,-0.3417,1.1564,0.0191,0.0478,-0.5725,16.1867,0.0600,0.6316
12.550,41.048,-2.7162,-5.4802,101.337,-2.7483,-5.3207,90.420,0.1627,0.0001,0.1627,-10.917,1.0453,3.1993,-1.674,-3.5542,-8.6682,94.427,3.047,-1.7953,41.778,0.0479,0.0589,0.1160,1.9683,3.0914,3.1192,nan,3.5461,3.6749,0.1455,-0.3118,1.1932,0.0172,0.0602,-0.5089,16.3951,0.0800,0.4514
12.600,41.223,-2.7423,-5.3075,95.474,-2.7398,-5.1346,85.399,0.1719,-0.0190,0.1729,-10.075,1.0400,3.2089,-1.662,-3.5714,-8.4880,89.862,3.096,-1.6973,41.959,0.0363,0.0534,0.0865,1.6205,3.0314,3.0472,nan,3.5001,3.6149,0.1432,-0.2120,1.1932,0.0096,-0.0410,-0.5089,16.3951,0.0800,3.6939
12.650,41.414,-2.7514,-5.1167,89.652,-2.7175,-4.9295,80.579,0.1874,-0.0328,0.1902,-9.073,1.0036,3.2136,-1.422,-3.5702,-8.2830,85.047,3.264,-1.6224,42.164,0.0200,0.0581,0.0928,1.5967,3.0240,3.0472,nan,3.6402,3.6472,0.1444,-0.1845,1.2283,0.0046,-0.0262,-0.4516,16.6035,0.0800,3.6939
12.700,41.608,-2.7417,-4.9226,84.264,-2.6836,-4.7268,76.435,0.2006,-0.0383,0.2042,-7.829,1.0140,3.2050,-1.480,-3.5495,-8.0769,80.760,3.421,-1.3980,42.371,0.0084,0.0656,0.0976,1.4877,3.3076,3.5190,nan,3.8359,3.9628,0.1569,-0.1603,1.2628,0.0045,-0.0206,-0.3985,16.8119,0.0800,3.6664
12.750,41.788,-2.7189,-4.7439,81.205,-2.6564,-4.5602,75.517,0.1910,-0.0336,0.1940,-5.688,0.9326,3.2227,-0.973,-3.5212,-7.8940,79.076,3.500,-0.9441,42.556,0.0084,0.0703,0.1036,1.4743,3.5599,3.7145,nan,3.9887,4.0447,0.1602,-0.1406,1.2857,0.0100,-0.0370,-0.3648,16.9509,0.0324,2.2898
12.800,41.998,-2.6817,-4.5373,78.235,-2.6262,-4.3551,74.100,0.1897,-0.0172,0.1905,-4.135,0.9019,3.2261,-0.784,-3.4814,-7.6747,76.760,3.710,-0.8464,42.779,0.0209,0.0573,0.1018,1.7772,3.4092,3.4113,nan,4.0932,4.1140,0.1629,-0.1722,1.3205,0.0272,0.0246,-0.3160,17.1593,0.0800,4.8800
12.850,42.195,-2.6378,-4.3457,75.758,-2.5839,-4.1600,72.061,0.1933,-0.0066,0.1934,-3.697,0.8884,3.2400,-0.675,-3.4311,-7.4763,74.282,3.832,-0.8955,42.984,0.0286,0.0569,0.1049,1.8450,3.6419,3.7741,nan,4.3071,4.3815,0.1735,-0.1902,1.3560,0.0629,0.0618,-0.2686,17.3677,0.0800,3.3581
12.900,42.424,-2.5754,-4.1252,72.285,-2.5962,-4.1613,69.795,-0.0407,0.0089,0.0417,-2.490,0.8884,3.2400,-0.675,-3.4311,-7.4763,71.717,3.932,-1.0883,43.222,0.2005,0.0581,0.0511,0.8803,3.8570,3.9756,nan,4.4702,4.5976,0.1821,-0.1880,1.3929,0.0917,0.0741,-0.2219,17.5761,0.0685,1.9382
12.950,42.424,-2.5754,-4.1252,72.285,-2.5244,-3.9441,66.290,0.1880,0.0065,0.1882,-5.995,0.9666,3.2147,-1.236,-3.3587,-7.2499,67.963,3.932,-1.0883,43.222,0.0377,0.0581,0.1054,1.8140,3.9406,3.9917,nan,4.6330,4.7696,0.1889,-0.1604,1.4281,0.1193,0.0641,-0.1756,17.7845,0.0800,3.5010
13.000,42.662,-2.4960,-3.9011,68.277,-2.4245,-3.7152,62.253,0.1992,0.0024,0.1992,-6.024,1.0105,3.1931,-1.547,-3.2653,-7.0152,63.923,4.114,-1.2094,43.474,0.0540,0.0578,0.0954,1.6499,4.2201,4.4651,nan,4.8438,4.9354,0.1955,-0.1193,1.3894,0.1320,0.0329,-0.1295,17.9929,0.0449,3.9561
13.050,42.897,-2.4022,-3.6849,64.347,-2.3133,-3.4871,58.964,0.2168,0.0055,0.2169,-5.383,1.0956,3.1501,-2.227,-3.1568,-6.7893,60.600,4.291,-1.1379,43.725,0.0707,0.0459,0.0863,1.8811,4.4071,4.5260,nan,4.8438,4.7932,0.1898,-0.0689,1.3894,0.1332,-0.0274,-0.1295,17.9929,-0.0239,4.2626
13.100,43.112,-2.3048,-3.4939,61.285,-2.2062,-3.2984,56.494,0.2188,0.0075,0.2189,-4.791,1.1094,3.1665,-2.289,-3.0475,-6.5898,57.921,4.447,-1.0167,43.952,0.0850,0.0431,0.0801,1.8601,4.5027,4.5753,nan,4.9213,4.8357,0.1915,-0.0177,1.3405,0.1403,-0.0559,-0.0680,18.2708,-0.0394,3.8858
13.150,43.366,-2.1777,-3.2734,58.612,-2.0578,-3.0785,55.428,0.2288,-0.0008,0.2288,-3.184,1.1511,3.1272,-2.694,-2.9081,-6.3614,56.900,4.611,-0.6001,44.220,0.0992,0.0374,0.0709,1.8971,4.5268,4.5753,nan,4.7096,4.6619,0.1846,0.0343,1.3052,0.1358,-0.0894,-0.0217,18.4792,-0.0800,3.8858
13.200,43.621,-2.0423,-3.0578,57.065,-1.9330,-2.8724,55.080,0.2150,0.0091,0.2152,-1.985,1.1242,3.1212,-2.522,-2.7677,-6.1447,56.163,4.640,-0.3382,44.478,0.1036,0.0313,0.0635,2.0248,4.5621,4.6147,nan,4.4451,4.3562,0.1725,0.1024,1.2678,0.1138,-0.1059,0.0402,18.7571,-0.0451,0.9847
13.250,43.884,-1.8993,-2.8368,57.640,-1.8033,-2.6602,57.643,0.2005,0.0134,0.2010,0.003,1.0136,3.1977,-1.438,-2.6284,-5.9248,58.494,4.582,0.3783,44.738,0.1001,0.0259,0.0474,1.8281,4.7292,4.8516,nan,4.2639,4.1951,0.1661,0.1550,1.2678,0.1059,-0.1213,0.0866,18.9655,-0.0366,-0.9499
13.300,44.140,-1.7655,-2.6189,59.855,-1.6825,-2.4462,60.579,0.1910,0.0149,0.1916,0.724,0.9885,3.2178,-1.165,-2.5049,-5.7122,61.301,4.412,0.7519,44.984,0.0891,0.0296,0.0312,1.0508,4.5600,4.5608,nan,4.0522,4.1799,0.1655,0.1866,1.2678,0.0852,-0.1032,0.1487,19.2434,0.0800,-4.0473
13.350,44.356,-1.6605,-2.4301,62.728,-1.5752,-2.2594,63.604,0.1908,0.0024,0.1908,0.876,0.9531,3.2537,-0.752,-2.4098,-5.5278,64.538,4.248,1.0575,45.192,0.0793,0.0266,0.0277,1.0415,4.3985,4.4021,nan,3.9650,4.0889,0.1619,0.2177,1.2678,0.0666,-0.0842,0.1951,19.4518,0.0800,-4.4020
13.400,44.599,-1.5555,-2.2109,66.758,-1.4578,-2.0447,67.230,0.1913,-0.0241,0.1928,0.473,0.9426,3.2710,-0.630,-2.3154,-5.3079,68.567,4.141,1.2786,45.431,0.0735,0.0224,0.0361,1.6137,4.0232,3.8625,nan,3.9181,3.8132,0.1510,0.2538,1.2678,0.0338,-0.0931,0.2574,19.7297,0.0800,-2.6998
13.450,44.599,-1.5555,-2.2109,66.758,-1.4424,-2.0533,70.528,0.1894,-0.0418,0.1940,3.770,0.9426,3.2710,-0.630,-2.3154,-5.3079,72.222,4.141,1.2786,45.545,0.0735,0.0224,0.0305,1.3628,4.2187,4.3328,nan,3.9811,4.0924,0.1621,0.2898,1.2678,-0.0059,-0.0857,0.3049,19.9381,0.0800,-2.9517
13.500,44.831,-1.4709,-1.9943,71.277,-1.3414,-1.8477,74.431,0.1805,-0.0756,0.1956,3.153,0.9413,3.2737,-0.643,-2.2420,-5.0913,76.666,4.024,1.4161,45.660,0.0680,0.0214,0.0533,2.4979,3.9653,3.9359,nan,4.0663,4.1430,0.1641,0.3190,1.2678,-0.0462,-0.0898,0.3534,20.1465,0.0444,-5.0846
13.550,45.050,-1.4082,-1.7843,76.210,-1.2743,-1.6296,79.558,0.1822,-0.0932,0.2046,3.348,0.8969,3.2908,-0.219,-2.1913,-4.8847,81.895,3.844,1.5914,45.872,0.0604,0.0248,0.0687,2.7739,3.9064,3.9293,nan,4.1307,4.2324,0.1676,0.3265,1.2787,-0.0841,-0.0908,0.3750,20.3549,0.0800,0.3828
13.600,45.255,-1.3672,-1.5838,81.459,-1.2262,-1.4407,84.723,0.1625,-0.1182,0.2009,3.264,0.9226,3.2656,-0.589,-2.1598,-4.6749,87.410,3.878,1.7785,46.085,0.0677,0.0096,0.0780,8.1505,3.8988,3.9293,nan,4.1307,4.2247,0.1673,0.2663,1.2787,-0.0911,-0.0138,0.3750,20.3549,0.0800,0.3421
13.650,45.458,-1.3455,-1.3825,87.097,-1.2182,-1.2433,90.884,0.1455,-0.1201,0.1887,3.786,0.9331,3.2510,-0.785,-2.1491,-4.4644,93.420,3.908,1.9521,46.295,0.0765,0.0096,0.0766,7.9970,3.8977,3.9293,nan,4.2356,4.3445,0.1721,0.2381,1.3015,-0.1143,0.0049,0.3423,20.5634,0.0616,0.3421
13.700,45.686,-1.3455,-1.1541,93.680,-1.2497,-0.9783,96.925,0.1693,-0.1069,0.2002,3.246,0.9226,3.2178,-0.744,-2.1645,-4.2248,98.587,3.972,1.7291,46.536,0.0896,0.0175,0.0736,4.1976,4.0043,4.0637,nan,4.3874,4.4843,0.1776,0.1770,1.3245,-0.1111,0.0478,0.3104,20.7718,0.0527,0.7076
13.750,45.902,-1.3679,-0.9394,98.777,-1.2892,-0.7430,101.019,0.1821,-0.1078,0.2116,2.242,0.9485,3.1853,-1.162,-2.1987,-4.0035,102.268,4.032,1.4123,46.759,0.0990,0.0178,0.0822,4.6153,4.1394,4.2136,nan,4.5495,4.6255,0.1832,0.1131,1.3548,-0.0842,0.0716,0.2701,21.0497,0.0395,1.3802
13.800,46.137,-1.4109,-0.7078,102.506,-1.3455,-0.4838,103.521,0.2045,-0.1124,0.2333,1.015,0.9332,3.1769,-1.024,-2.2527,-3.7599,104.435,4.212,0.9302,47.009,0.1140,0.0180,0.0972,5.4142,3.9648,3.9651,nan,4.6765,4.6527,0.1843,0.0776,1.3777,-0.0706,0.0842,0.2409,21.2581,0.0800,3.9701
13.850,46.369,-1.4655,-0.4823,104.844,-1.4096,-0.2343,105.537,0.2254,-0.1176,0.2543,0.694,0.8965,3.1922,-0.561,-2.3150,-3.5251,106.225,4.357,0.7207,47.252,0.1255,0.0016,0.0992,63.1090,4.2161,4.3948,nan,4.8510,4.9661,0.1967,0.0625,1.4086,-0.0537,0.0619,0.2027,21.5359,0.0800,3.7490
13.900,46.621,-1.5335,-0.2403,106.609,-1.4834,0.0230,106.680,0.2380,-0.1232,0.2680,0.071,0.8861,3.1795,-0.476,-2.3893,-3.2758,107.316,4.467,0.4615,47.512,0.1348,0.0032,0.1109,34.2969,4.4375,4.5926,nan,5.0293,5.1685,0.2047,0.0478,1.4324,-0.0423,0.0548,0.1746,21.7444,0.0665,2.0592
13.950,46.872,-1.6082,0.0000,107.987,-1.4904,0.0248,108.112,-0.0128,-0.1197,0.1204,0.126,0.8861,3.1795,-0.476,-2.3893,-3.2758,108.636,4.665,0.3755,47.779,0.1190,0.0055,0.0814,14.9306,4.5195,4.5866,nan,5.2083,5.3579,0.2122,0.0385,1.4651,-0.0339,0.0283,0.1374,22.0222,0.0800,4.6741
14.000,46.872,-1.6082,0.0000,107.987,-1.5851,0.2765,109.181,0.2558,-0.1074,0.2774,1.194,0.8348,3.2104,0.182,-2.4717,-3.0219,109.479,4.665,0.3755,47.779,0.1503,0.0055,0.0987,18.1107,4.5970,4.6648,nan,5.3836,5.4719,0.2167,0.0165,1.4884,-0.0186,0.0169,0.1005,22.3001,0.0800,4.5053
14.050,47.144,-1.6946,0.2578,109.132,-1.6714,0.5411,109.671,0.2600,-0.1148,0.2842,0.539,0.8057,3.2132,0.659,-2.5660,-2.7503,110.290,4.857,0.3220,48.066,0.1662,0.0089,0.1064,11.9977,4.8455,5.0843,nan,5.5500,5.7124,0.2262,-0.0098,1.4548,-0.0042,0.0117,0.0635,22.5780,0.0705,4.1406
14.100,47.427,-1.7893,0.5239,110.080,-1.7695,0.8135,109.786,0.2652,-0.1180,0.2902,-0.294,0.7805,3.2257,1.015,-2.6681,-2.4708,110.567,5.035,0.1682,48.364,0.1814,0.0019,0.1048,55.2566,4.9749,5.0843,nan,5.5894,5.6833,0.2251,-0.0158,1.4548,-0.0070,0.0227,0.0635,22.5780,0.0398,4.1406
14.150,47.755,-1.9032,0.8315,110.531,-1.8931,1.1051,109.911,0.2527,-0.1054,0.2738,-0.621,0.7829,3.2271,0.841,-2.7883,-2.1500,110.656,5.196,0.0469,48.707,0.1960,0.0095,0.0972,10.2466,4.7813,4.7724,nan,5.5539,5.7054,0.2260,-0.0339,1.4225,0.0008,0.0114,0.0265,22.8559,0.0800,3.4776
14.200,48.019,-1.9955,1.0786,110.185,-1.9756,1.3552,108.604,0.2527,-0.1141,0.2773,-1.582,0.7811,3.2131,0.761,-2.8846,-1.8905,109.708,5.338,-0.2049,48.983,0.2090,0.0099,0.1094,11.0814,4.9428,6.3328,nan,5.1549,4.9997,0.1980,-0.0677,1.3835,0.0169,0.0100,-0.0197,23.2033,-0.0800,3.5746
14.250,48.320,-2.0981,1.3625,109.282,-2.0789,1.6370,107.460,0.2527,-0.1088,0.2751,-1.822,0.8066,3.1849,-0.034,-2.9870,-1.5977,108.520,5.416,-0.3576,49.294,0.2170,0.0151,0.1009,6.6965,4.9246,4.9695,nan,4.9647,4.9613,0.1965,-0.0729,1.3606,0.0127,-0.0082,-0.0473,23.4117,-0.0800,2.2971
14.300,48.616,-2.1924,1.6424,107.538,-2.1784,1.8924,105.737,0.2342,-0.0886,0.2504,-1.801,0.8114,3.1742,-0.230,-3.0706,-1.3331,106.451,5.162,-0.5780,49.571,0.1987,0.0036,0.0783,21.9798,5.2035,5.7910,nan,4.6632,4.7712,0.1890,-0.1059,1.3226,0.0258,-0.0039,-0.0935,23.7590,0.0800,-5.7116
14.350,48.895,-2.2731,1.9095,105.697,-2.2664,2.1370,104.213,0.2172,-0.0680,0.2276,-1.485,0.7947,3.1963,0.119,-3.1474,-1.0760,104.725,4.998,-0.6706,49.839,0.1879,0.0061,0.0598,9.8299,5.0796,5.0969,nan,4.4357,4.4920,0.1779,-0.1434,1.2920,0.0501,-0.0039,-0.1304,24.0369,0.0299,-3.8663
14.400,49.150,-2.3381,2.1563,103.318,-2.3434,2.3663,102.075,0.2056,-0.0433,0.2101,-1.243,0.7907,3.2042,0.195,-3.2039,-0.8372,102.257,4.836,-0.8010,50.085,0.1773,0.0068,0.0415,6.0832,4.7673,4.6796,nan,4.3263,4.4280,0.1754,-0.1859,1.2684,0.0693,-0.0027,-0.1583,24.2453,0.0800,-4.2694
14.450,49.414,-2.3930,2.4140,100.070,-2.3734,2.3554,100.294,-0.0611,-0.0091,0.0617,0.224,0.7907,3.2042,0.195,-3.2039,-0.8372,99.960,4.600,-1.0700,50.334,0.0935,0.0085,0.0047,0.5489,4.6803,4.7048,nan,4.1157,4.1448,0.1642,-0.2336,1.2355,0.0997,0.0096,-0.1957,24.5232,0.0166,-2.3458
14.500,49.414,-2.3930,2.4140,100.070,-2.4387,2.5830,96.625,0.1744,0.0155,0.1751,-3.445,0.7898,3.2092,0.397,-3.2475,-0.5915,95.901,4.600,-1.0700,50.334,0.1621,0.0085,0.0333,3.9006,4.5110,4.5119,nan,3.9639,3.9725,0.1573,-0.2739,1.2093,0.1309,0.0017,-0.2240,24.7316,0.0050,-4.1844
14.550,49.670,-2.4304,2.6679,95.910,-2.4856,2.8232,92.233,0.1602,0.0389,0.1648,-3.676,0.7939,3.1869,0.016,-3.2731,-0.3447,91.223,4.419,-1.3207,50.582,0.1517,0.0133,0.0383,2.8735,4.4061,4.4246,nan,3.8170,3.7526,0.1486,-0.3104,1.1740,0.1507,0.0042,-0.2626,25.0095,-0.0373,-5.5798
14.600,49.911,-2.4469,2.9077,91.074,-2.4926,3.0627,87.230,0.1559,0.0427,0.1616,-3.844,0.7937,3.2017,0.521,-3.2774,-0.1153,86.375,4.185,-1.5616,50.812,0.1386,0.0046,0.0265,5.7969,4.3888,4.4246,nan,3.8655,3.8609,0.1529,-0.2585,1.1807,0.1657,-0.0762,-0.2528,24.9400,-0.0027,-5.5798
14.650,50.142,-2.4418,3.1393,85.543,-2.4797,3.2792,81.600,0.1365,0.0487,0.1450,-3.943,0.7986,3.1692,0.446,-3.2600,0.1077,80.825,3.975,-1.6457,51.036,0.1279,0.0075,0.0336,4.4901,4.0176,3.8668,nan,3.6742,3.7691,0.1493,-0.2466,1.1494,0.1578,-0.0903,-0.2925,25.2179,0.0549,-5.2961
14.700,50.337,-2.4200,3.3332,81.016,-2.4309,3.4787,76.984,0.1420,0.0335,0.1459,-4.032,0.7995,3.1801,0.725,-3.2302,0.2961,76.815,3.847,-1.5369,51.226,0.1216,0.0087,0.0385,4.4119,4.1793,4.2689,nan,3.5356,3.4235,0.1356,-0.2181,1.1208,0.1451,-0.1252,-0.3234,25.4263,-0.0800,-3.6739
14.750,50.542,-2.3811,3.5337,76.491,-2.3721,3.6781,72.690,0.1425,0.0250,0.1447,-3.800,0.8030,3.1876,1.026,-3.1833,0.4912,72.856,3.733,-1.4391,51.427,0.1158,0.0119,0.0442,3.7263,3.8030,3.6422,nan,3.4458,3.4835,0.1380,-0.1896,1.0855,0.1037,-0.1361,-0.3559,25.6347,0.0218,-2.1884
14.800,50.747,-2.3265,3.7321,72.483,-2.3220,3.8659,70.161,0.1290,0.0360,0.1339,-2.322,0.8108,3.1842,1.462,-3.1245,0.6775,70.197,3.516,-1.0525,51.622,0.1037,0.0189,0.0497,2.6230,3.7165,3.7336,nan,3.3589,3.3828,0.1340,-0.1855,1.0662,0.0758,-0.1571,-0.3785,25.7737,0.0138,-1.6921
14.850,50.939,-2.2642,3.9129,69.248,-2.2672,4.0456,67.431,0.1231,0.0498,0.1327,-1.818,0.8183,3.1926,1.493,-3.0577,0.8539,67.276,3.444,-0.9993,51.811,0.0995,0.0154,0.0499,3.2364,3.5002,3.4837,nan,3.2768,3.3835,0.1340,-0.2433,1.0444,0.0705,-0.1132,-0.4146,25.9821,0.0618,-1.8971
14.900,51.109,-2.2004,4.0705,66.444,-2.2055,4.1986,64.856,0.1154,0.0559,0.1282,-1.588,0.8250,3.1964,1.711,-2.9910,1.0068,64.581,3.365,-0.9929,51.978,0.0951,0.0185,0.0600,3.2474,3.5019,3.5306,nan,3.1101,3.0694,0.1216,-0.2952,1.0117,0.0657,-0.0706,-0.4538,26.1905,-0.0235,-2.3452
14.950,51.285,-2.1251,4.2305,62.699,-2.1253,4.3506,60.822,0.1066,0.0552,0.1201,-1.877,0.8180,3.1908,1.508,-2.9107,1.1625,60.542,3.296,-1.3061,52.153,0.0915,0.0219,0.0616,2.8164,3.2534,3.2204,nan,3.0670,3.1680,0.1255,-0.3446,1.0117,0.0614,-0.0500,-0.4822,26.3294,0.0585,-1.4732
15.000,51.464,-2.0377,4.3857,58.070,-2.0286,4.4923,56.069,0.0953,0.0487,0.1070,-2.001,0.8240,3.2025,1.842,-2.8199,1.3081,55.958,3.104,-1.5031,52.325,0.0827,0.0237,0.0591,2.4963,3.2277,3.2499,nan,2.9805,3.0162,0.1195,-0.3687,1.0117,0.0510,-0.0563,-0.5125,26.4684,0.0206,-5.3790
15.050,51.633,-1.9424,4.5254,52.861,-2.0377,4.4832,52.167,-0.0912,0.0505,0.1043,-0.693,0.8240,3.2025,1.842,-2.8199,1.3081,51.649,3.104,-1.5031,52.494,0.0971,0.0663,0.0412,0.6218,3.1464,3.1597,nan,2.8588,2.8596,0.1133,-0.3910,1.0117,0.0418,-0.0270,-0.5554,26.6768,0.0005,-1.7808
15.100,51.633,-1.9424,4.5254,52.861,-1.9300,4.5920,46.833,0.0606,0.0303,0.0678,-6.027,0.8093,3.1881,0.819,-2.7174,1.4435,46.386,3.049,-1.6932,52.494,0.0806,0.0251,0.0365,1.4541,2.9581,2.9455,nan,2.8286,2.9489,0.1168,-0.4172,1.0117,0.0350,-0.0269,-0.5851,26.8157,0.0697,-3.5093
15.150,51.797,-1.8375,4.6519,47.415,-1.8269,4.7104,41.971,0.0503,0.0318,0.0595,-5.444,0.8029,3.1783,0.321,-2.6073,1.5633,41.265,2.941,-1.7261,52.657,0.0761,0.0271,0.0373,1.3770,2.9601,2.9842,nan,2.7749,2.8488,0.1128,-0.4204,1.0117,0.0116,-0.0313,-0.6191,26.9547,0.0428,-4.1605
15.200,51.954,-1.7258,4.7629,41.884,-1.7176,4.8103,36.965,0.0378,0.0298,0.0481,-4.919,0.8166,3.2074,0.692,-2.4918,1.6669,35.978,2.812,-1.7333,52.812,0.0712,0.0174,0.0251,1.4451,2.9193,2.9369,nan,2.7749,2.8798,0.1140,-0.3270,1.0117,0.0145,-0.1134,-0.6191,26.9547,0.0607,-1.3769
15.250,52.103,-1.6105,4.8573,36.312,-1.6009,4.8855,32.416,0.0244,0.0170,0.0298,-3.896,0.8081,3.1930,0.214,-2.3688,1.7573,31.054,2.808,-1.8477,52.965,0.0719,0.0185,0.0212,1.1453,2.9142,2.9369,nan,2.7279,2.7888,0.1104,-0.3569,1.0117,0.0074,-0.1118,-0.6589,27.0936,0.0353,-1.3769
15.300,52.270,-1.4713,4.9487,30.019,-1.4595,4.9809,27.061,0.0263,0.0220,0.0343,-2.958,0.8074,3.1841,-0.013,-2.2284,1.8492,25.577,2.759,-1.7065,53.133,0.0730,0.0221,0.0307,1.3908,2.6206,2.5501,nan,2.6940,2.7498,0.1089,-0.3531,0.9114,-0.0102,-0.0970,-0.7075,27.2326,0.0323,-2.0267
15.350,52.420,-1.3380,5.0185,25.180,-1.3268,5.0532,23.312,0.0248,0.0266,0.0364,-1.869,0.8129,3.1800,-0.155,-2.0956,1.9187,21.676,2.712,-1.4992,53.283,0.0724,0.0268,0.0378,1.4133,2.9052,3.1021,nan,2.6535,2.5628,0.1015,-0.4193,1.0103,-0.0042,-0.0361,-0.7710,27.4410,-0.0525,0.0771
15.400,52.568,-1.2017,5.0761,20.481,-1.1901,5.1085,19.146,0.0222,0.0262,0.0344,-1.335,0.8298,3.1996,0.376,-1.9570,1.9705,17.556,2.666,-1.5153,53.431,0.0694,0.0149,0.0310,2.0710,2.7461,2.7398,nan,2.7166,2.8134,0.1114,-0.4793,0.9550,0.0014,0.0097,-0.7939,27.5799,0.0561,-1.2842
15.450,52.713,-1.0644,5.1206,15.128,-1.0566,5.1502,14.048,0.0153,0.0265,0.0306,-1.080,0.8376,3.2211,1.135,-1.8196,2.0076,12.368,2.533,-1.7314,53.573,0.0640,0.0166,0.0323,1.9540,2.6040,2.6009,nan,2.7788,2.9116,0.1153,-0.5269,0.9056,0.0096,0.0482,-0.8267,27.7188,0.0769,-4.5159
15.500,52.867,-0.9137,5.1527,8.524,-1.0510,5.1583,8.841,-0.1349,0.0259,0.1374,0.316,0.8376,3.2211,1.135,-1.8196,2.0076,7.414,2.604,-2.0162,53.737,0.1063,0.0198,0.0471,2.3769,2.5309,2.5405,nan,2.8083,2.9196,0.1156,-0.5595,0.8969,0.0215,0.0756,-0.8239,0.0695,0.0800,1.1324
15.550,52.867,-0.9137,5.1527,8.524,-0.8741,5.1975,1.127,0.0458,0.0384,0.0598,-7.397,0.8383,3.2173,1.082,-1.6576,2.0319,0.448,2.604,-2.0162,53.737,0.0678,0.0198,0.0662,3.3378,2.7375,2.8302,nan,2.8866,2.8609,0.1133,-0.5549,0.9877,0.0446,0.0688,-0.7827,0.2084,-0.0149,0.8016
15.600,53.014,-0.7670,5.1664,1.568,-0.7077,5.2101,-6.014,0.0604,0.0421,0.0736,-7.583,0.8349,3.2061,0.982,-1.4994,2.0362,-6.413,2.658,-2.2344,53.895,0.0736,0.0228,0.0766,3.3617,2.7280,2.7484,nan,2.9523,2.9854,0.1182,-0.5433,1.0063,0.0662,0.1040,-0.7329,0.4168,0.0192,-0.0433
15.650,53.158,-0.6230,5.1619,-5.670,-0.5526,5.2116,-13.086,0.0651,0.0564,0.0861,-7.416,0.8498,3.2130,1.322,-1.3461,2.0210,-13.709,2.680,-2.3586,54.049,0.0792,0.0099,0.0731,7.3592,2.8600,2.9162,nan,2.9523,2.8851,0.1143,-0.4431,1.0550,0.0764,-0.0099,-0.7329,0.4168,-0.0389,-1.1958
15.700,53.292,-0.4911,5.1415,-12.390,-0.4095,5.1796,-20.271,0.0715,0.0547,0.0901,-7.881,0.8486,3.2031,1.120,-1.2100,1.9911,-20.493,2.664,-2.3339,54.189,0.0819,0.0088,0.0835,9.5259,2.8312,2.8497,nan,3.0821,3.1625,0.1252,-0.4971,1.0646,0.1049,0.0586,-0.6905,0.6947,0.0466,-1.0423
15.750,53.426,-0.3615,5.1056,-19.046,-0.2659,5.1286,-26.688,0.0828,0.0529,0.0983,-7.642,0.8403,3.1953,0.972,-1.0730,1.9438,-26.699,2.714,-2.3290,54.334,0.0890,0.0079,0.0877,11.0741,2.7253,2.7310,nan,3.0821,3.1904,0.1264,-0.3786,1.0248,0.1035,-0.0642,-0.6905,0.6947,0.0800,-0.1177
15.800,53.585,-0.2145,5.0455,-25.492,-0.1047,5.0644,-31.432,0.0910,0.0643,0.1114,-5.941,0.8082,3.1656,-0.043,-0.9209,1.8816,-31.303,2.758,-1.9977,54.498,0.0942,0.0123,0.0952,7.7515,2.7114,2.7310,nan,3.1554,3.1679,0.1255,-0.3459,1.0329,0.1058,-0.0814,-0.6623,0.8336,0.0800,-0.1177
15.850,53.739,-0.0789,4.9716,-32.286,0.0395,4.9824,-37.218,0.0943,0.0724,0.1189,-4.932,0.7955,3.1521,-0.327,-0.7785,1.7917,-37.433,2.864,-1.9156,54.667,0.1031,0.0164,0.1081,6.6020,2.8383,2.8920,nan,3.2306,3.3530,0.1328,-0.3527,1.1016,0.1194,-0.0710,-0.6226,0.9726,0.0800,1.7905
15.900,53.898,0.0512,4.8813,-37.275,0.1642,4.8936,-40.359,0.0825,0.0782,0.1137,-3.085,0.7845,3.1483,-0.399,-0.6460,1.6909,-41.180,2.983,-1.6436,54.833,0.1081,0.0136,0.0999,7.3246,3.0372,3.1289,nan,3.3073,3.3391,0.1322,-0.3228,1.1502,0.1262,-0.0854,-0.5837,1.1115,0.0184,3.2379
15.950,54.069,0.1827,4.7718,-42.650,0.3011,4.7832,-44.780,0.0793,0.0886,0.1189,-2.130,0.7831,3.1570,-0.161,-0.5064,1.5740,-45.891,3.118,-1.5896,55.015,0.1181,0.0203,0.1033,5.0973,2.9931,3.0107,nan,3.3853,3.4957,0.1384,-0.3349,1.1700,0.1276,-0.0582,-0.5486,1.2505,0.0639,2.7826
16.000,54.242,0.3052,4.6492,-47.677,0.4251,4.6477,-49.543,0.0818,0.0877,0.1199,-1.865,0.7755,3.1445,-0.509,-0.3857,1.4414,-50.591,3.181,-1.6366,55.195,0.1201,0.0069,0.0768,11.0706,3.1735,3.2557,nan,3.5430,3.6228,0.1435,-0.3235,1.1976,0.1350,-0.0282,-0.5015,1.4589,0.0462,1.4853
16.050,54.417,0.4171,4.5155,-52.893,0.5391,4.4976,-54.435,0.0879,0.0865,0.1234,-1.542,0.7820,3.1502,-0.079,-0.2751,1.2952,-55.492,3.274,-1.6764,55.378,0.1247,0.0095,0.0749,7.8947,3.2502,3.2924,nan,3.6221,3.6945,0.1463,-0.2984,1.2160,0.1294,-0.0442,-0.4714,1.5978,0.0419,1.7025
16.100,54.607,0.5250,4.3590,-58.374,0.5454,4.5000,-59.003,-0.1093,0.0913,0.1424,-0.629,0.7820,3.1502,-0.079,-0.2751,1.2952,-60.289,3.388,-1.6120,55.578,0.0945,0.0130,0.0546,4.2055,3.3452,3.3937,nan,3.7411,3.8210,0.1513,-0.2718,1.2414,0.1263,-0.0346,-0.4311,1.8062,0.0462,2.5403
16.150,54.607,0.5250,4.3590,-58.374,0.6557,4.3228,-63.644,0.0993,0.0924,0.1356,-5.270,0.7820,3.1472,-0.238,-0.1700,1.1245,-64.738,3.388,-1.6120,55.578,0.1300,0.0130,0.1045,8.0467,3.4083,3.4487,nan,3.8607,3.9747,0.1574,-0.2552,1.2651,0.1249,-0.0265,-0.3951,2.0147,0.0660,2.4257
16.200,54.803,0.6207,4.1878,-63.574,0.7439,4.1317,-68.283,0.1051,0.0853,0.1354,-4.709,0.7913,3.1541,0.432,-0.0787,0.9409,-69.146,3.488,-1.5199,55.784,0.1343,0.0203,0.0911,4.4923,3.6223,3.7344,nan,4.0216,4.0868,0.1619,-0.2247,1.2875,0.1115,-0.0314,-0.3623,2.2231,0.0378,2.8341
16.250,55.005,0.7035,4.0032,-68.479,0.8079,3.9091,-73.175,0.1259,0.0626,0.1405,-4.696,0.7900,3.1634,0.440,-0.0009,0.7435,-73.133,3.605,-1.4540,55.996,0.1396,0.0114,0.0610,5.3373,3.6900,3.7344,nan,4.0216,4.0354,0.1598,-0.1416,1.2875,0.0983,-0.1141,-0.3623,2.2231,0.0080,2.8341
16.300,55.207,0.7706,3.8127,-73.047,0.8604,3.6927,-77.232,0.1409,0.0509,0.1499,-4.185,0.7809,3.1671,0.152,0.0611,0.5400,-76.926,3.735,-1.3377,56.208,0.1461,0.0139,0.0553,3.9881,3.6284,3.6487,nan,4.1438,4.2736,0.1693,-0.0937,1.3090,0.0627,-0.1243,-0.3318,2.4315,0.0800,3.0324
16.350,55.420,0.8258,3.6069,-77.295,0.8988,3.4701,-80.571,0.1495,0.0411,0.1550,-3.275,0.7765,3.1752,-0.076,0.1103,0.3220,-80.184,3.866,-1.1669,56.432,0.1525,0.0157,0.0460,2.9303,3.7781,3.8522,nan,4.2676,4.3829,0.1736,-0.0587,1.3300,0.0337,-0.1274,-0.3030,2.6399,0.0649,3.1296
16.400,55.658,0.8732,3.3738,-79.481,0.9396,3.2308,-80.566,0.1527,0.0392,0.1577,-1.086,0.7758,3.1882,0.061,0.1558,0.0768,-80.340,4.042,-0.4523,56.681,0.1616,0.0134,0.0209,1.5558,3.8476,3.8939,nan,4.3932,4.5352,0.1796,-0.0295,1.3506,0.0039,-0.1233,-0.2756,2.8483,0.0800,3.9611
16.450,55.885,0.9122,3.1506,-80.651,0.9714,2.9918,-81.482,0.1663,0.0326,0.1695,-0.831,0.7734,3.2018,-0.183,0.1941,-0.1559,-81.100,4.180,-0.2632,56.917,0.1696,0.0068,0.0207,3.0646,4.0461,4.1542,nan,4.6065,4.7496,0.1881,-0.0655,1.3780,-0.0116,-0.0435,-0.2405,3.1262,0.0750,3.5476
16.500,56.097,0.9455,2.9406,-81.231,1.0053,2.7715,-81.840,0.1763,0.0333,0.1794,-0.608,0.7718,3.2044,-0.496,0.2279,-0.3751,-81.571,4.311,-0.2446,57.139,0.1779,0.0064,0.0228,3.5624,4.2677,4.4095,nan,4.7368,4.7981,0.1900,-0.0742,1.3985,-0.0254,-0.0119,-0.2151,3.3346,0.0305,3.5368
16.550,56.366,0.9835,2.6744,-82.731,1.0089,2.7731,-82.424,-0.0947,0.0377,0.1019,0.307,0.7718,3.2044,-0.496,0.2279,-0.3751,-82.273,4.484,-0.4875,57.421,0.1176,0.0033,0.0001,0.0294,4.0322,4.0110,nan,4.8684,4.7929,0.1898,-0.0981,1.4192,-0.0170,0.0267,-0.1901,3.5430,0.0800,3.9352
16.600,56.366,0.9835,2.6744,-82.731,1.0485,2.4946,-84.651,0.1866,0.0417,0.1912,-1.920,0.7681,3.2147,-0.428,0.2636,-0.6548,-84.635,4.484,-0.4875,57.421,0.1889,0.0033,0.0279,8.4623,4.2324,5.0147,nan,5.0452,5.0346,0.1994,-0.0973,1.4475,-0.0044,0.0436,-0.1573,3.8209,0.0800,2.3693
16.650,56.625,1.0128,2.4173,-84.421,1.0876,2.2378,-85.975,0.1859,0.0570,0.1944,-1.554,0.7645,3.2129,-0.542,0.2896,-0.9206,-86.409,4.581,-0.5704,57.688,0.1955,0.0056,0.0410,7.3397,4.4726,4.6576,nan,5.2650,5.3190,0.2107,-0.1028,1.4765,0.0190,0.0600,-0.1248,4.0988,0.0800,0.9262
16.700,56.874,1.0331,2.1695,-86.563,1.1024,1.9920,-88.246,0.1813,0.0586,0.1905,-1.684,0.7635,3.2044,-0.699,0.3048,-1.1740,-88.660,4.625,-0.7007,57.942,0.1987,0.0082,0.0266,3.2616,4.5785,4.6576,nan,5.2650,5.4333,0.2152,-0.0886,1.4765,0.0284,0.0373,-0.1248,4.0988,0.0800,0.9262
16.750,57.175,1.0451,1.8685,-89.157,1.0943,1.6791,-90.713,0.1901,0.0464,0.1957,-1.556,0.7650,3.1960,-0.939,0.3094,-1.4888,-90.866,4.779,-0.6879,58.257,0.2092,0.0133,0.0214,1.6074,4.3549,4.3356,nan,5.3937,5.2143,0.2065,-0.0648,1.5066,0.0377,0.0257,-0.0925,4.3767,0.0800,1.4996
16.800,57.445,1.0447,1.5987,-91.282,1.0787,1.3959,-92.533,0.2020,0.0385,0.2056,-1.252,0.7640,3.1996,-0.768,0.3030,-1.7779,-92.488,5.001,-0.5814,58.546,0.2261,0.0179,0.0179,1.0025,4.5831,5.3280,nan,5.6000,5.4781,0.2170,-0.0303,1.5384,0.0348,0.0042,-0.0598,4.6545,0.0800,5.4197
16.850,57.721,1.0351,1.3225,-92.883,1.0656,1.1255,-93.718,0.1953,0.0404,0.1994,-0.835,0.7692,3.1944,-0.864,0.2888,-2.0591,-93.739,5.042,-0.5059,58.827,0.2297,0.0030,0.0059,1.9852,4.8356,5.0822,nan,5.7556,5.7554,0.2279,-0.0014,1.5585,0.0286,-0.0130,-0.0358,4.9324,0.0800,1.0640
16.900,58.044,1.0163,1.0002,-93.778,1.0512,0.9683,-95.281,0.0295,0.0370,0.0473,-1.503,0.7692,3.1944,-0.864,0.2803,-2.2278,-95.193,5.199,-0.0924,59.165,0.0949,0.0058,0.0160,2.7826,4.8888,4.9564,nan,5.9000,5.8102,0.2301,0.0179,1.5585,0.0289,-0.0252,-0.0130,5.2103,0.0800,0.4948
16.950,58.044,1.0163,1.0002,-93.778,1.0273,0.8055,-94.497,0.1935,0.0238,0.1950,-0.720,0.7616,3.1713,-0.515,0.2692,-2.3960,-94.152,5.199,-0.0924,59.165,0.2438,0.0058,0.0099,1.7224,5.1693,5.7288,nan,6.1027,6.0982,0.2415,0.0329,1.5585,0.0149,-0.0272,0.0156,5.5577,0.0800,4.4098
17.000,58.352,0.9956,0.6931,-93.804,0.9956,0.4863,-94.110,0.2064,0.0138,0.2068,-0.307,0.7902,3.1635,-1.308,0.2476,-2.7204,-93.642,5.389,0.0444,59.490,0.2606,0.0070,0.0142,2.0205,5.4099,5.6933,nan,6.2633,6.3325,0.2508,0.0531,1.5585,-0.0088,-0.0360,0.0391,5.8355,0.0800,2.7642
17.050,58.641,0.9771,0.4047,-93.364,0.9726,0.1920,-93.301,0.2126,0.0080,0.2127,0.063,0.8108,3.1812,-1.691,0.2300,-3.0204,-92.838,5.502,0.1541,59.790,0.2720,0.0056,0.0084,1.4938,5.4709,5.5612,nan,6.2633,6.3983,0.2534,0.0546,1.5585,-0.0143,-0.0347,0.0391,5.8355,0.0800,1.5767
17.100,58.949,0.9606,0.0970,-92.494,0.9468,-0.1382,-91.912,0.2356,-0.0035,0.2356,0.582,0.7626,3.1647,-0.610,0.2157,-3.3476,-91.343,5.692,0.3786,60.118,0.2917,0.0056,0.0339,6.0010,5.4902,5.5612,nan,6.4171,6.4019,0.2535,0.0543,1.5618,-0.0301,-0.0335,0.0365,6.1829,0.0800,1.5767
17.150,59.274,0.9497,-0.2276,-90.977,0.9280,-0.4913,-90.386,0.2640,-0.0172,0.2646,0.590,0.7259,3.1953,0.061,0.2098,-3.6933,-89.683,5.888,0.4894,60.464,0.3133,0.0040,0.0388,9.6353,5.6446,5.8120,nan,6.5353,6.5620,0.2599,0.0497,1.5680,-0.0500,-0.0164,0.0305,6.4608,0.0800,4.2002
17.200,59.644,0.9480,-0.5979,-89.208,0.9153,-0.8875,-89.103,0.2891,-0.0367,0.2914,0.105,0.7515,3.2077,-0.306,0.2152,-4.0817,-88.195,6.043,0.4857,60.852,0.3324,0.0048,0.0316,6.5694,5.8428,6.0808,nan,6.7049,6.7676,0.2680,0.0360,1.5759,-0.0666,0.0018,0.0228,6.8081,0.0800,3.2418
17.250,59.993,0.9566,-0.9466,-87.673,0.9313,-1.2514,-87.807,0.3035,-0.0377,0.3059,-0.134,0.7675,3.2272,-0.506,0.2301,-4.4472,-86.994,6.183,0.4089,61.218,0.3502,0.0168,0.0191,1.1373,6.0912,6.4940,nan,6.8647,7.0251,0.2782,0.0257,1.5540,-0.0785,0.0169,0.0136,7.2250,0.0800,3.0743
17.300,60.344,0.9737,-1.2972,-86.550,0.9501,-1.6242,-87.007,0.3249,-0.0433,0.3278,-0.457,0.7675,3.2272,-0.506,0.2524,-4.8174,-86.180,6.347,0.2901,61.589,0.3704,0.0059,0.0136,2.2932,6.2031,6.3618,nan,6.9341,7.1356,0.2826,-0.0045,1.5304,-0.0608,0.0363,0.0059,7.5723,0.0800,3.5243
17.350,60.344,0.9737,-1.2972,-86.550,0.9595,-1.6368,-86.043,0.3382,-0.0346,0.3399,0.507,0.8150,3.1984,-1.062,0.2524,-4.8174,-85.348,6.347,0.2901,61.589,0.3704,0.0059,0.0191,3.2326,6.3509,6.5574,nan,6.4856,6.2911,0.2492,-0.0295,1.4994,-0.0474,0.0477,-0.0036,7.9891,-0.0668,4.1458
17.400,60.737,1.0001,-1.6901,-85.672,0.9834,-2.0689,-86.179,0.3765,-0.0452,0.3792,-0.507,0.7914,3.2105,-0.779,0.2839,-5.2342,-85.392,6.544,0.0790,62.007,0.3949,0.0052,0.0268,5.1174,6.5578,6.8829,nan,6.1141,6.0332,0.2389,-0.0775,1.4696,-0.0094,0.0630,-0.0178,8.4060,-0.0800,3.4287
17.450,61.108,1.0280,-2.0601,-85.813,0.9701,-2.4593,-87.602,0.3939,-0.0869,0.4034,-1.789,0.6804,3.2367,0.508,0.3123,-5.6211,-86.204,6.676,-0.1320,62.395,0.4115,0.0042,0.0707,16.9817,6.6828,6.8829,nan,6.1141,6.1482,0.2435,-0.0698,1.4696,-0.0238,0.0619,-0.0178,8.4060,-0.0800,3.4287
17.500,61.527,1.0557,-2.4773,-86.901,0.9768,-2.8459,-89.500,0.3638,-0.0987,0.3770,-2.599,0.6347,3.2264,1.170,0.3338,-6.0179,-87.974,6.417,-0.4178,62.792,0.3903,0.0100,0.0915,9.1160,6.4795,6.4629,nan,5.7617,5.9001,0.2337,-0.0707,1.4406,-0.0317,0.0491,-0.0441,8.8228,0.0575,-4.9637
17.550,61.880,1.0701,-2.8303,-89.014,1.0356,-3.1939,-91.034,0.3629,-0.0407,0.3652,-2.020,0.6838,3.2475,0.722,0.3396,-6.3564,-90.444,6.215,-0.6836,63.131,0.3743,0.0083,0.0707,8.4724,6.6763,6.9914,nan,5.4841,5.3535,0.2120,-0.0973,1.4170,-0.0029,0.0370,-0.0678,9.1701,-0.0800,-4.4358
17.600,62.216,1.0710,-3.1661,-91.167,1.0624,-3.4834,-92.386,0.3174,-0.0022,0.3174,-1.219,0.7214,3.2715,0.271,0.3331,-6.6759,-92.387,6.002,-0.7188,63.450,0.3570,0.0086,0.0389,4.5166,6.2466,5.8156,nan,5.2725,5.1270,0.2030,-0.1498,1.3936,0.0659,0.0345,-0.0948,9.5175,-0.0617,-4.7785
17.650,62.546,1.0580,-3.4966,-93.991,1.0309,-3.7740,-95.473,0.2786,-0.0077,0.2787,-1.481,0.7284,3.3053,0.166,0.3120,-6.9775,-95.256,5.630,-0.9357,63.753,0.3272,0.0117,0.0491,4.2154,5.8602,5.6170,nan,5.0698,5.0190,0.1988,-0.1987,1.3747,0.1094,0.0383,-0.1163,9.7954,-0.0229,-7.5640
17.700,62.546,1.0580,-3.4966,-93.991,1.0212,-3.7600,-98.368,0.2653,-0.0184,0.2660,-4.377,0.7284,3.3053,0.166,0.3120,-6.9775,-97.940,5.630,-0.9357,63.753,0.3272,0.0117,0.0731,6.2709,5.5259,5.3952,nan,4.9230,4.9716,0.1969,-0.1928,1.3555,0.1039,0.0159,-0.1379,10.0733,0.0232,-6.9648
17.750,62.863,1.0278,-3.8115,-97.942,0.9836,-4.0620,-103.534,0.2542,-0.0092,0.2544,-5.592,0.7361,3.3397,0.138,0.2915,-7.2719,-102.757,5.310,-1.2763,64.048,0.3088,0.0198,0.0962,4.8535,5.2032,5.0950,nan,4.7802,4.9254,0.1951,-0.1838,1.3354,0.1142,-0.0163,-0.1596,10.3511,0.0732,-5.2413
17.800,63.153,0.9786,-4.0976,-102.677,0.9104,-4.3437,-108.938,0.2550,-0.0126,0.2553,-6.261,0.7415,3.3366,0.048,0.2304,-7.5435,-107.975,5.079,-1.5455,64.326,0.2923,0.0341,0.1318,3.8711,4.9933,4.9760,nan,4.7334,4.7432,0.1878,-0.1166,1.3303,0.1000,-0.0759,-0.1651,10.4206,0.0800,-3.7129
17.850,63.433,0.9076,-4.3685,-107.519,0.8447,-4.5912,-112.366,0.2313,0.0070,0.2315,-4.847,0.7666,3.3600,-0.187,0.1477,-7.8055,-111.822,4.937,-1.4383,64.601,0.2816,0.0191,0.0872,4.5566,4.9401,4.9760,nan,4.5497,4.6743,0.1851,-0.0804,1.3089,0.0875,-0.1216,-0.1872,10.6985,0.0658,-3.7129
17.900,63.716,0.8131,-4.6356,-112.067,0.7952,-4.8274,-113.827,0.1844,0.0555,0.1926,-1.760,0.6922,3.3238,0.341,0.0426,-8.0647,-114.344,4.831,-0.9142,64.881,0.2724,0.0297,0.0490,1.6491,4.7762,4.7788,nan,4.4596,4.5937,0.1819,-0.0879,1.2919,0.0911,-0.1368,-0.2040,10.9069,0.0800,-2.4393
17.950,64.006,0.6996,-4.9025,-114.199,0.7364,-5.0974,-114.364,0.1627,0.1135,0.1984,-0.165,0.6545,3.3117,0.583,-0.0630,-8.3252,-115.465,4.687,-0.6164,65.162,0.2671,0.0400,0.0424,1.0615,4.7286,4.7629,nan,4.2824,4.3118,0.1708,-0.1434,1.2680,0.1117,-0.0989,-0.2269,11.1848,0.0161,-2.9728
18.000,64.261,0.5917,-5.1333,-116.191,0.6231,-5.3076,-116.592,0.1426,0.1051,0.1771,-0.401,0.7387,3.3109,-0.090,-0.1728,-8.5484,-117.423,4.578,-0.6705,65.410,0.2593,0.0229,0.0252,1.1027,4.7974,4.8683,nan,4.1079,3.9972,0.1583,-0.2295,1.2416,0.1446,-0.0403,-0.2506,11.4627,-0.0800,-2.6017
18.050,64.507,0.4786,-5.3515,-119.190,0.4877,-5.4919,-120.196,0.1181,0.0764,0.1407,-1.006,0.8822,3.2944,-1.138,-0.2868,-8.7525,-120.635,4.368,-1.0358,65.644,0.2452,0.0295,0.0260,0.8823,4.6252,4.6251,nan,3.9780,3.8584,0.1528,-0.2438,1.2195,0.1171,-0.0276,-0.2692,11.6711,-0.0800,-4.7874
18.100,64.751,0.3530,-5.5609,-123.672,0.3448,-5.6560,-125.262,0.0837,0.0460,0.0955,-1.590,0.8822,3.2944,-1.138,-0.4141,-8.9435,-125.479,4.079,-1.5055,65.874,0.2268,0.0409,0.0448,1.0956,4.2446,4.0629,nan,3.8918,3.9366,0.1559,-0.2276,1.1949,0.0780,-0.0360,-0.2889,11.8795,0.0260,-6.4707
18.150,64.751,0.3530,-5.5609,-123.672,0.3416,-5.6257,-129.625,0.0602,0.0264,0.0658,-5.954,0.8851,3.2816,-1.148,-0.4141,-8.9435,-129.780,4.079,-1.5055,65.874,0.2268,0.0409,0.0935,2.2872,4.2368,4.2720,nan,3.7617,3.7009,0.1466,-0.1863,1.1680,0.0412,-0.0653,-0.3097,12.0879,-0.0352,-5.3213
18.200,64.970,0.2254,-5.7381,-128.434,0.2105,-5.7709,-133.434,0.0349,0.0087,0.0360,-4.999,0.8132,3.2828,-0.669,-0.5451,-9.1087,-133.547,3.893,-1.4151,66.085,0.2144,0.0473,0.0917,1.9408,3.8485,3.6508,nan,3.6744,3.7883,0.1500,-0.1634,1.1403,0.0078,-0.0688,-0.3319,12.2963,0.0800,-1.2308
18.250,65.186,0.0850,-5.9031,-132.831,0.0551,-5.9271,-136.785,0.0379,-0.0056,0.0383,-3.954,0.8443,3.2344,-0.975,-0.6921,-9.2672,-136.796,3.842,-1.1909,66.301,0.2071,0.0284,0.0664,2.3424,3.8943,3.9353,nan,3.6744,3.7962,0.1503,-0.0788,1.1403,-0.0025,-0.1405,-0.3319,12.2963,0.0705,-3.1186
18.300,65.390,-0.0575,-6.0488,-136.194,-0.0990,-6.0430,-139.173,0.0259,-0.0329,0.0419,-2.979,0.8792,3.1885,-1.293,-0.8353,-9.4046,-139.000,3.725,-0.9641,66.499,0.1988,0.0306,0.0711,2.3266,3.9021,3.9353,nan,3.5422,3.5473,0.1405,-0.0735,1.1088,-0.0334,-0.1255,-0.3559,12.5048,0.0030,-3.1186
18.350,65.591,-0.2055,-6.1843,-139.109,-0.2398,-6.2120,-141.299,0.0441,-0.0015,0.0441,-2.190,0.9060,3.1567,-1.452,-0.9871,-9.5360,-141.572,3.706,-0.8933,66.700,0.1943,0.0321,0.0461,1.4343,3.5620,3.4613,nan,3.4085,3.5255,0.1396,-0.1089,1.0720,-0.0598,-0.0858,-0.3817,12.7132,0.0800,-0.4843
18.400,65.805,-0.3694,-6.3222,-140.622,-0.3928,-6.3642,-141.189,0.0447,0.0176,0.0480,-0.567,0.9542,3.1436,-1.800,-1.1448,-9.6690,-141.708,3.568,-0.4725,66.906,0.1902,0.0349,0.0379,1.0855,3.7320,3.8158,nan,3.2743,3.1907,0.1264,-0.1975,1.0299,-0.0348,-0.0401,-0.4101,12.9216,-0.0484,-1.2768
18.450,66.010,-0.5298,-6.4496,-142.588,-0.5705,-6.4832,-143.521,0.0527,0.0020,0.0527,-0.933,0.9750,3.1218,-2.019,-1.3044,-9.7911,-143.664,3.486,-0.6513,67.107,0.1850,0.0280,0.0293,1.0478,3.5629,3.5616,nan,3.1400,3.0764,0.1218,-0.3526,0.9916,-0.0143,0.0543,-0.4420,13.1300,-0.0368,-1.8182
18.500,66.204,-0.6869,-6.5639,-145.808,-0.7529,-6.5748,-148.104,0.0607,-0.0281,0.0669,-2.296,1.0890,3.1012,-2.720,-1.4559,-9.8940,-147.451,3.244,-1.0772,67.290,0.1747,0.0259,0.0424,1.6348,3.3124,3.2786,nan,3.0485,3.0981,0.1227,-0.4358,0.9916,-0.0193,0.1047,-0.4785,13.3384,0.0287,-6.0306
18.550,66.368,-0.8250,-6.6517,-150.204,-0.9089,-6.6504,-153.720,0.0722,-0.0429,0.0839,-3.516,1.1042,3.1070,-2.814,-1.5938,-9.9730,-152.577,3.070,-1.7676,67.449,0.1660,0.0238,0.0458,1.9272,3.4416,3.5025,nan,2.9061,2.8056,0.1111,-0.4844,0.9916,-0.0208,0.1237,-0.5208,13.5468,-0.0800,-4.5171
18.600,66.528,-0.9675,-6.7249,-156.134,-0.9759,-6.7015,-158.632,-0.0018,-0.0248,0.0249,-2.498,1.1042,3.1070,-2.814,-1.6646,-10.0135,-157.647,2.976,-2.0457,67.610,0.1663,0.0224,0.0355,1.5877,3.1030,2.9909,nan,2.8091,2.8200,0.1117,-0.5193,0.9916,-0.0015,0.0961,-0.5521,13.6858,0.0063,-2.5736
18.650,66.528,-0.9675,-6.7249,-156.134,-1.0463,-6.7507,-165.168,0.0825,-0.0083,0.0829,-9.034,1.1700,3.0956,-3.209,-1.7373,-10.0457,-164.430,2.976,-2.0457,67.687,0.1653,0.0224,0.0328,1.4672,3.0312,3.0451,nan,2.7113,2.7010,0.1070,-0.5562,0.9916,0.0383,0.1137,-0.6017,13.8942,-0.0059,-5.7188
18.700,66.682,-1.1117,-6.7801,-162.649,-1.2107,-6.8271,-171.844,0.1085,0.0154,0.1096,-9.195,1.2422,3.0888,-3.644,-1.8809,-10.0905,-170.828,2.775,-2.1454,67.761,0.1553,0.0202,0.0331,1.6367,2.8088,2.7820,nan,2.6147,2.6986,0.1069,-0.6033,0.9575,0.0742,0.0939,-0.6399,14.0331,0.0486,-2.8261
18.750,66.832,-1.2571,-6.8166,-169.627,-1.3791,-6.8811,-178.039,0.1316,0.0415,0.1380,-8.412,1.0707,3.1318,-2.619,-2.0306,-10.1180,-176.746,2.687,-2.2169,67.913,0.1456,0.0225,0.0191,0.8468,2.7660,2.7820,nan,2.6147,2.7312,0.1082,-0.5326,0.9429,0.1039,-0.0183,-0.6399,14.0331,0.0674,-2.8261
18.800,66.987,-1.4107,-6.8349,-177.302,-1.5371,-6.9085,174.918,0.1297,0.0676,0.1463,-7.780,1.0158,3.1479,-2.292,-2.1873,-10.1253,176.361,2.578,-2.2901,68.070,0.1343,0.0189,0.0245,1.2962,2.5488,2.5214,nan,2.5674,2.5815,0.1022,-0.5994,0.8688,0.1429,-0.0349,-0.6842,14.1720,0.0082,-3.4589
18.850,67.132,-1.5557,-6.8325,174.979,-1.6968,-6.8908,167.160,0.1355,0.0704,0.1527,-7.819,1.0678,3.1435,-2.531,-2.3370,-10.1122,168.893,2.516,-2.3909,68.220,0.1229,0.0170,0.0333,1.9626,2.6681,2.7171,nan,2.5875,2.6966,0.1068,-0.6092,0.9095,0.1701,-0.0605,-0.7350,14.3110,0.0800,-2.0277
18.900,67.270,-1.6922,-6.8117,167.431,-1.8478,-6.8620,160.332,0.1409,0.0830,0.1635,-7.099,1.0104,3.1675,-2.173,-2.4754,-10.0813,162.271,2.438,-2.3369,68.362,0.1126,0.0157,0.0469,2.9983,2.7434,2.7805,nan,2.6539,2.7857,0.1103,-0.5628,0.9352,0.1711,-0.0907,-0.7940,14.4499,0.0800,-3.1614
18.950,67.410,-1.8262,-6.7726,159.700,-1.9970,-6.8004,153.324,0.1506,0.0853,0.1731,-6.376,0.9228,3.1950,-1.668,-2.6164,-10.0292,155.717,2.474,-2.2531,68.512,0.0988,0.0142,0.0515,3.6324,2.5590,2.5437,nan,2.6858,2.7822,0.1102,-0.5801,0.8723,0.1816,-0.0941,-0.8604,14.5889,0.0558,-0.4586
19.000,67.553,-1.9570,-6.7148,152.352,-2.1381,-6.7182,146.264,0.1588,0.0871,0.1811,-6.088,1.0521,3.1649,-2.475,-2.7568,-9.9668,149.029,2.533,-2.2840,68.666,0.0937,0.0122,0.0596,4.9030,2.5759,2.5993,nan,2.7760,2.8700,0.1137,-0.5584,0.8974,0.1711,-0.0946,-0.8638,14.7278,0.0544,1.5247
19.050,67.695,-2.0786,-6.6411,144.865,-2.1394,-6.7077,139.505,0.0114,0.0895,0.0902,-5.360,1.0521,3.1649,-2.475,-2.7568,-9.9668,142.489,2.557,-2.2962,68.818,0.2073,0.0107,0.0317,2.9546,2.7188,2.7768,nan,2.8270,2.7665,0.1096,-0.5131,0.9647,0.1639,-0.0986,-0.8210,14.8667,-0.0350,-0.4641
19.100,67.695,-2.0786,-6.6411,144.865,-2.2602,-6.5999,132.521,0.1722,0.0708,0.1862,-12.345,1.1288,3.1503,-2.855,-2.8811,-9.8794,135.891,2.557,-2.2962,68.818,0.0800,0.0107,0.0461,4.2978,2.6458,2.6564,nan,2.8666,2.8949,0.1146,-0.4802,0.9542,0.1451,-0.1066,-0.7838,15.0057,0.0164,1.1549
19.150,67.835,-2.1881,-6.5540,137.775,-2.3660,-6.4848,126.541,0.1782,0.0683,0.1908,-11.234,1.2138,3.1272,-3.302,-2.9927,-9.7781,129.920,2.621,-2.1566,68.969,0.0660,0.0106,0.0490,4.6406,2.7230,2.7603,nan,2.9399,2.9789,0.1180,-0.4299,1.0008,0.1209,-0.0648,-0.7410,15.2141,0.0225,0.0522
19.200,67.981,-2.2909,-6.4493,131.000,-2.4604,-6.3802,121.760,0.1633,0.0825,0.1830,-9.240,1.2217,3.1231,-3.262,-3.0927,-9.6630,124.352,2.635,-2.0148,69.121,0.0555,0.0157,0.0603,3.8516,2.7095,2.7292,nan,2.9399,2.9892,0.1184,-0.3164,0.9958,0.1209,-0.1685,-0.7410,15.2141,0.0285,1.4483
19.250,68.142,-2.3889,-6.3223,124.091,-2.5503,-6.2392,116.592,0.1593,0.0871,0.1815,-7.499,1.1996,3.1330,-3.090,-3.1879,-9.5224,118.900,2.717,-1.8568,69.291,0.0418,0.0168,0.0833,4.9713,2.7078,2.7292,nan,2.9649,3.0428,0.1205,-0.3142,0.9997,0.1153,-0.2012,-0.7309,15.2836,0.0451,1.4483
19.300,68.299,-2.4703,-6.1877,118.030,-2.6103,-6.0809,111.590,0.1600,0.0734,0.1760,-6.441,1.2303,3.1198,-3.231,-3.2656,-9.3764,114.092,2.802,-1.6743,69.457,0.0309,0.0235,0.0940,4.0009,2.8356,2.8893,nan,3.0340,3.0885,0.1223,-0.3045,1.0624,0.0985,-0.1414,-0.6985,15.4920,0.0315,1.9416
19.350,68.460,-2.5400,-6.0432,113.489,-2.6688,-5.9235,108.733,0.1611,0.0704,0.1758,-4.756,1.0552,3.1803,-2.133,-3.3320,-9.2237,110.987,2.908,-1.3828,69.623,0.0237,0.0287,0.1091,3.8027,2.8356,2.8584,nan,3.0709,3.1306,0.1240,-0.2849,1.0759,0.0677,-0.1316,-0.6709,15.6309,0.0346,3.2038
19.400,68.630,-2.6018,-5.8844,108.880,-2.7249,-5.7594,104.959,0.1581,0.0760,0.1755,-3.921,1.0096,3.1893,-1.808,-3.3885,-9.0585,106.804,2.964,-1.3258,69.798,0.0209,0.0374,0.1318,3.5265,2.7870,2.8024,nan,3.1305,3.2645,0.1293,-0.3204,1.0684,0.0557,-0.0856,-0.6489,15.7699,0.0800,1.1558
19.450,68.791,-2.6488,-5.7299,104.761,-2.7624,-5.5877,100.951,0.1664,0.0736,0.1820,-3.809,1.0096,3.1893,-1.808,-3.4307,-8.8985,103.058,3.014,-1.3872,69.963,0.0212,0.0475,0.1506,3.1712,3.0551,3.2215,nan,3.2821,3.3482,0.1326,-0.3365,1.1280,0.0568,-0.0179,-0.6245,15.9783,0.0383,1.1828
19.500,68.791,-2.6488,-5.7299,104.761,-2.7515,-5.5725,96.443,0.1783,0.0592,0.1879,-8.318,0.9802,3.1981,-1.609,-3.4307,-8.8985,99.082,3.014,-1.3872,69.963,0.0212,0.0475,0.1208,2.5445,2.9514,2.9593,nan,3.3238,3.4177,0.1354,-0.3328,1.1450,0.0514,-0.0070,-0.5932,16.1172,0.0800,1.3446
19.550,68.962,-2.6858,-5.5629,99.881,-2.7566,-5.3874,90.985,0.1850,0.0397,0.1892,-8.895,0.8600,3.2248,-0.781,-3.4612,-8.7233,93.983,3.090,-1.5602,70.141,0.0251,0.0568,0.1237,2.1792,3.1266,3.2051,nan,3.5001,3.5968,0.1424,-0.3046,1.1811,0.0378,0.0198,-0.5293,16.3256,0.0560,1.2573
19.600,69.144,-2.7090,-5.3827,94.405,-2.7446,-5.1941,85.622,0.1908,0.0210,0.1919,-8.783,0.8032,3.2468,-0.422,-3.4758,-8.5341,88.915,3.172,-1.6577,70.331,0.0343,0.0524,0.1066,2.0326,3.2164,3.2620,nan,3.5001,3.5286,0.1397,-0.2088,1.1811,0.0201,-0.0647,-0.5293,16.3256,0.0165,1.2993
19.650,69.311,-2.7152,-5.2161,89.440,-2.7222,-5.0269,81.281,0.1891,0.0088,0.1893,-8.159,0.8129,3.2482,-0.496,-3.4741,-8.3610,84.524,3.236,-1.6176,70.504,0.0436,0.0554,0.1027,1.8545,3.2331,3.2620,nan,3.6402,3.7282,0.1477,-0.1715,1.2167,0.0056,-0.0537,-0.4701,16.5340,0.0510,1.2993
19.700,69.509,-2.7045,-5.0178,84.091,-2.6873,-4.8212,77.641,0.1973,0.0031,0.1974,-6.450,0.8490,3.2460,-0.733,-3.4525,-8.1522,80.738,3.382,-1.2676,70.714,0.0576,0.0617,0.1133,1.8366,3.1457,3.1581,nan,3.7368,3.7801,0.1497,-0.1420,1.2399,-0.0031,-0.0658,-0.4335,16.6730,0.0800,3.2113
19.750,69.707,-2.6788,-4.8215,81.009,-2.6344,-4.6219,75.991,0.2041,-0.0126,0.2045,-5.017,0.8112,3.2680,-0.463,-3.4201,-7.9478,79.198,3.539,-0.8443,70.921,0.0672,0.0708,0.1219,1.7206,3.4392,3.6917,nan,3.8863,3.9637,0.1570,-0.1309,1.2743,-0.0081,-0.0418,-0.3815,16.8814,0.0448,4.0566
19.800,69.909,-2.6432,-4.6235,78.468,-2.5996,-4.4300,74.509,0.1983,-0.0040,0.1983,-3.959,0.9091,3.2291,-1.164,-3.3787,-7.7448,77.007,3.630,-0.7827,71.128,0.0747,0.0569,0.1086,1.9096,3.4923,3.5311,nan,4.0407,4.1726,0.1653,-0.1399,1.3088,-0.0150,0.0078,-0.3320,17.0898,0.0764,2.5747
19.850,70.116,-2.5977,-4.4209,76.048,-2.5513,-4.2313,72.805,0.1952,0.0006,0.1952,-3.242,0.8547,3.2430,-0.779,-3.3264,-7.5343,74.757,3.776,-0.8124,71.345,0.0846,0.0588,0.1118,1.9019,3.6773,3.7698,nan,4.2531,4.3831,0.1736,-0.1626,1.3440,0.0137,0.0504,-0.2843,17.2982,0.0737,2.0467
19.900,70.341,-2.5388,-4.2045,73.252,-2.5226,-4.1242,70.697,0.0816,0.0076,0.0820,-2.554,0.8547,3.2430,-0.779,-3.2979,-7.4196,72.411,3.939,-0.9112,71.580,0.0702,0.0616,0.0850,1.3806,3.8591,3.9519,nan,4.4158,4.5079,0.1785,-0.1643,1.3804,0.0323,0.0726,-0.2374,17.5066,0.0497,3.8442
19.950,70.558,-2.4710,-3.9976,70.113,-2.4935,-4.0230,68.269,-0.0315,0.0125,0.0339,-1.843,0.8680,3.2428,-0.852,-3.2641,-7.3071,69.576,4.109,-1.0441,71.811,0.1514,0.1151,0.1159,1.0068,4.0203,4.1036,nan,4.6330,4.7447,0.1879,-0.1479,1.4184,0.0579,0.0751,-0.1910,17.7151,0.0577,3.6990
20.000,70.558,-2.4710,-3.9976,70.113,-2.4251,-3.8208,65.414,0.1819,0.0170,0.1827,-4.698,0.9583,3.2032,-1.515,-3.1855,-7.0901,66.104,4.109,-1.0441,71.811,0.1082,0.0586,0.1114,1.9015,4.2190,4.3356,nan,4.7923,4.8522,0.1922,-0.1227,1.4021,0.0788,0.0638,-0.1449,17.9235,0.0294,3.4217
20.050,70.789,-2.3871,-3.7830,66.760,-2.3370,-3.5967,62.729,0.1909,0.0275,0.1929,-4.031,0.9996,3.1838,-1.847,-3.0898,-6.8672,63.161,4.260,-1.0197,72.054,0.1226,0.0557,0.1114,1.9980,4.3163,4.3822,nan,4.9433,5.0255,0.1990,-0.1058,1.3646,0.1011,0.0462,-0.0988,18.1319,0.0393,4.3514
20.100,71.015,-2.2930,-3.5771,63.780,-2.2282,-3.3776,59.886,0.2076,0.0301,0.2098,-3.893,1.0670,3.1491,-2.399,-2.9839,-6.6520,60.386,4.426,-1.0144,72.294,0.1377,0.0455,0.0842,1.8502,4.4255,4.5002,nan,4.9433,4.9425,0.1957,-0.0680,1.3646,0.1093,-0.0017,-0.0988,18.1319,-0.0004,2.1335
20.150,71.281,-2.1699,-3.3411,60.859,-2.0814,-3.1259,57.960,0.2311,0.0275,0.2327,-2.900,1.0199,3.1676,-2.037,-2.8478,-6.4080,58.672,4.586,-0.7828,72.573,0.1529,0.0391,0.0811,2.0751,4.4526,4.5002,nan,4.7791,4.6176,0.1829,-0.0146,1.3169,0.1172,-0.0328,-0.0371,18.4098,-0.0749,2.1335
20.200,71.281,-2.1699,-3.3411,60.859,-2.0865,-3.1187,55.906,0.2348,0.0355,0.2375,-4.953,1.0199,3.1676,-2.037,-2.8478,-6.4080,56.433,4.586,-0.7828,72.573,0.1529,0.0391,0.0955,2.4444,4.5909,4.6873,nan,4.5090,4.4468,0.1761,0.0542,1.2678,0.1119,-0.0617,0.0247,18.6877,-0.0314,3.6505
20.250,71.811,-1.8973,-2.8864,58.256,-1.7868,-2.6694,57.188,0.2427,0.0202,0.2435,-1.068,1.0199,3.1676,-2.037,-2.5669,-5.9539,58.117,4.602,-0.1034,73.107,0.1592,0.0279,0.0699,2.5003,4.6314,4.6873,nan,4.5090,4.4160,0.1749,0.0743,1.2678,0.1210,-0.0899,0.0247,18.6877,-0.0465,3.6505
20.300,71.811,-1.8973,-2.8864,58.256,-1.7868,-2.6739,56.880,0.2389,0.0178,0.2396,-1.376,1.0787,3.1443,-2.499,-2.5669,-5.9539,57.821,4.602,-0.1034,73.107,0.1592,0.0279,0.0716,2.5605,4.3269,4.2586,nan,4.1012,3.9468,0.1563,0.2179,1.2678,0.0603,-0.1187,0.1487,19.2434,0.0800,-1.0392
20.350,72.141,-1.7229,-2.6071,57.849,-1.6127,-2.4004,57.172,0.2337,0.0167,0.2343,-0.677,1.0949,3.1547,-2.540,-2.3933,-5.6778,57.985,4.539,0.0370,73.433,0.1568,0.0216,0.0651,3.0190,4.4949,5.5248,nan,3.9167,3.9374,0.1559,0.3338,1.2678,0.0184,-0.1681,0.2106,19.5213,0.0120,-2.6900
20.400,72.400,-1.5868,-2.3863,59.378,-1.4682,-2.1888,60.158,0.2303,-0.0015,0.2303,0.779,1.0505,3.2191,-1.983,-2.2652,-5.4614,61.251,4.405,0.5737,73.685,0.1476,0.0226,0.0373,1.6516,4.7337,4.9405,nan,3.9167,3.7981,0.1504,0.3316,1.2678,0.0189,-0.1655,0.2106,19.5213,-0.0800,-2.6900
20.450,72.625,-1.4758,-2.1909,62.520,-1.3466,-2.0162,64.981,0.2146,-0.0340,0.2173,2.461,0.9358,3.2815,-0.927,-2.1693,-5.2769,66.590,4.104,1.4001,73.893,0.1291,0.0194,0.0433,2.2337,4.4393,4.3749,nan,3.9569,3.9729,0.1573,0.3852,1.2678,-0.0440,-0.1771,0.2731,19.7992,0.0092,-6.9996
20.500,72.853,-1.3781,-1.9850,67.790,-1.2444,-1.8202,70.562,0.2032,-0.0615,0.2123,2.772,0.8799,3.3186,-0.338,-2.0853,-5.0713,72.516,3.916,1.7941,74.115,0.1178,0.0201,0.0568,2.8181,4.0330,3.7110,nan,4.0076,3.9388,0.1560,0.4038,1.2678,-0.1035,-0.1455,0.3209,20.0076,0.0800,-4.5961
20.550,73.069,-1.3050,-1.7809,73.801,-1.1612,-1.6230,75.718,0.1918,-0.0940,0.2136,1.917,0.8173,3.3524,0.318,-2.0244,-4.8616,78.074,3.837,1.9462,74.333,0.1122,0.0256,0.0879,3.4372,4.0163,4.0465,nan,4.0978,4.1598,0.1647,0.4003,1.2678,-0.1565,-0.1169,0.3691,20.2160,0.0357,-2.4698
20.600,73.298,-1.2528,-1.5587,80.654,-1.1292,-1.3904,82.079,0.1861,-0.0946,0.2088,1.424,0.8257,3.3209,0.108,-1.9865,-4.6314,84.131,3.791,2.0623,74.566,0.1085,0.0120,0.0752,6.2650,3.7964,3.7817,nan,4.1647,4.2450,0.1681,0.3878,1.2858,-0.1973,-0.1009,0.3647,20.4244,0.0800,-1.7994
20.650,73.516,-1.2286,-1.3421,87.585,-1.1029,-1.1611,88.265,0.1862,-0.1180,0.2204,0.679,0.8257,3.3209,0.108,-1.9767,-4.3994,90.477,3.854,2.1692,74.799,0.1137,0.0196,0.0959,4.8850,3.9053,3.9642,nan,4.2724,4.3856,0.1737,0.3531,1.3092,-0.2100,-0.0625,0.3315,20.6328,0.0636,0.8586
20.700,73.725,-1.2305,-1.1324,94.436,-1.1013,-0.9393,94.755,0.1825,-0.1437,0.2323,0.319,0.7489,3.3358,0.889,-1.9941,-4.1758,97.152,3.915,2.2066,75.023,0.1206,0.0271,0.1127,4.1600,4.0564,4.1354,nan,4.4270,4.5027,0.1783,0.2991,1.3321,-0.2319,-0.0197,0.3002,20.8412,0.0405,0.7316
20.750,73.935,-1.2571,-0.9240,101.067,-1.0906,-0.9361,100.961,-0.0438,-0.1611,0.1670,-0.106,0.7350,3.3151,0.907,-1.9941,-4.1758,103.476,4.019,1.9945,75.250,0.1130,0.0323,0.0875,2.7063,4.2346,4.3371,nan,4.5495,4.5532,0.1803,0.2440,1.3548,-0.2421,0.0348,0.2701,21.0497,0.0019,1.8085
20.800,73.935,-1.2571,-0.9240,101.067,-1.1176,-0.6938,106.501,0.1992,-0.1811,0.2692,5.433,0.7717,3.2678,0.432,-2.0377,-3.9527,108.911,4.019,1.9945,75.250,0.1311,0.0323,0.1097,3.3958,4.2546,4.2960,nan,4.6765,4.7363,0.1876,0.1777,1.3777,-0.2415,0.0832,0.2409,21.2581,0.0301,3.0285
20.850,74.152,-1.3080,-0.7136,106.854,-1.1875,-0.4340,111.247,0.2326,-0.1963,0.3044,4.393,0.7851,3.2536,0.246,-2.1050,-3.7305,113.115,4.139,1.7647,75.482,0.1414,0.0347,0.1253,3.6078,4.0934,4.0973,nan,4.8070,4.8235,0.1910,0.1182,1.4008,-0.2242,0.1222,0.2122,21.4665,0.0800,2.9725
20.900,74.383,-1.3837,-0.4951,111.876,-1.3164,-0.1863,115.542,0.2615,-0.1775,0.3161,3.666,0.7541,3.2290,0.718,-2.1961,-3.5037,116.474,4.265,1.3643,75.727,0.1502,0.0019,0.1182,60.8337,4.3589,4.5845,nan,4.8510,4.9347,0.1954,0.0332,1.4086,-0.2114,0.2072,0.2027,21.5359,0.0408,4.0675
20.950,74.627,-1.4817,-0.2714,115.735,-1.4457,0.0605,118.228,0.2833,-0.1765,0.3338,2.493,0.7304,3.2149,1.132,-2.3085,-3.2705,118.624,4.438,0.9874,75.986,0.1614,0.0072,0.1134,15.7905,4.4944,4.5845,nan,5.0742,5.1976,0.2058,-0.0488,1.4405,-0.1409,0.2253,0.1653,21.8138,0.0582,4.0675
21.000,74.880,-1.5963,-0.0462,118.365,-1.5941,0.3001,120.363,0.3036,-0.1665,0.3463,1.998,0.6796,3.2512,1.753,-2.4343,-3.0375,120.189,4.582,0.6664,76.250,0.1712,0.0110,0.0989,8.9575,4.4640,4.4983,nan,5.2083,5.2980,0.2098,-0.1080,1.4651,-0.0768,0.2371,0.1374,22.0222,0.0800,3.3558
21.050,75.129,-1.7162,0.1722,118.270,-1.7294,0.5224,117.355,0.3147,-0.1543,0.3504,-0.916,0.6885,3.2467,1.579,-2.5610,-2.8018,117.169,4.799,-0.4294,76.518,0.1896,0.0043,0.0965,22.2566,4.7210,4.9662,nan,5.3836,5.5303,0.2190,-0.1725,1.4884,-0.0019,0.2382,0.1005,22.3001,0.0654,5.2432
21.100,75.378,-1.8315,0.3928,116.100,-1.8673,0.7397,114.487,0.3273,-0.1205,0.3488,-1.613,0.6695,3.2519,1.935,-2.6769,-2.5654,113.987,4.948,-0.8411,76.781,0.2051,0.0041,0.0882,21.4443,4.9011,5.0456,nan,5.5894,5.7394,0.2273,-0.1576,1.4548,0.0553,0.1493,0.0635,22.5780,0.0644,3.6798
21.150,75.635,-1.9398,0.6255,112.823,-2.0041,0.9714,110.652,0.3438,-0.0749,0.3519,-2.171,0.6496,3.2721,2.169,-2.7835,-2.3121,109.755,5.104,-1.2866,77.056,0.2249,0.0088,0.0812,9.2156,5.0482,5.1737,nan,5.4859,5.4373,0.2153,-0.1682,1.4225,0.1223,0.0857,0.0265,22.8559,-0.0203,2.9078
21.200,75.931,-2.0468,0.9022,108.643,-2.1207,1.2446,106.721,0.3481,-0.0394,0.3503,-1.923,0.6924,3.2236,1.229,-2.8957,-2.0156,106.001,5.283,-1.3080,77.373,0.2453,0.0019,0.0640,32.9358,5.1525,5.2545,nan,5.2853,5.1998,0.2059,-0.1488,1.3989,0.1701,0.0093,-0.0012,23.0643,-0.0800,3.9534
21.250,76.200,-2.1256,1.1591,104.638,-2.1769,1.4913,102.550,0.3344,-0.0343,0.3361,-2.088,0.7452,3.1445,0.437,-2.9644,-1.7527,102.177,5.261,-1.3430,77.645,0.2494,0.0030,0.0702,23.7220,5.3817,5.6341,nan,4.9029,4.9512,0.1961,-0.1345,1.3606,0.1843,-0.0528,-0.0473,23.4117,-0.0800,-0.5349
21.300,76.491,-2.1912,1.4429,100.750,-2.2302,1.7586,99.347,0.3175,-0.0205,0.3182,-1.404,0.7500,3.1305,0.528,-3.0177,-1.4716,99.001,5.148,-1.1060,77.931,0.2452,0.0071,0.0644,9.0766,5.1406,5.1043,nan,4.7814,4.6680,0.1849,-0.0873,1.3378,0.1601,-0.1121,-0.0750,23.6201,0.0800,-0.1062
21.350,76.755,-2.2343,1.7025,97.586,-2.2837,1.9659,97.024,0.2676,0.0142,0.2680,-0.562,0.7509,3.1356,0.412,-3.0512,-1.2200,96.249,4.988,-0.8850,78.185,0.2364,0.0087,0.0437,5.0428,5.1867,5.2605,nan,4.5479,4.6340,0.1835,-0.0717,1.3074,0.1380,-0.1376,-0.1119,23.8980,0.0450,-3.9852
21.400,77.013,-2.2644,1.9592,95.551,-2.3249,2.1782,95.893,0.2239,0.0390,0.2272,0.341,0.7542,3.1337,0.030,-3.0749,-0.9761,94.758,4.788,-0.5865,78.430,0.2232,0.0098,0.0457,4.6600,4.9692,4.9479,nan,4.3807,4.4662,0.1769,-0.0732,1.2842,0.1306,-0.1500,-0.1397,24.1064,0.0464,-4.6584
21.450,77.268,-2.2859,2.2132,93.909,-2.3619,2.1813,94.800,-0.0266,0.0780,0.0824,0.891,0.7542,3.1337,0.030,-3.0749,-0.9761,93.081,4.659,-0.5225,78.677,0.0330,0.0116,0.0614,5.3143,4.6971,4.6455,nan,4.2727,4.3701,0.1731,-0.1018,1.2603,0.1215,-0.1339,-0.1676,24.3148,0.0800,-2.9478
21.500,77.268,-2.2859,2.2132,93.909,-2.3827,2.4317,93.452,0.2246,0.0817,0.2390,-0.456,0.7561,3.1286,0.321,-3.0918,-0.7296,91.854,4.659,-0.5225,78.677,0.2156,0.0116,0.0544,4.7104,4.5005,4.4916,nan,4.0645,4.1798,0.1655,-0.1541,1.2269,0.1241,-0.0977,-0.2051,24.5927,0.0668,-3.6717
21.550,77.524,-2.3001,2.4692,92.226,-2.4117,2.6663,91.836,0.2013,0.1039,0.2266,-0.390,0.7594,3.1160,0.568,-3.1014,-0.4830,89.948,4.505,-0.6339,78.924,0.2061,0.0147,0.0665,4.5198,4.3918,4.4091,nan,3.9639,4.0525,0.1605,-0.1781,1.2002,0.0967,-0.0829,-0.2336,24.8011,0.0512,-3.3252
21.600,77.773,-2.3056,2.7175,89.950,-2.4370,2.9113,89.465,0.1937,0.1315,0.2341,-0.486,0.7689,3.0838,-0.240,-3.1012,-0.2423,87.337,4.368,-0.8070,79.165,0.1986,0.0042,0.0967,22.7751,4.3737,4.4091,nan,3.9639,4.0662,0.1610,-0.1617,1.2002,0.1135,-0.1086,-0.2336,24.8011,0.0592,-3.3252
21.650,78.021,-2.2994,2.9655,86.579,-2.4052,3.1535,84.893,0.1813,0.1168,0.2157,-1.686,0.7727,3.0820,-0.073,-3.0869,-0.0033,83.405,4.195,-1.1253,79.404,0.1899,0.0063,0.0615,9.7131,4.2785,4.2981,nan,3.7689,3.7555,0.1487,-0.2001,1.1661,0.1126,-0.0822,-0.2725,25.0790,-0.0078,-4.0150
21.700,78.251,-2.2793,3.1949,82.915,-2.3357,3.3524,80.715,0.1493,0.0754,0.1673,-2.200,0.7702,3.0881,0.098,-3.0594,0.2180,79.993,4.041,-1.1552,79.627,0.1826,0.0110,0.0294,2.6813,4.1576,4.1711,nan,3.6275,3.5720,0.1415,-0.1636,1.1404,0.0614,-0.1086,-0.3027,25.2874,-0.0321,-4.0579
21.750,78.471,-2.2458,3.4118,79.055,-2.2754,3.5332,77.403,0.1136,0.0521,0.1250,-1.652,0.7731,3.0966,0.415,-3.0198,0.4225,76.914,3.818,-1.0182,79.835,0.1710,0.0164,0.0324,1.9777,4.0421,4.0562,nan,3.4904,3.3947,0.1344,-0.1065,1.1100,-0.0064,-0.1151,-0.3341,25.4958,-0.0554,-5.5098
21.800,78.660,-2.2057,3.5970,76.273,-2.2314,3.7064,74.832,0.1001,0.0509,0.1123,-1.441,0.7780,3.0844,-0.097,-2.9771,0.5975,74.364,3.635,-0.9271,80.015,0.1614,0.0078,0.0370,4.7179,3.7061,3.6136,nan,3.4458,3.5572,0.1409,-0.1129,1.0855,-0.0410,-0.1206,-0.3559,25.6347,0.0645,-4.9683
21.850,78.858,-2.1555,3.7886,74.320,-2.1766,3.9025,73.515,0.1040,0.0511,0.1159,-0.805,0.7871,3.1129,0.218,-2.9260,0.7795,73.288,3.465,-0.6011,80.204,0.1521,0.0178,0.0562,3.1491,3.5496,3.5515,nan,3.3167,3.4290,0.1358,-0.1384,1.0550,-0.0562,-0.0877,-0.3902,25.8431,0.0650,-2.5851
21.900,79.053,-2.1000,3.9749,72.364,-2.1145,4.0893,71.561,0.1047,0.0485,0.1153,-0.802,0.7986,3.1372,1.297,-2.8669,0.9653,71.411,3.463,-0.7063,80.399,0.1524,0.0283,0.0717,2.5305,3.3821,3.3798,nan,3.2364,3.3466,0.1325,-0.2312,1.0363,-0.0649,-0.0232,-0.4273,26.0515,0.0800,0.1488
21.950,79.241,-2.0395,4.1536,70.023,-2.1164,4.0699,69.783,-0.1050,0.0437,0.1137,-0.240,0.7986,3.1372,1.297,-2.8669,0.9653,69.384,3.394,-0.8427,80.585,0.0404,0.0317,0.0295,0.9313,3.4283,3.4649,nan,3.1101,3.1184,0.1235,-0.3207,1.0117,-0.0650,0.0371,-0.4678,26.2600,0.0048,-1.9111
22.000,79.241,-2.0395,4.1536,70.023,-2.0499,4.2296,67.107,0.0678,0.0358,0.0767,-2.916,0.7962,3.1368,1.538,-2.8035,1.1399,66.710,3.394,-0.8427,80.585,0.1491,0.0317,0.0496,1.5635,3.3571,3.3738,nan,3.0238,3.0052,0.1190,-0.3971,1.0117,-0.0597,0.0671,-0.4972,26.3989,-0.0108,-2.3266
22.050,79.425,-1.9720,4.3248,66.378,-1.9565,4.4000,61.772,0.0751,0.0160,0.0768,-4.607,0.8022,3.1715,2.042,-2.7309,1.3058,61.995,3.298,-1.2549,80.766,0.1453,0.0341,0.0482,1.4138,3.1564,3.1414,nan,2.8965,2.9166,0.1155,-0.4560,1.0117,-0.0561,0.1058,-0.5415,26.6073,0.0116,-4.6814
22.100,79.598,-1.8973,4.4805,61.685,-1.8768,4.5389,56.332,0.0612,0.0097,0.0619,-5.353,0.8114,3.1812,1.894,-2.6514,1.4533,56.409,3.127,-1.5729,80.934,0.1391,0.0176,0.0247,1.4048,3.1721,3.2003,nan,2.8965,2.9046,0.1150,-0.3777,1.0117,-0.0700,0.0358,-0.5415,26.6073,0.0047,-2.1923
22.150,79.768,-1.8103,4.6263,55.956,-1.7900,4.6750,50.552,0.0518,0.0104,0.0528,-5.404,0.8185,3.1889,1.768,-2.5583,1.5911,50.475,2.959,-1.8869,81.100,0.1338,0.0205,0.0256,1.2523,3.1743,3.2003,nan,2.7994,2.7333,0.1082,-0.4089,1.0117,-0.0566,0.0551,-0.5851,26.8157,-0.0383,-2.1923
22.200,79.932,-1.7112,4.7577,49.387,-1.6892,4.7957,44.976,0.0431,0.0080,0.0439,-4.412,0.8244,3.1970,1.741,-2.4516,1.7156,44.638,2.837,-1.8694,81.264,0.1308,0.0218,0.0269,1.2325,2.9156,2.8727,nan,2.7749,2.8826,0.1142,-0.4511,1.0117,-0.0363,0.0349,-0.6191,26.9547,0.0624,-3.6369
22.250,80.103,-1.5936,4.8809,43.090,-1.5543,4.9159,39.629,0.0527,-0.0013,0.0527,-3.461,0.8347,3.2102,1.721,-2.3291,1.8301,39.575,2.694,-1.7886,81.432,0.1256,0.0153,0.0204,1.3357,2.8937,2.9137,nan,2.7279,2.8045,0.1111,-0.4875,1.0063,-0.0216,0.0268,-0.6589,27.0936,0.0443,-3.7833
22.300,80.238,-1.4910,4.9687,37.631,-1.4376,5.0143,33.868,0.0701,0.0035,0.0702,-3.763,0.8366,3.2088,1.593,-2.2179,1.9159,33.767,2.713,-1.9250,81.572,0.1286,0.0151,0.0278,1.8387,2.7831,2.7882,nan,2.6292,2.6501,0.1050,-0.5485,0.9678,-0.0107,0.0764,-0.7352,27.3020,0.0121,-0.1421
22.350,80.385,-1.3695,5.0527,31.218,-1.3230,5.0909,28.820,0.0595,0.0085,0.0601,-2.398,0.8348,3.1967,1.177,-2.0893,1.9938,28.047,2.657,-2.0699,81.723,0.1280,0.0177,0.0325,1.8332,2.8225,2.8523,nan,2.6535,2.6257,0.1040,-0.5829,0.9816,0.0169,0.0814,-0.7710,27.4410,-0.0161,-0.1858
22.400,80.546,-1.2275,5.1269,23.483,-1.3397,5.0794,23.510,-0.1218,0.0011,0.1218,0.026,0.8348,3.1967,1.177,-2.0893,1.9938,22.113,2.535,-2.2227,81.884,0.0664,0.0216,0.0356,1.6458,2.6067,2.5805,nan,2.7166,2.8000,0.1109,-0.6162,0.9065,0.0348,0.1026,-0.7939,27.5799,0.0483,-3.5269
22.450,80.546,-1.2275,5.1269,23.483,-1.2030,5.1475,16.499,0.0307,0.0091,0.0320,-6.984,0.8480,3.2020,1.350,-1.9411,2.0582,14.805,2.535,-2.2227,81.884,0.1248,0.0216,0.0450,2.0804,2.7118,2.7568,nan,2.7788,2.8297,0.1121,-0.6160,0.9431,0.0466,0.1022,-0.8267,27.7188,0.0295,-2.3381
22.500,80.685,-1.0961,5.1747,16.149,-1.0705,5.2073,9.743,0.0337,0.0242,0.0415,-6.406,0.8437,3.1962,1.365,-1.8018,2.0986,7.730,2.480,-2.3363,82.029,0.1254,0.0249,0.0588,2.3635,2.6195,2.6266,nan,2.8363,2.9488,0.1168,-0.6089,0.9283,0.0672,0.1061,-0.8239,0.0695,0.0652,0.0159
22.550,80.823,-0.9620,5.2045,8.433,-0.9096,5.2475,2.772,0.0581,0.0348,0.0678,-5.661,0.8285,3.1705,0.789,-1.6534,2.1206,0.894,2.519,-2.4751,82.179,0.1319,0.0140,0.0499,3.5508,2.6075,2.6266,nan,2.8363,2.9579,0.1171,-0.5213,0.9240,0.0821,-0.0072,-0.8239,0.0695,0.0704,0.0159
22.600,80.972,-0.8127,5.2161,0.091,-0.7363,5.2628,-4.154,0.0765,0.0465,0.0895,-4.245,0.8401,3.1787,1.122,-1.4901,2.1208,-5.922,2.583,-2.1822,82.343,0.1382,0.0164,0.0585,3.5712,2.5033,2.5074,nan,2.8625,2.9964,0.1187,-0.5281,0.9032,0.1056,-0.0185,-0.7827,0.2084,0.0775,-0.1096
22.650,81.110,-0.6758,5.2089,-6.408,-0.5818,5.2584,-10.151,0.0879,0.0597,0.1062,-3.743,0.8078,3.1484,0.368,-1.3421,2.1042,-11.895,2.676,-2.2034,82.492,0.1445,0.0162,0.0709,4.3906,2.7834,2.9638,nan,2.9256,2.8932,0.1146,-0.4964,1.0200,0.1240,-0.0296,-0.7475,0.3474,-0.0187,2.8463
22.700,81.259,-0.5289,5.1837,-13.532,-0.4157,5.2364,-16.717,0.0977,0.0778,0.1248,-3.185,0.7867,3.1280,-0.227,-1.1858,2.0666,-18.443,2.740,-2.2164,82.652,0.1493,0.0198,0.0979,4.9359,2.7213,2.7342,nan,2.9806,3.0451,0.1206,-0.4910,1.0097,0.1404,-0.0326,-0.7199,0.4863,0.0374,0.4187
22.750,81.415,-0.3795,5.1384,-20.533,-0.2546,5.1886,-23.200,0.0994,0.0908,0.1346,-2.667,0.7796,3.1169,-0.409,-1.0337,2.0096,-24.834,2.750,-2.1375,82.815,0.1491,0.0091,0.0941,10.3186,2.8706,2.9333,nan,3.0821,3.1326,0.1241,-0.4620,1.0794,0.1587,-0.0005,-0.6905,0.6947,0.0292,0.5978
22.800,81.568,-0.2393,5.0768,-27.318,-0.0978,5.1146,-29.420,0.1083,0.0986,0.1465,-2.101,0.7603,3.1033,-0.875,-0.8881,1.9344,-30.768,2.823,-2.0771,82.979,0.1524,0.0118,0.1059,8.9980,2.9793,3.0281,nan,3.1554,3.1856,0.1262,-0.4429,1.1082,0.1659,-0.0184,-0.6623,0.8336,0.0175,0.9670
22.850,81.725,-0.1035,4.9971,-33.866,0.0517,5.0232,-35.400,0.1144,0.1082,0.1574,-1.534,0.7603,3.1033,-0.875,-0.7488,1.8409,-36.655,2.900,-2.0395,83.146,0.1551,0.0143,0.1143,7.9800,2.9108,2.9243,nan,3.2306,3.3257,0.1317,-0.4040,1.1290,0.1664,-0.0383,-0.6226,0.9726,0.0550,1.5261
22.900,81.878,0.0188,4.9059,-39.919,0.0545,5.0229,-41.134,-0.0477,0.1126,0.1223,-1.215,0.7387,3.1067,-0.915,-0.7488,1.8409,-42.489,2.977,-1.9125,83.308,0.0989,0.0690,0.1365,1.9777,2.9957,3.0377,nan,3.3073,3.3707,0.1335,-0.3690,1.1502,0.1664,-0.0559,-0.5837,1.1115,0.0367,1.2339
22.950,81.878,0.0188,4.9059,-39.919,0.1783,4.9140,-46.147,0.1171,0.1086,0.1597,-6.228,0.7168,3.0964,-1.449,-0.6247,1.7371,-47.396,2.977,-1.9125,83.308,0.1573,0.0130,0.1371,10.5599,2.9061,2.9161,nan,3.3853,3.4731,0.1376,-0.3459,1.1688,0.1588,-0.0669,-0.5486,1.2505,0.0800,2.4608
23.000,82.063,0.1542,4.7793,-46.598,0.3178,4.7573,-52.056,0.1284,0.1037,0.1651,-5.458,0.7034,3.0777,-2.084,-0.4889,1.5935,-52.861,3.096,-1.8042,83.506,0.1597,0.0044,0.1143,25.6758,3.1975,3.4260,nan,3.5430,3.6045,0.1428,-0.3037,1.1976,0.1369,-0.0614,-0.5015,1.4589,0.0356,1.6638
23.050,82.236,0.2667,4.6486,-52.277,0.4333,4.6213,-56.260,0.1235,0.1151,0.1688,-3.983,0.7060,3.0638,-2.237,-0.3784,1.4506,-57.366,3.177,-1.7317,83.686,0.1603,0.0079,0.1089,13.7632,3.3539,3.4260,nan,3.5430,3.4857,0.1380,-0.2044,1.1976,0.1292,-0.1561,-0.5015,1.4589,-0.0332,1.6638
23.100,82.433,0.3793,4.4869,-58.345,0.5320,4.4249,-61.612,0.1329,0.0974,0.1648,-3.267,0.7030,3.0456,-2.537,-0.2698,1.2745,-62.087,3.281,-1.4998,83.893,0.1607,0.0141,0.0955,6.7613,3.0897,3.0463,nan,3.6617,3.6917,0.1462,-0.1872,1.2247,0.1163,-0.1313,-0.4574,1.6673,0.0800,2.1225
23.150,82.619,0.4722,4.3253,-61.811,0.6138,4.2387,-64.027,0.1432,0.0839,0.1660,-2.217,0.7136,3.0567,-1.702,-0.1795,1.1059,-63.932,3.367,-0.9956,84.085,0.1608,0.0097,0.0833,8.5885,3.3710,3.5768,nan,3.7809,3.8683,0.1532,-0.1338,1.2495,0.0711,-0.1321,-0.4187,1.8757,0.0506,2.2784
23.200,82.812,0.5587,4.1531,-64.981,0.6932,4.0440,-66.906,0.1557,0.0757,0.1732,-1.925,0.7167,3.0456,-1.635,-0.0943,0.9234,-66.550,3.507,-0.8175,84.286,0.1638,0.0064,0.0679,10.6385,3.3662,3.3926,nan,3.8607,3.9886,0.1580,-0.1349,1.2651,0.0387,-0.1122,-0.3951,2.0147,0.0800,3.4335
23.250,82.984,0.6287,3.9958,-67.037,0.7530,3.8663,-69.130,0.1677,0.0640,0.1795,-2.093,0.7201,3.0437,-1.464,-0.0240,0.7575,-68.437,3.643,-0.7542,84.466,0.1680,0.0095,0.0583,6.1611,3.6086,3.7523,nan,4.0216,4.0972,0.1623,-0.1305,1.2875,0.0163,-0.0804,-0.3623,2.2231,0.0438,4.2678
23.300,83.189,0.7048,3.8059,-69.484,0.8090,3.6614,-71.592,0.1719,0.0470,0.1782,-2.108,0.7156,3.0648,-1.195,0.0510,0.5572,-70.696,3.784,-0.7686,84.680,0.1722,0.0043,0.0470,10.8365,3.5148,3.5290,nan,4.1438,4.1599,0.1647,-0.1242,1.3090,-0.0050,-0.0472,-0.3318,2.4315,0.0800,1.8206
23.350,83.416,0.7799,3.5914,-72.095,0.8598,3.4330,-74.166,0.1753,0.0273,0.1774,-2.071,0.7156,3.0648,-1.195,0.1234,0.3330,-73.035,3.908,-0.7533,84.916,0.1753,0.0052,0.0396,7.5703,3.7552,3.8984,nan,4.2676,4.4004,0.1743,-0.1160,1.3300,-0.0264,-0.0229,-0.3030,2.6399,0.0751,2.8927
23.400,83.625,0.8407,3.3908,-74.391,0.8458,3.4203,-76.829,-0.0270,0.0128,0.0299,-2.438,0.7226,3.0810,-0.615,0.1234,0.3330,-75.195,4.004,-0.7307,85.132,0.1304,0.0354,0.0553,1.5618,4.0253,4.2300,nan,4.4779,4.5508,0.1802,-0.1058,1.3575,-0.0455,0.0100,-0.2667,2.9178,0.0386,2.1290
23.450,83.625,0.8407,3.3908,-74.391,0.8900,3.1930,-79.291,0.2037,-0.0058,0.2038,-4.900,0.7137,3.1057,-0.742,0.1817,0.1243,-77.183,4.004,-0.7307,85.132,0.1780,0.0061,0.0558,9.1357,3.9096,3.9232,nan,4.5634,4.6241,0.1831,-0.0921,1.3780,-0.0593,0.0182,-0.2405,3.1262,0.0800,3.7502
23.500,83.855,0.8982,3.1691,-76.737,0.9383,2.9454,-81.419,0.2269,-0.0123,0.2273,-4.682,0.7071,3.1389,-0.569,0.2368,-0.1094,-79.183,4.161,-0.6972,85.372,0.1837,0.0069,0.0546,7.9002,4.1598,4.3322,nan,4.7805,4.9182,0.1948,-0.0844,1.4054,-0.0633,0.0373,-0.2067,3.4041,0.0800,3.5282
23.550,84.088,0.9478,2.9413,-78.915,0.9716,2.6871,-83.273,0.2540,-0.0255,0.2553,-4.358,0.7099,3.1557,0.347,0.2837,-0.3487,-80.774,4.304,-0.6331,85.616,0.1895,0.0075,0.0448,5.9927,4.2650,4.3322,nan,4.7805,4.8728,0.1930,-0.0541,1.4054,-0.0642,-0.0003,-0.2067,3.4041,0.0459,3.5282
23.600,84.358,0.9952,2.6747,-81.096,1.0172,2.4178,-84.188,0.2572,-0.0180,0.2578,-3.092,0.7109,3.1622,0.592,0.3271,-0.6257,-82.285,4.424,-0.4844,85.897,0.1941,0.0046,0.0366,8.0529,4.0801,4.0772,nan,4.9567,4.8573,0.1924,-0.0539,1.4332,-0.0610,0.0218,-0.1736,3.6820,0.0800,2.6274
23.650,84.621,1.0330,2.4152,-82.364,1.0532,2.1408,-84.771,0.2746,-0.0164,0.2751,-2.407,0.7085,3.1719,0.133,0.3636,-0.8981,-83.115,4.591,-0.3813,86.172,0.2030,0.0021,0.0289,13.7071,4.3694,4.8008,nan,5.0894,5.1890,0.2055,-0.0778,1.4546,-0.0312,0.0434,-0.1491,3.8904,0.0800,4.2466
23.700,84.889,1.0660,2.1486,-83.664,1.0817,1.8614,-85.981,0.2872,-0.0161,0.2877,-2.318,0.7104,3.1961,0.214,0.3941,-1.1729,-84.456,4.676,-0.4803,86.448,0.2078,0.0065,0.0261,4.0207,4.5603,4.6927,nan,5.3512,5.4253,0.2149,-0.0936,1.4914,-0.0070,0.0767,-0.1086,4.2377,0.0800,1.6844
23.750,85.162,1.0923,1.8773,-85.537,1.0847,1.8743,-87.141,0.0025,-0.0078,0.0082,-1.603,0.7104,3.1961,0.214,0.3941,-1.1729,-85.832,4.871,-0.6591,86.737,0.1488,0.0064,0.0397,6.2542,4.7882,4.9814,nan,5.5188,5.6916,0.2254,-0.0920,1.5221,0.0219,0.0806,-0.0764,4.5156,0.0800,4.1501
23.800,85.162,1.0923,1.8773,-85.537,1.1122,1.6049,-89.017,0.2731,-0.0014,0.2731,-3.480,0.7138,3.2042,-0.140,0.4166,-1.4612,-88.102,4.871,-0.6591,86.737,0.2192,0.0064,0.0406,6.3857,4.7132,4.7410,nan,5.6398,5.6210,0.2226,-0.0814,1.5440,0.0458,0.0657,-0.0541,4.7240,0.0800,4.2565
23.850,85.441,1.1092,1.5991,-87.856,1.1265,1.3290,-91.226,0.2706,0.0072,0.2707,-3.370,0.7084,3.2012,-0.303,0.4277,-1.7567,-90.563,5.059,-0.7356,87.033,0.2305,0.0118,0.0451,3.8304,4.9971,5.5082,nan,5.8293,5.9299,0.2348,-0.0688,1.5585,0.0777,0.0452,-0.0302,5.0019,0.0800,2.3624
23.900,85.730,1.1150,1.3095,-90.219,1.1133,1.0448,-93.164,0.2647,-0.0007,0.2647,-2.945,0.7151,3.2026,-0.647,0.4265,-2.0655,-92.472,5.263,-0.6869,87.342,0.2439,0.0027,0.0475,17.4071,5.2270,5.4628,nan,5.8293,5.9119,0.2341,-0.0410,1.5585,0.0780,0.0107,-0.0302,5.0019,0.0335,2.3624
23.950,86.028,1.1091,1.0119,-92.352,1.1044,0.7641,-94.550,0.2478,0.0055,0.2478,-2.198,0.7157,3.1694,-0.759,0.4138,-2.3748,-94.140,5.371,-0.6019,87.651,0.2514,0.0057,0.0468,8.1769,5.3164,5.4170,nan,5.9689,6.0928,0.2413,-0.0116,1.5585,0.0793,-0.0164,-0.0073,5.2798,0.0495,2.2825
24.000,86.323,1.0930,0.7172,-94.153,1.1174,0.4720,-95.203,0.2428,0.0421,0.2464,-1.049,0.7064,3.1585,-0.538,0.3912,-2.6861,-95.550,5.541,-0.5174,87.963,0.2641,0.0105,0.0105,0.9973,5.4503,5.5874,nan,6.1354,6.2933,0.2492,0.0058,1.5585,0.0899,-0.0389,0.0156,5.5577,0.0617,4.1239
24.050,86.639,1.0685,0.4027,-94.600,1.1059,0.1469,-94.046,0.2519,0.0578,0.2585,0.554,0.7111,3.1498,-0.638,0.3658,-3.0180,-94.603,5.712,-0.0013,88.296,0.2800,0.0177,0.0161,0.9105,5.5705,5.7031,nan,6.2633,6.4452,0.2553,0.0115,1.5585,0.1101,-0.0588,0.0391,5.8355,0.0699,3.1317
24.100,86.964,1.0425,0.0785,-94.441,1.0635,-0.1893,-94.063,0.2653,0.0416,0.2686,0.377,0.7120,3.1530,-0.571,0.3388,-3.3600,-94.328,5.883,0.0558,88.639,0.2964,0.0247,0.0138,0.5599,5.7074,5.8613,nan,6.4171,6.6239,0.2623,-0.0001,1.5618,0.1071,-0.0473,0.0365,6.1829,0.0780,4.0015
24.150,87.298,1.0171,-0.2547,-94.133,1.0348,-0.5235,-93.848,0.2668,0.0370,0.2694,0.285,0.6959,3.1639,-0.316,0.3134,-3.7108,-94.029,6.040,0.0591,88.991,0.3131,0.0191,0.0126,0.6602,5.9305,6.2279,nan,6.5929,6.7698,0.2681,0.0262,1.5696,0.0640,-0.0602,0.0289,6.5303,0.0644,2.2755
24.200,87.641,0.9924,-0.5971,-94.081,1.0034,-0.8717,-93.844,0.2732,0.0305,0.2749,0.237,0.7056,3.1850,-0.400,0.2877,-4.0718,-93.897,6.204,0.1319,89.353,0.3305,0.0219,0.0131,0.5976,6.1510,6.4649,nan,6.7322,6.8533,0.2714,0.0335,1.5768,0.0439,-0.0635,0.0213,6.8776,0.0427,3.5149
24.250,87.980,0.9697,-0.9356,-93.324,0.9862,-0.8695,-93.710,-0.0670,0.0126,0.0681,-0.386,0.7056,3.1850,-0.400,0.2877,-4.0718,-93.518,6.347,0.2782,89.710,0.1204,0.0308,0.0266,0.8634,6.2655,6.4303,nan,6.8647,7.0060,0.2775,0.0507,1.5540,0.0076,-0.0700,0.0136,7.2250,0.0490,3.3560
24.300,87.980,0.9697,-0.9356,-93.324,0.9473,-1.2280,-92.643,0.2932,-0.0054,0.2933,0.681,0.7330,3.2023,-0.756,0.2670,-4.4279,-92.260,6.347,0.2782,89.710,0.3480,0.0164,0.0222,1.3527,6.1581,6.1908,nan,6.9341,7.0870,0.2807,0.0571,1.5304,-0.0331,-0.0611,0.0059,7.5723,0.0800,2.4095
24.350,88.385,0.9495,-1.3393,-92.110,0.9107,-1.6531,-91.359,0.3150,-0.0272,0.3161,0.751,0.7469,3.2344,-0.838,0.2514,-4.8494,-90.700,6.476,0.4316,90.131,0.3664,0.0082,0.0200,2.4396,6.3490,6.6181,nan,6.8695,6.9581,0.2756,0.0577,1.5304,-0.0502,-0.0510,0.0059,7.5723,0.0304,2.4095
24.400,88.758,0.9399,-1.7121,-90.421,0.8950,-2.0731,-89.589,0.3614,-0.0422,0.3638,0.832,0.8055,3.2687,-1.529,0.2486,-5.2395,-88.834,6.598,0.5696,90.522,0.3849,0.0012,0.0468,40.4401,6.5916,7.0475,nan,6.4856,6.4051,0.2537,0.0529,1.4994,-0.0881,-0.0269,-0.0036,7.9891,-0.0283,2.6061
24.450,89.164,0.9426,-2.1182,-88.374,0.9129,-2.5028,-87.677,0.3836,-0.0406,0.3858,0.697,0.7643,3.3186,-0.984,0.2605,-5.6599,-87.124,6.688,0.5563,90.942,0.4012,0.0079,0.0467,5.9153,6.5837,6.6712,nan,6.1141,6.0570,0.2399,0.0144,1.4696,-0.1024,0.0104,-0.0178,8.4060,-0.0800,2.3202
24.500,89.532,0.9575,-2.4865,-86.691,0.9261,-2.8635,-86.766,0.3746,-0.0531,0.3783,-0.074,0.8268,3.3268,-1.604,0.2809,-6.0123,-86.147,6.487,0.2781,91.295,0.3878,0.0072,0.0450,6.2741,6.7746,7.0869,nan,5.7050,5.5761,0.2208,-0.0514,1.4406,-0.0850,0.0560,-0.0441,8.8228,-0.0508,-4.2310
24.550,89.882,0.9789,-2.8353,-86.236,0.9487,-3.1904,-86.814,0.3524,-0.0534,0.3564,-0.578,0.7849,3.3385,-0.997,0.3024,-6.3397,-86.223,6.229,0.0082,91.623,0.3676,0.0020,0.0493,24.2177,6.4980,6.4200,nan,5.4303,5.2592,0.2083,-0.1067,1.4123,-0.0656,0.0930,-0.0733,9.2396,-0.0701,-5.6764
24.600,90.226,0.9989,-3.1788,-87.602,0.9697,-3.4962,-88.777,0.3159,-0.0425,0.3187,-1.174,0.7702,3.3178,-0.729,0.3156,-6.6539,-88.365,5.865,-0.5831,91.938,0.3378,0.0072,0.0508,7.0396,6.0757,5.6919,nan,5.2725,5.2569,0.2082,-0.1652,1.3936,-0.0260,0.1133,-0.0948,9.5175,-0.0068,-7.4263
24.650,90.226,0.9989,-3.1788,-87.602,0.9747,-3.4806,-90.398,0.3006,-0.0368,0.3028,-2.796,0.7702,3.3178,-0.729,0.3156,-6.6539,-90.038,5.865,-0.5831,91.938,0.3378,0.0072,0.0582,8.0648,5.8759,5.8610,nan,5.0204,4.9091,0.1944,-0.2004,1.3700,0.0186,0.1112,-0.1217,9.8649,-0.0499,-7.4869
24.700,90.783,1.0013,-3.7357,-92.765,0.9390,-3.9849,-94.734,0.2519,-0.0502,0.2568,-1.969,0.8111,3.3106,-1.014,0.2904,-7.1745,-94.189,5.355,-1.0559,92.459,0.2944,0.0115,0.0681,5.9039,5.8147,5.8610,nan,5.1197,5.1414,0.2036,-0.1728,1.3747,0.0197,0.0736,-0.1163,9.7954,0.0099,-7.4869
24.750,91.052,0.9816,-4.0045,-96.558,0.8960,-4.2289,-98.989,0.2327,-0.0594,0.2402,-2.431,0.8111,3.3106,-1.014,0.2603,-7.4369,-98.211,5.224,-1.3673,92.723,0.2853,0.0154,0.0927,6.0226,5.4412,5.2428,nan,4.7334,4.6622,0.1846,-0.2057,1.3354,0.0431,0.0690,-0.1596,10.3511,-0.0342,-3.4265
24.800,91.052,0.9816,-4.0045,-96.558,0.8951,-4.2022,-103.017,0.2062,-0.0634,0.2158,-6.459,0.6719,3.2955,0.184,0.2603,-7.4369,-102.106,5.224,-1.3673,92.723,0.2853,0.0154,0.1297,8.4309,5.1177,5.0100,nan,4.6409,4.7173,0.1868,-0.1870,1.3198,0.0473,0.0278,-0.1761,10.5596,0.0390,-2.9621
24.850,91.341,0.9396,-4.2901,-101.033,0.8070,-4.4492,-107.665,0.1815,-0.0997,0.2071,-6.632,0.5775,3.2911,0.952,0.2062,-7.7140,-106.160,5.079,-1.3931,93.005,0.2739,0.0265,0.1733,6.5345,4.9724,4.9820,nan,4.4596,4.4749,0.1772,-0.1729,1.2977,0.0381,0.0061,-0.1983,10.8375,0.0080,-6.6853
24.900,91.612,0.8791,-4.5542,-105.761,0.7578,-4.6518,-111.624,0.1269,-0.0903,0.1557,-5.862,0.5547,3.2767,1.126,0.1369,-7.9596,-110.534,4.804,-1.4450,93.261,0.2539,0.0165,0.1438,8.6947,4.6376,4.5295,nan,4.5497,4.4216,0.1751,-0.0797,1.3034,0.0105,-0.0845,-0.1927,10.7680,0.0800,-3.1078
24.950,91.877,0.7987,-4.8069,-110.211,0.6523,-4.8780,-115.204,0.1172,-0.1128,0.1627,-4.992,0.5908,3.2963,0.882,0.0471,-8.2036,-113.789,4.671,-1.2817,93.521,0.2433,0.0240,0.1629,6.7752,4.5150,4.5295,nan,4.4149,4.3225,0.1712,-0.0663,1.2861,0.0182,-0.1116,-0.2096,10.9764,0.0800,-3.1078
25.000,92.160,0.6922,-5.0693,-114.540,0.5513,-5.1152,-117.924,0.1003,-0.1091,0.1481,-3.384,0.4682,3.3415,1.777,-0.0664,-8.4522,-116.670,4.482,-0.9318,93.794,0.2285,0.0361,0.1614,4.4760,4.3938,4.4083,nan,4.2824,4.2374,0.1678,-0.0484,1.2616,-0.0205,-0.1145,-0.2327,11.2543,0.0800,-4.4128
25.050,92.407,0.5865,-5.2926,-116.109,0.4750,-5.3346,-117.784,0.0868,-0.0816,0.1191,-1.675,0.4003,3.3498,2.261,-0.1716,-8.6668,-116.916,4.350,-0.3916,94.033,0.2200,0.0399,0.1278,3.2002,4.5471,4.6501,nan,4.0645,4.0362,0.1598,-0.0827,1.2344,-0.0161,-0.0867,-0.2567,11.5322,-0.0160,-3.1330
25.100,92.643,0.4808,-5.5038,-117.132,0.3805,-5.5499,-118.556,0.0868,-0.0682,0.1104,-1.423,0.5345,3.2887,1.211,-0.2761,-8.8708,-117.764,4.237,-0.4148,94.262,0.2132,0.0257,0.0919,3.5688,4.4059,4.4153,nan,3.9780,3.9755,0.1574,-0.1818,1.2116,0.0065,-0.0244,-0.2757,11.7406,-0.0015,-2.3765
25.150,92.892,0.3643,-5.7237,-118.985,0.2595,-5.7600,-120.827,0.0825,-0.0741,0.1109,-1.842,0.5591,3.2665,0.965,-0.3921,-9.0801,-119.890,4.068,-0.7302,94.501,0.2030,0.0302,0.1025,3.3948,4.0290,3.8660,nan,3.8052,3.9393,0.1560,-0.2589,1.1771,0.0205,0.0408,-0.3027,12.0184,0.0777,-4.0357
25.200,92.892,0.3643,-5.7237,-118.985,0.2801,-5.7723,-122.479,0.0833,-0.0501,0.0972,-3.495,0.5591,3.2665,0.965,-0.3921,-9.0801,-121.983,4.068,-0.7302,94.501,0.2030,0.0302,0.0954,3.1588,4.2327,4.3553,nan,3.6744,3.5427,0.1403,-0.3175,1.1495,0.0323,0.0632,-0.3243,12.2269,-0.0763,-3.1214
25.250,93.128,0.2447,-5.9269,-122.635,0.1958,-5.9843,-126.521,0.0747,-0.0103,0.0754,-3.886,0.5853,3.2697,0.812,-0.5165,-9.2744,-126.977,3.939,-1.2152,94.732,0.1932,0.0398,0.0764,1.9203,3.9387,3.8874,nan,3.5864,3.6006,0.1426,-0.3892,1.1199,0.0834,0.0777,-0.3477,12.4353,0.0082,-2.2680
25.300,93.342,0.1233,-6.1030,-127.343,0.0911,-6.1645,-131.411,0.0684,0.0117,0.0694,-4.068,0.6613,3.2250,0.207,-0.6447,-9.4425,-132.404,3.830,-1.5807,94.943,0.1841,0.0282,0.0501,1.7729,3.8669,3.8874,nan,3.5864,3.6551,0.1448,-0.3776,1.1199,0.1215,0.0320,-0.3477,12.4353,0.0398,-2.2680
25.350,93.552,-0.0110,-6.2646,-133.010,-0.0389,-6.3237,-137.145,0.0622,0.0199,0.0654,-4.135,0.7150,3.1895,-0.226,-0.7816,-9.5892,-138.245,3.580,-1.8360,95.144,0.1690,0.0321,0.0473,1.4718,3.7392,3.7492,nan,3.4532,3.5092,0.1390,-0.4130,1.0849,0.1581,0.0161,-0.3728,12.6437,0.0324,-6.3104
25.400,93.743,-0.1472,-6.3978,-139.169,-0.1862,-6.4327,-143.878,0.0524,0.0009,0.0524,-4.708,0.7350,3.1673,-0.396,-0.9269,-9.7148,-144.771,3.488,-2.0940,95.336,0.1600,0.0348,0.0613,1.7629,3.5683,3.5666,nan,3.3190,3.3960,0.1345,-0.4032,1.0444,0.1730,-0.0070,-0.4003,12.8521,0.0446,-2.6977
25.450,93.935,-0.2990,-6.5155,-146.080,-0.3199,-6.5164,-149.486,0.0178,-0.0109,0.0209,-3.406,0.8175,3.1387,-0.961,-1.0870,-9.8224,-151.086,3.382,-2.1445,95.529,0.1492,0.0368,0.0599,1.6290,3.5872,3.6196,nan,3.2296,3.2200,0.1275,-0.3653,1.0149,0.1608,-0.0676,-0.4203,12.9910,-0.0056,-2.9476
25.500,94.121,-0.4588,-6.6109,-152.785,-0.4648,-6.5996,-154.439,0.0002,-0.0128,0.0128,-1.654,0.8648,3.1273,-1.313,-1.2524,-9.9075,-156.562,3.278,-1.8943,95.715,0.1385,0.0274,0.0437,1.5939,3.4445,3.4486,nan,3.1849,3.2454,0.1285,-0.3449,0.9916,0.1478,-0.1053,-0.4420,13.1300,0.0350,-3.3013
25.550,94.295,-0.6168,-6.6831,-158.463,-0.6468,-6.6932,-159.755,0.0317,-0.0016,0.0317,-1.292,0.9502,3.1138,-1.865,-1.4126,-9.9707,-161.399,3.178,-1.7314,95.887,0.1294,0.0264,0.0306,1.1583,3.3153,3.3213,nan,3.0946,3.1797,0.1259,-0.3376,0.9916,0.1411,-0.1274,-0.4657,13.2689,0.0493,-3.1682
25.600,94.472,-0.7842,-6.7406,-163.946,-0.8465,-6.7703,-165.210,0.0681,0.0113,0.0691,-1.263,0.9206,3.1273,-1.652,-1.5844,-10.0201,-166.305,3.147,-1.6673,96.066,0.1212,0.0261,0.0285,1.0925,3.1355,3.1273,nan,2.9540,3.0597,0.1212,-0.3660,0.9916,0.1383,-0.1221,-0.5060,13.4773,0.0612,-0.9208
25.650,94.646,-0.9539,-6.7816,-169.245,-0.8565,-6.7764,-170.169,-0.0966,0.0131,0.0975,-0.924,0.9206,3.1273,-1.652,-1.5844,-10.0201,-171.080,3.087,-1.6795,96.241,0.1879,0.0267,0.0313,1.1726,3.2104,3.2518,nan,2.8091,2.7383,0.1084,-0.4075,0.9916,0.1319,-0.1041,-0.5521,13.6858,-0.0410,-1.7462
25.700,94.646,-0.9539,-6.7816,-169.245,-1.0343,-6.8126,-175.182,0.0848,0.0154,0.0862,-5.937,0.8633,3.1422,-1.334,-1.7560,-10.0528,-175.869,3.087,-1.6795,96.241,0.1129,0.0267,0.0269,1.0082,3.1170,3.1280,nan,2.6628,2.5505,0.1010,-0.4313,0.9916,0.1163,-0.0698,-0.6017,13.8942,-0.0650,-3.2977
25.750,94.813,-1.1188,-6.8054,-174.715,-1.2242,-6.8517,179.316,0.1092,0.0364,0.1151,-5.969,0.9083,3.1416,-1.588,-1.9197,-10.0679,179.149,2.972,-1.7366,96.405,0.1042,0.0272,0.0303,1.1163,2.9006,2.8772,nan,2.6147,2.6289,0.1041,-0.4651,0.9887,0.1067,-0.0744,-0.6399,14.0331,0.0082,-6.2911
25.800,94.972,-1.2775,-6.8125,179.523,-1.3959,-6.8685,173.528,0.1179,0.0570,0.1309,-5.994,0.8901,3.1485,-1.447,-2.0715,-10.0666,173.746,2.738,-1.7639,96.557,0.0960,0.0213,0.0205,0.9616,2.8228,2.8341,nan,2.6147,2.6880,0.1065,-0.3981,0.9622,0.1241,-0.1690,-0.6399,14.0331,0.0424,-6.2911
25.850,95.123,-1.4291,-6.8037,173.614,-1.5515,-6.8661,168.009,0.1147,0.0756,0.1374,-5.605,0.9563,3.1387,-1.858,-2.2179,-10.0503,168.390,2.544,-1.8191,96.704,0.0890,0.0205,0.0310,1.5113,2.7660,2.7800,nan,2.5523,2.6147,0.1036,-0.4304,0.9429,0.1280,-0.1291,-0.7087,14.2415,0.0361,-5.5264
25.900,95.240,-1.5440,-6.7861,168.742,-1.6815,-6.8471,162.821,0.1229,0.0867,0.1504,-5.921,0.9469,3.1452,-1.778,-2.3340,-10.0271,163.681,2.522,-1.7700,96.823,0.0834,0.0178,0.0379,2.1300,2.5951,2.5842,nan,2.6205,2.6399,0.1045,-0.4636,0.8846,0.1297,-0.1244,-0.7631,14.3805,0.0112,-1.8454
25.950,95.396,-1.6956,-6.7475,162.662,-1.8453,-6.7943,157.431,0.1289,0.0893,0.1568,-5.231,0.9735,3.1450,-1.937,-2.4860,-9.9797,158.643,2.520,-1.7544,96.982,0.0745,0.0177,0.0548,3.1018,2.3845,2.3576,nan,2.6205,2.7045,0.1071,-0.4807,0.8128,0.1269,-0.1608,-0.7940,14.4499,0.0800,0.6487
26.000,95.537,-1.8279,-6.6989,156.755,-1.9872,-6.7237,151.223,0.1366,0.0857,0.1613,-5.532,0.9727,3.1508,-1.938,-2.6195,-9.9224,152.876,2.523,-1.8900,97.127,0.0657,0.0137,0.0530,3.8758,2.5783,2.6601,nan,2.7474,2.8758,0.1139,-0.4925,0.8789,0.1135,-0.0781,-0.9156,14.6583,0.0744,-0.7722
26.050,95.679,-1.9554,-6.6361,150.570,-2.1141,-6.6398,145.868,0.1364,0.0812,0.1587,-4.702,0.9840,3.1568,-2.036,-2.7488,-9.8494,147.620,2.556,-1.9825,97.276,0.0555,0.0120,0.0625,5.1876,2.6486,2.6834,nan,2.8026,2.7747,0.1099,-0.4652,0.9303,0.0982,-0.0678,-0.8446,14.7973,-0.0162,-0.1516
26.100,95.679,-1.9554,-6.6361,150.570,-2.1122,-6.6396,140.421,0.1349,0.0801,0.1568,-10.149,0.9840,3.1568,-2.036,-2.7488,-9.8494,141.936,2.556,-1.9825,97.362,0.0555,0.0120,0.0424,3.5176,2.4916,2.4835,nan,2.8270,2.9397,0.1164,-0.4638,0.8912,0.0854,-0.0453,-0.8025,14.9362,0.0652,1.3833
26.150,95.838,-2.0890,-6.5500,143.494,-2.2477,-6.5321,134.657,0.1382,0.0800,0.1597,-8.837,0.9839,3.1563,-1.923,-2.8855,-9.7482,136.070,2.647,-1.9566,97.446,0.0401,0.0126,0.0529,4.1856,2.7289,2.8463,nan,2.8902,2.8755,0.1139,-0.4529,0.9914,0.0779,-0.0353,-0.7671,15.0752,-0.0085,-0.1977
26.200,95.989,-2.2052,-6.4540,137.150,-2.3564,-6.4142,128.838,0.1379,0.0736,0.1563,-8.312,1.1021,3.1197,-2.598,-2.9995,-9.6424,130.400,2.655,-1.9448,97.601,0.0307,0.0147,0.0554,3.7653,2.7667,2.7956,nan,2.9399,2.9457,0.1167,-0.4485,1.0169,0.0681,-0.0309,-0.7410,15.2141,0.0033,1.2153
26.250,96.137,-2.3085,-6.3479,130.961,-2.4516,-6.2930,123.565,0.1353,0.0721,0.1533,-7.396,1.1813,3.0882,-3.061,-3.1020,-9.5244,125.054,2.723,-1.9510,97.757,0.0195,0.0172,0.0605,3.5120,2.7725,2.7956,nan,2.9399,2.9413,0.1165,-0.3392,1.0190,0.0611,-0.1287,-0.7410,15.2141,0.0008,1.2153
26.300,96.306,-2.4118,-6.2139,124.090,-2.5460,-6.1326,118.213,0.1425,0.0655,0.1569,-5.876,1.1499,3.0973,-2.846,-3.1998,-9.3798,120.067,2.747,-1.6690,97.932,0.0145,0.0223,0.0856,3.8383,2.6914,2.7011,nan,2.9891,3.1073,0.1231,-0.3343,0.9976,0.0514,-0.1209,-0.7221,15.3531,0.0684,-0.0609
26.350,96.462,-2.4938,-6.0812,119.324,-2.6168,-5.9883,114.404,0.1412,0.0618,0.1541,-4.919,1.2001,3.0865,-3.152,-3.2786,-9.2397,116.184,2.820,-1.4776,98.093,0.0156,0.0353,0.1089,3.0899,2.8197,2.8735,nan,3.0549,3.1192,0.1235,-0.3391,1.0633,0.0386,-0.0627,-0.6844,15.5615,0.0372,2.6385
26.400,96.623,-2.5671,-5.9375,114.499,-2.6807,-5.8242,109.772,0.1502,0.0564,0.1604,-4.727,1.1496,3.1069,-2.833,-3.3487,-9.0859,111.680,2.928,-1.5465,98.262,0.0213,0.0331,0.1109,3.3538,2.8899,2.9270,nan,3.0989,3.1369,0.1242,-0.3543,1.1025,0.0332,-0.0347,-0.6592,15.7004,0.0220,2.5821
26.450,96.786,-2.6285,-5.7868,109.535,-2.7318,-5.6582,105.034,0.1558,0.0544,0.1650,-4.501,1.0587,3.1338,-2.239,-3.4048,-8.9277,106.972,2.982,-1.6224,98.430,0.0298,0.0420,0.1272,3.0298,3.0041,3.0551,nan,3.2026,3.2424,0.1284,-0.3631,1.1240,0.0315,0.0182,-0.6321,15.9088,0.0231,1.0917
26.500,96.951,-2.6769,-5.6295,104.314,-2.7702,-5.4845,100.242,0.1636,0.0546,0.1724,-4.072,1.0587,3.1338,-2.239,-3.4465,-8.7641,102.237,3.006,-1.6901,98.599,0.0389,0.0515,0.1437,2.7908,3.0567,3.0912,nan,3.3238,3.4344,0.1360,-0.3590,1.1284,0.0369,0.0223,-0.6238,16.0478,0.0640,-0.1438
26.550,97.121,-2.7115,-5.4630,98.783,-2.7646,-5.4826,95.401,-0.0113,0.0555,0.0566,-3.382,0.9759,3.1603,-1.679,-3.4465,-8.7641,97.390,3.006,-1.6901,98.776,0.1570,0.0966,0.1168,1.2086,2.9972,3.0126,nan,3.4103,3.5417,0.1403,-0.3497,1.1690,0.0461,0.0592,-0.5502,16.2562,0.0800,0.8613
26.600,97.121,-2.7115,-5.4630,98.783,-2.7709,-5.3090,90.030,0.1613,0.0351,0.1650,-8.754,0.8975,3.1823,-1.165,-3.4736,-8.5889,92.136,3.072,-1.7366,98.776,0.0502,0.0596,0.1186,1.9902,3.1647,3.2398,nan,3.5461,3.6358,0.1440,-0.3207,1.1932,0.0461,0.0436,-0.5089,16.3951,0.0519,2.5339
26.650,97.297,-2.7304,-5.2883,93.131,-2.7753,-5.1168,84.329,0.1737,0.0355,0.1773,-8.802,0.8339,3.2045,-0.743,-3.5022,-8.4039,87.004,3.196,-1.7596,98.963,0.0514,0.0544,0.1075,1.9782,3.2866,3.3431,nan,3.6882,3.7630,0.1490,-0.2942,1.2283,0.0557,0.0523,-0.4516,16.6035,0.0433,2.1901
26.700,97.475,-2.7322,-5.1094,87.538,-2.7464,-4.9282,79.538,0.1804,0.0220,0.1817,-8.000,0.8305,3.2049,-0.693,-3.4940,-8.2146,82.591,3.306,-1.6908,99.153,0.0657,0.0561,0.1077,1.9196,3.3118,3.3431,nan,3.6882,3.7438,0.1483,-0.1946,1.2283,0.0403,-0.0467,-0.4516,16.6035,0.0322,2.1901
26.750,97.667,-2.7155,-4.9184,82.057,-2.7096,-4.7346,74.999,0.1829,0.0196,0.1839,-7.058,0.7299,3.2308,0.023,-3.4662,-8.0147,77.875,3.416,-1.5552,99.354,0.0795,0.0593,0.1135,1.9122,3.1768,3.1803,nan,3.7861,3.8217,0.1514,-0.1620,1.2514,0.0337,-0.0674,-0.4158,16.7425,0.0800,2.6393
26.800,97.870,-2.6810,-4.7185,78.426,-2.6503,-4.5236,73.124,0.1971,0.0090,0.1973,-5.302,0.7068,3.2350,0.198,-3.4238,-7.8077,76.199,3.556,-0.9338,99.566,0.0899,0.0691,0.1260,1.8239,3.4697,3.7194,nan,3.9372,4.0227,0.1593,-0.1305,1.2857,0.0329,-0.0643,-0.3648,16.9509,0.0495,3.2227
26.850,98.054,-2.6401,-4.5393,75.772,-2.5971,-4.3405,70.897,0.2033,0.0072,0.2034,-4.875,0.7582,3.2044,-0.151,-3.3771,-7.6238,73.840,3.643,-0.8733,99.755,0.0973,0.0691,0.1291,1.8690,3.6964,3.8231,nan,4.1461,4.1955,0.1662,-0.1358,1.3205,0.0281,-0.0212,-0.3160,17.1593,0.0280,2.5508
26.900,98.263,-2.5847,-4.3377,73.337,-2.5361,-4.1402,69.410,0.2031,0.0100,0.2034,-3.927,0.7588,3.2038,-0.161,-3.3143,-7.4137,71.903,3.805,-0.7957,99.975,0.1086,0.0557,0.1079,1.9376,3.5682,3.5767,nan,4.3071,4.3032,0.1704,-0.1306,1.3560,0.0382,0.0034,-0.2686,17.3677,0.0800,2.4545
26.950,98.481,-2.5178,-4.1303,70.716,-2.4654,-3.9358,67.495,0.2009,0.0147,0.2014,-3.221,0.7962,3.1876,-0.442,-3.2388,-7.1980,69.466,3.961,-0.8116,100.203,0.1205,0.0548,0.1055,1.9253,3.7518,3.8445,nan,4.4702,4.5332,0.1795,-0.1277,1.3929,0.0547,0.0303,-0.2219,17.5761,0.0800,3.7913
27.000,98.707,-2.4388,-3.9189,68.094,-2.3845,-3.7269,65.547,0.1984,0.0212,0.1995,-2.548,0.7962,3.1876,-0.442,-3.1509,-6.9795,67.030,4.095,-0.8195,100.439,0.1317,0.0535,0.1021,1.9102,4.0059,4.1766,nan,4.6867,4.8401,0.1917,-0.1171,1.4281,0.0731,0.0380,-0.1756,17.7845,0.0800,2.9863
27.050,98.707,-2.4388,-3.9189,68.094,-2.3983,-3.7323,63.643,0.1882,0.0320,0.1910,-4.451,0.8784,3.1511,-1.062,-3.1509,-6.9795,64.688,4.095,-0.8195,100.439,0.1317,0.0535,0.1100,2.0577,4.2161,4.3429,nan,4.8438,4.9384,0.1956,-0.0996,1.3894,0.0930,0.0356,-0.1295,17.9929,0.0464,4.2309
27.100,98.946,-2.3449,-3.6991,65.391,-2.2985,-3.5050,61.673,0.1958,0.0386,0.1996,-3.718,0.9416,3.1381,-1.471,-3.0454,-6.7492,62.408,4.284,-0.7981,100.692,0.1473,0.0514,0.1099,2.1384,4.3293,4.4020,nan,4.9938,5.0951,0.2018,-0.0755,1.3405,0.1123,0.0299,-0.0680,18.2708,0.0483,5.2069
27.150,99.183,-2.2418,-3.4849,62.930,-2.1780,-3.2819,59.709,0.2098,0.0356,0.2128,-3.221,0.9601,3.1500,-1.529,-2.9297,-6.5226,60.397,4.500,-0.7263,100.946,0.1649,0.0447,0.0800,1.7910,4.5409,4.6920,nan,4.7096,4.6749,0.1851,-0.0340,1.3052,0.1220,0.0052,-0.0217,18.4792,-0.0800,3.8919
27.200,99.436,-2.1231,-3.2622,60.728,-2.0657,-3.0606,58.916,0.2039,0.0485,0.2096,-1.813,0.9846,3.1483,-1.690,-2.7998,-6.2909,58.944,4.665,-0.5928,101.212,0.1791,0.0389,0.0747,1.9225,4.6219,4.6920,nan,4.7096,4.7493,0.1881,-0.0038,1.3052,0.1221,-0.0280,-0.0217,18.4792,-0.0800,3.8919
27.250,99.701,-1.9898,-3.0322,58.940,-1.9282,-2.8268,57.852,0.2077,0.0531,0.2144,-1.089,1.0354,3.1150,-2.188,-2.6567,-6.0533,57.682,4.804,-0.4410,101.489,0.1914,0.0324,0.0684,2.1085,4.5303,4.5526,nan,4.4451,4.3804,0.1735,0.0339,1.2678,0.1303,-0.0442,0.0402,18.7571,-0.0331,3.6926
27.300,99.963,-1.8539,-2.8084,58.741,-1.7847,-2.6201,58.875,0.1968,0.0386,0.2006,0.133,0.9207,3.1755,-1.094,-2.5239,-5.8346,58.946,4.708,0.0832,101.745,0.1856,0.0268,0.0490,1.8281,4.8162,5.2608,nan,4.2073,4.3266,0.1714,0.1153,1.2678,0.1192,-0.0818,0.1021,19.0350,0.0682,-1.7629
27.350,100.216,-1.7239,-2.5922,59.495,-1.6600,-2.4189,60.116,0.1817,0.0329,0.1847,0.621,0.8678,3.2023,-0.603,-2.4031,-5.6295,60.274,4.491,0.3499,101.983,0.1713,0.0222,0.0414,1.8629,4.5480,4.5016,nan,4.0522,4.1679,0.1651,0.1833,1.2678,0.0810,-0.0863,0.1487,19.2434,0.0800,-5.4515
27.400,100.462,-1.6018,-2.3777,61.852,-1.5410,-2.2119,63.173,0.1749,0.0246,0.1766,1.321,0.8498,3.2321,-0.363,-2.2906,-5.4194,63.492,4.337,0.8690,102.222,0.1614,0.0241,0.0301,1.2495,4.3963,4.4028,nan,3.9282,4.0326,0.1597,0.2467,1.2678,0.0558,-0.1108,0.2106,19.5213,0.0604,-3.5387
27.450,100.704,-1.4932,-2.1615,65.647,-1.4253,-2.0072,66.866,0.1686,0.0018,0.1686,1.219,0.8543,3.2438,-0.401,-2.1941,-5.2060,67.607,4.167,1.2751,102.456,0.1512,0.0196,0.0262,1.3383,4.2519,4.2603,nan,3.9181,4.0419,0.1601,0.2885,1.2678,0.0202,-0.1019,0.2574,19.7297,0.0800,-3.9639
27.500,100.933,-1.4062,-1.9503,70.491,-1.3225,-1.8031,71.350,0.1667,-0.0297,0.1693,0.859,0.8290,3.2715,-0.124,-2.1194,-4.9954,72.569,4.014,1.6246,102.679,0.1429,0.0195,0.0367,1.8830,4.1547,4.1731,nan,4.0076,4.0605,0.1608,0.3276,1.2678,-0.0283,-0.1148,0.3209,20.0076,0.0800,-3.9292
27.551,101.147,-1.3427,-1.7456,75.951,-1.3018,-1.7975,75.729,-0.0404,-0.0523,0.0661,-0.222,0.8290,3.2715,-0.124,-2.1194,-4.9954,77.215,3.937,1.8157,102.894,0.0945,0.0296,0.0301,1.0144,4.0561,4.0736,nan,4.0978,4.1296,0.1635,0.3477,1.2678,-0.0770,-0.1046,0.3691,20.2160,0.0181,-2.4383
27.600,101.147,-1.3427,-1.7456,75.951,-1.2323,-1.5793,81.335,0.1882,-0.0667,0.1996,5.384,0.8737,3.2342,-0.677,-2.0673,-4.7869,82.891,3.937,1.8157,102.894,0.1394,0.0236,0.0462,1.9591,3.8871,3.8888,nan,4.1647,4.2779,0.1694,0.3352,1.2858,-0.1158,-0.0949,0.3647,20.4244,0.0653,-1.3568
27.650,101.362,-1.2998,-1.5346,82.058,-1.1857,-1.3592,87.165,0.1895,-0.0887,0.2092,5.107,0.8731,3.2231,-0.701,-2.0369,-4.5691,88.873,3.902,2.0120,103.114,0.1391,0.0296,0.0582,1.9686,3.8093,3.8285,nan,4.1647,4.2579,0.1686,0.2690,1.2858,-0.1260,-0.0056,0.3647,20.4244,0.0800,-0.3427
27.700,101.581,-1.2805,-1.3168,88.735,-1.1611,-1.1457,92.956,0.1737,-0.1156,0.2087,4.221,0.9130,3.2013,-1.182,-2.0319,-4.3417,95.134,3.913,2.0813,103.342,0.1421,0.0105,0.0767,7.2909,3.7992,3.8285,nan,4.2724,4.3387,0.1718,0.2422,1.3092,-0.1536,0.0244,0.3315,20.6328,0.0800,-0.3427
27.750,101.810,-1.2874,-1.0880,95.481,-1.2071,-0.8877,98.655,0.1917,-0.0991,0.2158,3.174,0.9460,3.1619,-1.774,-2.0550,-4.1005,99.900,3.992,1.6352,103.584,0.1495,0.0186,0.0704,3.7801,3.9906,4.0920,nan,4.4270,4.5528,0.1803,0.1980,1.3321,-0.1671,0.0647,0.3002,20.8412,0.0683,0.9622
27.800,102.049,-1.3200,-0.8511,100.628,-1.2694,-0.6315,102.819,0.2065,-0.0903,0.2253,2.190,0.9320,3.1340,-1.698,-2.1012,-3.8543,103.531,4.106,1.3751,103.834,0.1563,0.0235,0.0719,3.0554,4.1896,4.3047,nan,4.5914,4.6524,0.1843,0.1251,1.3624,-0.1329,0.0823,0.2603,21.1191,0.0313,2.9013
27.850,102.284,-1.3708,-0.6219,104.742,-1.3364,-0.3752,106.101,0.2298,-0.0960,0.2491,1.360,0.8817,3.1617,-1.078,-2.1643,-3.6144,106.542,4.262,1.0664,104.082,0.1660,0.0030,0.0763,25.7679,4.1132,4.1351,nan,4.7196,4.8239,0.1910,0.0803,1.3853,-0.1024,0.0995,0.2313,21.3275,0.0800,3.8514
27.900,102.531,-1.4393,-0.3841,107.481,-1.4122,-0.1136,107.996,0.2499,-0.1071,0.2719,0.515,0.7764,3.2194,0.377,-2.2421,-3.3675,108.380,4.409,0.6323,104.341,0.1749,0.0049,0.0912,18.6793,4.2508,4.3312,nan,4.8954,5.0134,0.1986,0.0489,1.4165,-0.0842,0.0940,0.1933,21.6054,0.0800,3.3989
27.950,102.778,-1.5169,-0.1496,109.203,-1.4998,0.1454,109.437,0.2729,-0.1132,0.2955,0.234,0.6968,3.2788,1.428,-2.3274,-3.1226,109.706,4.566,0.4024,104.601,0.1856,0.0063,0.1005,15.9993,4.5075,4.7276,nan,5.1190,5.2601,0.2083,0.0340,1.4486,-0.0691,0.0733,0.1560,21.8833,0.0663,3.8210
28.000,102.778,-1.5169,-0.1496,109.203,-1.4995,0.1483,110.523,0.2756,-0.1144,0.2984,1.321,0.6968,3.2788,1.428,-2.3274,-3.1226,110.860,4.566,0.4024,104.601,0.1856,0.0063,0.0991,15.7786,4.7262,4.9007,nan,5.2967,5.3835,0.2132,0.0104,1.4819,-0.0508,0.0590,0.1189,22.1612,0.0388,4.1223
28.050,103.035,-1.6035,0.0916,110.299,-1.5816,0.3908,110.653,0.2731,-0.1244,0.3000,0.354,0.6824,3.2637,1.604,-2.4210,-2.8694,111.337,4.741,0.2784,104.871,0.1981,0.0076,0.1083,14.2848,4.7028,4.7424,nan,5.4684,5.5988,0.2217,0.0001,1.4714,-0.0416,0.0405,0.0820,22.4391,0.0800,4.4462
28.100,103.301,-1.6977,0.3408,111.072,-1.6783,0.6474,110.769,0.2791,-0.1284,0.3072,-0.303,0.6080,3.3151,2.844,-2.5223,-2.6067,111.538,4.926,0.1382,105.152,0.2122,0.0006,0.1090,181.3385,4.8803,5.0185,nan,5.4684,5.5495,0.2198,-0.0064,1.4714,-0.0447,0.0501,0.0820,22.4391,0.0350,3.6714
28.150,103.602,-1.8068,0.6213,111.323,-1.7701,0.9434,110.142,0.2867,-0.1513,0.3242,-1.182,0.5815,3.3445,3.238,-2.6365,-2.3122,111.356,5.098,0.0113,105.468,0.2267,0.0042,0.1353,32.6080,4.9441,5.0185,nan,5.6276,5.7710,0.2286,-0.0167,1.4466,-0.0378,0.0351,0.0543,22.6475,0.0611,3.6714
28.200,103.872,-1.9051,0.8725,111.314,-1.8569,1.2013,109.359,0.2888,-0.1644,0.3324,-1.955,0.6455,3.2765,2.206,-2.7399,-2.0471,111.089,5.262,-0.0843,105.753,0.2412,0.0062,0.1532,24.5677,5.1808,5.4283,nan,5.3516,5.2275,0.2070,-0.0180,1.4067,-0.0461,0.0118,0.0080,22.9948,-0.0800,4.0452
28.250,104.172,-2.0134,1.1521,110.864,-1.9677,1.4729,108.813,0.2834,-0.1570,0.3240,-2.051,0.6907,3.2110,1.344,-2.8517,-1.7538,110.528,5.414,-0.1465,106.066,0.2552,0.0109,0.1423,13.1093,5.2063,5.2722,nan,5.0908,5.0029,0.1981,-0.0261,1.3759,-0.0473,0.0012,-0.0289,23.2727,-0.0391,3.9486
28.300,104.497,-2.1282,1.4562,110.339,-2.0930,1.7598,108.682,0.2724,-0.1385,0.3056,-1.657,0.6806,3.2281,1.863,-2.9607,-1.4596,109.990,5.255,-0.1925,106.380,0.2446,0.0043,0.1118,26.2641,5.3764,5.5428,nan,4.7814,4.6693,0.1849,-0.0653,1.3454,-0.0283,0.0051,-0.0658,23.5506,-0.0527,-3.1610
28.350,104.750,-2.2153,1.6940,109.746,-2.2230,1.9768,109.008,0.2687,-0.0883,0.2829,-0.738,0.6965,3.1984,1.947,-3.0425,-1.2319,109.319,5.096,-0.2390,106.622,0.2340,0.0038,0.0593,15.6326,5.3283,5.3713,nan,4.5479,4.5264,0.1793,-0.1368,1.3074,0.0063,0.0348,-0.1119,23.8980,-0.0109,-4.1847
28.400,105.046,-2.3124,1.9741,108.050,-2.3734,2.2314,107.938,0.2635,-0.0218,0.2644,-0.112,0.6984,3.1950,2.025,-3.1283,-0.9685,107.083,4.808,-0.6883,106.899,0.2163,0.0085,0.0498,5.8668,4.9619,4.7929,nan,4.3807,4.4717,0.1771,-0.2393,1.2842,0.0791,0.0690,-0.1397,24.1064,0.0495,-5.0570
28.450,105.291,-2.3837,2.2077,105.187,-2.4106,2.2235,106.602,0.0223,0.0218,0.0312,1.415,0.6984,3.1950,2.025,-3.1283,-0.9685,105.109,4.605,-1.0861,107.132,0.0586,0.0083,0.0305,3.6749,4.8743,4.9006,nan,4.2197,4.2045,0.1665,-0.3408,1.2522,0.1609,0.0887,-0.1769,24.3843,-0.0083,-5.1093
28.500,105.291,-2.3837,2.2077,105.187,-2.4990,2.4263,102.794,0.2412,0.0540,0.2471,-2.393,0.7175,3.1432,1.355,-3.1892,-0.7441,100.875,4.605,-1.0861,107.132,0.2066,0.0083,0.0451,5.4260,4.4714,4.2018,nan,4.0645,4.2020,0.1664,-0.3802,1.2269,0.2119,0.0787,-0.2051,24.5927,0.0796,-3.7711
28.550,105.535,-2.4408,2.4449,100.786,-2.5994,2.6457,97.602,0.2269,0.1182,0.2559,-3.184,0.7239,3.1449,1.215,-3.2337,-0.5106,94.704,4.438,-1.6460,107.369,0.2029,0.0102,0.0600,5.8574,4.3374,4.3486,nan,3.9639,4.0937,0.1621,-0.4188,1.2002,0.2607,0.0498,-0.2336,24.8011,0.0751,-5.3258
28.600,105.776,-2.4767,2.6840,95.347,-2.6531,2.8833,92.587,0.2148,0.1571,0.2661,-2.760,0.7409,3.1143,0.853,-3.2555,-0.2778,89.350,4.222,-1.7455,107.603,0.1977,0.0032,0.1048,32.6227,4.2542,4.2760,nan,3.9639,4.0299,0.1596,-0.3802,1.2002,0.3025,-0.0180,-0.2336,24.8011,0.0800,-3.3622
28.650,106.005,-2.4888,2.9123,89.935,-2.6100,3.1010,87.122,0.1886,0.1214,0.2243,-2.813,0.7420,3.1388,1.331,-3.2553,-0.0509,84.838,4.107,-1.6893,107.830,0.1980,0.0043,0.0629,14.5326,4.2416,4.2760,nan,3.8170,3.8776,0.1536,-0.3729,1.1740,0.3175,-0.0593,-0.2626,25.0095,0.0351,-3.3622
28.700,106.236,-2.4793,3.1432,84.828,-2.5561,3.3153,82.186,0.1645,0.0920,0.1885,-2.641,0.7427,3.1440,1.145,-3.2346,0.1770,80.677,4.004,-1.4683,108.059,0.1974,0.0081,0.0452,5.6038,3.9921,3.9644,nan,3.6742,3.7884,0.1500,-0.3382,1.1494,0.2652,-0.0960,-0.2925,25.2179,0.0661,-2.9419
28.750,106.452,-2.4522,3.3570,80.010,-2.5241,3.5124,77.687,0.1406,0.0978,0.1713,-2.324,0.7516,3.1430,1.013,-3.1981,0.3846,75.994,3.847,-1.6298,108.270,0.1937,0.0114,0.0479,4.1999,4.1842,4.2936,nan,3.5356,3.4283,0.1358,-0.2962,1.1208,0.2143,-0.1153,-0.3234,25.4263,-0.0800,-4.0484
28.800,106.663,-2.4067,3.5631,74.186,-2.4689,3.6890,72.263,0.1042,0.0942,0.1405,-1.923,0.7585,3.1360,0.856,-3.1415,0.5844,70.349,3.694,-1.7351,108.477,0.1912,0.0213,0.0460,2.1562,3.8440,3.7472,nan,3.4458,3.4524,0.1367,-0.3033,1.0855,0.2071,-0.1207,-0.3559,25.6347,0.0038,-3.6931
28.850,106.855,-2.3468,3.7463,69.065,-2.4025,3.8459,68.090,0.0731,0.0876,0.1141,-0.975,0.7611,3.1420,1.088,-3.0756,0.7565,66.101,3.477,-1.6346,108.662,0.1831,0.0109,0.0589,5.4226,3.7840,3.8058,nan,3.3589,3.3315,0.1319,-0.2556,1.0662,0.1704,-0.1666,-0.3785,25.7737,-0.0159,-5.9362
28.900,107.027,-2.2796,3.9042,64.407,-2.3216,3.9914,63.522,0.0605,0.0755,0.0968,-0.886,0.7684,3.1668,1.553,-3.0020,0.9102,61.786,3.399,-1.5528,108.832,0.1818,0.0142,0.0552,3.8930,3.4080,3.2333,nan,3.2768,3.3641,0.1332,-0.2344,1.0444,0.1397,-0.1558,-0.4146,25.9821,0.0800,-2.8100
28.950,107.231,-2.1845,4.0845,59.725,-2.2052,4.1607,59.581,0.0554,0.0563,0.0789,-0.144,0.7684,3.1668,1.553,-2.9009,1.0834,58.273,3.301,-1.2312,109.033,0.1782,0.0203,0.0533,2.6252,3.2697,3.2732,nan,3.1948,3.2426,0.1284,-0.1943,1.0297,0.0940,-0.1778,-0.4403,26.1210,0.0800,-0.7519
29.000,107.231,-2.1845,4.0845,59.725,-2.1936,4.1637,55.889,0.0638,0.0478,0.0797,-3.835,0.7667,3.1627,1.444,-2.9009,1.0834,54.763,3.301,-1.2312,109.127,0.1782,0.0203,0.0362,1.7802,3.3538,3.3991,nan,3.0670,3.0917,0.1224,-0.2048,1.0117,0.0452,-0.1454,-0.4822,26.3294,0.0143,-0.5269
29.050,107.418,-2.0848,4.2433,55.849,-2.0743,4.3113,52.923,0.0621,0.0295,0.0688,-2.926,0.7616,3.1685,1.458,-2.7957,1.2385,51.994,3.274,-1.0131,109.220,0.1777,0.0269,0.0441,1.6380,3.4235,3.4657,nan,2.9805,2.8674,0.1136,-0.2343,1.0117,0.0043,-0.1372,-0.5125,26.4684,-0.0655,-1.8893
29.100,107.596,-1.9811,4.3879,52.773,-1.9791,4.4540,50.606,0.0539,0.0384,0.0662,-2.167,0.7608,3.1679,1.424,-2.6900,1.3776,49.281,3.193,-1.0034,109.395,0.1740,0.0197,0.0368,1.8646,3.1741,3.1397,nan,2.8588,2.8386,0.1124,-0.2752,1.0117,-0.0276,-0.0742,-0.5554,26.6768,-0.0117,-3.4042
29.150,107.768,-1.8736,4.5221,49.621,-1.8689,4.5964,47.579,0.0596,0.0445,0.0744,-2.042,0.7610,3.1548,1.107,-2.5819,1.5048,46.428,3.068,-1.0348,109.562,0.1684,0.0226,0.0465,2.0539,3.1222,3.1397,nan,2.8588,2.8781,0.1140,-0.2299,1.0117,-0.0207,-0.1196,-0.5554,26.6768,0.0112,-3.4042
29.200,107.935,-1.7622,4.6457,46.170,-1.7496,4.7185,44.213,0.0612,0.0414,0.0739,-1.957,0.7625,3.1565,1.146,-2.4711,1.6201,43.180,2.903,-1.0414,109.722,0.1612,0.0250,0.0520,2.0753,2.9373,2.9254,nan,2.8286,2.9647,0.1174,-0.3177,1.0117,-0.0290,-0.0932,-0.5851,26.8157,0.0788,-4.9441
29.250,108.095,-1.6477,4.7585,42.851,-1.6242,4.8290,41.179,0.0652,0.0357,0.0743,-1.672,0.7685,3.1623,1.006,-2.3545,1.7283,40.288,2.847,-1.0994,109.881,0.1586,0.0284,0.0606,2.1296,2.9511,2.9771,nan,2.7552,2.8165,0.1115,-0.3954,1.0117,-0.0371,-0.0247,-0.6381,27.0241,0.0355,-1.8538
29.300,108.272,-1.5138,4.8734,37.953,-1.4905,4.9447,36.393,0.0622,0.0419,0.0750,-1.560,0.7650,3.1461,0.523,-2.2186,1.8441,35.383,2.840,-1.4735,110.059,0.1606,0.0184,0.0520,2.8313,2.7141,2.6797,nan,2.7019,2.7869,0.1104,-0.4695,0.9439,-0.0397,0.0133,-0.6815,27.1631,0.0800,-0.1719
29.350,108.425,-1.3891,4.9625,32.670,-1.3696,5.0330,31.673,0.0545,0.0488,0.0732,-0.997,0.7587,3.1389,0.355,-2.0898,1.9267,30.312,2.753,-1.7352,110.212,0.1580,0.0208,0.0587,2.8175,2.8959,2.9745,nan,2.6214,2.5363,0.1004,-0.5404,1.0071,-0.0202,0.0768,-0.7473,27.3715,-0.0493,-2.7221
29.400,108.425,-1.3891,4.9625,32.670,-1.3719,5.0361,26.837,0.0542,0.0527,0.0756,-5.832,0.7587,3.1389,0.355,-2.0898,1.9267,25.337,2.753,-1.7352,110.212,0.1580,0.0208,0.0468,2.2449,2.7104,2.6961,nan,2.6845,2.7711,0.1097,-0.5993,0.9426,0.0029,0.0992,-0.7790,27.5104,0.0501,-2.4686
29.450,108.592,-1.2434,5.0450,25.803,-1.2232,5.1152,20.235,0.0487,0.0544,0.0730,-5.568,0.7515,3.1264,0.008,-1.9381,2.0000,18.786,2.657,-1.9825,110.381,0.1550,0.0261,0.0607,2.3267,2.6967,2.7163,nan,2.7481,2.7871,0.1104,-0.6265,0.9378,0.0226,0.1057,-0.8120,27.6494,0.0226,-5.2259
29.500,108.735,-1.1118,5.1001,19.101,-1.0946,5.1682,13.296,0.0386,0.0587,0.0703,-5.805,0.7657,3.1327,0.121,-1.8048,2.0462,11.847,2.485,-2.1802,110.522,0.1498,0.0140,0.0613,4.3751,2.6160,2.6251,nan,2.7481,2.8485,0.1128,-0.5385,0.9097,0.0260,0.0061,-0.8120,27.6494,0.0581,0.1316
29.550,108.875,-0.9770,5.1378,11.578,-0.9476,5.2117,5.969,0.0436,0.0665,0.0795,-5.609,0.7604,3.1118,-0.512,-1.6591,2.0863,4.601,2.514,-2.4195,110.673,0.1594,0.0166,0.0699,4.2233,2.6058,2.6251,nan,2.8083,2.9258,0.1159,-0.5281,0.9062,0.0453,-0.0016,-0.8680,0.0000,0.0800,0.1316
29.600,109.013,-0.8400,5.1568,3.715,-0.7894,5.2212,-1.649,0.0547,0.0610,0.0819,-5.365,0.7596,3.1077,-0.399,-1.5102,2.0959,-2.758,2.528,-2.4132,110.823,0.1626,0.0171,0.0683,3.9954,2.6065,2.6275,nan,2.8866,2.9604,0.1172,-0.5198,0.9404,0.0687,0.0374,-0.7827,0.2084,0.0427,-0.6652
29.650,109.159,-0.6944,5.1576,-3.331,-0.6303,5.2157,-7.371,0.0606,0.0617,0.0865,-4.041,0.7504,3.0924,-0.721,-1.3513,2.0867,-8.517,2.649,-2.1909,110.982,0.1680,0.0189,0.0702,3.7144,2.7296,2.7806,nan,2.9256,2.9341,0.1162,-0.4794,1.0003,0.0776,0.0120,-0.7475,0.3474,0.0050,3.4944
29.700,109.309,-0.5452,5.1402,-10.370,-0.4626,5.1973,-13.716,0.0709,0.0711,0.1004,-3.346,0.7450,3.0762,-1.139,-1.1933,2.0578,-14.745,2.717,-2.0752,111.142,0.1701,0.0093,0.0659,7.0878,2.8262,2.8698,nan,2.9806,2.9654,0.1174,-0.4738,1.0486,0.0901,0.0157,-0.7199,0.4863,-0.0088,0.9297
29.750,109.460,-0.3990,5.1051,-16.871,-0.3006,5.1511,-19.689,0.0808,0.0726,0.1086,-2.818,0.7456,3.0757,-0.968,-1.0427,2.0121,-20.376,2.751,-2.0541,111.300,0.1697,0.0109,0.0806,7.3913,2.9069,2.9468,nan,3.0467,3.0347,0.1202,-0.4579,1.0885,0.1078,0.0046,-0.6996,0.6252,-0.0070,0.7485
29.800,109.612,-0.2561,5.0533,-23.368,-0.1503,5.0847,-25.770,0.0847,0.0708,0.1104,-2.402,0.7074,3.0595,-1.703,-0.8972,1.9492,-26.206,2.783,-2.0207,111.458,0.1683,0.0134,0.0870,6.4946,2.7600,2.7571,nan,3.1184,3.2025,0.1268,-0.4670,1.0382,0.1129,-0.0041,-0.6898,0.7642,0.0800,0.0953
29.850,109.760,-0.1226,4.9874,-29.513,-0.1489,5.0800,-31.775,-0.0685,0.0676,0.0962,-2.262,0.7074,3.0595,-1.703,-0.8972,1.9492,-32.003,2.833,-2.0496,111.615,0.1229,0.0156,0.0717,4.5988,2.8428,2.8826,nan,3.2306,3.3574,0.1330,-0.4124,1.1033,0.1141,0.0272,-0.6226,0.9726,0.0800,0.9244
29.900,109.760,-0.1226,4.9874,-29.513,-0.0074,4.9993,-37.597,0.0944,0.0671,0.1158,-8.084,0.7011,3.0499,-1.929,-0.7608,1.8720,-37.628,2.833,-2.0496,111.615,0.1677,0.0156,0.1092,7.0023,2.8034,2.8202,nan,3.3073,3.3516,0.1327,-0.3874,1.1084,0.1128,0.0099,-0.5837,1.1115,0.0800,1.3194
29.950,109.939,0.0275,4.8898,-37.052,0.1574,4.8850,-44.057,0.1066,0.0744,0.1300,-7.005,0.7016,3.0394,-2.178,-0.6064,1.7554,-44.097,2.942,-2.0210,111.808,0.1682,0.0047,0.1011,21.6513,3.0957,3.3244,nan,3.4246,3.4868,0.1381,-0.3515,1.1700,0.1103,-0.0278,-0.5486,1.2505,0.0360,3.7843
30.000,110.096,0.1479,4.7896,-42.893,0.2927,4.7563,-49.521,0.1287,0.0742,0.1486,-6.628,0.6982,3.0372,-2.268,-0.4823,1.6402,-49.015,3.068,-1.9493,111.978,0.1704,0.0059,0.1124,19.1024,3.2533,3.3244,nan,3.4640,3.4313,0.1359,-0.2522,1.1794,0.1160,-0.0934,-0.5322,1.3199,-0.0190,3.7843
30.050,110.273,0.2716,4.6625,-49.056,0.4101,4.6099,-54.875,0.1305,0.0702,0.1482,-5.819,0.7182,3.0459,-1.358,-0.3602,1.4994,-54.468,3.147,-1.8998,112.164,0.1687,0.0102,0.1110,10.9250,3.0407,3.0205,nan,3.5430,3.6251,0.1436,-0.2294,1.1976,0.1088,-0.1140,-0.5015,1.4589,0.0800,2.3223
30.100,110.470,0.3924,4.5081,-55.204,0.5344,4.4337,-59.413,0.1421,0.0742,0.1603,-4.209,0.7283,3.0603,-0.820,-0.2331,1.3361,-58.748,3.274,-1.5368,112.371,0.1755,0.0172,0.1005,5.8264,3.2627,3.3766,nan,3.6617,3.7507,0.1485,-0.1911,1.2247,0.0930,-0.1079,-0.4574,1.6673,0.0515,0.3291
30.150,110.658,0.4946,4.3498,-59.078,0.6363,4.2485,-62.064,0.1597,0.0694,0.1742,-2.986,0.7415,3.0766,-0.055,-0.1312,1.1659,-61.032,3.438,-1.0531,112.570,0.1765,0.0067,0.0695,10.3847,3.4188,3.4912,nan,3.7809,3.8320,0.1518,-0.1756,1.2495,0.0812,-0.0929,-0.4187,1.8757,0.0296,3.8804
30.200,110.851,0.5893,4.1815,-62.354,0.7255,4.0639,-65.057,0.1673,0.0661,0.1799,-2.703,0.7263,3.0784,-0.199,-0.0377,0.9875,-64.026,3.569,-0.9917,112.771,0.1771,0.0056,0.0693,12.2890,3.3994,3.4238,nan,3.9008,4.0255,0.1594,-0.1862,1.2727,0.0653,-0.0509,-0.3839,2.0841,0.0800,3.4905
30.250,111.058,0.6804,3.9959,-65.591,0.7953,3.8582,-68.269,0.1729,0.0477,0.1793,-2.678,0.7263,3.0784,-0.199,0.0509,0.7923,-66.919,3.678,-1.0560,112.986,0.1768,0.0066,0.0623,9.4924,3.6492,3.8031,nan,4.0216,4.0664,0.1610,-0.1849,1.2875,0.0553,-0.0488,-0.3623,2.2231,0.0259,2.4892
30.301,111.260,0.7590,3.8096,-68.932,0.7805,3.8458,-71.747,-0.0261,0.0331,0.0421,-2.815,0.7093,3.0761,-0.760,0.0509,0.7923,-69.951,3.800,-1.0921,113.197,0.1685,0.0491,0.0807,1.6417,3.6964,3.7357,nan,4.1438,4.2367,0.1678,-0.1598,1.3090,0.0278,-0.0362,-0.3318,2.4315,0.0535,2.9902
30.350,111.260,0.7590,3.8096,-68.932,0.8489,3.6370,-75.154,0.1933,0.0218,0.1946,-6.221,0.6972,3.0827,-1.006,0.1268,0.5952,-73.149,3.800,-1.0921,113.197,0.1774,0.0096,0.0793,8.2778,3.7883,3.8405,nan,4.3093,4.4451,0.1760,-0.1387,1.3369,0.0098,-0.0094,-0.2938,2.7094,0.0761,1.9596
30.400,111.468,0.8284,3.6139,-72.346,0.9078,3.4221,-78.458,0.2068,0.0174,0.2076,-6.112,0.6917,3.1060,-0.664,0.1919,0.3907,-76.264,3.884,-1.0515,113.411,0.1763,0.0128,0.0772,6.0379,4.0043,4.1265,nan,4.4779,4.5668,0.1809,-0.1191,1.3575,0.0028,-0.0111,-0.2667,2.9178,0.0472,3.2542
30.450,111.689,0.8902,3.4009,-75.500,0.9558,3.1938,-80.260,0.2169,0.0116,0.2172,-4.760,0.6997,3.1163,-0.556,0.2501,0.1658,-78.049,4.028,-0.8960,113.644,0.1777,0.0108,0.0450,4.1716,4.0763,4.1265,nan,4.4779,4.5121,0.1787,-0.0705,1.3575,0.0012,-0.0665,-0.2667,2.9178,0.0179,3.2542
30.500,111.966,0.9521,3.1313,-78.880,1.0209,2.9198,-82.060,0.2208,0.0267,0.2224,-3.179,0.6969,3.1290,-0.551,0.3060,-0.1187,-80.685,4.206,-0.7305,113.934,0.1795,0.0090,0.0428,4.7644,3.7040,3.5524,nan,4.5634,4.4021,0.1743,-0.0807,1.3780,0.0003,-0.0404,-0.2405,3.1262,0.0800,3.9578
30.550,112.188,0.9921,2.9131,-80.335,1.0654,2.7080,-82.319,0.2145,0.0378,0.2178,-1.984,0.6963,3.1361,-0.537,0.3444,-0.3443,-81.404,4.302,-0.5167,114.162,0.1821,0.0031,0.0354,11.4067,3.8798,5.1296,nan,4.7368,4.6159,0.1828,-0.0968,1.4054,0.0175,-0.0093,-0.2067,3.4041,0.0800,2.7623
30.600,112.424,1.0287,2.6795,-82.041,1.1115,2.4902,-83.257,0.1989,0.0558,0.2066,-1.216,0.6938,3.1403,-0.584,0.3772,-0.5792,-82.955,4.296,-0.5374,114.400,0.1796,0.0082,0.0307,3.7398,3.9611,4.0118,nan,4.8684,4.7225,0.1870,-0.1260,1.4262,0.0369,0.0287,-0.1819,3.6125,0.0800,-0.2494
30.650,112.672,1.0591,2.4332,-84.152,1.1338,2.2417,-85.360,0.1981,0.0548,0.2055,-1.208,0.6978,3.1432,-0.819,0.4034,-0.8350,-85.219,4.403,-0.6863,114.657,0.1817,0.0078,0.0328,4.2152,4.1217,4.2076,nan,5.0452,4.9150,0.1947,-0.1395,1.4475,0.0670,0.0482,-0.1573,3.8209,0.0800,-0.1177
30.700,112.931,1.0800,2.1755,-87.029,1.1142,2.2390,-87.663,-0.0616,0.0375,0.0721,-0.634,0.6978,3.1432,-0.819,0.4034,-0.8350,-87.183,4.512,-0.9661,114.925,0.1929,0.0151,0.0087,0.5748,4.4070,4.8804,nan,5.2215,5.2481,0.2078,-0.1182,1.4765,0.0716,0.0464,-0.1248,4.0988,0.0800,2.0706
30.750,112.931,1.0800,2.1755,-87.029,1.1055,1.9693,-91.746,0.2073,0.0148,0.2078,-4.716,0.7050,3.1427,-1.104,0.4174,-1.1033,-90.891,4.512,-0.9661,114.925,0.1830,0.0151,0.0562,3.7118,4.5735,4.6870,nan,5.4358,5.4504,0.2159,-0.0697,1.5066,0.0591,0.0160,-0.0925,4.3767,0.0800,3.0266
30.800,113.169,1.0871,1.9374,-89.992,1.0916,1.7307,-94.539,0.2067,0.0045,0.2068,-4.547,0.7002,3.1399,-0.721,0.4174,-1.3528,-93.639,4.635,-1.0057,115.175,0.1857,0.0216,0.0694,3.2182,4.4152,4.4198,nan,5.5597,5.2967,0.2098,-0.0191,1.5384,0.0400,-0.0147,-0.0598,4.6545,0.0800,1.5726
30.850,113.470,1.0797,1.6370,-93.143,1.0744,1.4294,-95.881,0.2075,0.0061,0.2076,-2.738,0.7032,3.1562,-0.740,0.3997,-1.6744,-95.240,4.880,-0.6983,115.497,0.1948,0.0102,0.0520,5.1035,4.3863,4.4198,nan,5.5188,5.2617,0.2084,0.0235,1.5300,0.0331,-0.0684,-0.0683,4.5851,0.0800,1.5726
30.900,113.759,1.0596,1.3480,-94.883,1.0586,1.1328,-96.054,0.2146,0.0173,0.2152,-1.171,0.6937,3.1600,-0.327,0.3783,-1.9797,-95.495,5.072,-0.2344,115.803,0.2071,0.0099,0.0329,3.3440,4.6435,5.2941,nan,5.7556,5.5480,0.2197,0.0450,1.5585,0.0262,-0.0718,-0.0358,4.9324,0.0800,4.6687
30.950,114.029,1.0368,1.0796,-94.467,1.0327,0.8722,-94.569,0.2071,0.0121,0.2074,-0.102,0.7061,3.1667,-0.789,0.3571,-2.2517,-94.018,5.092,0.1842,116.076,0.2109,0.0016,0.0081,5.2054,4.9284,5.3868,nan,5.9346,5.8530,0.2318,0.0515,1.5585,0.0207,-0.0636,-0.0130,5.2103,0.0800,0.5027
31.000,114.318,1.0161,0.7908,-93.365,1.0087,0.5766,-93.077,0.2142,0.0052,0.2143,0.288,0.7258,3.1794,-1.391,0.3363,-2.5547,-92.536,5.240,0.4042,116.380,0.2227,0.0016,0.0145,9.2160,5.0438,5.1475,nan,6.0697,5.9669,0.2363,0.0405,1.5585,0.0065,-0.0331,0.0099,5.4882,0.0800,0.2891
31.050,114.613,1.0014,0.4968,-92.015,0.9880,0.2678,-91.904,0.2293,-0.0053,0.2294,0.110,0.7188,3.1771,-1.241,0.3216,-2.8679,-91.338,5.444,0.3833,116.693,0.2391,0.0031,0.0273,8.8009,5.1982,5.3384,nan,6.1999,6.1118,0.2421,0.0308,1.5585,-0.0046,-0.0108,0.0328,5.7661,0.0800,4.6640
31.100,114.922,0.9929,0.1872,-90.912,0.9695,-0.0556,-91.195,0.2431,-0.0195,0.2439,-0.283,0.6943,3.1859,-0.665,0.3133,-3.1938,-90.482,5.606,0.2934,117.019,0.2533,0.0022,0.0427,19.2428,5.4372,5.7173,nan,6.3564,6.3489,0.2514,0.0271,1.5586,-0.0159,-0.0014,0.0397,6.0440,0.0800,3.6792
31.150,115.241,0.9898,-0.1313,-90.032,0.9614,-0.0556,-90.592,-0.0757,-0.0284,0.0809,-0.560,0.6943,3.1859,-0.665,0.3133,-3.1938,-89.642,5.758,0.2552,117.354,0.1566,0.0019,0.0474,24.9761,5.6484,5.8932,nan,6.5062,6.5677,0.2601,0.0289,1.5664,-0.0285,-0.0030,0.0320,6.3913,0.0800,3.4657
31.200,115.241,0.9898,-0.1313,-90.032,0.9564,-0.3914,-89.985,0.2601,-0.0333,0.2622,0.048,0.7044,3.2092,-0.762,0.3131,-3.5283,-89.009,5.758,0.2552,117.354,0.2688,0.0019,0.0395,20.8243,5.8200,6.0184,nan,6.6773,6.7447,0.2671,0.0298,1.5743,-0.0389,-0.0044,0.0243,6.7387,0.0800,3.9531
31.250,115.563,0.9913,-0.4532,-89.256,0.9694,-0.7295,-89.007,0.2760,-0.0255,0.2771,0.249,0.6497,3.2133,0.325,0.3175,-3.8690,-88.283,5.935,0.2622,117.694,0.2869,0.0033,0.0348,10.5966,5.9796,6.1749,nan,6.8126,6.9082,0.2736,0.0167,1.5630,-0.0332,0.0025,0.0167,7.0860,0.0800,4.2050
31.300,115.907,0.9979,-0.7973,-88.374,0.9771,-1.0818,-88.182,0.2838,-0.0289,0.2853,0.192,0.6574,3.2436,0.203,0.3279,-4.2343,-87.454,6.126,0.2823,118.060,0.3077,0.0216,0.0236,1.0895,6.0914,6.2439,nan,6.8126,7.0289,0.2784,-0.0011,1.5630,-0.0223,0.0188,0.0167,7.0860,0.0800,4.2050
31.350,116.255,1.0100,-1.1454,-87.466,1.0094,-1.4451,-87.198,0.2994,-0.0138,0.2997,0.268,0.6865,3.2453,-0.223,0.3442,-4.6027,-86.832,6.302,0.2090,118.429,0.3279,0.0117,0.0175,1.4942,6.1766,6.3114,nan,6.9407,7.1113,0.2816,-0.0206,1.5403,-0.0124,0.0302,0.0090,7.4334,0.0800,3.8978
31.400,116.594,1.0262,-1.4837,-86.960,1.0052,-1.7991,-87.516,0.3138,-0.0377,0.3161,-0.556,0.7051,3.2203,-0.366,0.3632,-4.9606,-86.799,6.464,0.0599,118.787,0.3470,0.0006,0.0147,26.5606,6.4160,6.8252,nan,6.6766,6.5725,0.2603,-0.0533,1.5147,0.0139,0.0436,0.0013,7.7807,-0.0354,3.7726
31.450,116.961,1.0446,-1.8504,-87.562,0.9853,-2.1796,-89.341,0.3264,-0.0733,0.3345,-1.779,0.6929,3.2179,-0.257,0.3797,-5.3487,-88.110,6.635,-0.2258,119.176,0.3661,0.0023,0.0581,25.6456,6.3589,6.4160,nan,6.3599,6.2045,0.2457,-0.0517,1.4894,0.0018,0.0360,-0.0074,8.1281,-0.0800,3.5224
31.500,117.342,1.0569,-2.2315,-89.229,0.9766,-2.5521,-91.541,0.3195,-0.0846,0.3305,-2.311,0.6064,3.2232,0.740,0.3848,-5.7228,-90.245,6.516,-0.5295,119.550,0.3568,0.0088,0.1074,12.2188,6.6077,7.0992,nan,5.9943,6.0732,0.2405,-0.0300,1.4598,-0.0208,0.0073,-0.0265,8.5449,0.0310,2.3388
31.550,117.682,1.0579,-2.5713,-90.810,0.9876,-2.8713,-92.490,0.3010,-0.0660,0.3082,-1.680,0.5386,3.2073,1.443,0.3802,-6.0479,-91.562,6.325,-0.4376,119.875,0.3411,0.0108,0.0841,7.7670,6.3869,6.3578,nan,5.7050,5.8707,0.2325,-0.0251,1.4359,-0.0195,-0.0187,-0.0486,8.8923,0.0699,-4.4639
31.600,118.025,1.0507,-2.9141,-91.766,0.9899,-3.1861,-92.897,0.2737,-0.0524,0.2787,-1.131,0.5416,3.2165,1.489,0.3700,-6.3783,-92.189,6.159,-0.2873,120.205,0.3285,0.0049,0.0703,14.3329,6.1324,6.0780,nan,5.4841,5.6316,0.2230,-0.0567,1.4123,0.0036,-0.0120,-0.0733,9.2396,0.0646,-3.4223
31.650,118.364,1.0385,-3.2532,-92.547,1.0127,-3.1700,-93.396,-0.0820,-0.0295,0.0871,-0.849,0.5416,3.2165,1.489,0.3700,-6.3783,-93.013,5.970,-0.3192,120.530,0.1360,0.0102,0.0427,4.1790,6.0514,6.0938,nan,5.2725,5.2753,0.2089,-0.0936,1.3936,0.0131,0.0036,-0.0948,9.5175,0.0013,-2.3436
31.700,118.364,1.0385,-3.2532,-92.547,1.0417,-3.4803,-93.526,0.2268,0.0133,0.2271,-0.979,0.6034,3.2200,0.854,0.3556,-6.7029,-93.821,5.970,-0.3192,120.530,0.3142,0.0102,0.0330,3.2319,5.8276,5.7977,nan,5.0204,4.9458,0.1959,-0.1583,1.3700,0.0553,0.0378,-0.1217,9.8649,-0.0337,-4.9841
31.750,118.686,1.0208,-3.5746,-94.144,1.0132,-3.7624,-96.224,0.1879,0.0059,0.1880,-2.080,0.6739,3.2544,0.124,0.3335,-7.0071,-96.379,5.745,-0.6029,120.835,0.2967,0.0125,0.0402,3.2123,5.5885,5.5498,nan,4.8750,4.8292,0.1913,-0.2117,1.3505,0.0973,0.0493,-0.1433,10.1427,-0.0215,-6.4086
31.800,119.005,0.9922,-3.8918,-96.768,0.9566,-4.0586,-99.748,0.1698,-0.0157,0.1705,-2.980,0.6845,3.2530,-0.040,0.2985,-7.3019,-99.521,5.445,-0.8837,121.132,0.2735,0.0116,0.0470,4.0521,5.5127,5.5498,nan,4.9230,4.9816,0.1973,-0.1704,1.3555,0.0842,0.0060,-0.1379,10.0733,0.0280,-6.4086
31.850,119.290,0.9520,-4.1741,-100.380,0.9075,-4.3422,-104.325,0.1734,-0.0134,0.1739,-3.944,0.6912,3.2589,-0.140,0.2507,-7.5631,-103.970,5.144,-1.2943,121.398,0.2511,0.0135,0.0677,5.0104,5.1328,4.9248,nan,4.7334,4.8871,0.1935,-0.1659,1.3303,0.0768,-0.0049,-0.1651,10.4206,0.0785,-6.9571
31.900,119.617,0.8803,-4.4932,-106.096,0.8193,-4.6522,-109.562,0.1697,-0.0145,0.1703,-3.467,0.6031,3.2306,0.545,0.1622,-7.8698,-109.288,4.946,-1.3934,121.717,0.2333,0.0362,0.0961,2.6523,4.8286,4.7477,nan,4.5952,4.6161,0.1828,-0.1532,1.3089,0.0834,-0.0394,-0.1872,10.6985,0.0800,-4.3151
31.950,119.886,0.7981,-4.7495,-110.105,0.7661,-4.8965,-112.161,0.1490,0.0204,0.1504,-2.056,0.5799,3.2318,0.744,0.0710,-8.1189,-112.606,4.843,-1.2124,121.982,0.2234,0.0181,0.0379,2.0975,5.0991,5.4495,nan,4.3705,4.2195,0.1671,-0.1388,1.2861,0.0760,-0.0759,-0.2096,10.9764,-0.0800,-2.3279
32.000,120.142,0.7039,-4.9878,-113.603,0.7081,-5.1290,-114.129,0.1277,0.0603,0.1412,-0.526,0.5339,3.2205,1.022,-0.0272,-8.3436,-115.298,4.650,-1.0253,122.227,0.2093,0.0232,0.0179,0.7709,4.9198,4.9167,nan,4.1949,4.0880,0.1619,-0.1841,1.2616,0.1063,-0.0559,-0.2327,11.2543,-0.0800,-3.9097
32.050,120.398,0.5958,-5.2198,-116.813,0.6247,-5.3447,-116.738,0.0984,0.0822,0.1282,0.075,0.5109,3.2237,1.172,-0.1347,-8.5562,-118.205,4.355,-1.0563,122.466,0.1914,0.0295,0.0193,0.6556,4.5275,4.3013,nan,4.1079,4.1329,0.1637,-0.2398,1.2416,0.1337,-0.0387,-0.2506,11.4627,0.0142,-6.9977
32.100,120.627,0.4870,-5.4214,-120.509,0.6147,-5.3391,-120.023,-0.1357,0.0682,0.1519,0.487,0.5109,3.2237,1.172,-0.1347,-8.5562,-121.230,4.153,-1.2017,122.685,0.1803,0.0362,0.0334,0.9225,4.2864,4.2593,nan,4.0212,4.1475,0.1643,-0.2670,1.2195,0.1398,-0.0325,-0.2692,11.6711,0.0731,-5.3250
32.150,120.627,0.4870,-5.4214,-120.509,0.4740,-5.5152,-124.650,0.0874,0.0364,0.0947,-4.141,0.5470,3.2027,0.884,-0.2458,-8.7448,-125.254,4.153,-1.2017,122.685,0.1785,0.0362,0.0665,1.8389,4.0614,4.0441,nan,3.8918,3.9695,0.1572,-0.2547,1.1949,0.1149,-0.0453,-0.2889,11.8795,0.0800,-2.6649
32.200,120.857,0.3637,-5.6152,-125.239,0.3122,-5.6780,-130.826,0.0810,-0.0058,0.0812,-5.587,0.5662,3.1968,0.738,-0.3777,-8.9315,-130.912,4.062,-1.5741,122.913,0.1687,0.0476,0.1128,2.3684,4.0577,4.0907,nan,3.7181,3.7564,0.1488,-0.2053,1.1587,0.0603,-0.0559,-0.3169,12.1574,0.0221,-1.6885
32.250,121.079,0.2286,-5.7913,-130.506,0.1548,-5.8478,-136.032,0.0909,-0.0194,0.0930,-5.526,0.6689,3.1655,-0.001,-0.5229,-9.1015,-135.986,4.014,-1.6379,123.137,0.1596,0.0272,0.0931,3.4233,4.0602,4.0944,nan,3.7181,3.7545,0.1487,-0.0933,1.1587,0.0281,-0.1419,-0.3169,12.1574,0.0210,-2.4942
32.300,121.304,0.0755,-5.9566,-135.593,-0.0123,-5.9965,-139.646,0.0906,-0.0329,0.0964,-4.052,0.6978,3.1395,-0.263,-0.6814,-9.2568,-139.512,3.901,-1.2966,123.359,0.1484,0.0328,0.0890,2.7091,4.0606,4.0944,nan,3.5864,3.5114,0.1391,-0.0654,1.1304,-0.0024,-0.1649,-0.3397,12.3658,-0.0434,-2.4942
32.350,121.511,-0.0764,-6.0967,-139.340,-0.1450,-6.1570,-141.475,0.0914,0.0010,0.0914,-2.134,0.7220,3.1197,-0.484,-0.8330,-9.3870,-141.893,3.756,-0.9502,123.558,0.1391,0.0343,0.0591,1.7248,3.9657,3.9833,nan,3.4532,3.3396,0.1323,-0.0808,1.0971,-0.0298,-0.1494,-0.3643,12.5742,-0.0657,-3.4228
32.400,121.716,-0.2337,-6.2280,-140.698,-0.2811,-6.2915,-140.962,0.0769,0.0191,0.0793,-0.263,0.8814,3.0832,-1.569,-0.9819,-9.5119,-141.651,3.573,-0.4098,123.753,0.1360,0.0353,0.0482,1.3673,3.6472,3.5720,nan,3.3638,3.4170,0.1353,-0.1634,1.0587,-0.0103,-0.0985,-0.3908,12.7826,0.0308,-4.4240
32.450,121.907,-0.3830,-6.3473,-142.057,-0.4199,-6.4156,-142.027,0.0711,0.0311,0.0776,0.030,0.9496,3.0736,-1.989,-1.1254,-9.6237,-142.941,3.400,-0.4334,123.935,0.1316,0.0360,0.0457,1.2676,3.4718,3.4681,nan,3.2743,3.3863,0.1341,-0.2847,1.0149,-0.0053,-0.0012,-0.4203,12.9910,0.0648,-4.8472
32.500,122.096,-0.5342,-6.4607,-144.621,-0.5695,-6.5330,-145.070,0.0706,0.0385,0.0804,-0.449,1.0345,3.0539,-2.569,-1.2784,-9.7324,-146.167,3.352,-0.9372,124.122,0.1266,0.0283,0.0190,0.6719,3.3042,3.3010,nan,3.1400,3.2706,0.1295,-0.3950,0.9916,0.0116,0.0712,-0.4536,13.1994,0.0756,-1.7160
32.550,122.302,-0.7059,-6.5738,-149.441,-0.5735,-6.5391,-147.798,-0.1316,0.0374,0.1369,1.643,1.0345,3.0539,-2.569,-1.2784,-9.7324,-148.852,3.287,-1.5223,124.328,0.2279,0.0273,0.0221,0.8092,3.2875,3.3114,nan,3.0485,3.1170,0.1234,-0.4637,0.9916,0.0297,0.0774,-0.4785,13.3384,0.0397,-1.3744
32.600,122.302,-0.7059,-6.5738,-149.441,-0.7587,-6.6565,-154.553,0.0875,0.0443,0.0981,-5.111,1.0731,3.0528,-2.830,-1.4557,-9.8371,-155.390,3.287,-1.5223,124.328,0.1165,0.0273,0.0226,0.8304,3.3548,3.3957,nan,2.9061,2.8052,0.1111,-0.5258,0.9916,0.0528,0.0887,-0.5208,13.5468,-0.0584,-2.6528
32.650,122.483,-0.8654,-6.6590,-155.194,-0.9308,-6.7386,-161.826,0.0927,0.0448,0.1030,-6.632,1.1689,3.0461,-3.326,-1.6194,-9.9127,-162.404,3.174,-1.9685,124.509,0.1061,0.0263,0.0264,1.0036,3.2963,3.3143,nan,2.7602,2.6700,0.1057,-0.5563,0.9916,0.0725,0.0943,-0.5684,13.7552,-0.0800,-4.2699
32.700,122.655,-1.0258,-6.7233,-161.845,-1.1151,-6.8028,-169.073,0.1096,0.0478,0.1196,-7.228,1.1955,3.0418,-3.512,-1.7815,-9.9659,-169.036,3.010,-2.1403,124.679,0.0954,0.0239,0.0164,0.6853,3.1021,3.0890,nan,2.7602,2.7332,0.1082,-0.4651,0.9916,0.0740,-0.0107,-0.5684,13.7552,-0.0156,-6.2489
32.750,122.817,-1.1815,-6.7651,-168.730,-1.2827,-6.8482,-175.193,0.1155,0.0618,0.1310,-6.463,1.1857,3.0423,-3.530,-1.9340,-9.9963,-174.922,2.773,-2.1827,124.835,0.0872,0.0216,0.0219,1.0153,3.0692,3.0890,nan,2.6147,2.5021,0.0991,-0.4956,0.9916,0.0926,-0.0135,-0.6200,13.9636,-0.0652,-6.2489
32.800,122.982,-1.3452,-6.7869,-176.641,-1.4584,-6.8673,178.279,0.1177,0.0736,0.1388,-5.080,1.0176,3.0844,-2.494,-2.0970,-10.0059,178.747,2.587,-2.0478,124.998,0.0777,0.0210,0.0371,1.7629,2.7398,2.6358,nan,2.5674,2.6660,0.1056,-0.5331,0.9340,0.1132,-0.0317,-0.6613,14.1026,0.0571,-5.1218
32.850,123.119,-1.4830,-6.7876,177.146,-1.6193,-6.8530,171.839,0.1329,0.0721,0.1512,-5.307,0.9484,3.1030,-2.119,-2.2333,-9.9991,173.201,2.458,-1.9787,125.134,0.0730,0.0190,0.0363,1.9162,2.6925,2.7073,nan,2.5523,2.6705,0.1058,-0.5633,0.9178,0.1241,-0.0508,-0.7087,14.2415,0.0684,-4.1630
32.900,123.255,-1.6181,-6.7734,170.582,-1.7687,-6.8165,165.201,0.1415,0.0672,0.1566,-5.381,1.0289,3.0810,-2.638,-2.3747,-9.9756,167.072,2.483,-2.1228,125.278,0.0620,0.0163,0.0440,2.6968,2.5170,2.5039,nan,2.6205,2.6992,0.1069,-0.5911,0.8580,0.1207,-0.0074,-0.7940,14.4499,0.0455,-0.1138
32.950,123.397,-1.7560,-6.7420,163.381,-1.9200,-6.7602,158.237,0.1520,0.0643,0.1650,-5.144,1.0289,3.0810,-2.638,-2.5175,-9.9330,160.579,2.485,-2.2496,125.427,0.0508,0.0140,0.0514,3.6747,2.5365,2.5600,nan,2.6858,2.7993,0.1109,-0.5765,0.8646,0.1123,-0.0075,-0.8604,14.5889,0.0657,-0.6736
33.000,123.397,-1.7560,-6.7420,163.381,-1.9284,-6.7506,151.445,0.1628,0.0576,0.1726,-11.936,1.0378,3.0849,-2.628,-2.5175,-9.9330,154.133,2.485,-2.2496,125.427,0.0508,0.0140,0.0380,2.7167,2.5807,2.6091,nan,2.7760,2.8664,0.1135,-0.5461,0.8991,0.1061,-0.0082,-0.8638,14.7278,0.0523,-0.7428
33.050,123.533,-1.8843,-6.6950,156.066,-2.0579,-6.6718,144.562,0.1681,0.0492,0.1751,-11.504,1.0272,3.0926,-2.545,-2.6505,-9.8740,147.549,2.496,-2.3059,125.572,0.0400,0.0119,0.0352,2.9723,2.5288,2.5417,nan,2.8026,2.8680,0.1136,-0.5282,0.8973,0.0965,-0.0085,-0.8210,14.8667,0.0378,0.6729
33.100,123.690,-2.0228,-6.6218,147.837,-2.1890,-6.5575,137.553,0.1749,0.0340,0.1782,-10.284,1.0997,3.0748,-2.937,-2.7939,-9.7838,140.923,2.561,-2.2496,125.742,0.0296,0.0124,0.0284,2.2882,2.5225,2.5417,nan,2.8026,2.8728,0.1138,-0.3757,0.8951,0.0814,-0.1298,-0.8210,14.8667,0.0406,0.6729
33.150,123.833,-2.1390,-6.5388,140.785,-2.3070,-6.4480,131.841,0.1876,0.0359,0.1910,-8.944,1.1550,3.0616,-3.218,-2.9130,-9.6866,135.355,2.637,-2.0030,125.895,0.0284,0.0126,0.0396,3.1494,2.7057,2.7832,nan,2.8666,2.8494,0.1128,-0.3460,0.9757,0.0597,-0.1392,-0.7838,15.0057,-0.0100,1.3521
33.200,123.984,-2.2515,-6.4379,135.584,-2.4227,-6.3303,128.138,0.1976,0.0429,0.2022,-7.447,1.1802,3.0522,-3.309,-3.0249,-9.5770,131.667,2.733,-1.5691,126.052,0.0332,0.0173,0.0647,3.7396,2.7074,2.7294,nan,2.9148,2.9397,0.1164,-0.3495,0.9897,0.0524,-0.1293,-0.7531,15.1446,0.0144,2.8386
33.250,124.138,-2.3568,-6.3259,130.796,-2.5183,-6.2247,124.841,0.1822,0.0561,0.1906,-5.955,1.1875,3.0517,-3.306,-3.1272,-9.4583,127.533,2.758,-1.5087,126.209,0.0396,0.0232,0.0861,3.7120,2.8540,2.9154,nan,2.9891,2.9838,0.1182,-0.3962,1.0579,0.0561,-0.0337,-0.7221,15.3531,-0.0031,1.4659
33.300,124.291,-2.4521,-6.2061,125.985,-2.6114,-6.1013,120.757,0.1784,0.0673,0.1907,-5.228,1.2641,3.0228,-3.732,-3.2196,-9.3311,122.985,2.804,-1.5893,126.366,0.0468,0.0221,0.1071,4.8560,2.7898,2.8029,nan,3.0340,3.1233,0.1237,-0.4326,1.0452,0.0679,0.0094,-0.6985,15.4920,0.0517,0.9020
33.350,124.449,-2.5390,-6.0744,120.404,-2.6925,-5.9518,115.208,0.1834,0.0703,0.1964,-5.196,1.1204,3.0723,-2.812,-3.3024,-9.1900,117.644,2.840,-1.8211,126.530,0.0565,0.0280,0.1309,4.6785,2.8407,2.8729,nan,3.0709,3.1268,0.1238,-0.4446,1.0779,0.0822,0.0306,-0.6709,15.6309,0.0323,0.1889
33.400,124.610,-2.6134,-5.9315,114.166,-2.7504,-5.7872,109.112,0.1878,0.0659,0.1990,-5.054,1.1204,3.0723,-2.812,-3.3722,-9.0345,111.745,2.909,-2.0045,126.700,0.0692,0.0368,0.1418,3.8470,2.8701,2.8983,nan,3.1305,3.2087,0.1271,-0.4401,1.1002,0.0879,0.0201,-0.6489,15.7699,0.0453,1.1395
33.450,124.610,-2.6134,-5.9315,114.166,-2.7443,-5.7847,103.414,0.1875,0.0593,0.1967,-10.752,1.0829,3.0835,-2.547,-3.3722,-9.0345,106.011,2.909,-2.0045,126.785,0.0692,0.0368,0.1195,3.2419,3.0125,3.0739,nan,3.2026,3.2360,0.1282,-0.4070,1.1240,0.0853,0.0027,-0.6321,15.9088,0.0193,0.0943
33.500,124.770,-2.6715,-5.7816,107.732,-2.7841,-5.6188,97.363,0.1894,0.0576,0.1979,-10.369,1.0475,3.0910,-2.294,-3.4235,-8.8741,99.997,2.946,-2.0404,126.868,0.0817,0.0481,0.1304,2.7114,3.0379,3.0668,nan,3.3238,3.4299,0.1358,-0.3709,1.1450,0.0844,0.0291,-0.5932,16.1172,0.0615,0.6970
33.550,124.934,-2.7131,-5.6235,101.271,-2.8077,-5.4437,91.597,0.1948,0.0577,0.2031,-9.673,1.0930,3.0714,-2.554,-3.4666,-8.7079,94.549,3.002,-1.9462,127.040,0.0875,0.0583,0.1393,2.3882,3.0593,3.0876,nan,3.4103,3.5254,0.1396,-0.3111,1.1564,0.0862,-0.0342,-0.5725,16.1867,0.0666,1.2074
33.600,125.104,-2.7378,-5.4557,95.104,-2.8016,-5.2610,86.328,0.1996,0.0462,0.2049,-8.776,0.9486,3.1150,-1.578,-3.4824,-8.5311,89.529,3.067,-1.8134,127.218,0.0999,0.0498,0.1180,2.3709,3.0625,3.0876,nan,3.4548,3.5823,0.1419,-0.2421,1.1690,0.0764,-0.0951,-0.5502,16.2562,0.0738,1.2074
33.650,125.257,-2.7451,-5.3027,90.026,-2.7810,-5.0999,81.580,0.2028,0.0358,0.2060,-8.446,0.8524,3.1452,-0.923,-3.4825,-8.3675,84.877,3.180,-1.6956,127.382,0.1128,0.0533,0.1143,2.1436,3.0926,3.1228,nan,3.5928,3.6909,0.1462,-0.2035,1.2050,0.0619,-0.0767,-0.4892,16.4646,0.0800,2.8605
33.700,125.461,-2.7371,-5.0987,85.505,-2.7442,-4.8869,79.421,0.2106,0.0237,0.2119,-6.084,0.7681,3.1761,-0.365,-3.4655,-8.1522,82.728,3.376,-1.1145,127.597,0.1271,0.0650,0.1307,2.0114,3.1933,3.2419,nan,3.6882,3.8165,0.1511,-0.1604,1.2283,0.0474,-0.0930,-0.4516,16.6035,0.0800,4.0333
33.750,125.650,-2.7169,-4.9103,82.100,-2.6912,-4.6930,76.461,0.2188,0.0044,0.2188,-5.638,0.8392,3.1465,-0.852,-3.4384,-7.9564,80.055,3.506,-0.9302,127.795,0.1372,0.0708,0.1305,1.8445,3.4567,3.6265,nan,3.8359,3.8693,0.1532,-0.1749,1.2628,0.0366,-0.0360,-0.3985,16.8119,0.0194,3.3712
33.800,125.851,-2.6847,-4.7126,79.241,-2.6457,-4.4986,74.274,0.2175,0.0017,0.2175,-4.967,0.7808,3.1837,-0.422,-3.3995,-7.7519,77.483,3.628,-0.9580,128.003,0.1465,0.0577,0.1190,2.0623,3.5355,3.5812,nan,4.0407,4.1473,0.1642,-0.1579,1.2973,0.0211,-0.0094,-0.3483,17.0203,0.0617,3.4195
33.850,126.060,-2.6403,-4.5081,76.003,-2.5944,-4.2993,71.923,0.2137,0.0060,0.2138,-4.080,0.8198,3.1620,-0.697,-3.3472,-7.5421,74.613,3.723,-0.9329,128.219,0.1555,0.0594,0.1237,2.0821,3.6417,3.6968,nan,4.1995,4.3234,0.1712,-0.1661,1.3322,0.0355,0.0239,-0.3001,17.2288,0.0711,1.6919
33.900,126.254,-2.5892,-4.3205,73.280,-2.5299,-4.1119,69.525,0.2169,0.0032,0.2169,-3.755,0.8724,3.1465,-1.074,-3.2882,-7.3457,71.979,3.880,-0.9493,128.425,0.1673,0.0588,0.1173,1.9938,3.7879,3.8605,nan,4.3614,4.4741,0.1772,-0.1523,1.3681,0.0485,0.0387,-0.2529,17.4372,0.0620,4.2999
33.950,126.465,-2.5238,-4.1206,70.183,-2.4447,-3.9123,66.455,0.2228,-0.0038,0.2228,-3.727,0.8624,3.1447,-1.019,-3.2129,-7.1366,68.820,4.039,-1.0389,128.647,0.1807,0.0564,0.1063,1.8854,3.8810,3.9343,nan,4.4702,4.5794,0.1814,-0.1338,1.3929,0.0581,0.0296,-0.2219,17.5761,0.0584,1.9805
34.000,126.465,-2.5238,-4.1206,70.183,-2.4387,-3.9175,63.444,0.2200,-0.0112,0.2202,-6.739,0.8624,3.1447,-1.019,-3.2129,-7.1366,65.846,4.039,-1.0389,128.647,0.1807,0.0564,0.0956,1.6948,4.1478,4.3529,nan,4.7399,4.8210,0.1909,-0.0944,1.4150,0.0604,0.0267,-0.1602,17.8540,0.0405,1.9616
34.050,126.692,-2.4417,-3.9090,67.103,-2.3674,-3.7108,62.130,0.2115,0.0087,0.2117,-4.973,0.8592,3.1263,-1.025,-3.1258,-6.9140,63.669,4.200,-0.9150,128.886,0.1924,0.0543,0.1018,1.8768,4.1412,4.1751,nan,4.8942,5.0249,0.1990,-0.0651,1.3769,0.0699,0.0155,-0.1141,18.0624,0.0800,3.2520
34.100,126.957,-2.3324,-3.6673,63.994,-2.2594,-3.4703,60.917,0.2091,0.0208,0.2101,-3.077,0.8501,3.1210,-0.978,-3.0042,-6.6647,61.823,4.352,-0.7048,129.163,0.2059,0.0456,0.0833,1.8273,4.1402,4.1751,nan,4.8942,5.0238,0.1990,-0.0456,1.3769,0.0857,-0.0160,-0.1141,18.0624,0.0800,3.2520
34.150,127.202,-2.2215,-3.4491,61.980,-2.1527,-3.2421,60.185,0.2151,0.0365,0.2182,-1.795,0.9321,3.0805,-1.656,-2.8827,-6.4363,60.621,4.533,-0.4772,129.422,0.2206,0.0421,0.0809,1.9212,4.3500,4.4856,nan,4.9938,5.0794,0.2012,-0.0315,1.3405,0.1035,-0.0167,-0.0680,18.2708,0.0406,4.4594
34.200,127.461,-2.0973,-3.2211,60.898,-2.0065,-3.0077,59.518,0.2306,0.0244,0.2319,-1.380,0.9748,3.0791,-1.975,-2.7495,-6.1971,60.257,4.717,-0.2611,129.696,0.2349,0.0382,0.0718,1.8815,4.5889,4.7815,nan,4.6414,4.7188,0.1869,-0.0117,1.2937,0.1191,-0.0176,-0.0062,18.5487,-0.0800,4.3107
34.250,127.724,-1.9680,-2.9922,60.194,-1.8731,-2.7646,59.340,0.2446,0.0308,0.2466,-0.854,1.0260,3.0437,-2.495,-2.6148,-5.9618,59.910,4.814,-0.1332,129.967,0.2433,0.0324,0.0696,2.1501,4.7126,4.8064,nan,4.3829,4.3356,0.1717,0.0589,1.2678,0.0992,-0.0363,0.0556,18.8266,-0.0800,2.8463
34.300,127.991,-1.8348,-2.7612,59.902,-1.7394,-2.5400,59.222,0.2392,0.0283,0.2409,-0.680,1.0026,3.0622,-2.238,-2.4844,-5.7369,59.797,4.714,-0.0582,130.227,0.2368,0.0312,0.0499,1.5973,4.8070,4.8897,nan,4.1530,4.2220,0.1672,0.1176,1.2678,0.1027,-0.0594,0.1176,19.1045,0.0393,-2.2740
34.350,128.256,-1.7032,-2.5307,61.126,-1.6009,-2.3285,61.109,0.2265,0.0080,0.2266,-0.017,1.0026,3.0622,-2.238,-2.3617,-5.5199,61.988,4.461,0.5982,130.476,0.2208,0.0243,0.0441,1.8125,4.6777,4.6913,nan,3.9650,3.9200,0.1552,0.2110,1.2678,0.0757,-0.1042,0.1796,19.3824,-0.0259,-5.0649
34.400,128.505,-1.5872,-2.3112,63.710,-1.5944,-2.3300,62.654,-0.0201,-0.0019,0.0202,-1.057,0.9917,3.0823,-2.067,-2.3617,-5.5199,63.703,4.258,0.8824,130.713,0.0567,0.0343,0.0356,1.0378,4.4366,4.4079,nan,3.9051,3.9426,0.1561,0.2773,1.2678,0.0334,-0.1074,0.2262,19.5908,0.0217,-4.6197
34.450,128.505,-1.5872,-2.3112,63.710,-1.4901,-2.1293,66.103,0.2061,-0.0065,0.2062,2.392,0.8695,3.1294,-0.921,-2.2570,-5.3080,67.123,4.258,0.8824,130.713,0.2077,0.0202,0.0358,1.7757,4.1518,4.1007,nan,3.9569,3.9961,0.1583,0.3201,1.2678,0.0015,-0.1321,0.2890,19.8687,0.0800,-6.0752
34.500,128.747,-1.4860,-2.0910,67.877,-1.4033,-1.9311,71.495,0.1793,-0.0164,0.1801,3.618,0.8773,3.1516,-0.959,-2.1706,-5.0953,72.509,3.995,1.3762,130.942,0.1927,0.0189,0.0260,1.3755,3.9180,3.8997,nan,3.9355,3.9489,0.1564,0.2775,1.2678,0.0015,-0.0878,0.2890,19.8687,0.0077,-3.1803
34.550,128.951,-1.4155,-1.8991,72.689,-1.3423,-1.7455,77.287,0.1684,-0.0242,0.1702,4.597,0.9198,3.1231,-1.467,-2.1104,-4.9024,78.304,3.882,1.7017,131.144,0.1875,0.0144,0.0258,1.7895,3.9153,3.9467,nan,4.0076,4.0778,0.1615,0.2658,1.2678,-0.0233,-0.0538,0.3370,20.0771,0.0406,-1.4743
34.600,129.148,-1.3643,-1.7091,78.109,-1.2728,-1.5644,81.523,0.1604,-0.0597,0.1712,3.414,0.8618,3.1399,-0.915,-2.0693,-4.7070,83.167,3.843,1.7753,131.344,0.1866,0.0131,0.0363,2.7809,3.9149,3.9467,nan,4.0978,4.2349,0.1677,0.2454,1.2678,-0.0463,-0.0271,0.3911,20.2855,0.0800,-1.4743
34.650,129.389,-1.3258,-1.4710,84.090,-1.2245,-1.3129,85.978,0.1677,-0.0845,0.1878,1.887,0.8363,3.1471,-0.633,-2.0441,-4.4636,87.907,3.829,1.5333,131.589,0.1849,0.0188,0.0707,3.7711,3.5678,3.4569,nan,4.1647,4.0164,0.1591,0.2467,1.2858,-0.0850,-0.0034,0.3647,20.4244,0.0800,-0.2816
34.700,129.604,-1.3115,-1.2568,88.806,-1.1993,-1.0973,89.652,0.1618,-0.1088,0.1950,0.846,0.8351,3.1580,-0.574,-2.0394,-4.2376,92.016,3.949,1.5105,131.815,0.1917,0.0205,0.0923,4.5115,3.8520,4.3463,nan,4.3100,4.4173,0.1749,0.2467,1.3169,-0.1135,-0.0233,0.3209,20.7023,0.0800,3.4143
34.750,129.824,-1.3151,-1.0369,93.663,-1.2042,-0.8731,94.138,0.1564,-0.1211,0.1978,0.475,0.8169,3.1514,-0.397,-2.0536,-4.0155,96.466,3.929,1.5267,132.037,0.1900,0.0049,0.0958,19.7279,3.9497,4.0055,nan,4.4270,4.5731,0.1811,0.2430,1.3397,-0.1370,-0.0234,0.2900,20.9107,0.0799,-1.3799
34.800,130.028,-1.3351,-0.8333,98.180,-1.2288,-0.6451,98.833,0.1711,-0.1320,0.2161,0.653,0.7767,3.1571,0.043,-2.0847,-3.7988,100.979,4.075,1.5631,132.256,0.1993,0.0043,0.1053,24.6451,3.9949,4.0365,nan,4.5914,4.6618,0.1846,0.2026,1.3624,-0.1417,0.0001,0.2603,21.1191,0.0800,3.4371
34.850,130.249,-1.3742,-0.6167,102.935,-1.2946,-0.4067,103.749,0.1869,-0.1246,0.2246,0.814,0.7428,3.1597,0.469,-2.1375,-3.5692,105.344,4.224,1.4661,132.492,0.2091,0.0067,0.0989,14.8727,4.2004,4.3219,nan,4.7196,4.8457,0.1919,0.1655,1.3853,-0.1445,0.0311,0.2313,21.3275,0.0641,1.7810
34.900,130.494,-1.4375,-0.3794,107.339,-1.3505,-0.2716,108.625,0.0770,-0.1152,0.1385,1.286,0.7428,3.1597,0.469,-2.1665,-3.4428,109.556,4.385,1.1778,132.752,0.1187,0.0115,0.0737,6.3821,4.3734,4.4802,nan,4.8954,4.9947,0.1978,0.0915,1.4165,-0.1101,0.0596,0.1933,21.6054,0.0483,3.6568
34.950,130.494,-1.4375,-0.3794,107.339,-1.3812,-0.1307,111.050,0.2206,-0.1279,0.2550,3.711,0.7184,3.1630,0.752,-2.2054,-3.3183,112.088,4.385,1.1778,132.752,0.2218,0.0115,0.0967,8.3784,4.4121,4.4620,nan,5.0293,5.1812,0.2052,0.0386,1.4405,-0.0862,0.0863,0.1653,21.8138,0.0728,3.8456
35.000,130.776,-1.5305,-0.1129,111.435,-1.4752,0.1418,112.793,0.2169,-0.1446,0.2607,1.358,0.6893,3.1455,1.277,-2.3144,-3.0407,114.194,4.564,0.8527,133.050,0.2311,0.0012,0.1038,86.3005,4.4200,4.4620,nan,5.0742,5.2333,0.2073,-0.0009,1.4486,-0.0962,0.1304,0.1560,21.8833,0.0800,3.8456
35.050,131.027,-1.6262,0.1192,113.473,-1.6013,0.3801,113.868,0.2294,-0.1268,0.2621,0.395,0.6945,3.1240,1.144,-2.4194,-2.7989,114.797,4.718,0.4729,133.314,0.2403,0.0024,0.0914,38.4435,4.5625,4.6598,nan,5.2967,5.4202,0.2147,-0.0309,1.4819,-0.0692,0.1228,0.1189,22.1612,0.0800,3.6612
35.100,131.321,-1.7457,0.3875,114.477,-1.7369,0.6582,114.080,0.2427,-0.1202,0.2709,-0.398,0.6484,3.1727,1.754,-2.5473,-2.5179,114.752,4.898,0.1070,133.622,0.2529,0.0079,0.0882,11.1183,4.5466,4.5853,nan,5.4263,5.4240,0.2148,-0.0685,1.4798,-0.0208,0.1153,0.0912,22.3696,0.0800,3.7020
35.150,131.596,-1.8591,0.6379,113.825,-1.8522,0.9306,112.567,0.2650,-0.1246,0.2928,-1.258,0.6686,3.1526,1.328,-2.6646,-2.2522,113.156,5.077,-0.2959,133.913,0.2682,0.0077,0.1018,13.2146,4.7231,5.6964,nan,5.6276,5.6386,0.2233,-0.0997,1.4385,0.0191,0.0913,0.0450,22.7169,0.0800,4.0260
35.200,131.863,-1.9645,0.8827,112.255,-1.9620,1.1792,110.529,0.2735,-0.1146,0.2965,-1.725,0.6458,3.1741,1.576,-2.7692,-1.9966,110.987,5.168,-0.6034,134.189,0.2790,0.0094,0.1076,11.4063,4.9803,5.2576,nan,5.3516,5.2527,0.2080,-0.1015,1.4067,0.0358,0.0530,0.0080,22.9948,-0.0417,2.2633
35.250,132.156,-2.0710,1.1562,109.714,-2.0841,1.4526,108.425,0.2835,-0.0876,0.2967,-1.290,0.6975,3.1058,0.350,-2.8724,-1.7086,108.549,5.286,-0.8281,134.495,0.2935,0.0037,0.0849,23.2271,5.1142,5.2335,nan,5.0908,5.0729,0.2009,-0.1098,1.3759,0.0608,0.0176,-0.0289,23.2727,-0.0081,2.7390
35.300,132.470,-2.1709,1.4540,106.838,-2.1980,1.7316,106.093,0.2736,-0.0544,0.2789,-0.745,0.6975,3.1058,0.350,-2.9622,-1.4119,105.801,5.194,-0.8571,134.805,0.2925,0.0085,0.0613,7.2135,4.9312,4.9263,nan,4.8418,4.8427,0.1918,-0.1328,1.3454,0.0912,-0.0072,-0.0658,23.5506,0.0800,-2.0730
35.350,132.470,-2.1709,1.4540,106.838,-2.2158,1.7183,103.949,0.2660,-0.0336,0.2681,-2.889,0.6900,3.1136,0.779,-2.9622,-1.4119,103.348,5.194,-0.8571,134.805,0.2925,0.0085,0.0598,7.0403,5.2104,5.7896,nan,4.5479,4.6161,0.1828,-0.1587,1.3074,0.1141,-0.0174,-0.1119,23.8980,0.0354,-2.8900
35.400,132.762,-2.2498,1.7351,103.963,-2.3027,1.9746,101.623,0.2452,-0.0065,0.2453,-2.341,0.6742,3.1391,1.147,-3.0309,-1.1356,100.718,5.063,-0.9296,135.090,0.2883,0.0129,0.0443,3.4260,4.8729,4.7536,nan,4.3807,4.5239,0.1792,-0.1902,1.2763,0.1264,-0.0193,-0.1490,24.1758,0.0800,-4.2439
35.450,133.031,-2.3087,1.9969,100.801,-2.3694,2.1943,98.664,0.2053,0.0226,0.2065,-2.137,0.6973,3.1078,0.410,-3.0794,-0.8813,97.400,4.895,-1.0164,135.349,0.2816,0.0024,0.0244,10.2558,4.8598,4.9049,nan,4.4357,4.4916,0.1779,-0.1607,1.2842,0.1473,-0.0699,-0.1397,24.1064,0.0800,-2.3561
35.500,133.298,-2.3518,2.2610,97.047,-2.4033,2.4351,94.522,0.1791,0.0298,0.1815,-2.524,0.7082,3.0790,0.237,-3.1108,-0.6274,93.373,4.683,-1.2415,135.604,0.2730,0.0046,0.0246,5.3850,4.8570,4.9049,nan,4.2197,4.2177,0.1670,-0.1676,1.2522,0.1541,-0.0803,-0.1769,24.3843,-0.0011,-2.3561
35.550,133.555,-2.3753,2.5170,92.741,-2.4567,2.6965,91.142,0.1832,0.0727,0.1971,-1.599,0.7099,3.0940,0.728,-3.1227,-0.3791,89.455,4.507,-1.2041,135.853,0.2675,0.0081,0.0345,4.2780,4.5674,4.5046,nan,4.0645,4.1290,0.1635,-0.1566,1.2269,0.1435,-0.1132,-0.2051,24.5927,0.0373,-4.1931
35.600,133.797,-2.3803,2.7583,89.127,-2.4501,2.9303,87.970,0.1709,0.0724,0.1856,-1.156,0.7130,3.0873,0.753,-3.1192,-0.1495,86.555,4.293,-1.0648,136.083,0.2580,0.0107,0.0349,3.2690,4.5587,4.5993,nan,3.8655,3.7418,0.1482,-0.1866,1.1910,0.1540,-0.1103,-0.2432,24.8706,-0.0711,-5.4044
35.650,134.028,-2.3711,2.9900,85.872,-2.4521,3.1599,85.245,0.1636,0.0930,0.1882,-0.628,0.7149,3.0996,0.925,-3.1031,0.0734,83.735,4.134,-1.0687,136.306,0.2512,0.0137,0.0505,3.6794,4.2320,4.1421,nan,3.7689,3.7908,0.1501,-0.1815,1.1661,0.1185,-0.1126,-0.2725,25.0790,0.0127,-3.6002
35.700,134.255,-2.3483,3.2155,82.121,-2.4023,3.3716,81.380,0.1472,0.0748,0.1651,-0.741,0.7161,3.1062,0.489,-3.0740,0.2835,80.512,3.859,-1.0980,136.518,0.2383,0.0063,0.0487,7.6929,3.9563,3.9151,nan,3.6742,3.8071,0.1508,-0.2223,1.1404,0.1199,-0.0982,-0.3027,25.2874,0.0769,-6.7927
35.750,134.494,-2.3082,3.4515,78.240,-2.3823,3.3638,77.908,-0.1009,0.0547,0.1148,-0.332,0.7161,3.1062,0.489,-3.0740,0.2835,77.369,3.755,-1.1218,136.754,0.0359,0.0134,0.0278,2.0669,3.6416,3.5702,nan,3.5356,3.5357,0.1400,-0.1906,1.1100,0.0628,-0.1037,-0.3341,25.4958,0.0800,-2.6428
35.800,134.494,-2.3082,3.4515,78.240,-2.3491,3.5884,74.727,0.1257,0.0679,0.1428,-3.513,0.7193,3.1353,0.854,-3.0261,0.5140,73.825,3.755,-1.1218,136.754,0.2357,0.0134,0.0312,2.3203,3.9185,4.1378,nan,3.4019,3.3117,0.1312,-0.2028,1.0720,0.0307,-0.0925,-0.3671,25.7042,-0.0522,-1.2938
35.850,134.700,-2.2602,3.6511,74.246,-2.3039,3.7918,71.153,0.1235,0.0803,0.1473,-3.092,0.7221,3.1050,0.251,-2.9705,0.7110,70.148,3.704,-1.1242,136.958,0.2360,0.0186,0.0421,2.2673,3.7233,3.7163,nan,3.2768,3.2202,0.1275,-0.2433,1.0513,0.0274,-0.0705,-0.4022,25.9126,-0.0327,-3.9270
35.900,134.895,-2.2021,3.8379,70.901,-2.2162,3.9735,67.659,0.1235,0.0576,0.1363,-3.242,0.7277,3.1156,0.276,-2.9089,0.8889,67.271,3.547,-1.0941,137.147,0.2293,0.0148,0.0462,3.1164,3.4291,3.3717,nan,3.3167,3.3769,0.1337,-0.1820,1.0513,0.0266,-0.1285,-0.4022,25.9126,0.0800,-5.4100
35.950,135.094,-2.1316,4.0241,67.283,-2.1318,4.1312,64.085,0.0987,0.0416,0.1071,-3.198,0.7367,3.1292,0.611,-2.8355,1.0641,63.839,3.342,-1.1779,137.337,0.2205,0.0237,0.0460,1.9431,3.3555,3.3717,nan,3.1948,3.3284,0.1318,-0.2005,1.0297,-0.0094,-0.0993,-0.4403,26.1210,0.0800,-5.4100
36.000,135.278,-2.0555,4.1907,63.333,-2.0600,4.2837,61.174,0.0811,0.0458,0.0931,-2.160,0.7426,3.1553,1.208,-2.7551,1.2243,60.475,3.227,-1.0673,137.516,0.2167,0.0273,0.0549,2.0131,3.3210,3.3427,nan,3.0670,3.1166,0.1234,-0.2198,1.0117,-0.0324,-0.0644,-0.4822,26.3294,0.0287,-3.8411
36.050,135.449,-1.9746,4.3420,60.249,-1.9790,4.4292,58.523,0.0735,0.0471,0.0873,-1.726,0.7299,3.1199,0.742,-2.6738,1.3760,57.774,3.224,-1.0723,137.688,0.2173,0.0310,0.0622,2.0043,3.2829,3.3037,nan,2.9805,2.9742,0.1178,-0.2749,1.0117,-0.0358,-0.0460,-0.5125,26.4684,-0.0036,0.6415
36.100,135.623,-1.8844,4.4901,56.829,-1.8901,4.5735,55.430,0.0667,0.0504,0.0836,-1.400,0.7275,3.1126,0.849,-2.5816,1.5170,54.554,3.097,-1.1197,137.856,0.2120,0.0351,0.0695,1.9834,3.0732,3.0545,nan,2.8965,2.9798,0.1180,-0.3573,1.0117,-0.0357,-0.0194,-0.5415,26.6073,0.0482,-3.7582
36.150,135.792,-1.7873,4.6285,52.722,-1.7853,4.7222,51.151,0.0757,0.0552,0.0937,-1.572,0.7268,3.1113,0.770,-2.4817,1.6483,50.474,2.965,-1.3483,138.021,0.2073,0.0208,0.0598,2.8728,3.0492,3.0702,nan,2.7994,2.8284,0.1120,-0.4397,1.0117,-0.0247,0.0438,-0.5851,26.8157,0.0168,-3.9440
36.200,135.955,-1.6830,4.7547,47.620,-1.6739,4.8608,45.894,0.0845,0.0648,0.1065,-1.726,0.7243,3.1055,0.624,-2.3715,1.7689,45.247,2.885,-1.6751,138.185,0.2056,0.0225,0.0704,3.1328,2.9224,2.9255,nan,2.7552,2.8383,0.1124,-0.5196,1.0117,-0.0067,0.0923,-0.6381,27.0241,0.0481,-2.1447
36.250,136.110,-1.5737,4.8639,41.726,-1.6715,4.8670,41.102,-0.0709,0.0674,0.0979,-0.624,0.7243,3.1055,0.624,-2.3715,1.7689,40.444,2.759,-1.9437,138.338,0.0634,0.0666,0.0532,0.7986,2.9802,3.0153,nan,2.7019,2.6784,0.1061,-0.5807,1.0117,0.0208,0.0914,-0.6815,27.1631,-0.0136,-3.7595
36.300,136.110,-1.5737,4.8639,41.726,-1.5420,4.9684,34.433,0.0932,0.0569,0.1092,-7.292,0.7114,3.0859,0.119,-2.2570,1.8711,34.176,2.759,-1.9437,138.338,0.2027,0.0229,0.0558,2.4390,2.7297,2.6886,nan,2.6292,2.6906,0.1066,-0.6131,0.9493,0.0343,0.0883,-0.7352,27.3020,0.0356,-2.1507
36.350,136.262,-1.4549,4.9590,34.975,-1.4120,5.0653,27.131,0.0961,0.0625,0.1147,-7.844,0.7242,3.1057,0.492,-2.1300,1.9599,26.814,2.682,-2.1997,138.493,0.2026,0.0251,0.0664,2.6430,2.8646,2.9213,nan,2.6845,2.6539,0.1051,-0.6095,0.9962,0.0440,0.1228,-0.7790,27.5104,-0.0178,-3.7065
36.400,136.406,-1.3326,5.0345,27.870,-1.2866,5.1356,20.982,0.0879,0.0678,0.1110,-6.888,0.7306,3.1032,0.322,-2.0017,2.0277,20.369,2.566,-2.3176,138.638,0.2005,0.0154,0.0644,4.1754,2.8932,2.9213,nan,2.6845,2.6322,0.1042,-0.5147,1.0061,0.0485,0.0148,-0.7790,27.5104,-0.0303,-3.7065
36.450,136.555,-1.1961,5.0954,19.781,-1.1548,5.1957,13.865,0.0729,0.0804,0.1085,-5.916,0.7477,3.1176,0.871,-1.8551,2.0805,12.701,2.508,-2.4225,138.794,0.2014,0.0184,0.0772,4.1998,2.5819,2.4925,nan,2.7481,2.8744,0.1138,-0.5442,0.8979,0.0662,0.0176,-0.8120,27.6494,0.0731,-1.9949
36.500,136.684,-1.0722,5.1318,12.645,-1.0206,5.2116,7.432,0.0678,0.0665,0.0950,-5.213,0.7459,3.1089,0.545,-1.7225,2.1102,6.604,2.491,-2.2129,138.930,0.2030,0.0185,0.0715,3.8616,2.7422,2.8082,nan,2.8083,2.8585,0.1132,-0.5159,0.9536,0.0833,0.0060,-0.8680,0.0000,0.0291,-2.0436
36.550,136.827,-0.9312,5.1547,5.565,-0.8708,5.2270,1.419,0.0672,0.0661,0.0942,-4.146,0.7370,3.0922,0.092,-1.5686,2.1350,0.600,2.598,-2.1469,139.086,0.2140,0.0198,0.0725,3.6528,2.5607,2.5463,nan,2.8363,2.9083,0.1152,-0.4985,0.9149,0.0726,0.0096,-0.8051,0.1389,0.0417,2.9302
36.600,136.971,-0.7871,5.1607,-1.176,-0.7184,5.2237,-4.751,0.0674,0.0644,0.0932,-3.574,0.7121,3.0700,-0.266,-1.4159,2.1319,-5.551,2.646,-2.1202,139.239,0.2150,0.0220,0.0727,3.3068,2.6749,2.7224,nan,2.9090,2.9452,0.1166,-0.4846,0.9730,0.0799,0.0158,-0.7642,0.2779,0.0210,0.9369
36.650,137.124,-0.6351,5.1488,-8.048,-0.5560,5.2022,-10.937,0.0709,0.0639,0.0955,-2.889,0.7153,3.0739,-0.139,-1.2560,2.1093,-11.631,2.702,-2.0768,139.400,0.2152,0.0118,0.0642,5.4405,2.7704,2.8129,nan,2.9523,2.9532,0.1170,-0.4622,1.0219,0.0851,0.0118,-0.7329,0.4168,0.0006,1.2269
36.700,137.255,-0.5066,5.1245,-13.771,-0.4180,5.1656,-16.731,0.0763,0.0610,0.0977,-2.960,0.7246,3.0793,0.285,-1.1219,2.0764,-17.145,2.748,-2.0345,139.539,0.2154,0.0106,0.0687,6.4529,2.8477,2.8863,nan,3.0127,3.0119,0.1193,-0.4542,1.0620,0.0882,0.0042,-0.7087,0.5558,-0.0005,0.7282
36.750,137.426,-0.3427,5.0737,-20.915,-0.4151,5.1639,-22.727,-0.0998,0.0584,0.1157,-1.813,0.7246,3.0793,0.285,-1.1219,2.0764,-22.964,2.787,-1.9962,139.717,0.1624,0.0170,0.0668,3.9216,2.6982,2.6941,nan,3.0821,3.1632,0.1253,-0.4294,1.0146,0.0866,-0.0001,-0.6905,0.6947,0.0800,0.8926
36.800,137.426,-0.3427,5.0737,-20.915,-0.2450,5.1101,-28.239,0.0782,0.0689,0.1042,-7.324,0.7291,3.0707,0.274,-0.9550,2.0126,-28.690,2.787,-1.9962,139.717,0.2117,0.0170,0.1039,6.1019,2.8652,2.9361,nan,3.1554,3.2723,0.1296,-0.4147,1.0915,0.0897,-0.0072,-0.6623,0.8336,0.0676,0.5135
36.850,137.581,-0.2015,5.0112,-27.219,-0.0918,5.0380,-33.935,0.0853,0.0740,0.1130,-6.716,0.7225,3.0688,0.345,-0.8114,1.9387,-34.314,2.833,-1.9434,139.879,0.2090,0.0227,0.1109,4.8797,2.9385,2.9769,nan,3.2306,3.3047,0.1309,-0.3900,1.1290,0.0978,-0.0160,-0.6226,0.9726,0.0429,2.2241
36.900,137.742,-0.0618,4.9300,-33.465,0.0568,4.9592,-38.731,0.0828,0.0897,0.1221,-5.265,0.6982,3.0405,-0.637,-0.6629,1.8519,-39.600,2.933,-1.9297,140.051,0.2149,0.0060,0.1025,17.0106,2.9510,2.9769,nan,3.2306,3.2951,0.1305,-0.3030,1.1290,0.1026,-0.1123,-0.6226,0.9726,0.0374,2.2241
36.950,137.910,0.0729,4.8308,-39.719,0.2035,4.8418,-44.623,0.0934,0.0920,0.1311,-4.904,0.6910,3.0417,-0.709,-0.5254,1.7377,-45.186,3.032,-1.9685,140.230,0.2124,0.0091,0.1118,12.3116,2.9367,2.9582,nan,3.3462,3.4759,0.1377,-0.2946,1.1603,0.1156,-0.0748,-0.5657,1.1810,0.0751,2.1287
37.000,138.100,0.2127,4.7010,-46.359,0.3623,4.7039,-49.571,0.1012,0.1103,0.1496,-3.212,0.6827,3.0364,-0.901,-0.3714,1.6097,-49.748,3.126,-1.6407,140.430,0.2265,0.0178,0.1199,6.7540,3.0750,3.1356,nan,3.4640,3.5668,0.1413,-0.2708,1.1794,0.1122,-0.1020,-0.5322,1.3199,0.0595,0.6527
37.050,138.280,0.3314,4.5661,-51.121,0.4707,4.5389,-54.075,0.1086,0.0914,0.1419,-2.954,0.6895,3.0263,-0.804,-0.2524,1.4622,-53.906,3.266,-1.4998,140.619,0.2233,0.0058,0.0822,14.2561,3.1653,3.2105,nan,3.5825,3.6939,0.1463,-0.2637,1.2069,0.1213,-0.0791,-0.4861,1.5284,0.0645,3.9308
37.100,138.466,0.4429,4.4168,-55.645,0.5758,4.3744,-57.749,0.1100,0.0858,0.1395,-2.104,0.6975,3.0321,-0.233,-0.1425,1.3015,-57.564,3.380,-1.3959,140.814,0.2192,0.0075,0.0767,10.2831,3.3991,3.5267,nan,3.7014,3.7133,0.1471,-0.2332,1.2332,0.0911,-0.0592,-0.4440,1.7368,0.0069,1.2045
37.150,138.466,0.4429,4.4168,-55.645,0.5758,4.3782,-61.460,0.1069,0.0879,0.1384,-5.815,0.6975,3.0321,-0.233,-0.1425,1.3015,-61.562,3.380,-1.3959,140.814,0.2192,0.0075,0.1081,14.4839,3.3264,3.3426,nan,3.8208,3.9451,0.1562,-0.2266,1.2574,0.0833,-0.0322,-0.4067,1.9452,0.0800,2.5293
37.200,138.676,0.5543,4.2388,-60.571,0.6863,4.1859,-65.264,0.1109,0.0890,0.1422,-4.693,0.6804,3.0324,-0.668,-0.0349,1.1107,-65.544,3.495,-1.3149,141.033,0.2133,0.0126,0.0940,7.4436,3.5927,3.7735,nan,3.9812,4.0410,0.1600,-0.2199,1.2801,0.0774,-0.0177,-0.3730,2.1536,0.0346,1.7707
37.250,138.874,0.6457,4.0634,-64.689,0.7744,3.9971,-68.812,0.1150,0.0880,0.1447,-4.123,0.6579,3.0321,-1.452,0.0521,0.9267,-69.108,3.564,-1.2734,141.237,0.2079,0.0166,0.0881,5.3152,3.6326,3.6697,nan,4.0622,4.1475,0.1643,-0.2106,1.2947,0.0728,-0.0297,-0.3519,2.2925,0.0494,3.3943
37.300,139.078,0.7268,3.8762,-68.802,0.8453,3.7893,-72.487,0.1239,0.0791,0.1469,-3.684,0.6663,3.0332,-1.064,0.1297,0.7265,-72.614,3.708,-1.2781,141.452,0.2035,0.0096,0.0593,6.1474,3.6390,3.6697,nan,4.1029,4.2114,0.1668,-0.1476,1.3019,0.0691,-0.0685,-0.3417,2.3620,0.0628,3.3943
37.350,139.289,0.7966,3.6769,-72.953,0.8978,3.5541,-77.298,0.1470,0.0608,0.1591,-4.344,0.6565,3.0492,-1.256,0.1944,0.5157,-76.655,3.820,-1.3044,141.672,0.1982,0.0122,0.0620,5.0847,3.6417,3.6718,nan,4.2262,4.2952,0.1701,-0.1240,1.3230,0.0511,-0.0678,-0.3125,2.5704,0.0800,2.7329
37.400,139.504,0.8545,3.4699,-75.849,0.9445,3.3354,-78.477,0.1524,0.0544,0.1618,-2.628,0.6532,3.0568,-1.466,0.2496,0.2968,-77.771,3.980,-0.7928,141.898,0.1960,0.0082,0.0457,5.5852,3.9302,4.1924,nan,4.3511,4.4074,0.1745,-0.0802,1.3437,0.0273,-0.0871,-0.2846,2.7788,0.0305,1.0795
37.450,139.727,0.9045,3.2533,-78.306,0.9819,3.1045,-80.773,0.1614,0.0457,0.1677,-2.467,0.6518,3.0691,-1.231,0.2963,0.0712,-79.917,4.088,-0.7430,142.128,0.1936,0.0084,0.0405,4.8161,3.9217,3.9523,nan,4.4779,4.6258,0.1832,-0.0955,1.3643,0.0149,-0.0463,-0.2579,2.9872,0.0800,2.8500
37.500,139.959,0.9484,3.0246,-80.009,1.0229,2.8578,-81.819,0.1772,0.0444,0.1827,-1.810,0.6592,3.0589,-0.694,0.3383,-0.1671,-80.982,4.218,-0.5886,142.370,0.1932,0.0089,0.0236,2.6434,4.1117,4.2158,nan,4.6932,4.8441,0.1918,-0.0859,1.3916,0.0040,-0.0190,-0.2235,3.2651,0.0778,2.0584
37.550,140.218,0.9889,2.7694,-82.160,1.0651,2.5909,-83.421,0.1872,0.0511,0.1941,-1.261,0.6592,3.0589,-0.694,0.3752,-0.4353,-82.920,4.380,-0.6076,142.641,0.1923,0.0062,0.0309,5.0129,4.0753,4.1032,nan,4.8244,4.8332,0.1914,-0.1024,1.4123,0.0098,0.0091,-0.1984,3.4735,0.0800,3.6127
37.600,140.218,0.9889,2.7694,-82.160,1.0628,2.5943,-85.067,0.1835,0.0493,0.1901,-2.907,0.6557,3.0492,-0.722,0.3752,-0.4353,-84.662,4.380,-0.6076,142.641,0.1923,0.0062,0.0316,5.1257,4.3663,4.7530,nan,5.0010,5.1616,0.2044,-0.1104,1.4403,0.0262,0.0328,-0.1655,3.7514,0.0777,4.2858
37.650,140.473,1.0198,2.5159,-84.117,1.0660,2.3237,-87.394,0.1960,0.0263,0.1977,-3.277,0.6537,3.0623,-0.739,0.4027,-0.7025,-86.511,4.553,-0.6470,142.909,0.1929,0.0069,0.0355,5.1426,4.5566,4.6882,nan,5.2215,5.3873,0.2134,-0.0996,1.4692,0.0283,0.0422,-0.1329,4.0293,0.0768,1.5455
37.700,140.730,1.0417,2.2597,-86.441,1.0549,2.0550,-90.425,0.2051,0.0004,0.2051,-3.984,0.6521,3.0575,-0.744,0.4192,-0.9674,-89.037,4.637,-0.7784,143.175,0.1907,0.0086,0.0495,5.7744,4.6342,4.7033,nan,5.2215,5.3283,0.2110,-0.0495,1.4692,0.0040,0.0004,-0.1329,4.0293,0.0487,4.2020
37.750,140.996,1.0530,1.9946,-89.032,1.0666,1.7772,-92.381,0.2176,0.0100,0.2178,-3.349,0.6526,3.0711,-0.419,0.4239,-1.2488,-91.312,4.824,-0.7745,143.456,0.1913,0.0094,0.0442,4.7187,4.6534,4.7033,nan,5.3937,5.5313,0.2191,-0.0130,1.4990,-0.0043,-0.0177,-0.1006,4.3072,0.0800,4.2020
37.800,141.292,1.0520,1.6985,-91.564,1.0378,1.4765,-93.895,0.2223,-0.0081,0.2225,-2.331,0.6534,3.0538,-0.472,0.4153,-1.5637,-92.643,5.033,-0.4302,143.771,0.1939,0.0162,0.0564,3.4762,4.8263,4.9600,nan,5.5597,5.7369,0.2272,0.0080,1.5300,0.0041,-0.0302,-0.0683,4.5851,0.0800,4.5032
37.850,141.589,1.0424,1.4011,-91.964,1.0112,1.1694,-93.354,0.2326,-0.0233,0.2338,-1.390,0.6728,3.0628,-1.247,0.4046,-1.8767,-91.919,5.211,0.0227,144.085,0.2018,0.0037,0.0577,15.6503,5.1008,5.4735,nan,5.7556,5.8784,0.2328,0.0368,1.5564,-0.0155,-0.0381,-0.0418,4.8630,0.0509,3.6925
37.900,141.860,1.0332,1.1311,-91.776,0.9993,0.8966,-92.951,0.2355,-0.0266,0.2370,-1.175,0.6637,3.0497,-1.080,0.3958,-2.1612,-91.664,5.368,0.0677,144.369,0.2110,0.0033,0.0558,17.1438,5.1885,5.2827,nan,5.9000,6.0666,0.2403,0.0378,1.5585,-0.0294,-0.0155,-0.0187,5.1408,0.0679,4.0517
37.950,142.187,1.0249,0.8036,-90.786,1.0083,0.5513,-91.217,0.2525,-0.0131,0.2529,-0.431,0.6739,3.0487,-1.325,0.3911,-2.5056,-90.323,5.538,0.3251,144.714,0.2248,0.0006,0.0459,82.7439,5.1022,5.1311,nan,6.0364,6.0335,0.2390,0.0350,1.5585,-0.0263,-0.0048,0.0041,5.4187,0.0800,2.3080
38.000,142.496,1.0227,0.4944,-89.743,1.0175,0.5439,-90.100,-0.0495,-0.0049,0.0497,-0.357,0.6739,3.0487,-1.325,0.3911,-2.5056,-89.392,5.689,0.3176,145.038,0.2314,0.0000,0.0071,nan,5.2753,6.3559,nan,6.1999,6.1951,0.2454,0.0025,1.5585,0.0014,0.0224,0.0328,5.7661,0.0800,3.6427
38.050,142.496,1.0227,0.4944,-89.743,1.0115,0.2188,-89.217,0.2756,-0.0125,0.2758,0.526,0.6598,3.0405,-0.974,0.3925,-2.8305,-88.489,5.689,0.3176,145.038,0.2382,0.0000,0.0133,nan,5.5144,5.8047,nan,6.3868,6.4297,0.2546,-0.0104,1.5603,0.0124,0.0267,0.0379,6.1134,0.0800,1.8152
38.100,142.817,1.0263,0.1734,-88.776,1.0120,-0.1054,-89.017,0.2784,-0.0202,0.2791,-0.241,0.6384,3.0739,-0.337,0.3996,-3.1616,-88.276,5.771,0.1429,145.370,0.2478,0.0022,0.0308,14.1583,5.6172,5.7387,nan,6.5353,6.5323,0.2587,-0.0169,1.5680,0.0183,0.0253,0.0305,6.4608,0.0800,2.4919
38.150,143.150,1.0337,-0.1589,-88.664,1.0166,-0.4517,-89.368,0.2923,-0.0239,0.2933,-0.704,0.6187,3.1093,0.183,0.4073,-3.5063,-88.668,5.878,-0.0012,145.714,0.2570,0.0081,0.0352,4.3180,5.6543,5.7387,nan,6.5353,6.5724,0.2603,-0.0211,1.5680,0.0162,0.0322,0.0305,6.4608,0.0800,2.4919
38.200,143.484,1.0409,-0.4929,-88.953,1.0381,-0.7903,-89.740,0.2973,-0.0083,0.2974,-0.786,0.6209,3.1290,0.161,0.4137,-3.8582,-89.320,6.040,-0.1339,146.066,0.2699,0.0144,0.0284,1.9649,5.8736,6.1560,nan,6.7049,6.8008,0.2693,-0.0191,1.5759,0.0277,0.0163,0.0228,6.8081,0.0800,2.9331
38.250,143.851,1.0463,-0.8599,-89.501,1.0359,-1.1897,-90.342,0.3297,-0.0133,0.3300,-0.841,0.6293,3.1358,-0.020,0.4171,-4.2423,-89.877,6.183,-0.1752,146.451,0.2820,0.0194,0.0214,1.1034,5.9870,6.1356,nan,6.8388,6.9144,0.2738,-0.0206,1.5585,0.0456,0.0008,0.0151,7.1555,0.0800,2.9956
38.300,144.202,1.0480,-1.2112,-90.084,1.0009,-1.5597,-91.452,0.3485,-0.0466,0.3516,-1.368,0.6577,3.1791,-0.289,0.4165,-4.6132,-90.421,6.348,-0.1859,146.821,0.2965,0.0133,0.0483,3.6394,6.1546,6.3725,nan,6.9653,7.0854,0.2806,-0.0134,1.5353,0.0398,-0.0147,0.0075,7.5029,0.0800,3.7865
38.350,144.556,1.0460,-1.5646,-90.736,0.9792,-1.9371,-92.162,0.3733,-0.0620,0.3784,-1.427,0.6302,3.1995,0.106,0.4117,-4.9848,-91.016,6.491,-0.1790,147.193,0.3101,0.0031,0.0598,19.0146,6.3554,6.6462,nan,6.5490,6.3975,0.2534,0.0171,1.5045,-0.0028,-0.0368,-0.0017,7.9197,-0.0520,2.2343
38.400,144.924,1.0401,-1.9327,-91.144,0.9757,-1.9432,-92.737,0.0118,-0.0642,0.0653,-1.593,0.6302,3.1995,0.106,0.4117,-4.9848,-91.529,6.623,-0.0141,147.578,0.2022,0.0034,0.0670,19.5714,6.5456,6.8334,nan,6.2360,6.0220,0.2385,0.0196,1.4794,-0.0187,-0.0441,-0.0114,8.2670,-0.0800,3.3195
38.450,144.924,1.0401,-1.9327,-91.144,0.9618,-2.3317,-92.373,0.4005,-0.0703,0.4066,-1.230,0.6290,3.2186,0.124,0.4041,-5.3697,-91.200,6.623,-0.0141,147.578,0.3236,0.0034,0.0822,24.0146,6.5434,6.6331,nan,5.8769,6.0542,0.2398,0.0140,1.4502,-0.0419,-0.0380,-0.0353,8.6839,0.0728,-3.7608
38.500,145.335,1.0333,-2.3435,-90.573,0.9749,-2.7193,-90.709,0.3764,-0.0547,0.3803,-0.135,0.6051,3.2395,0.379,0.4001,-5.7651,-89.929,6.425,0.1898,147.973,0.3119,0.0149,0.0633,4.2463,6.5178,6.5937,nan,5.8769,6.0673,0.2403,0.0080,1.4502,-0.0343,-0.0362,-0.0353,8.6839,0.0800,-5.6138
38.550,145.681,1.0311,-2.6896,-89.958,1.0087,-3.0144,-89.712,0.3247,-0.0226,0.3255,0.246,0.6615,3.2467,-0.158,0.4003,-6.0923,-89.459,6.187,0.1674,148.301,0.2975,0.0054,0.0416,7.6848,6.5089,6.5937,nan,5.5933,5.5702,0.2206,-0.0633,1.4264,-0.0128,0.0118,-0.0578,9.0312,-0.0095,-5.6138
38.600,146.060,1.0326,-3.0687,-89.490,1.0399,-3.3491,-89.214,0.2805,0.0048,0.2805,0.276,0.6157,3.2923,0.306,0.4006,-6.4613,-89.395,6.043,0.0403,148.670,0.2885,0.0047,0.0426,9.0298,6.0875,5.7077,nan,5.3771,5.4549,0.2160,-0.1352,1.4030,0.0297,0.0533,-0.0840,9.3786,0.0341,-2.8526
38.650,146.390,1.0329,-3.3988,-91.012,1.0350,-3.6418,-92.076,0.2429,0.0064,0.2430,-1.064,0.7176,3.3271,-0.687,0.3951,-6.7710,-92.238,5.773,-0.5825,148.979,0.2687,0.0136,0.0351,2.5724,6.0112,6.0547,nan,5.1701,5.1030,0.2021,-0.2067,1.3842,0.0738,0.0853,-0.1055,9.6564,-0.0295,-6.0986
38.700,146.706,1.0211,-3.7149,-94.288,1.0027,-3.9363,-96.487,0.2222,-0.0018,0.2222,-2.199,0.6900,3.3632,-0.494,0.3727,-7.0707,-96.509,5.531,-1.2115,149.280,0.2492,0.0117,0.0324,2.7631,5.7527,5.6987,nan,4.9714,4.8951,0.1939,-0.2145,1.3604,0.0943,0.0702,-0.1325,10.0038,-0.0349,-3.6977
38.750,146.986,0.9927,-3.9933,-98.391,0.9573,-4.1684,-101.036,0.1784,-0.0095,0.1786,-2.645,0.6158,3.3118,0.203,0.3343,-7.3306,-100.845,5.252,-1.5153,149.543,0.2285,0.0128,0.0494,3.8691,5.5263,5.4967,nan,4.7802,4.6897,0.1857,-0.2035,1.3405,0.0995,0.0264,-0.1542,10.2817,-0.0428,-6.6117
38.800,147.287,0.9376,-4.2891,-103.819,0.9679,-4.1406,-105.250,-0.1515,-0.0061,0.1516,-1.431,0.6158,3.3118,0.203,0.3343,-7.3306,-105.181,4.969,-1.5914,149.828,0.2291,0.0266,0.0599,2.2492,5.1324,4.8842,nan,4.6870,4.7963,0.1900,-0.1709,1.3250,0.0938,-0.0223,-0.1706,10.4901,0.0557,-6.2145
38.850,147.287,0.9376,-4.2891,-103.819,0.9109,-4.3992,-110.026,0.1132,0.0004,0.1132,-6.207,0.4700,3.2836,1.431,0.2661,-7.6079,-110.141,4.969,-1.5914,149.828,0.2059,0.0266,0.1035,3.8847,4.8848,4.8477,nan,4.5497,4.6886,0.1857,-0.1530,1.3034,0.0953,-0.0510,-0.1927,10.7680,0.0800,-5.6463
38.900,147.554,0.8649,-4.5457,-108.652,0.8335,-4.6253,-113.376,0.0854,-0.0043,0.0855,-4.724,0.3453,3.2984,2.417,0.1841,-7.8509,-113.578,4.759,-1.3389,150.085,0.1894,0.0362,0.0982,2.7138,4.6704,4.6524,nan,4.4149,4.4903,0.1778,-0.1366,1.2861,0.0805,-0.0773,-0.2096,10.9764,0.0800,-1.3811
38.950,147.832,0.7674,-4.8069,-112.907,0.7415,-4.8696,-116.317,0.0679,0.0006,0.0679,-3.409,0.4443,3.3292,1.693,0.0856,-8.1107,-116.619,4.696,-1.1658,150.363,0.1877,0.0208,0.0635,3.0552,4.6200,4.6524,nan,4.4149,4.4359,0.1757,-0.0733,1.2861,0.0811,-0.1420,-0.2096,10.9764,0.0800,-1.3811
39.000,148.084,0.6635,-5.0362,-116.358,0.6136,-5.0868,-119.721,0.0674,-0.0222,0.0710,-3.363,0.5362,3.3323,0.931,-0.0252,-8.3343,-119.570,4.627,-1.0766,150.612,0.1789,0.0268,0.0815,3.0437,4.6817,4.7463,nan,4.2385,4.2638,0.1689,-0.0773,1.2616,0.0623,-0.1325,-0.2327,11.2543,0.0139,-1.7533
39.050,148.348,0.5404,-5.2698,-119.476,0.5066,-5.2723,-120.792,0.0188,-0.0281,0.0339,-1.316,0.5906,3.2928,0.450,-0.1510,-8.5568,-121.024,4.478,-0.5876,150.868,0.1687,0.0337,0.0684,2.0294,4.6226,4.6530,nan,4.1079,4.0606,0.1608,-0.0619,1.2416,0.0238,-0.1376,-0.2506,11.4627,-0.0262,-1.6218
39.100,148.603,0.4121,-5.4896,-121.205,0.3480,-5.4451,-122.531,-0.0049,-0.0778,0.0780,-1.326,0.5962,3.2894,0.319,-0.2774,-8.7655,-122.101,4.307,-0.4361,151.112,0.1616,0.0434,0.1033,2.3769,4.5370,4.5608,nan,3.9780,3.8811,0.1537,-0.0980,1.2195,0.0010,-0.0976,-0.2692,11.6711,-0.0547,-3.8661
39.150,148.839,0.2878,-5.6900,-122.512,0.2137,-5.5998,-124.013,-0.0362,-0.1109,0.1167,-1.500,0.4790,3.2530,1.018,-0.3981,-8.9549,-123.452,4.122,-0.5221,151.336,0.1564,0.0262,0.1156,4.4104,4.1827,4.0582,nan,3.8918,3.9837,0.1578,-0.0851,1.1949,-0.0716,-0.0726,-0.2889,11.8795,0.0532,-4.3858
39.200,149.064,0.1638,-5.8783,-124.441,0.1154,-5.8009,-125.302,-0.0364,-0.0837,0.0913,-0.861,0.3852,3.2235,1.568,-0.5173,-9.1351,-125.213,3.956,-0.5360,151.553,0.1547,0.0290,0.0920,3.1660,4.1060,4.1277,nan,3.7617,3.8003,0.1505,-0.1185,1.1680,-0.0981,-0.0331,-0.3097,12.0879,0.0224,-4.6264
39.250,149.285,0.0366,-6.0586,-126.125,0.0938,-5.9341,-125.976,-0.1342,-0.0272,0.1370,0.150,0.3852,3.2235,1.568,-0.5793,-9.2256,-126.758,3.912,-0.6355,151.771,0.1847,0.0321,0.0568,1.7693,3.8637,3.8404,nan,3.6305,3.7387,0.1481,-0.2323,1.1304,-0.0482,0.0361,-0.3397,12.3658,0.0626,-0.7978
39.300,149.285,0.0366,-6.0586,-126.125,0.0712,-6.0406,-126.918,-0.0350,0.0173,0.0390,-0.793,0.4177,3.1671,1.267,-0.6437,-9.3137,-128.681,3.912,-0.6355,151.771,0.1543,0.0321,0.0242,0.7552,3.9360,3.9839,nan,3.4978,3.4407,0.1363,-0.3776,1.0971,0.0264,0.0961,-0.3643,12.5742,-0.0331,-2.9521
39.350,149.497,-0.0913,-6.2277,-128.359,-0.0311,-6.1934,-128.874,-0.0643,0.0259,0.0693,-0.515,0.4047,3.1452,1.306,-0.7719,-9.4758,-131.125,3.806,-0.7678,151.978,0.1497,0.0327,0.0200,0.6113,3.6526,3.6046,nan,3.3638,3.4129,0.1352,-0.4927,1.0587,0.0863,0.1541,-0.3908,12.7826,0.0284,-2.6524
39.400,149.703,-0.2232,-6.3858,-132.165,-0.1821,-6.3184,-134.923,-0.0775,-0.0148,0.0790,-2.758,0.3928,3.1196,1.278,-0.9079,-9.6260,-136.549,3.695,-1.3471,152.181,0.1417,0.0285,0.0746,2.6220,3.5961,3.6171,nan,3.4085,3.5369,0.1401,-0.4413,1.0720,0.0807,0.0921,-0.3817,12.7132,0.0743,-2.6524
39.450,149.916,-0.3726,-6.5381,-137.609,-0.3575,-6.4549,-141.791,-0.0672,-0.0513,0.0845,-4.183,0.3731,3.1173,1.334,-1.0520,-9.7708,-142.711,3.443,-1.7734,152.385,0.1420,0.0278,0.0965,3.4779,3.5917,3.6202,nan,3.2743,3.2973,0.1306,-0.4276,1.0299,0.0712,0.0628,-0.4101,12.9216,0.0133,-3.2603
39.500,150.089,-0.5046,-6.6493,-142.615,-0.5173,-6.5883,-146.481,-0.0270,-0.0562,0.0623,-3.866,0.3345,3.1236,1.558,-1.1880,-9.8747,-146.973,3.344,-1.6498,152.556,0.1349,0.0253,0.0787,3.1062,3.5769,3.6035,nan,3.1400,3.0657,0.1214,-0.4279,0.9916,0.0791,0.0286,-0.4420,13.1300,-0.0430,-3.6223
39.550,150.278,-0.6605,-6.7575,-148.674,-0.6930,-6.6906,-152.764,-0.0070,-0.0741,0.0744,-4.090,0.4166,3.1209,1.090,-1.3491,-9.9727,-153.115,3.211,-1.9819,152.745,0.1255,0.0246,0.0757,3.0803,3.2519,3.1630,nan,3.0485,3.1440,0.1245,-0.4781,0.9916,0.1039,0.0442,-0.4785,13.3384,0.0553,-3.1338
39.600,150.464,-0.8242,-6.8451,-155.699,-0.8593,-6.8014,-158.443,0.0140,-0.0543,0.0561,-2.743,0.4687,3.1157,0.738,-1.5151,-10.0477,-159.214,3.018,-2.0705,152.927,0.1181,0.0236,0.0564,2.3883,3.2821,3.3141,nan,2.9061,2.8604,0.1133,-0.5018,0.9916,0.1127,0.0358,-0.5208,13.5468,-0.0264,-5.3250
39.650,150.632,-0.9806,-6.9056,-162.719,-1.0185,-6.8977,-164.383,0.0339,-0.0188,0.0387,-1.664,0.4734,3.1086,0.675,-1.6790,-10.0987,-165.701,2.961,-2.2173,153.099,0.1077,0.0208,0.0283,1.3579,3.0738,3.0555,nan,2.8091,2.8421,0.1126,-0.5552,0.9916,0.1647,0.0130,-0.5521,13.6858,0.0191,-1.4596
39.700,150.789,-1.1333,-6.9437,-169.761,-1.0262,-6.9391,-170.619,-0.1062,0.0145,0.1072,-0.858,0.4734,3.1086,0.675,-1.6790,-10.0987,-172.053,2.790,-2.2262,153.254,0.2547,0.0199,0.0384,1.9278,3.0451,3.0653,nan,2.6628,2.6051,0.1032,-0.5963,0.9916,0.2110,0.0275,-0.6017,13.8942,-0.0334,-5.0989
39.750,150.789,-1.1333,-6.9437,-169.761,-1.1920,-7.0050,-177.111,0.0686,0.0499,0.0848,-7.350,0.6065,3.0936,-0.162,-1.8319,-10.1263,-178.391,2.790,-2.2262,153.254,0.1047,0.0199,0.0241,1.2130,2.8129,2.7822,nan,2.6147,2.6955,0.1068,-0.6523,0.9589,0.2531,0.0028,-0.6399,14.0331,0.0468,-2.7837
39.800,150.945,-1.2883,-6.9621,-177.275,-1.3575,-7.0365,175.601,0.0726,0.0711,0.1016,-7.124,0.6702,3.0830,-0.535,-1.9901,-10.1338,174.301,2.685,-2.3188,153.412,0.0995,0.0212,0.0282,1.3320,2.8847,2.9222,nan,2.5598,2.5405,0.1006,-0.6539,0.9833,0.2782,-0.0307,-0.6842,14.1720,-0.0112,-5.0644
39.850,151.085,-1.4281,-6.9604,175.508,-1.5107,-7.0487,169.089,0.0754,0.0945,0.1209,-6.420,0.6305,3.0859,-0.400,-2.1289,-10.1229,167.805,2.527,-2.3772,153.552,0.0997,0.0190,0.0149,0.7861,2.7006,2.6881,nan,2.5598,2.6804,0.1062,-0.5979,0.9206,0.2985,-0.1464,-0.6842,14.1720,0.0698,-5.0644
39.900,151.225,-1.5668,-6.9404,167.629,-1.6644,-7.0242,161.835,0.0774,0.1027,0.1286,-5.794,0.7288,3.0686,-0.988,-2.2732,-10.0913,160.501,2.480,-2.4856,153.699,0.0943,0.0169,0.0223,1.3133,2.4822,2.4515,nan,2.5523,2.6056,0.1032,-0.6199,0.8461,0.3082,-0.1618,-0.7350,14.3110,0.0309,-1.7610
39.950,151.361,-1.6973,-6.9025,159.659,-1.7964,-6.9804,155.018,0.0659,0.1075,0.1261,-4.642,0.7423,3.0746,-1.097,-2.4048,-10.0425,153.479,2.398,-2.3983,153.840,0.0947,0.0167,0.0286,1.7152,2.5636,2.6004,nan,2.6205,2.6638,0.1055,-0.5748,0.8739,0.2982,-0.1825,-0.7940,14.4499,0.0250,-3.1240
40.000,151.495,-1.8198,-6.8478,152.082,-1.9235,-6.9048,148.158,0.0650,0.0989,0.1183,-3.923,0.9175,3.0410,-2.114,-2.5304,-9.9759,146.972,2.405,-2.2437,153.982,0.0948,0.0152,0.0313,2.0608,2.5382,2.5548,nan,2.6539,2.7418,0.1086,-0.5138,0.8652,0.2786,-0.2458,-0.8261,14.5194,0.0509,-0.5027
40.050,151.629,-1.9338,-6.7784,145.118,-2.0476,-6.8157,142.032,0.0720,0.0957,0.1197,-3.086,0.9760,3.0328,-2.463,-2.6471,-9.8946,141.169,2.456,-2.0470,154.124,0.0967,0.0135,0.0480,3.5537,2.5527,2.5755,nan,2.7171,2.8421,0.1126,-0.4463,0.8702,0.2409,-0.2451,-0.9156,14.6583,0.0723,1.1782
40.100,151.769,-2.0442,-6.6920,138.628,-2.1677,-6.7166,136.204,0.0764,0.1000,0.1259,-2.424,1.1685,2.9805,-3.591,-2.7597,-9.7954,135.498,2.553,-1.8362,154.274,0.1011,0.0142,0.0615,4.3132,2.5197,2.5352,nan,2.7760,2.8257,0.1119,-0.4046,0.8850,0.2082,-0.2288,-0.8446,14.7973,0.0288,2.4932
40.150,151.915,-2.1490,-6.5899,132.798,-2.2807,-6.5961,130.737,0.0849,0.1008,0.1318,-2.061,1.1685,2.9805,-3.591,-2.8649,-9.6818,130.398,2.658,-1.7003,154.429,0.1075,0.0136,0.0710,5.2247,2.7078,2.7880,nan,2.8492,2.8144,0.1115,-0.3591,0.9685,0.1811,-0.2135,-0.8025,14.9362,-0.0201,3.0117
40.200,152.060,-2.2424,-6.4794,127.560,-2.2856,-6.5775,125.255,-0.0515,0.0940,0.1072,-2.305,1.1946,2.9713,-3.728,-2.8649,-9.6818,125.533,2.700,-1.5454,154.578,0.1833,0.0152,0.0420,2.7615,2.7694,2.8033,nan,2.8902,2.8447,0.1127,-0.3274,1.0061,0.1438,-0.2007,-0.7671,15.0752,-0.0263,0.9656
40.250,152.060,-2.2424,-6.4794,127.560,-2.3783,-6.4538,120.925,0.1031,0.0921,0.1382,-6.636,1.2382,2.9583,-3.964,-2.9555,-9.5639,121.431,2.700,-1.5454,154.578,0.1143,0.0152,0.0494,3.2481,2.6782,2.6860,nan,2.9399,3.0129,0.1193,-0.3075,0.9843,0.1058,-0.1831,-0.7410,15.2141,0.0423,0.4035
40.300,152.211,-2.3296,-6.3556,122.704,-2.4736,-6.3260,117.233,0.1028,0.1052,0.1471,-5.471,1.2991,2.9372,-4.315,-3.0385,-9.4346,117.688,2.716,-1.3993,154.731,0.1210,0.0180,0.0753,4.1875,2.6890,2.7123,nan,2.9891,3.1092,0.1231,-0.3087,0.9967,0.0818,-0.1551,-0.7221,15.3531,0.0695,0.9063
40.350,152.370,-2.4100,-6.2187,118.061,-2.5458,-6.1681,113.069,0.1085,0.0961,0.1449,-4.991,1.3016,2.9429,-4.342,-3.1148,-9.2915,114.049,2.762,-1.3372,154.894,0.1282,0.0216,0.0872,4.0280,2.6905,2.7123,nan,2.9891,3.1080,0.1231,-0.2395,0.9973,0.0888,-0.2265,-0.7221,15.3531,0.0688,0.9063
40.400,152.539,-2.4837,-6.0664,113.460,-2.6228,-5.9974,109.399,0.1187,0.1001,0.1553,-4.061,1.3420,2.9307,-4.601,-3.1912,-9.1334,110.485,2.872,-1.1491,155.069,0.1302,0.0315,0.1204,3.8185,2.6736,2.6925,nan,3.0549,3.1441,0.1245,-0.2425,1.0082,0.0568,-0.1499,-0.6844,15.5615,0.0800,2.5522
40.450,152.700,-2.5435,-5.9168,110.004,-2.6632,-5.8160,105.495,0.1356,0.0780,0.1565,-4.509,1.3290,2.9296,-4.491,-3.2482,-8.9769,107.403,2.970,-1.1205,155.236,0.1371,0.0436,0.1350,3.0958,2.9305,3.0764,nan,3.0989,3.1060,0.1230,-0.2735,1.1098,0.0413,-0.1198,-0.6592,15.7004,0.0041,3.2643
40.500,152.860,-2.5936,-5.7656,106.558,-2.6964,-5.6424,101.732,0.1474,0.0634,0.1604,-4.827,1.2637,2.9518,-4.063,-3.2947,-8.8206,104.086,3.031,-1.1538,155.399,0.1433,0.0550,0.1451,2.6370,3.0069,3.0467,nan,3.2026,3.2402,0.1283,-0.2720,1.1240,0.0083,-0.0550,-0.6321,15.9088,0.0218,1.5339
40.550,153.020,-2.6345,-5.6106,102.676,-2.7080,-5.4658,97.406,0.1574,0.0399,0.1624,-5.271,1.1997,2.9770,-3.662,-3.3302,-8.6628,100.553,3.027,-1.2859,155.561,0.1491,0.0476,0.1169,2.4579,3.0392,3.0694,nan,3.3238,3.4477,0.1365,-0.2812,1.1284,-0.0026,-0.0320,-0.6238,16.0478,0.0717,0.0532
40.600,153.201,-2.6678,-5.4327,98.267,-2.7097,-5.2699,92.448,0.1671,0.0180,0.1681,-5.819,1.1170,3.0072,-3.114,-3.3571,-8.4774,96.110,3.113,-1.3634,155.748,0.1589,0.0552,0.1176,2.1304,2.7955,2.7589,nan,3.4103,3.3401,0.1323,-0.2590,1.1234,-0.0234,0.0102,-0.5502,16.2562,0.0800,1.5593
40.650,153.386,-2.6875,-5.2487,93.644,-2.7025,-5.2685,88.379,-0.0188,0.0163,0.0249,-5.265,1.1170,3.0072,-3.114,-3.3571,-8.4774,92.207,3.243,-1.3210,155.942,0.1485,0.0656,0.0705,1.0741,3.0626,3.6545,nan,3.5928,3.6609,0.1450,-0.2396,1.2050,-0.0289,0.0346,-0.4892,16.4646,0.0800,3.1278
40.700,153.386,-2.6875,-5.2487,93.644,-2.6920,-5.0715,84.468,0.1772,-0.0067,0.1773,-9.176,1.0796,3.0335,-2.857,-3.3695,-8.2835,88.544,3.243,-1.3210,155.942,0.1711,0.0656,0.1113,1.6947,3.1759,3.2284,nan,3.6882,3.7991,0.1505,-0.2321,1.2283,-0.0295,0.0309,-0.4516,16.6035,0.0800,-0.1508
40.750,153.564,-2.6928,-5.0704,89.533,-2.6691,-4.8872,80.909,0.1834,-0.0222,0.1847,-8.623,1.0917,3.0333,-2.929,-3.3680,-8.1022,85.229,3.266,-1.2396,156.124,0.1780,0.0719,0.1100,1.5301,3.1724,3.1974,nan,3.8359,3.8275,0.1516,-0.2151,1.2628,-0.0305,0.0538,-0.3985,16.8119,0.0800,4.1803
40.800,153.746,-2.6857,-4.8893,85.642,-2.6409,-4.6913,77.446,0.2009,-0.0297,0.2030,-8.196,1.0068,3.0780,-2.342,-3.3534,-7.9109,81.796,3.424,-1.2675,156.315,0.1905,0.0572,0.0948,1.6570,3.1719,3.1974,nan,3.8359,3.8271,0.1516,-0.1520,1.2628,-0.0359,-0.0116,-0.3985,16.8119,0.0800,4.1803
40.850,153.967,-2.6607,-4.6695,81.084,-2.5815,-4.4606,73.742,0.2186,-0.0458,0.2234,-7.343,1.0122,3.0804,-2.380,-3.3174,-7.6816,78.316,3.579,-1.0953,156.547,0.2049,0.0646,0.0993,1.5373,3.2776,3.3285,nan,3.9887,3.9626,0.1569,-0.1433,1.2973,-0.0248,0.0050,-0.3483,17.0203,0.0800,2.5675
40.900,154.174,-2.6237,-4.4656,78.261,-2.5201,-4.2617,71.946,0.2207,-0.0599,0.2287,-6.315,0.9678,3.0782,-2.144,-3.2739,-7.4721,76.457,3.684,-0.8250,156.761,0.2135,0.0723,0.1002,1.3869,3.5798,3.9341,nan,4.2531,4.3046,0.1705,-0.1258,1.3440,-0.0181,0.0304,-0.2843,17.2982,0.0800,2.7487
40.950,154.380,-2.5776,-4.2649,75.669,-2.4606,-4.0649,70.086,0.2227,-0.0638,0.2317,-5.583,0.9504,3.0969,-2.030,-3.2209,-7.2647,74.257,3.806,-0.7663,156.976,0.2232,0.0553,0.0842,1.5226,3.7389,3.8172,nan,4.4158,4.5082,0.1785,-0.1239,1.3804,-0.0084,0.0569,-0.2374,17.5066,0.0800,2.6176
41.000,154.595,-2.5202,-4.0571,73.251,-2.3925,-3.8519,68.290,0.2333,-0.0631,0.2417,-4.961,0.9605,3.0968,-2.080,-3.1547,-7.0448,72.103,4.013,-0.7787,157.205,0.2379,0.0545,0.0838,1.5388,3.7998,3.8434,nan,4.5247,4.5961,0.1820,-0.1221,1.4056,0.0151,0.0567,-0.2065,17.6456,0.0800,5.1148
41.050,154.822,-2.4506,-3.8411,70.759,-2.3666,-3.7407,66.501,0.1224,-0.0462,0.1309,-4.257,0.9605,3.0968,-2.080,-3.1199,-6.9291,69.860,4.214,-0.8023,157.446,0.1487,0.0531,0.0676,1.2731,3.9756,4.0665,nan,4.7923,4.8277,0.1912,-0.1172,1.4021,0.0447,0.0738,-0.1449,17.9235,0.0800,4.9431
41.100,154.822,-2.4506,-3.8411,70.759,-2.3323,-3.6260,64.527,0.2421,-0.0408,0.2455,-6.231,0.9826,3.0678,-2.309,-3.0802,-6.8154,67.527,4.214,-0.8023,157.575,0.2510,0.0531,0.0850,1.6013,4.2053,4.3519,nan,4.9433,5.1021,0.2021,-0.1097,1.3646,0.0819,0.0678,-0.0988,18.1319,0.0800,3.2867
41.150,155.067,-2.3652,-3.6119,68.110,-2.2282,-3.3863,62.174,0.2604,-0.0430,0.2639,-5.936,0.9255,3.0949,-1.824,-2.9848,-6.5779,65.052,4.357,-0.8042,157.702,0.2639,0.0512,0.0827,1.6171,4.4771,4.7340,nan,4.7791,4.6147,0.1828,-0.0832,1.3169,0.1088,0.0488,-0.0371,18.4098,-0.0800,4.1093
41.200,155.312,-2.2695,-3.3865,65.570,-2.1097,-3.1512,59.951,0.2803,-0.0482,0.2844,-5.619,0.9679,3.0719,-2.194,-2.8776,-6.3418,62.784,4.538,-0.7893,157.962,0.2796,0.0488,0.0785,1.6071,4.6324,4.7414,nan,4.5745,4.5304,0.1794,-0.0330,1.2828,0.1207,0.0127,0.0092,18.6182,-0.0220,4.8762
41.250,155.572,-2.1572,-3.1516,63.067,-1.9929,-2.9009,58.741,0.2980,-0.0329,0.2998,-4.327,0.9701,3.0964,-2.149,-2.7529,-6.0965,61.084,4.715,-0.6512,158.237,0.2956,0.0381,0.0778,2.0408,4.6813,4.7414,nan,4.5745,4.4933,0.1780,0.0085,1.2828,0.1280,-0.0241,0.0092,18.6182,-0.0402,4.8762
41.300,155.838,-2.0333,-2.9168,61.163,-1.8575,-2.6756,57.989,0.2961,-0.0377,0.2985,-3.173,0.9785,3.0800,-2.321,-2.6280,-5.8697,60.365,4.607,-0.2820,158.496,0.2907,0.0319,0.0815,2.5574,4.6631,4.7033,nan,4.3224,4.2900,0.1699,0.0587,1.2678,0.1418,-0.0568,0.0711,18.8961,-0.0800,-2.4188
41.350,156.083,-1.9145,-2.7017,61.282,-1.7508,-2.4814,59.575,0.2718,-0.0377,0.2744,-1.706,0.9302,3.1060,-1.888,-2.5135,-5.6606,61.772,4.494,0.1989,158.734,0.2834,0.0281,0.0722,2.5688,4.7404,4.8130,nan,4.1012,4.1648,0.1649,0.1455,1.2678,0.1263,-0.0943,0.1331,19.1739,0.0366,-2.4897
41.400,156.326,-1.7995,-2.4881,62.515,-1.6447,-2.2726,61.353,0.2626,-0.0379,0.2653,-1.162,0.8897,3.1347,-1.472,-2.4058,-5.4536,63.421,4.346,0.4124,158.968,0.2736,0.0236,0.0742,3.1452,4.3782,4.2325,nan,4.0065,4.0447,0.1602,0.1892,1.2678,0.1158,-0.0939,0.1796,19.3824,0.0800,-3.8273
41.450,156.560,-1.6949,-2.2785,65.226,-1.5420,-2.0651,65.172,0.2578,-0.0494,0.2625,-0.053,0.8435,3.1887,-0.860,-2.3110,-5.2483,67.230,4.185,1.0375,159.194,0.2636,0.0233,0.0587,2.5162,4.2569,4.2709,nan,3.9051,4.0214,0.1593,0.2397,1.2678,0.0996,-0.1196,0.2418,19.6602,0.0800,-2.5302
41.500,156.802,-1.6000,-2.0560,69.287,-1.4472,-1.8558,69.058,0.2413,-0.0721,0.2518,-0.229,0.8095,3.2047,-0.585,-2.2277,-5.0281,71.241,4.032,1.2991,159.429,0.2540,0.0187,0.0862,4.6009,4.1256,4.1368,nan,3.9569,3.9699,0.1572,0.2630,1.2678,0.0705,-0.1025,0.2890,19.8687,0.0800,-3.8651
41.550,157.013,-1.5318,-1.8563,73.766,-1.3854,-1.6654,73.626,0.2243,-0.0872,0.2406,-0.139,0.7673,3.2236,-0.218,-2.1692,-4.8270,75.761,3.942,1.5455,159.638,0.2485,0.0170,0.1030,6.0439,4.0757,4.1016,nan,4.0663,4.0605,0.1608,0.2843,1.2678,0.0362,-0.1218,0.3534,20.1465,0.0800,-2.5923
41.600,157.228,-1.4796,-1.6481,78.824,-1.3929,-1.6629,78.268,0.0023,-0.0879,0.0880,-0.556,0.7673,3.2236,-0.218,-2.1692,-4.8270,80.197,3.877,1.6338,159.853,0.1127,0.0191,0.0388,2.0313,3.8959,3.8947,nan,4.1307,4.2218,0.1672,0.2730,1.2787,0.0185,-0.1151,0.3750,20.3549,0.0800,-2.3190
41.650,157.228,-1.4796,-1.6481,78.824,-1.3337,-1.4552,82.947,0.2175,-0.1057,0.2418,4.124,0.7061,3.2546,0.408,-2.1276,-4.6162,85.133,3.877,1.6338,159.853,0.2438,0.0191,0.0939,4.9144,3.8762,3.9046,nan,4.2356,4.3608,0.1727,0.2617,1.3015,-0.0021,-0.1063,0.3423,20.5634,0.0712,-0.3057
41.700,157.441,-1.4467,-1.4371,84.206,-1.2989,-1.2197,87.879,0.2312,-0.1251,0.2629,3.673,0.6840,3.2247,0.533,-2.1054,-4.3977,90.036,3.897,1.6814,160.073,0.2432,0.0241,0.1142,4.7369,3.8346,3.8594,nan,4.3483,4.4173,0.1749,0.2550,1.3245,-0.0307,-0.0936,0.3104,20.7718,0.0800,1.6899
41.750,157.662,-1.4335,-1.2169,89.579,-1.2921,-0.9979,92.089,0.2201,-0.1398,0.2607,2.510,0.6721,3.2036,0.598,-2.1037,-4.1667,94.406,3.981,1.6490,160.304,0.2458,0.0071,0.1187,16.7748,3.8291,3.8594,nan,4.3483,4.4114,0.1747,0.1804,1.3245,-0.0331,-0.0099,0.3104,20.7718,0.0800,1.6899
41.800,157.917,-1.4435,-0.9622,95.519,-1.3237,-0.7226,97.041,0.2270,-0.1423,0.2679,1.522,0.7474,3.1504,-0.432,-2.1295,-3.8996,98.993,4.101,1.4473,160.572,0.2488,0.0174,0.1320,7.5867,3.8489,3.8839,nan,4.4673,4.4787,0.1774,0.1607,1.3472,-0.0433,0.0032,0.2800,20.9802,0.0800,2.3403
41.850,158.150,-1.4729,-0.7311,99.277,-1.3687,-0.4723,99.921,0.2386,-0.1445,0.2790,0.644,0.8248,3.0643,-1.497,-2.1685,-3.6611,101.491,4.203,1.0822,160.814,0.2513,0.0160,0.1421,8.8844,4.1430,4.5378,nan,4.6765,4.8211,0.1909,0.1216,1.3777,-0.0367,0.0156,0.2409,21.2581,0.0747,2.6824
41.900,158.383,-1.5165,-0.5019,102.621,-1.4256,-0.2130,103.119,0.2620,-0.1518,0.3029,0.498,0.8302,3.0285,-1.542,-2.2211,-3.4261,104.170,4.278,0.9830,161.055,0.2530,0.0023,0.1406,62.0397,4.2311,4.2908,nan,4.8510,4.9822,0.1973,0.1010,1.4086,-0.0317,0.0006,0.2027,21.5359,0.0800,1.7808
41.950,158.643,-1.5790,-0.2498,105.455,-1.5093,0.0668,105.798,0.2866,-0.1515,0.3242,0.343,0.7481,3.0655,-0.406,-2.2948,-3.1595,106.501,4.496,0.7774,161.331,0.2626,0.0058,0.1439,24.7314,4.1235,4.1398,nan,5.0293,4.9042,0.1942,0.0736,1.4405,-0.0310,0.0049,0.1653,21.8138,0.0800,4.4694
42.000,158.643,-1.5790,-0.2498,105.455,-1.5279,0.0708,108.320,0.2954,-0.1346,0.3246,2.865,0.7481,3.0655,-0.406,-2.2948,-3.1595,108.730,4.496,0.7774,161.331,0.2626,0.0058,0.1268,21.7952,4.3229,5.1249,nan,5.2083,5.1537,0.2041,0.0399,1.4734,-0.0179,0.0077,0.1282,22.0917,0.0800,4.2000
42.050,158.914,-1.6563,0.0101,107.863,-1.6377,0.3467,110.067,0.3147,-0.1209,0.3371,2.204,0.6914,3.0873,0.430,-2.3823,-2.8879,110.035,4.669,0.5945,161.617,0.2707,0.0112,0.1190,10.6164,4.5694,4.7753,nan,5.4263,5.4487,0.2158,0.0024,1.4798,0.0034,0.0129,0.0912,22.3696,0.0800,1.3249
42.100,159.177,-1.7405,0.2594,109.560,-1.7525,0.5930,111.191,0.3183,-0.1004,0.3338,1.631,0.6586,3.1093,0.852,-2.4726,-2.6338,110.746,4.736,0.3590,161.886,0.2738,0.0012,0.0920,76.4989,4.7066,4.8064,nan,5.4263,5.5968,0.2217,-0.0410,1.4798,0.0262,0.0511,0.0912,22.3696,0.0800,3.4932
42.150,159.442,-1.8312,0.5082,110.467,-1.8629,0.8243,111.362,0.3072,-0.0808,0.3177,0.894,0.6409,3.1179,1.138,-2.5676,-2.3729,110.819,4.887,0.1213,162.164,0.2845,0.0032,0.0769,24.2136,4.7471,4.8064,nan,5.5894,5.6612,0.2242,-0.0792,1.4466,0.0578,0.0465,0.0543,22.6475,0.0800,3.4932
42.200,159.737,-1.9349,0.7847,110.518,-1.9833,1.0965,110.957,0.3090,-0.0639,0.3155,0.439,0.6396,3.1165,1.120,-2.6773,-2.0794,110.359,5.100,-0.0610,162.478,0.2999,0.0081,0.0723,8.9791,4.7935,4.8558,nan,5.4859,5.6307,0.2230,-0.1063,1.4146,0.0846,0.0370,0.0173,22.9254,0.0633,4.7724
42.250,160.012,-2.0295,1.0431,108.984,-2.0450,1.3682,107.157,0.3125,-0.0911,0.3255,-1.827,0.5983,3.1637,1.945,-2.7722,-1.8037,107.427,5.267,-0.6561,162.769,0.3169,0.0095,0.1026,10.8506,5.0673,5.6884,nan,5.1549,5.1143,0.2025,-0.1344,1.3835,0.0997,0.0253,-0.0197,23.2033,-0.0800,4.0958
42.300,160.305,-2.1196,1.3210,106.283,-2.0909,1.6309,103.151,0.2894,-0.1144,0.3112,-3.131,0.6028,3.1542,1.907,-2.8631,-1.5176,104.354,5.326,-0.9528,163.069,0.3247,0.0158,0.1458,9.2066,5.2407,5.4009,nan,4.9029,4.8214,0.1909,-0.0828,1.3530,0.0681,-0.0366,-0.0565,23.4811,-0.0800,2.3549
42.350,160.592,-2.1937,1.5990,102.928,-2.1293,1.8742,99.925,0.2538,-0.1244,0.2826,-3.003,0.6230,3.1181,1.624,-2.9252,-1.2472,101.449,5.152,-0.8120,163.347,0.3196,0.0033,0.1422,43.3160,5.2797,5.3533,nan,4.6632,4.7918,0.1898,-0.0293,1.3226,0.0296,-0.0888,-0.0935,23.7590,0.0663,-4.1378
42.400,160.835,-2.2449,1.8358,101.107,-2.1966,2.0757,99.071,0.2261,-0.0936,0.2448,-2.036,0.6273,3.1023,2.163,-2.9694,-1.0221,100.055,4.962,-0.5938,163.576,0.3099,0.0031,0.1006,32.4004,5.1600,5.1790,nan,4.4915,4.5421,0.1799,-0.0044,1.2997,0.0034,-0.1181,-0.1212,23.9674,0.0265,-4.9509
42.450,161.108,-2.2958,2.1049,100.321,-2.2913,2.3165,100.077,0.2074,-0.0423,0.2117,-0.243,0.6409,3.0823,1.764,-3.0168,-0.7619,100.166,4.823,-0.1008,163.841,0.3022,0.0064,0.0449,7.0233,4.7629,4.5159,nan,4.3807,4.4050,0.1745,-0.0586,1.2763,0.0267,-0.0988,-0.1490,24.1758,0.0800,-2.9460
42.500,161.340,-2.3370,2.3329,100.215,-2.3668,2.5188,100.550,0.1882,-0.0037,0.1883,0.336,0.6409,3.0823,1.764,-3.0557,-0.5455,100.022,4.647,-0.1381,164.061,0.2916,0.0063,0.0379,5.9993,4.8222,4.8902,nan,4.1674,4.1399,0.1640,-0.1643,1.2439,0.0598,-0.0310,-0.1863,24.4537,-0.0151,-4.5709
42.550,161.622,-2.3842,2.6104,98.796,-2.3904,2.5177,100.513,-0.0907,0.0203,0.0929,1.717,0.6555,3.0417,1.272,-3.0557,-0.5455,99.627,4.446,-0.4822,164.329,0.1289,0.0395,0.0449,1.1369,4.4249,4.1841,nan,4.0645,4.1720,0.1652,-0.2522,1.2182,0.0928,0.0175,-0.2145,24.6621,0.0800,-4.4442
42.600,161.622,-2.3842,2.6104,98.796,-2.4496,2.7764,98.089,0.1741,0.0393,0.1785,-0.707,0.6680,3.0066,0.354,-3.0968,-0.2800,96.952,4.446,-0.4822,164.329,0.2819,0.0113,0.0460,4.0701,4.5683,4.6667,nan,3.8170,3.7270,0.1476,-0.3329,1.1807,0.1231,0.0553,-0.2528,24.9400,-0.0800,-5.3601
42.650,161.864,-2.4166,2.8502,95.724,-2.4785,3.0046,92.988,0.1598,0.0462,0.1663,-2.736,0.6772,2.9799,0.086,-3.1198,-0.0510,91.866,4.223,-1.1841,164.559,0.2749,0.0041,0.0262,6.3357,4.3022,4.2642,nan,3.8655,3.9267,0.1555,-0.3198,1.1807,0.1351,0.0346,-0.2528,24.9400,0.0354,-5.3601
42.700,162.100,-2.4322,3.0864,90.813,-2.5217,3.2394,87.873,0.1543,0.0873,0.1773,-2.940,0.6804,3.0040,0.868,-3.1231,0.1822,86.074,4.091,-1.6216,164.793,0.2767,0.0062,0.0434,6.9704,3.9577,3.8468,nan,3.7689,3.7979,0.1504,-0.3158,1.1580,0.1491,-0.0045,-0.2824,25.1484,0.0800,-2.9859
42.750,162.325,-2.4262,3.3105,85.200,-2.5152,3.4465,82.131,0.1281,0.1001,0.1625,-3.069,0.6800,3.0121,1.287,-3.1053,0.3938,80.213,3.812,-1.8570,165.005,0.2703,0.0087,0.0427,4.8906,4.1012,4.1779,nan,3.5813,3.5254,0.1396,-0.3564,1.1309,0.1933,-0.0351,-0.3130,25.3568,-0.0324,-6.5841
42.800,162.546,-2.3971,3.5296,78.921,-2.4643,3.6473,76.804,0.1026,0.0885,0.1355,-2.116,0.6835,3.0770,2.085,-3.0632,0.6089,75.080,3.689,-1.8428,165.224,0.2729,0.0162,0.0440,2.7070,3.9166,3.9141,nan,3.4904,3.4828,0.1379,-0.3271,1.0984,0.1891,-0.0714,-0.3449,25.5653,-0.0044,-3.5034
42.850,162.750,-2.3483,3.7278,72.610,-2.4143,3.8070,71.363,0.0558,0.0867,0.1031,-1.247,0.6875,3.0839,2.185,-3.0144,0.8018,69.409,3.504,-1.8146,165.423,0.2684,0.0109,0.0502,4.5873,3.6583,3.6252,nan,3.3589,3.4271,0.1357,-0.3061,1.0662,0.1583,-0.0897,-0.3785,25.7737,0.0395,-5.0289
42.900,162.922,-2.2901,3.8905,67.541,-2.3447,3.9512,66.646,0.0353,0.0736,0.0816,-0.894,0.6890,3.0923,2.284,-2.9488,0.9605,64.706,3.419,-1.7494,165.595,0.2687,0.0143,0.0480,3.3549,3.5669,3.5820,nan,3.2768,3.3391,0.1322,-0.2745,1.0513,0.1419,-0.1273,-0.4022,25.9126,0.0361,-2.7100
42.950,163.125,-2.2042,4.0744,61.986,-2.3250,3.9441,61.215,-0.1718,0.0455,0.1777,-0.771,0.6890,3.0923,2.284,-2.9488,0.9605,59.696,3.352,-1.4614,165.798,0.0713,0.0196,0.0516,2.6389,3.3099,3.2730,nan,3.2364,3.2743,0.1297,-0.2414,1.0363,0.1073,-0.1544,-0.4273,26.0515,0.0800,-1.5780
43.000,163.125,-2.2042,4.0744,61.986,-2.2106,4.1218,57.062,0.0388,0.0279,0.0478,-4.924,0.6936,3.0975,2.277,-2.8537,1.1392,56.166,3.352,-1.4614,165.798,0.2693,0.0196,0.0314,1.6081,3.3974,3.4441,nan,3.1101,3.1419,0.1244,-0.2222,1.0117,0.0557,-0.1420,-0.4678,26.2600,0.0184,-1.9975
43.050,163.307,-2.1129,4.2319,57.541,-2.0927,4.2772,53.196,0.0491,0.0073,0.0496,-4.345,0.6891,3.0987,1.863,-2.7569,1.2914,52.914,3.280,-1.2601,165.978,0.2681,0.0253,0.0355,1.4018,3.2447,3.2447,nan,2.9805,3.0033,0.1189,-0.2212,1.0117,0.0068,-0.1166,-0.5125,26.4684,0.0132,-1.3849
43.100,163.490,-2.0103,4.3823,53.642,-1.9766,4.4114,50.104,0.0434,-0.0099,0.0445,-3.538,0.6955,3.1089,1.927,-2.6499,1.4367,49.936,3.222,-1.1341,166.158,0.2667,0.0200,0.0155,0.7718,3.1915,3.2094,nan,2.9805,3.0437,0.1205,-0.1221,1.0117,-0.0122,-0.1883,-0.5125,26.4684,0.0366,-1.3849
43.150,163.670,-1.8992,4.5241,50.074,-1.8804,4.5367,47.981,0.0217,-0.0063,0.0226,-2.094,0.6952,3.1110,1.511,-2.5373,1.5713,47.113,3.105,-1.0648,166.334,0.2619,0.0238,0.0176,0.7415,3.1552,3.1754,nan,2.8965,2.9174,0.1155,-0.1762,1.0117,-0.0447,-0.1646,-0.5415,26.6073,0.0121,-2.8575
43.200,163.852,-1.7780,4.6604,46.519,-1.7716,4.6586,45.712,0.0031,-0.0059,0.0066,-0.807,0.6929,3.1022,0.746,-2.4149,1.7004,44.454,2.991,-0.8538,166.512,0.2570,0.0299,0.0248,0.8308,2.9997,2.9969,nan,2.8286,2.9173,0.1155,-0.2494,1.0117,-0.0551,-0.0847,-0.5851,26.8157,0.0514,-3.1887
43.250,164.020,-1.6596,4.7796,43.879,-1.6749,4.8016,44.029,0.0042,0.0264,0.0268,0.150,0.6905,3.0906,0.380,-2.2988,1.8173,42.138,2.912,-0.8586,166.676,0.2537,0.0164,0.0304,1.8578,3.1265,3.1833,nan,2.7552,2.6877,0.1064,-0.3588,1.0117,-0.0577,-0.0380,-0.6191,26.9547,-0.0391,-1.9968
43.300,164.179,-1.5422,4.8864,40.412,-1.5634,4.9176,40.544,0.0041,0.0375,0.0377,0.132,0.6905,3.0802,0.006,-2.1790,1.9193,38.395,2.853,-1.1755,166.834,0.2517,0.0198,0.0367,1.8573,2.9041,2.8786,nan,2.7019,2.7362,0.1084,-0.4965,1.0100,-0.0207,0.0682,-0.6815,27.1631,0.0198,-1.3428
43.350,164.330,-1.4238,4.9802,35.826,-1.4489,5.0115,35.737,-0.0020,0.0401,0.0401,-0.089,0.6828,3.0643,-0.222,-2.0604,2.0050,33.494,2.676,-1.5732,166.980,0.2457,0.0215,0.0359,1.6700,2.8276,2.8391,nan,2.6292,2.6162,0.1036,-0.5687,0.9833,-0.0029,0.1005,-0.7352,27.3020,-0.0075,-4.9895
43.400,164.477,-1.3003,5.0610,29.855,-1.4474,5.0161,31.278,-0.1499,0.0343,0.1538,1.423,0.6828,3.0643,-0.222,-2.0604,2.0050,28.997,2.598,-2.0464,167.130,0.1099,0.0220,0.0429,1.9442,2.7000,2.7009,nan,2.6535,2.7188,0.1077,-0.6198,0.9389,0.0181,0.1169,-0.7710,27.4410,0.0379,-1.8768
43.450,164.477,-1.3003,5.0610,29.855,-1.3149,5.1038,23.812,0.0087,0.0444,0.0452,-6.044,0.6803,3.0546,-0.300,-1.9308,2.0794,21.674,2.598,-2.0464,167.130,0.2451,0.0220,0.0488,2.2112,2.6536,2.6682,nan,2.7166,2.7644,0.1095,-0.6436,0.9228,0.0398,0.1169,-0.7939,27.5799,0.0277,-3.0445
43.500,164.617,-1.1754,5.1238,23.032,-1.1781,5.1760,16.507,0.0180,0.0491,0.0523,-6.525,0.6926,3.0619,-0.052,-1.7997,2.1351,14.629,2.508,-2.2744,167.272,0.2445,0.0239,0.0650,2.7178,2.5708,2.5792,nan,2.7481,2.8829,0.1142,-0.6776,0.8940,0.0642,0.1119,-0.8267,27.7188,0.0780,-0.8899
43.550,164.757,-1.0434,5.1705,15.354,-1.0310,5.2280,8.839,0.0272,0.0522,0.0589,-6.515,0.6758,3.0245,-1.021,-1.6558,2.1746,6.954,2.497,-2.4769,167.421,0.2484,0.0136,0.0643,4.7284,2.6495,2.6864,nan,2.7788,2.8771,0.1139,-0.5492,0.9214,0.0724,-0.0048,-0.8267,27.7188,0.0569,-0.9497
43.600,164.897,-0.9067,5.1984,7.182,-0.8712,5.2739,1.204,0.0446,0.0705,0.0834,-5.978,0.6832,3.0320,-0.736,-1.5081,2.2042,-0.328,2.498,-2.6085,167.572,0.2579,0.0157,0.0721,4.6050,2.6629,2.6864,nan,2.8363,2.9158,0.1155,-0.5371,0.9437,0.0963,-0.0248,-0.8239,0.0695,0.0461,-0.9497
43.650,165.048,-0.7560,5.2058,-2.030,-0.6797,5.2813,-6.647,0.0736,0.0781,0.1073,-4.617,0.6923,3.0377,-0.416,-1.3399,2.1982,-7.514,2.566,-2.2584,167.741,0.2638,0.0189,0.0803,4.2526,2.5643,2.5698,nan,2.8866,2.9898,0.1184,-0.5342,0.9327,0.1309,0.0050,-0.7642,0.2779,0.0598,-0.2691
43.700,165.199,-0.6050,5.1910,-9.441,-0.5052,5.2552,-13.387,0.0879,0.0797,0.1186,-3.945,0.6796,3.0349,-0.590,-1.1782,2.1713,-13.869,2.653,-2.2494,167.905,0.2661,0.0096,0.0744,7.7226,2.7956,2.9090,nan,2.9523,2.9341,0.1162,-0.4943,1.0312,0.1486,-0.0245,-0.7329,0.4168,-0.0105,3.0233
43.750,165.347,-0.4609,5.1583,-16.584,-0.3406,5.2073,-20.007,0.1013,0.0813,0.1299,-3.423,0.6796,3.0320,-0.444,-1.0256,2.1258,-20.156,2.721,-2.1541,168.064,0.2672,0.0115,0.0921,7.9729,2.8034,2.8271,nan,3.0127,3.0455,0.1206,-0.4820,1.0454,0.1509,-0.0410,-0.7087,0.5558,0.0190,0.8493
43.800,165.500,-0.3169,5.1063,-23.406,-0.1877,5.1355,-26.270,0.1069,0.0781,0.1324,-2.865,0.6468,3.0048,-1.328,-0.8783,2.0621,-26.153,2.753,-2.1067,168.224,0.2648,0.0153,0.0976,6.3680,2.8399,2.8692,nan,3.1184,3.2370,0.1282,-0.4440,1.0683,0.1519,-0.0106,-0.6898,0.7642,0.0686,0.6132
43.850,165.654,-0.1797,5.0378,-30.075,-0.1874,5.1260,-32.446,-0.0508,0.0725,0.0885,-2.371,0.6468,3.0048,-1.328,-0.8783,2.0621,-32.189,2.833,-2.0225,168.388,0.2091,0.0191,0.0766,4.0067,2.8357,2.8579,nan,3.1929,3.3311,0.1319,-0.4153,1.0887,0.1420,-0.0266,-0.6457,0.9031,0.0800,1.1862
43.900,165.654,-0.1797,5.0378,-30.075,-0.0443,5.0397,-38.119,0.1163,0.0695,0.1355,-8.045,0.6182,2.9997,-1.713,-0.7362,1.9798,-37.905,2.833,-2.0225,168.388,0.2637,0.0191,0.1123,5.8744,2.9300,2.9739,nan,3.2687,3.3626,0.1332,-0.3676,1.1396,0.1285,-0.0450,-0.6029,1.0421,0.0544,2.9064
43.950,165.816,-0.0437,4.9491,-36.567,0.1031,4.9307,-43.592,0.1289,0.0726,0.1479,-7.025,0.6293,3.0018,-1.369,-0.5950,1.8750,-43.299,2.958,-1.9724,168.564,0.2630,0.0238,0.1227,5.1647,2.9947,3.0315,nan,3.2687,3.3135,0.1312,-0.2620,1.1396,0.1287,-0.1444,-0.6029,1.0421,0.0259,2.7019
44.000,165.982,0.0844,4.8436,-42.768,0.2426,4.7875,-49.808,0.1542,0.0662,0.1678,-7.040,0.6286,3.0146,-0.903,-0.4643,1.7542,-48.828,3.069,-1.8964,168.742,0.2609,0.0061,0.1104,18.0496,3.0055,3.0315,nan,3.3853,3.4863,0.1381,-0.2335,1.1700,0.1169,-0.1234,-0.5486,1.2505,0.0584,2.7019
44.050,166.166,0.2131,4.7119,-48.724,0.3666,4.6456,-53.320,0.1511,0.0716,0.1672,-4.596,0.6293,3.0181,-0.744,-0.3373,1.6095,-52.583,3.168,-1.3560,168.935,0.2562,0.0094,0.1006,10.7272,3.2121,3.3122,nan,3.5035,3.5279,0.1397,-0.1936,1.1884,0.0987,-0.1533,-0.5170,1.3894,0.0142,2.7894
44.100,166.332,0.3183,4.5838,-52.584,0.4725,4.5178,-56.066,0.1461,0.0824,0.1678,-3.481,0.6157,3.0048,-1.284,-0.2304,1.4791,-55.604,3.207,-1.1628,169.104,0.2574,0.0081,0.0943,11.6264,3.3620,3.4310,nan,3.6221,3.6095,0.1430,-0.1971,1.2160,0.0864,-0.1061,-0.4714,1.5978,-0.0073,1.3581
44.150,166.516,0.4262,4.4344,-55.792,0.5736,4.3567,-58.655,0.1471,0.0782,0.1666,-2.863,0.6334,3.0091,-0.660,-0.1221,1.3199,-58.115,3.352,-1.0218,169.296,0.2559,0.0081,0.0910,11.1946,3.1301,3.1032,nan,3.7014,3.7367,0.1480,-0.2071,1.2332,0.0844,-0.0887,-0.4440,1.7368,0.0800,3.9268
44.200,166.710,0.5308,4.2708,-59.202,0.6704,4.1806,-61.825,0.1489,0.0737,0.1662,-2.623,0.6268,3.0013,-1.097,-0.0192,1.1473,-61.323,3.451,-1.0844,169.497,0.2528,0.0062,0.0709,11.3728,3.3484,3.4604,nan,3.8208,3.9527,0.1565,-0.2107,1.2574,0.0698,-0.0452,-0.4067,1.9452,0.0764,2.3637
44.250,166.900,0.6232,4.1054,-62.697,0.7496,3.9889,-65.576,0.1616,0.0589,0.1719,-2.879,0.6269,3.0150,-0.809,0.0714,0.9717,-64.688,3.565,-1.1702,169.695,0.2498,0.0064,0.0647,10.0614,3.5287,3.6158,nan,3.9812,4.0896,0.1620,-0.2083,1.2801,0.0611,-0.0189,-0.3730,2.1536,0.0628,2.3109
44.300,167.104,0.7115,3.9209,-66.532,0.8129,3.7717,-69.523,0.1772,0.0336,0.1804,-2.992,0.6269,3.0150,-0.809,0.1575,0.7733,-68.043,3.727,-1.2097,169.911,0.2467,0.0083,0.0546,6.5675,3.5915,3.6336,nan,4.1029,4.2327,0.1676,-0.1783,1.3019,0.0396,-0.0140,-0.3417,2.3620,0.0800,3.7027
44.350,167.104,0.7115,3.9209,-66.532,0.8007,3.7689,-73.131,0.1750,0.0212,0.1763,-6.599,0.6222,3.0033,-1.185,0.1575,0.7733,-71.518,3.727,-1.2097,169.911,0.2467,0.0083,0.0836,10.0455,3.6868,3.7386,nan,4.2262,4.3418,0.1720,-0.1493,1.3230,0.0139,-0.0137,-0.3125,2.5704,0.0800,3.1444
44.400,167.313,0.7888,3.7268,-70.385,0.8800,3.5679,-75.992,0.1803,0.0326,0.1833,-5.608,0.6118,3.0251,-1.123,0.2380,0.5695,-74.700,3.860,-1.1479,170.130,0.2496,0.0119,0.0762,6.3901,3.8264,3.8969,nan,4.3511,4.4863,0.1777,-0.1356,1.3437,0.0109,-0.0097,-0.2846,2.7788,0.0750,3.7141
44.450,167.538,0.8582,3.5131,-73.927,0.9372,3.3532,-78.018,0.1755,0.0317,0.1784,-4.091,0.6024,3.0499,-0.684,0.3033,0.3431,-77.128,4.009,-0.9736,170.366,0.2458,0.0136,0.0616,4.5324,3.9792,4.0574,nan,4.3932,4.4442,0.1760,-0.0922,1.3437,0.0152,-0.0611,-0.2846,2.7788,0.0273,3.0369
44.500,167.795,0.9225,3.2641,-77.319,0.9924,3.0950,-80.534,0.1803,0.0310,0.1830,-3.215,0.6066,3.0571,-0.649,0.3621,0.0817,-79.787,4.149,-0.8819,170.634,0.2412,0.0077,0.0392,5.0757,4.0170,4.0574,nan,4.5206,4.6284,0.1833,-0.0976,1.3643,0.0135,-0.0391,-0.2579,2.9872,0.0571,3.0369
44.550,168.027,0.9684,3.0369,-80.088,1.0173,2.8415,-83.128,0.2009,0.0145,0.2015,-3.040,0.6035,3.0586,-0.191,0.4036,-0.1561,-81.899,4.270,-0.7472,170.875,0.2382,0.0093,0.0371,4.0011,4.2982,4.5701,nan,4.6932,4.7024,0.1862,-0.0938,1.3916,0.0117,-0.0172,-0.2235,3.2651,0.0045,2.9099
44.600,168.292,1.0091,2.7751,-82.408,1.0639,2.5735,-84.343,0.2071,0.0277,0.2089,-1.936,0.6034,3.0692,0.387,0.4400,-0.4287,-83.559,4.401,-0.6469,171.150,0.2357,0.0083,0.0187,2.2468,4.2550,4.2841,nan,4.8244,4.9533,0.1962,-0.0779,1.4123,0.0011,-0.0158,-0.1984,3.4735,0.0641,3.2390
44.650,168.537,1.0376,2.5319,-84.432,1.0818,2.3152,-86.240,0.2200,0.0229,0.2212,-1.808,0.6030,3.0669,0.057,0.4645,-0.6807,-85.273,4.499,-0.5875,171.403,0.2337,0.0073,0.0193,2.6531,4.3892,4.4740,nan,5.0010,5.1441,0.2037,-0.0986,1.4403,0.0256,0.0166,-0.1655,3.7514,0.0689,2.2114
44.700,168.794,1.0589,2.2757,-86.219,1.0914,2.1870,-87.883,0.0907,0.0265,0.0945,-1.663,0.6030,3.0669,0.057,0.4777,-0.8152,-86.964,4.661,-0.5875,171.673,0.2293,0.0079,0.0177,2.2488,4.4546,4.5138,nan,5.2215,5.2935,0.2096,-0.0777,1.4692,0.0230,0.0222,-0.1329,4.0293,0.0800,4.0118
44.750,168.794,1.0589,2.2757,-86.219,1.0945,2.0510,-89.584,0.2265,0.0207,0.2275,-3.365,0.6069,3.0919,0.118,0.4865,-0.9498,-88.587,4.661,-0.5875,171.673,0.2377,0.0079,0.0370,4.6934,4.7077,4.9417,nan,5.3937,5.5591,0.2202,-0.0718,1.4990,0.0372,0.0293,-0.1006,4.3072,0.0740,3.5890
44.800,169.050,1.0716,2.0195,-88.437,1.0874,1.7810,-92.108,0.2388,0.0093,0.2390,-3.671,0.6131,3.0907,-0.720,0.4939,-1.2207,-90.946,4.827,-0.6649,171.944,0.2373,0.0139,0.0500,3.5927,4.8565,4.9729,nan,5.5597,5.7250,0.2267,-0.0411,1.5300,0.0351,0.0113,-0.0683,4.5851,0.0717,3.8706
44.850,169.331,1.0750,1.7391,-90.385,1.0745,1.5065,-93.316,0.2326,0.0011,0.2326,-2.931,0.6111,3.0939,-0.720,0.4920,-1.5164,-92.304,5.001,-0.5718,172.240,0.2381,0.0085,0.0442,5.1781,5.0237,5.1629,nan,5.6000,5.6689,0.2245,-0.0084,1.5300,0.0258,-0.0235,-0.0683,4.5851,0.0290,4.4248
44.900,169.617,1.0692,1.4533,-92.169,1.0616,1.2255,-94.007,0.2280,0.0010,0.2280,-1.839,0.6171,3.0820,-1.073,0.4805,-1.8196,-93.327,5.195,-0.4001,172.543,0.2407,0.0053,0.0418,7.8247,5.0852,5.1629,nan,5.7556,5.8903,0.2333,0.0095,1.5564,0.0222,-0.0275,-0.0418,4.8630,0.0559,4.4248
44.950,169.945,1.0535,1.1250,-93.342,1.0421,0.8862,-94.387,0.2391,0.0025,0.2391,-1.045,0.6227,3.0883,-1.183,0.4603,-2.1655,-93.737,5.386,-0.1718,172.890,0.2458,0.0075,0.0468,6.2671,5.1557,5.2397,nan,5.9000,6.0915,0.2412,0.0235,1.5585,0.0208,-0.0306,-0.0187,5.1408,0.0785,4.2357
45.000,170.246,1.0360,0.8246,-93.151,1.0349,0.5756,-93.199,0.2487,0.0126,0.2490,-0.048,0.6217,3.1091,-0.967,0.4424,-2.4807,-92.935,5.537,0.1068,173.206,0.2537,0.0038,0.0089,2.3271,5.4044,5.7093,nan,6.1027,6.2677,0.2482,0.0346,1.5585,0.0177,-0.0325,0.0099,5.4882,0.0649,3.3194
45.050,170.561,1.0197,0.5098,-92.530,1.0409,0.2542,-91.875,0.2544,0.0324,0.2564,0.655,0.6418,3.1361,-1.382,0.4277,-2.8130,-92.073,5.707,0.2610,173.538,0.2655,0.0034,0.0124,3.6657,5.5881,5.7852,nan,6.2317,6.3706,0.2523,0.0194,1.5585,0.0247,-0.0145,0.0328,5.7661,0.0532,3.2854
45.100,170.898,1.0071,0.1736,-91.520,1.0331,-0.0979,-91.024,0.2707,0.0331,0.2728,0.496,0.6419,3.1251,-1.420,0.4183,-3.1674,-91.234,5.879,0.2041,173.893,0.2796,0.0026,0.0169,6.5326,5.8021,6.0663,nan,6.3868,6.4976,0.2573,-0.0020,1.5603,0.0428,-0.0029,0.0379,6.1134,0.0411,3.7111
45.150,170.898,1.0071,0.1736,-91.520,1.0277,-0.0889,-90.565,0.2618,0.0275,0.2633,0.955,0.6419,3.1251,-1.420,0.4183,-3.1674,-90.649,5.879,0.2041,173.893,0.2796,0.0026,0.0196,7.5738,6.0219,6.3205,nan,6.5642,6.6486,0.2633,-0.0023,1.5680,0.0341,-0.0033,0.0305,6.4608,0.0303,3.0278
45.200,171.213,0.9998,-0.1415,-90.994,1.0090,-0.4067,-90.834,0.2650,0.0138,0.2653,0.160,0.6160,3.1071,-0.919,0.4111,-3.4968,-90.650,6.004,0.0923,174.222,0.2892,0.0060,0.0129,2.1387,5.6870,5.5522,nan,6.6494,6.6010,0.2614,-0.0010,1.5743,0.0297,-0.0074,0.0243,6.7387,0.0800,2.8026
45.250,171.590,0.9933,-0.5184,-91.027,0.9676,-0.8034,-91.807,0.2855,-0.0205,0.2862,-0.779,0.5783,3.0987,-0.127,0.4040,-3.8902,-91.086,6.143,-0.0188,174.616,0.3003,0.0205,0.0382,1.8661,5.5408,5.5522,nan,6.6494,6.4431,0.2552,0.0120,1.5743,0.0081,-0.0104,0.0243,6.7387,0.0800,2.8026
45.300,171.944,0.9867,-0.8725,-91.093,0.9518,-1.1718,-91.899,0.3000,-0.0291,0.3014,-0.806,0.5580,3.0952,0.131,0.3970,-4.2593,-91.133,6.265,-0.0146,174.985,0.3108,0.0191,0.0363,1.9025,5.8115,6.5114,nan,6.8126,6.7248,0.2663,0.0396,1.5585,-0.0248,-0.0340,0.0151,7.1555,0.0800,2.9050
45.350,172.326,0.9793,-1.2543,-91.110,0.9200,-1.5698,-91.944,0.3166,-0.0532,0.3210,-0.834,0.5630,3.1160,0.059,0.3895,-4.6456,-90.877,6.265,0.1094,175.371,0.3141,0.0086,0.0465,5.4348,6.0694,6.5194,nan,6.9653,6.9934,0.2770,0.0493,1.5353,-0.0453,-0.0405,0.0075,7.5029,0.0800,-0.1095
45.400,172.680,0.9750,-1.6082,-89.936,0.9097,-1.9339,-90.341,0.3256,-0.0657,0.3321,-0.406,0.5410,3.0947,0.421,0.3899,-5.0142,-89.178,6.369,0.4447,175.740,0.3282,0.0045,0.0506,11.1708,6.1886,6.3534,nan,6.6127,6.6364,0.2628,0.0592,1.5045,-0.0775,-0.0406,-0.0017,7.9197,0.0083,2.1228
45.450,173.087,0.9805,-2.0156,-88.150,0.9219,-1.9171,-88.934,-0.1003,-0.0554,0.1146,-0.784,0.5410,3.0947,0.421,0.3899,-5.0142,-87.906,6.529,0.5578,176.168,0.2637,0.0019,0.0502,27.1423,6.2721,6.4099,nan,6.2977,6.1192,0.2423,0.0275,1.4794,-0.0899,-0.0070,-0.0114,8.2670,-0.0800,3.5211
45.500,173.087,0.9805,-2.0156,-88.150,0.9214,-2.3234,-87.173,0.3057,-0.0690,0.3134,0.977,0.5716,3.1451,0.128,0.4037,-5.4421,-85.945,6.529,0.5578,176.168,0.3492,0.0019,0.0525,28.3964,6.5271,7.0461,nan,5.8769,6.0667,0.2403,-0.0335,1.4502,-0.0677,0.0355,-0.0353,8.6839,0.0781,-1.0359
45.550,173.451,0.9969,-2.3794,-86.298,0.9269,-2.6826,-86.314,0.2981,-0.0895,0.3112,-0.016,0.5537,3.1447,0.310,0.4272,-5.8042,-84.912,6.467,0.3778,176.531,0.3525,0.0096,0.0622,6.5055,6.5382,6.6356,nan,5.5933,5.5479,0.2197,-0.0825,1.4264,-0.0625,0.0713,-0.0578,9.0312,-0.0186,-4.9958
45.600,173.794,1.0212,-2.7215,-85.406,0.9515,-3.0198,-85.693,0.2918,-0.0934,0.3064,-0.287,0.5151,3.1787,0.771,0.4508,-6.1297,-84.469,6.256,0.2711,176.857,0.3396,0.0092,0.0619,6.7062,6.1984,6.0446,nan,5.5384,5.6884,0.2253,-0.1160,1.4170,-0.0586,0.0972,-0.0678,9.1701,0.0650,-3.0001
45.650,174.146,1.0486,-3.0723,-86.130,0.9977,-3.3682,-88.073,0.2918,-0.0707,0.3002,-1.943,0.5375,3.1714,0.567,0.4736,-6.4678,-87.336,6.086,-0.4152,177.196,0.3272,0.0050,0.0713,14.2729,6.0374,6.0446,nan,5.3771,5.4929,0.2175,-0.1617,1.4030,-0.0287,0.1243,-0.0840,9.3786,0.0513,-3.0001
45.700,174.489,1.0666,-3.4148,-88.537,1.0458,-3.6896,-90.994,0.2742,-0.0278,0.2756,-2.458,0.4284,3.2039,1.534,0.4818,-6.7872,-90.886,5.770,-0.8804,177.516,0.3038,0.0108,0.0539,5.0122,5.7552,5.6797,nan,5.1701,5.2864,0.2094,-0.2096,1.3795,0.0422,0.1106,-0.1109,9.7259,0.0537,-6.7007
45.750,174.784,1.0676,-3.7092,-92.170,1.0447,-3.9737,-95.503,0.2652,-0.0129,0.2655,-3.333,0.3993,3.2273,1.727,0.4711,-7.0701,-95.623,5.569,-1.4103,177.799,0.2874,0.0151,0.0603,4.0067,5.8055,5.9017,nan,4.9714,4.8550,0.1923,-0.2527,1.3604,0.1139,0.0872,-0.1325,10.0038,-0.0526,-4.8007
45.800,175.078,1.0473,-4.0026,-96.879,1.0088,-4.2383,-100.162,0.2387,-0.0100,0.2389,-3.283,0.4195,3.2603,1.539,0.4373,-7.3503,-100.237,5.343,-1.6330,178.081,0.2686,0.0213,0.0737,3.4550,5.4416,5.2631,nan,4.7802,4.7540,0.1883,-0.2459,1.3405,0.1488,0.0424,-0.1542,10.2817,-0.0126,-3.1934
45.850,175.372,1.0015,-4.2936,-102.095,0.9669,-4.5146,-104.806,0.2233,0.0125,0.2237,-2.710,0.5656,3.2496,0.301,0.3796,-7.6192,-105.092,5.017,-1.6393,178.356,0.2447,0.0149,0.0453,3.0416,5.0990,4.9672,nan,4.6409,4.7315,0.1874,-0.2354,1.3198,0.1588,0.0043,-0.1761,10.5596,0.0464,-3.5953
45.900,175.637,0.9367,-4.5497,-107.402,0.8980,-4.7414,-109.860,0.1945,0.0204,0.1956,-2.458,0.5763,3.2141,0.182,0.3037,-7.8614,-110.143,4.791,-1.7648,178.610,0.2271,0.0237,0.0521,2.1948,5.0547,5.0946,nan,4.4596,4.4124,0.1747,-0.2384,1.2977,0.1857,-0.0234,-0.1983,10.8375,-0.0242,-4.7575
45.950,175.637,0.9367,-4.5497,-107.402,0.8952,-4.7154,-115.017,0.1706,0.0100,0.1708,-7.615,0.5763,3.2141,0.182,0.3037,-7.8614,-115.204,4.791,-1.7648,178.752,0.2271,0.0237,0.1116,4.6993,4.7295,4.6287,nan,4.3705,4.4802,0.1774,-0.2017,1.2802,0.1712,-0.0718,-0.2153,11.0459,0.0601,-3.7063
46.000,175.924,0.8386,-4.8198,-113.468,0.7947,-4.9670,-119.540,0.1525,0.0184,0.1536,-6.072,0.5224,3.2233,0.584,0.1910,-8.1210,-119.954,4.636,-1.6992,178.893,0.2093,0.0399,0.1154,2.8909,4.6522,4.6789,nan,4.1949,4.2030,0.1665,-0.1757,1.2551,0.1422,-0.0946,-0.2386,11.3237,0.0045,-5.3663
46.050,176.190,0.7222,-5.0596,-119.108,0.6916,-5.1675,-123.369,0.1092,0.0258,0.1122,-4.261,0.4860,3.1994,0.760,0.0654,-8.3466,-124.108,4.433,-1.4820,179.151,0.1929,0.0218,0.0668,3.0628,4.4762,4.4750,nan,4.1949,4.3288,0.1714,-0.1008,1.2551,0.1510,-0.1746,-0.2386,11.3237,0.0800,-1.3034
46.100,176.419,0.6046,-5.2561,-123.263,0.5624,-5.3662,-126.878,0.1152,0.0251,0.1179,-3.615,0.4750,3.1942,0.762,-0.0598,-8.5375,-127.447,4.376,-1.3003,179.379,0.1835,0.0266,0.0645,2.4292,4.4418,4.4750,nan,4.0645,4.1162,0.1630,-0.0861,1.2344,0.1259,-0.1897,-0.2567,11.5322,0.0299,-1.3034
46.150,176.643,0.4773,-5.4394,-126.741,0.4697,-5.5113,-128.166,0.0622,0.0369,0.0723,-1.425,0.4323,3.1539,0.979,-0.1891,-8.7107,-129.626,4.231,-0.9368,179.595,0.1753,0.0284,0.0296,1.0424,4.3109,4.3226,nan,3.9780,4.0477,0.1603,-0.0796,1.2116,0.0954,-0.1900,-0.2757,11.7406,0.0403,-3.3539
46.200,176.888,0.3270,-5.6332,-128.937,0.3287,-5.6859,-128.626,0.0399,0.0345,0.0528,0.311,0.3739,3.1405,1.343,-0.3389,-8.9036,-130.324,4.198,-0.5303,179.840,0.1751,0.0346,0.0242,0.6997,4.1302,4.1284,nan,3.8918,4.0235,0.1593,-0.1040,1.1949,0.0787,-0.1711,-0.2889,11.8795,0.0763,0.0886
46.250,177.135,0.1688,-5.8234,-130.693,0.1713,-5.8438,-130.257,0.0139,0.0152,0.0206,0.435,0.4182,3.1281,1.033,-0.4950,-9.0851,-131.846,4.060,-0.5949,180.079,0.1713,0.0436,0.0399,0.9148,4.1617,4.2038,nan,3.7181,3.6774,0.1456,-0.1552,1.1587,0.0456,-0.0922,-0.3169,12.1574,-0.0236,-3.3288
46.300,177.360,0.0193,-5.9916,-132.777,-0.0117,-6.0011,-133.173,0.0280,-0.0163,0.0324,-0.396,0.4871,3.1098,0.563,-0.6447,-9.2469,-133.908,3.971,-0.7041,180.300,0.1674,0.0276,0.0410,1.4848,3.9078,3.8791,nan,3.6305,3.7051,0.1467,-0.1813,1.1304,0.0053,-0.0539,-0.3397,12.3658,0.0432,-2.1088
46.350,177.576,-0.1307,-6.1466,-135.675,-0.1815,-6.1639,-136.698,0.0484,-0.0231,0.0536,-1.023,0.5496,3.0849,0.106,-0.7914,-9.3902,-136.931,3.762,-0.9332,180.505,0.1637,0.0310,0.0534,1.7225,3.9098,3.9420,nan,3.4978,3.4605,0.1371,-0.1967,1.0971,-0.0383,-0.0359,-0.3643,12.5742,-0.0215,-5.4286
46.400,177.780,-0.2804,-6.2856,-138.959,-0.1801,-6.1769,-139.251,-0.1471,-0.0162,0.1479,-0.291,0.5496,3.0849,0.106,-0.7914,-9.3902,-139.607,3.677,-1.0449,180.706,0.2943,0.0331,0.0612,1.8514,3.7607,3.7662,nan,3.3190,3.2497,0.1287,-0.2460,1.0444,-0.0344,0.0100,-0.4003,12.8521,-0.0401,-2.5229
46.450,177.780,-0.2804,-6.2856,-138.959,-0.3255,-6.3152,-142.433,0.0534,-0.0073,0.0539,-3.474,0.6054,3.0771,-0.274,-0.9430,-9.5222,-143.065,3.677,-1.0449,180.706,0.1585,0.0331,0.0531,1.6053,3.6490,3.6613,nan,3.1849,3.0922,0.1225,-0.3164,0.9916,-0.0226,0.0444,-0.4309,13.0605,-0.0537,-2.6558
46.500,177.977,-0.4321,-6.4107,-142.404,-0.4802,-6.4523,-145.608,0.0635,0.0036,0.0636,-3.204,0.7144,3.0666,-0.972,-1.0925,-9.6373,-146.369,3.500,-1.0740,180.894,0.1558,0.0337,0.0435,1.2898,3.4872,3.4875,nan,3.1400,3.1316,0.1240,-0.3947,0.9916,-0.0038,0.0534,-0.4536,13.1994,-0.0049,-2.2251
46.550,178.166,-0.5858,-6.5216,-146.447,-0.6390,-6.5631,-150.152,0.0673,0.0052,0.0675,-3.705,0.8239,3.0533,-1.633,-1.2430,-9.7371,-150.936,3.284,-1.3415,181.075,0.1542,0.0282,0.0283,1.0059,3.2506,3.2221,nan,3.0946,3.2289,0.1279,-0.3566,0.9916,0.0062,0.0334,-0.4657,13.2689,0.0778,-5.3185
46.600,178.341,-0.7347,-6.6126,-151.275,-0.7902,-6.6875,-155.102,0.0847,0.0390,0.0932,-3.827,0.9101,3.0281,-2.235,-1.3906,-9.8180,-156.099,3.094,-1.5970,181.243,0.1520,0.0261,0.0160,0.6114,3.2032,3.2221,nan,3.0015,3.0953,0.1226,-0.4181,0.9916,0.0298,0.0186,-0.4919,13.4079,0.0543,-5.3185
46.650,178.521,-0.8965,-6.6914,-157.439,-0.9525,-6.7790,-160.918,0.0854,0.0594,0.1040,-3.479,0.8030,3.0416,-1.623,-1.5582,-9.8876,-162.229,3.020,-1.9105,181.425,0.1438,0.0245,0.0182,0.7417,3.0310,3.0238,nan,2.9061,3.0392,0.1204,-0.4853,0.9916,0.0763,0.0372,-0.5362,13.6163,0.0800,-2.1769
46.700,178.700,-1.0658,-6.7511,-164.184,-1.1336,-6.8378,-167.032,0.0888,0.0650,0.1101,-2.848,0.7376,3.0476,-1.297,-1.7338,-9.9374,-168.150,2.972,-1.9790,181.607,0.1353,0.0243,0.0121,0.4982,3.0484,3.0759,nan,2.7113,2.6875,0.1064,-0.5319,0.9916,0.1076,0.0484,-0.5849,13.8247,-0.0137,-1.8541
46.750,178.864,-1.2256,-6.7873,-170.971,-1.3064,-6.8701,-174.032,0.0928,0.0691,0.1157,-3.061,0.8886,3.0204,-2.215,-1.8968,-9.9633,-174.787,2.871,-2.1762,181.772,0.1304,0.0214,0.0218,1.0168,3.0732,3.1023,nan,2.6147,2.4989,0.0990,-0.5745,0.9916,0.1215,0.0234,-0.6200,13.9636,-0.0670,-2.3691
46.800,179.015,-1.3756,-6.8026,-177.924,-1.4647,-6.8919,179.162,0.0923,0.0860,0.1262,-2.914,0.8954,3.0253,-2.245,-2.0414,-9.9775,178.827,2.637,-2.2332,181.918,0.1356,0.0201,0.0323,1.6068,3.0168,3.0329,nan,2.5674,2.4555,0.0972,-0.5719,0.9916,0.1313,-0.0123,-0.6613,14.1026,-0.0648,-6.1823
46.850,179.156,-1.5168,-6.7993,174.835,-1.4775,-6.8941,172.377,-0.0476,0.0908,0.1026,-2.459,0.8954,3.0253,-2.245,-2.0414,-9.9775,172.426,2.441,-2.2179,182.057,0.2765,0.0185,0.0078,0.4223,2.7151,2.6380,nan,2.5875,2.7121,0.1074,-0.5991,0.9255,0.1502,0.0136,-0.7350,14.3110,0.0721,-5.7452
46.900,179.156,-1.5168,-6.7993,174.835,-1.6256,-6.8720,165.631,0.1018,0.0822,0.1309,-9.204,0.9662,3.0197,-2.646,-2.1795,-9.9650,166.127,2.441,-2.2179,182.057,0.1379,0.0185,0.0287,1.5545,2.4776,2.4399,nan,2.5875,2.6711,0.1058,-0.6420,0.8445,0.1485,-0.0512,-0.7631,14.3805,0.0484,-3.5657
46.950,179.285,-1.6442,-6.7803,168.112,-1.7625,-6.8274,159.017,0.1060,0.0704,0.1273,-9.095,0.8865,3.0468,-2.129,-2.3075,-9.9381,160.142,2.355,-2.1843,182.187,0.1371,0.0168,0.0294,1.7518,2.3797,2.3838,nan,2.6539,2.6997,0.1069,-0.6112,0.8112,0.1344,-0.0555,-0.8261,14.5194,0.0800,0.5672
47.000,179.419,-1.7732,-6.7448,160.769,-1.9053,-6.7623,151.474,0.1189,0.0600,0.1332,-9.296,0.8754,3.0528,-2.109,-2.4461,-9.8897,153.184,2.421,-2.3330,182.334,0.1282,0.0143,0.0211,1.4711,2.4374,2.4672,nan,2.6539,2.7574,0.1092,-0.4603,0.8309,0.1204,-0.1756,-0.8261,14.5194,0.0800,0.5672
47.050,179.557,-1.9003,-6.6909,152.806,-2.0495,-6.6860,143.813,0.1349,0.0638,0.1493,-8.993,0.9514,3.0392,-2.523,-2.5784,-9.8217,146.036,2.436,-2.3910,182.483,0.1253,0.0121,0.0288,2.3819,2.5373,2.5794,nan,2.7474,2.8490,0.1128,-0.4035,0.8839,0.1035,-0.1273,-0.8638,14.7278,0.0588,-0.4993
47.100,179.706,-2.0281,-6.6134,144.499,-2.1807,-6.6035,137.863,0.1299,0.0805,0.1529,-6.636,0.9964,3.0331,-2.792,-2.7097,-9.7282,139.563,2.483,-2.1619,182.644,0.1266,0.0102,0.0468,4.6074,2.5689,2.5948,nan,2.8026,2.8375,0.1124,-0.3651,0.9115,0.0969,-0.1405,-0.8210,14.8667,0.0202,0.1345
47.150,179.851,-2.1416,-6.5237,139.096,-2.3028,-6.5100,134.663,0.1308,0.0953,0.1618,-4.433,1.0175,3.0319,-2.966,-2.8262,-9.6272,136.048,2.650,-1.5298,182.798,0.1281,0.0135,0.0751,5.5452,2.6604,2.7008,nan,2.8666,2.8838,0.1142,-0.3612,0.9594,0.0955,-0.1306,-0.7838,15.0057,0.0100,3.7727
47.200,179.999,-2.2490,-6.4226,134.268,-2.4093,-6.3870,129.796,0.1374,0.0899,0.1642,-4.472,1.0439,3.0265,-3.053,-2.9321,-9.5185,131.671,2.706,-1.5319,182.950,0.1328,0.0163,0.0807,4.9483,2.7588,2.8022,nan,2.9148,2.9006,0.1149,-0.4093,1.0085,0.0973,-0.0743,-0.7531,15.1446,-0.0082,1.4768
47.250,180.130,-2.3371,-6.3256,130.021,-2.4907,-6.2676,125.050,0.1432,0.0803,0.1642,-4.971,1.0292,3.0294,-2.889,-3.0188,-9.4153,127.281,2.749,-1.5527,183.085,0.1371,0.0189,0.0818,4.3361,2.7344,2.7528,nan,2.9649,3.0225,0.1197,-0.4114,1.0095,0.0784,-0.0602,-0.7309,15.2836,0.0334,1.0134
47.300,180.284,-2.4308,-6.2031,124.450,-2.5718,-6.1217,119.490,0.1469,0.0703,0.1628,-4.960,1.1297,3.0042,-3.521,-3.1089,-9.2840,121.908,2.772,-1.7873,183.244,0.1448,0.0230,0.0952,4.1355,2.7388,2.7614,nan,3.0122,3.1275,0.1239,-0.4073,1.0167,0.0676,-0.0398,-0.7188,15.4225,0.0668,0.2035
47.350,180.441,-2.5136,-6.0691,118.628,-2.5671,-6.1124,114.305,-0.0124,0.0677,0.0688,-4.322,1.1297,3.0042,-3.521,-3.1089,-9.2840,116.786,2.850,-1.8251,183.409,0.2128,0.0322,0.0635,1.9702,2.8136,2.8512,nan,3.0549,3.1238,0.1237,-0.3861,1.0610,0.0533,-0.0431,-0.6844,15.5615,0.0399,1.3791
47.400,180.441,-2.5136,-6.0691,118.628,-2.6407,-5.9662,109.419,0.1512,0.0622,0.1635,-9.209,1.1099,3.0153,-3.403,-3.1881,-9.1388,111.543,2.850,-1.8251,183.409,0.1539,0.0322,0.0950,2.9475,2.8600,2.8915,nan,3.1305,3.2164,0.1274,-0.3768,1.0964,0.0450,0.0074,-0.6489,15.7699,0.0497,1.5838
47.450,180.606,-2.5854,-5.9206,112.615,-2.7064,-5.7989,103.808,0.1589,0.0649,0.1717,-8.807,1.0902,3.0182,-3.251,-3.2548,-8.9787,105.957,2.933,-1.7975,183.583,0.1649,0.0448,0.1135,2.5325,3.1159,3.2638,nan,3.2416,3.2261,0.1278,-0.3649,1.1240,0.0467,0.0025,-0.6321,15.9088,-0.0090,1.0582
47.500,180.763,-2.6391,-5.7734,107.186,-2.7371,-5.6311,98.740,0.1649,0.0516,0.1728,-8.446,0.9896,3.0510,-2.547,-3.3027,-8.8237,101.248,2.979,-1.7669,183.745,0.1742,0.0413,0.1066,2.5847,2.9143,2.8973,nan,3.2026,3.3106,0.1311,-0.2788,1.1240,0.0463,-0.0892,-0.6321,15.9088,0.0625,1.1656
47.550,180.935,-2.6820,-5.6072,101.391,-2.7598,-5.4451,93.431,0.1743,0.0442,0.1798,-7.960,0.9243,3.0702,-2.104,-3.3380,-8.6489,96.173,3.039,-1.7429,183.923,0.1856,0.0484,0.1146,2.3711,2.8793,2.8973,nan,3.3238,3.3455,0.1325,-0.2602,1.1332,0.0347,-0.0481,-0.5932,16.1172,0.0800,1.1656
47.600,181.109,-2.7084,-5.4347,95.748,-2.7711,-5.2556,89.063,0.1845,0.0444,0.1898,-6.685,0.8604,3.0802,-1.669,-3.3560,-8.4695,91.979,3.097,-1.3894,184.104,0.1965,0.0562,0.1310,2.3311,3.0714,3.1592,nan,3.4548,3.5755,0.1416,-0.2361,1.1690,0.0302,-0.0608,-0.5502,16.2562,0.0699,0.7354
47.650,181.289,-2.7200,-5.2555,91.605,-2.7659,-5.0661,86.156,0.1906,0.0406,0.1949,-5.449,0.7838,3.0938,-1.152,-3.3680,-8.2836,89.176,3.208,-1.1932,184.290,0.2004,0.0677,0.1494,2.2071,3.2210,3.2883,nan,3.5928,3.6639,0.1451,-0.2326,1.2050,0.0345,-0.0249,-0.4892,16.4646,0.0411,3.0581
47.700,181.480,-2.7191,-5.0640,87.582,-2.7367,-4.8695,82.738,0.1936,0.0258,0.1953,-4.844,0.7306,3.1125,-0.793,-3.3595,-8.0817,85.695,3.373,-1.2257,184.492,0.2130,0.0584,0.1329,2.2766,3.0270,3.0133,nan,3.6882,3.6613,0.1450,-0.2393,1.2399,0.0343,0.0226,-0.4335,16.6730,0.0800,4.1020
47.750,181.686,-2.7032,-4.8585,83.291,-2.7262,-4.8640,78.960,-0.0081,0.0222,0.0237,-4.331,0.7306,3.1125,-0.793,-3.3595,-8.0817,82.184,3.479,-1.2906,184.706,0.1580,0.0654,0.0791,1.2102,3.2852,3.4422,nan,3.8359,3.9403,0.1561,-0.2292,1.2628,0.0315,0.0214,-0.3985,16.8119,0.0800,2.5454
47.800,181.686,-2.7032,-4.8585,83.291,-2.6835,-4.6439,74.728,0.2154,0.0055,0.2155,-8.562,0.6343,3.1475,-0.115,-3.3345,-7.8691,78.200,3.479,-1.2906,184.706,0.2245,0.0654,0.1183,1.8095,3.5385,3.6952,nan,4.0932,4.2299,0.1675,-0.1995,1.3088,0.0300,0.0487,-0.3320,17.0898,0.0791,0.8355
47.850,181.882,-2.6738,-4.6646,79.107,-2.6362,-4.4495,71.070,0.2183,0.0038,0.2184,-8.036,0.5771,3.1445,0.257,-3.2965,-7.6717,74.425,3.530,-1.2829,184.907,0.2333,0.0687,0.1202,1.7496,3.6013,3.6434,nan,4.2531,4.3267,0.1714,-0.1728,1.3440,0.0366,0.0446,-0.2843,17.2982,0.0800,3.8820
47.900,182.096,-2.6261,-4.4562,74.759,-2.5670,-4.2420,68.239,0.2222,-0.0007,0.2222,-6.520,0.5905,3.1421,0.162,-3.2369,-7.4528,71.314,3.708,-1.2042,185.134,0.2492,0.0559,0.1099,1.9651,3.6122,3.6434,nan,4.1995,4.3275,0.1714,-0.1176,1.3322,0.0376,-0.0376,-0.3001,17.2288,0.0800,3.8820
47.950,182.330,-2.5571,-4.2327,70.604,-2.4830,-4.0189,65.582,0.2263,0.0011,0.2263,-5.022,0.6235,3.1267,-0.072,-3.1535,-7.2161,68.066,3.937,-1.0409,185.385,0.2687,0.0592,0.1125,1.9023,3.5395,3.5574,nan,4.4158,4.2949,0.1701,-0.0977,1.3804,0.0442,-0.0099,-0.2374,17.5066,0.0800,5.2053
48.000,182.560,-2.4764,-4.0180,68.164,-2.3952,-3.8070,64.651,0.2261,0.0031,0.2261,-3.513,0.7206,3.0641,-0.844,-3.0645,-6.9940,66.743,4.085,-0.6435,185.624,0.2798,0.0611,0.1116,1.8268,3.8057,4.3731,nan,4.5790,4.6133,0.1827,-0.0731,1.4184,0.0539,-0.0109,-0.1910,17.7151,0.0800,3.6990
48.050,182.794,-2.3855,-3.8015,66.168,-2.3018,-3.6030,63.771,0.2153,0.0037,0.2154,-2.397,0.7326,3.0814,-0.847,-2.9671,-6.7734,65.466,4.167,-0.4981,185.866,0.2875,0.0490,0.0792,1.6160,4.1000,4.4319,nan,4.7923,4.9426,0.1957,-0.0720,1.4021,0.0652,0.0119,-0.1449,17.9235,0.0758,1.4514
48.100,183.068,-2.2711,-3.5526,64.399,-2.3150,-3.6150,62.761,-0.0752,0.0126,0.0763,-1.638,0.7326,3.0814,-0.847,-2.9671,-6.7734,64.040,4.371,-0.4917,186.154,0.1217,0.0479,0.0460,0.9603,3.8177,3.7733,nan,4.8942,4.6835,0.1855,-0.0604,1.3646,0.0760,0.0234,-0.0988,18.1319,0.0800,4.4992
48.150,183.068,-2.2711,-3.5526,64.399,-2.1965,-3.3607,61.554,0.2053,0.0157,0.2059,-2.846,0.8572,3.0372,-1.806,-2.8423,-6.5130,62.492,4.371,-0.4917,186.154,0.3028,0.0479,0.0897,1.8743,3.9918,5.0666,nan,4.8497,4.8931,0.1938,-0.0384,1.3169,0.0906,0.0224,-0.0371,18.4098,0.0800,5.3941
48.200,183.302,-2.1678,-3.3433,62.903,-2.0948,-3.1394,60.612,0.2148,0.0279,0.2166,-2.290,0.8515,3.0408,-1.741,-2.7288,-6.2911,61.106,4.582,-0.4924,186.404,0.3188,0.0430,0.0878,2.0390,4.2831,4.6275,nan,4.5745,4.4310,0.1755,-0.0037,1.2678,0.1045,0.0054,0.0247,18.6877,-0.0800,1.8159
48.250,183.558,-2.0485,-3.1164,61.537,-1.9896,-2.9185,60.389,0.2020,0.0426,0.2065,-1.148,0.8904,3.0380,-2.078,-2.6062,-6.0649,60.386,4.577,-0.3428,186.661,0.3208,0.0385,0.0636,1.6506,4.5022,4.6597,nan,4.5090,4.6326,0.1835,0.0003,1.2678,0.1199,-0.0105,0.0247,18.6877,-0.0800,2.5189
48.300,183.794,-1.9346,-2.9095,60.737,-1.8831,-2.7190,60.325,0.1914,0.0482,0.1974,-0.412,0.9200,3.0245,-2.351,-2.4872,-5.8527,60.087,4.665,-0.2001,186.904,0.3281,0.0339,0.0587,1.7308,4.6022,4.6792,nan,4.3224,4.2341,0.1677,0.0337,1.2678,0.1315,-0.0237,0.0711,18.8961,-0.0800,2.5189
48.350,184.032,-1.8179,-2.7022,60.619,-1.7690,-2.5188,60.740,0.1838,0.0474,0.1898,0.121,0.9143,3.0447,-2.278,-2.3755,-5.6542,60.576,4.509,-0.0144,187.132,0.3186,0.0289,0.0498,1.7264,4.6429,4.6993,nan,4.1012,4.2389,0.1679,0.0989,1.2678,0.1285,-0.0532,0.1331,19.1739,0.0797,-3.2448
48.400,184.294,-1.6895,-2.4744,60.660,-1.6325,-2.2962,61.099,0.1833,0.0376,0.1871,0.440,0.8465,3.1037,-1.539,-2.2476,-5.4267,61.137,4.483,0.1710,187.393,0.3181,0.0218,0.0432,1.9821,4.3109,4.2125,nan,4.0065,3.9774,0.1575,0.1624,1.2678,0.1124,-0.0771,0.1796,19.3824,0.0800,-0.2947
48.450,184.530,-1.5757,-2.2667,62.537,-1.5058,-2.1228,63.729,0.1600,0.0043,0.1600,1.193,0.7612,3.1450,-0.698,-2.1435,-5.2264,64.399,4.294,0.7742,187.619,0.3059,0.0172,0.0293,1.7011,4.5787,4.8375,nan,3.9181,3.8383,0.1520,0.2577,1.2678,0.0746,-0.1279,0.2418,19.6602,-0.0459,-4.3364
48.500,184.760,-1.4745,-2.0610,65.740,-1.4006,-1.9233,67.340,0.1559,-0.0108,0.1563,1.600,0.7416,3.1596,-0.530,-2.0543,-5.0284,68.185,4.066,1.1055,187.836,0.2917,0.0163,0.0353,2.1674,4.1880,3.9773,nan,3.9569,4.0323,0.1597,0.3100,1.2678,0.0121,-0.1327,0.2890,19.8687,0.0800,-5.5280
48.550,184.977,-1.3912,-1.8602,70.252,-1.3035,-1.7238,71.825,0.1580,-0.0365,0.1622,1.573,0.7706,3.1322,-0.893,-1.9834,-4.8310,73.073,3.868,1.6003,188.046,0.2801,0.0135,0.0299,2.2197,4.0551,4.0658,nan,4.0361,3.9976,0.1583,0.3367,1.2678,-0.0256,-0.1290,0.3370,20.0771,0.0800,-4.9949
48.600,185.197,-1.3258,-1.6500,76.123,-1.2167,-1.5113,77.052,0.1608,-0.0726,0.1765,0.929,0.7912,3.1339,-1.116,-1.9293,-4.6120,78.838,3.854,1.8925,188.271,0.2780,0.0146,0.0619,4.2339,3.7197,3.6277,nan,4.0978,4.0398,0.1600,0.3536,1.2678,-0.0837,-0.1242,0.3911,20.2855,0.0800,-0.5663
48.650,185.404,-1.2853,-1.4470,82.254,-1.2142,-1.5083,82.432,-0.0511,-0.0787,0.0939,0.179,0.7912,3.1339,-1.116,-1.9293,-4.6120,84.253,3.821,2.0072,188.482,0.1565,0.0183,0.0124,0.6742,3.9301,4.0456,nan,4.1997,4.2793,0.1695,0.3484,1.2938,-0.1318,-0.1039,0.3532,20.4939,0.0450,-1.3267
48.700,185.404,-1.2853,-1.4470,82.254,-1.1675,-1.2934,88.160,0.1680,-0.0960,0.1936,5.906,0.7526,3.1446,-0.741,-1.9008,-4.4027,90.280,3.821,2.0072,188.482,0.2742,0.0183,0.0604,3.2923,3.8126,3.8251,nan,4.3100,4.3747,0.1733,0.3212,1.3169,-0.1579,-0.0755,0.3209,20.7023,0.0800,-0.9139
48.750,185.626,-1.2670,-1.2262,89.166,-1.1471,-1.0649,94.677,0.1630,-0.1175,0.2010,5.511,0.6913,3.1433,-0.112,-1.8975,-4.1724,97.021,3.831,2.1051,188.713,0.2718,0.0293,0.0732,2.5002,4.0551,4.2098,nan,4.4673,4.5639,0.1807,0.2862,1.3397,-0.1812,-0.0305,0.2900,20.9107,0.0515,1.5736
48.800,185.835,-1.2742,-1.0168,95.702,-1.1614,-0.8237,100.278,0.1809,-0.1314,0.2236,4.576,0.7021,3.1399,-0.270,-1.9198,-3.9487,102.537,3.925,2.0381,188.938,0.2743,0.0039,0.0858,21.8236,3.9593,3.9775,nan,4.4270,4.5658,0.1808,0.1902,1.3397,-0.1878,0.0719,0.2900,20.9107,0.0757,2.2836
48.850,186.062,-1.3080,-0.7924,102.181,-1.2229,-0.5536,105.699,0.2155,-0.1335,0.2535,3.518,0.7176,3.1097,-0.510,-1.9713,-3.7104,107.266,4.045,1.8602,189.181,0.2767,0.0095,0.0949,9.9725,3.9474,3.9775,nan,4.5914,4.6224,0.1831,0.1440,1.3700,-0.1869,0.0961,0.2506,21.1886,0.0800,2.2836
48.900,186.322,-1.3760,-0.5412,108.808,-1.3368,-0.2764,111.613,0.2380,-0.1225,0.2677,2.804,0.6885,3.1015,-0.109,-2.0616,-3.4451,112.443,4.207,1.6049,189.462,0.2791,0.0285,0.0838,2.9383,3.9773,4.0155,nan,4.7631,4.6877,0.1857,0.0718,1.3931,-0.1588,0.1401,0.2217,21.3970,0.0800,3.2104
48.950,186.554,-1.4568,-0.3240,112.005,-1.4384,-0.0420,113.241,0.2545,-0.1227,0.2826,1.236,0.6574,3.1145,0.169,-2.1527,-3.2199,113.810,4.354,0.8819,189.704,0.2825,0.0204,0.0894,4.3848,4.2413,4.8078,nan,4.9399,5.0128,0.1985,-0.0229,1.4244,-0.0988,0.1842,0.1840,21.6749,0.0800,3.1499
49.000,186.797,-1.5512,-0.0999,113.634,-1.5333,0.1839,113.530,0.2529,-0.1302,0.2844,-0.104,0.6500,3.1061,0.341,-2.2540,-2.9883,114.295,4.476,0.3943,189.957,0.2870,0.0016,0.0954,58.9394,4.4078,4.5122,nan,5.1190,5.2288,0.2071,-0.0483,1.4568,-0.0592,0.1575,0.1467,21.9528,0.0800,2.7262
49.050,187.055,-1.6549,0.1354,113.383,-1.6292,0.4384,111.994,0.2679,-0.1439,0.3041,-1.389,0.6392,3.1088,0.451,-2.3627,-2.7368,113.005,4.689,-0.2580,190.231,0.3007,0.0023,0.1219,52.2045,4.4310,4.4769,nan,5.2967,5.2782,0.2090,-0.0556,1.4819,-0.0315,0.1284,0.1189,22.1612,0.0800,4.5652
49.100,187.323,-1.7599,0.3827,112.226,-1.6335,0.4415,111.313,0.0066,-0.1392,0.1394,-0.913,0.6392,3.1088,0.451,-2.3627,-2.7368,112.267,4.885,-0.4133,190.516,0.2013,0.0041,0.1199,29.2825,4.7157,5.1023,nan,5.4684,5.6127,0.2223,-0.0370,1.4714,-0.0173,0.0675,0.0820,22.4391,0.0800,4.3978
49.150,187.323,-1.7599,0.3827,112.226,-1.7615,0.6936,110.051,0.2884,-0.1161,0.3109,-2.175,0.5542,3.1657,1.835,-2.4704,-2.4732,110.574,4.885,-0.4133,190.516,0.3155,0.0041,0.1124,27.4430,4.9217,5.0958,nan,5.5539,5.6542,0.2239,-0.0423,1.4304,0.0056,0.0267,0.0358,22.7864,0.0429,2.9257
49.200,187.591,-1.8590,0.6311,110.906,-1.8818,0.9365,109.454,0.2934,-0.0877,0.3063,-1.453,0.5283,3.1862,2.083,-2.5699,-2.2127,109.606,5.010,-0.3631,190.795,0.3269,0.0066,0.0906,13.8148,4.8544,4.8857,nan,5.4184,5.4661,0.2165,-0.0722,1.4067,0.0427,0.0115,0.0080,22.9948,0.0206,4.6835
49.250,187.888,-1.9633,0.9097,109.900,-1.9835,1.2348,108.646,0.3125,-0.0916,0.3257,-1.255,0.5045,3.2106,2.415,-2.6776,-1.9154,108.946,5.223,-0.3279,191.111,0.3441,0.0026,0.0924,35.0604,4.8410,4.8857,nan,5.4184,5.4763,0.2169,-0.0706,1.4067,0.0615,-0.0027,0.0080,22.9948,0.0251,4.6835
49.300,188.228,-2.0760,1.2299,108.643,-2.0872,1.5546,107.153,0.3113,-0.0932,0.3249,-1.490,0.5566,3.1479,1.319,-2.7904,-1.5811,107.650,5.361,-0.4000,191.464,0.3578,0.0105,0.0937,8.9283,4.9961,5.1250,nan,5.0273,5.0360,0.1994,-0.0877,1.3682,0.0598,-0.0114,-0.0381,23.3422,-0.0800,3.0797
49.350,188.538,-2.1713,1.5252,106.720,-2.1899,1.8294,105.371,0.2967,-0.0697,0.3048,-1.349,0.5688,3.1394,1.193,-2.8799,-1.2831,105.558,5.336,-0.6353,191.775,0.3619,0.0021,0.0645,31.0013,5.1972,6.1426,nan,4.7219,4.7464,0.1880,-0.1103,1.3302,0.0589,-0.0157,-0.0842,23.6896,0.0800,-0.2753
49.400,188.830,-2.2509,1.8064,104.430,-2.2813,2.0919,103.282,0.2840,-0.0417,0.2871,-1.148,0.5863,3.1046,0.473,-2.9490,-1.0143,103.191,5.118,-0.7866,192.053,0.3527,0.0046,0.0480,10.3360,5.0461,5.0540,nan,4.4915,4.6286,0.1833,-0.1435,1.2997,0.0779,-0.0199,-0.1212,23.9674,0.0736,-4.5470
49.450,189.114,-2.3161,2.0826,101.633,-2.3254,2.2108,101.210,0.1275,-0.0167,0.1285,-0.423,0.5863,3.1046,0.473,-2.9825,-0.8842,100.934,4.866,-0.9377,192.320,0.2337,0.0078,0.0280,3.6037,5.0471,5.1002,nan,4.2727,4.1913,0.1660,-0.1830,1.2684,0.0972,-0.0194,-0.1583,24.2453,-0.0430,-5.8824
49.500,189.114,-2.3161,2.0826,101.633,-2.3598,2.3330,98.262,0.2541,-0.0077,0.2542,-3.371,0.5892,3.1040,0.244,-3.0094,-0.7536,97.862,4.866,-0.9377,192.320,0.3394,0.0078,0.0435,5.6056,4.7525,4.6818,nan,4.1674,4.1929,0.1661,-0.2077,1.2439,0.1082,-0.0284,-0.1863,24.4537,0.0143,-4.7666
49.550,189.404,-2.3669,2.3679,97.916,-2.4368,2.5983,95.378,0.2378,0.0375,0.2408,-2.538,0.6036,3.0675,-0.229,-3.0476,-0.4791,94.309,4.646,-1.0937,192.597,0.3335,0.0143,0.0399,2.7924,4.4693,4.4153,nan,4.1674,4.1707,0.1652,-0.1708,1.2439,0.1169,-0.0732,-0.1863,24.4537,0.0800,-7.0566
49.600,189.676,-2.3959,2.6388,93.557,-2.5179,2.8435,91.610,0.2119,0.1091,0.2383,-1.947,0.6153,3.0435,-0.275,-3.0730,-0.2262,89.694,4.327,-1.3367,192.852,0.3181,0.0054,0.0600,11.0302,4.3914,4.4153,nan,4.0140,4.1514,0.1644,-0.2311,1.2093,0.1576,-0.0640,-0.2240,24.7316,0.0796,-7.0566
49.650,189.914,-2.4028,2.8764,89.127,-2.5522,3.0808,87.605,0.2021,0.1525,0.2532,-1.521,0.6167,3.0647,0.062,-3.0785,0.0054,85.468,4.178,-1.4057,193.084,0.3132,0.0088,0.0938,10.6174,4.4038,4.4466,nan,3.8170,3.7543,0.1487,-0.2723,1.1740,0.2002,-0.0682,-0.2626,25.0095,-0.0363,-4.0970
49.700,190.149,-2.3907,3.1109,84.285,-2.5580,3.3170,83.531,0.1884,0.1870,0.2654,-0.755,0.6286,2.9939,-0.809,-3.0555,0.2354,81.119,4.059,-1.4936,193.315,0.3136,0.0174,0.1192,6.8651,4.2268,4.2261,nan,3.6742,3.6101,0.1430,-0.3127,1.1494,0.2207,-0.0811,-0.2925,25.2179,-0.0371,-2.9512
49.750,190.364,-2.3611,3.3246,79.172,-2.4778,3.5158,77.629,0.1659,0.1506,0.2240,-1.543,0.6264,2.9909,-1.161,-3.0170,0.4368,76.158,3.811,-1.6594,193.520,0.3067,0.0060,0.0972,16.2595,3.9759,3.9477,nan,3.5356,3.5321,0.1399,-0.3223,1.1208,0.2159,-0.0926,-0.3234,25.4263,-0.0020,-6.1122
49.800,190.579,-2.3115,3.5329,73.266,-2.4158,3.7158,71.877,0.1451,0.1525,0.2105,-1.389,0.6304,2.9591,-1.570,-2.9678,0.6377,70.645,3.599,-1.8016,193.727,0.3000,0.0089,0.0949,10.6366,3.7379,3.7153,nan,3.4458,3.5330,0.1399,-0.2505,1.0855,0.1508,-0.1265,-0.3559,25.6347,0.0505,-5.3458
49.850,190.579,-2.3115,3.5329,73.266,-2.3975,3.7167,66.267,0.1512,0.1352,0.2029,-6.999,0.6304,2.9591,-1.570,-2.9678,0.6377,65.485,3.599,-1.8016,193.727,0.3000,0.0089,0.0472,5.2920,3.6581,3.6757,nan,3.3167,3.3466,0.1325,-0.2248,1.0550,0.1245,-0.1479,-0.3902,25.8431,0.0173,-3.8310
49.900,190.914,-2.1895,3.8456,63.609,-2.2375,4.0234,61.494,0.1380,0.1221,0.1842,-2.115,0.6344,2.9614,-2.015,-2.8192,0.9372,61.127,3.449,-1.4544,194.061,0.3026,0.0149,0.0834,5.5777,3.6478,3.6757,nan,3.3167,3.3544,0.1328,-0.0957,1.0550,0.1045,-0.2478,-0.3902,25.8431,0.0218,-3.8310
49.950,191.104,-2.0995,4.0123,59.421,-2.1308,4.1892,58.148,0.1364,0.1170,0.1797,-1.273,0.6460,2.9816,-1.758,-2.7224,1.1010,58.046,3.430,-1.0397,194.251,0.3041,0.0223,0.0991,4.4532,3.4959,3.4983,nan,3.1527,3.1491,0.1247,-0.1323,1.0117,0.0288,-0.1797,-0.4538,26.1905,-0.0021,0.4173
50.000,191.104,-2.0995,4.0123,59.421,-2.1130,4.1769,54.826,0.1349,0.0954,0.1652,-4.595,0.6460,2.9816,-1.758,-2.7224,1.1010,55.060,3.430,-1.0397,194.251,0.3041,0.0223,0.0680,3.0542,3.3527,3.3560,nan,3.0670,3.0925,0.1225,-0.1579,1.0117,-0.0158,-0.1696,-0.4822,26.3294,0.0148,-1.9391
50.050,191.290,-2.0019,4.1712,57.679,-2.0066,4.3118,55.218,0.1163,0.0792,0.1407,-2.461,0.6499,3.0185,-0.689,-2.6279,1.2556,55.492,3.340,-0.5839,194.433,0.2989,0.0309,0.0821,2.6537,3.1509,3.1365,nan,2.9378,2.9919,0.1185,-0.2225,1.0117,-0.0544,-0.0798,-0.5301,26.5378,0.0313,-4.3304
50.100,191.479,-1.8981,4.3287,55.479,-1.9093,4.4663,53.088,0.1070,0.0873,0.1381,-2.391,0.6384,2.9950,-1.512,-2.5251,1.4050,53.059,3.185,-0.6944,194.614,0.2917,0.0211,0.0802,3.8024,3.2694,3.3253,nan,2.8588,2.7662,0.1096,-0.3039,1.0117,-0.0796,-0.0422,-0.5554,26.6768,-0.0536,-3.0979
50.150,191.644,-1.8016,4.4634,53.148,-1.7865,4.5699,50.068,0.0943,0.0518,0.1076,-3.080,0.6306,2.9875,-1.616,-2.4286,1.5339,50.672,3.076,-0.8403,194.775,0.2871,0.0223,0.0591,2.6469,3.2943,3.3253,nan,2.8588,2.7473,0.1088,-0.2727,1.0117,-0.0758,-0.0732,-0.5554,26.6768,-0.0646,-3.0979
50.200,191.831,-1.6854,4.6092,49.497,-1.6526,4.7057,45.715,0.0947,0.0377,0.1019,-3.782,0.6332,2.9912,-1.620,-2.3105,1.6721,46.755,2.948,-1.0743,194.957,0.2823,0.0288,0.0641,2.2296,2.9166,2.7079,nan,2.7994,2.9276,0.1159,-0.3197,1.0117,-0.1170,-0.0088,-0.6015,26.8852,0.0742,-3.3008
50.250,191.990,-1.5782,4.7271,45.649,-1.5308,4.8081,41.548,0.0911,0.0227,0.0939,-4.100,0.6353,2.9893,-1.691,-2.2031,1.7819,42.934,2.781,-1.2444,195.110,0.2761,0.0321,0.0650,2.0270,3.1129,3.2038,nan,2.7019,2.5922,0.1027,-0.4148,1.0117,-0.1124,0.0455,-0.6589,27.0936,-0.0635,-5.1550
50.300,192.147,-1.4648,4.8350,41.184,-1.3956,4.9068,36.707,0.0994,0.0084,0.0997,-4.476,0.6581,3.0152,-1.360,-2.0833,1.8867,38.392,2.788,-1.4465,195.270,0.2778,0.0170,0.0435,2.5544,2.8034,2.7221,nan,2.6940,2.7703,0.1097,-0.4692,0.9749,-0.1157,0.0657,-0.7075,27.2326,0.0442,0.3034
50.350,192.296,-1.3481,4.9287,35.848,-1.2649,4.9974,31.279,0.1077,0.0070,0.1080,-4.569,0.6641,3.0236,-0.964,-1.9654,1.9719,33.196,2.604,-1.7747,195.415,0.2723,0.0202,0.0535,2.6441,2.8827,2.9222,nan,2.6535,2.5800,0.1022,-0.5401,1.0025,-0.0996,0.1338,-0.7710,27.4410,-0.0425,-5.4187
50.400,192.440,-1.2278,5.0069,29.811,-1.1284,5.0765,25.389,0.1209,0.0110,0.1214,-4.422,0.6630,3.0199,-1.038,-1.8369,2.0455,27.272,2.604,-1.9502,195.563,0.2745,0.0220,0.0699,3.1728,2.5941,2.5265,nan,2.7166,2.8096,0.1113,-0.5928,0.9021,-0.0718,0.1442,-0.7939,27.5799,0.0539,-0.2835
50.450,192.579,-1.1035,5.0697,23.255,-1.1409,5.0839,20.330,-0.0287,0.0278,0.0400,-2.925,0.6630,3.0199,-1.038,-1.8369,2.0455,21.675,2.491,-2.1711,195.704,0.1499,0.0622,0.0633,1.0176,2.7229,2.7757,nan,2.8083,2.8732,0.1138,-0.6383,0.9469,-0.0353,0.2125,-0.8680,0.0000,0.0376,-3.6880
50.500,192.579,-1.1035,5.0697,23.255,-1.0276,5.1400,13.972,0.0975,0.0346,0.1034,-9.283,0.6658,3.0184,-0.944,-1.7080,2.1009,14.880,2.491,-2.1711,195.704,0.2726,0.0231,0.0780,3.3730,2.5426,2.5281,nan,2.8083,2.9312,0.1161,-0.6687,0.9010,0.0024,0.1730,-0.8239,0.0695,0.0800,0.3868
50.550,192.720,-0.9712,5.1174,15.749,-0.8660,5.1770,5.709,0.1174,0.0289,0.1209,-10.041,0.6590,3.0130,-0.892,-1.5609,2.1424,7.238,2.534,-2.4079,195.856,0.2793,0.0272,0.0945,3.4718,2.6896,2.7491,nan,2.8866,2.8972,0.1147,-0.6459,0.9704,0.0337,0.1628,-0.7827,0.2084,0.0062,0.1298
50.600,192.860,-0.8341,5.1467,7.724,-0.7155,5.1896,-2.461,0.1233,0.0265,0.1261,-10.185,0.6654,3.0214,-0.507,-1.4076,2.1632,-0.845,2.566,-2.6363,196.011,0.2864,0.0132,0.0778,5.8798,2.7458,2.7781,nan,2.9090,2.8914,0.1145,-0.5136,0.9988,0.0310,0.0874,-0.7642,0.2779,-0.0102,0.1298
50.650,193.004,-0.6902,5.1559,-1.044,-0.5536,5.1855,-10.220,0.1361,0.0321,0.1398,-9.176,0.6621,3.0116,-0.787,-1.2480,2.1603,-8.600,2.591,-2.7074,196.171,0.2921,0.0150,0.0850,5.6815,2.7857,2.8153,nan,2.9523,2.9415,0.1165,-0.4793,1.0276,0.0521,0.0468,-0.7329,0.4168,-0.0062,-0.4159
50.700,193.152,-0.5427,5.1426,-9.759,-0.3913,5.1536,-17.478,0.1474,0.0365,0.1518,-7.719,0.6475,3.0051,-1.002,-1.0889,2.1329,-15.803,2.627,-2.3505,196.332,0.2945,0.0199,0.0938,4.7218,2.7349,2.7495,nan,3.0127,3.0976,0.1227,-0.4547,1.0199,0.0733,0.0109,-0.7087,0.5558,0.0491,-0.3685
50.750,193.308,-0.3909,5.1072,-16.560,-0.2258,5.1159,-21.832,0.1558,0.0554,0.1654,-5.272,0.6654,3.0135,-0.459,-0.9303,2.0858,-20.367,2.730,-1.9906,196.498,0.2947,0.0072,0.0970,13.5009,2.9166,2.9962,nan,3.0821,3.0976,0.1227,-0.4205,1.0939,0.0848,-0.0150,-0.6905,0.6947,0.0090,2.9805
50.800,193.473,-0.2357,5.0514,-23.308,-0.0656,5.0502,-27.318,0.1567,0.0663,0.1701,-4.010,0.6557,3.0079,-0.569,-0.7671,2.0155,-26.185,2.853,-1.9028,196.675,0.2955,0.0123,0.1119,9.1208,2.7171,2.6982,nan,3.1554,3.1735,0.1257,-0.4757,1.0351,0.1144,0.0082,-0.6623,0.8336,0.0800,2.6523
50.850,193.632,-0.0931,4.9814,-29.323,0.0756,4.9662,-32.864,0.1545,0.0694,0.1693,-3.541,0.6557,3.0079,-0.569,-0.6218,1.9339,-31.865,2.918,-1.9774,196.842,0.2934,0.0157,0.1153,7.3395,2.9714,3.1140,nan,3.2687,3.3312,0.1319,-0.4375,1.1396,0.1255,0.0457,-0.6029,1.0421,0.0362,1.5495
50.900,193.632,-0.0931,4.9814,-29.323,0.0762,4.9638,-38.525,0.1562,0.0675,0.1702,-9.202,0.6487,3.0037,-0.537,-0.6218,1.9339,-37.524,2.918,-1.9774,196.842,0.2934,0.0157,0.1330,8.4638,3.0436,3.0828,nan,3.3853,3.4636,0.1372,-0.4042,1.1603,0.1317,0.0280,-0.5657,1.1810,0.0453,0.4439
50.950,193.793,0.0432,4.8950,-36.028,0.2158,4.8660,-44.825,0.1567,0.0781,0.1750,-8.798,0.6266,3.0056,-0.755,-0.4779,1.8417,-43.896,2.962,-2.0963,197.013,0.2984,0.0205,0.1363,6.6484,3.0002,3.0181,nan,3.4246,3.5543,0.1408,-0.3827,1.1794,0.1430,-0.0016,-0.5322,1.3199,0.0751,2.5080
51.000,193.962,0.1742,4.7884,-42.687,0.3407,4.7377,-50.246,0.1567,0.0756,0.1740,-7.559,0.6115,2.9995,-1.075,-0.3441,1.7183,-49.432,3.072,-1.9814,197.195,0.2955,0.0045,0.1231,27.0880,3.1627,3.2352,nan,3.4640,3.5001,0.1386,-0.2805,1.1794,0.1375,-0.1055,-0.5322,1.3199,0.0209,2.5386
51.050,194.125,0.2884,4.6725,-48.606,0.4514,4.6096,-55.510,0.1550,0.0807,0.1747,-6.904,0.6002,2.9966,-1.192,-0.2285,1.5871,-54.976,3.177,-1.9826,197.370,0.2927,0.0068,0.1197,17.6535,3.2021,3.2352,nan,3.5825,3.6659,0.1452,-0.2466,1.2069,0.1305,-0.0915,-0.4861,1.5284,0.0483,2.5386
51.100,194.300,0.3975,4.5360,-54.573,0.5614,4.4485,-60.406,0.1663,0.0828,0.1858,-5.833,0.6066,2.9962,-1.011,-0.1204,1.4351,-59.630,3.290,-1.6785,197.557,0.2883,0.0093,0.1069,11.5240,3.2447,3.2789,nan,3.6617,3.7644,0.1491,-0.2073,1.2247,0.1254,-0.1201,-0.4574,1.6673,0.0594,2.3137
51.150,194.493,0.5031,4.3739,-59.311,0.6529,4.2685,-63.263,0.1670,0.0750,0.1831,-3.952,0.6109,3.0053,-0.713,-0.0179,1.2625,-62.288,3.396,-1.1216,197.757,0.2833,0.0087,0.0882,10.1520,3.4085,3.4849,nan,3.7809,3.8398,0.1521,-0.1790,1.2495,0.1117,-0.1112,-0.4187,1.8757,0.0341,2.4441
51.200,194.695,0.6008,4.1970,-63.015,0.7501,4.0836,-65.725,0.1688,0.0816,0.1875,-2.710,0.6032,3.0091,-0.679,0.0783,1.0734,-65.109,3.554,-1.0208,197.969,0.2801,0.0114,0.0863,7.5342,3.5168,3.5712,nan,3.9008,3.9627,0.1569,-0.1797,1.2651,0.0900,-0.0982,-0.3951,2.0147,0.0359,4.0723
51.250,194.894,0.6863,4.0176,-66.167,0.8294,3.8941,-68.497,0.1708,0.0810,0.1890,-2.330,0.6071,3.0171,-0.355,0.1615,0.8853,-67.976,3.657,-1.0156,198.175,0.2768,0.0087,0.0677,7.7857,3.4849,3.5083,nan,3.9812,4.1184,0.1631,-0.1941,1.2875,0.0884,-0.0597,-0.3623,2.2231,0.0800,2.8071
51.300,195.106,0.7667,3.8213,-69.576,0.8974,3.6819,-71.718,0.1763,0.0739,0.1911,-2.142,0.6048,3.0177,-0.419,0.2385,0.6783,-71.164,3.776,-1.1174,198.396,0.2727,0.0071,0.0668,9.4472,3.6677,3.7584,nan,4.1438,4.2586,0.1687,-0.1881,1.3090,0.0775,-0.0377,-0.3318,2.4315,0.0664,1.6638
51.350,195.321,0.8358,3.6176,-73.290,0.9486,3.4639,-75.312,0.1796,0.0638,0.1906,-2.022,0.6048,3.0177,-0.419,0.3032,0.4628,-74.693,3.902,-1.1494,198.621,0.2679,0.0106,0.0589,5.5485,3.8394,3.9260,nan,4.2676,4.3363,0.1717,-0.1703,1.3300,0.0657,-0.0283,-0.3030,2.6399,0.0381,2.6811
51.400,195.321,0.8358,3.6176,-73.290,0.9327,3.4623,-78.823,0.1766,0.0482,0.1831,-5.533,0.5974,3.0320,-0.431,0.3032,0.4628,-77.986,3.902,-1.1494,198.621,0.2679,0.0106,0.0718,6.7656,4.0684,4.2060,nan,4.4354,4.4471,0.1761,-0.1432,1.3506,0.0486,-0.0319,-0.2756,2.8483,0.0061,3.1106
51.450,195.540,0.8926,3.4066,-76.931,0.9692,3.2320,-81.837,0.1874,0.0351,0.1907,-4.906,0.5904,3.0428,-0.548,0.3550,0.2398,-80.742,4.033,-1.0848,198.850,0.2629,0.0145,0.0631,4.3532,3.8329,3.8123,nan,4.5634,4.5413,0.1799,-0.1148,1.3780,0.0280,-0.0149,-0.2405,3.1262,0.0800,2.4638
51.500,195.765,0.9376,3.1863,-80.322,0.9952,2.9984,-85.087,0.1949,0.0251,0.1966,-4.766,0.5910,3.0453,-0.199,0.3942,0.0099,-83.913,4.129,-1.0877,199.083,0.2576,0.0117,0.0441,3.7773,4.1119,4.3422,nan,4.6065,4.6996,0.1861,-0.0570,1.3780,0.0154,-0.0730,-0.2405,3.1262,0.0481,1.0151
51.550,195.995,0.9709,2.9585,-83.275,1.0248,2.7621,-86.738,0.2013,0.0305,0.2036,-3.462,0.5938,3.0328,-0.219,0.4221,-0.2270,-85.736,4.234,-0.8202,199.322,0.2531,0.0097,0.0344,3.5275,4.2569,4.3422,nan,4.7368,4.8063,0.1903,-0.0305,1.3985,0.0022,-0.0814,-0.2151,3.3346,0.0346,1.0151
51.600,196.244,0.9950,2.7106,-85.763,1.0456,2.5140,-87.687,0.1998,0.0359,0.2030,-1.924,0.5879,3.0395,-0.174,0.4412,-0.4850,-86.950,4.354,-0.5007,199.580,0.2494,0.0101,0.0234,2.3063,4.2777,4.3198,nan,4.9125,5.0644,0.2006,-0.0313,1.4262,0.0007,-0.0520,-0.1819,3.6125,0.0800,2.6449
51.650,196.529,1.0137,2.4257,-86.579,1.0548,2.2183,-87.678,0.2094,0.0287,0.2114,-1.099,0.5849,3.0387,0.118,0.4591,-0.7843,-86.991,4.549,-0.2150,199.880,0.2512,0.0084,0.0107,1.2634,4.2188,4.2447,nan,5.0452,5.0200,0.1988,-0.0370,1.4475,-0.0010,-0.0306,-0.1573,3.8209,0.0800,3.9195
51.700,196.771,1.0267,2.1841,-87.251,1.0685,1.9699,-88.132,0.2160,0.0315,0.2183,-0.881,0.5864,3.0384,-0.564,0.4714,-1.0404,-87.660,4.734,-0.2463,200.137,0.2539,0.0071,0.0116,1.6344,4.4444,5.1757,nan,5.2650,5.2886,0.2094,-0.0507,1.4765,-0.0059,0.0113,-0.1248,4.0988,0.0800,4.8144
51.750,197.049,1.0381,1.9069,-88.170,1.0774,1.6876,-88.997,0.2204,0.0323,0.2228,-0.827,0.5864,3.0384,-0.564,0.4806,-1.3265,-88.608,4.833,-0.3593,200.423,0.2542,0.0064,0.0111,1.7260,4.5958,4.7004,nan,5.4358,5.4745,0.2168,-0.0578,1.5066,0.0084,0.0342,-0.0925,4.3767,0.0800,2.0047
51.800,197.314,1.0442,1.6416,-89.356,1.0722,1.6941,-90.064,-0.0522,0.0286,0.0595,-0.708,0.5770,3.0365,-0.389,0.4806,-1.3265,-89.639,4.976,-0.3911,200.701,0.3037,0.0066,0.0066,0.9959,4.8043,4.9720,nan,5.6000,5.7169,0.2264,-0.0483,1.5384,0.0189,0.0379,-0.0598,4.6545,0.0800,3.5678
51.850,197.314,1.0442,1.6416,-89.356,1.0655,1.4276,-91.361,0.2143,0.0189,0.2151,-2.006,0.5782,3.0349,-0.497,0.4837,-1.6042,-90.890,4.976,-0.3911,200.701,0.2554,0.0066,0.0226,3.4028,5.0320,5.2479,nan,5.7928,5.9675,0.2363,-0.0314,1.5585,0.0224,0.0302,-0.0358,4.9324,0.0800,1.8799
51.900,197.593,1.0444,1.3630,-90.765,1.0543,1.1409,-92.690,0.2219,0.0129,0.2223,-1.925,0.5740,3.0354,-0.369,0.4798,-1.8984,-92.210,5.149,-0.4045,200.995,0.2573,0.0084,0.0296,3.5148,5.1501,5.2603,nan,5.9346,6.0924,0.2413,-0.0075,1.5585,0.0196,0.0133,-0.0130,5.2103,0.0800,4.4011
51.950,197.892,1.0375,1.0636,-92.027,1.0521,0.8266,-93.172,0.2363,0.0230,0.2374,-1.146,0.5794,3.0206,-0.670,0.4686,-2.2154,-92.971,5.341,-0.3157,201.312,0.2611,0.0035,0.0101,2.9215,5.1893,5.2603,nan,5.9346,6.1279,0.2427,0.0076,1.5585,0.0186,-0.0055,-0.0130,5.2103,0.0788,4.4011
52.000,198.225,1.0233,0.7306,-92.884,1.0346,0.4615,-93.176,0.2682,0.0248,0.2694,-0.292,0.6070,3.0464,-1.282,0.4507,-2.5698,-92.959,5.565,-0.0296,201.667,0.2685,0.0064,0.0066,1.0369,5.2035,5.2650,nan,6.0697,6.1394,0.2431,0.0158,1.5585,0.0288,-0.0138,0.0099,5.4882,0.0800,4.6990
52.050,198.548,1.0073,0.4082,-92.680,1.0143,0.1271,-92.644,0.2805,0.0202,0.2812,0.036,0.5847,3.0428,-0.661,0.4348,-2.9100,-92.462,5.742,0.1021,202.007,0.2784,0.0060,0.0088,1.4602,5.4811,6.0762,nan,6.2946,6.4030,0.2536,0.0235,1.5585,0.0249,-0.0219,0.0398,5.9050,0.0800,4.1496
52.100,198.890,0.9923,0.0664,-92.181,1.0088,-0.2254,-91.841,0.2910,0.0276,0.2923,0.339,0.5628,3.0574,-0.237,0.4213,-3.2646,-91.871,5.851,0.1880,202.362,0.2871,0.0066,0.0128,1.9414,5.7131,6.0072,nan,6.4171,6.6195,0.2622,0.0263,1.5618,0.0142,-0.0221,0.0365,6.1829,0.0762,2.2822
52.150,199.217,0.9811,-0.2601,-91.519,0.9797,-0.5728,-91.479,0.3126,0.0068,0.3127,0.040,0.5826,3.0529,-0.481,0.4121,-3.6092,-91.190,6.016,0.2353,202.707,0.3000,0.0116,0.0241,2.0777,5.8760,6.0680,nan,6.6213,6.8085,0.2696,0.0164,1.5712,0.0171,-0.0198,0.0274,6.5997,0.0800,3.7237
52.200,199.547,0.9740,-0.5898,-90.765,0.9577,-0.7491,-90.995,0.1596,-0.0142,0.1602,-0.230,0.5826,3.0529,-0.481,0.4075,-3.7833,-90.516,6.179,0.2483,203.055,0.2366,0.0177,0.0319,1.8076,6.0827,6.3595,nan,6.7593,6.9541,0.2754,0.0324,1.5721,-0.0200,-0.0243,0.0197,6.9471,0.0694,3.8670
52.250,199.547,0.9740,-0.5898,-90.765,0.9528,-0.9246,-90.191,0.3350,-0.0167,0.3354,0.574,0.5950,3.0740,-0.692,0.4052,-3.9575,-89.759,6.179,0.2483,203.055,0.3122,0.0177,0.0316,1.7906,6.2473,6.4679,nan,6.8904,7.0663,0.2799,0.0333,1.5496,-0.0380,-0.0177,0.0121,7.2944,0.0612,2.2940
52.300,199.917,0.9706,-0.9602,-90.194,0.9460,-1.3178,-89.824,0.3576,-0.0234,0.3584,0.371,0.5942,3.0953,-0.583,0.4039,-4.3497,-89.367,6.364,0.2431,203.448,0.3287,0.0181,0.0206,1.1371,6.2962,6.4096,nan,6.9157,7.0737,0.2801,0.0249,1.5496,-0.0408,-0.0053,0.0121,7.2944,0.0546,3.3264
52.350,200.298,0.9720,-1.3406,-89.127,0.9496,-1.7201,-88.570,0.3791,-0.0282,0.3802,0.557,0.5965,3.1324,-0.533,0.4100,-4.7498,-88.144,6.520,0.3297,203.848,0.3461,0.0057,0.0182,3.2015,6.3147,6.4096,nan,6.8050,6.8722,0.2722,0.0166,1.5251,-0.0477,-0.0011,0.0044,7.6418,0.0232,3.3264
52.400,200.667,0.9803,-1.7097,-88.054,0.9419,-2.1196,-87.992,0.4084,-0.0523,0.4117,0.062,0.5172,3.1502,0.588,0.4231,-5.1360,-87.312,6.647,0.2709,204.234,0.3619,0.0007,0.0331,47.6923,6.5515,6.9719,nan,6.4226,6.3246,0.2505,-0.0080,1.4944,-0.0513,0.0205,-0.0055,8.0586,-0.0346,2.9611
52.450,201.032,0.9942,-2.0750,-87.498,0.9274,-2.4699,-88.581,0.3916,-0.0839,0.4005,-1.083,0.4989,3.1687,0.866,0.4392,-5.5046,-87.389,6.637,0.0459,204.603,0.3658,0.0042,0.0627,15.0661,6.7656,7.1331,nan,5.9943,6.1787,0.2447,-0.0263,1.4647,-0.0622,0.0342,-0.0220,8.4754,-0.0800,0.2773
52.500,201.417,1.0106,-2.4593,-87.755,0.9602,-2.8341,-88.906,0.3725,-0.0651,0.3782,-1.151,0.5018,3.1893,0.784,0.4536,-5.8720,-88.090,6.422,-0.1828,204.971,0.3520,0.0092,0.0665,7.2246,6.5679,6.5547,nan,5.7617,5.8329,0.2310,-0.0337,1.4406,-0.0748,0.0337,-0.0441,8.8228,0.0291,-4.4510
52.550,201.772,1.0227,-2.8136,-88.574,0.9900,-3.1634,-89.435,0.3488,-0.0414,0.3513,-0.862,0.5442,3.2032,0.459,0.4621,-6.2122,-89.038,6.239,-0.3067,205.311,0.3395,0.0037,0.0550,14.8546,6.2736,6.1797,nan,5.5384,5.6312,0.2230,-0.0933,1.4170,-0.0239,0.0483,-0.0678,9.1701,0.0397,-3.8771
52.600,202.120,1.0289,-3.1615,-89.659,0.9957,-3.1599,-90.279,-0.0018,-0.0332,0.0332,-0.619,0.5442,3.2032,0.459,0.4621,-6.2122,-89.917,6.239,-0.3067,205.639,0.2572,0.0346,0.0589,1.6997,6.1103,6.1164,nan,5.2725,5.2306,0.2072,-0.1464,1.3936,0.0164,0.0653,-0.0948,9.5175,-0.0182,-5.6495
52.650,202.120,1.0289,-3.1615,-89.659,0.9866,-3.4823,-92.088,0.3205,-0.0442,0.3236,-2.429,0.5326,3.2226,0.546,0.4640,-6.5402,-91.515,5.984,-0.4847,205.639,0.3225,0.0082,0.0749,9.1442,5.7318,5.5128,nan,5.0698,5.1056,0.2022,-0.1855,1.3700,0.0400,0.0808,-0.1217,9.8649,0.0165,-5.2998
52.700,202.459,1.0251,-3.5009,-92.326,0.9671,-3.7853,-96.133,0.2865,-0.0464,0.2902,-3.808,0.6142,3.2649,-0.202,0.4510,-6.8615,-95.477,5.734,-0.8962,205.961,0.3035,0.0174,0.0981,5.6477,5.7195,5.7828,nan,4.8750,4.7297,0.1873,-0.1937,1.3505,0.0483,0.0613,-0.1433,10.1427,-0.0664,-6.8930
52.750,202.781,1.0039,-3.8227,-96.195,0.9412,-4.0633,-100.336,0.2460,-0.0364,0.2487,-4.141,0.5464,3.2981,0.355,0.4185,-7.1604,-99.760,5.411,-1.2834,206.261,0.2800,0.0127,0.0805,6.3450,5.7159,5.7828,nan,4.8750,4.7324,0.1874,-0.1502,1.3505,0.0471,0.0161,-0.1433,10.1427,-0.0652,-6.8930
52.800,203.103,0.9580,-4.1409,-101.242,0.8875,-4.3311,-104.885,0.2003,-0.0321,0.2029,-3.643,0.4917,3.3085,0.802,0.3587,-7.4611,-104.379,5.148,-1.2786,206.568,0.2582,0.0236,0.0972,4.1123,5.2906,4.7843,nan,4.7334,4.7671,0.1888,-0.1432,1.3303,0.0619,-0.0186,-0.1651,10.4206,0.0166,-5.6124
52.850,203.387,0.8947,-4.4183,-105.074,0.8813,-4.5673,-106.660,0.1473,0.0258,0.1496,-1.586,0.4081,3.2754,1.449,0.2892,-7.7193,-107.180,4.870,-1.1060,206.835,0.2416,0.0347,0.0521,1.5009,5.3937,5.5055,nan,4.5045,4.4521,0.1763,-0.1366,1.3089,0.0717,-0.0455,-0.1872,10.6985,-0.0800,-6.5498
52.900,203.657,0.8182,-4.6763,-108.516,0.8219,-4.7988,-109.117,0.1150,0.0424,0.1226,-0.601,0.3913,3.2814,1.557,0.2058,-7.9683,-109.938,4.739,-1.0211,207.098,0.2307,0.0213,0.0135,0.6355,4.9725,4.4948,nan,4.4149,4.3885,0.1738,-0.1883,1.2919,0.1164,-0.0359,-0.2040,10.9069,-0.0138,-3.0063
52.950,203.657,0.8182,-4.6763,-108.516,0.8192,-4.7817,-112.056,0.0996,0.0344,0.1054,-3.540,0.3913,3.2814,1.557,0.2058,-7.9683,-112.865,4.739,-1.0211,207.098,0.2307,0.0213,0.0425,1.9943,4.6081,4.4536,nan,4.3264,4.4433,0.1760,-0.2117,1.2742,0.1216,-0.0345,-0.2211,11.1153,0.0800,-5.3194
53.000,203.947,0.7186,-4.9492,-112.085,0.7135,-5.0265,-115.270,0.0735,0.0243,0.0774,-3.185,0.4402,3.2965,1.235,0.1016,-8.2251,-115.872,4.507,-1.0457,207.375,0.2179,0.0325,0.0583,1.7939,4.5131,4.5346,nan,4.1513,4.2261,0.1674,-0.2225,1.2484,0.1007,-0.0227,-0.2446,11.3932,0.0427,-3.4941
53.050,204.208,0.6129,-5.1881,-116.378,0.6002,-5.2430,-119.946,0.0548,0.0130,0.0563,-3.569,0.5081,3.3000,0.703,-0.0122,-8.4546,-120.442,4.369,-1.3645,207.631,0.2060,0.0227,0.0581,2.5541,4.4968,4.5346,nan,4.1513,4.2385,0.1679,-0.1601,1.2484,0.0921,-0.0793,-0.2446,11.3932,0.0500,-3.4941
53.100,204.478,0.4840,-5.4246,-121.427,0.4640,-5.4568,-124.163,0.0379,-0.0003,0.0379,-2.736,0.5397,3.3033,0.356,-0.1424,-8.6906,-124.498,4.318,-1.1783,207.901,0.2046,0.0370,0.0690,1.8637,4.2233,4.1787,nan,4.0645,4.1051,0.1626,-0.1377,1.2271,0.0723,-0.1099,-0.2629,11.6016,0.0800,-1.5589
53.150,204.729,0.3470,-5.6353,-124.986,0.3025,-5.6212,-127.067,0.0140,-0.0446,0.0467,-2.081,0.4887,3.2350,0.561,-0.2836,-8.8923,-126.960,4.206,-0.9188,208.147,0.1964,0.0467,0.0928,1.9863,4.4998,4.7806,nan,3.8485,3.7609,0.1489,-0.1192,1.1949,0.0383,-0.1078,-0.2889,11.8795,-0.0800,-2.3305
53.200,204.961,0.2096,-5.8226,-127.833,0.1794,-5.7767,-128.769,-0.0177,-0.0521,0.0550,-0.936,0.4771,3.1758,0.514,-0.4224,-9.0711,-129.102,4.089,-0.7896,208.374,0.1910,0.0278,0.0696,2.5025,4.2654,4.2418,nan,3.7617,3.6791,0.1457,-0.1174,1.1680,-0.0087,-0.0894,-0.3097,12.0879,-0.0478,-2.6605
53.250,205.187,0.0677,-5.9982,-130.220,0.0588,-5.9329,-130.384,-0.0441,-0.0490,0.0659,-0.164,0.4771,3.1758,0.514,-0.5597,-9.2335,-131.122,3.857,-0.6984,208.586,0.1893,0.0314,0.0631,2.0116,3.9196,3.8155,nan,3.6744,3.7770,0.1496,-0.1597,1.1403,-0.0221,-0.0512,-0.3319,12.2963,0.0594,-5.7501
53.300,205.187,0.0677,-5.9982,-130.220,0.0760,-5.9586,-131.868,-0.0356,-0.0193,0.0405,-1.647,0.4316,3.1354,0.734,-0.5597,-9.2335,-133.128,3.857,-0.6984,208.586,0.1893,0.0314,0.0560,1.7851,3.8289,3.8463,nan,3.5422,3.6029,0.1427,-0.2167,1.1088,-0.0195,-0.0068,-0.3559,12.5048,0.0352,-3.6997
53.350,205.417,-0.0843,-6.1711,-132.631,-0.0605,-6.1371,-133.790,-0.0411,-0.0055,0.0415,-1.159,0.5006,3.1013,0.228,-0.7071,-9.4004,-135.299,3.713,-0.7714,208.809,0.1913,0.0358,0.0417,1.1658,3.5882,3.5621,nan,3.4978,3.5452,0.1404,-0.2816,1.0971,0.0189,-0.0073,-0.3643,12.5742,0.0800,-0.6935
53.400,205.636,-0.2361,-6.3283,-135.722,-0.2145,-6.2846,-136.999,-0.0460,-0.0162,0.0488,-1.277,0.5007,3.0828,0.168,-0.8638,-9.5532,-138.432,3.687,-0.9994,209.028,0.1851,0.0286,0.0511,1.7868,3.5405,3.5621,nan,3.4085,3.5039,0.1388,-0.3034,1.0720,0.0266,0.0088,-0.3817,12.7132,0.0800,-0.6935
53.450,205.867,-0.4073,-6.4842,-140.208,-0.3934,-6.4199,-141.880,-0.0519,-0.0405,0.0658,-1.673,0.5635,3.0590,-0.316,-1.0383,-9.6986,-143.007,3.550,-1.4010,209.255,0.1785,0.0315,0.0645,2.0474,3.4581,3.4737,nan,3.3190,3.4304,0.1359,-0.3541,1.0299,0.0278,0.0319,-0.4101,12.9216,0.0800,-3.0392
53.500,206.076,-0.5734,-6.6111,-145.751,-0.5817,-6.5292,-147.730,-0.0393,-0.0724,0.0824,-1.979,0.6087,3.0464,-0.695,-1.2097,-9.8153,-148.425,3.438,-1.6674,209.462,0.1704,0.0264,0.0859,3.2523,3.5829,3.6442,nan,3.1400,3.0612,0.1212,-0.3841,0.9916,0.0244,0.0307,-0.4420,13.1300,-0.0456,-3.1433
53.550,206.256,-0.7258,-6.7057,-151.297,-0.7630,-6.6074,-153.531,-0.0146,-0.1041,0.1051,-2.234,0.6103,3.0482,-0.751,-1.3668,-9.9013,-153.919,3.349,-1.8576,209.641,0.1637,0.0250,0.0956,3.8252,3.6118,3.6464,nan,3.0015,2.9626,0.1173,-0.4007,0.9916,0.0161,0.0222,-0.4785,13.3384,-0.0800,-2.8238
53.600,206.444,-0.8956,-6.7878,-157.712,-0.7776,-6.6626,-158.732,-0.1567,-0.0711,0.1720,-1.019,0.6103,3.0482,-0.751,-1.3668,-9.9013,-159.246,3.071,-1.9140,209.820,0.3322,0.0231,0.1044,4.5225,3.3802,3.3561,nan,2.9061,2.7859,0.1103,-0.4238,0.9916,0.0124,0.0239,-0.5208,13.5468,-0.0696,-1.4457
53.650,206.444,-0.8956,-6.7878,-157.712,-0.9582,-6.7843,-164.719,0.0566,-0.0270,0.0627,-7.007,0.6855,3.0452,-1.156,-1.5324,-9.9692,-165.251,3.071,-1.9140,209.820,0.1653,0.0231,0.0376,1.6261,3.2041,3.1977,nan,2.7602,2.6557,0.1052,-0.5234,0.9916,0.0750,0.0375,-0.5684,13.7552,-0.0605,-5.0687
53.700,206.611,-1.0528,-6.8433,-163.750,-1.1251,-6.8759,-169.847,0.0786,0.0111,0.0793,-6.096,0.6654,3.0547,-1.017,-1.6888,-10.0148,-170.466,2.901,-1.8721,209.983,0.1649,0.0217,0.0206,0.9489,2.9454,2.9031,nan,2.6628,2.6807,0.1062,-0.6059,0.9916,0.1271,0.0683,-0.6200,13.9636,0.0104,-4.9941
53.750,206.765,-1.2028,-6.8792,-169.663,-1.2835,-6.9354,-175.205,0.0894,0.0409,0.0983,-5.541,0.6901,3.0542,-1.167,-1.8372,-10.0418,-175.770,2.735,-1.8564,210.134,0.1660,0.0214,0.0084,0.3908,2.7454,2.7263,nan,2.6628,2.7592,0.1093,-0.5783,0.9358,0.1680,-0.0229,-0.6200,13.9636,0.0800,-4.4470
53.800,206.898,-1.3342,-6.8971,-175.424,-1.4287,-6.9609,178.314,0.0992,0.0561,0.1140,-6.261,0.8114,3.0374,-1.883,-1.9678,-10.0523,178.094,2.588,-2.1316,210.265,0.1668,0.0203,0.0113,0.5575,2.7097,2.7263,nan,2.5674,2.6889,0.1065,-0.6226,0.9237,0.2007,-0.0293,-0.6613,14.1026,0.0704,-4.4470
53.850,207.051,-1.4869,-6.8996,176.846,-1.5946,-6.9658,170.663,0.1039,0.0721,0.1264,-6.183,0.7312,3.0546,-1.461,-2.1254,-10.0436,170.491,2.516,-2.3354,210.423,0.1625,0.0176,0.0200,1.1327,2.4609,2.4171,nan,2.5598,2.6350,0.1044,-0.6857,0.8389,0.2201,-0.0489,-0.7087,14.2415,0.0435,-2.5659
53.900,207.193,-1.6278,-6.8827,168.964,-1.7576,-6.9423,162.993,0.1160,0.0833,0.1428,-5.971,0.6874,3.0690,-1.127,-2.2717,-10.0151,163.179,2.470,-2.4548,210.572,0.1586,0.0165,0.0355,2.1500,2.7086,2.8375,nan,2.6205,2.7432,0.1086,-0.5978,0.9233,0.2333,-0.0830,-0.7631,14.3805,0.0800,-1.7406
53.950,207.329,-1.7600,-6.8477,161.030,-1.9117,-6.8935,156.201,0.1286,0.0927,0.1585,-4.829,0.7929,3.0512,-1.757,-2.4081,-9.9682,156.741,2.442,-2.3560,210.716,0.1570,0.0155,0.0477,3.0713,2.6331,2.6432,nan,2.6858,2.7259,0.1080,-0.6081,0.8976,0.2356,-0.1078,-0.8261,14.5194,0.0232,-2.0559
54.001,207.460,-1.8810,-6.7978,153.864,-2.0510,-6.8255,149.585,0.1404,0.0998,0.1723,-4.279,0.9129,3.0283,-2.444,-2.5357,-9.9056,150.308,2.490,-2.3775,210.858,0.1543,0.0135,0.0645,4.7634,2.4427,2.4241,nan,2.7171,2.7627,0.1094,-0.6328,0.8327,0.2297,-0.1056,-0.9156,14.6583,0.0800,0.9476
54.050,207.602,-2.0041,-6.7270,145.999,-2.1771,-6.7298,141.906,0.1419,0.0991,0.1730,-4.093,0.9129,3.0283,-2.444,-2.6614,-9.8208,142.827,2.497,-2.4114,211.010,0.1569,0.0117,0.0689,5.9125,2.5231,2.5593,nan,2.7760,2.8232,0.1118,-0.5634,0.8862,0.2193,-0.0996,-0.8446,14.7973,0.0273,-0.7927
54.100,207.602,-2.0041,-6.7270,145.999,-2.1724,-6.7190,134.805,0.1440,0.0875,0.1685,-11.194,0.9778,3.0142,-2.760,-2.6614,-9.8208,135.917,2.497,-2.4114,211.010,0.1569,0.0117,0.0382,3.2772,2.7490,2.8570,nan,2.8492,2.7831,0.1102,-0.4551,0.9833,0.1929,-0.1207,-0.8025,14.9362,-0.0383,-0.7790
54.150,207.749,-2.1201,-6.6364,137.594,-2.2929,-6.6157,127.939,0.1416,0.1012,0.1740,-9.655,1.0848,2.9922,-3.455,-2.7860,-9.7229,128.989,2.518,-2.3004,211.169,0.1525,0.0104,0.0481,4.6044,2.7385,2.7589,nan,2.8902,2.8682,0.1136,-0.4117,0.9948,0.1724,-0.1388,-0.7671,15.0752,-0.0127,1.7774
54.200,207.905,-2.2279,-6.5237,129.733,-2.3974,-6.4764,123.102,0.1447,0.1001,0.1760,-6.631,1.1689,2.9635,-3.870,-2.8930,-9.5942,124.356,2.600,-1.8928,211.336,0.1613,0.0140,0.0577,4.1214,2.7371,2.7589,nan,2.8902,2.8692,0.1136,-0.2836,0.9943,0.1684,-0.2535,-0.7671,15.0752,-0.0121,1.7774
