t,dist_m,true_x,true_y,true_yaw_deg,est_x,est_y,est_yaw_deg,err_along,err_cross,err_dist,err_yaw_deg,m2o_x,m2o_y,m2o_yaw_deg,o2b_x,o2b_y,o2b_yaw_deg,speed,yaw_rate,enc_dist,dr_err,fit_true,fit_est,fit_ratio,pp_v_est,pp_v_enc,pp_v_pose,pp_v_target,pp_u_cmd,pp_throttle,pp_steering,pp_ld,pp_e_lat,pp_e_head,pp_kappa,pp_s,pp_slip,pp_a_imu,pp_delay
0.000,0.000,0.8005,3.1583,-89.997,0.7959,3.1536,-89.944,0.0047,-0.0046,0.0066,0.053,0.7959,3.1536,0.053,0.0000,0.0000,-89.997,0.000,0.0000,0.000,0.0000,0.0073,0.0114,1.5563,nan,nan,nan,nan,nan,nan,nan,nan,nan,nan,nan,nan,nan,nan,nan
0.050,0.000,0.8005,3.1583,-89.997,0.7959,3.1536,-89.944,0.0047,-0.0046,0.0066,0.053,0.7959,3.1536,0.053,0.0000,0.0000,-89.997,0.000,0.0000,0.000,0.0000,0.0073,0.0114,1.5563,nan,nan,nan,nan,nan,nan,nan,nan,nan,nan,nan,nan,nan,nan,nan
0.100,0.000,0.8005,3.1583,-89.997,0.7959,3.1536,-89.944,0.0047,-0.0046,0.0066,0.053,0.7959,3.1536,0.053,0.0000,0.0000,-89.997,0.000,0.0000,0.000,0.0000,0.0073,0.0114,1.5563,nan,nan,nan,nan,nan,nan,nan,nan,nan,nan,nan,nan,nan,nan,nan
0.150,0.000,0.8005,3.1583,-89.997,0.7959,3.1536,-89.944,0.0047,-0.0046,0.0066,0.053,0.7959,3.1536,0.053,0.0000,0.0000,-89.997,0.000,0.0000,0.000,0.0000,0.0073,0.0114,1.5563,nan,nan,nan,nan,nan,nan,nan,nan,nan,nan,nan,nan,nan,nan,nan
0.200,0.000,0.8005,3.1583,-89.997,0.7959,3.1536,-89.944,0.0047,-0.0046,0.0066,0.053,0.7959,3.1536,0.053,0.0000,0.0000,-89.997,0.000,0.0000,0.000,0.0000,0.0073,0.0114,1.5563,nan,nan,nan,nan,nan,nan,nan,nan,nan,nan,nan,nan,nan,nan,nan
0.250,0.000,0.8005,3.1583,-89.997,0.7959,3.1536,-89.944,0.0047,-0.0046,0.0066,0.053,0.7959,3.1536,0.053,0.0000,0.0000,-89.997,0.000,0.0000,0.000,0.0000,0.0073,0.0114,1.5563,nan,nan,nan,nan,nan,nan,nan,nan,nan,nan,nan,nan,nan,nan,nan
0.300,0.000,0.8005,3.1583,-89.997,0.7959,3.1536,-89.944,0.0047,-0.0046,0.0066,0.053,0.7959,3.1536,0.053,0.0000,0.0000,-89.997,0.000,0.0000,0.000,0.0000,0.0073,0.0114,1.5563,nan,nan,nan,nan,nan,nan,nan,nan,nan,nan,nan,nan,nan,nan,nan
0.350,0.000,0.8005,3.1583,-89.997,0.7959,3.1536,-89.944,0.0047,-0.0046,0.0066,0.053,0.7959,3.1536,0.053,0.0000,0.0000,-89.997,0.000,0.0000,0.000,0.0000,0.0073,0.0114,1.5563,nan,nan,nan,nan,nan,nan,nan,nan,nan,nan,nan,nan,nan,nan,nan
0.400,0.000,0.8005,3.1583,-89.997,0.7959,3.1536,-89.944,0.0047,-0.0046,0.0066,0.053,0.7959,3.1536,0.053,0.0000,0.0000,-89.997,0.000,0.0000,0.000,0.0000,0.0073,0.0114,1.5629,nan,nan,nan,nan,nan,nan,nan,nan,nan,nan,nan,nan,nan,nan,nan
0.450,0.000,0.8005,3.1583,-89.997,0.7962,3.1518,-90.033,0.0065,-0.0043,0.0078,-0.036,0.7962,3.1518,-0.036,0.0000,0.0000,-89.997,0.000,0.0000,0.000,0.0000,0.0073,0.0120,1.6424,nan,nan,nan,nan,nan,nan,nan,nan,nan,nan,nan,nan,nan,nan,nan
0.500,0.000,0.8005,3.1583,-89.997,0.7962,3.1518,-90.033,0.0065,-0.0043,0.0078,-0.036,0.7962,3.1518,-0.036,0.0000,0.0000,-89.997,0.000,0.0000,0.000,0.0000,0.0073,0.0120,1.6424,nan,nan,nan,nan,nan,nan,nan,nan,nan,nan,nan,nan,nan,nan,nan
0.550,0.000,0.8005,3.1583,-89.997,0.7962,3.1518,-90.033,0.0065,-0.0043,0.0078,-0.036,0.7962,3.1518,-0.036,0.0000,0.0000,-89.997,0.000,0.0000,0.000,0.0000,0.0074,0.0120,1.6316,nan,nan,nan,nan,nan,nan,nan,nan,nan,nan,nan,nan,nan,nan,nan
0.600,0.000,0.8005,3.1583,-89.997,0.7962,3.1518,-90.033,0.0065,-0.0043,0.0078,-0.036,0.7962,3.1518,-0.036,0.0000,0.0000,-89.997,0.000,0.0000,0.000,0.0000,0.0074,0.0120,1.6316,nan,nan,nan,nan,nan,nan,nan,nan,nan,nan,nan,nan,nan,nan,nan
0.650,0.000,0.8005,3.1583,-89.997,0.7962,3.1518,-90.033,0.0065,-0.0043,0.0078,-0.036,0.7962,3.1518,-0.036,0.0000,0.0000,-89.997,0.000,0.0000,0.000,0.0000,0.0074,0.0121,1.6275,nan,nan,nan,nan,nan,nan,nan,nan,nan,nan,nan,nan,nan,nan,nan
0.700,0.000,0.8005,3.1583,-89.997,0.7962,3.1518,-90.033,0.0065,-0.0043,0.0078,-0.036,0.7962,3.1518,-0.036,0.0000,0.0000,-89.997,0.000,0.0000,0.000,0.0000,0.0074,0.0121,1.6275,nan,nan,nan,nan,nan,nan,nan,nan,nan,nan,nan,nan,nan,nan,nan
0.750,0.000,0.8005,3.1583,-89.997,0.7962,3.1518,-90.033,0.0065,-0.0043,0.0078,-0.036,0.7962,3.1518,-0.036,0.0000,0.0000,-89.997,0.000,0.0000,0.000,0.0000,0.0074,0.0121,1.6275,nan,nan,nan,nan,nan,nan,nan,nan,nan,nan,nan,nan,nan,nan,nan
0.800,0.000,0.8005,3.1583,-89.997,0.7962,3.1518,-90.033,0.0065,-0.0043,0.0078,-0.036,0.7962,3.1518,-0.036,0.0000,0.0000,-89.997,0.000,0.0000,0.000,0.0000,0.0074,0.0121,1.6275,nan,nan,nan,nan,nan,nan,nan,nan,nan,nan,nan,nan,nan,nan,nan
0.850,0.000,0.8005,3.1583,-89.997,0.7985,3.1522,-90.208,0.0061,-0.0020,0.0064,-0.211,0.7985,3.1522,-0.211,0.0000,0.0000,-89.997,0.000,0.0000,0.000,0.0000,0.0074,0.0113,1.5294,nan,nan,nan,nan,nan,nan,nan,nan,nan,nan,nan,nan,nan,nan,nan
0.900,0.000,0.8005,3.1583,-89.997,0.7985,3.1522,-90.208,0.0061,-0.0020,0.0064,-0.211,0.7985,3.1522,-0.211,0.0000,0.0000,-89.997,0.000,0.0000,0.000,0.0000,0.0074,0.0114,1.5359,nan,nan,nan,nan,nan,nan,nan,nan,nan,nan,nan,nan,nan,nan,nan
0.950,0.000,0.8005,3.1583,-89.997,0.7985,3.1522,-90.208,0.0061,-0.0020,0.0064,-0.211,0.7985,3.1522,-0.211,0.0000,0.0000,-89.997,0.000,0.0000,0.000,0.0000,0.0074,0.0114,1.5359,nan,nan,nan,nan,nan,nan,nan,nan,nan,nan,nan,nan,nan,nan,nan
1.000,0.000,0.8005,3.1583,-89.997,0.7985,3.1522,-90.208,0.0061,-0.0020,0.0064,-0.211,0.7985,3.1522,-0.211,0.0000,0.0000,-89.997,0.000,0.0000,0.000,0.0000,0.0074,0.0114,1.5359,nan,nan,nan,nan,nan,nan,nan,nan,nan,nan,nan,nan,nan,nan,nan
1.050,0.000,0.8005,3.1583,-89.997,0.7985,3.1522,-90.208,0.0061,-0.0020,0.0064,-0.211,0.7985,3.1522,-0.211,0.0000,0.0000,-89.997,0.000,0.0000,0.000,0.0000,0.0074,0.0113,1.5294,nan,nan,nan,nan,nan,nan,nan,nan,nan,nan,nan,nan,nan,nan,nan
1.100,0.000,0.8005,3.1583,-89.997,0.7985,3.1522,-90.208,0.0061,-0.0020,0.0064,-0.211,0.7985,3.1522,-0.211,0.0000,0.0000,-89.997,0.000,0.0000,0.000,0.0000,0.0074,0.0114,1.5359,nan,nan,nan,nan,nan,nan,nan,nan,nan,nan,nan,nan,nan,nan,nan
1.151,0.000,0.8005,3.1583,-89.997,0.7985,3.1522,-90.208,0.0061,-0.0020,0.0064,-0.211,0.7985,3.1522,-0.211,0.0000,0.0000,-89.997,0.000,0.0000,0.000,0.0000,0.0074,0.0113,1.5294,nan,nan,nan,nan,nan,nan,nan,nan,nan,nan,nan,nan,nan,nan,nan
1.200,0.000,0.8005,3.1583,-89.997,0.7985,3.1522,-90.208,0.0061,-0.0020,0.0064,-0.211,0.7985,3.1522,-0.211,0.0000,0.0000,-89.997,0.000,0.0000,0.000,0.0000,0.0074,0.0113,1.5294,nan,nan,nan,nan,nan,nan,nan,nan,nan,nan,nan,nan,nan,nan,nan
1.250,0.000,0.8005,3.1583,-89.997,0.7967,3.1546,-90.093,0.0037,-0.0038,0.0053,-0.096,0.7967,3.1546,-0.096,0.0000,0.0000,-89.997,0.000,0.0000,0.000,0.0000,0.0074,0.0125,1.6928,nan,nan,nan,nan,nan,nan,nan,nan,nan,nan,nan,nan,nan,nan,nan
1.300,0.000,0.8005,3.1583,-89.997,0.7967,3.1546,-90.093,0.0037,-0.0038,0.0053,-0.096,0.7967,3.1546,-0.096,0.0000,0.0000,-89.997,0.000,0.0000,0.000,0.0000,0.0074,0.0125,1.6928,nan,nan,nan,nan,nan,nan,nan,nan,nan,nan,nan,nan,nan,nan,nan
1.350,0.000,0.8005,3.1583,-89.997,0.7967,3.1546,-90.093,0.0037,-0.0038,0.0053,-0.096,0.7967,3.1546,-0.096,0.0000,0.0000,-89.997,0.000,0.0000,0.000,0.0000,0.0074,0.0125,1.6928,nan,nan,nan,nan,nan,nan,nan,nan,nan,nan,nan,nan,nan,nan,nan
1.400,0.000,0.8005,3.1583,-89.997,0.7967,3.1546,-90.093,0.0037,-0.0038,0.0053,-0.096,0.7967,3.1546,-0.096,0.0000,0.0000,-89.997,0.000,0.0000,0.000,0.0000,0.0075,0.0125,1.6818,nan,nan,nan,nan,nan,nan,nan,nan,nan,nan,nan,nan,nan,nan,nan
1.450,0.000,0.8005,3.1583,-89.997,0.7967,3.1546,-90.093,0.0037,-0.0038,0.0053,-0.096,0.7967,3.1546,-0.096,0.0000,0.0000,-89.997,0.000,0.0000,0.000,0.0000,0.0075,0.0125,1.6818,nan,nan,nan,nan,nan,nan,nan,nan,nan,nan,nan,nan,nan,nan,nan
1.500,0.000,0.8005,3.1583,-89.997,0.7967,3.1546,-90.093,0.0037,-0.0038,0.0053,-0.096,0.7967,3.1546,-0.096,0.0000,0.0000,-89.997,0.000,0.0000,0.000,0.0000,0.0075,0.0125,1.6818,nan,nan,nan,nan,nan,nan,nan,nan,nan,nan,nan,nan,nan,nan,nan
1.550,0.000,0.8005,3.1583,-89.997,0.7967,3.1546,-90.093,0.0037,-0.0038,0.0053,-0.096,0.7967,3.1546,-0.096,0.0000,0.0000,-89.997,0.000,0.0000,0.000,0.0000,0.0075,0.0125,1.6818,nan,nan,nan,nan,nan,nan,nan,nan,nan,nan,nan,nan,nan,nan,nan
1.600,0.000,0.8005,3.1583,-89.997,0.7967,3.1546,-90.093,0.0037,-0.0038,0.0053,-0.096,0.7967,3.1546,-0.096,0.0000,0.0000,-89.997,0.000,0.0000,0.000,0.0000,0.0075,0.0125,1.6818,nan,nan,nan,nan,nan,nan,nan,nan,nan,nan,nan,nan,nan,nan,nan
1.650,0.000,0.8005,3.1583,-89.997,0.7967,3.1546,-90.093,0.0037,-0.0038,0.0053,-0.096,0.7967,3.1546,-0.096,0.0000,0.0000,-89.997,0.000,0.0000,0.000,0.0000,0.0075,0.0125,1.6818,nan,nan,nan,nan,nan,nan,nan,nan,nan,nan,nan,nan,nan,nan,nan
1.700,0.000,0.8005,3.1583,-89.997,0.7974,3.1544,-90.155,0.0039,-0.0031,0.0050,-0.158,0.7974,3.1544,-0.158,0.0000,0.0000,-89.997,0.000,0.0000,0.000,0.0000,0.0075,0.0125,1.6753,nan,nan,nan,nan,nan,nan,nan,nan,nan,nan,nan,nan,nan,nan,nan
1.750,0.000,0.8005,3.1583,-89.997,0.7974,3.1544,-90.155,0.0039,-0.0031,0.0050,-0.158,0.7974,3.1544,-0.158,0.0000,0.0000,-89.997,0.000,0.0000,0.000,0.0000,0.0075,0.0125,1.6753,nan,nan,nan,nan,nan,nan,nan,nan,nan,nan,nan,nan,nan,nan,nan
1.800,0.000,0.8005,3.1583,-89.997,0.7974,3.1544,-90.155,0.0039,-0.0031,0.0050,-0.158,0.7974,3.1544,-0.158,0.0000,0.0000,-89.997,0.000,0.0000,0.000,0.0000,0.0075,0.0125,1.6753,nan,nan,nan,nan,nan,nan,nan,nan,nan,nan,nan,nan,nan,nan,nan
1.850,0.000,0.8005,3.1583,-89.997,0.7974,3.1544,-90.155,0.0039,-0.0031,0.0050,-0.158,0.7974,3.1544,-0.158,0.0000,0.0000,-89.997,0.000,0.0000,0.000,0.0000,0.0075,0.0125,1.6753,nan,nan,nan,nan,nan,nan,nan,nan,nan,nan,nan,nan,nan,nan,nan
1.900,0.000,0.8005,3.1583,-89.997,0.7974,3.1544,-90.155,0.0039,-0.0031,0.0050,-0.158,0.7974,3.1544,-0.158,0.0000,0.0000,-89.997,0.000,0.0000,0.000,0.0000,0.0075,0.0125,1.6753,nan,nan,nan,nan,nan,nan,nan,nan,nan,nan,nan,nan,nan,nan,nan
1.950,0.000,0.8005,3.1583,-89.997,0.7974,3.1544,-90.155,0.0039,-0.0031,0.0050,-0.158,0.7974,3.1544,-0.158,0.0000,0.0000,-89.997,0.000,0.0000,0.000,0.0000,0.0075,0.0125,1.6753,nan,nan,nan,nan,nan,nan,nan,nan,nan,nan,nan,nan,nan,nan,nan
2.000,0.000,0.8005,3.1583,-89.997,0.7974,3.1544,-90.155,0.0039,-0.0031,0.0050,-0.158,0.7974,3.1544,-0.158,0.0000,0.0000,-89.997,0.000,0.0000,0.000,0.0000,0.0075,0.0125,1.6753,0.0000,0.0000,nan,4.5027,0.8220,0.0326,0.2948,0.8000,-0.0960,-0.1706,-0.2345,3.1296,0.0800,-0.0005,0.1750
2.050,0.000,0.8005,3.1583,-89.997,0.7974,3.1544,-90.155,0.0039,-0.0031,0.0050,-0.158,0.7974,3.1544,-0.158,0.0000,0.0000,-89.997,0.000,0.0000,0.000,0.0000,0.0075,0.0125,1.6753,0.0000,0.0000,nan,4.5027,0.8220,0.0326,0.2948,0.8000,-0.0960,-0.1706,-0.2345,3.1296,0.0800,0.0001,0.1750
2.100,0.006,0.8005,3.1525,-89.896,0.7974,3.1544,-90.155,-0.0019,-0.0031,0.0036,-0.259,0.7974,3.1544,-0.158,0.0000,0.0000,-89.997,0.243,0.1113,0.034,0.0058,0.0068,0.0129,1.9000,0.3453,0.7131,nan,4.5477,1.1674,0.0462,0.2988,0.8000,-0.0989,-0.1650,-0.2345,3.1296,0.0800,5.2324,0.1750
2.150,0.024,0.8006,3.1346,-89.407,0.7974,3.0869,-89.754,0.0476,-0.0037,0.0478,-0.347,0.7974,3.1544,-0.158,0.0002,-0.0675,-89.596,0.495,0.2362,0.069,0.0438,0.0059,0.0091,1.5362,0.6296,0.7583,nan,4.6380,1.4647,0.0580,0.2430,0.8000,-0.1134,-0.1117,-0.2167,3.2687,0.0800,5.2105,0.1750
2.200,0.054,0.8011,3.1047,-88.601,0.8000,3.0538,-88.942,0.0508,-0.0023,0.0509,-0.340,0.7993,3.1598,-0.184,0.0010,-0.1059,-88.758,0.746,0.3431,0.104,0.0523,0.0056,0.0056,1.0087,0.7094,0.7285,nan,4.7290,1.5445,0.0612,0.2261,0.8000,-0.1143,-0.0896,-0.2167,3.2687,0.0800,2.8557,0.1750
2.250,0.097,0.8025,3.0618,-87.421,0.8013,3.0205,-87.843,0.0412,-0.0030,0.0414,-0.422,0.7993,3.1598,-0.184,0.0024,-0.1393,-87.660,1.025,0.4779,0.155,0.0428,0.0055,0.0057,1.0351,0.9563,1.0502,nan,4.7747,1.7983,0.0712,0.1721,0.8000,-0.1187,-0.0430,-0.2079,3.3383,0.0800,3.8074,0.1750
2.300,0.153,0.8057,3.0052,-86.158,0.8051,2.9550,-86.295,0.0500,-0.0040,0.0502,-0.138,0.7993,3.1598,-0.184,0.0064,-0.2047,-86.112,1.310,0.4944,0.219,0.0516,0.0044,0.0030,0.6703,1.2288,1.3540,nan,4.8665,2.0846,0.0826,0.0964,0.8000,-0.1206,0.0091,-0.1903,3.4774,0.0800,3.7772,0.1750
2.350,0.221,0.8110,2.9380,-84.816,0.8114,2.8717,-84.950,0.0661,-0.0056,0.0663,-0.133,0.7992,3.1566,-0.175,0.0131,-0.2848,-84.775,1.463,0.5118,0.289,0.0646,0.0038,0.0012,0.3205,1.3928,1.4442,nan,4.9590,2.2558,0.0893,0.0463,0.8000,-0.1185,0.0477,-0.1816,3.5469,0.0800,1.5464,0.1750
2.400,0.382,0.8289,2.7773,-82.844,0.8306,2.7084,-82.612,0.0686,-0.0069,0.0690,0.233,0.7992,3.1566,-0.175,0.0328,-0.4481,-82.437,1.927,0.2849,0.463,0.0672,0.0042,0.0005,0.1264,1.6123,1.6961,nan,5.0520,2.4824,0.0983,0.0042,0.8000,-0.1125,0.0764,-0.1729,3.6165,0.0800,2.3747,0.1750
2.450,0.476,0.8410,2.6846,-82.433,0.8424,2.5937,-82.498,0.0903,-0.0106,0.0910,-0.065,0.7992,3.1538,-0.467,0.0478,-0.5598,-82.031,2.110,0.1491,0.562,0.0864,0.0059,0.0020,0.3361,1.8693,1.9903,nan,5.1921,2.7538,0.1091,-0.0539,0.9311,-0.1062,0.0955,-0.1556,3.7555,0.0800,3.2922,0.1750
2.500,0.587,0.8558,2.5740,-82.372,0.8550,2.5012,-82.513,0.0721,-0.0105,0.0728,-0.140,0.7999,3.1554,-0.490,0.0607,-0.6538,-82.023,2.320,0.0141,0.680,0.0697,0.0062,0.0048,0.7812,1.9539,1.9856,nan,5.2389,2.8525,0.1130,-0.0755,0.9835,-0.0964,0.1110,-0.1382,3.8946,0.0800,2.3871,0.1750
2.550,0.708,0.8715,2.4549,-82.861,0.8701,2.3728,-82.980,0.0813,-0.0116,0.0821,-0.119,0.7999,3.1667,-0.646,0.0791,-0.7931,-82.334,2.552,-0.2122,0.809,0.0900,0.0024,0.0024,1.0000,2.2553,2.4699,nan,5.3790,3.1676,0.1255,-0.0969,1.1474,-0.0806,0.1184,-0.1210,4.0337,0.0800,2.5087,0.1750
2.600,0.831,0.8861,2.3319,-83.658,0.8825,2.2362,-84.412,0.0947,-0.0141,0.0958,-0.753,0.8037,3.1688,-0.979,0.0947,-0.9312,-83.433,2.700,-0.3163,0.938,0.1051,0.0041,0.0160,3.9400,2.5387,2.7160,nan,5.5179,3.4638,0.1372,-0.0777,1.3056,-0.0690,0.1020,-0.1037,4.1728,0.0800,3.0645,0.1750
2.650,0.967,0.9000,2.1971,-84.802,0.8917,2.0918,-85.614,0.1042,-0.0178,0.1057,-0.811,0.8042,3.1599,-1.077,0.1075,-1.0663,-84.536,2.920,-0.4372,1.083,0.1054,0.0059,0.0239,4.0268,2.6988,2.7645,nan,5.6542,3.6353,0.1440,-0.0548,1.4030,-0.0600,0.0850,-0.0865,4.3119,0.0800,2.0029,0.1750
2.700,1.114,0.9121,2.0508,-85.847,0.9006,1.9331,-87.122,0.1165,-0.0200,0.1182,-1.275,0.8058,3.1572,-1.111,0.1185,-1.2220,-86.011,3.170,-0.3814,1.242,0.1147,0.0057,0.0339,5.9207,2.9058,3.0007,nan,5.8289,3.8561,0.1527,-0.0274,1.5112,-0.0512,0.0665,-0.0606,4.5206,0.0800,3.1140,0.1750
2.750,1.271,0.9225,1.8934,-86.631,0.9099,1.7616,-87.450,0.1309,-0.0203,0.1324,-0.819,0.7950,3.1567,-0.557,0.1284,-1.3939,-86.893,3.377,-0.2859,1.410,0.1292,0.0053,0.0282,5.3101,3.1577,3.3027,nan,5.9523,4.1158,0.1630,-0.0148,1.6422,-0.0374,0.0623,-0.0348,4.7292,0.0800,3.6565,0.1750
2.800,1.435,0.9315,1.7296,-87.057,0.9168,1.5904,-87.871,0.1382,-0.0219,0.1399,-0.814,0.7917,3.1602,-0.473,0.1380,-1.5687,-87.398,3.581,-0.1484,1.586,0.1401,0.0042,0.0305,7.1856,3.3925,3.5209,nan,6.0663,4.3534,0.1724,-0.0184,1.7644,-0.0161,0.0708,-0.0190,4.8683,0.0800,2.9858,0.1750
2.850,1.609,0.9400,1.5558,-87.310,0.9262,1.3887,-87.693,0.1662,-0.0217,0.1676,-0.383,0.7859,3.1507,-0.224,0.1472,-1.7614,-87.470,3.797,-0.0873,1.772,0.1591,0.0036,0.0201,5.5350,3.6255,3.7589,nan,6.2000,4.5978,0.1821,-0.0190,1.8855,0.0024,0.0796,0.0050,5.0770,0.0800,3.1156,0.1750
2.900,1.801,0.9486,1.3641,-87.611,0.9337,1.1972,-87.798,0.1661,-0.0219,0.1675,-0.187,0.7863,3.1469,-0.250,0.1559,-1.9490,-87.548,4.015,-0.1109,1.977,0.1550,0.0032,0.0183,5.6542,3.7806,3.8572,nan,6.3274,4.7462,0.1880,-0.0213,1.9662,0.0246,0.0822,0.0290,5.2856,0.0800,3.3749,0.1750
2.950,1.991,0.9560,1.1742,-87.929,0.9423,0.9614,-87.990,0.2122,-0.0214,0.2133,-0.061,0.7807,3.1409,-0.071,0.1643,-2.1793,-87.919,4.226,-0.1233,2.181,0.1954,0.0024,0.0109,4.4799,4.0632,4.3078,nan,6.4555,5.0015,0.1981,-0.0104,2.0803,0.0415,0.0612,0.0610,5.5638,0.0800,3.2486,0.1750
3.000,2.204,0.9631,0.9621,-88.312,0.9490,0.7646,-88.337,0.1970,-0.0199,0.1980,-0.025,0.7815,3.1424,-0.068,0.1703,-2.3776,-88.268,4.416,-0.1424,2.407,0.1816,0.0027,0.0146,5.3658,4.1664,4.2292,nan,6.5515,5.0492,0.2000,-0.0069,2.0803,0.0539,0.0421,0.0859,5.7724,0.0800,3.5129,0.1750
3.050,2.416,0.9690,0.7495,-88.519,0.9498,0.4964,-88.795,0.2526,-0.0257,0.2539,-0.276,0.7777,3.1246,-0.087,0.1761,-2.6280,-88.707,4.615,-0.0706,2.634,0.2193,0.0039,0.0461,11.8698,4.4412,4.7060,nan,6.7101,5.3381,0.2114,0.0004,2.0957,0.0608,0.0108,0.0743,6.0506,0.0800,2.8496,0.1750
3.100,2.651,0.9747,0.5149,-88.680,0.9597,0.2808,-88.846,0.2337,-0.0204,0.2346,-0.166,0.7840,3.1470,-0.122,0.1818,-2.8658,-88.724,4.757,-0.0509,2.880,0.2225,0.0048,0.0361,7.5049,4.6009,4.7105,nan,6.8650,5.5252,0.2188,0.0002,2.1153,0.0589,-0.0039,0.0598,6.3288,0.0800,3.2680,0.1750
3.150,2.889,0.9801,0.2768,-88.695,0.9642,0.0629,-89.319,0.2135,-0.0208,0.2145,-0.624,0.8046,3.1666,-0.502,0.1867,-3.1022,-88.818,4.944,0.0002,3.133,0.2208,0.0018,0.0365,20.2143,4.7448,4.8523,nan,6.9549,5.6888,0.2253,-0.0002,2.1087,0.0614,-0.0164,0.0488,6.5374,0.0800,2.0815,0.1750
3.200,3.131,0.9856,0.0348,-88.695,0.9712,-0.2175,-88.573,0.2519,-0.0201,0.2527,0.122,0.7705,3.1686,0.122,0.1935,-3.3865,-88.695,5.127,0.0002,3.391,0.2632,0.0022,0.0297,13.6807,5.0157,5.3598,nan,7.0978,5.9893,0.2372,-0.0002,2.0840,0.0536,-0.0313,0.0306,6.8852,0.0800,2.9300,0.1750
3.250,3.387,0.9914,-0.2208,-88.695,0.9771,-0.4687,-89.174,0.2475,-0.0199,0.2483,-0.479,0.8084,3.1745,-0.480,0.1993,-3.6416,-88.695,5.294,0.0002,3.661,0.2627,0.0033,0.0296,8.8779,5.1755,5.3181,nan,7.2283,6.1617,0.2440,-0.0115,2.0612,0.0539,-0.0269,0.0159,7.1634,0.0800,2.9723,0.1750
3.300,3.646,0.9973,-0.4801,-88.695,0.9844,-0.7432,-89.059,0.2627,-0.0189,0.2634,-0.365,0.8036,3.1879,-0.365,0.2058,-3.9298,-88.695,5.498,0.0001,3.940,0.2915,0.0067,0.0283,4.2134,5.4095,5.6722,nan,7.1918,6.4072,0.2538,-0.0090,2.0366,0.0379,-0.0398,0.0013,7.4415,0.0800,3.4387,0.1750
3.350,3.925,1.0037,-0.7586,-88.695,0.9881,-1.0214,-88.702,0.2623,-0.0216,0.2632,-0.007,0.7763,3.1935,-0.007,0.2123,-4.2149,-88.694,5.630,0.0001,4.231,0.2981,0.0132,0.0242,1.8350,5.6224,5.8712,nan,6.8754,6.6210,0.2622,-0.0178,2.0127,0.0314,-0.0361,-0.0134,7.7197,0.0800,2.0109,0.1750
3.400,4.204,1.0097,-1.0381,-88.952,0.9973,-1.2853,-87.823,0.2470,-0.0169,0.2475,1.129,0.7098,3.2195,0.872,0.2190,-4.5086,-88.695,5.769,-0.1065,4.525,0.3124,0.0146,0.0222,1.5210,5.8330,6.0926,nan,6.5671,6.7637,0.2679,-0.0265,1.9834,0.0194,-0.0342,-0.0317,8.0675,0.0722,2.2562,0.1750
3.450,4.486,1.0144,-1.3193,-89.177,1.0018,-1.5392,-88.591,0.2197,-0.0157,0.2203,0.586,0.7244,3.2693,0.654,0.2225,-4.8114,-89.246,5.940,-0.0821,4.825,0.3339,0.0052,0.0125,2.4216,6.0048,6.2173,nan,6.2721,6.1443,0.2433,-0.0531,1.9603,0.0251,-0.0103,-0.0463,8.3457,-0.0460,2.8889,0.1750
3.500,4.775,1.0178,-1.6090,-89.613,1.0072,-1.7995,-88.866,0.1904,-0.0119,0.1907,0.747,0.7341,3.3052,0.531,0.2258,-5.1069,-89.397,6.115,-0.1695,5.133,0.3397,0.0020,0.0142,6.9702,6.2443,6.6303,nan,6.0464,5.6098,0.2222,-0.0542,1.9379,0.0111,-0.0160,-0.0609,8.6239,0.0800,2.9677,0.1750
3.550,5.067,1.0185,-1.9004,-90.262,1.0125,-2.1043,-89.548,0.2040,-0.0050,0.2040,0.714,0.7379,3.3306,0.522,0.2251,-5.4372,-90.069,6.273,-0.2515,5.583,0.3785,0.0034,0.0188,5.4906,6.3935,6.6040,nan,5.7765,5.7709,0.2286,-0.0662,1.9155,0.0068,-0.0156,-0.0757,8.9021,0.0800,2.7400,0.1750
3.600,5.613,1.0064,-2.4462,-92.739,1.0024,-2.6457,-92.233,0.1995,0.0055,0.1995,0.506,0.7291,3.3519,0.638,0.2064,-6.0003,-92.871,5.926,-0.4980,5.962,0.3958,0.0113,0.0232,2.0503,6.1248,6.0577,nan,5.6207,5.4966,0.2177,-0.0591,1.8929,-0.0079,-0.0346,-0.0908,9.1802,0.0800,-2.0593,0.1750
3.650,5.905,0.9891,-2.7384,-94.439,0.9921,-2.8235,-92.947,0.0846,0.0096,0.0851,1.491,0.6712,3.3769,1.203,0.1907,-6.2058,-94.150,5.801,-0.5974,6.247,0.3091,0.0074,0.0088,1.1759,5.6926,5.0960,nan,5.5697,5.0699,0.2008,-0.0659,1.8815,-0.0153,-0.0336,-0.1005,9.3193,0.0800,-4.8354,0.1750
3.700,6.191,0.9640,-3.0227,-95.959,0.9718,-3.0971,-94.833,0.0732,0.0155,0.0748,1.126,0.6688,3.4172,1.277,0.1578,-6.5194,-96.110,5.626,-0.5163,6.520,0.3385,0.0075,0.0031,0.4172,5.7048,5.7785,nan,5.3202,5.1797,0.2051,-0.0698,1.8502,-0.0334,-0.0320,-0.1245,9.6671,0.0800,-1.9133,0.1750
3.750,6.459,0.9332,-3.2894,-97.522,0.9489,-3.3089,-95.534,0.0173,0.0181,0.0250,1.988,0.6099,3.4532,1.810,0.1251,-6.7694,-97.345,5.348,-0.5487,6.768,0.3218,0.0217,0.0164,0.7574,5.5696,5.5858,nan,5.2224,5.0887,0.2015,-0.0849,1.8300,-0.0389,-0.0245,-0.1389,9.8757,0.0800,-2.8282,0.1750
3.800,6.707,0.8982,-3.5350,-99.068,0.9121,-3.5135,-97.665,-0.0234,0.0103,0.0256,1.404,0.6618,3.4851,1.336,0.0871,-7.0025,-99.000,5.222,-0.5695,7.008,0.3094,0.0195,0.0078,0.4010,5.3404,5.3100,nan,5.0772,4.8928,0.1938,-0.0963,1.8085,-0.0470,-0.0166,-0.1534,10.0843,0.0800,-4.5211,0.1750
3.850,6.945,0.8579,-3.7693,-100.837,0.8784,-3.7115,-99.272,-0.0606,0.0092,0.0613,1.565,0.6628,3.5154,1.334,0.0472,-7.2299,-100.606,5.118,-0.6786,7.239,0.3025,0.0158,0.0012,0.0790,5.1280,5.1086,nan,4.9811,4.7115,0.1866,-0.0957,1.7848,-0.0665,-0.0220,-0.1679,10.2930,0.0800,-2.0709,0.1750
3.900,7.182,0.8101,-4.0014,-102.844,0.8403,-3.9024,-101.023,-0.1033,0.0074,0.1035,1.820,0.6330,3.5370,1.607,-0.0013,-7.4423,-102.630,4.974,-0.7443,7.468,0.2828,0.0165,0.0025,0.1541,4.9319,4.9214,nan,4.8850,4.5440,0.1800,-0.0897,1.7612,-0.0846,-0.0288,-0.1825,10.5016,0.0800,-1.8291,0.1750
3.950,7.407,0.7571,-4.2201,-104.781,0.7873,-4.1177,-103.317,-0.1067,0.0031,0.1067,1.464,0.6452,3.5488,1.520,-0.0613,-7.6676,-104.837,4.819,-0.7202,7.683,0.2897,0.0149,0.0079,0.5278,4.9159,4.9612,nan,4.6938,4.5652,0.1808,-0.0981,1.7354,-0.0957,-0.0289,-0.1971,10.7103,0.0800,-2.4795,0.1750
4.000,7.629,0.6976,-4.4343,-106.566,0.7311,-4.3231,-105.512,-0.1161,0.0004,0.1161,1.053,0.6876,3.5349,1.185,-0.1191,-7.8573,-106.698,4.653,-0.6509,7.894,0.2652,0.0164,0.0144,0.8773,4.6611,4.6215,nan,4.5986,4.3236,0.1712,-0.1077,1.7060,-0.1078,-0.0216,-0.2117,10.9189,0.0800,-2.6886,0.1750
4.050,7.841,0.6346,-4.6366,-108.408,0.6656,-4.5486,-107.141,-0.0933,0.0016,0.0933,1.268,0.6803,3.5172,1.226,-0.1873,-8.0636,-108.366,4.566,-0.6971,8.102,0.2695,0.0172,0.0129,0.7502,4.5463,4.5632,nan,4.4557,4.2432,0.1680,-0.1314,1.6585,-0.1130,0.0080,-0.2318,11.1971,0.0800,-2.7590,0.1750
4.100,8.052,0.5652,-4.8355,-110.416,0.6000,-4.7336,-109.078,-0.1077,-0.0029,0.1077,1.338,0.6754,3.5160,1.251,-0.2555,-8.2459,-110.328,4.409,-0.7407,8.303,0.2529,0.0180,0.0193,1.0752,4.3291,4.3126,nan,4.3604,4.3842,0.1736,-0.1480,1.6162,-0.1123,0.0203,-0.2474,11.4058,0.0127,-1.4802,0.1750
4.150,8.265,0.4875,-5.0334,-112.862,0.5304,-4.9170,-110.984,-0.1239,-0.0056,0.1240,1.877,0.6474,3.5125,1.445,-0.3295,-8.4239,-112.429,4.278,-0.8736,8.509,0.2328,0.0383,0.0138,0.3590,4.1825,4.1901,nan,4.2654,4.3284,0.1714,-0.1626,1.5802,-0.1151,0.0326,-0.2638,11.6144,0.0349,-2.6187,0.1750
4.200,8.465,0.4061,-5.2170,-115.479,0.4379,-5.1338,-113.534,-0.0888,-0.0071,0.0891,1.944,0.6017,3.4917,1.709,-0.4209,-8.6168,-115.243,4.270,-0.9848,8.711,0.2429,0.0368,0.0167,0.4536,4.2771,4.3406,nan,4.0244,4.0345,0.1598,-0.1902,1.5498,-0.1138,0.0329,-0.2822,11.8230,0.0800,-2.0420,0.1750
4.250,8.674,0.3123,-5.4031,-118.487,0.3441,-5.3097,-116.842,-0.0973,-0.0166,0.0987,1.644,0.6607,3.4895,1.288,-0.5142,-8.7899,-118.130,4.234,-1.0758,8.919,0.2299,0.0384,0.0293,0.7641,4.3685,4.4340,nan,3.8760,3.9120,0.1549,-0.2056,1.4878,-0.1141,0.0459,-0.3086,12.1012,0.0208,-0.6907,0.1750
4.300,8.868,0.2161,-5.5719,-121.304,0.2361,-5.5007,-119.269,-0.0712,-0.0198,0.0739,2.034,0.5325,3.4903,2.108,-0.6269,-8.9741,-121.377,4.215,-1.0704,9.114,0.2476,0.0355,0.0289,0.8139,4.1871,4.1848,nan,3.7264,3.7735,0.1494,-0.2270,1.4318,-0.1190,0.0529,-0.3307,12.3099,0.0272,-0.4472,0.1750
4.350,9.063,0.1112,-5.7358,-124.548,0.1382,-5.6716,-122.105,-0.0682,-0.0142,0.0697,2.443,0.5296,3.4795,2.145,-0.7336,-9.1300,-124.250,4.077,-1.2080,9.303,0.2400,0.0343,0.0246,0.7175,3.9422,3.9177,nan,3.6282,3.7524,0.1486,-0.2535,1.3659,-0.1009,0.0457,-0.3472,12.4489,0.0800,-2.3680,0.1750
4.400,9.255,-0.0018,-5.8911,-128.060,0.0291,-5.8252,-125.259,-0.0709,-0.0163,0.0728,2.800,0.4432,3.4731,2.651,-0.8438,-9.2692,-127.910,3.939,-1.2657,9.489,0.2237,0.0334,0.0258,0.7713,3.8285,3.8418,nan,3.4898,3.6138,0.1431,-0.2932,1.3265,-0.0906,0.0619,-0.3718,12.6576,0.0718,-2.2623,0.1750
4.451,9.616,-0.2410,-6.1615,-135.697,-0.2093,-6.1065,-132.546,-0.0611,-0.0173,0.0635,3.151,0.4092,3.4634,2.835,-1.0911,-9.5276,-135.381,3.712,-1.4663,9.842,0.2136,0.0790,0.0647,0.8190,3.8438,3.8779,nan,3.3615,3.3699,0.1335,-0.2909,1.3108,-0.0772,0.0697,-0.3996,12.8662,0.0049,-2.3767,0.1750
4.500,9.783,-0.3645,-6.2748,-139.950,-0.3259,-6.2330,-136.691,-0.0565,-0.0072,0.0569,3.260,0.3801,3.4593,3.032,-1.2177,-9.6413,-139.723,3.592,-1.6455,10.006,0.2148,0.0308,0.0256,0.8298,3.7099,3.7184,nan,3.2713,3.3032,0.1308,-0.3119,1.1232,-0.0587,0.0765,-0.4321,13.0749,0.0184,-1.4136,0.1750
4.550,9.951,-0.4963,-6.3781,-144.332,-0.4536,-6.3386,-141.594,-0.0577,-0.0072,0.0581,2.738,0.3703,3.4523,3.076,-1.3482,-9.7326,-144.670,3.407,-1.5485,10.167,0.2028,0.0302,0.0325,1.0756,3.4692,3.4422,nan,3.1729,3.3013,0.1307,-0.3546,1.1019,-0.0544,0.0457,-0.4577,13.2140,0.0744,-2.1506,0.1750
4.600,10.118,-0.6352,-6.4704,-148.966,-0.5924,-6.4420,-145.913,-0.0513,-0.0022,0.0514,3.053,0.3809,3.4318,2.942,-1.4788,-9.8109,-148.855,3.284,-1.6020,10.330,0.1872,0.0293,0.0293,0.9992,3.2409,3.2169,nan,3.1228,3.1380,0.1243,-0.3807,0.8722,-0.0423,0.0755,-0.5039,13.4226,0.0800,-3.0061,0.1750
4.650,10.280,-0.7773,-6.5486,-154.004,-0.7351,-6.5252,-150.507,-0.0482,-0.0025,0.0482,3.497,0.3839,3.4233,2.883,-1.6180,-9.8796,-153.390,3.218,-1.7896,10.493,0.1774,0.0276,0.0320,1.1570,3.1968,3.2161,nan,2.9728,3.0956,0.1226,-0.4171,0.8169,-0.0353,0.0628,-0.5392,13.5617,0.0711,-1.9283,0.1750
4.700,10.437,-0.9215,-6.6115,-159.324,-0.9057,-6.6110,-155.897,-0.0150,0.0051,0.0158,3.427,0.2914,3.4230,3.395,-1.7891,-9.9455,-159.292,3.092,-1.8471,10.648,0.1881,0.0272,0.0266,0.9777,3.3300,3.3918,nan,2.8341,2.7350,0.1083,-0.3853,0.8169,-0.0208,0.0815,-0.5854,13.7704,-0.0574,-1.1978,0.1750
4.750,10.589,-1.0661,-6.6589,-164.932,-1.0296,-6.6493,-160.987,-0.0377,0.0002,0.0377,3.945,0.2527,3.4287,3.616,-1.9154,-9.9770,-164.603,3.012,-1.9714,10.801,0.1671,0.0257,0.0317,1.2356,3.0520,2.9996,nan,2.8258,2.9518,0.1169,-0.4562,0.8169,-0.0240,0.0732,-0.6091,13.9094,0.0730,-2.0989,0.1750
4.800,10.734,-1.2070,-6.6906,-169.973,-1.2012,-6.6834,-167.545,-0.0070,-0.0061,0.0092,2.428,0.3679,3.4088,2.833,-2.0661,-10.0023,-170.378,2.788,-1.6811,10.937,0.1642,0.0241,0.0325,1.3458,3.0557,3.0809,nan,2.8299,2.9613,0.1173,-0.4551,0.8169,-0.0274,0.0430,-0.6455,14.0485,0.0761,-1.4910,0.1750
4.850,10.867,-1.3394,-6.7084,-175.202,-1.3325,-6.6936,-172.273,-0.0082,-0.0142,0.0163,2.928,0.4572,3.3978,2.275,-2.1889,-10.0124,-174.549,2.784,-1.9954,11.075,0.1537,0.0236,0.0344,1.4568,2.8559,2.8384,nan,2.8215,2.7879,0.1104,-0.5180,0.8169,-0.0248,0.0646,-0.6896,14.1876,0.0800,-3.5336,0.1750
4.900,11.001,-1.4731,-6.7136,179.296,-1.4846,-6.6997,180.754,0.0117,-0.0137,0.0180,1.457,0.5758,3.3714,1.575,-2.3365,-10.0107,179.179,2.793,-1.9963,11.214,0.1524,0.0214,0.0317,1.4840,2.8883,2.9172,nan,2.8275,2.8571,0.1132,-0.5070,0.8169,-0.0320,0.0824,-0.7701,14.3963,0.0800,-0.3806,0.1750
4.950,11.135,-1.6069,-6.7057,173.420,-1.6202,-6.6793,174.268,0.0163,-0.0247,0.0296,0.848,0.7446,3.3417,0.604,-2.4704,-9.9955,173.664,2.688,-2.1840,11.348,0.1458,0.0175,0.0288,1.6424,2.8128,2.8243,nan,2.8908,2.9501,0.1168,-0.5332,0.8169,-0.0303,0.0836,-0.8347,14.5354,0.0343,-0.4638,0.1750
5.000,11.267,-1.7367,-6.6841,167.368,-1.7549,-6.6475,167.570,0.0258,-0.0317,0.0408,0.202,0.7888,3.3324,0.312,-2.5981,-9.9660,167.258,2.684,-2.1433,11.485,0.1377,0.0141,0.0253,1.7981,2.7291,2.7389,nan,2.9574,3.0638,0.1213,-0.5112,0.8477,-0.0446,0.0637,-0.8659,14.6745,0.0800,-2.2929,0.1750
5.050,11.399,-1.8640,-6.6487,161.051,-1.8809,-6.6067,161.790,0.0297,-0.0342,0.0453,0.739,0.8154,3.3247,0.157,-2.7236,-9.9239,161.633,2.712,-2.2831,11.626,0.1310,0.0114,0.0250,2.1950,2.7563,2.7832,nan,3.0227,3.0763,0.1218,-0.5282,0.8477,-0.0432,0.0765,-0.8691,14.8136,0.0800,-0.7320,0.1750
5.100,11.525,-1.9814,-6.6020,155.163,-2.0102,-6.5494,154.660,0.0482,-0.0357,0.0600,-0.502,0.9118,3.2935,-0.358,-2.8604,-9.8609,155.018,2.778,-2.2400,11.762,0.1276,0.0115,0.0227,1.9748,2.9366,3.0152,nan,3.1175,3.1124,0.1233,-0.4912,0.9094,-0.0369,0.1227,-0.8283,15.0222,-0.0029,-0.2704,0.1750
5.150,11.657,-2.0978,-6.5410,148.916,-2.1285,-6.4813,148.597,0.0571,-0.0353,0.0671,-0.319,0.9411,3.2810,-0.533,-2.9786,-9.7905,149.130,2.813,-2.3432,11.903,0.1215,0.0123,0.0253,2.0570,2.9417,2.9661,nan,3.1745,3.1710,0.1256,-0.4895,0.9316,-0.0319,0.1185,-0.7847,15.1613,-0.0020,0.2493,0.1750
5.200,11.790,-2.2087,-6.4665,142.949,-2.2434,-6.3998,141.573,0.0679,-0.0323,0.0752,-1.376,1.0194,3.2553,-0.978,-3.0975,-9.7093,142.551,2.864,-2.2111,12.045,0.1223,0.0141,0.0237,1.6740,2.9763,3.0063,nan,3.2441,3.2605,0.1291,-0.4787,0.9316,-0.0171,0.0952,-0.7480,15.3004,0.0095,-0.1987,0.1750
5.250,11.926,-2.3130,-6.3796,136.928,-2.3463,-6.2974,135.477,0.0805,-0.0373,0.0887,-1.451,1.0851,3.2344,-1.362,-3.2039,-9.6107,136.839,2.915,-2.2458,12.191,0.1160,0.0163,0.0273,1.6725,2.9783,3.0026,nan,3.2830,3.3281,0.1318,-0.4781,0.9488,-0.0115,0.0932,-0.7153,15.4395,0.0261,-0.0864,0.1750
5.300,12.067,-2.4115,-6.2780,130.782,-2.4430,-6.1755,129.005,0.0982,-0.0431,0.1072,-1.778,1.1376,3.2211,-1.693,-3.3014,-9.4983,130.698,2.977,-2.2405,12.343,0.1088,0.0195,0.0322,1.6514,3.0065,3.0356,nan,3.3498,3.4256,0.1357,-0.4657,0.9488,-0.0089,0.0706,-0.6865,15.5786,0.0439,0.0644,0.1750
5.350,12.209,-2.4986,-6.1667,124.682,-2.5257,-6.0478,122.564,0.1132,-0.0454,0.1219,-2.119,1.2012,3.1933,-2.064,-3.3915,-9.3694,124.628,3.037,-2.2802,12.495,0.1025,0.0226,0.0382,1.6887,3.1064,3.1538,nan,3.4717,3.5879,0.1421,-0.4409,0.9488,-0.0021,0.0943,-0.6582,15.7872,0.0673,0.1966,0.1750
5.400,12.360,-2.5781,-6.0385,118.316,-2.5860,-5.9150,115.672,0.1125,-0.0516,0.1238,-2.644,1.2964,3.1489,-2.601,-3.4671,-9.2307,118.273,3.115,-2.2787,12.659,0.0948,0.0417,0.0479,1.1498,3.1497,3.1831,nan,3.5612,3.6484,0.1445,-0.4228,0.9488,-0.0007,0.0628,-0.6461,15.9263,0.0800,0.2148,0.1750
5.450,12.515,-2.6450,-5.8981,112.072,-2.6387,-5.7705,110.290,0.1159,-0.0538,0.1278,-1.782,1.1497,3.1972,-1.624,-3.5327,-9.0714,111.914,3.225,-2.2319,12.829,0.0885,0.0468,0.0604,1.2913,3.2818,3.3424,nan,3.7034,3.8378,0.1520,-0.3541,1.0704,-0.0054,0.0715,-0.5979,16.1350,0.0800,0.4106,0.1750
5.500,12.676,-2.6981,-5.7468,105.945,-2.6810,-5.6139,104.472,0.1231,-0.0530,0.1340,-1.473,1.1417,3.1920,-1.566,-3.5806,-8.9070,106.038,3.313,-2.1917,13.003,0.0820,0.0533,0.0708,1.3292,3.4142,3.4758,nan,3.8527,3.9498,0.1564,-0.3380,1.1146,0.0037,0.0623,-0.5514,16.2740,0.0562,0.8889,0.1750
5.550,12.835,-2.7355,-5.5916,100.764,-2.7012,-5.4591,98.665,0.1238,-0.0585,0.1369,-2.099,1.1215,3.1781,-1.380,-3.6135,-8.7268,100.045,3.464,-1.9152,13.177,0.0809,0.0574,0.0725,1.2644,3.6215,3.7303,nan,4.0077,4.0131,0.1589,-0.3123,1.3486,0.0123,0.0952,-0.4866,16.4827,0.0031,1.7492,0.1750
5.600,13.004,-2.7600,-5.4250,95.427,-2.7173,-5.2934,94.481,0.1270,-0.0549,0.1384,-0.946,1.0655,3.1875,-1.011,-3.6326,-8.5463,95.492,3.547,-1.9531,13.357,0.0810,0.0591,0.0770,1.3039,3.6965,3.7428,nan,4.1677,4.2129,0.1668,-0.2526,1.5219,0.0113,0.0633,-0.4468,16.6218,0.0254,0.7523,0.1750
5.650,13.169,-2.7692,-5.2599,90.399,-2.7110,-5.1190,88.470,0.1405,-0.0592,0.1525,-1.929,1.1844,3.1353,-1.810,-3.6327,-8.3732,90.280,3.636,-1.9102,13.533,0.0774,0.0586,0.0758,1.2952,3.7850,3.8361,nan,4.3323,4.4035,0.1744,-0.2021,1.6495,0.0138,0.0508,-0.3911,16.8304,0.0389,0.9202,0.1750
5.700,13.517,-2.7445,-4.9123,81.507,-2.6947,-4.9464,83.539,-0.0264,-0.0543,0.0603,2.032,1.1779,3.1281,-1.788,-3.6187,-8.1914,85.327,3.728,-1.8036,13.905,0.1415,0.1105,0.0747,0.6765,3.8486,3.8933,nan,4.5005,4.6220,0.1831,-0.1626,1.7252,0.0202,0.0455,-0.3388,17.0391,0.0648,0.9777,0.1750
5.750,13.704,-2.7118,-4.7284,78.070,-2.6168,-4.5690,75.393,0.1756,-0.0600,0.1856,-2.677,1.1911,3.1136,-1.929,-3.5471,-7.8064,77.322,4.051,-1.2262,14.105,0.0875,0.0567,0.0733,1.2915,4.0097,4.0923,nan,4.7279,4.8711,0.1929,-0.1349,1.8434,0.0353,0.0550,-0.2887,17.2477,0.0731,2.0032,0.1750
5.800,13.900,-2.6670,-4.5381,75.189,-2.5676,-4.3804,72.986,0.1779,-0.0558,0.1864,-2.203,1.1289,3.1226,-1.550,-3.4922,-7.6003,74.537,4.245,-1.0711,14.315,0.0992,0.0559,0.0668,1.1968,4.1099,4.1693,nan,4.8977,5.0519,0.2001,-0.1271,1.8746,0.0565,0.0792,-0.2398,17.4564,0.0800,3.7734,0.1750
5.850,14.118,-2.6066,-4.3283,72.520,-2.5100,-4.1890,71.170,0.1619,-0.0503,0.1695,-1.350,1.0329,3.1525,-0.894,-3.4279,-7.3959,72.064,4.465,-0.9323,14.551,0.0931,0.0542,0.0567,1.0465,4.1501,4.1941,nan,5.0630,5.1225,0.2029,-0.1256,1.8406,0.0811,0.0853,-0.2076,17.5954,0.0800,2.8831,0.1750
5.900,14.347,-2.5336,-4.1117,69.925,-2.4385,-3.9794,70.117,0.1569,-0.0439,0.1629,0.192,0.8991,3.1972,0.083,-3.3481,-7.1717,70.034,4.660,-0.9146,14.795,0.0992,0.0521,0.0505,0.9703,4.4122,4.6347,nan,5.2677,5.4314,0.2151,-0.1246,1.7749,0.1148,0.1173,-0.1435,17.8736,0.0750,3.1817,0.1750
5.950,14.574,-2.4515,-3.8998,67.386,-2.3470,-3.7419,67.646,0.1860,-0.0358,0.1894,0.260,0.8640,3.1799,0.243,-3.2403,-6.9081,67.403,4.795,-0.9333,15.035,0.1504,0.0601,0.0752,1.2514,4.6777,5.2990,nan,4.9298,4.9261,0.1951,-0.0962,1.7200,0.1445,0.0994,-0.0794,18.1518,-0.0800,2.8068,0.1750
6.000,14.809,-2.3569,-3.6847,64.774,-2.2651,-3.5629,65.652,0.1493,-0.0312,0.1525,0.878,0.7912,3.1906,0.770,-3.1468,-6.7118,64.881,4.984,-0.9637,15.287,0.1317,0.0523,0.0566,1.0814,4.8463,4.9776,nan,4.6551,4.5098,0.1786,-0.0415,1.7200,0.1621,0.0676,-0.0312,18.3605,-0.0694,2.0048,0.1750
6.050,15.041,-2.2544,-3.4759,62.733,-2.1487,-3.3325,62.889,0.1759,-0.0283,0.1782,0.156,0.7906,3.1734,0.711,-3.0198,-6.4689,62.178,4.913,-0.7292,15.516,0.1690,0.0447,0.0518,1.1582,5.1066,5.4107,nan,4.3505,4.6981,0.1861,0.0140,1.6868,0.1759,0.0251,0.0333,18.6387,-0.0800,2.9930,0.1750
6.100,15.262,-2.1514,-3.2804,61.760,-2.0648,-3.1578,62.564,0.1490,-0.0183,0.1501,0.804,0.6577,3.2227,1.792,-2.9207,-6.2922,60.772,4.710,-0.3005,15.723,0.1498,0.0397,0.0369,0.9281,4.8877,4.8668,nan,4.2961,4.4967,0.1781,0.0637,1.6868,0.1777,-0.0036,0.0819,18.8473,-0.0800,-1.4139,0.1750
6.150,15.482,-2.0471,-3.0868,61.909,-1.9798,-2.9832,62.471,0.1231,-0.0106,0.1236,0.562,0.6856,3.2164,1.529,-2.8298,-6.1263,60.942,4.655,0.1056,15.940,0.1201,0.0366,0.0324,0.8845,4.5467,4.4302,nan,4.1962,3.9221,0.1553,0.0622,1.6868,0.2055,0.0172,0.1306,19.0559,0.0800,-3.4937,0.1750
6.200,15.703,-1.9443,-2.8918,62.996,-1.8813,-2.7857,63.064,0.1232,-0.0080,0.1234,0.068,0.7554,3.1833,0.870,-2.7271,-5.9282,62.194,4.540,0.4571,16.154,0.1232,0.0338,0.0305,0.9033,4.5441,4.5859,nan,4.0875,4.0062,0.1587,0.0855,1.6868,0.2259,0.0243,0.1792,19.2646,0.0800,-0.8385,0.1750
6.250,15.904,-1.8543,-2.7119,64.119,-1.7918,-2.6040,64.850,0.1244,-0.0091,0.1247,0.731,0.7825,3.1648,0.631,-2.6377,-5.7401,64.219,4.226,0.4121,16.334,0.1312,0.0314,0.0246,0.7824,4.4961,4.5273,nan,4.1161,4.0478,0.1603,0.0995,1.6868,0.2379,0.0273,0.2270,19.4732,0.0800,-1.8613,0.1750
6.300,16.091,-1.7743,-2.5432,65.525,-1.7177,-2.4535,65.079,0.1051,-0.0144,0.1060,-0.446,0.8713,3.1357,-0.185,-2.5709,-5.5976,65.264,4.088,0.5507,16.513,0.1040,0.0292,0.0217,0.7408,4.1015,3.8768,nan,4.1377,4.1652,0.1650,0.1259,1.6868,0.2328,0.0055,0.2591,19.6123,0.0155,-5.3640,0.1750
6.350,16.293,-1.6927,-2.3579,67.296,-1.6439,-2.2809,66.785,0.0899,-0.0153,0.0912,-0.511,0.8856,3.1524,-0.243,-2.5065,-5.4440,67.028,4.017,0.6223,16.712,0.0734,0.0257,0.0184,0.7157,3.7743,3.6918,nan,4.1898,4.0943,0.1622,0.1475,1.6230,0.2272,-0.0272,0.3078,19.8210,0.0800,-2.2336,0.1750
6.400,16.486,-1.6207,-2.1785,69.423,-1.5616,-2.0704,69.252,0.1220,-0.0173,0.1232,-0.171,0.8416,3.1753,0.247,-2.4258,-5.2353,69.005,4.034,0.7929,16.908,0.1016,0.0233,0.0294,1.2624,4.0221,4.1822,nan,4.3523,4.3439,0.1720,0.1916,1.6868,0.2131,-0.0826,0.3751,20.0991,0.0800,-1.0399,0.1750
6.450,16.679,-1.5560,-1.9966,71.914,-1.5085,-1.8895,72.093,0.1165,-0.0120,0.1171,0.179,0.8131,3.1849,0.506,-2.3663,-5.0537,71.587,4.009,0.9202,17.101,0.1017,0.0190,0.0272,1.4272,4.0408,4.0776,nan,4.4638,4.3641,0.1728,0.1899,1.7322,0.2059,-0.0985,0.4031,20.3078,0.0800,0.2382,0.1750
6.500,16.874,-1.4997,-1.8104,75.096,-1.4642,-1.7023,75.400,0.1136,-0.0065,0.1138,0.304,0.7655,3.2108,1.018,-2.3166,-4.8727,74.382,4.093,1.2253,17.304,0.0974,0.0168,0.0294,1.7564,4.2321,4.3457,nan,4.6242,4.7149,0.1867,0.1617,1.7768,0.2059,-0.1043,0.3555,20.5860,0.0466,1.2565,0.1750
6.550,17.064,-1.4552,-1.6260,78.346,-1.4264,-1.4948,79.481,0.1343,-0.0017,0.1343,1.134,0.7645,3.1974,0.989,-2.2715,-4.6537,78.492,4.144,1.2395,17.499,0.1315,0.0134,0.0274,2.0448,4.0551,4.0546,nan,4.7515,4.7484,0.1881,0.1429,1.8092,0.2029,-0.1066,0.3224,20.7946,0.0800,0.6053,0.1750
6.600,17.268,-1.4192,-1.4250,81.825,-1.4029,-1.3301,82.300,0.0963,-0.0026,0.0963,0.475,0.7989,3.1688,0.571,-2.2466,-4.4767,81.729,4.185,1.2379,17.709,0.1099,0.0114,0.0213,1.8703,4.2673,4.3993,nan,4.9285,5.0313,0.1993,0.1401,1.8411,0.1781,-0.1142,0.2909,21.0033,0.0800,0.3979,0.1750
6.650,17.469,-1.3950,-1.2254,84.767,-1.3881,-1.1178,85.096,0.1078,0.0030,0.1078,0.329,0.8412,3.1373,-0.031,-2.2270,-4.2563,85.127,4.355,1.0963,17.923,0.1312,0.0072,0.0210,2.9016,4.4789,4.6258,nan,5.1116,5.2536,0.2081,0.1484,1.8842,0.1459,-0.1555,0.2501,21.2815,0.0667,2.5961,0.1750
6.700,17.886,-1.3748,-0.8086,90.061,-1.3759,-0.6835,90.113,0.1251,0.0009,0.1251,0.052,0.8377,3.1326,0.043,-2.2164,-3.8144,90.070,4.635,1.0065,18.365,0.1580,0.0021,0.0226,10.8382,4.5695,4.6417,nan,5.2983,5.4567,0.2161,0.1445,1.9173,0.1102,-0.1618,0.2200,21.4901,0.0800,1.6079,0.1750
6.750,18.104,-1.3795,-0.5911,92.902,-1.3922,-0.4612,93.431,0.1304,0.0061,0.1305,0.529,0.7976,3.1327,0.598,-2.2272,-3.5708,92.833,4.811,1.1045,18.599,0.1847,0.0016,0.0139,8.5575,4.7387,4.8638,nan,5.4387,5.5692,0.2206,0.1338,1.9626,0.0743,-0.1711,0.1805,21.7683,0.0574,2.6990,0.1750
6.800,18.340,-1.3967,-0.3559,95.958,-1.4221,-0.2485,96.996,0.1094,0.0141,0.1103,1.038,0.7604,3.1412,1.156,-2.2505,-3.3450,95.840,4.997,1.1226,18.853,0.1774,0.0143,0.0338,2.3669,4.8064,4.8774,nan,5.6681,5.7951,0.2295,0.0971,1.9976,0.0539,-0.1312,0.1512,21.9769,0.0800,2.9401,0.1750
6.850,18.573,-1.4257,-0.1240,98.771,-1.4744,0.0246,99.981,0.1543,0.0255,0.1564,1.210,0.7635,3.1291,1.020,-2.2928,-3.0641,98.961,5.154,1.0691,19.102,0.2281,0.0110,0.0348,3.1726,5.0844,5.4846,nan,5.8820,6.0290,0.2388,0.0645,1.9478,0.0313,-0.1065,0.1026,22.3247,0.0598,2.8924,0.1750
6.900,18.826,-1.4684,0.1247,101.028,-1.5276,0.2524,102.723,0.1367,0.0337,0.1408,1.694,0.7624,3.1178,1.057,-2.3425,-2.8227,101.665,5.342,0.8009,19.373,0.2234,0.0082,0.0371,4.5072,5.2237,5.3530,nan,5.7980,5.7597,0.2281,0.0324,1.9153,0.0153,-0.0795,0.0736,22.5333,-0.0152,2.5343,0.1750
6.950,19.076,-1.5193,0.3700,102.527,-1.6018,0.5400,104.461,0.1838,0.0437,0.1889,1.934,0.7533,3.1220,1.192,-2.4083,-2.5325,103.269,5.535,0.5462,19.642,0.2707,0.0058,0.0430,7.4599,5.4589,5.7323,nan,5.4529,5.4484,0.2158,0.0201,1.8621,-0.0132,-0.0801,0.0250,22.8810,-0.0019,3.0138,0.1750
7.000,19.354,-1.5816,0.6406,103.404,-1.6537,0.7829,104.621,0.1551,0.0372,0.1595,1.217,0.7864,3.0962,0.610,-2.4646,-2.2872,104.011,5.566,0.2720,19.925,0.2448,0.0057,0.0318,5.5609,5.4661,5.5314,nan,5.1898,5.0289,0.1992,0.0099,1.8194,-0.0402,-0.0777,-0.0137,23.1592,-0.0800,3.3493,0.1750
7.050,19.613,-1.6429,0.8927,103.885,-1.7229,1.0608,104.317,0.1824,0.0373,0.1862,0.432,0.8081,3.0615,0.178,-2.5372,-1.9928,104.139,5.475,0.1662,20.178,0.2885,0.0043,0.0255,5.9826,5.6973,5.9889,nan,4.8781,5.2415,0.2076,0.0065,1.7763,-0.0911,-0.0902,-0.0515,23.4374,-0.0800,0.3475,0.1750
7.100,19.865,-1.7039,1.1368,104.126,-1.7648,1.2507,104.249,0.1253,0.0313,0.1292,0.123,0.8300,3.0238,-0.084,-2.5922,-1.7769,104.333,5.251,0.0770,20.413,0.2599,0.0033,0.0188,5.7508,5.4285,5.3695,nan,4.7587,4.7288,0.1873,0.0026,1.7431,-0.1168,-0.0861,-0.0799,23.6461,0.0800,-1.6621,0.1750
7.150,20.105,-1.7629,1.3695,104.291,-1.8096,1.4557,103.856,0.0950,0.0240,0.0980,-0.434,0.8477,3.0050,-0.473,-2.6445,-1.5712,104.329,5.195,0.0538,20.650,0.2322,0.0023,0.0123,5.3139,5.1080,5.0036,nan,4.6420,4.4500,0.1762,-0.0029,1.7084,-0.1429,-0.0761,-0.1082,23.8547,0.0800,-3.8190,0.1750
7.200,20.338,-1.8207,1.5956,104.350,-1.8672,1.6807,103.834,0.0940,0.0240,0.0970,-0.516,0.8536,2.9800,-0.602,-2.7071,-1.3278,104.436,4.962,0.0200,20.867,0.2501,0.0163,0.0295,1.8084,5.1175,5.1751,nan,4.4168,4.5528,0.1803,-0.0366,1.6588,-0.1702,-0.0469,-0.1459,24.1329,0.0800,-0.8637,0.1750
7.250,20.569,-1.8780,1.8195,104.295,-1.9156,1.8721,103.270,0.0603,0.0234,0.0647,-1.024,0.8613,2.9587,-1.134,-2.7548,-1.1412,104.404,4.692,-0.0246,21.080,0.2118,0.0151,0.0251,1.6657,4.7417,4.5624,nan,4.3621,4.2020,0.1664,-0.0603,1.6324,-0.1768,-0.0303,-0.1648,24.2720,0.0800,-4.0712,0.1750
7.300,20.787,-1.9311,2.0307,103.673,-1.9627,2.0663,103.448,0.0421,0.0223,0.0476,-0.225,0.8550,2.9702,-0.780,-2.8051,-0.9422,104.228,4.582,-0.2663,21.290,0.1995,0.0115,0.0247,2.1394,4.4994,4.4685,nan,4.2545,4.0204,0.1592,-0.0593,1.5895,-0.1930,-0.0355,-0.1932,24.4806,0.0800,-1.7375,0.1750
7.350,21.001,-1.9807,2.2387,102.951,-2.0067,2.2673,101.867,0.0337,0.0190,0.0386,-1.084,0.8576,2.9527,-1.093,-2.8507,-0.7399,102.960,4.519,-0.2620,21.501,0.1927,0.0102,0.0160,1.5719,4.4701,4.5048,nan,4.0972,4.0660,0.1610,-0.0554,1.3095,-0.1914,0.0111,-0.2316,24.7588,0.0800,-1.0318,0.1750
7.400,21.204,-2.0250,2.4372,101.921,-2.0451,2.4568,101.710,0.0233,0.0156,0.0281,-0.211,0.8573,2.9600,-0.529,-2.8976,-0.5300,102.239,4.335,-0.4063,21.693,0.2043,0.0079,0.0159,2.0060,4.1484,4.0661,nan,3.9951,3.7784,0.1496,-0.0650,1.2094,-0.1929,0.0245,-0.2510,24.8979,0.0800,-3.0699,0.1750
7.450,21.408,-2.0654,2.6363,100.853,-2.0784,2.6341,100.397,0.0003,0.0132,0.0132,-0.456,0.8535,2.9711,-0.394,-2.9296,-0.3571,100.791,4.145,-0.3813,21.884,0.1768,0.0081,0.0107,1.3116,3.9534,3.9478,nan,3.8952,3.6321,0.1438,-0.0958,1.0688,-0.1842,0.0651,-0.2810,25.1066,0.0800,-2.9111,0.1750
7.500,21.605,-2.1011,2.8300,99.867,-2.1098,2.8127,99.964,-0.0155,0.0116,0.0194,0.096,0.8500,2.9987,0.149,-2.9603,-0.1783,99.815,4.065,-0.3489,22.165,0.1611,0.0078,0.0102,1.3189,4.0202,4.0676,nan,3.7039,3.7433,0.1482,-0.2031,1.0434,-0.1626,0.1209,-0.3122,25.3152,0.0800,-1.2303,0.1750
7.550,21.978,-2.1583,3.1988,97.265,-2.1639,3.1560,98.440,-0.0417,0.0110,0.0431,1.175,0.8504,3.0165,0.724,-3.0123,0.1776,97.716,3.727,-0.5573,22.431,0.1472,0.0080,0.0116,1.4396,3.7344,3.6868,nan,3.6588,3.4844,0.1380,-0.2772,1.0434,-0.1426,0.1528,-0.3337,25.4543,0.0800,-2.6517,0.1750
7.600,22.148,-2.1772,3.3678,94.690,-2.1799,3.3309,96.391,-0.0365,0.0057,0.0370,1.701,0.8533,3.0121,0.667,-3.0293,0.3541,95.723,3.672,-1.1677,22.600,0.1535,0.0057,0.0085,1.4906,3.6644,3.6836,nan,3.5733,3.4522,0.1367,-0.3196,1.0434,-0.1222,0.1833,-0.3675,25.6629,0.0800,-2.4870,0.1750
7.650,22.327,-2.1868,3.5466,90.602,-2.1855,3.4736,92.604,-0.0730,-0.0005,0.0730,2.002,0.8568,3.0190,1.196,-3.0321,0.5181,91.408,3.505,-1.5229,22.773,0.1373,0.0067,0.0038,0.5744,3.5125,3.5153,nan,3.5010,3.3245,0.1317,-0.3294,1.0414,-0.1135,0.1378,-0.3913,25.8020,0.0800,-0.8499,0.1750
7.700,22.496,-2.1827,3.7155,85.889,-2.1843,3.6266,88.650,-0.0888,-0.0048,0.0889,2.761,0.8608,3.0565,2.258,-3.0202,0.6896,86.392,3.404,-1.7094,22.940,0.1375,0.0199,0.0086,0.4331,3.5096,3.5376,nan,3.3947,3.3587,0.1330,-0.3419,1.0414,-0.1011,0.1270,-0.4295,26.0107,0.0800,-2.5655,0.1750
7.750,22.656,-2.1654,3.8750,81.152,-2.1706,3.7815,84.106,-0.0932,-0.0093,0.0936,2.954,0.8623,3.0832,2.852,-2.9943,0.8483,81.254,3.296,-1.7007,23.098,0.1347,0.0241,0.0099,0.4093,3.4453,3.4637,nan,3.3153,3.3220,0.1316,-0.3381,0.8944,-0.0883,0.1050,-0.4570,26.1498,0.0800,-1.6737,0.1750
7.800,22.810,-2.1362,4.0260,76.433,-2.1421,3.9414,79.535,-0.0836,-0.0141,0.0848,3.102,0.8629,3.0979,2.919,-2.9581,0.9955,76.616,3.256,-1.7464,23.253,0.1296,0.0255,0.0127,0.4966,3.3485,3.3608,nan,3.2267,3.2593,0.1291,-0.3706,0.8944,-0.0744,0.0944,-0.4869,26.2889,0.0800,-1.9043,0.1750
7.850,22.959,-2.0961,4.1696,71.904,-2.1091,4.0794,75.773,-0.0897,-0.0157,0.0911,3.868,0.8736,3.1450,4.077,-2.9087,1.1441,71.696,3.230,-1.7104,23.404,0.1334,0.0250,0.0156,0.6260,3.3097,3.3307,nan,3.1350,3.2467,0.1286,-0.3899,0.8944,-0.0618,0.1093,-0.5354,26.4975,0.0647,-0.9426,0.1750
7.900,23.109,-2.0441,4.3105,66.993,-2.0670,4.2250,71.186,-0.0876,-0.0124,0.0885,4.193,0.8721,3.1447,3.949,-2.8577,1.2802,67.236,3.168,-1.8435,23.554,0.1287,0.0226,0.0185,0.8198,3.1904,3.1973,nan,3.0740,3.2111,0.1272,-0.4187,0.8944,-0.0404,0.1259,-0.5620,26.6366,0.0800,-0.8299,0.1750
7.950,23.260,-1.9794,4.4469,61.720,-2.0039,4.3660,66.206,-0.0829,-0.0167,0.0846,4.486,0.8787,3.1607,4.102,-2.7890,1.4084,62.104,3.134,-1.9154,23.708,0.1201,0.0214,0.0183,0.8533,3.1472,3.1663,nan,3.0260,3.1420,0.1244,-0.4299,0.8163,-0.0311,0.0998,-0.5832,26.7757,0.0800,-1.2840,0.1750
8.000,23.406,-1.9050,4.5724,56.316,-1.9221,4.5167,60.687,-0.0558,-0.0167,0.0582,4.370,0.8819,3.1714,4.200,-2.6979,1.5471,56.487,3.085,-2.0262,23.856,0.1332,0.0197,0.0219,1.1117,3.2680,3.3240,nan,2.9192,2.9312,0.1161,-0.3996,0.8163,-0.0166,0.1205,-0.6166,26.9843,0.0069,-0.9339,0.1750
8.050,23.550,-1.8204,4.6881,50.794,-1.8446,4.6209,55.432,-0.0674,-0.0237,0.0714,4.638,0.8885,3.1809,4.536,-2.6107,1.6516,50.897,3.024,-2.0396,24.001,0.1222,0.0178,0.0165,0.9275,3.1184,3.1181,nan,2.8236,2.8785,0.1140,-0.4376,0.8163,-0.0110,0.0992,-0.6506,27.1234,0.0318,-1.2240,0.1675
8.100,23.686,-1.7301,4.7900,45.865,-1.7507,4.7445,49.998,-0.0470,-0.0168,0.0499,4.133,0.8946,3.2060,4.894,-2.5044,1.7586,45.104,2.908,-1.8241,24.134,0.1296,0.0156,0.0197,1.2600,3.0826,3.1021,nan,2.8476,2.8424,0.1126,-0.4475,0.8163,-0.0069,0.0945,-0.7095,27.2625,-0.0030,-1.4474,0.1675
8.150,23.823,-1.6307,4.8841,40.545,-1.6701,4.8255,45.759,-0.0680,-0.0189,0.0705,5.213,0.8946,3.2060,4.894,-2.4172,1.8325,40.864,2.811,-1.9362,24.270,0.1076,0.0261,0.0216,0.8288,2.8026,2.7459,nan,2.8476,2.8818,0.1141,-0.5369,0.8163,0.0085,0.0862,-0.7313,27.3321,0.0198,-2.3057,0.1675
8.200,23.959,-1.5234,4.9678,35.069,-1.5745,4.9112,40.756,-0.0743,-0.0170,0.0762,5.687,0.8994,3.2250,5.467,-2.3020,1.9143,35.289,2.756,-1.9368,24.408,0.1070,0.0252,0.0226,0.8977,2.8338,2.8620,nan,2.9414,3.0231,0.1197,-0.5257,0.8163,0.0181,0.1304,-0.7583,27.5407,0.0473,-1.7427,0.1675
8.250,24.087,-1.4150,5.0369,29.467,-1.4500,4.9940,34.358,-0.0515,-0.0202,0.0554,4.891,0.8807,3.1898,4.576,-2.1792,1.9843,29.782,2.721,-2.1887,24.540,0.1118,0.0223,0.0213,0.9561,2.7695,2.7824,nan,2.9711,3.0895,0.1224,-0.5491,0.8163,0.0186,0.0695,-0.7787,27.6103,0.0800,-1.3668,0.1675
8.300,24.214,-1.3013,5.0940,23.365,-1.3411,5.0541,27.536,-0.0523,-0.0209,0.0563,4.171,0.8573,3.1654,3.861,-2.0663,2.0324,23.675,2.698,-2.2850,24.673,0.1031,0.0202,0.0092,0.4559,2.8311,2.8656,nan,3.0486,3.1511,0.1248,-0.5267,0.8163,0.0193,0.0897,-0.8780,0.0000,0.0800,-1.0487,0.1675
8.350,24.343,-1.1813,5.1389,17.228,-1.2174,5.1085,21.215,-0.0435,-0.0183,0.0472,3.987,0.8583,3.1791,4.164,-1.9301,2.0751,17.051,2.753,-2.2881,24.811,0.1077,0.0193,0.0102,0.5307,2.8575,2.8849,nan,3.0877,3.0975,0.1227,-0.5175,0.8818,0.0293,0.0999,-0.8167,0.1391,0.0057,0.0986,0.1675
8.400,24.476,-1.0524,5.1717,10.665,-1.0790,5.1493,14.448,-0.0303,-0.0171,0.0348,3.783,0.8406,3.1633,3.592,-1.7913,2.1024,10.856,2.792,-2.4227,24.955,0.1082,0.0182,0.0121,0.6662,2.9304,2.9685,nan,3.1237,3.1034,0.1229,-0.4932,0.8987,0.0345,0.0721,-0.7794,0.2782,-0.0118,-0.2109,0.1675
8.450,24.745,-0.7834,5.1927,-2.168,-0.9301,5.1696,6.764,-0.1458,-0.0287,0.1486,8.931,0.8130,3.1355,2.667,-1.6467,2.1130,4.097,2.855,-2.3745,25.245,0.1006,0.0448,0.0099,0.2220,3.0597,3.1166,nan,3.2222,3.1893,0.1263,-0.4539,0.8987,0.0374,0.0458,-0.7530,0.4173,-0.0190,0.0684,0.1675
8.500,24.878,-0.6511,5.1813,-8.101,-0.6379,5.1522,-6.474,0.0172,-0.0269,0.0319,1.627,0.7871,3.1152,2.041,-1.3516,2.0866,-8.515,2.894,-2.2399,25.384,0.1185,0.0101,0.0074,0.7400,3.0492,3.0722,nan,3.2971,3.3478,0.1326,-0.4569,0.8987,0.0319,0.0230,-0.7334,0.5564,0.0293,-0.5852,0.1675
8.550,25.019,-0.5131,5.1550,-13.881,-0.4947,5.1238,-12.995,0.0253,-0.0259,0.0362,0.886,0.7757,3.1107,1.720,-1.2094,2.0503,-14.715,2.952,-2.1005,25.533,0.1172,0.0083,0.0023,0.2754,2.9426,2.9500,nan,3.3355,3.4071,0.1349,-0.4638,0.8987,0.0335,0.0169,-0.7210,0.6955,0.0800,-0.5306,0.1675
8.600,25.169,-0.3694,5.1119,-20.071,-0.3706,5.0810,-18.528,0.0095,-0.0294,0.0309,1.543,0.7510,3.0990,1.170,-1.0809,2.0045,-19.698,3.043,-2.1844,25.696,0.1025,0.0072,0.0012,0.1725,2.8726,2.8854,nan,3.4125,3.3271,0.1318,-0.4368,0.9327,0.0311,0.0210,-0.6912,0.8346,0.0800,0.0714,0.1675
8.650,25.322,-0.2278,5.0519,-26.499,-0.1890,5.0016,-25.368,0.0571,-0.0277,0.0635,1.131,0.7499,3.0990,1.104,-0.9022,1.9204,-26.471,3.109,-2.2629,25.862,0.1289,0.0058,0.0053,0.9145,3.1623,3.3842,nan,3.5782,3.6928,0.1462,-0.3896,1.1184,0.0360,0.0383,-0.6276,1.0432,0.0663,0.6848,0.1675
8.700,25.479,-0.0917,4.9754,-32.666,-0.0675,4.9135,-33.240,0.0538,-0.0390,0.0665,-0.573,0.6927,3.0687,-0.532,-0.7773,1.8377,-32.708,3.133,-2.1383,26.025,0.1168,0.0051,0.0032,0.6184,3.2172,3.2539,nan,3.6652,3.7821,0.1498,-0.3125,1.1903,0.0205,-0.0173,-0.5893,1.1823,0.0677,0.2621,0.1675
8.750,25.633,0.0346,4.8863,-38.159,0.0468,4.8225,-38.963,0.0490,-0.0426,0.0649,-0.804,0.6754,3.0798,-0.636,-0.6479,1.7356,-38.326,3.292,-2.0137,26.195,0.1182,0.0227,0.0241,1.0628,3.3422,3.4006,nan,3.8406,3.9749,0.1574,-0.2732,1.2904,0.0118,-0.0061,-0.5425,1.3909,0.0800,-0.4549,0.1675
8.800,25.789,0.1533,4.7858,-42.634,0.1728,4.7059,-43.683,0.0685,-0.0456,0.0823,-1.050,0.6790,3.0940,-0.225,-0.5125,1.6099,-43.459,3.451,-1.6753,26.364,0.1358,0.0145,0.0212,1.4633,3.5765,3.7087,nan,3.9722,4.0064,0.1587,-0.2472,1.3563,0.0068,0.0068,-0.4864,1.5996,0.0198,1.8162,0.1675
8.850,25.952,0.2696,4.6716,-46.653,0.2838,4.5859,-47.407,0.0720,-0.0485,0.0869,-0.754,0.6721,3.0953,-0.366,-0.3979,1.4881,-47.041,3.618,-1.5336,26.540,0.1354,0.0095,0.0145,1.5338,3.6328,3.6737,nan,4.1038,4.1794,0.1655,-0.2631,1.3563,0.0134,0.0258,-0.4539,1.7387,0.0437,2.0407,0.1675
8.900,26.121,0.3823,4.5448,-50.424,0.4013,4.4443,-51.162,0.0896,-0.0494,0.1023,-0.738,0.6695,3.1009,-0.340,-0.2762,1.3417,-50.822,3.741,-1.4332,26.720,0.1489,0.0075,0.0108,1.4422,3.7752,3.8458,nan,4.1918,4.2109,0.1668,-0.2548,1.5067,0.0204,0.0508,-0.4119,1.9473,0.0106,2.3353,0.1675
8.950,26.304,0.4941,4.4002,-54.664,0.5074,4.2854,-55.189,0.1013,-0.0555,0.1155,-0.525,0.6617,3.0840,-0.891,-0.1730,1.1989,-54.298,3.869,-1.5777,26.915,0.1402,0.0075,0.0095,1.2693,3.7625,3.7910,nan,4.3243,4.4429,0.1760,-0.2438,1.5828,0.0292,0.0738,-0.3751,2.1560,0.0659,1.6081,0.1675
9.000,26.484,0.5936,4.2500,-58.771,0.6161,4.0958,-59.760,0.1436,-0.0607,0.1559,-0.989,0.6639,3.0766,-0.841,-0.0627,1.0184,-58.919,3.955,-1.5636,27.104,0.1618,0.0078,0.0098,1.2505,3.9972,4.1396,nan,4.5027,4.5680,0.1809,-0.2035,1.7122,0.0304,0.0453,-0.3417,2.3646,0.0342,1.7388,0.1675
9.050,26.674,0.6866,4.0851,-62.918,0.6961,3.9277,-63.981,0.1445,-0.0632,0.1577,-1.064,0.6607,3.0731,-1.014,0.0203,0.8551,-62.967,4.093,-1.5469,27.306,0.1522,0.0100,0.0181,1.8109,3.9922,4.0240,nan,4.6380,4.7805,0.1893,-0.1818,1.7396,0.0326,0.0394,-0.3106,2.5733,0.0800,1.0273,0.1675
9.100,26.870,0.7710,3.9079,-66.507,0.7673,3.7203,-68.610,0.1706,-0.0782,0.1876,-2.102,0.6424,3.0729,-1.425,0.1088,0.6503,-67.185,4.239,-1.3325,27.515,0.1702,0.0166,0.0423,2.5416,4.2039,4.3310,nan,4.8665,5.0237,0.1990,-0.1583,1.7815,0.0378,0.0418,-0.2716,2.8514,0.0781,1.9131,0.1675
9.150,27.078,0.8487,3.7152,-69.909,0.8291,3.5145,-71.753,0.1818,-0.0874,0.2017,-1.844,0.6364,3.0622,-1.639,0.1797,0.4576,-70.114,4.405,-1.2410,27.737,0.1648,0.0140,0.0426,3.0527,4.2815,4.3394,nan,5.0055,5.1361,0.2034,-0.1464,1.8103,0.0341,0.0473,-0.2436,3.0601,0.0800,1.9918,0.1675
9.200,27.294,0.9182,3.5101,-72.996,0.8900,3.3002,-75.009,0.1924,-0.0884,0.2118,-2.014,0.6303,3.0893,-1.601,0.2536,0.2181,-73.408,4.600,-1.1250,27.971,0.1907,0.0107,0.0446,4.1688,4.5285,4.7302,nan,5.2389,5.3991,0.2138,-0.1291,1.8483,0.0421,0.0538,-0.2079,3.3383,0.0738,2.3882,0.1675
9.250,27.518,0.9786,3.2946,-76.135,0.9402,3.0870,-76.938,0.1923,-0.0870,0.2111,-0.803,0.6334,3.0859,-0.993,0.3068,0.0065,-75.945,4.715,-1.1520,28.206,0.1828,0.0107,0.0352,3.2827,4.8059,5.1384,nan,5.4255,5.4962,0.2177,-0.1216,1.8871,0.0564,0.0716,-0.1729,3.6165,0.0307,1.5993,0.1675
9.300,27.737,1.0265,3.0804,-79.001,0.9927,2.8488,-79.561,0.2209,-0.0773,0.2341,-0.560,0.6389,3.0949,-0.381,0.3555,-0.2438,-79.180,4.819,-1.0877,28.435,0.2104,0.0099,0.0294,2.9623,4.9025,4.9903,nan,5.5637,5.6505,0.2238,-0.1086,1.9171,0.0806,0.0660,-0.1469,3.8251,0.0369,1.5530,0.1675
9.350,27.963,1.0652,2.8580,-81.638,1.0302,2.6166,-81.558,0.2338,-0.0697,0.2439,0.080,0.6394,3.0841,0.387,0.3877,-0.4702,-81.944,4.984,-0.9943,28.677,0.2097,0.0100,0.0240,2.4101,5.0224,5.1281,nan,5.7862,5.9310,0.2349,-0.1027,1.9583,0.1130,0.0737,-0.1124,4.1033,0.0600,2.6989,0.1675
9.400,28.445,1.1155,2.3784,-86.619,1.0816,2.1190,-86.358,0.2570,-0.0492,0.2616,0.261,0.6382,3.0981,0.529,0.4343,-0.9831,-86.888,5.268,-0.8710,29.187,0.2356,0.0095,0.0289,3.0513,5.2033,5.3687,nan,5.9523,6.0693,0.2404,-0.0729,1.9911,0.1288,0.0567,-0.0779,4.3815,0.0468,2.1663,0.1675
9.450,28.692,1.1260,2.1317,-88.889,1.0999,1.8634,-88.000,0.2678,-0.0313,0.2696,0.889,0.6356,3.0884,0.918,0.4446,-1.2323,-88.918,5.450,-0.8676,29.452,0.2377,0.0100,0.0180,1.7968,5.2951,5.3959,nan,6.1356,6.3115,0.2500,-0.0538,1.9911,0.1502,0.0398,-0.0433,4.6597,0.0690,4.1181,0.1675
9.500,28.958,1.1274,1.8657,-90.678,1.1006,1.5970,-90.693,0.2690,-0.0236,0.2700,-0.015,0.6478,3.1086,0.494,0.4398,-1.5154,-91.186,5.617,-0.6320,29.735,0.2498,0.0181,0.0311,1.7190,5.5155,5.7640,nan,6.2955,6.4247,0.2544,-0.0265,1.9911,0.1580,0.0095,-0.0110,4.9378,0.0489,3.0290,0.1675
9.550,29.227,1.1214,1.5971,-92.015,1.0949,1.2946,-90.385,0.3032,-0.0158,0.3036,1.630,0.6023,3.1014,2.012,0.4288,-1.8230,-92.397,5.804,-0.4825,30.023,0.2831,0.0158,0.0262,1.6539,5.7675,6.1337,nan,6.4555,6.5317,0.2587,-0.0036,1.9911,0.1599,-0.0137,0.0290,5.2856,0.0278,2.6727,0.1675
9.600,29.504,1.1099,1.3205,-92.734,1.0913,0.9992,-91.872,0.3219,-0.0033,0.3219,0.862,0.6247,3.0971,1.459,0.4130,-2.1091,-93.332,5.960,-0.2365,30.317,0.2904,0.0043,0.0431,10.0363,5.9106,6.0831,nan,6.6152,6.7377,0.2668,-0.0092,1.9911,0.1725,-0.0104,0.0610,5.5638,0.0440,3.2114,0.1675
9.650,29.788,1.0957,1.0372,-92.892,1.0820,0.7341,-92.331,0.3034,0.0016,0.3034,0.561,0.6413,3.1296,1.042,0.3970,-2.4031,-93.373,6.101,-0.0352,30.616,0.2998,0.0027,0.0416,15.5506,6.0199,6.1667,nan,6.7414,6.9256,0.2743,-0.0012,1.9975,0.1716,-0.0362,0.0808,5.9115,0.0656,2.6522,0.1675
9.700,30.078,1.0805,0.7469,-93.104,1.0636,0.4695,-93.063,0.2779,-0.0019,0.2779,0.041,0.6851,3.1817,-0.076,0.3820,-2.7117,-92.987,6.256,-0.0848,30.924,0.3172,0.0041,0.0462,11.2336,6.1715,6.3699,nan,6.9253,7.1279,0.2823,0.0008,2.0151,0.1613,-0.0472,0.0671,6.1897,0.0705,2.4155,0.1675
9.750,30.376,1.0640,0.4493,-93.149,1.0449,0.1904,-93.863,0.2595,-0.0049,0.2596,-0.714,0.7095,3.2212,-0.531,0.3634,-3.0275,-93.332,6.413,-0.0084,31.241,0.3338,0.0051,0.0469,9.1291,6.3318,6.5530,nan,7.0419,7.2014,0.2852,0.0318,2.0232,0.1159,-0.0959,0.0488,6.5374,0.0541,2.7050,0.1675
9.800,30.688,1.0467,0.1376,-93.129,1.0233,-0.1154,-93.130,0.2539,-0.0095,0.2541,-0.002,0.6754,3.2438,0.042,0.3454,-3.3595,-93.172,6.581,0.0113,31.573,0.3531,0.0085,0.0422,4.9580,6.4970,6.7373,nan,7.2034,7.3553,0.2913,0.0412,2.0041,0.0808,-0.1082,0.0342,6.8156,0.0503,2.7407,0.1675
9.850,30.994,1.0310,-0.1679,-92.411,1.0071,-0.4330,-92.751,0.2658,-0.0127,0.2662,-0.341,0.6568,3.2495,0.348,0.3279,-3.6845,-93.099,6.709,0.3328,31.896,0.3713,0.0114,0.0401,3.5203,6.6653,6.9240,nan,7.2559,7.3194,0.2899,0.0371,1.9788,0.0491,-0.1045,0.0159,7.1634,0.0205,2.8863,0.1675
9.900,31.306,1.0198,-0.4794,-91.304,1.0019,-0.7217,-90.741,0.2427,-0.0124,0.2430,0.563,0.6287,3.3021,0.756,0.3201,-4.0284,-91.497,6.838,0.4344,32.226,0.4035,0.0252,0.0393,1.5607,6.8171,7.0621,nan,6.9381,6.7298,0.2665,-0.0048,1.9493,0.0433,-0.0524,-0.0024,7.5111,-0.0800,2.2872,0.1675
9.950,31.643,1.0145,-0.8167,-90.178,0.9978,-0.9704,-90.243,0.1538,-0.0162,0.1546,-0.065,0.6854,3.3720,-0.101,0.3201,-4.3418,-90.142,6.923,0.3967,32.577,0.3818,0.0226,0.0277,1.2277,6.9632,7.2101,nan,6.6278,6.4061,0.2537,-0.0421,1.9264,0.0493,-0.0108,-0.0170,7.7893,-0.0800,2.3232,0.1675
10.000,31.959,1.0139,-1.1325,-90.131,0.9962,-1.2929,-89.984,0.1605,-0.0173,0.1614,0.147,0.7413,3.4286,-0.852,0.3251,-4.7172,-89.132,6.805,-0.0532,32.883,0.4408,0.0122,0.0166,1.3643,6.7259,6.6829,nan,6.3884,6.1878,0.2451,-0.0134,1.9039,0.0140,-0.0526,-0.0317,8.0675,-0.0800,-2.3116,0.1675
10.050,32.270,1.0130,-1.4433,-90.279,0.9930,-1.4924,-90.628,0.0492,-0.0198,0.0530,-0.349,0.7025,3.5020,-0.354,0.3212,-4.9925,-90.274,6.716,-0.0527,33.189,0.4057,0.0024,0.0118,4.8893,6.5285,6.5158,nan,6.3300,6.1791,0.2447,-0.0146,1.8873,-0.0037,-0.0520,-0.0426,8.2761,-0.0535,-1.6196,0.1675
10.100,32.588,1.0098,-1.7613,-91.280,1.0017,-1.7864,-89.351,0.0253,-0.0075,0.0264,1.929,0.5836,3.5049,1.074,0.3189,-5.2982,-90.424,6.545,-0.4302,33.494,0.3941,0.0038,0.0114,3.0004,6.3356,6.3253,nan,6.1020,5.8332,0.2310,-0.0173,1.8655,-0.0120,-0.0602,-0.0572,8.5543,0.0800,-2.9642,0.1622
10.150,32.897,1.0019,-2.0706,-91.728,0.9996,-2.0897,-91.033,0.0192,-0.0017,0.0192,0.694,0.5537,3.4988,1.456,0.3038,-5.5981,-92.489,6.356,-0.1284,33.788,0.3831,0.0052,0.0045,0.8673,6.0735,6.0137,nan,5.9368,5.5081,0.2181,-0.0546,1.7915,-0.0064,-0.0200,-0.0720,8.8325,0.0800,-3.2219,0.1622
10.200,33.493,0.9803,-2.6661,-92.577,1.0067,-2.3440,-90.075,-0.3229,0.0119,0.3231,2.502,0.5060,3.5109,2.004,0.2956,-5.8688,-92.079,6.229,-0.1454,34.359,0.1240,0.0401,0.0123,0.3063,6.1435,6.2655,nan,5.7241,5.5983,0.2217,-0.0869,1.7656,0.0016,0.0089,-0.0908,9.1802,0.0800,-2.0748,0.1622
10.250,33.765,0.9664,-2.9370,-93.737,0.9969,-2.8903,-91.110,-0.0486,0.0274,0.0558,2.627,0.5148,3.5281,1.909,0.2681,-6.4310,-93.018,5.778,-0.4969,34.611,0.3509,0.0064,0.0189,2.9545,5.8512,5.7647,nan,5.5697,5.3380,0.2114,-0.1052,1.7497,0.0005,0.0186,-0.1053,9.3889,0.0800,-3.4930,0.1622
10.300,34.038,0.9451,-3.2100,-95.763,0.9689,-3.0649,-93.837,-0.1468,0.0091,0.1471,1.927,0.5795,3.5751,1.231,0.2466,-6.6468,-95.067,5.643,-0.7693,34.876,0.2966,0.0089,0.0157,1.7679,5.4612,5.2207,nan,5.4689,5.4748,0.2168,-0.0873,1.7334,-0.0177,-0.0092,-0.1197,9.5975,0.0025,-4.4481,0.1622
10.350,34.305,0.9141,-3.4744,-98.215,0.9366,-3.3269,-96.432,-0.1492,0.0012,0.1492,1.783,0.5637,3.5943,1.367,0.2076,-6.9281,-97.798,5.455,-0.8960,35.130,0.3101,0.0257,0.0030,0.1151,5.5644,5.6843,nan,5.2712,5.1506,0.2040,-0.0640,1.7093,-0.0512,-0.0447,-0.1389,9.8757,0.0800,-2.2193,0.1622
10.400,34.554,0.8751,-3.7209,-100.197,0.8967,-3.5901,-98.734,-0.1325,-0.0019,0.1326,1.464,0.4988,3.5753,1.902,0.1599,-7.1747,-100.635,5.399,-0.7333,35.378,0.3075,0.0186,0.0056,0.2984,5.4749,5.5068,nan,5.0772,5.1170,0.2027,-0.0492,1.6836,-0.0772,-0.0586,-0.1582,10.1539,0.0800,-3.2046,0.1622
10.450,34.804,0.8282,-3.9667,-101.675,0.8550,-3.8271,-100.340,-0.1421,-0.0020,0.1422,1.335,0.5107,3.5675,1.805,0.1112,-7.4018,-102.145,5.251,-0.5224,35.618,0.2891,0.0152,0.0083,0.5465,5.2763,5.2637,nan,4.9330,4.9596,0.1964,-0.0785,1.6548,-0.0802,-0.0242,-0.1776,10.4321,0.0800,-0.9769,0.1622
10.500,35.049,0.7769,-4.2055,-102.766,0.8045,-4.0716,-101.313,-0.1367,-0.0027,0.1367,1.453,0.5059,3.5689,1.824,0.0552,-7.6461,-103.137,5.148,-0.3916,35.855,0.2931,0.0133,0.0104,0.7801,5.1791,5.2055,nan,4.7415,4.8924,0.1938,-0.1214,1.6329,-0.0788,0.0052,-0.1922,10.6407,0.0800,-2.6213,0.1622
10.550,35.292,0.7205,-4.4426,-104.398,0.7577,-4.2851,-102.584,-0.1618,-0.0031,0.1619,1.814,0.5835,3.5655,1.237,0.0047,-7.8525,-103.822,5.012,-0.6168,36.090,0.2654,0.0169,0.0152,0.9010,4.9186,4.8719,nan,4.6462,4.6435,0.1839,-0.1582,1.6089,-0.0737,0.0407,-0.2068,10.8494,0.0800,-1.7463,0.1622
10.600,35.530,0.6578,-4.6719,-106.815,0.6934,-4.5225,-104.775,-0.1534,-0.0091,0.1536,2.040,0.5744,3.5631,1.294,-0.0635,-8.0862,-106.068,4.901,-0.9267,36.322,0.2680,0.0211,0.0178,0.8467,4.9563,5.0200,nan,4.4557,4.5199,0.1790,-0.1679,1.5717,-0.0781,0.0375,-0.2267,11.1276,0.0340,-2.2614,0.1622
10.650,35.751,0.5896,-4.8825,-109.785,0.6228,-4.7462,-108.004,-0.1395,-0.0149,0.1403,1.781,0.5724,3.5542,1.315,-0.1401,-8.2993,-109.319,4.732,-1.1684,36.534,0.2680,0.0222,0.0238,1.0735,4.8815,4.9112,nan,4.3128,4.3049,0.1705,-0.1626,1.5249,-0.0869,0.0273,-0.2474,11.4058,-0.0042,-1.8245,0.1622
10.700,35.974,0.5093,-5.0905,-113.116,0.5513,-4.9551,-111.743,-0.1411,-0.0145,0.1418,1.372,0.5770,3.5308,1.273,-0.2143,-8.4832,-113.017,4.573,-1.2002,36.749,0.2467,0.0228,0.0295,1.2940,4.5831,4.5131,nan,4.2179,4.3511,0.1723,-0.1450,1.4860,-0.0918,-0.0003,-0.2638,11.6144,0.0763,-3.0119,0.1622
10.750,36.185,0.4224,-5.2821,-116.181,0.4486,-5.1786,-115.045,-0.1045,-0.0222,0.1068,1.136,0.5433,3.5021,1.424,-0.3105,-8.6756,-116.469,4.392,-1.1163,36.950,0.2448,0.0218,0.0321,1.4697,4.4526,4.4650,nan,4.0732,4.1813,0.1656,-0.1599,1.4578,-0.0920,-0.0079,-0.2822,11.8230,0.0626,-2.6491,0.1622
10.800,36.398,0.3244,-5.4713,-118.984,0.3683,-5.3393,-117.037,-0.1367,-0.0255,0.1391,1.947,0.4216,3.5036,2.249,-0.4003,-8.8340,-119.287,4.313,-0.9745,37.159,0.2180,0.0442,0.0351,0.7937,4.1620,4.1073,nan,3.9752,3.9764,0.1575,-0.1914,1.4239,-0.0898,0.0100,-0.3018,12.0317,0.0800,-3.1060,0.1622
10.850,36.606,0.2195,-5.6514,-121.921,0.2556,-5.5628,-119.070,-0.0943,-0.0162,0.0957,2.851,0.3506,3.4786,2.683,-0.5181,-9.0270,-121.753,4.199,-1.0472,37.362,0.2262,0.0435,0.0233,0.5353,4.2719,4.3412,nan,3.7264,3.6801,0.1457,-0.2361,1.3629,-0.0681,0.0779,-0.3307,12.3099,-0.0268,-1.3110,0.1622
10.900,36.811,0.1068,-5.8228,-125.343,0.1606,-5.7231,-121.848,-0.1125,-0.0138,0.1133,3.495,0.2968,3.4828,3.039,-0.6239,-9.1857,-124.886,4.025,-1.1988,37.559,0.2162,0.0431,0.0214,0.4971,4.1074,4.1105,nan,3.6282,3.6207,0.1434,-0.2552,1.3081,-0.0413,0.0967,-0.3555,12.5185,-0.0044,-1.8324,0.1622
10.950,36.999,-0.0056,-5.9726,-129.103,0.0516,-5.8785,-125.467,-0.1091,-0.0149,0.1101,3.636,0.2909,3.4711,3.050,-0.7364,-9.3236,-128.518,3.799,-1.3995,37.735,0.2049,0.0405,0.0247,0.6085,3.8582,3.8319,nan,3.6282,3.7107,0.1470,-0.2650,1.2618,-0.0521,0.0397,-0.3635,12.5880,0.0800,-3.7142,0.1622
11.000,37.173,-0.1196,-6.1046,-133.064,-0.0582,-6.0163,-129.876,-0.1064,-0.0154,0.1075,3.189,0.2864,3.4715,3.076,-0.8533,-9.4557,-132.952,3.642,-1.4507,37.904,0.2040,0.0370,0.0314,0.8479,3.5656,3.5099,nan,3.4898,3.4253,0.1357,-0.2997,1.1454,-0.0401,0.0286,-0.3899,12.7967,0.0800,-2.6058,0.1622
11.050,37.342,-0.2387,-6.2247,-136.923,-0.1719,-6.1483,-133.901,-0.1010,-0.0102,0.1015,3.022,0.2778,3.4464,3.079,-0.9643,-9.5566,-136.980,3.565,-1.4198,38.071,0.1891,0.0342,0.0300,0.8756,3.5334,3.5571,nan,3.3615,3.4031,0.1348,-0.3432,1.1351,-0.0170,0.0442,-0.4207,13.0053,0.0800,-1.3930,0.1622
11.100,37.510,-0.3647,-6.3355,-140.892,-0.3129,-6.2893,-137.535,-0.0693,-0.0032,0.0694,3.357,0.2292,3.4264,3.255,-1.0929,-9.6692,-140.790,3.573,-1.4785,38.242,0.1898,0.0321,0.0227,0.7066,3.5634,3.5979,nan,3.2226,3.2915,0.1304,-0.3376,1.1232,-0.0036,0.0614,-0.4577,13.2140,0.0399,-0.1282,0.1622
11.150,37.833,-0.6293,-6.5211,-149.939,-0.5900,-6.4935,-146.407,-0.0478,-0.0042,0.0480,3.532,0.2396,3.4125,3.127,-1.3688,-9.8459,-149.534,3.345,-1.7965,38.560,0.1774,0.0284,0.0280,0.9853,3.4963,3.5146,nan,3.0725,3.0485,0.1207,-0.3504,0.8722,0.0041,0.0667,-0.5039,13.4226,-0.0139,-2.3523,0.1622
11.200,37.978,-0.7571,-6.5893,-154.339,-0.7256,-6.5737,-151.717,-0.0352,-0.0004,0.0352,2.622,0.2537,3.4057,3.008,-1.5016,-9.9143,-154.724,3.249,-1.7184,38.703,0.1758,0.0273,0.0310,1.1360,3.3609,3.3659,nan,2.9728,2.9495,0.1168,-0.3784,0.8169,0.0106,0.0336,-0.5392,13.5617,-0.0135,-1.6710,0.1622
11.250,38.133,-0.8987,-6.6508,-159.175,-0.8514,-6.6387,-155.796,-0.0485,0.0055,0.0488,3.379,0.2241,3.3957,3.141,-1.6237,-9.9604,-158.937,3.075,-1.6842,38.852,0.1691,0.0286,0.0265,0.9255,3.1131,3.0784,nan,2.9243,3.0383,0.1203,-0.4390,0.8169,0.0159,0.0701,-0.5854,13.7704,0.0660,-1.9695,0.1622
11.300,38.270,-1.0293,-6.6950,-163.811,-1.0093,-6.6947,-161.133,-0.0193,0.0053,0.0200,2.677,0.2840,3.3855,2.772,-1.7793,-10.0059,-163.905,2.941,-1.7426,38.986,0.1607,0.0252,0.0271,1.0757,3.1593,3.1934,nan,2.8258,2.8485,0.1128,-0.4267,0.8169,0.0260,0.0730,-0.6091,13.9094,0.0132,-2.7774,0.1622
11.350,38.413,-1.1680,-6.7290,-169.224,-1.1198,-6.7172,-166.356,-0.0496,-0.0026,0.0496,2.869,0.4008,3.3688,2.071,-1.8840,-10.0244,-168.426,2.898,-1.9980,39.132,0.1611,0.0236,0.0265,1.1221,2.8443,2.7573,nan,2.8258,2.7942,0.1107,-0.5220,0.8169,0.0212,0.0214,-0.6262,13.9790,0.0800,-2.3212,0.1622
11.400,38.544,-1.2975,-6.7481,-174.271,-1.2863,-6.7411,-172.840,-0.0118,-0.0059,0.0132,1.431,0.4695,3.3554,1.656,-2.0468,-10.0416,-174.496,2.803,-1.8816,39.262,0.1445,0.0220,0.0263,1.1957,3.0533,3.1519,nan,2.8145,2.9065,0.1151,-0.4558,0.8169,0.0155,0.0200,-0.6896,14.1876,0.0533,-0.9795,0.1622
11.450,38.671,-1.4238,-6.7555,-179.608,-1.4112,-6.7489,-178.101,-0.0126,-0.0065,0.0142,1.507,0.5497,3.3336,1.147,-2.1623,-10.0413,-179.248,2.710,-2.1357,39.389,0.1418,0.0198,0.0250,1.2627,2.8439,2.8223,nan,2.8062,2.8235,0.1118,-0.5221,0.8169,0.0103,0.0280,-0.7412,14.3267,0.0800,-1.9382,0.1622
11.500,38.796,-1.5492,-6.7509,175.202,-1.5463,-6.7438,175.293,-0.0023,-0.0074,0.0077,0.091,0.6200,3.3187,0.705,-2.2899,-10.0351,174.589,2.738,-1.9621,39.519,0.1394,0.0179,0.0219,1.2232,2.7525,2.7609,nan,2.8589,2.9397,0.1164,-0.5178,0.8169,0.0104,-0.0010,-0.8008,14.4658,0.0468,-2.2238,0.1622
11.550,38.926,-1.6783,-6.7341,169.454,-1.6855,-6.7249,170.218,0.0088,-0.0077,0.0117,0.765,0.6743,3.3021,0.338,-2.4189,-10.0129,169.881,2.688,-2.1937,39.652,0.1346,0.0150,0.0230,1.5352,2.7447,2.7655,nan,2.8908,3.0018,0.1189,-0.5585,0.8169,0.0092,0.0297,-0.8766,14.6049,0.0643,-0.2804,0.1622
11.600,39.048,-1.7965,-6.7064,163.755,-1.8207,-6.6908,164.131,0.0276,-0.0082,0.0288,0.377,0.6322,3.3077,0.539,-2.5468,-9.9750,163.593,2.710,-2.2144,39.780,0.1212,0.0140,0.0227,1.6234,2.7775,2.8054,nan,2.9903,3.1111,0.1232,-0.5330,0.8477,0.0067,0.0129,-0.8741,14.7440,0.0800,-1.5762,0.1622
11.650,39.181,-1.9224,-6.6624,157.165,-1.9365,-6.6438,158.081,0.0202,-0.0117,0.0234,0.916,0.6345,3.3071,0.578,-2.6713,-9.9244,157.503,2.736,-2.4132,39.924,0.1158,0.0112,0.0201,1.7858,2.7443,2.7615,nan,3.0227,3.0643,0.1214,-0.5377,0.8477,0.0118,0.0285,-0.8837,14.8831,0.0800,-0.3274,0.1622
11.700,39.314,-2.0422,-6.6045,150.694,-2.0622,-6.5815,151.029,0.0287,-0.0102,0.0305,0.335,0.6791,3.2966,0.347,-2.8012,-9.8614,150.682,2.803,-2.3611,40.069,0.1070,0.0109,0.0206,1.8877,2.8701,2.9236,nan,3.1175,3.1734,0.1257,-0.4985,0.9094,0.0137,0.0085,-0.8283,15.0222,0.0323,-0.4267,0.1622
11.750,39.446,-2.1538,-6.5340,144.274,-2.1794,-6.4944,144.471,0.0439,-0.0173,0.0472,0.196,0.7423,3.2809,0.016,-2.9243,-9.7744,144.455,2.816,-2.3877,40.209,0.0874,0.0117,0.0247,2.1052,2.9974,3.0527,nan,3.2000,3.1813,0.1260,-0.4723,0.9316,0.0032,0.0509,-0.7656,15.2308,-0.0109,-0.6524,0.1622
11.800,39.579,-2.2572,-6.4513,137.820,-2.2759,-6.4038,137.154,0.0458,-0.0226,0.0511,-0.666,0.8264,3.2490,-0.403,-3.0344,-9.6743,137.557,2.822,-2.3923,40.349,0.0688,0.0126,0.0194,1.5401,2.8601,2.8603,nan,3.2441,3.3629,0.1332,-0.4233,0.9316,-0.0089,0.0338,-0.7317,15.3699,0.0688,-0.7465,0.1622
11.850,39.716,-2.3542,-6.3539,131.580,-2.3571,-6.3057,130.909,0.0380,-0.0298,0.0483,-0.670,0.8466,3.2450,-0.529,-3.1154,-9.5799,131.438,2.895,-2.2696,40.498,0.0783,0.0159,0.0179,1.1228,3.0816,3.1916,nan,3.3145,3.3182,0.1314,-0.3989,0.9488,-0.0184,0.0158,-0.6997,15.5090,0.0022,0.2153,0.1622
11.900,39.988,-2.5146,-6.1339,125.823,-2.4503,-6.1803,125.419,-0.0753,-0.0250,0.0793,-0.403,0.7982,3.2568,-0.226,-3.2112,-9.4499,125.645,2.943,-2.1792,40.790,0.1888,0.0695,0.0300,0.4321,3.1027,3.1314,nan,3.3882,3.4386,0.1362,-0.3901,0.9488,-0.0185,0.0135,-0.6754,15.6481,0.0292,-0.0531,0.1622
11.950,40.124,-2.5788,-6.0144,115.627,-2.5870,-5.9150,114.851,0.0932,-0.0355,0.0997,-0.776,0.7827,3.2627,-0.121,-3.3503,-9.1848,114.972,3.104,-1.9327,40.932,0.0314,0.0294,0.0421,1.4333,3.1461,3.1795,nan,3.4717,3.5814,0.1418,-0.4010,0.9488,-0.0158,0.0676,-0.6522,15.8568,0.0635,1.0436,0.1622
12.000,40.281,-2.6405,-5.8697,110.110,-2.6294,-5.7869,109.646,0.0739,-0.0389,0.0835,-0.464,0.8492,3.2380,-0.508,-3.3984,-9.0554,110.154,3.184,-1.9378,41.099,0.0507,0.0359,0.0409,1.1395,2.9842,2.9795,nan,3.5158,3.4342,0.1360,-0.3740,0.9488,-0.0187,0.0688,-0.6498,15.9959,0.0800,0.1752,0.1622
12.050,40.443,-2.6891,-5.7155,104.295,-2.6785,-5.5996,103.700,0.1097,-0.0389,0.1164,-0.595,0.9225,3.2164,-0.993,-3.4477,-8.8770,104.693,3.277,-2.0546,41.273,0.0420,0.0430,0.0590,1.3722,3.2353,3.3802,nan,3.7034,3.8138,0.1510,-0.3546,1.0916,-0.0100,0.0897,-0.5748,16.2045,0.0800,0.6334,0.1622
12.100,40.604,-2.7219,-5.5581,98.869,-2.6949,-5.4486,97.790,0.1040,-0.0435,0.1127,-1.079,0.9372,3.1892,-1.039,-3.4748,-8.7023,98.829,3.284,-1.9149,41.438,0.0496,0.0619,0.0776,1.2528,3.4634,3.5866,nan,3.9038,4.0004,0.1584,-0.3166,1.1379,-0.0053,0.0544,-0.5290,16.3436,0.0559,0.8318,0.1586
12.150,40.758,-2.7398,-5.4045,93.897,-2.7020,-5.2844,92.430,0.1173,-0.0459,0.1259,-1.467,0.9797,3.1709,-1.326,-3.4850,-8.5382,93.756,3.429,-1.9041,41.607,0.0605,0.0616,0.0803,1.3033,3.5141,3.5525,nan,4.0077,4.1100,0.1628,-0.2589,1.3343,-0.0080,0.0655,-0.4665,16.5522,0.0592,-0.5771,0.1586
12.200,40.920,-2.7450,-5.2427,89.244,-2.6941,-5.1242,87.295,0.1191,-0.0493,0.1289,-1.949,1.0245,3.1410,-1.628,-3.4824,-8.3676,88.922,3.594,-1.7778,41.785,0.0714,0.0624,0.0780,1.2492,3.5963,3.6436,nan,4.1677,4.3028,0.1704,-0.2208,1.3930,-0.0048,0.0303,-0.4278,16.6913,0.0800,1.9014,0.1586
12.250,41.090,-2.7372,-5.0732,85.220,-2.6843,-4.9448,82.820,0.1323,-0.0420,0.1388,-2.400,1.0173,3.1265,-1.613,-3.4730,-8.1723,84.434,3.762,-1.5115,41.968,0.0877,0.0622,0.0812,1.3058,3.7967,3.9020,nan,4.3881,4.5161,0.1789,-0.1850,1.5135,0.0066,0.0315,-0.3734,16.9000,0.0703,2.2239,0.1586
12.300,41.271,-2.7169,-4.8930,81.595,-2.6621,-4.7858,79.684,0.1140,-0.0386,0.1204,-1.911,0.9985,3.1147,-1.541,-3.4467,-7.9961,81.225,3.938,-1.3488,42.163,0.0897,0.0602,0.0724,1.2035,3.8428,3.8832,nan,4.5005,4.6442,0.1839,-0.1733,1.5754,0.0192,0.0562,-0.3219,17.1086,0.0800,2.3330,0.1586
12.350,41.461,-2.6843,-4.7057,78.408,-2.6221,-4.5888,76.889,0.1270,-0.0375,0.1325,-1.518,0.9134,3.1312,-0.981,-3.4028,-7.7793,77.870,4.133,-1.1846,42.368,0.1179,0.0586,0.0705,1.2041,4.0871,4.2458,nan,4.7279,4.8413,0.1917,-0.1508,1.6859,0.0408,0.0677,-0.2723,17.3173,0.0574,2.5008,0.1586
12.400,41.660,-2.6398,-4.5123,75.332,-2.5744,-4.4053,74.123,0.1201,-0.0362,0.1255,-1.210,0.9224,3.1133,-1.097,-3.3522,-7.5841,75.219,4.297,-1.1508,42.580,0.1235,0.0562,0.0618,1.1009,4.2042,4.2736,nan,4.8977,5.0250,0.1990,-0.1442,1.7304,0.0653,0.0888,-0.2237,17.5259,0.0623,2.9533,0.1586
12.450,41.866,-2.5832,-4.3137,72.520,-2.4961,-4.1757,71.591,0.1578,-0.0416,0.1632,-0.929,0.8448,3.1571,-0.464,-3.2814,-7.3595,72.055,4.473,-1.0449,42.801,0.1520,0.0541,0.0597,1.1021,4.3926,4.5120,nan,5.1163,5.2412,0.2076,-0.1158,1.6831,0.0849,0.0749,-0.1755,17.7345,0.0584,2.4301,0.1586
12.500,42.095,-2.5096,-4.0974,69.591,-2.4240,-3.9700,69.235,0.1493,-0.0358,0.1535,-0.355,0.8017,3.1654,-0.185,-3.2027,-7.1458,69.420,4.650,-1.0356,43.045,0.1537,0.0519,0.0518,0.9992,4.4134,4.4584,nan,5.2254,5.3878,0.2134,-0.1100,1.6229,0.1079,0.0882,-0.1114,18.0127,0.0750,2.6796,0.1586
12.550,42.333,-2.4223,-3.8761,67.084,-2.3230,-3.7424,66.667,0.1618,-0.0394,0.1666,-0.417,0.8073,3.1806,-0.156,-3.1114,-6.9315,66.823,4.845,-0.8684,43.299,0.1517,0.0492,0.0427,0.8678,4.5913,4.7138,nan,4.9298,4.7935,0.1898,-0.0758,1.5807,0.1311,0.0629,-0.0633,18.2214,-0.0800,2.5084,0.1586
12.600,42.569,-2.3263,-3.6598,64.760,-2.2054,-3.4878,64.945,0.2071,-0.0360,0.2102,0.185,0.7661,3.1909,0.164,-2.9907,-6.6701,64.781,5.002,-0.8496,43.550,0.2011,0.0534,0.0679,1.2718,4.8644,5.4666,nan,4.5274,4.4752,0.1772,-0.0224,1.5586,0.1557,0.0433,0.0172,18.5691,-0.0800,2.8414,0.1586
12.650,42.797,-2.2268,-3.4555,63.159,-2.0951,-3.2630,63.386,0.2312,-0.0306,0.2332,0.227,0.6771,3.2281,0.902,-2.8740,-6.4467,62.484,4.881,-0.5712,43.769,0.2268,0.0451,0.0599,1.3271,4.7037,4.7074,nan,4.4072,4.3274,0.1714,0.0155,1.5586,0.1618,0.0301,0.0657,18.7778,-0.0800,-2.3357,0.1586
12.700,43.024,-2.1218,-3.2540,61.615,-2.0136,-3.0889,63.111,0.1967,-0.0167,0.1974,1.496,0.6005,3.2606,1.528,-2.7826,-6.2775,61.583,4.797,-0.5634,43.991,0.1942,0.0383,0.0428,1.1181,4.5950,4.6138,nan,4.2446,4.0342,0.1598,0.0781,1.5586,0.1724,-0.0033,0.1144,18.9864,0.0800,-1.4164,0.1586
12.750,43.249,-2.0134,-3.0562,61.040,-1.9295,-2.9218,61.748,0.1582,-0.0084,0.1584,0.709,0.5750,3.2487,1.625,-2.6785,-6.0970,60.124,4.615,-0.1520,44.205,0.1793,0.0344,0.0349,1.0147,4.5810,4.6207,nan,4.1117,4.0971,0.1623,0.0920,1.5586,0.1967,-0.0000,0.1631,19.1950,0.0800,-2.9275,0.1586
12.800,43.462,-1.9105,-2.8703,61.281,-1.8316,-2.7416,61.885,0.1508,-0.0074,0.1509,0.603,0.6081,3.2161,1.265,-2.5706,-5.9025,60.620,4.444,0.1150,44.406,0.1887,0.0310,0.0293,0.9439,4.2660,4.1876,nan,4.0875,3.8624,0.1530,0.1259,1.5586,0.1951,-0.0203,0.2110,19.4037,0.0800,-2.7165,0.1586
12.850,43.856,-1.7272,-2.5208,64.030,-1.6761,-2.4021,65.661,0.1291,0.0061,0.1293,1.630,0.5547,3.2499,1.799,-2.4072,-5.5792,63.861,4.116,0.5939,44.781,0.1566,0.0282,0.0284,1.0082,4.1030,4.1064,nan,4.1161,4.1260,0.1634,0.1252,1.5586,0.2089,-0.0056,0.2591,19.6123,0.0056,-3.5965,0.1586
12.900,44.042,-1.6482,-2.3532,66.036,-1.5925,-2.2172,67.121,0.1469,0.0044,0.1470,1.085,0.6020,3.2538,1.455,-2.3328,-5.4134,65.666,3.955,0.7802,44.957,0.1518,0.0250,0.0248,0.9928,3.9430,3.9473,nan,4.1624,4.2630,0.1688,0.1598,1.5364,0.2020,-0.0352,0.3078,19.8210,0.0800,-1.6651,0.1586
12.950,44.240,-1.5705,-2.1706,68.255,-1.5248,-2.0410,69.330,0.1373,0.0056,0.1374,1.075,0.6507,3.2493,1.016,-2.2690,-5.2510,68.314,3.979,0.7759,45.159,0.1284,0.0206,0.0221,1.0722,3.7057,3.6830,nan,4.2503,4.0257,0.1594,0.1649,1.4439,0.1975,-0.0596,0.3575,20.0296,0.0800,-2.6579,0.1586
13.000,44.441,-1.4997,-1.9824,71.037,-1.4466,-1.8207,71.467,0.1702,0.0023,0.1702,0.429,0.6662,3.2632,0.945,-2.1963,-5.0484,70.522,4.055,1.0115,45.367,0.1390,0.0165,0.0269,1.6304,3.8701,3.9528,nan,4.3885,4.1901,0.1659,0.2095,1.5186,0.1763,-0.1314,0.4031,20.3078,0.0800,0.3305,0.1586
13.050,44.642,-1.4385,-1.7910,74.002,-1.3938,-1.6345,74.536,0.1627,0.0002,0.1627,0.534,0.6903,3.2377,0.647,-2.1390,-4.8483,73.889,3.984,1.0265,45.565,0.1421,0.0127,0.0224,1.7713,4.0155,4.0907,nan,4.5426,4.5730,0.1811,0.2122,1.6001,0.1559,-0.1487,0.3669,20.5164,0.0800,1.0508,0.1586
13.100,44.842,-1.3883,-1.5975,77.597,-1.3572,-1.4496,77.456,0.1512,0.0013,0.1512,-0.141,0.7006,3.2159,0.438,-2.0933,-4.6496,77.018,4.013,1.3086,45.770,0.1428,0.0090,0.0260,2.8775,4.0026,4.0331,nan,4.6242,4.6154,0.1828,0.2138,1.6199,0.1381,-0.1479,0.3443,20.6555,0.0800,-1.2080,0.1586
13.150,45.048,-1.3499,-1.3957,81.493,-1.3374,-1.2742,81.510,0.1221,0.0056,0.1222,0.017,0.7040,3.1974,0.311,-2.0657,-4.4604,81.199,4.187,1.3810,45.991,0.1263,0.0070,0.0175,2.4937,3.9784,4.0070,nan,4.7515,4.6485,0.1841,0.1856,1.6401,0.1270,-0.1327,0.3118,20.8642,0.0800,0.3469,0.1586
13.200,45.256,-1.3251,-1.1888,85.460,-1.3208,-1.0493,86.043,0.1394,0.0068,0.1395,0.583,0.6572,3.2004,0.886,-2.0435,-4.2186,85.157,4.306,1.4316,46.211,0.1525,0.0175,0.0370,2.1171,4.2696,4.6158,nan,4.9738,5.0215,0.1989,0.1719,1.6876,0.0966,-0.1344,0.2706,21.1424,0.0800,2.4554,0.1586
13.250,45.456,-1.3143,-0.9889,88.815,-1.3280,-0.8321,90.515,0.1565,0.0169,0.1574,1.700,0.6338,3.1903,1.129,-2.0407,-3.9829,89.385,4.390,1.2680,46.420,0.1802,0.0125,0.0326,2.6119,4.5332,4.7738,nan,5.1116,5.2268,0.2070,0.1396,1.7273,0.0798,-0.1169,0.2300,21.4205,0.0538,1.5435,0.1586
13.300,45.672,-1.3151,-0.7732,92.151,-1.3381,-0.6630,93.421,0.1110,0.0189,0.1126,1.271,0.6308,3.1771,1.195,-2.0486,-3.7982,92.226,4.582,1.2231,46.653,0.1492,0.0099,0.0273,2.7607,4.3600,4.3600,nan,5.2515,5.1930,0.2057,0.1175,1.7476,0.0737,-0.0969,0.2101,21.5596,0.0800,1.0826,0.1586
13.350,45.892,-1.3281,-0.5531,94.975,-1.3593,-0.4212,96.239,0.1341,0.0196,0.1356,1.264,0.6601,3.1456,0.830,-2.0708,-3.5372,95.409,4.780,1.0374,46.891,0.1835,0.0070,0.0258,3.6799,4.6439,5.0007,nan,5.4853,5.5430,0.2195,0.0956,1.7889,0.0483,-0.0908,0.1707,21.8378,0.0800,2.9735,0.1586
13.400,46.120,-1.3520,-0.3267,97.391,-1.3982,-0.1868,98.611,0.1447,0.0278,0.1474,1.220,0.6606,3.1287,0.779,-2.1037,-3.2872,97.832,4.894,0.8931,47.129,0.2038,0.0046,0.0234,5.1083,4.8910,5.1309,nan,5.6681,5.8485,0.2316,0.0903,1.8265,0.0156,-0.1043,0.1318,22.1160,0.0800,3.1288,0.1586
13.450,46.355,-1.3859,-0.0941,99.454,-1.4401,0.0293,100.640,0.1307,0.0332,0.1348,1.186,0.6524,3.1330,0.895,-2.1408,-3.0706,99.745,5.092,0.7560,47.382,0.1874,0.0032,0.0239,7.5140,4.9049,4.9590,nan,5.8411,5.8885,0.2332,0.0817,1.7953,-0.0024,-0.1003,0.1026,22.3247,0.0800,1.6837,0.1586
13.500,46.595,-1.4286,0.1418,101.382,-1.4973,0.2898,101.885,0.1586,0.0382,0.1632,0.502,0.6761,3.1027,0.430,-2.1945,-2.7965,101.454,5.312,0.7399,47.643,0.2227,0.0016,0.0168,10.4520,5.1709,5.5086,nan,5.7980,5.8376,0.2312,0.0695,1.7453,-0.0360,-0.1005,0.0542,22.6724,0.0160,3.2795,0.1586
13.550,46.837,-1.4796,0.3791,103.153,-1.5598,0.5595,103.191,0.1939,0.0370,0.1974,0.038,0.7100,3.0728,-0.250,-2.2588,-2.5232,103.441,5.462,0.6913,47.900,0.2569,0.0005,0.0132,26.0386,5.3992,5.6520,nan,5.5206,5.5027,0.2179,0.0452,1.7066,-0.0621,-0.0835,0.0153,22.9506,-0.0800,3.8632,0.1586
13.600,47.113,-1.5458,0.6465,104.865,-1.6135,0.7894,104.653,0.1555,0.0288,0.1582,-0.212,0.7244,3.0630,-0.419,-2.3212,-2.2906,105.072,5.547,0.5900,48.186,0.2226,0.0005,0.0109,21.3526,5.2917,5.3159,nan,5.3198,5.3965,0.2137,0.0277,1.6776,-0.0866,-0.0689,-0.0137,23.1592,-0.0800,2.5631,0.1586
13.650,47.378,-1.6160,0.9016,105.979,-1.6871,1.0639,105.869,0.1756,0.0237,0.1772,-0.110,0.7410,3.0335,-0.602,-2.4073,-1.9950,106.471,5.479,0.3797,48.446,0.2618,0.0120,0.0282,2.3548,5.5473,5.8982,nan,4.9390,5.1035,0.2021,-0.0034,1.6292,-0.1166,-0.0394,-0.0609,23.5070,-0.0800,1.1966,0.1586
13.700,47.633,-1.6877,1.1468,106.663,-1.7465,1.2676,106.272,0.1326,0.0217,0.1343,-0.391,0.7500,3.0097,-0.705,-2.4748,-1.7727,106.977,5.398,0.2315,48.697,0.2392,0.0107,0.0229,2.1474,5.4460,5.4738,nan,4.7587,4.8739,0.1930,-0.0065,1.5997,-0.1383,-0.0465,-0.0892,23.7156,0.0800,-1.4197,0.1586
13.750,47.877,-1.7581,1.3808,106.660,-1.8204,1.5075,106.643,0.1392,0.0234,0.1412,-0.017,0.7454,3.0115,-0.633,-2.5490,-1.5323,107.277,5.237,-0.0285,48.929,0.2454,0.0083,0.0281,3.3862,5.1349,5.0401,nan,4.5847,4.6002,0.1822,-0.0187,1.5692,-0.1537,-0.0453,-0.1176,23.9242,0.0800,-2.8165,0.1586
13.800,48.121,-1.8280,1.6141,106.597,-1.8611,1.6714,105.351,0.0644,0.0154,0.0662,-1.247,0.7774,2.9356,-1.232,-2.6108,-1.3207,106.582,5.133,-0.0268,49.166,0.2242,0.0087,0.0138,1.5909,4.9579,4.9554,nan,4.5281,4.4718,0.1771,-0.0346,1.5373,-0.1645,-0.0281,-0.1459,24.1329,0.0800,-1.7230,0.1586
13.850,48.358,-1.8957,1.8418,106.444,-1.9217,1.8849,105.778,0.0487,0.0127,0.0503,-0.666,0.7700,2.9456,-0.746,-2.6776,-1.0956,106.523,4.983,-0.0566,49.393,0.2217,0.0080,0.0157,1.9632,4.7456,4.7286,nan,4.3621,4.3053,0.1705,-0.0833,1.5031,-0.1635,0.0087,-0.1743,24.3415,0.0800,-2.5305,0.1586
13.900,48.812,-2.0216,2.2776,105.432,-2.0357,2.3126,104.923,0.0375,0.0043,0.0378,-0.509,0.7704,2.9504,-0.768,-2.7973,-0.6753,105.691,4.598,-0.2523,49.821,0.2069,0.0398,0.0424,1.0669,4.7291,4.7709,nan,4.2016,4.3244,0.1713,-0.1300,1.4525,-0.1617,0.0484,-0.2123,24.6197,0.0704,-3.3028,0.1586
13.950,49.024,-2.0762,2.4822,104.020,-2.0768,2.4433,104.850,-0.0376,0.0100,0.0389,0.830,0.7654,2.9508,0.082,-2.8429,-0.5035,104.768,4.428,-0.5752,50.022,0.1759,0.0043,0.0074,1.7468,4.4146,4.3330,nan,4.0972,4.0784,0.1615,-0.1744,1.4414,-0.1452,0.0686,-0.2316,24.7588,0.0800,-2.8076,0.1586
14.000,49.225,-2.1221,2.6780,101.806,-2.1221,2.6274,102.811,-0.0496,0.0103,0.0506,1.005,0.7624,2.9465,0.312,-2.8862,-0.3035,102.499,4.325,-0.8809,50.218,0.1805,0.0115,0.0137,1.1916,4.3584,4.3863,nan,3.9449,4.0682,0.1611,-0.1618,1.2094,-0.1414,0.0700,-0.2609,24.9675,0.0800,-2.7355,0.1586
14.050,49.420,-2.1584,2.8696,98.921,-2.1497,2.8021,99.645,-0.0681,0.0019,0.0681,0.725,0.7667,2.9246,0.221,-2.9169,-0.1113,99.425,4.163,-1.1345,50.405,0.1823,0.0089,0.0046,0.5159,4.2414,4.2562,nan,3.8462,3.9769,0.1575,-0.1774,1.1717,-0.1355,0.0622,-0.2914,25.1761,0.0757,-1.7047,0.1586
14.100,49.613,-2.1844,3.0610,96.101,-2.1716,2.9618,96.817,-0.1000,-0.0022,0.1000,0.716,0.7613,2.9507,0.882,-2.9323,0.0563,95.935,4.064,-1.0296,50.593,0.1623,0.0098,0.0024,0.2409,3.9913,3.9635,nan,3.7504,3.7703,0.1493,-0.1387,1.0688,-0.1438,0.0253,-0.3122,25.3152,0.0800,-2.7853,0.1586
14.150,49.798,-2.2002,3.2450,93.191,-2.1931,3.1483,94.827,-0.0969,-0.0017,0.0969,1.636,0.7619,2.9700,1.492,-2.9493,0.2552,93.335,3.976,-1.0999,50.775,0.1762,0.0095,0.0044,0.4650,4.0660,4.1166,nan,3.6150,3.6560,0.1448,-0.2136,1.0434,-0.1206,0.0619,-0.3448,25.5238,0.0237,-1.6771,0.1560
14.200,49.981,-2.2071,3.4282,90.863,-2.2019,3.3167,92.477,-0.1116,-0.0036,0.1116,1.614,0.7613,3.0069,2.211,-2.9490,0.4239,90.266,3.833,-0.8296,50.950,0.1648,0.0109,0.0035,0.3183,3.8825,3.8801,nan,3.5340,3.6215,0.1434,-0.2618,1.0434,-0.1120,0.0866,-0.3792,25.7325,0.0506,-1.5487,0.1560
14.250,50.154,-2.2062,3.6010,87.863,-2.2024,3.4705,91.451,-0.1303,-0.0087,0.1306,3.589,0.7685,3.0199,2.793,-2.9454,0.5949,88.658,3.692,-1.2354,51.117,0.1640,0.0107,0.0083,0.7748,3.7718,3.7853,nan,3.4325,3.5106,0.1390,-0.3019,1.0414,-0.0801,0.1379,-0.4036,25.8716,0.0452,-2.4111,0.1560
14.300,50.317,-2.1959,3.7642,84.176,-2.2001,3.6178,88.127,-0.1460,-0.0107,0.1464,3.950,0.7706,3.0471,3.650,-2.9284,0.7587,84.477,3.588,-1.4716,51.278,0.1673,0.0117,0.0137,1.1760,3.6125,3.6143,nan,3.3947,3.5244,0.1396,-0.3286,1.0414,-0.0772,0.1359,-0.4430,26.0802,0.0800,-2.3101,0.1560
14.350,50.490,-2.1726,3.9353,79.621,-2.1914,3.7859,84.340,-0.1504,-0.0084,0.1506,4.719,0.7692,3.0962,4.263,-2.9012,0.9079,80.077,3.474,-1.6435,51.447,0.1493,0.0274,0.0120,0.4377,3.3862,3.3643,nan,3.3563,3.3109,0.1311,-0.3730,1.0414,-0.0681,0.0882,-0.4570,26.1498,0.0800,-1.8254,0.1560
14.400,50.659,-2.1360,4.1001,74.690,-2.1668,3.9661,80.017,-0.1373,-0.0057,0.1375,5.327,0.7715,3.1382,4.959,-2.8557,1.0788,75.058,3.428,-1.7667,51.618,0.1591,0.0288,0.0218,0.7550,3.4625,3.5068,nan,3.1804,3.2292,0.1279,-0.3571,0.8944,-0.0400,0.0975,-0.5025,26.3584,0.0283,-1.8753,0.1560
14.450,50.820,-2.0876,4.2534,69.526,-2.1299,4.1195,75.091,-0.1402,-0.0072,0.1404,5.565,0.7677,3.1419,5.180,-2.7975,1.2352,69.911,3.283,-1.9217,51.775,0.1668,0.0269,0.0211,0.7832,3.4842,3.5163,nan,3.0740,2.9574,0.1171,-0.3527,0.8944,-0.0164,0.1165,-0.5559,26.5670,-0.0675,-0.9801,0.1560
14.500,50.971,-2.0291,4.3934,64.642,-2.0810,4.2737,69.944,-0.1304,-0.0044,0.1305,5.302,0.7706,3.1770,5.568,-2.7318,1.3682,64.376,3.187,-1.7828,51.925,0.1651,0.0259,0.0235,0.9092,3.2447,3.2157,nan,3.0578,3.1320,0.1240,-0.4052,0.8944,-0.0182,0.0994,-0.5717,26.7061,0.0430,-1.8853,0.1560
14.550,51.120,-1.9604,4.5252,59.872,-2.0200,4.4128,65.744,-0.1271,-0.0049,0.1272,5.873,0.7776,3.1999,5.883,-2.6586,1.4932,59.862,3.142,-1.7571,52.075,0.1626,0.0243,0.0282,1.1599,3.1818,3.1982,nan,2.9892,3.0701,0.1216,-0.4209,0.8163,0.0127,0.1056,-0.5925,26.8452,0.0469,-1.0823,0.1560
14.600,51.260,-1.8856,4.6440,55.405,-1.9486,4.5441,60.882,-0.1180,-0.0048,0.1181,5.478,0.7720,3.1911,5.614,-2.5752,1.6126,55.269,2.981,-1.6469,52.281,0.1685,0.0217,0.0263,1.2133,2.9809,2.9643,nan,2.9517,2.9759,0.1179,-0.4773,0.8163,0.0295,0.1081,-0.6166,26.9843,0.0800,-2.8250,0.1560
14.650,51.533,-1.7131,4.8552,45.455,-1.7795,4.7795,50.515,-0.1005,-0.0058,0.1006,5.060,0.7665,3.1773,5.015,-2.3961,1.8187,45.500,2.950,-1.9526,52.489,0.1692,0.0160,0.0228,1.4308,3.0260,3.0587,nan,2.8236,2.8822,0.1141,-0.4637,0.8163,0.0414,0.1205,-0.6726,27.1930,0.0339,-0.3694,0.1560
14.700,51.670,-1.6131,4.9482,39.863,-1.6752,4.8862,45.163,-0.0874,-0.0078,0.0878,5.300,0.7751,3.1904,5.187,-2.2870,1.9103,39.976,2.871,-2.1484,52.627,0.1747,0.0145,0.0236,1.6268,2.9659,2.9810,nan,2.8476,2.8710,0.1137,-0.4819,0.8163,0.0530,0.1204,-0.7313,27.3321,0.0135,-1.7069,0.1560
14.750,51.805,-1.5051,5.0302,34.167,-1.5744,4.9795,39.670,-0.0858,-0.0030,0.0859,5.503,0.7900,3.2203,5.489,-2.1853,1.9773,34.181,2.793,-2.0384,52.763,0.1599,0.0251,0.0239,0.9516,2.8129,2.8089,nan,2.8786,2.9286,0.1160,-0.5332,0.8163,0.0642,0.1099,-0.7416,27.4712,0.0289,-1.7945,0.1560
14.800,51.935,-1.3943,5.0983,28.542,-1.4478,5.0622,33.534,-0.0643,-0.0062,0.0645,4.992,0.7750,3.1944,4.816,-2.0582,2.0479,28.718,2.751,-2.0852,52.896,0.1741,0.0228,0.0247,1.0848,2.9151,2.9612,nan,2.9711,3.0136,0.1194,-0.4981,0.8163,0.0827,0.1186,-0.7787,27.6103,0.0246,-1.7170,0.1560
14.850,52.062,-1.2808,5.1534,22.733,-1.3227,5.1242,27.177,-0.0499,-0.0108,0.0511,4.444,0.7647,3.1731,4.122,-1.9417,2.0961,23.055,2.736,-2.2898,53.028,0.1723,0.0202,0.0218,1.0765,2.8386,2.8502,nan,3.0249,3.1586,0.1251,-0.5240,0.8163,0.0848,0.1090,-0.8263,27.7493,0.0800,-1.1809,0.1560
14.900,52.188,-1.1615,5.1969,16.972,-1.1965,5.1756,20.336,-0.0396,-0.0101,0.0409,3.364,0.7527,3.1550,3.651,-1.8165,2.1407,16.685,2.779,-2.1787,53.162,0.1777,0.0187,0.0141,0.7533,2.8463,2.8704,nan,3.0694,3.1814,0.1260,-0.5213,0.8728,0.0950,0.0842,-0.8335,0.0696,0.0648,-1.0639,0.1560
14.950,52.318,-1.0363,5.2287,10.896,-1.0471,5.2140,13.706,-0.0134,-0.0124,0.0182,2.810,0.7276,3.1217,2.516,-1.6811,2.1682,11.190,2.839,-2.3511,53.303,0.1839,0.0167,0.0137,0.8229,2.8913,2.9228,nan,3.0969,3.0990,0.1227,-0.5060,0.8987,0.1019,0.0913,-0.7958,0.2086,0.0012,-0.1434,0.1560
15.000,52.449,-0.9058,5.2471,4.667,-0.9032,5.2362,7.065,0.0017,-0.0110,0.0112,2.398,0.7225,3.1247,2.532,-1.5309,2.1813,4.533,2.889,-2.3728,53.446,0.1983,0.0135,0.0156,1.1558,3.0042,3.0544,nan,3.1531,3.1142,0.1233,-0.4702,0.8987,0.1054,0.0588,-0.7649,0.3477,-0.0225,0.2947,0.1560
15.050,52.583,-0.7728,5.2515,-1.434,-0.7503,5.2330,-0.337,0.0230,-0.0179,0.0291,1.097,0.6934,3.0927,1.487,-1.3876,2.1771,-1.824,2.896,-2.3020,53.585,0.2037,0.0109,0.0116,1.0706,2.9990,3.0223,nan,3.2592,3.3287,0.1318,-0.4718,0.8987,0.1116,0.0858,-0.7334,0.5564,0.0402,-0.0347,0.1560
15.100,52.725,-0.6307,5.2408,-7.504,-0.6217,5.2157,-6.376,0.0122,-0.0237,0.0267,1.128,0.6816,3.0863,1.323,-1.2537,2.1589,-7.699,2.917,-2.1487,53.734,0.1932,0.0227,0.0143,0.6320,2.9160,2.9271,nan,3.3355,3.3705,0.1335,-0.4978,0.8987,0.1052,0.0647,-0.7210,0.6955,0.0800,-0.7548,0.1560
15.150,52.867,-0.4908,5.2154,-13.582,-0.4691,5.1885,-12.053,0.0274,-0.0211,0.0346,1.529,0.6763,3.0894,1.258,-1.0991,2.1237,-13.312,3.005,-2.2317,53.889,0.2035,0.0225,0.0181,0.8020,3.1187,3.2136,nan,3.4520,3.5639,0.1411,-0.4375,0.9327,0.1093,0.0668,-0.6912,0.8346,0.0800,-0.5359,0.1560
15.200,53.010,-0.3542,5.1753,-19.876,-0.3300,5.1418,-18.636,0.0341,-0.0233,0.0414,1.240,0.6500,3.0890,0.991,-0.9443,2.0694,-19.628,3.052,-2.3877,54.043,0.2168,0.0225,0.0122,0.5424,3.2144,3.2619,nan,3.5354,3.6100,0.1430,-0.4127,1.0280,0.1025,0.0208,-0.6482,0.9737,0.0432,-0.0448,0.1560
15.250,53.154,-0.2214,5.1196,-26.351,-0.2068,5.0805,-25.630,0.0305,-0.0286,0.0418,0.721,0.6269,3.0918,0.805,-0.8057,2.0002,-26.435,3.080,-2.4071,54.197,0.2197,0.0210,0.0071,0.3392,3.2037,3.2279,nan,3.6216,3.7398,0.1481,-0.3685,1.1163,0.0893,-0.0164,-0.6076,1.1128,0.0684,-0.3884,0.1560
15.300,53.305,-0.0894,5.0460,-32.405,-0.0800,4.9991,-32.721,0.0331,-0.0346,0.0479,-0.316,0.6046,3.0847,0.217,-0.6773,1.9170,-32.938,3.200,-2.1999,54.362,0.2146,0.0165,0.0121,0.7361,3.3813,3.4648,nan,3.7090,3.7390,0.1481,-0.3184,1.2077,0.0732,-0.0041,-0.5564,1.3214,0.0174,0.9952,0.1560
15.350,53.461,0.0383,4.9564,-38.239,0.0502,4.8991,-38.076,0.0448,-0.0376,0.0585,0.163,0.5988,3.0957,0.423,-0.5353,1.8074,-38.499,3.294,-2.1269,54.531,0.2271,0.0126,0.0060,0.4776,3.4580,3.5023,nan,3.8406,3.9048,0.1546,-0.2776,1.2547,0.0616,-0.0254,-0.5243,1.4605,0.0372,0.7060,0.1560
15.400,53.622,0.1606,4.8512,-43.642,0.1746,4.7854,-43.447,0.0556,-0.0380,0.0673,0.195,0.6064,3.1012,0.662,-0.4123,1.6891,-44.109,3.412,-1.9639,54.705,0.2277,0.0099,0.0047,0.4726,3.5669,3.6221,nan,3.9722,4.0320,0.1597,-0.2599,1.3190,0.0648,-0.0364,-0.4864,1.5996,0.0346,1.1578,0.1560
15.450,53.785,0.2740,4.7345,-48.333,0.3045,4.6482,-48.753,0.0847,-0.0346,0.0915,-0.420,0.6017,3.0961,0.522,-0.2830,1.5548,-49.275,3.500,-1.7289,54.876,0.2444,0.0079,0.0058,0.7321,3.4220,3.4254,nan,4.0599,4.0953,0.1622,-0.2495,1.2964,0.0625,-0.0055,-0.4391,1.8082,0.0800,0.7671,0.1560
15.500,53.967,0.3901,4.5939,-52.904,0.4041,4.5293,-52.765,0.0600,-0.0279,0.0661,0.140,0.5978,3.0982,0.451,-0.1825,1.4326,-53.216,3.635,-1.5683,55.070,0.2280,0.0077,0.0021,0.2663,3.7069,3.9411,nan,4.2359,4.3572,0.1726,-0.2366,1.4340,0.0604,0.0124,-0.3991,2.0169,0.0689,1.4668,0.1560
15.550,54.145,0.4926,4.4487,-57.049,0.5180,4.3538,-57.211,0.0934,-0.0304,0.0983,-0.162,0.5821,3.1005,0.018,-0.0638,1.2533,-57.229,3.758,-1.5156,55.356,0.2469,0.0079,0.0029,0.3677,3.8512,3.9237,nan,4.3687,4.4715,0.1771,-0.2066,1.5183,0.0512,0.0133,-0.3636,2.2255,0.0562,1.5086,0.1560
15.600,54.517,0.6733,4.1238,-65.121,0.6833,4.0122,-65.447,0.1055,-0.0379,0.1121,-0.326,0.5693,3.1009,-0.318,0.1089,0.9119,-65.130,4.014,-1.4743,55.653,0.2421,0.0097,0.0066,0.6833,3.9382,3.9904,nan,4.5027,4.6314,0.1834,-0.1773,1.5803,0.0392,0.0107,-0.3311,2.4341,0.0688,4.1277,0.1560
15.650,54.713,0.7509,3.9432,-68.771,0.7572,3.8274,-69.582,0.1102,-0.0361,0.1160,-0.811,0.5641,3.1258,-0.224,0.1903,0.7023,-69.358,4.156,-1.3327,55.861,0.2537,0.0132,0.0167,1.2612,4.1347,4.2449,nan,4.6834,4.7931,0.1898,-0.1541,1.6233,0.0365,-0.0174,-0.3106,2.5733,0.0560,2.1675,0.1560
15.700,54.925,0.8223,3.7437,-72.162,0.8176,3.6369,-73.104,0.1002,-0.0372,0.1069,-0.942,0.5607,3.1315,-0.515,0.2523,0.5077,-72.589,4.307,-1.1800,56.086,0.2433,0.0144,0.0268,1.8523,4.1322,4.1667,nan,4.7747,4.9156,0.1947,-0.1350,1.6503,0.0332,-0.0121,-0.2812,2.7819,0.0800,1.8733,0.1560
15.750,55.145,0.8846,3.5329,-75.207,0.8787,3.3969,-76.351,0.1300,-0.0404,0.1362,-1.144,0.5608,3.1237,-0.855,0.3138,0.2779,-75.497,4.466,-1.0639,56.319,0.2493,0.0144,0.0270,1.8736,4.3496,4.4935,nan,5.0055,5.1683,0.2047,-0.1246,1.6860,0.0330,0.0091,-0.2436,3.0601,0.0787,1.9675,0.1560
15.800,55.368,0.9369,3.3165,-77.902,0.9223,3.1814,-78.868,0.1290,-0.0426,0.1359,-0.965,0.5596,3.1328,-0.862,0.3619,0.0541,-78.006,4.607,-0.9612,56.553,0.2484,0.0110,0.0252,2.2967,4.5690,4.7323,nan,5.1454,5.2298,0.2071,-0.1171,1.7214,0.0386,0.0291,-0.2079,3.3383,0.0389,2.1666,0.1560
15.850,55.584,0.9783,3.1044,-80.321,0.9578,2.9358,-81.268,0.1628,-0.0486,0.1699,-0.947,0.5556,3.1372,-0.829,0.4051,-0.1956,-80.438,4.777,-0.9234,56.784,0.2678,0.0101,0.0280,2.7733,4.8343,5.1202,nan,5.3790,5.4202,0.2147,-0.1043,1.7576,0.0432,0.0387,-0.1729,3.6165,0.0179,1.9833,0.1560
15.900,55.806,1.0119,2.8841,-82.648,0.9821,2.7352,-83.531,0.1438,-0.0486,0.1518,-0.882,0.5541,3.1619,-0.768,0.4337,-0.4209,-82.763,4.899,-0.8855,57.018,0.2663,0.0102,0.0364,3.5672,4.9330,5.0227,nan,5.6092,5.7358,0.2272,-0.0831,1.7855,0.0447,0.0303,-0.1469,3.8251,0.0539,2.7703,0.1560
15.950,56.035,1.0375,2.6565,-84.783,1.0096,2.4996,-85.434,0.1537,-0.0420,0.1594,-0.650,0.5532,3.1689,-0.341,0.4604,-0.6666,-85.092,5.048,-0.8107,57.261,0.2776,0.0098,0.0347,3.5246,5.0051,5.0845,nan,5.7428,5.8977,0.2336,-0.0609,1.8239,0.0537,0.0269,-0.1124,4.1033,0.0648,1.9144,0.1560
16.000,56.288,1.0567,2.4043,-86.701,1.0318,2.2467,-86.020,0.1559,-0.0339,0.1596,0.680,0.5425,3.1457,0.990,0.4737,-0.9073,-87.010,5.256,-0.6736,57.533,0.2661,0.0097,0.0208,2.1356,5.0115,5.0657,nan,5.8709,6.0060,0.2379,-0.0465,1.8537,0.0659,0.0237,-0.0865,4.3119,0.0800,2.4341,0.1560
16.050,56.540,1.0684,2.1528,-88.104,1.0396,1.9404,-88.103,0.2114,-0.0358,0.2144,0.002,0.5489,3.1349,0.374,0.4829,-1.1977,-88.477,5.443,-0.5115,57.803,0.2884,0.0082,0.0307,3.7577,5.2838,5.6804,nan,6.1017,6.2923,0.2492,-0.0538,1.8545,0.1029,0.0486,-0.0433,4.6597,0.0754,3.3063,0.1560
16.100,56.794,1.0747,1.8987,-89.172,1.0478,1.6545,-88.772,0.2438,-0.0304,0.2457,0.400,0.5423,3.1333,0.728,0.4867,-1.4851,-89.500,5.594,-0.3953,58.071,0.3098,0.0073,0.0308,4.2119,5.5347,5.8639,nan,6.2955,6.4435,0.2552,-0.0323,1.8545,0.1107,0.0362,-0.0030,5.0074,0.0562,3.1343,0.1560
16.150,57.056,1.0761,1.6369,-90.399,1.0533,1.4235,-89.424,0.2136,-0.0214,0.2146,0.975,0.5422,3.1598,0.825,0.4861,-1.7435,-90.249,5.776,-0.4809,58.352,0.3059,0.0078,0.0162,2.0726,5.5720,5.6536,nan,6.3914,6.5932,0.2611,-0.0282,1.8545,0.1284,0.0335,0.0210,5.2160,0.0763,2.5649,0.1542
16.200,57.344,1.0720,1.3491,-91.275,1.0462,1.1179,-91.509,0.2317,-0.0206,0.2326,-0.234,0.5608,3.1594,0.226,0.4774,-2.0434,-91.736,5.956,-0.2923,58.659,0.3118,0.0064,0.0464,7.2863,5.7416,5.9321,nan,6.5515,6.7412,0.2670,0.0004,1.8331,0.1295,-0.0113,0.0610,5.5638,0.0800,3.2568,0.1542
16.250,57.634,1.0639,1.0592,-92.012,1.0407,0.7787,-91.908,0.2811,-0.0133,0.2815,0.103,0.5671,3.1376,0.157,0.4672,-2.3602,-92.065,6.117,-0.2625,58.967,0.3312,0.0064,0.0487,7.6311,5.9801,6.3274,nan,6.7414,6.9349,0.2746,0.0158,1.8389,0.1211,-0.0426,0.0808,5.9115,0.0800,2.9092,0.1542
16.300,57.925,1.0531,0.7681,-92.105,1.0288,0.4510,-93.136,0.3178,-0.0126,0.3181,-1.031,0.5960,3.1307,-0.418,0.4524,-2.6766,-92.718,6.267,0.0017,59.275,0.3492,0.0036,0.0509,14.2945,6.2167,6.5877,nan,6.9253,7.1208,0.2820,0.0132,1.8595,0.1121,-0.0498,0.0635,6.2593,0.0679,2.6114,0.1542
16.350,58.222,1.0420,0.4713,-92.102,1.0162,0.1696,-92.450,0.3025,-0.0147,0.3028,-0.347,0.5918,3.1538,-0.349,0.4426,-2.9816,-92.101,6.365,0.0017,59.585,0.3567,0.0046,0.0466,10.0795,6.4232,6.7337,nan,7.0978,7.2591,0.2875,0.0284,1.8714,0.0850,-0.0775,0.0452,6.6070,0.0543,1.6478,0.1542
16.400,58.518,1.0316,0.1756,-91.737,1.0152,-0.1237,-91.344,0.2997,-0.0074,0.2998,0.392,0.5408,3.1674,0.754,0.4310,-3.2971,-92.098,6.488,0.1612,59.896,0.3726,0.0045,0.0422,9.3057,6.5628,6.7728,nan,7.2034,7.3350,0.2905,-0.0003,1.8494,0.0877,-0.0518,0.0269,6.9547,0.0434,2.2287,0.1542
16.450,59.128,1.0168,-0.4340,-90.667,1.0026,-0.7674,-90.806,0.3335,-0.0103,0.3337,-0.138,0.5700,3.1773,0.205,0.4185,-3.9462,-91.011,6.754,0.2928,60.540,0.4076,0.0167,0.0273,1.6376,6.7102,6.9411,nan,7.1918,7.2047,0.2853,0.0059,1.8274,0.0581,-0.0628,0.0086,7.3025,0.0042,2.4667,0.1542
16.500,59.441,1.0136,-0.7474,-90.553,0.9983,-1.0801,-90.093,0.3329,-0.0121,0.3331,0.460,0.5971,3.2047,-0.252,0.4200,-4.2831,-89.841,6.864,0.0004,60.869,0.4304,0.0243,0.0249,1.0272,6.7647,6.9011,nan,6.8754,6.6392,0.2629,-0.0099,1.8000,0.0400,-0.0442,-0.0097,7.6502,-0.0800,2.3001,0.1542
16.550,59.786,1.0106,-1.0916,-90.391,0.9848,-1.3421,-90.960,0.2506,-0.0241,0.2518,-0.570,0.6023,3.2560,-0.408,0.4152,-4.5952,-90.552,6.901,0.0641,61.222,0.4016,0.0175,0.0211,1.2037,6.6553,6.6929,nan,6.6891,6.5206,0.2582,0.0076,1.7787,0.0072,-0.0653,-0.0244,7.9284,-0.0800,1.9769,0.1542
16.600,60.120,1.0079,-1.4260,-90.622,0.9908,-1.6830,-90.128,0.2571,-0.0143,0.2575,0.494,0.5687,3.2843,0.091,0.4141,-4.9679,-90.219,6.749,-0.1049,61.544,0.4358,0.0057,0.0153,2.6849,6.8860,7.3288,nan,6.3300,6.3351,0.2509,-0.0200,1.7528,-0.0031,-0.0390,-0.0426,8.2761,-0.0800,0.5523,0.1542
16.650,60.427,1.0048,-1.7329,-90.460,0.9889,-1.9757,-90.534,0.2429,-0.0139,0.2433,-0.074,0.5473,3.2831,0.363,0.4083,-5.2615,-90.897,6.608,0.0826,61.840,0.4227,0.0035,0.0191,5.4264,6.8168,6.8769,nan,6.0464,6.1640,0.2441,-0.0227,1.7273,-0.0188,-0.0379,-0.0609,8.6239,0.0462,-2.6819,0.1542
16.700,60.727,1.0018,-2.0332,-90.872,1.0038,-2.2294,-89.046,0.1961,0.0050,0.1962,1.827,0.4800,3.3020,1.196,0.4083,-5.5411,-90.242,6.455,-0.2015,62.128,0.4062,0.0048,0.0297,6.2264,6.5454,6.4722,nan,5.8829,6.0698,0.2404,-0.0684,1.7076,-0.0103,0.0063,-0.0757,8.9021,0.0800,-2.5460,0.1542
16.750,61.020,0.9963,-2.3261,-91.466,0.9981,-2.4636,-90.564,0.1374,0.0053,0.1375,0.903,0.5105,3.3563,0.853,0.4008,-5.8265,-91.417,6.293,-0.2258,62.409,0.3988,0.0099,0.0241,2.4203,6.3072,6.2648,nan,5.7241,5.8264,0.2308,-0.0832,1.6879,-0.0006,0.0087,-0.0908,9.1802,0.0800,-2.7564,0.1542
16.800,61.318,0.9861,-2.6241,-93.048,0.9875,-2.6816,-91.884,0.0573,0.0044,0.0575,1.163,0.5754,3.4121,0.201,0.3907,-6.0951,-92.085,6.140,-0.6540,62.696,0.3740,0.0137,0.0110,0.8036,6.0244,5.9452,nan,5.6207,5.5737,0.2207,-0.0892,1.6730,-0.0105,0.0097,-0.1053,9.3889,0.0800,-2.8909,0.1542
16.850,61.603,0.9673,-2.9076,-95.111,0.9678,-2.9397,-94.441,0.0319,0.0033,0.0321,0.670,0.5567,3.4407,0.381,0.3686,-6.3830,-94.822,5.962,-0.7743,62.968,0.3759,0.0079,0.0039,0.4917,5.9751,6.0287,nan,5.4190,5.5718,0.2207,-0.0448,1.6579,-0.0476,-0.0515,-0.1197,9.5975,0.0800,-2.6001,0.1542
16.900,61.883,0.9382,-3.1870,-97.339,0.9399,-3.1714,-96.295,-0.0157,-0.0004,0.0157,1.045,0.4908,3.4718,0.997,0.3334,-6.6500,-97.292,5.751,-0.8000,63.233,0.3621,0.0102,0.0012,0.1226,5.7722,5.7557,nan,5.2712,5.4175,0.2146,-0.0290,1.6360,-0.0742,-0.0632,-0.1389,9.8757,0.0800,-3.1296,0.1542
16.950,62.139,0.9033,-3.4406,-98.489,0.9099,-3.4037,-97.842,-0.0375,0.0011,0.0375,0.647,0.4083,3.4803,1.753,0.2908,-6.8961,-99.595,5.633,-0.3939,63.481,0.3516,0.0103,0.0054,0.5202,5.4914,5.4215,nan,5.1739,5.1598,0.2043,-0.0288,1.6186,-0.0925,-0.0644,-0.1534,10.0843,0.0800,-3.5645,0.1542
17.000,62.429,0.8590,-3.7263,-99.261,0.8798,-3.6239,-98.104,-0.1044,0.0040,0.1045,1.157,0.4412,3.4815,1.453,0.2583,-7.1142,-99.557,5.490,-0.2460,63.760,0.3044,0.0100,0.0100,1.0024,5.1671,5.0570,nan,5.0772,4.8519,0.1922,-0.0943,1.6001,-0.0716,0.0062,-0.1679,10.2930,0.0800,-2.1418,0.1542
17.050,62.687,0.8162,-3.9815,-99.934,0.8291,-3.9635,-98.623,-0.0199,0.0096,0.0221,1.311,0.4521,3.4801,1.357,0.2006,-7.4505,-99.980,5.302,-0.2371,64.005,0.3615,0.0120,0.0012,0.1042,5.4428,5.9104,nan,4.7892,4.7613,0.1886,-0.1459,1.5656,-0.0608,0.0656,-0.1922,10.6407,-0.0134,-2.1547,0.1542
17.100,62.946,0.7689,-4.2356,-101.746,0.7983,-4.1676,-99.866,-0.0726,0.0149,0.0741,1.880,0.5319,3.4665,0.763,0.1647,-7.6370,-100.628,5.051,-0.7410,64.247,0.3125,0.0122,0.0092,0.7551,5.0527,4.8207,nan,4.7415,4.8117,0.1906,-0.1692,1.5519,-0.0544,0.0808,-0.2019,10.7798,0.0800,-3.0655,0.1542
17.150,63.193,0.7140,-4.4768,-104.716,0.7380,-4.4051,-103.936,-0.0754,0.0050,0.0756,0.780,0.6427,3.4538,-0.091,0.1078,-7.8587,-103.845,4.860,-1.1107,64.483,0.2962,0.0147,0.0137,0.9380,4.7825,4.7309,nan,4.5986,4.5480,0.1801,-0.1567,1.5291,-0.0644,0.0268,-0.2167,10.9885,0.0800,-3.9480,0.1542
17.200,63.434,0.6472,-4.7078,-108.292,0.6686,-4.6348,-107.397,-0.0760,-0.0025,0.0761,0.895,0.5696,3.4507,0.467,0.0332,-8.0860,-107.864,4.768,-1.2604,64.721,0.2884,0.0174,0.0166,0.9576,4.7446,4.7815,nan,4.4081,4.5384,0.1797,-0.1221,1.4938,-0.0892,-0.0187,-0.2369,11.2667,0.0800,-2.9908,0.1542
17.250,63.668,0.5684,-4.9283,-111.596,0.5810,-4.8704,-110.868,-0.0584,-0.0096,0.0592,0.727,0.5020,3.4328,0.924,-0.0549,-8.3034,-111.792,4.605,-1.1291,64.946,0.2800,0.0187,0.0202,1.0791,4.7572,4.8076,nan,4.2654,4.2867,0.1698,-0.1229,1.4493,-0.0971,-0.0200,-0.2581,11.5448,0.0116,-1.4904,0.1542
17.300,63.887,0.4841,-5.1305,-114.052,0.4984,-5.0617,-113.222,-0.0686,-0.0150,0.0703,0.829,0.4220,3.4416,1.506,-0.1471,-8.5024,-114.728,4.524,-0.8600,65.161,0.2725,0.0395,0.0328,0.8298,4.6529,4.6731,nan,4.0732,4.0137,0.1590,-0.1610,1.4122,-0.0932,-0.0012,-0.2760,11.7535,-0.0332,-2.6541,0.1542
17.350,64.100,0.3938,-5.3237,-116.384,0.4258,-5.2284,-114.096,-0.0996,-0.0137,0.1005,2.288,0.3119,3.4561,2.307,-0.2359,-8.6821,-116.404,4.370,-0.8361,65.365,0.2630,0.0378,0.0174,0.4608,4.4509,4.4399,nan,3.9752,3.9825,0.1577,-0.2177,1.3855,-0.0779,0.0548,-0.2951,11.9621,0.0042,-1.3992,0.1542
17.400,64.308,0.2975,-5.5083,-119.254,0.3421,-5.4107,-116.862,-0.1069,-0.0088,0.1073,2.393,0.3969,3.4490,1.783,-0.3303,-8.8537,-118.644,4.148,-1.0399,65.561,0.2546,0.0383,0.0167,0.4373,4.1888,4.1518,nan,3.9257,4.0331,0.1597,-0.2348,1.3656,-0.0753,0.0458,-0.3086,12.1012,0.0800,-3.4675,0.1542
17.450,64.496,0.2024,-5.6705,-121.960,0.2520,-5.5616,-120.339,-0.1186,-0.0156,0.1197,1.622,0.4210,3.4556,1.656,-0.4294,-9.0086,-121.994,4.034,-1.0125,65.744,0.2465,0.0350,0.0314,0.8956,3.9917,3.9852,nan,3.8261,3.8511,0.1525,-0.2597,1.3231,-0.0613,0.0538,-0.3307,12.3099,0.0800,-1.9355,0.1542
17.500,64.684,0.0995,-5.8270,-125.393,0.1490,-5.7395,-123.231,-0.1000,-0.0103,0.1005,2.162,0.4426,3.4297,1.469,-0.5285,-9.1587,-124.700,3.947,-1.3444,65.928,0.2445,0.0347,0.0259,0.7467,3.9010,3.9190,nan,3.6770,3.7750,0.1495,-0.2599,1.2471,-0.0561,0.0312,-0.3555,12.5185,0.0800,-1.4666,0.1542
17.550,65.039,-0.1233,-6.1035,-133.143,-0.0887,-6.0360,-131.857,-0.0729,-0.0209,0.0759,1.287,0.4839,3.4140,1.208,-0.7716,-9.4358,-133.065,3.829,-1.5553,66.283,0.2312,0.0300,0.0415,1.3841,3.9525,3.9952,nan,3.4898,3.4725,0.1375,-0.2754,1.2067,-0.0481,0.0239,-0.3807,12.7271,-0.0100,-0.5802,0.1542
17.600,65.213,-0.2461,-6.2267,-137.202,-0.2043,-6.1692,-135.486,-0.0697,-0.0138,0.0710,1.716,0.3551,3.4016,1.952,-0.8851,-9.5462,-137.438,3.745,-1.5201,66.455,0.2282,0.0299,0.0361,1.2055,3.6812,3.6416,nan,3.4466,3.5696,0.1414,-0.3112,1.1239,-0.0328,0.0360,-0.4098,12.9358,0.0800,-1.8334,0.1542
17.650,65.394,-0.3835,-6.3456,-141.643,-0.3540,-6.3182,-139.341,-0.0401,-0.0032,0.0402,2.302,0.2948,3.3700,2.212,-1.0223,-9.6560,-141.553,3.544,-1.5216,66.628,0.2220,0.0300,0.0260,0.8679,3.5671,3.5781,nan,3.3178,3.4457,0.1365,-0.3369,1.0891,-0.0118,0.0588,-0.4444,13.1444,0.0740,-1.6180,0.1542
17.700,65.569,-0.5247,-6.4492,-146.432,-0.5044,-6.4356,-143.862,-0.0244,-0.0001,0.0244,2.570,0.2698,3.3577,2.315,-1.1691,-9.7540,-146.177,3.476,-1.6902,66.803,0.2141,0.0295,0.0240,0.8155,3.4711,3.4846,nan,3.1729,3.2411,0.1284,-0.3554,1.0566,-0.0017,0.0796,-0.4873,13.3531,0.0395,-3.1327,0.1542
17.750,65.740,-0.6707,-6.5380,-151.540,-0.6281,-6.5280,-148.482,-0.0422,0.0115,0.0437,3.057,0.2528,3.3487,2.418,-1.2969,-9.8307,-150.900,3.376,-1.7802,66.973,0.2201,0.0284,0.0215,0.7566,3.3586,3.3681,nan,3.0725,3.1254,0.1238,-0.3790,0.9249,0.0095,0.0552,-0.5214,13.4922,0.0306,-1.1961,0.1542
17.800,65.898,-0.8125,-6.6078,-156.544,-0.7891,-6.6029,-153.948,-0.0234,0.0049,0.0239,2.596,0.2722,3.3548,2.341,-1.4671,-9.9060,-156.289,3.226,-1.7929,67.127,0.2022,0.0306,0.0289,0.9464,3.5701,3.6802,nan,2.9243,2.9288,0.1160,-0.3363,0.8169,0.0182,0.0668,-0.5725,13.7008,-0.0800,-1.7294,0.1542
17.850,66.043,-0.9477,-6.6604,-161.434,-0.9167,-6.6502,-159.013,-0.0326,0.0002,0.0326,2.421,0.2778,3.3538,2.320,-1.5985,-9.9474,-161.332,3.102,-1.8425,67.269,0.1974,0.0269,0.0274,1.0203,3.3374,3.3126,nan,2.8774,2.7799,0.1101,-0.3836,0.8169,0.0079,0.0520,-0.5958,13.8399,-0.0565,-2.5591,0.1542
17.900,66.188,-1.0867,-6.7015,-165.844,-1.0474,-6.6900,-164.385,-0.0409,-0.0016,0.0410,1.460,0.3183,3.3443,2.089,-1.7305,-9.9779,-166.473,2.951,-1.5494,67.409,0.1962,0.0245,0.0249,1.0174,3.1002,3.0704,nan,2.8341,2.8992,0.1148,-0.4426,0.8169,0.0032,0.0402,-0.6262,13.9790,0.0377,-2.2603,0.1542
17.950,66.323,-1.2180,-6.7296,-170.365,-1.1782,-6.7163,-167.918,-0.0415,-0.0064,0.0420,2.447,0.3136,3.3457,2.106,-1.8606,-10.0005,-170.024,2.788,-1.6780,67.539,0.1939,0.0225,0.0306,1.3555,2.9440,2.9405,nan,2.8174,2.9165,0.1155,-0.4888,0.8169,0.0098,0.0735,-0.6666,14.1181,0.0800,-2.5758,0.1542
18.000,66.453,-1.3472,-6.7463,-175.386,-1.3082,-6.7360,-172.957,-0.0397,-0.0072,0.0403,2.429,0.3163,3.3395,2.066,-1.9866,-10.0103,-175.023,2.765,-1.9261,67.672,0.1927,0.0206,0.0295,1.4359,2.7787,2.7710,nan,2.8299,2.8688,0.1136,-0.5452,0.8169,0.0050,0.0242,-0.6896,14.1876,0.0225,-2.6281,0.1542
18.050,66.585,-1.4796,-6.7510,178.939,-1.4460,-6.7404,181.257,-0.0334,-0.0112,0.0352,2.319,0.3426,3.3317,1.869,-2.1162,-10.0084,179.388,2.756,-2.1208,67.810,0.1915,0.0189,0.0294,1.5565,2.7352,2.7509,nan,2.8145,2.8748,0.1139,-0.5446,0.8169,0.0050,0.0069,-0.7412,14.3267,0.0349,-0.6370,0.1542
18.100,66.714,-1.6079,-6.7425,172.995,-1.6044,-6.7218,174.386,-0.0009,-0.0210,0.0210,1.392,0.4568,3.3130,1.133,-2.2592,-9.9921,173.253,2.717,-2.2841,67.942,0.1749,0.0166,0.0312,1.8738,2.8554,2.9067,nan,2.8908,2.9177,0.1156,-0.5182,0.8169,0.0039,0.0427,-0.8347,14.5354,0.0156,-0.6747,0.1542
18.150,66.841,-1.7329,-6.7207,166.744,-1.7487,-6.6889,167.204,0.0227,-0.0273,0.0355,0.460,0.5759,3.2875,0.359,-2.3872,-9.9616,166.845,2.694,-2.3170,68.075,0.1680,0.0143,0.0284,1.9933,2.8306,2.8496,nan,2.9241,2.9854,0.1182,-0.5247,0.8477,-0.0077,0.0206,-0.8659,14.6745,0.0355,-1.5289,0.1542
18.200,66.966,-1.8527,-6.6863,160.863,-1.8733,-6.6441,160.495,0.0333,-0.0331,0.0470,-0.368,0.6484,3.2707,-0.070,-2.5096,-9.9179,160.565,2.719,-2.2200,68.206,0.1612,0.0136,0.0223,1.6468,2.7968,2.8143,nan,2.9903,3.1168,0.1234,-0.5047,0.8477,-0.0138,0.0084,-0.8691,14.8136,0.0800,-1.0925,0.1529
18.250,67.094,-1.9717,-6.6383,154.766,-1.9937,-6.5875,154.389,0.0415,-0.0365,0.0553,-0.377,0.7201,3.2516,-0.479,-2.6314,-9.8615,154.868,2.745,-2.2729,68.343,0.1550,0.0115,0.0217,1.8954,2.8656,2.9018,nan,3.0866,3.1301,0.1240,-0.5065,0.8858,-0.0139,0.0815,-0.8283,15.0222,0.0252,-0.4503,0.1529
18.300,67.225,-2.0872,-6.5768,148.749,-2.1078,-6.5192,148.233,0.0475,-0.0385,0.0612,-0.515,0.7321,3.2450,-0.532,-2.7492,-9.7902,148.765,2.817,-2.2439,68.484,0.1491,0.0118,0.0216,1.8349,3.0172,3.0830,nan,3.1745,3.1364,0.1242,-0.4663,0.9316,-0.0178,0.0679,-0.7847,15.1613,-0.0221,0.3420,0.1529
18.350,67.355,-2.1954,-6.5039,142.785,-2.2229,-6.4279,142.198,0.0679,-0.0439,0.0809,-0.587,0.7496,3.2411,-0.604,-2.8705,-9.6997,142.802,2.855,-2.2691,68.623,0.1309,0.0132,0.0270,2.0505,2.9973,3.0183,nan,3.2231,3.2311,0.1280,-0.4703,0.9316,-0.0198,0.0586,-0.7480,15.3004,0.0046,-0.1589,0.1529
18.400,67.487,-2.2966,-6.4191,136.750,-2.3178,-6.3304,135.791,0.0762,-0.0500,0.0912,-0.958,0.8200,3.2218,-1.006,-2.9696,-9.6059,136.798,2.884,-2.2956,68.835,0.1306,0.0146,0.0277,1.8924,3.0273,3.0569,nan,3.2574,3.2693,0.1295,-0.4390,0.9488,-0.0231,0.0367,-0.7153,15.4395,0.0069,-0.2956,0.1529
18.450,67.759,-2.4757,-6.2146,125.225,-2.4897,-6.0995,123.844,0.1021,-0.0550,0.1159,-1.382,0.8989,3.1982,-1.493,-3.1451,-9.3829,125.337,2.972,-2.1928,69.052,0.1314,0.0208,0.0350,1.6777,2.9739,2.9901,nan,3.3145,3.4163,0.1353,-0.4308,0.9488,-0.0215,0.0809,-0.6754,15.6481,0.0589,-0.2489,0.1529
18.500,67.900,-2.5518,-6.0957,119.621,-2.5650,-5.9558,117.663,0.1281,-0.0576,0.1405,-1.958,0.9050,3.1997,-1.534,-3.2237,-9.2451,119.197,3.028,-2.0800,69.201,0.1289,0.0256,0.0412,1.6089,3.0917,3.1447,nan,3.4290,3.5444,0.1404,-0.4189,0.9488,-0.0181,0.0591,-0.6582,15.7872,0.0668,0.1188,0.1529
18.550,68.048,-2.6187,-5.9643,113.869,-2.6122,-5.8529,112.475,0.0993,-0.0510,0.1116,-1.394,0.9301,3.1642,-1.646,-3.2818,-9.1151,114.122,3.113,-2.1021,69.360,0.1376,0.0431,0.0532,1.2331,3.0878,3.1121,nan,3.5158,3.5640,0.1411,-0.3935,0.9488,-0.0149,0.0525,-0.6461,15.9263,0.0800,0.1051,0.1529
18.600,68.193,-2.6718,-5.8288,108.353,-2.6605,-5.6920,106.603,0.1263,-0.0538,0.1373,-1.750,0.9262,3.1580,-1.591,-3.3395,-8.9462,108.194,3.209,-2.1060,69.518,0.1390,0.0455,0.0640,1.4044,3.3226,3.4496,nan,3.6552,3.7512,0.1486,-0.3637,1.0704,-0.0056,0.0762,-0.5979,16.1350,0.0556,0.6847,0.1529
18.650,68.346,-2.7137,-5.6818,102.941,-2.6912,-5.5538,101.210,0.1198,-0.0506,0.1300,-1.732,0.9021,3.1539,-1.441,-3.3732,-8.7953,102.650,3.288,-2.0162,69.681,0.1479,0.0499,0.0681,1.3657,3.3284,3.3563,nan,3.8023,3.9200,0.1552,-0.3195,1.1146,-0.0061,0.0543,-0.5514,16.2740,0.0800,0.9143,0.1529
18.700,68.507,-2.7432,-5.5233,97.627,-2.7123,-5.4028,96.262,0.1154,-0.0466,0.1244,-1.365,0.8591,3.1530,-1.167,-3.3965,-8.6267,97.429,3.418,-1.9423,69.856,0.1571,0.0537,0.0708,1.3194,3.4138,3.4602,nan,3.9038,4.0370,0.1599,-0.2877,1.2246,0.0021,0.0387,-0.5074,16.4132,0.0771,0.5777,0.1529
18.750,68.672,-2.7588,-5.3595,92.862,-2.7184,-5.2275,90.831,0.1298,-0.0469,0.1380,-2.031,0.9272,3.1184,-1.639,-3.4054,-8.4467,92.470,3.565,-1.7702,70.034,0.1695,0.0555,0.0756,1.3604,3.5845,3.6669,nan,4.1139,4.2426,0.1680,-0.2583,1.3260,0.0127,0.0531,-0.4468,16.6218,0.0745,1.4140,0.1529
18.800,68.839,-2.7614,-5.1920,88.506,-2.7172,-5.0683,86.436,0.1248,-0.0410,0.1314,-2.070,0.9445,3.0845,-1.768,-3.4084,-8.2618,88.204,3.705,-1.6559,70.214,0.1772,0.0570,0.0737,1.2931,3.7628,3.8521,nan,4.2770,4.3665,0.1729,-0.2341,1.4331,0.0302,0.0599,-0.3911,16.8304,0.0499,1.8178,0.1529
18.850,69.002,-2.7524,-5.0294,84.709,-2.6921,-4.8884,82.207,0.1460,-0.0470,0.1534,-2.503,0.9525,3.0734,-1.820,-3.3899,-8.0735,84.026,3.860,-1.5456,70.390,0.1990,0.0561,0.0687,1.2242,3.8714,3.9299,nan,4.4441,4.5526,0.1803,-0.1954,1.5166,0.0341,0.0628,-0.3388,17.0391,0.0584,1.8669,0.1529
18.900,69.200,-2.7277,-4.8334,80.557,-2.6623,-4.7209,78.596,0.1217,-0.0461,0.1302,-1.961,0.9390,3.0732,-1.748,-3.3618,-7.9003,80.344,4.024,-1.4586,70.602,0.1899,0.0560,0.0581,1.0372,3.7324,3.7399,nan,4.5005,4.5191,0.1790,-0.1711,1.4894,0.0376,0.0480,-0.3053,17.1782,0.0800,2.4681,0.1529
18.950,69.406,-2.6880,-4.6312,76.907,-2.6035,-4.4862,74.829,0.1604,-0.0495,0.1678,-2.078,0.9091,3.0835,-1.542,-3.3076,-7.6615,76.371,4.199,-1.2677,70.822,0.2216,0.0560,0.0654,1.1677,4.0253,4.3227,nan,4.7847,4.8832,0.1934,-0.1345,1.6565,0.0569,0.0610,-0.2398,17.4564,0.0800,2.0846,0.1529
19.000,69.618,-2.6346,-4.4255,73.647,-2.5485,-4.2906,72.560,0.1537,-0.0446,0.1600,-1.087,0.7895,3.1148,-0.722,-3.2444,-7.4469,73.282,4.289,-1.1345,71.043,0.2347,0.0549,0.0599,1.0898,4.2543,4.4045,nan,5.0086,5.1660,0.2046,-0.1216,1.6535,0.0767,0.0675,-0.1915,17.6650,0.0800,2.3114,0.1529
19.050,69.834,-2.5695,-4.2202,71.005,-2.4791,-4.0998,69.840,0.1432,-0.0463,0.1505,-1.166,0.7873,3.1080,-0.728,-3.1746,-7.2487,70.568,4.486,-0.9366,71.274,0.2345,0.0697,0.0815,1.1695,4.3520,4.4193,nan,5.2189,5.3044,0.2101,-0.1176,1.6086,0.1021,0.0747,-0.1435,17.8736,0.0800,1.0568,0.1529
19.100,70.050,-2.4953,-4.0168,68.630,-2.3978,-3.8839,68.298,0.1593,-0.0423,0.1648,-0.332,0.7136,3.1208,-0.215,-3.0851,-7.0163,68.512,4.707,-0.8888,71.509,0.2638,0.0622,0.0715,1.1501,4.6409,5.0732,nan,5.0754,4.9561,0.1963,-0.0981,1.5511,0.1307,0.0818,-0.0794,18.1518,-0.0528,3.6157,0.1529
19.150,70.276,-2.4092,-3.8080,66.247,-2.2985,-3.6540,66.393,0.1856,-0.0392,0.1897,0.146,0.6707,3.1447,0.149,-2.9868,-6.7910,66.244,4.888,-0.8913,71.751,0.2836,0.0537,0.0638,1.1888,4.9027,5.1875,nan,4.7895,4.7035,0.1863,-0.0658,1.5032,0.1516,0.0620,-0.0151,18.4300,-0.0406,2.8656,0.1529
19.200,70.504,-2.3139,-3.6015,63.865,-2.1889,-3.4193,64.353,0.2186,-0.0319,0.2209,0.489,0.6226,3.1716,0.557,-2.8754,-6.5633,63.797,4.993,-0.9100,71.989,0.3094,0.0460,0.0572,1.2435,4.9076,4.9589,nan,4.5274,4.5150,0.1788,-0.0078,1.5032,0.1697,0.0287,0.0333,18.6387,-0.0800,1.6240,0.1529
19.250,70.741,-2.2057,-3.3896,61.751,-2.1012,-3.2440,62.381,0.1777,-0.0232,0.1793,0.630,0.5683,3.1725,0.912,-2.7712,-6.3732,61.469,4.925,-0.7466,72.223,0.2928,0.0405,0.0424,1.0455,5.0152,5.1133,nan,4.2961,4.2639,0.1689,0.0480,1.5032,0.1778,-0.0111,0.0982,18.9168,-0.0172,-1.2841,0.1529
19.300,71.186,-1.9878,-3.0025,60.069,-1.8977,-2.8602,60.787,0.1683,-0.0071,0.1684,0.718,0.4748,3.2130,1.705,-2.5521,-6.0000,59.081,4.633,-0.0520,72.648,0.2857,0.0343,0.0291,0.8495,4.6785,4.5657,nan,4.1962,4.1978,0.1663,0.0834,1.5032,0.1893,-0.0277,0.1469,19.1255,0.0800,-2.3900,0.1529
19.350,71.389,-1.8866,-2.8257,60.763,-1.7918,-2.6602,61.328,0.1907,-0.0019,0.1907,0.565,0.5045,3.2008,1.409,-2.4398,-5.8028,59.919,4.437,0.3365,72.839,0.3066,0.0337,0.0294,0.8729,4.5377,4.5475,nan,4.0996,4.1337,0.1637,0.1272,1.5032,0.1917,-0.0384,0.1951,19.3341,0.0800,-2.5308,0.1529
19.400,71.607,-1.7821,-2.6350,62.289,-1.7259,-2.5366,62.131,0.1133,-0.0040,0.1133,-0.158,0.6026,3.1535,0.437,-2.3719,-5.6722,61.694,4.275,0.5570,73.046,0.2431,0.0307,0.0237,0.7735,4.1314,3.8187,nan,4.0875,3.7799,0.1497,0.1429,1.5032,0.1896,-0.0392,0.2270,19.4732,0.0800,-3.3357,0.1529
19.450,71.817,-1.6870,-2.4472,64.560,-1.6212,-2.3114,65.353,0.1509,-0.0011,0.1509,0.792,0.5040,3.2040,1.480,-2.2669,-5.4586,63.872,4.158,0.8280,73.251,0.2650,0.0270,0.0245,0.9075,4.2484,4.3195,nan,4.1624,4.0071,0.1587,0.1790,1.5032,0.1849,-0.0631,0.2914,19.7514,0.0800,-2.3657,0.1529
19.500,72.015,-1.6052,-2.2672,67.055,-1.5447,-2.1248,67.960,0.1547,-0.0002,0.1547,0.905,0.5462,3.2026,1.124,-2.1950,-5.2853,66.836,3.931,0.8793,73.436,0.2531,0.0242,0.0325,1.3435,4.1089,4.1182,nan,4.2503,4.3578,0.1726,0.1637,1.5032,0.1940,-0.0486,0.3408,19.9601,0.0606,-1.7306,0.1529
19.550,72.203,-1.5354,-2.0925,70.005,-1.4798,-1.9549,70.431,0.1483,-0.0052,0.1484,0.426,0.5612,3.2119,1.031,-2.1337,-5.1293,69.400,3.911,1.0950,73.625,0.2359,0.0228,0.0315,1.3805,3.8856,3.8701,nan,4.3171,4.2056,0.1666,0.1809,1.4602,0.1802,-0.0813,0.3898,20.1687,0.0800,-3.4588,0.1529
19.600,72.387,-1.4761,-1.9187,72.714,-1.4293,-1.7816,73.411,0.1448,-0.0039,0.1449,0.697,0.6020,3.1793,0.524,-2.0766,-4.9421,72.887,4.057,1.0366,73.820,0.2413,0.0167,0.0325,1.9466,4.0001,4.0621,nan,4.4257,4.4592,0.1766,0.1858,1.5240,0.1663,-0.0918,0.3905,20.3773,0.0800,-0.3184,0.1529
19.650,72.574,-1.4243,-1.7389,75.709,-1.3875,-1.5947,76.180,0.1489,-0.0001,0.1489,0.471,0.5775,3.1739,0.713,-2.0241,-4.7438,75.467,4.073,1.1497,74.010,0.2526,0.0130,0.0309,2.3822,4.1599,4.2474,nan,4.5830,4.7234,0.1871,0.2111,1.5528,0.1395,-0.1323,0.3555,20.5860,0.0739,2.2619,0.1529
19.700,72.768,-1.3807,-1.5495,78.926,-1.3597,-1.4305,79.161,0.1208,0.0023,0.1208,0.235,0.6029,3.1368,0.315,-1.9877,-4.5564,78.846,4.185,1.2116,74.214,0.2457,0.0102,0.0234,2.3059,4.1102,4.1365,nan,4.7085,4.7615,0.1886,0.1929,1.5811,0.1296,-0.1318,0.3224,20.7946,0.0800,0.0688,0.1529
19.750,72.969,-1.3473,-1.3518,82.602,-1.3331,-1.2279,82.031,0.1247,0.0018,0.1247,-0.571,0.6353,3.1192,-0.122,-1.9591,-4.3513,82.153,4.333,1.4210,74.429,0.2466,0.0086,0.0262,3.0345,4.2254,4.2949,nan,4.8391,4.9328,0.1954,0.1875,1.6090,0.1081,-0.1373,0.2909,21.0033,0.0800,1.6314,0.1529
19.800,73.171,-1.3265,-1.1505,86.115,-1.3204,-1.0187,86.629,0.1319,0.0028,0.1319,0.514,0.6033,3.1128,0.278,-1.9437,-4.1221,86.351,4.451,1.3343,74.643,0.2617,0.0052,0.0199,3.8396,4.4625,4.6411,nan,5.0654,5.2274,0.2070,0.1671,1.6467,0.0794,-0.1290,0.2501,21.2815,0.0773,2.2970,0.1529
19.850,73.379,-1.3176,-0.9428,89.587,-1.3221,-0.8055,90.179,0.1372,0.0055,0.1373,0.592,0.5937,3.1048,0.381,-1.9418,-3.8976,89.799,4.576,1.3275,74.863,0.2693,0.0034,0.0149,4.3404,4.5722,4.6529,nan,5.2047,5.3646,0.2125,0.1437,1.6757,0.0614,-0.1136,0.2200,21.4901,0.0741,1.6668,0.1529
19.900,73.604,-1.3216,-0.7183,92.980,-1.3361,-0.6320,93.623,0.0870,0.0100,0.0876,0.643,0.5871,3.0707,0.467,-1.9534,-3.6869,93.156,4.767,1.2342,75.106,0.2539,0.0141,0.0272,1.9301,4.5416,4.5770,nan,5.3452,5.3933,0.2136,0.1129,1.7052,0.0482,-0.0924,0.1904,21.6987,0.0800,1.8546,0.1529
19.950,73.832,-1.3385,-0.4905,95.949,-1.3648,-0.3699,96.683,0.1227,0.0137,0.1234,0.734,0.5943,3.0571,0.362,-1.9807,-3.4145,96.321,4.935,1.1009,75.351,0.2827,0.0111,0.0283,2.5504,4.8216,5.1800,nan,5.4853,5.6248,0.2228,0.0871,1.7355,0.0461,-0.0815,0.1610,21.9074,0.0609,2.5941,0.1529
20.000,74.067,-1.3680,-0.2573,98.957,-1.3972,-0.1637,99.272,0.0970,0.0143,0.0980,0.315,0.5913,3.0278,0.402,-2.0109,-3.1775,98.870,5.054,1.1263,75.598,0.2856,0.0094,0.0186,1.9718,5.0748,5.3512,nan,5.7991,5.9538,0.2358,0.0738,1.7515,0.0016,-0.0813,0.1124,22.2551,0.0640,1.7659,0.1529
20.050,74.302,-1.4087,-0.0264,101.366,-1.4521,0.0723,102.544,0.1054,0.0231,0.1079,1.179,0.5784,3.0246,0.630,-2.0629,-2.9297,101.915,5.131,0.8961,75.841,0.2940,0.0058,0.0256,4.4308,5.1952,5.3094,nan,5.9216,6.0589,0.2400,0.0489,1.7120,-0.0028,-0.0738,0.0736,22.5333,0.0554,1.1279,0.1529
20.100,74.541,-1.4593,0.2074,103.260,-1.5104,0.3088,103.928,0.1104,0.0265,0.1136,0.669,0.6044,3.0014,0.133,-2.1211,-2.6876,103.795,5.262,0.7066,76.093,0.2976,0.0034,0.0187,5.5494,5.2671,5.3559,nan,5.6580,5.5312,0.2191,0.0432,1.6833,-0.0277,-0.0745,0.0445,22.7419,-0.0504,2.1885,0.1529
20.150,75.054,-1.5900,0.7035,106.151,-1.6599,0.8323,106.874,0.1432,0.0313,0.1466,0.722,0.6026,2.9969,0.214,-2.2706,-2.1561,106.660,5.622,0.4236,76.641,0.3219,0.0014,0.0250,17.4179,5.5203,5.8567,nan,5.3860,5.2840,0.2093,0.0125,1.6367,-0.0473,-0.0550,-0.0042,23.0897,-0.0428,3.3179,0.1529
20.200,75.316,-1.6650,0.9549,107.168,-1.7273,1.0867,106.759,0.1443,0.0207,0.1458,-0.409,0.6460,2.9466,-0.589,-2.3541,-1.8843,107.348,5.540,0.3667,76.898,0.3380,0.0007,0.0116,15.6186,5.6635,5.8208,nan,5.0628,5.2105,0.2064,0.0051,1.5994,-0.0785,-0.0576,-0.0421,23.3679,-0.0800,2.7317,0.1521
20.250,75.589,-1.7465,1.2152,107.552,-1.7865,1.2684,107.735,0.0628,0.0221,0.0665,0.183,0.6517,2.9188,-0.460,-2.4249,-1.6700,108.196,5.383,0.1042,77.159,0.2992,0.0009,0.0129,13.9556,5.3403,5.2276,nan,4.9390,4.8944,0.1938,-0.0313,1.5623,-0.0807,-0.0225,-0.0704,23.5765,-0.0206,-1.6270,0.1521
20.300,75.844,-1.8239,1.4584,107.681,-1.8557,1.4972,107.605,0.0466,0.0185,0.0502,-0.077,0.6510,2.9165,-0.224,-2.5011,-1.4291,107.829,5.261,0.0373,77.406,0.2976,0.0148,0.0240,1.6161,5.2961,5.3398,nan,4.7000,4.7930,0.1898,-0.0381,1.5243,-0.0989,-0.0219,-0.1082,23.8547,0.0800,-2.4872,0.1521
20.350,76.087,-1.8970,1.6896,107.117,-1.9281,1.7505,107.126,0.0673,0.0118,0.0684,0.009,0.6639,2.9073,-0.658,-2.5786,-1.1865,107.784,5.068,-0.2481,77.635,0.3062,0.0130,0.0279,2.1512,5.2795,5.3317,nan,4.5281,4.5666,0.1809,-0.0789,1.4947,-0.1028,0.0041,-0.1364,24.0633,0.0200,-2.0029,0.1521
20.400,76.321,-1.9649,1.9137,106.344,-1.9755,1.9314,106.209,0.0199,0.0052,0.0206,-0.136,0.6605,2.9207,-0.255,-2.6315,-1.0010,106.463,4.909,-0.2930,77.858,0.2780,0.0122,0.0160,1.3127,4.9253,4.7792,nan,4.4168,4.5126,0.1787,-0.0764,1.4635,-0.1225,-0.0089,-0.1648,24.2720,0.0800,-3.2400,0.1521
20.450,76.542,-2.0253,2.1264,104.917,-2.0312,2.1319,105.650,0.0068,0.0043,0.0080,0.734,0.6609,2.9151,0.088,-2.6932,-0.7790,105.562,4.719,-0.5841,78.067,0.2855,0.0081,0.0161,1.9762,4.8406,4.8673,nan,4.2545,4.3238,0.1712,-0.1217,1.4184,-0.1228,0.0303,-0.2028,24.5502,0.0385,-2.5997,0.1521
20.500,76.760,-2.0794,2.3380,103.423,-2.0790,2.3200,104.416,-0.0177,0.0038,0.0180,0.993,0.6462,2.9599,1.094,-2.7369,-0.5878,103.322,4.586,-0.5453,78.277,0.2730,0.0072,0.0136,1.8875,4.5529,4.4923,nan,4.1491,4.2281,0.1674,-0.1186,1.3929,-0.1303,0.0100,-0.2219,24.6893,0.0800,-3.1920,0.1521
20.550,76.971,-2.1256,2.5441,101.280,-2.1219,2.4950,103.256,-0.0489,0.0060,0.0493,1.976,0.6498,2.9487,1.279,-2.7811,-0.3917,101.976,4.416,-0.8430,78.478,0.2656,0.0057,0.0177,3.1189,4.4149,4.4252,nan,3.9951,4.1317,0.1636,-0.1893,1.3698,-0.1114,0.0534,-0.2510,24.8979,0.0791,-2.1882,0.1521
20.600,77.176,-2.1624,2.7449,99.097,-2.1526,2.6715,100.403,-0.0740,0.0019,0.0740,1.306,0.6539,2.9305,1.423,-2.8121,-0.1892,98.980,4.277,-0.7956,78.674,0.2702,0.0054,0.0046,0.8527,4.3431,4.3679,nan,3.8952,3.9783,0.1576,-0.1673,1.2094,-0.1163,0.0402,-0.2810,25.1066,0.0481,-2.7944,0.1521
20.650,77.369,-2.1894,2.9366,96.153,-2.1753,2.8451,98.939,-0.0925,-0.0042,0.0926,2.786,0.6564,2.9511,1.999,-2.8337,-0.0071,96.940,4.153,-1.2295,78.863,0.2654,0.0045,0.0157,3.4885,4.1359,4.1249,nan,3.7979,3.9246,0.1554,-0.1877,1.0688,-0.1135,0.0483,-0.3017,25.2456,0.0800,-2.2875,0.1521
20.700,77.565,-2.2061,3.1320,93.191,-2.1900,3.0201,95.109,-0.1126,-0.0099,0.1131,1.918,0.6563,2.9587,2.324,-2.8415,0.1767,92.785,4.024,-1.0500,79.052,0.2617,0.0117,0.0027,0.2318,3.9793,3.9844,nan,3.7039,3.8040,0.1507,-0.1499,1.0688,-0.1245,0.0215,-0.3337,25.4543,0.0800,-2.1105,0.1521
20.750,77.756,-2.2123,3.3221,90.016,-2.1989,3.2010,92.921,-0.1211,-0.0134,0.1218,2.905,0.6578,2.9645,2.598,-2.8430,0.3658,90.323,3.914,-1.1497,79.238,0.2639,0.0130,0.0037,0.2884,3.9234,3.9469,nan,3.5733,3.6588,0.1449,-0.2333,1.0434,-0.1130,0.0667,-0.3675,25.6629,0.0494,-2.1626,0.1521
20.800,77.941,-2.2087,3.5076,87.481,-2.2001,3.3847,90.184,-0.1224,-0.0140,0.1232,2.703,0.6591,3.0003,3.330,-2.8321,0.5498,86.854,3.820,-0.8929,79.419,0.2676,0.0160,0.0035,0.2180,3.7711,3.7759,nan,3.4686,3.5741,0.1415,-0.2868,1.0434,-0.1095,0.0834,-0.3913,25.8020,0.0611,-1.5871,0.1521
20.850,78.123,-2.1973,3.6893,85.046,-2.1930,3.5518,88.654,-0.1366,-0.0161,0.1376,3.608,0.6643,3.0087,3.597,-2.8176,0.7212,85.057,3.769,-0.8806,79.599,0.2621,0.0206,0.0069,0.3330,3.7804,3.8127,nan,3.3947,3.4126,0.1352,-0.3006,1.0414,-0.0844,0.1423,-0.4295,26.0107,0.0104,-0.8523,0.1521
20.900,78.297,-2.1785,3.8625,81.788,-2.1809,3.7334,86.269,-0.1281,-0.0161,0.1291,4.481,0.6646,3.0103,3.593,-2.7945,0.9000,82.676,3.655,-1.3312,79.769,0.2691,0.0230,0.0134,0.5853,3.6270,3.6300,nan,3.3153,3.3604,0.1331,-0.3261,0.9826,-0.0722,0.1418,-0.4716,26.2193,0.0261,-1.8705,0.1521
20.950,78.463,-2.1501,4.0255,77.738,-2.1616,3.8841,82.786,-0.1406,-0.0188,0.1419,5.048,0.6736,3.0495,4.564,-2.7599,1.0576,78.222,3.551,-1.5953,79.932,0.2695,0.0229,0.0132,0.5756,3.4964,3.5037,nan,3.2267,3.2783,0.1298,-0.3503,0.8944,-0.0551,0.1300,-0.5025,26.3584,0.0299,-1.8218,0.1521
21.000,78.787,-2.0586,4.3363,68.707,-2.0890,4.1934,74.265,-0.1442,-0.0235,0.1461,5.558,0.6812,3.0887,5.299,-2.6564,1.3558,68.966,3.312,-1.6911,80.250,0.2696,0.0199,0.0146,0.7323,3.3952,3.4072,nan,3.1350,3.1497,0.1247,-0.3710,0.8944,-0.0319,0.1322,-0.5354,26.4975,0.0085,-2.3558,0.1521
21.050,78.934,-2.0005,4.4711,64.127,-2.0366,4.3537,69.647,-0.1214,-0.0187,0.1228,5.520,0.6835,3.1150,5.523,-2.5882,1.4948,64.123,3.226,-1.7696,80.396,0.2800,0.0165,0.0195,1.1794,3.3208,3.3365,nan,3.0578,3.0687,0.1215,-0.3874,0.8944,-0.0050,0.1600,-0.5717,26.7061,0.0063,-1.7415,0.1521
21.100,79.089,-1.9274,4.6077,58.998,-1.9724,4.5001,64.618,-0.1154,-0.0168,0.1166,5.621,0.6845,3.1301,5.378,-2.5168,1.6130,59.240,3.112,-1.8108,80.549,0.2671,0.0297,0.0180,0.6044,3.1151,3.0982,nan,3.0260,3.1436,0.1245,-0.4385,0.8944,0.0126,0.1419,-0.5925,26.8452,0.0800,-1.6965,0.1521
21.150,79.232,-1.8485,4.7279,54.011,-1.8958,4.6368,60.224,-0.1015,-0.0153,0.1026,6.214,0.7015,3.1672,6.056,-2.4278,1.7355,54.168,3.022,-1.8348,80.692,0.2765,0.0265,0.0234,0.8805,3.1399,3.1695,nan,2.9517,3.0541,0.1210,-0.4318,0.8163,0.0346,0.1777,-0.6317,27.0539,0.0593,-1.9528,0.1521
21.200,79.373,-1.7610,4.8385,48.655,-1.8173,4.7478,54.868,-0.1053,-0.0177,0.1068,6.213,0.6908,3.1501,5.751,-2.3354,1.8409,49.117,2.987,-2.0567,80.836,0.2774,0.0233,0.0191,0.8181,3.0752,3.0905,nan,2.8236,2.8394,0.1125,-0.4495,0.8163,0.0583,0.1844,-0.6726,27.1930,0.0092,-1.7229,0.1521
21.250,79.510,-1.6667,4.9369,43.348,-1.7255,4.8578,49.124,-0.0971,-0.0172,0.0986,5.777,0.6932,3.1601,5.979,-2.2288,1.9404,43.145,2.944,-1.9962,80.974,0.2881,0.0208,0.0179,0.8621,3.0747,3.0994,nan,2.8476,2.7854,0.1103,-0.4497,0.8163,0.0694,0.1552,-0.7313,27.3321,-0.0360,-0.9872,0.1521
21.300,79.644,-1.5649,5.0249,37.914,-1.6359,4.9536,43.998,-0.0998,-0.0127,0.1006,6.083,0.6884,3.1664,6.060,-2.1227,2.0225,37.938,2.801,-1.9838,81.106,0.2885,0.0194,0.0205,1.0569,2.9602,2.9661,nan,2.9104,3.0452,0.1206,-0.4837,0.8163,0.0858,0.1677,-0.7416,27.4712,0.0780,-1.2500,0.1521
21.350,79.773,-1.4596,5.0998,32.667,-1.5368,5.0350,38.296,-0.0999,-0.0129,0.1008,5.630,0.6798,3.1595,5.746,-2.0177,2.0880,32.550,2.713,-1.9218,81.235,0.2832,0.0179,0.0156,0.8733,2.7957,2.7883,nan,2.9104,2.9977,0.1187,-0.5394,0.8163,0.1005,0.1223,-0.7583,27.5407,0.0505,-2.5794,0.1521
21.400,79.902,-1.3480,5.1645,27.066,-1.4275,5.1057,33.292,-0.0976,-0.0161,0.0989,6.226,0.6836,3.1609,5.704,-1.9074,2.1450,27.588,2.779,-2.1218,81.374,0.2782,0.0164,0.0166,1.0145,2.7273,2.7393,nan,2.9711,3.0473,0.1207,-0.5652,0.8163,0.1152,0.1347,-0.8045,27.6798,0.0800,-1.7491,0.1521
21.450,80.028,-1.2340,5.2165,21.332,-1.2924,5.1780,27.006,-0.0684,-0.0146,0.0699,5.674,0.6809,3.1624,5.786,-1.7601,2.2043,21.220,2.784,-2.3118,81.506,0.3109,0.0135,0.0202,1.5038,2.9300,3.0226,nan,3.0486,3.1388,0.1243,-0.4933,0.8163,0.1340,0.1219,-0.8780,0.0000,0.0522,0.5662,0.1521
21.500,80.164,-1.1043,5.2593,14.564,-1.1780,5.2187,20.565,-0.0816,-0.0207,0.0842,6.002,0.6751,3.1544,5.555,-1.6446,2.2340,15.011,2.793,-2.4818,81.652,0.2922,0.0256,0.0109,0.4252,2.7656,2.7582,nan,3.0694,3.1504,0.1248,-0.5505,0.8543,0.1355,0.1141,-0.8167,0.1391,0.0469,-0.8892,0.1521
21.550,80.300,-0.9710,5.2868,8.412,-1.0175,5.2524,12.488,-0.0510,-0.0272,0.0578,4.076,0.6477,3.1244,4.726,-1.4842,2.2580,7.762,2.866,-2.2236,81.798,0.3152,0.0232,0.0083,0.3574,2.9728,3.0697,nan,3.1237,3.0866,0.1222,-0.4798,0.8987,0.1455,0.0774,-0.7794,0.2782,-0.0215,-0.8258,0.1521
21.600,80.436,-0.8364,5.3000,2.143,-0.8820,5.2689,6.906,-0.0468,-0.0293,0.0552,4.763,0.6294,3.1130,4.354,-1.3434,2.2644,2.553,2.888,-2.4033,81.943,0.3181,0.0204,0.0108,0.5286,3.0929,3.1469,nan,3.1867,3.1159,0.1234,-0.4446,0.8987,0.1414,0.0666,-0.7530,0.4173,-0.0410,-0.6278,0.1521
21.650,80.569,-0.7035,5.2982,-4.362,-0.7419,5.2727,0.307,-0.0364,-0.0283,0.0461,4.668,0.6258,3.1198,4.502,-1.1945,2.2537,-4.196,2.893,-2.5072,82.085,0.3298,0.0177,0.0123,0.6934,3.0642,3.0846,nan,3.2592,3.2824,0.1300,-0.4527,0.8987,0.1403,0.0348,-0.7334,0.5564,0.0134,-0.8533,0.1521
21.700,80.702,-0.5710,5.2816,-10.220,-0.5938,5.2561,-7.591,-0.0179,-0.0292,0.0343,2.629,0.5945,3.0980,3.476,-1.0553,2.2262,-11.067,2.906,-2.1859,82.223,0.3325,0.0150,0.0032,0.2127,2.9786,2.9899,nan,3.3355,3.4298,0.1358,-0.4780,0.8987,0.1424,0.0326,-0.7210,0.6955,0.0800,-0.8187,0.1521
21.750,80.978,-0.3048,5.2073,-21.436,-0.4531,5.2320,-12.921,-0.1470,-0.0312,0.1503,8.515,0.5929,3.1004,3.287,-0.9220,2.1881,-16.208,2.931,-2.0411,82.516,0.2301,0.0555,0.0083,0.1505,2.9562,2.9766,nan,3.4125,3.3983,0.1346,-0.4850,0.9327,0.1516,0.0391,-0.6912,0.8346,0.0800,-0.4013,0.1521
21.800,81.121,-0.1744,5.1488,-27.551,-0.1598,5.1281,-24.658,0.0225,-0.0116,0.0253,2.893,0.5761,3.0889,2.627,-0.6417,2.0707,-27.285,3.082,-2.3182,82.672,0.3427,0.0086,0.0162,1.8885,3.1412,3.2256,nan,3.5354,3.6519,0.1446,-0.4315,1.0568,0.1605,0.0509,-0.6276,1.0432,0.0675,0.5134,0.1521
21.850,81.270,-0.0461,5.0734,-34.046,-0.0123,5.0336,-32.570,0.0503,-0.0141,0.0522,1.475,0.5490,3.0760,1.843,-0.4981,1.9746,-34.414,3.121,-2.3737,82.832,0.3536,0.0058,0.0093,1.6206,3.2355,3.2827,nan,3.6652,3.7888,0.1501,-0.4051,1.1086,0.1485,-0.0059,-0.5893,1.1823,0.0715,0.6268,0.1521
21.900,81.430,0.0818,4.9773,-40.357,0.0825,4.9591,-39.351,0.0124,-0.0134,0.0182,1.006,0.5111,3.0779,1.233,-0.3880,1.8900,-40.584,3.264,-2.2099,83.009,0.3382,0.0046,0.0006,0.1238,3.0971,3.0992,nan,3.7090,3.6980,0.1465,-0.3340,1.0782,0.1337,-0.0537,-0.5564,1.3214,0.0800,-0.2008,0.1521
21.950,81.594,0.2013,4.8657,-46.361,0.2202,4.8261,-45.108,0.0417,-0.0137,0.0439,1.253,0.5015,3.0827,1.115,-0.2473,1.7485,-46.223,3.397,-2.1554,83.189,0.3543,0.0239,0.0129,0.5408,3.3975,3.6866,nan,3.8406,3.9565,0.1567,-0.2876,1.2016,0.1212,-0.0768,-0.5243,1.4605,0.0671,1.2966,0.1521
22.000,81.755,0.3081,4.7443,-51.293,0.3297,4.6856,-51.085,0.0593,-0.0199,0.0626,0.208,0.4874,3.0913,1.061,-0.1282,1.5969,-52.146,3.470,-1.8008,83.358,0.3644,0.0174,0.0133,0.7660,3.6789,3.8994,nan,4.0160,4.0223,0.1593,-0.2274,1.3373,0.1002,-0.0834,-0.4697,1.6691,0.0036,1.2869,0.1521
22.050,81.919,0.4059,4.6133,-55.573,0.4139,4.5543,-55.420,0.0532,-0.0268,0.0596,0.152,0.4739,3.0887,0.739,-0.0411,1.4662,-56.160,3.623,-1.6202,83.535,0.3537,0.0119,0.0082,0.6944,3.5944,3.6108,nan,4.1038,4.2293,0.1675,-0.2071,1.3273,0.0813,-0.0806,-0.4391,1.8082,0.0726,0.4057,0.1521
22.100,82.096,0.5018,4.4639,-59.247,0.4995,4.4048,-59.259,0.0496,-0.0322,0.0591,-0.012,0.4632,3.0989,0.779,0.0540,1.3053,-60.038,3.755,-1.3216,83.722,0.3527,0.0083,0.0091,1.0895,3.6959,3.7501,nan,4.2359,4.3726,0.1732,-0.1847,1.3936,0.0624,-0.0611,-0.3991,2.0169,0.0781,2.0887,0.1521
22.150,82.277,0.5899,4.3064,-62.590,0.5924,4.2509,-61.970,0.0505,-0.0233,0.0556,0.619,0.4617,3.1090,0.843,0.1475,1.1399,-62.814,3.909,-1.2541,83.914,0.3582,0.0075,0.0008,0.1094,3.8286,3.8958,nan,4.3687,4.4960,0.1781,-0.1903,1.4712,0.0589,-0.0183,-0.3636,2.2255,0.0702,1.6155,0.1521
22.200,82.464,0.6721,4.1377,-65.709,0.6726,4.0690,-65.821,0.0628,-0.0278,0.0687,-0.112,0.4438,3.1148,0.189,0.2319,0.9535,-66.010,4.060,-1.1632,84.113,0.3613,0.0066,0.0079,1.2006,4.0093,4.1038,nan,4.5027,4.5850,0.1816,-0.1826,1.5645,0.0572,-0.0002,-0.3311,2.4341,0.0434,2.1788,0.1521
22.250,82.663,0.7490,3.9549,-69.056,0.7523,3.8669,-69.095,0.0834,-0.0283,0.0881,-0.038,0.4423,3.1105,-0.094,0.3088,0.7569,-69.001,4.192,-1.2339,84.322,0.3625,0.0081,0.0052,0.6434,4.1269,4.1934,nan,4.6834,4.8032,0.1902,-0.1674,1.5911,0.0474,0.0063,-0.3006,2.6428,0.0613,2.1546,0.1514
22.300,82.871,0.8184,3.7581,-72.472,0.8135,3.6690,-72.550,0.0835,-0.0315,0.0892,-0.078,0.4417,3.1084,-0.119,0.3706,0.5614,-72.431,4.311,-1.2217,84.542,0.3548,0.0095,0.0159,1.6740,4.1914,4.2427,nan,4.8205,4.9719,0.1969,-0.1380,1.6107,0.0402,-0.0058,-0.2716,2.8514,0.0800,1.8630,0.1514
22.350,83.082,0.8770,3.5556,-75.626,0.8651,3.4402,-76.371,0.1088,-0.0402,0.1160,-0.744,0.4323,3.1097,-0.616,0.4292,0.3351,-75.755,4.460,-1.1530,84.765,0.3581,0.0103,0.0267,2.5858,4.4327,4.6150,nan,5.0520,5.1925,0.2056,-0.1192,1.6453,0.0367,0.0029,-0.2345,3.1296,0.0668,1.5619,0.1514
22.400,83.291,0.9248,3.3520,-78.241,0.9136,3.2106,-79.129,0.1362,-0.0398,0.1419,-0.888,0.4351,3.1192,-0.180,0.4781,0.0929,-78.949,4.615,-0.9850,84.987,0.3679,0.0136,0.0253,1.8505,4.6284,4.7696,nan,5.1921,5.2727,0.2088,-0.0912,1.6798,0.0250,0.0033,-0.1991,3.4078,0.0367,2.1302,0.1514
22.450,83.527,0.9683,3.1201,-80.769,0.9536,2.9939,-80.707,0.1222,-0.0347,0.1271,0.062,0.4424,3.1000,0.362,0.5105,-0.1094,-81.069,4.805,-0.8838,85.239,0.3500,0.0113,0.0183,1.6223,4.4411,4.4361,nan,5.3324,5.3039,0.2101,-0.0906,1.6973,0.0335,0.0108,-0.1816,3.5469,0.0800,2.4204,0.1514
22.500,83.772,1.0036,2.8784,-82.795,0.9900,2.7160,-83.317,0.1594,-0.0339,0.1630,-0.523,0.4440,3.1064,-0.010,0.5461,-0.3903,-83.307,4.949,-0.6944,85.496,0.3603,0.0108,0.0223,2.0623,4.7196,5.0485,nan,5.5637,5.6379,0.2233,-0.0939,1.7424,0.0577,0.0430,-0.1382,3.8946,0.0800,2.7547,0.1514
22.550,84.021,1.0311,2.6301,-84.810,1.0182,2.4544,-84.339,0.1738,-0.0288,0.1762,0.471,0.4427,3.0972,0.420,0.5708,-0.6470,-84.759,5.038,-0.7074,85.755,0.3603,0.0093,0.0059,0.6335,4.9423,5.1416,nan,5.7428,5.9032,0.2338,-0.0827,1.7801,0.0719,0.0559,-0.1037,4.1728,0.0800,2.0487,0.1514
22.600,84.278,1.0503,2.3742,-86.937,1.0329,2.1971,-86.236,0.1759,-0.0269,0.1779,0.700,0.4388,3.0994,0.548,0.5854,-0.9079,-86.785,5.213,-0.7572,86.029,0.3577,0.0092,0.0094,1.0308,5.1113,5.2590,nan,5.9523,6.1054,0.2418,-0.0668,1.8002,0.0893,0.0503,-0.0693,4.4510,0.0800,1.2665,0.1514
22.650,84.533,1.0602,2.1190,-88.859,1.0410,1.9094,-88.558,0.2091,-0.0233,0.2104,0.302,0.4425,3.0899,0.387,0.5905,-1.1845,-88.944,5.415,-0.6944,86.303,0.3613,0.0153,0.0234,1.5234,5.3468,5.6101,nan,6.1356,6.3154,0.2501,-0.0315,1.8002,0.0951,0.0233,-0.0348,4.7292,0.0706,2.7027,0.1514
22.700,84.787,1.0624,1.8652,-90.389,1.0461,1.6267,-90.191,0.2386,-0.0146,0.2390,0.198,0.4436,3.1066,0.575,0.5876,-1.4859,-90.765,5.605,-0.5795,86.576,0.3785,0.0134,0.0255,1.8988,5.5188,5.6962,nan,6.2318,6.3547,0.2517,-0.0094,1.8002,0.0926,0.0018,-0.0110,4.9378,0.0469,3.3097,0.1514
22.750,85.060,1.0573,1.5929,-92.010,1.0481,1.3740,-91.570,0.2190,-0.0015,0.2190,0.439,0.4523,3.1185,0.430,0.5827,-1.7489,-92.000,5.731,-0.5919,86.862,0.3740,0.0151,0.0165,1.0894,5.7080,5.9218,nan,6.4555,6.6255,0.2624,0.0135,1.8002,0.1049,-0.0215,0.0369,5.3551,0.0632,1.9887,0.1514
22.800,85.344,1.0450,1.3083,-92.914,1.0319,1.0613,-92.799,0.2473,-0.0006,0.2473,0.116,0.4369,3.1002,0.867,0.5641,-2.0477,-93.666,5.884,-0.2884,87.163,0.3758,0.0053,0.0407,7.7144,5.9140,6.1734,nan,6.6152,6.7983,0.2692,0.0235,1.8002,0.1037,-0.0382,0.0773,5.7029,0.0665,2.4737,0.1514
22.850,85.630,1.0296,1.0233,-93.208,1.0201,0.7482,-93.036,0.2752,0.0059,0.2753,0.172,0.4473,3.0855,0.641,0.5467,-2.3436,-93.677,5.996,-0.0807,87.461,0.3800,0.0037,0.0241,6.4443,6.1400,6.4677,nan,6.7726,6.9236,0.2742,0.0258,1.8136,0.0985,-0.0526,0.0743,6.0506,0.0532,1.8332,0.1514
22.900,85.909,1.0140,0.7443,-92.951,1.0037,0.4678,-93.238,0.2767,0.0040,0.2767,-0.287,0.4661,3.1204,0.183,0.5292,-2.6544,-93.421,6.144,0.1342,87.757,0.3968,0.0027,0.0349,12.7845,6.2627,6.4353,nan,6.9549,7.1423,0.2829,0.0260,1.8305,0.0818,-0.0576,0.0598,6.3288,0.0647,2.6723,0.1514
22.950,86.508,0.9883,0.1461,-91.668,0.9828,-0.1151,-91.886,0.2613,0.0021,0.2613,-0.217,0.4818,3.1445,-0.118,0.5077,-3.2586,-91.767,6.443,0.2595,88.392,0.4038,0.0050,0.0222,4.4392,6.2863,6.3832,nan,7.0701,7.2812,0.2884,0.0240,1.8336,0.0657,-0.0626,0.0415,6.6765,0.0800,2.7062,0.1514
23.000,86.802,0.9809,-0.1475,-90.994,0.9724,-0.4897,-91.226,0.3423,-0.0026,0.3423,-0.233,0.4874,3.1283,-0.259,0.5014,-3.6158,-90.968,6.598,0.2654,88.704,0.4462,0.0113,0.0281,2.4800,6.5320,6.9936,nan,7.2283,7.4085,0.2934,0.0155,1.8119,0.0466,-0.0575,0.0232,7.0243,0.0597,2.4221,0.1514
23.050,87.122,0.9767,-0.4681,-90.308,0.9631,-0.7483,-90.781,0.2803,-0.0121,0.2805,-0.473,0.4963,3.1616,-0.488,0.5001,-3.9058,-90.293,6.750,0.2503,89.045,0.4278,0.0108,0.0284,2.6396,6.5507,6.6533,nan,7.1918,7.3335,0.2904,0.0102,1.7891,0.0239,-0.0522,0.0049,7.3720,0.0468,2.8936,0.1514
23.100,87.436,0.9760,-0.7819,-89.821,0.9651,-1.0874,-91.068,0.3054,-0.0119,0.3057,-1.246,0.5707,3.2110,-1.434,0.5019,-4.2872,-89.633,6.883,0.1698,89.376,0.4764,0.0178,0.0253,1.4251,6.8050,7.3931,nan,6.8130,6.6651,0.2640,0.0022,1.7625,-0.0024,-0.0431,-0.0134,7.7197,-0.0800,2.5724,0.1514
23.150,87.762,0.9776,-1.1072,-89.514,0.9577,-1.3733,-91.030,0.2659,-0.0222,0.2669,-1.515,0.5856,3.2346,-1.655,0.5050,-4.5953,-89.375,6.953,0.1070,89.713,0.4651,0.0121,0.0237,1.9638,6.8927,7.0648,nan,6.5070,6.3413,0.2511,0.0067,1.7366,-0.0229,-0.0503,-0.0317,8.0675,-0.0800,2.4148,0.1514
23.200,88.078,0.9805,-1.4235,-89.419,0.9526,-1.7010,-90.491,0.2772,-0.0307,0.2789,-1.072,0.5524,3.2594,-1.262,0.5094,-4.9504,-89.229,6.802,0.0207,90.017,0.4943,0.0030,0.0257,8.6927,7.0615,7.3543,nan,6.2148,6.4966,0.2573,-0.0029,1.7114,-0.0473,-0.0402,-0.0499,8.4152,-0.0800,1.1601,0.1514
23.250,88.385,0.9839,-1.7311,-89.260,0.9658,-1.9510,-89.513,0.2197,-0.0209,0.2207,-0.252,0.4674,3.2696,-0.149,0.5120,-5.2193,-89.363,6.584,0.0712,90.306,0.4656,0.0021,0.0177,8.5126,6.7204,6.5558,nan,6.0464,6.2247,0.2465,-0.0167,1.6964,-0.0548,-0.0287,-0.0609,8.6239,0.0710,-2.9105,0.1514
23.300,88.692,0.9879,-2.0379,-89.311,0.9855,-2.1955,-88.438,0.1576,-0.0043,0.1576,0.873,0.4081,3.2833,0.635,0.5165,-5.4849,-89.073,6.483,-0.0307,90.607,0.4378,0.0041,0.0165,4.0098,6.3630,6.1768,nan,5.9368,5.8907,0.2333,-0.0717,1.6770,-0.0266,0.0180,-0.0757,8.9021,0.0800,-3.9228,0.1514
23.350,88.981,0.9908,-2.3263,-89.685,0.9933,-2.5045,-88.269,0.1782,0.0015,0.1782,1.416,0.3595,3.2996,1.126,0.5196,-5.8155,-89.395,6.342,-0.1686,90.884,0.4668,0.0098,0.0226,2.3110,6.4193,6.5428,nan,5.6722,5.7730,0.2286,-0.1050,1.6528,0.0027,0.0494,-0.0957,9.2498,0.0421,-1.7217,0.1514
23.400,89.285,0.9899,-2.6310,-91.293,0.9946,-2.6985,-88.872,0.0673,0.0062,0.0676,2.421,0.3425,3.3410,1.271,0.5180,-6.0524,-90.143,6.105,-0.6890,91.170,0.4209,0.0216,0.0262,1.2097,6.0319,5.7845,nan,5.5697,5.6155,0.2224,-0.1189,1.6381,0.0107,0.0572,-0.1101,9.4584,0.0800,-2.6372,0.1514
23.450,89.567,0.9793,-2.9129,-93.796,0.9830,-2.9600,-91.958,0.0468,0.0068,0.0473,1.838,0.3561,3.3706,1.143,0.5004,-6.3418,-93.101,5.913,-0.9734,91.440,0.4204,0.0187,0.0142,0.7617,5.8767,5.8876,nan,5.4190,5.5137,0.2184,-0.0849,1.6179,-0.0148,-0.0105,-0.1293,9.7366,0.0800,-3.3320,0.1514
23.500,89.835,0.9568,-3.1794,-96.600,0.9617,-3.2355,-95.535,0.0552,0.0113,0.0564,1.065,0.3862,3.3701,0.932,0.4680,-6.6141,-96.466,5.729,-1.0677,91.695,0.4166,0.0188,0.0142,0.7551,5.5235,5.3520,nan,5.3202,5.1635,0.2045,-0.0361,1.6067,-0.0561,-0.0695,-0.1389,9.8757,0.0800,-3.3455,0.1514
23.550,90.107,0.9203,-3.4489,-99.499,0.9281,-3.4525,-98.443,0.0023,0.0083,0.0086,1.056,0.3720,3.3780,1.073,0.4281,-6.8397,-99.515,5.607,-1.0441,91.960,0.3861,0.0205,0.0086,0.4176,5.5135,5.5730,nan,5.0772,5.2255,0.2070,-0.0289,1.5776,-0.0781,-0.0722,-0.1630,10.2234,0.0800,-2.0923,0.1514
23.600,90.374,0.8724,-3.7112,-101.614,0.8628,-3.7337,-101.992,0.0240,-0.0048,0.0244,-0.378,0.4457,3.3760,0.387,0.3691,-7.1124,-102.380,5.505,-0.7299,92.221,0.3838,0.0150,0.0256,1.7111,5.4119,5.4391,nan,4.9330,5.0544,0.2002,-0.0460,1.5585,-0.1045,-0.0609,-0.1776,10.4321,0.0589,-1.7963,0.1514
23.650,90.633,0.8182,-3.9650,-102.575,0.8129,-3.9749,-102.358,0.0109,-0.0030,0.0113,0.217,0.3394,3.3767,1.272,0.3102,-7.3604,-103.630,5.314,-0.2939,92.467,0.3765,0.0121,0.0139,1.1519,5.1570,5.1115,nan,4.7892,4.9257,0.1951,-0.1184,1.5310,-0.0918,0.0228,-0.1971,10.7103,0.0800,-3.2173,0.1514
23.700,91.128,0.7049,-4.4473,-104.189,0.7170,-4.4402,-102.258,-0.0098,0.0100,0.0140,1.932,0.2968,3.3663,1.602,0.2018,-7.8152,-103.859,5.104,-0.3638,92.949,0.3639,0.0142,0.0005,0.0359,5.1232,5.1671,nan,4.5986,4.6264,0.1832,-0.1646,1.5017,-0.0754,0.0786,-0.2167,10.9885,0.0141,-1.4666,0.1514
23.750,91.350,0.6483,-4.6616,-106.123,0.6681,-4.6126,-105.054,-0.0526,0.0054,0.0529,1.069,0.5123,3.4293,0.101,0.1416,-8.0422,-105.156,4.976,-0.9177,93.163,0.3684,0.0164,0.0102,0.6207,5.0802,5.1208,nan,4.4557,4.3910,0.1739,-0.1674,1.4764,-0.0643,0.0881,-0.2318,11.1971,-0.0330,-2.0466,0.1514
23.800,91.583,0.5789,-4.8843,-109.291,0.6142,-4.7627,-108.062,-0.1265,-0.0069,0.1267,1.229,0.4601,3.4626,0.535,0.0772,-8.2263,-108.598,4.757,-1.2272,93.383,0.3508,0.0376,0.0268,0.7111,4.7446,4.6304,nan,4.3604,4.4686,0.1770,-0.1553,1.4570,-0.0851,0.0192,-0.2421,11.3362,0.0594,-2.3835,0.1514
23.850,91.806,0.5005,-5.0925,-112.622,0.5396,-4.9566,-111.492,-0.1404,-0.0162,0.1414,1.130,0.3883,3.4743,1.092,-0.0093,-8.4322,-112.584,4.534,-1.1821,93.593,0.3426,0.0379,0.0336,0.8872,4.6733,4.7016,nan,4.2654,4.3434,0.1720,-0.1387,1.4233,-0.0982,-0.0077,-0.2581,11.5448,0.0434,-3.6856,0.1514
23.900,92.012,0.4172,-5.2814,-115.507,0.4579,-5.1263,-114.474,-0.1575,-0.0301,0.1604,1.033,0.3539,3.4857,1.297,-0.0909,-8.6121,-115.771,4.447,-1.0758,93.796,0.3394,0.0338,0.0446,1.3212,4.4864,4.4813,nan,4.1217,4.2188,0.1671,-0.1523,1.3870,-0.0933,-0.0001,-0.2760,11.7535,0.0562,-3.6888,0.1514
23.950,92.219,0.3247,-5.4661,-118.086,0.3604,-5.3447,-117.029,-0.1239,-0.0256,0.1266,1.058,0.3287,3.4500,1.434,-0.1884,-8.7927,-118.463,4.348,-0.9418,93.997,0.3331,0.0322,0.0400,1.2417,4.3702,4.3857,nan,4.0244,4.1238,0.1633,-0.1789,1.3607,-0.1014,0.0189,-0.2951,11.9621,0.0576,-1.5566,0.1514
24.000,92.420,0.2263,-5.6420,-120.807,0.2574,-5.5523,-119.215,-0.0929,-0.0193,0.0949,1.592,0.3219,3.4082,1.411,-0.2852,-8.9562,-120.626,4.234,-1.0031,94.193,0.3283,0.0312,0.0323,1.0331,4.2121,4.2167,nan,3.8760,3.9720,0.1573,-0.2428,1.3291,-0.0781,0.0512,-0.3157,12.1708,0.0556,-1.7341,0.1514
24.050,92.617,0.1222,-5.8082,-123.880,0.1462,-5.7486,-121.949,-0.0629,-0.0133,0.0643,1.931,0.2824,3.3799,1.625,-0.3950,-9.1210,-123.574,4.121,-1.1507,94.385,0.3227,0.0304,0.0279,0.9170,4.1415,4.1646,nan,3.6770,3.6592,0.1449,-0.2511,1.2721,-0.0527,0.0861,-0.3472,12.4489,-0.0103,-1.9253,0.1514
24.100,92.815,0.0074,-5.9695,-127.829,0.0301,-5.9206,-125.661,-0.0526,-0.0120,0.0539,2.169,0.3203,3.3514,1.319,-0.5035,-9.2629,-126.980,3.972,-1.5089,94.577,0.3195,0.0312,0.0272,0.8712,3.9820,3.9865,nan,3.5805,3.6055,0.1428,-0.2713,1.2155,-0.0302,0.0936,-0.3718,12.6576,0.0144,-1.9023,0.1514
24.150,92.992,-0.1055,-6.1064,-131.812,-0.0962,-6.0789,-130.308,-0.0267,-0.0114,0.0291,1.504,0.2901,3.3413,1.505,-0.6336,-9.4068,-131.813,3.763,-1.4747,94.745,0.3072,0.0294,0.0298,1.0158,4.0461,4.0933,nan,3.4042,3.3022,0.1308,-0.2629,1.1994,-0.0185,0.0852,-0.4098,12.9358,-0.0800,-2.4091,0.1514
24.200,93.161,-0.2223,-6.2291,-135.888,-0.2016,-6.1933,-133.922,-0.0398,-0.0113,0.0414,1.965,0.2076,3.3437,2.044,-0.7491,-9.5163,-135.966,3.622,-1.5339,94.909,0.3025,0.0404,0.0366,0.9059,3.7259,3.6502,nan,3.3615,3.4006,0.1347,-0.3093,1.1172,-0.0091,0.0752,-0.4321,13.0749,0.0226,-3.6725,0.1514
24.250,93.333,-0.3492,-6.3446,-139.942,-0.3110,-6.3051,-137.716,-0.0547,-0.0056,0.0550,2.227,0.1422,3.3340,2.448,-0.8645,-9.6109,-140.164,3.401,-1.3952,95.071,0.3050,0.0370,0.0312,0.8422,3.4244,3.3603,nan,3.3178,3.3417,0.1323,-0.3649,1.0268,-0.0029,0.0672,-0.4577,13.2140,0.0800,-2.4352,0.1514
24.300,93.498,-0.4787,-6.4462,-144.384,-0.4425,-6.4162,-141.231,-0.0469,-0.0033,0.0470,3.153,0.1208,3.3222,2.527,-0.9920,-9.7041,-143.758,3.332,-1.6111,95.236,0.3039,0.0345,0.0294,0.8527,3.3244,3.3360,nan,3.1729,3.2634,0.1292,-0.3866,0.9938,0.0200,0.0830,-0.4873,13.3531,0.0800,-3.4882,0.1510
24.350,93.655,-0.6102,-6.5333,-149.300,-0.5859,-6.5244,-145.799,-0.0255,0.0048,0.0259,3.500,0.0205,3.3181,3.127,-1.1424,-9.7948,-148.927,3.251,-1.8606,95.393,0.2874,0.0312,0.0277,0.8869,3.4078,3.4535,nan,3.0725,3.0706,0.1216,-0.3684,0.8722,0.0312,0.0851,-0.5392,13.5617,-0.0012,-1.1465,0.1510
24.400,93.810,-0.7467,-6.6071,-154.399,-0.7171,-6.5899,-151.937,-0.0342,-0.0027,0.0343,2.462,0.1105,3.3139,2.596,-1.2752,-9.8561,-154.533,3.219,-1.8403,95.550,0.2867,0.0290,0.0291,1.0048,3.2135,3.2018,nan,2.9728,3.0290,0.1200,-0.4129,0.8169,0.0374,0.0570,-0.5725,13.7008,0.0325,-0.9353,0.1510
24.450,93.966,-0.8901,-6.6685,-159.769,-0.8504,-6.6500,-157.019,-0.0436,-0.0037,0.0438,2.750,0.1594,3.3085,2.344,-1.4162,-9.9088,-159.363,3.158,-1.9150,95.707,0.2864,0.0266,0.0296,1.1134,3.2968,3.3413,nan,2.8341,2.7293,0.1081,-0.3929,0.8169,0.0242,0.0267,-0.5958,13.8399,-0.0607,-1.3003,0.1510
24.500,94.112,-1.0286,-6.7134,-164.605,-1.0114,-6.6990,-162.864,-0.0204,-0.0094,0.0224,1.740,0.2083,3.3019,2.033,-1.5737,-9.9513,-164.898,3.050,-1.7580,95.851,0.2675,0.0244,0.0299,1.2246,3.0911,3.0736,nan,2.8258,2.8859,0.1143,-0.4451,0.8169,0.0216,0.0228,-0.6262,13.9790,0.0348,-2.0549,0.1510
24.550,94.253,-1.1658,-6.7454,-169.708,-1.1471,-6.7348,-167.721,-0.0203,-0.0070,0.0215,1.987,0.2692,3.2849,1.654,-1.7050,-9.9747,-169.376,2.959,-1.9192,95.991,0.2708,0.0227,0.0292,1.2864,2.9666,2.9705,nan,2.8299,2.9463,0.1167,-0.4817,0.8169,0.0219,-0.0005,-0.6666,14.1181,0.0800,-1.6970,0.1510
24.600,94.516,-1.4277,-6.7714,-179.526,-1.4089,-6.7549,-178.049,-0.0189,-0.0164,0.0250,1.477,0.3833,3.2620,0.928,-1.9543,-9.9865,-178.977,2.744,-1.9201,96.251,0.2798,0.0196,0.0327,1.6674,2.7515,2.7272,nan,2.8215,2.8748,0.1139,-0.5417,0.8169,0.0195,0.0115,-0.7144,14.2572,0.0308,-3.2384,0.1510
24.650,94.640,-1.5514,-6.7672,175.190,-1.5585,-6.7440,175.733,0.0090,-0.0225,0.0242,0.543,0.4610,3.2471,0.438,-2.0958,-9.9754,175.295,2.759,-2.0925,96.381,0.2609,0.0186,0.0327,1.7588,2.8308,2.8697,nan,2.8062,2.8477,0.1128,-0.5268,0.8169,0.0128,-0.0074,-0.7701,14.3963,0.0800,-0.6652,0.1510
24.700,94.771,-1.6817,-6.7499,169.189,-1.7047,-6.7094,168.416,0.0302,-0.0354,0.0466,-0.772,0.7127,3.1964,-1.151,-2.2180,-9.9523,169.567,2.720,-2.2667,96.516,0.2678,0.0169,0.0272,1.6083,2.7475,2.7572,nan,2.8908,2.9997,0.1188,-0.5231,0.8169,-0.0009,0.0295,-0.8766,14.6049,0.0630,-0.2815,0.1510
24.750,94.898,-1.8051,-6.7199,163.127,-1.8481,-6.6657,161.711,0.0569,-0.0394,0.0692,-1.415,0.7532,3.1841,-1.434,-2.3540,-9.9118,163.145,2.693,-2.2361,96.647,0.2539,0.0137,0.0254,1.8515,2.8525,2.8989,nan,2.9574,3.0275,0.1199,-0.5057,0.8477,-0.0079,0.0155,-0.8741,14.7440,0.0406,-1.5140,0.1510
24.800,95.026,-1.9253,-6.6769,157.048,-1.9601,-6.6201,155.935,0.0542,-0.0388,0.0666,-1.113,0.6737,3.1980,-0.898,-2.4795,-9.8582,156.834,2.741,-2.2640,96.785,0.2473,0.0119,0.0226,1.9093,2.8172,2.8347,nan,3.0227,3.1372,0.1242,-0.4990,0.8398,-0.0099,0.0209,-0.8837,14.8831,0.0800,-1.1406,0.1510
24.850,95.162,-2.0474,-6.6177,150.825,-2.0838,-6.5513,150.197,0.0641,-0.0402,0.0757,-0.627,0.6136,3.2143,-0.591,-2.5964,-9.7929,150.789,2.789,-2.2228,96.929,0.2521,0.0113,0.0254,2.2477,2.7832,2.8007,nan,3.0866,3.1942,0.1265,-0.4842,0.8495,-0.0086,0.0385,-0.8283,15.0222,0.0623,0.0286,0.1510
24.900,95.294,-2.1599,-6.5476,144.813,-2.2020,-6.4650,143.767,0.0820,-0.0433,0.0927,-1.046,0.7092,3.1867,-1.133,-2.7198,-9.7073,144.900,2.851,-2.2416,97.072,0.2406,0.0128,0.0278,2.1674,2.9412,3.0085,nan,3.1745,3.1961,0.1266,-0.4897,0.9149,0.0012,0.0473,-0.7847,15.1613,0.0125,-0.1045,0.1510
24.950,95.427,-2.2648,-6.4660,138.978,-2.3070,-6.3723,137.412,0.0933,-0.0430,0.1027,-1.566,0.7581,3.1661,-1.401,-2.8310,-9.6106,138.813,2.920,-2.2235,97.216,0.2347,0.0145,0.0283,1.9528,3.0314,3.0752,nan,3.2441,3.2448,0.1285,-0.4621,0.9316,0.0011,0.0811,-0.7317,15.3699,0.0004,0.2424,0.1510
25.000,95.565,-2.3644,-6.3705,132.884,-2.3958,-6.2703,131.188,0.0948,-0.0452,0.1051,-1.697,0.8535,3.1322,-1.949,-2.9277,-9.5075,133.137,2.955,-2.2741,97.363,0.2382,0.0168,0.0279,1.6587,3.0467,3.0739,nan,3.2830,3.3012,0.1307,-0.4577,0.9488,0.0043,0.0682,-0.6997,15.5090,0.0106,0.3427,0.1510
25.050,95.696,-2.4494,-6.2705,127.385,-2.4966,-6.1420,124.268,0.1307,-0.0405,0.1369,-3.117,0.8892,3.1174,-2.167,-3.0332,-9.3808,126.436,3.006,-2.1775,97.502,0.2220,0.0199,0.0345,1.7300,3.1602,3.2125,nan,3.3498,3.3388,0.1322,-0.4265,0.9488,0.0085,0.0330,-0.6754,15.6481,-0.0064,-0.1981,0.1510
25.100,95.696,-2.4494,-6.2705,127.385,-2.4966,-6.1420,124.268,0.1307,-0.0405,0.1369,-3.117,0.8892,3.1174,-2.167,-3.0332,-9.3808,126.436,3.006,-2.1775,97.502,0.2220,0.0199,0.0345,1.7300,2.8806,2.8239,nan,3.4290,3.3839,0.1340,-0.3975,0.9487,0.0042,0.0353,-0.6582,15.7872,0.0800,0.0644,0.1510
25.150,95.979,-2.5986,-6.0300,115.684,-2.6064,-5.9252,113.447,0.0978,-0.0384,0.1051,-2.237,1.0178,3.0795,-3.005,-3.1472,-9.1823,116.451,3.078,-2.2069,97.802,0.2520,0.0352,0.0490,1.3935,3.1773,3.4271,nan,3.5612,3.6183,0.1433,-0.3770,0.9488,-0.0101,0.0465,-0.6498,15.9959,0.0800,-0.3027,0.1510
25.200,96.122,-2.6546,-5.8988,110.195,-2.6518,-5.7328,106.843,0.1548,-0.0599,0.1660,-3.352,1.0040,3.0674,-2.882,-3.2087,-8.9729,109.725,3.120,-2.0756,97.952,0.2604,0.0377,0.0595,1.5772,3.1587,3.1813,nan,3.6552,3.6823,0.1458,-0.3202,1.0704,-0.0152,0.0282,-0.5979,16.1350,0.0800,-0.1043,0.1510
25.250,96.270,-2.6997,-5.7579,104.876,-2.6861,-5.6081,102.369,0.1413,-0.0516,0.1504,-2.507,0.9122,3.0942,-2.326,-3.2421,-8.8412,104.696,3.172,-1.9689,98.188,0.2688,0.0428,0.0658,1.5387,3.2954,3.3579,nan,3.8023,3.9069,0.1547,-0.3084,1.1379,-0.0016,0.0632,-0.5290,16.3436,0.0800,0.1375,0.1510
25.300,96.576,-2.7531,-5.4563,95.230,-2.7140,-5.2935,92.282,0.1586,-0.0538,0.1675,-2.949,0.9026,3.0790,-2.244,-3.2860,-8.5077,94.526,3.414,-1.6786,98.436,0.2882,0.0502,0.0731,1.4563,3.4349,3.5003,nan,3.9555,4.0821,0.1617,-0.2726,1.2294,-0.0000,0.0416,-0.4866,16.4827,0.0800,1.3139,0.1510
25.350,96.737,-2.7622,-5.2957,90.783,-2.7117,-5.1311,88.428,0.1639,-0.0527,0.1722,-2.355,0.8799,3.0757,-2.095,-3.2892,-8.3326,90.523,3.562,-1.7078,98.610,0.2993,0.0541,0.0711,1.3128,3.4965,3.5373,nan,4.1139,4.1719,0.1652,-0.2660,1.2771,0.0086,0.0467,-0.4468,16.6218,0.0800,3.8283,0.1510
25.400,96.916,-2.7584,-5.1166,86.346,-2.7074,-5.0080,85.090,0.1117,-0.0440,0.1200,-1.256,0.7461,3.0879,-1.231,-3.2787,-8.1683,86.321,3.734,-1.5825,98.804,0.2998,0.0733,0.0866,1.1808,3.5372,3.5736,nan,4.2221,4.2486,0.1683,-0.2336,1.3301,0.0205,0.0607,-0.3911,16.8304,0.0800,2.0041,0.1510
25.450,97.091,-2.7416,-4.9426,82.203,-2.6752,-4.8059,80.288,0.1445,-0.0472,0.1520,-1.915,0.8168,3.0272,-1.758,-3.2500,-7.9365,82.046,3.855,-1.5896,98.990,0.3352,0.0697,0.0911,1.3061,3.8322,4.2608,nan,4.4441,4.5865,0.1816,-0.2092,1.4823,0.0366,0.0695,-0.3388,17.0391,0.0774,2.2323,0.1510
25.500,97.279,-2.7103,-4.7571,78.228,-2.6358,-4.6530,76.457,0.1171,-0.0517,0.1280,-1.771,0.7731,3.0339,-1.451,-3.2132,-7.7707,77.907,3.970,-1.4399,99.189,0.3309,0.0669,0.0777,1.1603,3.8870,3.9299,nan,4.6140,4.6799,0.1853,-0.1507,1.5315,0.0288,0.0279,-0.3053,17.1782,0.0800,1.6053,0.1510
25.550,97.467,-2.6671,-4.5748,74.699,-2.5861,-4.4659,73.713,0.1264,-0.0494,0.1357,-0.986,0.6707,3.0646,-0.741,-3.1592,-7.5719,74.453,4.164,-1.3494,99.393,0.3480,0.0623,0.0702,1.1264,4.0945,4.2119,nan,4.8414,4.9512,0.1961,-0.1176,1.6356,0.0375,0.0497,-0.2398,17.4564,0.0800,1.3842,0.1510
25.600,97.662,-2.6112,-4.3872,71.952,-2.5173,-4.2610,70.765,0.1491,-0.0502,0.1573,-1.186,0.6079,3.0844,-0.284,-3.0888,-7.3608,71.050,4.329,-1.0107,99.601,0.3720,0.0588,0.0666,1.1325,4.3187,4.4678,nan,5.0086,5.1361,0.2034,-0.0986,1.6326,0.0565,0.0485,-0.1915,17.6650,0.0610,3.0878,0.1510
25.650,97.871,-2.5429,-4.1899,69.702,-2.4483,-4.0683,69.043,0.1469,-0.0466,0.1541,-0.659,0.5825,3.0889,-0.122,-3.0155,-7.1636,69.165,4.535,-0.8271,99.826,0.3763,0.0551,0.0557,1.0123,4.3699,4.4222,nan,5.1684,5.3161,0.2105,-0.1083,1.5883,0.0806,0.0751,-0.1435,17.8736,0.0800,2.4910,0.1510
25.700,98.099,-2.4605,-3.9778,67.673,-2.3752,-3.8780,68.200,0.1247,-0.0410,0.1313,0.527,0.4647,3.1055,0.721,-2.9275,-6.9472,67.479,4.731,-0.7229,100.070,0.3833,0.0514,0.0450,0.8756,4.5665,4.7044,nan,5.1499,5.1545,0.2041,-0.1014,1.5455,0.1098,0.0812,-0.0954,18.0823,0.0021,3.2786,0.1510
25.750,98.311,-2.3770,-3.7827,65.657,-2.2649,-3.6297,66.282,0.1856,-0.0391,0.1897,0.625,0.4969,3.1009,0.533,-2.8243,-6.7047,65.749,4.902,-0.8182,100.297,0.4250,0.0477,0.0419,0.8776,4.8441,5.1925,nan,4.7895,4.7480,0.1880,-0.0975,1.4842,0.1491,0.0870,-0.0312,18.3605,-0.0198,2.9538,0.1510
25.800,98.547,-2.2760,-3.5688,63.528,-2.1749,-3.4400,64.391,0.1604,-0.0331,0.1638,0.864,0.4361,3.1120,0.994,-2.7242,-6.5057,63.397,4.949,-0.7717,100.539,0.4161,0.0503,0.0533,1.0604,4.8530,4.9044,nan,4.5903,4.4648,0.1768,-0.0130,1.4842,0.1478,0.0347,0.0333,18.6387,-0.0800,3.0271,0.1510
25.850,98.782,-2.1684,-3.3608,61.496,-2.0774,-3.2334,63.715,0.1554,-0.0191,0.1566,2.219,0.2906,3.1614,2.204,-2.6122,-6.2990,61.511,4.817,-0.7227,100.765,0.4192,0.0426,0.0423,0.9929,4.8955,4.9594,nan,4.4663,4.5039,0.1784,0.0295,1.4842,0.1502,0.0049,0.0657,18.7778,-0.0800,-2.2876,0.1510
25.900,98.999,-2.0636,-3.1709,60.974,-1.9675,-3.0112,62.296,0.1863,-0.0065,0.1864,1.322,0.2255,3.1963,2.813,-2.4950,-6.0924,59.483,4.632,-0.0873,100.969,0.4385,0.0367,0.0406,1.1067,4.4907,4.2074,nan,4.2961,3.9956,0.1582,0.0249,1.4842,0.1860,0.0348,0.1306,19.0559,0.0800,-3.1266,0.1510
25.950,99.222,-1.9544,-2.9754,60.720,-1.8911,-2.8626,62.991,0.1294,-0.0000,0.1294,2.271,0.2899,3.1764,2.255,-2.4170,-5.9484,60.735,4.516,-0.0871,101.185,0.3853,0.0326,0.0306,0.9396,4.5101,4.5569,nan,4.1117,4.0899,0.1620,0.0939,1.4842,0.1917,-0.0012,0.1792,19.2646,0.0800,-1.7540,0.1510
26.000,99.433,-1.8514,-2.7914,61.150,-1.7843,-2.6620,62.237,0.1457,0.0037,0.1458,1.088,0.3406,3.1510,1.756,-2.3020,-5.7451,60.482,4.461,0.2046,101.393,0.4054,0.0284,0.0296,1.0419,4.3641,4.3719,nan,4.0875,4.0211,0.1593,0.1344,1.4842,0.1893,-0.0227,0.2270,19.4732,0.0800,-0.8869,0.1510
26.050,99.641,-1.7518,-2.6093,61.619,-1.6953,-2.4931,63.081,0.1291,0.0056,0.1292,1.462,0.3794,3.1277,1.372,-2.2087,-5.5695,61.708,4.207,0.1666,101.585,0.3966,0.0257,0.0259,1.0067,4.0748,4.0224,nan,4.1161,4.1475,0.1643,0.1926,1.4842,0.1741,-0.0761,0.2752,19.6819,0.0178,-3.9910,0.1510
26.100,99.836,-1.6603,-2.4369,63.034,-1.6177,-2.3499,62.797,0.0969,0.0014,0.0969,-0.237,0.4414,3.0937,0.727,-2.1280,-5.4170,62.069,4.106,0.6053,101.774,0.3775,0.0249,0.0239,0.9589,4.0103,4.0332,nan,4.1898,4.3262,0.1713,0.2083,1.4842,0.1615,-0.0887,0.3243,19.8905,0.0788,-1.5416,0.1510
26.150,100.219,-1.4992,-2.0895,68.302,-1.4645,-1.9939,67.890,0.1016,0.0031,0.1017,-0.412,0.4771,3.1010,0.441,-1.9807,-5.0798,67.449,4.008,1.2100,102.155,0.3605,0.0177,0.0202,1.1444,3.8986,3.9128,nan,4.2830,4.2186,0.1671,0.2271,1.4466,0.1471,-0.1071,0.3751,20.0991,0.0800,-1.4641,0.1510
26.200,100.405,-1.4346,-1.9149,71.737,-1.3982,-1.7963,71.778,0.1240,0.0026,0.1241,0.041,0.4924,3.0969,0.287,-1.9150,-4.8837,71.491,4.079,1.3239,102.349,0.3720,0.0210,0.0327,1.5557,4.0970,4.2072,nan,4.4257,4.5621,0.1807,0.2166,1.5047,0.1339,-0.1238,0.3905,20.3773,0.0800,-0.1118,0.1510
26.250,100.593,-1.3806,-1.7352,75.497,-1.3520,-1.6039,75.473,0.1343,0.0052,0.1344,-0.023,0.5068,3.0821,0.048,-1.8628,-4.6844,75.425,4.075,1.4448,102.539,0.3809,0.0185,0.0274,1.4794,4.1704,4.2237,nan,4.5830,4.7177,0.1868,0.2162,1.5332,0.1118,-0.1331,0.3555,20.5860,0.0708,1.0050,0.1510
26.300,100.796,-1.3354,-1.5368,79.468,-1.3245,-1.4411,78.846,0.0961,0.0068,0.0963,-0.622,0.5557,3.0526,-0.609,-1.8324,-4.5134,79.455,4.220,1.4245,102.757,0.3538,0.0163,0.0245,1.5035,3.9479,3.9327,nan,4.6242,4.5635,0.1807,0.1926,1.5317,0.1049,-0.1061,0.3333,20.7251,0.0800,-0.3092,0.1510
26.350,100.998,-1.3041,-1.3373,83.358,-1.2903,-1.2024,82.978,0.1356,0.0019,0.1356,-0.379,0.5305,3.0657,-0.254,-1.8019,-4.2761,83.232,4.357,1.4614,102.972,0.3739,0.0131,0.0312,2.3856,4.2374,4.5484,nan,4.8391,4.9411,0.1957,0.1974,1.5887,0.0725,-0.1338,0.2909,21.0033,0.0800,1.9888,0.1507
26.400,101.200,-1.2860,-1.1368,86.863,-1.2801,-1.0005,86.659,0.1364,0.0016,0.1364,-0.203,0.5582,3.0265,-0.676,-1.7906,-4.0484,87.336,4.388,1.3164,103.178,0.3852,0.0092,0.0278,3.0272,4.4816,4.6737,nan,5.0654,5.2172,0.2066,0.1747,1.6227,0.0468,-0.1256,0.2501,21.2815,0.0722,1.9604,0.1507
26.450,101.414,-1.2801,-0.9223,90.617,-1.2753,-0.8539,89.089,0.0684,-0.0055,0.0686,-1.528,0.6034,2.9661,-1.287,-1.7925,-3.8612,90.376,4.543,1.3883,103.408,0.3621,0.0061,0.0223,3.6742,4.3425,4.3524,nan,5.1116,5.1280,0.2031,0.1674,1.6416,0.0308,-0.1162,0.2300,21.4205,0.0800,0.1741,0.1507
26.500,101.628,-1.2877,-0.7087,94.007,-1.2790,-0.6275,92.024,0.0804,-0.0143,0.0817,-1.982,0.6712,2.9043,-2.258,-1.8096,-3.6058,94.282,4.736,1.2857,103.641,0.3819,0.0036,0.0362,10.0317,4.6237,4.9502,nan,5.3452,5.4748,0.2168,0.1410,1.6803,0.0019,-0.1076,0.1904,21.6987,0.0800,2.3484,0.1507
26.550,101.838,-1.3073,-0.4990,97.148,-1.3148,-0.3655,96.548,0.1334,-0.0091,0.1337,-0.600,0.5823,2.9529,-1.075,-1.8345,-3.3535,97.624,4.824,1.2480,103.861,0.4087,0.0020,0.0246,12.3902,4.8578,5.0682,nan,5.5315,5.6840,0.2251,0.1435,1.7101,-0.0407,-0.1076,0.1610,21.9074,0.0662,3.1764,0.1507
26.600,102.085,-1.3437,-0.2552,100.295,-1.3607,-0.1599,100.258,0.0968,-0.0003,0.0968,-0.037,0.5232,3.0046,-0.264,-1.8693,-3.1731,100.523,5.021,1.0965,104.127,0.3652,0.0008,0.0056,6.6842,4.5612,4.4929,nan,5.6231,5.4642,0.2164,0.0834,1.7409,-0.0242,-0.0656,0.1318,22.1160,0.0800,1.2777,0.1507
26.650,102.331,-1.3931,-0.0146,103.421,-1.4493,0.1566,103.664,0.1795,0.0150,0.1802,0.243,0.4721,3.0261,0.360,-1.9394,-2.8574,103.305,5.201,1.1508,104.391,0.4052,0.0157,0.0352,2.2328,4.7631,5.6317,nan,5.8820,5.7250,0.2267,0.0548,1.6870,-0.0427,-0.0531,0.0736,22.5333,0.0800,2.9140,0.1507
26.700,102.582,-1.4554,0.2286,105.434,-1.5284,0.4040,106.849,0.1885,0.0237,0.1900,1.415,0.4795,3.0117,0.186,-2.0163,-2.6012,106.664,5.247,0.6712,104.648,0.4066,0.0101,0.0402,3.9733,5.0465,5.5343,nan,5.7277,5.8261,0.2307,-0.0221,1.6494,-0.0175,0.0060,0.0347,22.8115,0.0407,2.8692,0.1507
26.750,102.842,-1.5275,0.4790,106.756,-1.5807,0.6040,106.950,0.1351,0.0149,0.1359,0.194,0.5197,2.9631,-0.354,-2.0858,-2.3720,107.304,5.378,0.4547,104.921,0.3913,0.0089,0.0214,2.3935,5.1434,5.2407,nan,5.4529,5.2688,0.2087,-0.0129,1.6219,-0.0342,-0.0212,0.0055,23.0201,-0.0749,0.5205,0.1507
26.800,103.103,-1.6053,0.7283,108.026,-1.6546,0.8407,107.665,0.1222,0.0121,0.1228,-0.361,0.5276,2.9339,-0.307,-2.1710,-2.1048,107.972,5.494,0.4648,105.194,0.4011,0.0091,0.0175,1.9316,5.4179,5.8660,nan,5.1259,4.9845,0.1974,-0.0216,1.5760,-0.0607,-0.0242,-0.0421,23.3679,-0.0800,1.8419,0.1507
26.850,103.363,-1.6864,0.9753,107.891,-1.7636,1.1390,109.185,0.1795,0.0232,0.1810,1.294,0.5080,2.9618,-0.123,-2.2677,-1.8277,109.308,5.563,-0.1923,105.462,0.4175,0.0063,0.0373,5.9132,5.4809,5.5726,nan,4.9390,4.7853,0.1895,-0.0001,1.5484,-0.0838,-0.0617,-0.0704,23.5765,-0.0692,1.1551,0.1507
26.900,103.627,-1.7668,1.2259,107.559,-1.8357,1.3768,107.137,0.1647,0.0201,0.1659,-0.422,0.5093,2.9596,-0.240,-2.3383,-1.5925,107.377,5.406,-0.1132,105.714,0.4098,0.0066,0.0240,3.6254,5.3786,5.4052,nan,4.7000,4.8307,0.1913,-0.0433,1.5108,-0.0875,-0.0360,-0.1082,23.8547,0.0668,-2.7266,0.1507
26.950,103.875,-1.8412,1.4630,107.093,-1.9064,1.6058,107.035,0.1556,0.0204,0.1570,-0.057,0.5095,2.9569,-0.222,-2.4107,-1.3605,107.257,5.186,-0.1809,105.946,0.4068,0.0054,0.0308,5.6907,5.0838,5.0073,nan,4.5281,4.6319,0.1834,-0.0684,1.4814,-0.0961,-0.0242,-0.1364,24.0633,0.0800,-3.6860,0.1507
27.000,104.345,-1.9782,1.9123,107.037,-1.9582,1.7955,106.343,-0.1175,0.0151,0.1185,-0.694,0.5216,2.9278,-0.240,-2.4751,-1.1427,106.583,4.980,-0.0023,106.394,0.3207,0.0438,0.0230,0.5252,4.7222,4.5690,nan,4.4721,4.3019,0.1704,-0.1120,1.4505,-0.0956,0.0204,-0.1648,24.2720,0.0800,-3.3817,0.1507
27.050,104.565,-2.0382,2.1241,105.010,-2.0614,2.1690,105.105,0.0493,0.0108,0.0505,0.095,0.5350,2.8919,-0.287,-2.5927,-0.7359,105.392,4.717,-0.5021,106.605,0.3867,0.0022,0.0136,6.2629,4.6509,4.6790,nan,4.3621,4.2829,0.1696,-0.1148,1.4174,-0.1044,0.0163,-0.1932,24.4806,0.0800,-1.8570,0.1507
27.100,104.794,-2.0945,2.3463,102.868,-2.1078,2.3534,104.034,0.0098,0.0114,0.0150,1.166,0.5301,2.9025,0.490,-2.6425,-0.5265,103.544,4.471,-0.7834,106.818,0.3811,0.0027,0.0196,7.1917,4.4545,4.4458,nan,4.2016,4.1195,0.1631,-0.1388,1.3944,-0.1033,0.0199,-0.2123,24.6197,0.0800,-2.5187,0.1507
27.150,105.014,-2.1401,2.5613,100.612,-2.1385,2.5270,101.556,-0.0340,0.0047,0.0344,0.944,0.5316,2.9066,0.824,-2.6753,-0.3411,100.731,4.335,-0.7797,107.030,0.3686,0.0033,0.0062,1.8821,4.2317,4.2136,nan,4.0972,3.9429,0.1562,-0.1430,1.3699,-0.1120,0.0118,-0.2412,24.8284,0.0800,-3.7387,0.1507
27.200,105.222,-2.1748,2.7667,98.077,-2.1723,2.7156,100.001,-0.0509,0.0047,0.0511,1.924,0.5315,2.9092,1.483,-2.7079,-0.1236,98.518,4.179,-0.9081,107.230,0.3786,0.0109,0.0177,1.6187,4.3680,4.4528,nan,3.9449,4.0535,0.1605,-0.1639,1.2094,-0.1116,0.0251,-0.2708,25.0370,0.0629,-2.0508,0.1507
27.250,105.411,-2.1980,2.9536,95.674,-2.1975,2.8949,97.557,-0.0585,0.0053,0.0587,1.883,0.5282,2.9195,1.892,-2.7250,0.0655,95.665,4.022,-0.8978,107.410,0.3844,0.0095,0.0156,1.6531,4.2588,4.2754,nan,3.7979,3.8477,0.1524,-0.1858,1.1717,-0.1087,0.0369,-0.3017,25.2456,0.0288,-2.4210,0.1507
27.300,105.599,-2.2130,3.1411,92.941,-2.2146,3.0455,95.599,-0.0954,0.0065,0.0956,2.657,0.5293,2.9290,2.321,-2.7369,0.2276,93.277,3.986,-1.0209,107.598,0.3693,0.0099,0.0186,1.8764,3.9499,3.8846,nan,3.7039,3.7676,0.1492,-0.2123,1.0688,-0.0981,0.0431,-0.3229,25.3847,0.0800,-2.6594,0.1507
27.350,105.783,-2.2184,3.3252,89.935,-2.2218,3.2392,92.401,-0.0860,0.0033,0.0861,2.467,0.5310,2.9180,2.315,-2.7377,0.4322,90.087,3.862,-1.1221,107.777,0.3866,0.0103,0.0109,1.0543,4.0032,4.0468,nan,3.6150,3.6764,0.1456,-0.2512,1.0434,-0.0907,0.0584,-0.3560,25.5934,0.0355,-0.6076,0.1507
27.400,105.965,-2.2136,3.5077,86.516,-2.2251,3.3927,89.480,-0.1155,0.0045,0.1156,2.963,0.5313,2.9284,2.674,-2.7318,0.5924,86.806,3.755,-1.2437,107.955,0.3724,0.0120,0.0160,1.3321,3.7234,3.6786,nan,3.5340,3.6060,0.1428,-0.2595,1.0434,-0.0887,0.0721,-0.3913,25.8020,0.0800,-2.0796,0.1507
27.450,106.146,-2.1974,3.6881,82.548,-2.2109,3.5958,85.686,-0.0933,0.0014,0.0933,3.138,0.5321,2.9517,2.723,-2.7093,0.7736,82.964,3.654,-1.4341,108.133,0.3778,0.0151,0.0121,0.8056,3.6532,3.6723,nan,3.4686,3.5566,0.1409,-0.2976,1.0414,-0.0828,0.0609,-0.4163,25.9411,0.0800,-1.7461,0.1507
27.500,106.323,-2.1690,3.8625,78.448,-2.1856,3.7536,81.661,-0.1100,-0.0055,0.1101,3.213,0.5354,2.9596,3.072,-2.6746,0.9387,78.589,3.569,-1.4502,108.308,0.3768,0.0201,0.0112,0.5572,3.5701,3.5866,nan,3.3563,3.4840,0.1380,-0.3276,1.0414,-0.0782,0.0637,-0.4570,26.1498,0.0739,-1.6203,0.1507
27.550,106.496,-2.1287,4.0305,73.945,-2.1480,3.9350,77.720,-0.0971,-0.0079,0.0974,3.776,0.5380,2.9772,3.280,-2.6267,1.1099,74.440,3.492,-1.6281,108.480,0.3847,0.0226,0.0187,0.8293,3.6028,3.6381,nan,3.2267,3.1952,0.1265,-0.3304,0.8944,-0.0712,0.0938,-0.5025,26.3584,-0.0183,-1.4680,0.1507
27.600,106.661,-2.0772,4.1877,69.150,-2.1038,4.0857,73.657,-0.1047,-0.0114,0.1054,4.507,0.5491,3.0098,4.283,-2.5651,1.2710,69.375,3.413,-1.7526,108.645,0.3951,0.0218,0.0221,1.0114,3.5562,3.5781,nan,3.1010,2.9655,0.1174,-0.3389,0.8944,-0.0644,0.0694,-0.5354,26.4975,-0.0784,-1.3387,0.1507
27.650,106.820,-2.0151,4.3342,64.437,-2.0456,4.2372,68.944,-0.1007,-0.0143,0.1017,4.507,0.5574,3.0356,4.651,-2.4970,1.4087,64.293,3.237,-1.6717,108.798,0.3946,0.0205,0.0206,1.0038,3.3810,3.3765,nan,3.0740,3.0365,0.1203,-0.3741,0.8944,-0.0595,0.0647,-0.5620,26.6366,-0.0217,-1.4793,0.1507
27.700,106.961,-1.9502,4.4588,60.161,-1.9798,4.3901,64.242,-0.0743,-0.0085,0.0748,4.081,0.5563,3.0514,4.589,-2.4209,1.5373,59.653,3.031,-1.6073,108.931,0.4060,0.0171,0.0245,1.4318,3.1922,3.1816,nan,3.0260,3.1193,0.1235,-0.4183,0.8944,-0.0485,0.1149,-0.5925,26.8452,0.0540,-2.9291,0.1507
27.750,107.119,-1.8659,4.5925,54.916,-1.9288,4.4749,60.440,-0.1324,-0.0161,0.1334,5.525,0.5563,3.0514,4.589,-2.3633,1.6177,55.852,2.954,-1.7328,109.089,0.3544,0.0179,0.0264,1.4745,2.8286,2.6645,nan,3.0260,3.1486,0.1247,-0.4810,0.8436,-0.0380,0.0876,-0.6035,26.9148,0.0800,-3.6239,0.1507
27.800,107.258,-1.7816,4.7029,49.816,-1.8073,4.6600,54.434,-0.0493,-0.0080,0.0500,4.617,0.5592,3.0634,4.363,-2.2381,1.7720,50.071,2.960,-1.9409,109.233,0.4123,0.0160,0.0275,1.7207,3.1262,3.3785,nan,2.9106,2.9871,0.1183,-0.4355,0.8163,-0.0186,0.1072,-0.6506,27.1234,0.0443,-1.2132,0.1507
27.850,107.400,-1.6852,4.8073,44.104,-1.7290,4.7450,49.073,-0.0748,-0.0143,0.0761,4.970,0.5592,3.0634,4.363,-2.1536,1.8508,44.711,2.959,-2.1929,109.381,0.3886,0.0269,0.0203,0.7534,2.9625,2.9572,nan,2.8153,2.8593,0.1132,-0.4830,0.8163,-0.0120,0.0823,-0.7095,27.2625,0.0255,-0.2800,0.1507
27.900,107.535,-1.5845,4.8967,38.767,-1.6139,4.8570,42.617,-0.0478,-0.0125,0.0494,3.850,0.5545,3.0629,4.308,-2.0276,1.9519,38.309,2.897,-1.9842,109.516,0.4164,0.0243,0.0216,0.8872,2.9247,2.9427,nan,2.9104,3.0197,0.1196,-0.4950,0.8163,-0.0113,0.1194,-0.7416,27.4712,0.0800,-1.6375,0.1507
27.950,107.667,-1.4779,4.9752,33.568,-1.5213,4.9287,37.850,-0.0619,-0.0147,0.0636,4.282,0.5497,3.0606,4.306,-1.9249,2.0183,33.544,2.864,-1.9603,109.650,0.4069,0.0220,0.0182,0.8256,2.9087,2.9296,nan,2.9711,3.0185,0.1195,-0.5002,0.8163,0.0007,0.1268,-0.7787,27.6103,0.0274,-1.0546,0.1507
28.000,107.796,-1.3672,5.0419,28.129,-1.4056,5.0033,32.463,-0.0521,-0.0159,0.0544,4.334,0.5442,3.0548,4.085,-1.8061,2.0825,28.378,2.770,-2.1050,109.848,0.4127,0.0193,0.0171,0.8847,2.8052,2.8119,nan,2.9989,3.1252,0.1238,-0.5359,0.8163,0.0120,0.1207,-0.8263,27.7493,0.0800,-1.9842,0.1507
28.050,108.050,-1.1328,5.1398,16.705,-1.1650,5.1149,20.629,-0.0380,-0.0146,0.0407,3.924,0.5420,3.0548,4.103,-1.5552,2.1770,16.526,2.817,-2.2160,110.048,0.4257,0.0144,0.0118,0.8149,2.9007,2.9448,nan,3.0694,3.1420,0.1244,-0.5028,0.8728,0.0225,0.1242,-0.8335,0.0696,0.0420,-0.1216,0.1507
28.100,108.186,-1.0008,5.1723,10.262,-1.0364,5.1478,14.251,-0.0394,-0.0177,0.0432,3.989,0.5263,3.0417,3.653,-1.4253,2.2014,10.598,2.849,-2.4084,110.195,0.4201,0.0124,0.0108,0.8728,2.8301,2.8425,nan,3.0877,3.1345,0.1241,-0.5270,0.8743,0.0291,0.1207,-0.7958,0.2086,0.0271,-0.4312,0.1507
28.150,108.324,-0.8641,5.1899,3.956,-0.8650,5.1658,4.911,-0.0025,-0.0240,0.0241,0.955,0.4556,2.9847,1.415,-1.2663,2.2130,3.495,2.888,-2.2849,110.341,0.4377,0.0239,0.0115,0.4835,2.9781,3.0416,nan,3.1531,3.1392,0.1243,-0.4781,0.8987,0.0320,0.0757,-0.7649,0.3477,-0.0081,-0.2985,0.1507
28.200,108.466,-0.7225,5.1923,-2.675,-0.7439,5.1756,-0.057,-0.0206,-0.0177,0.0271,2.618,0.4650,3.0015,2.033,-1.1310,2.2156,-2.090,2.893,-2.3983,110.491,0.4320,0.0217,0.0108,0.4977,2.9703,2.9929,nan,3.2222,3.2806,0.1299,-0.4806,0.8987,0.0445,0.0594,-0.7420,0.4868,0.0338,-0.3111,0.1507
28.250,108.600,-0.5892,5.1797,-8.505,-0.5803,5.1564,-6.975,0.0122,-0.0217,0.0249,1.530,0.4707,3.0067,2.294,-0.9642,2.1900,-9.268,2.924,-2.1916,110.632,0.4577,0.0186,0.0125,0.6756,3.1634,3.2533,nan,3.2971,3.3000,0.1307,-0.4257,0.8987,0.0527,0.0874,-0.7210,0.6955,0.0017,-0.7534,0.1507
28.300,108.741,-0.4501,5.1518,-14.671,-0.4693,5.1318,-12.447,-0.0135,-0.0242,0.0278,2.224,0.4496,3.0044,1.988,-0.8445,2.1579,-14.435,2.987,-2.2589,110.785,0.4381,0.0185,0.0024,0.1274,2.9548,2.9352,nan,3.3741,3.3668,0.1333,-0.4854,0.8987,0.0552,0.0550,-0.7244,0.7650,0.0800,-0.4411,0.1507
28.350,108.884,-0.3140,5.1096,-20.187,-0.3195,5.0814,-19.043,0.0046,-0.0283,0.0287,1.144,0.4285,3.0009,1.628,-0.6886,2.1009,-20.671,3.063,-2.0406,110.936,0.4514,0.0159,0.0009,0.0581,3.1554,3.2500,nan,3.4932,3.5863,0.1420,-0.4277,1.0280,0.0600,0.0718,-0.6482,0.9737,0.0539,0.2893,0.1505
28.400,109.026,-0.1834,5.0549,-25.901,-0.1748,5.0136,-24.856,0.0258,-0.0334,0.0422,1.045,0.4030,2.9874,0.832,-0.5483,2.0344,-25.688,3.096,-2.2590,111.087,0.4569,0.0137,0.0000,0.0036,3.2334,3.2758,nan,3.6216,3.7243,0.1475,-0.4080,1.0869,0.0651,0.0703,-0.6076,1.1128,0.0595,0.3666,0.1505
28.450,109.177,-0.0500,4.9823,-31.815,-0.0444,4.9373,-30.705,0.0285,-0.0353,0.0454,1.111,0.4221,2.9927,1.324,-0.4215,1.9548,-32.029,3.219,-2.1621,111.253,0.4485,0.0102,0.0000,0.0000,3.1955,3.2157,nan,3.7090,3.7877,0.1500,-0.3654,1.0925,0.0547,0.0093,-0.5723,1.2519,0.0800,-0.3486,0.1505
28.500,109.328,0.0747,4.8971,-37.409,0.0957,4.8325,-37.042,0.0560,-0.0385,0.0679,0.367,0.3910,2.9867,0.490,-0.2795,1.8482,-37.531,3.337,-2.1332,111.419,0.4595,0.0062,0.0002,0.0251,3.4114,3.5226,nan,3.8406,3.9482,0.1564,-0.3440,1.1941,0.0660,0.0335,-0.5243,1.4605,0.0623,1.1599,0.1505
28.550,109.485,0.1950,4.7971,-42.592,0.2093,4.7264,-42.561,0.0584,-0.0423,0.0721,0.031,0.3808,2.9987,0.662,-0.1515,1.7296,-43.223,3.453,-1.9659,111.588,0.4630,0.0236,0.0206,0.8735,3.5330,3.5922,nan,3.9722,4.0586,0.1607,-0.2849,1.2711,0.0579,0.0193,-0.4697,1.6691,0.0500,1.2413,0.1505
28.600,109.654,0.3147,4.6776,-47.842,0.3303,4.6084,-47.330,0.0617,-0.0349,0.0709,0.513,0.3810,2.9983,0.648,-0.0325,1.6105,-47.978,3.583,-1.9210,111.771,0.4624,0.0217,0.0142,0.6568,3.5330,3.5616,nan,4.1038,4.1938,0.1661,-0.2698,1.2912,0.0617,0.0092,-0.4391,1.8082,0.0800,1.2209,0.1505
28.650,109.826,0.4257,4.5459,-52.314,0.4416,4.4653,-52.487,0.0735,-0.0367,0.0821,-0.173,0.3694,3.0069,0.492,0.0847,1.4578,-52.979,3.730,-1.6490,111.956,0.4648,0.0148,0.0138,0.9342,3.7968,3.9788,nan,4.2800,4.3765,0.1733,-0.2675,1.4169,0.0642,0.0363,-0.3991,2.0169,0.0538,1.8621,0.1505
28.700,110.005,0.5297,4.4010,-56.855,0.5425,4.3219,-56.312,0.0732,-0.0325,0.0801,0.543,0.3600,3.0300,0.641,0.1969,1.2898,-56.953,3.854,-1.7034,112.148,0.4701,0.0126,0.0053,0.4169,3.8661,3.9125,nan,4.3687,4.4704,0.1770,-0.2274,1.4704,0.0606,0.0281,-0.3636,2.2255,0.0556,1.6380,0.1505
28.750,110.200,0.6302,4.2339,-61.576,0.6326,4.1498,-61.747,0.0751,-0.0379,0.0842,-0.171,0.3439,3.0235,-0.200,0.2848,1.1272,-61.547,3.938,-1.6474,112.352,0.4580,0.0137,0.0131,0.9557,4.1065,4.2598,nan,4.5477,4.5933,0.1819,-0.1981,1.5484,0.0588,0.0215,-0.3311,2.4341,0.0235,0.7860,0.1505
28.800,110.391,0.7156,4.0622,-66.141,0.7192,3.9456,-66.520,0.1081,-0.0439,0.1167,-0.380,0.3368,3.0203,-0.483,0.3746,0.9285,-66.037,4.047,-1.6730,112.556,0.4601,0.0138,0.0151,1.0940,4.2361,4.3122,nan,4.6834,4.7233,0.1871,-0.1478,1.5747,0.0373,-0.0186,-0.3006,2.6428,0.0200,1.3664,0.1505
28.850,110.581,0.7868,3.8869,-70.025,0.7797,3.7644,-70.949,0.1127,-0.0485,0.1227,-0.924,0.3334,3.0287,-0.403,0.4411,0.7388,-70.545,4.164,-1.4635,112.755,0.4549,0.0119,0.0285,2.3891,4.3055,4.3615,nan,4.8205,4.9006,0.1941,-0.1285,1.6006,0.0313,-0.0152,-0.2716,2.8514,0.0393,1.5250,0.1505
28.900,110.989,0.9041,3.4958,-73.570,0.8404,3.5536,-74.003,-0.0734,-0.0447,0.0860,-0.434,0.3400,3.0177,0.059,0.5010,0.5353,-74.062,4.289,-1.3151,113.186,0.4439,0.0253,0.0221,0.8723,4.3380,4.3842,nan,4.9590,5.1029,0.2021,-0.1186,1.6350,0.0313,0.0107,-0.2345,3.1296,0.0699,1.7023,0.1505
28.950,111.191,0.9480,3.2981,-78.781,0.9390,3.1223,-78.932,0.1707,-0.0430,0.1760,-0.151,0.3448,3.0192,0.328,0.5947,0.0997,-79.261,4.565,-0.9098,113.400,0.4490,0.0133,0.0148,1.1183,4.4794,4.5722,nan,5.1921,5.3225,0.2108,-0.1299,1.6606,0.0443,0.0353,-0.2079,3.3383,0.0800,1.8669,0.1505
29.000,111.424,0.9889,3.0688,-81.258,0.9717,2.9372,-81.001,0.1274,-0.0370,0.1327,0.257,0.3453,3.0345,0.332,0.6259,-0.1009,-81.333,4.737,-0.8709,113.648,0.4376,0.0115,0.0145,1.2605,4.3471,4.3586,nan,5.2857,5.1991,0.2059,-0.1202,1.6867,0.0523,0.0424,-0.1816,3.5469,0.0800,2.2608,0.1505
29.050,111.666,1.0208,2.8292,-84.017,1.0035,2.6635,-83.646,0.1630,-0.0345,0.1666,0.371,0.3438,3.0454,0.069,0.6593,-0.3827,-83.715,4.917,-0.9887,113.906,0.4422,0.0106,0.0100,0.9452,4.6353,5.0663,nan,5.4718,5.5370,0.2193,-0.0991,1.7224,0.0602,0.0426,-0.1469,3.8251,0.0800,2.4761,0.1505
29.100,111.914,1.0416,2.5826,-86.667,1.0239,2.4176,-86.524,0.1637,-0.0273,0.1660,0.143,0.3461,3.0669,0.292,0.6744,-0.6528,-86.816,4.976,-0.9228,114.161,0.4401,0.0097,0.0215,2.2312,4.9138,5.2787,nan,5.6988,5.8631,0.2322,-0.0595,1.7595,0.0592,0.0150,-0.1124,4.1033,0.0800,2.6814,0.1505
29.150,112.157,1.0516,2.3398,-88.856,1.0318,2.1834,-88.414,0.1560,-0.0229,0.1577,0.443,0.3446,3.0569,0.660,0.6771,-0.8814,-89.074,5.135,-0.7852,114.418,0.4306,0.0182,0.0236,1.2985,5.0450,5.1592,nan,5.9120,6.0212,0.2385,-0.0367,1.7883,0.0661,0.0029,-0.0865,4.3119,0.0800,0.7076,0.1505
29.200,112.398,1.0537,2.0985,-90.234,1.0372,1.9135,-89.724,0.1851,-0.0158,0.1858,0.510,0.3387,3.0652,1.210,0.6740,-1.1662,-90.934,5.344,-0.4943,114.679,0.4340,0.0127,0.0220,1.7339,5.3107,5.6708,nan,6.1017,6.2871,0.2490,-0.0169,1.7890,0.0753,0.0023,-0.0433,4.6597,0.0733,2.5154,0.1505
29.250,112.648,1.0508,1.8480,-91.105,1.0362,1.6281,-90.215,0.2202,-0.0103,0.2204,0.890,0.3337,3.0488,1.380,0.6681,-1.4373,-91.595,5.531,-0.3139,114.948,0.4366,0.0075,0.0085,1.1430,5.4840,5.6608,nan,6.2318,6.3837,0.2528,-0.0227,1.7890,0.0943,0.0205,-0.0110,4.9378,0.0583,3.7034,0.1505
29.300,112.919,1.0443,1.5770,-91.571,1.0313,1.3631,-91.024,0.2142,-0.0071,0.2143,0.547,0.3438,3.0486,0.923,0.6602,-1.6964,-91.947,5.747,-0.1488,115.240,0.4320,0.0061,0.0105,1.7310,5.5255,5.6078,nan,6.3594,6.5447,0.2592,-0.0207,1.7890,0.1070,0.0238,0.0210,5.2160,0.0800,3.2587,0.1505
29.350,113.194,1.0357,1.3027,-92.094,1.0241,1.0119,-91.489,0.2910,-0.0010,0.2910,0.605,0.3568,3.0389,0.498,0.6497,-2.0326,-91.988,5.916,-0.2080,115.532,0.4507,0.0032,0.0123,3.7963,5.7939,6.2693,nan,6.5515,6.7562,0.2676,-0.0074,1.7890,0.1128,0.0093,0.0610,5.5638,0.0755,3.6615,0.1505
29.400,113.488,1.0236,1.0088,-92.653,1.0062,0.7361,-93.120,0.2732,-0.0047,0.2733,-0.467,0.3879,3.0483,-0.450,0.6365,-2.3073,-92.670,6.078,-0.1951,115.844,0.4425,0.0036,0.0481,13.1820,5.8742,5.9919,nan,6.6786,6.8091,0.2697,0.0205,1.7947,0.0998,-0.0402,0.0808,5.9115,0.0800,2.8849,0.1505
29.450,113.784,1.0092,0.7129,-92.866,0.9970,0.4069,-92.851,0.3062,0.0031,0.3062,0.015,0.3634,3.0385,0.329,0.6185,-2.6352,-93.180,6.252,-0.0659,116.160,0.4516,0.0038,0.0443,11.5380,6.1144,6.4849,nan,6.8650,7.0791,0.2804,0.0572,1.8148,0.0606,-0.0907,0.0635,6.2593,0.0800,2.6419,0.1505
29.500,114.075,0.9950,0.4226,-92.463,0.9880,0.0904,-93.139,0.3322,0.0072,0.3322,-0.675,0.3905,3.0407,-0.101,0.6026,-2.9492,-93.038,6.377,0.1980,116.466,0.4606,0.0043,0.0264,6.1967,6.3406,6.6932,nan,7.0701,7.2816,0.2884,0.0457,1.8264,0.0535,-0.0863,0.0452,6.6070,0.0721,2.9709,0.1505
29.550,114.372,0.9841,0.1258,-91.157,0.9761,-0.2120,-92.785,0.3379,-0.0011,0.3379,-1.628,0.4326,3.0677,-0.864,0.5929,-3.2711,-91.922,6.527,0.5770,116.782,0.4738,0.0063,0.0345,5.5109,6.4974,6.7259,nan,7.1778,7.3483,0.2910,0.0278,1.8049,0.0412,-0.0697,0.0269,6.9547,0.0568,2.1989,0.1505
29.600,114.690,0.9804,-0.1919,-89.821,0.9744,-0.5258,-91.253,0.3338,-0.0070,0.3339,-1.431,0.4846,3.0816,-1.704,0.5968,-3.5912,-89.549,6.699,0.4771,117.122,0.4815,0.0046,0.0296,6.4126,6.5437,6.6648,nan,7.2559,7.4526,0.2952,-0.0138,1.7834,0.0405,-0.0221,0.0086,7.3025,0.0651,2.7757,0.1505
29.650,115.015,0.9833,-0.5171,-88.950,0.9689,-0.8308,-90.542,0.3133,-0.0201,0.3140,-1.592,0.5025,3.1244,-2.006,0.6046,-3.9364,-88.536,6.840,0.2957,117.466,0.4960,0.0030,0.0317,10.4176,6.7919,7.3203,nan,7.0644,6.9316,0.2745,-0.0070,1.7672,0.0246,-0.0339,-0.0024,7.5111,-0.0425,2.3664,0.1505
29.700,115.339,0.9893,-0.8416,-89.144,0.9728,-1.1412,-90.747,0.2994,-0.0210,0.3001,-1.603,0.5542,3.1698,-2.577,0.6120,-4.2878,-88.169,6.960,-0.1505,117.808,0.5119,0.0148,0.0305,2.0569,7.0122,7.4307,nan,6.5671,6.4512,0.2555,0.0370,1.7308,-0.0265,-0.0880,-0.0280,7.9979,-0.0800,2.1446,0.1505
29.750,115.662,0.9934,-1.1637,-89.531,0.9716,-1.4807,-90.616,0.3168,-0.0244,0.3178,-1.084,0.4460,3.1653,-1.074,0.6126,-4.6353,-89.542,7.040,-0.1524,118.143,0.5237,0.0108,0.0197,1.8286,7.0978,7.2784,nan,6.2721,6.5299,0.2586,0.0043,1.7056,-0.0304,-0.0563,-0.0463,8.3457,-0.0800,1.4169,0.1505
29.800,116.304,0.9980,-1.8061,-89.775,0.9796,-1.7765,-90.784,-0.0297,-0.0183,0.0349,-1.009,0.4397,3.2023,-0.842,0.6130,-4.9703,-89.943,6.947,-0.0759,118.759,0.4155,0.0180,0.0183,1.0201,6.8070,6.7109,nan,6.1020,6.2524,0.2476,-0.0182,1.6858,-0.0271,-0.0359,-0.0609,8.6239,0.0590,-1.8872,0.1505
29.850,116.616,1.0042,-2.1182,-88.731,0.9984,-2.3525,-88.382,0.2341,-0.0110,0.2344,0.349,0.4203,3.2088,-0.501,0.6266,-5.5561,-87.881,6.585,0.0407,119.062,0.5070,0.0052,0.0242,4.6657,6.5023,6.3932,nan,5.9368,6.0473,0.2395,-0.0993,1.6665,0.0040,0.0419,-0.0757,8.9021,0.0800,-4.2271,0.1505
29.900,116.921,1.0104,-2.4234,-89.137,1.0037,-2.5563,-89.352,0.1328,-0.0087,0.1330,-0.215,0.4472,3.2834,-0.729,0.6307,-5.8322,-88.623,6.412,-0.1807,119.353,0.4897,0.0108,0.0180,1.6713,6.2502,6.1970,nan,5.7765,5.7750,0.2287,-0.1007,1.6521,0.0059,0.0299,-0.0869,9.1107,0.0800,-2.1510,0.1505
29.950,117.224,1.0122,-2.7258,-91.049,1.0179,-2.7724,-89.665,0.0465,0.0065,0.0469,1.383,0.3917,3.3574,-0.051,0.6317,-6.1292,-89.614,6.202,-0.9618,119.640,0.4863,0.0203,0.0145,0.7161,6.2446,6.3240,nan,5.5697,5.6973,0.2256,-0.1110,1.6328,0.0236,0.0425,-0.1053,9.3889,0.0547,-3.0526,0.1505
30.000,117.504,1.0025,-3.0056,-93.580,1.0054,-3.0347,-92.750,0.0288,0.0047,0.0292,0.830,0.2869,3.3796,0.961,0.6107,-6.4254,-93.711,5.981,-0.9467,119.904,0.4852,0.0141,0.0103,0.7294,6.1827,6.2347,nan,5.4190,5.4326,0.2152,-0.0699,1.6130,-0.0049,-0.0332,-0.1245,9.6671,0.0058,-3.6729,0.1505
30.050,117.786,0.9798,-3.2872,-96.378,0.9877,-3.2140,-94.875,-0.0736,-0.0003,0.0736,1.503,0.2642,3.4107,1.191,0.5856,-6.6383,-96.066,5.803,-1.0089,120.175,0.4497,0.0195,0.0043,0.2208,5.7786,5.4823,nan,5.3202,5.4287,0.2150,-0.0747,1.6023,-0.0096,-0.0420,-0.1341,9.8062,0.0800,-3.9747,0.1505
30.100,118.049,0.9474,-3.5475,-98.116,0.9516,-3.4801,-96.945,-0.0674,-0.0054,0.0676,1.171,0.1568,3.4242,2.112,0.5398,-6.9288,-99.057,5.607,-0.6111,120.423,0.4518,0.0136,0.0093,0.6818,5.8228,5.9163,nan,5.1255,5.1249,0.2030,-0.0670,1.5796,-0.0309,-0.0570,-0.1534,10.0843,-0.0003,-3.0332,0.1505
30.150,118.309,0.9077,-3.8048,-99.865,0.9220,-3.6861,-98.020,-0.1194,-0.0062,0.1195,1.845,0.2032,3.4458,1.735,0.5026,-7.1505,-99.755,5.477,-0.6408,120.675,0.4376,0.0119,0.0090,0.7598,5.4908,5.3640,nan,5.0291,5.1786,0.2051,-0.1204,1.5616,-0.0213,-0.0006,-0.1679,10.2930,0.0716,-3.5222,0.1505
30.200,118.556,0.8628,-4.0481,-101.357,0.8770,-3.9309,-99.663,-0.1177,-0.0092,0.1181,1.695,0.1802,3.4457,1.898,0.4521,-7.3956,-101.560,5.289,-0.5505,120.909,0.4333,0.0115,0.0147,1.2738,5.3743,5.3961,nan,4.8370,4.8940,0.1938,-0.1294,1.5349,-0.0323,0.0065,-0.1874,10.5712,0.0277,-2.2131,0.1505
30.250,118.787,0.8146,-4.2732,-103.563,0.8363,-4.1316,-101.397,-0.1427,-0.0121,0.1432,2.166,0.2427,3.4649,1.410,0.4065,-7.6088,-102.807,5.181,-0.9723,121.134,0.4306,0.0124,0.0184,1.4824,5.1201,5.0752,nan,4.7415,4.8969,0.1939,-0.1632,1.5146,-0.0270,0.0314,-0.2019,10.7798,0.0793,-3.3337,0.1505
30.300,119.031,0.7527,-4.5094,-106.360,0.7850,-4.3506,-104.236,-0.1614,-0.0137,0.1620,2.125,0.1690,3.4592,2.007,0.3421,-7.8266,-106.243,5.002,-1.0074,121.367,0.4210,0.0343,0.0157,0.4578,4.9108,4.8943,nan,4.5986,4.7014,0.1862,-0.1195,1.4924,-0.0559,-0.0224,-0.2167,10.9885,0.0800,-1.9645,0.1505
30.350,119.268,0.6809,-4.7353,-109.687,0.7117,-4.6027,-106.803,-0.1352,-0.0157,0.1361,2.884,0.1233,3.4225,2.294,0.2667,-8.0423,-109.097,4.885,-1.2447,121.599,0.4140,0.0368,0.0099,0.2692,4.8493,4.8821,nan,4.4557,4.5589,0.1806,-0.1337,1.4578,-0.0554,-0.0038,-0.2369,11.2667,0.0553,-3.0505,0.1503
30.400,119.494,0.6007,-4.9471,-112.187,0.6310,-4.8249,-110.697,-0.1246,-0.0181,0.1259,1.490,0.1196,3.4171,2.338,0.1748,-8.2560,-113.035,4.753,-0.8808,121.818,0.4037,0.0320,0.0245,0.7635,4.6696,4.6659,nan,4.3128,4.4310,0.1755,-0.1642,1.4249,-0.0616,0.0042,-0.2526,11.4753,0.0658,-2.3609,0.1503
30.450,119.716,0.5137,-5.1506,-114.543,0.5552,-5.0077,-111.812,-0.1472,-0.0216,0.1488,2.730,0.0670,3.4197,2.698,0.0910,-8.4411,-114.510,4.672,-0.8660,122.035,0.4002,0.0309,0.0174,0.5629,4.6888,4.7395,nan,4.1700,4.1472,0.1642,-0.1963,1.3769,-0.0555,0.0411,-0.2760,11.7535,-0.0126,-1.3952,0.1503
30.500,119.928,0.4221,-5.3423,-117.045,0.4601,-5.2281,-114.673,-0.1190,-0.0181,0.1204,2.372,0.1397,3.4079,2.195,-0.0106,-8.6419,-116.868,4.572,-0.9548,122.243,0.3940,0.0300,0.0182,0.6045,4.4895,4.4794,nan,3.9752,3.9440,0.1562,-0.2140,1.3508,-0.0520,0.0380,-0.2951,11.9621,-0.0180,-1.7581,0.1503
30.550,120.343,0.2156,-5.7025,-123.513,0.2585,-5.6048,-121.258,-0.1051,-0.0182,0.1067,2.255,0.1905,3.3661,1.790,-0.2122,-8.9687,-123.048,4.243,-1.2974,122.641,0.3880,0.0291,0.0267,0.9186,4.2362,4.2033,nan,3.8760,3.9474,0.1563,-0.2401,1.3065,-0.0420,0.0483,-0.3231,12.2403,0.0414,-2.2236,0.1503
30.600,120.529,0.1090,-5.8551,-127.040,0.1473,-5.7839,-125.154,-0.0799,-0.0123,0.0808,1.886,0.1773,3.3539,1.872,-0.3286,-9.1320,-127.026,4.046,-1.3507,122.818,0.3818,0.0280,0.0273,0.9742,4.1995,4.2290,nan,3.6770,3.6126,0.1431,-0.2443,1.2629,-0.0306,0.0408,-0.3472,12.4489,-0.0372,-3.3732,0.1503
30.650,120.724,-0.0130,-6.0069,-131.163,0.0400,-5.9322,-128.079,-0.0911,-0.0093,0.0916,3.084,0.0576,3.3216,2.539,-0.4276,-9.2439,-130.618,3.922,-1.4703,123.008,0.3938,0.0443,0.0252,0.5690,3.8478,3.7350,nan,3.6282,3.7346,0.1479,-0.2730,1.1993,-0.0282,0.0263,-0.3635,12.5880,0.0800,-3.5287,0.1503
30.700,120.903,-0.1347,-6.1381,-135.074,-0.1102,-6.1085,-132.480,-0.0382,-0.0037,0.0384,2.594,0.0362,3.3025,2.626,-0.5773,-9.3944,-135.106,3.711,-1.4125,123.178,0.3710,0.0397,0.0301,0.7576,4.0371,4.1381,nan,3.4466,3.3200,0.1315,-0.2641,1.1907,-0.0182,0.0498,-0.3996,12.8662,-0.0733,-1.9880,0.1503
30.750,121.072,-0.2581,-6.2539,-139.143,-0.2123,-6.2158,-136.103,-0.0595,0.0011,0.0595,3.040,0.0222,3.2963,2.700,-0.6824,-9.4904,-138.803,3.654,-1.5586,123.347,0.3842,0.0366,0.0211,0.5761,3.7078,3.6231,nan,3.4042,3.4907,0.1382,-0.3123,1.1037,-0.0049,0.0408,-0.4207,13.0053,0.0500,-3.5757,0.1503
30.800,121.235,-0.3841,-6.3565,-142.997,-0.3507,-6.3337,-140.986,-0.0404,0.0019,0.0405,2.011,0.0764,3.2872,2.361,-0.8231,-9.5951,-143.347,3.429,-1.4110,123.499,0.3704,0.0326,0.0249,0.7642,3.6507,3.6718,nan,3.2713,3.2868,0.1302,-0.3219,1.0835,-0.0019,0.0424,-0.4577,13.2140,0.0090,-1.0884,0.1503
30.850,121.395,-0.5148,-6.4485,-147.323,-0.4647,-6.4131,-144.379,-0.0613,-0.0027,0.0614,2.944,0.0718,3.2812,2.339,-0.9317,-9.6644,-146.718,3.383,-1.6513,123.660,0.3878,0.0304,0.0266,0.8746,3.3270,3.2401,nan,3.2226,3.2688,0.1295,-0.3860,0.9874,-0.0008,0.0454,-0.4873,13.3531,0.0800,-3.9288,0.1503
30.900,121.544,-0.6431,-6.5249,-151.626,-0.6232,-6.5107,-148.882,-0.0242,-0.0030,0.0244,2.744,-0.0325,3.2811,2.914,-1.0878,-9.7491,-151.796,3.268,-1.6458,123.806,0.3619,0.0282,0.0300,1.0648,3.4430,3.4993,nan,3.0725,3.0427,0.1205,-0.3610,0.8722,-0.0022,0.0452,-0.5392,13.5617,-0.0173,-0.8540,0.1503
30.950,121.698,-0.7816,-6.5930,-156.672,-0.7420,-6.5722,-152.884,-0.0446,-0.0034,0.0448,3.788,-0.0811,3.2789,3.174,-1.2053,-9.7994,-156.059,3.176,-1.9229,123.960,0.3798,0.0268,0.0332,1.2393,3.1632,3.1106,nan,3.0224,3.1535,0.1249,-0.4257,0.8169,-0.0012,0.0532,-0.5725,13.7008,0.0759,-2.1633,0.1503
31.000,121.844,-0.9178,-6.6456,-161.442,-0.9044,-6.6336,-159.375,-0.0165,-0.0071,0.0180,2.067,0.0122,3.2693,2.587,-1.3627,-9.8514,-161.963,3.047,-1.7225,124.103,0.3588,0.0264,0.0343,1.2995,3.2369,3.2783,nan,2.8341,2.7737,0.1099,-0.4071,0.8169,-0.0016,0.0148,-0.5958,13.8399,-0.0349,-1.6685,0.1503
31.050,121.986,-1.0543,-6.6855,-166.598,-1.0197,-6.6667,-163.614,-0.0380,-0.0103,0.0394,2.984,0.0640,3.2634,2.287,-1.4792,-9.8789,-165.901,3.013,-2.0119,124.248,0.3772,0.0261,0.0310,1.1872,3.2044,3.2255,nan,2.8174,2.7840,0.1103,-0.4152,0.8169,-0.0080,0.0108,-0.6262,13.9790,-0.0194,-0.9234,0.1503
31.100,122.120,-1.1856,-6.7112,-171.517,-1.1776,-6.7005,-169.350,-0.0095,-0.0094,0.0134,2.167,0.0006,3.2681,2.668,-1.6409,-9.9029,-172.018,2.820,-1.8009,124.376,0.3468,0.0250,0.0314,1.2576,2.8551,2.7185,nan,2.8174,2.8363,0.1123,-0.4462,0.8169,-0.0234,0.0008,-0.6666,14.1181,0.0800,-3.4425,0.1503
31.150,122.250,-1.3149,-6.7253,-176.293,-1.2853,-6.7123,-173.742,-0.0304,-0.0111,0.0324,2.551,-0.0181,3.2681,2.776,-1.7491,-9.9073,-176.518,2.729,-1.7440,124.504,0.3671,0.0226,0.0316,1.3985,2.6824,2.6718,nan,2.8215,2.9272,0.1159,-0.4755,0.8000,-0.0231,0.0213,-0.7144,14.2572,0.0612,-1.6710,0.1503
31.200,122.380,-1.4447,-6.7284,178.860,-1.4165,-6.7164,181.164,-0.0280,-0.0126,0.0307,2.304,0.0674,3.2546,2.256,-1.8752,-9.9049,178.909,2.689,-1.7537,124.635,0.3704,0.0205,0.0304,1.4807,2.7046,2.7300,nan,2.8062,2.8834,0.1142,-0.5104,0.8027,-0.0235,0.0283,-0.7701,14.3963,0.0447,-0.9544,0.1503
31.250,122.512,-1.5760,-6.7201,173.620,-1.5603,-6.7047,175.768,-0.0139,-0.0171,0.0220,2.148,0.1541,3.2416,1.692,-2.0074,-9.8913,174.076,2.688,-1.8847,124.771,0.3694,0.0176,0.0309,1.7617,2.8017,2.8453,nan,2.8589,2.9023,0.1149,-0.5336,0.8169,-0.0284,0.0239,-0.8347,14.5354,0.0251,-0.4327,0.1503
31.300,122.763,-1.8226,-6.6696,162.586,-1.8304,-6.6464,164.165,0.0144,-0.0198,0.0245,1.579,0.1963,3.2305,1.443,-2.2747,-9.8228,162.722,2.709,-2.1756,125.034,0.3484,0.0122,0.0263,2.1622,2.8577,2.8911,nan,2.9241,2.9650,0.1174,-0.5174,0.8477,-0.0265,0.0856,-0.8741,14.7440,0.0237,0.0520,0.1503
31.350,122.885,-1.9369,-6.6278,156.774,-1.9433,-6.6009,157.365,0.0165,-0.0222,0.0276,0.590,0.3537,3.2010,0.532,-2.3879,-9.7801,156.833,2.704,-2.2780,125.162,0.3496,0.0127,0.0222,1.7427,2.7543,2.7604,nan,2.9903,3.0743,0.1218,-0.5143,0.8175,-0.0255,0.0195,-0.8691,14.8136,0.0800,-0.8522,0.1503
31.400,123.016,-2.0541,-6.5703,150.637,-2.0542,-6.5437,151.237,0.0131,-0.0231,0.0266,0.601,0.3542,3.1966,0.546,-2.5012,-9.7169,150.691,2.734,-2.2281,125.300,0.3536,0.0122,0.0184,1.5079,2.7461,2.7669,nan,3.0548,3.1670,0.1254,-0.4839,0.8345,-0.0297,0.0752,-0.8283,15.0222,0.0649,-0.7754,0.1503
31.450,123.146,-2.1642,-6.5011,144.566,-2.1844,-6.4512,144.622,0.0454,-0.0290,0.0539,0.056,0.3985,3.1888,0.279,-2.6298,-9.6273,144.343,2.796,-2.2681,125.440,0.3364,0.0129,0.0249,1.9317,2.9077,2.9764,nan,3.1745,3.2223,0.1276,-0.4928,0.9005,-0.0218,0.0773,-0.7847,15.1613,0.0276,-0.3497,0.1503
31.500,123.285,-2.2735,-6.4149,138.437,-2.2775,-6.3653,138.886,0.0359,-0.0344,0.0497,0.449,0.3864,3.1936,0.367,-2.7250,-9.5417,138.520,2.877,-2.1912,125.591,0.3504,0.0156,0.0261,1.6735,2.8492,2.8637,nan,3.2000,3.3058,0.1309,-0.4684,0.8968,-0.0235,0.0676,-0.7480,15.3004,0.0613,0.2367,0.1503
31.550,123.419,-2.3692,-6.3216,132.484,-2.3812,-6.2542,132.690,0.0578,-0.0366,0.0684,0.207,0.4349,3.1720,0.152,-2.8411,-9.4187,132.538,2.936,-2.2787,125.735,0.3343,0.0179,0.0317,1.7750,3.0935,3.2272,nan,3.2574,3.2214,0.1276,-0.4444,0.9488,-0.0125,0.1126,-0.6997,15.5090,-0.0209,0.3855,0.1503
31.600,123.559,-2.4588,-6.2140,126.533,-2.4594,-6.1601,126.573,0.0436,-0.0316,0.0539,0.040,0.4425,3.1609,0.153,-2.9268,-9.3133,126.420,3.013,-2.2148,125.886,0.3377,0.0233,0.0289,1.2429,3.0616,3.0815,nan,3.3145,3.3523,0.1328,-0.4457,0.9488,-0.0104,0.0849,-0.6754,15.6481,0.0219,0.2641,0.1503
31.650,123.701,-2.5381,-6.0958,120.821,-2.5424,-6.0214,120.560,0.0661,-0.0344,0.0746,-0.261,0.4480,3.1567,0.139,-3.0128,-9.1708,120.420,3.039,-2.1092,126.035,0.3363,0.0271,0.0372,1.3723,3.2052,3.2696,nan,3.4717,3.5356,0.1400,-0.4150,0.9488,-0.0040,0.0720,-0.6582,15.7872,0.0370,0.4105,0.1503
31.700,123.848,-2.6075,-5.9661,114.911,-2.6026,-5.8930,114.806,0.0643,-0.0353,0.0733,-0.105,0.5169,3.1363,-0.313,-3.0701,-9.0462,115.119,3.093,-2.1611,126.192,0.3468,0.0312,0.0391,1.2523,3.0821,3.0872,nan,3.5158,3.5556,0.1408,-0.4189,0.9488,-0.0034,0.0697,-0.6461,15.9263,0.0800,-0.3930,0.1503
31.750,123.996,-2.6640,-5.8290,109.336,-2.6523,-5.7419,108.649,0.0783,-0.0399,0.0879,-0.687,0.5453,3.1203,-0.459,-3.1265,-8.8875,109.108,3.203,-2.0826,126.352,0.3525,0.0367,0.0433,1.1795,3.2566,3.3362,nan,3.6552,3.7793,0.1497,-0.3717,1.0704,0.0039,0.0780,-0.5979,16.1350,0.0800,0.2055,0.1503
31.800,124.145,-2.7071,-5.6865,103.722,-2.6890,-5.5892,103.250,0.0902,-0.0407,0.0990,-0.472,0.5335,3.1134,-0.359,-3.1678,-8.7227,103.610,3.269,-2.1409,126.512,0.3611,0.0437,0.0524,1.2005,3.3778,3.4353,nan,3.8023,3.9220,0.1553,-0.3442,1.1146,0.0079,0.0602,-0.5514,16.2740,0.0693,1.0432,0.1503
31.850,124.306,-2.7385,-5.5289,98.276,-2.7069,-5.4381,97.568,0.0853,-0.0444,0.0962,-0.709,0.4996,3.1202,-0.114,-3.1893,-8.5647,97.682,3.413,-1.9859,126.688,0.3705,0.0623,0.0712,1.1431,3.3136,3.3308,nan,3.9038,3.9429,0.1562,-0.2816,1.1685,0.0044,0.0264,-0.5074,16.4132,0.0800,0.4327,0.1503
31.900,124.477,-2.7560,-5.3587,92.965,-2.7188,-5.2655,92.441,0.0912,-0.0420,0.1004,-0.524,0.5110,3.0986,-0.197,-3.2010,-8.3751,92.638,3.554,-1.9064,126.874,0.3827,0.0656,0.0769,1.1733,3.4931,3.5791,nan,4.1139,4.1669,0.1650,-0.2674,1.2703,0.0154,0.0512,-0.4468,16.6218,0.0800,1.5941,0.1503
31.950,124.658,-2.7585,-5.1776,88.314,-2.7169,-5.1004,87.829,0.0784,-0.0393,0.0877,-0.485,0.4740,3.0887,0.029,-3.1950,-8.1875,87.800,3.674,-1.6074,127.065,0.3931,0.0701,0.0752,1.0721,3.6777,3.7699,nan,4.2221,4.3397,0.1719,-0.2302,1.3769,0.0231,0.0523,-0.3911,16.8304,0.0670,1.5565,0.1503
32.000,124.831,-2.7479,-5.0053,84.166,-2.6987,-4.9124,83.704,0.0974,-0.0395,0.1051,-0.462,0.5359,3.0543,-0.421,-3.1759,-7.9903,84.126,3.819,-1.5814,127.251,0.4108,0.0674,0.0759,1.1269,3.9269,4.0858,nan,4.4441,4.5160,0.1788,-0.2101,1.5123,0.0353,0.0758,-0.3388,17.0391,0.0382,2.0532,0.1503
32.050,125.008,-2.7241,-4.8292,79.956,-2.6650,-4.7377,79.631,0.1004,-0.0422,0.1089,-0.325,0.5257,3.0460,-0.350,-3.1432,-7.8030,79.980,3.903,-1.6151,127.438,0.4237,0.0627,0.0690,1.0997,4.0109,4.0631,nan,4.6140,4.7265,0.1872,-0.1615,1.5837,0.0386,0.0604,-0.2887,17.2477,0.0583,0.9875,0.1503
32.100,125.380,-2.6365,-4.4679,72.578,-2.5655,-4.3773,72.304,0.1077,-0.0406,0.1151,-0.274,0.4739,3.0513,-0.019,-3.0370,-7.4296,72.322,4.177,-1.3586,127.833,0.4457,0.1112,0.1147,1.0316,4.1396,4.2111,nan,4.8414,4.9975,0.1979,-0.1407,1.6284,0.0530,0.0625,-0.2398,17.4564,0.0800,1.7574,0.1503
32.150,125.581,-2.5718,-4.2777,69.605,-2.4889,-4.1678,68.758,0.1319,-0.0394,0.1377,-0.847,0.4712,3.0558,-0.008,-2.9591,-7.2240,68.766,4.356,-1.0647,128.048,0.4644,0.0538,0.0528,0.9811,4.2756,4.3564,nan,5.0086,5.1706,0.2048,-0.1014,1.6255,0.0650,0.0469,-0.1915,17.6650,0.0782,2.1138,0.1503
32.200,125.791,-2.4945,-4.0823,66.947,-2.4087,-3.9646,67.115,0.1419,-0.0328,0.1457,0.168,0.4023,3.0830,0.511,-2.8738,-7.0222,66.604,4.566,-0.9965,128.276,0.4745,0.0516,0.0489,0.9469,4.3498,4.4087,nan,5.1684,5.2918,0.2096,-0.1026,1.5813,0.0856,0.0627,-0.1435,17.8736,0.0800,4.1357,0.1503
32.250,126.025,-2.3990,-3.8687,64.760,-2.3094,-3.7485,64.885,0.1469,-0.0297,0.1499,0.124,0.3723,3.0934,0.749,-2.7710,-6.8062,64.135,4.771,-0.7437,128.527,0.4820,0.0490,0.0426,0.8702,4.5221,4.6370,nan,5.1499,5.1852,0.2054,-0.0732,1.5248,0.1008,0.0563,-0.0794,18.1518,0.0160,3.2748,0.1503
32.300,126.263,-2.2939,-3.6550,62.587,-2.2092,-3.5358,63.324,0.1448,-0.0204,0.1462,0.738,0.3796,3.0632,0.560,-2.6532,-6.5734,62.764,4.933,-0.7843,128.779,0.5022,0.0514,0.0580,1.1282,4.7929,5.0933,nan,4.7895,4.7869,0.1896,-0.0523,1.4777,0.1209,0.0500,-0.0312,18.3605,-0.0013,3.0119,0.1503
32.350,126.502,-2.1815,-3.4450,60.995,-2.0885,-3.3076,61.316,0.1652,-0.0147,0.1659,0.321,0.3240,3.0623,0.930,-2.5156,-6.3299,60.386,4.981,-0.5596,129.023,0.5406,0.0441,0.0532,1.2063,5.0645,5.4160,nan,4.4663,4.6593,0.1845,0.0362,1.4777,0.1246,0.0005,0.0496,18.7082,-0.0800,2.4336,0.1503
32.400,126.738,-2.0651,-3.2397,59.863,-1.9974,-3.1378,60.731,0.1221,-0.0074,0.1223,0.867,0.2790,3.0616,1.233,-2.4092,-6.1490,59.498,4.862,-0.3880,129.251,0.5199,0.0370,0.0390,1.0546,4.9507,4.9704,nan,4.3505,4.3998,0.1743,0.0749,1.4777,0.1321,-0.0164,0.0982,18.9168,0.0267,0.6311,0.1502
32.450,126.963,-1.9518,-3.0450,60.246,-1.8762,-2.9206,60.490,0.1456,-0.0039,0.1456,0.244,0.2336,3.0928,1.707,-2.2880,-5.9478,58.782,4.737,0.2703,129.468,0.5299,0.0330,0.0355,1.0764,4.8785,4.9087,nan,4.1962,4.2755,0.1693,0.1243,1.4767,0.1345,-0.0420,0.1469,19.1255,0.0449,-2.0342,0.1502
32.500,127.185,-1.8430,-2.8512,61.605,-1.7946,-2.7584,62.687,0.1046,0.0015,0.1046,1.082,0.2305,3.0857,1.712,-2.1987,-5.7811,60.975,4.540,0.5348,129.677,0.5000,0.0300,0.0282,0.9401,4.5623,4.4754,nan,4.1117,4.1711,0.1652,0.1034,1.4767,0.1557,0.0007,0.1951,19.3341,0.0800,-2.0250,0.1502
32.550,127.398,-1.7441,-2.6622,63.814,-1.6935,-2.5652,64.354,0.1093,-0.0026,0.1094,0.540,0.2821,3.0737,1.285,-2.1016,-5.5932,63.068,4.365,0.8486,129.880,0.4979,0.0292,0.0264,0.9044,4.4404,4.4550,nan,4.1161,4.1270,0.1634,0.1150,1.4767,0.1647,0.0061,0.2430,19.5428,0.0800,-3.1141,0.1502
32.600,127.600,-1.6575,-2.4800,65.707,-1.6165,-2.3920,66.502,0.0971,-0.0012,0.0971,0.795,0.3700,3.0420,0.423,-2.0265,-5.4191,66.079,4.231,0.6819,130.074,0.4840,0.0273,0.0254,0.9294,4.2675,4.2677,nan,4.1624,4.0360,0.1598,0.1169,1.4767,0.1713,0.0149,0.2914,19.7514,0.0800,-2.7679,0.1502
32.650,127.792,-1.5808,-2.3037,67.661,-1.5454,-2.2255,67.395,0.0857,-0.0030,0.0858,-0.266,0.4191,3.0179,-0.105,-1.9550,-5.2470,67.500,4.133,0.7433,130.261,0.4774,0.0232,0.0224,0.9635,4.1559,4.1715,nan,4.2503,4.3221,0.1712,0.1784,1.4767,0.1562,-0.0478,0.3408,19.9601,0.0400,-2.2151,0.1502
32.700,127.972,-1.5147,-2.1365,69.552,-1.4732,-2.0505,69.167,0.0951,-0.0089,0.0955,-0.385,0.4566,3.0083,-0.471,-1.8881,-5.0746,69.638,4.048,0.7400,130.437,0.4806,0.0201,0.0194,0.9668,4.0612,4.0795,nan,4.3171,4.3861,0.1737,0.2084,1.4767,0.1412,-0.0897,0.3898,20.1687,0.0800,-1.6493,0.1502
32.750,128.168,-1.4497,-1.9518,72.417,-1.4265,-1.9021,71.224,0.0544,-0.0071,0.0548,-1.193,0.4394,3.0026,-0.353,-1.8356,-4.9161,71.577,4.105,1.1399,130.639,0.4577,0.0205,0.0231,1.1287,3.8120,3.7851,nan,4.3885,4.1320,0.1636,0.2335,1.4172,0.1224,-0.1169,0.4031,20.3078,0.0800,-1.5191,0.1502
32.800,128.367,-1.3946,-1.7610,76.017,-1.3722,-1.7022,74.839,0.0625,-0.0075,0.0629,-1.178,0.4567,2.9850,-0.591,-1.7805,-4.7058,75.430,4.165,1.3510,130.845,0.4664,0.0193,0.0204,1.0562,4.1074,4.4702,nan,4.5028,4.6458,0.1840,0.1771,1.5160,0.1290,-0.0860,0.3669,20.5164,0.0768,0.7833,0.1502
32.850,128.556,-1.3538,-1.5757,79.891,-1.3298,-1.4989,79.727,0.0798,-0.0102,0.0805,-0.164,0.3945,2.9995,0.138,-1.7352,-4.4942,79.589,4.088,1.4883,131.033,0.4829,0.0164,0.0193,1.1788,4.0587,4.0846,nan,4.6661,4.7001,0.1861,0.1534,1.5532,0.1148,-0.0759,0.3224,20.7946,0.0800,-1.5175,0.1502
32.900,128.743,-1.3263,-1.3908,83.799,-1.3139,-1.3313,84.043,0.0605,-0.0059,0.0608,0.245,0.3891,2.9990,0.213,-1.7191,-4.3239,83.830,4.047,1.4720,131.220,0.4658,0.0128,0.0134,1.0505,4.0317,4.0605,nan,4.7951,4.7170,0.1868,0.1300,1.5806,0.1078,-0.0658,0.2909,21.0033,0.0800,-0.9336,0.1502
32.950,129.137,-1.3036,-0.9977,89.716,-1.3014,-0.9216,89.869,0.0761,-0.0019,0.0761,0.153,0.4197,2.9859,-0.175,-1.7091,-3.9127,90.044,4.380,1.0398,131.641,0.4639,0.0342,0.0462,1.3496,4.2598,4.4092,nan,4.9738,5.0020,0.1981,0.1497,1.6083,0.0809,-0.0956,0.2603,21.2119,0.0800,3.0615,0.1502
33.000,129.345,-1.3065,-0.7893,92.164,-1.3128,-0.6952,92.694,0.0943,0.0027,0.0943,0.531,0.3936,2.9963,0.176,-1.7177,-3.6862,92.518,4.474,0.9010,131.858,0.4689,0.0019,0.0093,4.8954,4.4748,4.6250,nan,5.2047,5.2806,0.2091,0.1451,1.6461,0.0586,-0.1142,0.2200,21.4901,0.0800,2.0616,0.1502
33.050,129.555,-1.3185,-0.5802,94.907,-1.3271,-0.4867,94.379,0.0939,0.0006,0.0939,-0.528,0.4195,2.9793,-0.201,-1.7343,-3.4721,94.580,4.623,1.0759,132.081,0.4679,0.0134,0.0301,2.2483,4.5450,4.6086,nan,5.3452,5.3883,0.2134,0.1544,1.6751,0.0266,-0.1385,0.1904,21.6987,0.0800,1.3227,0.1502
33.100,129.777,-1.3422,-0.3592,97.793,-1.3539,-0.2666,97.763,0.0933,-0.0010,0.0933,-0.029,0.4160,2.9711,-0.070,-1.7659,-3.2399,97.833,4.817,1.0834,132.321,0.4680,0.0111,0.0252,2.2638,4.6781,4.7754,nan,5.4853,5.5710,0.2206,0.1180,1.7150,0.0062,-0.1106,0.1512,21.9769,0.0800,2.4752,0.1502
33.150,130.007,-1.3785,-0.1318,100.913,-1.4048,-0.0181,101.356,0.1166,0.0043,0.1167,0.442,0.3720,2.9959,0.660,-1.8114,-2.9933,100.696,4.968,1.1853,132.567,0.4725,0.0108,0.0257,2.3731,4.8892,5.0674,nan,5.7125,5.8330,0.2310,0.0892,1.7206,-0.0169,-0.0911,0.1124,22.2551,0.0800,3.1494,0.1502
33.200,130.245,-1.4281,0.1010,103.499,-1.4683,0.2234,104.303,0.1284,0.0105,0.1288,0.804,0.4057,2.9582,0.048,-1.8763,-2.7332,104.256,5.144,0.9391,132.821,0.4787,0.0076,0.0247,3.2322,5.0862,5.2619,nan,5.9216,6.0723,0.2405,0.0320,1.6818,-0.0174,-0.0363,0.0736,22.5333,0.0800,2.3680,0.1502
33.250,130.503,-1.4923,0.3504,105.591,-1.5286,0.4317,105.849,0.0880,0.0131,0.0890,0.257,0.4183,2.9322,-0.144,-1.9406,-2.5054,105.993,5.349,0.7357,133.098,0.4642,0.0065,0.0159,2.4293,5.1237,5.1920,nan,5.7980,5.8941,0.2334,0.0221,1.6536,-0.0323,-0.0371,0.0445,22.7419,0.0392,2.7888,0.1502
33.300,130.754,-1.5619,0.5914,106.511,-1.6100,0.7099,106.780,0.1273,0.0125,0.1279,0.269,0.4504,2.8919,-0.741,-2.0320,-2.2084,107.521,5.548,0.2720,133.368,0.4875,0.0036,0.0156,4.2834,5.4020,5.9907,nan,5.3860,5.3738,0.2128,-0.0064,1.6078,-0.0492,-0.0281,-0.0042,23.0897,-0.0052,3.2375,0.1502
33.350,131.011,-1.6361,0.8375,107.039,-1.6839,0.9594,106.595,0.1305,0.0100,0.1309,-0.444,0.4475,2.8868,-0.636,-2.1099,-1.9509,107.231,5.617,0.1877,133.633,0.4935,0.0026,0.0119,4.6493,5.6319,5.9128,nan,5.0628,5.1814,0.2052,0.0191,1.5712,-0.0860,-0.0620,-0.0421,23.3679,-0.0800,3.5737,0.1502
33.400,131.255,-1.7080,1.0710,106.978,-1.7556,1.1959,107.453,0.1333,0.0091,0.1336,0.475,0.4357,2.8934,-0.092,-2.1886,-1.7010,107.545,5.489,-0.0554,133.868,0.5015,0.0007,0.0162,23.3282,5.6636,5.7454,nan,4.8180,4.8605,0.1925,-0.0128,1.5343,-0.0998,-0.0422,-0.0799,23.6461,0.0207,1.0969,0.1502
33.450,131.525,-1.7874,1.3286,107.348,-1.8176,1.4025,107.205,0.0795,0.0067,0.0798,-0.143,0.4219,2.9127,0.386,-2.2495,-1.4951,106.820,5.310,0.1533,134.124,0.4758,0.0010,0.0085,8.3276,5.2669,5.0093,nan,4.7587,4.7529,0.1882,-0.0146,1.5156,-0.1135,-0.0483,-0.0987,23.7852,0.0800,-2.5249,0.1502
33.500,131.779,-1.8630,1.5709,107.135,-1.8901,1.6152,108.805,0.0503,0.0128,0.0519,1.670,0.4123,2.9181,1.045,-2.3258,-1.2606,107.760,5.069,-0.1058,134.361,0.4699,0.0155,0.0434,2.8059,5.1242,5.1353,nan,4.5847,4.6781,0.1853,-0.0940,1.4769,-0.1017,0.0228,-0.1364,24.0633,0.0800,-2.7835,0.1502
33.550,132.012,-1.9315,1.7943,106.825,-1.9477,1.8166,107.080,0.0260,0.0090,0.0275,0.255,0.4401,2.8644,0.228,-2.3919,-1.0383,106.852,4.889,-0.1164,134.582,0.4709,0.0153,0.0253,1.6528,4.8240,4.7468,nan,4.4168,4.4128,0.1748,-0.1215,1.4460,-0.1006,0.0318,-0.1648,24.2720,0.0800,-2.9151,0.1502
33.600,132.238,-1.9953,2.0112,105.313,-2.0082,2.0302,106.650,0.0217,0.0074,0.0230,1.337,0.4428,2.8678,0.150,-2.4531,-0.8311,106.500,4.744,-0.6997,134.799,0.4661,0.0101,0.0268,2.6495,4.5343,4.4724,nan,4.3621,4.1684,0.1651,-0.0745,1.4130,-0.1270,-0.0138,-0.1932,24.4806,0.0800,-2.3866,0.1502
33.650,132.464,-2.0521,2.2295,103.418,-2.0439,2.1856,104.098,-0.0446,0.0022,0.0446,0.679,0.4443,2.8563,0.633,-2.4955,-0.6431,103.465,4.659,-0.6858,135.020,0.4573,0.0089,0.0071,0.7953,4.6923,4.8064,nan,4.2016,4.3128,0.1708,-0.1082,1.3762,-0.1304,0.0017,-0.2219,24.6893,0.0635,-1.3900,0.1502
33.700,132.674,-2.0979,2.4350,101.188,-2.0977,2.3971,102.221,-0.0372,0.0071,0.0379,1.033,0.4457,2.8333,0.659,-2.5482,-0.4069,101.562,4.505,-0.8599,135.222,0.4719,0.0067,0.0109,1.6169,4.3710,4.2841,nan,4.0972,4.0841,0.1617,-0.1027,1.3656,-0.1379,-0.0201,-0.2412,24.8284,0.0800,-2.6564,0.1502
33.750,132.886,-2.1365,2.6426,99.701,-2.1273,2.5441,100.918,-0.0986,0.0076,0.0989,1.217,0.4369,2.8650,2.127,-2.5744,-0.2255,98.791,4.309,-0.4962,135.521,0.4644,0.0073,0.0062,0.8467,4.1198,4.0895,nan,3.9449,3.8755,0.1535,-0.1694,1.2094,-0.1191,0.0607,-0.2708,25.0370,0.0800,-3.1071,0.1502
33.800,133.280,-2.1918,3.0331,96.051,-2.1905,2.9379,97.692,-0.0948,0.0087,0.0952,1.641,0.4372,2.8515,1.805,-2.6237,0.1692,95.887,4.142,-0.6650,135.806,0.4717,0.0066,0.0100,1.5238,4.2970,4.4026,nan,3.7979,3.8174,0.1512,-0.2054,1.1717,-0.1136,0.0611,-0.3017,25.2456,0.0113,-0.7568,0.1502
33.850,133.470,-2.2086,3.2223,93.459,-2.2033,3.1183,95.891,-0.1041,0.0010,0.1041,2.432,0.4409,2.8581,1.674,-2.6355,0.3373,94.216,3.958,-1.0452,135.987,0.4629,0.0055,0.0116,2.1173,4.0044,3.9510,nan,3.7039,3.8350,0.1519,-0.2397,1.0688,-0.1079,0.0938,-0.3337,25.4543,0.0800,-2.0435,0.1502
33.900,133.656,-2.2154,3.4087,90.130,-2.2128,3.2865,92.995,-0.1222,-0.0023,0.1222,2.865,0.4411,2.8907,2.330,-2.6356,0.5033,90.665,3.827,-1.2271,136.168,0.4567,0.0153,0.0058,0.3768,3.7761,3.7579,nan,3.6150,3.6286,0.1437,-0.2392,1.0434,-0.1067,0.0642,-0.3560,25.5934,0.0800,-2.9850,0.1502
33.950,133.835,-2.2110,3.5869,86.374,-2.2150,3.4566,89.570,-0.1303,-0.0043,0.1303,3.196,0.4395,2.8920,2.695,-2.6250,0.6888,86.875,3.767,-1.4141,136.346,0.4659,0.0164,0.0049,0.3009,3.8399,3.8846,nan,3.4686,3.5178,0.1393,-0.2915,1.0434,-0.0920,0.0750,-0.3913,25.8020,0.0285,-2.0709,0.1502
34.000,134.005,-2.1956,3.7565,82.732,-2.2055,3.6232,85.895,-0.1335,-0.0070,0.1336,3.163,0.4415,2.9096,3.337,-2.6010,0.8665,82.558,3.647,-1.3621,136.511,0.4776,0.0197,0.0049,0.2516,3.8174,3.8449,nan,3.3947,3.3807,0.1339,-0.2949,1.0414,-0.0831,0.0788,-0.4295,26.0107,-0.0081,-1.0811,0.1502
34.050,134.173,-2.1694,3.9222,78.549,-2.1900,3.7522,82.729,-0.1707,-0.0135,0.1713,4.180,0.4403,2.9043,3.602,-2.5718,1.0115,79.127,3.508,-1.5982,136.675,0.4688,0.0221,0.0079,0.3582,3.5594,3.5255,nan,3.3563,3.4913,0.1383,-0.3383,1.0414,-0.0716,0.0890,-0.4570,26.1498,0.0781,-2.1559,0.1502
34.100,134.331,-2.1330,4.0761,74.375,-2.1614,3.9007,78.674,-0.1766,-0.0199,0.1777,4.299,0.4464,2.9257,4.326,-2.5269,1.1690,74.347,3.382,-1.5609,136.829,0.4779,0.0223,0.0147,0.6592,3.5226,3.5456,nan,3.2267,3.2688,0.1295,-0.3450,0.8944,-0.0688,0.0566,-0.4869,26.2889,0.0244,-2.3277,0.1502
34.150,134.486,-2.0862,4.2237,69.807,-2.1219,4.0506,74.162,-0.1748,-0.0263,0.1768,4.355,0.4397,2.9172,4.099,-2.4740,1.3136,70.064,3.356,-1.7768,136.986,0.4816,0.0205,0.0169,0.8245,3.3634,3.3629,nan,3.1804,3.2791,0.1299,-0.3779,0.8944,-0.0600,0.0636,-0.5189,26.4279,0.0571,-2.2399,0.1502
34.200,134.644,-2.0262,4.3696,64.928,-2.0717,4.2154,69.663,-0.1590,-0.0241,0.1608,4.735,0.4465,2.9645,4.542,-2.4113,1.4464,65.120,3.233,-1.7470,137.141,0.4773,0.0183,0.0196,1.0677,3.2664,3.2781,nan,3.1010,3.1705,0.1256,-0.3857,0.8944,-0.0588,0.0666,-0.5620,26.6366,0.0403,-0.6623,0.1502
34.250,134.791,-1.9588,4.5005,60.004,-2.0050,4.3840,65.163,-0.1240,-0.0182,0.1253,5.159,0.4538,3.0034,4.951,-2.3305,1.5877,60.212,3.179,-1.8839,137.289,0.4941,0.0303,0.0135,0.4465,3.3252,3.3637,nan,3.0260,3.0175,0.1195,-0.3864,0.8163,-0.0312,0.1059,-0.5925,26.8452,-0.0049,-2.1679,0.1502
34.300,134.938,-1.8800,4.6250,54.888,-1.9272,4.5206,59.707,-0.1126,-0.0214,0.1146,4.819,0.4561,3.0131,4.770,-2.2497,1.7004,54.937,3.105,-1.8800,137.437,0.4901,0.0271,0.0106,0.3926,3.1505,3.1455,nan,2.9517,3.0384,0.1203,-0.4290,0.8163,-0.0135,0.0902,-0.6166,26.9843,0.0502,-1.5449,0.1502
34.350,135.081,-1.7932,4.7386,49.931,-1.8369,4.6596,54.543,-0.0886,-0.0174,0.0903,4.612,0.4596,3.0303,4.748,-2.1537,1.8138,49.795,2.994,-1.8124,137.578,0.4981,0.0251,0.0149,0.5946,2.9907,2.9851,nan,2.9106,2.9956,0.1186,-0.4743,0.8163,-0.0078,0.0873,-0.6506,27.1234,0.0800,-2.0582,0.1502
34.400,135.221,-1.6993,4.8417,45.080,-1.7523,4.7582,49.907,-0.0966,-0.0214,0.0989,4.827,0.4596,3.0303,4.748,-2.0613,1.9051,45.159,2.945,-1.7828,137.718,0.4914,0.0224,0.0110,0.4907,3.0218,3.0516,nan,2.8476,2.8243,0.1119,-0.4650,0.8163,0.0151,0.1410,-0.7313,27.3321,-0.0135,-1.1442,0.1502
34.450,135.355,-1.6007,4.9330,40.021,-1.6519,4.8682,45.902,-0.0809,-0.0167,0.0826,5.880,0.4842,3.0685,5.615,-1.9497,2.0001,40.286,2.907,-1.9576,137.854,0.5046,0.0199,0.0217,1.0906,2.9140,2.9207,nan,2.9104,3.0097,0.1192,-0.4985,0.8163,0.0330,0.1504,-0.7416,27.4712,0.0800,-0.9792,0.1502
34.500,135.619,-1.3836,5.0837,28.994,-1.4375,5.0345,34.778,-0.0710,-0.0169,0.0730,5.784,0.4956,3.0828,5.857,-1.7238,2.1388,28.921,2.765,-2.0241,138.121,0.5073,0.0156,0.0210,1.3455,2.9065,2.9287,nan,2.9711,3.0201,0.1196,-0.5009,0.8163,0.0484,0.1430,-0.7787,27.6103,0.0284,-1.2183,0.1502
34.550,135.747,-1.2694,5.1404,23.331,-1.3144,5.1018,28.894,-0.0566,-0.0176,0.0593,5.563,0.4881,3.0727,5.493,-1.6000,2.1923,23.401,2.784,-2.1839,138.256,0.5148,0.0139,0.0204,1.4721,2.8444,2.8583,nan,2.9989,3.1162,0.1234,-0.5220,0.8163,0.0589,0.1598,-0.8263,27.7493,0.0680,-2.0412,0.1502
34.600,135.881,-1.1437,5.1875,17.250,-1.1980,5.1492,22.272,-0.0632,-0.0205,0.0664,5.022,0.4596,3.0487,4.720,-1.4791,2.2298,17.551,2.809,-2.2153,138.398,0.5065,0.0254,0.0113,0.4466,2.7820,2.7953,nan,3.0486,3.1750,0.1257,-0.5444,0.8425,0.0692,0.1536,-0.8335,0.0696,0.0800,-0.2509,0.1502
34.650,136.011,-1.0180,5.2200,11.172,-1.0450,5.1924,15.540,-0.0319,-0.0218,0.0386,4.368,0.4437,3.0345,4.249,-1.3248,2.2623,11.291,2.840,-2.3378,138.537,0.5329,0.0223,0.0156,0.6981,2.9824,3.0743,nan,3.0969,3.0356,0.1202,-0.4768,0.8987,0.0834,0.1362,-0.7958,0.2086,-0.0355,-0.3358,0.1502
34.700,136.145,-0.8850,5.2392,4.608,-0.9235,5.2135,8.820,-0.0405,-0.0225,0.0463,4.213,0.4225,3.0306,4.095,-1.1868,2.2734,4.725,2.877,-2.4714,138.682,0.5346,0.0191,0.0105,0.5478,2.9492,2.9680,nan,3.1531,3.1617,0.1252,-0.4872,0.8987,0.0875,0.1116,-0.7649,0.3477,0.0050,-0.2195,0.1502
34.750,136.283,-0.7468,5.2434,-1.412,-0.7731,5.2154,1.692,-0.0256,-0.0286,0.0384,3.104,0.4130,3.0191,3.717,-1.0413,2.2685,-2.025,2.877,-2.1510,138.825,0.5383,0.0163,0.0069,0.4238,2.9968,3.0298,nan,3.2222,3.2609,0.1291,-0.4724,0.8987,0.0908,0.0815,-0.7420,0.4868,0.0224,-0.2384,0.1502
34.800,136.416,-0.6141,5.2340,-7.241,-0.6246,5.2066,-4.162,-0.0070,-0.0285,0.0293,3.078,0.3920,3.0072,3.085,-0.8967,2.2509,-7.247,2.910,-2.2274,138.966,0.5467,0.0142,0.0101,0.7083,3.0203,3.0486,nan,3.2971,3.3961,0.1345,-0.4654,0.8987,0.0990,0.0963,-0.7268,0.6259,0.0573,-0.9888,0.1502
34.850,136.558,-0.4748,5.2094,-13.294,-0.4795,5.1797,-10.912,0.0022,-0.0300,0.0300,2.382,0.3723,2.9945,2.376,-0.7605,2.2186,-13.288,2.978,-2.2078,139.118,0.5414,0.0127,0.0043,0.3388,2.9799,2.9979,nan,3.3741,3.3915,0.1343,-0.4776,0.8987,0.1009,0.0701,-0.7244,0.7650,0.0800,-0.1163,0.1502
34.900,136.700,-0.3384,5.1702,-19.282,-0.3286,5.1330,-17.785,0.0215,-0.0319,0.0384,1.496,0.3364,2.9855,1.617,-0.6041,2.1654,-19.403,3.061,-2.2364,139.272,0.5564,0.0111,0.0017,0.1507,3.1366,3.2059,nan,3.4520,3.5288,0.1398,-0.4327,1.0280,0.1079,0.0906,-0.6482,0.9737,0.0444,0.2820,0.1502
34.950,136.838,-0.2098,5.1185,-25.220,-0.1863,5.0667,-24.071,0.0433,-0.0369,0.0569,1.150,0.3250,2.9754,1.173,-0.4684,2.1013,-25.244,3.100,-2.3240,139.421,0.5599,0.0066,0.0017,0.2494,3.1781,3.2114,nan,3.5782,3.6904,0.1462,-0.4219,1.0660,0.1028,0.0529,-0.6076,1.1128,0.0649,0.6005,0.1502
35.000,136.996,-0.0704,5.0442,-31.436,-0.0511,4.9853,-31.411,0.0472,-0.0402,0.0620,0.025,0.2942,2.9648,0.213,-0.3378,2.0217,-31.624,3.206,-2.1754,139.593,0.5501,0.0051,0.0000,0.0000,3.1654,3.1889,nan,3.6652,3.7570,0.1488,-0.3765,1.0799,0.0939,0.0057,-0.5723,1.2519,0.0800,-0.0910,0.1502
35.050,137.153,0.0593,4.9563,-37.426,0.0870,4.8773,-37.138,0.0700,-0.0459,0.0837,0.287,0.2814,2.9714,0.337,-0.1832,1.9070,-37.475,3.317,-2.1938,139.764,0.5686,0.0249,0.0195,0.7832,3.4214,3.5793,nan,3.8406,3.9411,0.1561,-0.3408,1.1950,0.0910,0.0074,-0.5243,1.4605,0.0582,0.7474,0.1502
35.100,137.315,0.1837,4.8521,-42.988,0.1906,4.7792,-42.327,0.0547,-0.0487,0.0733,0.661,0.2838,2.9853,0.893,-0.0653,1.7951,-43.220,3.431,-2.0185,139.940,0.5607,0.0199,0.0113,0.5694,3.6666,3.8131,nan,3.9722,3.9655,0.1571,-0.2759,1.3051,0.0746,-0.0216,-0.4864,1.5996,-0.0039,1.0571,0.1502
35.150,137.480,0.2997,4.7350,-48.084,0.3150,4.6411,-47.937,0.0800,-0.0513,0.0951,0.147,0.2655,2.9877,0.489,0.0636,1.6529,-48.425,3.571,-1.8988,140.119,0.5695,0.0159,0.0128,0.8056,3.7674,3.8217,nan,4.0599,4.0237,0.1594,-0.2552,1.3739,0.0613,-0.0015,-0.4391,1.8082,-0.0204,1.6497,0.1502
35.200,137.646,0.4058,4.6072,-53.144,0.4197,4.5002,-53.361,0.0939,-0.0531,0.1079,-0.217,0.2429,2.9900,-0.238,0.1705,1.5110,-53.123,3.647,-1.9323,140.295,0.5686,0.0135,0.0125,0.9217,3.7840,3.8179,nan,4.1918,4.2315,0.1676,-0.1972,1.4091,0.0453,-0.0249,-0.3991,2.0169,0.0222,0.7429,0.1502
35.250,137.816,0.5030,4.4677,-57.435,0.5111,4.3468,-58.342,0.1063,-0.0583,0.1212,-0.907,0.2460,2.9880,-0.018,0.2646,1.3589,-58.324,3.732,-1.5980,140.473,0.5643,0.0092,0.0198,2.1651,3.7891,3.8209,nan,4.3243,4.4545,0.1764,-0.2012,1.4291,0.0460,-0.0219,-0.3751,2.1560,0.0726,0.8114,0.1502
35.300,137.997,0.5954,4.3120,-61.578,0.6033,4.1954,-61.876,0.1063,-0.0486,0.1169,-0.298,0.2443,2.9952,0.004,0.3591,1.2001,-61.880,3.803,-1.5053,140.760,0.5661,0.0096,0.0106,1.1013,3.8406,3.8823,nan,4.4579,4.5542,0.1804,-0.1780,1.4749,0.0412,-0.0140,-0.3417,2.3646,0.0800,0.7008,0.1502
35.350,138.361,0.7508,3.9832,-68.107,0.7587,3.8189,-68.674,0.1554,-0.0539,0.1645,-0.567,0.2351,2.9895,-0.415,0.5175,0.8332,-68.259,4.098,-1.2764,141.048,0.5673,0.0127,0.0140,1.1055,4.0381,4.1453,nan,4.6380,4.7816,0.1894,-0.1788,1.5626,0.0382,0.0096,-0.3106,2.5733,0.0800,1.9801,0.1502
35.400,138.570,0.8236,3.7873,-71.441,0.8144,3.6285,-72.840,0.1476,-0.0593,0.1591,-1.399,0.2256,2.9849,-1.056,0.5769,0.6543,-71.785,4.244,-1.1694,141.269,0.5543,0.0139,0.0329,2.3612,3.9272,3.9419,nan,4.7290,4.6773,0.1852,-0.1442,1.5597,0.0288,-0.0038,-0.2812,2.7819,0.0800,2.3839,0.1502
35.450,138.787,0.8871,3.5801,-74.893,0.8810,3.3970,-75.041,0.1752,-0.0536,0.1832,-0.148,0.2376,2.9705,-0.430,0.6402,0.4313,-74.611,4.411,-1.2228,141.500,0.5537,0.0145,0.0136,0.9398,4.1958,4.4112,nan,4.9590,4.9906,0.1976,-0.1463,1.6230,0.0375,0.0297,-0.2436,3.0601,0.0800,1.8906,0.1502
35.500,139.000,0.9381,3.3729,-77.688,0.9232,3.1640,-78.957,0.2009,-0.0591,0.2094,-1.269,0.2284,2.9863,-0.823,0.6922,0.1876,-78.133,4.471,-0.9955,141.720,0.5553,0.0122,0.0288,2.3553,4.4858,4.8934,nan,5.1921,5.3284,0.2110,-0.1216,1.6571,0.0415,0.0259,-0.2079,3.3383,0.0800,2.3445,0.1502
35.550,139.214,0.9794,3.1628,-80.463,0.9571,2.9344,-81.408,0.2216,-0.0598,0.2295,-0.945,0.2276,2.9804,-0.943,0.7301,-0.0340,-80.466,4.628,-1.0460,141.948,0.5526,0.0126,0.0291,2.3182,4.6439,4.7554,nan,5.3324,5.5015,0.2179,-0.1042,1.6831,0.0393,0.0272,-0.1816,3.5469,0.0767,0.6966,0.1502
35.600,139.447,1.0134,2.9325,-83.032,0.9802,2.7240,-83.819,0.2029,-0.0582,0.2111,-0.787,0.2267,2.9847,-0.484,0.7557,-0.2543,-83.335,4.853,-0.9165,142.200,0.5436,0.0116,0.0353,3.0451,4.6493,4.6953,nan,5.4718,5.5510,0.2198,-0.0710,1.7187,0.0363,0.0162,-0.1469,3.8251,0.0800,2.4670,0.1502
35.650,139.680,1.0378,2.7006,-85.218,1.0066,2.4782,-85.215,0.2190,-0.0496,0.2245,0.003,0.2246,3.0032,0.284,0.7794,-0.5288,-85.499,5.051,-0.8115,142.451,0.5467,0.0113,0.0251,2.2139,4.9255,5.2765,nan,5.6988,5.8744,0.2327,-0.0594,1.7557,0.0485,0.0257,-0.1124,4.1033,0.0800,3.4839,0.1502
35.700,139.921,1.0548,2.4601,-86.810,1.0207,2.2376,-86.715,0.2203,-0.0464,0.2251,0.095,0.2192,3.0134,0.715,0.7918,-0.7858,-87.430,5.194,-0.5677,142.705,0.5446,0.0087,0.0279,3.2148,5.1407,5.3456,nan,5.9120,6.0961,0.2414,-0.0517,1.7844,0.0665,0.0292,-0.0865,4.3119,0.0752,3.1800,0.1502
35.750,140.176,1.0663,2.2058,-88.167,1.0333,1.9726,-87.215,0.2321,-0.0404,0.2356,0.952,0.2120,2.9996,1.153,0.8005,-1.0433,-88.369,5.397,-0.4907,142.979,0.5423,0.0078,0.0239,3.0548,5.2568,5.3710,nan,6.0295,6.2035,0.2457,-0.0593,1.7851,0.0870,0.0510,-0.0520,4.5901,0.0695,2.2807,0.1502
35.800,140.440,1.0722,1.9417,-89.397,1.0413,1.6668,-88.591,0.2745,-0.0338,0.2766,0.806,0.2149,2.9947,0.961,0.8040,-1.3415,-89.552,5.594,-0.4479,143.262,0.5468,0.0078,0.0282,3.6159,5.4779,5.7241,nan,6.2318,6.3892,0.2530,-0.0500,1.7851,0.1096,0.0525,-0.0110,4.9378,0.0605,3.3870,0.1502
35.850,140.719,1.0723,1.6631,-90.839,1.0395,1.3569,-89.680,0.3066,-0.0283,0.3079,1.159,0.2116,2.9625,0.944,0.8013,-1.6190,-90.624,5.762,-0.5239,143.558,0.5438,0.0088,0.0319,3.6250,5.6183,5.7704,nan,6.3914,6.5737,0.2603,-0.0301,1.7851,0.1192,0.0304,0.0210,5.2160,0.0686,3.2637,0.1502
35.900,140.987,1.0659,1.3943,-92.051,1.0328,1.0235,-90.510,0.3718,-0.0199,0.3723,1.542,0.1861,2.9235,1.716,0.7894,-1.9246,-92.226,5.920,-0.4557,143.844,0.5480,0.0033,0.0463,14.1841,5.8571,6.1888,nan,6.5515,6.7197,0.2661,0.0110,1.7851,0.1133,-0.0230,0.0686,5.6333,0.0615,2.6762,0.1502
35.950,141.264,1.0543,1.1182,-92.842,1.0290,0.7190,-92.200,0.3999,-0.0055,0.4000,0.642,0.2132,2.9273,1.112,0.7727,-2.2236,-93.312,6.080,-0.2796,144.138,0.5504,0.0035,0.0476,13.5512,6.0114,6.2022,nan,6.7414,6.9545,0.2754,0.0228,1.7934,0.1105,-0.0527,0.0786,5.9811,0.0800,2.7519,0.1502
36.000,141.566,1.0390,0.8166,-92.702,1.0197,0.4128,-93.222,0.4042,-0.0002,0.4042,-0.520,0.2467,2.9241,0.405,0.7553,-2.5167,-93.626,6.239,0.1074,144.458,0.5456,0.0042,0.0474,11.2892,6.0240,6.1067,nan,6.8952,6.9805,0.2765,0.0363,1.8108,0.0965,-0.0777,0.0635,6.2593,0.0800,2.8291,0.1502
36.050,141.876,1.0252,0.5066,-92.116,1.0102,0.1175,-92.802,0.3894,-0.0006,0.3894,-0.686,0.2857,2.9623,-0.385,0.7436,-2.8399,-92.417,6.414,0.2288,144.789,0.5520,0.0037,0.0450,12.1122,6.2362,6.5401,nan,7.0701,7.2213,0.2860,0.0185,1.8225,0.0863,-0.0627,0.0452,6.6070,0.0800,2.6534,0.1502
36.100,142.174,1.0157,0.2088,-91.208,1.0026,-0.2490,-91.077,0.4580,-0.0035,0.4580,0.131,0.2456,2.9585,0.409,0.7341,-3.2128,-91.487,6.529,0.3644,145.102,0.5818,0.0023,0.0436,19.1038,6.3628,6.5453,nan,7.1517,7.3622,0.2916,0.0089,1.8095,0.0762,-0.0530,0.0342,6.8156,0.0800,2.0122,0.1502
36.150,142.490,1.0110,-0.1066,-90.195,0.9977,-0.5148,-90.489,0.4082,-0.0120,0.4084,-0.294,0.2821,2.9800,-0.269,0.7320,-3.4914,-90.220,6.607,0.3687,145.429,0.5685,0.0019,0.0331,17.0163,6.5760,6.9189,nan,7.1918,7.3159,0.2897,-0.0257,1.7796,0.0704,-0.0230,0.0086,7.3025,0.0409,1.2712,0.1502
36.200,142.803,1.0111,-0.4203,-89.612,0.9959,-0.8022,-89.410,0.3817,-0.0178,0.3822,0.202,0.2717,3.0249,-0.180,0.7363,-3.8247,-89.230,6.735,0.1976,145.760,0.5805,0.0064,0.0359,5.6312,6.8088,7.2495,nan,6.9381,6.7020,0.2654,-0.0181,1.7529,0.0419,-0.0344,-0.0097,7.6502,-0.0754,2.2889,0.1502
36.250,143.116,1.0139,-0.7334,-89.321,0.9992,-1.1252,-88.898,0.3916,-0.0193,0.3921,0.423,0.2451,3.0527,0.181,0.7409,-4.1803,-89.079,6.866,0.0951,146.090,0.6012,0.0176,0.0290,1.6470,6.8821,7.0401,nan,6.5671,6.3316,0.2508,-0.0312,1.7271,0.0320,-0.0241,-0.0280,7.9979,-0.0800,2.3663,0.1502
36.300,143.771,1.0166,-1.3876,-90.427,0.9894,-1.7491,-91.216,0.3616,-0.0245,0.3625,-0.789,0.2985,3.1108,-0.570,0.7392,-4.8527,-90.646,6.795,-0.1905,146.745,0.6065,0.0147,0.0290,1.9721,6.9702,7.1461,nan,6.3300,6.4126,0.2540,0.0049,1.7069,-0.0070,-0.0679,-0.0426,8.2761,-0.0800,1.2397,0.1502
36.350,144.084,1.0127,-1.7014,-91.250,0.9866,-1.9905,-91.559,0.2896,-0.0198,0.2903,-0.310,0.3059,3.1641,-0.599,0.7345,-5.1472,-90.960,6.575,-0.3179,147.041,0.5962,0.0047,0.0231,4.8915,6.6848,6.5942,nan,6.1581,6.3148,0.2501,-0.0039,1.6871,-0.0184,-0.0571,-0.0572,8.5543,0.0800,-2.6586,0.1502
36.400,144.397,1.0057,-2.0137,-91.217,0.9873,-2.2043,-91.850,0.1909,-0.0144,0.1915,-0.633,0.2378,3.2041,0.276,0.7234,-5.4119,-92.126,6.451,0.0511,147.344,0.5710,0.0066,0.0225,3.4074,6.3020,6.0618,nan,6.0464,5.8331,0.2310,-0.0117,1.6725,-0.0234,-0.0543,-0.0683,8.7629,0.0800,-3.8805,0.1502
36.450,144.716,0.9988,-2.3331,-91.300,0.9948,-2.4844,-90.388,0.1513,-0.0006,0.1513,0.912,0.2073,3.2490,0.682,0.7192,-5.7423,-91.070,6.334,-0.0389,147.656,0.5781,0.0102,0.0184,1.8055,6.2625,6.3259,nan,5.8295,5.7904,0.2293,-0.0733,1.6533,-0.0084,0.0062,-0.0831,9.0411,0.0800,-2.0658,0.1501
36.500,145.026,0.9911,-2.6432,-91.617,1.0033,-2.7041,-91.087,0.0605,0.0139,0.0621,0.530,0.2581,3.3288,0.322,0.7113,-6.0369,-91.409,6.084,-0.1133,147.945,0.5715,0.0093,0.0004,0.0446,6.1625,6.1983,nan,5.6722,5.7307,0.2270,-0.1003,1.6336,0.0018,0.0228,-0.1005,9.3193,0.0800,-1.9148,0.1501
36.550,145.308,0.9811,-2.9246,-93.085,0.9934,-2.9302,-91.486,0.0049,0.0126,0.0135,1.599,0.2438,3.3686,0.437,0.7016,-6.3043,-91.922,5.907,-0.6756,148.214,0.5661,0.0144,0.0081,0.5630,5.9644,5.9513,nan,5.4689,5.5672,0.2205,-0.1147,1.6189,0.0021,0.0263,-0.1149,9.5280,0.0800,-4.0459,0.1501
36.600,145.588,0.9618,-3.2039,-95.491,0.9712,-3.1674,-94.878,-0.0372,0.0059,0.0377,0.613,0.2941,3.3898,-0.002,0.6774,-6.5572,-94.875,5.769,-0.9042,148.486,0.5517,0.0187,0.0093,0.4968,5.7491,5.7250,nan,5.3695,5.3831,0.2132,-0.0777,1.6038,-0.0226,-0.0241,-0.1293,9.7366,0.0800,-3.0189,0.1501
36.650,145.850,0.9323,-3.4641,-98.147,0.9304,-3.4391,-97.778,-0.0244,-0.0054,0.0250,0.369,0.2682,3.4051,0.217,0.6363,-6.8467,-97.995,5.621,-1.0121,148.739,0.5521,0.0199,0.0176,0.8867,5.7996,5.8958,nan,5.1739,5.2367,0.2074,-0.0508,1.5815,-0.0532,-0.0597,-0.1485,10.0148,0.0286,-2.3477,0.1501
36.700,146.116,0.8910,-3.7268,-100.094,0.8976,-3.6193,-100.069,-0.1070,-0.0123,0.1077,0.025,0.2103,3.4245,0.758,0.5940,-7.0523,-100.827,5.468,-0.6649,148.994,0.5306,0.0137,0.0231,1.6793,5.4280,5.2355,nan,5.0772,5.1396,0.2035,-0.0227,1.5638,-0.0813,-0.0818,-0.1630,10.2234,0.0800,-2.7079,0.1501
36.750,146.369,0.8444,-3.9759,-101.295,0.8508,-3.8949,-100.028,-0.0807,-0.0096,0.0813,1.267,0.0713,3.4111,1.891,0.5381,-7.3277,-101.918,5.321,-0.4208,149.238,0.5307,0.0119,0.0088,0.7369,5.4794,5.5652,nan,4.8850,4.9056,0.1943,-0.0790,1.5381,-0.0800,-0.0270,-0.1825,10.5016,0.0098,-2.6257,0.1501
36.800,146.622,0.7938,-4.2232,-101.867,0.8158,-4.0879,-100.447,-0.1369,-0.0063,0.1370,1.421,0.0563,3.4427,2.055,0.4890,-7.5530,-102.501,5.201,-0.1834,149.482,0.5245,0.0105,0.0142,1.3566,5.1740,5.0851,nan,4.7892,4.9458,0.1959,-0.1479,1.5176,-0.0604,0.0353,-0.1971,10.7103,0.0792,-2.5217,0.1501
36.850,146.872,0.7402,-4.4676,-103.394,0.7759,-4.2958,-100.510,-0.1754,-0.0051,0.1755,2.884,0.0821,3.4541,1.853,0.4428,-7.7683,-102.362,5.019,-0.6176,149.720,0.5229,0.0157,0.0166,1.0556,4.9294,4.8933,nan,4.6938,4.7144,0.1867,-0.1777,1.4963,-0.0397,0.0955,-0.2117,10.9189,0.0800,-1.9734,0.1501
36.900,147.105,0.6825,-4.6937,-106.075,0.7126,-4.5346,-103.569,-0.1612,-0.0152,0.1619,2.506,0.1268,3.4581,1.491,0.3775,-8.0053,-105.060,4.920,-1.1394,149.949,0.5187,0.0199,0.0213,1.0749,4.9867,5.0590,nan,4.5034,4.5423,0.1799,-0.1737,1.4635,-0.0417,0.0800,-0.2318,11.1971,0.0202,-2.9024,0.1501
36.950,147.323,0.6176,-4.9017,-109.416,0.6414,-4.7482,-107.873,-0.1527,-0.0286,0.1553,1.543,0.1573,3.4552,1.260,0.3036,-8.2121,-109.133,4.770,-1.3284,150.160,0.5097,0.0186,0.0362,1.9479,4.8578,4.8722,nan,4.3604,4.3751,0.1733,-0.1641,1.4339,-0.0637,0.0176,-0.2474,11.4058,0.0078,-1.6892,0.1501
37.000,147.552,0.5358,-5.1159,-112.996,0.5708,-4.9318,-110.979,-0.1831,-0.0397,0.1874,2.017,0.0287,3.4530,2.183,0.2222,-8.3994,-113.163,4.603,-1.2513,150.380,0.5027,0.0433,0.0450,1.0376,4.5655,4.5007,nan,4.2179,4.3338,0.1716,-0.1320,1.3986,-0.0817,-0.0167,-0.2638,11.6144,0.0661,-2.7806,0.1501
37.050,147.774,0.4446,-5.3174,-116.255,0.4886,-5.1379,-113.391,-0.1805,-0.0399,0.1849,2.864,-0.0988,3.4380,3.087,0.1247,-8.5951,-116.478,4.436,-1.1348,150.592,0.4952,0.0431,0.0336,0.7796,4.4810,4.5045,nan,4.0732,4.1301,0.1636,-0.1657,1.3640,-0.0781,0.0016,-0.2822,11.8230,0.0329,-2.7712,0.1501
37.100,147.988,0.3458,-5.5082,-118.846,0.4031,-5.3363,-115.736,-0.1782,-0.0327,0.1812,3.110,-0.1754,3.4161,3.619,0.0249,-8.7714,-119.354,4.340,-0.8919,150.803,0.4910,0.0412,0.0262,0.6372,4.3665,4.3825,nan,3.9752,4.0333,0.1597,-0.2134,1.3402,-0.0615,0.0329,-0.3018,12.0317,0.0336,-2.7360,0.1501
37.150,148.189,0.2456,-5.6817,-121.709,0.3117,-5.5168,-117.427,-0.1751,-0.0304,0.1777,4.282,-0.2037,3.4193,3.833,-0.0831,-8.9505,-121.260,4.193,-1.0850,150.995,0.4846,0.0385,0.0246,0.6385,4.1302,4.1070,nan,3.8261,3.9397,0.1560,-0.2524,1.3045,-0.0399,0.0664,-0.3231,12.2403,0.0657,-2.4606,0.1501
37.200,148.384,0.1396,-5.8454,-124.598,0.2075,-5.6977,-121.703,-0.1601,-0.0280,0.1625,2.896,-0.0786,3.3993,2.986,-0.1882,-9.0995,-124.689,4.114,-1.0643,151.187,0.4823,0.0358,0.0347,0.9673,3.9933,4.0032,nan,3.7264,3.8559,0.1527,-0.2698,1.2589,-0.0284,0.0887,-0.3472,12.4489,0.0750,-1.3740,0.1501
37.250,148.579,0.0250,-6.0029,-128.141,0.0954,-5.8846,-124.900,-0.1366,-0.0177,0.1377,3.241,-0.0146,3.3626,2.532,-0.2986,-9.2430,-127.432,4.013,-1.3344,151.379,0.4838,0.0353,0.0298,0.8428,4.0746,4.1274,nan,3.5344,3.4492,0.1366,-0.2593,1.1889,-0.0006,0.0808,-0.3807,12.7271,-0.0493,-1.6718,0.1501
37.300,148.761,-0.0914,-6.1428,-132.111,-0.0399,-6.0644,-128.896,-0.0928,-0.0144,0.0939,3.215,-0.0743,3.3376,2.845,-0.4323,-9.3921,-131.741,3.909,-1.5389,151.558,0.4685,0.0323,0.0280,0.8662,3.8318,3.8080,nan,3.4042,3.4010,0.1347,-0.2927,1.1389,0.0135,0.0507,-0.3996,12.8662,-0.0019,-1.8898,0.1501
37.350,148.942,-0.2172,-6.2733,-136.456,-0.1699,-6.2108,-133.592,-0.0773,-0.0127,0.0784,2.864,-0.0717,3.3116,2.750,-0.5550,-9.5067,-136.342,3.816,-1.6093,151.823,0.4688,0.0310,0.0307,0.9890,3.7345,3.7500,nan,3.3178,3.3145,0.1313,-0.3079,1.1100,0.0286,0.0508,-0.4321,13.0749,-0.0019,-1.7187,0.1501
37.400,149.290,-0.4850,-6.4952,-144.970,-0.4338,-6.4455,-141.667,-0.0704,-0.0113,0.0713,3.303,-0.1137,3.2940,2.966,-0.8237,-9.7098,-144.634,3.421,-1.5664,152.069,0.4653,0.0287,0.0336,1.1703,3.5379,3.5285,nan,3.2226,3.2792,0.1299,-0.3423,1.0484,0.0476,0.0864,-0.4719,13.2835,0.0328,-3.8681,0.1501
37.450,149.444,-0.6141,-6.5795,-149.206,-0.5677,-6.5461,-145.405,-0.0570,-0.0049,0.0572,3.800,-0.2597,3.2813,3.774,-0.9543,-9.7858,-149.180,3.298,-1.5882,152.219,0.4628,0.0283,0.0301,1.0647,3.3767,3.3758,nan,3.1228,3.2055,0.1270,-0.3750,1.0007,0.0595,0.0750,-0.5039,13.4226,0.0479,-2.4811,0.1501
37.500,149.600,-0.7509,-6.6545,-153.914,-0.6892,-6.6248,-149.780,-0.0685,0.0005,0.0685,4.135,-0.2318,3.2713,3.613,-1.0801,-9.8476,-153.392,3.217,-1.7225,152.374,0.4726,0.0286,0.0274,0.9565,3.2134,3.2104,nan,3.0224,3.1286,0.1239,-0.4129,0.9249,0.0694,0.0712,-0.5392,13.5617,0.0615,-2.1547,0.1501
37.550,149.746,-0.8842,-6.7136,-158.745,-0.8439,-6.7008,-155.194,-0.0422,0.0027,0.0423,3.551,-0.1965,3.2647,3.398,-1.2369,-9.9096,-158.592,3.136,-1.8437,152.520,0.4494,0.0260,0.0282,1.0849,3.3286,3.3834,nan,2.8774,2.7728,0.1098,-0.3856,0.8169,0.0838,0.0848,-0.5854,13.7704,-0.0606,-1.4622,0.1501
37.600,149.891,-1.0214,-6.7606,-164.009,-0.9791,-6.7489,-160.758,-0.0439,0.0004,0.0439,3.251,-0.1347,3.2536,2.988,-1.3645,-9.9449,-163.746,3.049,-1.9765,152.665,0.4581,0.0232,0.0273,1.1773,3.1125,3.0918,nan,2.8341,2.8781,0.1140,-0.4392,0.8169,0.0841,0.0632,-0.6091,13.9094,0.0255,-1.5897,0.1501
37.650,150.029,-1.1554,-6.7933,-168.825,-1.1286,-6.7814,-166.735,-0.0286,-0.0065,0.0293,2.090,-0.0797,3.2479,2.618,-1.5059,-9.9710,-169.353,2.839,-1.7171,152.796,0.4504,0.0222,0.0292,1.3147,3.0482,3.0634,nan,2.8174,2.9019,0.1149,-0.4572,0.8169,0.0831,0.0333,-0.6455,14.0485,0.0489,-1.7062,0.1501
37.700,150.163,-1.2882,-6.8139,-173.999,-1.2544,-6.7961,-171.505,-0.0355,-0.0141,0.0382,2.494,0.0276,3.2364,1.950,-1.6226,-9.9831,-173.455,2.777,-1.9174,152.931,0.4662,0.0212,0.0337,1.5935,2.8114,2.7781,nan,2.8299,2.8440,0.1126,-0.5337,0.8169,0.0792,0.0561,-0.6896,14.1876,0.0081,-3.6146,0.1501
37.750,150.290,-1.4152,-6.8219,-179.216,-1.4004,-6.8045,-177.359,-0.0151,-0.0172,0.0229,1.857,0.0678,3.2279,1.674,-1.7606,-9.9852,-179.033,2.762,-1.9845,153.062,0.4551,0.0193,0.0337,1.7433,2.8591,2.8908,nan,2.8145,2.8641,0.1134,-0.5169,0.8169,0.0696,0.0273,-0.7412,14.3267,0.0800,-1.1782,0.1501
37.800,150.413,-1.5383,-6.8183,175.370,-1.5328,-6.7977,176.893,-0.0038,-0.0209,0.0213,1.523,0.1165,3.2197,1.387,-1.8913,-9.9746,175.505,2.714,-2.1948,153.188,0.4475,0.0182,0.0346,1.9013,2.8342,2.8532,nan,2.8275,2.8739,0.1138,-0.5256,0.8169,0.0659,0.0231,-0.8008,14.4658,0.0800,-0.7225,0.1501
37.850,150.540,-1.6641,-6.8019,169.440,-1.6671,-6.7757,170.282,0.0077,-0.0252,0.0263,0.841,0.1598,3.2116,1.092,-2.0169,-9.9507,169.189,2.692,-2.1927,153.319,0.4478,0.0171,0.0273,1.6006,2.7162,2.7192,nan,2.8908,3.0235,0.1197,-0.5567,0.8049,0.0540,0.0089,-0.8766,14.6049,0.0768,-1.6290,0.1501
37.900,150.672,-1.7922,-6.7712,163.170,-1.7947,-6.7347,164.075,0.0130,-0.0342,0.0366,0.905,0.2641,3.1970,0.435,-2.1341,-9.9158,163.640,2.689,-2.2304,153.457,0.4588,0.0149,0.0277,1.8526,2.6688,2.6834,nan,2.9574,3.0014,0.1189,-0.5438,0.8000,0.0468,0.0192,-0.8741,14.7440,0.0800,-1.0008,0.1501
37.950,150.797,-1.9096,-6.7293,156.951,-1.9412,-6.6735,156.925,0.0509,-0.0390,0.0641,-0.026,0.3861,3.1722,-0.298,-2.2761,-9.8576,157.223,2.731,-2.4095,153.593,0.4351,0.0119,0.0281,2.3511,2.8442,2.9187,nan,3.0227,3.1583,0.1251,-0.5044,0.8429,0.0272,-0.0110,-0.8837,14.8831,0.0785,-0.0523,0.1501
38.000,150.926,-2.0255,-6.6726,150.420,-2.0611,-6.6053,149.750,0.0642,-0.0409,0.0762,-0.669,0.4581,3.1540,-0.743,-2.3925,-9.7912,150.493,2.760,-2.4301,153.732,0.4353,0.0112,0.0262,2.3472,2.9433,2.9890,nan,3.1175,3.1015,0.1228,-0.4568,0.9011,0.0152,0.0208,-0.8075,15.0918,-0.0093,-0.4241,0.1501
38.050,151.056,-2.1351,-6.6026,143.990,-2.1713,-6.5236,143.119,0.0758,-0.0426,0.0869,-0.871,0.4660,3.1490,-0.758,-2.5092,-9.7066,143.877,2.773,-2.3791,153.869,0.4298,0.0111,0.0270,2.4262,2.9152,2.9345,nan,3.1745,3.2168,0.1274,-0.4215,0.9014,0.0058,-0.0401,-0.7847,15.1613,0.0245,-0.7054,0.1501
38.100,151.315,-2.3286,-6.4305,132.642,-2.3669,-6.3221,131.143,0.1057,-0.0453,0.1150,-1.498,0.4760,3.1452,-0.813,-2.7082,-9.5067,131.957,2.901,-2.0768,154.147,0.4289,0.0159,0.0316,1.9883,3.0152,3.0617,nan,3.2441,3.2580,0.1290,-0.4161,0.9316,0.0016,0.0125,-0.7317,15.3699,0.0080,0.4136,0.1501
38.150,151.450,-2.4160,-6.3272,127.480,-2.4392,-6.2286,126.502,0.0924,-0.0416,0.1013,-0.979,0.4409,3.1512,-0.536,-2.7922,-9.4063,127.038,2.975,-1.9591,154.290,0.4317,0.0187,0.0321,1.7164,2.9163,2.9247,nan,3.2830,3.4013,0.1347,-0.4120,0.9367,0.0010,0.0314,-0.6997,15.5090,0.0685,-0.1019,0.1501
38.200,151.597,-2.5004,-6.2063,121.966,-2.5127,-6.1143,120.910,0.0846,-0.0383,0.0928,-1.057,0.5680,3.0995,-1.287,-2.8731,-9.2806,122.196,3.036,-1.9735,154.445,0.4360,0.0282,0.0376,1.3350,3.0052,3.0483,nan,3.3498,3.4576,0.1369,-0.4144,0.9488,0.0015,0.0365,-0.6754,15.6481,0.0624,0.5078,0.1501
38.250,151.742,-2.5717,-6.0803,116.587,-2.5911,-5.9501,114.618,0.1251,-0.0410,0.1317,-1.969,0.6556,3.0758,-1.863,-2.9516,-9.1267,116.481,3.123,-2.0136,154.601,0.4353,0.0348,0.0542,1.5548,3.2075,3.3045,nan,3.4717,3.5341,0.1400,-0.3982,0.9488,0.0001,0.0173,-0.6582,15.7872,0.0361,0.3250,0.1501
38.300,151.897,-2.6346,-5.9389,110.835,-2.6384,-5.8194,109.245,0.1131,-0.0390,0.1196,-1.590,0.6293,3.0713,-1.672,-3.0068,-8.9823,110.918,3.192,-2.0657,154.766,0.4434,0.0414,0.0598,1.4416,3.1996,3.2241,nan,3.6077,3.6398,0.1442,-0.3695,0.9488,-0.0028,0.0421,-0.6498,15.9959,0.0800,0.8256,0.1501
38.350,152.055,-2.6843,-5.7884,105.141,-2.6745,-5.6738,104.128,0.1081,-0.0394,0.1150,-1.013,0.5553,3.0855,-1.169,-3.0505,-8.8234,105.297,3.268,-2.0301,154.934,0.4515,0.0469,0.0630,1.3431,3.3120,3.3657,nan,3.7034,3.8345,0.1519,-0.3276,1.0704,-0.0036,0.0247,-0.5979,16.1350,0.0800,0.4469,0.1501
38.400,152.208,-2.7182,-5.6397,100.059,-2.7006,-5.4995,98.215,0.1350,-0.0418,0.1413,-1.844,0.5769,3.0684,-1.297,-3.0829,-8.6399,99.512,3.357,-1.9303,155.097,0.4636,0.0511,0.0755,1.4770,3.5097,3.6080,nan,3.8527,3.8932,0.1542,-0.3020,1.1379,-0.0006,0.0482,-0.5290,16.3436,0.0234,0.5043,0.1501
38.450,152.373,-2.7406,-5.4763,95.165,-2.7088,-5.3711,93.701,0.1019,-0.0412,0.1099,-1.464,0.5749,3.0548,-1.284,-3.0941,-8.4974,94.984,3.501,-1.7883,155.275,0.4676,0.0547,0.0680,1.2427,3.3636,3.3664,nan,3.9555,4.0088,0.1588,-0.2595,1.1968,-0.0041,0.0341,-0.4866,16.4827,0.0800,0.8369,0.1501
38.500,152.537,-2.7496,-5.3127,90.718,-2.7095,-5.1842,89.092,0.1280,-0.0417,0.1346,-1.626,0.5557,3.0379,-1.155,-3.0988,-8.2862,90.248,3.608,-1.6917,155.449,0.4877,0.0558,0.0743,1.3315,3.6513,3.8933,nan,4.1677,4.2822,0.1696,-0.2426,1.3389,0.0069,0.0509,-0.4278,16.6913,0.0660,1.7008,0.1501
38.550,152.713,-2.7459,-5.1361,86.581,-2.7099,-5.0442,85.735,0.0939,-0.0304,0.0987,-0.846,0.4420,3.0614,-0.408,-3.0942,-8.1279,86.143,3.736,-1.5012,155.636,0.4819,0.0583,0.0673,1.1546,3.6116,3.6349,nan,4.2770,4.3207,0.1711,-0.2160,1.3498,0.0133,0.0388,-0.3911,16.8304,0.0800,1.2461,0.1501
38.600,152.889,-2.7302,-4.9607,82.736,-2.6833,-4.8572,81.828,0.1086,-0.0335,0.1136,-0.908,0.5085,3.0298,-0.875,-3.0710,-7.9348,82.703,3.908,-1.4733,155.827,0.4953,0.0571,0.0648,1.1350,3.8368,3.9648,nan,4.4441,4.5850,0.1816,-0.2108,1.4750,0.0371,0.0715,-0.3388,17.0391,0.0766,1.5260,0.1501
38.650,153.072,-2.7020,-4.7800,79.177,-2.6359,-4.6673,77.351,0.1232,-0.0438,0.1307,-1.826,0.5827,2.9824,-1.396,-3.0313,-7.7258,78.747,4.031,-1.3494,156.020,0.5169,0.0755,0.0915,1.2119,4.0812,4.2393,nan,4.6709,4.7739,0.1891,-0.1646,1.5809,0.0454,0.0573,-0.2887,17.2477,0.0526,2.6014,0.1501
38.700,153.266,-2.6603,-4.5907,75.522,-2.5811,-4.4813,74.274,0.1258,-0.0493,0.1351,-1.248,0.5663,2.9969,-1.241,-2.9848,-7.5445,75.515,4.203,-1.3738,156.229,0.5181,0.0706,0.0830,1.1753,4.0638,4.0945,nan,4.7847,4.9147,0.1946,-0.1242,1.6256,0.0407,0.0514,-0.2398,17.4564,0.0800,1.6646,0.1501
38.750,153.473,-2.6037,-4.3920,72.407,-2.5163,-4.2804,70.736,0.1328,-0.0496,0.1417,-1.671,0.5395,2.9940,-1.094,-2.9164,-7.3314,71.830,4.390,-1.1213,156.451,0.5347,0.0670,0.0792,1.1818,4.3552,4.7269,nan,5.0630,5.1986,0.2059,-0.1051,1.6077,0.0549,0.0696,-0.1755,17.7345,0.0643,2.7485,0.1501
38.800,153.677,-2.5374,-4.1985,69.410,-2.4369,-4.0622,68.309,0.1630,-0.0462,0.1694,-1.100,0.5266,2.9927,-1.045,-2.8343,-7.1077,69.354,4.492,-1.1464,156.665,0.5618,0.0589,0.0721,1.2232,4.4616,4.5366,nan,5.2677,5.4212,0.2147,-0.0737,1.5642,0.0708,0.0474,-0.1274,17.9432,0.0800,1.4620,0.1501
38.850,153.892,-2.4581,-3.9993,66.972,-2.3621,-3.8795,66.496,0.1478,-0.0415,0.1535,-0.476,0.3817,3.0518,0.088,-2.7545,-6.9271,66.408,4.620,-0.8846,156.890,0.5543,0.0534,0.0558,1.0448,4.7081,4.9271,nan,4.9298,4.8704,0.1929,-0.0741,1.5078,0.1028,0.0668,-0.0633,18.2214,-0.0800,1.9008,0.1501
38.900,154.113,-2.3680,-3.7967,64.867,-2.2500,-3.6389,65.048,0.1930,-0.0398,0.1971,0.181,0.3360,3.0805,0.520,-2.6469,-6.6956,64.528,4.801,-0.7786,157.127,0.5826,0.0482,0.0506,1.0513,4.8351,4.9363,nan,4.7215,4.6352,0.1836,-0.0439,1.4751,0.1198,0.0532,0.0011,18.4996,-0.0413,2.8984,0.1501
38.950,154.587,-2.1555,-3.3737,61.699,-2.0312,-3.2001,62.531,0.2118,-0.0271,0.2135,0.832,0.2983,3.0904,0.809,-2.4181,-6.2570,61.722,4.905,-0.5602,157.611,0.6041,0.0696,0.0898,1.2904,5.0103,5.1568,nan,4.4072,4.6095,0.1826,-0.0034,1.4751,0.1401,0.0411,0.0496,18.7082,-0.0800,3.1594,0.1501
39.000,154.804,-2.0511,-3.1833,60.788,-1.9313,-3.0070,61.003,0.2124,-0.0185,0.2132,0.214,0.2863,3.0858,0.850,-2.3077,-6.0592,60.153,4.760,-0.3202,157.818,0.6128,0.0394,0.0323,0.8201,4.9085,4.9311,nan,4.2961,4.4009,0.1743,0.0723,1.4751,0.1470,-0.0090,0.1144,18.9864,0.0800,-1.7740,0.1501
39.050,155.039,-1.9358,-2.9784,60.642,-1.8324,-2.8273,60.931,0.1824,-0.0160,0.1831,0.289,0.2680,3.1068,1.083,-2.2122,-5.8933,59.848,4.653,-0.0175,158.046,0.5778,0.0362,0.0255,0.7041,4.5230,4.3204,nan,4.1962,4.0823,0.1617,0.1139,1.4751,0.1487,-0.0300,0.1631,19.1950,0.0800,-2.5671,0.1501
39.100,155.267,-1.8249,-2.7790,61.778,-1.7390,-2.6409,61.873,0.1623,-0.0103,0.1626,0.095,0.2378,3.1043,1.279,-2.1046,-5.6996,60.594,4.489,0.5078,158.264,0.5725,0.0327,0.0263,0.8046,4.4380,4.4610,nan,4.0996,4.0732,0.1613,0.1447,1.4751,0.1545,-0.0418,0.2110,19.4037,0.0800,-1.6040,0.1501
39.150,155.485,-1.7244,-2.5856,63.867,-1.6419,-2.4291,64.685,0.1769,-0.0051,0.1770,0.818,0.2207,3.1135,1.450,-2.0023,-5.4937,63.235,4.252,0.7597,158.468,0.5794,0.0297,0.0263,0.8857,4.4798,4.5322,nan,4.1377,4.1938,0.1661,0.1539,1.4751,0.1638,-0.0219,0.2591,19.6123,0.0800,-2.4673,0.1501
39.200,155.690,-1.6376,-2.4005,66.463,-1.5700,-2.2422,67.686,0.1721,0.0012,0.1721,1.224,0.2025,3.1487,1.730,-1.9344,-5.3350,65.957,4.109,0.9337,158.665,0.5512,0.0274,0.0344,1.2567,4.1588,4.0772,nan,4.1898,4.2133,0.1669,0.1473,1.4751,0.1741,-0.0208,0.3078,19.8210,0.0131,-3.5225,0.1501
39.250,155.886,-1.5624,-2.2186,69.161,-1.5070,-2.0581,70.598,0.1698,0.0053,0.1698,1.437,0.2131,3.1441,1.606,-1.8652,-5.1519,68.992,4.091,0.9848,158.862,0.5462,0.0253,0.0376,1.4843,4.0862,4.1085,nan,4.2503,4.3751,0.1733,0.1570,1.4751,0.1778,-0.0243,0.3575,20.0296,0.0707,-2.1721,0.1501
39.300,156.083,-1.4960,-2.0336,71.762,-1.4514,-1.8576,73.527,0.1811,0.0127,0.1816,1.764,0.2017,3.1567,1.722,-1.8031,-4.9623,71.804,4.096,0.9394,159.061,0.5442,0.0202,0.0353,1.7516,4.1381,4.1846,nan,4.3885,4.4692,0.1770,0.1706,1.4855,0.1729,-0.0803,0.4031,20.3078,0.0800,-0.3411,0.1501
39.350,156.273,-1.4399,-1.8520,74.405,-1.4056,-1.6636,75.335,0.1907,0.0176,0.1915,0.930,0.2519,3.1404,1.097,-1.7492,-4.7713,74.238,4.160,1.0170,159.257,0.5462,0.0155,0.0340,2.2004,4.2013,4.2524,nan,4.5426,4.6446,0.1839,0.1917,1.5144,0.1585,-0.1142,0.3669,20.5164,0.0536,-0.0472,0.1501
39.400,156.466,-1.3919,-1.6648,77.329,-1.3698,-1.4999,78.009,0.1658,0.0146,0.1664,0.680,0.2579,3.1064,0.913,-1.7009,-4.5797,77.097,4.234,1.1271,159.458,0.5485,0.0114,0.0302,2.6476,4.2274,4.2696,nan,4.6661,4.7898,0.1897,0.2080,1.5424,0.1307,-0.1404,0.3333,20.7251,0.0637,0.9344,0.1501
39.450,156.664,-1.3531,-1.4712,80.661,-1.3389,-1.2986,81.471,0.1726,0.0140,0.1732,0.811,0.2441,3.1047,1.078,-1.6656,-4.3728,80.393,4.340,1.2968,159.666,0.5514,0.0093,0.0287,3.0772,4.2944,4.3494,nan,4.7951,4.9305,0.1953,0.1957,1.5699,0.1132,-0.1434,0.3013,20.9337,0.0679,1.0919,0.1501
39.500,156.875,-1.3245,-1.2618,84.526,-1.3204,-1.1075,84.727,0.1540,0.0106,0.1543,0.201,0.2871,3.0679,0.502,-1.6440,-4.1612,84.226,4.457,1.4397,159.890,0.5463,0.0068,0.0242,3.5761,4.3411,4.3913,nan,4.9285,5.0768,0.2011,0.1710,1.5972,0.0942,-0.1209,0.2706,21.1424,0.0800,1.6368,0.1501
39.550,157.092,-1.3099,-1.0450,88.337,-1.3206,-0.8703,89.075,0.1743,0.0158,0.1750,0.738,0.2769,3.0666,0.571,-1.6366,-3.9208,88.504,4.580,1.3928,160.120,0.5517,0.0052,0.0236,4.5833,4.5474,4.6939,nan,5.1581,5.3152,0.2105,0.1483,1.6348,0.0686,-0.1147,0.2300,21.4205,0.0735,1.6540,0.1501
39.600,157.307,-1.3089,-0.8309,91.643,-1.3268,-0.6466,92.497,0.1848,0.0126,0.1852,0.853,0.2967,3.0503,0.330,-1.6447,-3.6875,92.167,4.714,1.2502,160.347,0.5540,0.0021,0.0226,10.8491,4.6826,4.7816,nan,5.2983,5.4291,0.2150,0.1240,1.6733,0.0515,-0.1079,0.1904,21.6987,0.0591,1.6744,0.1501
39.650,157.547,-1.3216,-0.5905,94.862,-1.3424,-0.4406,95.228,0.1511,0.0080,0.1513,0.366,0.3215,3.0133,0.009,-1.6644,-3.4536,95.219,4.900,1.1240,160.605,0.5446,0.0019,0.0148,7.8220,4.6951,4.7440,nan,5.4853,5.5795,0.2210,0.1132,1.7031,0.0231,-0.1042,0.1610,21.9074,0.0800,2.0025,0.1501
39.700,157.792,-1.3473,-0.3476,97.605,-1.3868,-0.1721,98.647,0.1792,0.0159,0.1799,1.042,0.2715,3.0384,0.737,-1.6995,-3.1889,97.910,5.053,0.9692,160.864,0.5491,0.0130,0.0428,3.2814,4.9416,5.1851,nan,5.6681,5.8373,0.2312,0.1046,1.7287,-0.0111,-0.1070,0.1221,22.1856,0.0720,2.6951,0.1501
39.750,158.033,-1.3835,-0.1092,100.034,-1.4467,0.0863,101.538,0.2035,0.0281,0.2055,1.504,0.2327,3.0465,1.309,-1.7465,-2.9210,100.229,5.195,0.9077,161.119,0.5581,0.0109,0.0407,3.7149,5.1871,5.4519,nan,5.9216,6.0768,0.2407,0.0791,1.6895,-0.0310,-0.0897,0.0833,22.4638,0.0629,2.2149,0.1501
39.800,158.287,-1.4322,0.1400,102.431,-1.5188,0.3482,103.856,0.2220,0.0397,0.2255,1.425,0.2208,3.0587,1.327,-1.8019,-2.6694,102.529,5.373,0.8725,161.391,0.5543,0.0104,0.0410,3.9357,5.4120,5.6624,nan,5.6580,5.4825,0.2171,0.0370,1.6518,-0.0317,-0.0637,0.0445,22.7419,-0.0800,2.8669,0.1501
39.850,158.542,-1.4914,0.3884,104.805,-1.5905,0.6208,104.590,0.2500,0.0364,0.2527,-0.215,0.2929,3.0087,-0.239,-1.8734,-2.3958,104.829,5.481,0.8894,161.658,0.5613,0.0090,0.0291,3.2291,5.4959,5.6003,nan,5.3860,5.3025,0.2100,-0.0105,1.6061,-0.0335,-0.0259,-0.0042,23.0897,-0.0352,1.6744,0.1501
39.900,158.809,-1.5635,0.6458,106.737,-1.6704,0.8662,106.795,0.2418,0.0389,0.2449,0.058,0.2962,2.9982,-0.421,-1.9509,-2.1464,107.216,5.642,0.6880,161.942,0.5520,0.0075,0.0329,4.3602,5.7264,6.0187,nan,5.0628,5.2683,0.2086,-0.0192,1.5695,-0.0616,-0.0290,-0.0421,23.3679,-0.0800,2.6124,0.1501
39.950,159.077,-1.6430,0.9020,107.738,-1.7542,1.1372,107.519,0.2579,0.0342,0.2602,-0.219,0.3288,2.9510,-1.111,-2.0474,-1.8538,108.630,5.534,0.3133,162.202,0.5647,0.0059,0.0318,5.4347,5.4735,5.4261,nan,4.9390,4.7898,0.1897,-0.0198,1.5420,-0.0808,-0.0397,-0.0704,23.5765,-0.0673,-2.0273,0.1501
40.000,159.334,-1.7215,1.1462,107.630,-1.8121,1.3302,106.541,0.2028,0.0306,0.2051,-1.089,0.3656,2.8861,-2.061,-2.1203,-1.6331,108.602,5.395,-0.0973,162.449,0.5522,0.0039,0.0210,5.3256,5.2004,5.1400,nan,4.7587,4.6820,0.1854,0.0021,1.5140,-0.1082,-0.0728,-0.0987,23.7852,0.0800,-2.3586,0.1501
40.050,159.833,-1.8700,1.6228,106.773,-1.9377,1.7758,105.149,0.1660,0.0207,0.1673,-1.623,0.3536,2.8868,-1.643,-2.2585,-1.1763,106.793,5.049,-0.1607,162.924,0.5466,0.0037,0.0229,6.1990,5.2180,5.2810,nan,4.5847,4.7052,0.1863,-0.0294,1.4753,-0.1172,-0.0455,-0.1364,24.0633,0.0630,-1.6323,0.1501
40.100,159.833,-1.8700,1.6228,106.773,-1.9355,1.7552,105.241,0.1456,0.0245,0.1477,-1.531,0.3541,2.8699,-1.551,-2.2585,-1.1763,106.793,5.049,-0.1607,162.924,0.5466,0.0037,0.0218,5.8814,4.9649,4.9230,nan,4.4721,4.5658,0.1808,-0.0655,1.4445,-0.1217,-0.0209,-0.1648,24.2720,0.0800,-4.1979,0.1501
40.150,160.333,-2.0133,2.1015,106.774,-2.0042,2.0040,104.996,-0.0959,0.0195,0.0979,-1.778,0.3469,2.8795,-1.259,-2.3313,-0.9270,106.255,4.849,0.0126,163.401,0.4996,0.0467,0.0236,0.5062,4.6298,3.8077,nan,4.3621,4.2476,0.1682,-0.1109,1.4226,-0.1132,0.0234,-0.1837,24.4111,0.0800,-3.3352,0.1501
40.200,160.543,-2.0704,2.3035,105.030,-2.1224,2.4567,104.422,0.1614,0.0105,0.1618,-0.608,0.3467,2.8869,-1.133,-2.4601,-0.4789,105.555,4.613,-0.4698,163.604,0.5568,0.0038,0.0295,7.6847,4.8659,5.6300,nan,4.0459,3.9053,0.1547,-0.1824,1.3707,-0.1057,0.0676,-0.2316,24.7588,-0.0800,-1.6061,0.1501
40.250,160.758,-2.1236,2.5125,103.033,-2.1457,2.5672,103.290,0.0583,0.0092,0.0590,0.257,0.3487,2.8849,-0.447,-2.4918,-0.3372,103.737,4.395,-0.7633,163.807,0.5311,0.0032,0.0174,5.5016,4.4917,4.3187,nan,4.0459,4.1568,0.1646,-0.1898,1.3566,-0.1061,0.0672,-0.2510,24.8979,0.0642,-1.8851,0.1501
40.300,160.962,-2.1659,2.7119,100.113,-2.1803,2.7405,100.787,0.0307,0.0092,0.0320,0.674,0.3469,2.8804,-0.221,-2.5266,-0.1497,101.008,4.117,-1.1740,163.995,0.5305,0.0100,0.0205,2.0577,4.2495,4.2224,nan,3.8952,4.0196,0.1592,-0.1958,1.2094,-0.1026,0.0644,-0.2810,25.1066,0.0800,-3.4091,0.1501
40.350,161.151,-2.1948,2.8980,96.912,-2.1982,2.9165,97.105,0.0188,0.0012,0.0188,0.193,0.3490,2.8907,0.145,-2.5471,0.0323,96.960,4.077,-1.2123,164.183,0.5352,0.0082,0.0112,1.3647,4.0652,4.0626,nan,3.8462,3.8609,0.1529,-0.1708,1.1717,-0.1067,0.0170,-0.3017,25.2456,0.0800,-4.5869,0.1501
40.400,161.340,-2.2131,3.0865,93.592,-2.2081,3.0701,94.426,-0.0167,-0.0039,0.0172,0.834,0.3530,2.8865,0.710,-2.5587,0.2153,93.716,3.990,-1.2232,164.369,0.5379,0.0088,0.0082,0.9304,4.0035,4.0267,nan,3.7039,3.8346,0.1519,-0.1748,1.0688,-0.1075,0.0262,-0.3337,25.4543,0.0800,-0.7246,0.1501
40.450,161.521,-2.2206,3.2673,90.797,-2.2231,3.2519,91.893,-0.0154,0.0027,0.0156,1.096,0.3518,2.9180,1.538,-2.5650,0.4029,90.355,3.883,-1.0364,164.545,0.5426,0.0093,0.0114,1.2315,4.0129,4.0475,nan,3.5733,3.5861,0.1420,-0.2184,1.0434,-0.1018,0.0454,-0.3675,25.6629,0.0074,-1.5510,0.1501
40.500,161.698,-2.2194,3.4442,88.038,-2.2185,3.4002,89.437,-0.0440,-0.0024,0.0440,1.400,0.3536,2.8942,1.372,-2.5592,0.5675,88.065,3.811,-1.0407,164.719,0.5399,0.0104,0.0070,0.6704,3.8209,3.8157,nan,3.5010,3.5890,0.1421,-0.2943,1.0434,-0.0824,0.0784,-0.3913,25.8020,0.0509,-1.9192,0.1501
40.550,161.869,-2.2096,3.6151,84.828,-2.2049,3.5611,86.836,-0.0533,-0.0096,0.0542,2.008,0.3596,2.8882,1.611,-2.5445,0.7447,85.225,3.648,-1.2419,164.883,0.5474,0.0104,0.0067,0.6468,3.7717,3.7949,nan,3.4325,3.4816,0.1379,-0.3020,1.0414,-0.0769,0.1081,-0.4295,26.0107,0.0285,-1.2571,0.1501
40.600,162.034,-2.1901,3.7791,80.836,-2.1821,3.7076,82.895,-0.0693,-0.0193,0.0719,2.059,0.3610,2.8775,1.560,-2.5196,0.8990,81.335,3.544,-1.6321,165.046,0.5470,0.0124,0.0040,0.3201,3.5172,3.4843,nan,3.3563,3.4571,0.1369,-0.3441,1.0414,-0.0825,0.0926,-0.4570,26.1498,0.0800,-2.7647,0.1501
40.650,162.208,-2.1562,3.9500,76.112,-2.1592,3.8468,79.102,-0.1009,-0.0218,0.1033,2.991,0.3708,2.9205,2.754,-2.4826,1.0468,76.349,3.442,-1.6270,165.218,0.5384,0.0164,0.0056,0.3447,3.3371,3.3307,nan,3.3153,3.3062,0.1309,-0.2897,0.9826,-0.0943,0.0425,-0.4869,26.2889,0.0800,-1.8014,0.1501
40.700,162.368,-2.1123,4.1038,71.323,-2.1175,4.0175,74.879,-0.0835,-0.0227,0.0865,3.556,0.3727,2.9342,3.226,-2.4253,1.2216,71.654,3.372,-1.8180,165.378,0.5603,0.0285,0.0139,0.4880,3.5058,3.5859,nan,3.1350,3.0628,0.1213,-0.3485,0.8944,-0.0759,0.0847,-0.5354,26.4975,-0.0418,-1.7130,0.1501
40.750,162.531,-2.0548,4.2562,67.033,-2.0699,4.1515,70.574,-0.1023,-0.0269,0.1057,3.541,0.3861,2.9695,4.093,-2.3654,1.3543,66.481,3.282,-1.4871,165.538,0.5529,0.0299,0.0090,0.3008,3.4296,3.4461,nan,3.1350,3.0990,0.1227,-0.3098,0.8944,-0.0857,0.0375,-0.5559,26.5670,-0.0209,-1.6994,0.1501
40.800,162.678,-1.9933,4.3890,62.683,-2.0188,4.3014,67.666,-0.0895,-0.0176,0.0912,4.983,0.3924,2.9874,4.717,-2.2950,1.5078,62.950,3.097,-1.6932,165.678,0.5706,0.0258,0.0224,0.8670,3.0727,2.9288,nan,3.0740,3.0749,0.1218,-0.4173,0.8944,-0.0613,0.0935,-0.5832,26.7757,0.0006,-3.1963,0.1501
40.850,162.821,-1.9230,4.5137,58.182,-1.9667,4.3959,63.017,-0.1231,-0.0250,0.1256,4.835,0.3924,2.9874,4.717,-2.2353,1.5977,58.300,3.010,-1.6456,165.820,0.5450,0.0238,0.0106,0.4471,3.1093,3.1410,nan,2.9892,3.1274,0.1239,-0.4401,0.8163,-0.0471,0.1037,-0.6035,26.9148,0.0800,-1.5890,0.1501
40.900,163.097,-1.7624,4.7379,49.806,-1.8094,4.6534,56.002,-0.0949,-0.0186,0.0967,6.196,0.4162,3.0333,5.537,-2.0589,1.8272,50.465,2.964,-1.9110,166.099,0.5615,0.0191,0.0230,1.2038,3.0233,3.0348,nan,2.9192,3.0246,0.1198,-0.4645,0.8163,-0.0217,0.1451,-0.6317,27.0539,0.0800,-0.4037,0.1501
40.950,163.227,-1.6745,4.8339,44.711,-1.7172,4.7776,49.741,-0.0699,-0.0100,0.0706,5.030,0.4081,3.0281,5.089,-1.9617,1.9312,44.652,2.960,-2.0429,166.233,0.5734,0.0150,0.0236,1.5727,3.0119,3.0344,nan,2.8236,2.8358,0.1123,-0.4679,0.8163,-0.0011,0.1529,-0.7095,27.2625,0.0071,-1.3952,0.1501
41.000,163.367,-1.5702,4.9281,38.915,-1.6265,4.8675,44.797,-0.0819,-0.0118,0.0827,5.883,0.4204,3.0437,5.376,-1.8671,2.0075,39.421,2.905,-2.1215,166.376,0.5569,0.0266,0.0231,0.8706,2.8636,2.8613,nan,2.8153,2.8875,0.1144,-0.5153,0.8163,0.0101,0.1013,-0.7313,27.3321,0.0418,-0.5217,0.1501
41.050,163.498,-1.4652,5.0054,33.399,-1.5025,4.9656,37.574,-0.0531,-0.0127,0.0546,4.175,0.3836,3.0051,4.367,-1.7314,2.0984,33.207,2.783,-2.0510,166.505,0.5905,0.0235,0.0210,0.8928,3.0723,3.1719,nan,2.9414,3.0240,0.1198,-0.4504,0.8163,0.0284,0.1372,-0.7583,27.5407,0.0478,-1.3745,0.1501
41.100,163.627,-1.3539,5.0715,27.562,-1.4103,5.0206,32.347,-0.0736,-0.0190,0.0760,4.785,0.3836,3.0051,4.367,-1.6353,2.1463,27.979,2.733,-2.2155,166.638,0.5691,0.0207,0.0094,0.4533,2.8007,2.7482,nan,2.9711,3.1005,0.1228,-0.5375,0.8163,0.0238,0.1320,-0.8045,27.6798,0.0749,-2.3967,0.1501
41.150,163.752,-1.2408,5.1246,22.434,-1.2863,5.0898,26.431,-0.0554,-0.0148,0.0573,3.998,0.3975,3.0150,4.603,-1.5119,2.2032,21.829,2.807,-1.9831,166.770,0.5800,0.0192,0.0106,0.5526,2.8495,2.8814,nan,3.0249,3.1582,0.1251,-0.5202,0.8163,0.0380,0.1212,-0.8780,0.0000,0.0772,-1.3485,0.1501
41.200,163.882,-1.1185,5.1689,16.824,-1.1544,5.1451,21.148,-0.0412,-0.0124,0.0431,4.324,0.3803,2.9949,3.939,-1.3833,2.2505,17.209,2.846,-2.2355,166.909,0.5870,0.0172,0.0160,0.9296,2.9029,2.9362,nan,3.0877,3.0802,0.1220,-0.5021,0.8818,0.0663,0.1660,-0.8167,0.1391,-0.0043,0.4088,0.1501
41.250,164.011,-0.9936,5.2004,10.817,-1.0184,5.1767,14.861,-0.0288,-0.0187,0.0343,4.044,0.3772,2.9892,3.953,-1.2415,2.2785,10.908,2.879,-2.3600,167.048,0.6010,0.0132,0.0136,1.0269,2.9857,3.0269,nan,3.1237,3.0788,0.1219,-0.4758,0.8987,0.0752,0.1316,-0.7794,0.2782,-0.0260,-0.2805,0.1501
41.300,164.146,-0.8595,5.2192,4.668,-0.8979,5.1933,8.098,-0.0403,-0.0227,0.0463,3.430,0.3475,2.9794,3.715,-1.0993,2.2899,4.383,2.882,-2.2729,167.189,0.6057,0.0253,0.0092,0.3641,2.9846,3.0084,nan,3.1867,3.2002,0.1267,-0.4762,0.8987,0.0790,0.1106,-0.7530,0.4173,0.0078,-0.1734,0.1501
41.350,164.285,-0.7209,5.2237,-1.318,-0.7577,5.2134,1.218,-0.0366,-0.0112,0.0382,2.536,0.3117,2.9610,2.768,-0.9595,2.3014,-1.550,2.896,-2.1614,167.334,0.6095,0.0220,0.0092,0.4163,2.9660,2.9871,nan,3.2592,3.3587,0.1330,-0.4819,0.8987,0.0945,0.1064,-0.7334,0.5564,0.0576,-0.8006,0.1501
41.400,164.425,-0.5810,5.2137,-7.342,-0.5992,5.2018,-5.187,-0.0165,-0.0142,0.0218,2.155,0.2947,2.9489,2.047,-0.8129,2.2833,-7.233,2.946,-2.2033,167.484,0.6126,0.0210,0.0107,0.5085,3.0833,3.1362,nan,3.3355,3.4289,0.1358,-0.4473,0.8987,0.0951,0.0886,-0.7210,0.6955,0.0540,0.0996,0.1501
41.450,164.564,-0.4440,5.1894,-13.317,-0.4562,5.1723,-11.717,-0.0079,-0.0194,0.0210,1.600,0.2703,2.9444,1.658,-0.6617,2.2480,-13.375,2.975,-2.2215,167.631,0.6219,0.0199,0.0050,0.2508,3.0700,3.0927,nan,3.4125,3.5105,0.1390,-0.4510,0.9327,0.1005,0.0652,-0.6912,0.8346,0.0800,-0.2804,0.1501
41.500,164.706,-0.3082,5.1502,-19.469,-0.3193,5.1269,-17.865,-0.0027,-0.0256,0.0258,1.604,0.2596,2.9378,1.277,-0.5299,2.2015,-19.142,3.041,-2.3051,167.784,0.6155,0.0185,0.0009,0.0497,3.2635,3.3553,nan,3.5782,3.6368,0.1440,-0.4007,1.0835,0.0985,0.0660,-0.6276,1.0432,0.0339,0.3486,0.1501
41.550,164.848,-0.1766,5.0968,-25.251,-0.1707,5.0610,-24.779,0.0206,-0.0299,0.0363,0.472,0.2366,2.9357,0.781,-0.3784,2.1306,-25.559,3.126,-2.1908,168.017,0.6288,0.0146,0.0035,0.2384,3.3087,3.3439,nan,3.6652,3.7359,0.1480,-0.3902,1.1187,0.0985,0.0410,-0.5893,1.1823,0.0409,0.5504,0.1501
41.600,165.146,0.0792,4.9440,-36.734,0.0905,4.8865,-36.451,0.0434,-0.0394,0.0586,0.283,0.2363,2.9349,0.863,-0.1164,1.9535,-37.314,3.304,-2.0720,168.261,0.6277,0.0060,0.0001,0.0250,3.3084,3.3351,nan,3.7528,3.8799,0.1537,-0.3681,1.1366,0.0926,0.0073,-0.5564,1.3214,0.0736,0.4025,0.1501
41.650,165.303,0.2014,4.8442,-42.287,0.2375,4.7566,-42.287,0.0857,-0.0405,0.0948,-0.001,0.2273,2.9196,0.131,0.0144,1.8369,-42.418,3.403,-2.0731,168.431,0.6318,0.0045,0.0008,0.1801,3.4359,3.4965,nan,3.8845,3.9969,0.1583,-0.3421,1.2110,0.0943,0.0243,-0.5045,1.5300,0.0651,1.0075,0.1501
41.700,165.470,0.3197,4.7270,-47.834,0.3454,4.6332,-48.203,0.0868,-0.0439,0.0973,-0.369,0.2049,2.9205,-0.474,0.1264,1.7137,-47.729,3.525,-2.0254,168.612,0.6243,0.0238,0.0258,1.0855,3.5129,3.5578,nan,4.0160,4.1454,0.1642,-0.2979,1.2704,0.0901,0.0168,-0.4539,1.7387,0.0749,0.9508,0.1501
41.750,165.635,0.4255,4.6004,-52.924,0.4565,4.4860,-53.634,0.1100,-0.0443,0.1185,-0.710,0.1961,2.9362,-0.358,0.2507,1.5513,-53.276,3.640,-1.9387,168.791,0.6352,0.0182,0.0235,1.2889,3.7776,3.9603,nan,4.1478,4.1626,0.1649,-0.2429,1.3963,0.0796,-0.0048,-0.4119,1.9473,0.0083,1.2820,0.1501
41.800,165.810,0.5256,4.4571,-57.657,0.5459,4.3445,-58.438,0.1060,-0.0431,0.1144,-0.781,0.1974,2.9421,-0.264,0.3421,1.4040,-58.174,3.782,-1.7512,168.979,0.6259,0.0131,0.0187,1.4280,3.7790,3.8100,nan,4.2359,4.3099,0.1707,-0.2021,1.4153,0.0681,-0.0343,-0.3869,2.0864,0.0414,1.2961,0.1501
41.850,165.991,0.6174,4.3013,-61.654,0.6371,4.1684,-62.980,0.1263,-0.0458,0.1343,-1.326,0.1888,2.9433,-0.602,0.4353,1.2297,-62.378,3.897,-1.4674,169.170,0.6245,0.0095,0.0213,2.2376,3.9291,4.0052,nan,4.4132,4.4986,0.1782,-0.1851,1.4989,0.0649,-0.0249,-0.3525,2.2951,0.0460,1.7747,0.1501
41.900,166.177,0.7015,4.1347,-65.067,0.7088,4.0066,-66.465,0.1192,-0.0474,0.1283,-1.398,0.1768,2.9600,-0.852,0.5163,1.0543,-65.612,4.030,-1.2609,169.367,0.6202,0.0079,0.0227,2.8710,4.0045,4.0540,nan,4.5477,4.6683,0.1849,-0.1754,1.5527,0.0608,-0.0068,-0.3208,2.5037,0.0636,1.3562,0.1501
41.950,166.371,0.7785,3.9574,-68.272,0.7824,3.8303,-69.553,0.1195,-0.0435,0.1272,-1.281,0.1683,2.9740,-1.081,0.5978,0.8678,-68.472,4.177,-1.1965,169.572,0.6236,0.0077,0.0229,2.9630,4.1243,4.1917,nan,4.7290,4.8845,0.1934,-0.1724,1.5788,0.0652,0.0104,-0.2909,2.7123,0.0800,1.7970,0.1501
42.000,166.566,0.8467,3.7738,-71.342,0.8432,3.6458,-72.483,0.1202,-0.0442,0.1281,-1.141,0.1657,2.9910,-0.984,0.6662,0.6663,-71.499,4.328,-1.1726,169.780,0.6221,0.0100,0.0266,2.6543,4.2706,4.3562,nan,4.8665,5.0050,0.1982,-0.1535,1.6046,0.0631,0.0114,-0.2622,2.9210,0.0685,2.1090,0.1501
42.050,166.774,0.9083,3.5755,-74.516,0.9008,3.4320,-75.349,0.1363,-0.0456,0.1437,-0.833,0.1685,2.9915,-0.641,0.7273,0.4487,-74.708,4.492,-1.1963,170.002,0.6203,0.0144,0.0233,1.6157,4.3686,4.4366,nan,5.0055,5.1623,0.2044,-0.1373,1.6303,0.0637,0.0104,-0.2345,3.1296,0.0757,2.2982,0.1501
42.100,167.003,0.9640,3.3535,-77.671,0.9512,3.2119,-77.956,0.1356,-0.0428,0.1421,-0.284,0.1765,2.9808,-0.014,0.7746,0.2313,-77.942,4.650,-1.1004,170.245,0.6122,0.0136,0.0203,1.4964,4.3986,4.4456,nan,5.1454,5.2338,0.2073,-0.1188,1.6558,0.0646,0.0045,-0.2079,3.3383,0.0800,2.5151,0.1501
42.150,167.240,1.0094,3.1212,-80.583,0.9940,2.9713,-80.502,0.1454,-0.0397,0.1507,0.080,0.1758,2.9918,0.259,0.8181,-0.0242,-80.761,4.801,-1.0168,170.496,0.6094,0.0119,0.0188,1.5837,4.6472,4.8643,nan,5.3790,5.5284,0.2189,-0.1138,1.6906,0.0812,0.0238,-0.1729,3.6165,0.0800,2.1537,0.1501
42.200,167.483,1.0444,2.8803,-83.172,1.0303,2.7163,-82.746,0.1612,-0.0335,0.1647,0.427,0.1774,2.9922,0.699,0.8494,-0.2863,-83.445,4.921,-0.9044,170.750,0.6056,0.0112,0.0072,0.6450,4.8903,5.1205,nan,5.6092,5.7785,0.2289,-0.0995,1.7265,0.0914,0.0292,-0.1382,3.8946,0.0728,2.1107,0.1501
42.250,167.729,1.0690,2.6357,-85.675,1.0478,2.4786,-85.807,0.1550,-0.0330,0.1585,-0.131,0.1802,3.0187,-0.150,0.8690,-0.5377,-85.656,5.102,-0.8990,171.013,0.6007,0.0143,0.0246,1.7166,5.0533,5.1925,nan,5.7862,5.9488,0.2356,-0.0841,1.7638,0.1080,0.0371,-0.1037,4.1728,0.0676,1.6458,0.1501
42.300,167.979,1.0836,2.3861,-87.926,1.0590,2.2047,-88.248,0.1804,-0.0312,0.1831,-0.322,0.1820,3.0208,-0.127,0.8788,-0.8141,-88.122,5.300,-0.8192,171.282,0.5971,0.0162,0.0322,1.9858,5.2789,5.5140,nan,5.9523,6.0559,0.2398,-0.0382,1.7838,0.0987,0.0013,-0.0693,4.4510,0.0413,2.7852,0.1501
42.350,168.233,1.0891,2.1324,-89.864,1.0624,1.9391,-89.836,0.1932,-0.0271,0.1951,0.028,0.1777,3.0245,0.311,0.8788,-1.0902,-90.147,5.484,-0.7110,171.554,0.5937,0.0169,0.0310,1.8306,5.5049,5.7639,nan,6.1677,6.2555,0.2477,-0.0156,1.7838,0.0993,-0.0036,-0.0348,4.7292,0.0336,3.0504,0.1501
42.400,168.499,1.0858,1.8661,-91.838,1.0630,1.6940,-90.781,0.1727,-0.0173,0.1736,1.058,0.1674,3.0480,1.039,0.8708,-1.3700,-91.820,5.601,-0.7257,171.833,0.5907,0.0196,0.0291,1.4870,5.6596,5.8277,nan,6.3274,6.4233,0.2544,0.0138,1.7838,0.0983,-0.0278,0.0050,5.0770,0.0358,1.8010,0.1501
42.450,168.771,1.0746,1.5945,-92.890,1.0559,1.3975,-92.658,0.1977,-0.0088,0.1979,0.232,0.1689,3.0377,1.229,0.8516,-1.6589,-93.887,5.713,-0.3323,172.117,0.5853,0.0101,0.0324,3.2216,5.6947,5.7792,nan,6.4234,6.5771,0.2605,-0.0020,1.7838,0.1209,-0.0052,0.0290,5.2856,0.0572,1.8142,0.1501
42.500,169.054,1.0590,1.3113,-93.348,1.0533,1.1541,-92.140,0.1572,0.0035,0.1573,1.208,0.1625,3.0573,1.649,0.8357,-1.9280,-93.789,5.855,-0.1419,172.416,0.5829,0.0038,0.0130,3.3658,5.9462,6.3402,nan,6.6152,6.7644,0.2679,-0.0053,1.7838,0.1315,-0.0092,0.0686,5.6333,0.0538,2.3157,0.1501
42.550,169.333,1.0427,1.0331,-93.089,1.0377,0.8151,-93.106,0.2179,0.0068,0.2181,-0.017,0.1975,3.0632,0.632,0.8154,-2.2572,-93.738,5.991,0.1313,172.709,0.5882,0.0017,0.0068,3.9377,6.0129,6.1272,nan,6.7414,6.9558,0.2755,0.0018,1.7921,0.1239,-0.0287,0.0786,5.9811,0.0800,2.3511,0.1501
42.600,169.898,1.0118,0.4695,-93.198,1.0073,0.2154,-93.013,0.2539,0.0097,0.2541,0.185,0.2161,3.0698,0.118,0.7854,-2.8561,-93.131,6.277,-0.0470,173.306,0.5980,0.0050,0.0088,1.7711,6.2323,6.5534,nan,6.9253,7.1162,0.2818,0.0316,1.8138,0.0947,-0.0734,0.0598,6.3288,0.0663,2.3713,0.1500
42.650,170.197,0.9950,0.1710,-93.162,0.9847,-0.0867,-93.554,0.2579,0.0039,0.2579,-0.393,0.2289,3.0647,-0.226,0.7682,-3.1484,-93.329,6.434,0.0207,173.624,0.5959,0.0076,0.0279,3.6736,6.2219,6.2982,nan,7.0701,7.2054,0.2854,0.0516,1.8209,0.0603,-0.0986,0.0452,6.6070,0.0800,2.7241,0.1500
42.700,170.516,0.9785,-0.1481,-92.410,0.9688,-0.3557,-93.411,0.2079,-0.0009,0.2079,-1.001,0.2353,3.1064,-0.303,0.7518,-3.4582,-93.108,6.595,0.3269,173.964,0.5936,0.0248,0.0367,1.4775,6.3552,6.5443,nan,7.1778,7.3548,0.2913,0.0586,1.7995,0.0274,-0.1054,0.0269,6.9547,0.0800,2.7635,0.1500
42.750,170.822,0.9679,-0.4542,-91.074,0.9520,-0.7067,-92.390,0.2527,-0.0112,0.2530,-1.316,0.2664,3.1454,-0.840,0.7420,-3.8416,-91.550,6.715,0.5412,174.287,0.6186,0.0124,0.0332,2.6773,6.6150,7.4556,nan,7.1918,7.2879,0.2886,0.0298,1.7725,0.0060,-0.0713,0.0049,7.3720,0.0315,2.7035,0.1500
42.800,171.134,0.9651,-0.7661,-89.465,0.9518,-1.0092,-90.632,0.2430,-0.0156,0.2435,-1.167,0.2774,3.1495,-0.985,0.7458,-4.1465,-89.647,6.839,0.6251,174.616,0.6222,0.0090,0.0246,2.7319,6.7812,7.0459,nan,6.9381,6.7233,0.2663,0.0009,1.7514,-0.0075,-0.0347,-0.0097,7.6502,-0.0689,2.1333,0.1500
42.850,171.451,0.9701,-1.0825,-88.518,0.9534,-1.3222,-88.879,0.2392,-0.0229,0.2403,-0.362,0.2856,3.1819,-1.103,0.7545,-4.4905,-87.776,6.912,0.3203,174.945,0.6359,0.0123,0.0153,1.2410,6.9301,7.1791,nan,6.5671,6.3757,0.2525,-0.0397,1.7256,-0.0105,0.0080,-0.0280,7.9979,-0.0800,2.2094,0.1500
42.900,171.766,0.9788,-1.3976,-88.374,0.9691,-1.5636,-88.700,0.1657,-0.0144,0.1663,-0.326,0.2882,3.2425,-1.007,0.7652,-4.7934,-87.693,6.790,0.0092,175.250,0.6331,0.0042,0.0105,2.5334,6.8952,6.9753,nan,6.2721,6.3436,0.2512,-0.0431,1.7005,-0.0211,0.0058,-0.0463,8.3457,-0.0800,1.2643,0.1500
42.950,172.073,0.9864,-1.7050,-89.244,0.9815,-1.8428,-89.079,0.1377,-0.0067,0.1379,0.166,0.2740,3.2676,-0.729,0.7725,-5.1010,-88.350,6.592,-0.4135,175.542,0.6329,0.0035,0.0068,1.9426,6.7803,6.8168,nan,6.1020,6.2706,0.2483,-0.0406,1.6807,-0.0232,-0.0072,-0.0609,8.6239,0.0664,-2.3914,0.1500
43.000,172.373,0.9883,-2.0044,-90.383,0.9909,-2.1119,-90.331,0.1075,0.0033,0.1076,0.052,0.2111,3.2864,0.123,0.7681,-5.4000,-90.454,6.440,-0.4338,175.830,0.6270,0.0067,0.0041,0.6138,6.4560,6.3212,nan,5.9913,6.0002,0.2376,-0.0134,1.6662,-0.0419,-0.0510,-0.0720,8.8325,0.0800,-3.6033,0.1500
43.050,172.691,0.9837,-2.3229,-91.567,0.9940,-2.2722,-91.442,-0.0510,0.0089,0.0517,0.124,0.2190,3.3642,0.146,0.7607,-5.6384,-91.588,6.306,-0.4045,176.139,0.5985,0.0100,0.0077,0.7712,6.0334,5.6435,nan,5.8829,5.5438,0.2196,-0.0281,1.6519,-0.0325,-0.0417,-0.0831,9.0411,0.0800,-2.6998,0.1500
43.100,172.996,0.9743,-2.6274,-92.013,0.9876,-2.5666,-91.682,-0.0613,0.0111,0.0623,0.332,0.1384,3.3988,0.994,0.7456,-5.9792,-92.675,6.137,-0.1235,176.430,0.6037,0.0181,0.0037,0.2021,6.1865,6.3880,nan,5.6207,5.7571,0.2280,-0.0440,1.6327,-0.0384,-0.0339,-0.1005,9.3193,0.0800,-2.1776,0.1500
43.150,173.284,0.9631,-2.9148,-92.682,0.9861,-2.8105,-91.663,-0.1053,0.0181,0.1068,1.019,0.1751,3.4400,0.692,0.7354,-6.2598,-92.355,5.860,-0.2554,176.696,0.6025,0.0110,0.0007,0.0633,6.0749,6.1049,nan,5.4689,5.6233,0.2227,-0.1126,1.6181,-0.0127,0.0270,-0.1149,9.5280,0.0679,-2.8203,0.1500
43.200,173.562,0.9483,-3.1929,-93.737,0.9709,-3.0108,-92.785,-0.1831,0.0106,0.1834,0.952,0.1831,3.4745,0.595,0.7203,-6.4932,-93.380,5.755,-0.3959,176.968,0.5899,0.0121,0.0078,0.6457,5.7894,5.7104,nan,5.3695,5.4270,0.2149,-0.1114,1.6029,-0.0182,0.0198,-0.1293,9.7366,0.0800,-4.6769,0.1500
43.250,173.835,0.9271,-3.4654,-96.005,0.9436,-3.2655,-94.325,-0.2005,-0.0045,0.2006,1.680,0.1919,3.4948,0.465,0.6968,-6.7662,-94.790,5.635,-0.9981,177.235,0.5877,0.0194,0.0128,0.6605,5.7336,5.7805,nan,5.1739,5.2866,0.2094,-0.0543,1.5806,-0.0552,-0.0442,-0.1485,10.0148,0.0519,-2.0875,0.1500
43.300,174.093,0.8957,-3.7210,-98.618,0.9097,-3.5371,-97.728,-0.1839,-0.0137,0.1844,0.889,0.1296,3.4944,1.038,0.6526,-7.0445,-98.766,5.563,-0.9833,177.490,0.5814,0.0152,0.0259,1.7078,5.4146,5.3060,nan,5.0772,5.1255,0.2030,-0.0502,1.5630,-0.0741,-0.0504,-0.1630,10.2234,0.0800,-1.3375,0.1500
43.350,174.357,0.8515,-3.9814,-101.245,0.8759,-3.7738,-100.035,-0.2084,-0.0165,0.2090,1.210,0.1070,3.4814,1.284,0.6062,-7.2706,-101.319,5.445,-0.9447,177.747,0.5704,0.0158,0.0274,1.7313,5.3436,5.3798,nan,4.8850,5.0086,0.1984,-0.0658,1.5373,-0.0803,-0.0430,-0.1825,10.5016,0.0606,-2.0984,0.1500
43.400,174.616,0.7983,-4.2343,-102.644,0.8306,-4.0306,-101.943,-0.2058,-0.0131,0.2062,0.701,0.0466,3.4647,1.817,0.5459,-7.5164,-103.761,5.325,-0.4461,178.114,0.5619,0.0130,0.0306,2.3634,5.3340,5.3897,nan,4.6938,4.6491,0.1841,-0.1480,1.5100,-0.0589,0.0321,-0.2019,10.7798,-0.0218,-2.0573,0.1500
43.450,175.098,0.6842,-4.7035,-105.114,0.7322,-4.4832,-103.093,-0.2252,-0.0111,0.2255,2.021,0.0588,3.4772,1.748,0.4302,-7.9772,-104.841,5.065,-0.5317,178.463,0.5586,0.0168,0.0359,2.1387,5.0705,5.0196,nan,4.5510,4.5788,0.1813,-0.1680,1.4879,-0.0511,0.0578,-0.2167,10.9885,0.0142,-2.2550,0.1500
43.500,175.330,0.6204,-4.9266,-107.637,0.6656,-4.7110,-105.311,-0.2192,-0.0223,0.2203,2.326,0.1177,3.4707,1.276,0.3655,-8.1919,-106.588,4.825,-1.1153,178.680,0.5560,0.0186,0.0410,2.2122,4.8519,4.8310,nan,4.4557,4.5557,0.1804,-0.1834,1.4535,-0.0477,0.0765,-0.2369,11.2667,0.0536,-2.3134,0.1500
43.550,175.567,0.5434,-5.1499,-111.127,0.5907,-4.9265,-109.911,-0.2255,-0.0364,0.2284,1.217,0.1602,3.4584,0.976,0.2877,-8.3910,-110.887,4.641,-1.2189,178.906,0.5511,0.0213,0.0572,2.6836,4.5704,4.5137,nan,4.3604,4.3839,0.1736,-0.1737,1.4220,-0.0530,0.0260,-0.2526,11.4753,0.0800,-4.0546,0.1500
43.600,175.796,0.4552,-5.3611,-114.852,0.4884,-5.1526,-114.439,-0.2031,-0.0575,0.2111,0.413,0.2628,3.4378,0.205,0.1949,-8.5912,-114.644,4.525,-1.2941,179.131,0.5450,0.0233,0.0722,3.0996,4.4353,4.4465,nan,4.1700,4.2617,0.1688,-0.1664,1.3857,-0.0623,-0.0020,-0.2698,11.6839,0.0800,-2.8931,0.1500
43.650,176.019,0.3564,-5.5610,-118.340,0.3804,-5.3968,-116.710,-0.1559,-0.0568,0.1660,1.630,0.0304,3.3765,1.686,0.0918,-8.7798,-118.395,4.401,-1.1950,179.348,0.5393,0.0263,0.0564,2.1456,4.4344,4.4745,nan,3.9752,3.9851,0.1578,-0.1947,1.3481,-0.0592,0.0169,-0.2951,11.9621,0.0058,-1.8620,0.1500
43.700,176.222,0.2556,-5.7382,-121.384,0.2861,-5.5938,-118.907,-0.1392,-0.0492,0.1476,2.477,-0.0925,3.3566,2.538,-0.0182,-8.9584,-121.445,4.284,-1.1086,179.546,0.5303,0.0422,0.0479,1.1338,4.4900,4.5469,nan,3.7762,3.7138,0.1471,-0.2140,1.3039,-0.0365,0.0619,-0.3231,12.2403,-0.0800,-2.0403,0.1500
43.750,176.415,0.1517,-5.9001,-124.641,0.1791,-5.8050,-121.633,-0.0938,-0.0315,0.0989,3.008,-0.1165,3.3085,2.659,-0.1275,-9.1174,-124.292,4.093,-1.2442,179.729,0.5246,0.0381,0.0339,0.8881,4.3674,4.3814,nan,3.6770,3.6103,0.1430,-0.2260,1.2603,-0.0043,0.0959,-0.3472,12.4489,-0.0800,-2.0366,0.1500
43.800,176.597,0.0443,-6.0475,-128.084,0.0763,-5.9670,-125.613,-0.0831,-0.0245,0.0867,2.470,-0.0688,3.2833,2.338,-0.2323,-9.2485,-127.951,3.859,-1.2867,179.899,0.5257,0.0346,0.0363,1.0502,4.0603,3.9944,nan,3.5805,3.5429,0.1403,-0.2611,1.2097,0.0281,0.0982,-0.3718,12.6576,-0.0218,-3.3292,0.1500
43.850,176.770,-0.0660,-6.1808,-131.564,-0.0290,-6.1122,-128.995,-0.0759,-0.0178,0.0780,2.569,-0.1188,3.2624,2.633,-0.3409,-9.3688,-131.628,3.682,-1.2978,180.064,0.5265,0.0312,0.0328,1.0517,3.7469,3.6778,nan,3.4898,3.6180,0.1433,-0.3059,1.1331,0.0463,0.0765,-0.3899,12.7967,0.0742,-4.0184,0.1500
43.900,176.943,-0.1845,-6.3068,-135.519,-0.1387,-6.2476,-132.504,-0.0742,-0.0102,0.0749,3.016,-0.1147,3.2379,2.566,-0.4486,-9.4749,-135.069,3.542,-1.4443,180.232,0.5365,0.0305,0.0272,0.8924,3.4837,3.4458,nan,3.4466,3.3873,0.1341,-0.3528,1.0349,0.0677,0.1018,-0.4207,13.0053,0.0800,-2.9858,0.1500
43.950,177.112,-0.3088,-6.4210,-140.006,-0.2838,-6.3813,-137.306,-0.0447,-0.0144,0.0469,2.700,-0.0581,3.2218,2.122,-0.5811,-9.5881,-139.428,3.501,-1.6761,180.402,0.5283,0.0295,0.0315,1.0672,3.5272,3.5641,nan,3.2713,3.3856,0.1341,-0.3444,1.0478,0.0905,0.0722,-0.4444,13.1444,0.0662,-2.2333,0.1500
44.000,177.270,-0.4331,-6.5180,-144.773,-0.4350,-6.5019,-142.947,-0.0077,-0.0143,0.0162,1.826,-0.0198,3.2114,1.867,-0.7315,-9.6946,-144.814,3.364,-1.8610,180.557,0.5025,0.0288,0.0335,1.1625,3.5838,3.6243,nan,3.1228,3.0592,0.1212,-0.3338,1.0615,0.0936,0.0535,-0.4873,13.3531,-0.0368,-0.8302,0.1500
44.050,177.429,-0.5671,-6.6050,-149.721,-0.5472,-6.5771,-147.718,-0.0313,-0.0141,0.0343,2.003,-0.0746,3.1993,2.138,-0.8371,-9.7520,-149.857,3.302,-1.7782,180.717,0.5307,0.0277,0.0373,1.3437,3.2235,3.0798,nan,3.0725,3.1975,0.1266,-0.4104,0.9548,0.0859,0.0157,-0.5214,13.4922,0.0800,-2.5387,0.1500
44.100,177.586,-0.7051,-6.6787,-154.423,-0.6925,-6.6586,-152.247,-0.0200,-0.0127,0.0237,2.176,-0.0808,3.1983,2.197,-0.9891,-9.8261,-154.444,3.104,-1.6212,180.866,0.5166,0.0296,0.0349,1.1810,3.3119,3.3580,nan,2.9728,2.9527,0.1169,-0.3894,0.8169,0.1013,0.0531,-0.5725,13.7008,-0.0117,-1.3366,0.1500
44.150,177.731,-0.8380,-6.7363,-159.398,-0.8249,-6.7216,-156.766,-0.0175,-0.0092,0.0197,2.632,-0.0612,3.1924,2.112,-1.1285,-9.8791,-158.877,3.067,-1.9699,181.014,0.5103,0.0271,0.0332,1.2250,3.2170,3.2285,nan,2.8341,2.7884,0.1104,-0.4120,0.8169,0.1056,0.0649,-0.5958,13.8399,-0.0265,-3.1741,0.1500
44.200,177.874,-0.9745,-6.7813,-164.446,-0.9647,-6.7657,-163.128,-0.0136,-0.0124,0.0184,1.318,0.0357,3.1777,1.501,-1.2605,-9.9138,-164.629,2.937,-1.7914,181.154,0.5152,0.0241,0.0304,1.2618,3.0516,3.0467,nan,2.8341,2.9289,0.1160,-0.4563,0.8169,0.0931,0.0326,-0.6262,13.9790,0.0549,-2.3384,0.1500
44.250,178.008,-1.1045,-6.8122,-169.133,-1.1120,-6.7987,-168.388,0.0048,-0.0147,0.0154,0.745,0.1340,3.1617,0.885,-1.3996,-9.9400,-169.273,2.880,-1.7571,181.288,0.5063,0.0232,0.0313,1.3497,2.8654,2.8524,nan,2.8174,2.8472,0.1128,-0.5147,0.8169,0.0935,0.0162,-0.6666,14.1181,0.0800,-1.2602,0.1500
44.300,178.140,-1.2349,-6.8319,-173.984,-1.2387,-6.8183,-173.105,0.0023,-0.0139,0.0141,0.879,0.1287,3.1631,0.919,-1.5272,-9.9582,-174.024,2.753,-1.7811,181.417,0.5092,0.0216,0.0312,1.4422,2.6835,2.6701,nan,2.8299,2.9412,0.1165,-0.5638,0.8000,0.0848,-0.0253,-0.6896,14.1876,0.0644,-2.1841,0.1500
44.350,178.398,-1.4926,-6.8361,175.165,-1.3581,-6.8231,-178.124,-0.1330,-0.0243,0.1352,6.710,0.1951,3.1501,0.499,-1.6399,-9.9593,-178.623,2.760,-1.9779,181.683,0.6541,0.0272,0.0319,1.1755,2.9064,3.0143,nan,2.8275,2.9253,0.1159,-0.5010,0.8169,0.0754,0.0022,-0.7701,14.3963,0.0800,-0.2980,0.1500
44.400,178.525,-1.6187,-6.8192,168.958,-1.6322,-6.7926,169.560,0.0184,-0.0236,0.0299,0.602,0.2403,3.1396,0.216,-1.9099,-9.9250,169.344,2.706,-2.3872,181.818,0.5120,0.0165,0.0310,1.8823,2.7453,2.7385,nan,2.8275,2.8900,0.1145,-0.5261,0.8131,0.0626,-0.0681,-0.8008,14.4658,0.0362,-1.5036,0.1500
44.450,178.650,-1.7405,-6.7893,163.221,-1.7737,-6.7523,163.417,0.0425,-0.0258,0.0497,0.196,0.1256,3.1602,0.860,-2.0478,-9.8829,162.557,2.736,-2.1571,181.949,0.4974,0.0169,0.0294,1.7434,2.8576,2.9063,nan,2.8908,2.9160,0.1155,-0.4787,0.8169,0.0447,-0.0905,-0.8766,14.6049,0.0146,-1.0649,0.1500
44.500,178.778,-1.8610,-6.7465,157.223,-1.8794,-6.7117,158.222,0.0304,-0.0250,0.0393,0.999,0.1408,3.1531,0.854,-2.1670,-9.8336,157.368,2.711,-2.2459,182.082,0.4996,0.0140,0.0280,1.9922,2.7971,2.8109,nan,2.9574,3.0696,0.1216,-0.5157,0.8285,0.0417,-0.0406,-0.8741,14.7440,0.0650,-0.4614,0.1500
44.550,178.909,-1.9791,-6.6902,151.530,-2.0006,-6.6494,151.816,0.0384,-0.0256,0.0461,0.286,0.1471,3.1497,0.813,-2.2866,-9.7676,151.003,2.735,-2.0580,182.217,0.4996,0.0130,0.0252,1.9350,2.7934,2.8152,nan,3.0227,3.1134,0.1233,-0.4682,0.8274,0.0294,-0.0384,-0.8837,14.8831,0.0800,-1.0893,0.1500
44.600,179.042,-2.0925,-6.6214,145.434,-2.1042,-6.5843,146.286,0.0307,-0.0239,0.0389,0.852,0.2307,3.1235,0.377,-2.3987,-9.6923,145.909,2.792,-2.2743,182.361,0.5020,0.0114,0.0247,2.1712,2.8009,2.8246,nan,3.0866,3.1816,0.1260,-0.4832,0.8494,0.0260,-0.0053,-0.8283,15.0222,0.0550,-0.4694,0.1500
44.650,179.175,-2.1985,-6.5408,139.755,-2.2184,-6.4888,139.594,0.0488,-0.0269,0.0557,-0.162,0.2434,3.1188,0.313,-2.5142,-9.5940,139.281,2.863,-2.1042,182.503,0.4961,0.0133,0.0245,1.8417,2.9476,3.0102,nan,3.1745,3.1923,0.1264,-0.4262,0.9109,0.0144,-0.0333,-0.7847,15.1613,0.0103,0.2451,0.1500
44.700,179.310,-2.2979,-6.4484,133.862,-2.3206,-6.3790,133.682,0.0658,-0.0318,0.0731,-0.180,0.3431,3.0980,-0.293,-2.6152,-9.4905,133.975,2.914,-2.2133,182.649,0.4970,0.0142,0.0292,2.0577,2.9796,3.0092,nan,3.2231,3.2476,0.1286,-0.4342,0.9316,0.0101,-0.0162,-0.7480,15.3004,0.0142,0.2587,0.1500
44.750,179.449,-2.3895,-6.3442,128.494,-2.4042,-6.2716,127.720,0.0660,-0.0337,0.0741,-0.775,0.3443,3.0929,-0.277,-2.7031,-9.3777,127.997,2.976,-1.9825,182.794,0.5027,0.0176,0.0262,1.4921,3.0144,3.0449,nan,3.2830,3.3268,0.1318,-0.3873,0.9488,-0.0034,0.0055,-0.6997,15.5090,0.0254,0.1633,0.1500
44.800,179.590,-2.4724,-6.2301,122.995,-2.4901,-6.1317,121.956,0.0922,-0.0388,0.1000,-1.039,0.4870,3.0584,-1.169,-2.7889,-9.2489,123.125,3.025,-2.0549,182.943,0.5037,0.0209,0.0337,1.6108,3.1130,3.1601,nan,3.3498,3.3757,0.1337,-0.4140,0.9488,-0.0015,0.0239,-0.6754,15.6481,0.0150,0.1430,0.1500
44.850,179.728,-2.5430,-6.1113,118.149,-2.5571,-5.9979,116.246,0.1066,-0.0410,0.1143,-1.903,0.4976,3.0557,-1.249,-2.8566,-9.1181,117.496,3.104,-1.8748,183.089,0.5099,0.0252,0.0366,1.4497,3.1244,3.1515,nan,3.4290,3.5332,0.1399,-0.3637,0.9488,-0.0137,0.0370,-0.6522,15.8568,0.0603,0.2044,0.1500
44.900,179.882,-2.6093,-5.9732,112.550,-2.6074,-5.8657,111.362,0.0985,-0.0430,0.1075,-1.188,0.5603,3.0294,-1.612,-2.9163,-8.9807,112.973,3.151,-2.0380,183.250,0.5160,0.0430,0.0552,1.2851,3.1050,3.1270,nan,3.5612,3.5451,0.1404,-0.3805,0.9488,-0.0076,0.0547,-0.6498,15.9959,0.0800,0.6194,0.1500
44.950,180.036,-2.6625,-5.8284,107.451,-2.6591,-5.7067,105.003,0.1151,-0.0397,0.1218,-2.448,0.6196,3.0048,-1.987,-2.9746,-8.8200,106.990,3.261,-1.8503,183.415,0.5161,0.0485,0.0666,1.3736,3.2838,3.3665,nan,3.7034,3.8408,0.1521,-0.3201,1.0916,-0.0071,0.0553,-0.5748,16.2045,0.0795,0.1814,0.1500
45.000,180.194,-2.7035,-5.6761,102.132,-2.6863,-5.5523,100.862,0.1174,-0.0428,0.1250,-1.269,0.5494,3.0196,-1.484,-3.0125,-8.6529,102.346,3.310,-1.9590,183.580,0.5239,0.0541,0.0736,1.3612,3.4007,3.4563,nan,3.8527,3.9761,0.1575,-0.3091,1.1379,-0.0016,0.0480,-0.5290,16.3436,0.0714,0.2402,0.1500
45.050,180.353,-2.7303,-5.5189,96.704,-2.6995,-5.4085,95.714,0.1060,-0.0434,0.1146,-0.990,0.4690,3.0264,-0.924,-3.0321,-8.4850,96.638,3.338,-1.9754,183.746,0.5345,0.0568,0.0719,1.2664,3.3707,3.3933,nan,3.9555,4.0157,0.1590,-0.2537,1.1986,-0.0146,0.0232,-0.4866,16.4827,0.0800,-0.1491,0.1500
45.100,180.521,-2.7433,-5.3516,91.799,-2.7024,-5.2692,89.905,0.0810,-0.0435,0.0920,-1.893,0.5098,2.9846,-1.224,-3.0352,-8.3206,91.129,3.496,-1.7423,183.928,0.5427,0.0605,0.0676,1.1187,3.5870,3.7025,nan,4.1139,4.2364,0.1678,-0.2372,1.3145,-0.0081,0.0577,-0.4278,16.6913,0.0709,1.8772,0.1500
45.150,180.696,-2.7421,-5.1766,86.945,-2.6962,-5.0916,86.661,0.0874,-0.0413,0.0966,-0.283,0.3756,3.0184,-0.312,-3.0275,-8.1266,86.974,3.633,-1.7451,184.116,0.5556,0.0632,0.0685,1.0842,3.7905,3.8979,nan,4.2770,4.3513,0.1723,-0.2052,1.4161,-0.0026,0.0372,-0.3911,16.8304,0.0411,1.6514,0.1500
45.200,180.870,-2.7273,-5.0034,82.933,-2.6723,-4.9068,82.307,0.1027,-0.0427,0.1112,-0.626,0.3382,3.0302,-0.056,-3.0027,-7.9399,82.363,3.751,-1.4781,184.300,0.5700,0.0621,0.0689,1.1102,3.9432,4.0208,nan,4.5005,4.6035,0.1823,-0.1888,1.5153,0.0115,0.0610,-0.3388,17.0391,0.0546,1.3941,0.1500
45.250,181.050,-2.6997,-4.8252,79.102,-2.6380,-4.7313,78.276,0.1038,-0.0428,0.1123,-0.826,0.4186,2.9820,-0.664,-2.9669,-7.7483,78.941,3.905,-1.4349,184.493,0.5829,0.0598,0.0645,1.0788,4.0527,4.1140,nan,4.6140,4.6955,0.1860,-0.1482,1.5804,0.0145,0.0481,-0.2887,17.2477,0.0419,2.1632,0.1500
45.300,181.237,-2.6593,-4.6425,75.634,-2.5835,-4.5328,74.445,0.1250,-0.0462,0.1333,-1.190,0.4105,2.9841,-0.603,-2.9148,-7.5480,75.047,4.044,-1.2847,184.691,0.6008,0.0578,0.0625,1.0813,4.0120,4.0385,nan,4.7847,4.8587,0.1924,-0.1197,1.6250,0.0230,0.0548,-0.2398,17.4564,0.0800,1.8990,0.1500
45.350,181.647,-2.5360,-4.2517,69.422,-2.4448,-4.1331,68.732,0.1431,-0.0436,0.1496,-0.690,0.3513,3.0103,-0.165,-2.7755,-7.1513,68.897,4.382,-0.9335,185.128,0.6177,0.0539,0.0534,0.9902,4.2566,4.4284,nan,5.0630,5.1686,0.2047,-0.0986,1.6071,0.0415,0.0632,-0.1755,17.7345,0.0800,2.5846,0.1500
45.400,181.852,-2.4605,-4.0608,67.202,-2.3598,-3.9185,67.142,0.1702,-0.0377,0.1743,-0.061,0.2964,3.0284,0.238,-2.6851,-6.9358,66.904,4.527,-0.8389,185.345,0.6418,0.0516,0.0500,0.9693,4.5024,4.6994,nan,5.2677,5.4254,0.2149,-0.0941,1.5636,0.0668,0.0752,-0.1274,17.9432,0.0722,4.0766,0.1500
45.450,182.075,-2.3709,-3.8567,65.205,-2.2824,-3.7398,65.372,0.1432,-0.0314,0.1466,0.166,0.2616,3.0223,0.435,-2.5952,-6.7427,64.937,4.740,-0.7251,185.585,0.6374,0.0569,0.0626,1.0989,4.5548,4.6124,nan,5.0754,5.0301,0.1992,-0.0625,1.5216,0.0841,0.0611,-0.0794,18.1518,-0.0204,2.2218,0.1500
45.500,182.303,-2.2722,-3.6509,63.298,-2.1710,-3.5125,64.227,0.1691,-0.0282,0.1714,0.928,0.2029,3.0383,0.933,-2.4803,-6.5112,63.294,4.955,-0.7199,185.832,0.6631,0.0497,0.0546,1.1001,4.8217,5.1114,nan,4.7215,4.6454,0.1840,-0.0356,1.4746,0.1048,0.0534,-0.0151,18.4300,-0.0366,3.3817,0.1500
45.550,182.531,-2.1677,-3.4487,61.982,-2.0652,-3.2927,62.862,0.1859,-0.0172,0.1867,0.880,0.1305,3.0486,1.461,-2.3566,-6.2832,61.401,4.937,-0.4710,186.060,0.6920,0.0425,0.0487,1.1449,5.0813,5.3806,nan,4.4072,4.6748,0.1851,0.0267,1.4746,0.1160,0.0175,0.0657,18.7778,-0.0800,3.5512,0.1500
45.600,182.749,-2.0638,-3.2566,61.229,-1.9766,-3.1168,61.849,0.1645,-0.0092,0.1647,0.620,0.1533,3.0226,1.144,-2.2521,-6.0956,60.705,4.781,-0.2619,186.268,0.6905,0.0384,0.0390,1.0165,4.9444,4.9568,nan,4.2961,4.3080,0.1706,0.0643,1.4746,0.1342,0.0144,0.0982,18.9168,0.0064,-0.4825,0.1500
45.650,182.976,-1.9545,-3.0576,61.587,-1.8930,-2.9590,61.505,0.1160,-0.0072,0.1162,-0.083,0.1730,3.0198,0.966,-2.1664,-5.9432,60.539,4.688,0.2011,186.489,0.6487,0.0352,0.0324,0.9205,4.5699,4.3939,nan,4.2446,4.1045,0.1626,0.0952,1.4746,0.1396,-0.0096,0.1469,19.1255,0.0800,-2.7894,0.1500
45.700,183.187,-1.8554,-2.8718,62.688,-1.7865,-2.7482,63.231,0.1414,-0.0045,0.1415,0.543,0.1539,3.0079,1.084,-2.0489,-5.7184,62.147,4.487,0.4510,186.686,0.6823,0.0333,0.0281,0.8450,4.7152,4.8217,nan,4.0875,4.1308,0.1636,0.1189,1.4746,0.1542,-0.0077,0.2110,19.4037,0.0248,-1.4608,0.1500
45.750,183.392,-1.7631,-2.6883,64.354,-1.7194,-2.6165,64.182,0.0837,-0.0083,0.0841,-0.172,0.2365,2.9686,0.263,-1.9816,-5.5760,63.919,4.275,0.6361,186.879,0.6419,0.0311,0.0236,0.7593,4.3179,4.0769,nan,4.0875,4.0054,0.1586,0.1087,1.4746,0.1675,0.0094,0.2430,19.5428,0.0800,-3.3576,0.1500
45.800,183.595,-1.6782,-2.5047,66.472,-1.6265,-2.4081,65.976,0.1092,-0.0089,0.1096,-0.496,0.2884,2.9909,-0.101,-1.9054,-5.4024,66.077,4.163,0.7758,187.075,0.6298,0.0281,0.0243,0.8654,4.0718,4.0446,nan,4.1161,4.1498,0.1643,0.1332,1.4746,0.1669,0.0099,0.2752,19.6819,0.0192,-3.3846,0.1500
45.850,183.792,-1.6021,-2.3231,68.408,-1.5471,-2.2181,67.722,0.1178,-0.0125,0.1185,-0.686,0.3632,2.9657,-0.872,-1.8312,-5.2123,68.595,4.049,0.6899,187.266,0.6316,0.0259,0.0329,1.2671,4.1168,4.1610,nan,4.2503,4.3519,0.1724,0.1671,1.4746,0.1646,-0.0275,0.3408,19.9601,0.0571,-1.7418,0.1500
45.900,183.986,-1.5335,-2.1415,70.673,-1.4829,-2.0421,69.781,0.1105,-0.0148,0.1115,-0.892,0.3317,2.9811,-0.515,-1.7694,-5.0394,70.295,4.039,0.8384,187.461,0.6218,0.0228,0.0306,1.3436,3.9971,4.0103,nan,4.3171,4.3171,0.1710,0.2129,1.4735,0.1449,-0.0917,0.3898,20.1687,0.0800,-1.8249,0.1500
45.950,184.182,-1.4723,-1.9555,73.498,-1.4267,-1.8675,72.631,0.0973,-0.0188,0.0991,-0.867,0.3135,2.9694,-0.346,-1.7110,-4.8473,72.977,4.116,1.0711,187.664,0.6218,0.0190,0.0282,1.4865,4.1623,4.2527,nan,4.4638,4.5612,0.1806,0.1977,1.5044,0.1422,-0.1114,0.3787,20.4469,0.0520,1.1336,0.1500
46.000,184.376,-1.4209,-1.7676,76.405,-1.3876,-1.6909,76.153,0.0824,-0.0144,0.0836,-0.253,0.2893,2.9552,-0.162,-1.6638,-4.6509,76.314,4.161,1.0823,187.864,0.6218,0.0146,0.0228,1.5606,4.2789,4.3511,nan,4.5830,4.6364,0.1836,0.1925,1.5233,0.1300,-0.1002,0.3555,20.5860,0.0274,0.5475,0.1500
46.050,184.568,-1.3803,-1.5805,79.853,-1.3504,-1.4824,79.472,0.1018,-0.0122,0.1025,-0.381,0.2542,2.9741,0.207,-1.6206,-4.4507,79.265,4.163,1.3834,188.059,0.6299,0.0122,0.0222,1.8195,4.2084,4.2322,nan,4.7515,4.8779,0.1932,0.1571,1.5601,0.1279,-0.0982,0.3118,20.8642,0.0800,-0.1213,0.1500
46.100,184.943,-1.3339,-1.2078,86.448,-1.3142,-1.0997,86.564,0.1091,-0.0129,0.1099,0.117,0.2932,2.9363,-0.291,-1.5869,-4.0441,86.856,4.361,1.3082,188.453,0.6351,0.0049,0.0182,3.6769,4.3499,4.4366,nan,4.8836,5.0249,0.1990,0.1584,1.5874,0.1049,-0.1085,0.2808,21.0728,0.0697,1.5779,0.1500
46.150,185.166,-1.3255,-0.9853,89.616,-1.3168,-0.9238,90.209,0.0616,-0.0083,0.0621,0.593,0.2694,2.9366,0.013,-1.5871,-3.8600,90.196,4.524,1.1021,188.690,0.6089,0.0038,0.0053,1.3928,4.0856,4.0487,nan,4.9285,4.8133,0.1906,0.1332,1.6060,0.0974,-0.0826,0.2603,21.2119,0.0800,1.3794,0.1500
46.200,185.396,-1.3295,-0.7551,92.861,-1.3198,-0.6912,91.760,0.0633,-0.0129,0.0646,-1.101,0.3286,2.8867,-0.840,-1.5958,-3.6017,92.600,4.673,1.1451,188.934,0.6185,0.0019,0.0213,11.2198,4.3765,4.7410,nan,5.1581,5.1738,0.2049,0.1479,1.6437,0.0625,-0.1199,0.2200,21.4901,0.0800,2.2348,0.1500
46.250,185.621,-1.3453,-0.5310,95.556,-1.3471,-0.4558,95.077,0.0750,-0.0055,0.0752,-0.480,0.3352,2.8425,-1.016,-1.6236,-3.3277,96.092,4.682,0.9654,189.161,0.6352,0.0120,0.0280,2.3376,4.6595,5.1753,nan,5.3920,5.5214,0.2187,0.1336,1.6826,0.0317,-0.1188,0.1805,21.7683,0.0800,2.0768,0.1500
46.300,185.854,-1.3729,-0.2997,98.588,-1.3766,-0.2600,97.656,0.0398,-0.0023,0.0398,-0.932,0.3102,2.8511,-0.616,-1.6532,-3.1291,98.272,4.818,1.1055,189.408,0.6155,0.0125,0.0158,1.2625,4.6075,4.6393,nan,5.4853,5.4941,0.2176,0.1205,1.7126,0.0217,-0.1247,0.1512,21.9769,0.0800,-0.0966,0.1500
46.350,186.101,-1.4152,-0.0566,101.580,-1.4356,0.0143,101.517,0.0736,0.0058,0.0738,-0.063,0.2800,2.8760,-0.187,-1.7063,-2.8672,101.704,5.035,1.0457,189.676,0.6167,0.0132,0.0194,1.4737,4.8376,5.0392,nan,5.7125,5.7764,0.2288,0.0777,1.7181,0.0067,-0.0877,0.1124,22.2551,0.0800,2.0600,0.1500
46.400,186.351,-1.4703,0.1875,104.266,-1.5017,0.2684,104.099,0.0861,0.0105,0.0868,-0.166,0.2903,2.8503,-0.363,-1.7756,-2.5932,104.462,5.161,0.9579,189.939,0.6227,0.0127,0.0181,1.4261,5.1074,5.4565,nan,5.9402,6.0943,0.2414,0.0404,1.6794,-0.0066,-0.0583,0.0736,22.5333,0.0800,3.3070,0.1500
46.450,186.598,-1.5346,0.4260,106.067,-1.5754,0.5223,106.199,0.1039,0.0126,0.1046,0.132,0.3019,2.8462,-0.655,-1.8506,-2.3452,106.854,5.338,0.6426,190.202,0.6202,0.0090,0.0184,2.0479,5.2979,5.4813,nan,5.7277,5.6369,0.2232,0.0068,1.6420,-0.0139,-0.0356,0.0347,22.8115,-0.0360,1.7894,0.1500
46.500,186.854,-1.6077,0.6716,107.088,-1.6562,0.7729,107.841,0.1111,0.0166,0.1123,0.754,0.2721,2.8659,0.052,-1.9302,-2.0912,107.789,5.551,0.3414,190.479,0.6204,0.0069,0.0239,3.4826,5.4425,5.5880,nan,5.3860,5.3431,0.2116,-0.0027,1.6055,-0.0368,-0.0413,-0.0042,23.0897,-0.0183,2.9394,0.1500
46.550,187.115,-1.6852,0.9204,107.349,-1.7362,1.0376,107.751,0.1271,0.0137,0.1278,0.402,0.2879,2.8416,-0.246,-2.0163,-1.8127,107.997,5.531,0.0559,190.740,0.6333,0.0056,0.0205,3.6732,5.6654,5.9345,nan,5.0005,5.2122,0.2064,-0.0290,1.5598,-0.0505,-0.0295,-0.0515,23.4374,-0.0800,3.7400,0.1500
46.600,187.372,-1.7620,1.1657,107.289,-1.8026,1.2557,107.393,0.0980,0.0120,0.0987,0.104,0.2918,2.8223,-0.110,-2.0913,-1.5706,107.502,5.415,-0.0291,190.988,0.6325,0.0043,0.0163,3.7738,5.5856,5.6221,nan,4.8781,5.0246,0.1990,-0.0255,1.5322,-0.0737,-0.0448,-0.0799,23.6461,0.0724,-0.5300,0.1500
46.650,187.618,-1.8345,1.4006,106.743,-1.8590,1.4487,107.149,0.0531,0.0096,0.0540,0.406,0.2994,2.8037,-0.062,-2.1569,-1.3574,107.211,5.284,-0.2419,191.225,0.6236,0.0035,0.0140,3.9744,5.2892,5.2065,nan,4.7587,4.7979,0.1900,-0.0479,1.5039,-0.0837,-0.0328,-0.1082,23.8547,0.0800,-2.0343,0.1500
46.700,187.852,-1.9013,1.6252,106.188,-1.9205,1.6728,106.493,0.0510,0.0052,0.0513,0.305,0.2942,2.8141,0.425,-2.2230,-1.1248,106.068,5.138,-0.2104,191.449,0.6292,0.0017,0.0115,6.7216,5.1016,5.0944,nan,4.5281,4.6550,0.1844,-0.0441,1.4747,-0.1029,-0.0394,-0.1364,24.0633,0.0800,-2.2732,0.1500
46.750,188.104,-1.9699,1.8673,105.161,-1.9716,1.8313,106.133,-0.0343,0.0110,0.0360,0.972,0.2958,2.7870,0.525,-2.2760,-0.9349,105.608,4.942,-0.3715,191.687,0.6093,0.0021,0.0108,5.0870,4.7482,4.6097,nan,4.4168,4.3322,0.1716,-0.0860,1.4439,-0.1056,-0.0060,-0.1648,24.2720,0.0800,-2.5945,0.1500
46.800,188.346,-2.0317,2.1016,104.185,-2.0408,2.0786,104.885,-0.0201,0.0145,0.0248,0.700,0.2907,2.7856,0.804,-2.3412,-0.6742,104.081,4.763,-0.3277,191.917,0.6224,0.0024,0.0119,5.0392,4.8685,4.9670,nan,4.2545,4.2957,0.1701,-0.1112,1.3994,-0.1092,0.0103,-0.2028,24.5502,0.0227,-3.0019,0.1500
46.850,188.577,-2.0861,2.3267,102.556,-2.0896,2.2791,103.606,-0.0457,0.0137,0.0477,1.050,0.2946,2.7709,0.342,-2.3871,-0.4775,103.264,4.523,-0.6079,192.134,0.6123,0.0027,0.0115,4.2759,4.6031,4.5566,nan,4.1491,4.2869,0.1698,-0.1549,1.3742,-0.1008,0.0328,-0.2219,24.6893,0.0800,-2.6821,0.1500
46.900,188.795,-2.1303,2.5396,100.451,-2.1231,2.4689,101.478,-0.0709,0.0057,0.0711,1.027,0.2987,2.7673,0.627,-2.4249,-0.2719,100.851,4.365,-0.7578,192.342,0.6133,0.0115,0.0092,0.8033,4.4213,4.4187,nan,3.9951,4.1207,0.1632,-0.1527,1.3561,-0.1140,0.0134,-0.2510,24.8979,0.0727,-3.6177,0.1500
46.950,189.002,-2.1642,2.7439,97.710,-2.1520,2.6507,99.196,-0.0940,0.0004,0.0940,1.487,0.2992,2.7621,0.860,-2.4526,-0.0747,98.337,4.272,-1.0364,192.545,0.6146,0.0098,0.0048,0.4945,4.2553,4.2572,nan,3.8952,4.0255,0.1594,-0.1372,1.2094,-0.1232,0.0192,-0.2810,25.1066,0.0800,-2.4104,0.1500
47.000,189.212,-2.1880,2.9527,94.822,-2.1647,2.8121,95.885,-0.1420,-0.0114,0.1425,1.063,0.3051,2.7335,1.006,-2.4680,0.1220,94.879,4.143,-0.9907,192.749,0.6150,0.0096,0.0001,0.0144,4.1801,4.2027,nan,3.7504,3.8128,0.1510,-0.0977,1.0688,-0.1356,0.0039,-0.3122,25.3152,0.0361,-1.4854,0.1500
47.050,189.400,-2.2006,3.1403,92.509,-2.1796,2.9968,94.248,-0.1443,-0.0147,0.1451,1.739,0.3053,2.7640,2.024,-2.4751,0.3203,92.224,4.038,-0.8631,192.931,0.6254,0.0104,0.0016,0.1553,4.0002,3.9991,nan,3.7039,3.8316,0.1517,-0.1233,1.0688,-0.1457,0.0180,-0.3337,25.4543,0.0800,-1.8278,0.1500
47.100,189.584,-2.2056,3.3245,90.244,-2.1885,3.1595,92.902,-0.1650,-0.0164,0.1659,2.658,0.3074,2.7831,2.683,-2.4755,0.4928,90.219,3.979,-0.8501,193.113,0.6231,0.0106,0.0040,0.3786,3.9244,3.9451,nan,3.5733,3.6533,0.1447,-0.2264,1.0434,-0.1265,0.0784,-0.3675,25.6629,0.0463,-1.0222,0.1500
47.150,189.765,-2.2040,3.5049,88.615,-2.1916,3.3482,90.729,-0.1564,-0.0162,0.1572,2.114,0.3071,2.7934,2.777,-2.4689,0.6752,87.951,3.865,-0.5881,193.287,0.6284,0.0126,0.0043,0.3420,3.7162,3.7038,nan,3.5340,3.6008,0.1426,-0.3109,1.0434,-0.1065,0.1228,-0.3913,25.8020,0.0800,-1.9701,0.1500
47.200,190.124,-2.1832,3.8636,83.607,-2.1861,3.7030,87.619,-0.1599,-0.0150,0.1606,4.012,0.3065,2.8117,2.911,-2.4441,1.0167,84.708,3.673,-1.2984,193.639,0.6230,0.0505,0.0230,0.4554,3.6929,3.7193,nan,3.4325,3.5414,0.1403,-0.3147,1.0414,-0.0792,0.1642,-0.4295,26.0107,0.0630,-0.9235,0.1500
47.250,190.294,-2.1594,4.0318,79.383,-2.1664,3.8984,83.208,-0.1324,-0.0177,0.1336,3.825,0.3092,2.8445,3.232,-2.4123,1.1918,79.976,3.563,-1.7358,193.806,0.6334,0.0175,0.0065,0.3705,3.6600,3.6847,nan,3.3153,3.3315,0.1319,-0.3203,0.9826,-0.0544,0.1596,-0.4716,26.2193,0.0094,-2.1165,0.1500
47.300,190.463,-2.1223,4.1963,74.620,-2.1365,4.0648,77.747,-0.1306,-0.0212,0.1323,3.127,0.3078,2.8603,3.473,-2.3668,1.3504,74.274,3.476,-1.7150,193.974,0.6378,0.0520,0.0173,0.3321,3.4533,3.4398,nan,3.2267,3.3076,0.1310,-0.3589,0.8944,-0.0374,0.1184,-0.5025,26.3584,0.0468,-1.9515,0.1500
47.350,190.639,-2.0689,4.3643,69.554,-2.0981,4.2249,74.225,-0.1408,-0.0213,0.1424,4.671,0.3195,2.9124,4.123,-2.3171,1.4830,70.102,3.325,-1.6659,194.146,0.6179,0.0171,0.0110,0.6429,3.2758,3.2696,nan,3.1010,3.1559,0.1250,-0.3978,0.8944,-0.0084,0.1602,-0.5559,26.5670,0.0318,-1.6282,0.1500
47.400,190.790,-2.0112,4.5035,64.806,-2.0407,4.4269,69.659,-0.0819,-0.0059,0.0821,4.853,0.3192,2.9479,4.533,-2.2357,1.6608,65.126,3.239,-1.8235,194.296,0.6568,0.0294,0.0271,0.9214,3.5498,3.7419,nan,2.9892,2.9509,0.1169,-0.3401,0.8163,0.0384,0.1909,-0.5832,26.7757,-0.0800,-2.3006,0.1500
47.450,190.938,-1.9425,4.6356,59.620,-1.9923,4.5365,64.936,-0.1107,-0.0071,0.1110,5.316,0.3261,2.9649,5.280,-2.1640,1.7782,59.656,3.114,-1.9465,194.442,0.6525,0.0257,0.0197,0.7667,3.2894,3.2490,nan,2.9517,2.9245,0.1158,-0.3946,0.8163,0.0548,0.1737,-0.6035,26.9148,-0.0158,-1.6166,0.1500
47.500,191.087,-1.8624,4.7610,55.020,-1.9220,4.6584,59.571,-0.1182,-0.0100,0.1186,4.551,0.3297,2.9765,5.328,-2.0858,1.8838,54.243,2.969,-1.5791,194.586,0.6419,0.0263,0.0117,0.4450,3.0292,2.9872,nan,2.9517,3.0367,0.1203,-0.4628,0.8163,0.0674,0.1255,-0.6166,26.9843,0.0800,-2.2809,0.1500
47.550,191.227,-1.7780,4.8723,50.209,-1.8448,4.7834,56.185,-0.1111,-0.0056,0.1112,5.976,0.3336,2.9893,5.593,-1.9932,1.9978,50.591,2.872,-1.7811,194.725,0.6505,0.0228,0.0226,0.9879,2.9799,2.9967,nan,2.8236,2.9091,0.1152,-0.4776,0.8163,0.0978,0.2118,-0.6726,27.1930,0.0495,-2.4945,0.1500
47.600,191.364,-1.6857,4.9742,44.782,-1.7590,4.8867,50.717,-0.1137,-0.0105,0.1141,5.935,0.3336,2.9893,5.593,-1.8977,2.0922,45.124,2.860,-2.0785,194.867,0.6502,0.0205,0.0174,0.8516,2.8417,2.8415,nan,2.8236,2.9574,0.1171,-0.5229,0.8163,0.1164,0.1589,-0.7095,27.2625,0.0800,-1.6216,0.1500
47.650,191.508,-1.5787,5.0702,38.606,-1.6666,4.9836,45.559,-0.1227,-0.0128,0.1234,6.953,0.3589,3.0211,6.530,-1.7892,2.1801,39.029,2.791,-2.0992,195.013,0.6481,0.0203,0.0206,1.0133,2.8398,2.8624,nan,2.8476,2.8536,0.1130,-0.5236,0.8163,0.1292,0.1354,-0.7315,27.4016,0.0034,-0.6766,0.1500
47.700,191.639,-1.4729,5.1468,32.656,-1.5522,5.0889,39.582,-0.0980,-0.0060,0.0982,6.927,0.3615,3.0352,6.670,-1.6622,2.2621,32.913,2.770,-2.2792,195.148,0.6697,0.0186,0.0264,1.4183,2.9669,3.0218,nan,2.9414,3.0473,0.1207,-0.4816,0.8163,0.1519,0.1416,-0.7583,27.5407,0.0800,-1.4748,0.1500
47.750,191.768,-1.3612,5.2108,26.558,-1.4300,5.1605,32.462,-0.0841,-0.0142,0.0853,5.905,0.3515,3.0179,6.079,-1.5446,2.3193,26.384,2.717,-2.2424,195.280,0.6722,0.0176,0.0195,1.1069,2.8578,2.8638,nan,2.9711,3.0571,0.1211,-0.5173,0.8163,0.1681,0.1246,-0.8045,27.6798,0.0498,-1.0816,0.1500
47.800,191.900,-1.2400,5.2644,20.739,-1.3121,5.2205,26.657,-0.0830,-0.0155,0.0844,5.918,0.3568,3.0213,5.965,-1.4314,2.3607,20.692,2.795,-2.1221,195.423,0.6602,0.0175,0.0176,1.0046,2.7455,2.7501,nan,3.0249,3.0655,0.1214,-0.5582,0.8151,0.1698,0.1228,-0.8780,0.0000,0.0800,-1.5017,0.1500
47.850,192.026,-1.1200,5.3037,14.982,-1.1499,5.2816,20.066,-0.0346,-0.0136,0.0372,5.084,0.3287,2.9955,4.958,-1.2755,2.4053,15.108,2.816,-2.2926,195.556,0.6954,0.0144,0.0251,1.7384,2.9914,3.1241,nan,3.0877,3.0129,0.1193,-0.4741,0.8818,0.1992,0.1388,-0.8167,0.1391,-0.0433,0.4001,0.1500
47.900,192.159,-0.9906,5.3314,8.582,-1.0125,5.3094,12.728,-0.0250,-0.0184,0.0310,4.146,0.3117,2.9804,4.477,-1.1384,2.4253,8.251,2.816,-2.4369,195.696,0.6997,0.0121,0.0166,1.3759,2.8911,2.8990,nan,3.0969,3.1036,0.1229,-0.5061,0.8955,0.1984,0.1047,-0.7794,0.2782,0.0039,-0.4020,0.1500
47.950,192.300,-0.8498,5.3453,2.454,-0.8770,5.3207,5.615,-0.0283,-0.0234,0.0367,3.161,0.2961,2.9662,3.871,-1.0115,2.4284,1.744,2.837,-2.1088,195.844,0.6828,0.0118,0.0089,0.7517,2.7452,2.7423,nan,3.1531,3.2576,0.1290,-0.5583,0.8558,0.1908,0.0246,-0.7649,0.3477,0.0800,-0.9883,0.1500
48.000,192.443,-0.7074,5.3442,-3.957,-0.7007,5.3200,-0.692,0.0083,-0.0237,0.0251,3.265,0.2692,2.9455,2.933,-0.8472,2.4210,-3.624,2.863,-2.2792,195.995,0.7013,0.0108,0.0170,1.5788,2.9265,3.0057,nan,3.2592,3.3887,0.1342,-0.4944,0.8987,0.2052,0.0973,-0.7334,0.5564,0.0750,-0.6487,0.1500
48.050,192.587,-0.5639,5.3264,-10.888,-0.5656,5.2976,-7.666,0.0038,-0.0286,0.0289,3.222,0.2438,2.9364,2.513,-0.7051,2.3944,-10.179,2.917,-2.5174,196.153,0.6970,0.0095,0.0108,1.1469,2.9775,3.0110,nan,3.3355,3.4269,0.1357,-0.4783,0.8987,0.1989,0.0517,-0.7210,0.6955,0.0800,-0.2987,0.1500
48.100,192.730,-0.4252,5.2922,-17.355,-0.4110,5.2536,-15.624,0.0251,-0.0327,0.0412,1.731,0.2101,2.9285,1.912,-0.5432,2.3444,-17.536,3.023,-2.3534,196.311,0.7142,0.0253,0.0085,0.3365,3.2081,3.3292,nan,3.4520,3.5458,0.1404,-0.4142,0.9327,0.1870,-0.0102,-0.6912,0.8346,0.0543,-0.1964,0.1500
48.150,192.868,-0.2957,5.2450,-23.342,-0.2673,5.1908,-22.229,0.0475,-0.0385,0.0612,1.114,0.1778,2.9191,1.241,-0.3958,2.2808,-23.470,3.099,-2.3277,196.461,0.7268,0.0216,0.0069,0.3175,3.2781,3.3189,nan,3.5354,3.5503,0.1406,-0.3973,1.0881,0.1681,0.0173,-0.6276,1.0432,0.0087,0.4404,0.1500
48.200,193.011,-0.1668,5.1818,-29.528,-0.1337,5.1133,-29.146,0.0625,-0.0433,0.0761,0.382,0.1516,2.9131,0.674,-0.2594,2.2034,-29.820,3.142,-2.3541,196.615,0.7304,0.0190,0.0072,0.3788,3.1635,3.1710,nan,3.5782,3.7017,0.1466,-0.3684,1.0600,0.1387,-0.0748,-0.6076,1.1128,0.0715,-0.1043,0.1500
48.250,193.165,-0.0370,5.1001,-35.327,-0.0146,5.0310,-35.258,0.0582,-0.0434,0.0726,0.069,0.1532,2.9144,0.664,-0.1433,2.1184,-35.923,3.238,-2.0952,196.780,0.7163,0.0137,0.0061,0.4453,3.3754,3.4824,nan,3.7528,3.8291,0.1516,-0.3378,1.1593,0.1308,-0.0411,-0.5564,1.3214,0.0442,0.6426,0.1500
48.300,193.322,0.0870,5.0036,-40.942,0.1199,4.9203,-40.457,0.0794,-0.0414,0.0896,0.485,0.1448,2.9178,0.546,-0.0059,2.0026,-41.003,3.303,-2.0445,196.946,0.7249,0.0108,0.0040,0.3731,3.4815,3.5348,nan,3.8406,3.8957,0.1543,-0.2953,1.2148,0.1229,-0.0678,-0.5243,1.4605,0.0319,0.3386,0.1500
48.350,193.628,0.3010,4.7842,-50.747,0.3595,4.6579,-51.593,0.1348,-0.0346,0.1392,-0.846,0.1324,2.9083,-0.036,0.2260,1.7497,-51.556,3.514,-1.8491,197.276,0.7360,0.0048,0.0046,0.9502,3.5525,3.5962,nan,3.9722,4.0445,0.1602,-0.2551,1.2741,0.1051,-0.0551,-0.4697,1.6691,0.0419,1.0098,0.1500
48.400,193.807,0.4088,4.6414,-55.507,0.4333,4.5592,-55.331,0.0816,-0.0264,0.0858,0.176,0.1320,2.9239,0.422,0.3133,1.6331,-55.753,3.626,-1.6602,197.465,0.7208,0.0055,0.0003,0.0485,3.3577,3.3467,nan,4.0599,4.0174,0.1591,-0.2211,1.2233,0.0969,-0.0762,-0.4391,1.8082,0.0800,1.3857,0.1500
48.450,193.989,0.5064,4.4886,-59.687,0.5316,4.3923,-59.648,0.0958,-0.0268,0.0995,0.039,0.1134,2.9454,0.325,0.4264,1.4445,-59.974,3.759,-1.4865,197.657,0.7295,0.0166,0.0158,0.9512,3.6591,4.0110,nan,4.2359,4.3354,0.1717,-0.2074,1.3612,0.0838,-0.0525,-0.3991,2.0169,0.0800,1.0968,0.1500
48.500,194.167,0.5921,4.3320,-63.228,0.6117,4.2219,-63.730,0.1071,-0.0321,0.1118,-0.502,0.0967,2.9538,-0.043,0.5141,1.2685,-63.687,3.825,-1.3106,197.841,0.7287,0.0125,0.0160,1.2805,3.9197,4.0992,nan,4.3687,4.4306,0.1755,-0.1799,1.4861,0.0674,-0.0371,-0.3636,2.2255,0.0334,1.5644,0.1500
48.550,194.351,0.6705,4.1655,-66.648,0.6758,4.0676,-66.919,0.0920,-0.0340,0.0981,-0.271,0.0888,2.9642,-0.132,0.5844,1.1047,-66.787,3.994,-1.2818,198.039,0.7210,0.0110,0.0114,1.0357,3.9005,3.9293,nan,4.4579,4.5959,0.1820,-0.1647,1.4965,0.0514,-0.0377,-0.3417,2.3646,0.0747,0.6828,0.1500
48.600,194.542,0.7420,3.9881,-69.755,0.7381,3.8936,-70.717,0.0873,-0.0363,0.0946,-0.962,0.0721,2.9888,-0.674,0.6553,0.9125,-70.043,4.129,-1.1508,198.240,0.7186,0.0094,0.0239,2.5535,4.0812,4.1782,nan,4.6380,4.7621,0.1886,-0.1408,1.5698,0.0386,-0.0169,-0.3006,2.6428,0.0642,2.5034,0.1500
48.650,194.740,0.8062,3.8009,-72.684,0.8026,3.6724,-73.793,0.1216,-0.0417,0.1285,-1.109,0.0711,2.9788,-0.885,0.7207,0.7048,-72.907,4.277,-1.0923,198.450,0.7177,0.0086,0.0254,2.9436,4.2631,4.3700,nan,4.8205,4.9339,0.1954,-0.1243,1.5956,0.0275,-0.0128,-0.2716,2.8514,0.0562,1.8781,0.1500
48.700,194.945,0.8632,3.6039,-75.288,0.8465,3.4890,-76.911,0.1069,-0.0453,0.1161,-1.623,0.0628,3.0026,-1.281,0.7726,0.5038,-75.630,4.435,-0.9670,198.668,0.7123,0.0071,0.0406,5.6916,4.3334,4.3904,nan,4.9590,5.1118,0.2024,-0.1083,1.6213,0.0196,-0.0103,-0.2436,3.0601,0.0744,2.1623,0.1500
48.750,195.158,0.9134,3.3975,-77.646,0.8952,3.2597,-78.956,0.1307,-0.0472,0.1390,-1.310,0.0683,2.9944,-1.069,0.8219,0.2807,-77.887,4.586,-0.8789,198.892,0.7102,0.0069,0.0348,5.0449,4.5130,4.6330,nan,5.1454,5.2903,0.2095,-0.0953,1.6468,0.0157,-0.0047,-0.2167,3.2687,0.0678,2.3748,0.1500
48.800,195.373,0.9559,3.1869,-79.731,0.9346,3.0137,-81.233,0.1667,-0.0518,0.1745,-1.502,0.0704,2.9808,-1.218,0.8633,0.0512,-80.014,4.741,-0.7909,199.120,0.7082,0.0104,0.0378,3.6461,4.6792,4.7982,nan,5.3324,5.4751,0.2168,-0.0931,1.6813,0.0248,0.0198,-0.1816,3.5469,0.0642,2.3146,0.1500
48.850,195.605,0.9938,2.9578,-81.712,0.9718,2.7792,-82.200,0.1736,-0.0475,0.1799,-0.488,0.0752,2.9669,-0.281,0.8976,-0.1833,-81.920,4.916,-0.7210,199.368,0.7045,0.0105,0.0253,2.4101,4.7743,4.8561,nan,5.5637,5.6854,0.2252,-0.0840,1.7169,0.0329,0.0337,-0.1469,3.8251,0.0800,2.4940,0.1500
48.900,195.845,1.0249,2.7195,-83.693,0.9958,2.5475,-83.735,0.1677,-0.0478,0.1744,-0.042,0.0706,2.9812,-0.117,0.9261,-0.4317,-83.618,5.083,-0.7299,199.623,0.7017,0.0086,0.0219,2.5482,4.9714,5.1383,nan,5.7428,5.9234,0.2346,-0.0876,1.7538,0.0626,0.0581,-0.1124,4.1033,0.0800,2.6866,0.1500
48.950,196.083,1.0478,2.4826,-85.487,1.0151,2.2980,-85.379,0.1815,-0.0472,0.1875,0.108,0.0644,2.9991,0.244,0.9477,-0.7052,-85.623,5.252,-0.6810,199.877,0.7010,0.0088,0.0265,3.0172,5.2234,5.5166,nan,5.9523,6.1013,0.2416,-0.0707,1.7833,0.0732,0.0547,-0.0779,4.3815,0.0599,2.8523,0.1500
49.000,196.327,1.0638,2.2389,-87.311,1.0347,2.0517,-86.563,0.1856,-0.0378,0.1894,0.748,0.0620,3.0010,0.757,0.9601,-0.9620,-87.320,5.356,-0.6943,200.132,0.6981,0.0106,0.0250,2.3625,5.3262,5.4347,nan,6.1017,6.2767,0.2486,-0.0584,1.7833,0.0972,0.0518,-0.0433,4.6597,0.0690,1.6828,0.1500
49.050,196.578,1.0720,1.9890,-89.260,1.0511,1.8520,-88.384,0.1367,-0.0226,0.1386,0.876,0.0685,3.0427,0.724,0.9675,-1.2031,-89.108,5.505,-0.7484,200.397,0.6968,0.0120,0.0185,1.5388,5.5706,5.8837,nan,6.2318,6.3192,0.2503,-0.0268,1.7833,0.1120,0.0170,-0.0110,4.9378,0.0331,2.5617,0.1500
49.100,197.099,1.0652,1.4676,-92.305,1.0477,1.2989,-92.319,0.1692,-0.0107,0.1696,-0.014,0.0846,3.0644,0.263,0.9550,-1.7699,-92.582,5.822,-0.5204,200.951,0.6948,0.0048,0.0376,7.7487,5.6891,5.8266,nan,6.3914,6.5203,0.2582,0.0018,1.7833,0.1139,-0.0129,0.0210,5.2160,0.0480,2.6922,0.1500
49.150,197.376,1.0523,1.1913,-93.046,1.0350,0.9963,-93.716,0.1956,-0.0069,0.1958,-0.669,0.0976,3.0584,0.010,0.9370,-2.0623,-93.726,5.938,-0.2449,201.241,0.6918,0.0031,0.0451,14.7368,5.8294,5.9939,nan,6.5195,6.6647,0.2639,0.0246,1.7833,0.1108,-0.0369,0.0529,5.4942,0.0531,2.7755,0.1500
49.200,197.664,1.0364,0.9031,-93.088,1.0162,0.7048,-93.219,0.1991,-0.0095,0.1993,-0.130,0.0762,3.0549,0.502,0.9194,-2.3582,-93.721,6.079,0.0207,201.545,0.6912,0.0049,0.0479,9.8077,5.9412,6.0859,nan,6.7101,6.8791,0.2724,0.0359,1.7887,0.1007,-0.0598,0.0811,5.8420,0.0800,1.9258,0.1500
49.250,197.960,1.0212,0.6080,-92.516,0.9979,0.4036,-93.222,0.2052,-0.0143,0.2057,-0.706,0.1018,3.0662,-0.188,0.9048,-2.6596,-93.034,6.219,0.2416,201.857,0.6928,0.0029,0.0483,16.7093,6.1176,6.3450,nan,6.8344,7.0477,0.2791,0.0240,1.8047,0.0931,-0.0546,0.0671,6.1897,0.0754,2.4001,0.1500
49.300,198.243,1.0100,0.3249,-91.653,0.9962,0.0842,-91.830,0.2410,-0.0069,0.2411,-0.177,0.1008,3.0802,0.048,0.8929,-2.9968,-91.878,6.365,0.3553,202.158,0.7027,0.0015,0.0436,28.5423,6.3694,6.8366,nan,7.0419,7.2125,0.2856,0.0227,1.8249,0.0682,-0.0558,0.0488,6.5374,0.0580,2.3587,0.1500
49.350,198.546,1.0026,0.0218,-90.962,0.9937,-0.2053,-91.663,0.2272,-0.0050,0.2273,-0.701,0.1638,3.1212,-1.034,0.8898,-3.3110,-90.629,6.523,0.2422,202.480,0.7095,0.0034,0.0293,8.5487,6.4170,6.5342,nan,7.1517,7.3653,0.2917,-0.0020,1.8077,0.0741,-0.0359,0.0342,6.8156,0.0720,2.6950,0.1500
49.400,198.877,0.9985,-0.3088,-90.276,0.9859,-0.4765,-91.154,0.1678,-0.0118,0.1682,-0.878,0.1515,3.1433,-0.844,0.8876,-3.6072,-90.310,6.689,0.2378,202.832,0.7037,0.0063,0.0312,4.9244,6.3708,6.4332,nan,7.2525,7.3709,0.2919,0.0153,1.7864,0.0478,-0.0627,0.0159,7.1634,0.0800,2.7601,0.1500
49.450,199.195,0.9972,-0.6269,-90.227,0.9793,-0.8530,-91.025,0.2261,-0.0170,0.2268,-0.798,0.1873,3.1768,-1.391,0.8895,-4.0094,-89.635,6.838,-0.0208,203.170,0.7282,0.0185,0.0309,1.6637,6.6285,7.4985,nan,7.0011,6.9477,0.2752,0.0022,1.7564,0.0263,-0.0491,-0.0061,7.5806,-0.0175,2.7043,0.1500
49.500,199.519,0.9964,-0.9509,-89.870,0.9784,-1.1559,-90.930,0.2050,-0.0185,0.2058,-1.060,0.1411,3.1893,-0.646,0.8863,-4.3355,-90.284,6.938,0.1605,203.508,0.7265,0.0173,0.0253,1.4575,6.8358,7.1919,nan,6.6891,6.5775,0.2605,0.0286,1.7355,-0.0158,-0.0806,-0.0207,7.8588,-0.0378,2.6299,0.1500
49.550,199.844,0.9974,-1.2755,-89.774,0.9839,-1.4221,-89.908,0.1465,-0.0141,0.1472,-0.133,0.1315,3.2529,-0.469,0.8906,-4.6679,-89.439,6.873,0.0212,203.830,0.7321,0.0089,0.0110,1.2399,6.9477,7.1491,nan,6.3884,6.3919,0.2531,-0.0186,1.7102,-0.0070,-0.0315,-0.0389,8.2066,-0.0800,1.7128,0.1500
49.600,200.156,0.9998,-1.5876,-89.081,0.9991,-1.7094,-89.439,0.1218,-0.0026,0.1218,-0.357,0.0837,3.2737,0.277,0.8913,-4.9875,-89.716,6.709,0.3035,204.129,0.7330,0.0051,0.0033,0.6524,6.8502,6.8965,nan,6.1581,6.1567,0.2438,-0.0263,1.6903,-0.0153,-0.0288,-0.0535,8.4848,-0.0800,-1.3021,0.1500
49.650,200.480,1.0047,-1.9116,-89.424,1.0117,-1.9179,-88.554,0.0064,0.0069,0.0094,0.870,0.1381,3.3371,-0.305,0.9015,-5.2503,-88.249,6.529,-0.1943,204.439,0.7203,0.0065,0.0098,1.5054,6.4615,6.2027,nan,6.1020,6.0063,0.2379,-0.1011,1.6756,0.0288,0.0405,-0.0646,8.6934,0.0800,-3.0244,0.1500
49.700,200.788,1.0065,-2.2201,-90.108,1.0089,-2.2355,-89.756,0.0154,0.0025,0.0156,0.352,0.0895,3.3332,0.196,0.9003,-5.5717,-89.952,6.335,-0.2576,204.732,0.7208,0.0101,0.0109,1.0877,6.4261,6.4949,nan,5.8829,5.9681,0.2364,-0.0635,1.6564,0.0018,-0.0122,-0.0793,8.9716,0.0800,-2.9740,0.1500
49.750,201.087,1.0029,-2.5193,-92.153,1.0116,-2.5056,-90.160,-0.0140,0.0082,0.0162,1.993,0.0478,3.3414,0.668,0.8956,-5.8579,-90.828,6.142,-0.9722,205.017,0.7163,0.0242,0.0102,0.4213,6.0583,5.8621,nan,5.6722,5.6018,0.2219,-0.0827,1.6372,-0.0007,0.0008,-0.0957,9.2498,0.0800,-3.2929,0.1500
49.800,201.379,0.9869,-2.8104,-94.809,0.9954,-2.7448,-93.899,-0.0661,0.0030,0.0662,0.911,0.0364,3.3533,0.825,0.8711,-6.1113,-94.723,6.017,-0.9523,205.302,0.6994,0.0213,0.0056,0.2648,6.0845,6.1765,nan,5.5191,5.6975,0.2256,-0.0144,1.6178,-0.0451,-0.0803,-0.1149,9.5280,0.0800,-2.1532,0.1500
49.850,201.654,0.9607,-3.0840,-96.468,0.9659,-3.0303,-96.556,-0.0540,-0.0009,0.0540,-0.088,0.0454,3.3671,0.781,0.8332,-6.4094,-97.338,5.933,-0.5835,205.572,0.6934,0.0113,0.0119,1.0537,5.8775,5.8579,nan,5.3695,5.5223,0.2187,-0.0369,1.6027,-0.0571,-0.0597,-0.1293,9.7366,0.0800,-1.5653,0.1500
49.900,201.922,0.9272,-3.3505,-98.389,0.9381,-3.2829,-97.365,-0.0684,0.0009,0.0684,1.023,0.0588,3.3785,0.703,0.7975,-6.6717,-98.068,5.752,-0.7450,205.828,0.6903,0.0136,0.0021,0.1535,5.5263,5.3693,nan,5.2224,5.2039,0.2061,-0.0217,1.5804,-0.0790,-0.0702,-0.1485,10.0148,0.0800,-3.2726,0.1500
49.950,202.461,0.8431,-3.8821,-99.774,0.8656,-3.8035,-98.067,-0.0813,0.0089,0.0818,1.707,0.0000,3.3582,1.237,0.7108,-7.1787,-99.304,5.564,-0.3193,206.354,0.6824,0.0101,0.0054,0.5339,5.6096,5.7182,nan,5.0291,5.0867,0.2015,-0.1183,1.5566,-0.0611,0.0221,-0.1679,10.2930,0.0269,-1.2991,0.1500
50.000,202.707,0.8004,-4.1244,-100.290,0.8240,-4.0357,-99.281,-0.0915,0.0074,0.0918,1.009,-0.0185,3.3677,1.366,0.6658,-7.4213,-100.646,5.379,-0.1814,206.586,0.6801,0.0115,0.0122,1.0622,5.4461,5.4503,nan,4.8370,4.8380,0.1916,-0.1421,1.5300,-0.0622,0.0425,-0.1874,10.5712,0.0005,-1.9168,0.1500
50.050,202.965,0.7516,-4.3784,-102.294,0.7883,-4.2185,-100.485,-0.1641,0.0018,0.1641,1.808,0.1213,3.3953,0.287,0.6289,-7.6170,-100.772,5.188,-0.9577,206.832,0.6825,0.0275,0.0101,0.3658,5.0738,4.8859,nan,4.7415,4.8419,0.1918,-0.1678,1.5165,-0.0586,0.0639,-0.1971,10.7103,0.0800,-3.3400,0.1500
50.100,203.204,0.6962,-4.6106,-105.243,0.7235,-4.4899,-103.859,-0.1236,-0.0054,0.1237,1.384,0.0298,3.3733,0.972,0.5602,-7.8738,-104.831,4.984,-1.1066,207.059,0.6728,0.0306,0.0189,0.6168,5.1998,5.3179,nan,4.5510,4.4745,0.1772,-0.1409,1.4796,-0.0697,0.0189,-0.2216,11.0580,-0.0381,-3.1096,0.1500
50.150,203.430,0.6319,-4.8273,-108.567,0.6700,-4.6749,-106.428,-0.1566,-0.0124,0.1571,2.140,-0.0803,3.3806,1.795,0.4977,-8.0751,-108.222,4.856,-1.2766,207.279,0.6723,0.0307,0.0201,0.6548,4.9459,4.9034,nan,4.4081,4.4004,0.1743,-0.1525,1.4532,-0.0627,0.0094,-0.2369,11.2667,-0.0040,-3.5171,0.1500
50.200,203.653,0.5566,-5.0370,-111.429,0.5953,-4.8804,-109.918,-0.1599,-0.0212,0.1613,1.511,-0.1272,3.3714,2.123,0.4163,-8.2730,-112.041,4.636,-1.0185,207.488,0.6648,0.0291,0.0311,1.0676,4.7247,4.7032,nan,4.2654,4.3047,0.1705,-0.1435,1.4217,-0.0709,-0.0034,-0.2526,11.4753,0.0216,-2.2618,0.1500
50.250,203.871,0.4727,-5.2384,-114.364,0.5201,-5.0578,-112.073,-0.1840,-0.0313,0.1867,2.291,-0.1328,3.3778,2.157,0.3348,-8.4543,-114.230,4.468,-1.0594,207.697,0.6651,0.0292,0.0342,1.1706,4.4664,4.4277,nan,4.1700,4.2928,0.1700,-0.1879,1.3854,-0.0633,0.0295,-0.2698,11.6839,0.0800,-3.8051,0.1500
50.300,203.871,0.4727,-5.2384,-114.364,0.5201,-5.0578,-112.073,-0.1840,-0.0313,0.1867,2.291,-0.1328,3.3778,2.157,0.3348,-8.4543,-114.230,4.468,-1.0594,207.697,0.6651,0.0292,0.0342,1.1706,4.3445,4.3586,nan,4.0732,4.1874,0.1658,-0.1959,1.3546,-0.0681,0.0308,-0.2886,11.8926,0.0800,-2.7415,0.1500
50.350,204.250,0.3032,-5.5770,-119.255,0.3607,-5.4114,-116.357,-0.1725,-0.0308,0.1753,2.898,-0.3159,3.3574,3.403,0.1549,-8.7935,-119.760,4.270,-0.9582,208.066,0.6548,0.0434,0.0283,0.6517,4.3244,4.3586,nan,3.9257,3.9744,0.1574,-0.2269,1.3285,-0.0606,0.0434,-0.3086,12.1012,0.0282,-2.7415,0.1500
50.400,204.457,0.1975,-5.7558,-122.585,0.2590,-5.5901,-118.737,-0.1727,-0.0374,0.1767,3.848,-0.2707,3.3305,3.058,0.0531,-8.9361,-121.795,4.214,-1.2363,208.273,0.6565,0.0437,0.0307,0.7035,4.1568,4.1589,nan,3.7762,3.8275,0.1516,-0.2493,1.2899,-0.0411,0.0957,-0.3307,12.3099,0.0297,-1.3869,0.1500
50.450,204.643,0.0937,-5.9095,-126.183,0.1386,-5.8013,-122.549,-0.1138,-0.0276,0.1171,3.634,-0.3199,3.3065,3.381,-0.0794,-9.1191,-125.930,4.039,-1.4318,208.450,0.6295,0.0393,0.0315,0.8007,3.8437,3.7755,nan,3.6770,3.7298,0.1477,-0.2716,1.2109,-0.0421,0.0481,-0.3555,12.5185,0.0800,-3.2139,0.1500
50.500,204.834,-0.0236,-6.0605,-130.068,0.0386,-5.9482,-126.886,-0.1260,-0.0247,0.1284,3.183,-0.3048,3.2774,3.232,-0.1772,-9.2302,-130.117,3.938,-1.3954,208.638,0.6470,0.0361,0.0334,0.9241,3.8826,3.9218,nan,3.5344,3.5949,0.1424,-0.2852,1.1740,-0.0179,0.0623,-0.3807,12.7271,0.0350,-1.7383,0.1500
50.550,205.020,-0.1475,-6.1990,-134.172,-0.0935,-6.1182,-130.868,-0.0956,-0.0176,0.0972,3.304,-0.2724,3.2550,2.992,-0.3106,-9.3698,-133.860,3.822,-1.4859,208.821,0.6375,0.0338,0.0312,0.9216,3.8344,3.8583,nan,3.3615,3.3185,0.1314,-0.2923,1.1389,0.0138,0.0845,-0.4207,13.0053,-0.0249,-1.9797,0.1500
50.600,205.197,-0.2746,-6.3218,-138.425,-0.2322,-6.2712,-135.097,-0.0653,-0.0098,0.0660,3.328,-0.3080,3.2291,3.152,-0.4467,-9.4901,-138.249,3.711,-1.5768,208.994,0.6285,0.0319,0.0258,0.8088,3.6367,3.6281,nan,3.2713,3.3023,0.1308,-0.3243,1.0802,0.0321,0.0627,-0.4444,13.1444,0.0179,-1.9549,0.1500
50.650,205.527,-0.5365,-6.5236,-146.935,-0.4908,-6.4795,-143.732,-0.0624,-0.0121,0.0635,3.204,-0.3234,3.2220,3.244,-0.7161,-9.6765,-146.975,3.385,-1.5431,209.313,0.6209,0.0285,0.0340,1.1940,3.6774,3.7152,nan,3.1729,3.0763,0.1218,-0.3173,1.0890,0.0447,0.0763,-0.4873,13.3531,-0.0559,-2.2438,0.1500
50.700,205.680,-0.6673,-6.6026,-151.317,-0.6059,-6.5703,-147.782,-0.0694,0.0011,0.0694,3.535,-0.3491,3.2051,3.420,-0.8395,-9.7427,-151.202,3.276,-1.6603,209.463,0.6286,0.0275,0.0325,1.1830,3.3662,3.2927,nan,3.0725,3.1123,0.1233,-0.3773,0.9249,0.0556,0.0737,-0.5214,13.4922,0.0230,-3.4652,0.1500
50.750,205.833,-0.8039,-6.6712,-155.663,-0.7226,-6.6353,-152.179,-0.0889,0.0008,0.0889,3.484,-0.3610,3.2028,3.515,-0.9641,-9.7974,-155.694,3.110,-1.5407,209.610,0.6411,0.0285,0.0273,0.9572,3.1487,3.1278,nan,3.0224,3.1505,0.1248,-0.4295,0.8722,0.0643,0.0599,-0.5562,13.6313,0.0800,-1.9116,0.1500
50.800,205.971,-0.9314,-6.7237,-160.139,-0.8732,-6.7023,-156.375,-0.0620,-0.0003,0.0620,3.765,-0.3555,3.1968,3.423,-1.1078,-9.8505,-159.797,3.033,-1.7937,209.748,0.6249,0.0247,0.0292,1.1782,3.1693,3.1985,nan,2.9243,2.9761,0.1179,-0.4241,0.8169,0.0752,0.0695,-0.5854,13.7704,0.0300,-2.7100,0.1500
50.850,206.113,-1.0666,-6.7664,-165.406,-0.9988,-6.7425,-161.304,-0.0717,-0.0061,0.0719,4.102,-0.3797,3.1950,3.512,-1.2266,-9.8809,-164.816,3.006,-2.0271,209.893,0.6420,0.0225,0.0334,1.4837,2.9650,2.9470,nan,2.8341,2.9490,0.1168,-0.4822,0.8169,0.0735,0.0435,-0.6091,13.9094,0.0800,-1.4457,0.1500
50.900,206.249,-1.1995,-6.7951,-170.607,-1.1627,-6.7795,-166.806,-0.0388,-0.0094,0.0399,3.801,-0.4611,3.1991,3.920,-1.3821,-9.9073,-170.726,2.917,-1.9437,210.028,0.6196,0.0218,0.0362,1.6645,3.1224,3.1918,nan,2.8174,2.8426,0.1126,-0.4365,0.8169,0.0739,0.0541,-0.6666,14.1181,0.0146,-0.8427,0.1500
50.950,206.378,-1.3280,-6.8109,-175.939,-1.3002,-6.7978,-172.967,-0.0286,-0.0111,0.0307,2.972,-0.2766,3.1851,2.782,-1.5070,-9.9215,-175.749,2.844,-2.1499,210.159,0.6233,0.0206,0.0343,1.6623,2.9640,2.9603,nan,2.8215,2.9588,0.1172,-0.4825,0.8169,0.0795,0.0664,-0.7144,14.2572,0.0800,-1.8789,0.1500
51.000,206.507,-1.4572,-6.8145,178.926,-1.4318,-6.8013,180.916,-0.0251,-0.0136,0.0286,1.989,-0.2181,3.1754,2.393,-1.6292,-9.9173,178.523,2.781,-1.9108,210.288,0.6309,0.0195,0.0320,1.6428,2.8350,2.8368,nan,2.8062,2.8402,0.1125,-0.5253,0.8169,0.0628,-0.0258,-0.7412,14.3267,0.0800,-1.8063,0.1500
51.050,206.632,-1.5819,-6.8069,173.615,-1.5730,-6.7906,175.895,-0.0070,-0.0172,0.0185,2.280,-0.1577,3.1687,2.005,-1.7630,-9.9037,173.890,2.777,-2.1090,210.418,0.6224,0.0187,0.0317,1.6960,2.8519,2.8777,nan,2.8589,2.8641,0.1134,-0.5194,0.8169,0.0668,0.0583,-0.8347,14.5354,0.0030,-1.5898,0.1500
51.100,206.761,-1.7090,-6.7866,167.733,-1.7011,-6.7642,169.724,-0.0029,-0.0236,0.0238,1.990,-0.1060,3.1642,1.702,-1.8893,-9.8766,168.021,2.707,-2.2351,210.549,0.6239,0.0154,0.0298,1.9356,2.8170,2.8346,nan,2.9241,2.9959,0.1187,-0.5317,0.8342,0.0492,0.0328,-0.8659,14.6745,0.0416,-1.8016,0.1500
51.150,206.885,-1.8284,-6.7546,161.859,-1.8401,-6.7226,163.185,0.0211,-0.0268,0.0341,1.326,-0.0799,3.1610,1.492,-2.0169,-9.8345,161.693,2.676,-2.2133,210.676,0.6170,0.0133,0.0291,2.1882,2.6967,2.6992,nan,2.9903,3.0167,0.1195,-0.5598,0.8000,0.0461,0.0375,-0.8691,14.8136,0.0800,-1.1781,0.1500
51.200,207.010,-1.9457,-6.7097,155.949,-1.9607,-6.6773,157.160,0.0269,-0.0235,0.0357,1.211,-0.0297,3.1549,1.140,-2.1264,-9.7918,156.019,2.675,-2.1876,210.807,0.6245,0.0125,0.0276,2.2064,2.8006,2.8461,nan,3.0548,3.1600,0.1251,-0.5376,0.8366,0.0439,0.0427,-0.8630,14.9527,0.0800,-0.7454,0.1500
51.250,207.260,-2.1622,-6.5854,143.681,-2.1951,-6.5312,144.595,0.0586,-0.0242,0.0634,0.915,0.0618,3.1377,0.582,-2.3551,-9.6455,144.013,2.743,-2.4278,211.076,0.6155,0.0129,0.0340,2.6262,2.8337,2.8622,nan,3.1175,3.1849,0.1261,-0.5185,0.8669,0.0395,0.0289,-0.8075,15.0918,0.0390,0.1372,0.1500
51.300,207.385,-2.2593,-6.5063,137.520,-2.2926,-6.4267,136.324,0.0783,-0.0362,0.0863,-1.196,0.3095,3.0832,-0.840,-2.4624,-9.5470,137.164,2.820,-2.4000,211.214,0.6088,0.0119,0.0231,1.9521,2.9348,2.9809,nan,3.2000,3.2419,0.1284,-0.4468,0.9145,0.0253,-0.0149,-0.7656,15.2308,0.0242,-0.5361,0.1500
51.350,207.519,-2.3535,-6.4108,131.190,-2.3770,-6.3292,130.139,0.0769,-0.0360,0.0849,-1.051,0.3193,3.0741,-0.867,-2.5538,-9.4430,131.006,2.883,-2.3539,211.360,0.6133,0.0143,0.0244,1.7099,2.9249,2.9469,nan,3.2441,3.3267,0.1318,-0.4025,0.9254,0.0113,-0.0279,-0.7317,15.3699,0.0478,0.3844,0.1500
51.400,207.660,-2.4411,-6.3005,125.422,-2.4535,-6.2207,124.230,0.0722,-0.0362,0.0808,-1.193,0.3086,3.0653,-0.752,-2.6399,-9.3215,124.982,2.971,-2.0821,211.510,0.6172,0.0200,0.0270,1.3487,3.0357,3.0858,nan,3.2830,3.3107,0.1311,-0.3734,0.9488,0.0031,-0.0418,-0.6997,15.5090,0.0161,0.0971,0.1500
51.450,207.799,-2.5170,-6.1838,120.334,-2.5352,-6.0758,118.671,0.1024,-0.0388,0.1095,-1.662,0.3627,3.0502,-1.093,-2.7233,-9.1796,119.764,3.068,-1.9328,211.659,0.6160,0.0258,0.0392,1.5183,3.2011,3.2755,nan,3.4290,3.4551,0.1368,-0.3897,0.9488,0.0023,0.0187,-0.6659,15.7177,0.0151,0.4639,0.1500
51.500,207.945,-2.5855,-6.0552,115.438,-2.5863,-5.9550,113.602,0.0908,-0.0423,0.1002,-1.836,0.4327,3.0198,-1.495,-2.7838,-9.0506,115.097,3.123,-1.8171,211.811,0.6239,0.0301,0.0403,1.3366,3.1279,3.1423,nan,3.4717,3.6056,0.1428,-0.3836,0.9488,-0.0005,0.0250,-0.6522,15.8568,0.0775,0.8804,0.1500
51.550,208.093,-2.6438,-5.9186,110.271,-2.6350,-5.8187,109.301,0.0906,-0.0428,0.1002,-0.971,0.4175,3.0204,-1.391,-2.8371,-8.9106,110.691,3.196,-1.9462,211.968,0.6296,0.0344,0.0434,1.2623,3.1769,3.2118,nan,3.5612,3.6170,0.1432,-0.3669,0.9488,-0.0038,0.0290,-0.6498,15.9959,0.0800,0.2093,0.1500
51.600,208.243,-2.6899,-5.7764,105.102,-2.6741,-5.6527,103.380,0.1153,-0.0474,0.1247,-1.721,0.4757,2.9999,-1.758,-2.8829,-8.7451,105.138,3.297,-1.9779,212.130,0.6364,0.0399,0.0528,1.3219,3.3730,3.4682,nan,3.7525,3.8593,0.1528,-0.3336,1.0916,-0.0013,0.0460,-0.5748,16.2045,0.0618,0.7340,0.1500
51.650,208.393,-2.7233,-5.6302,100.148,-2.6995,-5.4885,98.068,0.1353,-0.0484,0.1437,-2.080,0.4643,3.0017,-1.690,-2.9120,-8.5798,99.758,3.364,-1.9217,212.288,0.6464,0.0464,0.0596,1.2858,3.4629,3.5110,nan,3.8527,3.9144,0.1550,-0.2789,1.2184,-0.0044,0.0508,-0.5074,16.4132,0.0357,1.0975,0.1500
51.700,208.558,-2.7460,-5.4665,95.148,-2.7131,-5.3319,93.143,0.1311,-0.0449,0.1385,-2.005,0.4421,3.0056,-1.568,-2.9258,-8.4208,94.711,3.510,-1.8278,212.468,0.6534,0.0637,0.0859,1.3485,3.3558,3.3663,nan,3.9555,4.0154,0.1590,-0.2483,1.2054,-0.0029,0.0338,-0.4665,16.5522,0.0800,0.5374,0.1500
51.750,208.737,-2.7555,-5.2875,90.619,-2.7139,-5.1590,88.462,0.1280,-0.0430,0.1350,-2.157,0.4412,2.9863,-1.587,-2.9284,-8.2295,90.049,3.640,-1.5765,212.658,0.6638,0.0690,0.0905,1.3126,3.5483,3.6437,nan,4.1677,4.2457,0.1681,-0.2348,1.3128,0.0114,0.0493,-0.4093,16.7609,0.0800,1.7470,0.1500
51.800,208.915,-2.7518,-5.1097,86.643,-2.6924,-4.9701,84.034,0.1429,-0.0511,0.1517,-2.609,0.5485,2.9377,-2.325,-2.9175,-8.0327,86.359,3.756,-1.4456,212.845,0.6770,0.0714,0.0922,1.2918,3.7917,3.9393,nan,4.3323,4.4309,0.1755,-0.2228,1.4434,0.0288,0.0763,-0.3560,16.9695,0.0543,1.3898,0.1500
51.850,209.096,-2.7359,-4.9299,82.841,-2.6633,-4.7976,80.084,0.1404,-0.0556,0.1510,-2.757,0.6016,2.9025,-2.729,-2.8945,-7.8468,82.813,3.908,-1.4242,213.038,0.6858,0.0684,0.0870,1.2710,4.0349,4.1901,nan,4.5572,4.6172,0.1829,-0.1826,1.5656,0.0287,0.0760,-0.3053,17.1782,0.0311,2.1404,0.1500
51.900,209.278,-2.7080,-4.7502,79.043,-2.6172,-4.5977,76.439,0.1670,-0.0602,0.1775,-2.605,0.5768,2.9104,-2.555,-2.8561,-7.6431,78.994,3.993,-1.4554,213.228,0.7043,0.0638,0.0861,1.3494,4.0150,4.0447,nan,4.7279,4.8502,0.1921,-0.1370,1.6097,0.0307,0.0576,-0.2560,17.3868,0.0800,1.0761,0.1500
51.950,209.468,-2.6663,-4.5641,75.230,-2.5670,-4.4222,73.367,0.1626,-0.0599,0.1732,-1.863,0.4820,2.9535,-1.846,-2.8097,-7.4701,75.213,4.114,-1.4217,213.430,0.7039,0.0594,0.0764,1.2847,4.2442,4.3934,nan,4.9535,5.1062,0.2022,-0.1091,1.6369,0.0544,0.0484,-0.2076,17.5954,0.0744,1.6442,0.1500
52.000,209.867,-2.5447,-4.1841,69.449,-2.4339,-4.0420,68.099,0.1720,-0.0538,0.1802,-1.351,0.3330,2.9959,-0.733,-2.6767,-7.0727,68.832,4.463,-0.9457,213.857,0.7208,0.0535,0.0560,1.0471,4.2535,4.2926,nan,5.1163,5.1761,0.2050,-0.1062,1.5922,0.0728,0.0647,-0.1595,17.8041,0.0800,2.3944,0.1500
52.050,210.078,-2.4676,-3.9884,67.356,-2.3390,-3.8098,66.062,0.2143,-0.0499,0.2200,-1.294,0.3240,2.9902,-0.722,-2.5771,-6.8330,66.784,4.668,-0.7863,214.084,0.7588,0.0507,0.0543,1.0691,4.5269,4.7986,nan,5.2254,5.3204,0.2107,-0.0947,1.5352,0.0987,0.0733,-0.0954,18.0823,0.0431,2.9068,0.1500
52.100,210.315,-2.3723,-3.7705,65.125,-2.2504,-3.6114,64.849,0.1956,-0.0437,0.2004,-0.276,0.2558,3.0060,-0.206,-2.4824,-6.6263,65.055,4.828,-0.7900,214.336,0.7538,0.0479,0.0406,0.8467,4.5705,4.6257,nan,5.0020,4.8818,0.1933,-0.0780,1.4953,0.1202,0.0737,-0.0472,18.2909,-0.0539,3.3765,0.1500
52.150,210.561,-2.2653,-3.5494,63.028,-2.1452,-3.3977,63.058,0.1896,-0.0382,0.1934,0.031,0.2048,3.0057,0.145,-2.3662,-6.3974,62.913,4.979,-0.7300,214.595,0.7653,0.0451,0.0328,0.7262,4.7747,4.9356,nan,4.6551,4.5642,0.1808,-0.0366,1.4744,0.1363,0.0462,0.0011,18.4996,-0.0441,2.3009,0.1500
52.200,210.808,-2.1505,-3.3313,61.284,-2.0087,-3.1358,61.417,0.2395,-0.0304,0.2415,0.133,0.1736,3.0328,0.451,-2.2309,-6.1512,60.966,4.887,-0.5888,214.835,0.7957,0.0418,0.0364,0.8706,5.0340,5.3259,nan,4.3505,4.6313,0.1834,0.0397,1.4744,0.1499,0.0047,0.0819,18.8473,-0.0800,2.2077,0.1500
52.250,211.042,-2.0362,-3.1263,60.430,-1.9259,-2.9665,61.473,0.1934,-0.0171,0.1942,1.043,0.0184,3.0715,1.748,-2.1276,-5.9759,59.725,4.707,-0.2650,215.058,0.7734,0.0365,0.0446,1.2230,4.8772,4.8825,nan,4.2446,4.3792,0.1734,0.0958,1.4744,0.1533,-0.0311,0.1306,19.0559,0.0766,-1.5904,0.1500
52.300,211.257,-1.9303,-2.9399,60.853,-1.8251,-2.7628,62.042,0.2059,-0.0056,0.2060,1.188,-0.0482,3.0941,2.336,-2.0142,-5.7796,59.706,4.625,0.2926,215.267,0.7843,0.0312,0.0385,1.2361,4.7944,4.8212,nan,4.0996,4.1305,0.1636,0.1217,1.4744,0.1650,-0.0331,0.1792,19.2646,0.0176,-2.8277,0.1500
52.350,211.474,-1.8260,-2.7487,62.516,-1.7432,-2.5988,63.379,0.1712,-0.0043,0.1712,0.863,0.0129,3.0705,1.735,-1.9269,-5.6136,61.644,4.463,0.6725,215.475,0.7586,0.0285,0.0306,1.0735,4.4837,4.4040,nan,4.0986,4.1451,0.1642,0.1074,1.4744,0.1872,-0.0057,0.2270,19.4732,0.0800,-1.3521,0.1500
52.400,211.675,-1.7359,-2.5695,64.654,-1.6571,-2.4123,65.272,0.1758,-0.0040,0.1758,0.618,0.0898,3.0478,0.978,-1.8399,-5.4295,64.294,4.273,0.8167,215.665,0.7577,0.0282,0.0315,1.1186,4.3896,4.4102,nan,4.1377,4.1310,0.1636,0.1270,1.4744,0.1931,-0.0017,0.2752,19.6819,0.0800,-2.5795,0.1500
52.450,211.873,-1.6535,-2.3893,66.583,-1.5845,-2.2435,67.275,0.1612,-0.0053,0.1613,0.692,0.1494,3.0291,0.383,-1.7691,-5.2608,66.893,4.167,0.6978,215.857,0.7425,0.0258,0.0296,1.1488,4.1421,4.1136,nan,4.2192,4.2777,0.1694,0.1402,1.4744,0.1917,-0.0229,0.3243,19.8905,0.0327,-3.1763,0.1500
52.500,212.072,-1.5775,-2.2061,68.799,-1.5173,-2.0803,68.754,0.1391,-0.0106,0.1395,-0.044,0.1608,3.0091,0.231,-1.6986,-5.0826,68.523,4.104,0.8149,216.053,0.7355,0.0215,0.0256,1.1920,4.0240,4.0377,nan,4.2830,4.3459,0.1721,0.1924,1.4744,0.1745,-0.0830,0.3751,20.0991,0.0800,-1.7375,0.1500
52.550,212.269,-1.5092,-2.0207,71.252,-1.4602,-1.9220,71.016,0.1092,-0.0146,0.1102,-0.236,0.1725,2.9823,0.012,-1.6338,-4.9039,71.004,4.124,0.9002,216.253,0.7297,0.0161,0.0209,1.2997,4.0038,4.0333,nan,4.3885,4.3241,0.1713,0.2081,1.4848,0.1573,-0.1163,0.4031,20.3078,0.0800,-1.0062,0.1500
52.600,212.464,-1.4506,-1.8351,74.377,-1.4072,-1.7265,74.181,0.1163,-0.0126,0.1170,-0.197,0.1225,2.9959,0.563,-1.5760,-4.7071,73.618,4.155,1.2449,216.453,0.7333,0.0121,0.0232,1.9149,4.1631,4.2504,nan,4.5426,4.6737,0.1851,0.2233,1.5137,0.1366,-0.1461,0.3669,20.5164,0.0695,0.2489,0.1500
52.650,212.655,-1.4037,-1.6496,77.909,-1.3655,-1.5292,78.050,0.1257,-0.0121,0.1263,0.142,0.1522,2.9662,0.150,-1.5294,-4.4914,77.900,4.163,1.3511,216.647,0.7453,0.0097,0.0193,1.9938,4.2869,4.3624,nan,4.6661,4.7447,0.1879,0.1876,1.5416,0.1294,-0.1124,0.3333,20.7251,0.0399,0.4263,0.1500
52.700,212.863,-1.3662,-1.4453,82.013,-1.3517,-1.3768,81.758,0.0698,-0.0049,0.0700,-0.255,0.1444,2.9500,0.138,-1.5065,-4.3232,81.620,4.302,1.4912,216.869,0.7172,0.0200,0.0239,1.1914,4.0054,3.9598,nan,4.7085,4.6587,0.1845,0.1604,1.5599,0.1245,-0.0900,0.3118,20.8642,0.0800,-0.0783,0.1500
52.750,213.073,-1.3426,-1.2367,85.586,-1.3279,-1.1295,86.322,0.1080,-0.0064,0.1082,0.736,0.1253,2.9592,0.366,-1.4793,-4.0794,85.956,4.430,1.2941,217.091,0.7350,0.0149,0.0322,2.1572,4.2760,4.8201,nan,4.9285,5.0188,0.1988,0.1367,1.6057,0.1038,-0.0989,0.2603,21.2119,0.0800,1.9823,0.1500
52.800,213.278,-1.3313,-1.0320,88.559,-1.3269,-0.9163,89.285,0.1157,-0.0015,0.1158,0.726,0.1326,2.9337,0.217,-1.4741,-3.8445,89.068,4.476,1.1117,217.301,0.7431,0.0108,0.0289,2.6739,4.4035,4.4858,nan,5.1581,5.1918,0.2056,0.1487,1.6340,0.0825,-0.1233,0.2300,21.4205,0.0800,0.4948,0.1500
52.850,213.489,-1.3307,-0.8210,91.562,-1.3369,-0.7372,91.618,0.0840,0.0039,0.0840,0.055,0.1390,2.9135,0.058,-1.4796,-3.6492,91.559,4.499,1.1177,217.517,0.7305,0.0072,0.0172,2.3799,4.5035,4.5773,nan,5.2983,5.3325,0.2112,0.1326,1.6628,0.0659,-0.1173,0.2002,21.6292,0.0800,0.2036,0.1500
52.900,213.704,-1.3409,-0.6057,94.235,-1.3525,-0.5336,94.785,0.0727,0.0063,0.0730,0.549,0.1225,2.9073,0.263,-1.4909,-3.4341,94.521,4.657,0.9890,217.746,0.7294,0.0052,0.0134,2.5910,4.7487,4.9692,nan,5.4853,5.6371,0.2233,0.1177,1.7022,0.0423,-0.1231,0.1610,21.9074,0.0800,2.4489,0.1500
52.950,213.922,-1.3614,-0.3887,97.087,-1.3865,-0.2844,97.348,0.1066,0.0120,0.1073,0.262,0.1098,2.9082,0.419,-1.5196,-3.1816,96.930,4.807,1.1107,218.100,0.7390,0.0038,0.0111,2.9656,4.8345,4.9141,nan,5.6681,5.7568,0.2280,0.0802,1.7328,0.0289,-0.0886,0.1318,22.1160,0.0800,2.4514,0.1500
53.000,214.390,-1.4393,0.0725,102.341,-1.4785,0.1771,102.318,0.1106,0.0159,0.1117,-0.024,0.1399,2.8843,-0.109,-1.6132,-2.7103,102.426,5.156,0.9421,218.479,0.7305,0.0009,0.0069,7.8793,4.9976,5.1323,nan,5.7991,5.9635,0.2362,0.0707,1.6983,0.0030,-0.0902,0.0930,22.3942,0.0800,5.0961,0.1500
53.050,214.642,-1.4968,0.3180,104.200,-1.5503,0.4585,104.844,0.1493,0.0174,0.1503,0.644,0.1439,2.8810,-0.174,-1.6868,-2.4277,105.019,5.331,0.6582,218.748,0.7369,0.0005,0.0134,28.9125,5.2454,5.5309,nan,5.7980,5.8045,0.2299,0.0404,1.6602,-0.0197,-0.0672,0.0542,22.6724,0.0026,3.1356,0.1500
53.100,214.903,-1.5639,0.5697,105.868,-1.6218,0.6934,105.354,0.1348,0.0219,0.1366,-0.514,0.1537,2.8672,-0.592,-1.7530,-2.1921,105.946,5.508,0.6033,219.026,0.7288,0.0128,0.0210,1.6477,5.3217,5.4147,nan,5.5206,5.4024,0.2140,0.0327,1.6234,-0.0403,-0.0704,0.0153,22.9506,-0.0800,2.7434,0.1500
53.150,215.163,-1.6372,0.8197,106.857,-1.7094,0.9676,107.465,0.1624,0.0262,0.1645,0.608,0.1359,2.8640,-0.023,-1.8445,-1.8972,107.488,5.565,0.3411,219.293,0.7394,0.0100,0.0325,3.2493,5.5888,6.0110,nan,5.1898,5.1417,0.2036,0.0001,1.5778,-0.0598,-0.0466,-0.0326,23.2983,-0.0800,2.8688,0.1500
53.200,215.417,-1.7122,1.0618,107.626,-1.7719,1.1815,107.313,0.1322,0.0207,0.1338,-0.313,0.1582,2.8259,-0.444,-1.9173,-1.6592,107.757,5.458,0.2759,219.539,0.7387,0.0089,0.0214,2.4011,5.6287,5.7134,nan,4.8781,4.8673,0.1928,-0.0326,1.5412,-0.0685,-0.0281,-0.0704,23.5765,-0.0800,0.8503,0.1500
53.250,215.664,-1.7874,1.2971,107.702,-1.8336,1.3827,107.302,0.0956,0.0180,0.0973,-0.400,0.1845,2.7811,-1.071,-1.9916,-1.4359,108.373,5.294,-0.0044,219.774,0.7325,0.0065,0.0170,2.6003,5.3851,5.3452,nan,4.7587,4.8819,0.1933,-0.0547,1.5132,-0.0774,-0.0095,-0.0987,23.7852,0.0800,-2.0074,0.1500
53.300,215.912,-1.8622,1.5339,107.075,-1.8956,1.5909,106.118,0.0643,0.0152,0.0661,-0.957,0.1929,2.7652,-1.573,-2.0555,-1.2311,107.691,5.072,-0.2645,220.006,0.7234,0.0057,0.0113,1.9945,5.0788,4.9910,nan,4.6420,4.6106,0.1826,-0.0491,1.4844,-0.0983,-0.0234,-0.1270,23.9938,0.0800,-2.8725,0.1500
53.350,216.142,-1.9283,1.7543,105.981,-1.9615,1.8251,105.433,0.0772,0.0124,0.0782,-0.548,0.1748,2.7977,-0.937,-2.1201,-1.0074,106.370,4.942,-0.4267,220.228,0.7265,0.0047,0.0151,3.1962,4.9789,5.0028,nan,4.4721,4.5620,0.1807,-0.0448,1.4542,-0.1197,-0.0411,-0.1553,24.2024,0.0800,-3.5865,0.1500
53.400,216.365,-1.9884,1.9690,104.995,-2.0090,2.0173,104.654,0.0520,0.0074,0.0525,-0.341,0.1656,2.8183,-0.225,-2.1715,-0.8096,104.879,4.764,-0.3656,220.439,0.7249,0.0032,0.0101,3.1100,4.7858,4.7769,nan,4.3080,4.4290,0.1754,-0.0700,1.4108,-0.1265,-0.0193,-0.1932,24.4806,0.0800,-2.1794,0.1500
53.450,216.581,-2.0430,2.1780,104.112,-2.0581,2.2000,104.336,0.0250,0.0093,0.0267,0.225,0.1632,2.8092,0.344,-2.2250,-0.5959,103.992,4.638,-0.3264,220.647,0.7283,0.0144,0.0237,1.6473,4.6719,4.6897,nan,4.2016,4.3275,0.1714,-0.1219,1.3741,-0.1212,0.0241,-0.2219,24.6893,0.0723,-3.0068,0.1500
53.500,216.800,-2.0946,2.3908,102.813,-2.0993,2.3688,104.326,-0.0204,0.0094,0.0224,1.513,0.1596,2.8272,1.082,-2.2672,-0.4156,103.244,4.495,-0.4917,220.857,0.7198,0.0125,0.0271,2.1680,4.5266,4.5355,nan,4.1491,4.2259,0.1674,-0.1361,1.3700,-0.1161,0.0298,-0.2316,24.7588,0.0800,-2.2686,0.1500
53.550,217.004,-2.1372,2.5899,100.756,-2.1402,2.5624,102.428,-0.0265,0.0081,0.0277,1.672,0.1687,2.8021,0.916,-2.3124,-0.2028,101.512,4.366,-0.8337,221.053,0.7243,0.0087,0.0210,2.4280,4.2923,4.2675,nan,3.9449,4.0489,0.1604,-0.1605,1.2094,-0.1105,0.0385,-0.2708,25.0370,0.0800,-2.1712,0.1500
53.600,217.203,-2.1714,2.7860,98.585,-2.1672,2.7439,99.533,-0.0422,0.0022,0.0423,0.948,0.1707,2.8020,1.026,-2.3386,-0.0162,98.507,4.294,-0.8188,221.249,0.7265,0.0079,0.0083,1.0530,4.1539,4.1637,nan,3.8462,3.9498,0.1564,-0.1806,1.1717,-0.1150,0.0581,-0.3017,25.2456,0.0800,-1.2469,0.1500
53.650,217.402,-2.1979,2.9839,96.186,-2.1916,2.9260,97.787,-0.0583,-0.0000,0.0583,1.601,0.1718,2.8103,1.417,-2.3598,0.1741,96.370,4.207,-0.8940,221.445,0.7275,0.0078,0.0084,1.0778,4.1199,4.1488,nan,3.7039,3.7591,0.1489,-0.2216,1.0688,-0.1070,0.0809,-0.3337,25.4543,0.0319,-1.4615,0.1500
53.700,217.601,-2.2153,3.1817,93.391,-2.2132,3.1264,95.443,-0.0554,0.0012,0.0554,2.052,0.1694,2.8253,1.723,-2.3725,0.3725,93.720,4.075,-1.0186,221.731,0.7319,0.0084,0.0113,1.3319,3.9945,4.0066,nan,3.6150,3.6813,0.1458,-0.2620,1.0434,-0.0952,0.0735,-0.3560,25.5934,0.0384,-2.1369,0.1500
53.750,217.975,-2.2189,3.5558,86.832,-2.2140,3.4870,88.824,-0.0684,-0.0087,0.0689,1.992,0.1684,2.8151,1.512,-2.3638,0.7346,87.312,3.801,-1.3193,221.999,0.7372,0.0089,0.0046,0.5168,3.8832,3.8973,nan,3.5010,3.5415,0.1403,-0.2851,1.0434,-0.0889,0.0834,-0.3913,25.8020,0.0235,-1.9545,0.1500
53.800,218.150,-2.2042,3.7306,82.839,-2.2019,3.6521,85.599,-0.0776,-0.0121,0.0786,2.759,0.1764,2.8436,2.418,-2.3421,0.9081,83.181,3.677,-1.5074,222.170,0.7428,0.0107,0.0082,0.7674,3.7474,3.7558,nan,3.4325,3.4999,0.1386,-0.3058,1.0414,-0.0862,0.0936,-0.4295,26.0107,0.0391,-2.5336,0.1500
53.850,218.323,-2.1770,3.9011,78.461,-2.1774,3.8144,81.872,-0.0850,-0.0170,0.0867,3.411,0.1862,2.8781,3.078,-2.3099,1.0619,78.793,3.537,-1.5772,222.339,0.7399,0.0266,0.0162,0.6098,3.5619,3.5562,nan,3.3563,3.4889,0.1382,-0.3378,1.0414,-0.0763,0.0757,-0.4570,26.1498,0.0768,-2.0873,0.1500
53.900,218.484,-2.1398,4.0573,74.101,-2.1448,3.9772,77.692,-0.0784,-0.0171,0.0803,3.591,0.1877,2.8906,3.414,-2.2637,1.2236,74.279,3.454,-1.6542,222.498,0.7505,0.0272,0.0184,0.6778,3.5623,3.5913,nan,3.2267,3.2248,0.1277,-0.3378,0.8944,-0.0630,0.0996,-0.5025,26.3584,-0.0011,-2.3364,0.1500
53.950,218.644,-2.0902,4.2101,69.318,-2.1088,4.1150,74.150,-0.0956,-0.0162,0.0969,4.832,0.2014,2.9228,4.598,-2.2073,1.3735,69.552,3.393,-1.7961,222.659,0.7554,0.0254,0.0222,0.8741,3.4516,3.4624,nan,3.1350,3.1040,0.1229,-0.3593,0.8944,-0.0513,0.0880,-0.5354,26.4975,-0.0180,-1.5617,0.1500
54.000,218.803,-2.0286,4.3563,64.492,-2.0597,4.2525,69.304,-0.1071,-0.0166,0.1084,4.811,0.2016,2.9278,4.950,-2.1386,1.5149,64.354,3.239,-1.7138,222.813,0.7598,0.0243,0.0186,0.7681,3.3455,3.3561,nan,3.0740,3.0626,0.1213,-0.3818,0.8944,-0.0391,0.0845,-0.5620,26.6366,-0.0066,-1.2485,0.1500
54.050,218.954,-1.9582,4.4905,59.647,-2.0064,4.3900,65.192,-0.1110,-0.0092,0.1114,5.546,0.2087,2.9481,5.358,-2.0707,1.6425,59.834,3.095,-1.7412,222.961,0.7547,0.0228,0.0268,1.1748,3.2063,3.2093,nan,3.0260,3.1008,0.1228,-0.4147,0.8944,-0.0221,0.0908,-0.5832,26.7757,0.0433,-2.6191,0.1500
54.100,219.097,-1.8812,4.6109,54.772,-1.9256,4.5284,59.393,-0.0930,-0.0113,0.0936,4.621,0.1937,2.9301,4.523,-1.9867,1.7605,54.870,3.001,-1.7982,223.103,0.7602,0.0207,0.0199,0.9625,3.1043,3.1136,nan,2.9892,3.1224,0.1237,-0.4415,0.8163,-0.0089,0.0885,-0.6035,26.9148,0.0800,-2.3801,0.1500
54.150,219.241,-1.7938,4.7243,49.498,-1.8517,4.6464,54.704,-0.0968,-0.0066,0.0970,5.206,0.2034,2.9476,4.881,-1.9030,1.8675,49.824,2.973,-1.9357,223.248,0.7541,0.0194,0.0254,1.3149,2.9742,2.9770,nan,2.9192,2.9796,0.1180,-0.4793,0.8163,0.0009,0.1092,-0.6506,27.1234,0.0800,-1.7263,0.1500
54.200,219.383,-1.6967,4.8284,43.914,-1.7572,4.7573,49.218,-0.0928,-0.0092,0.0933,5.304,0.2035,2.9495,4.940,-1.7977,1.9700,44.278,2.966,-2.0510,223.395,0.7611,0.0179,0.0233,1.3068,3.0150,3.0466,nan,2.8153,2.8188,0.1116,-0.4670,0.8163,0.0127,0.0991,-0.7095,27.2625,0.0020,-0.8023,0.1500
54.250,219.514,-1.5982,4.9154,38.437,-1.6485,4.8681,43.198,-0.0688,-0.0058,0.0690,4.762,0.2037,2.9479,4.838,-1.6836,2.0695,38.361,2.882,-2.1681,223.528,0.7804,0.0150,0.0248,1.6576,3.0910,3.1316,nan,2.8786,2.8375,0.1124,-0.4451,0.8163,0.0273,0.0848,-0.7315,27.4016,-0.0238,-0.6281,0.1500
54.300,219.652,-1.4861,4.9959,32.596,-1.5480,4.9418,36.655,-0.0813,-0.0122,0.0822,4.059,0.1845,2.9299,4.173,-1.5815,2.1327,32.482,2.769,-2.0358,223.665,0.7643,0.0260,0.0100,0.3854,2.8477,2.8119,nan,2.9104,2.9581,0.1172,-0.5208,0.8163,0.0226,0.0717,-0.7583,27.5407,0.0276,-1.9888,0.1500
54.350,219.784,-1.3719,5.0619,27.278,-1.4362,5.0204,31.344,-0.0762,-0.0074,0.0765,4.066,0.1869,2.9346,4.277,-1.4631,2.2010,27.068,2.730,-1.9097,223.798,0.7692,0.0248,0.0165,0.6663,2.8316,2.8519,nan,2.9711,3.0770,0.1219,-0.5265,0.8163,0.0323,0.0773,-0.8045,27.6798,0.0614,-2.1364,0.1500
54.400,219.913,-1.2551,5.1157,21.658,-1.3280,5.0821,26.856,-0.0801,-0.0043,0.0803,5.198,0.1921,2.9484,4.658,-1.3418,2.2502,22.198,2.740,-2.2181,223.934,0.7715,0.0219,0.0222,1.0127,2.8820,2.9146,nan,3.0249,3.1335,0.1241,-0.5091,0.8163,0.0339,0.0796,-0.8780,0.0000,0.0629,-0.7363,0.1500
54.450,220.039,-1.1359,5.1566,15.719,-1.1813,5.1358,19.809,-0.0493,-0.0077,0.0499,4.090,0.1857,2.9393,4.096,-1.2066,2.2886,15.713,2.747,-2.2553,224.066,0.7854,0.0201,0.0187,0.9328,2.8280,2.8429,nan,3.0694,3.1051,0.1230,-0.5278,0.8617,0.0455,0.0793,-0.8167,0.1391,0.0206,-0.6047,0.1500
54.500,220.169,-1.0089,5.1856,9.502,-1.0541,5.1653,13.425,-0.0479,-0.0126,0.0495,3.923,0.1733,2.9310,3.769,-1.0778,2.3101,9.656,2.797,-2.3231,224.207,0.7843,0.0181,0.0103,0.5704,2.9490,3.0017,nan,3.1237,3.1067,0.1230,-0.4872,0.8987,0.0496,0.0634,-0.7794,0.2782,-0.0099,0.0502,0.1500
54.550,220.302,-0.8769,5.2011,3.360,-0.9113,5.1828,6.271,-0.0355,-0.0162,0.0390,2.912,0.1411,2.9174,3.154,-0.9262,2.3199,3.117,2.854,-2.2893,224.422,0.8007,0.0152,0.0070,0.4590,2.9638,2.9901,nan,3.1867,3.2160,0.1274,-0.4826,0.8987,0.0571,0.0498,-0.7530,0.4173,0.0170,0.0647,0.1500
54.600,220.571,-0.6078,5.1885,-8.999,-0.6261,5.1718,-6.665,-0.0154,-0.0193,0.0247,2.334,0.1230,2.9085,2.759,-0.6392,2.2968,-9.424,2.894,-2.2125,224.636,0.8140,0.0103,0.0062,0.6051,3.0548,3.0990,nan,3.2592,3.2912,0.1303,-0.4553,0.8987,0.0531,0.0186,-0.7334,0.5564,0.0185,-0.6402,0.1500
54.650,220.709,-0.4734,5.1606,-14.993,-0.4787,5.1384,-13.030,0.0006,-0.0228,0.0229,1.963,0.1069,2.9009,2.254,-0.4972,2.2588,-15.284,2.943,-2.2337,224.782,0.8179,0.0080,0.0052,0.6554,3.0075,3.0248,nan,3.3741,3.4190,0.1354,-0.4692,0.8987,0.0529,0.0641,-0.7244,0.7650,0.0800,-0.4501,0.1500
54.700,220.855,-0.3342,5.1159,-21.015,-0.3460,5.0951,-19.568,-0.0035,-0.0237,0.0239,1.448,0.0769,2.8945,1.345,-0.3711,2.2099,-20.913,3.015,-2.1515,224.939,0.8042,0.0263,0.0070,0.2655,2.9570,2.9735,nan,3.4520,3.4663,0.1373,-0.4608,0.9327,0.0534,0.0490,-0.6725,0.9041,0.0800,0.0480,0.1500
54.750,220.995,-0.2057,5.0596,-26.935,-0.1879,5.0232,-25.563,0.0324,-0.0244,0.0405,1.373,0.0679,2.8952,1.157,-0.2128,2.1328,-26.719,3.085,-2.2735,225.091,0.8265,0.0238,0.0096,0.4022,3.2208,3.3849,nan,3.5782,3.6694,0.1453,-0.4111,1.0689,0.0560,0.0212,-0.6276,1.0432,0.0528,0.2978,0.1500
54.800,221.142,-0.0783,4.9870,-33.049,-0.0691,4.9487,-32.194,0.0286,-0.0271,0.0394,0.855,0.0485,2.9020,0.939,-0.0840,2.0484,-33.133,3.151,-2.2778,225.249,0.8246,0.0204,0.0070,0.3415,3.2701,3.3059,nan,3.6652,3.7593,0.1489,-0.3471,1.1144,0.0496,0.0196,-0.5723,1.2519,0.0545,0.4794,0.1500
54.850,221.293,0.0448,4.8987,-38.734,0.0483,4.8512,-38.152,0.0325,-0.0349,0.0477,0.581,0.0423,2.8998,0.874,0.0358,1.9510,-39.026,3.284,-2.1164,225.416,0.8190,0.0137,0.0050,0.3655,3.3011,3.3335,nan,3.7967,3.9011,0.1545,-0.2829,1.1414,0.0381,-0.0198,-0.5425,1.3909,0.0800,0.2815,0.1500
54.900,221.445,0.1591,4.7996,-43.539,0.1802,4.7260,-43.939,0.0660,-0.0388,0.0766,-0.400,0.0249,2.9000,0.411,0.1684,1.8248,-44.350,3.421,-1.8509,225.580,0.8303,0.0088,0.0073,0.8283,3.5219,3.6394,nan,3.9283,3.9985,0.1584,-0.2591,1.2523,0.0302,-0.0059,-0.4864,1.5996,0.0406,1.3533,0.1500
54.950,221.606,0.2723,4.6845,-47.708,0.2924,4.6052,-48.156,0.0722,-0.0385,0.0818,-0.448,0.0266,2.9001,0.380,0.2771,1.7033,-48.537,3.581,-1.5733,225.754,0.8245,0.0062,0.0052,0.8421,3.5184,3.5463,nan,4.0599,4.1712,0.1652,-0.2423,1.2719,0.0245,-0.0124,-0.4539,1.7387,0.0800,1.6380,0.1500
55.000,221.781,0.3859,4.5510,-51.785,0.4122,4.4571,-52.155,0.0901,-0.0374,0.0976,-0.370,0.0158,2.8975,-0.189,0.3913,1.5609,-51.966,3.710,-1.4905,225.940,0.8232,0.0058,0.0028,0.4824,3.6453,3.7078,nan,4.1918,4.3158,0.1709,-0.2561,1.3469,0.0347,0.0292,-0.4119,1.9473,0.0800,2.1340,0.1500
55.050,221.959,0.4917,4.4078,-55.648,0.5261,4.2899,-56.107,0.1168,-0.0381,0.1228,-0.458,0.0152,2.9011,-0.064,0.5093,1.3894,-56.043,3.852,-1.4453,226.130,0.8300,0.0070,0.0019,0.2651,3.8451,3.9507,nan,4.3687,4.4905,0.1778,-0.2392,1.4486,0.0407,0.0349,-0.3751,2.1560,0.0670,1.5822,0.1500
55.100,222.156,0.5969,4.2422,-60.102,0.6184,4.1252,-60.265,0.1121,-0.0397,0.1189,-0.163,0.0062,2.8998,-0.456,0.6024,1.2303,-59.808,3.987,-1.5813,226.339,0.8192,0.0094,0.0004,0.0404,3.7854,3.8072,nan,4.4132,4.4941,0.1780,-0.2297,1.4521,0.0443,0.0492,-0.3417,2.3646,0.0800,1.9348,0.1500
55.150,222.359,0.6923,4.0625,-64.454,0.7099,3.9234,-65.448,0.1331,-0.0441,0.1403,-0.994,-0.0067,2.9064,-0.914,0.7003,1.0283,-64.534,4.140,-1.5318,226.557,0.8179,0.0119,0.0110,0.9270,4.0326,4.1941,nan,4.6380,4.7751,0.1891,-0.1864,1.5609,0.0418,0.0174,-0.3106,2.5733,0.0800,1.7214,0.1500
55.200,222.560,0.7732,3.8785,-68.580,0.7762,3.7366,-70.029,0.1332,-0.0490,0.1419,-1.449,-0.0266,2.9358,-1.431,0.7826,0.8206,-68.598,4.226,-1.5054,226.768,0.8161,0.0189,0.0349,1.8434,4.2792,4.4559,nan,4.8205,4.9217,0.1949,-0.1569,1.5954,0.0383,0.0182,-0.2716,2.8514,0.0500,1.9465,0.1500
55.250,222.767,0.8435,3.6835,-72.095,0.8346,3.5181,-74.103,0.1547,-0.0593,0.1657,-2.008,-0.0270,2.9256,-1.333,0.8476,0.6123,-72.769,4.396,-1.2658,226.990,0.8093,0.0144,0.0424,2.9447,4.3975,4.4751,nan,4.9590,5.0631,0.2005,-0.1089,1.6212,0.0220,-0.0104,-0.2436,3.0601,0.0500,0.9986,0.1500
55.300,222.987,0.9060,3.4726,-75.210,0.8854,3.3062,-76.490,0.1556,-0.0624,0.1677,-1.280,-0.0274,2.9340,-0.733,0.9080,0.3838,-75.757,4.563,-1.1082,227.224,0.8055,0.0117,0.0345,2.9349,4.5060,4.5835,nan,5.1454,5.2912,0.2096,-0.1068,1.6552,0.0256,0.0185,-0.2079,3.3383,0.0682,2.4383,0.1500
55.350,223.213,0.9584,3.2527,-78.368,0.9292,3.0954,-78.883,0.1482,-0.0603,0.1600,-0.515,-0.0264,2.9382,-0.726,0.9535,0.1693,-78.157,4.655,-1.1303,227.459,0.7991,0.0126,0.0301,2.3812,4.7749,5.0650,nan,5.3790,5.4844,0.2172,-0.1032,1.6812,0.0314,0.0288,-0.1816,3.5469,0.0466,1.2034,0.1500
55.400,223.437,0.9995,3.0326,-80.656,0.9676,2.8316,-81.839,0.1931,-0.0641,0.2035,-1.183,-0.0255,2.9284,-0.352,0.9937,-0.0907,-81.486,4.856,-0.8181,227.700,0.7955,0.0081,0.0366,4.4919,4.9188,5.0350,nan,5.5179,5.6009,0.2218,-0.1042,1.7168,0.0464,0.0553,-0.1469,3.8251,0.0355,3.2854,0.1500
55.450,223.674,1.0339,2.7987,-82.895,1.0013,2.5934,-82.700,0.1997,-0.0578,0.2079,0.194,-0.0252,2.9203,0.232,1.0252,-0.3311,-82.933,4.980,-0.8225,227.948,0.7923,0.0094,0.0227,2.4137,5.0166,5.1093,nan,5.7428,5.9046,0.2338,-0.0998,1.7537,0.0691,0.0674,-0.1124,4.1033,0.0677,1.8476,0.1500
55.500,223.916,1.0599,2.5575,-85.112,1.0281,2.3544,-84.185,0.1996,-0.0490,0.2055,0.927,-0.0275,2.9133,0.947,1.0462,-0.5762,-85.132,5.119,-0.8141,228.204,0.7872,0.0102,0.0203,1.9874,5.2117,5.3948,nan,5.9120,6.0393,0.2392,-0.0830,1.7832,0.0926,0.0661,-0.0779,4.3815,0.0513,2.1493,0.1500
55.550,224.160,1.0766,2.3142,-87.372,1.0462,2.0925,-86.239,0.2200,-0.0405,0.2237,1.132,-0.0292,2.9179,1.090,1.0596,-0.8457,-87.330,5.245,-0.8426,228.461,0.7835,0.0115,0.0188,1.6266,5.3033,5.4042,nan,6.0663,6.2317,0.2468,-0.0531,1.7832,0.1028,0.0418,-0.0433,4.6597,0.0655,2.0113,0.1500
55.600,224.417,1.0841,2.0578,-89.657,1.0586,1.8500,-88.289,0.2077,-0.0268,0.2094,1.369,-0.0296,2.9306,1.417,1.0611,-1.1072,-89.706,5.430,-0.8395,228.736,0.7775,0.0112,0.0171,1.5210,5.4993,5.7059,nan,6.2318,6.3734,0.2524,-0.0254,1.7832,0.1144,0.0138,-0.0110,4.9378,0.0542,3.0184,0.1500
55.650,224.960,1.0706,1.5144,-93.041,1.0589,1.5895,-90.108,-0.0743,-0.0156,0.0760,2.933,-0.0379,2.9499,1.860,1.0521,-1.3953,-91.968,5.597,-0.7169,229.314,0.8206,0.0346,0.0198,0.5718,5.7278,6.0160,nan,6.3914,6.4909,0.2571,-0.0042,1.7832,0.1189,-0.0069,0.0210,5.2160,0.0368,2.5862,0.1500
55.700,225.247,1.0535,1.2280,-93.751,1.0409,1.0168,-92.696,0.2116,0.0012,0.2116,1.055,-0.0283,2.9616,1.600,1.0145,-1.9739,-94.296,5.927,-0.2261,229.618,0.7627,0.0032,0.0145,4.5134,5.7994,5.9082,nan,6.5195,6.6875,0.2649,0.0113,1.7832,0.1191,-0.0250,0.0529,5.4942,0.0618,2.8499,0.1500
55.750,225.523,1.0348,0.9526,-93.911,1.0265,0.6529,-93.501,0.2996,0.0122,0.2999,0.410,0.0015,2.9445,0.857,0.9906,-2.3067,-94.358,6.061,-0.0350,229.909,0.7630,0.0083,0.0450,5.4163,6.0591,6.5194,nan,6.7101,6.8794,0.2725,0.0246,1.7886,0.1121,-0.0476,0.0811,5.8420,0.0604,2.5219,0.1500
55.800,225.806,1.0156,0.6708,-93.686,1.0036,0.3774,-94.189,0.2935,0.0068,0.2936,-0.503,0.0393,2.9580,-0.186,0.9727,-2.5774,-94.003,6.211,0.1069,230.208,0.7629,0.0062,0.0469,7.5148,6.1124,6.2218,nan,6.8650,7.0724,0.2801,0.0316,1.8046,0.0978,-0.0679,0.0671,6.1897,0.0800,2.3570,0.1500
55.850,226.095,0.9978,0.3818,-93.079,0.9822,0.0899,-94.349,0.2923,0.0001,0.2923,-1.270,0.0771,3.0047,-0.953,0.9535,-2.8993,-93.396,6.364,0.2468,230.516,0.7661,0.0042,0.0462,10.9876,6.2884,6.5288,nan,7.0419,7.2741,0.2881,0.0483,1.8248,0.0580,-0.0889,0.0488,6.5374,0.0798,2.6938,0.1500
55.900,226.405,0.9826,0.0724,-92.228,0.9695,-0.1591,-93.342,0.2319,-0.0041,0.2319,-1.114,0.0800,3.0596,-0.926,0.9414,-3.2039,-92.416,6.531,0.3238,230.846,0.7684,0.0046,0.0402,8.6866,6.3779,6.5258,nan,7.1517,7.3780,0.2922,0.0499,1.8075,0.0293,-0.0893,0.0342,6.8156,0.0800,2.7479,0.1500
55.950,226.716,0.9728,-0.2386,-90.960,0.9642,-0.4871,-91.240,0.2486,-0.0044,0.2486,-0.280,0.0260,3.0802,0.091,0.9326,-3.5687,-91.330,6.697,0.4980,231.178,0.7795,0.0043,0.0274,6.3810,6.6150,7.0446,nan,7.2760,7.4332,0.2944,0.0376,1.7863,0.0092,-0.0741,0.0159,7.1634,0.0515,2.8648,0.1500
56.000,227.041,0.9702,-0.5638,-89.530,0.9680,-0.7446,-89.780,0.1808,-0.0037,0.1808,-0.250,0.0415,3.1379,-0.140,0.9360,-3.8802,-89.640,6.842,0.5296,231.524,0.7824,0.0091,0.0226,2.4972,6.7209,6.9024,nan,7.0644,6.9866,0.2767,-0.0170,1.7615,0.0252,-0.0181,-0.0024,7.5111,-0.0251,2.9441,0.1500
56.050,227.359,0.9751,-0.8812,-88.405,0.9734,-1.0881,-89.588,0.2067,-0.0074,0.2069,-1.183,0.1417,3.2107,-1.559,0.9484,-4.2745,-88.030,6.952,0.4083,231.857,0.8087,0.0179,0.0229,1.2766,6.9609,7.4628,nan,6.6891,6.4824,0.2567,-0.0510,1.7354,0.0279,0.0122,-0.0207,7.8588,-0.0687,2.4475,0.1500
56.100,227.698,0.9848,-1.2203,-88.614,0.9858,-1.3343,-88.861,0.1140,-0.0018,0.1140,-0.247,0.1494,3.2522,-1.572,0.9619,-4.5618,-87.289,6.892,-0.2151,232.194,0.7989,0.0109,0.0074,0.6780,6.7724,6.7663,nan,6.5671,6.4111,0.2539,-0.0436,1.7201,0.0105,-0.0002,-0.0317,8.0675,-0.0533,1.9344,0.1500
56.150,228.023,0.9901,-1.5455,-89.973,0.9912,-1.6467,-90.591,0.1012,0.0010,0.1012,-0.618,0.1458,3.2927,-1.384,0.9644,-4.9176,-89.207,6.681,-0.5337,232.502,0.8038,0.0046,0.0064,1.4065,6.8891,7.0924,nan,6.2148,6.3379,0.2510,-0.0001,1.6951,-0.0246,-0.0574,-0.0499,8.4152,-0.0800,-3.7263,0.1500
56.200,228.340,0.9877,-1.8620,-91.251,0.9883,-1.9024,-92.188,0.0404,0.0014,0.0404,-0.938,0.0994,3.3085,-0.718,0.9541,-5.1994,-91.470,6.519,-0.4486,232.807,0.7875,0.0062,0.0144,2.3308,6.5638,6.4266,nan,6.0464,6.1169,0.2423,0.0362,1.6803,-0.0534,-0.1024,-0.0609,8.6239,0.0800,-3.5409,0.1500
56.250,228.656,0.9801,-2.1780,-91.416,0.9841,-2.1681,-92.318,-0.0100,0.0038,0.0107,-0.903,0.0233,3.3250,0.204,0.9413,-5.4965,-92.522,6.389,0.0008,233.113,0.7783,0.0109,0.0136,1.2489,6.2950,6.2262,nan,5.9368,5.8265,0.2308,0.0209,1.6611,-0.0589,-0.0851,-0.0757,8.9021,0.0800,-2.7425,0.1500
56.300,228.971,0.9737,-2.4930,-90.563,0.9825,-2.4359,-91.617,-0.0572,0.0082,0.0578,-1.054,0.0669,3.3709,-0.204,0.9362,-5.8035,-91.413,6.221,0.3511,233.415,0.7781,0.0159,0.0102,0.6411,6.1838,6.2153,nan,5.7765,5.7200,0.2265,-0.0690,1.6419,-0.0276,0.0021,-0.0908,9.1802,0.0800,-2.1636,0.1500
56.350,229.270,0.9719,-2.7925,-89.962,0.9873,-2.7126,-90.633,-0.0799,0.0154,0.0814,-0.671,0.1564,3.3909,-1.030,0.9405,-6.0876,-89.603,6.015,0.1973,233.699,0.7811,0.0105,0.0020,0.1888,6.0634,6.0895,nan,5.5697,5.6581,0.2241,-0.1177,1.6226,0.0011,0.0779,-0.1101,9.4584,0.0800,-2.7260,0.1500
56.400,229.549,0.9712,-3.0710,-91.014,0.9818,-2.9534,-90.243,-0.1177,0.0085,0.1181,0.771,0.1275,3.4096,-0.794,0.9425,-6.3506,-89.449,5.847,-0.6329,233.965,0.7812,0.0104,0.0031,0.2932,5.8844,5.8815,nan,5.4190,5.5139,0.2184,-0.0915,1.6078,-0.0198,-0.0052,-0.1245,9.6671,0.0800,-2.8968,0.1500
56.450,229.814,0.9626,-3.3364,-93.526,0.9679,-3.2153,-92.464,-0.1212,-0.0022,0.1212,1.062,0.0097,3.4059,0.268,0.9272,-6.6256,-92.732,5.704,-1.0563,234.223,0.7762,0.0163,0.0112,0.6838,5.5678,5.4587,nan,5.3202,5.2190,0.2067,-0.0756,1.5915,-0.0325,-0.0320,-0.1389,9.8757,0.0800,-2.5891,0.1500
56.500,230.086,0.9407,-3.6070,-96.405,0.9461,-3.4237,-95.214,-0.1828,-0.0151,0.1834,1.192,-0.0927,3.4181,1.176,0.8981,-6.8616,-96.390,5.611,-1.0369,234.490,0.7640,0.0151,0.0231,1.5304,5.5817,5.6528,nan,5.1255,5.2925,0.2096,-0.0842,1.5686,-0.0388,-0.0265,-0.1582,10.1539,0.0800,-1.6230,0.1500
56.550,230.591,0.8683,-4.1071,-98.566,0.9203,-3.6939,-97.214,-0.4163,-0.0101,0.4164,1.352,-0.1718,3.3991,1.904,0.8558,-7.1254,-99.118,5.511,-0.7923,234.979,0.8003,0.0427,0.0223,0.5226,5.4631,5.4847,nan,4.9330,5.0109,0.1985,-0.1312,1.5437,-0.0241,0.0105,-0.1776,10.4321,0.0373,-1.8897,0.1500
56.600,230.841,0.8206,-4.3519,-102.151,0.8543,-4.1601,-99.288,-0.1946,-0.0075,0.1948,2.863,-0.2693,3.3796,2.718,0.7647,-7.5845,-102.007,5.268,-0.6902,235.224,0.7483,0.0131,0.0231,1.7565,5.1551,5.0640,nan,4.7892,4.9193,0.1948,-0.1626,1.5230,-0.0069,0.0441,-0.1922,10.6407,0.0800,-2.9210,0.1500
56.650,231.079,0.7667,-4.5840,-104.699,0.8024,-4.4147,-101.253,-0.1728,-0.0084,0.1730,3.445,-0.2755,3.3719,2.745,0.7037,-7.8293,-103.999,5.100,-1.0437,235.452,0.7427,0.0334,0.0046,0.1371,5.1722,5.2340,nan,4.5986,4.5912,0.1818,-0.1615,1.4952,0.0030,0.0617,-0.2117,10.9189,-0.0037,-1.3479,0.1500
56.700,231.320,0.7003,-4.8157,-108.085,0.7413,-4.6205,-105.121,-0.1983,-0.0216,0.1994,2.964,-0.2272,3.3786,2.365,0.6376,-8.0323,-107.486,4.953,-1.2621,235.686,0.7401,0.0364,0.0214,0.5873,4.9418,4.9137,nan,4.5034,4.5761,0.1812,-0.1769,1.4624,-0.0012,0.0442,-0.2318,11.1971,0.0382,-3.0501,0.1500
56.750,231.543,0.6264,-5.0257,-111.321,0.6662,-4.8511,-108.467,-0.1771,-0.0264,0.1791,2.854,-0.3087,3.3611,2.954,0.5504,-8.2516,-111.422,4.742,-1.1985,235.896,0.7277,0.0344,0.0227,0.6608,4.9568,5.0125,nan,4.3128,4.2158,0.1670,-0.1758,1.4328,-0.0155,0.0042,-0.2474,11.4058,-0.0506,-2.4895,0.1500
56.800,231.753,0.5457,-5.2196,-114.610,0.5921,-5.0350,-111.830,-0.1872,-0.0347,0.1903,2.780,-0.2627,3.3553,2.612,0.4716,-8.4206,-114.442,4.604,-1.2725,236.099,0.7276,0.0319,0.0316,0.9919,4.6450,4.5613,nan,4.2179,4.2731,0.1692,-0.1988,1.3975,-0.0119,0.0126,-0.2638,11.6144,0.0308,-3.7590,0.1500
56.850,231.959,0.4555,-5.4050,-117.853,0.4984,-5.2473,-115.545,-0.1594,-0.0357,0.1634,2.308,-0.2399,3.3287,2.417,0.3760,-8.5996,-117.962,4.377,-1.2001,236.293,0.7220,0.0303,0.0338,1.1157,4.4840,4.4876,nan,4.0732,4.1276,0.1635,-0.1970,1.3629,-0.0200,-0.0070,-0.2822,11.8230,0.0314,-2.5030,0.1500
56.900,232.157,0.3585,-5.5781,-121.339,0.3952,-5.4368,-118.839,-0.1398,-0.0421,0.1460,2.499,-0.2258,3.3028,2.232,0.2801,-8.7571,-121.071,4.261,-1.3238,236.487,0.7224,0.0292,0.0369,1.2663,4.2396,4.2116,nan,3.9752,4.0922,0.1621,-0.2189,1.3392,-0.0172,-0.0036,-0.3018,12.0317,0.0800,-3.9781,0.1500
56.950,232.346,0.2564,-5.7369,-124.658,0.2876,-5.6411,-122.730,-0.0966,-0.0288,0.1008,1.928,-0.2266,3.2636,2.184,0.1745,-8.9178,-124.914,4.138,-1.2713,236.670,0.7190,0.0273,0.0327,1.1963,4.1331,4.1496,nan,3.7762,3.8454,0.1523,-0.2259,1.2898,-0.0179,0.0027,-0.3307,12.3099,0.0401,-2.0104,0.1500
57.000,232.546,0.1379,-5.8983,-128.535,0.1876,-5.8041,-125.172,-0.1047,-0.0198,0.1065,3.364,-0.3574,3.2374,3.043,0.0642,-9.0577,-128.215,4.047,-1.3829,236.867,0.7268,0.0460,0.0275,0.5973,3.9098,3.8945,nan,3.6770,3.7959,0.1503,-0.2632,1.2316,-0.0042,0.0175,-0.3555,12.5185,0.0800,-2.2830,0.1500
57.050,232.736,0.0153,-6.0435,-132.364,0.0568,-5.9677,-129.287,-0.0840,-0.0204,0.0864,3.077,-0.3662,3.2318,3.090,-0.0735,-9.2089,-132.377,3.884,-1.3689,237.050,0.7117,0.0419,0.0306,0.7301,4.0005,4.0546,nan,3.5344,3.5053,0.1388,-0.2689,1.1880,0.0132,0.0272,-0.3807,12.7271,-0.0168,-1.5233,0.1500
57.100,232.923,-0.1150,-6.1776,-136.661,-0.0555,-6.0892,-132.601,-0.1040,-0.0235,0.1066,4.060,-0.4255,3.2276,3.463,-0.1934,-9.3221,-136.064,3.764,-1.5459,237.234,0.7222,0.0407,0.0296,0.7281,3.8384,3.8420,nan,3.4042,3.3957,0.1345,-0.2917,1.1400,0.0116,0.0149,-0.3996,12.8662,-0.0049,-2.7168,0.1500
57.150,233.099,-0.2466,-6.2939,-140.872,-0.1998,-6.2386,-136.830,-0.0712,-0.0133,0.0724,4.042,-0.5290,3.2060,4.083,-0.3440,-9.4441,-140.913,3.572,-1.4997,237.401,0.7031,0.0378,0.0274,0.7231,3.5536,3.5023,nan,3.3615,3.4617,0.1371,-0.3173,1.0554,-0.0017,0.0118,-0.4321,13.0749,0.0800,-3.1539,0.1500
57.200,233.264,-0.3781,-6.3943,-144.861,-0.3248,-6.3401,-140.496,-0.0748,-0.0136,0.0760,4.365,-0.6068,3.1946,4.500,-0.4670,-9.5275,-144.997,3.479,-1.4609,237.564,0.7120,0.0339,0.0275,0.8109,3.3992,3.4002,nan,3.2713,3.3204,0.1315,-0.3695,1.0096,0.0126,0.0144,-0.4577,13.2140,0.0800,-1.6507,0.1500
57.250,233.428,-0.5152,-6.4842,-149.112,-0.4585,-6.4407,-144.297,-0.0710,-0.0083,0.0715,4.815,-0.6162,3.1844,4.513,-0.6003,-9.6076,-148.810,3.365,-1.5346,237.725,0.7163,0.0314,0.0252,0.8019,3.3898,3.4157,nan,3.1228,3.1953,0.1265,-0.3722,1.0038,0.0226,0.0380,-0.5039,13.4226,0.0420,-1.9186,0.1500
57.300,233.586,-0.6530,-6.5603,-153.538,-0.6103,-6.5355,-149.020,-0.0493,-0.0032,0.0494,4.519,-0.5959,3.1750,4.335,-0.7483,-9.6816,-153.355,3.343,-1.6571,237.885,0.7061,0.0287,0.0317,1.1053,3.3048,3.3188,nan,3.0224,3.0496,0.1208,-0.3910,0.8169,0.0242,0.0558,-0.5562,13.6313,0.0158,-0.6010,0.1500
57.350,233.744,-0.7971,-6.6254,-158.541,-0.7533,-6.6054,-154.200,-0.0481,-0.0026,0.0482,4.342,-0.5259,3.1715,3.903,-0.8924,-9.7388,-158.103,3.256,-1.8829,238.042,0.7067,0.0265,0.0342,1.2919,3.2697,3.2908,nan,2.8774,2.8174,0.1116,-0.3992,0.8169,0.0247,0.0187,-0.5854,13.7704,-0.0348,-1.6249,0.1500
57.400,234.045,-1.0857,-6.7114,-168.847,-1.0483,-6.7035,-165.381,-0.0382,-0.0005,0.0382,3.466,-0.4256,3.1634,3.251,-1.1813,-9.8157,-168.632,3.025,-1.8547,238.340,0.7070,0.0391,0.0377,0.9636,3.1583,3.1664,nan,2.8341,2.8431,0.1126,-0.4270,0.8169,0.0171,0.0007,-0.6091,13.9094,0.0052,-1.8851,0.1500
57.450,234.177,-1.2158,-6.7319,-173.576,-1.1871,-6.7348,-170.477,-0.0282,0.0061,0.0289,3.098,-0.4458,3.1625,3.371,-1.3219,-9.8366,-173.848,2.853,-1.7851,238.466,0.6964,0.0234,0.0294,1.2547,3.0850,3.0991,nan,2.8174,2.8738,0.1138,-0.4468,0.8169,0.0188,-0.0073,-0.6455,14.0485,0.0326,-2.2562,0.1500
57.500,234.314,-1.3529,-6.7414,-178.817,-1.3002,-6.7429,-175.276,-0.0527,0.0026,0.0527,3.541,-0.4148,3.1589,3.170,-1.4316,-9.8377,-178.446,2.775,-1.8631,238.604,0.7245,0.0251,0.0249,0.9920,2.7771,2.6956,nan,2.8299,2.8700,0.1137,-0.4912,0.8169,0.0118,0.0045,-0.6896,14.1876,0.0232,-3.0824,0.1500
57.550,234.444,-1.4826,-6.7386,175.979,-1.4483,-6.7424,178.988,-0.0345,0.0014,0.0346,3.010,-0.3691,3.1533,2.907,-1.5797,-9.8283,176.081,2.752,-1.9336,238.737,0.7068,0.0223,0.0235,1.0512,2.8579,2.8974,nan,2.8145,2.8631,0.1134,-0.5089,0.8169,0.0039,-0.0034,-0.7412,14.3267,0.0800,-1.4048,0.1500
57.600,234.575,-1.6131,-6.7235,170.317,-1.5799,-6.7246,172.985,-0.0329,-0.0045,0.0332,2.669,-0.2714,3.1430,2.313,-1.7056,-9.8068,170.673,2.726,-2.1064,238.872,0.7119,0.0187,0.0237,1.2679,2.7711,2.7804,nan,2.8275,2.8705,0.1137,-0.5024,0.8169,-0.0046,-0.0025,-0.8008,14.4658,0.0248,-0.8010,0.1500
57.650,234.705,-1.7401,-6.6954,164.364,-1.7096,-6.6993,166.789,-0.0305,-0.0044,0.0308,2.425,-0.2363,3.1395,2.120,-1.8363,-9.7776,164.669,2.700,-2.1635,239.006,0.7084,0.0148,0.0201,1.3555,2.7963,2.8230,nan,2.8908,2.9626,0.1173,-0.4866,0.8169,-0.0111,-0.0163,-0.8766,14.6049,0.0416,-0.9017,0.1500
