t,dist_m,true_x,true_y,true_yaw_deg,est_x,est_y,est_yaw_deg,err_along,err_cross,err_dist,err_yaw_deg,m2o_x,m2o_y,m2o_yaw_deg,o2b_x,o2b_y,o2b_yaw_deg,speed,yaw_rate,enc_dist,dr_err,fit_true,fit_est,fit_ratio,ready,pp_v_est,pp_v_enc,pp_v_pose,pp_v_target,pp_u_cmd,pp_throttle,pp_steering,pp_ld,pp_e_lat,pp_e_head,pp_kappa,pp_s,pp_slip,pp_a_imu,pp_delay
0.000,0.000,1.8484,-15.7406,10.879,1.7041,-15.7796,13.389,-0.1491,-0.0111,0.1495,2.511,1.6278,-15.7987,2.509,0.0770,0.0157,10.880,0.018,0.0006,0.079,0.0000,0.0020,0.1213,60.3053,0,nan,nan,nan,nan,nan,nan,nan,nan,nan,nan,nan,nan,nan,nan,nan
0.050,0.000,1.8485,-15.7406,10.880,1.7041,-15.7796,13.389,-0.1492,-0.0111,0.1496,2.510,1.6278,-15.7987,2.509,0.0770,0.0157,10.880,-0.002,0.0003,0.079,0.0001,0.0025,0.1227,50.0635,0,nan,nan,nan,nan,nan,nan,nan,nan,nan,nan,nan,nan,nan,nan,nan
0.100,0.000,1.8484,-15.7407,10.880,1.7041,-15.7796,13.389,-0.1491,-0.0110,0.1495,2.510,1.6278,-15.7987,2.509,0.0770,0.0157,10.880,-0.002,0.0002,0.079,0.0001,0.0025,0.1226,50.0182,0,nan,nan,nan,nan,nan,nan,nan,nan,nan,nan,nan,nan,nan,nan,nan
0.150,0.000,1.8483,-15.7407,10.880,1.7041,-15.7796,13.389,-0.1490,-0.0110,0.1494,2.509,1.6278,-15.7987,2.509,0.0770,0.0157,10.880,-0.001,0.0002,0.079,0.0001,0.0024,0.1224,50.4008,0,nan,nan,nan,nan,nan,nan,nan,nan,nan,nan,nan,nan,nan,nan,nan
0.200,0.000,1.8483,-15.7408,10.880,1.7041,-15.7796,13.389,-0.1490,-0.0109,0.1494,2.509,1.6278,-15.7987,2.509,0.0770,0.0157,10.880,-0.001,0.0001,0.079,0.0002,0.0024,0.1223,50.3748,0,nan,nan,nan,nan,nan,nan,nan,nan,nan,nan,nan,nan,nan,nan,nan
0.250,0.000,1.8483,-15.7408,10.881,1.7041,-15.7796,13.389,-0.1490,-0.0109,0.1494,2.508,1.6278,-15.7987,2.509,0.0770,0.0157,10.880,-0.001,0.0001,0.079,0.0002,0.0024,0.1223,50.8495,0,nan,nan,nan,nan,nan,nan,nan,nan,nan,nan,nan,nan,nan,nan,nan
0.300,0.001,1.8482,-15.7408,10.881,1.7041,-15.7796,13.390,-0.1489,-0.0109,0.1493,2.509,1.6278,-15.7987,2.509,0.0770,0.0157,10.881,-0.001,0.0001,0.079,0.0003,0.0023,0.1223,52.3599,0,nan,nan,nan,nan,nan,nan,nan,nan,nan,nan,nan,nan,nan,nan,nan
0.350,0.001,1.8482,-15.7408,10.881,1.7251,-15.7767,12.661,-0.1277,-0.0120,0.1283,1.780,1.6486,-15.7948,1.780,0.0770,0.0157,10.881,-0.001,0.0001,0.079,0.0003,0.0023,0.0978,42.3095,0,nan,nan,nan,nan,nan,nan,nan,nan,nan,nan,nan,nan,nan,nan,nan
0.400,0.001,1.8482,-15.7408,10.881,1.7251,-15.7767,12.662,-0.1277,-0.0120,0.1283,1.780,1.6486,-15.7948,1.780,0.0770,0.0157,10.881,-0.000,0.0001,0.079,0.0003,0.0023,0.0978,42.7073,0,nan,nan,nan,nan,nan,nan,nan,nan,nan,nan,nan,nan,nan,nan,nan
0.450,0.001,1.8482,-15.7408,10.881,1.7251,-15.7767,12.662,-0.1277,-0.0120,0.1283,1.781,1.6486,-15.7948,1.780,0.0770,0.0157,10.881,-0.000,0.0000,0.079,0.0003,0.0022,0.0977,43.5586,0,nan,nan,nan,nan,nan,nan,nan,nan,nan,nan,nan,nan,nan,nan,nan
0.500,0.001,1.8482,-15.7408,10.881,1.7251,-15.7767,12.661,-0.1277,-0.0120,0.1283,1.780,1.6486,-15.7948,1.780,0.0770,0.0157,10.881,-0.000,0.0000,0.079,0.0003,0.0022,0.0977,43.5458,0,nan,nan,nan,nan,nan,nan,nan,nan,nan,nan,nan,nan,nan,nan,nan
0.551,0.001,1.8482,-15.7408,10.881,1.7251,-15.7767,12.661,-0.1277,-0.0120,0.1283,1.780,1.6486,-15.7948,1.780,0.0770,0.0157,10.881,-0.000,0.0000,0.079,0.0003,0.0022,0.0977,43.5458,0,nan,nan,nan,nan,nan,nan,nan,nan,nan,nan,nan,nan,nan,nan,nan
0.600,0.001,1.8481,-15.7408,10.881,1.7251,-15.7767,12.661,-0.1276,-0.0120,0.1282,1.780,1.6486,-15.7948,1.780,0.0770,0.0157,10.881,-0.000,0.0000,0.079,0.0004,0.0023,0.0977,43.1015,0,nan,nan,nan,nan,nan,nan,nan,nan,nan,nan,nan,nan,nan,nan,nan
0.650,0.001,1.8481,-15.7407,10.881,1.7251,-15.7767,12.661,-0.1276,-0.0121,0.1282,1.780,1.6486,-15.7948,1.780,0.0770,0.0157,10.881,-0.000,0.0000,0.079,0.0003,0.0023,0.0976,43.0797,0,nan,nan,nan,nan,nan,nan,nan,nan,nan,nan,nan,nan,nan,nan,nan
0.700,0.001,1.8481,-15.7407,10.881,1.7251,-15.7767,12.662,-0.1276,-0.0121,0.1282,1.780,1.6486,-15.7948,1.780,0.0770,0.0157,10.881,-0.000,0.0000,0.079,0.0003,0.0023,0.0976,43.0797,0,nan,nan,nan,nan,nan,nan,nan,nan,nan,nan,nan,nan,nan,nan,nan
0.750,0.001,1.8481,-15.7407,10.881,1.7251,-15.7767,12.662,-0.1276,-0.0121,0.1282,1.780,1.6486,-15.7948,1.780,0.0770,0.0157,10.881,-0.000,0.0000,0.079,0.0003,0.0023,0.0976,43.0797,0,nan,nan,nan,nan,nan,nan,nan,nan,nan,nan,nan,nan,nan,nan,nan
0.800,0.001,1.8481,-15.7407,10.881,1.7428,-15.7769,12.223,-0.1103,-0.0157,0.1114,1.342,1.6661,-15.7944,1.342,0.0770,0.0157,10.881,0.000,0.0000,0.079,0.0003,0.0023,0.0796,35.1206,0,nan,nan,nan,nan,nan,nan,nan,nan,nan,nan,nan,nan,nan,nan,nan
0.850,0.001,1.8481,-15.7407,10.881,1.7428,-15.7769,12.223,-0.1103,-0.0157,0.1114,1.342,1.6661,-15.7944,1.342,0.0770,0.0157,10.881,0.000,0.0000,0.079,0.0003,0.0023,0.0796,35.1206,0,nan,nan,nan,nan,nan,nan,nan,nan,nan,nan,nan,nan,nan,nan,nan
0.900,0.001,1.8482,-15.7407,10.881,1.7428,-15.7769,12.223,-0.1104,-0.0157,0.1115,1.342,1.6661,-15.7944,1.342,0.0770,0.0157,10.881,0.000,0.0000,0.079,0.0002,0.0022,0.0796,35.4827,0,nan,nan,nan,nan,nan,nan,nan,nan,nan,nan,nan,nan,nan,nan,nan
0.950,0.001,1.8482,-15.7407,10.881,1.7428,-15.7769,12.223,-0.1104,-0.0157,0.1115,1.342,1.6661,-15.7944,1.342,0.0770,0.0157,10.881,0.000,0.0000,0.079,0.0002,0.0022,0.0796,35.4827,0,nan,nan,nan,nan,nan,nan,nan,nan,nan,nan,nan,nan,nan,nan,nan
1.000,0.001,1.8482,-15.7407,10.881,1.7428,-15.7769,12.223,-0.1104,-0.0157,0.1115,1.342,1.6661,-15.7944,1.342,0.0770,0.0157,10.881,0.000,0.0000,0.079,0.0002,0.0022,0.0796,35.4827,0,nan,nan,nan,nan,nan,nan,nan,nan,nan,nan,nan,nan,nan,nan,nan
1.050,0.001,1.8482,-15.7407,10.881,1.7428,-15.7769,12.223,-0.1104,-0.0157,0.1115,1.342,1.6661,-15.7944,1.342,0.0770,0.0157,10.881,0.000,0.0000,0.079,0.0002,0.0022,0.0796,35.4827,0,nan,nan,nan,nan,nan,nan,nan,nan,nan,nan,nan,nan,nan,nan,nan
1.100,0.001,1.8482,-15.7407,10.881,1.7428,-15.7769,12.223,-0.1104,-0.0157,0.1115,1.342,1.6661,-15.7944,1.342,0.0770,0.0157,10.881,0.000,0.0000,0.079,0.0002,0.0022,0.0796,35.4827,0,nan,nan,nan,nan,nan,nan,nan,nan,nan,nan,nan,nan,nan,nan,nan
1.150,0.001,1.8482,-15.7407,10.881,1.7428,-15.7769,12.223,-0.1104,-0.0157,0.1115,1.342,1.6661,-15.7944,1.342,0.0770,0.0157,10.881,0.000,0.0000,0.079,0.0002,0.0022,0.0796,35.4827,0,nan,nan,nan,nan,nan,nan,nan,nan,nan,nan,nan,nan,nan,nan,nan
1.200,0.001,1.8482,-15.7407,10.881,1.7428,-15.7769,12.223,-0.1104,-0.0157,0.1115,1.342,1.6661,-15.7944,1.342,0.0770,0.0157,10.881,0.000,0.0000,0.079,0.0002,0.0022,0.0796,35.4827,0,nan,nan,nan,nan,nan,nan,nan,nan,nan,nan,nan,nan,nan,nan,nan
1.250,0.001,1.8482,-15.7407,10.881,1.7574,-15.7737,11.571,-0.0953,-0.0152,0.0966,0.690,1.6806,-15.7903,0.690,0.0770,0.0157,10.881,0.000,0.0000,0.079,0.0002,0.0022,0.0607,27.0399,0,nan,nan,nan,nan,nan,nan,nan,nan,nan,nan,nan,nan,nan,nan,nan
1.300,0.001,1.8482,-15.7407,10.881,1.7574,-15.7737,11.571,-0.0953,-0.0152,0.0966,0.690,1.6806,-15.7903,0.690,0.0770,0.0157,10.881,0.000,0.0000,0.079,0.0002,0.0022,0.0607,27.0399,0,nan,nan,nan,nan,nan,nan,nan,nan,nan,nan,nan,nan,nan,nan,nan
1.350,0.001,1.8482,-15.7407,10.881,1.7574,-15.7737,11.571,-0.0953,-0.0152,0.0966,0.690,1.6806,-15.7903,0.690,0.0770,0.0157,10.881,0.000,0.0000,0.079,0.0002,0.0022,0.0607,27.0399,0,nan,nan,nan,nan,nan,nan,nan,nan,nan,nan,nan,nan,nan,nan,nan
1.400,0.001,1.8482,-15.7407,10.881,1.7574,-15.7737,11.571,-0.0953,-0.0152,0.0966,0.690,1.6806,-15.7903,0.690,0.0770,0.0157,10.881,0.000,0.0000,0.079,0.0002,0.0022,0.0607,27.0399,0,nan,nan,nan,nan,nan,nan,nan,nan,nan,nan,nan,nan,nan,nan,nan
1.450,0.001,1.8482,-15.7407,10.881,1.7574,-15.7737,11.571,-0.0953,-0.0152,0.0966,0.690,1.6806,-15.7903,0.690,0.0770,0.0157,10.881,0.000,0.0000,0.079,0.0002,0.0022,0.0607,27.0399,0,nan,nan,nan,nan,nan,nan,nan,nan,nan,nan,nan,nan,nan,nan,nan
1.500,0.001,1.8482,-15.7407,10.881,1.7574,-15.7737,11.571,-0.0953,-0.0152,0.0966,0.690,1.6806,-15.7903,0.690,0.0770,0.0157,10.881,0.000,0.0000,0.079,0.0002,0.0022,0.0607,27.0399,0,nan,nan,nan,nan,nan,nan,nan,nan,nan,nan,nan,nan,nan,nan,nan
1.550,0.001,1.8482,-15.7407,10.881,1.7574,-15.7737,11.571,-0.0953,-0.0152,0.0966,0.690,1.6806,-15.7903,0.690,0.0770,0.0157,10.881,0.000,0.0000,0.079,0.0002,0.0022,0.0607,27.0399,0,nan,nan,nan,nan,nan,nan,nan,nan,nan,nan,nan,nan,nan,nan,nan
1.600,0.001,1.8482,-15.7407,10.881,1.7574,-15.7737,11.571,-0.0953,-0.0152,0.0966,0.690,1.6806,-15.7903,0.690,0.0770,0.0157,10.881,0.000,0.0000,0.079,0.0002,0.0022,0.0607,27.0399,0,nan,nan,nan,nan,nan,nan,nan,nan,nan,nan,nan,nan,nan,nan,nan
1.650,0.001,1.8482,-15.7407,10.881,1.7574,-15.7737,11.571,-0.0953,-0.0152,0.0966,0.690,1.6806,-15.7903,0.690,0.0770,0.0157,10.881,0.000,0.0000,0.079,0.0002,0.0022,0.0607,27.0399,0,nan,nan,nan,nan,nan,nan,nan,nan,nan,nan,nan,nan,nan,nan,nan
1.700,0.001,1.8482,-15.7407,10.881,1.7675,-15.7740,11.194,-0.0855,-0.0174,0.0873,0.313,1.6906,-15.7901,0.313,0.0770,0.0157,10.881,0.000,0.0000,0.079,0.0002,0.0022,0.0496,22.1138,0,nan,nan,nan,nan,nan,nan,nan,nan,nan,nan,nan,nan,nan,nan,nan
1.750,0.001,1.8482,-15.7407,10.881,1.7675,-15.7740,11.194,-0.0855,-0.0174,0.0873,0.313,1.6906,-15.7901,0.313,0.0770,0.0157,10.881,0.000,0.0000,0.079,0.0002,0.0022,0.0496,22.1138,0,nan,nan,nan,nan,nan,nan,nan,nan,nan,nan,nan,nan,nan,nan,nan
1.800,0.001,1.8482,-15.7407,10.881,1.7675,-15.7740,11.194,-0.0855,-0.0174,0.0873,0.313,1.6906,-15.7901,0.313,0.0770,0.0157,10.881,0.000,0.0000,0.079,0.0002,0.0022,0.0496,22.1138,0,nan,nan,nan,nan,nan,nan,nan,nan,nan,nan,nan,nan,nan,nan,nan
1.850,0.001,1.8482,-15.7407,10.881,1.7675,-15.7740,11.194,-0.0855,-0.0174,0.0873,0.313,1.6906,-15.7901,0.313,0.0770,0.0157,10.881,0.000,0.0000,0.079,0.0002,0.0022,0.0496,22.1138,0,nan,nan,nan,nan,nan,nan,nan,nan,nan,nan,nan,nan,nan,nan,nan
1.900,0.001,1.8482,-15.7407,10.881,1.7675,-15.7740,11.194,-0.0855,-0.0174,0.0873,0.313,1.6906,-15.7901,0.313,0.0770,0.0157,10.881,0.000,0.0000,0.079,0.0002,0.0022,0.0496,22.1138,0,nan,nan,nan,nan,nan,nan,nan,nan,nan,nan,nan,nan,nan,nan,nan
1.950,0.001,1.8482,-15.7407,10.881,1.7675,-15.7740,11.194,-0.0855,-0.0174,0.0873,0.313,1.6906,-15.7901,0.313,0.0770,0.0157,10.881,0.000,0.0000,0.079,0.0002,0.0022,0.0496,22.1138,1,nan,nan,nan,nan,nan,nan,nan,nan,nan,nan,nan,nan,nan,nan,nan
2.000,0.001,1.8482,-15.7407,10.881,1.7675,-15.7740,11.194,-0.0855,-0.0174,0.0873,0.313,1.6906,-15.7901,0.313,0.0770,0.0157,10.881,0.004,0.0000,0.079,0.0002,0.0022,0.0496,22.1138,1,0.0000,0.0000,nan,2.0303,0.4000,0.0158,1.0000,0.8000,-0.5967,-0.0128,1.2033,19.0587,0.1000,0.0000,0.1750
2.050,0.008,1.8552,-15.7394,11.019,1.7854,-15.7704,11.259,-0.0744,-0.0171,0.0763,0.239,1.6906,-15.7901,0.313,0.0950,0.0191,10.946,0.280,0.1389,0.095,0.0114,0.0015,0.0432,29.6590,1,0.0025,0.0028,nan,2.0303,0.4000,0.0158,1.0000,0.8000,-0.5967,-0.0128,1.2033,19.0587,0.0994,4.0862,0.1750
2.100,0.021,1.8676,-15.7370,11.515,1.7953,-15.7684,11.719,-0.0771,-0.0163,0.0788,0.204,1.6906,-15.7901,0.313,0.1048,0.0211,11.406,0.375,0.3195,0.108,0.0088,0.0020,0.0452,23.0016,1,0.1869,0.2322,nan,2.0303,0.5069,0.0201,1.0000,0.8000,-0.5970,0.0009,1.2033,19.0587,0.0800,5.8278,0.1750
2.150,0.053,1.8993,-15.7299,13.857,1.8298,-15.7604,14.108,-0.0748,-0.0129,0.0759,0.251,1.6906,-15.7901,0.313,0.1393,0.0289,13.795,0.468,0.7885,0.142,0.0117,0.0145,0.0497,3.4241,1,0.3011,0.3243,nan,2.0303,0.6211,0.0246,1.0000,0.8000,-0.5966,0.0280,1.2033,19.0587,0.0800,3.6243,0.1750
2.200,0.075,1.9200,-15.7243,15.985,1.8539,-15.7535,16.359,-0.0716,-0.0099,0.0723,0.374,1.6906,-15.7901,0.313,0.1635,0.0356,16.046,0.546,0.9464,0.166,0.0153,0.0061,0.0474,7.7349,1,0.4173,0.4426,nan,2.0303,0.7373,0.0292,1.0000,0.8000,-0.5946,0.0783,1.2033,19.0587,0.0800,0.1086,0.1750
2.250,0.100,1.9443,-15.7167,18.512,1.8933,-15.7410,18.378,-0.0561,-0.0069,0.0565,-0.135,1.7023,-15.7854,-0.009,0.1910,0.0444,18.387,0.629,1.0919,0.196,0.0187,0.0036,0.0316,8.7925,1,0.5029,0.5216,nan,2.0303,0.8229,0.0326,1.0000,0.8000,-0.5902,0.1480,1.2033,19.0587,0.0800,2.8868,0.1750
2.300,0.132,1.9742,-15.7057,21.655,1.9301,-15.7270,21.844,-0.0489,-0.0035,0.0490,0.189,1.7023,-15.7854,-0.009,0.2278,0.0585,21.853,0.717,1.2048,0.233,0.0262,0.0024,0.0313,13.1837,1,0.6396,0.6728,nan,2.0993,0.9836,0.0390,0.9692,0.8000,-0.5868,0.0903,1.1984,19.1585,0.0800,2.7682,0.1750
2.350,0.183,2.0208,-15.6849,26.543,1.9937,-15.6984,26.384,-0.0303,0.0001,0.0303,-0.159,1.7080,-15.7833,-0.081,0.2855,0.0853,26.465,0.861,1.4426,0.294,0.0387,0.0150,0.0263,1.7537,1,0.7130,0.7308,nan,2.0993,1.0570,0.0419,0.9747,0.8000,-0.5815,0.1554,1.1984,19.1585,0.0800,3.5857,0.1750
2.400,0.222,2.0550,-15.6662,30.292,2.0353,-15.6781,29.582,-0.0230,-0.0003,0.0230,-0.710,1.7162,-15.7788,-0.449,0.3182,0.1032,30.031,0.914,1.5842,0.340,0.0370,0.0111,0.0114,1.0296,1,0.9196,0.9853,nan,2.0993,1.2636,0.0500,1.0000,0.8000,-0.5686,0.2429,1.1984,19.1585,0.0800,1.2401,0.1750
2.450,0.268,2.0937,-15.6416,34.844,2.0815,-15.6478,34.308,-0.0136,0.0019,0.0137,-0.536,1.7162,-15.7788,-0.449,0.3642,0.1339,34.757,1.035,1.6729,0.396,0.0460,0.0104,0.0090,0.8694,1,1.0216,1.0488,nan,2.1733,1.4661,0.0581,0.9167,0.8000,-0.5587,0.2098,1.1351,19.2583,0.0800,2.6376,0.1750
2.500,0.340,2.1510,-15.5968,41.048,2.1569,-15.5890,40.208,0.0095,0.0020,0.0097,-0.840,1.7211,-15.7718,-0.805,0.4332,0.1889,41.013,1.269,1.6844,0.486,0.0611,0.0028,0.0065,2.3530,1,1.1502,1.1860,nan,2.2562,1.5947,0.0632,0.7929,0.8000,-0.5419,0.2972,1.1351,19.2583,0.0800,6.4107,0.1750
2.550,0.403,2.1963,-15.5541,45.737,2.2170,-15.5288,45.501,0.0326,0.0028,0.0327,-0.236,1.7227,-15.7732,-0.278,0.4931,0.2468,45.780,1.380,1.7122,0.558,0.0815,0.0212,0.0125,0.5903,1,1.3747,1.4592,nan,2.3443,1.9186,0.0760,0.7263,0.8000,-0.5172,0.2741,1.0144,19.3581,0.0800,2.6596,0.1750
2.600,0.467,2.2393,-15.5068,50.165,2.2635,-15.4750,49.665,0.0400,0.0018,0.0400,-0.501,1.7214,-15.7733,-0.378,0.5402,0.3019,50.043,1.566,1.8913,0.637,0.0893,0.0148,0.0043,0.2919,1,1.5042,1.5442,nan,2.3443,2.0480,0.0811,0.7270,0.8000,-0.4875,0.3692,1.0144,19.3581,0.0800,6.7514,0.1750
2.650,0.546,2.2874,-15.4436,55.541,2.3187,-15.4003,55.157,0.0534,-0.0013,0.0534,-0.384,1.7214,-15.7733,-0.378,0.5948,0.3769,55.535,1.755,1.8072,0.733,0.1017,0.0135,0.0060,0.4485,1,1.7012,1.7704,nan,2.4366,2.3207,0.0919,0.6174,0.8000,-0.4527,0.3780,0.9064,19.4578,0.0800,3.8148,0.1750
2.700,0.666,2.3497,-15.3408,61.877,2.3870,-15.2823,61.905,0.0692,-0.0053,0.0694,0.028,1.7183,-15.7766,-0.384,0.6654,0.4987,62.289,2.075,1.3643,0.877,0.1205,0.0240,0.0240,0.9987,1,1.8656,1.9239,nan,2.5329,2.5243,0.1000,0.4086,0.8000,-0.4113,0.3812,0.8080,19.5576,0.0800,5.7262,0.1750
2.750,0.760,2.3915,-15.2570,65.328,2.4314,-15.1815,65.177,0.0853,-0.0048,0.0854,-0.151,1.7160,-15.7807,-0.033,0.7150,0.5996,65.210,2.267,1.3448,0.981,0.1381,0.0154,0.0198,1.2857,1,2.1508,2.3157,nan,2.6330,2.7175,0.1076,0.3149,0.8000,-0.3641,0.3794,0.7147,19.6574,0.0489,5.3075,0.1750
2.800,0.870,2.4347,-15.1559,68.473,2.4737,-15.0842,68.474,0.0810,-0.0100,0.0816,0.002,1.7160,-15.7849,-0.087,0.7567,0.7018,68.561,2.484,1.1553,1.101,0.1379,0.0106,0.0156,1.4756,1,2.3575,2.4459,nan,2.8434,2.9061,0.1151,0.1270,0.9142,-0.3048,0.3705,0.6243,19.7572,0.0363,5.7760,0.1750
2.850,0.992,2.4774,-15.0411,70.181,2.5236,-14.9493,70.083,0.1021,-0.0123,0.1028,-0.098,1.7106,-15.7919,-0.239,0.8095,0.8460,70.322,2.699,0.3251,1.232,0.1668,0.0024,0.0123,5.2380,1,2.5396,2.6141,nan,2.9523,2.9341,0.1162,0.0271,1.0273,-0.2616,0.3559,0.5367,19.8570,-0.0105,5.5205,0.1750
2.900,1.100,2.5134,-14.9400,70.474,2.5571,-14.8551,70.453,0.0946,-0.0128,0.0955,-0.022,1.7106,-15.7919,-0.239,0.8425,0.9403,70.692,2.792,0.1146,1.343,0.1596,0.0025,0.0059,2.3770,1,2.6371,2.6790,nan,3.0631,3.0297,0.1200,0.0276,1.1127,-0.2313,0.2666,0.4531,19.9568,-0.0193,3.3532,0.1750
2.950,1.311,2.5831,-14.7407,70.695,2.6304,-14.6535,70.754,0.0979,-0.0158,0.0991,0.058,1.7163,-15.7938,-0.063,0.9128,1.1412,70.817,2.999,-0.0516,1.563,0.1613,0.0047,0.0171,3.6381,1,2.6276,2.6472,nan,3.1737,3.2051,0.1269,-0.0106,1.1510,-0.2038,0.2146,0.3645,20.0565,0.0182,1.6431,0.1750
3.000,1.448,2.6284,-14.6113,70.556,2.6803,-14.5177,70.288,0.1055,-0.0178,0.1070,-0.268,1.7102,-15.8000,-0.266,0.9641,1.2867,70.553,3.094,-0.1157,1.704,0.1777,0.0027,0.0140,5.2586,1,2.9136,3.1095,nan,3.4837,3.4846,0.1380,-0.0946,1.2763,-0.1716,0.1507,0.1974,20.2561,0.0005,2.6387,0.1750
3.050,1.552,2.6635,-14.5129,69.811,2.7145,-14.4231,70.051,0.1019,-0.0169,0.1033,0.240,1.7102,-15.8000,-0.266,0.9979,1.3815,70.316,3.222,-0.4745,1.815,0.1740,0.0006,0.0078,11.9738,1,3.0794,3.1524,nan,3.5691,3.4776,0.1377,-0.1341,1.3489,-0.1524,0.1239,0.0404,20.4557,-0.0530,5.1832,0.1750
3.100,1.794,2.7514,-14.2882,67.145,2.7977,-14.2165,67.304,0.0841,-0.0148,0.0854,0.158,1.7133,-15.8356,0.263,1.0918,1.6141,67.040,3.389,-0.5929,2.065,0.1839,0.0017,0.0054,3.1917,1,3.0299,3.0471,nan,3.6201,3.6030,0.1427,-0.1131,1.3272,-0.1480,0.0686,-0.0363,20.5555,-0.0099,3.0842,0.1750
3.150,1.945,2.8116,-14.1498,65.641,2.8556,-14.0786,65.870,0.0830,-0.0107,0.0837,0.229,1.7065,-15.8430,0.221,1.1559,1.7600,65.649,3.460,-0.6145,2.220,0.1922,0.0030,0.0140,4.7254,1,3.3248,3.5818,nan,3.6056,3.5622,0.1411,-0.1186,1.4564,-0.1414,0.0508,-0.1864,20.7550,-0.0800,2.2420,0.1750
3.200,2.111,2.8823,-13.9991,63.875,2.9223,-13.9439,63.808,0.0672,-0.0116,0.0682,-0.068,1.6915,-15.8600,-0.007,1.2305,1.9163,63.815,3.482,-0.6856,2.388,0.1990,0.0027,0.0099,3.6567,1,3.5119,3.6032,nan,3.7311,3.7740,0.1495,-0.1304,1.5383,-0.1252,0.0737,-0.3377,20.9546,0.0249,0.7164,0.1750
3.250,2.234,2.9377,-13.8889,62.448,2.9694,-13.8543,62.822,0.0453,-0.0121,0.0469,0.374,1.7000,-15.8877,0.458,1.2856,2.0231,62.364,3.561,-0.7177,2.517,0.1962,0.0009,0.0030,3.3947,1,3.4371,3.4539,nan,3.8638,3.7571,0.1488,-0.1128,1.5056,-0.1207,0.0677,-0.3815,21.0544,0.0800,2.8260,0.1750
3.300,2.411,3.0214,-13.7338,60.659,3.0313,-13.7321,60.438,0.0063,-0.0078,0.0100,-0.220,1.6776,-15.8631,-0.174,1.3472,2.1351,60.612,3.623,-0.6343,2.697,0.1487,0.0017,0.0065,3.7632,1,3.3183,3.3261,nan,3.8638,3.8611,0.1529,-0.1018,1.4410,-0.1104,0.1098,-0.3141,21.2540,0.0800,1.6545,0.1750
3.350,2.665,3.1500,-13.5147,58.348,3.1794,-13.4843,58.005,0.0413,-0.0091,0.0423,-0.343,1.6600,-15.8729,-0.389,1.5032,2.3988,58.394,3.721,-0.5877,2.957,0.2006,0.0045,0.0101,2.2396,1,3.5896,3.7789,nan,4.1688,4.2984,0.1702,-0.0818,1.4632,-0.0729,0.1269,-0.2375,21.4535,0.0800,0.7843,0.1750
3.400,2.845,3.2464,-13.3619,57.028,3.2719,-13.3438,56.501,0.0291,-0.0116,0.0313,-0.526,1.6509,-15.8961,-0.314,1.6070,2.5611,56.815,3.944,-0.4057,3.152,0.2127,0.0039,0.0104,2.6321,1,3.6871,3.7399,nan,4.2602,4.3282,0.1714,-0.0623,1.4039,-0.0516,0.1382,-0.1575,21.6531,0.0378,0.7770,0.1750
3.450,3.018,3.3414,-13.2178,56.106,3.3805,-13.1822,56.032,0.0514,-0.0126,0.0529,-0.074,1.6634,-15.9027,-0.059,1.7143,2.7222,56.090,4.066,-0.3080,3.332,0.2336,0.0007,0.0069,9.9027,1,3.9529,4.1404,nan,4.3848,4.3018,0.1704,-0.0438,1.4146,-0.0160,0.1526,-0.0779,21.8527,-0.0428,3.8334,0.1750
3.500,3.198,3.4428,-13.0687,55.419,3.4772,-13.0292,56.333,0.0521,-0.0059,0.0524,0.914,1.7028,-15.9423,0.987,1.8244,2.8822,55.346,4.116,-0.1287,3.516,0.2475,0.0002,0.0074,45.9240,1,4.2306,4.4824,nan,4.1350,4.0623,0.1609,0.0059,1.4314,0.0184,0.1525,0.0371,22.1520,-0.0398,1.8285,0.1750
3.550,3.462,3.5927,-12.8513,55.354,3.5938,-12.8549,56.382,-0.0023,-0.0029,0.0038,1.028,1.6925,-15.9450,0.867,1.9478,3.0610,55.515,3.978,-0.1330,3.772,0.2008,0.0065,0.0097,1.4890,1,4.1542,4.1764,nan,3.8993,3.8218,0.1514,-0.0217,1.3112,0.0556,0.1681,0.0806,22.2518,-0.0800,-1.7002,0.1750
3.600,3.650,3.7000,-12.6971,54.994,3.7093,-12.6865,56.008,0.0140,-0.0015,0.0141,1.014,1.6998,-15.9553,1.021,2.0674,3.2325,54.987,3.859,-0.1616,3.952,0.2220,0.0052,0.0115,2.2214,1,4.0386,4.0529,nan,3.6776,3.6778,0.1457,-0.0298,1.0650,0.0904,0.1428,0.1603,22.4514,0.0800,-3.2608,0.1750
3.650,3.825,3.8006,-12.5545,54.529,3.7900,-12.5672,55.274,-0.0166,0.0013,0.0166,0.745,1.6725,-15.9626,0.765,2.1626,3.3668,54.509,3.728,-0.1676,4.119,0.2122,0.0019,0.0030,1.5595,1,3.8896,3.8964,nan,3.5713,3.3280,0.1318,-0.0292,0.9976,0.1070,0.0976,0.2333,22.6509,0.0800,-3.4348,0.1750
3.700,4.048,3.9310,-12.3731,54.444,3.9230,-12.3752,54.506,-0.0064,0.0053,0.0083,0.063,1.6900,-15.9046,0.525,2.2652,3.5088,53.982,3.364,0.4143,4.323,0.1641,0.0132,0.0140,1.0651,1,3.5892,3.5287,nan,3.4701,3.0791,0.1219,0.0801,0.9976,0.1166,0.0587,0.2774,22.7507,0.0800,-6.8573,0.1750
3.750,4.195,4.0156,-12.2529,55.508,4.0181,-12.2376,55.642,0.0141,0.0066,0.0155,0.135,1.6616,-15.8932,0.123,2.3644,3.6505,55.519,3.202,0.4707,4.462,0.1900,0.0097,0.0162,1.6712,1,3.3570,3.3322,nan,3.3714,3.3824,0.1340,0.1717,0.9976,0.1254,0.0182,0.3543,22.9503,0.0064,-5.5759,0.1750
3.800,4.344,4.0980,-12.1294,57.637,4.0936,-12.1209,57.309,0.0048,0.0082,0.0095,-0.328,1.6248,-15.8817,-0.350,2.4458,3.7758,57.659,3.225,0.9154,4.612,0.1907,0.0072,0.0112,1.5538,1,3.2278,3.2331,nan,3.1861,2.8978,0.1148,0.2631,0.9976,0.1293,-0.0283,0.4353,23.1498,0.0800,1.5509,0.1750
3.850,4.480,4.1688,-12.0126,60.598,4.1579,-12.0167,59.865,-0.0089,0.0074,0.0116,-0.733,1.6006,-15.8687,-0.721,2.5086,3.8839,60.587,3.009,1.2493,4.740,0.1790,0.0047,0.0030,0.6311,1,3.1720,3.1893,nan,3.0245,2.8835,0.1142,0.2925,0.9976,0.1319,-0.0077,0.4809,23.2496,0.0800,-6.4768,0.1750
3.900,4.672,4.2562,-11.8418,65.764,4.2376,-11.8603,65.108,-0.0246,0.0094,0.0263,-0.657,1.6041,-15.8826,-0.605,2.5909,4.0499,65.712,2.815,1.4230,4.926,0.1720,0.0227,0.0174,0.7666,1,2.9894,2.9790,nan,2.9673,2.7764,0.1100,0.3216,0.9976,0.1330,-0.0333,0.5676,23.4492,0.0800,-3.9521,0.1750
3.950,4.794,4.3032,-11.7290,69.312,4.2769,-11.7512,69.156,-0.0301,0.0168,0.0345,-0.155,1.6314,-15.9006,-0.159,2.6339,4.1567,69.315,2.762,1.4086,5.047,0.1649,0.0210,0.0260,1.2413,1,2.8313,2.8274,nan,2.9555,3.0499,0.1208,0.3239,0.9976,0.1356,-0.0094,0.6108,23.5490,0.0546,-2.6995,0.1750
4.000,4.921,4.3445,-11.6091,73.047,4.3202,-11.6339,72.218,-0.0308,0.0160,0.0348,-0.829,1.5878,-15.8860,-0.757,2.6760,4.2878,72.975,2.859,1.5486,5.181,0.1742,0.0166,0.0196,1.1828,1,2.7741,2.7878,nan,2.9437,3.0726,0.1217,0.3485,0.9927,0.1434,-0.0614,0.7115,23.7486,0.0746,2.7639,0.1750
4.050,5.051,4.3785,-11.4835,77.110,4.3484,-11.5184,76.519,-0.0408,0.0216,0.0461,-0.591,1.6113,-15.9061,-0.410,2.7056,4.4071,76.929,2.916,1.5983,5.316,0.1666,0.0121,0.0301,2.4755,1,2.9377,3.0075,nan,3.1221,3.2577,0.1290,0.3751,0.9976,0.1325,-0.0615,0.7702,23.8483,0.0800,1.1310,0.1600
4.100,5.185,4.4038,-11.3525,81.564,4.3808,-11.3782,80.408,-0.0288,0.0190,0.0345,-1.155,1.5648,-15.8757,-1.082,2.7305,4.5499,81.490,3.005,1.7830,5.458,0.1760,0.0103,0.0224,2.1697,1,2.9550,2.9817,nan,3.1221,3.1909,0.1264,0.3945,0.9802,0.1213,-0.1282,0.7700,24.0479,0.0398,1.1230,0.1600
4.150,5.377,4.4215,-11.1604,88.381,4.4086,-11.1793,86.690,-0.0192,0.0124,0.0229,-1.691,1.5286,-15.8398,-1.619,2.7471,4.7400,88.309,3.024,1.8857,5.657,0.1737,0.0241,0.0075,0.3087,1,3.1112,3.1800,nan,3.2780,3.1552,0.1250,0.4067,1.0811,0.0932,-0.1820,0.6673,24.2475,-0.0711,-0.1301,0.1600
4.200,5.522,4.4196,-11.0156,93.671,4.4078,-11.0275,91.800,-0.0111,0.0125,0.0167,-1.871,1.5299,-15.8527,-1.569,2.7446,4.9022,93.370,3.025,1.9176,5.806,0.1881,0.0230,0.0044,0.1900,1,3.0187,3.0291,nan,3.4442,3.4901,0.1382,0.3984,1.0735,0.0629,-0.1563,0.6180,24.3473,0.0265,-0.9876,0.1600
4.250,5.636,4.4087,-10.9020,97.771,4.3926,-10.8853,96.650,0.0187,0.0137,0.0232,-1.121,1.5365,-15.8559,-1.483,2.7265,5.0429,98.133,3.140,1.8652,5.931,0.2087,0.0143,0.0077,0.5383,1,3.1707,3.2377,nan,3.6195,3.6384,0.1441,0.3663,1.1737,0.0416,-0.1677,0.5350,24.5468,0.0110,3.1411,0.1600
4.300,5.868,4.3634,-10.6747,105.172,4.3437,-10.6516,103.937,0.0274,0.0130,0.0303,-1.235,1.5614,-15.8686,-1.189,2.6734,5.2736,105.126,3.404,1.7438,6.187,0.2086,0.0157,0.0144,0.9152,1,3.1999,3.2309,nan,3.8033,3.9217,0.1553,0.3248,1.2097,0.0240,-0.1328,0.4928,24.6466,0.0685,4.0954,0.1600
4.350,6.018,4.3195,-10.5317,109.506,4.2891,-10.5062,109.063,0.0342,0.0202,0.0397,-0.443,1.6246,-15.9171,-0.462,2.6207,5.4322,109.525,3.547,1.6463,6.350,0.2199,0.0220,0.0199,0.9055,1,3.5036,3.8596,nan,3.9953,3.9723,0.1573,0.2808,1.4062,-0.0163,-0.1682,0.3775,24.9460,-0.0132,3.6469,0.1600
4.400,6.184,4.2588,-10.3768,113.681,4.2139,-10.3352,113.173,0.0562,0.0244,0.0612,-0.509,1.6091,-15.9114,-0.562,2.5499,5.6015,113.735,3.678,1.4632,6.528,0.2307,0.0179,0.0171,0.9530,1,3.6755,3.7601,nan,4.1854,4.1385,0.1639,0.2081,1.5334,-0.0278,-0.1475,0.3065,25.1455,-0.0256,3.7399,0.1600
4.450,6.365,4.1815,-10.2129,116.965,4.1318,-10.1747,116.737,0.0566,0.0270,0.0627,-0.229,1.6315,-15.9266,-0.319,2.4682,5.7658,117.056,3.877,0.9688,6.723,0.2299,0.0118,0.0221,1.8730,1,3.8346,3.9134,nan,4.4511,4.4494,0.1762,0.1560,1.6329,-0.0498,-0.1386,0.2391,25.3451,-0.0009,4.2616,0.1600
4.500,6.537,4.1009,-10.0617,119.296,4.0718,-10.0526,117.928,0.0222,0.0210,0.0305,-1.368,1.5655,-15.8846,-0.938,2.4105,5.8722,118.866,4.085,0.8427,6.910,0.1952,0.0093,0.0116,1.2404,1,3.9021,3.9485,nan,4.6172,4.6899,0.1857,0.1281,1.6616,-0.0804,-0.1563,0.1664,25.5447,0.0372,5.6288,0.1600
4.550,6.817,3.9577,-9.8212,122.442,3.8848,-9.7394,122.011,0.1081,0.0177,0.1096,-0.431,1.6214,-15.9203,-0.445,2.2154,6.1982,122.456,4.371,0.6946,7.211,0.2648,0.0148,0.0230,1.5545,1,4.1470,4.3064,nan,4.8522,4.9264,0.1951,0.0925,1.7033,-0.1440,-0.1647,0.0620,25.8440,0.0361,5.8410,0.1600
4.600,7.018,3.8474,-9.6528,124.097,3.7714,-9.5753,124.066,0.1068,0.0195,0.1086,-0.030,1.6680,-15.9430,-0.027,2.1003,6.3687,124.094,4.555,0.5512,7.426,0.2663,0.0110,0.0248,2.2614,1,4.3991,4.6028,nan,5.0727,5.1285,0.2031,0.0461,1.7033,-0.1586,-0.1303,-0.0096,26.0436,0.0258,5.2273,0.1600
4.650,7.204,3.7421,-9.4997,124.872,3.6537,-9.4088,125.197,0.1251,0.0205,0.1268,0.325,1.6874,-15.9598,0.077,1.9751,6.5483,125.120,4.712,0.1387,7.624,0.2918,0.0057,0.0287,5.0059,1,4.6727,4.9691,nan,5.0922,4.9601,0.1964,0.0050,1.7033,-0.1792,-0.0929,-0.0822,26.2432,-0.0581,4.7015,0.1600
4.700,7.431,3.6115,-9.3133,124.981,3.5170,-9.2077,124.757,0.1407,0.0169,0.1417,-0.224,1.6382,-15.9314,-0.280,1.8460,6.7328,125.037,4.764,-0.0043,7.857,0.2898,0.0056,0.0262,4.6654,1,4.6974,4.7500,nan,5.0874,4.9381,0.1956,-0.0067,1.7033,-0.2001,-0.0857,-0.1542,26.4427,-0.0655,1.4513,0.1600
4.750,7.742,3.4332,-9.0585,124.800,3.3570,-8.9700,123.872,0.1161,0.0120,0.1168,-0.928,1.5801,-15.9355,-0.924,1.6644,6.9932,124.795,4.803,-0.0809,8.173,0.2955,0.0156,0.0326,2.0943,1,4.7420,4.8021,nan,5.1457,5.2074,0.2062,-0.0320,1.7033,-0.2276,-0.0412,-0.2524,26.7421,0.0800,0.7909,0.1600
4.800,7.956,3.3116,-8.8824,124.222,3.2282,-8.7709,122.132,0.1391,0.0062,0.1393,-2.090,1.4348,-15.8936,-2.073,1.5346,7.1829,124.205,4.911,-0.2536,8.396,0.3091,0.0131,0.0262,2.0080,1,4.7648,4.8185,nan,5.2003,5.2697,0.2087,-0.0559,1.7153,-0.2397,0.0163,-0.2577,27.0414,0.0800,2.7785,0.1600
4.850,8.185,3.1844,-8.6929,123.131,3.1241,-8.5947,121.332,0.1152,-0.0031,0.1152,-1.799,1.4724,-15.9135,-1.876,1.4112,7.3689,123.208,5.004,-0.4263,8.633,0.3056,0.0113,0.0256,2.2657,1,4.9472,5.0965,nan,5.2594,5.3536,0.2120,-0.0534,1.7296,-0.2470,0.0215,-0.2432,27.2410,0.0425,2.1410,0.1600
4.900,8.407,3.0642,-8.5060,122.075,3.0077,-8.3708,119.164,0.1445,-0.0239,0.1465,-2.911,1.3466,-15.8682,-2.871,1.2836,7.5712,122.035,5.089,-0.4909,8.863,0.3211,0.0095,0.0334,3.5354,1,5.0226,5.1043,nan,5.3940,5.4884,0.2174,-0.0725,1.7470,-0.2428,0.0599,-0.2260,27.5403,0.0415,2.0829,0.1600
4.950,8.753,2.8851,-8.2096,119.793,2.8580,-8.0891,117.374,0.1180,-0.0364,0.1235,-2.419,1.4205,-15.9192,-2.473,1.0983,7.8848,119.847,5.249,-0.6267,9.225,0.3385,0.0284,0.0424,1.4941,1,5.1003,5.1857,nan,5.5022,5.5948,0.2216,-0.0772,1.7584,-0.2445,0.0816,-0.2147,27.8397,0.0398,2.4965,0.1600
5.000,8.996,2.7665,-7.9970,118.077,2.7791,-7.9581,116.875,0.0283,-0.0294,0.0409,-1.202,1.6161,-16.0265,-1.262,0.9850,8.0921,118.137,5.327,-0.7711,9.478,0.3330,0.0230,0.0172,0.7477,1,5.2921,5.4774,nan,5.6149,5.6343,0.2231,-0.0953,1.7753,-0.2220,0.1081,-0.1986,28.1390,0.0081,2.1178,0.1600
5.050,9.221,2.6631,-7.7973,116.171,2.6720,-7.7464,115.916,0.0417,-0.0305,0.0516,-0.255,1.7471,-16.0395,-0.302,0.8812,8.2978,116.218,5.375,-0.8181,9.709,0.3390,0.0104,0.0097,0.9376,1,5.4211,5.5523,nan,5.6921,5.6566,0.2240,-0.1138,1.7812,-0.1877,0.1237,-0.1929,28.3386,-0.0143,1.3441,0.1600
5.100,9.448,2.5662,-7.5925,113.911,2.5765,-7.5809,115.289,0.0064,-0.0141,0.0155,1.378,1.9699,-16.1210,1.134,0.7755,8.5264,114.156,5.410,-0.9576,9.942,0.3632,0.0075,0.0201,2.6951,1,5.4626,5.5431,nan,5.8102,5.8179,0.2304,-0.1431,1.7954,-0.1398,0.1520,-0.1796,28.6380,0.0031,0.8051,0.1600
5.150,9.830,2.4233,-7.2380,109.186,2.4377,-7.2510,111.007,-0.0170,-0.0093,0.0194,1.821,2.0466,-16.1426,1.630,0.6439,8.8769,109.378,5.505,-1.2280,10.339,0.3587,0.0179,0.0262,1.4615,1,5.4671,5.5313,nan,5.8909,5.9471,0.2355,-0.1446,1.8055,-0.0960,0.1533,-0.1703,28.8375,0.0224,0.5824,0.1600
5.200,10.080,2.3464,-7.0003,105.955,2.3720,-7.0383,106.872,-0.0436,-0.0141,0.0458,0.917,1.9676,-16.1834,1.013,0.5661,9.1364,105.859,5.591,-1.2431,10.601,0.3806,0.0106,0.0041,0.3908,1,5.6159,5.7774,nan,6.0541,6.1105,0.2420,-0.1371,1.8185,-0.0583,0.1259,-0.1583,29.1369,0.0219,1.6966,0.1600
5.250,10.328,2.2831,-6.7600,102.929,2.3013,-6.6756,104.221,0.0782,-0.0367,0.0863,1.291,1.9834,-16.0507,1.171,0.5095,9.3666,103.049,5.700,-1.1104,10.864,0.3704,0.0079,0.0161,2.0363,1,5.6539,5.7385,nan,6.1370,6.2163,0.2462,-0.1171,1.8291,-0.0533,0.0848,-0.1488,29.3365,0.0305,1.4870,0.1600
5.300,10.593,2.2288,-6.5006,100.157,2.2470,-6.3868,100.969,0.1088,-0.0380,0.1153,0.812,1.9064,-16.0194,0.694,0.4573,9.6278,100.275,5.815,-1.0986,11.143,0.3722,0.0073,0.0127,1.7438,1,5.8036,5.9761,nan,6.3413,6.4445,0.2552,-0.1284,1.8237,-0.0168,0.1067,-0.1320,29.8354,0.0385,2.9824,0.1600
5.350,10.984,2.1725,-6.1144,95.745,2.1878,-5.9934,96.635,0.1189,-0.0274,0.1220,0.890,1.9079,-15.9934,0.727,0.4069,9.9957,95.908,5.994,-1.1624,11.558,0.3538,0.0094,0.0132,1.4028,1,5.9463,6.1202,nan,6.4415,6.5025,0.2575,-0.1223,1.8163,0.0016,0.0862,-0.1226,30.1347,0.0222,3.2510,0.1600
5.400,11.256,2.1508,-5.8432,92.799,2.1523,-5.5936,93.795,0.2492,-0.0137,0.2496,0.996,1.9729,-15.9631,1.104,0.3792,10.3641,92.691,6.092,-1.1004,11.844,0.4510,0.0068,0.0314,4.6331,1,6.1793,6.5328,nan,6.5218,6.4970,0.2573,-0.1133,1.8055,0.0265,0.0734,-0.1217,30.5338,-0.0088,2.5126,0.1600
5.450,11.525,2.1426,-5.5740,90.090,2.1427,-5.3375,91.730,0.2365,-0.0005,0.2365,1.640,2.0707,-15.9943,1.632,0.3756,10.6504,90.098,6.151,-1.0585,12.124,0.4681,0.0054,0.0414,7.6598,1,6.2797,6.4322,nan,6.5969,6.6007,0.2614,-0.1097,1.7952,0.0482,0.0627,-0.1280,30.8332,0.0013,1.5169,0.1600
5.500,11.773,2.1462,-5.3266,87.665,2.1449,-5.0838,88.866,0.2426,0.0112,0.2428,1.201,2.0215,-16.0009,1.368,0.3840,10.9110,87.498,6.214,-1.0563,12.381,0.4815,0.0126,0.0442,3.5096,1,6.2935,6.3849,nan,6.5374,6.5473,0.2593,-0.1092,1.7866,0.0681,0.0592,-0.1391,31.1326,0.0035,1.8058,0.1600
5.550,12.209,2.1777,-4.8911,83.371,2.1784,-4.6485,84.243,0.2411,0.0273,0.2426,0.872,1.9050,-15.9922,0.754,0.4226,11.3392,83.489,6.260,-1.1130,12.830,0.4743,0.0104,0.0279,2.6778,1,6.1253,6.1291,nan,6.4419,6.5729,0.2603,-0.1153,1.7758,0.0744,0.0468,-0.1436,31.4319,0.0484,1.1567,0.1600
5.600,12.479,2.2138,-4.6239,80.620,2.2075,-4.3644,82.461,0.2550,0.0485,0.2596,1.842,2.0927,-15.9796,1.720,0.4633,11.6065,80.742,6.269,-1.0737,13.106,0.4746,0.0061,0.0487,8.0393,1,6.2813,6.4927,nan,6.2528,6.2633,0.2481,-0.1097,1.7649,0.0759,0.0212,-0.1513,31.7313,0.0039,0.4126,0.1600
5.650,12.784,2.2696,-4.3243,77.656,2.2548,-4.0658,79.704,0.2493,0.0697,0.2589,2.048,2.1746,-15.9795,2.116,0.5201,11.9026,77.587,6.178,-1.0078,13.407,0.4711,0.0062,0.0609,9.8048,1,6.4129,6.6048,nan,6.0632,6.1690,0.2443,-0.1052,1.7543,0.1036,0.0448,-0.1576,32.1304,0.0414,-2.2323,0.1600
5.700,13.035,2.3272,-4.0793,75.272,2.2932,-3.8725,77.269,0.1913,0.0855,0.2096,1.997,2.1682,-15.9912,2.107,0.5704,12.1059,75.162,6.098,-1.0336,13.655,0.4291,0.0015,0.0795,52.9167,1,6.2523,6.2611,nan,5.9200,6.0327,0.2389,-0.1107,1.7543,0.1204,0.0540,-0.1702,32.4297,0.0452,-2.2648,0.1600
5.750,13.301,2.3993,-3.8233,72.643,2.3751,-3.5089,74.982,0.2928,0.1169,0.3153,2.339,2.2140,-15.9476,2.304,0.6611,12.4222,72.677,6.004,-1.0350,13.916,0.4903,0.0246,0.0789,3.2053,1,6.0275,5.9977,nan,5.8240,6.0111,0.2381,-0.1191,1.7543,0.1317,0.0371,-0.1766,32.6293,0.0777,-2.7643,0.1600
5.800,13.712,2.5339,-3.4353,68.384,2.4993,-3.1805,70.587,0.2242,0.1261,0.2572,2.203,2.1791,-16.0167,2.178,0.8079,12.8148,68.409,5.902,-1.0669,14.324,0.4959,0.0176,0.0902,5.1263,1,6.1384,6.2922,nan,5.6796,5.6715,0.2246,-0.1148,1.7543,0.1552,0.0591,-0.1873,33.0285,-0.0033,-1.8340,0.1600
5.850,13.957,2.6277,-3.2094,65.877,2.5986,-3.1809,66.452,0.0141,0.0382,0.0407,0.575,1.8497,-16.1943,0.622,0.8902,13.0045,65.829,5.762,-1.0624,14.560,0.4589,0.0051,0.0252,4.9717,1,5.9893,6.0016,nan,5.6345,5.7191,0.2265,-0.1206,1.7543,0.1365,0.0358,-0.1911,33.2280,0.0355,-3.8570,0.1600
5.900,14.333,2.7915,-2.8706,62.263,2.7752,-2.8578,61.895,0.0038,0.0204,0.0207,-0.367,1.6372,-16.1997,-0.319,1.0637,13.3480,62.214,5.649,-0.6996,14.932,0.4644,0.0050,0.0104,2.0773,1,5.7121,5.6386,nan,5.6572,5.6808,0.2250,-0.0804,1.7543,0.0140,-0.0225,-0.1958,33.3278,0.0800,-2.4779,0.1600
5.950,14.591,2.9148,-2.6433,60.435,2.9035,-2.6564,59.778,-0.0169,0.0034,0.0173,-0.657,1.5690,-16.2092,-0.633,1.1847,13.5668,60.411,5.599,-0.6293,15.189,0.4557,0.0126,0.0122,0.9689,1,5.6036,5.6306,nan,5.7446,5.8518,0.2318,-0.0605,1.7290,-0.0128,-0.0197,-0.2013,33.5274,0.0443,-1.4633,0.1600
6.000,14.850,3.0446,-2.4198,59.101,3.0039,-2.4890,57.658,-0.0803,-0.0007,0.0803,-1.443,1.4496,-16.1857,-1.151,1.2790,13.7251,58.808,5.623,-0.3456,15.452,0.3886,0.0069,0.0170,2.4742,1,5.5720,5.6246,nan,5.6470,5.7040,0.2259,-0.0357,1.6442,-0.0294,0.0076,-0.2187,33.8267,0.0237,0.3553,0.1600
6.050,15.063,3.1550,-2.2374,58.429,3.1413,-2.2512,58.952,-0.0189,0.0045,0.0194,0.523,1.8591,-16.2602,0.648,1.4406,13.9936,58.304,5.587,-0.2298,15.664,0.4781,0.0002,0.0027,11.6657,1,5.7265,5.8974,nan,5.1616,5.2684,0.2086,-0.0210,1.5677,-0.0154,0.0491,-0.1428,34.1261,-0.0800,-0.8043,0.1495
6.100,15.348,3.3054,-1.9951,57.878,3.2706,-2.0419,58.662,-0.0581,0.0046,0.0583,0.784,1.8819,-16.2677,0.745,1.5736,14.2065,57.917,5.385,-0.2830,15.934,0.4471,0.0002,0.0066,35.7883,1,5.3588,5.1697,nan,5.0381,4.9301,0.1953,-0.0567,1.4863,0.0115,0.0901,-0.1153,34.2258,-0.0800,-4.5982,0.1495
6.150,15.676,3.4830,-1.7194,56.419,3.4448,-1.7754,56.641,-0.0678,0.0008,0.0678,0.222,1.7947,-16.2226,0.296,1.7248,14.4385,56.345,5.017,-0.3071,16.236,0.4018,0.0095,0.0002,0.0171,1,5.1549,5.1395,nan,4.7961,4.5985,0.1821,-0.0402,1.3939,0.0429,0.1010,-0.0015,34.6250,0.0800,-6.3322,0.1495
6.200,15.853,3.5816,-1.5723,55.795,3.5875,-1.5638,55.230,0.0103,-0.0001,0.0103,-0.565,1.6177,-16.2131,-0.367,1.8759,14.6616,55.597,4.830,-0.2163,16.400,0.4821,0.0002,0.0032,17.5240,1,5.0429,5.0650,nan,4.4486,4.4776,0.1773,0.0230,1.3443,0.0548,0.0639,0.0536,34.8246,0.0800,-6.3298,0.1495
6.250,16.107,3.7241,-1.3620,56.269,3.6974,-1.3997,55.593,-0.0462,0.0013,0.0462,-0.676,1.5388,-16.2064,-0.653,1.9896,14.8304,56.246,4.566,0.3757,16.636,0.4377,0.0012,0.0057,4.6852,1,4.6602,4.0158,nan,4.4486,4.0832,0.1617,0.0589,1.3218,0.0535,0.0412,0.0750,34.9243,0.0800,-5.3292,0.1495
6.300,16.294,3.8266,-1.2064,57.255,3.7529,-1.3154,56.516,-0.1316,0.0031,0.1316,-0.739,1.5388,-16.2064,-0.653,2.0441,14.9153,57.169,4.325,0.4019,16.807,0.3656,0.0024,0.0454,19.0663,1,4.3281,4.2343,nan,4.2298,3.8264,0.1515,0.0590,1.3060,0.0786,0.0570,0.1609,35.2237,0.0800,-7.4284,0.1495
6.350,16.582,3.9796,-0.9623,59.104,3.9373,-1.0272,58.214,-0.0774,0.0029,0.0774,-0.890,1.5502,-16.1828,-0.673,2.2090,15.1826,58.887,3.931,0.6414,17.072,0.3886,0.0161,0.0019,0.1164,1,4.1321,4.1238,nan,3.9236,3.7042,0.1467,0.1037,1.1977,0.0926,0.0427,0.2199,35.4233,0.0800,-5.6179,0.1495
6.400,16.748,4.0632,-0.8191,60.644,3.9968,-0.9180,59.921,-0.1187,0.0093,0.1191,-0.723,1.5333,-16.1678,-0.749,2.2641,15.2807,60.670,3.791,0.6269,17.230,0.3446,0.0065,0.0239,3.6996,1,3.8742,3.8438,nan,3.8288,3.5206,0.1394,0.1142,1.1032,0.1030,0.0358,0.2762,35.6228,0.0800,-4.4290,0.1495
6.450,16.910,4.1413,-0.6764,62.317,4.0787,-0.7692,61.839,-0.1113,0.0123,0.1120,-0.478,1.6092,-16.1774,-0.469,2.3432,15.4278,62.308,3.612,0.7141,17.383,0.3490,0.0031,0.0335,10.9583,1,3.6911,3.6872,nan,3.6457,3.4052,0.1349,0.1758,1.1032,0.1119,0.0044,0.3333,35.8224,0.0800,-3.6346,0.1495
6.500,17.062,4.2097,-0.5408,64.615,4.1478,-0.6371,63.978,-0.1135,0.0146,0.1145,-0.637,1.7317,-16.1848,-0.045,2.4039,15.5496,64.023,3.470,0.9671,17.529,0.3359,0.0054,0.0512,9.4994,1,3.4870,3.4744,nan,3.5611,3.6175,0.1433,0.1978,1.1032,0.1180,0.0145,0.3613,35.9222,0.0326,-4.6623,0.1495
6.550,17.301,4.3050,-0.3215,69.016,4.2592,-0.3967,68.825,-0.0866,0.0159,0.0881,-0.192,1.7709,-16.1715,0.031,2.4968,15.7734,68.794,3.385,1.2178,17.766,0.3406,0.0205,0.0299,1.4585,1,3.4388,3.4595,nan,3.4024,3.2461,0.1286,0.2304,1.1032,0.1234,0.0136,0.4225,36.1217,0.0800,-1.4608,0.1495
6.600,17.457,4.3572,-0.1745,72.254,4.3160,-0.2452,72.363,-0.0799,0.0177,0.0818,0.109,1.7661,-16.1635,-0.016,2.5456,15.9190,72.379,3.267,1.2757,17.918,0.3396,0.0176,0.0388,2.2051,1,3.4093,3.4324,nan,3.2814,3.2848,0.1301,0.2692,1.1032,0.1178,0.0016,0.4893,36.3213,0.0800,-3.8221,0.1495
6.650,17.587,4.3939,-0.0501,75.368,4.3589,-0.1057,75.177,-0.0626,0.0198,0.0657,-0.192,1.7963,-16.1436,0.055,2.5780,16.0355,75.122,3.223,1.3579,18.047,0.3323,0.0081,0.0387,4.8004,1,3.1901,3.1691,nan,3.2684,3.3280,0.1318,0.2875,1.0416,0.1125,-0.0421,0.5550,36.5209,0.0345,-2.0882,0.1495
6.700,17.726,4.4253,0.0849,78.919,4.4083,0.0642,78.378,-0.0236,0.0127,0.0268,-0.541,1.6631,-16.0914,-0.482,2.6091,16.1781,78.860,3.221,1.4477,18.188,0.3399,0.0131,0.0232,1.7673,1,3.2404,3.2763,nan,3.2949,3.3364,0.1321,0.3306,1.0580,0.0991,-0.0813,0.6296,36.7205,0.0240,-0.9706,0.1495
6.750,17.954,4.4572,0.3111,85.765,4.4471,0.3040,85.101,-0.0078,0.0096,0.0124,-0.664,1.7038,-16.0793,-0.377,2.6352,16.4011,85.479,3.241,1.8880,18.423,0.3375,0.0261,0.0191,0.7344,1,3.1241,3.1310,nan,3.4168,3.5088,0.1390,0.3815,1.0335,0.0653,-0.1399,0.6273,36.9200,0.0800,-0.2630,0.1495
6.800,18.101,4.4625,0.4579,90.786,4.4310,0.4517,88.554,-0.0057,0.0316,0.0321,-2.231,1.2005,-16.0077,-2.058,2.6373,16.5649,90.613,3.288,1.8841,18.577,0.3548,0.0200,0.0098,0.4900,1,3.2359,3.2886,nan,3.5633,3.5795,0.1418,0.3456,1.1135,0.0387,-0.1351,0.5454,37.1196,0.0094,0.5452,0.1495
6.850,18.247,4.4553,0.6041,95.333,4.4209,0.6166,93.930,0.0157,0.0331,0.0366,-1.403,1.2915,-16.0292,-1.732,2.6248,16.7328,95.662,3.363,1.7401,18.731,0.3771,0.0119,0.0115,0.9652,1,3.4823,3.6259,nan,3.8079,3.7642,0.1491,0.3195,1.2427,0.0325,-0.1645,0.4726,37.3191,-0.0253,2.3722,0.1495
6.900,18.391,4.4375,0.7468,99.428,4.3979,0.7694,97.980,0.0288,0.0354,0.0456,-1.448,1.3964,-16.0400,-1.355,2.6031,16.8757,99.335,3.473,1.6734,18.885,0.3779,0.0140,0.0179,1.2842,1,3.3909,3.4045,nan,3.8943,3.9648,0.1570,0.2933,1.2325,0.0207,-0.1311,0.4369,37.4189,0.0408,3.3049,0.1495
6.950,18.636,4.3851,0.9857,105.667,4.3456,1.0205,104.341,0.0442,0.0287,0.0527,-1.326,1.3939,-16.0329,-1.367,2.5438,17.1190,105.709,3.734,1.5264,19.152,0.3834,0.0132,0.0051,0.3864,1,3.4922,3.5443,nan,4.1655,4.2746,0.1693,0.2596,1.3150,-0.0084,-0.1225,0.3698,37.6185,0.0800,4.1370,0.1495
7.000,18.804,4.3350,1.1460,109.565,4.2912,1.1847,108.047,0.0511,0.0284,0.0585,-1.518,1.4232,-16.0481,-1.264,2.4872,17.2919,109.310,3.890,1.4833,19.334,0.3970,0.0106,0.0016,0.1522,1,3.7254,3.8596,nan,4.3460,4.4111,0.1747,0.2133,1.4790,-0.0418,-0.1538,0.2739,37.9179,0.0354,4.0522,0.1495
7.050,18.979,4.2720,1.3096,112.887,4.2071,1.3920,112.414,0.1012,0.0277,0.1049,-0.474,1.5803,-16.0678,-0.723,2.4064,17.4916,113.136,4.064,1.1321,19.524,0.4361,0.0072,0.0036,0.5028,1,4.0130,4.2780,nan,4.5997,4.6105,0.1826,0.1490,1.6447,-0.0679,-0.1239,0.2130,38.1174,0.0055,4.4370,0.1495
7.100,19.166,4.1956,1.4809,115.398,4.1285,1.5600,114.820,0.1003,0.0267,0.1037,-0.578,1.5695,-16.0695,-0.755,2.3265,17.6617,115.575,4.253,0.8677,19.725,0.4356,0.0091,0.0032,0.3521,1,4.2687,4.4605,nan,4.7589,4.6966,0.1860,0.1125,1.7042,-0.0899,-0.1146,0.1535,38.3170,-0.0298,4.9405,0.1495
7.150,19.467,4.0598,1.7495,118.408,3.9776,1.8595,117.888,0.1358,0.0199,0.1373,-0.520,1.6090,-16.0736,-0.627,2.1724,17.9579,118.515,4.444,0.7470,20.041,0.4668,0.0067,0.0118,1.7646,1,4.3149,4.3643,nan,4.9112,4.9350,0.1954,0.1033,1.6977,-0.1183,-0.1158,0.0928,38.5165,0.0113,4.2095,0.1495
7.200,19.653,3.9695,1.9114,120.104,3.9006,1.9728,120.919,0.0877,0.0288,0.0923,0.814,2.0976,-16.1520,0.924,2.0952,18.0934,119.994,4.582,0.7387,20.237,0.4380,0.0080,0.0234,2.9395,1,4.3940,4.4559,nan,5.0573,5.1397,0.2036,0.1108,1.5284,-0.1432,-0.1011,-0.0026,38.8159,0.0386,3.9343,0.1495
7.250,19.868,3.8586,2.0958,122.178,3.7646,2.1879,122.753,0.1280,0.0306,0.1316,0.575,2.0085,-16.1484,0.635,1.9591,18.3157,122.119,4.753,0.6032,20.467,0.4810,0.0110,0.0265,2.4017,1,4.5151,4.5989,nan,5.0447,5.0302,0.1992,0.0556,1.4349,-0.1409,-0.0315,-0.0623,39.0155,-0.0066,3.3081,0.1495
7.300,20.064,3.7527,2.2610,123.192,3.6825,2.3289,123.087,0.0953,0.0216,0.0977,-0.106,1.7864,-16.1411,-0.127,1.8551,18.4742,123.214,4.810,0.4136,20.668,0.4740,0.0147,0.0238,1.6169,1,4.8024,5.2445,nan,4.6874,4.6000,0.1822,0.0462,1.3088,-0.1432,0.0158,-0.0988,39.3148,-0.0421,1.8524,0.1495
7.352,20.413,3.5580,2.5502,124.733,3.4886,2.6305,123.671,0.1055,0.0113,0.1061,-1.062,1.4678,-16.1090,-1.132,1.6503,18.7757,124.803,4.680,0.3805,21.009,0.4886,0.0131,0.0165,1.2629,1,4.8471,4.9104,nan,4.2830,4.2833,0.1696,0.0758,1.2310,-0.1579,0.0287,-0.1211,39.5144,0.0800,1.0296,0.1495
7.400,20.609,3.4446,2.7105,126.041,3.4381,2.7143,123.485,0.0069,0.0030,0.0075,-2.556,1.0782,-16.0822,-2.382,1.5768,18.8783,125.867,4.463,0.6152,21.191,0.4227,0.0192,0.0097,0.5049,1,4.5626,4.5144,nan,4.1403,4.0185,0.1591,0.1122,1.1541,-0.1613,0.0516,-0.1424,39.7140,0.0800,-6.0632,0.1495
7.450,20.795,3.3331,2.8596,127.871,3.3137,2.9006,125.157,0.0443,-0.0098,0.0453,-2.714,1.0386,-16.0770,-2.510,1.4419,19.0590,127.667,4.217,0.7831,21.362,0.4590,0.0156,0.0083,0.5346,1,4.3480,4.3266,nan,3.8611,3.7717,0.1494,0.1252,1.0775,-0.1539,0.0992,-0.0813,39.9135,0.0800,-6.7891,0.1495
7.500,20.963,3.2285,2.9905,129.741,3.2078,3.0442,127.169,0.0545,-0.0184,0.0575,-2.572,1.0071,-16.0634,-2.587,1.3361,19.1874,129.756,3.982,0.7719,21.516,0.4570,0.0101,0.0093,0.9271,1,4.3788,4.4256,nan,3.5960,3.6828,0.1459,0.1057,1.0423,-0.1263,0.1529,0.0413,40.1131,0.0502,-7.5461,0.1495
7.550,21.235,3.0502,3.1960,132.312,3.0773,3.1754,131.067,-0.0335,-0.0062,0.0340,-1.246,1.5046,-16.1547,-1.151,1.1840,19.3579,132.218,3.675,0.5906,21.771,0.4165,0.0301,0.0109,0.3612,1,4.0181,3.8852,nan,3.4702,3.4573,0.1369,0.1043,1.0423,-0.0976,0.1824,0.0978,40.2129,0.0800,-4.3934,0.1495
7.600,21.393,2.9423,3.3119,133.756,2.9800,3.2831,132.607,-0.0468,-0.0073,0.0474,-1.149,1.5046,-16.1547,-1.151,1.0845,19.4636,133.758,3.529,0.5271,21.921,0.4048,0.0225,0.0038,0.1695,1,3.7018,3.6294,nan,3.3490,3.2322,0.1280,0.0920,0.9640,-0.0567,0.1846,0.2232,40.4125,0.0800,-4.3767,0.1495
7.650,21.524,2.8511,3.4055,134.822,2.8892,3.3666,134.236,-0.0544,0.0003,0.0544,-0.585,1.6525,-16.1869,-0.747,0.9816,19.5680,134.983,3.365,0.4671,22.044,0.4179,0.0130,0.0093,0.7168,1,3.5326,3.5313,nan,3.2319,3.1126,0.1233,0.0884,0.9200,-0.0211,0.1892,0.2797,40.5122,0.0800,-5.5602,0.1495
7.700,21.697,2.7279,3.5267,136.146,2.7786,3.4718,136.028,-0.0746,0.0045,0.0747,-0.118,1.8440,-16.1960,-0.172,0.8756,19.6705,136.199,3.167,0.2953,22.207,0.3959,0.0155,0.0145,0.9395,1,3.2439,3.1862,nan,3.2319,2.8744,0.1138,0.0543,0.8448,0.0085,0.1833,0.3428,40.6120,0.0800,-4.9137,0.1495
7.750,21.893,2.5849,3.6616,137.346,2.6553,3.5876,137.362,-0.1019,0.0067,0.1021,0.016,2.0077,-16.1991,0.315,0.7562,19.7828,137.047,2.900,0.4440,22.390,0.3694,0.0260,0.0168,0.6479,1,3.1035,3.1052,nan,3.0110,2.7811,0.1101,0.0992,0.8082,0.0392,0.1631,0.4019,40.7118,0.0800,-5.7671,0.1495
7.800,22.019,2.4919,3.7457,138.441,2.5481,3.6860,138.543,-0.0817,0.0074,0.0820,0.102,1.9327,-16.1916,0.107,0.6523,19.8763,138.436,2.805,0.4535,22.511,0.3805,0.0176,0.0170,0.9659,1,2.9492,2.9464,nan,2.8032,2.7126,0.1074,0.2111,0.8000,0.0626,0.1077,0.5228,40.9114,0.0800,-3.0953,0.1495
7.850,22.143,2.3981,3.8265,140.552,2.4590,3.7610,140.392,-0.0887,0.0119,0.0894,-0.160,1.9327,-16.1916,0.107,0.5634,19.9516,140.286,2.712,0.9981,22.632,0.3742,0.0189,0.0182,0.9622,1,2.9808,3.0103,nan,2.7027,2.7842,0.1103,0.3196,0.8000,0.0717,0.0714,0.5852,41.0112,0.0800,-2.7694,0.1495
7.900,22.253,2.3111,3.8950,143.560,2.3544,3.8378,143.793,-0.0689,0.0203,0.0718,0.233,2.0006,-16.1870,0.334,0.4705,20.0224,143.459,2.692,1.3593,22.744,0.3775,0.0118,0.0245,2.0673,1,2.7708,2.7488,nan,2.6072,2.6382,0.1045,0.3902,0.8000,0.0869,0.0280,0.7127,41.2107,0.0800,-0.7424,0.1495
7.950,22.436,2.1593,3.9956,149.916,2.2000,3.9410,150.208,-0.0626,0.0269,0.0682,0.291,2.0433,-16.1748,0.482,0.3258,20.1137,149.726,2.515,1.6326,22.922,0.3671,0.0387,0.0370,0.9563,1,2.6094,2.6010,nan,2.6072,2.5050,0.0992,0.4119,0.8000,0.1019,0.0487,0.7861,41.3105,0.0800,-1.6875,0.1495
8.000,22.545,2.0631,4.0470,153.974,2.1033,3.9923,154.122,-0.0601,0.0315,0.0679,0.148,1.9821,-16.1693,0.319,0.2334,20.1606,153.803,2.451,1.6216,23.031,0.3621,0.0293,0.0289,0.9868,1,2.5892,2.6070,nan,2.4304,2.5465,0.1009,0.5298,0.8000,0.1088,-0.0140,0.9380,41.5101,0.0800,-2.6940,0.1495
8.050,22.652,1.9653,4.0905,158.654,1.9956,4.0451,158.321,-0.0448,0.0312,0.0546,-0.333,1.8861,-16.1606,0.053,0.1282,20.2056,158.269,2.416,2.0228,23.141,0.3648,0.0212,0.0226,1.0664,1,2.5673,2.5847,nan,2.4111,2.5462,0.1008,0.6329,0.8000,0.1060,-0.0335,1.0246,41.6099,0.0782,-1.0179,0.1495
8.100,22.750,1.8723,4.1227,163.642,1.8822,4.0882,163.518,-0.0192,0.0304,0.0359,-0.124,1.8901,-16.1527,0.078,0.0197,20.2409,163.440,2.388,2.2094,23.243,0.3709,0.0130,0.0177,1.3684,1,2.5550,2.5736,nan,2.4178,2.3402,0.0927,0.6386,0.8000,0.0988,-0.1326,1.1945,41.8094,-0.0449,-1.3681,0.1347
8.150,22.915,1.7111,4.1567,172.972,1.7214,4.1191,172.362,-0.0148,0.0361,0.0390,-0.610,1.5464,-16.1492,-0.923,-0.1514,20.2685,173.284,2.209,2.2708,23.409,0.3670,0.0562,0.0555,0.9889,1,2.5446,2.5634,nan,2.4081,2.3081,0.0914,0.6435,0.8000,0.0870,-0.1280,1.1987,41.9092,-0.0579,-1.3735,0.1347
8.200,23.011,1.6154,4.1638,178.641,1.6471,4.1222,177.227,-0.0327,0.0408,0.0523,-1.414,1.4204,-16.1488,-1.305,-0.2350,20.2709,178.532,2.164,2.2433,23.508,0.3596,0.0410,0.0270,0.6584,1,2.3032,2.2615,nan,2.4138,2.4979,0.0989,0.7704,0.8000,0.0796,-0.1489,1.1975,42.0090,0.0487,-2.4271,0.1347
8.250,23.100,1.5263,4.1618,-175.624,1.5547,4.1217,-177.350,-0.0253,0.0421,0.0491,-1.727,1.3878,-16.1472,-1.412,-0.3327,20.2669,-175.938,2.178,2.5770,23.607,0.3597,0.0217,0.0285,1.3143,1,2.2566,2.2681,nan,2.4112,2.5286,0.1001,0.8002,0.8000,0.0659,-0.1588,1.2004,42.1088,0.0680,0.1797,0.1347
8.300,23.191,1.4357,4.1502,-169.105,1.4391,4.1180,-170.698,0.0027,0.0323,0.0324,-1.594,1.3582,-16.1354,-1.503,-0.4503,20.2485,-169.195,2.176,2.8136,23.711,0.3608,0.0157,0.0363,2.3146,1,2.3282,2.3604,nan,2.4015,2.4572,0.0973,0.7568,0.8000,0.0471,-0.1331,1.2014,42.2086,0.0322,-1.0148,0.1347
8.350,23.352,1.2817,4.1047,-157.727,1.2858,4.0649,-158.844,0.0113,0.0384,0.0400,-1.117,1.5057,-16.1365,-1.090,-0.6041,20.1935,-157.754,2.174,2.5481,23.888,0.3517,0.0551,0.0524,0.9501,1,2.4194,2.4573,nan,2.4022,2.3924,0.0947,0.7060,0.8000,0.0230,-0.2213,1.2041,42.4081,-0.0057,-1.3838,0.1347
8.400,23.445,1.1971,4.0647,-151.604,1.2066,4.0271,-152.227,0.0095,0.0376,0.0388,-0.622,1.6418,-16.1238,-0.760,-0.7026,20.1434,-151.466,2.172,2.4763,23.988,0.3470,0.0375,0.0345,0.9197,1,2.3719,2.3841,nan,2.3926,2.4083,0.0954,0.7319,0.8000,0.0127,-0.2232,1.2038,42.5079,0.0091,0.6452,0.1347
8.450,23.536,1.1196,4.0176,-145.505,1.1365,3.9832,-146.283,0.0055,0.0379,0.0383,-0.778,1.6653,-16.1210,-0.698,-0.7737,20.0963,-145.585,2.163,2.5515,24.088,0.3447,0.0204,0.0140,0.6872,1,2.3927,2.4152,nan,2.4960,2.5744,0.1020,0.7204,0.8000,0.0028,-0.2137,1.2130,42.6077,0.0454,-1.3650,0.1347
8.500,23.628,1.0465,3.9617,-139.287,1.0479,3.9136,-139.579,0.0304,0.0374,0.0481,-0.291,1.7962,-16.1187,-0.319,-0.8599,20.0278,-139.259,2.217,2.5953,24.193,0.3380,0.0143,0.0210,1.4660,1,2.3119,2.3184,nan,2.7129,2.7836,0.1102,0.7138,0.8000,-0.0161,-0.1929,1.0576,42.7075,0.0800,0.7958,0.1347
8.550,23.789,0.9344,3.8462,-128.621,0.9327,3.7883,-128.998,0.0463,0.0348,0.0579,-0.377,1.8272,-16.1085,-0.255,-0.9830,19.8927,-128.743,2.386,2.5104,24.382,0.3249,0.0423,0.0417,0.9849,1,2.4257,2.4699,nan,2.8239,2.8611,0.1133,0.6451,0.8000,-0.0409,-0.1553,0.9550,42.8073,0.0215,-0.0858,0.1347
8.600,23.906,0.8668,3.7509,-121.648,0.8641,3.6756,-122.320,0.0655,0.0372,0.0753,-0.672,1.6593,-16.1114,-0.768,-1.0605,19.7746,-121.552,2.482,2.4425,24.515,0.3096,0.0362,0.0330,0.9115,1,2.6273,2.7157,nan,2.9464,2.8768,0.1139,0.6004,0.8000,-0.0564,-0.1934,0.7512,43.0068,-0.0403,1.8614,0.1347
8.650,24.002,0.8201,3.6674,-116.427,0.8167,3.5834,-116.622,0.0767,0.0343,0.0840,-0.194,1.7032,-16.1009,-0.658,-1.1124,19.6728,-115.964,2.565,2.1295,24.621,0.2967,0.0160,0.0188,1.1797,1,2.7924,2.8609,nan,3.0695,2.9418,0.1165,0.4839,0.8329,-0.0653,-0.1508,0.6251,43.1066,-0.0739,2.1718,0.1347
8.700,24.183,0.7504,3.4999,-108.458,0.7596,3.4375,-109.682,0.0563,0.0285,0.0631,-1.224,1.5569,-16.1032,-1.097,-1.1712,19.5219,-108.585,2.801,2.1313,24.826,0.3053,0.0209,0.0256,1.2241,1,2.6656,2.6662,nan,3.3276,3.4596,0.1370,0.4714,0.8266,-0.0742,-0.1193,0.5443,43.2064,0.0764,4.0928,0.1347
8.750,24.313,0.7145,3.3746,-102.843,0.7196,3.2996,-103.377,0.0720,0.0216,0.0752,-0.535,1.7260,-16.0890,-0.612,-1.2134,19.3767,-102.765,2.980,2.1308,24.976,0.2915,0.0311,0.0248,0.7969,1,2.9435,3.1243,nan,3.4481,3.4300,0.1358,0.3542,0.9708,-0.0941,-0.0826,0.4226,43.3062,-0.0105,4.2881,0.1347
8.800,24.455,0.6885,3.2357,-98.265,0.6894,3.1427,-98.043,0.0919,0.0143,0.0930,0.222,1.7254,-16.0793,-0.623,-1.2449,19.2096,-97.420,3.158,1.5192,25.131,0.2713,0.0210,0.0223,1.0639,1,3.1575,3.2622,nan,3.7817,3.8351,0.1519,0.1771,1.1308,-0.1027,-0.0261,0.2711,0.0998,0.0310,3.9467,0.1347
8.850,24.596,0.6716,3.0951,-95.750,0.6708,2.9616,-94.391,0.1330,0.0126,0.1335,1.360,1.9561,-16.0517,0.053,-1.2676,19.0145,-94.444,3.421,0.7343,25.290,0.2340,0.0207,0.0218,1.0530,1,3.3142,3.3861,nan,3.9848,4.0805,0.1616,0.1185,1.3124,-0.1153,-0.0204,0.1025,0.2993,0.0554,5.9286,0.1347
8.900,24.746,0.6587,2.9462,-94.171,0.6576,2.8145,-94.238,0.1314,0.0085,0.1317,-0.067,1.8697,-16.0503,-0.204,-1.2794,18.8604,-94.033,3.669,0.6703,25.455,0.2296,0.0227,0.0225,0.9916,1,3.5839,3.7708,nan,4.0816,4.0521,0.1605,0.1121,1.4570,-0.1221,-0.0388,0.0611,0.4989,-0.0166,6.5933,0.1347
8.950,25.011,0.6453,2.6816,-91.655,0.6505,2.5487,-91.638,0.1327,0.0091,0.1330,0.017,1.9225,-16.0391,-0.059,-1.2911,18.5865,-91.579,3.914,0.5749,25.735,0.2221,0.0193,0.0142,0.7338,1,3.6599,3.7061,nan,4.2668,4.3232,0.1712,0.0951,1.5033,-0.1297,-0.0241,0.0452,0.5987,0.0312,4.5393,0.1347
9.000,25.186,0.6423,2.5060,-90.183,0.6502,2.3855,-89.833,0.1204,0.0083,0.1207,0.350,2.0864,-16.0247,0.445,-1.2930,18.4208,-90.279,4.057,0.4956,25.921,0.2281,0.0193,0.0102,0.5271,1,3.9329,4.1410,nan,4.5263,4.5808,0.1814,0.0597,1.6358,-0.1288,-0.0071,0.0261,0.8981,0.0283,4.0934,0.1347
9.050,25.340,0.6429,2.3526,-89.357,0.6523,2.1819,-89.087,0.1708,0.0075,0.1710,0.269,1.9017,-16.0241,-0.129,-1.2904,18.2032,-88.958,4.214,0.3888,26.084,0.1874,0.0215,0.0061,0.2842,1,4.1646,4.3100,nan,4.6888,4.6960,0.1860,0.0294,1.6725,-0.1229,0.0216,0.0160,1.0976,0.0035,5.1079,0.1347
9.100,25.568,0.6470,2.1238,-88.712,0.6506,2.0783,-88.904,0.0456,0.0025,0.0456,-0.192,1.7462,-16.0371,-0.608,-1.2878,18.1028,-88.296,4.412,0.2129,26.327,0.2763,0.0206,0.0207,1.0070,1,4.0666,4.0842,nan,4.8441,4.9411,0.1957,0.0317,1.6725,-0.1249,0.0180,0.0055,1.2972,0.0800,3.2822,0.1347
9.150,25.878,0.6562,1.8146,-87.848,0.6625,1.6658,-87.727,0.1489,0.0007,0.1489,0.122,1.9728,-15.9948,0.112,-1.2758,17.6632,-87.839,4.655,0.2573,26.655,0.1853,0.0157,0.0073,0.4656,1,4.3595,4.7011,nan,5.0651,5.2217,0.2068,0.0397,1.6725,-0.1348,0.0079,-0.0179,1.5965,0.0746,5.1010,0.1347
9.200,26.087,0.6652,1.6057,-87.119,0.6746,1.4810,-87.664,0.1250,0.0031,0.1250,-0.546,1.7695,-15.9747,-0.560,-1.2655,17.4442,-87.104,4.836,0.2189,26.878,0.1793,0.0145,0.0033,0.2243,1,4.6183,4.8653,nan,5.2735,5.3960,0.2137,0.0160,1.6725,-0.1199,0.0380,-0.0133,1.7961,0.0555,5.0066,0.1347
9.250,26.294,0.6762,1.3990,-86.818,0.6816,1.2412,-87.591,0.1579,-0.0034,0.1579,-0.773,1.6907,-15.9844,-0.810,-1.2524,17.2096,-86.782,5.003,0.0728,27.099,0.1663,0.0166,0.0186,1.1178,1,4.7522,4.8520,nan,5.4062,5.5340,0.2192,0.0020,1.6735,-0.1067,0.0477,-0.0163,2.0955,0.0565,4.8629,0.1347
9.300,26.538,0.6901,1.1550,-86.755,0.6929,0.9800,-87.661,0.1749,-0.0072,0.1750,-0.906,1.6664,-15.9935,-0.893,-1.2381,16.9562,-86.767,5.170,0.0763,27.358,0.1632,0.0152,0.0222,1.4561,1,4.9598,5.1412,nan,5.5970,5.7159,0.2264,0.0137,1.6735,-0.1074,0.0346,-0.0118,2.2950,0.0506,4.2920,0.1347
9.350,26.871,0.7100,0.8230,-86.345,0.7134,0.6569,-87.216,0.1659,-0.0072,0.1661,-0.871,1.6852,-15.9986,-0.850,-1.2188,16.6393,-86.366,5.364,0.0866,27.708,0.1684,0.0082,0.0147,1.7876,1,5.1572,5.3397,nan,5.7788,5.8915,0.2333,0.0036,1.6753,-0.0974,0.0388,-0.0150,2.5944,0.0463,4.2284,0.1347
9.400,27.121,0.7262,0.5732,-86.251,0.7301,0.3537,-87.006,0.2193,-0.0105,0.2196,-0.755,1.7139,-16.0022,-0.755,-1.1993,16.3415,-86.251,5.505,0.0063,27.972,0.1546,0.0119,0.0150,1.2642,1,5.3237,5.4834,nan,5.9527,6.0763,0.2406,-0.0099,1.6753,-0.0795,0.0501,-0.0113,2.8937,0.0494,3.3180,0.1347
9.451,27.373,0.7425,0.3222,-86.455,0.7488,0.1260,-86.167,0.1962,-0.0059,0.1963,0.289,1.9694,-15.9879,0.128,-1.1846,16.1165,-86.295,5.662,-0.1299,28.239,0.1603,0.0122,0.0013,0.1078,1,5.5466,5.7979,nan,6.1193,6.2051,0.2457,-0.0189,1.6753,-0.0612,0.0514,-0.0101,3.1931,0.0331,3.6519,0.1347
9.500,27.613,0.7568,0.0819,-86.866,0.7686,-0.1786,-86.511,0.2607,-0.0024,0.2608,0.355,2.0140,-15.9968,0.281,-1.1678,15.8242,-86.792,5.793,-0.1986,28.493,0.1539,0.0122,0.0022,0.1787,1,5.6687,5.8089,nan,6.3313,6.4919,0.2571,-0.0337,1.6753,-0.0321,0.0566,-0.0078,3.5922,0.0608,3.7916,0.1347
9.550,28.017,0.7756,-0.3213,-88.072,0.7824,-0.5734,-88.053,0.2522,-0.0017,0.2522,0.019,1.9234,-15.9765,-0.034,-1.1502,15.4024,-88.019,6.064,-0.3284,28.926,0.1578,0.0151,0.0089,0.5884,1,5.9399,6.5067,nan,6.5331,6.6454,0.2632,-0.0354,1.6779,-0.0140,0.0478,-0.0117,3.8916,0.0407,4.0473,0.1347
9.600,28.299,0.7836,-0.6035,-88.937,0.7897,-0.8856,-89.028,0.2822,0.0009,0.2822,-0.091,1.9234,-15.9765,-0.034,-1.1427,15.0902,-88.994,6.199,-0.2726,29.224,0.1671,0.0149,0.0134,0.9025,1,6.1353,6.3959,nan,6.6782,6.7568,0.2676,-0.0123,1.6779,-0.0160,0.0182,-0.0119,4.1909,0.0277,3.6255,0.1347
9.650,28.556,0.7878,-0.8603,-89.243,0.8014,-1.0729,-89.159,0.2127,0.0108,0.2130,0.083,2.0402,-15.9587,0.377,-1.1408,14.8937,-89.536,6.316,-0.1093,29.494,0.1573,0.0124,0.0021,0.1715,1,6.1763,6.2802,nan,6.8186,6.9768,0.2763,-0.0073,1.6779,-0.0132,0.0103,-0.0075,4.4903,0.0554,3.0891,0.1347
9.700,28.870,0.7914,-1.1740,-89.468,0.8080,-1.4629,-89.134,0.2890,0.0139,0.2893,0.334,2.0273,-15.9274,0.332,-1.1356,14.4714,-89.466,6.479,-0.1675,29.890,0.1911,0.0124,0.0042,0.3402,1,6.3200,6.5195,nan,6.9545,7.1122,0.2817,-0.0285,1.6791,0.0114,0.0270,-0.0104,4.8894,0.0541,2.3473,0.1347
9.750,29.291,0.7923,-1.5952,-90.523,0.8074,-1.9051,-90.106,0.3098,0.0180,0.3103,0.417,2.0451,-15.9434,0.412,-1.1367,14.0468,-90.518,6.662,-0.2870,30.273,0.1947,0.0166,0.0044,0.2640,1,6.2829,6.3478,nan,7.0862,7.2429,0.2868,-0.0246,1.6791,0.0161,0.0193,-0.0071,5.0890,0.0800,3.5985,0.1347
9.800,29.594,0.7883,-1.8978,-91.177,0.8047,-2.1960,-90.825,0.2978,0.0225,0.2986,0.352,2.0551,-15.9457,0.452,-1.1419,13.7592,-91.277,6.785,-0.1783,30.592,0.1873,0.0147,0.0050,0.3411,1,6.5447,7.3633,nan,7.2558,7.4795,0.2962,-0.0106,1.6827,0.0152,-0.0000,-0.0072,5.4881,0.0744,2.7990,0.1347
9.850,29.882,0.7817,-2.1858,-91.472,0.7935,-2.5191,-91.840,0.3329,0.0203,0.3336,-0.367,1.8761,-15.9354,-0.289,-1.1502,13.4106,-91.551,6.921,-0.1167,30.898,0.2266,0.0126,0.0118,0.9351,1,6.7238,7.0062,nan,7.4591,7.7032,0.3051,-0.0096,1.6829,0.0165,-0.0010,-0.0070,5.9870,0.0800,3.8628,0.1347
9.900,30.197,0.7730,-2.5010,-91.751,0.7861,-2.8077,-91.109,0.3061,0.0225,0.3070,0.641,2.0961,-15.8994,0.659,-1.1592,13.1059,-91.769,7.083,-0.0650,31.318,0.2195,0.0126,0.0107,0.8476,1,6.9823,7.7441,nan,7.5766,7.7211,0.3058,0.0047,1.6829,0.0035,-0.0133,-0.0075,6.2864,0.0453,2.7064,0.1347
9.950,30.685,0.7584,-2.9888,-91.585,0.7717,-3.2733,-91.278,0.2840,0.0212,0.2848,0.307,2.0139,-15.8908,0.311,-1.1736,12.6241,-91.589,7.253,0.0038,31.749,0.2154,0.0126,0.0076,0.6042,1,7.0869,7.2852,nan,7.7287,7.9138,0.3134,-0.0122,1.6829,0.0137,0.0052,-0.0087,6.6855,0.0573,3.1942,0.1347
10.000,31.007,0.7490,-3.3106,-91.882,0.7632,-3.5723,-91.394,0.2611,0.0228,0.2621,0.487,1.9851,-15.8479,0.181,-1.1831,12.2793,-91.576,7.370,-0.1419,32.088,0.2313,0.0135,0.0068,0.5019,1,7.2323,7.5028,nan,7.8395,8.0015,0.3169,-0.0145,1.6842,0.0127,0.0100,-0.0043,6.9849,0.0492,2.9882,0.1347
10.050,31.356,0.7366,-3.6597,-92.295,0.7506,-4.0113,-91.227,0.3507,0.0281,0.3519,1.068,2.1811,-15.8335,1.114,-1.2003,11.8478,-92.341,7.485,-0.0968,32.456,0.2988,0.0132,0.0153,1.1613,1,7.3900,7.6911,nan,7.9830,8.1384,0.3223,0.0008,1.6864,0.0055,-0.0072,-0.0033,7.3840,0.0463,2.6740,0.1347
10.100,31.658,0.7244,-3.9610,-92.311,0.7405,-4.2534,-91.292,0.2916,0.0279,0.2929,1.019,2.1719,-15.7754,1.085,-1.2129,11.5470,-92.377,7.585,0.0023,32.774,0.2987,0.0125,0.0175,1.3949,1,7.4585,7.6401,nan,8.0000,8.1204,0.3216,-0.0126,1.6872,0.0147,0.0070,-0.0023,7.7831,0.0356,2.8226,0.1318
10.150,32.178,0.7015,-4.4804,-92.926,0.7169,-4.7736,-92.870,0.2921,0.0304,0.2936,0.057,1.9417,-15.8383,-0.052,-1.2348,11.0635,-92.818,7.694,-0.2351,33.315,0.2689,0.0193,0.0130,0.6734,1,7.4710,7.6012,nan,8.0000,8.1201,0.3216,-0.0199,1.6509,0.0172,0.0154,-0.0049,8.0825,0.0355,2.1184,0.1318
10.200,32.525,0.6825,-4.8272,-93.545,0.6958,-5.2158,-92.879,0.3871,0.0373,0.3889,0.666,2.0762,-15.8442,0.653,-1.2591,10.6434,-93.532,7.737,-0.2100,33.673,0.3326,0.0176,0.0112,0.6385,1,7.7085,8.3458,nan,8.0000,7.9452,0.3147,0.0278,1.6516,-0.0143,-0.0318,-0.0043,8.6812,-0.0157,1.1775,0.1318
10.250,32.873,0.6618,-5.1742,-92.942,0.6744,-5.5618,-92.644,0.3864,0.0325,0.3878,0.298,2.0487,-15.8616,0.528,-1.2794,10.3121,-93.172,7.710,0.3424,34.024,0.3190,0.0126,0.0105,0.8283,1,7.9270,8.4705,nan,8.0000,7.7819,0.3082,0.0286,1.6521,-0.0167,-0.0288,-0.0023,8.9805,-0.0609,-0.0400,0.1318
10.300,33.211,0.6461,-5.5116,-92.080,0.6576,-5.8671,-91.148,0.3549,0.0244,0.3557,0.932,2.1040,-15.8270,0.887,-1.2920,9.9810,-92.035,7.649,0.1770,34.361,0.3119,0.0123,0.0172,1.3950,1,7.8384,7.9068,nan,8.0000,7.8527,0.3110,-0.0189,1.6519,-0.0017,0.0267,0.0007,9.3797,-0.0416,-1.6638,0.1318
10.350,33.737,0.6247,-6.0377,-92.846,0.6441,-6.2058,-91.888,0.1670,0.0278,0.1693,0.958,1.9732,-15.8555,0.153,-1.3033,9.6532,-92.041,7.626,-0.2252,34.893,0.1697,0.0377,0.0121,0.3224,1,7.5394,7.4258,nan,8.0000,8.1425,0.3225,-0.0261,1.6519,0.0026,0.0344,0.0010,9.6790,0.0800,-0.6753,0.1318
10.400,34.051,0.6079,-6.3511,-93.565,0.6135,-6.6625,-93.078,0.3104,0.0250,0.3114,0.486,2.0144,-15.7689,0.423,-1.3337,9.1165,-93.501,7.681,-0.3097,35.220,0.3351,0.0173,0.0126,0.7273,1,7.6180,7.8190,nan,8.0000,8.2274,0.3258,0.0289,1.6511,-0.0270,-0.0235,0.0021,10.1779,0.0800,-0.4435,0.1318
10.450,34.406,0.5862,-6.7057,-93.059,0.5873,-7.0682,-93.428,0.3619,0.0205,0.3625,-0.369,2.0474,-15.7843,0.657,-1.3601,8.7323,-94.085,7.754,0.4421,35.590,0.3631,0.0122,0.0138,1.1284,1,7.7289,7.9786,nan,8.0000,8.2060,0.3250,0.0513,1.6511,-0.0474,-0.0411,-0.0017,10.4773,0.0617,1.2326,0.1318
10.500,34.772,0.5700,-7.0709,-91.485,0.5718,-7.4994,-91.042,0.4283,0.0129,0.4285,0.443,1.9889,-15.8449,0.326,-1.3695,8.3535,-91.368,7.797,0.3933,35.968,0.3721,0.0122,0.0140,1.1428,1,7.6978,7.8018,nan,8.0000,8.2297,0.3259,-0.0123,1.6504,-0.0248,0.0339,0.0003,10.8764,0.0691,0.9634,0.1318
10.550,35.273,0.5566,-7.5716,-91.998,0.5607,-7.9600,-91.419,0.3880,0.0176,0.3884,0.578,2.0060,-15.7671,0.453,-1.3835,7.8183,-91.873,7.845,-0.3388,36.484,0.4034,0.0170,0.0123,0.7243,1,7.5895,7.6414,nan,8.0000,8.1967,0.3246,-0.0285,1.6504,-0.0144,0.0506,0.0034,11.2756,0.0800,0.9731,0.1318
10.600,35.611,0.5432,-7.9091,-92.812,0.5468,-8.2760,-92.521,0.3663,0.0216,0.3669,0.291,1.9914,-15.7643,0.353,-1.3984,7.4970,-92.874,7.859,-0.1687,36.829,0.3893,0.0155,0.0119,0.7717,1,7.8375,8.6817,nan,8.0000,8.1235,0.3217,0.0341,1.6473,-0.0356,-0.0205,0.0047,11.6747,0.0365,0.4434,0.1318
10.650,35.964,0.5271,-8.2622,-92.014,0.5332,-8.6373,-91.559,0.3747,0.0192,0.3752,0.455,2.0567,-15.7532,0.867,-1.4156,7.1381,-92.426,7.852,0.4313,37.189,0.3951,0.0120,0.0134,1.1221,1,7.6742,7.6907,nan,8.0000,8.2476,0.3266,0.0361,1.6462,-0.0420,-0.0212,0.0039,12.0738,0.0747,-0.2275,0.1318
10.700,36.318,0.5169,-8.6161,-90.895,0.5243,-8.9357,-90.981,0.3194,0.0124,0.3196,-0.086,1.9392,-15.7495,-0.055,-1.4214,6.8124,-90.926,7.874,0.3158,37.551,0.3678,0.0109,0.0104,0.9505,1,7.9042,8.5230,nan,7.6529,7.6827,0.3043,-0.0303,1.6440,-0.0078,0.0508,0.0049,12.4730,0.0800,0.7187,0.1318
10.750,36.831,0.5063,-9.1289,-91.936,0.5119,-9.4635,-92.460,0.3342,0.0169,0.3347,-0.524,1.8931,-15.7261,-0.485,-1.4342,6.2507,-91.975,7.683,-0.3368,38.050,0.4129,0.0157,0.0196,1.2469,1,7.8896,8.0128,nan,7.2500,7.3647,0.2917,-0.0249,1.6440,-0.0065,0.0435,0.0047,12.8721,0.0374,-3.0556,0.1318
10.800,37.180,0.4928,-9.4778,-92.736,0.5015,-9.6626,-92.931,0.1842,0.0176,0.1850,-0.195,1.9320,-15.7011,-0.127,-1.4439,6.0354,-92.803,7.508,-0.2607,38.385,0.2940,0.0140,0.0126,0.8959,1,7.6083,7.5113,nan,6.9368,7.0272,0.2783,0.0493,1.6440,-0.0438,-0.0385,0.0082,13.1715,0.0307,-4.1747,0.1318
10.850,37.476,0.4794,-9.7735,-91.971,0.4848,-10.0665,-92.905,0.2927,0.0155,0.2931,-0.934,1.9189,-15.7296,-0.278,-1.4616,5.6560,-92.627,7.302,0.5601,38.663,0.3681,0.0095,0.0153,1.6136,1,7.3797,7.3438,nan,6.7227,6.8241,0.2703,0.0581,1.6440,-0.0492,-0.0431,0.0092,13.4708,0.0357,-4.9361,0.1318
10.900,37.806,0.4714,-10.1036,-90.282,0.4807,-10.3224,-91.038,0.2188,0.0104,0.2190,-0.756,1.8918,-15.7197,-0.566,-1.4644,5.3831,-90.472,7.068,0.5942,38.973,0.3158,0.0082,0.0117,1.4313,1,7.0049,6.7692,nan,6.2833,6.3358,0.2509,-0.0104,1.6429,-0.0240,0.0355,0.0084,13.7702,0.0195,-4.4099,0.1318
10.950,38.291,0.4696,-10.5886,-90.421,0.4737,-10.7877,-91.372,0.1991,0.0055,0.1992,-0.951,1.8484,-15.7565,-1.030,-1.4639,4.9432,-90.342,6.613,-0.2662,39.417,0.2769,0.0078,0.0171,2.1798,1,6.8180,6.8142,nan,5.9425,5.8779,0.2328,-0.0383,1.6429,-0.0045,0.0635,0.0055,14.1693,-0.0248,-4.1436,0.1318
11.000,38.569,0.4661,-10.8658,-91.245,0.4647,-11.1585,-91.539,0.2927,0.0050,0.2927,-0.294,1.9047,-15.7638,-0.362,-1.4691,4.5961,-91.177,6.289,-0.0441,39.666,0.3369,0.0078,0.0119,1.5237,1,6.4884,6.3412,nan,5.5895,5.5072,0.2181,0.0383,1.6429,-0.0328,-0.0247,0.0100,14.4687,-0.0335,-8.1380,0.1318
11.050,38.838,0.4614,-11.1349,-90.509,0.4589,-11.2865,-90.825,0.1516,-0.0012,0.1516,-0.315,1.9127,-15.7352,-0.242,-1.4725,4.4425,-90.583,5.945,0.3008,39.905,0.2417,0.0045,0.0048,1.0763,1,6.2223,6.1585,nan,5.3463,5.2813,0.2092,0.0306,1.6402,-0.0321,-0.0130,0.0095,14.6682,-0.0277,-8.1498,0.1318
11.100,39.087,0.4602,-11.3838,-89.812,0.4559,-11.6016,-90.455,0.2178,-0.0050,0.2179,-0.643,1.8803,-15.8130,-0.663,-1.4730,4.1946,-89.792,5.649,0.1934,40.131,0.2405,0.0048,0.0129,2.6990,1,5.8075,5.4587,nan,5.0955,5.1552,0.2042,-0.0056,1.5778,-0.0205,0.0283,0.0107,14.9676,0.0275,-8.3213,0.1318
11.150,39.457,0.4613,-11.7539,-89.883,0.4555,-11.9362,-90.154,0.1823,-0.0061,0.1824,-0.271,1.9103,-15.7847,-0.250,-1.4716,3.8422,-89.904,5.198,-0.0013,40.467,0.2275,0.0049,0.0078,1.5910,1,5.5485,5.4946,nan,4.7025,4.6604,0.1846,-0.0004,1.4440,-0.0178,0.0226,0.0098,15.2669,-0.0205,-6.0823,0.1318
11.200,39.679,0.4617,-11.9766,-89.885,0.4563,-12.1459,-89.892,0.1693,-0.0058,0.1694,-0.008,1.9270,-15.8025,-0.007,-1.4712,3.6564,-89.886,4.940,0.0488,40.671,0.2032,0.0039,0.0031,0.7980,1,5.1565,4.9183,nan,4.5662,4.7152,0.1867,0.0146,1.3698,-0.0178,0.0085,0.0076,15.4665,0.0800,-7.4108,0.1318
11.250,39.898,0.4625,-12.1957,-89.606,0.4558,-12.2965,-89.627,0.1007,-0.0074,0.1010,-0.020,1.9246,-15.7418,-0.022,-1.4701,3.4447,-89.604,4.789,0.1109,40.880,0.1985,0.0026,0.0023,0.8946,1,4.7939,4.6407,nan,4.2118,4.3237,0.1712,0.0154,1.2994,-0.0127,0.0145,0.0113,15.6661,0.0800,-3.9790,0.1318
11.300,40.198,0.4655,-12.4949,-89.220,0.4591,-12.5427,-89.144,0.0477,-0.0070,0.0482,0.076,1.9298,-15.7231,0.064,-1.4671,3.1821,-89.208,4.424,0.0959,41.156,0.1797,0.0006,0.0021,3.2980,1,4.6116,4.6073,nan,4.1015,4.1411,0.1640,0.0144,1.2359,-0.0090,0.0226,0.0116,15.8656,0.0800,-7.0998,0.1318
11.350,40.410,0.4688,-12.7070,-88.945,0.4616,-12.7024,-88.863,-0.0047,-0.0071,0.0086,0.083,1.9303,-15.6831,0.096,-1.4637,2.9832,-88.958,4.236,0.1203,41.356,0.1742,0.0024,0.0025,1.0412,1,4.3453,4.3030,nan,3.9890,3.9465,0.1563,0.0204,1.2083,-0.0031,0.0271,0.0107,15.9654,0.0800,-4.9152,0.1318
11.400,40.584,0.4724,-12.8812,-88.639,0.4637,-12.8506,-88.664,-0.0308,-0.0080,0.0318,-0.025,1.9232,-15.6520,-0.006,-1.4598,2.8013,-88.658,4.070,0.1362,41.520,0.1769,0.0024,0.0036,1.5078,1,4.1321,4.1191,nan,3.7595,3.8438,0.1522,0.0291,1.1498,0.0017,0.0321,0.0084,16.1650,0.0800,-5.2426,0.1318
11.450,40.756,0.4770,-13.0529,-88.189,0.4704,-13.0319,-88.327,-0.0212,-0.0059,0.0221,-0.138,1.9236,-15.6441,-0.025,-1.4544,2.6116,-88.302,3.919,0.2425,41.683,0.1844,0.0039,0.0018,0.4715,1,4.0525,4.0736,nan,3.5320,3.5905,0.1422,0.0483,1.0893,0.0067,0.0354,0.0111,16.3645,0.0339,-3.4890,0.1318
11.500,40.931,0.4834,-13.2280,-87.440,0.4784,-13.1865,-87.445,-0.0417,-0.0032,0.0418,-0.005,1.9311,-15.6440,0.113,-1.4479,2.4604,-87.558,3.704,0.3882,41.846,0.1737,0.0026,0.0016,0.6306,1,4.0450,4.0770,nan,3.4219,3.3945,0.1344,0.0753,1.0596,0.0177,0.0503,0.0374,16.4643,-0.0159,-6.0208,0.1318
11.550,41.165,0.4968,-13.4620,-85.830,0.4879,-13.3065,-86.073,-0.1558,0.0024,0.1558,-0.243,1.9217,-15.6282,-0.115,-1.4385,2.3189,-85.958,3.397,0.4328,42.064,0.1658,0.0046,0.0106,2.2855,1,3.7896,3.7596,nan,3.2095,3.1847,0.1261,0.0821,0.9765,0.0326,0.0646,0.1233,16.6639,-0.0144,-6.0803,0.1318
11.600,41.311,0.5086,-13.6076,-84.769,0.5021,-13.4780,-84.854,-0.1297,0.0054,0.1298,-0.085,1.9184,-15.6048,-0.166,-1.4225,2.1227,-84.688,3.257,0.3736,42.203,0.1618,0.0035,0.0110,3.1241,1,3.4131,3.2356,nan,3.2095,3.2125,0.1272,0.0315,0.8795,0.0422,0.0708,0.1675,16.7637,0.0800,-4.4862,0.1318
11.650,41.457,0.5224,-13.7522,-84.304,0.5177,-13.6082,-84.050,-0.1438,0.0097,0.1441,0.254,1.9339,-15.5842,0.224,-1.4084,1.9815,-84.273,3.185,0.2333,42.344,0.1610,0.0060,0.0172,2.8756,1,3.1587,3.1212,nan,3.1080,2.9864,0.1183,0.0539,0.8139,0.0508,0.0659,0.2195,16.8635,0.0800,-1.9218,0.1318
11.700,41.600,0.5374,-13.8944,-83.609,0.5332,-13.7353,-83.353,-0.1586,0.0135,0.1592,0.256,1.9358,-15.5832,0.251,-1.3945,1.8540,-83.604,3.047,0.3466,42.481,0.1607,0.0046,0.0236,5.1799,1,3.1206,3.1402,nan,2.9151,3.0038,0.1190,0.1137,0.8000,0.0607,0.0189,0.3123,17.0630,0.0800,-4.4987,0.1318
11.750,41.791,0.5616,-14.0846,-81.316,0.5550,-13.9419,-82.025,-0.1421,0.0151,0.1429,-0.709,1.9196,-15.6322,-0.257,-1.3721,1.6842,-81.768,2.917,0.9122,42.667,0.1629,0.0095,0.0152,1.6070,1,2.9476,2.9396,nan,2.9151,2.8591,0.1132,0.2000,0.8000,0.0662,0.0087,0.3594,17.1628,0.0800,-1.8555,0.1318
11.800,41.881,0.5761,-14.1729,-79.722,0.5845,-14.1037,-78.798,-0.0666,0.0206,0.0697,0.924,1.9196,-15.6322,-0.257,-1.3419,1.5226,-78.541,2.861,0.8939,42.754,0.1588,0.0043,0.0143,3.3286,1,2.9568,2.9821,nan,2.7339,2.8375,0.1124,0.2898,0.8000,0.0644,-0.0030,0.4549,17.3624,0.0600,-2.5299,0.1318
11.850,42.050,0.6114,-14.3378,-75.627,0.5909,-14.1495,-77.801,-0.1875,0.0268,0.1895,-2.174,1.9046,-15.6616,-0.764,-1.3338,1.4945,-77.036,2.760,1.0931,42.920,0.1897,0.0057,0.0499,8.8195,1,2.6903,1.6353,nan,2.6485,2.6511,0.1050,0.2525,0.8000,0.0684,0.0203,0.4549,17.3624,0.0800,-1.4591,0.1318
11.900,42.163,0.6420,-14.4472,-73.052,0.6444,-14.3725,-73.870,-0.0707,0.0241,0.0747,-0.818,1.9049,-15.6707,-0.689,-1.2760,1.2830,-73.181,2.658,1.0712,43.030,0.1489,0.0063,0.0196,3.1128,1,2.6545,2.6706,nan,2.3973,2.4296,0.0962,0.4866,0.8000,0.0563,-0.0504,0.6112,17.6617,0.0187,-3.3885,0.1318
11.950,42.340,0.7013,-14.6139,-66.778,0.6919,-14.4816,-67.608,-0.1253,0.0435,0.1326,-0.830,1.9152,-15.6561,-0.318,-1.2298,1.1677,-67.290,2.358,1.8055,43.200,0.1617,0.0240,0.0242,1.0074,1,2.9630,3.2738,nan,2.3165,2.3561,0.0933,0.4828,0.8000,0.0488,-0.0572,0.6575,17.7615,-0.0800,-5.6141,0.1318
12.000,42.435,0.7418,-14.7000,-62.609,0.7421,-14.5852,-62.487,-0.1018,0.0531,0.1148,0.122,1.9233,-15.6573,-0.032,-1.1817,1.0714,-62.454,2.287,1.7327,43.294,0.1529,0.0125,0.0280,2.2522,1,2.5866,2.3615,nan,2.2342,2.1721,0.0860,0.4762,0.8000,0.0667,0.0200,0.7160,17.8613,-0.0359,-3.0916,0.1318
12.050,42.530,0.7885,-14.7829,-58.493,0.7838,-14.6658,-59.265,-0.1023,0.0572,0.1172,-0.772,1.9092,-15.6815,-0.814,-1.1397,0.9996,-58.450,2.161,1.6272,43.387,0.1590,0.0028,0.0325,11.6208,1,2.3776,2.3513,nan,2.1567,2.1847,0.0865,0.5080,0.8000,0.0700,0.0328,0.7770,17.9611,0.0162,-4.3033,0.1318
12.100,42.624,0.8405,-14.8610,-54.200,0.8429,-14.7531,-54.823,-0.0861,0.0650,0.1079,-0.623,1.9092,-15.6815,-0.814,-1.0794,0.9132,-54.009,2.117,1.7125,43.482,0.1496,0.0065,0.0352,5.4569,1,2.2055,2.1903,nan,2.0820,2.1675,0.0858,0.6520,0.8000,0.0602,-0.0722,0.9059,18.1607,0.0495,-2.2070,0.1318
12.150,42.767,0.9313,-14.9713,-46.344,0.9341,-14.8786,-47.478,-0.0651,0.0660,0.0928,-1.134,1.9162,-15.7026,-0.679,-0.9918,0.8123,-46.799,2.046,2.1449,43.629,0.1542,0.0274,0.0288,1.0511,1,2.1443,2.1527,nan,2.0820,2.2140,0.0877,0.6534,0.8000,0.0650,0.0141,0.9059,18.1607,0.0764,-1.4752,0.1222
12.200,42.859,0.9979,-15.0348,-40.814,1.0092,-14.9622,-41.935,-0.0389,0.0623,0.0734,-1.121,1.9066,-15.7188,-1.088,-0.9116,0.7394,-40.847,2.043,2.1454,43.726,0.1393,0.0216,0.0216,1.0027,1,2.1580,2.1773,nan,2.0404,2.0561,0.0814,0.6965,0.8000,0.0523,-0.0431,1.0761,18.3602,0.0091,-0.7163,0.1222
12.250,42.950,1.0699,-15.0910,-35.040,1.0841,-15.0275,-35.910,-0.0249,0.0602,0.0651,-0.870,1.9076,-15.7282,-1.110,-0.8369,0.6846,-34.800,1.941,2.1878,43.819,0.1368,0.0145,0.0195,1.3428,1,2.2463,2.2816,nan,2.0387,1.9207,0.0761,0.7510,0.8000,0.0382,-0.0496,1.1808,18.4600,-0.0683,-3.2093,0.1222
12.300,43.027,1.1349,-15.1323,-29.785,1.1485,-15.0703,-31.455,-0.0190,0.0606,0.0635,-1.671,1.8995,-15.7384,-1.701,-0.7705,0.6455,-29.754,1.834,2.2308,43.896,0.1358,0.0047,0.0275,5.8852,1,2.0126,1.9712,nan,2.0305,2.0442,0.0810,0.7455,0.8000,0.0309,-0.0616,1.2010,18.5598,0.0079,-3.9688,0.1222
12.350,43.156,1.2514,-15.1873,-20.808,1.2873,-15.1351,-21.954,0.0150,0.0616,0.0634,-1.147,1.8995,-15.7384,-1.701,-0.6299,0.5848,-20.253,1.859,2.2512,44.037,0.1111,0.0311,0.0318,1.0234,1,1.9203,1.9215,nan,2.0385,2.1283,0.0843,0.7411,0.8000,0.0253,-0.0735,1.2030,18.6596,0.0520,-0.6359,0.1222
12.400,43.239,1.3296,-15.2127,-15.110,1.3633,-15.1606,-17.371,0.0189,0.0591,0.0621,-2.261,1.8832,-15.7415,-2.346,-0.5432,0.5592,-15.024,1.883,2.2280,44.128,0.1027,0.0205,0.0266,1.2936,1,1.9445,1.9636,nan,2.0303,2.0956,0.0830,0.7150,0.8000,0.0241,-0.0747,1.1982,18.7594,0.0378,-0.1532,0.1222
12.450,43.326,1.4147,-15.2310,-9.311,1.4445,-15.1825,-10.262,0.0216,0.0527,0.0569,-0.951,1.8823,-15.7401,-1.723,-0.4543,0.5442,-8.539,1.893,2.2132,44.221,0.0994,0.0143,0.0148,1.0377,1,2.0150,2.0442,nan,2.0384,2.0562,0.0814,0.7646,0.8000,0.0084,-0.0952,1.2032,18.8591,0.0103,0.8404,0.1222
12.500,43.446,1.5342,-15.2418,-0.955,1.5253,-15.1985,-3.312,-0.0096,0.0431,0.0442,-2.357,1.8700,-15.7451,-1.459,-0.3585,0.5376,-1.853,1.888,2.2695,44.351,0.1236,0.0317,0.0102,0.3223,1,1.8201,1.7934,nan,2.0303,2.1401,0.0848,0.7366,0.8000,0.0035,-0.1084,1.1979,18.9589,0.0800,-1.6002,0.1222
12.550,43.535,1.6233,-15.2386,5.190,1.6443,-15.2075,4.299,0.0237,0.0291,0.0375,-0.891,1.8733,-15.7559,-0.969,-0.2383,0.5445,5.268,1.908,2.2283,44.449,0.0941,0.0268,0.0206,0.7699,1,2.0931,2.2422,nan,2.0519,2.0206,0.0800,0.7132,0.8000,-0.0152,-0.0994,1.2033,19.0587,-0.0181,-0.2112,0.1222
12.600,43.614,1.7020,-15.2277,10.429,1.7186,-15.2019,9.847,0.0210,0.0223,0.0307,-0.582,1.8655,-15.7620,-0.793,-0.1546,0.5580,10.640,1.880,2.1539,44.532,0.0902,0.0144,0.0104,0.7251,1,2.1008,2.1186,nan,2.0993,2.0982,0.0831,0.7040,0.8000,-0.0283,-0.0957,1.1984,19.1585,-0.0007,-1.0621,0.1222
12.650,43.690,1.7757,-15.2108,15.366,1.7895,-15.1851,14.390,0.0201,0.0211,0.0292,-0.975,1.8655,-15.7620,-0.793,-0.0840,0.5758,15.183,1.909,2.0495,44.614,0.0934,0.0029,0.0012,0.4203,1,1.9604,1.9523,nan,2.1733,2.2690,0.0899,0.6430,0.8000,-0.0336,-0.1079,1.1351,19.2583,0.0554,0.0468,0.1222
12.700,43.829,1.9067,-15.1645,23.525,1.9333,-15.1372,22.529,0.0352,0.0144,0.0381,-0.996,1.8615,-15.7663,-0.834,0.0626,0.6300,23.363,2.050,2.0272,44.768,0.0822,0.0020,0.0117,5.9682,1,2.0344,2.0648,nan,2.2562,2.3060,0.0913,0.6167,0.8000,-0.0409,-0.1118,1.0144,19.3581,0.0288,3.6722,0.1222
12.750,43.920,1.9888,-15.1244,28.705,2.0090,-15.0938,27.357,0.0324,0.0172,0.0367,-1.347,1.8376,-15.7690,-1.281,0.1562,0.6789,28.638,2.095,2.0760,44.866,0.0772,0.0188,0.0120,0.6402,1,2.1984,2.2594,nan,2.3443,2.2962,0.0909,0.6248,0.8000,-0.0572,-0.1052,0.9064,19.4578,-0.0278,0.7768,0.1222
12.800,44.013,2.0679,-15.0763,33.966,2.0856,-15.0463,32.876,0.0314,0.0150,0.0348,-1.090,1.8277,-15.7744,-1.238,0.2421,0.7335,34.114,2.130,1.8951,44.964,0.0764,0.0118,0.0038,0.3231,1,2.3165,2.3611,nan,2.4366,2.3480,0.0930,0.5441,0.8000,-0.0547,-0.0938,0.8080,19.5576,-0.0513,-0.1730,0.1222
12.850,44.112,2.1481,-15.0171,38.825,2.1376,-15.0050,37.558,-0.0006,0.0161,0.0161,-1.268,1.8205,-15.7792,-1.160,0.3014,0.7805,38.717,2.218,1.6862,45.070,0.0860,0.0050,0.0041,0.8182,1,2.2118,2.2136,nan,2.5329,2.5800,0.1022,0.4740,0.8000,-0.0557,-0.0824,0.7147,19.6574,0.0272,2.6235,0.1222
12.900,44.263,2.2600,-14.9165,45.206,2.2749,-14.8876,44.004,0.0310,0.0098,0.0325,-1.203,1.8153,-15.7798,-1.355,0.4384,0.9029,45.358,2.399,1.7121,45.233,0.0806,0.0190,0.0108,0.5676,1,2.3246,2.3685,nan,2.6330,2.6534,0.1051,0.4527,0.8000,-0.0642,-0.0692,0.6243,19.7572,0.0118,3.7762,0.1222
12.950,44.373,2.3343,-14.8357,49.686,2.3598,-14.7925,48.747,0.0494,0.0085,0.0501,-0.939,1.8142,-15.7843,-1.158,0.5255,1.0026,49.905,2.474,1.7139,45.348,0.0902,0.0147,0.0098,0.6679,1,2.3757,2.4035,nan,2.7364,2.7787,0.1100,0.3847,0.8000,-0.0681,-0.0465,0.5367,19.8570,0.0245,1.8032,0.1222
13.000,44.490,2.4069,-14.7439,53.720,2.4156,-14.7232,52.877,0.0218,0.0052,0.0224,-0.843,1.8142,-15.7843,-1.158,0.5799,1.0731,54.035,2.611,1.3217,45.473,0.0823,0.0084,0.0033,0.3883,1,2.5097,2.5630,nan,2.9523,3.0392,0.1204,0.2511,0.8000,-0.0693,-0.0054,0.4531,19.9568,0.0503,2.9957,0.1222
13.050,44.601,2.4706,-14.6527,56.257,2.5017,-14.5965,56.363,0.0640,0.0053,0.0642,0.106,1.8280,-15.7880,-0.434,0.6647,1.1965,56.797,2.805,1.0397,45.594,0.0992,0.0013,0.0057,4.3938,1,2.6114,2.6542,nan,3.1737,3.3075,0.1310,0.2335,0.8007,-0.0775,-0.0298,0.2853,20.1563,0.0800,5.3522,0.1222
13.100,44.729,2.5397,-14.5443,58.935,2.5832,-14.4661,58.630,0.0894,0.0031,0.0895,-0.304,1.8293,-15.7926,-0.254,0.7480,1.3298,58.884,3.011,1.0911,45.734,0.1196,0.0015,0.0047,3.0772,1,2.8543,2.9796,nan,3.2823,3.2919,0.1304,0.0950,0.8752,-0.0815,-0.0267,0.1171,20.3559,0.0055,6.0486,0.1222
13.150,44.947,2.6480,-14.3556,60.505,2.6841,-14.2924,60.476,0.0728,-0.0004,0.0728,-0.029,1.8344,-15.7779,-0.468,0.8375,1.4924,60.945,3.201,-0.2317,45.960,0.0997,0.0031,0.0119,3.7699,1,3.1367,3.3406,nan,3.4837,3.4235,0.1356,-0.0516,0.9618,-0.0757,0.0265,0.0404,20.4557,-0.0348,3.2379,0.1222
13.200,45.103,2.7253,-14.2199,59.813,2.7675,-14.1464,59.009,0.0848,0.0005,0.0848,-0.804,1.8153,-15.7872,-0.766,0.9302,1.6534,59.775,3.298,-0.1340,46.121,0.1194,0.0023,0.0110,4.8196,1,3.1279,3.1518,nan,3.5691,3.5869,0.1421,0.0382,0.9591,-0.0995,-0.0642,-0.1108,20.6553,0.0103,2.6558,0.1222
13.250,45.234,2.7909,-14.1068,60.145,2.8236,-14.0525,59.260,0.0634,-0.0013,0.0634,-0.885,1.8188,-15.7993,-0.496,0.9896,1.7555,59.756,3.397,0.1664,46.257,0.1102,0.0002,0.0056,26.9470,1,3.2572,3.3165,nan,3.6201,3.6453,0.1444,-0.0026,0.9987,-0.1080,-0.0372,-0.2623,20.8548,0.0146,3.3063,0.1222
13.300,45.393,2.8696,-13.9691,60.127,2.9059,-13.9108,59.692,0.0686,-0.0024,0.0687,-0.435,1.8075,-15.8081,-0.642,1.0771,1.9095,60.334,3.486,-0.0602,46.420,0.1242,0.0001,0.0043,46.1930,1,3.4074,3.4768,nan,3.6756,3.7274,0.1476,-0.1135,1.0448,-0.1029,0.0628,-0.3815,21.0544,0.0800,2.1014,0.1222
13.350,45.634,2.9928,-13.7610,57.949,3.0418,-13.6985,57.184,0.0790,-0.0084,0.0794,-0.764,1.8018,-15.8169,-0.730,1.2129,2.1340,57.914,3.631,-0.6823,46.671,0.1390,0.0051,0.0166,3.2861,1,3.5140,3.5681,nan,3.7311,3.8554,0.1527,-0.1213,1.0903,-0.0967,0.0759,-0.3595,21.1542,0.0800,2.6883,0.1222
13.400,45.792,3.0782,-13.6283,56.263,3.1203,-13.5755,56.058,0.0673,-0.0057,0.0676,-0.205,1.8162,-15.8362,-0.132,1.2989,2.2637,56.190,3.700,-0.5711,46.833,0.1360,0.0029,0.0101,3.4418,1,3.5583,3.5956,nan,3.8638,3.9226,0.1554,-0.0451,1.1551,-0.1002,0.0553,-0.2777,21.3538,0.0341,2.0462,0.1222
13.450,45.953,3.1682,-13.4952,55.550,3.1898,-13.4715,55.441,0.0318,-0.0044,0.0321,-0.109,1.8292,-15.8565,0.381,1.3764,2.3759,55.060,3.763,-0.2616,46.998,0.1167,0.0001,0.0034,29.3987,1,3.6159,3.6570,nan,4.0132,4.0806,0.1616,-0.0462,1.1492,-0.0814,0.0882,-0.1969,21.5533,0.0391,1.9996,0.1222
13.501,46.211,3.3160,-13.2836,54.283,3.3514,-13.2367,55.098,0.0588,-0.0014,0.0588,0.815,1.8321,-15.8748,0.630,1.5482,2.6213,54.468,3.927,-0.4805,47.266,0.1487,0.0074,0.0208,2.7952,1,3.8139,3.9178,nan,4.1688,4.1647,0.1649,-0.0789,1.1368,-0.0467,0.1380,-0.1202,21.7529,-0.0023,1.0043,0.1222
13.550,46.405,3.4311,-13.1269,52.922,3.4536,-13.1005,53.177,0.0346,-0.0020,0.0346,0.255,1.8127,-15.8624,0.176,1.6493,2.7568,53.001,4.007,-0.4891,47.466,0.1279,0.0080,0.0115,1.4397,1,3.8059,3.8355,nan,4.3492,4.4657,0.1769,-0.0783,1.0859,-0.0192,0.1436,-0.0415,21.9524,0.0643,1.8521,0.1222
13.600,46.573,3.5333,-12.9939,51.758,3.5628,-12.9538,52.415,0.0498,0.0016,0.0498,0.657,1.8238,-15.8904,0.672,1.7734,2.9160,51.742,4.154,-0.4300,47.644,0.1540,0.0046,0.0129,2.8311,1,4.0137,4.1292,nan,4.3848,4.3091,0.1707,0.0146,1.0661,-0.0032,0.0921,0.0371,22.1520,-0.0391,4.6336,0.1222
13.650,46.757,3.6472,-12.8500,51.799,3.6627,-12.8323,51.744,0.0235,-0.0012,0.0235,-0.055,1.8117,-15.8969,0.527,1.8791,3.0475,51.216,4.172,0.1441,47.829,0.1413,0.0003,0.0039,14.0927,1,4.2308,4.3636,nan,4.0156,3.8923,0.1542,0.0747,1.0158,0.0168,0.0655,0.1135,22.3516,-0.0800,1.1734,0.1222
13.700,47.027,3.8121,-12.6352,53.634,3.7610,-12.7001,53.428,-0.0825,0.0027,0.0826,-0.207,1.8022,-15.9051,0.497,1.9866,3.1879,52.931,4.000,0.5421,48.087,0.0860,0.0167,0.0036,0.2142,1,4.2020,4.2328,nan,3.7861,3.8704,0.1533,0.0918,1.0020,0.0394,0.0801,0.1963,22.5511,0.0800,-4.8173,0.1222
13.750,47.215,3.9215,-12.4832,55.158,3.9372,-12.4584,55.277,0.0293,0.0013,0.0293,0.119,1.7791,-15.8859,0.001,2.1581,3.4274,55.277,3.858,0.4259,48.269,0.1546,0.0162,0.0246,1.5174,1,3.9278,3.8892,nan,3.6776,3.6680,0.1453,0.0606,0.9839,0.0611,0.0887,0.2774,22.7507,0.0800,-3.1234,0.1222
13.800,47.378,4.0137,-12.3488,56.053,4.0199,-12.3420,55.795,0.0092,-0.0013,0.0093,-0.258,1.7552,-15.8898,-0.289,2.2468,3.5593,56.084,3.731,0.4009,48.425,0.1519,0.0087,0.0101,1.1611,1,3.9246,3.9562,nan,3.4701,3.5154,0.1392,0.1506,0.9831,0.0715,0.0451,0.3543,22.9503,0.0262,-1.7298,0.1222
13.850,47.531,4.0979,-12.2207,57.902,4.0834,-12.2440,57.316,-0.0274,-0.0001,0.0274,-0.586,1.7449,-15.8890,-0.410,2.3124,3.6617,57.726,3.587,0.8455,48.571,0.1269,0.0022,0.0034,1.4948,1,3.6581,3.6168,nan,3.3714,3.4942,0.1384,0.2385,0.9164,0.0717,0.0114,0.3978,23.0501,0.0800,-4.4081,0.1222
13.900,47.697,4.1829,-12.0786,61.119,4.1637,-12.1113,60.432,-0.0379,0.0010,0.0379,-0.687,1.7514,-15.8812,-0.414,2.3850,3.7872,60.847,3.463,1.3399,48.732,0.1127,0.0035,0.0112,3.2160,1,3.4656,3.4559,nan,3.1861,3.2966,0.1306,0.2515,0.8681,0.0815,-0.0042,0.4809,23.2496,0.0640,-2.5073,0.1222
13.950,47.914,4.2803,-11.8844,66.194,4.2607,-11.9194,65.376,-0.0399,0.0038,0.0401,-0.819,1.7458,-15.8830,-0.492,2.4808,3.9851,65.868,3.193,1.4132,48.938,0.1167,0.0197,0.0120,0.6095,1,3.4062,3.4250,nan,3.0245,3.0173,0.1195,0.2827,0.8533,0.0909,-0.0067,0.5676,23.4492,-0.0042,-4.5146,0.1222
14.000,48.047,4.3310,-11.7607,69.598,4.3010,-11.8016,69.567,-0.0487,0.0138,0.0507,-0.031,1.7689,-15.9136,-0.019,2.5308,4.1129,69.586,3.042,1.4042,49.066,0.1208,0.0137,0.0283,2.0672,1,3.2826,3.2895,nan,2.9673,2.9875,0.1183,0.2973,0.8223,0.0964,0.0106,0.6108,23.5490,0.0117,-5.0560,0.1222
14.050,48.191,4.3769,-11.6247,73.430,4.3414,-11.6714,73.198,-0.0549,0.0207,0.0587,-0.232,1.7390,-15.9020,-0.404,2.5726,4.2488,73.602,2.954,1.3611,49.207,0.1218,0.0115,0.0350,3.0457,1,3.1246,3.1225,nan,2.9555,3.0173,0.1195,0.2916,0.8000,0.1092,-0.0450,0.7115,23.7486,0.0357,-3.2194,0.1222
14.100,48.323,4.4111,-11.4968,76.916,4.3798,-11.5245,76.704,-0.0341,0.0242,0.0418,-0.212,1.7490,-15.8887,-0.341,2.6048,4.3798,77.045,2.932,1.4075,49.368,0.1253,0.0077,0.0330,4.3117,1,2.9708,2.9677,nan,2.9437,3.0184,0.1195,0.3450,0.8000,0.1095,-0.0618,0.7702,23.8483,0.0432,-0.9091,0.1222
14.150,48.508,4.4446,-11.3157,82.565,4.4081,-11.3702,82.216,-0.0587,0.0292,0.0656,-0.349,1.7532,-15.8804,-0.325,2.6292,4.5252,82.541,2.924,1.6115,49.528,0.0954,0.0211,0.0505,2.3931,1,2.8110,2.8053,nan,3.0525,3.1310,0.1240,0.3902,0.8000,0.0985,-0.0688,0.8014,23.9481,0.0800,-0.8265,0.1156
14.200,48.640,4.4571,-11.1840,87.134,4.4325,-11.1983,86.039,-0.0155,0.0238,0.0284,-1.094,1.7021,-15.8459,-1.027,2.6467,4.6958,87.067,2.955,1.8133,49.665,0.1296,0.0183,0.0217,1.1860,1,2.9764,3.0481,nan,3.1983,3.2238,0.1277,0.4330,0.8000,0.0746,-0.1222,0.7116,24.1477,0.0147,0.4865,0.1156
14.250,48.777,4.4586,-11.0469,92.331,4.4387,-11.0531,90.894,-0.0054,0.0201,0.0208,-1.437,1.6956,-15.8370,-1.137,2.6477,4.8374,92.030,3.000,2.0479,49.810,0.1340,0.0176,0.0138,0.7857,1,3.0276,3.0615,nan,3.2780,3.2680,0.1294,0.4485,0.8243,0.0460,-0.1618,0.6180,24.3473,-0.0058,0.4032,0.1156
14.300,48.901,4.4488,-10.9237,97.297,4.4299,-10.9204,96.075,0.0056,0.0183,0.0191,-1.223,1.6947,-15.8293,-1.166,2.6348,4.9635,97.240,3.031,2.0947,49.941,0.1377,0.0161,0.0187,1.1563,1,3.0598,3.0902,nan,3.4442,3.5037,0.1388,0.4160,0.8672,0.0191,-0.1619,0.5350,24.5468,0.0345,0.2055,0.1156
14.350,49.117,4.4073,-10.7112,105.245,4.3816,-10.6729,104.626,0.0437,0.0147,0.0461,-0.618,1.7289,-15.8414,-0.798,2.5805,5.2049,105.424,3.256,1.9438,50.180,0.1692,0.0252,0.0195,0.7728,1,3.0817,3.1103,nan,3.6195,3.7251,0.1475,0.3775,0.8920,-0.0045,-0.1069,0.4928,24.6466,0.0800,2.6172,0.1156
14.400,49.267,4.3624,-10.5686,110.322,4.3259,-10.5384,109.507,0.0410,0.0237,0.0474,-0.815,1.7390,-15.8704,-0.642,2.5270,5.3607,110.149,3.381,1.9054,50.344,0.1845,0.0239,0.0183,0.7662,1,3.3080,3.4276,nan,3.8033,3.9073,0.1547,0.3228,0.9942,-0.0270,-0.1050,0.4194,24.8462,0.0602,2.9554,0.1156
14.450,49.409,4.3088,-10.4370,114.433,4.2739,-10.4019,114.273,0.0464,0.0172,0.0495,-0.160,1.7572,-15.8725,-0.495,2.4694,5.4922,114.768,3.539,1.5008,50.500,0.1858,0.0167,0.0180,1.0765,1,3.5751,3.7505,nan,3.9953,4.0143,0.1590,0.2324,1.1168,-0.0323,-0.0744,0.3469,25.0457,0.0110,4.4268,0.1156
14.500,49.663,4.1939,-10.2105,119.596,4.1844,-10.2261,117.904,-0.0088,0.0160,0.0183,-1.691,1.7915,-15.8915,-0.148,2.3782,5.6715,118.052,3.710,1.3009,50.777,0.1334,0.0223,0.0140,0.6284,1,3.6384,3.6814,nan,4.2764,4.4120,0.1747,0.2134,1.1981,-0.0663,-0.1089,0.2391,25.3451,0.0800,4.5273,0.1156
14.550,49.848,4.0980,-10.0518,123.110,4.0382,-9.9884,123.249,0.0857,0.0154,0.0871,0.139,1.8241,-15.9076,0.149,2.2296,5.9134,123.100,4.029,1.1882,50.977,0.2304,0.0239,0.0240,1.0012,1,3.9274,4.1925,nan,4.3649,4.3550,0.1725,0.1459,1.2804,-0.0779,-0.0777,0.2017,25.4449,-0.0052,5.9347,0.1156
14.600,50.028,3.9970,-9.9033,125.480,3.9362,-9.8483,124.965,0.0801,0.0176,0.0820,-0.515,1.7666,-15.8896,-0.381,2.1293,6.0556,125.346,4.123,0.8463,51.164,0.2244,0.0168,0.0222,1.3233,1,4.1216,4.2295,nan,4.5351,4.5116,0.1787,0.0830,1.3041,-0.0865,-0.0499,0.1334,25.6444,-0.0119,2.8462,0.1156
14.650,50.204,3.8930,-9.7612,126.829,3.8143,-9.6834,126.902,0.1095,0.0164,0.1107,0.073,1.7767,-15.8939,-0.270,2.0083,6.2201,127.172,4.258,0.4566,51.350,0.2520,0.0083,0.0249,3.0099,1,4.2977,4.4024,nan,4.7756,4.8073,0.1904,0.0607,1.3041,-0.1065,-0.0590,0.0252,25.9438,0.0155,3.4165,0.1156
14.700,50.387,3.7821,-9.6157,127.823,3.7042,-9.5350,127.330,0.1115,0.0121,0.1121,-0.493,1.7469,-15.8877,-0.595,1.8912,6.3727,127.926,4.431,0.4157,51.545,0.2611,0.0081,0.0146,1.8053,1,4.4344,4.5226,nan,5.0007,5.1036,0.2021,0.0213,1.3041,-0.1239,-0.0594,-0.0464,26.1434,0.0490,5.3068,0.1156
14.750,50.704,3.5856,-9.3663,128.215,3.5320,-9.3201,127.824,0.0695,0.0135,0.0708,-0.392,1.7379,-15.8882,-0.638,1.7210,6.5877,128.461,4.743,-0.2560,51.887,0.2186,0.0105,0.0246,2.3394,1,4.5640,4.6541,nan,5.0922,5.1716,0.2048,-0.0371,1.3041,-0.1407,-0.0181,-0.1542,26.4427,0.0369,3.1339,0.1156
14.800,50.926,3.4492,-9.1918,127.494,3.3138,-9.0332,126.841,0.2083,0.0109,0.2086,-0.653,1.7346,-15.8886,-0.678,1.4980,6.8736,127.519,4.870,-0.2548,52.119,0.3577,0.0102,0.0492,4.8153,1,4.7604,4.9113,nan,5.0874,5.2034,0.2061,-0.0274,1.3041,-0.1539,-0.0101,-0.2524,26.7421,0.0800,3.5817,0.1156
14.850,51.162,3.3061,-9.0041,126.900,3.2214,-8.8992,125.892,0.1347,0.0047,0.1348,-1.008,1.7082,-15.8920,-1.004,1.3905,7.0182,126.896,4.956,-0.3112,52.362,0.3026,0.0121,0.0356,2.9391,1,5.0155,5.2923,nan,5.1221,5.2032,0.2061,-0.0717,1.3133,-0.1553,0.0278,-0.2567,26.9416,0.0374,2.3609,0.1156
14.900,51.371,3.1818,-8.8360,125.627,3.1165,-8.7422,124.368,0.1143,-0.0016,0.1143,-1.259,1.6951,-15.9097,-1.292,1.2595,7.1978,125.661,4.999,-0.6292,52.577,0.3159,0.0090,0.0218,2.4170,1,4.9427,4.9736,nan,5.2003,5.3181,0.2106,-0.0969,1.3212,-0.1517,0.0580,-0.2471,27.1412,0.0541,1.1200,0.1156
14.950,51.704,2.9933,-8.5612,122.763,2.9788,-8.5148,121.661,0.0469,-0.0129,0.0486,-1.102,1.7138,-15.9273,-1.291,1.0977,7.4391,122.952,5.085,-0.7663,52.920,0.2738,0.0218,0.0261,1.1975,1,5.0445,5.1405,nan,5.2594,5.2986,0.2098,-0.0965,1.3330,-0.1502,0.0713,-0.2317,27.4406,0.0174,1.7209,0.1156
15.000,51.913,2.8823,-8.3841,120.963,2.8559,-8.2981,119.599,0.0873,-0.0216,0.0899,-1.364,1.7090,-15.9322,-1.389,0.9616,7.6596,120.987,5.109,-0.7700,53.133,0.3239,0.0134,0.0251,1.8770,1,5.1835,5.3103,nan,5.3940,5.4177,0.2146,-0.0937,1.3377,-0.1466,0.0657,-0.2257,27.6401,0.0103,0.6653,0.1156
15.050,52.150,2.7634,-8.1796,118.977,2.7453,-8.0943,117.699,0.0834,-0.0254,0.0872,-1.278,1.7382,-15.9497,-1.211,0.8409,7.8748,118.910,5.172,-0.7644,53.377,0.3343,0.0110,0.0183,1.6648,1,5.2258,5.2991,nan,5.4672,5.4928,0.2175,-0.1133,1.3530,-0.1314,0.0893,-0.2056,27.9395,0.0109,0.3845,0.1156
15.100,52.368,2.6602,-7.9869,116.803,2.6514,-7.9180,116.840,0.0654,-0.0233,0.0695,0.037,1.8633,-15.9682,-0.296,0.7466,8.0542,117.136,5.231,-0.9174,53.603,0.3183,0.0047,0.0122,2.5878,1,5.1452,5.1762,nan,5.5395,5.6759,0.2248,-0.1347,1.3592,-0.1097,0.0975,-0.1986,28.1390,0.0590,0.9374,0.1156
15.150,52.734,2.5055,-7.6550,112.337,2.4860,-7.5272,112.467,0.1256,-0.0305,0.1293,0.130,1.9309,-15.9713,0.134,0.5748,8.4428,112.333,5.387,-1.3044,53.989,0.3768,0.0202,0.0367,1.8124,1,5.2258,5.3175,nan,5.6921,5.8617,0.2321,-0.1582,1.3742,-0.0655,0.1304,-0.1801,28.5382,0.0718,1.0322,0.1156
15.200,52.979,2.4178,-7.4267,108.918,2.4242,-7.2855,109.201,0.1315,-0.0518,0.1413,0.282,1.9528,-15.9466,0.170,0.4971,8.6596,109.031,5.479,-1.2766,54.247,0.3623,0.0116,0.0122,1.0539,1,5.3633,5.4985,nan,5.7708,5.8934,0.2334,-0.1364,1.3802,-0.0575,0.0852,-0.1728,28.7377,0.0506,2.2377,0.1156
15.250,53.238,2.3392,-7.1794,105.768,2.3483,-7.0323,106.207,0.1390,-0.0488,0.1473,0.438,1.9870,-15.9484,0.390,0.4221,8.9134,105.817,5.559,-1.1220,54.517,0.3667,0.0088,0.0147,1.6712,1,5.5687,5.7960,nan,5.9303,6.0054,0.2378,-0.1241,1.3923,-0.0521,0.0847,-0.1583,29.1369,0.0298,2.0507,0.1156
15.300,53.457,2.2833,-6.9681,103.336,2.2759,-6.7761,104.275,0.1886,-0.0370,0.1922,0.939,2.0919,-15.9381,1.108,0.3612,9.1567,103.167,5.639,-1.0824,54.746,0.3982,0.0076,0.0312,4.1262,1,5.6596,5.7752,nan,6.0541,6.1456,0.2434,-0.1350,1.4007,-0.0262,0.0889,-0.1485,29.4362,0.0357,2.3729,0.1156
15.350,53.857,2.2048,-6.5757,98.534,2.2021,-6.4196,99.658,0.1548,-0.0205,0.1561,1.124,2.0862,-15.9869,1.029,0.2878,9.5637,98.628,5.806,-1.2491,55.169,0.4099,0.0114,0.0211,1.8474,1,5.5807,5.6174,nan,6.1370,6.3338,0.2508,-0.1388,1.4084,0.0056,0.0826,-0.1395,29.6358,0.0800,1.5243,0.1156
15.400,54.115,2.1721,-6.3199,95.406,2.1771,-6.1758,95.982,0.1430,-0.0185,0.1442,0.576,1.9961,-15.9963,0.463,0.2604,9.8187,95.519,5.909,-1.1532,55.441,0.4073,0.0081,0.0143,1.7671,1,5.8280,6.1829,nan,6.2635,6.3719,0.2524,-0.1244,1.4049,0.0177,0.0409,-0.1277,29.9352,0.0410,2.5702,0.1156
15.450,54.389,2.1520,-6.0468,92.402,2.1610,-5.9048,93.380,0.1415,-0.0150,0.1423,0.978,2.0861,-16.0252,0.955,0.2436,10.1177,92.425,5.996,-1.0432,55.728,0.4306,0.0060,0.0189,3.1717,1,6.0297,6.2920,nan,6.4107,6.4709,0.2563,-0.1093,1.3963,0.0183,0.0264,-0.1181,30.3343,0.0220,2.0777,0.1156
15.500,54.783,2.1467,-5.6530,88.575,2.1547,-5.5439,90.008,0.1093,-0.0053,0.1094,1.433,2.1494,-16.0434,1.296,0.2429,10.4967,88.712,6.117,-1.0399,56.140,0.4152,0.0100,0.0280,2.7893,1,6.1923,6.4061,nan,6.4965,6.5218,0.2583,-0.1096,1.3906,0.0202,0.0117,-0.1217,30.5338,0.0091,2.3040,0.1156
15.550,55.059,2.1587,-5.3767,85.883,2.1661,-5.2462,87.363,0.1307,0.0020,0.1308,1.480,2.1799,-16.0715,1.459,0.2619,10.8222,85.904,6.177,-1.0482,56.427,0.4601,0.0083,0.0167,2.0064,1,6.2307,6.3348,nan,6.5606,6.6547,0.2636,-0.1092,1.3823,0.0209,0.0175,-0.1333,30.9330,0.0339,1.4498,0.1156
15.600,55.333,2.1833,-5.1040,83.234,2.1843,-4.9893,85.673,0.1140,0.0125,0.1147,2.439,2.3599,-16.0876,2.408,0.2910,11.0959,83.265,6.261,-1.0164,56.714,0.4598,0.0054,0.0379,6.9670,1,6.3533,6.5316,nan,6.5969,6.6553,0.2636,-0.1021,1.3771,0.0172,-0.0059,-0.1391,31.1326,0.0207,2.1618,0.1156
15.650,55.635,2.2246,-4.8048,80.486,2.2271,-4.6671,82.004,0.1362,0.0203,0.1377,1.518,2.1927,-16.0939,1.531,0.3398,11.4218,80.473,6.319,-1.0144,57.027,0.4838,0.0044,0.0224,5.0741,1,6.3764,6.4760,nan,6.5374,6.5981,0.2613,-0.1064,1.3683,0.0244,0.0172,-0.1462,31.5317,0.0218,1.5063,0.1156
15.700,56.040,2.3025,-4.4079,76.749,2.2828,-4.3773,78.298,0.0252,0.0262,0.0364,1.549,2.1646,-16.1036,1.385,0.4015,11.7199,76.913,6.309,-0.9858,57.437,0.3935,0.0267,0.0160,0.5977,1,6.4671,6.6203,nan,6.3480,6.4529,0.2556,-0.1009,1.3614,0.0083,-0.0032,-0.1536,31.8310,0.0391,0.1634,0.1156
15.750,56.329,2.3738,-4.1273,74.136,2.3618,-4.0227,76.127,0.0973,0.0401,0.1052,1.990,2.2810,-16.1330,1.981,0.4993,12.1002,74.146,6.282,-0.9818,57.729,0.4824,0.0239,0.0303,1.2661,1,6.3548,6.3880,nan,6.2074,6.3638,0.2520,-0.1011,1.3530,0.0008,-0.0066,-0.1576,32.1304,0.0603,-0.7999,0.1156
15.800,56.611,2.4553,-3.8579,71.612,2.4354,-3.7923,73.654,0.0560,0.0396,0.0686,2.043,2.2993,-16.1743,2.083,0.5860,12.3689,71.572,6.229,-0.9882,58.010,0.4806,0.0185,0.0287,1.5532,1,6.4095,6.5320,nan,6.0632,6.0639,0.2402,-0.1053,1.3432,0.0003,-0.0038,-0.1702,32.4297,0.0003,-1.1188,0.1156
15.850,56.888,2.5472,-3.5965,69.025,2.5102,-3.6010,70.393,-0.0174,0.0329,0.0372,1.368,2.1482,-16.2051,1.389,0.6674,12.5916,69.005,6.098,-0.9605,58.279,0.4453,0.0120,0.0297,2.4843,1,6.2188,6.2114,nan,5.9703,6.0284,0.2387,-0.0997,1.3432,-0.0179,-0.0101,-0.1766,32.6293,0.0228,-3.3911,0.1156
15.900,57.262,2.6895,-3.2505,65.947,2.6623,-3.2370,66.601,0.0013,0.0303,0.0304,0.654,2.0548,-16.2087,0.954,0.8234,12.9598,65.647,5.983,-0.6952,58.648,0.4638,0.0292,0.0269,0.9227,1,5.9940,5.9639,nan,5.8721,6.0364,0.2391,-0.0749,1.3432,-0.0431,-0.0162,-0.1822,32.9287,0.0672,-2.6119,0.1156
15.950,57.530,2.8017,-3.0070,64.163,2.7813,-3.0115,63.980,-0.0129,0.0164,0.0208,-0.183,1.7939,-16.1896,-0.259,0.9278,13.1825,64.239,5.933,-0.6309,58.914,0.4452,0.0183,0.0122,0.6692,1,5.8555,5.8707,nan,5.7270,5.8852,0.2331,-0.0615,1.3432,-0.0605,-0.0122,-0.1911,33.2280,0.0664,-1.8734,0.1156
16.000,57.807,2.9250,-2.7592,62.640,2.9160,-2.7751,62.738,-0.0182,0.0007,0.0182,0.098,1.8849,-16.2239,0.135,1.0628,13.4463,62.603,5.840,-0.5552,59.186,0.4584,0.0095,0.0065,0.6840,1,5.9513,6.0835,nan,5.6345,5.6403,0.2234,-0.0618,1.3432,-0.0770,0.0161,-0.2013,33.5274,0.0024,-1.9948,0.1156
16.050,58.055,3.0411,-2.5399,61.258,3.0288,-2.5709,61.204,-0.0331,-0.0041,0.0333,-0.054,1.8394,-16.2169,-0.073,1.1720,13.6475,61.277,5.719,-0.5584,59.426,0.4421,0.0023,0.0030,1.2858,1,5.8519,5.8845,nan,5.6953,5.7509,0.2278,-0.0629,1.3432,-0.0802,0.0418,-0.2085,33.7269,0.0229,-3.7697,0.1156
16.100,58.288,3.1552,-2.3361,59.958,3.1507,-2.3521,60.281,-0.0161,-0.0042,0.0166,0.323,1.9454,-16.2240,0.371,1.2951,13.8638,59.909,5.674,-0.5536,59.658,0.4524,0.0019,0.0045,2.3893,1,5.6292,5.6027,nan,5.6470,5.5090,0.2182,-0.0452,1.3238,-0.0676,0.0695,-0.1705,34.0263,-0.0548,-1.3585,0.1156
16.150,58.690,3.3606,-1.9911,58.457,3.3295,-2.0421,58.698,-0.0598,-0.0002,0.0598,0.242,1.9223,-16.2302,0.322,1.4868,14.1800,58.377,5.465,-0.2754,60.044,0.4272,0.0180,0.0039,0.2189,1,5.5773,5.6227,nan,5.2848,5.3099,0.2103,-0.0333,1.2589,-0.0443,0.0892,-0.0890,34.3256,0.0111,-0.9380,0.1156
16.200,58.912,3.4775,-1.8026,57.817,3.4540,-1.8417,57.939,-0.0456,-0.0009,0.0456,0.123,1.8734,-16.2227,0.119,1.6105,14.3776,57.820,5.360,-0.2836,60.259,0.4346,0.0048,0.0001,0.0287,1,5.4501,5.4686,nan,4.9166,5.0382,0.1995,-0.0425,1.2003,-0.0054,0.1079,-0.0015,34.6250,0.0592,-3.1883,0.1109
16.250,59.164,3.6135,-1.5896,56.902,3.5815,-1.6521,56.743,-0.0699,-0.0073,0.0702,-0.159,1.8142,-16.2143,-0.135,1.7330,14.5663,56.878,5.174,-0.2176,60.498,0.4142,0.0032,0.0134,4.2457,1,5.4433,5.5025,nan,4.6775,4.6012,0.1822,-0.0022,1.1598,0.0170,0.0852,0.0536,34.8246,-0.0370,-2.1247,0.1109
16.300,59.381,3.7317,-1.4087,56.840,3.6810,-1.4949,56.982,-0.0999,-0.0047,0.1000,0.142,1.8933,-16.2173,0.172,1.8319,14.7170,56.810,4.894,0.0741,60.695,0.3911,0.0000,0.0328,709.9383,1,5.1336,5.0413,nan,4.4486,4.4306,0.1755,0.0621,1.1226,0.0248,0.0544,0.1092,35.0241,-0.0093,-6.8495,0.1109
16.350,59.687,3.8968,-1.1505,58.395,3.8671,-1.2075,58.635,-0.0642,-0.0046,0.0643,0.240,1.9285,-16.1931,0.223,1.9969,14.9779,58.412,4.573,0.4753,60.980,0.3937,0.0155,0.0024,0.1525,1,4.7325,4.4678,nan,4.2298,4.3110,0.1707,0.0748,1.0831,0.0458,0.0569,0.1609,35.2237,0.0456,-6.9904,0.1109
16.400,59.893,4.0034,-0.9737,59.787,3.9556,-1.0510,59.770,-0.0909,0.0024,0.0909,-0.016,1.8628,-16.1955,0.008,2.0950,15.1441,59.762,4.413,0.5294,61.176,0.3867,0.0096,0.0104,1.0812,1,4.5740,4.5786,nan,4.0229,4.0050,0.1586,0.0833,1.0702,0.0675,0.0535,0.2438,35.5230,-0.0103,-4.5071,0.1109
16.450,60.074,4.0929,-0.8169,61.118,4.0502,-0.8879,60.961,-0.0827,0.0031,0.0828,-0.157,1.8400,-16.1813,-0.109,2.1812,15.2976,61.070,4.201,0.5976,61.344,0.3847,0.0020,0.0233,11.8480,1,4.3582,4.3418,nan,3.9236,3.9536,0.1566,0.1351,1.0702,0.0822,0.0259,0.3029,35.7226,0.0174,-4.1180,0.1109
16.500,60.255,4.1782,-0.6571,63.231,4.1324,-0.7249,63.240,-0.0812,0.0104,0.0818,0.009,1.8811,-16.1847,0.046,2.2636,15.4580,63.194,4.044,0.8647,61.517,0.3863,0.0042,0.0344,8.1999,1,4.0982,4.0638,nan,3.6457,3.6234,0.1435,0.2151,1.0702,0.0848,-0.0091,0.3613,35.9222,-0.0129,-4.7120,0.1109
16.550,60.525,4.2914,-0.4123,67.910,4.2340,-0.4794,68.292,-0.0838,0.0279,0.0883,0.382,1.9181,-16.1798,0.178,2.3648,15.6931,68.114,3.707,1.1733,61.769,0.3820,0.0239,0.0385,1.6102,1,3.8894,3.8791,nan,3.5611,3.6152,0.1432,0.2016,1.0406,0.0982,0.0189,0.3947,36.0220,0.0313,-4.4583,0.1109
16.600,60.682,4.3475,-0.2654,70.759,4.2927,-0.3449,69.555,-0.0931,0.0256,0.0966,-1.204,1.4935,-16.1137,-1.398,2.4137,15.8324,70.952,3.609,1.1529,61.922,0.3782,0.0139,0.0252,1.8182,1,3.6919,3.6838,nan,3.4024,3.4515,0.1367,0.2072,0.9877,0.1155,0.0248,0.4530,36.2215,0.0284,-3.2198,0.1109
16.650,60.848,4.3986,-0.1071,73.842,4.3523,-0.1771,72.474,-0.0801,0.0250,0.0839,-1.368,1.4675,-16.0962,-1.521,2.4611,15.9900,73.996,3.480,1.1698,62.083,0.3792,0.0099,0.0261,2.6396,1,3.4439,3.4141,nan,3.3357,3.4569,0.1369,0.2851,0.9214,0.1012,-0.0448,0.5199,36.4211,0.0800,-3.8014,0.1109
16.700,61.064,4.4502,0.1019,79.320,4.4023,0.0211,77.621,-0.0883,0.0321,0.0939,-1.699,1.4675,-16.0962,-1.521,2.5059,16.1895,79.143,3.352,1.7602,62.296,0.3738,0.0147,0.0593,4.0202,1,3.3538,3.3672,nan,3.2684,3.3741,0.1336,0.3499,0.8973,0.0877,-0.0983,0.5942,36.6207,0.0612,-2.4671,0.1109
16.750,61.223,4.4737,0.2593,84.302,4.4406,0.2023,82.629,-0.0600,0.0273,0.0659,-1.673,1.4105,-16.0504,-1.784,2.5226,16.3392,84.413,3.287,1.7137,62.456,0.3702,0.0282,0.0319,1.1321,1,3.3755,3.4066,nan,3.2949,3.2697,0.1295,0.3272,0.9031,0.0828,-0.1002,0.6553,36.8202,-0.0146,-2.5570,0.1109
16.800,61.366,4.4832,0.4017,88.503,4.4661,0.3370,86.348,-0.0651,0.0154,0.0669,-2.154,1.3980,-16.0340,-1.882,2.5289,16.4630,88.230,3.216,1.6816,62.598,0.3556,0.0164,0.0237,1.4479,1,3.2624,3.2710,nan,3.4168,3.4977,0.1385,0.3745,0.8844,0.0534,-0.0835,0.6273,36.9200,0.0468,-2.5925,0.1109
16.850,61.492,4.4827,0.5282,92.643,4.4729,0.5070,90.918,-0.0207,0.0108,0.0234,-1.726,1.4068,-16.0327,-1.871,2.5246,16.6310,92.788,3.262,1.9174,62.731,0.3937,0.0143,0.0180,1.2597,1,3.3710,3.4238,nan,3.5633,3.5121,0.1391,0.3762,0.9690,0.0109,-0.1664,0.5065,37.2194,-0.0297,1.1345,0.1109
16.900,61.726,4.4571,0.7611,100.336,4.4483,0.7610,98.379,0.0015,0.0087,0.0088,-1.957,1.3217,-16.0048,-2.176,2.4879,16.8724,100.555,3.365,1.8155,62.978,0.4064,0.0262,0.0105,0.3996,1,3.2887,3.3029,nan,3.6422,3.6949,0.1463,0.3452,0.9616,-0.0016,-0.1104,0.4726,37.3191,0.0305,0.5095,0.1109
16.950,61.886,4.4224,0.9174,105.277,4.4166,0.9140,103.706,-0.0017,0.0065,0.0067,-1.572,1.4654,-16.0272,-1.693,2.4492,17.0210,105.399,3.443,1.8609,63.147,0.4017,0.0215,0.0054,0.2521,1,3.4862,3.5833,nan,3.8943,3.9583,0.1568,0.3430,1.0557,-0.0397,-0.1065,0.4050,37.5187,0.0371,2.8022,0.1109
17.000,62.027,4.3811,1.0516,109.618,4.3775,1.0379,108.792,-0.0117,0.0080,0.0142,-0.826,1.7804,-16.0927,-0.642,2.4051,17.1586,109.433,3.565,1.9149,63.301,0.4061,0.0157,0.0144,0.9155,1,3.4038,3.4198,nan,3.9825,4.0667,0.1611,0.2658,1.0502,-0.0403,-0.0493,0.3698,37.6185,0.0800,3.2597,0.1109
17.050,62.199,4.3179,1.2115,113.787,4.3105,1.2119,112.603,0.0033,0.0066,0.0074,-1.184,1.5742,-16.0694,-1.351,2.3281,17.3410,113.954,3.740,1.3828,63.487,0.4324,0.0118,0.0037,0.3139,1,3.6687,3.8667,nan,4.2570,4.3906,0.1739,0.1572,1.1934,-0.0494,-0.0257,0.2739,37.9179,0.0800,1.8915,0.1109
17.100,62.353,4.2529,1.3514,116.104,4.2416,1.3628,115.835,0.0152,0.0051,0.0161,-0.270,1.6389,-16.0670,-1.118,2.2620,17.4773,116.953,3.951,0.9632,63.657,0.4299,0.0134,0.0101,0.7573,1,3.8434,3.9315,nan,4.4327,4.5580,0.1805,0.1463,1.2949,-0.0677,-0.0546,0.2130,38.1174,0.0680,5.3971,0.1109
17.150,62.642,4.1181,1.6066,119.683,4.0916,1.6319,119.579,0.0351,0.0105,0.0366,-0.103,1.9571,-16.1244,-0.078,2.1102,17.7592,119.657,4.278,0.8154,63.969,0.4615,0.0074,0.0087,1.1787,1,4.0198,4.1121,nan,4.5997,4.7179,0.1868,0.1231,1.3964,-0.0945,-0.0730,0.1535,38.3170,0.0616,4.0857,0.1109
17.200,62.833,4.0206,1.7716,121.732,3.9671,1.8291,122.001,0.0770,0.0153,0.0786,0.269,2.0551,-16.1372,0.253,1.9912,17.9576,121.748,4.426,0.6269,64.172,0.5013,0.0088,0.0139,1.5860,1,4.2799,4.4825,nan,4.8359,4.9418,0.1957,0.0765,1.4058,-0.0956,-0.0546,0.0581,38.6163,0.0523,3.8931,0.1109
17.250,63.028,3.9166,1.9356,123.032,3.8734,1.9745,123.051,0.0562,0.0150,0.0582,0.019,1.9054,-16.1298,-0.249,1.8893,18.1127,123.301,4.593,0.4403,64.379,0.4926,0.0080,0.0171,2.1373,1,4.5308,4.7416,nan,5.0573,5.1446,0.2037,0.0403,1.3911,-0.0979,-0.0296,-0.0026,38.8159,0.0409,4.9805,0.1109
17.301,63.359,3.7330,2.2114,124.241,3.6888,2.2512,123.898,0.0577,0.0142,0.0594,-0.343,1.8874,-16.1316,-0.311,1.7015,18.3923,124.210,4.836,0.2967,64.730,0.4980,0.0080,0.0106,1.3170,1,4.6581,4.7512,nan,5.1611,5.2358,0.2074,0.0396,1.2523,-0.1122,-0.0154,-0.0727,39.1153,0.0342,4.6855,0.1109
17.350,63.564,3.6165,2.3806,124.958,3.5603,2.4423,124.273,0.0828,0.0107,0.0835,-0.685,1.7741,-16.1292,-0.687,1.5636,18.5916,124.960,4.926,0.3257,64.943,0.5349,0.0115,0.0119,1.0400,1,4.8889,5.0908,nan,4.9273,4.7699,0.1889,0.0474,1.1757,-0.1169,0.0026,-0.0988,39.3148,-0.0800,2.9243,0.1109
17.400,63.783,3.4897,2.5592,125.862,3.4494,2.6018,124.750,0.0582,0.0077,0.0587,-1.112,1.6391,-16.1277,-1.128,1.4413,18.7615,125.877,4.819,0.3514,65.155,0.5251,0.0139,0.0140,1.0057,1,5.0426,5.1754,nan,4.5622,4.6878,0.1857,0.0483,1.0724,-0.1128,0.0480,-0.1314,39.6142,0.0662,-2.9006,0.1109
17.450,64.002,3.3601,2.7359,126.802,3.3398,2.7577,125.280,0.0296,0.0032,0.0298,-1.523,1.5185,-16.1219,-1.512,1.3226,18.9211,126.792,4.701,0.3395,65.366,0.5048,0.0137,0.0123,0.8989,1,4.9666,4.9971,nan,4.2830,4.2518,0.1684,0.0466,1.0087,-0.1021,0.0865,-0.1415,39.8138,-0.0167,-2.5442,0.1109
17.500,64.296,3.1822,2.9688,128.168,3.1981,2.9621,126.227,-0.0151,-0.0084,0.0173,-1.940,1.4401,-16.1296,-1.805,1.1556,19.1376,128.033,4.322,0.4401,65.635,0.4851,0.0100,0.0098,0.9825,1,4.6905,4.6352,nan,3.9991,3.9792,0.1576,0.0655,0.9457,-0.0825,0.1128,-0.0251,40.0133,-0.0114,-6.9425,0.1109
17.550,64.485,3.0636,3.1171,129.287,3.0868,3.1081,128.574,-0.0216,-0.0122,0.0249,-0.713,1.7863,-16.1548,-0.771,1.0413,19.2786,129.344,4.134,0.4414,65.813,0.4766,0.0281,0.0106,0.3785,1,4.3165,4.1497,nan,3.8611,3.9711,0.1573,0.0728,0.9131,-0.0682,0.1328,0.0413,40.1131,0.0800,-5.5908,0.1109
17.600,64.661,2.9516,3.2517,130.419,2.9842,3.2353,129.896,-0.0337,-0.0142,0.0365,-0.523,1.8781,-16.1614,-0.509,0.9337,19.4057,130.405,4.021,0.4261,65.982,0.4679,0.0191,0.0033,0.1745,1,3.9674,3.8576,nan,3.5960,3.6669,0.1452,0.0552,0.8484,-0.0384,0.1518,0.1598,40.3127,0.0800,-3.4538,0.1109
17.650,64.813,2.8518,3.3675,131.189,2.9093,3.3222,130.950,-0.0719,-0.0134,0.0732,-0.239,1.8781,-16.1614,-0.509,0.8581,19.4920,131.459,3.837,0.3250,66.124,0.4302,0.0125,0.0112,0.9001,1,3.9883,4.0247,nan,3.3490,3.2802,0.1299,0.1055,0.8516,-0.0089,0.1345,0.2797,40.5122,-0.0398,-3.3744,0.1109
17.700,65.073,2.6774,3.5598,133.786,2.7411,3.4831,134.031,-0.0995,0.0071,0.0997,0.245,2.2389,-16.1995,0.545,0.6892,19.6769,133.487,3.437,0.8686,66.362,0.4210,0.0110,0.0205,1.8618,1,3.6227,3.4833,nan,3.2319,3.3236,0.1316,0.1621,0.8000,0.0053,0.1110,0.3428,40.6120,0.0531,-3.5687,0.1109
17.750,65.239,2.5605,3.6773,136.147,2.6091,3.6045,137.052,-0.0855,0.0188,0.0875,0.906,2.3341,-16.1999,0.842,0.5659,19.7983,136.211,3.333,0.6054,66.522,0.4276,0.0336,0.0380,1.1323,1,3.4599,3.4592,nan,3.1192,3.1972,0.1266,0.0689,0.8000,0.0577,0.1270,0.4624,40.8116,0.0452,-3.0179,0.1109
17.800,65.374,2.4626,3.7699,137.017,2.5137,3.7077,137.038,-0.0797,0.0107,0.0804,0.021,2.0481,-16.1870,-0.010,0.4621,19.8948,137.048,3.239,0.3690,66.652,0.4341,0.0179,0.0157,0.8729,1,3.3388,3.3468,nan,2.9046,2.8884,0.1144,0.1978,0.8000,0.0823,0.1058,0.5228,40.9114,-0.0094,-2.6820,0.1109
17.850,65.510,2.3612,3.8620,139.001,2.4332,3.7810,137.897,-0.1075,0.0140,0.1084,-1.104,2.0481,-16.1870,-0.010,0.3815,19.9680,137.907,3.007,0.9705,66.779,0.4071,0.0186,0.0207,1.1156,1,3.2056,3.2101,nan,2.8032,2.7704,0.1097,0.4149,0.8000,0.0710,-0.0243,0.6507,41.1110,-0.0190,-6.4054,0.1109
17.900,65.647,2.2563,3.9487,142.647,2.3451,3.8583,141.475,-0.1255,0.0180,0.1267,-1.172,1.9679,-16.1715,-0.214,0.3023,20.0310,141.689,2.797,1.6143,66.908,0.3737,0.0161,0.0360,2.2307,1,3.0103,2.9950,nan,2.6072,2.5560,0.1012,0.4684,0.8000,0.0772,-0.0016,0.7127,41.2107,-0.0297,-5.6179,0.1109
17.950,65.826,2.1082,4.0495,149.672,2.1686,3.9766,149.214,-0.0890,0.0325,0.0947,-0.458,1.9077,-16.1660,-0.359,0.1345,20.1438,149.574,2.522,1.8922,67.080,0.3939,0.0410,0.0355,0.8643,1,2.8645,2.8630,nan,2.5173,2.4773,0.0981,0.5150,0.8000,0.0771,-0.0384,0.8554,41.4103,-0.0231,-6.5632,0.1109
18.000,65.929,2.0170,4.0982,154.455,2.0945,4.0213,153.038,-0.1031,0.0360,0.1092,-1.417,1.7104,-16.1653,-0.962,0.0449,20.1902,154.000,2.429,2.0625,67.184,0.3912,0.0304,0.0313,1.0296,1,2.5624,2.4821,nan,2.5173,2.6134,0.1035,0.5986,0.8000,0.0846,-0.0291,0.9380,41.5101,0.0800,-4.0338,0.1109
18.050,66.041,1.9142,4.1416,160.272,1.9848,4.0813,158.835,-0.0868,0.0329,0.0928,-1.437,1.5958,-16.1477,-1.287,-0.0653,20.2326,160.122,2.411,2.2848,67.301,0.3942,0.0258,0.0269,1.0437,1,2.5590,2.5789,nan,2.4208,2.5040,0.0992,0.6368,0.8000,0.0822,-0.0113,1.0246,41.6099,0.0482,-0.6370,0.1109
18.100,66.145,1.8142,4.1722,166.125,1.8623,4.1352,165.054,-0.0556,0.0244,0.0607,-1.071,1.5399,-16.1267,-1.399,-0.1723,20.2637,166.452,2.345,2.2794,67.408,0.3983,0.0168,0.0204,1.2131,1,2.6319,2.6673,nan,2.4111,2.2859,0.0905,0.6043,0.8000,0.0660,-0.1089,1.1945,41.8094,-0.0800,-2.5310,0.1109
18.150,66.239,1.7225,4.1906,171.312,1.7743,4.1525,169.890,-0.0569,0.0298,0.0643,-1.422,1.5399,-16.1267,-1.399,-0.2608,20.2788,171.289,2.236,2.1599,67.534,0.3938,0.0519,0.0307,0.5913,1,2.3906,2.3501,nan,2.4178,2.4384,0.0966,0.7215,0.8000,0.0451,-0.1236,1.1987,41.9092,0.0120,-4.3241,0.1109
18.200,66.395,1.5672,4.2020,-179.231,1.5815,4.1920,-180.148,-0.0142,0.0101,0.0174,-0.917,1.5730,-16.0991,-1.287,-0.4472,20.2862,-178.861,2.214,2.4947,67.669,0.4081,0.0430,0.0298,0.6945,1,2.2926,2.2961,nan,2.4138,2.5060,0.0992,0.7780,0.8000,0.0324,-0.1398,1.1975,42.0090,0.0533,-1.7209,0.1076
18.250,66.487,1.4747,4.1961,-172.976,1.4856,4.1910,-174.174,-0.0102,0.0064,0.0120,-1.197,1.5130,-16.0912,-1.479,-0.5508,20.2747,-172.695,2.201,2.6764,67.771,0.4105,0.0233,0.0149,0.6395,1,2.3336,2.3593,nan,2.4042,2.4578,0.0973,0.7537,0.8000,-0.0041,-0.1115,1.2004,42.1088,0.0311,-1.2492,0.1076
18.300,66.592,1.3715,4.1769,-165.603,1.3967,4.1787,-167.588,-0.0249,0.0045,0.0253,-1.984,1.4377,-16.0858,-1.676,-0.6336,20.2546,-165.912,2.180,2.6641,67.886,0.3974,0.0192,0.0222,1.1543,1,2.3374,2.3566,nan,2.4112,2.4672,0.0977,0.7515,0.8000,-0.0222,-0.0869,1.2014,42.2086,0.0324,-1.9032,0.1076
18.350,66.729,1.2420,4.1321,-155.939,1.2327,4.1186,-156.753,0.0140,0.0086,0.0164,-0.814,1.6343,-16.0833,-1.137,-0.8023,20.1899,-155.616,2.174,2.7065,68.038,0.4067,0.0462,0.0460,0.9962,1,2.3144,2.3296,nan,2.4015,2.4677,0.0977,0.7649,0.8000,-0.0465,-0.1979,1.2041,42.4081,0.0383,-1.0480,0.1076
18.400,66.829,1.1534,4.0860,-148.810,1.1732,4.0887,-150.795,-0.0184,0.0079,0.0200,-1.985,1.4667,-16.0747,-1.661,-0.8776,20.1465,-149.134,2.178,2.6140,68.149,0.4000,0.0357,0.0174,0.4883,1,2.3850,2.4175,nan,2.4022,2.4153,0.0957,0.7246,0.8000,-0.0505,-0.1715,1.2038,42.5079,0.0076,-1.2239,0.1076
18.450,66.927,1.0726,4.0307,-142.212,1.0830,3.9855,-143.875,0.0194,0.0421,0.0464,-1.663,1.4077,-16.1093,-1.870,-0.9802,20.0736,-142.005,2.186,2.5323,68.256,0.4017,0.0236,0.0218,0.9261,1,2.4117,2.4354,nan,2.4960,2.5600,0.1014,0.7101,0.8000,-0.0659,-0.1642,1.2130,42.6077,0.0371,0.1670,0.1076
18.500,67.020,1.0023,3.9702,-136.077,1.0109,3.9219,-136.851,0.0273,0.0408,0.0491,-0.775,1.6753,-16.0982,-1.112,-1.0527,20.0034,-135.740,2.226,2.5492,68.361,0.3964,0.0125,0.0215,1.7164,1,2.4282,2.4502,nan,2.5997,2.6379,0.1045,0.6989,0.8000,-0.0540,-0.1595,1.0576,42.7075,0.0221,0.3357,0.1076
18.550,67.172,0.9017,3.8558,-126.392,0.9068,3.7947,-127.617,0.0462,0.0403,0.0613,-1.225,1.7228,-16.0952,-0.988,-1.1589,19.8729,-126.629,2.333,2.4669,68.533,0.3895,0.0370,0.0276,0.7457,1,2.4642,2.4901,nan,2.7129,2.6898,0.1065,0.6549,0.8000,-0.0580,-0.1259,0.9550,42.8073,-0.0134,0.8337,0.1076
18.600,67.283,0.8409,3.7631,-119.702,0.8505,3.6982,-120.126,0.0516,0.0405,0.0656,-0.424,1.9293,-16.0765,-0.426,-1.2258,19.7662,-119.700,2.394,2.3514,68.657,0.3849,0.0308,0.0238,0.7748,1,2.6050,2.6606,nan,2.8239,2.7589,0.1093,0.5741,0.8000,-0.0730,-0.0878,0.8308,42.9071,-0.0377,0.5253,0.1076
18.650,67.393,0.7912,3.6649,-114.040,0.8052,3.6022,-114.753,0.0516,0.0384,0.0643,-0.713,1.7552,-16.0764,-0.940,-1.2727,19.6604,-113.813,2.510,1.9339,68.778,0.3779,0.0204,0.0084,0.4125,1,2.6335,2.6595,nan,2.9464,2.9138,0.1154,0.4797,0.8000,-0.0733,-0.1111,0.6251,43.1066,-0.0189,3.4634,0.1076
18.700,67.498,0.7519,3.5671,-109.460,0.7605,3.4995,-109.994,0.0609,0.0306,0.0682,-0.534,1.9488,-16.0689,-0.359,-1.3108,19.5605,-109.635,2.620,1.9527,68.893,0.3757,0.0177,0.0143,0.8081,1,2.6170,2.6355,nan,3.0695,3.1167,0.1234,0.4605,0.8000,-0.0856,-0.1058,0.5443,43.2064,0.0273,3.3991,0.1076
18.750,67.688,0.7005,3.3845,-102.084,0.7100,3.3157,-102.618,0.0653,0.0237,0.0695,-0.534,1.7723,-16.0658,-0.888,-1.3627,19.3627,-101.729,2.908,1.6528,69.108,0.3666,0.0274,0.0195,0.7126,1,2.7512,2.8066,nan,3.3276,3.4447,0.1364,0.3575,0.8255,-0.1011,-0.0421,0.4226,43.3062,0.0678,3.9359,0.1076
18.800,67.823,0.6768,3.2515,-97.736,0.6776,3.1647,-99.049,0.0859,0.0125,0.0868,-1.312,1.6455,-16.0578,-1.260,-1.3902,19.1966,-97.789,3.084,1.6452,69.257,0.3508,0.0221,0.0222,1.0066,1,2.9063,2.9719,nan,3.5636,3.6689,0.1453,0.2569,0.9469,-0.1106,-0.0581,0.2711,0.0998,0.0800,4.5524,0.1076
18.850,67.961,0.6620,3.1146,-94.476,0.6657,3.0346,-94.928,0.0794,0.0099,0.0801,-0.452,1.7037,-16.0443,-1.096,-1.4028,19.0556,-93.832,3.304,1.1386,69.410,0.3467,0.0181,0.0193,1.0715,1,3.1897,3.3876,nan,3.7817,3.8980,0.1544,0.1538,1.0953,-0.1191,-0.0019,0.1809,0.1996,0.0674,5.2620,0.1076
18.900,68.119,0.6529,2.9568,-92.234,0.6596,2.8798,-92.198,0.0767,0.0097,0.0773,0.036,1.8600,-16.0481,-0.633,-1.4093,18.9135,-91.566,3.545,0.7109,69.582,0.3532,0.0212,0.0089,0.4206,1,3.4354,3.5815,nan,3.9848,4.0765,0.1614,0.1033,1.2706,-0.1246,-0.0021,0.0611,0.4989,0.0531,5.7396,0.1076
18.950,68.352,0.6481,2.7234,-90.232,0.6527,2.5862,-90.875,0.1372,0.0051,0.1373,-0.643,1.8574,-16.0648,-0.650,-1.4162,18.6362,-90.225,3.868,0.4798,69.836,0.3321,0.0187,0.0221,1.1810,1,3.7196,3.9500,nan,4.2668,4.3614,0.1727,0.0803,1.3933,-0.1240,0.0015,0.0415,0.6985,0.0529,5.5359,0.1076
19.000,68.539,0.6494,2.5366,-88.923,0.6561,2.3524,-89.498,0.1843,0.0032,0.1843,-0.575,1.8586,-16.0696,-0.656,-1.4135,18.4070,-88.842,4.056,0.4830,70.035,0.3131,0.0184,0.0136,0.7370,1,3.9388,4.0624,nan,4.4420,4.5075,0.1785,0.0672,1.4904,-0.1241,0.0030,0.0261,0.8981,0.0348,5.2928,0.1076
19.050,68.713,0.6541,2.3627,-87.883,0.6616,2.1638,-87.955,0.1991,0.0002,0.1991,-0.072,2.0270,-16.0672,-0.132,-1.4073,18.2278,-87.823,4.210,0.4025,70.219,0.3098,0.0201,0.0096,0.4810,1,4.0813,4.1571,nan,4.6085,4.6964,0.1860,0.0359,1.5216,-0.1172,0.0221,0.0160,1.0976,0.0453,3.6653,0.1076
19.100,68.907,0.6625,2.1693,-87.231,0.6695,2.0013,-86.873,0.1681,-0.0011,0.1681,0.358,2.1829,-16.0451,0.362,-1.3993,18.0557,-87.235,4.378,0.1869,70.424,0.3182,0.0210,0.0095,0.4525,1,4.1349,4.1815,nan,4.7673,4.9047,0.1942,0.0120,1.5216,-0.1075,0.0444,0.0055,1.2972,0.0800,3.3658,0.1076
19.150,69.223,0.6790,1.8537,-86.881,0.6892,1.6344,-86.920,0.2195,-0.0017,0.2195,-0.039,2.0621,-16.0687,-0.025,-1.3807,17.7025,-86.895,4.616,0.0514,70.758,0.3028,0.0160,0.0015,0.0958,1,4.1759,4.2207,nan,4.9929,4.9412,0.1957,0.0045,1.5216,-0.0979,0.0480,-0.0179,1.5965,0.0800,4.6049,0.1076
19.200,69.376,0.6875,1.7003,-86.818,0.6991,1.4416,-86.556,0.2589,-0.0028,0.2589,0.262,2.1379,-16.0553,0.227,-1.3695,17.5025,-86.783,4.689,0.0402,70.917,0.2893,0.0188,0.0046,0.2420,1,4.4174,5.0922,nan,5.1359,5.1948,0.2057,0.0085,1.5216,-0.0915,0.0390,-0.0180,1.8959,0.0800,2.6852,0.1076
19.250,69.645,0.7030,1.4323,-86.629,0.7092,1.2043,-86.539,0.2280,-0.0072,0.2281,0.090,2.0924,-16.0509,0.092,-1.3554,17.2574,-86.631,4.872,0.0128,71.200,0.2951,0.0170,0.0038,0.2241,1,4.3793,4.4109,nan,5.2735,5.1513,0.2040,-0.0020,1.5225,-0.0854,0.0456,-0.0110,1.9957,0.0800,2.8275,0.1076
19.300,69.841,0.7146,1.2365,-86.660,0.7197,1.0208,-86.558,0.2156,-0.0075,0.2158,0.102,2.0870,-16.0453,0.078,-1.3441,17.0680,-86.636,4.930,-0.0252,71.402,0.2971,0.0157,0.0125,0.7979,1,4.5572,5.4968,nan,5.4708,5.3367,0.2114,-0.0088,1.5225,-0.0749,0.0484,-0.0118,2.2950,0.0800,1.8039,0.1076
19.350,70.187,0.7343,0.8906,-86.976,0.7448,0.6079,-86.265,0.2829,-0.0044,0.2829,0.711,2.2721,-16.0331,0.708,-1.3215,16.6586,-86.973,5.120,-0.1110,71.765,0.2847,0.0137,0.0075,0.5511,1,4.7491,4.8954,nan,5.7191,5.5377,0.2193,-0.0145,1.5241,-0.0630,0.0483,-0.0150,2.5944,0.0800,1.8383,0.1076
19.400,70.410,0.7457,0.6683,-87.246,0.7514,0.4473,-86.819,0.2210,-0.0049,0.2211,0.426,2.1848,-16.0607,0.412,-1.3146,16.5179,-87.231,5.222,-0.1131,71.997,0.3037,0.0126,0.0030,0.2367,1,4.9713,5.1702,nan,5.8376,5.7716,0.2286,-0.0236,1.5241,-0.0484,0.0521,-0.0113,2.8937,0.0800,3.0189,0.1076
19.450,70.649,0.7565,0.4297,-87.738,0.7602,0.1413,-87.831,0.2883,-0.0077,0.2884,-0.094,1.9896,-16.0679,-0.251,-1.3003,16.2036,-87.580,5.383,-0.2007,72.250,0.2860,0.0124,0.0129,1.0354,1,5.1553,5.3218,nan,6.0090,5.9647,0.2362,-0.0237,1.5241,-0.0369,0.0447,-0.0101,3.1931,0.0800,1.8396,0.1076
19.500,70.884,0.7651,0.1948,-88.232,0.7708,-0.1411,-88.081,0.3360,-0.0046,0.3360,0.151,2.1127,-16.0810,0.177,-1.2925,15.9439,-88.258,5.533,-0.1771,72.500,0.2863,0.0123,0.0102,0.8240,1,5.2851,5.4098,nan,6.1733,6.0994,0.2416,-0.0006,1.5241,-0.0423,0.0205,-0.0133,3.4924,0.0800,4.3421,0.1076
19.550,71.286,0.7770,-0.2067,-88.440,0.7849,-0.5882,-88.228,0.3816,-0.0025,0.3816,0.211,2.1117,-16.0796,0.176,-1.2794,15.4954,-88.404,5.763,-0.0885,72.924,0.2901,0.0125,0.0014,0.1109,1,5.3676,5.4663,nan,6.3313,6.1832,0.2449,-0.0097,1.5265,-0.0293,0.0236,-0.0083,3.7918,0.0800,2.5931,0.1076
19.600,71.547,0.7837,-0.4682,-88.680,0.7928,-0.8120,-88.252,0.3439,0.0012,0.3439,0.428,2.1754,-16.0657,0.408,-1.2740,15.2632,-88.660,5.863,-0.1716,73.197,0.2874,0.0125,0.0026,0.2112,1,5.6439,6.2199,nan,6.5331,6.4765,0.2565,-0.0246,1.5265,-0.0147,0.0328,-0.0093,4.0911,0.0800,2.5584,0.1076
19.650,71.815,0.7890,-0.7357,-89.259,0.7976,-1.0413,-88.995,0.3057,0.0046,0.3057,0.264,2.1297,-16.0294,0.239,-1.2695,14.9935,-89.234,6.022,-0.2569,73.482,0.2884,0.0133,0.0016,0.1241,1,5.8471,6.0944,nan,6.7255,6.6895,0.2649,-0.0279,1.5265,-0.0020,0.0296,-0.0075,4.4903,0.0800,4.0238,0.1076
19.701,72.202,0.7914,-1.1230,-90.067,0.7993,-1.3037,-89.332,0.1807,0.0081,0.1809,0.735,2.1976,-16.0033,0.509,-1.2677,14.7114,-89.841,6.167,-0.2454,73.898,0.2981,0.0143,0.0080,0.5556,1,6.0627,6.3556,nan,6.8643,6.9177,0.2740,-0.0138,1.5276,-0.0006,0.0114,-0.0110,4.7896,0.0800,4.4151,0.1076
19.750,72.495,0.7903,-1.4154,-90.425,0.8013,-1.7595,-90.089,0.3440,0.0135,0.3443,0.336,2.1549,-16.0187,0.336,-1.2700,14.2669,-90.425,6.425,-0.1307,74.208,0.2983,0.0136,0.0030,0.2194,1,6.2684,6.5584,nan,6.9988,7.1354,0.2826,-0.0112,1.5276,0.0026,0.0067,-0.0071,5.0890,0.0800,3.1210,0.1076
19.800,72.768,0.7878,-1.6888,-90.701,0.8042,-2.1273,-90.227,0.4383,0.0218,0.4388,0.474,2.1993,-16.0394,0.499,-1.2740,13.9237,-90.725,6.581,-0.1111,74.500,0.3240,0.0128,0.0072,0.5662,1,6.3638,6.5168,nan,7.1292,7.2341,0.2865,-0.0169,1.5292,0.0087,0.0101,-0.0105,5.3883,0.0800,3.8485,0.1076
19.850,73.027,0.7841,-1.9480,-91.077,0.8003,-2.3672,-90.604,0.4188,0.0241,0.4195,0.473,2.1618,-16.0705,0.352,-1.2772,13.7115,-90.956,6.703,-0.1909,74.775,0.3057,0.0126,0.0083,0.6584,1,6.5925,6.9836,nan,7.2972,7.4755,0.2961,-0.0217,1.5309,0.0187,0.0119,-0.0089,5.7875,0.0800,3.0857,0.1076
19.901,73.519,0.7716,-2.4401,-91.882,0.7905,-2.8176,-90.574,0.3767,0.0312,0.3780,1.308,2.3551,-16.0740,1.190,-1.2890,13.2861,-91.764,6.890,-0.1851,75.298,0.2908,0.0159,0.0176,1.1029,1,6.5452,6.6107,nan,7.4591,7.4205,0.2939,-0.0097,1.5311,0.0153,-0.0024,-0.0075,6.0868,0.0800,3.8665,0.1076
19.951,73.855,0.7599,-2.7751,-92.180,0.7777,-3.2800,-90.811,0.5039,0.0370,0.5052,1.369,2.3940,-16.0290,1.387,-1.3074,12.7844,-92.198,7.023,-0.1236,75.647,0.3554,0.0150,0.0195,1.3054,1,6.8018,7.4068,nan,7.6151,7.6911,0.3046,-0.0150,1.5311,0.0196,0.0035,-0.0038,6.5857,0.0800,2.6257,0.1076
20.000,74.153,0.7478,-3.0728,-92.577,0.7629,-3.4999,-91.305,0.4260,0.0343,0.4274,1.273,2.3489,-15.9681,1.223,-1.3196,12.4992,-92.528,7.155,-0.2097,75.964,0.3487,0.0146,0.0174,1.1967,1,6.9228,7.1307,nan,7.7659,7.8180,0.3096,-0.0204,1.5322,0.0202,0.0089,-0.0071,6.8851,0.0800,2.8163,0.1076
20.050,74.478,0.7320,-3.3975,-93.160,0.7482,-3.8845,-91.749,0.4853,0.0430,0.4873,1.411,2.3822,-16.0121,1.401,-1.3371,12.1639,-93.149,7.282,-0.1954,76.308,0.3558,0.0141,0.0204,1.4430,1,7.1502,7.6368,nan,7.8758,8.0587,0.3192,0.0009,1.5322,0.0054,-0.0074,-0.0076,7.2842,0.0800,3.3838,0.1076
20.101,74.951,0.7057,-3.8701,-93.091,0.7304,-4.4025,-92.259,0.5303,0.0534,0.5330,0.832,2.2873,-16.0683,0.948,-1.3636,11.6899,-93.207,7.504,0.0910,76.814,0.3568,0.0130,0.0157,1.2118,1,7.2851,7.5390,nan,8.0000,8.1997,0.3247,0.0078,1.5349,-0.0001,-0.0122,-0.0041,7.6834,0.0800,2.2000,0.1076
20.150,75.315,0.6865,-4.2332,-92.840,0.7068,-4.8657,-91.876,0.6307,0.0516,0.6328,0.964,2.2829,-16.0854,0.967,-1.3865,11.2447,-92.843,7.636,0.0522,77.198,0.4104,0.0127,0.0171,1.3519,1,7.4487,7.7661,nan,8.0000,8.1887,0.3243,-0.0059,1.5350,0.0029,0.0041,-0.0049,8.0825,0.0564,3.3141,0.1076
20.200,75.652,0.6695,-4.5706,-92.974,0.6897,-5.2228,-92.746,0.6502,0.0540,0.6525,0.227,2.1391,-16.1053,0.237,-1.4044,10.8884,-92.983,7.712,-0.0810,77.550,0.4241,0.0133,0.0073,0.5514,1,7.6826,8.2849,nan,8.0000,8.0148,0.3174,-0.0183,1.5355,0.0100,0.0161,-0.0009,8.5814,0.0043,2.1374,0.1076
20.250,76.000,0.6505,-4.9172,-93.476,0.6618,-5.6207,-93.566,0.7015,0.0539,0.7036,-0.090,2.0735,-16.1493,-0.075,-1.4254,10.5268,-93.491,7.716,-0.0857,77.904,0.4362,0.0142,0.0136,0.9550,1,7.6358,7.7272,nan,8.0000,8.0533,0.3189,0.0201,1.5360,-0.0157,-0.0153,-0.0023,8.9805,0.0156,1.4302,0.1128
20.300,76.347,0.6303,-5.2642,-92.957,0.6424,-6.0002,-93.395,0.7344,0.0500,0.7361,-0.438,2.0119,-16.2295,-0.412,-1.4430,10.2191,-92.983,7.729,0.3233,78.260,0.4070,0.0126,0.0118,0.9323,1,7.6816,7.8508,nan,8.0000,8.0107,0.3173,0.0423,1.5360,-0.0381,-0.0299,0.0007,9.3797,0.0031,0.3805,0.1128
20.350,76.849,0.6104,-5.7659,-91.140,0.6174,-6.5346,-91.555,0.7684,0.0223,0.7687,-0.415,2.0045,-16.2292,-0.432,-1.4601,9.6839,-91.123,7.721,0.3756,78.771,0.4283,0.0142,0.0127,0.8980,1,7.5492,7.5854,nan,8.0000,8.1531,0.3229,0.0073,1.5359,-0.0292,0.0092,0.0023,9.8786,0.0800,-0.2302,0.1128
20.400,77.190,0.6044,-6.1066,-90.829,0.6116,-6.8253,-91.202,0.7185,0.0176,0.7188,-0.372,2.0110,-16.1867,-0.398,-1.4643,9.3515,-90.804,7.764,0.0544,79.123,0.4211,0.0118,0.0138,1.1715,1,7.6443,7.8672,nan,8.0000,8.2559,0.3270,-0.0222,1.5352,-0.0143,0.0393,-0.0016,10.2777,0.0800,0.9261,0.1128
20.450,77.549,0.5982,-6.4652,-91.404,0.6058,-7.0855,-90.613,0.6200,0.0227,0.6204,0.790,2.0903,-16.1598,0.104,-1.4681,9.0769,-90.717,7.820,-0.1903,79.495,0.3645,0.0128,0.0133,1.0366,1,7.7996,8.1307,nan,8.0000,8.1523,0.3229,-0.0101,1.5352,-0.0108,0.0218,0.0021,10.6769,0.0452,1.2803,0.1128
20.500,77.877,0.5896,-6.7938,-91.717,0.5998,-7.5492,-90.898,0.7548,0.0329,0.7555,0.819,2.2293,-16.0989,0.977,-1.4834,8.5763,-91.875,7.830,-0.0618,79.830,0.4900,0.0120,0.0143,1.1924,1,7.9458,8.2711,nan,8.0000,8.0412,0.3185,0.0088,1.5345,-0.0133,-0.0006,0.0016,11.0760,0.0120,0.3348,0.1128
20.550,78.432,0.5741,-7.3480,-91.653,0.5897,-8.0729,-90.564,0.7241,0.0365,0.7250,1.089,2.2032,-16.1334,0.834,-1.4960,8.0832,-91.398,7.787,-0.1993,80.390,0.4415,0.0139,0.0161,1.1644,1,7.9993,8.1916,nan,8.0000,8.0006,0.3169,-0.0165,1.5345,0.0082,0.0189,0.0029,11.3754,0.0002,-0.3897,0.1128
20.600,78.751,0.5641,-7.6667,-92.133,0.5762,-8.3792,-91.834,0.7115,0.0386,0.7126,0.299,2.1257,-16.1149,0.307,-1.5080,7.7439,-92.141,7.767,-0.1619,80.713,0.4581,0.0137,0.0097,0.7104,1,7.9197,7.9955,nan,8.0000,8.0610,0.3192,-0.0090,1.5316,0.0113,0.0077,0.0043,11.7745,0.0178,-0.5828,0.1128
20.650,79.100,0.5505,-8.0160,-92.381,0.5615,-8.8003,-91.967,0.7832,0.0436,0.7844,0.414,2.1462,-16.1587,0.479,-1.5232,7.3714,-92.445,7.767,0.0645,81.069,0.4770,0.0118,0.0109,0.9180,1,7.8947,8.0093,nan,8.0000,8.0800,0.3200,0.0115,1.5305,-0.0010,-0.0102,0.0041,12.1736,0.0235,-0.0439,0.1128
20.700,79.620,0.5305,-8.5358,-92.067,0.5494,-8.9995,-91.866,0.4627,0.0356,0.4641,0.201,2.1281,-16.1135,0.366,-1.5332,7.1239,-92.232,7.773,0.1328,81.594,0.3079,0.0110,0.0072,0.6578,1,7.6774,7.6543,nan,7.7512,7.8072,0.3092,-0.0019,1.5285,0.0035,0.0050,0.0050,12.5728,0.0169,0.1540,0.1128
20.750,79.974,0.5176,-8.8896,-92.134,0.5177,-9.5563,-92.673,0.6663,0.0250,0.6667,-0.539,2.0102,-16.1043,-0.542,-1.5544,6.5335,-92.130,7.665,-0.0437,81.946,0.4487,0.0105,0.0220,2.1039,1,7.6424,7.7420,nan,7.3522,7.5226,0.2979,-0.0083,1.5285,0.0031,0.0138,0.0047,12.8721,0.0800,0.1130,0.1128
20.800,80.294,0.5054,-9.2089,-92.334,0.5117,-9.8456,-91.369,0.6359,0.0323,0.6367,0.965,2.1837,-16.0349,0.971,-1.5668,6.2168,-92.341,7.549,-0.0320,82.257,0.4469,0.0102,0.0156,1.5324,1,7.6109,7.7119,nan,7.0423,7.1248,0.2822,0.0336,1.5285,-0.0268,-0.0209,0.0040,13.2712,0.0275,-2.3551,0.1128
20.850,80.643,0.4927,-9.5580,-91.476,0.5036,-10.1522,-91.559,0.5937,0.0262,0.5943,-0.083,2.1252,-16.0717,0.425,-1.5777,5.9314,-91.984,7.313,0.2153,82.585,0.4008,0.0098,0.0076,0.7740,1,7.3897,7.3604,nan,6.6142,6.5394,0.2590,0.0105,1.5285,-0.0118,0.0006,0.0054,13.5706,-0.0258,-5.0814,0.1128
20.901,80.937,0.4857,-9.8513,-91.168,0.4938,-10.4477,-91.013,0.5961,0.0203,0.5965,0.155,2.0844,-16.0816,0.076,-1.5831,5.6360,-91.089,7.011,0.0567,82.920,0.4011,0.0097,0.0077,0.7915,1,7.2156,7.2211,nan,6.2833,6.0894,0.2412,-0.0126,1.5275,-0.0010,0.0236,0.0039,13.9697,-0.0687,-8.4311,0.1128
20.950,81.401,0.4748,-10.3154,-91.638,0.4724,-10.8850,-92.042,0.5695,0.0139,0.5696,-0.404,2.0320,-16.0812,-0.383,-1.5943,5.1857,-91.660,6.489,-0.0701,83.268,0.3921,0.0093,0.0174,1.8790,1,6.9571,6.8951,nan,5.9425,5.7777,0.2288,0.0042,1.5275,-0.0089,0.0072,0.0074,14.3689,-0.0800,-8.7553,0.1128
21.000,81.661,0.4674,-10.5751,-91.592,0.4652,-11.1000,-91.650,0.5248,0.0124,0.5249,-0.058,2.0794,-16.0857,0.159,-1.6004,4.9901,-91.809,6.201,0.0386,83.504,0.3526,0.0076,0.0071,0.9448,1,6.5193,6.0336,nan,5.7087,5.6071,0.2221,0.0386,1.5275,-0.0325,-0.0203,0.0100,14.4687,-0.0402,-7.4302,0.1128
21.050,81.939,0.4609,-10.8536,-90.786,0.4559,-11.4050,-91.666,0.5514,0.0025,0.5514,-0.879,2.0486,-16.1276,-0.177,-1.6073,4.7176,-91.489,5.918,0.2453,83.760,0.3498,0.0059,0.0177,2.9929,1,6.0985,5.7285,nan,5.4688,5.5047,0.2180,0.0231,1.5250,-0.0286,-0.0043,0.0090,14.7680,0.0154,-5.7908,0.1128
21.101,82.319,0.4577,-11.2332,-90.202,0.4553,-11.8097,-90.349,0.5765,-0.0004,0.5765,-0.147,2.0468,-16.1533,-0.213,-1.6077,4.3377,-90.136,5.560,0.0349,84.112,0.3476,0.0045,0.0095,2.1092,1,5.7113,5.4585,nan,5.0955,5.1421,0.2036,0.0035,1.4669,-0.0232,0.0189,0.0087,15.0674,0.0214,-5.8593,0.1128
21.150,82.559,0.4569,-11.4730,-90.121,0.4473,-11.9534,-90.305,0.4804,-0.0086,0.4805,-0.183,2.0419,-16.1036,-0.188,-1.6082,4.1449,-90.117,5.353,0.0326,84.336,0.3247,0.0052,0.0121,2.3408,1,5.4686,5.4300,nan,4.7025,4.6348,0.1836,0.0095,1.3426,-0.0198,0.0123,0.0122,15.3667,-0.0327,-7.2220,0.1128
21.200,82.802,0.4567,-11.7163,-89.929,0.4461,-12.1680,-90.210,0.4517,-0.0111,0.4518,-0.280,2.0364,-16.0905,-0.264,-1.6083,3.9151,-89.946,5.013,0.1257,84.555,0.3190,0.0051,0.0136,2.6718,1,5.2143,5.1664,nan,4.5662,4.5882,0.1817,0.0235,1.2735,-0.0260,0.0070,0.0119,15.5663,0.0112,-3.6680,0.1128
21.250,83.027,0.4576,-11.9413,-89.476,0.4520,-12.3944,-89.306,0.4531,-0.0097,0.4532,0.170,2.0743,-16.0842,0.234,-1.6072,3.6964,-89.540,4.762,0.1573,84.762,0.3165,0.0039,0.0049,1.2699,1,4.9563,4.9125,nan,4.3203,4.3515,0.1723,0.0211,1.2081,-0.0231,0.0144,0.0094,15.7659,0.0169,-6.3123,0.1128
21.300,83.213,0.4598,-12.1275,-89.121,0.4506,-12.5781,-89.395,0.4504,-0.0161,0.4507,-0.274,2.0374,-16.0946,-0.286,-1.6044,3.5085,-89.109,4.557,0.1261,84.935,0.3165,0.0019,0.0106,5.7081,1,4.6361,4.5429,nan,4.1015,4.1630,0.1649,0.0079,1.1491,-0.0083,0.0319,0.0107,15.9654,0.0354,-6.5037,0.1128
21.350,83.515,0.4651,-12.4296,-88.704,0.4552,-12.8543,-88.534,0.4243,-0.0195,0.4248,0.170,2.0723,-16.0743,0.323,-1.5989,3.2291,-88.856,4.179,0.2142,85.213,0.3085,0.0018,0.0078,4.4066,1,4.4361,4.4258,nan,3.8747,3.8439,0.1522,0.0334,1.0926,-0.0103,0.0254,0.0084,16.1650,-0.0178,-4.8089,0.1128
21.400,83.695,0.4698,-12.6089,-88.175,0.4605,-13.0400,-87.802,0.4306,-0.0230,0.4312,0.374,2.0728,-16.1027,0.339,-1.5941,3.0722,-88.141,3.987,0.2017,85.381,0.3020,0.0015,0.0080,5.3206,1,4.1757,4.1391,nan,3.7595,3.8360,0.1519,0.0319,1.0690,-0.0044,0.0402,0.0147,16.2648,0.0443,-5.8607,0.1128
21.450,83.875,0.4762,-12.7896,-87.647,0.4663,-13.1724,-87.195,0.3821,-0.0256,0.3829,0.452,2.0787,-16.0873,0.466,-1.5886,2.9279,-87.661,3.868,0.2939,85.555,0.2960,0.0029,0.0078,2.7291,1,3.8408,3.7522,nan,3.5320,3.6580,0.1449,0.0627,0.9993,0.0069,0.0519,0.0374,16.4643,0.0800,-3.2023,0.1128
21.500,84.028,0.4833,-12.9415,-86.805,0.4758,-13.3242,-86.121,0.3817,-0.0288,0.3828,0.684,2.0906,-16.0633,0.718,-1.5804,2.7591,-86.839,3.744,0.3673,85.700,0.2976,0.0009,0.0088,9.8099,1,3.7440,3.7595,nan,3.3141,3.3437,0.1324,0.0854,0.9221,0.0191,0.0566,0.1233,16.6639,0.0171,-4.2975,0.1128
21.550,84.279,0.5010,-13.1924,-84.893,0.4970,-13.5345,-84.253,0.3404,-0.0344,0.3421,0.640,2.0932,-16.0549,0.740,-1.5635,2.5408,-84.994,3.335,0.4665,85.930,0.2940,0.0063,0.0157,2.4841,1,3.6244,3.6349,nan,3.1080,3.0544,0.1210,0.0898,0.8927,0.0319,0.0699,0.1675,16.7637,-0.0310,-2.3200,0.1128
21.600,84.428,0.5156,-13.3405,-83.703,0.5130,-13.6566,-83.076,0.3139,-0.0373,0.3161,0.627,2.0857,-16.0381,0.587,-1.5482,2.3974,-83.663,3.160,0.4498,86.070,0.2930,0.0046,0.0155,3.3519,1,3.4144,3.3989,nan,3.1080,3.1777,0.1258,0.0920,0.8000,0.0479,0.0612,0.2644,16.9632,0.0403,-5.5909,0.1128
21.650,84.560,0.5312,-13.4718,-82.581,0.5260,-13.7412,-82.178,0.2664,-0.0399,0.2694,0.403,2.0816,-16.0130,0.530,-1.5345,2.2861,-82.707,3.120,0.5827,86.200,0.2943,0.0038,0.0107,2.8262,1,3.0778,2.9707,nan,3.0104,3.0237,0.1198,0.1249,0.8000,0.0564,0.0497,0.3123,17.0630,0.0800,-0.8051,0.1128
21.700,84.689,0.5493,-13.5999,-81.152,0.5419,-13.8529,-80.933,0.2488,-0.0462,0.2531,0.219,2.0614,-15.9886,0.173,-1.5130,2.1403,-81.106,3.041,0.6009,86.326,0.2914,0.0020,0.0131,6.6771,1,3.1365,3.1733,nan,2.8239,2.8359,0.1123,0.1676,0.8000,0.0673,0.0131,0.4100,17.2626,0.0070,-2.7626,0.1128
21.750,84.894,0.5856,-13.8010,-77.926,0.5764,-13.9949,-77.887,0.1877,-0.0496,0.1941,0.039,2.0591,-15.9392,0.190,-1.4763,1.9492,-78.077,2.823,0.9086,86.521,0.2906,0.0136,0.0169,1.2434,1,3.0001,3.0017,nan,2.7339,2.7812,0.1101,0.2060,0.8000,0.0703,0.0358,0.4100,17.2626,0.0274,-2.7327,0.1128
21.800,85.028,0.6162,-13.9313,-75.513,0.6043,-14.0657,-75.773,0.1271,-0.0451,0.1349,-0.260,2.0405,-15.8971,-0.301,-1.4457,1.8239,-75.471,2.759,0.7389,86.652,0.2906,0.0131,0.0108,0.8279,1,2.8111,2.7968,nan,2.6485,2.7588,0.1093,0.1684,0.8000,0.0888,0.0592,0.4549,17.3624,0.0638,-2.1776,0.1128
21.850,85.143,0.6467,-14.0423,-73.783,0.6301,-14.0796,-73.974,0.0312,-0.0263,0.0408,-0.191,2.0328,-15.7924,-0.306,-1.4118,1.7053,-73.668,2.726,0.7364,86.766,0.2873,0.0070,0.0090,1.2862,1,2.7433,2.7554,nan,2.6485,2.7738,0.1099,0.2074,0.8000,0.1046,0.0344,0.5078,17.4622,0.0800,-1.1093,0.1128
21.900,85.254,0.6795,-14.1490,-71.744,0.6614,-14.1790,-72.149,0.0228,-0.0265,0.0350,-0.405,2.0328,-15.7924,-0.306,-1.3800,1.6061,-71.843,2.717,0.7868,86.878,0.2881,0.0044,0.0249,5.7072,1,2.6559,2.6642,nan,2.5626,2.6864,0.1064,0.1197,0.8000,0.1323,0.0691,0.5078,17.4622,0.0800,-0.4903,0.1128
21.950,85.439,0.7404,-14.3227,-69.359,0.7218,-14.3036,-69.612,-0.0245,-0.0107,0.0267,-0.253,2.0416,-15.7395,0.032,-1.3190,1.4367,-69.644,2.578,1.0158,87.056,0.2881,0.0179,0.0068,0.3808,1,2.6932,2.7214,nan,2.4791,2.5113,0.0995,0.2583,0.8000,0.1412,0.0066,0.6112,17.6617,0.0187,-1.0907,0.1128
22.000,85.547,0.7808,-14.4238,-66.840,0.7647,-14.3991,-66.880,-0.0291,-0.0050,0.0295,-0.040,2.0430,-15.7391,-0.014,-1.2786,1.3397,-66.866,2.499,1.0301,87.163,0.2881,0.0125,0.0037,0.2927,1,2.5482,2.5437,nan,2.4791,2.6116,0.1034,0.2755,0.8000,0.1618,0.0546,0.6112,17.6617,0.0800,-3.3287,0.1128
22.050,85.650,0.8232,-14.5175,-64.288,0.8105,-14.4848,-63.844,-0.0350,0.0027,0.0351,0.443,2.0539,-15.7182,0.449,-1.2337,1.2432,-64.294,2.505,1.1138,87.266,0.2856,0.0024,0.0083,3.5049,1,2.5306,2.5482,nan,2.3165,2.3300,0.0923,0.3652,0.8000,0.1656,-0.0233,0.7160,17.8613,0.0078,0.0386,0.1128
22.100,85.766,0.8763,-14.6202,-60.652,0.8659,-14.5759,-60.315,-0.0437,0.0127,0.0455,0.337,2.0554,-15.7202,0.322,-1.1831,1.1510,-60.637,2.335,1.3724,87.377,0.2884,0.0039,0.0144,3.7279,1,2.4757,2.4877,nan,2.2342,2.2183,0.0879,0.4889,0.8000,0.1727,-0.0296,0.7770,17.9611,-0.0092,-5.2228,0.1128
22.150,85.913,0.9548,-14.7445,-54.267,0.9431,-14.6892,-54.439,-0.0517,0.0228,0.0565,-0.172,2.0600,-15.7230,0.280,-1.1118,1.0392,-54.720,2.156,1.8739,87.522,0.2965,0.0217,0.0123,0.5650,1,2.2959,2.2792,nan,2.1567,2.2136,0.0877,0.5469,0.8000,0.1759,-0.0240,0.8405,18.0609,0.0329,-4.6359,0.1128
22.200,86.009,1.0141,-14.8202,-49.472,0.9986,-14.7640,-49.524,-0.0528,0.0248,0.0583,-0.052,2.0537,-15.7350,-0.108,-1.0569,0.9690,-49.416,2.121,1.8582,87.620,0.3014,0.0149,0.0124,0.8321,1,2.2066,2.2109,nan,2.0820,2.1285,0.0843,0.5602,0.8000,0.1794,-0.0794,0.9915,18.2604,0.0269,-1.8894,0.1128
22.250,86.105,1.0792,-14.8901,-44.572,1.0796,-14.8510,-44.760,-0.0271,0.0281,0.0391,-0.189,2.0537,-15.7350,-0.108,-0.9757,0.8821,-44.652,2.043,1.8555,87.716,0.2840,0.0108,0.0097,0.9045,1,2.1780,2.1914,nan,2.0404,2.0328,0.0805,0.6902,0.8000,0.1682,-0.0977,1.0761,18.3602,-0.0044,-3.0662,0.1090
22.300,86.188,1.1411,-14.9464,-39.753,1.1440,-14.9126,-40.323,-0.0194,0.0279,0.0339,-0.571,2.0523,-15.7413,-0.221,-0.9114,0.8252,-40.102,1.950,2.1180,87.823,0.2816,0.0039,0.0076,1.9357,1,2.1485,2.1614,nan,2.0387,1.9907,0.0788,0.7555,0.8000,0.1575,-0.1126,1.1808,18.4600,-0.0278,-3.2740,0.1090
22.350,86.314,1.2438,-15.0199,-31.202,1.2374,-14.9790,-31.526,-0.0266,0.0317,0.0414,-0.325,2.0478,-15.7375,-0.040,-0.8109,0.7579,-31.486,1.842,2.2669,87.931,0.2842,0.0295,0.0245,0.8311,1,2.0609,2.0641,nan,2.0305,2.0158,0.0798,0.7817,0.8000,0.1417,-0.2279,1.2030,18.6596,-0.0085,-3.0228,0.1090
22.400,86.398,1.3177,-15.0595,-25.066,1.3124,-15.0223,-25.557,-0.0206,0.0314,0.0376,-0.491,2.0348,-15.7444,-0.479,-0.7285,0.7160,-25.077,1.817,2.3071,88.022,0.2755,0.0208,0.0165,0.7898,1,1.9453,1.9421,nan,2.0385,2.1093,0.0835,0.7657,0.8000,0.1328,-0.2212,1.1982,18.7594,0.0410,-1.7147,0.1090
22.450,86.479,1.3925,-15.0900,-19.237,1.3870,-15.0567,-20.220,-0.0161,0.0297,0.0338,-0.982,2.0257,-15.7465,-0.564,-0.6454,0.6836,-19.656,1.848,2.3150,88.113,0.2671,0.0107,0.0046,0.4272,1,1.9465,1.9621,nan,2.0303,2.0941,0.0829,0.7648,0.8000,0.1186,-0.2351,1.2032,18.8591,0.0369,0.6531,0.1090
22.500,86.599,1.5085,-15.1209,-10.552,1.5213,-15.0924,-11.259,0.0073,0.0304,0.0313,-0.707,2.0242,-15.7479,-0.633,-0.5102,0.6500,-10.625,1.827,2.3718,88.243,0.2477,0.0027,0.0076,2.8637,1,2.0863,2.1359,nan,2.0303,1.9877,0.0787,0.7970,0.8000,0.0898,-0.2326,1.1979,18.9589,-0.0246,-0.5583,0.1090
22.550,86.641,1.5497,-15.1274,-7.436,1.5700,-15.0972,-7.762,0.0162,0.0325,0.0363,-0.326,1.9985,-15.7441,-0.787,-0.4374,0.6409,-6.974,1.807,2.3569,88.315,0.2161,0.0286,0.0266,0.9287,1,2.0175,2.0237,nan,2.0519,2.0780,0.0823,0.7873,0.8000,0.0712,-0.2314,1.2033,19.0587,0.0151,-2.0494,0.1090
22.600,86.765,1.6739,-15.1335,1.773,1.6696,-15.0997,0.539,-0.0033,0.0340,0.0341,-1.234,1.9876,-15.7481,-1.162,-0.3311,0.6418,1.701,1.837,2.1471,88.427,0.2344,0.0180,0.0072,0.4000,1,1.9029,1.8996,nan,2.0519,2.1651,0.0857,0.7083,0.8000,0.0773,-0.1246,1.2033,19.0587,0.0655,-1.5578,0.1090
22.650,86.850,1.7580,-15.1268,7.369,1.7601,-15.0908,6.306,0.0067,0.0354,0.0360,-1.062,1.9873,-15.7451,-0.862,-0.2370,0.6508,7.168,1.902,2.2055,88.522,0.2247,0.0103,0.0043,0.4206,1,2.0138,2.0530,nan,2.1733,2.2356,0.0885,0.7435,0.8000,0.0504,-0.2626,1.1351,19.2583,0.0361,2.0535,0.1090
22.700,86.928,1.8356,-15.1132,12.824,1.8365,-15.0771,11.876,0.0089,0.0350,0.0361,-0.947,1.9873,-15.7451,-0.862,-0.1608,0.6656,12.738,1.947,2.2657,88.611,0.2262,0.0019,0.0099,5.1348,1,2.1532,2.2039,nan,2.2562,2.2285,0.0883,0.6827,0.8000,0.0277,-0.2468,1.0144,19.3581,-0.0160,0.4076,0.1090
22.750,87.068,1.9689,-15.0719,21.494,1.9506,-15.0469,19.235,-0.0078,0.0300,0.0310,-2.258,1.9773,-15.7500,-0.980,-0.0387,0.7025,20.215,2.050,2.1109,88.765,0.2369,0.0229,0.0042,0.1848,1,2.1544,2.1717,nan,2.3443,2.3468,0.0929,0.6382,0.8000,0.0061,-0.2242,0.9064,19.4578,0.0015,2.8801,0.1090
22.800,87.157,2.0506,-15.0355,26.756,2.0737,-14.9992,25.534,0.0370,0.0220,0.0430,-1.222,1.9590,-15.7586,-1.204,0.0987,0.7616,26.738,2.106,2.1727,88.862,0.1851,0.0146,0.0092,0.6312,1,2.1661,2.1852,nan,2.4366,2.4818,0.0983,0.6665,0.8000,-0.0173,-0.2173,0.8080,19.5576,0.0262,1.0002,0.1090
22.850,87.254,2.1343,-14.9881,32.640,2.1536,-14.9543,31.339,0.0344,0.0181,0.0389,-1.301,1.9572,-15.7634,-0.916,0.1834,0.8121,32.255,2.184,2.1603,88.971,0.1848,0.0094,0.0030,0.3178,1,2.2855,2.3302,nan,2.5329,2.5454,0.1008,0.6079,0.8000,-0.0362,-0.1861,0.7147,19.6574,0.0072,0.8087,0.1090
22.900,87.343,2.2072,-14.9370,37.629,2.2469,-14.8864,36.914,0.0624,0.0158,0.0643,-0.715,1.9572,-15.7634,-0.916,0.2757,0.8815,37.830,2.259,2.1987,89.070,0.1718,0.0021,0.0077,3.6211,1,2.4171,2.4677,nan,2.6330,2.6063,0.1032,0.4962,0.8000,-0.0557,-0.1333,0.6243,19.7572,-0.0155,2.2026,0.1090
22.950,87.508,2.3315,-14.8276,44.734,2.3503,-14.7875,43.805,0.0416,0.0153,0.0443,-0.928,1.9588,-15.7601,-0.791,0.3780,0.9779,44.597,2.469,1.5531,89.248,0.1887,0.0125,0.0085,0.6820,1,2.4644,2.4925,nan,2.7364,2.7364,0.1084,0.4013,0.8000,-0.0646,-0.0838,0.5367,19.8570,0.0000,0.6772,0.1090
23.000,87.619,2.4075,-14.7471,48.728,2.4346,-14.6910,48.354,0.0600,0.0166,0.0623,-0.374,1.9503,-15.7691,-0.554,0.4738,1.0827,48.909,2.555,1.6292,89.364,0.1782,0.0074,0.0098,1.3271,1,2.5845,2.6329,nan,2.9523,2.9929,0.1185,0.4475,0.8000,-0.0880,-0.1358,0.3645,20.0565,0.0235,2.3282,0.1090
23.050,87.718,2.4708,-14.6704,52.686,2.4906,-14.6250,52.127,0.0481,0.0117,0.0495,-0.559,1.9558,-15.7691,-0.390,0.5271,1.1477,52.517,2.670,1.8836,89.475,0.1831,0.0019,0.0022,1.1549,1,2.6854,2.7285,nan,3.0631,3.0953,0.1226,0.2615,0.8234,-0.0861,-0.0830,0.2853,20.1563,0.0186,3.2942,0.1090
23.100,87.922,2.5866,-14.5026,57.257,2.6230,-14.4346,57.466,0.0769,0.0062,0.0772,0.208,1.9575,-15.7762,-0.200,0.6608,1.3439,57.666,2.983,0.5421,89.694,0.1789,0.0016,0.0046,2.7953,1,2.6114,2.6215,nan,3.1737,3.2857,0.1301,0.1174,0.8007,-0.0901,0.0035,0.1974,20.2561,0.0800,2.0206,0.1090
23.150,88.057,2.6578,-14.3886,58.639,2.6956,-14.3204,58.677,0.0779,0.0032,0.0780,0.038,1.9629,-15.7833,0.088,0.7349,1.4618,58.588,3.111,0.5820,89.834,0.1784,0.0035,0.0156,4.4136,1,2.9130,3.1558,nan,3.3866,3.4578,0.1369,0.1233,0.8932,-0.1055,-0.0507,0.0404,20.4557,0.0412,4.0088,0.1090
23.200,88.200,2.7310,-14.2650,60.208,2.7750,-14.1851,59.784,0.0912,0.0015,0.0912,-0.425,1.9465,-15.7849,-0.360,0.8184,1.6050,60.144,3.254,0.5840,89.985,0.1813,0.0023,0.0133,5.8434,1,3.1328,3.2443,nan,3.5691,3.6176,0.1433,0.0160,0.9606,-0.1209,-0.0248,-0.1108,20.6553,0.0281,4.3384,0.1090
23.250,88.354,2.8064,-14.1312,60.611,2.8465,-14.0575,61.602,0.0839,0.0012,0.0839,0.991,1.9476,-15.7959,-0.205,0.8928,1.7415,61.807,3.400,-0.0069,90.147,0.1839,0.0002,0.0198,85.4342,1,3.3698,3.5001,nan,3.6201,3.5869,0.1421,-0.0909,1.0332,-0.1217,0.0354,-0.2623,20.8548,-0.0192,3.0756,0.1090
23.301,88.578,2.9182,-13.9368,59.123,2.9608,-13.8746,58.500,0.0753,-0.0047,0.0754,-0.623,1.9327,-15.8070,-0.507,1.0110,1.9414,59.007,3.515,-0.4145,90.377,0.1825,0.0050,0.0147,2.9405,1,3.3868,3.4172,nan,3.6298,3.7375,0.1480,-0.0762,1.0385,-0.1256,0.0257,-0.3377,20.9546,0.0623,1.8185,0.1090
23.350,88.756,3.0108,-13.7848,57.951,3.0667,-13.6998,57.737,0.1018,-0.0023,0.1018,-0.215,1.9458,-15.8099,-0.108,1.1170,2.1123,57.845,3.594,-0.2743,90.560,0.1866,0.0017,0.0085,4.9899,1,3.5444,3.6194,nan,3.6756,3.7608,0.1489,-0.0430,1.0997,-0.1335,0.0337,-0.3595,21.1542,0.0493,3.1389,0.1090
23.400,88.897,3.0861,-13.6655,57.401,3.1225,-13.6200,57.274,0.0580,-0.0062,0.0583,-0.127,1.9445,-15.8174,-0.127,1.1732,2.2000,57.401,3.635,-0.2423,90.703,0.1788,0.0014,0.0080,5.8165,1,3.5393,3.5671,nan,3.7945,3.8339,0.1518,-0.0655,1.1489,-0.1147,0.0869,-0.2777,21.3538,0.0228,1.4513,0.1090
23.450,89.062,3.1758,-13.5270,56.475,3.2185,-13.4726,56.762,0.0689,-0.0055,0.0691,0.287,1.9499,-15.8369,0.213,1.2773,2.3596,56.550,3.696,-0.4198,90.872,0.1820,0.0003,0.0089,32.0726,1,3.6217,3.6691,nan,3.9372,3.9680,0.1571,-0.0808,1.1510,-0.0952,0.1331,-0.1969,21.5533,0.0178,0.7606,0.1090
23.501,89.316,3.3187,-13.3176,54.801,3.3635,-13.2648,55.042,0.0689,-0.0061,0.0692,0.241,1.9495,-15.8435,0.249,1.4252,2.5725,54.793,3.903,-0.3808,91.139,0.1812,0.0076,0.0187,2.4590,1,3.6883,3.7323,nan,4.1688,4.2899,0.1699,-0.0633,1.0994,-0.0760,0.1381,-0.1202,21.7529,0.0699,2.4978,0.1090
23.550,89.487,3.4182,-13.1786,53.847,3.4653,-13.1266,54.126,0.0698,-0.0073,0.0702,0.279,1.9460,-15.8579,0.313,1.5342,2.7230,53.814,4.034,-0.3928,91.318,0.1839,0.0051,0.0138,2.7033,1,3.9218,4.0607,nan,4.3492,4.4097,0.1746,-0.0401,1.0939,-0.0469,0.1348,-0.0415,21.9524,0.0328,4.0180,0.1090
23.600,89.684,3.5355,-13.0199,53.128,3.5733,-12.9842,52.936,0.0512,-0.0089,0.0520,-0.192,1.9202,-15.8626,-0.039,1.6512,2.8795,52.975,4.168,-0.1895,91.524,0.1823,0.0046,0.0118,2.5564,1,4.0130,4.0671,nan,4.3848,4.3484,0.1722,0.0061,1.0661,-0.0267,0.1165,0.0371,22.1520,-0.0190,2.2077,0.1090
23.650,89.872,3.6487,-12.8692,53.180,3.7073,-12.8045,53.544,0.0870,-0.0081,0.0873,0.364,1.9442,-15.8711,0.372,1.7831,3.0551,53.171,4.198,0.0863,91.714,0.1927,0.0019,0.0177,9.2229,1,4.0662,4.1112,nan,4.1350,4.1217,0.1632,0.0545,1.0158,-0.0055,0.0976,0.1135,22.3516,-0.0074,1.1706,0.1090
23.700,90.039,3.7479,-12.7356,53.928,3.7650,-12.7250,54.203,0.0187,-0.0076,0.0202,0.274,1.9442,-15.8711,0.372,1.8413,3.1342,53.830,4.129,0.3638,91.876,0.1766,0.0013,0.0003,0.2414,1,4.2602,4.3758,nan,3.8993,3.9993,0.1584,0.0829,1.0020,0.0246,0.0961,0.1963,22.5511,0.0800,-2.0645,0.1090
23.750,90.310,3.9041,-12.5145,56.118,3.9216,-12.4988,56.548,0.0228,-0.0058,0.0235,0.430,1.9710,-15.8810,0.783,1.9966,3.3552,55.764,3.934,0.7708,92.136,0.1772,0.0126,0.0170,1.3473,1,4.0770,4.0745,nan,3.6776,3.7669,0.1492,0.1262,1.0020,0.0512,0.0893,0.2774,22.7507,0.0517,-1.9488,0.1090
23.800,90.491,4.0029,-12.3625,58.200,4.0146,-12.3529,57.993,0.0143,-0.0049,0.0152,-0.206,1.9054,-15.8683,-0.119,2.1019,3.5198,58.113,3.770,0.8202,92.308,0.1808,0.0095,0.0116,1.2175,1,3.9299,3.9372,nan,3.4701,3.4691,0.1374,0.1412,0.9845,0.0785,0.0978,0.3543,22.9503,-0.0006,-3.7222,0.1090
23.850,90.652,4.0859,-12.2242,60.237,4.0897,-12.2217,60.115,0.0041,-0.0021,0.0046,-0.121,1.8965,-15.8751,-0.156,2.1833,3.6594,60.271,3.571,0.8457,92.459,0.1828,0.0030,0.0022,0.7176,1,3.9363,3.9696,nan,3.2774,3.2115,0.1272,0.1861,0.9861,0.0880,0.0449,0.4353,23.1498,-0.0800,-5.9349,0.1090
23.900,90.877,4.1918,-12.0259,64.117,4.1908,-12.0336,63.642,-0.0074,-0.0024,0.0078,-0.475,1.9026,-15.8602,-0.210,2.2741,3.8349,63.852,3.302,1.1156,92.671,0.1798,0.0062,0.0078,1.2585,1,3.6512,3.6017,nan,3.2774,3.2813,0.1300,0.2158,0.9146,0.1003,0.0413,0.4809,23.2496,0.0023,-6.6919,0.1090
23.950,91.027,4.2544,-11.8891,67.038,4.2486,-11.8926,66.975,-0.0054,0.0040,0.0067,-0.063,1.8927,-15.8760,-0.183,2.3432,3.9910,67.157,3.240,1.1491,92.819,0.1867,0.0183,0.0170,0.9331,1,3.3449,3.2756,nan,3.1023,3.1702,0.1256,0.2356,0.8379,0.1100,0.0107,0.5676,23.4492,0.0393,-1.9414,0.1090
24.000,91.168,4.3063,-11.7584,69.996,4.2778,-11.7864,69.865,-0.0361,0.0172,0.0400,-0.131,1.8693,-15.8951,-0.250,2.3905,4.1191,70.115,3.162,1.1882,92.958,0.1886,0.0138,0.0231,1.6660,1,3.2058,3.2086,nan,3.0245,3.1183,0.1235,0.2557,0.8031,0.1209,0.0073,0.6108,23.5490,0.0544,-2.9759,0.1090
24.050,91.311,4.3519,-11.6225,73.278,4.3241,-11.6585,72.655,-0.0425,0.0162,0.0455,-0.624,1.8390,-15.8827,-0.712,2.4325,4.2547,73.366,3.080,1.2501,93.098,0.1912,0.0100,0.0202,2.0170,1,3.1592,3.1779,nan,2.9555,3.0090,0.1192,0.2648,0.8000,0.1348,0.0042,0.6634,23.6488,0.0309,-2.7787,0.1090
24.100,91.501,4.3997,-11.4390,78.031,4.3754,-11.4685,76.912,-0.0339,0.0177,0.0382,-1.120,1.8113,-15.8500,-1.165,2.4744,4.4327,78.077,2.934,1.5711,93.283,0.1924,0.0279,0.0158,0.5673,1,3.0822,3.0957,nan,2.9437,2.9234,0.1158,0.3584,0.8000,0.1243,-0.0770,0.7702,23.8483,-0.0117,-3.0674,0.1090
24.150,91.643,4.4241,-11.2994,82.598,4.4051,-11.3309,81.302,-0.0337,0.0148,0.0368,-1.295,1.8248,-15.8341,-1.108,2.4927,4.5522,82.410,2.877,1.6768,93.426,0.1863,0.0270,0.0177,0.6563,1,2.8675,2.8462,nan,3.0525,3.1534,0.1249,0.4163,0.8000,0.1049,-0.1586,0.7700,24.0479,0.0584,-2.8830,0.1090
24.200,91.765,4.4358,-11.1779,87.056,4.4171,-11.1951,86.118,-0.0181,0.0178,0.0254,-0.938,1.8469,-15.8523,-0.816,2.5036,4.6934,86.934,2.930,1.9303,93.555,0.1977,0.0204,0.0225,1.0999,1,2.8349,2.8528,nan,3.1983,3.3326,0.1320,0.4478,0.8000,0.0808,-0.1351,0.7116,24.1477,0.0800,1.2483,0.1090
24.250,91.890,4.4376,-11.0530,92.033,4.4186,-11.0618,90.802,-0.0081,0.0193,0.0210,-1.231,1.8322,-15.8412,-1.001,2.5025,4.8239,91.803,3.012,2.0929,93.690,0.2034,0.0162,0.0181,1.1142,1,3.0248,3.1080,nan,3.2780,3.2815,0.1300,0.4205,0.8236,0.0611,-0.1500,0.6180,24.3473,0.0020,1.8190,0.1063
24.300,92.024,4.4275,-10.9195,97.102,4.4048,-10.8983,96.775,0.0238,0.0199,0.0311,-0.328,1.8621,-15.8434,-0.654,2.4860,4.9737,97.429,3.071,1.9670,93.832,0.2184,0.0154,0.0156,1.0130,1,3.1261,3.1751,nan,3.4442,3.4720,0.1375,0.3977,0.8860,0.0361,-0.1517,0.5350,24.5468,0.0161,2.2133,0.1063
24.350,92.245,4.3861,-10.7021,104.827,4.3581,-10.6855,104.016,0.0232,0.0228,0.0325,-0.811,1.8755,-15.8515,-0.451,2.4419,5.1853,104.467,3.264,1.8497,94.072,0.2170,0.0248,0.0203,0.8198,1,3.0446,3.0570,nan,3.6195,3.6620,0.1450,0.3609,0.8812,0.0175,-0.1153,0.4928,24.6466,0.0800,2.9364,0.1063
24.400,92.387,4.3448,-10.5656,109.421,4.3057,-10.5284,109.010,0.0481,0.0245,0.0540,-0.412,1.8778,-15.8589,-0.425,2.3883,5.3483,109.434,3.364,1.8062,94.224,0.2432,0.0211,0.0197,0.9320,1,3.3484,3.6609,nan,3.8033,3.8856,0.1539,0.3139,1.0289,-0.0128,-0.1468,0.3775,24.9460,0.0476,2.3756,0.1063
24.450,92.529,4.2937,-10.4339,113.402,4.2403,-10.3748,113.363,0.0754,0.0256,0.0796,-0.038,1.8664,-15.8582,-0.543,2.3217,5.5056,113.906,3.523,1.5193,94.379,0.2717,0.0156,0.0168,1.0764,1,3.5414,3.6346,nan,3.9953,4.0640,0.1610,0.2539,1.1063,-0.0257,-0.0954,0.3469,25.0457,0.0398,4.4938,0.1063
24.500,92.782,4.1824,-10.2065,118.888,4.1243,-10.1491,118.798,0.0783,0.0232,0.0817,-0.090,1.8860,-15.8692,-0.341,2.2042,5.7333,119.139,3.800,1.2690,94.654,0.2766,0.0139,0.0175,1.2593,1,3.4702,3.4875,nan,4.0918,4.1889,0.1659,0.2153,1.1296,-0.0392,-0.1054,0.2728,25.2453,0.0800,5.1188,0.1063
24.550,92.956,4.0945,-10.0564,122.213,4.0350,-10.0054,122.078,0.0749,0.0232,0.0784,-0.135,1.9244,-15.8948,-0.009,2.1096,5.8897,122.087,3.919,1.2645,94.837,0.2857,0.0214,0.0290,1.3537,1,3.7673,4.1971,nan,4.4511,4.5161,0.1789,0.1764,1.2282,-0.0681,-0.0948,0.2017,25.4449,0.0800,3.2215,0.1063
24.600,93.141,3.9919,-9.9018,125.165,3.9275,-9.8448,125.236,0.0837,0.0198,0.0860,0.071,1.9378,-15.9054,0.030,1.9928,6.0596,125.206,4.125,1.0882,95.038,0.3065,0.0186,0.0320,1.7239,1,4.0176,4.1865,nan,4.6172,4.7622,0.1886,0.0843,1.3041,-0.0790,-0.0560,0.1334,25.6444,0.0759,3.5842,0.1063
24.650,93.328,3.8821,-9.7508,126.756,3.8029,-9.6787,126.935,0.1052,0.0203,0.1071,0.178,1.9462,-15.9127,0.073,1.8645,6.2316,126.862,4.343,0.3985,95.241,0.3343,0.0086,0.0309,3.5798,1,4.1645,4.2456,nan,4.6973,4.7973,0.1900,0.0303,1.3041,-0.0924,-0.0383,0.0252,25.9438,0.0507,4.2851,0.1063
24.700,93.618,3.7065,-9.5197,127.468,3.6403,-9.4608,127.273,0.0870,0.0167,0.0886,-0.195,1.9129,-15.9044,-0.268,1.6973,6.4516,127.540,4.597,0.1194,95.550,0.3207,0.0086,0.0220,2.5702,1,4.3355,4.4387,nan,4.9272,5.0757,0.2010,0.0172,1.3041,-0.1154,-0.0607,-0.0464,26.1434,0.0727,4.0253,0.1063
24.750,93.829,3.5778,-9.3530,127.771,3.4991,-9.2727,126.916,0.1117,0.0130,0.1125,-0.855,1.8532,-15.8976,-0.874,1.5446,6.6493,127.790,4.747,0.0983,95.773,0.3593,0.0130,0.0275,2.1132,1,4.6110,4.9067,nan,5.0727,5.1275,0.2031,0.0106,1.3041,-0.1419,-0.0498,-0.1542,26.4427,0.0254,4.2794,0.1063
24.800,94.040,3.4479,-9.1862,127.974,3.3828,-9.1206,127.171,0.0917,0.0109,0.0924,-0.804,1.8615,-15.9038,-0.822,1.4238,6.8044,127.993,4.851,0.0718,95.993,0.3446,0.0151,0.0269,1.7767,1,4.6865,4.7566,nan,5.0922,5.1710,0.2048,-0.0354,1.3041,-0.1549,-0.0189,-0.2271,26.6423,0.0366,3.0577,0.1063
24.850,94.256,3.3157,-9.0162,127.396,3.2492,-8.9385,126.517,0.1022,0.0056,0.1023,-0.879,1.8322,-15.9050,-1.150,1.2769,6.9936,127.667,4.934,-0.4177,96.215,0.3685,0.0096,0.0235,2.4445,1,4.8790,5.0340,nan,5.1221,5.2693,0.2087,-0.1012,1.3133,-0.1502,0.0598,-0.2567,26.9416,0.0800,1.9967,0.1063
24.900,94.475,3.1846,-8.8410,125.601,3.1338,-8.7701,124.745,0.0872,0.0000,0.0872,-0.856,1.8001,-15.9027,-1.470,1.1504,7.1644,126.215,5.007,-0.7679,96.443,0.3622,0.0073,0.0156,2.1252,1,4.8267,4.8612,nan,5.2003,5.3146,0.2105,-0.0894,1.3212,-0.1531,0.0525,-0.2471,27.1412,0.0800,2.0613,0.1063
24.950,94.833,2.9818,-8.5449,122.858,2.9370,-8.4504,121.550,0.1037,-0.0136,0.1046,-1.308,1.8286,-15.9144,-1.322,0.9359,7.4876,122.872,5.096,-0.6249,96.811,0.3894,0.0277,0.0420,1.5176,1,5.0204,5.1861,nan,5.2594,5.3269,0.2110,-0.0788,1.3330,-0.1536,0.0515,-0.2317,27.4406,0.0302,1.4107,0.1063
25.000,94.941,2.9239,-8.4546,122.116,2.8761,-8.3272,119.483,0.1333,-0.0273,0.1360,-2.633,1.7686,-15.9446,-2.056,0.8335,7.6522,121.539,5.114,-0.6271,96.921,0.4740,0.0247,0.0442,1.7902,1,5.1027,5.1906,nan,5.3611,5.4238,0.2148,-0.1182,1.3463,-0.1391,0.1002,-0.2145,27.7399,0.0275,0.9079,0.1063
25.050,95.285,2.7464,-8.1597,119.338,2.7040,-7.9929,117.307,0.1662,-0.0448,0.1721,-2.032,1.7916,-15.9600,-1.993,0.6348,7.9940,119.299,5.166,-0.8516,97.273,0.5232,0.0107,0.0346,3.2427,1,4.7579,3.9413,nan,5.3611,5.3283,0.2110,-0.0798,1.3463,-0.1563,0.0658,-0.2145,27.7399,0.0800,0.7020,0.1063
25.100,95.502,2.6421,-7.9693,117.748,2.6712,-7.9162,115.701,0.0335,-0.0505,0.0606,-2.046,1.7916,-15.9600,-1.993,0.5993,8.0696,117.694,5.173,-0.6719,97.492,0.3918,0.0093,0.0430,4.6046,1,4.9197,6.3742,nan,5.5022,5.5266,0.2189,-0.0983,1.3592,-0.1355,0.0865,-0.1986,28.1390,0.0800,0.6455,0.1063
25.150,95.863,2.4817,-7.6462,114.375,2.4953,-7.5557,113.814,0.0769,-0.0497,0.0915,-0.561,1.9435,-15.9585,-0.793,0.4355,8.4097,114.607,5.260,-1.1421,97.864,0.4066,0.0229,0.0161,0.7021,1,4.8863,4.9264,nan,5.6149,5.5058,0.2181,-0.1464,1.3694,-0.0992,0.1245,-0.1859,28.4384,0.0800,1.2811,0.1063
25.200,96.089,2.3922,-7.4380,111.435,2.4064,-7.3281,112.183,0.0971,-0.0534,0.1108,0.748,2.1573,-15.9544,0.661,0.3487,8.6229,111.522,5.279,-1.2052,98.096,0.4085,0.0117,0.0147,1.2541,1,5.1344,5.4046,nan,5.7315,5.7896,0.2293,-0.1639,1.3802,-0.0504,0.1192,-0.1728,28.7377,0.0800,0.2287,0.1063
25.250,96.329,2.3096,-7.2127,108.014,2.3251,-7.0966,108.937,0.1056,-0.0507,0.1171,0.923,2.1514,-15.9562,0.596,0.2658,8.8573,108.342,5.390,-1.3091,98.351,0.4155,0.0090,0.0149,1.6535,1,5.3292,5.5208,nan,5.8500,6.0150,0.2382,-0.1522,1.3893,-0.0082,0.1283,-0.1619,29.0371,0.0800,0.0546,0.1063
25.300,96.687,2.2113,-6.8691,103.261,2.2483,-6.8355,106.381,0.0242,-0.0438,0.0500,3.120,2.3187,-15.9511,1.677,0.1965,9.1138,104.704,5.530,-1.2691,98.734,0.3326,0.0150,0.0299,1.9893,1,5.4908,5.6556,nan,5.9718,6.1461,0.2434,-0.1434,1.4004,0.0176,0.0987,-0.1488,29.3365,0.0703,3.6535,0.1063
25.350,96.964,2.1544,-6.5976,99.752,2.1475,-6.4095,101.555,0.1866,-0.0251,0.1882,1.804,2.3331,-15.9321,1.802,0.1140,9.5237,99.753,5.719,-1.2427,99.027,0.4535,0.0133,0.0406,3.0544,1,5.6091,5.7414,nan,6.0953,6.2662,0.2482,-0.1374,1.4084,0.0523,0.1017,-0.1395,29.6358,0.0674,3.4696,0.1063
25.400,97.201,2.1188,-6.3635,96.864,2.1201,-6.1645,97.499,0.1975,-0.0251,0.1990,0.636,2.1501,-15.9429,0.648,0.0805,9.7782,96.851,5.823,-1.2032,99.277,0.4688,0.0081,0.0194,2.3882,1,5.7883,5.9907,nan,6.2635,6.4199,0.2543,-0.1291,1.4049,0.0844,0.0831,-0.1277,29.9352,0.0598,2.8221,0.1063
25.450,97.466,2.0927,-6.0998,93.820,2.0990,-5.9156,94.624,0.1834,-0.0186,0.1843,0.805,2.1575,-15.9420,0.678,0.0601,10.0264,93.947,5.949,-1.1470,99.558,0.4529,0.0062,0.0206,3.3341,1,5.9575,6.1681,nan,6.3778,6.4858,0.2569,-0.1219,1.3983,0.0829,0.0400,-0.1161,30.2345,0.0401,3.1662,0.1063
25.500,97.724,2.0804,-5.8419,91.022,2.0804,-5.5815,92.070,0.2603,-0.0046,0.2604,1.048,2.2391,-15.9261,1.149,0.0488,10.3456,90.920,6.052,-1.1201,99.831,0.5037,0.0067,0.0334,4.9638,1,6.1237,6.3376,nan,6.4965,6.6006,0.2614,-0.1154,1.3906,0.0964,0.0326,-0.1262,30.6336,0.0379,2.8035,0.1063
25.550,98.153,2.0869,-5.4126,86.703,2.0913,-5.1708,87.800,0.2417,0.0095,0.2419,1.097,2.2196,-15.9138,1.012,0.0615,10.7436,86.789,6.202,-1.0443,100.281,0.4738,0.0089,0.0233,2.6364,1,6.3034,6.5508,nan,6.5606,6.6120,0.2619,-0.1089,1.3823,0.1094,0.0262,-0.1333,30.9330,0.0183,2.4755,0.1063
25.600,98.434,2.1082,-5.1329,83.990,2.1105,-4.8700,85.497,0.2617,0.0252,0.2629,1.507,2.3070,-15.9280,1.478,0.0888,11.0594,84.019,6.263,-1.0561,100.572,0.5017,0.0075,0.0300,4.0222,1,6.3031,6.3870,nan,6.5969,6.7173,0.2660,-0.1089,1.3771,0.1078,0.0177,-0.1367,31.2323,0.0433,1.5152,0.1063
25.650,98.711,2.1422,-4.8579,81.333,2.1442,-4.5936,83.068,0.2616,0.0379,0.2643,1.735,2.3623,-15.9446,1.760,0.1305,11.3524,81.309,6.320,-1.0170,100.859,0.5137,0.0041,0.0400,9.6839,1,6.4466,6.6546,nan,6.5374,6.5497,0.2594,-0.1041,1.3683,0.1139,0.0144,-0.1462,31.5317,0.0044,1.7110,0.1063
25.700,98.970,2.1853,-4.6025,78.933,2.1871,-4.3136,80.634,0.2839,0.0537,0.2889,1.702,2.3662,-15.9290,1.758,0.1772,11.6155,78.877,6.315,-1.0120,101.122,0.5188,0.0025,0.0540,21.6039,1,6.4731,6.5781,nan,6.3948,6.5151,0.2580,-0.1033,1.3614,0.1181,0.0141,-0.1536,31.8310,0.0447,-0.2609,0.1063
25.750,99.411,2.2831,-4.1722,74.889,2.2870,-3.9136,75.696,0.2507,0.0637,0.2586,0.807,2.1670,-15.9529,0.768,0.2814,12.0366,74.928,6.297,-1.0233,101.570,0.5078,0.0237,0.0545,2.2936,1,6.3312,6.3510,nan,6.2528,6.4400,0.2551,-0.1079,1.3530,0.1194,0.0114,-0.1576,32.1304,0.0722,-0.3499,0.1063
25.800,99.675,2.3561,-3.9187,72.352,2.3463,-3.7016,73.563,0.2039,0.0752,0.2173,1.211,2.2543,-16.0069,1.257,0.3619,12.3003,72.305,6.265,-1.0388,101.835,0.5136,0.0146,0.0431,2.9461,1,6.3781,6.4940,nan,6.0632,6.0589,0.2400,-0.1064,1.3432,0.0985,0.0082,-0.1687,32.5295,-0.0016,-0.9388,0.1063
25.850,99.972,2.4514,-3.6377,69.543,2.4298,-3.5372,70.819,0.0866,0.0554,0.1028,1.277,2.2487,-16.1000,1.243,0.4536,12.5560,69.576,6.113,-1.0224,102.122,0.4925,0.0121,0.0345,2.8440,1,6.2784,6.3166,nan,5.9703,5.9717,0.2365,-0.1098,1.3432,0.0954,-0.0011,-0.1753,32.7291,0.0005,-2.8068,0.1063
25.900,100.346,2.5913,-3.2911,65.770,2.5764,-3.2149,66.687,0.0633,0.0448,0.0776,0.917,2.1745,-16.1374,0.903,0.6056,12.9145,65.783,5.961,-1.1023,102.489,0.4978,0.0330,0.0402,1.2167,1,6.0286,5.9758,nan,5.8721,5.9895,0.2372,-0.1190,1.3432,0.0560,-0.0145,-0.1822,32.9287,0.0475,-3.2963,0.1063
25.950,100.612,2.7053,-3.0501,62.965,2.6963,-3.0389,63.177,0.0059,0.0131,0.0144,0.212,2.0551,-16.1868,0.340,0.7192,13.1439,62.837,5.893,-1.0043,102.753,0.4876,0.0225,0.0163,0.7232,1,5.8985,5.9193,nan,5.7741,5.9133,0.2342,-0.1073,1.3432,0.0263,-0.0334,-0.1878,33.1282,0.0577,-2.4747,0.1063
26.000,100.882,2.8320,-2.8123,60.396,2.8170,-2.8311,60.703,-0.0238,0.0037,0.0241,0.307,2.0361,-16.2240,0.321,0.8560,13.3883,60.381,5.827,-0.8058,103.021,0.4892,0.0125,0.0064,0.5093,1,5.7113,5.7038,nan,5.6571,5.8399,0.2313,-0.0468,1.3432,-0.0288,-0.0396,-0.1981,33.4276,0.0800,-1.8357,0.1063
26.050,101.102,2.9424,-2.6214,59.404,2.9316,-2.6326,59.275,-0.0151,0.0036,0.0156,-0.128,2.1370,-16.2216,0.733,0.9684,13.5778,58.542,5.777,-0.3551,103.239,0.4870,0.0006,0.0027,4.2143,1,5.8533,6.0206,nan,5.6572,5.7272,0.2268,-0.0281,1.3432,-0.0463,-0.0358,-0.2063,33.6272,0.0291,-1.4242,0.1063
26.101,101.514,3.1554,-2.2685,57.957,3.1352,-2.2943,58.511,-0.0326,0.0034,0.0328,0.554,2.0535,-16.2154,0.374,1.1725,13.9138,58.137,5.696,-0.5815,103.649,0.4756,0.0168,0.0144,0.8569,1,5.5875,5.5280,nan,5.7446,5.8638,0.2322,-0.0659,1.3422,-0.0306,0.0493,-0.1952,33.9265,0.0494,-1.6555,0.1063
26.150,101.788,3.3030,-2.0385,56.365,3.2988,-2.0498,56.149,-0.0117,-0.0028,0.0121,-0.217,1.9184,-16.1988,-0.206,1.3297,14.1538,56.354,5.678,-0.5223,103.923,0.4805,0.0157,0.0130,0.8249,1,5.5521,5.6032,nan,5.5293,5.5121,0.2183,-0.0567,1.2802,-0.0136,0.0724,-0.1153,34.2258,-0.0072,-0.3690,0.1063
26.200,102.035,3.4416,-1.8340,55.134,3.4028,-1.8963,55.367,-0.0733,-0.0037,0.0734,0.232,2.0097,-16.2287,0.227,1.4498,14.3268,55.140,5.548,-0.3231,104.161,0.4607,0.0080,0.0019,0.2317,1,5.6992,5.8636,nan,5.0381,5.0204,0.1988,0.0222,1.2179,-0.0109,0.0425,-0.0358,34.5252,-0.0081,-3.3265,0.1063
26.250,102.246,3.5627,-1.6604,55.380,3.5349,-1.7037,55.214,-0.0515,-0.0017,0.0515,-0.166,2.0871,-16.2347,0.538,1.5841,14.5168,54.676,5.310,0.3238,104.354,0.4692,0.0003,0.0075,29.4891,1,5.5015,5.4895,nan,4.7961,4.7447,0.1879,0.0502,1.1814,0.0043,0.0422,0.0201,34.7248,-0.0245,-6.6493,0.1063
26.300,102.602,3.7619,-1.3653,56.437,3.6815,-1.4672,57.746,-0.1294,0.0106,0.1298,1.308,2.1469,-16.2441,0.797,1.7399,14.7541,56.949,4.883,-0.0690,104.680,0.4412,0.0242,0.0154,0.6359,1,5.2187,5.1486,nan,4.5616,4.5468,0.1801,-0.0096,1.1421,0.0351,0.0960,0.0750,34.9243,-0.0075,-7.5341,0.1044
26.350,102.822,3.8838,-1.1822,56.260,3.8102,-1.2661,56.853,-0.1107,0.0146,0.1116,0.594,2.0988,-16.2349,0.611,1.8708,14.9498,56.243,4.690,-0.0177,104.887,0.4467,0.0157,0.0086,0.5498,1,4.8634,4.7223,nan,4.3372,4.3932,0.1740,0.0185,1.1015,0.0610,0.0823,0.1328,35.1239,0.0304,-5.3559,0.1044
26.400,103.007,3.9860,-1.0288,56.538,3.9003,-1.1340,56.612,-0.1350,0.0135,0.1357,0.075,2.0077,-16.2186,0.238,1.9553,15.0766,56.374,4.533,0.1825,105.061,0.4349,0.0044,0.0213,4.8209,1,4.5437,4.4514,nan,4.2298,4.3175,0.1710,0.1132,1.0702,0.0647,0.0291,0.1903,35.3235,0.0800,-4.9073,0.1044
26.450,103.225,4.1043,-0.8456,58.405,4.0241,-0.9391,58.470,-0.1217,0.0193,0.1232,0.065,2.0168,-16.2089,0.245,2.0726,15.2610,58.224,4.373,0.8000,105.270,0.4365,0.0054,0.0257,4.7231,1,4.3545,4.3490,nan,3.9236,3.9536,0.1566,0.1994,1.0702,0.0628,-0.0257,0.2762,35.6228,0.0174,-4.0104,0.1044
26.500,103.403,4.1954,-0.6922,61.091,4.1192,-0.7820,60.653,-0.1154,0.0233,0.1177,-0.438,2.0269,-16.2142,0.275,2.1662,15.4220,60.378,4.125,1.3272,105.434,0.4411,0.0033,0.0366,10.9797,1,4.3728,4.4163,nan,3.7359,3.6296,0.1437,0.2255,1.0702,0.0730,-0.0002,0.3333,35.8224,-0.0800,-6.2929,0.1044
26.550,103.672,4.3155,-0.4519,66.474,4.2343,-0.5291,66.983,-0.1032,0.0436,0.1120,0.508,2.0518,-16.2020,0.334,2.2739,15.6599,66.649,3.685,1.2938,105.680,0.4466,0.0255,0.0554,2.1746,1,4.0779,4.0201,nan,3.5611,3.4541,0.1368,0.2239,1.0702,0.0841,0.0292,0.3947,36.0220,-0.0619,-7.7266,0.1044
26.600,103.830,4.3753,-0.3054,69.648,4.2866,-0.4273,68.932,-0.1451,0.0408,0.1507,-0.716,1.7791,-16.1652,-0.706,2.3133,15.7677,69.638,3.528,1.1490,105.831,0.4299,0.0169,0.0507,3.0037,1,3.6969,3.5202,nan,3.5611,3.6589,0.1449,0.1902,0.9891,0.0968,0.0546,0.4225,36.1217,0.0800,-5.2399,0.1044
26.650,103.961,4.4188,-0.1818,71.879,4.3535,-0.2729,71.515,-0.1069,0.0337,0.1121,-0.364,1.7735,-16.1375,-0.800,2.3583,15.8990,72.314,3.542,1.0600,105.963,0.4346,0.0071,0.0586,8.2242,1,3.4655,3.4433,nan,3.4024,3.4751,0.1376,0.2699,0.9272,0.0811,-0.0005,0.4893,36.3213,0.0800,0.5742,0.1044
26.700,104.142,4.4701,-0.0080,75.977,4.4205,-0.0673,74.937,-0.0695,0.0337,0.0773,-1.040,1.6542,-16.0953,-1.278,2.4083,16.0857,76.215,3.433,1.5124,106.142,0.4452,0.0082,0.0394,4.8112,1,3.3514,3.3604,nan,3.2814,3.4161,0.1353,0.3627,0.8966,0.0622,-0.0643,0.5550,36.5209,0.0800,-1.0424,0.1044
26.750,104.360,4.5123,0.2055,82.604,4.4781,0.1463,80.953,-0.0631,0.0263,0.0683,-1.650,1.7171,-16.0666,-1.136,2.4390,16.2645,82.089,3.251,1.8534,106.356,0.4275,0.0261,0.0323,1.2378,1,3.4315,3.4765,nan,3.2554,3.2094,0.1271,0.3634,0.9181,0.0441,-0.0807,0.6296,36.7205,-0.0266,-2.9898,0.1044
26.800,104.504,4.5256,0.3488,87.303,4.5028,0.3106,85.822,-0.0392,0.0210,0.0445,-1.480,1.6277,-16.0392,-1.491,2.4488,16.4191,87.313,3.159,1.8177,106.499,0.4381,0.0176,0.0260,1.4746,1,3.3540,3.3696,nan,3.3516,3.3499,0.1327,0.3800,0.9092,0.0139,-0.0844,0.6273,36.9200,-0.0010,-3.5462,0.1044
26.850,104.646,4.5269,0.4914,92.171,4.5093,0.4598,90.646,-0.0309,0.0188,0.0362,-1.525,1.6446,-16.0302,-1.451,2.4462,16.5572,92.097,3.185,1.9388,106.647,0.4376,0.0139,0.0228,1.6358,1,3.2291,3.2353,nan,3.4884,3.5230,0.1395,0.4091,0.9105,-0.0127,-0.1167,0.5454,37.1196,0.0200,-0.3509,0.1044
26.900,104.775,4.5176,0.6197,96.851,4.5026,0.6103,95.407,-0.0076,0.0160,0.0177,-1.444,1.6504,-16.0225,-1.440,2.4332,16.6991,96.848,3.242,2.0797,106.785,0.4499,0.0175,0.0235,1.3419,1,3.1920,3.2122,nan,3.6422,3.7795,0.1497,0.3958,0.9333,-0.0344,-0.1145,0.4726,37.3191,0.0800,1.2678,0.1044
26.950,105.017,4.4724,0.8573,104.937,4.4587,0.8484,103.665,-0.0050,0.0155,0.0163,-1.272,1.7401,-16.0391,-1.140,2.3822,16.9383,104.805,3.479,1.7178,107.051,0.4551,0.0191,0.0080,0.4204,1,3.2564,3.2956,nan,3.8079,3.8632,0.1530,0.3164,0.9698,-0.0506,-0.0512,0.4369,37.4189,0.0800,0.5888,0.1044
27.000,105.169,4.4285,1.0026,109.217,4.4019,1.0257,108.478,0.0306,0.0175,0.0352,-0.738,1.8406,-16.0624,-0.801,2.3222,17.1223,109.279,3.577,1.7018,107.213,0.4942,0.0152,0.0058,0.3844,1,3.5568,3.8741,nan,3.9825,4.0471,0.1603,0.2890,1.1159,-0.0705,-0.0853,0.3391,37.7183,0.0374,2.4292,0.1044
27.050,105.337,4.3679,1.1593,113.561,4.3557,1.1476,112.983,-0.0058,0.0159,0.0169,-0.578,1.8663,-16.0728,-0.725,2.2714,17.2505,113.708,3.716,1.5230,107.394,0.4668,0.0135,0.0247,1.8246,1,3.8463,4.1073,nan,4.1655,4.1377,0.1639,0.1906,1.2268,-0.0685,-0.0282,0.3091,37.8181,-0.0153,3.7602,0.1044
27.100,105.488,4.3042,1.2970,116.226,4.2709,1.3336,116.206,0.0476,0.0137,0.0495,-0.020,1.9427,-16.0818,-0.469,2.1856,17.4339,116.674,3.850,1.0992,107.555,0.5152,0.0132,0.0112,0.8515,1,3.7464,3.7617,nan,4.2570,4.3486,0.1722,0.1445,1.2374,-0.0755,-0.0167,0.2473,38.0176,0.0513,3.8281,0.1044
27.150,105.764,4.1750,1.5407,119.595,4.1219,1.6058,119.426,0.0828,0.0140,0.0840,-0.170,1.9614,-16.0861,-0.400,2.0370,17.7065,119.826,4.151,0.7478,107.852,0.5497,0.0065,0.0070,1.0718,1,3.9310,4.0274,nan,4.5172,4.6571,0.1844,0.1159,1.3469,-0.0868,-0.0330,0.1846,38.2172,0.0748,3.4491,0.1044
27.200,105.942,4.0849,1.6942,121.431,4.0429,1.7384,120.874,0.0596,0.0128,0.0610,-0.557,1.9536,-16.0850,-0.422,1.9580,17.8383,121.296,4.305,0.7718,108.041,0.5262,0.0073,0.0067,0.9135,1,4.1722,4.3316,nan,4.7589,4.9049,0.1943,0.0981,1.4058,-0.1048,-0.0587,0.0928,38.5165,0.0741,4.6528,0.1044
27.250,106.145,3.9766,1.8659,123.199,3.9228,1.9248,123.072,0.0788,0.0128,0.0798,-0.127,1.9917,-16.0972,-0.311,1.8332,18.0323,123.383,4.505,0.5409,108.259,0.5537,0.0082,0.0120,1.4780,1,4.4200,4.6127,nan,4.9112,4.9882,0.1976,0.0487,1.4058,-0.1130,-0.0310,0.0316,38.7161,0.0371,2.7198,0.1044
27.300,106.347,3.8646,2.0341,124.113,3.8097,2.0983,123.608,0.0839,0.0095,0.0845,-0.505,1.9247,-16.0931,-0.538,1.7141,18.2082,124.146,4.661,0.3292,108.473,0.5642,0.0121,0.0088,0.7242,1,4.5898,4.7067,nan,5.0573,5.1214,0.2028,0.0403,1.2969,-0.1192,-0.0110,-0.0623,39.0155,0.0298,4.2043,0.1044
27.350,106.667,3.6829,2.2968,125.237,3.6249,2.3683,124.716,0.0919,0.0061,0.0921,-0.521,1.9471,-16.1102,-0.499,1.5169,18.4924,125.215,4.847,0.3069,108.808,0.5905,0.0114,0.0099,0.8691,1,4.5418,4.5735,nan,5.1611,5.3144,0.2105,0.0555,1.2133,-0.1290,-0.0029,-0.0834,39.2150,0.0800,3.8645,0.1044
27.400,106.893,3.5509,2.4806,126.317,3.5045,2.5418,125.370,0.0768,0.0012,0.0768,-0.947,1.8146,-16.1045,-0.931,1.3868,18.6713,126.300,4.975,0.4036,109.045,0.5856,0.0142,0.0115,0.8075,1,4.8272,5.3127,nan,4.6874,4.5468,0.1801,0.0427,1.1063,-0.1240,0.0420,-0.1211,39.5144,0.0800,2.4711,0.1044
27.450,107.121,3.4147,2.6632,127.192,3.3731,2.7271,126.398,0.0760,-0.0055,0.0762,-0.794,1.8510,-16.1153,-0.850,1.2424,18.8629,127.248,4.738,0.2659,109.256,0.5978,0.0156,0.0153,0.9800,1,5.0097,5.1611,nan,4.2830,4.1894,0.1659,0.0306,1.0423,-0.1085,0.0886,-0.1424,39.7140,-0.0492,-0.7774,0.1044
27.500,107.314,3.2974,2.8164,127.736,3.2693,2.8731,126.406,0.0620,-0.0124,0.0633,-1.331,1.6876,-16.1052,-1.368,1.1281,19.0107,127.774,4.477,0.2115,109.432,0.5918,0.0107,0.0063,0.5863,1,4.7148,4.6406,nan,4.2830,4.4159,0.1749,0.0383,0.9789,-0.0957,0.1185,-0.0813,39.9135,0.0800,-7.6923,0.1044
27.550,107.607,3.1163,3.0467,128.950,3.0926,3.1073,127.341,0.0621,-0.0196,0.0651,-1.610,1.6876,-16.1052,-1.368,0.9458,19.2406,128.709,4.250,0.4860,109.711,0.5923,0.0288,0.0167,0.5806,1,4.3251,4.1146,nan,3.9991,4.0187,0.1592,0.0744,0.9131,-0.0813,0.1206,0.0413,40.1131,0.0800,-4.7890,0.1044
27.600,107.794,2.9970,3.1915,130.173,3.0188,3.1926,129.459,-0.0132,-0.0174,0.0218,-0.714,1.9183,-16.1445,-0.732,0.8533,19.3496,130.191,4.098,0.4826,109.889,0.5478,0.0239,0.0071,0.2956,1,4.2573,4.2821,nan,3.5960,3.5374,0.1401,0.0785,0.8554,-0.0479,0.1393,0.1598,40.3127,-0.0340,-4.3383,0.1044
27.650,107.956,2.8917,3.3142,131.310,2.9225,3.2996,131.045,-0.0313,-0.0135,0.0341,-0.265,2.0633,-16.1603,-0.310,0.7540,19.4643,131.355,3.817,0.4503,110.034,0.5378,0.0136,0.0040,0.2969,1,4.0252,4.0056,nan,3.4702,3.4675,0.1373,0.0690,0.8541,-0.0173,0.1551,0.2232,40.4125,-0.0016,-7.9242,0.1044
27.700,108.115,2.7856,3.4331,132.292,2.8460,3.3846,132.110,-0.0765,-0.0121,0.0774,-0.183,2.0633,-16.1603,-0.310,0.6771,19.5489,132.419,3.616,0.3854,110.182,0.4929,0.0117,0.0183,1.5677,1,3.6972,3.6135,nan,3.3490,3.4770,0.1377,0.0713,0.8000,0.0101,0.1582,0.2797,40.5122,0.0741,-5.5344,0.1044
27.750,108.362,2.6172,3.6134,134.334,2.6714,3.5616,133.778,-0.0750,-0.0026,0.0750,-0.556,2.1318,-16.1755,-0.112,0.5008,19.7380,133.891,3.401,0.9313,110.418,0.5047,0.0286,0.0110,0.3861,1,3.3781,3.2973,nan,3.2319,3.2495,0.1287,0.1772,0.8000,0.0277,0.1035,0.4019,40.7118,0.0800,-3.3866,0.1044
27.800,108.516,2.5080,3.7211,136.783,2.5553,3.6784,136.424,-0.0637,-0.0013,0.0637,-0.359,1.9774,-16.1657,-0.558,0.3848,19.8487,136.981,3.266,0.9774,110.565,0.5116,0.0252,0.0145,0.5741,1,3.4373,3.4770,nan,3.0110,2.9824,0.1181,0.2308,0.8000,0.0598,0.0848,0.5228,40.9114,-0.0165,-3.8125,0.1044
27.850,108.654,2.4048,3.8141,139.603,2.4680,3.7556,138.875,-0.0860,0.0036,0.0861,-0.728,1.9774,-16.1657,-0.558,0.2967,19.9251,139.433,3.069,1.1901,110.696,0.4891,0.0203,0.0152,0.7460,1,3.1920,3.1596,nan,2.9046,2.9603,0.1172,0.3043,0.8000,0.0677,0.0689,0.5852,41.0112,0.0323,-6.1017,0.1044
27.900,108.848,2.2522,3.9334,144.801,2.3459,3.8520,144.575,-0.1235,0.0125,0.1241,-0.226,2.1318,-16.1595,-0.087,0.1838,20.0117,144.662,2.920,1.3985,110.886,0.4381,0.0115,0.0484,4.2057,1,3.0473,3.0474,nan,2.7027,2.6811,0.1062,0.4223,0.8000,0.0808,0.0167,0.7127,41.2107,-0.0125,-4.0630,0.1044
27.950,108.972,2.1491,4.0017,148.884,2.2017,3.9455,148.700,-0.0740,0.0209,0.0769,-0.185,2.1003,-16.1564,-0.155,0.0468,20.1022,148.855,2.712,1.8083,111.003,0.4774,0.0377,0.0283,0.7510,1,2.8797,2.8733,nan,2.5173,2.4671,0.0977,0.4855,0.8000,0.0882,0.0294,0.7861,41.3105,-0.0291,-3.5325,0.1044
28.000,109.088,2.0470,4.0581,153.824,2.1031,4.0027,152.793,-0.0748,0.0250,0.0788,-1.031,1.8737,-16.1503,-0.794,-0.0501,20.1542,153.587,2.505,1.9529,111.114,0.4707,0.0299,0.0216,0.7250,1,2.7003,2.6869,nan,2.5173,2.5707,0.1018,0.5574,0.8000,0.0989,-0.0278,0.9380,41.5101,0.0309,-6.4770,0.1044
28.050,109.202,1.9429,4.1037,159.365,2.0032,4.0444,158.347,-0.0773,0.0343,0.0846,-1.019,1.8737,-16.1503,-0.794,-0.1506,20.1945,159.141,2.433,2.1789,111.230,0.4644,0.0239,0.0258,1.0838,1,2.5717,2.5713,nan,2.4208,2.4833,0.0983,0.6242,0.8000,0.0973,-0.0258,1.0246,41.6099,0.0362,-2.3633,0.1044
28.100,109.298,1.8521,4.1337,164.498,1.8689,4.0932,164.272,-0.0270,0.0345,0.0438,-0.225,1.8666,-16.1391,-0.758,-0.2655,20.2306,165.031,2.358,2.2934,111.328,0.4857,0.0128,0.0200,1.5627,1,2.4747,2.4798,nan,2.4111,2.4563,0.0973,0.6774,0.8000,0.0970,-0.0103,1.1107,41.7096,0.0261,-3.1151,0.1044
28.150,109.459,1.6935,4.1644,173.981,1.7011,4.1299,173.184,-0.0112,0.0335,0.0353,-0.797,1.9173,-16.1274,-0.567,-0.4166,20.2542,173.751,2.270,2.4329,111.496,0.4753,0.0539,0.0506,0.9400,1,2.3697,2.3724,nan,2.4178,2.4543,0.0972,0.7174,0.8000,0.0908,-0.0103,1.1945,41.8094,0.0212,-2.2146,0.1044
28.200,109.556,1.5969,4.1697,-179.893,1.6208,4.1429,178.716,-0.0239,0.0269,0.0360,-1.391,1.7978,-16.1195,-0.953,-0.5141,20.2566,179.670,2.236,2.4925,111.599,0.4740,0.0366,0.0206,0.5638,1,2.4501,2.4855,nan,2.4138,2.3892,0.0946,0.6899,0.8000,0.0624,-0.1096,1.1975,42.0090,-0.0143,-1.8056,0.1044
28.250,109.660,1.4929,4.1636,-173.275,1.5054,4.1413,-174.138,-0.0098,0.0236,0.0255,-0.863,1.6131,-16.1134,-1.501,-0.6381,20.2449,-172.637,2.204,2.4237,111.710,0.4848,0.0268,0.0215,0.8022,1,2.4869,2.5131,nan,2.4042,2.3451,0.0929,0.6713,0.8000,0.0390,-0.2195,1.2014,42.2086,-0.0342,-1.8386,0.1044
28.300,109.752,1.4022,4.1484,-167.582,1.4089,4.1245,-169.064,-0.0014,0.0248,0.0248,-1.482,1.6131,-16.1134,-1.501,-0.7342,20.2256,-167.563,2.179,2.3600,111.807,0.4860,0.0133,0.0314,2.3563,1,2.2026,2.1307,nan,2.4112,2.5226,0.0999,0.8076,0.8000,0.0282,-0.1247,1.2014,42.2086,0.0800,-0.3827,0.1031
28.350,109.903,1.2583,4.1037,-157.260,1.2507,4.0684,-158.238,0.0206,0.0296,0.0361,-0.978,1.6610,-16.1127,-1.397,-0.9021,20.1652,-156.841,2.186,2.7802,111.977,0.4945,0.0511,0.0528,1.0344,1,2.2402,2.2643,nan,2.4015,2.5241,0.1000,0.8107,0.8000,0.0062,-0.2453,1.2041,42.4081,0.0710,-0.1168,0.1031
28.400,109.999,1.1722,4.0615,-150.069,1.1994,4.0317,-152.822,-0.0087,0.0394,0.0403,-2.753,1.3344,-16.1127,-2.407,-0.9810,20.1210,-150.415,2.188,2.6975,112.086,0.4876,0.0380,0.0243,0.6397,1,2.3627,2.4095,nan,2.3926,2.4154,0.0957,0.7370,0.8000,-0.0035,-0.2022,1.2038,42.5079,0.0132,-1.4153,0.1031
28.450,110.099,1.0882,4.0063,-143.188,1.1141,3.9786,-145.520,-0.0042,0.0377,0.0380,-2.332,1.2820,-16.1075,-2.574,-1.0696,20.0583,-142.947,2.185,2.5242,112.195,0.4866,0.0261,0.0243,0.9299,1,2.4469,2.4833,nan,2.4960,2.5333,0.1003,0.6915,0.8000,-0.0138,-0.1928,1.2130,42.6077,0.0216,0.6874,0.1031
28.500,110.241,0.9814,3.9126,-133.876,0.9796,3.8637,-136.450,0.0365,0.0326,0.0490,-2.574,1.2820,-16.1075,-2.574,-1.1989,19.9375,-133.877,2.268,2.6914,112.357,0.4892,0.0144,0.0490,3.3899,1,2.3289,2.3286,nan,2.5997,2.7173,0.1076,0.7258,0.8000,-0.0251,-0.1995,1.0576,42.7075,0.0681,2.0995,0.1031
28.550,110.350,0.9112,3.8303,-126.577,0.9181,3.7842,-128.336,0.0329,0.0330,0.0466,-1.759,1.6034,-16.1006,-1.666,-1.2632,19.8565,-126.670,2.344,2.5253,112.481,0.4851,0.0466,0.0305,0.6543,1,2.5145,2.5889,nan,2.7129,2.6605,0.1054,0.6578,0.8000,-0.0605,-0.1623,0.9550,42.8073,-0.0303,0.6802,0.1031
28.600,110.446,0.8574,3.7498,-120.760,0.8694,3.7015,-122.189,0.0353,0.0350,0.0497,-1.428,1.6538,-16.0854,-1.561,-1.3231,19.7582,-120.628,2.396,2.3013,112.587,0.4806,0.0252,0.0151,0.5995,1,2.5714,2.6028,nan,2.8239,2.7941,0.1107,0.5875,0.8000,-0.0607,-0.1070,0.8308,42.9071,-0.0172,1.0312,0.1031
28.650,110.561,0.8037,3.6480,-114.578,0.8269,3.6172,-116.454,0.0184,0.0339,0.0385,-1.876,1.5763,-16.0942,-1.786,-1.3632,19.6785,-114.669,2.503,2.1240,112.715,0.4813,0.0203,0.0097,0.4780,1,2.5661,2.5858,nan,2.9464,2.9765,0.1179,0.5124,0.8000,-0.0665,-0.1480,0.6251,43.1066,0.0174,2.6338,0.1031
28.700,110.664,0.7647,3.5529,-109.762,0.7678,3.4748,-110.615,0.0725,0.0293,0.0782,-0.853,1.8743,-16.0802,-0.935,-1.4255,19.5343,-109.680,2.623,2.1292,112.830,0.4755,0.0192,0.0264,1.3734,1,2.6720,2.7171,nan,3.2015,3.3197,0.1315,0.5030,0.8000,-0.0886,-0.1086,0.5443,43.2064,0.0684,4.2160,0.1031
28.750,110.859,0.7125,3.3656,-101.612,0.7098,3.2569,-101.868,0.1070,0.0193,0.1087,-0.256,1.8677,-16.0799,-0.954,-1.4797,19.3149,-100.914,2.951,1.4191,113.055,0.4630,0.0259,0.0261,1.0082,1,2.8260,2.8903,nan,3.3276,3.3844,0.1340,0.3053,0.8749,-0.0910,-0.0764,0.3635,0.0000,0.0329,1.5604,0.1031
28.800,110.995,0.6891,3.2308,-97.892,0.6892,3.1169,-98.882,0.1128,0.0158,0.1139,-0.989,1.8554,-16.0732,-1.005,-1.5026,19.1667,-97.876,3.112,1.4299,113.202,0.4571,0.0203,0.0223,1.0995,1,3.0206,3.1094,nan,3.6747,3.7645,0.1491,0.2777,0.9841,-0.1043,-0.0651,0.2711,0.0998,0.0800,4.6793,0.1031
28.850,111.141,0.6733,3.0860,-94.242,0.6761,2.9742,-95.386,0.1113,0.0111,0.1118,-1.144,1.7777,-16.0665,-1.248,-1.5159,19.0123,-94.138,3.346,1.2994,113.366,0.4511,0.0176,0.0241,1.3700,1,3.2385,3.3480,nan,3.7817,3.8775,0.1536,0.1467,1.1667,-0.1075,-0.0280,0.1025,0.2993,0.0555,6.0768,0.1031
28.900,111.283,0.6656,2.9444,-92.186,0.6691,2.8429,-92.796,0.1013,0.0073,0.1016,-0.610,1.8241,-16.0652,-1.110,-1.5213,18.8822,-91.685,3.547,0.7734,113.519,0.4534,0.0222,0.0258,1.1619,1,3.3331,3.3814,nan,3.9848,4.0638,0.1609,0.0941,1.2328,-0.1076,0.0082,0.0611,0.4989,0.0800,5.3370,0.1031
28.950,111.532,0.6608,2.6958,-90.135,0.6649,2.6093,-90.377,0.0865,0.0043,0.0866,-0.242,2.1420,-16.0285,-0.150,-1.5259,18.6338,-90.227,3.872,0.4979,113.788,0.4533,0.0186,0.0158,0.8507,1,3.6075,3.8053,nan,4.2668,4.3333,0.1716,0.0827,1.3513,-0.1166,0.0028,0.0415,0.6985,0.0800,4.3594,0.1031
29.000,111.722,0.6626,2.5052,-88.747,0.6692,2.3845,-88.873,0.1208,0.0039,0.1209,-0.126,2.1534,-16.0132,-0.120,-1.5228,18.3945,-88.753,4.052,0.4199,113.990,0.4349,0.0177,0.0075,0.4225,1,3.8545,4.0102,nan,4.3555,4.4328,0.1756,0.0501,1.4585,-0.1085,0.0146,0.0261,0.8981,0.0421,4.9655,0.1031
29.050,111.900,0.6678,2.3279,-87.961,0.6749,2.1859,-88.162,0.1421,0.0020,0.1421,-0.201,2.1241,-16.0253,-0.212,-1.5166,18.2058,-87.951,4.192,0.1980,114.177,0.4306,0.0202,0.0094,0.4664,1,4.1362,4.3817,nan,4.6085,4.6678,0.1849,0.0222,1.5216,-0.1004,0.0297,0.0160,1.0976,0.0303,4.0083,0.1031
29.100,112.088,0.6752,2.1396,-87.595,0.6840,1.9903,-87.610,0.1496,0.0025,0.1496,-0.015,2.1772,-16.0116,-0.047,-1.5082,18.0006,-87.562,4.358,0.1534,114.377,0.4251,0.0209,0.0081,0.3865,1,4.2373,4.3020,nan,4.7673,4.8743,0.1930,0.0236,1.5216,-0.0978,0.0236,0.0055,1.2972,0.0535,4.8600,0.1031
29.150,112.380,0.6890,1.8475,-87.102,0.6985,1.6251,-87.438,0.2226,-0.0017,0.2226,-0.336,2.0726,-16.0549,-0.382,-1.4920,17.6705,-87.056,4.640,0.0638,114.690,0.4151,0.0186,0.0028,0.1530,1,4.4423,4.5782,nan,4.9929,5.1208,0.2028,0.0094,1.5216,-0.0897,0.0321,-0.0179,1.5965,0.0614,4.8973,0.1031
29.200,112.603,0.7007,1.6257,-86.944,0.7078,1.3745,-87.448,0.2513,-0.0063,0.2513,-0.504,2.0270,-16.0665,-0.526,-1.4793,17.4281,-86.922,4.795,0.0707,114.924,0.4112,0.0179,0.0112,0.6243,1,4.5973,4.7057,nan,5.1359,5.2595,0.2083,0.0129,1.5216,-0.0859,0.0300,-0.0180,1.8959,0.0575,4.3234,0.1031
29.250,112.817,0.7126,1.4117,-86.707,0.7201,1.2182,-86.592,0.1937,-0.0036,0.1937,0.116,2.2283,-16.0286,0.129,-1.4693,17.2501,-86.721,4.936,0.0556,115.150,0.4187,0.0167,0.0053,0.3153,1,4.6593,4.7233,nan,5.3404,5.4337,0.2152,0.0051,1.5225,-0.0810,0.0336,-0.0163,2.0955,0.0800,2.9839,0.1031
29.300,113.053,0.7264,1.1763,-86.612,0.7375,0.9277,-86.692,0.2488,-0.0037,0.2489,-0.079,2.1659,-16.0536,-0.084,-1.4532,16.9792,-86.608,5.091,-0.0609,115.400,0.4109,0.0153,0.0010,0.0626,1,4.8711,5.0489,nan,5.5970,5.6562,0.2240,-0.0202,1.5225,-0.0589,0.0528,-0.0171,2.3948,0.0800,4.0784,0.1031
29.350,113.397,0.7455,0.8321,-87.197,0.7567,0.5396,-87.313,0.2927,-0.0031,0.2928,-0.116,2.1553,-16.0717,-0.119,-1.4333,16.6083,-87.194,5.354,-0.1575,115.768,0.4079,0.0138,0.0056,0.4034,1,5.1404,5.4882,nan,5.7191,5.8849,0.2331,-0.0188,1.5241,-0.0482,0.0447,-0.0144,2.6942,0.0698,4.4282,0.1031
29.400,113.636,0.7566,0.5934,-87.593,0.7693,0.2907,-87.638,0.3029,-0.0000,0.3029,-0.044,2.1800,-16.0743,-0.041,-1.4226,16.3640,-87.596,5.494,-0.1426,116.020,0.4080,0.0126,0.0040,0.3147,1,5.3739,5.6361,nan,5.8956,6.0219,0.2385,-0.0122,1.5241,-0.0400,0.0316,-0.0153,2.9935,0.0511,3.9608,0.1031
29.450,113.898,0.7671,0.3318,-87.896,0.7769,0.0405,-87.725,0.2915,-0.0009,0.2915,0.171,2.2340,-16.0427,0.160,-1.4122,16.0871,-87.885,5.646,-0.1413,116.296,0.4079,0.0123,0.0008,0.0661,1,5.5445,5.7213,nan,6.1193,6.2899,0.2491,-0.0167,1.5241,-0.0279,0.0300,-0.0143,3.2929,0.0670,3.3123,0.1031
29.500,114.250,0.7787,-0.0198,-88.471,0.7903,-0.3707,-88.305,0.3511,0.0022,0.3511,0.166,2.2272,-16.0610,0.134,-1.4001,15.6936,-88.439,5.867,-0.1898,116.670,0.4097,0.0136,0.0010,0.0718,1,5.7432,5.9754,nan,6.2267,6.3316,0.2508,-0.0213,1.5241,-0.0198,0.0314,-0.0078,3.5922,0.0399,4.6321,0.1031
29.550,114.409,0.7828,-0.1791,-88.760,0.7971,-0.4935,-87.937,0.3146,0.0075,0.3147,0.823,2.4208,-16.0213,0.835,-1.3971,15.5499,-88.772,5.936,-0.1921,116.838,0.4094,0.0123,0.0074,0.6010,1,5.8886,6.0624,nan,6.4835,6.6777,0.2645,-0.0219,1.5265,-0.0104,0.0270,-0.0113,3.9913,0.0722,3.2361,0.1031
29.600,114.789,0.7890,-0.5592,-89.500,0.8024,-0.9573,-89.051,0.3982,0.0099,0.3983,0.450,2.3075,-16.0491,0.432,-1.3913,15.1027,-89.483,6.144,-0.2397,117.241,0.4197,0.0134,0.0026,0.1944,1,5.8609,5.9210,nan,6.5820,6.6932,0.2651,-0.0299,1.5265,0.0035,0.0286,-0.0119,4.1909,0.0800,2.2051,0.1031
29.650,115.088,0.7902,-0.8575,-90.262,0.8019,-1.2443,-89.623,0.3868,0.0135,0.3870,0.639,2.3756,-16.0352,0.703,-1.3919,14.8091,-90.327,6.279,-0.2043,117.556,0.4204,0.0140,0.0051,0.3649,1,6.1236,6.6331,nan,6.7723,6.9709,0.2761,-0.0150,1.5265,0.0003,0.0121,-0.0132,4.5901,0.0800,3.2653,0.1031
29.700,115.490,0.7867,-1.2601,-90.783,0.8046,-1.5379,-89.616,0.2775,0.0217,0.2784,1.167,2.4615,-16.0398,1.034,-1.3950,14.5294,-90.650,6.416,-0.1480,117.980,0.4117,0.0143,0.0119,0.8303,1,6.0038,6.0295,nan,6.9096,6.8371,0.2708,-0.0122,1.5276,0.0012,0.0084,-0.0104,4.8894,0.0800,4.3486,0.1031
29.750,115.776,0.7823,-1.5459,-91.078,0.7999,-1.9092,-90.519,0.3629,0.0244,0.3637,0.559,2.3369,-16.0081,0.549,-1.4018,14.1130,-91.068,6.521,-0.1201,118.274,0.4241,0.0136,0.0067,0.4927,1,6.2530,7.1628,nan,7.0427,7.1020,0.2813,-0.0202,1.5276,0.0104,0.0137,-0.0121,5.1888,0.0800,3.1354,0.1031
29.800,116.066,0.7760,-1.8354,-91.555,0.7952,-2.2473,-91.119,0.4112,0.0304,0.4123,0.435,2.2694,-16.0066,0.269,-1.4095,13.7661,-91.388,6.642,-0.1537,118.579,0.4421,0.0139,0.0069,0.5001,1,6.5159,7.1981,nan,7.2140,7.3804,0.2923,-0.0112,1.5309,0.0072,0.0043,-0.0087,5.5879,0.0800,1.0262,0.1031
29.850,116.410,0.7658,-2.1790,-91.883,0.7836,-2.5923,-91.581,0.4125,0.0314,0.4137,0.302,2.2845,-16.0166,0.340,-1.4213,13.4330,-91.920,6.825,-0.0314,118.946,0.4401,0.0130,0.0064,0.4888,1,6.7174,7.0430,nan,7.3383,7.5722,0.2999,0.0031,1.5311,0.0015,-0.0093,-0.0070,5.9870,0.0771,4.2832,0.1031
29.900,116.693,0.7565,-2.4620,-91.832,0.7709,-2.9339,-91.692,0.4712,0.0294,0.4721,0.140,2.2369,-16.0255,0.147,-1.4325,13.0953,-91.839,6.976,0.0042,119.249,0.4626,0.0126,0.0048,0.3807,1,6.7885,6.9404,nan,7.5378,7.6658,0.3036,-0.0024,1.5311,0.0005,-0.0017,-0.0075,6.2864,0.0800,4.2573,0.1031
29.950,117.146,0.7417,-2.9150,-91.914,0.7615,-3.3876,-91.016,0.4717,0.0356,0.4730,0.898,2.4065,-15.9594,0.893,-1.4488,12.5959,-91.909,7.177,-0.0217,119.730,0.4857,0.0126,0.0149,1.1879,1,6.8898,7.0758,nan,7.6533,7.7703,0.3077,-0.0024,1.5311,-0.0027,0.0012,-0.0087,6.6855,0.0800,3.7636,0.1031
30.000,117.479,0.7304,-3.2477,-91.963,0.7494,-3.6139,-91.036,0.3653,0.0315,0.3667,0.927,2.4062,-15.8831,0.922,-1.4591,12.2943,-91.959,7.287,-0.0510,120.080,0.4699,0.0126,0.0155,1.2283,1,7.1423,7.7945,nan,7.8029,8.0383,0.3183,-0.0165,1.5322,0.0071,0.0130,-0.0058,7.0847,0.0800,2.8585,0.1031
30.050,117.803,0.7185,-3.5714,-92.410,0.7355,-3.9801,-91.821,0.4077,0.0342,0.4091,0.588,2.3142,-15.9316,0.512,-1.4717,11.9651,-92.334,7.427,-0.1811,120.425,0.4730,0.0133,0.0093,0.6954,1,7.3558,7.7990,nan,7.9118,8.1083,0.3211,-0.0124,1.5342,0.0029,0.0116,-0.0033,7.3840,0.0595,3.1359,0.1031
30.100,118.110,0.7050,-3.8781,-92.758,0.7212,-4.3066,-92.290,0.4272,0.0368,0.4288,0.468,2.3164,-15.9162,0.529,-1.4880,11.6238,-92.819,7.538,-0.1391,120.750,0.4924,0.0126,0.0097,0.7729,1,7.5086,7.8101,nan,8.0000,8.1505,0.3228,0.0144,1.5349,-0.0115,-0.0132,-0.0023,7.7831,0.0447,3.0204,0.1031
30.150,118.650,0.6806,-4.4182,-92.144,0.7019,-4.7835,-92.097,0.3642,0.0350,0.3659,0.047,2.2406,-15.8760,0.141,-1.5113,11.0963,-92.238,7.673,0.2249,121.315,0.4851,0.0127,0.0078,0.6125,1,7.5863,7.7844,nan,8.0000,8.0946,0.3206,0.0189,1.5355,-0.0172,-0.0150,-0.0025,8.1823,0.0278,2.3037,0.1031
30.200,119.012,0.6683,-4.7798,-91.567,0.6874,-5.1641,-91.327,0.3837,0.0296,0.3848,0.240,2.2491,-15.8727,0.209,-1.5227,10.7142,-91.536,7.714,0.0475,121.688,0.4949,0.0125,0.0099,0.7890,1,7.7495,8.0934,nan,8.0000,7.9735,0.3158,-0.0134,1.5355,-0.0054,0.0196,-0.0009,8.5814,-0.0076,1.1615,0.1031
30.250,119.336,0.6590,-5.1035,-91.865,0.6732,-5.5313,-91.665,0.4271,0.0281,0.4281,0.200,2.1837,-15.8957,-0.118,-1.5318,10.3613,-91.547,7.708,-0.1652,122.017,0.5108,0.0127,0.0035,0.2768,1,7.8695,8.1430,nan,8.0000,7.8844,0.3123,-0.0157,1.5360,0.0005,0.0186,-0.0025,8.8808,-0.0328,-0.1580,0.1031
30.300,119.651,0.6480,-5.4187,-92.312,0.6565,-5.8733,-92.606,0.4539,0.0268,0.4547,-0.294,2.1476,-15.9185,-0.308,-1.5451,10.0370,-92.298,7.677,-0.1553,122.335,0.5179,0.0124,0.0134,1.0832,1,7.8632,7.9920,nan,8.0000,7.8927,0.3126,0.0146,1.5360,-0.0162,-0.0092,0.0007,9.3797,-0.0305,-0.6108,0.1097
30.350,120.181,0.6284,-5.9476,-91.536,0.6351,-6.4240,-91.659,0.4760,0.0195,0.4764,-0.123,2.1945,-15.9216,-0.028,-1.5640,9.4969,-91.631,7.698,0.3564,122.876,0.5239,0.0129,0.0122,0.9443,1,7.7140,7.7412,nan,8.0000,8.2174,0.3254,0.0305,1.5359,-0.0267,-0.0206,0.0010,9.6790,0.0653,-0.6860,0.1097
30.400,120.521,0.6211,-6.2878,-90.634,0.6300,-6.7764,-90.099,0.4885,0.0143,0.4887,0.535,2.2855,-15.8772,0.540,-1.5698,9.1161,-90.639,7.759,0.2876,123.229,0.5479,0.0122,0.0146,1.1929,1,7.5481,7.5642,nan,8.0000,8.1520,0.3228,-0.0274,1.5359,-0.0025,0.0375,-0.0005,10.0782,0.0800,1.6600,0.1097
30.450,120.886,0.6163,-6.6532,-91.258,0.6277,-7.1013,-89.323,0.4478,0.0213,0.4483,1.935,2.2988,-15.8716,0.658,-1.5702,8.7888,-89.981,7.788,-0.5182,123.604,0.5207,0.0141,0.0268,1.8991,1,7.7717,8.3367,nan,8.0000,8.1735,0.3237,-0.0594,1.5352,0.0233,0.0607,0.0029,10.5771,0.0517,0.8431,0.1097
30.500,121.191,0.6072,-6.9572,-92.798,0.6123,-7.4590,-92.063,0.5009,0.0296,0.5018,0.735,2.3174,-15.8609,0.794,-1.5886,8.4247,-92.857,7.806,-0.7169,123.917,0.5659,0.0120,0.0137,1.1473,1,7.8657,8.1000,nan,8.0000,8.1021,0.3209,0.0123,1.5345,0.0045,-0.0160,0.0040,10.9762,0.0300,0.4517,0.1097
30.550,121.729,0.5801,-7.4953,-92.097,0.5904,-7.8824,-91.805,0.3865,0.0245,0.3872,0.291,2.3307,-15.8240,0.912,-1.6137,7.9683,-92.717,7.803,0.7028,124.466,0.5139,0.0151,0.0165,1.0948,1,7.8560,7.9816,nan,8.0000,8.1095,0.3212,0.0593,1.5345,-0.0206,-0.0626,0.0034,11.2756,0.0323,0.3679,0.1097
30.600,122.096,0.5709,-7.8618,-90.162,0.5754,-8.3528,-90.835,0.4909,0.0059,0.4910,-0.673,2.1063,-15.9078,-0.678,-1.6202,7.5364,-90.157,7.797,0.6570,124.839,0.5517,0.0144,0.0124,0.8641,1,7.9503,8.1911,nan,8.0000,8.0378,0.3183,-0.0685,1.5316,0.0307,0.0729,0.0047,11.6747,0.0110,-0.1840,0.1097
30.650,122.407,0.5705,-8.1733,-90.506,0.5708,-8.5757,-90.130,0.4024,0.0039,0.4024,0.376,2.1128,-15.8108,-0.592,-1.6167,7.2188,-89.537,7.777,-0.7110,125.155,0.5528,0.0132,0.0108,0.8195,1,7.8847,7.9708,nan,8.0000,8.0876,0.3203,-0.0680,1.5305,0.0292,0.0713,0.0039,12.0738,0.0257,-0.4728,0.1097
30.700,122.765,0.5629,-8.5308,-92.635,0.5582,-8.8879,-92.519,0.3570,0.0117,0.3572,0.115,2.2091,-15.7494,0.168,-1.6307,6.8662,-92.687,7.769,-0.6827,125.520,0.5544,0.0118,0.0107,0.9031,1,7.8061,7.8788,nan,7.9452,8.0509,0.3188,0.0463,1.5305,-0.0107,-0.0476,0.0054,12.3732,0.0314,-0.2825,0.1097
30.750,123.300,0.5398,-9.0649,-91.143,0.5446,-9.3714,-90.589,0.3064,0.0110,0.3066,0.554,2.3311,-15.6723,1.196,-1.6546,6.3367,-91.785,7.669,0.8847,126.053,0.5520,0.0157,0.0210,1.3354,1,7.6150,7.6107,nan,7.5536,7.5136,0.2976,0.0747,1.5285,-0.0284,-0.0726,0.0051,12.7723,0.0800,-0.1943,0.1097
30.800,123.627,0.5374,-9.3918,-88.951,0.5452,-9.6913,-89.158,0.2996,0.0023,0.2996,-0.207,2.1692,-15.7069,-0.252,-1.6504,6.0084,-88.907,7.541,0.7461,126.371,0.5480,0.0126,0.0098,0.7756,1,7.7391,8.0094,nan,7.2500,7.3783,0.2922,-0.0723,1.5285,0.0441,0.0959,0.0054,13.0717,0.0420,-3.5350,0.1097
30.850,123.963,0.5442,-9.7279,-89.423,0.5452,-10.0311,-89.768,0.3032,-0.0021,0.3032,-0.345,2.0985,-15.7351,-0.886,-1.6413,5.6792,-88.882,7.392,-0.7903,126.696,0.5417,0.0118,0.0151,1.2817,1,7.5118,7.4780,nan,6.8300,6.8119,0.2698,-0.0767,1.5285,0.0601,0.1013,0.0092,13.4708,-0.0061,-3.3770,0.1097
30.900,124.275,0.5435,-10.0399,-91.536,0.5405,-10.2698,-91.981,0.2299,0.0031,0.2299,-0.445,2.1622,-15.6619,-0.264,-1.6465,5.3846,-91.717,7.131,-0.7142,126.985,0.5342,0.0092,0.0160,1.7388,1,7.3207,7.3151,nan,6.3946,6.1909,0.2452,0.0344,1.5285,0.0166,-0.0475,0.0084,13.7702,-0.0708,-6.8934,0.1097
30.950,124.754,0.5309,-10.5195,-90.864,0.5354,-10.6944,-90.390,0.1748,0.0072,0.1750,0.474,2.2338,-15.6363,0.464,-1.6583,4.9555,-90.854,6.612,0.4502,127.416,0.5037,0.0089,0.0130,1.4686,1,6.8867,6.4206,nan,6.2833,6.3249,0.2505,0.0584,1.5275,0.0042,-0.0706,0.0039,13.9697,0.0154,-8.2833,0.1097
31.000,125.022,0.5289,-10.7872,-89.528,0.5321,-10.9761,-90.010,0.1889,0.0017,0.1889,-0.482,2.1723,-15.7025,-0.227,-1.6588,4.7199,-89.783,6.446,0.4110,127.671,0.4852,0.0075,0.0055,0.7356,1,6.5689,6.4414,nan,5.9425,5.9664,0.2363,-0.0559,1.5275,0.0489,0.0471,0.0088,14.2691,0.0094,-4.7275,0.1097
31.050,125.325,0.5308,-11.0903,-90.381,0.5320,-11.2590,-90.136,0.1687,0.0023,0.1687,0.245,2.1244,-15.7462,-0.803,-1.6552,4.4645,-89.333,6.185,-0.5984,127.953,0.4610,0.0076,0.0049,0.6368,1,6.2283,6.0735,nan,5.5895,5.6041,0.2219,-0.0648,1.5275,0.0593,0.0557,0.0095,14.6682,0.0061,-6.3357,0.1097
31.100,125.579,0.5268,-11.3443,-91.849,0.5228,-11.4963,-92.008,0.1521,0.0009,0.1521,-0.159,2.1711,-15.7059,-0.191,-1.6623,4.2041,-91.817,5.920,-0.4788,128.186,0.4666,0.0056,0.0086,1.5442,1,6.1098,6.1375,nan,5.2219,5.0472,0.1999,0.0360,1.5024,0.0272,-0.0545,0.0107,14.9676,-0.0742,-7.5490,0.1097
31.150,125.974,0.5151,-11.7386,-90.908,0.5136,-11.8510,-90.841,0.1124,0.0003,0.1124,0.067,2.2033,-15.7086,0.249,-1.6729,3.8649,-91.090,5.355,0.4641,128.533,0.4437,0.0062,0.0064,1.0289,1,5.8296,5.7546,nan,4.9670,4.8114,0.1906,0.0546,1.4225,0.0149,-0.0656,0.0089,15.1671,-0.0697,-8.3714,0.1097
31.200,126.188,0.5131,-11.9528,-89.865,0.5115,-12.0164,-89.828,0.0636,-0.0017,0.0637,0.036,2.1841,-15.6558,-0.020,-1.6738,3.6388,-89.808,5.110,0.2639,128.730,0.4470,0.0040,0.0035,0.8659,1,5.4026,4.9009,nan,4.8361,4.9055,0.1943,-0.0405,1.3426,0.0405,0.0278,0.0122,15.3667,0.0339,-7.4629,0.1097
31.250,126.410,0.5132,-12.1747,-90.455,0.5111,-12.1484,-89.657,-0.0263,-0.0023,0.0264,0.797,2.1782,-15.6227,-0.090,-1.6725,3.4717,-89.567,4.962,-0.3844,128.942,0.4287,0.0029,0.0036,1.2658,1,5.1217,5.0578,nan,4.5662,4.6441,0.1839,-0.0530,1.2735,0.0458,0.0332,0.0119,15.5663,0.0404,-3.9246,0.1097
31.300,126.728,0.5074,-12.4929,-91.403,0.5017,-12.4672,-91.559,-0.0256,-0.0064,0.0263,-0.156,2.1992,-15.6003,0.301,-1.6810,3.1420,-91.859,4.672,0.1844,129.241,0.4343,0.0008,0.0014,1.7665,1,4.7405,4.5418,nan,4.3203,4.4091,0.1746,0.0264,1.2411,0.0299,-0.0329,0.0113,15.6661,0.0800,-5.2602,0.1097
31.350,126.948,0.5027,-12.7130,-90.907,0.4986,-12.6595,-90.490,-0.0534,-0.0050,0.0537,0.417,2.2047,-15.5830,0.419,-1.6847,2.9359,-90.909,4.498,0.1226,129.450,0.4297,0.0023,0.0036,1.5376,1,4.7437,4.7910,nan,3.9890,3.8700,0.1533,0.0098,1.1491,0.0295,-0.0006,0.0107,15.9654,-0.0664,-4.4461,0.1097
31.400,127.139,0.5000,-12.9034,-90.698,0.4985,-12.8313,-90.079,-0.0721,-0.0024,0.0721,0.619,2.2099,-15.5538,0.513,-1.6870,2.7377,-90.592,4.176,0.1162,129.620,0.4312,0.0026,0.0017,0.6582,1,4.4878,4.4499,nan,3.8747,3.7934,0.1502,0.0200,1.0926,0.0301,0.0039,0.0084,16.1650,-0.0470,-8.7737,0.1097
31.450,127.313,0.4982,-13.0781,-90.388,0.4985,-12.9478,-89.860,-0.1303,-0.0006,0.1303,0.528,2.2115,-15.5376,0.547,-1.6881,2.6061,-90.407,3.965,0.2011,129.782,0.4212,0.0038,0.0108,2.8638,1,4.2366,4.2053,nan,3.7595,3.7786,0.1496,0.0504,1.0690,0.0319,0.0082,0.0147,16.2648,0.0111,-6.4844,0.1097
31.500,127.481,0.4979,-13.2460,-89.653,0.4989,-13.1308,-89.285,-0.1152,0.0017,0.1152,0.367,2.2045,-15.5595,0.416,-1.6880,2.4410,-89.701,3.845,0.2916,129.943,0.4203,0.0014,0.0116,8.2318,1,3.9452,3.8934,nan,3.5320,3.5893,0.1421,0.0466,0.9989,0.0356,0.0181,0.0374,16.4643,0.0332,-3.7304,0.1097
31.550,127.730,0.5014,-13.4947,-88.508,0.5048,-13.3375,-88.563,-0.1570,0.0075,0.1572,-0.056,2.1927,-15.5620,0.099,-1.6840,2.2274,-88.663,3.562,0.3545,130.176,0.4155,0.0030,0.0104,3.5072,1,3.7398,3.7296,nan,3.3141,3.3368,0.1322,0.0642,0.9211,0.0405,0.0224,0.1233,16.6639,0.0131,-4.4951,0.1097
31.600,127.907,0.5074,-13.6718,-87.470,0.5122,-13.5500,-87.381,-0.1215,0.0101,0.1219,0.089,2.1892,-15.5798,0.018,-1.6764,2.0304,-87.399,3.407,0.4377,130.345,0.4160,0.0035,0.0077,2.2066,1,3.5514,3.5456,nan,3.3141,3.4382,0.1362,0.1244,0.8747,0.0453,0.0224,0.1675,16.7637,0.0800,-4.5824,0.1097
31.650,128.036,0.5143,-13.8006,-86.092,0.5154,-13.6425,-86.516,-0.1576,0.0118,0.1581,-0.425,2.1847,-15.5828,-0.060,-1.6714,1.9386,-86.457,3.357,0.6460,130.472,0.4146,0.0046,0.0194,4.2450,1,3.1913,3.0416,nan,3.1080,3.1016,0.1228,0.1242,0.8000,0.0473,0.0231,0.2195,16.8635,0.0800,-0.9738,0.1097
31.700,128.249,0.5328,-14.0122,-84.547,0.5279,-13.8292,-84.941,-0.1826,0.0125,0.1830,-0.393,2.1686,-15.5897,-0.465,-1.6549,1.7470,-84.475,3.196,0.6262,130.670,0.4164,0.0051,0.0173,3.4096,1,3.3415,3.4106,nan,2.9151,2.8494,0.1128,0.2621,0.8000,0.0472,-0.0141,0.3594,17.1628,-0.0380,-5.2710,0.1097
31.750,128.391,0.5527,-14.1531,-80.094,0.5493,-13.9548,-80.468,-0.1960,0.0307,0.1983,-0.374,2.1832,-15.5763,-0.070,-1.6359,1.6195,-80.398,2.889,1.2078,130.806,0.4176,0.0151,0.0273,1.8033,1,3.3579,3.3879,nan,2.8239,2.7187,0.1077,0.3205,0.8000,0.0444,-0.0308,0.4100,17.2626,-0.0800,-4.3739,0.1097
31.800,128.509,0.5759,-14.2688,-76.791,0.5775,-14.1236,-77.389,-0.1410,0.0347,0.1452,-0.599,2.1739,-15.6066,-0.412,-1.6070,1.4715,-76.978,2.753,1.2795,130.920,0.4119,0.0101,0.0216,2.1352,1,2.9794,2.7727,nan,2.7339,2.7745,0.1099,0.2254,0.8000,0.0628,0.0373,0.4549,17.3624,0.0235,-4.6540,0.1097
31.850,128.630,0.6060,-14.3858,-74.297,0.6053,-14.2349,-74.386,-0.1455,0.0402,0.1509,-0.090,2.1737,-15.6151,-0.433,-1.5788,1.3683,-73.953,2.718,1.0089,131.040,0.4135,0.0039,0.0258,6.5893,1,2.8720,2.8784,nan,2.5626,2.5278,0.1001,0.3341,0.8000,0.0628,0.0069,0.5534,17.5620,-0.0202,-0.1276,0.1097
31.900,128.743,0.6391,-14.4938,-71.147,0.6432,-14.3742,-72.550,-0.1119,0.0426,0.1197,-1.404,2.1686,-15.6371,-0.718,-1.5411,1.2437,-71.832,2.557,1.3475,131.148,0.4092,0.0066,0.0331,4.9919,1,2.7938,2.8049,nan,2.3973,2.2856,0.0905,0.4546,0.8000,0.0570,-0.0234,0.6112,17.6617,-0.0647,-5.2784,0.1097
31.950,128.908,0.7003,-14.6470,-64.770,0.6945,-14.5135,-66.207,-0.1232,0.0517,0.1336,-1.437,2.1576,-15.6580,-1.130,-1.4854,1.1154,-65.077,2.288,1.6772,131.306,0.4144,0.0193,0.0235,1.2207,1,2.6189,2.6068,nan,2.3973,2.4002,0.0951,0.5392,0.8000,0.0538,-0.0656,0.7160,17.8613,0.0017,-4.4807,0.1097
32.000,129.008,0.7464,-14.7358,-60.034,0.7475,-14.6296,-61.835,-0.0914,0.0540,0.1062,-1.802,2.1436,-15.6670,-1.562,-1.4238,0.9990,-60.273,2.269,1.9458,131.410,0.3994,0.0135,0.0217,1.6084,1,2.3562,2.3031,nan,2.3165,2.4492,0.0970,0.5385,0.8000,0.0553,-0.0360,0.7770,17.9611,0.0769,-0.9690,0.1097
32.050,129.106,0.7988,-14.8188,-55.218,0.7978,-14.7241,-56.501,-0.0784,0.0532,0.0947,-1.282,2.1448,-15.6836,-1.452,-1.3709,0.9251,-55.048,2.290,1.9594,131.512,0.3985,0.0037,0.0265,7.2396,1,2.3410,2.3575,nan,2.2342,2.3110,0.0915,0.5581,0.8000,0.0555,-0.0144,0.8405,18.0609,0.0445,0.0712,0.1097
32.100,129.255,0.8914,-14.9354,-47.532,0.8818,-14.8315,-49.365,-0.0831,0.0631,0.1044,-1.833,2.1448,-15.6836,-1.452,-1.2841,0.8199,-47.912,2.111,2.0607,131.659,0.4041,0.0062,0.0469,7.6218,1,2.3652,2.3880,nan,2.0820,2.0160,0.0798,0.6139,0.8000,0.0470,-0.0026,0.9059,18.1607,-0.0382,-0.2530,0.1097
32.150,129.304,0.9257,-14.9710,-44.738,0.9310,-14.8936,-45.793,-0.0507,0.0587,0.0776,-1.055,2.1525,-15.6978,-1.283,-1.2392,0.7767,-44.510,2.022,1.9872,131.707,0.3937,0.0324,0.0280,0.8623,1,2.2763,2.2812,nan,2.0485,2.0126,0.0797,0.6388,0.8000,0.0517,0.0159,0.9915,18.2604,-0.0208,-5.4254,0.1097
32.200,129.437,1.0263,-15.0581,-37.041,1.0282,-14.9868,-38.105,-0.0414,0.0580,0.0713,-1.064,2.1612,-15.7031,-0.873,-1.1438,0.6990,-37.232,1.917,1.9849,131.842,0.3987,0.0208,0.0214,1.0265,1,2.1592,2.1576,nan,2.0404,2.0444,0.0810,0.6766,0.8000,0.0444,0.0077,1.0761,18.3602,0.0023,-3.3912,0.1097
32.250,129.519,1.0938,-15.1044,-31.951,1.1113,-15.0571,-32.269,-0.0102,0.0494,0.0504,-0.318,2.1688,-15.7165,-0.638,-1.0647,0.6475,-31.630,1.896,2.0761,131.927,0.3872,0.0099,0.0166,1.6699,1,2.0321,2.0272,nan,2.0387,2.0437,0.0809,0.7222,0.8000,0.0362,0.0046,1.1808,18.4600,0.0029,-1.4094,0.1097
32.300,129.600,1.1643,-15.1440,-26.606,1.1763,-15.0994,-27.754,-0.0093,0.0452,0.0461,-1.148,2.1670,-15.7266,-0.815,-0.9996,0.6130,-26.939,1.872,2.1992,132.014,0.3925,0.0047,0.0177,3.7803,1,1.9669,1.9732,nan,2.0305,2.0789,0.0823,0.7361,0.8000,0.0229,-0.0037,1.2010,18.5598,0.0280,-1.2824,0.1097
32.350,129.725,1.2799,-15.1915,-17.958,1.2953,-15.1538,-18.810,0.0030,0.0406,0.0407,-0.852,2.1623,-15.7300,-0.772,-0.8747,0.5644,-18.038,1.860,2.2940,132.148,0.3832,0.0260,0.0213,0.8187,1,1.9778,1.9952,nan,2.0303,2.0702,0.0820,0.7573,0.8000,0.0084,-0.1214,1.1982,18.7594,0.0231,-1.1516,0.1068
32.400,129.812,1.3642,-15.2139,-11.784,1.3754,-15.1807,-13.287,0.0042,0.0348,0.0351,-1.503,2.1509,-15.7367,-1.064,-0.7856,0.5415,-12.223,1.863,2.2530,132.243,0.3785,0.0207,0.0090,0.4357,1,1.9193,1.9263,nan,2.0303,2.1147,0.0838,0.7385,0.8000,0.0049,-0.0064,1.1982,18.7594,0.0488,-0.9692,0.1068
32.450,129.898,1.4494,-15.2271,-5.829,1.4676,-15.1972,-6.788,0.0151,0.0316,0.0350,-0.959,2.1508,-15.7347,-0.735,-0.6901,0.5287,-6.053,1.877,2.2713,132.337,0.3681,0.0139,0.0075,0.5399,1,2.0547,2.1023,nan,2.0303,2.0117,0.0797,0.7535,0.8000,-0.0067,-0.1314,1.1979,18.9589,-0.0107,0.0851,0.1068
32.500,129.971,1.5218,-15.2312,-0.748,1.5559,-15.2017,-1.257,0.0337,0.0299,0.0451,-0.509,2.1508,-15.7347,-0.735,-0.6017,0.5253,-0.522,1.851,2.2320,132.413,0.3522,0.0018,0.0077,4.2238,1,2.0769,2.0969,nan,2.0519,2.0329,0.0805,0.7233,0.8000,-0.0115,-0.1314,1.2033,19.0587,-0.0110,-1.9545,0.1068
32.550,130.101,1.6520,-15.2229,7.852,1.6864,-15.1941,6.972,0.0380,0.0238,0.0448,-0.880,2.1478,-15.7381,-0.791,-0.4689,0.5376,7.763,1.895,2.0653,132.555,0.3495,0.0211,0.0218,1.0312,1,1.9594,1.9559,nan,2.0519,2.1222,0.0840,0.6746,0.8000,-0.0137,-0.0278,1.2033,19.0587,0.0407,1.1197,0.1068
32.600,130.199,1.7478,-15.2044,13.931,1.7814,-15.1729,13.295,0.0402,0.0225,0.0461,-0.635,2.1449,-15.7343,-0.372,-0.3671,0.5590,13.668,1.931,2.0894,132.659,0.3436,0.0226,0.0234,1.0363,1,2.0125,2.0378,nan,2.0993,2.1541,0.0853,0.6713,0.8000,-0.0232,-0.0532,1.1984,19.1585,0.0317,0.3093,0.1068
32.650,130.271,1.8169,-15.1845,18.377,1.8458,-15.1497,18.238,0.0384,0.0239,0.0453,-0.138,2.1352,-15.7336,-0.112,-0.2905,0.5833,18.351,1.962,2.0122,132.737,0.3362,0.0066,0.0094,1.4389,1,2.0819,2.1112,nan,2.1733,2.1850,0.0865,0.6300,0.8000,-0.0272,-0.0504,1.1351,19.2583,0.0068,0.1130,0.1068
32.700,130.356,1.8968,-15.1540,23.316,1.9331,-15.1142,23.386,0.0491,0.0222,0.0538,0.070,2.1352,-15.7336,-0.112,-0.2033,0.6189,23.498,2.016,1.9096,132.829,0.3291,0.0017,0.0052,3.0079,1,2.1139,2.1360,nan,2.2562,2.2606,0.0895,0.5749,0.8000,-0.0296,-0.0557,1.0144,19.3581,0.0025,1.6441,0.1068
32.750,130.502,2.0267,-15.0875,30.763,2.0747,-15.0395,30.713,0.0658,0.0166,0.0679,-0.050,2.1305,-15.7370,-0.244,-0.0587,0.6972,30.958,2.164,1.8335,132.986,0.3154,0.0191,0.0277,1.4489,1,2.0528,2.0605,nan,2.3443,2.4270,0.0961,0.5328,0.8000,-0.0364,-0.0666,0.9064,19.4578,0.0479,3.0969,0.1068
32.800,130.595,2.1043,-15.0373,35.245,2.1265,-15.0007,34.978,0.0393,0.0171,0.0428,-0.268,2.1121,-15.7458,-0.186,0.0120,0.7452,35.163,2.232,1.8553,133.085,0.3220,0.0109,0.0101,0.9186,1,2.1988,2.2525,nan,2.4366,2.4602,0.0974,0.5173,0.8000,-0.0483,-0.0681,0.8080,19.5576,0.0137,1.6019,0.1068
32.850,130.694,2.1832,-14.9767,39.892,2.2089,-14.9362,39.818,0.0457,0.0146,0.0479,-0.074,2.1112,-15.7496,0.061,0.0986,0.8133,39.757,2.296,1.6966,133.190,0.3151,0.0042,0.0053,1.2571,1,2.2638,2.2936,nan,2.5329,2.5654,0.1016,0.4487,0.8000,-0.0515,-0.0480,0.7147,19.6574,0.0188,1.6994,0.1068
32.900,130.803,2.2636,-14.9041,44.273,2.2700,-14.8776,44.521,0.0231,0.0145,0.0272,0.248,2.1112,-15.7496,0.061,0.1598,0.8719,44.460,2.404,1.5820,133.305,0.3331,0.0017,0.0067,4.0347,1,2.4054,2.4599,nan,2.7364,2.7854,0.1103,0.3993,0.8000,-0.0592,-0.0870,0.5367,19.8570,0.0284,3.8003,0.1068
32.950,130.973,2.3795,-14.7787,50.404,2.4133,-14.7200,50.771,0.0668,0.0113,0.0677,0.367,2.1049,-15.7584,0.176,0.3116,1.0374,50.594,2.594,1.5175,133.487,0.3025,0.0151,0.0237,1.5683,1,2.4307,2.4543,nan,2.8434,2.9392,0.1164,0.3576,0.8000,-0.0685,-0.0653,0.4531,19.9568,0.0555,4.7472,0.1068
33.000,131.088,2.4498,-14.6883,54.089,2.4794,-14.6308,53.884,0.0640,0.0097,0.0647,-0.206,2.0956,-15.7607,-0.155,0.3808,1.1310,54.039,2.715,1.4755,133.609,0.3042,0.0081,0.0121,1.4872,1,2.5922,2.6563,nan,2.9523,2.9919,0.1185,0.2345,0.8000,-0.0714,-0.0313,0.3645,20.0565,0.0230,4.1835,0.1068
33.050,131.205,2.5159,-14.5921,56.659,2.5535,-14.5264,56.666,0.0756,0.0047,0.0757,0.008,2.0978,-15.7582,-0.315,0.4489,1.2343,56.981,2.824,0.9474,133.730,0.3038,0.0013,0.0070,5.2588,1,2.7607,2.8311,nan,3.0631,3.0291,0.1200,0.1165,0.8465,-0.0769,-0.0171,0.1974,20.2561,-0.0197,2.9239,0.1068
33.100,131.349,2.5932,-14.4705,58.261,2.6112,-14.4391,58.199,0.0361,0.0012,0.0362,-0.062,2.0862,-15.7624,-0.706,0.5087,1.3296,58.906,2.951,0.5252,133.880,0.3162,0.0006,0.0022,3.7242,1,2.7072,2.7212,nan,3.2823,3.3901,0.1343,0.1144,0.8301,-0.0896,-0.0295,0.1171,20.3559,0.0800,2.7148,0.1068
33.150,131.543,2.6928,-14.3032,60.218,2.7184,-14.2595,59.808,0.0506,-0.0005,0.0506,-0.410,2.0790,-15.7859,-0.415,0.6283,1.5310,60.223,3.191,0.5346,134.086,0.3033,0.0055,0.0101,1.8287,1,2.8845,2.9613,nan,3.5691,3.5783,0.1417,0.1036,0.8844,-0.1103,-0.0511,-0.0363,20.5555,0.0800,5.8426,0.1068
33.200,131.688,2.7631,-14.1770,61.531,2.7857,-14.1437,60.679,0.0401,-0.0039,0.0403,-0.851,2.0640,-15.7879,-0.847,0.6973,1.6547,61.527,3.360,0.3840,134.240,0.3040,0.0029,0.0047,1.6530,1,3.1208,3.2458,nan,3.6345,3.7477,0.1484,-0.0462,0.9569,-0.1088,-0.0107,-0.1108,20.6553,0.0655,5.0045,0.1068
33.250,131.839,2.8349,-14.0437,61.271,2.8686,-13.9979,60.314,0.0564,-0.0075,0.0569,-0.957,2.0568,-15.7850,-1.127,0.7765,1.8028,61.441,3.502,-0.3401,134.399,0.3009,0.0000,0.0084,nan,1,3.3612,3.4961,nan,3.6056,3.7160,0.1472,-0.1145,1.0306,-0.1092,0.0628,-0.3377,20.9546,0.0639,4.4976,0.1068
33.300,131.995,2.9109,-13.9080,59.779,2.9496,-13.8556,59.322,0.0648,-0.0070,0.0652,-0.457,2.0656,-15.7826,-0.882,0.8542,1.9404,60.203,3.563,-0.5520,134.558,0.2998,0.0002,0.0048,29.8776,1,3.5047,3.5726,nan,3.6298,3.7248,0.1475,-0.0767,1.0746,-0.1160,0.0276,-0.3815,21.0544,0.0550,1.8416,0.1068
33.350,132.236,3.0348,-13.7012,58.198,3.0738,-13.6555,57.261,0.0594,-0.0091,0.0601,-0.937,2.0634,-15.7831,-0.884,0.9775,2.1429,58.145,3.611,-0.3645,134.802,0.2991,0.0039,0.0134,3.4333,1,3.6447,3.7127,nan,3.7311,3.6934,0.1463,-0.0646,1.1593,-0.1072,0.0532,-0.3141,21.2540,-0.0218,1.6315,0.1068
33.400,132.406,3.1252,-13.5576,57.218,3.1878,-13.4846,56.206,0.0953,-0.0131,0.0962,-1.012,2.0611,-15.7838,-0.940,1.0889,2.3173,57.145,3.619,-0.4104,134.972,0.2903,0.0031,0.0162,5.2447,1,3.5464,3.5601,nan,3.8638,3.9247,0.1554,-0.0817,1.1514,-0.0888,0.1050,-0.2375,21.4535,0.0353,0.0174,0.1068
33.450,132.541,3.1995,-13.4440,56.238,3.2471,-13.3984,55.344,0.0644,-0.0143,0.0659,-0.894,2.0611,-15.7838,-0.940,1.1467,2.4045,56.283,3.711,-0.4411,135.113,0.2961,0.0001,0.0129,111.8394,1,3.6393,3.6901,nan,4.0132,4.0730,0.1613,-0.0720,1.1063,-0.0721,0.1216,-0.1575,21.6531,0.0347,2.9326,0.1068
33.500,132.816,3.3552,-13.2177,54.605,3.4099,-13.1660,54.238,0.0739,-0.0147,0.0753,-0.367,2.0853,-15.7987,-0.305,1.3106,2.6397,54.543,3.896,-0.3310,135.399,0.2913,0.0016,0.0063,3.8511,1,3.4683,3.4657,nan,4.1688,4.1184,0.1631,-0.0553,1.0338,-0.0524,0.1209,-0.0779,21.8527,0.0800,3.8106,0.1068
33.550,132.993,3.4586,-13.0742,53.744,3.5120,-13.0100,53.953,0.0834,-0.0051,0.0835,0.209,2.0911,-15.8244,0.245,1.4329,2.8083,53.708,3.962,-0.3029,135.580,0.2839,0.0059,0.0196,3.3354,1,3.7662,4.1804,nan,4.4358,4.4752,0.1772,-0.0409,1.0505,-0.0138,0.1274,0.0011,22.0522,0.0800,1.8298,0.1068
33.600,133.163,3.5601,-12.9371,53.113,3.6026,-12.8826,53.457,0.0691,-0.0013,0.0691,0.344,2.0899,-15.8335,0.382,1.5323,2.9407,53.075,4.129,-0.2510,135.761,0.2837,0.0024,0.0149,6.2378,1,3.8991,3.9675,nan,4.2587,4.2215,0.1672,-0.0380,1.0166,0.0173,0.1154,0.0806,22.2518,-0.0200,4.8785,0.1068
33.650,133.328,3.6597,-12.8055,52.565,3.6982,-12.7541,52.767,0.0642,0.0007,0.0642,0.202,2.0750,-15.8400,0.260,1.6372,3.0785,52.507,4.127,-0.2423,135.927,0.2817,0.0005,0.0071,13.4202,1,4.0920,4.1975,nan,4.0156,3.9966,0.1583,0.0438,1.0020,0.0450,0.0850,0.1603,22.4514,0.0800,0.0143,0.1068
33.700,133.544,3.7906,-12.6341,53.106,3.8011,-12.6125,53.276,0.0236,0.0046,0.0240,0.170,2.0565,-15.8655,0.321,1.7628,3.2433,52.955,4.009,0.3480,136.135,0.2836,0.0001,0.0038,54.3333,1,3.9812,3.9961,nan,3.8993,3.7321,0.1478,0.1054,0.9973,0.0545,0.0544,0.1963,22.5511,0.0800,-0.0331,0.1068
33.750,133.797,3.9389,-12.4296,55.442,3.9422,-12.4156,55.051,0.0133,0.0052,0.0143,-0.391,2.0196,-15.8593,-0.208,1.9100,3.4506,55.259,3.803,0.6768,136.377,0.2858,0.0135,0.0182,1.3432,1,3.9447,3.9712,nan,3.6776,3.7583,0.1488,0.1142,0.9882,0.0812,0.0713,0.2774,22.7507,0.0800,-5.0361,0.1068
33.800,133.970,4.0355,-12.2856,57.214,4.0091,-12.3047,56.951,-0.0303,0.0118,0.0325,-0.264,1.9987,-15.8729,-0.285,1.9927,3.5782,57.236,3.739,0.6927,136.547,0.2920,0.0101,0.0071,0.7037,1,3.7477,3.7403,nan,3.4701,3.6005,0.1426,0.1227,0.9388,0.0960,0.0599,0.3543,22.9503,0.0755,-1.8287,0.1068
33.850,134.121,4.1158,-12.1575,58.870,4.0845,-12.1801,58.924,-0.0355,0.0151,0.0386,0.054,2.0158,-15.8869,0.032,2.0707,3.7056,58.892,3.645,0.6989,136.694,0.2938,0.0015,0.0134,9.2020,1,3.7985,3.8396,nan,3.2774,3.1828,0.1261,0.2005,0.9515,0.1092,0.0106,0.4353,23.1498,-0.0548,-3.1199,0.1068
33.900,134.289,4.1997,-12.0126,61.600,4.1476,-12.0678,61.041,-0.0733,0.0195,0.0759,-0.559,1.9766,-15.8760,-0.489,2.1385,3.8265,61.530,3.359,1.1167,136.847,0.3015,0.0035,0.0241,6.8701,1,3.6257,3.6241,nan,3.1861,3.1341,0.1241,0.2963,0.9083,0.1159,0.0099,0.4809,23.2496,-0.0301,-1.7452,0.1068
33.950,134.493,4.2898,-11.8298,66.520,4.2053,-11.9369,65.534,-0.1319,0.0349,0.1364,-0.987,1.9687,-15.8875,-0.428,2.2069,3.9673,65.962,3.168,1.2739,137.043,0.3142,0.0178,0.0435,2.4439,1,3.2993,3.2083,nan,3.1023,3.1997,0.1267,0.2570,0.8265,0.1233,-0.0182,0.5676,23.4492,0.0564,-5.3830,0.1068
34.000,134.631,4.3419,-11.7011,69.719,4.2969,-11.7393,68.446,-0.0515,0.0289,0.0590,-1.273,1.9185,-15.8553,-1.260,2.2873,4.1672,69.706,3.140,1.2620,137.182,0.3046,0.0112,0.0193,1.7271,1,3.1784,3.1849,nan,2.9673,3.0338,0.1202,0.2447,0.8000,0.1388,0.0091,0.6108,23.5490,0.0385,-1.1210,0.1068
34.050,134.779,4.3895,-11.5611,72.996,4.3369,-11.6238,71.327,-0.0753,0.0320,0.0819,-1.670,1.8915,-15.8378,-1.666,2.3219,4.2833,72.993,3.021,1.2465,137.325,0.3091,0.0080,0.0338,4.2426,1,3.2752,3.3235,nan,2.9555,2.8788,0.1140,0.3940,0.8204,0.1199,-0.0747,0.7115,23.7486,-0.0444,-0.6665,0.1068
34.100,134.897,4.4212,-11.4477,76.482,4.3793,-11.5031,74.206,-0.0637,0.0278,0.0695,-2.276,1.8985,-15.8320,-1.681,2.3528,4.3998,75.886,2.881,1.7433,137.440,0.3107,0.0130,0.0509,3.9263,1,3.1555,3.1619,nan,2.9880,2.8891,0.1144,0.4277,0.8000,0.1067,-0.1750,0.8014,23.9481,-0.0573,-4.4867,0.1068
34.150,135.091,4.4552,-11.2563,83.911,4.4253,-11.3007,81.932,-0.0473,0.0250,0.0535,-1.979,1.8921,-15.7995,-1.954,2.3783,4.5826,83.886,2.784,1.8854,137.635,0.3165,0.0243,0.0262,1.0751,1,2.9378,2.9150,nan,3.1221,3.2233,0.1277,0.4418,0.8000,0.0884,-0.1326,0.7700,24.0479,0.0586,-3.1504,0.1068
34.200,135.217,4.4637,-11.1313,88.926,4.4413,-11.1644,86.985,-0.0335,0.0218,0.0400,-1.941,1.9050,-15.7955,-1.855,2.3850,4.7107,88.840,2.898,2.0216,137.773,0.3191,0.0202,0.0209,1.0354,1,2.7930,2.7906,nan,3.1221,3.2057,0.1270,0.4517,0.8000,0.0626,-0.1746,0.6673,24.2475,0.0484,0.4178,0.1068
34.250,135.351,4.4605,-10.9966,94.407,4.4415,-10.9979,92.751,0.0001,0.0191,0.0191,-1.656,1.8917,-15.7898,-2.051,2.3767,4.8800,94.802,2.958,2.1184,137.917,0.3348,0.0183,0.0120,0.6529,1,2.9793,3.0620,nan,3.3595,3.4632,0.1372,0.4597,0.8112,0.0307,-0.1264,0.6180,24.3473,0.0601,1.4185,0.1068
34.300,135.494,4.4431,-10.8555,100.293,4.4205,-10.8505,98.717,0.0089,0.0214,0.0232,-1.576,1.9149,-15.8071,-1.751,2.3529,5.0309,100.468,3.089,2.0498,138.075,0.3443,0.0176,0.0150,0.8505,1,3.0135,3.0437,nan,3.4442,3.5567,0.1409,0.4050,0.8540,0.0128,-0.1361,0.5350,24.5468,0.0651,2.2434,0.1068
34.350,135.694,4.3957,-10.6603,107.423,4.3667,-10.6387,106.400,0.0292,0.0212,0.0361,-1.023,1.9665,-15.8240,-1.134,2.2971,5.2317,107.534,3.294,1.9025,138.296,0.3543,0.0246,0.0160,0.6508,1,3.1048,3.1498,nan,3.6195,3.7416,0.1482,0.3672,0.9168,-0.0059,-0.1262,0.4533,24.7464,0.0800,3.7234,0.1068
34.400,135.849,4.3438,-10.5150,112.499,4.2896,-10.4527,112.370,0.0783,0.0262,0.0826,-0.128,2.0212,-15.8571,-0.487,2.2224,5.4235,112.857,3.410,1.8562,138.463,0.3946,0.0240,0.0221,0.9213,1,3.3293,3.4464,nan,3.8033,3.8989,0.1544,0.3086,1.0230,-0.0249,-0.1142,0.3775,24.9460,0.0553,2.6552,0.1047
34.450,136.013,4.2755,-10.3656,117.061,4.2475,-10.3681,116.657,0.0105,0.0261,0.0281,-0.405,2.0212,-15.8571,-0.487,2.1796,5.5077,117.143,3.565,1.5773,138.641,0.3450,0.0210,0.0360,1.7143,1,3.4830,3.5556,nan,3.9953,4.1002,0.1624,0.2083,1.1125,-0.0286,-0.0763,0.3065,25.1455,0.0608,4.0777,0.1047
34.501,136.160,4.2058,-10.2368,119.888,4.1491,-10.1853,119.897,0.0729,0.0235,0.0766,0.009,2.0313,-15.8558,-0.329,2.0852,5.6826,120.226,3.739,1.1296,138.799,0.3854,0.0137,0.0240,1.7527,1,3.6263,3.6954,nan,4.1854,4.3025,0.1704,0.1646,1.2033,-0.0502,-0.0644,0.2391,25.3451,0.0673,4.6558,0.1047
34.550,136.436,4.0599,-10.0018,123.957,3.9855,-9.9356,124.233,0.0965,0.0248,0.0996,0.276,2.0938,-15.8849,0.281,1.9208,5.9399,123.951,4.014,0.9452,139.095,0.4118,0.0205,0.0274,1.3341,1,3.8406,3.9564,nan,4.4511,4.5858,0.1816,0.1386,1.2522,-0.0725,-0.0807,0.1664,25.5447,0.0800,5.0816,0.1047
34.600,136.613,3.9584,-9.8566,126.148,3.8803,-9.7869,125.992,0.1024,0.0220,0.1047,-0.156,2.0493,-15.8702,-0.156,1.8144,6.0882,126.148,4.210,0.7545,139.287,0.4176,0.0166,0.0307,1.8456,1,4.1041,4.3003,nan,4.6172,4.7029,0.1863,0.0677,1.3041,-0.0832,-0.0603,0.0942,25.7442,0.0441,5.6186,0.1047
34.650,136.789,3.8530,-9.7154,127.232,3.7723,-9.6371,127.271,0.1112,0.0169,0.1125,0.039,2.0362,-15.8702,-0.368,1.6960,6.2441,127.639,4.376,0.2702,139.474,0.4359,0.0070,0.0245,3.4793,1,4.2313,4.3059,nan,4.7756,4.8889,0.1936,0.0310,1.3041,-0.0990,-0.0514,0.0252,25.9438,0.0567,4.4226,0.1047
34.700,137.092,3.6682,-9.4761,128.071,3.5799,-9.3814,127.315,0.1291,0.0111,0.1295,-0.757,1.9950,-15.8583,-0.747,1.5002,6.4970,128.062,4.633,0.2270,139.796,0.4520,0.0083,0.0137,1.6430,1,4.4013,4.5085,nan,4.9272,5.0318,0.1993,0.0319,1.3041,-0.1249,-0.0640,-0.0822,26.2432,0.0506,5.0589,0.1047
34.750,137.313,3.5310,-9.3030,128.689,3.4338,-9.1920,128.166,0.1473,0.0065,0.1475,-0.524,2.0182,-15.8610,-0.538,1.3530,6.6820,128.703,4.753,0.1376,140.027,0.4665,0.0197,0.0396,2.0068,1,4.6281,4.8048,nan,5.1124,5.1887,0.2055,-0.0179,1.3041,-0.1438,-0.0402,-0.1542,26.4427,0.0353,3.2823,0.1047
34.800,137.520,3.4015,-9.1413,128.418,3.3227,-9.0460,127.402,0.1236,0.0026,0.1236,-1.016,1.9787,-15.8774,-1.089,1.2139,6.8557,128.492,4.870,-0.1627,140.243,0.4809,0.0141,0.0276,1.9567,1,4.7393,4.8277,nan,5.0718,5.1748,0.2049,-0.0852,1.3041,-0.1447,0.0294,-0.2524,26.7421,0.0800,3.2179,0.1047
34.850,137.755,3.2566,-8.9556,126.892,3.1851,-8.8587,125.510,0.1204,-0.0009,0.1204,-1.382,1.9539,-15.8829,-1.362,1.0638,7.0515,126.872,4.941,-0.6943,140.486,0.4904,0.0100,0.0229,2.2834,1,4.8944,5.0176,nan,5.1457,5.2859,0.2093,-0.0941,1.3133,-0.1475,0.0438,-0.2567,26.9416,0.0800,2.0574,0.1047
34.900,138.070,3.0724,-8.7004,124.283,3.0675,-8.6829,123.343,0.0172,-0.0058,0.0181,-0.940,1.9107,-15.8832,-1.764,0.9347,7.2325,125.107,5.011,-0.7320,140.811,0.4067,0.0242,0.0220,0.9070,1,4.9140,4.9702,nan,5.2003,5.3242,0.2109,-0.0772,1.3242,-0.1511,0.0436,-0.2432,27.2410,0.0570,2.0446,0.1047
34.950,138.293,2.9487,-8.5147,122.733,2.9277,-8.4452,120.460,0.0698,-0.0199,0.0726,-2.272,1.8824,-15.9209,-2.242,0.7521,7.5109,122.703,5.105,-0.6260,141.042,0.5034,0.0244,0.0319,1.3116,1,4.9202,4.9722,nan,5.2937,5.4650,0.2164,-0.0793,1.3330,-0.1464,0.0448,-0.2317,27.4406,0.0783,1.2690,0.1047
35.000,138.535,2.8202,-8.3096,121.031,2.8244,-8.2531,118.743,0.0463,-0.0328,0.0567,-2.288,1.8819,-15.9285,-2.318,0.6314,7.7073,121.061,5.184,-0.6823,141.292,0.4921,0.0237,0.0296,1.2511,1,5.1019,5.2610,nan,5.3611,5.4264,0.2149,-0.1010,1.3463,-0.1398,0.0804,-0.2145,27.7399,0.0287,2.1792,0.1047
35.050,138.754,2.7100,-8.1211,119.093,2.7117,-8.0569,117.622,0.0553,-0.0327,0.0642,-1.471,1.9940,-15.9601,-1.502,0.5103,7.9192,119.123,5.214,-0.8278,141.515,0.5140,0.0108,0.0178,1.6528,1,5.1812,5.2706,nan,5.4672,5.5414,0.2195,-0.1234,1.3530,-0.1231,0.0850,-0.2056,27.9395,0.0320,0.7483,0.1047
35.100,139.000,2.5940,-7.9037,116.435,2.6282,-7.8935,115.749,-0.0061,-0.0352,0.0357,-0.686,2.0617,-15.9666,-0.996,0.4261,8.0817,116.746,5.268,-1.0562,141.770,0.4580,0.0087,0.0223,2.5511,1,5.2703,5.3685,nan,5.5395,5.5853,0.2212,-0.1427,1.3638,-0.0928,0.1078,-0.1924,28.2388,0.0194,0.4094,0.1047
35.150,139.367,2.4422,-7.5699,111.761,2.5147,-7.6638,113.965,-0.1141,-0.0325,0.1186,2.204,2.2170,-15.9870,0.103,0.3126,8.3226,113.863,5.311,-1.1895,142.153,0.3832,0.0637,0.0139,0.2184,1,5.1883,5.2193,nan,5.6537,5.8400,0.2313,-0.1456,1.3742,-0.0644,0.1045,-0.1801,28.5382,0.0798,0.9580,0.1047
35.200,139.595,2.3619,-7.3563,108.798,2.3695,-7.2976,109.926,0.0532,-0.0261,0.0592,1.128,2.3600,-16.0014,1.055,0.1698,8.7021,108.871,5.471,-1.2492,142.393,0.5180,0.0126,0.0199,1.5767,1,5.3547,5.5144,nan,5.7708,5.9129,0.2342,-0.1508,1.3823,-0.0222,0.1050,-0.1703,28.8375,0.0590,2.2481,0.1047
35.250,139.832,2.2903,-7.1304,105.619,2.3024,-7.0714,107.308,0.0536,-0.0275,0.0602,1.690,2.4725,-16.0205,1.712,0.0972,8.9502,105.597,5.547,-1.2806,142.641,0.5320,0.0089,0.0244,2.7281,1,5.5375,5.7307,nan,5.8909,5.9796,0.2368,-0.1410,1.3893,0.0094,0.0892,-0.1619,29.0371,0.0356,1.6928,0.1047
35.300,140.095,2.2254,-6.8757,102.327,2.2315,-6.8059,104.120,0.0668,-0.0208,0.0700,1.793,2.5063,-16.0290,1.905,0.0320,9.2270,102.215,5.633,-1.1890,142.915,0.5460,0.0079,0.0295,3.7242,1,5.6849,5.8475,nan,5.9718,6.0014,0.2377,-0.1338,1.4004,0.0254,0.0811,-0.1488,29.3365,0.0116,1.4489,0.1047
35.350,140.338,2.1782,-6.6368,99.415,2.1822,-6.5589,101.199,0.0762,-0.0167,0.0780,1.784,2.4585,-16.0068,1.632,-0.0072,9.4520,99.568,5.693,-1.1887,143.248,0.5310,0.0072,0.0313,4.3685,1,5.6492,5.7019,nan,6.0953,6.2387,0.2471,-0.1355,1.4084,0.0446,0.0756,-0.1395,29.6358,0.0562,1.5427,0.1047
35.400,140.731,2.1276,-6.2472,94.710,2.1246,-6.1074,95.857,0.1395,-0.0085,0.1398,1.147,2.4021,-16.0160,1.268,-0.0581,9.9123,94.589,5.850,-1.1986,143.584,0.5782,0.0089,0.0214,2.3976,1,5.7895,5.9517,nan,6.3040,6.4934,0.2572,-0.1290,1.4049,0.0672,0.0488,-0.1277,29.9352,0.0724,2.6632,0.1047
35.450,140.974,2.1122,-6.0051,91.924,2.1126,-5.9410,93.508,0.0640,-0.0025,0.0641,1.584,2.4484,-16.0156,1.543,-0.0645,10.0800,91.965,5.979,-1.1619,143.843,0.5219,0.0058,0.0241,4.1274,1,5.8963,6.0342,nan,6.3778,6.5355,0.2588,-0.1244,1.3983,0.0612,0.0185,-0.1161,30.2345,0.0592,3.4911,0.1047
35.500,141.245,2.1086,-5.7334,88.948,2.1043,-5.5840,90.259,0.1493,0.0070,0.1494,1.311,2.4074,-16.0120,1.293,-0.0677,10.4322,88.966,6.094,-1.1387,144.206,0.5757,0.0058,0.0321,5.5796,1,6.0263,6.1921,nan,6.4965,6.6772,0.2644,-0.1191,1.3906,0.0736,0.0141,-0.1262,30.6336,0.0669,2.8904,0.1047
35.550,141.659,2.1298,-5.3201,84.580,2.1305,-5.1747,85.986,0.1448,0.0130,0.1454,1.405,2.4508,-16.0398,1.503,-0.0352,10.8698,84.483,6.244,-1.1126,144.567,0.5857,0.0107,0.0173,1.6215,1,6.2327,6.5199,nan,6.5606,6.6679,0.2641,-0.1114,1.3823,0.0646,-0.0027,-0.1333,30.9330,0.0387,2.9229,0.1047
35.600,141.942,2.1618,-5.0396,81.790,2.1573,-4.9267,83.676,0.1111,0.0205,0.1130,1.886,2.5331,-16.0873,1.953,0.0047,11.1669,81.724,6.306,-1.0734,144.860,0.5928,0.0075,0.0309,4.1449,1,6.2602,6.3589,nan,6.5969,6.7515,0.2674,-0.1092,1.3771,0.0534,-0.0158,-0.1367,31.2323,0.0560,1.5996,0.1047
35.650,142.246,2.2115,-4.7393,78.848,2.1966,-4.6455,81.409,0.0891,0.0327,0.0949,2.560,2.6477,-16.0952,2.541,0.0570,11.4584,78.867,6.369,-1.0249,145.176,0.5846,0.0070,0.0458,6.5060,1,6.3508,6.4979,nan,6.5374,6.6233,0.2623,-0.1015,1.3683,0.0424,-0.0189,-0.1462,31.5317,0.0310,1.5537,0.1047
35.700,142.641,2.2980,-4.3541,75.224,2.2800,-4.2455,77.344,0.1004,0.0451,0.1101,2.120,2.5557,-16.1075,2.077,0.1543,11.8642,75.267,6.362,-1.0327,145.577,0.5934,0.0122,0.0589,4.8259,1,6.4090,6.5336,nan,6.3948,6.5612,0.2599,-0.1053,1.3614,0.0380,-0.0140,-0.1536,31.8310,0.0624,0.0020,0.1047
35.750,142.939,2.3796,-4.0668,72.439,2.3625,-4.0122,73.117,0.0469,0.0328,0.0573,0.678,2.2662,-16.1534,0.656,0.2353,12.1393,72.461,6.347,-1.0249,145.879,0.5843,0.0277,0.0218,0.7882,1,6.3594,6.4203,nan,6.2528,6.4150,0.2541,-0.1036,1.3530,0.0237,-0.0199,-0.1576,32.1304,0.0622,-0.4622,0.1047
35.800,143.211,2.4659,-3.8092,69.940,2.4475,-3.8232,71.431,-0.0195,0.0124,0.0231,1.491,2.4442,-16.2275,1.504,0.3289,12.3999,69.927,6.292,-0.8460,146.150,0.5821,0.0172,0.0095,0.5516,1,6.3702,6.4622,nan,6.1130,6.1567,0.2438,-0.0474,1.3432,-0.0274,-0.0532,-0.1702,32.4297,0.0167,-1.4338,0.1047
35.850,143.467,2.5558,-3.5697,68.776,2.5314,-3.6067,69.563,-0.0433,0.0093,0.0443,0.787,2.4387,-16.2511,1.493,0.4221,12.6376,68.071,6.187,-0.4431,146.398,0.5786,0.0010,0.0222,21.3002,1,6.3549,6.4320,nan,6.0167,5.9835,0.2370,-0.0471,1.3432,-0.0570,-0.0408,-0.1766,32.6293,-0.0127,-2.5772,0.1047
35.900,143.893,2.7154,-3.1750,66.547,2.6234,-3.3734,68.893,-0.2186,0.0054,0.2187,2.346,2.3909,-16.2701,1.290,0.5226,12.8882,67.604,6.053,-0.4700,146.811,0.5213,0.0301,0.0369,1.2270,1,6.1042,6.0550,nan,5.8721,5.9285,0.2348,-0.1029,1.3432,-0.0551,0.0210,-0.1822,32.9287,0.0225,-3.6091,0.1047
35.951,144.166,2.8283,-2.9263,64.041,2.8092,-2.9696,64.864,-0.0473,-0.0018,0.0473,0.823,2.3499,-16.2489,1.030,0.6979,13.2689,63.834,5.894,-0.9695,147.079,0.5670,0.0572,0.0473,0.8267,1,5.9718,5.9914,nan,5.7270,5.7728,0.2286,-0.1158,1.3432,-0.0574,0.0488,-0.1911,33.2280,0.0187,-2.7616,0.1047
36.000,144.411,2.9392,-2.7077,61.540,2.8963,-2.7996,63.141,-0.1013,-0.0061,0.1014,1.601,2.4227,-16.2715,1.378,0.7974,13.4566,61.763,5.790,-0.8761,147.319,0.5511,0.0082,0.0069,0.8403,1,5.7518,5.7263,nan,5.6571,5.8129,0.2302,-0.0564,1.3432,-0.0795,0.0000,-0.1981,33.4276,0.0662,-2.1150,0.1047
36.050,144.665,3.0623,-2.4859,60.211,3.0269,-2.5638,61.021,-0.0852,-0.0079,0.0856,0.811,2.4103,-16.2667,1.306,0.9287,13.6853,59.715,5.737,-0.4002,147.570,0.5508,0.0016,0.0106,6.5137,1,5.7921,5.8826,nan,5.7446,5.8104,0.2301,-0.0404,1.3432,-0.0796,0.0373,-0.2187,33.8267,0.0269,-1.4053,0.1047
36.100,144.911,3.1859,-2.2732,59.325,3.1388,-2.3623,60.475,-0.1006,-0.0049,0.1008,1.150,2.3723,-16.2711,1.164,1.0490,13.8904,59.311,5.703,-0.3622,147.815,0.5473,0.0010,0.0226,22.7447,1,5.7423,5.7914,nan,5.5293,5.3675,0.2126,-0.0719,1.3238,-0.0539,0.0884,-0.1705,34.0263,-0.0653,-0.9724,0.1047
36.150,145.290,3.3846,-1.9505,57.094,3.3290,-2.0418,57.829,-0.1068,-0.0029,0.1069,0.735,2.2829,-16.2558,0.784,1.2405,14.1984,57.045,5.487,-0.5280,148.180,0.5414,0.0110,0.0026,0.2374,1,5.5594,5.5544,nan,5.4079,5.5171,0.2185,-0.0624,1.2589,-0.0317,0.1109,-0.0890,34.3256,0.0480,-0.7216,0.1047
36.201,145.546,3.5261,-1.7365,55.741,3.4678,-1.8179,56.780,-0.1001,0.0024,0.1002,1.039,2.3645,-16.2720,1.159,1.3953,14.4288,55.621,5.419,-0.2548,148.433,0.5445,0.0072,0.0055,0.7614,1,5.4845,5.5211,nan,5.0381,5.1765,0.2050,0.0012,1.2003,-0.0150,0.0723,-0.0015,34.6250,0.0660,-1.4832,0.1047
36.250,145.792,3.6647,-1.5337,55.731,3.6020,-1.6144,56.776,-0.1020,0.0064,0.1022,1.045,2.3433,-16.2666,1.066,1.5310,14.6262,55.711,5.256,0.1060,148.667,0.5424,0.0041,0.0125,3.0437,1,5.3952,5.4264,nan,4.7961,4.8184,0.1908,0.0173,1.1598,0.0100,0.0708,0.0536,34.8246,0.0108,-4.0000,0.1047
36.300,145.988,3.7747,-1.3718,56.021,3.6960,-1.4687,57.364,-0.1244,0.0111,0.1249,1.342,2.4261,-16.2602,1.356,1.6196,14.7573,56.007,5.061,0.1512,148.848,0.5350,0.0029,0.0341,11.6169,1,5.1214,5.0614,nan,4.4486,4.4120,0.1747,0.0232,1.1226,0.0344,0.0820,0.1092,35.0241,-0.0188,-6.3411,0.1047
36.350,146.330,3.9645,-1.0871,56.731,3.8968,-1.1758,56.402,-0.1113,0.0079,0.1116,-0.330,2.0037,-16.1994,-0.343,1.8031,15.0347,56.745,4.632,0.1802,149.161,0.5345,0.0162,0.0056,0.3488,1,4.7556,4.5951,nan,4.3372,4.4567,0.1765,0.0587,1.0831,0.0539,0.0707,0.1609,35.2237,0.0662,-4.1109,0.1047
36.400,146.535,4.0763,-0.9144,57.755,3.9989,-1.0167,57.347,-0.1278,0.0109,0.1283,-0.408,2.0461,-16.1986,-0.192,1.9018,15.1884,57.539,4.509,0.4440,149.359,0.5315,0.0098,0.0167,1.6912,1,4.6325,4.6474,nan,4.0229,3.9383,0.1560,0.1830,1.0702,0.0422,-0.0081,0.2438,35.5230,-0.0474,-3.6793,0.1033
36.450,146.714,4.1702,-0.7622,59.701,4.0666,-0.9020,59.049,-0.1730,0.0189,0.1740,-0.653,2.1701,-16.2028,0.255,1.9647,15.2922,58.793,4.231,1.1522,149.520,0.5266,0.0034,0.0533,15.4822,1,4.2956,4.1921,nan,3.8288,3.8098,0.1509,0.2276,1.0702,0.0478,-0.0215,0.3029,35.7226,-0.0110,-7.5665,0.1033
36.500,146.899,4.2596,-0.6009,63.202,4.1835,-0.7002,62.421,-0.1230,0.0232,0.1252,-0.781,2.0127,-16.1712,-0.374,2.0699,15.4848,62.795,3.976,1.4324,149.691,0.5324,0.0054,0.0465,8.6179,1,4.1508,4.1590,nan,3.6457,3.5615,0.1410,0.2320,1.0702,0.0633,0.0229,0.3613,35.9222,-0.0487,-5.8531,0.1033
36.550,147.163,4.3684,-0.3605,68.756,4.2659,-0.5107,67.637,-0.1771,0.0411,0.1818,-1.119,1.8869,-16.1491,-0.841,2.1493,15.6717,68.477,3.595,1.3409,149.937,0.5259,0.0264,0.0536,2.0268,1,3.9045,3.8790,nan,3.4791,3.4251,0.1356,0.2375,1.0446,0.0668,0.0259,0.4225,36.1217,-0.0313,-7.1835,0.1033
36.600,147.324,4.4231,-0.2081,72.215,4.3379,-0.3384,70.863,-0.1501,0.0414,0.1557,-1.351,1.7214,-16.1246,-1.473,2.2098,15.8483,72.336,3.458,1.3490,150.093,0.5343,0.0207,0.0516,2.4984,1,3.5869,3.5123,nan,3.4024,3.4956,0.1384,0.2656,0.9596,0.0720,-0.0113,0.4893,36.3213,0.0540,-4.4170,0.1033
36.650,147.455,4.4602,-0.0830,75.343,4.3935,-0.1928,73.770,-0.1231,0.0367,0.1285,-1.574,1.7225,-16.0994,-1.535,2.2440,15.9724,75.304,3.408,1.4958,150.223,0.5361,0.0090,0.0613,6.8362,1,3.5331,3.5537,nan,3.3357,3.4031,0.1348,0.3000,0.9453,0.0650,-0.0089,0.5199,36.4211,0.0390,-2.0542,0.1033
36.700,147.603,4.4935,0.0616,79.310,4.4462,-0.0335,77.551,-0.1022,0.0288,0.1062,-1.760,1.7648,-16.0746,-1.458,2.2725,16.1041,79.008,3.344,1.5728,150.371,0.5330,0.0135,0.0628,4.6485,1,3.3438,3.3347,nan,3.2684,3.3700,0.1335,0.3415,0.8946,0.0512,-0.0375,0.5942,36.6207,0.0588,-2.6173,0.1033
36.750,147.830,4.5234,0.2864,86.290,4.4839,0.1928,84.634,-0.0960,0.0333,0.1016,-1.656,1.8185,-16.0720,-1.296,2.2967,16.3210,85.931,3.229,1.9085,150.598,0.5336,0.0236,0.0526,2.2280,1,3.3530,3.3817,nan,3.2949,3.2844,0.1301,0.3802,0.8971,0.0240,-0.0731,0.6553,36.8202,-0.0061,-1.2789,0.1033
36.800,147.974,4.5273,0.4304,91.202,4.5012,0.3898,89.426,-0.0401,0.0269,0.0483,-1.776,1.7094,-16.0291,-1.712,2.3000,16.4950,91.139,3.188,1.8256,150.744,0.5504,0.0169,0.0276,1.6285,1,3.2495,3.2600,nan,3.4168,3.4191,0.1354,0.3585,0.8990,0.0117,-0.0774,0.5845,37.0198,0.0013,-2.3550,0.1033
36.850,148.119,4.5189,0.5747,95.866,4.4967,0.5431,93.958,-0.0291,0.0253,0.0386,-1.909,1.6480,-16.0073,-1.935,2.2883,16.6372,95.892,3.232,1.8217,150.894,0.5519,0.0128,0.0253,1.9764,1,3.3797,3.4407,nan,3.5633,3.5190,0.1394,0.3604,0.9715,-0.0113,-0.1032,0.5065,37.2194,-0.0257,1.0757,0.1033
36.900,148.259,4.4997,0.7136,100.394,4.4787,0.7045,98.355,-0.0052,0.0223,0.0229,-2.039,1.5831,-15.9783,-2.164,2.2635,16.7802,100.519,3.291,1.8363,151.041,0.5589,0.0159,0.0248,1.5594,1,3.3303,3.3499,nan,3.7234,3.8064,0.1507,0.3488,0.9918,-0.0327,-0.1107,0.4369,37.4189,0.0481,1.1671,0.1033
36.950,148.502,4.4417,0.9492,107.664,4.4059,0.9971,106.393,0.0565,0.0196,0.0598,-1.271,1.7714,-16.0013,-1.509,2.1859,17.0619,107.902,3.543,1.6914,151.307,0.6014,0.0190,0.0099,0.5231,1,3.3456,3.3753,nan,3.8943,3.9674,0.1571,0.3051,1.0132,-0.0484,-0.0685,0.4050,37.5187,0.0800,3.5603,0.1033
37.000,148.653,4.3913,1.0918,111.780,4.3518,1.1172,110.829,0.0383,0.0273,0.0470,-0.950,1.9570,-16.0371,-0.863,2.1361,17.1885,111.692,3.652,1.6384,151.470,0.5916,0.0151,0.0098,0.6472,1,3.6247,3.8337,nan,4.0736,4.1585,0.1647,0.2501,1.1372,-0.0611,-0.0506,0.3391,37.7183,0.0492,2.7591,0.1033
37.050,148.802,4.3323,1.2291,115.132,4.2797,1.2798,114.772,0.0682,0.0261,0.0730,-0.361,1.9525,-16.0270,-0.858,2.0677,17.3397,115.630,3.809,1.3064,151.631,0.6073,0.0125,0.0124,0.9902,1,3.7647,3.8337,nan,4.2570,4.3378,0.1718,0.1592,1.2434,-0.0587,-0.0432,0.2473,38.0176,0.0451,4.3089,0.1033
37.100,148.978,4.2541,1.3869,117.702,4.1957,1.4532,118.025,0.0858,0.0209,0.0883,0.324,2.0688,-16.0348,-0.471,1.9831,17.5049,118.496,3.997,0.9844,151.821,0.6168,0.0132,0.0137,1.0365,1,3.8940,3.9611,nan,4.5172,4.6352,0.1836,0.1091,1.3342,-0.0718,-0.0428,0.1846,38.2172,0.0800,4.7750,0.1033
37.150,149.267,4.1139,1.6390,120.334,4.0297,1.7438,120.689,0.1330,0.0197,0.1344,0.354,2.2983,-16.0588,0.288,1.8209,17.7936,120.401,4.347,0.5445,152.135,0.6564,0.0066,0.0103,1.5700,1,4.0992,4.2143,nan,4.6802,4.8232,0.1910,0.0808,1.4058,-0.0889,-0.0457,0.1208,38.4168,0.0737,2.8924,0.1033
37.200,149.462,4.0135,1.8062,121.725,3.9331,1.8986,122.059,0.1209,0.0198,0.1225,0.334,2.3314,-16.0688,0.384,1.7221,17.9563,121.674,4.500,0.5608,152.341,0.6523,0.0067,0.0118,1.7592,1,4.3512,4.5462,nan,4.9112,5.0436,0.1997,0.0797,1.4058,-0.1072,-0.0615,0.0316,38.7161,0.0647,4.3756,0.1033
37.250,149.669,3.9027,1.9809,123.166,3.8099,2.0862,123.523,0.1389,0.0201,0.1404,0.357,2.3202,-16.0709,0.343,1.5983,18.1478,123.180,4.678,0.4446,152.562,0.6729,0.0086,0.0159,1.8437,1,4.5944,4.7952,nan,5.0573,5.1193,0.2027,0.0516,1.3397,-0.1180,-0.0301,-0.0311,38.9157,0.0289,4.6241,0.1033
37.300,149.994,3.7215,2.2507,124.568,3.6636,2.3093,124.305,0.0811,0.0144,0.0823,-0.262,2.1381,-16.0675,-0.271,1.4385,18.3838,124.577,4.856,0.2977,152.901,0.6354,0.0138,0.0181,1.3148,1,4.8160,5.0026,nan,5.1611,5.1384,0.2035,0.0402,1.2133,-0.1198,0.0050,-0.0834,39.2150,-0.0102,3.8776,0.1033
37.350,150.214,3.5956,2.4311,125.338,3.5501,2.4713,125.151,0.0591,0.0139,0.0607,-0.186,2.1774,-16.0903,-0.190,1.3110,18.5660,125.341,4.908,0.3294,153.126,0.6378,0.0120,0.0187,1.5524,1,4.9612,5.0808,nan,4.8088,4.8627,0.1926,0.0483,1.1405,-0.1269,0.0195,-0.1063,39.4146,0.0263,1.6736,0.1033
37.400,150.433,3.4675,2.6091,126.263,3.3933,2.6971,125.792,0.1148,0.0078,0.1151,-0.471,2.0920,-16.0888,-0.476,1.1452,18.7960,126.267,4.833,0.3225,153.341,0.6992,0.0156,0.0267,1.7163,1,5.1637,5.3513,nan,4.4252,4.3177,0.1710,0.0394,1.0423,-0.1130,0.0762,-0.1424,39.7140,-0.0545,-1.6630,0.1033
37.450,150.607,3.3638,2.7491,126.880,3.3175,2.8174,125.429,0.0824,-0.0040,0.0825,-1.451,1.7647,-16.0711,-1.524,1.0497,18.9231,126.953,4.601,0.2939,153.500,0.6848,0.0105,0.0109,1.0314,1,4.9153,4.8763,nan,4.1403,4.0062,0.1587,0.0444,1.0087,-0.0995,0.1013,-0.1415,39.8138,-0.0719,-7.2429,0.1033
37.500,150.820,3.2352,2.9183,127.702,3.2447,2.9264,125.973,0.0006,-0.0125,0.0125,-1.729,1.7310,-16.0767,-1.665,0.9609,19.0391,127.638,4.291,0.3010,153.693,0.6212,0.0103,0.0073,0.7078,1,4.5337,4.3438,nan,3.9991,4.0639,0.1609,0.0890,0.9457,-0.0984,0.1110,-0.0251,40.0133,0.0375,-8.2782,0.1033
37.550,151.103,3.0582,3.1397,130.128,3.0545,3.1685,128.939,0.0244,-0.0158,0.0291,-1.190,1.9843,-16.1002,-0.913,0.7631,19.2834,129.851,4.034,0.8088,153.961,0.6514,0.0278,0.0166,0.5963,1,4.1923,4.0848,nan,3.7261,3.8344,0.1519,0.1288,0.8829,-0.0781,0.1174,0.0978,40.2129,0.0627,-4.5686,0.1033
37.600,151.278,2.9439,3.2713,132.123,2.9583,3.2789,131.203,-0.0040,-0.0158,0.0163,-0.921,1.9843,-16.1002,-0.913,0.6652,19.3922,132.115,3.890,0.6047,154.128,0.6248,0.0215,0.0077,0.3589,1,3.9614,3.9427,nan,3.4702,3.5116,0.1391,0.0432,0.8458,-0.0341,0.1743,0.2232,40.4125,0.0240,-4.1040,0.1033
37.650,151.451,2.8267,3.3991,132.866,2.8442,3.4039,132.350,-0.0083,-0.0161,0.0181,-0.516,2.0038,-16.1022,-0.855,0.5492,19.5165,133.205,3.665,0.3141,154.288,0.6217,0.0144,0.0038,0.2673,1,3.8420,3.8546,nan,3.3490,3.3629,0.1332,0.0666,0.8203,-0.0010,0.1725,0.2797,40.5122,0.0081,-5.9960,0.1033
37.700,151.597,2.7264,3.5057,133.731,2.7451,3.4981,133.167,-0.0184,-0.0083,0.0202,-0.564,2.1003,-16.1190,-0.572,0.4491,19.6226,133.739,3.492,0.3610,154.425,0.6213,0.0114,0.0037,0.3279,1,3.6512,3.6443,nan,3.2319,3.2507,0.1287,0.2087,0.8000,0.0153,0.0954,0.4019,40.7118,0.0109,-5.8179,0.1033
37.750,151.833,2.5595,3.6715,137.647,2.5720,3.6673,136.923,-0.0121,-0.0054,0.0132,-0.724,2.0616,-16.1224,-0.696,0.2699,19.7945,137.619,3.258,1.2292,154.650,0.6348,0.0341,0.0212,0.6222,1,3.3201,3.2249,nan,3.1192,3.2269,0.1278,0.2410,0.8000,0.0375,0.0783,0.4624,40.8116,0.0800,-3.0533,0.1033
37.800,151.974,2.4525,3.7645,140.706,2.5005,3.7264,139.898,-0.0613,-0.0009,0.0613,-0.808,2.0616,-16.1224,-0.696,0.1977,19.8527,140.594,3.188,1.0975,154.790,0.5864,0.0269,0.0115,0.4288,1,3.2595,3.2769,nan,2.9046,2.9062,0.1151,0.2100,0.8000,0.0789,0.1099,0.5852,41.0112,0.0009,-2.2213,0.1033
37.850,152.113,2.3434,3.8500,143.322,2.3848,3.8182,142.507,-0.0522,0.0008,0.0522,-0.816,1.9757,-16.1190,-0.942,0.0812,19.9413,143.449,2.979,1.0463,154.919,0.5943,0.0195,0.0076,0.3909,1,3.1759,3.1892,nan,2.7027,2.5974,0.1029,0.3886,0.8000,0.0863,0.0885,0.6507,41.1110,-0.0610,-5.6146,0.1033
37.900,152.235,2.2438,3.9207,146.632,2.2710,3.9007,146.272,-0.0337,0.0017,0.0337,-0.360,2.1441,-16.1037,-0.396,-0.0114,20.0048,146.669,2.720,1.5894,155.031,0.5845,0.0128,0.0092,0.7200,1,2.9931,2.9822,nan,2.6072,2.5368,0.1005,0.4736,0.8000,0.0910,-0.0138,0.7861,41.3105,-0.0408,-7.3749,0.1033
37.950,152.413,2.0895,4.0102,153.880,2.1170,3.9856,153.580,-0.0355,0.0100,0.0369,-0.300,2.1441,-16.1037,-0.396,-0.1661,20.0886,153.976,2.536,1.9464,155.207,0.5815,0.0412,0.0327,0.7941,1,2.6603,2.5477,nan,2.6072,2.7057,0.1072,0.4854,0.8000,0.1007,0.0262,0.8554,41.4103,0.0800,-5.9624,0.1033
38.000,152.520,1.9919,4.0535,158.580,2.0241,4.0286,157.595,-0.0391,0.0115,0.0407,-0.985,1.8606,-16.1015,-1.223,-0.2664,20.1290,158.818,2.546,1.9541,155.317,0.5822,0.0286,0.0167,0.5842,1,2.5721,2.5797,nan,2.4304,2.5133,0.0995,0.5622,0.8000,0.1122,0.0600,0.9380,41.5101,0.0479,-0.2183,0.1033
38.050,152.632,1.8861,4.0899,163.891,1.9383,4.0585,162.429,-0.0589,0.0157,0.0609,-1.462,1.8606,-16.1015,-1.223,-0.3528,20.1570,163.653,2.434,2.1535,155.429,0.5614,0.0203,0.0151,0.7423,1,2.5017,2.5114,nan,2.4208,2.4518,0.0971,0.6451,0.8000,0.1082,-0.0640,1.1107,41.7096,0.0179,-1.7864,0.1033
38.100,152.792,1.7293,4.1231,172.623,1.7602,4.1042,171.612,-0.0331,0.0148,0.0363,-1.012,1.9318,-16.0934,-1.005,-0.5258,20.1915,172.617,2.295,2.3081,155.592,0.5757,0.0652,0.0496,0.7603,1,2.4711,2.4865,nan,2.4178,2.3957,0.0949,0.6771,0.8000,0.1067,-0.0574,1.1945,41.8094,-0.0128,-3.5270,0.1033
38.150,152.899,1.6234,4.1312,179.004,1.6488,4.1043,178.473,-0.0258,0.0265,0.0370,-0.532,2.0633,-16.0976,-0.630,-0.6366,20.1961,179.103,2.233,2.3891,155.702,0.5779,0.0592,0.0540,0.9121,1,2.4975,2.5218,nan,2.4081,2.3430,0.0928,0.6660,0.8000,0.0905,-0.1605,1.1975,42.0090,-0.0377,-2.4507,0.1033
38.200,152.987,1.5351,4.1287,-175.584,1.5631,4.1030,-176.790,-0.0259,0.0278,0.0380,-1.207,1.9412,-16.0997,-0.991,-0.7275,20.1930,-175.799,2.191,2.3367,155.794,0.5798,0.0344,0.0197,0.5736,1,2.2969,2.2732,nan,2.4138,2.5027,0.0991,0.7237,0.8000,0.0977,-0.1531,1.2004,42.1088,0.0515,-2.2859,0.1033
38.250,153.086,1.4372,4.1159,-169.123,1.4611,4.0917,-170.530,-0.0189,0.0283,0.0340,-1.406,1.8569,-16.0977,-1.253,-0.8371,20.1759,-169.277,2.195,2.5864,155.903,0.5875,0.0240,0.0225,0.9397,1,2.3698,2.4030,nan,2.4112,2.4426,0.0967,0.7330,0.8000,0.0719,-0.1591,1.2014,42.2086,0.0182,-1.5702,0.1033
38.300,153.182,1.3439,4.0926,-162.573,1.3689,4.0695,-164.036,-0.0169,0.0295,0.0341,-1.464,1.8317,-16.0959,-1.341,-0.9345,20.1490,-162.695,2.184,2.5923,156.008,0.5892,0.0138,0.0240,1.7374,1,2.3668,2.3853,nan,2.4015,2.4279,0.0962,0.7347,0.8000,0.0560,-0.1378,1.2048,42.3083,0.0153,-1.4887,0.1033
38.350,153.327,1.2094,4.0376,-152.645,1.2181,4.0105,-153.582,0.0048,0.0281,0.0285,-0.937,1.9836,-16.0848,-0.911,-1.0850,20.0805,-152.671,2.159,2.5656,156.166,0.5965,0.0451,0.0385,0.8547,1,2.3730,2.3929,nan,2.3926,2.4075,0.0953,0.7313,0.8000,0.0295,-0.2474,1.2038,42.5079,0.0086,-1.4620,0.1033
38.400,153.426,1.1242,3.9871,-145.916,1.1407,3.9627,-147.481,0.0000,0.0294,0.0294,-1.565,1.8120,-16.0867,-1.433,-1.1725,20.0264,-146.048,2.150,2.5544,156.274,0.5968,0.0350,0.0217,0.6210,1,2.2727,2.2754,nan,2.3926,2.4838,0.0984,0.7560,0.8000,0.0178,-0.2378,1.2130,42.6077,0.0528,-1.3660,0.1023
38.450,153.521,1.0488,3.9298,-139.258,1.0587,3.8952,-140.593,0.0151,0.0327,0.0360,-1.335,1.8913,-16.0853,-1.219,-1.2574,19.9583,-139.374,2.175,2.6471,156.381,0.6001,0.0222,0.0201,0.9059,1,2.3653,2.4031,nan,2.5997,2.6903,0.1065,0.7356,0.8000,-0.0020,-0.2287,1.0576,42.7075,0.0524,-0.8928,0.1023
38.500,153.612,0.9829,3.8669,-132.944,0.9778,3.8102,-132.750,0.0450,0.0349,0.0569,0.194,2.0883,-16.0745,-0.665,-1.3412,19.8704,-132.085,2.262,2.7210,156.489,0.6055,0.0149,0.0182,1.2227,1,2.4358,2.4687,nan,2.7129,2.7218,0.1078,0.6355,0.8000,-0.0188,-0.1849,0.9550,42.8073,0.0051,1.9494,0.1023
38.550,153.772,0.8840,3.7417,-123.462,0.8862,3.6879,-124.476,0.0437,0.0315,0.0539,-1.015,2.0415,-16.0697,-0.826,-1.4400,19.7388,-123.650,2.399,2.4472,156.669,0.6028,0.0352,0.0279,0.7906,1,2.3454,2.3507,nan,2.8239,2.9549,0.1170,0.5703,0.8000,-0.0236,-0.1400,0.8308,42.9071,0.0800,0.4468,0.1023
38.600,153.893,0.8224,3.6367,-117.009,0.8270,3.5776,-118.198,0.0505,0.0310,0.0592,-1.189,2.0602,-16.0669,-0.785,-1.5021,19.6258,-117.413,2.554,2.2745,156.808,0.6002,0.0321,0.0220,0.6854,1,2.6353,2.8349,nan,2.9464,2.9258,0.1159,0.5491,0.8000,-0.0550,-0.1827,0.6251,43.1066,-0.0119,0.1821,0.1023
38.650,154.002,0.7772,3.5375,-111.577,0.7777,3.4637,-112.448,0.0684,0.0276,0.0738,-0.871,1.9850,-16.0609,-1.023,-1.5557,19.4999,-111.424,2.643,2.1096,156.928,0.5981,0.0194,0.0199,1.0236,1,2.8273,2.9110,nan,3.2015,3.2038,0.1269,0.4687,0.8000,-0.0764,-0.1354,0.5443,43.2064,0.0013,2.0681,0.1023
38.700,154.117,0.7393,3.4293,-106.650,0.7414,3.3558,-106.989,0.0699,0.0231,0.0736,-0.339,2.1510,-16.0431,-0.545,-1.5940,19.3845,-106.444,2.803,2.0359,157.058,0.5961,0.0196,0.0218,1.1095,1,2.8916,2.9274,nan,3.3276,3.3539,0.1328,0.3980,0.8676,-0.0859,-0.0918,0.4226,43.3062,0.0152,5.1711,0.1023
38.750,154.321,0.6929,3.2306,-99.975,0.6946,3.1424,-100.099,0.0865,0.0169,0.0882,-0.123,2.1375,-16.0398,-0.589,-1.6402,19.1664,-99.509,3.118,1.1702,157.285,0.5898,0.0238,0.0226,0.9491,1,2.9164,2.9442,nan,3.4481,3.5324,0.1399,0.2401,0.9502,-0.0943,-0.0600,0.2711,0.0998,0.0488,4.3677,0.1023
38.800,154.465,0.6716,3.0879,-96.901,0.6733,2.9903,-97.146,0.0966,0.0135,0.0976,-0.245,2.3062,-16.0260,-0.088,-1.6620,19.0139,-97.058,3.288,1.1777,157.439,0.5873,0.0196,0.0190,0.9670,1,3.1361,3.2455,nan,3.7817,3.8701,0.1533,0.2235,1.1298,-0.1134,-0.0855,0.1025,0.2993,0.0800,4.6921,0.1023
38.850,154.622,0.6566,2.9319,-93.786,0.6613,2.8090,-94.115,0.1224,0.0128,0.1230,-0.329,2.2331,-16.0261,-0.321,-1.6773,18.8259,-93.795,3.508,1.1050,157.611,0.5791,0.0181,0.0153,0.8448,1,3.3679,3.4926,nan,3.9848,4.0956,0.1622,0.1265,1.2457,-0.1210,-0.0307,0.0611,0.4989,0.0800,5.8972,0.1023
38.900,154.767,0.6494,2.7872,-92.020,0.6549,2.6556,-91.459,0.1313,0.0101,0.1317,0.560,2.2222,-16.0223,-0.351,-1.6817,18.6679,-91.108,3.714,0.6981,157.768,0.5734,0.0221,0.0104,0.4708,1,3.6236,3.7861,nan,4.1755,4.2874,0.1698,0.0805,1.3541,-0.1183,0.0124,0.0452,0.5987,0.0643,5.5249,0.1023
38.950,155.039,0.6445,2.5147,-90.102,0.6465,2.3803,-90.587,0.1344,0.0023,0.1344,-0.485,2.1719,-16.0197,-0.498,-1.6853,18.3861,-90.089,4.053,0.4503,158.063,0.5702,0.0186,0.0211,1.1312,1,3.7435,3.8047,nan,4.3555,4.4740,0.1772,0.0720,1.4130,-0.1252,0.0064,0.0298,0.7983,0.0800,4.5970,0.1023
39.000,155.217,0.6459,2.3370,-88.971,0.6535,2.1661,-88.899,0.1710,0.0045,0.1711,0.072,2.3616,-16.0140,0.080,-1.6827,18.1824,-88.979,4.214,0.4478,158.251,0.5643,0.0187,0.0072,0.3862,1,4.0044,4.1864,nan,4.6085,4.7473,0.1880,0.0679,1.5216,-0.1328,-0.0015,0.0160,1.0976,0.0800,4.1469,0.1023
39.050,155.381,0.6500,2.1736,-87.994,0.6593,1.9837,-87.835,0.1901,0.0027,0.1901,0.159,2.3383,-16.0084,0.007,-1.6768,17.9923,-87.842,4.374,0.4271,158.426,0.5590,0.0207,0.0065,0.3138,1,4.2915,4.5860,nan,4.7673,4.8353,0.1915,0.0293,1.5216,-0.1210,0.0305,0.0055,1.2972,0.0336,5.2195,0.1023
39.100,155.604,0.6592,1.9507,-87.373,0.6676,1.7960,-87.241,0.1550,0.0012,0.1550,0.132,2.3696,-16.0065,0.108,-1.6684,17.8056,-87.349,4.531,0.1625,158.660,0.5649,0.0201,0.0084,0.4152,1,4.1211,4.1222,nan,4.9193,4.8632,0.1926,0.0136,1.5216,-0.1145,0.0478,-0.0117,1.4968,0.0800,3.4387,0.1023
39.150,155.913,0.6746,1.6418,-87.008,0.6812,1.4821,-87.334,0.1598,-0.0018,0.1598,-0.326,2.2343,-16.0063,-0.325,-1.6523,17.4793,-87.008,4.714,0.0787,158.984,0.5615,0.0169,0.0069,0.4054,1,4.3429,4.4925,nan,5.1359,5.0957,0.2018,0.0108,1.5216,-0.1063,0.0422,-0.0133,1.7961,0.0800,2.7947,0.1023
39.200,156.133,0.6865,1.4224,-86.802,0.6909,1.2782,-86.890,0.1442,-0.0036,0.1442,-0.088,2.3036,-15.9757,-0.090,-1.6398,17.2514,-86.800,4.832,0.0811,159.213,0.5597,0.0163,0.0047,0.2859,1,4.6313,5.0155,nan,5.2735,5.4005,0.2139,0.0106,1.5225,-0.1011,0.0383,-0.0163,2.0955,0.0800,3.1735,0.1023
39.250,156.350,0.6991,1.2059,-86.597,0.7069,1.0549,-86.771,0.1512,-0.0012,0.1512,-0.174,2.2842,-15.9728,-0.166,-1.6266,17.0231,-86.605,5.014,0.0296,159.446,0.5576,0.0154,0.0051,0.3318,1,4.8893,5.1588,nan,5.5344,5.6749,0.2248,-0.0004,1.5225,-0.0915,0.0476,-0.0118,2.2950,0.0800,4.8566,0.1023
39.300,156.554,0.7113,1.0017,-86.597,0.7247,0.7935,-86.804,0.2087,0.0011,0.2087,-0.207,2.2710,-15.9669,-0.219,-1.6104,16.7543,-86.585,5.197,-0.0006,159.666,0.5504,0.0142,0.0028,0.2004,1,5.1239,5.3632,nan,5.6585,5.7915,0.2294,-0.0103,1.5241,-0.0744,0.0500,-0.0150,2.5944,0.0561,5.5008,0.1023
39.350,156.927,0.7329,0.6295,-86.896,0.7435,0.4058,-87.352,0.2239,-0.0015,0.2239,-0.455,2.2049,-15.9703,-0.445,-1.5886,16.3643,-86.906,5.426,-0.0985,160.060,0.5506,0.0125,0.0090,0.7193,1,5.1844,5.2646,nan,5.7788,5.9599,0.2360,-0.0147,1.5241,-0.0638,0.0492,-0.0116,2.7940,0.0757,3.7114,0.1023
39.400,157.191,0.7466,0.3655,-87.245,0.7536,0.1591,-87.412,0.2065,-0.0029,0.2065,-0.168,2.2840,-15.9431,-0.160,-1.5754,16.0979,-87.252,5.576,-0.1074,160.339,0.5512,0.0124,0.0068,0.5463,1,5.4608,5.9512,nan,6.0090,6.1588,0.2439,-0.0093,1.5241,-0.0532,0.0365,-0.0117,3.0933,0.0597,3.3661,0.1023
39.450,157.435,0.7581,0.1225,-87.467,0.7610,-0.0582,-87.543,0.1807,-0.0051,0.1807,-0.076,2.3128,-15.9420,-0.050,-1.5658,15.8824,-87.492,5.732,-0.1228,160.597,0.5525,0.0122,0.0125,1.0184,1,5.5104,5.5961,nan,6.1193,6.3190,0.2503,-0.0154,1.5241,-0.0432,0.0383,-0.0112,3.3927,0.0790,4.0431,0.1023
39.500,157.673,0.7682,-0.1154,-87.769,0.7715,-0.3049,-87.860,0.1895,-0.0041,0.1896,-0.091,2.3020,-15.9471,-0.092,-1.5557,15.6396,-87.768,5.868,-0.1452,160.850,0.5526,0.0123,0.0123,1.0058,1,5.7163,5.9582,nan,6.3313,6.5404,0.2590,-0.0213,1.5265,-0.0302,0.0387,-0.0083,3.7918,0.0799,4.0361,0.1023
39.550,157.953,0.7782,-0.3955,-88.279,0.7837,-0.5752,-87.927,0.1798,0.0001,0.1798,0.352,2.3801,-15.9044,0.193,-1.5448,15.3345,-88.120,6.043,-0.1957,161.149,0.5523,0.0135,0.0010,0.0724,1,5.6888,5.7454,nan,6.4334,6.5078,0.2577,-0.0213,1.5265,-0.0211,0.0324,-0.0113,3.9913,0.0800,2.6635,0.1023
39.600,158.357,0.7882,-0.7991,-89.034,0.7977,-1.0234,-88.331,0.2244,0.0057,0.2245,0.703,2.5099,-15.8967,0.681,-1.5355,14.8925,-89.011,6.183,-0.2077,161.571,0.5561,0.0132,0.0055,0.4203,1,5.9413,6.7886,nan,6.6782,6.7743,0.2683,-0.0222,1.5265,-0.0079,0.0266,-0.0109,4.3905,0.0800,2.9832,0.1023
39.650,158.651,0.7920,-1.0933,-89.631,0.8029,-1.3548,-88.856,0.2616,0.0092,0.2617,0.775,2.5280,-15.8859,0.760,-1.5323,14.5527,-89.616,6.331,-0.2864,161.882,0.5638,0.0134,0.0071,0.5327,1,6.1564,6.4589,nan,6.8186,7.0022,0.2773,-0.0306,1.5276,0.0071,0.0269,-0.0060,4.6898,0.0800,3.5891,0.1023
39.700,158.914,0.7926,-1.3560,-90.345,0.7989,-1.6061,-90.146,0.2501,0.0078,0.2502,0.199,2.3737,-15.9022,0.168,-1.5329,14.3006,-90.314,6.471,-0.2821,162.162,0.5631,0.0125,0.0107,0.8604,1,6.3993,6.8222,nan,6.9545,7.1308,0.2824,-0.0208,1.5276,0.0094,0.0135,-0.0077,4.9892,0.0608,4.0559,0.1023
39.750,159.368,0.7871,-1.8106,-90.947,0.7964,-2.0514,-90.610,0.2406,0.0133,0.2410,0.337,2.4590,-15.8669,0.507,-1.5404,13.8296,-91.117,6.711,0.0174,162.647,0.5681,0.0125,0.0090,0.7247,1,6.5025,6.6693,nan,7.1292,7.3639,0.2916,0.0024,1.5292,-0.0012,-0.0082,-0.0105,5.3883,0.0797,3.5097,0.1023
39.800,159.680,0.7820,-2.1228,-90.897,0.7971,-2.4470,-90.080,0.3240,0.0202,0.3246,0.817,2.5324,-15.8851,0.806,-1.5462,13.4611,-90.885,6.853,-0.0060,162.977,0.5829,0.0125,0.0124,0.9874,1,6.6490,6.8741,nan,7.2558,7.4791,0.2962,-0.0237,1.5309,0.0108,0.0178,-0.0089,5.7875,0.0743,3.7454,0.1023
39.850,159.929,0.7776,-2.3714,-91.340,0.7954,-2.7269,-90.421,0.3550,0.0261,0.3559,0.919,2.5187,-15.8826,0.748,-1.5514,13.1771,-91.169,6.955,-0.3041,163.241,0.5951,0.0125,0.0143,1.1413,1,6.9087,7.6521,nan,7.4591,7.6430,0.3027,-0.0366,1.5311,0.0247,0.0250,-0.0053,6.1866,0.0590,3.0121,0.1023
39.900,160.267,0.7674,-2.7089,-92.429,0.7846,-2.9622,-91.927,0.2524,0.0279,0.2539,0.502,2.3868,-15.8997,0.188,-1.5597,12.9426,-92.115,7.100,-0.3735,163.599,0.5655,0.0127,0.0098,0.7759,1,6.7590,6.7767,nan,7.5378,7.6303,0.3022,-0.0053,1.5311,0.0171,-0.0086,-0.0071,6.3862,0.0800,3.4707,0.1023
39.950,160.769,0.7448,-3.2107,-92.294,0.7663,-3.4780,-91.647,0.2662,0.0322,0.2682,0.648,2.5881,-15.8535,1.093,-1.5855,12.4079,-92.739,7.266,0.3852,164.127,0.5756,0.0129,0.0170,1.3199,1,7.0079,7.5804,nan,7.7659,7.8931,0.3126,0.0353,1.5322,-0.0089,-0.0431,-0.0071,6.8851,0.0800,2.2722,0.1023
40.000,161.069,0.7343,-3.5107,-91.370,0.7543,-3.8625,-90.417,0.3513,0.0284,0.3524,0.953,2.5440,-15.8067,0.914,-1.5990,11.9712,-91.331,7.372,0.3468,164.443,0.6253,0.0125,0.0219,1.7510,1,7.1525,7.4119,nan,7.8758,8.0446,0.3186,-0.0453,1.5322,0.0237,0.0407,-0.0076,7.2842,0.0800,2.9696,0.1023
40.050,161.411,0.7257,-3.8526,-92.047,0.7499,-4.0878,-90.002,0.2342,0.0326,0.2364,2.045,2.4463,-15.8188,0.463,-1.6015,11.7443,-90.465,7.490,-0.5583,164.805,0.5782,0.0154,0.0339,2.2000,1,7.3817,7.9003,nan,7.9830,8.2172,0.3254,-0.0595,1.5342,0.0320,0.0551,-0.0056,7.5836,0.0707,3.1511,0.1023
40.100,161.736,0.7109,-4.1770,-93.731,0.7330,-4.4941,-93.118,0.3150,0.0426,0.3178,0.613,2.4187,-15.7824,0.310,-1.6247,11.2973,-93.428,7.605,-0.6684,165.150,0.6308,0.0128,0.0128,0.9986,1,7.4526,7.6363,nan,8.0000,8.1963,0.3246,0.0305,1.5350,-0.0016,-0.0396,-0.0021,7.9827,0.0587,2.7441,0.1023
40.150,162.273,0.6761,-4.7126,-92.641,0.7049,-5.0005,-92.348,0.2862,0.0420,0.2893,0.293,2.4819,-15.7142,0.607,-1.6634,10.7320,-92.955,7.694,0.8341,165.708,0.6480,0.0180,0.0214,1.1879,1,7.6856,8.2844,nan,8.0000,8.0222,0.3177,0.0733,1.5355,-0.0352,-0.0854,-0.0012,8.3819,0.0064,2.1993,0.1023
40.200,162.596,0.6650,-5.0356,-90.551,0.6961,-5.3266,-90.536,0.2907,0.0339,0.2926,0.015,2.3675,-15.7110,0.003,-1.6708,10.3845,-90.539,7.697,0.8739,166.039,0.6569,0.0146,0.0240,1.6458,1,7.7159,7.8714,nan,8.0000,8.0020,0.3169,-0.0706,1.5372,0.0298,0.0723,0.0002,8.7810,0.0006,0.0127,0.1023
40.250,162.973,0.6633,-5.4128,-90.716,0.6832,-5.6745,-90.927,0.2615,0.0231,0.2625,-0.211,2.2022,-15.7116,-0.848,-1.6673,10.0134,-90.079,7.696,-0.7388,166.424,0.6494,0.0171,0.0099,0.5774,1,7.6685,7.7607,nan,8.0000,8.0401,0.3184,-0.0736,1.5360,0.0434,0.0993,-0.0003,9.0803,0.0117,0.0020,0.1023
40.300,163.289,0.6558,-5.7283,-92.730,0.6701,-5.9250,-93.423,0.1958,0.0236,0.1972,-0.693,2.2516,-15.6285,-0.592,-1.6818,9.6866,-92.831,7.699,-0.7442,166.747,0.6611,0.0137,0.0153,1.1175,1,7.6390,7.7421,nan,8.0000,8.1164,0.3214,0.0447,1.5359,-0.0117,-0.0479,-0.0013,9.4795,0.0344,-0.0554,0.1023
40.350,163.791,0.6321,-6.2297,-91.815,0.6495,-6.3938,-92.805,0.1635,0.0226,0.1650,-0.990,2.3272,-15.6603,-0.167,-1.7047,9.2616,-92.638,7.739,0.5422,167.263,0.6245,0.0137,0.0097,0.7042,1,7.5966,7.6900,nan,8.0000,8.2044,0.3249,0.0750,1.5359,-0.0369,-0.0847,-0.0024,9.7788,0.0800,0.6691,0.1023
40.400,164.155,0.6248,-6.5943,-89.659,0.6447,-6.8496,-89.529,0.2554,0.0184,0.2561,0.130,2.4051,-15.6235,0.328,-1.7101,8.7839,-89.858,7.777,0.7620,167.640,0.6787,0.0149,0.0212,1.4268,1,7.8065,8.2980,nan,8.0000,8.1470,0.3227,-0.0415,1.5352,0.0149,0.0465,-0.0016,10.2777,0.0436,0.4542,0.1023
40.450,164.482,0.6277,-6.9214,-89.838,0.6357,-7.1261,-88.962,0.2047,0.0074,0.2049,0.876,2.3420,-15.5874,0.029,-1.7020,8.4622,-88.991,7.795,-0.5511,167.975,0.6713,0.0131,0.0118,0.8971,1,7.8255,7.9751,nan,8.0000,8.1326,0.3221,-0.0707,1.5352,0.0606,0.1097,0.0029,10.5771,0.0393,0.5319,0.1091
40.500,164.833,0.6248,-7.2722,-91.887,0.6284,-7.4257,-91.023,0.1533,0.0087,0.1535,0.863,2.4176,-15.5327,0.561,-1.7098,8.1241,-91.584,7.796,-0.7612,168.334,0.6684,0.0127,0.0137,1.0777,1,7.8696,8.0458,nan,8.0000,8.0991,0.3208,-0.0035,1.5345,0.0213,-0.0061,0.0040,10.9762,0.0292,0.0178,0.1091
40.550,165.379,0.6041,-7.8178,-91.900,0.6093,-8.0091,-91.784,0.1910,0.0115,0.1913,0.117,2.4198,-15.5614,0.577,-1.7343,7.5702,-92.361,7.799,0.5485,168.890,0.6761,0.0126,0.0135,1.0711,1,7.8505,7.9686,nan,8.0000,8.1136,0.3213,0.0475,1.5345,-0.0009,-0.0560,0.0034,11.2756,0.0335,0.0346,0.1091
40.600,165.707,0.5957,-8.1453,-90.505,0.6048,-8.3696,-90.157,0.2242,0.0111,0.2245,0.347,2.3885,-15.5822,0.350,-1.7396,7.2234,-90.508,7.798,0.5531,169.224,0.6842,0.0129,0.0141,1.0965,1,7.7812,7.8608,nan,8.0000,8.1663,0.3234,-0.0559,1.5316,0.0402,0.0525,0.0043,11.7745,0.0495,-0.0756,0.1091
40.650,166.011,0.5934,-8.4497,-90.883,0.5946,-8.6774,-90.851,0.2277,0.0047,0.2277,0.032,2.3160,-15.5678,-0.172,-1.7421,6.8852,-90.679,7.808,-0.6678,169.536,0.7041,0.0120,0.0105,0.8762,1,7.8575,8.0694,nan,8.0000,8.1083,0.3211,-0.0701,1.5305,0.0640,0.0765,0.0041,12.1736,0.0319,0.2694,0.1091
40.700,166.378,0.5830,-8.8163,-93.103,0.5781,-8.9233,-92.895,0.1071,0.0009,0.1071,0.208,2.2814,-15.5924,-0.404,-1.7504,6.6569,-92.490,7.797,-0.8509,169.910,0.6293,0.0099,0.0101,1.0275,1,7.4515,7.1361,nan,7.9452,8.0476,0.3187,0.0253,1.5305,0.0206,-0.0409,0.0054,12.3732,0.0800,-0.3001,0.1091
40.750,166.937,0.5521,-9.3748,-92.149,0.5489,-9.5478,-92.274,0.1730,0.0033,0.1731,-0.124,2.3921,-15.5327,0.509,-1.7900,6.0010,-92.782,7.676,0.8549,170.465,0.6859,0.0150,0.0150,1.0009,1,7.6014,7.9086,nan,7.3522,7.5024,0.2971,0.0749,1.5285,-0.0315,-0.1083,0.0047,12.8721,0.0800,-0.2432,0.1091
40.800,167.257,0.5439,-9.6940,-90.197,0.5436,-9.8798,-89.906,0.1858,0.0003,0.1858,0.291,2.3490,-15.5479,0.128,-1.7928,5.6721,-90.034,7.513,0.3257,170.772,0.6869,0.0114,0.0133,1.1740,1,7.6658,7.8537,nan,7.0423,7.0661,0.2798,-0.0613,1.5285,0.0347,0.0615,0.0040,13.2712,0.0078,-3.8058,0.1091
40.850,167.604,0.5413,-10.0414,-91.333,0.5408,-10.1570,-90.446,0.1156,0.0022,0.1156,0.887,2.3933,-15.5236,0.606,-1.7956,5.3859,-91.051,7.272,-0.6459,171.098,0.6543,0.0133,0.0096,0.7257,1,7.7371,7.9358,nan,6.6142,6.5157,0.2580,-0.0545,1.5285,0.0435,0.0513,0.0056,13.6704,-0.0800,-5.7849,0.1091
40.900,167.896,0.5321,-10.3330,-92.781,0.5344,-10.4509,-92.139,0.1176,0.0080,0.1179,0.641,2.4064,-15.5017,0.715,-1.8089,5.0738,-92.854,6.975,-0.5093,171.364,0.6683,0.0089,0.0102,1.1511,1,7.3664,7.1358,nan,6.2833,6.1747,0.2445,0.0313,1.5275,0.0151,-0.0428,0.0039,13.9697,-0.0800,-8.4143,0.1091
40.950,168.359,0.5110,-10.7961,-91.785,0.5202,-10.8315,-91.433,0.0351,0.0103,0.0366,0.352,2.3960,-15.5045,0.602,-1.8266,4.6924,-92.035,6.457,0.5168,171.780,0.6263,0.0082,0.0124,1.5079,1,6.9920,6.7547,nan,6.0573,5.8446,0.2315,0.0511,1.5275,0.0039,-0.0600,0.0055,14.1693,-0.0777,-7.4579,0.1091
41.000,168.631,0.5046,-11.0674,-90.554,0.5155,-10.9953,-90.162,-0.0722,0.0102,0.0729,0.392,2.3690,-15.4471,0.298,-1.8304,4.4614,-90.460,6.179,0.3652,172.029,0.6078,0.0061,0.0106,1.7413,1,6.5616,6.1403,nan,5.7087,5.5580,0.2201,-0.0393,1.5275,0.0324,0.0376,0.0100,14.4687,-0.0591,-7.7431,0.1091
41.050,168.896,0.5017,-11.3329,-91.086,0.5052,-11.2924,-91.744,-0.0406,0.0028,0.0407,-0.658,2.2880,-15.4969,-0.697,-1.8337,4.1826,-91.047,5.906,-0.4003,172.273,0.6133,0.0049,0.0120,2.4519,1,6.1258,5.6099,nan,5.5895,5.6796,0.2249,-0.0437,1.5275,0.0356,0.0426,0.0095,14.6682,0.0381,-7.1893,0.1091
41.100,169.159,0.4950,-11.5954,-92.110,0.4952,-11.5489,-92.691,-0.0464,-0.0015,0.0465,-0.581,2.2993,-15.4897,-0.549,-1.8418,3.9233,-92.142,5.760,-0.3370,172.525,0.6134,0.0060,0.0100,1.6682,1,5.7336,5.4705,nan,5.2219,5.3307,0.2111,0.0440,1.5024,0.0023,-0.0488,0.0107,14.9676,0.0496,-3.9429,0.1091
41.150,169.533,0.4832,-11.9694,-90.835,0.4815,-11.8907,-91.366,-0.0787,-0.0029,0.0788,-0.531,2.3078,-15.4738,-0.417,-1.8524,3.5698,-90.949,5.395,0.5500,172.872,0.6045,0.0055,0.0054,0.9866,1,5.5455,5.5379,nan,4.9670,5.0249,0.1990,0.0649,1.4225,-0.0105,-0.0622,0.0089,15.1671,0.0274,-5.6784,0.1091
41.200,169.766,0.4819,-12.2023,-89.484,0.4813,-12.0595,-89.967,-0.1428,0.0007,0.1428,-0.483,2.3051,-15.4509,-0.469,-1.8514,3.3764,-89.498,5.193,0.4019,173.090,0.5893,0.0036,0.0065,1.7954,1,5.3928,5.4010,nan,4.7025,4.6755,0.1852,-0.0251,1.3083,0.0093,0.0296,0.0076,15.4665,-0.0132,-5.7140,0.1091
41.250,169.979,0.4839,-12.4149,-89.717,0.4815,-12.2946,-90.062,-0.1203,-0.0019,0.1203,-0.345,2.3132,-15.4509,-0.324,-1.8496,3.1459,-89.738,4.933,-0.2572,173.284,0.5952,0.0034,0.0092,2.6670,1,5.0765,4.9808,nan,4.4268,4.4307,0.1755,-0.0362,1.2411,0.0177,0.0419,0.0113,15.6661,0.0020,-6.6766,0.1091
41.300,170.300,0.4833,-12.7367,-90.255,0.4792,-12.5568,-90.914,-0.1799,-0.0049,0.1799,-0.659,2.3214,-15.4349,-0.189,-1.8517,2.8720,-90.726,4.563,0.2184,173.582,0.5826,0.0007,0.0232,31.3083,1,4.7024,4.5148,nan,4.2118,4.3366,0.1717,0.0314,1.2081,0.0075,-0.0145,0.0094,15.7659,0.0714,-7.5156,0.1091
41.350,170.502,0.4831,-12.9388,-89.701,0.4828,-12.7918,-89.764,-0.1470,0.0004,0.1470,-0.063,2.3302,-15.4548,-0.079,-1.8511,2.6605,-89.685,4.412,0.1877,173.774,0.5843,0.0023,0.0053,2.3388,1,4.7124,4.7610,nan,3.9890,3.8681,0.1532,0.0239,1.1234,0.0119,0.0122,0.0118,16.0652,-0.0800,-4.0526,0.1091
41.400,170.694,0.4847,-13.1304,-89.283,0.4840,-12.9634,-89.463,-0.1670,0.0014,0.1670,-0.180,2.3243,-15.4670,-0.199,-1.8489,2.4972,-89.264,4.121,0.1745,173.947,0.5768,0.0030,0.0108,3.5694,1,4.4271,4.3712,nan,3.7595,3.6320,0.1438,0.0325,1.0690,0.0198,0.0203,0.0147,16.2648,-0.0738,-8.0731,0.1091
41.450,170.865,0.4874,-13.3016,-88.801,0.4857,-13.1422,-88.909,-0.1594,0.0016,0.1594,-0.108,2.3261,-15.4784,-0.129,-1.8457,2.3320,-88.780,3.865,0.1920,174.103,0.5750,0.0043,0.0151,3.5027,1,4.1029,4.0194,nan,3.5320,3.4676,0.1373,0.0554,1.0128,0.0222,0.0209,0.0374,16.4643,-0.0373,-7.3937,0.1091
41.500,171.044,0.4922,-13.4807,-87.935,0.4903,-13.2970,-87.938,-0.1836,0.0047,0.1837,-0.003,2.3307,-15.4771,-0.010,-1.8407,2.1798,-87.929,3.626,0.4097,174.269,0.5697,0.0037,0.0226,6.1527,1,3.7601,3.6587,nan,3.4219,3.5234,0.1395,0.0834,0.9520,0.0265,0.0277,0.0743,16.5641,0.0588,-4.4022,0.1091
41.551,171.291,0.5045,-13.7265,-86.126,0.4934,-13.4224,-87.435,-0.3041,0.0095,0.3043,-1.309,2.3059,-15.4843,-0.596,-1.8338,2.0429,-86.839,3.548,0.4599,174.509,0.5671,0.0155,0.0172,1.1088,1,3.4767,3.4273,nan,3.3141,3.3655,0.1333,0.0802,0.8563,0.0363,0.0401,0.1675,16.7637,0.0800,-2.6619,0.1091
41.600,171.429,0.5148,-13.8643,-85.140,0.5111,-13.6907,-85.339,-0.1732,0.0110,0.1736,-0.199,2.3217,-15.5098,-0.192,-1.8167,1.8130,-85.147,3.406,0.4489,174.642,0.5657,0.0041,0.0194,4.6864,1,3.3990,3.4153,nan,3.1080,3.1794,0.1259,0.1327,0.8000,0.0383,0.0134,0.2644,16.9632,0.0413,-1.3935,0.1091
41.650,171.581,0.5296,-14.0163,-83.405,0.5273,-13.8353,-84.097,-0.1800,0.0185,0.1810,-0.692,2.3256,-15.4945,-0.110,-1.8015,1.6557,-83.987,3.244,0.6962,174.787,0.5660,0.0051,0.0263,5.1560,1,3.4149,3.4454,nan,2.9151,2.7924,0.1106,0.2396,0.8000,0.0413,-0.0203,0.3594,17.1628,-0.0710,-4.4204,0.1091
41.700,171.724,0.5485,-14.1572,-80.696,0.5432,-13.9599,-81.025,-0.1955,0.0266,0.1973,-0.329,2.3251,-15.5178,-0.107,-1.7849,1.5545,-80.919,2.956,1.1855,174.916,0.5638,0.0025,0.0348,13.6895,1,3.3140,3.3252,nan,2.7339,2.6763,0.1060,0.3007,0.8000,0.0485,-0.0034,0.4100,17.2626,-0.0800,-7.5084,0.1091
41.750,171.903,0.5842,-14.3328,-76.137,0.5764,-14.1397,-76.623,-0.1894,0.0387,0.1933,-0.486,2.3262,-15.5362,-0.061,-1.7513,1.3946,-76.562,2.668,1.0916,175.084,0.5649,0.0139,0.0284,2.0462,1,3.0646,3.0288,nan,2.6485,2.5584,0.1013,0.2621,0.8000,0.0566,0.0447,0.4549,17.3624,-0.0522,-6.4449,0.1091
41.800,172.023,0.6157,-14.4485,-73.293,0.6090,-14.2844,-73.575,-0.1591,0.0407,0.1642,-0.281,2.3191,-15.5621,-0.298,-1.7168,1.2688,-73.276,2.561,1.1496,175.200,0.5625,0.0108,0.0259,2.4033,1,2.7682,2.6978,nan,2.5626,2.6057,0.1032,0.3457,0.8000,0.0574,0.0025,0.5534,17.5620,0.0249,-3.7280,0.1091
41.850,172.127,0.6481,-14.5476,-70.106,0.6463,-14.4128,-70.860,-0.1273,0.0442,0.1348,-0.754,2.3202,-15.5897,-0.383,-1.6818,1.1656,-70.477,2.524,1.4703,175.305,0.5602,0.0029,0.0321,10.9198,1,2.5143,2.4682,nan,2.4791,2.5862,0.1024,0.4315,0.8000,0.0509,-0.0029,0.6112,17.6617,0.0800,-1.4547,0.1091
41.900,172.235,0.6878,-14.6475,-66.024,0.6895,-14.5448,-66.760,-0.0931,0.0433,0.1027,-0.737,2.3117,-15.6191,-0.688,-1.6349,1.0547,-66.073,2.485,1.6958,175.414,0.5540,0.0074,0.0305,4.0953,1,2.6437,2.6960,nan,2.3973,2.3806,0.0943,0.5410,0.8000,0.0444,-0.0400,0.7160,17.8613,-0.0097,-1.7530,0.1091
41.950,172.399,0.7639,-14.7938,-58.293,0.7591,-14.6902,-59.293,-0.0906,0.0503,0.1037,-1.000,2.3118,-15.6326,-0.604,-1.5626,0.9260,-58.689,2.221,2.0545,175.574,0.5563,0.0223,0.0229,1.0244,1,2.5166,2.5161,nan,2.2342,2.1817,0.0864,0.5797,0.8000,0.0359,-0.0206,0.7770,17.9611,-0.0304,-0.7854,0.1091
42.000,172.494,0.8173,-14.8723,-53.245,0.8187,-14.7761,-53.841,-0.0763,0.0587,0.0962,-0.596,2.3118,-15.6326,-0.604,-1.5021,0.8407,-53.237,2.112,1.9828,175.669,0.5497,0.0136,0.0248,1.8252,1,2.3423,2.3280,nan,2.1567,2.1730,0.0861,0.5945,0.8000,0.0329,0.0298,0.8405,18.0609,0.0094,-4.5590,0.1091
42.050,172.584,0.8740,-14.9418,-48.358,0.8758,-14.8656,-49.619,-0.0557,0.0520,0.0762,-1.261,2.2992,-15.6730,-1.368,-1.4422,0.7732,-48.251,2.065,1.9696,175.760,0.5464,0.0042,0.0240,5.7766,1,2.2630,2.2693,nan,2.0820,2.0930,0.0829,0.6294,0.8000,0.0367,0.0396,0.9059,18.1607,0.0063,-2.5132,0.1091
42.100,172.677,0.9390,-15.0084,-43.020,0.9408,-14.9405,-44.754,-0.0450,0.0509,0.0679,-1.735,2.3075,-15.6923,-1.418,-1.3849,0.7178,-43.337,1.994,2.0285,175.854,0.5533,0.0033,0.0273,8.3534,1,2.1691,2.1722,nan,2.0485,2.0934,0.0829,0.6910,0.8000,0.0219,0.0275,0.9915,18.2604,0.0260,-2.7946,0.1091
42.150,172.810,1.0424,-15.0919,-34.582,1.0640,-15.0398,-35.901,-0.0118,0.0552,0.0564,-1.319,2.3075,-15.6923,-1.418,-1.2592,0.6216,-34.484,1.915,2.2599,175.993,0.5320,0.0314,0.0268,0.8531,1,2.0802,2.0835,nan,2.0387,2.0427,0.0809,0.7586,0.8000,0.0092,-0.0799,1.1808,18.4600,0.0023,-1.8909,0.1091
42.200,172.891,1.1114,-15.1346,-28.883,1.1217,-15.0896,-30.521,-0.0127,0.0443,0.0461,-1.638,2.2931,-15.7104,-1.822,-1.1905,0.5832,-28.699,1.870,2.3083,176.079,0.5319,0.0205,0.0113,0.5490,1,1.9922,1.9949,nan,2.0305,2.0597,0.0816,0.7201,0.8000,0.0157,-0.0729,1.2010,18.5598,0.0169,-2.1617,0.1091
42.250,172.980,1.1909,-15.1731,-22.954,1.2005,-15.1343,-24.684,-0.0062,0.0394,0.0399,-1.729,2.2841,-15.7158,-1.968,-1.1029,0.5439,-22.715,1.881,2.2076,176.173,0.5239,0.0147,0.0054,0.3670,1,1.9552,1.9656,nan,2.0385,2.1018,0.0832,0.7293,0.8000,0.0025,-0.0807,1.2030,18.6596,0.0367,-1.4500,0.1091
42.300,173.098,1.3031,-15.2116,-14.854,1.3143,-15.1736,-16.894,0.0011,0.0396,0.0396,-2.040,2.2841,-15.7158,-1.968,-0.9878,0.5086,-14.926,1.890,2.2701,176.303,0.5208,0.0040,0.0317,8.0223,1,1.9428,1.9565,nan,2.0385,2.1112,0.0836,0.7381,0.8000,-0.0046,0.0177,1.2030,18.6596,0.0421,-0.7942,0.1091
42.350,173.189,1.3921,-15.2301,-8.596,1.4224,-15.1968,-9.579,0.0250,0.0374,0.0450,-0.983,2.2980,-15.7060,-1.218,-0.8863,0.4905,-8.361,1.896,2.2786,176.401,0.5083,0.0281,0.0257,0.9160,1,2.0377,2.0727,nan,2.0384,2.0390,0.0808,0.7451,0.8000,-0.0087,-0.1053,1.2032,18.8591,0.0003,-0.5599,0.1091
42.400,173.268,1.4706,-15.2381,-3.132,1.5032,-15.2065,-4.393,0.0308,0.0334,0.0454,-1.262,2.2727,-15.7116,-1.657,-0.7838,0.4827,-2.736,1.874,2.2238,176.485,0.4843,0.0158,0.0157,0.9924,1,1.9837,1.9918,nan,2.0303,2.0656,0.0818,0.7244,0.8000,-0.0107,-0.1089,1.1979,18.9589,0.0205,-0.6251,0.1091
42.450,173.349,1.5513,-15.2387,2.313,1.5630,-15.2058,0.579,0.0130,0.0324,0.0349,-1.734,2.2727,-15.7116,-1.657,-0.7241,0.4851,2.236,1.878,2.2025,176.571,0.5050,0.0063,0.0116,1.8379,1,2.0070,2.0266,nan,2.0303,2.0479,0.0811,0.6812,0.8000,-0.0116,0.0051,1.1979,18.9589,0.0102,-0.0672,0.1064
42.500,173.477,1.6793,-15.2243,7.899,1.6549,-15.2025,6.571,-0.0211,0.0250,0.0327,-1.328,2.2640,-15.7154,-1.512,-0.6224,0.4967,8.083,1.897,2.0461,176.709,0.5315,0.0146,0.0091,0.6237,1,1.9429,1.9492,nan,2.0519,2.1347,0.0845,0.6654,0.8000,-0.0159,-0.0037,1.2033,19.0587,0.0479,-0.7388,0.1064
42.550,173.565,1.7643,-15.2046,15.711,1.7811,-15.1795,13.890,0.0230,0.0197,0.0302,-1.821,2.2583,-15.7192,-1.620,-0.4922,0.5260,15.510,1.962,2.0053,176.803,0.4858,0.0199,0.0139,0.7017,1,1.9599,1.9781,nan,2.0993,2.1941,0.0869,0.6313,0.8000,-0.0222,-0.0331,1.1984,19.1585,0.0549,0.8534,0.1064
42.600,173.654,1.8492,-15.1765,20.900,1.8683,-15.1525,19.600,0.0264,0.0156,0.0306,-1.301,2.2481,-15.7231,-1.432,-0.3940,0.5608,21.032,2.007,2.0219,176.899,0.4722,0.0130,0.0099,0.7669,1,2.1077,2.1608,nan,2.1733,2.1656,0.0858,0.6279,0.8000,-0.0320,-0.0455,1.1351,19.2583,-0.0044,1.2627,0.1064
42.650,173.753,1.9395,-15.1368,26.543,1.9594,-15.1114,25.242,0.0292,0.0139,0.0323,-1.301,2.2481,-15.7231,-1.432,-0.3039,0.6043,26.674,2.034,1.8683,177.002,0.4723,0.0118,0.0087,0.7386,1,2.0977,2.1130,nan,2.2562,2.2732,0.0900,0.5666,0.8000,-0.0364,-0.0505,1.0144,19.3581,0.0099,-0.1707,0.1064
42.700,173.827,2.0049,-15.1013,30.397,2.0053,-15.0797,29.825,0.0113,0.0185,0.0216,-0.572,2.2488,-15.7182,-0.276,-0.2466,0.6374,30.100,2.088,1.8825,177.081,0.4805,0.0020,0.0059,2.9931,1,2.1006,2.1177,nan,2.3443,2.3911,0.0947,0.5302,0.8000,-0.0423,-0.0586,0.9064,19.4578,0.0271,2.4225,0.1064
42.750,173.980,2.1313,-15.0160,37.403,2.1436,-14.9853,37.477,0.0284,0.0169,0.0331,0.074,2.2538,-15.7177,0.212,-0.1075,0.7328,37.265,2.271,1.6319,177.245,0.4675,0.0145,0.0162,1.1165,1,2.1595,2.1872,nan,2.4366,2.4907,0.0986,0.4564,0.8000,-0.0416,-0.0259,0.8080,19.5576,0.0313,0.4554,0.1064
42.800,174.084,2.2116,-14.9499,41.663,2.2347,-14.9118,41.421,0.0426,0.0131,0.0446,-0.243,2.2419,-15.7256,-0.271,-0.0110,0.8137,41.692,2.357,1.6279,177.355,0.4513,0.0096,0.0099,1.0322,1,2.3135,2.3716,nan,2.6330,2.6896,0.1065,0.4341,0.8000,-0.0486,-0.0933,0.6243,19.7572,0.0327,1.8089,0.1064
42.850,174.188,2.2870,-14.8780,45.737,2.3039,-14.8402,45.854,0.0389,0.0143,0.0414,0.117,2.2442,-15.7269,0.046,0.0605,0.8867,45.808,2.481,1.5859,177.467,0.4553,0.0032,0.0064,2.0272,1,2.4256,2.4697,nan,2.7364,2.7708,0.1097,0.3975,0.8000,-0.0586,-0.0788,0.5367,19.8570,0.0199,3.4318,0.1064
42.900,174.294,2.3589,-14.7994,49.541,2.3769,-14.7575,49.679,0.0436,0.0135,0.0456,0.138,2.2442,-15.7269,0.046,0.1335,0.9693,49.633,2.579,1.6090,177.580,0.4542,0.0018,0.0023,1.2827,1,2.5168,2.5558,nan,2.8434,2.8745,0.1138,0.3281,0.8000,-0.0622,-0.0463,0.4531,19.9568,0.0180,3.4277,0.1064
42.950,174.477,2.4708,-14.6553,54.417,2.4872,-14.6130,54.861,0.0440,0.0113,0.0454,0.444,2.2452,-15.7316,0.192,0.2457,1.1178,54.670,2.790,0.8772,177.772,0.4540,0.0048,0.0146,3.0814,1,2.5438,2.5687,nan,2.9523,3.0295,0.1200,0.2026,0.8000,-0.0662,-0.0083,0.3645,20.0565,0.0447,1.2346,0.1064
43.000,174.605,2.5432,-14.5497,56.736,2.5692,-14.4849,57.132,0.0684,0.0138,0.0698,0.396,2.2488,-15.7273,0.339,0.3277,1.2404,56.793,2.886,0.8934,177.905,0.4454,0.0024,0.0159,6.5014,1,2.8201,2.9963,nan,3.2823,3.3708,0.1335,0.1900,0.8647,-0.0818,-0.0569,0.1974,20.2561,0.0512,3.0000,0.1064
43.050,174.749,2.6199,-14.4274,59.114,2.6327,-14.3816,59.170,0.0459,0.0125,0.0475,0.057,2.2400,-15.7300,0.052,0.3939,1.3480,59.118,3.105,0.6553,178.061,0.4550,0.0019,0.0114,5.9901,1,2.9515,3.0079,nan,3.3866,3.4355,0.1361,0.0660,0.9050,-0.0831,-0.0334,0.0404,20.4557,0.0283,3.5220,0.1064
43.100,174.873,2.6825,-14.3205,59.926,2.7099,-14.2521,60.125,0.0729,0.0106,0.0737,0.199,2.2248,-15.7353,-0.446,0.4736,1.4869,60.571,3.230,0.3271,178.190,0.4405,0.0011,0.0072,6.4963,1,3.0991,3.1638,nan,3.5691,3.6432,0.1443,-0.0397,0.9502,-0.0908,-0.0142,-0.0363,20.5555,0.0429,4.1981,0.1064
43.150,175.108,2.8003,-14.1173,59.202,2.8435,-14.0345,58.444,0.0932,0.0053,0.0933,-0.758,2.2146,-15.7401,-0.741,0.6067,1.7136,59.185,3.432,-0.3360,178.436,0.4287,0.0033,0.0142,4.3511,1,3.3167,3.4273,nan,3.6201,3.5932,0.1423,-0.0632,1.0170,-0.1028,-0.0106,-0.1864,20.7550,-0.0156,2.2519,0.1064
43.200,175.257,2.8770,-13.9901,58.387,2.8987,-13.9498,57.571,0.0457,0.0026,0.0458,-0.816,2.1981,-15.7659,-0.789,0.6756,1.8256,58.360,3.475,-0.2681,178.587,0.4342,0.0012,0.0067,5.4972,1,3.3364,3.3668,nan,3.6056,3.7351,0.1479,-0.0079,1.0230,-0.1225,-0.0322,-0.3377,20.9546,0.0750,1.2760,0.1064
43.250,175.390,2.9473,-13.8762,58.242,2.9671,-13.8412,57.289,0.0401,0.0016,0.0402,-0.953,2.2066,-15.7728,-0.442,0.7456,1.9374,57.731,3.558,-0.0445,178.726,0.4341,0.0008,0.0038,4.7986,1,3.4098,3.4528,nan,3.6756,3.7298,0.1477,-0.0129,1.0455,-0.1278,-0.0096,-0.3815,21.0544,0.0800,2.5627,0.1064
43.300,175.660,3.0899,-13.6471,57.571,3.0866,-13.6566,57.040,-0.0098,-0.0023,0.0100,-0.531,2.1771,-15.7896,-0.903,0.8757,2.1471,57.943,3.619,-0.4442,179.000,0.4444,0.0008,0.0078,10.1610,1,3.2497,3.2481,nan,3.7311,3.7051,0.1467,-0.0792,1.0336,-0.1155,0.0816,-0.3141,21.2540,0.0800,1.6074,0.1064
43.350,175.831,3.1824,-13.5041,56.382,3.1912,-13.5004,55.659,0.0079,-0.0053,0.0095,-0.724,2.1775,-15.8027,-0.710,0.9851,2.3147,56.369,3.634,-0.3635,179.172,0.4305,0.0056,0.0110,1.9478,1,3.5449,3.9936,nan,3.8638,3.9264,0.1555,-0.0541,1.1509,-0.1024,0.0896,-0.2375,21.4535,0.0363,0.1983,0.1064
43.400,175.982,3.2669,-13.3785,55.640,3.2793,-13.3720,55.067,0.0124,-0.0066,0.0140,-0.573,2.1836,-15.8020,-0.578,1.0712,2.4410,55.646,3.738,-0.3013,179.329,0.4290,0.0024,0.0065,2.7004,1,3.5935,3.6322,nan,4.0132,4.1086,0.1627,-0.0492,1.1181,-0.0843,0.1168,-0.1575,21.6531,0.0553,3.3261,0.1064
43.450,176.158,3.3668,-13.2341,54.879,3.3701,-13.2362,55.087,0.0002,-0.0039,0.0039,0.207,2.2017,-15.8326,0.179,1.1766,2.5927,54.907,3.885,-0.3047,179.514,0.4247,0.0008,0.0006,0.7879,1,3.7270,3.7924,nan,4.1688,4.2546,0.1685,-0.0513,1.0852,-0.0595,0.1334,-0.0779,21.8527,0.0490,3.8543,0.1064
43.500,176.336,3.4701,-13.0891,54.077,3.4890,-13.0719,53.882,0.0251,-0.0052,0.0256,-0.195,2.1907,-15.8175,-0.183,1.2896,2.7498,54.065,4.018,-0.2992,179.700,0.4174,0.0001,0.0024,25.4655,1,3.9478,4.0765,nan,4.4358,4.5207,0.1790,-0.0460,1.0785,-0.0210,0.1378,0.0011,22.0522,0.0455,3.6863,0.1064
43.550,176.600,3.6268,-12.8763,53.396,3.6484,-12.8536,53.138,0.0311,-0.0038,0.0314,-0.259,2.1998,-15.8229,0.052,1.4514,2.9681,53.086,4.144,0.0764,179.973,0.4136,0.0077,0.0113,1.4752,1,4.0763,4.1454,nan,4.2587,4.1247,0.1634,0.0125,1.0428,0.0024,0.1089,0.0806,22.2518,-0.0800,5.2256,0.1064
43.600,176.777,3.7322,-12.7341,53.592,3.7513,-12.7128,53.716,0.0285,-0.0027,0.0286,0.123,2.1982,-15.8313,0.127,1.5600,3.1151,53.588,4.096,0.0862,180.147,0.4115,0.0030,0.0081,2.6616,1,4.2321,4.3211,nan,4.0156,4.1381,0.1639,0.0328,1.0020,0.0344,0.1106,0.1603,22.4514,0.0800,-1.4297,0.1064
43.650,176.973,3.8480,-12.5759,54.158,3.8543,-12.5669,54.736,0.0110,0.0002,0.0110,0.578,2.2241,-15.8426,0.597,1.6642,3.2586,54.139,4.055,0.3367,180.340,0.4197,0.0015,0.0064,4.3266,1,4.0621,4.0637,nan,3.7861,3.8462,0.1523,0.1039,1.0020,0.0530,0.0775,0.2333,22.6509,0.0800,-0.7699,0.1064
43.700,177.132,3.9402,-12.4460,55.533,3.9472,-12.4345,55.291,0.0135,0.0007,0.0135,-0.242,2.2113,-15.8376,0.382,1.7586,3.3914,54.909,3.926,0.6366,180.493,0.4182,0.0034,0.0002,0.0685,1,4.0016,4.0250,nan,3.5713,3.6070,0.1429,0.1510,1.0020,0.0732,0.0615,0.3155,22.8505,0.0206,-4.2515,0.1064
43.750,177.395,4.0835,-12.2254,59.245,4.0639,-12.2456,59.014,-0.0274,0.0066,0.0282,-0.231,2.1840,-15.8409,0.079,1.8848,3.5927,58.935,3.566,1.2171,180.736,0.4318,0.0148,0.0093,0.6282,1,3.9514,3.9760,nan,3.3714,3.2508,0.1287,0.2229,0.9898,0.0883,0.0431,0.3978,23.0501,-0.0698,-2.4256,0.1064
43.800,177.554,4.1614,-12.0871,62.364,4.1490,-12.0988,62.076,-0.0161,0.0055,0.0171,-0.288,2.1530,-15.8152,-0.519,1.9623,3.7343,62.595,3.380,0.9105,180.886,0.4327,0.0102,0.0079,0.7813,1,3.6011,3.4869,nan,3.3714,3.4973,0.1385,0.1260,0.9021,0.1086,0.0921,0.4353,23.1498,0.0728,-6.5894,0.1064
43.850,177.700,4.2274,-11.9567,64.085,4.2019,-11.9829,63.650,-0.0347,0.0115,0.0366,-0.435,2.1471,-15.8144,-0.536,2.0189,3.8505,64.186,3.384,0.8232,181.033,0.4401,0.0040,0.0109,2.6887,1,3.3302,3.2859,nan,3.1861,3.3038,0.1308,0.2007,0.8342,0.1119,0.0198,0.5213,23.3494,0.0800,1.3059,0.1064
43.900,177.857,4.2930,-11.8145,66.844,4.2627,-11.8422,66.560,-0.0374,0.0170,0.0410,-0.283,2.1503,-15.8222,-0.413,2.0837,3.9952,66.973,3.277,1.0980,181.185,0.4412,0.0047,0.0174,3.7276,1,3.3258,3.3520,nan,3.0245,3.0216,0.1197,0.3530,0.8331,0.1117,-0.0630,0.6108,23.5490,-0.0016,-2.9130,0.1064
43.950,178.054,4.3637,-11.6299,72.232,4.3380,-11.6393,71.804,-0.0168,0.0216,0.0274,-0.428,2.1446,-15.8108,-0.527,2.1549,4.1915,72.331,3.049,1.6915,181.376,0.4422,0.0238,0.0249,1.0480,1,3.0302,2.9644,nan,2.9673,3.0827,0.1221,0.3533,0.8000,0.1167,-0.0541,0.6634,23.6488,0.0800,-5.6349,0.1064
44.000,178.199,4.4028,-11.4902,76.848,4.3740,-11.5001,76.250,-0.0162,0.0258,0.0305,-0.598,2.1094,-15.8025,-0.967,2.1916,4.3400,77.217,2.994,1.6527,181.521,0.4460,0.0204,0.0242,1.1903,1,3.0940,3.1315,nan,2.9437,2.9125,0.1153,0.3523,0.8000,0.1171,-0.0721,0.7702,23.8483,-0.0181,-1.9550,0.1064
44.050,178.323,4.4272,-11.3694,80.752,4.3854,-11.4427,79.515,-0.0791,0.0295,0.0844,-1.237,2.0864,-15.7960,-1.274,2.2016,4.4033,80.789,2.900,1.6495,181.642,0.4545,0.0115,0.0490,4.2756,1,2.9485,2.9475,nan,3.0525,3.1316,0.1240,0.3719,0.8000,0.1103,-0.0770,0.8014,23.9481,0.0458,-3.8778,0.1064
44.100,178.446,4.4430,-11.2475,84.864,4.4122,-11.2877,83.266,-0.0428,0.0270,0.0506,-1.598,2.0772,-15.7764,-1.452,2.2205,4.5464,84.718,2.948,1.7250,181.771,0.4527,0.0135,0.0423,3.1414,1,2.8091,2.8093,nan,3.0525,3.1057,0.1230,0.4136,0.8000,0.0913,-0.1519,0.7116,24.1477,0.0308,0.7259,0.1064
44.150,178.650,4.4491,-11.0437,92.483,4.4261,-11.0603,90.847,-0.0156,0.0237,0.0284,-1.636,2.1020,-15.7760,-1.215,2.2235,4.7639,92.062,2.994,2.1256,181.985,0.4571,0.0270,0.0201,0.7446,1,2.9181,2.9672,nan,3.2780,3.3671,0.1333,0.4667,0.8000,0.0601,-0.1987,0.6180,24.3473,0.0515,0.0519,0.1064
44.200,178.786,4.4373,-10.9080,98.174,4.4126,-10.9046,96.862,0.0069,0.0239,0.0249,-1.312,2.1100,-15.7825,-1.134,2.2057,4.9226,97.995,3.061,2.1432,182.132,0.4662,0.0250,0.0183,0.7298,1,3.0915,3.1689,nan,3.4442,3.5101,0.1390,0.3995,0.8597,0.0360,-0.1213,0.5738,24.4470,0.0382,1.0291,0.1064
44.250,178.930,4.4109,-10.7663,103.400,4.3811,-10.7521,102.586,0.0207,0.0257,0.0330,-0.814,2.1045,-15.7874,-1.191,2.1715,5.0815,103.777,3.190,1.9140,182.290,0.4769,0.0189,0.0195,1.0304,1,3.2740,3.3582,nan,3.6195,3.6558,0.1448,0.3577,0.9476,0.0133,-0.1103,0.4928,24.6466,0.0210,3.7796,0.1064
44.300,179.137,4.3520,-10.5672,109.879,4.3225,-10.5646,109.393,0.0125,0.0269,0.0296,-0.486,2.1522,-15.7976,-0.583,2.1169,5.2549,109.976,3.403,1.7269,182.516,0.4684,0.0167,0.0282,1.6896,1,3.2517,3.2746,nan,3.7112,3.8096,0.1509,0.3242,0.9773,-0.0013,-0.1280,0.4194,24.8462,0.0569,4.0571,0.1064
44.350,179.304,4.2895,-10.4129,114.623,4.2344,-10.3539,114.284,0.0766,0.0255,0.0807,-0.340,2.1818,-15.8145,-0.216,2.0320,5.4683,114.500,3.533,1.5451,182.695,0.5019,0.0255,0.0217,0.8511,1,3.5179,3.6961,nan,3.8986,3.9115,0.1549,0.2751,1.0990,-0.0217,-0.1262,0.3469,25.0457,0.0075,2.7057,0.1064
44.400,179.455,4.2227,-10.2776,118.319,4.1661,-10.2233,118.208,0.0746,0.0240,0.0784,-0.110,2.1821,-15.8109,-0.150,1.9694,5.5927,118.358,3.646,1.4244,182.856,0.4952,0.0205,0.0261,1.2759,1,3.7750,3.9420,nan,4.1854,4.1941,0.1661,0.1989,1.2287,-0.0464,-0.0946,0.2728,25.2453,0.0048,3.3164,0.1064
44.450,179.620,4.1409,-10.1342,121.291,4.0718,-10.0591,121.362,0.1000,0.0201,0.1020,0.071,2.1814,-15.8141,-0.205,1.8698,5.7617,121.566,3.842,1.0351,183.035,0.5189,0.0144,0.0204,1.4176,1,3.8395,3.8841,nan,4.3649,4.4490,0.1762,0.1440,1.2518,-0.0588,-0.0748,0.2017,25.4449,0.0458,4.8651,0.1045
44.500,179.790,4.0499,-9.9904,123.491,3.9904,-9.9344,122.947,0.0795,0.0187,0.0817,-0.544,2.1394,-15.7986,-0.583,1.7913,5.8827,123.530,4.050,0.8779,183.219,0.5010,0.0105,0.0127,1.2082,1,3.8882,3.9299,nan,4.5351,4.6332,0.1835,0.1242,1.2677,-0.0800,-0.0840,0.1334,25.6444,0.0800,5.4658,0.1045
44.550,180.085,3.8808,-9.7489,126.390,3.7734,-9.6380,126.722,0.1530,0.0207,0.1544,0.332,2.2335,-15.8437,0.241,1.5660,6.1991,126.480,4.355,0.5843,183.536,0.5762,0.0153,0.0234,1.5269,1,3.9934,4.0523,nan,4.7756,4.7388,0.1877,0.0868,1.3020,-0.1116,-0.0840,0.0252,25.9438,0.0800,4.5486,0.1045
44.600,180.279,3.7636,-9.5937,127.875,3.6838,-9.5186,127.806,0.1082,0.0169,0.1095,-0.069,2.2147,-15.8487,-0.052,1.4634,6.3314,127.858,4.475,0.5306,183.740,0.5551,0.0137,0.0315,2.3036,1,4.2852,4.6622,nan,4.9272,5.0488,0.2000,0.0284,1.3041,-0.1136,-0.0546,-0.0464,26.1434,0.0800,3.4376,0.1045
44.650,180.485,3.6360,-9.4319,128.487,3.5545,-9.3486,128.008,0.1160,0.0119,0.1166,-0.478,2.1692,-15.8365,-0.492,1.3295,6.4996,128.500,4.666,0.1559,183.960,0.5631,0.0085,0.0246,2.9033,1,4.5238,4.7082,nan,5.0727,5.1972,0.2058,-0.0396,1.3041,-0.1260,-0.0177,-0.1159,26.3429,0.0587,4.4906,0.1045
44.700,180.685,3.5119,-9.2757,127.993,3.4459,-9.2004,128.063,0.1000,0.0057,0.1002,0.070,2.1533,-15.8446,-0.798,1.1999,6.6615,128.861,4.820,-0.3377,184.172,0.5701,0.0073,0.0238,3.2707,1,4.6519,4.7453,nan,5.0922,5.2013,0.2060,-0.0494,1.3041,-0.1439,0.0063,-0.2271,26.6423,0.0511,4.7489,0.1045
44.750,181.038,3.2977,-8.9953,126.464,3.2359,-8.9027,125.418,0.1112,-0.0053,0.1114,-1.047,2.1362,-15.8468,-1.033,0.9744,6.9628,126.450,4.962,-0.3476,184.538,0.5877,0.0389,0.0480,1.2334,1,4.8366,4.9824,nan,5.1221,5.2235,0.2069,-0.0428,1.3041,-0.1643,-0.0031,-0.2700,26.8419,0.0800,2.8999,0.1045
44.800,181.247,3.1739,-8.8261,125.602,3.1374,-8.7518,124.454,0.0816,-0.0136,0.0828,-1.148,2.1346,-15.8635,-1.208,0.8527,7.1312,125.661,5.019,-0.5247,184.754,0.5855,0.0192,0.0195,1.0150,1,4.8896,4.9567,nan,5.1716,5.3155,0.2105,-0.0741,1.3212,-0.1680,0.0498,-0.2471,27.1412,0.0669,1.5263,0.1045
44.850,181.470,3.0461,-8.6441,124.113,3.0136,-8.5671,123.136,0.0820,-0.0163,0.0836,-0.978,2.1441,-15.8765,-1.192,0.7173,7.3260,124.328,5.079,-0.6875,184.983,0.5970,0.0111,0.0181,1.6337,1,5.0740,5.2383,nan,5.2594,5.2989,0.2099,-0.0890,1.3283,-0.1625,0.0635,-0.2379,27.3408,0.0176,1.7556,0.1045
44.900,181.704,2.9171,-8.4485,122.239,2.9087,-8.3889,121.131,0.0549,-0.0247,0.0602,-1.109,2.1776,-15.8998,-1.063,0.5917,7.5232,122.193,5.108,-0.7956,185.222,0.5944,0.0111,0.0137,1.2408,1,5.2524,5.4188,nan,5.3611,5.3124,0.2104,-0.1268,1.3463,-0.1384,0.1104,-0.2145,27.7399,-0.0208,0.7290,0.1045
44.950,182.032,2.7496,-8.1671,118.732,2.7297,-8.0778,118.426,0.0879,-0.0255,0.0915,-0.307,2.2934,-15.9270,-0.241,0.4033,7.8509,118.666,5.135,-0.9177,185.556,0.6317,0.0236,0.0376,1.5937,1,5.2538,5.3118,nan,5.3940,5.3614,0.2123,-0.1155,1.3463,-0.1352,0.0918,-0.2147,27.8397,-0.0139,0.1033,0.1045
45.000,182.263,2.6415,-7.9622,116.364,2.6752,-7.9781,116.650,-0.0292,-0.0232,0.0373,0.285,2.4034,-16.0076,0.300,0.3139,8.0280,116.350,5.156,-0.9311,185.792,0.6034,0.0163,0.0013,0.0780,1,5.3121,5.3957,nan,5.5022,5.4992,0.2178,-0.1344,1.3592,-0.1074,0.1067,-0.1986,28.1390,-0.0013,0.5083,0.1045
45.050,182.486,2.5459,-7.7606,113.745,2.5727,-7.7880,115.103,-0.0358,-0.0135,0.0383,1.359,2.5247,-16.0148,1.218,0.2229,8.2240,113.885,5.220,-1.1053,186.024,0.5970,0.0100,0.0118,1.1771,1,5.1545,5.1602,nan,5.5780,5.7416,0.2274,-0.1384,1.3638,-0.0894,0.0889,-0.1924,28.2388,0.0706,0.1539,0.1045
45.100,182.714,2.4584,-7.5510,110.950,2.4612,-7.5634,112.537,-0.0126,0.0018,0.0128,1.587,2.5657,-16.0311,1.552,0.1250,8.4673,110.985,5.335,-1.1487,186.264,0.6202,0.0078,0.0254,3.2498,1,5.2111,5.2904,nan,5.6921,5.8653,0.2323,-0.1575,1.3742,-0.0480,0.0944,-0.1801,28.5382,0.0800,2.8860,0.1045
45.150,183.082,2.3396,-7.2024,105.994,2.3435,-7.2174,107.168,-0.0155,0.0003,0.0155,1.174,2.5328,-16.0412,1.304,0.0116,8.8258,105.864,5.487,-1.2496,186.652,0.6195,0.0141,0.0204,1.4514,1,5.4232,5.6479,nan,5.7708,5.8613,0.2321,-0.1470,1.3823,-0.0115,0.0923,-0.1703,28.8375,0.0371,1.7686,0.1045
45.200,183.352,2.2716,-6.9405,102.471,2.2729,-6.9152,103.152,0.0245,-0.0067,0.0254,0.682,2.4680,-16.0519,0.822,-0.0641,9.1386,102.331,5.557,-1.2191,186.934,0.6501,0.0118,0.0104,0.8840,1,5.4087,5.4643,nan,5.8909,6.0768,0.2407,-0.1377,1.3923,-0.0026,0.0674,-0.1583,29.1369,0.0762,1.4571,0.1045
45.250,183.594,2.2243,-6.7038,99.502,2.2258,-6.6860,100.284,0.0173,-0.0044,0.0179,0.782,2.4881,-16.0706,0.921,-0.1114,9.3876,99.363,5.667,-1.1184,187.189,0.6564,0.0083,0.0127,1.5283,1,5.5506,5.7001,nan,6.0125,6.1752,0.2446,-0.1148,1.4007,0.0031,0.0421,-0.1485,29.4362,0.0650,2.9955,0.1045
45.300,183.823,2.1901,-6.4774,97.154,2.1945,-6.4968,98.389,-0.0198,-0.0020,0.0199,1.235,2.5544,-16.0588,1.349,-0.1346,9.5678,97.039,5.770,-1.0114,187.430,0.6242,0.0083,0.0178,2.1461,1,5.6921,5.8489,nan,6.1370,6.2783,0.2486,-0.1057,1.4087,0.0100,0.0324,-0.1344,29.7356,0.0550,3.0774,0.1045
45.350,184.233,2.1511,-6.0690,93.129,2.1500,-6.0512,94.791,0.0178,0.0001,0.0178,1.663,2.5830,-16.0520,1.499,-0.1713,10.0087,93.293,5.957,-1.1617,187.865,0.6379,0.0084,0.0198,2.3621,1,5.8063,5.9465,nan,6.3413,6.5422,0.2591,-0.1283,1.4026,0.0371,0.0352,-0.1227,30.0349,0.0766,2.0680,0.1045
45.400,184.492,2.1421,-5.8104,90.188,2.1403,-5.7954,92.084,0.0150,0.0018,0.0151,1.896,2.6525,-16.0760,1.872,-0.1762,10.2919,90.212,6.068,-1.1762,188.139,0.6472,0.0070,0.0238,3.3888,1,5.9171,6.0595,nan,6.4107,6.5785,0.2605,-0.1129,1.3963,0.0344,0.0145,-0.1181,30.3343,0.0628,2.8974,0.1045
45.450,184.761,2.1462,-5.5412,87.476,2.1447,-5.4930,89.191,0.0481,0.0036,0.0482,1.715,2.6459,-16.0829,1.809,-0.1667,10.6005,87.382,6.167,-1.0092,188.422,0.6646,0.0043,0.0280,6.5723,1,6.0965,6.3269,nan,6.4965,6.6243,0.2623,-0.1015,1.3906,0.0323,-0.0018,-0.1262,30.6336,0.0468,2.2061,0.1045
45.500,185.015,2.1614,-5.2872,85.165,2.1624,-5.2298,86.242,0.0573,0.0038,0.0574,1.077,2.5580,-16.0783,1.311,-0.1473,10.8547,84.931,6.236,-0.9822,188.687,0.6614,0.0139,0.0271,1.9528,1,6.3002,6.5923,nan,6.5606,6.6169,0.2621,-0.1027,1.3823,0.0267,-0.0062,-0.1333,30.9330,0.0201,2.0063,0.1045
45.550,185.448,2.2106,-4.8573,81.208,2.2113,-4.7562,82.773,0.1000,0.0148,0.1011,1.565,2.6119,-16.0540,1.588,-0.0873,11.3045,81.185,6.304,-1.0033,189.133,0.6646,0.0097,0.0182,1.8787,1,6.1167,6.1122,nan,6.5969,6.7360,0.2668,-0.0926,1.3745,0.0151,-0.0046,-0.1415,31.3321,0.0800,1.2562,0.1045
45.600,185.765,2.2649,-4.5448,78.559,2.2588,-4.4735,80.676,0.0687,0.0201,0.0716,2.117,2.7107,-16.0822,2.096,-0.0270,11.6175,78.580,6.371,-0.9506,189.462,0.6601,0.0124,0.0257,2.0615,1,6.3551,6.7574,nan,6.4895,6.5475,0.2593,-0.1002,1.3679,0.0124,-0.0115,-0.1467,31.6315,0.0210,0.5729,0.1045
45.650,186.026,2.3204,-4.2901,76.251,2.3098,-4.2363,77.795,0.0497,0.0231,0.0548,1.544,2.5886,-16.1160,1.510,0.0344,11.8830,76.284,6.350,-1.0143,189.725,0.6622,0.0035,0.0283,8.2026,1,6.4394,6.5855,nan,6.3480,6.5372,0.2589,-0.1044,1.3596,0.0115,-0.0001,-0.1539,31.9308,0.0719,-0.7388,0.1045
45.700,186.450,2.4330,-3.8813,72.364,2.3921,-3.9250,73.667,-0.0540,0.0257,0.0598,1.302,2.5216,-16.1152,1.175,0.1205,12.1903,72.492,6.286,-0.9839,190.150,0.6263,0.0331,0.0103,0.3113,1,6.3729,6.4263,nan,6.2074,6.3207,0.2503,-0.1011,1.3512,-0.0026,-0.0164,-0.1656,32.2302,0.0433,-0.5728,0.1045
45.750,186.713,2.5165,-3.6324,69.992,2.4980,-3.6142,71.554,0.0108,0.0236,0.0259,1.562,2.6062,-16.1628,1.594,0.2409,12.5468,69.961,6.224,-0.9584,190.411,0.6581,0.0206,0.0175,0.8471,1,6.3536,6.4288,nan,6.0632,6.0735,0.2405,-0.0917,1.3432,-0.0131,-0.0156,-0.1687,32.5295,0.0039,-1.5954,0.1045
45.801,187.008,2.6223,-3.3564,67.556,2.5892,-3.4213,69.274,-0.0726,0.0058,0.0729,1.718,2.6379,-16.2122,1.736,0.3389,12.7864,67.538,6.097,-0.8610,190.698,0.6416,0.0167,0.0119,0.7095,1,6.3808,6.4830,nan,5.9200,5.8111,0.2301,-0.0912,1.3432,-0.0307,-0.0087,-0.1798,32.8289,-0.0416,-1.1869,0.1045
45.850,187.272,2.7267,-3.1136,65.412,2.7005,-3.1774,66.133,-0.0689,-0.0028,0.0690,0.720,2.4306,-16.2252,0.805,0.4532,13.0427,65.328,5.936,-0.7896,190.951,0.6420,0.0069,0.0068,0.9876,1,6.0191,5.8326,nan,5.8240,5.8980,0.2336,-0.0842,1.3432,-0.0525,-0.0008,-0.1873,33.0285,0.0299,-4.4256,0.1045
45.900,187.503,2.8248,-2.9054,63.690,2.7989,-2.9733,63.814,-0.0723,-0.0069,0.0726,0.124,2.3060,-16.1976,0.209,0.5412,13.2225,63.605,5.869,-0.7650,191.178,0.6328,0.0051,0.0263,5.1547,1,5.8461,5.8472,nan,5.6796,5.7775,0.2288,-0.0615,1.3432,-0.0726,-0.0013,-0.1958,33.3278,0.0408,-2.1193,0.1045
45.950,187.914,3.0137,-2.5398,61.539,3.0077,-2.5635,61.833,-0.0237,-0.0060,0.0244,0.294,2.3521,-16.1931,0.407,0.7524,13.6246,61.426,5.716,-0.4221,191.580,0.6377,0.0118,0.0075,0.6374,1,5.6175,5.5847,nan,5.6345,5.6474,0.2237,-0.0481,1.3432,-0.0770,0.0126,-0.2063,33.6272,0.0053,-1.5081,0.1045
46.000,188.169,3.1371,-2.3163,60.449,3.1044,-2.3825,60.457,-0.0738,-0.0042,0.0739,0.008,2.2568,-16.1836,0.020,0.8523,13.8007,60.438,5.638,-0.4758,191.831,0.6275,0.0079,0.0033,0.4198,1,5.6940,5.8020,nan,5.7446,5.7828,0.2290,-0.0827,1.3422,-0.0498,0.0812,-0.1952,33.9265,0.0155,-2.2140,0.1045
46.050,188.440,3.2733,-2.0830,58.573,3.2286,-2.1679,58.809,-0.0958,-0.0061,0.0960,0.236,2.3031,-16.1917,0.236,0.9832,14.0199,58.573,5.596,-0.5966,192.101,0.6239,0.0057,0.0133,2.3279,1,5.4824,5.4614,nan,5.5293,5.4230,0.2148,-0.0682,1.2802,-0.0266,0.0963,-0.1153,34.2258,-0.0434,-0.5985,0.1045
46.100,188.661,3.3905,-1.8950,57.264,3.3429,-1.9579,58.463,-0.0786,0.0060,0.0789,1.199,2.5303,-16.1858,1.163,1.1013,14.2085,57.300,5.483,-0.3984,192.314,0.6235,0.0003,0.0131,43.5434,1,5.4742,5.5336,nan,5.1616,5.2352,0.2073,-0.0313,1.2399,-0.0035,0.0743,-0.0568,34.4254,0.0800,-3.3528,0.1045
46.150,189.004,3.5782,-1.6080,56.352,3.5316,-1.6670,56.729,-0.0749,0.0061,0.0752,0.377,2.3591,-16.1570,0.431,1.2814,14.4807,56.298,5.181,-0.1792,192.635,0.6218,0.0083,0.0007,0.0865,1,5.5977,5.7340,nan,4.7961,4.6632,0.1847,-0.0225,1.1814,0.0431,0.0844,0.0201,34.7248,-0.0619,-4.0471,0.1045
46.200,189.241,3.7101,-1.4113,55.886,3.6653,-1.4691,55.943,-0.0730,0.0047,0.0732,0.057,2.2730,-16.1374,0.057,1.4070,14.6669,55.886,4.915,-0.1169,192.853,0.6216,0.0048,0.0031,0.6478,1,5.2225,5.0229,nan,4.5616,4.5327,0.1795,0.0236,1.1226,0.0557,0.0591,0.1092,35.0241,-0.0145,-7.1957,0.1045
46.250,189.424,3.8127,-1.2596,56.204,3.7811,-1.3012,55.744,-0.0522,0.0031,0.0523,-0.460,2.2791,-16.1318,0.060,1.5177,14.8290,55.683,4.739,0.1925,193.024,0.6202,0.0010,0.0149,14.6367,1,4.9413,4.8789,nan,4.3372,4.3144,0.1709,0.0760,1.0831,0.0611,0.0222,0.1609,35.2237,-0.0120,-5.6899,0.1045
46.300,189.757,3.9937,-0.9803,58.545,3.9411,-1.0398,58.673,-0.0782,0.0139,0.0794,0.128,2.3450,-16.1174,0.277,1.6689,15.0697,58.396,4.420,0.6878,193.337,0.6265,0.0040,0.0233,5.8807,1,4.5528,4.3413,nan,4.2298,4.3267,0.1714,0.0994,1.0702,0.0712,0.0370,0.1903,35.3235,0.0800,-4.7303,0.1045
46.350,189.954,4.0944,-0.8113,60.306,4.0516,-0.8606,60.019,-0.0640,0.0127,0.0653,-0.287,2.1837,-16.0896,-0.376,1.7679,15.2409,60.396,4.314,0.7086,193.527,0.6291,0.0191,0.0074,0.3879,1,4.5275,4.5639,nan,3.9236,3.8223,0.1514,0.1280,1.0702,0.0956,0.0438,0.2762,35.6228,-0.0578,-2.7605,0.1045
46.400,190.141,4.1849,-0.6472,62.423,4.1356,-0.7122,61.887,-0.0805,0.0136,0.0816,-0.536,2.1675,-16.0764,-0.470,1.8419,15.3798,62.357,4.033,0.8949,193.698,0.6325,0.0105,0.0130,1.2418,1,4.2343,4.1740,nan,3.7359,3.6789,0.1457,0.2107,1.0702,0.0914,0.0057,0.3333,35.8224,-0.0330,-7.3770,0.1045
46.450,190.313,4.2617,-0.4930,65.410,4.2173,-0.5512,65.326,-0.0714,0.0162,0.0732,-0.084,2.2497,-16.0816,-0.181,1.9186,15.5365,65.506,3.809,1.3086,193.859,0.6337,0.0074,0.0251,3.4142,1,3.9589,3.9177,nan,3.5611,3.5448,0.1404,0.2738,1.0592,0.0886,-0.0115,0.3947,36.0220,-0.0095,-6.2552,0.1045
46.501,190.562,4.3552,-0.2623,71.120,4.3049,-0.3296,71.011,-0.0800,0.0258,0.0840,-0.109,2.2801,-16.0716,-0.101,1.9971,15.7456,71.112,3.564,1.3745,194.098,0.6384,0.0359,0.0404,1.1259,1,3.7173,3.6929,nan,3.4791,3.5516,0.1407,0.2462,0.9945,0.0967,-0.0001,0.4530,36.2215,0.0420,-5.8692,0.1031
46.550,190.714,4.4007,-0.1174,74.470,4.3531,-0.1917,74.001,-0.0843,0.0260,0.0882,-0.468,2.1571,-16.0650,-0.559,2.0409,15.8940,74.561,3.502,1.3533,194.249,0.6413,0.0248,0.0385,1.5541,1,3.5328,3.5271,nan,3.3357,3.4030,0.1348,0.2478,0.9452,0.0993,-0.0068,0.5199,36.4211,0.0389,-2.4007,0.1031
46.600,190.866,4.4376,0.0298,77.836,4.3989,-0.0236,76.683,-0.0604,0.0266,0.0660,-1.153,1.9688,-16.0239,-1.263,2.0769,16.0500,77.946,3.401,1.3280,194.397,0.6458,0.0139,0.0269,1.9384,1,3.4437,3.4582,nan,3.2684,3.2938,0.1304,0.3125,0.9213,0.0909,-0.0672,0.5942,36.6207,0.0147,-3.4314,0.1031
46.650,191.019,4.4654,0.1803,81.942,4.4266,0.1065,79.504,-0.0785,0.0281,0.0833,-2.438,1.7989,-15.9981,-1.875,2.0992,16.1820,81.380,3.271,1.6774,194.546,0.6434,0.0115,0.0369,3.2092,1,3.3729,3.3900,nan,3.2949,3.3225,0.1316,0.3758,0.9024,0.0729,-0.0745,0.6296,36.7205,0.0159,-2.7862,0.1031
46.700,191.226,4.4835,0.3866,88.781,4.4595,0.3464,86.934,-0.0407,0.0231,0.0468,-1.847,1.8451,-15.9737,-1.761,2.1116,16.3928,88.695,3.229,1.9137,194.757,0.6504,0.0174,0.0413,2.3722,1,3.2247,3.2249,nan,3.3516,3.4142,0.1352,0.3784,0.8741,0.0560,-0.1058,0.6273,36.9200,0.0362,-1.9702,0.1031
46.750,191.384,4.4801,0.5451,94.169,4.4652,0.5485,92.796,0.0045,0.0146,0.0153,-1.373,1.9109,-15.9614,-1.556,2.1050,16.5732,94.352,3.244,1.8797,194.921,0.6621,0.0272,0.0139,0.5113,1,3.2791,3.3157,nan,3.4884,3.4870,0.1381,0.3636,0.9246,0.0289,-0.1069,0.5454,37.1196,-0.0008,-0.2409,0.1031
46.800,191.522,4.4654,0.6815,98.639,4.4483,0.6803,97.095,0.0014,0.0171,0.0171,-1.544,1.9603,-15.9684,-1.385,2.0848,16.7040,98.480,3.291,1.8525,195.065,0.6648,0.0169,0.0046,0.2730,1,3.2161,3.2324,nan,3.6422,3.7652,0.1491,0.3526,0.9404,0.0025,-0.1147,0.4726,37.3191,0.0712,1.0809,0.1031
46.850,191.656,4.4410,0.8135,102.914,4.4185,0.8277,101.475,0.0188,0.0187,0.0265,-1.439,1.9027,-15.9615,-1.573,2.0541,16.8519,103.048,3.404,1.8819,195.211,0.6771,0.0146,0.0099,0.6766,1,3.4762,3.6415,nan,3.8079,3.8311,0.1517,0.2996,1.0527,-0.0156,-0.1036,0.4050,37.5187,0.0134,3.2409,0.1031
46.900,191.816,4.3999,0.9682,107.258,4.3786,0.9775,105.515,0.0152,0.0175,0.0232,-1.743,1.9399,-15.9568,-1.437,2.0132,16.9902,106.952,3.539,1.6068,195.383,0.6702,0.0156,0.0176,1.1299,1,3.5327,3.5726,nan,3.9825,4.0686,0.1611,0.2484,1.1083,-0.0265,-0.0880,0.3391,37.7183,0.0499,1.6942,0.1031
46.950,192.074,4.3119,1.2108,112.855,4.2697,1.2650,112.038,0.0664,0.0178,0.0687,-0.817,2.1234,-15.9811,-0.801,1.9050,17.2745,112.839,3.826,1.3529,195.663,0.7059,0.0119,0.0074,0.6205,1,3.6510,3.7104,nan,4.1655,4.2760,0.1693,0.2268,1.1877,-0.0532,-0.0886,0.2739,37.9179,0.0637,3.5233,0.1031
47.000,192.250,4.2394,1.3706,116.376,4.1770,1.4451,116.027,0.0945,0.0228,0.0972,-0.349,2.1777,-15.9958,-0.602,1.8160,17.4609,116.629,3.964,1.2117,195.850,0.7326,0.0110,0.0081,0.7407,1,3.8650,3.9820,nan,4.3460,4.4115,0.1747,0.1558,1.3021,-0.0627,-0.0801,0.2130,38.1174,0.0356,3.5238,0.1031
47.050,192.403,4.1688,1.5069,118.543,4.1254,1.5455,118.224,0.0546,0.0197,0.0581,-0.320,2.1502,-15.9981,-0.709,1.7580,17.5666,118.932,4.104,0.8814,196.014,0.7078,0.0098,0.0129,1.3213,1,4.0102,4.0852,nan,4.5997,4.7477,0.1880,0.1036,1.3964,-0.0637,-0.0584,0.1535,38.3170,0.0778,4.2070,0.1031
47.100,192.606,4.0688,1.6839,120.454,4.0270,1.7276,120.008,0.0589,0.0139,0.0605,-0.446,2.1458,-16.0004,-0.738,1.6527,17.7508,120.747,4.338,0.6353,196.234,0.7157,0.0100,0.0076,0.7568,1,4.0745,4.1224,nan,4.7589,4.8214,0.1909,0.0772,1.4058,-0.0840,-0.0606,0.0928,38.5165,0.0800,5.4201,0.1031
47.150,192.910,3.9102,1.9433,122.456,3.8528,2.0122,122.516,0.0890,0.0115,0.0897,0.060,2.4005,-16.0368,0.053,1.4691,18.0476,122.462,4.611,0.4705,196.559,0.7548,0.0084,0.0092,1.0928,1,4.3473,4.5936,nan,4.9850,5.1086,0.2023,0.0657,1.3911,-0.1127,-0.0607,-0.0026,38.8159,0.0800,4.4810,0.1031
47.200,193.131,3.7898,2.1284,123.741,3.7234,2.2049,124.109,0.1005,0.0127,0.1013,0.369,2.4973,-16.0561,0.338,1.3337,18.2535,123.772,4.773,0.4482,196.792,0.7777,0.0110,0.0145,1.3261,1,4.5558,4.7060,nan,5.1282,5.2757,0.2089,0.0584,1.2969,-0.1160,-0.0320,-0.0623,39.0155,0.0692,4.2535,0.1031
47.250,193.340,3.6724,2.3010,124.789,3.6114,2.3791,124.938,0.0989,0.0055,0.0991,0.148,2.4504,-16.0599,0.145,1.2077,18.4360,124.792,4.910,0.3051,197.012,0.7900,0.0110,0.0122,1.1023,1,4.7748,4.9534,nan,5.0447,5.0407,0.1996,0.0258,1.1757,-0.1144,0.0196,-0.0988,39.3148,-0.0018,4.2843,0.1031
47.300,193.546,3.5539,2.4699,125.281,3.4977,2.5508,124.996,0.0985,-0.0008,0.0985,-0.286,2.2954,-16.0555,-0.368,1.0826,18.6136,125.364,4.912,0.2050,197.219,0.8000,0.0117,0.0093,0.7890,1,4.9467,5.0867,nan,4.5622,4.6840,0.1855,0.0303,1.1063,-0.1159,0.0478,-0.1211,39.5144,0.0800,0.2376,0.1031
47.350,193.873,3.3632,2.7352,126.393,3.3386,2.7783,125.986,0.0493,-0.0058,0.0496,-0.407,2.3733,-16.0694,-0.164,0.9115,18.8504,126.150,4.705,0.4423,197.532,0.7692,0.0224,0.0220,0.9810,1,4.8324,4.8509,nan,4.4252,4.5687,0.1809,0.0612,1.0423,-0.1155,0.0663,-0.1424,39.7140,0.0785,-3.1044,0.1031
47.400,194.078,3.2405,2.8990,127.498,3.2274,2.9302,127.109,0.0328,-0.0086,0.0339,-0.389,2.3196,-16.0683,-0.340,0.7951,19.0036,127.449,4.598,0.3609,197.729,0.7587,0.0201,0.0175,0.8727,1,4.6549,4.6528,nan,4.1403,4.2191,0.1671,0.0421,0.9789,-0.0911,0.1275,-0.0813,39.9135,0.0452,-2.8795,0.1031
47.450,194.275,3.1195,3.0548,128.243,3.0928,3.1181,127.168,0.0662,-0.0182,0.0687,-1.075,2.0192,-16.0472,-1.256,0.6534,19.1842,128.424,4.374,0.3680,197.912,0.7887,0.0133,0.0092,0.6947,1,4.6485,4.6913,nan,3.7261,3.7176,0.1472,0.0662,0.8829,-0.0602,0.1383,0.0978,40.2129,-0.0800,-5.8426,0.1031
47.500,194.472,2.9965,3.2082,129.399,3.0174,3.2098,128.547,-0.0121,-0.0171,0.0209,-0.853,2.1698,-16.0650,-0.823,0.5707,19.2850,129.369,4.021,0.4834,198.086,0.7287,0.0131,0.0010,0.0789,1,4.4007,4.3686,nan,3.5960,3.5360,0.1400,0.1535,0.8541,-0.0491,0.1059,0.2232,40.4125,-0.0800,-8.5337,0.1031
47.551,194.726,2.8306,3.4008,132.599,2.8405,3.4065,132.202,-0.0025,-0.0112,0.0114,-0.397,2.2658,-16.0813,-0.551,0.3872,19.4925,132.753,3.560,0.8311,198.314,0.7510,0.0326,0.0238,0.7313,1,4.0312,3.8843,nan,3.3490,3.2184,0.1275,0.1497,0.8541,-0.0235,0.1200,0.2797,40.5122,-0.0756,-7.4839,0.1031
47.600,194.870,2.7311,3.5059,134.530,2.7843,3.4597,133.710,-0.0703,-0.0055,0.0705,-0.820,2.1610,-16.0974,-0.903,0.3152,19.5645,134.613,3.356,0.7355,198.449,0.7119,0.0222,0.0062,0.2781,1,3.6268,3.3311,nan,3.3490,3.4711,0.1375,0.0752,0.8000,0.0114,0.1656,0.3428,40.6120,0.0800,-6.6759,0.1031
47.650,195.019,2.6262,3.6105,135.591,2.7002,3.5405,135.519,-0.1019,-0.0018,0.1019,-0.072,2.1969,-16.0981,-0.787,0.2336,19.6436,136.306,3.357,0.4548,198.597,0.6801,0.0141,0.0150,1.0582,1,3.2730,3.1288,nan,3.2319,3.1499,0.1247,0.1026,0.8000,0.0343,0.1556,0.4019,40.7118,0.0800,-1.6782,0.1031
47.701,195.236,2.4688,3.7598,137.962,2.5200,3.7205,136.399,-0.0644,-0.0051,0.0646,-1.563,2.0510,-16.0921,-1.216,0.0486,19.8181,137.615,3.091,1.0341,198.801,0.7157,0.0110,0.0195,1.7763,1,3.3009,3.3325,nan,2.9046,2.8953,0.1147,0.3000,0.8000,0.0536,0.0648,0.5228,40.9114,-0.0054,-4.4982,0.1031
47.750,195.365,2.3709,3.8441,141.194,2.4377,3.7835,139.752,-0.0901,0.0053,0.0902,-1.442,2.2270,-16.0902,-0.665,-0.0199,19.8748,140.417,2.936,1.3902,198.925,0.6776,0.0328,0.0111,0.3376,1,3.0106,2.9527,nan,2.8032,2.8994,0.1148,0.4336,0.8000,0.0569,-0.0028,0.6507,41.1110,0.0557,-5.0570,0.1031
47.800,195.500,2.2627,3.9254,145.723,2.3452,3.8535,143.946,-0.1086,0.0129,0.1094,-1.777,2.1305,-16.0874,-0.941,-0.1128,19.9418,144.887,2.832,1.8393,199.059,0.6578,0.0325,0.0191,0.5863,1,2.9202,2.9296,nan,2.7027,2.7747,0.1099,0.4036,0.8000,0.0837,0.0479,0.7127,41.2107,0.0417,-2.8013,0.1031
47.850,195.617,2.1641,3.9878,149.986,2.2041,3.9454,149.110,-0.0558,0.0167,0.0583,-0.876,2.1206,-16.0886,-0.981,-0.2597,20.0324,150.092,2.740,1.7434,199.175,0.7133,0.0189,0.0130,0.6904,1,2.9232,2.9472,nan,2.5173,2.4171,0.0957,0.4955,0.8000,0.0960,0.0057,0.8554,41.4103,-0.0580,-2.9394,0.1031
47.900,195.742,2.0536,4.0459,155.107,2.1245,3.9867,154.173,-0.0892,0.0238,0.0923,-0.934,2.3006,-16.0733,-0.408,-0.3189,20.0583,154.581,2.492,1.8320,199.292,0.6534,0.0163,0.0288,1.7623,1,3.0296,3.0784,nan,2.4304,2.4594,0.0974,0.4627,0.8000,0.1031,-0.0035,0.9380,41.5101,-0.0800,-1.8967,0.1031
47.951,195.909,1.8981,4.1070,162.130,1.9520,4.0630,161.170,-0.0648,0.0253,0.0696,-0.960,2.1119,-16.0676,-0.954,-0.4951,20.1251,162.125,2.372,1.7846,199.458,0.6748,0.0125,0.0288,2.3081,1,2.6656,2.4921,nan,2.4208,2.4098,0.0954,0.5901,0.8000,0.1059,0.0062,1.0246,41.6099,-0.0064,-3.4129,0.1031
48.000,196.009,1.8016,4.1340,166.943,1.8428,4.0963,165.620,-0.0487,0.0274,0.0559,-1.323,1.9939,-16.0662,-1.293,-0.6059,20.1539,166.912,2.298,2.0997,199.559,0.6886,0.0383,0.0210,0.5478,1,2.4229,2.3828,nan,2.4111,2.4945,0.0988,0.7041,0.8000,0.0968,-0.0271,1.1107,41.7096,0.0483,-2.6624,0.1031
48.050,196.108,1.7046,4.1520,172.390,1.7512,4.1114,171.084,-0.0516,0.0341,0.0618,-1.306,1.9939,-16.0662,-1.293,-0.6978,20.1669,172.377,2.286,2.2580,199.664,0.6820,0.0288,0.0199,0.6925,1,2.4254,2.4451,nan,2.4178,2.4149,0.0956,0.7028,0.8000,0.0890,-0.1409,1.1987,41.9092,-0.0017,-0.7776,0.1031
48.100,196.198,1.6143,4.1601,177.682,1.6542,4.1282,176.542,-0.0412,0.0303,0.0511,-1.140,2.0623,-16.0573,-1.097,-0.7946,20.1739,177.639,2.249,2.3620,199.758,0.6876,0.0133,0.0275,2.0612,1,2.3583,2.3675,nan,2.4138,2.4560,0.0973,0.7395,0.8000,0.0768,-0.1381,1.1975,42.0090,0.0244,-1.7983,0.1031
48.150,196.358,1.4542,4.1530,-172.118,1.5051,4.1264,-173.921,-0.0467,0.0334,0.0574,-1.803,2.0478,-16.0541,-1.115,-0.9353,20.1661,-172.807,2.209,2.5710,199.931,0.6693,0.0530,0.0295,0.5569,1,2.3441,2.3608,nan,2.4042,2.4498,0.0970,0.7476,0.8000,0.0571,-0.1303,1.2004,42.1088,0.0264,-1.6679,0.1031
48.200,196.435,1.3786,4.1392,-166.856,1.3864,4.1079,-167.979,-0.0005,0.0322,0.0322,-1.124,1.8735,-16.0561,-1.655,-1.0693,20.1415,-166.324,2.191,2.6014,200.014,0.7199,0.0212,0.0241,1.1355,1,2.4313,2.4683,nan,2.4015,2.3815,0.0943,0.6997,0.8000,0.0268,-0.2238,1.2048,42.3083,-0.0116,-1.6201,0.1031
48.250,196.544,1.2740,4.1080,-159.789,1.3100,4.0815,-161.453,-0.0246,0.0373,0.0447,-1.664,1.8605,-16.0553,-1.712,-1.1518,20.1113,-159.741,2.172,2.4436,200.130,0.6995,0.0195,0.0173,0.8841,1,2.3318,2.3353,nan,2.4015,2.4545,0.0972,0.7548,0.8000,0.0212,-0.2310,1.2041,42.4081,0.0307,1.4469,0.1031
48.300,196.640,1.1865,4.0704,-153.290,1.2058,4.0412,-154.961,-0.0041,0.0348,0.0350,-1.671,1.8828,-16.0523,-1.634,-1.2495,20.0660,-153.328,2.161,2.6330,200.235,0.7064,0.0133,0.0299,2.2556,1,2.3645,2.3889,nan,2.3926,2.4140,0.0956,0.7360,0.8000,0.0009,-0.2354,1.2038,42.5079,0.0124,-1.3323,0.1031
48.350,196.787,1.0614,3.9933,-143.072,1.0562,3.9444,-144.337,0.0336,0.0359,0.0492,-1.266,1.9353,-16.0491,-1.500,-1.4023,19.9636,-142.837,2.178,2.7866,200.400,0.7246,0.0443,0.0435,0.9829,1,2.2846,2.2911,nan,2.4960,2.6046,0.1032,0.7829,0.8000,-0.0232,-0.2099,1.2130,42.6077,0.0800,-0.0586,0.1031
48.400,196.894,0.9797,3.9232,-135.135,0.9885,3.8776,-136.697,0.0259,0.0386,0.0465,-1.561,1.8862,-16.0443,-1.684,-1.4827,19.8869,-135.013,2.226,2.7729,200.523,0.7215,0.0413,0.0279,0.6768,1,2.3478,2.3782,nan,2.5997,2.7029,0.1070,0.7455,0.8000,-0.0400,-0.1804,1.0576,42.7075,0.0597,-0.2842,0.1031
48.450,196.985,0.9190,3.8561,-128.840,0.9295,3.8103,-130.865,0.0291,0.0369,0.0470,-2.024,1.8428,-16.0416,-1.824,-1.5446,19.8128,-129.041,2.308,2.5284,200.629,0.7206,0.0186,0.0257,1.3815,1,2.4059,2.4357,nan,2.7129,2.7429,0.1086,0.6361,0.8000,-0.0523,-0.1439,0.9550,42.8073,0.0174,1.9541,0.1031
48.500,197.098,0.8529,3.7638,-122.143,0.8535,3.7018,-123.403,0.0522,0.0335,0.0621,-1.260,1.9974,-16.0322,-1.383,-1.6197,19.7006,-122.021,2.408,2.4214,200.757,0.7241,0.0151,0.0220,1.4544,1,2.5753,2.6440,nan,2.8239,2.7738,0.1099,0.6216,0.8000,-0.0763,-0.1925,0.7512,43.0068,-0.0290,3.9671,0.1022
48.550,197.252,0.7807,3.6277,-113.333,0.7808,3.5542,-114.202,0.0674,0.0292,0.0735,-0.870,2.1633,-16.0127,-0.922,-1.6973,19.5422,-113.280,2.488,2.3627,200.927,0.7241,0.0357,0.0286,0.7991,1,2.6394,2.6727,nan,2.9464,2.9230,0.1158,0.5542,0.8000,-0.0881,-0.1438,0.6251,43.1066,-0.0136,0.9625,0.1022
48.600,197.367,0.7403,3.5203,-107.502,0.7413,3.4335,-108.286,0.0825,0.0270,0.0868,-0.785,2.0781,-16.0198,-1.181,-1.7374,19.4216,-107.105,2.603,2.2029,201.055,0.7210,0.0244,0.0203,0.8297,1,2.6971,2.7295,nan,3.2015,3.3031,0.1308,0.4552,0.8000,-0.0922,-0.0745,0.5443,43.2064,0.0588,3.9183,0.1022
48.650,197.498,0.7066,3.3936,-102.050,0.7053,3.2883,-102.995,0.1033,0.0207,0.1053,-0.945,2.2012,-16.0113,-0.821,-1.7723,19.2761,-102.174,2.846,1.7033,201.208,0.7187,0.0199,0.0215,1.0809,1,2.6256,2.6362,nan,3.3276,3.3466,0.1325,0.3315,0.8000,-0.0968,-0.0342,0.4226,43.3062,0.0800,5.6317,0.1022
48.700,197.610,0.6864,3.2837,-98.682,0.6845,3.1604,-99.127,0.1222,0.0168,0.1233,-0.445,2.2122,-16.0125,-0.792,-1.7926,19.1499,-98.335,3.012,1.5573,201.375,0.7161,0.0221,0.0258,1.1650,1,2.9174,3.1334,nan,3.5636,3.6577,0.1449,0.2478,0.9505,-0.1106,-0.0322,0.2711,0.0998,0.0800,5.2893,0.1022
48.750,197.841,0.6618,3.0541,-93.517,0.6658,2.9252,-93.818,0.1284,0.0119,0.1290,-0.301,2.4089,-15.9978,-0.214,-1.8135,18.9164,-93.605,3.368,1.0307,201.586,0.7119,0.0213,0.0178,0.8339,1,3.1643,3.3021,nan,3.7817,3.8977,0.1544,0.1283,1.1400,-0.1143,-0.0039,0.1025,0.2993,0.0800,2.8596,0.1022
48.800,197.987,0.6552,2.9081,-91.755,0.6586,2.7681,-92.245,0.1398,0.0077,0.1400,-0.490,2.3053,-15.9983,-0.527,-1.8192,18.7505,-91.718,3.571,0.6158,201.744,0.7083,0.0189,0.0214,1.1315,1,3.3965,3.5230,nan,3.9848,4.1225,0.1633,0.0930,1.2563,-0.1141,0.0072,0.0611,0.4989,0.0797,5.4772,0.1022
48.850,198.161,0.6521,2.7344,-90.330,0.6592,2.5906,-90.544,0.1438,0.0079,0.1440,-0.214,2.4122,-15.9764,-0.212,-1.8216,18.5604,-90.332,3.800,0.5101,201.931,0.7058,0.0203,0.0101,0.4996,1,3.6632,3.8460,nan,4.1755,4.2599,0.1687,0.0846,1.3721,-0.1202,-0.0025,0.0415,0.6985,0.0481,5.9661,0.1022
48.900,198.408,0.6545,2.4867,-88.697,0.6649,2.3270,-88.765,0.1599,0.0067,0.1600,-0.067,2.4292,-15.9832,-0.167,-1.8177,18.3050,-88.598,4.054,0.3240,202.195,0.7035,0.0219,0.0094,0.4297,1,3.8770,3.9950,nan,4.3555,4.4183,0.1750,0.0517,1.4670,-0.1140,0.0147,0.0261,0.8981,0.0340,5.0688,0.1022
48.950,198.606,0.6605,2.2888,-87.802,0.6668,2.1156,-88.405,0.1733,-0.0003,0.1733,-0.603,2.2880,-15.9976,-0.600,-1.8106,18.0952,-87.806,4.192,0.2677,202.403,0.7015,0.0162,0.0115,0.7107,1,4.0793,4.1911,nan,4.6085,4.7137,0.1867,0.0353,1.5216,-0.1082,0.0199,0.0160,1.0976,0.0545,3.5981,0.1022
49.000,198.800,0.6690,2.0956,-87.214,0.6741,1.9361,-87.751,0.1596,-0.0027,0.1596,-0.537,2.3086,-15.9721,-0.534,-1.8013,17.8921,-87.218,4.390,0.2175,202.610,0.7001,0.0174,0.0160,0.9199,1,4.2664,4.3771,nan,4.7673,4.8565,0.1923,0.0315,1.5216,-0.1092,0.0222,-0.0015,1.3970,0.0444,5.3458,0.1022
49.050,198.997,0.6795,1.8990,-86.708,0.6861,1.7193,-87.150,0.1798,-0.0037,0.1798,-0.442,2.3246,-15.9645,-0.488,-1.7890,17.6692,-86.662,4.561,0.1186,202.819,0.6973,0.0190,0.0139,0.7290,1,4.4436,4.5580,nan,4.9929,5.1223,0.2029,0.0147,1.5216,-0.1021,0.0331,-0.0179,1.5965,0.0621,4.2999,0.1022
49.100,199.207,0.6922,1.6895,-86.440,0.6992,1.5527,-86.490,0.1370,-0.0015,0.1370,-0.050,2.4555,-15.9334,-0.070,-1.7775,17.4839,-86.420,4.753,0.0583,203.044,0.6994,0.0188,0.0062,0.3287,1,4.6418,4.7839,nan,5.1359,5.2265,0.2070,0.0067,1.5216,-0.0915,0.0386,-0.0133,1.7961,0.0418,5.1931,0.1022
49.150,199.527,0.7127,1.3694,-86.267,0.7289,1.1462,-86.046,0.2238,0.0017,0.2238,0.221,2.5361,-15.9349,0.185,-1.7520,17.0868,-86.231,4.947,-0.0271,203.380,0.6944,0.0116,0.0049,0.4228,1,4.7485,4.8349,nan,5.2735,5.3922,0.2136,-0.0112,1.5225,-0.0745,0.0501,-0.0163,2.0955,0.0537,4.0761,0.1022
49.200,199.753,0.7273,1.1440,-86.471,0.7355,1.0080,-86.677,0.1362,-0.0002,0.1362,-0.206,2.4070,-15.9250,-0.238,-1.7417,16.9260,-86.439,5.080,-0.1356,203.618,0.6981,0.0150,0.0040,0.2683,1,4.9000,5.0219,nan,5.5344,5.6860,0.2252,-0.0273,1.5225,-0.0554,0.0593,-0.0118,2.2950,0.0800,2.5130,0.1022
49.250,199.923,0.7375,0.9742,-86.865,0.7492,0.7209,-86.912,0.2536,-0.0022,0.2536,-0.047,2.4406,-15.9243,-0.116,-1.7251,16.6417,-86.796,5.216,-0.2179,203.800,0.6969,0.0140,0.0013,0.0956,1,4.9140,4.9683,nan,5.7191,5.6951,0.2255,-0.0171,1.5241,-0.0480,0.0422,-0.0150,2.5944,0.0800,4.5794,0.1022
49.300,200.194,0.7515,0.7044,-87.293,0.7530,0.6136,-87.550,0.0908,-0.0028,0.0908,-0.258,2.4162,-15.9213,-0.198,-1.7204,16.5290,-87.352,5.362,-0.1189,204.084,0.7038,0.0126,0.0141,1.1191,1,5.0144,5.1084,nan,5.7788,5.8016,0.2298,-0.0032,1.5241,-0.0506,0.0266,-0.0144,2.6942,0.0800,3.4692,0.1022
49.350,200.576,0.7692,0.3226,-87.531,0.7787,0.0714,-87.806,0.2514,-0.0013,0.2514,-0.276,2.3851,-15.9230,-0.319,-1.6953,15.9852,-87.488,5.573,-0.1203,204.487,0.6995,0.0124,0.0079,0.6349,1,5.2818,5.6483,nan,6.0090,6.0812,0.2408,-0.0141,1.5241,-0.0351,0.0312,-0.0101,3.1931,0.0800,2.1420,0.1022
49.400,200.807,0.7787,0.0916,-87.817,0.7833,-0.0871,-87.866,0.1787,-0.0022,0.1788,-0.049,2.4499,-15.8794,-0.076,-1.6875,15.7900,-87.790,5.692,-0.1228,204.730,0.6972,0.0123,0.0124,1.0039,1,5.3592,5.4532,nan,6.1733,6.1597,0.2439,-0.0219,1.5241,-0.0215,0.0334,-0.0133,3.4924,0.0800,3.5784,0.1022
49.450,201.089,0.7886,-0.1902,-88.360,0.7937,-0.3727,-88.109,0.1826,-0.0001,0.1826,0.251,2.5069,-15.8479,0.133,-1.6772,15.4792,-88.243,5.821,-0.2205,205.026,0.6998,0.0128,0.0095,0.7415,1,5.6314,6.1968,nan,6.3313,6.4485,0.2554,-0.0251,1.5265,-0.0129,0.0323,-0.0083,3.7918,0.0800,2.3310,0.1022
49.500,201.463,0.7972,-0.5643,-89.130,0.8027,-0.8054,-88.783,0.2411,0.0018,0.2411,0.348,2.5775,-15.8284,0.403,-1.6690,15.0351,-89.186,6.051,-0.1873,205.425,0.7123,0.0142,0.0091,0.6388,1,5.7883,5.9658,nan,6.4835,6.6132,0.2619,-0.0203,1.5265,-0.0053,0.0216,-0.0093,4.0911,0.0800,4.2346,0.1022
49.550,201.751,0.8006,-0.8522,-89.630,0.8094,-1.1025,-88.841,0.2503,0.0072,0.2504,0.789,2.6832,-15.8383,0.804,-1.6669,14.7606,-89.645,6.187,-0.1939,205.729,0.7108,0.0139,0.0066,0.4750,1,6.0449,6.4926,nan,6.6782,6.8858,0.2727,-0.0209,1.5265,0.0025,0.0179,-0.0109,4.3905,0.0800,2.8859,0.1022
49.600,202.034,0.8014,-1.1347,-90.165,0.8113,-1.3927,-88.999,0.2579,0.0106,0.2581,1.166,2.7712,-15.8152,1.162,-1.6670,14.4593,-90.161,6.356,-0.2343,206.031,0.7157,0.0139,0.0118,0.8491,1,6.1065,6.2212,nan,6.8186,6.9478,0.2752,-0.0281,1.5276,0.0124,0.0225,-0.0060,4.6898,0.0800,3.8050,0.1022
49.650,202.316,0.7994,-1.4174,-90.850,0.8067,-1.6930,-89.787,0.2754,0.0114,0.2757,1.063,2.7394,-15.8076,1.064,-1.6703,14.1481,-90.850,6.482,-0.2835,206.329,0.7239,0.0137,0.0124,0.9031,1,6.3295,6.6710,nan,6.9545,7.1829,0.2845,-0.0288,1.5276,0.0187,0.0179,-0.0071,5.0890,0.0800,3.3842,0.1022
49.700,202.578,0.7944,-1.6796,-91.522,0.8058,-1.9599,-90.413,0.2799,0.0188,0.2805,1.109,2.7548,-15.8024,1.128,-1.6762,13.8783,-91.540,6.620,-0.2962,206.609,0.7269,0.0125,0.0153,1.2177,1,6.5733,7.0273,nan,7.1292,7.3103,0.2895,-0.0112,1.5292,0.0124,0.0007,-0.0105,5.3883,0.0609,3.5037,0.1022
49.750,203.064,0.7794,-2.1652,-91.932,0.7968,-2.4578,-90.744,0.2919,0.0273,0.2931,1.187,2.7826,-15.7883,1.256,-1.6931,13.3708,-92.001,6.865,-0.0121,207.126,0.7349,0.0127,0.0169,1.3327,1,6.6058,6.7194,nan,7.2558,7.4732,0.2960,-0.0007,1.5309,0.0101,-0.0110,-0.0061,5.6877,0.0800,2.8959,0.1022
49.800,203.355,0.7695,-2.4559,-92.014,0.7889,-2.7103,-91.096,0.2535,0.0284,0.2551,0.917,2.6877,-15.8214,0.864,-1.7009,13.1382,-91.960,6.986,-0.1881,207.434,0.7176,0.0128,0.0138,1.0769,1,6.8114,7.1564,nan,7.4192,7.6461,0.3028,-0.0238,1.5311,0.0183,0.0138,-0.0075,6.0868,0.0738,3.1975,0.1022
49.850,203.680,0.7568,-2.7803,-92.677,0.7796,-3.1627,-90.829,0.3809,0.0407,0.3831,1.848,2.9113,-15.8086,1.867,-1.7186,12.7086,-92.696,7.119,-0.2058,207.778,0.7531,0.0144,0.0289,2.0143,1,7.0326,7.4667,nan,7.6151,7.8264,0.3100,-0.0039,1.5311,0.0105,-0.0061,-0.0063,6.4859,0.0667,3.4618,0.1022
49.900,203.967,0.7430,-3.0675,-92.826,0.7676,-3.4433,-91.743,0.3742,0.0431,0.3766,1.083,2.8032,-15.8252,1.395,-1.7334,12.4277,-93.139,7.245,-0.0443,208.083,0.7518,0.0127,0.0232,1.8232,1,7.2191,7.5635,nan,7.7659,7.9534,0.3150,-0.0112,1.5322,0.0164,-0.0001,-0.0071,6.8851,0.0577,3.2556,0.1022
49.950,204.490,0.7154,-3.5892,-93.325,0.7379,-4.0856,-92.609,0.4943,0.0513,0.4970,0.717,2.6501,-15.8836,0.711,-1.7658,11.8208,-93.319,7.465,-0.1376,208.637,0.7898,0.0208,0.0095,0.4559,1,7.3653,7.6445,nan,7.9118,8.1031,0.3209,-0.0118,1.5342,0.0131,0.0047,-0.0033,7.3840,0.0578,2.6701,0.1022
50.000,204.828,0.6950,-3.9272,-93.677,0.7161,-4.3890,-92.672,0.4595,0.0507,0.4623,1.005,2.7012,-15.8743,0.997,-1.7849,11.5181,-93.669,7.575,-0.1120,208.994,0.7738,0.0170,0.0140,0.8263,1,7.4033,7.5525,nan,8.0000,8.2326,0.3260,0.0192,1.5349,-0.0093,-0.0200,-0.0023,7.7831,0.0700,2.9096,0.1022
50.050,205.157,0.6745,-4.2547,-93.257,0.6968,-4.7091,-92.655,0.4524,0.0481,0.4550,0.603,2.6208,-15.8108,0.591,-1.8094,11.1209,-93.245,7.679,0.2414,209.340,0.8079,0.0127,0.0141,1.1118,1,7.5914,7.9779,nan,8.0000,8.0926,0.3205,0.0238,1.5355,-0.0221,-0.0186,-0.0025,8.1823,0.0272,2.6113,0.1022
50.100,205.511,0.6558,-4.6083,-92.541,0.6795,-4.9917,-92.580,0.3820,0.0407,0.3842,-0.039,2.4919,-15.7910,-0.064,-1.8245,10.7972,-92.516,7.712,0.1274,209.704,0.7910,0.0125,0.0078,0.6260,1,7.6976,7.9391,nan,8.0000,8.0140,0.3174,-0.0007,1.5355,-0.0189,0.0113,-0.0040,8.4816,0.0041,1.3103,0.1022
50.150,206.005,0.6340,-5.1017,-92.376,0.6494,-5.5433,-92.778,0.4406,0.0337,0.4419,-0.402,2.4516,-15.8519,-0.242,-1.8458,10.3008,-92.535,7.732,0.1292,210.208,0.7919,0.0125,0.0123,0.9780,1,7.5700,7.6094,nan,8.0000,8.1132,0.3213,0.0106,1.5372,-0.0281,0.0040,0.0002,8.7810,0.0334,0.0843,0.1022
50.200,206.206,0.6258,-5.3028,-92.177,0.6385,-5.9331,-90.495,0.6293,0.0366,0.6304,1.682,2.7730,-15.8089,1.589,-1.8598,9.9312,-92.084,7.748,0.1318,210.415,0.8848,0.0125,0.0288,2.3069,1,7.7514,8.1363,nan,8.0000,7.9788,0.3160,0.0167,1.5360,-0.0375,0.0032,-0.0011,9.2799,-0.0061,0.6724,0.1022
50.250,206.656,0.6099,-5.7525,-91.682,0.6315,-6.1332,-91.281,0.3799,0.0327,0.3814,0.401,2.5798,-15.8441,0.489,-1.8655,9.7271,-91.770,7.756,0.1436,210.873,0.7564,0.0123,0.0141,1.1511,1,7.2986,6.5621,nan,8.0000,8.1067,0.3211,-0.0230,1.5359,-0.0170,0.0404,-0.0013,9.4795,0.0800,0.5405,0.1022
50.300,207.060,0.5968,-6.1561,-92.345,0.6134,-6.6315,-91.544,0.4743,0.0360,0.4757,0.801,2.6183,-15.8266,0.762,-1.8825,9.2209,-92.306,7.773,-0.2451,211.285,0.8031,0.0121,0.0146,1.2054,1,7.4256,7.6770,nan,8.0000,8.0196,0.3176,-0.0169,1.5359,-0.0130,0.0313,-0.0005,10.0782,0.0800,0.3429,0.1022
50.350,207.573,0.5733,-6.6686,-92.677,0.5874,-7.0586,-93.243,0.3889,0.0323,0.3903,-0.566,2.4670,-15.8142,-0.172,-1.9059,8.7499,-93.070,7.795,0.2871,211.810,0.7843,0.0120,0.0149,1.2368,1,7.6458,8.1603,nan,8.0000,8.2574,0.3270,0.0250,1.5352,-0.0297,-0.0104,-0.0017,10.4773,0.0800,-0.2433,0.1022
50.400,207.893,0.5595,-6.9889,-91.964,0.5679,-7.5375,-91.933,0.5479,0.0271,0.5486,0.031,2.4922,-15.8724,0.014,-1.9223,8.3354,-91.947,7.837,0.2440,212.141,0.8314,0.0124,0.0122,0.9801,1,7.7502,7.9920,nan,8.0000,8.1898,0.3243,0.0139,1.5345,-0.0398,0.0101,0.0003,10.8764,0.0567,1.2577,0.1022
50.450,208.262,0.5479,-7.3575,-91.486,0.5565,-7.9078,-91.013,0.5499,0.0228,0.5503,0.473,2.5517,-15.8484,0.453,-1.9323,7.9561,-91.466,7.851,0.1444,212.518,0.8357,0.0116,0.0116,1.0018,1,7.9460,8.3969,nan,8.0000,8.0410,0.3185,-0.0011,1.5345,-0.0301,0.0235,0.0034,11.2756,0.0120,0.3886,0.1022
50.500,208.591,0.5395,-7.6865,-91.470,0.5448,-8.1943,-91.561,0.5075,0.0183,0.5079,-0.091,2.4489,-15.8529,-0.263,-1.9393,7.6497,-91.297,7.820,-0.0231,212.850,0.8228,0.0114,0.0120,1.0551,1,7.8451,7.9059,nan,8.0000,8.1177,0.3215,-0.0112,1.5316,-0.0203,0.0307,0.0047,11.6747,0.0347,0.2477,0.1090
50.550,209.146,0.5237,-8.2415,-91.619,0.5253,-8.7655,-92.291,0.5237,0.0164,0.5240,-0.672,2.4365,-15.8928,-0.360,-1.9560,7.1152,-91.931,7.827,0.2104,213.417,0.8133,0.0117,0.0186,1.5838,1,7.7782,7.8593,nan,8.0000,8.1685,0.3235,0.0177,1.5305,-0.0345,0.0027,0.0039,12.0738,0.0502,-0.6502,0.1090
50.600,209.483,0.5151,-8.5784,-91.093,0.5211,-9.1051,-91.583,0.5265,0.0161,0.5267,-0.490,2.4253,-15.9397,-0.490,-1.9626,6.8181,-91.092,7.839,0.1745,213.761,0.7927,0.0110,0.0122,1.1080,1,7.8738,8.1115,nan,7.7512,7.7971,0.3088,0.0079,1.5285,-0.0313,0.0136,0.0050,12.5728,0.0800,0.4228,0.1090
50.650,209.811,0.5094,-8.9057,-90.832,0.5139,-9.4951,-91.060,0.5893,0.0130,0.5894,-0.228,2.4548,-15.9071,-0.255,-1.9694,6.4032,-90.806,7.748,0.0645,214.082,0.8370,0.0101,0.0109,1.0799,1,7.9323,8.1263,nan,7.3522,7.4085,0.2934,0.0011,1.5285,-0.0206,0.0170,0.0065,12.9719,0.0179,-2.0429,0.1090
50.700,210.140,0.5047,-9.2348,-90.786,0.5067,-9.7516,-91.186,0.5167,0.0091,0.5168,-0.401,2.4333,-15.8858,-0.436,-1.9733,6.1193,-90.750,7.574,0.0112,214.396,0.8131,0.0093,0.0128,1.3868,1,7.7002,7.6579,nan,7.0423,7.0396,0.2788,-0.0009,1.5285,-0.0137,0.0155,0.0040,13.2712,-0.0009,-4.3511,0.1090
50.750,210.656,0.4976,-9.7513,-90.726,0.4981,-10.2585,-91.189,0.5072,0.0069,0.5072,-0.463,2.4426,-15.9319,-0.357,-1.9798,5.6611,-90.831,7.155,0.0864,214.874,0.7853,0.0093,0.0131,1.4045,1,7.3409,7.1411,nan,6.6142,6.5591,0.2598,0.0081,1.5285,-0.0161,0.0067,0.0054,13.5706,-0.0191,-3.3696,0.1090
50.800,210.972,0.4940,-10.0669,-90.501,0.4955,-10.5933,-90.671,0.5263,0.0061,0.5264,-0.170,2.4636,-15.9093,-0.166,-1.9835,5.3103,-90.505,6.879,0.0363,215.165,0.8014,0.0088,0.0093,1.0552,1,7.0762,7.0036,nan,6.2833,6.1779,0.2447,0.0009,1.5275,-0.0095,0.0116,0.0039,13.9697,-0.0380,-7.0283,0.1090
50.850,211.261,0.4915,-10.3561,-90.472,0.4933,-10.8458,-90.990,0.4896,0.0058,0.4897,-0.518,2.4307,-15.9493,-0.535,-1.9850,5.0853,-90.455,6.574,-0.0244,215.427,0.7723,0.0082,0.0111,1.3619,1,6.8189,6.7613,nan,5.9425,5.7736,0.2287,-0.0038,1.5275,-0.0016,0.0131,0.0088,14.2691,-0.0634,-8.0110,0.1090
50.900,211.530,0.4891,-10.6251,-90.575,0.4907,-11.1249,-90.987,0.4998,0.0066,0.4998,-0.412,2.4400,-15.9486,-0.454,-1.9874,4.8081,-90.533,6.255,-0.0399,215.669,0.7757,0.0063,0.0088,1.3950,1,6.4820,6.3237,nan,5.5895,5.4084,0.2142,0.0078,1.5275,-0.0033,-0.0003,0.0071,14.5684,-0.0720,-8.9250,0.1090
50.950,211.960,0.4856,-11.0548,-90.271,0.4866,-11.4869,-90.230,0.4321,0.0030,0.4321,0.041,2.4816,-15.9364,0.061,-1.9903,4.4516,-90.290,5.710,0.0978,216.054,0.7475,0.0049,0.0072,1.4679,1,6.0796,5.7867,nan,5.3463,5.2862,0.2094,0.0109,1.5250,-0.0017,-0.0050,0.0086,14.8678,-0.0257,-6.3045,0.1090
51.000,212.201,0.4849,-11.2956,-90.027,0.4786,-11.6868,-90.661,0.3912,-0.0061,0.3913,-0.634,2.4223,-15.9175,-0.637,-1.9907,4.2088,-90.024,5.497,0.0613,216.279,0.7479,0.0043,0.0152,3.4976,1,5.6737,5.3676,nan,5.0955,5.1533,0.2041,-0.0131,1.4669,0.0088,0.0181,0.0087,15.0674,0.0267,-6.1443,0.1090
51.050,212.407,0.4846,-11.5014,-90.223,0.4796,-11.9118,-91.010,0.4105,-0.0034,0.4105,-0.787,2.4194,-15.9314,-0.733,-1.9912,3.9944,-90.277,5.333,-0.0418,216.473,0.7510,0.0059,0.0161,2.7222,1,5.3780,5.2967,nan,4.9670,5.1017,0.2020,0.0018,1.3846,0.0002,0.0062,0.0098,15.2669,0.0800,-4.8268,0.1090
51.100,212.659,0.4836,-11.7537,-90.189,0.4788,-12.0279,-90.979,0.2742,-0.0039,0.2743,-0.790,2.4257,-15.9335,-0.659,-1.9918,3.8829,-90.320,5.185,0.0272,216.714,0.7141,0.0040,0.0140,3.4671,1,4.9580,4.5512,nan,4.7025,4.6481,0.1841,0.0169,1.3426,0.0002,-0.0083,0.0122,15.3667,0.0800,-3.9730,0.1090
51.150,213.011,0.4837,-12.1057,-89.590,0.4785,-12.4433,-90.008,0.3375,-0.0076,0.3376,-0.418,2.4467,-15.9264,-0.380,-1.9913,3.4700,-89.627,4.717,0.1914,217.033,0.7264,0.0026,0.0047,1.8084,1,5.0169,5.0911,nan,4.3203,4.2880,0.1698,0.0257,1.2081,0.0014,-0.0045,0.0094,15.7659,-0.0171,-2.3762,0.1090
51.200,213.200,0.4856,-12.2945,-89.154,0.4832,-12.5520,-89.028,0.2574,-0.0062,0.2575,0.126,2.4828,-15.8815,0.173,-1.9896,3.3356,-89.201,4.503,0.1002,217.209,0.7150,0.0020,0.0026,1.2854,1,4.6225,4.3819,nan,4.1015,4.2028,0.1664,0.0047,1.1803,0.0117,0.0189,0.0116,15.8656,0.0586,-6.5679,0.1090
51.250,213.407,0.4888,-12.5014,-89.075,0.4875,-12.8106,-88.720,0.3092,-0.0063,0.3092,0.355,2.4838,-15.8607,0.218,-1.9847,3.0577,-88.938,4.291,-0.0164,217.402,0.7293,0.0020,0.0036,1.8437,1,4.4150,4.4029,nan,3.8747,3.8466,0.1523,-0.0041,1.0926,0.0252,0.0293,0.0084,16.1650,-0.0162,-5.2095,0.1090
51.300,213.577,0.4915,-12.6723,-89.125,0.4868,-12.9008,-88.838,0.2284,-0.0082,0.2285,0.287,2.4841,-15.8296,0.277,-1.9830,2.9384,-89.116,4.060,-0.0160,217.559,0.7181,0.0009,0.0035,4.0110,1,4.4648,4.5193,nan,3.7595,3.6454,0.1444,0.0428,1.0690,0.0267,0.0208,0.0147,16.2648,-0.0800,-7.2597,0.1090
51.350,213.845,0.4973,-12.9400,-88.192,0.4953,-13.0822,-87.736,0.1421,-0.0065,0.1422,0.456,2.4931,-15.7527,0.450,-1.9767,2.6860,-88.186,3.742,0.2769,217.808,0.7146,0.0020,0.0061,3.0033,1,4.1691,4.1101,nan,3.5320,3.4170,0.1353,0.0820,1.0128,0.0282,0.0167,0.0374,16.4643,-0.0666,-5.3113,0.1090
51.400,214.002,0.5034,-13.0962,-87.108,0.4990,-13.2201,-87.164,0.1235,-0.0106,0.1240,-0.056,2.4674,-15.7622,-0.043,-1.9703,2.5407,-87.121,3.550,0.3648,217.954,0.7124,0.0025,0.0045,1.7747,1,3.7895,3.6183,nan,3.4219,3.5008,0.1386,0.0281,0.9595,0.0412,0.0490,0.0743,16.5641,0.0457,-5.7313,0.1090
51.450,214.171,0.5127,-13.2651,-86.665,0.5046,-13.3537,-86.877,0.0880,-0.0132,0.0890,-0.212,2.4387,-15.7703,-0.645,-1.9612,2.3946,-86.232,3.489,0.0636,218.121,0.7091,0.0040,0.0047,1.1667,1,3.4787,3.4079,nan,3.4219,3.3457,0.1325,0.0015,0.8808,0.0488,0.0616,0.1233,16.6639,0.0800,-1.7325,0.1090
51.500,214.305,0.5206,-13.3991,-86.649,0.5137,-13.5169,-87.161,0.1172,-0.0138,0.1180,-0.511,2.4436,-15.7660,-0.560,-1.9518,2.2302,-86.601,3.402,0.0044,218.250,0.7125,0.0015,0.0111,7.1425,1,3.4389,3.4608,nan,3.2095,3.3448,0.1325,0.1424,0.8239,0.0467,0.0008,0.2195,16.8635,0.0783,-2.9383,0.1090
51.550,214.542,0.5380,-13.6354,-83.957,0.5310,-13.6700,-84.393,0.0337,-0.0106,0.0353,-0.435,2.4650,-15.7027,-0.050,-1.9357,2.0310,-84.343,3.262,0.9447,218.481,0.7081,0.0105,0.0052,0.4982,1,3.3302,3.3403,nan,3.1080,3.2314,0.1280,0.1845,0.8000,0.0470,-0.0265,0.2644,16.9632,0.0715,-1.6449,0.1090
51.600,214.687,0.5560,-13.7797,-81.555,0.5489,-13.7860,-81.690,0.0051,-0.0079,0.0095,-0.134,2.4594,-15.6641,-0.127,-1.9147,1.8739,-81.562,3.194,0.7935,218.624,0.7068,0.0093,0.0046,0.4989,1,3.3462,3.3761,nan,2.9151,2.8621,0.1134,0.0824,0.8000,0.0748,0.0697,0.3123,17.0630,-0.0307,-1.9655,0.1090
51.650,214.829,0.5782,-13.9195,-80.429,0.5687,-13.9047,-80.826,-0.0161,-0.0069,0.0175,-0.397,2.4501,-15.6695,-0.390,-1.8934,1.7519,-80.435,2.976,0.4366,218.754,0.7054,0.0049,0.0066,1.3518,1,3.2643,3.2784,nan,2.8239,2.7304,0.1081,0.1021,0.8000,0.0876,0.0316,0.4100,17.2626,-0.0541,-5.8551,0.1090
51.700,214.945,0.5984,-14.0334,-79.382,0.5893,-14.0020,-79.915,-0.0325,-0.0032,0.0327,-0.533,2.4442,-15.6517,-0.578,-1.8715,1.6309,-79.337,2.824,0.4704,218.863,0.7045,0.0038,0.0091,2.4204,1,3.0691,3.0553,nan,2.7339,2.7051,0.1071,0.2257,0.8000,0.0849,-0.0228,0.4549,17.3624,-0.0167,-5.4977,0.1090
51.750,215.134,0.6382,-14.2184,-75.598,0.6290,-14.1769,-75.985,-0.0425,0.0014,0.0425,-0.387,2.4574,-15.6457,-0.169,-1.8327,1.4634,-75.815,2.702,1.2168,219.049,0.7035,0.0162,0.0048,0.2961,1,2.7368,2.6261,nan,2.7339,2.7771,0.1100,0.2865,0.8000,0.0885,-0.0502,0.5078,17.4622,0.0800,-3.2183,0.1090
51.800,215.250,0.6698,-14.3302,-72.607,0.6541,-14.2417,-72.873,-0.0891,0.0114,0.0899,-0.265,2.4507,-15.6153,-0.288,-1.8035,1.3645,-72.585,2.697,1.2157,219.166,0.7047,0.0113,0.0118,1.0510,1,2.7163,2.7350,nan,2.5626,2.6450,0.1048,0.2894,0.8000,0.0996,0.0148,0.5534,17.5620,0.0477,-0.3542,0.1090
51.850,215.370,0.7084,-14.4434,-69.493,0.6982,-14.3312,-69.734,-0.1087,0.0297,0.1127,-0.241,2.4581,-15.5787,-0.094,-1.7620,1.2446,-69.640,2.612,1.2495,219.283,0.7024,0.0054,0.0219,4.0805,1,2.7256,2.7490,nan,2.4791,2.4801,0.0982,0.3158,0.8000,0.1101,0.0157,0.6112,17.6617,0.0006,-2.3296,0.1090
51.900,215.535,0.7724,-14.5960,-64.473,0.7614,-14.4817,-64.926,-0.1079,0.0393,0.1149,-0.454,2.4581,-15.5787,-0.094,-1.6986,1.0942,-64.832,2.412,1.5348,219.443,0.7027,0.0277,0.0197,0.7121,1,2.6475,2.6572,nan,2.3973,2.3877,0.0946,0.4045,0.8000,0.1286,0.0219,0.6575,17.7615,-0.0056,-4.7570,0.1090
51.950,215.599,0.8013,-14.6536,-62.130,0.7982,-14.5518,-61.895,-0.0915,0.0449,0.1019,0.236,2.4657,-15.5779,0.134,-1.6651,1.0300,-62.029,2.369,1.5067,219.507,0.6988,0.0055,0.0283,5.1117,1,2.4379,2.4134,nan,2.3165,2.3945,0.0948,0.4418,0.8000,0.1308,0.0300,0.7160,17.8613,0.0452,-2.6093,0.1090
52.000,215.749,0.8776,-14.7824,-56.326,0.8709,-14.6781,-56.889,-0.0905,0.0523,0.1045,-0.563,2.4552,-15.5926,-0.279,-1.5888,0.9068,-56.610,2.314,1.6299,219.657,0.6982,0.0166,0.0217,1.3056,1,2.4111,2.4265,nan,2.2342,2.2568,0.0894,0.4981,0.8000,0.1348,-0.0382,0.8405,18.0609,0.0131,-1.5262,0.1090
52.050,215.846,0.9340,-14.8609,-52.024,0.9320,-14.7877,-53.141,-0.0589,0.0435,0.0732,-1.117,2.4449,-15.6257,-0.722,-1.5233,0.8188,-52.419,2.188,1.7760,219.752,0.6902,0.0062,0.0130,2.1015,1,2.3890,2.4049,nan,2.0820,1.9970,0.0791,0.6370,0.8000,0.1272,-0.0409,0.9059,18.1607,-0.0492,-3.8032,0.1090
52.100,215.931,0.9890,-14.9263,-47.508,0.9940,-14.8803,-48.918,-0.0305,0.0347,0.0462,-1.409,2.4381,-15.6602,-1.208,-1.4602,0.7493,-47.710,2.001,2.0289,219.834,0.6827,0.0056,0.0219,3.9013,1,2.3952,2.4153,nan,2.0485,1.9519,0.0773,0.7190,0.8000,0.1037,-0.1453,1.0761,18.3602,-0.0800,-6.2793,0.1090
52.150,216.062,1.0841,-15.0161,-39.055,1.0666,-14.9673,-40.493,-0.0443,0.0269,0.0518,-1.438,2.4395,-15.6813,-1.121,-1.3866,0.6870,-39.372,1.834,2.1537,219.966,0.7014,0.0271,0.0107,0.3958,1,2.1440,2.0956,nan,2.0387,1.9942,0.0790,0.7699,0.8000,0.0820,-0.1491,1.1808,18.4600,-0.0258,-4.0997,0.1090
52.200,216.142,1.1485,-15.0633,-33.372,1.1472,-15.0368,-34.595,-0.0157,0.0214,0.0265,-1.223,2.4364,-15.6846,-0.992,-1.3002,0.6254,-33.603,1.804,2.2738,220.052,0.6807,0.0187,0.0037,0.1981,1,1.9582,1.9359,nan,2.0305,2.0855,0.0826,0.7687,0.8000,0.0644,-0.1452,1.2010,18.5598,0.0318,-1.5431,0.1090
52.250,216.235,1.2288,-15.1098,-26.641,1.2260,-15.0841,-27.679,-0.0141,0.0217,0.0259,-1.037,2.4298,-15.6927,-1.212,-1.2165,0.5830,-26.467,1.830,2.3396,220.156,0.6769,0.0197,0.0076,0.3873,1,1.9951,2.0170,nan,2.0385,2.0715,0.0820,0.7916,0.8000,0.0463,-0.1407,1.2030,18.6596,0.0191,-0.1589,0.1090
52.300,216.306,1.2939,-15.1388,-21.343,1.2994,-15.1161,-22.564,-0.0032,0.0231,0.0233,-1.220,2.4298,-15.6927,-1.212,-1.1424,0.5525,-21.351,1.831,2.3144,220.235,0.6681,0.0049,0.0089,1.8084,1,1.9407,1.9485,nan,2.0303,2.0985,0.0831,0.7604,0.8000,0.0413,-0.1486,1.1982,18.7594,0.0394,-1.3504,0.1090
52.350,216.426,1.4085,-15.1739,-12.777,1.4344,-15.1577,-13.446,0.0217,0.0215,0.0306,-0.669,2.4331,-15.6895,-0.919,-1.0070,0.5157,-12.528,1.850,2.3036,220.366,0.6476,0.0233,0.0218,0.9367,1,2.0004,2.0268,nan,2.0384,2.0673,0.0819,0.7630,0.8000,0.0302,-0.1493,1.2032,18.8591,0.0167,0.7402,0.1090
52.400,216.513,1.4941,-15.1886,-6.588,1.4909,-15.1654,-8.112,-0.0059,0.0227,0.0234,-1.525,2.4138,-15.6932,-1.394,-0.9355,0.5052,-6.719,1.854,2.2534,220.460,0.6612,0.0168,0.0020,0.1165,1,1.9637,1.9742,nan,2.0303,2.0808,0.0824,0.7437,0.8000,0.0209,-0.1534,1.1979,18.9589,0.0293,-0.8580,0.1090
52.450,216.596,1.5775,-15.1939,-0.772,1.5795,-15.1716,-2.484,0.0017,0.0223,0.0224,-1.712,2.4010,-15.6963,-1.627,-0.8361,0.5011,-0.857,1.859,2.2621,220.551,0.6451,0.0098,0.0022,0.2281,1,1.9639,1.9795,nan,2.0519,2.1187,0.0839,0.7551,0.8000,0.0139,-0.1674,1.2033,19.0587,0.0387,-0.4236,0.1090
52.500,216.675,1.6558,-15.1913,4.765,1.6683,-15.1712,3.030,0.0141,0.0190,0.0237,-1.735,2.4010,-15.6963,-1.627,-0.7473,0.5041,4.658,1.877,2.2766,220.638,0.6347,0.0017,0.0146,8.6215,1,1.9996,2.0214,nan,2.0993,2.1636,0.0857,0.7308,0.8000,0.0032,-0.1758,1.1984,19.1585,0.0373,-0.6731,0.1063
52.550,216.804,1.7837,-15.1706,13.633,1.8010,-15.1510,12.484,0.0214,0.0150,0.0261,-1.149,2.4015,-15.6913,-1.097,-0.6108,0.5287,13.580,1.931,2.2992,220.782,0.6257,0.0227,0.0146,0.6444,1,2.0519,2.0774,nan,2.1733,2.2080,0.0874,0.7306,0.8000,-0.0150,-0.1744,1.1351,19.2583,0.0201,1.3033,0.1063
52.600,216.897,1.8730,-15.1438,19.960,1.8978,-15.1162,18.991,0.0328,0.0175,0.0371,-0.968,2.3852,-15.6920,-1.276,-0.5001,0.5649,20.267,1.972,2.1391,220.885,0.6036,0.0199,0.0153,0.7690,1,2.0415,2.0562,nan,2.2562,2.3160,0.0917,0.6552,0.8000,-0.0199,-0.1619,1.0144,19.3581,0.0346,-0.2129,0.1063
52.650,216.984,1.9531,-15.1105,25.228,1.9724,-15.0818,23.770,0.0298,0.0178,0.0346,-1.458,2.3661,-15.6982,-1.458,-0.4092,0.6062,25.228,2.057,2.0505,220.982,0.5923,0.0096,0.0066,0.6877,1,2.1132,2.1434,nan,2.3443,2.3816,0.0943,0.6009,0.8000,-0.0220,-0.1596,0.9064,19.4578,0.0216,2.9508,0.1063
52.700,217.068,2.0276,-15.0717,29.864,2.0422,-15.0419,29.043,0.0275,0.0185,0.0332,-0.821,2.3703,-15.6933,-0.957,-0.3389,0.6458,30.000,2.134,2.0063,221.074,0.5964,0.0017,0.0042,2.4691,1,2.2097,2.2470,nan,2.4366,2.4526,0.0971,0.5599,0.8000,-0.0316,-0.1428,0.8080,19.5576,0.0093,3.2320,0.1063
52.750,217.223,2.1566,-14.9855,37.549,2.1914,-14.9403,36.604,0.0551,0.0146,0.0570,-0.945,2.3703,-15.6933,-0.957,-0.1915,0.7499,37.561,2.311,1.8458,221.243,0.5771,0.0187,0.0175,0.9368,1,2.1975,2.2133,nan,2.5329,2.6165,0.1036,0.5029,0.8000,-0.0395,-0.1166,0.7147,19.6574,0.0484,3.2124,0.1063
52.800,217.322,2.2328,-14.9223,42.072,2.2518,-14.8821,40.845,0.0410,0.0171,0.0444,-1.227,2.3554,-15.6972,-1.130,-0.1197,0.8129,41.976,2.395,1.9034,221.350,0.5815,0.0099,0.0030,0.3015,1,2.3400,2.3937,nan,2.6330,2.6695,0.1057,0.4811,0.8000,-0.0520,-0.1025,0.6243,19.7572,0.0211,2.1931,0.1063
52.850,217.430,2.3096,-14.8472,46.674,2.3301,-14.8001,45.505,0.0484,0.0174,0.0514,-1.169,2.3548,-15.6912,-1.149,-0.0425,0.8904,46.653,2.492,1.5268,221.464,0.5811,0.0029,0.0026,0.8820,1,2.4681,2.5180,nan,2.7364,2.7386,0.1085,0.3602,0.8000,-0.0573,-0.0619,0.5367,19.8570,0.0013,0.9440,0.1063
52.900,217.602,2.4218,-14.7163,52.209,2.4419,-14.6657,51.227,0.0523,0.0151,0.0544,-0.982,2.3530,-15.6945,-0.921,0.0724,1.0300,52.149,2.672,1.4610,221.647,0.5781,0.0018,0.0059,3.2560,1,2.5933,2.6434,nan,2.9523,2.9920,0.1185,0.3491,0.8000,-0.0692,-0.0915,0.3645,20.0565,0.0230,3.7047,0.1063
52.950,217.739,2.5018,-14.6052,56.445,2.5278,-14.5473,55.218,0.0626,0.0103,0.0635,-1.227,2.3506,-15.6936,-1.040,0.1564,1.1493,56.258,2.800,1.2991,221.791,0.5740,0.0019,0.0076,4.0840,1,2.6443,2.6746,nan,3.0631,3.1328,0.1241,0.2166,0.8108,-0.0720,-0.0562,0.2853,20.1563,0.0403,2.9397,0.1063
53.000,217.854,2.5634,-14.5079,58.674,2.5913,-14.4515,57.410,0.0627,0.0055,0.0629,-1.264,2.3365,-15.7010,-1.524,0.2215,1.2559,58.934,2.953,0.7009,221.913,0.5706,0.0032,0.0058,1.8345,1,2.8706,2.9821,nan,3.2823,3.3205,0.1315,0.0993,0.8802,-0.0786,-0.0336,0.1171,20.3559,0.0221,4.4248,0.1063
53.050,217.970,2.6223,-14.4086,59.733,2.6670,-14.3278,59.046,0.0923,0.0021,0.0923,-0.687,2.3423,-15.7050,-1.189,0.2961,1.3836,60.235,3.102,0.4729,222.036,0.5560,0.0007,0.0055,7.7081,1,3.0615,3.1455,nan,3.4837,3.5228,0.1395,0.0655,0.9387,-0.0930,-0.0469,0.0404,20.4557,0.0227,4.9940,0.1063
53.100,218.140,2.7069,-14.2604,60.747,2.7487,-14.1857,60.069,0.0856,0.0000,0.0856,-0.678,2.3485,-15.7148,-0.682,0.3820,1.5338,60.751,3.314,0.2181,222.217,0.5548,0.0003,0.0066,23.6980,1,2.9866,2.9991,nan,3.5691,3.6789,0.1457,0.0281,0.9157,-0.0978,-0.0386,-0.0363,20.5555,0.0800,2.7486,0.1063
53.150,218.356,2.8112,-14.0715,60.964,2.8327,-14.0322,60.707,0.0448,0.0003,0.0448,-0.257,2.3509,-15.7136,-0.547,0.4657,1.6860,61.255,3.499,-0.3402,222.442,0.5741,0.0030,0.0090,2.9642,1,3.2304,3.3666,nan,3.6201,3.6983,0.1465,-0.0662,0.9905,-0.1027,0.0101,-0.2623,20.8548,0.0453,4.7594,0.1063
53.200,218.522,2.8926,-13.9268,59.993,2.9361,-13.8598,59.404,0.0798,-0.0042,0.0799,-0.589,2.3447,-15.7265,-0.617,0.5713,1.8730,60.021,3.558,-0.3897,222.612,0.5516,0.0022,0.0113,5.0191,1,3.4445,3.5544,nan,3.6298,3.7645,0.1491,-0.0871,1.0562,-0.1017,0.0357,-0.3815,21.0544,0.0800,1.6322,0.1063
53.250,218.673,2.9690,-13.7968,58.844,3.0039,-13.7461,58.141,0.0615,-0.0036,0.0616,-0.702,2.3303,-15.7419,-0.679,0.6499,2.0037,58.820,3.616,-0.4975,222.766,0.5495,0.0002,0.0066,40.9187,1,3.5787,3.6434,nan,3.7311,3.8327,0.1518,-0.0932,1.1103,-0.0994,0.0492,-0.3595,21.1542,0.0588,1.6591,0.1063
53.300,218.848,3.0613,-13.6476,57.399,3.0889,-13.6099,57.315,0.0466,-0.0030,0.0467,-0.084,2.3475,-15.7486,-0.160,0.7355,2.1407,57.475,3.683,-0.4819,222.946,0.5554,0.0001,0.0038,27.2133,1,3.6344,3.6752,nan,3.7945,3.7653,0.1491,-0.0798,1.1798,-0.0886,0.0790,-0.2777,21.3538,-0.0169,1.3091,0.1063
53.350,219.085,3.1911,-13.4502,55.680,3.2111,-13.4257,55.806,0.0315,-0.0027,0.0316,0.126,2.3397,-15.7743,0.056,0.8737,2.3477,55.750,3.725,-0.4910,223.185,0.5476,0.0047,0.0076,1.6368,1,3.6989,3.7424,nan,3.9372,3.9144,0.1550,-0.0848,1.1509,-0.0639,0.1099,-0.1969,21.5533,-0.0132,0.0488,0.1063
53.400,219.261,3.2920,-13.3054,54.361,3.3025,-13.2968,54.546,0.0131,-0.0036,0.0136,0.186,2.3336,-15.7948,0.197,0.9776,2.4946,54.349,3.781,-0.4439,223.366,0.5448,0.0038,0.0048,1.2598,1,3.7538,3.7955,nan,4.1688,4.2460,0.1682,-0.0628,1.1189,-0.0449,0.1209,-0.1202,21.7529,0.0440,1.4693,0.1063
53.450,219.436,3.3948,-13.1643,53.384,3.4110,-13.1463,53.395,0.0241,-0.0023,0.0242,0.011,2.3240,-15.7874,-0.025,1.0859,2.6416,53.419,3.964,-0.3046,223.552,0.5399,0.0014,0.0044,3.1160,1,3.8318,3.8800,nan,4.3492,4.4846,0.1776,-0.0443,1.0933,-0.0269,0.1187,-0.0415,21.9524,0.0752,4.6485,0.1063
53.500,219.694,3.5503,-12.9584,52.605,3.5654,-12.9401,52.452,0.0237,-0.0009,0.0237,-0.153,2.3222,-15.7952,0.066,1.2465,2.8536,52.385,4.163,-0.0770,223.823,0.5353,0.0096,0.0130,1.3619,1,4.0492,4.1743,nan,4.3848,4.3287,0.1714,-0.0118,1.0661,0.0045,0.1065,0.0371,22.1520,-0.0291,5.6107,0.1063
53.550,219.886,3.6673,-12.8059,52.398,3.6979,-12.7696,52.650,0.0474,-0.0021,0.0475,0.251,2.3250,-15.8119,0.262,1.3868,3.0359,52.387,4.187,-0.0523,224.018,0.5163,0.0082,0.0178,2.1864,1,4.1106,4.1588,nan,4.1350,4.0896,0.1620,0.0237,1.0158,0.0273,0.0971,0.1135,22.3516,-0.0251,0.8121,0.1063
53.600,220.064,3.7759,-12.6646,52.732,3.7730,-12.6735,52.735,-0.0088,-0.0031,0.0093,0.003,2.3245,-15.8158,0.271,1.4633,3.1354,52.465,4.108,0.2027,224.191,0.5430,0.0041,0.0018,0.4330,1,4.2336,4.3068,nan,3.8993,3.9868,0.1579,0.0875,1.0020,0.0444,0.0694,0.1963,22.5511,0.0800,-1.8636,0.1063
53.650,220.251,3.8876,-12.5153,54.099,3.8799,-12.5216,54.122,-0.0097,0.0026,0.0100,0.024,2.2996,-15.8207,0.053,1.5833,3.2976,54.069,3.996,0.6669,224.372,0.5359,0.0014,0.0020,1.4262,1,4.0768,4.0819,nan,3.6776,3.7575,0.1488,0.1483,1.0020,0.0598,0.0491,0.2774,22.7507,0.0462,-2.6569,0.1063
53.700,220.505,4.0319,-12.3054,57.324,4.0143,-12.3184,57.056,-0.0204,0.0078,0.0219,-0.268,2.2745,-15.8105,-0.322,1.7201,3.5019,57.379,3.702,0.8011,224.610,0.5428,0.0041,0.0083,2.0108,1,3.9653,3.9801,nan,3.4701,3.4337,0.1360,0.1390,0.9933,0.0819,0.0472,0.3543,22.9503,-0.0211,-4.6945,0.1063
53.750,220.668,4.1175,-12.1675,59.337,4.0905,-12.1862,59.485,-0.0299,0.0136,0.0328,0.148,2.2943,-15.8207,0.063,1.8003,3.6325,59.422,3.537,0.7498,224.764,0.5476,0.0147,0.0112,0.7637,1,3.6507,3.5801,nan,3.4701,3.5498,0.1406,0.1343,0.9145,0.0975,0.0599,0.3978,23.0501,0.0800,-5.2437,0.1063
53.800,220.840,4.2032,-12.0177,61.408,4.1715,-12.0398,61.186,-0.0346,0.0173,0.0387,-0.221,2.2644,-15.8204,-0.292,1.8877,3.7902,61.478,3.493,0.8147,224.934,0.5465,0.0141,0.0105,0.7460,1,3.3880,3.3486,nan,3.2774,3.3383,0.1322,0.1882,0.8487,0.1107,0.0114,0.4809,23.2496,0.0800,-0.9218,0.1063
53.850,220.964,4.2608,-11.9084,63.452,4.2100,-11.9655,62.405,-0.0738,0.0199,0.0764,-1.046,2.2357,-15.8212,-0.625,1.9322,3.8770,63.031,3.375,1.0476,225.053,0.5580,0.0035,0.0239,6.8787,1,3.4136,3.4458,nan,3.1023,3.1289,0.1239,0.3054,0.8551,0.1123,-0.0035,0.5213,23.3494,0.0154,-4.0638,0.1063
53.900,221.117,4.3259,-11.7694,67.156,4.2839,-11.7978,66.147,-0.0425,0.0276,0.0507,-1.009,2.2376,-15.8272,-0.519,2.0097,4.0477,66.666,3.172,1.5438,225.199,0.5482,0.0067,0.0233,3.4686,1,3.3464,3.3636,nan,2.9673,2.9052,0.1151,0.3816,0.8383,0.1050,-0.0532,0.6108,23.5490,-0.0360,-5.4867,0.1063
53.950,221.328,4.3971,-11.5713,73.838,4.3488,-11.6107,73.564,-0.0513,0.0355,0.0623,-0.274,2.2342,-15.8080,-0.710,2.0623,4.2232,74.274,2.898,1.5641,225.400,0.5647,0.0259,0.0426,1.6455,1,3.4230,3.4669,nan,2.9555,2.8852,0.1143,0.3440,0.8575,0.1206,-0.0693,0.7115,23.7486,-0.0800,-6.2356,0.1063
54.000,221.445,4.4265,-11.4576,77.482,4.3860,-11.5054,76.184,-0.0555,0.0291,0.0626,-1.297,2.1986,-15.7793,-1.361,2.0853,4.3246,77.546,2.836,1.5500,225.517,0.5704,0.0143,0.0314,2.1998,1,3.0465,2.8526,nan,2.9437,2.9485,0.1168,0.3545,0.8000,0.1147,-0.0601,0.7702,23.8483,0.0028,-2.5622,0.1063
54.050,221.561,4.4483,-11.3433,81.205,4.4216,-11.3784,79.455,-0.0388,0.0210,0.0441,-1.749,2.1747,-15.7488,-1.834,2.1059,4.4401,81.289,2.845,1.6276,225.636,0.5717,0.0108,0.0311,2.8798,1,2.8005,2.7626,nan,2.9880,3.0918,0.1224,0.4165,0.8000,0.0918,-0.1509,0.7700,24.0479,0.0601,-0.6855,0.1063
54.100,221.705,4.4645,-11.2008,86.429,4.4476,-11.2069,84.286,-0.0072,0.0165,0.0180,-2.143,2.1605,-15.7248,-2.112,2.1191,4.5991,86.398,2.890,1.9151,225.821,0.5757,0.0129,0.0220,1.7036,1,2.7609,2.7774,nan,3.1221,3.2542,0.1289,0.4778,0.8000,0.0591,-0.1500,0.7116,24.1477,0.0800,0.8511,0.1063
54.150,221.908,4.4637,-10.9979,94.901,4.4483,-10.9855,93.025,0.0137,0.0143,0.0198,-1.876,2.1804,-15.7228,-1.864,2.1125,4.8086,94.890,2.981,2.2394,226.006,0.5820,0.0313,0.0164,0.5251,1,2.9899,3.1044,nan,3.2780,3.3126,0.1312,0.4745,0.8141,0.0241,-0.1666,0.6180,24.3473,0.0200,1.6529,0.1063
54.200,222.040,4.4466,-10.8667,100.568,4.4268,-10.8368,99.104,0.0330,0.0140,0.0358,-1.464,2.2259,-15.7409,-1.287,2.0902,4.9523,100.391,3.039,2.1564,226.149,0.5884,0.0273,0.0106,0.3874,1,3.0923,3.1402,nan,3.4442,3.4976,0.1385,0.4300,0.8764,0.0023,-0.1444,0.5350,24.5468,0.0309,0.7066,0.1063
54.250,222.158,4.4209,-10.7518,105.123,4.3932,-10.7147,104.531,0.0431,0.0170,0.0463,-0.592,2.2547,-15.7633,-0.922,2.0570,5.0824,105.453,3.155,1.8893,226.279,0.5976,0.0173,0.0071,0.4068,1,3.2724,3.3565,nan,3.6195,3.6435,0.1443,0.3522,0.9664,-0.0153,-0.1211,0.4533,24.7464,0.0139,3.6172,0.1063
54.300,222.310,4.3756,-10.6065,109.960,4.3502,-10.5832,108.994,0.0306,0.0159,0.0345,-0.966,2.2535,-15.7751,-0.971,2.0085,5.2267,109.964,3.309,1.7359,226.445,0.6007,0.0165,0.0117,0.7124,1,3.3012,3.3331,nan,3.8033,3.9342,0.1558,0.3043,0.9922,-0.0252,-0.0801,0.4194,24.8462,0.0758,4.4568,0.1063
54.350,222.553,4.2804,-10.3829,116.622,4.2535,-10.3645,115.685,0.0285,0.0158,0.0326,-0.937,2.2926,-15.7954,-0.549,1.9089,5.4494,116.233,3.615,1.5973,226.715,0.6050,0.0260,0.0207,0.7961,1,3.5107,3.6189,nan,3.9953,4.0873,0.1619,0.2583,1.0967,-0.0459,-0.0786,0.3469,25.0457,0.0533,5.3663,0.1063
54.400,222.716,4.2033,-10.2397,120.381,4.1603,-10.1952,119.645,0.0601,0.0146,0.0619,-0.737,2.2791,-15.8037,-0.764,1.8062,5.6331,120.409,3.764,1.4164,226.889,0.6365,0.0224,0.0163,0.7290,1,3.7176,3.8264,nan,4.1854,4.2379,0.1678,0.1824,1.2101,-0.0546,-0.0624,0.2728,25.2453,0.0295,4.3063,0.1063
54.450,222.870,4.1226,-10.1085,122.916,4.0737,-10.0593,122.710,0.0679,0.0143,0.0694,-0.206,2.3178,-15.8157,-0.350,1.7207,5.7671,123.060,3.924,0.8564,227.054,0.6417,0.0129,0.0165,1.2785,1,3.9897,4.1899,nan,4.3649,4.3350,0.1717,0.1117,1.3008,-0.0626,-0.0532,0.2017,25.4449,-0.0157,4.1930,0.1063
54.500,223.042,4.0269,-9.9654,124.653,3.9839,-9.9233,124.202,0.0591,0.0114,0.0602,-0.450,2.2894,-15.8093,-0.656,1.6270,5.9051,124.858,4.063,0.7019,227.355,0.6388,0.0108,0.0090,0.8327,1,3.7920,3.7841,nan,4.5351,4.5370,0.1797,0.1137,1.2363,-0.0768,-0.0750,0.1334,25.6444,0.0800,4.2117,0.1044
54.550,223.331,3.8571,-9.7318,127.553,3.7974,-9.6699,127.449,0.0854,0.0096,0.0860,-0.104,2.3527,-15.8353,-0.108,1.4331,6.1681,127.557,4.279,0.7161,227.541,0.6683,0.0173,0.0253,1.4567,1,4.0587,4.2583,nan,4.6973,4.8117,0.1906,0.0754,1.3041,-0.1031,-0.0756,0.0620,25.8440,0.0800,2.2780,0.1044
54.600,223.528,3.7351,-9.5769,128.903,3.6722,-9.5151,129.057,0.0876,0.0101,0.0882,0.154,2.3582,-15.8383,-0.060,1.3074,6.3246,129.117,4.464,0.4536,227.751,0.6722,0.0131,0.0290,2.2125,1,4.3120,4.5047,nan,4.9272,5.0775,0.2011,-0.0002,1.3041,-0.1073,-0.0290,-0.0464,26.1434,0.0800,3.1630,0.1044
54.650,223.729,3.6081,-9.4209,129.094,3.5335,-9.3463,129.388,0.1049,0.0108,0.1055,0.294,2.3581,-15.8475,-0.133,1.1603,6.5039,129.521,4.662,-0.0460,227.968,0.6971,0.0082,0.0308,3.7446,1,4.5254,4.6782,nan,5.0727,5.1961,0.2058,-0.0601,1.3041,-0.1151,-0.0058,-0.1159,26.3429,0.0582,4.8285,0.1044
54.700,223.943,3.4739,-9.2545,128.145,3.4195,-9.2005,128.202,0.0761,0.0094,0.0767,0.057,2.3351,-15.8594,-0.474,1.0293,6.6677,128.676,4.823,-0.4572,228.195,0.6934,0.0071,0.0216,3.0578,1,4.7172,4.8610,nan,5.0922,5.1517,0.2040,-0.0628,1.3041,-0.1261,0.0058,-0.2271,26.6423,0.0275,4.6658,0.1044
54.750,224.275,3.2719,-8.9904,126.341,3.2270,-8.9294,125.636,0.0757,-0.0000,0.0757,-0.705,2.3200,-15.8688,-0.739,0.8174,6.9506,126.375,4.956,-0.4384,228.540,0.7076,0.0163,0.0247,1.5091,1,4.8698,4.9895,nan,5.1221,5.2594,0.2083,-0.0570,1.3041,-0.1411,-0.0059,-0.2700,26.8419,0.0800,2.3428,0.1044
54.800,224.490,3.1459,-8.8167,125.257,3.1161,-8.7581,124.251,0.0650,-0.0095,0.0657,-1.006,2.3019,-15.8781,-1.025,0.6867,7.1334,125.276,5.018,-0.4545,228.760,0.7146,0.0147,0.0148,1.0091,1,5.0139,5.1354,nan,5.1716,5.2211,0.2068,-0.0872,1.3212,-0.1442,0.0442,-0.2471,27.1412,0.0224,1.8254,0.1044
54.850,224.711,3.0200,-8.6347,123.603,2.9877,-8.5629,123.180,0.0777,-0.0129,0.0788,-0.423,2.3246,-15.8908,-0.911,0.5465,7.3376,124.091,5.042,-0.7516,228.986,0.7346,0.0106,0.0208,1.9677,1,5.1264,5.2323,nan,5.2594,5.2483,0.2079,-0.1148,1.3330,-0.1399,0.0880,-0.2317,27.4406,-0.0049,1.0268,0.1044
54.900,224.928,2.9024,-8.4521,121.413,2.8879,-8.4026,121.223,0.0498,-0.0134,0.0516,-0.190,2.4110,-15.9290,-0.368,0.4285,7.5293,121.591,5.061,-0.9050,229.207,0.7378,0.0034,0.0095,2.7891,1,5.1446,5.2060,nan,5.3611,5.4026,0.2140,-0.1145,1.3377,-0.1282,0.0778,-0.2257,27.6401,0.0181,0.3500,0.1044
54.950,225.281,2.7266,-8.1461,117.857,2.7072,-8.0910,118.349,0.0578,-0.0086,0.0585,0.492,2.5375,-15.9513,0.584,0.2499,7.8582,117.765,5.162,-0.8892,229.572,0.7477,0.0225,0.0471,2.0920,1,5.1643,5.2268,nan,5.3940,5.4295,0.2150,-0.1112,1.3463,-0.1174,0.0740,-0.2147,27.8397,0.0154,0.2864,0.1044
55.000,225.509,2.6232,-7.9428,115.589,2.6536,-7.9697,116.370,-0.0374,-0.0158,0.0406,0.781,2.5626,-15.9668,0.658,0.1829,7.9955,115.712,5.204,-0.9704,229.806,0.6933,0.0110,0.0061,0.5501,1,5.2309,5.3155,nan,5.5022,5.5611,0.2202,-0.1485,1.3592,-0.0834,0.1082,-0.1986,28.1390,0.0251,1.0396,0.1044
55.050,225.729,2.5318,-7.7429,112.787,2.5340,-7.7148,113.747,0.0250,-0.0129,0.0281,0.961,2.5751,-15.9713,0.734,0.0647,8.2563,113.013,5.263,-1.2511,230.035,0.7369,0.0087,0.0185,2.1202,1,5.2694,5.3425,nan,5.6149,5.7199,0.2265,-0.1552,1.3638,-0.0627,0.0949,-0.1929,28.3386,0.0444,1.4558,0.1044
55.100,226.103,2.4003,-7.3927,107.899,2.4026,-7.3554,108.340,0.0348,-0.0136,0.0373,0.441,2.5546,-15.9549,0.649,-0.0545,8.6007,107.690,5.433,-1.0705,230.430,0.7234,0.0064,0.0100,1.5505,1,5.2358,5.2818,nan,5.6921,5.8715,0.2325,-0.1266,1.3746,-0.0518,0.0717,-0.1796,28.6380,0.0762,2.4081,0.1044
55.150,226.361,2.3261,-7.1458,104.992,2.3141,-7.0709,105.705,0.0755,-0.0078,0.0759,0.713,2.5703,-15.9495,0.773,-0.1364,8.8813,104.932,5.531,-1.0460,230.700,0.7423,0.0143,0.0295,2.0595,1,5.4704,5.7410,nan,5.8102,5.8922,0.2334,-0.1189,1.3868,-0.0368,0.0644,-0.1649,28.9373,0.0333,2.5041,0.1044
55.200,226.600,2.2683,-6.9138,102.469,2.2807,-6.9097,102.906,0.0013,-0.0130,0.0131,0.438,2.5253,-15.9621,0.431,-0.1765,9.0540,102.475,5.588,-1.0630,230.947,0.7059,0.0084,0.0077,0.9117,1,5.5504,5.6553,nan,5.9303,6.0360,0.2390,-0.1403,1.3958,-0.0018,0.0722,-0.1542,29.2367,0.0422,1.5762,0.1044
55.250,226.871,2.2159,-6.6485,99.165,2.2163,-6.5703,99.591,0.0772,-0.0128,0.0782,0.426,2.5219,-15.9569,0.394,-0.2411,9.3885,99.197,5.677,-1.1931,231.230,0.7409,0.0088,0.0113,1.2772,1,5.6466,5.7650,nan,6.0541,6.1731,0.2445,-0.1327,1.4069,0.0093,0.0568,-0.1412,29.5360,0.0467,1.8329,0.1044
55.300,227.105,2.1828,-6.4161,96.411,2.1822,-6.3229,96.725,0.0927,-0.0098,0.0932,0.314,2.5253,-15.9704,0.416,-0.2731,9.6497,96.309,5.773,-1.0419,231.478,0.7513,0.0069,0.0144,2.0752,1,5.7875,5.9507,nan,6.2208,6.3507,0.2515,-0.1071,1.4067,0.0111,0.0271,-0.1320,29.8354,0.0497,2.4962,0.1044
55.350,227.493,2.1503,-6.0295,92.728,2.1512,-5.9051,93.307,0.1242,-0.0068,0.1244,0.579,2.5318,-15.9536,0.459,-0.3000,10.0513,92.848,5.979,-0.9813,231.890,0.7525,0.0070,0.0160,2.2956,1,5.8419,5.9419,nan,6.3413,6.5150,0.2580,-0.1061,1.4022,0.0182,0.0209,-0.1226,30.1347,0.0658,3.6909,0.1044
55.400,227.759,2.1422,-5.7640,90.217,2.1425,-5.6023,91.116,0.1617,-0.0009,0.1617,0.899,2.6052,-15.9490,0.868,-0.3059,10.3525,90.248,6.086,-1.0502,232.170,0.7666,0.0054,0.0262,4.8333,1,6.0965,6.5312,nan,6.4712,6.5699,0.2602,-0.1164,1.3906,0.0288,0.0235,-0.1217,30.5338,0.0360,2.8616,0.1044
55.450,228.029,2.1462,-5.4944,87.458,2.1446,-5.2859,88.575,0.2082,0.0109,0.2085,1.117,2.6336,-15.9515,1.039,-0.2955,10.6726,87.536,6.168,-1.0656,232.453,0.7862,0.0045,0.0352,7.8967,1,6.2726,6.5118,nan,6.5406,6.5895,0.2610,-0.1100,1.3862,0.0363,0.0130,-0.1280,30.8332,0.0175,2.0234,0.1044
55.500,228.326,2.1655,-5.1973,84.558,2.1711,-5.0310,84.862,0.1660,0.0102,0.1664,0.303,2.5026,-15.9404,0.318,-0.2710,10.9111,84.543,6.236,-1.0230,232.763,0.7526,0.0031,0.0129,4.1654,1,6.4465,6.6967,nan,6.5969,6.6102,0.2618,-0.1041,1.3771,0.0400,0.0143,-0.1367,31.2323,0.0047,1.6566,0.1044
55.550,228.740,2.2164,-4.7866,80.755,2.2179,-4.6560,81.935,0.1291,0.0195,0.1306,1.180,2.6349,-15.9704,1.013,-0.2169,11.3200,80.922,6.297,-0.9925,233.189,0.7489,0.0148,0.0207,1.4016,1,6.5078,6.6386,nan,6.5889,6.5949,0.2612,-0.1022,1.3683,0.0224,-0.0027,-0.1462,31.5317,0.0021,1.2656,0.1044
55.600,228.999,2.2619,-4.5321,78.410,2.2606,-4.3934,80.614,0.1356,0.0291,0.1387,2.204,2.8572,-15.9973,2.156,-0.1596,11.6181,78.458,6.305,-0.9748,233.453,0.7602,0.0062,0.0350,5.6226,1,6.5774,6.7177,nan,6.4419,6.3599,0.2519,-0.1000,1.3652,0.0228,-0.0042,-0.1513,31.7313,-0.0290,0.4200,0.1044
55.650,229.256,2.3174,-4.2808,76.118,2.3124,-4.1326,78.443,0.1427,0.0404,0.1483,2.325,2.9320,-16.0073,2.537,-0.0934,11.8905,75.906,6.252,-0.9625,233.710,0.7623,0.0014,0.0495,35.0709,1,6.5965,6.7009,nan,6.3003,6.3176,0.2502,-0.0995,1.3530,0.0291,0.0224,-0.1576,32.1304,0.0064,-1.6043,0.1044
55.700,229.579,2.4012,-3.9685,73.243,2.3951,-3.8723,74.983,0.0903,0.0336,0.0964,1.740,2.7729,-16.0634,1.759,-0.0034,12.1970,73.224,6.194,-1.0141,234.033,0.7540,0.0019,0.0331,17.2615,1,6.2427,6.0655,nan,6.2074,6.4030,0.2536,-0.1110,1.3432,0.0274,0.0187,-0.1643,32.3300,0.0800,-1.5391,0.1044
55.750,229.988,2.5304,-3.5810,69.224,2.5093,-3.5709,71.336,0.0020,0.0233,0.0234,2.111,2.8273,-16.1356,2.038,0.1290,12.5681,69.297,6.182,-1.0539,234.447,0.7425,0.0290,0.0234,0.8057,1,6.2599,6.3522,nan,6.0167,6.0551,0.2398,-0.1104,1.3432,-0.0001,-0.0005,-0.1766,32.6293,0.0149,-0.3580,0.1044
55.800,230.257,2.6303,-3.3310,66.595,2.5932,-3.4011,68.579,-0.0791,0.0062,0.0793,1.984,2.8269,-16.2029,2.068,0.2284,12.8019,66.511,6.068,-0.9378,234.710,0.7344,0.0184,0.0139,0.7532,1,6.2700,6.3586,nan,5.8721,5.8019,0.2298,-0.0813,1.3432,-0.0333,-0.0161,-0.1822,32.9287,-0.0273,-2.9064,0.1044
55.850,230.526,2.7406,-3.0853,64.664,2.6840,-3.2081,65.914,-0.1352,-0.0014,0.1352,1.249,2.7183,-16.2136,1.566,0.3213,13.0016,64.347,5.920,-0.6340,234.969,0.7274,0.0086,0.0245,2.8443,1,6.0433,6.0099,nan,5.8240,5.8795,0.2329,-0.0676,1.3432,-0.0554,-0.0223,-0.1873,33.0285,0.0224,-3.3118,0.1044
55.900,230.913,2.9124,-2.7387,63.136,2.8054,-2.9677,64.470,-0.2526,-0.0080,0.2528,1.334,2.6679,-16.2180,1.305,0.4392,13.2437,63.164,5.845,-0.7037,235.350,0.7373,0.0255,0.0239,0.9373,1,5.7744,5.7110,nan,5.6796,5.8319,0.2310,-0.0816,1.3432,-0.0634,0.0129,-0.1958,33.3278,0.0643,-2.0991,0.1044
55.950,231.162,3.0312,-2.5206,60.317,3.0024,-2.5831,61.774,-0.0686,-0.0059,0.0688,1.456,2.7215,-16.2157,1.524,0.6435,13.6202,60.249,5.751,-0.6869,235.597,0.7265,0.0113,0.0042,0.3724,1,5.6707,5.7003,nan,5.6345,5.8185,0.2304,-0.0682,1.3432,-0.0708,0.0305,-0.2063,33.6272,0.0800,-2.0300,0.1044
56.000,231.408,3.1554,-2.3078,58.809,3.1144,-2.3859,60.319,-0.0880,-0.0054,0.0882,1.510,2.7375,-16.2136,1.589,0.7602,13.8120,58.731,5.710,-0.5699,235.842,0.7220,0.0053,0.0071,1.3531,1,5.7392,5.8438,nan,5.7575,5.7711,0.2286,-0.0577,1.3422,-0.0602,0.0598,-0.1952,33.9265,0.0055,-1.0581,0.1044
56.050,231.664,3.2901,-2.0899,57.500,3.2347,-2.1827,59.204,-0.1080,-0.0031,0.1080,1.704,2.7861,-16.2167,1.790,0.8867,14.0132,57.414,5.661,-0.4552,236.096,0.7209,0.0017,0.0159,9.2103,1,5.7179,5.7775,nan,5.5293,5.3860,0.2133,-0.0504,1.2802,-0.0388,0.0858,-0.1153,34.2258,-0.0580,-0.8943,0.1044
56.100,231.904,3.4205,-1.8886,56.428,3.3470,-1.9916,58.690,-0.1264,0.0043,0.1265,2.263,2.9008,-16.2146,2.254,1.0053,14.1945,56.436,5.506,-0.4077,236.325,0.7220,0.0011,0.0306,28.1438,1,5.5443,5.5427,nan,5.1616,5.3112,0.2103,-0.0415,1.2399,-0.0118,0.0913,-0.0568,34.4254,0.0800,-4.4791,0.1044
56.150,232.267,3.6240,-1.5885,55.108,3.5612,-1.6608,56.868,-0.0952,0.0101,0.0957,1.760,2.7924,-16.2104,1.810,1.2279,14.5181,55.058,5.333,-0.2971,236.675,0.7162,0.0088,0.0153,1.7302,1,5.3568,5.3503,nan,4.7961,4.8461,0.1919,-0.0110,1.1598,0.0262,0.0837,0.0536,34.8246,0.0245,-2.8050,0.1044
56.200,232.490,3.7526,-1.4052,54.853,3.6662,-1.5063,55.931,-0.1324,0.0125,0.1330,1.079,2.6541,-16.1962,1.245,1.3311,14.6644,54.686,5.099,-0.0492,236.882,0.7217,0.0032,0.0193,6.0470,1,5.1832,5.1817,nan,4.5616,4.5653,0.1808,0.0303,1.1421,0.0307,0.0622,0.0750,34.9243,0.0019,-1.7877,0.1044
56.250,232.699,3.8722,-1.2344,55.348,3.7853,-1.3290,56.027,-0.1273,0.0177,0.1285,0.679,2.6685,-16.1970,1.301,1.4540,14.8387,54.726,4.844,0.2869,237.073,0.7203,0.0002,0.0273,147.7004,1,4.8324,4.6930,nan,4.3372,4.3970,0.1741,0.0815,1.0831,0.0412,0.0304,0.1609,35.2237,0.0325,-6.4560,0.1044
56.300,232.939,4.0065,-1.0358,57.008,3.8999,-1.1523,58.058,-0.1558,0.0260,0.1580,1.049,2.6485,-16.1764,1.164,1.5563,14.9956,56.894,4.575,0.6564,237.295,0.7325,0.0006,0.0413,68.6308,1,4.5145,4.4260,nan,4.2298,4.2881,0.1698,0.0939,1.0702,0.0561,0.0516,0.1903,35.3235,0.0800,-6.7903,0.1044
56.350,233.245,4.1686,-0.7754,59.605,4.0700,-0.8653,60.538,-0.1274,0.0395,0.1334,0.933,2.5706,-16.1573,0.834,1.7220,15.2686,59.703,4.328,0.7193,237.587,0.7340,0.0236,0.0437,1.8565,1,4.4027,4.4195,nan,3.9236,3.9170,0.1551,0.1488,1.0702,0.0717,0.0422,0.2762,35.6228,-0.0038,-5.0814,0.1044
56.400,233.422,4.2557,-0.6218,61.863,4.1720,-0.7228,61.201,-0.1285,0.0262,0.1311,-0.662,2.1637,-16.1131,-0.766,1.8024,15.4158,61.967,4.098,0.9810,237.750,0.7377,0.0110,0.0287,2.6146,1,4.2342,4.2361,nan,3.7359,3.6788,0.1457,0.2124,1.0702,0.0756,0.0134,0.3333,35.8224,-0.0330,-6.6841,0.1044
56.450,233.593,4.3333,-0.4698,64.870,4.2485,-0.5828,63.470,-0.1383,0.0288,0.1413,-1.400,2.0601,-16.0846,-1.196,1.8644,15.5440,64.666,3.853,1.3287,237.908,0.7436,0.0076,0.0446,5.8962,1,3.9265,3.8631,nan,3.5611,3.5693,0.1414,0.2790,1.0505,0.0518,-0.0212,0.3947,36.0220,0.0047,-6.7314,0.1044
56.500,233.757,4.3993,-0.3190,68.715,4.3224,-0.4259,67.118,-0.1276,0.0329,0.1317,-1.598,2.1025,-16.0731,-1.081,1.9243,15.6863,68.199,3.645,1.6297,238.064,0.7464,0.0080,0.0542,6.7375,1,3.7192,3.7078,nan,3.4791,3.5501,0.1406,0.3104,0.9950,0.0475,-0.0226,0.4530,36.2215,0.0411,-6.0758,0.1044
56.550,234.005,4.4766,-0.0836,75.729,4.4287,-0.1680,73.415,-0.0936,0.0256,0.0971,-2.314,1.8923,-16.0050,-1.967,1.9913,15.9147,75.383,3.428,1.8045,238.306,0.7539,0.0317,0.0254,0.7999,1,3.5761,3.5813,nan,3.3357,3.3728,0.1336,0.3352,0.9568,0.0438,-0.0145,0.5199,36.4211,0.0214,-3.9920,0.1031
56.600,234.147,4.5072,0.0550,80.010,4.4720,-0.0094,77.716,-0.0695,0.0235,0.0734,-2.294,1.7527,-15.9706,-2.501,2.0201,16.0646,80.217,3.336,1.7346,238.446,0.7592,0.0173,0.0222,1.2882,1,3.5058,3.5237,nan,3.2684,3.2465,0.1286,0.3277,0.9379,0.0447,-0.0240,0.5942,36.6207,-0.0127,-3.4999,0.1031
56.650,234.291,4.5275,0.1978,84.286,4.5016,0.1429,82.164,-0.0572,0.0203,0.0607,-2.122,1.8016,-15.9644,-2.357,2.0354,16.2046,84.520,3.229,1.7022,238.587,0.7631,0.0121,0.0283,2.3474,1,3.4139,3.4276,nan,3.2949,3.2380,0.1282,0.3671,0.9134,0.0089,-0.0888,0.6553,36.8202,-0.0330,-3.3729,0.1031
56.700,234.422,4.5363,0.3282,88.536,4.5161,0.2743,86.307,-0.0544,0.0189,0.0575,-2.229,1.9018,-15.9587,-2.019,2.0409,16.3151,88.326,3.159,1.8208,238.718,0.7599,0.0175,0.0444,2.5409,1,3.1563,3.1172,nan,3.3516,3.4662,0.1373,0.4161,0.8556,-0.0057,-0.0696,0.6273,36.9200,0.0663,-2.8289,0.1031
56.750,234.655,4.5267,0.5615,96.925,4.5049,0.6290,95.285,0.0697,0.0135,0.0710,-1.640,2.0161,-15.9612,-1.629,2.0162,16.6543,96.914,3.258,2.0307,238.967,0.8121,0.0271,0.0327,1.2079,1,3.0616,3.0720,nan,3.4884,3.5927,0.1423,0.3971,0.8633,-0.0217,-0.0799,0.5454,37.1196,0.0800,-1.5423,0.1031
56.800,234.797,4.5042,0.7011,101.960,4.4787,0.6717,100.782,-0.0235,0.0311,0.0389,-1.178,2.1505,-16.0076,-1.143,1.9950,16.7224,101.925,3.319,1.9529,239.117,0.7840,0.0197,0.0353,1.7912,1,3.3302,3.5062,nan,3.6422,3.6785,0.1457,0.3264,0.9738,-0.0337,-0.0510,0.4726,37.3191,0.0210,1.0838,0.1031
56.850,234.946,4.4683,0.8455,106.268,4.4373,0.8404,105.661,0.0038,0.0312,0.0315,-0.607,2.1221,-15.9876,-1.229,1.9538,16.8737,106.890,3.438,1.3929,239.276,0.7914,0.0125,0.0303,2.4246,1,3.4906,3.5663,nan,3.8079,3.8202,0.1513,0.2232,1.0571,-0.0214,-0.0331,0.4050,37.5187,0.0071,3.1302,0.1031
56.900,235.176,4.3954,1.0641,110.957,4.3662,1.0618,109.155,0.0083,0.0281,0.0293,-1.802,2.0225,-15.9665,-1.561,1.8790,17.0858,110.715,3.654,1.3449,239.522,0.7909,0.0165,0.0268,1.6246,1,3.5480,3.5883,nan,3.9825,4.0570,0.1607,0.2359,1.1131,-0.0415,-0.0704,0.3391,37.7183,0.0432,4.0318,0.1031
56.950,235.347,4.3297,1.2224,114.554,4.2800,1.2655,114.012,0.0598,0.0273,0.0658,-0.543,2.2759,-15.9948,-0.699,1.7935,17.2834,114.710,3.784,1.3476,239.703,0.8233,0.0127,0.0096,0.7557,1,3.6524,3.7070,nan,4.1655,4.2750,0.1693,0.2184,1.1881,-0.0568,-0.0817,0.2739,37.9179,0.0631,3.3673,0.1031
57.000,235.522,4.2532,1.3789,117.935,4.1922,1.4424,117.445,0.0847,0.0242,0.0881,-0.490,2.3225,-15.9944,-0.538,1.7059,17.4536,117.983,3.940,1.2454,239.890,0.8387,0.0110,0.0082,0.7423,1,3.8613,3.9743,nan,4.3460,4.4144,0.1748,0.1365,1.3009,-0.0591,-0.0496,0.2130,38.1174,0.0372,4.2141,0.1031
57.050,235.707,4.1629,1.5411,120.235,4.1032,1.5969,119.736,0.0783,0.0235,0.0818,-0.498,2.3161,-15.9940,-0.554,1.6169,17.6074,120.290,4.126,0.6243,240.089,0.8344,0.0061,0.0086,1.4109,1,4.0255,4.1098,nan,4.5997,4.7362,0.1876,0.0657,1.3964,-0.0683,-0.0225,0.1535,38.3170,0.0715,4.1885,0.1031
57.100,235.894,4.0672,1.7015,121.375,4.0060,1.7658,120.565,0.0868,0.0188,0.0888,-0.811,2.2341,-15.9883,-0.834,1.5134,17.7781,121.398,4.342,0.4824,240.291,0.8454,0.0067,0.0046,0.6872,1,4.1062,4.1598,nan,4.7589,4.8555,0.1923,0.0755,1.4058,-0.0856,-0.0553,0.0928,38.5165,0.0800,5.5426,0.1031
57.150,236.176,3.9169,1.9397,123.266,3.8616,1.9942,122.244,0.0759,0.0163,0.0777,-1.022,2.2090,-15.9976,-0.926,1.3618,18.0162,123.170,4.603,0.5497,240.592,0.8466,0.0101,0.0070,0.6904,1,4.3626,4.5676,nan,4.9850,5.1250,0.2030,0.0765,1.3911,-0.1101,-0.0622,-0.0026,38.8159,0.0800,4.6635,0.1031
57.200,236.401,3.7910,2.1268,124.792,3.7257,2.1960,124.040,0.0941,0.0141,0.0951,-0.753,2.2845,-16.0115,-0.695,1.2204,18.2237,124.735,4.774,0.4679,240.832,0.8688,0.0127,0.0103,0.8163,1,4.6150,4.8359,nan,5.1282,5.2323,0.2072,0.0469,1.2523,-0.1170,-0.0188,-0.0727,39.1153,0.0483,4.5392,0.1031
57.250,236.600,3.6766,2.2890,125.637,3.5888,2.3941,124.961,0.1366,0.0101,0.1370,-0.676,2.2226,-16.0066,-0.886,1.0816,18.4196,125.847,4.891,0.2909,241.039,0.9047,0.0111,0.0121,1.0857,1,4.8845,5.1980,nan,4.8088,4.7513,0.1882,0.0234,1.1757,-0.1117,0.0233,-0.0988,39.3148,-0.0273,3.8388,0.1031
57.300,236.927,3.4844,2.5535,126.370,3.3838,2.6862,125.275,0.1665,0.0023,0.1665,-1.096,2.1569,-15.9935,-1.072,0.8772,18.6994,126.347,4.731,0.2020,241.356,0.9222,0.0162,0.0248,1.5256,1,5.0505,5.1915,nan,4.5622,4.6473,0.1841,0.0278,1.0724,-0.1057,0.0571,-0.1314,39.6142,0.0443,-2.0084,0.1031
57.350,237.147,3.3530,2.7303,126.928,3.2971,2.8111,125.559,0.0982,-0.0038,0.0982,-1.369,2.0704,-16.0011,-1.377,0.7741,18.8362,126.936,4.645,0.2499,241.571,0.8800,0.0223,0.0238,1.0669,1,4.6883,4.5435,nan,4.2830,4.4183,0.1750,0.0594,1.0087,-0.0920,0.0810,-0.1415,39.8138,0.0800,-2.1991,0.1031
57.400,237.339,3.2366,2.8831,127.890,3.2067,2.9528,125.618,0.0733,-0.0192,0.0758,-2.272,1.7861,-16.0061,-2.334,0.6472,19.0010,127.952,4.512,0.4163,241.754,0.8944,0.0199,0.0087,0.4366,1,4.4190,4.3704,nan,4.1403,4.1204,0.1632,0.0623,0.9457,-0.0825,0.1059,-0.0251,40.0133,0.0800,-3.9889,0.1031
57.450,237.541,3.1112,3.0415,129.001,3.1021,3.0896,127.302,0.0432,-0.0232,0.0490,-1.700,1.9984,-16.0313,-1.715,0.5309,19.1454,129.017,4.294,0.4219,241.942,0.8805,0.0145,0.0043,0.2961,1,4.3244,4.3446,nan,3.8611,3.9791,0.1576,0.0931,0.9131,-0.0742,0.1202,0.0413,40.1131,0.0683,-3.8568,0.1031
57.500,237.713,3.0016,3.1743,130.385,3.0208,3.1805,129.496,-0.0077,-0.0186,0.0202,-0.889,2.4082,-16.0673,-0.507,0.4422,19.2525,130.003,4.125,0.5945,242.104,0.8512,0.0115,0.0029,0.2566,1,4.1732,4.1806,nan,3.5960,3.5957,0.1424,0.0926,0.8554,-0.0428,0.1339,0.1598,40.3127,-0.0002,-4.2070,0.1031
57.550,237.997,2.8135,3.3873,132.701,2.8589,3.3623,132.250,-0.0492,-0.0164,0.0519,-0.450,2.4267,-16.0770,-0.477,0.2704,19.4422,132.727,3.711,0.3751,242.364,0.8275,0.0610,0.0339,0.5567,1,3.9490,3.9313,nan,3.3490,3.2807,0.1299,0.0560,0.8432,0.0017,0.1548,0.2797,40.5122,-0.0395,-5.1746,0.1031
57.600,238.113,2.7348,3.4717,133.276,2.7715,3.4508,133.346,-0.0404,-0.0124,0.0423,0.070,2.5449,-16.0880,-0.141,0.1786,19.5393,133.487,3.521,0.3029,242.469,0.8443,0.0140,0.0052,0.3696,1,3.6060,3.5027,nan,3.3490,3.4505,0.1367,0.0809,0.8000,0.0240,0.1474,0.3428,40.6120,0.0800,-4.7705,0.1031
57.650,238.294,2.6094,3.6022,134.559,2.6769,3.5422,134.445,-0.0901,-0.0060,0.0903,-0.115,2.6081,-16.0985,0.032,0.0796,19.6407,134.413,3.433,0.4593,242.646,0.8092,0.0140,0.0143,1.0192,1,3.2751,3.1785,nan,3.2319,3.1521,0.1248,0.0886,0.8000,0.0398,0.1126,0.4019,40.7118,0.0800,-4.6854,0.1031
57.700,238.451,2.4984,3.7128,135.797,2.5577,3.6450,136.343,-0.0898,0.0073,0.0901,0.546,2.7799,-16.1055,0.548,-0.0332,19.7517,135.794,3.247,0.5157,242.793,0.8111,0.0133,0.0215,1.6177,1,3.3703,3.4189,nan,3.0110,3.0296,0.1200,0.2658,0.8000,0.0676,0.0606,0.5228,40.9114,0.0108,-5.5183,0.1031
57.750,238.655,2.3477,3.8513,140.171,2.3705,3.8156,140.032,-0.0404,0.0128,0.0423,-0.139,2.6459,-16.1297,0.069,-0.2512,19.9456,139.963,2.936,1.5556,242.985,0.8939,0.0361,0.0349,0.9661,1,3.2003,3.1951,nan,2.8032,2.7551,0.1091,0.3488,0.8000,0.0876,-0.0190,0.6507,41.1110,-0.0278,-4.8702,0.1031
57.800,238.786,2.2447,3.9317,144.285,2.3477,3.8228,144.470,-0.1472,0.0283,0.1499,0.185,2.6459,-16.1297,0.069,-0.2740,19.9529,144.401,2.756,1.5514,243.110,0.7929,0.0327,0.0390,1.1919,1,2.9591,2.9259,nan,2.5173,2.4039,0.0952,0.4840,0.8000,0.0849,-0.0411,0.7861,41.3105,-0.0656,-5.6024,0.1031
57.850,238.896,2.1532,3.9933,148.282,2.2519,3.8844,147.470,-0.1412,0.0407,0.1469,-0.811,2.4857,-16.1270,-0.364,-0.3608,20.0095,147.834,2.562,1.4734,243.213,0.7869,0.0203,0.0391,1.9225,1,2.7061,2.6636,nan,2.7027,2.7334,0.1083,0.3608,0.8000,0.1192,0.0504,0.7861,41.3105,0.0800,-7.4389,0.1031
57.900,239.005,2.0591,4.0477,151.823,2.1394,3.9577,151.452,-0.1132,0.0414,0.1206,-0.372,2.4983,-16.1005,-0.253,-0.4476,20.0565,151.705,2.601,1.4823,243.325,0.7775,0.0129,0.0414,3.2128,1,2.5897,2.5920,nan,2.5173,2.6357,0.1044,0.5211,0.8000,0.1276,0.0395,0.8554,41.4103,0.0800,1.5519,0.1031
57.950,239.182,1.8983,4.1224,159.079,1.9738,4.0491,158.370,-0.0968,0.0415,0.1053,-0.709,2.5123,-16.0783,-0.175,-0.5999,20.1256,158.545,2.437,1.9710,243.501,0.7676,0.0392,0.0381,0.9704,1,2.6377,2.6675,nan,2.4208,2.4310,0.0963,0.6018,0.8000,0.1122,-0.0742,1.0246,41.6099,0.0059,-0.7434,0.1031
58.000,239.284,1.8013,4.1550,164.192,1.8517,4.0973,163.317,-0.0643,0.0418,0.0766,-0.875,2.3033,-16.0792,-0.783,-0.7274,20.1685,164.101,2.331,2.1663,243.604,0.7998,0.0335,0.0307,0.9152,1,2.5599,2.5690,nan,2.4111,2.3164,0.0917,0.6363,0.8000,0.0954,-0.1581,1.1945,41.8094,-0.0548,-3.7551,0.1031
58.050,239.382,1.7062,4.1773,169.687,1.7464,4.1320,168.743,-0.0477,0.0373,0.0606,-0.944,2.3561,-16.0631,-0.598,-0.8204,20.1877,169.341,2.232,2.2904,243.702,0.7968,0.0208,0.0212,1.0184,1,2.4023,2.3933,nan,2.4178,2.4296,0.0962,0.7152,0.8000,0.0792,-0.1712,1.1987,41.9092,0.0068,-3.9204,0.1031
58.100,239.482,1.6072,4.1902,175.859,1.6355,4.1541,175.037,-0.0308,0.0339,0.0458,-0.822,2.2675,-16.0539,-0.833,-0.9257,20.1967,175.870,2.206,2.4660,243.809,0.8016,0.0132,0.0197,1.4849,1,2.4010,2.4200,nan,2.4138,2.4236,0.0960,0.7159,0.8000,0.0469,-0.1620,1.1975,42.0090,0.0057,-1.3410,0.1031
58.150,239.633,1.4564,4.1884,-174.104,1.4734,4.1610,-175.026,-0.0141,0.0290,0.0323,-0.922,2.2840,-16.0407,-0.764,-1.0800,20.1891,-174.261,2.173,2.5870,243.972,0.8031,0.0517,0.0445,0.8618,1,2.3645,2.3783,nan,2.4042,2.4343,0.0964,0.7360,0.8000,0.0231,-0.1546,1.2004,42.1088,0.0175,-1.5058,0.1031
58.200,239.724,1.3666,4.1744,-167.879,1.3697,4.1467,-168.388,0.0028,0.0278,0.0279,-0.509,2.2328,-16.0379,-0.929,-1.1903,20.1679,-167.459,2.163,2.5793,244.071,0.8205,0.0330,0.0346,1.0491,1,2.3329,2.3470,nan,2.4112,2.4706,0.0978,0.7541,0.8000,-0.0076,-0.1368,1.2014,42.2086,0.0344,-1.3911,0.1031
58.250,239.828,1.2666,4.1465,-160.602,1.2540,4.1138,-161.370,0.0228,0.0267,0.0351,-0.768,2.1629,-16.0371,-1.152,-1.3141,20.1285,-160.217,2.166,2.6575,244.187,0.8402,0.0281,0.0397,1.4115,1,2.3314,2.3498,nan,2.4015,2.4548,0.0972,0.7550,0.8000,-0.0256,-0.1351,1.2048,42.3083,0.0309,-1.1713,0.1031
58.300,239.918,1.1827,4.1118,-154.190,1.1902,4.0822,-154.908,0.0061,0.0299,0.0305,-0.718,2.2888,-16.0279,-0.826,-1.3885,20.0922,-154.081,2.162,2.6526,244.287,0.8307,0.0129,0.0202,1.5644,1,2.3596,2.3831,nan,2.4022,2.4346,0.0964,0.7388,0.8000,-0.0455,-0.2355,1.2038,42.5079,0.0187,-1.2031,0.1031
58.350,240.024,1.0905,4.0599,-146.819,1.0988,4.0249,-147.591,0.0122,0.0338,0.0360,-0.772,2.3191,-16.0276,-0.746,-1.4814,20.0349,-146.845,2.166,2.6393,244.404,0.8299,0.0124,0.0212,1.7162,1,2.3058,2.3164,nan,2.4960,2.6258,0.1040,0.7701,0.8000,-0.0583,-0.2160,1.2130,42.6077,0.0800,-1.1399,0.1031
58.400,240.161,0.9824,3.9759,-137.024,0.9626,3.9131,-137.868,0.0573,0.0324,0.0658,-0.844,2.3110,-15.9962,-0.895,-1.6591,19.8859,-136.973,2.264,2.7731,244.564,0.8836,0.0315,0.0442,1.4055,1,2.3410,2.3655,nan,2.5997,2.7081,0.1073,0.7494,0.8000,-0.0760,-0.1965,1.0576,42.7075,0.0628,0.2303,0.1031
58.450,240.264,0.9113,3.9014,-129.851,0.9338,3.8681,-130.669,0.0112,0.0386,0.0402,-0.818,2.4182,-15.9945,-0.574,-1.6835,19.8467,-130.094,2.319,2.5314,244.682,0.8448,0.0203,0.0076,0.3770,1,2.5066,2.5725,nan,2.5997,2.4673,0.0977,0.6539,0.8000,-0.0733,-0.1504,0.9550,42.8073,-0.0767,0.2779,0.1031
58.500,240.417,0.8227,3.7765,-120.833,0.8412,3.7314,-121.407,0.0293,0.0390,0.0488,-0.574,2.4460,-15.9868,-0.500,-1.7769,19.7034,-120.907,2.366,2.3245,244.847,0.8456,0.0450,0.0344,0.7639,1,2.6183,2.6645,nan,2.8239,2.7585,0.1092,0.6102,0.8000,-0.0896,-0.1113,0.8308,42.9071,-0.0379,0.7644,0.1031
58.550,240.528,0.7710,3.6788,-114.635,0.7836,3.6224,-115.099,0.0460,0.0349,0.0578,-0.465,2.3990,-15.9859,-0.636,-1.8329,19.5891,-114.464,2.444,2.3337,244.970,0.8467,0.0379,0.0297,0.7836,1,2.5018,2.5039,nan,2.9464,3.0454,0.1206,0.5766,0.8000,-0.0985,-0.0879,0.7512,43.0068,0.0573,1.1903,0.1022
58.600,240.636,0.7303,3.5781,-108.813,0.7448,3.5207,-109.893,0.0497,0.0323,0.0592,-1.080,2.3057,-16.0000,-0.904,-1.8687,19.4936,-108.989,2.597,2.3158,245.097,0.8428,0.0253,0.0108,0.4271,1,2.6274,2.6788,nan,3.0695,3.1488,0.1247,0.4387,0.8000,-0.1047,-0.0416,0.6251,43.1066,0.0459,4.2301,0.1022
58.650,240.755,0.6967,3.4640,-103.947,0.7022,3.3882,-104.604,0.0722,0.0236,0.0760,-0.657,2.2585,-15.9998,-1.037,-1.9068,19.3567,-103.567,2.792,1.7721,245.231,0.8433,0.0172,0.0180,1.0455,1,2.7716,2.8311,nan,3.3276,3.4455,0.1365,0.3409,0.8316,-0.1161,-0.0345,0.4226,43.3062,0.0682,4.6881,0.1022
58.700,240.875,0.6715,3.3474,-100.208,0.6732,3.2465,-100.584,0.0990,0.0195,0.1009,-0.376,2.2989,-15.9928,-0.927,-1.9366,19.2105,-99.658,3.003,1.6102,245.366,0.8435,0.0226,0.0250,1.1057,1,2.9843,3.0848,nan,3.5636,3.6824,0.1458,0.3006,0.9239,-0.1310,-0.0245,0.3635,0.0000,0.0688,5.6297,0.1022
58.750,241.095,0.6433,3.1291,-94.696,0.6465,3.0325,-94.800,0.0960,0.0111,0.0966,-0.104,2.5251,-15.9645,-0.252,-1.9622,18.9886,-94.548,3.365,0.9818,245.612,0.8405,0.0193,0.0172,0.8922,1,3.0563,3.0956,nan,3.6747,3.7930,0.1502,0.1874,1.0495,-0.1337,-0.0152,0.1809,0.1996,0.0800,3.5979,0.1022
58.800,241.261,0.6334,2.9633,-91.955,0.6398,2.8336,-91.726,0.1294,0.0108,0.1299,0.229,2.6388,-15.9484,0.084,-1.9715,18.7849,-91.810,3.538,0.9134,245.789,0.8361,0.0177,0.0144,0.8165,1,3.3591,3.6632,nan,3.9848,4.0892,0.1619,0.1342,1.2337,-0.1409,-0.0068,0.0721,0.3991,0.0800,4.7419,0.1022
58.850,241.418,0.6306,2.8063,-90.072,0.6375,2.6754,-90.134,0.1309,0.0071,0.1311,-0.061,2.5213,-15.9620,-0.273,-1.9725,18.6283,-89.861,3.744,0.7056,245.959,0.8343,0.0191,0.0077,0.4004,1,3.4417,3.4875,nan,4.0816,4.1658,0.1650,0.0771,1.2862,-0.1318,0.0288,0.0452,0.5987,0.0800,5.5049,0.1022
58.900,241.575,0.6321,2.6494,-88.940,0.6373,2.5225,-89.115,0.1270,0.0029,0.1270,-0.175,2.4782,-15.9604,-0.401,-1.9701,18.4696,-88.714,3.890,0.4604,246.125,0.8333,0.0222,0.0219,0.9882,1,3.6274,3.7188,nan,4.2668,4.3479,0.1722,0.0537,1.3692,-0.1308,0.0365,0.0298,0.7983,0.0800,4.2540,0.1022
58.950,241.857,0.6407,2.3676,-87.691,0.6490,2.2044,-87.343,0.1634,0.0017,0.1634,0.348,2.7053,-15.9329,0.306,-1.9593,18.1481,-87.649,4.165,0.2432,246.424,0.8290,0.0174,0.0070,0.4021,1,3.8746,4.0303,nan,4.4420,4.5743,0.1812,0.0377,1.4695,-0.1303,0.0333,0.0226,0.9978,0.0718,2.5777,0.1022
59.000,242.052,0.6496,2.1726,-87.040,0.6555,2.0180,-87.148,0.1547,-0.0021,0.1547,-0.108,2.5744,-15.9353,-0.099,-1.9499,17.9500,-87.049,4.307,0.1972,246.629,0.8284,0.0176,0.0089,0.5069,1,4.0501,4.1411,nan,4.6888,4.7934,0.1898,0.0222,1.5216,-0.1213,0.0397,0.0097,1.1974,0.0800,3.9711,0.1022
59.050,242.223,0.6591,2.0017,-86.708,0.6668,1.8312,-86.784,0.1707,-0.0021,0.1707,-0.076,2.5613,-15.9513,-0.146,-1.9399,17.7776,-86.638,4.455,0.1495,246.811,0.8279,0.0202,0.0077,0.3822,1,4.3018,4.4956,nan,4.9193,5.0577,0.2003,0.0204,1.5216,-0.1161,0.0405,-0.0117,1.4968,0.0800,4.7386,0.1022
59.100,242.437,0.6721,1.7876,-86.330,0.6825,1.6078,-86.277,0.1801,-0.0012,0.1801,0.053,2.6191,-15.9283,0.038,-1.9250,17.5374,-86.315,4.657,0.1129,247.041,0.8257,0.0193,0.0075,0.3901,1,4.5589,4.7836,nan,5.0651,5.1634,0.2045,0.0075,1.5216,-0.1047,0.0466,-0.0133,1.6963,0.0461,2.9323,0.1022
59.150,242.661,0.6868,1.5650,-86.173,0.6949,1.3803,-85.968,0.1848,-0.0043,0.1849,0.205,2.6633,-15.9301,0.192,-1.9104,17.3169,-86.160,4.820,0.0046,247.337,0.8258,0.0180,0.0068,0.3799,1,4.6371,4.7065,nan,5.2053,5.3555,0.2121,-0.0070,1.5225,-0.0902,0.0576,-0.0110,1.9957,0.0694,4.2440,0.1022
59.200,242.987,0.7084,1.2396,-86.361,0.7134,1.0386,-86.593,0.2009,-0.0077,0.2010,-0.232,2.5280,-15.9502,-0.249,-1.8883,16.9808,-86.344,5.045,-0.0932,247.622,0.8255,0.0157,0.0099,0.6258,1,4.8180,4.9574,nan,5.4062,5.5745,0.2208,-0.0128,1.5225,-0.0791,0.0561,-0.0141,2.1953,0.0752,4.5365,0.1022
59.250,243.212,0.7224,1.0143,-86.613,0.7300,0.7879,-86.947,0.2264,-0.0058,0.2265,-0.334,2.5071,-15.9511,-0.329,-1.8731,16.7285,-86.618,5.206,-0.0533,247.862,0.8252,0.0143,0.0094,0.6570,1,5.0890,5.4434,nan,5.6585,5.8184,0.2304,-0.0041,1.5241,-0.0716,0.0427,-0.0150,2.5944,0.0680,4.3741,0.1022
59.300,243.429,0.7352,0.7976,-86.692,0.7423,0.5901,-87.023,0.2076,-0.0049,0.2076,-0.332,2.5138,-15.9270,-0.308,-1.8603,16.5073,-86.715,5.366,-0.0333,248.094,0.8255,0.0131,0.0133,1.0146,1,5.2934,5.4961,nan,5.8376,5.9809,0.2369,-0.0119,1.5241,-0.0582,0.0425,-0.0116,2.7940,0.0587,4.8012,0.1022
59.350,243.809,0.7561,0.4185,-87.182,0.7644,0.1902,-87.408,0.2284,-0.0029,0.2284,-0.227,2.5121,-15.8882,-0.317,-1.8368,16.0685,-87.091,5.628,-0.1909,248.499,0.8283,0.0129,0.0085,0.6549,1,5.3535,5.4393,nan,5.9527,6.1417,0.2432,-0.0224,1.5241,-0.0432,0.0468,-0.0117,3.0933,0.0767,3.1256,0.1022
59.400,244.071,0.7681,0.1567,-87.690,0.7732,-0.0684,-87.737,0.2251,-0.0040,0.2251,-0.048,2.5894,-15.8628,-0.033,-1.8253,15.7933,-87.704,5.755,-0.1735,248.773,0.8307,0.0129,0.0111,0.8646,1,5.6161,6.0042,nan,6.1193,6.2390,0.2471,-0.0137,1.5241,-0.0343,0.0305,-0.0112,3.3927,0.0465,3.4852,0.1022
59.450,244.333,0.7781,-0.1048,-88.040,0.7842,-0.3028,-88.040,0.1981,-0.0007,0.1981,0.001,2.5969,-15.8539,-0.015,-1.8169,15.5506,-88.024,5.872,-0.1527,249.048,0.8297,0.0123,0.0123,0.9961,1,5.8207,6.0701,nan,6.2793,6.3677,0.2522,-0.0177,1.5241,-0.0260,0.0302,-0.0078,3.5922,0.0332,2.8129,0.1022
59.500,244.570,0.7857,-0.3418,-88.408,0.7926,-0.5817,-87.945,0.2400,0.0003,0.2400,0.463,2.7197,-15.8467,0.444,-1.8086,15.2795,-88.389,5.973,-0.1657,249.296,0.8339,0.0123,0.0072,0.5878,1,5.8807,5.9853,nan,6.4835,6.6860,0.2648,-0.0228,1.5265,-0.0117,0.0290,-0.0113,3.9913,0.0754,3.0904,0.1022
59.550,245.011,0.7951,-0.7823,-89.388,0.8061,-1.1059,-88.667,0.3237,0.0076,0.3238,0.721,2.7858,-15.8399,0.698,-1.7999,14.7570,-89.366,6.247,-0.2892,249.767,0.8517,0.0157,0.0036,0.2262,1,6.0743,6.3278,nan,6.6304,6.8006,0.2693,-0.0300,1.5265,0.0003,0.0309,-0.0094,4.2907,0.0615,2.0575,0.1022
59.600,245.288,0.7968,-1.0599,-90.117,0.8114,-1.4077,-89.219,0.3477,0.0153,0.3481,0.898,2.8412,-15.8829,0.907,-1.8004,14.5056,-90.126,6.362,-0.2724,250.059,0.8476,0.0151,0.0068,0.4487,1,6.2036,6.3793,nan,6.7723,6.9552,0.2755,-0.0221,1.5265,0.0063,0.0164,-0.0132,4.5901,0.0649,3.1916,0.1022
59.650,245.558,0.7954,-1.3298,-90.654,0.8084,-1.7002,-89.957,0.3702,0.0172,0.3706,0.697,2.7862,-15.9226,0.703,-1.8032,14.2456,-90.660,6.485,-0.2209,250.344,0.8468,0.0130,0.0081,0.6220,1,6.3538,6.5614,nan,6.9545,7.1668,0.2838,-0.0215,1.5276,0.0154,0.0112,-0.0071,5.0890,0.0737,2.9791,0.1022
59.700,245.834,0.7913,-1.6055,-91.194,0.8003,-1.9917,-90.233,0.3859,0.0170,0.3863,0.961,2.8354,-15.9292,0.933,-1.8080,13.9687,-91.166,6.629,-0.2246,250.638,0.8477,0.0126,0.0134,1.0643,1,6.4142,6.5408,nan,7.1292,7.2702,0.2879,-0.0143,1.5292,0.0141,0.0034,-0.0105,5.3883,0.0800,4.0416,0.1022
59.750,246.163,0.7834,-1.9341,-91.620,0.7952,-2.3676,-90.519,0.4330,0.0241,0.4337,1.101,2.8738,-15.9515,1.100,-1.8175,13.6212,-91.618,6.777,-0.1270,250.986,0.8535,0.0125,0.0161,1.2799,1,6.6509,7.0849,nan,7.2972,7.5192,0.2978,-0.0087,1.5311,0.0104,-0.0006,-0.0066,5.8872,0.0800,2.8387,0.1022
59.800,246.618,0.7692,-2.3895,-91.998,0.7900,-2.8526,-90.586,0.4621,0.0369,0.4635,1.411,2.9412,-15.9186,1.389,-1.8340,13.1143,-91.975,7.029,-0.1163,251.475,0.8693,0.0133,0.0215,1.6213,1,6.8761,7.2939,nan,7.4986,7.7377,0.3064,-0.0164,1.5311,0.0153,0.0060,-0.0053,6.1866,0.0771,4.0820,0.1022
59.850,246.931,0.7575,-2.7018,-92.428,0.7757,-3.2370,-91.612,0.5340,0.0408,0.5355,0.816,2.7804,-15.9488,0.704,-1.8483,12.7355,-92.316,7.166,-0.2095,251.806,0.8933,0.0134,0.0125,0.9319,1,7.1142,7.6363,nan,7.6533,7.8325,0.3102,-0.0224,1.5311,0.0226,0.0096,-0.0038,6.5857,0.0559,3.6921,0.1022
59.900,247.271,0.7418,-3.0416,-93.060,0.7616,-3.5624,-92.381,0.5190,0.0476,0.5212,0.678,2.7761,-15.9700,0.691,-1.8646,12.4310,-93.073,7.296,-0.1220,252.166,0.8818,0.0132,0.0123,0.9354,1,7.2664,7.5468,nan,7.8029,7.9833,0.3162,0.0076,1.5322,0.0044,-0.0159,-0.0043,6.9849,0.0552,3.2594,0.1022
59.950,247.744,0.7171,-3.5140,-92.725,0.7395,-4.0881,-92.089,0.5723,0.0497,0.5745,0.636,2.7704,-15.9898,0.673,-1.8910,11.9248,-92.762,7.476,0.1499,252.667,0.8949,0.0127,0.0138,1.0902,1,7.4189,7.7117,nan,7.9118,8.0624,0.3193,0.0134,1.5342,-0.0036,-0.0180,-0.0033,7.3840,0.0452,3.0808,0.1022
60.000,248.090,0.7014,-3.8598,-92.326,0.7257,-4.4880,-91.584,0.6267,0.0497,0.6287,0.742,2.7790,-15.9996,0.726,-1.9073,11.5367,-92.309,7.570,0.0976,253.029,0.9114,0.0127,0.0171,1.3498,1,7.6189,8.0422,nan,8.0000,8.0695,0.3196,-0.0127,1.5349,0.0039,0.0112,-0.0049,7.8829,0.0203,2.4418,0.1022
60.050,248.425,0.6874,-4.1942,-92.625,0.7120,-4.8053,-92.425,0.6093,0.0526,0.6116,0.200,2.6729,-15.9825,0.197,-1.9224,11.1839,-92.623,7.637,-0.1615,253.377,0.9198,0.0133,0.0078,0.5835,1,7.7491,8.0311,nan,8.0000,7.9728,0.3158,-0.0184,1.5355,0.0080,0.0165,-0.0025,8.1823,-0.0078,1.8322,0.1022
60.100,248.930,0.6619,-4.6986,-92.942,0.6846,-5.1992,-93.263,0.4988,0.0483,0.5011,-0.321,2.6458,-15.9731,0.088,-1.9446,10.7769,-93.351,7.665,0.2072,253.895,0.8811,0.0126,0.0070,0.5551,1,7.7111,7.8104,nan,8.0000,8.0046,0.3170,0.0176,1.5355,-0.0095,-0.0180,-0.0009,8.5814,0.0013,1.2643,0.1022
60.150,249.268,0.6455,-5.0359,-92.410,0.6626,-5.6687,-92.298,0.6315,0.0437,0.6330,0.112,2.6464,-15.9594,0.095,-1.9667,10.2940,-92.393,7.681,0.2213,254.239,0.9427,0.0128,0.0078,0.6114,1,7.8176,8.0646,nan,8.0000,7.9258,0.3139,0.0202,1.5360,-0.0239,-0.0122,-0.0025,8.8808,-0.0212,0.4327,0.1022
60.200,249.598,0.6327,-5.3657,-91.831,0.6540,-5.8807,-91.148,0.5140,0.0377,0.5154,0.683,2.7561,-15.9319,0.731,-1.9737,10.0772,-91.879,7.670,0.2027,254.575,0.8919,0.0125,0.0183,1.4642,1,7.9155,8.1603,nan,8.0000,7.8548,0.3111,-0.0050,1.5360,-0.0137,0.0150,0.0007,9.3797,-0.0411,-0.0833,0.1022
60.250,249.881,0.6237,-5.6488,-91.865,0.6375,-6.2666,-91.318,0.6171,0.0339,0.6180,0.547,2.6212,-15.9404,-0.007,-1.9849,9.6735,-91.311,7.646,-0.0586,254.860,0.9430,0.0122,0.0122,0.9983,1,7.9100,8.0410,nan,8.0000,8.0684,0.3195,-0.0293,1.5359,0.0005,0.0368,-0.0024,9.7788,0.0200,-0.2387,0.1022
60.300,250.280,0.6087,-6.0474,-92.778,0.6249,-6.7356,-92.708,0.6866,0.0495,0.6884,0.070,2.6495,-15.9440,0.111,-2.0069,9.2123,-92.819,7.692,-0.3465,255.272,0.9794,0.0120,0.0113,0.9480,1,7.4550,6.7660,nan,8.0000,8.0514,0.3189,0.0095,1.5359,-0.0201,0.0018,0.0023,9.8786,0.0800,-0.5734,0.1022
60.350,250.812,0.5800,-6.5793,-92.643,0.5933,-7.1570,-93.189,0.5765,0.0400,0.5779,-0.546,2.5977,-15.9184,-0.198,-2.0347,8.7545,-92.991,7.759,0.5474,255.823,0.9433,0.0154,0.0127,0.8223,1,7.6338,8.0027,nan,8.0000,8.2446,0.3265,0.0463,1.5352,-0.0306,-0.0389,-0.0017,10.4773,0.0800,0.7456,0.1022
60.400,251.140,0.5673,-6.9062,-91.304,0.5726,-7.4726,-91.974,0.5662,0.0182,0.5665,-0.670,2.5133,-15.9054,-0.707,-2.0446,8.4081,-91.267,7.811,0.5585,256.161,0.9496,0.0132,0.0131,0.9913,1,7.8074,8.1745,nan,8.0000,8.1464,0.3226,-0.0104,1.5345,-0.0219,0.0294,0.0003,10.8764,0.0434,1.4392,0.1022
60.450,251.499,0.5597,-7.2658,-91.306,0.5631,-7.8270,-91.650,0.5610,0.0162,0.5612,-0.344,2.5532,-15.8810,-0.426,-2.0500,8.0389,-91.223,7.826,-0.2118,256.530,0.9522,0.0119,0.0155,1.3054,1,7.7826,7.8936,nan,8.0000,8.1652,0.3234,-0.0247,1.5345,-0.0195,0.0473,0.0034,11.2756,0.0492,1.0090,0.1022
60.500,251.859,0.5500,-7.6259,-92.064,0.5539,-8.1622,-92.397,0.5358,0.0233,0.5363,-0.332,2.5737,-15.8922,-0.299,-2.0601,7.7193,-92.097,7.831,-0.1321,256.898,0.9341,0.0117,0.0154,1.3184,1,7.9215,8.2308,nan,8.0000,8.0597,0.3192,0.0303,1.5316,-0.0348,-0.0117,0.0047,11.6747,0.0174,0.2141,0.1022
60.550,252.360,0.5352,-8.1264,-90.847,0.5435,-8.5869,-90.733,0.4604,0.0151,0.4606,0.114,2.6543,-15.7769,0.292,-2.0741,7.2006,-91.024,7.836,0.4266,257.410,0.9415,0.0132,0.0129,0.9745,1,7.6349,7.5374,nan,8.0000,8.2457,0.3266,0.0354,1.5305,-0.0366,-0.0171,0.0045,11.9741,0.0800,-0.5784,0.1022
60.600,252.721,0.5322,-8.4877,-89.724,0.5385,-9.0589,-90.085,0.5712,0.0035,0.5713,-0.360,2.5687,-15.8307,-0.377,-2.0748,6.7583,-89.708,7.867,0.3690,257.783,0.9791,0.0120,0.0108,0.9013,1,7.8725,8.5438,nan,7.9452,8.0004,0.3168,-0.0389,1.5305,0.0011,0.0544,0.0054,12.3732,0.0162,0.8635,0.1015
60.650,253.074,0.5333,-8.8406,-90.441,0.5362,-9.3550,-90.739,0.5143,0.0069,0.5144,-0.298,2.5660,-15.8162,-0.381,-2.0727,6.4476,-90.358,7.810,-0.5482,258.136,0.9569,0.0125,0.0154,1.2353,1,8.0102,8.3261,nan,7.5536,7.6695,0.3037,-0.0515,1.5285,0.0170,0.0593,0.0051,12.7723,0.0363,-0.9671,0.1015
60.700,253.392,0.5284,-9.1583,-91.873,0.5291,-9.6668,-91.803,0.5082,0.0173,0.5085,0.070,2.6091,-15.8089,-0.005,-2.0805,6.1419,-91.798,7.696,-0.5712,258.446,0.9537,0.0101,0.0103,1.0218,1,7.7849,7.7548,nan,7.2500,7.3064,0.2894,0.0318,1.5285,-0.0100,-0.0302,0.0082,13.1715,0.0182,-3.2485,0.1015
60.750,253.904,0.5133,-9.6701,-90.690,0.5150,-10.2276,-91.229,0.5574,0.0084,0.5575,-0.540,2.5774,-15.8799,-0.332,-2.0952,5.6402,-90.897,7.322,0.7151,258.924,0.9485,0.0121,0.0099,0.8194,1,7.6369,7.6638,nan,6.8300,6.6798,0.2645,0.0644,1.5285,-0.0246,-0.0587,0.0054,13.5706,-0.0495,-2.4120,0.1015
60.800,254.213,0.5128,-9.9787,-88.907,0.5107,-10.4995,-89.685,0.5207,-0.0121,0.5209,-0.778,2.5298,-15.9031,-0.789,-2.0933,5.3752,-88.897,7.052,0.7098,259.209,0.9266,0.0108,0.0103,0.9547,1,7.2940,7.1159,nan,6.5049,6.3682,0.2522,-0.0639,1.5275,0.0269,0.0724,0.0090,13.8700,-0.0474,-7.5304,0.1015
60.850,254.537,0.5200,-10.3027,-89.238,0.5156,-10.7312,-88.887,0.4284,-0.0101,0.4285,0.351,2.5696,-15.8617,-0.341,-2.0846,5.1182,-88.546,6.735,-0.7262,259.504,0.8982,0.0104,0.0075,0.7134,1,6.8904,6.5775,nan,6.0573,5.8870,0.2332,-0.0812,1.5275,0.0383,0.0860,0.0055,14.1693,-0.0628,-5.2319,0.1015
60.900,254.812,0.5205,-10.5783,-91.204,0.5118,-11.0112,-91.410,0.4330,0.0004,0.4330,-0.206,2.5857,-15.8555,-0.164,-2.0877,4.8384,-91.247,6.398,-0.7686,259.750,0.9031,0.0068,0.0150,2.2004,1,6.5014,6.2453,nan,5.8263,5.7761,0.2288,0.0259,1.5275,0.0134,-0.0340,0.0100,14.4687,-0.0197,-8.4954,0.1015
60.950,255.233,0.5113,-10.9988,-90.494,0.5083,-11.3400,-90.155,0.3412,-0.0000,0.3412,0.339,2.6585,-15.7524,0.680,-2.0976,4.4377,-90.836,5.980,0.6339,260.137,0.8965,0.0074,0.0110,1.4905,1,6.1753,6.0412,nan,5.5895,5.6073,0.2221,0.0683,1.5275,-0.0050,-0.0750,0.0095,14.6682,0.0074,-6.7207,0.1015
61.000,255.497,0.5117,-11.2630,-88.986,0.5082,-11.5025,-89.117,0.2394,-0.0077,0.2395,-0.131,2.5882,-15.7210,-0.194,-2.0942,4.2114,-88.923,5.743,0.2308,260.382,0.8808,0.0059,0.0053,0.8914,1,5.9187,5.8639,nan,5.2219,5.1554,0.2042,-0.0685,1.5250,0.0416,0.0673,0.0086,14.8678,-0.0290,-5.6186,0.1015
61.050,255.755,0.5153,-11.5203,-89.999,0.5099,-11.7449,-89.912,0.2246,-0.0054,0.2247,0.087,2.5914,-15.7438,-0.133,-2.0907,3.9940,-89.779,5.457,-0.5368,260.617,0.8690,0.0071,0.0084,1.1742,1,5.6688,5.6229,nan,5.0955,5.1227,0.2029,-0.0602,1.4225,0.0435,0.0470,0.0089,15.1671,0.0125,-7.1159,0.1015
61.100,255.985,0.5135,-11.7509,-91.160,0.5058,-11.9283,-91.009,0.1775,-0.0041,0.1776,0.151,2.6249,-15.6495,0.365,-2.0953,3.7347,-91.375,5.253,-0.1843,260.833,0.8801,0.0058,0.0042,0.7238,1,5.3595,5.2628,nan,4.7025,4.6662,0.1848,0.0256,1.3426,0.0241,-0.0360,0.0122,15.3667,-0.0177,-5.2082,0.1015
61.150,256.314,0.5080,-12.0793,-90.649,0.5057,-12.2522,-90.297,0.1730,-0.0003,0.1730,0.353,2.6222,-15.6638,0.277,-2.0999,3.4217,-90.574,4.902,0.1001,261.136,0.8746,0.0033,0.0028,0.8590,1,4.9986,4.8459,nan,4.7025,4.7407,0.1877,0.0125,1.3083,0.0245,-0.0191,0.0076,15.4665,0.0800,-7.3592,0.1015
61.200,256.546,0.5058,-12.3118,-90.385,0.5037,-12.4693,-89.969,0.1575,-0.0010,0.1575,0.416,2.6272,-15.6782,0.390,-2.1016,3.2233,-90.360,4.782,0.0454,261.360,0.8648,0.0024,0.0024,0.9949,1,4.8937,4.9148,nan,4.4268,4.5350,0.1796,-0.0264,1.2081,0.0366,0.0135,0.0094,15.7659,0.0584,-3.1647,0.1015
61.250,256.744,0.5041,-12.5096,-90.761,0.5025,-12.7012,-90.626,0.1916,0.0009,0.1916,0.135,2.6131,-15.7372,0.133,-2.1035,3.0409,-90.759,4.635,-0.0748,261.548,0.8612,0.0028,0.0029,1.0249,1,4.5685,4.4701,nan,4.2118,4.3358,0.1717,-0.0041,1.1491,0.0365,0.0071,0.0107,15.9654,0.0800,-4.1180,0.1015
61.300,256.940,0.5014,-12.7052,-90.842,0.4988,-12.9583,-90.778,0.2532,0.0012,0.2532,0.063,2.6115,-15.8043,0.127,-2.1063,2.8506,-90.905,4.470,-0.0180,261.733,0.8600,0.0009,0.0044,4.7290,1,4.5070,4.5356,nan,3.7595,3.7187,0.1473,0.0594,1.0690,0.0299,-0.0151,0.0147,16.2648,-0.0800,-4.9315,0.1015
61.350,257.229,0.4996,-12.9948,-89.508,0.4967,-13.1725,-89.628,0.1776,-0.0044,0.1777,-0.120,2.6008,-15.7998,-0.064,-2.1070,2.6249,-89.564,3.971,0.4186,261.990,0.8463,0.0026,0.0049,1.9284,1,4.4861,4.5228,nan,3.5320,3.7234,0.1475,0.1303,0.9852,0.0263,-0.0219,0.0743,16.5641,-0.0800,-5.8473,0.1015
61.400,257.396,0.5029,-13.1617,-87.707,0.4989,-13.3052,-87.864,0.1432,-0.0097,0.1435,-0.157,2.5877,-15.7517,-0.303,-2.1017,2.4354,-87.560,3.808,0.7752,262.148,0.8483,0.0047,0.0048,1.0195,1,4.0778,3.7568,nan,3.3141,3.3360,0.1321,0.1093,0.9583,0.0358,0.0214,0.1233,16.6639,-0.0800,-5.0398,0.1015
61.450,257.547,0.5106,-13.3124,-86.237,0.5058,-13.4614,-86.420,0.1484,-0.0146,0.1491,-0.183,2.5813,-15.7635,-0.419,-2.0923,2.2868,-86.001,3.559,0.4359,262.285,0.8462,0.0024,0.0061,2.5315,1,3.8080,3.7694,nan,3.3141,3.2436,0.1285,0.0606,0.9123,0.0477,0.0633,0.1675,16.7637,-0.0408,-2.8033,0.1015
61.500,257.716,0.5229,-13.4807,-85.299,0.5168,-13.5215,-85.577,0.0402,-0.0094,0.0413,-0.277,2.5853,-15.6614,-0.300,-2.0797,2.1290,-85.277,3.353,0.3656,262.443,0.8441,0.0020,0.0037,1.8490,1,3.4305,3.2556,nan,3.2095,3.3298,0.1319,0.0859,0.8219,0.0507,0.0447,0.2195,16.8635,0.0697,-5.8906,0.1015
61.550,257.869,0.5368,-13.6332,-84.148,0.5284,-13.6019,-84.306,-0.0320,-0.0052,0.0324,-0.158,2.5952,-15.6228,-0.064,-2.0691,2.0186,-84.242,3.301,0.3772,262.629,0.8410,0.0021,0.0036,1.7552,1,3.1852,3.1525,nan,3.1080,3.1472,0.1246,0.0657,0.8000,0.0619,0.0342,0.2644,16.9632,0.0800,-1.5852,0.1015
61.600,258.082,0.5607,-13.8447,-82.902,0.5520,-13.8409,-83.381,-0.0048,-0.0082,0.0095,-0.480,2.5766,-15.6308,-0.514,-2.0406,1.7717,-82.868,3.163,0.3477,262.799,0.8417,0.0039,0.0051,1.3192,1,3.2146,3.2458,nan,2.9151,2.9267,0.1159,0.1488,0.8000,0.0737,-0.0010,0.3594,17.1628,0.0067,-3.2005,0.1015
61.650,258.220,0.5794,-13.9817,-81.211,0.5658,-13.9406,-81.823,-0.0427,-0.0071,0.0433,-0.612,2.5766,-15.6308,-0.514,-2.0259,1.6721,-81.309,2.998,0.7614,262.930,0.8402,0.0049,0.0045,0.9180,1,3.0626,3.0612,nan,2.8239,2.8670,0.1135,0.2343,0.8000,0.0700,-0.0342,0.4100,17.2626,0.0250,-4.5493,0.1015
61.700,258.335,0.5987,-14.0948,-78.932,0.5894,-14.0150,-79.496,-0.0801,0.0062,0.0804,-0.564,2.5894,-15.5587,-0.124,-2.0033,1.5393,-79.371,2.897,1.0609,263.041,0.8395,0.0041,0.0218,5.3181,1,2.9943,3.0083,nan,2.6485,2.5961,0.1028,0.3032,0.8000,0.0723,-0.0102,0.4549,17.3624,-0.0304,-3.6191,0.1015
61.750,258.525,0.6424,-14.2796,-74.284,0.6290,-14.1432,-74.136,-0.1349,0.0241,0.1371,0.148,2.5891,-15.5280,-0.049,-1.9613,1.3832,-74.087,2.704,1.0008,263.224,0.8376,0.0132,0.0189,1.4327,1,2.8981,2.9068,nan,2.7339,2.8070,0.1112,0.2373,0.8000,0.0971,0.0237,0.5078,17.4622,0.0423,-1.8529,0.1015
61.800,258.630,0.6730,-14.3809,-72.026,0.6652,-14.2533,-71.770,-0.1238,0.0320,0.1278,0.256,2.5879,-15.5116,-0.003,-1.9227,1.2582,-71.767,2.711,1.0070,263.331,0.8326,0.0034,0.0237,7.0326,1,2.6535,2.6147,nan,2.6485,2.7295,0.1081,0.2376,0.8000,0.1132,0.0276,0.5534,17.5620,0.0800,0.3992,0.1015
61.850,258.773,0.7204,-14.5156,-68.993,0.7105,-14.3833,-69.194,-0.1271,0.0382,0.1327,-0.202,2.5818,-15.5186,-0.147,-1.8742,1.1305,-69.047,2.677,1.0165,263.473,0.8306,0.0066,0.0266,4.0506,1,2.5683,2.5765,nan,2.5626,2.6575,0.1052,0.2776,0.8000,0.1216,0.0165,0.6112,17.6617,0.0800,-1.1351,0.1015
61.900,258.876,0.7593,-14.6112,-66.453,0.7495,-14.4768,-66.542,-0.1271,0.0447,0.1347,-0.090,2.5818,-15.5186,-0.147,-1.8350,1.0371,-66.396,2.624,1.1405,263.575,0.8300,0.0072,0.0412,5.7039,1,2.8105,2.9376,nan,2.3973,2.2818,0.0904,0.4727,0.8000,0.1159,-0.0595,0.7160,17.8613,-0.0800,-2.0536,0.1015
61.950,259.049,0.8353,-14.7657,-60.184,0.8203,-14.6252,-60.726,-0.1294,0.0568,0.1413,-0.541,2.5820,-15.5386,-0.253,-1.7657,0.9056,-60.473,2.274,1.8783,263.737,0.8340,0.0209,0.0311,1.4888,1,2.5723,2.5358,nan,2.3165,2.2729,0.0900,0.5234,0.8000,0.1169,-0.0703,0.7770,17.9611,-0.0252,-1.0236,0.1015
62.000,259.149,0.8887,-14.8506,-55.390,0.8732,-14.7374,-56.149,-0.1020,0.0515,0.1142,-0.759,2.5662,-15.5753,-0.856,-1.7054,0.8125,-55.293,2.186,1.8696,263.837,0.8279,0.0145,0.0274,1.8879,1,2.3956,2.3807,nan,2.1567,2.1215,0.0840,0.5779,0.8000,0.1141,-0.0088,0.8405,18.0609,-0.0204,-3.4444,0.1015
62.050,259.242,0.9447,-14.9250,-50.506,0.9303,-14.8328,-51.154,-0.0804,0.0475,0.0934,-0.648,2.5731,-15.6012,-0.704,-1.6521,0.7482,-50.450,2.068,1.9208,263.929,0.8296,0.0068,0.0311,4.5836,1,2.2767,2.2758,nan,2.0820,2.0722,0.0821,0.6549,0.8000,0.0957,-0.0151,0.9059,18.1607,-0.0057,-4.4642,0.1015
62.100,259.325,0.9998,-14.9867,-45.709,0.9856,-14.8951,-46.395,-0.0755,0.0538,0.0927,-0.686,2.5731,-15.6012,-0.704,-1.5960,0.6866,-45.691,1.980,2.0826,264.013,0.8286,0.0058,0.0436,7.5347,1,2.1143,2.1013,nan,2.0404,2.0715,0.0820,0.7227,0.8000,0.0735,-0.1099,1.0761,18.3602,0.0180,-3.3475,0.1015
62.150,259.460,1.1013,-15.0761,-36.836,1.0931,-15.0075,-38.115,-0.0476,0.0500,0.0690,-1.279,2.5800,-15.6276,-0.737,-1.4947,0.6009,-37.379,1.904,2.2479,264.154,0.8284,0.0311,0.0232,0.7454,1,1.9897,1.9849,nan,2.0387,2.0759,0.0822,0.7287,0.8000,0.0712,-0.1097,1.1808,18.4600,0.0216,-1.9297,0.1015
62.200,259.543,1.1704,-15.1227,-31.175,1.1768,-15.0779,-32.397,-0.0178,0.0417,0.0453,-1.222,2.5697,-15.6558,-1.370,-1.4064,0.5445,-31.027,1.888,2.2330,264.242,0.8103,0.0194,0.0121,0.6241,1,2.0936,2.1317,nan,2.0305,1.9904,0.0788,0.8072,0.8000,0.0419,-0.0942,1.2010,18.5598,-0.0233,-1.2830,0.1015
62.250,259.627,1.2439,-15.1622,-25.217,1.2482,-15.1254,-26.473,-0.0118,0.0352,0.0371,-1.257,2.5692,-15.6653,-1.366,-1.3335,0.5083,-25.107,1.824,2.3879,264.330,0.8106,0.0117,0.0035,0.3001,1,2.1325,2.1561,nan,2.0385,1.9748,0.0782,0.8142,0.8000,0.0227,-0.1158,1.2030,18.6596,-0.0369,-1.6704,0.1015
62.300,259.702,1.3137,-15.1908,-19.453,1.3128,-15.1565,-20.501,-0.0123,0.0321,0.0343,-1.048,2.5663,-15.6594,-0.969,-1.2619,0.4817,-19.533,1.779,2.3539,264.411,0.8086,0.0044,0.0148,3.3504,1,1.9120,1.8755,nan,2.0385,2.1346,0.0845,0.7863,0.8000,0.0081,-0.1126,1.1982,18.7594,0.0557,-2.3551,0.1015
62.350,259.834,1.4409,-15.2239,-9.780,1.4687,-15.1962,-11.010,0.0227,0.0320,0.0392,-1.230,2.5602,-15.6637,-1.194,-1.1010,0.4446,-9.816,1.857,2.3238,264.560,0.7755,0.0294,0.0240,0.8161,1,1.9084,1.9230,nan,2.0303,2.1230,0.0841,0.7642,0.8000,-0.0036,-0.1073,1.2032,18.8591,0.0537,1.5177,0.1015
62.400,259.910,1.5167,-15.2334,-4.302,1.5308,-15.1985,-5.635,0.0115,0.0358,0.0376,-1.333,2.5473,-15.6642,-1.478,-1.0281,0.4393,-4.157,1.869,2.3364,264.645,0.7780,0.0160,0.0075,0.4683,1,2.0890,2.1566,nan,2.0303,1.9857,0.0786,0.7705,0.8000,-0.0149,-0.1091,1.1979,18.9589,-0.0258,-0.3982,0.1015
62.450,259.995,1.6015,-15.2352,1.751,1.6114,-15.2010,0.184,0.0110,0.0339,0.0356,-1.567,2.5481,-15.6624,-1.332,-0.9471,0.4395,1.517,1.841,2.1918,264.735,0.7815,0.0095,0.0060,0.6322,1,2.0331,2.0415,nan,2.0519,2.0661,0.0818,0.7283,0.8000,-0.0175,-0.1198,1.2033,19.0587,0.0082,-1.4477,0.1015
62.500,260.115,1.7215,-15.2229,10.073,1.7381,-15.1937,9.033,0.0215,0.0258,0.0336,-1.040,2.5436,-15.6619,-0.858,-0.8124,0.4561,9.891,1.876,2.3218,264.868,0.7665,0.0019,0.0096,5.1036,1,1.9836,1.9924,nan,2.0993,2.1766,0.0862,0.7547,0.8000,-0.0287,-0.1317,1.1984,19.1585,0.0448,0.1903,0.1015
62.550,260.206,1.8100,-15.2020,16.418,1.8364,-15.1724,15.553,0.0337,0.0209,0.0396,-0.865,2.5418,-15.6609,-0.683,-0.7112,0.4800,16.236,1.932,2.0843,264.970,0.7535,0.0268,0.0217,0.8105,1,2.0109,2.0313,nan,2.1733,2.2418,0.0888,0.6581,0.8000,-0.0322,-0.1234,1.1351,19.2583,0.0397,-0.0431,0.1015
62.600,260.291,1.8901,-15.1745,21.600,1.9113,-15.1438,21.097,0.0310,0.0208,0.0373,-0.503,2.5263,-15.6639,-0.500,-0.6195,0.5148,21.597,1.998,2.1362,265.063,0.7413,0.0152,0.0132,0.8706,1,2.1358,2.1810,nan,2.2562,2.2491,0.0891,0.6771,0.8000,-0.0502,-0.1219,1.0144,19.3581,-0.0041,2.2948,0.1015
62.650,260.378,1.9690,-15.1390,26.971,1.9947,-15.1059,26.442,0.0380,0.0178,0.0419,-0.529,2.5263,-15.6639,-0.500,-0.5364,0.5534,26.942,2.038,2.0220,265.158,0.7368,0.0072,0.0060,0.8251,1,2.2417,2.2818,nan,2.3443,2.2902,0.0907,0.5956,0.8000,-0.0526,-0.1048,0.9064,19.4578,-0.0313,-0.1843,0.1011
62.700,260.463,2.0431,-15.0973,31.622,2.0746,-15.0587,31.927,0.0471,0.0163,0.0498,0.305,2.5290,-15.6601,0.039,-0.4540,0.6017,31.889,2.099,1.9942,265.249,0.7280,0.0022,0.0015,0.6719,1,2.1700,2.1767,nan,2.4366,2.4905,0.0986,0.5490,0.8000,-0.0597,-0.0926,0.8080,19.5576,0.0312,3.3086,0.1011
62.750,260.624,2.1747,-15.0033,39.406,2.2339,-14.9379,39.306,0.0873,0.0129,0.0883,-0.100,2.5205,-15.6648,-0.527,-0.2932,0.7243,39.832,2.337,1.7775,265.429,0.6971,0.0195,0.0298,1.5305,1,2.1449,2.1585,nan,2.5329,2.6650,0.1055,0.4786,0.8000,-0.0633,-0.0663,0.7147,19.6574,0.0764,0.2768,0.1011
62.800,260.725,2.2500,-14.9367,43.756,2.2915,-14.8829,43.418,0.0672,0.0101,0.0680,-0.338,2.5125,-15.6707,-0.420,-0.2267,0.7862,43.837,2.438,1.7987,265.537,0.7062,0.0110,0.0143,1.3022,1,2.3477,2.4311,nan,2.6330,2.6729,0.1059,0.4571,0.8000,-0.0805,-0.0713,0.6243,19.7572,0.0231,2.6537,0.1011
62.850,260.844,2.3324,-14.8510,48.629,2.3721,-14.7960,48.312,0.0675,0.0065,0.0678,-0.316,2.5125,-15.6707,-0.420,-0.1468,0.8737,48.732,2.520,1.5495,265.662,0.7085,0.0082,0.0108,1.3190,1,2.4494,2.4909,nan,2.7364,2.7628,0.1094,0.3572,0.8000,-0.0797,-0.0330,0.5367,19.8570,0.0153,2.3034,0.1011
62.900,260.952,2.4013,-14.7679,52.068,2.4546,-14.6915,51.679,0.0930,0.0049,0.0932,-0.389,2.5119,-15.6660,-0.596,-0.0674,0.9738,52.275,2.614,1.2955,265.774,0.6975,0.0016,0.0077,4.8667,1,2.5077,2.5384,nan,2.8434,2.8770,0.1139,0.3090,0.8000,-0.0855,-0.0558,0.3645,20.0565,0.0195,3.5757,0.1011
62.950,261.125,2.5023,-14.6269,56.703,2.5447,-14.5592,56.338,0.0799,0.0017,0.0799,-0.365,2.5194,-15.6615,-0.215,0.0211,1.1024,56.554,2.831,1.2389,265.960,0.7103,0.0087,0.0150,1.7254,1,2.5958,2.6347,nan,3.0631,3.1819,0.1260,0.2796,0.8000,-0.0926,-0.0411,0.2853,20.1563,0.0688,3.4796,0.1011
63.000,261.262,2.5741,-14.5106,60.100,2.6288,-14.4214,60.129,0.1046,-0.0029,0.1046,0.029,2.5160,-15.6693,-0.195,0.1085,1.2482,60.324,2.978,1.1439,266.105,0.6943,0.0080,0.0206,2.5817,1,2.8535,2.9981,nan,3.2823,3.3471,0.1326,0.1027,0.8749,-0.0972,-0.0129,0.1171,20.3559,0.0375,3.8417,0.1011
63.050,261.397,2.6395,-14.3922,61.645,2.6863,-14.3191,61.105,0.0866,-0.0064,0.0868,-0.540,2.5028,-15.6752,-0.686,0.1672,1.3583,61.791,3.151,0.3804,266.248,0.7009,0.0011,0.0082,7.2393,1,3.0146,3.0842,nan,3.4837,3.5724,0.1415,-0.0361,0.9243,-0.0934,0.0325,0.0404,20.4557,0.0514,4.7972,0.1011
63.100,261.530,2.7021,-14.2750,61.531,2.7481,-14.2028,61.799,0.0854,-0.0060,0.0856,0.268,2.4942,-15.6911,-0.632,0.2374,1.4910,62.431,3.311,-0.1914,266.389,0.6934,0.0007,0.0067,9.0107,1,3.1186,3.1673,nan,3.6345,3.7641,0.1491,-0.0401,0.9562,-0.1040,0.0017,-0.1108,20.6553,0.0750,5.0699,0.1011
63.150,261.764,2.8150,-14.0695,60.633,2.8527,-14.0231,59.963,0.0590,-0.0101,0.0598,-0.670,2.4879,-15.6995,-0.735,0.3433,1.6810,60.697,3.517,-0.2734,266.634,0.7003,0.0028,0.0106,3.7976,1,3.3323,3.4410,nan,3.6201,3.6316,0.1438,-0.0498,1.0218,-0.1134,-0.0129,-0.2623,20.8548,0.0067,4.0049,0.1011
63.200,261.930,2.8971,-13.9253,59.876,2.9456,-13.8612,59.349,0.0798,-0.0097,0.0804,-0.527,2.4948,-15.6943,-0.563,0.4327,1.8375,59.912,3.550,-0.3508,266.803,0.6930,0.0021,0.0118,5.5645,1,3.4604,3.5211,nan,3.6298,3.7585,0.1489,-0.0665,1.0610,-0.1172,0.0321,-0.3815,21.0544,0.0745,0.7314,0.1011
63.250,262.085,2.9753,-13.7924,58.950,3.0266,-13.7224,58.749,0.0864,-0.0078,0.0868,-0.201,2.4959,-15.7090,-0.230,0.5227,1.9887,58.979,3.616,-0.4630,266.961,0.6817,0.0003,0.0099,38.8242,1,3.5031,3.5397,nan,3.7311,3.8065,0.1508,-0.0921,1.1142,-0.1049,0.0844,-0.3141,21.2540,0.0437,2.0110,0.1011
63.300,262.322,3.1008,-13.5905,56.994,3.1304,-13.5661,56.545,0.0365,-0.0115,0.0383,-0.448,2.4821,-15.7203,-0.474,0.6305,2.1594,57.019,3.686,-0.5321,267.203,0.6990,0.0022,0.0075,3.4273,1,3.7100,3.8187,nan,3.8638,3.8100,0.1509,-0.0926,1.1791,-0.0868,0.1167,-0.2375,21.4535,-0.0311,1.5340,0.1011
63.350,262.500,3.1991,-13.4427,55.538,3.2543,-13.3818,55.612,0.0814,-0.0110,0.0822,0.075,2.4949,-15.7397,0.069,0.7622,2.3570,55.543,3.716,-0.4339,267.383,0.6669,0.0059,0.0149,2.5517,1,3.7071,3.7367,nan,4.0132,4.0520,0.1605,-0.0615,1.1534,-0.0730,0.1019,-0.1969,21.5533,0.0225,0.6148,0.1011
63.400,262.662,3.2920,-13.3093,54.645,3.3291,-13.2718,54.858,0.0521,-0.0086,0.0528,0.213,2.4940,-15.7486,0.241,0.8455,2.4733,54.618,3.825,-0.3582,267.552,0.6757,0.0031,0.0085,2.7238,1,3.8677,3.9492,nan,4.0910,4.0343,0.1598,-0.0603,1.1529,-0.0510,0.1237,-0.1202,21.7529,-0.0315,3.5317,0.1011
63.450,262.836,3.3934,-13.1683,53.730,3.4372,-13.1184,54.197,0.0662,-0.0058,0.0664,0.467,2.5026,-15.7504,0.453,0.9554,2.6246,53.743,3.890,-0.3549,267.730,0.6676,0.0008,0.0098,12.1406,1,3.7975,3.8179,nan,4.2602,4.3669,0.1729,-0.0574,1.0836,-0.0265,0.1312,-0.0415,21.9524,0.0599,1.8076,0.1011
63.500,263.003,3.4932,-13.0341,52.883,3.5282,-12.9867,53.628,0.0589,0.0007,0.0589,0.745,2.5063,-15.7645,0.777,1.0595,2.7637,52.851,4.056,-0.2624,267.908,0.6636,0.0004,0.0083,22.3828,1,3.9558,4.0371,nan,4.3848,4.4150,0.1749,-0.0234,1.0544,0.0050,0.1165,0.0371,22.1520,0.0161,4.6076,0.1011
63.550,263.289,3.6664,-12.8074,52.628,3.7260,-12.7241,53.038,0.1024,0.0032,0.1024,0.410,2.4906,-15.7672,0.557,1.2648,3.0310,52.481,4.138,0.1164,268.199,0.6355,0.0096,0.0339,3.5248,1,4.0350,4.0860,nan,4.1350,4.1502,0.1644,0.0183,1.0158,0.0323,0.0981,0.1135,22.3516,0.0085,3.5625,0.1011
63.600,263.470,3.7761,-12.6632,52.925,3.8232,-12.6053,53.087,0.0747,-0.0027,0.0747,0.162,2.4734,-15.7634,0.148,1.3580,3.1546,52.939,4.098,0.1408,268.377,0.6497,0.0057,0.0220,3.8654,1,4.1305,4.1893,nan,3.8993,3.9117,0.1549,0.0535,1.0020,0.0545,0.0908,0.1963,22.5511,0.0800,-1.0705,0.1011
63.650,263.655,3.8871,-12.5148,53.776,3.9132,-12.4839,53.555,0.0403,-0.0028,0.0404,-0.221,2.4525,-15.7581,-0.187,1.4500,3.2790,53.743,3.971,0.3822,268.555,0.6668,0.0023,0.0111,4.8840,1,3.9033,3.8866,nan,3.7861,3.7440,0.1483,0.1237,0.9778,0.0594,0.0445,0.2774,22.7507,0.0800,-3.1078,0.1011
63.700,263.803,3.9736,-12.3946,55.264,4.0034,-12.3534,54.866,0.0508,-0.0011,0.0509,-0.397,2.4743,-15.7676,0.224,1.5425,3.4082,54.642,3.837,0.7424,268.696,0.6613,0.0045,0.0037,0.8361,1,3.8656,3.8913,nan,3.5713,3.6708,0.1454,0.2115,0.9684,0.0685,0.0116,0.3543,22.9503,0.0576,-4.4454,0.1011
63.750,264.070,4.1182,-12.1702,60.149,4.0942,-12.1978,59.987,-0.0358,0.0070,0.0365,-0.163,2.4773,-15.7896,0.488,1.6474,3.5779,59.498,3.553,1.3942,268.951,0.6994,0.0164,0.0120,0.7314,1,3.7557,3.7691,nan,3.3714,3.3648,0.1333,0.2506,0.9408,0.0841,0.0040,0.4353,23.1498,-0.0039,-2.6897,0.1011
63.800,264.223,4.1908,-12.0359,63.579,4.1790,-12.0407,64.137,-0.0096,0.0084,0.0128,0.558,2.4630,-15.7982,0.355,1.7392,3.7467,63.782,3.404,1.2287,269.097,0.6808,0.0104,0.0154,1.4867,1,3.6494,3.6627,nan,3.2774,3.2618,0.1292,0.1641,0.9142,0.1119,0.0828,0.4809,23.2496,-0.0091,-4.9652,0.1011
63.850,264.367,4.2525,-11.9059,65.762,4.2269,-11.9409,66.040,-0.0424,0.0090,0.0434,0.278,2.4310,-15.7957,-0.098,1.7894,3.8578,66.137,3.292,0.9022,269.235,0.6918,0.0045,0.0196,4.4098,1,3.3806,3.3380,nan,3.1023,3.1248,0.1238,0.1858,0.8468,0.1219,0.0285,0.5676,23.4492,0.0130,-2.7180,0.1011
63.900,264.502,4.3060,-11.7814,68.004,4.2943,-11.7898,68.060,-0.0122,0.0077,0.0144,0.056,2.4538,-15.7919,0.122,1.8490,3.9982,67.938,3.174,0.9200,269.365,0.6860,0.0074,0.0142,1.9177,1,3.2221,3.2210,nan,2.9673,2.9885,0.1184,0.3181,0.8072,0.1142,-0.0181,0.6108,23.5490,0.0123,-4.2631,0.1011
63.950,264.715,4.3777,-11.5810,73.736,4.3502,-11.6233,73.059,-0.0483,0.0145,0.0504,-0.677,2.4151,-15.7895,-0.374,1.9079,4.1787,73.433,2.928,1.7898,269.571,0.6984,0.0247,0.0301,1.2162,1,3.1917,3.2129,nan,2.9555,2.9333,0.1162,0.4184,0.8000,0.1047,-0.0987,0.7115,23.7486,-0.0129,-2.0724,0.1011
64.000,264.848,4.4099,-11.4524,78.635,4.3878,-11.4746,78.948,-0.0261,0.0173,0.0313,0.313,2.4442,-15.7953,-0.033,1.9411,4.3218,78.981,2.862,1.6039,269.704,0.6976,0.0210,0.0385,1.8334,1,2.9330,2.8902,nan,2.9437,2.9519,0.1169,0.3368,0.8000,0.1105,-0.0353,0.7702,23.8483,0.0047,-3.1303,0.1011
64.050,264.965,4.4297,-11.3366,82.203,4.4110,-11.3600,81.811,-0.0257,0.0154,0.0299,-0.392,2.4050,-15.7744,-0.634,1.9570,4.4364,82.445,2.863,1.5387,269.823,0.7015,0.0101,0.0259,2.5805,1,2.8990,2.9173,nan,2.9880,3.0189,0.1196,0.3477,0.8000,0.1030,-0.1085,0.7700,24.0479,0.0179,0.8683,0.1011
64.100,265.159,4.4463,-11.1436,88.422,4.4319,-11.1532,87.067,-0.0100,0.0141,0.0173,-1.355,2.3815,-15.7512,-0.988,1.9708,4.6327,88.055,2.933,1.8254,270.025,0.7044,0.0160,0.0252,1.5753,1,2.7210,2.7092,nan,3.1221,3.2058,0.1270,0.4075,0.8000,0.0814,-0.1252,0.7116,24.1477,0.0800,0.2855,0.1011
64.150,265.289,4.4451,-11.0133,93.191,4.4276,-10.9970,92.920,0.0173,0.0166,0.0239,-0.271,2.3986,-15.7496,-0.790,1.9632,4.7801,93.710,2.989,1.9132,270.162,0.7115,0.0236,0.0234,0.9953,1,3.0097,3.2189,nan,3.3595,3.4500,0.1366,0.4599,0.8194,0.0445,-0.1545,0.6180,24.3473,0.0524,0.8806,0.1011
64.200,265.426,4.4320,-10.8769,98.639,4.4176,-10.8776,97.114,0.0015,0.0143,0.0144,-1.525,2.3920,-15.7555,-0.903,1.9485,4.9093,98.017,3.090,2.2025,270.313,0.7127,0.0226,0.0077,0.3394,1,2.9487,2.9635,nan,3.3595,3.4797,0.1378,0.4301,0.8200,0.0297,-0.1199,0.5738,24.4470,0.0696,1.3018,0.1011
64.250,265.567,4.4049,-10.7383,104.122,4.3785,-10.7165,103.462,0.0276,0.0203,0.0343,-0.659,2.3960,-15.7524,-0.777,1.9140,5.0624,104.240,3.185,1.9995,270.466,0.7209,0.0183,0.0144,0.7891,1,3.1882,3.3173,nan,3.6195,3.7194,0.1473,0.3628,0.9415,0.0009,-0.1365,0.4533,24.7464,0.0578,2.6035,0.1011
64.300,265.711,4.3646,-10.6001,108.826,4.3314,-10.5622,108.300,0.0466,0.0192,0.0504,-0.526,2.4095,-15.7526,-0.594,1.8680,5.2101,108.894,3.346,1.7553,270.625,0.7273,0.0160,0.0093,0.5775,1,3.1971,3.2244,nan,3.8033,3.8306,0.1517,0.3230,0.9609,-0.0132,-0.0953,0.4194,24.8462,0.0800,4.5752,0.1011
64.350,265.951,4.2749,-10.3781,115.383,4.2385,-10.3445,115.065,0.0460,0.0185,0.0495,-0.318,2.4347,-15.7699,-0.336,1.7719,5.4358,115.401,3.614,1.4902,270.887,0.7339,0.0226,0.0219,0.9671,1,3.4514,3.6063,nan,3.9953,4.1170,0.1630,0.2630,1.0782,-0.0394,-0.0926,0.3469,25.0457,0.0800,4.1761,0.1011
64.400,266.110,4.2027,-10.2365,119.099,4.1434,-10.1697,118.850,0.0872,0.0193,0.0893,-0.249,2.4403,-15.7775,-0.269,1.6768,5.6157,119.120,3.766,1.4095,271.059,0.7606,0.0203,0.0200,0.9859,1,3.6796,3.8073,nan,4.1854,4.2817,0.1696,0.2128,1.1977,-0.0589,-0.0897,0.2728,25.2453,0.0550,4.0190,0.1011
64.450,266.299,4.1057,-10.0735,122.540,4.0606,-10.0393,122.676,0.0531,0.0196,0.0566,0.136,2.4623,-15.7844,-0.013,1.5970,5.7454,122.690,3.970,0.8510,271.264,0.7400,0.0160,0.0307,1.9199,1,3.9299,4.0879,nan,4.3649,4.3960,0.1741,0.1291,1.2813,-0.0684,-0.0643,0.2017,25.4449,0.0167,4.8288,0.1011
64.500,266.545,3.9689,-9.8696,125.251,3.9010,-9.8005,124.889,0.0956,0.0155,0.0969,-0.362,2.4376,-15.7846,-0.317,1.4303,5.9921,125.206,4.233,0.7692,271.528,0.7744,0.0173,0.0231,1.3350,1,4.0045,4.0540,nan,4.6172,4.7420,0.1878,0.1168,1.3041,-0.0913,-0.0900,0.0942,25.7442,0.0800,4.3511,0.1011
64.550,266.753,3.8461,-9.7019,127.397,3.7723,-9.6284,127.178,0.1032,0.0140,0.1042,-0.220,2.4563,-15.8066,-0.264,1.2875,6.1841,127.441,4.409,0.7598,271.750,0.7979,0.0193,0.0274,1.4153,1,4.2479,4.4172,nan,4.7756,4.8868,0.1935,0.0580,1.3041,-0.1101,-0.0745,0.0252,25.9438,0.0556,4.7293,0.1011
64.600,266.946,3.7271,-9.5496,128.500,3.6501,-9.4773,128.298,0.1045,0.0153,0.1057,-0.201,2.4624,-15.8102,-0.200,1.1656,6.3370,128.498,4.563,0.3423,271.954,0.8009,0.0121,0.0302,2.5047,1,4.4147,4.5197,nan,4.9272,5.0303,0.1992,-0.0059,1.3041,-0.1165,-0.0342,-0.0464,26.1434,0.0498,3.2726,0.1011
64.650,267.160,3.5937,-9.3828,128.509,3.4993,-9.2867,127.983,0.1340,0.0141,0.1347,-0.526,2.4285,-15.8091,-0.539,1.0094,6.5322,128.523,4.710,-0.0708,272.180,0.8283,0.0071,0.0282,3.9599,1,4.5077,4.5786,nan,5.0727,5.2189,0.2067,-0.0338,1.3041,-0.1279,-0.0258,-0.1159,26.3429,0.0694,3.6634,0.1011
64.700,267.468,3.4030,-9.1406,127.474,3.3648,-9.1002,126.733,0.0553,0.0058,0.0556,-0.741,2.4004,-15.8110,-0.902,0.8586,6.7251,127.635,4.875,-0.3865,272.502,0.7807,0.0075,0.0097,1.2872,1,4.7821,5.0988,nan,5.0718,5.0738,0.2009,-0.0513,1.3041,-0.1431,-0.0136,-0.2271,26.6423,0.0009,4.2348,0.1007
64.750,267.703,3.2613,-8.9533,126.413,3.1957,-8.8562,124.823,0.1171,-0.0048,0.1172,-1.590,2.3280,-15.8007,-1.566,0.6775,6.9656,126.389,4.909,-0.3651,272.741,0.8285,0.0194,0.0266,1.3717,1,4.8354,4.9014,nan,5.0999,5.2222,0.2068,-0.0438,1.3041,-0.1583,-0.0067,-0.2700,26.8419,0.0800,0.8173,0.1007
64.800,267.916,3.1359,-8.7813,125.557,3.0952,-8.7020,124.162,0.0881,-0.0130,0.0891,-1.395,2.3660,-15.8182,-1.377,0.5579,7.1317,125.540,4.983,-0.3898,272.961,0.8217,0.0192,0.0211,1.1018,1,4.9135,4.9927,nan,5.1716,5.2999,0.2099,-0.0727,1.3212,-0.1619,0.0384,-0.2471,27.1412,0.0594,2.1253,0.1007
64.850,268.142,3.0061,-8.5964,124.139,2.9853,-8.5304,122.570,0.0663,-0.0199,0.0692,-1.569,2.3546,-15.8494,-1.665,0.4179,7.3342,124.234,5.054,-0.6433,273.194,0.8353,0.0115,0.0186,1.6194,1,4.9761,5.0504,nan,5.2594,5.3665,0.2125,-0.1185,1.3330,-0.1482,0.0941,-0.2317,27.4406,0.0485,1.9137,0.1007
64.900,268.370,2.8804,-8.4051,121.835,2.8699,-8.3386,120.442,0.0620,-0.0261,0.0673,-1.393,2.3967,-15.8596,-1.372,0.2929,7.5301,121.814,5.114,-0.9355,273.431,0.8355,0.0090,0.0165,1.8333,1,5.1907,5.3990,nan,5.3611,5.3718,0.2127,-0.1170,1.3377,-0.1377,0.0851,-0.2257,27.6401,0.0047,1.6105,0.1007
64.950,268.731,2.6991,-8.0940,118.081,2.6805,-8.0017,117.854,0.0902,-0.0270,0.0942,-0.228,2.5655,-15.8800,-0.127,0.0976,7.8786,117.980,5.172,-0.9068,273.800,0.8578,0.0311,0.0434,1.3960,1,5.1462,5.1877,nan,5.4298,5.5076,0.2181,-0.1112,1.3530,-0.1254,0.0858,-0.2056,27.9395,0.0338,1.0231,0.1007
65.000,268.949,2.5990,-7.8996,115.913,2.5985,-7.8362,115.676,0.0573,-0.0272,0.0634,-0.237,2.5710,-15.9077,-0.174,0.0030,8.0716,115.849,5.234,-0.9414,274.026,0.8522,0.0194,0.0192,0.9903,1,5.1806,5.2492,nan,5.5395,5.6595,0.2241,-0.1595,1.3638,-0.0823,0.1195,-0.1924,28.2388,0.0517,0.5676,0.1007
65.050,269.197,2.4953,-7.6743,112.704,2.4933,-7.6030,112.787,0.0666,-0.0257,0.0713,0.083,2.6177,-15.9219,0.136,-0.1046,8.3192,112.651,5.317,-1.3056,274.286,0.8618,0.0133,0.0136,1.0197,1,5.1364,5.1773,nan,5.6149,5.7640,0.2283,-0.1566,1.3694,-0.0678,0.1132,-0.1859,28.4384,0.0800,2.0109,0.1007
65.100,269.401,2.4202,-7.4851,109.866,2.4299,-7.4534,110.812,0.0265,-0.0199,0.0331,0.946,2.7121,-15.9251,0.816,-0.1616,8.4748,109.996,5.393,-1.2433,274.500,0.8356,0.0087,0.0141,1.6164,1,5.2550,5.3708,nan,5.7315,5.9049,0.2339,-0.1326,1.3746,-0.0479,0.0672,-0.1796,28.6380,0.0800,2.1711,0.1007
65.150,269.768,2.3069,-7.1356,105.352,2.3028,-7.0162,105.923,0.1162,-0.0276,0.1194,0.571,2.6787,-15.9055,0.549,-0.2907,8.8925,105.374,5.564,-1.2647,274.888,0.8698,0.0135,0.0207,1.5349,1,5.4271,5.5989,nan,5.8500,5.9984,0.2376,-0.1468,1.3893,-0.0101,0.0844,-0.1619,29.0371,0.0608,2.8644,0.1007
65.200,270.032,2.2433,-6.8798,101.910,2.2442,-6.7787,102.681,0.0987,-0.0218,0.1011,0.771,2.7404,-15.9188,0.935,-0.3470,9.1470,101.746,5.649,-1.2449,275.165,0.8624,0.0104,0.0148,1.4221,1,5.5467,5.6776,nan,5.9718,6.1136,0.2421,-0.1373,1.4004,-0.0016,0.0689,-0.1488,29.3365,0.0568,2.0068,0.1007
65.250,270.288,2.1958,-6.6279,98.781,2.1947,-6.5071,99.995,0.1196,-0.0173,0.1209,1.214,2.7664,-15.9040,1.108,-0.3898,9.4062,98.887,5.739,-1.1809,275.434,0.8604,0.0082,0.0257,3.1210,1,5.5449,5.6083,nan,6.0541,6.2499,0.2475,-0.1279,1.4069,0.0141,0.0454,-0.1412,29.5360,0.0800,2.2397,0.1007
65.300,270.514,2.1651,-6.4042,96.209,2.1620,-6.2578,97.500,0.1458,-0.0128,0.1464,1.291,2.8297,-15.8973,1.463,-0.4213,9.6534,96.037,5.834,-1.1548,275.672,0.8690,0.0081,0.0309,3.7963,1,5.7807,6.0925,nan,6.2208,6.3613,0.2519,-0.1294,1.4049,0.0368,0.0421,-0.1277,29.9352,0.0539,2.7333,0.1007
65.350,270.922,2.1352,-5.9971,91.578,2.1287,-5.8596,93.529,0.1376,0.0027,0.1376,1.951,2.8901,-15.8819,1.822,-0.4422,10.0414,91.706,5.999,-1.1597,276.103,0.8541,0.0088,0.0354,4.0019,1,5.8730,5.9994,nan,6.3413,6.4969,0.2573,-0.1254,1.3983,0.0442,0.0322,-0.1161,30.2345,0.0587,1.8217,0.1007
65.400,271.182,2.1332,-5.7373,88.690,2.1233,-5.5541,90.378,0.1829,0.0141,0.1834,1.688,2.8781,-15.9164,1.741,-0.4397,10.3804,88.637,6.082,-1.1745,276.375,0.8792,0.0062,0.0388,6.2678,1,6.0838,6.3688,nan,6.4965,6.6403,0.2630,-0.1169,1.3906,0.0567,0.0259,-0.1262,30.6336,0.0528,2.2139,0.1007
65.450,271.470,2.1458,-5.4490,85.668,2.1345,-5.3270,87.102,0.1208,0.0204,0.1225,1.434,2.8666,-15.8966,1.664,-0.4249,10.5863,85.438,6.192,-1.0875,276.679,0.8466,0.0043,0.0343,8.0706,1,6.3200,6.7041,nan,6.5406,6.5589,0.2598,-0.1065,1.3862,0.0451,-0.0088,-0.1280,30.8332,0.0065,1.4003,0.1007
65.500,271.882,2.1889,-5.0396,81.756,2.1872,-4.8515,82.789,0.1860,0.0287,0.1882,1.032,2.7598,-15.9288,1.058,-0.3681,11.0860,81.731,6.301,-1.0332,277.108,0.8681,0.0181,0.0244,1.3499,1,6.1343,6.1283,nan,6.5880,6.7820,0.2686,-0.1061,1.3771,0.0429,-0.0170,-0.1391,31.1326,0.0800,1.5003,0.1007
65.550,272.168,2.2349,-4.7579,79.085,2.2240,-4.6244,80.539,0.1290,0.0360,0.1339,1.455,2.8136,-15.9423,1.329,-0.3269,11.3285,79.210,6.382,-0.9948,277.407,0.8567,0.0165,0.0218,1.3244,1,6.3851,6.8474,nan,6.5374,6.5994,0.2614,-0.0900,1.3683,0.0221,-0.0219,-0.1462,31.5317,0.0222,2.1217,0.1007
65.600,272.442,2.2910,-4.4894,76.869,2.2842,-4.3538,78.264,0.1305,0.0374,0.1358,1.396,2.8388,-15.9877,1.462,-0.2577,11.6443,76.803,6.376,-0.8989,277.685,0.8641,0.0067,0.0257,3.8239,1,6.3990,6.4937,nan,6.3948,6.5620,0.2599,-0.0942,1.3614,0.0116,-0.0202,-0.1536,31.8310,0.0627,0.4310,0.1007
65.650,272.728,2.3606,-4.2114,74.470,2.3548,-4.0980,75.849,0.1077,0.0359,0.1135,1.379,2.8065,-15.9989,1.270,-0.1877,11.9079,74.578,6.355,-0.9299,277.974,0.8576,0.0028,0.0271,9.8202,1,6.5580,6.7934,nan,6.2528,6.2548,0.2477,-0.0957,1.3530,-0.0031,-0.0094,-0.1576,32.1304,0.0007,-0.4381,0.1007
65.700,273.006,2.4390,-3.9456,72.107,2.4310,-3.8562,73.346,0.0826,0.0351,0.0898,1.238,2.7918,-16.0258,1.206,-0.1046,12.1746,72.140,6.251,-0.9077,278.245,0.8537,0.0009,0.0336,35.4784,1,6.5135,6.5794,nan,6.1130,6.0387,0.2392,-0.0903,1.3432,-0.0221,-0.0133,-0.1702,32.4297,-0.0277,-2.8370,0.1007
65.750,273.435,2.5815,-3.5405,68.675,2.5629,-3.4761,69.914,0.0532,0.0407,0.0670,1.239,2.7918,-16.0380,1.225,0.0397,12.5639,68.689,6.031,-0.8221,278.659,0.8454,0.0264,0.0328,1.2412,1,6.3160,6.3028,nan,5.9703,5.9309,0.2349,-0.0878,1.3432,-0.0378,-0.0061,-0.1753,32.7291,-0.0152,-3.2166,0.1007
65.800,273.680,2.6735,-3.3132,66.739,2.6415,-3.2963,68.795,0.0028,0.0361,0.0362,2.056,2.9655,-16.0893,2.064,0.1369,12.7963,66.731,5.938,-0.8246,278.899,0.8428,0.0123,0.0313,2.5537,1,6.0645,6.0138,nan,5.8721,5.9499,0.2356,-0.0896,1.3432,-0.0458,-0.0063,-0.1822,32.9287,0.0312,-2.8441,0.1007
65.850,273.946,2.7819,-3.0706,64.597,2.7633,-3.1075,65.275,-0.0413,0.0010,0.0413,0.678,2.6565,-16.1572,0.646,0.2539,13.0477,64.629,5.874,-0.8899,279.163,0.8388,0.0043,0.0050,1.1629,1,5.9228,5.9386,nan,5.7741,5.8842,0.2330,-0.1031,1.3432,-0.0501,0.0272,-0.1911,33.2280,0.0453,-1.7552,0.1007
65.900,274.209,2.8984,-2.8351,62.209,2.8793,-2.8883,62.321,-0.0559,-0.0079,0.0565,0.112,2.5682,-16.1483,0.233,0.3651,13.2586,62.088,5.804,-0.7701,279.423,0.8333,0.0008,0.0161,20.5159,1,6.0753,6.2686,nan,5.6571,5.5583,0.2201,-0.0291,1.3432,-0.1057,-0.0102,-0.1981,33.4276,-0.0395,-2.0049,0.1007
65.950,274.580,3.0745,-2.5085,61.314,3.0387,-2.5852,61.757,-0.0844,-0.0054,0.0846,0.443,2.6350,-16.1648,0.564,0.5373,13.5750,61.194,5.653,-0.0831,279.784,0.8328,0.0116,0.0009,0.0796,1,5.7336,5.5867,nan,5.6572,5.7514,0.2278,-0.0099,1.3432,-0.1163,0.0111,-0.2085,33.7269,0.0394,-3.6428,0.1007
66.000,274.828,3.1941,-2.2909,61.117,3.1291,-2.4128,62.098,-0.1382,-0.0020,0.1382,0.981,2.7335,-16.1740,0.996,0.6347,13.7522,61.102,5.631,-0.1139,280.033,0.8386,0.0073,0.0152,2.0915,1,5.7216,5.7850,nan,5.7575,5.7845,0.2291,-0.0904,1.3422,-0.0761,0.1052,-0.1952,33.9265,0.0109,-0.6168,0.1007
66.050,275.070,3.3126,-2.0800,59.605,3.2610,-2.1686,61.456,-0.1025,-0.0003,0.1025,1.851,2.6775,-16.1679,0.752,0.7671,13.9904,60.704,5.611,-0.8461,280.276,0.8354,0.0006,0.0189,32.7524,1,5.5300,5.5195,nan,5.5293,5.5288,0.2190,-0.1166,1.2802,-0.0364,0.1530,-0.1153,34.2258,-0.0002,-0.2701,0.1007
66.100,275.326,3.4457,-1.8618,57.004,3.4170,-1.9094,58.563,-0.0556,-0.0019,0.0556,1.560,2.9544,-16.1674,1.860,0.9252,14.2354,56.703,5.508,-0.8528,280.526,0.8230,0.0013,0.0154,11.8596,1,5.5199,5.5796,nan,5.1616,5.3086,0.2102,-0.0040,1.2179,-0.0226,0.0780,-0.0358,34.5252,0.0800,-2.7976,0.1007
66.150,275.708,3.6562,-1.5423,56.876,3.6092,-1.5995,58.380,-0.0736,0.0081,0.0741,1.504,2.9546,-16.1655,1.855,1.1258,14.5371,56.525,5.238,0.2749,280.890,0.8250,0.0210,0.0197,0.9361,1,5.1894,5.0681,nan,4.9166,4.9517,0.1961,0.0330,1.1814,-0.0056,0.0523,0.0201,34.7248,0.0800,-3.4401,0.1007
66.200,275.920,3.7711,-1.3648,57.507,3.7002,-1.4581,58.354,-0.1168,0.0097,0.1172,0.847,2.6987,-16.1605,0.853,1.2202,14.6859,57.501,5.086,0.2553,281.090,0.8333,0.0056,0.0156,2.8031,1,5.3041,5.4195,nan,4.5616,4.4538,0.1764,-0.0399,1.1226,0.0504,0.1270,0.1092,35.0241,-0.0530,-4.6511,0.1007
66.250,276.132,3.8853,-1.1862,57.104,3.8038,-1.2867,58.505,-0.1286,0.0139,0.1294,1.401,2.6933,-16.1621,0.840,1.3285,14.8576,57.666,4.783,-0.0787,281.280,0.8364,0.0001,0.0303,327.7340,1,5.1290,5.1281,nan,4.2298,4.2092,0.1667,0.0215,1.0831,0.0650,0.0952,0.1609,35.2237,-0.0800,-2.8890,0.1007
66.300,276.442,4.0531,-0.9248,57.635,3.9649,-1.0244,58.376,-0.1314,0.0212,0.1331,0.741,2.6734,-16.1354,0.719,1.4810,15.0936,57.656,4.402,0.1569,281.565,0.8426,0.0057,0.0430,7.5073,1,4.7244,4.4397,nan,4.1246,4.0517,0.1605,0.1342,1.0702,0.0644,0.0218,0.2199,35.4233,-0.0400,-7.3430,0.1007
66.350,276.639,4.1572,-0.7573,59.420,4.0690,-0.8676,59.341,-0.1398,0.0198,0.1412,-0.079,2.5271,-16.1130,0.111,1.5715,15.2424,59.230,4.184,0.9073,281.750,0.8499,0.0169,0.0267,1.5760,1,4.3705,4.2377,nan,3.9236,3.9289,0.1556,0.1669,1.0702,0.0741,-0.0030,0.2762,35.6228,0.0031,-4.4993,0.1007
66.400,276.811,4.2422,-0.6077,61.956,4.1512,-0.7365,61.172,-0.1565,0.0197,0.1577,-0.784,2.3671,-16.0841,-0.540,1.6395,15.3637,61.711,4.021,1.0764,281.913,0.8587,0.0081,0.0443,5.4746,1,4.1885,4.1861,nan,3.7359,3.7022,0.1466,0.2255,1.0702,0.0719,0.0149,0.3333,35.8224,-0.0195,-4.9297,0.1007
66.450,276.987,4.3214,-0.4506,65.301,4.2359,-0.5679,64.164,-0.1423,0.0286,0.1451,-1.138,2.3454,-16.0804,-0.616,1.7235,15.5320,64.780,3.815,1.3479,282.080,0.8569,0.0069,0.0510,7.4194,1,3.9803,3.9701,nan,3.5611,3.5183,0.1393,0.2716,1.0649,0.0635,-0.0026,0.3947,36.0220,-0.0248,-5.6883,0.1007
66.500,277.150,4.3856,-0.3009,69.101,4.3086,-0.4033,68.183,-0.1231,0.0354,0.1281,-0.918,2.2535,-16.0509,-0.999,1.7820,15.6810,69.182,3.606,1.5496,282.233,0.8623,0.0082,0.0587,7.1693,1,3.7604,3.7453,nan,3.4791,3.5099,0.1390,0.2922,1.0060,0.0697,0.0001,0.4530,36.2215,0.0178,-3.5533,0.1007
66.550,277.393,4.4606,-0.0704,75.431,4.4092,-0.1473,73.598,-0.0874,0.0304,0.0925,-1.833,2.0633,-15.9835,-1.798,1.8478,15.9020,75.396,3.442,1.5547,282.471,0.8688,0.0256,0.0293,1.1422,1,3.4604,3.3983,nan,3.3357,3.4530,0.1368,0.2880,0.9258,0.0693,-0.0162,0.5199,36.4211,0.0679,-4.0206,0.1007
66.600,277.560,4.4973,0.0927,79.757,4.4642,0.0259,77.200,-0.0716,0.0207,0.0746,-2.557,1.8863,-15.9380,-2.498,1.8797,16.0611,79.698,3.372,1.5690,282.638,0.8724,0.0223,0.0169,0.7550,1,3.4797,3.5112,nan,3.2684,3.2628,0.1292,0.3536,0.9310,0.0405,-0.0579,0.5942,36.6207,-0.0033,-2.0350,0.1007
66.650,277.695,4.5174,0.2265,83.832,4.5007,0.1923,81.454,-0.0358,0.0129,0.0381,-2.377,1.8136,-15.9246,-2.786,1.9005,16.2284,84.240,3.243,1.8166,282.769,0.8805,0.0130,0.0151,1.1662,1,3.4400,3.4619,nan,3.2949,3.2174,0.1274,0.3616,0.9203,0.0101,-0.1167,0.6553,36.8202,-0.0449,-4.3366,0.1007
66.701,277.896,4.5285,0.4271,90.533,4.5120,0.3761,87.901,-0.0509,0.0170,0.0536,-2.632,1.8136,-15.9246,-2.786,1.9028,16.4125,90.687,3.198,2.0173,282.975,0.8845,0.0280,0.0135,0.4800,1,3.2191,3.1970,nan,3.4168,3.5339,0.1400,0.4115,0.8726,-0.0032,-0.0839,0.6273,36.9200,0.0678,-3.5359,0.1007
66.750,278.054,4.5199,0.5852,96.387,4.5016,0.5615,94.165,-0.0215,0.0209,0.0300,-2.222,1.8626,-15.9302,-2.605,1.8865,16.5946,96.771,3.260,2.0106,283.144,0.8984,0.0280,0.0087,0.3115,1,3.3484,3.4084,nan,3.4884,3.4380,0.1362,0.3812,0.9441,-0.0197,-0.0881,0.5454,37.1196,-0.0292,0.8967,0.1005
66.800,278.182,4.5015,0.7112,100.745,4.4901,0.6458,97.728,-0.0621,0.0234,0.0664,-3.017,1.7948,-15.9230,-2.843,1.8700,16.6821,100.572,3.268,1.9470,283.275,0.8865,0.0154,0.0347,2.2599,1,3.2716,3.2867,nan,3.6422,3.7281,0.1476,0.3397,0.9566,-0.0274,-0.0840,0.4726,37.3191,0.0497,0.4688,0.1005
66.850,278.336,4.4672,0.8612,105.491,4.4546,0.8474,102.784,-0.0099,0.0159,0.0187,-2.707,1.8267,-15.9103,-2.737,1.8245,16.8641,105.521,3.404,1.7674,283.442,0.9055,0.0141,0.0206,1.4621,1,3.3340,3.3734,nan,3.8079,3.9450,0.1562,0.3034,1.0096,-0.0413,-0.0772,0.4050,37.5187,0.0793,-0.4880,0.1005
66.900,278.486,4.4226,1.0045,109.592,4.4106,0.9968,107.527,-0.0033,0.0138,0.0142,-2.065,1.9302,-15.9252,-2.379,1.7759,17.0104,109.906,3.561,1.6841,283.605,0.9102,0.0168,0.0233,1.3936,1,3.5052,3.5875,nan,3.9825,4.0959,0.1622,0.2664,1.0997,-0.0626,-0.0748,0.3391,37.7183,0.0657,3.6577,0.1005
66.950,278.756,4.3187,1.2545,115.643,4.2841,1.3020,114.232,0.0578,0.0106,0.0588,-1.411,2.0905,-15.9489,-1.825,1.6429,17.3120,116.058,3.856,1.2774,283.900,0.9532,0.0125,0.0066,0.5293,1,3.6414,3.7076,nan,4.1655,4.2904,0.1699,0.2128,1.1846,-0.0784,-0.0548,0.2739,37.9179,0.0723,2.3175,0.1005
67.000,278.917,4.2458,1.3978,118.673,4.2088,1.4348,117.452,0.0502,0.0147,0.0523,-1.221,2.2047,-15.9807,-1.445,1.5643,17.4605,118.897,3.979,1.2203,284.071,0.9603,0.0110,0.0029,0.2595,1,3.8330,3.9308,nan,4.2570,4.2938,0.1701,0.1543,1.2660,-0.0731,-0.0261,0.2473,38.0176,0.0203,3.6128,0.1005
67.050,279.103,4.1533,1.5587,121.264,4.1285,1.5718,119.893,0.0241,0.0145,0.0281,-1.371,2.2345,-15.9873,-1.345,1.4814,17.5987,121.238,4.078,0.8911,284.263,0.9442,0.0093,0.0069,0.7377,1,3.8969,3.9425,nan,4.5172,4.6241,0.1831,0.0838,1.3604,-0.0764,-0.0304,0.1535,38.3170,0.0800,2.8180,0.1005
67.100,279.270,4.0649,1.7004,122.594,4.0319,1.7313,122.009,0.0438,0.0112,0.0452,-0.585,2.2498,-15.9917,-1.303,1.3787,17.7589,123.311,4.251,0.5505,284.442,0.9634,0.0116,0.0105,0.8998,1,4.1017,4.2160,nan,4.7589,4.8401,0.1917,0.0514,1.4058,-0.0869,-0.0268,0.0928,38.5165,0.0800,4.5840,0.1005
67.150,279.566,3.9025,1.9476,123.938,3.8992,1.9422,123.035,-0.0027,0.0058,0.0063,-0.903,2.4060,-16.0289,-0.853,1.2254,17.9913,123.889,4.574,0.3251,284.762,0.9502,0.0084,0.0048,0.5639,1,4.3390,4.5083,nan,4.9850,5.0891,0.2015,0.0458,1.3911,-0.1073,-0.0402,-0.0026,38.8159,0.0800,3.2858,0.1005
67.200,279.776,3.7840,2.1210,124.790,3.7809,2.1181,124.065,-0.0006,0.0042,0.0042,-0.725,2.4527,-16.0405,-0.718,1.1005,18.1738,124.783,4.740,0.3348,284.985,0.9591,0.0107,0.0084,0.7899,1,4.5767,4.7672,nan,5.1282,5.2670,0.2086,0.0460,1.2969,-0.1146,-0.0299,-0.0623,39.0155,0.0650,4.7252,0.1005
67.250,279.998,3.6560,2.3026,125.680,3.6338,2.3283,125.121,0.0338,0.0030,0.0340,-0.559,2.5088,-16.0639,-0.581,0.9384,18.4027,125.702,4.893,0.2855,285.219,1.0068,0.0106,0.0087,0.8239,1,4.8237,5.0541,nan,5.0447,4.9353,0.1955,0.0318,1.2133,-0.1145,0.0040,-0.0834,39.2150,-0.0488,2.7891,0.1005
67.300,280.318,3.4670,2.5615,126.483,3.4757,2.5522,125.550,-0.0126,-0.0015,0.0127,-0.933,2.3783,-16.0556,-0.989,0.7760,18.6240,126.539,4.798,0.1235,285.535,0.9693,0.0116,0.0078,0.6759,1,4.9520,5.0599,nan,4.8088,4.7064,0.1864,0.0166,1.1063,-0.1051,0.0494,-0.1211,39.5144,0.0800,-0.9720,0.1005
67.350,280.542,3.3338,2.7406,126.868,3.3631,2.7172,125.561,-0.0363,-0.0094,0.0375,-1.307,2.3256,-16.0775,-1.226,0.6352,18.8126,126.787,4.693,0.2794,285.751,0.9795,0.0214,0.0043,0.2028,1,4.8715,4.8996,nan,4.4252,4.5275,0.1793,0.0423,1.0423,-0.0957,0.0666,-0.1424,39.7140,0.0552,-2.3747,0.1005
67.400,280.732,3.2191,2.8921,127.570,3.2461,2.8797,126.590,-0.0263,-0.0139,0.0297,-0.981,2.4167,-16.0886,-0.971,0.5080,18.9797,127.560,4.587,0.2974,285.934,0.9965,0.0175,0.0017,0.0999,1,4.8559,4.9002,nan,4.1403,4.0545,0.1606,0.0479,0.9789,-0.0826,0.1056,-0.0813,39.9135,-0.0467,-3.3269,0.1005
67.450,280.936,3.0936,3.0530,128.441,3.1358,3.0147,128.051,-0.0563,-0.0093,0.0570,-0.390,2.6282,-16.1057,-0.338,0.3950,19.1230,128.389,4.300,0.3660,286.119,0.9789,0.0132,0.0033,0.2522,1,4.5997,4.5605,nan,3.8611,3.7581,0.1488,0.0578,0.9131,-0.0592,0.1302,0.0413,40.1131,-0.0596,-2.0250,0.1005
67.500,281.122,2.9767,3.1983,129.381,3.0268,3.1471,128.948,-0.0713,-0.0062,0.0716,-0.433,2.5897,-16.1045,-0.445,0.2877,19.2544,129.393,4.015,0.2500,286.288,0.9654,0.0118,0.0079,0.6738,1,4.3187,4.2667,nan,3.7261,3.7032,0.1467,0.0352,0.8554,-0.0234,0.1441,0.1598,40.3127,-0.0133,-8.1761,0.1005
67.550,281.381,2.8108,3.3976,130.398,2.8788,3.3189,129.870,-0.1040,-0.0007,0.1040,-0.528,2.6241,-16.1075,-0.331,0.1423,19.4275,130.201,3.719,0.4199,286.531,0.9380,0.0272,0.0100,0.3676,1,3.9856,3.8964,nan,3.4702,3.4819,0.1379,0.0730,0.8510,0.0004,0.1308,0.2232,40.4125,0.0068,-5.2850,0.1005
67.600,281.542,2.7060,3.5187,131.446,2.7714,3.4382,131.580,-0.1036,0.0042,0.1037,0.135,2.7896,-16.1038,0.177,0.0423,19.5420,131.403,3.573,0.4507,286.683,0.9314,0.0181,0.0164,0.9030,1,3.6320,3.5129,nan,3.3490,3.4862,0.1381,0.0896,0.8000,0.0258,0.1022,0.3428,40.6120,0.0795,-4.5671,0.1005
67.650,281.693,2.6044,3.6316,132.661,2.6572,3.5621,132.706,-0.0868,0.0083,0.0872,0.044,2.7740,-16.1080,0.125,-0.0740,19.6704,132.581,3.483,0.5299,286.830,0.9500,0.0138,0.0162,1.1711,1,3.5780,3.5990,nan,3.1192,3.0760,0.1218,0.1904,0.8000,0.0502,0.0551,0.4624,40.8116,-0.0250,-2.5664,0.1005
67.700,281.916,2.4491,3.7917,136.425,2.5257,3.6918,136.312,-0.1244,0.0196,0.1259,-0.113,2.7740,-16.1080,0.125,-0.2052,19.8003,136.187,3.076,1.2887,287.033,0.9183,0.0113,0.0299,2.6471,1,3.4849,3.4988,nan,2.9046,2.7906,0.1105,0.3385,0.8000,0.0611,0.0360,0.5228,40.9114,-0.0800,-7.1743,0.1005
67.750,282.055,2.3458,3.8844,140.389,2.4266,3.7765,139.876,-0.1310,0.0316,0.1348,-0.513,2.7409,-16.1123,0.025,-0.3056,19.8889,139.851,2.869,1.2966,287.165,0.9144,0.0374,0.0323,0.8652,1,3.1377,3.0173,nan,2.8032,2.8129,0.1114,0.2780,0.8000,0.0809,0.0910,0.5852,41.0112,0.0056,-6.5361,0.1005
67.800,282.191,2.2390,3.9678,143.799,2.3185,3.8553,143.966,-0.1306,0.0438,0.1377,0.167,2.7409,-16.1123,0.025,-0.4137,19.9678,143.941,2.779,1.3045,287.298,0.9144,0.0338,0.0381,1.1249,1,2.8988,2.8659,nan,2.7027,2.7850,0.1103,0.4053,0.8000,0.0984,0.0382,0.7127,41.2107,0.0476,-2.3016,0.1005
67.850,282.303,2.1466,4.0317,147.517,2.2001,3.9532,146.835,-0.0873,0.0375,0.0950,-0.682,2.4288,-16.0910,-0.836,-0.5213,20.0387,147.672,2.703,1.7609,287.409,0.9309,0.0246,0.0279,1.1383,1,2.6641,2.6298,nan,2.7027,2.7321,0.1082,0.4517,0.8000,0.1030,0.0186,0.7861,41.3105,0.0170,-2.4388,0.1005
67.900,282.470,2.0008,4.1136,154.292,2.0681,4.0271,153.555,-0.0982,0.0488,0.1096,-0.737,2.4613,-16.0840,-0.730,-0.6494,20.1044,154.285,2.628,1.8754,287.578,0.9096,0.0123,0.0400,3.2477,1,2.6020,2.6140,nan,2.5173,2.6549,0.1051,0.5911,0.8000,0.0905,0.0342,0.8554,41.4103,0.0800,-2.6615,0.1005
67.950,282.543,1.9345,4.1436,157.433,1.9955,4.0607,156.614,-0.0882,0.0531,0.1029,-0.819,2.4613,-16.0840,-0.730,-0.7224,20.1371,157.344,2.575,2.0230,287.651,0.9167,0.0136,0.0357,2.6303,1,2.6941,2.7352,nan,2.4304,2.4006,0.0951,0.5784,0.8000,0.0875,-0.0456,1.0246,41.6099,-0.0172,-1.0538,0.1005
68.000,282.694,1.7919,4.1931,164.798,1.8521,4.1246,163.162,-0.0760,0.0503,0.0912,-1.636,2.2571,-16.0720,-1.313,-0.8676,20.1820,164.474,2.347,2.1488,287.798,0.9181,0.0328,0.0263,0.8014,1,2.5718,2.5726,nan,2.4111,2.3069,0.0914,0.6309,0.8000,0.0762,-0.1570,1.1945,41.8094,-0.0603,-2.3207,0.1005
68.050,282.799,1.6898,4.2156,170.658,1.7553,4.1530,168.852,-0.0748,0.0511,0.0906,-1.806,2.1804,-16.0637,-1.502,-0.9547,20.1986,170.353,2.221,2.2674,287.903,0.9021,0.0252,0.0328,1.3020,1,2.4509,2.4514,nan,2.4178,2.3954,0.0949,0.6895,0.8000,0.0525,-0.1668,1.1987,41.9092,-0.0129,-4.6361,0.1005
68.100,282.900,1.5891,4.2269,176.918,1.6341,4.1788,175.537,-0.0475,0.0456,0.0659,-1.381,2.2403,-16.0484,-1.302,-1.0657,20.2082,176.839,2.193,2.4525,288.035,0.9116,0.0165,0.0283,1.7135,1,2.2901,2.2788,nan,2.4138,2.5079,0.0993,0.7795,0.8000,0.0259,-0.1669,1.1975,42.0090,0.0544,-1.4605,0.1005
68.150,283.051,1.4384,4.2220,-172.607,1.4464,4.1765,-173.610,-0.0020,0.0462,0.0462,-1.003,2.3560,-16.0392,-0.934,-1.2391,20.1981,-172.676,2.183,2.7036,288.179,0.9324,0.0149,0.0332,2.2275,1,2.3373,2.3643,nan,2.4042,2.4550,0.0972,0.7515,0.8000,-0.0026,-0.1519,1.2004,42.1088,0.0294,-0.7309,0.1005
68.200,283.138,1.3527,4.2064,-166.495,1.3681,4.1677,-167.652,-0.0059,0.0412,0.0416,-1.157,2.3824,-16.0317,-0.889,-1.3276,20.1812,-166.763,2.179,2.6025,288.274,0.9349,0.0357,0.0299,0.8369,1,2.3943,2.4234,nan,2.4112,2.4240,0.0960,0.7195,0.8000,-0.0180,-0.1128,1.2014,42.2086,0.0074,-0.8661,0.1005
68.250,283.234,1.2608,4.1790,-160.098,1.2701,4.1379,-160.808,0.0053,0.0418,0.0421,-0.710,2.3354,-16.0302,-1.050,-1.4346,20.1453,-159.759,2.181,2.4536,288.378,0.9476,0.0207,0.0236,1.1390,1,2.4493,2.4792,nan,2.4022,2.3689,0.0938,0.6903,0.8000,-0.0524,-0.2192,1.2041,42.4081,-0.0193,0.3427,0.1005
68.300,283.336,1.1668,4.1389,-153.586,1.1740,4.0944,-154.206,0.0134,0.0431,0.0451,-0.620,2.3710,-16.0289,-0.951,-1.5310,20.1006,-153.254,2.170,2.4331,288.487,0.9490,0.0140,0.0225,1.6029,1,2.3488,2.3522,nan,2.4022,2.4428,0.0967,0.7449,0.8000,-0.0610,-0.1142,1.2041,42.4081,0.0235,-0.6541,0.1005
68.350,283.474,1.0482,4.0678,-144.006,1.0645,4.0260,-145.724,0.0114,0.0434,0.0449,-1.718,2.2331,-16.0293,-1.389,-1.6544,20.0211,-144.336,2.159,2.7684,288.641,0.9518,0.0435,0.0288,0.6617,1,2.1792,2.1648,nan,2.3926,2.4992,0.0990,0.8032,0.8000,-0.0745,-0.1213,1.2038,42.5079,0.0800,-0.8665,0.1005
68.400,283.569,0.9749,4.0077,-136.871,0.9842,3.9600,-138.906,0.0258,0.0411,0.0486,-2.035,2.1341,-16.0281,-1.707,-1.7447,19.9451,-137.200,2.157,2.8363,288.748,0.9653,0.0287,0.0212,0.7373,1,2.4338,2.5651,nan,2.5997,2.6398,0.1045,0.6984,0.8000,-0.0933,-0.1921,1.0576,42.7075,0.0232,-1.3771,0.1005
68.450,283.669,0.9058,3.9353,-130.269,0.9211,3.8892,-132.201,0.0253,0.0415,0.0486,-1.932,2.0554,-16.0258,-1.952,-1.8121,19.8648,-130.249,2.273,2.4648,288.863,0.9622,0.0173,0.0238,1.3764,1,2.5131,2.5490,nan,2.7129,2.6666,0.1056,0.6584,0.8000,-0.0998,-0.1476,0.9550,42.8073,-0.0268,-1.1447,0.1005
68.500,283.768,0.8454,3.8564,-124.215,0.8498,3.7978,-125.530,0.0460,0.0366,0.0587,-1.314,2.2478,-16.0132,-1.403,-1.8826,19.7709,-124.127,2.339,2.4870,288.975,0.9696,0.0141,0.0283,2.0032,1,2.4126,2.4167,nan,2.8239,2.9203,0.1157,0.6663,0.8000,-0.1157,-0.1511,0.8308,42.9071,0.0558,1.9672,0.1005
68.550,283.934,0.7641,3.7120,-114.241,0.7559,3.6225,-115.338,0.0850,0.0293,0.0899,-1.097,2.2977,-16.0043,-1.272,-1.9772,19.5877,-114.066,2.545,2.4731,289.170,0.9773,0.0356,0.0332,0.9327,1,2.5202,2.5636,nan,2.9464,3.0373,0.1203,0.6016,0.8000,-0.1257,-0.0968,0.7512,43.0068,0.0526,0.8921,0.1005
68.600,284.059,0.7193,3.5957,-107.352,0.7203,3.5095,-108.403,0.0820,0.0267,0.0862,-1.051,2.4132,-15.9882,-0.957,-2.0183,19.4667,-107.446,2.650,2.3279,289.311,0.9730,0.0309,0.0225,0.7266,1,2.7989,2.9771,nan,3.0695,3.0227,0.1197,0.4783,0.8000,-0.1326,-0.0292,0.6251,43.1066,-0.0271,1.7165,0.1005
68.650,284.162,0.6923,3.4963,-102.894,0.6960,3.3975,-102.656,0.0955,0.0256,0.0989,0.238,2.5096,-15.9846,-0.682,-2.0440,19.3592,-101.975,2.767,1.8643,289.424,0.9708,0.0164,0.0130,0.7968,1,2.8960,2.9405,nan,3.3276,3.3559,0.1329,0.3277,0.8689,-0.1289,-0.0151,0.4226,43.3062,0.0164,3.4737,0.1005
68.700,284.295,0.6672,3.3656,-98.824,0.6708,3.2815,-99.482,0.0826,0.0164,0.0842,-0.658,2.4720,-15.9824,-0.793,-2.0678,19.2371,-98.689,2.993,1.4971,289.572,0.9705,0.0213,0.0251,1.1756,1,2.8704,2.8897,nan,3.4481,3.5708,0.1414,0.2818,0.8887,-0.1283,0.0098,0.3635,0.0000,0.0710,5.4208,0.1005
68.750,284.513,0.6437,3.1485,-93.768,0.6459,3.0239,-93.775,0.1241,0.0104,0.1246,-0.006,2.6302,-15.9603,-0.332,-2.0942,18.9724,-93.443,3.330,0.9576,289.813,0.9689,0.0192,0.0179,0.9362,1,3.0096,3.0698,nan,3.7817,3.7395,0.1481,0.1848,1.0334,-0.1395,-0.0022,0.1809,0.1996,0.0800,4.7715,0.1005
68.800,284.674,0.6366,2.9879,-91.148,0.6392,2.8644,-91.339,0.1234,0.0051,0.1235,-0.191,2.6985,-15.9436,-0.124,-2.1000,18.8036,-91.215,3.498,0.8508,289.984,0.9670,0.0169,0.0148,0.8773,1,3.2777,3.4507,nan,3.8849,4.0012,0.1585,0.1305,1.2038,-0.1357,0.0018,0.0721,0.3991,0.0800,4.5737,0.1004
68.850,284.833,0.6359,2.8294,-89.311,0.6391,2.6773,-88.892,0.1522,0.0013,0.1522,0.419,2.8531,-15.9358,0.354,-2.0989,18.6264,-89.247,3.688,0.6725,290.153,0.9643,0.0177,0.0132,0.7424,1,3.5284,3.6805,nan,4.0816,4.2004,0.1664,0.0703,1.3185,-0.1304,0.0349,0.0452,0.5987,0.0687,5.3782,0.1004
68.900,285.074,0.6423,2.5877,-88.026,0.6482,2.3908,-87.786,0.1969,-0.0009,0.1969,0.240,2.7211,-15.9493,-0.055,-2.0904,18.3381,-87.731,3.978,0.1830,290.413,0.9614,0.0166,0.0072,0.4299,1,3.6718,3.7417,nan,4.2668,4.3883,0.1738,0.0301,1.3860,-0.1232,0.0564,0.0298,0.7983,0.0800,4.9184,0.1004
68.950,285.278,0.6504,2.3845,-87.484,0.6553,2.2076,-87.529,0.1770,-0.0029,0.1770,-0.046,2.7319,-15.9584,-0.021,-2.0833,18.1652,-87.508,4.148,0.2009,290.628,0.9626,0.0217,0.0211,0.9757,1,3.9668,4.2740,nan,4.5263,4.6598,0.1845,0.0323,1.5090,-0.1184,0.0329,0.0160,1.0976,0.0711,4.3339,0.1004
69.000,285.456,0.6590,2.2064,-86.993,0.6667,2.0296,-86.667,0.1770,-0.0016,0.1770,0.326,2.8468,-15.9239,0.339,-2.0737,17.9661,-87.006,4.325,0.1939,290.818,0.9613,0.0179,0.0065,0.3615,1,4.1587,4.2668,nan,4.6888,4.8019,0.1902,0.0256,1.5216,-0.1160,0.0327,0.0097,1.1974,0.0576,5.3154,0.1004
69.050,285.646,0.6697,2.0171,-86.582,0.6779,1.8301,-86.783,0.1872,-0.0029,0.1872,-0.201,2.6594,-15.9373,-0.258,-2.0614,17.7583,-86.525,4.488,0.0571,291.019,0.9598,0.0200,0.0086,0.4296,1,4.4078,4.5967,nan,4.9193,5.0234,0.1989,0.0017,1.5216,-0.1002,0.0492,-0.0117,1.4968,0.0504,4.5279,0.1004
69.100,285.852,0.6823,1.8111,-86.518,0.6883,1.6396,-86.408,0.1716,-0.0044,0.1716,0.111,2.7493,-15.9298,0.037,-2.0498,17.5707,-86.445,4.670,0.0493,291.239,0.9607,0.0195,0.0094,0.4822,1,4.5658,4.6744,nan,5.0651,5.1632,0.2045,0.0086,1.5216,-0.0970,0.0383,-0.0133,1.6963,0.0460,5.0453,0.1004
69.150,286.158,0.7015,1.5053,-86.393,0.7087,1.3229,-85.946,0.1825,-0.0043,0.1826,0.447,2.8464,-15.9223,0.357,-2.0302,17.2582,-86.302,4.912,-0.0374,291.565,0.9604,0.0176,0.0061,0.3491,1,4.6915,4.7851,nan,5.2735,5.4391,0.2154,-0.0054,1.5225,-0.0835,0.0485,-0.0110,1.9957,0.0759,4.2512,0.1004
69.200,286.403,0.7169,1.2607,-86.502,0.7247,0.9980,-86.617,0.2627,-0.0083,0.2628,-0.115,2.7022,-15.9588,-0.114,-2.0113,16.9529,-86.503,5.075,-0.0745,291.824,0.9590,0.0159,0.0018,0.1158,1,4.9276,5.1505,nan,5.4062,5.4976,0.2177,-0.0148,1.5225,-0.0679,0.0533,-0.0118,2.2950,0.0401,4.3254,0.1004
69.250,286.624,0.7301,1.0401,-86.787,0.7386,0.7667,-86.932,0.2734,-0.0068,0.2735,-0.145,2.6946,-15.9647,-0.145,-1.9982,16.7264,-86.787,5.198,-0.0932,292.056,0.9595,0.0144,0.0045,0.3148,1,5.1563,5.3853,nan,5.6585,5.7721,0.2286,-0.0101,1.5241,-0.0629,0.0443,-0.0150,2.5944,0.0477,3.1945,0.1004
69.300,286.841,0.7420,0.8239,-86.976,0.7504,0.5538,-87.273,0.2702,-0.0059,0.2703,-0.297,2.6562,-15.9728,-0.282,-1.9871,16.5171,-86.991,5.353,-0.0870,292.286,0.9598,0.0132,0.0112,0.8499,1,5.2870,5.4133,nan,5.8376,5.9906,0.2373,-0.0129,1.5241,-0.0512,0.0393,-0.0116,2.7940,0.0628,4.6531,0.1004
69.350,287.220,0.7609,0.4451,-87.467,0.7651,0.1733,-87.574,0.2717,-0.0079,0.2718,-0.107,2.6809,-15.9707,-0.187,-1.9686,16.1377,-87.387,5.635,-0.1566,292.692,0.9603,0.0128,0.0102,0.7952,1,5.4030,5.5238,nan,6.0090,6.2054,0.2458,-0.0183,1.5241,-0.0378,0.0384,-0.0101,3.1931,0.0800,3.0023,0.1004
69.400,287.495,0.7723,0.1707,-87.896,0.7774,-0.1382,-87.900,0.3089,-0.0063,0.3090,-0.003,2.7321,-15.9615,-0.005,-1.9560,15.8231,-87.895,5.802,-0.1453,292.984,0.9626,0.0128,0.0100,0.7789,1,5.6350,5.9212,nan,6.1733,6.3256,0.2505,-0.0160,1.5241,-0.0307,0.0315,-0.0133,3.4924,0.0590,4.0906,0.1004
69.450,287.736,0.7807,-0.0698,-88.231,0.7862,-0.3993,-88.078,0.3295,-0.0047,0.3295,0.154,2.7731,-15.9505,0.146,-1.9472,15.5562,-88.224,5.925,-0.1786,293.237,0.9654,0.0124,0.0103,0.8301,1,5.8788,6.2303,nan,6.3313,6.4219,0.2543,-0.0206,1.5265,-0.0198,0.0312,-0.0083,3.7918,0.0337,3.5712,0.1004
69.500,288.126,0.7907,-0.4605,-88.969,0.7987,-0.7696,-88.566,0.3092,0.0025,0.3092,0.403,2.8378,-15.9186,0.381,-1.9382,15.1623,-88.948,6.109,-0.2076,293.649,0.9668,0.0124,0.0065,0.5233,1,5.9540,6.0711,nan,6.4835,6.6359,0.2628,-0.0219,1.5265,-0.0102,0.0272,-0.0093,4.0911,0.0562,3.0245,0.1004
69.550,288.417,0.7948,-0.7507,-89.533,0.8043,-1.0916,-89.135,0.3410,0.0067,0.3410,0.398,2.8392,-15.9091,0.391,-1.9338,14.8310,-89.526,6.231,-0.2114,293.953,0.9731,0.0143,0.0016,0.1135,1,6.1443,6.3952,nan,6.6304,6.7519,0.2674,-0.0217,1.5265,-0.0023,0.0217,-0.0094,4.2907,0.0435,3.2190,0.1004
69.600,288.687,0.7961,-1.0211,-90.068,0.8071,-1.3673,-89.413,0.3462,0.0114,0.3464,0.655,2.8999,-15.8999,0.627,-1.9337,14.5546,-90.040,6.336,-0.2075,294.237,0.9753,0.0138,0.0060,0.4388,1,6.3236,6.5748,nan,6.8186,6.9509,0.2753,-0.0196,1.5276,0.0053,0.0144,-0.0060,4.6898,0.0461,2.6242,0.1004
69.650,288.988,0.7948,-1.3225,-90.589,0.8099,-1.6880,-89.484,0.3653,0.0189,0.3658,1.104,3.0268,-15.8703,1.131,-1.9364,14.2234,-90.616,6.482,-0.1934,294.556,0.9827,0.0132,0.0125,0.9510,1,6.5472,6.9199,nan,6.9988,7.1021,0.2813,-0.0192,1.5276,0.0117,0.0113,-0.0071,5.0890,0.0349,3.4613,0.1004
69.700,289.403,0.7884,-1.7372,-91.358,0.8026,-2.0328,-90.772,0.2952,0.0212,0.2959,0.586,2.8539,-15.9056,0.450,-1.9422,13.8885,-91.223,6.686,-0.2578,294.996,0.9681,0.0126,0.0089,0.7039,1,6.5814,6.6953,nan,7.1292,7.3085,0.2894,-0.0253,1.5292,0.0202,0.0146,-0.0105,5.3883,0.0602,3.5590,0.1004
69.750,289.714,0.7796,-2.0478,-92.033,0.7942,-2.4768,-91.039,0.4283,0.0299,0.4293,0.993,2.9886,-15.8780,1.018,-1.9559,13.4380,-92.058,6.813,-0.1698,295.325,1.0013,0.0179,0.0113,0.6306,1,6.7925,7.1549,nan,7.2972,7.4474,0.2949,-0.0001,1.5309,0.0075,-0.0099,-0.0089,5.7875,0.0490,3.3303,0.1004
69.800,290.017,0.7686,-2.3504,-92.114,0.7920,-2.6848,-90.774,0.3333,0.0357,0.3352,1.339,3.1380,-15.8371,1.654,-1.9655,13.2145,-92.428,6.945,-0.0510,295.645,0.9815,0.0126,0.0220,1.7460,1,6.9454,7.2020,nan,7.4192,7.5485,0.2989,-0.0058,1.5311,0.0095,-0.0036,-0.0075,6.0868,0.0413,3.2564,0.1004
69.850,290.339,0.7563,-2.6726,-92.279,0.7790,-3.1017,-90.930,0.4279,0.0397,0.4297,1.349,3.0616,-15.8362,1.353,-1.9813,12.7848,-92.284,7.063,-0.0936,295.984,1.0114,0.0126,0.0235,1.8593,1,7.1842,7.7236,nan,7.6151,7.7162,0.3056,-0.0302,1.5311,0.0253,0.0174,-0.0038,6.5857,0.0313,3.0874,0.1004
69.901,290.797,0.7349,-3.1299,-93.244,0.7591,-3.5296,-92.296,0.3977,0.0468,0.4004,0.948,2.9749,-15.8387,0.988,-2.0032,12.3455,-93.284,7.218,-0.1700,296.466,1.0067,0.0256,0.0115,0.4489,1,6.7918,6.5177,nan,7.6533,7.6547,0.3032,-0.0154,1.5322,0.0149,0.0072,-0.0036,6.7853,0.0800,2.9277,0.1004
69.950,291.123,0.7155,-3.4555,-93.663,0.7361,-3.8124,-92.280,0.3549,0.0434,0.3575,1.383,3.0529,-15.7570,1.395,-2.0253,11.9975,-93.675,7.278,-0.0820,296.803,1.0158,0.0209,0.0190,0.9088,1,7.0176,7.4523,nan,7.8758,7.8928,0.3126,0.0203,1.5322,-0.0075,-0.0250,-0.0076,7.2842,0.0800,1.7989,0.1004
70.000,291.461,0.6946,-3.7924,-93.175,0.7146,-4.1711,-92.456,0.3770,0.0409,0.3792,0.720,2.9159,-15.7814,0.759,-2.0473,11.6385,-93.215,7.392,0.2048,297.158,1.0236,0.0128,0.0151,1.1786,1,7.2093,7.5673,nan,7.9830,8.0965,0.3207,0.0149,1.5342,-0.0172,-0.0110,-0.0056,7.5836,0.0800,2.7356,0.1004
70.050,291.804,0.6764,-4.1353,-92.724,0.6978,-4.5406,-91.956,0.4038,0.0407,0.4058,0.768,2.9121,-15.7847,0.756,-2.0657,11.2723,-92.712,7.528,0.0813,297.523,1.0315,0.0126,0.0158,1.2524,1,7.4600,8.2501,nan,8.0000,8.1949,0.3245,0.0001,1.5350,-0.0205,0.0105,-0.0021,7.9827,0.0583,3.4234,0.1004
70.100,292.123,0.6613,-4.4537,-92.707,0.6785,-4.8575,-92.724,0.4025,0.0363,0.4042,-0.016,2.7497,-15.7859,-0.055,-2.0817,10.9264,-92.669,7.638,0.0042,297.947,1.0419,0.0126,0.0072,0.5712,1,7.6113,7.9177,nan,8.0000,8.0828,0.3201,0.0013,1.5355,-0.0212,0.0099,-0.0012,8.3819,0.0243,3.1215,0.1004
70.150,292.637,0.6372,-4.9673,-92.641,0.6588,-5.3723,-91.839,0.4036,0.0403,0.4056,0.802,2.9135,-15.7662,0.822,-2.1053,10.4251,-92.661,7.701,0.1308,298.390,1.0370,0.0125,0.0145,1.1628,1,7.7086,7.9388,nan,8.0000,8.0109,0.3173,0.0275,1.5355,-0.0406,-0.0096,-0.0043,8.6812,0.0032,1.4085,0.1004
70.200,292.991,0.6224,-5.3213,-91.946,0.6424,-5.7795,-91.244,0.4573,0.0355,0.4587,0.702,2.8935,-15.7848,0.745,-2.1209,10.0337,-91.989,7.704,0.0579,298.751,1.0515,0.0127,0.0177,1.3903,1,7.7688,7.9572,nan,8.0000,7.9687,0.3156,-0.0007,1.5360,-0.0264,0.0171,-0.0027,9.1801,-0.0090,0.0896,0.1004
70.250,293.269,0.6130,-5.5985,-91.946,0.6289,-6.1298,-91.495,0.5305,0.0339,0.5316,0.452,2.8151,-15.8598,0.334,-2.1294,9.7425,-91.829,7.702,-0.0117,299.033,1.0561,0.0123,0.0120,0.9748,1,7.7659,7.8942,nan,8.0000,8.1257,0.3218,-0.0072,1.5359,-0.0212,0.0229,-0.0015,9.5793,0.0372,-0.0680,0.1004
70.300,293.632,0.6003,-5.9613,-92.146,0.6148,-6.4504,-92.265,0.4882,0.0328,0.4893,-0.119,2.7076,-15.8933,-0.289,-2.1403,9.4322,-91.976,7.744,-0.0839,299.408,1.0349,0.0120,0.0051,0.4274,1,7.7188,7.8120,nan,8.0000,8.2137,0.3253,0.0057,1.5359,-0.0273,0.0103,-0.0004,9.9784,0.0641,-0.0535,0.1004
70.350,294.168,0.5810,-6.4977,-91.617,0.5929,-7.0442,-92.121,0.5459,0.0274,0.5466,-0.504,2.7200,-15.9009,-0.226,-2.1619,8.8483,-91.895,7.796,0.3804,299.960,1.0546,0.0126,0.0125,0.9934,1,7.8592,8.1661,nan,8.0000,8.1070,0.3211,0.0317,1.5352,-0.0418,-0.0112,0.0039,10.3775,0.0315,0.7614,0.1004
70.400,294.519,0.5730,-6.8486,-90.732,0.5819,-7.4704,-90.614,0.6216,0.0168,0.6219,0.118,2.7543,-15.9394,0.029,-2.1682,8.4701,-90.643,7.797,0.0191,300.316,1.0640,0.0121,0.0089,0.7379,1,7.8878,8.0492,nan,8.0000,8.0853,0.3202,-0.0164,1.5345,-0.0197,0.0358,0.0003,10.8764,0.0250,0.0650,0.1004
70.450,294.870,0.5678,-7.1994,-91.159,0.5749,-7.8267,-91.432,0.6271,0.0198,0.6274,-0.273,2.6868,-15.9483,-0.432,-2.1730,8.1054,-91.000,7.793,-0.1811,300.673,1.0695,0.0120,0.0140,1.1659,1,7.9484,8.1463,nan,8.0000,8.0392,0.3184,-0.0141,1.5345,-0.0097,0.0270,0.0034,11.2756,0.0114,-0.1025,0.1004
70.500,295.376,0.5557,-7.7051,-91.422,0.5576,-8.3629,-91.887,0.6575,0.0183,0.6578,-0.465,2.7192,-15.9931,-0.190,-2.1869,7.6230,-91.697,7.774,0.2081,301.186,1.0614,0.0115,0.0163,1.4254,1,7.9148,8.0232,nan,8.0000,8.0648,0.3194,0.0180,1.5316,-0.0213,-0.0069,0.0047,11.6747,0.0189,-0.4298,0.1004
70.550,295.757,0.5476,-8.0859,-90.832,0.5505,-8.7231,-91.103,0.6371,0.0121,0.6372,-0.271,2.7084,-15.9617,-0.292,-2.1947,7.2275,-90.811,7.772,0.0759,301.573,1.0672,0.0121,0.0119,0.9818,1,7.8000,7.8510,nan,8.0000,8.1520,0.3229,-0.0094,1.5305,-0.0093,0.0218,0.0039,12.0738,0.0451,-0.1071,0.1004
70.600,296.076,0.5427,-8.4051,-91.029,0.5453,-8.9662,-91.286,0.5610,0.0127,0.5611,-0.257,2.7032,-15.9689,-0.329,-2.1980,6.9902,-90.957,7.799,-0.1288,301.900,1.0344,0.0114,0.0138,1.2096,1,7.6564,7.6872,nan,8.0000,8.2611,0.3272,-0.0124,1.5305,-0.0025,0.0219,0.0054,12.3732,0.0790,0.6710,0.1004
70.650,296.420,0.5359,-8.7493,-91.374,0.5352,-9.3651,-92.043,0.6157,0.0141,0.6158,-0.669,2.6643,-15.9581,-0.677,-2.2068,6.5673,-91.365,7.834,-0.0279,302.254,1.0662,0.0104,0.0195,1.8668,1,7.8104,8.1400,nan,7.4534,7.6397,0.3026,0.0095,1.5285,-0.0055,-0.0034,0.0065,12.9719,0.0599,1.2403,0.1004
70.700,296.785,0.5277,-9.1140,-91.096,0.5250,-9.7002,-91.357,0.5861,0.0086,0.5862,-0.261,2.7106,-15.8538,-0.283,-2.2159,6.1428,-91.073,7.678,0.1643,302.606,1.0930,0.0101,0.0124,1.2334,1,8.0159,8.5145,nan,7.1467,6.9438,0.2750,0.0165,1.5285,-0.0098,-0.0087,0.0082,13.1715,-0.0634,-3.2505,0.1004
70.750,297.291,0.5203,-9.6202,-90.726,0.5237,-10.1092,-90.290,0.4889,0.0096,0.4890,0.435,2.7585,-15.8291,0.145,-2.2203,5.7255,-90.435,7.249,-0.1216,303.072,1.0526,0.0096,0.0110,1.1467,1,7.6091,7.2852,nan,6.9368,6.8834,0.2726,-0.0108,1.5285,0.0032,0.0181,0.0092,13.4708,-0.0176,-7.9473,0.1004
70.800,297.606,0.5158,-9.9350,-91.040,0.5147,-10.4384,-91.018,0.5034,0.0080,0.5034,0.021,2.7435,-15.8556,0.033,-2.2256,5.4185,-91.052,7.058,-0.0941,303.371,1.0504,0.0092,0.0095,1.0424,1,7.2789,7.1183,nan,6.5049,6.3744,0.2525,-0.0063,1.5285,0.0124,0.0067,0.0084,13.7702,-0.0453,-4.9230,0.1004
70.850,297.890,0.5104,-10.2183,-91.191,0.5114,-10.7464,-91.346,0.5280,0.0120,0.5281,-0.154,2.7294,-15.8897,-0.149,-2.2314,5.1375,-91.196,6.779,-0.0119,303.630,1.0498,0.0084,0.0087,1.0307,1,6.9516,6.8059,nan,6.2833,6.2331,0.2469,0.0028,1.5275,0.0078,-0.0014,0.0112,14.0695,-0.0183,-7.7872,0.1003
70.900,298.189,0.5044,-10.5173,-91.112,0.5058,-10.9347,-91.152,0.4173,0.0095,0.4174,-0.041,2.7402,-15.8253,-0.024,-2.2365,4.8897,-91.128,6.523,0.0356,303.908,1.0305,0.0077,0.0065,0.8371,1,6.5533,6.2634,nan,5.9425,5.9354,0.2351,0.0036,1.5275,0.0100,-0.0034,0.0074,14.3689,-0.0027,-6.7093,0.1003
70.950,298.630,0.4962,-10.9585,-91.018,0.4951,-11.3376,-91.037,0.3790,0.0056,0.3791,-0.019,2.7337,-15.8319,-0.064,-2.2436,4.4919,-90.974,6.069,-0.0090,304.310,1.0156,0.0056,0.0066,1.1880,1,6.2247,6.0894,nan,5.5895,5.5639,0.2204,-0.0009,1.5275,0.0112,0.0019,0.0095,14.6682,-0.0105,-7.1959,0.1003
71.000,298.897,0.4914,-11.2257,-91.036,0.4890,-11.5536,-91.144,0.3279,0.0035,0.3279,-0.108,2.7300,-15.7985,-0.097,-2.2482,4.2411,-91.048,5.816,0.0172,304.558,1.0105,0.0046,0.0063,1.3912,1,6.0105,5.9863,nan,5.2219,5.0798,0.2012,0.0054,1.5024,0.0071,-0.0038,0.0107,14.9676,-0.0609,-6.7978,0.1003
71.050,299.112,0.4876,-11.4409,-90.941,0.4830,-11.7917,-91.417,0.3509,0.0012,0.3509,-0.476,2.7054,-15.8315,-0.421,-2.2520,4.0233,-90.996,5.527,0.0610,304.751,1.0113,0.0060,0.0118,1.9859,1,5.6345,5.4263,nan,5.0955,5.1431,0.2037,0.0078,1.4225,0.0044,-0.0046,0.0089,15.1671,0.0219,-8.5226,0.1003
71.100,299.488,0.4822,-11.8168,-90.612,0.4770,-12.1272,-91.158,0.3104,-0.0018,0.3104,-0.546,2.7030,-15.8390,-0.471,-2.2564,3.6934,-90.687,5.220,0.1138,305.104,0.9980,0.0043,0.0110,2.5534,1,5.2208,4.9081,nan,4.8361,4.9888,0.1976,0.0139,1.3426,0.0011,-0.0067,0.0122,15.3667,0.0800,-5.5947,0.1003
71.150,299.710,0.4802,-12.0384,-90.333,0.4746,-12.3143,-90.408,0.2759,-0.0040,0.2759,-0.074,2.7278,-15.7718,-0.081,-2.2581,3.4543,-90.327,5.076,0.1350,305.316,1.0022,0.0035,0.0038,1.1099,1,5.2829,5.3669,nan,4.4268,4.3068,0.1706,0.0198,1.2411,0.0003,-0.0045,0.0113,15.6661,-0.0800,-3.9016,0.1003
71.200,299.949,0.4794,-12.2771,-89.914,0.4739,-12.4397,-89.794,0.1626,-0.0057,0.1627,0.120,2.7411,-15.7406,0.157,-2.2581,3.3071,-89.951,4.690,0.1073,305.527,0.9813,0.0022,0.0023,1.0180,1,5.0510,5.0188,nan,4.2118,4.0935,0.1621,0.0103,1.1803,0.0052,0.0097,0.0116,15.8656,-0.0800,-8.9655,0.1003
71.250,300.144,0.4799,-12.4720,-89.739,0.4757,-12.6299,-89.306,0.1579,-0.0049,0.1580,0.433,2.7568,-15.7046,0.441,-2.2574,3.0921,-89.747,4.391,0.0678,305.702,0.9848,0.0020,0.0021,1.0939,1,4.7773,4.7230,nan,4.1015,3.9658,0.1571,0.0096,1.1234,0.0094,0.0171,0.0118,16.0652,-0.0800,-8.3925,0.1003
71.300,300.323,0.4810,-12.6515,-89.578,0.4779,-12.6990,-88.949,0.0475,-0.0035,0.0476,0.629,2.7669,-15.6153,0.638,-2.2564,2.9416,-89.587,4.167,0.0830,305.868,0.9798,0.0009,0.0032,3.5145,1,4.4486,4.3495,nan,3.8747,3.7902,0.1501,0.0166,1.0926,0.0140,0.0214,0.0084,16.1650,-0.0489,-6.8195,0.1003
71.350,300.502,0.4826,-12.8299,-89.319,0.4763,-12.8485,-89.642,0.0185,-0.0065,0.0197,-0.323,2.7165,-15.6140,-0.300,-2.2546,2.7537,-89.342,3.957,0.1042,306.034,0.9811,0.0026,0.0032,1.2371,1,4.0609,3.8645,nan,3.7595,3.8794,0.1536,0.0217,1.0690,0.0195,0.0283,0.0147,16.2648,0.0694,-6.0714,0.1003
71.400,300.767,0.4867,-13.0952,-88.539,0.4775,-13.1229,-88.793,0.0275,-0.0099,0.0292,-0.253,2.7255,-15.5999,-0.037,-2.2495,2.4755,-88.756,3.841,0.4025,306.293,0.9826,0.0021,0.0032,1.5030,1,3.9394,3.9522,nan,3.7595,3.8048,0.1507,0.0669,1.0250,0.0140,0.0176,0.0111,16.3645,0.0800,-3.4880,0.1003
71.450,300.935,0.4922,-13.2630,-87.547,0.4842,-13.2838,-87.552,0.0204,-0.0089,0.0223,-0.006,2.7240,-15.6119,-0.082,-2.2431,2.3249,-87.470,3.788,0.3782,306.458,0.9786,0.0041,0.0032,0.7822,1,3.8751,3.8968,nan,3.5320,3.6008,0.1426,0.0549,0.9811,0.0230,0.0496,0.0743,16.5641,0.0398,-1.6256,0.1003
71.500,301.113,0.5010,-13.4413,-86.644,0.4962,-13.4482,-86.718,0.0066,-0.0052,0.0084,-0.075,2.7260,-15.6001,-0.097,-2.2334,2.1481,-86.622,3.645,0.4152,306.628,0.9774,0.0045,0.0047,1.0630,1,3.6340,3.6091,nan,3.3141,3.3720,0.1335,0.0805,0.8707,0.0314,0.0409,0.1675,16.7637,0.0335,-1.8108,0.1003
71.550,301.338,0.5170,-13.6653,-84.859,0.5075,-13.6233,-85.386,-0.0426,-0.0057,0.0430,-0.527,2.7140,-15.5873,-0.331,-2.2177,1.9512,-85.055,3.349,0.5783,306.837,0.9734,0.0067,0.0051,0.7630,1,3.4826,3.4851,nan,3.1080,3.1080,0.1231,0.1108,0.8344,0.0417,0.0411,0.2195,16.8635,0.0000,-5.2076,0.1003
71.600,301.475,0.5308,-13.8018,-83.498,0.5217,-13.7493,-83.599,-0.0532,-0.0031,0.0533,-0.101,2.7182,-15.5638,-0.182,-2.2023,1.8075,-83.418,3.198,0.5522,306.967,0.9729,0.0044,0.0022,0.4905,1,3.4069,3.4232,nan,3.0104,2.9618,0.1173,0.1364,0.8000,0.0476,0.0229,0.3123,17.0630,-0.0282,-5.0260,0.1003
71.650,301.621,0.5492,-13.9465,-81.742,0.5351,-13.8482,-82.058,-0.0993,0.0001,0.0993,-0.317,2.7203,-15.5492,-0.062,-2.1871,1.6986,-81.996,3.030,0.7085,307.105,0.9713,0.0046,0.0124,2.6892,1,3.1643,3.1335,nan,2.9151,2.9619,0.1173,0.1624,0.8000,0.0547,0.0174,0.3594,17.1628,0.0271,-2.5779,0.1003
71.700,301.744,0.5685,-14.0677,-79.978,0.5573,-13.9719,-80.013,-0.0962,0.0057,0.0964,-0.036,2.7229,-15.5404,0.018,-2.1651,1.5691,-80.031,2.958,0.7476,307.224,0.9696,0.0037,0.0189,5.0866,1,2.9345,2.9057,nan,2.8239,2.9615,0.1173,0.2279,0.8000,0.0615,0.0268,0.4100,17.2626,0.0797,-2.7962,0.1003
71.750,301.950,0.6109,-14.2694,-75.582,0.6046,-14.1756,-76.138,-0.0924,0.0172,0.0940,-0.555,2.7173,-15.5309,-0.121,-2.1156,1.3508,-76.016,2.819,1.2456,307.427,0.9647,0.0173,0.0074,0.4283,1,2.9192,2.9404,nan,2.7339,2.7885,0.1104,0.2816,0.8000,0.0671,-0.0225,0.5078,17.4622,0.0316,-1.2837,0.1003
71.800,302.069,0.6435,-14.3845,-72.550,0.6323,-14.2520,-72.457,-0.1298,0.0290,0.1330,0.093,2.7219,-15.5124,0.102,-2.0873,1.2642,-72.559,2.747,1.2495,307.544,0.9655,0.0113,0.0206,1.8336,1,2.9018,2.9225,nan,2.6485,2.6392,0.1045,0.3060,0.8000,0.0795,0.0211,0.5534,17.5620,-0.0054,-2.5254,0.1003
71.850,302.185,0.6810,-14.4939,-69.383,0.6692,-14.3644,-69.376,-0.1253,0.0346,0.1300,0.006,2.7216,-15.5171,0.112,-2.0501,1.1567,-69.488,2.646,1.2753,307.657,0.9655,0.0033,0.0298,9.0169,1,2.8519,2.8676,nan,2.4791,2.3690,0.0938,0.3362,0.8000,0.0886,0.0280,0.6112,17.6617,-0.0637,-3.9046,0.1003
71.900,302.351,0.7462,-14.6471,-64.092,0.7114,-14.4773,-65.792,-0.1679,0.0429,0.1733,-1.701,2.7203,-15.5215,0.213,-2.0050,1.0517,-66.005,2.444,1.2951,307.815,0.9815,0.0252,0.0383,1.5198,1,2.6980,2.6926,nan,2.3973,2.3254,0.0921,0.4581,0.8000,0.0902,-0.0365,0.7160,17.8613,-0.0416,-3.9516,0.1003
71.950,302.460,0.7971,-14.7426,-59.601,0.7865,-14.6291,-59.391,-0.1032,0.0483,0.1140,0.211,2.7269,-15.5378,0.362,-1.9346,0.9209,-59.752,2.271,1.6865,307.922,0.9648,0.0220,0.0287,1.3026,1,2.4782,2.4489,nan,2.3165,2.3425,0.0928,0.5043,0.8000,0.0889,-0.0435,0.7770,17.9611,0.0151,-3.8704,0.1003
72.000,302.568,0.8556,-14.8336,-54.677,0.8533,-14.7450,-54.731,-0.0736,0.0493,0.0886,-0.054,2.7109,-15.5708,-0.344,-1.8625,0.8147,-54.387,2.232,1.8153,308.032,0.9528,0.0204,0.0251,1.2303,1,2.3161,2.3048,nan,2.1567,2.1802,0.0863,0.5372,0.8000,0.0878,-0.0066,0.8405,18.0609,0.0136,-1.6119,0.1003
72.050,302.650,0.9056,-14.8993,-50.660,0.8948,-14.7963,-51.095,-0.0865,0.0570,0.1036,-0.435,2.7109,-15.5708,-0.344,-1.8206,0.7637,-50.751,2.131,1.8335,308.114,0.9594,0.0034,0.0350,10.4275,1,2.3127,2.3306,nan,2.0820,2.0431,0.0809,0.6029,0.8000,0.0791,-0.0079,0.9059,18.1607,-0.0225,-4.2151,0.1003
72.100,302.743,0.9671,-14.9682,-45.658,0.9622,-14.8868,-46.321,-0.0617,0.0534,0.0816,-0.663,2.7080,-15.6067,-0.823,-1.7560,0.6948,-45.498,1.999,1.9515,308.205,0.9563,0.0046,0.0288,6.2553,1,2.1661,2.1574,nan,2.0485,2.0846,0.0826,0.6697,0.8000,0.0791,-0.0061,0.9915,18.2604,0.0209,-4.5828,0.1003
72.150,302.884,1.0729,-15.0615,-36.956,1.0845,-15.0087,-38.313,-0.0225,0.0492,0.0541,-1.357,2.7009,-15.6375,-1.357,-1.6308,0.5904,-36.956,1.929,2.1616,308.352,0.9382,0.0053,0.0248,4.6441,1,1.9959,1.9790,nan,2.0404,2.0742,0.0821,0.6952,0.8000,0.0651,-0.0145,1.0761,18.3602,0.0196,-1.9117,0.1003
72.200,302.963,1.1378,-15.1060,-31.903,1.1309,-15.0557,-33.936,-0.0325,0.0391,0.0508,-2.032,2.6936,-15.6692,-1.901,-1.5822,0.5613,-32.035,1.911,2.1480,308.434,0.9528,0.0207,0.0078,0.3747,1,2.0801,2.1125,nan,2.0305,2.0006,0.0792,0.7555,0.8000,0.0476,-0.1251,1.2010,18.5598,-0.0173,-1.3400,0.1003
72.250,303.045,1.2099,-15.1461,-26.275,1.2115,-15.1082,-28.779,-0.0154,0.0347,0.0379,-2.504,2.6845,-15.6810,-2.297,-1.4949,0.5134,-26.482,1.849,2.3071,308.520,0.9384,0.0112,0.0191,1.7054,1,1.9781,1.9780,nan,2.0305,2.0704,0.0820,0.7925,0.8000,0.0228,-0.1497,1.2030,18.6596,0.0231,-2.2272,0.1003
72.300,303.126,1.2841,-15.1781,-20.270,1.2754,-15.1363,-22.260,-0.0226,0.0362,0.0427,-1.991,2.6942,-15.6770,-1.974,-1.4366,0.4915,-20.287,1.832,2.3764,308.609,0.9533,0.0051,0.0254,5.0163,1,1.9950,2.0136,nan,2.0303,2.0572,0.0815,0.7894,0.8000,0.0109,-0.1517,1.1982,18.7594,0.0155,-1.4864,0.1003
72.350,303.248,1.4017,-15.2113,-11.172,1.4190,-15.1834,-13.344,0.0116,0.0308,0.0329,-2.172,2.6901,-15.6751,-1.882,-1.2865,0.4498,-11.462,1.821,2.3754,308.744,0.9218,0.0266,0.0139,0.5243,1,2.0089,2.0270,nan,2.0384,2.0608,0.0816,0.7942,0.8000,0.0022,-0.1433,1.2032,18.8591,0.0130,-1.1345,0.1003
72.400,303.330,1.4828,-15.2228,-5.047,1.5064,-15.1973,-6.540,0.0212,0.0274,0.0347,-1.494,2.6811,-15.6704,-1.708,-1.1883,0.4379,-4.832,1.826,2.3113,308.835,0.9048,0.0180,0.0123,0.6878,1,2.0780,2.1072,nan,2.0303,1.9941,0.0790,0.7570,0.8000,-0.0086,-0.1366,1.1979,18.9589,-0.0210,-0.8321,0.1003
72.450,303.419,1.5719,-15.2257,1.258,1.5854,-15.1980,-0.291,0.0141,0.0274,0.0308,-1.549,2.6696,-15.6678,-1.629,-1.0971,0.4389,1.338,1.820,2.2115,308.931,0.9023,0.0147,0.0060,0.4055,1,2.0116,2.0180,nan,2.0519,2.0825,0.0825,0.7419,0.8000,-0.0106,-0.1442,1.2033,19.0587,0.0177,0.5308,0.1003
72.500,303.494,1.6468,-15.2206,6.441,1.6518,-15.1950,4.601,0.0079,0.0249,0.0261,-1.840,2.6696,-15.6678,-1.629,-1.0307,0.4437,6.230,1.850,2.1160,309.013,0.9108,0.0029,0.0109,3.6883,1,1.9821,1.9937,nan,2.0303,2.0669,0.0819,0.6985,0.8000,-0.0144,-0.0367,1.2033,19.0587,0.0212,0.0567,0.1003
72.550,303.625,1.7757,-15.1962,11.521,1.7320,-15.1807,10.127,-0.0397,0.0239,0.0463,-1.394,2.6595,-15.6608,-1.248,-0.9377,0.4598,11.375,1.878,2.0968,309.155,0.9474,0.0343,0.0116,0.3376,1,1.9454,1.9557,nan,2.0519,2.1224,0.0841,0.6847,0.8000,-0.0235,-0.0558,1.1984,19.1585,0.0408,0.7740,0.1003
72.600,303.706,1.8525,-15.1721,19.981,1.8623,-15.1419,18.553,0.0195,0.0250,0.0317,-1.428,2.6503,-15.6624,-1.338,-0.8000,0.5019,19.890,1.935,2.0278,309.241,0.8849,0.0166,0.0065,0.3938,1,2.0376,2.0722,nan,2.1733,2.2222,0.0880,0.6350,0.8000,-0.0265,-0.0600,1.1351,19.2583,0.0283,0.7278,0.1003
72.650,303.791,1.9309,-15.1397,24.933,1.9315,-15.1122,23.535,0.0122,0.0247,0.0276,-1.398,2.6404,-15.6636,-1.151,-0.7198,0.5371,24.685,2.012,1.9140,309.334,0.8829,0.0073,0.0027,0.3699,1,2.0498,2.0679,nan,2.2562,2.3156,0.0917,0.5811,0.8000,-0.0285,-0.0668,1.0144,19.3581,0.0344,2.7507,0.1003
72.700,303.886,2.0152,-15.0959,29.968,2.0299,-15.0614,29.000,0.0299,0.0226,0.0375,-0.968,2.6404,-15.6636,-1.151,-0.6225,0.5898,30.151,2.112,1.8541,309.436,0.8692,0.0030,0.0024,0.7981,1,2.1506,2.1885,nan,2.3443,2.3611,0.0935,0.5460,0.8000,-0.0358,-0.0661,0.9064,19.4578,0.0097,3.1189,0.1003
72.750,304.025,2.1314,-15.0194,36.653,2.1508,-14.9749,36.065,0.0421,0.0241,0.0485,-0.588,2.6420,-15.6546,-0.613,-0.4985,0.6744,36.679,2.245,1.7640,309.585,0.8608,0.0163,0.0128,0.7890,1,2.1769,2.1984,nan,2.4366,2.4865,0.0985,0.4966,0.8000,-0.0423,-0.0663,0.8080,19.5576,0.0289,2.1937,0.1003
72.800,304.127,2.2113,-14.9550,41.260,2.2317,-14.9082,40.707,0.0462,0.0217,0.0510,-0.552,2.6372,-15.6587,-0.518,-0.4123,0.7468,41.225,2.316,1.7280,309.694,0.8539,0.0109,0.0086,0.7849,1,2.3137,2.3650,nan,2.6330,2.7001,0.1069,0.4580,0.8000,-0.0484,-0.1146,0.6243,19.7572,0.0388,1.4475,0.1003
72.850,304.235,2.2895,-14.8811,45.725,2.3126,-14.8293,45.269,0.0532,0.0196,0.0567,-0.456,2.6394,-15.6553,-0.579,-0.3351,0.8226,45.847,2.453,1.6758,309.812,0.8549,0.0053,0.0057,1.0770,1,2.4510,2.5039,nan,2.7364,2.7632,0.1094,0.3995,0.8000,-0.0562,-0.0802,0.5367,19.8570,0.0155,4.3055,0.1003
72.900,304.338,2.3590,-14.8051,49.442,2.3902,-14.7419,49.131,0.0683,0.0174,0.0705,-0.311,2.6394,-15.6553,-0.579,-0.2585,0.9109,49.710,2.557,1.5583,309.921,0.8471,0.0016,0.0031,1.9833,1,2.4761,2.5000,nan,2.8434,2.9180,0.1156,0.3105,0.8000,-0.0670,-0.0511,0.4531,19.9568,0.0432,3.8772,0.1002
72.950,304.523,2.4728,-14.6594,54.639,2.5159,-14.5808,54.062,0.0890,0.0104,0.0896,-0.577,2.6410,-15.6550,-0.529,-0.1351,1.0730,54.591,2.762,1.2492,310.116,0.8369,0.0100,0.0160,1.5992,1,2.5428,2.5758,nan,2.9523,3.0439,0.1205,0.2393,0.8000,-0.0710,-0.0301,0.3645,20.0565,0.0530,3.4510,0.1002
73.000,304.648,2.5425,-14.5560,57.244,2.5749,-14.4902,56.733,0.0729,0.0083,0.0734,-0.511,2.6410,-15.6550,-0.529,-0.0769,1.1642,57.261,2.904,0.7988,310.248,0.8488,0.0031,0.0094,3.0289,1,2.8083,2.9627,nan,3.1737,3.2039,0.1269,0.1720,0.8611,-0.0848,-0.0421,0.1974,20.2561,0.0175,3.8314,0.1002
73.050,304.788,2.6161,-14.4368,59.299,2.6597,-14.3541,59.061,0.0934,0.0048,0.0935,-0.237,2.6447,-15.6564,-0.356,0.0069,1.3024,59.418,3.040,0.4907,310.394,0.8380,0.0016,0.0119,7.3714,1,2.9714,3.0420,nan,3.2823,3.2532,0.1288,0.0679,0.9111,-0.0971,-0.0472,0.0404,20.4557,-0.0169,4.1421,0.1002
73.100,304.914,2.6798,-14.3275,60.075,2.7290,-14.2288,59.608,0.1101,0.0066,0.1103,-0.466,2.6376,-15.6544,-0.521,0.0785,1.4264,60.130,3.119,0.3255,310.524,0.8300,0.0006,0.0090,14.3549,1,3.1013,3.1589,nan,3.5691,3.6580,0.1449,0.0270,0.9509,-0.1027,-0.0327,-0.0363,20.5555,0.0515,2.7966,0.1002
73.150,305.133,2.7872,-14.1367,60.623,2.8317,-14.0517,60.459,0.0959,0.0029,0.0959,-0.164,2.6411,-15.6507,-0.535,0.1757,1.6007,60.993,3.356,-0.1765,310.756,0.8404,0.0034,0.0187,5.5582,1,3.0061,3.0161,nan,3.6345,3.6452,0.1444,-0.0336,0.9217,-0.1057,-0.0112,-0.1864,20.7550,0.0800,1.2914,0.1002
73.200,305.283,2.8612,-14.0059,60.169,2.9188,-13.9031,59.473,0.1178,0.0012,0.1178,-0.696,2.6338,-15.6562,-0.673,0.2644,1.7563,60.146,3.460,-0.1913,310.911,0.8254,0.0015,0.0175,11.5534,1,3.3011,3.5487,nan,3.6056,3.7142,0.1471,-0.0673,1.0122,-0.1124,0.0074,-0.3377,20.9546,0.0800,3.2791,0.1002
73.250,305.413,2.9261,-13.8937,59.425,3.0119,-13.7525,58.024,0.1652,-0.0020,0.1652,-1.401,2.6135,-15.6664,-1.106,0.3613,1.9213,59.130,3.535,-0.3675,311.044,0.7956,0.0008,0.0173,21.4113,1,3.4589,3.5337,nan,3.6756,3.7964,0.1504,-0.0927,1.0732,-0.1085,0.0665,-0.3595,21.1542,0.0800,2.0450,0.1002
73.300,305.596,3.0207,-13.7372,57.961,3.0177,-13.7442,57.455,-0.0075,-0.0012,0.0076,-0.506,2.6135,-15.6664,-1.106,0.3670,1.9297,58.561,3.619,-0.4433,311.232,0.8869,0.0004,0.0057,15.4937,1,3.0906,2.9312,nan,3.7311,3.4281,0.1358,-0.0550,0.9589,-0.1113,0.0312,-0.3595,21.1542,0.0800,1.5209,0.1002
73.350,305.839,3.1517,-13.5322,56.748,3.2136,-13.4575,55.577,0.0964,-0.0108,0.0970,-1.171,2.6124,-15.6695,-1.200,0.5547,2.2242,56.777,3.470,-0.3109,311.467,0.8256,0.0043,0.0185,4.3258,1,3.3310,3.4637,nan,3.9372,3.8736,0.1534,-0.0603,1.1064,-0.0899,0.0842,-0.2375,21.4535,0.0800,-2.7790,0.1002
73.400,305.988,3.2342,-13.4078,55.954,3.3038,-13.3301,55.114,0.1034,-0.0142,0.1043,-0.840,2.6279,-15.6732,-0.850,0.6411,2.3529,55.965,3.616,-0.3360,311.624,0.8218,0.0016,0.0150,9.4477,1,3.4803,3.5520,nan,4.0910,4.0772,0.1615,-0.0599,1.0829,-0.0726,0.1178,-0.1575,21.6531,0.0800,3.9325,0.1002
73.450,306.163,3.3330,-13.2637,55.032,3.4085,-13.1830,54.497,0.1095,-0.0156,0.1106,-0.535,2.6424,-15.6737,-0.559,0.7418,2.4981,55.056,3.801,-0.3392,311.810,0.8199,0.0007,0.0140,20.2201,1,3.6307,3.7032,nan,4.1688,4.2604,0.1687,-0.0565,1.0572,-0.0478,0.1293,-0.0779,21.8527,0.0800,3.5238,0.1002
73.500,306.339,3.4345,-13.1206,54.182,3.5068,-13.0485,53.630,0.1008,-0.0164,0.1021,-0.553,2.6398,-15.6749,-0.593,0.8398,2.6353,54.223,3.981,-0.2289,311.997,0.8234,0.0000,0.0122,263.8634,1,3.8295,3.9328,nan,4.4358,4.5525,0.1803,-0.0139,1.0462,-0.0155,0.1225,0.0371,22.1520,0.0800,5.1038,0.1002
73.550,306.602,3.5890,-12.9079,54.169,3.6624,-12.8318,53.989,0.1046,-0.0150,0.1057,-0.181,2.6717,-15.6870,0.151,0.9982,2.8526,53.838,4.133,0.2308,312.270,0.8194,0.0083,0.0230,2.7672,1,4.0356,4.1507,nan,4.1350,4.1502,0.1644,0.0358,1.0158,0.0121,0.1001,0.1135,22.3516,0.0086,5.3124,0.1002
73.600,306.778,3.6920,-12.7641,54.737,3.7998,-12.6412,54.838,0.1626,-0.0171,0.1635,0.101,2.6650,-15.6951,0.105,1.1404,3.0518,54.733,4.098,0.2148,312.445,0.7825,0.0034,0.0339,10.1216,1,4.1923,4.2796,nan,3.8993,3.9783,0.1576,0.0264,1.0020,0.0514,0.1200,0.1963,22.5511,0.0800,-1.0201,0.1002
73.650,306.969,3.8014,-12.6083,55.192,3.8779,-12.5251,55.158,0.1119,-0.0153,0.1130,-0.034,2.6443,-15.7052,-0.060,1.2303,3.1814,55.217,4.005,0.1874,312.629,0.8005,0.0009,0.0221,23.2557,1,4.3324,4.4178,nan,3.6776,3.5411,0.1402,0.0998,1.0020,0.0688,0.0825,0.2774,22.7507,-0.0790,-1.2306,0.1002
73.700,307.139,3.8974,-12.4680,56.509,3.9483,-12.4187,56.084,0.0692,-0.0153,0.0709,-0.425,2.6422,-15.7150,0.029,1.3078,3.2956,56.055,3.761,0.6649,312.785,0.8183,0.0010,0.0106,10.9504,1,3.9286,3.6550,nan,3.6776,3.7993,0.1505,0.1547,0.9841,0.0780,0.0557,0.3155,22.8505,0.0800,-6.8207,0.1002
73.750,307.385,4.0279,-12.2596,59.782,4.0839,-12.2000,59.497,0.0797,-0.0184,0.0817,-0.285,2.6197,-15.7090,-0.355,1.4425,3.5179,59.851,3.669,0.8235,313.027,0.8143,0.0142,0.0343,2.4089,1,3.6775,3.6474,nan,3.4701,3.6008,0.1426,0.1437,0.9212,0.0994,0.0552,0.3978,23.0501,0.0800,-1.1632,0.1002
73.800,307.559,4.1131,-12.1076,62.020,4.1361,-12.0839,61.945,0.0317,-0.0092,0.0330,-0.075,2.5919,-15.7597,-0.206,1.5309,3.6813,62.151,3.588,0.8467,313.198,0.8115,0.0122,0.0210,1.7235,1,3.5059,3.5037,nan,3.2774,3.3685,0.1334,0.1715,0.8782,0.1109,0.0174,0.4809,23.2496,0.0527,-2.1894,0.1002
73.850,307.763,4.2045,-11.9248,65.433,4.1683,-12.0180,63.671,-0.0998,-0.0058,0.0999,-1.762,2.5919,-15.7597,-0.206,1.5629,3.7474,63.877,3.457,0.9355,313.390,0.8743,0.0219,0.0101,0.4617,1,3.5274,3.5599,nan,3.1861,3.1746,0.1257,0.2292,0.8836,0.1297,0.0132,0.5213,23.3494,-0.0066,-4.9713,0.1002
73.900,307.849,4.2392,-11.8465,67.189,4.2186,-11.8735,67.424,-0.0329,0.0085,0.0340,0.235,2.5979,-15.7962,0.251,1.6378,3.9155,67.173,3.254,1.1641,313.472,0.8300,0.0052,0.0200,3.8261,1,3.2248,3.1570,nan,3.0245,3.1041,0.1229,0.2327,0.8078,0.1336,0.0105,0.5676,23.4492,0.0461,-4.1154,0.1002
73.950,308.070,4.3172,-11.6398,71.844,4.2769,-11.7020,71.751,-0.0716,0.0189,0.0741,-0.093,2.5795,-15.8016,0.073,1.7026,4.0975,71.679,3.019,1.1480,313.683,0.8434,0.0229,0.0354,1.5463,1,3.3562,3.4174,nan,2.9673,2.8631,0.1134,0.2439,0.8407,0.1570,-0.0213,0.6634,23.6488,-0.0603,-2.8315,0.1002
74.000,308.205,4.3563,-11.5101,74.803,4.3194,-11.5729,74.740,-0.0703,0.0192,0.0728,-0.063,2.5735,-15.7944,-0.096,1.7388,4.2244,74.836,2.894,1.1848,313.814,0.8464,0.0155,0.0414,2.6634,1,3.0666,3.0060,nan,2.9437,3.0063,0.1191,0.2772,0.8000,0.1595,-0.0368,0.7115,23.7486,0.0362,-4.4044,0.1002
74.050,308.327,4.3855,-11.3918,77.819,4.3605,-11.4163,77.560,-0.0292,0.0193,0.0350,-0.260,2.5468,-15.7742,-0.531,1.7732,4.3745,78.090,2.904,1.2939,313.937,0.8410,0.0079,0.0281,3.5634,1,2.8777,2.8641,nan,2.9437,2.9939,0.1186,0.3653,0.8000,0.1461,-0.1342,0.8014,23.9481,0.0290,-0.2830,0.1002
74.100,308.443,4.4070,-11.2781,81.376,4.3729,-11.3459,80.123,-0.0721,0.0235,0.0759,-1.253,2.5468,-15.7742,-0.531,1.7850,4.4450,80.654,2.889,1.6567,314.055,0.8513,0.0136,0.0588,4.3201,1,2.8573,2.8772,nan,3.0525,3.1644,0.1253,0.4227,0.8000,0.1229,-0.1486,0.7700,24.0479,0.0648,-0.5075,0.1002
74.150,308.651,4.4255,-11.0710,89.225,4.4040,-11.1014,87.515,-0.0307,0.0211,0.0372,-1.710,2.4803,-15.7325,-1.499,1.8018,4.6799,89.014,2.978,2.1309,314.277,0.8523,0.0281,0.0232,0.8239,1,2.8476,2.8690,nan,3.1983,3.3085,0.1310,0.4556,0.8000,0.0909,-0.1793,0.6673,24.2475,0.0638,-0.4046,0.1002
74.200,308.780,4.4220,-10.9417,94.538,4.4013,-10.9563,92.930,-0.0130,0.0218,0.0253,-1.608,2.4730,-15.7273,-1.606,1.7939,4.8231,94.536,3.036,2.1296,314.416,0.8568,0.0225,0.0183,0.8145,1,3.0087,3.0786,nan,3.3595,3.4357,0.1361,0.4311,0.8367,0.0594,-0.1775,0.5738,24.4470,0.0441,0.8485,0.1002
74.250,308.922,4.4047,-10.8007,100.074,4.3784,-10.7931,98.777,0.0120,0.0245,0.0273,-1.297,2.5030,-15.7390,-1.214,1.7702,4.9845,99.991,3.138,2.0860,314.570,0.8636,0.0186,0.0132,0.7124,1,3.1561,3.2215,nan,3.5314,3.6035,0.1427,0.4167,0.9135,0.0279,-0.1872,0.4928,24.6466,0.0418,2.5925,0.1002
74.300,309.129,4.3561,-10.5999,107.462,4.3303,-10.6111,106.571,-0.0030,0.0280,0.0281,-0.891,2.4883,-15.7304,-1.334,1.7224,5.1608,107.905,3.331,1.8335,314.796,0.8624,0.0275,0.0320,1.1669,1,3.3715,3.4808,nan,3.7112,3.7332,0.1478,0.3513,1.0133,0.0035,-0.1629,0.4194,24.8462,0.0127,2.7024,0.1002
74.350,309.281,4.3051,-10.4563,112.250,4.2662,-10.4290,110.627,0.0400,0.0257,0.0475,-1.623,2.4699,-15.7349,-1.534,1.6536,5.3521,112.161,3.438,1.8090,314.960,0.8816,0.0253,0.0116,0.4585,1,3.3580,3.3831,nan,3.8986,4.0048,0.1586,0.3141,1.0318,-0.0173,-0.1236,0.3775,24.9460,0.0800,2.4989,0.1002
74.400,309.437,4.2414,-10.3146,116.650,4.1967,-10.2780,115.660,0.0528,0.0235,0.0578,-0.990,2.5128,-15.7527,-1.080,1.5804,5.5055,116.740,3.606,1.6721,315.131,0.8920,0.0217,0.0169,0.7807,1,3.5975,3.7450,nan,3.9953,4.0256,0.1594,0.2531,1.1491,-0.0403,-0.1070,0.3065,25.1455,0.0176,4.7339,0.1002
74.450,309.606,4.1609,-10.1657,120.471,4.1201,-10.1386,119.736,0.0440,0.0214,0.0490,-0.734,2.5371,-15.7648,-0.847,1.4997,5.6490,120.583,3.747,1.2391,315.311,0.8917,0.0172,0.0202,1.1712,1,3.7746,3.8624,nan,4.1854,4.2032,0.1665,0.1703,1.2430,-0.0562,-0.0763,0.2391,25.3451,0.0099,3.6405,0.1002
74.500,309.763,4.0785,-10.0320,122.880,4.0203,-9.9740,122.562,0.0803,0.0174,0.0822,-0.317,2.5518,-15.7650,-0.683,1.3994,5.8081,123.245,3.891,1.0240,315.478,0.9116,0.0116,0.0141,1.2160,1,3.8166,3.8560,nan,4.3649,4.4868,0.1777,0.1404,1.2443,-0.0751,-0.0773,0.1664,25.5447,0.0672,4.3679,0.1002
74.550,310.051,3.9149,-9.7949,126.494,3.8448,-9.7285,125.828,0.0950,0.0169,0.0965,-0.667,2.5546,-15.7695,-0.617,1.2250,6.0545,126.444,4.182,0.8261,315.787,0.9232,0.0196,0.0249,1.2698,1,3.8582,3.8977,nan,4.5351,4.5804,0.1814,0.1028,1.2579,-0.0930,-0.0708,0.0942,25.7442,0.0800,2.3947,0.1002
74.600,310.229,3.8069,-9.6529,128.153,3.7222,-9.5683,127.525,0.1188,0.0144,0.1197,-0.628,2.5318,-15.7621,-0.796,1.1042,6.2097,128.321,4.302,0.6127,315.974,0.9374,0.0136,0.0243,1.7864,1,4.1477,4.5807,nan,4.8522,4.8854,0.1935,0.0392,1.3041,-0.1097,-0.0522,-0.0096,26.0436,0.0800,3.5242,0.1002
74.650,310.437,3.6774,-9.4909,128.952,3.5956,-9.4063,127.948,0.1172,0.0104,0.1177,-1.004,2.5091,-15.7607,-1.028,0.9723,6.3729,128.976,4.506,0.1568,316.197,0.9399,0.0090,0.0168,1.8728,1,4.3218,4.4268,nan,5.0007,5.0686,0.2007,-0.0214,1.3041,-0.1215,-0.0288,-0.0822,26.2432,0.0800,4.6429,0.1002
74.700,310.630,3.5558,-9.3407,128.689,3.5216,-9.3100,127.904,0.0453,0.0075,0.0459,-0.785,2.4823,-15.7639,-1.338,0.8883,6.4764,129.241,4.681,-0.1783,316.403,0.8982,0.0074,0.0092,1.2382,1,4.4745,4.5736,nan,5.1124,5.2269,0.2070,-0.0452,1.3041,-0.1392,-0.0155,-0.1861,26.5425,0.0800,4.7296,0.1002
74.750,310.966,3.3478,-9.0763,127.137,3.2129,-8.9048,126.171,0.2182,0.0040,0.2182,-0.966,2.5099,-15.7867,-1.174,0.5619,6.8949,127.345,4.880,-0.5004,316.757,1.0370,0.0138,0.0556,4.0120,1,4.7357,4.9940,nan,5.0999,5.1146,0.2026,-0.0659,1.3041,-0.1525,0.0143,-0.2700,26.8419,0.0800,4.5708,0.1002
74.800,311.182,3.2189,-8.9032,125.876,3.1553,-8.8042,123.896,0.1175,-0.0065,0.1177,-1.980,2.4197,-15.7751,-1.979,0.4944,6.9922,125.875,4.927,-0.5002,316.977,0.9632,0.0151,0.0234,1.5519,1,4.8796,4.9936,nan,5.1221,5.2519,0.2080,-0.0644,1.3133,-0.1534,0.0220,-0.2577,27.0414,0.0607,1.2853,0.1002
74.850,311.396,3.0950,-8.7292,124.650,3.0607,-8.6509,122.560,0.0839,-0.0163,0.0855,-2.091,2.4113,-15.7887,-2.169,0.3788,7.1572,124.729,5.003,-0.5720,317.198,0.9538,0.0110,0.0196,1.7745,1,4.9805,5.0736,nan,5.2309,5.3240,0.2109,-0.0796,1.3283,-0.1583,0.0567,-0.2379,27.3408,0.0422,1.9587,0.1002
74.900,311.725,2.9128,-8.4556,122.165,2.9126,-8.4023,119.726,0.0452,-0.0282,0.0533,-2.439,2.3651,-15.7994,-2.614,0.2095,7.4143,122.340,5.108,-0.7692,317.538,0.9388,0.0311,0.0356,1.1475,1,5.0595,5.1440,nan,5.3254,5.4099,0.2143,-0.0971,1.3375,-0.1487,0.0683,-0.2260,27.5403,0.0375,2.2119,0.1001
74.950,311.966,2.7871,-8.2494,120.092,2.7913,-8.2031,117.940,0.0379,-0.0269,0.0465,-2.153,2.4341,-15.8451,-2.197,0.0640,7.6500,120.137,5.166,-0.7174,317.787,0.9625,0.0261,0.0336,1.2890,1,5.0854,5.1481,nan,5.3611,5.4447,0.2156,-0.0816,1.3463,-0.1478,0.0592,-0.2145,27.7399,0.0369,1.4857,0.1001
75.000,312.195,2.6748,-8.0503,118.416,2.6793,-7.9720,116.901,0.0667,-0.0412,0.0784,-1.515,2.5425,-15.8575,-1.478,-0.0666,7.8865,118.379,5.218,-0.6737,318.022,0.9867,0.0205,0.0200,0.9716,1,5.1886,5.2918,nan,5.4672,5.5388,0.2194,-0.1248,1.3530,-0.1135,0.0919,-0.2063,28.0392,0.0309,1.4951,0.1001
75.050,312.425,2.5681,-7.8458,116.017,2.5800,-7.7682,115.271,0.0645,-0.0447,0.0785,-0.745,2.6114,-15.8592,-0.983,-0.1703,8.0893,116.254,5.266,-1.0845,318.260,0.9834,0.0099,0.0103,1.0425,1,5.3696,5.5475,nan,5.5780,5.5854,0.2212,-0.1499,1.3638,-0.0885,0.1336,-0.1929,28.3386,0.0031,0.7611,0.1001
75.100,312.669,2.4661,-7.6249,112.809,2.4853,-7.5522,112.552,0.0596,-0.0459,0.0752,-0.257,2.6917,-15.8612,-0.413,-0.2663,8.3073,112.965,5.315,-1.2523,318.512,0.9770,0.0087,0.0023,0.2647,1,5.3371,5.3852,nan,5.6921,5.8018,0.2298,-0.1516,1.3742,-0.0625,0.0972,-0.1801,28.5382,0.0458,0.9472,0.1001
75.150,313.030,2.3380,-7.2865,107.958,2.3503,-7.1872,108.286,0.0907,-0.0423,0.1001,0.328,2.7833,-15.8611,0.229,-0.3984,8.6756,108.057,5.489,-1.2664,318.895,0.9867,0.0184,0.0121,0.6576,1,5.3868,5.4687,nan,5.8102,5.9655,0.2363,-0.1490,1.3823,-0.0330,0.0842,-0.1703,28.8375,0.0642,2.6103,0.1001
75.200,313.274,2.2680,-7.0531,104.734,2.2751,-6.8961,105.939,0.1500,-0.0468,0.1571,1.205,2.9367,-15.8202,1.225,-0.4708,8.9362,104.714,5.579,-1.2725,319.151,0.9951,0.0113,0.0210,1.8652,1,5.4868,5.6004,nan,5.8909,6.0250,0.2386,-0.1436,1.3923,-0.0046,0.0816,-0.1583,29.1369,0.0543,2.3124,0.1001
75.250,313.505,2.2138,-6.8291,101.782,2.2172,-6.6413,102.540,0.1832,-0.0416,0.1879,0.758,2.8898,-15.8111,0.928,-0.5240,9.1795,101.612,5.659,-1.2167,319.393,0.9988,0.0080,0.0209,2.6233,1,5.7104,5.9873,nan,6.0541,6.1348,0.2430,-0.1326,1.4007,0.0206,0.0795,-0.1485,29.4362,0.0314,2.0056,0.1001
75.300,313.895,2.1475,-6.4448,97.140,2.1526,-6.2825,98.844,0.1604,-0.0253,0.1624,1.704,2.9840,-15.8120,1.498,-0.5820,9.5480,97.346,5.819,-1.2247,319.804,0.9869,0.0079,0.0328,4.1577,1,5.6395,5.6798,nan,6.1370,6.3264,0.2506,-0.1360,1.4087,0.0346,0.0609,-0.1344,29.7356,0.0745,2.4183,0.1001
75.350,314.182,2.1187,-6.1584,93.686,2.1205,-5.9843,95.097,0.1737,-0.0130,0.1741,1.411,2.9529,-15.8262,1.305,-0.6081,9.8583,93.792,5.926,-1.1682,320.108,0.9903,0.0081,0.0310,3.8405,1,5.8845,6.2435,nan,6.2635,6.3543,0.2517,-0.1249,1.4026,0.0528,0.0486,-0.1227,30.0349,0.0342,2.4969,0.1001
75.400,314.295,2.1121,-6.0456,92.420,2.1077,-5.7478,93.091,0.2978,-0.0082,0.2979,0.671,3.0251,-15.8343,1.704,-0.6170,10.1094,91.387,5.961,-1.1519,320.226,1.0374,0.0086,0.0279,3.2534,1,6.0373,6.2279,nan,6.4415,6.5615,0.2599,-0.1187,1.3961,0.0685,0.0345,-0.1225,30.4341,0.0442,1.8926,0.1001
75.450,314.686,2.1081,-5.6551,88.146,2.1092,-5.6967,90.908,-0.0415,-0.0025,0.0416,2.762,3.0251,-15.8343,1.704,-0.6140,10.1604,89.204,6.068,-1.1390,320.634,0.9526,0.0047,0.0357,7.5690,1,5.6611,4.7234,nan,6.4415,6.3799,0.2527,-0.1240,1.3961,0.0613,0.0022,-0.1225,30.4341,0.0800,1.4894,0.1001
75.500,315.101,2.1356,-5.2414,83.589,2.1069,-5.2399,88.017,-0.0017,0.0287,0.0287,4.428,3.2634,-15.8099,3.058,-0.5910,10.6167,84.959,6.107,-1.1691,321.064,0.9606,0.0186,0.0666,3.5902,1,5.9190,6.3536,nan,6.5606,6.5704,0.2602,-0.1235,1.3823,0.0715,0.0036,-0.1319,31.0328,0.0800,0.6185,0.1001
75.550,315.372,2.1714,-4.9720,80.640,2.1441,-4.8332,83.929,0.1325,0.0496,0.1415,3.289,3.2955,-15.8402,3.183,-0.5386,11.0539,80.746,6.212,-1.1420,321.348,0.9766,0.0161,0.0631,3.9243,1,6.0474,6.2116,nan,6.6048,6.6558,0.2636,-0.1183,1.3745,0.0915,0.0104,-0.1415,31.3321,0.0800,1.8559,0.1001
75.600,315.666,2.2253,-4.6832,77.562,2.2025,-4.5171,80.078,0.1573,0.0580,0.1676,2.515,3.1709,-15.8799,2.497,-0.4724,11.3941,77.581,6.283,-1.1044,321.654,0.9804,0.0158,0.0517,3.2645,1,6.2964,6.7439,nan,6.4895,6.5940,0.2611,-0.1091,1.3679,0.0791,-0.0040,-0.1467,31.6315,0.0381,1.7755,0.1001
75.650,315.886,2.2756,-4.4688,75.415,2.2704,-4.2969,76.648,0.1650,0.0483,0.1720,1.233,2.9790,-15.9343,1.479,-0.4079,11.6518,75.168,6.302,-1.0611,321.880,0.9822,0.0018,0.0412,22.8410,1,6.4022,6.5656,nan,6.3480,6.5547,0.2596,-0.1056,1.3596,0.0489,-0.0222,-0.1539,31.9308,0.0788,0.6367,0.1001
75.700,316.227,2.3689,-4.1413,72.257,2.3415,-4.1204,72.665,0.0116,0.0325,0.0345,0.408,2.7541,-16.0041,0.360,-0.3379,11.8861,72.305,6.306,-0.7845,322.226,0.9739,0.0021,0.0250,11.8338,1,6.2155,6.2096,nan,6.2528,6.2812,0.2488,-0.0643,1.3530,0.0053,-0.0555,-0.1576,32.1304,0.0106,0.3000,0.1001
75.750,316.614,2.4929,-3.7747,70.242,2.4687,-3.7525,71.841,0.0127,0.0303,0.0329,1.599,2.9916,-16.0382,1.510,-0.1990,12.2952,70.331,6.165,-0.4728,322.605,0.9725,0.0175,0.0236,1.3545,1,6.4467,6.8381,nan,6.1130,6.0808,0.2408,-0.0504,1.3432,-0.0414,-0.0386,-0.1687,32.5295,-0.0121,-1.8288,0.1001
75.800,316.883,2.5860,-3.5221,69.051,2.5599,-3.4864,70.938,0.0241,0.0371,0.0443,1.887,3.0707,-16.0571,1.908,-0.0920,12.5808,69.030,6.077,-0.4682,322.868,0.9706,0.0089,0.0358,4.0343,1,6.2206,6.1889,nan,5.9703,6.0114,0.2381,-0.1061,1.3432,-0.0373,0.0199,-0.1798,32.8289,0.0161,-2.4609,0.1001
75.850,317.172,2.6932,-3.2536,66.687,2.6589,-3.2708,67.880,-0.0294,0.0247,0.0384,1.193,2.8591,-16.0915,0.929,0.0078,12.8222,66.951,5.968,-1.0409,323.152,0.9683,0.0076,0.0250,3.3082,1,6.1010,6.1278,nan,5.8240,5.8265,0.2308,-0.1162,1.3432,-0.0314,0.0525,-0.1873,33.0285,0.0010,-1.6774,0.1001
75.901,317.554,2.8545,-2.9072,62.747,2.8442,-2.9207,62.870,-0.0167,0.0029,0.0169,0.124,2.7109,-16.1053,0.225,0.1851,13.1840,62.645,5.809,-0.8786,323.526,0.9585,0.0254,0.0212,0.8372,1,6.0110,6.0499,nan,5.7270,5.7261,0.2268,-0.0626,1.3432,-0.0690,0.0004,-0.1958,33.3278,-0.0004,-3.5054,0.1001
75.950,317.814,2.9758,-2.6780,61.235,2.9588,-2.7228,60.435,-0.0474,-0.0066,0.0479,-0.800,2.6243,-16.1032,-0.173,0.2940,13.3814,60.608,5.723,-0.4671,323.781,0.9595,0.0121,0.0156,1.2822,1,5.8024,5.7805,nan,5.6571,5.7603,0.2281,-0.0141,1.3432,-0.0998,-0.0216,-0.2013,33.5274,0.0433,-2.3195,0.1001
76.000,318.064,3.0974,-2.4586,60.834,3.0914,-2.4843,60.482,-0.0254,-0.0073,0.0264,-0.352,2.6359,-16.0984,-0.131,0.4244,13.6150,60.613,5.677,-0.1761,324.030,0.9558,0.0077,0.0055,0.7037,1,5.6136,5.6049,nan,5.6953,5.7574,0.2280,-0.0344,1.3432,-0.0983,0.0423,-0.2187,33.8267,0.0256,-1.3399,0.1001
76.050,318.319,3.2227,-2.2368,60.080,3.2092,-2.2742,60.275,-0.0392,-0.0070,0.0398,0.195,2.7121,-16.1003,0.191,0.5433,13.8243,60.083,5.637,-0.4362,324.284,0.9579,0.0028,0.0014,0.5131,1,5.7478,5.9006,nan,5.6470,5.5703,0.2206,-0.0706,1.2995,-0.0668,0.1105,-0.1428,34.1261,-0.0309,-0.9314,0.1001
76.101,318.687,3.4111,-1.9213,58.117,3.3927,-1.9577,59.395,-0.0406,-0.0036,0.0407,1.277,3.0070,-16.1172,1.430,0.7390,14.1455,57.964,5.479,-0.3369,324.641,0.9527,0.0220,0.0187,0.8502,1,5.4996,5.4539,nan,5.2848,5.3359,0.2113,-0.0397,1.2589,-0.0413,0.1035,-0.0890,34.3256,0.0227,-2.3628,0.1001
76.150,318.936,3.5441,-1.7105,57.241,3.5084,-1.7668,58.236,-0.0667,-0.0005,0.0667,0.995,2.9007,-16.1164,1.012,0.8611,14.3366,57.224,5.364,-0.2638,324.883,0.9569,0.0151,0.0033,0.2180,1,5.4716,5.5238,nan,5.0381,5.1653,0.2046,-0.0270,1.2003,-0.0063,0.1078,-0.0015,34.6250,0.0604,-3.4661,0.1001
76.200,319.148,3.6596,-1.5324,56.733,3.6294,-1.5828,57.787,-0.0587,-0.0024,0.0588,1.054,2.9331,-16.1188,1.122,0.9809,14.5195,56.665,5.249,-0.1780,325.086,0.9543,0.0033,0.0062,1.8519,1,5.2509,5.2254,nan,4.6775,4.6983,0.1861,-0.0149,1.1598,0.0269,0.1086,0.0536,34.8246,0.0103,-3.3770,0.1001
76.250,319.368,3.7805,-1.3491,56.434,3.7258,-1.4306,57.595,-0.0982,0.0005,0.0982,1.161,2.9831,-16.1101,1.292,1.0735,14.6590,56.303,4.983,-0.0568,325.287,0.9689,0.0000,0.0265,1146.5892,1,5.0432,5.0276,nan,4.4486,4.4341,0.1756,0.0339,1.1015,0.0332,0.0652,0.1328,35.1239,-0.0075,-5.8536,0.1001
76.300,319.706,3.9657,-1.0662,57.752,3.9303,-1.1055,58.439,-0.0522,0.0090,0.0529,0.687,2.9324,-16.0960,1.061,1.2753,14.9694,57.378,4.556,0.6214,325.596,0.9605,0.0259,0.0187,0.7218,1,4.7353,4.6512,nan,4.2298,4.2437,0.1681,0.0867,1.0702,0.0498,0.0402,0.1903,35.3235,0.0076,-7.5414,0.1001
76.350,319.911,4.0732,-0.8917,59.350,4.0179,-0.9594,60.159,-0.0865,0.0131,0.0874,0.809,2.8576,-16.0783,0.733,1.3536,15.1028,59.426,4.360,0.6392,325.789,0.9777,0.0198,0.0185,0.9353,1,4.4514,4.3980,nan,3.9236,3.8653,0.1531,0.1443,1.0702,0.0647,0.0243,0.2762,35.6228,-0.0337,-5.4153,0.1001
76.400,320.092,4.1635,-0.7344,61.538,4.1054,-0.8126,61.555,-0.0965,0.0138,0.0974,0.017,2.6828,-16.0620,0.044,1.4343,15.2483,61.511,4.097,0.9746,325.955,0.9843,0.0094,0.0212,2.2644,1,4.1642,4.1079,nan,3.8288,3.8993,0.1544,0.1721,1.0702,0.0745,0.0341,0.3029,35.7226,0.0408,-7.3619,0.1001
76.450,320.265,4.2431,-0.5810,64.196,4.1747,-0.6730,63.713,-0.1126,0.0215,0.1146,-0.483,2.5788,-16.0400,-0.359,1.4997,15.3767,64.072,3.950,1.1099,326.121,0.9927,0.0048,0.0354,7.3892,1,3.9664,3.9601,nan,3.7359,3.8511,0.1525,0.2166,1.0612,0.0758,0.0263,0.3613,35.9222,0.0667,-4.7346,0.1001
76.500,320.527,4.3481,-0.3407,69.403,4.3072,-0.3744,68.810,-0.0459,0.0265,0.0530,-0.593,2.5425,-16.0089,-0.551,1.6142,15.6508,69.361,3.738,1.4587,326.374,0.9909,0.0088,0.0235,2.6861,1,3.8548,3.8686,nan,3.5611,3.5989,0.1425,0.2492,1.0313,0.0810,0.0063,0.4225,36.1217,0.0219,-3.3199,0.1001
76.550,320.689,4.4009,-0.1880,73.020,4.3609,-0.2531,71.665,-0.0739,0.0193,0.0764,-1.356,2.3583,-15.9743,-1.287,1.6491,15.7622,72.952,3.602,1.4380,326.531,0.9995,0.0245,0.0201,0.8195,1,3.7176,3.7257,nan,3.3357,3.2562,0.1290,0.3106,0.9946,0.0735,-0.0467,0.5199,36.4211,-0.0461,-4.1070,0.1001
76.600,320.848,4.4429,-0.0340,77.230,4.4027,-0.1120,75.911,-0.0850,0.0220,0.0878,-1.319,2.3798,-15.9804,-1.219,1.6849,15.9078,77.130,3.361,1.6487,326.680,1.0039,0.0188,0.0332,1.7701,1,3.5897,3.5980,nan,3.2684,3.1782,0.1259,0.3327,0.9604,0.0584,-0.0941,0.5942,36.6207,-0.0522,-6.7955,0.1001
76.650,321.005,4.4720,0.1200,81.908,4.4475,0.0726,80.562,-0.0504,0.0176,0.0533,-1.346,2.3064,-15.9530,-1.527,1.7132,16.0770,82.089,3.194,1.6790,326.832,1.0077,0.0152,0.0233,1.5328,1,3.4230,3.4211,nan,3.2554,3.2123,0.1272,0.3345,0.9158,0.0608,-0.0608,0.6296,36.7205,-0.0250,-4.8009,0.1001
76.700,321.135,4.4864,0.2490,85.822,4.4629,0.1870,84.146,-0.0636,0.0190,0.0664,-1.676,2.2725,-15.9380,-1.662,1.7218,16.1817,85.808,3.149,1.6899,326.962,1.0087,0.0129,0.0402,3.1177,1,3.2074,3.1882,nan,3.3516,3.4613,0.1371,0.3454,0.8581,0.0463,-0.0433,0.6553,36.8202,0.0635,-2.3135,0.1001
76.751,321.360,4.4901,0.4735,92.911,4.4763,0.4427,90.927,-0.0300,0.0153,0.0337,-1.985,2.2307,-15.9194,-1.830,1.7219,16.4255,92.757,3.253,1.8425,327.199,1.0158,0.0666,0.0419,0.6283,1,3.0118,2.9971,nan,3.4168,3.4910,0.1383,0.3621,0.8332,0.0309,-0.0891,0.5845,37.0198,0.0800,1.6288,0.1001
76.800,321.497,4.4785,0.6105,97.361,4.4718,0.6152,95.762,0.0055,0.0061,0.0082,-1.599,2.2210,-15.9180,-1.895,1.7028,16.5985,97.657,3.292,1.8316,327.342,1.0307,0.0180,0.0039,0.2188,1,3.2499,3.3795,nan,3.5633,3.6233,0.1435,0.3504,0.9342,0.0077,-0.1053,0.5065,37.2194,0.0347,0.7642,0.1001
76.850,321.640,4.4552,0.7519,101.851,4.4434,0.7571,100.596,0.0075,0.0104,0.0129,-1.256,2.4033,-15.9366,-1.250,1.6754,16.7343,101.846,3.367,1.7732,327.494,1.0335,0.0127,0.0041,0.3263,1,3.3524,3.4032,nan,3.7234,3.7963,0.1503,0.3191,0.9984,-0.0124,-0.1026,0.4369,37.4189,0.0422,1.8766,0.1001
76.900,321.862,4.3987,0.9664,107.831,4.3834,0.9705,107.124,0.0086,0.0133,0.0158,-0.708,2.4917,-15.9364,-0.927,1.6179,16.9353,108.050,3.581,1.4209,327.733,1.0315,0.0158,0.0092,0.5868,1,3.4361,3.4821,nan,3.8943,4.0072,0.1587,0.2545,1.0602,-0.0224,-0.0808,0.3698,37.6185,0.0653,3.5080,0.1001
76.950,322.034,4.3411,1.1284,111.725,4.3068,1.1652,111.270,0.0469,0.0183,0.0503,-0.455,2.5925,-15.9648,-0.583,1.5399,17.1466,111.853,3.720,1.4271,327.917,1.0626,0.0136,0.0088,0.6442,1,3.5925,3.6675,nan,4.0736,4.1800,0.1655,0.2348,1.1458,-0.0397,-0.0906,0.3091,37.8181,0.0616,3.6171,0.1001
77.000,322.194,4.2783,1.2750,115.080,4.2504,1.2959,114.373,0.0307,0.0164,0.0348,-0.707,2.5446,-15.9590,-0.747,1.4807,17.2756,115.120,3.859,1.4083,328.087,1.0549,0.0105,0.0064,0.6094,1,3.8692,4.0853,nan,4.2570,4.2676,0.1690,0.1549,1.2779,-0.0399,-0.0660,0.2473,38.0176,0.0058,4.0685,0.1001
77.050,322.375,4.1979,1.4373,117.698,4.1637,1.4701,116.850,0.0449,0.0151,0.0474,-0.848,2.4711,-15.9632,-1.007,1.3858,17.4603,117.858,4.010,0.7709,328.279,1.0743,0.0073,0.0033,0.4430,1,3.8891,3.9244,nan,4.4327,4.5529,0.1803,0.0985,1.3325,-0.0533,-0.0426,0.1846,38.2172,0.0651,2.1937,0.1001
77.100,322.552,4.1136,1.5928,119.271,4.0801,1.6219,119.056,0.0418,0.0150,0.0444,-0.215,2.6614,-15.9827,-0.384,1.3005,17.6137,119.441,4.192,0.6499,328.468,1.0748,0.0106,0.0133,1.2508,1,3.9283,3.9680,nan,4.5997,4.6536,0.1843,0.1128,1.3806,-0.0725,-0.0840,0.1208,38.4168,0.0800,5.1717,0.1001
77.150,322.858,3.9572,1.8565,122.011,3.9156,1.8932,121.776,0.0532,0.0158,0.0555,-0.236,2.6682,-15.9799,-0.344,1.1399,17.8802,122.120,4.453,0.5092,328.794,1.0796,0.0076,0.0102,1.3374,1,4.1493,4.2816,nan,4.8359,4.8873,0.1936,0.0744,1.4058,-0.0890,-0.0686,0.0581,38.6163,0.0800,3.4404,0.1001
77.200,323.048,3.8549,2.0167,123.242,3.8012,2.0733,122.640,0.0768,0.0139,0.0780,-0.601,2.5831,-15.9844,-0.637,1.0171,18.0701,123.278,4.590,0.4523,328.995,1.1071,0.0094,0.0099,1.0454,1,4.4185,4.6635,nan,5.0573,5.1709,0.2048,0.0535,1.3397,-0.1019,-0.0475,-0.0311,38.9157,0.0800,3.9552,0.1001
77.250,323.245,3.7457,2.1806,124.178,3.6910,2.2399,123.608,0.0798,0.0119,0.0807,-0.570,2.5749,-15.9834,-0.661,0.9059,18.2350,124.269,4.774,0.3541,329.207,1.1093,0.0106,0.0118,1.1147,1,4.6043,4.7352,nan,5.1611,5.3067,0.2102,0.0465,1.2523,-0.1105,-0.0212,-0.0727,39.1153,0.0678,5.2641,0.1001
77.300,323.469,3.6186,2.3648,125.084,3.5621,2.4325,124.325,0.0878,0.0073,0.0882,-0.759,2.5469,-15.9819,-0.753,0.7732,18.4261,125.077,4.933,0.3333,329.444,1.1165,0.0128,0.0092,0.7200,1,4.7646,4.8842,nan,4.9273,5.0509,0.2000,0.0397,1.1405,-0.1131,0.0169,-0.1063,39.4146,0.0601,4.5413,0.1001
77.350,323.798,3.4271,2.6320,126.262,3.3829,2.6869,125.116,0.0704,0.0032,0.0705,-1.146,2.4404,-15.9878,-1.102,0.5830,18.6893,126.219,4.797,0.3000,329.764,1.1141,0.0182,0.0188,1.0340,1,4.9864,5.1872,nan,4.4252,4.4383,0.1758,0.0412,1.0423,-0.1034,0.0685,-0.1424,39.7140,0.0069,0.3158,0.1001
77.400,324.009,3.3013,2.8014,127.034,3.2691,2.8534,125.492,0.0609,-0.0056,0.0612,-1.542,2.2956,-15.9892,-1.581,0.4533,18.8622,127.073,4.607,0.3007,329.962,1.1189,0.0184,0.0145,0.7865,1,4.8147,4.8144,nan,4.2830,4.3350,0.1717,0.0536,0.9789,-0.0863,0.0991,-0.0813,39.9135,0.0286,-5.5183,0.1001
77.450,324.212,3.1776,2.9630,128.003,3.1545,3.0066,126.607,0.0486,-0.0086,0.0494,-1.396,2.3606,-15.9955,-1.385,0.3344,19.0158,127.991,4.438,0.4583,330.155,1.1121,0.0139,0.0102,0.7371,1,4.5143,4.4461,nan,3.9991,4.0638,0.1609,0.0753,0.9457,-0.0771,0.1101,-0.0251,40.0133,0.0375,-3.6996,0.1001
77.500,324.486,3.0063,3.1760,129.856,2.9912,3.2092,128.798,0.0351,-0.0097,0.0365,-1.058,2.4372,-15.9998,-1.144,0.1706,19.2163,129.942,4.092,0.5126,330.407,1.1016,0.0333,0.0258,0.7756,1,4.2934,4.2745,nan,3.7261,3.7431,0.1482,0.0810,0.8829,-0.0446,0.1382,0.0978,40.2129,0.0099,-6.2181,0.1001
77.550,324.669,2.8876,3.3153,131.173,2.9163,3.3069,129.619,-0.0252,-0.0161,0.0299,-1.553,2.3106,-15.9952,-1.533,0.0890,19.3115,131.153,3.885,0.4727,330.578,1.0549,0.0292,0.0052,0.1799,1,3.9607,3.8736,nan,3.5960,3.7205,0.1473,0.0782,0.8457,-0.0138,0.1386,0.2232,40.4125,0.0721,-6.0941,0.1001
77.600,324.844,2.7708,3.4465,132.405,2.7939,3.4507,130.757,-0.0125,-0.0199,0.0235,-1.648,2.2805,-16.0025,-1.644,-0.0449,19.4599,132.401,3.752,0.5230,330.746,1.0755,0.0219,0.0047,0.2122,1,3.7051,3.6732,nan,3.3490,3.4291,0.1358,0.1378,0.8000,0.0046,0.0997,0.3428,40.6120,0.0464,-3.5717,0.1001
77.650,324.997,2.6660,3.5583,134.207,2.6921,3.5502,132.904,-0.0240,-0.0131,0.0274,-1.303,2.4573,-16.0157,-1.117,-0.1465,19.5667,134.020,3.553,0.8012,330.888,1.0712,0.0170,0.0024,0.1388,1,3.7210,3.7541,nan,3.1192,2.9886,0.1184,0.2440,0.8000,0.0210,0.0883,0.4019,40.7118,-0.0756,-5.9867,0.1001
77.700,325.156,2.5532,3.6698,137.199,2.5883,3.6519,136.279,-0.0379,-0.0107,0.0394,-0.920,2.5559,-16.0090,-0.806,-0.2441,19.6595,137.084,3.218,1.3018,331.029,1.0521,0.0146,0.0048,0.3283,1,3.4568,3.4186,nan,3.0110,2.9554,0.1170,0.2767,0.8000,0.0487,0.0646,0.5228,40.9114,-0.0322,-8.2305,0.1001
77.750,325.371,2.3895,3.8088,142.499,2.4309,3.7838,141.783,-0.0481,-0.0054,0.0484,-0.716,2.5559,-16.0090,-0.806,-0.4032,19.7891,142.589,2.964,1.1429,331.233,1.0457,0.0103,0.0138,1.3391,1,3.1146,3.0006,nan,2.8032,2.8293,0.1121,0.2419,0.8000,0.0721,0.1129,0.5852,41.0112,0.0151,-6.1231,0.1001
77.800,325.484,2.2982,3.8760,144.969,2.3379,3.8487,144.409,-0.0482,-0.0004,0.0482,-0.559,2.6394,-16.0054,-0.535,-0.4869,19.8504,144.944,2.865,1.1837,331.343,1.0369,0.0253,0.0098,0.3862,1,2.9747,2.9754,nan,2.8032,2.9192,0.1156,0.2734,0.8000,0.0882,0.1132,0.6507,41.1110,0.0672,-3.6492,0.1001
77.850,325.619,2.1862,3.9502,148.262,2.2270,3.9175,147.661,-0.0519,0.0063,0.0523,-0.601,2.6196,-16.0139,-0.612,-0.6056,19.9262,148.273,2.829,1.2672,331.477,1.0438,0.0221,0.0124,0.5624,1,2.9010,2.9134,nan,2.6072,2.5998,0.1030,0.5027,0.8000,0.0984,0.0311,0.7861,41.3105,-0.0043,-1.0031,0.1001
77.900,325.741,2.0803,4.0115,152.179,2.1352,3.9592,151.242,-0.0730,0.0207,0.0758,-0.936,2.6438,-16.0238,-0.537,-0.6958,19.9773,151.779,2.620,1.6799,331.593,1.0263,0.0163,0.0216,1.3254,1,2.9518,2.9850,nan,2.5173,2.3890,0.0946,0.4863,0.8000,0.1031,-0.0741,0.9380,41.5101,-0.0800,-5.8428,0.1001
77.950,325.844,1.9876,4.0566,156.439,2.0325,4.0087,154.887,-0.0603,0.0260,0.0656,-1.552,2.3808,-16.0357,-1.320,-0.8099,20.0311,156.206,2.430,1.8774,331.692,1.0491,0.0393,0.0227,0.5793,1,2.7013,2.6604,nan,2.4208,2.3775,0.0942,0.5755,0.8000,0.1162,-0.0581,1.0246,41.6099,-0.0250,-6.3924,0.1001
78.000,326.007,1.8338,4.1116,164.679,1.8914,4.0590,162.896,-0.0694,0.0355,0.0780,-1.783,2.1266,-16.0374,-2.059,-0.9571,20.0750,164.955,2.280,2.1013,331.856,1.0403,0.0343,0.0208,0.6055,1,2.5371,2.5273,nan,2.4111,2.4049,0.0952,0.6470,0.8000,0.1121,-0.0705,1.1107,41.7096,-0.0036,-4.1374,0.1001
78.050,326.104,1.7391,4.1330,170.128,1.8050,4.0827,167.198,-0.0736,0.0383,0.0829,-2.929,2.0684,-16.0314,-2.178,-1.0277,20.0895,169.377,2.240,2.3044,331.958,1.0154,0.0259,0.0343,1.3284,1,2.2913,2.2474,nan,2.4178,2.5139,0.0996,0.6933,0.8000,0.1165,-0.0803,1.1945,41.8094,0.0557,-1.7024,0.1001
78.100,326.196,1.6479,4.1446,175.871,1.6838,4.1119,174.127,-0.0381,0.0301,0.0486,-1.745,2.2454,-16.0136,-1.628,-1.1333,20.1014,175.755,2.245,2.5106,332.059,1.0296,0.0133,0.0306,2.3025,1,2.3579,2.3892,nan,2.4138,2.4564,0.0973,0.7398,0.8000,0.0909,-0.1864,1.1975,42.0090,0.0246,-0.5262,0.1001
78.150,326.354,1.4904,4.1421,-174.003,1.5164,4.1195,-176.405,-0.0235,0.0252,0.0344,-2.403,2.0474,-16.0160,-2.225,-1.3123,20.0998,-174.180,2.198,2.3197,332.227,1.0508,0.0501,0.0287,0.5739,1,2.5097,2.5692,nan,2.4042,2.3276,0.0922,0.6601,0.8000,0.0613,-0.1586,1.2004,42.1088,-0.0443,-0.7156,0.1001
78.200,326.448,1.3978,4.1278,-168.323,1.4249,4.1036,-170.435,-0.0216,0.0291,0.0363,-2.112,2.0660,-16.0175,-2.219,-1.4197,20.0812,-168.216,2.164,2.2988,332.325,1.0646,0.0348,0.0232,0.6683,1,2.4345,2.4430,nan,2.4112,2.3959,0.0949,0.6980,0.8000,0.0353,-0.2930,1.2048,42.3083,-0.0089,-1.9051,0.1001
78.250,326.545,1.3038,4.1032,-162.122,1.3227,4.0746,-163.413,-0.0092,0.0330,0.0343,-1.290,2.1067,-16.0157,-2.135,-1.5317,20.0471,-161.278,2.159,2.4471,332.430,1.0806,0.0237,0.0219,0.9216,1,2.3995,2.4137,nan,2.4015,2.4031,0.0952,0.7167,0.8000,0.0290,-0.1816,1.2048,42.3083,0.0009,-0.8707,0.1001
78.300,326.633,1.2212,4.0721,-156.270,1.2778,4.0574,-159.403,-0.0459,0.0363,0.0585,-3.133,2.1067,-16.0157,-2.135,-1.5759,20.0283,-157.269,2.151,2.4921,332.526,1.0450,0.0144,0.0405,2.8215,1,2.1534,2.1070,nan,2.4022,2.4734,0.0980,0.7964,0.8000,0.0227,-0.1801,1.2041,42.4081,0.0800,-1.2201,0.1001
78.350,326.786,1.0874,3.9982,-145.322,1.0790,3.9509,-146.583,0.0338,0.0341,0.0481,-1.262,2.2389,-16.0081,-1.761,-1.7725,19.9139,-144.823,2.190,2.7850,332.701,1.1002,0.0499,0.0498,0.9986,1,2.2990,2.3534,nan,2.4960,2.6190,0.1037,0.7741,0.8000,-0.0148,-0.2751,1.2130,42.6077,0.0800,-0.9976,0.1001
78.400,326.881,1.0123,3.9397,-138.397,1.0315,3.9018,-140.311,0.0108,0.0411,0.0425,-1.914,2.2543,-15.9995,-1.782,-1.8410,19.8536,-138.530,2.235,2.8178,332.811,1.0933,0.0327,0.0179,0.5458,1,2.3127,2.3332,nan,2.5997,2.7322,0.1082,0.7580,0.8000,-0.0266,-0.2317,1.0576,42.7075,0.0767,0.2047,0.1001
78.450,326.981,0.9415,3.8691,-131.317,0.9576,3.8271,-132.596,0.0209,0.0398,0.0449,-1.279,2.3785,-15.9871,-1.439,-1.9182,19.7723,-131.157,2.319,2.6074,332.927,1.0982,0.0190,0.0130,0.6842,1,2.4689,2.5309,nan,2.7129,2.7011,0.1070,0.6803,0.8000,-0.0403,-0.1815,0.9550,42.8073,-0.0069,0.9931,0.1001
78.500,327.140,0.8472,3.7417,-121.652,0.8653,3.6968,-122.746,0.0287,0.0390,0.0484,-1.094,2.5428,-15.9772,-0.969,-2.0098,19.6429,-121.778,2.432,2.3773,333.105,1.0953,0.0469,0.0305,0.6506,1,2.5553,2.5933,nan,2.8239,2.8128,0.1114,0.6092,0.8000,-0.0609,-0.1444,0.8308,42.9071,-0.0064,1.7585,0.1001
78.550,327.246,0.7960,3.6489,-115.776,0.7998,3.5705,-116.438,0.0690,0.0375,0.0785,-0.661,2.5216,-15.9773,-1.040,-2.0764,19.5133,-115.397,2.513,2.2403,333.223,1.1064,0.0337,0.0269,0.7969,1,2.6047,2.6345,nan,2.9464,2.9741,0.1178,0.5491,0.8000,-0.0723,-0.1073,0.7512,43.0068,0.0160,3.2046,0.1001
78.600,327.359,0.7515,3.5448,-110.101,0.7549,3.4619,-111.484,0.0767,0.0317,0.0830,-1.383,2.4773,-15.9879,-1.165,-2.1175,19.4108,-110.319,2.629,2.1707,333.350,1.1031,0.0224,0.0201,0.9000,1,2.6874,2.7258,nan,3.0695,3.0840,0.1221,0.4978,0.8000,-0.0855,-0.1314,0.5443,43.2064,0.0084,2.9569,0.1001
78.650,327.486,0.7136,3.4238,-104.358,0.7132,3.3185,-105.354,0.1021,0.0257,0.1053,-0.995,2.4876,-15.9853,-1.142,-2.1588,19.2646,-104.212,2.762,2.0414,333.490,1.1043,0.0182,0.0214,1.1746,1,2.8025,2.8511,nan,3.3276,3.4283,0.1358,0.4067,0.8409,-0.1049,-0.0697,0.4226,43.3062,0.0583,3.9052,0.1001
78.700,327.603,0.6885,3.3087,-99.926,0.6901,3.2119,-100.753,0.0951,0.0183,0.0968,-0.827,2.5469,-15.9733,-0.971,-2.1815,19.1510,-99.783,2.961,1.9065,333.625,1.1020,0.0216,0.0283,1.3075,1,2.8852,2.9258,nan,3.4481,3.5631,0.1411,0.2458,0.9400,-0.1103,-0.0479,0.2711,0.0998,0.0666,5.5753,0.1001
78.750,327.824,0.6607,3.0896,-95.219,0.6640,2.9891,-95.709,0.0997,0.0124,0.1005,-0.489,2.6629,-15.9592,-0.634,-2.2085,18.9251,-95.075,3.347,0.7399,333.871,1.1006,0.0196,0.0201,1.0267,1,3.0875,3.1823,nan,3.7817,3.8125,0.1510,0.1423,1.1123,-0.1191,0.0024,0.1025,0.2993,0.0800,3.2432,0.1001
78.800,327.979,0.6491,2.9348,-93.264,0.6512,2.7971,-93.531,0.1373,0.0099,0.1377,-0.267,2.7659,-15.9418,-0.328,-2.2220,18.7265,-93.202,3.531,0.7842,334.036,1.1003,0.0194,0.0199,1.0251,1,3.3564,3.5342,nan,3.9848,4.0752,0.1614,0.1542,1.2414,-0.1328,-0.0522,0.0611,0.4989,0.0800,5.4644,0.1001
78.850,328.117,0.6433,2.7970,-91.394,0.6453,2.6447,-91.938,0.1522,0.0057,0.1523,-0.544,2.7270,-15.9554,-0.448,-2.2271,18.5832,-91.490,3.710,0.7794,334.186,1.0994,0.0212,0.0245,1.1532,1,3.5110,3.5840,nan,4.1755,4.2269,0.1674,0.1066,1.3120,-0.1309,-0.0109,0.0452,0.5987,0.0800,3.8787,0.1001
78.900,328.316,0.6417,2.5979,-89.504,0.6457,2.3970,-89.513,0.2009,0.0023,0.2010,-0.009,2.8430,-15.9451,-0.093,-2.2271,18.3385,-89.420,3.928,0.4835,334.399,1.0975,0.0207,0.0163,0.7860,1,3.6891,3.7771,nan,4.3555,4.4030,0.1744,0.0627,1.3959,-0.1302,0.0181,0.0261,0.8981,0.0800,5.1606,0.1001
78.950,328.572,0.6471,2.3420,-88.217,0.6513,2.1855,-88.284,0.1565,-0.0007,0.1565,-0.066,2.8187,-15.9471,-0.169,-2.2210,18.1262,-88.114,4.202,0.2721,334.673,1.0971,0.0184,0.0114,0.6199,1,3.9611,4.1681,nan,4.5263,4.6650,0.1848,0.0420,1.5068,-0.1252,0.0262,0.0160,1.0976,0.0739,5.0052,0.1001
79.000,328.779,0.6549,2.1359,-87.469,0.6595,1.9599,-87.541,0.1760,-0.0032,0.1761,-0.072,2.8475,-15.9449,-0.080,-2.2131,17.9017,-87.461,4.388,0.2494,334.892,1.0966,0.0177,0.0091,0.5146,1,4.2260,4.4351,nan,4.7673,4.8915,0.1937,0.0360,1.5216,-0.1231,0.0237,0.0055,1.2972,0.0624,4.6408,0.1001
79.050,328.939,0.6627,1.9753,-86.961,0.6729,1.7445,-86.410,0.2310,-0.0021,0.2310,0.551,3.0291,-15.9232,0.498,-2.2025,17.6875,-86.908,4.530,0.2501,335.063,1.0948,0.0202,0.0079,0.3893,1,4.4259,4.5569,nan,4.9929,5.1418,0.2036,0.0209,1.5216,-0.1145,0.0390,-0.0179,1.5965,0.0719,4.8589,0.1001
79.100,329.172,0.6760,1.7432,-86.504,0.6888,1.5154,-86.187,0.2281,-0.0011,0.2281,0.316,2.9226,-15.9560,0.144,-2.1900,17.4770,-86.331,4.747,0.0690,335.313,1.0948,0.0191,0.0042,0.2201,1,4.4042,4.4395,nan,5.0651,5.1530,0.2041,-0.0065,1.5216,-0.0995,0.0625,-0.0133,1.7961,0.0800,3.1360,0.1001
79.150,329.496,0.6957,1.4198,-86.675,0.7120,1.1550,-86.789,0.2653,0.0009,0.2653,-0.114,2.8468,-15.9531,-0.111,-2.1679,17.1039,-86.678,4.903,-0.0519,335.650,1.0947,0.0170,0.0023,0.1362,1,4.6704,4.9306,nan,5.2735,5.4339,0.2152,-0.0056,1.5225,-0.0865,0.0537,-0.0163,2.0955,0.0800,3.2932,0.1001
79.200,329.720,0.7086,1.1957,-86.802,0.7217,0.9183,-87.120,0.2777,-0.0024,0.2777,-0.318,2.7823,-15.9719,-0.321,-2.1552,16.8784,-86.799,5.062,-0.0476,335.888,1.0949,0.0155,0.0048,0.3081,1,4.9450,5.3090,nan,5.4708,5.6004,0.2218,-0.0065,1.5225,-0.0733,0.0462,-0.0171,2.3948,0.0566,4.0275,0.1001
79.250,329.952,0.7214,0.9643,-86.928,0.7353,0.6485,-87.199,0.3161,-0.0030,0.3161,-0.270,2.7992,-15.9555,-0.262,-2.1398,16.5944,-86.937,5.226,-0.0288,336.133,1.0971,0.0140,0.0054,0.3891,1,5.0173,5.0972,nan,5.7191,5.7986,0.2296,-0.0024,1.5241,-0.0693,0.0375,-0.0150,2.5944,0.0800,4.2461,0.1001
79.300,330.181,0.7337,0.7361,-86.976,0.7424,0.4853,-87.444,0.2510,-0.0046,0.2510,-0.468,2.7450,-15.9382,-0.444,-2.1300,16.4074,-87.000,5.392,-0.0642,336.378,1.0956,0.0129,0.0123,0.9604,1,5.2536,5.5097,nan,5.8956,6.0483,0.2395,-0.0114,1.5241,-0.0577,0.0415,-0.0113,2.8937,0.0800,4.5811,0.1001
79.350,330.552,0.7524,0.3656,-87.356,0.7651,0.0621,-87.593,0.3038,-0.0013,0.3038,-0.237,2.8038,-15.9255,-0.251,-2.1087,15.9785,-87.342,5.662,-0.1135,336.774,1.0991,0.0124,0.0052,0.4216,1,5.3650,5.4811,nan,6.0645,6.1632,0.2441,-0.0132,1.5241,-0.0474,0.0378,-0.0101,3.1931,0.0800,5.1077,0.1001
79.400,330.804,0.7636,0.1139,-87.642,0.7737,-0.1817,-87.625,0.2958,-0.0021,0.2958,0.016,2.8734,-15.9152,0.005,-2.0983,15.7336,-87.631,5.781,-0.1257,337.039,1.0990,0.0123,0.0018,0.1479,1,5.5840,5.8366,nan,6.1733,6.3652,0.2521,-0.0253,1.5241,-0.0299,0.0428,-0.0133,3.4924,0.0750,3.3802,0.1001
79.450,331.067,0.7736,-0.1496,-88.200,0.7830,-0.4389,-88.015,0.2895,0.0003,0.2895,0.184,2.9179,-15.8966,0.171,-2.0889,15.4639,-88.186,5.930,-0.2360,337.319,1.1004,0.0125,0.0009,0.0727,1,5.8200,6.1343,nan,6.3827,6.5577,0.2597,-0.0258,1.5265,-0.0197,0.0367,-0.0083,3.7918,0.0659,2.1213,0.1001
79.500,331.467,0.7835,-0.5489,-89.049,0.7971,-0.9162,-88.394,0.3675,0.0075,0.3676,0.655,3.0643,-15.9053,0.719,-2.0790,15.0163,-89.113,6.166,-0.1720,337.744,1.1077,0.0124,0.0060,0.4874,1,5.9604,6.1338,nan,6.5331,6.7200,0.2661,-0.0185,1.5265,-0.0125,0.0243,-0.0119,4.1909,0.0689,4.2493,0.1001
79.550,331.766,0.7876,-0.8482,-89.517,0.8036,-1.2217,-88.577,0.3736,0.0129,0.3738,0.940,3.1275,-15.8721,0.971,-2.0753,14.6877,-89.548,6.295,-0.2032,338.058,1.1135,0.0138,0.0081,0.5906,1,6.2011,6.5857,nan,6.7255,6.8789,0.2724,-0.0303,1.5265,0.0022,0.0300,-0.0075,4.4903,0.0545,3.3486,0.1001
79.600,332.040,0.7887,-1.1217,-90.230,0.8079,-1.4552,-89.162,0.3334,0.0205,0.3341,1.069,3.1478,-15.8234,1.052,-2.0757,14.4088,-90.214,6.415,-0.3035,338.346,1.1161,0.0150,0.0103,0.6879,1,6.1643,6.2268,nan,6.8643,7.0015,0.2773,-0.0322,1.5276,0.0088,0.0279,-0.0110,4.7896,0.0800,2.9178,0.1001
79.650,332.312,0.7863,-1.3938,-90.981,0.8006,-1.7538,-90.558,0.3597,0.0204,0.3603,0.423,2.9900,-15.8662,0.445,-2.0797,14.1289,-91.003,6.536,-0.2476,338.633,1.1193,0.0133,0.0047,0.3561,1,6.4287,7.0518,nan,6.9988,7.1929,0.2849,-0.0189,1.5276,0.0134,0.0087,-0.0071,5.0890,0.0667,2.9487,0.1001
79.700,332.616,0.7800,-1.6980,-91.505,0.7960,-2.0698,-91.097,0.3712,0.0257,0.3721,0.408,3.0084,-15.8658,0.518,-2.0875,13.8155,-91.615,6.684,-0.1137,338.956,1.1227,0.0126,0.0068,0.5409,1,6.5464,6.7301,nan,7.1718,7.4046,0.2933,0.0020,1.5309,0.0008,-0.0087,-0.0072,5.4881,0.0800,3.8807,0.1001
79.750,333.065,0.7682,-2.1468,-91.503,0.7841,-2.5430,-90.997,0.3956,0.0263,0.3965,0.506,2.9922,-15.8880,0.465,-2.0997,13.3625,-91.462,6.908,-0.0296,339.435,1.1240,0.0125,0.0082,0.6525,1,6.6392,6.8030,nan,7.2972,7.4997,0.2970,-0.0032,1.5311,0.0026,-0.0023,-0.0066,5.8872,0.0800,3.9871,0.1001
79.800,333.379,0.7597,-2.4603,-91.585,0.7789,-2.9478,-90.904,0.4868,0.0327,0.4879,0.682,3.0460,-15.9099,0.694,-2.1099,12.9887,-91.598,7.022,-0.0671,339.764,1.1404,0.0126,0.0120,0.9553,1,6.8969,7.5396,nan,7.4986,7.7275,0.3060,-0.0117,1.5311,0.0051,0.0074,-0.0075,6.2864,0.0737,3.0207,0.1001
79.850,333.641,0.7521,-2.7224,-91.849,0.7703,-3.2167,-91.309,0.4934,0.0341,0.4946,0.540,2.9864,-15.9110,0.442,-2.1180,12.7111,-91.751,7.142,-0.1379,340.043,1.1452,0.0126,0.0119,0.9464,1,7.0126,7.2232,nan,7.6533,7.8945,0.3127,-0.0162,1.5311,0.0114,0.0088,-0.0038,6.5857,0.0800,3.5485,0.1001
79.900,333.995,0.7396,-3.0765,-92.344,0.7622,-3.4251,-92.413,0.3473,0.0368,0.3493,-0.068,2.8372,-15.9174,-0.237,-2.1267,12.4836,-92.175,7.305,-0.1798,340.421,1.1124,0.0127,0.0076,0.5989,1,6.6961,6.5689,nan,7.7287,7.5492,0.2990,-0.0009,1.5322,0.0039,-0.0049,-0.0071,6.8851,0.0800,2.7620,0.1001
79.950,334.492,0.7188,-3.5731,-92.179,0.7406,-3.9690,-91.783,0.3948,0.0368,0.3965,0.395,3.0270,-15.8939,0.657,-2.1496,11.9503,-92.440,7.327,0.2973,340.927,1.1215,0.0126,0.0121,0.9641,1,6.8684,8.2125,nan,7.9118,7.7296,0.3061,0.0271,1.5342,-0.0143,-0.0282,-0.0033,7.3840,0.0800,2.7230,0.1001
80.000,334.845,0.7071,-3.9257,-91.338,0.7341,-4.3396,-90.420,0.4132,0.0366,0.4148,0.918,3.0880,-15.8621,0.951,-2.1624,11.5599,-91.370,7.373,0.2534,341.291,1.1310,0.0126,0.0261,2.0672,1,7.0672,7.4289,nan,8.0000,7.9400,0.3145,-0.0322,1.5349,0.0101,0.0318,-0.0023,7.7831,0.0800,1.1069,0.1001
80.050,335.156,0.6993,-4.2371,-91.899,0.7262,-4.7592,-90.751,0.5209,0.0442,0.5228,1.148,3.1239,-15.8544,1.155,-2.1735,11.1413,-91.906,7.455,-0.4356,341.618,1.1645,0.0142,0.0230,1.6277,1,7.3097,7.9014,nan,8.0000,8.1978,0.3247,-0.0550,1.5355,0.0302,0.0503,-0.0025,8.1823,0.0800,2.1554,0.1001
80.100,335.495,0.6850,-4.5755,-93.463,0.7103,-5.0146,-92.414,0.4367,0.0518,0.4398,1.049,3.0039,-15.8860,0.574,-2.1846,10.8938,-92.987,7.586,-0.4847,341.978,1.1351,0.0136,0.0208,1.5286,1,7.3465,7.4923,nan,8.0000,8.2345,0.3261,0.0012,1.5355,0.0137,-0.0116,-0.0040,8.4816,0.0800,3.0322,0.1001
80.150,336.024,0.6520,-5.1033,-93.092,0.6828,-5.5987,-92.577,0.4930,0.0575,0.4964,0.514,3.0931,-15.8555,1.045,-2.2229,10.2990,-93.622,7.717,0.5978,342.532,1.1589,0.0164,0.0218,1.3252,1,7.5186,7.8617,nan,8.0000,8.1581,0.3231,0.0530,1.5360,-0.0215,-0.0553,-0.0023,8.9805,0.0470,2.5309,0.1001
80.200,336.349,0.6372,-5.4279,-91.583,0.6583,-6.0366,-92.097,0.6079,0.0379,0.6091,-0.515,2.8154,-15.9104,-0.486,-2.2407,9.8551,-91.612,7.752,0.5546,342.867,1.2035,0.0138,0.0105,0.7599,1,7.7479,8.3279,nan,8.0000,7.9865,0.3163,-0.0452,1.5360,0.0150,0.0475,0.0007,9.3797,-0.0039,0.9752,0.1001
80.250,336.697,0.6276,-5.7761,-92.146,0.6479,-6.3424,-91.522,0.5651,0.0415,0.5666,0.624,2.7381,-15.8954,-0.928,-2.2447,9.5179,-90.594,7.733,-0.5192,343.220,1.1940,0.0156,0.0126,0.8059,1,7.8535,8.1034,nan,8.0000,8.1113,0.3212,-0.0420,1.5359,0.0095,0.0481,-0.0024,9.7788,0.0328,-0.1295,0.1001
80.300,337.022,0.6132,-6.1010,-93.363,0.6269,-6.6397,-93.776,0.5370,0.0452,0.5389,-0.413,2.8238,-15.8830,-0.421,-2.2648,9.2269,-93.355,7.753,-0.4960,343.553,1.1867,0.0120,0.0100,0.8332,1,7.7897,7.8731,nan,8.0000,8.1599,0.3232,0.0653,1.5359,-0.0354,-0.0578,-0.0005,10.0782,0.0475,0.5309,0.1001
80.350,337.551,0.5847,-6.6287,-91.616,0.6030,-7.3317,-91.304,0.7022,0.0381,0.7032,0.312,2.9463,-15.9319,0.321,-2.2951,8.6132,-91.625,7.780,0.8583,344.095,1.2220,0.0178,0.0222,1.2452,1,7.8125,7.9652,nan,8.0000,8.1425,0.3225,0.0709,1.5352,-0.0546,-0.0728,0.0029,10.5771,0.0422,0.4042,0.1001
80.400,337.901,0.5794,-6.9790,-89.401,0.5966,-7.6022,-90.146,0.6233,0.0107,0.6234,-0.745,2.7672,-15.9332,-0.841,-2.2927,8.2983,-89.305,7.786,0.7735,344.454,1.2004,0.0147,0.0119,0.8141,1,7.8102,7.9406,nan,8.0000,8.1442,0.3225,-0.0687,1.5345,0.0160,0.0794,0.0040,10.9762,0.0428,0.0862,0.1001
80.450,338.275,0.5844,-7.3532,-89.822,0.5933,-7.9890,-90.298,0.6358,0.0069,0.6359,-0.476,2.7532,-15.9330,-0.906,-2.2852,7.9089,-89.392,7.803,-0.7635,344.838,1.2043,0.0158,0.0179,1.1299,1,7.6732,7.7082,nan,8.0000,8.2484,0.3267,-0.0735,1.5345,0.0307,0.0935,0.0029,11.3754,0.0750,0.2785,0.1001
80.500,338.573,0.5824,-7.6503,-91.737,0.5834,-8.3043,-92.569,0.6537,0.0208,0.6540,-0.831,2.7768,-15.9301,-0.751,-2.2932,7.5963,-91.818,7.832,-0.9018,345.147,1.2161,0.0110,0.0219,1.9947,1,7.7687,7.9996,nan,8.0000,8.1758,0.3238,0.0342,1.5316,-0.0038,-0.0387,0.0043,11.7745,0.0524,0.7258,0.1001
80.550,339.122,0.5649,-8.1990,-90.815,0.5661,-8.7890,-91.130,0.5899,0.0096,0.5900,-0.316,2.9232,-15.8943,0.371,-2.3110,7.1204,-91.501,7.844,0.8302,345.708,1.1878,0.0156,0.0132,0.8472,1,7.7768,7.9149,nan,8.0000,8.1696,0.3235,0.0716,1.5305,-0.0317,-0.0921,0.0041,12.1736,0.0505,0.5812,0.1001
80.600,339.467,0.5643,-8.5441,-88.710,0.5633,-9.2274,-89.439,0.6831,-0.0164,0.6833,-0.729,2.7830,-15.9344,-0.754,-2.3077,6.6773,-88.685,7.831,0.4980,346.059,1.2238,0.0129,0.0112,0.8733,1,7.9046,8.1935,nan,7.8486,7.8886,0.3124,-0.0693,1.5285,0.0456,0.0891,0.0050,12.5728,0.0800,-0.0921,0.1001
80.650,339.825,0.5721,-8.9023,-89.582,0.5676,-9.5553,-90.089,0.6529,-0.0093,0.6530,-0.507,2.7592,-15.9684,-0.951,-2.2977,6.3758,-89.138,7.742,-0.8023,346.414,1.1980,0.0140,0.0230,1.6474,1,7.9564,8.1446,nan,7.4534,7.5274,0.2981,-0.0684,1.5285,0.0601,0.0797,0.0065,12.9719,0.0233,-1.9599,0.1001
80.700,340.132,0.5712,-9.2091,-91.448,0.5583,-9.8335,-91.970,0.6245,0.0029,0.6246,-0.522,2.8261,-15.8728,-0.346,-2.3042,6.0255,-91.623,7.606,-0.8129,346.711,1.2211,0.0091,0.0291,3.1818,1,8.0005,8.1828,nan,6.8300,6.8081,0.2696,0.0323,1.5285,0.0227,-0.0494,0.0092,13.4708,-0.0800,-4.0056,0.1001
80.750,340.640,0.5582,-9.7171,-90.514,0.5535,-10.1355,-90.464,0.4184,-0.0010,0.4184,0.050,2.9456,-15.7906,0.779,-2.3150,5.6871,-91.243,7.139,0.7117,347.176,1.1567,0.0122,0.0136,1.1101,1,7.6196,7.3549,nan,6.8300,6.6862,0.2648,0.0639,1.5285,0.0050,-0.0782,0.0054,13.5706,-0.0474,-2.9714,0.1001
80.800,340.949,0.5586,-10.0261,-88.798,0.5536,-10.5957,-88.791,0.5694,-0.0170,0.5696,0.007,2.8462,-15.8898,-0.198,-2.3110,5.2861,-88.592,6.897,0.4087,347.463,1.1846,0.0103,0.0102,0.9849,1,7.3234,7.2172,nan,6.3946,6.1852,0.2450,-0.0807,1.5275,0.0739,0.0832,0.0039,13.9697,-0.0800,-5.9990,0.1001
80.850,341.239,0.5642,-10.3161,-89.647,0.5573,-10.7721,-88.268,0.4560,-0.0097,0.4561,1.379,2.8665,-15.8432,0.049,-2.3048,5.0730,-88.317,6.603,-0.8391,347.727,1.1574,0.0098,0.0131,1.3364,1,6.8848,6.3768,nan,6.1709,6.0846,0.2410,-0.0913,1.5275,0.0781,0.0712,0.0088,14.2691,-0.0318,-7.5906,0.1001
80.900,341.674,0.5565,-10.7511,-92.428,0.5461,-11.1782,-92.876,0.4272,0.0077,0.4273,-0.449,2.8776,-15.8308,0.160,-2.3185,4.6591,-93.036,6.172,0.0880,348.125,1.1566,0.0156,0.0324,2.0694,1,6.5053,6.2704,nan,5.7087,5.5595,0.2202,0.0184,1.5275,0.0511,-0.0481,0.0071,14.5684,-0.0585,-6.7396,0.1001
80.950,341.951,0.5455,-11.0278,-91.979,0.5415,-11.4298,-91.589,0.4019,0.0099,0.4020,0.390,2.9006,-15.8053,0.400,-2.3285,4.3918,-91.989,5.881,0.2620,348.379,1.1529,0.0050,0.0088,1.7515,1,6.1004,5.7983,nan,5.4688,5.4450,0.2156,0.0626,1.5250,0.0320,-0.0916,0.0090,14.7680,-0.0100,-4.6888,0.1001
81.000,342.216,0.5386,-11.2928,-90.593,0.5361,-11.6780,-90.477,0.3852,0.0015,0.3852,0.116,2.8779,-15.8242,0.119,-2.3332,4.1511,-90.596,5.656,0.4711,348.628,1.1439,0.0061,0.0080,1.3192,1,5.8551,5.8098,nan,5.2219,5.1970,0.2058,-0.0279,1.5024,0.0559,0.0075,0.0107,14.9676,-0.0110,-5.9573,0.1000
81.050,342.465,0.5361,-11.5419,-90.877,0.5333,-11.9684,-89.984,0.4265,0.0038,0.4265,0.893,2.8616,-15.8711,-0.075,-2.3334,3.8996,-89.909,5.420,-0.3531,348.859,1.1423,0.0050,0.0080,1.6168,1,5.5450,5.4486,nan,4.9670,4.9838,0.1974,-0.0721,1.3846,0.0666,0.0412,0.0098,15.2669,0.0079,-5.5084,0.1000
81.100,342.683,0.5310,-11.7594,-92.200,0.5258,-12.1668,-92.132,0.4073,0.0105,0.4075,0.068,2.8613,-15.9032,-0.070,-2.3400,3.7335,-92.062,5.194,-0.4249,349.060,1.1308,0.0049,0.0046,0.9454,1,5.3616,5.3545,nan,4.5662,4.4179,0.1750,0.0127,1.2735,0.0461,-0.0362,0.0119,15.5663,-0.0721,-6.2780,0.1000
81.151,343.028,0.5177,-12.1041,-92.017,0.5155,-12.4656,-91.883,0.3613,0.0106,0.3615,0.134,2.8771,-15.8635,0.136,-2.3535,3.4036,-92.018,4.695,0.1483,349.368,1.1276,0.0033,0.0048,1.4590,1,5.0249,4.9080,nan,4.2118,4.0707,0.1612,0.0737,1.1803,0.0268,-0.0717,0.0116,15.8656,-0.0800,-8.1620,0.1000
81.200,343.223,0.5121,-12.2991,-90.895,0.5104,-12.6673,-90.802,0.3681,0.0041,0.3682,0.092,2.8735,-15.8884,0.094,-2.3578,3.2250,-90.896,4.397,0.4158,349.544,1.1228,0.0027,0.0048,1.7931,1,4.6320,4.3910,nan,4.2118,4.3487,0.1722,0.0182,1.1803,0.0393,-0.0167,0.0116,15.8656,0.0786,-8.2827,0.1000
81.250,343.419,0.5097,-12.4954,-90.550,0.5074,-12.8410,-90.791,0.3456,0.0010,0.3456,-0.241,2.8513,-15.8577,-0.300,-2.3597,3.0044,-90.491,4.300,-0.0426,349.734,1.1276,0.0021,0.0048,2.2930,1,4.3435,4.2846,nan,3.8747,3.8694,0.1532,-0.0154,1.0926,0.0445,0.0221,0.0084,16.1650,-0.0030,-2.3531,0.1000
81.300,343.582,0.5079,-12.6586,-90.764,0.5062,-12.9220,-90.942,0.2634,0.0018,0.2634,-0.177,2.8513,-15.8577,-0.300,-2.3604,2.9235,-90.642,4.085,-0.0958,349.884,1.1107,0.0007,0.0039,5.4689,1,4.1487,4.1425,nan,3.7595,3.8119,0.1510,0.0736,1.0690,0.0355,-0.0161,0.0147,16.2648,0.0304,-7.1057,0.1000
81.350,343.871,0.5068,-12.9473,-89.133,0.5073,-13.1956,-89.248,0.2482,-0.0032,0.2483,-0.115,2.8689,-15.8228,0.014,-2.3609,2.6279,-89.262,3.846,0.6879,350.159,1.1112,0.0043,0.0063,1.4504,1,3.9157,3.8963,nan,3.6451,3.7782,0.1496,0.1368,0.9914,0.0296,-0.0296,0.0374,16.4643,0.0771,-4.1966,0.1000
81.400,344.027,0.5111,-13.1034,-87.242,0.5110,-13.3554,-87.470,0.2517,-0.0122,0.2520,-0.228,2.8532,-15.8144,-0.281,-2.3542,2.4475,-87.190,3.775,0.7647,350.312,1.1131,0.0050,0.0061,1.2355,1,3.7347,3.7324,nan,3.4219,3.5000,0.1386,0.0502,0.9199,0.0510,0.0471,0.1233,16.6639,0.0452,-2.5780,0.1000
81.450,344.197,0.5207,-13.2727,-86.361,0.5209,-13.4378,-86.416,0.1648,-0.0103,0.1651,-0.056,2.8616,-15.7304,-0.096,-2.3446,2.2887,-86.320,3.584,0.2526,350.470,1.1111,0.0043,0.0067,1.5604,1,3.8644,3.9312,nan,3.3141,3.1963,0.1266,0.0453,0.9258,0.0609,0.0725,0.1675,16.7637,-0.0682,-2.4285,0.1000
81.500,344.342,0.5306,-13.4180,-85.766,0.5295,-13.4887,-86.085,0.0705,-0.0063,0.0708,-0.319,2.8535,-15.6670,-0.317,-2.3360,2.1653,-85.767,3.373,0.2444,350.605,1.1088,0.0016,0.0043,2.7079,1,3.5690,3.5120,nan,3.2095,3.2204,0.1275,0.0831,0.8551,0.0657,0.0319,0.2195,16.8635,0.0063,-6.8532,0.1000
81.550,344.570,0.5503,-13.6444,-83.929,0.5469,-13.6303,-84.373,-0.0144,-0.0019,0.0145,-0.444,2.8564,-15.5987,-0.222,-2.3171,1.9595,-84.152,3.233,0.6008,350.825,1.1066,0.0072,0.0030,0.4133,1,3.3099,3.2719,nan,3.1080,3.2227,0.1276,0.1194,0.8000,0.0736,0.0158,0.2644,16.9632,0.0664,-3.4871,0.1000
81.600,344.714,0.5673,-13.7881,-82.409,0.5640,-13.7948,-82.991,0.0062,-0.0041,0.0074,-0.582,2.8414,-15.6226,-0.626,-2.2973,1.8029,-82.365,3.193,0.4172,350.969,1.1056,0.0056,0.0057,1.0072,1,3.1686,3.1706,nan,3.0104,3.1423,0.1244,0.0497,0.8000,0.0854,0.0341,0.3123,17.0630,0.0763,-1.2047,0.1000
81.650,344.850,0.5861,-13.9227,-81.772,0.5829,-13.8842,-81.920,-0.0385,0.0023,0.0386,-0.148,2.8438,-15.5721,-0.559,-2.2773,1.6658,-81.361,3.104,0.3236,351.099,1.1048,0.0064,0.0032,0.4916,1,3.2977,3.3571,nan,2.8239,2.6865,0.1064,0.1809,0.8000,0.0900,-0.0216,0.4100,17.2626,-0.0800,-1.7475,0.1000
81.700,344.972,0.6047,-14.0429,-80.143,0.6008,-13.9687,-80.921,-0.0738,0.0089,0.0743,-0.778,2.8481,-15.5347,-0.427,-2.2589,1.5492,-80.494,2.857,0.8053,351.210,1.1045,0.0038,0.0184,4.8011,1,3.0725,3.0481,nan,2.7339,2.6838,0.1063,0.2543,0.8000,0.0947,-0.0578,0.4549,17.3624,-0.0290,-7.7091,0.1000
81.750,345.173,0.6459,-14.2398,-76.108,0.6472,-14.1741,-76.480,-0.0634,0.0170,0.0657,-0.372,2.8481,-15.5347,-0.427,-2.2110,1.3441,-76.053,2.735,0.8227,351.407,1.0992,0.0146,0.0076,0.5220,1,2.7926,2.7341,nan,2.7339,2.8398,0.1125,0.1934,0.8000,0.1104,0.0199,0.4549,17.3624,0.0800,-4.4168,0.1000
81.800,345.288,0.6754,-14.3513,-74.083,0.6577,-14.2079,-74.838,-0.1428,0.0223,0.1445,-0.755,2.8360,-15.5223,-0.714,-2.1945,1.2872,-74.123,2.733,0.9920,351.523,1.1048,0.0097,0.0240,2.4689,1,2.8021,2.8261,nan,2.6485,2.7145,0.1075,0.3095,0.8000,0.1146,-0.0252,0.5534,17.5620,0.0382,0.4355,0.1000
81.850,345.412,0.7124,-14.4697,-70.754,0.7017,-14.3461,-71.589,-0.1202,0.0307,0.1241,-0.835,2.8290,-15.5190,-0.957,-2.1466,1.1372,-70.632,2.645,1.3741,351.645,1.0978,0.0070,0.0252,3.6152,1,2.7526,2.7676,nan,2.4791,2.4441,0.0968,0.3752,0.8000,0.1141,-0.0376,0.6112,17.6617,-0.0202,-2.0882,0.1000
81.900,345.512,0.7477,-14.5629,-67.441,0.7365,-14.4251,-67.997,-0.1316,0.0425,0.1383,-0.556,2.8358,-15.5060,-0.729,-2.1129,1.0541,-67.269,2.491,1.4683,351.740,1.0981,0.0070,0.0464,6.6383,1,2.7024,2.7169,nan,2.3973,2.3311,0.0923,0.3832,0.8000,0.1207,-0.0070,0.6575,17.7615,-0.0384,-5.6598,0.1000
81.950,345.681,0.8201,-14.7155,-61.529,0.8079,-14.5883,-62.824,-0.1176,0.0499,0.1277,-1.294,2.8301,-15.5335,-1.073,-2.0396,0.9071,-61.751,2.326,1.4694,351.906,1.0965,0.0199,0.0203,1.0181,1,2.4239,2.3610,nan,2.3165,2.3910,0.0947,0.4007,0.8000,0.1286,0.0072,0.7160,17.8613,0.0432,-2.9048,0.1000
82.000,345.785,0.8728,-14.8055,-57.723,0.8614,-14.6890,-58.691,-0.1046,0.0526,0.1170,-0.968,2.8297,-15.5302,-0.940,-1.9818,0.8088,-57.751,2.272,1.5424,352.010,1.0925,0.0139,0.0228,1.6439,1,2.4204,2.4392,nan,2.1567,2.1005,0.0832,0.5800,0.8000,0.1162,-0.0769,0.8405,18.0609,-0.0326,-0.6056,0.1000
82.050,345.876,0.9240,-14.8810,-53.533,0.9133,-14.7864,-54.306,-0.0824,0.0477,0.0952,-0.774,2.8352,-15.5587,-0.852,-1.9332,0.7436,-53.455,2.084,1.8980,352.097,1.0937,0.0033,0.0303,9.0989,1,2.3870,2.4013,nan,2.0820,1.9863,0.0787,0.6611,0.8000,0.1078,-0.0819,0.9059,18.1607,-0.0554,-5.8577,0.1000
82.100,345.966,0.9805,-14.9510,-48.334,0.9648,-14.8492,-49.484,-0.0865,0.0559,0.1030,-1.150,2.8352,-15.5587,-0.852,-1.8808,0.6816,-48.633,1.939,2.0757,352.186,1.0969,0.0045,0.0433,9.7090,1,2.1594,2.1228,nan,2.0485,2.0894,0.0827,0.6869,0.8000,0.0914,-0.0638,0.9915,18.2604,0.0237,-5.1628,0.1000
82.150,346.096,1.0730,-15.0411,-40.141,1.0743,-14.9796,-41.141,-0.0387,0.0479,0.0615,-1.000,2.8454,-15.5946,-0.866,-1.7802,0.5882,-40.275,1.923,2.1430,352.323,1.0893,0.0271,0.0213,0.7871,1,2.0242,2.0174,nan,2.0404,2.0527,0.0813,0.7202,0.8000,0.0881,-0.0459,1.0761,18.3602,0.0071,-1.4429,0.1000
82.200,346.185,1.1441,-15.0951,-34.213,1.1543,-15.0485,-35.053,-0.0178,0.0443,0.0477,-0.840,2.8445,-15.6083,-1.007,-1.6998,0.5300,-34.046,1.885,2.2049,352.418,1.0805,0.0230,0.0177,0.7686,1,2.0365,2.0546,nan,2.0305,2.0337,0.0805,0.8005,0.8000,0.0545,-0.1626,1.2010,18.5598,0.0018,-1.7596,0.1000
82.250,346.261,1.2093,-15.1351,-28.778,1.2015,-15.0955,-30.812,-0.0259,0.0309,0.0403,-2.034,2.8310,-15.6384,-1.596,-1.6440,0.4973,-29.216,1.844,2.4167,352.500,1.0890,0.0080,0.0160,1.9950,1,1.9985,2.0091,nan,2.0385,2.0689,0.0819,0.8103,0.8000,0.0379,-0.1730,1.2030,18.6596,0.0176,-1.5519,0.1000
82.300,346.383,1.3208,-15.1851,-19.363,1.3397,-15.1557,-20.887,0.0081,0.0340,0.0350,-1.524,2.8334,-15.6307,-1.448,-1.5052,0.4371,-19.439,1.809,2.4750,352.635,1.0631,0.0039,0.0219,5.6149,1,2.0023,2.0188,nan,2.0303,2.0516,0.0813,0.8304,0.8000,0.0041,-0.1659,1.1982,18.7594,0.0123,-1.8509,0.1000
82.350,346.465,1.3986,-15.2077,-13.004,1.4171,-15.1792,-14.312,0.0116,0.0319,0.0340,-1.308,2.8203,-15.6323,-1.634,-1.4156,0.4130,-12.678,1.797,2.4223,352.725,1.0516,0.0260,0.0171,0.6567,1,2.0182,2.0367,nan,2.0384,2.0538,0.0813,0.7919,0.8000,0.0029,-0.1540,1.2032,18.8591,0.0089,-1.4546,0.1000
82.400,346.533,1.4660,-15.2201,-7.871,1.4877,-15.1914,-9.131,0.0176,0.0314,0.0360,-1.260,2.8203,-15.6323,-1.634,-1.3446,0.4028,-7.497,1.806,2.3481,352.800,1.0478,0.0070,0.0072,1.0267,1,1.9238,1.9250,nan,2.0384,2.1255,0.0842,0.7830,0.8000,-0.0017,-0.1625,1.1979,18.9589,0.0504,1.7887,0.1000
82.450,346.628,1.5607,-15.2273,-0.851,1.5848,-15.1930,-2.501,0.0235,0.0346,0.0419,-1.649,2.8172,-15.6196,-1.345,-1.2421,0.3976,-1.156,1.847,2.3259,352.908,1.0398,0.0093,0.0146,1.5590,1,1.8972,1.9086,nan,2.0303,2.1314,0.0844,0.7639,0.8000,-0.0111,-0.0541,1.1979,18.9589,0.0585,-0.8510,0.1000
82.500,346.704,1.6368,-15.2249,4.617,1.6751,-15.1881,4.229,0.0411,0.0335,0.0531,-0.388,2.8085,-15.6131,-1.048,-1.1410,0.4042,5.277,1.866,2.3316,352.992,1.0144,0.0019,0.0109,5.8731,1,2.0908,2.1656,nan,2.0993,2.0953,0.0830,0.7586,0.8000,-0.0204,-0.1633,1.1984,19.1585,-0.0023,0.0904,0.1000
82.550,346.834,1.7645,-15.2042,13.435,1.7977,-15.1676,12.812,0.0408,0.0279,0.0494,-0.623,2.7936,-15.6166,-1.002,-1.0036,0.4315,13.814,1.910,2.0222,353.134,1.0040,0.0179,0.0197,1.0974,1,1.9714,1.9677,nan,2.0519,2.1026,0.0833,0.6593,0.8000,-0.0171,-0.0525,1.1984,19.1585,0.0293,-0.5245,0.1000
82.600,346.930,1.8567,-15.1771,19.259,1.8871,-15.1399,18.301,0.0409,0.0251,0.0480,-0.958,2.7936,-15.6166,-1.002,-0.9147,0.4608,19.303,1.935,2.0487,353.236,1.0070,0.0182,0.0178,0.9777,1,2.0914,2.1345,nan,2.1733,2.1814,0.0864,0.6574,0.8000,-0.0294,-0.0740,1.1351,19.2583,0.0047,0.0665,0.1000
82.650,347.012,1.9330,-15.1467,24.219,1.9657,-15.1064,23.498,0.0463,0.0233,0.0519,-0.721,2.7812,-15.6197,-1.012,-0.8245,0.4988,24.510,1.987,1.9930,353.325,0.9923,0.0088,0.0103,1.1678,1,2.0383,2.0471,nan,2.2562,2.3246,0.0921,0.6169,0.8000,-0.0397,-0.0872,1.0144,19.3581,0.0396,0.4820,0.1000
82.700,347.097,2.0093,-15.1085,29.057,2.0337,-15.0739,28.214,0.0381,0.0184,0.0423,-0.844,2.7745,-15.6250,-0.860,-0.7491,0.5399,29.074,2.077,1.9220,353.420,0.9929,0.0019,0.0045,2.3185,1,2.0328,2.0482,nan,2.3443,2.4508,0.0971,0.5524,0.8000,-0.0441,-0.0771,0.9064,19.4578,0.0617,2.2256,0.1000
82.750,347.236,2.1264,-15.0339,35.931,2.1500,-14.9953,35.241,0.0417,0.0174,0.0452,-0.690,2.7653,-15.6272,-0.739,-0.6234,0.6239,35.980,2.252,1.8326,353.572,0.9834,0.0139,0.0106,0.7637,1,2.1388,2.1781,nan,2.4366,2.5157,0.0996,0.5130,0.8000,-0.0566,-0.0628,0.8080,19.5576,0.0458,4.2530,0.1000
82.800,347.348,2.2145,-14.9640,41.150,2.2346,-14.9270,40.061,0.0395,0.0146,0.0421,-1.089,2.7653,-15.6272,-0.739,-0.5396,0.6934,40.800,2.335,1.7975,353.692,0.9877,0.0128,0.0060,0.4719,1,2.3192,2.3895,nan,2.5329,2.5201,0.0998,0.4756,0.8000,-0.0638,-0.1169,0.6243,19.7572,-0.0074,1.7699,0.1000
82.850,347.448,2.2867,-14.8960,45.405,2.3211,-14.8433,44.603,0.0617,0.0125,0.0629,-0.802,2.7479,-15.6388,-1.059,-0.4415,0.7875,45.662,2.397,1.7023,353.796,0.9596,0.0036,0.0041,1.1272,1,2.4296,2.4733,nan,2.7364,2.7798,0.1101,0.4427,0.8000,-0.0764,-0.0815,0.5367,19.8570,0.0251,1.8938,0.1000
82.900,347.618,2.3993,-14.7680,51.865,2.4346,-14.7071,51.096,0.0697,0.0099,0.0704,-0.769,2.7400,-15.6458,-1.107,-0.3235,0.9326,52.203,2.619,1.5305,353.980,0.9530,0.0181,0.0183,1.0107,1,2.5020,2.5360,nan,2.8434,2.8987,0.1148,0.3731,0.8000,-0.0785,-0.0592,0.4531,19.9568,0.0320,3.8267,0.1000
82.950,347.744,2.4734,-14.6665,56.044,2.4965,-14.6236,55.064,0.0485,0.0048,0.0488,-0.981,2.7415,-15.6446,-1.065,-0.2639,1.0163,56.129,2.723,1.3894,354.113,0.9688,0.0165,0.0125,0.7580,1,2.6608,2.7248,nan,2.9523,2.9399,0.1164,0.2561,0.8159,-0.0862,-0.0440,0.2853,20.1563,-0.0072,3.7348,0.1000
83.000,347.852,2.5317,-14.5757,58.561,2.5517,-14.5316,57.982,0.0480,0.0059,0.0484,-0.579,2.7313,-15.6518,-1.079,-0.2006,1.1165,59.061,2.795,1.1123,354.224,0.9631,0.0036,0.0051,1.4060,1,2.6921,2.7191,nan,3.0631,3.0979,0.1227,0.1830,0.8255,-0.0872,-0.0204,0.1974,20.2561,0.0201,2.9509,0.1000
83.050,347.993,2.6026,-14.4539,60.878,2.6244,-14.4077,60.047,0.0510,0.0034,0.0511,-0.831,2.7355,-15.6512,-0.848,-0.1294,1.2417,60.895,2.955,0.5956,354.372,0.9626,0.0018,0.0046,2.5314,1,2.8705,2.9477,nan,3.2823,3.3369,0.1322,0.0349,0.8802,-0.0871,0.0014,0.1171,20.3559,0.0316,0.9325,0.1000
83.100,348.108,2.6580,-14.3525,61.402,2.6878,-14.2966,61.470,0.0633,0.0006,0.0633,0.069,2.7400,-15.6548,-0.641,-0.0673,1.3575,62.112,3.103,0.1652,354.494,0.9551,0.0016,0.0031,1.9899,1,3.0786,3.1770,nan,3.4837,3.5254,0.1396,-0.0248,0.9440,-0.0902,-0.0037,-0.0363,20.5555,0.0241,4.9952,0.1000
83.151,348.353,2.7755,-14.1376,60.979,2.8080,-14.0840,60.385,0.0626,-0.0024,0.0626,-0.594,2.7354,-15.6650,-0.579,0.0565,1.5816,60.964,3.417,-0.1168,354.755,0.9483,0.0164,0.0232,1.4115,1,3.0480,3.0680,nan,3.6345,3.7099,0.1469,-0.0215,0.9346,-0.0989,-0.0189,-0.1108,20.6553,0.0800,2.8325,0.1000
83.200,348.499,2.8465,-14.0100,60.684,2.8823,-13.9400,60.644,0.0786,0.0030,0.0786,-0.040,2.7398,-15.6734,-0.032,0.1416,1.7335,60.675,3.522,-0.1437,354.907,0.9336,0.0022,0.0163,7.2539,1,3.2521,3.3510,nan,3.6056,3.6692,0.1453,-0.0600,0.9972,-0.1068,-0.0120,-0.2623,20.8548,0.0368,5.2172,0.1000
83.250,348.658,2.9251,-13.8714,59.859,2.9419,-13.8391,59.529,0.0364,0.0017,0.0364,-0.330,2.7236,-15.6831,-0.379,0.2061,1.8454,59.908,3.558,-0.4255,355.068,0.9485,0.0006,0.0041,7.4361,1,3.4838,3.6113,nan,3.6298,3.7407,0.1481,-0.1210,1.0682,-0.0943,0.0544,-0.3815,21.0544,0.0642,1.0988,0.1000
83.300,348.794,2.9944,-13.7544,58.459,3.0189,-13.7113,58.250,0.0496,0.0017,0.0496,-0.210,2.7174,-15.6921,-0.384,0.2882,1.9828,58.634,3.597,-0.6766,355.207,0.9350,0.0019,0.0011,0.5542,1,3.5429,3.5836,nan,3.7311,3.7772,0.1496,-0.1062,1.1269,-0.0871,0.0790,-0.3141,21.2540,0.0267,1.3094,0.1000
83.350,349.050,3.1319,-13.5393,56.301,3.1467,-13.5163,55.591,0.0273,0.0005,0.0274,-0.711,2.6986,-15.7074,-0.548,0.4271,2.1953,56.138,3.716,-0.3676,355.469,0.9337,0.0042,0.0087,2.1002,1,3.5233,3.5488,nan,3.8638,3.9536,0.1566,-0.0645,1.1439,-0.0827,0.0827,-0.2375,21.4535,0.0520,0.7827,0.1000
83.400,349.215,3.2246,-13.4023,55.355,3.2378,-13.3863,54.918,0.0207,-0.0018,0.0207,-0.437,2.7017,-15.7077,-0.495,0.5161,2.3259,55.413,3.795,-0.4267,355.640,0.9376,0.0020,0.0051,2.5118,1,3.7365,3.8508,nan,4.0132,4.0133,0.1589,-0.0780,1.1358,-0.0601,0.1169,-0.1575,21.6531,0.0001,2.3912,0.1000
83.450,349.395,3.3283,-13.2551,54.194,3.3560,-13.2181,54.194,0.0462,-0.0009,0.0462,0.000,2.7106,-15.7258,-0.006,0.6452,2.5077,54.199,3.873,-0.2826,355.825,0.9118,0.0009,0.0059,6.9493,1,3.9031,3.9871,nan,4.1688,4.1356,0.1638,-0.0442,1.1137,-0.0342,0.1172,-0.0779,21.8527,-0.0182,1.8040,0.1000
83.500,349.560,3.4253,-13.1221,53.538,3.4569,-13.0811,53.605,0.0518,-0.0010,0.0518,0.066,2.7188,-15.7196,0.083,0.7419,2.6374,53.522,3.962,-0.2777,355.996,0.9121,0.0003,0.0036,11.0795,1,4.0135,4.0745,nan,4.4358,4.4879,0.1777,-0.0463,1.0928,-0.0065,0.1246,0.0011,22.0522,0.0277,2.5752,0.1000
83.550,349.838,3.5928,-12.8994,52.718,3.6033,-12.8841,53.023,0.0185,0.0010,0.0186,0.305,2.7362,-15.7308,0.555,0.8946,2.8382,52.468,4.143,-0.0067,356.286,0.9270,0.0076,0.0130,1.7160,1,4.1667,4.2509,nan,4.2587,4.1854,0.1658,-0.0014,1.0428,0.0169,0.1052,0.0806,22.2518,-0.0800,5.5028,0.1000
83.600,350.020,3.7030,-12.7548,52.694,3.7236,-12.7275,52.960,0.0342,0.0002,0.0342,0.266,2.7202,-15.7309,0.260,1.0170,2.9989,52.699,4.123,-0.0226,356.467,0.9146,0.0044,0.0119,2.6986,1,4.1385,4.1685,nan,4.0156,4.0693,0.1612,-0.0077,1.0020,0.0459,0.1021,0.1603,22.4514,0.0800,-0.5275,0.1000
83.650,350.180,3.7999,-12.6279,52.590,3.8210,-12.5995,52.735,0.0354,0.0005,0.0354,0.145,2.7066,-15.7347,0.096,1.1196,3.1334,52.640,4.063,-0.0021,356.623,0.9089,0.0003,0.0028,11.0909,1,4.1657,4.2069,nan,3.7861,3.8806,0.1537,0.1146,1.0020,0.0579,0.0551,0.2333,22.6509,0.0547,-1.5669,0.1000
83.700,350.461,3.9672,-12.4021,55.369,3.9620,-12.3997,55.444,-0.0009,0.0057,0.0057,0.075,2.7138,-15.7482,0.374,1.2701,3.3403,55.070,3.852,1.1720,356.893,0.9259,0.0047,0.0059,1.2398,1,3.8946,3.8575,nan,3.6776,3.7661,0.1492,0.2027,0.9756,0.0625,-0.0030,0.3155,22.8505,0.0800,-3.3278,0.1000
83.750,350.636,4.0632,-12.2562,58.479,4.0465,-12.2658,58.669,-0.0169,0.0092,0.0193,0.190,2.7052,-15.7503,0.282,1.3584,3.4779,58.387,3.752,0.9162,357.063,0.9337,0.0157,0.0143,0.9100,1,3.8669,3.8941,nan,3.5713,3.6665,0.1452,0.1435,0.9687,0.0905,0.0851,0.3543,22.9503,0.0551,-3.4158,0.1000
83.800,350.795,4.1444,-12.1190,60.542,4.1338,-12.1147,61.174,-0.0015,0.0113,0.0114,0.632,2.7125,-15.7606,0.421,1.4481,3.6353,60.752,3.671,0.8243,357.219,0.9250,0.0069,0.0123,1.7763,1,3.7539,3.7669,nan,3.3714,3.3632,0.1332,0.2114,0.9404,0.1092,0.0597,0.4353,23.1498,-0.0048,-2.3205,0.1000
83.850,350.959,4.2222,-11.9749,63.399,4.1938,-11.9938,63.378,-0.0296,0.0170,0.0341,-0.021,2.6741,-15.7583,-0.066,1.5154,3.7662,63.444,3.450,1.2155,357.372,0.9356,0.0064,0.0185,2.9087,1,3.6108,3.6160,nan,3.1861,3.1109,0.1232,0.2586,0.9045,0.1143,-0.0017,0.5213,23.3494,-0.0435,-1.5010,0.1000
83.900,351.169,4.3092,-11.7834,68.233,4.2777,-11.7956,68.440,-0.0230,0.0247,0.0338,0.207,2.6741,-15.7583,-0.066,1.5991,3.9645,68.506,3.182,1.2892,357.571,0.9388,0.0245,0.0305,1.2425,1,3.3342,3.2862,nan,3.1023,3.1576,0.1251,0.2655,0.8352,0.1237,0.0230,0.5676,23.4492,0.0320,-6.7838,0.1000
83.950,351.320,4.3612,-11.6417,71.820,4.3203,-11.6883,70.851,-0.0570,0.0243,0.0620,-0.969,2.6039,-15.7475,-1.063,1.6408,4.0903,71.915,3.112,1.3154,357.720,0.9493,0.0227,0.0250,1.1019,1,3.1018,3.0790,nan,2.9555,3.0355,0.1202,0.3122,0.8000,0.1245,-0.0226,0.6634,23.6488,0.0463,-2.2354,0.1000
84.000,351.448,4.3980,-11.5188,75.346,4.3563,-11.5770,73.917,-0.0668,0.0256,0.0716,-1.429,2.6041,-15.7382,-1.134,1.6696,4.1951,75.050,3.013,1.4938,357.846,0.9579,0.0137,0.0302,2.2102,1,3.0249,3.0370,nan,2.9437,3.0377,0.1203,0.3488,0.8000,0.1200,-0.0443,0.7115,23.7486,0.0544,-3.3287,0.1000
84.050,351.582,4.4277,-11.3881,79.539,4.3918,-11.4304,78.368,-0.0481,0.0276,0.0555,-1.171,2.5874,-15.7192,-1.427,1.6971,4.3324,79.795,2.949,1.7034,357.979,0.9599,0.0113,0.0339,2.9933,1,3.0385,3.0652,nan,2.9880,2.9762,0.1179,0.4104,0.8000,0.1056,-0.1076,0.8014,23.9481,-0.0068,-2.2121,0.1000
84.100,351.711,4.4464,-11.2613,84.173,4.4131,-11.2995,82.109,-0.0414,0.0293,0.0507,-2.064,2.5787,-15.6943,-1.590,1.7117,4.4440,83.699,2.893,1.8673,358.109,0.9647,0.0132,0.0409,3.0931,1,2.8224,2.7983,nan,3.0525,3.1904,0.1264,0.4089,0.8000,0.0930,-0.0988,0.7700,24.0479,0.0800,-2.4343,0.1000
84.150,351.848,4.4549,-11.1238,89.265,4.4286,-11.1224,87.624,0.0010,0.0263,0.0264,-1.641,2.5935,-15.6872,-1.436,1.7201,4.6093,89.060,2.962,1.9346,358.255,0.9637,0.0164,0.0273,1.6613,1,2.9370,2.9875,nan,3.1983,3.2234,0.1277,0.4613,0.8000,0.0589,-0.1966,0.6180,24.3473,0.0145,1.1861,0.1000
84.200,352.039,4.4457,-10.9330,96.975,4.4217,-10.9480,95.486,-0.0120,0.0257,0.0283,-1.489,2.6201,-15.6959,-1.156,1.7055,4.7832,96.642,3.013,2.1197,358.457,0.9697,0.0224,0.0250,1.1120,1,3.1334,3.2248,nan,3.4442,3.4791,0.1378,0.4336,0.8880,0.0161,-0.2052,0.5350,24.5468,0.0202,0.6266,0.1000
84.250,352.178,4.4231,-10.7964,102.411,4.3928,-10.7792,101.166,0.0234,0.0259,0.0349,-1.245,2.6109,-15.6959,-1.259,1.6734,4.9547,102.425,3.138,2.0065,358.609,0.9783,0.0181,0.0127,0.7017,1,3.0487,3.0606,nan,3.5314,3.6486,0.1445,0.3905,0.8824,0.0109,-0.1331,0.4928,24.6466,0.0800,3.2150,0.1000
84.300,352.332,4.3836,-10.6471,107.799,4.3486,-10.6141,106.705,0.0421,0.0232,0.0481,-1.094,2.6267,-15.6912,-1.045,1.6290,5.1077,107.751,3.294,1.7841,358.779,0.9833,0.0169,0.0087,0.5118,1,3.2814,3.4062,nan,3.7112,3.8020,0.1506,0.3303,0.9862,-0.0072,-0.1307,0.4194,24.8462,0.0526,3.9688,0.1000
84.350,352.548,4.3074,-10.4457,113.906,4.2455,-10.3638,114.249,0.1000,0.0234,0.1027,0.343,2.7138,-15.7260,-0.076,1.5246,5.3643,114.326,3.544,1.5829,359.016,1.0129,0.0221,0.0212,0.9600,1,3.3924,3.4465,nan,3.8986,4.0234,0.1593,0.2854,1.0598,-0.0312,-0.1261,0.3469,25.0457,0.0722,4.5649,0.1000
84.400,352.707,4.2384,-10.3023,117.911,4.1941,-10.2605,117.696,0.0577,0.0196,0.0609,-0.215,2.7170,-15.7347,-0.108,1.4667,5.4770,117.804,3.690,1.3536,359.188,1.0006,0.0201,0.0235,1.1673,1,3.6677,3.8699,nan,4.0918,4.1289,0.1635,0.2089,1.1938,-0.0428,-0.0997,0.2728,25.2453,0.0213,3.5632,0.1000
84.450,352.888,4.1491,-10.1443,121.297,4.0955,-10.0974,121.291,0.0680,0.0214,0.0713,-0.007,2.7349,-15.7505,0.027,1.3632,5.6525,121.264,3.854,1.1211,359.382,1.0153,0.0165,0.0274,1.6597,1,3.8000,3.8663,nan,4.2764,4.3421,0.1720,0.1528,1.2389,-0.0627,-0.0854,0.2017,25.4449,0.0363,4.4870,0.1000
84.500,353.139,4.0126,-9.9334,124.413,3.9506,-9.8793,124.596,0.0797,0.0206,0.0823,0.184,2.7220,-15.7513,-0.129,1.2154,5.8747,124.725,4.114,0.6870,359.650,1.0272,0.0167,0.0270,1.6194,1,3.9840,4.0796,nan,4.4511,4.5137,0.1788,0.1080,1.2989,-0.0732,-0.0748,0.1334,25.6444,0.0332,4.6257,0.1000
84.550,353.324,3.9064,-9.7829,126.171,3.8366,-9.7114,125.713,0.0989,0.0142,0.0999,-0.457,2.6927,-15.7426,-0.445,1.0970,6.0399,126.158,4.242,0.7069,359.844,1.0402,0.0152,0.0209,1.3738,1,4.0067,4.0437,nan,4.6973,4.7375,0.1876,0.0717,1.3041,-0.0895,-0.0658,0.0620,25.8440,0.0800,2.8514,0.1000
84.600,353.514,3.7921,-9.6302,127.431,3.7300,-9.5691,127.627,0.0863,0.0122,0.0872,0.196,2.7307,-15.7564,-0.153,0.9827,6.1900,127.780,4.413,0.3958,360.047,1.0400,0.0106,0.0258,2.4258,1,4.2626,4.4611,nan,4.8522,5.0089,0.1984,0.0358,1.3041,-0.1179,-0.0627,-0.0096,26.0436,0.0800,2.0767,0.1000
84.650,353.732,3.6588,-9.4585,128.124,3.5840,-9.3862,128.340,0.1031,0.0142,0.1040,0.216,2.7659,-15.7660,0.165,0.8365,6.3774,128.175,4.621,0.1158,360.280,1.0540,0.0077,0.0319,4.1574,1,4.4870,4.6503,nan,5.0007,5.1108,0.2024,0.0027,1.3041,-0.1349,-0.0373,-0.1159,26.3429,0.0525,5.0474,0.1000
84.700,353.943,3.5278,-9.2923,128.189,3.4559,-9.2179,128.034,0.1029,0.0105,0.1034,-0.155,2.7295,-15.7614,-0.200,0.7036,6.5459,128.234,4.770,-0.0523,360.503,1.0560,0.0090,0.0260,2.9039,1,4.6774,4.8162,nan,5.0922,5.1302,0.2032,-0.0500,1.3041,-0.1413,-0.0126,-0.1861,26.5425,0.0175,4.3045,0.1000
84.750,354.263,3.3322,-9.0394,126.566,3.2491,-8.9426,126.340,0.1273,0.0090,0.1276,-0.226,2.7035,-15.7587,-0.438,0.4936,6.8201,126.778,4.916,-0.6789,360.836,1.0722,0.0124,0.0451,3.6349,1,4.8624,5.0099,nan,5.0874,5.2514,0.2080,-0.0894,1.3041,-0.1475,0.0376,-0.2700,26.8419,0.0800,2.7117,0.1000
84.800,354.476,3.2070,-8.8668,124.884,3.1484,-8.7893,124.138,0.0971,0.0038,0.0971,-0.745,2.6881,-15.7860,-0.785,0.3644,7.0024,124.923,4.991,-0.5716,361.056,1.0771,0.0111,0.0288,2.6055,1,4.8089,4.8429,nan,5.1457,5.2710,0.2088,-0.0552,1.3133,-0.1583,0.0127,-0.2577,27.0414,0.0800,2.1335,0.1000
84.850,354.692,3.0848,-8.6887,123.779,3.0400,-8.6134,122.360,0.0875,-0.0046,0.0876,-1.420,2.6629,-15.7999,-1.120,0.2366,7.1925,123.479,5.049,-0.5309,361.278,1.0841,0.0109,0.0197,1.7997,1,5.0359,5.2510,nan,5.2309,5.2821,0.2092,-0.0798,1.3283,-0.1578,0.0532,-0.2379,27.3408,0.0230,1.8360,0.1000
84.900,354.925,2.9573,-8.4936,122.135,2.9568,-8.4673,120.602,0.0225,-0.0136,0.0263,-1.534,2.6173,-15.8140,-1.607,0.1333,7.3533,122.209,5.083,-0.7030,361.516,1.0565,0.0092,0.0142,1.5547,1,5.1287,5.2231,nan,5.3254,5.3571,0.2122,-0.1148,1.3377,-0.1453,0.0964,-0.2257,27.6401,0.0139,0.7626,0.1000
84.950,355.279,2.7769,-8.1895,118.732,2.7526,-8.0967,117.590,0.0930,-0.0233,0.0959,-1.143,2.6891,-15.8245,-1.099,-0.0847,7.7276,118.688,5.184,-0.8285,361.882,1.1020,0.0256,0.0381,1.4920,1,5.0687,5.1046,nan,5.3940,5.5080,0.2181,-0.1031,1.3463,-0.1442,0.0866,-0.2147,27.8397,0.0504,0.9712,0.1000
85.000,355.508,2.6695,-7.9866,116.624,2.7055,-7.9959,116.544,-0.0245,-0.0280,0.0372,-0.081,2.8290,-15.8464,-0.170,-0.1468,7.8500,116.713,5.244,-0.8897,362.119,1.0480,0.0190,0.0041,0.2157,1,5.2575,5.4354,nan,5.5022,5.5482,0.2197,-0.1152,1.3530,-0.1269,0.0808,-0.2063,28.0392,0.0196,1.6411,0.1000
85.050,355.725,2.5755,-7.7920,114.417,2.5838,-7.7491,114.764,0.0356,-0.0253,0.0437,0.347,2.8984,-15.8713,0.253,-0.2787,8.1234,114.511,5.293,-0.9683,362.343,1.0945,0.0099,0.0120,1.2114,1,5.3594,5.4687,nan,5.6149,5.6581,0.2241,-0.1467,1.3638,-0.0950,0.1077,-0.1929,28.3386,0.0180,1.2844,0.1000
85.100,355.975,2.4768,-7.5620,111.273,2.5049,-7.5508,112.027,0.0003,-0.0302,0.0302,0.754,2.9378,-15.8630,0.519,-0.3577,8.3158,111.508,5.356,-1.2129,362.603,1.0700,0.0087,0.0041,0.4734,1,5.4680,5.5876,nan,5.6921,5.7021,0.2258,-0.1446,1.3746,-0.0659,0.1176,-0.1796,28.6380,0.0041,1.2681,0.1000
85.150,356.332,2.3588,-7.2254,106.779,2.3631,-7.1426,107.696,0.0780,-0.0280,0.0829,0.917,2.9963,-15.8615,0.887,-0.4982,8.7276,106.809,5.474,-1.1298,362.975,1.1034,0.0147,0.0241,1.6411,1,5.4593,5.5181,nan,5.8102,5.9106,0.2341,-0.1331,1.3823,-0.0544,0.0800,-0.1703,28.8375,0.0410,1.4145,0.1000
85.200,356.569,2.2946,-6.9969,103.980,2.2967,-6.9161,105.878,0.0779,-0.0216,0.0809,1.897,3.1422,-15.8453,1.838,-0.5586,8.9518,104.039,5.556,-1.1460,363.222,1.0988,0.0088,0.0349,3.9579,1,5.6502,5.8577,nan,5.8909,5.9009,0.2337,-0.1339,1.3923,-0.0374,0.0845,-0.1583,29.1369,0.0039,2.2293,0.1000
85.250,356.815,2.2401,-6.7573,101.054,2.2475,-6.6886,102.149,0.0660,-0.0204,0.0691,1.095,3.0646,-15.8783,1.289,-0.6101,9.2057,100.860,5.609,-1.1533,363.477,1.0985,0.0078,0.0179,2.2993,1,5.7781,5.9294,nan,6.0541,6.0812,0.2408,-0.1295,1.4069,0.0061,0.0973,-0.1412,29.5360,0.0104,1.3260,0.1000
85.300,357.058,2.1980,-6.5177,98.232,2.2041,-6.4740,100.005,0.0424,-0.0123,0.0441,1.773,3.1112,-15.8938,1.574,-0.6479,9.4412,98.431,5.701,-1.1471,363.732,1.0935,0.0083,0.0283,3.4145,1,5.5280,5.4815,nan,6.1370,6.2381,0.2471,-0.1287,1.4087,0.0052,0.0622,-0.1344,29.7356,0.0800,1.9808,0.1000
85.350,357.456,2.1546,-6.1222,93.663,2.1633,-6.1312,95.444,-0.0095,-0.0081,0.0125,1.781,3.1531,-15.8953,1.796,-0.6833,9.7903,93.648,5.837,-1.1719,364.150,1.0779,0.0088,0.0160,1.8170,1,5.7511,6.0282,nan,6.2635,6.4559,0.2557,-0.1308,1.4026,0.0340,0.0444,-0.1227,30.0349,0.0741,1.5308,0.1000
85.401,357.734,2.1431,-5.8446,90.431,2.1391,-5.7496,92.396,0.0950,0.0033,0.0951,1.964,3.2122,-15.8996,2.116,-0.6975,10.1827,90.279,5.976,-1.1827,364.446,1.1031,0.0079,0.0304,3.8585,1,5.8122,5.9153,nan,6.3778,6.5594,0.2598,-0.1251,1.3963,0.0354,0.0264,-0.1181,30.3343,0.0800,2.7796,0.1000
85.450,357.999,2.1464,-5.5790,87.493,2.1480,-5.5127,89.175,0.0663,0.0013,0.0663,1.682,3.1019,-15.9119,1.457,-0.6892,10.4201,87.718,6.094,-1.1253,364.729,1.0916,0.0048,0.0250,5.2182,1,5.9970,6.2238,nan,6.4965,6.7074,0.2656,-0.1116,1.3906,0.0346,0.0096,-0.1262,30.6336,0.0785,3.0980,0.1000
85.500,358.258,2.1622,-5.3207,84.903,2.1637,-5.2127,86.446,0.1077,0.0081,0.1080,1.543,3.1268,-15.9230,1.588,-0.6660,10.7329,84.858,6.217,-1.0291,365.004,1.0978,0.0077,0.0344,4.4411,1,6.2055,6.5038,nan,6.5757,6.7319,0.2666,-0.0962,1.3823,0.0224,-0.0079,-0.1319,31.0328,0.0568,3.3160,0.1000
85.550,358.692,2.2129,-4.8897,81.181,2.2137,-4.7918,82.672,0.0969,0.0142,0.0979,1.491,3.0963,-15.9265,1.404,-0.6095,11.1530,81.267,6.335,-0.9479,365.457,1.0893,0.0124,0.0179,1.4444,1,6.4296,6.7846,nan,6.6048,6.6504,0.2634,-0.0968,1.3745,0.0163,-0.0087,-0.1415,31.3321,0.0161,2.6337,0.1000
85.600,358.990,2.2639,-4.5958,78.606,2.2627,-4.5336,80.052,0.0608,0.0135,0.0623,1.446,3.0925,-15.9754,1.392,-0.5517,11.4586,78.661,6.353,-0.9555,365.762,1.0860,0.0127,0.0151,1.1882,1,6.4654,6.5761,nan,6.4895,6.4656,0.2561,-0.0976,1.3679,0.0052,-0.0081,-0.1467,31.6315,-0.0085,0.5567,0.1000
85.650,359.225,2.3132,-4.3667,76.571,2.3098,-4.2892,78.678,0.0745,0.0213,0.0775,2.107,3.2539,-15.9638,2.198,-0.4956,11.7022,76.479,6.321,-0.8811,365.997,1.0835,0.0014,0.0369,27.0490,1,6.4848,6.5857,nan,6.3480,6.4917,0.2571,-0.0862,1.3596,-0.0111,-0.0113,-0.1539,31.9308,0.0540,-1.1694,0.1000
85.700,359.509,2.3832,-4.0915,74.394,2.3762,-4.0674,75.659,0.0213,0.0132,0.0251,1.265,3.0610,-16.0066,1.226,-0.4293,11.9511,74.433,6.303,-0.8383,366.283,1.0798,0.0112,0.0302,2.6895,1,6.2335,6.1808,nan,6.2528,6.2675,0.2482,-0.1095,1.3512,-0.0064,0.0120,-0.1656,32.2302,0.0054,-0.5054,0.1000
85.750,359.939,2.5111,-3.6809,70.285,2.5084,-3.6521,71.327,0.0262,0.0122,0.0289,1.041,3.0608,-16.0446,1.257,-0.2803,12.4016,70.069,6.176,-1.0177,366.709,1.0709,0.0227,0.0236,1.0385,1,6.2863,6.4013,nan,6.0632,6.1149,0.2422,-0.1036,1.3432,-0.0285,0.0054,-0.1687,32.5295,0.0199,-0.4118,0.1000
85.800,360.196,2.6017,-3.4400,67.887,2.5859,-3.4482,69.466,-0.0135,0.0115,0.0178,1.579,3.1497,-16.0704,1.708,-0.1874,12.6334,67.758,6.086,-0.9830,366.962,1.0659,0.0105,0.0127,1.2144,1,6.1154,6.1158,nan,5.9703,6.0817,0.2409,-0.0599,1.3432,-0.0552,-0.0274,-0.1753,32.7291,0.0443,-2.6239,0.1000
85.850,360.480,2.7120,-3.1779,66.234,2.6636,-3.2705,67.249,-0.1042,0.0070,0.1045,1.015,3.1961,-16.0830,1.919,-0.1033,12.8231,65.331,6.010,-0.5758,367.242,1.0722,0.0041,0.0252,6.1265,1,5.8552,5.8007,nan,5.8721,5.8850,0.2331,-0.0627,1.3432,-0.0639,-0.0131,-0.1873,33.0285,0.0051,-1.8648,0.1000
85.900,360.742,2.8200,-2.9392,64.759,2.8021,-2.9900,65.246,-0.0536,-0.0054,0.0538,0.487,2.8680,-16.1140,0.431,0.0329,13.1242,64.815,5.905,-0.6308,367.497,1.0611,0.0005,0.0154,28.8682,1,5.8070,5.8577,nan,5.7270,5.8809,0.2329,-0.1246,1.3432,-0.0491,0.0492,-0.1958,33.3278,0.0645,-2.9680,0.1000
85.950,361.128,2.9933,-2.5952,61.206,2.9511,-2.6918,61.398,-0.1050,-0.0096,0.1054,0.192,2.8579,-16.0877,0.351,0.1753,13.3950,61.047,5.751,-0.7305,367.875,1.0725,0.0094,0.0115,1.2275,1,5.9909,6.2203,nan,5.6572,5.6098,0.2222,-0.0819,1.3432,-0.0730,0.0481,-0.2063,33.6272,-0.0192,-2.1686,0.1000
86.000,361.389,3.1223,-2.3675,59.311,3.0856,-2.4396,60.086,-0.0807,-0.0053,0.0809,0.775,2.9475,-16.0935,0.769,0.3215,13.6508,59.317,5.636,-0.6193,368.129,1.0623,0.0062,0.0036,0.5726,1,5.7364,5.6864,nan,5.7446,5.7506,0.2277,-0.0414,1.3422,-0.0705,0.0494,-0.1952,33.9265,0.0024,-3.2151,0.1000
86.050,361.637,3.2503,-2.1554,58.363,3.2087,-2.2293,58.955,-0.0848,-0.0033,0.0849,0.592,2.9141,-16.0852,0.622,0.4449,13.8518,58.333,5.612,-0.3173,368.377,1.0640,0.0015,0.0100,6.7496,1,5.5744,5.5791,nan,5.5293,5.4951,0.2176,-0.0351,1.2995,-0.0486,0.0640,-0.1428,34.1261,-0.0142,-0.8665,0.1000
86.100,361.997,3.4418,-1.8506,57.161,3.4055,-1.8990,58.324,-0.0603,0.0043,0.0605,1.163,3.0252,-16.1026,1.131,0.6606,14.1934,57.194,5.454,-0.3855,368.727,1.0500,0.0172,0.0137,0.7981,1,5.5275,5.5741,nan,5.2848,5.3215,0.2108,-0.0458,1.2399,-0.0150,0.0981,-0.0568,34.4254,0.0800,-2.5913,0.1000
86.150,362.245,3.5780,-1.6429,56.145,3.5109,-1.7395,57.006,-0.1176,0.0019,0.1176,0.860,2.9468,-16.0991,0.804,0.7656,14.3502,56.202,5.350,-0.3122,368.968,1.0676,0.0108,0.0052,0.4827,1,5.3221,5.3068,nan,4.9166,5.0646,0.2006,-0.0249,1.2003,0.0123,0.0927,-0.0015,34.6250,0.0726,-2.8329,0.1000
86.200,362.472,3.7049,-1.4552,55.627,3.6551,-1.5260,56.040,-0.0865,0.0011,0.0865,0.413,2.8930,-16.0945,0.578,0.9090,14.5601,55.462,5.199,-0.1980,369.185,1.0568,0.0039,0.0062,1.5841,1,5.2411,5.2724,nan,4.5616,4.5012,0.1783,0.0322,1.1421,0.0281,0.0614,0.0750,34.9243,-0.0301,-3.4212,0.1000
86.250,362.718,3.8436,-1.2519,56.152,3.7668,-1.3578,56.648,-0.1307,0.0047,0.1308,0.496,2.8806,-16.0994,0.543,1.0260,14.7325,56.105,4.845,0.4827,369.404,1.0708,0.0035,0.0230,6.6092,1,5.2716,5.3409,nan,4.3372,4.3441,0.1720,0.1004,1.0831,0.0377,0.0197,0.1609,35.2237,-0.0800,-2.7486,0.1000
86.300,363.011,4.0023,-1.0060,58.704,3.9047,-1.1244,59.570,-0.1519,0.0219,0.1534,0.866,2.9659,-16.0961,0.872,1.1666,14.9557,58.697,4.453,0.6533,369.672,1.0839,0.0053,0.0495,9.3895,1,4.9120,4.7486,nan,4.2298,4.1089,0.1627,0.0522,1.0702,0.0566,0.0655,0.1903,35.3235,-0.0638,-7.0786,0.1000
86.350,363.215,4.1072,-0.8306,59.722,4.0088,-0.9541,59.627,-0.1563,0.0227,0.1580,-0.095,2.7242,-16.0696,-0.088,1.2612,15.1174,59.715,4.256,0.3750,369.864,1.0916,0.0191,0.0227,1.1931,1,4.5161,4.2844,nan,4.0229,4.0097,0.1588,0.0754,1.0702,0.0868,0.0808,0.2438,35.5230,-0.0076,-5.2292,0.1000
86.400,363.395,4.1966,-0.6748,60.910,4.1010,-0.7985,60.561,-0.1546,0.0234,0.1563,-0.349,2.6839,-16.0598,-0.264,1.3467,15.2677,60.825,4.104,0.5307,370.035,1.0945,0.0081,0.0340,4.1843,1,4.2441,4.1982,nan,3.8288,3.8382,0.1520,0.2058,1.0702,0.0789,0.0083,0.3029,35.7226,0.0055,-4.3712,0.1000
86.450,363.567,4.2784,-0.5230,63.343,4.1869,-0.6426,62.743,-0.1479,0.0281,0.1506,-0.601,2.6372,-16.0422,-0.476,1.4218,15.4120,63.219,3.922,1.2831,370.198,1.0999,0.0059,0.0508,8.5775,1,4.0360,4.0255,nan,3.6457,3.6391,0.1441,0.2642,1.0702,0.0746,-0.0251,0.3613,35.9222,-0.0038,-5.0854,0.1000
86.500,363.753,4.3571,-0.3541,67.504,4.2850,-0.4403,67.100,-0.1072,0.0337,0.1124,-0.405,2.6027,-16.0200,-0.659,1.5030,15.5980,67.759,3.709,1.4974,370.375,1.1003,0.0078,0.0445,5.6879,1,3.7301,3.6674,nan,3.5611,3.6934,0.1463,0.2548,0.9980,0.0799,0.0013,0.4225,36.1217,0.0766,-5.6278,0.1000
86.550,363.983,4.4362,-0.1386,72.894,4.3597,-0.2450,71.246,-0.1241,0.0418,0.1310,-1.648,2.3445,-15.9873,-1.626,1.5677,15.7932,72.872,3.548,1.5574,370.599,1.1111,0.0244,0.0443,1.8169,1,3.6281,3.6419,nan,3.4024,3.4568,0.1369,0.2802,0.9707,0.0781,0.0013,0.4893,36.3213,0.0315,-2.4994,0.1000
86.600,364.150,4.4802,0.0228,77.121,4.4345,-0.0466,74.873,-0.0779,0.0291,0.0831,-2.249,2.1263,-15.9316,-2.507,1.6110,15.9708,77.380,3.428,1.5451,370.763,1.1144,0.0198,0.0233,1.1766,1,3.4955,3.5022,nan,3.2814,3.3047,0.1309,0.3306,0.9352,0.0674,-0.0420,0.5550,36.5209,0.0135,-3.7147,0.1000
86.650,364.288,4.5071,0.1578,81.084,4.4751,0.0848,78.277,-0.0771,0.0203,0.0797,-2.807,2.0630,-15.8995,-2.798,1.6289,16.0829,81.075,3.299,1.7401,370.897,1.1196,0.0116,0.0368,3.1716,1,3.4131,3.4284,nan,3.2554,3.2197,0.1275,0.3672,0.9131,0.0354,-0.0981,0.6296,36.7205,-0.0207,-4.3517,0.1000
86.700,364.430,4.5242,0.2991,85.730,4.5023,0.2261,83.118,-0.0744,0.0164,0.0762,-2.612,2.1848,-15.8952,-2.400,1.6403,16.2042,85.518,3.192,1.8577,371.038,1.1224,0.0145,0.0488,3.3547,1,3.2321,3.2247,nan,3.3516,3.4096,0.1350,0.4083,0.8761,0.0066,-0.1288,0.6273,36.9200,0.0336,-3.8638,0.1000
86.750,364.648,4.5269,0.5171,93.693,4.5183,0.4724,91.388,-0.0441,0.0115,0.0455,-2.305,2.2801,-15.8894,-2.095,1.6386,16.4327,93.483,3.238,2.1475,371.267,1.1282,0.0267,0.0152,0.5710,1,3.1760,3.1934,nan,3.4884,3.5702,0.1414,0.4224,0.8955,-0.0203,-0.1353,0.5454,37.1196,0.0473,-0.2829,0.1000
86.800,364.792,4.5117,0.6599,99.129,4.5029,0.6475,97.198,-0.0108,0.0106,0.0152,-1.932,2.3279,-15.8896,-1.932,1.6163,16.6011,99.129,3.290,2.0942,371.420,1.1391,0.0200,0.0049,0.2471,1,3.2570,3.3006,nan,3.6422,3.7569,0.1488,0.3807,0.9362,-0.0384,-0.0581,0.5065,37.2194,0.0664,0.6514,0.1000
86.850,364.936,4.4835,0.8014,104.094,4.4722,0.7944,102.430,-0.0040,0.0127,0.0133,-1.664,2.3681,-15.8967,-1.787,1.5826,16.7487,104.217,3.407,1.9311,371.577,1.1456,0.0155,0.0125,0.8055,1,3.4786,3.5959,nan,3.8079,3.8494,0.1525,0.3050,1.0360,-0.0504,-0.0436,0.4369,37.4189,0.0240,3.5202,0.1000
86.900,365.082,4.4434,0.9418,108.139,4.4288,0.9473,106.903,0.0098,0.0122,0.0156,-1.236,2.3693,-15.8906,-1.773,1.5376,16.8936,108.676,3.530,1.6759,371.733,1.1512,0.0181,0.0176,0.9729,1,3.5545,3.5995,nan,3.8943,3.9175,0.1551,0.2378,1.0968,-0.0572,-0.0346,0.3698,37.6185,0.0134,3.5938,0.1000
86.950,365.345,4.3499,1.1875,113.737,4.3192,1.2464,112.328,0.0663,0.0044,0.0664,-1.410,2.4125,-15.8982,-1.626,1.4196,17.1918,113.953,3.794,1.3480,372.017,1.1852,0.0122,0.0109,0.8922,1,3.6648,3.7217,nan,4.1655,4.2870,0.1698,0.2273,1.1689,-0.0756,-0.0394,0.3091,37.8181,0.0703,1.6323,0.1000
87.000,365.512,4.2789,1.3383,117.098,4.2439,1.3804,116.492,0.0534,0.0120,0.0547,-0.606,2.6677,-15.9417,-0.769,1.3437,17.3417,117.261,3.945,1.2680,372.196,1.1897,0.0112,0.0053,0.4748,1,3.7818,3.8421,nan,4.2570,4.3342,0.1716,0.1882,1.2491,-0.0865,-0.0581,0.2473,38.0176,0.0430,4.0597,0.1000
87.050,365.692,4.1928,1.4971,120.115,4.1553,1.5366,119.505,0.0530,0.0126,0.0544,-0.610,2.7080,-15.9556,-0.649,1.2490,17.5075,120.154,4.075,1.0127,372.387,1.1996,0.0104,0.0052,0.4933,1,3.8975,3.9590,nan,4.4327,4.5467,0.1801,0.1025,1.3354,-0.0800,-0.0248,0.1846,38.2172,0.0616,3.8364,0.1000
87.100,365.970,4.0481,1.7344,122.322,4.0480,1.7191,121.725,-0.0129,0.0082,0.0153,-0.597,2.6483,-15.9623,-0.878,1.1287,17.7008,122.603,4.354,0.3625,372.684,1.1671,0.0115,0.0168,1.4624,1,4.1166,4.2450,nan,4.6802,4.8195,0.1909,0.0537,1.4058,-0.0846,-0.0130,0.1208,38.4168,0.0717,4.3701,0.1000
87.150,366.161,3.9449,1.8948,123.225,3.9185,1.9191,122.602,0.0348,0.0088,0.0359,-0.623,2.7407,-15.9918,-0.615,0.9853,17.9225,123.217,4.501,0.3824,372.886,1.2188,0.0080,0.0054,0.6766,1,4.3312,4.4707,nan,4.8359,4.9338,0.1954,0.0755,1.4058,-0.1056,-0.0549,0.0581,38.6163,0.0482,4.3884,0.1000
87.200,366.381,3.8226,2.0772,124.650,3.7978,2.0982,124.148,0.0313,0.0085,0.0324,-0.502,2.7646,-16.0020,-0.556,0.8574,18.1093,124.704,4.642,0.4386,373.116,1.2253,0.0122,0.0123,1.0147,1,4.6101,4.9247,nan,5.0573,5.1166,0.2026,0.0538,1.3397,-0.1140,-0.0387,-0.0311,38.9157,0.0276,2.9479,0.1000
87.250,366.579,3.7086,2.2394,125.583,3.6844,2.2625,125.000,0.0329,0.0063,0.0335,-0.583,2.7480,-15.9999,-0.609,0.7423,18.2713,125.609,4.787,0.2645,373.327,1.2263,0.0111,0.0113,1.0231,1,4.6921,4.7650,nan,5.1611,5.2402,0.2075,0.0255,1.2523,-0.1130,0.0035,-0.0727,39.1153,0.0362,4.2834,0.1000
87.300,366.788,3.5862,2.4089,126.075,3.5581,2.4414,125.401,0.0428,0.0035,0.0430,-0.673,2.7341,-16.0061,-0.671,0.6081,18.4559,126.072,4.919,0.1953,373.547,1.2413,0.0127,0.0094,0.7393,1,4.7390,4.8000,nan,4.9273,5.0703,0.2008,0.0212,1.1405,-0.1112,0.0340,-0.1063,39.4146,0.0699,3.9632,0.1000
87.350,367.016,3.4513,2.5925,126.538,3.4307,2.6199,126.109,0.0342,0.0002,0.0342,-0.430,2.8057,-16.0119,-0.461,0.4750,18.6362,126.570,4.956,0.1578,373.779,1.2387,0.0169,0.0171,1.0108,1,4.9643,5.1694,nan,4.5622,4.6959,0.1860,0.0292,1.0423,-0.1002,0.0746,-0.1424,39.7140,0.0706,2.3473,0.1000
87.400,367.364,3.2424,2.8707,127.389,3.2366,2.8804,126.901,0.0112,-0.0013,0.0113,-0.488,2.8189,-16.0227,-0.443,0.2715,18.9058,127.344,4.685,0.3261,374.107,1.2315,0.0238,0.0202,0.8502,1,4.9805,5.0370,nan,4.1403,4.0304,0.1596,0.0476,0.9789,-0.0758,0.1076,-0.0813,39.9135,-0.0800,-3.5677,0.1000
87.450,367.553,3.1263,3.0208,128.129,3.1753,2.9634,127.273,-0.0754,-0.0031,0.0754,-0.856,2.7216,-16.0537,-0.821,0.1812,19.0217,128.094,4.380,0.1554,374.277,1.1989,0.0145,0.0044,0.3059,1,4.5945,4.3647,nan,3.9991,4.0026,0.1585,0.0210,0.9131,-0.0555,0.1354,0.0413,40.1131,0.0020,-8.8841,0.1000
87.500,367.720,3.0229,3.1519,128.441,3.0298,3.1476,127.696,-0.0077,-0.0028,0.0081,-0.746,2.7396,-16.0656,-0.783,0.0275,19.2154,128.479,4.200,0.1342,374.432,1.2620,0.0104,0.0038,0.3659,1,4.3667,4.3459,nan,3.5960,3.4871,0.1381,0.0934,0.8554,-0.0309,0.1114,0.1598,40.3127,-0.0800,-5.8959,0.1000
87.550,367.985,2.8556,3.3570,130.595,2.9414,3.2514,129.935,-0.1361,0.0036,0.1361,-0.660,2.8739,-16.0660,-0.373,-0.0583,19.3174,130.308,3.776,0.7717,374.670,1.1606,0.0246,0.0142,0.5793,1,4.5084,4.6033,nan,3.4702,3.6602,0.1450,0.1314,0.8541,-0.0138,0.0981,0.2232,40.4125,-0.0800,-3.5477,0.1000
87.600,368.167,2.7348,3.4935,132.729,2.8092,3.4051,132.392,-0.1154,0.0053,0.1155,-0.336,2.8639,-16.0670,-0.416,-0.1961,19.4712,132.808,3.670,0.6593,374.847,1.1805,0.0239,0.0154,0.6457,1,4.1283,3.5793,nan,3.2319,3.3470,0.1326,0.0835,0.8535,0.0276,0.1345,0.3428,40.6120,-0.0800,-3.0027,0.1000
87.650,368.321,2.6296,3.6052,133.914,2.7040,3.5098,134.111,-0.1204,0.0126,0.1210,0.197,3.0804,-16.0710,0.218,-0.3017,19.5820,133.893,3.471,0.5887,374.990,1.1807,0.0147,0.0217,1.4756,1,3.7302,3.3814,nan,3.2319,3.1799,0.1259,0.1199,0.8000,0.0447,0.1235,0.4019,40.7118,-0.0301,-4.6693,0.1000
87.700,368.541,2.4739,3.7609,136.259,2.5638,3.6471,136.431,-0.1436,0.0201,0.1450,0.172,3.0804,-16.0710,0.218,-0.4414,19.7198,136.212,3.231,0.6457,375.198,1.1618,0.0110,0.0375,3.4145,1,3.4769,3.4443,nan,3.0110,2.9609,0.1173,0.1708,0.8000,0.0681,0.1120,0.4624,40.8116,-0.0290,-5.9639,0.1000
87.750,368.682,2.3708,3.8566,138.351,2.4521,3.7479,138.022,-0.1330,0.0272,0.1357,-0.329,2.9567,-16.0701,-0.124,-0.5475,19.8169,138.146,3.047,0.8204,375.330,1.1650,0.0290,0.0263,0.9069,1,3.2635,3.2461,nan,2.9046,2.8944,0.1146,0.3118,0.8000,0.0817,0.0441,0.5852,41.0112,-0.0059,-5.8765,0.1000
87.800,368.824,2.2622,3.9487,141.778,2.3370,3.8499,140.875,-0.1199,0.0314,0.1239,-0.903,2.7352,-16.0609,-0.738,-0.6548,19.9040,141.614,2.889,1.4730,375.468,1.1628,0.0324,0.0276,0.8516,1,2.9982,2.9514,nan,2.7027,2.7244,0.1079,0.3813,0.8000,0.0948,0.0393,0.6507,41.1110,0.0126,-3.3063,0.1000
87.850,368.942,2.1676,4.0188,145.702,2.2318,3.9215,145.264,-0.1078,0.0442,0.1165,-0.438,2.7497,-16.0608,-0.685,-0.7566,19.9747,145.948,2.738,1.6887,375.581,1.1700,0.0225,0.0362,1.6065,1,2.9628,2.9815,nan,2.7027,2.7208,0.1078,0.4829,0.8000,0.0900,-0.0149,0.7861,41.3105,0.0105,-5.1448,0.1000
87.900,369.052,2.0745,4.0778,150.119,2.1542,3.9678,149.349,-0.1240,0.0557,0.1359,-0.771,2.7497,-16.0608,-0.685,-0.8347,20.0200,150.033,2.647,2.0124,375.691,1.1529,0.0134,0.0448,3.3486,1,2.7443,2.7185,nan,2.5173,2.5467,0.1009,0.5511,0.8000,0.0977,0.0023,0.8554,41.4103,0.0170,-3.1426,0.1000
87.950,369.227,1.9176,4.1544,158.549,1.9786,4.0623,157.592,-0.0905,0.0634,0.1105,-0.957,2.6192,-16.0455,-1.016,-0.9971,20.0933,158.608,2.439,2.2325,375.864,1.1578,0.0395,0.0423,1.0691,1,2.5690,2.5564,nan,2.4304,2.4949,0.0988,0.6223,0.8000,0.1018,-0.0645,1.0246,41.6099,0.0373,-3.2923,0.1000
88.000,369.337,1.8132,4.1896,164.602,1.8901,4.1091,161.941,-0.0955,0.0572,0.1114,-2.660,2.2798,-16.0364,-1.972,-1.0826,20.1202,163.913,2.362,2.3401,375.977,1.1379,0.0389,0.0320,0.8231,1,2.4772,2.4832,nan,2.4111,2.4505,0.0970,0.6762,0.8000,0.0877,-0.0531,1.1107,41.7096,0.0228,-2.9634,0.1000
88.050,369.441,1.7111,4.2122,170.730,1.7671,4.1586,168.388,-0.0639,0.0438,0.0775,-2.342,2.1599,-16.0176,-2.290,-1.1985,20.1444,170.678,2.292,2.3856,376.085,1.1518,0.0317,0.0280,0.8817,1,2.5290,2.5586,nan,2.4178,2.3360,0.0925,0.6508,0.8000,0.0512,-0.1697,1.1987,41.9092,-0.0473,-2.6544,0.1000
88.100,369.534,1.6194,4.2228,176.241,1.6581,4.1837,174.186,-0.0412,0.0365,0.0551,-2.056,2.1892,-16.0049,-2.188,-1.3014,20.1536,176.374,2.223,2.3280,376.180,1.1627,0.0128,0.0330,2.5895,1,2.4821,2.4953,nan,2.4138,2.3648,0.0937,0.6737,0.8000,0.0224,-0.1779,1.1975,42.0090,-0.0284,-3.3011,0.1000
88.150,369.690,1.4635,4.2202,-173.929,1.4719,4.1872,-175.694,-0.0048,0.0337,0.0340,-1.764,2.2772,-15.9957,-1.912,-1.4783,20.1448,-173.782,2.188,2.5560,376.347,1.1824,0.0551,0.0456,0.8262,1,2.3252,2.3154,nan,2.4042,2.4642,0.0976,0.7586,0.8000,-0.0037,-0.1852,1.2004,42.1088,0.0348,-1.8361,0.1000
88.200,369.777,1.3773,4.2067,-167.855,1.3944,4.1805,-169.568,-0.0112,0.0292,0.0312,-1.713,2.2866,-15.9870,-1.926,-1.5696,20.1262,-167.642,2.178,2.6559,376.444,1.1868,0.0335,0.0205,0.6109,1,2.3608,2.3856,nan,2.4112,2.4494,0.0970,0.7381,0.8000,-0.0344,-0.1723,1.2014,42.2086,0.0221,-1.2519,0.1000
88.250,369.873,1.2849,4.1814,-161.260,1.3012,4.1639,-162.904,-0.0099,0.0218,0.0239,-1.643,2.3843,-15.9725,-1.651,-1.6630,20.0968,-161.252,2.177,2.6245,376.549,1.1872,0.0197,0.0247,1.2524,1,2.3124,2.3241,nan,2.4015,2.4692,0.0978,0.7661,0.8000,-0.0459,-0.1424,1.2048,42.3083,0.0392,-0.3414,0.1000
88.300,369.975,1.1905,4.1429,-154.015,1.1994,4.1313,-155.403,-0.0029,0.0144,0.0147,-1.387,2.4816,-15.9584,-1.375,-1.7637,20.0531,-154.028,2.175,2.6125,376.663,1.1928,0.0130,0.0233,1.7938,1,2.3749,2.4056,nan,2.4022,2.4229,0.0960,0.7302,0.8000,-0.0704,-0.1248,1.2041,42.4081,0.0120,-1.2797,0.1000
88.350,370.118,1.0675,4.0698,-144.197,1.0575,4.0473,-145.631,0.0213,0.0125,0.0246,-1.435,2.5706,-15.9475,-1.135,-1.9088,19.9608,-144.496,2.161,2.6680,376.819,1.2125,0.0449,0.0437,0.9732,1,2.3218,2.3328,nan,2.3926,2.4465,0.0969,0.7606,0.8000,-0.0924,-0.1098,1.2038,42.5079,0.0312,-0.3861,0.1000
88.400,370.217,0.9906,4.0070,-137.189,1.0014,3.9980,-138.899,-0.0018,0.0139,0.0141,-1.710,2.4159,-15.9474,-1.639,-1.9844,19.8968,-137.260,2.177,2.5783,376.930,1.2110,0.0339,0.0188,0.5543,1,2.3906,2.4228,nan,2.4960,2.5761,0.1020,0.7215,0.8000,-0.1054,-0.0872,1.2130,42.6077,0.0464,-1.3502,0.1000
88.450,370.316,0.9217,3.9357,-130.485,0.9294,3.9219,-131.620,0.0055,0.0148,0.0158,-1.135,2.6299,-15.9254,-1.036,-2.0589,19.8133,-130.584,2.234,2.5578,377.043,1.2153,0.0230,0.0151,0.6567,1,2.4091,2.4313,nan,2.5997,2.6590,0.1053,0.6931,0.8000,-0.1116,-0.0831,1.0576,42.7075,0.0343,0.7929,0.1000
88.500,370.409,0.8649,3.8621,-124.511,0.8675,3.8393,-125.096,0.0172,0.0151,0.0229,-0.585,2.7569,-15.9112,-0.674,-2.1216,19.7270,-124.422,2.301,2.4134,377.148,1.2200,0.0130,0.0179,1.3775,1,2.5845,2.6561,nan,2.7129,2.6134,0.1035,0.6159,0.8000,-0.1155,-0.0432,0.9550,42.8073,-0.0577,1.7131,0.1000
88.550,370.567,0.7857,3.7257,-115.859,0.7956,3.7124,-116.533,0.0077,0.0147,0.0166,-0.674,2.7768,-15.9080,-0.618,-2.1927,19.5979,-115.914,2.433,2.1398,377.322,1.2126,0.0322,0.0222,0.6915,1,2.5217,2.5329,nan,2.8239,2.8217,0.1118,0.5494,0.8000,-0.1204,-0.0939,0.7512,43.0068,-0.0013,2.8590,0.1000
88.600,370.689,0.7381,3.6135,-109.760,0.7386,3.5673,-110.086,0.0433,0.0161,0.0462,-0.325,2.8332,-15.8953,-0.482,-2.2581,19.4443,-109.604,2.550,2.1569,377.458,1.2271,0.0299,0.0271,0.9072,1,2.5554,2.5814,nan,3.0695,3.2060,0.1270,0.5176,0.8000,-0.1297,-0.0721,0.6251,43.1066,0.0800,1.9546,0.1000
88.650,370.797,0.7056,3.5102,-104.601,0.7071,3.4553,-105.265,0.0528,0.0153,0.0550,-0.663,2.8191,-15.8968,-0.532,-2.2916,19.3316,-104.733,2.726,2.0923,377.585,1.2276,0.0179,0.0182,1.0176,1,2.6661,2.7128,nan,3.2015,3.3327,0.1320,0.4555,0.8000,-0.1355,-0.0231,0.5443,43.2064,0.0759,4.6577,0.1000
88.700,370.918,0.6798,3.3917,-99.551,0.6782,3.3167,-100.093,0.0742,0.0108,0.0750,-0.543,2.7459,-15.8961,-0.752,-2.3198,19.1840,-99.341,2.900,2.0031,377.723,1.2288,0.0187,0.0237,1.2669,1,2.8635,2.9510,nan,3.3276,3.3656,0.1333,0.2698,0.8865,-0.1274,-0.0038,0.3635,0.0000,0.0220,5.2703,0.1000
88.750,371.123,0.6554,3.1881,-94.794,0.6533,3.0999,-95.135,0.0880,0.0053,0.0882,-0.341,2.7563,-15.9016,-0.723,-2.3426,18.9734,-94.412,3.241,0.7840,377.949,1.2270,0.0193,0.0215,1.1135,1,3.0676,3.1643,nan,3.6747,3.7989,0.1505,0.1545,0.9995,-0.1239,0.0521,0.2711,0.0998,0.0800,4.1621,0.1000
88.800,371.282,0.6451,3.0301,-92.631,0.6439,2.9235,-93.293,0.1066,0.0037,0.1066,-0.662,2.8071,-15.8981,-0.577,-2.3525,18.7988,-92.716,3.468,0.8480,378.120,1.2263,0.0184,0.0224,1.2153,1,3.2738,3.3744,nan,3.7817,3.8601,0.1529,0.1711,1.1794,-0.1366,-0.0251,0.1025,0.2993,0.0454,6.2943,0.1000
88.850,371.427,0.6409,2.8850,-90.445,0.6432,2.7666,-90.921,0.1183,0.0032,0.1184,-0.475,2.9065,-15.8760,-0.286,-2.3565,18.6311,-90.635,3.602,0.9167,378.274,1.2261,0.0192,0.0224,1.1685,1,3.5303,3.6919,nan,4.0816,4.1978,0.1662,0.0962,1.3057,-0.1355,0.0088,0.0611,0.4989,0.0672,3.7978,0.1000
88.900,371.680,0.6441,2.6322,-88.585,0.6477,2.5192,-88.706,0.1131,0.0008,0.1131,-0.121,2.8591,-15.8732,-0.432,-2.3501,18.3752,-88.274,3.907,0.1739,378.546,1.2229,0.0222,0.0220,0.9925,1,3.7264,3.8268,nan,4.1755,4.2184,0.1671,0.0287,1.3958,-0.1205,0.0559,0.0415,0.6985,0.0241,3.9795,0.1000
88.950,371.866,0.6496,2.4458,-88.104,0.6575,2.3336,-88.459,0.1124,0.0042,0.1125,-0.355,2.8896,-15.8549,-0.353,-2.3441,18.1744,-88.106,4.020,0.2430,378.739,1.2227,0.0191,0.0088,0.4628,1,3.8844,3.9625,nan,4.3555,4.4191,0.1750,0.0494,1.4698,-0.1208,0.0231,0.0261,0.8981,0.0345,3.1075,0.1000
89.000,372.038,0.6563,2.2740,-87.372,0.6637,2.1550,-87.708,0.1193,0.0020,0.1193,-0.336,2.8869,-15.8443,-0.359,-2.3360,17.9850,-87.349,4.154,0.2822,378.920,1.2218,0.0190,0.0100,0.5258,1,4.0472,4.1337,nan,4.6085,4.7444,0.1879,0.0356,1.5216,-0.1141,0.0213,0.0160,1.0976,0.0711,3.9920,0.1000
89.050,372.230,0.6662,2.0821,-86.771,0.6728,1.9531,-86.909,0.1291,-0.0007,0.1291,-0.137,2.9426,-15.8318,-0.177,-2.3247,17.7778,-86.732,4.370,0.1559,379.127,1.2210,0.0201,0.0087,0.4345,1,4.1869,4.2640,nan,4.7673,4.9214,0.1949,0.0168,1.5216,-0.1068,0.0371,0.0055,1.2972,0.0782,5.5326,0.1000
89.101,372.528,0.6842,1.7846,-86.377,0.6953,1.6568,-86.089,0.1282,0.0030,0.1282,0.288,3.0738,-15.8035,0.240,-2.3055,17.4702,-86.328,4.642,0.0636,379.445,1.2204,0.0107,0.0040,0.3778,1,4.2949,4.3652,nan,4.9193,5.0415,0.1997,0.0085,1.5216,-0.0992,0.0418,-0.0117,1.4968,0.0800,5.3327,0.1000
89.150,372.755,0.6989,1.5588,-86.204,0.7076,1.4437,-85.791,0.1155,0.0011,0.1155,0.413,3.1267,-15.7925,0.424,-2.2914,17.2536,-86.215,4.774,0.0185,379.682,1.2205,0.0116,0.0056,0.4852,1,4.5855,4.9687,nan,5.1359,5.2753,0.2089,-0.0104,1.5216,-0.0807,0.0533,-0.0133,1.7961,0.0652,3.4907,0.1000
89.200,372.963,0.7126,1.3505,-86.377,0.7240,1.1947,-85.956,0.1562,0.0016,0.1562,0.421,3.1055,-15.7980,0.358,-2.2752,17.0073,-86.314,4.923,-0.1119,379.902,1.2205,0.0165,0.0040,0.2436,1,4.7503,4.8742,nan,5.2735,5.3968,0.2137,-0.0208,1.5225,-0.0685,0.0591,-0.0163,2.0955,0.0559,4.2854,0.1000
89.250,373.193,0.7267,1.1208,-86.786,0.7348,0.9640,-86.533,0.1570,-0.0007,0.1570,0.254,3.0557,-15.8283,0.197,-2.2630,16.8001,-86.730,5.072,-0.1376,380.145,1.2208,0.0150,0.0037,0.2452,1,4.9681,5.1586,nan,5.4708,5.5815,0.2211,-0.0163,1.5225,-0.0590,0.0478,-0.0118,2.2950,0.0481,3.8879,0.1000
89.300,373.394,0.7376,0.9206,-87.071,0.7482,0.7214,-86.946,0.1994,0.0004,0.1994,0.125,3.0390,-15.8429,0.138,-2.2509,16.5699,-87.084,5.200,-0.1285,380.357,1.2218,0.0137,0.0012,0.0890,1,5.1503,5.3160,nan,5.7191,5.8856,0.2331,-0.0131,1.5241,-0.0510,0.0406,-0.0144,2.6942,0.0701,4.0893,0.1000
89.350,373.780,0.7560,0.5347,-87.594,0.7669,0.2831,-87.561,0.2518,0.0004,0.2518,0.033,2.9954,-15.8449,-0.008,-2.2307,16.1277,-87.553,5.521,-0.1535,380.773,1.2262,0.0129,0.0037,0.2868,1,5.3169,5.4758,nan,5.8956,6.0734,0.2405,-0.0176,1.5241,-0.0386,0.0376,-0.0153,2.9935,0.0727,2.6377,0.1000
89.400,374.032,0.7660,0.2828,-87.992,0.7794,0.0081,-88.102,0.2750,0.0038,0.2751,-0.110,2.9728,-15.8540,-0.099,-2.2209,15.8582,-88.003,5.673,-0.1369,381.040,1.2289,0.0128,0.0043,0.3378,1,5.5311,5.7690,nan,6.0645,6.2116,0.2460,-0.0143,1.5241,-0.0325,0.0306,-0.0143,3.2929,0.0580,4.0969,0.1000
89.450,374.239,0.7730,0.0765,-88.248,0.7834,-0.2084,-88.861,0.2851,0.0017,0.2851,-0.613,2.8394,-15.8854,-0.580,-2.2144,15.6555,-88.281,5.786,-0.1305,381.259,1.2289,0.0123,0.0142,1.1496,1,5.6776,5.8388,nan,6.2267,6.3892,0.2530,-0.0158,1.5241,-0.0222,0.0263,-0.0078,3.5922,0.0626,3.7293,0.1000
89.500,374.658,0.7841,-0.3429,-88.744,0.7914,-0.6435,-89.032,0.3007,0.0007,0.3007,-0.289,2.9336,-15.8702,-0.233,-2.2039,15.2179,-88.800,6.012,-0.0656,381.702,1.2323,0.0125,0.0107,0.8549,1,5.6568,5.7154,nan,6.3827,6.4666,0.2561,-0.0074,1.5265,-0.0213,0.0157,-0.0117,3.8916,0.0800,3.6375,0.1000
89.550,374.931,0.7898,-0.6157,-88.921,0.7995,-0.9095,-88.652,0.2940,0.0042,0.2940,0.269,3.0642,-15.8372,0.255,-2.1982,14.9376,-88.907,6.110,-0.1007,381.988,1.2335,0.0124,0.0019,0.1549,1,5.9245,6.4793,nan,6.5331,6.7474,0.2672,-0.0159,1.5265,-0.0129,0.0211,-0.0119,4.1909,0.0794,2.6262,0.1000
89.600,375.204,0.7943,-0.8880,-89.323,0.8061,-1.1974,-88.748,0.3096,0.0082,0.3097,0.576,3.1299,-15.8162,0.509,-2.1937,14.6389,-89.257,6.263,-0.2593,382.277,1.2381,0.0130,0.0042,0.3228,1,6.0480,6.2089,nan,6.7255,6.8800,0.2725,-0.0304,1.5265,0.0036,0.0288,-0.0075,4.4903,0.0800,3.8028,0.1000
89.650,375.482,0.7964,-1.1668,-90.052,0.8111,-1.4906,-89.729,0.3237,0.0150,0.3241,0.322,3.0710,-15.8335,0.268,-2.1927,14.3534,-89.997,6.395,-0.2860,382.571,1.2404,0.0130,0.0035,0.2699,1,6.2795,6.6423,nan,6.9096,7.1243,0.2822,-0.0229,1.5276,0.0115,0.0165,-0.0104,4.8894,0.0800,3.6610,0.1000
89.700,375.768,0.7950,-1.4521,-90.653,0.8117,-1.7590,-89.566,0.3067,0.0202,0.3073,1.087,3.2831,-15.7814,1.125,-2.1955,14.0683,-90.692,6.559,-0.2129,382.876,1.2417,0.0125,0.0141,1.1257,1,6.4674,6.7432,nan,7.0427,7.2419,0.2868,-0.0099,1.5276,0.0124,-0.0019,-0.0121,5.1888,0.0680,2.4558,0.1000
89.750,376.222,0.7883,-1.9062,-91.242,0.8106,-2.3034,-90.292,0.3966,0.0309,0.3978,0.950,3.2080,-15.8300,0.818,-2.2040,13.5594,-91.110,6.795,-0.2804,383.361,1.2550,0.0159,0.0123,0.7753,1,6.5922,6.7866,nan,7.2140,7.4513,0.2951,-0.0273,1.5309,0.0266,0.0120,-0.0061,5.6877,0.0800,3.0872,0.1000
89.800,376.531,0.7801,-2.2151,-91.982,0.7979,-2.6554,-91.354,0.4394,0.0330,0.4407,0.628,3.1552,-15.8470,0.619,-2.2147,13.2163,-91.973,6.928,-0.2698,383.688,1.2658,0.0159,0.0075,0.4716,1,6.7096,6.9029,nan,7.3383,7.5743,0.3000,-0.0148,1.5311,0.0247,-0.0020,-0.0070,5.9870,0.0800,3.5524,0.1000
89.850,376.832,0.7688,-2.5157,-92.412,0.7825,-2.9638,-92.013,0.4471,0.0326,0.4483,0.399,3.1061,-15.8440,0.425,-2.2280,12.8971,-92.438,7.052,-0.0843,384.006,1.2726,0.0128,0.0062,0.4809,1,6.9259,7.3130,nan,7.4986,7.7065,0.3052,0.0040,1.5311,0.0125,-0.0172,-0.0071,6.3862,0.0666,2.4356,0.1000
89.900,377.166,0.7548,-2.8501,-92.328,0.7680,-3.3480,-91.986,0.4969,0.0334,0.4981,0.342,3.0887,-15.8806,0.358,-2.2425,12.5468,-92.344,7.183,0.0449,384.360,1.2775,0.0127,0.0064,0.5091,1,6.9696,7.1063,nan,7.6533,7.8467,0.3108,0.0038,1.5311,0.0046,-0.0116,-0.0087,6.6855,0.0800,3.2276,0.1000
89.950,377.654,0.7353,-3.3378,-92.310,0.7539,-3.8540,-91.499,0.5150,0.0394,0.5165,0.811,3.1669,-15.8952,0.722,-2.2610,12.0707,-92.221,7.385,-0.0772,384.878,1.2734,0.0138,0.0122,0.8836,1,7.1529,7.4840,nan,7.8395,8.0390,0.3184,-0.0069,1.5322,0.0056,0.0025,-0.0027,7.1844,0.0800,3.2465,0.1000
90.000,377.990,0.7214,-3.6726,-92.509,0.7411,-4.2397,-91.653,0.5657,0.0446,0.5674,0.856,3.1902,-15.9008,0.844,-2.2770,11.6959,-92.497,7.501,-0.0858,385.232,1.2869,0.0134,0.0131,0.9744,1,7.2942,7.5588,nan,7.9830,8.1872,0.3242,-0.0078,1.5342,0.0095,0.0015,-0.0056,7.5836,0.0800,3.0048,0.1000
90.050,378.315,0.7067,-3.9975,-92.742,0.7287,-4.5852,-91.966,0.5860,0.0501,0.5881,0.776,3.1738,-15.8988,0.767,-2.2934,11.3453,-92.733,7.616,-0.0920,385.575,1.2964,0.0128,0.0145,1.1290,1,7.5442,8.3326,nan,8.0000,8.1317,0.3220,-0.0068,1.5350,0.0095,0.0004,-0.0021,7.9827,0.0390,3.1292,0.1000
90.100,378.659,0.6898,-4.3415,-92.942,0.7089,-4.9378,-92.569,0.5946,0.0496,0.5967,0.372,3.0919,-15.9264,0.377,-2.3107,11.0040,-92.946,7.684,-0.0531,385.933,1.2960,0.0126,0.0097,0.7657,1,7.7099,8.0548,nan,8.0000,8.0086,0.3172,-0.0003,1.5355,0.0059,-0.0048,-0.0012,8.3819,0.0025,2.2417,0.1000
90.150,379.175,0.6633,-4.8562,-92.792,0.6818,-5.4292,-92.168,0.5714,0.0464,0.5733,0.623,3.1683,-15.8413,0.806,-2.3398,10.4461,-92.974,7.694,0.1419,386.459,1.3127,0.0125,0.0139,1.1047,1,7.7384,7.8932,nan,8.0000,7.9898,0.3164,0.0117,1.5372,-0.0068,-0.0111,0.0002,8.7810,-0.0029,0.4315,0.1000
90.200,379.505,0.6478,-5.1867,-92.443,0.6604,-5.7775,-91.738,0.5897,0.0377,0.5909,0.705,3.1329,-15.8463,0.671,-2.3545,10.0970,-92.408,7.694,0.0774,386.796,1.3186,0.0124,0.0150,1.2083,1,7.7761,7.9413,nan,8.0000,7.9639,0.3154,-0.0104,1.5360,-0.0024,0.0149,-0.0027,9.1801,-0.0104,0.0053,0.1000
90.250,379.844,0.6330,-5.5247,-92.677,0.6425,-6.0923,-92.604,0.5665,0.0360,0.5677,0.073,2.9971,-15.8837,-0.077,-2.3678,9.7882,-92.527,7.690,-0.0984,387.140,1.3070,0.0125,0.0123,0.9866,1,7.6708,7.7254,nan,8.0000,8.0958,0.3206,-0.0062,1.5359,-0.0101,0.0144,-0.0013,9.4795,0.0282,-0.1352,0.1000
90.300,380.160,0.6180,-5.8405,-92.844,0.6289,-6.4071,-92.590,0.5654,0.0390,0.5667,0.254,3.0677,-15.8589,0.331,-2.3842,9.4657,-92.920,7.725,-0.0715,387.465,1.3105,0.0122,0.0062,0.5074,1,7.7010,7.8557,nan,8.0000,8.2272,0.3258,0.0309,1.5359,-0.0315,-0.0171,-0.0004,9.9784,0.0683,0.9770,0.1000
90.350,380.532,0.6007,-6.2125,-92.079,0.6115,-6.8246,-91.629,0.6113,0.0330,0.6122,0.450,3.1234,-15.8705,0.698,-2.4016,9.0758,-92.327,7.787,0.3747,387.851,1.3168,0.0135,0.0166,1.2246,1,7.6373,7.7174,nan,8.0000,8.2483,0.3267,0.0250,1.5352,-0.0289,-0.0112,-0.0016,10.2777,0.0800,0.7251,0.1000
90.400,381.040,0.5861,-6.7203,-91.750,0.5961,-7.3157,-91.207,0.5949,0.0282,0.5955,0.543,2.9895,-15.9133,-0.121,-2.4115,8.5925,-91.085,7.827,-0.4612,388.374,1.3040,0.0154,0.0084,0.5452,1,7.8060,8.1683,nan,8.0000,8.1474,0.3227,-0.0390,1.5352,0.0031,0.0508,0.0008,10.7767,0.0437,1.1039,0.1000
90.450,381.401,0.5725,-7.0803,-92.995,0.5783,-7.7766,-92.552,0.6950,0.0422,0.6963,0.443,3.0792,-15.9070,0.483,-2.4323,8.1512,-93.035,7.834,-0.4457,388.743,1.3404,0.0153,0.0130,0.8518,1,7.8317,7.9877,nan,8.0000,8.1279,0.3219,0.0421,1.5345,-0.0297,-0.0320,0.0017,11.1758,0.0378,0.1501,0.1000
90.500,381.730,0.5555,-7.4089,-92.445,0.5631,-8.0534,-92.768,0.6436,0.0351,0.6445,-0.324,3.0139,-15.9382,0.032,-2.4463,7.8861,-92.801,7.830,0.5087,389.078,1.3140,0.0112,0.0138,1.2248,1,8.0325,8.5163,nan,8.0000,7.9753,0.3159,0.0554,1.5333,-0.0370,-0.0450,0.0010,11.5749,-0.0071,0.0376,0.1000
90.550,382.276,0.5413,-7.9547,-90.668,0.5522,-8.7544,-89.732,0.7996,0.0203,0.7998,0.935,3.0192,-16.0063,0.093,-2.4552,7.2558,-89.825,7.795,-0.2456,389.631,1.3412,0.0118,0.0165,1.3961,1,7.7965,7.7540,nan,8.0000,8.1546,0.3230,-0.0239,1.5305,-0.0102,0.0405,0.0045,11.9741,0.0459,-0.0832,0.1000
90.600,382.619,0.5359,-8.2982,-91.389,0.5376,-9.0324,-92.180,0.7339,0.0195,0.7342,-0.791,2.9013,-16.0119,-0.816,-2.4629,6.9452,-91.364,7.812,-0.1850,389.982,1.3303,0.0138,0.0239,1.7310,1,7.7281,7.8073,nan,7.9452,8.1101,0.3212,0.0006,1.5305,-0.0035,0.0056,0.0049,12.4730,0.0494,0.4751,0.1000
90.650,382.939,0.5281,-8.6184,-91.406,0.5273,-9.3010,-92.088,0.6824,0.0160,0.6826,-0.682,2.9231,-15.9705,-0.645,-2.4706,6.6421,-91.444,7.804,0.1344,390.307,1.3237,0.0108,0.0190,1.7618,1,7.8324,8.0797,nan,7.5536,7.7978,0.3088,0.0315,1.5285,-0.0230,-0.0221,0.0047,12.8721,0.0782,0.0385,0.1000
90.700,383.296,0.5212,-8.9753,-90.473,0.5173,-9.6673,-90.291,0.6920,0.0018,0.6920,0.182,3.0252,-15.8999,0.284,-2.4770,6.2450,-90.575,7.718,0.3453,390.659,1.3388,0.0099,0.0105,1.0625,1,7.5305,7.4136,nan,7.2500,7.4849,0.2964,0.0076,1.5285,-0.0148,0.0056,0.0054,13.0717,0.0800,-2.2059,0.1000
90.750,383.827,0.5185,-9.5057,-90.512,0.5201,-10.1678,-89.648,0.6620,0.0076,0.6621,0.863,3.0371,-15.9163,0.394,-2.4774,5.7657,-90.042,7.365,-0.5104,391.156,1.3170,0.0125,0.0129,1.0284,1,7.6750,7.9726,nan,6.8300,6.6439,0.2631,-0.0479,1.5285,0.0165,0.0559,0.0092,13.4708,-0.0609,-1.5451,0.1000
90.800,384.130,0.5135,-9.8085,-91.816,0.5123,-10.4153,-91.242,0.6066,0.0180,0.6068,0.574,3.0488,-15.8824,0.544,-2.4845,5.4909,-91.786,7.075,-0.4875,391.433,1.3090,0.0142,0.0103,0.7244,1,7.3999,7.3152,nan,6.5049,6.2808,0.2487,-0.0067,1.5275,0.0163,0.0052,0.0090,13.8700,-0.0763,-8.1680,0.1000
90.850,384.420,0.5037,-10.0988,-92.117,0.5040,-10.6324,-92.166,0.5332,0.0200,0.5336,-0.048,3.0859,-15.8654,0.948,-2.4949,5.2750,-93.114,6.761,0.0529,391.694,1.2855,0.0092,0.0089,0.9666,1,7.0276,6.7983,nan,6.1709,5.9758,0.2367,0.0390,1.5275,-0.0079,-0.0394,0.0055,14.1693,-0.0703,-5.5347,0.1000
90.900,384.717,0.4942,-10.3951,-91.210,0.4982,-10.9163,-91.257,0.5210,0.0150,0.5213,-0.047,3.0204,-15.8751,0.228,-2.5024,4.9688,-91.485,6.432,0.3956,391.962,1.2866,0.0072,0.0071,0.9873,1,6.5848,6.0038,nan,6.0573,6.1125,0.2421,-0.0015,1.5275,0.0052,0.0051,0.0074,14.3689,0.0213,-7.9651,0.1000
90.950,385.157,0.4854,-10.8353,-91.429,0.4859,-11.2260,-91.607,0.3906,0.0102,0.3907,-0.178,2.9587,-15.7958,-0.461,-2.5096,4.5497,-91.146,6.129,-0.3139,392.378,1.2787,0.0089,0.0109,1.2184,1,6.1669,5.8001,nan,5.7087,5.8164,0.2304,-0.0326,1.5275,0.0150,0.0379,0.0095,14.6682,0.0448,-6.0716,0.1000
91.000,385.429,0.4772,-11.1069,-92.240,0.4728,-11.4858,-92.332,0.3788,0.0104,0.3789,-0.092,2.9874,-15.7658,-0.065,-2.5195,4.2772,-92.267,5.945,-0.2456,392.635,1.2806,0.0078,0.0147,1.8775,1,6.0567,6.0874,nan,5.3463,5.2624,0.2084,0.0368,1.5250,-0.0118,-0.0308,0.0086,14.8678,-0.0356,-4.8636,0.1000
91.050,385.661,0.4685,-11.3387,-91.742,0.4658,-11.6611,-92.392,0.3223,0.0071,0.3224,-0.650,3.0088,-15.7334,0.208,-2.5282,4.0815,-92.600,5.663,0.4214,392.845,1.2706,0.0056,0.0122,2.1653,1,5.7497,5.6478,nan,5.2219,5.2769,0.2090,0.0581,1.4669,-0.0265,-0.0446,0.0087,15.0674,0.0247,-7.9562,0.1000
91.100,385.927,0.4628,-11.6051,-90.394,0.4606,-11.9060,-90.602,0.3009,-0.0002,0.3009,-0.208,2.9692,-15.7289,-0.326,-2.5304,3.8085,-90.276,5.442,0.3687,393.095,1.2690,0.0057,0.0047,0.8301,1,5.4738,5.4084,nan,4.8361,4.8074,0.1904,-0.0050,1.3846,-0.0106,0.0238,0.0098,15.2669,-0.0136,-5.8856,0.1000
91.150,386.281,0.4606,-11.9591,-90.467,0.4585,-12.2128,-90.689,0.2537,0.0000,0.2537,-0.222,2.9758,-15.7192,-0.239,-2.5318,3.4959,-90.450,4.986,-0.0785,393.415,1.2577,0.0039,0.0059,1.5078,1,5.1018,4.9136,nan,4.5662,4.6152,0.1828,-0.0103,1.3083,-0.0091,0.0309,0.0076,15.4665,0.0252,-7.2806,0.1000
91.200,386.505,0.4585,-12.1835,-90.598,0.4567,-12.4539,-90.904,0.2704,0.0010,0.2704,-0.307,2.9769,-15.7645,-0.238,-2.5340,3.3001,-90.666,4.772,0.1780,393.625,1.2512,0.0029,0.0054,1.8820,1,4.9364,4.9394,nan,4.4268,4.4956,0.1780,0.0404,1.2081,-0.0169,-0.0104,0.0094,15.7659,0.0367,-5.7052,0.1000
91.250,386.698,0.4572,-12.3759,-89.943,0.4540,-12.6479,-90.311,0.2720,-0.0034,0.2721,-0.368,2.9728,-15.7892,-0.293,-2.5348,3.1284,-90.018,4.601,0.3013,393.806,1.2464,0.0028,0.0037,1.3358,1,4.6414,4.5725,nan,4.1015,4.1058,0.1626,0.0427,1.1491,-0.0143,0.0046,0.0107,15.9654,0.0025,-4.8444,0.1000
91.300,386.899,0.4585,-12.5767,-89.167,0.4540,-12.8402,-89.530,0.2634,-0.0083,0.2635,-0.363,2.9698,-15.8039,-0.330,-2.5329,2.9492,-89.200,4.331,0.3250,393.990,1.2416,0.0017,0.0054,3.0889,1,4.5344,4.5529,nan,3.8747,3.7502,0.1485,0.0515,1.0690,-0.0092,0.0242,0.0147,16.2648,-0.0800,-7.4437,0.1000
91.350,387.173,0.4652,-12.8511,-87.823,0.4655,-13.1334,-87.558,0.2821,-0.0104,0.2823,0.265,3.0047,-15.7806,0.319,-2.5244,2.6614,-87.877,3.877,0.3927,394.237,1.2424,0.0035,0.0088,2.4817,1,4.3113,4.2922,nan,3.6451,3.5458,0.1404,0.0652,1.0128,-0.0028,0.0364,0.0374,16.4643,-0.0800,-8.5113,0.1000
91.400,387.339,0.4726,-13.0168,-86.855,0.4712,-13.2633,-86.951,0.2460,-0.0149,0.2465,-0.096,2.9827,-15.7918,-0.120,-2.5168,2.5233,-86.831,3.680,0.3096,394.392,1.2370,0.0020,0.0059,2.9621,1,3.9099,3.6535,nan,3.5320,3.5735,0.1415,0.0423,0.9630,0.0138,0.0647,0.0743,16.5641,0.0240,-6.1193,0.1000
91.450,387.506,0.4826,-13.1839,-86.207,0.4784,-13.3520,-86.235,0.1674,-0.0153,0.1681,-0.028,2.9810,-15.7730,-0.165,-2.5096,2.4138,-86.069,3.591,0.3322,394.554,1.2311,0.0037,0.0062,1.6781,1,3.5770,3.4849,nan,3.4219,3.4815,0.1379,0.0805,0.9057,0.0203,0.0600,0.1233,16.6639,0.0800,-2.4649,0.1000
91.500,387.666,0.4945,-13.3430,-85.062,0.4930,-13.5335,-85.362,0.1897,-0.0179,0.1906,-0.300,2.9752,-15.7599,-0.316,-2.4945,2.2126,-85.046,3.493,0.5097,394.708,1.2340,0.0028,0.0076,2.7080,1,3.4629,3.4730,nan,3.2095,3.3010,0.1307,0.1200,0.8296,0.0295,0.0398,0.2195,16.8635,0.0530,-2.8818,0.1000
91.550,387.889,0.5177,-13.5644,-82.624,0.5098,-13.6638,-83.414,0.0975,-0.0206,0.0997,-0.790,2.9669,-15.7312,-0.523,-2.4759,2.0449,-82.891,3.212,0.6594,394.917,1.2310,0.0096,0.0080,0.8351,1,3.4519,3.4781,nan,3.0104,2.9431,0.1166,0.1318,0.8000,0.0410,0.0502,0.2644,16.9632,-0.0390,-4.2626,0.1000
91.600,388.017,0.5356,-13.6913,-81.122,0.5294,-13.7490,-81.798,0.0561,-0.0150,0.0581,-0.676,2.9551,-15.6514,-0.757,-2.4506,1.8701,-81.040,3.052,0.6162,395.037,1.2303,0.0055,0.0064,1.1704,1,3.2541,3.2412,nan,2.9151,2.9095,0.1152,0.1281,0.8000,0.0553,0.0642,0.3123,17.0630,-0.0033,-5.4221,0.1000
91.650,388.166,0.5607,-13.8385,-79.427,0.5444,-13.8084,-80.533,-0.0326,-0.0105,0.0342,-1.106,2.9444,-15.6181,-1.004,-2.4313,1.7673,-79.528,2.947,0.5923,395.182,1.2299,0.0056,0.0135,2.4300,1,3.0579,3.0440,nan,2.9151,3.0422,0.1205,0.1290,0.8000,0.0702,0.0547,0.3594,17.1628,0.0736,-3.4682,0.1000
91.700,388.278,0.5825,-13.9487,-78.134,0.5706,-13.9062,-78.988,-0.0440,-0.0029,0.0441,-0.855,2.9488,-15.5697,-0.867,-2.4032,1.6273,-78.121,2.956,0.5934,395.294,1.2276,0.0032,0.0191,5.9721,1,2.9643,2.9740,nan,2.9151,2.9932,0.1185,0.1659,0.8000,0.0818,0.0398,0.4100,17.2626,0.0800,0.2588,0.1000
91.750,388.483,0.6294,-14.1480,-74.991,0.6122,-14.0566,-75.805,-0.0927,0.0070,0.0930,-0.814,2.9631,-15.5400,-0.490,-2.3636,1.4632,-75.314,2.829,0.8496,395.495,1.2302,0.0145,0.0074,0.5095,1,3.0426,3.0828,nan,2.7339,2.7065,0.1072,0.1929,0.8000,0.0975,0.0285,0.4549,17.3624,-0.0159,0.1110,0.1000
91.800,388.602,0.6622,-14.2627,-72.939,0.6510,-14.2009,-73.771,-0.0624,0.0075,0.0628,-0.832,2.9472,-15.5473,-0.952,-2.3182,1.3081,-72.819,2.725,0.7850,395.610,1.2232,0.0094,0.0064,0.6771,1,2.9065,2.9066,nan,2.6485,2.6475,0.1049,0.1844,0.8000,0.1169,0.0502,0.5078,17.4622,-0.0006,-3.5152,0.1000
91.850,388.728,0.7013,-14.3825,-70.829,0.6889,-14.3011,-71.775,-0.0810,0.0151,0.0823,-0.946,2.9536,-15.5458,-0.898,-2.2839,1.2091,-70.877,2.635,0.9274,395.732,1.2249,0.0057,0.0139,2.4138,1,2.7803,2.7823,nan,2.5626,2.5799,0.1022,0.2689,0.8000,0.1185,0.0244,0.5534,17.5620,0.0100,-2.4637,0.1000
91.900,388.830,0.7363,-14.4774,-68.424,0.7294,-14.3890,-68.958,-0.0847,0.0261,0.0887,-0.534,2.9640,-15.5152,-0.491,-2.2441,1.1070,-68.467,2.565,1.0787,395.832,1.2212,0.0065,0.0278,4.2976,1,2.7062,2.7171,nan,2.4791,2.4719,0.0979,0.4124,0.8000,0.1223,-0.0435,0.6575,17.7615,-0.0041,-2.9963,0.1000
91.950,389.003,0.8071,-14.6353,-62.518,0.7936,-14.5244,-63.204,-0.1046,0.0392,0.1117,-0.686,2.9640,-15.5152,-0.491,-2.1788,0.9721,-62.713,2.401,1.5780,396.002,1.2236,0.0206,0.0175,0.8491,1,2.5741,2.5728,nan,2.3973,2.4192,0.0958,0.4168,0.8000,0.1358,-0.0418,0.7160,17.8613,0.0127,-1.2616,0.1000
92.000,389.107,0.8584,-14.7264,-58.588,0.8467,-14.6160,-59.102,-0.1003,0.0475,0.1110,-0.514,2.9647,-15.5138,-0.456,-2.1251,0.8809,-58.645,2.355,1.5457,396.106,1.2213,0.0123,0.0221,1.7917,1,2.4471,2.4459,nan,2.2342,2.2210,0.0880,0.4174,0.8000,0.1431,0.0022,0.7770,17.9611,-0.0076,-1.8115,0.1000
92.050,389.216,0.9186,-14.8175,-54.474,0.9109,-14.7162,-54.928,-0.0869,0.0526,0.1016,-0.454,2.9686,-15.5289,-0.537,-2.0652,0.7934,-54.391,2.215,1.4729,396.212,1.2211,0.0085,0.0222,2.6208,1,2.4019,2.4147,nan,2.1567,2.1146,0.0837,0.5599,0.8000,0.1432,0.0020,0.8405,18.0609,-0.0244,-4.4608,0.1000
92.101,389.349,1.0011,-14.9214,-47.985,0.9954,-14.8245,-48.798,-0.0758,0.0606,0.0970,-0.813,2.9737,-15.5392,-0.517,-1.9847,0.6968,-48.281,2.013,2.0199,396.342,1.2223,0.0060,0.0399,6.6183,1,2.2168,2.1976,nan,2.0485,2.0457,0.0810,0.6684,0.8000,0.1328,-0.1145,0.9915,18.2604,-0.0016,-4.3246,0.1000
92.150,389.437,1.0633,-14.9843,-42.591,1.0728,-14.9189,-42.933,-0.0373,0.0546,0.0661,-0.342,2.9783,-15.5507,-0.307,-1.9089,0.6216,-42.626,1.939,2.0822,396.432,1.2102,0.0275,0.0304,1.1024,1,2.1034,2.1027,nan,2.0404,2.0785,0.0823,0.6671,0.8000,0.1297,-0.1002,1.0761,18.3602,0.0221,-3.2494,0.1000
92.201,389.534,1.1377,-15.0458,-36.644,1.1434,-14.9870,-37.070,-0.0305,0.0506,0.0591,-0.426,2.9714,-15.5703,-0.595,-1.8339,0.5643,-36.475,1.920,2.0896,396.533,1.2091,0.0274,0.0271,0.9887,1,2.0286,2.0335,nan,2.0387,2.0464,0.0810,0.7493,0.8000,0.1087,-0.0845,1.1808,18.4600,0.0045,-1.1531,0.1000
92.250,389.608,1.1989,-15.0875,-31.737,1.2132,-15.0317,-32.067,-0.0172,0.0550,0.0576,-0.330,2.9714,-15.5703,-0.595,-1.7637,0.5204,-31.472,1.880,2.2912,396.611,1.2004,0.0092,0.0188,2.0497,1,1.9863,1.9962,nan,2.0387,2.0785,0.0823,0.7659,0.8000,0.1010,-0.0983,1.2010,18.5598,0.0230,-1.6515,0.1000
92.300,389.685,1.2658,-15.1247,-26.266,1.2775,-15.0851,-26.693,-0.0070,0.0407,0.0413,-0.427,2.9684,-15.5940,-0.752,-1.6974,0.4867,-25.942,1.860,2.3258,396.693,1.2006,0.0048,0.0130,2.6813,1,1.9376,1.9462,nan,2.0305,2.1012,0.0832,0.7686,0.8000,0.0799,-0.0990,1.2030,18.6596,0.0409,-1.6559,0.1000
92.350,389.818,1.3903,-15.1737,-16.509,1.4157,-15.1464,-17.448,0.0166,0.0334,0.0373,-0.939,2.9601,-15.6066,-0.968,-1.5519,0.4340,-16.480,1.870,2.4356,396.842,1.1803,0.0299,0.0258,0.8627,1,1.8573,1.8603,nan,2.0385,2.1762,0.0862,0.7909,0.8000,0.0500,-0.1072,1.1982,18.7594,0.0797,-1.0754,0.1000
92.400,389.897,1.4670,-15.1923,-10.621,1.4882,-15.1584,-11.445,0.0145,0.0372,0.0399,-0.824,2.9464,-15.6013,-0.985,-1.4657,0.4178,-10.459,1.886,2.4522,396.931,1.1705,0.0162,0.0124,0.7659,1,2.0467,2.1184,nan,2.0303,2.0179,0.0799,0.8253,0.8000,0.0231,-0.2196,1.1979,18.9589,-0.0072,-0.3985,0.1000
92.450,389.988,1.5569,-15.2036,-3.681,1.5733,-15.1710,-4.569,0.0142,0.0335,0.0364,-0.888,2.9321,-15.6076,-1.214,-1.3678,0.4077,-3.355,1.824,2.3778,397.027,1.1624,0.0140,0.0075,0.5391,1,2.1484,2.1866,nan,2.0303,1.9406,0.0769,0.7891,0.8000,0.0151,-0.2139,1.2033,19.0587,-0.0519,-1.5993,0.1000
92.500,390.103,1.6723,-15.2024,4.618,1.7039,-15.1712,3.621,0.0340,0.0285,0.0444,-0.996,2.9321,-15.6076,-1.214,-1.2372,0.4103,4.835,1.821,2.1714,397.151,1.1471,0.0297,0.0257,0.8646,1,1.9753,1.9574,nan,2.0303,2.0721,0.0821,0.7315,0.8000,0.0062,-0.1022,1.2033,19.0587,0.0242,-1.5972,0.1000
92.550,390.182,1.7505,-15.1923,10.016,1.7737,-15.1608,9.156,0.0284,0.0270,0.0392,-0.860,2.9330,-15.6016,-0.930,-1.1663,0.4220,10.086,1.850,2.2644,397.238,1.1542,0.0204,0.0158,0.7784,1,2.0069,2.0277,nan,2.1733,2.2457,0.0889,0.7581,0.8000,-0.0184,-0.2264,1.1351,19.2583,0.0419,0.0430,0.1000
92.600,390.267,1.8332,-15.1734,16.073,1.8511,-15.1431,14.785,0.0255,0.0241,0.0351,-1.287,2.9108,-15.6136,-1.305,-1.0702,0.4462,16.090,1.921,2.2835,397.336,1.1402,0.0152,0.0078,0.5143,1,1.9737,1.9846,nan,2.0993,2.1407,0.0848,0.6808,0.8000,-0.0225,-0.1129,1.1351,19.2583,0.0240,0.6182,0.1000
92.650,390.357,1.9179,-15.1443,21.682,1.9363,-15.1098,20.757,0.0298,0.0253,0.0391,-0.925,2.9139,-15.6025,-0.796,-0.9844,0.4790,21.553,1.979,2.0032,397.433,1.1387,0.0078,0.0039,0.4976,1,2.0766,2.1144,nan,2.2562,2.2955,0.0909,0.6235,0.8000,-0.0316,-0.1114,1.0144,19.3581,0.0227,2.6274,0.1000
92.700,390.441,1.9954,-15.1097,26.555,2.0070,-15.0780,25.612,0.0246,0.0231,0.0337,-0.943,2.9139,-15.6025,-0.796,-0.9141,0.5118,26.408,2.057,2.0131,397.526,1.1461,0.0019,0.0046,2.3922,1,2.1371,2.1648,nan,2.3443,2.3717,0.0939,0.5984,0.8000,-0.0430,-0.1118,0.9064,19.4578,0.0159,2.1453,0.1000
92.750,390.545,2.0853,-15.0591,32.208,2.1039,-15.0237,31.130,0.0346,0.0201,0.0400,-1.078,2.9063,-15.6071,-0.943,-0.8120,0.5701,32.072,2.155,1.9721,397.639,1.1330,0.0018,0.0069,3.9361,1,2.2090,2.2398,nan,2.4366,2.4624,0.0975,0.5689,0.8000,-0.0593,-0.0949,0.8080,19.5576,0.0150,2.6080,0.1000
92.800,390.690,2.2032,-14.9741,39.356,2.2608,-14.9041,38.706,0.0889,0.0176,0.0906,-0.650,2.9057,-15.6005,-0.560,-0.6517,0.6900,39.266,2.329,1.8726,397.799,1.0874,0.0129,0.0206,1.5915,1,2.1016,2.1010,nan,2.5329,2.6336,0.1043,0.5070,0.8000,-0.0669,-0.0863,0.7147,19.6574,0.0800,2.0465,0.1000
92.850,390.792,2.2795,-14.9064,44.029,2.3021,-14.8591,43.392,0.0491,0.0182,0.0524,-0.637,2.8919,-15.6086,-0.524,-0.5966,0.7441,43.916,2.418,1.8221,397.909,1.1098,0.0053,0.0036,0.6679,1,2.4098,2.6612,nan,2.7364,2.7949,0.1107,0.4653,0.8000,-0.0771,-0.1073,0.5367,19.8570,0.0339,1.8647,0.1000
92.900,390.894,2.3501,-14.8332,48.326,2.3800,-14.7799,47.889,0.0597,0.0131,0.0611,-0.437,2.8937,-15.6079,-0.300,-0.5181,0.8252,48.189,2.532,1.8557,398.019,1.1012,0.0018,0.0021,1.2212,1,2.5109,2.5526,nan,2.8434,2.8920,0.1145,0.3841,0.8000,-0.0811,-0.0666,0.4531,19.9568,0.0282,3.8765,0.1000
92.950,391.082,2.4673,-14.6858,54.152,2.4976,-14.6292,54.177,0.0636,0.0086,0.0642,0.025,2.8866,-15.6157,-0.259,-0.3934,0.9848,54.437,2.751,1.0408,398.219,1.0927,0.0077,0.0155,2.0092,1,2.6735,2.7397,nan,2.9523,2.9303,0.1161,0.2441,0.8197,-0.0885,-0.0391,0.2853,20.1563,-0.0127,1.5039,0.1000
93.000,391.188,2.5275,-14.5989,56.389,2.5688,-14.5312,55.988,0.0792,0.0030,0.0793,-0.400,2.8772,-15.6274,-0.587,-0.3196,1.0929,56.575,2.821,0.9066,398.328,1.0776,0.0013,0.0063,4.8168,1,2.7805,2.8267,nan,3.0631,3.0308,0.1200,0.2057,0.8526,-0.0980,-0.0601,0.1974,20.2561,-0.0187,1.8372,0.1000
93.050,391.331,2.6042,-14.4777,59.014,2.6307,-14.4222,58.746,0.0612,0.0058,0.0615,-0.268,2.8736,-15.6328,-0.310,-0.2494,1.2093,59.056,2.910,0.8618,398.476,1.0845,0.0015,0.0066,4.2867,1,2.8242,2.8547,nan,3.2823,3.3722,0.1336,0.1719,0.8659,-0.1091,-0.0439,0.1171,20.3559,0.0520,2.4910,0.1000
93.100,391.458,2.6678,-14.3678,60.956,2.6898,-14.3169,60.784,0.0552,0.0054,0.0555,-0.172,2.8700,-15.6387,-0.284,-0.1867,1.3208,61.068,3.108,0.7650,398.613,1.0853,0.0010,0.0032,3.0682,1,3.0179,3.1066,nan,3.4837,3.5715,0.1414,0.0257,0.9253,-0.1038,-0.0044,-0.0363,20.5555,0.0509,5.7606,0.1000
93.150,391.680,2.7733,-14.1725,61.395,2.8053,-14.1085,61.032,0.0715,0.0026,0.0716,-0.362,2.8525,-15.6526,-0.744,-0.0672,1.5434,61.777,3.398,-0.4255,398.850,1.0699,0.0026,0.0120,4.5908,1,3.0594,3.0913,nan,3.6345,3.7211,0.1474,-0.0849,0.9381,-0.1016,0.0347,-0.1108,20.6553,0.0800,5.3011,0.1000
93.200,391.836,2.8489,-14.0362,60.299,2.8668,-14.0017,59.732,0.0388,0.0016,0.0388,-0.567,2.8457,-15.6766,-0.464,0.0075,1.6750,60.197,3.508,-0.1883,399.012,1.0710,0.0016,0.0056,3.4927,1,3.3252,3.4991,nan,3.6201,3.6392,0.1441,-0.0236,1.0196,-0.1190,-0.0309,-0.2623,20.8548,0.0111,3.5079,0.1000
93.250,392.002,2.9313,-13.8924,59.915,2.9615,-13.8442,59.385,0.0568,-0.0019,0.0569,-0.531,2.8423,-15.6814,-0.536,0.1020,1.8383,59.921,3.543,-0.2543,399.180,1.0582,0.0003,0.0067,20.6036,1,3.3946,3.4365,nan,3.6298,3.7146,0.1471,-0.0709,1.0408,-0.1184,0.0368,-0.3815,21.0544,0.0800,0.9315,0.1000
93.301,392.137,2.9998,-13.7755,59.081,3.0188,-13.7491,58.818,0.0324,-0.0027,0.0325,-0.264,2.8423,-15.6814,-0.536,0.1584,1.9339,59.354,3.583,-0.3950,399.318,1.0710,0.0018,0.0006,0.3636,1,3.6041,3.7144,nan,3.7311,3.7308,0.1478,-0.0969,1.1463,-0.1092,0.0918,-0.3141,21.2540,-0.0001,1.2935,0.1000
93.350,392.393,3.1351,-13.5578,56.900,3.1556,-13.5398,56.214,0.0263,-0.0073,0.0273,-0.686,2.8330,-15.6830,-0.782,0.2933,2.1474,56.997,3.636,-0.5323,399.578,1.0716,0.0047,0.0120,2.5607,1,3.5404,3.5601,nan,3.8638,3.9407,0.1561,-0.0919,1.1494,-0.0895,0.1161,-0.2375,21.4535,0.0445,0.7785,0.1000
93.400,392.564,3.2294,-13.4163,55.523,3.2516,-13.3967,55.068,0.0287,-0.0072,0.0296,-0.455,2.8362,-15.6935,-0.466,0.3968,2.3001,55.533,3.744,-0.4606,399.755,1.0620,0.0038,0.0090,2.3764,1,3.6691,3.7346,nan,4.0132,4.0646,0.1610,-0.0523,1.1153,-0.0796,0.1103,-0.1575,21.6531,0.0298,3.1289,0.1000
93.450,392.704,3.3095,-13.3008,54.853,3.3428,-13.2638,54.728,0.0494,-0.0059,0.0498,-0.124,2.8609,-15.7095,0.350,0.4968,2.4427,54.378,3.844,-0.2708,399.901,1.0414,0.0001,0.0037,31.6804,1,3.8583,3.9566,nan,4.1688,4.1698,0.1651,-0.0402,1.1235,-0.0551,0.1190,-0.0779,21.8527,0.0005,3.1085,0.1000
93.500,392.991,3.4767,-13.0674,53.833,3.5094,-13.0260,54.555,0.0527,-0.0019,0.0528,0.722,2.8793,-15.7080,0.719,0.6637,2.6739,53.836,3.993,-0.2719,400.198,1.0418,0.0009,0.0059,6.5058,1,3.6095,3.5805,nan,4.2602,4.2485,0.1683,-0.0656,1.0510,-0.0287,0.1409,-0.0415,21.9524,0.0800,3.3053,0.1000
93.550,393.160,3.5775,-12.9314,52.871,3.5825,-12.9220,53.792,0.0105,0.0017,0.0107,0.921,2.8520,-15.7346,0.620,0.7609,2.8045,53.172,4.063,-0.3449,400.372,1.0454,0.0060,0.0108,1.7975,1,3.8862,4.4103,nan,4.3848,4.4729,0.1771,-0.0259,1.0358,0.0149,0.1290,0.0806,22.2518,0.0478,1.9384,0.1000
93.600,393.347,3.6906,-12.7834,52.438,3.7127,-12.7527,52.599,0.0378,0.0012,0.0379,0.161,2.8463,-15.7448,0.632,0.8994,2.9824,51.966,4.180,-0.0062,400.566,1.0199,0.0035,0.0114,3.2210,1,4.0534,4.1408,nan,4.1350,4.1970,0.1662,0.0337,1.0020,0.0316,0.0787,0.1603,22.4514,0.0354,3.5185,0.1000
93.650,393.530,3.8018,-12.6380,52.962,3.8106,-12.6245,53.129,0.0161,0.0011,0.0161,0.167,2.8340,-15.7396,0.349,0.9956,3.1091,52.780,4.118,0.3437,400.745,1.0349,0.0002,0.0027,11.5000,1,4.2755,4.4186,nan,3.7861,3.7971,0.1504,0.0865,1.0020,0.0519,0.0584,0.2333,22.6509,0.0064,-1.0482,0.1000
93.700,393.718,3.9138,-12.4867,54.369,3.8922,-12.5066,54.778,-0.0287,0.0060,0.0293,0.409,2.8260,-15.7530,0.410,1.0895,3.2388,54.368,3.913,0.5962,400.959,1.0534,0.0005,0.0091,17.9746,1,4.2556,4.2889,nan,3.6776,3.5988,0.1425,0.1351,1.0020,0.0655,0.0675,0.2774,22.7507,-0.0456,-5.6768,0.1000
93.750,393.886,4.0096,-12.3491,56.329,3.9808,-12.3731,56.565,-0.0360,0.0107,0.0375,0.236,2.8327,-15.7533,0.527,1.1791,3.3695,56.038,3.731,0.7856,401.080,1.0598,0.0174,0.0120,0.6910,1,3.9347,3.8575,nan,3.5713,3.6149,0.1432,0.1702,0.9856,0.0837,0.0537,0.3543,22.9503,0.0252,-5.6510,0.1000
93.800,394.136,4.1429,-12.1372,60.014,4.1437,-12.1107,60.200,0.0233,0.0125,0.0265,0.185,2.8209,-15.7523,0.277,1.3403,3.6352,59.923,3.499,1.0375,401.319,1.0313,0.0114,0.0215,1.8890,1,3.7699,3.7717,nan,3.3714,3.3510,0.1327,0.1905,0.9444,0.1018,0.0341,0.4353,23.1498,-0.0118,-3.0285,0.1000
93.850,394.284,4.2144,-12.0078,62.538,4.1742,-12.0449,62.789,-0.0514,0.0185,0.0547,0.251,2.8209,-15.7523,0.277,1.3712,3.7009,62.513,3.388,1.0288,401.462,1.0729,0.0055,0.0238,4.3508,1,3.5043,3.4649,nan,3.2774,3.3693,0.1334,0.2010,0.8778,0.1102,0.0532,0.4809,23.2496,0.0532,-3.6642,0.1000
93.900,394.435,4.2813,-11.8725,65.256,4.2296,-11.9288,65.017,-0.0728,0.0234,0.0764,-0.239,2.7864,-15.7471,-0.204,1.4296,3.8234,65.222,3.316,1.0955,401.611,1.0820,0.0039,0.0300,7.6169,1,3.3826,3.3907,nan,3.1023,3.1208,0.1236,0.2536,0.8473,0.1159,-0.0001,0.5676,23.4492,0.0107,-2.2427,0.1000
93.950,394.636,4.3590,-11.6867,70.030,4.3082,-11.7425,69.155,-0.0698,0.0287,0.0755,-0.875,2.7772,-15.7348,-0.397,1.5033,4.0028,69.551,3.082,1.5335,401.803,1.0864,0.0202,0.0341,1.6861,1,3.2135,3.2091,nan,2.9673,2.9928,0.1185,0.3182,0.8050,0.1150,-0.0117,0.6108,23.5490,0.0148,-4.7498,0.1000
94.000,394.772,4.4016,-11.5574,73.931,4.3628,-11.5964,72.970,-0.0483,0.0265,0.0551,-0.961,2.7357,-15.7325,-1.001,1.5545,4.1638,73.971,2.980,1.5192,401.936,1.0763,0.0141,0.0280,1.9886,1,3.1814,3.2024,nan,2.9437,2.9187,0.1156,0.3619,0.8000,0.1118,-0.0409,0.7115,23.7486,-0.0145,-3.6589,0.1000
94.050,394.904,4.4339,-11.4297,78.174,4.3888,-11.4978,76.675,-0.0759,0.0302,0.0817,-1.499,2.7023,-15.7177,-1.522,1.5738,4.2632,78.197,2.886,1.6841,402.067,1.0906,0.0112,0.0439,3.9065,1,3.1085,3.1227,nan,2.9880,2.9230,0.1158,0.4282,0.8000,0.0970,-0.1277,0.8014,23.9481,-0.0376,-3.4107,0.1000
94.100,395.029,4.4552,-11.3061,82.852,4.4240,-11.3377,81.014,-0.0352,0.0270,0.0444,-1.838,2.6870,-15.6853,-1.858,1.5952,4.4017,82.872,2.832,1.8905,402.194,1.0898,0.0133,0.0356,2.6830,1,2.8997,2.8797,nan,2.9880,3.0187,0.1196,0.4193,0.8000,0.0866,-0.1238,0.7700,24.0479,0.0178,-2.1449,0.1000
94.150,395.221,4.4677,-11.1148,90.171,4.4474,-11.1174,88.175,-0.0025,0.0203,0.0205,-1.996,2.6692,-15.6705,-2.196,1.6024,4.6180,90.371,2.898,1.9692,402.394,1.0942,0.0255,0.0067,0.2615,1,2.8626,2.8803,nan,3.1221,3.1633,0.1253,0.4321,0.8000,0.0628,-0.1620,0.6673,24.2475,0.0238,0.5778,0.1000
94.200,395.365,4.4610,-10.9716,95.748,4.4374,-10.9774,93.808,-0.0035,0.0240,0.0243,-1.940,2.6640,-15.6777,-2.229,1.5893,4.7656,96.037,2.954,2.0470,402.546,1.1005,0.0248,0.0108,0.4342,1,2.9594,3.0044,nan,3.2780,3.3468,0.1325,0.4479,0.8058,0.0318,-0.1300,0.6180,24.3473,0.0398,0.7599,0.1000
94.250,395.487,4.4440,-10.8499,100.705,4.4170,-10.8295,99.179,0.0250,0.0227,0.0338,-1.527,2.6913,-15.6777,-1.869,1.5666,4.9019,101.048,3.044,2.0015,402.680,1.1060,0.0190,0.0075,0.3944,1,2.9659,2.9908,nan,3.3595,3.4573,0.1369,0.4016,0.8406,0.0159,-0.1401,0.5350,24.5468,0.0566,1.7187,0.1000
94.300,395.618,4.4151,-10.7228,105.436,4.3892,-10.7115,104.284,0.0178,0.0220,0.0283,-1.152,2.7470,-15.6917,-1.214,1.5363,5.0139,105.498,3.148,1.9395,402.822,1.1076,0.0164,0.0178,1.0863,1,3.0331,3.0708,nan,3.6195,3.6499,0.1445,0.3614,0.8957,-0.0031,-0.1320,0.4533,24.7464,0.0800,3.3632,0.1000
