[INFO] [launch]: All log files can be found below /root/.ros/log/2026-09-18-12-32-14-996140-adil-laptop-202
[INFO] [launch]: Default logging verbosity is set to INFO
[INFO] [launch.user]: [race] mode=dev  localizer=amcl  instruments=ON  bootstrap=truth
[INFO] [dead_reckoning-1]: process started with pid [219]
[INFO] [amcl-4]: process started with pid [225]
[INFO] [localization_bootstrap-6]: process started with pid [229]
[INFO] [localization_error-7]: process started with pid [231]
[INFO] [log_localization-8]: process started with pid [233]
[INFO] [static_transform_publisher-2]: process started with pid [221]
[INFO] [map_server-3]: process started with pid [223]
[INFO] [lifecycle_manager-5]: process started with pid [227]
[INFO] [static_transform_publisher-9]: process started with pid [235]
[static_transform_publisher-2] 1789734735.073550 [0] static_tra: selected interface "lo" is not multicast-capable: disabling multicast
[lifecycle_manager-5] 1789734735.078190 [0] lifecycle_: selected interface "lo" is not multicast-capable: disabling multicast
[static_transform_publisher-2] [INFO] [1789734735.081646288] [lidar_tf]: Spinning until stopped - publishing transform
[static_transform_publisher-2] translation: ('0.273300', '0.000000', '0.096000')
[static_transform_publisher-2] rotation: ('0.000000', '0.000000', '0.000000', '1.000000')
[static_transform_publisher-2] from 'roboracer_1' to 'lidar'
[static_transform_publisher-9] 1789734735.083087 [0] static_tra: selected interface "lo" is not multicast-capable: disabling multicast
[lifecycle_manager-5] [INFO] [1789734735.085551616] [lifecycle_manager_localization]: Creating
[amcl-4] 1789734735.085362 [0]       amcl: selected interface "lo" is not multicast-capable: disabling multicast
[lifecycle_manager-5] [INFO] [1789734735.088581661] [lifecycle_manager_localization]: Creating and initializing lifecycle service clients
[static_transform_publisher-9] [INFO] [1789734735.092930417] [map_world_tf]: Spinning until stopped - publishing transform
[static_transform_publisher-9] translation: ('0.000000', '0.000000', '0.000000')
[static_transform_publisher-9] rotation: ('0.000000', '0.000000', '0.000000', '1.000000')
[static_transform_publisher-9] from 'map' to 'world'
[amcl-4] [INFO] [1789734735.096430028] [amcl]: 
[amcl-4] 	amcl lifecycle node launched. 
[amcl-4] 	Waiting on external lifecycle transitions to activate
[amcl-4] 	See https://design.ros2.org/articles/node_lifecycle.html for more information.
[amcl-4] [INFO] [1789734735.097566429] [amcl]: Creating
[map_server-3] 1789734735.101218 [0] map_server: selected interface "lo" is not multicast-capable: disabling multicast
[map_server-3] [INFO] [1789734735.111831149] [map_server]: 
[map_server-3] 	map_server lifecycle node launched. 
[map_server-3] 	Waiting on external lifecycle transitions to activate
[map_server-3] 	See https://design.ros2.org/articles/node_lifecycle.html for more information.
[map_server-3] [INFO] [1789734735.111985938] [map_server]: Creating
[lifecycle_manager-5] [INFO] [1789734735.112539822] [lifecycle_manager_localization]: Starting managed nodes bringup...
[lifecycle_manager-5] [INFO] [1789734735.112604272] [lifecycle_manager_localization]: Configuring map_server
[map_server-3] [INFO] [1789734735.126384208] [map_server]: Configuring
[map_server-3] [INFO] [1789734735.126486178] [map_io]: Loading yaml file: /root/Documents/roboracer/devkit_ws/src/racer_mapping/maps/iros2026/track_clean.yaml
[map_server-3] [INFO] [1789734735.126846531] [map_io]: resolution: 0.025
[map_server-3] [INFO] [1789734735.126864695] [map_io]: origin[0]: 0.00427
[map_server-3] [INFO] [1789734735.126874173] [map_io]: origin[1]: -16.8
[map_server-3] [INFO] [1789734735.126881737] [map_io]: origin[2]: 0
[map_server-3] [INFO] [1789734735.126889221] [map_io]: free_thresh: 0.25
[map_server-3] [INFO] [1789734735.126897075] [map_io]: occupied_thresh: 0.65
[map_server-3] [INFO] [1789734735.126905371] [map_io]: mode: trinary
[map_server-3] [INFO] [1789734735.126913456] [map_io]: negate: 0
[map_server-3] [INFO] [1789734735.127229766] [map_io]: Loading image_file: /root/Documents/roboracer/devkit_ws/src/racer_mapping/maps/iros2026/track_clean.pgm
[map_server-3] [INFO] [1789734735.162274236] [map_io]: Read map /root/Documents/roboracer/devkit_ws/src/racer_mapping/maps/iros2026/track_clean.pgm: 241 X 901 map @ 0.025 m/cell
[lifecycle_manager-5] [INFO] [1789734735.169912921] [lifecycle_manager_localization]: Configuring amcl
[amcl-4] [INFO] [1789734735.170204616] [amcl]: Configuring
[amcl-4] [INFO] [1789734735.170356950] [amcl]: initTransforms
[amcl-4] [INFO] [1789734735.199191221] [amcl]: initPubSub
[amcl-4] [INFO] [1789734735.211819447] [amcl]: Subscribed to map topic.
[lifecycle_manager-5] [INFO] [1789734735.221336288] [lifecycle_manager_localization]: Activating map_server
[map_server-3] [INFO] [1789734735.222591901] [map_server]: Activating
[map_server-3] [INFO] [1789734735.223375844] [map_server]: Creating bond (map_server) to lifecycle manager.
[amcl-4] [INFO] [1789734735.230115992] [amcl]: Received a 241 X 901 map @ 0.025 m/pix
[lifecycle_manager-5] [INFO] [1789734735.336645888] [lifecycle_manager_localization]: Server map_server connected with bond.
[lifecycle_manager-5] [INFO] [1789734735.336772344] [lifecycle_manager_localization]: Activating amcl
[amcl-4] [INFO] [1789734735.337169716] [amcl]: Activating
[amcl-4] [INFO] [1789734735.337334233] [amcl]: initialPoseReceived
[amcl-4] [INFO] [1789734735.337554865] [amcl]: Setting pose (1789734735.337555): 0.818 3.158 -1.571
[amcl-4] [INFO] [1789734735.340786956] [amcl]: Creating bond (amcl) to lifecycle manager.
[localization_error-7] 1789734735.379531 [0] localizati: selected interface "lo" is not multicast-capable: disabling multicast
[dead_reckoning-1] 1789734735.406887 [0] dead_recko: selected interface "lo" is not multicast-capable: disabling multicast
[localization_bootstrap-6] 1789734735.416092 [0] localizati: selected interface "lo" is not multicast-capable: disabling multicast
[lifecycle_manager-5] [INFO] [1789734735.444436968] [lifecycle_manager_localization]: Server amcl connected with bond.
[lifecycle_manager-5] [INFO] [1789734735.444491329] [lifecycle_manager_localization]: Managed nodes are active
[lifecycle_manager-5] [INFO] [1789734735.444505686] [lifecycle_manager_localization]: Creating bond timer...
[localization_error-7] [ERROR] [1789734735.479680589] [localization_error]: RESTRICTED TOPIC: reading /autodrive/roboracer_1/odom (simulator ground-truth pose and twist) -- continuous comparison against TF map -> roboracer_1. This run is NOT race-legal; any lap time from it is a development number. See racer_common/restricted.py.
[localization_error-7] [INFO] [1789734735.480571482] [localization_error]: sampling starts 1.0 s after /localization_ready; bootstrap is excluded (require_ready:=false to include it)
[localization_error-7] [INFO] [1789734735.482225328] [localization_error]: waiting for TF map -> roboracer_1: "map" passed to lookupTransform argument target_frame does not exist. 
[log_localization-8] 1789734735.492960 [0] log_locali: selected interface "lo" is not multicast-capable: disabling multicast
[dead_reckoning-1] [INFO] [1789734735.526627391] [dead_reckoning]: dead reckoning: odom -> roboracer_1, wheel r=0.0581 m, scale=1.0, 200 Hz, tf +20 ms, extrapolate yaw=True pos=True, distance from slip (k=0.27, k_brake=1.1, yaw gate 0.5 rad/s)
[localization_bootstrap-6] [INFO] [1789734735.533300946] [localization_bootstrap]: centreline runs against the lap; arc length reversed for checkpoint ordering
[localization_bootstrap-6] [INFO] [1789734735.551533371] [localization_bootstrap]: WARMUP SEED: reading /autodrive/roboracer_1/ips (simulator ground-truth position) ONCE -- initial pose seed. Legal: the first lap is warmup, this is read before the car moves, and it is released immediately after. Nothing reads ground truth afterwards.
[localization_bootstrap-6] [INFO] [1789734735.552501428] [localization_bootstrap]: mode=truth: seeding the initial pose from /ips + /imu before the car moves, then releasing /ips. Tracking is lidar + map + dead reckoning from there on.
[localization_bootstrap-6] [INFO] [1789734735.553463743] [localization_bootstrap]: waiting for amcl to reach the active state before sending anything
[amcl-4] [INFO] [1789734735.566125944] [amcl]: createLaserObject
[localization_bootstrap-6] [INFO] [1789734735.605802588] [localization_bootstrap]: amcl is ACTIVE -- an initial pose will now be accepted
[log_localization-8] [ERROR] [1789734735.654040710] [log_localization]: RESTRICTED TOPIC: reading /autodrive/roboracer_1/ips (simulator ground-truth position) -- continuous logging against the estimate. This run is NOT race-legal; any lap time from it is a development number. See racer_common/restricted.py.
[log_localization-8] [ERROR] [1789734735.654815376] [log_localization]: RESTRICTED TOPIC: reading /autodrive/roboracer_1/odom (simulator ground-truth pose and twist) -- continuous logging against the estimate. This run is NOT race-legal; any lap time from it is a development number. See racer_common/restricted.py.
[localization_bootstrap-6] [INFO] [1789734735.655047850] [localization_bootstrap]: seed 1/5: x=+0.801 y=+3.158 yaw=-90.0 deg -- awaiting confirmation
[log_localization-8] [INFO] [1789734735.655830260] [log_localization]: logging to /root/Documents/roboracer/logs/mt_m15.csv at 20 Hz until Ctrl-C
[localization_bootstrap-6] [INFO] [1789734735.655905119] [localization_bootstrap]: MEASURED SPAWN x=+0.801 y=+3.158 yaw=-90.0 deg -- within 2 cm of racer_common.frames.SPAWN_*, so the fallback is sound too. Nothing to change.
[log_localization-8] [INFO] [1789734735.706491033] [log_localization]: waiting for TF map -> roboracer_1 ...
[amcl-4] [INFO] [1789734735.833940349] [amcl]: initialPoseReceived
[amcl-4] [INFO] [1789734735.834190816] [amcl]: Message Filter dropping message: frame 'lidar' at time 1789734735.244 for reason 'the timestamp on the message is earlier than all the data in the transform cache'
[amcl-4] [INFO] [1789734735.834244987] [amcl]: Setting pose (1789734735.834245): 0.801 3.158 -1.571
[amcl-4] [INFO] [1789734735.842466550] [amcl]: Requesting no-motion update
[amcl-4] [INFO] [1789734736.154147479] [amcl]: Requesting no-motion update
[amcl-4] [INFO] [1789734736.555335265] [amcl]: Requesting no-motion update
[amcl-4] [INFO] [1789734737.004090271] [amcl]: Requesting no-motion update
[pure_pursuit] launch overrides: {'exit_guard_from': 0.0, 'exit_guard_full': 0.0, 'lqr_k_lat': 0.03, 'lqr_k_head': 0.05, 'lqr_k_yaw': 0.0, 'lqr_max_correction_rad': 0.02, 'v_max': 9.0, 'warmup_v_max': 2.0, 'warmup_dist_m': 21.0, 'target_lead_s': 0.0, 'enc_rate_window_s': 0.1, 'slip_circle': 0.12, 'accel_ff': 1.0, 'control_hz': 45.0, 'controller_mode': 'hybrid_lqr'}
[INFO] [pure_pursuit-10]: process started with pid [382]
[pure_pursuit-10] 1789734737.371623 [0] pure_pursu: selected interface "lo" is not multicast-capable: disabling multicast
[amcl-4] [INFO] [1789734737.404344355] [amcl]: Requesting no-motion update
[pure_pursuit-10] [INFO] [1789734737.480115418] [pure_pursuit]: path: 435 points, 43.43 m lap, from /root/Documents/roboracer/raceline/iros2026/rl_mt_b05b15w05_ell_L65_B50_v9.0.csv
[pure_pursuit-10] [INFO] [1789734737.486831502] [pure_pursuit]: pose from TF map -> roboracer_1 (continuous); /amcl_pose kept as a fallback
[pure_pursuit-10] [INFO] [1789734737.488582299] [pure_pursuit]: steering on /amcl_pose
[pure_pursuit-10] [INFO] [1789734737.489220009] [pure_pursuit]: warmup cap: speed target held at 2.00 m/s for the first 21.0 m of driving, then released
[pure_pursuit-10] [INFO] [1789734737.492964006] [pure_pursuit]: speed_source=tire  throttle_mode=slip  slip band [-0.08, +0.08]  u_launch 0.4 m/s  lookahead 0.8-2.2 m (k 0.55)  latency_comp 0.05 s
[pure_pursuit-10] [INFO] [1789734737.493637924] [pure_pursuit]: slip band: circle 0.12 x sqrt(1 - (a_lat/7)^2), replacing the fixed band above  |  plan-acceleration feedforward ON
[pure_pursuit-10] [WARN] [1789734737.494453396] [pure_pursuit]: dev_lap_telemetry ON: subscribing to RESTRICTED lap topics
[pure_pursuit-10] [INFO] [1789734737.497420303] [pure_pursuit]: holding until /localization_ready
[pure_pursuit-10] [INFO] [1789734737.512433821] [pure_pursuit]: lap 0: inf s
[localization_bootstrap-6] [INFO] [1789734737.554517137] [localization_bootstrap]: seed 1/5 sent, awaiting a fresh /amcl_pose to confirm it
[localization_bootstrap-6] [INFO] [1789734737.708416133] [localization_bootstrap]: localization_bootstrap: released /autodrive/roboracer_1/ips -- no restricted topic is read from here on; the timed laps are clean.
[localization_error-7] [INFO] [1789734737.709622224] [localization_error]: /localization_ready latched -- sampling opens in 1.0 s (33 bootstrap samples discarded)
[pure_pursuit-10] [INFO] [1789734737.709768427] [pure_pursuit]: localization converged, taking over
[localization_bootstrap-6] [INFO] [1789734737.710485896] [localization_bootstrap]: 100% of beams on a wall within 10 cm (min 50%). seed CONFIRMED on attempt 1: the estimate is 1.1 cm / 0.2 deg from truth (pos std 0.051 m). Tracking is now lidar + map + dead reckoning only.
[localization_bootstrap-6] [INFO] [1789734737.711476504] [localization_bootstrap]: /localization_ready = true, follower may take over
[localization_bootstrap-6] [INFO] [1789734737.712125465] [localization_bootstrap]: recovery armed: watching encoders + IMU for a reset; 15 checkpoint(s) known for this track
[localization_error-7] [INFO] [1789734740.432101482] [localization_error]: now[ 35] 0.360 m / 0.58 deg  |  session[n=35] mean 0.360 p95 0.414 max 0.434 m, heading mean 0.58 max 1.66 deg
[log_localization-8] [INFO] [1789734740.806992703] [log_localization]:    5.0 s     5.8 m  err 0.326 m (along +0.326 cross +0.016) yaw  +0.28 deg  m->o yaw  +0.27 deg | fit true 0.013 est 0.007 (x0.59)  enc/true 1.054  dr_err 0.38 m
[localization_error-7] [INFO] [1789734745.432478719] [localization_error]: now[135] 0.321 m / 0.29 deg  |  session[n=135] mean 0.321 p95 0.412 max 0.434 m, heading mean 0.29 max 1.66 deg
[log_localization-8] [INFO] [1789734745.808718558] [log_localization]:   10.0 s    15.7 m  err 0.045 m (along +0.045 cross -0.004) yaw  -0.46 deg  m->o yaw  -0.48 deg | fit true 0.002 est 0.005 (x3.01)  enc/true 1.013  dr_err 0.48 m
[pure_pursuit-10] [INFO] [1789734748.572384548] [pure_pursuit]: warmup cap released after 21.0 m; v_max back to 9.00 m/s
[localization_error-7] [INFO] [1789734750.432125985] [localization_error]: now[200] 0.226 m / 0.73 deg  |  session[n=235] mean 0.246 p95 0.406 max 0.455 m, heading mean 0.71 max 5.54 deg
[log_localization-8] [INFO] [1789734750.806879560] [log_localization]:   14.9 s    31.3 m  err 0.012 m (along -0.012 cross -0.002) yaw  +0.90 deg  m->o yaw  +1.00 deg | fit true 0.016 est 0.010 (x0.63)  enc/true 1.023  dr_err 0.15 m
[pure_pursuit-10] [INFO] [1789734753.484751220] [pure_pursuit]: lap 1: 45.68 s
[localization_error-7] [INFO] [1789734755.432710129] [localization_error]: now[200] 0.217 m / 1.42 deg  |  session[n=335] mean 0.258 p95 0.471 max 0.788 m, heading mean 0.97 max 5.54 deg
[log_localization-8] [INFO] [1789734755.807209699] [log_localization]:   19.9 s    58.0 m  err 0.052 m (along +0.052 cross -0.006) yaw  +0.03 deg  m->o yaw  +0.02 deg | fit true 0.006 est 0.006 (x0.85)  enc/true 1.022  dr_err 0.66 m
[localization_error-7] [INFO] [1789734760.431918826] [localization_error]: now[200] 0.264 m / 1.62 deg  |  session[n=435] mean 0.254 p95 0.439 max 0.788 m, heading mean 1.13 max 5.54 deg
[log_localization-8] [INFO] [1789734760.806767408] [log_localization]:   24.9 s    80.1 m  err 0.068 m (along -0.062 cross +0.029) yaw  -0.67 deg  m->o yaw  -0.77 deg | fit true 0.009 est 0.052 (x5.70)  enc/true 1.019  dr_err 0.36 m
[pure_pursuit-10] [INFO] [1789734762.419425488] [pure_pursuit]: lap 2: 8.95 s
[localization_error-7] [INFO] [1789734765.432210675] [localization_error]: now[200] 0.294 m / 1.44 deg  |  session[n=535] mean 0.272 p95 0.576 max 0.817 m, heading mean 1.14 max 5.54 deg
[log_localization-8] [INFO] [1789734765.808911333] [log_localization]:   30.0 s   105.1 m  err 0.054 m (along -0.045 cross +0.029) yaw  -1.67 deg  m->o yaw  -0.21 deg | fit true 0.038 est 0.017 (x0.45)  enc/true 1.019  dr_err 0.89 m
[localization_error-7] [INFO] [1789734770.433053061] [localization_error]: now[200] 0.281 m / 1.60 deg  |  session[n=635] mean 0.263 p95 0.557 max 0.817 m, heading mean 1.28 max 6.57 deg
[log_localization-8] [INFO] [1789734770.806942944] [log_localization]:   35.0 s   127.5 m  err 0.029 m (along -0.025 cross -0.016) yaw  -0.95 deg  m->o yaw  -0.92 deg | fit true 0.032 est 0.009 (x0.29)  enc/true 1.019  dr_err 0.50 m
[pure_pursuit-10] [INFO] [1789734771.367087595] [pure_pursuit]: lap 3: 8.95 s
[localization_error-7] [INFO] [1789734775.432515291] [localization_error]: now[200] 0.274 m / 1.80 deg  |  session[n=735] mean 0.272 p95 0.576 max 0.817 m, heading mean 1.32 max 6.57 deg
[log_localization-8] [INFO] [1789734775.806958977] [log_localization]:   39.9 s   151.7 m  err 0.063 m (along +0.062 cross -0.007) yaw  -0.77 deg  m->o yaw  -0.79 deg | fit true 0.003 est 0.011 (x3.78)  enc/true 1.021  dr_err 1.11 m
[pure_pursuit-10] [INFO] [1789734780.341417738] [pure_pursuit]: lap 4: 8.98 s
[localization_error-7] [INFO] [1789734780.433756000] [localization_error]: now[200] 0.275 m / 1.60 deg  |  session[n=835] mean 0.266 p95 0.565 max 0.817 m, heading mean 1.35 max 6.57 deg
[log_localization-8] [INFO] [1789734780.806575365] [log_localization]:   44.9 s   173.6 m  err 0.179 m (along +0.178 cross +0.025) yaw  +0.30 deg  m->o yaw  +0.07 deg | fit true 0.022 est 0.014 (x0.65)  enc/true 1.021  dr_err 1.08 m
[localization_error-7] [INFO] [1789734785.432211471] [localization_error]: now[200] 0.271 m / 1.46 deg  |  session[n=935] mean 0.272 p95 0.600 max 0.844 m, heading mean 1.35 max 6.57 deg
[log_localization-8] [INFO] [1789734785.807674670] [log_localization]:   50.0 s   199.4 m  err 0.100 m (along +0.097 cross +0.022) yaw  -0.78 deg  m->o yaw  -0.84 deg | fit true 0.011 est 0.025 (x2.33)  enc/true 1.021  dr_err 1.05 m
[pure_pursuit-10] [INFO] [1789734789.285093466] [pure_pursuit]: lap 5: 8.94 s
[localization_error-7] [INFO] [1789734790.433441171] [localization_error]: now[200] 0.287 m / 1.41 deg  |  session[n=1035] mean 0.270 p95 0.584 max 0.844 m, heading mean 1.36 max 6.57 deg
[log_localization-8] [INFO] [1789734790.806596032] [log_localization]:   54.9 s   224.1 m  err 0.199 m (along +0.197 cross +0.031) yaw  +0.46 deg  m->o yaw  +0.51 deg | fit true 0.013 est 0.012 (x0.94)  enc/true 1.023  dr_err 1.25 m
[localization_error-7] [INFO] [1789734795.432132613] [localization_error]: now[200] 0.274 m / 1.55 deg  |  session[n=1135] mean 0.272 p95 0.595 max 0.844 m, heading mean 1.39 max 6.57 deg
[log_localization-8] [INFO] [1789734795.806621634] [log_localization]:   59.9 s   248.9 m  err 0.066 m (along +0.060 cross +0.029) yaw  +1.56 deg  m->o yaw  +1.80 deg | fit true 0.006 est 0.027 (x4.38)  enc/true 1.022  dr_err 1.01 m
[pure_pursuit-10] [INFO] [1789734798.279908779] [pure_pursuit]: lap 6: 8.98 s
[localization_error-7] [INFO] [1789734800.432386841] [localization_error]: now[200] 0.296 m / 1.49 deg  |  session[n=1235] mean 0.274 p95 0.594 max 0.844 m, heading mean 1.38 max 6.57 deg
[log_localization-8] [INFO] [1789734800.807031272] [log_localization]:   65.0 s   275.5 m  err 0.143 m (along -0.143 cross -0.000) yaw  -0.06 deg  m->o yaw  -0.18 deg | fit true 0.002 est 0.004 (x1.98)  enc/true 1.021  dr_err 1.61 m
[localization_error-7] [INFO] [1789734805.432263124] [localization_error]: now[200] 0.248 m / 1.45 deg  |  session[n=1335] mean 0.269 p95 0.578 max 0.844 m, heading mean 1.40 max 6.57 deg
[log_localization-8] [INFO] [1789734805.809270745] [log_localization]:   70.0 s   297.3 m  err 0.037 m (along -0.025 cross +0.027) yaw  -1.41 deg  m->o yaw  -1.23 deg | fit true 0.025 est 0.022 (x0.87)  enc/true 1.021  dr_err 1.30 m
[pure_pursuit-10] [INFO] [1789734807.223002299] [pure_pursuit]: lap 7: 8.94 s
[localization_error-7] [INFO] [1789734810.432951272] [localization_error]: now[200] 0.248 m / 1.43 deg  |  session[n=1435] mean 0.270 p95 0.576 max 0.844 m, heading mean 1.39 max 6.57 deg
[log_localization-8] [INFO] [1789734810.808385216] [log_localization]:   75.0 s   321.9 m  err 0.058 m (along +0.045 cross +0.036) yaw  +1.03 deg  m->o yaw  +0.02 deg | fit true 0.003 est 0.014 (x5.34)  enc/true 1.021  dr_err 1.69 m
[localization_error-7] [INFO] [1789734815.432763755] [localization_error]: now[200] 0.261 m / 1.56 deg  |  session[n=1535] mean 0.268 p95 0.570 max 0.844 m, heading mean 1.42 max 6.57 deg
[log_localization-8] [INFO] [1789734815.806767420] [log_localization]:   79.9 s   344.5 m  err 0.071 m (along -0.065 cross +0.029) yaw  -0.95 deg  m->o yaw  -0.67 deg | fit true 0.035 est 0.024 (x0.68)  enc/true 1.020  dr_err 1.30 m
[pure_pursuit-10] [INFO] [1789734816.233434686] [pure_pursuit]: lap 8: 9.01 s
[localization_error-7] [INFO] [1789734820.432479428] [localization_error]: now[200] 0.252 m / 1.69 deg  |  session[n=1635] mean 0.268 p95 0.568 max 0.844 m, heading mean 1.43 max 6.61 deg
[log_localization-8] [INFO] [1789734820.807074577] [log_localization]:   84.9 s   369.1 m  err 0.078 m (along -0.078 cross -0.001) yaw  -1.31 deg  m->o yaw  -0.54 deg | fit true 0.009 est 0.012 (x1.38)  enc/true 1.021  dr_err 1.61 m
[pure_pursuit-10] [INFO] [1789734825.166928932] [pure_pursuit]: lap 9: 8.94 s
[localization_error-7] [INFO] [1789734825.432707688] [localization_error]: now[200] 0.241 m / 1.62 deg  |  session[n=1735] mean 0.265 p95 0.565 max 0.844 m, heading mean 1.44 max 6.61 deg
[log_localization-8] [INFO] [1789734825.807596715] [log_localization]:   90.0 s   391.1 m  err 0.312 m (along +0.312 cross +0.005) yaw  +0.05 deg  m->o yaw  -0.12 deg | fit true 0.014 est 0.012 (x0.88)  enc/true 1.021  dr_err 1.64 m
[localization_error-7] [INFO] [1789734830.432482191] [localization_error]: now[200] 0.275 m / 1.50 deg  |  session[n=1835] mean 0.269 p95 0.570 max 0.912 m, heading mean 1.43 max 6.61 deg
[log_localization-8] [INFO] [1789734830.806948339] [log_localization]:   94.9 s   416.8 m  err 0.081 m (along +0.077 cross -0.024) yaw  -1.01 deg  m->o yaw  -1.40 deg | fit true 0.012 est 0.020 (x1.76)  enc/true 1.021  dr_err 1.48 m
[pure_pursuit-10] [INFO] [1789734834.112853185] [pure_pursuit]: lap 10: 8.93 s
[localization_error-7] [INFO] [1789734835.432182136] [localization_error]: now[200] 0.311 m / 1.38 deg  |  session[n=1935] mean 0.269 p95 0.574 max 0.912 m, heading mean 1.44 max 6.61 deg
[log_localization-8] [INFO] [1789734835.806729386] [log_localization]:  100.0 s   442.3 m  err 0.258 m (along +0.257 cross +0.019) yaw  -0.82 deg  m->o yaw  -0.10 deg | fit true 0.013 est 0.007 (x0.55)  enc/true 1.022  dr_err 1.79 m
[localization_error-7] [INFO] [1789734840.433769763] [localization_error]: now[200] 0.298 m / 1.56 deg  |  session[n=2035] mean 0.272 p95 0.580 max 0.936 m, heading mean 1.45 max 6.61 deg
[log_localization-8] [INFO] [1789734840.807992016] [log_localization]:  105.0 s   466.5 m  err 0.009 m (along +0.003 cross +0.008) yaw  -0.28 deg  m->o yaw  +0.36 deg | fit true 0.017 est 0.020 (x1.16)  enc/true 1.021  dr_err 1.37 m
[pure_pursuit-10] [INFO] [1789734843.137140390] [pure_pursuit]: lap 11: 9.02 s
[localization_error-7] [INFO] [1789734845.432173848] [localization_error]: now[200] 0.326 m / 1.47 deg  |  session[n=2135] mean 0.275 p95 0.594 max 0.936 m, heading mean 1.44 max 6.61 deg
[log_localization-8] [INFO] [1789734845.807568449] [log_localization]:  110.0 s   492.7 m  err 0.134 m (along +0.133 cross -0.017) yaw  +0.32 deg  m->o yaw  +0.02 deg | fit true 0.004 est 0.008 (x1.94)  enc/true 1.021  dr_err 1.97 m
[localization_error-7] [INFO] [1789734850.433043344] [localization_error]: now[200] 0.286 m / 1.51 deg  |  session[n=2235] mean 0.273 p95 0.587 max 0.936 m, heading mean 1.45 max 6.61 deg
[log_localization-8] [INFO] [1789734850.807931600] [log_localization]:  115.0 s   514.4 m  err 0.127 m (along +0.127 cross +0.008) yaw  -0.56 deg  m->o yaw  -1.28 deg | fit true 0.011 est 0.005 (x0.49)  enc/true 1.021  dr_err 1.42 m
[pure_pursuit-10] [INFO] [1789734852.088125797] [pure_pursuit]: lap 12: 8.94 s
[localization_error-7] [INFO] [1789734855.434697425] [localization_error]: now[200] 0.266 m / 1.63 deg  |  session[n=2335] mean 0.274 p95 0.595 max 0.936 m, heading mean 1.46 max 6.61 deg
[log_localization-8] [INFO] [1789734855.807643977] [log_localization]:  120.0 s   539.0 m  err 0.093 m (along +0.087 cross +0.034) yaw  +0.88 deg  m->o yaw  -0.08 deg | fit true 0.002 est 0.010 (x4.38)  enc/true 1.021  dr_err 1.81 m
[localization_error-7] [INFO] [1789734860.433929536] [localization_error]: now[200] 0.262 m / 1.55 deg  |  session[n=2435] mean 0.272 p95 0.588 max 0.936 m, heading mean 1.46 max 6.61 deg
[log_localization-8] [INFO] [1789734860.807169656] [log_localization]:  125.0 s   561.5 m  err 0.033 m (along -0.021 cross +0.025) yaw  -1.35 deg  m->o yaw  -0.40 deg | fit true 0.044 est 0.028 (x0.64)  enc/true 1.021  dr_err 1.54 m
[pure_pursuit-10] [INFO] [1789734861.027964163] [pure_pursuit]: lap 13: 8.96 s
[localization_error-7] [INFO] [1789734865.433175512] [localization_error]: now[200] 0.310 m / 1.57 deg  |  session[n=2535] mean 0.277 p95 0.604 max 0.936 m, heading mean 1.46 max 6.61 deg
[log_localization-8] [INFO] [1789734865.806691187] [log_localization]:  129.9 s   586.3 m  err 0.025 m (along -0.023 cross +0.009) yaw  -0.88 deg  m->o yaw  -0.96 deg | fit true 0.008 est 0.013 (x1.74)  enc/true 1.021  dr_err 1.89 m
[pure_pursuit-10] [INFO] [1789734869.958502151] [pure_pursuit]: lap 14: 8.94 s
[localization_error-7] [INFO] [1789734870.432933084] [localization_error]: now[200] 0.302 m / 1.68 deg  |  session[n=2635] mean 0.274 p95 0.598 max 0.936 m, heading mean 1.48 max 6.61 deg
[log_localization-8] [INFO] [1789734870.806652058] [log_localization]:  134.9 s   608.8 m  err 0.370 m (along +0.370 cross -0.010) yaw  +0.06 deg  m->o yaw  +0.11 deg | fit true 0.013 est 0.003 (x0.21)  enc/true 1.021  dr_err 2.08 m
[localization_error-7] [INFO] [1789734875.433415448] [localization_error]: now[200] 0.293 m / 1.60 deg  |  session[n=2735] mean 0.278 p95 0.609 max 0.947 m, heading mean 1.47 max 7.02 deg
[log_localization-8] [INFO] [1789734875.807939133] [log_localization]:  140.0 s   634.5 m  err 0.108 m (along +0.098 cross -0.046) yaw  -0.77 deg  m->o yaw  -0.83 deg | fit true 0.028 est 0.024 (x0.86)  enc/true 1.021  dr_err 1.95 m
[pure_pursuit-10] [INFO] [1789734878.918982098] [pure_pursuit]: lap 15: 8.95 s
[localization_error-7] [INFO] [1789734880.432320368] [localization_error]: now[200] 0.335 m / 1.57 deg  |  session[n=2835] mean 0.278 p95 0.609 max 0.947 m, heading mean 1.48 max 7.02 deg
[log_localization-8] [INFO] [1789734880.806493940] [log_localization]:  144.9 s   660.7 m  err 0.438 m (along +0.438 cross +0.005) yaw  +0.96 deg  m->o yaw  +0.12 deg | fit true 0.012 est 0.017 (x1.43)  enc/true 1.022  dr_err 2.35 m
[localization_error-7] [INFO] [1789734885.432271591] [localization_error]: now[200] 0.315 m / 1.59 deg  |  session[n=2935] mean 0.281 p95 0.609 max 0.947 m, heading mean 1.48 max 7.02 deg
[log_localization-8] [INFO] [1789734885.808466916] [log_localization]:  150.0 s   684.0 m  err 0.062 m (along -0.062 cross +0.004) yaw  +0.23 deg  m->o yaw  +0.30 deg | fit true 0.000 est 0.010 (x32.90)  enc/true 1.021  dr_err 1.97 m
[pure_pursuit-10] [INFO] [1789734887.888444378] [pure_pursuit]: lap 16: 8.97 s
[localization_error-7] [INFO] [1789734890.433340360] [localization_error]: now[200] 0.321 m / 1.43 deg  |  session[n=3035] mean 0.281 p95 0.611 max 0.947 m, heading mean 1.48 max 7.02 deg
[log_localization-8] [INFO] [1789734890.807176231] [log_localization]:  155.0 s   709.7 m  err 0.005 m (along -0.005 cross +0.001) yaw  +0.59 deg  m->o yaw  +0.29 deg | fit true 0.003 est 0.003 (x1.22)  enc/true 1.021  dr_err 2.55 m
[localization_error-7] [INFO] [1789734895.433103772] [localization_error]: now[200] 0.274 m / 1.62 deg  |  session[n=3135] mean 0.280 p95 0.609 max 0.947 m, heading mean 1.49 max 7.02 deg
[log_localization-8] [INFO] [1789734895.807093040] [log_localization]:  159.9 s   731.6 m  err 0.116 m (along +0.116 cross -0.009) yaw  -0.88 deg  m->o yaw  -0.70 deg | fit true 0.022 est 0.020 (x0.90)  enc/true 1.021  dr_err 2.03 m
[pure_pursuit-10] [INFO] [1789734896.852600855] [pure_pursuit]: lap 17: 8.97 s
[localization_error-7] [INFO] [1789734900.432256174] [localization_error]: now[200] 0.284 m / 1.60 deg  |  session[n=3235] mean 0.281 p95 0.614 max 0.947 m, heading mean 1.49 max 7.02 deg
[log_localization-8] [INFO] [1789734900.806977067] [log_localization]:  165.0 s   755.8 m  err 0.079 m (along +0.077 cross +0.019) yaw  +0.20 deg  m->o yaw  +0.01 deg | fit true 0.002 est 0.012 (x7.14)  enc/true 1.021  dr_err 2.39 m
[localization_error-7] [INFO] [1789734905.432614306] [localization_error]: now[200] 0.265 m / 1.37 deg  |  session[n=3335] mean 0.279 p95 0.610 max 0.947 m, heading mean 1.48 max 7.02 deg
[pure_pursuit-10] [INFO] [1789734905.782651635] [pure_pursuit]: lap 18: 8.92 s
[log_localization-8] [INFO] [1789734905.807009662] [log_localization]:  169.9 s   777.9 m  err 0.046 m (along +0.027 cross +0.037) yaw  -0.41 deg  m->o yaw  -0.70 deg | fit true 0.016 est 0.025 (x1.52)  enc/true 1.021  dr_err 2.27 m
[localization_error-7] [INFO] [1789734910.433112429] [localization_error]: now[200] 0.243 m / 1.42 deg  |  session[n=3435] mean 0.279 p95 0.609 max 0.947 m, heading mean 1.48 max 7.02 deg
[log_localization-8] [INFO] [1789734910.808516628] [log_localization]:  175.0 s   803.2 m  err 0.024 m (along +0.020 cross +0.012) yaw  +0.45 deg  m->o yaw  -0.35 deg | fit true 0.041 est 0.045 (x1.10)  enc/true 1.021  dr_err 2.45 m
[pure_pursuit-10] [INFO] [1789734914.747325679] [pure_pursuit]: lap 19: 8.98 s
[localization_error-7] [INFO] [1789734915.433143932] [localization_error]: now[200] 0.246 m / 1.60 deg  |  session[n=3535] mean 0.277 p95 0.605 max 0.947 m, heading mean 1.49 max 7.02 deg
[log_localization-8] [INFO] [1789734915.806504256] [log_localization]:  179.9 s   826.3 m  err 0.262 m (along +0.262 cross +0.002) yaw  +1.02 deg  m->o yaw  +1.04 deg | fit true 0.013 est 0.013 (x1.04)  enc/true 1.022  dr_err 2.73 m
[localization_error-7] [INFO] [1789734920.433794880] [localization_error]: now[200] 0.269 m / 1.58 deg  |  session[n=3635] mean 0.279 p95 0.605 max 0.947 m, heading mean 1.49 max 7.02 deg
[log_localization-8] [INFO] [1789734920.807314853] [log_localization]:  184.9 s   852.0 m  err 0.189 m (along +0.188 cross -0.015) yaw  +1.02 deg  m->o yaw  +1.24 deg | fit true 0.006 est 0.026 (x4.40)  enc/true 1.021  dr_err 2.58 m
[pure_pursuit-10] [INFO] [1789734923.741966546] [pure_pursuit]: lap 20: 8.97 s
[localization_error-7] [INFO] [1789734925.432480461] [localization_error]: now[200] 0.322 m / 1.57 deg  |  session[n=3735] mean 0.280 p95 0.610 max 0.947 m, heading mean 1.50 max 7.02 deg
[log_localization-8] [INFO] [1789734925.806894723] [log_localization]:  189.9 s   878.3 m  err 0.256 m (along +0.256 cross -0.010) yaw  -0.22 deg  m->o yaw  -0.11 deg | fit true 0.009 est 0.015 (x1.65)  enc/true 1.022  dr_err 3.13 m
[localization_error-7] [INFO] [1789734930.434494182] [localization_error]: now[200] 0.313 m / 1.69 deg  |  session[n=3835] mean 0.280 p95 0.609 max 0.947 m, heading mean 1.50 max 7.02 deg
[log_localization-8] [INFO] [1789734930.808234746] [log_localization]:  195.0 s   901.2 m  err 0.089 m (along -0.086 cross +0.021) yaw  -0.44 deg  m->o yaw  -0.33 deg | fit true 0.007 est 0.026 (x3.92)  enc/true 1.021  dr_err 2.68 m
[pure_pursuit-10] [INFO] [1789734932.677349957] [pure_pursuit]: lap 21: 8.94 s
[localization_error-7] [INFO] [1789734935.432864765] [localization_error]: now[200] 0.309 m / 1.49 deg  |  session[n=3935] mean 0.281 p95 0.611 max 0.947 m, heading mean 1.50 max 7.02 deg
[log_localization-8] [INFO] [1789734935.806754548] [log_localization]:  199.9 s   926.6 m  err 0.054 m (along -0.050 cross +0.019) yaw  +0.44 deg  m->o yaw  +0.82 deg | fit true 0.026 est 0.017 (x0.64)  enc/true 1.021  dr_err 3.25 m
[localization_error-7] [INFO] [1789734940.432913390] [localization_error]: now[200] 0.278 m / 1.64 deg  |  session[n=4035] mean 0.280 p95 0.609 max 0.947 m, heading mean 1.51 max 7.02 deg
[log_localization-8] [INFO] [1789734940.808241817] [log_localization]:  205.0 s   948.7 m  err 0.024 m (along +0.009 cross -0.022) yaw  -1.20 deg  m->o yaw  -1.00 deg | fit true 0.016 est 0.004 (x0.26)  enc/true 1.021  dr_err 2.86 m
[pure_pursuit-10] [INFO] [1789734941.637609262] [pure_pursuit]: lap 22: 8.96 s
[localization_error-7] [INFO] [1789734945.432601622] [localization_error]: now[200] 0.263 m / 1.63 deg  |  session[n=4135] mean 0.280 p95 0.609 max 0.947 m, heading mean 1.50 max 7.02 deg
[log_localization-8] [INFO] [1789734945.807090001] [log_localization]:  210.0 s   972.8 m  err 0.070 m (along +0.069 cross +0.008) yaw  -0.69 deg  m->o yaw  -0.74 deg | fit true 0.001 est 0.010 (x9.18)  enc/true 1.021  dr_err 3.25 m
[localization_error-7] [INFO] [1789734950.433594158] [localization_error]: now[200] 0.243 m / 1.39 deg  |  session[n=4235] mean 0.278 p95 0.605 max 0.947 m, heading mean 1.50 max 7.02 deg
[pure_pursuit-10] [INFO] [1789734950.563431710] [pure_pursuit]: lap 23: 8.93 s
[log_localization-8] [INFO] [1789734950.806788001] [log_localization]:  214.9 s   994.8 m  err 0.093 m (along +0.088 cross +0.029) yaw  -0.20 deg  m->o yaw  +0.05 deg | fit true 0.020 est 0.022 (x1.10)  enc/true 1.021  dr_err 3.23 m
[localization_error-7] [INFO] [1789734955.432551196] [localization_error]: now[200] 0.318 m / 1.47 deg  |  session[n=4335] mean 0.282 p95 0.619 max 0.947 m, heading mean 1.50 max 7.02 deg
[log_localization-8] [INFO] [1789734955.806350600] [log_localization]:  219.9 s  1020.2 m  err 0.028 m (along +0.005 cross +0.028) yaw  +0.40 deg  m->o yaw  +0.28 deg | fit true 0.012 est 0.040 (x3.40)  enc/true 1.021  dr_err 3.48 m
[pure_pursuit-10] [INFO] [1789734959.539324501] [pure_pursuit]: lap 24: 8.98 s
[localization_error-7] [INFO] [1789734960.433615877] [localization_error]: now[200] 0.339 m / 1.60 deg  |  session[n=4435] mean 0.281 p95 0.615 max 0.947 m, heading mean 1.51 max 7.02 deg
[log_localization-8] [INFO] [1789734960.808242334] [log_localization]:  224.9 s  1043.9 m  err 0.328 m (along +0.327 cross +0.023) yaw  +1.09 deg  m->o yaw  +0.91 deg | fit true 0.014 est 0.015 (x1.13)  enc/true 1.022  dr_err 3.77 m
[localization_error-7] [INFO] [1789734965.432723886] [localization_error]: now[200] 0.286 m / 1.65 deg  |  session[n=4535] mean 0.282 p95 0.620 max 0.947 m, heading mean 1.51 max 7.02 deg
[log_localization-8] [INFO] [1789734965.806620241] [log_localization]:  229.9 s  1069.3 m  err 0.017 m (along -0.003 cross +0.017) yaw  +2.02 deg  m->o yaw  +1.79 deg | fit true 0.004 est 0.037 (x8.54)  enc/true 1.021  dr_err 3.43 m
[pure_pursuit-10] [INFO] [1789734968.539472025] [pure_pursuit]: lap 25: 8.99 s
[localization_error-7] [INFO] [1789734970.433071298] [localization_error]: now[200] 0.325 m / 1.50 deg  |  session[n=4635] mean 0.283 p95 0.624 max 0.947 m, heading mean 1.51 max 7.02 deg
[log_localization-8] [INFO] [1789734970.807928917] [log_localization]:  234.9 s  1095.9 m  err 0.231 m (along +0.231 cross -0.012) yaw  -1.53 deg  m->o yaw  -0.73 deg | fit true 0.008 est 0.017 (x2.13)  enc/true 1.021  dr_err 3.93 m
[localization_error-7] [INFO] [1789734975.432670935] [localization_error]: now[200] 0.310 m / 1.48 deg  |  session[n=4735] mean 0.283 p95 0.623 max 0.947 m, heading mean 1.51 max 7.02 deg
[log_localization-8] [INFO] [1789734975.809928062] [log_localization]:  240.0 s  1118.1 m  err 0.083 m (along -0.080 cross +0.023) yaw  -1.47 deg  m->o yaw  -1.07 deg | fit true 0.028 est 0.037 (x1.30)  enc/true 1.021  dr_err 3.61 m
[pure_pursuit-10] [INFO] [1789734977.436884216] [pure_pursuit]: lap 26: 8.92 s
[localization_error-7] [INFO] [1789734980.432625985] [localization_error]: now[200] 0.302 m / 1.45 deg  |  session[n=4835] mean 0.284 p95 0.623 max 0.947 m, heading mean 1.50 max 7.08 deg
[log_localization-8] [INFO] [1789734980.807335898] [log_localization]:  245.0 s  1143.2 m  err 0.042 m (along -0.030 cross +0.029) yaw  -2.15 deg  m->o yaw  -1.78 deg | fit true 0.035 est 0.010 (x0.27)  enc/true 1.021  dr_err 4.10 m
[localization_error-7] [INFO] [1789734985.433146090] [localization_error]: now[200] 0.253 m / 1.54 deg  |  session[n=4935] mean 0.282 p95 0.623 max 0.947 m, heading mean 1.51 max 7.08 deg
[log_localization-8] [INFO] [1789734985.808129723] [log_localization]:  250.0 s  1165.6 m  err 0.043 m (along -0.042 cross +0.012) yaw  -0.50 deg  m->o yaw  -0.53 deg | fit true 0.027 est 0.020 (x0.74)  enc/true 1.021  dr_err 3.71 m
[pure_pursuit-10] [INFO] [1789734986.385884679] [pure_pursuit]: lap 27: 8.95 s
[localization_error-7] [INFO] [1789734990.434010516] [localization_error]: now[200] 0.224 m / 1.59 deg  |  session[n=5035] mean 0.282 p95 0.620 max 0.947 m, heading mean 1.51 max 7.08 deg
[log_localization-8] [INFO] [1789734990.806490388] [log_localization]:  254.9 s  1190.2 m  err 0.006 m (along -0.006 cross +0.002) yaw  -0.48 deg  m->o yaw  -0.30 deg | fit true 0.007 est 0.005 (x0.71)  enc/true 1.021  dr_err 3.95 m
[pure_pursuit-10] [INFO] [1789734995.348133917] [pure_pursuit]: lap 28: 8.94 s
[localization_error-7] [INFO] [1789734995.432511433] [localization_error]: now[200] 0.230 m / 1.46 deg  |  session[n=5135] mean 0.280 p95 0.618 max 0.947 m, heading mean 1.51 max 7.08 deg
[log_localization-8] [INFO] [1789734995.806854832] [log_localization]:  259.9 s  1211.9 m  err 0.114 m (along +0.111 cross +0.024) yaw  +0.33 deg  m->o yaw  +0.33 deg | fit true 0.021 est 0.005 (x0.26)  enc/true 1.021  dr_err 4.01 m
[localization_error-7] [INFO] [1789735000.433323382] [localization_error]: now[200] 0.265 m / 1.48 deg  |  session[n=5235] mean 0.281 p95 0.615 max 0.947 m, heading mean 1.51 max 7.08 deg
[log_localization-8] [INFO] [1789735000.806480677] [log_localization]:  264.9 s  1237.9 m  err 0.072 m (along +0.071 cross +0.014) yaw  -0.76 deg  m->o yaw  -0.80 deg | fit true 0.007 est 0.013 (x1.95)  enc/true 1.021  dr_err 3.80 m
[pure_pursuit-10] [INFO] [1789735004.319594857] [pure_pursuit]: lap 29: 8.98 s
[localization_error-7] [INFO] [1789735005.433065614] [localization_error]: now[200] 0.286 m / 1.54 deg  |  session[n=5335] mean 0.280 p95 0.613 max 0.947 m, heading mean 1.51 max 7.08 deg
[log_localization-8] [INFO] [1789735005.806570088] [log_localization]:  269.9 s  1262.8 m  err 0.411 m (along +0.411 cross +0.023) yaw  +0.19 deg  m->o yaw  +0.10 deg | fit true 0.013 est 0.009 (x0.73)  enc/true 1.022  dr_err 4.25 m
[localization_error-7] [INFO] [1789735010.434306444] [localization_error]: now[200] 0.299 m / 1.58 deg  |  session[n=5435] mean 0.282 p95 0.618 max 0.947 m, heading mean 1.51 max 7.08 deg
[log_localization-8] [INFO] [1789735010.806555975] [log_localization]:  274.9 s  1287.3 m  err 0.068 m (along +0.060 cross +0.033) yaw  +1.16 deg  m->o yaw  +1.01 deg | fit true 0.003 est 0.025 (x9.47)  enc/true 1.021  dr_err 3.84 m
[pure_pursuit-10] [INFO] [1789735013.343313078] [pure_pursuit]: lap 30: 9.03 s
[localization_error-7] [INFO] [1789735015.434987729] [localization_error]: now[200] 0.331 m / 1.46 deg  |  session[n=5535] mean 0.282 p95 0.620 max 0.947 m, heading mean 1.51 max 7.08 deg
[log_localization-8] [INFO] [1789735015.807503768] [log_localization]:  280.0 s  1314.0 m  err 0.289 m (along -0.289 cross -0.003) yaw  -0.26 deg  m->o yaw  +0.01 deg | fit true 0.003 est 0.033 (x10.27)  enc/true 1.021  dr_err 4.22 m
[localization_error-7] [INFO] [1789735020.434585672] [localization_error]: now[200] 0.286 m / 1.50 deg  |  session[n=5635] mean 0.282 p95 0.618 max 0.947 m, heading mean 1.51 max 7.08 deg
[log_localization-8] [INFO] [1789735020.807113073] [log_localization]:  284.9 s  1335.9 m  err 0.029 m (along -0.026 cross +0.012) yaw  -0.89 deg  m->o yaw  -1.22 deg | fit true 0.012 est 0.014 (x1.17)  enc/true 1.021  dr_err 3.79 m
[pure_pursuit-10] [INFO] [1789735022.382146087] [pure_pursuit]: lap 31: 9.02 s
[localization_error-7] [INFO] [1789735025.433445789] [localization_error]: now[200] 0.302 m / 1.51 deg  |  session[n=5735] mean 0.283 p95 0.623 max 0.947 m, heading mean 1.51 max 7.08 deg
[log_localization-8] [INFO] [1789735025.806990528] [log_localization]:  290.0 s  1360.8 m  err 0.035 m (along +0.009 cross +0.034) yaw  -0.53 deg  m->o yaw  -0.85 deg | fit true 0.073 est 0.067 (x0.92)  enc/true 1.021  dr_err 4.25 m
[localization_error-7] [INFO] [1789735030.432879496] [localization_error]: now[200] 0.277 m / 1.48 deg  |  session[n=5835] mean 0.282 p95 0.622 max 0.947 m, heading mean 1.51 max 7.08 deg
[log_localization-8] [INFO] [1789735030.809116058] [log_localization]:  295.0 s  1383.2 m  err 0.029 m (along -0.026 cross +0.011) yaw  +0.24 deg  m->o yaw  +0.06 deg | fit true 0.012 est 0.015 (x1.23)  enc/true 1.021  dr_err 3.86 m
[pure_pursuit-10] [INFO] [1789735031.343567030] [pure_pursuit]: lap 32: 8.98 s
[localization_error-7] [INFO] [1789735035.435788438] [localization_error]: now[200] 0.222 m / 1.44 deg  |  session[n=5935] mean 0.281 p95 0.620 max 0.947 m, heading mean 1.50 max 7.08 deg
[log_localization-8] [INFO] [1789735035.807291737] [log_localization]:  300.0 s  1407.8 m  err 0.042 m (along -0.042 cross -0.000) yaw  -1.14 deg  m->o yaw  -0.89 deg | fit true 0.038 est 0.023 (x0.60)  enc/true 1.021  dr_err 4.16 m
[pure_pursuit-10] [INFO] [1789735040.317323944] [pure_pursuit]: lap 33: 8.96 s
[localization_error-7] [INFO] [1789735040.432961236] [localization_error]: now[200] 0.213 m / 1.53 deg  |  session[n=6035] mean 0.279 p95 0.618 max 0.947 m, heading mean 1.51 max 7.08 deg
[log_localization-8] [INFO] [1789735040.806580554] [log_localization]:  304.9 s  1429.5 m  err 0.194 m (along +0.193 cross +0.023) yaw  -0.14 deg  m->o yaw  -0.40 deg | fit true 0.020 est 0.006 (x0.31)  enc/true 1.021  dr_err 4.31 m
[localization_error-7] [INFO] [1789735045.435140346] [localization_error]: now[200] 0.275 m / 1.52 deg  |  session[n=6135] mean 0.281 p95 0.621 max 0.947 m, heading mean 1.50 max 7.08 deg
[log_localization-8] [INFO] [1789735045.807905079] [log_localization]:  310.0 s  1455.4 m  err 0.090 m (along +0.089 cross +0.015) yaw  -0.76 deg  m->o yaw  -1.01 deg | fit true 0.008 est 0.024 (x3.02)  enc/true 1.021  dr_err 4.38 m
[pure_pursuit-10] [INFO] [1789735049.250132149] [pure_pursuit]: lap 34: 8.95 s
[localization_error-7] [INFO] [1789735050.432576656] [localization_error]: now[200] 0.305 m / 1.43 deg  |  session[n=6235] mean 0.280 p95 0.620 max 0.947 m, heading mean 1.51 max 7.08 deg
[log_localization-8] [INFO] [1789735050.807000395] [log_localization]:  315.0 s  1480.1 m  err 0.315 m (along +0.315 cross +0.017) yaw  -0.02 deg  m->o yaw  -0.17 deg | fit true 0.014 est 0.003 (x0.19)  enc/true 1.022  dr_err 4.72 m
[localization_error-7] [INFO] [1789735055.433038601] [localization_error]: now[200] 0.286 m / 1.54 deg  |  session[n=6335] mean 0.281 p95 0.620 max 0.947 m, heading mean 1.50 max 7.08 deg
[log_localization-8] [INFO] [1789735055.806453177] [log_localization]:  319.9 s  1504.8 m  err 0.102 m (along +0.064 cross +0.079) yaw  +2.12 deg  m->o yaw  +2.41 deg | fit true 0.068 est 0.076 (x1.12)  enc/true 1.021  dr_err 4.37 m
[pure_pursuit-10] [INFO] [1789735058.218561300] [pure_pursuit]: lap 35: 8.97 s
[localization_error-7] [INFO] [1789735060.433827377] [localization_error]: now[200] 0.318 m / 1.41 deg  |  session[n=6435] mean 0.281 p95 0.620 max 0.947 m, heading mean 1.50 max 7.08 deg
[log_localization-8] [INFO] [1789735060.808131974] [log_localization]:  325.0 s  1531.3 m  err 0.070 m (along -0.070 cross +0.000) yaw  -0.04 deg  m->o yaw  -0.00 deg | fit true 0.002 est 0.005 (x3.26)  enc/true 1.021  dr_err 4.78 m
[localization_error-7] [INFO] [1789735065.435304317] [localization_error]: now[200] 0.261 m / 1.54 deg  |  session[n=6535] mean 0.280 p95 0.618 max 0.947 m, heading mean 1.51 max 7.08 deg
[log_localization-8] [INFO] [1789735065.806838293] [log_localization]:  330.0 s  1553.0 m  err 0.025 m (along -0.023 cross +0.008) yaw  -1.77 deg  m->o yaw  -1.61 deg | fit true 0.010 est 0.008 (x0.87)  enc/true 1.021  dr_err 4.38 m
[pure_pursuit-10] [INFO] [1789735067.252774478] [pure_pursuit]: lap 36: 9.01 s
[localization_error-7] [INFO] [1789735070.432593923] [localization_error]: now[200] 0.257 m / 1.55 deg  |  session[n=6635] mean 0.281 p95 0.618 max 0.947 m, heading mean 1.50 max 7.08 deg
[log_localization-8] [INFO] [1789735070.806972308] [log_localization]:  335.0 s  1577.7 m  err 0.031 m (along -0.016 cross +0.027) yaw  -4.47 deg  m->o yaw  -1.27 deg | fit true 0.028 est 0.018 (x0.65)  enc/true 1.021  dr_err 4.86 m
[localization_error-7] [INFO] [1789735075.432625226] [localization_error]: now[200] 0.261 m / 1.66 deg  |  session[n=6735] mean 0.280 p95 0.616 max 0.947 m, heading mean 1.51 max 7.08 deg
[log_localization-8] [INFO] [1789735075.806770896] [log_localization]:  339.9 s  1600.2 m  err 0.113 m (along -0.102 cross +0.048) yaw  -0.42 deg  m->o yaw  -0.54 deg | fit true 0.030 est 0.038 (x1.28)  enc/true 1.021  dr_err 4.48 m
[pure_pursuit-10] [INFO] [1789735076.301080646] [pure_pursuit]: lap 37: 9.05 s
[localization_error-7] [INFO] [1789735080.432638544] [localization_error]: now[200] 0.282 m / 1.78 deg  |  session[n=6835] mean 0.281 p95 0.618 max 0.947 m, heading mean 1.51 max 7.08 deg
[log_localization-8] [INFO] [1789735080.806665072] [log_localization]:  344.9 s  1625.0 m  err 0.025 m (along -0.021 cross +0.013) yaw  -0.45 deg  m->o yaw  -0.52 deg | fit true 0.004 est 0.009 (x2.35)  enc/true 1.021  dr_err 4.87 m
[pure_pursuit-10] [INFO] [1789735085.160221253] [pure_pursuit]: lap 38: 8.89 s
[localization_error-7] [INFO] [1789735085.435222710] [localization_error]: now[200] 0.269 m / 1.61 deg  |  session[n=6935] mean 0.279 p95 0.615 max 0.947 m, heading mean 1.51 max 7.08 deg
[log_localization-8] [INFO] [1789735085.808114741] [log_localization]:  349.9 s  1647.0 m  err 0.230 m (along +0.230 cross +0.004) yaw  -0.40 deg  m->o yaw  -0.44 deg | fit true 0.018 est 0.004 (x0.24)  enc/true 1.021  dr_err 5.07 m
[localization_error-7] [INFO] [1789735090.433422745] [localization_error]: now[200] 0.257 m / 1.42 deg  |  session[n=7035] mean 0.280 p95 0.616 max 0.947 m, heading mean 1.51 max 7.08 deg
[log_localization-8] [INFO] [1789735090.808778253] [log_localization]:  355.0 s  1672.9 m  err 0.045 m (along +0.043 cross -0.013) yaw  -0.85 deg  m->o yaw  -1.02 deg | fit true 0.066 est 0.064 (x0.97)  enc/true 1.021  dr_err 4.91 m
[pure_pursuit-10] [INFO] [1789735094.118753535] [pure_pursuit]: lap 39: 8.94 s
[localization_error-7] [INFO] [1789735095.432685874] [localization_error]: now[200] 0.293 m / 1.37 deg  |  session[n=7135] mean 0.280 p95 0.614 max 0.947 m, heading mean 1.51 max 7.08 deg
[log_localization-8] [INFO] [1789735095.807411096] [log_localization]:  360.0 s  1698.3 m  err 0.072 m (along +0.071 cross +0.014) yaw  +0.41 deg  m->o yaw  +0.35 deg | fit true 0.012 est 0.010 (x0.86)  enc/true 1.022  dr_err 5.23 m
[localization_error-7] [INFO] [1789735100.434446273] [localization_error]: now[200] 0.264 m / 1.46 deg  |  session[n=7235] mean 0.280 p95 0.613 max 0.947 m, heading mean 1.51 max 7.08 deg
[log_localization-8] [INFO] [1789735100.806734627] [log_localization]:  364.9 s  1722.6 m  err 0.139 m (along -0.139 cross +0.003) yaw  +0.76 deg  m->o yaw  +0.73 deg | fit true 0.000 est 0.031 (x190.03)  enc/true 1.021  dr_err 4.94 m
[pure_pursuit-10] [INFO] [1789735103.062784545] [pure_pursuit]: lap 40: 8.94 s
[localization_error-7] [INFO] [1789735105.433651824] [localization_error]: now[200] 0.291 m / 1.33 deg  |  session[n=7335] mean 0.280 p95 0.616 max 0.947 m, heading mean 1.50 max 7.08 deg
[log_localization-8] [INFO] [1789735105.807032617] [log_localization]:  369.9 s  1748.6 m  err 0.181 m (along +0.179 cross -0.027) yaw  -0.30 deg  m->o yaw  -0.22 deg | fit true 0.004 est 0.009 (x2.47)  enc/true 1.021  dr_err 5.57 m
[localization_error-7] [INFO] [1789735110.433680091] [localization_error]: now[200] 0.298 m / 1.59 deg  |  session[n=7435] mean 0.280 p95 0.614 max 0.947 m, heading mean 1.51 max 7.08 deg
[log_localization-8] [INFO] [1789735110.806330891] [log_localization]:  374.9 s  1770.2 m  err 0.089 m (along +0.087 cross +0.017) yaw  +0.13 deg  m->o yaw  -0.19 deg | fit true 0.012 est 0.018 (x1.44)  enc/true 1.021  dr_err 5.13 m
[pure_pursuit-10] [INFO] [1789735112.039689553] [pure_pursuit]: lap 41: 8.99 s
[localization_error-7] [INFO] [1789735115.432983865] [localization_error]: now[200] 0.261 m / 1.58 deg  |  session[n=7535] mean 0.280 p95 0.613 max 0.947 m, heading mean 1.51 max 7.08 deg
[log_localization-8] [INFO] [1789735115.807627925] [log_localization]:  379.9 s  1794.8 m  err 0.090 m (along +0.087 cross +0.023) yaw  -0.70 deg  m->o yaw  -0.76 deg | fit true 0.011 est 0.019 (x1.78)  enc/true 1.021  dr_err 5.40 m
[localization_error-7] [INFO] [1789735120.432720468] [localization_error]: now[200] 0.233 m / 1.45 deg  |  session[n=7635] mean 0.279 p95 0.613 max 0.947 m, heading mean 1.51 max 7.08 deg
[log_localization-8] [INFO] [1789735120.807426243] [log_localization]:  385.0 s  1817.3 m  err 0.068 m (along -0.062 cross +0.027) yaw  -1.84 deg  m->o yaw  -0.54 deg | fit true 0.096 est 0.069 (x0.72)  enc/true 1.021  dr_err 5.19 m
[pure_pursuit-10] [INFO] [1789735121.033388714] [pure_pursuit]: lap 42: 8.99 s
[localization_error-7] [INFO] [1789735125.434110205] [localization_error]: now[200] 0.272 m / 1.55 deg  |  session[n=7735] mean 0.279 p95 0.613 max 0.947 m, heading mean 1.51 max 7.19 deg
[log_localization-8] [INFO] [1789735125.806727383] [log_localization]:  389.9 s  1842.2 m  err 0.010 m (along -0.009 cross -0.004) yaw  -0.96 deg  m->o yaw  -0.94 deg | fit true 0.049 est 0.044 (x0.89)  enc/true 1.021  dr_err 5.43 m
[pure_pursuit-10] [INFO] [1789735130.051765457] [pure_pursuit]: lap 43: 9.01 s
[localization_error-7] [INFO] [1789735130.434070875] [localization_error]: now[200] 0.269 m / 1.66 deg  |  session[n=7835] mean 0.279 p95 0.611 max 0.947 m, heading mean 1.51 max 7.19 deg
[log_localization-8] [INFO] [1789735130.808091793] [log_localization]:  395.0 s  1864.4 m  err 0.113 m (along +0.113 cross +0.005) yaw  -0.22 deg  m->o yaw  -0.33 deg | fit true 0.015 est 0.002 (x0.16)  enc/true 1.021  dr_err 5.59 m
[localization_error-7] [INFO] [1789735135.432799707] [localization_error]: now[200] 0.224 m / 1.62 deg  |  session[n=7935] mean 0.278 p95 0.610 max 0.947 m, heading mean 1.51 max 7.19 deg
[log_localization-8] [INFO] [1789735135.807503168] [log_localization]:  400.0 s  1890.3 m  err 0.043 m (along +0.036 cross -0.023) yaw  -1.42 deg  m->o yaw  -1.43 deg | fit true 0.010 est 0.015 (x1.52)  enc/true 1.021  dr_err 5.40 m
[pure_pursuit-10] [INFO] [1789735139.033766336] [pure_pursuit]: lap 44: 9.00 s
[localization_error-7] [INFO] [1789735140.435570892] [localization_error]: now[200] 0.255 m / 1.52 deg  |  session[n=8035] mean 0.278 p95 0.610 max 0.947 m, heading mean 1.51 max 7.19 deg
[log_localization-8] [INFO] [1789735140.807051759] [log_localization]:  404.9 s  1915.9 m  err 0.091 m (along -0.091 cross +0.006) yaw  +0.12 deg  m->o yaw  +0.34 deg | fit true 0.012 est 0.013 (x1.05)  enc/true 1.022  dr_err 5.79 m
[localization_error-7] [INFO] [1789735145.433366332] [localization_error]: now[200] 0.258 m / 1.61 deg  |  session[n=8135] mean 0.277 p95 0.609 max 0.947 m, heading mean 1.51 max 7.19 deg
[log_localization-8] [INFO] [1789735145.807474973] [log_localization]:  410.0 s  1940.2 m  err 0.181 m (along -0.181 cross +0.005) yaw  +2.35 deg  m->o yaw  +1.94 deg | fit true 0.000 est 0.044 (x99.21)  enc/true 1.021  dr_err 5.54 m
[pure_pursuit-10] [INFO] [1789735147.985467309] [pure_pursuit]: lap 45: 8.94 s
[localization_error-7] [INFO] [1789735150.433670713] [localization_error]: now[200] 0.276 m / 1.49 deg  |  session[n=8235] mean 0.278 p95 0.609 max 0.947 m, heading mean 1.51 max 7.19 deg
[log_localization-8] [INFO] [1789735150.807487991] [log_localization]:  414.9 s  1966.4 m  err 0.167 m (along -0.165 cross +0.021) yaw  -0.08 deg  m->o yaw  -0.26 deg | fit true 0.005 est 0.025 (x4.91)  enc/true 1.021  dr_err 6.00 m
[localization_error-7] [INFO] [1789735155.435364999] [localization_error]: now[200] 0.260 m / 1.61 deg  |  session[n=8335] mean 0.277 p95 0.608 max 0.947 m, heading mean 1.52 max 7.19 deg
[log_localization-8] [INFO] [1789735155.808064120] [log_localization]:  420.0 s  1988.0 m  err 0.132 m (along +0.132 cross +0.008) yaw  -0.67 deg  m->o yaw  -0.71 deg | fit true 0.015 est 0.010 (x0.64)  enc/true 1.021  dr_err 5.60 m
[pure_pursuit-10] [INFO] [1789735156.961806943] [pure_pursuit]: lap 46: 8.98 s
[localization_error-7] [INFO] [1789735160.436689835] [localization_error]: now[200] 0.283 m / 1.56 deg  |  session[n=8435] mean 0.278 p95 0.610 max 0.947 m, heading mean 1.51 max 7.19 deg
[log_localization-8] [INFO] [1789735160.806719063] [log_localization]:  424.9 s  2012.3 m  err 0.113 m (along +0.111 cross +0.020) yaw  +0.39 deg  m->o yaw  -0.35 deg | fit true 0.008 est 0.028 (x3.45)  enc/true 1.021  dr_err 6.02 m
[localization_error-7] [INFO] [1789735165.434362796] [localization_error]: now[200] 0.300 m / 1.40 deg  |  session[n=8535] mean 0.278 p95 0.609 max 0.947 m, heading mean 1.51 max 7.19 deg
[log_localization-8] [INFO] [1789735165.807218378] [log_localization]:  429.9 s  2034.7 m  err 0.035 m (along +0.025 cross +0.025) yaw  -0.27 deg  m->o yaw  -1.03 deg | fit true 0.046 est 0.053 (x1.16)  enc/true 1.021  dr_err 5.88 m
[pure_pursuit-10] [INFO] [1789735165.895584176] [pure_pursuit]: lap 47: 8.92 s
[localization_error-7] [INFO] [1789735170.432918374] [localization_error]: now[200] 0.254 m / 1.52 deg  |  session[n=8635] mean 0.277 p95 0.608 max 0.947 m, heading mean 1.51 max 7.19 deg
[log_localization-8] [INFO] [1789735170.808759538] [log_localization]:  435.0 s  2059.8 m  err 0.009 m (along +0.008 cross +0.003) yaw  +0.21 deg  m->o yaw  -1.08 deg | fit true 0.017 est 0.017 (x1.03)  enc/true 1.021  dr_err 6.06 m
[pure_pursuit-10] [INFO] [1789735174.839317911] [pure_pursuit]: lap 48: 8.96 s
[localization_error-7] [INFO] [1789735175.433241380] [localization_error]: now[200] 0.235 m / 1.63 deg  |  session[n=8735] mean 0.277 p95 0.606 max 0.947 m, heading mean 1.52 max 7.19 deg
[log_localization-8] [INFO] [1789735175.807439228] [log_localization]:  440.0 s  2082.5 m  err 0.225 m (along +0.225 cross +0.005) yaw  -0.35 deg  m->o yaw  -0.20 deg | fit true 0.013 est 0.007 (x0.55)  enc/true 1.021  dr_err 6.23 m
[localization_error-7] [INFO] [1789735180.433495919] [localization_error]: now[200] 0.269 m / 1.48 deg  |  session[n=8835] mean 0.277 p95 0.607 max 0.947 m, heading mean 1.51 max 7.19 deg
[log_localization-8] [INFO] [1789735180.807110098] [log_localization]:  445.0 s  2108.2 m  err 0.020 m (along -0.007 cross -0.019) yaw  +1.71 deg  m->o yaw  +1.75 deg | fit true 0.019 est 0.018 (x0.92)  enc/true 1.021  dr_err 6.07 m
[pure_pursuit-10] [INFO] [1789735183.840511077] [pure_pursuit]: lap 49: 8.98 s
[localization_error-7] [INFO] [1789735185.433435430] [localization_error]: now[200] 0.298 m / 1.45 deg  |  session[n=8935] mean 0.277 p95 0.606 max 0.947 m, heading mean 1.51 max 7.19 deg
[log_localization-8] [INFO] [1789735185.806566757] [log_localization]:  449.9 s  2134.4 m  err 0.171 m (along -0.171 cross +0.000) yaw  -0.05 deg  m->o yaw  -0.32 deg | fit true 0.011 est 0.011 (x1.01)  enc/true 1.021  dr_err 6.41 m
[localization_error-7] [INFO] [1789735190.434683604] [localization_error]: now[200] 0.253 m / 1.65 deg  |  session[n=9035] mean 0.277 p95 0.605 max 0.947 m, heading mean 1.52 max 7.29 deg
[log_localization-8] [INFO] [1789735190.806947753] [log_localization]:  454.9 s  2157.8 m  err 0.059 m (along -0.058 cross +0.010) yaw  +0.05 deg  m->o yaw  -0.06 deg | fit true 0.004 est 0.020 (x5.23)  enc/true 1.021  dr_err 6.11 m
[pure_pursuit-10] [INFO] [1789735192.789363915] [pure_pursuit]: lap 50: 8.97 s
[localization_error-7] [INFO] [1789735195.433101244] [localization_error]: now[200] 0.288 m / 1.36 deg  |  session[n=9135] mean 0.277 p95 0.607 max 0.947 m, heading mean 1.51 max 7.29 deg
[log_localization-8] [INFO] [1789735195.806608834] [log_localization]:  459.9 s  2183.5 m  err 0.129 m (along -0.127 cross +0.023) yaw  -1.92 deg  m->o yaw  -0.35 deg | fit true 0.052 est 0.009 (x0.17)  enc/true 1.021  dr_err 6.66 m
[localization_error-7] [INFO] [1789735200.432671506] [localization_error]: now[200] 0.274 m / 1.45 deg  |  session[n=9235] mean 0.277 p95 0.606 max 0.947 m, heading mean 1.51 max 7.29 deg
[log_localization-8] [INFO] [1789735200.808585226] [log_localization]:  465.0 s  2205.5 m  err 0.047 m (along +0.044 cross -0.015) yaw  -0.17 deg  m->o yaw  -0.41 deg | fit true 0.043 est 0.040 (x0.93)  enc/true 1.021  dr_err 6.23 m
[pure_pursuit-10] [INFO] [1789735201.764278339] [pure_pursuit]: lap 51: 8.96 s
[localization_error-7] [INFO] [1789735205.433847064] [localization_error]: now[200] 0.247 m / 1.63 deg  |  session[n=9335] mean 0.277 p95 0.606 max 0.947 m, heading mean 1.51 max 7.29 deg
[log_localization-8] [INFO] [1789735205.807929075] [log_localization]:  469.9 s  2229.6 m  err 0.056 m (along +0.054 cross +0.014) yaw  +0.22 deg  m->o yaw  +0.22 deg | fit true 0.001 est 0.008 (x10.71)  enc/true 1.021  dr_err 6.33 m
[localization_error-7] [INFO] [1789735210.435009637] [localization_error]: now[200] 0.257 m / 1.61 deg  |  session[n=9435] mean 0.276 p95 0.605 max 0.947 m, heading mean 1.52 max 7.29 deg
[pure_pursuit-10] [INFO] [1789735210.667688913] [pure_pursuit]: lap 52: 8.92 s
[log_localization-8] [INFO] [1789735210.808025980] [log_localization]:  475.0 s  2251.7 m  err 0.065 m (along +0.052 cross +0.040) yaw  -0.82 deg  m->o yaw  -0.40 deg | fit true 0.041 est 0.036 (x0.86)  enc/true 1.021  dr_err 6.36 m
[localization_error-7] [INFO] [1789735215.432950167] [localization_error]: now[200] 0.264 m / 1.58 deg  |  session[n=9535] mean 0.276 p95 0.604 max 0.947 m, heading mean 1.51 max 7.29 deg
[log_localization-8] [INFO] [1789735215.806970915] [log_localization]:  480.0 s  2277.3 m  err 0.018 m (along +0.011 cross +0.015) yaw  -0.93 deg  m->o yaw  -1.08 deg | fit true 0.015 est 0.014 (x0.89)  enc/true 1.021  dr_err 6.44 m
[pure_pursuit-10] [INFO] [1789735219.617307670] [pure_pursuit]: lap 53: 8.95 s
[localization_error-7] [INFO] [1789735220.434982604] [localization_error]: now[200] 0.255 m / 1.50 deg  |  session[n=9635] mean 0.276 p95 0.603 max 0.947 m, heading mean 1.52 max 7.29 deg
[log_localization-8] [INFO] [1789735220.809011657] [log_localization]:  485.0 s  2300.8 m  err 0.237 m (along +0.236 cross +0.018) yaw  +0.08 deg  m->o yaw  +0.40 deg | fit true 0.013 est 0.005 (x0.42)  enc/true 1.021  dr_err 6.59 m
[localization_error-7] [INFO] [1789735225.433501764] [localization_error]: now[200] 0.253 m / 1.50 deg  |  session[n=9735] mean 0.276 p95 0.603 max 0.947 m, heading mean 1.51 max 7.29 deg
[log_localization-8] [INFO] [1789735225.807550774] [log_localization]:  490.0 s  2326.1 m  err 0.053 m (along +0.053 cross -0.003) yaw  +1.56 deg  m->o yaw  +1.80 deg | fit true 0.014 est 0.019 (x1.32)  enc/true 1.021  dr_err 6.42 m
[pure_pursuit-10] [INFO] [1789735228.671413311] [pure_pursuit]: lap 54: 9.03 s
[localization_error-7] [INFO] [1789735230.434848602] [localization_error]: now[200] 0.300 m / 1.47 deg  |  session[n=9835] mean 0.276 p95 0.604 max 0.947 m, heading mean 1.51 max 7.29 deg
[log_localization-8] [INFO] [1789735230.808750086] [log_localization]:  495.0 s  2352.6 m  err 0.302 m (along +0.302 cross +0.004) yaw  +0.44 deg  m->o yaw  +0.50 deg | fit true 0.013 est 0.008 (x0.63)  enc/true 1.021  dr_err 6.95 m
[localization_error-7] [INFO] [1789735235.432694136] [localization_error]: now[200] 0.305 m / 1.58 deg  |  session[n=9935] mean 0.277 p95 0.604 max 0.947 m, heading mean 1.52 max 7.29 deg
[log_localization-8] [INFO] [1789735235.807991555] [log_localization]:  500.0 s  2375.2 m  err 0.087 m (along -0.084 cross +0.024) yaw  -0.23 deg  m->o yaw  -0.35 deg | fit true 0.024 est 0.025 (x1.05)  enc/true 1.021  dr_err 6.63 m
[pure_pursuit-10] [INFO] [1789735237.610882168] [pure_pursuit]: lap 55: 8.96 s
[localization_error-7] [INFO] [1789735240.434810229] [localization_error]: now[200] 0.311 m / 1.44 deg  |  session[n=10035] mean 0.277 p95 0.604 max 0.947 m, heading mean 1.51 max 7.29 deg
[log_localization-8] [INFO] [1789735240.808322717] [log_localization]:  505.0 s  2400.6 m  err 0.118 m (along -0.110 cross +0.042) yaw  -1.14 deg  m->o yaw  -0.85 deg | fit true 0.006 est 0.060 (x9.93)  enc/true 1.021  dr_err 7.23 m
[localization_error-7] [INFO] [1789735245.432949680] [localization_error]: now[200] 0.265 m / 1.50 deg  |  session[n=10135] mean 0.276 p95 0.603 max 0.947 m, heading mean 1.52 max 7.29 deg
[log_localization-8] [INFO] [1789735245.806771426] [log_localization]:  510.0 s  2422.8 m  err 0.054 m (along +0.031 cross -0.045) yaw  -1.37 deg  m->o yaw  -1.65 deg | fit true 0.030 est 0.008 (x0.25)  enc/true 1.021  dr_err 6.82 m
[pure_pursuit-10] [INFO] [1789735246.567243608] [pure_pursuit]: lap 56: 8.95 s
[localization_error-7] [INFO] [1789735250.433106857] [localization_error]: now[200] 0.271 m / 1.61 deg  |  session[n=10235] mean 0.277 p95 0.603 max 0.947 m, heading mean 1.51 max 7.68 deg
[log_localization-8] [INFO] [1789735250.806319937] [log_localization]:  514.9 s  2447.0 m  err 0.057 m (along +0.057 cross +0.005) yaw  -0.68 deg  m->o yaw  -0.66 deg | fit true 0.000 est 0.007 (x15.61)  enc/true 1.021  dr_err 7.28 m
[localization_error-7] [INFO] [1789735255.433342701] [localization_error]: now[200] 0.268 m / 1.51 deg  |  session[n=10335] mean 0.276 p95 0.602 max 0.947 m, heading mean 1.52 max 7.68 deg
[pure_pursuit-10] [INFO] [1789735255.558832550] [pure_pursuit]: lap 57: 8.98 s
[log_localization-8] [INFO] [1789735255.806638044] [log_localization]:  520.0 s  2468.9 m  err 0.084 m (along +0.081 cross +0.024) yaw  -0.72 deg  m->o yaw  -0.87 deg | fit true 0.048 est 0.049 (x1.02)  enc/true 1.021  dr_err 7.41 m
[localization_bootstrap-6] [WARN] [1789735259.356575023] [localization_bootstrap]: RESET detected: heading stepped +17 deg in one tick
[pure_pursuit-10] [WARN] [1789735259.405787573] [pure_pursuit]: localization lost after a reset: holding until it is re-confirmed
[localization_bootstrap-6] [WARN] [1789735259.406921680] [localization_bootstrap]: recovery #1: follower held; prior (+1.71, -15.77, +16 deg) -- checkpoint 0.5 m behind the last pose along the track
[localization_bootstrap-6] [INFO] [1789735259.455483335] [localization_bootstrap]: seed 1/3: x=+1.713 y=-15.770 yaw=+17.3 deg -- awaiting confirmation
[localization_bootstrap-6] [INFO] [1789735259.456190515] [localization_bootstrap]: not reporting a spawn constant: the car is moving at 2.3 m/s, so this pose is not the spawn
[amcl-4] [INFO] [1789735259.460292420] [amcl]: initialPoseReceived
[amcl-4] [INFO] [1789735259.460454362] [amcl]: Setting pose (1789735259.460454): 1.734 -15.763 0.306
[amcl-4] [INFO] [1789735259.504499419] [amcl]: Requesting no-motion update
[localization_bootstrap-6] [INFO] [1789735259.555501188] [localization_bootstrap]: recovery #1: seed, attempt 1
[amcl-4] [INFO] [1789735259.954317719] [amcl]: Requesting no-motion update
[amcl-4] [INFO] [1789735260.404294626] [amcl]: Requesting no-motion update
[localization_error-7] [INFO] [1789735260.433473289] [localization_error]: now[200] 0.373 m / 1.59 deg  |  session[n=10435] mean 0.279 p95 0.606 max 1.894 m, heading mean 1.52 max 12.07 deg
[amcl-4] [INFO] [1789735260.804285628] [amcl]: Requesting no-motion update
[log_localization-8] [INFO] [1789735260.806917209] [log_localization]:  524.9 s  2489.0 m  err 0.602 m (along +0.578 cross +0.171) yaw +13.48 deg  m->o yaw +13.48 deg | fit true 0.002 est 0.188 (x83.79)  enc/true 1.021  dr_err 6.23 m
[amcl-4] [INFO] [1789735261.254115039] [amcl]: Requesting no-motion update
[localization_bootstrap-6] [WARN] [1789735261.505777211] [localization_bootstrap]: seed 1 not adopted -- the estimate is 0.64 m / 13.4 deg from the seed, tolerance 0.40 m / 15.0 deg (speed 0.0 m/s); failed: position, 45% of beams on a wall within 10 cm (min 50%); re-seeding
[amcl-4] [INFO] [1789735261.506379896] [amcl]: initialPoseReceived
[amcl-4] [INFO] [1789735261.506503547] [amcl]: Setting pose (1789735261.506504): 1.713 -15.770 0.304
[localization_bootstrap-6] [INFO] [1789735261.507075754] [localization_bootstrap]: seed 2/3: x=+1.713 y=-15.770 yaw=+17.4 deg -- awaiting confirmation
[localization_bootstrap-6] [INFO] [1789735261.555390840] [localization_bootstrap]: recovery #1: seed, attempt 2
[amcl-4] [INFO] [1789735261.654421110] [amcl]: Requesting no-motion update
[amcl-4] [INFO] [1789735262.105297375] [amcl]: Requesting no-motion update
[amcl-4] [INFO] [1789735262.554572311] [amcl]: Requesting no-motion update
[amcl-4] [INFO] [1789735262.954592428] [amcl]: Requesting no-motion update
[amcl-4] [INFO] [1789735263.403951792] [amcl]: Requesting no-motion update
[localization_bootstrap-6] [INFO] [1789735263.556096394] [localization_bootstrap]: recovery: 100% of beams on a wall within 10 cm (min 50%). seed CONFIRMED on attempt 2: the estimate is 5.8 cm / 0.2 deg from truth (pos std 0.108 m). Tracking is now lidar + map + dead reckoning only.
[localization_bootstrap-6] [INFO] [1789735263.557537774] [localization_bootstrap]: CHECKPOINT CANDIDATE (converged after reset): ('1.769', '-15.758', '0.308')
[localization_bootstrap-6] [INFO] [1789735263.559017395] [localization_bootstrap]: recovery #1: creep, attempt 2
[localization_error-7] [INFO] [1789735265.432887219] [localization_error]: now[200] 0.383 m / 3.04 deg  |  session[n=10535] mean 0.278 p95 0.606 max 1.894 m, heading mean 1.54 max 13.48 deg
[localization_bootstrap-6] [INFO] [1789735265.554876375] [localization_bootstrap]: recovery #1: creep, attempt 2
[log_localization-8] [INFO] [1789735265.807283316] [log_localization]:  530.0 s  2492.8 m  err 0.029 m (along -0.029 cross -0.001) yaw  +0.95 deg  m->o yaw  +1.05 deg | fit true 0.002 est 0.002 (x1.40)  enc/true 1.021  dr_err 6.21 m
[pure_pursuit-10] [INFO] [1789735266.605841505] [pure_pursuit]: localization re-confirmed after reset: speed cap 2.00 m/s for 8.0 m
[localization_bootstrap-6] [INFO] [1789735266.606179706] [localization_bootstrap]: recovery #1 complete in 7.2 s; follower resumes
[pure_pursuit-10] [INFO] [1789735266.606608977] [pure_pursuit]: localization converged, taking over
[localization_error-7] [INFO] [1789735270.433607948] [localization_error]: now[200] 0.137 m / 2.62 deg  |  session[n=10635] mean 0.276 p95 0.604 max 1.894 m, heading mean 1.54 max 13.48 deg
[log_localization-8] [INFO] [1789735270.808658737] [log_localization]:  535.0 s  2502.7 m  err 0.059 m (along -0.057 cross -0.017) yaw  +0.28 deg  m->o yaw  +0.50 deg | fit true 0.001 est 0.008 (x9.15)  enc/true 1.021  dr_err 6.33 m
[pure_pursuit-10] [INFO] [1789735270.861285068] [pure_pursuit]: recover warmup released after 8.0 m
[pure_pursuit-10] [INFO] [1789735273.742324360] [pure_pursuit]: lap 58: 18.20 s
[localization_error-7] [INFO] [1789735275.433782868] [localization_error]: now[200] 0.134 m / 0.97 deg  |  session[n=10735] mean 0.276 p95 0.604 max 1.894 m, heading mean 1.53 max 13.48 deg
[log_localization-8] [INFO] [1789735275.808955725] [log_localization]:  540.0 s  2526.4 m  err 0.205 m (along +0.205 cross -0.005) yaw  +0.39 deg  m->o yaw  +0.47 deg | fit true 0.012 est 0.015 (x1.25)  enc/true 1.021  dr_err 6.79 m
[localization_error-7] [INFO] [1789735280.432998087] [localization_error]: now[200] 0.259 m / 1.35 deg  |  session[n=10835] mean 0.276 p95 0.605 max 1.894 m, heading mean 1.53 max 13.48 deg
[log_localization-8] [INFO] [1789735280.807670901] [log_localization]:  545.0 s  2549.2 m  err 0.053 m (along -0.052 cross +0.007) yaw  -1.27 deg  m->o yaw  -0.57 deg | fit true 0.030 est 0.008 (x0.28)  enc/true 1.021  dr_err 6.31 m
[pure_pursuit-10] [INFO] [1789735282.729961418] [pure_pursuit]: lap 59: 8.97 s
[localization_error-7] [INFO] [1789735285.433106503] [localization_error]: now[200] 0.297 m / 1.46 deg  |  session[n=10935] mean 0.276 p95 0.606 max 1.894 m, heading mean 1.53 max 13.48 deg
[log_localization-8] [INFO] [1789735285.807703446] [log_localization]:  550.0 s  2574.7 m  err 0.129 m (along -0.115 cross +0.058) yaw  -0.32 deg  m->o yaw  -0.25 deg | fit true 0.008 est 0.041 (x5.37)  enc/true 1.021  dr_err 6.69 m
[localization_error-7] [INFO] [1789735290.435816775] [localization_error]: now[200] 0.248 m / 1.63 deg  |  session[n=11035] mean 0.275 p95 0.604 max 1.894 m, heading mean 1.54 max 13.48 deg
[log_localization-8] [INFO] [1789735290.808435836] [log_localization]:  555.0 s  2596.8 m  err 0.059 m (along +0.053 cross -0.027) yaw  -1.30 deg  m->o yaw  -1.34 deg | fit true 0.015 est 0.007 (x0.46)  enc/true 1.021  dr_err 6.27 m
[pure_pursuit-10] [INFO] [1789735291.697856783] [pure_pursuit]: lap 60: 8.96 s
[localization_error-7] [INFO] [1789735295.435567844] [localization_error]: now[200] 0.279 m / 1.74 deg  |  session[n=11135] mean 0.276 p95 0.606 max 1.894 m, heading mean 1.54 max 13.48 deg
[log_localization-8] [INFO] [1789735295.807643141] [log_localization]:  560.0 s  2620.6 m  err 0.099 m (along +0.099 cross +0.011) yaw  +0.02 deg  m->o yaw  -0.28 deg | fit true 0.000 est 0.010 (xnan)  enc/true 1.021  dr_err 6.55 m
[localization_error-7] [INFO] [1789735300.433100363] [localization_error]: now[200] 0.281 m / 1.59 deg  |  session[n=11235] mean 0.275 p95 0.605 max 1.894 m, heading mean 1.54 max 13.48 deg
[pure_pursuit-10] [INFO] [1789735300.704967822] [pure_pursuit]: lap 61: 9.02 s
[log_localization-8] [INFO] [1789735300.807011396] [log_localization]:  564.9 s  2642.8 m  err 0.057 m (along +0.047 cross +0.032) yaw  +0.08 deg  m->o yaw  -0.21 deg | fit true 0.016 est 0.018 (x1.12)  enc/true 1.021  dr_err 6.54 m
[localization_error-7] [INFO] [1789735305.434158373] [localization_error]: now[200] 0.233 m / 1.53 deg  |  session[n=11335] mean 0.275 p95 0.604 max 1.894 m, heading mean 1.54 max 13.48 deg
[log_localization-8] [INFO] [1789735305.808835284] [log_localization]:  570.0 s  2668.2 m  err 0.063 m (along +0.062 cross +0.011) yaw  -0.25 deg  m->o yaw  -0.24 deg | fit true 0.022 est 0.023 (x1.05)  enc/true 1.021  dr_err 6.68 m
[pure_pursuit-10] [INFO] [1789735309.679655875] [pure_pursuit]: lap 62: 8.96 s
[localization_error-7] [INFO] [1789735310.434812267] [localization_error]: now[200] 0.232 m / 1.49 deg  |  session[n=11435] mean 0.275 p95 0.603 max 1.894 m, heading mean 1.54 max 13.48 deg
[log_localization-8] [INFO] [1789735310.807687546] [log_localization]:  574.9 s  2691.6 m  err 0.120 m (along +0.119 cross +0.014) yaw  +0.74 deg  m->o yaw  +0.59 deg | fit true 0.015 est 0.007 (x0.45)  enc/true 1.021  dr_err 6.82 m
[localization_error-7] [INFO] [1789735315.433929553] [localization_error]: now[200] 0.220 m / 1.41 deg  |  session[n=11535] mean 0.274 p95 0.603 max 1.894 m, heading mean 1.53 max 13.48 deg
[log_localization-8] [INFO] [1789735315.806914597] [log_localization]:  580.0 s  2717.3 m  err 0.013 m (along -0.002 cross +0.013) yaw  +2.32 deg  m->o yaw  +1.82 deg | fit true 0.009 est 0.034 (x3.61)  enc/true 1.021  dr_err 6.61 m
[pure_pursuit-10] [INFO] [1789735318.551947695] [pure_pursuit]: lap 63: 8.89 s
[localization_error-7] [INFO] [1789735320.433240321] [localization_error]: now[200] 0.272 m / 1.35 deg  |  session[n=11635] mean 0.275 p95 0.603 max 1.894 m, heading mean 1.53 max 13.48 deg
[log_localization-8] [INFO] [1789735320.806856643] [log_localization]:  584.9 s  2743.7 m  err 0.291 m (along +0.290 cross -0.010) yaw  +0.23 deg  m->o yaw  +0.22 deg | fit true 0.006 est 0.005 (x0.77)  enc/true 1.021  dr_err 6.92 m
[localization_error-7] [INFO] [1789735325.433080746] [localization_error]: now[200] 0.308 m / 1.44 deg  |  session[n=11735] mean 0.275 p95 0.604 max 1.894 m, heading mean 1.53 max 13.48 deg
[log_localization-8] [INFO] [1789735325.807371648] [log_localization]:  590.0 s  2766.1 m  err 0.116 m (along -0.108 cross +0.043) yaw  -0.63 deg  m->o yaw  -0.64 deg | fit true 0.024 est 0.051 (x2.09)  enc/true 1.021  dr_err 6.64 m
[pure_pursuit-10] [INFO] [1789735327.572609833] [pure_pursuit]: lap 64: 9.02 s
[localization_error-7] [INFO] [1789735330.433807066] [localization_error]: now[200] 0.328 m / 1.42 deg  |  session[n=11835] mean 0.275 p95 0.606 max 1.894 m, heading mean 1.53 max 13.48 deg
[log_localization-8] [INFO] [1789735330.806747857] [log_localization]:  595.0 s  2791.2 m  err 0.067 m (along -0.062 cross +0.026) yaw  -0.29 deg  m->o yaw  -0.79 deg | fit true 0.020 est 0.017 (x0.87)  enc/true 1.021  dr_err 7.26 m
[localization_error-7] [INFO] [1789735335.435313050] [localization_error]: now[200] 0.292 m / 1.67 deg  |  session[n=11935] mean 0.275 p95 0.604 max 1.894 m, heading mean 1.53 max 13.48 deg
[log_localization-8] [INFO] [1789735335.807018146] [log_localization]:  599.9 s  2813.5 m  err 0.027 m (along +0.023 cross -0.013) yaw  -0.42 deg  m->o yaw  -0.63 deg | fit true 0.015 est 0.014 (x0.93)  enc/true 1.021  dr_err 6.82 m
[pure_pursuit-10] [INFO] [1789735336.541278982] [pure_pursuit]: lap 65: 8.97 s
[localization_error-7] [INFO] [1789735340.434834330] [localization_error]: now[200] 0.277 m / 1.79 deg  |  session[n=12035] mean 0.275 p95 0.604 max 1.894 m, heading mean 1.53 max 13.48 deg
[log_localization-8] [INFO] [1789735340.806981952] [log_localization]:  605.0 s  2837.6 m  err 0.052 m (along +0.052 cross -0.002) yaw  -1.44 deg  m->o yaw  -1.46 deg | fit true 0.004 est 0.016 (x3.97)  enc/true 1.021  dr_err 7.16 m
[localization_error-7] [INFO] [1789735345.433679339] [localization_error]: now[200] 0.267 m / 1.55 deg  |  session[n=12135] mean 0.275 p95 0.603 max 1.894 m, heading mean 1.53 max 13.48 deg
[pure_pursuit-10] [INFO] [1789735345.561325131] [pure_pursuit]: lap 66: 9.01 s
[log_localization-8] [INFO] [1789735345.806694770] [log_localization]:  609.9 s  2859.5 m  err 0.095 m (along +0.088 cross +0.036) yaw  -0.43 deg  m->o yaw  -0.50 deg | fit true 0.045 est 0.040 (x0.91)  enc/true 1.021  dr_err 7.18 m
[localization_error-7] [INFO] [1789735350.434531142] [localization_error]: now[200] 0.257 m / 1.45 deg  |  session[n=12235] mean 0.275 p95 0.603 max 1.894 m, heading mean 1.53 max 13.48 deg
[log_localization-8] [INFO] [1789735350.806907621] [log_localization]:  615.0 s  2885.1 m  err 0.027 m (along -0.020 cross +0.018) yaw  -0.77 deg  m->o yaw  -0.18 deg | fit true 0.018 est 0.023 (x1.29)  enc/true 1.021  dr_err 7.27 m
[pure_pursuit-10] [INFO] [1789735354.509408012] [pure_pursuit]: lap 67: 8.96 s
[localization_error-7] [INFO] [1789735355.433072704] [localization_error]: now[200] 0.260 m / 1.51 deg  |  session[n=12335] mean 0.275 p95 0.603 max 1.894 m, heading mean 1.53 max 13.48 deg
[log_localization-8] [INFO] [1789735355.806521103] [log_localization]:  619.9 s  2909.0 m  err 0.348 m (along +0.347 cross +0.027) yaw  +1.41 deg  m->o yaw  +1.35 deg | fit true 0.016 est 0.017 (x1.11)  enc/true 1.021  dr_err 7.48 m
[localization_error-7] [INFO] [1789735360.435701734] [localization_error]: now[200] 0.277 m / 1.52 deg  |  session[n=12435] mean 0.275 p95 0.603 max 1.894 m, heading mean 1.53 max 13.48 deg
[log_localization-8] [INFO] [1789735360.806659786] [log_localization]:  624.9 s  2934.3 m  err 0.124 m (along +0.122 cross +0.022) yaw  +1.41 deg  m->o yaw  +1.58 deg | fit true 0.013 est 0.036 (x2.75)  enc/true 1.021  dr_err 7.12 m
[pure_pursuit-10] [INFO] [1789735363.481395364] [pure_pursuit]: lap 68: 8.97 s
[localization_error-7] [INFO] [1789735365.433463201] [localization_error]: now[200] 0.321 m / 1.46 deg  |  session[n=12535] mean 0.275 p95 0.604 max 1.894 m, heading mean 1.53 max 13.48 deg
[log_localization-8] [INFO] [1789735365.807591629] [log_localization]:  630.0 s  2961.0 m  err 0.097 m (along +0.097 cross -0.004) yaw  +0.94 deg  m->o yaw  +0.37 deg | fit true 0.005 est 0.009 (x1.65)  enc/true 1.021  dr_err 7.47 m
[localization_error-7] [INFO] [1789735370.433734350] [localization_error]: now[200] 0.284 m / 1.62 deg  |  session[n=12635] mean 0.275 p95 0.603 max 1.894 m, heading mean 1.53 max 13.48 deg
[log_localization-8] [INFO] [1789735370.806518660] [log_localization]:  634.9 s  2983.2 m  err 0.245 m (along -0.244 cross +0.027) yaw  -1.90 deg  m->o yaw  -1.69 deg | fit true 0.040 est 0.092 (x2.33)  enc/true 1.021  dr_err 7.24 m
[pure_pursuit-10] [INFO] [1789735372.453522015] [pure_pursuit]: lap 69: 8.98 s
[localization_error-7] [INFO] [1789735375.433865560] [localization_error]: now[200] 0.328 m / 1.57 deg  |  session[n=12735] mean 0.276 p95 0.608 max 1.894 m, heading mean 1.53 max 13.48 deg
[log_localization-8] [INFO] [1789735375.807716480] [log_localization]:  640.0 s  3008.0 m  err 0.042 m (along -0.014 cross +0.040) yaw  -1.39 deg  m->o yaw  -1.33 deg | fit true 0.025 est 0.017 (x0.67)  enc/true 1.021  dr_err 7.62 m
[localization_error-7] [INFO] [1789735380.433673766] [localization_error]: now[200] 0.326 m / 1.62 deg  |  session[n=12835] mean 0.276 p95 0.607 max 1.894 m, heading mean 1.54 max 13.48 deg
[log_localization-8] [INFO] [1789735380.806965302] [log_localization]:  645.0 s  3030.4 m  err 0.049 m (along +0.030 cross -0.039) yaw  -0.40 deg  m->o yaw  -0.33 deg | fit true 0.040 est 0.031 (x0.79)  enc/true 1.021  dr_err 7.16 m
[pure_pursuit-10] [INFO] [1789735381.449458752] [pure_pursuit]: lap 70: 8.99 s
[localization_error-7] [INFO] [1789735385.433345136] [localization_error]: now[200] 0.298 m / 1.59 deg  |  session[n=12935] mean 0.277 p95 0.607 max 1.894 m, heading mean 1.53 max 13.48 deg
[log_localization-8] [INFO] [1789735385.806812010] [log_localization]:  650.0 s  3054.6 m  err 0.091 m (along +0.091 cross -0.006) yaw  -1.41 deg  m->o yaw  -1.71 deg | fit true 0.007 est 0.020 (x2.83)  enc/true 1.021  dr_err 7.40 m
[pure_pursuit-10] [INFO] [1789735390.432350544] [pure_pursuit]: lap 71: 8.99 s
[localization_error-7] [INFO] [1789735390.433301088] [localization_error]: now[200] 0.273 m / 1.53 deg  |  session[n=13035] mean 0.276 p95 0.606 max 1.894 m, heading mean 1.54 max 13.48 deg
[log_localization-8] [INFO] [1789735390.807056299] [log_localization]:  654.9 s  3076.4 m  err 0.201 m (along +0.197 cross +0.037) yaw  +1.08 deg  m->o yaw  +0.51 deg | fit true 0.023 est 0.025 (x1.11)  enc/true 1.021  dr_err 7.47 m
[localization_error-7] [INFO] [1789735395.433633141] [localization_error]: now[200] 0.285 m / 1.57 deg  |  session[n=13135] mean 0.277 p95 0.608 max 1.894 m, heading mean 1.53 max 13.48 deg
[log_localization-8] [INFO] [1789735395.807606189] [log_localization]:  660.0 s  3102.0 m  err 0.140 m (along +0.138 cross +0.023) yaw  +0.20 deg  m->o yaw  -0.06 deg | fit true 0.008 est 0.028 (x3.46)  enc/true 1.021  dr_err 7.37 m
[pure_pursuit-10] [INFO] [1789735399.409274719] [pure_pursuit]: lap 72: 8.96 s
[localization_error-7] [INFO] [1789735400.433859828] [localization_error]: now[200] 0.305 m / 1.51 deg  |  session[n=13235] mean 0.277 p95 0.606 max 1.894 m, heading mean 1.54 max 13.48 deg
[log_localization-8] [INFO] [1789735400.806774120] [log_localization]:  665.0 s  3126.5 m  err 0.342 m (along +0.341 cross +0.029) yaw  +0.23 deg  m->o yaw  +0.40 deg | fit true 0.015 est 0.013 (x0.89)  enc/true 1.021  dr_err 7.64 m
[localization_error-7] [INFO] [1789735405.435813528] [localization_error]: now[200] 0.292 m / 1.50 deg  |  session[n=13335] mean 0.277 p95 0.608 max 1.894 m, heading mean 1.53 max 13.48 deg
[log_localization-8] [INFO] [1789735405.806822795] [log_localization]:  669.9 s  3151.5 m  err 0.064 m (along +0.059 cross +0.027) yaw  +1.31 deg  m->o yaw  +1.26 deg | fit true 0.023 est 0.031 (x1.33)  enc/true 1.021  dr_err 7.40 m
[pure_pursuit-10] [INFO] [1789735408.366428538] [pure_pursuit]: lap 73: 8.95 s
[localization_error-7] [INFO] [1789735410.433885544] [localization_error]: now[200] 0.321 m / 1.40 deg  |  session[n=13435] mean 0.277 p95 0.608 max 1.894 m, heading mean 1.53 max 13.48 deg
[log_localization-8] [INFO] [1789735410.807862669] [log_localization]:  675.0 s  3178.1 m  err 0.590 m (along +0.589 cross -0.020) yaw  +0.14 deg  m->o yaw  +0.30 deg | fit true 0.004 est 0.012 (x2.87)  enc/true 1.021  dr_err 7.88 m
[localization_error-7] [INFO] [1789735415.433900415] [localization_error]: now[200] 0.321 m / 1.51 deg  |  session[n=13535] mean 0.278 p95 0.610 max 1.894 m, heading mean 1.53 max 13.48 deg
[log_localization-8] [INFO] [1789735415.806697148] [log_localization]:  679.9 s  3199.7 m  err 0.025 m (along -0.004 cross +0.025) yaw  -0.37 deg  m->o yaw  -0.97 deg | fit true 0.008 est 0.027 (x3.24)  enc/true 1.021  dr_err 7.48 m
[pure_pursuit-10] [INFO] [1789735417.345622729] [pure_pursuit]: lap 74: 8.99 s
[localization_error-7] [INFO] [1789735420.437045598] [localization_error]: now[200] 0.360 m / 1.51 deg  |  session[n=13635] mean 0.278 p95 0.612 max 1.894 m, heading mean 1.53 max 13.48 deg
[log_localization-8] [INFO] [1789735420.807003453] [log_localization]:  684.9 s  3224.4 m  err 0.048 m (along +0.030 cross +0.038) yaw  +1.31 deg  m->o yaw  +0.15 deg | fit true 0.003 est 0.012 (x4.09)  enc/true 1.021  dr_err 8.07 m
[localization_error-7] [INFO] [1789735425.434188792] [localization_error]: now[200] 0.306 m / 1.66 deg  |  session[n=13735] mean 0.278 p95 0.611 max 1.894 m, heading mean 1.54 max 13.48 deg
[log_localization-8] [INFO] [1789735425.807119855] [log_localization]:  690.0 s  3246.9 m  err 0.048 m (along -0.045 cross +0.016) yaw  -0.88 deg  m->o yaw  -0.89 deg | fit true 0.020 est 0.013 (x0.65)  enc/true 1.021  dr_err 7.71 m
[pure_pursuit-10] [INFO] [1789735426.259446046] [pure_pursuit]: lap 75: 8.90 s
[localization_error-7] [INFO] [1789735430.436255863] [localization_error]: now[200] 0.278 m / 1.65 deg  |  session[n=13835] mean 0.278 p95 0.611 max 1.894 m, heading mean 1.53 max 13.48 deg
[log_localization-8] [INFO] [1789735430.806420213] [log_localization]:  694.9 s  3271.6 m  err 0.025 m (along +0.025 cross +0.000) yaw  -0.43 deg  m->o yaw  +0.03 deg | fit true 0.017 est 0.025 (x1.47)  enc/true 1.021  dr_err 8.02 m
[pure_pursuit-10] [INFO] [1789735435.166410131] [pure_pursuit]: lap 76: 8.91 s
[localization_error-7] [INFO] [1789735435.433605020] [localization_error]: now[200] 0.275 m / 1.54 deg  |  session[n=13935] mean 0.278 p95 0.610 max 1.894 m, heading mean 1.54 max 13.48 deg
[log_localization-8] [INFO] [1789735435.806833869] [log_localization]:  700.0 s  3293.7 m  err 0.166 m (along +0.166 cross +0.006) yaw  -0.06 deg  m->o yaw  +0.02 deg | fit true 0.018 est 0.004 (x0.22)  enc/true 1.021  dr_err 8.12 m
[pure_pursuit-10] [WARN] [1789735439.568944976] [pure_pursuit]: heading jumped -26 deg in one tick: respawn. Speed estimate 4.55 -> 0, pose history cleared.
[localization_bootstrap-6] [WARN] [1789735439.570698979] [localization_bootstrap]: RESET detected: heading stepped -24 deg in one tick
[pure_pursuit-10] [WARN] [1789735439.605864896] [pure_pursuit]: localization lost after a reset: holding until it is re-confirmed
[localization_bootstrap-6] [WARN] [1789735439.605882659] [localization_bootstrap]: recovery #2: follower held; prior (+3.73, -9.94, +15 deg) -- checkpoint 1.6 m behind the last pose along the track
[localization_bootstrap-6] [INFO] [1789735439.654819936] [localization_bootstrap]: seed 1/3: x=+3.728 y=-9.942 yaw=+15.9 deg -- awaiting confirmation
[localization_bootstrap-6] [INFO] [1789735439.655461453] [localization_bootstrap]: not reporting a spawn constant: the car is moving at 0.7 m/s, so this pose is not the spawn
[amcl-4] [INFO] [1789735439.676630428] [amcl]: initialPoseReceived
[amcl-4] [INFO] [1789735439.676725666] [amcl]: Setting pose (1789735439.676725): 3.813 -9.917 0.281
[amcl-4] [INFO] [1789735439.704276742] [amcl]: Requesting no-motion update
[amcl-4] [INFO] [1789735440.154200299] [amcl]: Requesting no-motion update
[localization_error-7] [INFO] [1789735440.435097869] [localization_error]: now[200] 0.967 m / 2.68 deg  |  session[n=14035] mean 0.288 p95 0.616 max 9.631 m, heading mean 1.55 max 54.25 deg
[amcl-4] [INFO] [1789735440.604405711] [amcl]: Requesting no-motion update
[log_localization-8] [INFO] [1789735440.806857316] [log_localization]:  705.0 s  3314.2 m  err 7.075 m (along +5.238 cross +4.755) yaw  -8.98 deg  m->o yaw  -8.98 deg | fit true 0.002 est 0.765 (x340.95)  enc/true 1.021  dr_err 4.90 m
[amcl-4] [INFO] [1789735441.054552515] [amcl]: Requesting no-motion update
[amcl-4] [INFO] [1789735441.504144914] [amcl]: Requesting no-motion update
[localization_bootstrap-6] [INFO] [1789735441.554578653] [localization_bootstrap]: recovery #2: seed, attempt 1
[localization_bootstrap-6] [WARN] [1789735441.705266517] [localization_bootstrap]: seed 1 not adopted -- the estimate is 1.76 m / 10.2 deg from the seed, tolerance 0.40 m / 15.0 deg (speed 0.0 m/s); failed: position, 9% of beams on a wall within 10 cm (min 50%), pos std 0.4419465479446891 > 0.3; re-seeding
[amcl-4] [INFO] [1789735441.706556083] [amcl]: initialPoseReceived
[amcl-4] [INFO] [1789735441.706776665] [amcl]: Setting pose (1789735441.706776): 3.728 -9.942 0.277
[localization_bootstrap-6] [INFO] [1789735441.706812512] [localization_bootstrap]: seed 2/3: x=+3.728 y=-9.942 yaw=+15.9 deg -- awaiting confirmation
[amcl-4] [INFO] [1789735441.954260358] [amcl]: Requesting no-motion update
[amcl-4] [INFO] [1789735442.404124444] [amcl]: Requesting no-motion update
[amcl-4] [INFO] [1789735442.804246742] [amcl]: Requesting no-motion update
[amcl-4] [INFO] [1789735443.205370388] [amcl]: Requesting no-motion update
[localization_bootstrap-6] [INFO] [1789735443.554480347] [localization_bootstrap]: recovery #2: seed, attempt 2
[amcl-4] [INFO] [1789735443.654916972] [amcl]: Requesting no-motion update
[localization_bootstrap-6] [WARN] [1789735443.755249933] [localization_bootstrap]: seed 2 not adopted -- the estimate is 0.09 m / 4.2 deg from the seed, tolerance 0.40 m / 15.0 deg (speed 0.0 m/s); failed: 35% of beams on a wall within 10 cm (min 50%); re-seeding
[amcl-4] [INFO] [1789735443.755679755] [amcl]: initialPoseReceived
[amcl-4] [INFO] [1789735443.755764934] [amcl]: Setting pose (1789735443.755765): 3.728 -9.942 0.277
[localization_bootstrap-6] [INFO] [1789735443.756335128] [localization_bootstrap]: seed 3/3: x=+3.728 y=-9.942 yaw=+15.9 deg -- awaiting confirmation
[amcl-4] [INFO] [1789735444.104470899] [amcl]: Requesting no-motion update
[amcl-4] [INFO] [1789735444.554391029] [amcl]: Requesting no-motion update
[amcl-4] [INFO] [1789735445.004330656] [amcl]: Requesting no-motion update
[localization_error-7] [INFO] [1789735445.436404992] [localization_error]: now[200] 4.097 m / 3.91 deg  |  session[n=14135] mean 0.332 p95 0.630 max 9.631 m, heading mean 1.57 max 54.25 deg
[amcl-4] [INFO] [1789735445.454166408] [amcl]: Requesting no-motion update
[localization_bootstrap-6] [INFO] [1789735445.554914124] [localization_bootstrap]: recovery #2: seed, attempt 3
[localization_bootstrap-6] [WARN] [1789735445.805237397] [localization_bootstrap]: recovery: accepting the seed on agreement -- the estimate is 0.11 m / 3.2 deg from the seed, tolerance 0.40 m / 15.0 deg (speed 0.0 m/s); failed: 34% of beams on a wall within 10 cm (min 50%)
[localization_bootstrap-6] [INFO] [1789735445.805766324] [localization_bootstrap]: recovery: seed ACCEPTED on agreement after 3 attempts: 10.5 cm / 3.2 deg from the prior
[localization_bootstrap-6] [INFO] [1789735445.806245809] [localization_bootstrap]: CHECKPOINT CANDIDATE (converged after reset): ('3.628', '-9.910', '0.332')
[log_localization-8] [INFO] [1789735445.807502133] [log_localization]:  710.0 s  3314.2 m  err 6.140 m (along +3.400 cross +5.113) yaw  +3.16 deg  m->o yaw  +3.16 deg | fit true 0.002 est 0.400 (x176.38)  enc/true 1.021  dr_err 4.90 m
[localization_bootstrap-6] [INFO] [1789735447.555254156] [localization_bootstrap]: recovery #2: creep, attempt 3
[localization_bootstrap-6] [INFO] [1789735448.856397017] [localization_bootstrap]: recovery #2 complete in 9.3 s; follower resumes
[pure_pursuit-10] [INFO] [1789735448.857145263] [pure_pursuit]: localization re-confirmed after reset: speed cap 2.00 m/s for 8.0 m
[pure_pursuit-10] [INFO] [1789735448.858765998] [pure_pursuit]: localization converged, taking over
[pure_pursuit-10] [WARN] [1789735449.444253764] [pure_pursuit]: heading jumped +29 deg in one tick: respawn. Speed estimate 1.73 -> 0, pose history cleared.
[localization_bootstrap-6] [WARN] [1789735449.444833086] [localization_bootstrap]: RESET detected: heading stepped +27 deg in one tick
[localization_bootstrap-6] [WARN] [1789735449.455922771] [localization_bootstrap]: recovery #3: follower held; prior (+2.50, -4.65, +90 deg) -- checkpoint 0.8 m behind the last pose along the track
[pure_pursuit-10] [WARN] [1789735449.457217177] [pure_pursuit]: localization lost after a reset: holding until it is re-confirmed
[amcl-4] [INFO] [1789735449.504191150] [amcl]: initialPoseReceived
[amcl-4] [INFO] [1789735449.504279645] [amcl]: Setting pose (1789735449.504280): 2.500 -4.652 1.555
[localization_bootstrap-6] [INFO] [1789735449.504984600] [localization_bootstrap]: seed 1/3: x=+2.500 y=-4.653 yaw=+89.1 deg -- awaiting confirmation
[localization_bootstrap-6] [INFO] [1789735449.505925837] [localization_bootstrap]: not reporting a spawn constant: the car is moving at 1.5 m/s, so this pose is not the spawn
[amcl-4] [INFO] [1789735449.554291517] [amcl]: Requesting no-motion update
[localization_bootstrap-6] [INFO] [1789735449.555895520] [localization_bootstrap]: recovery #3: seed, attempt 1
[amcl-4] [INFO] [1789735449.954651648] [amcl]: Requesting no-motion update
[amcl-4] [INFO] [1789735450.355533043] [amcl]: Requesting no-motion update
[localization_error-7] [INFO] [1789735450.432933868] [localization_error]: now[200] 6.652 m / 13.02 deg  |  session[n=14235] mean 0.378 p95 0.650 max 9.631 m, heading mean 1.71 max 54.25 deg
[amcl-4] [INFO] [1789735450.804235050] [amcl]: Requesting no-motion update
[log_localization-8] [INFO] [1789735450.806720298] [log_localization]:  714.9 s  3321.9 m  err 7.469 m (along +6.996 cross +2.615) yaw  -1.42 deg  m->o yaw  -1.42 deg | fit true 0.010 est 0.238 (x23.67)  enc/true 1.021  dr_err 2.85 m
[amcl-4] [INFO] [1789735451.204204402] [amcl]: Requesting no-motion update
[localization_bootstrap-6] [WARN] [1789735451.554717459] [localization_bootstrap]: seed 1 not adopted -- the estimate is 0.22 m / 1.1 deg from the seed, tolerance 0.40 m / 15.0 deg (speed 0.0 m/s); failed: 30% of beams on a wall within 10 cm (min 50%); re-seeding
[amcl-4] [INFO] [1789735451.555128015] [amcl]: initialPoseReceived
[amcl-4] [INFO] [1789735451.555260403] [amcl]: Setting pose (1789735451.555260): 2.500 -4.653 1.556
[localization_bootstrap-6] [INFO] [1789735451.555833762] [localization_bootstrap]: seed 2/3: x=+2.500 y=-4.653 yaw=+89.1 deg -- awaiting confirmation
[localization_bootstrap-6] [INFO] [1789735451.556851111] [localization_bootstrap]: recovery #3: seed, attempt 2
[amcl-4] [INFO] [1789735451.604560206] [amcl]: Requesting no-motion update
[amcl-4] [INFO] [1789735452.054300551] [amcl]: Requesting no-motion update
[amcl-4] [INFO] [1789735452.454334413] [amcl]: Requesting no-motion update
[amcl-4] [INFO] [1789735452.854581744] [amcl]: Requesting no-motion update
[amcl-4] [INFO] [1789735453.304499410] [amcl]: Requesting no-motion update
[localization_bootstrap-6] [INFO] [1789735453.554724710] [localization_bootstrap]: recovery #3: seed, attempt 2
[localization_bootstrap-6] [WARN] [1789735453.604797757] [localization_bootstrap]: seed 2 not adopted -- the estimate is 0.04 m / 1.7 deg from the seed, tolerance 0.40 m / 15.0 deg (speed 0.0 m/s); failed: 30% of beams on a wall within 10 cm (min 50%); re-seeding
[amcl-4] [INFO] [1789735453.605221908] [amcl]: initialPoseReceived
[amcl-4] [INFO] [1789735453.605298040] [amcl]: Setting pose (1789735453.605298): 2.500 -4.653 1.556
[localization_bootstrap-6] [INFO] [1789735453.605842877] [localization_bootstrap]: seed 3/3: x=+2.500 y=-4.653 yaw=+89.1 deg -- awaiting confirmation
[amcl-4] [INFO] [1789735453.754273057] [amcl]: Requesting no-motion update
[amcl-4] [INFO] [1789735454.154268759] [amcl]: Requesting no-motion update
[amcl-4] [INFO] [1789735454.604288044] [amcl]: Requesting no-motion update
[amcl-4] [INFO] [1789735455.004708919] [amcl]: Requesting no-motion update
[localization_error-7] [INFO] [1789735455.435576413] [localization_error]: now[200] 7.080 m / 11.47 deg  |  session[n=14335] mean 0.426 p95 0.669 max 9.631 m, heading mean 1.71 max 54.25 deg
[amcl-4] [INFO] [1789735455.454152270] [amcl]: Requesting no-motion update
[localization_bootstrap-6] [INFO] [1789735455.554756988] [localization_bootstrap]: recovery #3: seed, attempt 3
[localization_bootstrap-6] [WARN] [1789735455.656094524] [localization_bootstrap]: recovery: accepting the seed on agreement -- the estimate is 0.05 m / 1.7 deg from the seed, tolerance 0.40 m / 15.0 deg (speed 0.0 m/s); failed: 30% of beams on a wall within 10 cm (min 50%)
[localization_bootstrap-6] [INFO] [1789735455.657369373] [localization_bootstrap]: recovery: seed ACCEPTED on agreement after 3 attempts: 5.4 cm / 1.7 deg from the prior
[localization_bootstrap-6] [INFO] [1789735455.658499111] [localization_bootstrap]: CHECKPOINT CANDIDATE (converged after reset): ('2.543', '-4.620', '1.525')
[log_localization-8] [INFO] [1789735455.806659538] [log_localization]:  719.9 s  3321.9 m  err 7.267 m (along +6.787 cross +2.597) yaw  -1.84 deg  m->o yaw  -1.73 deg | fit true 0.008 est 0.237 (x28.58)  enc/true 1.021  dr_err 2.89 m
[localization_bootstrap-6] [INFO] [1789735457.555876705] [localization_bootstrap]: recovery #3: creep, attempt 3
[localization_bootstrap-6] [INFO] [1789735458.705556867] [localization_bootstrap]: recovery #3 complete in 9.3 s; follower resumes
[pure_pursuit-10] [INFO] [1789735458.705937778] [pure_pursuit]: localization re-confirmed after reset: speed cap 2.00 m/s for 8.0 m
[pure_pursuit-10] [INFO] [1789735458.706746878] [pure_pursuit]: localization converged, taking over
[pure_pursuit-10] [WARN] [1789735459.302953678] [pure_pursuit]: heading jumped -66 deg in one tick: respawn. Speed estimate 1.84 -> 0, pose history cleared.
[localization_bootstrap-6] [WARN] [1789735459.303412725] [localization_bootstrap]: RESET detected: heading stepped -60 deg in one tick
[pure_pursuit-10] [WARN] [1789735459.306748610] [pure_pursuit]: localization lost after a reset: holding until it is re-confirmed
[localization_bootstrap-6] [WARN] [1789735459.306808181] [localization_bootstrap]: recovery #4: follower held; prior (+0.80, +0.65, +90 deg) -- checkpoint -0.9 m behind the last pose along the track
[localization_bootstrap-6] [INFO] [1789735459.355175985] [localization_bootstrap]: seed 1/3: x=+0.800 y=+0.647 yaw=+91.1 deg -- awaiting confirmation
[localization_bootstrap-6] [INFO] [1789735459.356137820] [localization_bootstrap]: not reporting a spawn constant: the car is moving at 1.5 m/s, so this pose is not the spawn
[amcl-4] [INFO] [1789735459.367756453] [amcl]: initialPoseReceived
[amcl-4] [INFO] [1789735459.367834198] [amcl]: Setting pose (1789735459.367834): 0.800 0.640 1.593
[localization_bootstrap-6] [INFO] [1789735459.554658569] [localization_bootstrap]: recovery #4: seed, attempt 1
[localization_error-7] [INFO] [1789735460.433764005] [localization_error]: now[200] 7.564 m / 4.96 deg  |  session[n=14435] mean 0.477 p95 0.693 max 9.631 m, heading mean 1.76 max 54.25 deg
[log_localization-8] [INFO] [1789735460.806295042] [log_localization]:  724.9 s  3330.6 m  err 7.643 m (along +7.490 cross +1.522) yaw  -0.10 deg  m->o yaw  -0.10 deg | fit true 0.017 est 0.023 (x1.38)  enc/true 1.021  dr_err 1.07 m
[localization_bootstrap-6] [WARN] [1789735461.406506736] [localization_bootstrap]: seed 1 not adopted -- the estimate is 2.19 m / 0.3 deg from the seed, tolerance 0.40 m / 15.0 deg (speed 1.0 m/s); failed: position; re-seeding
[amcl-4] [INFO] [1789735461.407162019] [amcl]: initialPoseReceived
[amcl-4] [INFO] [1789735461.407364387] [amcl]: Setting pose (1789735461.407364): 0.800 0.648 1.593
[localization_bootstrap-6] [INFO] [1789735461.408638364] [localization_bootstrap]: seed 2/3: x=+0.800 y=+0.647 yaw=+91.3 deg -- awaiting confirmation
[localization_bootstrap-6] [INFO] [1789735461.555288302] [localization_bootstrap]: recovery #4: seed, attempt 2
[localization_bootstrap-6] [WARN] [1789735463.454727764] [localization_bootstrap]: seed 2 not adopted -- the estimate is 2.09 m / 5.3 deg from the seed, tolerance 0.40 m / 15.0 deg (speed 0.9 m/s); failed: position, 32% of beams on a wall within 10 cm (min 50%); re-seeding
[amcl-4] [INFO] [1789735463.455101691] [amcl]: initialPoseReceived
[amcl-4] [INFO] [1789735463.455172594] [amcl]: Setting pose (1789735463.455173): 0.800 0.648 1.593
[localization_bootstrap-6] [INFO] [1789735463.455837875] [localization_bootstrap]: seed 3/3: x=+0.800 y=+0.647 yaw=+91.3 deg -- awaiting confirmation
[localization_bootstrap-6] [INFO] [1789735463.554745106] [localization_bootstrap]: recovery #4: seed, attempt 3
[localization_error-7] [INFO] [1789735465.433298921] [localization_error]: now[200] 6.821 m / 5.55 deg  |  session[n=14535] mean 0.514 p95 0.723 max 9.631 m, heading mean 1.76 max 54.25 deg
[localization_bootstrap-6] [WARN] [1789735465.505970390] [localization_bootstrap]: recovery: prior not adopted (seed REJECTED after 3 attempts -- the estimate is 1.95 m / 15.4 deg from the seed, tolerance 0.40 m / 15.0 deg (speed 1.1 m/s); failed: position, 46% of beams on a wall within 10 cm (min 50%)); searching the whole map
[localization_bootstrap-6] [WARN] [1789735465.507771471] [localization_bootstrap]: UNMATCHED RESET near (+0.58, +1.61): if the car is at a checkpoint not in frames.TRACKS, add it from this run's ground truth
[amcl-4] [INFO] [1789735465.555091359] [amcl]: Initializing with uniform distribution
[localization_bootstrap-6] [INFO] [1789735465.556676007] [localization_bootstrap]: scattered particles across the map -- no initial pose needed
[localization_bootstrap-6] [INFO] [1789735465.558719941] [localization_bootstrap]: recovery #4: global, attempt 3
[amcl-4] [INFO] [1789735465.585091235] [amcl]: Global initialisation done!
[log_localization-8] [INFO] [1789735465.808167951] [log_localization]:  730.0 s  3337.8 m  err 5.654 m (along +4.454 cross +3.482) yaw +14.64 deg  m->o yaw +14.59 deg | fit true 0.001 est 0.192 (x331.88)  enc/true 1.020  dr_err 1.57 m
[localization_bootstrap-6] [INFO] [1789735467.556569946] [localization_bootstrap]: recovery #4: global, attempt 3
[localization_bootstrap-6] [INFO] [1789735469.554712338] [localization_bootstrap]: recovery #4: global, attempt 3
[localization_error-7] [INFO] [1789735470.436311567] [localization_error]: now[200] 6.523 m / 62.58 deg  |  session[n=14635] mean 0.560 p95 0.769 max 9.631 m, heading mean 2.59 max 179.00 deg
[log_localization-8] [INFO] [1789735470.807156357] [log_localization]:  735.0 s  3341.5 m  err 8.264 m (along -8.242 cross +0.594) yaw -137.30 deg  m->o yaw -137.30 deg | fit true 0.015 est 0.403 (x26.04)  enc/true 1.020  dr_err 1.66 m
[localization_bootstrap-6] [INFO] [1789735471.555358611] [localization_bootstrap]: recovery #4: global, attempt 3
[localization_bootstrap-6] [INFO] [1789735473.554947872] [localization_bootstrap]: recovery #4: global, attempt 3
[localization_error-7] [INFO] [1789735475.434120482] [localization_error]: now[200] 7.726 m / 130.10 deg  |  session[n=14735] mean 0.612 p95 1.269 max 9.631 m, heading mean 3.50 max 179.00 deg
[localization_bootstrap-6] [INFO] [1789735475.556246132] [localization_bootstrap]: recovery #4: global, attempt 3
[log_localization-8] [INFO] [1789735475.808094923] [log_localization]:  740.0 s  3341.5 m  err 8.258 m (along -8.236 cross +0.599) yaw -137.30 deg  m->o yaw -137.30 deg | fit true 0.015 est 0.403 (x26.02)  enc/true 1.020  dr_err 1.65 m
[localization_bootstrap-6] [INFO] [1789735477.555962771] [localization_bootstrap]: recovery #4: global, attempt 3
[localization_bootstrap-6] [INFO] [1789735479.555552864] [localization_bootstrap]: recovery #4: global, attempt 3
[localization_error-7] [INFO] [1789735480.434141845] [localization_error]: now[200] 8.258 m / 137.30 deg  |  session[n=14835] mean 0.664 p95 5.478 max 9.631 m, heading mean 4.40 max 179.00 deg
[localization_bootstrap-6] [ERROR] [1789735480.554858757] [localization_bootstrap]: recovery: global search failed too (TIMEOUT after 15 s -- pos std 4.413 m never reached 0.15 m. The pose is NOT localized; check the scan against the map.); resuming on the current estimate, which AMCL may still correct while driving. Parked forever loses the race for certain.
[pure_pursuit-10] [INFO] [1789735480.556431833] [pure_pursuit]: localization re-confirmed after reset: speed cap 2.00 m/s for 8.0 m
[pure_pursuit-10] [INFO] [1789735480.556998070] [pure_pursuit]: localization converged, taking over
[log_localization-8] [INFO] [1789735480.806930022] [log_localization]:  744.9 s  3341.6 m  err 8.412 m (along -8.409 cross +0.242) yaw -137.49 deg  m->o yaw -137.30 deg | fit true 0.002 est 0.389 (x161.63)  enc/true 1.020  dr_err 1.63 m
[localization_bootstrap-6] [WARN] [1789735480.906256676] [localization_bootstrap]: RESET detected: heading stepped +23 deg in one tick
[pure_pursuit-10] [WARN] [1789735480.906506602] [pure_pursuit]: heading jumped +22 deg in one tick: respawn. Speed estimate 1.07 -> 0, pose history cleared.
[localization_bootstrap-6] [WARN] [1789735480.955171651] [localization_bootstrap]: recovery #5: follower held; prior (+0.80, +0.65, +91 deg) -- checkpoint -0.9 m behind the last pose along the track
[pure_pursuit-10] [WARN] [1789735480.955552191] [pure_pursuit]: localization lost after a reset: holding until it is re-confirmed
[localization_bootstrap-6] [INFO] [1789735481.005752034] [localization_bootstrap]: seed 1/3: x=+0.800 y=+0.647 yaw=+92.9 deg -- awaiting confirmation
[localization_bootstrap-6] [INFO] [1789735481.007298860] [localization_bootstrap]: not reporting a spawn constant: the car is moving at 0.4 m/s, so this pose is not the spawn
[amcl-4] [INFO] [1789735481.253624343] [amcl]: initialPoseReceived
[amcl-4] [INFO] [1789735481.253750668] [amcl]: Setting pose (1789735481.253750): 0.796 0.713 1.626
[amcl-4] [INFO] [1789735481.258694424] [amcl]: Requesting no-motion update
[amcl-4] [INFO] [1789735481.454398407] [amcl]: Requesting no-motion update
[localization_bootstrap-6] [INFO] [1789735481.554697565] [localization_bootstrap]: recovery #5: seed, attempt 1
[amcl-4] [INFO] [1789735481.904125407] [amcl]: Requesting no-motion update
[amcl-4] [INFO] [1789735482.304537095] [amcl]: Requesting no-motion update
[amcl-4] [INFO] [1789735482.754092945] [amcl]: Requesting no-motion update
[localization_bootstrap-6] [WARN] [1789735483.056013689] [localization_bootstrap]: seed 1 not adopted -- the estimate is 0.06 m / 2.8 deg from the seed, tolerance 0.40 m / 15.0 deg (speed 0.0 m/s); failed: 22% of beams on a wall within 10 cm (min 50%); re-seeding
[amcl-4] [INFO] [1789735483.056644366] [amcl]: initialPoseReceived
[amcl-4] [INFO] [1789735483.056709448] [amcl]: Setting pose (1789735483.056710): 0.800 0.647 1.634
[localization_bootstrap-6] [INFO] [1789735483.058251405] [localization_bootstrap]: seed 2/3: x=+0.800 y=+0.647 yaw=+93.6 deg -- awaiting confirmation
[amcl-4] [INFO] [1789735483.154638242] [amcl]: Requesting no-motion update
[localization_bootstrap-6] [INFO] [1789735483.554702121] [localization_bootstrap]: recovery #5: seed, attempt 2
[amcl-4] [INFO] [1789735483.604191107] [amcl]: Requesting no-motion update
[amcl-4] [INFO] [1789735484.054437657] [amcl]: Requesting no-motion update
[amcl-4] [INFO] [1789735484.454679868] [amcl]: Requesting no-motion update
[amcl-4] [INFO] [1789735484.904416086] [amcl]: Requesting no-motion update
[localization_bootstrap-6] [WARN] [1789735485.105798716] [localization_bootstrap]: seed 2 not adopted -- the estimate is 0.03 m / 0.1 deg from the seed, tolerance 0.40 m / 15.0 deg (speed 0.0 m/s); failed: 20% of beams on a wall within 10 cm (min 50%); re-seeding
[amcl-4] [INFO] [1789735485.106331079] [amcl]: initialPoseReceived
[amcl-4] [INFO] [1789735485.106410267] [amcl]: Setting pose (1789735485.106410): 0.800 0.647 1.634
[localization_bootstrap-6] [INFO] [1789735485.107504809] [localization_bootstrap]: seed 3/3: x=+0.800 y=+0.647 yaw=+93.6 deg -- awaiting confirmation
[amcl-4] [INFO] [1789735485.304402620] [amcl]: Requesting no-motion update
[localization_error-7] [INFO] [1789735485.433929122] [localization_error]: now[200] 6.707 m / 83.73 deg  |  session[n=14935] mean 0.694 p95 5.623 max 9.631 m, heading mean 4.58 max 179.00 deg
[localization_bootstrap-6] [INFO] [1789735485.554788560] [localization_bootstrap]: recovery #5: seed, attempt 3
[amcl-4] [INFO] [1789735485.753988557] [amcl]: Requesting no-motion update
[log_localization-8] [INFO] [1789735485.807840395] [log_localization]:  750.0 s  3342.2 m  err 4.314 m (along +0.759 cross +4.247) yaw  -0.69 deg  m->o yaw  -0.69 deg | fit true 0.014 est 0.258 (x18.71)  enc/true 1.020  dr_err 2.29 m
[amcl-4] [INFO] [1789735486.154152602] [amcl]: Requesting no-motion update
[amcl-4] [INFO] [1789735486.554372993] [amcl]: Requesting no-motion update
[amcl-4] [INFO] [1789735487.004068584] [amcl]: Requesting no-motion update
[localization_bootstrap-6] [WARN] [1789735487.155222397] [localization_bootstrap]: recovery: accepting the seed on agreement -- the estimate is 0.05 m / 1.0 deg from the seed, tolerance 0.40 m / 15.0 deg (speed 0.0 m/s); failed: 21% of beams on a wall within 10 cm (min 50%)
[localization_bootstrap-6] [INFO] [1789735487.156048168] [localization_bootstrap]: recovery: seed ACCEPTED on agreement after 3 attempts: 5.1 cm / 1.0 deg from the prior
[localization_bootstrap-6] [INFO] [1789735487.156818516] [localization_bootstrap]: CHECKPOINT CANDIDATE (converged after reset): ('0.758', '0.617', '1.618')
[localization_bootstrap-6] [INFO] [1789735487.556094695] [localization_bootstrap]: recovery #5: creep, attempt 3
[localization_bootstrap-6] [INFO] [1789735489.556951572] [localization_bootstrap]: recovery #5: creep, attempt 3
[localization_bootstrap-6] [INFO] [1789735490.205242391] [localization_bootstrap]: recovery #5 complete in 9.3 s; follower resumes
[pure_pursuit-10] [INFO] [1789735490.206267304] [pure_pursuit]: localization re-confirmed after reset: speed cap 2.00 m/s for 8.0 m
[pure_pursuit-10] [INFO] [1789735490.207737177] [pure_pursuit]: localization converged, taking over
[localization_error-7] [INFO] [1789735490.434340433] [localization_error]: now[200] 4.390 m / 23.56 deg  |  session[n=15035] mean 0.713 p95 5.593 max 9.631 m, heading mean 4.66 max 179.00 deg
[log_localization-8] [INFO] [1789735490.806653644] [log_localization]:  754.9 s  3348.6 m  err 1.730 m (along +1.506 cross -0.851) yaw -38.78 deg  m->o yaw -38.79 deg | fit true 0.005 est nan (xnan)  enc/true 1.020  dr_err 2.73 m
[localization_bootstrap-6] [WARN] [1789735491.032995543] [localization_bootstrap]: RESET detected: heading stepped +79 deg in one tick
[pure_pursuit-10] [WARN] [1789735491.033430775] [pure_pursuit]: heading jumped +79 deg in one tick: respawn. Speed estimate 1.75 -> 0, pose history cleared.
[pure_pursuit-10] [WARN] [1789735491.055591702] [pure_pursuit]: localization lost after a reset: holding until it is re-confirmed
[localization_bootstrap-6] [WARN] [1789735491.055602542] [localization_bootstrap]: recovery #6: follower held; prior (+0.80, +3.65, -145 deg) -- checkpoint -1.0 m behind the last pose along the track
[amcl-4] [INFO] [1789735491.104642601] [amcl]: initialPoseReceived
[amcl-4] [INFO] [1789735491.104764889] [amcl]: Setting pose (1789735491.104765): 0.800 3.653 -2.531
[localization_bootstrap-6] [INFO] [1789735491.105283026] [localization_bootstrap]: seed 1/3: x=+0.800 y=+3.653 yaw=-145.0 deg -- awaiting confirmation
[localization_bootstrap-6] [INFO] [1789735491.106284134] [localization_bootstrap]: not reporting a spawn constant: the car is moving at 0.2 m/s, so this pose is not the spawn
[amcl-4] [INFO] [1789735491.154105158] [amcl]: Requesting no-motion update
[amcl-4] [INFO] [1789735491.554108644] [amcl]: Requesting no-motion update
[localization_bootstrap-6] [INFO] [1789735491.554793041] [localization_bootstrap]: recovery #6: seed, attempt 1
[amcl-4] [INFO] [1789735491.954523959] [amcl]: Requesting no-motion update
[amcl-4] [INFO] [1789735492.354577909] [amcl]: Requesting no-motion update
[amcl-4] [INFO] [1789735492.754510512] [amcl]: Requesting no-motion update
[localization_bootstrap-6] [INFO] [1789735493.155901949] [localization_bootstrap]: recovery: 77% of beams on a wall within 10 cm (min 50%). seed CONFIRMED on attempt 1: the estimate is 12.9 cm / 1.4 deg from truth (pos std 0.154 m). Tracking is now lidar + map + dead reckoning only.
[localization_bootstrap-6] [INFO] [1789735493.157180144] [localization_bootstrap]: CHECKPOINT CANDIDATE (converged after reset): ('0.864', '3.540', '-2.507')
[localization_bootstrap-6] [INFO] [1789735493.555862434] [localization_bootstrap]: recovery #6: creep, attempt 1
[pure_pursuit-10] [INFO] [1789735493.987066126] [pure_pursuit]: lap 77: 58.82 s
[localization_error-7] [INFO] [1789735495.434039316] [localization_error]: now[200] 2.566 m / 13.14 deg  |  session[n=15135] mean 0.718 p95 5.492 max 9.631 m, heading mean 4.69 max 179.00 deg
[localization_bootstrap-6] [INFO] [1789735495.554934661] [localization_bootstrap]: recovery #6: creep, attempt 1
[log_localization-8] [INFO] [1789735495.806480114] [log_localization]:  759.9 s  3354.2 m  err 1.561 m (along +1.561 cross +0.034) yaw  -0.20 deg  m->o yaw  -0.02 deg | fit true 0.016 est 0.009 (x0.57)  enc/true 1.020  dr_err 2.40 m
[localization_bootstrap-6] [INFO] [1789735496.204603291] [localization_bootstrap]: recovery #6 complete in 5.1 s; follower resumes
[pure_pursuit-10] [INFO] [1789735496.206070990] [pure_pursuit]: localization re-confirmed after reset: speed cap 2.00 m/s for 8.0 m
[pure_pursuit-10] [INFO] [1789735496.206967744] [pure_pursuit]: localization converged, taking over
[localization_error-7] [INFO] [1789735500.435178105] [localization_error]: now[200] 1.533 m / 4.92 deg  |  session[n=15235] mean 0.724 p95 5.482 max 9.631 m, heading mean 4.66 max 179.00 deg
[pure_pursuit-10] [INFO] [1789735500.438329336] [pure_pursuit]: recover warmup released after 8.0 m
[log_localization-8] [INFO] [1789735500.806695350] [log_localization]:  764.9 s  3364.4 m  err 1.454 m (along +1.454 cross -0.016) yaw  +0.19 deg  m->o yaw  +0.17 deg | fit true 0.009 est 0.014 (x1.50)  enc/true 1.020  dr_err 2.23 m
[pure_pursuit-10] [WARN] [1789735502.075555485] [pure_pursuit]: heading jumped -43 deg in one tick: respawn. Speed estimate 2.53 -> 0, pose history cleared.
[localization_bootstrap-6] [WARN] [1789735502.076856112] [localization_bootstrap]: RESET detected: heading stepped -41 deg in one tick
[localization_bootstrap-6] [WARN] [1789735502.106666654] [localization_bootstrap]: recovery #7: follower held; prior (+0.72, -15.57, -90 deg) -- checkpoint -0.9 m behind the last pose along the track
[pure_pursuit-10] [WARN] [1789735502.108798834] [pure_pursuit]: localization lost after a reset: holding until it is re-confirmed
[amcl-4] [INFO] [1789735502.154101918] [amcl]: initialPoseReceived
[amcl-4] [INFO] [1789735502.154173672] [amcl]: Setting pose (1789735502.154174): 0.718 -15.575 -1.548
[localization_bootstrap-6] [INFO] [1789735502.154690346] [localization_bootstrap]: seed 1/3: x=+0.718 y=-15.575 yaw=-88.7 deg -- awaiting confirmation
[localization_bootstrap-6] [INFO] [1789735502.155368943] [localization_bootstrap]: not reporting a spawn constant: the car is moving at 0.5 m/s, so this pose is not the spawn
[pure_pursuit-10] [WARN] [1789735503.138159846] [pure_pursuit]: heading jumped -60 deg in one tick: respawn. Speed estimate 0.00 -> 0, pose history cleared.
[localization_bootstrap-6] [INFO] [1789735503.555751375] [localization_bootstrap]: recovery #7: seed, attempt 1
[pure_pursuit-10] [WARN] [1789735504.159786855] [pure_pursuit]: heading jumped -60 deg in one tick: respawn. Speed estimate 0.00 -> 0, pose history cleared.
[localization_bootstrap-6] [WARN] [1789735504.206928551] [localization_bootstrap]: seed 1 not adopted -- the estimate is 1.38 m / 36.8 deg from the seed, tolerance 0.40 m / 15.0 deg (speed 0.6 m/s); failed: position, 15% of beams on a wall within 10 cm (min 50%); re-seeding
[amcl-4] [INFO] [1789735504.207505527] [amcl]: initialPoseReceived
[amcl-4] [INFO] [1789735504.207581279] [amcl]: Setting pose (1789735504.207581): 0.718 -15.575 -1.562
[localization_bootstrap-6] [INFO] [1789735504.208765509] [localization_bootstrap]: seed 2/3: x=+0.718 y=-15.575 yaw=-89.5 deg -- awaiting confirmation
[pure_pursuit-10] [WARN] [1789735505.211449597] [pure_pursuit]: heading jumped -60 deg in one tick: respawn. Speed estimate 0.00 -> 0, pose history cleared.
[localization_error-7] [INFO] [1789735505.434050544] [localization_error]: now[200] 2.571 m / 2.12 deg  |  session[n=15335] mean 0.743 p95 5.472 max 9.631 m, heading mean 4.66 max 179.00 deg
[localization_bootstrap-6] [INFO] [1789735505.554765643] [localization_bootstrap]: recovery #7: seed, attempt 2
[log_localization-8] [INFO] [1789735505.807033795] [log_localization]:  770.0 s  3374.9 m  err 4.713 m (along +4.141 cross -2.250) yaw -10.21 deg  m->o yaw -10.34 deg | fit true 0.002 est 0.285 (x131.02)  enc/true 1.019  dr_err 2.67 m
[localization_bootstrap-6] [WARN] [1789735506.255222635] [localization_bootstrap]: seed 2 not adopted -- the estimate is 1.38 m / 17.7 deg from the seed, tolerance 0.40 m / 15.0 deg (speed 0.4 m/s); failed: position; re-seeding
[amcl-4] [INFO] [1789735506.256119618] [amcl]: initialPoseReceived
[amcl-4] [INFO] [1789735506.256298061] [amcl]: Setting pose (1789735506.256298): 0.717 -15.574 -0.533
[localization_bootstrap-6] [INFO] [1789735506.256910685] [localization_bootstrap]: seed 3/3: x=+0.718 y=-15.575 yaw=-30.5 deg -- awaiting confirmation
[pure_pursuit-10] [WARN] [1789735506.265715236] [pure_pursuit]: heading jumped -61 deg in one tick: respawn. Speed estimate 0.00 -> 0, pose history cleared.
[pure_pursuit-10] [WARN] [1789735507.278030277] [pure_pursuit]: heading jumped -60 deg in one tick: respawn. Speed estimate 0.00 -> 0, pose history cleared.
[localization_bootstrap-6] [INFO] [1789735507.554770449] [localization_bootstrap]: recovery #7: seed, attempt 3
[localization_bootstrap-6] [WARN] [1789735508.306049415] [localization_bootstrap]: recovery: prior not adopted (seed REJECTED after 3 attempts -- the estimate is 0.54 m / 2.9 deg from the seed, tolerance 0.40 m / 15.0 deg (speed 0.7 m/s); failed: position, 11% of beams on a wall within 10 cm (min 50%), pos std 0.31572441466833545 > 0.3); searching the whole map
[localization_bootstrap-6] [WARN] [1789735508.307948900] [localization_bootstrap]: UNMATCHED RESET near (+1.09, -14.62): if the car is at a checkpoint not in frames.TRACKS, add it from this run's ground truth
[pure_pursuit-10] [WARN] [1789735508.314401692] [pure_pursuit]: heading jumped -60 deg in one tick: respawn. Speed estimate 0.00 -> 0, pose history cleared.
[localization_bootstrap-6] [INFO] [1789735508.356601225] [localization_bootstrap]: scattered particles across the map -- no initial pose needed
[amcl-4] [INFO] [1789735508.375590382] [amcl]: Initializing with uniform distribution
[amcl-4] [INFO] [1789735508.408173569] [amcl]: Global initialisation done!
[localization_bootstrap-6] [INFO] [1789735509.555537969] [localization_bootstrap]: recovery #7: global, attempt 3
[localization_error-7] [INFO] [1789735510.433823374] [localization_error]: now[200] 4.658 m / 8.33 deg  |  session[n=15435] mean 0.775 p95 5.733 max 9.631 m, heading mean 4.71 max 179.00 deg
[log_localization-8] [INFO] [1789735510.806631338] [log_localization]:  775.0 s  3382.6 m  err 9.029 m (along -7.817 cross +4.518) yaw  -2.57 deg  m->o yaw  -2.55 deg | fit true 0.006 est 0.366 (x65.38)  enc/true 1.019  dr_err 5.11 m
[localization_bootstrap-6] [INFO] [1789735511.555860979] [localization_bootstrap]: recovery #7: global, attempt 3
[localization_bootstrap-6] [INFO] [1789735513.556277334] [localization_bootstrap]: recovery #7: global, attempt 3
[localization_error-7] [INFO] [1789735515.436310289] [localization_error]: now[200] 7.578 m / 7.63 deg  |  session[n=15535] mean 0.831 p95 6.268 max 9.631 m, heading mean 4.69 max 179.00 deg
[localization_bootstrap-6] [INFO] [1789735515.554834348] [localization_bootstrap]: recovery #7: global, attempt 3
[log_localization-8] [INFO] [1789735515.806609230] [log_localization]:  779.9 s  3383.0 m  err 9.507 m (along -7.649 cross +5.645) yaw  -2.26 deg  m->o yaw  -2.26 deg | fit true 0.003 est 0.299 (x89.03)  enc/true 1.019  dr_err 5.17 m
[localization_bootstrap-6] [INFO] [1789735517.554939121] [localization_bootstrap]: recovery #7: global, attempt 3
[localization_bootstrap-6] [INFO] [1789735519.554693701] [localization_bootstrap]: recovery #7: global, attempt 3
[localization_error-7] [INFO] [1789735520.437710556] [localization_error]: now[200] 9.469 m / 2.28 deg  |  session[n=15635] mean 0.886 p95 7.075 max 9.631 m, heading mean 4.68 max 179.00 deg
[log_localization-8] [INFO] [1789735520.806767950] [log_localization]:  784.9 s  3383.1 m  err 9.516 m (along -7.662 cross +5.645) yaw  -2.26 deg  m->o yaw  -2.26 deg | fit true 0.003 est 0.298 (x87.13)  enc/true 1.019  dr_err 5.16 m
[localization_bootstrap-6] [INFO] [1789735521.556039630] [localization_bootstrap]: recovery #7: global, attempt 3
[localization_bootstrap-6] [ERROR] [1789735523.354433260] [localization_bootstrap]: recovery: global search failed too (TIMEOUT after 15 s -- pos std 4.498 m never reached 0.15 m. The pose is NOT localized; check the scan against the map.); resuming on the current estimate, which AMCL may still correct while driving. Parked forever loses the race for certain.
[pure_pursuit-10] [INFO] [1789735523.355587584] [pure_pursuit]: localization re-confirmed after reset: speed cap 2.00 m/s for 8.0 m
[pure_pursuit-10] [INFO] [1789735523.356148461] [pure_pursuit]: localization converged, taking over
[localization_error-7] [INFO] [1789735525.435552953] [localization_error]: now[200] 9.619 m / 2.99 deg  |  session[n=15735] mean 0.942 p95 7.320 max 11.180 m, heading mean 4.67 max 179.00 deg
[log_localization-8] [INFO] [1789735525.806787029] [log_localization]:  790.0 s  3387.4 m  err 9.313 m (along +6.752 cross +6.415) yaw +25.70 deg  m->o yaw +25.20 deg | fit true 0.003 est 0.365 (x110.01)  enc/true 1.019  dr_err 5.86 m
[localization_bootstrap-6] [WARN] [1789735527.261105747] [localization_bootstrap]: RESET detected: heading stepped +53 deg in one tick
[pure_pursuit-10] [WARN] [1789735527.261889931] [pure_pursuit]: heading jumped +52 deg in one tick: respawn. Speed estimate 1.94 -> 0, pose history cleared.
[localization_bootstrap-6] [WARN] [1789735527.306006220] [localization_bootstrap]: recovery #8: follower held; prior (+3.52, -1.40, +71 deg) -- checkpoint -0.6 m behind the last pose along the track
[pure_pursuit-10] [WARN] [1789735527.307490751] [pure_pursuit]: localization lost after a reset: holding until it is re-confirmed
[localization_bootstrap-6] [INFO] [1789735527.356013534] [localization_bootstrap]: seed 1/3: x=+3.525 y=-1.396 yaw=+71.5 deg -- awaiting confirmation
[localization_bootstrap-6] [INFO] [1789735527.357709178] [localization_bootstrap]: not reporting a spawn constant: the car is moving at 0.6 m/s, so this pose is not the spawn
[localization_bootstrap-6] [INFO] [1789735527.554610716] [localization_bootstrap]: recovery #8: seed, attempt 1
[amcl-4] [INFO] [1789735527.626672948] [amcl]: initialPoseReceived
[amcl-4] [INFO] [1789735527.626831504] [amcl]: Setting pose (1789735527.626831): 3.636 -1.100 1.093
[pure_pursuit-10] [WARN] [1789735529.032925355] [pure_pursuit]: heading jumped +85 deg in one tick: respawn. Speed estimate 0.00 -> 0, pose history cleared.
[localization_bootstrap-6] [WARN] [1789735529.405953650] [localization_bootstrap]: seed 1 not adopted -- the estimate is 1.19 m / 1.2 deg from the seed, tolerance 0.40 m / 15.0 deg (speed 0.7 m/s); failed: position; re-seeding
[amcl-4] [INFO] [1789735529.406712977] [amcl]: initialPoseReceived
[amcl-4] [INFO] [1789735529.406832129] [amcl]: Setting pose (1789735529.406832): 3.526 -1.395 0.915
[localization_bootstrap-6] [INFO] [1789735529.407871519] [localization_bootstrap]: seed 2/3: x=+3.525 y=-1.396 yaw=+52.5 deg -- awaiting confirmation
[localization_bootstrap-6] [INFO] [1789735529.555239006] [localization_bootstrap]: recovery #8: seed, attempt 2
[localization_error-7] [INFO] [1789735530.434440531] [localization_error]: now[200] 10.641 m / 8.54 deg  |  session[n=15835] mean 1.009 p95 7.634 max 13.084 m, heading mean 4.73 max 179.00 deg
[pure_pursuit-10] [WARN] [1789735530.516831098] [pure_pursuit]: heading jumped +79 deg in one tick: respawn. Speed estimate 0.00 -> 0, pose history cleared.
[log_localization-8] [INFO] [1789735530.807129893] [log_localization]:  795.0 s  3397.0 m  err 12.826 m (along +11.359 cross +5.957) yaw +10.26 deg  m->o yaw +10.31 deg | fit true 0.002 est 0.176 (x88.45)  enc/true 1.017  dr_err 7.23 m
[localization_bootstrap-6] [WARN] [1789735531.454855618] [localization_bootstrap]: seed 2 not adopted -- the estimate is 1.48 m / 6.0 deg from the seed, tolerance 0.40 m / 15.0 deg (speed 0.5 m/s); failed: position; re-seeding
[amcl-4] [INFO] [1789735531.455291812] [amcl]: initialPoseReceived
[amcl-4] [INFO] [1789735531.455372022] [amcl]: Setting pose (1789735531.455372): 3.525 -1.396 0.362
[localization_bootstrap-6] [INFO] [1789735531.456006486] [localization_bootstrap]: seed 3/3: x=+3.525 y=-1.396 yaw=+20.7 deg -- awaiting confirmation
[localization_bootstrap-6] [INFO] [1789735531.555353998] [localization_bootstrap]: recovery #8: seed, attempt 3
[pure_pursuit-10] [WARN] [1789735531.985592819] [pure_pursuit]: heading jumped +79 deg in one tick: respawn. Speed estimate 0.00 -> 0, pose history cleared.
[pure_pursuit-10] [WARN] [1789735533.451992382] [pure_pursuit]: heading jumped +79 deg in one tick: respawn. Speed estimate 0.00 -> 0, pose history cleared.
[localization_bootstrap-6] [WARN] [1789735533.506813309] [localization_bootstrap]: recovery: prior not adopted (seed REJECTED after 3 attempts -- the estimate is 1.32 m / 54.7 deg from the seed, tolerance 0.40 m / 15.0 deg (speed 0.7 m/s); failed: position, 17% of beams on a wall within 10 cm (min 50%), pos std 0.33320074860437504 > 0.3); searching the whole map
[localization_bootstrap-6] [WARN] [1789735533.508951719] [localization_bootstrap]: UNMATCHED RESET near (+3.23, -1.85): if the car is at a checkpoint not in frames.TRACKS, add it from this run's ground truth
[amcl-4] [INFO] [1789735533.555232308] [amcl]: Initializing with uniform distribution
[localization_bootstrap-6] [INFO] [1789735533.556590643] [localization_bootstrap]: scattered particles across the map -- no initial pose needed
[localization_bootstrap-6] [INFO] [1789735533.558256632] [localization_bootstrap]: recovery #8: global, attempt 3
[amcl-4] [INFO] [1789735533.598247032] [amcl]: Global initialisation done!
[localization_error-7] [INFO] [1789735535.434405419] [localization_error]: now[200] 11.294 m / 29.05 deg  |  session[n=15935] mean 1.072 p95 8.018 max 13.401 m, heading mean 4.98 max 179.00 deg
[localization_bootstrap-6] [INFO] [1789735535.554928960] [localization_bootstrap]: recovery #8: global, attempt 3
[log_localization-8] [INFO] [1789735535.807962310] [log_localization]:  800.0 s  3403.4 m  err 5.805 m (along +2.683 cross +5.148) yaw -138.95 deg  m->o yaw -138.96 deg | fit true 0.012 est 0.443 (x36.89)  enc/true 1.017  dr_err 8.84 m
[localization_bootstrap-6] [INFO] [1789735537.555292305] [localization_bootstrap]: recovery #8: global, attempt 3
[localization_bootstrap-6] [INFO] [1789735539.555830907] [localization_bootstrap]: recovery #8: global, attempt 3
[localization_error-7] [INFO] [1789735540.436365720] [localization_error]: now[200] 8.709 m / 91.33 deg  |  session[n=16035] mean 1.105 p95 7.900 max 13.401 m, heading mean 5.81 max 179.00 deg
[log_localization-8] [INFO] [1789735540.806680281] [log_localization]:  804.9 s  3403.4 m  err 6.421 m (along +3.340 cross +5.484) yaw -138.03 deg  m->o yaw -138.03 deg | fit true 0.012 est 0.429 (x35.30)  enc/true 1.017  dr_err 8.83 m
[localization_bootstrap-6] [INFO] [1789735541.554852239] [localization_bootstrap]: recovery #8: global, attempt 3
[localization_bootstrap-6] [INFO] [1789735543.555099197] [localization_bootstrap]: recovery #8: global, attempt 3
[localization_error-7] [INFO] [1789735545.436715296] [localization_error]: now[200] 6.404 m / 137.98 deg  |  session[n=16135] mean 1.138 p95 7.888 max 13.401 m, heading mean 6.63 max 179.00 deg
[localization_bootstrap-6] [INFO] [1789735545.555001612] [localization_bootstrap]: recovery #8: global, attempt 3
[log_localization-8] [INFO] [1789735545.807650766] [log_localization]:  810.0 s  3403.4 m  err 6.425 m (along +3.343 cross +5.487) yaw -138.03 deg  m->o yaw -138.03 deg | fit true 0.012 est 0.429 (x34.81)  enc/true 1.017  dr_err 8.83 m
[localization_bootstrap-6] [INFO] [1789735547.555799228] [localization_bootstrap]: recovery #8: global, attempt 3
[localization_bootstrap-6] [ERROR] [1789735548.555256955] [localization_bootstrap]: recovery: global search failed too (TIMEOUT after 15 s -- pos std 4.321 m never reached 0.15 m. The pose is NOT localized; check the scan against the map.); resuming on the current estimate, which AMCL may still correct while driving. Parked forever loses the race for certain.
[pure_pursuit-10] [INFO] [1789735548.557669848] [pure_pursuit]: localization re-confirmed after reset: speed cap 2.00 m/s for 8.0 m
[pure_pursuit-10] [INFO] [1789735548.558363082] [pure_pursuit]: localization converged, taking over
[pure_pursuit-10] [WARN] [1789735549.911593298] [pure_pursuit]: heading jumped -141 deg in one tick: respawn. Speed estimate 1.95 -> 0, pose history cleared.
[localization_bootstrap-6] [WARN] [1789735549.913497662] [localization_bootstrap]: RESET detected: heading stepped -138 deg in one tick
[localization_bootstrap-6] [WARN] [1789735549.957784570] [localization_bootstrap]: recovery #9: follower held; prior (+0.80, -5.35, +91 deg) -- checkpoint 0.7 m behind the last pose along the track
[pure_pursuit-10] [WARN] [1789735549.958882549] [pure_pursuit]: localization lost after a reset: holding until it is re-confirmed
[localization_bootstrap-6] [INFO] [1789735550.006296894] [localization_bootstrap]: seed 1/3: x=+0.800 y=-5.346 yaw=+91.3 deg -- awaiting confirmation
[localization_bootstrap-6] [INFO] [1789735550.008563504] [localization_bootstrap]: not reporting a spawn constant: the car is moving at 0.6 m/s, so this pose is not the spawn
[amcl-4] [INFO] [1789735550.072047668] [amcl]: initialPoseReceived
[amcl-4] [INFO] [1789735550.072163113] [amcl]: Setting pose (1789735550.072163): 0.799 -5.247 1.580
[amcl-4] [INFO] [1789735550.077979768] [amcl]: Requesting no-motion update
[localization_error-7] [INFO] [1789735550.433749315] [localization_error]: now[200] 6.453 m / 136.00 deg  |  session[n=16235] mean 1.171 p95 7.877 max 17.811 m, heading mean 7.41 max 179.67 deg
[amcl-4] [INFO] [1789735550.454346884] [amcl]: Requesting no-motion update
[log_localization-8] [INFO] [1789735550.807389422] [log_localization]:  815.0 s  3406.6 m  err 7.803 m (along +6.692 cross +4.012) yaw  -2.12 deg  m->o yaw  -2.12 deg | fit true 0.010 est 0.190 (x18.43)  enc/true 1.017  dr_err 7.61 m
[amcl-4] [INFO] [1789735550.904677982] [amcl]: Requesting no-motion update
[amcl-4] [INFO] [1789735551.354291380] [amcl]: Requesting no-motion update
[localization_bootstrap-6] [INFO] [1789735551.554805308] [localization_bootstrap]: recovery #9: seed, attempt 1
[amcl-4] [INFO] [1789735551.754588233] [amcl]: Requesting no-motion update
[localization_bootstrap-6] [WARN] [1789735552.056107808] [localization_bootstrap]: seed 1 not adopted -- the estimate is 0.52 m / 5.3 deg from the seed, tolerance 0.40 m / 15.0 deg (speed 0.0 m/s); failed: position, 40% of beams on a wall within 10 cm (min 50%); re-seeding
[amcl-4] [INFO] [1789735552.056708830] [amcl]: initialPoseReceived
[amcl-4] [INFO] [1789735552.056808937] [amcl]: Setting pose (1789735552.056809): 0.800 -5.346 1.593
[localization_bootstrap-6] [INFO] [1789735552.058055623] [localization_bootstrap]: seed 2/3: x=+0.800 y=-5.346 yaw=+91.3 deg -- awaiting confirmation
[amcl-4] [INFO] [1789735552.154793405] [amcl]: Requesting no-motion update
[amcl-4] [INFO] [1789735552.604350649] [amcl]: Requesting no-motion update
[amcl-4] [INFO] [1789735553.054217580] [amcl]: Requesting no-motion update
[amcl-4] [INFO] [1789735553.454353473] [amcl]: Requesting no-motion update
[localization_bootstrap-6] [INFO] [1789735553.555680639] [localization_bootstrap]: recovery #9: seed, attempt 2
[amcl-4] [INFO] [1789735553.904385502] [amcl]: Requesting no-motion update
[localization_bootstrap-6] [WARN] [1789735554.105908664] [localization_bootstrap]: seed 2 not adopted -- the estimate is 0.12 m / 2.7 deg from the seed, tolerance 0.40 m / 15.0 deg (speed 0.0 m/s); failed: 37% of beams on a wall within 10 cm (min 50%); re-seeding
[amcl-4] [INFO] [1789735554.106661319] [amcl]: initialPoseReceived
[amcl-4] [INFO] [1789735554.106851343] [amcl]: Setting pose (1789735554.106851): 0.800 -5.346 1.592
[localization_bootstrap-6] [INFO] [1789735554.107834849] [localization_bootstrap]: seed 3/3: x=+0.800 y=-5.346 yaw=+91.2 deg -- awaiting confirmation
[amcl-4] [INFO] [1789735554.354154550] [amcl]: Requesting no-motion update
[amcl-4] [INFO] [1789735554.754295663] [amcl]: Requesting no-motion update
[amcl-4] [INFO] [1789735555.204041919] [amcl]: Requesting no-motion update
[localization_error-7] [INFO] [1789735555.438585965] [localization_error]: now[200] 7.019 m / 67.98 deg  |  session[n=16335] mean 1.210 p95 7.859 max 17.811 m, heading mean 7.38 max 179.67 deg
[localization_bootstrap-6] [INFO] [1789735555.555392409] [localization_bootstrap]: recovery #9: seed, attempt 3
[amcl-4] [INFO] [1789735555.604293969] [amcl]: Requesting no-motion update
[log_localization-8] [INFO] [1789735555.808326254] [log_localization]:  820.0 s  3406.6 m  err 7.366 m (along +6.187 cross +3.998) yaw  -1.63 deg  m->o yaw  -1.63 deg | fit true 0.010 est 0.183 (x18.13)  enc/true 1.017  dr_err 7.61 m
[amcl-4] [INFO] [1789735556.004508729] [amcl]: Requesting no-motion update
[localization_bootstrap-6] [WARN] [1789735556.156190047] [localization_bootstrap]: recovery: accepting the seed on agreement -- the estimate is 0.12 m / 2.2 deg from the seed, tolerance 0.40 m / 15.0 deg (speed 0.0 m/s); failed: 37% of beams on a wall within 10 cm (min 50%)
[localization_bootstrap-6] [INFO] [1789735556.157733647] [localization_bootstrap]: recovery: seed ACCEPTED on agreement after 3 attempts: 12.4 cm / 2.2 deg from the prior
[localization_bootstrap-6] [INFO] [1789735556.159281556] [localization_bootstrap]: CHECKPOINT CANDIDATE (converged after reset): ('0.923', '-5.359', '1.554')
[localization_bootstrap-6] [INFO] [1789735557.555164421] [localization_bootstrap]: recovery #9: creep, attempt 3
[localization_bootstrap-6] [INFO] [1789735559.205780388] [localization_bootstrap]: recovery #9 complete in 9.2 s; follower resumes
[pure_pursuit-10] [INFO] [1789735559.206561085] [pure_pursuit]: localization re-confirmed after reset: speed cap 2.00 m/s for 8.0 m
[pure_pursuit-10] [INFO] [1789735559.207513463] [pure_pursuit]: localization converged, taking over
[localization_bootstrap-6] [WARN] [1789735559.774229998] [localization_bootstrap]: RESET detected: heading stepped -63 deg in one tick
[pure_pursuit-10] [WARN] [1789735559.774388785] [pure_pursuit]: heading jumped -68 deg in one tick: respawn. Speed estimate 1.86 -> 0, pose history cleared.
[localization_bootstrap-6] [WARN] [1789735559.805993516] [localization_bootstrap]: recovery #10: follower held; prior (+0.80, +0.65, +91 deg) -- checkpoint -0.7 m behind the last pose along the track
[pure_pursuit-10] [WARN] [1789735559.806377051] [pure_pursuit]: localization lost after a reset: holding until it is re-confirmed
[localization_bootstrap-6] [INFO] [1789735559.855988015] [localization_bootstrap]: seed 1/3: x=+0.800 y=+0.647 yaw=+92.5 deg -- awaiting confirmation
[localization_bootstrap-6] [INFO] [1789735559.857600354] [localization_bootstrap]: not reporting a spawn constant: the car is moving at 0.4 m/s, so this pose is not the spawn
[amcl-4] [INFO] [1789735559.862557185] [amcl]: initialPoseReceived
[amcl-4] [INFO] [1789735559.862672199] [amcl]: Setting pose (1789735559.862672): 0.801 0.618 1.614
[amcl-4] [INFO] [1789735559.904171866] [amcl]: Requesting no-motion update
[amcl-4] [INFO] [1789735560.304287691] [amcl]: Requesting no-motion update
[localization_error-7] [INFO] [1789735560.437876865] [localization_error]: now[200] 7.533 m / 10.18 deg  |  session[n=16435] mean 1.249 p95 7.888 max 17.811 m, heading mean 7.45 max 179.67 deg
[amcl-4] [INFO] [1789735560.754341501] [amcl]: Requesting no-motion update
[log_localization-8] [INFO] [1789735560.808789963] [log_localization]:  825.0 s  3413.8 m  err 7.728 m (along +7.608 cross +1.355) yaw  -0.44 deg  m->o yaw  -0.44 deg | fit true 0.011 est 0.011 (x1.00)  enc/true 1.017  dr_err 7.52 m
[amcl-4] [INFO] [1789735561.204822088] [amcl]: Requesting no-motion update
[localization_bootstrap-6] [INFO] [1789735561.554479007] [localization_bootstrap]: recovery #10: seed, attempt 1
[amcl-4] [INFO] [1789735561.654223550] [amcl]: Requesting no-motion update
[localization_bootstrap-6] [INFO] [1789735561.906686566] [localization_bootstrap]: recovery: 93% of beams on a wall within 10 cm (min 50%). seed CONFIRMED on attempt 1: the estimate is 28.0 cm / 0.0 deg from truth (pos std 0.137 m). Tracking is now lidar + map + dead reckoning only.
[localization_bootstrap-6] [INFO] [1789735561.908450077] [localization_bootstrap]: CHECKPOINT CANDIDATE (converged after reset): ('0.812', '0.926', '1.614')
[localization_bootstrap-6] [INFO] [1789735563.555278667] [localization_bootstrap]: recovery #10: creep, attempt 1
[pure_pursuit-10] [INFO] [1789735564.955295777] [pure_pursuit]: localization re-confirmed after reset: speed cap 2.00 m/s for 8.0 m
[localization_bootstrap-6] [INFO] [1789735564.955451157] [localization_bootstrap]: recovery #10 complete in 5.2 s; follower resumes
[pure_pursuit-10] [INFO] [1789735564.956082876] [pure_pursuit]: localization converged, taking over
[localization_error-7] [INFO] [1789735565.435267730] [localization_error]: now[200] 7.717 m / 9.88 deg  |  session[n=16535] mean 1.289 p95 8.099 max 17.811 m, heading mean 7.41 max 179.67 deg
[log_localization-8] [INFO] [1789735565.806520361] [log_localization]:  829.9 s  3420.8 m  err 7.052 m (along +1.109 cross +6.965) yaw -20.54 deg  m->o yaw -20.14 deg | fit true 0.011 est 0.251 (x22.36)  enc/true 1.017  dr_err 7.96 m
[pure_pursuit-10] [WARN] [1789735566.158767214] [pure_pursuit]: heading jumped +63 deg in one tick: respawn. Speed estimate 2.12 -> 0, pose history cleared.
[localization_bootstrap-6] [WARN] [1789735566.161922342] [localization_bootstrap]: RESET detected: heading stepped +61 deg in one tick
[pure_pursuit-10] [WARN] [1789735566.205581358] [pure_pursuit]: localization lost after a reset: holding until it is re-confirmed
[localization_bootstrap-6] [WARN] [1789735566.206293698] [localization_bootstrap]: recovery #11: follower held; prior (+5.07, +0.12, +60 deg) -- checkpoint 5.3 m behind the last pose along the track
[amcl-4] [INFO] [1789735566.255183506] [amcl]: initialPoseReceived
[amcl-4] [INFO] [1789735566.255301616] [amcl]: Setting pose (1789735566.255301): 5.070 0.121 1.036
[localization_bootstrap-6] [INFO] [1789735566.256614947] [localization_bootstrap]: seed 1/3: x=+5.070 y=+0.121 yaw=+59.4 deg -- awaiting confirmation
[localization_bootstrap-6] [INFO] [1789735566.258065584] [localization_bootstrap]: not reporting a spawn constant: the car is moving at 0.2 m/s, so this pose is not the spawn
[amcl-4] [INFO] [1789735566.304138466] [amcl]: Requesting no-motion update
[amcl-4] [INFO] [1789735566.704323651] [amcl]: Requesting no-motion update
[amcl-4] [INFO] [1789735567.104542308] [amcl]: Requesting no-motion update
[amcl-4] [INFO] [1789735567.554236938] [amcl]: Requesting no-motion update
[localization_bootstrap-6] [INFO] [1789735567.555353171] [localization_bootstrap]: recovery #11: seed, attempt 1
[amcl-4] [INFO] [1789735567.954434867] [amcl]: Requesting no-motion update
[localization_bootstrap-6] [WARN] [1789735568.305659101] [localization_bootstrap]: seed 1 not adopted -- the estimate is 0.07 m / 0.9 deg from the seed, tolerance 0.40 m / 15.0 deg (speed 0.0 m/s); failed: 34% of beams on a wall within 10 cm (min 50%); re-seeding
[amcl-4] [INFO] [1789735568.306443865] [amcl]: initialPoseReceived
[amcl-4] [INFO] [1789735568.306568949] [amcl]: Setting pose (1789735568.306569): 5.070 0.121 1.037
[localization_bootstrap-6] [INFO] [1789735568.307749292] [localization_bootstrap]: seed 2/3: x=+5.070 y=+0.121 yaw=+59.4 deg -- awaiting confirmation
[amcl-4] [INFO] [1789735568.404254059] [amcl]: Requesting no-motion update
[amcl-4] [INFO] [1789735568.854431509] [amcl]: Requesting no-motion update
[amcl-4] [INFO] [1789735569.304099529] [amcl]: Requesting no-motion update
[localization_bootstrap-6] [INFO] [1789735569.555150821] [localization_bootstrap]: recovery #11: seed, attempt 2
[amcl-4] [INFO] [1789735569.754317054] [amcl]: Requesting no-motion update
[amcl-4] [INFO] [1789735570.204513661] [amcl]: Requesting no-motion update
[localization_bootstrap-6] [WARN] [1789735570.356709829] [localization_bootstrap]: seed 2 not adopted -- the estimate is 0.12 m / 0.4 deg from the seed, tolerance 0.40 m / 15.0 deg (speed 0.0 m/s); failed: 38% of beams on a wall within 10 cm (min 50%); re-seeding
[amcl-4] [INFO] [1789735570.357409044] [amcl]: initialPoseReceived
[amcl-4] [INFO] [1789735570.357513769] [amcl]: Setting pose (1789735570.357514): 5.070 0.121 1.037
[localization_bootstrap-6] [INFO] [1789735570.359070615] [localization_bootstrap]: seed 3/3: x=+5.070 y=+0.121 yaw=+59.4 deg -- awaiting confirmation
[localization_error-7] [INFO] [1789735570.437903242] [localization_error]: now[200] 5.752 m / 2.76 deg  |  session[n=16635] mean 1.303 p95 8.104 max 17.811 m, heading mean 7.39 max 179.67 deg
[amcl-4] [INFO] [1789735570.604497771] [amcl]: Requesting no-motion update
[log_localization-8] [INFO] [1789735570.807849796] [log_localization]:  834.9 s  3423.7 m  err 2.075 m (along +2.007 cross -0.526) yaw  -0.09 deg  m->o yaw  -0.09 deg | fit true 0.003 est 0.217 (x66.05)  enc/true 1.016  dr_err 10.49 m
[amcl-4] [INFO] [1789735571.054159338] [amcl]: Requesting no-motion update
[amcl-4] [INFO] [1789735571.454306182] [amcl]: Requesting no-motion update
[localization_bootstrap-6] [INFO] [1789735571.554811735] [localization_bootstrap]: recovery #11: seed, attempt 3
[amcl-4] [INFO] [1789735571.904222475] [amcl]: Requesting no-motion update
[amcl-4] [INFO] [1789735572.304358859] [amcl]: Requesting no-motion update
[localization_bootstrap-6] [WARN] [1789735572.405173700] [localization_bootstrap]: recovery: accepting the seed on agreement -- the estimate is 0.12 m / 0.5 deg from the seed, tolerance 0.40 m / 15.0 deg (speed 0.0 m/s); failed: 38% of beams on a wall within 10 cm (min 50%)
[localization_bootstrap-6] [INFO] [1789735572.405990294] [localization_bootstrap]: recovery: seed ACCEPTED on agreement after 3 attempts: 11.7 cm / 0.5 deg from the prior
[localization_bootstrap-6] [INFO] [1789735572.406739472] [localization_bootstrap]: CHECKPOINT CANDIDATE (converged after reset): ('4.972', '0.057', '1.029')
[localization_bootstrap-6] [INFO] [1789735573.554953307] [localization_bootstrap]: recovery #11: creep, attempt 3
[localization_error-7] [INFO] [1789735575.436524112] [localization_error]: now[200] 2.729 m / 2.94 deg  |  session[n=16735] mean 1.306 p95 8.098 max 17.811 m, heading mean 7.36 max 179.67 deg
[localization_bootstrap-6] [INFO] [1789735575.454936563] [localization_bootstrap]: recovery #11 complete in 9.3 s; follower resumes
[pure_pursuit-10] [INFO] [1789735575.455504914] [pure_pursuit]: localization re-confirmed after reset: speed cap 2.00 m/s for 8.0 m
[pure_pursuit-10] [INFO] [1789735575.456358116] [pure_pursuit]: localization converged, taking over
[log_localization-8] [INFO] [1789735575.807232928] [log_localization]:  840.0 s  3429.7 m  err 1.503 m (along -0.432 cross -1.439) yaw  -1.52 deg  m->o yaw  -1.14 deg | fit true 0.017 est 0.266 (x15.46)  enc/true 1.016  dr_err 10.65 m
[pure_pursuit-10] [INFO] [1789735577.519660639] [pure_pursuit]: lap 78: 83.48 s
[pure_pursuit-10] [INFO] [1789735579.771963093] [pure_pursuit]: recover warmup released after 8.0 m
[localization_error-7] [INFO] [1789735580.434970346] [localization_error]: now[200] 1.337 m / 1.42 deg  |  session[n=16835] mean 1.303 p95 8.076 max 17.811 m, heading mean 7.32 max 179.67 deg
[log_localization-8] [INFO] [1789735580.807444517] [log_localization]:  845.0 s  3443.5 m  err 0.215 m (along +0.215 cross +0.011) yaw  +0.16 deg  m->o yaw  +0.23 deg | fit true 0.012 est 0.004 (x0.30)  enc/true 1.016  dr_err 8.91 m
[localization_error-7] [INFO] [1789735585.434278870] [localization_error]: now[200] 0.578 m / 1.28 deg  |  session[n=16935] mean 1.298 p95 8.059 max 17.811 m, heading mean 7.28 max 179.67 deg
[log_localization-8] [INFO] [1789735585.807111109] [log_localization]:  850.0 s  3467.5 m  err 0.031 m (along -0.003 cross +0.031) yaw  +1.38 deg  m->o yaw  +1.74 deg | fit true 0.019 est 0.017 (x0.87)  enc/true 1.016  dr_err 9.15 m
[pure_pursuit-10] [INFO] [1789735588.278260555] [pure_pursuit]: lap 79: 10.76 s
[localization_error-7] [INFO] [1789735590.434325070] [localization_error]: now[200] 0.335 m / 1.42 deg  |  session[n=17035] mean 1.292 p95 8.044 max 17.811 m, heading mean 7.25 max 179.67 deg
[log_localization-8] [INFO] [1789735590.807510488] [log_localization]:  855.0 s  3493.9 m  err 0.162 m (along +0.161 cross -0.009) yaw  +0.49 deg  m->o yaw  +0.49 deg | fit true 0.001 est 0.003 (x2.00)  enc/true 1.016  dr_err 8.72 m
[localization_error-7] [INFO] [1789735595.433489344] [localization_error]: now[200] 0.282 m / 1.60 deg  |  session[n=17135] mean 1.286 p95 8.032 max 17.811 m, heading mean 7.22 max 179.67 deg
[log_localization-8] [INFO] [1789735595.809515083] [log_localization]:  860.0 s  3515.6 m  err 0.044 m (along +0.039 cross +0.020) yaw  -0.11 deg  m->o yaw  -0.59 deg | fit true 0.016 est 0.014 (x0.87)  enc/true 1.016  dr_err 8.97 m
[pure_pursuit-10] [INFO] [1789735597.247533581] [pure_pursuit]: lap 80: 8.97 s
[localization_error-7] [INFO] [1789735600.434067907] [localization_error]: now[200] 0.292 m / 1.49 deg  |  session[n=17235] mean 1.280 p95 8.017 max 17.811 m, heading mean 7.18 max 179.67 deg
[log_localization-8] [INFO] [1789735600.807059764] [log_localization]:  865.0 s  3540.3 m  err 0.037 m (along +0.029 cross +0.022) yaw  -2.44 deg  m->o yaw  -1.31 deg | fit true 0.016 est 0.022 (x1.39)  enc/true 1.016  dr_err 8.66 m
[localization_error-7] [INFO] [1789735605.434313279] [localization_error]: now[200] 0.275 m / 1.56 deg  |  session[n=17335] mean 1.274 p95 7.992 max 17.811 m, heading mean 7.15 max 179.67 deg
[log_localization-8] [INFO] [1789735605.807332828] [log_localization]:  870.0 s  3562.8 m  err 0.039 m (along -0.037 cross +0.015) yaw  -1.16 deg  m->o yaw  -1.07 deg | fit true 0.038 est 0.025 (x0.66)  enc/true 1.016  dr_err 8.78 m
[pure_pursuit-10] [INFO] [1789735606.230886142] [pure_pursuit]: lap 81: 8.97 s
[localization_error-7] [INFO] [1789735610.433875977] [localization_error]: now[200] 0.282 m / 1.74 deg  |  session[n=17435] mean 1.269 p95 7.965 max 17.811 m, heading mean 7.12 max 179.67 deg
[log_localization-8] [INFO] [1789735610.807220401] [log_localization]:  874.9 s  3587.6 m  err 0.047 m (along -0.045 cross +0.012) yaw  -0.66 deg  m->o yaw  -0.36 deg | fit true 0.011 est 0.012 (x1.03)  enc/true 1.016  dr_err 8.71 m
[pure_pursuit-10] [INFO] [1789735615.170789639] [pure_pursuit]: lap 82: 8.95 s
[localization_error-7] [INFO] [1789735615.433764552] [localization_error]: now[200] 0.268 m / 1.64 deg  |  session[n=17535] mean 1.263 p95 7.950 max 17.811 m, heading mean 7.09 max 179.67 deg
[log_localization-8] [INFO] [1789735615.806984976] [log_localization]:  879.9 s  3609.5 m  err 0.152 m (along +0.152 cross +0.005) yaw  +0.12 deg  m->o yaw  -0.02 deg | fit true 0.017 est 0.007 (x0.41)  enc/true 1.016  dr_err 8.54 m
[localization_bootstrap-6] [WARN] [1789735619.616534132] [localization_bootstrap]: RESET detected: heading stepped -24 deg in one tick
[pure_pursuit-10] [WARN] [1789735619.617794363] [pure_pursuit]: heading jumped -25 deg in one tick: respawn. Speed estimate 4.60 -> 0, pose history cleared.
[localization_bootstrap-6] [WARN] [1789735619.655258409] [localization_bootstrap]: recovery #12: follower held; prior (+2.50, -4.65, +15 deg) -- checkpoint 1.4 m behind the last pose along the track
[pure_pursuit-10] [WARN] [1789735619.655650992] [pure_pursuit]: localization lost after a reset: holding until it is re-confirmed
[localization_bootstrap-6] [INFO] [1789735619.704729361] [localization_bootstrap]: seed 1/3: x=+2.500 y=-4.653 yaw=+15.6 deg -- awaiting confirmation
[localization_bootstrap-6] [INFO] [1789735619.705414771] [localization_bootstrap]: not reporting a spawn constant: the car is moving at 3.6 m/s, so this pose is not the spawn
[amcl-4] [INFO] [1789735619.724520245] [amcl]: initialPoseReceived
[amcl-4] [INFO] [1789735619.724703617] [amcl]: Setting pose (1789735619.724703): 2.658 -4.609 0.271
[amcl-4] [INFO] [1789735619.754622041] [amcl]: Requesting no-motion update
[amcl-4] [INFO] [1789735620.204416357] [amcl]: Requesting no-motion update
[localization_error-7] [INFO] [1789735620.433978876] [localization_error]: now[200] 1.129 m / 5.96 deg  |  session[n=17635] mean 1.267 p95 7.968 max 17.811 m, heading mean 7.11 max 179.67 deg
[amcl-4] [INFO] [1789735620.654508698] [amcl]: Requesting no-motion update
[log_localization-8] [INFO] [1789735620.806976504] [log_localization]:  885.0 s  3630.1 m  err 11.757 m (along +5.215 cross +10.537) yaw  +8.21 deg  m->o yaw  +8.21 deg | fit true 0.002 est 0.995 (x434.55)  enc/true 1.016  dr_err 14.35 m
[amcl-4] [INFO] [1789735621.104736754] [amcl]: Requesting no-motion update
[amcl-4] [INFO] [1789735621.554063717] [amcl]: Requesting no-motion update
[localization_bootstrap-6] [INFO] [1789735621.555120990] [localization_bootstrap]: recovery #12: seed, attempt 1
[localization_bootstrap-6] [WARN] [1789735621.755811268] [localization_bootstrap]: seed 1 not adopted -- the estimate is 1.43 m / 10.8 deg from the seed, tolerance 0.40 m / 15.0 deg (speed 0.0 m/s); failed: position, 7% of beams on a wall within 10 cm (min 50%); re-seeding
[amcl-4] [INFO] [1789735621.756449950] [amcl]: initialPoseReceived
[amcl-4] [INFO] [1789735621.756550087] [amcl]: Setting pose (1789735621.756550): 2.500 -4.653 0.273
[localization_bootstrap-6] [INFO] [1789735621.758306294] [localization_bootstrap]: seed 2/3: x=+2.500 y=-4.653 yaw=+15.6 deg -- awaiting confirmation
[amcl-4] [INFO] [1789735621.954374186] [amcl]: Requesting no-motion update
[amcl-4] [INFO] [1789735622.403956365] [amcl]: Requesting no-motion update
[amcl-4] [INFO] [1789735622.804860442] [amcl]: Requesting no-motion update
[amcl-4] [INFO] [1789735623.254357213] [amcl]: Requesting no-motion update
[localization_bootstrap-6] [INFO] [1789735623.554823943] [localization_bootstrap]: recovery #12: seed, attempt 2
[amcl-4] [INFO] [1789735623.704123987] [amcl]: Requesting no-motion update
[localization_bootstrap-6] [WARN] [1789735623.804893332] [localization_bootstrap]: seed 2 not adopted -- the estimate is 0.07 m / 4.0 deg from the seed, tolerance 0.40 m / 15.0 deg (speed 0.0 m/s); failed: 24% of beams on a wall within 10 cm (min 50%); re-seeding
[amcl-4] [INFO] [1789735623.805299460] [amcl]: initialPoseReceived
[amcl-4] [INFO] [1789735623.805464899] [amcl]: Setting pose (1789735623.805465): 2.500 -4.653 0.273
[localization_bootstrap-6] [INFO] [1789735623.805865988] [localization_bootstrap]: seed 3/3: x=+2.500 y=-4.653 yaw=+15.6 deg -- awaiting confirmation
[amcl-4] [INFO] [1789735624.104188216] [amcl]: Requesting no-motion update
[amcl-4] [INFO] [1789735624.504332425] [amcl]: Requesting no-motion update
[amcl-4] [INFO] [1789735624.904476864] [amcl]: Requesting no-motion update
[amcl-4] [INFO] [1789735625.354320121] [amcl]: Requesting no-motion update
[localization_error-7] [INFO] [1789735625.434445771] [localization_error]: now[200] 6.707 m / 7.00 deg  |  session[n=17735] mean 1.324 p95 8.254 max 17.811 m, heading mean 7.09 max 179.67 deg
[localization_bootstrap-6] [INFO] [1789735625.555896542] [localization_bootstrap]: recovery #12: seed, attempt 3
[amcl-4] [INFO] [1789735625.804674942] [amcl]: Requesting no-motion update
[log_localization-8] [INFO] [1789735625.806886199] [log_localization]:  890.0 s  3630.1 m  err 11.126 m (along +3.651 cross +10.509) yaw  +3.29 deg  m->o yaw  +3.29 deg | fit true 0.002 est 0.336 (x145.32)  enc/true 1.016  dr_err 14.35 m
[localization_bootstrap-6] [WARN] [1789735625.856966128] [localization_bootstrap]: recovery: accepting the seed on agreement -- the estimate is 0.06 m / 4.2 deg from the seed, tolerance 0.40 m / 15.0 deg (speed 0.0 m/s); failed: 24% of beams on a wall within 10 cm (min 50%)
[localization_bootstrap-6] [INFO] [1789735625.858350932] [localization_bootstrap]: recovery: seed ACCEPTED on agreement after 3 attempts: 6.0 cm / 4.2 deg from the prior
[localization_bootstrap-6] [INFO] [1789735625.859549449] [localization_bootstrap]: CHECKPOINT CANDIDATE (converged after reset): ('2.441', '-4.658', '0.347')
[localization_bootstrap-6] [INFO] [1789735627.555734718] [localization_bootstrap]: recovery #12: creep, attempt 3
[localization_bootstrap-6] [INFO] [1789735628.904744809] [localization_bootstrap]: recovery #12 complete in 9.3 s; follower resumes
[pure_pursuit-10] [INFO] [1789735628.905308591] [pure_pursuit]: localization re-confirmed after reset: speed cap 2.00 m/s for 8.0 m
[pure_pursuit-10] [INFO] [1789735628.906043302] [pure_pursuit]: localization converged, taking over
[localization_error-7] [INFO] [1789735630.436993650] [localization_error]: now[200] 11.445 m / 5.42 deg  |  session[n=17835] mean 1.381 p95 8.259 max 17.811 m, heading mean 7.09 max 179.67 deg
[log_localization-8] [INFO] [1789735630.807095984] [log_localization]:  895.0 s  3639.1 m  err 11.598 m (along +8.884 cross -7.455) yaw  +4.65 deg  m->o yaw  +4.62 deg | fit true 0.009 est 0.219 (x24.70)  enc/true 1.016  dr_err 14.70 m
[pure_pursuit-10] [WARN] [1789735631.122868408] [pure_pursuit]: heading jumped -35 deg in one tick: respawn. Speed estimate 2.10 -> 0, pose history cleared.
[localization_bootstrap-6] [WARN] [1789735631.123602829] [localization_bootstrap]: RESET detected: heading stepped -34 deg in one tick
[localization_bootstrap-6] [WARN] [1789735631.155617044] [localization_bootstrap]: recovery #13: follower held; prior (+5.07, +0.12, +100 deg) -- checkpoint 4.5 m behind the last pose along the track
[pure_pursuit-10] [WARN] [1789735631.155785478] [pure_pursuit]: localization lost after a reset: holding until it is re-confirmed
[amcl-4] [INFO] [1789735631.204961811] [amcl]: initialPoseReceived
[amcl-4] [INFO] [1789735631.205140915] [amcl]: Setting pose (1789735631.205141): 5.070 0.122 1.756
[localization_bootstrap-6] [INFO] [1789735631.206994234] [localization_bootstrap]: seed 1/3: x=+5.070 y=+0.121 yaw=+100.6 deg -- awaiting confirmation
[localization_bootstrap-6] [INFO] [1789735631.208038663] [localization_bootstrap]: not reporting a spawn constant: the car is moving at 0.3 m/s, so this pose is not the spawn
[amcl-4] [INFO] [1789735631.254039149] [amcl]: Requesting no-motion update
[localization_bootstrap-6] [INFO] [1789735631.554629951] [localization_bootstrap]: recovery #13: seed, attempt 1
[amcl-4] [INFO] [1789735631.654325042] [amcl]: Requesting no-motion update
[amcl-4] [INFO] [1789735632.054608310] [amcl]: Requesting no-motion update
[amcl-4] [INFO] [1789735632.504179159] [amcl]: Requesting no-motion update
[amcl-4] [INFO] [1789735632.905296313] [amcl]: Requesting no-motion update
[localization_bootstrap-6] [WARN] [1789735633.255095328] [localization_bootstrap]: seed 1 not adopted -- the estimate is 0.46 m / 5.9 deg from the seed, tolerance 0.40 m / 15.0 deg (speed 0.0 m/s); failed: position, 39% of beams on a wall within 10 cm (min 50%); re-seeding
[amcl-4] [INFO] [1789735633.255613004] [amcl]: initialPoseReceived
[amcl-4] [INFO] [1789735633.255724963] [amcl]: Setting pose (1789735633.255725): 5.070 0.121 1.756
[localization_bootstrap-6] [INFO] [1789735633.256313361] [localization_bootstrap]: seed 2/3: x=+5.070 y=+0.121 yaw=+100.6 deg -- awaiting confirmation
[amcl-4] [INFO] [1789735633.355093314] [amcl]: Requesting no-motion update
[localization_bootstrap-6] [INFO] [1789735633.555044362] [localization_bootstrap]: recovery #13: seed, attempt 2
[amcl-4] [INFO] [1789735633.804475961] [amcl]: Requesting no-motion update
[amcl-4] [INFO] [1789735634.254344375] [amcl]: Requesting no-motion update
[amcl-4] [INFO] [1789735634.654496438] [amcl]: Requesting no-motion update
[amcl-4] [INFO] [1789735635.104415577] [amcl]: Requesting no-motion update
[localization_bootstrap-6] [WARN] [1789735635.304846010] [localization_bootstrap]: seed 2 not adopted -- the estimate is 0.12 m / 2.7 deg from the seed, tolerance 0.40 m / 15.0 deg (speed 0.0 m/s); failed: 28% of beams on a wall within 10 cm (min 50%); re-seeding
[amcl-4] [INFO] [1789735635.305260804] [amcl]: initialPoseReceived
[amcl-4] [INFO] [1789735635.305320656] [amcl]: Setting pose (1789735635.305321): 5.070 0.121 1.756
[localization_bootstrap-6] [INFO] [1789735635.306641771] [localization_bootstrap]: seed 3/3: x=+5.070 y=+0.121 yaw=+100.6 deg -- awaiting confirmation
[localization_error-7] [INFO] [1789735635.437290518] [localization_error]: now[200] 10.742 m / 5.08 deg  |  session[n=17935] mean 1.429 p95 8.264 max 17.811 m, heading mean 7.07 max 179.67 deg
[amcl-4] [INFO] [1789735635.554310620] [amcl]: Requesting no-motion update
[localization_bootstrap-6] [INFO] [1789735635.555841527] [localization_bootstrap]: recovery #13: seed, attempt 3
[log_localization-8] [INFO] [1789735635.806630700] [log_localization]:  899.9 s  3640.7 m  err 9.024 m (along +8.069 cross -4.042) yaw  -0.27 deg  m->o yaw  -0.27 deg | fit true 0.005 est 0.405 (x76.83)  enc/true 1.016  dr_err 15.01 m
[amcl-4] [INFO] [1789735636.004094617] [amcl]: Requesting no-motion update
[amcl-4] [INFO] [1789735636.404363448] [amcl]: Requesting no-motion update
[amcl-4] [INFO] [1789735636.855131120] [amcl]: Requesting no-motion update
[amcl-4] [INFO] [1789735637.304232623] [amcl]: Requesting no-motion update
[localization_bootstrap-6] [WARN] [1789735637.354932378] [localization_bootstrap]: recovery: accepting the seed on agreement -- the estimate is 0.09 m / 0.1 deg from the seed, tolerance 0.40 m / 15.0 deg (speed 0.0 m/s); failed: 27% of beams on a wall within 10 cm (min 50%)
[localization_bootstrap-6] [INFO] [1789735637.356169357] [localization_bootstrap]: recovery: seed ACCEPTED on agreement after 3 attempts: 8.8 cm / 0.1 deg from the prior
[localization_bootstrap-6] [INFO] [1789735637.356905250] [localization_bootstrap]: CHECKPOINT CANDIDATE (converged after reset): ('4.982', '0.127', '1.758')
[localization_bootstrap-6] [INFO] [1789735637.555876640] [localization_bootstrap]: recovery #13: creep, attempt 3
[localization_bootstrap-6] [INFO] [1789735639.556760047] [localization_bootstrap]: recovery #13: creep, attempt 3
[pure_pursuit-10] [INFO] [1789735640.405278501] [pure_pursuit]: localization re-confirmed after reset: speed cap 2.00 m/s for 8.0 m
[localization_bootstrap-6] [INFO] [1789735640.405466031] [localization_bootstrap]: recovery #13 complete in 9.2 s; follower resumes
[pure_pursuit-10] [INFO] [1789735640.405945375] [pure_pursuit]: localization converged, taking over
[localization_error-7] [INFO] [1789735640.433924921] [localization_error]: now[200] 9.395 m / 8.42 deg  |  session[n=18035] mean 1.470 p95 8.483 max 17.811 m, heading mean 7.10 max 179.67 deg
[log_localization-8] [INFO] [1789735640.806690806] [log_localization]:  904.9 s  3646.8 m  err 7.887 m (along +7.886 cross +0.129) yaw +32.12 deg  m->o yaw +31.87 deg | fit true 0.006 est 0.388 (x65.93)  enc/true 1.016  dr_err 15.39 m
[pure_pursuit-10] [WARN] [1789735641.213605409] [pure_pursuit]: heading jumped -80 deg in one tick: respawn. Speed estimate 1.87 -> 0, pose history cleared.
[localization_bootstrap-6] [WARN] [1789735641.213605399] [localization_bootstrap]: RESET detected: heading stepped -78 deg in one tick
[localization_bootstrap-6] [WARN] [1789735641.255682133] [localization_bootstrap]: recovery #14: follower held; prior (+0.80, +3.65, +75 deg) -- checkpoint -1.2 m behind the last pose along the track
[pure_pursuit-10] [WARN] [1789735641.255969319] [pure_pursuit]: localization lost after a reset: holding until it is re-confirmed
[amcl-4] [INFO] [1789735641.304998898] [amcl]: initialPoseReceived
[amcl-4] [INFO] [1789735641.305083215] [amcl]: Setting pose (1789735641.305083): 0.799 3.649 1.329
[localization_bootstrap-6] [INFO] [1789735641.305859193] [localization_bootstrap]: seed 1/3: x=+0.800 y=+3.653 yaw=+76.1 deg -- awaiting confirmation
[localization_bootstrap-6] [INFO] [1789735641.306643036] [localization_bootstrap]: not reporting a spawn constant: the car is moving at 0.1 m/s, so this pose is not the spawn
[amcl-4] [INFO] [1789735641.354272222] [amcl]: Requesting no-motion update
[localization_bootstrap-6] [INFO] [1789735641.554552614] [localization_bootstrap]: recovery #14: seed, attempt 1
[amcl-4] [INFO] [1789735641.804273023] [amcl]: Requesting no-motion update
[amcl-4] [INFO] [1789735642.254321863] [amcl]: Requesting no-motion update
[amcl-4] [INFO] [1789735642.654640537] [amcl]: Requesting no-motion update
[amcl-4] [INFO] [1789735643.104244979] [amcl]: Requesting no-motion update
[localization_bootstrap-6] [WARN] [1789735643.355872636] [localization_bootstrap]: seed 1 not adopted -- the estimate is 0.23 m / 2.9 deg from the seed, tolerance 0.40 m / 15.0 deg (speed 0.0 m/s); failed: 39% of beams on a wall within 10 cm (min 50%); re-seeding
[amcl-4] [INFO] [1789735643.357382293] [amcl]: initialPoseReceived
[amcl-4] [INFO] [1789735643.357529367] [amcl]: Setting pose (1789735643.357529): 0.800 3.653 1.329
[localization_bootstrap-6] [INFO] [1789735643.357991139] [localization_bootstrap]: seed 2/3: x=+0.800 y=+3.653 yaw=+76.1 deg -- awaiting confirmation
[amcl-4] [INFO] [1789735643.504540680] [amcl]: Requesting no-motion update
[localization_bootstrap-6] [INFO] [1789735643.555597933] [localization_bootstrap]: recovery #14: seed, attempt 2
[amcl-4] [INFO] [1789735643.954279131] [amcl]: Requesting no-motion update
[amcl-4] [INFO] [1789735644.404057627] [amcl]: Requesting no-motion update
[amcl-4] [INFO] [1789735644.854390818] [amcl]: Requesting no-motion update
[amcl-4] [INFO] [1789735645.304773402] [amcl]: Requesting no-motion update
[localization_bootstrap-6] [WARN] [1789735645.404842471] [localization_bootstrap]: seed 2 not adopted -- the estimate is 0.02 m / 1.4 deg from the seed, tolerance 0.40 m / 15.0 deg (speed 0.0 m/s); failed: 44% of beams on a wall within 10 cm (min 50%); re-seeding
[localization_bootstrap-6] [INFO] [1789735645.405930581] [localization_bootstrap]: seed 3/3: x=+0.800 y=+3.653 yaw=+76.1 deg -- awaiting confirmation
[amcl-4] [INFO] [1789735645.406232555] [amcl]: initialPoseReceived
[amcl-4] [INFO] [1789735645.406322082] [amcl]: Setting pose (1789735645.406322): 0.800 3.653 1.329
[localization_error-7] [INFO] [1789735645.434692016] [localization_error]: now[200] 8.036 m / 11.52 deg  |  session[n=18135] mean 1.502 p95 8.537 max 17.811 m, heading mean 7.11 max 179.67 deg
[localization_bootstrap-6] [INFO] [1789735645.554605799] [localization_bootstrap]: recovery #14: seed, attempt 3
[amcl-4] [INFO] [1789735645.754364077] [amcl]: Requesting no-motion update
[log_localization-8] [INFO] [1789735645.806962076] [log_localization]:  910.0 s  3648.4 m  err 6.634 m (along +5.809 cross +3.204) yaw  +0.62 deg  m->o yaw  +0.62 deg | fit true 0.005 est 0.200 (x38.26)  enc/true 1.016  dr_err 16.31 m
[amcl-4] [INFO] [1789735646.204511803] [amcl]: Requesting no-motion update
[amcl-4] [INFO] [1789735646.654417907] [amcl]: Requesting no-motion update
[amcl-4] [INFO] [1789735647.054727985] [amcl]: Requesting no-motion update
[localization_bootstrap-6] [WARN] [1789735647.457016515] [localization_bootstrap]: recovery: accepting the seed on agreement -- the estimate is 0.05 m / 1.8 deg from the seed, tolerance 0.40 m / 15.0 deg (speed 0.0 m/s); failed: 46% of beams on a wall within 10 cm (min 50%)
[localization_bootstrap-6] [INFO] [1789735647.459001630] [localization_bootstrap]: recovery: seed ACCEPTED on agreement after 3 attempts: 4.8 cm / 1.8 deg from the prior
[localization_bootstrap-6] [INFO] [1789735647.460978098] [localization_bootstrap]: CHECKPOINT CANDIDATE (converged after reset): ('0.772', '3.614', '1.360')
[localization_bootstrap-6] [INFO] [1789735647.555875335] [localization_bootstrap]: recovery #14: creep, attempt 3
[localization_bootstrap-6] [INFO] [1789735649.556620253] [localization_bootstrap]: recovery #14: creep, attempt 3
[localization_error-7] [INFO] [1789735650.434615617] [localization_error]: now[200] 6.918 m / 6.79 deg  |  session[n=18235] mean 1.530 p95 8.488 max 17.811 m, heading mean 7.10 max 179.67 deg
[localization_bootstrap-6] [INFO] [1789735650.505086109] [localization_bootstrap]: recovery #14 complete in 9.3 s; follower resumes
[pure_pursuit-10] [INFO] [1789735650.505625626] [pure_pursuit]: localization re-confirmed after reset: speed cap 2.00 m/s for 8.0 m
[pure_pursuit-10] [INFO] [1789735650.506531426] [pure_pursuit]: localization converged, taking over
[log_localization-8] [INFO] [1789735650.807278951] [log_localization]:  915.0 s  3654.3 m  err 5.988 m (along +4.618 cross -3.813) yaw -17.20 deg  m->o yaw -16.98 deg | fit true 0.013 est nan (xnan)  enc/true 1.016  dr_err 16.76 m
[pure_pursuit-10] [WARN] [1789735652.068548040] [pure_pursuit]: heading jumped +70 deg in one tick: respawn. Speed estimate 2.01 -> 0, pose history cleared.
[localization_bootstrap-6] [WARN] [1789735652.068213054] [localization_bootstrap]: RESET detected: heading stepped +67 deg in one tick
[localization_bootstrap-6] [WARN] [1789735652.105026205] [localization_bootstrap]: recovery #15: follower held; prior (+1.71, -15.77, +134 deg) -- checkpoint 0.8 m behind the last pose along the track
[pure_pursuit-10] [WARN] [1789735652.106621823] [pure_pursuit]: localization lost after a reset: holding until it is re-confirmed
[amcl-4] [INFO] [1789735652.154693093] [amcl]: initialPoseReceived
[amcl-4] [INFO] [1789735652.154830490] [amcl]: Setting pose (1789735652.154830): 1.713 -15.770 2.312
[localization_bootstrap-6] [INFO] [1789735652.155785632] [localization_bootstrap]: seed 1/3: x=+1.713 y=-15.770 yaw=+132.5 deg -- awaiting confirmation
[localization_bootstrap-6] [INFO] [1789735652.156807379] [localization_bootstrap]: not reporting a spawn constant: the car is moving at 0.9 m/s, so this pose is not the spawn
[pure_pursuit-10] [WARN] [1789735653.318393079] [pure_pursuit]: heading jumped +54 deg in one tick: respawn. Speed estimate 0.00 -> 0, pose history cleared.
[localization_bootstrap-6] [INFO] [1789735653.554474343] [localization_bootstrap]: recovery #15: seed, attempt 1
[localization_bootstrap-6] [WARN] [1789735654.204866925] [localization_bootstrap]: seed 1 not adopted -- the estimate is 1.75 m / 18.6 deg from the seed, tolerance 0.40 m / 15.0 deg (speed 0.7 m/s); failed: position, 47% of beams on a wall within 10 cm (min 50%); re-seeding
[amcl-4] [INFO] [1789735654.205343434] [amcl]: initialPoseReceived
[amcl-4] [INFO] [1789735654.205433402] [amcl]: Setting pose (1789735654.205433): 1.713 -15.770 1.698
[localization_bootstrap-6] [INFO] [1789735654.205862643] [localization_bootstrap]: seed 2/3: x=+1.713 y=-15.770 yaw=+97.3 deg -- awaiting confirmation
[pure_pursuit-10] [WARN] [1789735654.572726484] [pure_pursuit]: heading jumped +54 deg in one tick: respawn. Speed estimate 0.00 -> 0, pose history cleared.
[localization_error-7] [INFO] [1789735655.436611115] [localization_error]: now[200] 10.421 m / 11.50 deg  |  session[n=18335] mean 1.599 p95 9.015 max 19.053 m, heading mean 7.16 max 179.67 deg
[localization_bootstrap-6] [INFO] [1789735655.555070624] [localization_bootstrap]: recovery #15: seed, attempt 2
[log_localization-8] [INFO] [1789735655.806953437] [log_localization]:  920.0 s  3663.8 m  err 17.603 m (along -17.593 cross -0.602) yaw  -6.43 deg  m->o yaw  -6.34 deg | fit true 0.003 est 0.097 (x30.59)  enc/true 1.015  dr_err 18.27 m
[pure_pursuit-10] [WARN] [1789735655.826406771] [pure_pursuit]: heading jumped +54 deg in one tick: respawn. Speed estimate 0.00 -> 0, pose history cleared.
[localization_bootstrap-6] [WARN] [1789735656.255052549] [localization_bootstrap]: seed 2 not adopted -- the estimate is 1.60 m / 12.4 deg from the seed, tolerance 0.40 m / 15.0 deg (speed 0.7 m/s); failed: position, 39% of beams on a wall within 10 cm (min 50%); re-seeding
[amcl-4] [INFO] [1789735656.255630688] [amcl]: initialPoseReceived
[amcl-4] [INFO] [1789735656.256295248] [amcl]: Setting pose (1789735656.256294): 1.713 -15.770 2.076
[localization_bootstrap-6] [INFO] [1789735656.256414150] [localization_bootstrap]: seed 3/3: x=+1.713 y=-15.770 yaw=+118.9 deg -- awaiting confirmation
[pure_pursuit-10] [WARN] [1789735657.094509082] [pure_pursuit]: heading jumped +54 deg in one tick: respawn. Speed estimate 0.00 -> 0, pose history cleared.
[localization_bootstrap-6] [INFO] [1789735657.554687066] [localization_bootstrap]: recovery #15: seed, attempt 3
[localization_bootstrap-6] [WARN] [1789735658.305668787] [localization_bootstrap]: recovery: prior not adopted (seed REJECTED after 3 attempts -- the estimate is 1.61 m / 20.3 deg from the seed, tolerance 0.40 m / 15.0 deg (speed 0.6 m/s); failed: position); searching the whole map
[localization_bootstrap-6] [WARN] [1789735658.307190757] [localization_bootstrap]: UNMATCHED RESET near (+1.86, -14.88): if the car is at a checkpoint not in frames.TRACKS, add it from this run's ground truth
[amcl-4] [INFO] [1789735658.354982516] [amcl]: Initializing with uniform distribution
[localization_bootstrap-6] [INFO] [1789735658.355295550] [localization_bootstrap]: scattered particles across the map -- no initial pose needed
[pure_pursuit-10] [WARN] [1789735658.379112067] [pure_pursuit]: heading jumped +55 deg in one tick: respawn. Speed estimate 0.00 -> 0, pose history cleared.
[amcl-4] [INFO] [1789735658.382903262] [amcl]: Global initialisation done!
[localization_bootstrap-6] [INFO] [1789735659.556627324] [localization_bootstrap]: recovery #15: global, attempt 3
[localization_error-7] [INFO] [1789735660.434220317] [localization_error]: now[200] 14.200 m / 15.28 deg  |  session[n=18435] mean 1.667 p95 9.036 max 19.053 m, heading mean 7.19 max 179.67 deg
[log_localization-8] [INFO] [1789735660.806964472] [log_localization]:  924.9 s  3672.3 m  err 7.000 m (along -5.392 cross +4.465) yaw -21.66 deg  m->o yaw -21.66 deg | fit true 0.016 est 0.292 (x18.63)  enc/true 1.014  dr_err 19.92 m
[localization_bootstrap-6] [INFO] [1789735661.555442931] [localization_bootstrap]: recovery #15: global, attempt 3
[localization_bootstrap-6] [INFO] [1789735663.555816947] [localization_bootstrap]: recovery #15: global, attempt 3
[localization_error-7] [INFO] [1789735665.437052927] [localization_error]: now[200] 10.752 m / 17.37 deg  |  session[n=18535] mean 1.698 p95 9.030 max 19.053 m, heading mean 7.27 max 179.67 deg
[localization_bootstrap-6] [INFO] [1789735665.554897949] [localization_bootstrap]: recovery #15: global, attempt 3
[log_localization-8] [INFO] [1789735665.806987328] [log_localization]:  930.0 s  3672.4 m  err 7.355 m (along -5.660 cross +4.697) yaw -22.67 deg  m->o yaw -22.67 deg | fit true 0.016 est 0.309 (x19.57)  enc/true 1.014  dr_err 19.91 m
[localization_bootstrap-6] [INFO] [1789735667.555055471] [localization_bootstrap]: recovery #15: global, attempt 3
[localization_bootstrap-6] [INFO] [1789735669.554854764] [localization_bootstrap]: recovery #15: global, attempt 3
[localization_error-7] [INFO] [1789735670.436243310] [localization_error]: now[200] 7.347 m / 22.80 deg  |  session[n=18635] mean 1.728 p95 9.030 max 19.053 m, heading mean 7.36 max 179.67 deg
[log_localization-8] [INFO] [1789735670.807064285] [log_localization]:  935.0 s  3672.4 m  err 7.366 m (along -5.671 cross +4.701) yaw -22.67 deg  m->o yaw -22.67 deg | fit true 0.016 est 0.309 (x19.52)  enc/true 1.014  dr_err 19.91 m
[localization_bootstrap-6] [INFO] [1789735671.554739426] [localization_bootstrap]: recovery #15: global, attempt 3
[localization_bootstrap-6] [ERROR] [1789735673.354690823] [localization_bootstrap]: recovery: global search failed too (TIMEOUT after 15 s -- pos std 4.953 m never reached 0.15 m. The pose is NOT localized; check the scan against the map.); resuming on the current estimate, which AMCL may still correct while driving. Parked forever loses the race for certain.
[pure_pursuit-10] [INFO] [1789735673.356129628] [pure_pursuit]: localization re-confirmed after reset: speed cap 2.00 m/s for 8.0 m
[pure_pursuit-10] [INFO] [1789735673.357120227] [pure_pursuit]: localization converged, taking over
[pure_pursuit-10] [WARN] [1789735673.651431069] [pure_pursuit]: heading jumped +36 deg in one tick: respawn. Speed estimate 0.67 -> 0, pose history cleared.
[localization_bootstrap-6] [WARN] [1789735673.652541211] [localization_bootstrap]: RESET detected: heading stepped +35 deg in one tick
[pure_pursuit-10] [WARN] [1789735673.656045030] [pure_pursuit]: localization lost after a reset: holding until it is re-confirmed
[localization_bootstrap-6] [WARN] [1789735673.657034156] [localization_bootstrap]: recovery #16: follower held; prior (+1.71, -15.77, +165 deg) -- checkpoint 0.8 m behind the last pose along the track
[localization_bootstrap-6] [INFO] [1789735673.705508148] [localization_bootstrap]: seed 1/3: x=+1.713 y=-15.770 yaw=+164.3 deg -- awaiting confirmation
[localization_bootstrap-6] [INFO] [1789735673.706481885] [localization_bootstrap]: not reporting a spawn constant: the car is moving at 1.0 m/s, so this pose is not the spawn
[amcl-4] [INFO] [1789735674.171462561] [amcl]: initialPoseReceived
[amcl-4] [INFO] [1789735674.171546658] [amcl]: Setting pose (1789735674.171546): 1.651 -15.752 2.866
[amcl-4] [INFO] [1789735674.176437896] [amcl]: Requesting no-motion update
[amcl-4] [INFO] [1789735674.204094669] [amcl]: Requesting no-motion update
[amcl-4] [INFO] [1789735674.604251632] [amcl]: Requesting no-motion update
[amcl-4] [INFO] [1789735675.054364963] [amcl]: Requesting no-motion update
[localization_error-7] [INFO] [1789735675.434979655] [localization_error]: now[200] 8.555 m / 24.89 deg  |  session[n=18735] mean 1.771 p95 9.088 max 20.376 m, heading mean 7.46 max 179.67 deg
[amcl-4] [INFO] [1789735675.504345145] [amcl]: Requesting no-motion update
[localization_bootstrap-6] [INFO] [1789735675.555012260] [localization_bootstrap]: recovery #16: seed, attempt 1
[localization_bootstrap-6] [WARN] [1789735675.706412783] [localization_bootstrap]: seed 1 not adopted -- the estimate is 0.22 m / 0.5 deg from the seed, tolerance 0.40 m / 15.0 deg (speed 0.0 m/s); failed: 35% of beams on a wall within 10 cm (min 50%); re-seeding
[amcl-4] [INFO] [1789735675.707004377] [amcl]: initialPoseReceived
[amcl-4] [INFO] [1789735675.707101429] [amcl]: Setting pose (1789735675.707101): 1.713 -15.770 2.863
[localization_bootstrap-6] [INFO] [1789735675.707956594] [localization_bootstrap]: seed 2/3: x=+1.713 y=-15.770 yaw=+164.1 deg -- awaiting confirmation
[log_localization-8] [INFO] [1789735675.807705375] [log_localization]:  939.9 s  3673.6 m  err 20.335 m (along -5.523 cross +19.571) yaw  -0.47 deg  m->o yaw  -0.47 deg | fit true 0.012 est 0.252 (x20.60)  enc/true 1.014  dr_err 19.97 m
[amcl-4] [INFO] [1789735675.954107571] [amcl]: Requesting no-motion update
[amcl-4] [INFO] [1789735676.354398664] [amcl]: Requesting no-motion update
[amcl-4] [INFO] [1789735676.754285041] [amcl]: Requesting no-motion update
[amcl-4] [INFO] [1789735677.204110976] [amcl]: Requesting no-motion update
[localization_bootstrap-6] [INFO] [1789735677.555612788] [localization_bootstrap]: recovery #16: seed, attempt 2
[amcl-4] [INFO] [1789735677.604229096] [amcl]: Requesting no-motion update
[localization_bootstrap-6] [WARN] [1789735677.755688559] [localization_bootstrap]: seed 2 not adopted -- the estimate is 0.27 m / 1.3 deg from the seed, tolerance 0.40 m / 15.0 deg (speed 0.0 m/s); failed: 36% of beams on a wall within 10 cm (min 50%); re-seeding
[amcl-4] [INFO] [1789735677.756152114] [amcl]: initialPoseReceived
[amcl-4] [INFO] [1789735677.756265466] [amcl]: Setting pose (1789735677.756265): 1.713 -15.770 2.863
[localization_bootstrap-6] [INFO] [1789735677.757063265] [localization_bootstrap]: seed 3/3: x=+1.713 y=-15.770 yaw=+164.1 deg -- awaiting confirmation
[amcl-4] [INFO] [1789735678.004390056] [amcl]: Requesting no-motion update
[amcl-4] [INFO] [1789735678.454224496] [amcl]: Requesting no-motion update
[amcl-4] [INFO] [1789735678.854216851] [amcl]: Requesting no-motion update
[amcl-4] [INFO] [1789735679.254320144] [amcl]: Requesting no-motion update
[localization_bootstrap-6] [INFO] [1789735679.555645787] [localization_bootstrap]: recovery #16: seed, attempt 3
[amcl-4] [INFO] [1789735679.704249251] [amcl]: Requesting no-motion update
[localization_bootstrap-6] [WARN] [1789735679.804866312] [localization_bootstrap]: recovery: accepting the seed on agreement -- the estimate is 0.26 m / 1.4 deg from the seed, tolerance 0.40 m / 15.0 deg (speed 0.0 m/s); failed: 35% of beams on a wall within 10 cm (min 50%)
[localization_bootstrap-6] [INFO] [1789735679.805849377] [localization_bootstrap]: recovery: seed ACCEPTED on agreement after 3 attempts: 26.3 cm / 1.4 deg from the prior
[localization_bootstrap-6] [INFO] [1789735679.806760257] [localization_bootstrap]: CHECKPOINT CANDIDATE (converged after reset): ('1.963', '-15.689', '2.888')
[localization_error-7] [INFO] [1789735680.433531627] [localization_error]: now[200] 15.048 m / 14.03 deg  |  session[n=18835] mean 1.870 p95 9.361 max 20.399 m, heading mean 7.43 max 179.67 deg
[pure_pursuit-10] [INFO] [1789735680.801224515] [pure_pursuit]: lap 83: 65.58 s
[log_localization-8] [INFO] [1789735680.807157427] [log_localization]:  945.0 s  3674.9 m  err 20.297 m (along +19.989 cross +3.523) yaw  +2.24 deg  m->o yaw  +1.48 deg | fit true 0.021 est 0.061 (x2.85)  enc/true 1.014  dr_err 19.81 m
[localization_bootstrap-6] [INFO] [1789735681.555591594] [localization_bootstrap]: recovery #16: creep, attempt 3
[localization_bootstrap-6] [INFO] [1789735682.854857703] [localization_bootstrap]: recovery #16 complete in 9.2 s; follower resumes
[pure_pursuit-10] [INFO] [1789735682.855298776] [pure_pursuit]: localization re-confirmed after reset: speed cap 2.00 m/s for 8.0 m
[pure_pursuit-10] [INFO] [1789735682.856297069] [pure_pursuit]: localization converged, taking over
[pure_pursuit-10] [WARN] [1789735684.229844631] [pure_pursuit]: heading jumped -31 deg in one tick: respawn. Speed estimate 2.10 -> 0, pose history cleared.
[localization_bootstrap-6] [WARN] [1789735684.230604730] [localization_bootstrap]: RESET detected: heading stepped -29 deg in one tick
[pure_pursuit-10] [WARN] [1789735684.255661771] [pure_pursuit]: localization lost after a reset: holding until it is re-confirmed
[localization_bootstrap-6] [WARN] [1789735684.256292268] [localization_bootstrap]: recovery #17: follower held; prior (+0.80, +0.65, -90 deg) -- checkpoint -1.0 m behind the last pose along the track
[localization_bootstrap-6] [INFO] [1789735684.305696456] [localization_bootstrap]: seed 1/3: x=+0.800 y=+0.647 yaw=-87.8 deg -- awaiting confirmation
[localization_bootstrap-6] [INFO] [1789735684.307553512] [localization_bootstrap]: not reporting a spawn constant: the car is moving at 0.7 m/s, so this pose is not the spawn
[amcl-4] [INFO] [1789735684.309814922] [amcl]: initialPoseReceived
[amcl-4] [INFO] [1789735684.309958069] [amcl]: Setting pose (1789735684.309958): 0.801 0.635 -1.528
[amcl-4] [INFO] [1789735684.354170208] [amcl]: Requesting no-motion update
[amcl-4] [INFO] [1789735684.804272869] [amcl]: Requesting no-motion update
[amcl-4] [INFO] [1789735685.204403432] [amcl]: Requesting no-motion update
[localization_error-7] [INFO] [1789735685.438139189] [localization_error]: now[200] 18.601 m / 8.46 deg  |  session[n=18935] mean 1.949 p95 9.504 max 20.774 m, heading mean 7.47 max 179.67 deg
[localization_bootstrap-6] [INFO] [1789735685.554646695] [localization_bootstrap]: recovery #17: seed, attempt 1
[amcl-4] [INFO] [1789735685.654650482] [amcl]: Requesting no-motion update
[log_localization-8] [INFO] [1789735685.807297101] [log_localization]:  949.9 s  3681.8 m  err 2.897 m (along -2.893 cross +0.147) yaw  -0.42 deg  m->o yaw  -0.42 deg | fit true 0.012 est 0.008 (x0.63)  enc/true 1.014  dr_err 19.11 m
[amcl-4] [INFO] [1789735686.104172891] [amcl]: Requesting no-motion update
[localization_bootstrap-6] [INFO] [1789735686.306318074] [localization_bootstrap]: recovery: 100% of beams on a wall within 10 cm (min 50%). seed CONFIRMED on attempt 1: the estimate is 12.0 cm / 0.4 deg from truth (pos std 0.147 m). Tracking is now lidar + map + dead reckoning only.
[localization_bootstrap-6] [INFO] [1789735686.308137058] [localization_bootstrap]: CHECKPOINT CANDIDATE (converged after reset): ('0.820', '0.529', '-1.533')
[localization_bootstrap-6] [INFO] [1789735687.555884162] [localization_bootstrap]: recovery #17: creep, attempt 1
[localization_bootstrap-6] [INFO] [1789735689.354778396] [localization_bootstrap]: recovery #17 complete in 5.1 s; follower resumes
[pure_pursuit-10] [INFO] [1789735689.354999469] [pure_pursuit]: localization re-confirmed after reset: speed cap 2.00 m/s for 8.0 m
[pure_pursuit-10] [INFO] [1789735689.355603586] [pure_pursuit]: localization converged, taking over
[localization_error-7] [INFO] [1789735690.437279769] [localization_error]: now[200] 9.626 m / 8.21 deg  |  session[n=19035] mean 1.951 p95 9.503 max 20.774 m, heading mean 7.43 max 179.67 deg
[log_localization-8] [INFO] [1789735690.806440156] [log_localization]:  954.9 s  3690.0 m  err 1.860 m (along -1.860 cross -0.040) yaw  -0.10 deg  m->o yaw  -0.13 deg | fit true 0.008 est 0.031 (x3.76)  enc/true 1.014  dr_err 18.38 m
[pure_pursuit-10] [INFO] [1789735693.660955398] [pure_pursuit]: recover warmup released after 8.0 m
[pure_pursuit-10] [WARN] [1789735693.724295083] [pure_pursuit]: heading jumped +42 deg in one tick: respawn. Speed estimate 1.95 -> 0, pose history cleared.
[localization_bootstrap-6] [WARN] [1789735693.725917431] [localization_bootstrap]: RESET detected: heading stepped +43 deg in one tick
[pure_pursuit-10] [WARN] [1789735693.756526774] [pure_pursuit]: localization lost after a reset: holding until it is re-confirmed
[localization_bootstrap-6] [WARN] [1789735693.757037767] [localization_bootstrap]: recovery #18: follower held; prior (+0.80, -11.34, -35 deg) -- checkpoint 2.8 m behind the last pose along the track
[amcl-4] [INFO] [1789735693.804378765] [amcl]: initialPoseReceived
[amcl-4] [INFO] [1789735693.804446762] [amcl]: Setting pose (1789735693.804447): 0.798 -11.339 -0.606
[localization_bootstrap-6] [INFO] [1789735693.804962815] [localization_bootstrap]: seed 1/3: x=+0.800 y=-11.340 yaw=-34.7 deg -- awaiting confirmation
[localization_bootstrap-6] [WARN] [1789735693.805976927] [localization_bootstrap]: MEASURED SPAWN is 14.498 m / 55.3 deg from racer_common.frames.SPAWN_* -- OUTSIDE slam_toolbox's +-0.5 m seed search, so any run that falls back to it CANNOT recover and the offset is frozen for the whole run. This run is seeded and therefore fine; the FALLBACK is what is wrong.
[localization_bootstrap-6]     Paste into racer_common/frames.py so bootstrap:=false and bootstrap_mode:=global start somewhere real:
[localization_bootstrap-6]         SPAWN_X = '0.800'
[localization_bootstrap-6]         SPAWN_Y = '-11.340'
[localization_bootstrap-6]         SPAWN_YAW = '-0.6056'
[amcl-4] [INFO] [1789735693.854468002] [amcl]: Requesting no-motion update
[amcl-4] [INFO] [1789735694.304097409] [amcl]: Requesting no-motion update
[amcl-4] [INFO] [1789735694.704247439] [amcl]: Requesting no-motion update
[amcl-4] [INFO] [1789735695.104425891] [amcl]: Requesting no-motion update
[localization_error-7] [INFO] [1789735695.434183234] [localization_error]: now[200] 2.336 m / 0.58 deg  |  session[n=19135] mean 1.953 p95 9.503 max 20.774 m, heading mean 7.40 max 179.67 deg
[amcl-4] [INFO] [1789735695.504848259] [amcl]: Requesting no-motion update
[localization_bootstrap-6] [INFO] [1789735695.555131578] [localization_bootstrap]: recovery #18: seed, attempt 1
[log_localization-8] [INFO] [1789735695.807787183] [log_localization]:  960.0 s  3696.6 m  err 3.994 m (along -2.187 cross +3.342) yaw  -3.58 deg  m->o yaw  -3.58 deg | fit true 0.006 est 0.402 (x69.34)  enc/true 1.014  dr_err 17.58 m
[localization_bootstrap-6] [WARN] [1789735695.856150258] [localization_bootstrap]: seed 1 not adopted -- the estimate is 0.25 m / 3.6 deg from the seed, tolerance 0.40 m / 15.0 deg (speed 0.0 m/s); failed: 25% of beams on a wall within 10 cm (min 50%); re-seeding
[amcl-4] [INFO] [1789735695.856878277] [amcl]: initialPoseReceived
[amcl-4] [INFO] [1789735695.857113646] [amcl]: Setting pose (1789735695.857113): 0.800 -11.340 -0.606
[localization_bootstrap-6] [INFO] [1789735695.858799402] [localization_bootstrap]: seed 2/3: x=+0.800 y=-11.340 yaw=-34.7 deg -- awaiting confirmation
[amcl-4] [INFO] [1789735695.954114599] [amcl]: Requesting no-motion update
[amcl-4] [INFO] [1789735696.354498295] [amcl]: Requesting no-motion update
[amcl-4] [INFO] [1789735696.804796280] [amcl]: Requesting no-motion update
[amcl-4] [INFO] [1789735697.254405901] [amcl]: Requesting no-motion update
[localization_bootstrap-6] [INFO] [1789735697.554585546] [localization_bootstrap]: recovery #18: seed, attempt 2
[amcl-4] [INFO] [1789735697.654629298] [amcl]: Requesting no-motion update
[localization_bootstrap-6] [WARN] [1789735697.904790398] [localization_bootstrap]: seed 2 not adopted -- the estimate is 0.08 m / 1.1 deg from the seed, tolerance 0.40 m / 15.0 deg (speed 0.0 m/s); failed: 37% of beams on a wall within 10 cm (min 50%); re-seeding
[amcl-4] [INFO] [1789735697.905161851] [amcl]: initialPoseReceived
[amcl-4] [INFO] [1789735697.905241460] [amcl]: Setting pose (1789735697.905241): 0.800 -11.340 -0.606
[localization_bootstrap-6] [INFO] [1789735697.905914045] [localization_bootstrap]: seed 3/3: x=+0.800 y=-11.340 yaw=-34.7 deg -- awaiting confirmation
[amcl-4] [INFO] [1789735698.104251462] [amcl]: Requesting no-motion update
[amcl-4] [INFO] [1789735698.554095571] [amcl]: Requesting no-motion update
[amcl-4] [INFO] [1789735698.954626070] [amcl]: Requesting no-motion update
[amcl-4] [INFO] [1789735699.404127048] [amcl]: Requesting no-motion update
[localization_bootstrap-6] [INFO] [1789735699.554565727] [localization_bootstrap]: recovery #18: seed, attempt 3
[amcl-4] [INFO] [1789735699.854408273] [amcl]: Requesting no-motion update
[localization_bootstrap-6] [WARN] [1789735699.954801977] [localization_bootstrap]: recovery: accepting the seed on agreement -- the estimate is 0.09 m / 0.4 deg from the seed, tolerance 0.40 m / 15.0 deg (speed 0.0 m/s); failed: 37% of beams on a wall within 10 cm (min 50%)
[localization_bootstrap-6] [INFO] [1789735699.955596670] [localization_bootstrap]: recovery: seed ACCEPTED on agreement after 3 attempts: 8.7 cm / 0.4 deg from the prior
[localization_bootstrap-6] [INFO] [1789735699.956301856] [localization_bootstrap]: CHECKPOINT CANDIDATE (converged after reset): ('0.713', '-11.338', '-0.613')
[localization_error-7] [INFO] [1789735700.434547287] [localization_error]: now[200] 3.232 m / 0.96 deg  |  session[n=19235] mean 1.965 p95 9.502 max 20.774 m, heading mean 7.37 max 179.67 deg
[log_localization-8] [INFO] [1789735700.808161235] [log_localization]:  965.0 s  3697.6 m  err 3.935 m (along +2.956 cross +2.597) yaw  -6.26 deg  m->o yaw  -6.26 deg | fit true 0.004 est 0.478 (x115.37)  enc/true 1.014  dr_err 17.66 m
[localization_bootstrap-6] [INFO] [1789735701.555119989] [localization_bootstrap]: recovery #18: creep, attempt 3
[localization_bootstrap-6] [INFO] [1789735703.004977901] [localization_bootstrap]: recovery #18 complete in 9.2 s; follower resumes
[pure_pursuit-10] [INFO] [1789735703.005226085] [pure_pursuit]: localization re-confirmed after reset: speed cap 2.00 m/s for 8.0 m
[pure_pursuit-10] [INFO] [1789735703.005926341] [pure_pursuit]: localization converged, taking over
[pure_pursuit-10] [WARN] [1789735704.525575449] [pure_pursuit]: heading jumped -37 deg in one tick: respawn. Speed estimate 2.04 -> 0, pose history cleared.
[localization_bootstrap-6] [WARN] [1789735704.525983310] [localization_bootstrap]: RESET detected: heading stepped -38 deg in one tick
[localization_bootstrap-6] [WARN] [1789735704.556401115] [localization_bootstrap]: recovery #19: follower held; prior (+3.73, -9.94, +135 deg) -- checkpoint 2.2 m behind the last pose along the track
[pure_pursuit-10] [WARN] [1789735704.557308890] [pure_pursuit]: localization lost after a reset: holding until it is re-confirmed
[amcl-4] [INFO] [1789735704.604448151] [amcl]: initialPoseReceived
[amcl-4] [INFO] [1789735704.604559609] [amcl]: Setting pose (1789735704.604559): 3.727 -9.941 2.330
[localization_bootstrap-6] [INFO] [1789735704.605734852] [localization_bootstrap]: seed 1/3: x=+3.728 y=-9.942 yaw=+133.5 deg -- awaiting confirmation
[localization_bootstrap-6] [INFO] [1789735704.607442649] [localization_bootstrap]: not reporting a spawn constant: the car is moving at 0.3 m/s, so this pose is not the spawn
[amcl-4] [INFO] [1789735704.654224403] [amcl]: Requesting no-motion update
[amcl-4] [INFO] [1789735705.104879235] [amcl]: Requesting no-motion update
[localization_error-7] [INFO] [1789735705.438641511] [localization_error]: now[200] 3.504 m / 6.65 deg  |  session[n=19335] mean 1.969 p95 9.502 max 20.774 m, heading mean 7.39 max 179.67 deg
[amcl-4] [INFO] [1789735705.554949595] [amcl]: Requesting no-motion update
[localization_bootstrap-6] [INFO] [1789735705.555738979] [localization_bootstrap]: recovery #19: seed, attempt 1
[log_localization-8] [INFO] [1789735705.809015583] [log_localization]:  970.0 s  3705.3 m  err 0.233 m (along +0.233 cross +0.009) yaw  -0.21 deg  m->o yaw  -0.21 deg | fit true 0.006 est 0.035 (x5.53)  enc/true 1.014  dr_err 17.85 m
[amcl-4] [INFO] [1789735706.005628762] [amcl]: Requesting no-motion update
[amcl-4] [INFO] [1789735706.454230803] [amcl]: Requesting no-motion update
[localization_bootstrap-6] [INFO] [1789735706.654914579] [localization_bootstrap]: recovery: 93% of beams on a wall within 10 cm (min 50%). seed CONFIRMED on attempt 1: the estimate is 26.7 cm / 0.4 deg from truth (pos std 0.156 m). Tracking is now lidar + map + dead reckoning only.
[localization_bootstrap-6] [INFO] [1789735706.655783340] [localization_bootstrap]: CHECKPOINT CANDIDATE (converged after reset): ('3.536', '-9.755', '2.322')
[localization_bootstrap-6] [INFO] [1789735707.555430400] [localization_bootstrap]: recovery #19: creep, attempt 1
[localization_bootstrap-6] [INFO] [1789735709.554885170] [localization_bootstrap]: recovery #19: creep, attempt 1
[localization_bootstrap-6] [INFO] [1789735709.705002429] [localization_bootstrap]: recovery #19 complete in 5.1 s; follower resumes
[pure_pursuit-10] [INFO] [1789735709.707965579] [pure_pursuit]: localization re-confirmed after reset: speed cap 2.00 m/s for 8.0 m
[pure_pursuit-10] [INFO] [1789735709.709969378] [pure_pursuit]: localization converged, taking over
[localization_error-7] [INFO] [1789735710.437072878] [localization_error]: now[200] 1.646 m / 6.84 deg  |  session[n=19435] mean 1.961 p95 9.501 max 20.774 m, heading mean 7.36 max 179.67 deg
[log_localization-8] [INFO] [1789735710.806564032] [log_localization]:  974.9 s  3713.0 m  err 0.717 m (along +0.675 cross -0.241) yaw  +6.54 deg  m->o yaw  +6.35 deg | fit true 0.004 est 0.182 (x50.78)  enc/true 1.014  dr_err 18.76 m
[localization_bootstrap-6] [WARN] [1789735712.185864410] [localization_bootstrap]: RESET detected: heading stepped -18 deg in one tick
[localization_bootstrap-6] [WARN] [1789735712.205808119] [localization_bootstrap]: recovery #20: follower held; prior (+5.07, +0.12, +60 deg) -- checkpoint -0.6 m behind the last pose along the track
[pure_pursuit-10] [WARN] [1789735712.207179318] [pure_pursuit]: localization lost after a reset: holding until it is re-confirmed
[amcl-4] [INFO] [1789735712.254208153] [amcl]: initialPoseReceived
[amcl-4] [INFO] [1789735712.254296017] [amcl]: Setting pose (1789735712.254296): 5.070 0.122 1.053
[localization_bootstrap-6] [INFO] [1789735712.254798755] [localization_bootstrap]: seed 1/3: x=+5.070 y=+0.121 yaw=+60.3 deg -- awaiting confirmation
[localization_bootstrap-6] [INFO] [1789735712.255467173] [localization_bootstrap]: not reporting a spawn constant: the car is moving at 2.0 m/s, so this pose is not the spawn
[amcl-4] [INFO] [1789735712.304296057] [amcl]: Requesting no-motion update
[amcl-4] [INFO] [1789735712.754320663] [amcl]: Requesting no-motion update
[amcl-4] [INFO] [1789735713.204480611] [amcl]: Requesting no-motion update
[localization_bootstrap-6] [INFO] [1789735713.555250627] [localization_bootstrap]: recovery #20: seed, attempt 1
[amcl-4] [INFO] [1789735713.606324571] [amcl]: Requesting no-motion update
[amcl-4] [INFO] [1789735714.054470040] [amcl]: Requesting no-motion update
[localization_bootstrap-6] [WARN] [1789735714.305926297] [localization_bootstrap]: seed 1 not adopted -- the estimate is 0.12 m / 0.1 deg from the seed, tolerance 0.40 m / 15.0 deg (speed 0.0 m/s); failed: 33% of beams on a wall within 10 cm (min 50%); re-seeding
[amcl-4] [INFO] [1789735714.306479750] [amcl]: initialPoseReceived
[amcl-4] [INFO] [1789735714.306560541] [amcl]: Setting pose (1789735714.306561): 5.070 0.121 1.055
[localization_bootstrap-6] [INFO] [1789735714.307917583] [localization_bootstrap]: seed 2/3: x=+5.070 y=+0.121 yaw=+60.5 deg -- awaiting confirmation
[amcl-4] [INFO] [1789735714.504270497] [amcl]: Requesting no-motion update
[amcl-4] [INFO] [1789735714.904907886] [amcl]: Requesting no-motion update
[amcl-4] [INFO] [1789735715.354170229] [amcl]: Requesting no-motion update
[localization_error-7] [INFO] [1789735715.437590167] [localization_error]: now[200] 1.090 m / 1.37 deg  |  session[n=19535] mean 1.960 p95 9.501 max 20.774 m, heading mean 7.33 max 179.67 deg
[localization_bootstrap-6] [INFO] [1789735715.555939841] [localization_bootstrap]: recovery #20: seed, attempt 2
[amcl-4] [INFO] [1789735715.754539026] [amcl]: Requesting no-motion update
[log_localization-8] [INFO] [1789735715.806697685] [log_localization]:  979.9 s  3716.8 m  err 2.014 m (along +1.939 cross -0.542) yaw  +0.08 deg  m->o yaw  +0.08 deg | fit true 0.003 est 0.208 (x59.96)  enc/true 1.014  dr_err 20.39 m
[amcl-4] [INFO] [1789735716.204424162] [amcl]: Requesting no-motion update
[localization_bootstrap-6] [WARN] [1789735716.355654497] [localization_bootstrap]: seed 2 not adopted -- the estimate is 0.12 m / 0.4 deg from the seed, tolerance 0.40 m / 15.0 deg (speed 0.0 m/s); failed: 38% of beams on a wall within 10 cm (min 50%); re-seeding
[amcl-4] [INFO] [1789735716.356116329] [amcl]: initialPoseReceived
[amcl-4] [INFO] [1789735716.356218780] [amcl]: Setting pose (1789735716.356219): 5.070 0.121 1.055
[localization_bootstrap-6] [INFO] [1789735716.357033691] [localization_bootstrap]: seed 3/3: x=+5.070 y=+0.121 yaw=+60.5 deg -- awaiting confirmation
[amcl-4] [INFO] [1789735716.604299438] [amcl]: Requesting no-motion update
[amcl-4] [INFO] [1789735717.004385428] [amcl]: Requesting no-motion update
[amcl-4] [INFO] [1789735717.405132412] [amcl]: Requesting no-motion update
[localization_bootstrap-6] [INFO] [1789735717.555641081] [localization_bootstrap]: recovery #20: seed, attempt 3
[amcl-4] [INFO] [1789735717.854511973] [amcl]: Requesting no-motion update
[amcl-4] [INFO] [1789735718.304485614] [amcl]: Requesting no-motion update
[localization_bootstrap-6] [WARN] [1789735718.405403266] [localization_bootstrap]: recovery: accepting the seed on agreement -- the estimate is 0.11 m / 0.7 deg from the seed, tolerance 0.40 m / 15.0 deg (speed 0.0 m/s); failed: 37% of beams on a wall within 10 cm (min 50%)
[localization_bootstrap-6] [INFO] [1789735718.406430042] [localization_bootstrap]: recovery: seed ACCEPTED on agreement after 3 attempts: 11.0 cm / 0.7 deg from the prior
[localization_bootstrap-6] [INFO] [1789735718.407312148] [localization_bootstrap]: CHECKPOINT CANDIDATE (converged after reset): ('4.978', '0.061', '1.043')
[localization_bootstrap-6] [INFO] [1789735719.556571495] [localization_bootstrap]: recovery #20: creep, attempt 3
[localization_error-7] [INFO] [1789735720.436433522] [localization_error]: now[200] 1.863 m / 1.20 deg  |  session[n=19635] mean 1.960 p95 9.500 max 20.774 m, heading mean 7.30 max 179.67 deg
[log_localization-8] [INFO] [1789735720.807964042] [log_localization]:  985.0 s  3721.0 m  err 1.432 m (along -0.152 cross -1.424) yaw  -1.61 deg  m->o yaw  -1.45 deg | fit true 0.013 est 0.614 (x48.18)  enc/true 1.014  dr_err 20.67 m
[localization_bootstrap-6] [INFO] [1789735721.454607156] [localization_bootstrap]: recovery #20 complete in 9.2 s; follower resumes
[pure_pursuit-10] [INFO] [1789735721.455945203] [pure_pursuit]: localization re-confirmed after reset: speed cap 2.00 m/s for 8.0 m
[pure_pursuit-10] [INFO] [1789735721.457578091] [pure_pursuit]: localization converged, taking over
[localization_bootstrap-6] [WARN] [1789735722.900410974] [localization_bootstrap]: RESET detected: heading stepped -14 deg in one tick
[localization_bootstrap-6] [WARN] [1789735722.904841903] [localization_bootstrap]: recovery #21: follower held; prior (+0.80, +3.65, -145 deg) -- checkpoint -0.6 m behind the last pose along the track
[pure_pursuit-10] [WARN] [1789735722.906656339] [pure_pursuit]: localization lost after a reset: holding until it is re-confirmed
[localization_bootstrap-6] [INFO] [1789735722.955405174] [localization_bootstrap]: seed 1/3: x=+0.800 y=+3.653 yaw=-144.1 deg -- awaiting confirmation
[localization_bootstrap-6] [INFO] [1789735722.956371597] [localization_bootstrap]: not reporting a spawn constant: the car is moving at 1.4 m/s, so this pose is not the spawn
[amcl-4] [INFO] [1789735722.967655345] [amcl]: initialPoseReceived
[amcl-4] [INFO] [1789735722.967743179] [amcl]: Setting pose (1789735722.967743): 0.792 3.647 -2.507
[pure_pursuit-10] [INFO] [1789735723.549627200] [pure_pursuit]: lap 84: 42.76 s
[localization_bootstrap-6] [INFO] [1789735723.554677675] [localization_bootstrap]: recovery #21: seed, attempt 1
[pure_pursuit-10] [WARN] [1789735723.969215946] [pure_pursuit]: heading jumped -70 deg in one tick: respawn. Speed estimate 0.00 -> 0, pose history cleared.
[pure_pursuit-10] [WARN] [1789735724.509801797] [pure_pursuit]: heading jumped -55 deg in one tick: respawn. Speed estimate 0.00 -> 0, pose history cleared.
[localization_bootstrap-6] [WARN] [1789735725.004815581] [localization_bootstrap]: seed 1 not adopted -- the estimate is 3.65 m / 14.4 deg from the seed, tolerance 0.40 m / 15.0 deg (speed 1.8 m/s); failed: position, 48% of beams on a wall within 10 cm (min 50%); re-seeding
[localization_bootstrap-6] [INFO] [1789735725.006059723] [localization_bootstrap]: seed 2/3: x=+0.800 y=+3.653 yaw=-43.3 deg -- awaiting confirmation
[amcl-4] [INFO] [1789735725.014629405] [amcl]: initialPoseReceived
[amcl-4] [INFO] [1789735725.014704946] [amcl]: Setting pose (1789735725.014705): 0.811 3.644 -0.735
[pure_pursuit-10] [WARN] [1789735725.061884954] [pure_pursuit]: heading jumped -56 deg in one tick: respawn. Speed estimate 0.00 -> 0, pose history cleared.
[localization_error-7] [INFO] [1789735725.434673722] [localization_error]: now[200] 1.819 m / 2.03 deg  |  session[n=19735] mean 1.959 p95 9.500 max 20.774 m, heading mean 7.28 max 179.67 deg
[localization_bootstrap-6] [INFO] [1789735725.554656804] [localization_bootstrap]: recovery #21: seed, attempt 2
[pure_pursuit-10] [WARN] [1789735725.619336810] [pure_pursuit]: heading jumped -57 deg in one tick: respawn. Speed estimate 0.00 -> 0, pose history cleared.
[log_localization-8] [INFO] [1789735725.807062914] [log_localization]:  990.0 s  3732.2 m  err 1.268 m (along +1.264 cross -0.088) yaw  -0.64 deg  m->o yaw  -0.49 deg | fit true 0.018 est 0.131 (x7.33)  enc/true 1.013  dr_err 16.71 m
[pure_pursuit-10] [WARN] [1789735726.176483105] [pure_pursuit]: heading jumped -57 deg in one tick: respawn. Speed estimate 0.00 -> 0, pose history cleared.
[pure_pursuit-10] [WARN] [1789735726.695190236] [pure_pursuit]: heading jumped -55 deg in one tick: respawn. Speed estimate 0.00 -> 0, pose history cleared.
[localization_bootstrap-6] [WARN] [1789735727.054913200] [localization_bootstrap]: seed 2 not adopted -- the estimate is 3.99 m / 7.4 deg from the seed, tolerance 0.40 m / 15.0 deg (speed 1.7 m/s); failed: position; re-seeding
[amcl-4] [INFO] [1789735727.056482539] [amcl]: initialPoseReceived
[amcl-4] [INFO] [1789735727.056738938] [amcl]: Setting pose (1789735727.056739): 0.801 3.651 -1.039
[localization_bootstrap-6] [INFO] [1789735727.056828705] [localization_bootstrap]: seed 3/3: x=+0.800 y=+3.653 yaw=-59.7 deg -- awaiting confirmation
[pure_pursuit-10] [WARN] [1789735727.231987586] [pure_pursuit]: heading jumped -55 deg in one tick: respawn. Speed estimate 0.00 -> 0, pose history cleared.
[localization_bootstrap-6] [INFO] [1789735727.554589185] [localization_bootstrap]: recovery #21: seed, attempt 3
[pure_pursuit-10] [WARN] [1789735727.779544496] [pure_pursuit]: heading jumped -55 deg in one tick: respawn. Speed estimate 0.00 -> 0, pose history cleared.
[pure_pursuit-10] [WARN] [1789735728.320559578] [pure_pursuit]: heading jumped -54 deg in one tick: respawn. Speed estimate 0.00 -> 0, pose history cleared.
[pure_pursuit-10] [WARN] [1789735728.866609997] [pure_pursuit]: heading jumped -54 deg in one tick: respawn. Speed estimate 0.00 -> 0, pose history cleared.
[localization_bootstrap-6] [WARN] [1789735729.104886087] [localization_bootstrap]: recovery: prior not adopted (seed REJECTED after 3 attempts -- the estimate is 3.60 m / 13.4 deg from the seed, tolerance 0.40 m / 15.0 deg (speed 1.7 m/s); failed: position, 38% of beams on a wall within 10 cm (min 50%), pos std 0.3989297032047152 > 0.3); searching the whole map
[localization_bootstrap-6] [WARN] [1789735729.105774876] [localization_bootstrap]: UNMATCHED RESET near (+1.01, +4.17): if the car is at a checkpoint not in frames.TRACKS, add it from this run's ground truth
[localization_bootstrap-6] [INFO] [1789735729.156439877] [localization_bootstrap]: scattered particles across the map -- no initial pose needed
[amcl-4] [INFO] [1789735729.158217424] [amcl]: Initializing with uniform distribution
[amcl-4] [INFO] [1789735729.188915573] [amcl]: Global initialisation done!
[localization_bootstrap-6] [INFO] [1789735729.554780419] [localization_bootstrap]: recovery #21: global, attempt 3
