[INFO] [launch]: All log files can be found below /root/.ros/log/2026-09-08-14-49-18-257383-theflash-ASUS-TUF-Gaming-F15-FX507ZI4-FX507ZI-26
[INFO] [launch]: Default logging verbosity is set to INFO
[INFO] [launch.user]: [race] mode=dev  localizer=amcl  instruments=ON  bootstrap=truth
[INFO] [autodrive_bridge-1]: process started with pid [44]
[INFO] [dead_reckoning-2]: process started with pid [46]
[INFO] [amcl-5]: process started with pid [52]
[INFO] [localization_bootstrap-7]: process started with pid [56]
[INFO] [localization_error-8]: process started with pid [58]
[INFO] [static_transform_publisher-3]: process started with pid [48]
[INFO] [map_server-4]: process started with pid [50]
[INFO] [lifecycle_manager-6]: process started with pid [54]
[INFO] [static_transform_publisher-9]: process started with pid [60]
[lifecycle_manager-6] 1788878958.317350 [0] lifecycle_: selected interface "lo" is not multicast-capable: disabling multicast
[static_transform_publisher-9] 1788878958.318247 [0] static_tra: selected interface "lo" is not multicast-capable: disabling multicast
[static_transform_publisher-3] 1788878958.318739 [0] static_tra: selected interface "lo" is not multicast-capable: disabling multicast
[lifecycle_manager-6] [INFO] [1788878958.321622762] [lifecycle_manager_localization]: Creating
[amcl-5] 1788878958.322579 [0]       amcl: selected interface "lo" is not multicast-capable: disabling multicast
[lifecycle_manager-6] [INFO] [1788878958.323664054] [lifecycle_manager_localization]: [34m[1mCreating and initializing lifecycle service clients[0m[0m
[static_transform_publisher-9] [INFO] [1788878958.323726433] [map_world_tf]: Spinning until stopped - publishing transform
[static_transform_publisher-9] translation: ('0.000000', '0.000000', '0.000000')
[static_transform_publisher-9] rotation: ('0.000000', '0.000000', '0.000000', '1.000000')
[static_transform_publisher-9] from 'map' to 'world'
[static_transform_publisher-3] [INFO] [1788878958.324923631] [lidar_tf]: Spinning until stopped - publishing transform
[static_transform_publisher-3] translation: ('0.273300', '0.000000', '0.096000')
[static_transform_publisher-3] rotation: ('0.000000', '0.000000', '0.000000', '1.000000')
[static_transform_publisher-3] from 'roboracer_1' to 'lidar'
[map_server-4] 1788878958.327492 [0] map_server: selected interface "lo" is not multicast-capable: disabling multicast
[amcl-5] [0m[INFO] [1788878958.328653751] [amcl]: 
[amcl-5] 	amcl lifecycle node launched. 
[amcl-5] 	Waiting on external lifecycle transitions to activate
[amcl-5] 	See https://design.ros2.org/articles/node_lifecycle.html for more information.[0m
[amcl-5] [0m[INFO] [1788878958.329399083] [amcl]: Creating[0m
[map_server-4] [INFO] [1788878958.332581326] [map_server]: 
[map_server-4] 	map_server lifecycle node launched. 
[map_server-4] 	Waiting on external lifecycle transitions to activate
[map_server-4] 	See https://design.ros2.org/articles/node_lifecycle.html for more information.
[map_server-4] [INFO] [1788878958.332717033] [map_server]: Creating
[lifecycle_manager-6] [INFO] [1788878958.332689607] [lifecycle_manager_localization]: [34m[1mStarting managed nodes bringup...[0m[0m
[lifecycle_manager-6] [INFO] [1788878958.332752901] [lifecycle_manager_localization]: [34m[1mConfiguring map_server[0m[0m
[map_server-4] [INFO] [1788878958.349836925] [map_server]: Configuring
[map_server-4] [INFO] [1788878958.349921124] [map_io]: Loading yaml file: /home/autodrive_devkit/install/roboracer_stack/share/roboracer_stack/maps/track_clean.yaml
[map_server-4] [INFO] [1788878958.350232140] [map_io]: resolution: 0.05
[map_server-4] [INFO] [1788878958.350246881] [map_io]: origin[0]: -3.71
[map_server-4] [INFO] [1788878958.350254158] [map_io]: origin[1]: -8.61
[map_server-4] [INFO] [1788878958.350260426] [map_io]: origin[2]: 0
[map_server-4] [INFO] [1788878958.350266648] [map_io]: free_thresh: 0.25
[map_server-4] [INFO] [1788878958.350272872] [map_io]: occupied_thresh: 0.65
[map_server-4] [INFO] [1788878958.350279551] [map_io]: mode: trinary
[map_server-4] [INFO] [1788878958.350286666] [map_io]: negate: 0
[map_server-4] [INFO] [1788878958.350493063] [map_io]: Loading image_file: /home/autodrive_devkit/install/roboracer_stack/share/roboracer_stack/maps/track_clean.pgm
[map_server-4] [INFO] [1788878958.354039994] [map_io]: Read map /home/autodrive_devkit/install/roboracer_stack/share/roboracer_stack/maps/track_clean.pgm: 108 X 316 map @ 0.05 m/cell
[lifecycle_manager-6] [INFO] [1788878958.356502572] [lifecycle_manager_localization]: [34m[1mConfiguring amcl[0m[0m
[amcl-5] [0m[INFO] [1788878958.356653567] [amcl]: Configuring[0m
[amcl-5] [0m[INFO] [1788878958.356751940] [amcl]: initTransforms[0m
[amcl-5] [0m[INFO] [1788878958.362372923] [amcl]: initPubSub[0m
[amcl-5] [0m[INFO] [1788878958.364233338] [amcl]: Subscribed to map topic.[0m
[lifecycle_manager-6] [INFO] [1788878958.366121010] [lifecycle_manager_localization]: [34m[1mActivating map_server[0m[0m
[map_server-4] [INFO] [1788878958.366308246] [map_server]: Activating
[map_server-4] [INFO] [1788878958.366618786] [map_server]: Creating bond (map_server) to lifecycle manager.
[amcl-5] [0m[INFO] [1788878958.366639965] [amcl]: Received a 108 X 316 map @ 0.050 m/pix[0m
[lifecycle_manager-6] [INFO] [1788878958.469884620] [lifecycle_manager_localization]: Server map_server connected with bond.
[lifecycle_manager-6] [INFO] [1788878958.469983257] [lifecycle_manager_localization]: [34m[1mActivating amcl[0m[0m
[amcl-5] [0m[INFO] [1788878958.470395784] [amcl]: Activating[0m
[amcl-5] [0m[INFO] [1788878958.470466538] [amcl]: initialPoseReceived[0m
[amcl-5] [0m[INFO] [1788878958.470604327] [amcl]: Setting pose (1788878958.470604): 0.710 0.020 -1.599[0m
[amcl-5] [0m[INFO] [1788878958.473715313] [amcl]: Creating bond (amcl) to lifecycle manager.[0m
[lifecycle_manager-6] [INFO] [1788878958.577372710] [lifecycle_manager_localization]: Server amcl connected with bond.
[lifecycle_manager-6] [INFO] [1788878958.577452374] [lifecycle_manager_localization]: [34m[1mManaged nodes are active[0m[0m
[lifecycle_manager-6] [INFO] [1788878958.577469878] [lifecycle_manager_localization]: [34m[1mCreating bond timer...[0m[0m
[dead_reckoning-2] 1788878958.627959 [0] dead_recko: selected interface "lo" is not multicast-capable: disabling multicast
[localization_error-8] 1788878958.629086 [0] localizati: selected interface "lo" is not multicast-capable: disabling multicast
[localization_bootstrap-7] 1788878958.630429 [0] localizati: selected interface "lo" is not multicast-capable: disabling multicast
[dead_reckoning-2] [0m[INFO] [1788878958.682372122] [dead_reckoning]: dead reckoning: odom -> roboracer_1, wheel r=0.0581 m, scale=1.0, 200 Hz, tf +20 ms, extrapolate yaw=True pos=True[0m
[localization_error-8] [31m[ERROR] [1788878958.687228165] [localization_error]: RESTRICTED TOPIC: reading /autodrive/roboracer_1/odom (simulator ground-truth pose and twist) -- continuous comparison against TF map -> roboracer_1. This run is NOT race-legal; any lap time from it is a development number. See common/restricted.py.[0m
[localization_error-8] [0m[INFO] [1788878958.687768828] [localization_error]: sampling starts 1.0 s after /localization_ready; bootstrap is excluded (require_ready:=false to include it)[0m
[localization_bootstrap-7] [0m[INFO] [1788878958.695431375] [localization_bootstrap]: WARMUP SEED: reading /autodrive/roboracer_1/ips (simulator ground-truth position) ONCE -- initial pose seed. Legal: the first lap is warmup, this is read before the car moves, and it is released immediately after. Nothing reads ground truth afterwards.[0m
[localization_bootstrap-7] [0m[INFO] [1788878958.695880029] [localization_bootstrap]: mode=truth: seeding the initial pose from /ips + /imu before the car moves, then releasing /ips. Tracking is lidar + map + dead reckoning from there on.[0m
[localization_bootstrap-7] [0m[INFO] [1788878958.696114205] [localization_bootstrap]: waiting for amcl to reach the active state before sending anything[0m
[localization_error-8] [0m[INFO] [1788878958.709730673] [localization_error]: waiting for TF map -> roboracer_1: Could not find a connection between 'map' and 'roboracer_1' because they are not part of the same tree.Tf has two or more unconnected trees.[0m
[localization_bootstrap-7] [0m[INFO] [1788878958.747255571] [localization_bootstrap]: amcl is ACTIVE -- an initial pose will now be accepted[0m
[autodrive_bridge-1] 1788878958.821391 [0] autodrive_: selected interface "lo" is not multicast-capable: disabling multicast
[pure_pursuit] launch overrides: {'slip_accel': 0.11, 'control_hz': 40.0}
[INFO] [pure_pursuit-10]: process started with pid [225]
[pure_pursuit-10] 1788878960.486609 [0] pure_pursu: selected interface "lo" is not multicast-capable: disabling multicast
[pure_pursuit-10] [0m[INFO] [1788878960.524367297] [pure_pursuit]: path: 400 points, 27.82 m lap, from /tmp/raceline_a7.0_6.4laptime.csv[0m
[pure_pursuit-10] [0m[INFO] [1788878960.527510339] [pure_pursuit]: pose from TF map -> roboracer_1 (continuous); /amcl_pose kept as a fallback[0m
[pure_pursuit-10] [0m[INFO] [1788878960.528146281] [pure_pursuit]: steering on /amcl_pose[0m
[pure_pursuit-10] [0m[INFO] [1788878960.529881559] [pure_pursuit]: speed_source=tire  throttle_mode=slip  slip band [-0.08, +0.11]  u_launch 0.4 m/s  lookahead 0.8-2.2 m (k 0.55)  latency_comp 0.05 s[0m
[pure_pursuit-10] [33m[WARN] [1788878960.530394376] [pure_pursuit]: dev_lap_telemetry ON: subscribing to RESTRICTED lap topics[0m
[pure_pursuit-10] [0m[INFO] [1788878960.531752165] [pure_pursuit]: holding until /localization_ready[0m
[localization_bootstrap-7] [0m[INFO] [1788878960.696706843] [localization_bootstrap]: waiting for ground truth: ips=-- imu=--[0m
[localization_bootstrap-7] [0m[INFO] [1788878962.697088688] [localization_bootstrap]: waiting for ground truth: ips=-- imu=--[0m
[autodrive_bridge-1] Connected!
[pure_pursuit-10] [0m[INFO] [1788878963.265122270] [pure_pursuit]: lap 0: inf s[0m
[amcl-5] [0m[INFO] [1788878963.296675122] [amcl]: initialPoseReceived[0m
[amcl-5] [0m[INFO] [1788878963.296741324] [amcl]: Setting pose (1788878963.296741): 0.800 3.158 -1.571[0m
[localization_bootstrap-7] [0m[INFO] [1788878963.297184378] [localization_bootstrap]: seed 1/5: x=+0.800 y=+3.158 yaw=-90.0 deg -- awaiting confirmation[0m
[localization_bootstrap-7] [33m[WARN] [1788878963.297742919] [localization_bootstrap]: MEASURED SPAWN is 3.140 m / 1.6 deg from roboracer_stack.common.frames.SPAWN_* -- OUTSIDE slam_toolbox's +-0.5 m seed search, so any run that falls back to it CANNOT recover and the offset is frozen for the whole run. This run is seeded and therefore fine; the FALLBACK is what is wrong.
[localization_bootstrap-7]     Paste into common/frames.py so bootstrap:=false and bootstrap_mode:=global start somewhere real:
[localization_bootstrap-7]         SPAWN_X = '0.800'
[localization_bootstrap-7]         SPAWN_Y = '3.158'
[localization_bootstrap-7]         SPAWN_YAW = '-1.5707'[0m
[amcl-5] [0m[INFO] [1788878963.314314317] [amcl]: createLaserObject[0m
[amcl-5] [0m[INFO] [1788878963.346581280] [amcl]: Requesting no-motion update[0m
[localization_error-8] [0m[INFO] [1788878963.660352606] [localization_error]: waiting for TF map -> roboracer_1 ...[0m
[amcl-5] [0m[INFO] [1788878963.764851433] [amcl]: Message Filter dropping message: frame 'lidar' at time 1788878963.264 for reason 'the timestamp on the message is earlier than all the data in the transform cache'[0m
[amcl-5] [0m[INFO] [1788878963.796565804] [amcl]: Requesting no-motion update[0m
[amcl-5] [0m[INFO] [1788878964.196655088] [amcl]: Requesting no-motion update[0m
[amcl-5] [0m[INFO] [1788878964.646591636] [amcl]: Requesting no-motion update[0m
[localization_bootstrap-7] [0m[INFO] [1788878964.697121937] [localization_bootstrap]: seed 1/5 sent, awaiting a fresh /amcl_pose to confirm it[0m
[amcl-5] [0m[INFO] [1788878965.096610394] [amcl]: Requesting no-motion update[0m
[localization_bootstrap-7] [0m[INFO] [1788878965.347009870] [localization_bootstrap]: localization_bootstrap: released /autodrive/roboracer_1/ips -- no restricted topic is read from here on; the timed laps are clean.[0m
[localization_bootstrap-7] [0m[INFO] [1788878965.347301024] [localization_bootstrap]: seed CONFIRMED on attempt 1: the estimate is 0.8 cm / 0.1 deg from truth (pos std 0.055 m). Tracking is now lidar + map + dead reckoning only.[0m
[localization_bootstrap-7] [0m[INFO] [1788878965.347511662] [localization_bootstrap]: /localization_ready = true, follower may take over[0m
[localization_error-8] [0m[INFO] [1788878965.347563407] [localization_error]: /localization_ready latched -- sampling opens in 1.0 s (31 bootstrap samples discarded)[0m
[pure_pursuit-10] [0m[INFO] [1788878965.347568110] [pure_pursuit]: localization converged, taking over[0m
[localization_error-8] [0m[INFO] [1788878968.660495241] [localization_error]: now[ 47] 0.370 m / 2.05 deg  |  session[n=47] mean 0.370 p95 0.841 max 0.858 m, heading mean 2.05 max 5.10 deg[0m
[pure_pursuit-10] [0m[INFO] [1788878972.303110421] [pure_pursuit]: lap 1: 18.61 s[0m
[localization_error-8] [0m[INFO] [1788878973.660358543] [localization_error]: now[147] 0.407 m / 2.39 deg  |  session[n=147] mean 0.407 p95 0.834 max 0.883 m, heading mean 2.39 max 7.45 deg[0m
[localization_error-8] [0m[INFO] [1788878978.660405750] [localization_error]: now[200] 0.347 m / 2.59 deg  |  session[n=247] mean 0.351 p95 0.773 max 0.883 m, heading mean 2.49 max 7.94 deg[0m
[pure_pursuit-10] [0m[INFO] [1788878978.790300309] [pure_pursuit]: lap 2: 6.44 s[0m
[localization_error-8] [0m[INFO] [1788878983.660763010] [localization_error]: now[200] 0.331 m / 2.53 deg  |  session[n=347] mean 0.363 p95 0.759 max 0.963 m, heading mean 2.47 max 7.94 deg[0m
[pure_pursuit-10] [0m[INFO] [1788878985.133439168] [pure_pursuit]: lap 3: 6.39 s[0m
[localization_error-8] [0m[INFO] [1788878988.660848625] [localization_error]: now[200] 0.364 m / 2.58 deg  |  session[n=447] mean 0.357 p95 0.759 max 0.997 m, heading mean 2.53 max 7.94 deg[0m
[pure_pursuit-10] [0m[INFO] [1788878991.552673976] [pure_pursuit]: lap 4: 6.43 s[0m
[localization_error-8] [0m[INFO] [1788878993.660749845] [localization_error]: now[200] 0.345 m / 2.40 deg  |  session[n=547] mean 0.357 p95 0.771 max 0.997 m, heading mean 2.44 max 7.94 deg[0m
[pure_pursuit-10] [0m[INFO] [1788878998.032813560] [pure_pursuit]: lap 5: 6.43 s[0m
[localization_error-8] [0m[INFO] [1788878998.660374607] [localization_error]: now[200] 0.352 m / 2.43 deg  |  session[n=647] mean 0.355 p95 0.750 max 0.997 m, heading mean 2.50 max 7.94 deg[0m
[localization_error-8] [0m[INFO] [1788879003.660457835] [localization_error]: now[200] 0.353 m / 2.96 deg  |  session[n=747] mean 0.356 p95 0.744 max 0.997 m, heading mean 2.58 max 9.81 deg[0m
[pure_pursuit-10] [0m[INFO] [1788879004.418689177] [pure_pursuit]: lap 6: 6.43 s[0m
[localization_error-8] [0m[INFO] [1788879008.661009878] [localization_error]: now[200] 0.357 m / 2.75 deg  |  session[n=847] mean 0.356 p95 0.752 max 0.997 m, heading mean 2.56 max 9.81 deg[0m
[pure_pursuit-10] [0m[INFO] [1788879010.838675844] [pure_pursuit]: lap 7: 6.39 s[0m
[localization_error-8] [0m[INFO] [1788879013.660778634] [localization_error]: now[200] 0.339 m / 2.30 deg  |  session[n=947] mean 0.352 p95 0.747 max 0.997 m, heading mean 2.52 max 9.81 deg[0m
[pure_pursuit-10] [0m[INFO] [1788879017.293713385] [pure_pursuit]: lap 8: 6.45 s[0m
[localization_error-8] [0m[INFO] [1788879018.660396564] [localization_error]: now[200] 0.367 m / 2.59 deg  |  session[n=1047] mean 0.358 p95 0.747 max 0.997 m, heading mean 2.56 max 11.31 deg[0m
[localization_error-8] [0m[INFO] [1788879023.660750433] [localization_error]: now[200] 0.347 m / 3.09 deg  |  session[n=1147] mean 0.351 p95 0.725 max 0.997 m, heading mean 2.62 max 11.31 deg[0m
[pure_pursuit-10] [0m[INFO] [1788879023.715159964] [pure_pursuit]: lap 9: 6.44 s[0m
[localization_error-8] [0m[INFO] [1788879028.660771637] [localization_error]: now[200] 0.345 m / 2.87 deg  |  session[n=1247] mean 0.356 p95 0.744 max 0.997 m, heading mean 2.61 max 11.31 deg[0m
[pure_pursuit-10] [0m[INFO] [1788879030.180307186] [pure_pursuit]: lap 10: 6.47 s[0m
[localization_error-8] [0m[INFO] [1788879033.660450564] [localization_error]: now[200] 0.370 m / 2.45 deg  |  session[n=1347] mean 0.354 p95 0.738 max 0.997 m, heading mean 2.59 max 11.31 deg[0m
[pure_pursuit-10] [0m[INFO] [1788879036.712186374] [pure_pursuit]: lap 11: 6.49 s[0m
[localization_error-8] [0m[INFO] [1788879038.660512055] [localization_error]: now[200] 0.359 m / 2.33 deg  |  session[n=1447] mean 0.356 p95 0.750 max 0.997 m, heading mean 2.57 max 11.31 deg[0m
[pure_pursuit-10] [0m[INFO] [1788879043.111322014] [pure_pursuit]: lap 12: 6.42 s[0m
[localization_error-8] [0m[INFO] [1788879043.660849057] [localization_error]: now[200] 0.367 m / 2.81 deg  |  session[n=1547] mean 0.356 p95 0.744 max 0.997 m, heading mean 2.62 max 11.31 deg[0m
[localization_error-8] [0m[INFO] [1788879048.660833638] [localization_error]: now[200] 0.359 m / 2.93 deg  |  session[n=1647] mean 0.357 p95 0.750 max 0.997 m, heading mean 2.62 max 11.31 deg[0m
[pure_pursuit-10] [0m[INFO] [1788879049.502722772] [pure_pursuit]: lap 13: 6.41 s[0m
[localization_error-8] [0m[INFO] [1788879053.660869227] [localization_error]: now[200] 0.367 m / 2.63 deg  |  session[n=1747] mean 0.357 p95 0.750 max 0.997 m, heading mean 2.62 max 11.31 deg[0m
[pure_pursuit-10] [0m[INFO] [1788879056.001442905] [pure_pursuit]: lap 14: 6.45 s[0m
[localization_error-8] [0m[INFO] [1788879058.660740062] [localization_error]: now[200] 0.357 m / 2.61 deg  |  session[n=1847] mean 0.357 p95 0.751 max 0.997 m, heading mean 2.62 max 11.31 deg[0m
[pure_pursuit-10] [0m[INFO] [1788879062.390862833] [pure_pursuit]: lap 15: 6.42 s[0m
[localization_error-8] [0m[INFO] [1788879063.660599208] [localization_error]: now[200] 0.376 m / 2.50 deg  |  session[n=1947] mean 0.359 p95 0.750 max 0.997 m, heading mean 2.61 max 11.31 deg[0m
[localization_error-8] [0m[INFO] [1788879068.660929702] [localization_error]: now[200] 0.344 m / 2.77 deg  |  session[n=2047] mean 0.355 p95 0.745 max 0.997 m, heading mean 2.63 max 11.31 deg[0m
[pure_pursuit-10] [0m[INFO] [1788879068.870922456] [pure_pursuit]: lap 16: 6.47 s[0m
[localization_error-8] [0m[INFO] [1788879073.660670402] [localization_error]: now[200] 0.343 m / 2.69 deg  |  session[n=2147] mean 0.357 p95 0.750 max 0.997 m, heading mean 2.62 max 11.31 deg[0m
[pure_pursuit-10] [0m[INFO] [1788879075.284886335] [pure_pursuit]: lap 17: 6.44 s[0m
[localization_error-8] [0m[INFO] [1788879078.660911197] [localization_error]: now[200] 0.368 m / 2.53 deg  |  session[n=2247] mean 0.356 p95 0.749 max 1.006 m, heading mean 2.62 max 11.31 deg[0m
[pure_pursuit-10] [0m[INFO] [1788879081.746718912] [pure_pursuit]: lap 18: 6.45 s[0m
[localization_error-8] [0m[INFO] [1788879083.660840544] [localization_error]: now[200] 0.368 m / 2.63 deg  |  session[n=2347] mean 0.358 p95 0.751 max 1.006 m, heading mean 2.62 max 11.31 deg[0m
[pure_pursuit-10] [0m[INFO] [1788879088.224280036] [pure_pursuit]: lap 19: 6.45 s[0m
[localization_error-8] [0m[INFO] [1788879088.660511316] [localization_error]: now[200] 0.355 m / 2.53 deg  |  session[n=2447] mean 0.356 p95 0.748 max 1.006 m, heading mean 2.61 max 11.31 deg[0m
[localization_error-8] [0m[INFO] [1788879093.660708503] [localization_error]: now[200] 0.330 m / 2.49 deg  |  session[n=2547] mean 0.356 p95 0.747 max 1.006 m, heading mean 2.61 max 11.31 deg[0m
[pure_pursuit-10] [0m[INFO] [1788879094.728420135] [pure_pursuit]: lap 20: 6.50 s[0m
[localization_error-8] [0m[INFO] [1788879098.660653417] [localization_error]: now[200] 0.348 m / 2.32 deg  |  session[n=2647] mean 0.356 p95 0.745 max 1.006 m, heading mean 2.59 max 11.31 deg[0m
[pure_pursuit-10] [0m[INFO] [1788879101.171038909] [pure_pursuit]: lap 21: 6.46 s[0m
[localization_error-8] [0m[INFO] [1788879103.660799070] [localization_error]: now[200] 0.361 m / 2.30 deg  |  session[n=2747] mean 0.356 p95 0.750 max 1.006 m, heading mean 2.59 max 11.31 deg[0m
[pure_pursuit-10] [0m[INFO] [1788879107.641926044] [pure_pursuit]: lap 22: 6.47 s[0m
[localization_error-8] [0m[INFO] [1788879108.660934119] [localization_error]: now[200] 0.375 m / 2.43 deg  |  session[n=2847] mean 0.357 p95 0.750 max 1.006 m, heading mean 2.58 max 11.31 deg[0m
[localization_error-8] [0m[INFO] [1788879113.660733118] [localization_error]: now[200] 0.327 m / 2.53 deg  |  session[n=2947] mean 0.354 p95 0.747 max 1.006 m, heading mean 2.58 max 11.31 deg[0m
[pure_pursuit-10] [0m[INFO] [1788879114.047883615] [pure_pursuit]: lap 23: 6.42 s[0m
[localization_error-8] [0m[INFO] [1788879118.660912327] [localization_error]: now[200] 0.334 m / 2.59 deg  |  session[n=3047] mean 0.356 p95 0.745 max 1.006 m, heading mean 2.58 max 11.31 deg[0m
[pure_pursuit-10] [0m[INFO] [1788879120.467832798] [pure_pursuit]: lap 24: 6.42 s[0m
[localization_error-8] [0m[INFO] [1788879123.660569230] [localization_error]: now[200] 0.340 m / 2.41 deg  |  session[n=3147] mean 0.354 p95 0.748 max 1.006 m, heading mean 2.57 max 11.31 deg[0m
[pure_pursuit-10] [0m[INFO] [1788879126.882968076] [pure_pursuit]: lap 25: 6.41 s[0m
[localization_error-8] [0m[INFO] [1788879128.660749213] [localization_error]: now[200] 0.345 m / 2.37 deg  |  session[n=3247] mean 0.355 p95 0.747 max 1.006 m, heading mean 2.57 max 11.31 deg[0m
[pure_pursuit-10] [0m[INFO] [1788879133.298382457] [pure_pursuit]: lap 26: 6.39 s[0m
[localization_error-8] [0m[INFO] [1788879133.660715272] [localization_error]: now[200] 0.349 m / 2.58 deg  |  session[n=3347] mean 0.353 p95 0.743 max 1.006 m, heading mean 2.57 max 11.31 deg[0m
[localization_error-8] [0m[INFO] [1788879138.660969615] [localization_error]: now[200] 0.342 m / 2.84 deg  |  session[n=3447] mean 0.354 p95 0.745 max 1.010 m, heading mean 2.58 max 11.31 deg[0m
[pure_pursuit-10] [0m[INFO] [1788879139.732121625] [pure_pursuit]: lap 27: 6.45 s[0m
[localization_error-8] [0m[INFO] [1788879143.660943815] [localization_error]: now[200] 0.360 m / 2.55 deg  |  session[n=3547] mean 0.354 p95 0.743 max 1.010 m, heading mean 2.57 max 11.31 deg[0m
[pure_pursuit-10] [0m[INFO] [1788879146.160285438] [pure_pursuit]: lap 28: 6.42 s[0m
[localization_error-8] [0m[INFO] [1788879148.660713602] [localization_error]: now[200] 0.334 m / 2.22 deg  |  session[n=3647] mean 0.353 p95 0.744 max 1.010 m, heading mean 2.56 max 11.31 deg[0m
[pure_pursuit-10] [0m[INFO] [1788879152.616265047] [pure_pursuit]: lap 29: 6.47 s[0m
[localization_error-8] [0m[INFO] [1788879153.660923133] [localization_error]: now[200] 0.346 m / 2.34 deg  |  session[n=3747] mean 0.353 p95 0.744 max 1.010 m, heading mean 2.56 max 11.31 deg[0m
[localization_error-8] [0m[INFO] [1788879158.660540413] [localization_error]: now[200] 0.327 m / 2.47 deg  |  session[n=3847] mean 0.352 p95 0.741 max 1.010 m, heading mean 2.56 max 11.31 deg[0m
[pure_pursuit-10] [0m[INFO] [1788879159.051583519] [pure_pursuit]: lap 30: 6.43 s[0m
[localization_error-8] [0m[INFO] [1788879163.661135256] [localization_error]: now[200] 0.351 m / 2.69 deg  |  session[n=3947] mean 0.353 p95 0.742 max 1.010 m, heading mean 2.57 max 11.31 deg[0m
[pure_pursuit-10] [0m[INFO] [1788879165.458760951] [pure_pursuit]: lap 31: 6.41 s[0m
[localization_error-8] [0m[INFO] [1788879168.660776701] [localization_error]: now[200] 0.373 m / 2.84 deg  |  session[n=4047] mean 0.353 p95 0.744 max 1.010 m, heading mean 2.57 max 11.31 deg[0m
[pure_pursuit-10] [0m[INFO] [1788879171.928078011] [pure_pursuit]: lap 32: 6.47 s[0m
[localization_error-8] [0m[INFO] [1788879173.660857691] [localization_error]: now[200] 0.369 m / 2.63 deg  |  session[n=4147] mean 0.354 p95 0.744 max 1.010 m, heading mean 2.57 max 11.31 deg[0m
[pure_pursuit-10] [0m[INFO] [1788879178.369917705] [pure_pursuit]: lap 33: 6.42 s[0m
[localization_error-8] [0m[INFO] [1788879178.660926872] [localization_error]: now[200] 0.346 m / 2.46 deg  |  session[n=4247] mean 0.352 p95 0.741 max 1.010 m, heading mean 2.57 max 11.31 deg[0m
[localization_error-8] [0m[INFO] [1788879183.660704986] [localization_error]: now[200] 0.331 m / 2.51 deg  |  session[n=4347] mean 0.353 p95 0.744 max 1.010 m, heading mean 2.57 max 11.31 deg[0m
[pure_pursuit-10] [0m[INFO] [1788879184.830419006] [pure_pursuit]: lap 34: 6.45 s[0m
[localization_error-8] [0m[INFO] [1788879188.660560726] [localization_error]: now[200] 0.359 m / 2.39 deg  |  session[n=4447] mean 0.353 p95 0.742 max 1.010 m, heading mean 2.56 max 11.31 deg[0m
[pure_pursuit-10] [0m[INFO] [1788879191.296404071] [pure_pursuit]: lap 35: 6.50 s[0m
[localization_error-8] [0m[INFO] [1788879193.660714334] [localization_error]: now[200] 0.352 m / 2.32 deg  |  session[n=4547] mean 0.353 p95 0.744 max 1.010 m, heading mean 2.56 max 11.31 deg[0m
[pure_pursuit-10] [0m[INFO] [1788879197.730413803] [pure_pursuit]: lap 36: 6.43 s[0m
[localization_error-8] [0m[INFO] [1788879198.660631239] [localization_error]: now[200] 0.371 m / 2.46 deg  |  session[n=4647] mean 0.353 p95 0.744 max 1.010 m, heading mean 2.56 max 11.31 deg[0m
[localization_error-8] [0m[INFO] [1788879203.660634987] [localization_error]: now[200] 0.353 m / 2.74 deg  |  session[n=4747] mean 0.353 p95 0.743 max 1.010 m, heading mean 2.56 max 11.31 deg[0m
[pure_pursuit-10] [0m[INFO] [1788879204.180216161] [pure_pursuit]: lap 37: 6.41 s[0m
[localization_error-8] [0m[INFO] [1788879208.660567589] [localization_error]: now[200] 0.350 m / 2.66 deg  |  session[n=4847] mean 0.353 p95 0.744 max 1.010 m, heading mean 2.56 max 11.31 deg[0m
[pure_pursuit-10] [0m[INFO] [1788879210.614709973] [pure_pursuit]: lap 38: 6.45 s[0m
[localization_error-8] [0m[INFO] [1788879213.661050555] [localization_error]: now[200] 0.352 m / 2.43 deg  |  session[n=4947] mean 0.353 p95 0.747 max 1.010 m, heading mean 2.56 max 11.31 deg[0m
[pure_pursuit-10] [0m[INFO] [1788879217.059931355] [pure_pursuit]: lap 39: 6.42 s[0m
[localization_error-8] [0m[INFO] [1788879218.660642833] [localization_error]: now[200] 0.369 m / 2.35 deg  |  session[n=5047] mean 0.354 p95 0.748 max 1.010 m, heading mean 2.55 max 11.31 deg[0m
[pure_pursuit-10] [0m[INFO] [1788879223.525434651] [pure_pursuit]: lap 40: 6.51 s[0m
[localization_error-8] [0m[INFO] [1788879223.660925399] [localization_error]: now[200] 0.359 m / 2.53 deg  |  session[n=5147] mean 0.353 p95 0.746 max 1.010 m, heading mean 2.56 max 11.31 deg[0m
[localization_error-8] [0m[INFO] [1788879228.660582507] [localization_error]: now[200] 0.367 m / 2.75 deg  |  session[n=5247] mean 0.354 p95 0.749 max 1.010 m, heading mean 2.56 max 11.31 deg[0m
[pure_pursuit-10] [0m[INFO] [1788879230.052444940] [pure_pursuit]: lap 41: 6.50 s[0m
[localization_error-8] [0m[INFO] [1788879233.660985760] [localization_error]: now[200] 0.395 m / 2.54 deg  |  session[n=5347] mean 0.355 p95 0.750 max 1.039 m, heading mean 2.56 max 11.31 deg[0m
[pure_pursuit-10] [0m[INFO] [1788879236.478555071] [pure_pursuit]: lap 42: 6.47 s[0m
[localization_error-8] [0m[INFO] [1788879238.660761081] [localization_error]: now[200] 0.360 m / 2.31 deg  |  session[n=5447] mean 0.355 p95 0.749 max 1.039 m, heading mean 2.55 max 11.31 deg[0m
[pure_pursuit-10] [0m[INFO] [1788879242.921115244] [pure_pursuit]: lap 43: 6.42 s[0m
[localization_error-8] [0m[INFO] [1788879243.660858477] [localization_error]: now[200] 0.348 m / 2.35 deg  |  session[n=5547] mean 0.354 p95 0.748 max 1.039 m, heading mean 2.55 max 11.31 deg[0m
[localization_error-8] [0m[INFO] [1788879248.660601925] [localization_error]: now[200] 0.326 m / 2.50 deg  |  session[n=5647] mean 0.354 p95 0.746 max 1.039 m, heading mean 2.55 max 11.31 deg[0m
[pure_pursuit-10] [0m[INFO] [1788879249.307899864] [pure_pursuit]: lap 44: 6.38 s[0m
[localization_error-8] [0m[INFO] [1788879253.660620786] [localization_error]: now[200] 0.352 m / 2.73 deg  |  session[n=5747] mean 0.354 p95 0.748 max 1.039 m, heading mean 2.55 max 11.31 deg[0m
[pure_pursuit-10] [0m[INFO] [1788879255.694767053] [pure_pursuit]: lap 45: 6.40 s[0m
[localization_error-8] [0m[INFO] [1788879258.660854884] [localization_error]: now[200] 0.366 m / 2.73 deg  |  session[n=5847] mean 0.354 p95 0.748 max 1.043 m, heading mean 2.55 max 11.31 deg[0m
[pure_pursuit-10] [0m[INFO] [1788879262.180324648] [pure_pursuit]: lap 46: 6.44 s[0m
[localization_error-8] [0m[INFO] [1788879263.660647910] [localization_error]: now[200] 0.380 m / 2.67 deg  |  session[n=5947] mean 0.355 p95 0.748 max 1.048 m, heading mean 2.56 max 11.31 deg[0m
[pure_pursuit-10] [0m[INFO] [1788879268.632774685] [pure_pursuit]: lap 47: 6.48 s[0m
[localization_error-8] [0m[INFO] [1788879268.661188993] [localization_error]: now[200] 0.344 m / 2.86 deg  |  session[n=6047] mean 0.354 p95 0.746 max 1.048 m, heading mean 2.56 max 11.31 deg[0m
[localization_error-8] [0m[INFO] [1788879273.661125931] [localization_error]: now[200] 0.338 m / 2.80 deg  |  session[n=6147] mean 0.355 p95 0.746 max 1.048 m, heading mean 2.57 max 11.31 deg[0m
[pure_pursuit-10] [0m[INFO] [1788879275.058067312] [pure_pursuit]: lap 48: 6.41 s[0m
[localization_error-8] [0m[INFO] [1788879278.661125544] [localization_error]: now[200] 0.368 m / 2.59 deg  |  session[n=6247] mean 0.354 p95 0.746 max 1.048 m, heading mean 2.56 max 11.31 deg[0m
[pure_pursuit-10] [0m[INFO] [1788879281.462427117] [pure_pursuit]: lap 49: 6.42 s[0m
[localization_error-8] [0m[INFO] [1788879283.660702017] [localization_error]: now[200] 0.354 m / 2.45 deg  |  session[n=6347] mean 0.355 p95 0.748 max 1.048 m, heading mean 2.56 max 11.31 deg[0m
[pure_pursuit-10] [0m[INFO] [1788879287.905331417] [pure_pursuit]: lap 50: 6.44 s[0m
[localization_error-8] [0m[INFO] [1788879288.660648112] [localization_error]: now[200] 0.365 m / 2.56 deg  |  session[n=6447] mean 0.355 p95 0.748 max 1.048 m, heading mean 2.56 max 11.31 deg[0m
[localization_error-8] [0m[INFO] [1788879293.660861005] [localization_error]: now[200] 0.336 m / 2.74 deg  |  session[n=6547] mean 0.354 p95 0.746 max 1.048 m, heading mean 2.57 max 11.31 deg[0m
[pure_pursuit-10] [0m[INFO] [1788879294.380364967] [pure_pursuit]: lap 51: 6.49 s[0m
[localization_error-8] [0m[INFO] [1788879298.660621177] [localization_error]: now[200] 0.355 m / 2.62 deg  |  session[n=6647] mean 0.355 p95 0.749 max 1.107 m, heading mean 2.57 max 11.31 deg[0m
[pure_pursuit-10] [0m[INFO] [1788879300.816015962] [pure_pursuit]: lap 52: 6.39 s[0m
[localization_error-8] [0m[INFO] [1788879303.660920621] [localization_error]: now[200] 0.371 m / 2.56 deg  |  session[n=6747] mean 0.354 p95 0.750 max 1.107 m, heading mean 2.57 max 11.31 deg[0m
[pure_pursuit-10] [0m[INFO] [1788879307.163334803] [pure_pursuit]: lap 53: 6.39 s[0m
[localization_error-8] [0m[INFO] [1788879308.661266097] [localization_error]: now[200] 0.381 m / 2.76 deg  |  session[n=6847] mean 0.355 p95 0.752 max 1.107 m, heading mean 2.57 max 11.31 deg[0m
[localization_error-8] [0m[INFO] [1788879313.660871811] [localization_error]: now[200] 0.340 m / 2.53 deg  |  session[n=6947] mean 0.354 p95 0.750 max 1.107 m, heading mean 2.57 max 11.31 deg[0m
[pure_pursuit-10] [0m[INFO] [1788879313.714715219] [pure_pursuit]: lap 54: 6.50 s[0m
[localization_error-8] [0m[INFO] [1788879318.661009319] [localization_error]: now[200] 0.340 m / 2.41 deg  |  session[n=7047] mean 0.355 p95 0.752 max 1.107 m, heading mean 2.57 max 11.31 deg[0m
[pure_pursuit-10] [0m[INFO] [1788879320.169039126] [pure_pursuit]: lap 55: 6.45 s[0m
[localization_error-8] [0m[INFO] [1788879323.660691586] [localization_error]: now[200] 0.366 m / 2.68 deg  |  session[n=7147] mean 0.354 p95 0.752 max 1.107 m, heading mean 2.57 max 11.31 deg[0m
[pure_pursuit-10] [0m[INFO] [1788879326.597527341] [pure_pursuit]: lap 56: 6.46 s[0m
[localization_error-8] [0m[INFO] [1788879328.660889745] [localization_error]: now[200] 0.350 m / 2.44 deg  |  session[n=7247] mean 0.355 p95 0.754 max 1.107 m, heading mean 2.56 max 11.31 deg[0m
[pure_pursuit-10] [0m[INFO] [1788879332.976880306] [pure_pursuit]: lap 57: 6.40 s[0m
[localization_error-8] [0m[INFO] [1788879333.660843718] [localization_error]: now[200] 0.360 m / 2.44 deg  |  session[n=7347] mean 0.355 p95 0.753 max 1.107 m, heading mean 2.57 max 11.31 deg[0m
[localization_error-8] [0m[INFO] [1788879338.661208926] [localization_error]: now[200] 0.336 m / 2.80 deg  |  session[n=7447] mean 0.354 p95 0.754 max 1.107 m, heading mean 2.57 max 11.31 deg[0m
[pure_pursuit-10] [0m[INFO] [1788879339.384908855] [pure_pursuit]: lap 58: 6.41 s[0m
[localization_error-8] [0m[INFO] [1788879343.660969382] [localization_error]: now[200] 0.344 m / 2.66 deg  |  session[n=7547] mean 0.354 p95 0.753 max 1.107 m, heading mean 2.57 max 11.31 deg[0m
[pure_pursuit-10] [0m[INFO] [1788879345.805046611] [pure_pursuit]: lap 59: 6.42 s[0m
[localization_error-8] [0m[INFO] [1788879348.661009837] [localization_error]: now[200] 0.334 m / 2.42 deg  |  session[n=7647] mean 0.354 p95 0.753 max 1.107 m, heading mean 2.57 max 11.31 deg[0m
[pure_pursuit-10] [0m[INFO] [1788879352.266886694] [pure_pursuit]: lap 60: 6.45 s[0m
[localization_error-8] [0m[INFO] [1788879353.661294355] [localization_error]: now[200] 0.352 m / 2.47 deg  |  session[n=7747] mean 0.354 p95 0.754 max 1.107 m, heading mean 2.57 max 11.31 deg[0m
[localization_error-8] [0m[INFO] [1788879358.660681106] [localization_error]: now[200] 0.344 m / 2.75 deg  |  session[n=7847] mean 0.353 p95 0.753 max 1.107 m, heading mean 2.57 max 11.31 deg[0m
[pure_pursuit-10] [0m[INFO] [1788879358.744517750] [pure_pursuit]: lap 61: 6.45 s[0m
[localization_error-8] [0m[INFO] [1788879363.660924481] [localization_error]: now[200] 0.358 m / 2.78 deg  |  session[n=7947] mean 0.354 p95 0.753 max 1.107 m, heading mean 2.57 max 11.31 deg[0m
[pure_pursuit-10] [0m[INFO] [1788879365.159181776] [pure_pursuit]: lap 62: 6.45 s[0m
[localization_error-8] [0m[INFO] [1788879368.660671658] [localization_error]: now[200] 0.383 m / 2.71 deg  |  session[n=8047] mean 0.354 p95 0.753 max 1.107 m, heading mean 2.57 max 11.31 deg[0m
[pure_pursuit-10] [0m[INFO] [1788879371.593866871] [pure_pursuit]: lap 63: 6.44 s[0m
[localization_error-8] [0m[INFO] [1788879373.660712355] [localization_error]: now[200] 0.342 m / 2.39 deg  |  session[n=8147] mean 0.354 p95 0.753 max 1.107 m, heading mean 2.57 max 11.31 deg[0m
[pure_pursuit-10] [0m[INFO] [1788879378.070312279] [pure_pursuit]: lap 64: 6.47 s[0m
[localization_error-8] [0m[INFO] [1788879378.660887522] [localization_error]: now[200] 0.331 m / 2.36 deg  |  session[n=8247] mean 0.354 p95 0.752 max 1.107 m, heading mean 2.57 max 11.31 deg[0m
[localization_error-8] [0m[INFO] [1788879383.660942197] [localization_error]: now[200] 0.333 m / 2.72 deg  |  session[n=8347] mean 0.354 p95 0.752 max 1.107 m, heading mean 2.57 max 11.31 deg[0m
[pure_pursuit-10] [0m[INFO] [1788879384.522359519] [pure_pursuit]: lap 65: 6.44 s[0m
[localization_error-8] [0m[INFO] [1788879388.660936487] [localization_error]: now[200] 0.355 m / 2.67 deg  |  session[n=8447] mean 0.354 p95 0.752 max 1.107 m, heading mean 2.57 max 11.31 deg[0m
[pure_pursuit-10] [0m[INFO] [1788879390.947205075] [pure_pursuit]: lap 66: 6.40 s[0m
[localization_error-8] [0m[INFO] [1788879393.660724041] [localization_error]: now[200] 0.344 m / 2.43 deg  |  session[n=8547] mean 0.353 p95 0.753 max 1.141 m, heading mean 2.57 max 11.31 deg[0m
[pure_pursuit-10] [0m[INFO] [1788879397.279886479] [pure_pursuit]: lap 67: 6.47 s[0m
[localization_error-8] [0m[INFO] [1788879398.660852172] [localization_error]: now[200] 0.361 m / 2.43 deg  |  session[n=8647] mean 0.354 p95 0.754 max 1.141 m, heading mean 2.57 max 11.31 deg[0m
[pure_pursuit-10] [0m[INFO] [1788879403.659423970] [pure_pursuit]: lap 68: 6.44 s[0m
[localization_error-8] [0m[INFO] [1788879403.660802144] [localization_error]: now[200] 0.343 m / 2.72 deg  |  session[n=8747] mean 0.353 p95 0.753 max 1.141 m, heading mean 2.57 max 11.31 deg[0m
[localization_error-8] [0m[INFO] [1788879408.660767665] [localization_error]: now[200] 0.347 m / 2.70 deg  |  session[n=8847] mean 0.354 p95 0.753 max 1.141 m, heading mean 2.57 max 11.31 deg[0m
[pure_pursuit-10] [0m[INFO] [1788879410.103150830] [pure_pursuit]: lap 69: 6.45 s[0m
[localization_error-8] [0m[INFO] [1788879413.660755543] [localization_error]: now[200] 0.374 m / 2.57 deg  |  session[n=8947] mean 0.354 p95 0.753 max 1.141 m, heading mean 2.57 max 11.31 deg[0m
[pure_pursuit-10] [0m[INFO] [1788879416.552965591] [pure_pursuit]: lap 70: 6.48 s[0m
[localization_error-8] [0m[INFO] [1788879418.661002168] [localization_error]: now[200] 0.356 m / 2.52 deg  |  session[n=9047] mean 0.354 p95 0.754 max 1.141 m, heading mean 2.57 max 11.31 deg[0m
[pure_pursuit-10] [0m[INFO] [1788879423.015149265] [pure_pursuit]: lap 71: 6.45 s[0m
[localization_error-8] [0m[INFO] [1788879423.661134933] [localization_error]: now[200] 0.355 m / 2.49 deg  |  session[n=9147] mean 0.354 p95 0.753 max 1.141 m, heading mean 2.57 max 11.31 deg[0m
[localization_error-8] [0m[INFO] [1788879428.660845039] [localization_error]: now[200] 0.328 m / 2.55 deg  |  session[n=9247] mean 0.353 p95 0.753 max 1.141 m, heading mean 2.57 max 11.31 deg[0m
[pure_pursuit-10] [0m[INFO] [1788879429.398057634] [pure_pursuit]: lap 72: 6.42 s[0m
[localization_error-8] [0m[INFO] [1788879433.660730471] [localization_error]: now[200] 0.354 m / 2.62 deg  |  session[n=9347] mean 0.354 p95 0.754 max 1.141 m, heading mean 2.57 max 11.31 deg[0m
[pure_pursuit-10] [0m[INFO] [1788879435.777039907] [pure_pursuit]: lap 73: 6.38 s[0m
[localization_error-8] [0m[INFO] [1788879438.661012349] [localization_error]: now[200] 0.368 m / 2.48 deg  |  session[n=9447] mean 0.354 p95 0.755 max 1.141 m, heading mean 2.57 max 11.31 deg[0m
[pure_pursuit-10] [0m[INFO] [1788879442.232706986] [pure_pursuit]: lap 74: 6.45 s[0m
[localization_error-8] [0m[INFO] [1788879443.661362758] [localization_error]: now[200] 0.378 m / 2.44 deg  |  session[n=9547] mean 0.354 p95 0.755 max 1.141 m, heading mean 2.57 max 11.31 deg[0m
[localization_error-8] [0m[INFO] [1788879448.660774108] [localization_error]: now[200] 0.328 m / 2.50 deg  |  session[n=9647] mean 0.353 p95 0.755 max 1.141 m, heading mean 2.57 max 11.31 deg[0m
[pure_pursuit-10] [0m[INFO] [1788879448.711923017] [pure_pursuit]: lap 75: 6.46 s[0m
[localization_error-8] [0m[INFO] [1788879453.660782065] [localization_error]: now[200] 0.334 m / 2.51 deg  |  session[n=9747] mean 0.354 p95 0.756 max 1.141 m, heading mean 2.57 max 11.31 deg[0m
[pure_pursuit-10] [0m[INFO] [1788879455.129360261] [pure_pursuit]: lap 76: 6.43 s[0m
[localization_error-8] [0m[INFO] [1788879458.660761758] [localization_error]: now[200] 0.374 m / 2.67 deg  |  session[n=9847] mean 0.353 p95 0.755 max 1.141 m, heading mean 2.57 max 11.31 deg[0m
[pure_pursuit-10] [0m[INFO] [1788879461.571287860] [pure_pursuit]: lap 77: 6.40 s[0m
[localization_error-8] [0m[INFO] [1788879463.660841496] [localization_error]: now[200] 0.342 m / 2.47 deg  |  session[n=9947] mean 0.353 p95 0.757 max 1.141 m, heading mean 2.56 max 11.31 deg[0m
[pure_pursuit-10] [0m[INFO] [1788879467.978235304] [pure_pursuit]: lap 78: 6.45 s[0m
[localization_error-8] [0m[INFO] [1788879468.661726935] [localization_error]: now[200] 0.362 m / 2.59 deg  |  session[n=10047] mean 0.354 p95 0.758 max 1.141 m, heading mean 2.57 max 11.31 deg[0m
[localization_error-8] [0m[INFO] [1788879473.660836013] [localization_error]: now[200] 0.365 m / 2.76 deg  |  session[n=10147] mean 0.354 p95 0.759 max 1.211 m, heading mean 2.57 max 11.31 deg[0m
[pure_pursuit-10] [0m[INFO] [1788879474.460125922] [pure_pursuit]: lap 79: 6.45 s[0m
[localization_error-8] [0m[INFO] [1788879478.660841178] [localization_error]: now[200] 0.364 m / 2.67 deg  |  session[n=10247] mean 0.354 p95 0.759 max 1.211 m, heading mean 2.57 max 11.31 deg[0m
[pure_pursuit-10] [0m[INFO] [1788879480.885983514] [pure_pursuit]: lap 80: 6.45 s[0m
[localization_error-8] [0m[INFO] [1788879483.661037902] [localization_error]: now[200] 0.348 m / 2.57 deg  |  session[n=10347] mean 0.354 p95 0.759 max 1.211 m, heading mean 2.57 max 11.31 deg[0m
[pure_pursuit-10] [0m[INFO] [1788879487.318288849] [pure_pursuit]: lap 81: 6.43 s[0m
[localization_error-8] [0m[INFO] [1788879488.660973305] [localization_error]: now[200] 0.368 m / 2.47 deg  |  session[n=10447] mean 0.354 p95 0.759 max 1.211 m, heading mean 2.57 max 11.31 deg[0m
[localization_error-8] [0m[INFO] [1788879493.660881690] [localization_error]: now[200] 0.348 m / 2.77 deg  |  session[n=10547] mean 0.353 p95 0.758 max 1.211 m, heading mean 2.57 max 11.31 deg[0m
[pure_pursuit-10] [0m[INFO] [1788879493.736346441] [pure_pursuit]: lap 82: 6.42 s[0m
[localization_error-8] [0m[INFO] [1788879498.661006058] [localization_error]: now[200] 0.344 m / 2.60 deg  |  session[n=10647] mean 0.354 p95 0.757 max 1.211 m, heading mean 2.57 max 11.31 deg[0m
[pure_pursuit-10] [0m[INFO] [1788879500.215094562] [pure_pursuit]: lap 83: 6.44 s[0m
[localization_error-8] [0m[INFO] [1788879503.660842844] [localization_error]: now[200] 0.364 m / 2.56 deg  |  session[n=10747] mean 0.354 p95 0.758 max 1.211 m, heading mean 2.57 max 11.31 deg[0m
[pure_pursuit-10] [0m[INFO] [1788879506.678193725] [pure_pursuit]: lap 84: 6.48 s[0m
[localization_error-8] [0m[INFO] [1788879508.661118406] [localization_error]: now[200] 0.352 m / 2.53 deg  |  session[n=10847] mean 0.354 p95 0.758 max 1.211 m, heading mean 2.57 max 11.31 deg[0m
[pure_pursuit-10] [0m[INFO] [1788879513.123761201] [pure_pursuit]: lap 85: 6.46 s[0m
[localization_error-8] [0m[INFO] [1788879513.661056101] [localization_error]: now[200] 0.353 m / 2.54 deg  |  session[n=10947] mean 0.354 p95 0.757 max 1.211 m, heading mean 2.57 max 11.31 deg[0m
[localization_error-8] [0m[INFO] [1788879518.661192363] [localization_error]: now[200] 0.351 m / 2.84 deg  |  session[n=11047] mean 0.354 p95 0.757 max 1.211 m, heading mean 2.57 max 11.31 deg[0m
[pure_pursuit-10] [0m[INFO] [1788879519.615498455] [pure_pursuit]: lap 86: 6.47 s[0m
[localization_error-8] [0m[INFO] [1788879523.660954631] [localization_error]: now[200] 0.377 m / 2.61 deg  |  session[n=11147] mean 0.354 p95 0.759 max 1.211 m, heading mean 2.57 max 11.31 deg[0m
[pure_pursuit-10] [0m[INFO] [1788879526.014436149] [pure_pursuit]: lap 87: 6.41 s[0m
[localization_error-8] [0m[INFO] [1788879528.661582766] [localization_error]: now[200] 0.356 m / 2.31 deg  |  session[n=11247] mean 0.354 p95 0.759 max 1.211 m, heading mean 2.57 max 11.31 deg[0m
[pure_pursuit-10] [0m[INFO] [1788879532.441453665] [pure_pursuit]: lap 88: 6.43 s[0m
[localization_error-8] [0m[INFO] [1788879533.661483355] [localization_error]: now[200] 0.362 m / 2.50 deg  |  session[n=11347] mean 0.354 p95 0.759 max 1.211 m, heading mean 2.57 max 11.31 deg[0m
[localization_error-8] [0m[INFO] [1788879538.660969912] [localization_error]: now[200] 0.335 m / 2.74 deg  |  session[n=11447] mean 0.353 p95 0.757 max 1.211 m, heading mean 2.57 max 11.31 deg[0m
[pure_pursuit-10] [0m[INFO] [1788879538.869301069] [pure_pursuit]: lap 89: 6.43 s[0m
[localization_error-8] [0m[INFO] [1788879543.661422708] [localization_error]: now[200] 0.329 m / 2.51 deg  |  session[n=11547] mean 0.354 p95 0.757 max 1.211 m, heading mean 2.57 max 11.31 deg[0m
[pure_pursuit-10] [0m[INFO] [1788879545.290605525] [pure_pursuit]: lap 90: 6.42 s[0m
[localization_error-8] [0m[INFO] [1788879548.660810772] [localization_error]: now[200] 0.348 m / 2.29 deg  |  session[n=11647] mean 0.353 p95 0.757 max 1.211 m, heading mean 2.57 max 11.31 deg[0m
[pure_pursuit-10] [0m[INFO] [1788879551.748260032] [pure_pursuit]: lap 91: 6.42 s[0m
[localization_error-8] [0m[INFO] [1788879553.660946563] [localization_error]: now[200] 0.346 m / 2.22 deg  |  session[n=11747] mean 0.354 p95 0.757 max 1.211 m, heading mean 2.56 max 11.31 deg[0m
[pure_pursuit-10] [0m[INFO] [1788879558.155742417] [pure_pursuit]: lap 92: 6.43 s[0m
[localization_error-8] [0m[INFO] [1788879558.661537810] [localization_error]: now[200] 0.346 m / 2.43 deg  |  session[n=11847] mean 0.353 p95 0.757 max 1.211 m, heading mean 2.56 max 11.31 deg[0m
[localization_error-8] [0m[INFO] [1788879563.661397509] [localization_error]: now[200] 0.340 m / 2.69 deg  |  session[n=11947] mean 0.353 p95 0.757 max 1.211 m, heading mean 2.57 max 11.31 deg[0m
[pure_pursuit-10] [0m[INFO] [1788879564.624274863] [pure_pursuit]: lap 93: 6.44 s[0m
[localization_error-8] [0m[INFO] [1788879568.661526023] [localization_error]: now[200] 0.358 m / 2.63 deg  |  session[n=12047] mean 0.353 p95 0.757 max 1.211 m, heading mean 2.57 max 11.31 deg[0m
[pure_pursuit-10] [0m[INFO] [1788879571.052437561] [pure_pursuit]: lap 94: 6.44 s[0m
[localization_error-8] [0m[INFO] [1788879573.660889243] [localization_error]: now[200] 0.329 m / 2.27 deg  |  session[n=12147] mean 0.353 p95 0.757 max 1.211 m, heading mean 2.56 max 11.31 deg[0m
[pure_pursuit-10] [0m[INFO] [1788879577.429249768] [pure_pursuit]: lap 95: 6.41 s[0m
[localization_error-8] [0m[INFO] [1788879578.662338041] [localization_error]: now[200] 0.370 m / 2.42 deg  |  session[n=12247] mean 0.354 p95 0.757 max 1.211 m, heading mean 2.56 max 11.31 deg[0m
[localization_error-8] [0m[INFO] [1788879583.661616490] [localization_error]: now[200] 0.355 m / 2.79 deg  |  session[n=12347] mean 0.353 p95 0.756 max 1.211 m, heading mean 2.56 max 11.31 deg[0m
[pure_pursuit-10] [0m[INFO] [1788879583.865314099] [pure_pursuit]: lap 96: 6.43 s[0m
[localization_error-8] [0m[INFO] [1788879588.661162933] [localization_error]: now[200] 0.351 m / 2.64 deg  |  session[n=12447] mean 0.354 p95 0.757 max 1.211 m, heading mean 2.56 max 11.31 deg[0m
[pure_pursuit-10] [0m[INFO] [1788879590.276110983] [pure_pursuit]: lap 97: 6.43 s[0m
[localization_error-8] [0m[INFO] [1788879593.660946354] [localization_error]: now[200] 0.372 m / 2.55 deg  |  session[n=12547] mean 0.353 p95 0.756 max 1.211 m, heading mean 2.56 max 11.31 deg[0m
[pure_pursuit-10] [0m[INFO] [1788879596.758875129] [pure_pursuit]: lap 98: 6.44 s[0m
[localization_error-8] [0m[INFO] [1788879598.661591538] [localization_error]: now[200] 0.345 m / 2.32 deg  |  session[n=12647] mean 0.353 p95 0.756 max 1.211 m, heading mean 2.56 max 11.31 deg[0m
[pure_pursuit-10] [0m[INFO] [1788879603.151825099] [pure_pursuit]: lap 99: 6.43 s[0m
[localization_error-8] [0m[INFO] [1788879603.661105371] [localization_error]: now[200] 0.342 m / 2.51 deg  |  session[n=12747] mean 0.353 p95 0.755 max 1.211 m, heading mean 2.56 max 11.31 deg[0m
[localization_error-8] [0m[INFO] [1788879608.660884743] [localization_error]: now[200] 0.340 m / 2.70 deg  |  session[n=12847] mean 0.353 p95 0.755 max 1.211 m, heading mean 2.56 max 11.31 deg[0m
[pure_pursuit-10] [0m[INFO] [1788879609.634223036] [pure_pursuit]: lap 100: 6.47 s[0m
[localization_error-8] [0m[INFO] [1788879613.660956636] [localization_error]: now[200] 0.347 m / 2.45 deg  |  session[n=12947] mean 0.353 p95 0.755 max 1.211 m, heading mean 2.56 max 11.31 deg[0m
[pure_pursuit-10] [0m[INFO] [1788879616.068394280] [pure_pursuit]: lap 101: 6.44 s[0m
[localization_error-8] [0m[INFO] [1788879618.661171707] [localization_error]: now[200] 0.334 m / 2.41 deg  |  session[n=13047] mean 0.353 p95 0.755 max 1.211 m, heading mean 2.56 max 11.31 deg[0m
[pure_pursuit-10] [0m[INFO] [1788879622.501462768] [pure_pursuit]: lap 102: 6.45 s[0m
[localization_error-8] [0m[INFO] [1788879623.661384218] [localization_error]: now[200] 0.360 m / 2.46 deg  |  session[n=13147] mean 0.353 p95 0.755 max 1.211 m, heading mean 2.56 max 11.31 deg[0m
[localization_error-8] [0m[INFO] [1788879628.660934993] [localization_error]: now[200] 0.318 m / 2.44 deg  |  session[n=13247] mean 0.352 p95 0.754 max 1.211 m, heading mean 2.56 max 11.31 deg[0m
[pure_pursuit-10] [0m[INFO] [1788879628.975085563] [pure_pursuit]: lap 103: 6.44 s[0m
[localization_error-8] [0m[INFO] [1788879633.661106329] [localization_error]: now[200] 0.335 m / 2.47 deg  |  session[n=13347] mean 0.353 p95 0.755 max 1.211 m, heading mean 2.56 max 11.31 deg[0m
[pure_pursuit-10] [0m[INFO] [1788879635.401887661] [pure_pursuit]: lap 104: 6.46 s[0m
[localization_error-8] [0m[INFO] [1788879638.660954406] [localization_error]: now[200] 0.371 m / 2.47 deg  |  session[n=13447] mean 0.353 p95 0.755 max 1.211 m, heading mean 2.56 max 11.31 deg[0m
[pure_pursuit-10] [0m[INFO] [1788879641.826961127] [pure_pursuit]: lap 105: 6.38 s[0m
[localization_error-8] [0m[INFO] [1788879643.661103659] [localization_error]: now[200] 0.374 m / 2.52 deg  |  session[n=13547] mean 0.353 p95 0.757 max 1.211 m, heading mean 2.56 max 11.31 deg[0m
[pure_pursuit-10] [0m[INFO] [1788879648.268372596] [pure_pursuit]: lap 106: 6.48 s[0m
[localization_error-8] [0m[INFO] [1788879648.661417406] [localization_error]: now[200] 0.368 m / 2.75 deg  |  session[n=13647] mean 0.353 p95 0.756 max 1.211 m, heading mean 2.56 max 11.31 deg[0m
[localization_error-8] [0m[INFO] [1788879653.661074248] [localization_error]: now[200] 0.353 m / 2.80 deg  |  session[n=13747] mean 0.353 p95 0.755 max 1.211 m, heading mean 2.56 max 11.31 deg[0m
[pure_pursuit-10] [0m[INFO] [1788879654.740378184] [pure_pursuit]: lap 107: 6.48 s[0m
[localization_error-8] [0m[INFO] [1788879658.661076066] [localization_error]: now[200] 0.369 m / 2.47 deg  |  session[n=13847] mean 0.353 p95 0.755 max 1.211 m, heading mean 2.56 max 11.31 deg[0m
[pure_pursuit-10] [0m[INFO] [1788879661.204852882] [pure_pursuit]: lap 108: 6.43 s[0m
[localization_error-8] [0m[INFO] [1788879663.661040500] [localization_error]: now[200] 0.347 m / 2.20 deg  |  session[n=13947] mean 0.353 p95 0.755 max 1.211 m, heading mean 2.56 max 11.31 deg[0m
[pure_pursuit-10] [0m[INFO] [1788879667.588418512] [pure_pursuit]: lap 109: 6.43 s[0m
[localization_error-8] [0m[INFO] [1788879668.661837727] [localization_error]: now[200] 0.378 m / 2.54 deg  |  session[n=14047] mean 0.353 p95 0.755 max 1.211 m, heading mean 2.56 max 11.31 deg[0m
[localization_error-8] [0m[INFO] [1788879673.661035173] [localization_error]: now[200] 0.347 m / 2.79 deg  |  session[n=14147] mean 0.353 p95 0.755 max 1.211 m, heading mean 2.56 max 11.31 deg[0m
[pure_pursuit-10] [0m[INFO] [1788879674.062397009] [pure_pursuit]: lap 110: 6.43 s[0m
[localization_error-8] [0m[INFO] [1788879678.661416738] [localization_error]: now[200] 0.346 m / 2.78 deg  |  session[n=14247] mean 0.353 p95 0.755 max 1.211 m, heading mean 2.56 max 11.31 deg[0m
[pure_pursuit-10] [0m[INFO] [1788879680.524245027] [pure_pursuit]: lap 111: 6.45 s[0m
[localization_error-8] [0m[INFO] [1788879683.660965933] [localization_error]: now[200] 0.361 m / 2.67 deg  |  session[n=14347] mean 0.353 p95 0.756 max 1.211 m, heading mean 2.56 max 11.31 deg[0m
[pure_pursuit-10] [0m[INFO] [1788879687.018680739] [pure_pursuit]: lap 112: 6.50 s[0m
[localization_error-8] [0m[INFO] [1788879688.661782861] [localization_error]: now[200] 0.352 m / 2.24 deg  |  session[n=14447] mean 0.353 p95 0.757 max 1.211 m, heading mean 2.56 max 11.31 deg[0m
[pure_pursuit-10] [0m[INFO] [1788879693.459782907] [pure_pursuit]: lap 113: 6.44 s[0m
[localization_error-8] [0m[INFO] [1788879693.661693936] [localization_error]: now[200] 0.339 m / 2.40 deg  |  session[n=14547] mean 0.353 p95 0.755 max 1.211 m, heading mean 2.56 max 11.31 deg[0m
[localization_error-8] [0m[INFO] [1788879698.661131522] [localization_error]: now[200] 0.337 m / 2.68 deg  |  session[n=14647] mean 0.353 p95 0.756 max 1.211 m, heading mean 2.56 max 11.31 deg[0m
[pure_pursuit-10] [0m[INFO] [1788879699.888379546] [pure_pursuit]: lap 114: 6.46 s[0m
[localization_error-8] [0m[INFO] [1788879703.661184552] [localization_error]: now[200] 0.374 m / 2.68 deg  |  session[n=14747] mean 0.353 p95 0.755 max 1.211 m, heading mean 2.56 max 11.31 deg[0m
[pure_pursuit-10] [0m[INFO] [1788879706.320913694] [pure_pursuit]: lap 115: 6.41 s[0m
[localization_error-8] [0m[INFO] [1788879708.661117296] [localization_error]: now[200] 0.370 m / 2.69 deg  |  session[n=14847] mean 0.353 p95 0.756 max 1.211 m, heading mean 2.56 max 11.31 deg[0m
[pure_pursuit-10] [0m[INFO] [1788879712.745783930] [pure_pursuit]: lap 116: 6.44 s[0m
[localization_error-8] [0m[INFO] [1788879713.661459453] [localization_error]: now[200] 0.376 m / 2.69 deg  |  session[n=14947] mean 0.354 p95 0.756 max 1.211 m, heading mean 2.56 max 11.31 deg[0m
[localization_error-8] [0m[INFO] [1788879718.661341671] [localization_error]: now[200] 0.342 m / 2.96 deg  |  session[n=15047] mean 0.353 p95 0.755 max 1.211 m, heading mean 2.57 max 11.31 deg[0m
[pure_pursuit-10] [0m[INFO] [1788879719.172907257] [pure_pursuit]: lap 117: 6.43 s[0m
[localization_error-8] [0m[INFO] [1788879723.661677818] [localization_error]: now[200] 0.334 m / 2.78 deg  |  session[n=15147] mean 0.353 p95 0.755 max 1.211 m, heading mean 2.57 max 11.31 deg[0m
[pure_pursuit-10] [0m[INFO] [1788879725.642146862] [pure_pursuit]: lap 118: 6.47 s[0m
[localization_error-8] [0m[INFO] [1788879728.661110487] [localization_error]: now[200] 0.333 m / 2.50 deg  |  session[n=15247] mean 0.353 p95 0.755 max 1.211 m, heading mean 2.57 max 11.31 deg[0m
[pure_pursuit-10] [0m[INFO] [1788879732.090441398] [pure_pursuit]: lap 119: 6.46 s[0m
[localization_error-8] [0m[INFO] [1788879733.662031135] [localization_error]: now[200] 0.349 m / 2.48 deg  |  session[n=15347] mean 0.353 p95 0.755 max 1.211 m, heading mean 2.56 max 11.31 deg[0m
[pure_pursuit-10] [0m[INFO] [1788879738.479797463] [pure_pursuit]: lap 120: 6.37 s[0m
[localization_error-8] [0m[INFO] [1788879738.661122839] [localization_error]: now[200] 0.340 m / 2.63 deg  |  session[n=15447] mean 0.353 p95 0.754 max 1.211 m, heading mean 2.57 max 11.31 deg[0m
[localization_error-8] [0m[INFO] [1788879743.661268168] [localization_error]: now[200] 0.347 m / 2.84 deg  |  session[n=15547] mean 0.353 p95 0.754 max 1.211 m, heading mean 2.57 max 11.31 deg[0m
[pure_pursuit-10] [0m[INFO] [1788879744.922085531] [pure_pursuit]: lap 121: 6.44 s[0m
[localization_error-8] [0m[INFO] [1788879748.661794743] [localization_error]: now[200] 0.382 m / 2.75 deg  |  session[n=15647] mean 0.353 p95 0.755 max 1.211 m, heading mean 2.57 max 11.31 deg[0m
[pure_pursuit-10] [0m[INFO] [1788879751.349581024] [pure_pursuit]: lap 122: 6.45 s[0m
[localization_error-8] [0m[INFO] [1788879753.661790944] [localization_error]: now[200] 0.349 m / 2.52 deg  |  session[n=15747] mean 0.353 p95 0.755 max 1.211 m, heading mean 2.57 max 11.31 deg[0m
[pure_pursuit-10] [0m[INFO] [1788879757.774825393] [pure_pursuit]: lap 123: 6.43 s[0m
[localization_error-8] [0m[INFO] [1788879758.661920733] [localization_error]: now[200] 0.364 m / 2.69 deg  |  session[n=15847] mean 0.353 p95 0.755 max 1.211 m, heading mean 2.57 max 11.31 deg[0m
[localization_error-8] [0m[INFO] [1788879763.661861491] [localization_error]: now[200] 0.346 m / 2.86 deg  |  session[n=15947] mean 0.353 p95 0.755 max 1.211 m, heading mean 2.57 max 11.31 deg[0m
[pure_pursuit-10] [0m[INFO] [1788879764.207662780] [pure_pursuit]: lap 124: 6.41 s[0m
[localization_error-8] [0m[INFO] [1788879768.661467359] [localization_error]: now[200] 0.341 m / 2.49 deg  |  session[n=16047] mean 0.353 p95 0.755 max 1.211 m, heading mean 2.57 max 11.31 deg[0m
[pure_pursuit-10] [0m[INFO] [1788879770.649646826] [pure_pursuit]: lap 125: 6.47 s[0m
[localization_error-8] [0m[INFO] [1788879773.661089581] [localization_error]: now[200] 0.351 m / 2.29 deg  |  session[n=16147] mean 0.353 p95 0.756 max 1.211 m, heading mean 2.57 max 11.31 deg[0m
[pure_pursuit-10] [0m[INFO] [1788879777.103492768] [pure_pursuit]: lap 126: 6.45 s[0m
[localization_error-8] [0m[INFO] [1788879778.661316995] [localization_error]: now[200] 0.371 m / 2.49 deg  |  session[n=16247] mean 0.353 p95 0.757 max 1.211 m, heading mean 2.57 max 11.31 deg[0m
[pure_pursuit-10] [0m[INFO] [1788879783.589740962] [pure_pursuit]: lap 127: 6.45 s[0m
[localization_error-8] [0m[INFO] [1788879783.661074113] [localization_error]: now[200] 0.359 m / 2.94 deg  |  session[n=16347] mean 0.353 p95 0.755 max 1.211 m, heading mean 2.57 max 11.31 deg[0m
[localization_error-8] [0m[INFO] [1788879788.661278353] [localization_error]: now[200] 0.349 m / 2.85 deg  |  session[n=16447] mean 0.353 p95 0.755 max 1.211 m, heading mean 2.57 max 11.31 deg[0m
[pure_pursuit-10] [0m[INFO] [1788879790.076116426] [pure_pursuit]: lap 128: 6.47 s[0m
[localization_error-8] [0m[INFO] [1788879793.661090976] [localization_error]: now[200] 0.362 m / 2.57 deg  |  session[n=16547] mean 0.353 p95 0.755 max 1.211 m, heading mean 2.57 max 11.31 deg[0m
[pure_pursuit-10] [0m[INFO] [1788879796.472907506] [pure_pursuit]: lap 129: 6.43 s[0m
[localization_error-8] [0m[INFO] [1788879798.661220055] [localization_error]: now[200] 0.328 m / 2.61 deg  |  session[n=16647] mean 0.353 p95 0.755 max 1.211 m, heading mean 2.57 max 11.31 deg[0m
[pure_pursuit-10] [0m[INFO] [1788879802.906938204] [pure_pursuit]: lap 130: 6.42 s[0m
[localization_error-8] [0m[INFO] [1788879803.661279535] [localization_error]: now[200] 0.344 m / 2.72 deg  |  session[n=16747] mean 0.353 p95 0.755 max 1.211 m, heading mean 2.57 max 11.31 deg[0m
[localization_error-8] [0m[INFO] [1788879808.661171849] [localization_error]: now[200] 0.335 m / 2.79 deg  |  session[n=16847] mean 0.353 p95 0.754 max 1.211 m, heading mean 2.57 max 11.31 deg[0m
[pure_pursuit-10] [0m[INFO] [1788879809.320334205] [pure_pursuit]: lap 131: 6.40 s[0m
[localization_error-8] [0m[INFO] [1788879813.661470054] [localization_error]: now[200] 0.345 m / 2.58 deg  |  session[n=16947] mean 0.353 p95 0.754 max 1.211 m, heading mean 2.57 max 11.31 deg[0m
[pure_pursuit-10] [0m[INFO] [1788879815.733120327] [pure_pursuit]: lap 132: 6.41 s[0m
[localization_error-8] [0m[INFO] [1788879818.661625745] [localization_error]: now[200] 0.347 m / 2.41 deg  |  session[n=17047] mean 0.353 p95 0.754 max 1.211 m, heading mean 2.57 max 11.31 deg[0m
[pure_pursuit-10] [0m[INFO] [1788879822.173203425] [pure_pursuit]: lap 133: 6.46 s[0m
[localization_error-8] [0m[INFO] [1788879823.661246620] [localization_error]: now[200] 0.363 m / 2.35 deg  |  session[n=17147] mean 0.353 p95 0.754 max 1.211 m, heading mean 2.57 max 11.31 deg[0m
[pure_pursuit-10] [0m[INFO] [1788879828.551536191] [pure_pursuit]: lap 134: 6.40 s[0m
[localization_error-8] [0m[INFO] [1788879828.661434305] [localization_error]: now[200] 0.348 m / 2.63 deg  |  session[n=17247] mean 0.353 p95 0.754 max 1.211 m, heading mean 2.57 max 11.31 deg[0m
[localization_error-8] [0m[INFO] [1788879833.661191122] [localization_error]: now[200] 0.335 m / 2.91 deg  |  session[n=17347] mean 0.353 p95 0.754 max 1.211 m, heading mean 2.58 max 11.31 deg[0m
[pure_pursuit-10] [0m[INFO] [1788879834.971833383] [pure_pursuit]: lap 135: 6.41 s[0m
[localization_error-8] [0m[INFO] [1788879838.661340352] [localization_error]: now[200] 0.377 m / 2.94 deg  |  session[n=17447] mean 0.353 p95 0.755 max 1.211 m, heading mean 2.58 max 11.31 deg[0m
[pure_pursuit-10] [0m[INFO] [1788879841.399828530] [pure_pursuit]: lap 136: 6.41 s[0m
[localization_error-8] [0m[INFO] [1788879843.661947484] [localization_error]: now[200] 0.376 m / 2.99 deg  |  session[n=17547] mean 0.353 p95 0.755 max 1.211 m, heading mean 2.58 max 11.31 deg[0m
[pure_pursuit-10] [0m[INFO] [1788879847.828233718] [pure_pursuit]: lap 137: 6.44 s[0m
[localization_error-8] [0m[INFO] [1788879848.662864602] [localization_error]: now[200] 0.392 m / 3.04 deg  |  session[n=17647] mean 0.353 p95 0.755 max 1.211 m, heading mean 2.58 max 11.31 deg[0m
[localization_error-8] [0m[INFO] [1788879853.661185299] [localization_error]: now[200] 0.366 m / 2.75 deg  |  session[n=17747] mean 0.353 p95 0.755 max 1.211 m, heading mean 2.58 max 11.31 deg[0m
[pure_pursuit-10] [0m[INFO] [1788879854.315099543] [pure_pursuit]: lap 138: 6.46 s[0m
[localization_error-8] [0m[INFO] [1788879858.661235098] [localization_error]: now[200] 0.359 m / 2.48 deg  |  session[n=17847] mean 0.353 p95 0.756 max 1.211 m, heading mean 2.58 max 11.31 deg[0m
[pure_pursuit-10] [0m[INFO] [1788879860.733977143] [pure_pursuit]: lap 139: 6.41 s[0m
[localization_error-8] [0m[INFO] [1788879863.661205249] [localization_error]: now[200] 0.364 m / 2.65 deg  |  session[n=17947] mean 0.353 p95 0.756 max 1.211 m, heading mean 2.58 max 11.31 deg[0m
[pure_pursuit-10] [0m[INFO] [1788879867.203172850] [pure_pursuit]: lap 140: 6.47 s[0m
[localization_error-8] [0m[INFO] [1788879868.661854799] [localization_error]: now[200] 0.367 m / 2.54 deg  |  session[n=18047] mean 0.354 p95 0.756 max 1.211 m, heading mean 2.58 max 11.31 deg[0m
[localization_error-8] [0m[INFO] [1788879873.662345275] [localization_error]: now[200] 0.334 m / 2.46 deg  |  session[n=18147] mean 0.353 p95 0.755 max 1.211 m, heading mean 2.58 max 11.31 deg[0m
[pure_pursuit-10] [0m[INFO] [1788879873.671942131] [pure_pursuit]: lap 141: 6.48 s[0m
[localization_error-8] [0m[INFO] [1788879878.661328727] [localization_error]: now[200] 0.338 m / 2.59 deg  |  session[n=18247] mean 0.353 p95 0.755 max 1.211 m, heading mean 2.58 max 11.31 deg[0m
[pure_pursuit-10] [0m[INFO] [1788879880.097975711] [pure_pursuit]: lap 142: 6.44 s[0m
[localization_error-8] [0m[INFO] [1788879883.661198440] [localization_error]: now[200] 0.378 m / 2.60 deg  |  session[n=18347] mean 0.353 p95 0.756 max 1.211 m, heading mean 2.58 max 11.31 deg[0m
[pure_pursuit-10] [0m[INFO] [1788879886.583701492] [pure_pursuit]: lap 143: 6.45 s[0m
[localization_error-8] [0m[INFO] [1788879888.661413615] [localization_error]: now[200] 0.368 m / 2.63 deg  |  session[n=18447] mean 0.354 p95 0.757 max 1.211 m, heading mean 2.58 max 11.31 deg[0m
[pure_pursuit-10] [0m[INFO] [1788879892.999748243] [pure_pursuit]: lap 144: 6.41 s[0m
[localization_error-8] [0m[INFO] [1788879893.661265514] [localization_error]: now[200] 0.380 m / 2.97 deg  |  session[n=18547] mean 0.354 p95 0.756 max 1.211 m, heading mean 2.59 max 11.31 deg[0m
[localization_error-8] [0m[INFO] [1788879898.661241815] [localization_error]: now[200] 0.370 m / 3.04 deg  |  session[n=18647] mean 0.354 p95 0.755 max 1.211 m, heading mean 2.59 max 11.31 deg[0m
[pure_pursuit-10] [0m[INFO] [1788879899.461213171] [pure_pursuit]: lap 145: 6.45 s[0m
[localization_error-8] [0m[INFO] [1788879903.662054477] [localization_error]: now[200] 0.365 m / 2.50 deg  |  session[n=18747] mean 0.354 p95 0.755 max 1.211 m, heading mean 2.58 max 11.31 deg[0m
[pure_pursuit-10] [0m[INFO] [1788879905.916030971] [pure_pursuit]: lap 146: 6.46 s[0m
[localization_error-8] [0m[INFO] [1788879908.661606048] [localization_error]: now[200] 0.360 m / 2.35 deg  |  session[n=18847] mean 0.354 p95 0.757 max 1.211 m, heading mean 2.58 max 11.31 deg[0m
[pure_pursuit-10] [0m[INFO] [1788879912.395383991] [pure_pursuit]: lap 147: 6.48 s[0m
[localization_error-8] [0m[INFO] [1788879913.662722812] [localization_error]: now[200] 0.386 m / 2.58 deg  |  session[n=18947] mean 0.354 p95 0.757 max 1.211 m, heading mean 2.58 max 11.31 deg[0m
[localization_error-8] [0m[INFO] [1788879918.661515554] [localization_error]: now[200] 0.340 m / 2.62 deg  |  session[n=19047] mean 0.354 p95 0.756 max 1.211 m, heading mean 2.58 max 11.31 deg[0m
[pure_pursuit-10] [0m[INFO] [1788879918.883104223] [pure_pursuit]: lap 148: 6.47 s[0m
[localization_error-8] [0m[INFO] [1788879923.661287889] [localization_error]: now[200] 0.326 m / 2.48 deg  |  session[n=19147] mean 0.354 p95 0.755 max 1.211 m, heading mean 2.58 max 11.31 deg[0m
[pure_pursuit-10] [0m[INFO] [1788879925.341901960] [pure_pursuit]: lap 149: 6.47 s[0m
[localization_error-8] [0m[INFO] [1788879928.661723822] [localization_error]: now[200] 0.357 m / 2.52 deg  |  session[n=19247] mean 0.354 p95 0.755 max 1.211 m, heading mean 2.58 max 11.31 deg[0m
[pure_pursuit-10] [0m[INFO] [1788879931.833686596] [pure_pursuit]: lap 150: 6.47 s[0m
[localization_error-8] [0m[INFO] [1788879933.661491080] [localization_error]: now[200] 0.353 m / 2.52 deg  |  session[n=19347] mean 0.354 p95 0.755 max 1.211 m, heading mean 2.58 max 11.31 deg[0m
[pure_pursuit-10] [0m[INFO] [1788879938.232438581] [pure_pursuit]: lap 151: 6.42 s[0m
[localization_error-8] [0m[INFO] [1788879938.661305570] [localization_error]: now[200] 0.340 m / 2.56 deg  |  session[n=19447] mean 0.354 p95 0.755 max 1.211 m, heading mean 2.58 max 11.31 deg[0m
[localization_error-8] [0m[INFO] [1788879943.662275064] [localization_error]: now[200] 0.349 m / 2.90 deg  |  session[n=19547] mean 0.354 p95 0.755 max 1.211 m, heading mean 2.59 max 11.31 deg[0m
[pure_pursuit-10] [0m[INFO] [1788879944.642758819] [pure_pursuit]: lap 152: 6.39 s[0m
[localization_error-8] [0m[INFO] [1788879948.661449581] [localization_error]: now[200] 0.374 m / 2.70 deg  |  session[n=19647] mean 0.354 p95 0.755 max 1.211 m, heading mean 2.58 max 11.31 deg[0m
[pure_pursuit-10] [0m[INFO] [1788879951.104836479] [pure_pursuit]: lap 153: 6.48 s[0m
[localization_error-8] [0m[INFO] [1788879953.662430597] [localization_error]: now[200] 0.343 m / 2.34 deg  |  session[n=19747] mean 0.354 p95 0.755 max 1.211 m, heading mean 2.58 max 11.31 deg[0m
[pure_pursuit-10] [0m[INFO] [1788879957.568230355] [pure_pursuit]: lap 154: 6.43 s[0m
[localization_error-8] [0m[INFO] [1788879958.662101223] [localization_error]: now[200] 0.379 m / 2.62 deg  |  session[n=19847] mean 0.354 p95 0.756 max 1.211 m, heading mean 2.59 max 11.31 deg[0m
[localization_error-8] [0m[INFO] [1788879963.662211792] [localization_error]: now[200] 0.347 m / 2.77 deg  |  session[n=19947] mean 0.354 p95 0.755 max 1.211 m, heading mean 2.59 max 11.31 deg[0m
[pure_pursuit-10] [0m[INFO] [1788879964.033109111] [pure_pursuit]: lap 155: 6.45 s[0m
[localization_error-8] [0m[INFO] [1788879968.662170416] [localization_error]: now[200] 0.333 m / 2.71 deg  |  session[n=20047] mean 0.354 p95 0.754 max 1.211 m, heading mean 2.59 max 11.31 deg[0m
[pure_pursuit-10] [0m[INFO] [1788879970.471126539] [pure_pursuit]: lap 156: 6.45 s[0m
[localization_error-8] [0m[INFO] [1788879973.661254657] [localization_error]: now[200] 0.348 m / 2.72 deg  |  session[n=20147] mean 0.354 p95 0.754 max 1.211 m, heading mean 2.59 max 11.31 deg[0m
[pure_pursuit-10] [0m[INFO] [1788879976.899573758] [pure_pursuit]: lap 157: 6.43 s[0m
[localization_error-8] [0m[INFO] [1788879978.661348735] [localization_error]: now[200] 0.344 m / 2.52 deg  |  session[n=20247] mean 0.354 p95 0.755 max 1.211 m, heading mean 2.59 max 11.31 deg[0m
[pure_pursuit-10] [0m[INFO] [1788879983.334429797] [pure_pursuit]: lap 158: 6.42 s[0m
[localization_error-8] [0m[INFO] [1788879983.661234849] [localization_error]: now[200] 0.355 m / 2.56 deg  |  session[n=20347] mean 0.354 p95 0.755 max 1.211 m, heading mean 2.59 max 11.31 deg[0m
[localization_error-8] [0m[INFO] [1788879988.662351277] [localization_error]: now[200] 0.343 m / 2.63 deg  |  session[n=20447] mean 0.354 p95 0.755 max 1.211 m, heading mean 2.59 max 11.31 deg[0m
[pure_pursuit-10] [0m[INFO] [1788879989.765680488] [pure_pursuit]: lap 159: 6.44 s[0m
[localization_error-8] [0m[INFO] [1788879993.662200131] [localization_error]: now[200] 0.357 m / 2.42 deg  |  session[n=20547] mean 0.354 p95 0.755 max 1.211 m, heading mean 2.59 max 11.31 deg[0m
[pure_pursuit-10] [0m[INFO] [1788879996.246998634] [pure_pursuit]: lap 160: 6.48 s[0m
[localization_error-8] [0m[INFO] [1788879998.662197763] [localization_error]: now[200] 0.349 m / 2.39 deg  |  session[n=20647] mean 0.354 p95 0.756 max 1.211 m, heading mean 2.58 max 11.31 deg[0m
[pure_pursuit-10] [0m[INFO] [1788880002.663926073] [pure_pursuit]: lap 161: 6.40 s[0m
[localization_error-8] [0m[INFO] [1788880003.661491451] [localization_error]: now[200] 0.358 m / 2.46 deg  |  session[n=20747] mean 0.354 p95 0.757 max 1.211 m, heading mean 2.58 max 11.31 deg[0m
[localization_error-8] [0m[INFO] [1788880008.661593410] [localization_error]: now[200] 0.341 m / 2.71 deg  |  session[n=20847] mean 0.353 p95 0.755 max 1.211 m, heading mean 2.59 max 11.31 deg[0m
[pure_pursuit-10] [0m[INFO] [1788880009.103782950] [pure_pursuit]: lap 162: 6.44 s[0m
[localization_error-8] [0m[INFO] [1788880013.661553806] [localization_error]: now[200] 0.350 m / 2.62 deg  |  session[n=20947] mean 0.354 p95 0.756 max 1.211 m, heading mean 2.58 max 11.31 deg[0m
[pure_pursuit-10] [0m[INFO] [1788880015.519876089] [pure_pursuit]: lap 163: 6.46 s[0m
[localization_error-8] [0m[INFO] [1788880018.661359220] [localization_error]: now[200] 0.362 m / 2.38 deg  |  session[n=21047] mean 0.354 p95 0.757 max 1.211 m, heading mean 2.58 max 11.31 deg[0m
[pure_pursuit-10] [0m[INFO] [1788880022.031703448] [pure_pursuit]: lap 164: 6.48 s[0m
[localization_error-8] [0m[INFO] [1788880023.662083771] [localization_error]: now[200] 0.377 m / 2.44 deg  |  session[n=21147] mean 0.354 p95 0.758 max 1.211 m, heading mean 2.58 max 11.31 deg[0m
[pure_pursuit-10] [0m[INFO] [1788880028.445150325] [pure_pursuit]: lap 165: 6.44 s[0m
[localization_error-8] [0m[INFO] [1788880028.661330060] [localization_error]: now[200] 0.359 m / 2.70 deg  |  session[n=21247] mean 0.354 p95 0.757 max 1.211 m, heading mean 2.58 max 11.31 deg[0m
[localization_error-8] [0m[INFO] [1788880033.662029756] [localization_error]: now[200] 0.330 m / 2.60 deg  |  session[n=21347] mean 0.354 p95 0.757 max 1.211 m, heading mean 2.58 max 11.31 deg[0m
[pure_pursuit-10] [0m[INFO] [1788880034.924936337] [pure_pursuit]: lap 166: 6.48 s[0m
[localization_error-8] [0m[INFO] [1788880038.661540085] [localization_error]: now[200] 0.358 m / 2.34 deg  |  session[n=21447] mean 0.354 p95 0.757 max 1.211 m, heading mean 2.58 max 11.31 deg[0m
[pure_pursuit-10] [0m[INFO] [1788880041.406737980] [pure_pursuit]: lap 167: 6.45 s[0m
[localization_error-8] [0m[INFO] [1788880043.661302178] [localization_error]: now[200] 0.366 m / 2.38 deg  |  session[n=21547] mean 0.354 p95 0.758 max 1.211 m, heading mean 2.58 max 11.31 deg[0m
[pure_pursuit-10] [0m[INFO] [1788880047.799688355] [pure_pursuit]: lap 168: 6.43 s[0m
[localization_error-8] [0m[INFO] [1788880048.661254374] [localization_error]: now[200] 0.376 m / 2.41 deg  |  session[n=21647] mean 0.354 p95 0.758 max 1.211 m, heading mean 2.58 max 11.31 deg[0m
[localization_error-8] [0m[INFO] [1788880053.661539865] [localization_error]: now[200] 0.349 m / 2.70 deg  |  session[n=21747] mean 0.354 p95 0.757 max 1.211 m, heading mean 2.58 max 11.31 deg[0m
[pure_pursuit-10] [0m[INFO] [1788880054.269180639] [pure_pursuit]: lap 169: 6.44 s[0m
[localization_error-8] [0m[INFO] [1788880058.661230325] [localization_error]: now[200] 0.367 m / 2.79 deg  |  session[n=21847] mean 0.354 p95 0.758 max 1.211 m, heading mean 2.58 max 11.31 deg[0m
[pure_pursuit-10] [0m[INFO] [1788880060.718352917] [pure_pursuit]: lap 170: 6.47 s[0m
[localization_error-8] [0m[INFO] [1788880063.661745302] [localization_error]: now[200] 0.364 m / 2.52 deg  |  session[n=21947] mean 0.354 p95 0.759 max 1.211 m, heading mean 2.58 max 11.31 deg[0m
[pure_pursuit-10] [0m[INFO] [1788880067.209289181] [pure_pursuit]: lap 171: 6.49 s[0m
[localization_error-8] [0m[INFO] [1788880068.661360911] [localization_error]: now[200] 0.379 m / 2.65 deg  |  session[n=22047] mean 0.354 p95 0.759 max 1.211 m, heading mean 2.58 max 11.31 deg[0m
[pure_pursuit-10] [0m[INFO] [1788880073.643729762] [pure_pursuit]: lap 172: 6.44 s[0m
[localization_error-8] [0m[INFO] [1788880073.661965439] [localization_error]: now[200] 0.352 m / 2.84 deg  |  session[n=22147] mean 0.354 p95 0.758 max 1.211 m, heading mean 2.58 max 11.31 deg[0m
[localization_error-8] [0m[INFO] [1788880078.661194034] [localization_error]: now[200] 0.328 m / 2.67 deg  |  session[n=22247] mean 0.354 p95 0.758 max 1.211 m, heading mean 2.58 max 11.31 deg[0m
[pure_pursuit-10] [0m[INFO] [1788880080.163597364] [pure_pursuit]: lap 173: 6.50 s[0m
[localization_error-8] [0m[INFO] [1788880083.661244497] [localization_error]: now[200] 0.359 m / 2.60 deg  |  session[n=22347] mean 0.354 p95 0.757 max 1.211 m, heading mean 2.58 max 11.31 deg[0m
[pure_pursuit-10] [0m[INFO] [1788880086.611380723] [pure_pursuit]: lap 174: 6.45 s[0m
[localization_error-8] [0m[INFO] [1788880088.661746790] [localization_error]: now[200] 0.348 m / 2.40 deg  |  session[n=22447] mean 0.354 p95 0.759 max 1.211 m, heading mean 2.58 max 11.31 deg[0m
[pure_pursuit-10] [0m[INFO] [1788880093.026057622] [pure_pursuit]: lap 175: 6.42 s[0m
[localization_error-8] [0m[INFO] [1788880093.662293117] [localization_error]: now[200] 0.352 m / 2.41 deg  |  session[n=22547] mean 0.354 p95 0.759 max 1.211 m, heading mean 2.58 max 11.31 deg[0m
[localization_error-8] [0m[INFO] [1788880098.661322437] [localization_error]: now[200] 0.345 m / 2.73 deg  |  session[n=22647] mean 0.354 p95 0.759 max 1.211 m, heading mean 2.58 max 11.31 deg[0m
[pure_pursuit-10] [0m[INFO] [1788880099.517369394] [pure_pursuit]: lap 176: 6.47 s[0m
[localization_error-8] [0m[INFO] [1788880103.661392962] [localization_error]: now[200] 0.365 m / 2.73 deg  |  session[n=22747] mean 0.354 p95 0.759 max 1.211 m, heading mean 2.58 max 11.31 deg[0m
[pure_pursuit-10] [0m[INFO] [1788880105.971102202] [pure_pursuit]: lap 177: 6.50 s[0m
[localization_error-8] [0m[INFO] [1788880108.661494992] [localization_error]: now[200] 0.351 m / 2.36 deg  |  session[n=22847] mean 0.354 p95 0.758 max 1.211 m, heading mean 2.58 max 11.31 deg[0m
[pure_pursuit-10] [0m[INFO] [1788880112.447815371] [pure_pursuit]: lap 178: 6.45 s[0m
[localization_error-8] [0m[INFO] [1788880113.661318854] [localization_error]: now[200] 0.353 m / 2.16 deg  |  session[n=22947] mean 0.354 p95 0.759 max 1.211 m, heading mean 2.58 max 11.31 deg[0m
[localization_error-8] [0m[INFO] [1788880118.661331510] [localization_error]: now[200] 0.345 m / 2.68 deg  |  session[n=23047] mean 0.354 p95 0.758 max 1.211 m, heading mean 2.58 max 11.31 deg[0m
[pure_pursuit-10] [0m[INFO] [1788880118.884189952] [pure_pursuit]: lap 179: 6.42 s[0m
[localization_error-8] [0m[INFO] [1788880123.661329036] [localization_error]: now[200] 0.352 m / 2.82 deg  |  session[n=23147] mean 0.354 p95 0.759 max 1.211 m, heading mean 2.58 max 11.31 deg[0m
[pure_pursuit-10] [0m[INFO] [1788880125.366558118] [pure_pursuit]: lap 180: 6.49 s[0m
[localization_error-8] [0m[INFO] [1788880128.661305428] [localization_error]: now[200] 0.360 m / 2.54 deg  |  session[n=23247] mean 0.354 p95 0.759 max 1.211 m, heading mean 2.58 max 11.31 deg[0m
[pure_pursuit-10] [0m[INFO] [1788880131.746750438] [pure_pursuit]: lap 181: 6.43 s[0m
[localization_error-8] [0m[INFO] [1788880133.661402660] [localization_error]: now[200] 0.353 m / 2.47 deg  |  session[n=23347] mean 0.354 p95 0.759 max 1.211 m, heading mean 2.58 max 11.31 deg[0m
[pure_pursuit-10] [0m[INFO] [1788880138.213096329] [pure_pursuit]: lap 182: 6.45 s[0m
[localization_error-8] [0m[INFO] [1788880138.662213317] [localization_error]: now[200] 0.347 m / 2.55 deg  |  session[n=23447] mean 0.354 p95 0.759 max 1.211 m, heading mean 2.58 max 11.31 deg[0m
[localization_error-8] [0m[INFO] [1788880143.661567778] [localization_error]: now[200] 0.332 m / 2.69 deg  |  session[n=23547] mean 0.354 p95 0.759 max 1.211 m, heading mean 2.58 max 11.31 deg[0m
[pure_pursuit-10] [0m[INFO] [1788880144.652302625] [pure_pursuit]: lap 183: 6.44 s[0m
[localization_error-8] [0m[INFO] [1788880148.662307943] [localization_error]: now[200] 0.351 m / 2.61 deg  |  session[n=23647] mean 0.354 p95 0.759 max 1.211 m, heading mean 2.58 max 11.31 deg[0m
[pure_pursuit-10] [0m[INFO] [1788880151.051017092] [pure_pursuit]: lap 184: 6.41 s[0m
[localization_error-8] [0m[INFO] [1788880153.661448550] [localization_error]: now[200] 0.341 m / 2.43 deg  |  session[n=23747] mean 0.354 p95 0.759 max 1.211 m, heading mean 2.58 max 11.31 deg[0m
[pure_pursuit-10] [0m[INFO] [1788880157.525126793] [pure_pursuit]: lap 185: 6.46 s[0m
[localization_error-8] [0m[INFO] [1788880158.661583824] [localization_error]: now[200] 0.368 m / 2.62 deg  |  session[n=23847] mean 0.354 p95 0.760 max 1.211 m, heading mean 2.58 max 11.31 deg[0m
[localization_error-8] [0m[INFO] [1788880163.661506130] [localization_error]: now[200] 0.347 m / 2.95 deg  |  session[n=23947] mean 0.354 p95 0.759 max 1.211 m, heading mean 2.58 max 11.31 deg[0m
[pure_pursuit-10] [0m[INFO] [1788880163.938491217] [pure_pursuit]: lap 186: 6.44 s[0m
[localization_error-8] [0m[INFO] [1788880168.662330543] [localization_error]: now[200] 0.349 m / 2.70 deg  |  session[n=24047] mean 0.354 p95 0.759 max 1.211 m, heading mean 2.58 max 11.31 deg[0m
[pure_pursuit-10] [0m[INFO] [1788880170.412172957] [pure_pursuit]: lap 187: 6.44 s[0m
[localization_error-8] [0m[INFO] [1788880173.661458752] [localization_error]: now[200] 0.351 m / 2.37 deg  |  session[n=24147] mean 0.354 p95 0.759 max 1.211 m, heading mean 2.58 max 11.31 deg[0m
[pure_pursuit-10] [0m[INFO] [1788880176.872101084] [pure_pursuit]: lap 188: 6.46 s[0m
[localization_error-8] [0m[INFO] [1788880178.661363245] [localization_error]: now[200] 0.335 m / 2.28 deg  |  session[n=24247] mean 0.354 p95 0.759 max 1.211 m, heading mean 2.58 max 11.31 deg[0m
[pure_pursuit-10] [0m[INFO] [1788880183.305731572] [pure_pursuit]: lap 189: 6.46 s[0m
[localization_error-8] [0m[INFO] [1788880183.661704473] [localization_error]: now[200] 0.342 m / 2.50 deg  |  session[n=24347] mean 0.353 p95 0.759 max 1.211 m, heading mean 2.58 max 11.31 deg[0m
[localization_error-8] [0m[INFO] [1788880188.661496234] [localization_error]: now[200] 0.328 m / 2.60 deg  |  session[n=24447] mean 0.353 p95 0.759 max 1.211 m, heading mean 2.58 max 11.31 deg[0m
[pure_pursuit-10] [0m[INFO] [1788880189.781321099] [pure_pursuit]: lap 190: 6.44 s[0m
[localization_error-8] [0m[INFO] [1788880193.661552278] [localization_error]: now[200] 0.365 m / 2.47 deg  |  session[n=24547] mean 0.354 p95 0.759 max 1.211 m, heading mean 2.58 max 11.31 deg[0m
[pure_pursuit-10] [0m[INFO] [1788880196.215292507] [pure_pursuit]: lap 191: 6.45 s[0m
[localization_error-8] [0m[INFO] [1788880198.661592419] [localization_error]: now[200] 0.367 m / 2.27 deg  |  session[n=24647] mean 0.354 p95 0.759 max 1.211 m, heading mean 2.58 max 11.31 deg[0m
[pure_pursuit-10] [0m[INFO] [1788880202.664069963] [pure_pursuit]: lap 192: 6.44 s[0m
[localization_error-8] [0m[INFO] [1788880203.661353437] [localization_error]: now[200] 0.381 m / 2.59 deg  |  session[n=24747] mean 0.354 p95 0.760 max 1.211 m, heading mean 2.58 max 11.31 deg[0m
[localization_error-8] [0m[INFO] [1788880208.661590911] [localization_error]: now[200] 0.345 m / 2.89 deg  |  session[n=24847] mean 0.353 p95 0.759 max 1.211 m, heading mean 2.58 max 11.31 deg[0m
[pure_pursuit-10] [0m[INFO] [1788880209.076776982] [pure_pursuit]: lap 193: 6.41 s[0m
[localization_error-8] [0m[INFO] [1788880213.661254978] [localization_error]: now[200] 0.344 m / 2.55 deg  |  session[n=24947] mean 0.354 p95 0.759 max 1.211 m, heading mean 2.58 max 11.31 deg[0m
[pure_pursuit-10] [0m[INFO] [1788880215.579247466] [pure_pursuit]: lap 194: 6.55 s[0m
[localization_error-8] [0m[INFO] [1788880218.661453936] [localization_error]: now[200] 0.350 m / 2.31 deg  |  session[n=25047] mean 0.353 p95 0.759 max 1.211 m, heading mean 2.58 max 11.31 deg[0m
[pure_pursuit-10] [0m[INFO] [1788880222.053660117] [pure_pursuit]: lap 195: 6.44 s[0m
[localization_error-8] [0m[INFO] [1788880223.662052452] [localization_error]: now[200] 0.322 m / 2.15 deg  |  session[n=25147] mean 0.353 p95 0.759 max 1.211 m, heading mean 2.58 max 11.31 deg[0m
[pure_pursuit-10] [0m[INFO] [1788880228.499128240] [pure_pursuit]: lap 196: 6.48 s[0m
[localization_error-8] [0m[INFO] [1788880228.662094216] [localization_error]: now[200] 0.322 m / 2.29 deg  |  session[n=25247] mean 0.353 p95 0.758 max 1.211 m, heading mean 2.58 max 11.31 deg[0m
[localization_error-8] [0m[INFO] [1788880233.661641428] [localization_error]: now[200] 0.355 m / 2.58 deg  |  session[n=25347] mean 0.353 p95 0.758 max 1.211 m, heading mean 2.58 max 11.31 deg[0m
[pure_pursuit-10] [0m[INFO] [1788880234.968925735] [pure_pursuit]: lap 197: 6.44 s[0m
[localization_error-8] [0m[INFO] [1788880238.661560307] [localization_error]: now[200] 0.382 m / 2.67 deg  |  session[n=25447] mean 0.353 p95 0.759 max 1.211 m, heading mean 2.58 max 11.31 deg[0m
[pure_pursuit-10] [0m[INFO] [1788880241.450640197] [pure_pursuit]: lap 198: 6.49 s[0m
[localization_error-8] [0m[INFO] [1788880243.662332521] [localization_error]: now[200] 0.354 m / 2.56 deg  |  session[n=25547] mean 0.353 p95 0.760 max 1.211 m, heading mean 2.58 max 11.31 deg[0m
[pure_pursuit-10] [0m[INFO] [1788880247.827761280] [pure_pursuit]: lap 199: 6.40 s[0m
[localization_error-8] [0m[INFO] [1788880248.662043642] [localization_error]: now[200] 0.368 m / 2.87 deg  |  session[n=25647] mean 0.354 p95 0.761 max 1.211 m, heading mean 2.58 max 11.31 deg[0m
[localization_error-8] [0m[INFO] [1788880253.662408235] [localization_error]: now[200] 0.354 m / 2.99 deg  |  session[n=25747] mean 0.353 p95 0.761 max 1.211 m, heading mean 2.58 max 11.31 deg[0m
[pure_pursuit-10] [0m[INFO] [1788880254.294035004] [pure_pursuit]: lap 200: 6.45 s[0m
[localization_error-8] [0m[INFO] [1788880258.661199232] [localization_error]: now[200] 0.372 m / 2.78 deg  |  session[n=25847] mean 0.354 p95 0.761 max 1.211 m, heading mean 2.58 max 11.31 deg[0m
[pure_pursuit-10] [0m[INFO] [1788880260.698259566] [pure_pursuit]: lap 201: 6.43 s[0m
[localization_error-8] [0m[INFO] [1788880263.661382816] [localization_error]: now[200] 0.362 m / 2.56 deg  |  session[n=25947] mean 0.354 p95 0.761 max 1.211 m, heading mean 2.58 max 11.31 deg[0m
[pure_pursuit-10] [0m[INFO] [1788880267.178968435] [pure_pursuit]: lap 202: 6.47 s[0m
[localization_error-8] [0m[INFO] [1788880268.662370941] [localization_error]: now[200] 0.355 m / 2.29 deg  |  session[n=26047] mean 0.354 p95 0.761 max 1.211 m, heading mean 2.58 max 11.31 deg[0m
[pure_pursuit-10] [0m[INFO] [1788880273.643705501] [pure_pursuit]: lap 203: 6.44 s[0m
[localization_error-8] [0m[INFO] [1788880273.662167997] [localization_error]: now[200] 0.334 m / 2.48 deg  |  session[n=26147] mean 0.353 p95 0.761 max 1.211 m, heading mean 2.58 max 11.31 deg[0m
[localization_error-8] [0m[INFO] [1788880278.661398447] [localization_error]: now[200] 0.325 m / 2.53 deg  |  session[n=26247] mean 0.353 p95 0.761 max 1.211 m, heading mean 2.58 max 11.31 deg[0m
[pure_pursuit-10] [0m[INFO] [1788880280.129085742] [pure_pursuit]: lap 204: 6.49 s[0m
[localization_error-8] [0m[INFO] [1788880283.661240651] [localization_error]: now[200] 0.365 m / 2.63 deg  |  session[n=26347] mean 0.353 p95 0.761 max 1.211 m, heading mean 2.58 max 11.31 deg[0m
[pure_pursuit-10] [0m[INFO] [1788880286.577223099] [pure_pursuit]: lap 205: 6.43 s[0m
[localization_error-8] [0m[INFO] [1788880288.662473468] [localization_error]: now[200] 0.340 m / 2.50 deg  |  session[n=26447] mean 0.353 p95 0.761 max 1.211 m, heading mean 2.58 max 11.31 deg[0m
[pure_pursuit-10] [0m[INFO] [1788880292.977807094] [pure_pursuit]: lap 206: 6.41 s[0m
[localization_error-8] [0m[INFO] [1788880293.662026396] [localization_error]: now[200] 0.341 m / 2.52 deg  |  session[n=26547] mean 0.353 p95 0.761 max 1.211 m, heading mean 2.58 max 11.31 deg[0m
[localization_error-8] [0m[INFO] [1788880298.661586900] [localization_error]: now[200] 0.350 m / 2.86 deg  |  session[n=26647] mean 0.353 p95 0.760 max 1.211 m, heading mean 2.58 max 11.31 deg[0m
[pure_pursuit-10] [0m[INFO] [1788880299.369744207] [pure_pursuit]: lap 207: 6.42 s[0m
[localization_error-8] [0m[INFO] [1788880303.661374905] [localization_error]: now[200] 0.370 m / 2.81 deg  |  session[n=26747] mean 0.353 p95 0.760 max 1.211 m, heading mean 2.58 max 11.31 deg[0m
[pure_pursuit-10] [0m[INFO] [1788880305.790450192] [pure_pursuit]: lap 208: 6.41 s[0m
[localization_error-8] [0m[INFO] [1788880308.661351420] [localization_error]: now[200] 0.354 m / 2.50 deg  |  session[n=26847] mean 0.353 p95 0.759 max 1.211 m, heading mean 2.58 max 11.31 deg[0m
[pure_pursuit-10] [0m[INFO] [1788880312.210717878] [pure_pursuit]: lap 209: 6.43 s[0m
[localization_error-8] [0m[INFO] [1788880313.661419193] [localization_error]: now[200] 0.351 m / 2.40 deg  |  session[n=26947] mean 0.353 p95 0.760 max 1.211 m, heading mean 2.58 max 11.31 deg[0m
[localization_error-8] [0m[INFO] [1788880318.661302858] [localization_error]: now[200] 0.332 m / 2.61 deg  |  session[n=27047] mean 0.353 p95 0.759 max 1.211 m, heading mean 2.58 max 11.31 deg[0m
[pure_pursuit-10] [0m[INFO] [1788880318.694846231] [pure_pursuit]: lap 210: 6.45 s[0m
[localization_error-8] [0m[INFO] [1788880323.661706071] [localization_error]: now[200] 0.345 m / 2.71 deg  |  session[n=27147] mean 0.353 p95 0.759 max 1.211 m, heading mean 2.58 max 11.31 deg[0m
[pure_pursuit-10] [0m[INFO] [1788880325.124982607] [pure_pursuit]: lap 211: 6.44 s[0m
[localization_error-8] [0m[INFO] [1788880328.661489750] [localization_error]: now[200] 0.359 m / 2.35 deg  |  session[n=27247] mean 0.353 p95 0.757 max 1.211 m, heading mean 2.58 max 11.31 deg[0m
[pure_pursuit-10] [0m[INFO] [1788880331.594647796] [pure_pursuit]: lap 212: 6.46 s[0m
[localization_error-8] [0m[INFO] [1788880333.661291495] [localization_error]: now[200] 0.336 m / 2.01 deg  |  session[n=27347] mean 0.353 p95 0.758 max 1.211 m, heading mean 2.58 max 11.31 deg[0m
[pure_pursuit-10] [0m[INFO] [1788880338.055906059] [pure_pursuit]: lap 213: 6.47 s[0m
[localization_error-8] [0m[INFO] [1788880338.661603534] [localization_error]: now[200] 0.364 m / 2.45 deg  |  session[n=27447] mean 0.353 p95 0.758 max 1.211 m, heading mean 2.58 max 11.31 deg[0m
[localization_error-8] [0m[INFO] [1788880343.661705870] [localization_error]: now[200] 0.348 m / 2.71 deg  |  session[n=27547] mean 0.353 p95 0.758 max 1.211 m, heading mean 2.58 max 11.31 deg[0m
[pure_pursuit-10] [0m[INFO] [1788880344.548537973] [pure_pursuit]: lap 214: 6.47 s[0m
[localization_error-8] [0m[INFO] [1788880348.661236837] [localization_error]: now[200] 0.349 m / 2.67 deg  |  session[n=27647] mean 0.353 p95 0.758 max 1.211 m, heading mean 2.58 max 11.31 deg[0m
[pure_pursuit-10] [0m[INFO] [1788880350.959310376] [pure_pursuit]: lap 215: 6.46 s[0m
[localization_error-8] [0m[INFO] [1788880353.661580394] [localization_error]: now[200] 0.345 m / 2.38 deg  |  session[n=27747] mean 0.353 p95 0.757 max 1.211 m, heading mean 2.58 max 11.31 deg[0m
[pure_pursuit-10] [0m[INFO] [1788880357.483447390] [pure_pursuit]: lap 216: 6.49 s[0m
[localization_error-8] [0m[INFO] [1788880358.662039078] [localization_error]: now[200] 0.366 m / 2.35 deg  |  session[n=27847] mean 0.353 p95 0.757 max 1.211 m, heading mean 2.58 max 11.31 deg[0m
[localization_error-8] [0m[INFO] [1788880363.662134058] [localization_error]: now[200] 0.344 m / 2.78 deg  |  session[n=27947] mean 0.353 p95 0.757 max 1.211 m, heading mean 2.58 max 11.31 deg[0m
[pure_pursuit-10] [0m[INFO] [1788880363.866777240] [pure_pursuit]: lap 217: 6.41 s[0m
[localization_error-8] [0m[INFO] [1788880368.661350096] [localization_error]: now[200] 0.343 m / 2.63 deg  |  session[n=28047] mean 0.353 p95 0.757 max 1.211 m, heading mean 2.58 max 11.31 deg[0m
[pure_pursuit-10] [0m[INFO] [1788880370.366198564] [pure_pursuit]: lap 218: 6.50 s[0m
[localization_error-8] [0m[INFO] [1788880373.662132944] [localization_error]: now[200] 0.350 m / 2.53 deg  |  session[n=28147] mean 0.353 p95 0.756 max 1.211 m, heading mean 2.58 max 11.31 deg[0m
[pure_pursuit-10] [0m[INFO] [1788880376.820223129] [pure_pursuit]: lap 219: 6.45 s[0m
[localization_error-8] [0m[INFO] [1788880378.661712888] [localization_error]: now[200] 0.343 m / 2.54 deg  |  session[n=28247] mean 0.353 p95 0.757 max 1.211 m, heading mean 2.58 max 11.31 deg[0m
[pure_pursuit-10] [0m[INFO] [1788880383.240837373] [pure_pursuit]: lap 220: 6.42 s[0m
[localization_error-8] [0m[INFO] [1788880383.661782151] [localization_error]: now[200] 0.345 m / 2.49 deg  |  session[n=28347] mean 0.353 p95 0.757 max 1.211 m, heading mean 2.58 max 11.31 deg[0m
[localization_error-8] [0m[INFO] [1788880388.661248704] [localization_error]: now[200] 0.338 m / 2.55 deg  |  session[n=28447] mean 0.353 p95 0.757 max 1.211 m, heading mean 2.58 max 11.31 deg[0m
[pure_pursuit-10] [0m[INFO] [1788880389.758304226] [pure_pursuit]: lap 221: 6.48 s[0m
[localization_error-8] [0m[INFO] [1788880393.661447179] [localization_error]: now[200] 0.350 m / 2.55 deg  |  session[n=28547] mean 0.353 p95 0.756 max 1.211 m, heading mean 2.58 max 11.31 deg[0m
[pure_pursuit-10] [0m[INFO] [1788880396.170686259] [pure_pursuit]: lap 222: 6.42 s[0m
[localization_error-8] [0m[INFO] [1788880398.662350171] [localization_error]: now[200] 0.319 m / 2.35 deg  |  session[n=28647] mean 0.353 p95 0.755 max 1.211 m, heading mean 2.57 max 11.31 deg[0m
[pure_pursuit-10] [0m[INFO] [1788880402.523330625] [pure_pursuit]: lap 223: 6.38 s[0m
[localization_error-8] [0m[INFO] [1788880403.661192176] [localization_error]: now[200] 0.357 m / 2.61 deg  |  session[n=28747] mean 0.353 p95 0.756 max 1.211 m, heading mean 2.58 max 11.31 deg[0m
[localization_error-8] [0m[INFO] [1788880408.661862372] [localization_error]: now[200] 0.349 m / 2.80 deg  |  session[n=28847] mean 0.353 p95 0.755 max 1.211 m, heading mean 2.58 max 11.31 deg[0m
[pure_pursuit-10] [0m[INFO] [1788880409.054342644] [pure_pursuit]: lap 224: 6.50 s[0m
[localization_error-8] [0m[INFO] [1788880413.661290688] [localization_error]: now[200] 0.345 m / 2.55 deg  |  session[n=28947] mean 0.353 p95 0.756 max 1.211 m, heading mean 2.58 max 11.31 deg[0m
[pure_pursuit-10] [0m[INFO] [1788880415.523657176] [pure_pursuit]: lap 225: 6.46 s[0m
[localization_error-8] [0m[INFO] [1788880418.662270554] [localization_error]: now[200] 0.346 m / 2.46 deg  |  session[n=29047] mean 0.353 p95 0.755 max 1.211 m, heading mean 2.58 max 11.31 deg[0m
[pure_pursuit-10] [0m[INFO] [1788880421.992510192] [pure_pursuit]: lap 226: 6.49 s[0m
[localization_error-8] [0m[INFO] [1788880423.662242182] [localization_error]: now[200] 0.350 m / 2.33 deg  |  session[n=29147] mean 0.353 p95 0.755 max 1.211 m, heading mean 2.57 max 11.31 deg[0m
[pure_pursuit-10] [0m[INFO] [1788880428.461880143] [pure_pursuit]: lap 227: 6.45 s[0m
[localization_error-8] [0m[INFO] [1788880428.661426650] [localization_error]: now[200] 0.345 m / 2.58 deg  |  session[n=29247] mean 0.353 p95 0.754 max 1.211 m, heading mean 2.58 max 11.31 deg[0m
[localization_error-8] [0m[INFO] [1788880433.661394539] [localization_error]: now[200] 0.342 m / 2.84 deg  |  session[n=29347] mean 0.353 p95 0.754 max 1.211 m, heading mean 2.58 max 11.31 deg[0m
[pure_pursuit-10] [0m[INFO] [1788880434.909787741] [pure_pursuit]: lap 228: 6.45 s[0m
[localization_error-8] [0m[INFO] [1788880438.661270386] [localization_error]: now[200] 0.371 m / 2.69 deg  |  session[n=29447] mean 0.353 p95 0.753 max 1.211 m, heading mean 2.58 max 11.31 deg[0m
[pure_pursuit-10] [0m[INFO] [1788880441.309510960] [pure_pursuit]: lap 229: 6.44 s[0m
[localization_error-8] [0m[INFO] [1788880443.661375063] [localization_error]: now[200] 0.349 m / 2.46 deg  |  session[n=29547] mean 0.353 p95 0.753 max 1.211 m, heading mean 2.58 max 11.31 deg[0m
[pure_pursuit-10] [0m[INFO] [1788880447.771698880] [pure_pursuit]: lap 230: 6.42 s[0m
[localization_error-8] [0m[INFO] [1788880448.662164547] [localization_error]: now[200] 0.360 m / 2.56 deg  |  session[n=29647] mean 0.353 p95 0.754 max 1.211 m, heading mean 2.58 max 11.31 deg[0m
[localization_error-8] [0m[INFO] [1788880453.661639356] [localization_error]: now[200] 0.345 m / 2.86 deg  |  session[n=29747] mean 0.353 p95 0.752 max 1.211 m, heading mean 2.58 max 11.31 deg[0m
[pure_pursuit-10] [0m[INFO] [1788880454.263181793] [pure_pursuit]: lap 231: 6.48 s[0m
[localization_error-8] [0m[INFO] [1788880458.661250163] [localization_error]: now[200] 0.351 m / 2.85 deg  |  session[n=29847] mean 0.353 p95 0.753 max 1.211 m, heading mean 2.58 max 11.31 deg[0m
[pure_pursuit-10] [0m[INFO] [1788880460.751066512] [pure_pursuit]: lap 232: 6.49 s[0m
[localization_error-8] [0m[INFO] [1788880463.661640023] [localization_error]: now[200] 0.357 m / 2.61 deg  |  session[n=29947] mean 0.353 p95 0.752 max 1.211 m, heading mean 2.58 max 11.31 deg[0m
[pure_pursuit-10] [0m[INFO] [1788880467.150708961] [pure_pursuit]: lap 233: 6.45 s[0m
[localization_error-8] [0m[INFO] [1788880468.661225261] [localization_error]: now[200] 0.367 m / 2.39 deg  |  session[n=30047] mean 0.353 p95 0.753 max 1.211 m, heading mean 2.58 max 11.31 deg[0m
[pure_pursuit-10] [0m[INFO] [1788880473.646563727] [pure_pursuit]: lap 234: 6.49 s[0m
[localization_error-8] [0m[INFO] [1788880473.661246457] [localization_error]: now[200] 0.342 m / 2.63 deg  |  session[n=30147] mean 0.353 p95 0.751 max 1.211 m, heading mean 2.58 max 11.31 deg[0m
[localization_error-8] [0m[INFO] [1788880478.662121779] [localization_error]: now[200] 0.342 m / 2.87 deg  |  session[n=30247] mean 0.353 p95 0.751 max 1.211 m, heading mean 2.58 max 11.31 deg[0m
[pure_pursuit-10] [0m[INFO] [1788880480.161003722] [pure_pursuit]: lap 235: 6.50 s[0m
[localization_error-8] [0m[INFO] [1788880483.661217450] [localization_error]: now[200] 0.369 m / 2.43 deg  |  session[n=30347] mean 0.353 p95 0.752 max 1.211 m, heading mean 2.58 max 11.31 deg[0m
[pure_pursuit-10] [0m[INFO] [1788880486.579564033] [pure_pursuit]: lap 236: 6.43 s[0m
[localization_error-8] [0m[INFO] [1788880488.661378626] [localization_error]: now[200] 0.346 m / 2.15 deg  |  session[n=30447] mean 0.353 p95 0.752 max 1.211 m, heading mean 2.58 max 11.31 deg[0m
[pure_pursuit-10] [0m[INFO] [1788880493.019908587] [pure_pursuit]: lap 237: 6.41 s[0m
[localization_error-8] [0m[INFO] [1788880493.661761154] [localization_error]: now[200] 0.350 m / 2.39 deg  |  session[n=30547] mean 0.353 p95 0.753 max 1.211 m, heading mean 2.58 max 11.31 deg[0m
[localization_error-8] [0m[INFO] [1788880498.661304943] [localization_error]: now[200] 0.350 m / 2.49 deg  |  session[n=30647] mean 0.353 p95 0.753 max 1.211 m, heading mean 2.58 max 11.31 deg[0m
[pure_pursuit-10] [0m[INFO] [1788880499.489918891] [pure_pursuit]: lap 238: 6.48 s[0m
[localization_error-8] [0m[INFO] [1788880503.661298471] [localization_error]: now[200] 0.372 m / 2.55 deg  |  session[n=30747] mean 0.353 p95 0.753 max 1.211 m, heading mean 2.58 max 11.31 deg[0m
[pure_pursuit-10] [0m[INFO] [1788880505.970883094] [pure_pursuit]: lap 239: 6.50 s[0m
[localization_error-8] [0m[INFO] [1788880508.661224045] [localization_error]: now[200] 0.355 m / 2.55 deg  |  session[n=30847] mean 0.353 p95 0.752 max 1.211 m, heading mean 2.58 max 11.31 deg[0m
[pure_pursuit-10] [0m[INFO] [1788880512.447265510] [pure_pursuit]: lap 240: 6.46 s[0m
[localization_error-8] [0m[INFO] [1788880513.661209699] [localization_error]: now[200] 0.384 m / 2.79 deg  |  session[n=30947] mean 0.353 p95 0.752 max 1.211 m, heading mean 2.58 max 11.31 deg[0m
[localization_error-8] [0m[INFO] [1788880518.661567853] [localization_error]: now[200] 0.358 m / 3.14 deg  |  session[n=31047] mean 0.353 p95 0.751 max 1.211 m, heading mean 2.58 max 11.31 deg[0m
[pure_pursuit-10] [0m[INFO] [1788880518.882960825] [pure_pursuit]: lap 241: 6.45 s[0m
[localization_error-8] [0m[INFO] [1788880523.662202511] [localization_error]: now[200] 0.333 m / 2.85 deg  |  session[n=31147] mean 0.353 p95 0.751 max 1.211 m, heading mean 2.58 max 11.31 deg[0m
[pure_pursuit-10] [0m[INFO] [1788880525.301078540] [pure_pursuit]: lap 242: 6.40 s[0m
[localization_error-8] [0m[INFO] [1788880528.661237771] [localization_error]: now[200] 0.359 m / 2.55 deg  |  session[n=31247] mean 0.353 p95 0.751 max 1.211 m, heading mean 2.58 max 11.31 deg[0m
[pure_pursuit-10] [0m[INFO] [1788880531.771449464] [pure_pursuit]: lap 243: 6.48 s[0m
[localization_error-8] [0m[INFO] [1788880533.661490560] [localization_error]: now[200] 0.342 m / 2.43 deg  |  session[n=31347] mean 0.353 p95 0.751 max 1.211 m, heading mean 2.58 max 11.31 deg[0m
[pure_pursuit-10] [0m[INFO] [1788880538.204801226] [pure_pursuit]: lap 244: 6.41 s[0m
[localization_error-8] [0m[INFO] [1788880538.661646053] [localization_error]: now[200] 0.356 m / 2.64 deg  |  session[n=31447] mean 0.353 p95 0.751 max 1.211 m, heading mean 2.58 max 11.31 deg[0m
[localization_error-8] [0m[INFO] [1788880543.661614145] [localization_error]: now[200] 0.360 m / 2.99 deg  |  session[n=31547] mean 0.353 p95 0.751 max 1.211 m, heading mean 2.58 max 11.31 deg[0m
[pure_pursuit-10] [0m[INFO] [1788880544.577563369] [pure_pursuit]: lap 245: 6.42 s[0m
[localization_error-8] [0m[INFO] [1788880548.662173872] [localization_error]: now[200] 0.373 m / 2.85 deg  |  session[n=31647] mean 0.353 p95 0.751 max 1.211 m, heading mean 2.58 max 11.31 deg[0m
[pure_pursuit-10] [0m[INFO] [1788880551.039699203] [pure_pursuit]: lap 246: 6.43 s[0m
[localization_error-8] [0m[INFO] [1788880553.661271184] [localization_error]: now[200] 0.364 m / 2.45 deg  |  session[n=31747] mean 0.353 p95 0.751 max 1.211 m, heading mean 2.58 max 11.31 deg[0m
[pure_pursuit-10] [0m[INFO] [1788880557.468773076] [pure_pursuit]: lap 247: 6.42 s[0m
[localization_error-8] [0m[INFO] [1788880558.661353617] [localization_error]: now[200] 0.384 m / 2.52 deg  |  session[n=31847] mean 0.353 p95 0.751 max 1.211 m, heading mean 2.58 max 11.31 deg[0m
[localization_error-8] [0m[INFO] [1788880563.661948074] [localization_error]: now[200] 0.336 m / 2.69 deg  |  session[n=31947] mean 0.353 p95 0.751 max 1.211 m, heading mean 2.58 max 11.31 deg[0m
[pure_pursuit-10] [0m[INFO] [1788880563.928388925] [pure_pursuit]: lap 248: 6.46 s[0m
[localization_error-8] [0m[INFO] [1788880568.661289764] [localization_error]: now[200] 0.326 m / 2.46 deg  |  session[n=32047] mean 0.353 p95 0.750 max 1.211 m, heading mean 2.58 max 11.31 deg[0m
[pure_pursuit-10] [0m[INFO] [1788880570.364754659] [pure_pursuit]: lap 249: 6.46 s[0m
[localization_error-8] [0m[INFO] [1788880573.661501621] [localization_error]: now[200] 0.335 m / 2.31 deg  |  session[n=32147] mean 0.353 p95 0.750 max 1.211 m, heading mean 2.58 max 11.31 deg[0m
[pure_pursuit-10] [0m[INFO] [1788880576.845829626] [pure_pursuit]: lap 250: 6.47 s[0m
[localization_error-8] [0m[INFO] [1788880578.662335265] [localization_error]: now[200] 0.307 m / 2.28 deg  |  session[n=32247] mean 0.353 p95 0.750 max 1.211 m, heading mean 2.58 max 11.31 deg[0m
[pure_pursuit-10] [0m[INFO] [1788880583.280127886] [pure_pursuit]: lap 251: 6.46 s[0m
[localization_error-8] [0m[INFO] [1788880583.661286632] [localization_error]: now[200] 0.338 m / 2.54 deg  |  session[n=32347] mean 0.353 p95 0.750 max 1.211 m, heading mean 2.58 max 11.31 deg[0m
[localization_error-8] [0m[INFO] [1788880588.662134836] [localization_error]: now[200] 0.351 m / 2.68 deg  |  session[n=32447] mean 0.353 p95 0.749 max 1.211 m, heading mean 2.58 max 11.31 deg[0m
[pure_pursuit-10] [0m[INFO] [1788880589.744041818] [pure_pursuit]: lap 252: 6.46 s[0m
[localization_error-8] [0m[INFO] [1788880593.661849838] [localization_error]: now[200] 0.362 m / 2.34 deg  |  session[n=32547] mean 0.353 p95 0.750 max 1.211 m, heading mean 2.58 max 11.31 deg[0m
[pure_pursuit-10] [0m[INFO] [1788880596.206368196] [pure_pursuit]: lap 253: 6.46 s[0m
[localization_error-8] [0m[INFO] [1788880598.661284242] [localization_error]: now[200] 0.358 m / 2.39 deg  |  session[n=32647] mean 0.353 p95 0.750 max 1.211 m, heading mean 2.58 max 11.31 deg[0m
[pure_pursuit-10] [0m[INFO] [1788880602.679696434] [pure_pursuit]: lap 254: 6.46 s[0m
[localization_error-8] [0m[INFO] [1788880603.662378512] [localization_error]: now[200] 0.373 m / 2.66 deg  |  session[n=32747] mean 0.353 p95 0.750 max 1.211 m, heading mean 2.58 max 11.31 deg[0m
[localization_error-8] [0m[INFO] [1788880608.661613387] [localization_error]: now[200] 0.366 m / 2.91 deg  |  session[n=32847] mean 0.353 p95 0.750 max 1.211 m, heading mean 2.58 max 11.31 deg[0m
[pure_pursuit-10] [0m[INFO] [1788880609.101868042] [pure_pursuit]: lap 255: 6.43 s[0m
[localization_error-8] [0m[INFO] [1788880613.661260081] [localization_error]: now[200] 0.371 m / 2.80 deg  |  session[n=32947] mean 0.353 p95 0.750 max 1.211 m, heading mean 2.58 max 11.31 deg[0m
[pure_pursuit-10] [0m[INFO] [1788880615.556828311] [pure_pursuit]: lap 256: 6.46 s[0m
[localization_error-8] [0m[INFO] [1788880618.663014982] [localization_error]: now[200] 0.351 m / 2.51 deg  |  session[n=33047] mean 0.353 p95 0.750 max 1.211 m, heading mean 2.58 max 11.31 deg[0m
[pure_pursuit-10] [0m[INFO] [1788880621.997450909] [pure_pursuit]: lap 257: 6.42 s[0m
[localization_error-8] [0m[INFO] [1788880623.661322715] [localization_error]: now[200] 0.342 m / 2.58 deg  |  session[n=33147] mean 0.353 p95 0.750 max 1.211 m, heading mean 2.58 max 11.31 deg[0m
[pure_pursuit-10] [0m[INFO] [1788880628.459888088] [pure_pursuit]: lap 258: 6.46 s[0m
[localization_error-8] [0m[INFO] [1788880628.661420724] [localization_error]: now[200] 0.341 m / 2.58 deg  |  session[n=33247] mean 0.353 p95 0.750 max 1.211 m, heading mean 2.58 max 11.31 deg[0m
[localization_error-8] [0m[INFO] [1788880633.661788837] [localization_error]: now[200] 0.344 m / 2.43 deg  |  session[n=33347] mean 0.353 p95 0.750 max 1.211 m, heading mean 2.58 max 11.31 deg[0m
[pure_pursuit-10] [0m[INFO] [1788880634.936949194] [pure_pursuit]: lap 259: 6.47 s[0m
[localization_error-8] [0m[INFO] [1788880638.661217466] [localization_error]: now[200] 0.352 m / 2.34 deg  |  session[n=33447] mean 0.353 p95 0.750 max 1.211 m, heading mean 2.58 max 11.31 deg[0m
[pure_pursuit-10] [0m[INFO] [1788880641.356164539] [pure_pursuit]: lap 260: 6.45 s[0m
[localization_error-8] [0m[INFO] [1788880643.661265075] [localization_error]: now[200] 0.343 m / 2.41 deg  |  session[n=33547] mean 0.353 p95 0.749 max 1.211 m, heading mean 2.58 max 11.31 deg[0m
[pure_pursuit-10] [0m[INFO] [1788880647.786070390] [pure_pursuit]: lap 261: 6.43 s[0m
[localization_error-8] [0m[INFO] [1788880648.662241909] [localization_error]: now[200] 0.361 m / 2.58 deg  |  session[n=33647] mean 0.353 p95 0.750 max 1.211 m, heading mean 2.58 max 11.31 deg[0m
[localization_error-8] [0m[INFO] [1788880653.662276944] [localization_error]: now[200] 0.332 m / 2.69 deg  |  session[n=33747] mean 0.353 p95 0.750 max 1.211 m, heading mean 2.58 max 11.31 deg[0m
[pure_pursuit-10] [0m[INFO] [1788880654.268341633] [pure_pursuit]: lap 262: 6.48 s[0m
[localization_error-8] [0m[INFO] [1788880658.661769393] [localization_error]: now[200] 0.353 m / 2.69 deg  |  session[n=33847] mean 0.353 p95 0.750 max 1.211 m, heading mean 2.58 max 11.31 deg[0m
[pure_pursuit-10] [0m[INFO] [1788880660.675482671] [pure_pursuit]: lap 263: 6.41 s[0m
[localization_error-8] [0m[INFO] [1788880663.662281309] [localization_error]: now[200] 0.358 m / 2.48 deg  |  session[n=33947] mean 0.353 p95 0.750 max 1.211 m, heading mean 2.58 max 11.31 deg[0m
[pure_pursuit-10] [0m[INFO] [1788880667.215554679] [pure_pursuit]: lap 264: 6.50 s[0m
[localization_error-8] [0m[INFO] [1788880668.662424401] [localization_error]: now[200] 0.349 m / 2.41 deg  |  session[n=34047] mean 0.353 p95 0.750 max 1.211 m, heading mean 2.58 max 11.31 deg[0m
[pure_pursuit-10] [0m[INFO] [1788880673.634681084] [pure_pursuit]: lap 265: 6.46 s[0m
[localization_error-8] [0m[INFO] [1788880673.661284217] [localization_error]: now[200] 0.331 m / 2.67 deg  |  session[n=34147] mean 0.353 p95 0.750 max 1.211 m, heading mean 2.58 max 11.31 deg[0m
[localization_error-8] [0m[INFO] [1788880678.661460124] [localization_error]: now[200] 0.362 m / 2.74 deg  |  session[n=34247] mean 0.353 p95 0.749 max 1.211 m, heading mean 2.58 max 11.90 deg[0m
[pure_pursuit-10] [0m[INFO] [1788880680.083886519] [pure_pursuit]: lap 266: 6.45 s[0m
[localization_error-8] [0m[INFO] [1788880683.661960775] [localization_error]: now[200] 0.384 m / 2.69 deg  |  session[n=34347] mean 0.353 p95 0.748 max 1.211 m, heading mean 2.58 max 11.90 deg[0m
[pure_pursuit-10] [0m[INFO] [1788880686.574169260] [pure_pursuit]: lap 267: 6.45 s[0m
[localization_error-8] [0m[INFO] [1788880688.661368378] [localization_error]: now[200] 0.340 m / 2.48 deg  |  session[n=34447] mean 0.353 p95 0.747 max 1.211 m, heading mean 2.58 max 11.90 deg[0m
[pure_pursuit-10] [0m[INFO] [1788880693.010137654] [pure_pursuit]: lap 268: 6.44 s[0m
[localization_error-8] [0m[INFO] [1788880693.661376763] [localization_error]: now[200] 0.346 m / 2.63 deg  |  session[n=34547] mean 0.353 p95 0.748 max 1.211 m, heading mean 2.58 max 11.90 deg[0m
[localization_error-8] [0m[INFO] [1788880698.661392288] [localization_error]: now[200] 0.333 m / 2.90 deg  |  session[n=34647] mean 0.353 p95 0.747 max 1.211 m, heading mean 2.58 max 11.90 deg[0m
[pure_pursuit-10] [0m[INFO] [1788880699.472071078] [pure_pursuit]: lap 269: 6.47 s[0m
[localization_error-8] [0m[INFO] [1788880703.662252556] [localization_error]: now[200] 0.353 m / 2.68 deg  |  session[n=34747] mean 0.353 p95 0.749 max 1.211 m, heading mean 2.58 max 11.90 deg[0m
[pure_pursuit-10] [0m[INFO] [1788880705.880931558] [pure_pursuit]: lap 270: 6.39 s[0m
[localization_error-8] [0m[INFO] [1788880708.661285533] [localization_error]: now[200] 0.355 m / 2.40 deg  |  session[n=34847] mean 0.353 p95 0.747 max 1.211 m, heading mean 2.58 max 11.90 deg[0m
[pure_pursuit-10] [0m[INFO] [1788880712.342771137] [pure_pursuit]: lap 271: 6.48 s[0m
[localization_error-8] [0m[INFO] [1788880713.661331271] [localization_error]: now[200] 0.345 m / 2.33 deg  |  session[n=34947] mean 0.353 p95 0.747 max 1.211 m, heading mean 2.58 max 11.90 deg[0m
[localization_error-8] [0m[INFO] [1788880718.662387045] [localization_error]: now[200] 0.327 m / 2.62 deg  |  session[n=35047] mean 0.353 p95 0.747 max 1.211 m, heading mean 2.58 max 11.90 deg[0m
[pure_pursuit-10] [0m[INFO] [1788880718.826357039] [pure_pursuit]: lap 272: 6.48 s[0m
[localization_error-8] [0m[INFO] [1788880723.661527213] [localization_error]: now[200] 0.334 m / 2.56 deg  |  session[n=35147] mean 0.353 p95 0.749 max 1.211 m, heading mean 2.58 max 11.90 deg[0m
[pure_pursuit-10] [0m[INFO] [1788880725.274015635] [pure_pursuit]: lap 273: 6.45 s[0m
[localization_error-8] [0m[INFO] [1788880728.661367558] [localization_error]: now[200] 0.344 m / 2.34 deg  |  session[n=35247] mean 0.353 p95 0.749 max 1.211 m, heading mean 2.58 max 11.90 deg[0m
[pure_pursuit-10] [0m[INFO] [1788880731.709013837] [pure_pursuit]: lap 274: 6.43 s[0m
[localization_error-8] [0m[INFO] [1788880733.661478959] [localization_error]: now[200] 0.344 m / 2.26 deg  |  session[n=35347] mean 0.353 p95 0.749 max 1.211 m, heading mean 2.58 max 11.90 deg[0m
[pure_pursuit-10] [0m[INFO] [1788880738.219719747] [pure_pursuit]: lap 275: 6.49 s[0m
[localization_error-8] [0m[INFO] [1788880738.661423841] [localization_error]: now[200] 0.349 m / 2.40 deg  |  session[n=35447] mean 0.353 p95 0.749 max 1.211 m, heading mean 2.58 max 11.90 deg[0m
[localization_error-8] [0m[INFO] [1788880743.662276641] [localization_error]: now[200] 0.339 m / 2.64 deg  |  session[n=35547] mean 0.353 p95 0.749 max 1.211 m, heading mean 2.58 max 11.90 deg[0m
[pure_pursuit-10] [0m[INFO] [1788880744.649270778] [pure_pursuit]: lap 276: 6.47 s[0m
[localization_error-8] [0m[INFO] [1788880748.661298600] [localization_error]: now[200] 0.356 m / 2.51 deg  |  session[n=35647] mean 0.353 p95 0.748 max 1.211 m, heading mean 2.58 max 11.90 deg[0m
[pure_pursuit-10] [0m[INFO] [1788880751.107084203] [pure_pursuit]: lap 277: 6.46 s[0m
[localization_error-8] [0m[INFO] [1788880753.661480835] [localization_error]: now[200] 0.355 m / 2.45 deg  |  session[n=35747] mean 0.353 p95 0.748 max 1.211 m, heading mean 2.58 max 11.90 deg[0m
[pure_pursuit-10] [0m[INFO] [1788880757.582757937] [pure_pursuit]: lap 278: 6.45 s[0m
[localization_error-8] [0m[INFO] [1788880758.661723646] [localization_error]: now[200] 0.363 m / 2.55 deg  |  session[n=35847] mean 0.353 p95 0.748 max 1.211 m, heading mean 2.58 max 11.90 deg[0m
[localization_error-8] [0m[INFO] [1788880763.662040435] [localization_error]: now[200] 0.327 m / 2.63 deg  |  session[n=35947] mean 0.352 p95 0.747 max 1.211 m, heading mean 2.58 max 11.90 deg[0m
[pure_pursuit-10] [0m[INFO] [1788880764.113955741] [pure_pursuit]: lap 279: 6.51 s[0m
[localization_error-8] [0m[INFO] [1788880768.661542331] [localization_error]: now[200] 0.320 m / 2.65 deg  |  session[n=36047] mean 0.352 p95 0.747 max 1.211 m, heading mean 2.58 max 11.90 deg[0m
[pure_pursuit-10] [0m[INFO] [1788880770.555555582] [pure_pursuit]: lap 280: 6.45 s[0m
[localization_error-8] [0m[INFO] [1788880773.661398689] [localization_error]: now[200] 0.344 m / 2.57 deg  |  session[n=36147] mean 0.352 p95 0.747 max 1.211 m, heading mean 2.58 max 11.90 deg[0m
[pure_pursuit-10] [0m[INFO] [1788880776.961825773] [pure_pursuit]: lap 281: 6.44 s[0m
[localization_error-8] [0m[INFO] [1788880778.661575496] [localization_error]: now[200] 0.368 m / 2.47 deg  |  session[n=36247] mean 0.353 p95 0.747 max 1.211 m, heading mean 2.58 max 11.90 deg[0m
[pure_pursuit-10] [0m[INFO] [1788880783.430271433] [pure_pursuit]: lap 282: 6.44 s[0m
[localization_error-8] [0m[INFO] [1788880783.661696777] [localization_error]: now[200] 0.351 m / 2.57 deg  |  session[n=36347] mean 0.352 p95 0.747 max 1.211 m, heading mean 2.58 max 11.90 deg[0m
[localization_error-8] [0m[INFO] [1788880788.661577333] [localization_error]: now[200] 0.345 m / 2.73 deg  |  session[n=36447] mean 0.352 p95 0.748 max 1.211 m, heading mean 2.58 max 11.90 deg[0m
[pure_pursuit-10] [0m[INFO] [1788880789.817978388] [pure_pursuit]: lap 283: 6.42 s[0m
[localization_error-8] [0m[INFO] [1788880793.662059874] [localization_error]: now[200] 0.368 m / 2.68 deg  |  session[n=36547] mean 0.352 p95 0.749 max 1.211 m, heading mean 2.58 max 11.90 deg[0m
[pure_pursuit-10] [0m[INFO] [1788880796.289179806] [pure_pursuit]: lap 284: 6.44 s[0m
[localization_error-8] [0m[INFO] [1788880798.661591330] [localization_error]: now[200] 0.346 m / 2.49 deg  |  session[n=36647] mean 0.352 p95 0.749 max 1.211 m, heading mean 2.58 max 11.90 deg[0m
[pure_pursuit-10] [0m[INFO] [1788880802.771199246] [pure_pursuit]: lap 285: 6.48 s[0m
[localization_error-8] [0m[INFO] [1788880803.662362020] [localization_error]: now[200] 0.349 m / 2.45 deg  |  session[n=36747] mean 0.352 p95 0.748 max 1.211 m, heading mean 2.58 max 11.90 deg[0m
[localization_error-8] [0m[INFO] [1788880808.661396141] [localization_error]: now[200] 0.326 m / 2.80 deg  |  session[n=36847] mean 0.352 p95 0.748 max 1.211 m, heading mean 2.58 max 11.90 deg[0m
[pure_pursuit-10] [0m[INFO] [1788880809.197452632] [pure_pursuit]: lap 286: 6.43 s[0m
[localization_error-8] [0m[INFO] [1788880813.661769519] [localization_error]: now[200] 0.353 m / 2.70 deg  |  session[n=36947] mean 0.352 p95 0.748 max 1.211 m, heading mean 2.58 max 11.90 deg[0m
[pure_pursuit-10] [0m[INFO] [1788880815.689594123] [pure_pursuit]: lap 287: 6.50 s[0m
[localization_error-8] [0m[INFO] [1788880818.661618924] [localization_error]: now[200] 0.355 m / 2.25 deg  |  session[n=37047] mean 0.352 p95 0.748 max 1.211 m, heading mean 2.58 max 11.90 deg[0m
[pure_pursuit-10] [0m[INFO] [1788880822.165365447] [pure_pursuit]: lap 288: 6.44 s[0m
[localization_error-8] [0m[INFO] [1788880823.661405439] [localization_error]: now[200] 0.357 m / 2.31 deg  |  session[n=37147] mean 0.352 p95 0.748 max 1.211 m, heading mean 2.57 max 11.90 deg[0m
[pure_pursuit-10] [0m[INFO] [1788880828.588911143] [pure_pursuit]: lap 289: 6.44 s[0m
[localization_error-8] [0m[INFO] [1788880828.661232559] [localization_error]: now[200] 0.351 m / 2.71 deg  |  session[n=37247] mean 0.352 p95 0.748 max 1.211 m, heading mean 2.58 max 11.90 deg[0m
[localization_error-8] [0m[INFO] [1788880833.661845540] [localization_error]: now[200] 0.348 m / 2.90 deg  |  session[n=37347] mean 0.352 p95 0.748 max 1.211 m, heading mean 2.58 max 11.90 deg[0m
[pure_pursuit-10] [0m[INFO] [1788880835.044512042] [pure_pursuit]: lap 290: 6.45 s[0m
[localization_error-8] [0m[INFO] [1788880838.661283567] [localization_error]: now[200] 0.372 m / 2.60 deg  |  session[n=37447] mean 0.352 p95 0.748 max 1.211 m, heading mean 2.58 max 11.90 deg[0m
[pure_pursuit-10] [0m[INFO] [1788880841.538866257] [pure_pursuit]: lap 291: 6.47 s[0m
[localization_error-8] [0m[INFO] [1788880843.661956130] [localization_error]: now[200] 0.343 m / 2.21 deg  |  session[n=37547] mean 0.352 p95 0.747 max 1.211 m, heading mean 2.57 max 11.90 deg[0m
[pure_pursuit-10] [0m[INFO] [1788880847.931277092] [pure_pursuit]: lap 292: 6.43 s[0m
[localization_error-8] [0m[INFO] [1788880848.662215417] [localization_error]: now[200] 0.360 m / 2.36 deg  |  session[n=37647] mean 0.352 p95 0.747 max 1.211 m, heading mean 2.57 max 11.90 deg[0m
[localization_error-8] [0m[INFO] [1788880853.662022916] [localization_error]: now[200] 0.374 m / 2.86 deg  |  session[n=37747] mean 0.353 p95 0.747 max 1.211 m, heading mean 2.58 max 11.90 deg[0m
[pure_pursuit-10] [0m[INFO] [1788880854.386897852] [pure_pursuit]: lap 293: 6.45 s[0m
[localization_error-8] [0m[INFO] [1788880858.662151140] [localization_error]: now[200] 0.359 m / 2.84 deg  |  session[n=37847] mean 0.353 p95 0.746 max 1.211 m, heading mean 2.58 max 11.90 deg[0m
[pure_pursuit-10] [0m[INFO] [1788880860.821189782] [pure_pursuit]: lap 294: 6.44 s[0m
[localization_error-8] [0m[INFO] [1788880863.661804518] [localization_error]: now[200] 0.356 m / 2.60 deg  |  session[n=37947] mean 0.353 p95 0.747 max 1.211 m, heading mean 2.58 max 11.90 deg[0m
[pure_pursuit-10] [0m[INFO] [1788880867.234640070] [pure_pursuit]: lap 295: 6.43 s[0m
[localization_error-8] [0m[INFO] [1788880868.661630364] [localization_error]: now[200] 0.394 m / 2.48 deg  |  session[n=38047] mean 0.353 p95 0.747 max 1.211 m, heading mean 2.58 max 11.90 deg[0m
[localization_error-8] [0m[INFO] [1788880873.662106892] [localization_error]: now[200] 0.347 m / 2.71 deg  |  session[n=38147] mean 0.352 p95 0.747 max 1.211 m, heading mean 2.58 max 11.90 deg[0m
[pure_pursuit-10] [0m[INFO] [1788880873.725363179] [pure_pursuit]: lap 296: 6.48 s[0m
[localization_error-8] [0m[INFO] [1788880878.661406172] [localization_error]: now[200] 0.329 m / 2.76 deg  |  session[n=38247] mean 0.353 p95 0.746 max 1.211 m, heading mean 2.58 max 11.90 deg[0m
[pure_pursuit-10] [0m[INFO] [1788880880.279248613] [pure_pursuit]: lap 297: 6.51 s[0m
[localization_error-8] [0m[INFO] [1788880883.661665581] [localization_error]: now[200] 0.361 m / 2.62 deg  |  session[n=38347] mean 0.353 p95 0.746 max 1.211 m, heading mean 2.58 max 11.90 deg[0m
[pure_pursuit-10] [0m[INFO] [1788880886.684681477] [pure_pursuit]: lap 298: 6.43 s[0m
[localization_error-8] [0m[INFO] [1788880888.661402009] [localization_error]: now[200] 0.363 m / 2.62 deg  |  session[n=38447] mean 0.353 p95 0.746 max 1.211 m, heading mean 2.58 max 11.90 deg[0m
[pure_pursuit-10] [0m[INFO] [1788880893.161834021] [pure_pursuit]: lap 299: 6.49 s[0m
[localization_error-8] [0m[INFO] [1788880893.661884447] [localization_error]: now[200] 0.344 m / 2.63 deg  |  session[n=38547] mean 0.352 p95 0.746 max 1.211 m, heading mean 2.58 max 11.90 deg[0m
[localization_error-8] [0m[INFO] [1788880898.661555089] [localization_error]: now[200] 0.339 m / 2.65 deg  |  session[n=38647] mean 0.353 p95 0.746 max 1.211 m, heading mean 2.58 max 11.90 deg[0m
[pure_pursuit-10] [0m[INFO] [1788880899.659458785] [pure_pursuit]: lap 300: 6.47 s[0m
[localization_error-8] [0m[INFO] [1788880903.661303507] [localization_error]: now[200] 0.368 m / 2.34 deg  |  session[n=38747] mean 0.353 p95 0.746 max 1.211 m, heading mean 2.58 max 11.90 deg[0m
[pure_pursuit-10] [0m[INFO] [1788880906.163867346] [pure_pursuit]: lap 301: 6.49 s[0m
[localization_error-8] [0m[INFO] [1788880908.662113270] [localization_error]: now[200] 0.328 m / 2.14 deg  |  session[n=38847] mean 0.352 p95 0.745 max 1.211 m, heading mean 2.58 max 11.90 deg[0m
[pure_pursuit-10] [0m[INFO] [1788880912.716030384] [pure_pursuit]: lap 302: 6.55 s[0m
[localization_error-8] [0m[INFO] [1788880913.662814119] [localization_error]: now[200] 0.322 m / 2.27 deg  |  session[n=38947] mean 0.352 p95 0.745 max 1.211 m, heading mean 2.57 max 11.90 deg[0m
[localization_error-8] [0m[INFO] [1788880918.661428344] [localization_error]: now[200] 0.332 m / 2.60 deg  |  session[n=39047] mean 0.352 p95 0.745 max 1.211 m, heading mean 2.58 max 11.90 deg[0m
[pure_pursuit-10] [0m[INFO] [1788880919.199395484] [pure_pursuit]: lap 303: 6.50 s[0m
[localization_error-8] [0m[INFO] [1788880923.662080605] [localization_error]: now[200] 0.369 m / 2.63 deg  |  session[n=39147] mean 0.352 p95 0.746 max 1.211 m, heading mean 2.57 max 11.90 deg[0m
[pure_pursuit-10] [0m[INFO] [1788880925.660889774] [pure_pursuit]: lap 304: 6.45 s[0m
[localization_error-8] [0m[INFO] [1788880928.661600596] [localization_error]: now[200] 0.357 m / 2.59 deg  |  session[n=39247] mean 0.352 p95 0.746 max 1.211 m, heading mean 2.58 max 11.90 deg[0m
[pure_pursuit-10] [0m[INFO] [1788880932.139595558] [pure_pursuit]: lap 305: 6.51 s[0m
[localization_error-8] [0m[INFO] [1788880933.661654852] [localization_error]: now[200] 0.363 m / 2.74 deg  |  session[n=39347] mean 0.353 p95 0.746 max 1.211 m, heading mean 2.58 max 11.90 deg[0m
[pure_pursuit-10] [0m[INFO] [1788880938.566640338] [pure_pursuit]: lap 306: 6.42 s[0m
[localization_error-8] [0m[INFO] [1788880938.662391201] [localization_error]: now[200] 0.353 m / 2.84 deg  |  session[n=39447] mean 0.352 p95 0.746 max 1.211 m, heading mean 2.58 max 11.90 deg[0m
[localization_error-8] [0m[INFO] [1788880943.661475664] [localization_error]: now[200] 0.324 m / 2.56 deg  |  session[n=39547] mean 0.352 p95 0.745 max 1.211 m, heading mean 2.58 max 11.90 deg[0m
[pure_pursuit-10] [0m[INFO] [1788880944.986459788] [pure_pursuit]: lap 307: 6.43 s[0m
[localization_error-8] [0m[INFO] [1788880948.662284164] [localization_error]: now[200] 0.351 m / 2.47 deg  |  session[n=39647] mean 0.352 p95 0.745 max 1.211 m, heading mean 2.58 max 11.90 deg[0m
[pure_pursuit-10] [0m[INFO] [1788880951.441373799] [pure_pursuit]: lap 308: 6.46 s[0m
[localization_error-8] [0m[INFO] [1788880953.661300139] [localization_error]: now[200] 0.332 m / 2.52 deg  |  session[n=39747] mean 0.352 p95 0.745 max 1.211 m, heading mean 2.58 max 11.90 deg[0m
[pure_pursuit-10] [0m[INFO] [1788880957.946470691] [pure_pursuit]: lap 309: 6.47 s[0m
[localization_error-8] [0m[INFO] [1788880958.661352231] [localization_error]: now[200] 0.342 m / 2.58 deg  |  session[n=39847] mean 0.352 p95 0.744 max 1.211 m, heading mean 2.58 max 11.90 deg[0m
[localization_error-8] [0m[INFO] [1788880963.662331129] [localization_error]: now[200] 0.326 m / 2.72 deg  |  session[n=39947] mean 0.352 p95 0.745 max 1.211 m, heading mean 2.58 max 11.90 deg[0m
[pure_pursuit-10] [0m[INFO] [1788880964.389172840] [pure_pursuit]: lap 310: 6.44 s[0m
[localization_error-8] [0m[INFO] [1788880968.661635348] [localization_error]: now[200] 0.331 m / 2.54 deg  |  session[n=40047] mean 0.352 p95 0.745 max 1.211 m, heading mean 2.58 max 11.90 deg[0m
[pure_pursuit-10] [0m[INFO] [1788880970.789407688] [pure_pursuit]: lap 311: 6.41 s[0m
[localization_error-8] [0m[INFO] [1788880973.661720312] [localization_error]: now[200] 0.346 m / 2.35 deg  |  session[n=40147] mean 0.352 p95 0.744 max 1.211 m, heading mean 2.58 max 11.90 deg[0m
[pure_pursuit-10] [0m[INFO] [1788880977.248661391] [pure_pursuit]: lap 312: 6.46 s[0m
[localization_error-8] [0m[INFO] [1788880978.661469363] [localization_error]: now[200] 0.355 m / 2.44 deg  |  session[n=40247] mean 0.352 p95 0.744 max 1.211 m, heading mean 2.58 max 11.90 deg[0m
[localization_error-8] [0m[INFO] [1788880983.662040650] [localization_error]: now[200] 0.340 m / 2.88 deg  |  session[n=40347] mean 0.352 p95 0.744 max 1.211 m, heading mean 2.58 max 11.90 deg[0m
[pure_pursuit-10] [0m[INFO] [1788880983.707712392] [pure_pursuit]: lap 313: 6.47 s[0m
[localization_error-8] [0m[INFO] [1788880988.661435329] [localization_error]: now[200] 0.351 m / 2.87 deg  |  session[n=40447] mean 0.352 p95 0.744 max 1.211 m, heading mean 2.58 max 11.90 deg[0m
[pure_pursuit-10] [0m[INFO] [1788880990.131777731] [pure_pursuit]: lap 314: 6.42 s[0m
[localization_error-8] [0m[INFO] [1788880993.661845482] [localization_error]: now[200] 0.363 m / 2.45 deg  |  session[n=40547] mean 0.352 p95 0.744 max 1.211 m, heading mean 2.58 max 11.90 deg[0m
[pure_pursuit-10] [0m[INFO] [1788880996.561153160] [pure_pursuit]: lap 315: 6.42 s[0m
[localization_error-8] [0m[INFO] [1788880998.661318595] [localization_error]: now[200] 0.328 m / 2.30 deg  |  session[n=40647] mean 0.352 p95 0.743 max 1.211 m, heading mean 2.58 max 11.90 deg[0m
[pure_pursuit-10] [0m[INFO] [1788881003.003252887] [pure_pursuit]: lap 316: 6.43 s[0m
[localization_error-8] [0m[INFO] [1788881003.661410092] [localization_error]: now[200] 0.343 m / 2.44 deg  |  session[n=40747] mean 0.352 p95 0.743 max 1.211 m, heading mean 2.58 max 11.90 deg[0m
[localization_error-8] [0m[INFO] [1788881008.661680444] [localization_error]: now[200] 0.342 m / 2.73 deg  |  session[n=40847] mean 0.352 p95 0.743 max 1.211 m, heading mean 2.58 max 11.90 deg[0m
[pure_pursuit-10] [0m[INFO] [1788881009.424072371] [pure_pursuit]: lap 317: 6.45 s[0m
[localization_error-8] [0m[INFO] [1788881013.661243637] [localization_error]: now[200] 0.362 m / 2.77 deg  |  session[n=40947] mean 0.352 p95 0.744 max 1.211 m, heading mean 2.58 max 11.90 deg[0m
[pure_pursuit-10] [0m[INFO] [1788881015.919221879] [pure_pursuit]: lap 318: 6.49 s[0m
[localization_error-8] [0m[INFO] [1788881018.661282569] [localization_error]: now[200] 0.350 m / 2.29 deg  |  session[n=41047] mean 0.352 p95 0.743 max 1.211 m, heading mean 2.57 max 11.90 deg[0m
[pure_pursuit-10] [0m[INFO] [1788881022.382105761] [pure_pursuit]: lap 319: 6.45 s[0m
[localization_error-8] [0m[INFO] [1788881023.662769584] [localization_error]: now[200] 0.362 m / 2.28 deg  |  session[n=41147] mean 0.352 p95 0.742 max 1.211 m, heading mean 2.57 max 11.90 deg[0m
[localization_error-8] [0m[INFO] [1788881028.661235242] [localization_error]: now[200] 0.347 m / 2.62 deg  |  session[n=41247] mean 0.352 p95 0.742 max 1.211 m, heading mean 2.57 max 11.90 deg[0m
[pure_pursuit-10] [0m[INFO] [1788881028.879680808] [pure_pursuit]: lap 320: 6.50 s[0m
[localization_error-8] [0m[INFO] [1788881033.661565115] [localization_error]: now[200] 0.355 m / 2.56 deg  |  session[n=41347] mean 0.352 p95 0.743 max 1.211 m, heading mean 2.57 max 11.90 deg[0m
[pure_pursuit-10] [0m[INFO] [1788881035.253093808] [pure_pursuit]: lap 321: 6.39 s[0m
[localization_error-8] [0m[INFO] [1788881038.661536860] [localization_error]: now[200] 0.382 m / 2.59 deg  |  session[n=41447] mean 0.352 p95 0.742 max 1.211 m, heading mean 2.57 max 11.90 deg[0m
[pure_pursuit-10] [0m[INFO] [1788881041.666399601] [pure_pursuit]: lap 322: 6.42 s[0m
[localization_error-8] [0m[INFO] [1788881043.661347241] [localization_error]: now[200] 0.365 m / 2.46 deg  |  session[n=41547] mean 0.352 p95 0.742 max 1.211 m, heading mean 2.57 max 11.90 deg[0m
[pure_pursuit-10] [0m[INFO] [1788881048.154691493] [pure_pursuit]: lap 323: 6.45 s[0m
[localization_error-8] [0m[INFO] [1788881048.662072717] [localization_error]: now[200] 0.367 m / 2.69 deg  |  session[n=41647] mean 0.352 p95 0.742 max 1.211 m, heading mean 2.58 max 11.90 deg[0m
[localization_error-8] [0m[INFO] [1788881053.661498190] [localization_error]: now[200] 0.350 m / 2.97 deg  |  session[n=41747] mean 0.352 p95 0.742 max 1.211 m, heading mean 2.58 max 11.90 deg[0m
[pure_pursuit-10] [0m[INFO] [1788881054.556021660] [pure_pursuit]: lap 324: 6.43 s[0m
[localization_error-8] [0m[INFO] [1788881058.661426680] [localization_error]: now[200] 0.371 m / 2.80 deg  |  session[n=41847] mean 0.352 p95 0.742 max 1.211 m, heading mean 2.58 max 11.90 deg[0m
[pure_pursuit-10] [0m[INFO] [1788881060.991270956] [pure_pursuit]: lap 325: 6.45 s[0m
[localization_error-8] [0m[INFO] [1788881063.661993372] [localization_error]: now[200] 0.358 m / 2.48 deg  |  session[n=41947] mean 0.352 p95 0.742 max 1.211 m, heading mean 2.58 max 11.90 deg[0m
[pure_pursuit-10] [0m[INFO] [1788881067.479302600] [pure_pursuit]: lap 326: 6.47 s[0m
[localization_error-8] [0m[INFO] [1788881068.661593543] [localization_error]: now[200] 0.362 m / 2.37 deg  |  session[n=42047] mean 0.352 p95 0.741 max 1.211 m, heading mean 2.58 max 11.90 deg[0m
[localization_error-8] [0m[INFO] [1788881073.661511137] [localization_error]: now[200] 0.335 m / 2.73 deg  |  session[n=42147] mean 0.352 p95 0.742 max 1.211 m, heading mean 2.58 max 11.90 deg[0m
[pure_pursuit-10] [0m[INFO] [1788881073.941863853] [pure_pursuit]: lap 327: 6.45 s[0m
[localization_error-8] [0m[INFO] [1788881078.661840100] [localization_error]: now[200] 0.353 m / 2.63 deg  |  session[n=42247] mean 0.352 p95 0.742 max 1.211 m, heading mean 2.58 max 11.90 deg[0m
[pure_pursuit-10] [0m[INFO] [1788881080.439615781] [pure_pursuit]: lap 328: 6.50 s[0m
[localization_error-8] [0m[INFO] [1788881083.661387234] [localization_error]: now[200] 0.378 m / 2.54 deg  |  session[n=42347] mean 0.352 p95 0.742 max 1.211 m, heading mean 2.58 max 11.90 deg[0m
[pure_pursuit-10] [0m[INFO] [1788881086.839305296] [pure_pursuit]: lap 329: 6.43 s[0m
[localization_error-8] [0m[INFO] [1788881088.661771446] [localization_error]: now[200] 0.362 m / 2.67 deg  |  session[n=42447] mean 0.352 p95 0.741 max 1.211 m, heading mean 2.58 max 11.90 deg[0m
[pure_pursuit-10] [0m[INFO] [1788881093.343618547] [pure_pursuit]: lap 330: 6.46 s[0m
[localization_error-8] [0m[INFO] [1788881093.661224329] [localization_error]: now[200] 0.339 m / 2.58 deg  |  session[n=42547] mean 0.352 p95 0.740 max 1.211 m, heading mean 2.58 max 11.90 deg[0m
[localization_error-8] [0m[INFO] [1788881098.661319377] [localization_error]: now[200] 0.320 m / 2.39 deg  |  session[n=42647] mean 0.352 p95 0.740 max 1.211 m, heading mean 2.58 max 11.90 deg[0m
[pure_pursuit-10] [0m[INFO] [1788881099.814999690] [pure_pursuit]: lap 331: 6.48 s[0m
[localization_error-8] [0m[INFO] [1788881103.661928578] [localization_error]: now[200] 0.358 m / 2.49 deg  |  session[n=42747] mean 0.352 p95 0.740 max 1.211 m, heading mean 2.58 max 11.90 deg[0m
[pure_pursuit-10] [0m[INFO] [1788881106.261305994] [pure_pursuit]: lap 332: 6.49 s[0m
[localization_error-8] [0m[INFO] [1788881108.662200187] [localization_error]: now[200] 0.346 m / 2.45 deg  |  session[n=42847] mean 0.352 p95 0.741 max 1.211 m, heading mean 2.57 max 11.90 deg[0m
[pure_pursuit-10] [0m[INFO] [1788881112.737277023] [pure_pursuit]: lap 333: 6.46 s[0m
[localization_error-8] [0m[INFO] [1788881113.661334331] [localization_error]: now[200] 0.350 m / 2.24 deg  |  session[n=42947] mean 0.352 p95 0.741 max 1.211 m, heading mean 2.57 max 11.90 deg[0m
[localization_error-8] [0m[INFO] [1788881118.662543792] [localization_error]: now[200] 0.335 m / 2.64 deg  |  session[n=43047] mean 0.352 p95 0.741 max 1.211 m, heading mean 2.58 max 11.90 deg[0m
[pure_pursuit-10] [0m[INFO] [1788881119.214183870] [pure_pursuit]: lap 334: 6.49 s[0m
[localization_error-8] [0m[INFO] [1788881123.661291351] [localization_error]: now[200] 0.344 m / 2.80 deg  |  session[n=43147] mean 0.352 p95 0.742 max 1.211 m, heading mean 2.58 max 11.90 deg[0m
[pure_pursuit-10] [0m[INFO] [1788881125.709943517] [pure_pursuit]: lap 335: 6.46 s[0m
[localization_error-8] [0m[INFO] [1788881128.662352380] [localization_error]: now[200] 0.355 m / 2.55 deg  |  session[n=43247] mean 0.352 p95 0.742 max 1.211 m, heading mean 2.57 max 11.90 deg[0m
[pure_pursuit-10] [0m[INFO] [1788881132.139947541] [pure_pursuit]: lap 336: 6.46 s[0m
[localization_error-8] [0m[INFO] [1788881133.661704312] [localization_error]: now[200] 0.359 m / 2.51 deg  |  session[n=43347] mean 0.352 p95 0.742 max 1.211 m, heading mean 2.57 max 11.90 deg[0m
[pure_pursuit-10] [0m[INFO] [1788881138.610788027] [pure_pursuit]: lap 337: 6.42 s[0m
[localization_error-8] [0m[INFO] [1788881138.661326388] [localization_error]: now[200] 0.321 m / 2.52 deg  |  session[n=43447] mean 0.352 p95 0.742 max 1.211 m, heading mean 2.57 max 11.90 deg[0m
[localization_error-8] [0m[INFO] [1788881143.662304533] [localization_error]: now[200] 0.317 m / 2.47 deg  |  session[n=43547] mean 0.352 p95 0.742 max 1.211 m, heading mean 2.57 max 11.90 deg[0m
[pure_pursuit-10] [0m[INFO] [1788881145.001270838] [pure_pursuit]: lap 338: 6.42 s[0m
[localization_error-8] [0m[INFO] [1788881148.661701725] [localization_error]: now[200] 0.354 m / 2.37 deg  |  session[n=43647] mean 0.352 p95 0.742 max 1.211 m, heading mean 2.57 max 11.90 deg[0m
[pure_pursuit-10] [0m[INFO] [1788881151.429234723] [pure_pursuit]: lap 339: 6.45 s[0m
[localization_error-8] [0m[INFO] [1788881153.661307065] [localization_error]: now[200] 0.342 m / 2.28 deg  |  session[n=43747] mean 0.352 p95 0.742 max 1.211 m, heading mean 2.57 max 11.90 deg[0m
[pure_pursuit-10] [0m[INFO] [1788881157.904241861] [pure_pursuit]: lap 340: 6.45 s[0m
[localization_error-8] [0m[INFO] [1788881158.661277843] [localization_error]: now[200] 0.351 m / 2.49 deg  |  session[n=43847] mean 0.352 p95 0.742 max 1.211 m, heading mean 2.57 max 11.90 deg[0m
[localization_error-8] [0m[INFO] [1788881163.661736250] [localization_error]: now[200] 0.332 m / 2.78 deg  |  session[n=43947] mean 0.352 p95 0.742 max 1.211 m, heading mean 2.57 max 11.90 deg[0m
[pure_pursuit-10] [0m[INFO] [1788881164.326674242] [pure_pursuit]: lap 341: 6.44 s[0m
[localization_error-8] [0m[INFO] [1788881168.662170611] [localization_error]: now[200] 0.356 m / 2.74 deg  |  session[n=44047] mean 0.352 p95 0.742 max 1.211 m, heading mean 2.57 max 11.90 deg[0m
[pure_pursuit-10] [0m[INFO] [1788881170.807656938] [pure_pursuit]: lap 342: 6.45 s[0m
[localization_error-8] [0m[INFO] [1788881173.661285898] [localization_error]: now[200] 0.348 m / 2.48 deg  |  session[n=44147] mean 0.352 p95 0.743 max 1.211 m, heading mean 2.57 max 11.90 deg[0m
[pure_pursuit-10] [0m[INFO] [1788881177.243088174] [pure_pursuit]: lap 343: 6.45 s[0m
[localization_error-8] [0m[INFO] [1788881178.661845515] [localization_error]: now[200] 0.355 m / 2.24 deg  |  session[n=44247] mean 0.352 p95 0.742 max 1.211 m, heading mean 2.57 max 11.90 deg[0m
[localization_error-8] [0m[INFO] [1788881183.661333114] [localization_error]: now[200] 0.333 m / 2.30 deg  |  session[n=44347] mean 0.352 p95 0.742 max 1.211 m, heading mean 2.57 max 11.90 deg[0m
[pure_pursuit-10] [0m[INFO] [1788881183.670543219] [pure_pursuit]: lap 344: 6.45 s[0m
[localization_error-8] [0m[INFO] [1788881188.661314588] [localization_error]: now[200] 0.336 m / 2.57 deg  |  session[n=44447] mean 0.352 p95 0.742 max 1.211 m, heading mean 2.57 max 11.90 deg[0m
[pure_pursuit-10] [0m[INFO] [1788881190.180890663] [pure_pursuit]: lap 345: 6.50 s[0m
[localization_error-8] [0m[INFO] [1788881193.661760734] [localization_error]: now[200] 0.350 m / 2.57 deg  |  session[n=44547] mean 0.352 p95 0.742 max 1.211 m, heading mean 2.57 max 11.90 deg[0m
[pure_pursuit-10] [0m[INFO] [1788881196.650619119] [pure_pursuit]: lap 346: 6.48 s[0m
[localization_error-8] [0m[INFO] [1788881198.661411289] [localization_error]: now[200] 0.328 m / 2.47 deg  |  session[n=44647] mean 0.352 p95 0.741 max 1.211 m, heading mean 2.57 max 11.90 deg[0m
[pure_pursuit-10] [0m[INFO] [1788881203.161827983] [pure_pursuit]: lap 347: 6.50 s[0m
[localization_error-8] [0m[INFO] [1788881203.662145740] [localization_error]: now[200] 0.342 m / 2.66 deg  |  session[n=44747] mean 0.352 p95 0.739 max 1.211 m, heading mean 2.57 max 11.90 deg[0m
[localization_error-8] [0m[INFO] [1788881208.662077030] [localization_error]: now[200] 0.355 m / 3.19 deg  |  session[n=44847] mean 0.352 p95 0.740 max 1.211 m, heading mean 2.57 max 13.29 deg[0m
[pure_pursuit-10] [0m[INFO] [1788881209.674397501] [pure_pursuit]: lap 348: 6.49 s[0m
[localization_error-8] [0m[INFO] [1788881213.661878892] [localization_error]: now[200] 0.360 m / 2.81 deg  |  session[n=44947] mean 0.352 p95 0.739 max 1.211 m, heading mean 2.57 max 13.29 deg[0m
[pure_pursuit-10] [0m[INFO] [1788881216.090466450] [pure_pursuit]: lap 349: 6.46 s[0m
[localization_error-8] [0m[INFO] [1788881218.661809494] [localization_error]: now[200] 0.323 m / 2.18 deg  |  session[n=45047] mean 0.352 p95 0.739 max 1.211 m, heading mean 2.57 max 13.29 deg[0m
[pure_pursuit-10] [0m[INFO] [1788881222.514383750] [pure_pursuit]: lap 350: 6.43 s[0m
[localization_error-8] [0m[INFO] [1788881223.662343115] [localization_error]: now[200] 0.355 m / 2.34 deg  |  session[n=45147] mean 0.352 p95 0.739 max 1.211 m, heading mean 2.57 max 13.29 deg[0m
[localization_error-8] [0m[INFO] [1788881228.661484104] [localization_error]: now[200] 0.340 m / 2.45 deg  |  session[n=45247] mean 0.352 p95 0.739 max 1.211 m, heading mean 2.57 max 13.29 deg[0m
[pure_pursuit-10] [0m[INFO] [1788881228.975749900] [pure_pursuit]: lap 351: 6.45 s[0m
[localization_error-8] [0m[INFO] [1788881233.661398963] [localization_error]: now[200] 0.338 m / 2.46 deg  |  session[n=45347] mean 0.352 p95 0.739 max 1.211 m, heading mean 2.57 max 13.29 deg[0m
[pure_pursuit-10] [0m[INFO] [1788881235.453529009] [pure_pursuit]: lap 352: 6.48 s[0m
[localization_error-8] [0m[INFO] [1788881238.662364647] [localization_error]: now[200] 0.350 m / 2.58 deg  |  session[n=45447] mean 0.352 p95 0.738 max 1.211 m, heading mean 2.57 max 13.29 deg[0m
[pure_pursuit-10] [0m[INFO] [1788881241.873175455] [pure_pursuit]: lap 353: 6.42 s[0m
[localization_error-8] [0m[INFO] [1788881243.662234208] [localization_error]: now[200] 0.352 m / 2.65 deg  |  session[n=45547] mean 0.352 p95 0.738 max 1.211 m, heading mean 2.57 max 13.29 deg[0m
[pure_pursuit-10] [0m[INFO] [1788881248.398728422] [pure_pursuit]: lap 354: 6.49 s[0m
[localization_error-8] [0m[INFO] [1788881248.662137601] [localization_error]: now[200] 0.342 m / 2.55 deg  |  session[n=45647] mean 0.352 p95 0.737 max 1.211 m, heading mean 2.57 max 13.29 deg[0m
[localization_error-8] [0m[INFO] [1788881253.661787968] [localization_error]: now[200] 0.341 m / 2.66 deg  |  session[n=45747] mean 0.352 p95 0.737 max 1.211 m, heading mean 2.57 max 13.29 deg[0m
[pure_pursuit-10] [0m[INFO] [1788881254.766720416] [pure_pursuit]: lap 355: 6.41 s[0m
[localization_error-8] [0m[INFO] [1788881258.661265516] [localization_error]: now[200] 0.367 m / 2.70 deg  |  session[n=45847] mean 0.352 p95 0.737 max 1.211 m, heading mean 2.57 max 13.29 deg[0m
[pure_pursuit-10] [0m[INFO] [1788881261.253104797] [pure_pursuit]: lap 356: 6.46 s[0m
[localization_error-8] [0m[INFO] [1788881263.661933437] [localization_error]: now[200] 0.345 m / 2.56 deg  |  session[n=45947] mean 0.352 p95 0.737 max 1.211 m, heading mean 2.57 max 13.29 deg[0m
[pure_pursuit-10] [0m[INFO] [1788881267.749105642] [pure_pursuit]: lap 357: 6.48 s[0m
[localization_error-8] [0m[INFO] [1788881268.662574639] [localization_error]: now[200] 0.351 m / 2.53 deg  |  session[n=46047] mean 0.352 p95 0.736 max 1.211 m, heading mean 2.57 max 13.29 deg[0m
[localization_error-8] [0m[INFO] [1788881273.661523122] [localization_error]: now[200] 0.336 m / 2.73 deg  |  session[n=46147] mean 0.352 p95 0.736 max 1.211 m, heading mean 2.57 max 13.29 deg[0m
[pure_pursuit-10] [0m[INFO] [1788881274.211779184] [pure_pursuit]: lap 358: 6.46 s[0m
[localization_error-8] [0m[INFO] [1788881278.661375198] [localization_error]: now[200] 0.343 m / 2.63 deg  |  session[n=46247] mean 0.352 p95 0.737 max 1.211 m, heading mean 2.57 max 13.29 deg[0m
[pure_pursuit-10] [0m[INFO] [1788881280.683199239] [pure_pursuit]: lap 359: 6.46 s[0m
[localization_error-8] [0m[INFO] [1788881283.662331683] [localization_error]: now[200] 0.340 m / 2.43 deg  |  session[n=46347] mean 0.352 p95 0.736 max 1.211 m, heading mean 2.57 max 13.29 deg[0m
[pure_pursuit-10] [0m[INFO] [1788881287.191661044] [pure_pursuit]: lap 360: 6.51 s[0m
[localization_error-8] [0m[INFO] [1788881288.661419764] [localization_error]: now[200] 0.364 m / 2.49 deg  |  session[n=46447] mean 0.352 p95 0.736 max 1.211 m, heading mean 2.57 max 13.29 deg[0m
[pure_pursuit-10] [0m[INFO] [1788881293.661309074] [pure_pursuit]: lap 361: 6.48 s[0m
[localization_error-8] [0m[INFO] [1788881293.661652354] [localization_error]: now[200] 0.345 m / 2.62 deg  |  session[n=46547] mean 0.352 p95 0.736 max 1.211 m, heading mean 2.57 max 13.29 deg[0m
[localization_error-8] [0m[INFO] [1788881298.661818003] [localization_error]: now[200] 0.331 m / 2.56 deg  |  session[n=46647] mean 0.352 p95 0.736 max 1.211 m, heading mean 2.57 max 13.29 deg[0m
[pure_pursuit-10] [0m[INFO] [1788881300.067884625] [pure_pursuit]: lap 362: 6.43 s[0m
[localization_error-8] [0m[INFO] [1788881303.661289147] [localization_error]: now[200] 0.351 m / 2.46 deg  |  session[n=46747] mean 0.352 p95 0.736 max 1.211 m, heading mean 2.57 max 13.29 deg[0m
[pure_pursuit-10] [0m[INFO] [1788881306.579321230] [pure_pursuit]: lap 363: 6.48 s[0m
[localization_error-8] [0m[INFO] [1788881308.661314647] [localization_error]: now[200] 0.327 m / 2.30 deg  |  session[n=46847] mean 0.352 p95 0.736 max 1.211 m, heading mean 2.57 max 13.29 deg[0m
[pure_pursuit-10] [0m[INFO] [1788881313.024472256] [pure_pursuit]: lap 364: 6.45 s[0m
[localization_error-8] [0m[INFO] [1788881313.662229940] [localization_error]: now[200] 0.336 m / 2.48 deg  |  session[n=46947] mean 0.352 p95 0.735 max 1.211 m, heading mean 2.57 max 13.29 deg[0m
[localization_error-8] [0m[INFO] [1788881318.662196895] [localization_error]: now[200] 0.343 m / 3.20 deg  |  session[n=47047] mean 0.352 p95 0.736 max 1.211 m, heading mean 2.57 max 13.29 deg[0m
[pure_pursuit-10] [0m[INFO] [1788881319.378773277] [pure_pursuit]: lap 365: 6.38 s[0m
[localization_error-8] [0m[INFO] [1788881323.661297058] [localization_error]: now[200] 0.372 m / 3.15 deg  |  session[n=47147] mean 0.352 p95 0.736 max 1.211 m, heading mean 2.57 max 13.29 deg[0m
[pure_pursuit-10] [0m[INFO] [1788881325.806100781] [pure_pursuit]: lap 366: 6.44 s[0m
[localization_error-8] [0m[INFO] [1788881328.661886371] [localization_error]: now[200] 0.359 m / 2.60 deg  |  session[n=47247] mean 0.352 p95 0.737 max 1.211 m, heading mean 2.57 max 13.29 deg[0m
[pure_pursuit-10] [0m[INFO] [1788881332.268437820] [pure_pursuit]: lap 367: 6.42 s[0m
[localization_error-8] [0m[INFO] [1788881333.662506518] [localization_error]: now[200] 0.369 m / 2.52 deg  |  session[n=47347] mean 0.352 p95 0.737 max 1.211 m, heading mean 2.57 max 13.29 deg[0m
[localization_error-8] [0m[INFO] [1788881338.661797351] [localization_error]: now[200] 0.352 m / 2.69 deg  |  session[n=47447] mean 0.352 p95 0.737 max 1.211 m, heading mean 2.57 max 13.29 deg[0m
[pure_pursuit-10] [0m[INFO] [1788881338.681829869] [pure_pursuit]: lap 368: 6.42 s[0m
[localization_error-8] [0m[INFO] [1788881343.662846570] [localization_error]: now[200] 0.360 m / 2.58 deg  |  session[n=47547] mean 0.352 p95 0.737 max 1.211 m, heading mean 2.57 max 13.29 deg[0m
[pure_pursuit-10] [0m[INFO] [1788881345.160992610] [pure_pursuit]: lap 369: 6.48 s[0m
[localization_error-8] [0m[INFO] [1788881348.661394648] [localization_error]: now[200] 0.389 m / 2.74 deg  |  session[n=47647] mean 0.352 p95 0.737 max 1.211 m, heading mean 2.58 max 13.29 deg[0m
[pure_pursuit-10] [0m[INFO] [1788881351.647566531] [pure_pursuit]: lap 370: 6.49 s[0m
[localization_error-8] [0m[INFO] [1788881353.661411567] [localization_error]: now[200] 0.347 m / 2.59 deg  |  session[n=47747] mean 0.352 p95 0.737 max 1.211 m, heading mean 2.57 max 13.29 deg[0m
[pure_pursuit-10] [0m[INFO] [1788881358.066558612] [pure_pursuit]: lap 371: 6.43 s[0m
[localization_error-8] [0m[INFO] [1788881358.662500132] [localization_error]: now[200] 0.343 m / 2.43 deg  |  session[n=47847] mean 0.352 p95 0.737 max 1.211 m, heading mean 2.57 max 13.29 deg[0m
[localization_error-8] [0m[INFO] [1788881363.661342878] [localization_error]: now[200] 0.340 m / 2.56 deg  |  session[n=47947] mean 0.352 p95 0.738 max 1.211 m, heading mean 2.57 max 13.29 deg[0m
[pure_pursuit-10] [0m[INFO] [1788881364.441283485] [pure_pursuit]: lap 372: 6.39 s[0m
[localization_error-8] [0m[INFO] [1788881368.661310506] [localization_error]: now[200] 0.353 m / 2.48 deg  |  session[n=48047] mean 0.352 p95 0.738 max 1.211 m, heading mean 2.57 max 13.29 deg[0m
[pure_pursuit-10] [0m[INFO] [1788881370.939168702] [pure_pursuit]: lap 373: 6.47 s[0m
[localization_error-8] [0m[INFO] [1788881373.663079671] [localization_error]: now[200] 0.356 m / 2.49 deg  |  session[n=48147] mean 0.352 p95 0.738 max 1.211 m, heading mean 2.57 max 13.29 deg[0m
[pure_pursuit-10] [0m[INFO] [1788881377.352510960] [pure_pursuit]: lap 374: 6.43 s[0m
[localization_error-8] [0m[INFO] [1788881378.662094765] [localization_error]: now[200] 0.396 m / 2.83 deg  |  session[n=48247] mean 0.352 p95 0.739 max 1.211 m, heading mean 2.58 max 13.29 deg[0m
[localization_error-8] [0m[INFO] [1788881383.661250964] [localization_error]: now[200] 0.363 m / 3.17 deg  |  session[n=48347] mean 0.352 p95 0.739 max 1.211 m, heading mean 2.58 max 13.29 deg[0m
[pure_pursuit-10] [0m[INFO] [1788881383.870532203] [pure_pursuit]: lap 375: 6.50 s[0m
[localization_error-8] [0m[INFO] [1788881388.662375211] [localization_error]: now[200] 0.336 m / 2.87 deg  |  session[n=48447] mean 0.352 p95 0.739 max 1.211 m, heading mean 2.58 max 13.29 deg[0m
[pure_pursuit-10] [0m[INFO] [1788881390.340264384] [pure_pursuit]: lap 376: 6.48 s[0m
[localization_error-8] [0m[INFO] [1788881393.661419992] [localization_error]: now[200] 0.353 m / 2.56 deg  |  session[n=48547] mean 0.352 p95 0.739 max 1.211 m, heading mean 2.58 max 13.29 deg[0m
[pure_pursuit-10] [0m[INFO] [1788881396.732208453] [pure_pursuit]: lap 377: 6.39 s[0m
[localization_error-8] [0m[INFO] [1788881398.662200690] [localization_error]: now[200] 0.341 m / 2.57 deg  |  session[n=48647] mean 0.352 p95 0.739 max 1.211 m, heading mean 2.58 max 13.29 deg[0m
[pure_pursuit-10] [0m[INFO] [1788881403.218259208] [pure_pursuit]: lap 378: 6.48 s[0m
[localization_error-8] [0m[INFO] [1788881403.662883560] [localization_error]: now[200] 0.338 m / 2.70 deg  |  session[n=48747] mean 0.352 p95 0.738 max 1.211 m, heading mean 2.58 max 13.29 deg[0m
[localization_error-8] [0m[INFO] [1788881408.661743280] [localization_error]: now[200] 0.329 m / 2.76 deg  |  session[n=48847] mean 0.352 p95 0.739 max 1.211 m, heading mean 2.58 max 13.29 deg[0m
[pure_pursuit-10] [0m[INFO] [1788881409.628973140] [pure_pursuit]: lap 379: 6.42 s[0m
[localization_error-8] [0m[INFO] [1788881413.662187055] [localization_error]: now[200] 0.365 m / 2.52 deg  |  session[n=48947] mean 0.352 p95 0.739 max 1.211 m, heading mean 2.58 max 13.29 deg[0m
[pure_pursuit-10] [0m[INFO] [1788881416.065790656] [pure_pursuit]: lap 380: 6.43 s[0m
[localization_error-8] [0m[INFO] [1788881418.662076865] [localization_error]: now[200] 0.350 m / 2.27 deg  |  session[n=49047] mean 0.352 p95 0.740 max 1.211 m, heading mean 2.58 max 13.29 deg[0m
[pure_pursuit-10] [0m[INFO] [1788881422.526387912] [pure_pursuit]: lap 381: 6.44 s[0m
[localization_error-8] [0m[INFO] [1788881423.662516007] [localization_error]: now[200] 0.348 m / 2.38 deg  |  session[n=49147] mean 0.352 p95 0.740 max 1.211 m, heading mean 2.58 max 13.29 deg[0m
[localization_error-8] [0m[INFO] [1788881428.661385599] [localization_error]: now[200] 0.315 m / 2.72 deg  |  session[n=49247] mean 0.351 p95 0.740 max 1.211 m, heading mean 2.58 max 13.29 deg[0m
[pure_pursuit-10] [0m[INFO] [1788881428.959814044] [pure_pursuit]: lap 382: 6.46 s[0m
[localization_error-8] [0m[INFO] [1788881433.661951975] [localization_error]: now[200] 0.319 m / 2.54 deg  |  session[n=49347] mean 0.352 p95 0.739 max 1.211 m, heading mean 2.58 max 13.29 deg[0m
[pure_pursuit-10] [0m[INFO] [1788881435.442735826] [pure_pursuit]: lap 383: 6.49 s[0m
[localization_error-8] [0m[INFO] [1788881438.662077443] [localization_error]: now[200] 0.356 m / 2.14 deg  |  session[n=49447] mean 0.352 p95 0.740 max 1.211 m, heading mean 2.58 max 13.29 deg[0m
[pure_pursuit-10] [0m[INFO] [1788881441.913945979] [pure_pursuit]: lap 384: 6.46 s[0m
[localization_error-8] [0m[INFO] [1788881443.661247064] [localization_error]: now[200] 0.364 m / 2.28 deg  |  session[n=49547] mean 0.352 p95 0.740 max 1.211 m, heading mean 2.57 max 13.29 deg[0m
[pure_pursuit-10] [0m[INFO] [1788881448.390649788] [pure_pursuit]: lap 385: 6.47 s[0m
[localization_error-8] [0m[INFO] [1788881448.661998230] [localization_error]: now[200] 0.354 m / 2.81 deg  |  session[n=49647] mean 0.352 p95 0.739 max 1.211 m, heading mean 2.58 max 13.29 deg[0m
[localization_error-8] [0m[INFO] [1788881453.661545509] [localization_error]: now[200] 0.332 m / 2.89 deg  |  session[n=49747] mean 0.352 p95 0.739 max 1.211 m, heading mean 2.58 max 13.29 deg[0m
[pure_pursuit-10] [0m[INFO] [1788881454.823568606] [pure_pursuit]: lap 386: 6.44 s[0m
[localization_error-8] [0m[INFO] [1788881458.662008765] [localization_error]: now[200] 0.344 m / 2.49 deg  |  session[n=49847] mean 0.351 p95 0.739 max 1.211 m, heading mean 2.58 max 13.29 deg[0m
[pure_pursuit-10] [0m[INFO] [1788881461.300042511] [pure_pursuit]: lap 387: 6.47 s[0m
[localization_error-8] [0m[INFO] [1788881463.661862327] [localization_error]: now[200] 0.336 m / 2.33 deg  |  session[n=49947] mean 0.351 p95 0.739 max 1.211 m, heading mean 2.58 max 13.29 deg[0m
[pure_pursuit-10] [0m[INFO] [1788881467.809872831] [pure_pursuit]: lap 388: 6.53 s[0m
[localization_error-8] [0m[INFO] [1788881468.661781462] [localization_error]: now[200] 0.345 m / 2.62 deg  |  session[n=50047] mean 0.351 p95 0.738 max 1.211 m, heading mean 2.58 max 13.29 deg[0m
[localization_error-8] [0m[INFO] [1788881473.661313150] [localization_error]: now[200] 0.338 m / 2.81 deg  |  session[n=50147] mean 0.351 p95 0.739 max 1.211 m, heading mean 2.58 max 13.29 deg[0m
[pure_pursuit-10] [0m[INFO] [1788881474.342637374] [pure_pursuit]: lap 389: 6.49 s[0m
[localization_error-8] [0m[INFO] [1788881478.662562034] [localization_error]: now[200] 0.355 m / 2.87 deg  |  session[n=50247] mean 0.351 p95 0.738 max 1.211 m, heading mean 2.58 max 13.29 deg[0m
[pure_pursuit-10] [0m[INFO] [1788881480.791125643] [pure_pursuit]: lap 390: 6.46 s[0m
[localization_error-8] [0m[INFO] [1788881483.661333502] [localization_error]: now[200] 0.358 m / 2.64 deg  |  session[n=50347] mean 0.351 p95 0.737 max 1.211 m, heading mean 2.58 max 13.29 deg[0m
[pure_pursuit-10] [0m[INFO] [1788881487.275062174] [pure_pursuit]: lap 391: 6.48 s[0m
[localization_error-8] [0m[INFO] [1788881488.662273870] [localization_error]: now[200] 0.362 m / 2.33 deg  |  session[n=50447] mean 0.352 p95 0.737 max 1.211 m, heading mean 2.58 max 13.29 deg[0m
[localization_error-8] [0m[INFO] [1788881493.662328633] [localization_error]: now[200] 0.347 m / 2.64 deg  |  session[n=50547] mean 0.351 p95 0.737 max 1.211 m, heading mean 2.58 max 13.29 deg[0m
[pure_pursuit-10] [0m[INFO] [1788881493.716301002] [pure_pursuit]: lap 392: 6.47 s[0m
[localization_error-8] [0m[INFO] [1788881498.661792077] [localization_error]: now[200] 0.354 m / 2.79 deg  |  session[n=50647] mean 0.352 p95 0.737 max 1.211 m, heading mean 2.58 max 13.29 deg[0m
[pure_pursuit-10] [0m[INFO] [1788881500.116509069] [pure_pursuit]: lap 393: 6.39 s[0m
[localization_error-8] [0m[INFO] [1788881503.661619825] [localization_error]: now[200] 0.369 m / 2.75 deg  |  session[n=50747] mean 0.351 p95 0.736 max 1.211 m, heading mean 2.58 max 13.29 deg[0m
[pure_pursuit-10] [0m[INFO] [1788881506.592503373] [pure_pursuit]: lap 394: 6.49 s[0m
[localization_error-8] [0m[INFO] [1788881508.661756970] [localization_error]: now[200] 0.341 m / 2.54 deg  |  session[n=50847] mean 0.351 p95 0.737 max 1.211 m, heading mean 2.58 max 13.29 deg[0m
[pure_pursuit-10] [0m[INFO] [1788881513.060946864] [pure_pursuit]: lap 395: 6.46 s[0m
[localization_error-8] [0m[INFO] [1788881513.662268623] [localization_error]: now[200] 0.337 m / 2.33 deg  |  session[n=50947] mean 0.351 p95 0.736 max 1.211 m, heading mean 2.58 max 13.29 deg[0m
[localization_error-8] [0m[INFO] [1788881518.661326940] [localization_error]: now[200] 0.332 m / 2.55 deg  |  session[n=51047] mean 0.351 p95 0.736 max 1.211 m, heading mean 2.58 max 13.29 deg[0m
[pure_pursuit-10] [0m[INFO] [1788881519.541951781] [pure_pursuit]: lap 396: 6.46 s[0m
[localization_error-8] [0m[INFO] [1788881523.661681821] [localization_error]: now[200] 0.353 m / 2.46 deg  |  session[n=51147] mean 0.351 p95 0.736 max 1.211 m, heading mean 2.58 max 13.29 deg[0m
[pure_pursuit-10] [0m[INFO] [1788881525.991369424] [pure_pursuit]: lap 397: 6.46 s[0m
[localization_error-8] [0m[INFO] [1788881528.661599303] [localization_error]: now[200] 0.347 m / 2.18 deg  |  session[n=51247] mean 0.351 p95 0.736 max 1.211 m, heading mean 2.58 max 13.29 deg[0m
[pure_pursuit-10] [0m[INFO] [1788881532.494900202] [pure_pursuit]: lap 398: 6.51 s[0m
[localization_error-8] [0m[INFO] [1788881533.661869049] [localization_error]: now[200] 0.347 m / 2.33 deg  |  session[n=51347] mean 0.351 p95 0.736 max 1.211 m, heading mean 2.57 max 13.29 deg[0m
[localization_error-8] [0m[INFO] [1788881538.661443718] [localization_error]: now[200] 0.340 m / 2.66 deg  |  session[n=51447] mean 0.351 p95 0.736 max 1.211 m, heading mean 2.58 max 13.29 deg[0m
[pure_pursuit-10] [0m[INFO] [1788881538.983978602] [pure_pursuit]: lap 399: 6.50 s[0m
[localization_error-8] [0m[INFO] [1788881543.661382204] [localization_error]: now[200] 0.352 m / 2.54 deg  |  session[n=51547] mean 0.351 p95 0.736 max 1.211 m, heading mean 2.57 max 13.29 deg[0m
[pure_pursuit-10] [0m[INFO] [1788881545.440572672] [pure_pursuit]: lap 400: 6.47 s[0m
[localization_error-8] [0m[INFO] [1788881548.661272130] [localization_error]: now[200] 0.344 m / 2.38 deg  |  session[n=51647] mean 0.351 p95 0.736 max 1.211 m, heading mean 2.57 max 13.29 deg[0m
[pure_pursuit-10] [0m[INFO] [1788881551.929269990] [pure_pursuit]: lap 401: 6.47 s[0m
[localization_error-8] [0m[INFO] [1788881553.662404375] [localization_error]: now[200] 0.351 m / 2.38 deg  |  session[n=51747] mean 0.351 p95 0.735 max 1.211 m, heading mean 2.57 max 13.29 deg[0m
