t,dist_m,true_x,true_y,true_yaw_deg,est_x,est_y,est_yaw_deg,err_along,err_cross,err_dist,err_yaw_deg,m2o_x,m2o_y,m2o_yaw_deg,o2b_x,o2b_y,o2b_yaw_deg,speed,yaw_rate,enc_dist,dr_err,fit_true,fit_est,fit_ratio,ready,pp_v_est,pp_v_enc,pp_v_pose,pp_v_target,pp_u_cmd,pp_throttle,pp_steering,pp_ld,pp_e_lat,pp_e_head,pp_kappa,pp_s,pp_slip,pp_a_imu,pp_delay
0.000,0.000,0.8001,3.1583,-89.997,0.8180,3.1580,-89.994,0.0003,0.0179,0.0179,0.002,0.8180,3.1580,0.002,0.0000,0.0000,-89.997,0.000,0.0000,0.000,0.0000,0.0234,0.0005,0.0215,0,nan,nan,nan,nan,nan,nan,nan,nan,nan,nan,nan,nan,nan,nan,nan
0.050,0.000,0.8001,3.1583,-89.997,0.8180,3.1580,-89.994,0.0003,0.0179,0.0179,0.002,0.8180,3.1580,0.002,0.0000,0.0000,-89.997,0.000,0.0000,0.000,0.0000,0.0234,0.0005,0.0215,0,nan,nan,nan,nan,nan,nan,nan,nan,nan,nan,nan,nan,nan,nan,nan
0.100,0.000,0.8001,3.1583,-89.997,0.8067,3.1589,-89.767,-0.0006,0.0066,0.0066,0.230,0.8067,3.1589,0.230,0.0000,0.0000,-89.997,0.000,0.0000,0.000,0.0000,0.0234,0.0181,0.7771,0,nan,nan,nan,nan,nan,nan,nan,nan,nan,nan,nan,nan,nan,nan,nan
0.150,0.000,0.8001,3.1583,-89.997,0.8080,3.1630,-89.740,-0.0047,0.0079,0.0092,0.256,0.8080,3.1630,0.256,0.0000,0.0000,-89.997,0.000,0.0000,0.000,0.0000,0.0234,0.0148,0.6358,0,nan,nan,nan,nan,nan,nan,nan,nan,nan,nan,nan,nan,nan,nan,nan
0.200,0.000,0.8001,3.1583,-89.997,0.8080,3.1630,-89.740,-0.0047,0.0079,0.0092,0.256,0.8080,3.1630,0.256,0.0000,0.0000,-89.997,0.000,0.0000,0.000,0.0000,0.0234,0.0148,0.6358,0,nan,nan,nan,nan,nan,nan,nan,nan,nan,nan,nan,nan,nan,nan,nan
0.251,0.000,0.8001,3.1583,-89.997,0.8080,3.1630,-89.740,-0.0047,0.0079,0.0092,0.256,0.8080,3.1630,0.256,0.0000,0.0000,-89.997,0.000,0.0000,0.000,0.0000,0.0234,0.0148,0.6358,0,nan,nan,nan,nan,nan,nan,nan,nan,nan,nan,nan,nan,nan,nan,nan
0.300,0.000,0.8001,3.1583,-89.997,0.8080,3.1630,-89.740,-0.0047,0.0079,0.0092,0.256,0.8080,3.1630,0.256,0.0000,0.0000,-89.997,0.000,0.0000,0.000,0.0000,0.0234,0.0149,0.6368,0,nan,nan,nan,nan,nan,nan,nan,nan,nan,nan,nan,nan,nan,nan,nan
0.350,0.000,0.8002,3.1583,-89.997,0.8080,3.1630,-89.740,-0.0047,0.0078,0.0091,0.256,0.8080,3.1630,0.256,0.0000,0.0000,-89.997,0.000,0.0000,0.000,0.0001,0.0234,0.0149,0.6368,0,nan,nan,nan,nan,nan,nan,nan,nan,nan,nan,nan,nan,nan,nan,nan
0.400,0.000,0.8002,3.1583,-89.997,0.8080,3.1626,-89.775,-0.0043,0.0078,0.0089,0.221,0.8080,3.1626,0.221,0.0000,0.0000,-89.997,0.000,0.0000,0.000,0.0001,0.0234,0.0155,0.6636,0,nan,nan,nan,nan,nan,nan,nan,nan,nan,nan,nan,nan,nan,nan,nan
0.450,0.000,0.8002,3.1583,-89.997,0.8080,3.1626,-89.775,-0.0043,0.0078,0.0089,0.221,0.8080,3.1626,0.221,0.0000,0.0000,-89.997,0.000,0.0000,0.000,0.0001,0.0234,0.0155,0.6636,0,nan,nan,nan,nan,nan,nan,nan,nan,nan,nan,nan,nan,nan,nan,nan
0.500,0.000,0.8002,3.1583,-89.997,0.8080,3.1626,-89.775,-0.0043,0.0078,0.0089,0.221,0.8080,3.1626,0.221,0.0000,0.0000,-89.997,0.000,0.0000,0.000,0.0001,0.0234,0.0155,0.6636,0,nan,nan,nan,nan,nan,nan,nan,nan,nan,nan,nan,nan,nan,nan,nan
0.550,0.000,0.8002,3.1583,-89.997,0.8080,3.1626,-89.775,-0.0043,0.0078,0.0089,0.221,0.8080,3.1626,0.221,0.0000,0.0000,-89.997,0.000,0.0000,0.000,0.0001,0.0234,0.0155,0.6626,0,nan,nan,nan,nan,nan,nan,nan,nan,nan,nan,nan,nan,nan,nan,nan
0.600,0.000,0.8002,3.1583,-89.997,0.8080,3.1626,-89.775,-0.0043,0.0078,0.0089,0.221,0.8080,3.1626,0.221,0.0000,0.0000,-89.997,0.000,0.0000,0.000,0.0001,0.0234,0.0155,0.6636,0,nan,nan,nan,nan,nan,nan,nan,nan,nan,nan,nan,nan,nan,nan,nan
0.650,0.000,0.8002,3.1583,-89.997,0.8080,3.1626,-89.775,-0.0043,0.0078,0.0089,0.221,0.8080,3.1626,0.221,0.0000,0.0000,-89.997,0.000,0.0000,0.000,0.0001,0.0234,0.0155,0.6636,0,nan,nan,nan,nan,nan,nan,nan,nan,nan,nan,nan,nan,nan,nan,nan
0.700,0.000,0.8002,3.1583,-89.997,0.8080,3.1626,-89.775,-0.0043,0.0078,0.0089,0.221,0.8080,3.1626,0.221,0.0000,0.0000,-89.997,0.000,0.0000,0.000,0.0001,0.0234,0.0155,0.6636,0,nan,nan,nan,nan,nan,nan,nan,nan,nan,nan,nan,nan,nan,nan,nan
0.750,0.000,0.8002,3.1583,-89.997,0.8080,3.1626,-89.775,-0.0043,0.0078,0.0089,0.221,0.8080,3.1626,0.221,0.0000,0.0000,-89.997,0.000,0.0000,0.000,0.0001,0.0234,0.0155,0.6636,0,nan,nan,nan,nan,nan,nan,nan,nan,nan,nan,nan,nan,nan,nan,nan
0.800,0.000,0.8002,3.1583,-89.997,0.8091,3.1622,-89.928,-0.0039,0.0089,0.0098,0.069,0.8091,3.1622,0.069,0.0000,0.0000,-89.997,0.000,0.0000,0.000,0.0001,0.0234,0.0144,0.6166,0,nan,nan,nan,nan,nan,nan,nan,nan,nan,nan,nan,nan,nan,nan,nan
0.851,0.000,0.8002,3.1583,-89.997,0.8091,3.1622,-89.928,-0.0039,0.0089,0.0098,0.069,0.8091,3.1622,0.069,0.0000,0.0000,-89.997,0.000,0.0000,0.000,0.0001,0.0234,0.0144,0.6176,0,nan,nan,nan,nan,nan,nan,nan,nan,nan,nan,nan,nan,nan,nan,nan
0.900,0.000,0.8002,3.1583,-89.997,0.8091,3.1622,-89.928,-0.0039,0.0089,0.0098,0.069,0.8091,3.1622,0.069,0.0000,0.0000,-89.997,0.000,0.0000,0.000,0.0001,0.0234,0.0144,0.6176,0,nan,nan,nan,nan,nan,nan,nan,nan,nan,nan,nan,nan,nan,nan,nan
0.950,0.000,0.8002,3.1583,-89.997,0.8091,3.1622,-89.928,-0.0039,0.0089,0.0098,0.069,0.8091,3.1622,0.069,0.0000,0.0000,-89.997,0.000,0.0000,0.000,0.0001,0.0234,0.0144,0.6186,0,nan,nan,nan,nan,nan,nan,nan,nan,nan,nan,nan,nan,nan,nan,nan
1.000,0.000,0.8002,3.1583,-89.997,0.8091,3.1622,-89.928,-0.0039,0.0089,0.0098,0.069,0.8091,3.1622,0.069,0.0000,0.0000,-89.997,0.000,0.0000,0.000,0.0001,0.0234,0.0145,0.6196,0,nan,nan,nan,nan,nan,nan,nan,nan,nan,nan,nan,nan,nan,nan,nan
1.050,0.000,0.8002,3.1583,-89.997,0.8091,3.1622,-89.928,-0.0039,0.0089,0.0098,0.069,0.8091,3.1622,0.069,0.0000,0.0000,-89.997,0.000,0.0000,0.000,0.0001,0.0234,0.0145,0.6207,0,nan,nan,nan,nan,nan,nan,nan,nan,nan,nan,nan,nan,nan,nan,nan
1.101,0.000,0.8002,3.1583,-89.997,0.8091,3.1622,-89.928,-0.0039,0.0089,0.0098,0.069,0.8091,3.1622,0.069,0.0000,0.0000,-89.997,0.000,0.0000,0.000,0.0001,0.0234,0.0145,0.6207,0,nan,nan,nan,nan,nan,nan,nan,nan,nan,nan,nan,nan,nan,nan,nan
1.150,0.000,0.8002,3.1583,-89.997,0.8091,3.1622,-89.928,-0.0039,0.0089,0.0098,0.069,0.8091,3.1622,0.069,0.0000,0.0000,-89.997,0.000,0.0000,0.000,0.0001,0.0234,0.0145,0.6217,0,nan,nan,nan,nan,nan,nan,nan,nan,nan,nan,nan,nan,nan,nan,nan
1.200,0.000,0.8002,3.1583,-89.997,0.8091,3.1622,-89.928,-0.0039,0.0089,0.0098,0.069,0.8091,3.1622,0.069,0.0000,0.0000,-89.997,0.000,0.0000,0.000,0.0001,0.0234,0.0145,0.6227,0,nan,nan,nan,nan,nan,nan,nan,nan,nan,nan,nan,nan,nan,nan,nan
1.250,0.000,0.8002,3.1583,-89.997,0.8086,3.1631,-89.945,-0.0048,0.0084,0.0097,0.052,0.8086,3.1631,0.052,0.0000,0.0000,-89.997,0.000,0.0000,0.000,0.0001,0.0234,0.0189,0.8088,0,nan,nan,nan,nan,nan,nan,nan,nan,nan,nan,nan,nan,nan,nan,nan
1.300,0.000,0.8002,3.1583,-89.997,0.8086,3.1631,-89.945,-0.0048,0.0084,0.0097,0.052,0.8086,3.1631,0.052,0.0000,0.0000,-89.997,0.000,0.0000,0.000,0.0001,0.0234,0.0189,0.8088,0,nan,nan,nan,nan,nan,nan,nan,nan,nan,nan,nan,nan,nan,nan,nan
1.350,0.000,0.8002,3.1583,-89.997,0.8086,3.1631,-89.945,-0.0048,0.0084,0.0097,0.052,0.8086,3.1631,0.052,0.0000,0.0000,-89.997,0.000,0.0000,0.000,0.0001,0.0234,0.0189,0.8098,0,nan,nan,nan,nan,nan,nan,nan,nan,nan,nan,nan,nan,nan,nan,nan
1.400,0.000,0.8002,3.1583,-89.997,0.8086,3.1631,-89.945,-0.0048,0.0084,0.0097,0.052,0.8086,3.1631,0.052,0.0000,0.0000,-89.997,0.000,0.0000,0.000,0.0001,0.0234,0.0189,0.8098,0,nan,nan,nan,nan,nan,nan,nan,nan,nan,nan,nan,nan,nan,nan,nan
1.450,0.000,0.8002,3.1583,-89.997,0.8086,3.1631,-89.945,-0.0048,0.0084,0.0097,0.052,0.8086,3.1631,0.052,0.0000,0.0000,-89.997,0.000,0.0000,0.000,0.0001,0.0234,0.0189,0.8098,0,nan,nan,nan,nan,nan,nan,nan,nan,nan,nan,nan,nan,nan,nan,nan
1.500,0.000,0.8002,3.1583,-89.997,0.8086,3.1631,-89.945,-0.0048,0.0084,0.0097,0.052,0.8086,3.1631,0.052,0.0000,0.0000,-89.997,0.000,0.0000,0.000,0.0001,0.0234,0.0190,0.8119,0,nan,nan,nan,nan,nan,nan,nan,nan,nan,nan,nan,nan,nan,nan,nan
1.550,0.000,0.8002,3.1583,-89.997,0.8086,3.1631,-89.945,-0.0048,0.0084,0.0097,0.052,0.8086,3.1631,0.052,0.0000,0.0000,-89.997,0.000,0.0000,0.000,0.0001,0.0234,0.0190,0.8119,0,nan,nan,nan,nan,nan,nan,nan,nan,nan,nan,nan,nan,nan,nan,nan
1.600,0.000,0.8002,3.1583,-89.997,0.8086,3.1631,-89.945,-0.0048,0.0084,0.0097,0.052,0.8086,3.1631,0.052,0.0000,0.0000,-89.997,0.000,0.0000,0.000,0.0001,0.0234,0.0190,0.8129,0,nan,nan,nan,nan,nan,nan,nan,nan,nan,nan,nan,nan,nan,nan,nan
1.650,0.000,0.8002,3.1583,-89.997,0.8086,3.1631,-89.945,-0.0048,0.0084,0.0097,0.052,0.8086,3.1631,0.052,0.0000,0.0000,-89.997,0.000,0.0000,0.000,0.0001,0.0234,0.0190,0.8129,0,nan,nan,nan,nan,nan,nan,nan,nan,nan,nan,nan,nan,nan,nan,nan
1.700,0.000,0.8002,3.1583,-89.997,0.8093,3.1604,-89.992,-0.0021,0.0091,0.0094,0.005,0.8093,3.1604,0.005,0.0000,0.0000,-89.997,0.000,0.0000,0.000,0.0001,0.0234,0.0167,0.7137,0,nan,nan,nan,nan,nan,nan,nan,nan,nan,nan,nan,nan,nan,nan,nan
1.750,0.000,0.8002,3.1583,-89.997,0.8093,3.1604,-89.992,-0.0021,0.0091,0.0094,0.005,0.8093,3.1604,0.005,0.0000,0.0000,-89.997,0.000,0.0000,0.000,0.0001,0.0234,0.0169,0.7249,0,nan,nan,nan,nan,nan,nan,nan,nan,nan,nan,nan,nan,nan,nan,nan
1.800,0.000,0.8002,3.1583,-89.997,0.8093,3.1604,-89.992,-0.0021,0.0091,0.0094,0.005,0.8093,3.1604,0.005,0.0000,0.0000,-89.997,0.000,0.0000,0.000,0.0001,0.0234,0.0171,0.7311,0,nan,nan,nan,nan,nan,nan,nan,nan,nan,nan,nan,nan,nan,nan,nan
1.850,0.000,0.8002,3.1583,-89.997,0.8093,3.1604,-89.992,-0.0021,0.0091,0.0094,0.005,0.8093,3.1604,0.005,0.0000,0.0000,-89.997,0.000,0.0000,0.000,0.0001,0.0234,0.0171,0.7311,0,nan,nan,nan,nan,nan,nan,nan,nan,nan,nan,nan,nan,nan,nan,nan
1.900,0.000,0.8002,3.1583,-89.997,0.8093,3.1604,-89.992,-0.0021,0.0091,0.0094,0.005,0.8093,3.1604,0.005,0.0000,0.0000,-89.997,0.000,0.0000,0.000,0.0001,0.0234,0.0172,0.7382,0,nan,nan,nan,nan,nan,nan,nan,nan,nan,nan,nan,nan,nan,nan,nan
1.950,0.000,0.8002,3.1583,-89.997,0.8093,3.1604,-89.992,-0.0021,0.0091,0.0094,0.005,0.8093,3.1604,0.005,0.0000,0.0000,-89.997,0.000,0.0000,0.000,0.0001,0.0234,0.0175,0.7474,1,nan,nan,nan,nan,nan,nan,nan,nan,nan,nan,nan,nan,nan,nan,nan
2.000,0.000,0.8002,3.1583,-89.997,0.8093,3.1604,-89.992,-0.0021,0.0091,0.0094,0.005,0.8093,3.1604,0.005,0.0000,0.0000,-89.997,0.000,0.0000,0.000,0.0001,0.0234,0.0175,0.7474,1,0.0000,0.0000,nan,2.9308,0.7970,0.0316,-0.1687,0.8000,0.0765,0.1097,0.4113,30.2531,0.0800,0.0002,0.1750
2.050,0.000,0.8002,3.1583,-89.997,0.8093,3.1604,-89.992,-0.0021,0.0091,0.0094,0.005,0.8093,3.1604,0.005,0.0000,0.0000,-89.997,0.000,0.0000,0.000,0.0001,0.0234,0.0177,0.7566,1,0.0000,0.0000,nan,2.9308,0.7970,0.0316,-0.1687,0.8000,0.0765,0.1097,0.4113,30.2531,0.0800,-0.0001,0.1750
2.100,0.000,0.8003,3.1582,-89.997,0.8093,3.1604,-89.992,-0.0022,0.0090,0.0093,0.004,0.8093,3.1604,0.005,0.0000,0.0000,-89.997,0.031,-0.0019,0.004,0.0002,0.0234,0.0178,0.7638,1,0.0000,0.0000,nan,2.9308,0.7970,0.0316,-0.1687,0.8000,0.0765,0.1097,0.4113,30.2531,0.0800,-0.0001,0.1750
2.150,0.000,0.8003,3.1582,-89.997,0.8093,3.1604,-89.992,-0.0022,0.0090,0.0093,0.004,0.8093,3.1604,0.005,0.0000,0.0000,-89.997,0.031,-0.0019,0.004,0.0002,0.0234,0.0178,0.7638,1,0.0423,0.0487,nan,2.9308,0.8393,0.0332,-0.1333,0.8000,0.0775,0.1095,0.4113,30.2531,0.0800,5.3576,0.1750
2.200,0.017,0.8002,3.1419,-90.251,0.8093,3.1531,-89.999,-0.0112,0.0091,0.0144,0.252,0.8093,3.1604,0.005,0.0000,-0.0073,-90.004,0.413,-0.1127,0.056,0.0091,0.0233,0.0124,0.5306,1,0.3845,0.7646,nan,3.0294,1.2071,0.0478,-0.1432,0.8000,0.0851,0.0583,0.3454,30.3529,0.0800,5.2605,0.1750
2.250,0.061,0.7998,3.0978,-90.900,0.8105,3.0574,-90.703,0.0402,0.0113,0.0418,0.197,0.8112,3.1629,-0.033,-0.0006,-0.1055,-90.670,0.762,-0.1564,0.108,0.0450,0.0251,0.0124,0.4943,1,0.6547,0.7646,nan,3.1297,1.4773,0.0585,-0.1144,0.8000,0.0880,0.0527,0.3454,30.3529,0.0800,5.2605,0.1750
2.300,0.110,0.7987,3.0487,-91.490,0.8090,3.0044,-91.487,0.0440,0.0114,0.0455,0.003,0.8112,3.1629,-0.033,-0.0021,-0.1585,-91.454,0.865,-0.2023,0.159,0.0489,0.0234,0.0167,0.7146,1,0.7802,0.8117,nan,3.2307,1.6283,0.0645,-0.1059,0.8000,0.0896,0.0061,0.2774,30.4527,0.0800,2.4946,0.1750
2.350,0.178,0.7964,2.9804,-92.345,0.8070,2.9510,-92.252,0.0290,0.0117,0.0313,0.093,0.8112,3.1629,-0.033,-0.0041,-0.2119,-92.219,1.190,-0.2055,0.236,0.0340,0.0267,0.0208,0.7820,1,0.8203,0.8328,nan,3.2307,1.6684,0.0661,-0.0643,0.8000,0.0892,-0.0072,0.2774,30.4527,0.0800,6.0743,0.1750
2.400,0.178,0.7964,2.9804,-92.345,0.8078,2.9453,-92.390,0.0346,0.0128,0.0369,-0.044,0.8125,3.1573,-0.170,-0.0041,-0.2119,-92.219,1.190,-0.2055,0.236,0.0340,0.0267,0.0211,0.7900,1,1.0920,1.2137,nan,3.3322,1.9641,0.0778,-0.0325,0.8000,0.0861,-0.0468,0.2139,30.5526,0.0800,6.1300,0.1750
2.450,0.270,0.7920,2.8884,-93.158,0.8023,2.8354,-93.014,0.0524,0.0132,0.0540,0.144,0.8110,3.1609,0.203,-0.0099,-0.3255,-93.217,1.534,-0.1511,0.336,0.0557,0.0240,0.0229,0.9523,1,1.2427,1.2868,nan,3.4327,2.1362,0.0846,-0.0051,0.8000,0.0818,-0.0739,0.1431,30.6524,0.0800,6.1300,0.1750
2.500,0.374,0.7857,2.7849,-93.727,0.7951,2.7340,-93.486,0.0501,0.0127,0.0517,0.241,0.8098,3.1653,0.278,-0.0168,-0.4312,-93.764,1.651,-0.0922,0.442,0.0578,0.0228,0.0133,0.5826,1,1.3338,1.3615,nan,3.5310,2.2439,0.0889,-0.0130,0.8000,0.0759,-0.0824,0.0803,30.7523,0.0800,3.1090,0.1750
2.550,0.374,0.7857,2.7849,-93.727,0.7951,2.7340,-93.486,0.0501,0.0127,0.0517,0.241,0.8098,3.1653,0.278,-0.0168,-0.4312,-93.764,1.651,-0.0922,0.442,0.0578,0.0228,0.0133,0.5826,1,1.4776,1.5221,nan,3.6258,2.3955,0.0949,0.0033,0.8000,0.0674,-0.0875,0.0173,30.8521,0.0800,7.0896,0.1750
2.600,0.508,0.7765,2.6512,-94.096,0.7879,2.6169,-93.871,0.0334,0.0138,0.0361,0.225,0.8111,3.1716,0.249,-0.0257,-0.5545,-94.120,1.920,-0.0440,0.582,0.0475,0.0225,0.0083,0.3676,1,1.7534,1.8967,nan,3.8061,2.6708,0.1058,0.0311,0.9452,0.0560,-0.0892,-0.0050,30.9520,0.0800,6.6042,0.1750
2.650,0.664,0.7651,2.4960,-94.264,0.7759,2.4403,-94.172,0.0547,0.0149,0.0567,0.091,0.8130,3.1662,0.115,-0.0385,-0.7258,-94.288,2.179,0.0074,0.745,0.0636,0.0222,0.0095,0.4284,1,1.8603,1.8967,nan,3.8920,2.7728,0.1098,0.0419,1.0029,0.0480,-0.0913,-0.0092,31.0518,0.0800,6.6042,0.1750
2.700,0.664,0.7651,2.4960,-94.264,0.7759,2.4403,-94.172,0.0547,0.0149,0.0567,0.091,0.8130,3.1662,0.115,-0.0385,-0.7258,-94.288,2.179,0.0074,0.745,0.0636,0.0222,0.0095,0.4284,1,2.0743,2.1623,nan,3.9752,2.9765,0.1179,0.0486,1.1183,0.0353,-0.0880,-0.0132,31.2515,0.0800,4.0531,0.1750
2.750,0.839,0.7521,2.3213,-94.197,0.7646,2.2767,-93.923,0.0436,0.0157,0.0463,0.273,0.8106,3.1666,0.312,-0.0509,-0.8896,-94.235,2.366,0.1190,0.927,0.0527,0.0217,0.0065,0.3020,1,2.3908,2.7027,nan,4.2109,3.2877,0.1302,0.0347,1.2889,0.0226,-0.0727,-0.0190,31.3514,0.0800,6.5254,0.1750
2.800,1.016,0.7401,2.1443,-93.524,0.7521,2.0529,-93.274,0.0905,0.0175,0.0922,0.250,0.8104,3.1732,0.432,-0.0668,-1.1199,-93.705,2.663,0.2011,1.115,0.1061,0.0211,0.0061,0.2899,1,2.6063,2.7027,nan,4.2852,3.4926,0.1383,0.0312,1.4050,0.0126,-0.0626,-0.0247,31.5510,0.0800,6.5254,0.1750
2.850,1.200,0.7299,1.9611,-92.773,0.7435,1.8937,-92.398,0.0667,0.0169,0.0688,0.375,0.8097,3.1722,0.402,-0.0751,-1.2780,-92.800,2.905,0.1451,1.309,0.0810,0.0200,0.0081,0.4052,1,2.6044,2.6250,nan,4.4281,3.4853,0.1380,0.0124,1.4040,0.0107,-0.0398,-0.0263,31.6509,0.0800,4.8998,0.1750
2.900,1.200,0.7299,1.9611,-92.773,0.7435,1.8937,-92.398,0.0667,0.0169,0.0688,0.375,0.8097,3.1722,0.402,-0.0751,-1.2780,-92.800,2.905,0.1451,1.309,0.0810,0.0200,0.0081,0.4052,1,2.8953,3.1069,nan,4.5642,3.7658,0.1491,0.0067,1.5608,0.0025,-0.0298,-0.0302,31.8506,0.0800,7.3653,0.1750
2.950,1.391,0.7215,1.7696,-92.259,0.7325,1.6239,-91.888,0.1452,0.0167,0.1461,0.370,0.8105,3.1612,0.271,-0.0853,-1.5369,-92.159,3.227,0.0759,1.517,0.1484,0.0193,0.0087,0.4504,1,2.8123,2.8226,nan,4.6299,3.6779,0.1457,0.0060,1.5168,-0.0004,-0.0265,-0.0272,31.9504,0.0800,3.1879,0.1750
3.000,1.626,0.7128,1.5350,-92.011,0.7275,1.4420,-91.674,0.0924,0.0180,0.0942,0.338,0.8105,3.1612,0.271,-0.0911,-1.7188,-91.945,3.359,0.0619,1.758,0.0956,0.0178,0.0040,0.2269,1,2.8018,2.8226,nan,4.6941,3.6582,0.1449,0.0063,1.5137,-0.0070,-0.0196,-0.0235,32.1501,0.0800,3.1879,0.1750
3.050,1.626,0.7128,1.5350,-92.011,0.7267,1.4371,-91.987,0.0973,0.0174,0.0989,0.024,0.8191,3.1558,-0.042,-0.0911,-1.7188,-91.945,3.359,0.0619,1.758,0.0956,0.0178,0.0018,0.1007,1,3.1045,3.3796,nan,4.8787,3.9516,0.1565,0.0072,1.6789,-0.0139,-0.0187,-0.0254,32.3498,0.0800,0.9929,0.1750
3.100,1.902,0.7035,1.2591,-91.831,0.7149,1.1458,-91.468,0.1129,0.0150,0.1139,0.363,0.8051,3.1489,0.286,-0.1002,-2.0027,-91.754,3.574,0.0332,2.045,0.1035,0.0159,0.0062,0.3899,1,3.3736,3.9459,nan,5.0522,4.2121,0.1668,0.0012,1.8246,-0.0192,-0.0088,-0.0253,32.5495,0.0800,0.2677,0.1750
3.150,2.157,0.6957,1.0046,-91.700,0.7055,0.7935,-91.395,0.2107,0.0161,0.2113,0.305,0.8051,3.1489,0.286,-0.1113,-2.3549,-91.680,3.634,0.0391,2.303,0.2013,0.0144,0.0036,0.2480,1,3.6692,3.9459,nan,5.2768,4.5090,0.1786,-0.0027,1.9879,-0.0202,-0.0006,-0.0191,32.8490,0.0800,0.2677,0.1750
3.200,2.157,0.6957,1.0046,-91.700,0.7070,0.7827,-91.620,0.2215,0.0179,0.2222,0.080,0.8158,3.1376,0.061,-0.1113,-2.3549,-91.680,3.634,0.0391,2.303,0.2013,0.0144,0.0013,0.0899,1,3.3604,3.2889,nan,5.2768,4.1817,0.1656,-0.0015,1.8206,-0.0190,-0.0005,-0.0226,32.9489,0.0800,3.3688,0.1750
3.250,2.471,0.6869,0.6909,-91.536,0.7029,0.5704,-91.354,0.1200,0.0192,0.1216,0.182,0.8129,3.1490,0.158,-0.1171,-2.5783,-91.511,3.861,-0.0161,2.632,0.1110,0.0129,0.0039,0.2978,1,3.2749,3.2889,nan,5.4184,4.1848,0.1657,-0.0043,1.7789,-0.0188,0.0033,-0.0169,33.0487,0.0800,3.3688,0.1750
3.300,2.809,0.6777,0.3528,-91.617,0.6941,0.2697,-91.063,0.0826,0.0187,0.0847,0.554,0.7925,3.1684,0.535,-0.1255,-2.8976,-91.599,4.190,-0.0078,2.991,0.0921,0.0127,0.0056,0.4393,1,3.5745,3.9265,nan,5.6199,4.5831,0.1815,-0.0051,1.9429,-0.0164,0.0054,-0.0158,33.3483,0.0800,6.7750,0.1750
3.352,3.063,0.6705,0.0988,-91.651,0.6859,-0.1594,-91.110,0.2577,0.0228,0.2587,0.541,0.7925,3.1684,0.535,-0.1377,-3.3266,-91.646,4.174,-0.0280,3.245,0.2673,0.0141,0.0077,0.5462,1,3.7526,5.2755,nan,5.8706,4.7575,0.1884,-0.0117,2.0426,-0.0117,0.0163,-0.0112,33.6478,0.0800,-1.0958,0.1750
3.400,3.063,0.6705,0.0988,-91.651,0.6867,-0.1738,-91.002,0.2720,0.0241,0.2730,0.649,0.7870,3.1542,0.644,-0.1377,-3.3266,-91.646,4.174,-0.0280,3.245,0.2673,0.0127,0.0058,0.4540,1,3.9069,3.9851,nan,5.9303,4.9124,0.1946,-0.0123,2.1301,-0.0079,0.0186,-0.0109,33.8475,0.0800,4.2191,0.1750
3.450,3.324,0.6628,-0.1618,-91.767,0.6790,-0.3492,-91.165,0.1868,0.0219,0.1881,0.601,0.7860,3.1379,0.584,-0.1426,-3.4858,-91.749,4.357,-0.0690,3.519,0.1657,0.0128,0.0046,0.3598,1,4.2034,4.5074,nan,6.1032,5.2157,0.2066,-0.0109,2.1810,-0.0034,0.0170,-0.0107,34.1470,0.0800,3.5975,0.1750
3.500,3.631,0.6526,-0.4689,-92.096,0.6668,-0.6929,-92.121,0.2233,0.0224,0.2244,-0.025,0.8259,3.1457,-0.072,-0.1543,-3.8388,-92.050,4.534,-0.0842,3.839,0.2117,0.0128,0.0006,0.0487,1,4.3873,4.5074,nan,6.2673,5.4030,0.2140,-0.0084,2.1810,-0.0041,0.0144,-0.0105,34.3467,0.0800,3.5975,0.1750
3.550,3.922,0.6413,-0.7598,-92.394,0.6545,-0.9711,-92.470,0.2106,0.0220,0.2117,-0.076,0.8259,3.1457,-0.072,-0.1663,-4.1171,-92.399,4.709,-0.0660,4.144,0.1991,0.0136,0.0111,0.8150,1,4.4305,4.4821,nan,6.3721,5.4387,0.2154,0.0036,2.1791,-0.0126,-0.0015,-0.0101,34.5464,0.0800,3.3998,0.1750
3.600,3.922,0.6413,-0.7598,-92.394,0.6576,-0.9696,-92.130,0.2090,0.0250,0.2105,0.264,0.8045,3.1482,0.269,-0.1663,-4.1171,-92.399,4.709,-0.0660,4.144,0.1991,0.0136,0.0022,0.1636,1,4.6705,4.8744,nan,6.5717,5.6816,0.2250,0.0011,2.1791,-0.0077,0.0037,-0.0062,34.8459,0.0800,6.0665,0.1750
3.650,4.204,0.6291,-1.0413,-92.592,0.6471,-1.3336,-92.053,0.2912,0.0312,0.2929,0.539,0.7837,3.1095,0.575,-0.1812,-4.4416,-92.627,4.977,-0.0192,4.448,0.2422,0.0128,0.0063,0.4938,1,4.8280,4.9473,nan,6.7132,5.8359,0.2311,-0.0038,2.1787,0.0009,0.0109,-0.0016,35.1455,0.0800,3.5847,0.1750
3.700,4.575,0.6126,-1.4118,-92.476,0.6329,-1.7223,-91.646,0.3093,0.0337,0.3111,0.830,0.7447,3.0953,1.028,-0.1983,-4.8148,-92.674,5.173,0.0119,4.836,0.2450,0.0128,0.0117,0.9204,1,4.8801,4.9473,nan,6.8040,5.8818,0.2329,-0.0027,2.1787,0.0036,0.0101,0.0016,35.3451,0.0800,3.5847,0.1750
3.751,4.575,0.6126,-1.4118,-92.476,0.6329,-1.7223,-91.646,0.3093,0.0337,0.3111,0.830,0.7447,3.0953,1.028,-0.1983,-4.8148,-92.674,5.173,0.0119,4.836,0.2450,0.0128,0.0117,0.9204,1,5.0571,5.2095,nan,6.9350,6.0523,0.2397,-0.0115,2.1787,0.0145,0.0231,0.0047,35.7445,0.0800,3.9825,0.1750
3.800,4.982,0.5951,-1.8190,-92.459,0.6235,-2.1176,-91.204,0.2971,0.0412,0.2999,1.255,0.7269,3.1107,1.220,-0.2148,-5.2249,-92.424,5.396,-0.0214,5.264,0.2478,0.0128,0.0236,1.8431,1,5.3251,5.7015,nan,7.1006,6.3264,0.2506,-0.0102,2.1787,0.0210,0.0191,0.0055,36.0441,0.0800,3.5382,0.1750
3.850,5.333,0.5798,-2.1699,-92.558,0.6119,-2.5718,-91.434,0.4001,0.0500,0.4032,1.124,0.7360,3.1136,1.115,-0.2348,-5.6820,-92.549,5.562,-0.0676,5.632,0.3541,0.0128,0.0233,1.8170,1,5.5097,5.7015,nan,7.2184,6.5100,0.2578,-0.0114,2.1787,0.0280,0.0193,0.0130,36.3436,0.0800,3.5382,0.1750
3.900,5.770,0.5589,-2.6058,-93.008,0.6038,-2.8480,-91.695,0.2395,0.0575,0.2463,1.312,0.7360,3.1136,1.115,-0.2483,-5.9579,-92.811,5.765,-0.1016,6.090,0.1940,0.0147,0.0342,2.3296,1,5.1663,5.0313,nan,7.2943,6.1342,0.2429,-0.0055,2.1787,0.0269,0.0104,0.0051,36.4435,0.0800,3.3993,0.1750
3.950,5.770,0.5589,-2.6058,-93.008,0.6022,-2.8365,-91.671,0.2281,0.0553,0.2347,1.336,0.7319,3.1252,1.140,-0.2483,-5.9579,-92.811,5.765,-0.1016,6.090,0.1940,0.0147,0.0333,2.2713,1,5.3223,6.9751,nan,7.4400,6.2785,0.2487,0.0028,2.1787,0.0238,-0.0043,0.0109,36.9427,0.0800,5.3117,0.1750
4.000,6.190,0.5356,-3.0255,-93.391,0.5809,-3.3828,-91.939,0.3540,0.0664,0.3602,1.452,0.6977,3.1631,1.449,-0.2823,-6.5409,-93.388,6.011,-0.0618,6.536,0.3576,0.0136,0.0388,2.8553,1,5.4767,6.8677,nan,7.5782,6.4303,0.2547,0.0068,2.1787,0.0202,-0.0099,0.0146,37.2422,0.0800,-0.5110,0.1900
4.050,6.532,0.5149,-3.3668,-93.576,0.5530,-3.8094,-92.218,0.4393,0.0657,0.4442,1.358,0.6934,3.1436,1.388,-0.3087,-6.9475,-93.606,5.992,-0.0088,6.880,0.4231,0.0151,0.0312,2.0673,1,5.6347,6.8677,nan,7.4698,6.6286,0.2625,0.0072,2.3690,0.0199,-0.0119,0.0096,37.6416,0.0800,-0.5110,0.1900
4.100,6.948,0.4892,-3.7818,-93.459,0.5292,-4.1921,-92.486,0.4072,0.0647,0.4123,0.973,0.7160,3.0842,1.125,-0.3296,-7.2712,-93.612,6.065,0.0633,7.307,0.3317,0.0129,0.0323,2.5079,1,5.6219,5.6828,nan,7.5310,6.6050,0.2616,0.0096,2.3690,0.0066,-0.0114,0.0078,37.8413,0.0800,1.0828,0.1900
4.150,6.948,0.4892,-3.7818,-93.459,0.5292,-4.1921,-92.486,0.4072,0.0647,0.4123,0.973,0.7160,3.0842,1.125,-0.3296,-7.2712,-93.612,6.065,0.0633,7.307,0.3317,0.0129,0.0323,2.5079,1,5.8391,6.1121,nan,7.6778,6.8226,0.2702,0.0113,2.3690,-0.0053,-0.0106,0.0085,38.2407,0.0800,1.8301,0.1900
4.200,7.321,0.4674,-4.1539,-93.225,0.5042,-4.5994,-92.349,0.4427,0.0618,0.4470,0.876,0.7388,3.0890,0.882,-0.3529,-7.6839,-93.231,6.150,0.0790,7.692,0.3723,0.0128,0.0332,2.5844,1,5.9723,6.1377,nan,7.7512,6.9526,0.2754,0.0106,2.3690,-0.0074,-0.0088,0.0123,38.5402,0.0800,2.4226,0.1900
4.250,7.694,0.4472,-4.5263,-92.891,0.4829,-5.0048,-92.625,0.4761,0.0598,0.4799,0.266,0.8072,3.0388,0.336,-0.3714,-8.0415,-92.961,6.267,0.0967,8.080,0.3574,0.0128,0.0188,1.4668,1,6.2294,6.7108,nan,7.7512,7.2144,0.2857,0.0135,2.3729,-0.0221,-0.0098,0.0060,38.9396,0.0800,1.4287,0.1900
4.300,8.119,0.4269,-4.9517,-92.475,0.4641,-5.5000,-90.978,0.5462,0.0608,0.5496,1.497,0.6309,3.0526,1.522,-0.3939,-8.5452,-92.500,6.433,0.1095,8.526,0.4357,0.0128,0.0442,3.4593,1,6.4243,6.7108,nan,7.7512,7.4129,0.2936,0.0208,2.3729,-0.0409,-0.0168,0.0060,39.2391,0.0800,1.4287,0.1900
4.350,8.119,0.4269,-4.9517,-92.475,0.4641,-5.5000,-90.978,0.5462,0.0608,0.5496,1.497,0.6309,3.0526,1.522,-0.3939,-8.5452,-92.500,6.433,0.1095,8.526,0.4357,0.0128,0.0442,3.4593,1,6.3172,6.3521,nan,7.7512,6.8225,0.2702,0.0055,2.3729,-0.0303,0.0084,0.0098,39.5386,0.0800,2.7528,0.1900
4.400,8.595,0.4079,-5.4270,-91.995,0.4458,-5.9261,-90.222,0.4975,0.0552,0.5005,1.772,0.5748,3.0629,1.796,-0.4107,-8.9805,-92.018,6.601,0.1940,9.025,0.3957,0.0126,0.0500,3.9528,1,6.5290,6.8656,nan,7.7512,7.0513,0.2793,-0.0016,2.3746,-0.0227,0.0187,0.0034,39.9380,0.0800,4.9166,0.1900
4.451,9.040,0.3949,-5.8716,-91.205,0.4387,-6.3830,-89.799,0.5103,0.0546,0.5133,1.406,0.6285,3.1271,1.409,-0.4235,-9.5026,-91.208,6.822,0.0962,9.498,0.4730,0.0130,0.0506,3.9016,1,6.6599,6.8656,nan,7.7512,7.1926,0.2849,-0.0080,2.3762,-0.0237,0.0314,0.0065,40.2375,0.0800,4.9166,0.1900
4.500,9.467,0.3866,-6.2981,-91.010,0.4249,-6.7869,-89.769,0.4880,0.0469,0.4903,1.241,0.6673,3.1553,1.069,-0.4278,-9.9359,-90.838,6.734,0.0018,9.922,0.4797,0.0118,0.0433,3.6761,1,6.6289,6.7046,nan,7.7512,7.1592,0.2835,-0.0023,2.3762,-0.0290,0.0217,0.0075,40.5371,0.0800,-1.8811,0.1900
4.550,9.928,0.3776,-6.7600,-91.010,0.4249,-6.7869,-89.769,0.0260,0.0477,0.0544,1.241,0.6673,3.1553,1.069,-0.4278,-9.9359,-90.838,6.734,0.0018,10.400,0.0183,0.0128,0.0433,3.3933,1,6.4052,6.3757,nan,7.7512,6.9176,0.2740,0.0094,2.3777,-0.0505,0.0070,0.0027,40.8366,0.0800,1.6970,0.1900
4.600,9.928,0.3776,-6.7600,-91.322,0.4156,-7.1114,-89.724,0.3505,0.0461,0.3535,1.599,0.6195,3.1963,1.280,-0.4341,-10.3006,-91.004,6.839,-0.0848,10.400,0.3825,0.0124,0.0478,3.8538,1,6.5629,7.9286,nan,7.7512,7.0879,0.2807,0.0182,2.3695,-0.0632,-0.0041,0.0064,41.2360,0.0800,1.1086,0.1900
4.650,10.388,0.3666,-7.2196,-91.372,0.3995,-7.7192,-89.730,0.4986,0.0449,0.5006,1.642,0.4840,3.2284,1.927,-0.4526,-10.9385,-91.657,6.862,0.0796,10.869,0.5610,0.0123,0.0421,3.4138,1,6.8175,7.3725,nan,7.7512,7.3629,0.2916,0.0224,2.3636,-0.0657,-0.0100,0.0041,41.6354,0.0800,1.1086,0.1900
4.700,10.818,0.3572,-7.6495,-91.029,0.4014,-8.1353,-89.228,0.4849,0.0529,0.4878,1.801,0.4992,3.2060,1.828,-0.4596,-11.3324,-91.056,6.795,0.1438,11.298,0.5249,0.0122,0.0544,4.4669,1,6.7556,6.8173,nan,7.7512,7.2961,0.2890,0.0061,2.3587,-0.0610,0.0206,0.0022,41.8351,0.0800,-1.4436,0.1900
4.750,10.818,0.3572,-7.6495,-91.029,0.4014,-8.1353,-89.228,0.4849,0.0529,0.4878,1.801,0.4992,3.2060,1.828,-0.4596,-11.3324,-91.056,6.795,0.1438,11.298,0.5249,0.0122,0.0544,4.4669,1,6.4078,6.2381,nan,7.7512,6.9204,0.2741,0.0017,2.3550,-0.0566,0.0286,0.0044,42.1346,0.0800,0.5426,0.1900
4.801,11.364,0.3507,-8.1948,-90.213,0.3791,-8.5501,-89.631,0.3552,0.0297,0.3564,0.582,0.6743,3.1828,0.819,-0.4629,-11.7275,-90.451,6.844,0.0865,11.856,0.3746,0.0122,0.0224,1.8413,1,6.5625,7.9487,nan,7.2318,7.0875,0.2807,-0.0029,2.3442,-0.0368,0.0336,0.0024,42.6338,0.0800,1.9144,0.1900
4.850,11.833,0.3499,-8.6638,-89.969,0.3784,-9.1902,-88.541,0.5264,0.0282,0.5272,1.428,0.5519,3.2273,1.321,-0.4597,-12.4103,-89.862,6.918,0.0313,12.339,0.5882,0.0109,0.0364,3.3356,1,6.7674,7.9487,nan,6.8495,6.9119,0.2737,0.0158,2.3365,-0.0734,0.0186,0.0066,43.0332,0.0213,1.9144,0.1900
4.900,11.833,0.3499,-8.6638,-89.969,0.3784,-9.1902,-88.541,0.5264,0.0282,0.5272,1.428,0.5519,3.2273,1.321,-0.4597,-12.4103,-89.862,6.918,0.0313,12.339,0.5882,0.0109,0.0364,3.3356,1,6.7986,6.9185,nan,6.6554,6.1113,0.2420,0.0166,2.3349,-0.0781,0.0225,0.0082,0.0000,0.0800,-1.8879,0.1900
4.950,12.354,0.3505,-9.1851,-89.825,0.3706,-9.7386,-88.956,0.5536,0.0184,0.5539,0.870,0.6338,3.1768,0.864,-0.4580,-12.9100,-89.820,6.810,0.1435,12.856,0.5666,0.0105,0.0197,1.8770,1,6.4274,6.2109,nan,6.3599,5.7104,0.2262,0.0125,2.3292,-0.0699,0.0294,0.0096,0.2995,0.0800,-1.0350,0.1900
5.000,12.876,0.3548,-9.7069,-89.099,0.3715,-10.1077,-88.771,0.4010,0.0104,0.4011,0.329,0.7276,3.2248,0.418,-0.4533,-13.3295,-89.188,6.701,0.1708,13.374,0.4644,0.0098,0.0132,1.3470,1,6.2264,6.2109,nan,6.1595,5.4933,0.2176,0.0220,2.3227,-0.0876,0.0246,0.0158,0.5991,0.0800,-1.0350,0.1900
5.050,12.876,0.3548,-9.7069,-89.099,0.3715,-10.1077,-88.771,0.4010,0.0104,0.4011,0.329,0.7276,3.2248,0.418,-0.4533,-13.3295,-89.188,6.701,0.1708,13.374,0.4644,0.0098,0.0132,1.3470,1,6.4305,6.7281,nan,5.6439,5.7137,0.2263,0.0258,2.3168,-0.0879,0.0213,0.0205,0.9984,0.0800,-7.2480,0.1900
5.100,13.330,0.3642,-10.1614,-88.397,0.3812,-10.6240,-87.920,0.4629,0.0040,0.4629,0.477,0.7026,3.2227,0.486,-0.4389,-13.8434,-88.406,6.330,0.1672,13.798,0.5237,0.0080,0.0138,1.7327,1,6.1273,6.0198,nan,5.5378,5.3863,0.2133,0.0234,2.3133,-0.0785,0.0256,0.0206,1.1982,0.0800,-3.7280,0.1900
5.150,13.807,0.3807,-10.6380,-87.462,0.3795,-11.0223,-87.644,0.3839,-0.0182,0.3843,-0.183,0.7905,3.2123,0.045,-0.4222,-14.2342,-87.690,5.811,0.2313,14.232,0.4380,0.0079,0.0056,0.7076,1,5.9985,6.0198,nan,5.2120,5.2471,0.2078,0.0241,2.3078,-0.0785,0.0281,0.0226,1.4977,0.0800,-3.7280,0.1900
5.200,13.807,0.3807,-10.6380,-87.462,0.3795,-11.0223,-87.644,0.3839,-0.0182,0.3843,-0.183,0.7905,3.2123,0.045,-0.4222,-14.2342,-87.690,5.811,0.2313,14.232,0.4380,0.0079,0.0056,0.7076,1,5.8571,5.8732,nan,4.8733,4.9921,0.1977,0.0262,2.3024,-0.0881,0.0314,0.0280,1.7972,0.0583,-2.6121,0.1900
5.250,14.237,0.4028,-11.0674,-86.481,0.4097,-11.5002,-86.924,0.4324,-0.0196,0.4329,-0.443,0.9350,3.1839,-0.515,-0.3932,-14.6882,-86.409,5.633,0.2095,14.650,0.4625,0.0054,0.0080,1.4735,1,5.4893,5.3008,nan,4.7571,4.6972,0.1860,0.0254,2.1572,-0.0772,0.0342,0.0333,1.9969,0.0800,-5.6213,0.1900
5.300,14.658,0.4315,-11.4875,-85.572,0.4348,-11.8685,-86.051,0.3801,-0.0261,0.3810,-0.478,0.9229,3.1639,-0.469,-0.3650,-15.0358,-85.582,5.319,0.2116,15.048,0.3900,0.0060,0.0063,1.0540,1,5.3059,5.3008,nan,4.4186,4.4992,0.1782,0.0348,1.8563,-0.0746,0.0251,0.0343,2.2964,0.0800,-5.6213,0.1900
5.350,14.658,0.4315,-11.4875,-85.572,0.4348,-11.8685,-86.051,0.3801,-0.0261,0.3810,-0.478,0.9229,3.1639,-0.469,-0.3650,-15.0358,-85.582,5.319,0.2116,15.048,0.3900,0.0060,0.0063,1.0540,1,5.3119,5.3730,nan,4.1098,4.0627,0.1609,0.0373,1.6185,-0.0683,0.0261,0.0366,2.5960,-0.0262,-5.0349,0.1900
5.400,15.031,0.4626,-11.8593,-84.701,0.4624,-12.2230,-84.514,0.3621,-0.0338,0.3637,0.187,0.7581,3.2280,0.125,-0.3295,-15.4503,-84.639,5.054,0.2509,15.403,0.4327,0.0046,0.0033,0.7160,1,4.9065,4.6178,nan,4.0033,4.0955,0.1622,0.0336,1.4771,-0.0595,0.0307,0.0423,2.7957,0.0800,-7.8577,0.1900
5.450,15.384,0.4981,-12.2102,-83.606,0.4969,-12.5184,-83.462,0.3061,-0.0355,0.3082,0.145,0.7581,3.2280,0.125,-0.2956,-15.7458,-83.587,4.662,0.2561,15.729,0.3773,0.0014,0.0026,1.7955,1,4.6553,4.6178,nan,3.8948,3.8530,0.1526,0.0156,1.4101,-0.0464,0.0496,0.0390,2.8955,0.0800,-7.8577,0.1900
5.502,15.724,0.5388,-12.5475,-82.506,0.5221,-12.7625,-82.920,0.2110,-0.0445,0.2156,-0.414,0.8407,3.2005,-0.190,-0.2658,-15.9639,-82.731,4.222,0.1632,16.040,0.2582,0.0425,0.0251,0.5907,1,4.3218,4.2229,nan,3.6708,3.7414,0.1482,0.0165,1.2722,-0.0418,0.0485,0.0427,3.0952,0.0800,-5.3762,0.1900
5.550,15.724,0.5388,-12.5475,-82.506,0.5251,-12.6907,-82.241,0.1402,-0.0322,0.1439,0.265,0.6547,3.2749,0.489,-0.2658,-15.9639,-82.731,4.222,0.1632,16.040,0.2582,0.0018,0.0059,3.2700,1,4.5833,5.2187,nan,3.3139,3.3838,0.1340,0.0265,1.1920,-0.0248,0.0436,0.0485,3.3947,-0.0800,-5.9474,0.1900
5.600,15.969,0.5715,-12.7903,-82.143,0.5769,-13.0835,-82.205,0.2911,-0.0347,0.2932,-0.062,0.8846,3.3019,-0.359,-0.2050,-16.3869,-81.846,3.962,0.1024,16.269,0.4390,0.0015,0.0078,5.1409,1,4.3160,4.2724,nan,3.0634,3.1303,0.1240,0.0200,1.1914,0.0044,0.0540,0.0521,3.5944,-0.0800,-5.9474,0.1900
5.650,16.231,0.6081,-13.0500,-81.748,0.5867,-13.1509,-82.135,0.0968,-0.0357,0.1032,-0.387,0.8846,3.3019,-0.359,-0.1949,-16.4543,-81.776,3.751,0.1437,16.519,0.2461,0.0039,0.0280,7.1676,1,3.9893,3.3045,nan,3.1888,3.2383,0.1282,0.0327,1.1882,-0.0101,0.0351,0.0521,3.5944,0.0287,-4.2870,0.1900
5.700,16.478,0.6448,-13.2947,-81.144,0.6314,-13.4585,-81.550,0.1598,-0.0384,0.1644,-0.406,0.8846,3.3019,-0.359,-0.1482,-16.7617,-81.191,3.452,0.1736,16.751,0.3087,0.0017,0.0217,13.0189,1,3.9443,3.9694,nan,2.9395,2.8238,0.1118,0.0695,1.1748,-0.0005,0.0350,0.0522,3.7941,-0.0670,-6.5750,0.1900
5.750,16.478,0.6448,-13.2947,-81.144,0.6357,-13.4085,-80.320,0.1110,-0.0265,0.1141,0.824,0.5292,3.3535,0.871,-0.1482,-16.7617,-81.191,3.452,0.1736,16.751,0.3087,0.0017,0.0059,3.5366,1,3.5776,3.4314,nan,2.9395,3.0517,0.1209,0.0230,1.0656,0.0227,0.0620,0.0520,3.8939,0.0800,-4.4659,0.1900
5.800,16.699,0.6799,-13.5126,-80.436,0.6684,-13.5477,-79.278,0.0327,-0.0171,0.0369,1.157,0.4518,3.4357,1.103,-0.1102,-16.9844,-80.381,3.210,0.3303,16.958,0.3136,0.0030,0.0097,3.2059,1,3.4285,3.4314,nan,2.7016,2.7869,0.1104,0.0530,1.0212,0.0332,0.0653,0.0550,3.9938,0.0494,-4.4659,0.1900
5.851,16.934,0.7218,-13.7441,-79.032,0.6997,-13.6922,-77.931,-0.0551,-0.0118,0.0564,1.100,0.4518,3.4357,1.103,-0.0817,-17.1295,-79.034,2.882,0.2367,17.178,0.2271,0.0561,0.0435,0.7764,1,3.0398,2.7359,nan,2.8190,2.5207,0.0998,-0.0371,0.9054,0.0455,0.0946,0.0550,3.9938,0.0800,-7.3495,0.1900
5.900,16.934,0.7218,-13.7441,-79.032,0.7012,-13.6230,-77.842,-0.1228,0.0029,0.1229,1.189,0.4267,3.5045,1.191,-0.0817,-17.1295,-79.034,2.882,0.2367,17.178,0.2271,0.0065,0.0135,2.0681,1,2.9639,2.9768,nan,2.7016,2.4536,0.0972,-0.0904,0.8828,0.0737,0.0989,0.0559,4.0936,0.0800,-2.6943,0.1900
5.950,17.148,0.7642,-13.9534,-78.234,0.7447,-13.8025,-76.822,-0.1517,0.0117,0.1521,1.412,0.3961,3.5423,1.267,-0.0349,-17.3483,-78.089,2.715,-0.1480,17.384,0.2366,0.0038,0.0186,4.8465,1,2.9442,2.9650,nan,2.5880,2.4902,0.0986,-0.0033,0.8769,0.0886,0.0908,0.1601,4.2933,0.0800,-2.6943,0.1900
6.000,17.311,0.7968,-14.1127,-78.784,0.7867,-13.9432,-77.307,-0.1682,0.0230,0.1698,1.477,0.3256,3.5901,1.490,0.0051,-17.5394,-78.797,2.548,-0.2734,17.539,0.2685,0.0081,0.0291,3.5789,1,2.9417,2.9650,nan,2.4781,2.5336,0.1003,0.1202,0.8762,0.0939,0.0355,0.2477,4.3932,0.0800,-4.4111,0.1930
6.050,17.470,0.8262,-14.2693,-80.007,0.8067,-14.0417,-78.247,-0.2275,0.0203,0.2284,1.760,0.3256,3.5901,1.490,0.0226,-17.6384,-79.736,2.461,-0.1537,17.694,0.2108,0.0102,0.0381,3.7414,1,2.5661,2.3438,nan,2.5710,2.5748,0.1020,0.0724,0.8000,0.0996,0.0194,0.2477,4.3932,0.0022,-2.8666,0.1930
6.100,17.470,0.8262,-14.2693,-80.007,0.8067,-14.0417,-78.247,-0.2275,0.0203,0.2284,1.760,0.3256,3.5901,1.490,0.0226,-17.6384,-79.736,2.461,-0.1537,17.694,0.2108,0.0102,0.0381,3.7414,1,2.5529,2.5713,nan,2.3567,2.1822,0.0864,0.2701,0.8000,0.0983,-0.0176,0.3414,4.4930,0.0800,0.4511,0.1930
6.150,17.603,0.8498,-14.4005,-79.030,0.8458,-14.1859,-78.957,-0.2115,0.0369,0.2147,0.073,0.2677,3.6389,1.684,0.0541,-17.8341,-80.641,2.470,0.4616,17.828,0.2753,0.0061,0.0526,8.6190,1,2.1752,1.8760,nan,2.3567,2.4946,0.0988,0.2289,0.8000,0.0991,0.0055,0.3414,4.4930,0.0799,0.1310,0.1930
6.200,17.803,0.8901,-14.5965,-77.711,0.8684,-14.2629,-75.495,-0.3306,0.0498,0.3343,2.216,0.2677,3.6389,1.684,0.0744,-17.9117,-77.179,2.485,0.3537,18.028,0.1577,0.0090,0.0970,10.8343,1,1.9258,1.8760,nan,2.3567,2.2458,0.0889,0.2149,0.8000,0.1227,0.0341,0.4280,4.5929,0.0800,0.1310,0.1930
6.250,17.803,0.8901,-14.5965,-77.711,0.8684,-14.2629,-75.495,-0.3306,0.0498,0.3343,2.216,0.2677,3.6389,1.684,0.0744,-17.9117,-77.179,2.485,0.3537,18.028,0.1577,0.0090,0.0970,10.8343,1,2.1622,2.8751,nan,2.0607,1.9313,0.0765,0.6032,0.8000,0.1117,-0.0667,0.6127,4.7926,0.0800,-7.1661,0.1930
6.300,17.974,0.9307,-14.7621,-74.232,0.9323,-14.5753,-74.249,-0.1793,0.0523,0.1868,-0.017,0.1504,3.5834,2.047,0.1329,-18.1750,-76.296,2.214,0.7426,18.189,0.2547,0.0077,0.0561,7.3250,1,2.2669,2.3069,nan,1.9709,2.0767,0.0822,0.6483,0.8000,0.1197,-0.0474,0.7102,4.8924,0.0800,-0.2038,0.1930
6.350,18.135,0.9786,-14.9159,-71.100,0.9910,-14.7413,-69.240,-0.1612,0.0683,0.1751,1.860,0.1831,3.5323,1.967,0.1802,-18.2906,-71.207,2.150,0.8659,18.348,0.2164,0.0077,0.0677,8.8377,1,2.2857,2.3069,nan,1.8550,1.8596,0.0736,0.7822,0.8000,0.0799,-0.1665,0.9210,5.0921,0.0027,-0.2038,0.1930
6.400,18.276,1.0297,-15.0472,-65.281,1.0483,-14.8776,-65.738,-0.1463,0.0878,0.1706,-0.457,0.1831,3.5323,1.967,0.2327,-18.4288,-67.705,1.863,1.8445,18.483,0.2234,0.0219,0.0595,2.7132,1,2.2297,2.2394,nan,1.8442,1.8228,0.0722,0.8174,0.8000,0.0329,-0.3231,1.1698,5.2918,-0.0124,-6.4305,0.1930
6.450,18.276,1.0297,-15.0472,-65.281,1.0488,-14.9022,-66.167,-0.1237,0.0780,0.1462,-0.886,0.3217,3.5137,1.538,0.2327,-18.4288,-67.705,1.863,1.8445,18.483,0.2234,0.0219,0.0464,2.1150,1,2.0207,1.9912,nan,1.8442,1.8840,0.0746,0.9683,0.8000,0.0177,-0.2783,1.3098,5.3916,0.0230,-3.5575,0.1930
6.500,18.397,1.0876,-15.1538,-57.330,1.1148,-15.0358,-57.107,-0.0846,0.0866,0.1211,0.223,0.6887,3.4993,0.371,0.3059,-18.5375,-57.478,1.724,2.1927,18.607,0.2262,0.0184,0.0513,2.7924,1,1.7545,1.6923,nan,1.8433,1.9108,0.0757,1.0000,0.8000,-0.0010,-0.3064,1.4690,5.4915,0.0391,-2.6896,0.1930
6.550,18.522,1.1637,-15.2532,-47.662,1.1911,-15.1139,-47.304,-0.0846,0.1141,0.1420,0.358,0.6887,3.4993,0.371,0.3817,-18.6160,-47.675,1.637,2.3588,18.742,0.2053,0.0201,0.0649,3.2288,1,1.6886,1.6923,nan,1.8433,1.9609,0.0777,1.0000,0.8000,-0.0299,-0.2073,1.4690,5.4915,0.0681,-2.6896,0.1930
6.600,18.522,1.1637,-15.2532,-47.662,1.1938,-15.1434,-47.804,-0.0609,0.0962,0.1138,-0.142,0.8538,3.4734,-0.129,0.3817,-18.6160,-47.675,1.637,2.3588,18.742,0.2053,0.0201,0.0473,2.3533,1,1.7361,1.7578,nan,1.8355,1.9110,0.0757,1.0000,0.8000,-0.0698,-0.2360,1.4934,5.5913,0.0437,-1.6638,0.1930
6.650,18.641,1.2514,-15.3333,-36.792,1.2950,-15.2349,-38.087,-0.0240,0.1049,0.1076,-1.295,0.8633,3.4646,-0.167,0.4861,-18.6982,-37.921,1.594,2.7043,18.879,0.2095,0.0226,0.0352,1.5610,1,1.8655,1.9090,nan,1.8717,1.8764,0.0743,0.9693,0.8000,-0.0709,-0.2491,1.4982,5.6912,0.0027,-1.0035,0.1930
6.700,18.750,1.3444,-15.3903,-26.090,1.3962,-15.3151,-27.040,0.0135,0.0903,0.0913,-0.950,1.0294,3.4620,-0.725,0.6042,-18.7710,-26.315,1.612,2.7422,19.008,0.2304,0.0111,0.0262,2.3619,1,1.8901,1.9090,nan,1.9474,1.9909,0.0788,0.9957,0.8000,-0.1276,-0.2367,1.4998,5.7910,0.0252,-1.0035,0.1930
6.750,18.848,1.4353,-15.4258,-16.546,1.4894,-15.3509,-18.229,0.0305,0.0872,0.0924,-1.683,1.1325,3.4596,-1.081,0.7118,-18.8004,-17.148,1.600,2.7252,19.122,0.2294,0.0283,0.0313,1.1064,1,1.8994,1.9159,nan,2.0280,2.0842,0.0825,0.9331,0.8000,-0.1438,-0.2497,1.4742,5.8909,0.0326,-1.5434,0.1930
6.800,18.848,1.4353,-15.4258,-16.546,1.4894,-15.3509,-18.229,0.0305,0.0872,0.0924,-1.683,1.1325,3.4596,-1.081,0.7118,-18.8004,-17.148,1.600,2.7252,19.122,0.2294,0.0283,0.0313,1.1064,1,1.9771,2.0074,nan,2.1118,2.1727,0.0860,0.9509,0.8000,-0.1596,-0.1094,1.4742,5.8909,0.0353,-0.2721,0.1930
6.850,18.948,1.5336,-15.4462,-6.783,1.6166,-15.3748,-6.715,0.0740,0.0807,0.1095,0.068,1.0854,3.4567,-0.989,0.8562,-18.8195,-5.726,1.655,2.6454,19.242,0.2475,0.0088,0.0304,3.4388,1,1.7783,1.7493,nan,2.1118,2.1987,0.0871,0.8664,0.8000,-0.1595,-0.1343,1.3072,5.9907,0.0503,1.5714,0.1930
6.900,19.072,1.6577,-15.4488,4.490,1.7155,-15.3710,3.888,0.0638,0.0730,0.0970,-0.602,1.0069,3.4500,-0.801,0.9717,-18.8092,4.689,1.736,2.7883,19.391,0.2321,0.0055,0.0185,3.3435,1,1.7407,1.7493,nan,2.1963,2.3007,0.0911,0.8355,0.8000,-0.1643,-0.1248,1.1752,6.0905,0.0604,1.5714,0.1930
6.950,19.072,1.6577,-15.4488,4.490,1.7155,-15.3710,3.888,0.0638,0.0730,0.0970,-0.602,1.0069,3.4500,-0.801,0.9717,-18.8092,4.689,1.736,2.7883,19.391,0.2321,0.0055,0.0185,3.3435,1,1.9170,1.9800,nan,2.2833,2.3198,0.0919,0.7553,0.8000,-0.1617,0.0236,1.1752,6.0905,0.0211,-0.1478,0.1930
7.000,19.197,1.7810,-15.4268,16.028,1.8559,-15.3349,15.734,0.0973,0.0677,0.1185,-0.294,0.7777,3.4380,-0.147,1.1264,-18.7701,15.881,1.810,2.6824,19.541,0.2353,0.0026,0.0239,9.3425,1,2.0788,2.1373,nan,2.4628,2.4898,0.0986,0.6489,0.8000,-0.1445,0.0594,1.0544,6.1904,0.0157,4.7747,0.1930
7.050,19.327,1.9022,-15.3799,26.383,1.9668,-15.2800,24.973,0.1023,0.0608,0.1190,-1.409,0.8012,3.4338,-0.264,1.2518,-18.7082,25.237,1.948,2.4557,19.694,0.2265,0.0270,0.0275,1.0201,1,2.3661,2.5472,nan,2.5563,2.4394,0.0966,0.4811,0.9140,-0.1322,0.0076,0.8512,6.3901,-0.0800,2.0672,0.1930
7.100,19.445,2.0033,-15.3205,34.640,2.1229,-15.1679,36.770,0.1852,0.0575,0.1939,2.130,0.6459,3.4167,0.156,1.4264,-18.5886,36.614,2.045,2.2108,19.828,0.2488,0.0029,0.0351,11.9190,1,2.4963,2.5472,nan,2.6523,2.5946,0.1028,0.3558,1.0028,-0.1253,0.0480,0.7612,6.4899,-0.0800,2.0672,0.1930
7.150,19.445,2.0033,-15.3205,34.640,2.1229,-15.1679,36.770,0.1852,0.0575,0.1939,2.130,0.6459,3.4167,0.156,1.4264,-18.5886,36.614,2.045,2.2108,19.828,0.2488,0.0029,0.0351,11.9190,1,2.1219,1.8669,nan,2.6523,2.7375,0.1084,0.2892,0.8524,-0.1079,0.1204,0.7612,6.4899,0.0493,3.8178,0.1930
7.200,19.598,2.1224,-15.2236,43.876,2.1719,-15.1212,43.439,0.1066,0.0395,0.1137,-0.438,0.5371,3.4061,0.481,1.4793,-18.5404,42.958,2.209,2.1053,20.002,0.2231,0.0031,0.0066,2.1523,1,2.4241,2.6483,nan,2.8511,2.8149,0.1115,0.1200,1.0558,-0.0763,0.1097,0.5861,6.6896,-0.0209,3.8934,0.1930
7.250,19.770,2.2395,-15.0973,49.742,2.3104,-14.9549,51.407,0.1545,0.0380,0.1591,1.666,0.8113,3.4234,-0.396,1.6259,-18.3675,51.803,2.476,1.1176,20.186,0.2175,0.0110,0.0428,3.8919,1,2.6824,2.8260,nan,3.0557,2.9552,0.1170,0.0417,1.2169,-0.0606,0.1116,0.5030,6.7895,-0.0582,3.3222,0.1930
7.300,19.918,2.3312,-14.9814,53.468,2.4197,-14.8117,53.419,0.1890,0.0299,0.1914,-0.049,0.8222,3.4140,-0.450,1.7408,-18.2126,53.869,2.611,0.8383,20.340,0.2220,0.0012,0.0174,14.3863,1,2.7821,2.8260,nan,3.1579,3.0325,0.1201,0.0363,1.3741,-0.0631,0.0132,0.3404,6.9892,-0.0800,3.3222,0.1930
7.350,19.918,2.3312,-14.9814,53.468,2.4197,-14.8117,53.419,0.1890,0.0299,0.1914,-0.049,0.8222,3.4140,-0.450,1.7408,-18.2126,53.869,2.611,0.8383,20.340,0.2220,0.0012,0.0174,14.3863,1,2.4818,2.4033,nan,3.1579,3.2383,0.1282,0.0353,1.2258,-0.0620,0.0322,0.3404,6.9892,0.0465,2.9805,0.1930
7.400,20.104,2.4384,-14.8303,55.275,2.4997,-14.7053,55.912,0.1376,0.0209,0.1392,0.637,1.0061,3.4169,-1.043,1.8231,-18.0920,56.955,2.771,0.1544,20.531,0.2118,0.0012,0.0138,11.0454,1,2.6129,2.6654,nan,3.3534,3.4371,0.1361,0.0608,1.3803,-0.0787,-0.0744,0.1820,7.1888,0.0485,3.7580,0.1930
7.450,20.269,2.5318,-14.6939,55.787,2.5952,-14.5687,55.098,0.1392,0.0180,0.1404,-0.688,0.8944,3.3981,-0.713,1.9243,-17.9442,55.811,2.905,0.1585,20.702,0.2135,0.0000,0.0106,229.2809,1,2.7639,2.8243,nan,3.5167,3.5926,0.1423,0.0382,1.4601,-0.0901,-0.0809,0.1011,7.2887,0.0439,2.6600,0.1930
7.500,20.480,2.6497,-14.5182,56.497,2.7115,-14.3965,56.103,0.1356,0.0156,0.1365,-0.394,0.7737,3.3838,-0.334,2.0415,-17.7687,56.437,3.124,0.2911,20.924,0.2129,0.0003,0.0115,38.1895,1,2.7960,2.8243,nan,3.5883,3.6841,0.1459,0.0095,1.4770,-0.0971,-0.0733,0.0207,7.3885,0.0555,2.6600,0.1930
7.551,20.693,2.7653,-14.3398,57.604,2.8291,-14.2154,57.221,0.1393,0.0128,0.1398,-0.383,0.7737,3.3838,-0.334,2.1580,-17.5869,57.555,3.302,0.1255,21.145,0.2122,0.0324,0.0533,1.6450,1,3.0035,3.1016,nan,3.7235,3.7841,0.1499,-0.0332,1.5866,-0.1021,-0.0321,-0.1418,7.5882,0.0351,4.0050,0.1930
7.600,20.693,2.7653,-14.3398,57.604,2.8230,-14.2268,56.971,0.1263,0.0118,0.1269,-0.633,0.8443,3.3811,-0.584,2.1580,-17.5869,57.555,3.302,0.1255,21.145,0.2122,0.0031,0.0194,6.1767,1,3.2950,3.5276,nan,3.9132,3.9722,0.1573,-0.0404,1.6524,-0.1056,0.0028,-0.2212,7.7879,0.0342,4.8302,0.1930
7.650,20.856,2.8524,-14.2019,57.704,2.9603,-14.0185,57.293,0.2126,0.0068,0.2127,-0.410,0.9063,3.3645,-0.823,2.3035,-17.3518,58.116,3.476,-0.1165,21.317,0.2513,0.0026,0.0370,14.1422,1,3.0204,2.9701,nan,3.9132,3.8563,0.1527,-0.0528,1.5148,-0.1008,0.0524,-0.2108,7.9876,0.0800,4.8302,0.1930
7.700,21.191,3.0335,-13.9199,56.645,3.0254,-13.9216,56.338,-0.0059,0.0058,0.0082,-0.306,0.9063,3.3645,-0.823,2.3672,-17.2539,57.161,3.726,-0.2305,21.666,0.2209,0.0534,0.0508,0.9515,1,2.6450,2.4201,nan,3.9132,3.4808,0.1379,-0.0187,1.3791,-0.1126,0.0188,-0.2108,7.9876,0.0800,3.5675,0.1930
7.750,21.191,3.0335,-13.9199,56.645,3.0254,-13.9216,56.338,-0.0059,0.0058,0.0082,-0.306,0.9063,3.3645,-0.823,2.3672,-17.2539,57.161,3.726,-0.2305,21.666,0.2209,0.0006,0.0006,0.9643,1,2.8356,4.3031,nan,4.1821,3.6592,0.1449,-0.0021,1.3696,-0.1029,0.0542,-0.1834,8.2871,0.0800,2.2839,0.1930
7.800,21.475,3.1913,-13.6841,55.696,3.2368,-13.6276,56.132,0.0723,-0.0058,0.0726,0.437,0.5621,3.2760,0.270,2.5950,-16.9160,55.862,3.771,-0.1198,21.953,0.2167,0.0006,0.0118,18.8876,1,3.0239,4.8462,nan,4.3818,3.9151,0.1551,0.0130,1.3618,-0.0835,0.0897,-0.0912,8.5867,0.0800,-5.1815,0.1930
7.850,21.705,3.3215,-13.4945,55.345,3.4247,-13.3647,54.701,0.1654,-0.0111,0.1658,-0.644,0.8034,3.3044,-0.567,2.7861,-16.6424,55.268,3.587,-0.0137,22.172,0.2649,0.0063,0.0324,5.1363,1,3.2093,4.8462,nan,4.2491,4.1273,0.1635,0.0178,1.3567,-0.0592,0.1142,-0.0247,8.7864,0.0800,-5.1815,0.1930
7.900,21.935,3.4523,-13.3053,55.361,3.5290,-13.2174,54.720,0.1159,-0.0131,0.1166,-0.640,0.8034,3.3044,-0.567,2.8889,-16.4940,55.287,3.629,0.0710,22.405,0.2386,0.0012,0.0161,13.6156,1,3.4273,3.5416,nan,4.2491,4.3489,0.1722,0.0409,1.4018,-0.0587,0.1080,0.0102,8.8862,0.0800,0.0454,0.1930
7.950,21.935,3.4523,-13.3053,55.361,3.5228,-13.2269,55.293,0.1046,-0.0135,0.1054,-0.068,0.6324,3.2668,0.005,2.8889,-16.4940,55.287,3.629,0.0710,22.405,0.2386,0.0012,0.0151,12.7789,1,3.1876,3.1580,nan,4.1401,4.0995,0.1624,0.0390,1.3038,-0.0433,0.1239,0.0395,8.9860,0.0800,3.0379,0.1930
8.000,22.195,3.5994,-13.0914,55.684,3.6093,-13.0949,55.951,0.0027,-0.0102,0.0105,0.267,0.5301,3.2441,0.338,2.9828,-16.3569,55.614,3.789,0.1979,22.674,0.2125,0.0002,0.0012,6.2500,1,3.3699,4.3280,nan,3.8287,3.6899,0.1461,0.0772,1.3675,-0.0043,0.1172,0.1433,9.2856,0.0800,5.9368,0.1930
8.050,22.455,3.7446,-12.8756,56.620,3.7992,-12.8162,56.485,0.0797,-0.0129,0.0807,-0.135,0.5994,3.2494,0.087,3.1755,-16.0704,56.398,4.016,0.2421,22.949,0.2338,0.0154,0.0289,1.8806,1,3.5740,4.3558,nan,3.6354,3.6821,0.1458,0.0788,1.0183,0.0202,0.0921,0.2101,9.4853,0.0270,5.9368,0.1951
8.100,22.703,3.8799,-12.6672,57.549,3.9785,-12.5527,56.866,0.1495,-0.0218,0.1511,-0.682,0.8323,3.3092,-0.671,3.3317,-15.8241,57.537,3.955,0.4444,23.194,0.2519,0.0026,0.0341,13.2904,1,3.8454,4.3819,nan,3.3523,3.3162,0.1313,0.1532,1.0183,0.0366,0.0582,0.2738,9.6850,0.0800,-0.1855,0.1951
8.150,22.703,3.8799,-12.6672,57.549,3.9785,-12.5527,56.866,0.1495,-0.0218,0.1511,-0.682,0.8323,3.3092,-0.671,3.3317,-15.8241,57.537,3.955,0.4444,23.194,0.2519,0.0026,0.0341,13.2904,1,3.7161,3.7255,nan,3.1916,3.2757,0.1297,0.2383,1.0183,0.0300,0.0160,0.3405,9.8847,0.0800,-4.9906,0.1951
8.200,22.956,4.0126,-12.4523,59.395,4.0795,-12.3879,58.585,0.0895,-0.0248,0.0929,-0.810,0.8338,3.2970,-0.726,3.4443,-15.6426,59.311,3.683,0.7292,23.431,0.2340,0.0027,0.0177,6.5516,1,3.4656,3.4343,nan,3.1162,3.0660,0.1214,0.2603,1.0183,0.0401,0.0273,0.3819,9.9845,0.0800,-6.6635,0.1951
8.250,23.160,4.1131,-12.2741,62.168,4.1353,-12.2560,61.597,0.0264,-0.0111,0.0286,-0.571,0.6581,3.2429,-0.181,3.5260,-15.4878,61.778,3.414,0.9058,23.622,0.2201,0.0037,0.0070,1.8956,1,3.3487,3.3573,nan,3.0534,3.0351,0.1202,0.2917,1.0183,0.0507,0.0007,0.4502,10.1842,0.0800,-3.7918,0.1951
8.300,23.399,4.2164,-12.0589,67.147,4.2316,-12.0480,66.028,0.0159,-0.0097,0.0187,-1.119,0.5728,3.2187,0.111,3.6291,-15.2738,65.917,3.220,1.3004,23.854,0.2202,0.0053,0.0050,0.9467,1,3.3328,3.3573,nan,2.9983,3.0493,0.1208,0.2998,1.0183,0.0723,0.0087,0.4867,10.2840,0.0800,-3.7918,0.1951
8.350,23.399,4.2164,-12.0589,67.147,4.2316,-12.0480,66.028,0.0159,-0.0097,0.0187,-1.119,0.5728,3.2187,0.111,3.6291,-15.2738,65.917,3.220,1.3004,23.964,0.2202,0.0053,0.0050,0.9467,1,3.2250,3.2342,nan,2.9730,3.0289,0.1200,0.2530,1.0183,0.1062,0.0176,0.5650,10.4837,0.0800,-4.6194,0.1951
8.400,23.629,4.2965,-11.8432,72.568,4.2724,-11.8623,72.833,-0.0254,0.0173,0.0307,0.265,0.4271,3.1694,0.592,3.6897,-15.0707,72.241,3.034,1.3925,24.077,0.2053,0.0071,0.0246,3.4559,1,3.2412,3.2700,nan,3.0123,3.1025,0.1229,0.2222,1.0183,0.1307,0.0468,0.5976,10.5836,0.0800,-2.0219,0.1951
8.450,23.830,4.3482,-11.6488,77.849,4.3187,-11.6750,78.053,-0.0318,0.0234,0.0395,0.204,0.4912,3.1678,0.323,3.7438,-14.8641,77.731,2.985,1.1798,24.278,0.2038,0.0230,0.0325,1.4101,1,3.1146,3.1177,nan,3.1203,3.1246,0.1237,0.2558,1.0183,0.1442,-0.0244,0.6860,10.7833,0.0025,-0.7236,0.1951
8.500,23.994,4.3777,-11.4880,81.550,4.3510,-11.4921,80.894,-0.0080,0.0258,0.0270,-0.656,0.8839,3.2624,-1.162,3.7657,-14.6812,82.056,2.966,1.0979,24.442,0.1913,0.0101,0.0198,1.9659,1,3.0956,3.1177,nan,3.1838,3.2508,0.1287,0.2748,1.0183,0.1427,-0.0403,0.7208,10.8831,0.0388,-0.7236,0.1951
8.550,24.182,4.3996,-11.3007,85.290,4.3634,-11.3680,83.938,-0.0700,0.0306,0.0764,-1.352,0.8797,3.2665,-1.136,3.7731,-14.5626,85.074,3.010,1.0639,24.634,0.2022,0.0097,0.0364,3.7362,1,2.7624,2.6519,nan,3.2497,3.1668,0.1254,0.3282,1.0986,0.1259,-0.0941,0.6841,10.9830,0.0800,1.3467,0.1951
8.600,24.344,4.4080,-11.1390,89.201,4.3766,-11.1300,87.629,0.0086,0.0315,0.0327,-1.572,0.8797,3.2665,-1.136,3.7816,-14.3243,88.765,3.087,1.3572,24.801,0.1758,0.0161,0.0082,0.5123,1,3.0718,3.4238,nan,3.4650,3.4579,0.1369,0.3722,1.3691,0.0870,-0.2248,0.5608,11.2825,-0.0041,1.7952,0.1951
8.650,24.516,4.4037,-10.9672,94.161,4.3638,-10.9987,92.883,-0.0285,0.0420,0.0508,-1.277,0.7928,3.2331,-0.800,3.7695,-14.1805,93.684,3.059,1.5702,24.975,0.1748,0.0157,0.0465,2.9682,1,2.9591,2.9653,nan,3.4650,3.5162,0.1393,0.3262,1.3410,0.0845,-0.1836,0.5268,11.3823,0.0296,-1.0874,0.1951
8.700,24.516,4.4037,-10.9672,94.161,4.3680,-10.9602,93.072,0.0095,0.0351,0.0364,-1.089,0.7502,3.2598,-0.612,3.7695,-14.1805,93.684,3.059,1.5702,24.975,0.1748,0.0157,0.0246,1.5713,1,2.9910,3.0207,nan,3.6186,3.7157,0.1472,0.2915,1.4053,0.0521,-0.1824,0.4552,11.5820,0.0562,-0.5456,0.1951
8.750,24.688,4.3839,-10.7967,99.768,4.3405,-10.7806,98.178,0.0232,0.0401,0.0463,-1.590,0.8671,3.2964,-1.093,3.7411,-14.0082,99.271,3.177,1.8485,25.159,0.1660,0.0137,0.0192,1.4057,1,3.1733,3.2564,nan,3.8611,3.9636,0.1570,0.2288,1.5455,0.0333,-0.1557,0.3866,11.7817,0.0593,1.2126,0.1951
8.800,24.903,4.3366,-10.5871,105.958,4.2772,-10.5569,105.676,0.0454,0.0488,0.0667,-0.283,0.8972,3.3025,-1.240,3.6791,-13.7831,106.916,3.342,1.5209,25.387,0.1475,0.0200,0.0298,1.4862,1,3.2213,3.2564,nan,4.0291,4.1201,0.1632,0.1904,1.5961,0.0058,-0.1088,0.3545,11.8816,0.0800,1.2126,0.1951
8.850,25.146,4.2576,-10.3565,112.075,4.1993,-10.3087,111.205,0.0662,0.0360,0.0754,-0.869,0.8972,3.3025,-1.240,3.5959,-13.5366,112.445,3.540,1.2694,25.646,0.1401,0.0153,0.0144,0.9377,1,3.3368,3.3919,nan,4.1999,4.2877,0.1698,0.1699,1.7124,-0.0267,-0.1372,0.2908,12.0813,0.0800,2.9865,0.1951
8.900,25.146,4.2576,-10.3565,112.075,4.1960,-10.3146,111.531,0.0620,0.0414,0.0745,-0.544,0.8165,3.2777,-0.914,3.5959,-13.5366,112.445,3.540,1.2694,25.646,0.1401,0.0153,0.0247,1.6075,1,3.4610,3.5206,nan,4.2858,4.3956,0.1741,0.1231,1.8217,-0.0379,-0.1362,0.2293,12.2809,0.0614,4.0296,0.1951
8.950,25.413,4.1464,-10.1137,117.312,4.0633,-10.0427,117.470,0.1012,0.0413,0.1093,0.159,0.7365,3.2637,-0.570,3.4590,-13.2727,118.040,3.787,1.0117,25.931,0.1127,0.0121,0.0303,2.5023,1,3.4875,3.5206,nan,4.4558,4.5525,0.1803,0.0791,1.8356,-0.0600,-0.1119,0.1684,12.4806,0.0800,4.0296,0.1951
9.000,25.680,4.0164,-9.8810,121.339,3.9553,-9.8423,120.577,0.0648,0.0321,0.0723,-0.762,0.7365,3.2637,-0.570,3.3490,-13.0733,121.146,4.017,1.0577,26.214,0.1370,0.0097,0.0244,2.5281,1,3.4704,3.4958,nan,4.6197,4.5559,0.1804,0.0659,1.8266,-0.0879,-0.0981,0.1340,12.5805,0.0800,5.0134,0.1951
9.050,25.680,4.0164,-9.8810,121.339,3.9598,-9.8394,120.412,0.0650,0.0267,0.0703,-0.927,0.7788,3.2758,-0.735,3.3490,-13.0733,121.146,4.017,1.0577,26.214,0.1370,0.0097,0.0153,1.5869,1,3.7372,4.3034,nan,4.8388,4.8906,0.1937,-0.0081,1.9671,-0.1147,-0.0692,0.0431,12.8800,0.0800,1.9244,0.1951
9.100,25.967,3.8621,-9.6392,123.607,3.8032,-9.5949,123.697,0.0695,0.0245,0.0737,0.090,0.9266,3.2897,-1.316,3.1718,-12.8151,125.013,4.263,0.5010,26.518,0.1112,0.0070,0.0291,4.1689,1,3.9130,5.0289,nan,4.9886,5.0682,0.2007,-0.0112,2.0596,-0.1562,-0.0967,-0.0469,13.1796,0.0800,2.3430,0.1951
9.150,26.266,3.6931,-9.3929,125.164,3.5946,-9.2930,124.603,0.1385,0.0230,0.1404,-0.561,0.8375,3.2575,-0.913,2.9566,-12.5050,125.516,4.413,0.0209,26.829,0.0786,0.0109,0.0318,2.9033,1,4.1224,4.8605,nan,5.0169,5.1669,0.2046,-0.0600,2.1054,-0.1775,-0.0435,-0.1403,13.4791,0.0800,2.3430,0.1951
9.200,26.574,3.5154,-9.1406,124.945,3.4256,-9.0515,124.333,0.1245,0.0226,0.1265,-0.612,0.8375,3.2575,-0.913,2.7838,-12.2663,125.246,4.649,-0.0796,27.155,0.0759,0.0064,0.0341,5.3153,1,4.4018,4.6852,nan,5.0418,5.1706,0.2048,-0.0654,2.1054,-0.1838,-0.0400,-0.2010,13.6788,0.0612,4.5894,0.1951
9.250,26.574,3.5154,-9.1406,124.945,3.4279,-9.0418,123.955,0.1311,0.0151,0.1320,-0.990,0.9211,3.2841,-1.290,2.7838,-12.2663,125.246,4.649,-0.0796,27.155,0.0759,0.0064,0.0256,3.9777,1,4.6314,4.8136,nan,5.1210,5.0475,0.1999,-0.0810,2.1059,-0.2043,0.0085,-0.2458,13.9783,0.0800,3.6657,0.1951
9.300,26.892,3.3337,-8.8796,124.522,3.2555,-8.7788,123.379,0.1274,0.0073,0.1276,-1.144,0.9219,3.2752,-1.266,2.5993,-11.9994,124.645,4.825,-0.3689,27.487,0.0762,0.0089,0.0253,2.8249,1,4.8590,5.0578,nan,5.1976,5.3537,0.2120,-0.0948,2.1191,-0.2033,0.0257,-0.2350,14.1780,0.0724,2.3087,0.1951
9.350,27.180,3.1730,-8.6404,122.855,3.1107,-8.5234,121.177,0.1321,-0.0111,0.1326,-1.678,1.1159,3.2948,-2.093,2.4250,-11.7375,123.270,4.920,-0.6008,27.785,0.0804,0.0150,0.0321,2.1356,1,4.9512,5.0387,nan,5.2521,5.3150,0.2105,-0.0964,2.1376,-0.1970,0.0509,-0.2200,14.4775,0.0282,-0.1470,0.1951
9.400,27.461,3.0242,-8.4028,120.829,2.9911,-8.3021,117.811,0.1034,-0.0232,0.1060,-3.018,1.3332,3.2941,-3.055,2.2734,-11.4914,120.866,4.918,-0.6305,28.067,0.0854,0.0263,0.0474,1.8046,1,4.8743,4.9042,nan,5.3394,5.4954,0.2176,-0.0927,2.1510,-0.2077,0.0491,-0.2086,14.6772,0.0703,-0.1470,0.1951
9.450,27.740,2.8850,-8.1604,118.484,2.8737,-8.0807,116.681,0.0755,-0.0281,0.0805,-1.802,1.1302,3.2310,-2.005,2.1381,-11.2437,118.686,5.050,-0.7443,28.360,0.0920,0.0099,0.0187,1.8931,1,4.8597,4.9042,nan,5.4013,5.5675,0.2205,-0.0796,2.1618,-0.2194,0.0593,-0.2008,14.9768,0.0800,1.0676,0.1951
9.500,27.740,2.8850,-8.1604,118.484,2.8737,-8.0807,116.681,0.0755,-0.0281,0.0805,-1.802,1.1302,3.2310,-2.005,2.1381,-11.2437,118.686,5.050,-0.7443,28.360,0.0920,0.0099,0.0187,1.8931,1,4.8995,4.9625,nan,5.4642,5.6421,0.2234,-0.0867,2.1769,-0.1996,0.0683,-0.1891,15.1764,0.0800,1.6363,0.1951
9.550,28.106,2.7180,-7.8346,115.434,2.7132,-7.7668,116.010,0.0633,-0.0248,0.0680,0.576,0.5896,3.1030,0.805,1.9707,-10.8986,115.205,5.137,-0.6435,28.736,0.1081,0.0046,0.0192,4.1637,1,4.9044,4.9556,nan,5.5287,5.6549,0.2240,-0.1282,2.1875,-0.1539,0.1291,-0.1809,15.3761,0.0800,2.8872,0.1951
9.600,28.498,2.5574,-7.4774,112.616,2.5681,-7.4670,115.151,0.0055,-0.0138,0.0149,2.535,0.2981,3.0219,2.362,1.8357,-10.5736,112.789,5.290,-0.7115,29.144,0.1000,0.0066,0.0367,5.5918,1,4.9055,4.9556,nan,5.6291,5.6855,0.2252,-0.1376,2.2022,-0.1205,0.1493,-0.1698,15.6757,0.0800,2.8872,0.1951
9.650,28.867,2.4230,-7.1341,109.697,2.4127,-7.1142,112.146,0.0222,0.0030,0.0224,2.449,0.3493,3.0036,2.145,1.6833,-10.1880,110.001,5.383,-0.9289,29.524,0.1206,0.0167,0.0645,3.8493,1,5.1879,5.6715,nan,5.7650,5.9169,0.2343,-0.1606,2.2169,-0.0372,0.1826,-0.1588,15.9752,0.0632,1.8477,0.1951
9.700,28.867,2.4230,-7.1341,109.697,2.4127,-7.1142,112.146,0.0222,0.0030,0.0224,2.449,0.3493,3.0036,2.145,1.6833,-10.1880,110.001,5.383,-0.9289,29.524,0.1206,0.0167,0.0645,3.8493,1,5.4648,5.9895,nan,5.8699,5.8759,0.2327,-0.1448,2.2196,-0.0027,0.1619,-0.1439,16.2747,0.0024,0.8329,0.1951
9.750,29.207,2.3176,-6.8101,105.586,2.2845,-6.6904,108.733,0.1242,-0.0002,0.1242,3.147,0.2704,3.0057,2.661,1.5616,-9.7792,106.072,5.443,-1.2547,29.877,0.1943,0.0080,0.0793,9.9500,1,5.2203,5.1823,nan,5.9412,6.0731,0.2405,-0.1370,2.2096,0.0020,0.1093,-0.1405,16.4744,0.0800,2.0380,0.1951
9.800,29.548,2.2376,-6.4787,100.746,2.2436,-6.4827,104.779,-0.0051,-0.0051,0.0072,4.033,0.1926,2.9691,3.169,1.5254,-9.5508,101.611,5.550,-1.3820,30.234,0.1231,0.0118,0.0556,4.6963,1,5.3958,6.4806,nan,6.0704,6.2530,0.2476,-0.1291,2.1930,0.0194,0.0836,-0.1238,16.8738,0.0726,1.0454,0.1951
9.850,29.889,2.1850,-6.1423,96.356,2.1718,-5.9569,98.948,0.1857,-0.0074,0.1858,2.591,0.1596,2.9875,3.482,1.4653,-9.0502,95.466,5.619,-1.2098,30.587,0.2630,0.0067,0.0626,9.3292,1,5.6421,6.4806,nan,6.1650,6.2215,0.2464,-0.1274,2.1775,0.0478,0.0592,-0.1154,17.1733,0.0215,1.0454,0.1951
9.900,30.241,2.1572,-5.7911,92.065,2.1552,-5.7142,95.634,0.0769,-0.0007,0.0769,3.568,0.1596,2.9875,3.482,1.4634,-8.8069,92.151,5.738,-1.1546,30.956,0.1778,0.0073,0.0545,7.4262,1,5.3672,5.3034,nan,6.1813,6.2698,0.2483,-0.1224,2.1655,0.0294,0.0521,-0.1132,17.3730,0.0800,2.3630,0.1951
9.951,30.241,2.1572,-5.7911,92.065,2.1482,-5.6973,95.864,0.0940,0.0056,0.0942,3.799,0.1176,2.9963,3.713,1.4634,-8.8069,92.151,5.738,-1.1546,31.151,0.1778,0.0073,0.0650,8.8560,1,5.6412,6.1342,nan,6.1110,6.2118,0.2460,-0.1315,2.1458,0.0506,0.0480,-0.1291,17.7724,0.0391,2.4176,0.1951
10.000,30.612,2.1554,-5.4197,87.885,2.1334,-5.2698,91.982,0.1489,0.0275,0.1515,4.097,0.0676,2.9763,4.078,1.4741,-8.3722,87.903,5.859,-1.1132,31.345,0.2377,0.0052,0.0876,16.7241,1,5.8744,6.1907,nan,5.9488,5.8182,0.2304,-0.1253,2.1278,0.0513,0.0393,-0.1388,18.0720,-0.0494,1.6387,0.1951
10.050,31.008,2.1827,-5.0250,83.568,2.1497,-4.8446,88.337,0.1756,0.0530,0.1834,4.769,-0.0337,2.9462,4.825,1.5203,-7.9469,83.512,5.938,-1.1981,31.755,0.2736,0.0127,0.0934,7.3656,1,6.0145,6.1907,nan,5.7917,5.6223,0.2227,-0.1196,2.1168,0.0630,0.0263,-0.1467,18.3715,-0.0652,1.6387,0.1951
10.100,31.341,2.2292,-4.6953,79.660,2.1947,-4.4383,83.571,0.2466,0.0801,0.2593,3.911,-0.0337,2.9462,4.825,1.5993,-7.5458,78.746,5.955,-1.2041,32.096,0.3517,0.0024,0.1026,42.6702,1,5.9547,6.0037,nan,5.6426,5.6595,0.2241,-0.1220,2.1168,0.0570,0.0202,-0.1568,18.6710,0.0800,0.1892,0.1966
10.150,31.341,2.2292,-4.6953,79.660,2.2046,-4.4352,83.119,0.2514,0.0708,0.2612,3.459,0.0347,2.9667,4.373,1.5993,-7.5458,78.746,5.955,-1.2041,32.096,0.3517,0.0024,0.0907,37.7276,1,5.5272,4.9246,nan,5.5768,5.6145,0.2224,-0.1208,2.1327,0.0307,-0.0006,-0.1642,18.8707,0.0158,0.1899,0.1966
10.200,31.832,2.3376,-4.2168,74.189,2.2835,-4.1897,77.204,0.0113,0.0594,0.0605,3.015,0.3118,3.0248,2.367,1.6720,-7.2897,74.836,5.746,-1.0859,32.575,0.1593,0.0088,0.0767,8.6706,1,5.7013,6.8462,nan,5.3481,5.4756,0.2169,-0.1304,2.1327,0.0161,0.0053,-0.1768,19.2701,0.0800,-2.9855,0.1966
10.250,32.189,2.4448,-3.8760,70.294,2.4364,-3.6435,73.431,0.2161,0.0863,0.2327,3.137,0.1434,2.9338,3.604,1.8750,-6.7084,69.827,5.611,-1.0539,32.926,0.3991,0.0099,0.0777,7.8280,1,5.9423,6.8462,nan,5.2300,5.1370,0.2034,-0.0997,2.1327,-0.0405,-0.0285,-0.1886,19.5696,-0.0402,-2.9855,0.1966
10.300,32.556,2.5786,-3.5345,66.370,2.5153,-3.4627,69.979,0.0404,0.0868,0.0957,3.610,0.1434,2.9338,3.604,1.9651,-6.5330,66.375,5.497,-0.8828,33.288,0.2457,0.0179,0.0780,4.3597,1,5.5133,5.0165,nan,5.2300,5.3367,0.2114,-0.0891,2.1327,-0.0506,-0.0308,-0.1962,19.6695,0.0800,-2.0911,0.1966
10.351,32.888,2.7184,-3.2334,63.416,2.6620,-3.1877,66.314,0.0156,0.0709,0.0726,2.897,0.2418,2.9227,2.764,2.1227,-6.2200,63.550,5.242,-0.7913,33.603,0.2669,0.1238,0.1077,0.8702,1,5.5375,5.6120,nan,5.1696,5.2929,0.2096,-0.0684,2.1327,-0.0947,-0.0225,-0.2065,19.9690,0.0570,-5.7018,0.1966
10.400,32.888,2.7184,-3.2334,63.416,2.6744,-3.2168,66.085,-0.0048,0.0468,0.0471,2.669,0.2786,2.9033,2.535,2.1227,-6.2200,63.550,5.242,-0.7913,33.603,0.2669,0.0008,0.0640,81.4415,1,5.5814,5.6666,nan,5.2271,5.3277,0.2110,-0.0473,2.0636,-0.1342,-0.0229,-0.2131,20.1687,0.0457,-2.8081,0.1966
10.450,33.222,2.8741,-2.9375,60.833,2.8397,-2.9172,63.264,0.0010,0.0400,0.0400,2.431,0.2201,2.8299,2.988,2.3165,-5.8758,60.275,5.206,-0.5563,33.938,0.3274,0.0136,0.0385,2.8288,1,5.1719,4.8641,nan,5.2905,5.3808,0.2131,-0.0322,1.9594,-0.1347,0.0041,-0.2279,20.4682,0.0404,-2.8081,0.1966
10.500,33.565,3.0459,-2.6410,58.810,2.9723,-2.6775,61.650,-0.0693,0.0441,0.0821,2.840,0.2201,2.8299,2.988,2.4614,-5.6433,58.662,5.182,-0.3987,34.282,0.2661,0.0013,0.0607,45.2764,1,4.9117,4.8641,nan,5.1881,5.3046,0.2101,-0.0326,1.9296,-0.1467,0.0329,-0.2354,20.5681,0.0800,-0.5879,0.1966
10.550,33.907,3.2264,-2.3503,57.397,3.1526,-2.4135,59.470,-0.0930,0.0281,0.0971,2.073,0.3227,2.8389,2.117,2.6340,-5.3533,57.353,5.182,-0.3750,34.627,0.2594,0.0026,0.0375,14.1797,1,5.0012,5.0888,nan,4.9685,4.9436,0.1958,-0.0074,1.8336,-0.1596,0.0764,-0.2089,20.8676,-0.0115,0.0146,0.1966
10.600,33.907,3.2264,-2.3503,57.397,3.1650,-2.4304,58.599,-0.1005,0.0086,0.1009,1.202,0.4153,2.8644,1.245,2.6340,-5.3533,57.353,5.182,-0.3750,34.627,0.2594,0.0026,0.0177,6.7128,1,5.2025,5.3928,nan,4.5205,4.7863,0.1896,0.0336,1.7356,-0.1619,0.0928,-0.1158,21.1672,-0.0800,-0.0214,0.1966
10.650,34.207,3.3901,-2.0984,56.499,3.3619,-2.1263,56.728,-0.0388,0.0081,0.0396,0.229,0.4658,2.8927,0.693,2.8352,-5.0536,56.035,5.167,-0.1594,34.928,0.3184,0.0005,0.0029,5.4888,1,4.8940,4.8079,nan,4.4110,4.0346,0.1598,0.0417,1.6821,-0.1397,0.1156,-0.0584,21.3668,0.0800,-3.3158,0.1966
10.700,34.552,3.5809,-1.8116,56.335,3.5347,-1.8645,56.521,-0.0697,0.0091,0.0703,0.186,0.4658,2.8927,0.693,3.0111,-4.7940,55.828,4.977,0.1605,35.260,0.2898,0.0023,0.0121,5.1954,1,4.7874,4.8079,nan,4.0953,3.9280,0.1556,0.0878,1.6821,-0.1195,0.1039,0.0012,21.5665,0.0800,-3.3158,0.1966
10.750,34.552,3.5809,-1.8116,56.335,3.5483,-1.8434,56.615,-0.0446,0.0095,0.0456,0.281,0.4716,2.9087,0.787,3.0111,-4.7940,55.828,4.977,0.1605,35.260,0.2898,0.0023,0.0092,3.9429,1,4.5609,4.5385,nan,3.9954,3.7667,0.1492,0.0734,1.3790,-0.0848,0.1253,0.0874,21.8661,0.0800,-3.4759,0.1966
10.800,34.937,3.7917,-1.4896,57.553,3.7340,-1.5627,57.759,-0.0926,0.0095,0.0931,0.207,0.4952,2.9313,0.757,3.1791,-4.5363,57.002,4.726,0.4640,35.626,0.2182,0.0003,0.0164,59.1346,1,4.8223,5.0873,nan,3.6201,3.4920,0.1383,0.0577,1.1084,-0.0365,0.1431,0.1474,22.0658,-0.0741,-8.4859,0.1966
10.850,35.252,3.9560,-1.2210,59.922,3.9599,-1.2048,59.548,0.0160,0.0048,0.0167,-0.374,0.5659,2.9721,0.007,3.3935,-4.1773,59.542,4.175,0.4790,35.903,0.3119,0.0035,0.0003,0.0847,1,4.9671,5.0873,nan,3.3666,3.7442,0.1483,0.1144,1.0333,-0.0104,0.1081,0.2368,22.3653,-0.0800,-8.4859,0.1966
10.900,35.453,4.0555,-1.0454,61.243,4.0047,-1.1030,61.526,-0.0749,0.0168,0.0768,0.283,0.5659,2.9721,0.007,3.4383,-4.0755,61.520,3.927,0.4476,36.090,0.2234,0.0041,0.0225,5.4546,1,4.6629,3.7003,nan,3.2875,3.4869,0.1381,0.1268,1.0333,-0.0070,0.1012,0.2695,22.4651,-0.0800,-6.8148,0.1966
10.950,35.453,4.0555,-1.0454,61.243,4.0213,-1.0921,61.561,-0.0574,0.0075,0.0579,0.319,0.5800,2.9808,0.042,3.4383,-4.0755,61.520,3.927,0.4476,36.090,0.2234,0.0041,0.0213,5.1530,1,4.3725,3.2579,nan,3.2875,3.2393,0.1283,0.1691,1.0333,-0.0008,0.0900,0.2947,22.5650,-0.0800,-3.4892,0.1966
11.000,35.717,4.1779,-0.8120,63.894,4.1146,-0.9111,62.744,-0.1168,0.0132,0.1176,-1.150,0.6048,3.0038,-0.301,3.5303,-3.8963,63.045,3.693,0.7311,36.341,0.1695,0.0156,0.0162,1.0392,1,3.9710,3.5756,nan,3.2128,3.1906,0.1264,0.1817,1.0333,0.0255,0.0835,0.3588,22.7647,-0.0129,-4.4017,0.1966
11.050,35.971,4.2844,-0.5814,66.896,4.2175,-0.6736,66.176,-0.1111,0.0254,0.1139,-0.720,0.6202,3.0142,-0.614,3.6367,-3.6491,66.790,3.451,0.9025,36.583,0.1773,0.0107,0.0251,2.3443,1,3.6521,3.5756,nan,3.0803,3.1444,0.1245,0.2513,1.0333,0.0339,0.0365,0.4189,22.9644,0.0371,-4.4017,0.1966
11.100,36.211,4.3721,-0.3581,70.554,4.2811,-0.4832,69.754,-0.1482,0.0441,0.1547,-0.800,0.5862,2.9882,-0.135,3.7031,-3.4626,69.890,3.237,1.0102,36.813,0.1417,0.0093,0.0534,5.7186,1,3.5032,3.5067,nan,3.0323,3.1427,0.1245,0.2872,1.0333,0.0496,0.0443,0.4539,23.0642,0.0640,-4.9333,0.1966
11.150,36.398,4.4287,-0.1798,74.686,4.3562,-0.2548,73.264,-0.0915,0.0501,0.1043,-1.423,0.6096,3.0014,-0.443,3.7717,-3.2272,73.706,3.125,1.2280,36.997,0.1811,0.0230,0.0425,1.8499,1,3.7802,3.9923,nan,3.0400,2.9591,0.1172,0.3006,1.0333,0.0682,-0.0305,0.5562,23.3637,-0.0800,-3.2841,0.1966
11.200,36.398,4.4287,-0.1798,74.686,4.3562,-0.2548,73.264,-0.0915,0.0501,0.1043,-1.423,0.6096,3.0014,-0.443,3.7717,-3.2272,73.706,3.125,1.2280,36.997,0.1811,0.0230,0.0425,1.8499,1,3.4729,3.4046,nan,3.0400,3.0529,0.1209,0.3299,1.0333,0.0703,-0.0045,0.5937,23.4636,0.0075,-1.2367,0.1966
11.250,36.574,4.4692,-0.0085,79.173,4.4089,-0.0635,78.595,-0.0653,0.0489,0.0816,-0.577,0.6265,3.0201,-0.475,3.8079,-3.0522,79.070,3.051,1.4185,37.172,0.1800,0.0101,0.0508,5.0500,1,3.0837,2.8123,nan,3.0919,3.0982,0.1227,0.2907,1.0333,0.0843,0.0141,0.6325,23.5634,0.0036,-3.9345,0.1966
11.300,36.770,4.4977,0.1856,84.485,4.4471,0.0963,83.019,-0.0937,0.0418,0.1026,-1.465,0.6840,3.0854,-1.049,3.8172,-2.9196,84.069,2.925,1.4633,37.365,0.1308,0.0185,0.0518,2.7962,1,3.1805,3.2278,nan,3.2787,3.3533,0.1328,0.3296,1.0333,0.0741,-0.0378,0.7002,23.7631,0.0432,-0.4048,0.1966
11.350,36.946,4.5072,0.3614,89.637,4.4718,0.3536,89.066,-0.0081,0.0354,0.0363,-0.571,0.6962,3.0989,-0.963,3.8212,-2.6815,90.029,2.952,1.3518,37.545,0.1623,0.0116,0.0316,2.7221,1,3.1988,3.2278,nan,3.4214,3.3779,0.1338,0.3695,1.2292,0.0255,-0.1068,0.6218,23.9628,-0.0252,-0.4048,0.1966
11.400,37.146,4.4999,0.5610,94.909,4.4572,0.5157,94.203,-0.0415,0.0464,0.0622,-0.706,0.6962,3.0989,-0.963,3.8039,-2.5196,95.166,3.026,1.5420,37.751,0.1299,0.0830,0.0613,0.7379,1,2.8576,2.7358,nan,3.4214,3.5383,0.1401,0.3629,1.2664,0.0081,-0.1115,0.5881,24.0627,0.0800,0.9602,0.1966
11.450,37.146,4.4999,0.5610,94.909,4.4697,0.5187,93.569,-0.0395,0.0337,0.0520,-1.340,0.7375,3.1434,-1.597,3.8039,-2.5196,95.166,3.026,1.5420,37.751,0.1299,0.0171,0.0313,1.8334,1,2.8882,2.9166,nan,3.4957,3.6129,0.1431,0.3222,1.3316,-0.0041,-0.1401,0.5074,24.2624,0.0679,2.3546,0.1966
11.500,37.356,4.4706,0.7694,101.750,4.4462,0.7272,98.045,-0.0364,0.0325,0.0488,-3.705,0.7727,3.2076,-2.309,3.7704,-2.3305,100.354,3.155,1.8109,37.975,0.1157,0.0154,0.0287,1.8678,1,3.1834,3.6460,nan,3.7326,3.7578,0.1488,0.2711,1.5247,-0.0618,-0.1228,0.4327,24.4620,0.0146,2.4893,0.1966
11.550,37.569,4.4156,0.9753,108.617,4.3929,1.0135,107.372,0.0435,0.0093,0.0445,-1.245,0.7356,3.1520,-1.431,3.7096,-2.0465,108.803,3.301,1.6707,38.202,0.1658,0.0142,0.0031,0.2201,1,3.4577,3.6460,nan,3.8985,3.7993,0.1505,0.2365,1.7150,-0.1049,-0.1249,0.3665,24.6617,-0.0570,2.4893,0.1966
11.600,37.795,4.3325,1.1848,114.905,4.3092,1.1942,113.453,0.0184,0.0172,0.0252,-1.452,0.7356,3.1520,-1.431,3.6214,-1.8680,114.884,3.441,1.2908,38.440,0.1380,0.0180,0.0058,0.3200,1,3.3341,3.3410,nan,4.0692,4.1702,0.1652,0.1723,1.6837,-0.0957,-0.0719,0.3333,24.7616,0.0585,2.1957,0.1966
11.650,37.795,4.3325,1.1848,114.905,4.3059,1.1895,113.886,0.0154,0.0221,0.0270,-1.019,0.7176,3.1202,-0.998,3.6214,-1.8680,114.884,3.441,1.2908,38.440,0.1380,0.0180,0.0144,0.7993,1,3.5386,3.6421,nan,4.2423,4.2782,0.1694,0.1247,1.8529,-0.0994,-0.0753,0.2684,24.9613,0.0198,3.4884,0.1966
11.700,38.021,4.2295,1.3857,119.515,4.1699,1.4401,118.911,0.0767,0.0250,0.0807,-0.604,0.7317,3.1445,-1.402,3.4789,-1.6198,120.312,3.632,0.9986,38.679,0.1607,0.0105,0.0104,0.9859,1,3.3208,3.3028,nan,4.2423,4.3242,0.1713,0.0915,1.7675,-0.0924,-0.0496,0.2345,25.0611,0.0800,5.6209,0.1966
11.750,38.262,4.1042,1.5922,123.215,4.0733,1.6106,121.689,0.0323,0.0158,0.0360,-1.527,0.7279,3.1598,-1.456,3.3837,-1.4637,123.144,3.876,1.0331,38.937,0.1297,0.0121,0.0137,1.1254,1,3.2822,3.3028,nan,4.4975,4.3377,0.1718,0.0869,1.7469,-0.1298,-0.0672,0.1710,25.2608,0.0800,5.6209,0.1966
11.801,38.561,3.9333,1.8376,126.391,3.8791,1.8906,125.981,0.0748,0.0122,0.0758,-0.410,0.7279,3.1598,-1.456,3.1824,-1.1887,127.437,4.077,0.5479,39.250,0.1408,0.0301,0.0303,1.0052,1,3.5626,4.0886,nan,4.5338,4.6706,0.1850,0.0359,1.7036,-0.1502,-0.0489,0.0702,25.5603,0.0727,2.2647,0.1966
11.850,38.561,3.9333,1.8376,126.391,3.8908,1.8759,126.304,0.0561,0.0115,0.0572,-0.087,0.7325,3.1274,-1.133,3.1824,-1.1887,127.437,4.077,0.5479,39.250,0.1408,0.0121,0.0175,1.4458,1,3.8337,4.3805,nan,4.3198,4.2672,0.1690,0.0395,1.6336,-0.1660,-0.0594,0.0062,25.7600,-0.0800,2.2013,0.1966
11.900,38.847,3.7597,2.0645,128.396,3.6942,2.1341,127.436,0.0952,0.0082,0.0956,-0.960,0.7497,3.1171,-1.304,2.9661,-0.9158,128.741,4.228,0.2466,39.547,0.1781,0.0155,0.0124,0.8048,1,4.1193,4.3805,nan,3.8929,3.8917,0.1541,0.0175,1.4581,-0.1767,-0.0197,-0.0886,26.0596,-0.0007,2.2013,0.1966
11.950,39.167,3.5584,2.3139,129.310,3.5548,2.3072,127.984,-0.0029,0.0070,0.0076,-1.327,0.7497,3.1171,-1.304,2.8228,-0.7459,129.288,4.289,0.1106,39.872,0.1178,0.0152,0.0114,0.7538,1,3.9900,4.0011,nan,3.8929,3.2413,0.1284,0.0259,1.3960,-0.1803,-0.0243,-0.1195,26.1594,0.0800,4.3346,0.1966
12.000,39.391,3.4159,2.4867,129.659,3.3231,2.6017,128.252,0.1478,-0.0020,0.1478,-1.407,0.7563,3.1194,-1.439,2.5790,-0.4530,129.691,4.016,0.1422,40.078,0.2217,0.0186,0.0221,1.1891,1,4.1627,5.1431,nan,3.4312,3.5361,0.1400,0.0374,1.2279,-0.1819,0.0447,-0.2217,26.5588,0.0800,-6.4270,0.1966
12.050,39.391,3.4159,2.4867,129.659,3.3460,2.5745,127.730,0.1122,-0.0022,0.1122,-1.929,0.7840,3.1155,-1.960,2.5790,-0.4530,129.691,4.016,0.1422,40.078,0.2217,0.0186,0.0142,0.7617,1,3.7616,3.4520,nan,3.4312,3.1349,0.1242,0.0415,1.1547,-0.1811,0.0434,-0.2217,26.5588,0.0800,-9.2816,0.1966
12.100,39.655,3.2463,2.6892,130.301,3.2536,2.6882,128.117,-0.0055,-0.0050,0.0074,-2.184,0.7848,3.1212,-2.133,2.4832,-0.3408,130.250,3.538,0.2018,40.312,0.1335,0.0180,0.0079,0.4419,1,3.4929,3.4520,nan,3.3120,2.8660,0.1135,0.0371,1.0722,-0.1711,0.0965,-0.2399,26.7585,0.0800,-9.2816,0.2051
12.150,39.915,3.0772,2.8858,131.152,3.1026,2.8747,129.078,-0.0251,-0.0118,0.0277,-2.074,0.7848,3.1212,-2.133,2.3253,-0.1602,131.211,3.420,0.2141,40.565,0.1223,0.0739,0.0441,0.5965,1,3.2719,3.2506,nan,3.1314,2.5899,0.1026,0.0257,1.0479,-0.1531,0.1314,-0.2302,26.8583,0.0800,-1.0594,0.2051
12.200,39.915,3.0772,2.8858,131.152,3.0986,2.8748,129.691,-0.0224,-0.0088,0.0240,-1.461,0.7783,3.0966,-1.520,2.3253,-0.1602,131.211,3.420,0.2141,40.565,0.1223,0.0191,0.0045,0.2333,1,3.2150,3.2327,nan,2.9024,2.6313,0.1042,0.0043,1.0297,-0.1214,0.1849,-0.0936,27.0580,0.0800,-5.5589,0.2051
12.250,40.173,2.9060,3.0785,132.046,2.9531,3.0430,130.768,-0.0579,-0.0112,0.0590,-1.278,0.7793,3.0829,-1.250,2.1742,0.0075,132.018,3.077,0.1241,40.805,0.1108,0.0222,0.0030,0.1362,1,3.2765,3.3150,nan,2.6852,2.6918,0.1066,0.0262,1.0494,-0.0897,0.2012,-0.0168,27.1579,0.0800,-5.5589,0.2051
12.300,40.334,2.7973,3.1982,132.409,2.8132,3.2040,131.340,-0.0064,-0.0157,0.0169,-1.069,0.7865,3.0742,-1.145,2.0237,0.1703,132.485,2.750,0.0564,40.951,0.1331,0.0105,0.0043,0.4114,1,3.3586,3.4039,nan,2.5821,2.6402,0.1046,0.0823,1.0757,-0.0489,0.1953,0.1345,27.3575,0.0336,-8.5673,0.2051
12.350,40.334,2.7973,3.1982,132.409,2.8132,3.2040,131.340,-0.0064,-0.0157,0.0169,-1.069,0.7865,3.0742,-1.145,2.0237,0.1703,132.485,2.750,0.0564,40.951,0.1331,0.0105,0.0043,0.4114,1,3.0517,2.3682,nan,2.4831,2.5187,0.0998,0.0879,0.9774,-0.0454,0.1948,0.1345,27.3575,0.0800,-3.0718,0.2051
12.400,40.527,2.6670,3.3405,132.624,2.7347,3.2921,131.513,-0.0815,-0.0170,0.0832,-1.111,0.7865,3.0742,-1.145,1.9435,0.2568,132.658,2.633,0.3246,41.139,0.1069,0.0101,0.0284,2.8231,1,2.6744,2.4497,nan,2.4831,2.1856,0.0866,0.0365,0.8565,-0.0231,0.2015,0.2044,27.4574,0.0800,-0.6391,0.2051
12.450,40.724,2.5322,3.4835,134.082,2.6014,3.4179,134.635,-0.0953,-0.0041,0.0954,0.553,0.7830,3.0110,0.722,1.8235,0.3839,133.913,2.594,0.3527,41.333,0.1086,0.0102,0.0226,2.2192,1,2.4722,2.4497,nan,2.3871,2.0313,0.0804,0.0704,0.8000,-0.0014,0.1935,0.2826,27.5572,0.0800,-0.6391,0.2051
12.500,40.882,2.4211,3.5959,135.307,2.4718,3.5369,136.136,-0.0776,0.0063,0.0779,0.829,0.7833,2.9970,0.931,1.6971,0.5123,135.204,2.514,0.3196,41.487,0.1066,0.0133,0.0199,1.4986,1,2.6984,2.8058,nan,2.2047,2.3306,0.0923,0.1716,0.8642,0.0530,0.1771,0.4357,27.7569,0.0729,-2.1153,0.2051
12.550,41.022,2.3208,3.6936,136.206,2.3483,3.6526,137.358,-0.0482,0.0106,0.0493,1.153,0.7833,2.9970,0.931,1.5754,0.6301,136.427,2.176,0.3507,41.614,0.1094,0.0172,0.0262,1.5211,1,2.7584,2.7919,nan,2.1163,2.0594,0.0816,0.2612,0.8061,0.0811,0.0944,0.5926,27.9566,-0.0329,-4.4445,0.2051
12.600,41.022,2.3208,3.6936,136.206,2.3682,3.6329,137.132,-0.0762,0.0110,0.0770,0.927,0.8007,2.9835,0.705,1.5754,0.6301,136.427,2.176,0.3507,41.614,0.1094,0.0172,0.0225,1.3071,1,2.3767,2.0792,nan,2.1163,2.1294,0.0843,0.2507,0.8000,0.0860,0.1056,0.5926,27.9566,0.0800,2.1069,0.2051
12.650,41.148,2.2283,3.7797,138.081,2.3083,3.6857,138.111,-0.1224,0.0165,0.1235,0.031,0.8007,2.9835,0.705,1.5162,0.6836,137.406,2.228,0.6479,41.742,0.1078,0.0119,0.0328,2.7566,1,2.1776,2.1528,nan,2.0312,1.9705,0.0780,0.3048,0.8000,0.1030,0.0972,0.6714,28.0565,0.0800,-4.6823,0.2051
12.700,41.291,2.1196,3.8722,141.309,2.1833,3.7940,141.642,-0.0986,0.0212,0.1009,0.333,0.7976,2.9890,1.029,1.3999,0.7800,140.614,2.081,0.8150,41.880,0.1040,0.0254,0.0273,1.0772,1,2.0872,2.0907,nan,1.9470,1.9166,0.0759,0.4233,0.8000,0.1118,0.0582,0.7566,28.1563,0.0800,-4.6823,0.2051
12.750,41.411,2.0237,3.9453,144.013,2.0738,3.8773,145.433,-0.0805,0.0256,0.0845,1.420,0.7920,3.0021,1.106,1.2985,0.8502,144.328,2.076,0.8204,42.001,0.0980,0.0135,0.0349,2.5916,1,2.0294,2.0371,nan,1.8691,1.8884,0.0748,0.5730,0.8000,0.1208,0.0483,0.8427,28.2561,0.0800,-0.1753,0.2051
12.800,41.555,1.9048,4.0258,147.935,1.9798,3.9355,148.187,-0.1115,0.0367,0.1174,0.252,0.7920,3.0021,1.106,1.2056,0.9102,147.081,1.931,1.0780,42.140,0.1096,0.0135,0.0481,3.5529,1,1.8786,1.8666,nan,1.8691,1.7679,0.0700,0.6920,0.8000,0.1163,-0.0031,0.9328,28.3560,0.0800,-1.7020,0.2051
12.850,41.555,1.9048,4.0258,147.935,1.9798,3.9355,148.187,-0.1115,0.0367,0.1174,0.252,0.7920,3.0021,1.106,1.2056,0.9102,147.081,1.931,1.0780,42.140,0.1096,0.0135,0.0481,3.5529,1,2.0751,2.1516,nan,1.7866,1.8489,0.0732,0.8180,0.8000,0.1172,-0.1315,1.1429,28.5557,0.0360,-3.0098,0.2051
12.900,41.676,1.7999,4.0853,153.574,1.8434,4.0151,152.091,-0.0702,0.0435,0.0826,-1.482,0.7754,3.0263,0.423,1.0752,0.9809,151.668,1.784,1.7677,42.260,0.0927,0.0282,0.0231,0.8179,1,1.9903,1.9936,nan,1.7866,1.8867,0.0747,0.8502,0.8000,0.1122,-0.1231,1.2721,28.6555,0.0579,-3.8173,0.2051
12.950,41.787,1.6976,4.1287,160.632,1.7054,4.0611,161.842,-0.0297,0.0612,0.0681,1.210,0.7754,3.0263,0.423,0.9375,1.0279,161.419,1.675,1.9847,42.374,0.0701,0.0165,0.0508,3.0784,1,1.9795,1.9936,nan,1.7790,1.7587,0.0697,0.8955,0.8000,0.0999,-0.1676,1.3987,28.7554,-0.0117,-3.8173,0.2051
13.000,41.899,1.5893,4.1582,169.094,1.6629,4.0757,167.009,-0.0879,0.0671,0.1106,-2.085,0.7635,3.0473,-0.574,0.8890,1.0373,167.583,1.636,2.2119,42.496,0.1066,0.0145,0.0575,3.9729,1,1.6362,1.4748,nan,1.7866,1.9009,0.0753,0.8419,0.8000,0.1003,-0.0880,1.3987,28.7554,0.0662,-1.1618,0.2051
13.050,41.899,1.5893,4.1582,169.094,1.6469,4.0821,166.832,-0.0710,0.0638,0.0955,-2.262,0.7444,3.0565,-0.750,0.8890,1.0373,167.583,1.636,2.2119,42.496,0.1066,0.0145,0.0508,3.5107,1,1.8879,2.0005,nan,1.8389,1.8017,0.0714,0.9097,0.8000,0.0776,-0.2377,1.5094,28.9551,-0.0215,-0.9480,0.2051
13.100,42.004,1.4850,4.1702,177.788,1.4930,4.1027,176.002,-0.0106,0.0671,0.0679,-1.786,0.7424,3.0660,-1.077,0.7310,1.0507,177.079,1.587,2.2353,42.611,0.0602,0.0335,0.0393,1.1735,1,1.8298,1.8358,nan,1.9122,1.9748,0.0782,0.8825,0.8000,0.0713,-0.2625,1.5114,29.0549,0.0363,0.5757,0.2051
13.150,42.099,1.3900,4.1675,-174.554,1.3944,4.0956,-174.986,0.0024,0.0720,0.0721,-0.432,0.7544,3.0667,-0.687,0.6277,1.0365,-174.299,1.619,2.2953,42.719,0.0466,0.0153,0.0363,2.3740,1,1.8224,1.8358,nan,1.9875,2.0299,0.0804,0.8702,0.8000,0.0449,-0.3013,1.4257,29.1548,0.0245,0.5757,0.2051
13.200,42.197,1.2934,4.1511,-166.107,1.3028,4.0835,-167.339,0.0071,0.0679,0.0683,-1.232,0.7616,3.0690,-0.574,0.5311,1.0199,-166.765,1.583,2.3603,42.828,0.0465,0.0240,0.0313,1.3004,1,1.7487,1.7515,nan,2.0661,2.1780,0.0863,0.8571,0.8000,0.0273,-0.1798,1.4257,29.1548,0.0800,-2.1404,0.2051
13.250,42.291,1.2037,4.1222,-158.113,1.1861,4.0382,-158.084,0.0476,0.0714,0.0858,0.029,0.7616,3.0690,-0.574,0.4148,0.9735,-157.510,1.672,2.4257,42.940,0.0147,0.0387,0.0602,1.5537,1,1.8288,1.8583,nan,2.1461,2.1687,0.0859,0.8176,0.8000,0.0109,-0.1784,1.2804,29.2546,0.0131,1.2335,0.2051
13.300,42.291,1.2037,4.1222,-158.113,1.2067,4.0485,-158.123,0.0247,0.0695,0.0738,-0.010,0.7815,3.0795,-0.613,0.4148,0.9735,-157.510,1.672,2.4257,42.940,0.0147,0.0387,0.0514,1.3268,1,1.7604,1.7645,nan,2.1461,2.1858,0.0866,0.7328,0.8000,0.0064,-0.1859,1.1632,29.3545,0.0230,2.4780,0.2051
13.350,42.392,1.1130,4.0781,-149.770,1.1271,4.0109,-150.373,0.0217,0.0652,0.0687,-0.603,0.7875,3.0958,-0.896,0.3252,0.9203,-149.477,1.791,2.5631,43.061,0.0123,0.0125,0.0218,1.7426,1,1.9017,1.9499,nan,2.2269,2.2011,0.0872,0.6863,0.8000,-0.0117,-0.1750,1.0491,29.4543,-0.0149,0.2377,0.2051
13.400,42.511,1.0151,4.0102,-140.504,1.0303,3.9421,-141.934,0.0316,0.0622,0.0698,-1.430,0.7955,3.0981,-0.437,0.2284,0.8457,-141.497,1.866,2.4162,43.198,0.0147,0.0343,0.0251,0.7320,1,2.2092,2.4423,nan,2.3927,2.2735,0.0900,0.6353,0.8703,-0.0318,-0.1399,0.9496,29.5541,-0.0800,3.3228,0.2051
13.450,42.624,0.9332,3.9328,-132.770,0.9135,3.8208,-131.529,0.0956,0.0616,0.1137,1.242,0.8140,3.1128,-0.170,0.0974,0.7083,-131.359,1.944,2.1840,43.324,0.0752,0.0142,0.0293,2.0582,1,2.3782,2.4423,nan,2.5650,2.4839,0.0984,0.5496,1.0088,-0.0557,-0.1830,0.7754,29.7538,-0.0800,3.3228,0.2051
13.500,42.752,0.8529,3.8328,-124.753,0.8697,3.7489,-125.227,0.0593,0.0616,0.0855,-0.474,0.8140,3.1128,-0.170,0.0539,0.6363,-125.057,2.038,1.8446,43.464,0.0382,0.0262,0.0180,0.6874,1,2.0473,1.9140,nan,2.5650,2.6350,0.1044,0.5134,0.8685,-0.0397,-0.1071,0.7754,29.7538,0.0405,1.0873,0.2051
13.550,42.752,0.8529,3.8328,-124.753,0.8738,3.7598,-125.500,0.0481,0.0588,0.0760,-0.747,0.8151,3.1239,-0.443,0.0539,0.6363,-125.057,2.038,1.8446,43.464,0.0382,0.0262,0.0135,0.5165,1,2.2325,2.3043,nan,2.6540,2.6334,0.1043,0.4734,0.9804,-0.0538,-0.1036,0.6982,29.8537,-0.0120,4.3762,0.2051
13.600,42.889,0.7816,3.7156,-117.875,0.7945,3.6131,-118.057,0.0846,0.0593,0.1033,-0.182,0.8235,3.1299,-0.221,-0.0309,0.4831,-117.836,2.241,1.8437,43.618,0.0752,0.0159,0.0040,0.2545,1,2.3109,2.3442,nan,2.7449,2.7143,0.1075,0.3759,1.0523,-0.0538,-0.0736,0.6202,29.9535,-0.0177,3.0117,0.2051
13.650,43.029,0.7232,3.5891,-111.375,0.7403,3.4712,-111.261,0.1036,0.0589,0.1192,0.114,0.8262,3.1353,-0.369,-0.0881,0.3353,-110.892,2.384,1.9343,43.770,0.0962,0.0245,0.0205,0.8366,1,2.3236,2.3442,nan,2.8372,2.8264,0.1119,0.2893,1.1333,-0.0638,-0.0918,0.4800,30.1532,-0.0063,3.0117,0.2051
13.700,43.207,0.6693,3.4193,-103.880,0.6955,3.3158,-105.074,0.0942,0.0502,0.1067,-1.194,0.8184,3.1264,-1.113,-0.1266,0.1870,-103.961,2.502,1.4825,43.957,0.0741,0.0201,0.0009,0.0450,1,2.3018,2.3170,nan,2.9311,2.9845,0.1182,0.1897,1.1632,-0.0596,-0.0439,0.4113,30.2531,0.0309,0.9954,0.2051
13.750,43.207,0.6693,3.4193,-103.880,0.6955,3.3158,-105.074,0.0942,0.0502,0.1067,-1.194,0.8184,3.1264,-1.113,-0.1266,0.1870,-103.961,2.502,1.4825,43.957,0.0741,0.0201,0.0009,0.0450,1,2.5960,2.8042,nan,3.2149,3.2377,0.1282,0.1653,1.3589,-0.0854,-0.0412,0.3454,30.3529,0.0132,2.1471,0.2051
13.800,43.362,0.6388,3.2669,-98.671,0.6448,3.0948,-98.931,0.1692,0.0319,0.1722,-0.260,0.8192,3.1329,-1.169,-0.1736,-0.0416,-97.762,2.599,1.3265,44.118,0.1507,0.0231,0.0198,0.8602,1,2.3194,2.2565,nan,3.2149,3.2583,0.1290,0.1328,1.2607,-0.0803,-0.0256,0.2774,30.4527,0.0800,5.0535,0.2051
13.850,43.560,0.6156,3.0709,-95.125,0.6411,2.9954,-95.153,0.0729,0.0321,0.0797,-0.028,0.8192,3.1329,-1.169,-0.1753,-0.1411,-93.984,2.829,0.8326,44.326,0.0545,0.0201,0.0119,0.5921,1,2.2486,2.2565,nan,3.3070,3.2156,0.1274,0.0732,1.2678,-0.0808,0.0152,0.2139,30.5526,0.0800,5.0535,0.2051
13.900,43.731,0.6040,2.9002,-92.607,0.6170,2.7184,-93.255,0.1810,0.0213,0.1822,-0.648,0.8146,3.1195,-0.916,-0.1911,-0.4042,-92.340,3.036,0.7753,44.507,0.1462,0.0215,0.0113,0.5278,1,2.4450,3.3514,nan,3.6451,3.4657,0.1373,0.0627,1.5447,-0.1028,-0.0304,0.0173,30.8521,0.0800,1.4360,0.2051
13.950,43.929,0.5991,2.7018,-90.389,0.6146,2.5425,-90.812,0.1592,0.0166,0.1600,-0.424,0.8146,3.1195,-0.916,-0.1908,-0.5801,-89.897,3.173,0.3241,44.712,0.1240,0.0194,0.0008,0.0407,1,2.7580,3.1182,nan,3.7230,3.7782,0.1496,0.0271,1.7426,-0.1050,0.0038,-0.0050,30.9520,0.0800,2.0411,0.2051
14.000,43.929,0.5991,2.7018,-90.389,0.6110,2.5406,-91.223,0.1611,0.0130,0.1616,-0.834,0.8151,3.1162,-1.326,-0.1908,-0.5801,-89.897,3.173,0.3241,44.712,0.1240,0.0194,0.0104,0.5372,1,3.0660,3.3697,nan,3.9437,4.0743,0.1614,0.0327,1.9371,-0.1150,-0.0157,-0.0125,31.1517,0.0800,3.6829,0.2051
14.050,44.125,0.5997,2.5064,-89.336,0.6089,2.2953,-90.432,0.2111,0.0068,0.2113,-1.096,0.8142,3.1093,-1.276,-0.1871,-0.8183,-89.157,3.337,0.1662,44.915,0.1670,0.0218,0.0255,1.1702,1,3.0607,3.0846,nan,4.0133,4.0569,0.1607,0.0282,1.9338,-0.1163,-0.0118,-0.0190,31.3514,0.0800,5.7078,0.2051
14.100,44.369,0.6039,2.2624,-88.742,0.6158,2.1100,-89.387,0.1526,0.0085,0.1528,-0.646,0.8097,3.1075,-0.672,-0.1822,-0.9997,-88.715,3.623,0.1843,45.175,0.1047,0.0198,0.0096,0.4873,1,3.0600,3.0846,nan,4.1471,4.0438,0.1602,0.0232,1.9333,-0.1173,0.0007,-0.0247,31.5510,0.0800,5.7078,0.2036
14.151,44.620,0.6110,2.0110,-88.022,0.6219,1.7800,-88.695,0.2313,0.0029,0.2313,-0.672,0.8097,3.1075,-0.672,-0.1722,-1.3297,-88.022,3.844,0.1659,45.439,0.1832,0.0194,0.0116,0.5975,1,3.2881,3.9887,nan,4.3515,4.2547,0.1685,-0.0025,2.0619,-0.1044,0.0264,-0.0265,31.7507,0.0800,5.1106,0.2036
14.200,44.620,0.6110,2.0110,-88.022,0.6232,1.7788,-88.297,0.2324,0.0042,0.2325,-0.274,0.8018,3.1077,-0.274,-0.1722,-1.3297,-88.022,3.844,0.1659,45.439,0.1832,0.0194,0.0007,0.0382,1,3.5879,3.8989,nan,4.5288,4.5603,0.1806,-0.0176,2.2511,-0.0922,0.0464,-0.0272,31.9504,0.0800,1.9634,0.2036
14.250,44.877,0.6212,1.7542,-87.466,0.6337,1.4784,-87.259,0.2761,0.0003,0.2761,0.207,0.7913,3.1002,0.032,-0.1585,-1.6218,-87.292,3.950,-0.0002,45.703,0.2186,0.0191,0.0037,0.1945,1,3.4621,3.4701,nan,4.5854,4.4130,0.1748,-0.0161,2.1758,-0.0853,0.0451,-0.0235,32.1501,0.0800,3.1675,0.2036
14.300,45.172,0.6343,1.4599,-87.531,0.6413,1.2728,-87.411,0.1872,-0.0011,0.1872,0.120,0.7876,3.1069,0.056,-0.1481,-1.8339,-87.467,4.108,-0.0807,46.008,0.1367,0.0173,0.0090,0.5221,1,3.4449,3.4701,nan,4.6953,4.3827,0.1736,-0.0230,2.1671,-0.0768,0.0555,-0.0254,32.3498,0.0800,3.1675,0.2036
14.350,45.447,0.6454,1.1853,-87.960,0.6547,0.9466,-87.766,0.2388,0.0008,0.2388,0.194,0.7876,3.1069,0.056,-0.1350,-2.1601,-87.823,4.313,-0.1270,46.297,0.1881,0.0097,0.0032,0.3259,1,3.7163,4.2687,nan,4.8909,4.6593,0.1845,-0.0230,2.3421,-0.0653,0.0537,-0.0214,32.6493,0.0800,4.7299,0.2036
14.400,45.447,0.6454,1.1853,-87.960,0.6534,0.9790,-87.532,0.2065,0.0006,0.2065,0.429,0.7774,3.1397,0.291,-0.1350,-2.1601,-87.823,4.313,-0.1270,46.297,0.1881,0.0158,0.0051,0.3204,1,3.9413,4.6299,nan,5.0927,4.8921,0.1937,-0.0230,2.4839,-0.0546,0.0514,-0.0191,32.8490,0.0800,1.1567,0.2036
14.450,45.778,0.6556,0.8538,-88.634,0.6616,0.6512,-88.463,0.2026,0.0012,0.2026,0.170,0.7873,3.1520,0.000,-0.1257,-2.5007,-88.464,4.326,-0.1549,46.630,0.1971,0.0146,0.0129,0.8838,1,4.1832,4.8315,nan,5.1570,5.1476,0.2039,-0.0202,2.5209,-0.0506,0.0456,-0.0226,32.9489,0.0800,3.0950,0.2036
14.500,46.029,0.6606,0.6032,-89.148,0.6758,0.3189,-88.805,0.2845,0.0110,0.2847,0.344,0.7757,3.1467,0.405,-0.1199,-2.8270,-89.210,4.454,-0.1588,46.891,0.2726,0.0127,0.0042,0.3330,1,4.4664,4.8315,nan,5.4604,5.6244,0.2227,-0.0163,2.5291,-0.0375,0.0366,-0.0158,33.3483,0.0724,3.0950,0.2036
14.551,46.029,0.6606,0.6032,-89.148,0.6758,0.3189,-88.805,0.2845,0.0110,0.2847,0.344,0.7757,3.1467,0.405,-0.1199,-2.8270,-89.210,4.454,-0.1588,46.891,0.2726,0.0127,0.0042,0.3330,1,4.1268,4.0266,nan,5.4604,5.2909,0.2095,-0.0195,2.5291,-0.0226,0.0380,-0.0142,33.4481,0.0800,4.0136,0.2036
14.600,46.367,0.6639,0.2648,-89.810,0.6787,0.0978,-89.130,0.1670,0.0142,0.1676,0.679,0.7564,3.1947,0.746,-0.1180,-3.0956,-89.877,4.706,-0.1256,47.251,0.2030,0.0125,0.0061,0.4863,1,4.3678,4.5443,nan,5.6289,5.5301,0.2190,-0.0194,2.5327,-0.0133,0.0381,-0.0156,33.7476,0.0800,7.0083,0.2036
14.650,46.743,0.6636,-0.1108,-90.359,0.6823,-0.2326,-89.490,0.1217,0.0195,0.1232,0.869,0.7519,3.2281,0.834,-0.1200,-3.4593,-90.324,5.109,-0.1438,47.662,0.1909,0.0126,0.0089,0.7048,1,4.4708,4.5443,nan,5.7886,5.6279,0.2229,-0.0210,2.5369,-0.0040,0.0403,-0.0131,33.9473,0.0800,7.0083,0.2036
14.700,47.112,0.6595,-0.4801,-90.981,0.6827,-0.6974,-90.070,0.2169,0.0269,0.2185,0.911,0.7519,3.2281,0.834,-0.1263,-3.9240,-90.904,5.170,-0.1674,48.039,0.2860,0.0246,0.0027,0.1094,1,4.6358,5.7416,nan,5.9402,5.7865,0.2292,-0.0205,2.5348,0.0102,0.0360,-0.0083,34.2469,0.0800,0.6453,0.2036
14.750,47.112,0.6595,-0.4801,-90.981,0.6806,-0.6878,-90.899,0.2074,0.0246,0.2088,0.081,0.8066,3.2362,0.004,-0.1263,-3.9240,-90.904,5.170,-0.1674,48.039,0.2860,0.0127,0.0016,0.1245,1,4.8396,5.7161,nan,6.0843,5.9872,0.2371,-0.0075,2.5348,0.0079,0.0132,-0.0101,34.5464,0.0800,3.4963,0.2036
14.800,47.390,0.6538,-0.7582,-91.505,0.6772,-1.0318,-91.041,0.2729,0.0306,0.2746,0.464,0.7749,3.2349,0.518,-0.1363,-4.2656,-91.558,5.309,-0.1716,48.330,0.3493,0.0127,0.0058,0.4525,1,4.8276,4.8723,nan,6.1766,5.9619,0.2361,-0.0035,2.5344,0.0085,0.0065,-0.0050,34.7461,0.0800,1.9118,0.2036
14.850,47.791,0.6410,-1.1583,-92.164,0.6625,-1.3440,-92.004,0.1848,0.0285,0.1870,0.160,0.7907,3.2424,0.254,-0.1486,-4.5858,-92.259,5.511,-0.0712,48.750,0.2694,0.0128,0.0032,0.2470,1,4.8250,4.8723,nan,6.2660,5.9404,0.2353,-0.0050,2.5344,0.0210,0.0080,-0.0041,35.0456,0.0800,1.9118,0.2036
14.900,48.189,0.6252,-1.5558,-92.428,0.6466,-1.7430,-92.170,0.1862,0.0293,0.1884,0.258,0.7907,3.2424,0.254,-0.1663,-4.9848,-92.424,5.667,-0.0454,49.164,0.2708,0.0137,0.0042,0.3029,1,5.1031,5.5138,nan,6.4776,6.2225,0.2464,-0.0026,2.5344,0.0169,0.0072,0.0016,35.3451,0.0800,3.2788,0.2036
14.950,48.189,0.6252,-1.5558,-92.428,0.6449,-1.7618,-91.992,0.2050,0.0284,0.2070,0.436,0.7736,3.2241,0.433,-0.1663,-4.9848,-92.424,5.667,-0.0454,49.164,0.2708,0.0137,0.0055,0.3995,1,5.2607,6.4962,nan,6.5970,6.3686,0.2522,-0.0024,2.5344,0.0200,0.0082,0.0047,35.7445,0.0800,1.0765,0.2036
15.000,48.559,0.6090,-1.9258,-92.578,0.6391,-2.2303,-90.966,0.3029,0.0437,0.3060,1.612,0.6712,3.2589,1.639,-0.1891,-5.4861,-92.604,5.742,-0.0287,49.544,0.4020,0.0128,0.0274,2.1410,1,5.4695,5.6921,nan,6.7480,6.5763,0.2604,-0.0010,2.5344,0.0217,0.0063,0.0055,36.0441,0.0800,3.0271,0.2036
15.050,48.926,0.5922,-2.2921,-92.677,0.6319,-2.6110,-91.066,0.3167,0.0545,0.3214,1.611,0.6712,3.2589,1.639,-0.2071,-5.8664,-92.705,5.881,-0.0243,49.927,0.4160,0.0128,0.0377,2.9423,1,5.5720,5.6921,nan,6.8558,6.6755,0.2644,-0.0145,2.5344,0.0480,0.0246,0.0036,36.2438,0.0800,3.0271,0.2036
15.100,48.926,0.5922,-2.2921,-92.677,0.6239,-2.5941,-91.639,0.3002,0.0457,0.3037,1.038,0.7218,3.2751,1.066,-0.2071,-5.8664,-92.705,5.881,-0.0243,49.927,0.4160,0.0128,0.0258,2.0146,1,5.1883,4.9722,nan,6.8558,6.2485,0.2475,-0.0067,2.5344,0.0393,0.0124,0.0051,36.4435,0.0800,2.5178,0.2036
15.150,49.440,0.5677,-2.8060,-92.810,0.6016,-2.8518,-92.284,0.0441,0.0362,0.0570,0.525,0.7698,3.2887,0.485,-0.2201,-6.1389,-92.769,6.077,-0.1188,50.464,0.1750,0.0129,0.0167,1.2971,1,5.3447,8.1148,nan,7.0585,6.3843,0.2528,-0.0004,2.5344,0.0421,-0.0033,0.0109,37.0425,0.0800,3.7561,0.2036
15.200,49.829,0.5473,-3.1941,-93.243,0.5944,-3.6965,-90.756,0.4989,0.0755,0.5046,2.486,0.5438,3.2914,2.589,-0.2650,-6.9830,-93.345,6.197,-0.0698,50.867,0.6307,0.0129,0.0563,4.3778,1,5.4982,8.1148,nan,7.2159,6.5296,0.2586,0.0146,2.5382,0.0133,-0.0240,0.0121,37.4419,0.0800,3.7561,0.2036
15.250,49.829,0.5473,-3.1941,-93.243,0.5944,-3.6965,-90.756,0.4989,0.0755,0.5046,2.486,0.5438,3.2914,2.589,-0.2650,-6.9830,-93.345,6.197,-0.0698,50.867,0.6307,0.0129,0.0563,4.3778,1,5.2135,5.1441,nan,7.1852,6.2221,0.2464,-0.0113,2.5382,0.0534,0.0135,0.0121,37.4419,0.0800,-1.3395,0.2036
15.300,50.205,0.5254,-3.5694,-93.462,0.5802,-3.8116,-92.154,0.2384,0.0694,0.2483,1.308,0.6830,3.3103,1.377,-0.2739,-7.1173,-93.531,6.141,0.0204,51.243,0.3896,0.0129,0.0457,3.5502,1,5.2213,5.2808,nan,7.2761,6.2210,0.2464,-0.0131,2.5382,0.0579,0.0162,0.0096,37.6416,0.0800,1.8716,0.2036
15.351,50.763,0.4943,-4.1265,-93.060,0.5802,-3.8116,-92.154,-0.3191,0.0690,0.3264,0.907,0.6830,3.3103,1.377,-0.2739,-7.1173,-93.531,6.141,0.0204,51.811,0.1705,0.0386,0.0457,1.1850,1,5.2234,5.2808,nan,7.3347,6.2086,0.2459,0.0019,2.5382,0.0354,-0.0069,0.0106,37.9411,0.0800,1.8716,0.2036
15.401,50.763,0.4943,-4.1265,-93.060,0.5471,-4.2986,-91.702,0.1690,0.0620,0.1800,1.358,0.6320,3.3282,1.649,-0.3044,-7.6211,-93.351,6.194,-0.1042,51.811,0.3363,0.0129,0.0504,3.9103,1,5.5015,6.0537,nan,7.4753,6.4949,0.2572,0.0056,2.5382,0.0211,-0.0096,0.0085,38.2407,0.0800,-1.5341,0.2036
15.450,51.297,0.4637,-4.6599,-93.548,0.5137,-4.7383,-93.262,0.0752,0.0547,0.0930,0.286,0.8160,3.3563,0.196,-0.3300,-8.0935,-93.458,6.100,-0.0058,52.343,0.2754,0.0131,0.0290,2.2107,1,5.6531,8.0152,nan,7.5191,6.6437,0.2631,0.0074,2.5382,0.0176,-0.0126,0.0123,38.5402,0.0800,-0.7026,0.2036
15.500,51.692,0.4394,-5.0545,-93.481,0.4790,-5.3228,-92.736,0.2654,0.0558,0.2712,0.745,0.7233,3.4050,0.833,-0.3712,-8.7233,-93.569,6.070,0.0359,52.740,0.5107,0.0128,0.0343,2.6757,1,5.8027,8.0152,nan,7.5191,6.7791,0.2685,0.0314,2.5424,-0.0398,-0.0429,0.0084,39.1393,0.0800,-0.7026,0.2036
15.550,52.091,0.4157,-5.4523,-93.262,0.4659,-5.6314,-92.514,0.1760,0.0603,0.1860,0.747,0.7233,3.4050,0.833,-0.3888,-9.0317,-93.347,6.181,0.1390,53.153,0.4211,0.0129,0.0389,3.0124,1,6.0399,6.3870,nan,7.5191,6.9326,0.2746,0.0230,2.5424,-0.0365,-0.0275,0.0095,39.3390,0.0800,1.9218,0.2036
15.600,52.091,0.4157,-5.4523,-93.262,0.4616,-5.6232,-92.725,0.1680,0.0556,0.1770,0.536,0.7524,3.4122,0.622,-0.3888,-9.0317,-93.347,6.181,0.1390,53.153,0.4211,0.0129,0.0344,2.6632,1,6.1848,6.3768,nan,7.5191,6.6796,0.2645,0.0215,2.5442,-0.0472,-0.0205,0.0047,39.6385,0.0800,3.1643,0.2036
15.650,52.512,0.3949,-5.8727,-92.178,0.4391,-5.9653,-91.440,0.0909,0.0476,0.1026,0.738,0.6328,3.4826,1.307,-0.4091,-9.4411,-92.747,6.370,0.2407,53.597,0.4101,0.0129,0.0397,3.0897,1,6.4349,6.8721,nan,7.5191,6.9497,0.2752,0.0039,2.5442,-0.0419,0.0143,0.0034,39.9380,0.0800,3.3150,0.2036
15.700,52.886,0.3827,-6.2468,-91.403,0.4239,-6.4118,-90.787,0.1640,0.0452,0.1701,0.615,0.7650,3.5346,0.445,-0.4184,-9.9435,-91.233,6.517,0.2315,53.990,0.5384,0.0126,0.0377,2.9967,1,6.6057,6.8721,nan,7.5191,7.1341,0.2825,-0.0023,2.5459,-0.0353,0.0246,0.0065,40.2375,0.0800,3.3150,0.2036
15.750,53.355,0.3743,-6.7156,-90.488,0.4242,-6.6952,-90.135,-0.0208,0.0498,0.0540,0.352,0.7650,3.5346,0.445,-0.4202,-10.2269,-90.581,6.503,0.2215,54.464,0.3530,0.0128,0.0405,3.1648,1,6.1844,5.8065,nan,7.5191,6.6792,0.2645,0.0045,2.5459,-0.0536,0.0166,0.0041,40.4372,0.0800,1.9176,0.2036
15.800,53.355,0.3743,-6.7156,-90.488,0.4170,-6.6797,-90.365,-0.0363,0.0424,0.0558,0.123,0.7987,3.5487,0.216,-0.4202,-10.2269,-90.581,6.503,0.2215,54.464,0.3530,0.0128,0.0351,2.7389,1,6.3556,7.6269,nan,7.5191,6.8641,0.2718,0.0013,2.5387,-0.0520,0.0224,0.0055,40.9365,0.0800,-0.2035,0.2036
15.850,53.777,0.3711,-7.1377,-90.455,0.4096,-7.2627,-88.934,0.1247,0.0395,0.1308,1.521,0.6927,3.5846,0.716,-0.4186,-10.8429,-89.650,6.644,0.0299,54.905,0.5470,0.0124,0.0468,3.7823,1,6.4971,6.7068,nan,7.5191,7.0169,0.2779,0.0094,2.5325,-0.0652,0.0114,0.0031,41.1362,0.0800,-1.4482,0.2036
15.901,54.187,0.3682,-7.5473,-90.326,0.4009,-7.5731,-89.119,0.0257,0.0329,0.0417,1.207,0.5843,3.6103,1.235,-0.4243,-11.1769,-90.354,6.579,0.0252,55.314,0.4713,0.0114,0.0385,3.3753,1,6.6755,6.9505,nan,7.5191,7.2096,0.2855,0.0086,2.5272,-0.0605,0.0114,0.0034,41.5355,0.0800,0.6138,0.2036
15.950,54.602,0.3660,-7.9630,-90.262,0.3953,-8.0792,-89.049,0.1161,0.0298,0.1199,1.213,0.5812,3.5884,1.180,-0.4261,-11.6613,-90.228,6.617,0.0683,55.739,0.5401,0.0124,0.0340,2.7462,1,6.7739,6.9505,nan,7.5191,7.3158,0.2897,0.0043,2.5232,-0.0558,0.0205,0.0022,41.8351,0.0800,0.6138,0.2036
16.000,55.049,0.3650,-8.4096,-89.937,0.4026,-8.4666,-88.811,0.0570,0.0376,0.0683,1.126,0.5812,3.5884,1.180,-0.4267,-12.0487,-89.991,6.722,0.0503,56.202,0.4809,0.0132,0.0446,3.3857,1,6.4337,6.2714,nan,7.3797,6.9484,0.2752,0.0050,2.5150,-0.0642,0.0237,0.0044,42.1346,0.0800,1.6446,0.2036
16.050,55.049,0.3650,-8.4096,-89.937,0.3819,-8.4291,-89.687,0.0195,0.0169,0.0258,0.250,0.7448,3.6217,0.303,-0.4267,-12.0487,-89.991,6.722,0.0503,56.202,0.4809,0.0115,0.0118,1.0290,1,6.5513,6.7344,nan,7.1067,7.0754,0.2802,0.0041,2.5116,-0.0536,0.0251,0.0043,42.5340,0.0800,3.2343,0.2036
16.100,55.567,0.3663,-8.9281,-89.758,0.3876,-8.8650,-88.931,-0.0630,0.0216,0.0666,0.828,0.6337,3.6683,0.814,-0.4240,-12.5285,-89.744,6.879,0.0491,56.743,0.4423,0.0102,0.0197,1.9391,1,6.7085,8.1016,nan,6.9230,7.0860,0.2806,0.0164,2.5115,-0.0814,0.0119,0.0024,42.6338,0.0563,-1.3895,0.2025
16.150,55.930,0.3683,-9.2910,-89.598,0.3887,-9.4850,-89.045,0.1941,0.0191,0.1951,0.553,0.6864,3.6449,0.538,-0.4209,-13.1266,-89.582,6.820,0.0525,57.105,0.6773,0.0093,0.0154,1.6598,1,6.9172,8.1016,nan,6.2810,6.1584,0.2439,0.0146,2.4824,-0.0655,0.0190,0.0085,0.0998,0.0800,-1.3895,0.2025
16.200,56.374,0.3720,-9.7346,-89.437,0.3942,-9.7352,-88.855,0.0008,0.0222,0.0222,0.582,0.6864,3.6449,0.538,-0.4178,-13.3768,-89.393,6.828,0.0419,57.556,0.4840,0.0095,0.0174,1.8259,1,6.4717,5.8107,nan,6.1846,5.6772,0.2248,0.0192,2.4808,-0.0751,0.0157,0.0120,0.1997,0.0800,-0.8830,0.2025
16.250,56.374,0.3720,-9.7346,-89.437,0.3825,-9.7748,-89.082,0.0403,0.0101,0.0415,0.355,0.7278,3.6041,0.310,-0.4178,-13.3768,-89.393,6.828,0.0419,57.556,0.4840,0.0095,0.0085,0.8919,1,6.5335,6.6661,nan,5.7920,5.7440,0.2275,0.0285,2.4745,-0.0852,0.0076,0.0158,0.5991,0.0800,0.1076,0.2025
16.300,56.824,0.3781,-10.1847,-88.861,0.3814,-10.2545,-89.686,0.0699,0.0019,0.0699,-0.824,0.8910,3.5975,-0.401,-0.4127,-13.8553,-89.285,6.413,0.1796,57.970,0.5123,0.0083,0.0145,1.7339,1,6.4655,6.5199,nan,5.4884,5.6693,0.2245,0.0212,2.4655,-0.0733,0.0226,0.0173,0.8986,0.0798,-8.5620,0.2025
16.350,57.273,0.3894,-10.6340,-88.065,0.3957,-10.7729,-88.427,0.1390,0.0016,0.1390,-0.362,0.8910,3.5975,-0.401,-0.3949,-14.3735,-88.027,5.959,0.2616,58.382,0.5814,0.0076,0.0067,0.8922,1,6.4437,6.5199,nan,5.1753,5.1347,0.2034,0.0302,2.4596,-0.0846,0.0109,0.0229,1.2980,-0.0180,-8.5620,0.2025
16.400,57.273,0.3894,-10.6340,-88.065,0.3919,-10.8291,-88.496,0.1951,-0.0041,0.1951,-0.431,0.9046,3.5406,-0.470,-0.3949,-14.3735,-88.027,5.959,0.2616,58.382,0.5814,0.0076,0.0075,0.9936,1,6.0407,5.1355,nan,5.0684,5.2117,0.2064,0.0261,2.4596,-0.0811,0.0235,0.0262,1.3978,0.0800,-3.8601,0.2025
16.450,57.723,0.4084,-11.0834,-86.906,0.3990,-11.0193,-87.445,-0.0645,-0.0059,0.0648,-0.539,0.8808,3.5851,-0.398,-0.3803,-14.6074,-87.047,5.707,0.2617,58.813,0.3659,0.0043,0.0100,2.3483,1,6.1717,6.3457,nan,4.6261,4.5602,0.1806,0.0235,2.2991,-0.0673,0.0286,0.0280,1.7972,-0.0800,-7.6929,0.2025
16.500,58.092,0.4310,-11.4513,-85.917,0.4322,-11.5044,-85.056,0.0531,-0.0026,0.0531,0.861,0.5707,3.6414,0.774,-0.3431,-15.1426,-85.830,5.343,0.2202,59.155,0.5336,0.0041,0.0102,2.4693,1,6.2289,6.3457,nan,4.2968,4.6128,0.1827,0.0220,1.9784,-0.0602,0.0338,0.0315,2.0967,-0.0800,-7.6929,0.2025
16.550,58.403,0.4547,-11.7616,-85.198,0.4561,-11.7147,-84.286,-0.0466,0.0054,0.0469,0.912,0.5707,3.6414,0.774,-0.3220,-15.3531,-85.060,5.213,0.2108,59.458,0.4339,0.0044,0.0100,2.2855,1,5.8784,4.7919,nan,4.2968,4.2903,0.1699,0.0004,1.9784,-0.0396,0.0615,0.0315,2.0967,-0.0800,-2.9745,0.2025
16.600,58.403,0.4547,-11.7616,-85.198,0.4490,-11.6471,-84.862,-0.1146,0.0039,0.1146,0.336,0.7179,3.7070,0.198,-0.3220,-15.3531,-85.060,5.213,0.2108,59.458,0.4339,0.0044,0.0093,2.1295,1,5.5321,4.5203,nan,4.1984,4.1082,0.1627,0.0022,1.8048,-0.0360,0.0527,0.0343,2.2964,-0.0484,-1.6241,0.2025
16.650,58.815,0.4918,-12.1722,-84.472,0.4722,-11.9878,-84.301,-0.1854,-0.0018,0.1854,0.171,0.7733,3.6903,-0.033,-0.2921,-15.6783,-84.268,4.735,0.0074,59.836,0.3482,0.0021,0.0120,5.7889,1,5.1145,4.5203,nan,4.0983,4.2195,0.1671,-0.0045,1.6497,-0.0240,0.0562,0.0380,2.4961,0.0800,-1.6241,0.2025
16.700,59.152,0.5242,-12.5072,-84.476,0.5094,-12.2812,-83.790,-0.2264,0.0070,0.2265,0.686,0.5818,3.7608,0.653,-0.2554,-16.0401,-84.444,4.397,0.0118,60.151,0.3752,0.0020,0.0170,8.3846,1,4.9379,4.9355,nan,3.7875,3.8293,0.1517,0.0217,1.4272,-0.0270,0.0246,0.0423,2.7957,0.0242,-6.7452,0.2025
16.750,59.152,0.5242,-12.5072,-84.476,0.5094,-12.2812,-83.790,-0.2264,0.0070,0.2265,0.686,0.5818,3.7608,0.653,-0.2554,-16.0401,-84.444,4.397,0.0118,60.151,0.3752,0.0020,0.0170,8.3846,1,4.6906,4.6557,nan,3.6797,3.8145,0.1511,0.0074,1.3558,-0.0117,0.0327,0.0390,2.8955,0.0800,-3.5208,0.2025
16.800,59.593,0.5670,-12.9459,-84.398,0.5573,-12.7228,-83.755,-0.2230,0.0122,0.2233,0.643,0.5818,3.7608,0.653,-0.2124,-16.4822,-84.409,4.197,0.0125,60.579,0.3786,0.0026,0.0158,6.0010,1,4.6264,4.6557,nan,3.4569,3.3468,0.1325,0.0158,1.2725,-0.0052,0.0250,0.0427,3.0952,-0.0800,-3.5208,0.2025
16.850,59.593,0.5670,-12.9459,-84.398,0.5595,-12.7166,-83.494,-0.2290,0.0150,0.2294,0.904,0.5089,3.7670,0.914,-0.2124,-16.4822,-84.409,4.197,0.0125,60.579,0.3786,0.0026,0.0191,7.2388,1,4.2379,4.0303,nan,3.4569,3.5871,0.1421,0.0155,1.2704,0.0022,0.0258,0.0462,3.1950,0.0753,-0.9996,0.2025
16.900,59.887,0.5968,-13.2388,-83.874,0.5813,-12.9275,-83.312,-0.3112,0.0178,0.3117,0.562,0.4675,3.7877,1.039,-0.1892,-16.7145,-84.350,3.858,0.0977,60.853,0.3178,0.0023,0.0303,13.3339,1,4.0932,4.1012,nan,3.2226,3.2734,0.1296,0.0212,1.2698,0.0120,0.0319,0.0485,3.3947,0.0294,-8.1291,0.2025
16.950,60.125,0.6228,-13.4752,-83.539,0.6258,-13.2528,-82.393,-0.2206,0.0280,0.2224,1.145,0.4675,3.7877,1.039,-0.1505,-17.0406,-83.432,3.532,0.0825,61.073,0.4080,0.0050,0.0315,6.3583,1,4.0711,4.1012,nan,2.9790,2.8501,0.1129,0.0522,1.2698,0.0157,0.0293,0.0521,3.5944,-0.0746,-8.1291,0.2025
17.000,60.125,0.6228,-13.4752,-83.539,0.6239,-13.1933,-82.778,-0.2800,0.0328,0.2819,0.760,0.5801,3.8479,0.653,-0.1505,-17.0406,-83.432,3.532,0.0825,61.073,0.4080,0.0050,0.0362,7.3074,1,3.7902,2.8023,nan,3.1009,3.1876,0.1262,0.0358,1.2032,0.0208,0.0242,0.0521,3.5944,0.0800,-0.3334,0.2025
17.050,60.414,0.6562,-13.7619,-83.105,0.6366,-13.2854,-82.553,-0.4754,0.0378,0.4769,0.552,0.5801,3.8479,0.653,-0.1389,-17.1329,-83.206,3.435,0.2471,61.356,0.2127,0.0043,0.0664,15.3291,1,3.9507,4.0327,nan,2.6271,2.7292,0.1081,0.0986,1.2541,0.0292,0.0271,0.0520,3.8939,-0.0800,-9.0563,0.2025
17.100,60.603,0.6802,-13.9499,-82.237,0.6804,-13.5635,-81.633,-0.3829,0.0524,0.3864,0.604,0.6245,3.9340,0.482,-0.0914,-17.4973,-82.116,3.045,0.2208,61.525,0.3902,0.0058,0.0554,9.5149,1,3.9919,4.0327,nan,2.4099,2.7869,0.1104,0.0938,1.0037,0.0352,0.0284,0.0559,4.0936,-0.0800,-9.0563,0.2025
17.151,60.843,0.7142,-14.1874,-81.397,0.6912,-13.6163,-80.887,-0.5682,0.0627,0.5716,0.511,0.6245,3.9340,0.482,-0.0810,-17.5502,-81.369,3.038,0.3849,61.765,0.2046,0.0531,0.0571,1.0755,1,3.7076,2.4310,nan,2.6271,2.4933,0.0987,0.0912,1.1770,0.0417,0.0387,0.0550,3.9938,-0.0800,-1.9082,0.2025
17.200,60.843,0.7142,-14.1874,-81.397,0.6912,-13.6163,-80.887,-0.5682,0.0627,0.5716,0.511,0.6245,3.9340,0.482,-0.0810,-17.5502,-81.369,3.038,0.3849,61.765,0.2046,0.0048,0.1209,25.1314,1,3.5200,3.5121,nan,2.4099,2.3370,0.0926,0.1397,1.0037,0.0531,0.0503,0.0799,4.1935,-0.0800,-5.7461,0.2025
17.250,61.046,0.7473,-14.3878,-79.714,0.7408,-13.9075,-79.641,-0.4737,0.0794,0.4803,0.073,0.7066,3.9595,0.201,-0.0285,-17.8670,-79.842,2.763,0.3892,61.955,0.3218,0.0082,0.0878,10.7746,1,3.4886,3.5121,nan,2.2069,2.3926,0.0948,0.1177,0.8000,0.0620,0.0367,0.2477,4.3932,-0.0800,-5.7461,0.2025
17.300,61.202,0.7767,-14.5408,-78.451,0.7662,-14.0190,-78.542,-0.5133,0.0942,0.5219,-0.091,0.8261,3.9524,-0.180,-0.0036,-17.9715,-78.362,2.545,0.4398,62.102,0.2731,0.0085,0.1255,14.8317,1,3.1067,2.7147,nan,2.3068,2.2887,0.0906,0.2397,0.9862,0.0694,0.0538,0.2477,4.3932,-0.0105,-5.7771,0.2025
17.350,61.202,0.7767,-14.5408,-78.451,0.7662,-14.0190,-78.542,-0.5133,0.0942,0.5219,-0.091,0.8261,3.9524,-0.180,-0.0036,-17.9715,-78.362,2.545,0.4398,62.102,0.2731,0.0085,0.1255,14.8317,1,2.7197,2.4226,nan,2.3068,2.3150,0.0917,0.2133,0.8634,0.0727,0.0412,0.3414,4.4930,0.0800,-5.0146,0.2025
17.400,61.372,0.8138,-14.7072,-76.290,0.8067,-14.2383,-76.247,-0.4572,0.1042,0.4689,0.044,0.6753,3.8923,0.314,0.0322,-18.1311,-76.560,2.353,0.6981,62.265,0.2662,0.0078,0.1361,17.4172,1,2.3606,2.1840,nan,2.3068,2.0062,0.0795,0.2353,0.8000,0.0840,0.0505,0.4280,4.5929,0.0800,-2.6335,0.2025
17.450,61.529,0.8550,-14.8582,-73.000,0.8490,-14.4656,-73.897,-0.3772,0.1090,0.3926,-0.897,0.9584,3.8027,-0.575,0.0740,-18.2684,-73.322,2.276,0.7580,62.419,0.2527,0.0094,0.1120,11.8800,1,2.1965,2.1840,nan,2.1107,1.8916,0.0749,0.3628,0.8000,0.0808,0.0466,0.5194,4.6927,0.0800,-2.6335,0.2025
17.501,61.529,0.8550,-14.8582,-73.000,0.8490,-14.4656,-73.897,-0.3772,0.1090,0.3926,-0.897,0.9584,3.8027,-0.575,0.0740,-18.2684,-73.322,2.276,0.7580,62.419,0.2527,0.0094,0.1120,11.8800,1,2.0985,2.1002,nan,1.9292,1.8831,0.0746,0.6519,0.8000,0.0521,-0.0443,0.7102,4.8924,0.0800,-0.0427,0.2025
17.550,61.715,0.9150,-15.0347,-69.416,0.9066,-14.6877,-70.317,-0.3278,0.1142,0.3471,-0.900,0.9305,3.7170,-0.464,0.1253,-18.4043,-69.852,2.212,0.8766,62.603,0.2116,0.0079,0.1369,17.2620,1,2.3769,2.5398,nan,1.8158,1.7078,0.0676,0.7291,0.8000,-0.0055,-0.2466,1.0357,5.1919,-0.0626,-7.4556,0.2025
17.600,61.853,0.9680,-15.1621,-65.009,0.9722,-14.9743,-67.052,-0.1684,0.0832,0.1879,-2.043,1.0548,3.6114,-0.864,0.1977,-18.5848,-66.188,1.908,1.3163,62.732,0.2661,0.0126,0.0543,4.3209,1,2.0866,2.0079,nan,1.8082,1.9149,0.0758,0.9172,0.8000,-0.0016,-0.1802,1.0357,5.1919,0.0618,-3.0893,0.2025
17.650,61.972,1.0237,-15.2675,-58.655,1.0267,-15.0712,-60.409,-0.1661,0.1047,0.1964,-1.754,1.0548,3.6114,-0.864,0.2536,-18.6809,-59.545,1.766,1.9236,62.852,0.2568,0.0067,0.0769,11.4520,1,2.0042,2.0079,nan,1.8043,1.8348,0.0727,0.9817,0.8000,-0.1151,-0.3259,1.3098,5.3916,0.0177,-3.0893,0.2025
17.700,62.088,1.0903,-15.3617,-50.880,1.0802,-15.2134,-52.856,-0.1214,0.0857,0.1487,-1.976,1.0524,3.5261,-0.849,0.3055,-18.7371,-52.007,1.622,1.9377,62.968,0.2176,0.0056,0.0667,11.8721,1,1.7337,1.6651,nan,1.8043,1.8580,0.0736,1.0000,0.8000,-0.1779,-0.3213,1.4690,5.4915,0.0311,-4.6285,0.2025
17.750,62.088,1.0903,-15.3617,-50.880,1.0889,-15.2714,-52.535,-0.0710,0.0559,0.0904,-1.655,0.9561,3.4677,-0.528,0.3055,-18.7371,-52.007,1.622,1.9377,62.968,0.2176,0.0056,0.0382,6.7978,1,1.8795,1.9288,nan,1.7967,1.7504,0.0693,1.0000,0.8000,-0.2527,-0.3447,1.4934,5.5913,-0.0268,-0.2213,0.2025
17.801,62.195,1.1637,-15.4398,-42.178,1.1897,-15.3868,-43.791,-0.0163,0.0567,0.0590,-1.614,0.8021,3.4494,-0.056,0.4060,-18.8359,-43.735,1.575,2.5181,63.089,0.2415,0.0279,0.0183,0.6544,1,1.8702,1.8837,nan,1.8321,1.8092,0.0717,1.0000,0.8000,-0.2632,-0.3257,1.4982,5.6912,-0.0133,-1.7656,0.2025
17.850,62.279,1.2298,-15.4918,-34.036,1.2820,-15.4450,-33.129,0.0171,0.0680,0.0701,0.907,0.9365,3.4600,-0.499,0.5102,-18.9013,-32.629,1.553,2.6491,63.187,0.2638,0.0358,0.0509,1.4212,1,1.8691,1.8837,nan,1.9062,1.9344,0.0766,1.0000,0.8000,-0.3010,-0.1916,1.4982,5.6912,0.0163,-1.7656,0.2025
17.900,62.380,1.3181,-15.5408,-24.153,1.3467,-15.4709,-24.862,-0.0025,0.0755,0.0756,-0.709,0.9365,3.4600,-0.499,0.5751,-18.9266,-24.363,1.489,2.5619,63.301,0.2346,0.0201,0.0276,1.3754,1,1.5763,1.4870,nan,1.9062,1.8963,0.0751,1.0000,0.8000,-0.2884,-0.0826,1.4982,5.6912,0.0800,-1.1457,0.2025
17.950,62.380,1.3181,-15.5408,-24.153,1.3455,-15.4777,-25.072,-0.0008,0.0688,0.0688,-0.919,1.0046,3.4545,-0.709,0.5751,-18.9266,-24.363,1.489,2.5619,63.301,0.2346,0.0201,0.0232,1.1578,1,1.7443,1.8015,nan,1.9851,2.0643,0.0818,1.0000,0.8000,-0.3181,-0.1074,1.4998,5.7910,0.0800,0.8518,0.2025
18.000,62.488,1.4199,-15.5756,-13.553,1.4653,-15.5264,-15.191,0.0326,0.0584,0.0669,-1.638,0.9578,3.4544,-0.590,0.7029,-18.9745,-14.601,1.567,2.6721,63.432,0.2546,0.0149,0.0218,1.4597,1,1.9395,2.0122,nan,1.9851,1.9763,0.0783,0.9633,0.8000,-0.3306,-0.0961,1.4742,5.8909,-0.0051,-1.0384,0.2025
18.050,62.577,1.5080,-15.5898,-4.811,1.5742,-15.5448,-4.874,0.0622,0.0504,0.0801,-0.063,0.7776,3.4525,-0.099,0.8293,-18.9959,-4.775,1.570,2.6800,63.537,0.2760,0.0247,0.0284,1.1475,1,1.8385,1.8373,nan,2.0671,2.1974,0.0870,0.9702,0.8000,-0.3231,0.0382,1.4742,5.8909,0.0754,-0.1738,0.2025
18.100,62.676,1.6068,-15.5899,4.913,1.6834,-15.5378,6.365,0.0808,0.0454,0.0926,1.452,0.7524,3.4478,-0.071,0.9546,-18.9844,6.436,1.662,2.7353,63.658,0.2787,0.0052,0.0229,4.3700,1,1.8248,1.8373,nan,2.0671,2.0765,0.0822,0.8468,0.8000,-0.3165,0.0426,1.3072,5.9907,0.0055,-0.1738,0.2025
18.150,62.676,1.6068,-15.5899,4.913,1.6834,-15.5378,6.365,0.0808,0.0454,0.0926,1.452,0.7524,3.4478,-0.071,0.9546,-18.9844,6.436,1.662,2.7353,63.658,0.2787,0.0052,0.0229,4.3700,1,1.6829,1.6714,nan,2.1498,2.2328,0.0884,0.7989,0.8000,-0.3107,0.1577,1.3072,5.9907,0.0800,-0.6353,0.2092
18.200,62.795,1.7240,-15.5683,16.037,1.7690,-15.5208,15.623,0.0564,0.0332,0.0654,-0.414,0.6788,3.4430,0.115,1.0523,-18.9660,15.509,1.669,2.5546,63.796,0.2717,0.0028,0.0128,4.4951,1,1.9383,2.0595,nan,2.2853,2.2867,0.0906,0.7237,0.8000,-0.2845,0.1687,1.1752,6.0905,0.0009,4.1763,0.2092
18.250,62.913,1.8339,-15.5265,25.545,1.9020,-15.4540,26.452,0.0927,0.0361,0.0995,0.907,0.3671,3.4226,1.023,1.1976,-18.9009,25.430,1.784,2.3821,63.934,0.2712,0.0247,0.0337,1.3652,1,2.0863,2.1389,nan,2.2853,2.1494,0.0851,0.5621,0.8040,-0.2690,0.1765,1.0544,6.1904,-0.0787,1.9972,0.2092
18.300,63.025,1.9315,-15.4708,34.061,2.0006,-15.3840,35.428,0.1059,0.0332,0.1109,1.367,0.2740,3.4040,1.255,1.3146,-18.8213,34.173,1.897,2.3193,64.065,0.2655,0.0049,0.0195,3.9715,1,2.1170,2.1389,nan,2.3730,2.2616,0.0896,0.4263,0.8500,-0.2274,0.2102,0.9522,6.2902,-0.0645,1.9972,0.2092
18.350,63.150,2.0298,-15.3933,42.505,2.0995,-15.2883,44.260,0.1224,0.0303,0.1260,1.755,0.2740,3.4040,1.255,1.4156,-18.7278,43.005,2.015,2.0629,64.207,0.2561,0.0235,0.0428,1.8196,1,2.0735,2.0839,nan,2.4631,2.4351,0.0964,0.2746,0.8684,-0.1925,0.2355,0.8512,6.3901,-0.0162,3.4843,0.2092
18.400,63.150,2.0298,-15.3933,42.505,2.0981,-15.2938,43.564,0.1176,0.0273,0.1207,1.059,0.4996,3.4193,0.560,1.4156,-18.7278,43.005,2.015,2.0629,64.207,0.2561,0.0235,0.0357,1.5208,1,2.1008,2.1218,nan,2.5556,2.5772,0.1021,0.1978,0.8798,-0.1611,0.3080,0.8512,6.3901,0.0125,3.3186,0.2092
18.450,63.281,2.1215,-15.3002,47.821,2.1843,-15.1879,50.087,0.1254,0.0289,0.1287,2.266,0.6209,3.4302,0.187,1.5027,-18.6231,49.900,2.162,1.3605,64.343,0.2449,0.0032,0.0309,9.7159,1,2.1687,2.1987,nan,2.5556,2.5050,0.0992,0.1806,0.9445,-0.1358,0.2410,0.7612,6.4899,-0.0293,4.0349,0.2092
18.500,63.439,2.2236,-15.1787,51.753,2.2786,-15.0698,52.797,0.1196,0.0242,0.1220,1.044,0.8956,3.4422,-0.684,1.6038,-18.4941,53.481,2.346,0.7420,64.508,0.2392,0.0026,0.0158,5.9924,1,2.1797,2.1987,nan,2.6503,2.6416,0.1046,0.0997,0.9887,-0.1150,0.2311,0.6715,6.5898,-0.0050,4.0349,0.2092
18.551,63.439,2.2236,-15.1787,51.753,2.2786,-15.0698,52.797,0.1196,0.0242,0.1220,1.044,0.8956,3.4422,-0.684,1.6038,-18.4941,53.481,2.346,0.7420,64.508,0.2392,0.0026,0.0158,5.9924,1,2.2447,2.2752,nan,2.7471,2.7380,0.1084,0.1634,1.0600,-0.1090,0.1264,0.5861,6.6896,-0.0053,3.7972,0.2092
18.600,63.627,2.3354,-15.0280,54.797,2.3775,-14.9404,53.872,0.0959,0.0161,0.0972,-0.925,1.0014,3.4404,-1.026,1.7051,-18.3532,54.898,2.510,0.3872,64.702,0.2380,0.0013,0.0062,4.6557,1,2.5018,2.6344,nan,3.0428,3.0110,0.1192,0.0998,1.2823,-0.0976,0.0325,0.4225,6.8893,-0.0184,1.9357,0.2092
18.650,63.627,2.3354,-15.0280,54.797,2.3775,-14.9404,53.872,0.0959,0.0161,0.0972,-0.925,1.0014,3.4404,-1.026,1.7051,-18.3532,54.898,2.510,0.3872,64.702,0.2380,0.0013,0.0062,4.6557,1,2.5941,2.6344,nan,3.1391,3.0834,0.1221,0.0545,1.3891,-0.1002,0.0076,0.3404,6.9892,-0.0323,1.9357,0.2092
18.700,63.817,2.4423,-14.8708,57.038,2.5356,-14.7021,56.448,0.1924,0.0135,0.1928,-0.590,0.8514,3.4278,-0.567,1.8635,-18.1123,57.015,2.620,0.6614,64.896,0.2364,0.0012,0.0136,11.2963,1,2.2377,1.7656,nan,3.0428,3.1761,0.1258,0.0480,1.1983,-0.0918,0.0431,0.3404,6.9892,0.0800,0.9774,0.2092
18.750,64.088,2.5818,-14.6392,60.282,2.5643,-14.6432,59.333,-0.0122,0.0132,0.0179,-0.949,0.8514,3.4278,-0.567,1.8916,-18.0532,59.900,2.814,0.2374,65.175,0.2783,0.0007,0.0076,10.9857,1,1.9021,1.7656,nan,3.0428,2.8752,0.1139,0.0221,1.0647,-0.0830,0.0541,0.2610,7.0890,0.0800,0.9774,0.2092
18.800,64.088,2.5818,-14.6392,60.282,2.5643,-14.6432,59.333,-0.0122,0.0132,0.0179,-0.949,0.8514,3.4278,-0.567,1.8916,-18.0532,59.900,2.814,0.2374,65.175,0.2783,0.0007,0.0076,10.9857,1,2.1025,3.6982,nan,3.3885,3.1448,0.1245,-0.0527,1.2042,-0.0762,0.0110,0.0207,7.3885,0.0800,3.7684,0.2092
18.850,64.332,2.7009,-14.4253,61.394,2.7427,-14.3296,60.500,0.1040,0.0091,0.1044,-0.894,0.8860,3.3908,-0.751,2.0888,-17.6945,61.251,2.947,0.1028,65.425,0.2183,0.0004,0.0103,27.7044,1,2.3005,3.5403,nan,3.5235,3.3147,0.1313,-0.0900,1.3176,-0.0735,0.0273,-0.1418,7.5882,0.0800,-1.8757,0.2092
18.900,64.536,2.7975,-14.2465,61.727,2.8465,-14.1376,61.207,0.1191,0.0084,0.1194,-0.520,0.8299,3.3584,-0.627,2.2080,-17.4729,61.834,2.909,-0.1158,65.626,0.2213,0.0000,0.0139,299.8857,1,2.4955,3.5403,nan,3.6497,3.4512,0.1367,-0.1081,1.4293,-0.0704,0.0465,-0.2171,7.6881,0.0800,-1.8757,0.2092
18.951,64.754,2.9024,-14.0547,60.655,2.9009,-14.0393,60.667,0.0127,0.0088,0.0155,0.012,0.8299,3.3584,-0.627,2.2613,-17.3740,61.294,3.080,-0.4488,65.852,0.2263,0.0263,0.0307,1.1666,1,2.6439,2.7028,nan,3.7098,3.5499,0.1406,-0.0947,1.5143,-0.0666,0.0512,-0.2212,7.7879,0.0800,3.2689,0.2092
19.000,64.754,2.9024,-14.0547,60.655,2.9009,-14.0393,60.667,0.0127,0.0088,0.0155,0.012,0.8299,3.3584,-0.627,2.2613,-17.3740,61.294,3.080,-0.4488,65.852,0.2263,0.0000,0.0003,6.0000,1,2.9259,3.4656,nan,3.8976,3.8052,0.1507,-0.0726,1.5668,-0.0577,0.0489,-0.2108,7.9876,0.0800,4.4260,0.2092
19.050,64.943,2.9969,-13.8918,58.867,3.0220,-13.8489,58.073,0.0497,0.0007,0.0497,-0.795,0.9742,3.3554,-1.123,2.3847,-17.1608,59.196,3.275,-0.4975,66.051,0.2181,0.0013,0.0081,6.2461,1,3.2284,3.5165,nan,4.0296,4.0911,0.1620,-0.0414,1.6011,-0.0507,0.0579,-0.2018,8.1873,0.0800,3.4211,0.2092
19.100,65.161,3.1124,-13.7066,57.071,3.1558,-13.6446,56.207,0.0756,-0.0027,0.0757,-0.865,0.7583,3.3068,-0.460,2.5335,-16.9316,56.667,3.440,-0.3979,66.278,0.2310,0.0003,0.0074,29.1720,1,3.4228,3.5165,nan,4.1599,4.2903,0.1699,-0.0096,1.6073,-0.0519,0.0603,-0.1569,8.3870,0.0755,3.4211,0.2092
19.150,65.406,3.2483,-13.5025,55.522,3.2344,-13.5352,55.234,-0.0348,-0.0071,0.0355,-0.288,0.7583,3.3068,-0.460,2.6113,-16.8216,55.694,3.658,-0.2110,66.536,0.2290,0.0054,0.0069,1.2807,1,3.0788,2.9599,nan,4.1599,3.9644,0.1570,-0.0147,1.5033,-0.0458,0.0641,-0.1569,8.3870,0.0800,4.4767,0.2092
19.200,65.406,3.2483,-13.5025,55.522,3.2132,-13.5625,55.603,-0.0693,-0.0050,0.0695,0.082,0.6285,3.2633,-0.091,2.6113,-16.8216,55.694,3.658,-0.2110,66.536,0.2290,0.0054,0.0042,0.7876,1,3.2628,4.2725,nan,4.3026,4.2200,0.1671,-0.0016,1.4700,-0.0207,0.0967,-0.0562,8.6865,0.0800,6.0448,0.2092
19.250,65.608,3.3631,-13.3362,55.317,3.3798,-13.3218,55.056,0.0213,-0.0055,0.0220,-0.261,0.5117,3.2208,0.236,2.8000,-16.5543,54.820,3.933,-0.0602,66.755,0.2444,0.0016,0.0006,0.4118,1,3.5508,3.7881,nan,3.9891,3.8632,0.1530,0.0184,1.5746,0.0026,0.1172,-0.0247,8.7864,-0.0800,3.7110,0.2092
19.300,65.894,3.5267,-13.1013,55.009,3.5018,-13.1424,55.007,-0.0480,-0.0031,0.0481,-0.001,0.5967,3.2314,-0.079,2.9275,-16.3698,55.086,3.950,-0.0128,67.043,0.2291,0.0096,0.0010,0.1088,1,3.8519,4.3194,nan,3.6891,3.5654,0.1412,-0.0107,1.2002,0.0265,0.1148,0.0395,8.9860,-0.0716,2.4841,0.2092
19.350,66.155,3.6762,-12.8880,55.021,3.7024,-12.8583,54.877,0.0394,-0.0045,0.0396,-0.144,0.5967,3.2314,-0.079,3.1278,-16.0854,54.955,4.003,0.1057,67.307,0.2547,0.0038,0.0096,2.5388,1,4.1076,4.3194,nan,3.5029,3.3609,0.1331,0.0234,1.0183,0.0501,0.0807,0.1433,9.2856,0.0800,2.4841,0.2092
19.400,66.155,3.6762,-12.8880,55.021,3.6933,-12.8715,55.146,0.0234,-0.0046,0.0238,0.125,0.5120,3.2035,0.191,3.1278,-16.0854,54.955,4.003,0.1057,67.307,0.2547,0.0038,0.0071,1.8830,1,3.7581,3.6485,nan,3.5029,3.0159,0.1194,0.0334,1.0183,0.0611,0.0815,0.1727,9.3854,0.0800,-2.8956,0.2092
19.450,66.418,3.8263,-12.6721,55.449,3.8161,-12.6914,55.955,-0.0217,-0.0025,0.0219,0.506,0.4311,3.2055,0.534,3.2368,-15.9278,55.421,3.814,0.1336,67.558,0.2320,0.0001,0.0050,53.7886,1,3.7814,3.8165,nan,3.2451,3.1389,0.1243,0.0997,1.0183,0.0781,0.0537,0.2438,9.5851,0.0800,-7.5942,0.2092
19.500,66.653,3.9591,-12.4777,55.960,3.9416,-12.5006,56.382,-0.0287,0.0017,0.0288,0.422,0.4407,3.1986,0.468,3.3726,-15.7272,55.914,3.446,0.1733,67.773,0.2323,0.0101,0.0045,0.4427,1,3.5661,3.5536,nan,3.0896,3.0216,0.1197,0.1952,1.0183,0.0817,0.0073,0.3127,9.7848,0.0800,-7.7721,0.2092
19.550,66.874,4.0820,-12.2938,56.733,4.0573,-12.3206,56.723,-0.0359,0.0059,0.0364,-0.011,0.5411,3.2016,0.037,3.5062,-15.5245,56.685,3.138,0.4686,67.979,0.2357,0.0021,0.0053,2.4682,1,3.5306,3.5536,nan,3.0166,3.0788,0.1219,0.2876,1.0183,0.0811,-0.0523,0.3819,9.9845,0.0800,-7.7721,0.2092
19.600,66.874,4.0820,-12.2938,56.733,4.0573,-12.3206,56.723,-0.0359,0.0059,0.0364,-0.011,0.5411,3.2016,0.037,3.5062,-15.5245,56.685,3.138,0.4686,67.979,0.2357,0.0021,0.0053,2.4682,1,3.1422,2.8246,nan,3.0166,2.6904,0.1066,0.2691,1.0183,0.0855,-0.0219,0.3819,9.9845,0.0800,-1.2667,0.2092
19.650,67.086,4.1954,-12.1153,58.911,4.1221,-12.2010,59.316,-0.1112,0.0185,0.1128,0.404,0.3510,3.1557,0.711,3.5802,-15.4024,58.605,3.068,0.9666,68.187,0.2253,0.0021,0.0389,18.6014,1,3.0014,3.0021,nan,2.9558,2.6419,0.1046,0.3055,1.0183,0.0879,-0.0372,0.4502,10.1842,0.0800,-1.7896,0.2092
19.700,67.291,4.2947,-11.9353,63.950,4.2252,-11.9925,63.606,-0.0819,0.0373,0.0900,-0.344,0.3646,3.1631,0.647,3.6893,-15.1982,62.959,2.949,1.2390,68.390,0.2210,0.0075,0.0386,5.1236,1,2.9812,3.0021,nan,2.8902,2.6539,0.1051,0.3272,1.0183,0.0942,-0.0237,0.4867,10.2840,0.0800,-1.7896,0.2092
19.751,67.501,4.3789,-11.7429,69.100,4.2797,-11.8330,69.308,-0.1196,0.0605,0.1340,0.208,0.3646,3.1631,0.647,3.7456,-15.0394,68.661,2.692,1.3547,68.591,0.2166,0.0096,0.0785,8.1559,1,2.7924,2.7779,nan,2.8902,2.9645,0.1174,0.3009,1.0183,0.1156,-0.0351,0.5650,10.4837,0.0430,-5.9096,0.2092
19.800,67.501,4.3789,-11.7429,69.100,4.3000,-11.8147,68.262,-0.0952,0.0481,0.1067,-0.837,0.6592,3.2504,-0.399,3.7456,-15.0394,68.661,2.692,1.3547,68.591,0.2166,0.0096,0.0510,5.2979,1,2.9586,3.0307,nan,2.9647,2.9694,0.1176,0.3798,1.0183,0.0991,-0.0937,0.6490,10.6834,0.0027,-3.1410,0.2092
19.850,67.652,4.4275,-11.6003,73.534,4.3667,-11.6304,72.497,-0.0461,0.0498,0.0678,-1.038,0.7611,3.2847,-0.729,3.7951,-14.8681,73.226,2.610,1.3379,68.740,0.2003,0.0079,0.0379,4.7748,1,2.8131,2.8110,nan,3.0205,3.1331,0.1241,0.4116,1.0183,0.0814,-0.0938,0.6860,10.7833,0.0800,-1.0318,0.2092
19.900,67.806,4.4660,-11.4513,77.707,4.4114,-11.4828,76.751,-0.0424,0.0466,0.0630,-0.956,0.8563,3.3108,-1.043,3.8239,-14.7264,77.794,2.766,1.3203,68.902,0.1965,0.0111,0.0384,3.4602,1,2.8977,2.9385,nan,3.1458,3.2655,0.1293,0.4283,1.0986,0.0658,-0.1688,0.6841,10.9830,0.0693,1.3073,0.2092
19.950,67.977,4.4950,-11.2832,83.314,4.4535,-11.2571,81.888,0.0211,0.0442,0.0490,-1.427,0.8377,3.3268,-0.935,3.8535,-14.5229,82.823,2.830,1.7693,69.080,0.1782,0.0148,0.0244,1.6513,1,2.9126,2.9385,nan,3.2827,3.3293,0.1319,0.4503,1.2102,0.0235,-0.1742,0.6434,11.0828,0.0270,1.3073,0.2092
20.000,68.181,4.5063,-11.0786,90.947,4.4533,-11.1007,89.100,-0.0213,0.0533,0.0574,-1.846,0.8377,3.3268,-0.935,3.8507,-14.3665,90.036,2.947,2.0171,69.298,0.1941,0.0257,0.0376,1.4598,1,2.6823,2.6510,nan,3.2827,3.4108,0.1351,0.3741,1.2822,0.0150,-0.1672,0.5608,11.2825,0.0742,1.3890,0.2092
20.051,68.181,4.5063,-11.0786,90.947,4.4593,-11.0984,88.971,-0.0190,0.0473,0.0510,-1.976,0.8763,3.3373,-1.065,3.8507,-14.3665,90.036,2.947,2.0171,69.393,0.1941,0.0257,0.0318,1.2362,1,2.9921,3.3130,nan,3.5029,3.5079,0.1389,0.3215,1.4836,-0.0415,-0.1456,0.4871,11.4822,0.0029,1.5965,0.2092
20.100,68.358,4.4934,-10.9021,98.082,4.4583,-10.8553,97.352,0.0513,0.0282,0.0585,-0.730,0.7765,3.3117,-0.681,3.8499,-14.1222,98.033,3.055,1.9460,69.490,0.1684,0.0150,0.0047,0.3126,1,3.0818,3.1260,nan,3.6580,3.6886,0.1461,0.2676,1.5530,-0.0520,-0.0898,0.4552,11.5820,0.0177,3.4367,0.2092
20.150,68.562,4.4534,-10.7025,104.758,4.4199,-10.6751,104.957,0.0351,0.0254,0.0433,0.199,0.7597,3.2938,-0.606,3.8077,-13.9294,105.563,3.209,1.6147,69.706,0.1689,0.0214,0.0261,1.2231,1,3.1963,3.2494,nan,3.7377,3.6984,0.1465,0.2040,1.6696,-0.0663,-0.0762,0.3866,11.7817,-0.0227,3.4367,0.2092
20.200,68.771,4.3902,-10.5031,110.704,4.3356,-10.4569,110.696,0.0625,0.0347,0.0715,-0.008,0.7578,3.2881,-0.610,3.7241,-13.7061,111.307,3.334,1.4207,69.926,0.1412,0.0153,0.0261,1.7039,1,3.2194,3.2494,nan,3.9003,3.9460,0.1563,0.1816,1.7108,-0.0738,-0.0678,0.3545,11.8816,0.0265,2.1775,0.2065
20.250,68.771,4.3902,-10.5031,110.704,4.3356,-10.4569,110.696,0.0625,0.0347,0.0715,-0.008,0.7578,3.2881,-0.610,3.7241,-13.7061,111.307,3.334,1.4207,69.926,0.1412,0.0153,0.0261,1.7039,1,3.1283,3.1398,nan,4.0087,4.1160,0.1630,0.1553,1.6990,-0.0717,-0.0800,0.2908,12.0813,0.0800,3.4957,0.2065
20.300,69.000,4.2996,-10.2925,116.077,4.2514,-10.2729,114.634,0.0388,0.0347,0.0521,-1.443,0.9129,3.3386,-1.264,3.6379,-13.5345,115.898,3.510,1.0790,70.168,0.1618,0.0147,0.0210,1.4313,1,3.4326,3.7734,nan,4.3416,4.4846,0.1776,0.1078,1.9120,-0.0971,-0.0976,0.2293,12.2809,0.0800,5.0022,0.2065
20.350,69.266,4.1743,-10.0582,120.254,4.0916,-9.9896,120.010,0.1009,0.0369,0.1075,-0.244,0.8540,3.3069,-0.993,3.4676,-13.2383,121.003,3.760,0.9040,70.450,0.0959,0.0158,0.0251,1.5898,1,3.6533,3.7734,nan,4.4226,4.4219,0.1751,0.0601,2.0350,-0.1170,-0.0830,0.1684,12.4806,-0.0004,5.0022,0.2065
20.400,69.508,4.0467,-9.8523,123.522,3.9890,-9.8167,122.458,0.0615,0.0284,0.0677,-1.063,0.8540,3.3069,-0.993,3.3621,-13.0673,123.451,3.927,0.6721,70.704,0.1286,0.0108,0.0196,1.8132,1,3.5485,3.5611,nan,4.5771,4.6874,0.1856,0.0399,1.9766,-0.1257,-0.0706,0.1340,12.5805,0.0800,3.4080,0.2065
20.450,69.508,4.0467,-9.8523,123.522,3.9950,-9.8191,122.669,0.0562,0.0248,0.0614,-0.853,0.8118,3.2929,-0.783,3.3621,-13.0673,123.451,3.927,0.6721,70.704,0.1286,0.0108,0.0192,1.7770,1,3.8421,4.1278,nan,4.7148,4.7418,0.1878,-0.0066,2.1402,-0.1445,-0.0688,0.0431,12.8800,0.0133,4.8256,0.2065
20.500,69.802,3.8809,-9.6100,125.039,3.8103,-9.5560,125.461,0.0847,0.0268,0.0889,0.422,0.8005,3.2907,-0.733,3.1739,-12.8071,126.195,4.223,0.2613,71.017,0.1009,0.0039,0.0344,8.8111,1,4.1354,4.5328,nan,4.8608,4.7849,0.1895,-0.0263,2.2281,-0.1711,-0.0851,-0.0469,13.1796,-0.0354,4.6488,0.2065
20.550,70.084,3.7169,-9.3804,125.958,3.6558,-9.3325,125.445,0.0746,0.0213,0.0776,-0.513,0.7563,3.2608,-0.473,3.0033,-12.5690,125.918,4.432,0.0254,71.314,0.0917,0.0129,0.0245,1.9069,1,4.3686,4.5328,nan,4.8996,4.7260,0.1872,-0.0535,2.2281,-0.1885,-0.0555,-0.1083,13.3792,-0.0784,4.6488,0.2065
20.600,70.322,3.5771,-9.1879,125.820,3.4709,-9.0630,124.075,0.1635,0.0130,0.1640,-1.745,1.0969,3.3174,-1.973,2.7988,-12.2913,126.048,4.532,-0.0596,71.560,0.0590,0.0073,0.0136,1.8611,1,4.6564,5.0894,nan,4.9475,4.7903,0.1897,-0.0791,2.2281,-0.2013,-0.0180,-0.2010,13.6788,-0.0706,2.6245,0.2065
20.650,70.322,3.5771,-9.1879,125.820,3.4709,-9.0630,124.075,0.1635,0.0130,0.1640,-1.745,1.0969,3.3174,-1.973,2.7988,-12.2913,126.048,4.532,-0.0596,71.560,0.0590,0.0073,0.0136,1.8611,1,4.2542,3.9865,nan,4.9475,4.9510,0.1961,-0.0636,2.2281,-0.2242,-0.0344,-0.2302,13.7786,0.0800,1.5331,0.2065
20.700,70.661,3.3798,-8.9118,124.908,3.3468,-8.8667,123.108,0.0558,0.0013,0.0558,-1.800,1.2021,3.3408,-2.457,2.6660,-12.1044,125.565,4.620,-0.5293,71.907,0.0929,0.0079,0.0156,1.9816,1,4.5043,4.7098,nan,5.0143,4.9589,0.1964,-0.0642,2.2383,-0.2352,-0.0146,-0.2383,14.0781,0.0800,0.5386,0.2065
20.750,71.000,3.1909,-8.6308,122.573,3.1709,-8.5889,120.589,0.0460,-0.0057,0.0464,-1.984,1.2155,3.3430,-2.532,2.4807,-11.8339,123.122,4.669,-0.4722,72.252,0.1005,0.0200,0.0244,1.2208,1,4.6698,5.8286,nan,5.1176,5.2637,0.2085,-0.0753,2.2570,-0.2504,0.0144,-0.2240,14.3777,0.0800,1.8739,0.2065
20.800,71.240,3.0635,-8.4272,121.205,2.9607,-8.1933,118.161,0.2533,-0.0333,0.2554,-3.044,1.2420,3.3520,-2.660,2.2527,-11.4531,120.821,4.740,-0.4704,72.498,0.1328,0.0023,0.0502,22.1445,1,4.8489,5.8286,nan,5.2324,5.3110,0.2103,-0.0934,2.2764,-0.2331,0.0753,-0.2094,14.7771,0.0355,1.8739,0.2065
20.850,71.569,2.8970,-8.1435,119.316,2.9167,-8.0985,116.906,0.0296,-0.0392,0.0491,-2.410,1.2420,3.3520,-2.660,2.2043,-11.3604,119.566,4.803,-0.5889,72.835,0.1224,0.0255,0.0307,1.2045,1,4.4634,3.8573,nan,5.2324,5.1231,0.2029,-0.0858,2.2764,-0.2424,0.0562,-0.2094,14.7771,0.0800,0.9656,0.2065
20.901,71.868,2.7553,-7.8802,116.884,2.7279,-7.6988,114.578,0.1741,-0.0576,0.1834,-2.307,1.2420,3.3520,-2.660,1.9972,-10.9699,117.238,4.965,-0.6682,73.148,0.0804,0.1082,0.1039,0.9601,1,4.6597,5.5326,nan,5.3558,5.4035,0.2140,-0.1024,2.3039,-0.2149,0.0955,-0.1891,15.1764,0.0800,3.5635,0.2065
20.950,71.868,2.7553,-7.8802,116.884,2.7161,-7.7202,116.040,0.1605,-0.0374,0.1648,-0.844,0.9487,3.2891,-1.198,1.9972,-10.9699,117.238,4.965,-0.6682,73.148,0.0804,0.0098,0.0280,2.8734,1,4.8944,5.1100,nan,5.4512,5.6077,0.2221,-0.1209,2.3150,-0.1674,0.1155,-0.1809,15.3761,0.0691,0.1813,0.2065
21.000,72.186,2.6165,-7.5937,114.393,2.6036,-7.4746,113.719,0.1138,-0.0375,0.1198,-0.674,0.8864,3.2673,-0.853,1.8768,-10.7151,114.572,5.003,-0.7850,73.473,0.0708,0.0207,0.0269,1.2978,1,5.1343,5.3844,nan,5.5501,5.5774,0.2209,-0.1252,2.3306,-0.1310,0.1223,-0.1698,15.6757,0.0115,2.6350,0.2065
21.050,72.496,2.4946,-7.3094,111.553,2.4633,-7.1394,110.728,0.1696,-0.0334,0.1728,-0.825,0.8571,3.2540,-0.695,1.7321,-10.3732,111.422,5.135,-0.9340,73.796,0.1017,0.0089,0.0218,2.4458,1,5.2621,5.3844,nan,5.6173,5.5839,0.2211,-0.1349,2.3461,-0.0904,0.1381,-0.1588,15.9752,-0.0137,2.6350,0.2065
21.100,72.793,2.3920,-7.0308,108.320,2.3824,-6.8992,108.504,0.1279,-0.0323,0.1319,0.184,0.7083,3.2245,0.121,1.6527,-10.1273,108.383,5.264,-1.0869,74.107,0.0867,0.0085,0.0235,2.7551,1,4.9743,4.9053,nan,5.6859,5.8177,0.2304,-0.1248,2.3490,-0.0756,0.1181,-0.1529,16.1749,0.0800,2.9430,0.2065
21.150,73.137,2.2938,-6.7006,104.198,2.2809,-6.5597,104.500,0.1398,-0.0221,0.1415,0.301,0.7083,3.2245,0.121,1.5519,-9.7875,104.378,5.338,-1.0638,74.463,0.0921,0.0086,0.0218,2.5241,1,5.1330,5.2730,nan,5.7890,5.9635,0.2362,-0.1281,2.3330,-0.0307,0.1119,-0.1405,16.4744,0.0727,1.1954,0.2065
21.200,73.137,2.2938,-6.7006,104.198,2.2824,-6.5701,106.153,0.1293,-0.0210,0.1310,1.955,0.4281,3.1647,1.775,1.5519,-9.7875,104.378,5.338,-1.0638,74.463,0.0921,0.0086,0.0470,5.4376,1,5.3768,5.6627,nan,5.9149,5.9842,0.2370,-0.1422,2.3208,0.0046,0.1254,-0.1285,16.7740,0.0276,2.8750,0.2065
21.250,73.489,2.2175,-6.3569,100.275,2.2191,-6.1720,102.530,0.1817,-0.0346,0.1849,2.255,0.4044,3.1991,2.007,1.4855,-9.4289,100.523,5.489,-1.0906,74.833,0.1099,0.0077,0.0493,6.4412,1,5.6497,6.1410,nan,5.9864,5.8880,0.2332,-0.1355,2.3045,0.0325,0.1028,-0.1164,17.0735,-0.0373,2.6009,0.2065
21.300,73.783,2.1721,-6.0663,96.921,2.1620,-5.8139,99.540,0.2518,-0.0204,0.2526,2.619,0.2909,3.1699,2.723,1.4422,-9.0625,96.817,5.599,-1.1168,75.141,0.1766,0.0083,0.0662,7.9461,1,5.5662,5.6012,nan,6.0481,6.0620,0.2401,-0.1396,2.2857,0.0361,0.0864,-0.1132,17.3730,0.0053,1.2499,0.2065
21.351,74.139,2.1408,-5.7124,92.493,2.1334,-5.4898,95.650,0.2227,-0.0023,0.2227,3.157,0.2518,3.1410,3.020,1.4243,-8.7179,92.630,5.670,-1.1925,75.509,0.1742,0.0061,0.0657,10.8510,1,5.5452,5.6012,nan,6.0090,6.0654,0.2402,-0.1406,2.2709,0.0668,0.0790,-0.1226,17.6726,0.0220,1.2499,0.2065
21.400,74.513,2.1370,-5.3382,87.976,2.1148,-5.1593,91.310,0.1780,0.0285,0.1802,3.333,0.2518,3.1410,3.020,1.4232,-8.3869,88.290,5.681,-1.2348,75.891,0.1395,0.0112,0.0712,6.3313,1,5.4738,5.5114,nan,5.8491,5.8957,0.2335,-0.1405,2.2542,0.0749,0.0432,-0.1325,17.8723,0.0186,-0.1114,0.2065
21.450,74.513,2.1370,-5.3382,87.976,2.1169,-5.1981,91.504,0.1393,0.0250,0.1415,3.527,0.2258,3.0958,3.214,1.4232,-8.3869,88.290,5.681,-1.2348,75.891,0.1395,0.0112,0.0682,6.0719,1,5.7444,6.2359,nan,5.6942,5.6561,0.2240,-0.1311,2.1781,0.0727,0.0320,-0.1433,18.2716,-0.0154,1.3236,0.2065
21.500,74.885,2.1630,-4.9674,83.336,2.1372,-4.7856,87.567,0.1775,0.0467,0.1836,4.231,0.1161,3.0466,4.014,1.4679,-7.9545,83.553,5.738,-1.2407,76.275,0.2009,0.0068,0.0877,12.8016,1,5.9264,6.1469,nan,5.4981,5.6132,0.2223,-0.1232,2.1595,0.0611,0.0105,-0.1549,18.5712,0.0800,-0.8751,0.2065
21.550,75.222,2.2125,-4.6337,79.150,2.1834,-4.4484,83.178,0.1765,0.0634,0.1876,4.028,0.0980,3.0159,4.143,1.5407,-7.5955,79.035,5.693,-1.1602,76.614,0.2347,0.0205,0.0737,3.5856,1,5.6985,5.6670,nan,5.4518,5.3578,0.2122,-0.1313,2.1595,0.0532,0.0009,-0.1623,18.7709,0.0800,-2.4891,0.2065
21.600,75.543,2.2815,-4.3200,75.387,2.2572,-4.1179,78.725,0.1895,0.0745,0.2036,3.338,0.1400,3.0279,3.870,1.6301,-7.2724,74.855,5.591,-1.0920,76.932,0.2540,0.0020,0.0822,41.1137,1,5.6271,5.6670,nan,5.3113,5.3254,0.2109,-0.1269,2.1595,0.0484,-0.0048,-0.1723,19.0704,0.0800,-2.4891,0.2065
21.650,75.887,2.3776,-3.9898,71.620,2.3208,-3.8881,75.609,0.0785,0.0860,0.1165,3.989,0.1400,3.0279,3.870,1.7090,-7.0475,71.739,5.511,-1.0519,77.274,0.1656,0.0166,0.0875,5.2632,1,5.2199,4.9229,nan,5.2696,5.3074,0.2102,-0.1141,2.1595,0.0235,-0.0338,-0.1763,19.1702,0.0168,-1.8033,0.2065
21.700,75.887,2.3776,-3.9898,71.620,2.3324,-3.9028,73.965,0.0683,0.0704,0.0981,2.345,0.3509,3.0730,2.226,1.7090,-7.0475,71.739,5.511,-1.0519,77.437,0.1656,0.0166,0.0579,3.4823,1,5.4883,5.8996,nan,5.1128,5.2582,0.2082,-0.0926,2.1595,-0.0214,-0.0424,-0.1886,19.5696,0.0800,-1.0706,0.2065
21.750,76.223,2.4924,-3.6742,67.854,2.4827,-3.5087,70.022,0.1496,0.0713,0.1657,2.168,0.3559,3.0568,2.257,1.8667,-6.6442,67.766,5.341,-0.9540,77.600,0.2566,0.0010,0.0555,57.1534,1,5.1885,5.1047,nan,5.0913,4.9538,0.1962,-0.0781,2.1595,-0.0471,-0.0457,-0.1980,19.7693,0.0800,-2.2362,0.2065
21.800,76.540,2.6191,-3.3832,64.649,2.5887,-3.3036,66.216,0.0589,0.0615,0.0852,1.567,0.4071,3.0276,1.821,1.9793,-6.3973,64.395,5.246,-0.8036,77.913,0.2156,0.0129,0.0363,2.8272,1,5.0018,4.9951,nan,5.0538,5.0934,0.2017,-0.0693,2.1595,-0.0642,-0.0382,-0.2065,19.9690,0.0183,-1.5203,0.2065
21.850,76.873,2.7681,-3.0852,61.887,2.7618,-3.0299,61.959,0.0458,0.0316,0.0556,0.072,0.5533,3.0384,0.599,2.1449,-6.0911,61.360,5.172,-0.6972,78.243,0.2335,0.0009,0.0163,17.2312,1,4.9569,4.9951,nan,5.1099,5.2262,0.2070,-0.0444,2.1266,-0.0993,-0.0435,-0.2131,20.1687,0.0543,-1.5203,0.2065
21.900,76.873,2.7681,-3.0852,61.887,2.7618,-3.0299,61.959,0.0458,0.0316,0.0556,0.072,0.5533,3.0384,0.599,2.1449,-6.0911,61.360,5.172,-0.6972,78.243,0.2335,0.0009,0.0163,17.2312,1,4.7071,4.6702,nan,5.1534,5.0837,0.2013,-0.0106,2.0581,-0.1515,-0.0415,-0.2261,20.3684,0.0800,-2.7769,0.2065
21.950,77.278,2.9665,-2.7329,59.151,2.9328,-2.7583,58.481,-0.0391,0.0159,0.0422,-0.671,0.6863,3.0911,-0.556,2.3032,-5.8273,59.037,4.985,-0.3802,78.636,0.1510,0.0011,0.0073,6.6846,1,4.9904,5.5098,nan,4.8571,4.8278,0.1912,0.0121,1.9260,-0.1648,0.0233,-0.2313,20.7678,-0.0138,1.2213,0.2065
22.000,77.619,3.1446,-2.4418,57.920,3.1756,-2.3832,56.688,0.0661,0.0049,0.0663,-1.232,0.7256,3.0992,-0.915,2.5372,-5.4426,57.603,5.027,-0.1076,78.983,0.2489,0.0021,0.0077,3.7432,1,5.2354,5.5098,nan,4.5274,4.8166,0.1908,0.0325,1.8231,-0.1528,0.0615,-0.1498,21.0673,-0.0800,1.2213,0.2065
22.050,77.954,3.3235,-2.1584,57.689,3.3305,-2.1681,56.381,-0.0044,-0.0111,0.0120,-1.308,0.7594,3.1055,-1.154,2.6768,-5.2208,57.535,4.957,0.1964,79.315,0.1809,0.0102,0.0131,1.2805,1,4.9634,4.9080,nan,4.3121,4.1977,0.1662,0.0403,1.7668,-0.1437,0.0953,-0.0901,21.2670,-0.0594,-0.9256,0.2065
22.100,77.954,3.3235,-2.1584,57.689,3.3305,-2.1681,56.381,-0.0044,-0.0111,0.0120,-1.308,0.7594,3.1055,-1.154,2.6768,-5.2208,57.535,4.957,0.1964,79.315,0.1809,0.0102,0.0131,1.2805,1,5.1545,5.3285,nan,4.0035,4.0702,0.1612,0.0538,1.7332,-0.1187,0.1315,0.0012,21.5665,0.0386,-2.9170,0.2065
22.150,78.252,3.4814,-1.9057,58.587,3.5334,-1.8611,57.773,0.0651,-0.0211,0.0685,-0.814,0.7073,3.0598,-0.695,2.8856,-4.8863,58.469,4.780,0.2915,79.601,0.2708,0.0001,0.0128,92.1318,1,4.7515,4.1591,nan,4.0035,3.8327,0.1518,0.0368,1.5591,-0.0976,0.1574,0.0297,21.6664,0.0800,-8.3542,0.2065
22.200,78.584,3.6519,-1.6213,59.819,3.6555,-1.6484,59.711,-0.0216,-0.0167,0.0273,-0.109,0.6661,3.0430,-0.146,3.0013,-4.6838,59.857,4.352,0.3625,79.905,0.1776,0.0018,0.0215,12.0892,1,4.3637,4.1591,nan,3.8094,3.5134,0.1391,0.0121,1.2221,-0.0666,0.1601,0.0874,21.8661,0.0800,-8.3542,0.2065
22.250,78.584,3.6519,-1.6213,59.819,3.6555,-1.6484,59.711,-0.0216,-0.0167,0.0273,-0.109,0.6661,3.0430,-0.146,3.0013,-4.6838,59.857,4.352,0.3625,79.905,0.1776,0.0018,0.0215,12.0892,1,4.0736,4.0208,nan,3.7168,3.2650,0.1293,-0.0139,1.1084,-0.0249,0.1807,0.1211,21.9659,0.0800,-5.0089,0.1970
22.300,78.912,3.8135,-1.3356,61.299,3.7616,-1.4198,62.277,-0.0988,0.0051,0.0989,0.979,0.5529,2.9673,0.962,3.1347,-4.4403,61.316,4.045,0.1005,80.214,0.1326,0.0003,0.0289,104.3022,1,4.2265,4.3136,nan,3.6163,3.5563,0.1408,-0.0431,1.0333,0.0355,0.1669,0.1776,22.1656,0.0800,-8.3472,0.1970
22.350,79.150,3.9274,-1.1264,61.555,3.8792,-1.1834,62.057,-0.0730,0.0152,0.0746,0.503,0.5853,2.9883,0.415,3.2636,-4.1954,61.643,3.686,0.0597,80.431,0.1630,0.0070,0.0104,1.4855,1,3.8377,3.6367,nan,3.5285,3.2584,0.1290,0.0139,1.0333,0.0560,0.1259,0.2368,22.3653,0.0800,-5.1136,0.1970
22.400,79.375,4.0348,-0.9289,61.233,3.9712,-1.0073,61.745,-0.0994,0.0180,0.1010,0.512,0.6059,2.9943,-0.058,3.3694,-3.9982,61.804,3.424,-0.2253,80.642,0.1615,0.0003,0.0263,103.3277,1,3.6439,3.6367,nan,3.3631,3.1059,0.1230,0.0951,1.0333,0.0718,0.0941,0.2695,22.4651,0.0800,-5.1136,0.1970
22.450,79.375,4.0348,-0.9289,61.233,3.9712,-1.0073,61.745,-0.0994,0.0180,0.1010,0.512,0.6059,2.9943,-0.058,3.3694,-3.9982,61.804,3.424,-0.2253,80.642,0.1615,0.0003,0.0263,103.3277,1,3.2544,2.9070,nan,3.4445,3.5744,0.1416,0.1635,1.0333,0.0653,0.0223,0.2947,22.5650,0.0800,0.8864,0.1970
22.500,79.627,4.1576,-0.7092,60.314,4.0461,-0.8683,60.972,-0.1934,0.0181,0.1943,0.658,0.5698,2.9785,0.579,3.4373,-3.8817,60.394,3.417,-0.0473,80.894,0.0810,0.0015,0.0731,49.3719,1,3.5562,3.8827,nan,3.1398,3.1807,0.1260,0.3153,1.0333,0.0684,-0.0670,0.3899,22.8645,0.0800,-5.9471,0.1970
22.550,79.856,4.2690,-0.5088,62.094,4.2277,-0.5637,60.156,-0.0679,0.0108,0.0687,-1.939,0.6133,3.0137,0.041,3.6118,-3.5800,60.115,3.239,0.7523,81.115,0.1673,0.0145,0.0047,0.3252,1,3.7686,3.8827,nan,3.0291,2.9366,0.1163,0.3024,1.0333,0.0473,-0.1534,0.4539,23.0642,-0.0535,-5.9471,0.1970
22.600,80.059,4.3600,-0.3272,65.050,4.2720,-0.4476,64.459,-0.1463,0.0290,0.1491,-0.590,0.6283,3.0366,-0.143,3.6523,-3.4751,64.603,3.389,0.8675,81.327,0.0930,0.0063,0.0569,9.0488,1,3.3778,3.0249,nan,3.0291,3.1128,0.1233,0.3748,1.0333,0.0614,-0.0882,0.4866,23.1640,0.0800,3.3170,0.1970
22.650,80.272,4.4433,-0.1313,69.951,4.3786,-0.1912,68.192,-0.0784,0.0403,0.0882,-1.759,0.6283,3.0366,-0.143,3.7583,-3.2184,68.335,3.034,1.5795,81.525,0.1353,0.0095,0.0384,4.0410,1,3.5632,3.6534,nan,3.0369,3.0186,0.1195,0.3376,1.0333,0.0411,-0.1377,0.5562,23.3637,-0.0106,-2.4154,0.1970
22.700,80.272,4.4433,-0.1313,69.951,4.3833,-0.1923,68.262,-0.0779,0.0354,0.0856,-1.688,0.6291,3.0308,-0.073,3.7583,-3.2184,68.335,3.034,1.5795,81.525,0.1353,0.0095,0.0374,3.9351,1,3.1895,3.0105,nan,3.0369,3.0585,0.1211,0.4047,1.0333,0.0538,-0.0592,0.5937,23.4636,0.0800,-1.6812,0.1970
22.750,80.470,4.5015,0.0583,76.442,4.4366,-0.0106,75.342,-0.0822,0.0469,0.0946,-1.101,0.6984,3.1061,-1.000,3.7921,-3.0510,76.342,2.986,1.5833,81.725,0.1031,0.0194,0.0539,2.7805,1,2.9549,2.9263,nan,3.0887,3.1904,0.1264,0.4087,1.0333,0.0453,-0.1066,0.6745,23.6633,0.0589,-1.6812,0.1970
22.800,80.686,4.5407,0.2707,83.048,4.4769,0.1744,80.840,-0.1033,0.0517,0.1155,-2.209,0.7503,3.1569,-1.672,3.8121,-2.8725,82.512,2.939,1.6866,81.942,0.0731,0.0154,0.0591,3.8311,1,2.8419,2.8464,nan,3.2085,3.1619,0.1252,0.4348,1.0333,0.0249,-0.1092,0.7002,23.7631,0.0800,-1.4029,0.1970
22.850,80.686,4.5407,0.2707,83.048,4.4769,0.1744,80.840,-0.1033,0.0517,0.1155,-2.209,0.7503,3.1569,-1.672,3.8121,-2.8725,82.512,2.939,1.6866,81.942,0.0731,0.0154,0.0591,3.8311,1,3.1060,3.2676,nan,3.4179,3.4417,0.1363,0.4300,1.2292,-0.0144,-0.1538,0.6218,23.9628,0.0138,-1.0585,0.1970
22.900,80.868,4.5533,0.4517,89.611,4.5022,0.4693,88.359,0.0172,0.0512,0.0540,-1.253,0.7579,3.1847,-1.581,3.8178,-2.6110,89.940,2.930,1.9539,82.129,0.1154,0.0146,0.0284,1.9359,1,2.7572,2.6274,nan,3.4179,3.4388,0.1362,0.3690,1.2248,-0.0174,-0.1141,0.5881,24.0627,0.0800,0.0762,0.1970
22.950,81.080,4.5403,0.6639,97.937,4.5058,0.6547,96.143,-0.0044,0.0355,0.0357,-1.794,0.7811,3.2344,-1.766,3.8024,-2.4636,97.909,3.004,2.0499,82.353,0.0694,0.0179,0.0335,1.8738,1,2.6279,2.6274,nan,3.4920,3.3566,0.1329,0.3539,1.1932,-0.0494,-0.0712,0.5430,24.1625,0.0800,0.0762,0.1970
23.000,81.315,4.4908,0.8932,106.887,4.4531,0.8813,103.968,-0.0005,0.0395,0.0395,-2.919,0.7811,3.2344,-1.766,3.7428,-2.2388,105.734,3.158,1.7662,82.606,0.0584,0.0174,0.0386,2.2256,1,2.8858,3.0317,nan,3.6480,3.7230,0.1474,0.3016,1.3854,-0.0897,-0.1121,0.4327,24.4620,0.0800,2.3161,0.1970
23.050,81.315,4.4908,0.8932,106.887,4.4511,0.9216,104.310,0.0387,0.0297,0.0488,-2.576,0.7651,3.2526,-1.423,3.7428,-2.2388,105.734,3.158,1.7662,82.606,0.0584,0.0174,0.0245,1.4085,1,3.1146,3.8197,nan,3.9795,4.0073,0.1587,0.2465,1.5485,-0.1194,-0.0886,0.3665,24.6617,0.0800,1.0842,0.1970
23.100,81.490,4.4325,1.0582,112.415,4.3458,1.1717,111.898,0.1380,0.0369,0.1428,-0.517,0.7397,3.2107,-0.840,3.6356,-1.9860,112.738,3.215,1.6151,82.788,0.1142,0.0164,0.0032,0.1977,1,3.1291,3.1566,nan,4.0650,4.0804,0.1616,0.1794,1.6134,-0.1120,-0.0742,0.2999,24.8614,0.0800,4.9467,0.1970
23.150,81.717,4.3352,1.2638,118.421,4.2361,1.3645,118.631,0.1357,0.0392,0.1413,0.210,0.7259,3.2249,-0.816,3.5363,-1.8103,119.447,3.478,1.3577,83.035,0.0842,0.0190,0.0222,1.1684,1,3.1310,3.1566,nan,4.2379,4.1091,0.1627,0.1203,1.6433,-0.1196,-0.0221,0.2684,24.9613,0.0800,4.9467,0.1970
23.200,81.978,4.2005,1.4871,123.893,4.1185,1.5472,122.570,0.0956,0.0346,0.1016,-1.323,0.7259,3.2249,-0.816,3.4162,-1.6293,123.386,3.750,0.8215,83.317,0.0448,0.0163,0.0209,1.2801,1,3.2212,3.2670,nan,4.4093,4.2536,0.1685,0.0776,1.7185,-0.1227,-0.0328,0.2009,25.1610,0.0800,4.9138,0.1970
23.250,81.978,4.2005,1.4871,123.893,4.1148,1.5572,122.366,0.1060,0.0320,0.1107,-1.527,0.7282,3.2471,-1.020,3.4162,-1.6293,123.386,3.750,0.8215,83.317,0.0448,0.0163,0.0140,0.8611,1,3.4038,4.4229,nan,4.5739,4.5168,0.1789,0.0494,1.7722,-0.1394,-0.0550,0.1056,25.4605,0.0800,4.0343,0.1970
23.300,82.240,4.0493,1.7008,126.555,3.9090,1.8420,126.171,0.1970,0.0286,0.1990,-0.384,0.7388,3.2231,-0.919,3.1919,-1.3301,127.090,3.937,0.4810,83.590,0.1397,0.0091,0.0165,1.8226,1,3.7052,4.0407,nan,4.4215,4.3551,0.1725,0.0372,1.7086,-0.1557,-0.0631,0.0406,25.6602,-0.0341,2.9263,0.1970
23.350,82.460,3.9159,1.8759,128.064,3.8032,1.9886,127.120,0.1582,0.0192,0.1593,-0.944,0.7569,3.2095,-1.019,3.0675,-1.1665,128.139,4.049,0.4513,83.818,0.1255,0.0123,0.0144,1.1755,1,3.8894,3.9795,nan,4.2128,4.3160,0.1709,0.0246,1.5394,-0.1643,-0.0388,-0.0229,25.8599,-0.0800,2.9263,0.1970
23.400,82.710,3.7599,2.0711,129.157,3.6418,2.1972,128.582,0.1724,0.0119,0.1728,-0.575,0.7746,3.2155,-1.323,2.8899,-0.9518,129.905,4.241,0.2642,84.080,0.1523,0.0121,0.0179,1.4790,1,3.9370,3.9795,nan,3.9998,4.0475,0.1603,0.0044,1.4385,-0.1676,-0.0098,-0.0886,26.0596,0.0276,2.6913,0.1970
23.450,82.710,3.7599,2.0711,129.157,3.6418,2.1972,128.582,0.1724,0.0119,0.1728,-0.575,0.7746,3.2155,-1.323,2.8899,-0.9518,129.905,4.241,0.2642,84.233,0.1523,0.0121,0.0179,1.4790,1,3.7399,3.7323,nan,3.8889,4.0021,0.1585,0.0153,1.3665,-0.1780,-0.0130,-0.1195,26.1594,0.0655,0.0709,0.1970
23.500,83.015,3.5649,2.3062,130.166,3.5177,2.3588,128.509,0.0706,0.0021,0.0707,-1.656,0.7876,3.2234,-1.594,2.7531,-0.7882,130.104,4.240,0.1666,84.387,0.0649,0.0125,0.0082,0.6583,1,3.9161,4.9132,nan,3.5425,3.2883,0.1302,0.0197,1.2049,-0.1806,0.0385,-0.2172,26.4589,0.0800,-3.0593,0.1970
23.550,83.277,3.3959,2.5057,130.283,3.3044,2.6237,129.503,0.1492,-0.0064,0.1493,-0.780,0.7957,3.1910,-1.221,2.5202,-0.5137,130.724,4.081,0.0717,84.638,0.1581,0.0132,0.0224,1.6948,1,4.1597,4.3223,nan,3.1896,3.1740,0.1257,0.0204,1.2307,-0.1683,0.0827,-0.2310,26.6586,-0.0090,-2.2458,0.1970
23.600,83.507,3.2469,2.6805,130.585,3.1815,2.7936,128.250,0.1284,-0.0239,0.1306,-2.334,0.8267,3.2242,-2.287,2.3701,-0.3363,130.538,3.971,0.1066,84.861,0.1609,0.0202,0.0142,0.7066,1,4.2580,4.3223,nan,2.9563,3.0179,0.1195,0.0365,1.2307,-0.1424,0.1521,-0.1722,26.9582,-0.0800,-2.2458,0.1970
23.650,83.779,3.0689,2.8866,131.092,3.0444,2.9661,128.744,0.0760,-0.0338,0.0832,-2.347,0.8267,3.2242,-2.287,2.2263,-0.1694,131.032,3.441,0.1844,85.103,0.1108,0.0205,0.0081,0.3935,1,3.8611,3.6267,nan,2.9563,2.9680,0.1175,0.0759,1.1880,-0.1463,0.1419,-0.1722,26.9582,0.0067,-9.3486,0.1970
23.701,83.779,3.0689,2.8866,131.092,3.0391,2.9705,129.257,0.0828,-0.0327,0.0890,-1.834,0.8191,3.2088,-1.774,2.2263,-0.1694,131.032,3.441,0.1844,85.103,0.1108,0.0205,0.0085,0.4123,1,3.4856,3.3154,nan,2.8436,2.9365,0.1163,0.0631,1.0725,-0.1179,0.1832,-0.0168,27.1579,0.0800,-7.3761,0.1970
23.750,83.991,2.9286,3.0457,131.810,2.9105,3.1163,130.944,0.0647,-0.0335,0.0729,-0.866,0.8174,3.1691,-0.859,2.0936,-0.0214,131.803,3.131,0.3431,85.299,0.0977,0.0120,0.0040,0.3329,1,3.1134,2.9341,nan,2.7352,2.5796,0.1022,0.0501,0.9579,-0.0962,0.2029,0.0534,27.2577,0.0800,-3.5411,0.1970
23.800,84.210,2.7804,3.2074,133.274,2.7782,3.2584,133.154,0.0386,-0.0333,0.0510,-0.120,0.8153,3.1409,-0.138,1.9626,0.1222,133.292,2.983,0.2964,85.511,0.0752,0.0125,0.0025,0.2021,1,2.9415,2.9341,nan,2.6302,2.4421,0.0967,0.0326,0.9050,-0.0584,0.2267,0.1345,27.3575,0.0800,-3.5411,0.1970
23.850,84.210,2.7804,3.2074,133.274,2.7782,3.2584,133.154,0.0386,-0.0333,0.0510,-0.120,0.8153,3.1409,-0.138,1.9626,0.1222,133.292,2.983,0.2964,85.511,0.0752,0.0125,0.0025,0.2021,1,2.8267,2.8312,nan,2.5293,2.3697,0.0938,0.0389,0.8697,-0.0248,0.2346,0.2044,27.4574,0.0800,-1.7807,0.1970
23.900,84.425,2.6319,3.3619,134.422,2.6312,3.4147,134.587,0.0382,-0.0365,0.0528,0.165,0.8066,3.1442,0.047,1.8248,0.2690,134.539,2.845,0.1523,85.718,0.0658,0.0117,0.0016,0.1364,1,2.7863,2.8029,nan,2.4315,2.4243,0.0960,0.0986,0.8573,0.0050,0.1802,0.3547,27.6571,0.0800,-7.8737,0.1970
23.950,84.608,2.5031,3.4921,134.958,2.5141,3.5318,134.987,0.0203,-0.0358,0.0412,0.029,0.8056,3.1468,0.047,1.7088,0.3836,134.940,2.529,0.1362,85.887,0.0501,0.0232,0.0093,0.4000,1,2.8194,2.8477,nan,2.2457,2.2911,0.0907,0.2352,0.8675,0.0320,0.1508,0.4357,27.7569,0.0263,-2.8977,0.1970
24.000,84.743,2.4073,3.5872,135.424,2.3895,3.6435,135.424,0.0522,-0.0276,0.0590,0.000,0.8125,3.1309,-0.035,1.5767,0.5135,135.459,2.404,0.1662,86.017,0.0900,0.0109,0.0087,0.7989,1,2.8242,2.8477,nan,2.1557,2.0618,0.0817,0.3703,0.8061,0.0474,0.0552,0.5926,27.9566,-0.0544,-2.8977,0.1970
24.050,84.910,2.2867,3.7034,136.875,2.3357,3.6946,135.988,-0.0418,-0.0271,0.0498,-0.887,0.8125,3.1309,-0.035,1.5229,0.5647,136.024,2.337,0.4963,86.182,0.0413,0.0224,0.0004,0.0198,1,2.4550,2.0269,nan,2.1557,2.2300,0.0883,0.3539,0.8000,0.0573,0.0631,0.5926,27.9566,0.0800,-0.5656,0.1970
24.100,84.910,2.2867,3.7034,136.875,2.3357,3.6946,135.988,-0.0418,-0.0271,0.0498,-0.887,0.8125,3.1309,-0.035,1.5229,0.5647,136.024,2.337,0.4963,86.182,0.0413,0.0224,0.0004,0.0198,1,2.5732,2.6206,nan,1.9832,1.8930,0.0750,0.5387,0.8000,0.0713,-0.0180,0.7566,28.1563,-0.0522,-6.6658,0.1970
24.150,85.033,2.1952,3.7855,140.069,2.2002,3.8021,138.770,0.0068,-0.0159,0.0173,-1.299,0.8197,3.1069,0.276,1.3839,0.6885,138.494,2.106,1.1850,86.298,0.0623,0.0126,0.0019,0.1491,1,2.2210,2.0572,nan,1.9832,2.0698,0.0820,0.4015,0.8000,0.0994,0.0981,0.7566,28.1563,0.0800,1.1277,0.1970
24.200,85.165,2.0910,3.8666,144.293,2.1283,3.8484,144.226,-0.0409,-0.0070,0.0415,-0.066,0.8197,3.1069,0.276,1.3122,0.7352,143.950,2.122,1.2248,86.431,0.0343,0.0254,0.0127,0.5002,1,2.3089,2.3449,nan,1.9039,1.9105,0.0757,0.5857,0.8000,0.1134,-0.0018,0.9328,28.3560,0.0038,-6.4733,0.1970
24.250,85.278,1.9968,3.9289,149.268,2.0034,3.9206,148.226,-0.0100,0.0037,0.0106,-1.043,0.8260,3.1092,-0.696,1.1675,0.8257,148.922,1.901,1.4729,86.539,0.0623,0.0358,0.0282,0.7888,1,2.3240,2.3449,nan,1.8199,1.7312,0.0686,0.7534,0.8000,0.1133,-0.0387,1.0369,28.4558,-0.0513,-6.4733,0.1979
24.300,85.397,1.8918,3.9857,153.625,1.9370,3.9411,153.407,-0.0604,0.0199,0.0635,-0.218,0.8084,3.1194,-1.194,1.1113,0.8450,154.602,1.983,1.2518,86.662,0.0263,0.0187,0.0213,1.1377,1,1.9499,1.6538,nan,1.8239,1.8807,0.0745,0.6333,0.8000,0.1371,0.0397,1.0369,28.4558,0.0800,3.3874,0.1979
24.350,85.397,1.8918,3.9857,153.625,1.9370,3.9411,153.407,-0.0604,0.0199,0.0635,-0.218,0.8084,3.1194,-1.194,1.1113,0.8450,154.602,1.983,1.2518,86.662,0.0263,0.0187,0.0213,1.1377,1,1.9413,1.9554,nan,1.8162,1.9039,0.0754,0.8069,0.8000,0.1370,-0.0427,1.1429,28.5557,0.0800,0.2749,0.1979
24.400,85.521,1.7788,4.0350,159.970,1.7963,4.0030,157.683,-0.0274,0.0241,0.0364,-2.287,0.8096,3.1114,-0.622,0.9769,0.9023,158.305,1.704,1.8185,86.781,0.0257,0.0130,0.0237,1.8281,1,1.8322,1.8295,nan,1.8085,1.8286,0.0724,0.7882,0.8000,0.1481,-0.0132,1.2721,28.6555,0.0800,2.7377,0.1979
24.450,85.640,1.6643,4.0689,166.982,1.6914,4.0234,165.808,-0.0367,0.0382,0.0530,-1.175,0.8080,3.1094,-0.632,0.8733,0.9237,166.440,1.740,1.8737,86.906,0.0159,0.0424,0.0321,0.7580,1,1.9638,2.0087,nan,1.8085,1.7138,0.0679,0.8504,0.8000,0.1440,-0.1855,1.5113,28.8552,-0.0548,-0.8516,0.1979
24.500,85.747,1.5591,4.0864,174.426,1.5537,4.0442,173.467,0.0013,0.0425,0.0425,-0.959,0.8146,3.1142,-0.867,0.7249,0.9412,174.334,1.695,2.1877,87.019,0.0365,0.0217,0.0393,1.8121,1,1.9889,2.0087,nan,1.8694,1.7786,0.0704,0.8874,0.8000,0.1252,-0.2417,1.5094,28.9551,-0.0525,-0.8516,0.1979
24.550,85.857,1.4491,4.0891,-177.420,1.4707,4.0372,-178.609,-0.0193,0.0528,0.0562,-1.189,0.8146,3.1142,-0.867,0.6421,0.9329,-177.742,1.648,2.1409,87.136,0.0072,0.0157,0.0311,1.9827,1,1.7368,1.6816,nan,1.8694,1.9701,0.0780,0.8243,0.8000,0.1320,-0.2662,1.5114,29.0549,0.0583,-1.7865,0.1979
24.600,85.857,1.4491,4.0891,-177.420,1.4665,4.0430,-178.483,-0.0153,0.0468,0.0493,-1.063,0.8124,3.1185,-0.741,0.6421,0.9329,-177.742,1.648,2.1409,87.136,0.0072,0.0157,0.0300,1.9105,1,1.8282,1.8605,nan,2.0204,2.0863,0.0826,0.8508,0.8000,0.1040,-0.2981,1.4257,29.1548,0.0382,-2.1017,0.1979
24.650,85.961,1.3458,4.0768,-168.988,1.3461,4.0292,-169.823,0.0088,0.0468,0.0476,-0.834,0.8287,3.1293,-1.017,0.5013,0.9088,-168.805,1.603,2.2130,87.250,0.0454,0.0296,0.0348,1.1769,1,1.6629,1.6448,nan,2.1004,2.2219,0.0880,0.8035,0.8000,0.0968,-0.3227,1.2804,29.2546,0.0704,1.5869,0.1979
24.700,86.063,1.2471,4.0503,-160.945,1.2647,3.9987,-161.439,0.0002,0.0545,0.0545,-0.495,0.8390,3.1275,-0.558,0.4172,0.8753,-160.882,1.681,2.3049,87.368,0.0341,0.0141,0.0179,1.2646,1,1.6357,1.6448,nan,2.1004,2.2331,0.0884,0.7775,0.8000,0.0807,-0.2164,1.2804,29.2546,0.0800,1.5869,0.1979
24.750,86.183,1.1377,4.0021,-151.367,1.1349,3.9363,-152.199,0.0340,0.0564,0.0659,-0.833,0.8390,3.1275,-0.558,0.2881,0.8116,-151.642,1.809,2.3349,87.509,0.0591,0.0411,0.0465,1.1296,1,1.7955,1.8498,nan,2.2637,2.3750,0.0941,0.7644,0.8000,0.0569,-0.2105,1.1632,29.3545,0.0644,0.2494,0.1979
24.800,86.183,1.1377,4.0021,-151.367,1.1443,3.9391,-152.486,0.0244,0.0585,0.0634,-1.119,0.8444,3.1318,-0.844,0.2881,0.8116,-151.642,1.809,2.3349,87.509,0.0591,0.0411,0.0393,0.9561,1,1.9636,2.0235,nan,2.3475,2.3573,0.0934,0.7449,0.8000,0.0372,-0.3025,0.9496,29.5541,0.0057,1.6270,0.1979
24.851,86.311,1.0300,3.9315,-141.907,1.0470,3.8642,-143.829,0.0281,0.0634,0.0694,-1.921,0.8598,3.1394,-0.827,0.1767,0.7275,-143.002,1.923,2.4363,87.659,0.0701,0.0297,0.0239,0.8058,1,2.2369,2.3851,nan,2.5194,2.4374,0.0965,0.6422,0.8826,0.0067,-0.2482,0.8607,29.6540,-0.0474,1.6723,0.1979
24.900,86.438,0.9365,3.8459,-132.771,0.9221,3.7317,-132.522,0.0936,0.0670,0.1151,0.249,0.8746,3.1437,-0.528,0.0421,0.5884,-131.994,2.028,2.4782,87.806,0.1369,0.0134,0.0277,2.0689,1,2.3433,2.3851,nan,2.6075,2.4961,0.0989,0.5868,0.9592,-0.0138,-0.2084,0.7754,29.7538,-0.0645,1.6723,0.1979
24.950,86.573,0.8530,3.7398,-123.363,0.8626,3.6547,-125.073,0.0658,0.0548,0.0856,-1.710,0.8746,3.1437,-0.528,-0.0168,0.5109,-124.545,2.075,2.3662,87.957,0.0992,0.0363,0.0207,0.5697,1,2.1138,2.0751,nan,2.6980,2.8129,0.1114,0.5043,0.8958,-0.0115,-0.1634,0.6982,29.8537,0.0665,0.0918,0.1979
25.001,86.573,0.8530,3.7398,-123.363,0.8718,3.6625,-124.982,0.0543,0.0582,0.0796,-1.620,0.8847,3.1515,-0.437,-0.0168,0.5109,-124.545,2.075,2.3662,88.025,0.0992,0.0363,0.0166,0.4576,1,2.4169,2.6354,nan,2.7903,2.7071,0.1072,0.3495,1.0973,-0.0236,-0.1519,0.5523,30.0534,-0.0482,4.0961,0.1979
25.050,86.697,0.7913,3.6328,-116.599,0.7888,3.4887,-115.320,0.1300,0.0623,0.1442,1.279,0.8917,3.1547,-0.487,-0.1057,0.3331,-114.833,2.230,2.0459,88.094,0.1715,0.0179,0.0191,1.0667,1,2.2170,2.1919,nan,2.8842,3.0199,0.1196,0.3256,1.0066,-0.0282,-0.0920,0.5523,30.0534,0.0800,4.2095,0.1979
25.100,86.863,0.7266,3.4794,-108.935,0.7376,3.3771,-109.384,0.0932,0.0437,0.1029,-0.449,0.8857,3.1557,-0.908,-0.1516,0.2190,-108.476,2.493,1.6295,88.282,0.1285,0.0317,0.0241,0.7590,1,2.1798,2.1919,nan,2.9797,3.0092,0.1192,0.2437,1.0260,-0.0368,-0.0411,0.4800,30.1532,0.0800,4.2095,0.1979
25.150,87.011,0.6845,3.3377,-104.269,0.6875,3.1857,-103.910,0.1466,0.0403,0.1520,0.359,0.8877,3.1624,-0.706,-0.2006,0.0208,-103.204,2.582,1.4084,88.435,0.1799,0.0202,0.0154,0.7656,1,2.4834,2.7212,nan,3.1725,3.2642,0.1293,0.2024,1.2545,-0.0643,-0.0844,0.3454,30.3529,0.0531,3.2636,0.1979
25.200,87.011,0.6845,3.3377,-104.269,0.6875,3.1857,-103.910,0.1466,0.0403,0.1520,0.359,0.8877,3.1624,-0.706,-0.2006,0.0208,-103.204,2.582,1.4084,88.435,0.1799,0.0202,0.0154,0.7656,1,2.4748,2.4933,nan,3.2682,3.3920,0.1343,0.1575,1.2981,-0.0754,-0.0723,0.2774,30.4527,0.0800,0.4238,0.1979
25.250,87.202,0.6462,3.1511,-98.777,0.6562,3.0393,-98.944,0.1090,0.0269,0.1123,-0.167,0.8922,3.1844,-0.727,-0.2342,-0.1481,-98.217,2.844,1.1175,88.641,0.1622,0.0229,0.0093,0.4069,1,2.6862,2.7814,nan,3.4520,3.5411,0.1402,0.1103,1.5247,-0.0804,-0.0770,0.1431,30.6524,0.0516,5.3109,0.1979
25.300,87.414,0.6209,2.9406,-94.924,0.6355,2.8278,-94.920,0.1111,0.0242,0.1138,0.005,0.8919,3.1918,-0.733,-0.2517,-0.3673,-94.187,3.077,0.9636,88.864,0.1662,0.0203,0.0124,0.6122,1,2.7478,2.7814,nan,3.6237,3.7351,0.1479,0.0572,1.6220,-0.0884,-0.0323,0.0803,30.7523,0.0800,5.3109,0.1979
25.350,87.665,0.6071,2.6897,-91.436,0.6241,2.5755,-91.641,0.1138,0.0199,0.1155,-0.205,0.8919,3.1918,-0.733,-0.2599,-0.6197,-90.908,3.278,0.5224,89.126,0.1653,0.0568,0.0548,0.9646,1,2.9992,3.1397,nan,3.7054,3.7286,0.1477,0.0286,1.8286,-0.0961,-0.0121,-0.0050,30.9520,0.0134,1.5732,0.1979
25.400,87.665,0.6071,2.6897,-91.436,0.6231,2.5817,-91.215,0.1076,0.0187,0.1092,0.221,0.8863,3.2000,-0.307,-0.2599,-0.6197,-90.908,3.278,0.5224,89.126,0.1653,0.0222,0.0014,0.0626,1,3.3020,3.6021,nan,3.9364,3.9137,0.1550,0.0150,2.0132,-0.0976,-0.0024,-0.0125,31.1517,-0.0131,5.3409,0.1979
25.450,87.884,0.6041,2.4709,-90.308,0.6203,2.2965,-90.127,0.1743,0.0171,0.1752,0.181,0.8883,3.1923,-0.734,-0.2566,-0.8992,-89.393,3.518,0.1935,89.358,0.2203,0.0207,0.0030,0.1435,1,3.3769,3.4191,nan,4.0798,4.1181,0.1631,0.0063,2.0589,-0.0971,0.0102,-0.0190,31.3514,0.0220,2.2776,0.1979
25.500,88.130,0.6043,2.2243,-89.691,0.6191,2.0806,-89.898,0.1438,0.0141,0.1445,-0.206,0.8811,3.1898,-0.322,-0.2558,-1.1107,-89.576,3.627,0.0937,89.610,0.1866,0.0209,0.0008,0.0400,1,3.3894,3.4191,nan,4.2158,4.3523,0.1724,0.0184,2.0665,-0.1100,-0.0057,-0.0247,31.5510,0.0800,2.2776,0.1979
25.550,88.363,0.6063,1.9911,-89.385,0.6208,1.8018,-89.659,0.1894,0.0125,0.1899,-0.274,0.8811,3.1898,-0.322,-0.2525,-1.3894,-89.338,3.752,0.0854,89.851,0.2299,0.0179,0.0015,0.0826,1,3.6529,3.8282,nan,4.4079,4.5040,0.1784,0.0088,2.2272,-0.1085,0.0040,-0.0265,31.7507,0.0519,3.1299,0.1979
25.600,88.363,0.6063,1.9911,-89.385,0.6199,1.8183,-89.699,0.1730,0.0118,0.1734,-0.314,0.8812,3.2061,-0.361,-0.2525,-1.3894,-89.338,3.752,0.0854,89.851,0.2299,0.0199,0.0022,0.1104,1,3.6648,3.6967,nan,4.5290,4.6244,0.1831,0.0068,2.2356,-0.1078,0.0122,-0.0272,31.9504,0.0800,1.1968,0.1979
25.650,88.634,0.6102,1.7202,-88.983,0.6214,1.6154,-89.323,0.1050,0.0094,0.1054,-0.340,0.8774,3.2310,-0.253,-0.2488,-1.6168,-89.069,4.066,0.0629,90.142,0.1881,0.0186,0.0074,0.3967,1,3.9255,4.5062,nan,4.6449,4.7305,0.1873,-0.0025,2.3986,-0.1022,0.0218,-0.0235,32.1501,0.0438,4.3969,0.1979
25.700,88.914,0.6158,1.4402,-88.758,0.6287,1.2140,-88.956,0.2264,0.0080,0.2265,-0.198,0.8774,3.2310,-0.253,-0.2398,-2.0181,-88.703,4.272,0.0474,90.435,0.3051,0.0172,0.0017,0.0974,1,4.2136,4.5062,nan,4.8101,4.8103,0.1905,-0.0079,2.4465,-0.0957,0.0319,-0.0254,32.3498,0.0001,4.3969,0.1979
25.750,88.914,0.6158,1.4402,-88.758,0.6305,1.2103,-88.820,0.2302,0.0097,0.2304,-0.062,0.8744,3.2279,-0.117,-0.2398,-2.0181,-88.703,4.272,0.0474,90.435,0.3051,0.0172,0.0018,0.1057,1,3.8978,3.8271,nan,4.8830,4.8429,0.1918,-0.0117,2.3842,-0.0883,0.0398,-0.0253,32.5495,0.0800,3.2146,0.1979
25.800,89.219,0.6229,1.1353,-88.598,0.6306,0.9856,-88.526,0.1498,0.0040,0.1499,0.072,0.8632,3.2199,0.040,-0.2342,-2.2341,-88.566,4.436,-0.0409,90.752,0.2187,0.0153,0.0088,0.5790,1,4.1849,4.4688,nan,5.0920,5.1426,0.2037,-0.0132,2.4510,-0.0778,0.0393,-0.0215,32.7492,0.0800,3.4807,0.1979
25.850,89.523,0.6299,0.8321,-88.823,0.6379,0.6565,-89.201,0.1757,0.0044,0.1758,-0.378,0.8848,3.2070,-0.460,-0.2264,-2.5524,-88.742,4.591,-0.0570,91.067,0.2331,0.0137,0.0119,0.8698,1,4.3608,4.4688,nan,5.2879,5.4302,0.2151,-0.0161,2.4574,-0.0712,0.0460,-0.0169,33.0487,0.0800,3.4807,0.1979
25.900,89.862,0.6361,0.4931,-89.178,0.6464,0.2633,-89.284,0.2299,0.0070,0.2300,-0.106,0.8776,3.2103,-0.237,-0.2191,-2.9480,-89.047,4.720,-0.0950,91.417,0.2881,0.0126,0.0045,0.3598,1,4.6421,5.1711,nan,5.5312,5.6318,0.2230,-0.0120,2.4589,-0.0626,0.0373,-0.0158,33.3483,0.0432,1.4703,0.1979
25.950,89.862,0.6361,0.4931,-89.178,0.6464,0.2633,-89.284,0.2299,0.0070,0.2300,-0.106,0.8776,3.2103,-0.237,-0.2191,-2.9480,-89.047,4.720,-0.0950,91.417,0.2881,0.0126,0.0045,0.3598,1,4.8896,5.1305,nan,5.6461,5.6602,0.2242,-0.0128,2.4624,-0.0498,0.0369,-0.0112,33.6478,0.0058,3.6418,0.1979
26.000,90.165,0.6397,0.1898,-89.533,0.6560,-0.0996,-88.904,0.2896,0.0140,0.2899,0.629,0.8341,3.2165,0.667,-0.2166,-3.3139,-89.570,4.920,-0.0937,91.738,0.3499,0.0125,0.0057,0.4586,1,4.5686,4.4768,nan,5.7568,5.7178,0.2264,-0.0121,2.4665,-0.0446,0.0355,-0.0109,33.8475,0.0800,5.9258,0.1979
26.050,90.569,0.6417,-0.2138,-89.953,0.6600,-0.4251,-89.316,0.2113,0.0181,0.2121,0.637,0.8341,3.2165,0.667,-0.2165,-3.6393,-89.982,5.248,-0.1042,92.170,0.2735,0.0126,0.0057,0.4564,1,4.4593,4.4768,nan,5.8636,5.5869,0.2213,-0.0224,2.4667,-0.0205,0.0489,-0.0091,34.0472,0.0800,5.9258,0.1979
26.100,90.569,0.6417,-0.2138,-89.953,0.6594,-0.4386,-89.220,0.2248,0.0176,0.2255,0.733,0.8274,3.2033,0.763,-0.2165,-3.6393,-89.982,5.248,-0.1042,92.170,0.2735,0.0126,0.0065,0.5202,1,4.7463,5.2222,nan,6.0666,5.8778,0.2328,-0.0241,2.4645,-0.0044,0.0482,-0.0105,34.3467,0.0800,2.8770,0.1979
26.150,90.958,0.6407,-0.6029,-90.408,0.6598,-0.8674,-90.106,0.2644,0.0210,0.2652,0.302,0.8583,3.2163,0.286,-0.2189,-4.0827,-90.392,5.387,-0.1620,92.572,0.3270,0.0126,0.0031,0.2445,1,5.0374,5.5175,nan,6.1153,6.1861,0.2450,-0.0207,2.4645,-0.0006,0.0408,-0.0039,34.4465,0.0800,0.4707,0.1979
26.200,91.357,0.6356,-1.0025,-91.194,0.6532,-1.2135,-90.535,0.2106,0.0220,0.2117,0.660,0.8389,3.2529,0.485,-0.2235,-4.4647,-91.019,5.422,-0.1973,92.978,0.3096,0.0127,0.0066,0.5158,1,5.2642,5.5175,nan,6.3472,6.4005,0.2535,-0.0128,2.4641,0.0109,0.0257,-0.0003,34.9458,0.0800,0.4707,0.1979
26.250,91.738,0.6254,-1.3828,-91.984,0.6421,-1.6503,-91.440,0.2668,0.0260,0.2680,0.544,0.8389,3.2529,0.485,-0.2382,-4.9014,-91.925,5.601,-0.1370,93.377,0.3658,0.0128,0.0072,0.5645,1,5.5414,6.1361,nan,6.5200,6.6821,0.2646,-0.0055,2.4641,0.0103,0.0149,-0.0015,35.2453,0.0800,3.2142,0.1979
26.300,91.738,0.6254,-1.3828,-91.984,0.6409,-1.6392,-91.599,0.2557,0.0244,0.2569,0.385,0.8512,3.2635,0.326,-0.2382,-4.9014,-91.925,5.601,-0.1370,93.377,0.3658,0.0128,0.0055,0.4275,1,5.7999,6.2036,nan,6.6825,6.8750,0.2723,0.0001,2.4641,0.0085,0.0064,0.0006,35.5448,0.0693,5.7150,0.1985
26.350,92.136,0.6102,-1.7806,-92.411,0.6323,-2.0978,-91.669,0.3160,0.0354,0.3180,0.742,0.8090,3.2568,0.881,-0.2590,-5.3513,-92.550,5.922,-0.0628,93.809,0.4181,0.0137,0.0100,0.7299,1,5.9353,6.1019,nan,6.7885,6.9734,0.2762,0.0046,2.4718,0.0094,-0.0017,0.0056,35.9442,0.0654,5.7150,0.1985
26.400,92.568,0.5912,-2.2119,-92.625,0.6230,-2.4917,-91.076,0.2780,0.0446,0.2816,1.549,0.7419,3.2613,1.583,-0.2777,-5.7475,-92.659,6.214,-0.0085,94.272,0.3836,0.0128,0.0280,2.1822,1,5.9267,5.9965,nan,6.8991,7.0423,0.2789,-0.0043,2.4718,0.0278,0.0104,0.0036,36.2438,0.0800,5.2772,0.1985
26.450,92.568,0.5912,-2.2119,-92.625,0.6230,-2.4917,-91.076,0.2780,0.0446,0.2816,1.549,0.7419,3.2613,1.583,-0.2777,-5.7475,-92.659,6.214,-0.0085,94.272,0.3836,0.0128,0.0280,2.1822,1,6.1931,6.7628,nan,7.0394,7.2471,0.2870,-0.0129,2.4718,0.0444,0.0221,0.0093,36.6431,0.0711,4.1591,0.1985
26.501,92.947,0.5738,-2.5907,-92.625,0.6125,-2.9925,-90.669,0.3997,0.0570,0.4037,1.956,0.6971,3.3012,1.992,-0.3033,-6.2870,-92.660,6.405,0.0003,94.674,0.5435,0.0127,0.0426,3.3430,1,5.8230,5.6265,nan,7.1069,6.8946,0.2731,-0.0133,2.4718,0.0492,0.0206,0.0117,36.8428,0.0800,2.3838,0.1985
26.550,93.482,0.5486,-3.1255,-92.824,0.6008,-3.2997,-91.041,0.1714,0.0607,0.1819,1.783,0.7359,3.3104,1.583,-0.3176,-6.6039,-92.623,6.636,-0.1106,95.239,0.3269,0.0128,0.0487,3.8007,1,5.6348,5.6265,nan,7.1727,6.6825,0.2647,-0.0178,2.4718,0.0577,0.0255,0.0109,37.0425,0.0800,2.3838,0.1985
26.600,93.893,0.5271,-3.5352,-93.290,0.5793,-3.9271,-90.922,0.3882,0.0747,0.3953,2.369,0.6421,3.3266,2.288,-0.3523,-7.2454,-93.210,6.795,-0.1359,95.670,0.5575,0.0161,0.0541,3.3650,1,5.7843,7.8945,nan,7.3600,6.8147,0.2699,-0.0020,2.4756,0.0471,-0.0035,0.0096,37.6416,0.0800,3.4107,0.1985
26.650,93.893,0.5271,-3.5352,-93.290,0.5793,-3.9271,-90.922,0.3882,0.0747,0.3953,2.369,0.6421,3.3266,2.288,-0.3523,-7.2454,-93.210,6.795,-0.1359,95.670,0.5575,0.0161,0.0541,3.3650,1,5.9821,7.0727,nan,7.4485,7.0139,0.2778,-0.0018,2.4756,0.0446,-0.0036,0.0106,37.9411,0.0800,1.9640,0.1985
26.700,94.370,0.4973,-4.0117,-93.965,0.5567,-4.3621,-92.255,0.3454,0.0834,0.3554,1.710,0.7267,3.3199,1.565,-0.3798,-7.6745,-93.820,6.668,-0.0424,96.140,0.5103,0.0144,0.0550,3.8094,1,6.2500,6.9397,nan,7.5615,7.2895,0.2887,0.0017,2.4756,0.0390,-0.0086,0.0085,38.2407,0.0800,-0.5851,0.1985
26.750,94.756,0.4704,-4.3967,-94.033,0.5297,-4.7514,-92.669,0.3496,0.0841,0.3596,1.365,0.7380,3.3405,1.444,-0.4122,-8.0841,-94.112,6.649,-0.0201,96.529,0.5355,0.0154,0.0486,3.1592,1,6.4947,6.9397,nan,7.6058,7.5351,0.2984,0.0153,2.4795,0.0119,-0.0269,0.0049,38.6400,0.0800,-0.5851,0.1985
26.800,95.144,0.4429,-4.7834,-94.100,0.5114,-5.1510,-92.667,0.3618,0.0946,0.3740,1.433,0.7380,3.3405,1.444,-0.4406,-8.4832,-94.111,6.715,-0.0002,96.929,0.5478,0.0129,0.0673,5.2259,1,6.3853,6.4198,nan,7.6058,7.4078,0.2934,0.0186,2.4797,-0.0019,-0.0289,0.0095,38.8397,0.0800,1.3538,0.1985
26.850,95.144,0.4429,-4.7834,-94.100,0.4866,-5.1549,-92.987,0.3675,0.0701,0.3741,1.113,0.7606,3.3352,1.124,-0.4406,-8.4832,-94.111,6.715,-0.0002,96.929,0.5478,0.0129,0.0400,3.1046,1,6.0906,5.9993,nan,7.6058,7.0775,0.2803,0.0290,2.4797,-0.0373,-0.0356,0.0084,39.1393,0.0800,3.0110,0.1985
26.900,95.689,0.4044,-5.3276,-93.744,0.4620,-5.7049,-91.498,0.3727,0.0821,0.3817,2.246,0.5318,3.3545,2.603,-0.4812,-9.0469,-94.101,6.912,0.2027,97.502,0.5674,0.0129,0.0712,5.5290,1,5.9732,5.9993,nan,7.6058,6.6031,0.2615,0.0318,2.4797,-0.0480,-0.0378,0.0042,39.4388,0.0800,3.0110,0.1985
26.950,95.689,0.4044,-5.3276,-93.744,0.4620,-5.7049,-91.498,0.3727,0.0821,0.3817,2.246,0.5318,3.3545,2.603,-0.4812,-9.0469,-94.101,6.912,0.2027,97.502,0.5674,0.0129,0.0712,5.5290,1,5.7236,5.6766,nan,7.6058,6.1815,0.2448,0.0020,2.4814,-0.0258,0.0129,0.0047,39.6385,0.0800,2.1221,0.1985
27.000,96.380,0.3652,-6.0177,-92.475,0.4280,-6.1347,-91.752,0.1142,0.0678,0.1328,0.723,0.7533,3.3470,1.066,-0.5017,-9.4741,-92.819,6.939,0.3394,98.205,0.3055,0.0127,0.0597,4.6979,1,5.8737,8.8417,nan,7.6058,6.3436,0.2512,-0.0066,2.4814,-0.0198,0.0279,0.0034,39.9380,0.0800,-4.6816,0.1985
27.050,96.870,0.3489,-6.5071,-91.109,0.4204,-6.9774,-90.108,0.4689,0.0806,0.4757,1.001,0.7533,3.3470,1.066,-0.5250,-10.3165,-91.175,6.679,0.1478,98.674,0.6552,0.0121,0.0707,5.8440,1,6.0189,8.8417,nan,7.6058,6.5004,0.2574,0.0021,2.4830,-0.0540,0.0224,0.0078,40.7368,0.0800,-4.6816,0.1985
27.100,97.280,0.3414,-6.9174,-90.999,0.4571,-7.2367,-87.734,0.3172,0.1212,0.3396,3.265,0.4484,3.3990,2.857,-0.5216,-10.6229,-90.592,6.381,0.0186,99.060,0.5508,0.0125,0.1371,10.9787,1,6.2856,7.0284,nan,7.6058,6.7885,0.2689,-0.0211,2.4819,-0.0074,0.0511,0.0055,40.9365,0.0800,-6.2511,0.1985
27.150,97.280,0.3414,-6.9174,-90.999,0.4211,-7.1911,-89.429,0.2722,0.0845,0.2850,1.570,0.7270,3.4402,1.163,-0.5216,-10.6229,-90.592,6.381,0.0186,99.060,0.5508,0.0125,0.0864,6.9173,1,6.2654,6.3380,nan,7.6058,6.7666,0.2680,-0.0160,2.4700,-0.0003,0.0381,0.0064,41.2360,0.0800,-3.4651,0.1985
27.200,97.649,0.3351,-7.2862,-90.934,0.3898,-7.5133,-90.704,0.2262,0.0584,0.2336,0.231,0.8741,3.4532,0.230,-0.5284,-10.9645,-90.934,6.339,0.0084,99.430,0.5239,0.0114,0.0385,3.3673,1,6.1095,6.1210,nan,7.6058,6.5983,0.2613,0.0243,2.4699,-0.0891,-0.0085,0.0063,41.4357,0.0800,-0.4968,0.1985
27.250,98.020,0.3277,-7.6571,-91.575,0.3606,-7.8868,-91.622,0.2287,0.0392,0.2320,-0.047,1.0351,3.4060,-0.715,-0.5336,-11.3003,-90.907,6.438,-0.2101,99.815,0.4888,0.0125,0.0111,0.8862,1,6.3402,6.7149,nan,7.6058,6.8474,0.2712,0.0417,2.4648,-0.1063,-0.0372,0.0045,41.7352,0.0800,1.2913,0.1985
27.300,98.493,0.3124,-8.1293,-92.201,0.3363,-8.3449,-91.862,0.2145,0.0322,0.2169,0.339,0.7780,3.4599,0.549,-0.5548,-11.8001,-92.411,6.485,0.0712,100.298,0.5168,0.0127,0.0129,1.0183,1,6.4924,6.7149,nan,7.6058,7.0118,0.2777,0.0695,2.4583,-0.1604,-0.0656,0.0044,42.1346,0.0800,1.2913,0.1985
27.350,98.919,0.2985,-8.5556,-91.293,0.3252,-8.7975,-91.397,0.2412,0.0321,0.2434,-0.104,0.7780,3.4599,0.549,-0.5703,-12.2525,-91.946,6.460,0.4256,100.728,0.5430,0.0124,0.0126,1.0195,1,6.6803,6.9777,nan,7.1887,7.2147,0.2857,0.0464,2.4497,-0.1534,-0.0223,0.0043,42.5340,0.0800,-0.9983,0.1985
27.400,98.919,0.2985,-8.5556,-91.293,0.3190,-8.7718,-90.840,0.2157,0.0253,0.2172,0.453,0.6525,3.4894,1.107,-0.5703,-12.2525,-91.946,6.460,0.4256,100.728,0.5430,0.0124,0.0148,1.1933,1,6.7562,6.9103,nan,6.9094,7.0259,0.2783,0.0180,2.4416,-0.1372,0.0341,0.0058,42.8335,0.0399,2.6118,0.1985
27.450,99.338,0.2959,-8.9741,-88.919,0.3148,-9.1706,-88.666,0.1968,0.0151,0.1974,0.253,0.6520,3.5336,1.041,-0.5681,-12.6960,-89.707,6.614,0.5040,101.169,0.5672,0.0126,0.0160,1.2665,1,6.7270,6.8066,nan,6.5306,5.9912,0.2373,-0.0061,2.4400,-0.1011,0.0738,0.0068,43.1331,0.0800,3.2647,0.1985
27.500,99.780,0.3100,-9.4164,-87.181,0.3291,-9.6868,-87.335,0.2710,0.0058,0.2711,-0.154,1.0295,3.5348,-0.718,-0.5346,-13.2294,-86.617,6.765,0.2483,101.632,0.6562,0.0103,0.0122,1.1857,1,6.7169,6.8066,nan,6.2406,5.9677,0.2363,-0.0173,2.4340,-0.0881,0.0953,0.0120,0.1997,0.0800,3.2647,0.1985
27.550,99.780,0.3100,-9.4164,-87.181,0.3291,-9.6868,-87.335,0.2710,0.0058,0.2711,-0.154,1.0295,3.5348,-0.718,-0.5346,-13.2294,-86.617,6.765,0.2483,101.632,0.6562,0.0103,0.0122,1.1857,1,6.2869,5.8292,nan,6.1428,5.5033,0.2180,0.0104,2.4271,-0.1151,0.0525,0.0157,0.3994,0.0800,0.2455,0.1985
27.600,100.268,0.3369,-9.9034,-86.392,0.3368,-10.0258,-86.930,0.1221,-0.0078,0.1224,-0.537,1.0257,3.5300,-0.760,-0.5089,-13.5637,-86.169,6.778,0.1537,102.128,0.5041,0.0084,0.0131,1.5593,1,6.5365,7.0183,nan,5.7432,5.7729,0.2286,0.0119,2.4210,-0.0949,0.0477,0.0189,0.7988,0.0800,0.0612,0.1985
27.650,100.774,0.3669,-10.4087,-86.950,0.3691,-10.5917,-86.033,0.1828,-0.0075,0.1830,0.917,0.9089,3.5748,-0.300,-0.4656,-14.1691,-85.733,6.230,0.0519,102.586,0.6030,0.0087,0.0120,1.3782,1,6.7223,7.0183,nan,5.3286,5.1748,0.2049,0.0143,2.4119,-0.0924,0.0468,0.0206,1.1982,-0.0644,0.0612,0.1985
27.700,100.774,0.3669,-10.4087,-86.950,0.3691,-10.5917,-86.033,0.1828,-0.0075,0.1830,0.917,0.9089,3.5748,-0.300,-0.4656,-14.1691,-85.733,6.230,0.0519,102.586,0.6030,0.0087,0.0120,1.3782,1,6.3541,6.1488,nan,5.2221,5.2672,0.2086,0.0275,2.4116,-0.1016,0.0262,0.0262,1.3978,0.0202,-8.5935,0.1985
27.750,101.181,0.3896,-10.8152,-86.608,0.3740,-10.9732,-87.463,0.1568,-0.0249,0.1587,-0.854,1.0103,3.5508,-0.720,-0.4537,-14.5308,-86.742,5.788,0.1067,102.957,0.5590,0.0055,0.0170,3.0752,1,5.9194,5.3659,nan,5.0051,5.1064,0.2022,0.0309,2.4073,-0.1010,0.0234,0.0279,1.5975,0.0800,-7.5296,0.1985
27.800,101.620,0.4173,-11.2526,-85.982,0.4051,-11.2561,-84.837,0.0026,-0.0124,0.0127,1.145,0.4992,3.6500,1.284,-0.4282,-14.9002,-86.121,5.375,0.2323,103.365,0.4914,0.0036,0.0111,3.0657,1,5.5525,5.3659,nan,4.6679,4.7101,0.1865,0.0327,2.3692,-0.0950,0.0232,0.0280,1.7972,0.0800,-7.5296,0.1985
27.850,101.620,0.4173,-11.2526,-85.982,0.4051,-11.2561,-84.837,0.0026,-0.0124,0.0127,1.145,0.4992,3.6500,1.284,-0.4282,-14.9002,-86.121,5.375,0.2323,103.365,0.4914,0.0036,0.0111,3.0657,1,5.2254,5.1128,nan,4.6679,4.3568,0.1725,-0.0047,2.1407,-0.0500,0.0732,0.0333,1.9969,0.0800,-2.5262,0.1985
27.900,102.022,0.4485,-11.6543,-84.966,0.4450,-11.6152,-84.086,-0.0393,-0.0000,0.0393,0.880,0.6082,3.6600,0.873,-0.3958,-15.2709,-84.958,5.198,0.2589,103.756,0.4605,0.0042,0.0107,2.5365,1,5.1266,5.1520,nan,4.3357,4.2553,0.1685,-0.0161,1.9398,-0.0268,0.0804,0.0333,2.1966,0.0800,-6.9258,0.1985
27.950,102.388,0.4835,-12.0180,-83.930,0.4860,-12.0176,-84.023,-0.0001,0.0025,0.0025,-0.093,0.8933,3.6449,-0.196,-0.3537,-15.6638,-83.827,4.839,0.0498,104.096,0.4889,0.0021,0.0022,1.0333,1,5.1049,5.1520,nan,4.1354,4.2336,0.1677,-0.0241,1.6912,-0.0106,0.0758,0.0380,2.4961,0.0800,-6.9258,0.1985
28.000,102.388,0.4835,-12.0180,-83.930,0.4860,-12.0176,-84.023,-0.0001,0.0025,0.0025,-0.093,0.8933,3.6449,-0.196,-0.3537,-15.6638,-83.827,4.839,0.0498,104.096,0.4889,0.0021,0.0022,1.0333,1,4.6987,4.4204,nan,4.0328,3.8274,0.1516,0.0028,1.6175,-0.0152,0.0433,0.0366,2.5960,0.0800,-7.0444,0.1985
28.050,102.767,0.5233,-12.3954,-84.121,0.5130,-12.2566,-83.939,-0.1391,0.0039,0.1392,0.182,0.8947,3.6621,-0.212,-0.3226,-15.9200,-83.727,4.463,-0.1504,104.451,0.3691,0.0033,0.0099,3.0203,1,4.8652,4.9964,nan,3.7130,3.7286,0.1477,0.0276,1.3993,-0.0120,0.0109,0.0390,2.8955,0.0090,-4.0634,0.1985
28.100,103.076,0.5534,-12.7030,-84.712,0.5547,-12.6842,-85.502,-0.0186,0.0031,0.0188,-0.790,1.0337,3.6689,-0.691,-0.2816,-16.3577,-84.810,4.224,0.0068,104.745,0.4976,0.0013,0.0057,4.4323,1,4.9249,4.9964,nan,3.4882,3.6640,0.1451,0.0487,1.2579,-0.0134,-0.0053,0.0427,3.0952,-0.0800,-4.0634,0.1985
28.150,103.076,0.5534,-12.7030,-84.712,0.5547,-12.6842,-85.502,-0.0186,0.0031,0.0188,-0.790,1.0337,3.6689,-0.691,-0.2816,-16.3577,-84.810,4.224,0.0068,104.745,0.4976,0.0013,0.0057,4.4323,1,4.6146,3.6984,nan,3.3716,3.3610,0.1331,0.0508,1.2476,-0.0129,-0.0081,0.0462,3.1950,-0.0800,-6.4129,0.1985
28.200,103.372,0.5808,-12.9977,-84.636,0.5677,-12.7821,-85.371,-0.2159,0.0071,0.2160,-0.735,1.0347,3.7243,-0.687,-0.2691,-16.5108,-84.684,3.922,0.0927,105.023,0.3582,0.0011,0.0389,35.0689,1,4.2206,3.9952,nan,3.3716,3.4303,0.1359,0.0502,1.2456,-0.0058,-0.0044,0.0443,3.2949,0.0340,-4.8837,0.1985
28.250,103.664,0.6108,-13.2879,-83.397,0.5964,-13.0088,-83.953,-0.2789,0.0178,0.2795,-0.555,0.7490,3.8144,0.293,-0.2386,-16.8221,-84.245,3.662,0.2884,105.300,0.3791,0.0017,0.0488,28.1158,1,4.0071,3.9952,nan,3.2517,3.3705,0.1335,0.0748,1.2450,-0.0072,-0.0091,0.0460,3.4946,0.0688,-4.8837,0.1985
28.300,103.897,0.6395,-13.5189,-82.310,0.6288,-13.2158,-82.111,-0.3018,0.0300,0.3033,0.199,0.7490,3.8144,0.293,-0.2072,-17.0293,-82.404,3.428,0.3856,105.520,0.3552,0.0043,0.0314,7.2460,1,3.7865,3.7714,nan,3.1290,3.2020,0.1268,-0.0028,1.1785,0.0245,0.0438,0.0521,3.5944,0.0800,-5.6974,0.2140
28.351,104.100,0.6688,-13.7197,-80.959,0.6656,-13.4441,-80.082,-0.2726,0.0402,0.2756,0.876,0.5783,3.8044,0.863,-0.1726,-17.2479,-80.946,3.340,0.2699,105.718,0.3722,0.0446,0.0409,0.9164,1,3.6713,3.6829,nan,2.8088,2.8830,0.1142,-0.0018,1.2086,0.0388,0.0694,0.0522,3.7941,0.0429,-2.1673,0.2140
28.400,104.100,0.6688,-13.7197,-80.959,0.6622,-13.4034,-80.374,-0.3134,0.0431,0.3164,0.584,0.6628,3.8453,0.571,-0.1726,-17.2479,-80.946,3.340,0.2699,105.718,0.3722,0.0031,0.0451,14.4537,1,3.3275,3.2158,nan,2.6937,2.6949,0.1067,-0.0123,1.0954,0.0505,0.0682,0.0520,3.8939,0.0800,-2.9588,0.2140
28.450,104.312,0.7024,-13.9293,-80.962,0.6937,-13.5550,-80.155,-0.3710,0.0502,0.3744,0.807,0.9216,3.8887,-0.301,-0.1363,-17.4447,-79.854,3.157,-0.0110,105.921,0.3591,0.0049,0.0506,10.3385,1,3.2087,3.2158,nan,2.5814,2.5836,0.1023,0.0052,1.0563,0.0618,0.0763,0.0550,3.9938,0.0800,-2.9588,0.2140
28.500,104.535,0.7374,-14.1495,-81.025,0.7190,-13.7346,-81.308,-0.4127,0.0466,0.4153,-0.283,0.9216,3.8887,-0.301,-0.1101,-17.6240,-81.007,2.888,-0.0538,106.131,0.3198,0.0091,0.0760,8.3932,1,2.9304,2.8753,nan,2.5814,2.3152,0.0917,0.0878,0.9647,0.0518,0.0172,0.0559,4.0936,0.0800,-5.6158,0.2140
28.550,104.535,0.7374,-14.1495,-81.025,0.7189,-13.7587,-81.590,-0.3889,0.0427,0.3913,-0.566,1.0084,3.8633,-0.583,-0.1101,-17.6240,-81.007,2.888,-0.0538,106.131,0.3198,0.0091,0.0746,8.2339,1,2.8874,2.9045,nan,2.3679,2.2954,0.0909,0.2177,0.9505,0.0482,-0.0001,0.0799,4.1935,0.0800,-4.1615,0.2140
28.600,104.706,0.7638,-14.3182,-81.207,0.7432,-13.8907,-81.571,-0.4256,0.0450,0.4280,-0.364,0.9377,3.9077,-0.360,-0.0829,-17.7993,-81.211,2.720,-0.0115,106.294,0.3262,0.0060,0.1086,18.2056,1,2.7152,2.7047,nan,2.3679,2.1635,0.0857,0.2388,0.8938,0.0533,-0.0078,0.1601,4.2933,0.0800,-7.9523,0.2140
28.650,104.873,0.7906,-14.4830,-80.018,0.7693,-14.0590,-80.752,-0.4213,0.0525,0.4246,-0.734,0.6751,3.8870,0.494,-0.0605,-17.9461,-81.246,2.398,0.5175,106.447,0.3090,0.0073,0.1009,13.8363,1,2.5865,2.5861,nan,2.2667,2.0865,0.0826,0.2516,0.8515,0.0620,0.0319,0.2477,4.3932,0.0800,-3.2398,0.2140
28.700,105.001,0.8152,-14.6091,-77.609,0.8081,-14.2585,-76.810,-0.3439,0.0683,0.3506,0.799,0.4615,3.8501,1.174,-0.0246,-18.1119,-77.984,2.290,0.8001,106.572,0.3468,0.0074,0.0992,13.4922,1,2.5682,2.5861,nan,2.0740,2.1756,0.0862,0.3336,0.8455,0.0684,0.0049,0.4280,4.5929,0.0800,-3.2398,0.2140
28.750,105.165,0.8549,-14.7675,-74.088,0.8296,-14.3170,-73.556,-0.4402,0.0992,0.4513,0.533,0.4615,3.8501,1.174,-0.0043,-18.1708,-74.730,2.153,0.9555,106.731,0.2520,0.0124,0.1259,10.1648,1,2.1924,1.8247,nan,2.1685,1.7997,0.0713,0.2540,0.8000,0.0759,0.0793,0.4280,4.5929,0.0800,-3.6132,0.2140
28.800,105.165,0.8549,-14.7675,-74.088,0.8296,-14.3170,-73.556,-0.4402,0.0992,0.4513,0.533,0.4615,3.8501,1.174,-0.0043,-18.1708,-74.730,2.153,0.9555,106.791,0.2520,0.0124,0.1259,10.1648,1,2.4348,2.5523,nan,1.8957,1.9501,0.0772,0.4328,0.8000,0.0882,0.0416,0.6127,4.7926,0.0315,-1.5037,0.2140
28.850,105.288,0.8924,-14.8852,-70.467,0.8855,-14.5534,-70.330,-0.3150,0.1044,0.3319,0.137,0.6502,3.8004,0.557,0.0570,-18.3552,-70.887,2.091,0.8737,106.853,0.3137,0.0062,0.1125,18.2955,1,2.1536,2.0857,nan,1.8957,1.9080,0.0756,0.6478,0.8000,0.0623,0.0129,0.7102,4.8924,0.0800,-6.6507,0.2140
28.900,105.415,0.9382,-15.0041,-67.547,0.9288,-14.7164,-66.695,-0.2695,0.1012,0.2878,0.852,0.6755,3.7384,0.480,0.0986,-18.4563,-67.175,1.849,0.8519,106.973,0.2966,0.0114,0.1016,8.8845,1,1.8994,1.8441,nan,1.8153,1.6963,0.0672,0.7385,0.8000,0.0591,-0.0247,0.8106,4.9922,0.0800,0.5868,0.2140
28.950,105.523,0.9824,-15.1023,-63.589,0.9729,-14.8118,-63.837,-0.2644,0.1207,0.2907,-0.248,0.6755,3.7384,0.480,0.1420,-18.5520,-64.317,1.860,1.3303,107.083,0.2942,0.0054,0.1214,22.6452,1,1.8382,1.8441,nan,1.7842,1.7156,0.0679,0.8981,0.8000,0.0188,-0.1701,1.0357,5.1919,0.0800,0.5868,0.2140
29.000,105.523,0.9824,-15.1023,-63.589,0.9729,-14.8118,-63.837,-0.2644,0.1207,0.2907,-0.248,0.6755,3.7384,0.480,0.1420,-18.5520,-64.317,1.860,1.3303,107.083,0.2942,0.0054,0.1214,22.6452,1,1.6800,1.6639,nan,1.7767,1.8502,0.0733,0.8817,0.8000,0.0220,-0.0649,1.0357,5.1919,0.0426,-1.2166,0.2140
29.050,105.658,1.0493,-15.2191,-56.252,1.0415,-15.0053,-57.111,-0.1821,0.1123,0.2140,-0.859,0.6511,3.6429,0.572,0.2042,-18.6511,-57.683,1.761,1.9254,107.220,0.2774,0.0044,0.0922,21.0869,1,1.7537,1.7810,nan,1.7738,1.7891,0.0709,0.8825,0.8000,0.0254,-0.0370,1.1698,5.2918,0.0088,-4.5291,0.2140
29.100,105.785,1.1280,-15.3192,-47.213,1.1359,-15.1934,-47.651,-0.0869,0.0912,0.1260,-0.439,0.6618,3.5586,0.541,0.2970,-18.7556,-48.192,1.590,2.2145,107.350,0.2798,0.0055,0.0507,9.2512,1,1.7653,1.7810,nan,1.7729,1.7787,0.0704,1.0000,0.8000,-0.0598,-0.2004,1.4690,5.4915,0.0033,-4.5291,0.2140
29.150,105.785,1.1280,-15.3192,-47.213,1.1359,-15.1934,-47.651,-0.0869,0.0912,0.1260,-0.439,0.6618,3.5586,0.541,0.2970,-18.7556,-48.192,1.590,2.2145,107.350,0.2798,0.0055,0.0507,9.2512,1,1.7747,1.7901,nan,1.7654,1.7760,0.0703,1.0000,0.8000,-0.1392,-0.2030,1.4934,5.5913,0.0061,-1.3950,0.2140
29.200,105.894,1.2082,-15.3932,-38.005,1.2388,-15.3378,-37.611,-0.0101,0.0625,0.0633,0.394,0.7498,3.4976,0.262,0.4030,-18.8374,-37.872,1.574,2.3711,107.473,0.2859,0.0044,0.0180,4.1140,1,1.6790,1.6778,nan,1.8002,1.8923,0.0749,1.0000,0.8000,-0.2044,-0.2352,1.4982,5.6912,0.0533,-2.3698,0.2140
29.250,106.007,1.3029,-15.4541,-27.331,1.3321,-15.4041,-28.445,0.0030,0.0578,0.0579,-1.114,0.5990,3.4723,0.726,0.4937,-18.8842,-29.171,1.493,2.5459,107.601,0.2720,0.0041,0.0228,5.5901,1,1.6664,1.6778,nan,1.8730,1.9864,0.0787,1.0000,0.8000,-0.2191,-0.1162,1.4982,5.6912,0.0800,-2.3698,0.2140
29.300,106.108,1.3962,-15.4924,-17.430,1.4567,-15.4429,-17.459,0.0429,0.0654,0.0782,-0.029,0.7762,3.4882,0.130,0.6376,-18.9325,-17.589,1.494,2.5705,107.719,0.2849,0.0228,0.0308,1.3510,1,1.8816,1.9665,nan,2.0311,2.1448,0.0849,0.9811,0.8000,-0.2477,-0.0862,1.4998,5.7910,0.0658,-1.4043,0.2140
29.350,106.108,1.3962,-15.4924,-17.430,1.4567,-15.4429,-17.459,0.0429,0.0654,0.0782,-0.029,0.7762,3.4882,0.130,0.6376,-18.9325,-17.589,1.494,2.5705,107.719,0.2849,0.0228,0.0308,1.3510,1,1.7755,1.7729,nan,1.9505,2.0376,0.0807,0.9587,0.8000,-0.2368,-0.1103,1.4742,5.8909,0.0504,0.3149,0.2140
29.400,106.204,1.4898,-15.5136,-7.981,1.5570,-15.4530,-6.220,0.0582,0.0693,0.0905,1.761,0.6366,3.4842,0.501,0.7549,-18.9446,-6.721,1.575,2.6739,107.836,0.2804,0.0080,0.0288,3.5848,1,1.6309,1.6178,nan,2.0311,2.0113,0.0797,0.8657,0.8000,-0.2308,0.0053,1.4742,5.8909,0.0800,2.4962,0.2140
29.450,106.326,1.6125,-15.5183,3.832,1.6607,-15.4508,4.181,0.0526,0.0642,0.0830,0.349,0.5360,3.4742,0.786,0.8649,-18.9386,3.395,1.715,2.7841,107.988,0.2672,0.0060,0.0151,2.5136,1,1.6082,1.6178,nan,2.0311,2.1679,0.0859,0.8185,0.8000,-0.2275,0.0080,1.3072,5.9907,0.0792,2.4962,0.2140
29.500,106.451,1.7358,-15.4975,15.342,1.8247,-15.4121,15.159,0.1084,0.0588,0.1233,-0.183,0.5360,3.4742,0.786,1.0294,-18.9022,14.373,1.758,2.4312,108.134,0.2637,0.1347,0.1248,0.9267,1,1.8895,2.0439,nan,2.1961,2.1609,0.0856,0.6940,0.8000,-0.2204,0.0416,1.1752,6.0905,-0.0203,-1.0178,0.2140
29.550,106.451,1.7358,-15.4975,15.342,1.8019,-15.4143,15.496,0.0858,0.0628,0.1063,0.155,0.4019,3.4641,1.124,1.0294,-18.9022,14.373,1.758,2.4312,108.134,0.2637,0.0027,0.0183,6.8310,1,2.1242,2.2276,nan,2.2812,2.1905,0.0868,0.6066,0.8216,-0.1933,0.0622,1.0544,6.1904,-0.0800,2.8013,0.2140
29.600,106.558,1.8364,-15.4619,23.656,1.9096,-15.3567,24.605,0.1093,0.0670,0.1282,0.949,0.3649,3.4575,1.172,1.1594,-18.8418,23.432,1.849,2.3979,108.258,0.2535,0.0140,0.0310,2.2154,1,2.1243,2.1412,nan,2.3688,2.2417,0.0888,0.4792,0.8560,-0.1671,0.0861,0.9522,6.2902,-0.0736,3.2002,0.2140
29.650,106.665,1.9314,-15.4132,30.538,2.0112,-15.2910,33.300,0.1309,0.0647,0.1460,2.762,0.6690,3.4697,0.189,1.2804,-18.7650,33.111,1.953,1.9373,108.376,0.2443,0.0172,0.0507,2.9510,1,2.1243,2.1412,nan,2.4587,2.3814,0.0943,0.3807,0.8929,-0.1520,0.1160,0.8512,6.3901,-0.0447,3.2002,0.2140
29.700,106.820,2.0583,-15.3247,38.805,2.0777,-15.2365,38.069,0.0704,0.0566,0.0903,-0.736,0.6690,3.4697,0.189,1.3470,-18.7107,37.880,2.103,1.3298,108.542,0.2444,0.0140,0.0217,1.5525,1,1.8223,1.7293,nan,2.3688,2.4526,0.0971,0.3800,0.8000,-0.1465,0.1237,0.8512,6.3901,0.0486,2.6554,0.2140
29.750,106.820,2.0583,-15.3247,38.805,2.0777,-15.2365,38.069,0.0704,0.0566,0.0903,-0.736,0.6690,3.4697,0.189,1.3470,-18.7107,37.880,2.103,1.3298,108.542,0.2444,0.0140,0.0217,1.5525,1,2.1425,2.5071,nan,2.5510,2.5091,0.0994,0.3432,0.9365,-0.1356,0.0987,0.7612,6.4899,-0.0243,4.8383,0.2140
29.800,106.960,2.1639,-15.2321,43.625,2.2278,-15.1071,43.706,0.1325,0.0464,0.1404,0.081,0.6977,3.4670,0.069,1.5077,-18.5759,43.637,2.258,1.3462,108.689,0.2348,0.0027,0.0141,5.1722,1,2.2813,2.3327,nan,2.6455,2.5478,0.1009,0.2557,1.0384,-0.1209,0.0950,0.6715,6.5898,-0.0566,1.9956,0.2140
29.850,107.110,2.2679,-15.1238,48.706,2.3000,-15.0282,47.890,0.0930,0.0390,0.1008,-0.816,0.8767,3.4606,-0.533,1.5954,-18.4747,48.423,2.353,1.2658,108.844,0.2310,0.0120,0.0182,1.5220,1,2.4400,2.5012,nan,2.8403,2.7448,0.1087,0.1506,1.1563,-0.1099,0.0948,0.5861,6.6896,-0.0553,1.4624,0.2140
29.900,107.253,2.3582,-15.0127,53.020,2.4070,-14.9022,53.124,0.1176,0.0275,0.1208,0.103,0.8005,3.4472,-0.305,1.7041,-18.3406,53.428,2.422,0.9898,108.990,0.2238,0.0014,0.0146,10.4443,1,2.4753,2.5012,nan,2.9390,2.8385,0.1124,0.0813,1.2732,-0.1060,0.0493,0.4225,6.8893,-0.0582,1.4624,0.2140
29.950,107.253,2.3582,-15.0127,53.020,2.4070,-14.9022,53.124,0.1176,0.0275,0.1208,0.103,0.8005,3.4472,-0.305,1.7041,-18.3406,53.428,2.422,0.9898,108.990,0.2238,0.0014,0.0146,10.4443,1,2.2766,2.2535,nan,2.9390,2.9895,0.1184,0.0804,1.1711,-0.1023,0.0807,0.4225,6.8893,0.0292,1.7521,0.2140
30.000,107.421,2.4542,-14.8758,56.733,2.4863,-14.7986,56.512,0.0821,0.0155,0.0836,-0.221,0.9004,3.4396,-0.634,1.7877,-18.2195,57.146,2.517,0.6713,109.161,0.2285,0.0012,0.0055,4.4294,1,2.3542,2.3880,nan,3.1335,3.2183,0.1275,0.0212,1.3225,-0.0931,0.0288,0.2610,7.0890,0.0491,4.8413,0.2140
30.050,107.619,2.5603,-14.7084,58.253,2.5864,-14.6394,58.633,0.0724,0.0141,0.0738,0.380,0.9797,3.4510,-0.863,1.8790,-18.0642,59.496,2.737,0.3379,109.368,0.2304,0.0010,0.0082,8.2139,1,2.3671,2.3880,nan,3.2254,3.3465,0.1325,-0.0233,1.3606,-0.0947,0.0346,0.1820,7.1888,0.0701,4.8413,0.2140
30.100,107.770,2.6389,-14.5787,59.329,2.6871,-14.4805,58.767,0.1091,0.0087,0.1094,-0.562,0.8979,3.4311,-0.622,1.9836,-17.8911,59.389,2.857,0.3212,109.524,0.2114,0.0002,0.0081,38.8445,1,2.6597,2.8642,nan,3.3825,3.3704,0.1335,-0.0286,1.5288,-0.1074,-0.0147,0.0207,7.3885,-0.0070,3.4557,0.2140
30.150,107.954,2.7324,-14.4204,59.139,2.7558,-14.3619,59.729,0.0622,0.0099,0.0630,0.590,0.8979,3.4311,-0.622,2.0510,-17.7719,60.351,3.131,-0.1118,109.721,0.2267,0.0012,0.0128,10.3100,1,2.6548,2.6753,nan,3.4513,3.4968,0.1385,-0.0531,1.5260,-0.1064,0.0056,-0.0601,7.4884,0.0263,3.5473,0.2140
30.200,107.954,2.7324,-14.4204,59.139,2.7515,-14.3692,59.447,0.0537,0.0098,0.0546,0.308,0.9812,3.4328,-0.904,2.0510,-17.7719,60.351,3.131,-0.1118,109.721,0.2267,0.0012,0.0095,7.6158,1,2.8926,3.5764,nan,3.7032,3.8251,0.1515,-0.0273,1.6411,-0.1205,-0.0193,-0.2171,7.6881,0.0706,2.7675,0.2140
30.250,108.165,2.8414,-14.2396,58.542,2.8949,-14.1414,57.840,0.1117,0.0056,0.1118,-0.702,0.9539,3.4108,-0.860,2.2041,-17.5211,58.700,3.260,-0.2645,109.939,0.2041,0.0000,0.0112,482.9904,1,3.0882,3.1785,nan,3.7638,3.8353,0.1519,-0.0172,1.6596,-0.1253,0.0033,-0.2188,7.8878,0.0414,2.5397,0.2140
30.300,108.395,2.9629,-14.0446,57.544,3.0142,-13.9626,56.455,0.0967,0.0007,0.0967,-1.089,0.9726,3.4109,-0.921,2.3206,-17.3385,57.376,3.422,-0.1452,110.177,0.2081,0.0008,0.0086,10.3268,1,3.1427,3.1785,nan,3.8261,3.9108,0.1549,-0.0102,1.6516,-0.1247,0.0123,-0.2108,7.9876,0.0491,2.5397,0.2140
30.350,108.640,3.0950,-13.8388,56.980,3.1136,-13.8164,56.138,0.0289,-0.0034,0.0291,-0.841,0.9726,3.4109,-0.921,2.4176,-17.1907,57.059,3.635,-0.0667,110.433,0.2292,0.0042,0.0093,2.2004,1,3.1076,3.1274,nan,3.9563,3.9916,0.1581,-0.0107,1.6096,-0.1224,0.0340,-0.2072,8.0875,0.0800,4.7724,0.2248
30.400,108.640,3.0950,-13.8388,56.980,3.1037,-13.8280,55.992,0.0138,-0.0014,0.0138,-0.987,1.0065,3.4047,-1.067,2.4176,-17.1907,57.059,3.635,-0.0667,110.433,0.2292,0.0042,0.0087,2.0623,1,3.2920,4.3739,nan,4.2145,4.2196,0.1671,0.0012,1.5761,-0.1020,0.0864,-0.1569,8.3870,0.0800,2.9928,0.2248
30.450,108.892,3.2329,-13.6275,56.760,3.2999,-13.5496,54.709,0.1019,-0.0134,0.1027,-2.052,1.2797,3.4197,-2.018,2.6166,-16.8877,56.727,3.771,-0.0637,110.693,0.2101,0.0018,0.0230,12.7622,1,3.5984,3.9589,nan,4.1946,4.1421,0.1640,0.0184,1.6015,-0.0823,0.1083,-0.0912,8.5867,-0.0285,1.9936,0.2248
30.500,109.121,3.3588,-13.4359,56.579,3.4386,-13.3586,54.662,0.1085,-0.0240,0.1111,-1.917,1.2268,3.4060,-1.847,2.7510,-16.6846,56.509,3.882,0.0031,110.929,0.2124,0.0092,0.0274,2.9650,1,3.8248,3.9589,nan,3.9820,4.1597,0.1647,0.0545,1.5028,-0.0736,0.1000,-0.0247,8.7864,-0.0800,1.9936,0.2248
30.550,109.403,3.5141,-13.2006,56.776,3.5512,-13.1990,54.744,0.0217,-0.0302,0.0372,-2.032,1.2268,3.4060,-1.847,2.8584,-16.5214,56.591,4.024,0.3222,111.220,0.2175,0.0087,0.0315,3.6089,1,3.5087,3.4341,nan,3.9820,3.8703,0.1533,0.0638,1.5615,-0.0621,0.1091,0.0102,8.8862,-0.0800,3.4695,0.2248
30.600,109.403,3.5141,-13.2006,56.776,3.5338,-13.2078,56.160,0.0048,-0.0204,0.0210,-0.616,0.7999,3.3347,-0.432,2.8584,-16.5214,56.591,4.024,0.3222,111.332,0.2175,0.0087,0.0088,1.0014,1,3.7824,4.3212,nan,3.5871,3.5241,0.1396,-0.0199,1.0938,-0.0073,0.1495,0.1088,9.1857,-0.0365,0.6383,0.2248
30.650,109.626,3.6345,-13.0138,57.834,3.6883,-12.9589,58.026,0.0752,-0.0163,0.0769,0.192,0.6111,3.2928,0.184,3.0250,-16.2614,57.843,4.051,0.3389,111.445,0.2105,0.0027,0.0055,2.0404,1,3.8604,3.9091,nan,3.4066,3.0345,0.1202,-0.0476,1.0183,0.0282,0.1651,0.1433,9.2856,0.0800,0.3144,0.2248
30.700,109.910,3.7830,-12.7712,59.190,3.8025,-12.7579,59.014,0.0214,-0.0099,0.0236,-0.177,0.7142,3.2903,-0.269,3.1637,-16.0336,59.283,3.830,-0.0875,111.716,0.2086,0.0142,0.0151,1.0650,1,3.8749,3.9091,nan,3.2393,3.1112,0.1232,-0.0133,1.0183,0.0574,0.1471,0.2101,9.4853,0.0800,0.3144,0.2248
30.750,110.125,3.8937,-12.5865,58.821,3.8989,-12.5853,58.560,0.0037,-0.0038,0.0053,-0.261,0.7259,3.2935,-0.328,3.2639,-15.8603,58.888,3.606,-0.0864,111.918,0.2058,0.0002,0.0006,4.0000,1,3.6647,3.6518,nan,3.1579,3.0063,0.1191,0.1025,1.0183,0.0710,0.0587,0.2738,9.6850,0.0800,-5.2844,0.2248
30.800,110.125,3.8937,-12.5865,58.821,3.8989,-12.5853,58.560,0.0037,-0.0038,0.0053,-0.261,0.7259,3.2935,-0.328,3.2639,-15.8603,58.888,3.606,-0.0864,111.918,0.2058,0.0002,0.0006,4.0000,1,3.4017,3.3634,nan,3.1579,2.7930,0.1106,0.1668,1.0183,0.0794,0.0230,0.3127,9.7848,0.0800,-8.3060,0.2248
30.850,110.359,4.0151,-12.3869,58.655,4.0077,-12.4050,58.541,-0.0193,-0.0031,0.0196,-0.114,0.6197,3.2746,0.054,3.3731,-15.6828,58.487,3.218,0.2608,112.132,0.2096,0.0128,0.0061,0.4745,1,3.1909,3.1727,nan,3.0112,2.6348,0.1044,0.1951,1.0183,0.0887,0.0248,0.3405,9.8847,0.0800,-4.6043,0.2248
30.900,110.549,4.1119,-12.2234,60.392,4.1009,-12.2446,59.764,-0.0239,-0.0010,0.0239,-0.628,0.5865,3.2686,0.171,3.4681,-15.5237,59.592,3.016,0.6717,112.312,0.2112,0.0017,0.0030,1.7534,1,2.9323,2.8890,nan,3.0112,3.0712,0.1216,0.2244,1.0183,0.0982,0.0058,0.4092,10.0843,0.0347,-5.0989,0.2248
30.950,110.754,4.2090,-12.0424,63.528,4.1752,-12.0781,63.685,-0.0471,0.0144,0.0492,0.157,0.4913,3.2431,0.482,3.5548,-15.3517,63.203,2.776,0.8427,112.507,0.2100,0.0033,0.0209,6.3253,1,2.8743,2.8890,nan,2.8972,2.9147,0.1154,0.2703,1.0183,0.1014,-0.0017,0.4502,10.1842,0.0101,-5.0989,0.2248
31.000,110.945,4.2892,-11.8695,66.851,4.2316,-11.9378,66.991,-0.0855,0.0261,0.0894,0.140,0.4913,3.2431,0.482,3.6124,-15.2119,66.509,2.626,0.8079,112.692,0.2216,0.0059,0.0429,7.2111,1,2.7042,2.6948,nan,2.8850,3.0225,0.1197,0.2541,1.0183,0.1208,0.0134,0.4867,10.2840,0.0796,-3.9628,0.2248
31.050,110.945,4.2892,-11.8695,66.851,4.2314,-11.9324,67.075,-0.0806,0.0284,0.0854,0.225,0.4688,3.2430,0.567,3.6124,-15.2119,66.509,2.626,0.8079,112.692,0.2216,0.0059,0.0424,7.1263,1,2.8988,2.9860,nan,2.9108,2.9199,0.1156,0.3353,1.0183,0.1236,-0.0441,0.5650,10.4837,0.0053,0.6662,0.2248
31.100,111.096,4.3448,-11.7292,70.363,4.2944,-11.7482,69.767,-0.0349,0.0411,0.0539,-0.596,0.6315,3.2705,-0.088,3.6860,-15.0131,69.855,2.744,1.1587,112.850,0.1891,0.0061,0.0288,4.7299,1,2.5872,2.4996,nan,2.9108,2.9072,0.1151,0.3105,1.0183,0.1299,-0.0265,0.5976,10.5836,0.0800,1.2107,0.2248
31.150,111.303,4.4066,-11.5319,75.086,4.3316,-11.6001,75.229,-0.0852,0.0549,0.1013,0.142,0.6315,3.2705,-0.088,3.7231,-14.8649,75.317,2.881,1.2130,113.064,0.2100,0.0061,0.0733,12.0793,1,2.4937,2.4996,nan,2.9595,2.8137,0.1114,0.3420,1.0183,0.1280,-0.0422,0.6490,10.6834,0.0800,1.2107,0.2248
31.200,111.303,4.4066,-11.5319,75.086,4.3395,-11.5908,74.835,-0.0741,0.0497,0.0892,-0.251,0.7417,3.3049,-0.482,3.7231,-14.8649,75.317,2.881,1.2130,113.064,0.2100,0.0061,0.0612,10.0715,1,2.7514,2.8901,nan,3.1402,3.0714,0.1216,0.4172,1.0183,0.1028,-0.1251,0.7208,10.8831,0.0800,-1.3149,0.2248
31.250,111.508,4.4499,-11.3310,81.117,4.3988,-11.3603,78.895,-0.0368,0.0460,0.0589,-2.222,0.8398,3.3400,-0.804,3.7649,-14.6489,79.699,2.839,1.5033,113.271,0.1968,0.0103,0.0420,4.0598,1,2.9837,3.1041,nan,3.2768,3.2475,0.1286,0.4147,1.2102,0.0700,-0.1564,0.6434,11.0828,-0.0169,-2.6848,0.2248
31.300,111.695,4.4699,-11.1455,86.908,4.4261,-11.1503,85.337,-0.0071,0.0435,0.0440,-1.571,0.8828,3.3572,-0.917,3.7749,-14.4489,86.254,2.779,1.6355,113.458,0.1792,0.0193,0.0196,1.0154,1,3.1071,3.1622,nan,3.4217,3.3082,0.1310,0.3497,1.4906,0.0490,-0.1798,0.5608,11.2825,-0.0657,1.6393,0.2248
31.350,111.876,4.4700,-10.9644,93.608,4.4204,-10.9174,93.015,0.0500,0.0465,0.0683,-0.593,0.7861,3.3380,-0.521,3.7637,-14.2218,93.536,2.888,1.8943,113.651,0.1365,0.0149,0.0164,1.0988,1,3.1325,3.1622,nan,3.5735,3.4970,0.1385,0.3358,1.5587,0.0000,-0.2051,0.4871,11.4822,-0.0443,1.6393,0.2248
31.400,111.876,4.4700,-10.9644,93.608,4.4204,-10.9174,93.015,0.0500,0.0465,0.0683,-0.593,0.7861,3.3380,-0.521,3.7637,-14.2218,93.536,2.888,1.8943,113.651,0.1365,0.0149,0.0164,1.0988,1,2.8186,2.7322,nan,3.5735,3.7095,0.1469,0.2801,1.4255,0.0043,-0.1352,0.4552,11.5820,0.0788,2.2283,0.2248
31.450,112.071,4.4462,-10.7703,100.730,4.3844,-10.7244,100.737,0.0566,0.0521,0.0770,0.007,0.8634,3.3829,-0.834,3.7259,-14.0545,101.570,3.056,1.6256,113.863,0.1491,0.0166,0.0306,1.8420,1,2.8751,2.9089,nan,3.7310,3.7998,0.1505,0.2627,1.4809,-0.0225,-0.1195,0.4200,11.6819,0.0800,3.8666,0.2248
31.500,112.328,4.3823,-10.5213,108.369,4.3316,-10.4898,107.128,0.0459,0.0382,0.0597,-1.240,0.8528,3.3856,-0.792,3.6702,-13.8260,107.920,3.286,1.4575,114.138,0.1708,0.0134,0.0147,1.0958,1,2.8842,2.9089,nan,3.8933,3.8711,0.1533,0.2320,1.5382,-0.0556,-0.1209,0.3545,11.8816,0.0800,3.8666,0.2248
31.550,112.545,4.3050,-10.3187,113.793,4.2317,-10.2552,112.303,0.0877,0.0414,0.0970,-1.490,0.8528,3.3856,-0.792,3.5671,-13.5928,113.095,3.462,1.5081,114.368,0.1314,0.0197,0.0129,0.6515,1,3.1906,3.5792,nan,4.1413,4.2662,0.1690,0.1649,1.7944,-0.0818,-0.1397,0.2590,12.1811,0.0800,4.0885,0.2248
31.600,112.545,4.3050,-10.3187,113.793,4.2308,-10.2584,112.248,0.0851,0.0436,0.0956,-1.545,0.8650,3.3856,-0.847,3.5671,-13.5928,113.095,3.462,1.5081,114.368,0.1314,0.0197,0.0134,0.6811,1,3.4386,4.0759,nan,4.3056,4.3470,0.1722,0.0882,1.9481,-0.0987,-0.0961,0.1952,12.3808,0.0225,1.4046,0.2248
31.650,112.755,4.2134,-10.1299,118.106,4.0966,-10.0110,118.553,0.1599,0.0470,0.1667,0.447,0.8799,3.3743,-0.899,3.4263,-13.3332,119.452,3.656,1.0296,114.592,0.0468,0.0125,0.0300,2.4098,1,3.4277,3.4537,nan,4.4641,4.6075,0.1825,0.0782,1.9419,-0.1041,-0.1019,0.1684,12.4806,0.0800,6.1678,0.2248
31.700,113.023,4.0794,-9.8975,121.728,3.9906,-9.8389,120.959,0.0966,0.0447,0.1064,-0.768,0.9913,3.3965,-1.373,3.3154,-13.1597,122.332,3.975,0.5493,114.882,0.1100,0.0133,0.0314,2.3622,1,3.4262,3.4537,nan,4.5392,4.6553,0.1844,0.0355,1.9411,-0.1200,-0.0775,0.1049,12.6803,0.0800,6.1678,0.2248
31.750,113.250,3.9571,-9.7061,123.500,3.8248,-9.5786,122.432,0.1794,0.0399,0.1837,-1.068,0.9913,3.3965,-1.373,3.1435,-12.9034,123.805,4.121,0.4896,115.119,0.0413,0.0064,0.0195,3.0696,1,3.7256,4.0426,nan,4.7835,4.8947,0.1939,0.0206,2.1107,-0.1552,-0.1125,0.0431,12.8800,0.0556,3.6687,0.2248
31.800,113.250,3.9571,-9.7061,123.500,3.8293,-9.5888,122.757,0.1683,0.0418,0.1735,-0.743,0.9222,3.3699,-1.047,3.1435,-12.9034,123.805,4.121,0.4896,115.119,0.0413,0.0064,0.0267,4.2007,1,3.6194,3.6322,nan,4.8205,4.8944,0.1938,-0.0007,2.0506,-0.1672,-0.0928,-0.0183,13.0797,0.0800,4.4792,0.2248
31.850,113.615,3.7524,-9.4043,124.653,3.7164,-9.4064,123.675,0.0187,0.0308,0.0360,-0.978,1.0924,3.4009,-1.766,3.0175,-12.7203,125.441,4.435,0.1469,115.506,0.1707,0.0070,0.0231,3.2888,1,3.7966,5.5711,nan,4.8590,4.9238,0.1950,-0.0340,2.1509,-0.2082,-0.0766,-0.1403,13.4791,0.0800,4.3218,0.2248
31.900,113.887,3.5965,-9.1810,125.091,3.4096,-8.9378,123.530,0.3064,0.0131,0.3067,-1.561,1.0924,3.4009,-1.766,2.6963,-12.2614,125.296,4.617,0.0043,115.792,0.1268,0.0081,0.0408,5.0115,1,3.9717,5.5711,nan,4.8877,4.6776,0.1852,-0.0624,2.2283,-0.2402,-0.0264,-0.2302,13.7786,0.0800,4.3218,0.2248
31.950,113.887,3.5965,-9.1810,125.091,3.4319,-8.9763,124.146,0.2621,0.0170,0.2627,-0.945,0.9822,3.3368,-1.150,2.6963,-12.2614,125.296,4.617,0.0043,115.792,0.1268,0.0081,0.0404,4.9662,1,3.7804,3.7753,nan,4.9065,4.4710,0.1771,-0.0581,2.1418,-0.2366,-0.0261,-0.2302,13.7786,0.0800,2.0521,0.2248
32.000,114.280,3.3705,-8.8596,124.915,3.3478,-8.8383,123.456,0.0304,0.0064,0.0311,-1.459,1.0916,3.3666,-1.654,2.6075,-12.1347,125.110,4.692,-0.3641,116.192,0.1226,0.0116,0.0156,1.3393,1,3.9556,5.1733,nan,4.9727,4.3748,0.1733,-0.0847,2.2513,-0.2408,0.0161,-0.2383,14.0781,0.0800,-1.6948,0.2248
32.050,114.601,3.1903,-8.5945,123.176,3.1100,-8.4518,120.448,0.1634,-0.0109,0.1637,-2.728,1.3875,3.4062,-3.026,2.3460,-11.7506,123.474,4.588,-0.4148,116.506,0.0442,0.0091,0.0352,3.8778,1,4.1280,5.1733,nan,5.0751,4.6981,0.1861,-0.0980,2.2955,-0.2405,0.0585,-0.2240,14.3777,0.0800,-1.6948,0.2248
32.100,114.601,3.1903,-8.5945,123.176,3.1100,-8.4518,120.448,0.1634,-0.0109,0.1637,-2.728,1.3875,3.4062,-3.026,2.3460,-11.7506,123.474,4.588,-0.4148,116.506,0.0442,0.0091,0.0352,3.8778,1,4.3744,4.5603,nan,5.1306,5.0171,0.1987,-0.0844,2.3072,-0.2563,0.0497,-0.2153,14.5774,0.0800,-2.6692,0.2248
32.150,114.926,3.0156,-8.3199,121.256,2.9769,-8.1942,118.861,0.1275,-0.0322,0.1315,-2.395,1.2917,3.3814,-2.509,2.1904,-11.4907,121.370,4.503,-0.6860,116.828,0.0281,0.0023,0.0236,10.1165,1,4.2447,4.2565,nan,5.1890,4.9136,0.1946,-0.0784,2.3152,-0.2555,0.0475,-0.2094,14.7771,0.0800,0.7780,0.2248
32.200,115.298,2.8307,-7.9972,118.083,2.8358,-7.9442,117.456,0.0443,-0.0295,0.0532,-0.626,0.9540,3.3175,-0.858,2.0503,-11.2323,118.315,4.604,-0.6032,117.210,0.0793,0.0097,0.0072,0.7393,1,4.2239,4.2565,nan,5.2493,4.9294,0.1952,-0.0842,2.3269,-0.2443,0.0627,-0.2008,14.9768,0.0800,0.7780,0.2248
32.250,115.613,2.6876,-7.7171,115.735,2.6758,-7.5992,115.083,0.1113,-0.0405,0.1185,-0.652,0.9540,3.3175,-0.858,1.8851,-10.8897,115.941,4.751,-0.6179,117.537,0.0145,0.0274,0.0349,1.2750,1,4.4802,5.1104,nan,5.3750,5.2513,0.2080,-0.1207,2.3546,-0.1896,0.1369,-0.1809,15.3761,0.0800,3.4322,0.2248
32.300,115.613,2.6876,-7.7171,115.735,2.6696,-7.5940,115.561,0.1188,-0.0372,0.1245,-0.174,0.8568,3.3080,-0.380,1.8851,-10.8897,115.941,4.751,-0.6179,117.537,0.0145,0.0274,0.0477,1.7434,1,4.7554,5.3319,nan,5.4716,5.5823,0.2211,-0.1363,2.3704,-0.1475,0.1623,-0.1698,15.6757,0.0800,0.4498,0.2248
32.350,115.894,2.5695,-7.4620,113.611,2.5397,-7.2973,113.568,0.1628,-0.0387,0.1674,-0.043,0.7936,3.2880,-0.034,1.7524,-10.5843,113.602,4.791,-0.7499,117.824,0.0398,0.0099,0.0353,3.5624,1,4.7282,4.7674,nan,5.5379,5.5712,0.2206,-0.1379,2.3830,-0.1195,0.1596,-0.1610,15.8754,0.0800,3.0452,0.2249
32.400,116.191,2.4567,-7.1868,110.418,2.4480,-7.0741,112.349,0.1087,-0.0312,0.1131,1.931,0.5270,3.2148,1.463,1.6577,-10.3346,110.885,4.962,-1.0268,118.138,0.0106,0.0150,0.0551,3.6747,1,4.8587,4.9636,nan,5.6387,5.7296,0.2269,-0.1349,2.3891,-0.0832,0.1397,-0.1519,16.0751,0.0800,4.2851,0.2249
32.450,116.491,2.3597,-6.9035,106.791,2.3475,-6.7930,109.121,0.1094,-0.0203,0.1112,2.330,0.3903,3.1761,2.233,1.5674,-10.0377,106.888,5.165,-1.0947,118.458,0.0253,0.0086,0.0511,5.9695,1,4.9003,4.9636,nan,5.7410,5.7984,0.2296,-0.1391,2.3728,-0.0470,0.1455,-0.1443,16.3746,0.0800,4.2851,0.2249
32.500,116.863,2.2647,-6.5441,102.225,2.2442,-6.4231,104.841,0.1226,-0.0056,0.1227,2.616,0.3903,3.1761,2.233,1.4785,-9.6642,102.608,5.311,-1.1491,118.848,0.0407,0.0130,0.0704,5.4220,1,5.1411,5.3959,nan,5.8377,6.0025,0.2377,-0.1440,2.3611,-0.0025,0.1260,-0.1338,16.5743,0.0679,2.3181,0.2249
32.550,116.863,2.2647,-6.5441,102.225,2.2540,-6.4341,105.109,0.1098,-0.0128,0.1105,2.883,0.3552,3.1564,2.501,1.4785,-9.6642,102.608,5.311,-1.1491,118.848,0.0407,0.0130,0.0644,4.9624,1,5.4143,5.8532,nan,5.9368,5.9532,0.2358,-0.1397,2.3438,0.0166,0.1151,-0.1236,16.9737,0.0064,2.9234,0.2249
32.600,117.186,2.2056,-6.2263,98.227,2.1901,-6.0607,101.186,0.1661,-0.0084,0.1663,2.960,0.2845,3.1329,2.985,1.4243,-9.2804,98.201,5.459,-1.2142,119.189,0.1059,0.0068,0.0677,9.9285,1,5.5026,5.6095,nan,5.9864,5.9611,0.2361,-0.1354,2.3309,0.0269,0.0844,-0.1154,17.1733,-0.0097,3.0968,0.2249
32.650,117.541,2.1667,-5.8736,93.694,2.1550,-5.7539,97.759,0.1202,0.0040,0.1203,4.065,0.1594,3.0838,3.820,1.4024,-8.9509,93.939,5.613,-1.2214,119.564,0.0885,0.0105,0.0726,6.8906,1,5.7487,6.0919,nan,5.9980,5.8037,0.2298,-0.1151,2.3191,0.0294,0.0456,-0.1132,17.3730,-0.0720,1.1741,0.2249
32.700,117.840,2.1554,-5.5748,89.972,2.1305,-5.3727,92.895,0.2021,0.0250,0.2036,2.923,0.2793,3.1236,3.094,1.3899,-8.5838,89.801,5.667,-1.2275,119.873,0.1532,0.0107,0.0809,7.5900,1,5.9063,6.0919,nan,5.7483,5.6282,0.2229,-0.1240,2.2903,0.0756,0.0564,-0.1325,17.8723,-0.0471,1.1741,0.2249
32.750,118.118,2.1622,-5.2964,86.617,2.1276,-5.0433,88.534,0.2506,0.0495,0.2554,1.917,0.2793,3.1236,3.094,1.4048,-8.2548,85.440,5.698,-1.1903,120.159,0.2044,0.0137,0.0835,6.0759,1,5.6395,5.5769,nan,5.6972,5.5256,0.2188,-0.1212,2.2784,0.0612,0.0116,-0.1388,18.0720,-0.0671,0.5769,0.2249
32.800,118.118,2.1622,-5.2964,86.617,2.1340,-5.0468,88.454,0.2475,0.0429,0.2512,1.837,0.2971,3.1227,3.013,1.4048,-8.2548,85.440,5.698,-1.1903,120.159,0.2044,0.0137,0.0766,5.5775,1,5.2462,4.4874,nan,5.6470,5.7780,0.2288,-0.1130,2.1781,0.0614,-0.0135,-0.1415,18.1718,0.0554,0.3022,0.2249
32.850,118.583,2.2071,-4.8335,81.789,2.1622,-4.8022,83.336,0.0246,0.0490,0.0548,1.546,0.5459,3.1819,1.395,1.4213,-8.0211,81.940,5.631,-1.0444,120.624,0.0326,0.0027,0.0671,24.5087,1,5.4014,6.8169,nan,5.4066,5.4105,0.2143,-0.1338,2.1595,0.0593,0.0104,-0.1568,18.6710,0.0017,-3.0689,0.2249
32.900,118.933,2.2668,-4.4886,78.031,2.2322,-4.2824,82.060,0.1945,0.0766,0.2091,4.029,0.2057,3.0618,3.854,1.5283,-7.4638,78.206,5.518,-0.9760,120.970,0.1932,0.0135,0.0854,6.3039,1,5.5900,5.7934,nan,5.2673,5.1938,0.2057,-0.1075,2.1595,-0.0009,-0.0197,-0.1681,18.9706,0.0800,0.6962,0.2249
32.950,119.276,2.3465,-4.1548,74.546,2.3191,-3.9267,77.737,0.2126,0.0872,0.2298,3.191,0.2369,3.0834,3.677,1.6283,-7.1291,74.060,5.521,-1.0904,121.318,0.2014,0.0025,0.0851,34.2426,1,5.6790,5.7934,nan,5.1849,5.3263,0.2109,-0.1341,2.1595,0.0322,0.0090,-0.1763,19.1702,0.0800,0.6962,0.2249
33.000,119.276,2.3465,-4.1548,74.546,2.3191,-3.9267,77.737,0.2126,0.0872,0.2298,3.191,0.2369,3.0834,3.677,1.6283,-7.1291,74.060,5.521,-1.0904,121.318,0.2014,0.0025,0.0851,34.2426,1,5.2651,4.9095,nan,5.1442,4.9326,0.1954,-0.1209,2.1595,0.0098,-0.0106,-0.1849,19.3699,0.0800,-3.4294,0.2249
33.050,119.678,2.4676,-3.7719,69.745,2.4288,-3.6710,72.855,0.0812,0.0713,0.1081,3.110,0.3760,3.1008,2.735,1.7273,-6.8621,70.120,5.352,-1.1132,121.712,0.0906,0.0018,0.0772,42.3544,1,5.4178,5.5701,nan,5.0118,5.1447,0.2037,-0.1081,2.1595,-0.0091,-0.0173,-0.1962,19.6695,0.0800,-2.2969,0.2249
33.100,120.053,2.6095,-3.4243,65.314,2.5899,-3.3306,67.759,0.0769,0.0569,0.0957,2.444,0.3617,3.0090,2.779,1.9183,-6.4402,64.980,5.205,-0.9728,122.080,0.1792,0.0046,0.0553,12.1471,1,5.4793,5.5701,nan,5.0320,5.1530,0.2041,-0.0766,2.1595,-0.0571,-0.0292,-0.2065,19.9690,0.0575,-2.2969,0.2249
33.150,120.409,2.7673,-3.1061,61.616,2.7106,-3.1648,64.789,-0.0786,0.0220,0.0816,3.173,0.3604,2.9482,2.837,2.0447,-6.2218,61.952,4.999,-0.6220,122.423,0.0885,0.0227,0.0356,1.5693,1,5.1158,4.9516,nan,5.0320,4.9139,0.1946,-0.0490,2.1595,-0.1084,-0.0425,-0.2135,20.0689,0.0800,-4.9623,0.2249
33.200,120.409,2.7673,-3.1061,61.616,2.7106,-3.1648,64.789,-0.0786,0.0220,0.0816,3.173,0.3604,2.9482,2.837,2.0447,-6.2218,61.952,4.999,-0.6220,122.423,0.0885,0.0227,0.0356,1.5693,1,5.3759,5.7289,nan,5.0297,5.1429,0.2037,-0.0372,2.0615,-0.1511,0.0032,-0.2261,20.3684,0.0537,0.1250,0.2249
33.250,120.714,2.9166,-2.8399,59.614,2.9103,-2.8739,62.652,-0.0325,-0.0117,0.0346,3.038,0.3123,2.8473,3.352,2.2590,-5.8633,59.300,4.988,-0.4012,122.730,0.1962,0.0014,0.0208,15.0013,1,4.9797,4.7354,nan,4.9248,4.9598,0.1964,-0.0274,2.0244,-0.1923,0.0274,-0.2279,20.4682,0.0800,-2.1019,0.2249
33.300,121.000,3.0640,-2.5942,58.377,3.0396,-2.6353,61.510,-0.0478,-0.0008,0.0478,3.132,0.3160,2.8688,3.408,2.3916,-5.6563,58.101,4.908,-0.3089,123.012,0.1599,0.0050,0.0243,4.8187,1,4.5787,4.3542,nan,4.8168,4.9450,0.1958,-0.0157,1.9589,-0.1824,0.0539,-0.2369,20.6679,0.0800,-2.1019,0.2249
33.350,121.342,3.2455,-2.3054,57.294,3.1826,-2.3819,60.488,-0.0984,0.0116,0.0990,3.194,0.3160,2.8688,3.408,2.5495,-5.4118,57.080,4.950,-0.2151,123.359,0.1163,0.0014,0.0357,25.3086,1,4.3708,4.3542,nan,4.7078,4.6846,0.1855,-0.0145,1.8542,-0.1610,0.1144,-0.1761,20.9675,-0.0113,1.2863,0.2249
33.400,121.342,3.2455,-2.3054,57.294,3.1850,-2.4205,61.097,-0.1296,-0.0112,0.1301,3.802,0.2627,2.7995,4.017,2.5495,-5.4118,57.080,4.950,-0.2151,123.359,0.1163,0.0014,0.0332,23.5601,1,4.5901,4.7547,nan,4.2764,4.2229,0.1672,-0.0132,1.7970,-0.1432,0.1516,-0.1158,21.1672,-0.0800,-1.4101,0.2249
33.450,121.715,3.4493,-1.9930,56.448,3.3865,-2.1016,59.108,-0.1252,-0.0077,0.1255,2.661,0.4041,2.8725,2.681,2.7465,-5.1082,56.427,4.849,-0.1087,123.726,0.1064,0.0018,0.0283,16.0319,1,4.8664,5.2089,nan,3.9703,3.8373,0.1520,0.0101,1.7970,-0.0965,0.1712,-0.0306,21.4667,0.0800,-3.0409,0.2249
33.500,122.057,3.6397,-1.7081,56.037,3.6269,-1.7080,58.615,-0.0071,0.0107,0.0128,2.578,0.4041,2.8725,2.681,3.0050,-4.7263,55.934,4.634,-0.0898,124.055,0.2167,0.0001,0.0292,210.2760,1,5.0510,5.2089,nan,3.6860,3.6493,0.1445,0.0504,1.3790,-0.0852,0.1379,0.0603,21.7662,-0.0213,-3.0409,0.2249
33.550,122.057,3.6397,-1.7081,56.037,3.6158,-1.7387,57.913,-0.0387,0.0027,0.0388,1.877,0.4494,2.8810,1.979,3.0050,-4.7263,55.934,4.634,-0.0898,124.055,0.2167,0.0001,0.0169,121.4941,1,4.6608,4.0225,nan,3.6860,3.6642,0.1451,0.0816,1.3790,-0.0887,0.1237,0.0603,21.7662,0.0800,-6.4708,0.2249
33.600,122.378,3.8199,-1.4425,55.690,3.7184,-1.5822,57.882,-0.1726,0.0051,0.1727,2.192,0.4624,2.9095,2.153,3.0849,-4.6109,55.729,4.309,-0.0124,124.354,0.0659,0.0001,0.0473,409.3836,1,4.8535,5.0090,nan,3.4244,3.3510,0.1327,0.1233,1.0333,-0.0567,0.0938,0.1474,22.0658,-0.0800,-8.4549,0.2249
33.650,122.584,3.9352,-1.2719,56.489,3.9036,-1.2949,56.995,-0.0366,0.0137,0.0391,0.507,0.5104,2.9345,1.350,3.2926,-4.3082,55.646,3.955,0.3637,124.538,0.1993,0.0004,0.0115,29.2139,1,4.5597,2.9926,nan,3.3428,3.2381,0.1282,0.0939,1.0333,-0.0370,0.1023,0.2088,22.2654,-0.0606,-5.4494,0.2249
33.700,122.821,4.0636,-1.0727,58.316,3.9370,-1.2288,59.226,-0.1994,0.0257,0.2010,0.909,0.5104,2.9345,1.350,3.3276,-4.2429,57.876,3.680,0.6962,124.760,0.0652,0.0058,0.0448,7.6589,1,4.2724,2.9926,nan,3.2639,3.2774,0.1298,0.1272,1.0333,-0.0294,0.0843,0.2368,22.3653,0.0078,-5.4494,0.2249
33.750,123.051,4.1805,-0.8748,60.846,4.0446,-1.0359,62.033,-0.2069,0.0402,0.2107,1.186,0.5104,2.9345,1.350,3.4397,-4.0526,60.683,3.430,0.6654,124.976,0.0625,0.0020,0.0673,33.8482,1,3.9107,3.3456,nan,3.2639,3.2515,0.1288,0.1170,1.0333,-0.0047,0.1201,0.2695,22.4651,0.0800,-6.1888,0.2249
33.800,123.051,4.1805,-0.8748,60.846,4.0493,-1.0332,61.836,-0.2023,0.0374,0.2057,0.989,0.5288,2.9493,1.152,3.4397,-4.0526,60.683,3.430,0.6654,124.976,0.0625,0.0020,0.0651,32.7234,1,3.7153,3.7080,nan,3.0471,3.1568,0.1250,0.1714,1.0333,0.0153,0.0923,0.3292,22.6648,0.0800,-2.8488,0.2249
33.850,123.314,4.3034,-0.6416,63.771,4.2311,-0.7030,64.420,-0.0871,0.0377,0.0949,0.649,0.6272,3.0203,-0.047,3.6069,-3.7204,64.467,3.267,0.5961,125.232,0.1306,0.0047,0.0406,8.6993,1,3.6831,3.7080,nan,2.9863,3.0600,0.1212,0.2400,1.0333,0.0270,0.0538,0.3899,22.8645,0.0427,-2.8488,0.2249
33.900,123.314,4.3034,-0.6416,63.771,4.2311,-0.7030,64.420,-0.0871,0.0377,0.0949,0.649,0.6272,3.0203,-0.047,3.6069,-3.7204,64.467,3.267,0.5961,125.232,0.1306,0.0047,0.0406,8.6993,1,3.3687,2.6881,nan,2.9863,2.8949,0.1147,0.2858,1.0333,0.0126,0.0473,0.3899,22.8645,0.0800,-1.3121,0.2249
33.950,123.576,4.4137,-0.4044,66.656,4.2588,-0.6229,66.035,-0.2620,0.0556,0.2679,-0.621,0.6272,3.0203,-0.047,3.6346,-3.6402,66.082,3.160,0.9302,125.489,0.0803,0.0113,0.1009,8.9427,1,3.6329,3.8176,nan,2.9149,2.8765,0.1139,0.3250,1.0333,0.0200,-0.0154,0.4866,23.1640,-0.0222,-3.6019,0.2249
34.000,123.824,4.5025,-0.1724,72.006,4.3868,-0.2963,69.884,-0.1536,0.0718,0.1696,-2.122,0.6542,3.0568,-0.367,3.7540,-3.3291,70.251,2.983,1.3176,125.732,0.0516,0.0216,0.0610,2.8242,1,3.6651,3.7006,nan,2.9975,2.9259,0.1159,0.3194,1.0333,0.0105,-0.0728,0.5562,23.3637,-0.0415,-3.6019,0.2249
34.051,124.025,4.5565,0.0210,77.230,4.4568,-0.0579,75.890,-0.0990,0.0798,0.1272,-1.340,0.7199,3.1237,-1.112,3.7979,-3.1085,77.002,2.855,1.4428,125.929,0.0505,0.0147,0.0720,4.8932,1,3.5844,3.6007,nan,3.1138,3.0767,0.1218,0.3337,1.0333,0.0254,-0.0744,0.6325,23.5634,-0.0215,-3.5460,0.2249
34.100,124.025,4.5565,0.0210,77.230,4.4568,-0.0579,75.890,-0.0990,0.0798,0.1272,-1.340,0.7199,3.1237,-1.112,3.7979,-3.1085,77.002,2.855,1.4428,125.929,0.0505,0.0147,0.0720,4.8932,1,3.2042,3.0021,nan,3.1138,3.2183,0.1275,0.4152,1.0333,0.0123,-0.0696,0.6745,23.6633,0.0605,-1.8692,0.2249
34.150,124.212,4.5896,0.2046,82.693,4.5201,0.1447,80.847,-0.0683,0.0613,0.0917,-1.847,0.8112,3.2199,-1.981,3.8131,-2.9451,82.828,2.830,1.4839,126.118,0.0251,0.0109,0.0543,4.9879,1,2.8804,2.7860,nan,3.1786,3.2766,0.1298,0.4640,1.1068,-0.0343,-0.1471,0.6724,23.8630,0.0800,1.9115,0.2249
34.200,124.376,4.6039,0.3682,87.626,4.5452,0.3196,85.598,-0.0510,0.0567,0.0762,-2.028,0.8339,3.2523,-2.084,3.8154,-2.7958,87.682,2.921,1.5825,126.289,0.0130,0.0127,0.0450,3.5409,1,2.9099,2.9385,nan,3.3170,3.3830,0.1340,0.4258,1.2292,-0.0548,-0.1304,0.6218,23.9628,0.0382,1.5677,0.2249
34.250,124.548,4.6030,0.5399,93.716,4.5550,0.5354,91.550,-0.0014,0.0481,0.0482,-2.165,0.8296,3.2601,-1.911,3.8142,-2.5989,93.462,2.990,1.9799,126.470,0.0225,0.0260,0.0210,0.8086,1,2.9144,2.9385,nan,3.3890,3.3951,0.1345,0.3979,1.4104,-0.0985,-0.1700,0.5430,24.1625,0.0036,1.5677,0.2249
34.300,124.762,4.5742,0.7524,102.305,4.5283,0.7029,98.884,-0.0386,0.0554,0.0675,-3.421,0.8296,3.2601,-1.911,3.7820,-2.4324,100.795,3.074,1.9281,126.699,0.0276,0.0224,0.0393,1.7515,1,2.8171,2.8250,nan,3.5403,3.6555,0.1448,0.3425,1.3876,-0.1064,-0.0914,0.5074,24.2624,0.0800,0.7206,0.2249
34.350,124.940,4.5275,0.9239,108.651,4.4613,0.9822,106.855,0.0764,0.0441,0.0882,-1.796,0.8395,3.2825,-1.941,3.6976,-2.1763,108.797,3.156,1.9132,126.886,0.0653,0.0174,0.0161,0.9229,1,3.0858,3.6720,nan,3.6983,3.6896,0.1461,0.2606,1.6033,-0.1352,-0.1067,0.4034,24.5619,-0.0050,1.7061,0.2249
34.400,124.940,4.5275,0.9239,108.651,4.4441,1.0083,107.711,0.1066,0.0520,0.1186,-0.940,0.7884,3.2542,-1.086,3.6976,-2.1763,108.797,3.156,1.9132,126.886,0.0653,0.0174,0.0108,0.6183,1,3.1596,3.2003,nan,3.9450,4.0452,0.1602,0.1951,1.6742,-0.1361,-0.0378,0.3665,24.6617,0.0580,3.1043,0.2174
34.450,125.123,4.4613,1.0941,114.259,4.3826,1.1589,114.170,0.0914,0.0451,0.1019,-0.088,0.7890,3.2527,-1.098,3.6331,-2.0246,115.268,3.346,1.5300,127.085,0.0486,0.0162,0.0288,1.7761,1,3.2744,3.3283,nan,4.0290,4.0731,0.1613,0.1586,1.7995,-0.1609,-0.0567,0.2999,24.8614,0.0255,3.6424,0.2174
34.500,125.363,4.3523,1.3086,119.771,4.2855,1.3762,120.001,0.0918,0.0245,0.0950,0.230,0.7624,3.2078,-0.374,3.5349,-1.8086,120.375,3.533,1.1115,127.339,0.0446,0.0135,0.0191,1.4134,1,3.2976,3.3283,nan,4.1965,4.3280,0.1714,0.1053,1.8446,-0.1670,-0.0085,0.2684,24.9613,0.0756,3.6424,0.2174
34.550,125.575,4.2415,1.4895,123.419,4.1543,1.5775,122.309,0.1215,0.0243,0.1239,-1.110,0.8098,3.2651,-1.600,3.3904,-1.5935,123.910,3.763,0.9451,127.567,0.0910,0.0123,0.0071,0.5738,1,3.5241,3.6470,nan,4.3602,4.3786,0.1734,0.0577,1.9555,-0.1687,-0.0415,0.1710,25.2608,0.0098,5.4077,0.2174
34.600,125.575,4.2415,1.4895,123.419,4.1543,1.5775,122.309,0.1215,0.0243,0.1239,-1.110,0.8098,3.2651,-1.600,3.3904,-1.5935,123.910,3.763,0.9451,127.567,0.0910,0.0123,0.0071,0.5738,1,3.5067,3.5324,nan,4.4389,4.5114,0.1787,0.0612,1.8700,-0.1774,-0.0468,0.1348,25.3606,0.0386,5.3075,0.2174
34.650,125.842,4.0897,1.7087,125.957,4.0228,1.7661,125.487,0.0857,0.0204,0.0881,-0.469,0.8256,3.2659,-1.815,3.2431,-1.3978,127.302,4.037,0.4708,127.851,0.0696,0.0106,0.0186,1.7447,1,3.7834,3.9916,nan,4.2909,4.2858,0.1697,0.0792,1.7223,-0.2042,-0.0789,0.0702,25.5603,-0.0800,3.3379,0.2174
34.700,126.181,3.8866,1.9798,127.709,3.8243,2.0546,126.297,0.0973,0.0036,0.0974,-1.412,0.8256,3.2659,-1.815,3.0355,-1.1158,128.112,4.211,0.3951,128.202,0.0808,0.0100,0.0032,0.3237,1,3.9210,3.9916,nan,4.0885,4.4259,0.1753,0.0699,1.6540,-0.2219,-0.0671,0.0062,25.7600,-0.0800,3.3379,0.2174
34.750,126.181,3.8866,1.9798,127.709,3.8133,2.0578,126.656,0.1065,0.0102,0.1070,-1.053,0.8071,3.2503,-1.456,3.0355,-1.1158,128.112,4.211,0.3951,128.202,0.0808,0.0100,0.0086,0.8615,1,4.1973,4.4352,nan,3.6633,3.6287,0.1437,0.0695,1.4253,-0.2400,-0.0390,-0.0886,26.0596,-0.0800,2.6828,0.2174
34.800,126.472,3.7056,2.2078,129.286,3.6008,2.3355,128.747,0.1652,0.0003,0.1652,-0.539,0.7899,3.1986,-0.611,2.8199,-0.8331,129.357,4.327,0.4365,128.502,0.1453,0.0137,0.0120,0.8758,1,4.1108,4.1309,nan,3.5458,3.2997,0.1307,0.0499,1.3118,-0.2388,0.0069,-0.1557,26.2593,0.0800,-0.1945,0.2174
34.850,126.783,3.5048,2.4456,131.214,3.4377,2.5322,130.332,0.1094,-0.0066,0.1096,-0.881,0.7988,3.1992,-0.690,2.6467,-0.6351,131.022,4.320,0.4673,128.814,0.0969,0.0118,0.0087,0.7373,1,4.0987,4.1309,nan,3.3264,3.3729,0.1336,-0.0010,1.3117,-0.2147,0.0801,-0.2172,26.4589,0.0800,-0.1945,0.2174
34.900,127.075,3.3093,2.6625,132.956,3.2414,2.7480,132.093,0.1089,-0.0086,0.1092,-0.863,0.7988,3.1992,-0.690,2.4479,-0.4217,132.783,3.837,0.1861,129.076,0.0962,0.0268,0.0337,1.2571,1,4.3446,4.5292,nan,2.8691,2.9774,0.1179,-0.0272,1.3117,-0.1811,0.1749,-0.2399,26.7585,-0.0800,-0.0906,0.2174
34.950,127.274,3.1738,2.8076,132.969,3.0954,2.9135,131.985,0.1309,-0.0148,0.1318,-0.984,0.8240,3.2241,-1.558,2.2790,-0.2488,133.543,3.553,-0.0087,129.258,0.1391,0.0092,0.0183,1.9836,1,4.4110,4.4693,nan,2.6544,3.0758,0.1218,0.0109,1.3117,-0.1506,0.2016,-0.1722,26.9582,-0.0800,-6.8406,0.2174
35.000,127.274,3.1738,2.8076,132.969,3.0969,2.9239,131.259,0.1375,-0.0230,0.1394,-1.710,0.8297,3.2633,-2.284,2.2790,-0.2488,133.543,3.553,-0.0087,129.258,0.1391,0.0092,0.0123,1.3360,1,4.0998,3.3266,nan,2.6544,2.8218,0.1118,0.0710,1.2884,-0.1459,0.1836,-0.0936,27.0580,-0.0800,-3.4803,0.2174
35.050,127.486,3.0292,2.9637,132.595,3.0110,3.0238,131.020,0.0565,-0.0273,0.0628,-1.575,0.8390,3.2349,-1.917,2.1778,-0.1383,132.937,3.171,0.0493,129.451,0.0761,0.0138,0.0059,0.4295,1,3.8088,2.9997,nan,2.5525,2.5299,0.1002,0.0944,1.2490,-0.1258,0.1937,-0.0168,27.1579,-0.0800,-2.3225,0.2174
35.100,127.692,2.8898,3.1148,132.837,2.8891,3.1510,131.955,0.0270,-0.0241,0.0363,-0.882,0.8514,3.1660,-0.856,2.0377,0.0154,132.811,3.042,0.2466,129.650,0.0786,0.0111,0.0020,0.1767,1,3.4301,2.9997,nan,2.4546,2.4292,0.0962,0.1135,1.1248,-0.1004,0.1943,0.0534,27.2577,-0.0147,-2.3225,0.2174
35.151,127.903,2.7449,3.2677,134.197,2.7931,3.2561,132.907,-0.0419,-0.0265,0.0495,-1.290,0.8514,3.1660,-0.856,1.9401,0.1191,133.763,2.794,0.4709,129.849,0.0108,0.0721,0.0333,0.4620,1,3.0526,2.6298,nan,2.5525,2.4684,0.0978,0.0344,1.0010,-0.0722,0.2264,0.1345,27.3575,0.0800,-4.7838,0.2174
35.200,127.903,2.7449,3.2677,134.197,2.7825,3.2502,133.861,-0.0388,-0.0147,0.0415,-0.336,0.8426,3.1278,0.098,1.9401,0.1191,133.763,2.794,0.4709,129.849,0.0108,0.0112,0.0060,0.5370,1,3.0078,3.0255,nan,2.3597,2.4704,0.0978,0.0279,0.9863,-0.0130,0.2653,0.2044,27.4574,0.0800,-7.7555,0.2174
35.250,128.083,2.6172,3.3951,135.786,2.6394,3.3829,136.487,-0.0244,-0.0067,0.0253,0.701,0.8623,3.0883,0.497,1.7795,0.2792,135.990,2.508,0.1302,130.017,0.0566,0.0207,0.0179,0.8672,1,2.6658,2.5381,nan,2.3597,2.2333,0.0884,0.0272,0.8742,0.0197,0.2157,0.3547,27.6571,0.0800,-1.3671,0.2174
35.300,128.215,2.5226,3.4865,136.170,2.5483,3.4657,136.742,-0.0330,-0.0028,0.0331,0.572,0.8623,3.0883,0.497,1.6892,0.3628,136.245,2.461,0.1291,130.146,0.0480,0.0096,0.0110,1.1496,1,2.5385,2.5381,nan,2.2684,2.1060,0.0834,0.0086,0.8324,0.0397,0.2190,0.3547,27.6571,0.0800,-1.3671,0.2174
35.351,128.390,2.3952,3.6077,136.563,2.4784,3.5210,137.388,-0.1200,0.0058,0.1202,0.825,0.8734,3.0633,0.744,1.6107,0.4368,136.644,2.352,0.0318,130.317,0.0201,0.0164,0.0206,1.2543,1,2.2161,2.1067,nan,2.2684,2.3081,0.0914,0.0005,0.8000,0.0528,0.1846,0.4357,27.7569,0.0230,-0.5406,0.2174
35.400,128.390,2.3952,3.6077,136.563,2.4784,3.5210,137.388,-0.1200,0.0058,0.1202,0.825,0.8734,3.0633,0.744,1.6107,0.4368,136.644,2.352,0.0318,130.317,0.0201,0.0164,0.0206,1.2543,1,2.5024,2.6857,nan,2.0920,2.1744,0.0861,0.2509,0.8206,0.0864,0.1375,0.5117,27.8568,0.0800,-6.0391,0.2174
35.450,128.511,2.3074,3.6906,136.660,2.3327,3.6552,136.739,-0.0427,0.0084,0.0435,0.079,0.8736,3.0747,0.060,1.4597,0.5790,136.679,2.158,0.0293,130.430,0.0667,0.0095,0.0131,1.3812,1,2.1254,1.7946,nan,2.0920,1.8441,0.0730,0.2666,0.8000,0.0901,0.0834,0.5926,27.9566,0.0800,-1.9376,0.2174
35.500,128.668,2.1934,3.7981,136.682,2.2954,3.6900,136.822,-0.1484,0.0087,0.1486,0.140,0.8736,3.0747,0.060,1.4225,0.6138,136.761,2.222,0.1118,130.589,0.0391,0.0163,0.0286,1.7579,1,2.4230,2.6209,nan,1.9247,1.9706,0.0780,0.5390,0.8000,0.0951,0.0143,0.6714,28.0565,0.0266,-1.7775,0.2174
35.550,128.796,2.0989,3.8851,138.836,2.1375,3.8275,138.155,-0.0670,0.0179,0.0694,-0.681,0.8862,3.0431,1.069,1.2657,0.7609,137.086,2.119,0.8753,130.714,0.0475,0.0135,0.0186,1.3786,1,2.5639,2.6209,nan,1.7736,1.7552,0.0695,0.6345,0.8000,0.0857,-0.1313,0.8427,28.2561,-0.0800,-1.7775,0.2174
35.600,128.920,2.0035,3.9643,141.840,2.0731,3.8703,142.860,-0.1128,0.0308,0.1170,1.020,0.8862,3.0431,1.069,1.2021,0.8050,141.791,1.856,0.9452,130.830,0.0016,0.0227,0.0401,1.7687,1,2.1941,1.9885,nan,1.8477,1.9558,0.0775,0.6455,0.8000,0.1140,0.0052,0.8427,28.2561,0.0626,-7.2324,0.2174
35.651,128.920,2.0035,3.9643,141.840,2.0731,3.8703,142.860,-0.1128,0.0308,0.1170,1.020,0.8862,3.0431,1.069,1.2021,0.8050,141.791,1.856,0.9452,130.883,0.0016,0.0227,0.0401,1.7687,1,2.0002,1.9748,nan,1.7736,1.8637,0.0738,0.7404,0.8000,0.1152,-0.0316,0.9328,28.3560,0.0800,-3.9993,0.2174
35.700,129.030,1.9151,4.0287,146.862,1.9649,3.9430,145.973,-0.0885,0.0446,0.0991,-0.889,0.8761,3.0535,0.628,1.0984,0.8775,145.346,1.714,1.7904,130.939,0.0181,0.0144,0.0337,2.3351,1,1.7517,1.6980,nan,1.7736,1.7903,0.0709,0.7006,0.8000,0.1274,0.0080,1.0369,28.4558,0.0097,0.8105,0.2174
35.750,129.145,1.8146,4.0860,153.801,1.8772,3.9896,153.566,-0.0987,0.0589,0.1150,-0.235,0.8638,3.0730,0.005,1.0135,0.9165,153.561,1.766,1.9188,131.062,0.0112,0.0353,0.0527,1.4929,1,1.8740,1.9156,nan,1.7661,1.7665,0.0700,0.6450,0.8000,0.1336,0.1049,1.0369,28.4558,0.0800,-1.7158,0.2174
35.800,129.239,1.7283,4.1228,160.133,1.7445,4.0627,160.309,-0.0356,0.0510,0.0622,0.176,0.8467,3.1003,-0.427,0.8906,0.9691,160.736,1.721,2.0709,131.160,0.0379,0.0133,0.0286,2.1533,1,1.8969,1.9156,nan,1.7661,1.8614,0.0737,0.8418,0.8000,0.1118,-0.0329,1.2721,28.6555,0.0800,-1.7158,0.2174
35.850,129.368,1.6043,4.1574,168.559,1.6614,4.0789,167.762,-0.0715,0.0656,0.0970,-0.796,0.8467,3.1003,-0.427,0.8073,0.9847,168.189,1.677,2.0038,131.294,0.0147,0.0133,0.0427,3.2097,1,1.6336,1.5702,nan,1.7661,1.8668,0.0739,0.8287,0.8000,0.0983,-0.0704,1.3987,28.7554,0.0583,-1.0074,0.2174
35.900,129.368,1.6043,4.1574,168.559,1.6485,4.0962,167.138,-0.0555,0.0512,0.0755,-1.420,0.8233,3.1265,-1.051,0.8073,0.9847,168.189,1.677,2.0038,131.294,0.0147,0.0133,0.0357,2.6834,1,1.8580,1.9500,nan,1.8902,1.9147,0.0758,0.9255,0.8000,0.0638,-0.2706,1.5094,28.9551,0.0142,-0.9565,0.2174
35.950,129.456,1.5174,4.1700,175.251,1.5106,4.1158,174.704,0.0023,0.0546,0.0547,-0.547,0.8337,3.1289,-0.992,0.6598,0.9984,175.695,1.644,2.2851,131.390,0.0590,0.0143,0.0312,2.1881,1,1.6245,1.5789,nan,1.8178,1.9445,0.0770,0.8969,0.8000,0.0620,-0.1550,1.5094,28.9551,0.0800,-0.0861,0.2174
36.000,129.580,1.3927,4.1696,-174.886,1.4266,4.1106,-176.812,-0.0285,0.0618,0.0681,-1.926,0.8324,3.1342,-1.340,0.5713,0.9900,-175.471,1.639,2.3400,131.529,0.0301,0.0147,0.0340,2.3083,1,1.5736,1.5789,nan,1.8902,1.8936,0.0750,0.8532,0.8000,0.0470,-0.1891,1.5114,29.0549,0.0800,-0.0861,0.2174
36.050,129.685,1.2900,4.1523,-165.748,1.3034,4.0881,-168.355,0.0028,0.0656,0.0656,-2.607,0.8486,3.1388,-1.314,0.4329,0.9594,-167.042,1.640,2.3629,131.648,0.0666,0.0399,0.0371,0.9304,1,1.8303,1.9500,nan,1.9647,1.9788,0.0784,0.8881,0.8000,0.0195,-0.2093,1.4257,29.1548,0.0081,-1.2686,0.2174
36.101,129.685,1.2900,4.1523,-165.748,1.3034,4.0881,-168.355,0.0028,0.0656,0.0656,-2.607,0.8486,3.1388,-1.314,0.4329,0.9594,-167.042,1.640,2.3629,131.648,0.0666,0.0399,0.0371,0.9304,1,1.9876,2.0432,nan,2.1215,1.9917,0.0789,0.8436,0.8000,0.0057,-0.2014,1.2804,29.2546,-0.0752,0.6730,0.2174
36.150,129.785,1.1949,4.1207,-157.558,1.1805,4.0432,-157.913,0.0428,0.0661,0.0788,-0.355,0.8600,3.1511,-1.679,0.2943,0.9011,-156.234,1.647,2.4151,131.761,0.1177,0.0136,0.0387,2.8448,1,1.6996,1.6219,nan,2.1215,2.1735,0.0861,0.7831,0.8000,0.0105,-0.2420,1.1632,29.3545,0.0301,-0.8001,0.2174
36.200,129.893,1.0987,4.0717,-148.362,1.1228,4.0030,-149.727,0.0155,0.0711,0.0728,-1.365,0.8723,3.1542,-1.483,0.2284,0.8550,-148.244,1.679,2.4190,131.885,0.0913,0.0406,0.0300,0.7383,1,1.6210,1.6219,nan,2.2013,2.2945,0.0909,0.7144,0.8000,-0.0040,-0.1094,1.1632,29.3545,0.0800,-0.8001,0.2174
36.250,130.007,1.0067,4.0043,-139.179,1.0226,3.9326,-140.836,0.0348,0.0647,0.0735,-1.657,0.8805,3.1668,-1.406,0.1233,0.7690,-139.430,1.736,2.2917,132.016,0.1134,0.0239,0.0223,0.9359,1,1.7931,1.8532,nan,2.2827,2.3452,0.0929,0.6750,0.8000,-0.0163,-0.1960,0.9496,29.5541,0.0362,2.1681,0.2174
36.300,130.007,1.0067,4.0043,-139.179,1.0226,3.9326,-140.836,0.0348,0.0647,0.0735,-1.657,0.8805,3.1668,-1.406,0.1233,0.7690,-139.430,1.736,2.2917,132.016,0.1134,0.0239,0.0223,0.9359,1,1.9735,2.0395,nan,2.4499,2.4862,0.0985,0.6335,0.8261,-0.0298,-0.1717,0.8607,29.6540,0.0210,5.9743,0.2174
36.350,130.141,0.9119,3.9086,-130.112,0.9274,3.8291,-131.735,0.0508,0.0630,0.0809,-1.623,0.8870,3.1746,-1.483,0.0234,0.6554,-130.252,1.968,2.1749,132.175,0.1297,0.0177,0.0229,1.2935,1,2.2246,2.3457,nan,2.5356,2.4290,0.0962,0.5324,0.9663,-0.0530,-0.1466,0.7754,29.7538,-0.0617,1.8321,0.2174
36.400,130.269,0.8365,3.8056,-122.120,0.8316,3.6983,-122.812,0.0935,0.0529,0.1074,-0.692,0.9055,3.1908,-1.571,-0.0878,0.5053,-121.241,2.085,2.1560,132.319,0.1886,0.0378,0.0360,0.9523,1,2.3103,2.3457,nan,2.7134,2.6583,0.1053,0.4480,1.0388,-0.0697,-0.1116,0.6982,29.8537,-0.0319,1.8321,0.2197
36.450,130.424,0.7644,3.6682,-113.188,0.7850,3.5914,-115.297,0.0625,0.0492,0.0795,-2.109,0.9055,3.1908,-1.571,-0.1315,0.3972,-113.726,2.249,1.7786,132.493,0.1479,0.0307,0.0123,0.4015,1,2.0734,2.0304,nan,2.7134,2.8138,0.1114,0.3667,0.9667,-0.0483,-0.0869,0.6202,29.9535,0.0581,2.1762,0.2197
36.500,130.424,0.7644,3.6682,-113.188,0.7852,3.5914,-115.416,0.0624,0.0493,0.0795,-2.227,0.9049,3.1906,-1.690,-0.1315,0.3972,-113.726,2.249,1.7786,132.493,0.1479,0.0307,0.0151,0.4936,1,2.3712,2.5782,nan,2.8975,2.8902,0.1145,0.2978,1.1423,-0.0569,-0.0644,0.5523,30.0534,-0.0043,5.0085,0.2197
36.550,130.595,0.7066,3.5073,-106.366,0.7169,3.3991,-108.003,0.1010,0.0403,0.1087,-1.637,0.9052,3.1979,-1.664,-0.1941,0.1956,-106.339,2.483,1.4429,132.678,0.1834,0.0228,0.0216,0.9462,1,2.6295,2.7706,nan,3.0850,2.9761,0.1179,0.2180,1.3606,-0.0742,-0.0968,0.4113,30.2531,-0.0631,3.9121,0.2197
36.601,130.760,0.6676,3.3473,-101.021,0.6676,3.2084,-101.391,0.1363,0.0265,0.1389,-0.370,0.9132,3.2200,-1.195,-0.2453,-0.0167,-100.196,2.650,1.2516,132.852,0.2346,0.0201,0.0227,1.1287,1,2.7279,2.7706,nan,3.2690,3.2009,0.1268,0.1623,1.4620,-0.0866,-0.0621,0.3454,30.3529,-0.0395,3.9121,0.2197
36.650,130.760,0.6676,3.3473,-101.021,0.6676,3.2084,-101.391,0.1363,0.0265,0.1389,-0.370,0.9132,3.2200,-1.195,-0.2453,-0.0167,-100.196,2.650,1.2516,132.852,0.2346,0.0201,0.0227,1.1287,1,2.4196,2.3296,nan,3.1781,3.2507,0.1287,0.1280,1.3466,-0.0804,-0.0462,0.2774,30.4527,0.0421,2.8554,0.2197
36.700,130.961,0.6382,3.1483,-95.706,0.6466,3.0767,-96.828,0.0704,0.0155,0.0721,-1.122,0.9116,3.2184,-0.842,-0.2628,-0.1455,-95.985,2.787,1.0533,133.061,0.1690,0.0215,0.0252,1.1729,1,2.7247,2.9843,nan,3.3568,3.2901,0.1303,0.0703,1.6410,-0.0913,-0.0305,0.1431,30.6524,-0.0386,5.4284,0.2197
36.750,131.154,0.6240,2.9554,-92.840,0.6257,2.8353,-92.174,0.1199,0.0076,0.1201,0.666,0.9115,3.2263,-0.598,-0.2818,-0.3940,-91.577,3.027,0.6618,133.265,0.2183,0.0190,0.0200,1.0504,1,2.9055,2.9843,nan,3.6033,3.5705,0.1414,0.0200,1.8198,-0.0935,0.0109,0.0803,30.7523,-0.0189,5.4284,0.2197
36.800,131.381,0.6179,2.7291,-90.405,0.6207,2.6194,-90.706,0.1097,0.0036,0.1097,-0.301,0.9115,3.2263,-0.598,-0.2845,-0.6099,-90.109,3.185,0.2640,133.499,0.2076,0.0193,0.0201,1.0413,1,2.9599,2.9939,nan,3.6803,3.6579,0.1449,0.0235,1.9148,-0.0976,-0.0046,-0.0050,30.9520,-0.0130,3.0131,0.2197
36.850,131.381,0.6179,2.7291,-90.405,0.6213,2.6283,-90.569,0.1008,0.0041,0.1009,-0.164,0.9107,3.2359,-0.461,-0.2845,-0.6099,-90.109,3.185,0.2640,133.499,0.2076,0.0193,0.0176,0.9108,1,3.1785,3.2847,nan,3.8278,3.7561,0.1488,0.0178,2.0562,-0.0979,-0.0097,-0.0092,31.0518,-0.0416,4.5779,0.2197
36.900,131.606,0.6175,2.5042,-89.983,0.6225,2.3924,-89.681,0.1118,0.0050,0.1119,0.302,0.9070,3.2401,-0.287,-0.2802,-0.8491,-89.394,3.394,0.1153,133.735,0.2180,0.0217,0.0152,0.7040,1,3.4029,3.5249,nan,4.0342,3.9586,0.1568,0.0186,2.2014,-0.1030,-0.0155,-0.0132,31.2515,-0.0424,3.0998,0.2197
36.950,131.831,0.6185,2.2788,-89.530,0.6223,2.1197,-89.466,0.1592,0.0025,0.1592,0.064,0.9007,3.2335,0.050,-0.2794,-1.1136,-89.516,3.526,0.1023,133.967,0.2537,0.0213,0.0202,0.9483,1,3.4801,3.5249,nan,4.0996,4.0250,0.1594,0.0115,2.2513,-0.1046,-0.0032,-0.0192,31.4512,-0.0412,3.0998,0.2197
37.000,131.831,0.6185,2.2788,-89.530,0.6223,2.1197,-89.466,0.1592,0.0025,0.1592,0.064,0.9007,3.2335,0.050,-0.2794,-1.1136,-89.516,3.526,0.1023,133.967,0.2537,0.0213,0.0202,0.9483,1,3.3015,3.2955,nan,4.2256,4.3261,0.1713,0.0044,2.1358,-0.1014,0.0116,-0.0263,31.6509,0.0800,2.5078,0.2197
37.050,132.104,0.6219,2.0056,-89.112,0.6284,1.8764,-88.452,0.1293,0.0045,0.1294,0.660,0.8890,3.2245,0.636,-0.2756,-1.3452,-89.088,3.664,0.0652,134.248,0.2157,0.0202,0.0127,0.6256,1,3.5690,3.7518,nan,4.3459,4.4110,0.1747,-0.0025,2.3088,-0.0977,0.0189,-0.0302,31.8506,0.0354,3.9565,0.2197
37.100,132.383,0.6269,1.7266,-88.855,0.6412,1.5546,-88.053,0.1722,0.0108,0.1725,0.802,0.8877,3.2254,0.771,-0.2690,-1.6673,-88.824,3.870,0.0278,134.539,0.2543,0.0189,0.0093,0.4943,1,3.6907,3.7518,nan,4.5168,4.6287,0.1833,-0.0139,2.3887,-0.0859,0.0380,-0.0294,32.0503,0.0593,3.9565,0.2197
37.150,132.663,0.6328,1.4468,-88.855,0.6412,1.5546,-88.053,-0.1077,0.0105,0.1082,0.802,0.8877,3.2254,0.771,-0.2690,-1.6673,-88.824,3.870,0.0278,134.833,0.1109,0.0172,0.0093,0.5423,1,3.7600,3.8055,nan,4.6250,4.7749,0.1891,-0.0189,2.4377,-0.0743,0.0445,-0.0269,32.2500,0.0784,4.8721,0.2197
37.200,132.663,0.6328,1.4468,-88.759,0.6455,1.3124,-88.471,0.1346,0.0098,0.1350,0.288,0.8992,3.2369,0.278,-0.2631,-1.9232,-88.749,4.090,0.0165,134.833,0.2324,0.0172,0.0046,0.2678,1,4.0558,4.4220,nan,4.8176,4.9020,0.1941,-0.0174,2.5960,-0.0704,0.0435,-0.0253,32.5495,0.0415,3.2922,0.2197
37.250,132.951,0.6384,1.1588,-89.113,0.6535,0.9986,-88.820,0.1604,0.0127,0.1609,0.292,0.9144,3.2342,-0.120,-0.2562,-2.2362,-88.701,4.348,-0.1199,135.139,0.2548,0.0155,0.0033,0.2149,1,4.2980,4.9506,nan,5.0164,5.0759,0.2010,-0.0124,2.6005,-0.0638,0.0314,-0.0215,32.7492,0.0279,4.0017,0.2197
37.300,133.222,0.6418,0.8877,-89.564,0.6576,0.5657,-90.293,0.3222,0.0134,0.3224,-0.728,0.9410,3.2135,-0.649,-0.2534,-2.6508,-89.644,4.527,-0.1216,135.423,0.3920,0.0139,0.0111,0.7940,1,4.5848,4.9506,nan,5.2627,5.2151,0.2065,-0.0082,2.6074,-0.0599,0.0245,-0.0169,33.0487,-0.0207,4.0017,0.2197
37.350,133.222,0.6418,0.8877,-89.564,0.6576,0.5657,-90.293,0.3222,0.0134,0.3224,-0.728,0.9410,3.2135,-0.649,-0.2534,-2.6508,-89.644,4.527,-0.1216,135.423,0.3920,0.0139,0.0111,0.7940,1,4.1899,3.6923,nan,5.2627,5.4285,0.2150,-0.0016,2.6074,-0.0603,0.0123,-0.0182,33.1486,0.0761,3.2075,0.2197
37.400,133.597,0.6431,0.5131,-90.083,0.6526,0.4229,-90.975,0.0902,0.0096,0.0907,-0.892,0.9524,3.2272,-0.926,-0.2545,-2.8088,-90.049,4.726,-0.0638,135.813,0.1904,0.0125,0.0187,1.4924,1,4.3592,5.6350,nan,5.4904,5.5997,0.2218,-0.0026,2.6090,-0.0554,0.0167,-0.0178,33.5479,0.0800,4.3747,0.2197
37.450,133.907,0.6421,0.2034,-90.294,0.6491,-0.0673,-91.513,0.2707,0.0084,0.2708,-1.219,0.9754,3.2127,-1.207,-0.2571,-3.2862,-90.306,4.939,-0.0230,136.140,0.3458,0.0126,0.0261,2.0677,1,4.5336,5.5087,nan,5.5981,5.7735,0.2287,0.0010,2.6127,-0.0569,0.0115,-0.0156,33.7476,0.0800,4.3747,0.2197
37.500,134.204,0.6404,-0.0938,-90.359,0.6519,-0.4319,-90.548,0.3380,0.0136,0.3383,-0.189,0.9223,3.1723,-0.172,-0.2596,-3.6050,-90.376,5.116,-0.0200,136.453,0.3668,0.0126,0.0057,0.4485,1,4.8070,5.3897,nan,5.8023,5.9567,0.2359,0.0007,2.6172,-0.0483,0.0120,-0.0091,34.0472,0.0639,4.0360,0.2197
37.550,134.543,0.6381,-0.4329,-90.424,0.6489,-0.7290,-90.603,0.2960,0.0130,0.2963,-0.180,0.9223,3.1723,-0.172,-0.2616,-3.9021,-90.431,5.314,0.0018,136.810,0.3265,0.0126,0.0087,0.6881,1,4.9405,5.0509,nan,5.9467,6.1242,0.2425,-0.0117,2.6149,-0.0219,0.0324,-0.0105,34.3467,0.0720,3.7944,0.2197
37.600,134.543,0.6381,-0.4329,-90.424,0.6495,-0.7479,-90.530,0.3149,0.0137,0.3152,-0.106,0.9178,3.1538,-0.099,-0.2616,-3.9021,-90.431,5.314,0.0018,136.810,0.3265,0.0126,0.0047,0.3705,1,5.2205,5.6676,nan,6.1285,6.2504,0.2475,-0.0148,2.6144,-0.0083,0.0374,-0.0050,34.7461,0.0473,5.0386,0.2197
37.650,134.864,0.6357,-0.7538,-90.407,0.6506,-1.1358,-90.126,0.3819,0.0176,0.3823,0.281,0.8933,3.1507,0.291,-0.2646,-4.2852,-90.417,5.540,-0.0343,137.152,0.3863,0.0126,0.0033,0.2599,1,5.4305,5.6529,nan,6.2575,6.3322,0.2508,-0.0192,2.6144,0.0102,0.0426,-0.0041,35.0456,0.0281,4.1880,0.2197
37.700,135.220,0.6323,-1.1100,-90.765,0.6474,-1.5810,-90.196,0.4708,0.0214,0.4713,0.569,0.8866,3.1057,0.350,-0.2678,-4.6851,-90.547,5.745,-0.1209,137.529,0.4287,0.0130,0.0060,0.4586,1,5.5340,5.6529,nan,6.4205,6.5496,0.2594,-0.0194,2.6144,0.0223,0.0413,-0.0015,35.2453,0.0478,4.1880,0.2197
37.750,135.653,0.6247,-1.5427,-91.355,0.6415,-1.9155,-90.888,0.3723,0.0256,0.3732,0.467,0.8866,3.1057,0.350,-0.2758,-5.0196,-91.238,5.942,-0.1698,137.983,0.3340,0.0137,0.0060,0.4386,1,5.3161,5.2925,nan,6.4595,6.4958,0.2573,-0.0120,2.6144,0.0251,0.0270,0.0006,35.5448,0.0800,3.4206,0.2197
37.800,135.653,0.6247,-1.5427,-91.355,0.6400,-1.8963,-90.654,0.3531,0.0236,0.3539,0.702,0.8646,3.1258,0.585,-0.2758,-5.0196,-91.238,5.942,-0.1698,137.983,0.3340,0.0137,0.0077,0.5644,1,5.4726,6.7153,nan,6.6829,6.6392,0.2629,-0.0075,2.6144,0.0317,0.0171,0.0056,35.9442,0.0800,3.9667,0.2197
37.850,136.108,0.6114,-1.9971,-92.080,0.6412,-2.4592,-89.605,0.4607,0.0466,0.4630,2.475,0.7004,3.1183,2.411,-0.2937,-5.5701,-92.016,6.147,-0.1209,138.461,0.4278,0.0139,0.0351,2.5221,1,5.6247,7.0418,nan,6.7874,6.7770,0.2684,-0.0038,2.6144,0.0369,0.0085,0.0130,36.3436,0.0800,1.4748,0.2197
37.900,136.485,0.5966,-2.3741,-92.478,0.6395,-2.9414,-90.257,0.5649,0.0673,0.5689,2.221,0.7086,3.1519,2.310,-0.3147,-6.0856,-92.567,6.222,-0.0880,138.849,0.5643,0.0128,0.0468,3.6596,1,5.7833,7.0418,nan,6.9207,6.9228,0.2742,-0.0224,2.6144,0.0797,0.0306,0.0143,36.7430,0.0800,1.4748,0.2197
37.950,136.485,0.5966,-2.3741,-92.478,0.6395,-2.9414,-90.257,0.5649,0.0673,0.5689,2.221,0.7086,3.1519,2.310,-0.3147,-6.0856,-92.567,6.222,-0.0880,138.849,0.5643,0.0128,0.0468,3.6596,1,5.5794,5.5612,nan,6.9528,6.6960,0.2652,-0.0194,2.6144,0.0797,0.0266,0.0117,36.8428,0.0800,2.1434,0.2197
38.000,136.969,0.5744,-2.8577,-92.860,0.6178,-3.2567,-90.913,0.3963,0.0632,0.4013,1.947,0.7298,3.1523,1.948,-0.3298,-6.4014,-92.861,6.351,-0.1856,139.351,0.3992,0.0128,0.0459,3.5836,1,5.8359,6.6463,nan,7.0776,6.9499,0.2752,-0.0064,2.6144,0.0630,0.0034,0.0146,37.2422,0.0800,3.2926,0.2197
38.050,137.407,0.5499,-3.2952,-93.696,0.5990,-3.7747,-91.177,0.4753,0.0799,0.4820,2.519,0.6655,3.1820,2.431,-0.3615,-6.9475,-93.608,6.516,-0.2211,139.811,0.5064,0.0224,0.0501,2.2339,1,6.1031,6.6463,nan,7.1961,7.2239,0.2861,-0.0010,2.6184,0.0623,-0.0092,0.0096,37.5417,0.0800,3.2926,0.2197
38.100,137.843,0.5194,-3.7303,-94.438,0.5659,-4.1526,-92.515,0.4174,0.0791,0.4249,1.923,0.7096,3.1748,1.915,-0.3884,-7.3185,-94.430,6.502,-0.1602,140.251,0.4432,0.0166,0.0461,2.7713,1,6.2964,6.5654,nan,7.2812,7.4123,0.2936,0.0046,2.6184,0.0536,-0.0196,0.0106,37.9411,0.0800,1.7253,0.2197
38.150,138.220,0.4899,-4.1059,-94.520,0.5389,-4.6615,-93.063,0.5500,0.0926,0.5577,1.457,0.7096,3.1748,1.915,-0.4325,-7.8262,-94.978,6.699,0.0142,140.653,0.5751,0.0249,0.0417,1.6729,1,6.5023,7.6359,nan,7.4065,7.6133,0.3015,0.0196,2.6184,0.0139,-0.0374,0.0114,38.3405,0.0800,-0.1749,0.2197
38.200,138.220,0.4899,-4.1059,-94.520,0.5290,-4.6613,-93.529,0.5506,0.0828,0.5568,0.990,0.7635,3.1733,1.448,-0.4325,-7.8262,-94.978,6.699,0.0142,140.653,0.5751,0.0249,0.0251,1.0075,1,6.6387,6.8494,nan,7.4065,7.5844,0.3004,0.0197,2.6225,-0.0031,-0.0319,0.0049,38.6400,0.0575,4.0215,0.2197
38.250,138.594,0.4608,-4.4788,-94.365,0.4959,-5.0507,-92.808,0.5676,0.0786,0.5730,1.557,0.7180,3.1546,1.662,-0.4600,-8.1953,-94.470,6.883,0.0534,141.051,0.5711,0.0129,0.0416,3.2216,1,6.5191,6.5498,nan,7.4065,7.6033,0.3011,0.0192,2.6227,-0.0104,-0.0286,0.0060,38.9396,0.0800,2.6307,0.2197
38.300,139.091,0.4255,-4.9748,-93.540,0.4633,-5.4501,-93.001,0.4721,0.0670,0.4768,0.539,0.7769,3.1536,1.167,-0.4888,-8.5955,-94.168,7.098,0.2191,141.578,0.4763,0.0149,0.0230,1.5420,1,6.4810,6.5498,nan,7.4065,7.4414,0.2947,0.0202,2.6227,-0.0312,-0.0253,0.0095,39.3390,0.0800,2.6307,0.2197
38.351,139.542,0.4001,-5.4245,-92.739,0.4495,-6.1073,-92.192,0.6797,0.0820,0.6846,0.547,0.8940,3.1726,0.474,-0.5212,-9.2759,-92.666,7.192,0.2138,142.045,0.7036,0.0129,0.0405,3.1370,1,6.6189,8.2399,nan,7.4065,7.1484,0.2831,0.0131,2.6246,-0.0459,-0.0040,0.0078,39.8382,0.0800,1.9156,0.2197
38.400,139.542,0.4001,-5.4245,-92.739,0.4495,-6.1073,-92.192,0.6797,0.0820,0.6846,0.547,0.8940,3.1726,0.474,-0.5212,-9.2759,-92.666,7.192,0.2138,142.045,0.7036,0.0129,0.0405,3.1370,1,6.6408,6.7486,nan,7.4065,7.1721,0.2840,0.0146,2.6246,-0.0436,-0.0081,0.0088,40.0379,0.0800,1.2935,0.2197
38.450,140.048,0.3789,-5.9299,-91.912,0.4278,-6.4038,-91.522,0.4720,0.0647,0.4764,0.390,0.8981,3.2386,0.363,-0.5313,-9.6392,-91.885,7.224,0.1533,142.562,0.5619,0.0123,0.0380,3.0919,1,6.8853,7.4045,nan,7.4065,7.4361,0.2945,0.0131,2.6263,-0.0444,-0.0055,0.0075,40.5371,0.0800,-2.5350,0.2213
38.500,140.548,0.3642,-6.4301,-91.337,0.4132,-6.9805,-90.586,0.5491,0.0618,0.5525,0.751,0.8434,3.2850,0.642,-0.5453,-10.2600,-91.229,7.088,0.1607,143.055,0.6804,0.0118,0.0446,3.7747,1,7.0729,7.4045,nan,7.4065,7.6387,0.3025,0.0144,2.6189,-0.0624,-0.0013,0.0027,40.8366,0.0800,-2.5350,0.2213
38.550,140.548,0.3642,-6.4301,-91.337,0.4132,-6.9805,-90.586,0.5491,0.0618,0.5525,0.751,0.8434,3.2850,0.642,-0.5453,-10.2600,-91.229,7.088,0.1607,143.055,0.6804,0.0118,0.0446,3.7747,1,6.6837,6.4183,nan,7.4065,7.2184,0.2859,0.0090,2.6124,-0.0611,0.0093,0.0054,41.0363,0.0800,-1.3166,0.2213
38.600,141.105,0.3542,-6.9868,-90.586,0.4005,-7.4005,-90.171,0.4132,0.0505,0.4162,0.415,0.8724,3.3043,0.417,-0.5498,-10.7011,-90.588,7.043,0.1566,143.616,0.5656,0.0123,0.0383,3.1124,1,6.7539,6.9028,nan,7.4065,7.2942,0.2889,0.0049,2.6124,-0.0531,0.0158,0.0013,41.3359,0.0800,2.9956,0.2213
38.650,141.654,0.3513,-7.5364,-89.919,0.4053,-7.9541,-89.499,0.4178,0.0534,0.4212,0.421,0.8724,3.3043,0.417,-0.5490,-11.2547,-89.915,7.196,0.1211,144.189,0.5689,0.0115,0.0447,3.8862,1,6.7843,6.9028,nan,7.4065,7.3270,0.2902,0.0061,2.6029,-0.0633,0.0180,0.0045,41.7352,0.0800,2.9956,0.2213
38.700,141.654,0.3513,-7.5364,-89.919,0.3967,-7.8465,-89.236,0.3102,0.0449,0.3134,0.683,0.8122,3.4139,0.679,-0.5490,-11.2547,-89.915,7.196,0.1211,144.449,0.5689,0.0115,0.0411,3.5668,1,7.0377,7.7170,nan,7.1799,7.2879,0.2886,0.0025,2.5944,-0.0580,0.0259,0.0022,42.0348,0.0355,-1.7724,0.2213
38.750,142.176,0.3536,-8.0578,-89.500,0.4106,-8.3004,-88.928,0.2431,0.0549,0.2492,0.572,0.8392,3.4998,0.557,-0.5434,-11.7955,-89.486,7.098,0.0862,144.708,0.5874,0.0127,0.0551,4.3383,1,7.2838,8.2951,nan,6.8194,6.7011,0.2654,0.0023,2.5910,-0.0464,0.0252,0.0044,42.4342,-0.0800,-0.2892,0.2213
38.800,142.601,0.3580,-8.4834,-89.275,0.4191,-8.8534,-88.104,0.3708,0.0564,0.3750,1.171,0.7268,3.5533,1.057,-0.5366,-12.3990,-89.162,7.088,0.0501,145.139,0.7631,0.0111,0.0660,5.9281,1,7.2460,7.3341,nan,6.4524,6.6663,0.2640,0.0015,2.5824,-0.0357,0.0279,0.0058,42.8335,-0.0800,-0.2892,0.2213
38.850,143.097,0.3649,-8.9789,-89.131,0.3821,-9.1459,-88.978,0.1673,0.0147,0.1679,0.153,0.8884,3.5152,0.117,-0.5321,-12.6601,-89.095,7.041,0.0239,145.637,0.5318,0.0102,0.0118,1.1480,1,6.8222,6.3602,nan,6.4524,6.2764,0.2486,-0.0018,2.5807,-0.0312,0.0344,0.0029,42.9334,-0.0800,-0.3074,0.2213
38.900,143.505,0.3713,-9.3871,-89.070,0.3923,-9.6984,-88.936,0.3116,0.0160,0.3120,0.134,0.8884,3.5152,0.117,-0.5231,-13.2125,-89.053,6.818,0.0205,146.027,0.6738,0.0099,0.0128,1.2938,1,7.0780,7.9455,nan,5.8855,5.9883,0.2372,0.0205,2.5672,-0.0763,0.0134,0.0120,0.1997,0.0414,-4.8928,0.2213
38.950,143.505,0.3713,-9.3871,-89.070,0.3839,-9.6939,-88.486,0.3070,0.0076,0.3070,0.584,0.7761,3.5232,0.567,-0.5231,-13.2125,-89.053,6.818,0.0205,146.027,0.6738,0.0099,0.0129,1.2973,1,6.8717,6.8532,nan,5.6912,5.8030,0.2298,0.0199,2.5662,-0.0766,0.0181,0.0117,0.4992,0.0467,-2.8827,0.2213
39.000,143.950,0.3784,-9.8318,-89.074,0.3816,-10.2312,-88.672,0.3994,-0.0032,0.3994,0.402,0.8233,3.4506,0.307,-0.5149,-13.6793,-88.979,6.470,0.1590,146.442,0.6955,0.0094,0.0115,1.2278,1,6.4767,5.3946,nan,5.5927,5.5610,0.2202,0.0178,2.5607,-0.0725,0.0231,0.0154,0.6989,0.0800,-6.3657,0.2213
39.050,144.366,0.3873,-10.2475,-88.306,0.3813,-10.4482,-87.783,0.2004,-0.0119,0.2008,0.522,0.7095,3.4400,0.753,-0.5105,-13.8827,-88.536,6.161,0.2018,146.833,0.4868,0.0077,0.0102,1.3198,1,6.0488,5.3946,nan,5.2915,5.0989,0.2019,0.0226,2.5510,-0.0839,0.0223,0.0205,0.9984,0.0800,-6.3657,0.2213
39.100,144.758,0.4008,-10.6391,-87.605,0.4071,-10.9274,-86.842,0.2883,-0.0057,0.2883,0.763,0.7095,3.4400,0.753,-0.4910,-14.3622,-87.595,5.870,0.2034,147.201,0.5722,0.0075,0.0127,1.6853,1,6.2777,6.6309,nan,4.8739,4.8160,0.1907,0.0159,2.5462,-0.0680,0.0381,0.0262,1.3978,-0.0271,-3.3408,0.2213
39.150,145.090,0.4162,-10.9714,-86.944,0.4259,-11.2499,-85.744,0.2786,-0.0052,0.2786,1.200,0.6095,3.4555,1.133,-0.4743,-14.6988,-86.877,5.424,0.1412,147.499,0.5763,0.0042,0.0142,3.3558,1,6.0548,6.0255,nan,4.5456,4.4076,0.1746,0.0101,2.3843,-0.0575,0.0471,0.0282,1.6974,-0.0676,-9.1700,0.2213
39.200,145.090,0.4162,-10.9714,-86.944,0.4131,-11.2383,-86.291,0.2663,-0.0174,0.2669,0.653,0.7369,3.4647,0.586,-0.4743,-14.6988,-86.877,5.424,0.1412,147.499,0.5763,0.0042,0.0074,1.7538,1,5.6708,4.7723,nan,4.5456,4.6907,0.1858,0.0177,2.2642,-0.0640,0.0383,0.0280,1.7972,0.0800,-8.0083,0.2213
39.250,145.384,0.4328,-11.2643,-86.522,0.4261,-11.4662,-85.861,0.2011,-0.0189,0.2020,0.661,0.7380,3.4628,0.564,-0.4589,-14.9252,-86.425,5.083,0.1258,147.768,0.5109,0.0054,0.0085,1.5784,1,5.3603,4.2074,nan,4.4325,4.3553,0.1725,0.0179,2.0517,-0.0565,0.0366,0.0333,1.9969,0.0800,-4.3971,0.2213
39.300,145.723,0.4542,-11.6025,-86.211,0.4414,-11.6708,-85.330,0.0673,-0.0172,0.0695,0.881,0.6924,3.4937,0.724,-0.4426,-15.1601,-86.054,4.648,0.0821,148.076,0.4109,0.0043,0.0103,2.4130,1,4.9878,4.2074,nan,4.2221,3.9802,0.1576,0.0192,1.8717,-0.0540,0.0361,0.0333,2.1966,0.0800,-4.3971,0.2213
39.350,145.723,0.4542,-11.6025,-86.211,0.4414,-11.6708,-85.330,0.0673,-0.0172,0.0695,0.881,0.6924,3.4937,0.724,-0.4426,-15.1601,-86.054,4.648,0.0821,148.245,0.4109,0.0043,0.0103,2.4130,1,4.8032,4.7978,nan,4.0270,3.7956,0.1503,0.0241,1.7108,-0.0479,0.0308,0.0346,2.3963,0.0800,-2.8579,0.2213
39.400,146.069,0.4785,-11.9480,-85.658,0.4669,-11.9877,-85.203,0.0387,-0.0146,0.0414,0.455,0.7042,3.5683,0.658,-0.4160,-15.5523,-85.861,4.501,0.1312,148.414,0.4559,0.0027,0.0068,2.5174,1,4.5703,4.5466,nan,3.8252,3.5627,0.1411,0.0187,1.5585,-0.0375,0.0354,0.0366,2.5960,0.0800,-7.7567,0.2213
39.450,146.382,0.5034,-12.2598,-85.115,0.4938,-12.2687,-84.684,0.0080,-0.0103,0.0130,0.432,0.7725,3.6189,0.389,-0.3865,-15.8853,-85.073,4.093,0.1511,148.702,0.4758,0.0032,0.0038,1.2069,1,4.5166,4.5466,nan,3.7216,3.5194,0.1394,0.0173,1.4061,-0.0313,0.0330,0.0423,2.7957,0.0800,-7.7567,0.2213
39.500,146.670,0.5293,-12.5470,-84.525,0.5135,-12.4516,-84.147,-0.0965,-0.0066,0.0967,0.378,0.7725,3.6189,0.389,-0.3680,-16.0684,-84.536,3.810,0.1018,148.973,0.3759,0.0018,0.0018,0.9943,1,4.1106,3.7329,nan,3.7216,3.1134,0.1233,0.0152,1.4061,-0.0293,0.0363,0.0423,2.7957,0.0800,-5.3952,0.2213
39.550,146.670,0.5293,-12.5470,-84.525,0.5095,-12.3841,-84.265,-0.1640,-0.0042,0.1641,0.261,0.8014,3.6858,0.272,-0.3680,-16.0684,-84.536,3.810,0.1018,148.973,0.3759,0.0018,0.0102,5.6282,1,4.0529,4.0774,nan,3.6157,3.1986,0.1267,0.0153,1.3196,-0.0206,0.0294,0.0429,2.9953,0.0800,-5.4976,0.2213
39.600,146.888,0.5507,-12.7635,-84.201,0.5398,-12.6474,-83.624,-0.1166,0.0009,0.1167,0.577,0.7260,3.6977,0.538,-0.3396,-16.3426,-84.162,3.571,0.0851,149.177,0.4304,0.0030,0.0109,3.6163,1,3.6621,3.2817,nan,3.5075,2.9336,0.1162,0.0074,1.2181,-0.0144,0.0328,0.0427,3.0952,0.0800,-8.0437,0.2213
39.650,147.120,0.5748,-12.9948,-83.895,0.5631,-12.8341,-82.990,-0.1610,0.0055,0.1611,0.905,0.6373,3.7029,0.850,-0.3193,-16.5341,-83.840,3.240,0.0750,149.392,0.3925,0.0011,0.0217,19.9395,1,3.3529,3.2817,nan,3.5075,3.6251,0.1436,0.0072,1.1786,-0.0095,0.0327,0.0462,3.1950,0.0680,-8.0437,0.2213
39.700,147.120,0.5748,-12.9948,-83.895,0.5631,-12.8341,-82.990,-0.1610,0.0055,0.1611,0.905,0.6373,3.7029,0.850,-0.3193,-16.5341,-83.840,3.240,0.0750,149.392,0.3925,0.0011,0.0217,19.9395,1,3.0374,2.9528,nan,3.3968,3.3574,0.1330,0.0014,1.1238,-0.0026,0.0359,0.0443,3.2949,0.0800,-1.4832,0.2213
39.750,147.361,0.6011,-13.2342,-83.597,0.5867,-12.9970,-82.484,-0.2373,0.0122,0.2377,1.114,0.5666,3.7346,1.087,-0.2973,-16.7289,-83.571,3.251,0.0355,149.634,0.3505,0.0015,0.0344,23.2472,1,3.1601,3.2157,nan,3.1665,3.1714,0.1256,0.0016,1.0511,0.0064,0.0307,0.0460,3.4946,0.0028,4.8161,0.2213
39.800,147.601,0.6282,-13.4724,-83.453,0.6112,-13.2090,-82.647,-0.2637,0.0131,0.2640,0.806,0.6400,3.7453,0.820,-0.2715,-16.9521,-83.467,3.445,0.0159,149.884,0.3365,0.0030,0.0271,9.0954,1,3.4058,3.5474,nan,2.9271,2.7177,0.1076,0.0284,1.1212,0.0114,0.0276,0.0521,3.5944,0.0800,4.8161,0.2213
39.850,147.834,0.6549,-13.7046,-83.423,0.6550,-13.5439,-82.563,-0.1596,0.0185,0.1607,0.860,0.6400,3.7453,0.820,-0.2325,-17.2877,-83.383,3.321,0.0097,150.111,0.4337,0.0052,0.0184,3.5429,1,3.6798,3.8824,nan,2.5814,2.4953,0.0988,0.1364,1.2114,0.0098,0.0075,0.0520,3.8939,-0.0499,-2.2543,0.2213
39.900,147.834,0.6549,-13.7046,-83.423,0.6504,-13.5342,-82.432,-0.1698,0.0150,0.1704,0.991,0.5958,3.7550,0.951,-0.2325,-17.2877,-83.383,3.321,0.0097,150.111,0.4337,0.0052,0.0194,3.7281,1,3.2871,3.0168,nan,2.5814,2.6298,0.1042,0.1317,1.0821,0.0073,0.0039,0.0550,3.9938,0.0800,-3.0902,0.2213
39.950,148.074,0.6824,-13.9426,-83.332,0.6663,-13.6450,-82.570,-0.2974,0.0186,0.2980,0.761,0.6361,3.7685,0.817,-0.2181,-17.4122,-83.387,3.118,0.2169,150.338,0.3271,0.0071,0.0454,6.4029,1,3.4685,3.5557,nan,2.3679,2.2482,0.0890,0.1908,1.0037,0.0109,0.0062,0.0799,4.1935,-0.0693,-7.9762,0.2213
40.000,148.245,0.7044,-14.1117,-81.473,0.7001,-13.9186,-81.430,-0.1916,0.0244,0.1931,0.043,0.5703,3.7803,1.011,-0.1824,-17.6984,-82.441,2.705,0.5627,150.487,0.4371,0.0086,0.0230,2.6839,1,3.5177,3.5557,nan,2.1685,2.2963,0.0909,0.2851,0.8861,0.0120,0.0046,0.1601,4.2933,-0.0800,-7.9762,0.2213
40.050,148.443,0.7375,-14.3070,-79.057,0.7147,-13.9514,-78.315,-0.3534,0.0451,0.3563,0.742,0.5703,3.7803,1.011,-0.1684,-17.7315,-79.326,2.543,0.7557,150.678,0.2864,0.0101,0.0653,6.4548,1,3.2421,2.1062,nan,2.2667,2.2104,0.0875,0.1998,1.0037,0.0264,0.0730,0.1601,4.2933,-0.0326,-2.5806,0.2213
40.100,148.443,0.7375,-14.3070,-79.057,0.7147,-13.9514,-78.315,-0.3534,0.0451,0.3563,0.742,0.5703,3.7803,1.011,-0.1684,-17.7315,-79.326,2.543,0.7557,150.678,0.2864,0.0101,0.0653,6.4548,1,2.9472,2.8792,nan,2.1685,2.1786,0.0863,0.2025,0.8861,0.0448,0.0736,0.3414,4.4930,0.0058,-6.1040,0.2213
40.150,148.587,0.7689,-14.4483,-75.590,0.7706,-14.1892,-75.251,-0.2505,0.0661,0.2591,0.339,0.5210,3.7616,1.174,-0.1183,-17.9521,-76.425,2.324,0.7697,150.815,0.3563,0.0046,0.0551,11.8562,1,2.5653,2.2809,nan,2.1685,2.1483,0.0851,0.2093,0.8445,0.0611,0.0920,0.4280,4.5929,0.0800,-2.5812,0.2213
40.200,148.725,0.8062,-14.5811,-73.115,0.8102,-14.3115,-72.070,-0.2568,0.0821,0.2696,1.044,0.7318,3.7528,0.497,-0.0783,-18.0643,-72.567,2.214,0.6989,150.949,0.3357,0.0098,0.0647,6.6104,1,2.3226,2.2809,nan,2.0740,1.9598,0.0776,0.2730,0.8000,0.0725,0.0832,0.5194,4.6927,0.0800,-2.5812,0.2213
40.250,148.886,0.8566,-14.7334,-70.145,0.8461,-14.4076,-70.033,-0.3100,0.1008,0.3259,0.112,0.7318,3.7528,0.497,-0.0433,-18.1607,-70.530,2.097,0.8663,151.106,0.2869,0.0091,0.0844,9.2467,1,2.0298,1.9483,nan,2.0740,2.1075,0.0835,0.3122,0.8000,0.0726,0.0925,0.5194,4.6927,0.0194,-1.9377,0.2213
40.300,148.886,0.8566,-14.7334,-70.145,0.8461,-14.4076,-70.033,-0.3100,0.1008,0.3259,0.112,0.7318,3.7528,0.497,-0.0433,-18.1607,-70.530,2.097,0.8663,151.106,0.2869,0.0091,0.0844,9.2467,1,2.3022,2.4527,nan,1.8153,1.8898,0.0748,0.5142,0.8000,0.0841,0.0282,0.7102,4.8924,0.0431,-4.4867,0.2213
40.350,149.013,0.9030,-14.8518,-67.006,0.9200,-14.6023,-66.435,-0.2231,0.1131,0.2501,0.571,0.7680,3.7396,0.377,0.0314,-18.3424,-66.812,1.982,0.9557,151.230,0.3400,0.0059,0.0801,13.6391,1,1.9724,1.8453,nan,1.8153,1.7515,0.0694,0.5553,0.8000,0.0928,-0.0003,0.8106,4.9922,0.0800,0.9840,0.2213
40.400,149.156,0.9633,-14.9812,-62.984,0.9707,-14.6949,-62.271,-0.2517,0.1367,0.2864,0.712,0.7680,3.7396,0.377,0.0815,-18.4354,-62.648,1.992,1.1103,151.373,0.3070,0.0071,0.1083,15.3579,1,1.8506,1.8453,nan,1.7842,1.6699,0.0661,0.6780,0.8000,0.0853,-0.0411,0.9210,5.0921,0.0800,0.9840,0.2213
40.452,149.297,1.0340,-15.1038,-56.723,1.0329,-14.7948,-58.387,-0.2589,0.1686,0.3090,-1.664,0.7680,3.7396,0.377,0.1430,-18.5357,-58.764,1.807,1.5593,151.512,0.2883,0.0919,0.1064,1.1578,1,1.8063,1.8144,nan,1.7767,1.6686,0.0661,0.7613,0.8000,0.0886,-0.0808,1.0357,5.1919,0.0800,-4.4123,0.2224
40.500,149.297,1.0340,-15.1038,-56.723,1.0385,-14.8691,-58.281,-0.1937,0.1326,0.2348,-1.558,0.7393,3.6648,0.483,0.1430,-18.5357,-58.764,1.807,1.5593,151.512,0.2883,0.0067,0.0962,14.3375,1,2.0164,2.1003,nan,1.7738,1.9024,0.0753,0.8403,0.8000,0.0937,-0.0609,1.1698,5.2918,0.0744,-5.7721,0.2224
40.550,149.405,1.0978,-15.1903,-50.248,1.1308,-15.0537,-51.413,-0.0839,0.1127,0.1405,-1.165,0.9304,3.5965,-0.108,0.2356,-18.6498,-51.305,1.602,1.8457,151.618,0.3075,0.0147,0.0468,3.1868,1,1.7930,1.7537,nan,1.7738,1.8494,0.0732,0.8961,0.8000,0.0431,-0.0644,1.3098,5.3916,0.0800,-2.4781,0.2224
40.600,149.500,1.1630,-15.2598,-43.488,1.1956,-15.1784,-43.364,-0.0324,0.0815,0.0876,0.124,0.8767,3.5353,0.054,0.3012,-18.7140,-43.418,1.553,2.0332,151.718,0.3023,0.0054,0.0288,5.3447,1,1.7463,1.7537,nan,1.7654,1.7799,0.0705,1.0000,0.8000,-0.0327,-0.2662,1.4934,5.5913,0.0084,-2.4781,0.2224
40.650,149.608,1.2464,-15.3279,-34.846,1.2644,-15.2261,-36.244,-0.0434,0.0938,0.1034,-1.398,0.8767,3.5353,0.054,0.3700,-18.7617,-36.298,1.588,2.3048,151.841,0.2859,0.0252,0.0351,1.3945,1,1.5762,1.5553,nan,1.8002,1.8962,0.0751,0.9733,0.8000,-0.0895,-0.1507,1.4934,5.5913,0.0800,0.4393,0.2224
40.700,149.693,1.3191,-15.3718,-27.119,1.3851,-15.3324,-27.472,0.0408,0.0652,0.0769,-0.353,1.0905,3.5119,-0.613,0.4961,-18.8400,-26.860,1.510,2.5637,151.936,0.3108,0.0042,0.0304,7.2754,1,1.8570,2.0073,nan,1.9505,2.0217,0.0801,1.0000,0.8000,-0.1489,-0.1566,1.4982,5.6912,0.0412,-2.3036,0.2224
40.750,149.693,1.3191,-15.3718,-27.119,1.3752,-15.3385,-27.516,0.0347,0.0552,0.0652,-0.397,1.0950,3.5060,-0.656,0.4961,-18.8400,-26.860,1.510,2.5637,151.936,0.3108,0.0042,0.0260,6.2262,1,1.6244,1.5778,nan,1.8730,1.9444,0.0770,0.9345,0.8000,-0.1536,-0.1720,1.4998,5.7910,0.0800,-1.9505,0.2224
40.800,149.779,1.3984,-15.4055,-18.905,1.4285,-15.3624,-19.270,0.0145,0.0506,0.0526,-0.365,0.9873,3.4960,-0.353,0.5574,-18.8553,-18.917,1.559,2.5978,152.039,0.2944,0.0076,0.0093,1.2275,1,1.7857,1.8407,nan,1.9505,2.0281,0.0803,0.9668,0.8000,-0.1721,-0.1817,1.4742,5.8909,0.0449,0.2371,0.2224
40.850,149.873,1.4895,-15.4290,-9.683,1.5366,-15.3900,-10.670,0.0399,0.0464,0.0612,-0.986,0.9875,3.4951,-0.387,0.6766,-18.8810,-10.283,1.634,2.6517,152.154,0.2939,0.0205,0.0189,0.9224,1,1.9409,1.9948,nan,2.1124,2.0508,0.0812,0.9201,0.8000,-0.1775,-0.1741,1.3072,5.9907,-0.0357,1.8608,0.2224
40.900,149.973,1.5892,-15.4379,-0.616,1.6702,-15.3902,1.103,0.0804,0.0486,0.0940,1.719,0.8798,3.4954,-0.119,0.8295,-18.8839,1.222,1.646,2.6442,152.269,0.2905,0.0023,0.0228,10.0799,1,1.9738,1.9948,nan,2.1124,2.0259,0.0802,0.8451,0.8000,-0.1880,-0.0422,1.3072,5.9907,-0.0501,1.8608,0.2224
40.950,150.087,1.7031,-15.4286,10.140,1.7176,-15.3870,7.671,0.0215,0.0384,0.0440,-2.469,1.0019,3.4979,-0.547,0.8958,-18.8772,8.218,1.672,2.7367,152.404,0.2904,0.0290,0.0083,0.2872,1,1.6957,1.6219,nan,2.1124,2.2372,0.0886,0.7606,0.8000,-0.1747,0.0634,1.3072,5.9907,0.0723,-1.0881,0.2224
41.000,150.087,1.7031,-15.4286,10.140,1.7176,-15.3870,7.671,0.0215,0.0384,0.0440,-2.469,1.0019,3.4979,-0.547,0.8958,-18.8772,8.218,1.672,2.7367,152.404,0.2904,0.0290,0.0083,0.2872,1,2.0154,2.3147,nan,2.2812,2.1781,0.0863,0.6382,0.8000,-0.1675,-0.0039,1.0544,6.1904,-0.0597,-0.8988,0.2224
41.050,150.189,1.8013,-15.4035,18.399,1.8805,-15.3355,19.799,0.0966,0.0395,0.1044,1.401,1.2142,3.5003,-1.289,1.0899,-18.8161,21.089,1.752,2.3103,152.520,0.2693,0.0029,0.0244,8.3638,1,1.7485,1.6831,nan,2.1961,2.2312,0.0884,0.6147,0.8000,-0.1572,0.0541,1.0544,6.1904,0.0203,5.3106,0.2224
41.100,150.326,1.9272,-15.3494,28.168,1.9439,-15.2944,26.760,0.0407,0.0406,0.0575,-1.407,0.9970,3.4953,-0.619,1.1499,-18.7784,27.380,1.937,2.0184,152.680,0.2717,0.0022,0.0119,5.3962,1,1.6797,1.6831,nan,2.2812,2.4132,0.0956,0.4845,0.8000,-0.1440,0.0559,0.9522,6.2902,0.0764,5.3106,0.2224
41.150,150.450,2.0328,-15.2838,35.424,2.0853,-15.2260,35.116,0.0762,0.0167,0.0780,-0.308,0.7084,3.4694,0.193,1.3140,-18.7000,34.923,2.018,1.8328,152.813,0.2704,0.0135,0.0184,1.3633,1,2.0034,2.3661,nan,2.4587,2.4603,0.0974,0.4593,0.8420,-0.1538,0.0757,0.8512,6.3901,0.0009,2.2732,0.2224
41.200,150.571,2.1283,-15.2087,40.791,2.1784,-15.1392,41.652,0.0833,0.0199,0.0856,0.861,0.7084,3.4694,0.193,1.4074,-18.6135,41.459,2.213,1.6055,152.946,0.2589,0.0163,0.0291,1.7803,1,2.2033,2.2836,nan,2.5510,2.4490,0.0970,0.3075,0.9631,-0.1248,0.1006,0.7612,6.4899,-0.0591,4.8423,0.2224
41.251,150.571,2.1283,-15.2087,40.791,2.1647,-15.1428,41.025,0.0706,0.0261,0.0753,0.234,0.8985,3.4808,-0.434,1.4074,-18.6135,41.459,2.213,1.6055,153.010,0.2589,0.0163,0.0229,1.4020,1,2.2855,2.3196,nan,2.7422,2.7001,0.1069,0.2449,1.0403,-0.1080,0.0767,0.6715,6.5898,-0.0244,2.1568,0.2224
41.300,150.696,2.2189,-15.1233,45.946,2.2564,-15.0464,45.974,0.0814,0.0265,0.0856,0.027,0.8622,3.4745,-0.346,1.5062,-18.5121,46.320,2.303,1.5683,153.077,0.2465,0.0022,0.0052,2.4078,1,2.1745,2.1742,nan,2.7422,2.7581,0.1092,0.1658,1.0305,-0.0911,0.0865,0.5861,6.6896,0.0092,2.3581,0.2224
41.350,150.861,2.3285,-15.0000,50.457,2.3391,-14.9500,50.803,0.0454,0.0237,0.0512,0.345,1.0945,3.4830,-1.074,1.5900,-18.4064,51.877,2.428,0.9270,153.246,0.2556,0.0073,0.0197,2.7024,1,2.4403,2.5823,nan,2.9390,2.8753,0.1139,0.0874,1.2047,-0.0811,0.0784,0.5030,6.7895,-0.0369,3.9793,0.2224
41.400,151.014,2.4227,-14.8788,53.706,2.4518,-14.8056,52.837,0.0762,0.0199,0.0787,-0.869,1.0745,3.4748,-1.029,1.7055,-18.2527,53.866,2.585,0.6852,153.406,0.2310,0.0008,0.0058,7.5112,1,2.5402,2.5823,nan,3.0373,2.9157,0.1155,0.0716,1.3652,-0.0898,-0.0092,0.3404,6.9892,-0.0705,3.9793,0.2224
41.450,151.197,2.5270,-14.7295,56.284,2.5473,-14.6738,55.320,0.0576,0.0140,0.0593,-0.964,1.0745,3.4748,-1.029,1.7987,-18.1192,56.349,2.692,0.3545,153.593,0.2423,0.0009,0.0054,5.9438,1,2.4897,2.5024,nan,3.1335,3.0954,0.1226,0.0502,1.3986,-0.0914,-0.0202,0.2610,7.0890,-0.0221,2.3495,0.2224
41.500,151.197,2.5270,-14.7295,56.284,2.5454,-14.6806,55.058,0.0508,0.0118,0.0522,-1.227,1.1556,3.4745,-1.292,1.7987,-18.1192,56.349,2.692,0.3545,153.593,0.2423,0.0009,0.0071,7.8557,1,2.6890,2.7732,nan,3.3096,3.2292,0.1279,0.0225,1.5456,-0.0979,-0.0428,0.1820,7.1888,-0.0465,3.2373,0.2224
41.550,151.373,2.6235,-14.5813,57.362,2.6480,-14.5255,56.284,0.0602,0.0095,0.0610,-1.078,1.1378,3.4727,-1.233,1.8973,-17.9615,57.517,2.837,0.2199,153.775,0.2338,0.0008,0.0062,8.1292,1,2.9110,3.0217,nan,3.4513,3.3586,0.1330,-0.0028,1.6732,-0.1073,-0.0583,0.0207,7.3885,-0.0800,3.8301,0.2224
41.600,151.537,2.7107,-14.4431,58.025,2.7529,-14.3606,57.038,0.0924,0.0079,0.0927,-0.987,1.0923,3.4651,-1.104,2.0037,-17.7904,58.142,2.990,0.1082,153.945,0.2107,0.0031,0.0115,3.7246,1,2.9832,3.0217,nan,3.5813,3.4541,0.1368,-0.0222,1.7147,-0.1157,-0.0443,-0.0601,7.4884,-0.0737,3.8301,0.2224
41.650,151.717,2.8058,-14.2896,58.364,2.8386,-14.2254,57.270,0.0718,0.0058,0.0721,-1.094,1.1083,3.4629,-1.166,2.0899,-17.6495,58.435,3.115,0.0091,154.131,0.2184,0.0000,0.0067,nan,1,2.7750,2.7534,nan,3.6432,3.7423,0.1482,-0.0248,1.5951,-0.1170,-0.0360,-0.1418,7.5882,0.0574,3.1880,0.2224
41.700,151.954,2.9298,-14.0883,58.269,2.9386,-14.0703,57.231,0.0200,0.0020,0.0201,-1.038,1.1083,3.4629,-1.166,2.1867,-17.4923,58.397,3.285,-0.1188,154.376,0.2522,0.0346,0.0317,0.9148,1,2.8011,2.8280,nan,3.7032,3.7439,0.1483,-0.0261,1.5891,-0.1204,-0.0043,-0.2212,7.7879,0.0800,3.0839,0.2224
41.750,151.954,2.9298,-14.0883,58.269,2.9426,-14.0586,57.519,0.0320,0.0047,0.0324,-0.750,1.0242,3.4652,-0.878,2.1867,-17.4923,58.397,3.285,-0.1188,154.376,0.2522,0.0000,0.0025,106.8586,1,2.9971,3.8384,nan,3.8907,3.9032,0.1546,-0.0307,1.5750,-0.1121,0.0520,-0.2072,8.0875,0.0800,5.7393,0.2224
41.801,152.166,3.0419,-13.9082,57.794,3.0969,-13.8258,56.700,0.0991,-0.0026,0.0991,-1.094,1.1063,3.4624,-1.165,2.3416,-17.2441,57.864,3.516,-0.1411,154.600,0.2037,0.0030,0.0161,5.4333,1,3.2884,3.7780,nan,4.0881,4.1887,0.1659,-0.0233,1.6113,-0.1009,0.0825,-0.1834,8.2871,0.0800,2.2520,0.2224
41.850,152.387,3.1606,-13.7213,57.270,3.2455,-13.6046,56.241,0.1441,-0.0083,0.1444,-1.030,1.0235,3.4353,-0.927,2.4975,-17.0016,57.168,3.627,-0.1728,154.828,0.1835,0.0000,0.0166,716.0450,1,3.5682,3.7780,nan,4.2145,4.2262,0.1674,-0.0040,1.6134,-0.0895,0.1011,-0.1216,8.4868,0.0065,2.2520,0.2224
41.900,152.387,3.1606,-13.7213,57.270,3.2455,-13.6046,56.241,0.1441,-0.0083,0.1444,-1.030,1.0235,3.4353,-0.927,2.4975,-17.0016,57.168,3.627,-0.1728,154.828,0.1835,0.0000,0.0166,716.0450,1,3.1846,2.9675,nan,4.2145,4.1355,0.1638,-0.0006,1.5009,-0.0853,0.0968,-0.1216,8.4868,0.0800,3.0922,0.2224
41.950,152.658,3.3083,-13.4943,56.565,3.3216,-13.4892,55.844,0.0116,-0.0083,0.0142,-0.721,0.9505,3.4170,-0.709,2.5802,-16.8756,56.553,3.787,-0.0470,155.108,0.2343,0.0003,0.0087,25.0986,1,3.4879,3.8965,nan,4.0869,4.0184,0.1591,0.0260,1.5523,-0.0574,0.1201,-0.0247,8.7864,-0.0380,4.8001,0.2224
42.000,152.658,3.3083,-13.4943,56.565,3.3216,-13.4892,55.844,0.0116,-0.0083,0.0142,-0.721,0.9505,3.4170,-0.709,2.5802,-16.8756,56.553,3.787,-0.0470,155.108,0.2343,0.0003,0.0087,25.0986,1,3.7371,3.8965,nan,3.7791,4.0656,0.1610,0.0301,1.3675,-0.0302,0.1198,0.0395,8.9860,-0.0800,4.8001,0.2224
42.050,153.134,3.5709,-13.0979,56.410,3.5780,-13.1151,55.586,-0.0104,-0.0155,0.0186,-0.824,0.9505,3.4170,-0.709,2.8319,-16.4983,56.296,4.048,-0.0067,155.600,0.2497,0.0113,0.0098,0.8702,1,3.8404,3.8965,nan,3.6826,3.5626,0.1411,0.0217,1.2002,-0.0197,0.1188,0.0395,8.9860,-0.0695,4.8001,0.2224
42.100,153.134,3.5709,-13.0979,56.410,3.5641,-13.1208,56.503,-0.0228,-0.0070,0.0239,0.093,0.6725,3.3672,0.208,2.8319,-16.4983,56.296,4.048,-0.0067,155.600,0.2497,0.0113,0.0045,0.4022,1,3.9091,3.9558,nan,3.4066,3.1002,0.1228,0.0148,1.0183,0.0303,0.0952,0.1727,9.3854,0.0800,0.0724,0.2224
42.150,153.481,3.7630,-12.8089,56.489,3.8120,-12.7517,56.839,0.0747,-0.0093,0.0753,0.350,0.6054,3.3531,0.461,3.0768,-16.1301,56.378,3.924,0.1318,155.941,0.1987,0.0005,0.0153,30.0761,1,3.9547,3.9961,nan,3.3213,3.2025,0.1268,0.0733,1.0183,0.0468,0.0827,0.2101,9.4853,0.0800,-6.1965,0.2224
42.200,153.780,3.9271,-12.5585,57.053,3.9779,-12.4929,57.527,0.0827,-0.0069,0.0830,0.474,0.6054,3.3531,0.461,3.2448,-15.8726,57.066,3.555,0.0840,156.218,0.1953,0.0037,0.0263,7.1870,1,3.9624,3.9961,nan,3.0841,3.1148,0.1234,0.1779,1.0183,0.0592,0.0205,0.3127,9.7848,0.0178,-6.1965,0.2224
42.250,153.780,3.9271,-12.5585,57.053,3.9877,-12.4903,56.889,0.0902,-0.0137,0.0912,-0.164,0.7918,3.3922,-0.177,3.2448,-15.8726,57.066,3.555,0.0840,156.218,0.1953,0.0037,0.0237,6.4809,1,3.6768,3.6282,nan,3.0112,3.1301,0.1240,0.2751,1.0183,0.0514,-0.0213,0.3405,9.8847,0.0800,-7.7471,0.2224
42.300,153.996,4.0439,-12.3774,57.345,4.0920,-12.3269,57.252,0.0685,-0.0132,0.0697,-0.093,0.7685,3.3813,-0.107,3.3529,-15.7019,57.359,3.234,0.0749,156.417,0.1988,0.0022,0.0099,4.6087,1,3.3126,3.1631,nan,2.9505,2.8124,0.1114,0.3508,1.0183,0.0467,-0.0541,0.3819,9.9845,0.0800,-2.9244,0.2224
42.350,154.226,4.1645,-12.1816,60.384,4.1849,-12.1646,58.947,0.0249,-0.0093,0.0265,-1.437,0.3771,3.2882,1.291,3.4587,-15.5346,57.656,3.089,1.1220,156.641,0.2163,0.0053,0.0092,1.7372,1,3.1631,3.1631,nan,2.8972,2.7608,0.1093,0.4257,1.0183,0.0334,-0.1316,0.4502,10.1842,0.0800,-2.9244,0.2224
42.400,154.437,4.2613,-11.9941,65.583,4.2630,-11.9791,65.921,0.0144,0.0046,0.0151,0.338,0.3771,3.2882,1.291,3.5410,-15.3509,64.630,2.985,1.4272,156.850,0.2140,0.0152,0.0198,1.3041,1,3.0932,3.1078,nan,2.8850,2.7253,0.1079,0.3058,1.0183,0.0748,0.0098,0.4867,10.2840,0.0800,-1.4905,0.2224
42.450,154.437,4.2613,-11.9941,65.583,4.2394,-12.0188,64.872,-0.0316,0.0097,0.0330,-0.711,0.6335,3.3170,0.242,3.5410,-15.3509,64.630,2.985,1.4272,156.850,0.2140,0.0152,0.0132,0.8694,1,3.1415,3.1759,nan,2.8728,2.8731,0.1138,0.2914,1.0183,0.0973,-0.0115,0.5650,10.4837,0.0800,-6.0375,0.2157
42.500,154.632,4.3329,-11.8123,72.100,4.2882,-11.8502,70.456,-0.0498,0.0308,0.0586,-1.645,0.7349,3.3226,-0.198,3.6057,-15.1604,70.654,2.743,1.3257,157.038,0.2033,0.0168,0.0176,1.0500,1,3.0301,3.0372,nan,2.9108,2.8431,0.1126,0.2650,1.0183,0.1174,0.0191,0.5976,10.5836,0.0800,-1.6359,0.2157
42.550,154.802,4.3789,-11.6481,76.747,4.3376,-11.6501,76.240,-0.0114,0.0398,0.0414,-0.507,1.0126,3.3820,-1.228,3.6463,-14.9573,77.468,2.700,1.2312,157.208,0.1653,0.0094,0.0257,2.7499,1,3.0152,3.0372,nan,3.0151,2.9112,0.1153,0.2881,1.0183,0.1270,0.0155,0.6490,10.6834,0.0800,-1.6359,0.2157
42.600,154.983,4.4134,-11.4705,81.470,4.3505,-11.5489,79.751,-0.0868,0.0506,0.1005,-1.719,1.0126,3.3820,-1.228,3.6570,-14.8559,80.978,2.770,1.2477,157.394,0.2313,0.0151,0.0456,3.0109,1,2.6392,2.4254,nan,3.0151,2.9592,0.1172,0.2878,1.0183,0.1245,-0.0251,0.6860,10.7833,0.0800,1.5468,0.2157
42.650,154.983,4.4134,-11.4705,81.470,4.3505,-11.5489,79.751,-0.0868,0.0506,0.1005,-1.719,1.0126,3.3820,-1.228,3.6570,-14.8559,80.978,2.770,1.2477,157.394,0.2313,0.0151,0.0456,3.0109,1,2.9172,3.0992,nan,3.2078,3.3305,0.1319,0.3439,1.0986,0.1139,-0.0920,0.6841,10.9830,0.0800,0.7067,0.2157
42.700,155.154,4.4325,-11.3013,85.852,4.3787,-11.2972,84.667,0.0002,0.0539,0.0539,-1.184,1.1698,3.4114,-1.839,3.6792,-14.5981,86.506,2.811,1.2654,157.567,0.1462,0.0103,0.0305,2.9546,1,2.5915,2.4866,nan,3.2078,3.2296,0.1279,0.3332,1.1952,0.1125,-0.1160,0.6434,11.0828,0.0800,0.8103,0.2157
42.750,155.364,4.4382,-11.0912,91.311,4.3898,-11.1146,89.161,-0.0223,0.0490,0.0538,-2.150,1.3065,3.4713,-2.329,3.6734,-14.4486,91.490,2.887,1.4314,157.783,0.2022,0.0118,0.0419,3.5649,1,2.4835,2.4866,nan,3.2768,3.1929,0.1265,0.3295,1.1676,0.0977,-0.1149,0.6027,11.1826,0.0800,0.8103,0.2157
42.800,155.574,4.4225,-10.8820,97.748,4.3898,-11.1146,89.161,-0.2261,0.0638,0.2349,-8.587,1.3065,3.4713,-2.329,3.6734,-14.4486,91.490,2.887,1.4314,158.009,0.4115,0.0892,0.0419,0.4700,1,2.6952,2.7908,nan,3.4217,3.5002,0.1386,0.3461,1.3148,0.0536,-0.1582,0.5268,11.3823,0.0800,3.6129,0.2157
42.850,155.574,4.4225,-10.8820,97.748,4.3757,-10.8998,94.723,-0.0114,0.0488,0.0501,-3.025,1.2044,3.4592,-1.923,3.6513,-14.2446,96.646,3.083,1.6380,158.009,0.2063,0.0235,0.0175,0.7460,1,2.9881,3.4951,nan,3.6515,3.7147,0.1471,0.2773,1.5391,0.0201,-0.1832,0.4200,11.6819,0.0366,1.2956,0.2157
42.900,155.802,4.3792,-10.6581,104.560,4.3086,-10.6043,103.405,0.0698,0.0548,0.0887,-1.155,0.9659,3.4144,-0.995,3.5857,-13.9586,104.400,3.117,1.6963,158.243,0.1424,0.0217,0.0181,0.8347,1,3.2738,3.4951,nan,3.8933,3.8780,0.1536,0.2221,1.7460,-0.0148,-0.1785,0.3545,11.8816,-0.0089,1.2956,0.2157
42.950,156.003,4.3188,-10.4658,110.710,4.2405,-10.4146,109.558,0.0756,0.0552,0.0936,-1.152,0.9555,3.4244,-0.948,3.5134,-13.7827,110.506,3.287,1.4598,158.459,0.1587,0.0154,0.0245,1.5867,1,3.2797,3.3072,nan,4.0584,4.1418,0.1640,0.1518,1.7811,-0.0070,-0.1041,0.3213,11.9814,0.0483,2.7614,0.2157
43.000,156.196,4.2438,-10.2882,115.449,4.1493,-10.2189,114.509,0.1032,0.0555,0.1172,-0.941,0.9555,3.4244,-0.948,3.4191,-13.5886,115.456,3.467,1.3394,158.666,0.1442,0.0182,0.0308,1.6940,1,3.4583,3.5432,nan,4.2239,4.2343,0.1677,0.0983,1.9593,-0.0312,-0.1219,0.2293,12.2809,0.0057,4.3219,0.2157
43.050,156.196,4.2438,-10.2882,115.449,4.1420,-10.2103,114.301,0.1141,0.0585,0.1282,-1.148,0.9975,3.4444,-1.155,3.4191,-13.5886,115.456,3.467,1.3394,158.666,0.1442,0.0182,0.0279,1.5322,1,3.5871,3.6496,nan,4.3859,4.3816,0.1735,0.0593,2.0322,-0.0460,-0.1038,0.1684,12.4806,-0.0023,5.7755,0.2157
43.100,156.441,4.1317,-10.0704,118.893,4.0026,-9.9578,119.978,0.1610,0.0586,0.1713,1.085,0.9859,3.4546,-1.134,3.2815,-13.3500,121.112,3.812,0.6247,158.934,0.1312,0.0081,0.0375,4.6388,1,3.6351,3.6741,nan,4.5392,4.5978,0.1821,0.0600,2.0594,-0.0762,-0.1445,0.1340,12.5805,0.0304,4.6705,0.2157
43.150,156.741,3.9812,-9.8113,121.380,3.8694,-9.7274,120.271,0.1298,0.0518,0.1398,-1.109,1.0182,3.4558,-1.269,3.1424,-13.1168,121.540,4.049,0.3801,159.249,0.1523,0.0042,0.0270,6.4442,1,3.6431,3.6741,nan,4.6757,4.8044,0.1903,0.0324,2.0640,-0.1047,-0.1339,0.0751,12.7802,0.0661,4.6705,0.2157
43.200,156.997,3.8453,-9.5941,122.648,3.7015,-9.4559,121.527,0.1939,0.0465,0.1994,-1.120,1.0182,3.4558,-1.269,2.9685,-12.8491,122.796,4.224,0.2300,159.517,0.1234,0.0086,0.0261,3.0311,1,3.9389,4.2537,nan,4.8205,4.8252,0.1911,0.0042,2.2283,-0.1414,-0.1412,-0.0183,13.0797,0.0023,3.3588,0.2157
43.250,156.997,3.8453,-9.5941,122.648,3.7181,-9.4828,121.747,0.1623,0.0471,0.1690,-0.901,0.9854,3.4185,-1.049,2.9685,-12.8491,122.796,4.224,0.2300,159.517,0.1234,0.0086,0.0269,3.1235,1,4.0788,4.1531,nan,4.8441,4.7910,0.1897,-0.0151,2.2283,-0.1628,-0.1244,-0.0799,13.2794,-0.0250,5.6944,0.2157
43.300,157.308,3.6755,-9.3335,123.434,3.5857,-9.2779,121.779,0.0959,0.0443,0.1056,-1.655,1.1381,3.4359,-1.710,2.8259,-12.6352,123.489,4.498,0.0391,159.848,0.1517,0.0077,0.0263,3.3918,1,4.2521,5.1954,nan,4.8877,4.8822,0.1934,-0.0391,2.2283,-0.1971,-0.0907,-0.1708,13.5789,-0.0026,2.6753,0.2157
43.350,157.586,3.5217,-9.1015,123.474,3.3580,-8.9074,121.209,0.2522,0.0295,0.2539,-2.265,1.2905,3.4571,-2.386,2.5806,-12.2677,123.596,4.608,-0.0952,160.135,0.1412,0.0066,0.0350,5.3059,1,4.4873,5.1954,nan,4.9267,5.0015,0.1981,-0.0594,2.2283,-0.2211,-0.0368,-0.2462,13.8785,0.0800,2.6753,0.2157
43.400,157.586,3.5217,-9.1015,123.474,3.3580,-8.9074,121.209,0.2522,0.0295,0.2539,-2.265,1.2905,3.4571,-2.386,2.5806,-12.2677,123.596,4.608,-0.0952,160.135,0.1412,0.0066,0.0350,5.3059,1,4.1226,3.9828,nan,4.9267,4.6075,0.1825,-0.0522,2.2283,-0.2347,-0.0625,-0.2462,13.8785,0.0800,0.9435,0.2157
43.450,157.934,3.3307,-8.8109,122.914,3.2736,-8.7607,120.493,0.0732,0.0207,0.0761,-2.421,1.3464,3.4557,-2.611,2.4816,-12.1159,123.104,4.676,-0.3807,160.489,0.1546,0.0084,0.0278,3.2977,1,4.2970,5.2268,nan,5.0467,4.8309,0.1913,-0.0657,2.2875,-0.2500,-0.0032,-0.2300,14.2778,0.0800,2.2992,0.2157
43.500,158.199,3.1888,-8.5872,121.535,3.0859,-8.4073,117.414,0.2072,-0.0064,0.2073,-4.121,1.6694,3.4735,-4.053,2.2527,-11.7509,121.468,4.758,-0.4034,160.761,0.1361,0.0112,0.0561,5.0267,1,4.1298,4.1329,nan,5.0751,4.7410,0.1878,-0.0811,2.3072,-0.2454,0.0431,-0.2153,14.5774,0.0800,-3.1595,0.2157
43.550,158.521,3.0232,-8.3106,120.049,2.9951,-8.2323,117.305,0.0819,-0.0149,0.0832,-2.744,1.3984,3.4493,-2.786,2.1626,-11.5902,120.090,4.609,-0.3843,161.075,0.1356,0.0101,0.0292,2.8964,1,4.1033,4.1329,nan,5.1028,4.7124,0.1866,-0.0603,2.3072,-0.2723,-0.0016,-0.2153,14.5774,0.0800,-3.1595,0.2157
43.600,158.837,2.8690,-8.0355,118.218,2.8339,-7.9038,115.909,0.1326,-0.0313,0.1363,-2.309,1.3984,3.4493,-2.786,1.9856,-11.2700,118.694,4.650,-0.4367,161.395,0.1129,0.0284,0.0429,1.5106,1,4.3259,5.0466,nan,5.2493,5.0246,0.1990,-0.0957,2.3269,-0.2404,0.0839,-0.2008,14.9768,0.0800,-0.5942,0.2157
43.650,159.096,2.7485,-7.8054,116.824,2.7245,-7.6360,114.182,0.1620,-0.0550,0.1711,-2.643,1.3719,3.4233,-2.563,1.8458,-10.9878,116.745,4.632,-0.4606,161.655,0.1054,0.1159,0.1008,0.8696,1,4.5926,5.1979,nan,5.3114,5.3454,0.2117,-0.1036,2.3475,-0.2306,0.1124,-0.1859,15.2763,0.0800,-0.5606,0.2157
43.700,159.096,2.7485,-7.8054,116.824,2.7285,-7.6365,115.442,0.1597,-0.0584,0.1700,-1.382,1.1329,3.3904,-1.302,1.8458,-10.9878,116.745,4.632,-0.4606,161.655,0.1054,0.0097,0.0128,1.3197,1,4.4410,4.4478,nan,5.3750,5.2063,0.2062,-0.1206,2.3605,-0.2101,0.1473,-0.1768,15.4760,0.0800,2.5602,0.2157
43.751,159.417,2.6094,-7.5164,114.119,2.6253,-7.4129,114.036,0.0880,-0.0568,0.1047,-0.083,1.0629,3.3525,-0.894,1.7302,-10.7397,114.930,4.813,-0.7809,161.992,0.1023,0.0213,0.0129,0.6048,1,4.4137,4.4478,nan,5.4716,5.1952,0.2057,-0.1310,2.3704,-0.1779,0.1593,-0.1698,15.6757,0.0800,2.5602,0.2157
43.800,159.647,2.5184,-7.3048,111.978,2.5077,-7.1332,111.899,0.1632,-0.0543,0.1720,-0.079,0.7600,3.2731,0.754,1.6106,-10.4284,111.145,4.967,-0.8383,162.237,0.1132,0.0170,0.0303,1.7825,1,4.6001,4.7311,nan,5.5379,5.4140,0.2144,-0.1182,2.3830,-0.1562,0.1252,-0.1610,15.8754,0.0800,4.2530,0.2157
43.850,159.647,2.5184,-7.3048,111.978,2.5077,-7.1332,111.899,0.1632,-0.0543,0.1720,-0.079,0.7600,3.2731,0.754,1.6106,-10.4284,111.145,4.967,-0.8383,162.237,0.1132,0.0170,0.0303,1.7825,1,4.2037,3.7143,nan,5.5708,4.9904,0.1976,-0.1261,2.3862,-0.1324,0.1394,-0.1588,15.9752,0.0800,0.6510,0.2157
43.900,160.047,2.3809,-6.9293,107.731,2.4308,-6.9432,110.436,-0.0285,-0.0433,0.0518,2.704,0.5374,3.2374,1.944,1.5469,-10.2390,108.491,5.053,-0.9260,162.648,0.1551,0.0159,0.0247,1.5556,1,4.3730,5.6583,nan,5.7069,5.2083,0.2063,-0.1308,2.3728,-0.0875,0.1372,-0.1443,16.3746,0.0800,1.9855,0.2157
43.950,160.441,2.2733,-6.5511,103.560,2.2614,-6.4367,107.428,0.1140,-0.0153,0.1150,3.868,0.2866,3.1899,3.353,1.4083,-9.7256,104.075,5.097,-0.9935,163.049,0.0669,0.0088,0.0704,7.9666,1,4.5399,5.6583,nan,5.8076,5.4059,0.2141,-0.1510,2.3604,-0.0186,0.1530,-0.1337,16.6741,0.0800,1.9855,0.2157
44.000,160.767,2.2056,-6.2317,99.876,2.1904,-6.1171,104.942,0.1155,-0.0046,0.1156,5.067,0.0780,3.1214,4.680,1.3515,-9.3801,100.262,4.978,-1.0213,163.370,0.0549,0.0072,0.0910,12.6950,1,4.7050,5.8337,nan,5.9160,5.6003,0.2218,-0.1645,2.3438,0.0367,0.1528,-0.1236,16.9737,0.0800,-2.9044,0.2157
44.050,160.767,2.2056,-6.2317,99.876,2.1904,-6.1171,104.942,0.1155,-0.0046,0.1156,5.067,0.0780,3.1214,4.680,1.3515,-9.3801,100.262,4.978,-1.0213,163.370,0.0549,0.0072,0.0910,12.6950,1,4.9793,5.5875,nan,5.9573,5.9066,0.2339,-0.1742,2.3247,0.0776,0.1515,-0.1144,17.2732,0.0800,2.1470,0.2157
44.100,161.115,2.1578,-5.8866,95.201,2.1180,-5.7669,100.282,0.1228,0.0288,0.1261,5.081,0.0874,3.0882,4.682,1.3010,-8.9913,95.600,5.118,-1.2838,163.736,0.0780,0.0066,0.1089,16.5248,1,4.9787,5.0299,nan,5.9864,5.8761,0.2327,-0.1537,2.3097,0.0819,0.0956,-0.1189,17.4729,0.0800,2.6272,0.2157
44.150,161.453,2.1396,-5.5494,90.272,2.1216,-5.5338,95.176,0.0156,0.0180,0.0238,4.904,0.1753,3.0885,4.214,1.3074,-8.7420,90.962,5.266,-1.3832,164.093,0.0470,0.0137,0.0762,5.5746,1,5.1577,6.1893,nan,6.0065,6.0330,0.2389,-0.1269,2.3097,0.0785,0.0380,-0.1218,17.5727,0.0800,3.3590,0.2157
44.200,161.731,2.1467,-5.2713,85.971,2.1192,-5.1297,89.819,0.1393,0.0373,0.1442,3.848,0.1491,3.0284,4.520,1.3211,-8.2881,85.299,5.422,-1.4602,164.392,0.1438,0.0133,0.0931,7.0222,1,5.4094,6.1893,nan,5.7483,5.7991,0.2297,-0.1258,2.2784,0.0874,0.0113,-0.1388,18.0720,0.0207,3.3590,0.2157
44.250,162.110,2.1884,-4.8948,80.859,2.1438,-4.9164,85.193,-0.0284,0.0406,0.0496,4.334,0.1491,3.0284,4.520,1.3624,-8.0773,80.673,5.542,-1.0951,164.788,0.0355,0.0138,0.0832,6.0149,1,5.0170,4.7810,nan,5.7483,5.6550,0.2240,-0.0907,2.1781,0.0420,-0.0350,-0.1415,18.1718,0.0800,2.1234,0.2157
44.300,162.110,2.1884,-4.8948,80.859,2.1639,-4.8937,84.361,-0.0028,0.0243,0.0245,3.502,0.2848,3.0792,3.688,1.3624,-8.0773,80.673,5.542,-1.0951,164.788,0.0355,0.0138,0.0552,3.9917,1,5.1830,6.2949,nan,5.5008,5.5977,0.2217,-0.0999,2.1595,0.0088,-0.0263,-0.1549,18.5712,0.0800,0.6487,0.2157
44.350,162.449,2.2518,-4.5617,77.097,2.2358,-4.4068,80.356,0.1474,0.0502,0.1557,3.259,0.2761,3.0538,3.711,1.4727,-7.5718,76.645,5.572,-0.8825,165.135,0.1497,0.0018,0.0711,40.2596,1,5.1364,5.1777,nan,5.4066,5.5474,0.2197,-0.0996,2.1595,-0.0072,-0.0251,-0.1623,18.7709,0.0800,-0.7374,0.2157
44.400,162.865,2.3555,-4.1589,73.670,2.2984,-4.1179,77.777,0.0233,0.0663,0.0703,4.108,0.1998,3.0400,4.263,1.5607,-7.2941,73.514,5.520,-0.8501,165.551,0.0237,0.0011,0.1055,99.1655,1,5.1266,5.1777,nan,5.2673,5.3742,0.2128,-0.1025,2.1595,-0.0146,-0.0363,-0.1681,18.9706,0.0483,-0.7374,0.2157
44.450,163.233,2.4677,-3.8085,70.393,2.4178,-3.6688,74.512,0.1149,0.0939,0.1484,4.119,0.1998,3.0400,4.263,1.7132,-6.8551,70.249,5.446,-0.8585,165.917,0.1206,0.1070,0.0928,0.8677,1,5.4065,5.8999,nan,5.1442,5.1161,0.2026,-0.1264,2.1595,-0.0084,0.0053,-0.1849,19.3699,0.0800,-1.0000,0.2110
44.500,163.233,2.4677,-3.8085,70.393,2.4179,-3.7577,75.944,0.0311,0.0640,0.0711,5.550,0.0329,2.8936,5.695,1.7132,-6.8551,70.249,5.446,-0.8585,165.917,0.1206,0.0226,0.0885,3.9134,1,5.2703,5.2837,nan,5.0704,5.0082,0.1983,-0.1222,2.1595,-0.0393,0.0265,-0.1886,19.5696,0.0800,-2.5013,0.2110
44.550,163.593,2.5970,-3.4721,67.084,2.5332,-3.5156,71.392,-0.0649,0.0418,0.0772,4.307,0.2403,2.9307,4.084,1.8280,-6.5933,67.308,5.315,-0.9527,166.271,0.0484,0.0127,0.0790,6.2241,1,5.4642,5.6647,nan,5.0118,5.1316,0.2032,-0.1175,2.1595,-0.0333,0.0308,-0.2024,19.8692,0.0571,-4.0914,0.2110
44.600,163.958,2.7493,-3.1410,63.014,2.7016,-3.1843,66.239,-0.0603,0.0229,0.0645,3.226,0.3621,2.9021,3.088,2.0082,-6.2036,63.151,5.116,-0.9684,166.624,0.1124,0.0057,0.0522,9.1801,1,5.5542,5.6647,nan,5.0675,5.1012,0.2020,-0.0775,2.1595,-0.0821,-0.0037,-0.2135,20.0689,0.0155,-4.0914,0.2110
44.650,163.958,2.7493,-3.1410,63.014,2.7016,-3.1843,66.239,-0.0603,0.0229,0.0645,3.226,0.3621,2.9021,3.088,2.0082,-6.2036,63.151,5.116,-0.9684,166.624,0.1124,0.0057,0.0522,9.1801,1,5.1567,4.8994,nan,5.0675,5.0375,0.1995,-0.0243,2.0932,-0.1600,-0.0296,-0.2207,20.2686,0.0800,-3.1010,0.2110
44.700,164.286,2.9058,-2.8531,59.668,2.8816,-2.9474,60.875,-0.0936,-0.0267,0.0973,1.207,0.4971,2.9102,2.032,2.1752,-5.9385,58.843,4.996,-0.6124,166.946,0.1008,0.0044,0.0286,6.4580,1,4.7396,4.3281,nan,5.1291,5.1188,0.2027,-0.0213,2.0615,-0.1693,-0.0138,-0.2261,20.3684,0.0800,-0.4243,0.2110
44.750,164.674,3.1093,-2.5218,57.121,3.0296,-2.7154,59.939,-0.2059,-0.0381,0.2094,2.818,0.4058,2.8570,2.954,2.3331,-5.7002,56.985,4.971,-0.2289,167.336,0.0312,0.0005,0.0460,86.5410,1,4.4172,4.3281,nan,5.0297,4.7706,0.1889,0.0221,1.9909,-0.2220,-0.0171,-0.2354,20.5681,0.0800,-0.4243,0.2110
44.800,165.007,3.2913,-2.2439,56.420,3.2248,-2.3949,59.261,-0.1626,-0.0281,0.1650,2.841,0.4058,2.8570,2.954,2.5446,-5.3902,56.307,4.943,-0.1447,167.668,0.0547,0.0101,0.0313,3.0970,1,4.7037,5.0991,nan,4.7078,4.6447,0.1839,0.0115,1.8542,-0.2070,0.0974,-0.1761,20.9675,-0.0800,-0.5643,0.2110
44.850,165.007,3.2913,-2.2439,56.420,3.2080,-2.4100,60.303,-0.1845,-0.0225,0.1858,3.883,0.2940,2.7898,3.996,2.5446,-5.3902,56.307,4.943,-0.1447,167.668,0.0547,0.0101,0.0364,3.6042,1,4.9866,5.4201,nan,4.2764,4.5877,0.1817,0.0055,1.7970,-0.1582,0.1432,-0.1158,21.1672,-0.0800,-1.3663,0.2110
44.900,165.361,3.4862,-1.9483,56.998,3.3925,-2.1086,60.210,-0.1854,-0.0087,0.1856,3.212,0.2580,2.7392,4.351,2.7578,-5.0716,55.859,4.765,0.0887,168.010,0.0798,0.0094,0.0388,4.1286,1,5.0011,5.0577,nan,4.0702,4.0553,0.1606,-0.0039,1.7970,-0.1059,0.1951,-0.0306,21.4667,0.0800,-2.6439,0.2110
44.950,165.657,3.6471,-1.6997,57.277,3.5459,-1.8141,61.708,-0.1509,0.0233,0.1527,4.432,0.2580,2.7392,4.351,2.9330,-4.7895,57.358,4.641,0.0489,168.299,0.1099,0.0001,0.0615,664.3544,1,5.0047,5.0577,nan,3.7779,3.8075,0.1508,-0.0107,1.5591,-0.0678,0.2057,0.0297,21.6664,0.0172,-2.6439,0.2110
45.001,165.914,3.7862,-1.4829,57.423,3.6399,-1.6540,61.172,-0.2230,0.0311,0.2251,3.749,0.3102,2.7666,3.716,3.0362,-4.6271,57.456,4.539,-0.0156,168.550,0.0520,0.0701,0.0570,0.8133,1,4.5955,4.0979,nan,3.7779,3.6802,0.1457,-0.0096,1.3790,-0.0559,0.1891,0.0603,21.7662,0.0800,-1.7934,0.2110
45.050,165.914,3.7862,-1.4829,57.423,3.6709,-1.6284,60.144,-0.1847,0.0188,0.1857,2.721,0.4211,2.8512,2.688,3.0362,-4.6271,57.456,4.539,-0.0156,168.550,0.0520,0.0025,0.0445,17.5835,1,4.2006,3.9695,nan,3.6860,3.3674,0.1334,0.0288,1.1084,-0.0399,0.1494,0.1211,21.9659,0.0800,-9.1623,0.2110
45.100,166.197,3.9387,-1.2454,57.164,3.8158,-1.3941,59.347,-0.1916,0.0227,0.1929,2.183,0.4916,2.9057,1.984,3.1733,-4.4123,57.363,4.071,-0.0663,168.801,0.0357,0.0013,0.0558,43.8543,1,3.8736,3.7926,nan,3.5096,3.1333,0.1241,0.0667,1.0333,-0.0197,0.1118,0.1776,22.1656,0.0800,-5.3313,0.2110
45.150,166.518,4.1138,-0.9754,57.000,3.9681,-1.1428,58.841,-0.2197,0.0310,0.2219,1.841,0.4916,2.9057,1.984,3.3342,-4.1664,56.857,3.692,0.1606,169.101,0.0386,0.0013,0.0617,46.0262,1,3.7768,3.7926,nan,3.4244,3.1338,0.1241,0.1627,1.0333,-0.0145,0.0547,0.2368,22.3653,0.0800,-5.3313,0.2110
45.200,166.518,4.1138,-0.9754,57.000,3.9792,-1.1283,58.231,-0.2016,0.0296,0.2037,1.231,0.5460,2.9569,1.374,3.3342,-4.1664,56.857,3.692,0.1606,169.101,0.0386,0.0013,0.0525,39.1190,1,3.7010,3.7198,nan,3.2639,3.1482,0.1247,0.2406,1.0333,-0.0092,0.0108,0.2947,22.5650,0.0800,-6.0630,0.2110
45.250,166.746,4.2368,-0.7843,57.591,4.0920,-0.9453,59.130,-0.2135,0.0360,0.2165,1.539,0.5332,2.9440,1.581,3.4501,-3.9860,57.549,3.445,0.1560,169.315,0.0455,0.0069,0.0837,12.1384,1,3.5810,3.5911,nan,3.1147,3.0768,0.1219,0.3182,1.0333,-0.0081,-0.0120,0.3292,22.6648,0.0800,-2.2923,0.2110
45.300,166.951,4.3442,-0.6097,59.999,4.1892,-0.7763,59.897,-0.2218,0.0509,0.2276,-0.103,0.5160,2.9261,1.784,3.5562,-3.8149,58.113,3.200,0.8843,169.509,0.0484,0.0058,0.0723,12.5340,1,3.3486,3.3236,nan,3.0471,2.9239,0.1158,0.2896,1.0333,0.0035,0.0154,0.3899,22.8645,0.0800,-2.5056,0.2110
45.350,167.152,4.4392,-0.4322,64.224,4.2783,-0.5935,64.567,-0.2152,0.0747,0.2278,0.344,0.5551,2.9623,1.159,3.6506,-3.6304,63.408,3.109,1.1742,169.708,0.0415,0.0085,0.0976,11.4552,1,3.3035,3.3236,nan,2.9863,2.9620,0.1173,0.3350,1.0333,0.0088,-0.0209,0.4539,23.0642,0.0800,-2.5056,0.2110
45.401,167.347,4.5169,-0.2530,69.579,4.3510,-0.4383,68.061,-0.2315,0.0908,0.2487,-1.518,0.6441,3.0512,0.170,3.6965,-3.5005,67.890,3.014,1.5121,169.902,0.0915,0.0154,0.0976,6.3541,1,3.0219,2.9649,nan,2.9397,2.7156,0.1075,0.3044,1.0333,0.0254,0.0113,0.4866,23.1640,0.0800,-0.9045,0.2110
45.450,167.347,4.5169,-0.2530,69.579,4.3510,-0.4383,68.061,-0.2315,0.0908,0.2487,-1.518,0.6441,3.0512,0.170,3.6965,-3.5005,67.890,3.014,1.5121,169.902,0.0915,0.0154,0.0976,6.3541,1,3.3221,3.5978,nan,2.9975,3.1043,0.1229,0.3635,1.0333,0.0182,0.0139,0.5562,23.3637,0.0800,-2.1023,0.2110
45.500,167.536,4.5744,-0.0736,75.196,4.4496,-0.1534,74.589,-0.1091,0.1003,0.1482,-0.607,0.7386,3.1424,-1.124,3.7749,-3.2225,75.713,2.876,1.3699,170.087,0.0095,0.0101,0.0940,9.3350,1,2.9344,2.6166,nan,2.9472,2.9569,0.1171,0.3773,1.0333,0.0116,-0.0110,0.5937,23.4636,0.0056,-4.4280,0.2110
45.550,167.717,4.6135,0.1031,80.203,4.4558,-0.0666,78.737,-0.1940,0.1265,0.2316,-1.466,0.7386,3.1424,-1.124,3.7794,-3.1355,79.861,2.766,1.5008,170.266,0.0872,0.0162,0.1336,8.2602,1,2.9882,3.0225,nan,3.0519,3.1004,0.1228,0.3811,1.0333,0.0168,-0.0527,0.6745,23.6633,0.0280,2.3702,0.2110
45.600,167.875,4.6340,0.2605,85.381,4.5357,0.2036,83.661,-0.0646,0.0934,0.1136,-1.720,0.8419,3.2560,-2.037,3.8000,-2.9192,85.698,2.886,1.6519,170.434,0.0401,0.0155,0.0807,5.1981,1,2.9970,3.0225,nan,3.1786,3.3167,0.1314,0.3934,1.0333,0.0099,-0.0458,0.7002,23.7631,0.0799,2.3702,0.2110
45.650,168.085,4.6387,0.4697,92.501,4.5429,0.3497,89.455,-0.1157,0.1010,0.1536,-3.046,0.8419,3.2560,-2.037,3.8019,-2.7729,91.492,2.893,1.8000,170.649,0.0920,0.0235,0.0940,4.0050,1,2.7125,2.6500,nan,3.1786,3.3045,0.1309,0.4017,1.2292,-0.0536,-0.1074,0.6218,23.9628,0.0729,0.0430,0.2110
45.700,168.085,4.6387,0.4697,92.501,4.5722,0.3894,89.470,-0.0773,0.0700,0.1043,-3.031,0.8705,3.2947,-2.021,3.8019,-2.7729,91.492,2.893,1.8000,170.649,0.0920,0.0235,0.0571,2.4326,1,3.0226,3.3708,nan,3.4637,3.4664,0.1373,0.3604,1.4628,-0.1302,-0.1089,0.5430,24.1625,0.0015,2.8559,0.2110
45.750,168.257,4.6228,0.6413,98.625,4.5819,0.6889,98.139,0.0532,0.0333,0.0627,-0.487,0.8705,3.2913,-1.735,3.7885,-2.4888,99.874,3.032,1.9015,170.835,0.0443,0.0154,0.0074,0.4785,1,2.6994,2.6001,nan,3.3890,3.5058,0.1388,0.3571,1.3296,-0.1332,-0.0850,0.5074,24.2624,0.0800,0.9791,0.2110
45.800,168.469,4.5780,0.8486,106.242,4.5602,0.8308,104.641,-0.0121,0.0221,0.0251,-1.601,0.8887,3.3173,-1.968,3.7547,-2.3589,106.609,3.121,1.7953,171.058,0.0544,0.0180,0.0303,1.6790,1,2.5952,2.6001,nan,3.5403,3.4325,0.1359,0.3208,1.3006,-0.1560,-0.0339,0.4730,24.3622,0.0800,0.9791,0.2110
45.850,168.709,4.4965,1.0738,113.884,4.4799,1.0501,110.948,-0.0150,0.0247,0.0289,-2.936,0.8887,3.3173,-1.968,3.6670,-2.1426,112.915,3.252,1.6353,171.310,0.0651,0.0166,0.0341,2.0543,1,2.8771,3.0683,nan,3.7795,3.7826,0.1498,0.2610,1.4949,-0.1742,-0.0460,0.4034,24.5619,0.0800,2.6755,0.2110
45.900,168.709,4.4965,1.0738,113.884,4.4807,1.0667,110.977,-0.0000,0.0173,0.0173,-2.906,0.8882,3.3321,-1.938,3.6670,-2.1426,112.915,3.252,1.6353,171.310,0.0651,0.0166,0.0287,1.7307,1,3.0780,3.8905,nan,3.9450,4.0443,0.1602,0.1908,1.6606,-0.1842,-0.0259,0.3333,24.7616,0.0800,0.7284,0.2110
45.950,168.941,4.3906,1.2812,120.430,4.3298,1.3445,119.256,0.0854,0.0204,0.0878,-1.174,0.8531,3.2707,-1.028,3.5106,-1.8635,120.285,3.346,1.3779,171.552,0.0810,0.0206,0.0074,0.3602,1,3.3651,3.5571,nan,4.1965,4.2929,0.1700,0.1066,1.8824,-0.1946,-0.0169,0.2684,24.9613,0.0548,4.2799,0.2110
46.000,169.127,4.2909,1.4381,124.662,4.1897,1.5315,125.354,0.1344,0.0301,0.1377,0.692,0.8351,3.2502,-0.607,3.3726,-1.6830,125.960,3.541,1.1121,171.752,0.1239,0.0135,0.0323,2.3822,1,3.4925,3.5571,nan,4.2792,4.2973,0.1702,0.0368,1.9859,-0.1652,0.0187,0.2009,25.1610,0.0099,4.2799,0.2110
46.050,169.127,4.2909,1.4381,124.662,4.1897,1.5315,125.354,0.1344,0.0301,0.1377,0.692,0.8351,3.2502,-0.607,3.3726,-1.6830,125.960,3.541,1.1121,171.752,0.1239,0.0135,0.0323,2.3822,1,3.1060,2.8637,nan,4.2792,4.2140,0.1669,0.0280,1.7661,-0.1542,0.0275,0.1710,25.2608,0.0800,5.4192,0.2110
46.100,169.386,4.1364,1.6451,128.664,4.0996,1.6532,127.872,0.0293,0.0237,0.0377,-0.792,0.8560,3.2897,-1.186,3.2768,-1.5691,129.058,3.833,0.4634,172.030,0.0816,0.0144,0.0300,2.0911,1,3.3365,4.0305,nan,4.3955,4.5036,0.1784,0.0108,1.7792,-0.1528,-0.0035,0.1056,25.4605,0.0800,4.6448,0.2110
46.150,169.631,3.9814,1.8351,129.506,3.9082,1.8948,128.369,0.0926,0.0185,0.0944,-1.137,0.8806,3.3214,-1.848,3.0720,-1.3282,130.217,4.038,0.1850,172.288,0.1094,0.0094,0.0167,1.7779,1,3.5192,4.4181,nan,4.1879,4.0399,0.1600,0.0383,1.6020,-0.1753,-0.0397,0.0062,25.7600,-0.0782,1.2058,0.2110
46.200,169.871,3.8276,2.0195,130.036,3.7225,2.1355,128.034,0.1564,0.0059,0.1565,-2.001,0.8917,3.3342,-2.160,2.8739,-1.0912,130.194,4.127,0.0722,172.534,0.1608,0.0121,0.0071,0.5893,1,3.7553,4.4181,nan,3.9865,4.1717,0.1652,0.0331,1.5253,-0.1939,-0.0370,-0.0596,25.9597,-0.0800,1.2058,0.2110
46.250,169.871,3.8276,2.0195,130.036,3.7225,2.1355,128.034,0.1564,0.0059,0.1565,-2.001,0.8917,3.3342,-2.160,2.8739,-1.0912,130.194,4.127,0.0722,172.534,0.1608,0.0121,0.0071,0.5893,1,3.7752,3.8095,nan,3.7741,3.8540,0.1526,0.0418,1.4702,-0.2037,-0.0408,-0.0886,26.0596,0.0800,3.5913,0.2110
46.300,170.226,3.5983,2.2903,130.515,3.5725,2.3215,128.634,0.0405,-0.0007,0.0405,-1.880,0.8826,3.3105,-1.706,2.7182,-0.9084,130.340,4.231,0.2130,172.896,0.0896,0.0126,0.0099,0.7874,1,3.9507,4.9317,nan,3.3264,3.2558,0.1289,0.0325,1.2956,-0.2029,0.0385,-0.2172,26.4589,0.0800,-1.9031,0.2110
46.350,170.526,3.4015,2.5174,131.426,3.3313,2.6165,129.756,0.1207,-0.0130,0.1214,-1.671,0.8853,3.2972,-1.518,2.4632,-0.6157,131.273,4.094,0.2613,173.189,0.1404,0.0217,0.0167,0.7709,1,4.2318,4.7186,nan,3.0955,3.0046,0.1190,0.0051,1.3117,-0.1749,0.1078,-0.2310,26.6586,-0.0526,-4.2212,0.2110
46.400,170.754,3.2496,2.6871,132.251,3.1531,2.8240,130.715,0.1662,-0.0207,0.1675,-1.536,0.8996,3.2910,-1.680,2.2663,-0.4007,132.396,3.876,0.1989,173.403,0.1963,0.0106,0.0179,1.6976,1,4.4915,4.7186,nan,2.7597,3.1863,0.1262,0.0118,1.3117,-0.1377,0.1898,-0.1722,26.9582,-0.0800,-4.2212,0.2110
46.450,170.983,3.0945,2.8560,132.890,3.0817,2.9028,131.252,0.0430,-0.0225,0.0486,-1.638,0.8996,3.2910,-1.680,2.1926,-0.3240,132.932,3.458,0.0837,173.608,0.1041,0.0183,0.0068,0.3701,1,4.1969,3.3145,nan,2.7597,2.8916,0.1145,0.0265,1.3117,-0.1311,0.1908,-0.1722,26.9582,-0.0800,-9.1564,0.2110
46.500,170.983,3.0945,2.8560,132.890,3.0817,2.9028,131.252,0.0430,-0.0225,0.0486,-1.638,0.8996,3.2910,-1.680,2.1926,-0.3240,132.932,3.458,0.0837,173.608,0.1041,0.0183,0.0068,0.3701,1,3.7961,3.4561,nan,2.5525,2.5455,0.1008,0.0564,1.2448,-0.0988,0.2074,-0.0168,27.1579,-0.0800,-5.2615,0.2152
46.550,171.184,2.9578,3.0025,133.097,2.9460,3.0437,132.072,0.0381,-0.0196,0.0428,-1.025,0.9168,3.2381,-1.131,2.0327,-0.1543,133.203,3.249,0.0831,173.797,0.1251,0.0097,0.0026,0.2673,1,3.4371,2.9177,nan,2.5525,2.6016,0.1030,0.0182,1.1271,-0.0755,0.2193,-0.0168,27.1579,0.0284,-6.1011,0.2152
46.600,171.391,2.8158,3.1531,133.594,2.8462,3.1433,132.261,-0.0281,-0.0152,0.0319,-1.333,0.9351,3.2093,-1.181,1.9120,-0.0266,133.443,2.946,0.2292,173.989,0.1059,0.0184,0.0034,0.1841,1,3.0735,2.9177,nan,2.5525,2.4986,0.0990,0.0176,1.0079,-0.0472,0.2122,0.1345,27.3575,0.0800,-6.1011,0.2152
46.650,171.594,2.6744,3.2991,134.512,2.7335,3.2627,133.313,-0.0674,-0.0166,0.0694,-1.199,0.9351,3.2093,-1.181,1.7969,0.0905,134.494,2.611,0.0726,174.178,0.0923,0.0149,0.0080,0.5363,1,2.7604,2.6751,nan,2.5525,2.1855,0.0866,-0.0234,0.9052,-0.0224,0.2344,0.1345,27.3575,0.0800,-7.8486,0.2152
46.700,171.594,2.6744,3.2991,134.512,2.7308,3.2529,133.820,-0.0725,-0.0079,0.0730,-0.693,0.9330,3.1836,-0.674,1.7969,0.0905,134.494,2.611,0.0726,174.178,0.0923,0.0149,0.0054,0.3649,1,2.7280,2.7452,nan,2.4546,2.1994,0.0871,-0.0043,0.8946,0.0188,0.2236,0.2044,27.4574,0.0800,-2.8588,0.2152
46.750,171.745,2.5685,3.4063,134.746,2.6137,3.3630,134.836,-0.0626,-0.0017,0.0626,0.090,0.9436,3.1448,0.059,1.6704,0.2164,134.777,2.508,0.0617,174.323,0.1030,0.0104,0.0129,1.2398,1,2.4096,2.3075,nan,2.3597,1.9314,0.0765,-0.0086,0.8000,0.0352,0.2015,0.2826,27.5572,0.0800,-3.3578,0.2152
46.800,171.918,2.4467,3.5296,134.472,2.5226,3.4543,135.047,-0.1069,-0.0014,0.1069,0.574,0.9436,3.1448,0.059,1.5793,0.3078,134.987,2.240,-0.0142,174.486,0.0925,0.0099,0.0268,2.7237,1,2.3052,2.3075,nan,2.3597,2.4012,0.0951,0.0207,0.8000,0.0619,0.1856,0.3547,27.6571,0.0240,-3.3578,0.2152
46.851,172.073,2.3384,3.6401,134.461,2.3991,3.5744,134.974,-0.0894,0.0027,0.0894,0.512,0.9410,3.1316,0.557,1.4623,0.4287,134.417,2.223,0.0720,174.639,0.0927,0.0144,0.0157,1.0899,1,2.3652,2.3949,nan,2.1794,1.9935,0.0790,0.1451,0.8000,0.0780,0.1317,0.4357,27.7569,0.0800,-1.5596,0.2152
46.900,172.073,2.3384,3.6401,134.461,2.3991,3.5744,134.974,-0.0894,0.0027,0.0894,0.512,0.9410,3.1316,0.557,1.4623,0.4287,134.417,2.223,0.0720,174.639,0.0927,0.0144,0.0157,1.0899,1,2.2500,2.2495,nan,2.1794,1.9286,0.0764,0.2283,0.8000,0.0947,0.1013,0.5117,27.8568,0.0800,2.8593,0.2152
46.950,172.210,2.2423,3.7376,134.721,2.3094,3.6636,135.269,-0.0998,0.0044,0.0999,0.548,0.9410,3.1316,0.557,1.3735,0.5187,134.712,2.285,0.1465,174.778,0.0916,0.0109,0.0236,2.1605,1,2.2664,2.2870,nan,2.0079,2.0334,0.0805,0.4402,0.8000,0.1003,-0.0069,0.6714,28.0565,0.0800,-6.9980,0.2152
47.000,172.340,2.1495,3.8293,136.247,2.2037,3.7599,136.445,-0.0872,0.0126,0.0881,0.198,0.9497,3.1094,1.180,1.2672,0.6245,135.265,2.037,0.5467,174.900,0.0944,0.0161,0.0199,1.2416,1,1.9742,1.8913,nan,1.9247,1.7796,0.0705,0.5674,0.8000,0.0991,-0.0509,0.7566,28.1563,0.0800,-3.7933,0.2152
47.050,172.462,2.0599,3.9116,138.693,2.1327,3.8180,139.382,-0.1164,0.0223,0.1185,0.689,0.9497,3.1094,1.180,1.1973,0.6841,138.202,1.923,0.7182,175.018,0.0932,0.0127,0.0388,3.0490,1,1.8889,1.8913,nan,1.9247,1.9519,0.0773,0.5841,0.8000,0.1144,0.0120,0.7566,28.1563,0.0158,-3.7933,0.2152
47.100,172.462,2.0599,3.9116,138.693,2.1327,3.8180,139.382,-0.1164,0.0223,0.1185,0.689,0.9497,3.1094,1.180,1.1973,0.6841,138.202,1.923,0.7182,175.018,0.0932,0.0127,0.0388,3.0490,1,1.8969,1.9131,nan,1.8477,1.7331,0.0686,0.6868,0.8000,0.1169,-0.0131,0.8427,28.2561,0.0800,1.4329,0.2152
47.150,172.599,1.9532,3.9987,143.634,1.9985,3.9366,143.214,-0.0733,0.0231,0.0769,-0.420,0.9335,3.1358,1.446,1.0850,0.7737,141.768,1.923,1.5173,175.158,0.0953,0.0125,0.0264,2.1099,1,1.8768,1.8889,nan,1.7661,1.7737,0.0702,0.7717,0.8000,0.1091,-0.0608,1.0369,28.4558,0.0800,-2.5271,0.2152
47.200,172.742,1.8336,4.0756,151.118,1.8760,4.0085,151.270,-0.0696,0.0383,0.0794,0.153,0.9283,3.1456,1.390,0.9684,0.8397,149.881,1.816,1.7904,175.301,0.1013,0.0140,0.0361,2.5816,1,1.8744,1.8889,nan,1.7586,1.8058,0.0715,0.8386,0.8000,0.1030,-0.0938,1.1429,28.5557,0.0800,-2.5271,0.2152
47.250,172.857,1.7297,4.1247,158.388,1.7694,4.0707,158.142,-0.0568,0.0356,0.0671,-0.247,0.9243,3.1557,0.861,0.8588,0.9022,157.281,1.667,1.9707,175.417,0.0956,0.0344,0.0407,1.1820,1,1.9642,1.9973,nan,1.7661,1.8830,0.0746,0.8843,0.8000,0.0803,-0.0868,1.2721,28.6555,0.0677,-4.8204,0.2152
47.300,172.857,1.7297,4.1247,158.388,1.7694,4.0707,158.142,-0.0568,0.0356,0.0671,-0.247,0.9243,3.1557,0.861,0.8588,0.9022,157.281,1.667,1.9707,175.417,0.0956,0.0344,0.0407,1.1820,1,1.9158,1.9242,nan,1.7586,1.7777,0.0704,0.8827,0.8000,0.0782,-0.1018,1.3987,28.7554,0.0111,-1.3380,0.2152
47.350,172.960,1.6316,4.1563,166.246,1.6426,4.1230,166.339,-0.0186,0.0297,0.0351,0.093,0.9121,3.1865,0.355,0.7363,0.9319,165.984,1.614,2.3385,175.529,0.1159,0.0156,0.0244,1.5602,1,1.7075,1.6744,nan,1.7586,1.7974,0.0712,0.8661,0.8000,0.0582,-0.1196,1.5113,28.8552,0.0225,-1.3409,0.2152
47.400,173.071,1.5216,4.1738,175.690,1.5256,4.1409,176.863,-0.0064,0.0325,0.0331,1.173,0.9065,3.2019,0.058,0.6201,0.9384,176.805,1.609,2.3621,175.655,0.1274,0.0148,0.0267,1.8062,1,1.6669,1.6744,nan,1.8178,1.9325,0.0765,0.8483,0.8000,0.0484,-0.1526,1.5094,28.9551,0.0664,-1.3409,0.2152
47.450,173.176,1.4162,4.1735,-175.401,1.4391,4.1397,-176.957,-0.0201,0.0355,0.0408,-1.556,0.9004,3.2131,-0.274,0.5342,0.9292,-176.683,1.552,2.2894,175.771,0.1188,0.0334,0.0232,0.6940,1,1.6032,1.6069,nan,1.8902,1.9232,0.0762,0.8308,0.8000,0.0347,-0.2069,1.5114,29.0549,0.0800,-2.2712,0.2152
47.500,173.176,1.4162,4.1735,-175.401,1.4391,4.1397,-176.957,-0.0201,0.0355,0.0408,-1.556,0.9004,3.2131,-0.274,0.5342,0.9292,-176.683,1.552,2.2894,175.771,0.1188,0.0334,0.0232,0.6940,1,1.8910,2.0574,nan,2.0424,2.0703,0.0820,0.8656,0.8000,0.0014,-0.2242,1.4257,29.1548,0.0161,-1.2618,0.2152
47.550,173.281,1.3128,4.1574,-166.893,1.2896,4.1058,-166.641,0.0343,0.0450,0.0565,0.252,0.9157,3.2105,-0.220,0.3705,0.8968,-166.421,1.649,2.2791,175.893,0.1752,0.0156,0.0412,2.6487,1,1.7923,1.7913,nan,2.0424,2.0033,0.0793,0.8431,0.8000,0.0065,-0.2514,1.2804,29.2546,-0.0227,-0.1486,0.2152
47.600,173.387,1.2114,4.1258,-158.459,1.2239,4.0746,-158.879,0.0072,0.0522,0.0527,-0.420,0.9382,3.2154,0.020,0.2860,0.8591,-158.899,1.677,2.4123,176.013,0.1657,0.0397,0.0414,1.0410,1,1.9311,1.9784,nan,2.1215,2.0370,0.0807,0.7439,0.8000,0.0017,-0.1313,1.2804,29.2546,-0.0489,0.3127,0.2152
47.650,173.488,1.1204,4.0821,-150.088,1.1080,4.0163,-149.171,0.0436,0.0509,0.0670,0.917,0.9512,3.2192,0.041,0.1573,0.7970,-149.212,1.740,2.4374,176.131,0.2065,0.0126,0.0325,2.5900,1,1.9584,1.9784,nan,2.2827,2.2429,0.0888,0.7517,0.8000,-0.0278,-0.2275,1.0491,29.4543,-0.0230,0.3127,0.2152
47.700,173.488,1.1204,4.0821,-150.088,1.1080,4.0163,-149.171,0.0436,0.0509,0.0670,0.917,0.9512,3.2192,0.041,0.1573,0.7970,-149.212,1.740,2.4374,176.131,0.2065,0.0126,0.0325,2.5900,1,1.7860,1.7665,nan,2.2013,2.2307,0.0883,0.6482,0.8000,-0.0212,-0.1181,1.0491,29.4543,0.0170,-0.7924,0.2152
47.750,173.610,1.0202,4.0126,-140.468,1.0154,3.9369,-139.471,0.0519,0.0554,0.0759,0.997,0.9501,3.2199,-0.242,0.0622,0.7172,-139.229,1.795,2.2436,176.269,0.2091,0.0154,0.0187,1.2141,1,1.7756,1.7882,nan,2.2827,2.3617,0.0935,0.6156,0.8000,-0.0261,-0.1323,0.9496,29.5541,0.0457,2.5692,0.2152
47.800,173.743,0.9248,3.9201,-131.019,0.9519,3.8514,-133.582,0.0340,0.0655,0.0738,-2.563,0.9542,3.2108,-0.237,-0.0050,0.6406,-133.344,1.926,2.3746,176.424,0.1775,0.0373,0.0186,0.4993,1,2.0112,2.7922,nan,2.5356,2.5947,0.1028,0.5448,0.8735,-0.0417,-0.1462,0.7754,29.7538,0.0342,0.1586,0.2152
47.850,173.850,0.8594,3.8355,-124.527,0.8334,3.6745,-122.296,0.1474,0.0699,0.1631,2.231,0.9726,3.2191,0.479,-0.1354,0.4565,-122.775,2.012,2.0910,176.540,0.2943,0.0168,0.0332,1.9719,1,2.2930,2.7922,nan,2.6236,2.5170,0.0997,0.4411,1.0311,-0.0585,-0.1015,0.6982,29.8537,-0.0617,0.1586,0.2152
47.900,173.996,0.7853,3.7094,-116.442,0.8001,3.6083,-116.120,0.0840,0.0582,0.1022,0.323,0.9726,3.2191,0.479,-0.1693,0.3906,-116.599,2.188,1.5784,176.702,0.2228,0.0296,0.0292,0.9872,1,2.0030,1.9240,nan,2.6236,2.7374,0.1084,0.3896,0.9007,-0.0403,-0.0317,0.6982,29.8537,0.0659,0.0768,0.2152
47.950,173.996,0.7853,3.7094,-116.442,0.8016,3.6127,-116.769,0.0793,0.0577,0.0981,-0.326,0.9698,3.2216,-0.170,-0.1693,0.3906,-116.599,2.188,1.5784,176.702,0.2228,0.0296,0.0213,0.7201,1,2.2895,2.4656,nan,2.8047,2.7972,0.1108,0.3626,1.1029,-0.0667,-0.1083,0.5523,30.0534,-0.0043,4.9333,0.2152
48.000,174.124,0.7336,3.5929,-111.355,0.7262,3.4422,-110.308,0.1430,0.0480,0.1508,1.047,0.9783,3.2323,0.130,-0.2516,0.2105,-110.438,2.338,1.6215,176.838,0.2907,0.0198,0.0193,0.9725,1,2.1016,2.0799,nan,2.8975,2.9754,0.1178,0.2862,1.0495,-0.0604,-0.0872,0.4800,30.1532,0.0800,1.1900,0.2152
48.050,174.316,0.6740,3.4097,-104.623,0.6908,3.3111,-104.032,0.0912,0.0412,0.1000,0.591,0.9769,3.2343,-0.046,-0.2861,0.0766,-103.987,2.566,1.4622,177.043,0.2370,0.0205,0.0080,0.3919,1,2.0680,2.0799,nan,2.9910,2.9746,0.1178,0.2223,1.0701,-0.0658,-0.0507,0.4113,30.2531,0.0800,1.1900,0.2152
48.100,174.316,0.6740,3.4097,-104.623,0.6908,3.3111,-104.032,0.0912,0.0412,0.1000,0.591,0.9769,3.2343,-0.046,-0.2861,0.0766,-103.987,2.566,1.4622,177.043,0.2370,0.0205,0.0080,0.3919,1,2.3727,2.6065,nan,3.1781,3.3106,0.1311,0.1876,1.2717,-0.1008,-0.0367,0.3454,30.3529,0.0800,2.2974,0.2152
48.150,174.514,0.6347,3.2164,-98.248,0.6404,3.1314,-98.358,0.0833,0.0178,0.0852,-0.110,0.9859,3.2657,0.589,-0.3469,-0.1308,-98.947,2.693,1.2487,177.249,0.2620,0.0218,0.0164,0.7521,1,2.6884,3.0321,nan,3.3568,3.3489,0.1326,0.0890,1.5520,-0.1005,-0.0244,0.2139,30.5526,-0.0046,4.1616,0.2152
48.200,174.686,0.6153,3.0449,-94.770,0.6223,2.9143,-94.424,0.1296,0.0178,0.1308,0.346,0.9853,3.2560,-0.551,-0.3597,-0.3452,-93.873,2.841,0.9789,177.428,0.2904,0.0191,0.0153,0.8009,1,2.8702,2.9481,nan,3.5237,3.4845,0.1380,0.0421,1.7286,-0.0883,-0.0038,0.1431,30.6524,-0.0227,1.1023,0.2152
48.250,174.877,0.6046,2.8541,-91.567,0.6161,2.7303,-91.392,0.1235,0.0149,0.1244,0.176,0.9854,3.2681,-0.454,-0.3651,-0.5408,-90.937,3.095,0.7405,177.632,0.2911,0.0213,0.0046,0.2154,1,2.9161,2.9481,nan,3.6803,3.7024,0.1466,0.0192,1.8864,-0.1021,0.0090,0.0173,30.8521,0.0128,1.1023,0.2152
48.300,175.087,0.6023,2.6445,-89.870,0.6182,2.5524,-89.531,0.0921,0.0157,0.0934,0.339,0.9854,3.2681,-0.454,-0.3616,-0.7186,-89.077,3.246,0.2861,177.849,0.2622,0.0195,0.0079,0.4045,1,2.9568,2.9880,nan,3.7552,3.8036,0.1506,0.0047,1.9128,-0.0985,0.0227,-0.0050,30.9520,0.0280,3.3592,0.2152
48.350,175.087,0.6023,2.6445,-89.870,0.6111,2.5431,-90.114,0.1014,0.0085,0.1018,-0.245,0.9856,3.2550,-1.038,-0.3616,-0.7186,-89.077,3.246,0.2861,177.849,0.2622,0.0195,0.0073,0.3764,1,3.2566,3.7082,nan,3.9673,3.9633,0.1570,0.0179,2.1067,-0.1168,-0.0047,-0.0132,31.2515,-0.0023,5.3938,0.2152
48.400,175.293,0.6037,2.4379,-89.514,0.6116,2.2721,-89.641,0.1659,0.0065,0.1660,-0.127,0.9866,3.2679,-0.837,-0.3605,-1.0013,-88.804,3.492,0.0398,178.068,0.3253,0.0217,0.0163,0.7508,1,3.3502,3.3984,nan,4.0996,4.1348,0.1638,0.0263,2.1673,-0.1227,-0.0192,-0.0192,31.4512,0.0201,3.7628,0.2152
48.450,175.523,0.6061,2.2086,-89.385,0.6162,2.0622,-89.651,0.1465,0.0085,0.1467,-0.266,0.9813,3.2528,-0.280,-0.3593,-1.1924,-89.371,3.658,0.0917,178.307,0.2937,0.0208,0.0110,0.5297,1,3.6278,3.8246,nan,4.1632,4.0409,0.1600,0.0158,2.3468,-0.1194,-0.0089,-0.0247,31.5510,-0.0655,3.3457,0.2152
48.500,175.747,0.6092,1.9845,-89.031,0.6224,1.7926,-88.846,0.1921,0.0100,0.1924,0.185,0.9728,3.2604,0.198,-0.3554,-1.4666,-89.044,3.799,0.1393,178.539,0.3358,0.0201,0.0033,0.1625,1,3.7580,3.8246,nan,4.4041,4.3807,0.1735,0.0010,2.4311,-0.1091,0.0141,-0.0302,31.8506,-0.0122,3.3457,0.2181
48.550,175.747,0.6092,1.9845,-89.031,0.6224,1.7926,-88.846,0.1921,0.0100,0.1924,0.185,0.9728,3.2604,0.198,-0.3554,-1.4666,-89.044,3.799,0.1393,178.539,0.3358,0.0201,0.0033,0.1625,1,3.5864,3.5847,nan,4.4041,4.5088,0.1786,-0.0104,2.3212,-0.0977,0.0351,-0.0272,31.9504,0.0568,3.6565,0.2181
48.600,176.027,0.6154,1.7040,-88.454,0.6301,1.5291,-88.360,0.1753,0.0100,0.1755,0.094,0.9773,3.2584,0.050,-0.3487,-1.7290,-88.410,3.987,0.0167,178.831,0.3200,0.0187,0.0018,0.0954,1,3.7317,3.8035,nan,4.6250,4.7524,0.1882,-0.0130,2.4193,-0.0893,0.0374,-0.0235,32.1501,0.0800,3.9384,0.2181
48.650,176.347,0.6242,1.3844,-88.455,0.6400,1.2299,-88.332,0.1548,0.0116,0.1553,0.123,0.9773,3.2584,0.050,-0.3391,-2.0282,-88.382,4.188,-0.0567,179.164,0.3022,0.0168,0.0024,0.1422,1,3.7663,3.8035,nan,4.6774,4.7772,0.1892,-0.0150,2.4442,-0.0825,0.0407,-0.0254,32.3498,0.0800,3.9384,0.2181
48.700,176.347,0.6242,1.3844,-88.455,0.6399,1.2287,-88.432,0.1560,0.0115,0.1565,0.023,0.9808,3.2566,-0.050,-0.3391,-2.0282,-88.382,4.188,-0.0567,179.164,0.3022,0.0168,0.0023,0.1380,1,4.0621,4.4581,nan,4.8853,5.0241,0.1990,-0.0144,2.6005,-0.0729,0.0381,-0.0214,32.6493,0.0683,3.0842,0.2181
48.750,176.646,0.6318,1.0854,-88.728,0.6477,0.8211,-89.199,0.2646,0.0100,0.2647,-0.471,0.9979,3.2400,-0.492,-0.3294,-2.4218,-88.707,4.361,-0.1002,179.475,0.3843,0.0150,0.0061,0.4046,1,4.0341,4.0628,nan,5.0164,5.0378,0.1995,-0.0134,2.6005,-0.0659,0.0358,-0.0191,32.8490,0.0800,3.8274,0.2181
48.800,176.977,0.6381,0.7548,-89.178,0.6508,0.5547,-89.643,0.2003,0.0098,0.2005,-0.465,0.9979,3.2400,-0.492,-0.3240,-2.6882,-89.151,4.543,-0.1052,179.820,0.3276,0.0133,0.0090,0.6756,1,4.0303,4.0628,nan,5.1421,5.1468,0.2038,-0.0088,2.6074,-0.0635,0.0271,-0.0169,33.0487,0.0800,3.8274,0.2181
48.850,176.977,0.6381,0.7548,-89.178,0.6485,0.5525,-89.448,0.2025,0.0075,0.2026,-0.269,0.9864,3.2389,-0.296,-0.3240,-2.6882,-89.151,4.543,-0.1052,179.820,0.3276,0.0133,0.0091,0.6798,1,4.3267,4.6786,nan,5.3787,5.5444,0.2196,-0.0096,2.6090,-0.0569,0.0298,-0.0158,33.3483,0.0743,1.4758,0.2181
48.900,177.351,0.6422,0.3811,-89.630,0.6468,0.2391,-89.341,0.1420,0.0036,0.1421,0.289,0.9546,3.2941,0.252,-0.3212,-3.0536,-89.593,4.777,-0.0713,180.212,0.3210,0.0125,0.0105,0.8343,1,4.4906,5.7380,nan,5.5447,5.7277,0.2268,-0.0149,2.6127,-0.0467,0.0408,-0.0112,33.6478,0.0799,2.9719,0.2181
48.950,177.691,0.6437,0.0409,-89.905,0.6610,-0.2850,-88.972,0.3260,0.0167,0.3264,0.933,0.9185,3.3250,1.000,-0.3205,-3.6050,-89.972,4.952,-0.0762,180.567,0.5145,0.0126,0.0091,0.7226,1,4.6563,5.7380,nan,5.7526,5.8855,0.2331,-0.0156,2.6170,-0.0344,0.0411,-0.0131,33.9473,0.0800,2.9719,0.2181
49.000,177.691,0.6437,0.0409,-89.905,0.6610,-0.2850,-88.972,0.3260,0.0167,0.3264,0.933,0.9185,3.3250,1.000,-0.3205,-3.6050,-89.972,4.952,-0.0762,180.567,0.5145,0.0126,0.0091,0.7226,1,4.3442,4.2665,nan,5.7019,5.5413,0.2195,-0.0235,2.6172,-0.0180,0.0523,-0.0091,34.0472,0.0800,5.0650,0.2181
49.050,178.089,0.6434,-0.3575,-90.262,0.6594,-0.4382,-89.169,0.0806,0.0164,0.0822,1.093,0.9103,3.3617,1.059,-0.3211,-3.7946,-90.228,5.236,-0.1205,180.990,0.3237,0.0126,0.0105,0.8326,1,4.5119,5.7511,nan,5.8993,5.7014,0.2258,-0.0225,2.6149,-0.0002,0.0473,-0.0105,34.3467,0.0800,5.1250,0.2181
49.100,178.515,0.6395,-0.7836,-90.881,0.6639,-0.9784,-89.721,0.1944,0.0274,0.1963,1.160,0.9103,3.3617,1.059,-0.3266,-4.3348,-90.780,5.487,-0.1848,181.440,0.4265,0.0127,0.0157,1.2302,1,4.6785,5.7511,nan,6.0841,5.8607,0.2321,-0.0208,2.6144,0.0085,0.0445,-0.0037,34.6462,0.0800,5.1250,0.2181
49.150,178.515,0.6395,-0.7836,-90.881,0.6660,-0.9485,-89.797,0.1645,0.0291,0.1670,1.084,0.9182,3.3913,0.983,-0.3266,-4.3348,-90.780,5.487,-0.1848,181.440,0.4265,0.0127,0.0162,1.2704,1,4.8408,6.0122,nan,6.1722,6.0161,0.2383,-0.0144,2.6144,0.0175,0.0301,-0.0003,34.9458,0.0800,-1.0971,0.2181
49.200,178.908,0.6312,-1.1764,-91.671,0.6562,-1.3520,-90.881,0.1748,0.0301,0.1774,0.790,0.9307,3.4453,0.776,-0.3394,-4.7931,-91.657,5.456,-0.1808,181.834,0.4891,0.0127,0.0116,0.9170,1,5.1036,5.3959,nan,6.2992,6.2869,0.2490,-0.0069,2.6144,0.0119,0.0177,-0.0016,35.1455,0.0800,2.6240,0.2181
49.250,179.295,0.6178,-1.5632,-92.381,0.6434,-1.6514,-91.920,0.0871,0.0292,0.0918,0.461,0.9543,3.4823,0.490,-0.3549,-5.1308,-92.411,5.586,-0.1482,182.235,0.4442,0.0171,0.0047,0.2753,1,5.2538,5.3959,nan,6.4205,6.4297,0.2546,-0.0028,2.6144,0.0157,0.0088,0.0010,35.4450,0.0800,2.6240,0.2181
49.300,179.295,0.6178,-1.5632,-92.381,0.6434,-1.6514,-91.920,0.0871,0.0292,0.0918,0.461,0.9543,3.4823,0.490,-0.3549,-5.1308,-92.411,5.586,-0.1482,182.457,0.4442,0.0171,0.0047,0.2753,1,5.4566,5.6732,nan,6.5363,6.6357,0.2628,0.0042,2.6144,0.0096,-0.0016,0.0031,35.6447,0.0800,2.6655,0.2181
49.350,179.721,0.5984,-1.9881,-92.861,0.6303,-2.0346,-91.810,0.0449,0.0342,0.0564,1.051,0.8918,3.5344,1.193,-0.3774,-5.5624,-93.004,5.771,-0.0329,182.680,0.4516,0.0151,0.0166,1.1020,1,5.7132,6.0918,nan,6.6829,6.8939,0.2730,-0.0047,2.6144,0.0224,0.0144,0.0056,35.9442,0.0800,4.6951,0.2181
49.400,180.104,0.5789,-2.3710,-92.959,0.6190,-2.4081,-92.149,0.0350,0.0420,0.0547,0.810,0.9300,3.5560,0.826,-0.3970,-5.9591,-92.975,6.001,-0.0010,183.088,0.4643,0.0128,0.0261,2.0320,1,5.9776,6.7445,nan,6.8214,6.9720,0.2761,-0.0043,2.6144,0.0278,0.0128,0.0130,36.3436,0.0527,4.0532,0.2181
49.450,180.508,0.5583,-2.7743,-92.858,0.6047,-2.9048,-91.969,0.1280,0.0529,0.1385,0.889,0.9168,3.6048,0.995,-0.4250,-6.5032,-92.963,6.224,-0.0302,183.517,0.5993,0.0129,0.0332,2.5794,1,6.2377,6.7445,nan,6.9207,6.9612,0.2757,0.0005,2.6144,0.0254,0.0038,0.0093,36.6431,0.0137,4.0532,0.2181
49.500,180.508,0.5583,-2.7743,-92.858,0.6047,-2.9048,-91.969,0.1280,0.0529,0.1385,0.889,0.9168,3.6048,0.995,-0.4250,-6.5032,-92.963,6.224,-0.0302,183.517,0.5993,0.0129,0.0332,2.5794,1,5.9108,5.7828,nan,6.9528,7.0492,0.2792,-0.0006,2.6144,0.0320,0.0032,0.0117,36.8428,0.0800,4.2579,0.2181
49.550,180.952,0.5355,-3.2181,-93.040,0.5814,-3.2647,-92.711,0.0441,0.0483,0.0654,0.329,0.9909,3.5784,0.271,-0.4418,-6.8411,-92.982,6.444,-0.0493,183.987,0.4974,0.0129,0.0277,2.1497,1,6.1627,6.5910,nan,7.1079,7.2983,0.2890,0.0029,2.6144,0.0304,-0.0055,0.0146,37.2422,0.0800,2.2286,0.2181
49.600,181.449,0.5092,-3.7138,-93.024,0.5543,-3.7683,-92.175,0.0520,0.0480,0.0707,0.848,0.8886,3.6035,1.066,-0.4713,-7.3643,-93.241,6.602,-0.0033,184.505,0.5242,0.0129,0.0358,2.7781,1,6.3417,6.5910,nan,7.1961,7.4035,0.2932,0.0160,2.6184,0.0045,-0.0239,0.0096,37.5417,0.0694,2.2286,0.2181
49.651,181.949,0.4826,-4.2130,-93.024,0.5356,-4.3432,-91.972,0.1273,0.0598,0.1406,1.052,0.8886,3.6035,1.066,-0.5007,-7.9388,-93.037,6.732,0.1285,185.024,0.5963,0.0128,0.0468,3.6615,1,6.6052,7.3634,nan,7.3363,7.4685,0.2958,0.0073,2.6184,0.0093,-0.0087,0.0101,38.0410,0.0427,2.0431,0.2181
49.700,181.949,0.4826,-4.2130,-93.024,0.5322,-4.3653,-91.593,0.1494,0.0576,0.1602,1.431,0.8327,3.5836,1.444,-0.5007,-7.9388,-93.037,6.732,0.1285,185.024,0.5963,0.0128,0.0495,3.8731,1,6.8428,7.3134,nan,7.4065,7.4250,0.2941,-0.0002,2.6184,0.0105,0.0059,0.0061,38.4403,0.0058,3.7306,0.2181
49.750,182.386,0.4613,-4.6498,-92.441,0.5149,-4.8445,-90.576,0.1923,0.0618,0.2020,1.865,0.7483,3.5712,1.974,-0.5232,-8.4027,-92.550,6.919,0.1018,185.487,0.6225,0.0128,0.0588,4.6006,1,6.9769,7.2081,nan,7.4065,7.3329,0.2904,-0.0031,2.6225,0.0166,0.0097,0.0099,38.7399,-0.0227,2.7265,0.2181
49.800,182.840,0.4429,-5.1040,-92.160,0.5154,-5.3917,-90.017,0.2847,0.0833,0.2967,2.143,0.7483,3.5712,1.974,-0.5415,-8.9495,-91.991,7.050,0.0214,185.961,0.7114,0.0126,0.0820,6.4910,1,7.0461,7.2081,nan,7.4065,7.2942,0.2889,-0.0095,2.6227,0.0222,0.0208,0.0084,39.1393,-0.0344,2.7265,0.2181
49.852,183.343,0.4241,-5.6065,-92.161,0.5069,-5.6118,-90.283,0.0022,0.0829,0.0830,1.878,0.7678,3.6513,1.802,-0.5520,-9.2503,-92.085,7.108,-0.0002,186.478,0.5165,0.0374,0.0738,1.9753,1,6.6179,6.1987,nan,7.4065,7.6223,0.3019,-0.0039,2.6227,0.0139,0.0114,0.0060,39.2391,0.0702,1.1300,0.2181
49.900,183.343,0.4241,-5.6065,-92.161,0.4867,-5.5928,-90.897,-0.0160,0.0621,0.0641,1.264,0.8469,3.6670,1.188,-0.5520,-9.2503,-92.085,7.108,-0.0002,186.478,0.5165,0.0125,0.0641,5.1122,1,6.7550,8.4144,nan,7.4065,7.2954,0.2889,0.0077,2.6246,-0.0117,-0.0049,0.0074,39.7383,0.0800,0.5941,0.2181
49.950,183.805,0.4057,-6.0675,-92.527,0.4689,-6.2352,-89.857,0.1647,0.0706,0.1792,2.670,0.6471,3.7082,2.305,-0.5779,-9.9281,-92.161,7.090,-0.0850,186.945,0.7259,0.0133,0.0806,6.0390,1,6.9376,7.2493,nan,7.4065,7.4926,0.2967,0.0155,2.6263,-0.0215,-0.0199,0.0037,40.1377,0.0800,2.0880,0.2181
50.000,184.263,0.3850,-6.5250,-92.693,0.4403,-6.5642,-91.494,0.0366,0.0570,0.0677,1.198,0.7951,3.7888,1.363,-0.6010,-10.3416,-92.857,7.201,0.0137,187.421,0.6841,0.0122,0.0564,4.6238,1,7.0464,7.2493,nan,7.4065,7.6102,0.3014,0.0092,2.6263,-0.0207,-0.0064,0.0041,40.4372,0.0800,2.0880,0.2181
50.050,184.728,0.3640,-6.9903,-92.378,0.4310,-6.9682,-91.283,-0.0249,0.0661,0.0706,1.095,0.7951,3.7888,1.363,-0.6198,-10.7453,-92.646,7.138,0.0888,187.887,0.6243,0.0125,0.0648,5.1759,1,6.9851,7.0527,nan,7.4065,7.5439,0.2988,0.0192,2.6251,-0.0526,-0.0155,0.0078,40.7368,0.0800,-1.1426,0.2181
50.100,184.728,0.3640,-6.9903,-92.378,0.4059,-6.9864,-91.944,-0.0056,0.0417,0.0420,0.434,0.8941,3.7656,0.702,-0.6198,-10.7453,-92.646,7.138,0.0888,187.887,0.6243,0.0125,0.0329,2.6306,1,7.2362,7.9267,nan,7.4065,7.5360,0.2985,0.0256,2.6124,-0.0870,-0.0164,0.0031,41.1362,0.0414,-0.7301,0.2181
50.150,185.159,0.3470,-7.4208,-92.030,0.3969,-7.5083,-91.498,0.0857,0.0530,0.1008,0.533,0.9262,3.7866,0.563,-0.6402,-11.2892,-92.060,7.215,0.1521,188.333,0.7344,0.0119,0.0405,3.3878,1,7.1091,7.1429,nan,7.4065,7.6325,0.3023,0.0222,2.6070,-0.0880,-0.0079,0.0034,41.5355,0.0736,0.6543,0.2181
50.200,185.637,0.3325,-7.8980,-91.223,0.3664,-7.9263,-91.004,0.0276,0.0345,0.0442,0.220,0.9235,3.7815,0.459,-0.6509,-11.7030,-91.463,7.245,0.2816,188.821,0.6722,0.0132,0.0222,1.6826,1,7.2529,7.5148,nan,7.4065,7.5233,0.2980,0.0204,2.6029,-0.0872,-0.0038,0.0022,41.8351,0.0373,0.6543,0.2181
50.250,186.144,0.3258,-8.4056,-90.065,0.3686,-8.4908,-89.602,0.0851,0.0429,0.0954,0.463,0.9235,3.7815,0.459,-0.6532,-12.2675,-90.061,7.263,0.2527,189.339,0.7260,0.0125,0.0385,3.0732,1,7.3300,7.5148,nan,7.0003,6.7497,0.2673,0.0130,2.5915,-0.0988,0.0200,0.0043,42.2345,-0.0792,0.1478,0.2181
50.300,186.144,0.3258,-8.4056,-90.065,0.3573,-8.4956,-89.697,0.0900,0.0316,0.0953,0.369,0.9324,3.7758,0.364,-0.6532,-12.2675,-90.061,7.263,0.2527,189.339,0.7260,0.0125,0.0283,2.2551,1,7.1899,7.2169,nan,6.7283,6.6147,0.2620,0.0108,2.5908,-0.0975,0.0286,0.0043,42.5340,-0.0800,0.8411,0.2181
50.350,186.574,0.3277,-8.8354,-89.224,0.3561,-8.9036,-88.495,0.0686,0.0275,0.0739,0.729,0.8749,3.8487,0.562,-0.6438,-12.7466,-89.057,7.301,0.2485,189.779,0.7722,0.0095,0.0255,2.6940,1,6.7655,6.3537,nan,6.5449,6.3772,0.2526,0.0066,2.5824,-0.0861,0.0369,0.0058,42.8335,-0.0574,0.4948,0.2181
50.400,187.072,0.3366,-9.3334,-88.617,0.3523,-9.1821,-88.602,-0.1509,0.0194,0.1521,0.014,1.0375,3.8777,-0.226,-0.6338,-13.0624,-88.377,6.956,0.1305,190.247,0.5955,0.0106,0.0110,1.0378,1,6.8888,7.0978,nan,6.2659,6.0403,0.2392,0.0009,2.5744,-0.0828,0.0511,0.0068,43.1331,0.0800,0.4948,0.2181
50.450,187.549,0.3497,-9.8104,-88.172,0.3701,-9.8560,-88.285,0.0463,0.0189,0.0500,-0.113,1.0375,3.8777,-0.226,-0.6134,-13.7363,-88.059,6.684,0.0755,190.702,0.7847,0.0092,0.0121,1.3049,1,7.1412,7.8533,nan,5.7888,5.7556,0.2279,0.0177,2.5672,-0.0960,0.0281,0.0096,0.2995,-0.0132,-4.6563,0.2181
50.500,187.549,0.3497,-9.8104,-88.172,0.3679,-9.7754,-88.337,-0.0344,0.0193,0.0395,-0.165,1.0478,3.9578,-0.278,-0.6134,-13.7363,-88.059,6.684,0.0755,190.702,0.7847,0.0092,0.0120,1.3006,1,6.6978,6.1612,nan,5.7888,5.8202,0.2305,0.0194,2.5662,-0.0921,0.0254,0.0157,0.3994,0.0800,-4.4368,0.2202
50.550,187.970,0.3638,-10.2305,-87.919,0.3702,-10.0736,-88.284,-0.1565,0.0121,0.1570,-0.365,1.0719,3.9530,-0.411,-0.6012,-14.0313,-87.873,6.471,0.0695,191.106,0.6633,0.0092,0.0145,1.5839,1,6.2797,5.9055,nan,5.5927,5.3552,0.2121,0.0205,2.5607,-0.0859,0.0237,0.0154,0.6989,0.0800,-2.4755,0.2202
50.600,188.448,0.3837,-10.7088,-87.176,0.3835,-10.4962,-88.030,-0.2124,0.0103,0.2126,-0.854,1.0719,3.9530,-0.411,-0.5848,-14.4538,-87.620,6.016,0.1770,191.547,0.6103,0.0075,0.0220,2.9129,1,5.9914,5.9055,nan,5.2915,5.0439,0.1998,0.0249,2.5510,-0.0896,0.0194,0.0205,0.9984,0.0800,-2.4755,0.2202
50.650,188.448,0.3837,-10.7088,-87.176,0.3848,-10.5096,-86.928,-0.1989,0.0109,0.1992,0.248,0.7950,3.9502,0.692,-0.5848,-14.4538,-87.620,6.016,0.1770,191.547,0.6103,0.0075,0.0177,2.3514,1,5.8536,5.8708,nan,5.0853,4.8951,0.1939,0.0051,2.5507,-0.0598,0.0543,0.0229,1.2980,0.0800,-3.4040,0.2202
50.700,188.892,0.4080,-11.1517,-86.402,0.4053,-10.8794,-85.866,-0.2719,0.0144,0.2723,0.536,0.8052,3.9812,0.609,-0.5579,-14.8555,-86.475,5.779,0.2131,191.973,0.5701,0.0052,0.0230,4.4194,1,5.9900,6.1602,nan,4.6566,4.6473,0.1841,0.0025,2.5059,-0.0485,0.0585,0.0279,1.5975,-0.0046,-8.9325,0.2202
50.750,189.236,0.4313,-11.4949,-85.669,0.4291,-11.2948,-85.798,-0.1997,0.0129,0.2001,-0.129,0.9900,3.9448,-0.123,-0.5283,-15.2407,-85.675,5.350,0.0796,192.284,0.6087,0.0049,0.0094,1.9105,1,5.5774,5.2408,nan,4.5456,4.5968,0.1820,0.0018,2.2642,-0.0341,0.0542,0.0280,1.7972,0.0800,-6.4964,0.2202
50.800,189.548,0.4552,-11.8056,-85.532,0.4569,-11.6249,-85.455,-0.1800,0.0158,0.1807,0.077,0.9900,3.9448,-0.123,-0.4998,-15.5707,-85.332,5.060,0.0238,192.575,0.6263,0.0040,0.0164,4.0843,1,5.3028,5.2408,nan,4.3175,4.3016,0.1704,0.0135,1.9584,-0.0398,0.0362,0.0315,2.0967,0.0800,-6.4964,0.2202
50.850,189.548,0.4552,-11.8056,-85.532,0.4537,-11.5916,-85.336,-0.2135,0.0152,0.2140,0.197,0.9543,3.9791,-0.003,-0.4998,-15.5707,-85.332,5.060,0.0238,192.575,0.6263,0.0040,0.0186,4.6184,1,4.9894,3.9790,nan,4.2221,3.9883,0.1580,0.0166,1.9584,-0.0391,0.0334,0.0315,2.0967,0.0800,-6.1614,0.2202
50.900,189.928,0.4850,-12.1850,-85.441,0.4684,-11.6936,-85.393,-0.4912,0.0225,0.4917,0.048,0.9414,4.0482,0.049,-0.4864,-15.7413,-85.441,4.714,0.0859,192.931,0.4333,0.0036,0.0515,14.2481,1,5.1654,5.3231,nan,3.9271,3.9900,0.1580,0.0188,1.6326,-0.0285,0.0259,0.0380,2.4961,0.0364,-6.5539,0.2202
50.950,190.202,0.5074,-12.4578,-85.115,0.4981,-12.0113,-84.559,-0.4457,0.0287,0.4466,0.556,0.7822,4.1203,0.606,-0.4547,-16.1276,-85.165,4.439,0.0960,193.187,0.5366,0.0016,0.0374,23.7067,1,4.7850,4.5900,nan,3.9271,3.7838,0.1499,0.0121,1.5585,-0.0163,0.0291,0.0366,2.5960,0.0800,-3.0704,0.2202
51.000,190.492,0.5331,-12.7463,-84.681,0.5273,-12.3004,-84.111,-0.4445,0.0355,0.4459,0.571,0.7822,4.1203,0.606,-0.4285,-16.4171,-84.716,4.121,0.1202,193.457,0.5373,0.0037,0.0419,11.4556,1,4.5964,4.5900,nan,3.7216,3.5956,0.1424,-0.0009,1.4800,-0.0024,0.0398,0.0390,2.6958,0.0800,-3.0704,0.2202
51.050,190.739,0.5568,-12.9926,-84.260,0.5461,-12.4142,-83.820,-0.5765,0.0472,0.5785,0.441,0.8360,4.1841,0.413,-0.4096,-16.5958,-84.233,3.994,0.0640,193.697,0.4749,0.0021,0.0517,25.1521,1,4.1966,3.7316,nan,3.7216,3.2059,0.1270,-0.0120,1.4061,0.0064,0.0404,0.0423,2.7957,0.0800,-2.9103,0.2202
51.100,190.739,0.5568,-12.9926,-84.260,0.5450,-12.4602,-84.108,-0.5309,0.0415,0.5325,0.152,0.9183,4.1364,0.125,-0.4096,-16.5958,-84.233,3.994,0.0640,193.697,0.4749,0.0021,0.0467,22.7529,1,3.8404,3.7220,nan,3.7216,2.8597,0.1133,-0.0118,1.3499,0.0133,0.0369,0.0390,2.8955,0.0800,-6.1302,0.2202
51.150,191.024,0.5854,-13.2764,-84.310,0.5686,-12.6562,-83.832,-0.6188,0.0447,0.6205,0.479,0.8983,4.1866,0.183,-0.3835,-16.8416,-84.014,3.618,-0.0654,193.961,0.4405,0.0038,0.0630,16.5642,1,3.8931,3.9356,nan,3.3968,3.1777,0.1258,0.0206,1.2823,0.0086,0.0078,0.0462,3.1950,0.0800,-7.2574,0.2202
51.200,191.231,0.6056,-13.4825,-84.531,0.5988,-12.9651,-84.410,-0.5157,0.0426,0.5175,0.120,0.8983,4.1866,0.183,-0.3542,-17.1506,-84.593,3.293,-0.0620,194.150,0.5342,0.0034,0.0634,18.9051,1,3.9022,3.9356,nan,3.2832,3.1950,0.1265,0.0393,1.2846,0.0113,0.0010,0.0443,3.2949,0.0800,-7.2574,0.2202
51.250,191.231,0.6056,-13.4825,-84.531,0.6013,-12.9735,-83.898,-0.5071,0.0443,0.5091,0.633,0.7473,4.1802,0.695,-0.3542,-17.1506,-84.593,3.293,-0.0620,194.150,0.5342,0.0034,0.0626,18.6684,1,3.6240,2.5377,nan,3.2832,2.9248,0.1158,0.0245,1.1937,0.0138,0.0034,0.0485,3.3947,0.0800,-7.9846,0.2202
51.300,191.454,0.6264,-13.7039,-84.766,0.6073,-13.0355,-84.072,-0.6674,0.0419,0.6687,0.694,0.7473,4.1802,0.695,-0.3490,-17.2127,-84.768,2.950,-0.0467,194.356,0.3919,0.0026,0.1004,38.4292,1,3.2590,3.1077,nan,3.0470,2.5679,0.1017,0.0442,1.0752,0.0135,-0.0032,0.0460,3.4946,0.0800,-0.2660,0.2202
51.350,191.684,0.6486,-13.9334,-84.059,0.6363,-13.2962,-83.995,-0.6351,0.0537,0.6373,0.064,0.6559,4.2126,0.993,-0.3230,-17.5058,-84.988,3.050,0.1160,194.591,0.4482,0.0035,0.1005,28.7861,1,3.1084,3.1077,nan,3.0470,2.4326,0.0963,0.0719,1.0238,0.0122,-0.0154,0.0482,3.6943,0.0800,-0.2660,0.2202
51.400,191.684,0.6486,-13.9334,-84.059,0.6363,-13.2962,-83.995,-0.6351,0.0537,0.6373,0.064,0.6559,4.2126,0.993,-0.3230,-17.5058,-84.988,3.050,0.1160,194.591,0.4482,0.0035,0.1005,28.7861,1,2.8863,2.8606,nan,2.9271,2.9581,0.1172,0.0260,0.9507,0.0248,0.0146,0.0522,3.7941,0.0180,-2.9223,0.2202
51.450,191.913,0.6732,-14.1611,-83.565,0.6610,-13.4752,-82.909,-0.6829,0.0648,0.6860,0.655,0.7414,4.1952,0.718,-0.3017,-17.6680,-83.627,2.885,0.2096,194.812,0.3900,0.0058,0.1211,20.8336,1,3.1708,3.3761,nan,2.6937,2.5183,0.0997,0.1074,1.0438,0.0268,0.0140,0.0550,3.9938,0.0800,-8.0796,0.2202
51.500,192.103,0.6963,-14.3492,-82.450,0.7022,-13.7668,-81.766,-0.5766,0.0823,0.5824,0.684,0.7042,4.2054,0.837,-0.2644,-17.9702,-82.603,2.597,0.1069,194.989,0.4898,0.0059,0.1191,20.1195,1,3.3115,3.3761,nan,2.3679,2.3640,0.0936,0.1930,1.0902,0.0295,0.0114,0.0799,4.1935,-0.0023,-8.0796,0.2202
51.550,192.103,0.6963,-14.3492,-82.450,0.7022,-13.7668,-81.766,-0.5766,0.0823,0.5824,0.684,0.7042,4.2054,0.837,-0.2644,-17.9702,-82.603,2.597,0.1069,194.989,0.4898,0.0059,0.1191,20.1195,1,3.0303,2.2268,nan,2.4729,2.3880,0.0946,0.1503,0.9976,0.0354,0.0234,0.0559,4.0936,0.0800,5.5551,0.2202
51.600,192.322,0.7260,-14.5663,-81.895,0.7183,-13.8503,-81.123,-0.7100,0.0933,0.7161,0.773,0.7042,4.2054,0.837,-0.2495,-18.0539,-81.960,2.743,0.3026,195.213,0.3731,0.0097,0.1647,17.0005,1,2.8278,2.8091,nan,2.2667,2.2509,0.0891,0.2129,0.9309,0.0406,0.0245,0.1601,4.2933,0.0800,-7.2969,0.2202
51.650,192.503,0.7553,-14.7451,-79.070,0.7571,-14.0917,-80.146,-0.6412,0.1257,0.6534,-1.076,0.7873,4.1972,0.574,-0.2133,-18.2877,-80.719,2.434,0.6177,195.382,0.4196,0.0083,0.1777,21.3991,1,2.7918,2.8091,nan,2.1685,2.2937,0.0908,0.3023,0.8861,0.0434,-0.0103,0.3414,4.4930,0.0725,-7.2969,0.2202
51.700,192.676,0.7914,-14.9140,-76.725,0.7971,-14.2332,-76.115,-0.6613,0.1619,0.6809,0.610,0.7873,4.1972,0.574,-0.1747,-18.4295,-76.689,2.358,0.6899,195.552,0.3939,0.0102,0.1931,18.8728,1,2.5425,2.4999,nan,2.1685,2.1292,0.0843,0.2942,0.8370,0.0597,0.0244,0.4280,4.5929,0.0800,-1.2409,0.2202
51.750,192.676,0.7914,-14.9140,-76.725,0.7951,-14.3641,-76.536,-0.5344,0.1299,0.5499,0.190,0.9206,4.0658,0.153,-0.1747,-18.4295,-76.689,2.358,0.6899,195.552,0.3939,0.0102,0.1542,15.0690,1,2.5254,2.5431,nan,1.8957,1.8947,0.0750,0.6134,0.8000,0.0235,-0.0499,0.6127,4.7926,-0.0005,-2.6811,0.2202
51.800,192.818,0.8280,-15.0517,-73.097,0.8394,-14.5758,-74.374,-0.4520,0.1492,0.4760,-1.277,1.0605,4.0178,-0.286,-0.1282,-18.5946,-74.088,2.237,1.0266,195.691,0.4151,0.0074,0.1567,21.2950,1,2.2005,2.0943,nan,1.8957,1.9385,0.0768,0.6252,0.8000,0.0316,-0.0392,0.7102,4.8924,0.0800,-3.8026,0.2202
51.850,192.963,0.8746,-15.1884,-69.276,0.8760,-14.8091,-69.790,-0.3542,0.1356,0.3793,-0.514,1.2121,3.8888,-0.774,-0.0834,-18.7007,-69.016,2.082,1.0416,195.830,0.3876,0.0078,0.1532,19.6603,1,2.0946,2.0943,nan,1.8153,1.8764,0.0743,0.7974,0.8000,0.0022,-0.0716,0.8106,4.9922,0.0800,-3.8026,0.2202
51.900,193.098,0.9282,-15.3126,-63.098,0.9255,-14.9200,-66.313,-0.3513,0.1753,0.3926,-3.215,1.2121,3.8888,-0.774,-0.0324,-18.8109,-65.539,1.830,1.8652,195.962,0.3760,0.0203,0.1469,7.2488,1,2.0186,2.0247,nan,1.7767,1.8831,0.0746,0.9700,0.8000,-0.0866,-0.2157,1.0357,5.1919,0.0800,-5.8810,0.2202
51.950,193.098,0.9282,-15.3126,-63.098,0.9178,-15.0215,-66.471,-0.2643,0.1225,0.2913,-3.372,1.2560,3.7864,-0.931,-0.0324,-18.8109,-65.539,1.830,1.8652,195.962,0.3760,0.0203,0.1069,5.2747,1,2.0736,2.1008,nan,1.7729,1.7427,0.0690,0.9270,0.8000,-0.1712,-0.2818,1.3098,5.3916,-0.0175,-2.8952,0.2202
52.000,193.194,0.9761,-15.3957,-56.797,0.9907,-15.1731,-57.469,-0.1782,0.1341,0.2230,-0.673,1.1397,3.7428,-0.570,0.0393,-18.9165,-56.899,1.735,2.1758,196.061,0.3874,0.0063,0.0961,15.3327,1,1.7878,1.7095,nan,1.7738,1.8468,0.0731,1.0000,0.8000,-0.1721,-0.1602,1.3098,5.3916,0.0800,-2.1244,0.2202
52.050,193.306,1.0441,-15.4845,-48.024,1.0466,-15.4176,-49.667,-0.0481,0.0466,0.0669,-1.643,1.1345,3.5600,-0.555,0.0960,-18.9776,-49.112,1.647,2.3975,196.181,0.3660,0.0226,0.0167,0.7418,1,1.9278,1.9756,nan,1.8002,1.7708,0.0701,1.0000,0.8000,-0.2187,-0.1466,1.4690,5.4915,-0.0170,-3.3302,0.2202
52.100,193.405,1.1161,-15.5531,-39.228,1.1482,-15.5219,-39.416,0.0051,0.0445,0.0448,-0.188,1.1129,3.5528,-0.521,0.2087,-19.0736,-38.895,1.539,2.5132,196.290,0.3778,0.0060,0.0095,1.5948,1,1.9556,1.9756,nan,1.8730,1.8284,0.0724,1.0000,0.8000,-0.4075,-0.1730,1.4934,5.5913,-0.0258,-3.3302,0.2202
52.150,193.509,1.2020,-15.6114,-29.077,1.2102,-15.5630,-31.213,-0.0164,0.0462,0.0491,-2.136,1.1541,3.5468,-0.665,0.2779,-19.1079,-30.548,1.526,2.6020,196.411,0.3602,0.0344,0.0151,0.4391,1,1.6935,1.6313,nan,1.8002,1.8813,0.0745,1.0000,0.8000,-0.4112,-0.1945,1.4982,5.6912,0.0470,-1.6833,0.2202
52.200,193.509,1.2020,-15.6114,-29.077,1.2102,-15.5630,-31.213,-0.0164,0.0462,0.0491,-2.136,1.1541,3.5468,-0.665,0.2779,-19.1079,-30.548,1.526,2.6020,196.411,0.3602,0.0344,0.0151,0.4391,1,1.9200,2.0138,nan,1.9505,1.9737,0.0782,1.0000,0.8000,-0.4271,-0.0363,1.4982,5.6912,0.0134,-1.3281,0.2202
52.250,193.599,1.2834,-15.6488,-20.297,1.3370,-15.6174,-20.293,0.0393,0.0480,0.0621,0.004,1.0960,3.5481,-0.528,0.4177,-19.1625,-19.765,1.523,2.6100,196.515,0.3614,0.0105,0.0171,1.6254,1,1.7151,1.6828,nan,1.8730,1.9931,0.0789,1.0000,0.8000,-0.4226,-0.0633,1.4998,5.7910,0.0695,-0.2531,0.2202
52.300,193.688,1.3693,-15.6733,-11.523,1.4063,-15.6320,-12.715,0.0280,0.0479,0.0555,-1.192,1.2996,3.5478,-1.163,0.4958,-19.1737,-11.552,1.558,2.6718,196.622,0.3499,0.0212,0.0156,0.7349,1,1.7955,1.8247,nan,1.9505,2.0684,0.0819,0.9433,0.8000,-0.4143,0.0755,1.4998,5.7910,0.0682,0.0829,0.2202
52.350,193.780,1.4604,-15.6846,-2.505,1.5151,-15.6394,-2.972,0.0527,0.0476,0.0710,-0.467,1.3769,3.5516,-1.450,0.6238,-19.1814,-1.522,1.605,2.7440,196.732,0.3404,0.0340,0.0318,0.9338,1,1.8085,1.8247,nan,1.9505,2.0113,0.0797,0.9555,0.8000,-0.4179,0.0514,1.4742,5.8909,0.0352,0.0829,0.2202
52.400,193.895,1.5754,-15.6784,8.703,1.6167,-15.6367,6.289,0.0471,0.0350,0.0587,-2.415,1.3769,3.5516,-1.450,0.7253,-19.1761,7.739,1.655,2.6843,196.870,0.3431,0.0294,0.0203,0.6898,1,1.7014,1.6980,nan,2.0311,2.0836,0.0825,0.8176,0.8000,-0.4059,0.1712,1.4742,5.8909,0.0800,-0.4090,0.2202
52.450,193.895,1.5754,-15.6784,8.703,1.5974,-15.6387,6.009,0.0278,0.0359,0.0454,-2.694,1.4512,3.5506,-1.729,0.7253,-19.1761,7.739,1.655,2.6843,196.870,0.3431,0.0294,0.0126,0.4274,1,1.9741,2.1185,nan,2.1124,2.0275,0.0803,0.7494,0.8000,-0.3913,0.1777,1.3072,5.9907,-0.0492,-0.2965,0.2202
52.500,193.993,1.6712,-15.6559,17.822,1.7382,-15.6066,17.356,0.0788,0.0264,0.0831,-0.466,1.2626,3.5494,-1.221,0.8837,-19.1415,18.577,1.693,2.5739,196.986,0.3276,0.0058,0.0263,4.5764,1,1.8314,1.8211,nan,2.1961,2.2832,0.0904,0.6792,0.8000,-0.3565,0.2996,1.3072,5.9907,0.0504,4.0699,0.2202
52.550,194.113,1.7818,-15.6099,27.050,1.8209,-15.5612,25.654,0.0569,0.0256,0.0624,-1.395,1.2886,3.5508,-1.302,0.9663,-19.0950,26.956,1.805,2.2067,197.123,0.3272,0.0289,0.0177,0.6124,1,2.0876,2.2130,nan,2.1961,2.1307,0.0844,0.5383,0.8000,-0.3379,0.2859,1.1752,6.0905,-0.0800,-0.2131,0.2216
52.600,194.213,1.8675,-15.5593,34.012,1.9571,-15.4793,35.292,0.1190,0.0162,0.1201,1.280,0.8242,3.5311,0.068,1.1104,-19.0118,35.225,1.819,2.1705,197.231,0.2973,0.0033,0.0243,7.3695,1,2.1777,2.2130,nan,2.2812,2.2578,0.0894,0.4826,0.8423,-0.3019,0.2776,1.0544,6.1904,-0.0800,-0.2131,0.2216
52.650,194.353,1.9773,-15.4722,42.848,2.0097,-15.4258,42.142,0.0553,0.0120,0.0566,-0.707,0.8242,3.5311,0.068,1.1630,-18.9583,42.074,2.007,1.8105,197.391,0.3281,0.0036,0.0097,2.7194,1,1.8337,1.6780,nan,2.3688,2.4713,0.0979,0.3361,0.8000,-0.2701,0.3876,1.0544,6.1904,0.0594,3.5015,0.2216
52.700,194.469,2.0588,-15.3893,47.960,2.0026,-15.4239,42.264,-0.0633,0.0185,0.0660,-5.696,0.7767,3.5304,0.190,1.1630,-18.9583,42.074,2.007,1.8105,197.513,0.4217,0.0487,0.0038,0.0783,1,2.1546,2.4778,nan,2.4587,2.3465,0.0929,0.2041,0.9056,-0.2026,0.2892,0.8512,6.3901,-0.0650,3.9207,0.2216
52.750,194.469,2.0588,-15.3893,47.960,2.1234,-15.2816,48.687,0.1233,0.0242,0.1256,0.727,0.8109,3.5346,0.065,1.2910,-18.8177,48.621,2.125,1.4908,197.513,0.2720,0.0041,0.0157,3.8367,1,2.1801,2.2016,nan,2.5510,2.4897,0.0986,0.1448,0.9163,-0.1634,0.3386,0.8512,6.3901,-0.0355,5.0245,0.2216
52.800,194.618,2.1536,-15.2748,52.328,2.1959,-15.1840,53.411,0.0977,0.0220,0.1001,1.084,1.0022,3.5340,-0.552,1.3738,-18.7056,53.963,2.319,0.7525,197.669,0.2733,0.0077,0.0300,3.9068,1,2.1837,2.2016,nan,2.5510,2.4652,0.0976,0.0612,0.9545,-0.1314,0.3326,0.7612,6.4899,-0.0497,5.0245,0.2216
52.850,194.782,2.2507,-15.1418,55.147,2.2835,-15.0584,54.813,0.0872,0.0207,0.0896,-0.333,0.9348,3.5332,-0.340,1.4590,-18.5833,55.153,2.351,0.5254,197.834,0.2833,0.0012,0.0105,8.9873,1,2.2190,2.2426,nan,2.6455,2.5818,0.1022,0.1199,1.0101,-0.1174,0.2110,0.6715,6.5898,-0.0369,0.0008,0.2216
52.900,194.914,2.3242,-15.0326,56.818,2.3746,-14.9262,56.514,0.1166,0.0160,0.1177,-0.304,0.9348,3.5332,-0.340,1.5493,-18.4505,56.854,2.428,0.4628,197.968,0.2608,0.0020,0.0144,7.3104,1,2.4283,2.5186,nan,2.9390,2.8859,0.1143,0.0760,1.1987,-0.0948,0.1123,0.5030,6.7895,-0.0308,2.1479,0.2216
52.950,194.914,2.3242,-15.0326,56.818,2.3683,-14.9388,55.513,0.1026,0.0144,0.1036,-1.305,1.2513,3.5429,-1.341,1.5493,-18.4505,56.854,2.428,0.4628,197.968,0.2608,0.0020,0.0103,5.1923,1,2.3651,2.3750,nan,3.0373,3.0791,0.1219,0.0698,1.2165,-0.0876,0.0684,0.4225,6.8893,0.0242,2.1339,0.2216
53.000,195.055,2.3997,-14.9136,58.307,2.4405,-14.8180,57.678,0.1028,0.0155,0.1039,-0.629,1.1004,3.5291,-0.896,1.6267,-18.3239,58.573,2.515,0.3446,198.112,0.2535,0.0008,0.0073,9.0607,1,2.2141,2.2048,nan,3.0373,3.1652,0.1254,0.0520,1.1899,-0.0802,0.0397,0.3404,6.9892,0.0740,5.9615,0.2216
53.050,195.235,2.4928,-14.7590,59.511,2.5026,-14.7127,58.824,0.0449,0.0150,0.0473,-0.687,1.0346,3.5244,-0.693,1.6885,-18.2180,59.518,2.757,0.3020,198.302,0.3007,0.0022,0.0076,3.5512,1,2.4881,2.6467,nan,3.2254,3.2600,0.1291,-0.0110,1.3977,-0.0685,0.0347,0.2610,7.0890,0.0201,5.9615,0.2216
53.100,195.407,2.5786,-14.6102,60.555,2.6191,-14.5161,60.092,0.1019,0.0110,0.1024,-0.463,0.9770,3.4951,-0.554,1.8161,-17.9945,60.646,2.940,0.2437,198.481,0.2291,0.0002,0.0089,38.5584,1,2.7970,3.0939,nan,3.4513,3.3786,0.1338,-0.0636,1.6077,-0.0625,0.0143,0.1011,7.2887,-0.0421,4.8179,0.2216
53.150,195.618,2.6806,-14.4258,61.485,2.6939,-14.3802,60.906,0.0464,0.0100,0.0475,-0.579,0.9770,3.4951,-0.554,1.8896,-17.8579,61.459,3.077,0.0833,198.698,0.2740,0.0006,0.0022,4.0491,1,2.7417,2.7558,nan,3.5172,3.5252,0.1396,-0.0791,1.5759,-0.0595,0.0182,0.0207,7.3885,0.0046,2.8257,0.2216
53.200,195.618,2.6806,-14.4258,61.485,2.6955,-14.3809,60.846,0.0465,0.0084,0.0473,-0.639,0.9970,3.4962,-0.613,1.8896,-17.8579,61.459,3.077,0.0833,198.698,0.2740,0.0006,0.0023,4.1998,1,3.0502,3.3727,nan,3.6432,3.5350,0.1400,-0.0935,1.7305,-0.0569,0.0277,-0.1418,7.5882,-0.0626,4.1097,0.2216
53.250,195.831,2.7833,-14.2395,60.373,2.8252,-14.1499,60.497,0.0986,0.0079,0.0989,0.124,1.2133,3.5082,-1.320,2.0184,-17.6163,61.817,3.264,-0.3995,198.920,0.2213,0.0030,0.0174,5.7089,1,3.1684,3.2222,nan,3.7638,3.7445,0.1483,-0.0886,1.7289,-0.0505,0.0463,-0.2212,7.7879,-0.0111,3.1893,0.2216
53.300,196.041,2.8893,-14.0578,58.894,2.9388,-13.9791,57.109,0.0930,-0.0018,0.0930,-1.785,1.3219,3.5136,-1.682,2.1296,-17.4377,58.791,3.390,-0.4791,199.137,0.2252,0.0002,0.0166,89.6972,1,3.1922,3.2222,nan,3.8907,3.9638,0.1570,-0.0392,1.6776,-0.0695,0.0014,-0.2188,7.8878,0.0423,3.1893,0.2216
53.350,196.041,2.8893,-14.0578,58.894,2.9388,-13.9791,57.109,0.0930,-0.0018,0.0930,-1.785,1.3219,3.5136,-1.682,2.1296,-17.4377,58.791,3.390,-0.4791,199.137,0.2252,0.0002,0.0166,89.6972,1,3.1308,3.1472,nan,3.8907,4.0242,0.1594,-0.0156,1.6217,-0.0717,0.0110,-0.2072,8.0875,0.0773,1.0820,0.2216
53.400,196.280,3.0161,-13.8548,56.940,3.0473,-13.8114,55.797,0.0535,-0.0025,0.0535,-1.143,1.1500,3.4847,-1.151,2.2445,-17.2545,56.949,3.461,-0.3330,199.381,0.2430,0.0004,0.0098,26.4807,1,3.3505,3.4648,nan,4.0881,4.2093,0.1667,-0.0148,1.6041,-0.0615,0.0471,-0.1834,8.2871,0.0701,5.5184,0.2216
53.450,196.523,3.1497,-13.6527,56.094,3.1746,-13.6225,55.020,0.0389,-0.0038,0.0391,-1.074,1.0064,3.4581,-0.705,2.3782,-17.0527,55.725,3.724,-0.1698,199.638,0.2434,0.0041,0.0120,2.9501,1,3.4221,3.4648,nan,4.2145,4.3428,0.1720,0.0088,1.6128,-0.0528,0.0473,-0.1569,8.3870,0.0800,5.5184,0.2216
53.500,196.808,3.3100,-13.4161,55.679,3.3578,-13.3616,54.711,0.0720,-0.0088,0.0725,-0.968,1.0064,3.4581,-0.705,2.5582,-16.7895,55.416,3.896,-0.0901,199.934,0.2204,0.0049,0.0146,2.9495,1,3.7223,4.0562,nan,4.0869,4.0454,0.1602,0.0209,1.6566,-0.0231,0.0956,-0.0562,8.6865,-0.0800,2.9845,0.2216
53.550,196.808,3.3100,-13.4161,55.679,3.3603,-13.3687,54.254,0.0675,-0.0148,0.0691,-1.425,1.1431,3.4693,-1.162,2.5582,-16.7895,55.416,3.896,-0.0901,199.934,0.2204,0.0049,0.0191,3.8649,1,4.0076,4.2601,nan,3.8797,3.7825,0.1498,0.0359,1.3675,-0.0065,0.0962,0.0102,8.8862,-0.0562,3.2485,0.2216
53.600,197.055,3.4494,-13.2131,55.434,3.5321,-13.1243,54.754,0.1200,-0.0177,0.1213,-0.680,0.9673,3.4415,-0.574,2.7306,-16.5393,55.327,4.005,0.1120,200.187,0.1866,0.0000,0.0148,321.0141,1,3.7611,3.7352,nan,3.6826,3.6228,0.1435,0.0142,1.2002,0.0095,0.1014,0.0749,9.0859,-0.0346,-0.6616,0.2216
53.650,197.278,3.5757,-13.0288,55.850,3.6339,-12.9761,55.545,0.0763,-0.0186,0.0785,-0.305,0.8768,3.4310,-0.254,2.8298,-16.3948,55.799,3.978,0.1388,200.409,0.2146,0.0025,0.0126,4.9478,1,3.8827,3.9461,nan,3.4966,3.0729,0.1217,0.0115,1.0183,0.0387,0.0984,0.1433,9.2856,0.0800,-1.4920,0.2216
53.700,197.515,3.7079,-12.8316,56.540,3.7738,-12.7656,56.796,0.0914,-0.0186,0.0933,0.256,0.6749,3.3835,0.427,2.9786,-16.1717,56.369,3.810,0.0937,200.637,0.1951,0.0137,0.0285,2.0782,1,3.9093,3.9461,nan,3.3213,3.1607,0.1252,0.0571,1.0183,0.0608,0.0760,0.2101,9.4853,0.0800,-1.4920,0.2216
53.750,197.753,3.8383,-12.6331,56.936,3.8840,-12.5911,57.335,0.0601,-0.0154,0.0620,0.400,0.6749,3.3835,0.427,3.0901,-15.9981,56.909,3.583,0.2944,200.861,0.2131,0.0812,0.0898,1.1053,1,3.5700,3.4697,nan,3.3213,2.8705,0.1137,0.0701,1.0183,0.0768,0.0703,0.2438,9.5851,0.0800,-3.8235,0.2216
53.800,197.753,3.8383,-12.6331,56.936,3.8594,-12.6171,57.434,0.0249,-0.0089,0.0265,0.498,0.6227,3.3520,0.525,3.0901,-15.9981,56.909,3.583,0.2944,200.861,0.2131,0.0026,0.0081,3.1556,1,3.3200,3.2870,nan,3.2393,2.6753,0.1060,0.0769,1.0183,0.0944,0.0693,0.2738,9.6850,0.0800,-7.5093,0.2216
53.850,197.977,3.9591,-12.4441,58.065,3.9677,-12.4355,58.542,0.0118,-0.0028,0.0122,0.477,0.6350,3.3613,0.483,3.1996,-15.8243,58.059,3.260,0.3250,201.068,0.2256,0.0012,0.0020,1.7255,1,3.1532,3.1492,nan,3.0841,2.6095,0.1033,0.1487,1.0183,0.1052,0.0247,0.3405,9.8847,0.0800,-7.1761,0.2216
53.900,198.187,4.0682,-12.2649,59.372,4.0448,-12.2988,59.541,-0.0411,0.0029,0.0412,0.169,0.6505,3.3547,0.392,3.2872,-15.6764,59.149,2.964,0.3306,201.263,0.2539,0.0111,0.0044,0.3988,1,3.1278,3.1492,nan,3.0112,2.6304,0.1042,0.2122,1.0183,0.1108,0.0042,0.3819,9.9845,0.0800,-7.1761,0.2216
53.950,198.363,4.1561,-12.1130,60.605,4.1521,-12.1094,60.712,0.0011,0.0052,0.0054,0.107,0.7213,3.3602,0.103,3.4029,-15.4758,60.609,2.729,0.4835,201.428,0.2098,0.0010,0.0035,3.5581,1,3.2926,3.3680,nan,2.8972,2.8928,0.1146,0.3246,1.0183,0.1078,-0.0589,0.4502,10.1842,0.0800,-3.8318,0.2216
54.000,198.363,4.1561,-12.1130,60.605,4.1521,-12.1094,60.712,0.0011,0.0052,0.0054,0.107,0.7213,3.3602,0.103,3.4029,-15.4758,60.609,2.729,0.4835,201.428,0.2098,0.0010,0.0035,3.5581,1,2.9081,2.5523,nan,2.8972,2.5426,0.1007,0.3304,1.0183,0.1118,-0.0786,0.4867,10.2840,0.0800,-3.5952,0.2216
54.050,198.561,4.2500,-11.9378,63.282,4.2018,-11.9930,62.994,-0.0710,0.0183,0.0733,-0.288,0.6754,3.3402,0.216,3.4687,-15.3464,62.779,2.638,0.8236,201.624,0.2510,0.0032,0.0256,8.0233,1,2.5953,2.5059,nan,2.8972,2.9153,0.1155,0.3392,1.0183,0.1140,-0.0708,0.5178,10.3839,0.0800,2.7594,0.2216
54.100,198.759,4.3316,-11.7582,68.605,4.2741,-11.8305,66.739,-0.0883,0.0272,0.0924,-1.865,0.6771,3.3480,0.237,3.5341,-15.1933,66.502,2.710,1.3968,201.827,0.2768,0.0070,0.0357,5.1376,1,2.5003,2.5059,nan,2.8850,2.8203,0.1117,0.3598,1.0183,0.1182,-0.0817,0.5650,10.4837,0.0800,2.7594,0.2216
54.150,198.923,4.3854,-11.6028,73.513,4.3408,-11.6328,73.562,-0.0414,0.0342,0.0537,0.049,0.6771,3.3480,0.237,3.6017,-14.9958,73.325,2.569,1.4361,201.988,0.2353,0.0187,0.0419,2.2408,1,2.7899,2.9885,nan,3.0151,3.1099,0.1232,0.3583,1.0183,0.1101,-0.0633,0.6490,10.6834,0.0800,-4.9314,0.2216
54.200,198.923,4.3854,-11.6028,73.513,4.3405,-11.6430,72.871,-0.0513,0.0316,0.0603,-0.642,0.8577,3.3808,-0.454,3.6017,-14.9958,73.325,2.569,1.4361,201.988,0.2353,0.0187,0.0371,1.9849,1,2.7399,2.7546,nan,3.0765,3.0599,0.1212,0.3602,1.0183,0.1085,-0.0640,0.6860,10.7833,0.0800,1.9457,0.2216
54.250,199.075,4.4227,-11.4550,78.443,4.3836,-11.4817,77.321,-0.0340,0.0330,0.0473,-1.122,1.0976,3.4397,-1.329,3.6312,-14.8412,78.650,2.675,1.5133,202.148,0.2281,0.0106,0.0331,3.1184,1,2.5814,2.5738,nan,3.0765,2.9973,0.1187,0.3812,1.0986,0.0916,-0.1434,0.6841,10.9830,0.0800,3.8551,0.2216
54.300,199.257,4.4505,-11.2760,84.292,4.4145,-11.3280,81.375,-0.0553,0.0306,0.0633,-2.917,1.3523,3.5035,-2.264,3.6458,-14.6990,83.640,2.865,1.6134,202.342,0.2647,0.0184,0.0248,1.3502,1,2.8922,3.2488,nan,3.2768,3.2651,0.1293,0.3644,1.3598,0.0701,-0.1770,0.6027,11.1826,-0.0068,0.8347,0.2216
54.350,199.422,4.4598,-11.1114,89.636,4.4302,-11.0735,89.055,0.0378,0.0298,0.0481,-0.581,1.1160,3.4515,-1.332,3.6510,-14.4440,90.387,2.906,1.6951,202.512,0.1746,0.0154,0.0115,0.7432,1,3.1264,3.2488,nan,3.4217,3.3047,0.1309,0.3658,1.5251,0.0167,-0.2248,0.5268,11.3823,-0.0800,0.8347,0.2216
54.400,199.619,4.4501,-10.9146,96.371,4.4174,-10.9705,93.881,-0.0519,0.0387,0.0648,-2.490,1.1160,3.4515,-1.332,3.6358,-14.3414,95.213,2.922,1.6930,202.714,0.2689,0.0198,0.0336,1.7007,1,2.7577,2.5717,nan,3.4966,3.5760,0.1416,0.3294,1.3452,0.0245,-0.1321,0.5268,11.3823,0.0800,-1.1423,0.2216
54.450,199.802,4.4209,-10.7335,102.339,4.3746,-10.6748,101.481,0.0672,0.0327,0.0748,-0.858,1.0842,3.4549,-1.182,3.5812,-14.0588,102.663,3.096,1.6205,202.912,0.1716,0.0949,0.0970,1.0220,1,3.0445,3.5681,nan,3.6515,3.6597,0.1449,0.2777,1.5681,-0.0182,-0.1653,0.4200,11.6819,0.0047,3.1185,0.2216
54.500,199.802,4.4209,-10.7335,102.339,4.3667,-10.6682,101.693,0.0754,0.0390,0.0849,-0.646,1.0240,3.4492,-0.970,3.5812,-14.0588,102.663,3.096,1.6205,202.912,0.1716,0.0135,0.0074,0.5450,1,3.0299,3.0520,nan,3.8114,3.9280,0.1556,0.2453,1.5883,-0.0240,-0.1325,0.3866,11.7817,0.0675,4.3296,0.2216
54.550,200.021,4.3630,-10.5226,108.657,4.3063,-10.5075,107.474,0.0325,0.0489,0.0587,-1.183,1.0656,3.4559,-1.157,3.5219,-13.8951,108.631,3.326,1.4457,203.149,0.2181,0.0213,0.0298,1.3976,1,3.3079,3.4965,nan,3.9754,3.9603,0.1568,0.1810,1.7964,-0.0405,-0.1273,0.3213,11.9814,-0.0088,2.9101,0.2226
54.600,200.207,4.2968,-10.3481,113.289,4.2007,-10.2637,112.843,0.1156,0.0549,0.1279,-0.446,0.9247,3.4539,-0.637,3.4282,-13.6803,113.479,3.444,1.4495,203.345,0.1869,0.0145,0.0249,1.7161,1,3.4354,3.4965,nan,4.1413,4.1090,0.1627,0.1247,1.9322,-0.0582,-0.1190,0.2590,12.1811,-0.0179,2.9101,0.2226
54.650,200.461,4.1857,-10.1195,118.640,4.1062,-10.0490,118.542,0.1000,0.0360,0.1063,-0.097,0.9247,3.4539,-0.637,3.3313,-13.4667,119.179,3.705,0.8527,203.617,0.1965,0.0191,0.0240,1.2585,1,3.3923,3.4134,nan,4.3056,4.3881,0.1738,0.0763,1.9219,-0.0820,-0.0855,0.1952,12.3808,0.0455,3.2438,0.2226
54.700,200.461,4.1857,-10.1195,118.640,4.1065,-10.0530,118.386,0.0964,0.0376,0.1034,-0.254,0.9620,3.4586,-0.793,3.3313,-13.4667,119.179,3.705,0.8527,203.617,0.1965,0.0191,0.0254,1.3302,1,3.6627,3.8542,nan,4.5392,4.5565,0.1805,0.0484,2.0751,-0.1031,-0.1125,0.1340,12.5805,0.0089,4.5221,0.2226
54.750,200.682,4.0759,-9.9279,121.092,3.9704,-9.8326,120.767,0.1361,0.0411,0.1422,-0.325,0.9392,3.4569,-0.709,3.1954,-13.2509,121.476,3.884,0.6770,203.850,0.1833,0.0080,0.0266,3.3157,1,3.8858,4.0129,nan,4.6757,4.5987,0.1821,0.0179,2.2015,-0.1275,-0.1119,0.0751,12.7802,-0.0373,4.6476,0.2226
54.800,200.952,3.9328,-9.6991,122.820,3.8273,-9.6155,123.113,0.1275,0.0434,0.1346,0.293,0.9029,3.4351,-0.535,3.0461,-13.0228,123.648,4.153,0.3096,204.137,0.1866,0.0095,0.0302,3.1773,1,4.1572,4.3615,nan,4.8205,4.6597,0.1845,-0.0228,2.2283,-0.1481,-0.0852,0.0131,12.9799,-0.0800,4.6476,0.2226
54.850,201.237,3.7759,-9.4613,123.923,3.6343,-9.3212,123.624,0.1952,0.0393,0.1991,-0.299,0.9029,3.4351,-0.535,2.8504,-12.7303,124.159,4.329,0.1274,204.434,0.1672,0.0060,0.0300,4.9724,1,4.2833,4.3615,nan,4.8479,4.7336,0.1875,-0.0277,2.2283,-0.1760,-0.0962,-0.0799,13.2794,-0.0800,3.8071,0.2226
54.900,201.237,3.7759,-9.4613,123.923,3.6371,-9.3293,123.824,0.1869,0.0415,0.1915,-0.099,0.8612,3.4174,-0.335,2.8504,-12.7303,124.159,4.329,0.1274,204.434,0.1672,0.0060,0.0316,5.2457,1,4.0088,3.9680,nan,4.8479,4.8632,0.1926,-0.0437,2.2283,-0.1863,-0.0887,-0.1083,13.3792,0.0074,2.1282,0.2226
54.950,201.566,3.5908,-9.1890,124.333,3.5074,-9.1283,123.606,0.0972,0.0346,0.1031,-0.727,0.9718,3.4431,-0.815,2.7141,-12.5341,124.420,4.444,-0.1519,204.772,0.2019,0.0045,0.0343,7.6538,1,4.2030,5.0040,nan,4.9065,4.9236,0.1950,-0.0636,2.2283,-0.2092,-0.0369,-0.2302,13.7786,0.0800,2.0914,0.2226
55.000,201.786,3.4673,-9.0071,123.788,3.3326,-8.8445,122.120,0.2101,0.0215,0.2112,-1.667,1.1858,3.4596,-1.704,2.5118,-12.2348,123.825,4.521,-0.1971,204.998,0.1702,0.0087,0.0416,4.7999,1,4.4832,5.0040,nan,4.9727,4.8939,0.1938,-0.0809,2.2303,-0.2262,-0.0049,-0.2458,13.9783,0.0800,2.0914,0.2226
55.050,202.150,3.2679,-8.7026,122.239,3.2060,-8.6350,121.173,0.0902,0.0163,0.0916,-1.065,1.1858,3.4596,-1.704,2.3790,-12.0292,122.877,4.675,-0.4643,205.375,0.1903,0.0533,0.0572,1.0735,1,4.0906,3.8726,nan,4.9951,4.5196,0.1790,-0.0688,2.2765,-0.2462,-0.0099,-0.2383,14.0781,0.0800,1.1221,0.2226
55.100,202.150,3.2679,-8.7026,122.239,3.2261,-8.6533,120.998,0.0640,0.0091,0.0646,-1.240,1.2428,3.4475,-1.879,2.3790,-12.0292,122.877,4.675,-0.4643,205.375,0.1903,0.0139,0.0225,1.6215,1,4.3798,4.7196,nan,5.0751,4.9678,0.1967,-0.0679,2.2955,-0.2649,0.0123,-0.2240,14.3777,0.0800,1.4745,0.2226
55.150,202.480,3.0959,-8.4212,120.343,3.0593,-8.3322,118.292,0.0953,-0.0134,0.0962,-2.051,1.3262,3.4548,-2.230,2.1905,-11.7107,120.522,4.697,-0.4992,205.709,0.1682,0.0123,0.0323,2.6366,1,4.6749,5.1689,nan,5.1890,5.3543,0.2121,-0.0801,2.3152,-0.2613,0.0484,-0.2086,14.6772,0.0770,-3.4456,0.2226
55.200,202.821,2.9284,-8.1243,118.242,2.8905,-7.9712,116.013,0.1528,-0.0391,0.1577,-2.229,1.3388,3.4512,-2.234,1.9958,-11.3532,118.247,4.595,-0.4880,206.044,0.1501,0.0120,0.0324,2.6969,1,4.9152,5.1689,nan,5.2493,5.2471,0.2078,-0.0881,2.3269,-0.2561,0.0783,-0.2008,14.9768,-0.0010,-3.4456,0.2226
55.250,203.101,2.7989,-7.8759,118.242,2.8905,-7.9712,116.013,-0.1273,-0.0356,0.1322,-2.229,1.3388,3.4512,-2.234,1.9958,-11.3532,118.247,4.595,-0.4880,206.335,0.3190,0.1278,0.0324,0.2532,1,4.6536,4.6101,nan,5.3114,5.4260,0.2149,-0.0886,2.3432,-0.2609,0.0927,-0.1891,15.1764,0.0800,3.0542,0.2226
55.300,203.101,2.7989,-7.8759,116.559,2.7962,-7.7463,114.653,0.1171,-0.0555,0.1296,-1.906,1.2575,3.4295,-1.781,1.8852,-11.1226,116.434,4.724,-0.4977,206.335,0.1439,0.0276,0.0279,1.0105,1,4.5311,4.5458,nan,5.3750,5.3023,0.2100,-0.1002,2.3546,-0.2410,0.1144,-0.1809,15.3761,0.0800,1.4268,0.2226
55.350,203.455,2.6471,-7.5560,113.819,2.6683,-7.4811,113.332,0.0599,-0.0496,0.0778,-0.487,1.1713,3.4230,-1.391,1.7613,-10.8645,114.723,4.964,-0.6868,206.711,0.1730,0.0221,0.0108,0.4909,1,4.6959,5.8037,nan,5.4394,5.4949,0.2176,-0.0968,2.3605,-0.2270,0.0978,-0.1768,15.4760,0.0800,3.4521,0.2226
55.400,203.738,2.5372,-7.2956,111.587,2.4937,-7.0249,109.977,0.2677,-0.0591,0.2742,-1.610,1.1301,3.4326,-1.180,1.5786,-10.4272,111.157,5.109,-0.7042,207.007,0.1607,0.0095,0.0245,2.5887,1,4.8920,5.8037,nan,5.6044,5.7483,0.2277,-0.1231,2.3862,-0.1483,0.1340,-0.1588,15.9752,0.0800,3.4521,0.2226
55.450,203.738,2.5372,-7.2956,111.587,2.4937,-7.0249,109.977,0.2677,-0.0591,0.2742,-1.610,1.1301,3.4326,-1.180,1.5786,-10.4272,111.157,5.109,-0.7042,207.007,0.1607,0.0095,0.0245,2.5887,1,4.5509,4.4356,nan,5.6387,5.3954,0.2137,-0.1200,2.3810,-0.1423,0.1395,-0.1529,16.1749,0.0800,1.7946,0.2226
55.500,204.148,2.3971,-6.9104,107.908,2.4114,-6.8129,109.372,0.0884,-0.0435,0.0985,1.464,0.7931,3.3951,0.590,1.5131,-10.2242,108.782,5.165,-0.9489,207.427,0.1767,0.0085,0.0253,2.9662,1,4.7155,6.0291,nan,5.7746,5.6059,0.2220,-0.1424,2.3611,-0.0657,0.1560,-0.1338,16.5743,0.0800,3.8949,0.2226
55.550,204.475,2.3048,-6.5968,104.346,2.2914,-6.3358,105.467,0.2562,-0.0517,0.2614,1.121,0.7368,3.3865,1.002,1.3843,-9.7479,104.464,5.337,-0.9897,207.772,0.1206,0.0105,0.0441,4.2227,1,5.0013,5.4964,nan,5.8928,5.9366,0.2351,-0.1397,2.3449,-0.0383,0.1421,-0.1238,16.8738,0.0800,-1.1970,0.2226
55.600,204.825,2.2275,-6.2551,100.541,2.2181,-6.0300,102.318,0.2231,-0.0319,0.2253,1.778,0.5622,3.3106,2.048,1.3210,-9.3938,100.270,5.301,-1.1375,208.124,0.1082,0.0071,0.0524,7.3576,1,5.2379,5.4964,nan,5.9573,6.1220,0.2425,-0.1462,2.3332,-0.0097,0.1243,-0.1164,17.0735,0.0664,-1.1970,0.2226
55.651,205.203,2.1717,-5.8806,95.749,2.1712,-5.7659,98.472,0.1142,-0.0110,0.1147,2.723,0.5622,3.3106,2.048,1.2835,-9.1283,96.424,5.382,-1.2344,208.517,0.1255,0.0483,0.0563,1.1644,1,4.9748,4.9256,nan,5.9730,5.9189,0.2344,-0.1406,2.3247,0.0184,0.1056,-0.1144,17.2732,0.0800,0.8913,0.2226
55.700,205.203,2.1717,-5.8806,95.749,2.1780,-5.7845,98.980,0.0950,-0.0159,0.0963,3.231,0.4887,3.2774,2.556,1.2835,-9.1283,96.424,5.382,-1.2344,208.517,0.1255,0.0070,0.0515,7.3452,1,5.1407,6.2476,nan,5.9592,6.0296,0.2388,-0.1404,2.3097,0.0379,0.0723,-0.1218,17.5727,0.0800,4.3476,0.2226
55.750,205.545,2.1487,-5.5403,91.321,2.1363,-5.3259,95.311,0.2146,0.0075,0.2148,3.990,0.2935,3.2384,3.832,1.2664,-8.6683,91.479,5.588,-1.2179,208.884,0.0876,0.0082,0.0776,9.4352,1,5.4114,6.0910,nan,5.7483,5.7620,0.2282,-0.1366,2.2804,0.0454,0.0596,-0.1316,17.9721,0.0055,0.9156,0.2226
55.800,205.887,2.1516,-5.1978,87.024,2.1315,-4.8973,90.401,0.2990,0.0357,0.3012,3.376,0.2458,3.2226,4.162,1.2913,-8.2354,86.238,5.646,-1.2290,209.238,0.1349,0.0107,0.0910,8.5328,1,5.6746,6.0910,nan,5.5965,5.5371,0.2193,-0.1343,2.1781,0.0825,0.0628,-0.1433,18.2716,-0.0242,0.9156,0.2226
55.850,206.303,2.1894,-4.7840,81.886,2.1536,-4.6596,86.507,0.1181,0.0530,0.1295,4.622,0.2458,3.2226,4.162,1.3306,-7.9999,82.345,5.698,-1.1750,209.665,0.0822,0.0148,0.1089,7.3489,1,5.2591,4.9102,nan,5.5965,5.7339,0.2271,-0.1434,2.1781,0.0710,0.0341,-0.1467,18.3715,0.0587,1.5236,0.2226
55.900,206.303,2.1894,-4.7840,81.886,2.1630,-4.6831,85.514,0.0961,0.0404,0.1043,3.628,0.3922,3.2310,3.169,1.3306,-7.9999,82.345,5.698,-1.1750,209.665,0.0822,0.0148,0.0902,6.0841,1,5.4627,6.4443,nan,5.3604,5.0408,0.1996,-0.1359,2.1595,0.0512,0.0133,-0.1623,18.7709,0.0800,-3.8590,0.2226
55.950,206.678,2.2549,-4.4147,77.343,2.2365,-4.2072,81.856,0.1984,0.0634,0.2083,4.513,0.2461,3.1605,4.284,1.4345,-7.4958,77.572,5.543,-1.2311,210.033,0.0799,0.0143,0.0783,5.4759,1,5.6030,5.7543,nan,5.2259,5.2405,0.2075,-0.1238,2.1595,0.0324,-0.0042,-0.1723,19.0704,0.0800,-0.3836,0.2226
56.000,207.015,2.3393,-4.0878,73.058,2.3246,-3.9068,77.050,0.1688,0.0668,0.1816,3.992,0.1924,3.0897,4.725,1.5486,-7.1484,72.325,5.492,-1.1469,210.372,0.0982,0.0019,0.0817,43.0781,1,5.6597,5.7543,nan,5.1442,5.2958,0.2097,-0.1285,2.1595,0.0341,-0.0112,-0.1768,19.2701,0.0710,-0.3836,0.2226
56.050,207.015,2.3393,-4.0878,73.058,2.3246,-3.9068,77.050,0.1688,0.0668,0.1816,3.992,0.1924,3.0897,4.725,1.5486,-7.1484,72.325,5.492,-1.1469,210.372,0.0982,0.0019,0.0817,43.0781,1,5.2371,4.8032,nan,5.1072,4.9098,0.1944,-0.1123,2.1595,0.0024,-0.0256,-0.1849,19.3699,0.0800,-6.8267,0.2226
56.100,207.428,2.4747,-3.6980,68.061,2.4293,-3.7244,72.326,-0.0415,0.0323,0.0526,4.265,0.2883,3.0288,4.067,1.6566,-6.8880,68.259,5.164,-1.0360,210.764,0.0365,0.0026,0.0823,31.3230,1,5.2888,5.3677,nan,5.0490,4.9903,0.1976,-0.0798,2.1595,-0.0711,-0.0519,-0.1886,19.5696,0.0800,-0.4297,0.2226
56.150,207.783,2.6177,-3.3725,64.067,2.5960,-3.3902,67.381,-0.0254,0.0117,0.0280,3.314,0.3430,2.9805,3.624,1.8458,-6.5004,63.757,5.114,-0.8881,211.120,0.0415,0.0068,0.0546,7.9720,1,5.3034,5.3677,nan,5.0119,5.0325,0.1993,-0.0673,2.1595,-0.0819,-0.0447,-0.2024,19.8692,0.0800,-0.4297,0.2226
56.200,208.104,2.7650,-3.0876,60.873,2.7349,-3.2013,63.085,-0.1140,-0.0291,0.1176,2.212,0.5238,2.9883,2.103,1.9825,-6.2666,60.982,4.932,-0.8072,211.430,0.0272,0.0117,0.0137,1.1739,1,5.0313,4.9747,nan,5.0320,5.0326,0.1993,-0.0404,2.1595,-0.1376,-0.0419,-0.2135,20.0689,0.0003,-4.1332,0.2226
56.250,208.104,2.7650,-3.0876,60.873,2.7349,-3.2013,63.085,-0.1140,-0.0291,0.1176,2.212,0.5238,2.9883,2.103,1.9825,-6.2666,60.982,4.932,-0.8072,211.430,0.0272,0.0117,0.0137,1.1739,1,5.0379,5.0926,nan,5.1106,5.1659,0.2046,0.0072,2.0932,-0.2094,-0.0639,-0.2207,20.2686,0.0254,-1.2009,0.2226
56.300,208.444,2.9353,-2.7937,58.875,2.9080,-2.8984,60.295,-0.1037,-0.0307,0.1082,1.419,0.4736,2.9666,2.560,2.1700,-5.9679,57.734,4.911,-0.3172,211.770,0.0382,0.0017,0.0212,12.5280,1,5.0054,5.0477,nan,4.9248,5.0773,0.2011,-0.0126,1.9909,-0.2049,0.0313,-0.2354,20.5681,0.0747,-0.1972,0.2226
56.350,208.738,3.0897,-2.5429,57.893,3.0550,-2.6114,59.892,-0.0765,-0.0070,0.0768,1.999,0.5265,3.0254,2.070,2.3232,-5.7244,57.822,4.911,-0.0767,212.067,0.0408,0.0068,0.0115,1.7039,1,5.0628,5.1375,nan,4.5986,4.5637,0.1807,-0.0147,1.9233,-0.1912,0.0809,-0.2313,20.7678,-0.0800,1.5493,0.2226
56.400,209.015,3.2370,-2.3082,58.057,3.2412,-2.3025,59.146,0.0071,-0.0005,0.0071,1.089,0.5843,3.0586,1.547,2.5112,-5.4309,57.599,4.972,0.0312,212.350,0.0824,0.0026,0.0083,3.1912,1,5.0786,5.1375,nan,4.2764,4.6723,0.1850,-0.0055,1.8183,-0.1482,0.1257,-0.1498,21.0673,-0.0800,1.5493,0.2226
56.450,209.368,3.4242,-2.0100,57.717,3.3511,-2.1109,59.723,-0.1243,0.0079,0.1246,2.006,0.5843,3.0586,1.547,2.6262,-5.2423,58.175,4.902,-0.0450,212.700,0.0740,0.0139,0.0212,1.5217,1,4.6625,4.2518,nan,4.2764,4.3932,0.1740,-0.0047,1.7970,-0.1288,0.1558,-0.0901,21.2670,0.0656,-0.1596,0.2226
56.500,209.368,3.4242,-2.0100,57.717,3.3550,-2.1180,59.665,-0.1283,0.0008,0.1283,1.949,0.5934,3.0542,1.490,2.6262,-5.2423,58.175,4.902,-0.0450,212.700,0.0740,0.0139,0.0171,1.2306,1,4.9373,5.2842,nan,3.7779,3.9119,0.1549,0.0383,1.7332,-0.0893,0.1548,0.0012,21.5665,0.0776,-3.9842,0.2226
56.550,209.647,3.5736,-1.7744,57.575,3.5612,-1.7895,59.219,-0.0194,0.0023,0.0196,1.644,0.5727,3.0228,1.669,2.8470,-4.8974,57.550,4.729,-0.0378,212.967,0.0816,0.0002,0.0148,79.7477,1,4.5232,4.1433,nan,3.7779,3.5074,0.1389,0.0462,1.5591,-0.0682,0.1519,0.0297,21.6664,0.0800,-5.2722,0.2226
56.600,210.007,3.7670,-1.4708,57.672,3.6973,-1.5625,59.066,-0.1147,0.0098,0.1151,1.394,0.5727,3.0228,1.669,2.9897,-4.6744,57.397,4.348,0.2567,213.302,0.0507,0.0005,0.0246,50.6153,1,4.2144,4.1433,nan,3.6860,3.2724,0.1296,0.0377,1.2221,-0.0490,0.1413,0.0874,21.8661,0.0800,-5.2722,0.2158
56.650,210.007,3.7670,-1.4708,57.672,3.6984,-1.5587,59.089,-0.1110,0.0110,0.1115,1.417,0.5720,3.0254,1.692,2.9897,-4.6744,57.397,4.348,0.2567,213.302,0.0507,0.0005,0.0240,49.5173,1,4.0911,4.1038,nan,3.5965,3.2760,0.1297,0.0074,1.0333,-0.0138,0.1488,0.1474,22.0658,0.0800,-6.8954,0.2158
56.700,210.299,3.9217,-1.2223,58.677,3.9041,-1.2298,59.875,-0.0156,0.0111,0.0191,1.198,0.6542,3.0747,0.825,3.1877,-4.3509,59.050,3.844,0.2317,213.560,0.0724,0.0008,0.0149,17.8746,1,4.0730,4.1038,nan,3.4244,3.3571,0.1330,0.0435,1.0333,0.0140,0.1261,0.2088,22.2654,0.0800,-6.8954,0.2158
56.750,210.299,3.9217,-1.2223,58.677,3.9041,-1.2298,59.875,-0.0156,0.0111,0.0191,1.198,0.6542,3.0747,0.825,3.1877,-4.3509,59.050,3.844,0.2317,213.560,0.0724,0.0008,0.0149,17.8746,1,3.7908,2.7752,nan,3.4244,3.0749,0.1218,0.0731,1.0333,-0.0001,0.1148,0.2088,22.2654,0.0800,-8.7060,0.2158
56.800,210.634,4.0932,-0.9347,59.873,3.9534,-1.1377,60.603,-0.2457,0.0191,0.2465,0.731,0.6542,3.0747,0.825,3.2382,-4.2594,59.779,3.399,0.2281,213.870,0.1752,0.0127,0.0599,4.7116,1,3.7343,3.7561,nan,3.2639,3.1143,0.1233,0.0998,1.0333,0.0140,0.0785,0.2695,22.4651,0.0800,-8.7060,0.2158
56.850,210.919,4.2340,-0.6871,61.025,4.1215,-0.8281,61.645,-0.1779,0.0301,0.1804,0.620,0.6542,3.0747,0.825,3.4108,-3.9523,60.820,3.274,0.3654,214.148,0.1094,0.0015,0.0620,41.2410,1,3.7270,3.7561,nan,3.0471,3.1713,0.1256,0.2430,1.0333,0.0318,0.0324,0.3292,22.6648,0.0719,-1.6476,0.2158
56.900,210.919,4.2340,-0.6871,61.025,4.1321,-0.8094,62.108,-0.1563,0.0300,0.1592,1.082,0.6333,3.0653,1.288,3.4108,-3.9523,60.820,3.274,0.3654,214.148,0.1094,0.0015,0.0575,38.2430,1,3.8179,3.8701,nan,2.9397,2.8198,0.1117,0.2948,1.0333,0.0365,-0.0432,0.4189,22.9644,-0.0694,-4.1962,0.2158
56.950,211.157,4.3466,-0.4777,62.606,4.2675,-0.5614,62.630,-0.1106,0.0317,0.1151,0.024,0.7188,3.1341,0.116,3.5413,-3.7026,62.515,3.105,0.4967,214.378,0.0668,0.0028,0.0419,15.2268,1,3.4359,3.2431,nan,2.9397,3.0770,0.1219,0.3625,1.0333,0.0377,-0.0567,0.4539,23.0642,0.0795,-0.1666,0.2158
57.000,211.376,4.4417,-0.2799,66.905,4.3465,-0.3825,65.318,-0.1318,0.0473,0.1400,-1.586,0.6848,3.1109,0.739,3.6164,-3.5404,64.579,3.039,1.2895,214.596,0.1053,0.0072,0.0526,7.3478,1,3.2516,3.2431,nan,2.9149,2.9307,0.1161,0.4036,1.0333,0.0077,-0.0992,0.4866,23.1640,0.0800,-0.1666,0.2158
57.050,211.560,4.5072,-0.1081,71.768,4.3997,-0.1978,72.277,-0.1188,0.0741,0.1400,0.509,0.6848,3.1109,0.739,3.6719,-3.3563,71.538,2.838,1.3356,214.773,0.0966,0.0151,0.0921,6.1156,1,3.1449,3.1540,nan,2.9472,2.9146,0.1154,0.4073,1.0333,0.0297,-0.0417,0.5562,23.3637,0.0800,-5.5463,0.2158
57.100,211.560,4.5072,-0.1081,71.768,4.4105,-0.1924,70.775,-0.1103,0.0655,0.1283,-0.993,0.7836,3.2126,-0.764,3.6719,-3.3563,71.538,2.838,1.3356,214.773,0.0966,0.0151,0.0669,4.4417,1,2.8960,2.8575,nan,2.9975,3.0747,0.1218,0.4468,1.0333,0.0134,-0.0517,0.5937,23.4636,0.0447,-0.8339,0.2158
57.150,211.749,4.5573,0.0738,78.236,4.4783,-0.0166,75.333,-0.1046,0.0589,0.1201,-2.903,0.8337,3.2647,-1.205,3.7128,-3.2040,76.538,2.804,1.7960,214.965,0.1275,0.0132,0.0561,4.2503,1,3.0242,3.0804,nan,3.1138,3.1819,0.1260,0.4428,1.0333,-0.0055,-0.0509,0.6745,23.6633,0.0394,-0.9325,0.2158
57.200,211.933,4.5848,0.2562,85.043,4.5319,0.2519,84.271,-0.0089,0.0524,0.0531,-0.772,0.8901,3.3223,-1.775,3.7351,-2.9561,86.045,2.802,1.8839,215.154,0.0734,0.0158,0.0417,2.6446,1,3.0511,3.0804,nan,3.1786,3.2199,0.1275,0.4116,1.1068,-0.0192,-0.0963,0.6724,23.8630,0.0239,-0.9325,0.2158
57.250,212.144,4.5885,0.4667,93.404,4.5238,0.3723,90.386,-0.0904,0.0702,0.1145,-3.019,0.8901,3.3223,-1.775,3.7233,-2.8361,92.160,2.905,1.8889,215.378,0.1585,0.0288,0.0665,2.3057,1,2.6809,2.4879,nan,3.1786,3.3083,0.1310,0.3661,1.2292,-0.0351,-0.0895,0.6218,23.9628,0.0800,0.8226,0.2158
57.300,212.144,4.5885,0.4667,93.404,4.5428,0.4043,89.678,-0.0596,0.0493,0.0773,-3.726,0.9459,3.3990,-2.483,3.7233,-2.8361,92.160,2.905,1.8889,215.378,0.1585,0.0288,0.0346,1.1992,1,2.9880,3.4090,nan,3.4637,3.4850,0.1380,0.3476,1.4460,-0.0781,-0.1017,0.5430,24.1625,0.0123,1.9204,0.2158
57.350,212.327,4.5674,0.6492,100.134,4.5070,0.7099,98.910,0.0704,0.0487,0.0856,-1.225,0.9141,3.3742,-1.855,3.6773,-2.5466,100.764,3.023,1.7421,215.573,0.0975,0.0143,0.0078,0.5437,1,2.8899,2.8982,nan,3.5403,3.6564,0.1448,0.3191,1.4235,-0.0783,-0.0808,0.5074,24.2624,0.0672,1.9944,0.2158
57.400,212.552,4.5145,0.8678,107.472,4.4547,0.8850,105.754,0.0343,0.0519,0.0622,-1.718,0.9141,3.3742,-1.855,3.6194,-2.3733,107.609,3.145,1.7194,215.809,0.1260,0.0146,0.0267,1.8348,1,2.8771,2.8982,nan,3.6983,3.7636,0.1491,0.2680,1.4721,-0.0924,-0.0768,0.4327,24.4620,0.0800,1.9944,0.2158
57.450,212.771,4.4374,1.0723,114.282,4.3704,1.0944,112.163,0.0477,0.0519,0.0705,-2.119,0.8839,3.3487,-1.218,3.5337,-2.1796,113.381,3.268,1.7251,216.040,0.1397,0.0157,0.0294,1.8695,1,3.0811,3.1766,nan,3.7795,3.8335,0.1518,0.1932,1.6326,-0.0980,-0.0631,0.3665,24.6617,0.0313,2.3258,0.2158
57.500,212.771,4.4374,1.0723,114.282,4.3685,1.1127,111.997,0.0652,0.0462,0.0799,-2.285,0.8885,3.3770,-1.384,3.5337,-2.1796,113.381,3.268,1.7251,216.040,0.1397,0.0157,0.0220,1.4017,1,3.3769,3.8390,nan,4.1128,4.1465,0.1642,0.1194,1.8558,-0.1096,-0.0297,0.2999,24.8614,0.0191,3.0791,0.2158
57.550,212.953,4.3562,1.2359,118.726,4.2450,1.3465,118.501,0.1504,0.0443,0.1568,-0.225,0.8889,3.3837,-1.419,3.4056,-1.9534,119.921,3.469,1.3053,216.237,0.1537,0.0145,0.0166,1.1459,1,3.4237,3.4604,nan,4.1965,4.2137,0.1669,0.0845,1.9468,-0.1185,-0.0529,0.2345,25.0611,0.0096,3.9250,0.2158
57.600,213.145,4.2593,1.4016,122.060,4.1566,1.4949,121.211,0.1336,0.0375,0.1387,-0.849,0.9002,3.4021,-1.701,3.3116,-1.8097,122.912,3.618,1.0419,216.439,0.1568,0.0121,0.0154,1.2745,1,3.5601,3.6258,nan,4.3602,4.3556,0.1725,0.0608,1.9755,-0.1303,-0.0629,0.1710,25.2608,-0.0025,3.3668,0.2158
57.650,213.336,4.1550,1.5614,124.156,4.0480,1.6675,123.145,0.1478,0.0290,0.1506,-1.011,0.9248,3.4278,-2.267,3.1904,-1.6354,125.413,3.836,0.6044,216.643,0.1689,0.0090,0.0083,0.9262,1,3.6106,3.6499,nan,4.5026,4.5325,0.1795,0.0699,1.8445,-0.1534,-0.0955,0.1056,25.4605,0.0155,4.1125,0.2158
57.700,213.596,4.0055,1.7739,126.098,3.9250,1.8550,124.446,0.1130,0.0173,0.1143,-1.653,0.9164,3.4039,-1.870,3.0575,-1.4499,126.316,4.018,0.4018,216.915,0.1617,0.0110,0.0069,0.6258,1,3.6190,3.6499,nan,4.2909,4.1412,0.1640,0.0613,1.7787,-0.1756,-0.0843,0.0702,25.5603,-0.0773,4.1125,0.2158
57.752,213.891,3.8287,2.0097,127.682,3.7171,2.1464,125.887,0.1764,0.0048,0.1765,-1.795,0.9164,3.4039,-1.870,2.8402,-1.1655,127.757,4.112,0.3862,217.216,0.1891,0.0205,0.0310,1.5158,1,3.9103,4.3585,nan,3.9865,4.4057,0.1745,0.0633,1.5882,-0.2005,-0.0799,-0.0229,25.8599,-0.0800,3.1572,0.2158
57.800,213.891,3.8287,2.0097,127.682,3.7176,2.1426,126.244,0.1731,0.0067,0.1732,-1.438,0.9091,3.3826,-1.513,2.8402,-1.1655,127.757,4.112,0.3862,217.216,0.1891,0.0136,0.0085,0.6223,1,4.0981,4.1998,nan,3.7741,3.7154,0.1471,0.0568,1.4253,-0.2063,-0.0446,-0.0886,26.0596,-0.0340,-0.7963,0.2158
57.850,214.137,3.6764,2.2025,129.022,3.5573,2.3486,128.232,0.1885,0.0005,0.1885,-0.790,0.9036,3.3493,-0.934,2.6696,-0.9573,129.166,4.101,0.3987,217.462,0.2067,0.0122,0.0125,1.0270,1,3.7783,3.7038,nan,3.6633,2.9248,0.1158,0.0400,1.4123,-0.2041,-0.0141,-0.1195,26.1594,0.0800,2.5839,0.2158
57.900,214.428,3.4897,2.4268,130.639,3.4150,2.5214,129.730,0.1204,-0.0049,0.1205,-0.909,0.8939,3.3516,-0.823,2.5328,-0.7940,130.553,4.189,0.3793,217.760,0.1688,0.0125,0.0118,0.9478,1,3.6875,3.7038,nan,3.4379,2.9692,0.1176,0.0156,1.2093,-0.2014,0.0639,-0.2172,26.4589,0.0800,2.5839,0.2158
57.950,214.703,3.3082,2.6334,131.945,3.4150,2.5214,129.730,-0.1547,-0.0046,0.1548,-2.214,0.8939,3.3516,-0.823,2.5328,-0.7940,130.553,4.189,0.3793,218.008,0.2702,0.0538,0.0118,0.2196,1,3.9697,4.4592,nan,2.9810,3.0198,0.1196,-0.0166,1.3018,-0.1669,0.1531,-0.2399,26.7585,0.0225,-7.5295,0.2158
58.000,214.703,3.3082,2.6334,131.945,3.2112,2.7735,129.532,0.1690,-0.0215,0.1704,-2.412,0.9401,3.4078,-2.583,2.2974,-0.5314,132.115,3.803,0.1196,218.008,0.2108,0.0248,0.0240,0.9663,1,3.7231,3.6967,nan,2.8691,2.9886,0.1184,-0.0042,1.2209,-0.1443,0.1697,-0.2302,26.8583,0.0800,-8.4826,0.2158
58.050,214.945,3.1461,2.8126,132.257,3.1119,2.8856,130.236,0.0770,-0.0238,0.0806,-2.021,0.9447,3.3767,-2.115,2.1839,-0.4107,132.351,3.258,-0.0544,218.216,0.1747,0.0158,0.0093,0.5902,1,3.5087,3.4947,nan,2.7597,2.8207,0.1117,0.0606,1.1506,-0.1462,0.1494,-0.1722,26.9582,0.0800,-4.6113,0.2158
58.100,215.147,3.0107,2.9621,131.986,2.9648,3.0553,130.270,0.1000,-0.0282,0.1039,-1.716,0.9498,3.3512,-1.762,2.0231,-0.2337,132.032,3.069,-0.0230,218.408,0.1912,0.0096,0.0068,0.7066,1,3.4722,3.4947,nan,2.6544,2.7565,0.1092,0.0925,1.1386,-0.1151,0.1736,-0.0168,27.1579,0.0591,-4.6113,0.2158
58.150,215.340,2.8817,3.1055,131.963,2.8912,3.1430,130.138,0.0215,-0.0321,0.0386,-1.826,0.9498,3.3512,-1.762,1.9469,-0.1484,131.900,2.943,0.2000,218.594,0.1652,0.0171,0.0069,0.4036,1,3.0932,2.6775,nan,2.6544,2.4611,0.0975,0.0732,1.0143,-0.1046,0.1795,-0.0168,27.1579,0.0800,-2.3381,0.2158
58.200,215.340,2.8817,3.1055,131.963,2.8912,3.1430,130.138,0.0215,-0.0321,0.0386,-1.826,0.9498,3.3512,-1.762,1.9469,-0.1484,131.900,2.943,0.2000,218.594,0.1652,0.0171,0.0069,0.4036,1,2.8916,2.8738,nan,2.5525,2.3139,0.0916,0.0876,0.9482,-0.0760,0.1884,0.1345,27.3575,0.0800,-4.3735,0.2158
58.250,215.508,2.7679,3.2295,133.307,2.7874,3.2413,132.070,-0.0048,-0.0223,0.0228,-1.237,0.9583,3.2778,-0.542,1.8293,-0.0192,132.612,2.787,0.4026,218.756,0.1654,0.0114,0.0067,0.5863,1,2.8489,2.8656,nan,2.4546,2.3177,0.0918,0.0251,0.9342,-0.0274,0.2321,0.2044,27.4574,0.0800,-1.5246,0.2158
58.300,215.666,2.6582,3.3438,134.356,2.6925,3.3215,134.549,-0.0399,-0.0090,0.0409,0.193,0.9777,3.2283,-0.071,1.7147,0.0954,134.620,2.534,0.2858,218.903,0.1693,0.0135,0.0081,0.5987,1,2.6219,2.5966,nan,2.4546,2.0906,0.0828,-0.0104,0.8598,0.0025,0.2469,0.2044,27.4574,0.0800,-2.3928,0.2158
58.350,215.805,2.5601,3.4423,135.415,2.6104,3.3881,135.050,-0.0738,0.0033,0.0739,-0.366,0.9974,3.2002,-0.320,1.6119,0.1969,135.370,2.368,0.3226,219.035,0.1718,0.0181,0.0117,0.6449,1,2.5821,2.5966,nan,2.3597,2.1550,0.0853,0.0277,0.8468,0.0313,0.2050,0.3547,27.6571,0.0800,-2.3928,0.2158
58.400,215.973,2.4403,3.5593,135.735,2.5265,3.4673,136.334,-0.1259,0.0057,0.1261,0.599,0.9974,3.2002,-0.320,1.5276,0.2756,136.654,2.252,-0.0359,219.198,0.1685,0.0138,0.0200,1.4488,1,2.2586,2.1485,nan,2.3597,2.4366,0.0965,-0.0148,0.8000,0.0486,0.2201,0.3547,27.6571,0.0445,-1.6525,0.2158
58.450,215.973,2.4403,3.5593,135.735,2.5265,3.4673,136.334,-0.1259,0.0057,0.1261,0.599,0.9974,3.2002,-0.320,1.5276,0.2756,136.654,2.252,-0.0359,219.257,0.1685,0.0138,0.0200,1.4488,1,2.3863,2.4349,nan,2.1794,2.0125,0.0797,0.1365,0.8000,0.0693,0.1452,0.4357,27.7569,0.0800,-3.9900,0.2158
58.500,216.097,2.3515,3.6458,135.630,2.4000,3.5877,135.706,-0.0753,0.0076,0.0757,0.076,0.9977,3.1869,0.102,1.4030,0.3983,135.603,2.122,-0.0335,219.316,0.1731,0.0094,0.0168,1.7835,1,2.0324,1.8594,nan,2.1794,2.2912,0.0907,0.2070,0.8000,0.0794,0.1041,0.5117,27.8568,0.0647,-1.1901,0.2158
58.550,216.231,2.2560,3.7395,135.467,2.3387,3.6476,135.605,-0.1234,0.0075,0.1236,0.139,0.9977,3.1869,0.102,1.3418,0.4583,135.503,2.271,0.0182,219.455,0.1676,0.0087,0.0273,3.1164,1,2.0927,2.1202,nan,2.1794,2.2454,0.0889,0.2302,0.8000,0.0844,0.1050,0.5117,27.8568,0.0382,-6.1751,0.2158
58.600,216.378,2.1500,3.8417,136.987,2.2043,3.7793,135.908,-0.0823,0.0086,0.0827,-1.079,0.9847,3.1965,0.368,1.2233,0.5749,135.541,2.063,0.4757,219.595,0.1668,0.0117,0.0223,1.8967,1,2.1021,2.1202,nan,2.0079,1.8674,0.0740,0.5058,0.8000,0.0902,-0.0120,0.6714,28.0565,0.0800,-6.1751,0.2111
58.651,216.537,2.0307,3.9478,139.885,2.1171,3.8517,139.057,-0.1280,0.0178,0.1292,-0.828,0.9847,3.1965,0.368,1.1366,0.6479,138.690,2.199,0.7278,219.759,0.1700,0.0718,0.0404,0.5630,1,1.9863,1.9831,nan,1.9247,1.8015,0.0713,0.6228,0.8000,0.0976,-0.0069,0.7566,28.1563,0.0800,3.9690,0.2111
58.700,216.537,2.0307,3.9478,139.885,2.1171,3.8517,139.057,-0.1280,0.0178,0.1292,-0.828,0.9847,3.1965,0.368,1.1366,0.6479,138.690,2.199,0.7278,219.759,0.1700,0.0130,0.0455,3.5005,1,2.3066,2.6249,nan,1.7736,1.7054,0.0675,0.7696,0.8000,0.0893,-0.1087,0.9328,28.3560,-0.0395,-7.1256,0.2111
58.750,216.673,1.9239,4.0318,144.803,1.9542,3.9784,142.926,-0.0555,0.0262,0.0614,-1.877,0.9951,3.1920,0.155,0.9613,0.7838,142.771,1.845,1.6719,219.886,0.1857,0.0285,0.0220,0.7720,1,1.9752,1.8474,nan,1.7661,1.8970,0.0751,0.9291,0.8000,0.0709,-0.2324,1.1429,28.5557,0.0758,-4.4419,0.2111
58.800,216.796,1.8192,4.0965,151.856,1.8782,4.0170,150.434,-0.0895,0.0423,0.0990,-1.422,0.9722,3.2191,-0.569,0.8980,0.8069,151.003,1.695,1.8125,220.008,0.1786,0.0262,0.0352,1.3417,1,1.8527,1.8474,nan,1.7661,1.7915,0.0710,0.8007,0.8000,0.0997,-0.0994,1.1429,28.5557,0.0800,-4.4419,0.2111
58.851,216.891,1.7333,4.1364,158.422,1.7575,4.0649,158.187,-0.0488,0.0575,0.0755,-0.235,0.9722,3.2191,-0.569,0.7769,0.8536,158.756,1.597,2.0456,220.106,0.1998,0.0462,0.0588,1.2735,1,1.8768,1.8955,nan,1.7586,1.8516,0.0733,0.8785,0.8000,0.0877,-0.1196,1.2721,28.6555,0.0800,-3.1680,0.2111
58.900,216.891,1.7333,4.1364,158.422,1.7615,4.0759,157.479,-0.0485,0.0459,0.0668,-0.943,0.9657,3.2397,-1.277,0.7769,0.8536,158.756,1.597,2.0456,220.106,0.1998,0.0462,0.0442,0.9557,1,1.5799,1.4861,nan,1.7661,1.8999,0.0752,0.8455,0.8000,0.0839,-0.0259,1.2721,28.6555,0.0800,-1.2012,0.2111
58.950,216.993,1.6362,4.1674,166.140,1.6888,4.1106,163.860,-0.0647,0.0426,0.0774,-2.280,0.9508,3.2611,-1.054,0.7222,0.8629,164.914,1.594,2.1283,220.218,0.1854,0.0274,0.0280,1.0197,1,1.8601,2.0067,nan,1.7586,1.7064,0.0676,0.9008,0.8000,0.0723,-0.1720,1.5113,28.8552,-0.0302,-0.7735,0.2111
59.000,217.088,1.5425,4.1839,174.023,1.5522,4.1445,172.378,-0.0137,0.0382,0.0406,-1.645,0.9619,3.2712,-1.153,0.5726,0.8850,173.532,1.598,2.2647,220.325,0.2204,0.0512,0.0391,0.7627,1,1.7835,1.7861,nan,1.8178,1.8439,0.0730,0.8990,0.8000,0.0433,-0.1925,1.5094,28.9551,0.0151,0.4118,0.2111
59.050,217.187,1.4440,4.1874,-177.996,1.4475,4.1487,-179.011,-0.0021,0.0388,0.0389,-1.015,0.9555,3.2866,-1.907,0.4630,0.8780,-177.104,1.615,2.2950,220.436,0.2357,0.0196,0.0278,1.4238,1,1.7735,1.7861,nan,1.8902,1.9789,0.0784,0.8690,0.8000,0.0216,-0.2305,1.5114,29.0549,0.0514,0.4118,0.2111
59.100,217.285,1.3464,4.1767,-169.611,1.3576,4.1337,-171.709,-0.0033,0.0443,0.0444,-2.098,0.9555,3.2866,-1.907,0.3737,0.8600,-169.802,1.552,2.2835,220.544,0.2343,0.0413,0.0332,0.8042,1,1.6369,1.6260,nan,1.8902,1.9569,0.0775,0.8684,0.8000,0.0100,-0.1425,1.5114,29.0549,0.0800,-2.8180,0.2111
59.150,217.285,1.3464,4.1767,-169.611,1.3688,4.1443,-172.000,-0.0162,0.0359,0.0394,-2.389,0.9624,3.2993,-2.197,0.3737,0.8600,-169.802,1.552,2.2835,220.544,0.2343,0.0413,0.0254,0.6147,1,1.7307,1.7627,nan,1.9647,2.0570,0.0815,0.8396,0.8000,-0.0086,-0.1738,1.4257,29.1548,0.0535,1.9326,0.2111
59.200,217.391,1.2436,4.1496,-160.709,1.2638,4.1148,-163.131,-0.0076,0.0396,0.0403,-2.421,0.9782,3.2990,-1.681,0.2615,0.8238,-161.450,1.651,2.3972,220.669,0.2473,0.0260,0.0293,1.1260,1,1.9356,2.0140,nan,2.1215,2.0379,0.0807,0.8258,0.8000,-0.0347,-0.1709,1.2804,29.2546,-0.0484,-0.0655,0.2111
59.250,217.485,1.1578,4.1129,-152.947,1.1575,4.0745,-154.564,0.0177,0.0340,0.0384,-1.617,0.9929,3.3069,-1.871,0.1394,0.7726,-152.693,1.686,2.3970,220.777,0.2842,0.0366,0.0345,0.9419,1,1.8466,1.8478,nan,2.1215,2.0696,0.0820,0.7489,0.8000,-0.0377,-0.1678,1.1632,29.3545,-0.0301,1.8552,0.2111
59.300,217.595,1.0638,4.0555,-144.117,1.0638,4.0076,-144.550,0.0281,0.0388,0.0479,-0.433,1.0063,3.3104,-1.636,0.0375,0.6986,-142.914,1.750,2.3980,220.903,0.3010,0.0157,0.0204,1.2968,1,1.8349,1.8478,nan,2.2013,2.1990,0.0871,0.7210,0.8000,-0.0448,-0.1618,1.0491,29.4543,-0.0013,1.8552,0.2111
59.350,217.595,1.0638,4.0555,-144.117,1.0638,4.0076,-144.550,0.0281,0.0388,0.0479,-0.433,1.0063,3.3104,-1.636,0.0375,0.6986,-142.914,1.750,2.3980,220.903,0.3010,0.0157,0.0204,1.2968,1,1.7457,1.7461,nan,2.2827,2.4100,0.0954,0.6330,0.8000,-0.0387,-0.0582,1.0491,29.4543,0.0737,-0.2131,0.2111
59.400,217.713,0.9740,3.9789,-134.848,0.9814,3.9293,-135.883,0.0299,0.0403,0.0502,-1.035,1.0108,3.3084,-0.916,-0.0393,0.6203,-134.966,1.773,2.4200,221.036,0.2925,0.0156,0.0274,1.7576,1,1.9429,2.0158,nan,2.4499,2.5188,0.0998,0.5763,0.8133,-0.0447,-0.1109,0.8607,29.6540,0.0399,-0.7134,0.2111
59.450,217.851,0.8851,3.8735,-125.526,0.8978,3.8219,-126.922,0.0346,0.0404,0.0532,-1.396,1.0179,3.3204,-1.322,-0.1316,0.4986,-125.600,1.950,2.0280,221.195,0.3063,0.0387,0.0233,0.6011,1,1.9914,2.0158,nan,2.5356,2.6162,0.1036,0.4627,0.8650,-0.0520,-0.0716,0.7754,29.7538,0.0466,-0.7134,0.2111
59.500,217.992,0.8113,3.7532,-117.342,0.7985,3.6491,-118.320,0.0984,0.0364,0.1049,-0.978,1.0179,3.3204,-1.322,-0.2269,0.3236,-116.998,2.140,1.9913,221.356,0.3610,0.0277,0.0351,1.2671,1,2.2461,2.3733,nan,2.6236,2.5595,0.1014,0.4026,1.0100,-0.0595,-0.0754,0.6982,29.8537,-0.0371,3.4295,0.2111
59.550,217.992,0.8113,3.7532,-117.342,0.8109,3.6597,-118.330,0.0833,0.0426,0.0935,-0.988,1.0302,3.3309,-1.332,-0.2269,0.3236,-116.998,2.140,1.9913,221.356,0.3610,0.0277,0.0235,0.8488,1,2.2035,2.2152,nan,2.7134,2.7300,0.1081,0.3166,1.0274,-0.0447,-0.0487,0.6202,29.9535,0.0096,2.4856,0.2111
59.600,218.147,0.7497,3.6104,-109.307,0.7628,3.5252,-110.405,0.0761,0.0405,0.0862,-1.098,1.0328,3.3390,-1.450,-0.2746,0.1793,-108.956,2.311,1.5655,221.526,0.3531,0.0201,0.0129,0.6438,1,2.2917,2.3275,nan,2.8047,2.8031,0.1110,0.2605,1.1040,-0.0421,-0.0432,0.5523,30.0534,-0.0009,4.0289,0.2111
59.650,218.326,0.7002,3.4382,-102.950,0.7197,3.3538,-104.291,0.0779,0.0380,0.0866,-1.341,1.0328,3.3390,-1.450,-0.3133,0.0069,-102.841,2.467,1.2291,221.713,0.3465,0.0187,0.0090,0.4841,1,2.3067,2.3275,nan,2.8975,2.9336,0.1162,0.2055,1.1520,-0.0462,-0.0188,0.4800,30.1532,0.0209,4.0289,0.2111
59.700,218.326,0.7002,3.4382,-102.950,0.7209,3.3574,-104.144,0.0741,0.0383,0.0834,-1.194,1.0340,3.3434,-1.303,-0.3133,0.0069,-102.841,2.467,1.2291,221.713,0.3465,0.0187,0.0034,0.1839,1,2.5123,2.5994,nan,3.1781,3.2234,0.1277,0.1412,1.3465,-0.0475,-0.0549,0.3454,30.3529,0.0262,3.4571,0.2111
59.750,218.497,0.6689,3.2703,-98.213,0.6888,3.1482,-98.780,0.1180,0.0372,0.1237,-0.567,1.0345,3.3415,-0.922,-0.3426,-0.1988,-97.858,2.630,0.9212,221.892,0.3759,0.0218,0.0020,0.0931,1,2.4756,2.4901,nan,3.2690,3.3879,0.1342,0.1204,1.3778,-0.0477,-0.0542,0.2774,30.4527,0.0688,4.6744,0.2111
59.800,218.705,0.6461,3.0633,-94.448,0.6712,2.9642,-95.248,0.0968,0.0327,0.1022,-0.800,1.0328,3.3375,-1.059,-0.3547,-0.3798,-94.189,2.830,0.6884,222.109,0.3484,0.0218,0.0037,0.1704,1,2.4710,2.4901,nan,3.3568,3.4569,0.1369,0.0720,1.4264,-0.0494,-0.0261,0.2139,30.5526,0.0800,4.6744,0.2111
59.850,218.705,0.6461,3.0633,-94.448,0.6712,2.9642,-95.248,0.0968,0.0327,0.1022,-0.800,1.0328,3.3375,-1.059,-0.3547,-0.3798,-94.189,2.830,0.6884,222.109,0.3484,0.0218,0.0037,0.1704,1,2.7286,2.8690,nan,3.5237,3.5870,0.1421,0.0449,1.7090,-0.0588,-0.0392,0.0803,30.7523,0.0366,5.7997,0.2111
59.900,218.917,0.6345,2.8524,-91.862,0.6551,2.7322,-93.128,0.1195,0.0245,0.1220,-1.266,1.0347,3.3437,-1.625,-0.3621,-0.6220,-91.503,3.085,0.4329,222.333,0.3722,0.0225,0.0169,0.7510,1,2.9165,2.9985,nan,3.6803,3.7132,0.1471,0.0331,1.8867,-0.0635,-0.0369,-0.0050,30.9520,0.0190,5.0217,0.2111
59.950,219.151,0.6301,2.6178,-90.356,0.6502,2.5003,-91.539,0.1174,0.0209,0.1192,-1.183,1.0351,3.3476,-1.549,-0.3618,-0.8574,-89.990,3.299,0.3323,222.578,0.3704,0.0221,0.0164,0.7428,1,2.9654,2.9985,nan,3.8278,3.9402,0.1560,0.0256,1.9183,-0.0753,-0.0245,-0.0092,31.0518,0.0650,5.0217,0.2111
60.000,219.151,0.6301,2.6178,-90.356,0.6502,2.5003,-91.539,0.1174,0.0209,0.1192,-1.183,1.0351,3.3476,-1.549,-0.3618,-0.8574,-89.990,3.299,0.3323,222.578,0.3704,0.0221,0.0164,0.7428,1,3.1650,3.2594,nan,3.8985,3.9223,0.1553,0.0167,2.0475,-0.0783,-0.0156,-0.0132,31.2515,0.0138,2.3659,0.2111
60.050,219.420,0.6310,2.3494,-89.320,0.6492,2.2300,-89.772,0.1196,0.0168,0.1208,-0.451,1.0249,3.3550,-0.904,-0.3579,-1.1309,-88.868,3.496,0.1460,222.856,0.3733,0.0215,0.0040,0.1878,1,3.4235,3.5838,nan,4.0996,4.0893,0.1620,0.0138,2.2147,-0.0827,-0.0171,-0.0192,31.4512,-0.0058,5.3349,0.2111
60.100,219.678,0.6354,2.0913,-88.742,0.6540,1.9717,-89.192,0.1200,0.0160,0.1210,-0.450,1.0169,3.3657,-0.436,-0.3523,-1.3967,-88.756,3.731,0.1485,223.127,0.3793,0.0206,0.0041,0.1979,1,3.5299,3.5838,nan,4.2256,4.2401,0.1679,0.0000,2.2835,-0.0770,0.0061,-0.0263,31.6509,0.0080,5.3349,0.2111
60.150,219.938,0.6421,1.8312,-88.342,0.6605,1.6913,-88.650,0.1403,0.0143,0.1411,-0.308,1.0169,3.3657,-0.436,-0.3437,-1.6770,-88.214,3.806,0.0415,223.393,0.3962,0.0192,0.0018,0.0922,1,3.8131,4.0446,nan,4.4610,4.4487,0.1762,-0.0148,2.4667,-0.0658,0.0276,-0.0302,31.8506,-0.0063,1.8721,0.2111
60.200,219.938,0.6421,1.8312,-88.342,0.6583,1.6866,-88.765,0.1450,0.0120,0.1455,-0.423,1.0181,3.3603,-0.551,-0.3437,-1.6770,-88.214,3.806,0.0415,223.514,0.3962,0.0192,0.0023,0.1208,1,4.0787,4.2752,nan,4.5714,4.4541,0.1764,-0.0140,2.5933,-0.0637,0.0289,-0.0235,32.1501,-0.0575,4.7525,0.2111
60.250,220.169,0.6490,1.6002,-88.343,0.6657,1.4363,-88.899,0.1643,0.0120,0.1648,-0.556,1.0253,3.3775,-0.698,-0.3359,-1.9454,-88.201,4.002,-0.0242,223.636,0.4292,0.0182,0.0062,0.3435,1,4.0599,4.0903,nan,4.6774,4.6636,0.1847,-0.0121,2.5958,-0.0583,0.0254,-0.0254,32.3498,-0.0068,4.2884,0.2111
60.300,220.437,0.6562,1.3325,-88.679,0.6698,1.1492,-89.646,0.1835,0.0094,0.1838,-0.966,1.0447,3.3757,-1.201,-0.3282,-2.2339,-88.445,4.202,-0.0915,223.916,0.4477,0.0165,0.0149,0.9004,1,4.0572,4.0903,nan,4.8176,4.9203,0.1949,-0.0138,2.5960,-0.0529,0.0290,-0.0253,32.5495,0.0508,4.2884,0.2111
60.350,220.761,0.6627,1.0088,-89.082,0.6680,0.9147,-90.227,0.0941,0.0038,0.0942,-1.146,1.0447,3.3757,-1.201,-0.3250,-2.4683,-89.026,4.354,-0.0954,224.252,0.3700,0.0146,0.0251,1.7146,1,3.8500,3.8408,nan,4.8853,4.8276,0.1912,-0.0035,2.5030,-0.0569,0.0096,-0.0214,32.6493,0.0800,1.9207,0.2111
60.400,220.761,0.6627,1.0088,-89.082,0.6691,0.9134,-89.913,0.0954,0.0049,0.0956,-0.831,1.0323,3.3765,-0.887,-0.3250,-2.4683,-89.026,4.354,-0.0954,224.252,0.3700,0.0146,0.0205,1.3986,1,4.0229,5.0834,nan,5.1421,5.1132,0.2025,-0.0064,2.6074,-0.0498,0.0173,-0.0169,33.0487,0.0800,5.4725,0.2111
60.450,221.021,0.6663,0.7487,-89.403,0.6691,0.4933,-89.363,0.2554,0.0001,0.2554,0.040,0.9843,3.3982,0.100,-0.3202,-2.9043,-89.463,4.582,-0.0616,224.529,0.5287,0.0132,0.0125,0.9440,1,3.9812,4.0072,nan,5.2029,5.1865,0.2054,-0.0068,2.5951,-0.0479,0.0180,-0.0182,33.1486,0.0800,1.6152,0.2111
60.500,221.345,0.6694,0.4249,-89.501,0.6749,0.2976,-89.541,0.1273,0.0044,0.1274,-0.040,0.9896,3.3879,0.093,-0.3197,-3.0898,-89.635,4.673,-0.0376,224.861,0.4034,0.0125,0.0125,1.0000,1,3.9757,4.0072,nan,5.3212,5.1653,0.2046,-0.0160,2.5931,-0.0353,0.0356,-0.0158,33.3483,0.0800,1.6152,0.2111
60.551,221.640,0.6716,0.1291,-89.662,0.6788,-0.1124,-89.553,0.2415,0.0058,0.2416,0.110,0.9896,3.3879,0.093,-0.3164,-3.4998,-89.646,4.846,-0.0925,225.170,0.5067,0.0125,0.0102,0.8171,1,4.1508,5.0626,nan,5.5447,5.3258,0.2109,-0.0214,2.6127,-0.0146,0.0434,-0.0156,33.7476,0.0800,3.9643,0.2111
60.600,221.640,0.6716,0.1291,-89.662,0.6817,-0.0913,-89.373,0.2204,0.0088,0.2206,0.290,0.9815,3.4100,0.273,-0.3164,-3.4998,-89.646,4.846,-0.0925,225.170,0.5067,0.0125,0.0019,0.1501,1,4.4089,4.6228,nan,5.6504,5.5907,0.2214,-0.0215,2.6170,-0.0033,0.0416,-0.0131,33.9473,0.0800,2.3924,0.2111
60.650,222.009,0.6724,-0.2395,-90.198,0.6856,-0.3871,-89.594,0.1475,0.0137,0.1482,0.604,0.9708,3.4260,0.461,-0.3159,-3.8107,-90.055,4.976,-0.1566,225.551,0.4538,0.0127,0.0040,0.3119,1,4.6950,5.1724,nan,5.8023,5.8793,0.2328,-0.0175,2.6149,0.0053,0.0329,-0.0083,34.2469,0.0800,2.5073,0.2078
60.700,222.362,0.6695,-0.5927,-90.850,0.6802,-0.7560,-90.005,0.1631,0.0132,0.1636,0.846,0.9445,3.4333,0.776,-0.3209,-4.1853,-90.780,5.099,-0.1698,225.916,0.4742,0.0126,0.0079,0.6256,1,4.9397,5.1724,nan,6.0250,6.1176,0.2423,-0.0168,2.5871,0.0168,0.0300,-0.0039,34.4465,0.0800,2.5073,0.2078
60.750,222.706,0.6627,-0.9359,-91.506,0.6776,-1.1241,-90.145,0.1878,0.0198,0.1888,1.360,0.9055,3.4322,1.287,-0.3302,-4.5501,-91.433,5.303,-0.1497,226.278,0.4950,0.0147,0.0124,0.8474,1,5.2133,5.6247,nan,6.1610,6.3440,0.2512,-0.0150,2.5866,0.0229,0.0269,-0.0050,34.7461,0.0716,3.4976,0.2078
60.800,223.005,0.6539,-1.2356,-91.965,0.6725,-1.5018,-90.715,0.2654,0.0277,0.2668,1.250,0.9055,3.4322,1.287,-0.3438,-4.9275,-92.002,5.573,-0.1459,226.604,0.5690,0.0128,0.0157,1.2311,1,5.4908,6.0749,nan,6.3326,6.4529,0.2556,-0.0174,2.5866,0.0363,0.0293,-0.0016,35.1455,0.0451,6.1335,0.2078
60.850,223.005,0.6539,-1.2356,-91.965,0.6737,-1.4855,-90.286,0.2490,0.0284,0.2507,1.679,0.8697,3.4501,1.717,-0.3438,-4.9275,-92.002,5.573,-0.1459,226.604,0.5690,0.0128,0.0211,1.6558,1,5.5538,5.6482,nan,6.4546,6.6283,0.2625,-0.0181,2.5866,0.0461,0.0305,0.0016,35.3451,0.0646,3.7964,0.2078
60.900,223.378,0.6398,-1.6075,-92.460,0.6680,-1.7976,-90.876,0.1887,0.0363,0.1922,1.585,0.8777,3.4664,1.614,-0.3580,-5.2560,-92.490,5.857,-0.1517,227.005,0.5286,0.0139,0.0226,1.6275,1,5.8276,6.4158,nan,6.6087,6.7089,0.2657,-0.0155,2.5866,0.0550,0.0224,0.0047,35.7445,0.0358,4.1251,0.2078
60.950,223.766,0.6215,-1.9951,-93.042,0.6555,-2.2877,-91.824,0.2904,0.0495,0.2946,1.217,0.9126,3.4806,1.258,-0.3836,-5.7612,-93.082,6.068,-0.1676,227.416,0.6415,0.0128,0.0269,2.0979,1,6.0658,6.4158,nan,6.7183,6.7336,0.2667,-0.0093,2.5866,0.0575,0.0118,0.0055,36.0441,0.0053,4.1251,0.2078
61.000,224.198,0.5963,-2.4265,-93.694,0.6427,-2.6245,-92.428,0.1946,0.0591,0.2033,1.265,0.9126,3.4806,1.258,-0.4038,-6.0977,-93.686,6.262,-0.0953,227.870,0.5505,0.0129,0.0385,2.9814,1,5.8079,5.7514,nan,6.7890,6.9439,0.2750,-0.0008,2.5866,0.0529,-0.0043,0.0036,36.2438,0.0800,3.6350,0.2078
61.050,224.198,0.5963,-2.4265,-93.694,0.6355,-2.5889,-92.747,0.1595,0.0496,0.1670,0.946,0.9393,3.5146,0.939,-0.4038,-6.0977,-93.686,6.262,-0.0953,227.870,0.5505,0.0129,0.0307,2.3767,1,6.0766,6.8044,nan,6.9246,7.1133,0.2817,0.0071,2.5866,0.0369,-0.0154,0.0093,36.6431,0.0655,2.6609,0.2078
61.100,224.635,0.5670,-2.8628,-94.012,0.6100,-3.0610,-91.834,0.1947,0.0568,0.2029,2.177,0.7940,3.5710,2.224,-0.4412,-6.6199,-94.059,6.414,-0.0178,228.327,0.6340,0.0150,0.0413,2.7460,1,6.3401,6.8563,nan,7.0533,7.1557,0.2834,0.0092,2.5866,0.0306,-0.0184,0.0109,37.0425,0.0343,2.9596,0.2078
61.150,224.998,0.5415,-3.2251,-94.045,0.5922,-3.5261,-91.867,0.2967,0.0718,0.3053,2.178,0.7938,3.6025,2.218,-0.4774,-7.1156,-94.085,6.542,-0.0096,228.707,0.7641,0.0129,0.0551,4.2547,1,6.5396,6.8563,nan,7.1456,7.1784,0.2843,-0.0020,2.5906,0.0436,-0.0004,0.0084,37.3420,0.0107,2.9596,0.2078
61.200,224.998,0.5415,-3.2251,-94.045,0.5922,-3.5261,-91.867,0.2967,0.0718,0.3053,2.178,0.7938,3.6025,2.218,-0.4774,-7.1156,-94.085,6.542,-0.0096,228.707,0.7641,0.0129,0.0551,4.2547,1,6.1144,5.3112,nan,7.1755,7.2073,0.2854,-0.0015,2.5906,0.0419,-0.0009,0.0121,37.4419,0.0800,1.7339,0.2078
61.250,225.523,0.5055,-3.7486,-93.759,0.5526,-3.7658,-93.402,0.0140,0.0482,0.0502,0.357,0.9612,3.6307,0.684,-0.4968,-7.3910,-94.085,6.725,-0.0032,229.256,0.5247,0.0129,0.0291,2.2499,1,6.2887,7.5295,nan,7.3199,7.3708,0.2919,-0.0032,2.5906,0.0465,-0.0003,0.0106,37.9411,0.0800,1.9771,0.2078
61.300,226.018,0.4727,-4.2428,-93.843,0.5136,-4.5301,-93.090,0.2840,0.0601,0.2902,0.753,0.9612,3.6307,0.684,-0.5450,-8.1549,-93.774,6.833,-0.0209,229.769,0.7846,0.0129,0.0334,2.5781,1,6.5250,7.5295,nan,7.4293,7.6116,0.3015,0.0212,2.5906,-0.0145,-0.0301,0.0085,38.2407,0.0800,1.9771,0.2078
61.350,226.018,0.4727,-4.2428,-93.843,0.5121,-4.5513,-92.314,0.3051,0.0600,0.3110,1.529,0.8492,3.6149,1.460,-0.5450,-8.1549,-93.774,6.833,-0.0209,229.769,0.7846,0.0129,0.0436,3.3699,1,6.3779,6.3936,nan,7.4458,7.4377,0.2946,0.0179,2.5906,-0.0175,-0.0224,0.0123,38.5402,0.0800,1.1765,0.2078
61.400,226.603,0.4330,-4.8264,-93.726,0.4835,-4.9514,-93.080,0.1214,0.0585,0.1348,0.645,0.9287,3.6107,0.855,-0.5731,-8.5544,-93.936,6.963,0.2216,230.376,0.6058,0.0131,0.0368,2.8207,1,6.5492,7.8622,nan,7.4458,7.6183,0.3017,0.0133,2.5946,-0.0193,-0.0122,0.0049,38.6400,0.0800,3.2816,0.2078
61.450,227.126,0.4026,-5.3481,-92.773,0.4620,-5.5579,-92.654,0.2067,0.0694,0.2181,0.119,1.0447,3.6637,0.177,-0.6113,-9.2198,-92.831,7.130,0.2019,230.924,0.7447,0.0129,0.0368,2.8466,1,6.7698,7.8622,nan,7.4458,7.6654,0.3036,0.0155,2.5948,-0.0449,-0.0086,0.0095,39.3390,0.0711,3.2816,0.2078
61.500,227.126,0.4026,-5.3481,-92.773,0.4620,-5.5579,-92.654,0.2067,0.0694,0.2181,0.119,1.0447,3.6637,0.177,-0.6113,-9.2198,-92.831,7.130,0.2019,230.924,0.7447,0.0129,0.0368,2.8466,1,7.0279,7.8235,nan,7.4458,7.5901,0.3006,0.0183,2.5967,-0.0496,-0.0130,0.0074,39.7383,0.0800,0.5906,0.2078
61.551,227.655,0.3801,-5.8767,-91.929,0.4542,-6.1271,-90.039,0.2477,0.0825,0.2611,1.889,0.7800,3.7304,1.804,-0.6359,-9.8423,-91.843,7.180,0.1815,231.467,0.8357,0.0126,0.0844,6.7163,1,6.8216,6.8024,nan,7.4458,7.3673,0.2918,0.0136,2.5967,-0.0464,-0.0040,0.0074,39.7383,0.0800,2.0174,0.2078
61.600,228.162,0.3656,-6.3832,-91.222,0.4261,-6.4852,-90.301,0.1007,0.0627,0.1186,0.921,0.9000,3.7173,0.961,-0.6450,-10.1931,-91.262,7.283,0.1905,231.992,0.6847,0.0117,0.0612,5.2116,1,6.7463,6.8024,nan,7.4458,7.2861,0.2886,-0.0072,2.5984,-0.0183,0.0286,0.0065,40.2375,0.0800,2.0174,0.2078
61.650,228.162,0.3656,-6.3832,-91.222,0.4261,-6.4852,-90.301,0.1007,0.0627,0.1186,0.921,0.9000,3.7173,0.961,-0.6450,-10.1931,-91.262,7.283,0.1905,231.992,0.6847,0.0117,0.0612,5.2116,1,6.9370,8.2089,nan,7.4458,7.4920,0.2967,0.0001,2.5910,-0.0433,0.0215,0.0027,40.8366,0.0800,0.4984,0.2078
61.700,228.680,0.3576,-6.9012,-90.487,0.4361,-7.1597,-88.472,0.2578,0.0807,0.2702,2.015,0.7333,3.8071,1.861,-0.6531,-10.9514,-90.333,7.289,-0.0257,232.519,0.9164,0.0124,0.0930,7.5280,1,6.6306,6.5164,nan,7.4458,7.1610,0.2836,0.0048,2.5847,-0.0417,0.0112,0.0054,41.0363,0.0800,-1.9305,0.2078
61.750,229.258,0.3515,-7.4793,-90.800,0.4436,-7.4917,-88.733,0.0111,0.0923,0.0930,2.066,0.7333,3.8071,1.861,-0.6563,-11.2834,-90.594,7.187,-0.0163,233.095,0.6784,0.0115,0.1019,8.8673,1,6.4943,6.5164,nan,7.4458,7.0138,0.2778,-0.0046,2.5846,-0.0229,0.0247,0.0064,41.2360,0.0800,-1.9305,0.2078
61.800,229.258,0.3515,-7.4793,-90.800,0.4221,-7.4320,-89.373,-0.0483,0.0699,0.0850,1.427,0.8377,3.8629,1.221,-0.6563,-11.2834,-90.594,7.187,-0.0163,233.095,0.6784,0.0115,0.0716,6.2342,1,6.6560,8.0170,nan,7.4458,7.1885,0.2847,0.0082,2.5752,-0.0468,0.0076,0.0045,41.7352,0.0800,0.4983,0.2078
61.850,229.820,0.3436,-8.0411,-90.833,0.4029,-8.1137,-89.332,0.0718,0.0603,0.0938,1.501,0.7476,3.9480,1.544,-0.6696,-12.0480,-90.876,7.184,-0.0442,233.664,0.8750,0.0126,0.0661,5.2523,1,6.7603,6.9406,nan,7.4458,7.3011,0.2892,0.0102,2.5668,-0.0450,0.0045,0.0022,42.0348,0.0800,-3.2469,0.2078
61.900,230.351,0.3351,-8.5724,-91.032,0.4071,-8.5123,-89.468,-0.0614,0.0709,0.0938,1.564,0.7476,3.9480,1.544,-0.6761,-12.4465,-91.012,7.011,0.0501,234.185,0.7463,0.0110,0.0726,6.6262,1,6.8075,6.9406,nan,7.1280,7.3521,0.2912,0.0130,2.5639,-0.0620,0.0072,0.0043,42.2345,0.0800,-3.2469,0.2078
61.950,230.785,0.3282,-9.0064,-90.738,0.3824,-8.8993,-89.333,-0.1078,0.0528,0.1200,1.404,0.7206,3.9980,1.539,-0.6844,-12.8835,-90.872,6.988,0.0866,234.622,0.7496,0.0102,0.0562,5.4817,1,7.0005,7.3358,nan,6.8556,6.7454,0.2671,0.0168,2.5550,-0.0859,0.0125,0.0024,42.6338,-0.0365,-0.4801,0.2078
62.000,230.785,0.3282,-9.0064,-90.738,0.3587,-8.9436,-89.731,-0.0632,0.0297,0.0698,1.007,0.7864,3.9510,1.141,-0.6844,-12.8835,-90.872,6.988,0.0866,234.622,0.7496,0.0102,0.0305,2.9791,1,7.2456,7.8549,nan,6.2992,6.4921,0.2571,0.0236,2.5470,-0.1050,0.0115,0.0068,43.1331,0.0800,-0.2858,0.2078
62.050,231.206,0.3240,-9.4271,-90.264,0.3392,-9.5405,-90.411,0.1133,0.0157,0.1144,-0.147,1.0302,3.9042,-0.011,-0.6885,-13.4448,-90.401,7.015,0.1642,235.052,0.8853,0.0104,0.0073,0.7079,1,6.8107,6.3439,nan,6.1093,6.0092,0.2380,0.0187,2.5454,-0.0961,0.0226,0.0085,0.0998,0.0800,-4.1435,0.2078
62.100,231.682,0.3242,-9.9029,-89.520,0.3347,-9.8875,-89.298,-0.0154,0.0106,0.0187,0.222,0.9532,3.9224,0.274,-0.6845,-13.8068,-89.572,6.782,0.2389,235.509,0.7742,0.0086,0.0056,0.6496,1,6.4829,6.3439,nan,5.9168,5.6552,0.2240,0.0351,2.5389,-0.1295,0.0074,0.0157,0.3994,0.0800,-4.1435,0.2078
62.150,231.682,0.3242,-9.9029,-89.520,0.3347,-9.8875,-89.298,-0.0154,0.0106,0.0187,0.222,0.9532,3.9224,0.274,-0.6845,-13.8068,-89.572,6.782,0.2389,235.509,0.7742,0.0086,0.0056,0.6496,1,6.2757,6.2555,nan,5.6223,5.4314,0.2151,0.0275,2.5334,-0.1253,0.0250,0.0154,0.6989,0.0800,-4.4228,0.2078
62.200,232.193,0.3325,-10.4139,-88.364,0.3433,-10.3527,-88.187,-0.0609,0.0125,0.0622,0.177,0.9468,3.9304,0.278,-0.6728,-14.2800,-88.465,6.443,0.3423,235.992,0.7369,0.0077,0.0080,1.0392,1,6.2310,6.2914,nan,5.4216,5.3832,0.2132,0.0190,2.5239,-0.1084,0.0414,0.0205,0.9984,0.0800,-8.9929,0.2078
62.251,232.655,0.3504,-10.8759,-86.953,0.3491,-10.8228,-86.872,-0.0530,0.0016,0.0531,0.081,0.9643,3.8943,0.135,-0.6499,-14.7156,-87.007,5.923,0.2537,236.411,0.7102,0.0051,0.0068,1.3333,1,6.2170,6.2914,nan,5.1122,5.2201,0.2067,0.0143,2.5236,-0.0991,0.0522,0.0229,1.2980,0.0502,-8.9929,0.2078
62.300,232.655,0.3504,-10.8759,-86.953,0.3491,-10.8228,-86.872,-0.0530,0.0016,0.0531,0.081,0.9643,3.8943,0.135,-0.6499,-14.7156,-87.007,5.923,0.2537,236.411,0.7102,0.0051,0.0068,1.3333,1,6.0889,6.1118,nan,4.7913,4.7526,0.1882,0.0183,2.3589,-0.1012,0.0481,0.0282,1.6974,-0.0185,-6.6701,0.2078
62.350,233.079,0.3761,-11.2990,-85.995,0.3829,-11.2686,-85.689,-0.0298,0.0089,0.0311,0.306,0.9664,3.9135,0.117,-0.6147,-15.1808,-85.807,5.553,0.1246,236.807,0.7482,0.0038,0.0047,1.2317,1,5.6626,5.0094,nan,4.6813,4.7693,0.1889,0.0210,2.2401,-0.0930,0.0442,0.0280,1.7972,0.0800,-5.0130,0.2078
62.400,233.490,0.4063,-11.7086,-85.465,0.4084,-11.5184,-84.751,-0.1894,0.0171,0.1902,0.714,0.8061,3.9540,0.711,-0.5897,-15.4663,-85.462,5.232,0.1427,237.194,0.6306,0.0041,0.0218,5.3526,1,5.2645,5.0094,nan,4.4560,4.3394,0.1719,0.0219,2.0299,-0.0826,0.0445,0.0333,1.9969,0.0800,-5.0130,0.2078
62.450,233.847,0.4361,-12.0650,-84.892,0.4421,-11.8692,-84.222,-0.1944,0.0234,0.1958,0.670,0.8061,3.9540,0.711,-0.5603,-15.8175,-84.933,4.844,0.1618,237.525,0.6258,0.0046,0.0187,4.0587,1,5.1787,5.2085,nan,4.2445,4.2521,0.1684,0.0119,1.7698,-0.0633,0.0531,0.0343,2.2964,0.0800,-6.9639,0.2078
62.500,233.847,0.4361,-12.0650,-84.892,0.4313,-11.8069,-85.058,-0.2575,0.0182,0.2581,-0.165,1.0260,4.0093,-0.125,-0.5603,-15.8175,-84.933,4.844,0.1618,237.525,0.6258,0.0046,0.0143,3.1040,1,5.0854,5.1121,nan,4.0483,4.1588,0.1647,0.0213,1.6926,-0.0628,0.0447,0.0346,2.3963,0.0800,-7.3786,0.2078
62.550,234.118,0.4613,-12.3349,-84.367,0.4612,-12.1143,-83.982,-0.2196,0.0216,0.2206,0.386,0.9046,4.0301,0.305,-0.5293,-16.1418,-84.287,4.530,0.1039,237.775,0.6760,0.0031,0.0199,6.3774,1,4.7663,3.8490,nan,4.0483,3.8397,0.1521,0.0227,1.5420,-0.0573,0.0397,0.0366,2.5960,0.0800,-4.9228,0.2078
62.600,234.401,0.4896,-12.6159,-84.075,0.4772,-12.2927,-83.855,-0.3227,0.0210,0.3234,0.220,0.9554,4.0206,0.117,-0.5115,-16.3123,-83.972,4.317,0.0796,238.043,0.5744,0.0016,0.0230,14.1025,1,4.3669,3.8490,nan,3.8455,3.4407,0.1363,0.0140,1.4643,-0.0461,0.0486,0.0390,2.6958,0.0800,-4.9228,0.2078
62.650,234.681,0.5196,-12.8943,-83.564,0.5076,-12.5695,-83.662,-0.3241,0.0245,0.3250,-0.098,0.9554,4.0206,0.117,-0.4816,-16.5892,-83.779,4.179,0.1361,238.315,0.5730,0.0025,0.0287,11.4646,1,4.1156,4.0847,nan,3.7414,3.2083,0.1271,0.0246,1.3163,-0.0424,0.0380,0.0390,2.8955,0.0800,-2.1655,0.2054
62.700,234.681,0.5196,-12.8943,-83.564,0.5079,-12.5595,-83.294,-0.3340,0.0259,0.3350,0.270,0.8491,4.0331,0.485,-0.4816,-16.5892,-83.779,4.179,0.1361,238.315,0.5730,0.0025,0.0308,12.3197,1,4.1403,4.1804,nan,3.5454,3.4868,0.1381,0.0093,1.2909,-0.0272,0.0492,0.0427,3.0952,0.0800,-1.3855,0.2054
62.750,234.972,0.5531,-13.1832,-83.171,0.5422,-12.7946,-82.495,-0.3871,0.0354,0.3887,0.676,0.8315,4.0905,0.530,-0.4455,-16.8817,-83.025,3.621,0.1357,238.572,0.5756,0.0041,0.0425,10.3193,1,3.8139,3.7334,nan,3.4335,3.1755,0.1258,0.0130,1.2289,-0.0217,0.0445,0.0443,3.2949,0.0800,-7.2980,0.2054
62.800,235.189,0.5798,-13.3990,-82.698,0.5658,-13.0233,-82.504,-0.3744,0.0339,0.3760,0.193,0.9312,4.0546,0.191,-0.4224,-17.0766,-82.695,3.336,0.0673,238.774,0.5572,0.0037,0.0367,9.9058,1,3.7177,3.7334,nan,3.3187,3.0868,0.1222,0.0122,1.1973,-0.0117,0.0474,0.0485,3.3947,0.0800,-7.2980,0.2054
62.850,235.414,0.6088,-13.6224,-82.511,0.5933,-13.2026,-82.237,-0.4182,0.0394,0.4200,0.274,0.9295,4.0717,0.200,-0.3966,-17.2731,-82.437,3.329,0.0659,238.999,0.5335,0.0048,0.0525,11.0012,1,3.4024,3.3245,nan,3.0799,2.7865,0.1104,0.0323,1.0958,-0.0142,0.0308,0.0521,3.5944,0.0800,1.1752,0.2054
62.900,235.414,0.6088,-13.6224,-82.511,0.5933,-13.2026,-82.237,-0.4182,0.0394,0.4200,0.274,0.9295,4.0717,0.200,-0.3966,-17.2731,-82.437,3.329,0.0659,238.999,0.5335,0.0048,0.0525,11.0012,1,3.3327,3.3494,nan,2.9588,2.7236,0.1079,0.0614,1.0733,-0.0065,0.0279,0.0482,3.6943,0.0800,-3.3048,0.2054
62.950,235.613,0.6351,-13.8193,-82.281,0.6267,-13.4193,-81.836,-0.3975,0.0454,0.4001,0.446,0.8646,4.0805,0.421,-0.3664,-17.4975,-82.256,3.200,0.0726,239.191,0.5575,0.0030,0.0626,20.6557,1,2.9820,2.8487,nan,2.8392,2.3803,0.0943,0.0537,0.9608,-0.0037,0.0263,0.0522,3.7941,0.0800,-3.8653,0.2054
63.000,235.815,0.6631,-14.0190,-81.721,0.6450,-13.5868,-81.527,-0.4303,0.0443,0.4326,0.194,0.8362,4.0449,0.510,-0.3481,-17.6293,-82.037,2.877,0.1511,239.377,0.4989,0.0042,0.0677,16.2184,1,3.1226,3.1849,nan,2.7228,2.5353,0.1004,0.1060,1.0056,0.0083,0.0345,0.0550,3.9938,0.0800,-2.9761,0.2054
63.050,235.974,0.6871,-14.1771,-80.872,0.6853,-13.8165,-80.169,-0.3564,0.0555,0.3606,0.703,0.6966,4.0478,0.964,-0.3119,-17.8615,-81.134,2.752,0.2607,239.531,0.5624,0.0047,0.0686,14.4774,1,3.1539,3.1849,nan,2.4996,2.5984,0.1029,0.2044,1.0157,0.0085,0.0304,0.0799,4.1935,0.0800,-2.9761,0.2054
63.100,236.132,0.7131,-14.3326,-80.124,0.7001,-13.8881,-79.030,-0.4402,0.0634,0.4447,1.094,0.6966,4.0478,0.964,-0.2983,-17.9334,-79.994,2.467,0.2146,239.677,0.4903,0.0102,0.0899,8.8060,1,2.7974,2.2924,nan,2.4996,2.2419,0.0888,0.1389,0.9009,0.0181,0.0620,0.0799,4.1935,0.0800,-1.3057,0.2054
63.150,236.287,0.7421,-14.4847,-77.725,0.7309,-14.0404,-78.440,-0.4366,0.0836,0.4445,-0.715,0.6966,4.0478,0.964,-0.2701,-18.0861,-79.404,2.516,0.8014,239.834,0.4913,0.0127,0.0896,7.0249,1,2.5308,2.4776,nan,2.3935,2.0140,0.0798,0.1710,0.8150,0.0251,0.0559,0.1601,4.2933,0.0800,-0.9000,0.2054
63.200,236.287,0.7421,-14.4847,-77.725,0.7319,-14.0858,-78.767,-0.3920,0.0749,0.3991,-1.042,0.8008,4.0023,0.637,-0.2701,-18.0861,-79.404,2.516,0.8014,239.834,0.4913,0.0127,0.0816,6.3992,1,2.6427,2.6890,nan,2.1919,2.2275,0.0882,0.2740,0.8511,0.0392,0.0922,0.3414,4.4930,0.0800,0.4332,0.2054
63.250,236.421,0.7728,-14.6157,-75.999,0.7725,-14.2608,-74.980,-0.3444,0.0856,0.3549,1.019,0.9976,3.9924,-0.002,-0.2245,-18.2532,-74.978,2.311,0.5063,239.960,0.5182,0.0076,0.0922,12.1608,1,2.2880,2.1210,nan,2.1919,1.9238,0.0762,0.3532,0.8000,0.0328,0.0418,0.4280,4.5929,0.0800,-4.2562,0.2054
63.300,236.564,0.8098,-14.7533,-73.833,0.7979,-14.3504,-74.255,-0.3903,0.1007,0.4031,-0.422,0.9976,3.9924,-0.002,-0.1991,-18.3428,-74.253,2.082,0.6452,240.094,0.4791,0.0088,0.1081,12.3086,1,2.2400,2.2515,nan,2.0964,1.9261,0.0763,0.4424,0.8000,0.0361,0.0268,0.5194,4.6927,0.0800,1.6803,0.2054
63.350,236.689,0.8475,-14.8724,-70.847,0.8472,-14.5243,-71.396,-0.3289,0.1139,0.3481,-0.549,0.9714,3.9614,0.085,-0.1516,-18.4856,-71.481,2.121,0.9567,240.221,0.4965,0.0074,0.1147,15.5921,1,2.2346,2.2515,nan,2.0034,1.9682,0.0779,0.5545,0.8000,0.0414,0.0126,0.6127,4.7926,0.0800,1.6803,0.2054
63.400,236.830,0.8988,-15.0039,-66.347,0.8911,-14.6332,-67.077,-0.3427,0.1417,0.3708,-0.730,0.9714,3.9614,0.085,-0.1078,-18.5945,-67.162,1.917,1.2692,240.357,0.4791,0.0076,0.1432,18.7618,1,2.0254,1.9947,nan,1.9162,1.8023,0.0714,0.6539,0.8000,0.0371,0.0243,0.7102,4.8924,0.0800,-5.9595,0.2054
63.450,236.830,0.8988,-15.0039,-66.347,0.8970,-14.7301,-67.462,-0.2515,0.1082,0.2738,-1.115,1.1024,3.8635,-0.301,-0.1078,-18.5945,-67.162,1.917,1.2692,240.357,0.4791,0.0076,0.1042,13.6470,1,2.0182,2.0332,nan,1.8035,1.8734,0.0742,0.8602,0.8000,-0.0035,-0.0551,0.9210,5.0921,0.0800,-1.4197,0.2054
63.500,236.953,0.9533,-15.1136,-60.415,0.9589,-14.8940,-62.043,-0.1882,0.1133,0.2197,-1.628,1.1313,3.8174,-0.394,-0.0436,-18.7121,-61.649,1.835,1.7442,240.481,0.4822,0.0125,0.0731,5.8299,1,1.9222,1.9229,nan,1.8035,1.8173,0.0720,0.8601,0.8000,0.0011,-0.0322,1.0357,5.1919,0.0800,-4.2255,0.2054
63.550,237.055,1.0083,-15.1996,-54.324,1.0333,-15.0735,-54.730,-0.0878,0.0939,0.1285,-0.406,1.3874,3.7353,-1.175,0.0318,-18.8121,-53.555,1.719,1.8344,240.583,0.4873,0.0237,0.0490,2.0678,1,1.9096,1.9229,nan,1.7930,1.8895,0.0748,0.9577,0.8000,-0.0402,-0.1808,1.3098,5.3916,0.0558,-4.2255,0.2054
63.600,237.173,1.0839,-15.2907,-45.852,1.0748,-15.1147,-49.371,-0.1326,0.1161,0.1762,-3.519,1.3874,3.7353,-1.175,0.0741,-18.8524,-48.196,1.660,2.3431,240.711,0.4547,0.0245,0.0631,2.5772,1,1.6010,1.4963,nan,1.7921,1.9210,0.0761,0.9722,0.8000,-0.0971,-0.1106,1.3098,5.3916,0.0800,-0.6717,0.2054
63.650,237.267,1.1543,-15.3537,-37.483,1.2004,-15.2249,-39.328,-0.0418,0.1302,0.1368,-1.845,1.3874,3.7353,-1.175,0.2019,-18.9601,-38.153,1.608,2.6067,240.818,0.4733,0.0047,0.0483,10.2832,1,1.9197,2.1939,nan,1.7845,1.6987,0.0673,0.9953,0.8000,-0.1154,-0.2116,1.4934,5.5913,-0.0497,-1.8513,0.2054
63.700,237.267,1.1543,-15.3537,-37.483,1.1961,-15.2770,-39.243,-0.0136,0.0863,0.0874,-1.760,1.3551,3.6835,-1.091,0.2019,-18.9601,-38.153,1.608,2.6067,240.818,0.4733,0.0047,0.0318,6.7819,1,1.8668,1.8743,nan,1.8197,1.8007,0.0713,1.0000,0.8000,-0.1682,-0.0568,1.4934,5.5913,-0.0110,-1.5425,0.2054
63.750,237.354,1.2265,-15.4014,-29.293,1.2829,-15.3508,-28.983,0.0244,0.0717,0.0758,0.310,1.5892,3.6652,-1.820,0.2978,-19.0161,-27.163,1.603,2.6434,240.919,0.4742,0.0063,0.0255,4.0224,1,1.5664,1.4688,nan,1.8197,1.8864,0.0747,0.9182,0.8000,-0.1657,-0.1099,1.4982,5.6912,0.0800,-1.0727,0.2054
63.800,237.466,1.3291,-15.4466,-18.449,1.3490,-15.3849,-20.826,-0.0006,0.0649,0.0649,-2.376,1.3890,3.6536,-1.209,0.3619,-19.0351,-19.616,1.467,2.5034,241.043,0.4615,0.0070,0.0356,5.1183,1,1.4718,1.4688,nan,1.8933,1.7918,0.0710,0.9073,0.8000,-0.1874,0.0098,1.4982,5.6912,0.0800,-1.0727,0.2054
63.850,237.558,1.4179,-15.4685,-9.521,1.4730,-15.4156,-10.959,0.0455,0.0613,0.0764,-1.438,1.1424,3.6504,-0.505,0.4985,-19.0623,-10.454,1.503,2.3296,241.150,0.4515,0.0213,0.0233,1.0965,1,1.7658,1.9397,nan,1.9716,2.0840,0.0825,0.9141,0.8000,-0.2032,-0.1376,1.4742,5.8909,0.0650,-0.6459,0.2054
63.900,237.558,1.4179,-15.4685,-9.521,1.4730,-15.4156,-10.959,0.0455,0.0613,0.0764,-1.438,1.1424,3.6504,-0.505,0.4985,-19.0623,-10.454,1.503,2.3296,241.150,0.4515,0.0213,0.0233,1.0965,1,1.8953,1.9394,nan,1.9716,1.9855,0.0786,0.8406,0.8000,-0.1989,-0.0011,1.4742,5.8909,0.0081,1.3131,0.2054
63.950,237.647,1.5072,-15.4771,-1.637,1.5913,-15.4189,-0.229,0.0824,0.0606,0.1023,1.408,1.0296,3.6481,-0.229,0.6380,-19.0646,0.000,1.550,2.4209,241.255,0.4347,0.0022,0.0240,10.7200,1,1.5856,1.4762,nan,2.0531,1.9636,0.0778,0.7540,0.8000,-0.1841,0.0999,1.4742,5.8909,0.0800,2.8214,0.2054
64.000,237.774,1.6337,-15.4685,9.559,1.6607,-15.4063,8.810,0.0369,0.0569,0.0678,-0.749,0.8906,3.6408,0.170,0.7137,-19.0493,8.641,1.722,2.4165,241.409,0.4392,0.0025,0.0130,5.2932,1,1.4809,1.4762,nan,2.0531,2.0341,0.0806,0.6511,0.8000,-0.1797,0.0833,1.3072,5.9907,0.0800,2.8214,0.2054
64.050,237.881,1.7377,-15.4429,18.129,1.8174,-15.3594,17.554,0.1018,0.0545,0.1154,-0.574,0.8906,3.6408,0.170,0.8706,-19.0029,17.385,1.732,2.4123,241.529,0.4073,0.0176,0.0329,1.8754,1,1.8010,2.0800,nan,2.2198,2.2807,0.0903,0.6298,0.8000,-0.1638,0.1034,1.1752,6.0905,0.0353,-0.1035,0.2054
64.100,237.881,1.7377,-15.4429,18.129,1.7987,-15.3615,17.564,0.0833,0.0584,0.1017,-0.564,0.8686,3.6386,0.179,0.8706,-19.0029,17.385,1.732,2.4123,241.529,0.4073,0.0176,0.0247,1.4047,1,2.0345,2.1343,nan,2.3058,2.2302,0.0883,0.5298,0.8000,-0.1562,0.1260,1.0544,6.1904,-0.0438,-0.8454,0.2054
64.150,238.001,1.8489,-15.3979,25.537,1.9277,-15.3166,27.846,0.1062,0.0394,0.1132,2.309,0.8134,3.6314,0.320,1.0085,-18.9540,27.527,1.884,1.9372,241.661,0.3998,0.0030,0.0293,9.8278,1,1.9466,1.9487,nan,2.3944,2.4343,0.0964,0.5060,0.8000,-0.1445,0.0725,0.9522,6.2902,0.0231,2.6249,0.2054
64.200,238.131,1.9620,-15.3346,32.925,2.0165,-15.2581,32.614,0.0873,0.0346,0.0939,-0.311,0.8134,3.6314,0.320,1.0976,-18.8960,32.294,2.040,1.7196,241.805,0.4082,0.0186,0.0250,1.3447,1,2.2216,2.3744,nan,2.4853,2.3675,0.0938,0.4175,0.9135,-0.1252,0.0776,0.8512,6.3901,-0.0682,1.4720,0.2054
64.250,238.259,2.0660,-15.2590,39.096,2.1447,-15.1383,40.193,0.1372,0.0440,0.1441,1.098,0.8390,3.6312,0.163,1.2524,-18.7731,40.030,2.118,1.7102,241.940,0.3561,0.0044,0.0235,5.2814,1,2.3318,2.3744,nan,2.5786,2.4570,0.0973,0.3325,0.9971,-0.1174,0.0829,0.7612,6.4899,-0.0800,1.4720,0.2054
64.300,238.413,2.1793,-15.1549,46.096,2.2019,-15.0727,45.612,0.0749,0.0407,0.0853,-0.484,0.8390,3.6312,0.163,1.3098,-18.7076,45.450,2.267,1.4640,242.104,0.4005,0.0788,0.0796,1.0098,1,2.0041,1.8828,nan,2.5786,2.6769,0.1060,0.2602,0.8569,-0.0868,0.1496,0.7612,6.4899,0.0569,2.7318,0.2054
64.350,238.413,2.1793,-15.1549,46.096,2.2019,-15.0727,45.612,0.0749,0.0407,0.0853,-0.484,0.8390,3.6312,0.163,1.3098,-18.7076,45.450,2.267,1.4640,242.104,0.4005,0.0026,0.0128,5.0059,1,2.3072,2.5298,nan,2.7718,2.7412,0.1086,0.1436,1.0696,-0.0657,0.0910,0.5861,6.6896,-0.0178,3.2525,0.2054
64.400,238.567,2.2812,-15.0397,50.587,2.3235,-14.9319,50.442,0.1102,0.0357,0.1158,-0.145,1.1750,3.6414,-0.891,1.4371,-18.5532,51.333,2.405,0.9766,242.263,0.3579,0.0065,0.0196,2.9998,1,2.4967,2.5751,nan,2.9708,2.9221,0.1157,0.0919,1.2057,-0.0547,0.0612,0.5030,6.7895,-0.0282,3.9762,0.2054
64.450,238.711,2.3696,-14.9256,53.928,2.4341,-14.7846,54.120,0.1520,0.0309,0.1551,0.192,1.0496,3.6291,-0.507,1.5472,-18.4007,54.627,2.547,0.9467,242.413,0.3176,0.0012,0.0155,12.4437,1,2.5459,2.5751,nan,3.0702,3.0072,0.1191,0.0522,1.3385,-0.0599,0.0073,0.3404,6.9892,-0.0365,3.9762,0.2054
64.500,238.711,2.3696,-14.9256,53.928,2.4341,-14.7846,54.120,0.1520,0.0309,0.1551,0.192,1.0496,3.6291,-0.507,1.5472,-18.4007,54.627,2.547,0.9467,242.413,0.3176,0.0012,0.0155,12.4437,1,2.2192,2.1048,nan,3.0702,3.1464,0.1246,0.0240,1.1668,-0.0517,0.0481,0.3404,6.9892,0.0800,3.0005,0.2054
64.550,238.919,2.4878,-14.7544,56.386,2.5089,-14.6820,56.954,0.0720,0.0225,0.0754,0.568,1.3446,3.6359,-1.424,1.6190,-18.2833,58.377,2.735,0.2200,242.629,0.3769,0.0001,0.0160,138.2658,1,2.4825,2.6240,nan,3.3454,3.4735,0.1376,0.0211,1.3959,-0.0576,-0.0428,0.1820,7.1888,0.0800,3.9937,0.2054
64.600,239.147,2.6121,-14.5635,57.252,2.6442,-14.4848,55.908,0.0835,0.0155,0.0850,-1.344,1.3446,3.6359,-1.424,1.7494,-18.0829,57.331,2.951,0.1078,242.865,0.3664,0.0001,0.0088,94.6798,1,2.5818,2.6240,nan,3.4190,3.5270,0.1397,0.0159,1.4518,-0.0782,-0.0620,0.1011,7.2887,0.0625,3.9937,0.2054
64.650,239.147,2.6121,-14.5635,57.252,2.6436,-14.4868,56.048,0.0815,0.0150,0.0829,-1.204,1.2997,3.6307,-1.284,1.7494,-18.0829,57.331,2.951,0.1078,242.865,0.3664,0.0001,0.0081,87.0234,1,2.8864,3.1607,nan,3.5552,3.5261,0.1396,-0.0105,1.6231,-0.0962,-0.0649,-0.0601,7.4884,-0.0169,2.6057,0.2054
64.700,239.353,2.7224,-14.3902,57.668,2.7986,-14.2594,56.158,0.1513,0.0056,0.1514,-1.511,1.3840,3.6386,-1.552,1.8987,-17.8532,57.709,3.122,0.0774,243.079,0.3056,0.0001,0.0146,157.7646,1,2.8817,2.9041,nan,3.6201,3.6633,0.1451,-0.0186,1.6204,-0.1032,-0.0523,-0.1418,7.5882,0.0250,5.5030,0.2038
64.750,239.611,2.8600,-14.1712,57.964,2.8912,-14.1180,56.846,0.0617,0.0018,0.0617,-1.118,1.2466,3.6219,-1.121,1.9914,-17.7043,57.967,3.370,-0.0462,243.349,0.3810,0.0000,0.0082,353.8488,1,2.8810,2.9041,nan,3.6965,3.7718,0.1494,-0.0236,1.5863,-0.1091,-0.0146,-0.2212,7.7879,0.0800,5.5030,0.2038
64.800,239.823,2.9722,-13.9922,57.754,3.0513,-13.8824,55.990,0.1351,-0.0083,0.1353,-1.765,1.4506,3.6197,-1.820,2.1559,-17.4424,57.810,3.454,-0.1210,243.565,0.2924,0.0037,0.0228,6.1299,1,3.0684,4.0181,nan,3.9477,3.9255,0.1555,-0.0320,1.5649,-0.1032,0.0479,-0.2072,8.0875,0.0800,1.5607,0.2038
64.850,239.823,2.9722,-13.9922,57.754,3.0513,-13.8824,55.990,0.1351,-0.0083,0.1353,-1.765,1.4506,3.6197,-1.820,2.1559,-17.4424,57.810,3.454,-0.1210,243.565,0.2924,0.0037,0.0228,6.1299,1,3.3742,3.7168,nan,4.0813,4.2171,0.1670,-0.0082,1.6298,-0.1047,0.0454,-0.2018,8.1873,0.0786,3.6264,0.2038
64.900,240.049,3.0938,-13.8009,57.256,3.1679,-13.7056,56.226,0.1202,-0.0108,0.1207,-1.030,1.1908,3.5681,-1.035,2.2886,-17.2352,57.260,3.619,-0.1776,243.801,0.2760,0.0004,0.0152,36.5435,1,3.2972,3.3124,nan,4.1480,4.1681,0.1651,0.0031,1.5320,-0.0950,0.0708,-0.1569,8.3870,0.0800,3.2001,0.2038
64.950,240.309,3.2352,-13.5835,56.591,3.2630,-13.5548,56.370,0.0393,-0.0074,0.0400,-0.222,0.9250,3.5233,-0.192,2.3953,-17.0702,56.562,3.795,-0.0539,244.070,0.3308,0.0000,0.0034,145.9870,1,3.2874,3.3124,nan,4.2762,4.1856,0.1658,0.0015,1.5036,-0.0767,0.0895,-0.1216,8.4868,0.0800,3.2001,0.2038
65.000,240.309,3.2352,-13.5835,56.591,3.2630,-13.5548,56.370,0.0393,-0.0074,0.0400,-0.222,0.9250,3.5233,-0.192,2.3953,-17.0702,56.562,3.795,-0.0539,244.070,0.3308,0.0000,0.0034,145.9870,1,3.5888,3.9692,nan,4.1467,4.0908,0.1620,0.0089,1.5501,-0.0383,0.1312,-0.0247,8.7864,-0.0307,4.6629,0.2038
65.050,240.591,3.3910,-13.3482,56.436,3.4475,-13.2789,56.343,0.0889,-0.0088,0.0893,-0.094,0.8537,3.4926,-0.003,2.5947,-16.7714,56.346,4.001,0.0108,244.365,0.2649,0.0008,0.0077,9.5089,1,3.6923,3.7471,nan,4.0403,3.9793,0.1576,0.0295,1.5948,-0.0158,0.1393,0.0102,8.8862,-0.0800,1.4091,0.2038
65.100,240.881,3.5516,-13.1060,56.513,3.5859,-13.0755,56.576,0.0444,-0.0118,0.0459,0.063,0.8278,3.4869,0.096,2.7304,-16.5670,56.480,4.045,0.0557,244.659,0.3034,0.0126,0.0169,1.3338,1,3.7132,3.7471,nan,3.8344,4.0737,0.1613,0.0038,1.2002,0.0098,0.1316,0.0749,9.0859,-0.0800,1.4091,0.2038
65.150,240.881,3.5516,-13.1060,56.513,3.5859,-13.0755,56.576,0.0444,-0.0118,0.0459,0.063,0.8278,3.4869,0.096,2.7304,-16.5670,56.480,4.045,0.0557,244.659,0.3034,0.0126,0.0169,1.3338,1,3.9813,4.1796,nan,3.4565,3.2667,0.1294,-0.0029,1.0183,0.0400,0.1018,0.1727,9.3854,0.0800,-0.5302,0.2038
65.200,241.188,3.7201,-12.8503,56.737,3.7717,-12.7886,57.213,0.0799,-0.0093,0.0805,0.476,0.7209,3.4643,0.456,2.9213,-16.2767,56.756,4.014,0.0251,244.963,0.2681,0.0031,0.0082,2.6579,1,3.9606,3.9896,nan,3.3700,3.2980,0.1306,0.0523,1.0183,0.0609,0.0889,0.2101,9.4853,0.0800,-0.4599,0.2038
65.250,241.494,3.8879,-12.5941,56.803,3.9225,-12.5477,57.748,0.0578,-0.0036,0.0579,0.945,0.5790,3.4127,0.891,3.0948,-16.0105,56.856,3.817,-0.0175,245.257,0.2582,0.0020,0.0093,4.6694,1,3.9577,3.9896,nan,3.2042,3.3057,0.1309,0.1452,1.0183,0.0720,0.0417,0.2738,9.6850,0.0588,-0.4599,0.2038
65.300,241.745,4.0253,-12.3844,56.727,4.0120,-12.4067,57.636,-0.0259,-0.0011,0.0260,0.909,0.5790,3.4127,0.891,3.1865,-15.8709,56.745,3.413,-0.0159,245.485,0.3305,0.0114,0.0060,0.5243,1,3.6303,3.5462,nan,3.1292,3.1083,0.1231,0.1916,1.0183,0.0776,0.0161,0.3127,9.7848,0.0800,-8.6915,0.2038
65.350,241.745,4.0253,-12.3844,56.727,4.0141,-12.4064,57.502,-0.0245,-0.0027,0.0247,0.774,0.6184,3.4211,0.757,3.1865,-15.8709,56.745,3.413,-0.0159,245.485,0.3305,0.0114,0.0048,0.4253,1,3.8285,3.9331,nan,2.9937,2.8998,0.1148,0.2932,1.0183,0.0662,-0.0955,0.4092,10.0843,-0.0544,-3.3143,0.2038
65.400,241.949,4.1355,-12.2125,58.726,4.1282,-12.2109,57.552,-0.0024,0.0071,0.0075,-1.174,0.5527,3.3809,0.882,3.3351,-15.6450,56.670,3.279,0.8727,245.683,0.2742,0.0018,0.0024,1.3353,1,3.4326,3.1521,nan,2.9397,3.0413,0.1204,0.2716,1.0183,0.0959,0.0123,0.4092,10.0843,0.0800,-4.4424,0.2038
65.450,242.177,4.2480,-12.0138,62.694,4.2179,-12.0284,63.396,-0.0268,0.0200,0.0335,0.702,0.5964,3.3935,0.737,3.4227,-15.4673,62.659,3.070,1.1189,245.903,0.2962,0.0038,0.0266,7.0691,1,3.1856,3.1521,nan,2.9397,2.8752,0.1139,0.3173,1.0183,0.0940,-0.0336,0.4867,10.2840,0.0800,-4.4424,0.2038
65.501,242.398,4.3406,-11.8127,68.421,4.2731,-11.8837,67.590,-0.0909,0.0367,0.0980,-0.831,0.5964,3.3935,0.737,3.4798,-15.3233,66.853,2.873,1.4159,246.118,0.3575,0.0961,0.0739,0.7685,1,2.8836,2.8092,nan,2.9397,2.9823,0.1181,0.3090,1.0183,0.1018,-0.0170,0.5178,10.3839,0.0247,-4.7444,0.2038
65.550,242.398,4.3406,-11.8127,68.421,4.2755,-11.8828,67.326,-0.0891,0.0348,0.0957,-1.095,0.6693,3.4112,0.473,3.4798,-15.3233,66.853,2.873,1.4159,246.118,0.3575,0.0064,0.0366,5.7042,1,3.1506,3.3167,nan,3.0028,2.9914,0.1185,0.3325,1.0183,0.1089,-0.0244,0.5976,10.5836,0.0800,-2.1301,0.2038
65.600,242.583,4.4010,-11.6383,73.663,4.3574,-11.6432,73.348,-0.0170,0.0405,0.0439,-0.315,0.9766,3.4687,-0.660,3.5546,-15.0720,74.008,2.833,1.3727,246.303,0.2792,0.0198,0.0343,1.7316,1,3.0131,3.0148,nan,3.0593,3.0943,0.1225,0.3714,1.0183,0.0991,-0.0824,0.6860,10.7833,0.0203,-2.1301,0.2038
65.650,242.751,4.4421,-11.4750,78.333,4.3877,-11.5041,77.462,-0.0395,0.0474,0.0617,-0.871,1.0944,3.5082,-1.071,3.5733,-14.9482,78.533,2.867,1.4063,246.474,0.3223,0.0090,0.0409,4.5351,1,2.7506,2.7024,nan,3.0593,3.0706,0.1216,0.3684,1.0183,0.0949,-0.1118,0.7208,10.8831,0.0800,0.6699,0.2038
65.700,242.958,4.4736,-11.2707,84.537,4.4219,-11.3124,82.780,-0.0465,0.0475,0.0665,-1.756,1.0944,3.5082,-1.071,3.6039,-14.7559,83.851,2.882,1.6114,246.685,0.3342,0.0141,0.0512,3.6325,1,2.7615,2.7854,nan,3.1862,3.1696,0.1255,0.4071,1.0986,0.0651,-0.1191,0.6841,10.9830,0.0800,-0.3762,0.2038
65.750,242.958,4.4736,-11.2707,84.537,4.4421,-11.2899,82.928,-0.0222,0.0296,0.0369,-1.609,1.0764,3.5221,-0.923,3.6039,-14.7559,83.851,2.882,1.6114,246.685,0.3342,0.0141,0.0327,2.3181,1,2.9816,3.0897,nan,3.3973,3.4336,0.1360,0.3721,1.3605,0.0264,-0.1440,0.6027,11.1826,0.0210,0.3982,0.2038
65.800,243.153,4.4820,-11.0759,91.047,4.4564,-11.0909,88.842,-0.0145,0.0258,0.0296,-2.205,1.2535,3.5410,-1.571,3.6030,-14.5386,90.413,2.943,1.8424,246.887,0.3144,0.0205,0.0097,0.4701,1,3.1250,3.1881,nan,3.5478,3.5209,0.1394,0.3178,1.4794,0.0117,-0.1472,0.5268,11.3823,-0.0156,0.5042,0.2038
65.850,243.341,4.4682,-10.8890,97.835,4.4363,-10.8626,96.493,0.0305,0.0280,0.0414,-1.342,1.3424,3.5597,-1.907,3.5722,-14.3113,98.400,3.030,1.7852,247.085,0.2809,0.0140,0.0102,0.7275,1,3.1569,3.1881,nan,3.6258,3.6089,0.1429,0.3013,1.5246,-0.0207,-0.1168,0.4871,11.4822,-0.0098,0.5042,0.2038
65.901,243.553,4.4272,-10.6808,104.736,4.4072,-10.6988,102.769,-0.0124,0.0239,0.0269,-1.968,1.3424,3.5597,-1.907,3.5378,-14.1486,104.676,3.219,1.5251,247.313,0.3222,0.0240,0.0125,0.5209,1,2.8978,2.8543,nan,3.6258,3.7399,0.1481,0.2863,1.4223,-0.0365,-0.0932,0.4552,11.5820,0.0800,3.0416,0.2038
65.950,243.553,4.4272,-10.6808,104.736,4.4004,-10.6953,103.515,-0.0072,0.0296,0.0305,-1.221,1.1500,3.5221,-1.161,3.5378,-14.1486,104.676,3.219,1.5251,247.313,0.3222,0.0240,0.0269,1.1183,1,3.1953,3.4522,nan,3.8673,3.9185,0.1552,0.2182,1.6538,-0.0514,-0.1331,0.3545,11.8816,0.0297,3.5828,0.2038
66.000,243.771,4.3615,-10.4724,110.579,4.3204,-10.4537,109.455,0.0320,0.0319,0.0451,-1.125,0.9970,3.4939,-0.539,3.4546,-13.9157,109.994,3.394,1.5183,247.545,0.3043,0.0164,0.0183,1.1159,1,3.4990,3.8523,nan,4.1178,4.0872,0.1619,0.1458,1.8758,-0.0672,-0.1001,0.2908,12.0813,-0.0171,2.6698,0.2038
66.050,243.958,4.2893,-10.3003,115.353,4.2170,-10.2335,114.593,0.0913,0.0368,0.0985,-0.760,1.0934,3.5153,-0.942,3.3491,-13.6956,115.535,3.505,1.5597,247.742,0.2753,0.0210,0.0204,0.9707,1,3.4440,3.4638,nan,4.2857,4.3854,0.1737,0.0925,1.8936,-0.0713,-0.0759,0.2293,12.2809,0.0556,1.0580,0.2038
66.100,244.171,4.1916,-10.1114,119.487,4.1076,-10.0372,120.188,0.1060,0.0366,0.1121,0.701,1.2239,3.5470,-1.482,3.2341,-13.5051,121.670,3.691,0.9473,247.967,0.2831,0.0120,0.0378,3.1548,1,3.4371,3.4638,nan,4.4502,4.5078,0.1785,0.0413,1.8898,-0.0818,-0.0260,0.1952,12.3808,0.0800,1.0580,0.2038
66.150,244.171,4.1916,-10.1114,119.487,4.1076,-10.0372,120.188,0.1060,0.0366,0.1121,0.701,1.2239,3.5470,-1.482,3.2341,-13.5051,121.670,3.691,0.9473,247.967,0.2831,0.0120,0.0378,3.1548,1,3.2162,3.1949,nan,4.4502,4.3177,0.1710,0.0747,1.7684,-0.1038,-0.0910,0.1340,12.5805,0.0800,4.4888,0.2038
66.200,244.468,4.0367,-9.8573,123.157,3.9874,-9.8317,121.774,0.0484,0.0273,0.0556,-1.383,1.3138,3.5788,-1.879,3.1119,-13.3156,123.654,3.945,0.4238,248.282,0.3249,0.0073,0.0141,1.9307,1,3.4386,4.1518,nan,4.6775,4.5948,0.1820,0.0527,1.8906,-0.1503,-0.1123,0.0751,12.7802,0.0800,5.4398,0.2038
66.250,244.790,3.8579,-9.5901,124.400,3.8099,-9.5397,123.696,0.0687,0.0111,0.0696,-0.704,1.1394,3.5288,-1.121,2.9257,-13.0138,124.817,4.223,0.4528,248.622,0.2964,0.0039,0.0056,1.4432,1,3.7363,4.1518,nan,4.8535,4.9326,0.1953,0.0134,2.0543,-0.1852,-0.1068,0.0131,12.9799,0.0800,5.4398,0.2038
66.300,245.052,3.7067,-9.3759,125.983,3.6021,-9.2520,126.248,0.1617,0.0118,0.1622,0.265,0.8398,3.4517,0.223,2.7128,-12.7143,126.025,4.293,0.1341,248.892,0.2646,0.0117,0.0313,2.6644,1,3.9118,4.9781,nan,4.9150,5.0344,0.1994,-0.0420,2.1508,-0.2010,-0.0571,-0.1083,13.3792,0.0800,-0.1831,0.2038
66.350,245.052,3.7067,-9.3759,125.983,3.6021,-9.2520,126.248,0.1617,0.0118,0.1622,0.265,0.8398,3.4517,0.223,2.7128,-12.7143,126.025,4.293,0.1341,248.892,0.2646,0.0117,0.0313,2.6644,1,4.1534,4.3118,nan,4.9301,4.9950,0.1978,-0.0782,2.1993,-0.1946,-0.0296,-0.1403,13.4791,0.0310,6.0959,0.2038
66.400,245.337,3.5384,-9.1459,126.248,3.4663,-9.0705,126.442,0.1034,0.0136,0.1043,0.194,0.9010,3.4561,-0.037,2.5732,-12.5250,126.478,4.579,-0.1373,249.198,0.2757,0.0075,0.0331,4.4197,1,4.4431,4.7982,nan,4.9988,5.1504,0.2040,-0.0953,2.1993,-0.1989,0.0065,-0.2302,13.7786,0.0800,3.5506,0.2038
66.450,245.622,3.3713,-8.9149,125.160,3.3035,-8.8343,125.240,0.1049,0.0091,0.1053,0.080,1.0307,3.4600,-0.544,2.3892,-12.2722,125.783,4.741,-0.5159,249.496,0.2697,0.0168,0.0485,2.8858,1,4.7229,5.0685,nan,5.0683,5.1939,0.2057,-0.0974,2.2094,-0.2022,0.0288,-0.2383,14.0781,0.0800,1.3820,0.2038
66.500,245.918,3.2041,-8.6702,123.053,3.1212,-8.5327,121.251,0.1604,-0.0055,0.1605,-1.802,1.3156,3.4876,-1.795,2.1813,-11.9579,123.046,4.823,-0.7053,249.801,0.2576,0.0101,0.0326,3.2334,1,4.9132,5.0685,nan,5.1495,5.1760,0.2050,-0.1036,2.2278,-0.2048,0.0636,-0.2240,14.3777,0.0120,1.3820,0.2038
66.550,246.221,3.0439,-8.4138,120.501,3.0344,-8.3673,118.954,0.0449,-0.0154,0.0474,-1.547,1.3156,3.4876,-1.795,2.0893,-11.7953,120.749,4.918,-0.7253,250.113,0.2715,0.0225,0.0285,1.2640,1,4.5181,4.2820,nan,5.1495,5.1256,0.2030,-0.0718,2.2330,-0.2331,0.0189,-0.2200,14.4775,0.0800,2.0909,0.2038
66.600,246.221,3.0439,-8.4138,120.501,3.0516,-8.3872,119.400,0.0190,-0.0202,0.0277,-1.100,1.2406,3.4540,-1.349,2.0893,-11.7953,120.749,4.918,-0.7253,250.113,0.2715,0.0225,0.0203,0.9025,1,4.7514,5.5071,nan,5.2650,5.4302,0.2151,-0.0863,2.2469,-0.2285,0.0488,-0.2094,14.7771,0.0800,0.9727,0.2038
66.650,246.532,2.8914,-8.1419,117.681,2.8720,-8.0276,117.058,0.1102,-0.0359,0.1159,-0.623,1.1446,3.4275,-0.814,1.8900,-11.4294,117.872,4.972,-0.6066,250.432,0.2392,0.0113,0.0199,1.7615,1,4.9355,5.0841,nan,5.3574,5.4372,0.2153,-0.0946,2.2722,-0.2253,0.0877,-0.1904,15.0766,0.0352,0.2434,0.2038
66.700,246.821,2.7608,-7.8844,115.823,2.7721,-7.8112,115.432,0.0609,-0.0421,0.0740,-0.391,1.0501,3.3970,-0.320,1.7846,-11.1985,115.752,4.981,-0.5561,250.723,0.2351,0.0210,0.0131,0.6255,1,5.1019,5.2483,nan,5.4537,5.4578,0.2162,-0.1085,2.2851,-0.2020,0.1183,-0.1809,15.3761,0.0017,0.0513,0.2038
66.750,247.145,2.6250,-7.5902,113.346,2.6124,-7.4541,113.701,0.1299,-0.0423,0.1366,0.355,0.9499,3.3825,0.194,1.6258,-10.8422,113.507,5.128,-0.7493,251.062,0.2201,0.0095,0.0253,2.6644,1,5.1667,5.2483,nan,5.5191,5.5061,0.2181,-0.1253,2.2973,-0.1623,0.1344,-0.1721,15.5758,-0.0054,0.0513,0.2027
66.800,247.486,2.4966,-7.2741,110.459,2.5350,-7.2637,112.246,-0.0037,-0.0396,0.0397,1.787,0.7341,3.3251,1.358,1.5494,-10.6285,110.888,5.202,-0.8114,251.412,0.2451,0.0194,0.0225,1.1624,1,4.8222,4.6950,nan,5.5663,5.6158,0.2224,-0.1190,2.2938,-0.1490,0.1262,-0.1652,15.7755,0.0800,1.5141,0.2027
66.850,247.486,2.4966,-7.2741,110.459,2.5350,-7.2637,112.246,-0.0037,-0.0396,0.0397,1.787,0.7341,3.3251,1.358,1.5494,-10.6285,110.888,5.202,-0.8114,251.412,0.2451,0.0194,0.0225,1.1624,1,4.9835,6.1395,nan,5.7364,5.8195,0.2305,-0.1424,2.3056,-0.0858,0.1583,-0.1529,16.1749,0.0800,1.0836,0.2027
66.900,247.790,2.3972,-6.9874,107.154,2.3734,-6.8150,109.283,0.1717,-0.0281,0.1740,2.129,0.6448,3.3028,1.869,1.3977,-10.1688,107.414,5.261,-0.9958,251.725,0.2007,0.0086,0.0597,6.9192,1,4.8184,4.8214,nan,5.7703,5.6494,0.2237,-0.1282,2.2978,-0.0782,0.1214,-0.1439,16.2747,0.0800,1.6405,0.2027
66.950,248.178,2.2945,-6.6134,103.010,2.3002,-6.5674,106.171,0.0436,-0.0159,0.0464,3.161,0.3810,3.2319,3.363,1.3410,-9.8950,102.808,5.364,-1.1142,252.127,0.1969,0.0085,0.0491,5.7567,1,4.7834,4.8214,nan,5.8405,5.6331,0.2231,-0.1255,2.2841,-0.0497,0.1138,-0.1338,16.5743,0.0800,1.6405,0.2027
67.000,248.547,2.2239,-6.2510,98.382,2.2136,-6.2449,102.728,0.0076,0.0093,0.0120,4.346,0.3810,3.2319,3.363,1.2734,-9.5680,99.364,5.477,-1.0986,252.512,0.2186,0.0095,0.0727,7.6114,1,5.0249,5.2672,nan,5.9674,5.9140,0.2342,-0.1412,2.2670,0.0115,0.1200,-0.1238,16.8738,0.0800,2.1019,0.2027
67.050,248.547,2.2239,-6.2510,98.382,2.2196,-6.2652,102.989,-0.0134,0.0063,0.0148,4.607,0.3438,3.2032,3.625,1.2734,-9.5680,99.364,5.477,-1.0986,252.512,0.2186,0.0095,0.0707,7.4066,1,5.1829,6.7553,nan,6.0605,6.0946,0.2414,-0.1438,2.2494,0.0432,0.1004,-0.1144,17.2732,0.0800,-0.3790,0.2027
67.101,248.886,2.1840,-5.9143,94.545,2.1422,-5.7587,98.034,0.1584,0.0294,0.1611,3.490,0.2674,3.1291,4.167,1.2241,-9.0005,93.868,5.477,-1.1661,252.857,0.1753,0.0065,0.0966,14.8455,1,4.9109,4.8565,nan,6.0765,5.7953,0.2295,-0.1285,2.2435,0.0362,0.0632,-0.1132,17.3730,0.0800,1.9355,0.2027
67.150,249.290,2.1675,-5.5102,89.482,2.1505,-5.5586,93.861,-0.0486,0.0165,0.0513,4.378,0.2628,3.1014,4.284,1.2355,-8.7768,89.576,5.602,-1.2499,253.280,0.1707,0.0067,0.0768,11.3886,1,4.8291,4.8565,nan,6.0901,5.6502,0.2238,-0.1189,2.2290,0.0424,0.0378,-0.1218,17.5727,0.0800,1.9355,0.2027
67.200,249.704,2.1879,-5.0966,84.243,2.1536,-5.1181,89.026,-0.0249,0.0319,0.0405,4.783,0.2628,3.1014,4.284,1.2715,-8.3378,84.742,5.707,-1.0705,253.710,0.1428,0.0095,0.0997,10.4603,1,5.1070,5.7020,nan,5.9544,5.8486,0.2316,-0.1108,2.2126,0.0282,0.0088,-0.1325,17.8723,0.0800,2.3312,0.2027
67.250,249.704,2.1879,-5.0966,84.243,2.1759,-5.1699,88.159,-0.0741,0.0045,0.0743,3.916,0.4098,3.0773,3.417,1.2715,-8.3378,84.742,5.707,-1.0705,253.710,0.1428,0.0095,0.0699,7.3318,1,5.2640,6.5299,nan,5.7959,5.8761,0.2327,-0.0933,2.1781,-0.0187,-0.0073,-0.1433,18.2716,0.0800,-2.4697,0.2027
67.300,250.071,2.2353,-4.7328,80.385,2.2111,-4.6899,85.830,0.0382,0.0310,0.0492,5.445,0.0653,2.9718,5.822,1.3576,-7.8399,80.008,5.615,-0.9707,254.075,0.0930,0.0084,0.0895,10.6877,1,5.2504,5.3031,nan,5.6449,5.6704,0.2246,-0.1002,2.1595,-0.0197,-0.0110,-0.1549,18.5712,0.0800,0.4104,0.2027
67.350,250.482,2.3165,-4.3299,76.403,2.2606,-4.3760,81.980,-0.0579,0.0435,0.0724,5.577,0.0653,2.9718,5.822,1.4387,-7.5325,76.158,5.646,-0.8226,254.494,0.0895,0.0081,0.1058,13.0089,1,5.2470,5.3031,nan,5.5469,5.6668,0.2244,-0.1199,2.1595,-0.0032,0.0060,-0.1568,18.6710,0.0800,0.4104,0.2027
67.400,250.482,2.3165,-4.3299,76.403,2.2717,-4.3888,81.784,-0.0678,0.0297,0.0740,5.381,0.1015,2.9664,5.626,1.4387,-7.5325,76.158,5.646,-0.8226,254.494,0.0895,0.0081,0.0952,11.7115,1,5.3913,5.5344,nan,5.4532,5.5003,0.2178,-0.1285,2.1595,-0.0217,0.0207,-0.1681,18.9706,0.0202,0.4926,0.2027
67.450,250.901,2.4258,-3.9256,72.884,2.3662,-4.0384,78.143,-0.1254,0.0237,0.1276,5.258,0.2305,2.9881,4.744,1.5473,-7.1791,73.399,5.651,-0.9899,254.919,0.1233,0.0098,0.0949,9.7187,1,5.5702,6.6721,nan,5.2333,5.3365,0.2113,-0.1345,2.1595,-0.0232,0.0273,-0.1849,19.3699,0.0800,-2.1097,0.2027
67.500,251.243,2.5351,-3.6018,69.203,2.5111,-3.5788,74.152,0.0129,0.0306,0.0332,4.949,0.1738,2.9056,5.252,1.7339,-6.6712,68.900,5.555,-1.0916,255.257,0.0889,0.0086,0.0864,10.0179,1,5.8179,6.6721,nan,5.1147,5.0290,0.1992,-0.1219,2.1595,-0.0457,0.0386,-0.1980,19.7693,-0.0380,-2.1097,0.2027
67.550,251.632,2.6854,-3.2428,64.788,2.5717,-3.4117,70.500,-0.2013,0.0309,0.2036,5.713,0.1738,2.9056,5.252,1.8096,-6.5103,65.248,5.388,-1.0122,255.638,0.1329,0.0252,0.1009,4.0022,1,5.3907,4.8627,nan,5.1365,5.1842,0.2053,-0.0890,2.1595,-0.0835,-0.0083,-0.1980,19.7693,0.0800,-2.6167,0.2027
67.600,251.632,2.6854,-3.2428,64.788,2.5752,-3.4684,69.947,-0.2511,0.0036,0.2511,5.160,0.2384,2.8718,4.699,1.8096,-6.5103,65.248,5.388,-1.0122,255.638,0.1329,0.0252,0.0866,3.4340,1,5.6483,6.0186,nan,5.1192,5.1048,0.2022,-0.0625,2.1276,-0.1270,-0.0118,-0.2135,20.0689,-0.0065,-5.8862,0.2027
67.650,251.921,2.8145,-2.9842,61.645,2.7836,-3.1292,64.450,-0.1423,-0.0417,0.1483,2.805,0.3900,2.8390,3.440,2.0312,-6.1011,61.010,5.153,-0.9234,255.912,0.0447,0.0040,0.0375,9.2700,1,5.3321,4.2436,nan,5.1192,5.2167,0.2066,-0.0116,2.0873,-0.2057,-0.0450,-0.2131,20.1687,0.0800,-2.7686,0.2027
67.700,252.274,2.9891,-2.6772,58.888,2.8736,-2.9870,61.178,-0.3250,-0.0612,0.3307,2.290,0.4719,2.8857,2.786,2.1134,-5.9826,58.392,5.083,-0.5026,256.262,0.1654,0.0104,0.0636,6.1259,1,5.5211,5.7120,nan,5.2179,5.3266,0.2110,-0.0005,2.0201,-0.2166,-0.0265,-0.2261,20.3684,0.0496,-1.3085,0.2027
67.750,252.557,3.1382,-2.4366,57.378,3.1308,-2.5378,59.516,-0.0892,-0.0483,0.1015,2.137,0.4719,2.8857,2.786,2.3922,-5.5464,56.729,5.035,-0.2250,256.544,0.0726,0.0011,0.0409,36.8118,1,5.6027,5.7120,nan,4.6783,5.1545,0.2041,0.0131,1.8561,-0.2091,0.0686,-0.2089,20.8676,-0.0800,-1.3085,0.2027
67.801,252.557,3.1382,-2.4366,57.378,3.1144,-2.4870,59.602,-0.0553,-0.0071,0.0557,2.224,0.4473,2.9325,2.873,2.3922,-5.5464,56.729,5.035,-0.2250,256.746,0.0726,0.0011,0.0186,16.7419,1,5.2979,3.8065,nan,4.6783,4.8740,0.1930,-0.0095,1.8561,-0.1642,0.0830,-0.2089,20.8676,-0.0800,0.6860,0.2027
67.850,252.957,3.3550,-2.1011,56.966,3.1629,-2.4119,59.455,-0.3653,-0.0084,0.3654,2.489,0.4473,2.9325,2.873,2.4444,-5.4738,56.582,5.064,0.0181,256.948,0.2412,0.0001,0.0757,1090.7334,1,5.4920,6.5101,nan,4.1407,4.0378,0.1599,-0.0039,1.7342,-0.0973,0.1655,-0.0584,21.3668,-0.0557,-0.5562,0.2027
67.900,253.260,3.5198,-1.8467,57.273,3.4588,-1.9166,61.244,-0.0918,0.0135,0.0928,3.971,0.3324,2.8414,4.209,2.7687,-4.9747,57.034,5.022,-0.0478,257.250,0.0576,0.0075,0.0477,6.3740,1,5.0730,4.6729,nan,4.1407,4.1770,0.1654,-0.0023,1.7342,-0.0943,0.1631,-0.0584,21.3668,0.0800,-3.0158,0.2027
67.950,253.557,3.6809,-1.5971,57.011,3.5708,-1.7183,60.624,-0.1616,0.0263,0.1637,3.613,0.4047,2.9034,3.539,2.8748,-4.8083,57.085,4.892,-0.0737,257.539,0.0532,0.0024,0.0562,23.5768,1,4.7605,4.6729,nan,3.9405,3.8645,0.1530,0.0007,1.5591,-0.0341,0.1913,0.0297,21.6664,0.0800,-3.0158,0.2027
68.000,253.557,3.6809,-1.5971,57.011,3.5708,-1.7183,60.624,-0.1616,0.0263,0.1637,3.613,0.4047,2.9034,3.539,2.8748,-4.8083,57.085,4.892,-0.0737,257.539,0.0532,0.0024,0.0562,23.5768,1,4.3858,4.2155,nan,3.8433,3.5570,0.1409,-0.0090,1.2221,-0.0104,0.1614,0.0874,21.8661,0.0800,-1.5502,0.2027
68.050,253.935,3.8870,-1.2806,56.902,3.7070,-1.4603,59.705,-0.2488,0.0527,0.2543,2.803,0.4463,2.9551,3.001,3.0251,-4.5800,56.704,4.266,0.0073,257.873,0.1541,0.0003,0.0696,200.6617,1,4.5185,4.6067,nan,3.4837,3.4713,0.1375,0.0060,1.0333,0.0349,0.1181,0.1776,22.1656,-0.0072,-6.5368,0.2027
68.100,254.197,4.0304,-1.0606,56.906,3.9030,-1.2043,58.485,-0.1899,0.0283,0.1920,1.579,0.5918,3.0262,1.557,3.1950,-4.3189,56.928,3.951,-0.0466,258.116,0.1060,0.0128,0.0372,2.8968,1,4.1422,3.9785,nan,3.4007,3.5372,0.1401,0.0764,1.0333,0.0580,0.0743,0.2368,22.3653,0.0800,-6.6821,0.2027
68.150,254.410,4.1471,-0.8822,56.751,4.0205,-1.0198,57.946,-0.1845,0.0304,0.1870,1.195,0.6266,3.0568,1.205,3.3074,-4.1471,56.741,3.691,0.0021,258.314,0.1137,0.0010,0.0586,56.2649,1,3.9768,3.9785,nan,3.2424,3.3214,0.1315,0.2363,1.0333,0.0128,-0.0080,0.2947,22.5650,0.0458,-6.6821,0.2027
68.200,254.410,4.1471,-0.8822,56.751,4.0205,-1.0198,57.946,-0.1845,0.0304,0.1870,1.195,0.6266,3.0568,1.205,3.3074,-4.1471,56.741,3.691,0.0021,258.314,0.1137,0.0010,0.0586,56.2649,1,3.5864,3.2063,nan,3.2424,3.1146,0.1234,0.2980,1.0333,0.0066,-0.0423,0.3292,22.6648,0.0800,-4.4682,0.2027
68.250,254.668,4.2881,-0.6668,57.057,4.1398,-0.8366,58.049,-0.2232,0.0321,0.2255,0.993,0.6408,3.0767,1.289,3.4101,-3.9911,56.760,3.468,0.4354,258.560,0.1834,0.0065,0.0903,13.9356,1,3.3860,3.3740,nan,3.1687,2.9906,0.1184,0.3709,1.0333,-0.0017,-0.0711,0.3899,22.8645,0.0800,-3.4517,0.2027
68.300,254.900,4.4092,-0.4683,61.281,4.2846,-0.6078,59.755,-0.1822,0.0423,0.1871,-1.526,0.6814,3.1058,0.799,3.5510,-3.7635,58.955,3.266,1.3759,258.785,0.1487,0.0165,0.0510,3.0924,1,3.3521,3.3740,nan,3.0380,2.9956,0.1186,0.3804,1.0333,-0.0150,-0.0898,0.4189,22.9644,0.0800,-3.4517,0.2027
68.350,255.127,4.5086,-0.2644,67.318,4.3391,-0.4550,67.154,-0.2412,0.0828,0.2550,-0.163,0.6814,3.1058,0.799,3.6077,-3.6115,66.355,3.077,1.4399,259.006,0.2140,0.0168,0.1155,6.8564,1,3.0521,2.9835,nan,2.9906,2.7366,0.1084,0.3438,1.0333,0.0065,0.0223,0.4539,23.0642,0.0800,-4.8803,0.2027
68.400,255.127,4.5086,-0.2644,67.318,4.3610,-0.4473,65.514,-0.2257,0.0657,0.2350,-1.804,0.8067,3.2168,-0.841,3.6077,-3.6115,66.355,3.077,1.4399,259.006,0.2140,0.0168,0.0858,5.0936,1,3.2990,3.4408,nan,2.9654,3.1023,0.1229,0.3924,1.0333,-0.0109,-0.0652,0.5562,23.3637,0.0800,-1.5850,0.2027
68.450,255.328,4.5765,-0.0758,73.776,4.4620,-0.1845,71.353,-0.1363,0.0796,0.1578,-2.423,0.8757,3.2793,-1.733,3.6895,-3.3537,73.086,2.912,1.5767,259.203,0.1479,0.0119,0.0685,5.7554,1,2.9543,2.8359,nan,2.9654,2.9738,0.1178,0.3814,1.0333,0.0070,-0.0280,0.5937,23.4636,0.0049,-5.2454,0.2027
68.500,255.531,4.6230,0.1223,80.107,4.5113,0.0035,77.598,-0.1362,0.0896,0.1630,-2.508,0.9633,3.3697,-2.824,3.7095,-3.1873,80.422,2.734,1.5833,259.403,0.1891,0.0122,0.0864,7.0712,1,2.8328,2.8359,nan,3.0495,3.1528,0.1249,0.4181,1.0333,-0.0139,-0.0259,0.6325,23.5634,0.0800,-5.2454,0.2027
68.550,255.714,4.6450,0.3038,86.532,4.5361,0.1460,82.458,-0.1641,0.0992,0.1918,-4.074,0.9633,3.3697,-2.824,3.7272,-3.0438,85.282,2.876,1.7692,259.598,0.2229,0.0240,0.0929,3.8776,1,2.7108,2.7129,nan,3.1048,3.0308,0.1200,0.4695,1.0333,-0.0454,-0.1033,0.7002,23.7631,0.0800,2.5203,0.2027
68.600,255.714,4.6450,0.3038,86.532,4.5894,0.2006,82.348,-0.1063,0.0493,0.1172,-4.184,1.0228,3.4313,-2.934,3.7272,-3.0438,85.282,2.876,1.7692,259.598,0.2229,0.0240,0.0466,1.9434,1,3.0138,3.4622,nan,3.3744,3.4292,0.1358,0.4528,1.2292,-0.1191,-0.1189,0.6218,23.9628,0.0317,0.9893,0.2027
68.650,255.880,4.6469,0.4698,92.724,4.6063,0.4771,90.540,0.0093,0.0402,0.0413,-2.184,0.9966,3.4082,-2.223,3.7207,-2.7888,92.763,2.939,1.9401,259.773,0.1612,0.0162,0.0267,1.6497,1,2.8634,2.8605,nan,3.3744,3.4802,0.1378,0.3791,1.3083,-0.1156,-0.0760,0.5881,24.0627,0.0612,-1.6394,0.2027
68.700,256.075,4.6252,0.6639,100.722,4.5889,0.6379,97.559,-0.0188,0.0405,0.0446,-3.162,0.9964,3.4208,-2.091,3.6917,-2.6500,99.650,2.956,2.1339,259.978,0.2049,0.0263,0.0230,0.8748,1,3.1287,3.2934,nan,3.6016,3.6060,0.1428,0.3025,1.4872,-0.1279,-0.0425,0.5074,24.2624,0.0025,2.6111,0.2027
68.750,256.254,4.5817,0.8374,107.996,4.5189,0.9025,107.752,0.0813,0.0397,0.0905,-0.244,0.9842,3.4104,-1.778,3.6108,-2.3970,109.531,3.106,1.9344,260.175,0.1870,0.0186,0.0151,0.8083,1,3.2406,3.2934,nan,3.6813,3.6120,0.1430,0.2391,1.6002,-0.1487,-0.0283,0.4327,24.4620,-0.0401,2.6111,0.2027
68.802,256.480,4.4984,1.0476,115.702,4.4711,1.0298,113.231,-0.0042,0.0323,0.0326,-2.471,0.9842,3.4104,-1.778,3.5591,-2.2712,115.009,3.241,1.9161,260.415,0.2124,0.0800,0.0552,0.6902,1,2.8985,2.7782,nan,3.6813,3.7809,0.1497,0.2162,1.4534,-0.1529,-0.0030,0.4034,24.5619,0.0800,3.3648,0.2019
68.850,256.480,4.4984,1.0476,115.702,4.4684,1.0456,113.223,0.0112,0.0279,0.0301,-2.479,0.9818,3.4266,-1.786,3.5591,-2.2712,115.009,3.241,1.9161,260.415,0.2124,0.0170,0.0272,1.5990,1,3.1445,3.7971,nan,4.0207,4.0829,0.1617,0.1363,1.6308,-0.1502,0.0313,0.3333,24.7616,0.0800,0.5983,0.2019
68.900,256.664,4.4128,1.2097,119.873,4.3282,1.3071,120.752,0.1266,0.0248,0.1290,0.879,0.9933,3.4270,-1.877,3.4025,-2.0095,122.630,3.397,1.2308,260.608,0.2188,0.0145,0.0180,1.2366,1,3.0752,3.0898,nan,4.1063,4.0694,0.1612,0.1456,1.6536,-0.1534,-0.0309,0.2684,24.9613,0.0800,2.9655,0.2019
68.950,256.912,4.2803,1.4204,124.652,4.2264,1.4671,123.590,0.0690,0.0178,0.0713,-1.062,0.9741,3.4102,-1.465,3.3010,-1.8593,125.056,3.592,1.0380,260.871,0.2165,0.0133,0.0116,0.8715,1,3.0665,3.0898,nan,4.2771,4.0880,0.1619,0.0959,1.6761,-0.1592,0.0041,0.2345,25.0611,0.0800,2.9655,0.2019
69.000,257.182,4.1209,1.6376,127.950,4.0795,1.6640,126.668,0.0462,0.0164,0.0490,-1.282,0.9741,3.4102,-1.465,3.1491,-1.6663,128.134,3.847,0.6893,261.156,0.2251,0.0137,0.0153,1.1139,1,3.3549,3.5857,nan,4.4439,4.4376,0.1757,0.0359,1.8337,-0.1561,0.0062,0.1710,25.2608,0.0800,5.0408,0.2019
69.050,257.182,4.1209,1.6376,127.950,4.0865,1.6565,126.355,0.0361,0.0155,0.0393,-1.595,0.9906,3.4197,-1.778,3.1491,-1.6663,128.134,3.847,0.6893,261.156,0.2251,0.0137,0.0122,0.8857,1,3.5360,4.8758,nan,4.3733,4.3920,0.1739,0.0219,1.7364,-0.1667,-0.0188,0.0702,25.5603,0.0100,2.3905,0.2019
69.100,257.384,3.9941,1.7954,129.683,3.8724,1.9268,128.939,0.1789,0.0097,0.1791,-0.745,0.9917,3.3807,-1.368,2.9146,-1.3847,130.307,3.925,0.5811,261.364,0.2803,0.0118,0.0115,0.9733,1,3.4745,3.4935,nan,4.2683,4.2459,0.1682,0.0044,1.6415,-0.1609,-0.0024,0.0406,25.6602,-0.0120,0.9518,0.2019
69.150,257.607,3.8505,1.9655,130.504,3.7975,2.0117,130.190,0.0696,0.0102,0.0703,-0.314,0.9917,3.3807,-1.368,2.8377,-1.3016,131.558,4.141,0.2281,261.600,0.2389,0.0110,0.0192,1.7499,1,3.7687,4.2128,nan,4.0630,4.1531,0.1645,0.0056,1.5282,-0.1708,-0.0163,-0.0596,25.9597,-0.0800,2.7253,0.2019
69.200,257.896,3.6614,2.1844,130.984,3.5627,2.2899,129.119,0.1444,0.0053,0.1445,-1.865,1.0113,3.4211,-2.403,2.5966,-1.0232,131.522,4.207,0.0252,261.895,0.2693,0.0129,0.0097,0.7517,1,4.0308,4.2128,nan,3.7336,3.2533,0.1288,-0.0034,1.3701,-0.1720,0.0129,-0.1195,26.1594,0.0800,2.7253,0.2019
69.250,257.896,3.6614,2.1844,130.984,3.5627,2.2899,129.119,0.1444,0.0053,0.1445,-1.865,1.0113,3.4211,-2.403,2.5966,-1.0232,131.522,4.207,0.0252,261.895,0.2693,0.0129,0.0097,0.7517,1,3.8304,3.8213,nan,3.6139,3.1503,0.1248,0.0267,1.2545,-0.1768,0.0072,-0.1820,26.3591,0.0800,-0.7108,0.2019
69.300,258.227,3.4441,2.4336,131.093,3.4174,2.4713,128.991,0.0460,-0.0046,0.0462,-2.103,1.0161,3.3956,-2.100,2.4335,-0.8357,131.090,4.148,0.0004,262.222,0.2379,0.0108,0.0080,0.7415,1,4.1244,4.4557,nan,3.2725,3.3639,0.1332,0.0254,1.2609,-0.1697,0.0481,-0.2217,26.5588,0.0529,-9.0512,0.2019
69.350,258.524,3.2491,2.6573,131.056,3.1868,2.7557,128.996,0.1151,-0.0176,0.1165,-2.060,1.0161,3.3956,-2.100,2.1927,-0.5600,131.095,3.517,0.1255,262.476,0.2630,0.0101,0.0088,0.8728,1,4.3279,4.4557,nan,3.0382,3.0217,0.1197,0.0360,1.2609,-0.1485,0.1223,-0.2302,26.8583,-0.0800,-9.0512,0.2019
69.400,258.524,3.2491,2.6573,131.056,3.2053,2.7342,129.137,0.0868,-0.0175,0.0885,-1.919,1.0331,3.3688,-1.958,2.1927,-0.5600,131.095,3.517,0.1255,262.476,0.2630,0.0101,0.0063,0.6232,1,3.9244,3.5736,nan,3.0382,3.1141,0.1233,0.0236,1.2371,-0.1387,0.1373,-0.2302,26.8583,0.0440,-6.5510,0.2019
69.450,258.771,3.0856,2.8432,131.653,3.0526,2.9109,130.791,0.0725,-0.0203,0.0753,-0.862,1.0071,3.3402,-0.828,2.0515,-0.3997,131.618,3.213,0.1751,262.708,0.2489,0.0101,0.0072,0.7106,1,3.5920,2.9702,nan,2.9241,2.9693,0.1176,0.0138,1.1323,-0.1209,0.1675,-0.1722,26.9582,0.0800,-3.9263,0.2019
69.500,259.005,2.9292,3.0168,132.381,2.9314,3.0463,131.604,0.0202,-0.0215,0.0296,-0.777,1.0071,3.3402,-0.828,1.9284,-0.2661,132.432,3.055,0.1170,262.933,0.2362,0.0104,0.0015,0.1444,1,3.2075,2.9702,nan,2.8127,2.6370,0.1044,-0.0310,1.0111,-0.0811,0.2148,-0.0168,27.1579,0.0800,-3.9263,0.2019
69.550,259.005,2.9292,3.0168,132.381,2.9379,3.0279,131.802,0.0023,-0.0139,0.0141,-0.579,1.0125,3.3151,-0.629,1.9284,-0.2661,132.432,3.055,0.1170,262.933,0.2362,0.0104,0.0013,0.1281,1,2.9553,2.9165,nan,2.8127,2.4006,0.0951,-0.0266,0.9316,-0.0494,0.2184,0.0534,27.2577,0.0800,-0.1282,0.2019
69.600,259.222,2.7824,3.1763,132.837,2.8123,3.1629,132.679,-0.0301,-0.0128,0.0327,-0.158,1.0116,3.2951,-0.147,1.8010,-0.1275,132.826,3.039,0.0903,263.149,0.2325,0.0102,0.0033,0.3186,1,3.1688,3.2731,nan,2.5017,2.5997,0.1030,0.0392,0.9989,-0.0077,0.1960,0.2044,27.4574,0.0567,-6.9906,0.2019
69.650,259.418,2.6496,3.3204,132.377,2.6613,3.3150,133.545,-0.0118,-0.0050,0.0129,1.169,1.0274,3.2546,0.359,1.6342,0.0502,133.186,2.665,-0.1124,263.328,0.2426,0.0168,0.0193,1.1470,1,3.2339,3.2731,nan,2.3119,2.1802,0.0863,0.1258,1.0056,0.0299,0.1846,0.2826,27.5572,-0.0762,-6.9906,0.2019
69.700,259.568,2.5488,3.4315,132.011,2.5822,3.4050,132.343,-0.0420,-0.0071,0.0426,0.332,1.0274,3.2546,0.359,1.5558,0.1407,131.984,2.460,-0.1033,263.469,0.2341,0.0104,0.0089,0.8582,1,2.8592,2.6594,nan,2.4050,2.4805,0.0982,0.1173,0.9013,0.0356,0.1283,0.3547,27.6571,0.0800,-5.8480,0.2019
69.751,259.735,2.4364,3.5556,132.549,2.4929,3.5045,131.975,-0.0758,-0.0071,0.0761,-0.574,1.0274,3.2546,0.359,1.4670,0.2407,131.615,2.503,0.3684,263.638,0.2306,0.0165,0.0048,0.2887,1,2.4966,2.3189,nan,2.3119,2.1179,0.0839,0.1464,0.8000,0.0443,0.1241,0.3547,27.6571,0.0800,-1.8866,0.2019
69.800,259.735,2.4364,3.5556,132.549,2.4947,3.5006,131.879,-0.0800,-0.0058,0.0802,-0.670,1.0289,3.2531,0.263,1.4670,0.2407,131.615,2.503,0.3684,263.638,0.2306,0.0165,0.0056,0.3411,1,2.5248,2.5496,nan,2.2213,2.2430,0.0888,0.2350,0.8000,0.0676,0.0891,0.5117,27.8568,0.0800,-1.6416,0.2019
69.850,259.915,2.3128,3.6863,134.464,2.3639,3.6238,134.299,-0.0804,0.0072,0.0807,-0.164,1.0361,3.2346,0.224,1.3294,0.3841,134.075,2.376,0.5364,263.813,0.2331,0.0181,0.0147,0.8119,1,2.4733,2.4857,nan,2.0464,2.1463,0.0850,0.3506,0.8000,0.0775,0.0523,0.5926,27.9566,0.0578,-1.6416,0.2019
69.900,260.076,2.1980,3.7992,136.621,2.2468,3.7337,136.879,-0.0804,0.0142,0.0817,0.258,1.0314,3.2381,0.384,1.2187,0.4875,136.495,2.170,0.6881,263.966,0.2359,0.0159,0.0206,1.3025,1,2.4208,2.4326,nan,2.0464,2.1562,0.0854,0.4053,0.8000,0.0982,0.0337,0.6714,28.0565,0.0635,-6.1550,0.2019
69.950,260.076,2.1980,3.7992,136.621,2.2468,3.7337,136.879,-0.0804,0.0142,0.0817,0.258,1.0314,3.2381,0.384,1.2187,0.4875,136.495,2.170,0.6881,263.966,0.2359,0.0159,0.0206,1.3025,1,2.3145,2.3169,nan,1.9616,2.0603,0.0816,0.5153,0.8000,0.1050,0.0097,0.7566,28.1563,0.0572,0.1911,0.2019
70.001,260.211,2.0975,3.8898,139.479,2.1344,3.8244,139.648,-0.0705,0.0258,0.0751,0.169,1.0406,3.2282,0.118,1.0950,0.5939,139.530,2.171,0.9464,264.102,0.2447,0.0127,0.0266,2.0927,1,1.9903,1.8678,nan,1.8831,1.8565,0.0735,0.5610,0.8000,0.1123,-0.0159,0.8427,28.2561,0.0800,-2.3983,0.2019
70.050,260.363,1.9777,3.9837,144.812,2.0593,3.8774,143.257,-0.1279,0.0398,0.1340,-1.555,1.0406,3.2282,0.118,1.0201,0.6471,143.139,2.076,1.4207,264.254,0.2379,0.0126,0.0470,3.7354,1,1.8721,1.8678,nan,1.9616,2.0297,0.0804,0.6445,0.8000,0.1176,0.0268,0.8427,28.2561,0.0394,-2.3983,0.2019
70.100,260.503,1.8597,4.0578,151.289,1.9010,3.9695,150.624,-0.0786,0.0576,0.0975,-0.665,1.0406,3.2282,0.118,0.8620,0.7395,150.506,1.973,1.7734,264.394,0.2543,0.0306,0.0373,1.2193,1,2.1246,2.2459,nan,1.8000,1.8550,0.0735,0.7797,0.8000,0.1243,-0.0307,1.0369,28.4558,0.0318,-2.8387,0.2019
70.150,260.503,1.8597,4.0578,151.289,1.9084,3.9749,149.565,-0.0826,0.0493,0.0962,-1.724,1.0345,3.2496,-0.941,0.8620,0.7395,150.506,1.973,1.7734,264.394,0.2543,0.0306,0.0284,0.9276,1,2.0125,2.0106,nan,1.7924,1.9022,0.0753,0.8050,0.8000,0.1247,-0.0406,1.1429,28.5557,0.0636,-2.4576,0.2019
70.200,260.622,1.7519,4.1090,158.177,1.7948,4.0243,156.382,-0.0713,0.0627,0.0950,-1.796,1.0200,3.2653,-1.414,0.7558,0.7779,157.796,1.885,1.9921,264.515,0.2613,0.0172,0.0360,2.0954,1,1.9013,1.8987,nan,1.7924,1.8912,0.0749,0.8212,0.8000,0.1296,-0.0482,1.2721,28.6555,0.0800,-4.3497,0.2019
70.250,260.750,1.6296,4.1477,167.009,1.6588,4.0721,164.576,-0.0455,0.0671,0.0810,-2.433,1.0033,3.2806,-1.426,0.6356,0.8076,166.002,1.716,2.2507,264.646,0.2658,0.0136,0.0432,3.1716,1,1.8859,1.8987,nan,1.8000,1.8647,0.0739,0.8822,0.8000,0.1101,-0.0900,1.3987,28.7554,0.0375,-4.3497,0.2019
70.300,260.861,1.5206,4.1645,175.406,1.5478,4.0946,173.254,-0.0327,0.0675,0.0751,-2.152,1.0071,3.2844,-1.597,0.5179,0.8249,174.851,1.681,2.2900,264.766,0.2719,0.0420,0.0357,0.8484,1,1.9158,1.9358,nan,1.8527,1.8048,0.0715,0.8999,0.8000,0.0802,-0.2371,1.5094,28.9551,-0.0277,-1.8252,0.2019
70.350,260.956,1.4250,4.1657,-176.635,1.4221,4.0900,-178.014,0.0073,0.0754,0.0758,-1.379,1.0071,3.2844,-1.597,0.3924,0.8168,-176.416,1.626,2.4077,264.871,0.3007,0.0134,0.0460,3.4207,1,1.9499,1.9709,nan,1.9265,1.9088,0.0756,0.8940,0.8000,0.0659,-0.2631,1.5114,29.0549,-0.0102,-1.9830,0.2019
70.401,260.956,1.4250,4.1657,-176.635,1.4196,4.0984,-178.136,0.0093,0.0669,0.0675,-1.501,1.0029,3.2937,-1.720,0.3924,0.8168,-176.416,1.626,2.4077,264.871,0.3007,0.0134,0.0461,3.4303,1,1.7324,1.6947,nan,2.0024,2.1258,0.0842,0.8375,0.8000,0.0550,-0.2888,1.4257,29.1548,0.0715,-2.6499,0.2019
70.450,261.061,1.3212,4.1512,-167.589,1.3440,4.0783,-169.629,-0.0066,0.0761,0.0764,-2.040,1.0170,3.2894,-1.307,0.3089,0.7961,-168.322,1.583,2.3836,264.988,0.2894,0.0349,0.0316,0.9054,1,1.8917,1.9463,nan,2.0816,2.0109,0.0796,0.8121,0.8000,0.0409,-0.2844,1.2804,29.2546,-0.0409,0.2300,0.2019
70.500,261.146,1.2396,4.1277,-160.272,1.2392,4.0462,-161.646,0.0279,0.0766,0.0815,-1.374,1.0254,3.2993,-1.819,0.1900,0.7533,-159.827,1.624,2.3879,265.086,0.3301,0.0406,0.0476,1.1729,1,1.7492,1.7377,nan,2.0816,2.1192,0.0839,0.7266,0.8000,0.0421,-0.1642,1.2804,29.2546,0.0218,4.0436,0.2019
70.550,261.248,1.1459,4.0864,-152.036,1.1511,4.0106,-153.036,0.0310,0.0693,0.0760,-0.999,1.0316,3.3034,-1.704,0.0984,0.7105,-151.332,1.761,2.3795,265.208,0.3295,0.0135,0.0286,2.1150,1,1.7270,1.7377,nan,2.1622,2.2435,0.0889,0.7405,0.8000,0.0089,-0.1831,1.1632,29.3545,0.0471,4.0436,0.2019
70.601,261.365,1.0474,4.0238,-143.144,1.0591,3.9500,-145.257,0.0349,0.0661,0.0748,-2.113,1.0448,3.3114,-1.545,-0.0030,0.6387,-143.712,1.808,2.2209,265.340,0.3377,0.0408,0.0312,0.7643,1,1.8403,1.8793,nan,2.2436,2.2815,0.0904,0.7173,0.8000,-0.0098,-0.1851,1.0491,29.4543,0.0220,-0.1834,0.2019
70.650,261.365,1.0474,4.0238,-143.144,1.0591,3.9500,-145.257,0.0349,0.0661,0.0748,-2.113,1.0448,3.3114,-1.545,-0.0030,0.6387,-143.712,1.808,2.2209,265.340,0.3377,0.0408,0.0312,0.7643,1,2.0629,2.1561,nan,2.4106,2.3874,0.0945,0.6951,0.8000,-0.0261,-0.1676,0.9496,29.5541,-0.0135,2.6096,0.2019
70.700,261.474,0.9648,3.9532,-135.562,0.9559,3.8383,-135.630,0.0868,0.0758,0.1152,-0.068,1.0662,3.3099,-0.949,-0.1191,0.5265,-134.681,1.927,2.2798,265.466,0.3906,0.0127,0.0258,2.0229,1,1.9230,1.9144,nan,2.4106,2.4787,0.0982,0.6246,0.8000,-0.0325,-0.1571,0.8607,29.6540,0.0394,1.3884,0.2019
70.750,261.614,0.8731,3.8476,-126.188,0.8844,3.7464,-127.158,0.0750,0.0689,0.1018,-0.970,1.0680,3.3137,-0.843,-0.1899,0.4300,-126.315,2.016,2.2957,265.623,0.3693,0.0157,0.0233,1.4899,1,1.9022,1.9144,nan,2.4969,2.6304,0.1042,0.5211,0.8000,-0.0290,-0.1145,0.7754,29.7538,0.0773,1.3884,0.2019
70.800,261.767,0.7934,3.7167,-116.362,0.7994,3.5956,-118.163,0.1059,0.0591,0.1213,-1.801,1.0680,3.3137,-0.843,-0.2728,0.2779,-117.320,2.153,2.0014,265.797,0.3866,0.0187,0.0375,2.0080,1,2.1275,2.2245,nan,2.6739,2.7536,0.1091,0.4360,0.9196,-0.0395,-0.0675,0.6982,29.8537,0.0461,1.4341,0.2013
70.850,261.767,0.7934,3.7167,-116.362,0.8041,3.6003,-117.547,0.0996,0.0613,0.1169,-1.185,1.0758,3.3213,-0.226,-0.2728,0.2779,-117.320,2.153,2.0014,265.797,0.3866,0.0187,0.0250,1.3394,1,2.4121,2.5833,nan,2.8621,2.8309,0.1121,0.2861,1.1139,-0.0399,-0.0762,0.5523,30.0534,-0.0181,4.9961,0.2013
70.900,261.924,0.7328,3.5716,-108.974,0.7371,3.3959,-107.906,0.1648,0.0611,0.1758,1.068,1.0841,3.3344,-0.755,-0.3478,0.0569,-107.151,2.394,1.6610,265.973,0.4536,0.0265,0.0368,1.3905,1,2.5341,2.5833,nan,3.0523,3.0524,0.1209,0.2032,1.2131,-0.0491,-0.0277,0.4800,30.1532,0.0000,4.9961,0.2013
70.950,262.106,0.6842,3.3962,-101.856,0.7164,3.2828,-103.370,0.1043,0.0548,0.1179,-1.515,1.0828,3.3301,-0.325,-0.3661,-0.0493,-103.046,2.581,1.5795,266.168,0.3809,0.0227,0.0015,0.0653,1,2.2658,2.2076,nan,3.0523,3.1345,0.1241,0.1872,1.1238,-0.0391,-0.0502,0.4113,30.2531,0.0800,3.7172,0.2013
71.000,262.106,0.6842,3.3962,-101.856,0.7164,3.2828,-103.370,0.1043,0.0548,0.1179,-1.515,1.0828,3.3301,-0.325,-0.3661,-0.0493,-103.046,2.581,1.5795,266.168,0.3809,0.0227,0.0015,0.0653,1,2.5448,3.1269,nan,3.3360,3.4722,0.1375,0.0855,1.3577,-0.0419,-0.0152,0.2774,30.4527,0.0800,5.4563,0.2013
71.050,262.282,0.6542,3.2232,-98.267,0.6716,3.0039,-97.111,0.2145,0.0487,0.2200,1.156,1.0849,3.3260,-1.930,-0.4022,-0.3359,-95.180,2.864,0.8329,266.357,0.4757,0.0221,0.0166,0.7502,1,2.5475,2.5683,nan,3.4256,3.5025,0.1387,0.1130,1.4097,-0.0576,-0.0708,0.2139,30.5526,0.0800,3.3776,0.2013
71.100,262.500,0.6295,3.0062,-94.719,0.6478,2.8786,-96.590,0.1257,0.0287,0.1289,-1.871,1.0843,3.3425,-1.761,-0.4220,-0.4772,-94.829,3.041,0.5977,266.584,0.4109,0.0219,0.0263,1.2002,1,2.5479,2.5683,nan,3.5122,3.5276,0.1397,0.1057,1.4709,-0.0808,-0.0749,0.1431,30.6524,0.0800,3.3776,0.2013
71.150,262.500,0.6295,3.0062,-94.719,0.6478,2.8786,-96.590,0.1257,0.0287,0.1289,-1.871,1.0843,3.3425,-1.761,-0.4220,-0.4772,-94.829,3.041,0.5977,266.584,0.4109,0.0219,0.0263,1.2002,1,2.8585,3.1704,nan,3.6771,3.7765,0.1496,0.0693,1.7726,-0.0951,-0.0691,0.0173,30.8521,0.0576,5.5126,0.2013
71.200,262.734,0.6142,2.7733,-92.889,0.6282,2.5993,-93.500,0.1731,0.0228,0.1746,-0.611,1.0800,3.3473,-1.360,-0.4339,-0.7586,-92.140,3.305,0.5330,266.831,0.4484,0.0222,0.0120,0.5414,1,3.1316,3.3099,nan,3.9063,3.9771,0.1575,0.0567,1.9420,-0.1080,-0.0576,-0.0092,31.0518,0.0410,2.4317,0.2013
71.250,262.976,0.6066,2.5308,-90.633,0.6191,2.3552,-91.519,0.1754,0.0144,0.1760,-0.886,1.0725,3.3512,-0.800,-0.4394,-1.0022,-90.719,3.427,0.4143,267.080,0.4482,0.0219,0.0193,0.8806,1,3.2536,3.3099,nan,3.9784,4.0203,0.1592,0.0294,2.0176,-0.1116,-0.0216,-0.0132,31.2515,0.0243,2.4317,0.2013
71.300,263.213,0.6069,2.2938,-89.272,0.6210,2.1245,-89.970,0.1695,0.0119,0.1699,-0.698,1.0725,3.3512,-0.800,-0.4343,-1.2329,-89.170,3.634,0.1793,267.328,0.4403,0.0198,0.0074,0.3716,1,3.4316,3.5163,nan,4.1169,4.1380,0.1639,0.0078,2.1280,-0.1050,0.0070,-0.0192,31.4512,0.0119,4.4611,0.2013
71.350,263.213,0.6069,2.2938,-89.272,0.6217,2.1312,-89.748,0.1628,0.0127,0.1633,-0.476,1.0684,3.3596,-0.578,-0.4343,-1.2329,-89.170,3.634,0.1793,267.328,0.4403,0.0198,0.0011,0.0531,1,3.7285,4.0273,nan,4.3742,4.3746,0.1733,0.0013,2.3121,-0.1017,0.0119,-0.0263,31.6509,0.0002,4.3802,0.2013
71.400,263.437,0.6110,2.0698,-88.693,0.6249,1.8403,-88.773,0.2298,0.0087,0.2299,-0.080,1.0559,3.3607,-0.158,-0.4268,-1.5216,-88.615,3.808,0.1408,267.563,0.4940,0.0205,0.0010,0.0466,1,3.6605,3.6806,nan,4.4349,4.5422,0.1799,-0.0027,2.2700,-0.0980,0.0218,-0.0302,31.8506,0.0578,2.4847,0.2013
71.450,263.667,0.6167,1.8404,-88.518,0.6311,1.6506,-88.008,0.1901,0.0095,0.1904,0.510,1.0453,3.3721,0.199,-0.4202,-1.7201,-88.207,3.950,0.0309,267.801,0.4667,0.0195,0.0060,0.3076,1,3.8536,3.9579,nan,4.5524,4.6107,0.1826,-0.0082,2.3909,-0.0927,0.0284,-0.0294,32.0503,0.0302,4.0547,0.2013
71.500,263.968,0.6247,1.5390,-88.502,0.6401,1.3793,-88.309,0.1601,0.0112,0.1604,0.193,1.0495,3.4064,0.079,-0.4122,-2.0265,-88.388,4.180,-0.0187,268.117,0.4711,0.0178,0.0025,0.1405,1,3.9135,3.9579,nan,4.6651,4.7712,0.1890,-0.0157,2.4321,-0.0830,0.0414,-0.0269,32.2500,0.0543,4.0547,0.2013
71.550,263.968,0.6247,1.5390,-88.502,0.6401,1.3793,-88.309,0.1601,0.0112,0.1604,0.193,1.0495,3.4064,0.079,-0.4122,-2.0265,-88.388,4.180,-0.0187,268.117,0.4711,0.0178,0.0025,0.1405,1,4.1641,4.3384,nan,4.8457,4.9064,0.1943,-0.0153,2.4886,-0.0751,0.0388,-0.0220,32.4496,0.0295,3.5038,0.2013
71.600,264.285,0.6329,1.2225,-88.631,0.6453,1.0244,-88.555,0.1983,0.0076,0.1985,0.076,1.0475,3.4059,0.028,-0.4034,-2.3812,-88.583,4.372,-0.1035,268.447,0.5042,0.0158,0.0039,0.2451,1,4.2963,4.3756,nan,4.9855,5.0634,0.2005,-0.0141,2.4929,-0.0674,0.0375,-0.0215,32.7492,0.0370,3.6956,0.2013
71.650,264.621,0.6398,0.8867,-89.097,0.6505,0.7357,-88.964,0.1512,0.0083,0.1514,0.133,1.0422,3.4504,0.116,-0.3972,-2.7139,-89.080,4.572,-0.1062,268.798,0.5018,0.0139,0.0015,0.1098,1,4.3293,4.3756,nan,5.1840,5.2983,0.2098,-0.0129,2.4929,-0.0639,0.0356,-0.0226,32.9489,0.0800,3.6956,0.2013
71.700,264.621,0.6398,0.8867,-89.097,0.6505,0.7357,-88.964,0.1512,0.0083,0.1514,0.133,1.0422,3.4504,0.116,-0.3972,-2.7139,-89.080,4.572,-0.1062,268.798,0.5018,0.0139,0.0015,0.1098,1,4.5224,4.6528,nan,5.3705,5.4200,0.2147,-0.0130,2.4994,-0.0576,0.0351,-0.0182,33.1486,0.0216,2.6212,0.2013
71.750,264.950,0.6439,0.5569,-89.533,0.6529,0.4065,-89.072,0.1505,0.0078,0.1507,0.461,1.0237,3.4636,0.443,-0.3945,-3.0541,-89.516,4.736,-0.0975,269.141,0.5116,0.0126,0.0039,0.3055,1,4.7704,5.0010,nan,5.4889,5.4547,0.2160,-0.0134,2.5010,-0.0476,0.0352,-0.0142,33.4481,-0.0143,4.9919,0.2013
71.800,265.267,0.6456,0.2405,-89.905,0.6515,0.0322,-89.824,0.2083,0.0056,0.2084,0.080,1.0394,3.4422,0.080,-0.3926,-3.4094,-89.904,4.973,-0.0999,269.477,0.5463,0.0130,0.0125,0.9661,1,4.8971,5.0010,nan,5.6583,5.6664,0.2244,-0.0164,2.5045,-0.0363,0.0391,-0.0112,33.6478,0.0033,4.9919,0.2013
71.851,265.643,0.6451,-0.1355,-90.327,0.6502,-0.3577,-90.262,0.2221,0.0063,0.2222,0.065,1.0394,3.4422,0.080,-0.3945,-3.7993,-90.342,5.183,-0.1042,269.871,0.5594,0.0130,0.0126,0.9688,1,4.9801,5.0636,nan,5.8705,5.9907,0.2373,-0.0111,2.5087,-0.0360,0.0314,-0.0131,33.9473,0.0488,3.6423,0.2013
71.900,265.643,0.6451,-0.1355,-90.327,0.6565,-0.3358,-89.679,0.2002,0.0125,0.2006,0.648,1.0070,3.4678,0.663,-0.3945,-3.7993,-90.342,5.183,-0.1042,269.871,0.5594,0.0130,0.0042,0.3249,1,5.1024,5.2140,nan,5.9712,6.0888,0.2411,-0.0170,2.5066,-0.0188,0.0395,-0.0083,34.2469,0.0468,3.6050,0.2013
71.950,266.018,0.6417,-0.5107,-90.750,0.6546,-0.7081,-90.001,0.1973,0.0154,0.1979,0.750,1.0023,3.4385,0.708,-0.3990,-4.1420,-90.709,5.379,-0.0954,270.265,0.5307,0.0128,0.0059,0.4575,1,5.3531,6.1326,nan,6.1628,6.2490,0.2475,-0.0161,2.5066,-0.0064,0.0365,-0.0101,34.5464,0.0330,4.6348,0.2013
72.000,266.365,0.6363,-0.8572,-91.110,0.6500,-1.1857,-91.326,0.3281,0.0200,0.3287,-0.217,1.0730,3.4592,-0.179,-0.4085,-4.6461,-91.147,5.598,-0.1350,270.633,0.6764,0.0127,0.0038,0.2976,1,5.6275,6.1326,nan,6.3426,6.3742,0.2524,-0.0160,2.5062,0.0057,0.0346,-0.0003,34.9458,0.0116,4.6348,0.2013
72.050,266.757,0.6270,-1.2497,-91.685,0.6422,-1.4188,-91.760,0.1685,0.0202,0.1698,-0.076,1.0730,3.4592,-0.179,-0.4155,-4.8793,-91.582,5.774,-0.1458,271.044,0.5300,0.0148,0.0067,0.4516,1,5.2623,5.0898,nan,6.3426,6.4046,0.2536,-0.0024,2.5062,-0.0015,0.0112,-0.0041,35.0456,0.0800,3.3207,0.2013
72.100,266.757,0.6270,-1.2497,-91.685,0.6469,-1.4535,-90.915,0.2032,0.0259,0.2048,0.770,1.0057,3.4302,0.667,-0.4155,-4.8793,-91.582,5.774,-0.1458,271.044,0.5300,0.0148,0.0071,0.4794,1,5.4168,6.7691,nan,6.5521,6.5415,0.2591,-0.0068,2.5062,0.0160,0.0165,0.0006,35.5448,0.0800,4.0704,0.2013
72.150,267.110,0.6154,-1.6021,-92.163,0.6394,-1.9784,-90.922,0.3751,0.0382,0.3771,1.241,0.9534,3.4275,1.278,-0.4345,-5.3976,-92.200,5.959,-0.0582,271.416,0.6844,0.0128,0.0192,1.5018,1,5.6733,6.0466,nan,6.7086,6.8009,0.2693,-0.0135,2.5062,0.0300,0.0267,0.0020,35.8444,0.0800,2.6901,0.2013
72.200,267.520,0.5995,-2.0121,-92.262,0.6354,-2.3138,-90.623,0.3000,0.0478,0.3038,1.639,0.9092,3.4380,1.755,-0.4498,-5.7407,-92.377,6.099,-0.0569,271.843,0.6224,0.0128,0.0345,2.6938,1,5.8458,6.0466,nan,6.8198,6.9692,0.2760,-0.0122,2.5062,0.0378,0.0221,0.0083,36.1439,0.0800,2.6901,0.2013
72.250,267.871,0.5851,-2.3628,-92.494,0.6261,-2.7430,-91.378,0.3780,0.0575,0.3824,1.116,0.9771,3.4380,1.077,-0.4672,-6.1733,-92.455,6.212,-0.1087,272.209,0.6992,0.0128,0.0328,2.5704,1,6.1130,6.6528,nan,6.9954,7.2200,0.2859,-0.0177,2.5062,0.0576,0.0266,0.0085,36.5433,0.0776,2.4459,0.2013
72.300,267.871,0.5851,-2.3628,-92.494,0.6261,-2.7430,-91.378,0.3780,0.0575,0.3824,1.116,0.9771,3.4380,1.077,-0.4672,-6.1733,-92.455,6.212,-0.1087,272.209,0.6992,0.0128,0.0328,2.5704,1,6.0935,6.1621,nan,7.0625,7.2012,0.2852,-0.0042,2.5062,0.0482,0.0037,0.0143,36.7430,0.0800,3.5393,0.2013
72.350,268.320,0.5639,-2.8108,-93.043,0.6067,-3.2183,-91.367,0.4046,0.0644,0.4097,1.675,0.9089,3.4266,1.623,-0.4903,-6.6336,-92.990,6.425,-0.1761,272.683,0.7115,0.0129,0.0427,3.3239,1,5.9794,6.0074,nan,7.1598,7.0630,0.2797,0.0036,2.5062,0.0436,-0.0114,0.0109,37.0425,0.0800,4.9367,0.2013
72.400,268.786,0.5366,-3.2767,-93.794,0.5813,-3.5731,-91.900,0.2928,0.0642,0.2997,1.894,0.8724,3.4698,1.835,-0.5164,-7.0300,-93.735,6.690,-0.1854,273.183,0.6465,0.0242,0.0392,1.6206,1,5.9474,6.0074,nan,7.2227,7.0121,0.2777,0.0051,2.5100,0.0409,-0.0142,0.0084,37.3420,0.0800,4.9367,0.2013
72.450,269.246,0.5053,-3.7354,-94.012,0.5553,-4.1576,-92.681,0.4177,0.0794,0.4251,1.330,0.8724,3.4698,1.835,-0.5612,-7.6133,-94.516,6.817,-0.0414,273.661,0.7674,0.0140,0.0412,2.9378,1,6.1276,7.3164,nan,7.4019,7.1829,0.2845,0.0143,2.5100,0.0200,-0.0266,0.0078,37.8413,0.0800,2.7018,0.2013
72.500,269.246,0.5053,-3.7354,-94.012,0.5553,-4.1311,-92.825,0.3912,0.0775,0.3988,1.187,0.8915,3.4955,1.692,-0.5612,-7.6133,-94.516,6.817,-0.0414,273.661,0.7674,0.0140,0.0390,2.7819,1,6.3937,7.0344,nan,7.4867,7.4565,0.2953,0.0110,2.5100,0.0170,-0.0194,0.0089,38.1408,0.0800,1.3391,0.2013
72.550,269.682,0.4751,-4.1705,-93.844,0.5290,-4.5127,-92.748,0.3378,0.0767,0.3464,1.096,0.9208,3.5197,1.408,-0.5891,-8.0203,-94.156,6.814,0.1089,274.103,0.7402,0.0129,0.0464,3.6054,1,6.6541,7.2777,nan,7.5583,7.7188,0.3057,0.0050,2.5100,0.0161,-0.0076,0.0123,38.5402,0.0800,1.1141,0.2013
72.600,270.162,0.4449,-4.6489,-93.258,0.5085,-5.0796,-92.116,0.4264,0.0880,0.4353,1.142,0.9459,3.5284,1.245,-0.6242,-8.5965,-93.361,6.890,0.1245,274.596,0.8338,0.0129,0.0613,4.7443,1,6.8741,7.2777,nan,7.5583,7.7132,0.3055,0.0093,2.5141,-0.0020,-0.0096,0.0095,38.8397,0.0488,1.1141,0.2013
72.650,270.657,0.4184,-5.1432,-92.774,0.5016,-5.4182,-91.559,0.2707,0.0965,0.2874,1.215,0.9459,3.5284,1.245,-0.6385,-8.9349,-92.803,7.041,0.1087,275.114,0.6835,0.0129,0.0763,5.9108,1,6.5481,6.4099,nan,7.5583,7.5784,0.3001,0.0065,2.5141,0.0005,-0.0060,0.0084,39.1393,0.0800,2.7634,0.2013
72.700,270.657,0.4184,-5.1432,-92.774,0.4669,-5.4056,-92.875,0.2597,0.0611,0.2668,-0.101,1.1166,3.5285,-0.072,-0.6385,-8.9349,-92.803,7.041,0.1087,275.114,0.6835,0.0129,0.0305,2.3667,1,6.6954,8.1502,nan,7.5583,7.2311,0.2864,0.0056,2.5159,-0.0012,-0.0042,0.0047,39.6385,0.0800,3.3959,0.2013
72.750,271.171,0.3949,-5.6570,-92.375,0.4357,-6.0633,-91.477,0.4043,0.0576,0.4084,0.898,0.9584,3.5593,0.861,-0.6673,-9.6137,-92.338,7.211,0.0796,275.654,0.8403,0.0127,0.0378,2.9875,1,6.9588,7.7290,nan,7.5583,7.5155,0.2976,0.0246,2.5159,-0.0559,-0.0237,0.0074,39.7383,0.0800,0.9269,0.2013
72.800,271.612,0.3774,-6.0980,-92.111,0.4231,-6.6001,-91.179,0.5001,0.0642,0.5042,0.932,0.9584,3.5593,0.861,-0.6880,-10.1503,-92.040,7.248,0.0727,276.106,0.9325,0.0122,0.0431,3.5438,1,7.1939,7.7290,nan,7.5583,7.7694,0.3077,0.0185,2.5176,-0.0624,-0.0084,0.0064,40.3374,0.0800,0.9269,0.2009
72.850,271.612,0.3774,-6.0980,-92.111,0.4178,-6.5613,-90.754,0.4615,0.0575,0.4651,1.357,0.8777,3.6018,1.287,-0.6880,-10.1503,-92.040,7.248,0.0727,276.106,0.9325,0.0122,0.0453,3.7269,1,6.7523,6.1996,nan,7.5651,7.2924,0.2888,0.0150,2.5127,-0.0645,-0.0000,0.0075,40.5371,0.0800,-2.0345,0.2009
72.900,272.137,0.3592,-6.6219,-91.832,0.3928,-6.7929,-91.742,0.1698,0.0390,0.1742,0.090,1.0729,3.6548,0.092,-0.6970,-10.4465,-91.834,7.130,0.0989,276.625,0.7138,0.0123,0.0172,1.3970,1,7.0082,7.9092,nan,7.5651,7.5688,0.2998,0.0128,2.5056,-0.0630,0.0038,0.0055,40.9365,0.0800,1.6321,0.2009
72.950,272.664,0.3453,-7.1492,-91.010,0.3962,-7.4739,-89.128,0.3237,0.0566,0.3286,1.882,0.6743,3.7424,2.246,-0.7174,-11.1967,-91.374,7.276,0.1747,277.176,0.9272,0.0117,0.0639,5.4575,1,7.2565,7.9092,nan,7.5651,7.7996,0.3089,0.0306,2.4993,-0.1073,-0.0139,0.0013,41.3359,0.0748,1.6321,0.2009
73.000,272.664,0.3453,-7.1492,-91.010,0.3962,-7.4739,-89.128,0.3237,0.0566,0.3286,1.882,0.6743,3.7424,2.246,-0.7174,-11.1967,-91.374,7.276,0.1747,277.176,0.9272,0.0117,0.0639,5.4575,1,6.9315,6.7921,nan,7.5651,7.4860,0.2965,-0.0069,2.4942,-0.0552,0.0418,0.0034,41.5355,0.0800,-1.8486,0.2009
73.050,273.241,0.3382,-7.7266,-90.196,0.3974,-7.8190,-89.083,0.0922,0.0595,0.1098,1.112,0.8629,3.7564,1.252,-0.7184,-11.5625,-90.335,7.195,0.3132,277.754,0.7245,0.0119,0.0637,5.3635,1,7.0753,8.6037,nan,7.5651,7.6413,0.3026,-0.0087,2.4876,-0.0489,0.0454,0.0022,42.0348,0.0800,2.7914,0.2009
73.100,273.736,0.3411,-8.2213,-88.935,0.4057,-8.5225,-86.682,0.3024,0.0589,0.3081,2.253,0.6218,3.7557,2.310,-0.7109,-12.2596,-88.992,7.321,0.0393,278.270,0.9153,0.0141,0.0877,6.2387,1,7.2612,8.6037,nan,7.1502,7.0658,0.2798,-0.0184,2.4789,-0.0271,0.0596,0.0044,42.4342,-0.0269,2.7914,0.2009
73.150,274.131,0.3481,-8.6156,-89.145,0.4414,-9.0019,-86.467,0.3877,0.0875,0.3974,2.678,0.6218,3.7557,2.310,-0.6945,-12.7400,-88.777,7.283,-0.0837,278.667,0.9961,0.0110,0.1133,10.2695,1,7.4217,7.7312,nan,6.7788,6.8280,0.2704,-0.0201,2.4707,-0.0096,0.0618,0.0040,42.7337,-0.0800,-0.8722,0.2009
73.200,274.131,0.3481,-8.6156,-89.145,0.4080,-9.0168,-87.248,0.4021,0.0539,0.4057,1.897,0.7624,3.7372,1.529,-0.6945,-12.7400,-88.777,7.283,-0.0837,278.667,0.9961,0.0110,0.0722,6.5379,1,7.0494,5.7453,nan,6.6850,6.4855,0.2569,-0.0112,2.4707,-0.0103,0.0445,0.0029,42.9334,-0.0800,-0.5530,0.2009
73.250,274.657,0.3544,-9.1419,-89.566,0.3859,-9.2621,-89.452,0.1205,0.0306,0.1243,0.114,1.0773,3.7209,0.015,-0.6947,-12.9828,-89.467,7.330,-0.1027,279.208,0.7266,0.0094,0.0138,1.4626,1,7.3025,8.0730,nan,6.2071,6.2908,0.2491,0.0100,2.4614,-0.0367,0.0197,0.0120,0.1997,0.0318,0.4726,0.2009
73.300,275.179,0.3554,-9.6640,-90.432,0.3671,-9.8934,-90.404,0.2293,0.0134,0.2297,0.029,1.1547,3.8353,-0.403,-0.6911,-13.7339,-90.001,6.982,-0.1438,279.699,0.9443,0.0117,0.0047,0.4066,1,7.5327,8.0730,nan,5.6108,5.8210,0.2305,0.0422,2.4552,-0.0901,-0.0170,0.0158,0.5991,-0.0800,0.4726,0.2009
73.350,275.179,0.3554,-9.6640,-90.432,0.3671,-9.8934,-90.404,0.2293,0.0134,0.2297,0.029,1.1547,3.8353,-0.403,-0.6911,-13.7339,-90.001,6.982,-0.1438,279.699,0.9443,0.0117,0.0047,0.4066,1,7.1036,6.6700,nan,5.7124,5.5713,0.2206,0.0636,2.4499,-0.1343,-0.0429,0.0154,0.6989,-0.0554,-6.2178,0.2009
73.400,275.701,0.3496,-10.1864,-90.796,0.3518,-10.3428,-90.195,0.1563,0.0044,0.1564,0.601,0.8280,3.8487,0.922,-0.7046,-14.1820,-91.118,6.576,0.2647,280.186,0.8750,0.0080,0.0119,1.4856,1,6.6598,5.9189,nan,5.5084,5.5495,0.2198,0.0543,2.4462,-0.1368,-0.0178,0.0173,0.8986,0.0175,-8.0015,0.2009
73.450,276.199,0.3492,-10.6842,-88.949,0.3560,-10.6840,-88.829,-0.0001,0.0068,0.0068,0.119,0.8280,3.8487,0.922,-0.7058,-14.5232,-89.752,6.081,0.4577,280.643,0.7269,0.0077,0.0074,0.9608,1,6.2483,5.9189,nan,5.3001,5.4462,0.2157,0.0378,2.4406,-0.1231,0.0125,0.0206,1.1982,0.0800,-8.0015,0.2009
73.500,276.199,0.3492,-10.6842,-88.949,0.3480,-10.6447,-88.965,-0.0395,-0.0005,0.0395,-0.017,0.8545,3.8868,0.786,-0.7058,-14.5232,-89.752,6.081,0.4577,280.643,0.7269,0.0077,0.0066,0.8554,1,6.3959,6.6043,nan,4.9783,4.8170,0.1908,0.0193,2.4346,-0.1080,0.0481,0.0279,1.5975,-0.0719,-6.3559,0.2009
73.550,276.617,0.3638,-11.1021,-86.764,0.3736,-11.2004,-86.303,0.0987,0.0043,0.0988,0.462,0.8765,3.8685,0.694,-0.6854,-15.0617,-86.997,5.721,0.3431,281.034,0.8392,0.0034,0.0075,2.1750,1,5.9644,5.2739,nan,4.7563,4.7543,0.1883,0.0109,2.3975,-0.0888,0.0615,0.0282,1.6974,-0.0010,-4.3621,0.2009
73.600,277.004,0.3893,-11.4880,-85.477,0.3971,-11.4035,-85.462,-0.0836,0.0144,0.0848,0.015,1.0602,3.9121,-0.025,-0.6564,-15.3159,-85.437,5.480,0.2020,281.403,0.7133,0.0050,0.0111,2.2017,1,5.5604,5.2739,nan,4.5274,4.6584,0.1845,0.0029,2.0555,-0.0723,0.0699,0.0333,1.9969,0.0697,-4.3621,0.2009
73.650,277.371,0.4199,-11.8536,-84.858,0.4222,-11.7237,-84.746,-0.1292,0.0139,0.1299,0.112,1.0499,3.9664,-0.027,-0.6205,-15.6904,-84.719,5.053,0.1326,281.738,0.7198,0.0039,0.0068,1.7280,1,5.4905,5.5288,nan,4.2137,4.1595,0.1647,0.0149,1.8737,-0.0666,0.0514,0.0333,2.1966,-0.0293,-8.4992,0.2009
73.700,277.371,0.4199,-11.8536,-84.858,0.4222,-11.7237,-84.746,-0.1292,0.0139,0.1299,0.112,1.0499,3.9664,-0.027,-0.6205,-15.6904,-84.719,5.053,0.1326,281.738,0.7198,0.0039,0.0068,1.7280,1,5.1973,5.1198,nan,4.2137,4.3118,0.1708,0.0190,1.7114,-0.0638,0.0454,0.0346,2.3963,0.0800,-4.0239,0.2009
73.750,277.715,0.4517,-12.1965,-84.504,0.4515,-12.0454,-84.601,-0.1505,0.0143,0.1511,-0.097,1.1154,3.9697,-0.272,-0.5878,-16.0180,-84.329,4.766,0.1046,282.063,0.7051,0.0030,0.0099,3.2415,1,4.8325,4.6707,nan,4.1132,3.9470,0.1563,0.0277,1.5620,-0.0599,0.0352,0.0366,2.5960,0.0800,-8.4666,0.2009
73.800,278.029,0.4827,-12.5082,-84.091,0.4780,-12.3355,-84.440,-0.1722,0.0131,0.1727,-0.349,1.1486,4.0131,-0.410,-0.5535,-16.3530,-84.030,4.376,0.1262,282.351,0.7260,0.0010,0.0158,15.1496,1,4.6681,4.6707,nan,3.8013,3.7921,0.1502,0.0304,1.4160,-0.0521,0.0326,0.0423,2.7957,0.0800,-8.4666,0.2009
73.850,278.029,0.4827,-12.5082,-84.091,0.4780,-12.3355,-84.440,-0.1722,0.0131,0.1727,-0.349,1.1486,4.0131,-0.410,-0.5535,-16.3530,-84.030,4.376,0.1262,282.351,0.7260,0.0010,0.0158,15.1496,1,4.2992,3.6680,nan,3.9071,3.4232,0.1356,0.0286,1.4160,-0.0507,0.0366,0.0423,2.7957,0.0800,-1.9665,0.2009
73.900,278.361,0.5185,-12.8389,-83.502,0.5044,-12.4177,-83.268,-0.4201,0.0336,0.4215,0.234,0.9413,4.1017,0.338,-0.5344,-16.5165,-83.606,4.223,0.1865,282.674,0.5775,0.0029,0.0443,15.0796,1,4.5684,4.8318,nan,3.4695,3.3523,0.1328,0.0280,1.2605,-0.0380,0.0329,0.0462,3.1950,-0.0678,-7.1068,0.2009
73.950,278.632,0.5506,-13.1077,-82.783,0.5485,-12.7775,-83.055,-0.3278,0.0394,0.3302,-0.272,1.1029,4.1155,-0.225,-0.4879,-16.8951,-82.830,3.860,0.1730,282.923,0.6728,0.0059,0.0274,4.6340,1,4.1792,3.9742,nan,3.4695,3.5544,0.1408,-0.0132,1.2605,-0.0061,0.0552,0.0462,3.1950,0.0800,-7.2309,0.2009
74.000,278.832,0.5765,-13.3062,-82.267,0.5723,-12.9512,-82.615,-0.3523,0.0436,0.3550,-0.348,1.1747,4.1430,-0.482,-0.4586,-17.0987,-82.133,3.587,0.1606,283.108,0.6763,0.0015,0.0443,29.0081,1,3.9811,3.9742,nan,3.2343,3.3710,0.1335,0.0065,1.2539,-0.0027,0.0449,0.0485,3.3947,0.0800,-7.2309,0.2009
74.050,279.065,0.6090,-13.5371,-81.720,0.5861,-13.0460,-82.191,-0.4893,0.0481,0.4916,-0.470,1.1747,4.1430,-0.482,-0.4440,-17.1933,-81.709,3.402,0.0525,283.331,0.5585,0.0028,0.0713,25.8171,1,3.6981,2.8316,nan,3.3535,3.0881,0.1223,-0.0035,1.1653,-0.0018,0.0454,0.0485,3.3947,0.0800,-3.3232,0.2009
74.100,279.261,0.6375,-13.7309,-81.597,0.6217,-13.3057,-82.030,-0.4229,0.0465,0.4255,-0.432,1.1747,4.1430,-0.482,-0.4062,-17.4527,-81.548,3.352,0.0358,283.525,0.6139,0.0027,0.0805,29.9893,1,3.6582,3.6819,nan,2.9898,3.0629,0.1213,0.0275,1.1522,0.0056,0.0333,0.0521,3.5944,0.0800,-1.2831,0.2009
74.151,279.261,0.6375,-13.7309,-81.597,0.6213,-13.3141,-81.293,-0.4147,0.0449,0.4171,0.304,0.9499,4.1402,0.255,-0.4062,-17.4527,-81.548,3.352,0.0358,283.525,0.6139,0.0027,0.0715,26.6652,1,3.4178,3.3905,nan,2.9898,2.8364,0.1123,0.0373,1.0765,0.0118,0.0365,0.0522,3.7941,0.0800,-0.5734,0.2009
74.200,279.474,0.6686,-13.9417,-81.583,0.6534,-13.5170,-80.842,-0.4223,0.0471,0.4250,0.742,0.8379,4.1438,0.620,-0.3755,-17.6578,-81.461,3.135,0.1310,283.726,0.6089,0.0064,0.0619,9.7386,1,3.1271,3.0666,nan,2.7513,2.5527,0.1011,0.0626,0.9849,0.0163,0.0379,0.0520,3.8939,0.0800,-2.1918,0.2009
74.250,279.675,0.6987,-14.1398,-81.068,0.6882,-13.7352,-80.136,-0.4013,0.0525,0.4047,0.933,0.7495,4.1187,0.914,-0.3462,-17.8507,-81.050,3.014,0.1704,283.921,0.6044,0.0076,0.0728,9.5532,1,3.0527,3.0666,nan,2.6367,2.4947,0.0988,0.0921,0.9615,0.0247,0.0397,0.0559,4.0936,0.0800,-2.1918,0.2009
74.300,279.675,0.6987,-14.1398,-81.068,0.6882,-13.7352,-80.136,-0.4013,0.0525,0.4047,0.933,0.7495,4.1187,0.914,-0.3462,-17.8507,-81.050,3.014,0.1704,283.921,0.6044,0.0076,0.0728,9.5532,1,2.7891,2.7403,nan,2.5258,2.2529,0.0892,0.0949,0.8784,0.0319,0.0477,0.0799,4.1935,0.0800,-4.1067,0.2009
74.350,279.881,0.7319,-14.3439,-80.330,0.7208,-13.8851,-79.087,-0.4541,0.0661,0.4589,1.243,0.6393,4.1427,1.265,-0.3165,-18.0253,-80.352,2.797,0.3612,284.117,0.5790,0.0060,0.0992,16.5584,1,2.6889,2.6953,nan,2.4186,2.1905,0.0868,0.1315,0.8469,0.0408,0.0592,0.1601,4.2933,0.0800,-6.5737,0.2009
74.400,280.074,0.7668,-14.5335,-78.749,0.7605,-14.1122,-77.412,-0.4144,0.0761,0.4214,1.337,0.6242,4.1171,1.301,-0.2776,-18.2277,-78.713,2.514,0.3689,284.298,0.5889,0.0070,0.1071,15.2406,1,2.6758,2.6953,nan,2.3152,2.2259,0.0882,0.2211,0.8428,0.0544,0.0629,0.2477,4.3932,0.0800,-6.5737,0.2009
74.450,280.263,0.8062,-14.7183,-77.127,0.7886,-14.2284,-76.083,-0.4815,0.0920,0.4902,1.044,0.6242,4.1171,1.301,-0.2522,-18.3445,-77.384,2.266,0.4720,284.477,0.5344,0.0534,0.0885,1.6576,1,2.3884,2.3184,nan,2.3152,1.9893,0.0788,0.2576,0.8000,0.0511,0.0524,0.3414,4.4930,0.0800,-6.1710,0.2009
74.500,280.263,0.8062,-14.7183,-77.127,0.7863,-14.2623,-76.499,-0.4490,0.0822,0.4565,0.628,0.7550,4.0839,0.886,-0.2522,-18.3445,-77.384,2.266,0.4720,284.477,0.5344,0.0089,0.1390,15.6972,1,2.6432,2.7733,nan,2.0244,2.0254,0.0802,0.5049,0.8000,0.0436,-0.0086,0.5194,4.6927,0.0006,-2.0587,0.2009
74.550,280.401,0.8395,-14.8517,-74.463,0.8409,-14.5934,-74.189,-0.2485,0.0706,0.2583,0.273,0.6988,3.9679,1.047,-0.1969,-18.5607,-75.236,2.142,0.8604,284.610,0.5993,0.0085,0.0696,8.2298,1,2.7320,2.7733,nan,1.9362,1.8809,0.0745,0.5634,0.8000,0.0341,-0.1076,0.7102,4.8924,-0.0800,-2.0587,0.2009
74.600,280.550,0.8837,-14.9942,-70.961,0.8679,-14.6516,-70.247,-0.3290,0.0968,0.3430,0.714,0.6988,3.9679,1.047,-0.1710,-18.6194,-71.294,1.987,1.0013,284.755,0.5318,0.0081,0.1248,15.3508,1,2.3661,1.9249,nan,1.8541,1.8382,0.0728,0.7351,0.8000,-0.0011,-0.0981,0.8106,4.9922,-0.0092,-4.4355,0.2009
74.650,280.550,0.8837,-14.9942,-70.961,0.8679,-14.6516,-70.247,-0.3290,0.0968,0.3430,0.714,0.6988,3.9679,1.047,-0.1710,-18.6194,-71.294,1.987,1.0013,284.755,0.5318,0.0081,0.1248,15.3508,1,2.2512,2.2511,nan,1.8224,1.8420,0.0730,0.8036,0.8000,-0.0115,-0.1211,0.9210,5.0921,0.0114,-1.2616,0.2009
74.700,280.667,0.9260,-15.1035,-66.084,0.9434,-14.9097,-65.514,-0.1701,0.0945,0.1946,0.570,0.6513,3.8816,1.196,-0.1001,-18.7933,-66.710,1.907,1.6229,284.872,0.5775,0.0075,0.0757,10.1329,1,1.8785,1.6068,nan,1.8224,1.7829,0.0706,0.8337,0.8000,0.0012,-0.1081,1.0357,5.1919,0.0800,-4.3934,0.2009
74.750,280.809,0.9925,-15.2286,-57.357,0.9983,-15.0677,-57.283,-0.1324,0.0917,0.1610,0.074,0.3286,3.7673,2.220,-0.0604,-18.8468,-59.503,1.721,2.1127,285.016,0.5248,0.0045,0.0661,14.5521,1,1.6505,1.6068,nan,1.8147,1.9396,0.0768,0.9319,0.8000,-0.0586,-0.1344,1.1698,5.2918,0.0723,-4.3934,0.2009
74.800,280.920,1.0590,-15.3176,-48.982,1.1024,-15.1837,-47.597,-0.0725,0.1207,0.1408,1.385,0.3286,3.7673,2.220,0.0392,-18.9667,-49.817,1.663,2.3352,285.136,0.5378,0.0259,0.0775,2.9896,1,1.9011,2.0157,nan,1.8109,1.8039,0.0714,1.0000,0.8000,-0.1393,-0.2060,1.4690,5.4915,-0.0040,-2.0592,0.2009
74.850,280.920,1.0590,-15.3176,-48.982,1.0941,-15.1989,-47.945,-0.0665,0.1044,0.1238,1.037,0.4353,3.7564,1.872,0.0392,-18.9667,-49.817,1.663,2.3352,285.136,0.5378,0.0259,0.0673,2.5952,1,1.9182,1.9360,nan,1.8032,1.7323,0.0686,0.9935,0.8000,-0.1606,-0.2161,1.4934,5.5913,-0.0410,-1.2852,0.2006
74.900,281.015,1.1266,-15.3851,-40.597,1.1803,-15.3174,-39.684,-0.0033,0.0863,0.0864,0.913,0.8367,3.7243,0.635,0.1327,-19.0443,-40.319,1.637,2.5749,285.245,0.5371,0.0039,0.0331,8.4214,1,1.7325,1.7082,nan,1.8399,1.9215,0.0761,1.0000,0.8000,-0.2062,-0.1053,1.4934,5.5913,0.0472,-3.1099,0.2006
74.950,281.118,1.2096,-15.4448,-30.822,1.2446,-15.3766,-32.096,-0.0049,0.0765,0.0767,-1.274,1.0262,3.7090,0.038,0.2058,-19.0858,-32.134,1.533,2.6048,285.359,0.5239,0.0269,0.0283,1.0507,1,1.9192,1.9879,nan,1.8399,1.7856,0.0707,0.9673,0.8000,-0.2227,-0.0995,1.4982,5.6912,-0.0314,-1.7922,0.2006
75.000,281.209,1.2917,-15.4854,-21.930,1.3664,-15.4498,-21.017,0.0560,0.0609,0.0827,0.913,1.2600,3.7071,-0.715,0.3456,-19.1540,-20.301,1.495,2.5727,285.464,0.5308,0.0068,0.0266,3.9248,1,1.9647,1.9879,nan,1.9143,1.8895,0.0748,0.9998,0.8000,-0.2571,-0.1289,1.4998,5.7910,-0.0144,-1.7922,0.2006
75.050,281.310,1.3883,-15.5149,-11.973,1.4266,-15.4652,-13.142,0.0272,0.0566,0.0628,-1.169,1.2600,3.7071,-0.715,0.4060,-19.1687,-12.426,1.559,2.6660,285.586,0.5279,0.0281,0.0237,0.8431,1,1.6321,1.5043,nan,1.9143,1.9521,0.0773,0.9396,0.8000,-0.2590,-0.0424,1.4998,5.7910,0.0800,0.4991,0.2006
75.101,281.310,1.3883,-15.5149,-11.973,1.4119,-15.4653,-13.402,0.0128,0.0534,0.0550,-1.430,1.3325,3.7075,-0.976,0.4060,-19.1687,-12.426,1.559,2.6660,285.586,0.5279,0.0281,0.0200,0.7122,1,1.8249,1.8988,nan,1.9935,2.0787,0.0823,0.8846,0.8000,-0.2672,-0.0478,1.4742,5.8909,0.0493,-0.5618,0.2006
75.150,281.398,1.4753,-15.5266,-3.492,1.5802,-15.4869,0.150,0.1023,0.0460,0.1121,3.642,1.3885,3.7119,-1.203,0.5946,-19.1906,1.353,1.593,2.5413,285.689,0.5120,0.0029,0.0396,13.7947,1,1.8753,1.8988,nan,2.0759,2.1853,0.0865,0.8127,0.8000,-0.2659,0.0852,1.4742,5.8909,0.0633,-0.5618,0.2006
75.200,281.482,1.5589,-15.5261,4.131,1.5931,-15.4766,4.496,0.0377,0.0469,0.0602,0.364,1.3885,3.7119,-1.203,0.6074,-19.1800,5.698,1.640,2.4560,285.788,0.5182,0.0046,0.0102,2.2228,1,1.5053,1.1868,nan,2.0759,1.8820,0.0745,0.7964,0.8000,-0.2489,0.1180,1.4742,5.8909,0.0800,0.0589,0.2006
75.250,281.482,1.5589,-15.5261,4.131,1.5931,-15.4766,4.496,0.0377,0.0469,0.0602,0.364,1.3885,3.7119,-1.203,0.6074,-19.1800,5.698,1.640,2.4560,285.788,0.5182,0.0046,0.0102,2.2228,1,1.5436,1.5619,nan,2.0759,2.0914,0.0828,0.7613,0.8000,-0.2486,0.0726,1.3072,5.9907,0.0800,5.8974,0.2006
75.300,281.657,1.7314,-15.4928,17.735,1.7209,-15.4617,13.505,-0.0005,0.0328,0.0328,-4.229,1.0688,3.7055,-0.251,0.7361,-19.1641,13.756,1.800,2.3331,285.992,0.5489,0.0027,0.0444,16.4454,1,1.7486,3.0033,nan,2.2445,2.3461,0.0929,0.6918,0.8000,-0.2184,0.0212,1.0544,6.1904,0.0588,-2.7322,0.2006
75.350,281.788,1.8524,-15.4422,27.535,1.9578,-15.3427,28.810,0.1395,0.0395,0.1450,1.274,0.2853,3.6518,1.983,1.0143,-19.0410,26.827,1.727,2.2007,286.131,0.4421,0.0027,0.0322,11.7799,1,1.9515,3.0033,nan,2.3315,2.3269,0.0922,0.5920,0.8000,-0.2088,0.0544,0.9522,6.2902,-0.0026,-2.7322,0.2006
75.400,281.788,1.8524,-15.4422,27.535,1.9578,-15.3427,28.810,0.1395,0.0395,0.1450,1.274,0.2853,3.6518,1.983,1.0143,-19.0410,26.827,1.727,2.2007,286.131,0.4421,0.0027,0.0322,11.7799,1,2.0324,2.0640,nan,2.4210,2.4229,0.0960,0.3479,0.8000,-0.1596,0.2096,0.9522,6.2902,0.0011,2.6762,0.2006
75.450,281.926,1.9686,-15.3683,37.321,2.0194,-15.2758,38.760,0.0965,0.0427,0.1055,1.439,0.3271,3.6623,1.841,1.0830,-18.9827,36.919,1.870,1.9252,286.289,0.4640,0.0037,0.0223,6.0153,1,2.0911,2.1182,nan,2.5129,2.5227,0.0999,0.2347,0.8397,-0.1139,0.2121,0.8512,6.3901,0.0057,5.2154,0.2006
75.500,282.072,2.0779,-15.2724,45.166,2.1298,-15.1607,47.058,0.1158,0.0419,0.1232,1.892,0.3378,3.6607,1.823,1.1922,-18.8689,45.235,2.104,1.5736,286.452,0.4465,0.0029,0.0298,10.2871,1,2.1002,2.1182,nan,2.6073,2.6622,0.1054,0.1156,0.8771,-0.0892,0.2284,0.7612,6.4899,0.0318,5.2154,0.2006
75.550,282.218,2.1768,-15.1637,49.737,2.2183,-15.0459,51.432,0.1167,0.0444,0.1249,1.696,0.7098,3.6853,0.673,1.2885,-18.7476,50.759,2.335,0.8866,286.609,0.4346,0.0064,0.0430,6.6832,1,2.2379,2.2871,nan,2.7039,2.7068,0.1072,0.0569,0.9733,-0.0594,0.2129,0.6715,6.5898,0.0017,4.8352,0.2006
75.600,282.218,2.1768,-15.1637,49.737,2.2183,-15.0459,51.432,0.1167,0.0444,0.1249,1.696,0.7098,3.6853,0.673,1.2885,-18.7476,50.759,2.335,0.8866,286.609,0.4346,0.0064,0.0430,6.6832,1,2.4520,2.5489,nan,2.8027,2.6944,0.1067,0.0876,1.1102,-0.0477,0.1239,0.5861,6.6896,-0.0627,5.1713,0.2006
75.650,282.355,2.2635,-15.0577,51.246,2.3353,-14.9046,52.549,0.1643,0.0399,0.1691,1.302,1.1285,3.7084,-0.600,1.4015,-18.5994,53.148,2.524,0.2386,286.752,0.3883,0.0019,0.0252,13.2927,1,2.1950,2.1430,nan,2.9029,3.0406,0.1204,0.1901,1.0353,-0.0622,0.0060,0.5030,6.7895,0.0800,2.6824,0.2006
75.700,282.542,2.3787,-14.9114,52.263,2.4228,-14.8042,51.851,0.1117,0.0308,0.1159,-0.413,1.0762,3.7010,-0.427,1.4844,-18.4946,52.278,2.623,0.3553,286.942,0.4353,0.0020,0.0119,5.9099,1,2.1345,2.1430,nan,3.0038,3.0133,0.1193,0.1843,1.0490,-0.0643,-0.0283,0.4225,6.8893,0.0800,2.6824,0.2006
75.750,282.743,2.4996,-14.7508,53.914,2.5312,-14.6631,53.056,0.0895,0.0261,0.0932,-0.858,1.0828,3.6976,-0.453,1.5935,-18.3487,53.509,2.701,0.6227,287.145,0.4522,0.0023,0.0102,4.3606,1,2.3900,2.5220,nan,3.2026,3.3362,0.1321,0.1027,1.2828,-0.0764,-0.0693,0.2610,7.0890,0.0800,0.6156,0.2006
75.800,282.743,2.4996,-14.7508,53.914,2.5312,-14.6631,53.056,0.0895,0.0261,0.0932,-0.858,1.0828,3.6976,-0.453,1.5935,-18.3487,53.509,2.701,0.6227,287.145,0.4522,0.0023,0.0102,4.3606,1,2.6209,3.3372,nan,3.4570,3.5766,0.1416,0.0180,1.4393,-0.0917,-0.0555,0.1011,7.2887,0.0692,3.6202,0.2006
75.850,282.910,2.5954,-14.6131,56.524,2.6895,-14.4417,55.662,0.1949,0.0161,0.1955,-0.862,1.1645,3.6978,-0.727,1.7551,-18.1187,56.389,2.896,0.5135,287.323,0.3496,0.0005,0.0181,33.4783,1,2.5627,2.5749,nan,3.5274,3.5753,0.1416,-0.0154,1.4074,-0.0896,-0.0362,0.0207,7.3885,0.0800,6.1783,0.2006
75.900,283.130,2.7135,-14.4276,58.442,2.7435,-14.3520,57.242,0.0802,0.0140,0.0814,-1.201,1.3409,3.6956,-1.314,1.8160,-18.0107,58.556,3.184,0.1990,287.557,0.4358,0.0002,0.0062,29.7783,1,2.5555,2.5749,nan,3.5948,3.5662,0.1412,-0.0435,1.4034,-0.0932,-0.0133,-0.0601,7.4884,0.0800,6.1783,0.2006
75.950,283.339,2.8219,-14.2495,58.766,2.8681,-14.1514,57.567,0.1078,0.0113,0.1084,-1.200,1.4005,3.6888,-1.532,1.9441,-17.7946,59.099,3.393,0.0043,287.775,0.3945,0.0024,0.0146,5.9600,1,2.8368,3.3887,nan,3.7235,3.7664,0.1492,-0.0468,1.5579,-0.1028,-0.0063,-0.2171,7.6881,0.0800,4.8878,0.2006
76.000,283.339,2.8219,-14.2495,58.766,2.8681,-14.1514,57.567,0.1078,0.0113,0.1084,-1.200,1.4005,3.6888,-1.532,1.9441,-17.7946,59.099,3.393,0.0043,287.877,0.3945,0.0024,0.0146,5.9600,1,3.0473,3.8180,nan,3.9104,3.9035,0.1546,-0.0399,1.5646,-0.1039,0.0391,-0.2108,7.9876,0.0800,1.5619,0.2006
76.050,283.538,2.9256,-14.0800,58.043,3.0026,-13.9498,56.953,0.1512,0.0035,0.1512,-1.089,1.4786,3.6700,-1.829,2.0857,-17.5623,58.783,3.463,-0.2497,287.978,0.3264,0.0013,0.0145,11.4175,1,3.0979,3.1324,nan,3.9765,3.9467,0.1563,-0.0067,1.5554,-0.1123,0.0205,-0.2072,8.0875,0.0800,3.4701,0.2006
76.100,283.768,3.0491,-13.8852,57.100,3.0812,-13.8341,55.706,0.0604,0.0008,0.0604,-1.394,1.3486,3.6497,-1.433,2.1692,-17.4350,57.139,3.618,-0.2288,288.217,0.3995,0.0024,0.0131,5.3595,1,3.4002,3.8103,nan,4.1111,4.2437,0.1681,0.0061,1.5919,-0.1065,0.0480,-0.1834,8.2871,0.0800,3.2314,0.2006
76.150,284.012,3.1830,-13.6812,56.332,3.2481,-13.5913,55.077,0.1109,-0.0043,0.1110,-1.255,1.2514,3.6357,-1.129,2.3358,-17.1843,56.206,3.755,-0.0482,288.469,0.3480,0.0001,0.0138,119.1742,1,3.6529,3.8103,nan,4.3074,4.3723,0.1732,0.0176,1.5781,-0.0899,0.0743,-0.1216,8.4868,0.0356,3.2314,0.2006
76.200,284.251,3.3157,-13.4825,56.190,3.3768,-13.4093,55.030,0.0949,-0.0100,0.0954,-1.159,1.2514,3.6357,-1.129,2.4609,-16.9997,56.160,3.834,0.0257,288.713,0.3630,0.0054,0.0182,3.3402,1,3.6712,3.7044,nan,4.2871,4.2908,0.1699,0.0208,1.5611,-0.0693,0.1071,-0.0562,8.6865,0.0020,1.5114,0.2006
76.250,284.251,3.3157,-13.4825,56.190,3.3698,-13.4213,54.766,0.0809,-0.0109,0.0816,-1.423,1.3228,3.6332,-1.393,2.4609,-16.9997,56.160,3.834,0.0257,288.713,0.3630,0.0054,0.0177,3.2650,1,3.8353,3.9174,nan,4.0698,4.1018,0.1624,0.0375,1.5028,-0.0490,0.1122,0.0102,8.8862,-0.0800,5.5284,0.2006
76.300,284.490,3.4479,-13.2841,56.550,3.5299,-13.1925,54.914,0.1216,-0.0179,0.1230,-1.637,1.3102,3.6215,-1.382,2.6244,-16.7555,56.295,4.072,0.1271,288.966,0.3140,0.0000,0.0199,429.9575,1,3.6112,3.5929,nan,3.9652,3.8884,0.1540,0.0562,1.5028,-0.0282,0.1228,0.0395,8.9860,-0.0800,1.7177,0.2006
76.350,284.836,3.6372,-12.9943,57.272,3.6802,-12.9711,55.764,0.0428,-0.0237,0.0489,-1.508,1.3102,3.6215,-1.382,2.7694,-16.5306,57.145,4.125,0.2404,289.317,0.3840,0.0051,0.0196,3.8454,1,3.5701,3.5929,nan,3.7637,3.8901,0.1541,0.0334,1.2002,-0.0071,0.1144,0.1088,9.1857,0.0800,1.7177,0.2006
76.400,284.836,3.6372,-12.9943,57.272,3.6706,-12.9688,56.906,0.0395,-0.0143,0.0420,-0.366,0.9702,3.5732,-0.239,2.7694,-16.5306,57.145,4.125,0.2404,289.317,0.3840,0.0051,0.0089,1.7357,1,3.8654,4.2827,nan,3.4817,3.1669,0.1254,0.0058,1.0183,0.0433,0.1248,0.1727,9.3854,0.0800,-1.5417,0.2006
76.450,285.158,3.8091,-12.7220,58.335,3.8509,-12.6771,58.250,0.0602,-0.0120,0.0614,-0.085,0.8936,3.5434,-0.022,2.9636,-16.2193,58.273,4.012,0.2049,289.632,0.3420,0.0108,0.0219,2.0180,1,4.1152,4.2827,nan,3.2276,3.2167,0.1274,0.0995,1.0183,0.0654,0.0692,0.2738,9.6850,-0.0063,-1.5417,0.2006
76.500,285.418,3.9443,-12.4998,59.046,3.9974,-12.4342,58.865,0.0836,-0.0118,0.0844,-0.182,0.9551,3.5332,-0.287,3.1224,-15.9519,59.152,3.836,0.0600,289.881,0.2946,0.0011,0.0206,18.5639,1,4.2887,4.3912,nan,3.0776,3.1867,0.1262,0.1869,1.0183,0.0840,0.0202,0.3405,9.8847,-0.0800,-2.6915,0.2006
76.550,285.418,3.9443,-12.4998,59.046,3.9974,-12.4342,58.865,0.0836,-0.0118,0.0844,-0.182,0.9551,3.5332,-0.287,3.1224,-15.9519,59.152,3.836,0.0600,289.881,0.2946,0.0011,0.0206,18.5639,1,3.8855,3.5827,nan,3.0776,3.0260,0.1198,0.2545,1.0183,0.0819,-0.0264,0.3819,9.9845,-0.0298,-9.3787,0.2006
76.600,285.654,4.0653,-12.2975,59.184,4.0596,-12.3038,59.101,-0.0083,0.0016,0.0085,-0.083,0.8937,3.5003,-0.176,3.2144,-15.7943,59.277,3.374,0.0305,290.090,0.3423,0.0055,0.0074,1.3554,1,3.4908,3.1408,nan,3.0156,3.1106,0.1232,0.2983,1.0183,0.0926,-0.0649,0.4092,10.0843,0.0800,-4.3450,0.2006
76.650,285.882,4.1792,-12.0994,62.036,4.1377,-12.1624,59.796,-0.0751,0.0071,0.0754,-2.240,0.6977,3.4507,0.496,3.3047,-15.6423,59.300,3.176,1.0098,290.310,0.3917,0.0117,0.0083,0.7092,1,3.2011,3.1408,nan,3.0156,2.8694,0.1136,0.3943,1.0183,0.0816,-0.1064,0.4502,10.1842,0.0800,-4.3450,0.2006
76.700,286.109,4.2777,-11.8944,67.216,4.2379,-11.9280,66.758,-0.0464,0.0237,0.0521,-0.458,0.6977,3.4507,0.496,3.4069,-15.4088,66.262,3.015,1.3937,290.532,0.3631,0.0160,0.0232,1.4534,1,3.2798,3.3228,nan,2.9486,3.0250,0.1198,0.2975,1.0183,0.1174,-0.0285,0.5178,10.3839,0.0800,-4.2356,0.2006
76.750,286.109,4.2777,-11.8944,67.216,4.2252,-11.9507,67.088,-0.0722,0.0266,0.0769,-0.128,0.5965,3.4074,0.826,3.4069,-15.4088,66.262,3.015,1.3937,290.532,0.3631,0.0160,0.0328,2.0526,1,3.0908,3.0788,nan,2.9361,2.8800,0.1141,0.2206,1.0183,0.1455,0.0267,0.5650,10.4837,0.0800,-0.7109,0.2006
76.800,286.305,4.3458,-11.7109,72.449,4.2716,-11.7789,72.782,-0.0872,0.0503,0.1007,0.332,0.6689,3.4275,0.559,3.4542,-15.2408,72.223,3.001,1.3949,290.729,0.3827,0.0092,0.0632,6.8594,1,3.1269,3.1586,nan,3.0247,3.0524,0.1209,0.2504,1.0183,0.1578,-0.0193,0.6490,10.6834,0.0800,-1.4363,0.2006
76.850,286.481,4.3924,-11.5416,77.111,4.3245,-11.5904,76.270,-0.0628,0.0553,0.0837,-0.841,1.0526,3.5155,-0.847,3.4950,-15.0559,77.118,2.958,1.2148,290.904,0.3691,0.0169,0.0510,3.0127,1,3.0078,3.0132,nan,3.1443,3.2481,0.1286,0.2944,1.0183,0.1590,-0.0336,0.6860,10.7833,0.0601,-1.7154,0.2004
76.900,286.649,4.4253,-11.3763,80.459,4.3794,-11.3925,79.414,-0.0236,0.0426,0.0486,-1.045,1.3838,3.6017,-2.012,3.5203,-14.8798,81.426,2.865,0.9866,291.069,0.3608,0.0131,0.0366,2.7973,1,2.9916,3.0132,nan,3.2108,3.3115,0.1311,0.3699,1.0986,0.1227,-0.1364,0.6841,10.9830,0.0583,-1.7154,0.2004
76.950,286.821,4.4485,-11.2066,84.265,4.3975,-11.2630,81.683,-0.0612,0.0451,0.0761,-2.582,1.3838,3.6017,-2.012,3.5338,-14.7498,83.695,2.932,1.1434,291.245,0.4016,0.0064,0.0454,7.1195,1,2.7209,2.6690,nan,3.2800,3.3366,0.1321,0.4422,1.1978,0.0733,-0.2040,0.6434,11.0828,0.0800,-1.1256,0.2004
77.000,287.004,4.4597,-11.0234,89.624,4.4307,-11.0133,86.665,0.0099,0.0291,0.0307,-2.960,1.3943,3.6192,-1.992,3.5431,-14.5182,88.656,3.060,1.8214,291.441,0.3560,0.0927,0.0873,0.9412,1,2.9667,3.1005,nan,3.4236,3.4565,0.1369,0.4326,1.3585,0.0130,-0.2480,0.5608,11.2825,0.0190,0.5455,0.2004
77.050,287.004,4.4597,-11.0234,89.624,4.4290,-11.0267,86.997,-0.0035,0.0307,0.0309,-2.627,1.3076,3.5880,-1.659,3.5431,-14.5182,88.656,3.060,1.8214,291.441,0.3560,0.0233,0.0078,0.3336,1,2.9261,2.9438,nan,3.4986,3.5667,0.1413,0.3642,1.3898,0.0060,-0.2130,0.4871,11.4822,0.0394,0.8237,0.2004
77.100,287.230,4.4462,-10.7982,98.100,4.4167,-10.8354,95.515,-0.0326,0.0345,0.0475,-2.585,1.2124,3.5668,-1.260,3.5202,-14.3282,96.775,3.131,2.1345,291.680,0.3925,0.0249,0.0241,0.9689,1,3.2232,3.4766,nan,3.7336,3.7313,0.1478,0.3017,1.5560,-0.0235,-0.1531,0.4552,11.5820,-0.0014,0.9284,0.2004
77.150,287.436,4.4040,-10.5964,105.998,4.3517,-10.5607,104.653,0.0487,0.0404,0.0633,-1.345,1.2461,3.5922,-1.400,3.4504,-14.0728,106.053,3.230,1.8582,291.900,0.3532,0.0169,0.0149,0.8833,1,3.3956,3.4766,nan,3.8972,3.8264,0.1515,0.2098,1.7286,-0.0430,-0.1310,0.3545,11.8816,-0.0410,0.9284,0.2004
77.200,287.633,4.3400,-10.4101,112.410,4.2810,-10.3781,111.058,0.0521,0.0424,0.0671,-1.352,1.1941,3.5814,-1.171,3.3716,-13.8935,112.229,3.331,1.7992,292.108,0.3661,0.0248,0.0272,1.0959,1,3.3820,3.4072,nan,4.0648,4.1113,0.1628,0.1705,1.7531,-0.0570,-0.0896,0.3213,11.9814,0.0269,2.1700,0.2004
77.250,287.633,4.3400,-10.4101,112.410,4.2810,-10.3781,111.058,0.0521,0.0424,0.0671,-1.352,1.1941,3.5814,-1.171,3.3716,-13.8935,112.229,3.331,1.7992,292.108,0.3661,0.0248,0.0272,1.0959,1,3.5067,3.5669,nan,4.3189,4.4240,0.1752,0.0892,1.8825,-0.0660,-0.0529,0.2590,12.1811,0.0582,4.2931,0.2004
77.300,287.830,4.2583,-10.2303,116.312,4.1749,-10.1559,117.613,0.1036,0.0418,0.1117,1.301,1.3012,3.6073,-1.593,3.2551,-13.6781,119.206,3.590,0.9702,292.322,0.3536,0.0140,0.0429,3.0559,1,3.2799,3.2562,nan,4.3189,4.3249,0.1713,0.1325,1.7737,-0.0958,-0.1331,0.1952,12.3808,0.0800,5.5010,0.2004
77.350,288.065,4.1481,-10.0229,119.867,4.0929,-9.9981,118.330,0.0490,0.0356,0.0605,-1.538,1.1968,3.5969,-1.178,3.1750,-13.5326,119.508,3.837,0.9045,292.574,0.3917,0.0117,0.0164,1.4023,1,3.4625,4.4046,nan,4.4846,4.5696,0.1810,0.0774,1.8724,-0.1250,-0.1162,0.1340,12.5805,0.0800,5.3359,0.2004
77.400,288.304,4.0253,-9.8177,121.881,3.9156,-9.7134,122.869,0.1465,0.0380,0.1514,0.987,0.9788,3.5434,-0.243,2.9930,-13.2443,123.112,4.092,0.6454,292.830,0.3548,0.0114,0.0218,1.9149,1,3.6786,4.4046,nan,4.7809,4.8507,0.1921,0.0252,1.9893,-0.1500,-0.0906,0.0431,12.8800,0.0800,5.3359,0.2004
77.450,288.602,3.8611,-9.5689,125.051,3.7721,-9.4957,124.146,0.1111,0.0309,0.1153,-0.905,0.9788,3.5434,-0.243,2.8485,-13.0272,124.389,4.237,0.3349,293.141,0.3676,0.0135,0.0254,1.8812,1,3.9422,4.1286,nan,4.8911,4.9938,0.1978,-0.0146,2.1318,-0.1643,-0.0815,-0.0183,13.0797,0.0500,1.2538,0.2004
77.500,288.602,3.8611,-9.5689,125.051,3.7681,-9.4927,123.871,0.1158,0.0323,0.1202,-1.180,1.0376,3.5598,-0.518,2.8485,-13.0272,124.389,4.237,0.3349,293.141,0.3676,0.0135,0.0245,1.8105,1,4.2346,4.5872,nan,4.9530,4.9092,0.1944,-0.0491,2.1631,-0.1759,-0.0620,-0.0799,13.2794,-0.0202,5.3539,0.2004
77.550,288.884,3.6980,-9.3398,125.603,3.5629,-9.2136,125.583,0.1813,0.0363,0.1849,-0.020,1.1500,3.5518,-0.927,2.6192,-12.7246,126.511,4.522,-0.0723,293.443,0.3591,0.0044,0.0430,9.7989,1,4.0237,4.0141,nan,4.9683,4.9907,0.1977,-0.0689,2.1631,-0.1870,-0.0282,-0.1708,13.5789,0.0800,4.3478,0.2004
77.600,289.213,3.5067,-9.0715,125.158,3.4624,-9.0519,123.629,0.0415,0.0250,0.0484,-1.529,1.3376,3.5760,-1.718,2.5024,-12.5586,125.346,4.723,-0.2131,293.788,0.3870,0.0078,0.0198,2.5425,1,3.9875,4.0141,nan,4.9976,4.8286,0.1912,-0.0574,2.1563,-0.2064,-0.0436,-0.2010,13.6788,0.0800,4.3478,0.2004
77.650,289.517,3.3342,-8.8220,123.848,3.2485,-8.6949,121.459,0.1533,0.0004,0.1533,-2.389,1.6261,3.6074,-2.961,2.2556,-12.2021,124.420,4.745,-0.4126,294.095,0.3560,0.0174,0.0287,1.6478,1,4.1597,5.5809,nan,5.0846,4.5840,0.1815,-0.0798,2.1730,-0.2316,0.0141,-0.2383,14.0781,0.0800,0.5504,0.2004
77.700,289.517,3.3342,-8.8220,123.848,3.2485,-8.6949,121.459,0.1533,0.0004,0.1533,-2.389,1.6261,3.6074,-2.961,2.2556,-12.2021,124.420,4.745,-0.4126,294.095,0.3560,0.0174,0.0287,1.6478,1,4.3959,5.0845,nan,5.1354,4.9243,0.1950,-0.0605,2.1834,-0.2633,-0.0008,-0.2300,14.2778,0.0800,-0.5293,0.2004
77.750,289.829,3.1633,-8.5608,122.194,3.0961,-8.4104,119.090,0.1631,-0.0232,0.1647,-3.104,1.6560,3.6016,-3.056,2.0785,-11.9181,122.146,4.697,-0.5686,294.405,0.3474,0.0112,0.0406,3.6247,1,4.3116,4.3336,nan,5.1893,4.8986,0.1940,-0.0605,2.1962,-0.2686,0.0124,-0.2200,14.4775,0.0800,-2.6101,0.2004
77.800,290.153,2.9953,-8.2836,119.936,2.9657,-8.1696,117.344,0.1135,-0.0312,0.1177,-2.592,1.5213,3.5938,-2.465,1.9491,-11.6904,119.809,4.614,-0.4473,294.725,0.3498,0.0101,0.0287,2.8437,1,4.2984,4.3336,nan,5.2460,4.9307,0.1953,-0.0627,2.2099,-0.2703,0.0252,-0.2086,14.6772,0.0800,-2.6101,0.2004
77.850,290.153,2.9953,-8.2836,119.936,2.9657,-8.1696,117.344,0.1135,-0.0312,0.1177,-2.592,1.5213,3.5938,-2.465,1.9491,-11.6904,119.809,4.614,-0.4473,294.725,0.3498,0.0101,0.0287,2.8437,1,4.3660,4.4231,nan,5.3057,5.0430,0.1997,-0.0892,2.2210,-0.2482,0.0826,-0.2008,14.9768,0.0800,2.2906,0.2004
77.900,290.508,2.8224,-7.9728,118.012,2.8219,-7.8991,117.610,0.0653,-0.0341,0.0737,-0.402,1.1245,3.5281,-0.520,1.8009,-11.4114,118.129,4.724,-0.4602,295.091,0.3572,0.0100,0.0115,1.1528,1,4.6450,5.1900,nan,5.4309,5.3748,0.2129,-0.1299,2.2407,-0.1954,0.1481,-0.1859,15.2763,0.0800,0.8480,0.2004
77.950,290.788,2.6938,-7.7241,116.431,2.6818,-7.5990,116.222,0.1174,-0.0449,0.1257,-0.210,1.0879,3.5001,-0.248,1.6420,-11.0921,116.470,4.761,-0.4650,295.376,0.3276,0.0214,0.0319,1.4944,1,4.7938,4.9072,nan,5.5276,5.5583,0.2201,-0.1422,2.2531,-0.1621,0.1601,-0.1768,15.4760,0.0800,0.4015,0.2004
78.000,291.091,2.5636,-7.4508,114.093,2.5444,-7.3095,114.665,0.1369,-0.0401,0.1426,0.573,1.0254,3.4945,0.047,1.5101,-10.8052,114.618,4.856,-0.7852,295.688,0.3204,0.0093,0.0328,3.5106,1,4.8427,4.9072,nan,5.5947,5.6335,0.2231,-0.1560,2.2688,-0.1270,0.1928,-0.1652,15.7755,0.0800,0.4015,0.2004
78.050,291.408,2.4418,-7.1581,110.496,2.4522,-7.0560,112.188,0.0920,-0.0455,0.1026,1.692,0.8846,3.4873,0.808,1.4189,-10.5643,111.380,5.036,-1.0486,296.024,0.3334,0.0142,0.0342,2.4176,1,4.6330,4.6170,nan,5.6625,5.4222,0.2147,-0.1440,2.2776,-0.1021,0.1635,-0.1588,15.9752,0.0800,3.4820,0.2004
78.100,291.408,2.4418,-7.1581,110.496,2.4522,-7.0560,112.188,0.0920,-0.0455,0.1026,1.692,0.8846,3.4873,0.808,1.4189,-10.5643,111.380,5.036,-1.0486,296.024,0.3334,0.0142,0.0342,2.4176,1,4.8855,5.5915,nan,5.7996,5.7170,0.2264,-0.1424,2.2727,-0.0589,0.1423,-0.1439,16.2747,0.0800,3.4754,0.2004
78.150,291.732,2.3382,-6.8514,106.119,2.3236,-6.6597,108.165,0.1882,-0.0392,0.1923,2.046,0.7410,3.4544,1.646,1.2914,-10.1553,106.519,5.213,-1.1764,296.368,0.2865,0.0080,0.0532,6.6654,1,5.0603,5.2101,nan,5.9045,5.9271,0.2347,-0.1374,2.2591,-0.0295,0.1293,-0.1338,16.5743,0.0800,0.2468,0.2004
78.200,292.066,2.2558,-6.5275,101.824,2.2507,-6.3721,103.750,0.1531,-0.0269,0.1555,1.926,0.7400,3.4664,1.660,1.2252,-9.8781,102.090,5.240,-1.1666,296.710,0.3002,0.0107,0.0442,4.1144,1,5.3390,5.7477,nan,5.9382,6.0648,0.2402,-0.1198,2.2537,-0.0198,0.0840,-0.1337,16.6741,0.0508,2.7283,0.2004
78.250,292.379,2.2006,-6.2191,97.876,2.1753,-5.9914,99.457,0.2290,-0.0061,0.2291,1.581,0.6986,3.4482,1.938,1.1566,-9.4842,97.519,5.369,-1.1645,297.039,0.2662,0.0073,0.0595,8.1142,1,5.5332,5.7477,nan,6.0913,6.1651,0.2442,-0.1340,2.2271,0.0358,0.0829,-0.1154,17.1733,0.0285,2.7283,0.2004
78.300,292.785,2.1603,-5.8159,92.941,2.1472,-5.6754,95.167,0.1409,0.0059,0.1411,2.227,0.6986,3.4482,1.938,1.1393,-9.1674,93.229,5.575,-1.1668,297.468,0.2935,0.0428,0.0501,1.1708,1,5.2269,5.1361,nan,6.1074,6.1312,0.2428,-0.1231,2.2190,0.0327,0.0583,-0.1132,17.3730,0.0800,3.3670,0.2004
78.350,292.785,2.1603,-5.8159,92.941,2.1592,-5.6906,94.645,0.1252,-0.0054,0.1253,1.704,0.7939,3.4459,1.416,1.1393,-9.1674,93.229,5.575,-1.1668,297.468,0.2935,0.0078,0.0357,4.5966,1,5.4945,6.1980,nan,6.0379,6.1876,0.2451,-0.1138,2.1953,0.0213,0.0338,-0.1291,17.7724,0.0594,3.4357,0.2004
78.400,293.165,2.1538,-5.4360,88.459,2.1371,-5.2329,91.680,0.2025,0.0222,0.2038,3.222,0.4738,3.3422,3.429,1.1474,-8.6593,88.251,5.750,-1.0991,297.871,0.2163,0.0082,0.0689,8.3602,1,5.7120,5.9703,nan,5.8776,5.8113,0.2302,-0.1137,2.1767,0.0297,0.0151,-0.1388,18.0720,-0.0257,3.4357,0.2004
78.450,293.582,2.1795,-5.0193,83.936,2.1575,-4.8439,87.271,0.1721,0.0404,0.1768,3.335,0.4738,3.3422,3.429,1.1911,-8.2722,83.842,5.842,-1.0370,298.303,0.2107,0.0068,0.0737,10.9025,1,5.6866,5.7439,nan,5.7740,5.7075,0.2260,-0.1304,2.1748,0.0478,0.0315,-0.1433,18.2716,-0.0263,1.6003,0.2004
78.500,293.582,2.1795,-5.0193,83.936,2.1497,-4.8590,88.732,0.1562,0.0466,0.1630,4.795,0.2578,3.2815,4.890,1.1911,-8.2722,83.842,5.842,-1.0370,298.303,0.2107,0.0068,0.0962,14.2350,1,5.8182,5.9715,nan,5.6245,5.5192,0.2186,-0.1278,2.1595,0.0629,0.0537,-0.1549,18.5712,0.0800,1.1974,0.2004
78.550,293.946,2.2279,-4.6583,80.242,2.1942,-4.4757,83.964,0.1742,0.0642,0.1857,3.722,0.4231,3.3170,3.732,1.2601,-7.8915,80.232,5.894,-1.0645,298.678,0.1837,0.0031,0.0969,31.7467,1,5.8898,6.0033,nan,5.4810,5.5924,0.2215,-0.1247,2.1595,0.0468,0.0272,-0.1642,18.8707,0.0800,-3.5026,0.2004
78.600,294.288,2.2953,-4.3231,76.319,2.2683,-4.1279,80.091,0.1833,0.0724,0.1970,3.772,0.4571,3.3086,3.561,1.3458,-7.5347,76.530,5.714,-1.1338,299.009,0.1586,0.0077,0.0797,10.4048,1,5.5915,5.5031,nan,5.3858,5.3089,0.2103,-0.1313,2.1595,0.0335,-0.0016,-0.1723,19.0704,0.0800,-3.9512,0.2004
78.650,294.631,2.3859,-3.9928,72.399,2.3454,-3.8678,76.002,0.1069,0.0764,0.1314,3.603,0.4641,3.2866,3.521,1.4384,-7.2564,72.481,5.542,-1.0962,299.342,0.1812,0.0267,0.0648,2.4252,1,5.4792,5.5031,nan,5.2599,5.2457,0.2078,-0.1204,2.1595,0.0151,-0.0082,-0.1849,19.3699,0.0800,-3.9512,0.2004
78.700,295.026,2.5181,-3.6201,68.023,2.4793,-3.4543,71.172,0.1393,0.0981,0.1703,3.149,0.4641,3.2866,3.521,1.5974,-6.8519,67.651,5.418,-1.0043,299.733,0.1413,0.1557,0.1420,0.9121,1,5.5489,5.6470,nan,5.1626,5.3122,0.2104,-0.1090,2.1595,-0.0091,-0.0065,-0.1962,19.6695,0.0698,-2.1165,0.2004
78.750,295.026,2.5181,-3.6201,68.023,2.4733,-3.4786,70.970,0.1144,0.0945,0.1484,2.947,0.4819,3.2693,3.319,1.5974,-6.8519,67.651,5.418,-1.0043,299.733,0.1413,0.0238,0.0672,2.8165,1,5.2706,5.2054,nan,5.1407,5.0664,0.2007,-0.0934,2.1595,-0.0326,-0.0112,-0.2024,19.8692,0.0800,-3.6703,0.2004
78.800,295.435,2.6839,-3.2462,63.702,2.6045,-3.2316,65.766,-0.0221,0.0777,0.0808,2.064,0.6480,3.2622,1.828,1.7484,-6.5529,63.938,5.240,-0.8884,300.133,0.2008,0.0262,0.0539,2.0540,1,5.4640,5.6537,nan,5.1246,5.2502,0.2079,-0.0811,2.1044,-0.0376,-0.0199,-0.2135,20.0689,0.0586,-3.6703,0.2004
78.850,295.743,2.8264,-2.9734,60.726,2.8063,-2.9080,61.478,0.0472,0.0496,0.0685,0.751,0.7361,3.2571,1.120,1.9493,-6.2043,60.358,5.185,-0.7710,300.439,0.1058,0.0023,0.0322,13.7653,1,5.5460,5.6537,nan,5.2444,5.3507,0.2119,-0.0383,1.9980,-0.0939,-0.0217,-0.2261,20.3684,0.0482,-1.1504,0.2003
78.900,295.743,2.8264,-2.9734,60.726,2.8063,-2.9080,61.478,0.0472,0.0496,0.0685,0.751,0.7361,3.2571,1.120,1.9493,-6.2043,60.358,5.185,-0.7710,300.439,0.1058,0.0023,0.0322,13.7653,1,5.1233,4.6790,nan,5.1444,5.1605,0.2044,-0.0042,1.9664,-0.1390,-0.0376,-0.2279,20.4682,0.0073,-2.7790,0.2003
78.950,296.136,3.0273,-2.6354,57.705,2.9668,-2.6929,57.167,-0.0810,0.0204,0.0835,-0.539,0.8928,3.2847,-0.281,2.1033,-5.9674,57.448,5.079,-0.3154,300.827,0.2134,0.0014,0.0136,9.4774,1,5.1702,5.2440,nan,4.8151,4.6720,0.1850,0.0247,1.8686,-0.1755,0.0090,-0.2313,20.7678,-0.0800,1.5132,0.2003
79.000,296.464,3.2048,-2.3600,56.680,3.1675,-2.4178,56.328,-0.0687,-0.0006,0.0687,-0.352,0.8965,3.2700,-0.304,2.3012,-5.6756,56.632,5.135,-0.0872,301.161,0.1883,0.0119,0.0047,0.3939,1,5.3996,5.6520,nan,4.5922,4.9677,0.1967,0.0385,1.7687,-0.1643,0.0618,-0.1498,21.0673,-0.0800,-1.2665,0.2003
79.050,296.785,3.3817,-2.0920,56.657,3.4034,-2.0719,56.366,0.0287,-0.0071,0.0295,-0.291,0.8537,3.2380,0.053,2.5448,-5.3123,56.313,5.022,0.1792,301.476,0.0722,0.0019,0.0054,2.8668,1,5.5208,5.6520,nan,4.1630,4.0446,0.1602,0.0672,1.7141,-0.1493,0.0931,-0.0584,21.3668,-0.0635,-1.2665,0.2003
79.100,296.785,3.3817,-2.0920,56.657,3.4034,-2.0719,56.366,0.0287,-0.0071,0.0295,-0.291,0.8537,3.2380,0.053,2.5448,-5.3123,56.313,5.022,0.1792,301.476,0.0722,0.0019,0.0054,2.8668,1,5.1428,4.3365,nan,4.1630,4.2609,0.1687,0.0515,1.7141,-0.1314,0.1311,-0.0306,21.4667,0.0800,-5.4882,0.2003
79.150,297.107,3.5576,-1.8220,57.378,3.4863,-1.9232,58.759,-0.1237,0.0055,0.1238,1.380,0.7191,3.1769,1.466,2.6358,-5.1692,57.293,4.760,0.2355,301.780,0.2247,0.0014,0.0282,20.6756,1,4.9154,4.8885,nan,3.9618,4.0625,0.1609,0.0482,1.3790,-0.0926,0.1417,0.0603,21.7662,0.0800,-8.5291,0.2003
79.200,297.353,3.6881,-1.6142,58.763,3.6399,-1.6637,59.817,-0.0673,0.0155,0.0691,1.054,0.6993,3.1620,1.690,2.7970,-4.9104,58.127,4.364,0.4322,301.998,0.1652,0.0003,0.0172,53.0935,1,4.5134,3.9804,nan,3.7701,3.6980,0.1465,-0.0277,1.2221,-0.0356,0.1976,0.0874,21.8661,0.0800,-4.2122,0.2003
79.250,297.620,3.8244,-1.3846,60.009,3.7579,-1.4784,61.678,-0.1144,0.0107,0.1150,1.669,0.7539,3.1832,1.300,2.8974,-4.7286,60.378,4.243,0.3205,302.258,0.2249,0.0120,0.0255,2.1202,1,4.1398,3.9804,nan,3.6785,3.4064,0.1349,-0.0690,1.0333,0.0012,0.1993,0.1474,22.0658,0.0800,-4.2122,0.2003
79.300,297.918,3.9710,-1.1252,60.927,3.8901,-1.2258,62.622,-0.1272,0.0219,0.1291,1.695,0.7539,3.1832,1.300,3.0353,-4.4791,61.321,3.994,-0.1657,302.541,0.2380,0.0059,0.0293,4.9882,1,3.9882,3.9945,nan,3.5025,3.3468,0.1325,-0.0011,1.0333,0.0146,0.1595,0.2088,22.2654,0.0800,-3.5509,0.2003
79.350,297.918,3.9710,-1.1252,60.927,3.9027,-1.2193,61.730,-0.1155,0.0139,0.1163,0.803,0.8356,3.2380,0.408,3.0353,-4.4791,61.321,3.994,-0.1657,302.541,0.2380,0.0059,0.0191,3.2416,1,3.9414,3.9664,nan,3.4190,3.3891,0.1342,0.1424,1.0333,0.0216,0.0603,0.2695,22.4651,0.0800,-5.4521,0.2003
79.400,298.201,4.1102,-0.8778,60.382,4.0476,-0.9612,60.755,-0.1035,0.0132,0.1043,0.374,0.8294,3.2310,0.539,3.1787,-4.2223,60.216,3.658,-0.0057,302.805,0.2279,0.0040,0.0187,4.7256,1,3.6285,3.5600,nan,3.2598,3.1659,0.1254,0.2437,1.0333,0.0280,-0.0073,0.3292,22.6648,0.0800,-5.4521,0.2003
79.450,298.448,4.2320,-0.6636,60.532,4.1628,-0.7562,60.896,-0.1146,0.0147,0.1156,0.364,0.8294,3.2310,0.539,3.2958,-4.0183,60.357,3.423,0.3962,303.039,0.2389,0.0015,0.0380,25.6790,1,3.5441,3.5600,nan,3.1858,3.1213,0.1236,0.3038,1.0333,0.0260,-0.0258,0.3588,22.7647,0.0800,-5.5325,0.2003
79.500,298.448,4.2320,-0.6636,60.532,4.1617,-0.7517,61.371,-0.1113,0.0178,0.1127,0.839,0.7953,3.2076,1.014,3.2958,-4.0183,60.357,3.423,0.3962,303.039,0.2389,0.0015,0.0393,26.5577,1,3.2133,3.1160,nan,3.1166,2.8261,0.1119,0.3127,1.0333,0.0330,-0.0144,0.3899,22.8645,0.0800,-1.9706,0.2003
79.550,298.688,4.3455,-0.4525,63.470,4.2533,-0.5814,62.931,-0.1565,0.0249,0.1585,-0.539,0.8157,3.2333,0.915,3.3763,-3.8690,62.016,3.329,0.8004,303.275,0.3087,0.0041,0.0680,16.7289,1,3.4809,3.6600,nan,3.0067,3.1237,0.1237,0.3534,1.0333,0.0394,-0.0210,0.4539,23.0642,0.0677,-4.7556,0.2003
79.600,298.924,4.4426,-0.2371,69.088,4.3673,-0.3099,67.298,-0.0949,0.0443,0.1047,-1.790,0.8399,3.2541,0.509,3.4956,-3.5952,66.789,3.068,1.5011,303.502,0.2480,0.0085,0.0383,4.5261,1,3.6005,3.6600,nan,3.0144,2.9571,0.1171,0.3308,1.0333,0.0159,-0.1336,0.5562,23.3637,-0.0332,-4.7556,0.2003
79.650,299.106,4.5004,-0.0645,74.215,4.3919,-0.1689,74.518,-0.1300,0.0760,0.1506,0.304,0.8399,3.2541,0.509,3.5214,-3.4544,74.009,2.845,1.3970,303.676,0.2926,0.0145,0.0961,6.6272,1,3.2511,3.1312,nan,3.0144,3.1126,0.1233,0.3633,1.0333,0.0488,-0.0428,0.5937,23.4636,0.0800,-6.2008,0.2003
79.700,299.271,4.5390,0.0960,79.111,4.4382,0.0150,78.663,-0.0985,0.0837,0.1293,-0.448,0.8994,3.3123,-0.266,3.5540,-3.2809,78.928,2.849,1.4874,303.844,0.2863,0.0243,0.0905,3.7290,1,3.0750,3.0669,nan,3.1216,3.1569,0.1250,0.4088,1.0333,0.0376,-0.0487,0.6325,23.5634,0.0205,-2.2812,0.2003
79.750,299.271,4.5390,0.0960,79.111,4.4693,0.0386,78.030,-0.0695,0.0576,0.0903,-1.081,0.9671,3.3748,-0.898,3.5540,-3.2809,78.928,2.849,1.4874,303.844,0.2863,0.0243,0.0571,2.3537,1,2.8774,2.8609,nan,3.1216,3.1974,0.1266,0.4353,1.0333,0.0065,-0.1113,0.7002,23.7631,0.0800,0.3983,0.2003
79.800,299.439,4.5635,0.2619,84.559,4.4989,0.2076,82.390,-0.0602,0.0591,0.0843,-2.169,1.0369,3.4449,-1.926,3.5688,-3.1192,84.316,2.927,1.7222,304.019,0.2958,0.0124,0.0522,4.2061,1,2.8602,2.8806,nan,3.2511,3.2481,0.1286,0.4347,1.1068,-0.0223,-0.0991,0.6724,23.8630,0.0800,0.5707,0.2003
79.850,299.625,4.5711,0.4477,91.334,4.5309,0.4137,88.978,-0.0331,0.0410,0.0527,-2.356,1.0619,3.4696,-2.041,3.5756,-2.9305,91.019,2.974,1.9644,304.214,0.2941,0.0233,0.0281,1.2038,1,2.8579,2.8806,nan,3.3198,3.3915,0.1343,0.3872,1.2907,-0.0391,-0.1377,0.5881,24.0627,0.0415,0.5707,0.2003
79.900,299.840,4.5514,0.6624,99.753,4.5263,0.6326,97.095,-0.0251,0.0297,0.0389,-2.658,1.0588,3.4680,-1.843,3.5569,-2.7223,98.938,3.020,2.0621,304.439,0.2984,0.0212,0.0214,1.0104,1,2.9572,3.0027,nan,3.4663,3.5373,0.1401,0.3499,1.3651,-0.0775,-0.0760,0.5430,24.1625,0.0411,0.1401,0.2003
79.950,300.013,4.5128,0.8312,106.529,4.4707,0.8358,104.497,0.0164,0.0391,0.0424,-2.032,1.0588,3.4680,-1.843,3.4947,-2.5210,106.340,3.055,2.0807,304.620,0.2918,0.0281,0.0189,0.6722,1,3.2015,3.3381,nan,3.7012,3.7076,0.1468,0.2644,1.5305,-0.0885,-0.0515,0.4730,24.3622,0.0037,0.2412,0.2003
80.000,300.177,4.4594,0.9861,111.797,4.4115,0.9956,110.880,0.0266,0.0410,0.0489,-0.917,1.0797,3.4853,-2.192,3.4246,-2.3604,113.072,3.223,1.7617,304.798,0.3009,0.0168,0.0320,1.9098,1,3.2285,3.2594,nan,3.7826,3.7813,0.1498,0.2021,1.6001,-0.0892,-0.0357,0.4034,24.5619,-0.0008,-0.2181,0.2003
80.050,300.177,4.4594,0.9861,111.797,4.4073,1.0152,110.863,0.0464,0.0376,0.0597,-0.933,1.0762,3.5058,-2.209,3.4246,-2.3604,113.072,3.223,1.7617,304.798,0.3009,0.0168,0.0237,1.4133,1,3.2286,3.2547,nan,3.9501,4.0320,0.1597,0.1663,1.6615,-0.1015,-0.0557,0.3333,24.7616,0.0474,1.7353,0.2003
80.100,300.406,4.3648,1.1941,117.061,4.3130,1.2151,116.434,0.0423,0.0366,0.0559,-0.627,1.0662,3.5016,-2.066,3.3272,-2.1679,118.501,3.476,1.0919,305.043,0.3129,0.0116,0.0279,2.4097,1,3.5031,3.6974,nan,4.2066,4.2329,0.1676,0.1404,1.8692,-0.1183,-0.1000,0.2684,24.9613,0.0146,2.9958,0.2003
80.150,300.651,4.2452,1.4085,121.357,4.1657,1.4865,119.723,0.1080,0.0273,0.1114,-1.634,1.0662,3.5016,-2.066,3.1702,-1.9020,121.789,3.650,0.9454,305.301,0.3142,0.0104,0.0037,0.3565,1,3.6335,3.6974,nan,4.3768,4.3912,0.1739,0.0924,1.9708,-0.1337,-0.0901,0.2009,25.1610,0.0077,2.9958,0.2003
80.200,300.651,4.2452,1.4085,121.357,4.1714,1.4835,119.513,0.1024,0.0240,0.1052,-1.844,1.0792,3.5098,-2.275,3.1702,-1.9020,121.789,3.650,0.9454,305.301,0.3142,0.0104,0.0028,0.2744,1,3.4436,3.4355,nan,4.3768,4.5173,0.1789,0.0849,1.8678,-0.1406,-0.0789,0.1710,25.2608,0.0777,3.9658,0.2003
80.250,300.895,4.1120,1.6132,124.699,4.0519,1.6666,123.419,0.0781,0.0190,0.0804,-1.280,1.0677,3.4816,-1.787,3.0393,-1.7211,125.206,3.880,0.5716,305.560,0.3245,0.0107,0.0097,0.9063,1,3.5999,3.6751,nan,4.6053,4.7426,0.1878,0.0722,1.8312,-0.1563,-0.0959,0.1056,25.4605,0.0800,5.4349,0.2003
80.300,301.186,3.9421,1.8484,127.045,3.9033,1.8844,124.825,0.0521,0.0093,0.0529,-2.220,1.0832,3.4971,-2.119,2.8778,-1.5073,126.944,4.150,0.5469,305.868,0.3298,0.0121,0.0122,1.0049,1,3.6383,3.6751,nan,4.3888,4.3383,0.1718,0.0595,1.7057,-0.1703,-0.0732,0.0406,25.6602,-0.0262,5.4349,0.2003
80.350,301.444,3.7834,2.0520,128.977,3.7279,2.1144,127.290,0.0834,0.0039,0.0835,-1.687,1.0762,3.4526,-1.501,2.6859,-1.2684,128.791,4.293,0.5628,306.137,0.3387,0.0129,0.0054,0.4182,1,3.8907,4.4983,nan,4.0775,4.2601,0.1687,0.0529,1.5074,-0.1939,-0.0485,-0.0596,25.9597,-0.0800,3.4298,0.2003
80.401,301.444,3.7834,2.0520,128.977,3.7279,2.1144,127.290,0.0834,0.0039,0.0835,-1.687,1.0762,3.4526,-1.501,2.6859,-1.2684,128.791,4.293,0.5628,306.273,0.3387,0.0129,0.0054,0.4182,1,4.0962,4.8434,nan,3.7468,3.3272,0.1318,-0.0011,1.3595,-0.1870,0.0126,-0.1195,26.1594,0.0800,1.4868,0.2003
80.450,301.718,3.6085,2.2627,130.426,3.5056,2.3851,129.471,0.1599,-0.0011,0.1599,-0.955,1.0760,3.4639,-1.686,2.4603,-1.0069,131.156,4.256,0.3478,306.409,0.3655,0.0130,0.0113,0.8653,1,4.0250,4.0470,nan,3.5163,3.3526,0.1328,0.0055,1.2512,-0.1836,0.0371,-0.1820,26.3591,0.0800,-1.0454,0.2003
80.500,301.967,3.4448,2.4512,131.592,3.4089,2.5058,129.837,0.0647,-0.0094,0.0654,-1.755,1.0910,3.4537,-1.710,2.3451,-0.8783,131.547,4.208,0.3089,306.656,0.3450,0.0125,0.0051,0.4073,1,4.2603,4.4179,nan,3.2841,3.2754,0.1297,-0.0183,1.2512,-0.1700,0.0933,-0.2217,26.5588,-0.0051,-4.6001,0.2003
80.550,302.248,3.2582,2.6606,131.683,3.1968,2.7565,130.904,0.1124,-0.0179,0.1138,-0.778,1.1099,3.4524,-2.001,2.1099,-0.6226,132.905,3.638,0.0231,306.898,0.3699,0.0097,0.0138,1.4193,1,4.3526,4.4179,nan,3.0490,3.0540,0.1209,-0.0197,1.2512,-0.1393,0.1776,-0.2302,26.8583,-0.0800,-4.6001,0.2003
80.600,302.469,3.1107,2.8258,131.740,3.1317,2.8401,129.760,-0.0033,-0.0252,0.0254,-1.981,1.1099,3.4524,-2.001,2.0419,-0.5413,131.760,3.400,-0.0831,307.106,0.3403,0.0183,0.0088,0.4827,1,4.0466,3.2679,nan,2.9345,2.8330,0.1122,0.0310,1.2512,-0.1496,0.1367,-0.2302,26.8583,-0.0588,-5.1604,0.2003
80.650,302.469,3.1107,2.8258,131.740,3.1317,2.8401,129.760,-0.0033,-0.0252,0.0254,-1.981,1.1099,3.4524,-2.001,2.0419,-0.5413,131.760,3.400,-0.0831,307.106,0.3403,0.0183,0.0088,0.4827,1,3.6859,3.5554,nan,2.8226,2.8374,0.1124,0.0646,1.1530,-0.1238,0.1598,-0.0936,27.0580,0.0085,-6.4907,0.2003
80.700,302.658,2.9850,2.9671,131.408,2.9820,3.0079,130.605,0.0326,-0.0247,0.0409,-0.803,1.1050,3.3972,-0.835,1.8825,-0.3618,131.440,3.156,-0.0910,307.283,0.3472,0.0095,0.0019,0.1974,1,3.3197,2.8258,nan,2.8226,2.7561,0.1092,0.0312,1.0384,-0.1010,0.1804,-0.0168,27.1579,0.0800,-4.0471,0.2003
80.750,302.885,2.8340,3.1369,132.019,2.8615,3.1392,131.238,-0.0167,-0.0220,0.0276,-0.781,1.0867,3.3688,0.224,1.7739,-0.2365,131.015,2.881,0.2814,307.497,0.3374,0.0107,0.0055,0.5175,1,2.9647,2.8258,nan,2.8226,2.4167,0.0957,0.0644,0.9274,-0.0790,0.1740,0.0534,27.2577,0.0800,-4.0471,0.2003
80.800,302.885,2.8340,3.1369,132.019,2.8615,3.1392,131.238,-0.0167,-0.0220,0.0276,-0.781,1.0867,3.3688,0.224,1.7739,-0.2365,131.015,2.881,0.2814,307.599,0.3374,0.0107,0.0055,0.5175,1,2.8510,2.8556,nan,2.6107,2.3379,0.0926,-0.0173,0.8918,-0.0259,0.2366,0.1345,27.3575,0.0800,-1.8294,0.2003
80.850,303.098,2.6905,3.2931,133.225,2.7123,3.2920,133.788,-0.0157,-0.0152,0.0219,0.563,1.0833,3.3582,0.579,1.6283,-0.0827,133.209,2.714,0.2679,307.701,0.3406,0.0108,0.0072,0.6594,1,2.7616,2.7704,nan,2.5106,2.3385,0.0926,-0.0057,0.8638,0.0082,0.2149,0.2826,27.5572,0.0800,-6.2784,0.2003
80.900,303.272,2.5698,3.4192,134.064,2.5940,3.4127,134.825,-0.0215,-0.0128,0.0250,0.761,1.0864,3.3542,0.599,1.5081,0.0427,134.226,2.459,-0.0636,307.865,0.3406,0.0156,0.0137,0.8767,1,2.5549,2.5323,nan,2.4136,2.1318,0.0844,-0.0614,0.8000,0.0147,0.2116,0.2826,27.5572,0.0800,-2.8975,0.2002
80.950,303.416,2.4698,3.5229,133.851,2.4957,3.5031,134.736,-0.0322,-0.0050,0.0326,0.885,1.0961,3.3279,0.916,1.4023,0.1528,133.820,2.358,-0.0241,308.004,0.3412,0.0104,0.0133,1.2728,1,2.5175,2.5323,nan,2.2296,2.1940,0.0869,0.1629,0.8000,0.0486,0.1279,0.4357,27.7569,0.0800,-2.8975,0.2002
81.001,303.416,2.4698,3.5229,133.851,2.4957,3.5031,134.736,-0.0322,-0.0050,0.0326,0.885,1.0961,3.3279,0.916,1.4023,0.1528,133.820,2.358,-0.0241,308.084,0.3412,0.0104,0.0133,1.2728,1,2.1989,2.0943,nan,2.3206,2.4130,0.0956,0.1550,0.8000,0.0612,0.1349,0.4357,27.7569,0.0535,-0.9074,0.2002
81.050,303.580,2.3566,3.6407,133.876,2.4153,3.5847,134.671,-0.0811,-0.0035,0.0811,0.796,1.0961,3.3279,0.916,1.3232,0.2357,133.755,2.284,0.2678,308.165,0.3396,0.0101,0.0219,2.1745,1,2.2934,2.3310,nan,2.2296,2.0595,0.0816,0.3117,0.8000,0.0772,0.0582,0.5926,27.9566,0.0800,-2.7010,0.2002
81.100,303.722,2.2563,3.7421,135.825,2.3001,3.6912,135.925,-0.0669,0.0060,0.0672,0.101,1.1009,3.3137,1.050,1.2059,0.3555,134.876,2.221,0.5364,308.305,0.3388,0.0148,0.0167,1.1288,1,2.1739,2.1724,nan,2.1402,1.9401,0.0768,0.2919,0.8000,0.0809,0.0850,0.5926,27.9566,0.0800,3.2813,0.2002
81.150,303.869,2.1493,3.8425,137.856,2.2040,3.7759,138.843,-0.0852,0.0127,0.0862,0.987,1.1009,3.3137,1.050,1.1114,0.4419,137.794,2.319,0.5932,308.455,0.3395,0.0121,0.0275,2.2787,1,2.1576,2.1724,nan,2.0541,1.9987,0.0792,0.4809,0.8000,0.1003,0.0019,0.7566,28.1563,0.0800,3.2813,0.2002
81.200,304.006,2.0452,3.9319,141.328,2.0880,3.8804,140.454,-0.0656,0.0135,0.0670,-0.874,1.0912,3.3349,0.702,1.0034,0.5332,139.752,2.088,1.0393,308.585,0.3409,0.0234,0.0148,0.6331,1,2.2945,2.3459,nan,1.8902,1.9251,0.0762,0.6957,0.8000,0.1009,-0.0437,0.8427,28.2561,0.0202,-6.2507,0.2002
81.250,304.006,2.0452,3.9319,141.328,2.0880,3.8804,140.454,-0.0656,0.0135,0.0670,-0.874,1.0912,3.3349,0.702,1.0034,0.5332,139.752,2.088,1.0393,308.585,0.3409,0.0234,0.0148,0.6331,1,2.3126,2.3339,nan,1.8145,1.7351,0.0687,0.7660,0.8000,0.0961,-0.1346,1.0369,28.4558,-0.0460,-3.6462,0.2002
81.300,304.138,1.9391,4.0097,146.676,1.9490,3.9727,145.524,-0.0286,0.0255,0.0383,-1.152,1.0854,3.3450,-0.225,0.8611,0.6311,145.750,1.926,1.5995,308.715,0.3546,0.0169,0.0215,1.2712,1,1.9543,1.7644,nan,1.8145,1.8806,0.0745,0.7543,0.8000,0.1088,-0.0226,1.0369,28.4558,0.0800,-3.2471,0.2002
81.350,304.256,1.8365,4.0693,153.580,1.8895,4.0020,151.449,-0.0774,0.0367,0.0856,-2.131,1.0797,3.3581,-0.575,0.8033,0.6519,152.024,1.797,2.0376,308.835,0.3485,0.0361,0.0233,0.6450,1,2.0247,2.0520,nan,1.7991,1.9025,0.0753,0.8032,0.8000,0.1059,-0.0456,1.1429,28.5557,0.0598,-4.6415,0.2002
81.400,304.359,1.7423,4.1089,160.777,1.7539,4.0546,160.044,-0.0288,0.0474,0.0555,-0.732,1.0771,3.3618,-0.770,0.6674,0.7019,160.814,1.657,2.0512,308.938,0.3706,0.0166,0.0288,1.7426,1,2.0342,2.0520,nan,1.8068,1.7629,0.0698,0.8632,0.8000,0.0994,-0.1671,1.3987,28.7554,-0.0254,-4.6415,0.2002
81.450,304.465,1.6394,4.1373,168.344,1.6702,4.0692,167.507,-0.0439,0.0605,0.0748,-0.836,1.0771,3.3618,-0.770,0.5835,0.7153,168.277,1.662,2.1028,309.053,0.3674,0.0436,0.0435,0.9983,1,1.7539,1.6802,nan,1.8068,1.8469,0.0731,0.8255,0.8000,0.1062,-0.0680,1.3987,28.7554,0.0232,0.0236,0.2002
81.500,304.465,1.6394,4.1373,168.344,1.6747,4.0725,167.110,-0.0477,0.0563,0.0738,-1.234,1.0767,3.3693,-1.168,0.5835,0.7153,168.277,1.662,2.1028,309.053,0.3674,0.0436,0.0366,0.8405,1,1.8081,1.8318,nan,1.7991,1.8158,0.0719,0.8533,0.8000,0.0968,-0.1091,1.5113,28.8552,0.0097,-2.2287,0.2002
81.550,304.581,1.5243,4.1516,177.502,1.5481,4.0925,175.118,-0.0263,0.0580,0.0637,-2.383,1.0813,3.3799,-1.765,0.4446,0.7267,176.884,1.599,2.1897,309.179,0.3863,0.0383,0.0317,0.8264,1,1.7557,1.7622,nan,1.8597,1.9387,0.0768,0.8314,0.8000,0.0960,-0.1357,1.5094,28.9551,0.0457,-0.2954,0.2002
81.600,304.676,1.4296,4.1495,-175.058,1.4353,4.0873,-175.955,-0.0003,0.0624,0.0624,-0.897,1.0821,3.3900,-2.311,0.3248,0.7110,-173.644,1.611,2.2104,309.284,0.4139,0.0138,0.0356,2.5875,1,1.7493,1.7622,nan,1.9337,2.0693,0.0820,0.8423,0.8000,0.0760,-0.1868,1.5114,29.0549,0.0800,-0.2954,0.2002
81.650,304.791,1.3164,4.1303,-165.727,1.3660,4.0662,-169.707,-0.0322,0.0744,0.0810,-3.980,1.0855,3.3826,-1.974,0.2567,0.6929,-167.733,1.590,2.2554,309.412,0.3812,0.0450,0.0371,0.8256,1,1.5504,1.5185,nan,2.0099,1.9771,0.0783,0.7944,0.8000,0.0716,-0.2529,1.4257,29.1548,0.0800,-1.3817,0.2002
81.700,304.791,1.3164,4.1303,-165.727,1.3660,4.0662,-169.707,-0.0322,0.0744,0.0810,-3.980,1.0855,3.3826,-1.974,0.2567,0.6929,-167.733,1.590,2.2554,309.412,0.3812,0.0450,0.0371,0.8256,1,1.8756,2.2028,nan,2.0895,2.0387,0.0807,0.8320,0.8000,0.0421,-0.2311,1.2804,29.2546,-0.0294,-0.8895,0.2002
81.750,304.879,1.2328,4.1036,-158.614,1.2115,4.0162,-159.120,0.0517,0.0736,0.0900,-0.506,1.1083,3.3911,-1.938,0.0819,0.6282,-157.182,1.710,2.3571,309.517,0.4729,0.0136,0.0512,3.7555,1,1.6471,1.6033,nan,2.1703,2.2926,0.0908,0.7507,0.8000,0.0452,-0.2561,1.1632,29.3545,0.0800,3.0680,0.2002
81.800,305.013,1.1121,4.0436,-148.465,1.1387,3.9803,-150.119,0.0104,0.0679,0.0687,-1.654,1.1096,3.3927,-1.712,0.0116,0.5882,-148.407,1.738,2.3614,309.667,0.4225,0.0128,0.0268,2.0851,1,1.5974,1.6033,nan,2.2520,2.2429,0.0888,0.6930,0.8000,0.0301,-0.1379,1.1632,29.3545,0.0800,3.0680,0.2002
81.850,305.129,1.0187,3.9756,-139.359,1.0165,3.9036,-142.302,0.0485,0.0532,0.0720,-2.943,1.1096,3.3927,-1.712,-0.1083,0.5079,-140.591,1.785,2.2616,309.798,0.4501,0.0390,0.0468,1.2007,1,1.8635,1.9970,nan,2.3353,2.4087,0.0954,0.7163,0.8000,-0.0091,-0.2262,0.9496,29.5541,0.0425,-0.7429,0.2002
81.900,305.129,1.0187,3.9756,-139.359,1.0324,3.9065,-141.796,0.0346,0.0613,0.0704,-2.437,1.1300,3.3965,-1.206,-0.1083,0.5079,-140.591,1.785,2.2616,309.798,0.4501,0.0390,0.0261,0.6696,1,2.1207,2.2462,nan,2.5063,2.4994,0.0990,0.6153,0.8464,-0.0142,-0.1775,0.8607,29.6540,-0.0040,5.0383,0.2002
81.950,305.230,0.9459,3.9055,-132.737,0.9350,3.7962,-131.642,0.0876,0.0661,0.1098,1.095,1.1469,3.4075,-0.808,-0.2174,0.3857,-130.834,1.929,2.1788,309.915,0.5124,0.0160,0.0215,1.3439,1,1.8634,1.8059,nan,2.5063,2.5990,0.1029,0.5898,0.8000,-0.0163,-0.1849,0.7754,29.7538,0.0800,0.8426,0.2002
82.000,305.381,0.8534,3.7867,-122.737,0.8822,3.7226,-125.237,0.0383,0.0589,0.0702,-2.500,1.1452,3.4090,-0.786,-0.2673,0.3100,-124.451,2.097,2.1126,310.090,0.4518,0.0175,0.0366,2.0988,1,1.8006,1.8059,nan,2.5063,2.5361,0.1004,0.4763,0.8000,-0.0166,-0.0691,0.7754,29.7538,0.0800,0.8426,0.2002
82.050,305.522,0.7853,3.6630,-114.765,0.7816,3.5445,-115.545,0.1091,0.0462,0.1185,-0.780,1.1594,3.4204,-0.444,-0.3788,0.1212,-115.101,2.243,2.1298,310.248,0.5287,0.0246,0.0243,0.9856,1,2.0940,2.6276,nan,2.7759,2.8769,0.1139,0.4120,0.9309,-0.0533,-0.0762,0.6202,29.9535,0.0800,3.0222,0.2002
82.100,305.522,0.7853,3.6630,-114.765,0.7816,3.5445,-115.545,0.1091,0.0462,0.1185,-0.780,1.1594,3.4204,-0.444,-0.3788,0.1212,-115.101,2.243,2.1298,310.248,0.5287,0.0246,0.0243,0.9856,1,2.3669,2.5205,nan,2.8692,2.8594,0.1132,0.2452,1.1270,-0.0389,-0.0666,0.4800,30.1532,-0.0057,1.6772,0.2002
82.150,305.676,0.7306,3.5187,-106.523,0.7334,3.3799,-106.357,0.1323,0.0422,0.1389,0.166,1.1611,3.4234,-0.278,-0.4274,-0.0456,-106.079,2.388,1.8396,310.419,0.5412,0.0166,0.0152,0.9141,1,2.3895,2.4123,nan,3.0599,3.1545,0.1249,0.1654,1.1788,-0.0328,-0.0355,0.4113,30.2531,0.0548,5.1804,0.2002
82.200,305.835,0.6933,3.3641,-100.610,0.7130,3.2577,-100.945,0.1009,0.0390,0.1082,-0.335,1.1622,3.4342,-0.761,-0.4468,-0.1825,-100.184,2.627,1.4130,310.593,0.5161,0.0246,0.0174,0.7056,1,2.6868,2.9097,nan,3.2512,3.2433,0.1284,0.1003,1.3729,-0.0332,-0.0163,0.3454,30.3529,-0.0046,3.3151,0.2002
82.250,306.000,0.6685,3.2014,-96.944,0.6826,3.0129,-95.339,0.1854,0.0367,0.1890,1.604,1.1622,3.4342,-0.761,-0.4741,-0.4277,-94.578,2.759,0.8536,310.764,0.5822,0.0217,0.0235,1.0847,1,2.8436,2.9097,nan,3.3443,3.2448,0.1285,0.0461,1.5651,-0.0410,-0.0095,0.2139,30.5526,-0.0576,3.3151,0.2002
82.301,306.200,0.6495,3.0022,-93.994,0.6735,2.9299,-95.446,0.0705,0.0290,0.0762,-1.452,1.1650,3.4353,-1.400,-0.4790,-0.5174,-94.046,2.989,0.7628,310.974,0.4882,0.0228,0.0179,0.7859,1,2.4795,2.2978,nan,3.3443,3.4311,0.1359,0.0986,1.3647,-0.0491,-0.0458,0.2139,30.5526,0.0800,5.4399,0.2002
82.350,306.200,0.6495,3.0022,-93.994,0.6735,2.9299,-95.446,0.0705,0.0290,0.0762,-1.452,1.1650,3.4353,-1.400,-0.4790,-0.5174,-94.046,2.989,0.7628,310.974,0.4882,0.0228,0.0179,0.7859,1,2.6746,3.5668,nan,3.6049,3.6787,0.1457,0.0494,1.6496,-0.0639,-0.0444,0.0173,30.8521,0.0800,1.6427,0.2002
82.400,306.384,0.6389,2.8184,-92.955,0.6501,2.6436,-93.210,0.1739,0.0202,0.1751,-0.255,1.1738,3.4623,-2.238,-0.4913,-0.8385,-90.973,3.141,0.4060,311.165,0.5980,0.0220,0.0107,0.4891,1,2.7551,2.7924,nan,3.6862,3.7592,0.1489,0.0302,1.6993,-0.0607,-0.0242,0.0173,30.8521,0.0800,3.3062,0.2002
82.450,306.600,0.6311,2.6022,-91.074,0.6361,2.4983,-93.517,0.1038,0.0070,0.1040,-2.443,1.1738,3.4623,-2.238,-0.4996,-0.9843,-91.279,3.290,0.4673,311.389,0.5409,0.0220,0.0471,2.1398,1,2.7680,2.7924,nan,3.8416,3.7659,0.1491,0.0633,1.7072,-0.0918,-0.0604,-0.0092,31.0518,0.0800,3.3062,0.2002
82.500,306.600,0.6311,2.6022,-91.074,0.6404,2.5019,-92.797,0.1001,0.0112,0.1007,-1.723,1.1659,3.4726,-1.517,-0.4996,-0.9843,-91.279,3.290,0.4673,311.389,0.5409,0.0220,0.0339,1.5410,1,3.0039,3.1261,nan,3.9883,3.9900,0.1580,0.0253,1.8527,-0.0881,-0.0154,-0.0132,31.2515,0.0800,2.7144,0.2002
82.550,306.878,0.6291,2.3242,-89.805,0.6389,2.2809,-90.237,0.0433,0.0097,0.0444,-0.432,1.1579,3.4977,-1.036,-0.4969,-1.2259,-89.201,3.530,0.3387,311.680,0.5096,0.0210,0.0153,0.7287,1,3.1898,4.1524,nan,4.1940,4.1639,0.1649,0.0107,1.9674,-0.0894,-0.0007,-0.0192,31.4512,0.0800,2.3533,0.2002
82.600,307.137,0.6331,2.0655,-88.453,0.6417,1.8928,-88.865,0.1729,0.0039,0.1729,-0.411,1.1472,3.5037,-0.548,-0.4901,-1.6157,-88.317,3.664,0.1516,311.946,0.6147,0.0205,0.0172,0.8405,1,3.4018,4.1524,nan,4.3229,4.3608,0.1727,-0.0040,2.0981,-0.0879,0.0236,-0.0265,31.7507,0.0800,2.3533,0.2002
82.650,307.137,0.6331,2.0655,-88.453,0.6417,1.8928,-88.865,0.1729,0.0039,0.1729,-0.411,1.1472,3.5037,-0.548,-0.4901,-1.6157,-88.317,3.664,0.1516,311.946,0.6147,0.0205,0.0172,0.8405,1,3.4619,3.5019,nan,4.3851,4.4192,0.1750,-0.0113,2.1352,-0.0775,0.0304,-0.0302,31.8506,0.0800,3.6179,0.2002
82.700,307.404,0.6417,1.7987,-87.927,0.6542,1.6782,-88.065,0.1208,0.0081,0.1211,-0.137,1.1422,3.5045,-0.268,-0.4794,-1.8285,-87.797,3.856,-0.0081,312.225,0.5683,0.0193,0.0051,0.2654,1,3.6263,3.7029,nan,4.5637,4.5846,0.1816,-0.0155,2.2377,-0.0664,0.0339,-0.0294,32.0503,0.0800,5.5895,0.2002
82.750,307.697,0.6523,1.5062,-88.023,0.6662,1.4488,-87.737,0.0579,0.0119,0.0591,0.286,1.1283,3.5158,0.218,-0.4700,-2.0652,-87.955,4.119,-0.0482,312.534,0.5239,0.0176,0.0027,0.1527,1,3.8903,4.4442,nan,4.6767,4.8117,0.1906,-0.0188,2.4047,-0.0593,0.0387,-0.0269,32.2500,0.0695,5.5895,0.2002
82.800,307.973,0.6613,1.2297,-88.311,0.6836,0.9674,-88.015,0.2629,0.0145,0.2633,0.296,1.1283,3.5158,0.218,-0.4544,-2.5467,-88.233,4.262,-0.0982,312.821,0.6940,0.0157,0.0043,0.2723,1,4.0648,5.1783,nan,4.9978,5.0251,0.1990,-0.0268,2.4794,-0.0362,0.0505,-0.0214,32.6493,0.0800,2.7251,0.2002
82.850,307.973,0.6613,1.2297,-88.311,0.6778,0.9914,-89.875,0.2387,0.0094,0.2389,-1.564,1.2049,3.5240,-1.641,-0.4544,-2.5467,-88.233,4.262,-0.0982,312.821,0.6940,0.0157,0.0206,1.3106,1,3.8168,3.7884,nan,4.9286,4.7573,0.1884,-0.0041,2.3659,-0.0490,0.0096,-0.0214,32.6493,0.0800,3.0151,0.2002
82.900,308.326,0.6706,0.8771,-88.825,0.6804,0.8176,-90.121,0.0597,0.0086,0.0603,-1.297,1.1975,3.5326,-1.382,-0.4515,-2.7266,-88.739,4.461,-0.1838,313.188,0.5496,0.0145,0.0231,1.5919,1,3.7655,3.7884,nan,5.0656,4.6918,0.1858,-0.0031,2.3341,-0.0472,0.0089,-0.0191,32.8490,0.0800,3.0151,0.2002
82.950,308.611,0.6750,0.5924,-89.468,0.6851,0.4281,-90.630,0.1644,0.0086,0.1646,-1.161,1.1915,3.5535,-1.092,-0.4467,-3.1345,-89.537,4.674,-0.0644,313.489,0.6533,0.0126,0.0215,1.7082,1,3.9422,4.8491,nan,5.2605,5.0987,0.2019,-0.0008,2.4500,-0.0401,0.0029,-0.0182,33.1486,0.0800,5.2688,0.2002
83.001,308.923,0.6777,0.2800,-89.583,0.6804,0.1755,-90.793,0.1045,0.0019,0.1045,-1.210,1.1915,3.5535,-1.092,-0.4466,-3.3871,-89.701,4.658,-0.0212,313.802,0.6033,0.0132,0.0274,2.0860,1,4.2174,4.4538,nan,5.4445,5.3813,0.2131,-0.0081,2.4866,-0.0276,0.0152,-0.0158,33.3483,0.0800,-0.4732,0.2002
83.050,308.923,0.6777,0.2800,-89.583,0.6846,0.1541,-89.967,0.1259,0.0060,0.1261,-0.384,1.1469,3.5391,-0.266,-0.4466,-3.3871,-89.701,4.658,-0.0212,313.802,0.6033,0.0125,0.0149,1.1887,1,4.5043,4.9805,nan,5.6732,5.6706,0.2246,-0.0204,2.4902,-0.0097,0.0367,-0.0112,33.6478,0.0800,3.2904,0.2002
83.100,309.232,0.6798,-0.0292,-89.631,0.6900,-0.2426,-89.446,0.2134,0.0088,0.2136,0.185,1.1196,3.5208,0.220,-0.4441,-3.7617,-89.666,4.847,-0.0480,314.126,0.6592,0.0125,0.0013,0.1069,1,4.7048,4.8548,nan,5.8341,5.8672,0.2324,-0.0217,2.4943,0.0003,0.0395,-0.0131,33.9473,0.0800,3.2904,0.2002
83.150,309.616,0.6816,-0.4130,-89.938,0.6924,-0.5416,-89.328,0.1287,0.0107,0.1291,0.609,1.1004,3.5258,0.489,-0.4427,-4.0638,-89.818,5.109,-0.1531,314.532,0.5896,0.0128,0.0042,0.3294,1,4.6857,4.7261,nan,5.9368,5.8338,0.2310,-0.0278,2.4945,0.0184,0.0465,-0.0107,34.1470,0.0800,4.5317,0.2002
83.201,309.616,0.6816,-0.4130,-89.938,0.6924,-0.5416,-89.328,0.1287,0.0107,0.1291,0.609,1.1004,3.5258,0.489,-0.4427,-4.0638,-89.818,5.109,-0.1531,314.698,0.5896,0.0128,0.0042,0.3294,1,4.8480,6.0182,nan,6.1322,5.9835,0.2370,-0.0254,2.4923,0.0351,0.0395,-0.0101,34.5464,0.0800,4.6083,0.2002
83.250,309.930,0.6807,-0.7264,-90.490,0.6983,-1.0124,-89.531,0.2858,0.0200,0.2865,0.959,1.0662,3.5343,0.976,-0.4453,-4.5398,-90.506,5.314,-0.1946,314.864,0.7317,0.0126,0.0105,0.8325,1,5.0040,5.1333,nan,6.2706,6.1335,0.2429,-0.0212,2.4919,0.0420,0.0302,-0.0062,34.8459,0.0800,3.7141,0.2002
83.300,310.265,0.6759,-1.0620,-91.308,0.6972,-1.2824,-89.908,0.2199,0.0263,0.2214,1.400,1.0408,3.5217,1.264,-0.4496,-4.7954,-91.172,5.489,-0.2370,315.216,0.6607,0.0142,0.0153,1.0780,1,5.2835,5.7746,nan,6.4026,6.4173,0.2542,-0.0200,2.4919,0.0567,0.0243,-0.0016,35.1455,0.0800,1.9741,0.2002
83.350,310.611,0.6660,-1.4076,-92.082,0.6902,-1.7176,-90.750,0.3089,0.0354,0.3109,1.332,1.0215,3.5122,1.466,-0.4650,-5.2196,-92.216,5.648,-0.2031,315.579,0.7327,0.0128,0.0204,1.5980,1,5.5112,5.7746,nan,6.5693,6.6454,0.2632,-0.0175,2.4919,0.0658,0.0175,0.0010,35.4450,0.0800,1.9741,0.2002
83.400,310.978,0.6508,-1.7743,-92.777,0.6817,-2.0671,-91.413,0.2910,0.0450,0.2945,1.364,1.0215,3.5122,1.466,-0.4824,-5.5688,-92.879,5.800,-0.1875,315.962,0.7181,0.0149,0.0223,1.4964,1,5.4159,5.4452,nan,6.6489,6.5306,0.2586,-0.0153,2.4919,0.0698,0.0148,0.0031,35.6447,0.0800,3.1173,0.2002
83.450,310.978,0.6508,-1.7743,-92.777,0.6810,-2.0189,-91.066,0.2429,0.0420,0.2465,1.712,0.9869,3.5623,1.814,-0.4824,-5.5688,-92.879,5.800,-0.1875,315.962,0.7181,0.0149,0.0259,1.7376,1,5.5301,5.6557,nan,6.7638,6.6365,0.2628,-0.0149,2.4919,0.0722,0.0127,0.0056,35.9442,0.0800,1.6661,0.2002
83.500,311.463,0.6246,-2.2585,-93.493,0.6585,-2.4829,-92.711,0.2219,0.0475,0.2269,0.782,1.0690,3.5708,0.954,-0.5112,-6.0460,-93.665,6.129,-0.1423,316.483,0.7131,0.0180,0.0145,0.8053,1,5.5718,5.6557,nan,6.8740,6.6642,0.2639,-0.0091,2.4919,0.0743,0.0014,0.0036,36.2438,0.0800,1.6661,0.2002
83.550,311.463,0.6246,-2.2585,-93.493,0.6585,-2.4829,-92.711,0.2219,0.0475,0.2269,0.782,1.0690,3.5708,0.954,-0.5112,-6.0460,-93.665,6.129,-0.1423,316.736,0.7131,0.0180,0.0145,0.8053,1,5.8412,6.3390,nan,7.0138,6.9324,0.2746,0.0048,2.4919,0.0551,-0.0185,0.0093,36.6431,0.0800,2.1328,0.2002
83.601,311.952,0.5923,-2.7469,-94.115,0.6340,-2.9570,-93.064,0.2066,0.0567,0.2142,1.051,1.0646,3.6053,1.015,-0.5468,-6.5537,-94.079,6.257,-0.0922,316.989,0.7318,0.0130,0.0337,2.5983,1,6.0685,7.0492,nan,7.1466,7.1606,0.2836,0.0095,2.4919,0.0462,-0.0244,0.0109,36.9427,0.0800,2.0095,0.2002
83.650,312.331,0.5643,-3.1244,-94.418,0.6087,-3.4491,-92.572,0.3203,0.0693,0.3277,1.846,0.9624,3.6440,1.899,-0.5886,-7.0775,-94.471,6.351,-0.0276,317.381,0.8696,0.0131,0.0436,3.3203,1,5.8732,5.8620,nan,7.2417,6.9286,0.2744,0.0135,2.4956,0.0369,-0.0305,0.0084,37.3420,0.0800,3.2592,0.2002
83.700,312.796,0.5290,-3.5878,-94.214,0.5918,-3.7993,-92.636,0.2063,0.0782,0.2206,1.578,0.9624,3.6440,1.899,-0.6171,-7.4270,-94.535,6.543,0.0846,317.870,0.7637,0.0130,0.0575,4.4346,1,5.8148,5.8620,nan,7.2726,6.8616,0.2717,0.0045,2.4956,0.0465,-0.0154,0.0121,37.4419,0.0800,3.2592,0.2002
83.750,312.796,0.5290,-3.5878,-94.214,0.5710,-3.7762,-92.898,0.1848,0.0557,0.1930,1.316,0.9756,3.6654,1.637,-0.6171,-7.4270,-94.535,6.543,0.0846,317.870,0.7637,0.0130,0.0393,3.0335,1,6.0830,6.6551,nan,7.4214,7.1316,0.2824,0.0054,2.4956,0.0228,-0.0091,0.0078,37.8413,0.0800,3.6149,0.2002
83.800,313.301,0.4933,-4.0924,-93.792,0.5378,-4.2345,-92.784,0.1389,0.0538,0.1489,1.008,1.0398,3.7273,1.088,-0.6531,-7.9509,-93.872,6.725,0.0587,318.400,0.7811,0.0129,0.0373,2.8929,1,6.2389,7.5679,nan,7.5340,7.2820,0.2884,0.0058,2.4956,0.0189,-0.0092,0.0085,38.2407,0.0800,-0.6730,0.2002
83.850,313.751,0.4641,-4.5408,-93.626,0.5182,-4.7555,-91.908,0.2108,0.0676,0.2214,1.718,0.9591,3.7609,1.667,-0.6885,-8.5000,-93.575,6.692,0.0431,318.853,0.8750,0.0129,0.0598,4.6313,1,6.4481,7.5679,nan,7.5782,7.4891,0.2966,0.0153,2.4996,-0.0078,-0.0194,0.0049,38.6400,0.0800,-0.6730,0.2002
83.900,314.203,0.4361,-4.9917,-93.408,0.5051,-5.1715,-91.800,0.1753,0.0796,0.1925,1.608,0.9591,3.7609,1.667,-0.7137,-8.9154,-93.467,6.798,0.1281,319.322,0.8415,0.0129,0.0682,5.2887,1,6.6675,7.0465,nan,7.5782,7.7136,0.3055,0.0100,2.4998,-0.0025,-0.0115,0.0060,38.9396,0.0800,-0.3696,0.2002
83.950,314.203,0.4361,-4.9917,-93.408,0.4934,-5.1411,-92.234,0.1457,0.0661,0.1600,1.174,1.0151,3.7876,1.233,-0.7137,-8.9154,-93.467,6.798,0.1281,319.322,0.8415,0.0129,0.0497,3.8517,1,6.8925,7.3103,nan,7.5782,7.7474,0.3068,0.0123,2.4998,-0.0201,-0.0099,0.0060,39.2391,0.0533,3.9212,0.2002
84.000,314.652,0.4111,-5.4400,-92.839,0.4659,-5.6752,-91.276,0.2322,0.0664,0.2415,1.564,0.9440,3.8018,1.600,-0.7425,-9.4600,-92.876,7.005,0.1224,319.799,0.9314,0.0127,0.0599,4.7180,1,6.6456,6.5953,nan,7.5782,7.1772,0.2842,0.0096,2.4998,-0.0190,-0.0054,0.0098,39.5386,0.0800,3.7128,0.2002
84.050,315.128,0.3890,-5.9159,-92.408,0.4431,-5.9536,-90.937,0.0354,0.0556,0.0659,1.471,0.9384,3.8344,1.515,-0.7539,-9.7715,-92.452,7.194,0.1107,320.303,0.7770,0.0125,0.0547,4.3587,1,6.7818,9.1380,nan,7.5782,7.3243,0.2901,0.0060,2.5015,-0.0258,0.0045,0.0078,39.8382,0.0800,2.0979,0.2002
84.100,315.520,0.3736,-6.3073,-91.994,0.4342,-6.6190,-90.091,0.3094,0.0714,0.3175,1.903,0.8635,3.8872,1.917,-0.7804,-10.4860,-92.008,7.298,0.1289,320.711,1.0800,0.0119,0.0742,6.2463,1,6.9156,9.1380,nan,7.5782,7.4688,0.2958,0.0088,2.5032,-0.0449,0.0050,0.0075,40.5371,0.0800,2.0979,0.2002
84.150,316.017,0.3577,-6.8049,-91.551,0.4379,-6.8986,-89.574,0.0915,0.0827,0.1234,1.977,0.8635,3.8872,1.917,-0.7861,-10.7656,-91.490,7.165,0.1022,321.201,0.8729,0.0125,0.0913,7.2753,1,6.6300,6.5416,nan,7.5782,7.1604,0.2836,0.0002,2.5032,-0.0371,0.0198,0.0075,40.5371,0.0800,-1.3801,0.2002
84.200,316.017,0.3577,-6.8049,-91.551,0.4043,-6.8370,-90.919,0.0308,0.0475,0.0566,0.632,1.0830,3.9359,0.571,-0.7861,-10.7656,-91.490,7.165,0.1022,321.201,0.8729,0.0125,0.0391,3.1173,1,6.8419,7.2102,nan,7.5782,7.3893,0.2926,0.0192,2.4961,-0.0782,-0.0026,0.0055,40.9365,0.0800,0.4995,0.2002
84.250,316.527,0.3453,-7.3143,-91.191,0.3886,-7.2917,-89.760,-0.0235,0.0429,0.0489,1.431,0.9093,4.0130,1.402,-0.7971,-11.2886,-91.162,7.164,0.0120,321.718,0.8849,0.0117,0.0474,4.0403,1,7.0963,7.8167,nan,7.5782,7.6640,0.3035,0.0207,2.4899,-0.0796,-0.0064,0.0013,41.3359,0.0800,-1.9034,0.2002
84.300,316.940,0.3367,-7.7270,-91.193,0.3926,-7.9045,-89.738,0.1763,0.0595,0.1861,1.454,0.9093,4.0130,1.402,-0.8082,-11.9013,-91.140,7.075,0.0103,322.128,1.0729,0.0113,0.0635,5.6074,1,7.3244,7.8167,nan,7.5782,7.7710,0.3078,0.0147,2.4822,-0.0783,0.0071,0.0045,41.7352,0.0610,-1.9034,0.2002
84.350,317.458,0.3287,-8.2449,-90.375,0.3905,-8.0135,-89.330,-0.2318,0.0603,0.2395,1.045,0.8170,4.0723,1.828,-0.8118,-12.0661,-91.158,7.108,0.2031,322.658,0.7452,0.0132,0.0657,4.9837,1,6.9719,5.5988,nan,7.5782,7.5297,0.2982,0.0118,2.4822,-0.0785,0.0140,0.0045,41.7352,0.0800,-1.2194,0.2002
84.400,317.458,0.3287,-8.2449,-90.375,0.3700,-7.9939,-90.027,-0.2513,0.0397,0.2544,0.348,0.9435,4.0859,1.131,-0.8118,-12.0661,-91.158,7.108,0.2031,322.658,0.7452,0.0132,0.0378,2.8713,1,7.1036,8.9963,nan,7.2547,7.3695,0.2919,0.0054,2.4700,-0.0788,0.0315,0.0023,42.3343,0.0374,0.3383,0.2002
84.450,317.861,0.3275,-8.6476,-89.839,0.3817,-8.6349,-87.701,-0.0125,0.0542,0.0557,2.138,0.7507,4.2004,1.964,-0.8086,-12.8152,-89.665,7.255,0.1555,323.083,1.0637,0.0110,0.0671,6.0811,1,6.9631,6.9878,nan,7.1626,7.3141,0.2897,-0.0040,2.4695,-0.0709,0.0486,0.0043,42.5340,0.0504,0.3528,0.2002
84.500,318.390,0.3312,-9.1775,-89.290,0.3718,-9.0759,-87.943,-0.1011,0.0418,0.1094,1.347,0.8996,4.1776,1.196,-0.8043,-13.2396,-89.139,7.251,0.0717,323.620,0.9641,0.0106,0.0467,4.4072,1,6.9148,6.9878,nan,6.7906,6.6962,0.2652,-0.0087,2.4614,-0.0529,0.0552,0.0058,42.8335,-0.0316,0.3528,0.2002
84.550,318.390,0.3312,-9.1775,-89.290,0.3718,-9.0759,-87.943,-0.1011,0.0418,0.1094,1.347,0.8996,4.1776,1.196,-0.8043,-13.2396,-89.139,7.251,0.0717,323.620,0.9641,0.0106,0.0467,4.4072,1,6.8384,6.8954,nan,6.5068,6.0885,0.2411,0.0072,2.4537,-0.0744,0.0361,0.0082,0.0000,0.0800,-1.0740,0.2002
84.600,318.968,0.3394,-9.7546,-89.050,0.3701,-9.5347,-88.722,-0.2194,0.0344,0.2220,0.328,1.0992,4.1869,0.276,-0.7952,-13.7179,-88.998,7.158,-0.0471,324.196,0.8717,0.0094,0.0302,3.1929,1,7.0851,8.1138,nan,5.9230,5.9524,0.2357,0.0139,2.4468,-0.0601,0.0249,0.0157,0.3994,0.0116,-5.9423,0.2002
84.650,319.443,0.3462,-10.2298,-89.377,0.3742,-10.1493,-88.925,-0.0802,0.0289,0.0852,0.452,1.0812,4.2146,0.310,-0.7847,-14.3599,-89.235,6.817,0.0383,324.642,1.0265,0.0080,0.0205,2.5419,1,7.3328,8.1138,nan,5.5179,5.6414,0.2234,0.0350,2.4406,-0.0898,0.0005,0.0189,0.7988,-0.0800,-5.9423,0.2002
84.700,319.852,0.3513,-10.6388,-89.124,0.3774,-10.4541,-88.929,-0.1843,0.0289,0.1866,0.196,1.0812,4.2146,0.310,-0.7831,-14.6646,-89.238,6.414,0.1023,325.016,0.9297,0.0074,0.0184,2.4905,1,6.9174,6.5580,nan,5.5179,5.3671,0.2126,0.0361,2.4369,-0.0998,0.0022,0.0205,0.9984,-0.0611,-8.3664,0.2002
84.750,319.852,0.3513,-10.6388,-89.124,0.3646,-10.4230,-88.980,-0.2155,0.0166,0.2162,0.145,1.0815,4.2450,0.259,-0.7831,-14.6646,-89.238,6.414,0.1023,325.016,0.9297,0.0074,0.0168,2.2785,1,6.4779,5.9363,nan,5.3093,5.3338,0.2112,0.0367,2.4314,-0.1082,0.0075,0.0206,1.1982,0.0108,-5.9151,0.2002
84.800,320.289,0.3596,-11.0757,-88.532,0.3587,-10.8076,-88.679,-0.2681,0.0059,0.2681,-0.147,1.1366,4.2814,-0.014,-0.7743,-15.0891,-88.664,6.062,0.3004,325.424,0.9180,0.0040,0.0192,4.7671,1,6.0520,5.2441,nan,5.0957,5.2392,0.2075,0.0280,2.4311,-0.0992,0.0247,0.0262,1.3978,0.0800,-8.4411,0.2002
84.850,320.758,0.3768,-11.5446,-87.021,0.3738,-11.1432,-87.043,-0.4010,0.0179,0.4014,-0.022,1.0460,4.2463,0.327,-0.7601,-15.3854,-87.370,5.582,0.3215,325.856,0.7611,0.0068,0.0260,3.8239,1,5.6350,5.2441,nan,4.9869,4.7888,0.1897,0.0289,2.4254,-0.1098,0.0299,0.0279,1.5975,0.0800,-8.4411,0.2002
84.900,321.060,0.3945,-11.8460,-86.027,0.3988,-11.5186,-86.363,-0.3263,0.0270,0.3275,-0.336,1.2322,4.2980,-0.381,-0.7283,-15.8217,-85.982,5.403,0.2859,326.145,0.8788,0.0062,0.0165,2.6653,1,5.9016,6.3878,nan,4.4175,4.3247,0.1713,0.0213,1.9555,-0.0846,0.0446,0.0315,2.0967,-0.0800,-4.2563,0.2002
84.950,321.060,0.3945,-11.8460,-86.027,0.3988,-11.5186,-86.363,-0.3263,0.0270,0.3275,-0.336,1.2322,4.2980,-0.381,-0.7283,-15.8217,-85.982,5.403,0.2859,326.145,0.8788,0.0062,0.0165,2.6653,1,5.4902,5.1628,nan,4.3199,4.3433,0.1720,0.0253,1.8666,-0.0838,0.0408,0.0333,2.1966,0.0126,-6.2412,0.2002
85.000,321.392,0.4197,-12.1774,-85.186,0.4192,-11.8941,-86.419,-0.2824,0.0233,0.2833,-1.232,1.5748,4.2169,-1.621,-0.6992,-16.1372,-84.797,4.990,0.1705,326.447,0.8626,0.0033,0.0303,9.1817,1,5.1867,4.0350,nan,4.3199,4.3057,0.1705,0.0295,1.7839,-0.0778,0.0365,0.0343,2.2964,0.0800,-8.6063,0.1926
85.050,321.733,0.4499,-12.5169,-84.538,0.4358,-12.0923,-85.854,-0.4240,0.0264,0.4248,-1.316,1.4997,4.2187,-1.349,-0.6796,-16.3316,-84.505,4.539,0.1733,326.757,0.7344,0.0029,0.0566,19.8319,1,4.8274,4.0350,nan,4.1904,3.9918,0.1581,0.0556,1.6407,-0.0903,0.0163,0.0380,2.4961,0.0800,-8.6063,0.1926
85.102,322.048,0.4816,-12.8303,-83.717,0.4633,-12.4281,-85.201,-0.4018,0.0258,0.4026,-1.484,1.4997,4.2187,-1.349,-0.6442,-16.6667,-83.852,4.304,0.3668,327.058,0.7522,0.0345,0.0095,0.2757,1,4.5307,4.4626,nan,3.9805,3.7042,0.1467,0.0561,1.4295,-0.0811,0.0178,0.0423,2.7957,0.0800,-3.7219,0.1926
85.150,322.048,0.4816,-12.8303,-83.717,0.4685,-12.5030,-84.109,-0.3267,0.0228,0.3275,-0.392,1.1876,4.1606,-0.257,-0.6442,-16.6667,-83.852,4.304,0.3668,327.058,0.7522,0.0008,0.0454,54.5518,1,4.3659,4.3683,nan,3.7625,3.7731,0.1494,0.0274,1.2203,-0.0644,0.0521,0.0427,3.0952,0.0800,-5.4805,0.1926
85.200,322.339,0.5167,-13.1195,-82.262,0.5054,-12.7939,-82.925,-0.3242,0.0326,0.3258,-0.663,1.2945,4.1479,-0.616,-0.6069,-16.9493,-82.308,4.019,0.3483,327.332,0.7454,0.0085,0.0276,3.2671,1,4.1293,4.1081,nan,3.5346,3.5508,0.1406,0.0150,1.2084,-0.0524,0.0606,0.0443,3.2949,0.0800,-5.5095,0.1926
85.250,322.577,0.5508,-13.3546,-81.125,0.5429,-13.0620,-81.199,-0.2903,0.0374,0.2927,-0.074,1.1782,4.1287,-0.228,-0.5668,-17.1931,-80.971,3.800,0.1883,327.557,0.7506,0.0044,0.0343,7.7380,1,4.0820,4.1081,nan,3.4165,3.5105,0.1390,0.0146,1.2077,-0.0383,0.0677,0.0485,3.3947,0.0800,-5.5095,0.1926
85.300,322.814,0.5885,-13.5886,-80.568,0.5714,-13.2259,-80.710,-0.3606,0.0425,0.3631,-0.143,1.1782,4.1287,-0.228,-0.5377,-17.3569,-80.482,3.707,0.0926,327.788,0.6917,0.0072,0.0407,5.6205,1,3.6925,3.4831,nan,3.1707,3.1350,0.1242,0.0136,1.1149,-0.0306,0.0629,0.0521,3.5944,0.0800,-1.6076,0.1926
85.350,322.814,0.5885,-13.5886,-80.568,0.5695,-13.2573,-80.930,-0.3299,0.0355,0.3318,-0.363,1.2428,4.0949,-0.448,-0.5377,-17.3569,-80.482,3.707,0.0926,327.788,0.6917,0.0072,0.0350,4.8378,1,3.8394,3.9126,nan,2.9228,2.8829,0.1142,0.1019,1.1593,-0.0275,0.0478,0.0522,3.7941,-0.0231,-3.9659,0.1926
85.400,323.024,0.6235,-13.7958,-80.299,0.6107,-13.4289,-80.079,-0.3638,0.0492,0.3671,0.220,1.0634,4.2216,0.120,-0.4896,-17.6495,-80.199,3.548,0.0790,327.990,0.7626,0.0030,0.0587,19.5192,1,3.4959,2.9238,nan,2.9228,2.9585,0.1172,0.0989,1.0555,-0.0243,0.0445,0.0520,3.8939,0.0800,-6.6995,0.1926
85.450,323.263,0.6643,-14.0307,-80.002,0.6385,-13.5767,-79.415,-0.4515,0.0534,0.4547,0.587,0.9268,4.1998,0.581,-0.4686,-17.7727,-79.997,3.218,0.1134,328.211,0.6719,0.0104,0.0683,6.5845,1,3.1179,2.9238,nan,2.8030,2.5804,0.1022,0.0419,0.9419,-0.0049,0.0584,0.0520,3.8939,0.0800,-6.6995,0.1926
85.500,323.488,0.7064,-14.2518,-78.291,0.6830,-13.8079,-79.007,-0.4394,0.0671,0.4445,-0.716,0.9268,4.1998,0.581,-0.4265,-18.0044,-79.588,2.871,0.1884,328.419,0.6811,0.0108,0.0786,7.2927,1,3.2471,3.3063,nan,2.5733,2.6850,0.1063,0.1313,0.9804,0.0131,0.0556,0.0799,4.1935,0.0647,-6.5717,0.1926
85.550,323.488,0.7064,-14.2518,-78.291,0.6826,-13.7448,-78.835,-0.5013,0.0796,0.5075,-0.544,0.8723,4.2636,0.754,-0.4265,-18.0044,-79.588,2.871,0.1884,328.419,0.6811,0.0108,0.0870,8.0688,1,3.2594,3.2878,nan,2.4641,2.4559,0.0973,0.1159,0.9841,0.0462,0.0818,0.1601,4.2933,-0.0047,-6.1860,0.1926
85.600,323.636,0.7373,-14.3969,-77.731,0.7351,-13.9198,-76.711,-0.4667,0.0992,0.4771,1.020,0.8462,4.3105,0.823,-0.3732,-18.2268,-77.534,2.659,0.1810,328.558,0.7399,0.0061,0.1047,17.1566,1,2.9892,2.0071,nan,2.5733,2.5246,0.1000,0.1131,0.9026,0.0497,0.0872,0.1601,4.2933,0.0800,-1.6413,0.1926
85.650,323.829,0.7812,-14.5848,-75.635,0.7462,-13.9610,-76.216,-0.6130,0.1209,0.6248,-0.581,0.8462,4.3105,0.823,-0.3626,-18.2681,-77.039,2.632,0.5368,328.750,0.6275,0.0074,0.1795,24.3286,1,2.6851,2.0071,nan,2.4641,2.2205,0.0879,0.0429,0.8107,0.0616,0.0974,0.1601,4.2933,0.0800,-1.6413,0.1926
85.700,323.999,0.8258,-14.7487,-73.976,0.8161,-14.2024,-72.740,-0.5277,0.1414,0.5463,1.237,0.8462,4.3105,0.823,-0.2962,-18.5106,-73.563,2.438,0.1776,328.912,0.6841,0.0089,0.1459,16.3531,1,2.8173,2.8726,nan,2.2565,2.3542,0.0932,0.1689,0.8506,0.0923,0.1204,0.3414,4.4930,0.0566,-0.1843,0.1926
85.750,323.999,0.8258,-14.7487,-73.976,0.8155,-14.2376,-72.920,-0.4941,0.1312,0.5112,1.057,0.9039,4.2751,0.644,-0.2962,-18.5106,-73.563,2.438,0.1776,328.912,0.6841,0.0089,0.1363,15.2794,1,2.5071,2.4187,nan,2.2565,2.2327,0.0884,0.3342,0.8000,0.0888,0.0179,0.5194,4.6927,0.0800,-5.0879,0.1926
85.800,324.166,0.8730,-14.9091,-73.263,0.8524,-14.4050,-73.516,-0.4886,0.1254,0.5045,-0.253,1.1768,4.2248,-0.203,-0.2585,-18.6309,-73.313,2.270,0.3746,329.072,0.6537,0.0099,0.1633,16.4467,1,2.4571,2.4696,nan,2.0625,2.1804,0.0864,0.4645,0.8000,0.0923,-0.0135,0.6127,4.7926,0.0683,0.4779,0.1926
85.850,324.308,0.9159,-15.0439,-71.158,0.9086,-14.6549,-72.045,-0.3705,0.1187,0.3890,-0.887,1.2093,4.1427,-0.293,-0.2045,-18.7990,-71.751,2.270,0.7536,329.214,0.6773,0.0081,0.1513,18.6381,1,2.4510,2.4696,nan,1.9726,1.9669,0.0779,0.6895,0.8000,0.0610,-0.1516,0.8106,4.9922,-0.0033,0.4779,0.1926
85.900,324.451,0.9667,-15.1785,-67.061,0.9443,-14.7395,-68.797,-0.4130,0.1505,0.4396,-1.737,1.2093,4.1427,-0.293,-0.1683,-18.8833,-68.504,2.165,1.1820,329.355,0.6410,0.0110,0.1710,15.5459,1,2.1303,2.0192,nan,1.8567,1.9799,0.0784,0.8851,0.8000,0.0266,-0.1694,0.9210,5.0921,0.0714,-2.5644,0.1926
85.950,324.451,0.9667,-15.1785,-67.061,0.9443,-14.7395,-68.797,-0.4130,0.1505,0.4396,-1.737,1.2093,4.1427,-0.293,-0.1683,-18.8833,-68.504,2.165,1.1820,329.355,0.6410,0.0110,0.1710,15.5459,1,2.2639,2.3134,nan,1.8488,1.8362,0.0727,0.7957,0.8000,0.0129,-0.1625,1.0357,5.1919,-0.0073,-5.9457,0.1926
86.000,324.581,1.0223,-15.2954,-61.226,1.0243,-14.9712,-62.774,-0.2832,0.1578,0.3242,-1.548,1.1401,4.0606,-0.070,-0.0927,-19.0320,-62.705,1.922,1.8708,329.481,0.6584,0.0050,0.1426,28.7902,1,2.0153,1.9660,nan,1.8458,1.8905,0.0749,0.9726,0.8000,-0.0390,-0.2500,1.3098,5.3916,0.0259,-2.7317,0.1926
86.050,324.701,1.0865,-15.3972,-54.387,1.0913,-15.1680,-54.568,-0.1835,0.1373,0.2292,-0.182,1.2959,3.9496,-0.539,-0.0247,-19.1187,-54.029,1.844,1.7890,329.603,0.6434,0.0181,0.1032,5.7074,1,1.9585,1.9660,nan,1.8449,1.8176,0.0720,1.0000,0.8000,-0.0588,-0.2939,1.4690,5.4915,-0.0158,-2.7317,0.1926
86.100,324.831,1.1687,-15.4971,-46.539,1.1649,-15.2480,-48.351,-0.1835,0.1686,0.2492,-1.812,1.2959,3.9496,-0.539,0.0497,-19.1980,-47.812,1.726,2.0571,329.735,0.6293,0.0170,0.1090,6.4059,1,1.8374,1.8319,nan,1.8371,1.8527,0.0734,1.0000,0.8000,-0.1700,-0.3697,1.4934,5.5913,0.0090,-3.1852,0.1926
86.150,324.831,1.1687,-15.4971,-46.539,1.1739,-15.3395,-48.270,-0.1108,0.1122,0.1577,-1.731,1.2777,3.8583,-0.458,0.0497,-19.1980,-47.812,1.726,2.0571,329.735,0.6293,0.0170,0.0606,3.5632,1,2.0033,2.0626,nan,1.8733,1.7803,0.0705,0.9824,0.8000,-0.2873,-0.3778,1.4982,5.6912,-0.0539,-1.2785,0.1926
86.200,324.937,1.2469,-15.5694,-39.160,1.2968,-15.5062,-39.036,-0.0012,0.0805,0.0805,0.124,1.3837,3.7943,-0.774,0.1737,-19.2999,-38.262,1.717,2.0296,329.849,0.6340,0.0032,0.0233,7.2540,1,1.7156,1.6341,nan,1.9491,2.0356,0.0806,1.0000,0.8000,-0.3546,-0.2976,1.4982,5.6912,0.0800,-1.0108,0.1926
86.250,325.043,1.3333,-15.6311,-32.246,1.3639,-15.5542,-32.045,-0.0151,0.0813,0.0827,0.201,1.1997,3.7805,-0.222,0.2390,-19.3340,-31.824,1.714,1.8728,329.960,0.6190,0.0146,0.0305,2.0886,1,1.7517,1.7713,nan,1.9491,2.0717,0.0820,1.0000,0.8000,-0.3796,-0.3630,1.4998,5.7910,0.0800,-0.3992,0.1926
86.300,325.166,1.4410,-15.6893,-24.877,1.4786,-15.6276,-24.712,0.0081,0.0718,0.0722,0.166,1.2185,3.7740,-0.293,0.3591,-19.4000,-24.419,1.715,1.8355,330.088,0.6201,0.0100,0.0208,2.0722,1,1.7567,1.7713,nan,2.0297,2.0767,0.0822,1.0000,0.8000,-0.4276,-0.2597,1.4998,5.7910,0.0800,-0.3992,0.1926
86.350,325.166,1.4410,-15.6893,-24.877,1.4786,-15.6276,-24.712,0.0081,0.0718,0.0722,0.166,1.2185,3.7740,-0.293,0.3591,-19.4000,-24.419,1.715,1.8355,330.088,0.6201,0.0100,0.0208,2.0722,1,1.7597,1.7740,nan,2.0297,2.1341,0.0845,1.0000,0.8000,-0.4585,-0.3250,1.4742,5.8909,0.0800,1.4781,0.1926
86.400,325.284,1.5514,-15.7322,-17.379,1.5947,-15.6684,-17.890,0.0223,0.0739,0.0772,-0.512,1.1536,3.7686,-0.095,0.4733,-19.4362,-17.795,1.814,1.9909,330.221,0.6124,0.0031,0.0185,5.9576,1,1.9180,1.9723,nan,2.1136,2.0961,0.0830,1.0000,0.8000,-0.4962,-0.3470,1.3072,5.9907,-0.0102,0.7379,0.1926
86.450,325.416,1.6797,-15.7626,-9.404,1.7204,-15.7067,-10.038,0.0310,0.0618,0.0691,-0.634,1.0758,3.7619,0.111,0.6067,-19.4698,-10.149,1.902,1.9208,330.364,0.6130,0.0021,0.0192,9.0194,1,2.0515,2.0970,nan,2.1982,2.1434,0.0849,0.9440,0.8000,-0.5274,-0.2472,1.3072,5.9907,-0.0317,0.7379,0.1926
86.501,325.519,1.7818,-15.7742,-3.651,1.8802,-15.7099,-1.105,0.0941,0.0705,0.1176,2.546,0.8852,3.7588,0.629,0.7812,-19.4784,-1.734,1.971,1.8513,330.473,0.5815,0.0015,0.0337,22.3385,1,2.1907,2.2437,nan,2.2852,2.1882,0.0867,0.8432,0.8000,-0.5608,-0.2633,1.1752,6.0905,-0.0800,0.9842,0.1926
86.550,325.519,1.7818,-15.7742,-3.651,1.8802,-15.7099,-1.105,0.0941,0.0705,0.1176,2.546,0.8852,3.7588,0.629,0.7812,-19.4784,-1.734,1.971,1.8513,330.473,0.5815,0.0015,0.0337,22.3385,1,1.8243,1.5919,nan,2.1982,2.2409,0.0888,1.0000,0.8000,-0.5448,-0.1979,1.1752,6.0905,0.0248,0.5305,0.1926
86.600,325.675,1.9383,-15.7730,4.339,1.9488,-15.7006,4.602,0.0160,0.0714,0.0732,0.264,0.8852,3.7588,0.629,0.8499,-19.4699,3.973,2.002,1.7187,330.635,0.6109,0.0027,0.0251,9.1961,1,2.1027,2.2601,nan,2.3738,2.3156,0.0917,0.9052,0.8000,-0.5742,-0.2199,1.0544,6.1904,-0.0337,1.1287,0.1926
86.650,325.824,2.0861,-15.7524,11.428,2.1391,-15.6675,12.288,0.0688,0.0727,0.1001,0.861,0.8342,3.7526,0.718,1.0614,-19.4349,11.570,2.079,1.6666,330.791,0.5703,0.0014,0.0131,9.4890,1,2.2173,2.2601,nan,2.4649,2.3715,0.0939,0.8255,0.8194,-0.5998,-0.2340,0.9522,6.2902,-0.0541,1.1287,0.1926
86.700,325.824,2.0861,-15.7524,11.428,2.1391,-15.6675,12.288,0.0688,0.0727,0.1001,0.861,0.8342,3.7526,0.718,1.0614,-19.4349,11.570,2.079,1.6666,330.791,0.5703,0.0014,0.0131,9.4890,1,2.1272,2.1307,nan,2.5585,2.6047,0.1032,0.8873,0.8000,-0.5996,-0.1539,0.9522,6.2902,0.0267,0.8406,0.1926
86.750,325.976,2.2330,-15.7135,18.259,2.2702,-15.6215,19.025,0.0641,0.0757,0.0992,0.766,0.7419,3.7444,0.994,1.1920,-19.3894,18.030,2.147,1.6593,330.949,0.5709,0.0012,0.0157,12.8739,1,2.2458,2.2900,nan,2.5585,2.4978,0.0989,0.8071,0.8658,-0.6142,-0.1520,0.8512,6.3901,-0.0351,1.6224,0.1926
86.800,326.491,1.7215,-15.7674,16.325,2.3793,-15.5598,26.194,0.6897,0.0144,0.6898,9.869,0.2963,3.7014,2.244,1.3273,-19.3280,23.950,0.458,0.6440,331.089,0.5715,0.0036,0.3286,91.0384,1,2.3230,2.3565,nan,2.6546,2.5894,0.1025,0.7599,0.9313,-0.6703,-0.3582,0.7612,6.4899,-0.0378,4.9799,0.1926
86.850,326.528,1.7567,-15.7558,19.546,2.4903,-15.5193,22.102,0.7705,-0.0226,0.7708,2.557,-0.0962,3.6517,3.281,1.4850,-19.2876,18.821,0.755,1.1487,331.240,0.6471,0.0022,0.4676,212.8128,1,2.3358,2.3565,nan,2.7529,2.7526,0.1090,0.7524,0.9364,-0.6896,-0.3040,0.7612,6.4899,-0.0002,4.9799,0.1926
86.900,326.590,1.8144,-15.7324,24.410,2.6104,-15.4571,27.014,0.8386,-0.0783,0.8422,2.604,-0.0962,3.6517,3.281,1.6084,-19.2324,23.733,1.092,1.4869,331.399,0.6853,0.0129,0.5071,39.1795,1,2.2438,2.2478,nan,2.7529,2.8027,0.1110,0.8084,0.9368,-0.6778,-0.2581,0.6715,6.5898,0.0288,4.6989,0.1926
86.950,326.590,1.8144,-15.7324,24.410,2.5399,-15.4485,30.301,0.7780,-0.0413,0.7790,5.891,-1.2579,3.4737,6.568,1.6084,-19.2324,23.733,1.092,1.4869,331.399,0.6853,0.0129,0.4097,31.6587,1,2.4475,2.5335,nan,2.8535,2.8023,0.1110,0.6913,1.0638,-0.6328,-0.1616,0.5861,6.6896,-0.0297,4.5557,0.1926
87.000,326.678,1.8921,-15.6921,30.771,2.5960,-15.3277,40.676,0.7913,-0.0470,0.7927,9.905,-2.7675,3.1369,10.939,1.7622,-19.1468,29.737,1.428,1.9029,331.582,0.7328,0.0104,0.3531,33.8368,1,2.7296,2.9108,nan,3.0583,2.9247,0.1158,0.4769,1.2358,-0.5440,-0.0128,0.5030,6.7895,-0.0774,3.3488,0.1873
87.050,326.763,1.9633,-15.6443,37.424,2.6419,-15.1748,51.005,0.8242,-0.0395,0.8252,13.581,-3.7847,2.8409,13.878,1.9179,-19.0312,37.127,1.698,2.1465,331.729,0.7885,0.0214,0.2976,13.8912,1,2.5605,2.5495,nan,2.9897,2.9430,0.1166,0.5117,1.1275,-0.5255,0.1063,0.5030,6.7895,-0.0271,5.8264,0.1873
87.100,326.882,2.0527,-15.5665,45.141,2.7231,-15.0343,60.112,0.8501,-0.0998,0.8559,14.971,-3.7847,2.8409,13.878,2.0304,-18.9143,46.234,2.081,2.0565,331.899,0.8006,0.0046,0.2774,60.6188,1,2.5332,2.5495,nan,3.0937,3.1231,0.1237,0.2252,1.1623,-0.4216,0.2190,0.4225,6.8893,0.0170,5.8264,0.1873
87.150,326.882,2.0527,-15.5665,45.141,2.6640,-15.0216,62.330,0.8174,-0.0489,0.8189,17.189,-4.5308,2.5883,16.096,2.0304,-18.9143,46.234,2.081,2.0565,331.899,0.8006,0.0046,0.2401,52.4512,1,2.3984,2.3947,nan,3.1971,3.2721,0.1296,0.0142,1.1498,-0.3236,0.2995,0.3404,6.9892,0.0800,6.4465,0.1873
87.200,327.063,2.1711,-15.4298,53.207,2.6771,-14.8595,71.253,0.7598,-0.0636,0.7624,18.046,-5.0682,2.3872,17.730,2.1253,-18.7862,53.523,2.526,1.6108,332.119,0.7799,0.0059,0.2108,35.7890,1,2.7116,3.0839,nan,3.3951,3.4702,0.1374,-0.2118,1.3588,-0.2069,0.3589,0.2610,7.0890,0.0435,5.8215,0.1873
87.250,327.248,2.2763,-15.2769,57.159,2.7467,-14.5752,78.196,0.8447,-0.0147,0.8448,21.036,-5.0682,2.3872,17.730,2.2782,-18.5366,60.466,2.909,0.5265,332.324,0.8084,0.0030,0.2360,79.0900,1,2.9555,3.0839,nan,3.5604,3.5385,0.1401,-0.3103,1.5154,-0.1481,0.4032,0.1011,7.2887,-0.0127,5.8215,0.1873
87.300,327.461,2.3904,-15.0971,57.573,2.7240,-14.4138,78.238,0.7557,0.0848,0.7604,20.665,-5.5562,2.2169,19.225,2.3424,-18.4298,59.013,3.156,-0.1142,332.548,0.7720,0.0018,0.2572,139.7922,1,2.6823,2.6270,nan,3.6329,3.6490,0.1445,-0.3358,1.3753,-0.0673,0.3339,0.0207,7.3885,0.0800,5.0609,0.1873
87.350,327.461,2.3904,-15.0971,57.573,2.7410,-14.4231,75.159,0.7570,0.0655,0.7598,17.586,-4.6340,2.6284,16.146,2.3424,-18.4298,59.013,3.156,-0.1142,332.548,0.7720,0.0018,0.2297,124.8487,1,2.8992,3.6525,nan,3.7698,3.8406,0.1521,-0.2672,1.4865,-0.0412,0.2340,-0.1418,7.5882,0.0800,4.6230,0.1873
87.400,327.663,2.5007,-14.9281,54.968,2.8760,-14.1894,69.447,0.8203,0.1168,0.8286,14.479,-3.4451,3.0360,12.302,2.5060,-18.1766,57.146,3.329,-1.1896,332.761,0.8104,0.0029,0.2099,71.2315,1,3.1531,3.2997,nan,3.8348,3.9543,0.1566,-0.1742,1.5957,-0.0289,0.1450,-0.2212,7.7879,0.0691,2.6450,0.1873
87.450,327.877,2.6298,-14.7581,49.553,2.9752,-14.0752,59.471,0.7437,0.1802,0.7652,9.918,-2.3996,3.3392,8.863,2.6275,-18.0346,50.609,3.438,-1.6097,332.986,0.8065,0.0281,0.1739,6.1808,1,3.2513,3.2997,nan,4.0274,4.0719,0.1613,-0.0574,1.5586,-0.1031,0.0618,-0.2108,7.9876,0.0800,2.6450,0.1873
87.500,328.143,2.8126,-14.5646,43.514,3.1363,-13.8636,51.833,0.7174,0.2854,0.7721,8.318,-2.3996,3.3392,8.863,2.8194,-17.8504,42.970,3.668,-1.0022,333.269,0.8169,0.0294,0.2016,6.8634,1,3.4340,3.5206,nan,4.1644,4.2477,0.1682,0.1181,1.5867,-0.1838,-0.1035,-0.2072,8.0875,0.0800,3.8610,0.1873
87.550,328.143,2.8126,-14.5646,43.514,3.0946,-13.9084,50.435,0.6563,0.2818,0.7142,6.921,-2.0203,3.4244,7.466,2.8194,-17.8504,42.970,3.668,-1.0022,333.269,0.8169,0.0294,0.1875,6.3821,1,3.7204,3.9663,nan,4.2341,4.2529,0.1684,0.1637,1.6262,-0.2095,-0.1034,-0.1834,8.2871,0.0104,4.1040,0.1873
87.600,329.780,1.7055,-15.7715,14.995,3.2581,-13.7050,49.083,2.0344,1.5944,2.5848,34.088,-2.5054,3.2798,9.022,3.0286,-17.6785,40.061,0.036,0.0168,333.486,2.4645,0.0017,0.3656,213.6345,0,0.2263,3.6223,nan,3.8980,1.0350,0.0410,0.9400,0.8000,-0.3371,-0.4794,-0.1834,8.2871,0.0800,11.6642,0.1873
87.650,329.803,1.7275,-15.7652,15.247,3.4044,-13.6408,28.854,2.1765,1.6086,2.7064,13.606,-4.0146,2.7844,13.795,3.2882,-17.7205,15.058,0.543,0.1299,333.759,2.6496,0.0009,0.3524,380.9091,0,0.2263,3.6223,nan,3.8980,1.0350,0.0410,0.9400,0.8000,-0.3371,-0.4794,-0.1834,8.2871,0.0800,11.6642,0.1873
87.700,329.856,1.7784,-15.7513,15.919,3.6772,-13.4869,29.530,2.4470,1.6567,2.9551,13.611,-4.0146,2.7844,13.795,3.5898,-17.6361,15.735,0.785,0.0040,334.006,2.9055,0.0010,0.3795,372.9253,0,0.2263,3.6223,nan,3.8980,1.0350,0.0410,0.9400,0.8000,-0.3371,-0.4794,-0.1834,8.2871,0.0800,11.6642,0.1873
87.750,329.892,1.8133,-15.7415,15.929,3.8608,-13.3797,29.729,2.6171,1.7092,3.1257,13.800,-4.0146,2.7844,13.795,3.7937,-17.5758,15.933,0.457,0.0027,334.006,3.0796,0.0021,0.4051,196.8157,0,0.2263,3.6223,nan,3.8980,1.0350,0.0410,0.9400,0.8000,-0.3371,-0.4794,-0.1834,8.2871,0.0800,11.6642,0.1873
87.800,329.892,1.8133,-15.7415,15.929,3.8608,-13.3797,29.729,2.6171,1.7092,3.1257,13.800,-4.0146,2.7844,13.795,3.7937,-17.5758,15.933,0.457,0.0027,334.006,3.0796,0.0021,0.4051,196.8157,0,0.2263,3.6223,nan,3.8980,1.0350,0.0410,0.9400,0.8000,-0.3371,-0.4794,-0.1834,8.2871,0.0800,11.6642,0.1873
87.850,329.908,1.8282,-15.7374,15.929,4.9369,-11.4702,16.386,4.1604,3.2501,5.2794,0.457,1.2395,6.1440,0.447,3.5600,-17.6425,15.940,0.005,0.0014,334.006,2.8251,0.0022,0.2481,110.6132,0,0.2263,3.6223,nan,3.8980,1.0350,0.0410,0.9400,0.8000,-0.3371,-0.4794,-0.1834,8.2871,0.0800,11.6642,0.1873
87.900,329.908,1.8282,-15.7375,15.931,4.9369,-11.4702,16.381,4.1605,3.2501,5.2795,0.450,1.2395,6.1440,0.447,3.5600,-17.6425,15.934,-0.001,0.0009,334.006,2.8251,0.0024,0.2482,105.2140,0,0.2263,3.6223,nan,3.8980,1.0350,0.0410,0.9400,0.8000,-0.3371,-0.4794,-0.1834,8.2871,0.0800,11.6642,0.1873
87.950,329.908,1.8282,-15.7375,15.931,4.9369,-11.4702,16.381,4.1605,3.2501,5.2795,0.450,1.2395,6.1440,0.447,3.5600,-17.6425,15.934,-0.001,0.0009,334.006,2.8251,0.0024,0.2482,105.2140,0,0.2263,3.6223,nan,3.8980,1.0350,0.0410,0.9400,0.8000,-0.3371,-0.4794,-0.1834,8.2871,0.0800,11.6642,0.1873
88.000,329.908,1.8282,-15.7376,15.932,4.9369,-11.4702,16.381,4.1606,3.2501,5.2796,0.449,1.2395,6.1440,0.447,3.5600,-17.6425,15.934,-0.001,0.0006,334.006,2.8252,0.0024,0.2482,104.2112,0,0.2263,3.6223,nan,3.8980,1.0350,0.0410,0.9400,0.8000,-0.3371,-0.4794,-0.1834,8.2871,0.0800,11.6642,0.1873
88.050,329.908,1.8282,-15.7377,15.933,4.9369,-11.4702,16.381,4.1607,3.2501,5.2797,0.448,1.2395,6.1440,0.447,3.5600,-17.6425,15.934,-0.000,0.0004,334.006,2.8252,0.0024,0.2482,105.2105,0,0.2263,3.6223,nan,3.8980,1.0350,0.0410,0.9400,0.8000,-0.3371,-0.4794,-0.1834,8.2871,0.0800,11.6642,0.1873
88.100,329.908,1.8282,-15.7377,15.934,4.9369,-11.4702,16.381,4.1608,3.2501,5.2797,0.447,1.2395,6.1440,0.447,3.5600,-17.6425,15.934,-0.000,0.0003,334.006,2.8252,0.0023,0.2482,107.3256,0,0.2263,3.6223,nan,3.8980,1.0350,0.0410,0.9400,0.8000,-0.3371,-0.4794,-0.1834,8.2871,0.0800,11.6642,0.1873
88.151,329.908,1.8282,-15.7378,15.934,4.9369,-11.4702,16.381,4.1608,3.2502,5.2798,0.447,1.2395,6.1440,0.447,3.5600,-17.6425,15.934,-0.000,0.0003,334.006,2.8253,0.0023,0.2482,106.2630,0,0.2263,3.6223,nan,3.8980,1.0350,0.0410,0.9400,0.8000,-0.3371,-0.4794,-0.1834,8.2871,0.0800,11.6642,0.1873
88.200,329.908,1.8282,-15.7378,15.934,4.9369,-11.4702,16.381,4.1608,3.2502,5.2798,0.447,1.2395,6.1440,0.447,3.5600,-17.6425,15.935,-0.000,0.0002,334.006,2.8253,0.0023,0.2482,107.3344,0,0.2263,3.6223,nan,3.8980,1.0350,0.0410,0.9400,0.8000,-0.3371,-0.4794,-0.1834,8.2871,0.0800,11.6642,0.1873
88.250,329.908,1.8282,-15.7378,15.934,4.9591,-11.4710,16.082,4.1820,3.2433,5.2922,0.147,1.3539,6.1623,0.147,3.5600,-17.6425,15.935,-0.000,0.0002,334.006,2.8253,0.0023,0.2412,103.2627,0,0.2263,3.6223,nan,3.8980,1.0350,0.0410,0.9400,0.8000,-0.3371,-0.4794,-0.1834,8.2871,0.0800,11.6642,0.1873
88.300,329.908,1.8282,-15.7378,15.935,4.9591,-11.4710,16.082,4.1820,3.2432,5.2922,0.147,1.3539,6.1623,0.147,3.5600,-17.6425,15.935,-0.000,0.0001,334.006,2.8253,0.0023,0.2412,103.2627,0,0.2263,3.6223,nan,3.8980,1.0350,0.0410,0.9400,0.8000,-0.3371,-0.4794,-0.1834,8.2871,0.0800,11.6642,0.1873
88.350,329.908,1.8282,-15.7378,15.947,4.9591,-11.4710,16.082,4.1827,3.2424,5.2922,0.135,1.3539,6.1623,0.147,3.5600,-17.6425,15.935,-0.000,0.0001,334.006,2.8253,0.0023,0.2412,106.4130,0,0.2263,3.6223,nan,3.8980,1.0350,0.0410,0.9400,0.8000,-0.3371,-0.4794,-0.1834,8.2871,0.0800,11.6642,0.1873
88.401,329.908,1.8282,-15.7378,15.947,4.9591,-11.4710,16.094,4.1827,3.2424,5.2922,0.147,1.3539,6.1623,0.147,3.5600,-17.6425,15.947,0.000,0.0001,334.006,2.8253,0.0023,0.2411,106.3983,0,0.2263,3.6223,nan,3.8980,1.0350,0.0410,0.9400,0.8000,-0.3371,-0.4794,-0.1834,8.2871,0.0800,11.6642,0.1873
88.450,329.908,1.8282,-15.7378,15.947,4.9591,-11.4710,16.094,4.1827,3.2424,5.2922,0.147,1.3539,6.1623,0.147,3.5600,-17.6425,15.947,0.000,0.0001,334.006,2.8253,0.0023,0.2411,106.3983,0,0.2263,3.6223,nan,3.8980,1.0350,0.0410,0.9400,0.8000,-0.3371,-0.4794,-0.1834,8.2871,0.0800,11.6642,0.1873
88.500,329.908,1.8282,-15.7378,15.947,4.9591,-11.4710,16.094,4.1827,3.2424,5.2922,0.147,1.3539,6.1623,0.147,3.5600,-17.6425,15.947,0.000,0.0001,334.006,2.8253,0.0023,0.2411,106.3983,0,0.2263,3.6223,nan,3.8980,1.0350,0.0410,0.9400,0.8000,-0.3371,-0.4794,-0.1834,8.2871,0.0800,11.6642,0.1873
88.550,329.908,1.8282,-15.7378,15.947,4.9591,-11.4710,16.094,4.1827,3.2424,5.2922,0.147,1.3539,6.1623,0.147,3.5600,-17.6425,15.947,0.000,0.0000,334.006,2.8253,0.0023,0.2411,106.3983,0,0.2263,3.6223,nan,3.8980,1.0350,0.0410,0.9400,0.8000,-0.3371,-0.4794,-0.1834,8.2871,0.0800,11.6642,0.1873
88.601,329.908,1.8282,-15.7378,15.947,4.9591,-11.4710,16.094,4.1827,3.2424,5.2922,0.147,1.3539,6.1623,0.147,3.5600,-17.6425,15.947,0.000,0.0000,334.006,2.8253,0.0023,0.2411,106.3983,0,0.2263,3.6223,nan,3.8980,1.0350,0.0410,0.9400,0.8000,-0.3371,-0.4794,-0.1834,8.2871,0.0800,11.6642,0.1873
88.650,329.908,1.8282,-15.7378,15.947,4.9591,-11.4710,16.094,4.1827,3.2424,5.2922,0.147,1.3539,6.1623,0.147,3.5600,-17.6425,15.947,0.000,0.0000,334.006,2.8253,0.0023,0.2411,106.3983,0,0.2263,3.6223,nan,3.8980,1.0350,0.0410,0.9400,0.8000,-0.3371,-0.4794,-0.1834,8.2871,0.0800,11.6642,0.1873
88.700,329.908,1.8282,-15.7378,15.947,4.9752,-11.4788,14.277,4.1961,3.2304,5.2955,-1.670,1.9307,6.2599,-1.669,3.5600,-17.6425,15.947,0.000,0.0000,334.006,2.8253,0.0023,0.2281,100.6323,0,0.2263,3.6223,nan,3.8980,1.0350,0.0410,0.9400,0.8000,-0.3371,-0.4794,-0.1834,8.2871,0.0800,11.6642,0.1873
88.750,329.908,1.8282,-15.7378,15.947,4.9752,-11.4788,14.278,4.1961,3.2304,5.2955,-1.669,1.9307,6.2599,-1.669,3.5600,-17.6425,15.947,0.000,0.0000,334.006,2.8253,0.0023,0.2281,100.6323,0,0.2263,3.6223,nan,3.8980,1.0350,0.0410,0.9400,0.8000,-0.3371,-0.4794,-0.1834,8.2871,0.0800,11.6642,0.1873
88.800,329.908,1.8282,-15.7378,15.947,4.9752,-11.4788,14.278,4.1961,3.2304,5.2955,-1.669,1.9307,6.2599,-1.669,3.5600,-17.6425,15.947,0.000,0.0000,334.006,2.8253,0.0023,0.2281,100.6323,0,0.2263,3.6223,nan,3.8980,1.0350,0.0410,0.9400,0.8000,-0.3371,-0.4794,-0.1834,8.2871,0.0800,11.6642,0.1873
88.850,329.909,1.8288,-15.7376,15.935,4.9752,-11.4788,14.278,4.1948,3.2313,5.2950,-1.657,1.9307,6.2599,-1.669,3.5600,-17.6425,15.947,0.079,-0.0121,334.018,2.8247,0.0022,0.2281,106.0427,0,0.2263,3.6223,nan,3.8980,1.0350,0.0410,0.9400,0.8000,-0.3371,-0.4794,-0.1834,8.2871,0.0800,11.6642,0.1873
88.900,329.932,1.8515,-15.7312,15.599,4.9976,-11.4731,14.224,4.1752,3.2552,5.2942,-1.375,1.9307,6.2599,-1.669,3.5822,-17.6362,15.894,0.502,-0.1276,334.088,2.8241,0.0013,0.2282,179.4264,0,0.2263,3.6223,nan,3.8980,1.0350,0.0410,0.9400,0.8000,-0.3371,-0.4794,-0.1834,8.2871,0.0800,11.6642,0.1873
88.950,329.973,1.8906,-15.7205,15.009,5.1103,-11.4509,12.151,4.2156,3.2902,5.3475,-2.857,2.3394,6.3223,-3.024,3.7048,-17.6022,15.176,0.843,-0.2063,334.139,2.9093,0.0011,0.2133,192.1926,0,0.2263,3.6223,nan,3.8980,1.0350,0.0410,0.9400,0.8000,-0.3371,-0.4794,-0.1834,8.2871,0.0800,11.6642,0.1873
89.001,330.040,1.9550,-15.7038,14.072,5.1535,-11.4426,11.189,4.1386,3.3556,5.3280,-2.884,2.3394,6.3223,-3.024,3.7475,-17.5917,14.213,0.931,-0.2411,334.206,2.8871,0.0462,0.2079,4.4981,0,0.2263,3.6223,nan,3.8980,1.0350,0.0410,0.9400,0.8000,-0.3371,-0.4794,-0.1834,8.2871,0.0800,11.6642,0.1873
89.050,330.040,1.9550,-15.7038,14.072,5.1535,-11.4426,11.189,4.1386,3.3556,5.3280,-2.884,2.3394,6.3223,-3.024,3.7475,-17.5917,14.213,0.931,-0.2411,334.206,2.8871,0.0013,0.2146,165.6670,0,0.2263,3.6223,nan,3.8980,1.0350,0.0410,0.9400,0.8000,-0.3371,-0.4794,-0.1834,8.2871,0.0800,11.6642,0.1873
89.100,330.099,2.0132,-15.6898,13.160,5.2266,-11.4253,9.573,4.0999,3.4209,5.3396,-3.588,2.5269,6.3560,-3.617,3.8162,-17.5756,13.190,0.836,-0.2538,334.264,2.8975,0.0057,0.2051,35.6969,0,0.2263,3.6223,nan,3.8980,1.0350,0.0410,0.9400,0.8000,-0.3371,-0.4794,-0.1834,8.2871,0.0800,11.6642,0.1873
89.150,330.144,2.0569,-15.6799,12.366,5.2793,-11.4175,8.593,4.0605,3.4734,5.3434,-3.773,2.5269,6.3560,-3.617,3.8684,-17.5644,12.210,0.649,-0.2487,334.305,2.9057,0.0014,0.2012,140.2872,0,0.2263,3.6223,nan,3.8980,1.0350,0.0410,0.9400,0.8000,-0.3371,-0.4794,-0.1834,8.2871,0.0800,11.6642,0.1873
89.200,330.176,2.0883,-15.6733,11.663,5.3032,-11.4145,7.802,4.0095,3.5209,5.3360,-3.861,2.5269,6.3560,-3.617,3.8921,-17.5599,11.419,0.430,-0.1812,334.335,2.8978,0.0015,0.1983,133.0918,0,0.2263,3.6223,nan,3.8980,1.0350,0.0410,0.9400,0.8000,-0.3371,-0.4794,-0.1834,8.2871,0.0800,11.6642,0.1873
89.250,330.176,2.0883,-15.6733,11.663,5.3032,-11.4145,7.802,4.0095,3.5209,5.3360,-3.861,2.5269,6.3560,-3.617,3.8921,-17.5599,11.419,0.430,-0.1812,334.335,2.8978,0.0015,0.1983,133.0918,0,0.2263,3.6223,nan,3.8980,1.0350,0.0410,0.9400,0.8000,-0.3371,-0.4794,-0.1834,8.2871,0.0800,11.6642,0.1873
89.300,330.198,2.1096,-15.6691,11.134,5.3213,-11.4123,7.312,3.9733,3.5565,5.3325,-3.822,2.5269,6.3560,-3.617,3.9100,-17.5566,10.929,0.227,-0.1138,334.353,2.8944,0.0017,0.1990,117.8954,0,0.2263,3.6223,nan,3.8980,1.0350,0.0410,0.9400,0.8000,-0.3371,-0.4794,-0.1834,8.2871,0.0800,11.6642,0.1873
89.350,330.205,2.1161,-15.6679,10.940,5.3243,-11.4121,7.140,3.9576,3.5696,5.3296,-3.800,2.5269,6.3560,-3.617,3.9129,-17.5562,10.757,0.053,-0.0278,334.359,2.8909,0.0020,0.2002,98.3754,0,0.2263,3.6223,nan,3.8980,1.0350,0.0410,0.9400,0.8000,-0.3371,-0.4794,-0.1834,8.2871,0.0800,11.6642,0.1873
89.400,330.205,2.1161,-15.6679,10.940,5.3189,-11.4128,7.236,3.9521,3.5700,5.3258,-3.704,2.5269,6.3560,-3.617,3.9076,-17.5572,10.853,-0.002,0.0000,334.359,2.8856,0.0021,0.2009,97.6237,0,0.2263,3.6223,nan,3.8980,1.0350,0.0410,0.9400,0.8000,-0.3371,-0.4794,-0.1834,8.2871,0.0800,11.6642,0.1873
89.450,330.205,2.1159,-15.6679,10.939,5.3140,-11.4134,7.322,3.9474,3.5703,5.3225,-3.617,2.5269,6.3560,-3.617,3.9028,-17.5581,10.940,-0.002,0.0000,334.359,2.8810,0.0021,0.2031,98.6947,0,0.2263,3.6223,nan,3.8980,1.0350,0.0410,0.9400,0.8000,-0.3371,-0.4794,-0.1834,8.2871,0.0800,11.6642,0.1873
89.500,330.205,2.1159,-15.6679,10.939,5.3140,-11.4134,7.322,3.9474,3.5703,5.3225,-3.617,2.5269,6.3560,-3.617,3.9028,-17.5581,10.940,-0.002,0.0000,334.359,2.8810,0.0021,0.2031,98.6947,0,0.2263,3.6223,nan,3.8980,1.0350,0.0410,0.9400,0.8000,-0.3371,-0.4794,-0.1834,8.2871,0.0800,11.6642,0.1873
89.550,330.205,2.1159,-15.6679,10.939,5.3140,-11.4134,7.322,3.9474,3.5703,5.3225,-3.617,2.5269,6.3560,-3.617,3.9028,-17.5581,10.939,-0.001,0.0000,334.359,2.8810,0.0020,0.2031,100.9423,0,0.2263,3.6223,nan,3.8980,1.0350,0.0410,0.9400,0.8000,-0.3371,-0.4794,-0.1834,8.2871,0.0800,11.6642,0.1873
89.600,330.205,2.1158,-15.6679,10.939,5.3140,-11.4134,7.321,3.9474,3.5703,5.3225,-3.617,2.5269,6.3560,-3.617,3.9028,-17.5581,10.939,-0.001,0.0000,334.359,2.8811,0.0021,0.2030,98.6386,0,0.2263,3.6223,nan,3.8980,1.0350,0.0410,0.9400,0.8000,-0.3371,-0.4794,-0.1834,8.2871,0.0800,11.6642,0.1873
89.650,330.205,2.1158,-15.6679,10.939,5.3140,-11.4134,7.321,3.9474,3.5703,5.3225,-3.617,2.5269,6.3560,-3.617,3.9028,-17.5581,10.939,-0.001,0.0000,334.359,2.8811,0.0021,0.2030,98.6375,0,0.2263,3.6223,nan,3.8980,1.0350,0.0410,0.9400,0.8000,-0.3371,-0.4794,-0.1834,8.2871,0.0800,11.6642,0.1873
89.701,330.205,2.1158,-15.6679,10.939,5.3140,-11.4134,7.321,3.9474,3.5703,5.3225,-3.617,2.5269,6.3560,-3.617,3.9028,-17.5581,10.939,-0.001,0.0000,334.359,2.8811,0.0021,0.2030,98.6375,0,0.2263,3.6223,nan,3.8980,1.0350,0.0410,0.9400,0.8000,-0.3371,-0.4794,-0.1834,8.2871,0.0800,11.6642,0.1873
89.750,330.205,2.1157,-15.6679,10.938,5.3140,-11.4134,7.321,3.9475,3.5703,5.3226,-3.617,2.5269,6.3560,-3.617,3.9028,-17.5581,10.939,-0.001,0.0000,334.359,2.8812,0.0021,0.2030,98.6347,1,0.2263,3.6223,nan,3.8980,1.0350,0.0410,0.9400,0.8000,-0.3371,-0.4794,-0.1834,8.2871,0.0800,11.6642,0.1873
89.800,330.205,2.1157,-15.6679,10.938,5.3140,-11.4134,7.321,3.9475,3.5703,5.3226,-3.618,2.5269,6.3560,-3.617,3.9028,-17.5581,10.938,-0.000,0.0000,334.359,2.8812,0.0021,0.2030,98.6078,1,0.0000,0.0000,nan,3.0239,0.4000,0.0158,0.4926,0.8000,-0.8160,-1.4199,0.7208,10.8831,0.1000,0.0016,0.1836
89.850,330.205,2.1157,-15.6679,10.938,5.3140,-11.4134,7.321,3.9475,3.5703,5.3226,-3.617,2.5269,6.3560,-3.617,3.9028,-17.5581,10.938,-0.000,0.0000,334.359,2.8812,0.0020,0.2029,100.8628,1,0.0000,0.0000,nan,3.0478,0.4000,0.0158,0.4926,0.8000,-0.8160,-1.4199,0.7208,10.8831,0.1000,0.0016,0.1836
89.900,330.205,2.1157,-15.6679,10.938,5.3140,-11.4134,7.321,3.9475,3.5703,5.3226,-3.617,2.5269,6.3560,-3.617,3.9028,-17.5581,10.938,-0.000,0.0000,334.359,2.8812,0.0020,0.2029,100.8628,1,0.0000,0.0000,nan,3.0478,0.4000,0.0158,0.4926,0.8000,-0.8160,-1.4199,0.7208,10.8831,0.1000,0.0014,0.1836
89.950,330.205,2.1159,-15.6679,10.938,5.3140,-11.4134,7.321,3.9473,3.5703,5.3225,-3.617,2.5269,6.3560,-3.617,3.9028,-17.5581,10.938,0.041,-0.0236,334.361,2.8810,0.0019,0.2029,104.4651,1,0.0302,0.0346,nan,3.0478,0.4000,0.0158,0.4846,0.8000,-0.8211,-1.4219,0.7208,10.8831,0.0924,5.3240,0.1836
90.000,330.219,2.1295,-15.6653,10.846,5.3187,-11.4128,7.232,3.9324,3.5764,5.3155,-3.614,2.5269,6.3560,-3.617,3.9074,-17.5573,10.849,0.358,0.0388,334.382,2.8722,0.0011,0.2029,190.7573,1,0.2558,0.3214,nan,3.0478,0.5758,0.0228,0.4738,0.8000,-0.8340,-1.4199,0.7208,10.8831,0.0800,2.0786,0.1836
90.050,330.243,2.1529,-15.6607,11.412,5.3610,-11.4111,6.243,3.9855,3.5308,5.3245,-5.168,2.8798,6.4049,-4.743,3.9457,-17.5499,10.986,0.394,0.2777,334.406,2.8868,0.0015,0.1899,124.4275,1,0.3104,0.3214,nan,3.0478,0.6304,0.0250,0.4369,0.8000,-0.8765,-1.4169,0.7208,10.8831,0.0800,2.0786,0.1836
90.100,330.268,2.1773,-15.6555,12.495,5.3886,-11.4075,7.676,4.0543,3.4526,5.3252,-4.819,2.8798,6.4049,-4.743,3.9729,-17.5440,12.419,0.426,0.3073,334.431,2.8896,0.0012,0.1935,165.1323,1,0.3688,0.3806,nan,3.0478,0.6888,0.0273,0.4341,0.8000,-0.9060,-1.4017,0.7208,10.8831,0.0800,-0.0700,0.1836
90.151,330.268,2.1773,-15.6555,12.495,5.3886,-11.4075,7.676,4.0543,3.4526,5.3252,-4.819,2.8798,6.4049,-4.743,3.9729,-17.5440,12.419,0.426,0.3073,334.448,2.8896,0.0012,0.1935,165.1323,1,0.3944,0.4011,nan,3.0478,0.7144,0.0283,0.4362,0.8000,-0.9282,-1.3836,0.7208,10.8831,0.0800,6.2642,0.1836
90.201,330.302,2.2104,-15.6477,13.832,5.4129,-11.4037,8.782,4.1242,3.3552,5.3167,-5.050,2.8798,6.4049,-4.743,3.9968,-17.5382,13.525,0.607,0.4143,334.467,2.8805,0.0012,0.1981,160.3394,1,0.5699,0.6160,nan,3.0882,0.8899,0.0352,0.4307,0.8000,-0.9761,-1.3537,0.7208,10.8831,0.0800,2.5237,0.1836
90.250,330.343,2.2498,-15.6372,15.428,5.4698,-11.3914,10.200,4.2334,3.2362,5.3287,-5.228,2.9957,6.4243,-5.092,4.0456,-17.5258,15.293,0.671,0.4600,334.508,2.8898,0.0012,0.1954,163.5386,1,0.6535,0.6729,nan,3.0882,0.9735,0.0386,0.4285,0.8000,-1.0149,-1.3271,0.7208,10.8831,0.0800,0.8161,0.1836
90.300,330.892,1.7166,-15.7686,15.428,5.5176,-11.3814,12.120,4.8312,3.2180,5.8048,-3.308,2.9957,6.4243,-5.092,4.0924,-17.5115,17.212,0.413,0.2905,334.551,3.4770,0.0014,0.3838,281.2562,1,0.6660,0.6729,nan,3.0882,0.9860,0.0391,0.4141,0.8000,-1.0553,-1.3102,0.7208,10.8831,0.0800,0.8161,0.1836
90.351,330.931,1.7539,-15.7578,16.978,5.5567,-11.3745,11.474,4.9170,3.0818,5.8029,-5.504,2.9957,6.4243,-5.092,4.1307,-17.5013,16.566,0.786,0.5164,334.602,3.4777,0.0019,0.3827,204.7193,1,0.6272,0.6269,nan,3.0882,0.9472,0.0375,0.3719,0.8000,-1.0809,-1.3363,0.7208,10.8831,0.0800,5.3813,0.1836
90.400,330.931,1.7539,-15.7578,16.978,5.5567,-11.3745,11.474,4.9170,3.0818,5.8029,-5.504,2.9957,6.4243,-5.092,4.1307,-17.5013,16.566,0.786,0.5164,334.602,3.4777,0.0019,0.3827,204.7193,1,0.7363,0.7627,nan,3.0882,1.0563,0.0418,0.3813,0.8000,-1.1304,-1.2945,0.7208,10.8831,0.0800,5.9102,0.1836
90.450,330.988,1.8083,-15.7400,19.090,5.5592,-11.4805,5.594,4.9377,2.7986,5.6756,-13.496,5.5086,6.4964,-13.305,4.1862,-17.4827,18.899,0.946,0.5565,334.662,3.4791,0.0010,0.3491,351.0942,1,0.8817,0.9203,nan,3.0882,1.2017,0.0476,0.3765,0.8000,-1.1871,-1.2621,0.7208,10.8831,0.0800,0.1343,0.1836
90.500,331.056,1.8722,-15.7163,21.373,5.6328,-11.4707,8.019,5.0493,2.5831,5.6716,-13.354,5.5086,6.4964,-13.305,4.2557,-17.4562,21.324,0.975,0.5813,334.730,3.4853,0.0009,0.3519,380.3714,1,0.9091,0.9203,nan,3.0478,1.2291,0.0487,0.2865,0.8000,-1.1853,-1.3081,0.6860,10.7833,0.0800,0.1343,0.1836
90.550,331.056,1.8722,-15.7163,21.373,5.6328,-11.4707,8.019,5.0493,2.5831,5.6716,-13.354,5.5086,6.4964,-13.305,4.2557,-17.4562,21.324,0.975,0.5813,334.730,3.4853,0.0009,0.3519,380.3714,1,0.9583,0.9735,nan,3.0478,1.2783,0.0506,0.3588,0.8000,-1.2382,-1.3463,0.7208,10.8831,0.0800,2.1771,0.1836
90.600,331.126,1.9371,-15.6891,23.710,5.6782,-11.4807,10.232,5.1176,2.3489,5.6309,-13.478,5.5634,6.4739,-13.569,4.3241,-17.4264,23.801,1.078,0.4800,334.801,3.4895,0.0011,0.3546,312.9118,1,0.9841,0.9956,nan,3.0882,1.3041,0.0516,0.3489,0.8000,-1.2888,-1.3267,0.7208,10.8831,0.0800,4.5296,0.1836
90.650,331.204,2.0077,-15.6565,25.693,5.7369,-11.4679,11.772,5.1764,2.1577,5.6081,-13.921,5.5634,6.4739,-13.569,4.3781,-17.4002,25.341,1.201,0.5342,334.881,3.4718,0.0015,0.3601,247.1799,1,1.2345,1.3366,nan,3.1398,1.5545,0.0616,0.3533,0.8000,-1.3485,-1.2973,0.7208,10.8831,0.0800,0.5287,0.1836
90.700,331.271,2.0671,-15.6266,27.779,5.8090,-11.4493,15.206,5.2576,1.9519,5.6082,-12.573,5.1489,6.4588,-12.326,4.4677,-17.3544,27.532,1.250,0.7013,334.948,3.5059,0.0019,0.3797,205.2188,1,1.3124,1.3366,nan,3.1398,1.6324,0.0647,0.3428,0.8000,-1.4163,-1.2706,0.7208,10.8831,0.0800,0.5287,0.1836
90.750,331.360,2.1453,-15.5828,30.586,5.8711,-11.4284,18.244,5.3213,1.6805,5.5804,-12.342,5.1489,6.4588,-12.326,4.5240,-17.3207,30.570,1.366,0.7421,335.041,3.4817,0.0023,0.4070,179.1149,1,1.1509,1.1286,nan,3.1398,1.4709,0.0583,0.3901,0.8000,-1.4203,-1.1988,0.7208,10.8831,0.0800,0.3331,0.1836
90.800,331.360,2.1453,-15.5828,30.586,5.8711,-11.4284,18.244,5.3213,1.6805,5.5804,-12.342,5.1489,6.4588,-12.326,4.5240,-17.3207,30.570,1.366,0.7421,335.041,3.4817,0.0023,0.4070,179.1149,1,1.2996,1.3436,nan,3.1398,1.6196,0.0641,0.3782,0.8000,-1.5015,-1.1594,0.7208,10.8831,0.0800,5.7576,0.1836
90.850,331.460,2.2297,-15.5298,33.699,5.9575,-11.4036,22.114,5.3907,1.3645,5.5607,-11.585,4.8405,6.4302,-11.378,4.6134,-17.2629,33.493,1.510,0.9209,335.145,3.4882,0.0013,0.4261,326.5572,1,1.4612,1.5132,nan,3.1398,1.7812,0.0705,0.3769,0.8000,-1.5845,-1.1048,0.7208,10.8831,0.0800,-2.4707,0.1836
90.900,331.548,2.3016,-15.4789,36.782,6.0455,-11.3652,25.277,5.4618,1.0531,5.5624,-11.505,4.8405,6.4302,-11.378,4.6921,-17.2078,36.655,1.463,0.8676,335.232,3.4962,0.0040,0.4420,109.8097,1,1.5364,1.5613,nan,3.1398,1.8564,0.0735,0.3907,0.8000,-1.6399,-1.0450,0.7208,10.8831,0.0800,3.0445,0.1836
90.950,331.636,2.3708,-15.4242,39.777,6.1069,-11.3239,29.982,5.4947,0.7608,5.5471,-9.795,4.3592,6.3850,-9.909,4.7692,-17.1440,39.892,1.566,0.9286,335.323,3.5071,0.0016,0.4463,276.3768,1,1.5474,1.5613,nan,3.1398,1.8674,0.0740,0.3857,0.8000,-1.7093,-1.0001,0.7208,10.8831,0.0800,3.0445,0.1836
91.000,331.744,2.4514,-15.3526,43.442,6.1815,-11.2749,33.348,5.5122,0.3958,5.5264,-10.094,4.3592,6.3850,-9.909,4.8342,-17.0828,43.257,1.722,1.0429,335.435,3.4886,0.0041,0.4516,110.3717,1,1.4644,1.4635,nan,3.1398,1.8639,0.0738,0.4396,0.8000,-1.7317,-0.9959,0.6841,10.9830,0.0800,4.2649,0.1836
91.050,331.744,2.4514,-15.3526,43.442,6.1815,-11.2749,33.348,5.5122,0.3958,5.5264,-10.094,4.3592,6.3850,-9.909,4.8342,-17.0828,43.257,1.722,1.0429,335.435,3.4886,0.0041,0.4516,110.3717,1,1.6624,1.7335,nan,3.2640,2.0618,0.0817,0.4295,0.8000,-1.8229,-0.9352,0.6841,10.9830,0.0800,2.1741,0.1836
91.100,331.852,2.5272,-15.2759,47.195,6.2530,-11.1983,39.674,5.5233,0.0372,5.5234,-7.520,3.6215,6.2933,-7.602,4.9224,-16.9897,47.277,1.795,1.1469,335.545,3.5066,0.0020,0.4410,215.6868,1,1.7102,1.7316,nan,3.2640,2.1097,0.0836,0.4530,0.8000,-1.8560,-0.8356,0.6841,10.9830,0.0800,-0.3026,0.1836
91.150,331.985,2.6133,-15.1739,52.468,6.3277,-11.0838,47.144,5.5063,-0.4538,5.5250,-5.324,2.8543,6.1822,-5.139,5.0059,-16.8855,52.283,1.842,1.2508,335.682,3.5052,0.0025,0.4506,181.6695,1,1.7170,1.7316,nan,3.2640,2.1164,0.0838,0.4497,0.8000,-1.9190,-0.7781,0.6841,10.9830,0.0800,-0.3026,0.1836
91.200,332.130,2.6956,-15.0554,58.100,6.3979,-10.9916,51.874,5.4065,-0.9956,5.4974,-6.225,2.8543,6.1822,-5.139,5.0675,-16.7874,57.013,1.977,1.4004,335.832,3.4779,0.0029,0.4574,156.6724,1,1.7555,1.7757,nan,3.3315,2.3464,0.0929,0.4847,0.8000,-1.9574,-0.7297,0.6434,11.0828,0.0800,3.1621,0.1836
91.250,332.130,2.6956,-15.0554,58.100,6.3979,-10.9916,51.874,5.4065,-0.9956,5.4974,-6.225,2.8543,6.1822,-5.139,5.0675,-16.7874,57.013,1.977,1.4004,335.832,3.4779,0.0029,0.4574,156.6724,1,2.0760,2.3693,nan,3.3315,2.6668,0.1056,0.4724,0.8372,-2.0580,-0.6346,0.6434,11.0828,0.0800,1.1059,0.1836
91.300,332.262,2.7605,-14.9395,63.564,6.3440,-10.3906,72.693,5.6686,-1.1836,5.7909,9.129,-1.3046,5.2242,8.818,5.1644,-16.6028,63.875,2.064,1.5886,335.971,3.5357,0.0139,0.7656,55.2328,1,2.1376,2.1650,nan,3.4033,2.7891,0.1105,0.4773,0.8788,-2.1332,-0.6268,0.6027,11.1826,0.0800,1.1059,0.1836
91.350,332.386,2.8105,-14.8264,68.999,6.3533,-10.3227,78.830,5.4742,-1.6934,5.7301,9.831,-1.4231,5.1397,9.234,5.1945,-16.5098,69.596,2.188,1.6645,336.103,3.5091,0.0032,0.7569,235.6409,1,1.9616,1.9396,nan,3.5523,2.6945,0.1067,0.5425,0.8367,-2.0482,-0.4084,0.5268,11.3823,0.0800,2.5371,0.1836
91.400,332.386,2.8105,-14.8264,68.999,6.3533,-10.3227,78.830,5.4742,-1.6934,5.7301,9.831,-1.4231,5.1397,9.234,5.1945,-16.5098,69.596,2.188,1.6645,336.103,3.5091,0.0032,0.7569,235.6409,1,1.9891,2.0093,nan,3.5523,2.7515,0.1090,0.5510,0.8655,-2.0807,-0.3743,0.4871,11.4822,0.0800,4.5300,0.1836
91.450,332.561,2.8627,-14.6598,76.535,6.5525,-10.5786,75.239,4.8282,-2.6381,5.5019,-1.296,1.5789,5.8714,-0.957,5.2475,-16.3646,76.196,2.428,1.8662,336.296,3.5009,0.0033,0.5731,174.1255,1,2.3032,2.5782,nan,3.7097,3.0656,0.1214,0.5397,1.0021,-2.1522,-0.2690,0.4871,11.4822,0.0800,1.0619,0.1836
91.500,332.745,2.8925,-14.4776,85.489,6.5941,-10.3775,83.859,4.3786,-3.3676,5.5238,-1.629,1.3799,5.7983,-0.312,5.3022,-16.1471,84.171,2.498,2.1779,336.493,3.5383,0.0038,0.6198,161.5839,1,2.4974,2.5782,nan,3.5523,3.2303,0.1279,0.5136,1.0653,-2.2744,-0.3028,0.5268,11.3823,0.0800,1.0619,0.1836
91.550,332.925,2.8933,-14.2979,94.409,6.5941,-10.3775,83.859,3.6243,-3.9912,5.3912,-10.550,1.3799,5.7983,-0.312,5.3022,-16.1471,84.171,2.498,2.1779,336.690,3.4657,0.1701,0.6198,3.6441,1,2.6807,2.7574,nan,3.6302,3.4431,0.1364,0.5231,1.1664,-2.2826,-0.1926,0.4871,11.4822,0.0800,0.2740,0.1836
91.600,332.925,2.8933,-14.2979,94.409,6.0085,-9.5826,119.184,4.4618,-3.4685,5.6514,24.774,-5.5575,2.6070,25.102,5.3023,-15.9451,94.082,2.619,2.1821,336.690,3.5471,0.0031,0.8954,287.1681,1,2.8134,2.8687,nan,3.7912,3.5758,0.1416,0.5252,1.2241,-2.2895,-0.0771,0.4871,11.4822,0.0800,3.9345,0.1836
91.650,333.128,2.8620,-14.0970,104.059,5.6539,-9.3790,140.015,3.8985,-3.8544,5.4822,35.956,-7.7707,0.3295,35.654,5.2491,-15.7138,104.361,2.868,2.4083,336.923,3.5405,0.0617,0.7352,11.9203,1,2.8411,2.8687,nan,4.2177,3.7307,0.1478,0.5231,1.3492,-1.8673,0.2738,0.3213,11.9814,0.0800,3.9345,0.1836
91.700,333.339,2.7946,-13.8979,114.117,5.4986,-9.2877,147.765,3.1029,-4.3518,5.3447,33.647,-7.7707,0.3295,35.654,5.1762,-15.5491,112.110,3.056,2.5714,337.162,3.5206,0.0561,0.7462,13.2999,1,2.9063,2.9423,nan,4.3057,3.8436,0.1522,0.5010,1.4293,-1.5833,0.5285,0.2590,12.1811,0.0800,2.5695,0.1836
91.750,333.339,2.7946,-13.8979,114.117,5.3282,-9.3252,156.614,3.1383,-4.1809,5.2277,42.497,-9.2627,-1.8639,44.504,5.1762,-15.5491,112.110,3.056,2.5714,337.162,3.5206,0.0561,0.9023,16.0805,1,3.0930,4.1075,nan,4.4813,4.0769,0.1615,0.0757,1.5323,-1.2049,0.8095,0.1952,12.3808,0.0800,3.1204,0.1836
91.800,333.534,2.7018,-13.7258,123.463,4.8630,-9.2714,176.117,2.5244,-4.2591,4.9510,52.654,-10.1215,-3.5915,51.126,4.9823,-15.2307,124.991,3.249,2.6083,337.387,3.4963,0.0142,0.5666,39.8067,1,3.0637,3.0841,nan,4.5680,4.0687,0.1611,-0.0465,1.5178,-1.1238,0.8974,0.1684,12.4806,0.0800,2.1713,0.1885
91.850,333.864,3.0175,-13.6286,70.061,4.7059,-9.2823,185.960,4.6615,-0.1050,4.6627,115.900,-10.1215,-3.5915,51.126,4.8752,-15.1152,134.834,0.222,0.0338,337.661,3.1398,0.0017,0.4614,277.1245,1,3.0600,3.0841,nan,4.6046,4.0833,0.1617,-0.3984,1.5565,-0.8721,1.1435,0.1684,12.4806,0.0800,2.1713,0.1885
91.900,333.864,3.0175,-13.6286,70.061,4.6959,-9.2715,186.413,4.6683,-0.0919,4.6692,116.352,-10.1761,-3.6979,51.579,4.8752,-15.1152,134.834,0.222,0.0338,337.661,3.1398,0.0017,0.4600,276.2797,0,0.2264,3.6239,nan,4.3478,1.2881,0.0510,0.9880,0.8000,-1.1329,-0.1327,0.1049,12.6803,0.0800,8.9957,0.1885
91.950,333.902,3.0296,-13.5934,70.286,4.5324,-8.9412,125.284,4.8865,0.1546,4.8889,54.998,-10.5086,-4.6470,55.074,5.0905,-14.7905,70.210,0.676,0.0140,337.974,3.4687,0.0011,0.6680,627.8869,0,0.2264,3.6239,nan,4.3478,1.2881,0.0510,0.9880,0.8000,-1.1329,-0.1327,0.1049,12.6803,0.0800,8.9957,0.1885
92.000,333.965,3.0508,-13.5335,69.051,4.3359,-8.6660,125.420,5.0053,0.5402,5.0343,56.369,-10.5086,-4.6470,55.074,5.2037,-14.4719,70.346,0.943,-0.3704,338.227,3.6944,0.0005,0.6254,1175.6827,0,0.2264,3.6239,nan,4.3478,1.2881,0.0510,0.9880,0.8000,-1.1329,-0.1327,0.1049,12.6803,0.0800,8.9957,0.1885
92.050,333.965,3.0508,-13.5335,69.051,4.3359,-8.6660,125.420,5.0053,0.5402,5.0343,56.369,-10.5086,-4.6470,55.074,5.2037,-14.4719,70.346,0.943,-0.3704,338.227,3.6944,0.0005,0.6254,1175.6827,0,0.2264,3.6239,nan,4.3478,1.2881,0.0510,0.9880,0.8000,-1.1329,-0.1327,0.1049,12.6803,0.0800,8.9957,0.1885
92.100,334.016,3.0688,-13.4864,68.918,4.2490,-8.5208,122.742,5.0577,0.6849,5.1039,53.824,-10.5086,-4.6470,55.074,5.2729,-14.3175,67.668,0.571,-0.0041,338.227,3.8001,0.0018,0.6371,357.7462,0,0.2264,3.6239,nan,4.3478,1.2881,0.0510,0.9880,0.8000,-1.1329,-0.1327,0.1049,12.6803,0.0800,8.9957,0.1885
92.150,334.041,3.0778,-13.4623,68.925,4.3717,-8.7067,123.977,4.9028,0.5027,4.9285,55.052,-10.5086,-4.6470,55.074,5.1908,-14.5245,68.903,0.047,-0.0029,338.227,3.5889,0.0013,0.6653,495.9609,0,0.2264,3.6239,nan,4.3478,1.2881,0.0510,0.9880,0.8000,-1.1329,-0.1327,0.1049,12.6803,0.0800,8.9957,0.1885
92.200,334.042,3.0777,-13.4620,68.911,5.3698,-9.6079,69.800,4.4207,-0.7518,4.4842,0.889,-0.0451,4.8346,0.886,5.1908,-14.5245,68.914,-0.001,-0.0014,338.227,3.5888,0.0022,0.8938,406.8070,0,0.2264,3.6239,nan,4.3478,1.2881,0.0510,0.9880,0.8000,-1.1329,-0.1327,0.1049,12.6803,0.0800,8.9957,0.1885
92.250,334.042,3.0776,-13.4620,68.907,5.3698,-9.6079,69.792,4.4208,-0.7516,4.4842,0.885,-0.0451,4.8346,0.886,5.1908,-14.5245,68.906,-0.001,-0.0010,338.227,3.5888,0.0022,0.8939,411.2123,0,0.2264,3.6239,nan,4.3478,1.2881,0.0510,0.9880,0.8000,-1.1329,-0.1327,0.1049,12.6803,0.0800,8.9957,0.1885
92.300,334.042,3.0776,-13.4620,68.907,5.3698,-9.6079,69.792,4.4208,-0.7516,4.4842,0.885,-0.0451,4.8346,0.886,5.1908,-14.5245,68.906,-0.001,-0.0010,338.227,3.5888,0.0022,0.8939,411.2123,0,0.2264,3.6239,nan,4.3478,1.2881,0.0510,0.9880,0.8000,-1.1329,-0.1327,0.1049,12.6803,0.0800,8.9957,0.1885
92.350,334.042,3.0775,-13.4620,68.904,4.8752,-9.9203,70.600,3.9514,-0.4024,3.9718,1.696,-0.7435,4.4441,1.697,5.1908,-14.5245,68.903,-0.001,-0.0007,338.227,3.5889,0.0022,0.5640,259.4610,0,0.2264,3.6239,nan,4.3478,1.2881,0.0510,0.9880,0.8000,-1.1329,-0.1327,0.1049,12.6803,0.0800,8.9957,0.1885
92.400,334.042,3.0775,-13.4620,68.904,4.8752,-9.9203,70.600,3.9514,-0.4024,3.9718,1.696,-0.7435,4.4441,1.697,5.1908,-14.5245,68.903,-0.001,-0.0007,338.227,3.5889,0.0022,0.5640,259.4610,0,0.2264,3.6239,nan,4.3478,1.2881,0.0510,0.9880,0.8000,-1.1329,-0.1327,0.1049,12.6803,0.0800,8.9957,0.1885
92.450,334.042,3.0773,-13.4620,68.900,4.8752,-9.9203,70.597,3.9515,-0.4024,3.9719,1.697,-0.7435,4.4441,1.697,5.1908,-14.5245,68.900,-0.000,-0.0004,338.227,3.5891,0.0022,0.5640,256.6984,0,0.2264,3.6239,nan,4.3478,1.2881,0.0510,0.9880,0.8000,-1.1329,-0.1327,0.1049,12.6803,0.0800,8.9957,0.1885
92.500,334.042,3.0773,-13.4620,68.900,4.5329,-10.0339,70.591,3.7222,-0.1239,3.7243,1.691,-1.0844,4.3310,1.692,5.1908,-14.5245,68.900,-0.000,-0.0004,338.227,3.5891,0.0022,0.4412,200.8261,0,0.2264,3.6239,nan,4.3478,1.2881,0.0510,0.9880,0.8000,-1.1329,-0.1327,0.1049,12.6803,0.0800,8.9957,0.1885
92.550,334.042,3.0773,-13.4620,68.899,4.5329,-10.0339,70.590,3.7222,-0.1239,3.7243,1.691,-1.0844,4.3310,1.692,5.1908,-14.5245,68.899,-0.000,-0.0003,338.227,3.5891,0.0022,0.4412,200.8063,0,0.2264,3.6239,nan,4.3478,1.2881,0.0510,0.9880,0.8000,-1.1329,-0.1327,0.1049,12.6803,0.0800,8.9957,0.1885
92.600,334.042,3.0773,-13.4620,68.899,4.5329,-10.0339,70.590,3.7222,-0.1238,3.7243,1.691,-1.0844,4.3310,1.692,5.1908,-14.5245,68.898,-0.000,-0.0002,338.227,3.5891,0.0022,0.4411,200.7871,0,0.2264,3.6239,nan,4.3478,1.2881,0.0510,0.9880,0.8000,-1.1329,-0.1327,0.1049,12.6803,0.0800,8.9957,0.1885
92.650,334.042,3.0772,-13.4620,68.898,4.5329,-10.0339,70.589,3.7223,-0.1239,3.7243,1.691,-1.0844,4.3310,1.692,5.1908,-14.5245,68.898,-0.000,-0.0001,338.227,3.5892,0.0022,0.4411,200.7644,0,0.2264,3.6239,nan,4.3478,1.2881,0.0510,0.9880,0.8000,-1.1329,-0.1327,0.1049,12.6803,0.0800,8.9957,0.1885
92.700,334.042,3.0772,-13.4620,68.898,4.5329,-10.0339,70.589,3.7223,-0.1239,3.7243,1.691,-1.0844,4.3310,1.692,5.1908,-14.5245,68.898,-0.000,-0.0001,338.227,3.5892,0.0022,0.4411,200.7644,0,0.2264,3.6239,nan,4.3478,1.2881,0.0510,0.9880,0.8000,-1.1329,-0.1327,0.1049,12.6803,0.0800,8.9957,0.1885
92.750,334.042,3.0772,-13.4620,68.898,4.2617,-9.9070,74.624,3.7430,0.1749,3.7471,5.726,-2.3523,4.0271,5.726,5.1908,-14.5245,68.898,-0.000,-0.0001,338.227,3.5892,0.0022,0.5161,234.9147,0,0.2264,3.6239,nan,4.3478,1.2881,0.0510,0.9880,0.8000,-1.1329,-0.1327,0.1049,12.6803,0.0800,8.9957,0.1885
92.800,334.042,3.0772,-13.4620,68.898,4.2617,-9.9070,74.623,3.7430,0.1749,3.7471,5.726,-2.3523,4.0271,5.726,5.1908,-14.5245,68.897,-0.000,-0.0001,338.227,3.5892,0.0022,0.5161,232.4677,0,0.2264,3.6239,nan,4.3478,1.2881,0.0510,0.9880,0.8000,-1.1329,-0.1327,0.1049,12.6803,0.0800,8.9957,0.1885
92.850,334.042,3.0772,-13.4620,68.897,4.2617,-9.9070,74.623,3.7430,0.1749,3.7471,5.726,-2.3523,4.0271,5.726,5.1908,-14.5245,68.897,-0.000,-0.0001,338.227,3.5892,0.0022,0.5161,232.4677,0,0.2264,3.6239,nan,4.3478,1.2881,0.0510,0.9880,0.8000,-1.1329,-0.1327,0.1049,12.6803,0.0800,8.9957,0.1885
92.900,334.042,3.0772,-13.4620,68.897,4.2617,-9.9070,74.623,3.7430,0.1749,3.7471,5.726,-2.3523,4.0271,5.726,5.1908,-14.5245,68.897,-0.000,-0.0001,338.227,3.5892,0.0022,0.5161,232.4677,0,0.2264,3.6239,nan,4.3478,1.2881,0.0510,0.9880,0.8000,-1.1329,-0.1327,0.1049,12.6803,0.0800,8.9957,0.1885
92.951,334.042,3.0772,-13.4620,68.897,4.2617,-9.9070,74.623,3.7430,0.1749,3.7471,5.726,-2.3523,4.0271,5.726,5.1908,-14.5245,68.897,0.000,0.0000,338.227,3.5892,0.0022,0.5161,232.4694,0,0.2264,3.6239,nan,4.3478,1.2881,0.0510,0.9880,0.8000,-1.1329,-0.1327,0.1049,12.6803,0.0800,8.9957,0.1885
93.000,334.042,3.0772,-13.4620,68.897,4.2617,-9.9070,74.623,3.7430,0.1749,3.7471,5.726,-2.3523,4.0271,5.726,5.1908,-14.5245,68.897,0.000,0.0000,338.227,3.5892,0.0022,0.5161,232.4694,0,0.2264,3.6239,nan,4.3478,1.2881,0.0510,0.9880,0.8000,-1.1329,-0.1327,0.1049,12.6803,0.0800,8.9957,0.1885
93.050,334.042,3.0772,-13.4620,68.897,4.2617,-9.9070,74.623,3.7430,0.1749,3.7471,5.726,-2.3523,4.0271,5.726,5.1908,-14.5245,68.897,0.000,0.0000,338.227,3.5892,0.0022,0.5161,232.4694,0,0.2264,3.6239,nan,4.3478,1.2881,0.0510,0.9880,0.8000,-1.1329,-0.1327,0.1049,12.6803,0.0800,8.9957,0.1885
93.100,334.042,3.0772,-13.4620,68.897,4.2617,-9.9070,74.623,3.7430,0.1749,3.7471,5.726,-2.3523,4.0271,5.726,5.1908,-14.5245,68.897,0.000,0.0000,338.227,3.5892,0.0022,0.5161,232.4694,0,0.2264,3.6239,nan,4.3478,1.2881,0.0510,0.9880,0.8000,-1.1329,-0.1327,0.1049,12.6803,0.0800,8.9957,0.1885
93.150,334.042,3.0772,-13.4620,68.897,4.0439,-9.5332,81.441,4.0134,0.5126,4.0460,12.544,-4.1776,3.5171,12.544,5.1908,-14.5245,68.897,0.000,0.0000,338.227,3.5892,0.0022,0.6657,299.8513,0,0.2264,3.6239,nan,4.3478,1.2881,0.0510,0.9880,0.8000,-1.1329,-0.1327,0.1049,12.6803,0.0800,8.9957,0.1885
93.200,334.042,3.0772,-13.4620,68.897,4.0439,-9.5332,81.441,4.0134,0.5126,4.0460,12.544,-4.1776,3.5171,12.544,5.1908,-14.5245,68.897,0.000,0.0000,338.227,3.5892,0.0022,0.6657,299.8513,0,0.2264,3.6239,nan,4.3478,1.2881,0.0510,0.9880,0.8000,-1.1329,-0.1327,0.1049,12.6803,0.0800,8.9957,0.1885
93.250,334.042,3.0772,-13.4620,68.897,4.0439,-9.5332,81.441,4.0134,0.5126,4.0460,12.544,-4.1776,3.5171,12.544,5.1908,-14.5245,68.897,0.000,0.0000,338.227,3.5892,0.0022,0.6657,299.8513,0,0.2264,3.6239,nan,4.3478,1.2881,0.0510,0.9880,0.8000,-1.1329,-0.1327,0.1049,12.6803,0.0800,8.9957,0.1885
93.301,334.042,3.0772,-13.4620,68.897,5.3201,-9.7101,69.492,4.3079,-0.7416,4.3713,0.596,-0.0213,4.7597,0.595,5.1908,-14.5245,68.897,0.000,0.0000,338.227,3.5892,0.0022,0.8100,364.8353,0,0.2264,3.6239,nan,4.3478,1.2881,0.0510,0.9880,0.8000,-1.1329,-0.1327,0.1049,12.6803,0.0800,8.9957,0.1885
93.350,334.042,3.0772,-13.4620,68.897,5.3201,-9.7101,69.492,4.3079,-0.7416,4.3713,0.596,-0.0213,4.7597,0.595,5.1908,-14.5245,68.897,0.000,0.0000,338.227,3.5892,0.0022,0.8100,364.8353,0,0.2264,3.6239,nan,4.3478,1.2881,0.0510,0.9880,0.8000,-1.1329,-0.1327,0.1049,12.6803,0.0800,8.9957,0.1885
93.400,334.042,3.0772,-13.4620,68.897,5.3201,-9.7101,69.492,4.3079,-0.7416,4.3713,0.595,-0.0213,4.7597,0.595,5.1908,-14.5245,68.897,0.000,0.0000,338.227,3.5892,0.0022,0.8100,364.8353,0,0.2264,3.6239,nan,4.3478,1.2881,0.0510,0.9880,0.8000,-1.1329,-0.1327,0.1049,12.6803,0.0800,8.9957,0.1885
93.450,334.042,3.0772,-13.4620,68.897,5.3201,-9.7101,69.492,4.3079,-0.7416,4.3713,0.595,-0.0213,4.7597,0.595,5.1908,-14.5245,68.897,0.000,0.0000,338.227,3.5892,0.0022,0.8100,364.8353,0,0.2264,3.6239,nan,4.3478,1.2881,0.0510,0.9880,0.8000,-1.1329,-0.1327,0.1049,12.6803,0.0800,8.9957,0.1885
93.500,334.042,3.0772,-13.4620,68.897,5.3201,-9.7101,69.492,4.3079,-0.7416,4.3713,0.595,-0.0213,4.7597,0.595,5.1908,-14.5245,68.897,0.000,0.0000,338.227,3.5892,0.0022,0.8100,364.8353,0,0.2264,3.6239,nan,4.3478,1.2881,0.0510,0.9880,0.8000,-1.1329,-0.1327,0.1049,12.6803,0.0800,8.9957,0.1885
93.550,334.042,3.0772,-13.4620,68.897,5.3201,-9.7101,69.492,4.3079,-0.7416,4.3713,0.595,-0.0213,4.7597,0.595,5.1908,-14.5245,68.897,0.000,0.0000,338.227,3.5892,0.0022,0.8100,364.8353,0,0.2264,3.6239,nan,4.3478,1.2881,0.0510,0.9880,0.8000,-1.1329,-0.1327,0.1049,12.6803,0.0800,8.9957,0.1885
93.600,334.042,3.0772,-13.4620,68.897,4.9368,-10.0839,69.639,3.8210,-0.5186,3.8561,0.742,-0.4417,4.3721,0.742,5.1908,-14.5245,68.897,0.000,0.0000,338.227,3.5892,0.0022,0.5124,230.7892,0,0.2264,3.6239,nan,4.3478,1.2881,0.0510,0.9880,0.8000,-1.1329,-0.1327,0.1049,12.6803,0.0800,8.9957,0.1885
93.650,334.042,3.0772,-13.4620,68.897,4.9368,-10.0839,69.639,3.8210,-0.5186,3.8561,0.742,-0.4417,4.3721,0.742,5.1908,-14.5245,68.897,0.000,0.0000,338.227,3.5892,0.0022,0.5124,230.7892,0,0.2264,3.6239,nan,4.3478,1.2881,0.0510,0.9880,0.8000,-1.1329,-0.1327,0.1049,12.6803,0.0800,8.9957,0.1885
93.700,334.042,3.0772,-13.4620,68.897,4.9368,-10.0839,69.639,3.8210,-0.5186,3.8561,0.742,-0.4417,4.3721,0.742,5.1908,-14.5245,68.897,0.000,0.0000,338.227,3.5892,0.0022,0.5124,230.7892,0,0.2264,3.6239,nan,4.3478,1.2881,0.0510,0.9880,0.8000,-1.1329,-0.1327,0.1049,12.6803,0.0800,8.9957,0.1885
93.750,334.042,3.0772,-13.4620,68.897,4.9368,-10.0839,69.639,3.8210,-0.5186,3.8561,0.742,-0.4417,4.3721,0.742,5.1908,-14.5245,68.897,0.000,0.0000,338.227,3.5892,0.0022,0.5124,230.7892,0,0.2264,3.6239,nan,4.3478,1.2881,0.0510,0.9880,0.8000,-1.1329,-0.1327,0.1049,12.6803,0.0800,8.9957,0.1885
93.800,334.042,3.0772,-13.4620,68.897,4.9368,-10.0839,69.639,3.8210,-0.5186,3.8561,0.742,-0.4417,4.3721,0.742,5.1908,-14.5245,68.897,0.000,0.0000,338.227,3.5892,0.0022,0.5124,230.7892,0,0.2264,3.6239,nan,4.3478,1.2881,0.0510,0.9880,0.8000,-1.1329,-0.1327,0.1049,12.6803,0.0800,8.9957,0.1885
93.850,334.042,3.0772,-13.4620,68.897,4.9368,-10.0839,69.639,3.8210,-0.5186,3.8561,0.742,-0.4417,4.3721,0.742,5.1908,-14.5245,68.897,0.000,0.0000,338.227,3.5892,0.0022,0.5124,230.7892,0,0.2264,3.6239,nan,4.3478,1.2881,0.0510,0.9880,0.8000,-1.1329,-0.1327,0.1049,12.6803,0.0800,8.9957,0.1885
93.900,334.042,3.0772,-13.4620,68.897,4.9368,-10.0839,69.639,3.8210,-0.5186,3.8561,0.742,-0.4417,4.3721,0.742,5.1908,-14.5245,68.897,0.000,0.0000,338.227,3.5892,0.0022,0.5124,230.7892,0,0.2264,3.6239,nan,4.3478,1.2881,0.0510,0.9880,0.8000,-1.1329,-0.1327,0.1049,12.6803,0.0800,8.9957,0.1885
93.950,334.042,3.0772,-13.4620,68.897,4.9368,-10.0839,69.639,3.8210,-0.5186,3.8561,0.742,-0.4417,4.3721,0.742,5.1908,-14.5245,68.897,0.000,0.0000,338.227,3.5892,0.0022,0.5124,230.7892,0,0.2264,3.6239,nan,4.3478,1.2881,0.0510,0.9880,0.8000,-1.1329,-0.1327,0.1049,12.6803,0.0800,8.9957,0.1885
94.000,334.042,3.0772,-13.4620,68.897,4.9368,-10.0839,69.639,3.8210,-0.5186,3.8561,0.742,-0.4417,4.3721,0.742,5.1908,-14.5245,68.897,0.000,0.0000,338.227,3.5892,0.0022,0.5124,230.7892,0,0.2264,3.6239,nan,4.3478,1.2881,0.0510,0.9880,0.8000,-1.1329,-0.1327,0.1049,12.6803,0.0800,8.9957,0.1885
94.050,334.042,3.0772,-13.4620,68.897,4.9368,-10.0839,69.639,3.8210,-0.5186,3.8561,0.742,-0.4417,4.3721,0.742,5.1908,-14.5245,68.897,0.000,0.0000,338.227,3.5892,0.0022,0.5124,230.7892,0,0.2264,3.6239,nan,4.3478,1.2881,0.0510,0.9880,0.8000,-1.1329,-0.1327,0.1049,12.6803,0.0800,8.9957,0.1885
94.100,334.042,3.0772,-13.4620,68.897,4.9368,-10.0839,69.639,3.8210,-0.5186,3.8561,0.742,-0.4417,4.3721,0.742,5.1908,-14.5245,68.897,0.000,0.0000,338.227,3.5892,0.0022,0.5124,230.7892,0,0.2264,3.6239,nan,4.3478,1.2881,0.0510,0.9880,0.8000,-1.1329,-0.1327,0.1049,12.6803,0.0800,8.9957,0.1885
94.150,334.042,3.0772,-13.4620,68.897,4.9368,-10.0839,69.639,3.8210,-0.5186,3.8561,0.742,-0.4417,4.3721,0.742,5.1908,-14.5245,68.897,0.000,0.0000,338.227,3.5892,0.0022,0.5124,230.7892,0,0.2264,3.6239,nan,4.3478,1.2881,0.0510,0.9880,0.8000,-1.1329,-0.1327,0.1049,12.6803,0.0800,8.9957,0.1885
94.200,334.042,3.0772,-13.4620,68.897,4.9368,-10.0839,69.639,3.8210,-0.5186,3.8561,0.742,-0.4417,4.3721,0.742,5.1908,-14.5245,68.897,0.000,0.0000,338.227,3.5892,0.0022,0.5124,230.7892,0,0.2264,3.6239,nan,4.3478,1.2881,0.0510,0.9880,0.8000,-1.1329,-0.1327,0.1049,12.6803,0.0800,8.9957,0.1885
94.250,334.042,3.0772,-13.4620,68.897,4.9368,-10.0839,69.639,3.8210,-0.5186,3.8561,0.742,-0.4417,4.3721,0.742,5.1908,-14.5245,68.897,0.000,0.0000,338.227,3.5892,0.0022,0.5124,230.7892,0,0.2264,3.6239,nan,4.3478,1.2881,0.0510,0.9880,0.8000,-1.1329,-0.1327,0.1049,12.6803,0.0800,8.9957,0.1885
94.300,334.042,3.0772,-13.4620,68.897,4.9368,-10.0839,69.639,3.8210,-0.5186,3.8561,0.742,-0.4417,4.3721,0.742,5.1908,-14.5245,68.897,0.000,0.0000,338.227,3.5892,0.0022,0.5124,230.7892,0,0.2264,3.6239,nan,4.3478,1.2881,0.0510,0.9880,0.8000,-1.1329,-0.1327,0.1049,12.6803,0.0800,8.9957,0.1885
94.350,334.042,3.0772,-13.4620,68.897,4.9368,-10.0839,69.639,3.8210,-0.5186,3.8561,0.742,-0.4417,4.3721,0.742,5.1908,-14.5245,68.897,0.000,0.0000,338.227,3.5892,0.0022,0.5124,230.7892,0,0.2264,3.6239,nan,4.3478,1.2881,0.0510,0.9880,0.8000,-1.1329,-0.1327,0.1049,12.6803,0.0800,8.9957,0.1885
94.400,334.042,3.0772,-13.4620,68.897,4.9368,-10.0839,69.639,3.8210,-0.5186,3.8561,0.742,-0.4417,4.3721,0.742,5.1908,-14.5245,68.897,0.000,0.0000,338.227,3.5892,0.0022,0.5124,230.7892,0,0.2264,3.6239,nan,4.3478,1.2881,0.0510,0.9880,0.8000,-1.1329,-0.1327,0.1049,12.6803,0.0800,8.9957,0.1885
94.450,334.042,3.0772,-13.4620,68.897,4.9368,-10.0839,69.639,3.8210,-0.5186,3.8561,0.742,-0.4417,4.3721,0.742,5.1908,-14.5245,68.897,0.000,0.0000,338.227,3.5892,0.0022,0.5124,230.7892,0,0.2264,3.6239,nan,4.3478,1.2881,0.0510,0.9880,0.8000,-1.1329,-0.1327,0.1049,12.6803,0.0800,8.9957,0.1885
94.500,334.042,3.0772,-13.4620,68.897,4.9368,-10.0839,69.639,3.8210,-0.5186,3.8561,0.742,-0.4417,4.3721,0.742,5.1908,-14.5245,68.897,0.000,0.0000,338.227,3.5892,0.0022,0.5124,230.7892,0,0.2264,3.6239,nan,4.3478,1.2881,0.0510,0.9880,0.8000,-1.1329,-0.1327,0.1049,12.6803,0.0800,8.9957,0.1885
94.550,334.042,3.0772,-13.4620,68.897,4.9368,-10.0839,69.639,3.8210,-0.5186,3.8561,0.742,-0.4417,4.3721,0.742,5.1908,-14.5245,68.897,0.000,0.0000,338.227,3.5892,0.0022,0.5124,230.7892,0,0.2264,3.6239,nan,4.3478,1.2881,0.0510,0.9880,0.8000,-1.1329,-0.1327,0.1049,12.6803,0.0800,8.9957,0.1885
94.600,334.042,3.0772,-13.4620,68.897,4.9368,-10.0839,69.639,3.8210,-0.5186,3.8561,0.742,-0.4417,4.3721,0.742,5.1908,-14.5245,68.897,0.000,0.0000,338.227,3.5892,0.0022,0.5124,230.7892,0,0.2264,3.6239,nan,4.3478,1.2881,0.0510,0.9880,0.8000,-1.1329,-0.1327,0.1049,12.6803,0.0800,8.9957,0.1885
94.650,334.042,3.0772,-13.4620,68.897,4.9368,-10.0839,69.639,3.8210,-0.5186,3.8561,0.742,-0.4417,4.3721,0.742,5.1908,-14.5245,68.897,0.000,0.0000,338.227,3.5892,0.0022,0.5124,230.7892,0,0.2264,3.6239,nan,4.3478,1.2881,0.0510,0.9880,0.8000,-1.1329,-0.1327,0.1049,12.6803,0.0800,8.9957,0.1885
94.700,334.042,3.0772,-13.4620,68.897,4.9368,-10.0839,69.639,3.8210,-0.5186,3.8561,0.742,-0.4417,4.3721,0.742,5.1908,-14.5245,68.897,0.000,0.0000,338.227,3.5892,0.0022,0.5124,230.7892,0,0.2264,3.6239,nan,4.3478,1.2881,0.0510,0.9880,0.8000,-1.1329,-0.1327,0.1049,12.6803,0.0800,8.9957,0.1885
94.750,334.042,3.0772,-13.4620,68.897,4.9368,-10.0839,69.639,3.8210,-0.5186,3.8561,0.742,-0.4417,4.3721,0.742,5.1908,-14.5245,68.897,0.000,0.0000,338.227,3.5892,0.0022,0.5124,230.7892,0,0.2264,3.6239,nan,4.3478,1.2881,0.0510,0.9880,0.8000,-1.1329,-0.1327,0.1049,12.6803,0.0800,8.9957,0.1885
94.800,334.042,3.0772,-13.4620,68.897,4.9368,-10.0839,69.639,3.8210,-0.5186,3.8561,0.742,-0.4417,4.3721,0.742,5.1908,-14.5245,68.897,0.000,0.0000,338.227,3.5892,0.0022,0.5124,230.7892,0,0.2264,3.6239,nan,4.3478,1.2881,0.0510,0.9880,0.8000,-1.1329,-0.1327,0.1049,12.6803,0.0800,8.9957,0.1885
94.850,334.042,3.0772,-13.4620,68.897,4.9368,-10.0839,69.639,3.8210,-0.5186,3.8561,0.742,-0.4417,4.3721,0.742,5.1908,-14.5245,68.897,0.000,0.0000,338.227,3.5892,0.0022,0.5124,230.7892,0,0.2264,3.6239,nan,4.3478,1.2881,0.0510,0.9880,0.8000,-1.1329,-0.1327,0.1049,12.6803,0.0800,8.9957,0.1885
94.900,334.042,3.0772,-13.4620,68.897,4.9368,-10.0839,69.639,3.8210,-0.5186,3.8561,0.742,-0.4417,4.3721,0.742,5.1908,-14.5245,68.897,0.000,0.0000,338.227,3.5892,0.0022,0.5124,230.7892,0,0.2264,3.6239,nan,4.3478,1.2881,0.0510,0.9880,0.8000,-1.1329,-0.1327,0.1049,12.6803,0.0800,8.9957,0.1885
94.950,334.042,3.0772,-13.4620,68.897,4.9368,-10.0839,69.639,3.8210,-0.5186,3.8561,0.742,-0.4417,4.3721,0.742,5.1908,-14.5245,68.897,0.000,0.0000,338.227,3.5892,0.0022,0.5124,230.7892,0,0.2264,3.6239,nan,4.3478,1.2881,0.0510,0.9880,0.8000,-1.1329,-0.1327,0.1049,12.6803,0.0800,8.9957,0.1885
95.000,334.042,3.0772,-13.4620,68.897,4.9368,-10.0839,69.639,3.8210,-0.5186,3.8561,0.742,-0.4417,4.3721,0.742,5.1908,-14.5245,68.897,0.000,0.0000,338.227,3.5892,0.0022,0.5124,230.7892,0,0.2264,3.6239,nan,4.3478,1.2881,0.0510,0.9880,0.8000,-1.1329,-0.1327,0.1049,12.6803,0.0800,8.9957,0.1885
95.050,334.042,3.0772,-13.4620,68.897,4.9368,-10.0839,69.639,3.8210,-0.5186,3.8561,0.742,-0.4417,4.3721,0.742,5.1908,-14.5245,68.897,0.000,0.0000,338.227,3.5892,0.0022,0.5124,230.7892,0,0.2264,3.6239,nan,4.3478,1.2881,0.0510,0.9880,0.8000,-1.1329,-0.1327,0.1049,12.6803,0.0800,8.9957,0.1885
95.100,334.042,3.0772,-13.4620,68.897,4.9368,-10.0839,69.639,3.8210,-0.5186,3.8561,0.742,-0.4417,4.3721,0.742,5.1908,-14.5245,68.897,0.000,0.0000,338.227,3.5892,0.0022,0.5124,230.7892,0,0.2264,3.6239,nan,4.3478,1.2881,0.0510,0.9880,0.8000,-1.1329,-0.1327,0.1049,12.6803,0.0800,8.9957,0.1885
95.150,334.042,3.0772,-13.4620,68.897,4.9368,-10.0839,69.639,3.8210,-0.5186,3.8561,0.742,-0.4417,4.3721,0.742,5.1908,-14.5245,68.897,0.000,0.0000,338.227,3.5892,0.0022,0.5124,230.7892,0,0.2264,3.6239,nan,4.3478,1.2881,0.0510,0.9880,0.8000,-1.1329,-0.1327,0.1049,12.6803,0.0800,8.9957,0.1885
95.200,334.042,3.0772,-13.4620,68.897,4.9368,-10.0839,69.639,3.8210,-0.5186,3.8561,0.742,-0.4417,4.3721,0.742,5.1908,-14.5245,68.897,0.000,0.0000,338.227,3.5892,0.0022,0.5124,230.7892,0,0.2264,3.6239,nan,4.3478,1.2881,0.0510,0.9880,0.8000,-1.1329,-0.1327,0.1049,12.6803,0.0800,8.9957,0.1885
95.250,334.042,3.0772,-13.4620,68.897,4.9368,-10.0839,69.639,3.8210,-0.5186,3.8561,0.742,-0.4417,4.3721,0.742,5.1908,-14.5245,68.897,0.000,0.0000,338.227,3.5892,0.0022,0.5124,230.7892,0,0.2264,3.6239,nan,4.3478,1.2881,0.0510,0.9880,0.8000,-1.1329,-0.1327,0.1049,12.6803,0.0800,8.9957,0.1885
95.300,334.042,3.0772,-13.4620,68.897,4.9368,-10.0839,69.639,3.8210,-0.5186,3.8561,0.742,-0.4417,4.3721,0.742,5.1908,-14.5245,68.897,0.000,0.0000,338.227,3.5892,0.0022,0.5124,230.7892,0,0.2264,3.6239,nan,4.3478,1.2881,0.0510,0.9880,0.8000,-1.1329,-0.1327,0.1049,12.6803,0.0800,8.9957,0.1885
95.350,334.042,3.0772,-13.4620,68.897,4.9368,-10.0839,69.639,3.8210,-0.5186,3.8561,0.742,-0.4417,4.3721,0.742,5.1908,-14.5245,68.897,0.000,0.0000,338.227,3.5892,0.0022,0.5124,230.7892,0,0.2264,3.6239,nan,4.3478,1.2881,0.0510,0.9880,0.8000,-1.1329,-0.1327,0.1049,12.6803,0.0800,8.9957,0.1885
95.400,334.042,3.0772,-13.4620,68.897,4.9368,-10.0839,69.639,3.8210,-0.5186,3.8561,0.742,-0.4417,4.3721,0.742,5.1908,-14.5245,68.897,0.000,0.0000,338.227,3.5892,0.0022,0.5124,230.7892,0,0.2264,3.6239,nan,4.3478,1.2881,0.0510,0.9880,0.8000,-1.1329,-0.1327,0.1049,12.6803,0.0800,8.9957,0.1885
95.450,334.042,3.0772,-13.4620,68.897,4.9368,-10.0839,69.639,3.8210,-0.5186,3.8561,0.742,-0.4417,4.3721,0.742,5.1908,-14.5245,68.897,0.000,0.0000,338.227,3.5892,0.0022,0.5124,230.7892,0,0.2264,3.6239,nan,4.3478,1.2881,0.0510,0.9880,0.8000,-1.1329,-0.1327,0.1049,12.6803,0.0800,8.9957,0.1885
95.500,334.042,3.0772,-13.4620,68.897,4.9368,-10.0839,69.639,3.8210,-0.5186,3.8561,0.742,-0.4417,4.3721,0.742,5.1908,-14.5245,68.897,0.000,0.0000,338.227,3.5892,0.0022,0.5124,230.7892,0,0.2264,3.6239,nan,4.3478,1.2881,0.0510,0.9880,0.8000,-1.1329,-0.1327,0.1049,12.6803,0.0800,8.9957,0.1885
95.550,334.042,3.0772,-13.4620,68.897,4.9368,-10.0839,69.639,3.8210,-0.5186,3.8561,0.742,-0.4417,4.3721,0.742,5.1908,-14.5245,68.897,0.000,0.0000,338.227,3.5892,0.0022,0.5124,230.7892,0,0.2264,3.6239,nan,4.3478,1.2881,0.0510,0.9880,0.8000,-1.1329,-0.1327,0.1049,12.6803,0.0800,8.9957,0.1885
95.600,334.042,3.0772,-13.4620,68.897,4.9368,-10.0839,69.639,3.8210,-0.5186,3.8561,0.742,-0.4417,4.3721,0.742,5.1908,-14.5245,68.897,0.000,0.0000,338.227,3.5892,0.0022,0.5124,230.7892,0,0.2264,3.6239,nan,4.3478,1.2881,0.0510,0.9880,0.8000,-1.1329,-0.1327,0.1049,12.6803,0.0800,8.9957,0.1885
95.650,334.042,3.0772,-13.4620,68.897,4.9368,-10.0839,69.639,3.8210,-0.5186,3.8561,0.742,-0.4417,4.3721,0.742,5.1908,-14.5245,68.897,0.000,0.0000,338.227,3.5892,0.0022,0.5124,230.7892,0,0.2264,3.6239,nan,4.3478,1.2881,0.0510,0.9880,0.8000,-1.1329,-0.1327,0.1049,12.6803,0.0800,8.9957,0.1885
95.700,334.042,3.0772,-13.4620,68.897,4.9368,-10.0839,69.639,3.8210,-0.5186,3.8561,0.742,-0.4417,4.3721,0.742,5.1908,-14.5245,68.897,0.000,0.0000,338.227,3.5892,0.0022,0.5124,230.7892,0,0.2264,3.6239,nan,4.3478,1.2881,0.0510,0.9880,0.8000,-1.1329,-0.1327,0.1049,12.6803,0.0800,8.9957,0.1885
95.750,334.042,3.0772,-13.4620,68.897,4.9368,-10.0839,69.639,3.8210,-0.5186,3.8561,0.742,-0.4417,4.3721,0.742,5.1908,-14.5245,68.897,0.000,0.0000,338.227,3.5892,0.0022,0.5124,230.7892,0,0.2264,3.6239,nan,4.3478,1.2881,0.0510,0.9880,0.8000,-1.1329,-0.1327,0.1049,12.6803,0.0800,8.9957,0.1885
95.800,334.042,3.0772,-13.4620,68.897,2.5431,-5.4351,193.601,7.2963,3.3883,8.0446,124.704,-6.4422,-17.9718,124.704,5.1908,-14.5245,68.897,0.000,0.0000,338.227,3.5892,0.0022,0.3278,147.6611,0,0.2264,3.6239,nan,4.3478,1.2881,0.0510,0.9880,0.8000,-1.1329,-0.1327,0.1049,12.6803,0.0800,8.9957,0.1885
95.850,334.042,3.0772,-13.4620,68.897,2.5431,-5.4351,193.601,7.2963,3.3883,8.0446,124.704,-6.4422,-17.9718,124.704,5.1908,-14.5245,68.897,0.000,0.0000,338.227,3.5892,0.0022,0.3278,147.6611,0,0.2264,3.6239,nan,4.3478,1.2881,0.0510,0.9880,0.8000,-1.1329,-0.1327,0.1049,12.6803,0.0800,8.9957,0.1885
95.900,334.042,3.0772,-13.4620,68.897,2.5431,-5.4351,193.601,7.2963,3.3883,8.0446,124.704,-6.4422,-17.9718,124.704,5.1908,-14.5245,68.897,0.000,0.0000,338.227,3.5892,0.0022,0.3278,147.6611,0,0.2264,3.6239,nan,4.3478,1.2881,0.0510,0.9880,0.8000,-1.1329,-0.1327,0.1049,12.6803,0.0800,8.9957,0.1885
95.950,334.042,3.0772,-13.4620,68.897,2.5431,-5.4351,193.601,7.2963,3.3883,8.0446,124.704,-6.4422,-17.9718,124.704,5.1908,-14.5245,68.897,0.000,0.0000,338.227,3.5892,0.0022,0.3278,147.6611,0,0.2264,3.6239,nan,4.3478,1.2881,0.0510,0.9880,0.8000,-1.1329,-0.1327,0.1049,12.6803,0.0800,8.9957,0.1885
96.000,334.042,3.0772,-13.4620,68.897,2.5431,-5.4351,193.601,7.2963,3.3883,8.0446,124.704,-6.4422,-17.9718,124.704,5.1908,-14.5245,68.897,0.000,0.0000,338.227,3.5892,0.0022,0.3278,147.6611,0,0.2264,3.6239,nan,4.3478,1.2881,0.0510,0.9880,0.8000,-1.1329,-0.1327,0.1049,12.6803,0.0800,8.9957,0.1885
96.050,334.042,3.0772,-13.4620,68.897,2.5431,-5.4351,193.601,7.2963,3.3883,8.0446,124.704,-6.4422,-17.9718,124.704,5.1908,-14.5245,68.897,0.000,0.0000,338.227,3.5892,0.0022,0.3278,147.6611,0,0.2264,3.6239,nan,4.3478,1.2881,0.0510,0.9880,0.8000,-1.1329,-0.1327,0.1049,12.6803,0.0800,8.9957,0.1885
96.100,334.042,3.0772,-13.4620,68.897,2.5431,-5.4351,193.601,7.2963,3.3883,8.0446,124.704,-6.4422,-17.9718,124.704,5.1908,-14.5245,68.897,0.000,0.0000,338.227,3.5892,0.0022,0.3278,147.6611,0,0.2264,3.6239,nan,4.3478,1.2881,0.0510,0.9880,0.8000,-1.1329,-0.1327,0.1049,12.6803,0.0800,8.9957,0.1885
96.150,334.042,3.0772,-13.4620,68.897,2.5431,-5.4351,193.601,7.2963,3.3883,8.0446,124.704,-6.4422,-17.9718,124.704,5.1908,-14.5245,68.897,0.000,0.0000,338.227,3.5892,0.0022,0.3278,147.6611,0,0.2264,3.6239,nan,4.3478,1.2881,0.0510,0.9880,0.8000,-1.1329,-0.1327,0.1049,12.6803,0.0800,8.9957,0.1885
96.200,334.042,3.0772,-13.4620,68.897,2.5431,-5.4351,193.601,7.2963,3.3883,8.0446,124.704,-6.4422,-17.9718,124.704,5.1908,-14.5245,68.897,0.000,0.0000,338.227,3.5892,0.0022,0.3278,147.6611,0,0.2264,3.6239,nan,4.3478,1.2881,0.0510,0.9880,0.8000,-1.1329,-0.1327,0.1049,12.6803,0.0800,8.9957,0.1885
96.250,334.042,3.0772,-13.4620,68.897,2.5431,-5.4351,193.601,7.2963,3.3883,8.0446,124.704,-6.4422,-17.9718,124.704,5.1908,-14.5245,68.897,0.000,0.0000,338.227,3.5892,0.0022,0.3278,147.6611,0,0.2264,3.6239,nan,4.3478,1.2881,0.0510,0.9880,0.8000,-1.1329,-0.1327,0.1049,12.6803,0.0800,8.9957,0.1885
96.300,334.042,3.0772,-13.4620,68.897,2.5431,-5.4351,193.601,7.2963,3.3883,8.0446,124.704,-6.4422,-17.9718,124.704,5.1908,-14.5245,68.897,0.000,0.0000,338.227,3.5892,0.0022,0.3278,147.6611,0,0.2264,3.6239,nan,4.3478,1.2881,0.0510,0.9880,0.8000,-1.1329,-0.1327,0.1049,12.6803,0.0800,8.9957,0.1885
96.350,334.042,3.0772,-13.4620,68.897,2.5431,-5.4351,193.601,7.2963,3.3883,8.0446,124.704,-6.4422,-17.9718,124.704,5.1908,-14.5245,68.897,0.000,0.0000,338.227,3.5892,0.0022,0.3278,147.6611,0,0.2264,3.6239,nan,4.3478,1.2881,0.0510,0.9880,0.8000,-1.1329,-0.1327,0.1049,12.6803,0.0800,8.9957,0.1885
96.400,334.042,3.0772,-13.4620,68.897,2.5431,-5.4351,193.601,7.2963,3.3883,8.0446,124.704,-6.4422,-17.9718,124.704,5.1908,-14.5245,68.897,0.000,0.0000,338.227,3.5892,0.0022,0.3278,147.6611,0,0.2264,3.6239,nan,4.3478,1.2881,0.0510,0.9880,0.8000,-1.1329,-0.1327,0.1049,12.6803,0.0800,8.9957,0.1885
96.450,334.042,3.0772,-13.4620,68.897,2.5431,-5.4351,193.601,7.2963,3.3883,8.0446,124.704,-6.4422,-17.9718,124.704,5.1908,-14.5245,68.897,0.000,0.0000,338.227,3.5892,0.0022,0.3278,147.6611,0,0.2264,3.6239,nan,4.3478,1.2881,0.0510,0.9880,0.8000,-1.1329,-0.1327,0.1049,12.6803,0.0800,8.9957,0.1885
96.500,334.042,3.0772,-13.4620,68.897,2.5431,-5.4351,193.601,7.2963,3.3883,8.0446,124.704,-6.4422,-17.9718,124.704,5.1908,-14.5245,68.897,0.000,0.0000,338.227,3.5892,0.0022,0.3278,147.6611,0,0.2264,3.6239,nan,4.3478,1.2881,0.0510,0.9880,0.8000,-1.1329,-0.1327,0.1049,12.6803,0.0800,8.9957,0.1885
96.550,334.042,3.0772,-13.4620,68.897,2.5431,-5.4351,193.601,7.2963,3.3883,8.0446,124.704,-6.4422,-17.9718,124.704,5.1908,-14.5245,68.897,0.000,0.0000,338.227,3.5892,0.0022,0.3278,147.6611,0,0.2264,3.6239,nan,4.3478,1.2881,0.0510,0.9880,0.8000,-1.1329,-0.1327,0.1049,12.6803,0.0800,8.9957,0.1885
96.600,334.048,3.0794,-13.4564,68.951,2.5431,-5.4351,193.601,7.2934,3.3814,8.0392,124.650,-6.4422,-17.9718,124.704,5.1908,-14.5245,68.897,0.250,0.0330,338.316,3.5841,0.0014,0.3278,240.2426,0,0.2264,3.6239,nan,4.3478,1.2881,0.0510,0.9880,0.8000,-1.1329,-0.1327,0.1049,12.6803,0.0800,8.9957,0.1885
96.650,334.048,3.0794,-13.4564,68.951,2.5431,-5.4351,193.601,7.2934,3.3814,8.0392,124.650,-6.4422,-17.9718,124.704,5.1908,-14.5245,68.897,0.250,0.0330,338.316,3.5841,0.0014,0.3278,240.2426,0,0.2264,3.6239,nan,4.3478,1.2881,0.0510,0.9880,0.8000,-1.1329,-0.1327,0.1049,12.6803,0.0800,8.9957,0.1885
96.700,334.048,3.0794,-13.4564,68.951,2.5431,-5.4351,193.601,7.2934,3.3814,8.0392,124.650,-6.4422,-17.9718,124.704,5.1908,-14.5245,68.897,0.250,0.0330,338.316,3.5841,0.0014,0.3278,240.2426,0,0.2264,3.6239,nan,4.3478,1.2881,0.0510,0.9880,0.8000,-1.1329,-0.1327,0.1049,12.6803,0.0800,8.9957,0.1885
96.750,334.048,3.0794,-13.4564,68.951,2.3113,-5.4091,156.480,7.2344,3.6072,8.0838,87.529,-12.4192,-9.9829,87.583,5.1908,-14.5245,68.897,0.250,0.0330,338.316,3.5841,0.0014,0.2947,216.0130,0,0.2264,3.6239,nan,4.3478,1.2881,0.0510,0.9880,0.8000,-1.1329,-0.1327,0.1049,12.6803,0.0800,8.9957,0.1885
96.800,334.048,3.0794,-13.4564,68.951,2.3113,-5.4091,156.480,7.2344,3.6072,8.0838,87.529,-12.4192,-9.9829,87.583,5.1908,-14.5245,68.897,0.250,0.0330,338.316,3.5841,0.0014,0.2947,216.0130,0,0.2264,3.6239,nan,4.3478,1.2881,0.0510,0.9880,0.8000,-1.1329,-0.1327,0.1049,12.6803,0.0800,8.9957,0.1885
96.850,334.048,3.0794,-13.4564,68.951,2.3113,-5.4091,156.480,7.2344,3.6072,8.0838,87.529,-12.4192,-9.9829,87.583,5.1908,-14.5245,68.897,0.250,0.0330,338.316,3.5841,0.0014,0.2947,216.0130,0,0.2264,3.6239,nan,4.3478,1.2881,0.0510,0.9880,0.8000,-1.1329,-0.1327,0.1049,12.6803,0.0800,8.9957,0.1885
96.900,334.048,3.0794,-13.4564,68.951,2.3113,-5.4091,156.480,7.2344,3.6072,8.0838,87.529,-12.4192,-9.9829,87.583,5.1908,-14.5245,68.897,0.250,0.0330,338.316,3.5841,0.0014,0.2947,216.0130,0,0.2264,3.6239,nan,4.3478,1.2881,0.0510,0.9880,0.8000,-1.1329,-0.1327,0.1049,12.6803,0.0800,8.9957,0.1885
96.950,334.048,3.0794,-13.4564,68.951,2.3113,-5.4091,156.480,7.2344,3.6072,8.0838,87.529,-12.4192,-9.9829,87.583,5.1908,-14.5245,68.897,0.250,0.0330,338.316,3.5841,0.0014,0.2947,216.0130,0,0.2264,3.6239,nan,4.3478,1.2881,0.0510,0.9880,0.8000,-1.1329,-0.1327,0.1049,12.6803,0.0800,8.9957,0.1885
97.000,334.048,3.0794,-13.4564,68.951,2.3113,-5.4091,156.480,7.2344,3.6072,8.0838,87.529,-12.4192,-9.9829,87.583,5.1908,-14.5245,68.897,0.250,0.0330,338.316,3.5841,0.0014,0.2947,216.0130,0,0.2264,3.6239,nan,4.3478,1.2881,0.0510,0.9880,0.8000,-1.1329,-0.1327,0.1049,12.6803,0.0800,8.9957,0.1885
97.050,334.048,3.0794,-13.4564,68.951,2.3113,-5.4091,156.480,7.2344,3.6072,8.0838,87.529,-12.4192,-9.9829,87.583,5.1908,-14.5245,68.897,0.250,0.0330,338.316,3.5841,0.0014,0.2947,216.0130,0,0.2264,3.6239,nan,4.3478,1.2881,0.0510,0.9880,0.8000,-1.1329,-0.1327,0.1049,12.6803,0.0800,8.9957,0.1885
97.100,334.048,3.0794,-13.4564,68.951,2.3113,-5.4091,156.480,7.2344,3.6072,8.0838,87.529,-12.4192,-9.9829,87.583,5.1908,-14.5245,68.897,0.250,0.0330,338.316,3.5841,0.0014,0.2947,216.0130,0,0.2264,3.6239,nan,4.3478,1.2881,0.0510,0.9880,0.8000,-1.1329,-0.1327,0.1049,12.6803,0.0800,8.9957,0.1885
97.150,334.048,3.0794,-13.4564,68.951,2.3113,-5.4091,156.480,7.2344,3.6072,8.0838,87.529,-12.4192,-9.9829,87.583,5.1908,-14.5245,68.897,0.250,0.0330,338.316,3.5841,0.0014,0.2947,216.0130,0,0.2264,3.6239,nan,4.3478,1.2881,0.0510,0.9880,0.8000,-1.1329,-0.1327,0.1049,12.6803,0.0800,8.9957,0.1885
97.200,334.048,3.0794,-13.4564,68.951,2.3113,-5.4091,156.480,7.2344,3.6072,8.0838,87.529,-12.4192,-9.9829,87.583,5.1908,-14.5245,68.897,0.250,0.0330,338.316,3.5841,0.0014,0.2947,216.0130,0,0.2264,3.6239,nan,4.3478,1.2881,0.0510,0.9880,0.8000,-1.1329,-0.1327,0.1049,12.6803,0.0800,8.9957,0.1885
97.250,334.048,3.0794,-13.4564,68.951,2.3113,-5.4091,156.480,7.2344,3.6072,8.0838,87.529,-12.4192,-9.9829,87.583,5.1908,-14.5245,68.897,0.250,0.0330,338.316,3.5841,0.0014,0.2947,216.0130,0,0.2264,3.6239,nan,4.3478,1.2881,0.0510,0.9880,0.8000,-1.1329,-0.1327,0.1049,12.6803,0.0800,8.9957,0.1885
97.300,334.048,3.0794,-13.4564,68.951,2.3113,-5.4091,156.480,7.2344,3.6072,8.0838,87.529,-12.4192,-9.9829,87.583,5.1908,-14.5245,68.897,0.250,0.0330,338.316,3.5841,0.0014,0.2947,216.0130,0,0.2264,3.6239,nan,4.3478,1.2881,0.0510,0.9880,0.8000,-1.1329,-0.1327,0.1049,12.6803,0.0800,8.9957,0.1885
97.350,334.048,3.0794,-13.4564,68.951,2.3113,-5.4091,156.480,7.2344,3.6072,8.0838,87.529,-12.4192,-9.9829,87.583,5.1908,-14.5245,68.897,0.250,0.0330,338.316,3.5841,0.0014,0.2947,216.0130,0,0.2264,3.6239,nan,4.3478,1.2881,0.0510,0.9880,0.8000,-1.1329,-0.1327,0.1049,12.6803,0.0800,8.9957,0.1885
97.400,334.048,3.0794,-13.4564,68.951,2.3113,-5.4091,156.480,7.2344,3.6072,8.0838,87.529,-12.4192,-9.9829,87.583,5.1908,-14.5245,68.897,0.250,0.0330,338.316,3.5841,0.0014,0.2947,216.0130,0,0.2264,3.6239,nan,4.3478,1.2881,0.0510,0.9880,0.8000,-1.1329,-0.1327,0.1049,12.6803,0.0800,8.9957,0.1885
97.450,334.048,3.0794,-13.4564,68.951,2.3113,-5.4091,156.480,7.2344,3.6072,8.0838,87.529,-12.4192,-9.9829,87.583,5.1908,-14.5245,68.897,0.250,0.0330,338.316,3.5841,0.0014,0.2947,216.0130,0,0.2264,3.6239,nan,4.3478,1.2881,0.0510,0.9880,0.8000,-1.1329,-0.1327,0.1049,12.6803,0.0800,8.9957,0.1885
97.500,334.048,3.0794,-13.4564,68.951,2.3113,-5.4091,156.480,7.2344,3.6072,8.0838,87.529,-12.4192,-9.9829,87.583,5.1908,-14.5245,68.897,0.250,0.0330,338.316,3.5841,0.0014,0.2947,216.0130,0,0.2264,3.6239,nan,4.3478,1.2881,0.0510,0.9880,0.8000,-1.1329,-0.1327,0.1049,12.6803,0.0800,8.9957,0.1885
97.550,334.048,3.0794,-13.4564,68.951,2.3113,-5.4091,156.480,7.2344,3.6072,8.0838,87.529,-12.4192,-9.9829,87.583,5.1908,-14.5245,68.897,0.250,0.0330,338.316,3.5841,0.0014,0.2947,216.0130,0,0.2264,3.6239,nan,4.3478,1.2881,0.0510,0.9880,0.8000,-1.1329,-0.1327,0.1049,12.6803,0.0800,8.9957,0.1885
97.600,334.100,3.0978,-13.4081,69.323,2.2294,-5.3736,156.723,7.2103,3.6494,8.0813,87.400,-12.4192,-9.9829,87.583,5.2229,-14.4412,69.140,0.774,0.1001,338.508,3.6157,0.0005,0.2886,623.9219,0,0.2264,3.6239,nan,4.3478,1.2881,0.0510,0.9880,0.8000,-1.1329,-0.1327,0.1049,12.6803,0.0800,8.9957,0.1885
97.650,334.100,3.0978,-13.4081,69.323,2.2294,-5.3736,156.723,7.2103,3.6494,8.0813,87.400,-12.4192,-9.9829,87.583,5.2229,-14.4412,69.140,0.774,0.1001,338.508,3.6157,0.0005,0.2886,623.9219,0,0.2264,3.6239,nan,4.3478,1.2881,0.0510,0.9880,0.8000,-1.1329,-0.1327,0.1049,12.6803,0.0800,8.9957,0.1885
97.700,334.100,3.0978,-13.4081,69.323,2.2294,-5.3736,156.723,7.2103,3.6494,8.0813,87.400,-12.4192,-9.9829,87.583,5.2229,-14.4412,69.140,0.774,0.1001,338.508,3.6157,0.0005,0.2886,623.9219,0,0.2264,3.6239,nan,4.3478,1.2881,0.0510,0.9880,0.8000,-1.1329,-0.1327,0.1049,12.6803,0.0800,8.9957,0.1885
97.750,334.100,3.0978,-13.4081,69.323,2.2294,-5.3736,156.723,7.2103,3.6494,8.0813,87.400,-12.4192,-9.9829,87.583,5.2229,-14.4412,69.140,0.774,0.1001,338.508,3.6157,0.0005,0.2886,623.9219,0,0.2264,3.6239,nan,4.3478,1.2881,0.0510,0.9880,0.8000,-1.1329,-0.1327,0.1049,12.6803,0.0800,8.9957,0.1885
97.800,334.100,3.0978,-13.4081,69.323,2.2294,-5.3736,156.723,7.2103,3.6494,8.0813,87.400,-12.4192,-9.9829,87.583,5.2229,-14.4412,69.140,0.774,0.1001,338.508,3.6157,0.0005,0.2886,623.9219,0,0.2264,3.6239,nan,4.3478,1.2881,0.0510,0.9880,0.8000,-1.1329,-0.1327,0.1049,12.6803,0.0800,8.9957,0.1885
97.850,334.100,3.0978,-13.4081,69.323,2.2294,-5.3736,156.723,7.2103,3.6494,8.0813,87.400,-12.4192,-9.9829,87.583,5.2229,-14.4412,69.140,0.774,0.1001,338.508,3.6157,0.0005,0.2886,623.9219,0,0.2264,3.6239,nan,4.3478,1.2881,0.0510,0.9880,0.8000,-1.1329,-0.1327,0.1049,12.6803,0.0800,8.9957,0.1885
97.900,334.100,3.0978,-13.4081,69.323,2.2294,-5.3736,156.723,7.2103,3.6494,8.0813,87.400,-12.4192,-9.9829,87.583,5.2229,-14.4412,69.140,0.774,0.1001,338.508,3.6157,0.0005,0.2886,623.9219,0,0.2264,3.6239,nan,4.3478,1.2881,0.0510,0.9880,0.8000,-1.1329,-0.1327,0.1049,12.6803,0.0800,8.9957,0.1885
97.950,334.100,3.0978,-13.4081,69.323,2.2294,-5.3736,156.723,7.2103,3.6494,8.0813,87.400,-12.4192,-9.9829,87.583,5.2229,-14.4412,69.140,0.774,0.1001,338.508,3.6157,0.0005,0.2886,623.9219,0,0.2264,3.6239,nan,4.3478,1.2881,0.0510,0.9880,0.8000,-1.1329,-0.1327,0.1049,12.6803,0.0800,8.9957,0.1885
98.000,334.100,3.0978,-13.4081,69.323,2.2294,-5.3736,156.723,7.2103,3.6494,8.0813,87.400,-12.4192,-9.9829,87.583,5.2229,-14.4412,69.140,0.774,0.1001,338.508,3.6157,0.0005,0.2886,623.9219,0,0.2264,3.6239,nan,4.3478,1.2881,0.0510,0.9880,0.8000,-1.1329,-0.1327,0.1049,12.6803,0.0800,8.9957,0.1885
98.050,334.100,3.0978,-13.4081,69.323,2.2294,-5.3736,156.723,7.2103,3.6494,8.0813,87.400,-12.4192,-9.9829,87.583,5.2229,-14.4412,69.140,0.774,0.1001,338.508,3.6157,0.0005,0.2886,623.9219,0,0.2264,3.6239,nan,4.3478,1.2881,0.0510,0.9880,0.8000,-1.1329,-0.1327,0.1049,12.6803,0.0800,8.9957,0.1885
98.100,334.100,3.0978,-13.4081,69.323,2.2294,-5.3736,156.723,7.2103,3.6494,8.0813,87.400,-12.4192,-9.9829,87.583,5.2229,-14.4412,69.140,0.774,0.1001,338.508,3.6157,0.0005,0.2886,623.9219,0,0.2264,3.6239,nan,4.3478,1.2881,0.0510,0.9880,0.8000,-1.1329,-0.1327,0.1049,12.6803,0.0800,8.9957,0.1885
98.150,334.100,3.0978,-13.4081,69.323,2.2294,-5.3736,156.723,7.2103,3.6494,8.0813,87.400,-12.4192,-9.9829,87.583,5.2229,-14.4412,69.140,0.774,0.1001,338.508,3.6157,0.0005,0.2886,623.9219,0,0.2264,3.6239,nan,4.3478,1.2881,0.0510,0.9880,0.8000,-1.1329,-0.1327,0.1049,12.6803,0.0800,8.9957,0.1885
98.200,334.100,3.0978,-13.4081,69.323,2.2294,-5.3736,156.723,7.2103,3.6494,8.0813,87.400,-12.4192,-9.9829,87.583,5.2229,-14.4412,69.140,0.774,0.1001,338.508,3.6157,0.0005,0.2886,623.9219,0,0.2264,3.6239,nan,4.3478,1.2881,0.0510,0.9880,0.8000,-1.1329,-0.1327,0.1049,12.6803,0.0800,8.9957,0.1885
98.250,334.100,3.0978,-13.4081,69.323,2.2294,-5.3736,156.723,7.2103,3.6494,8.0813,87.400,-12.4192,-9.9829,87.583,5.2229,-14.4412,69.140,0.774,0.1001,338.508,3.6157,0.0005,0.2886,623.9219,0,0.2264,3.6239,nan,4.3478,1.2881,0.0510,0.9880,0.8000,-1.1329,-0.1327,0.1049,12.6803,0.0800,8.9957,0.1885
98.300,334.100,3.0978,-13.4081,69.323,2.2294,-5.3736,156.723,7.2103,3.6494,8.0813,87.400,-12.4192,-9.9829,87.583,5.2229,-14.4412,69.140,0.774,0.1001,338.508,3.6157,0.0005,0.2886,623.9219,0,0.2264,3.6239,nan,4.3478,1.2881,0.0510,0.9880,0.8000,-1.1329,-0.1327,0.1049,12.6803,0.0800,8.9957,0.1885
98.350,334.100,3.0978,-13.4081,69.323,2.2294,-5.3736,156.723,7.2103,3.6494,8.0813,87.400,-12.4192,-9.9829,87.583,5.2229,-14.4412,69.140,0.774,0.1001,338.508,3.6157,0.0005,0.2886,623.9219,0,0.2264,3.6239,nan,4.3478,1.2881,0.0510,0.9880,0.8000,-1.1329,-0.1327,0.1049,12.6803,0.0800,8.9957,0.1885
98.400,334.100,3.0978,-13.4081,69.323,2.2294,-5.3736,156.723,7.2103,3.6494,8.0813,87.400,-12.4192,-9.9829,87.583,5.2229,-14.4412,69.140,0.774,0.1001,338.508,3.6157,0.0005,0.2886,623.9219,0,0.2264,3.6239,nan,4.3478,1.2881,0.0510,0.9880,0.8000,-1.1329,-0.1327,0.1049,12.6803,0.0800,8.9957,0.1885
98.450,334.100,3.0978,-13.4081,69.323,2.2294,-5.3736,156.723,7.2103,3.6494,8.0813,87.400,-12.4192,-9.9829,87.583,5.2229,-14.4412,69.140,0.774,0.1001,338.508,3.6157,0.0005,0.2886,623.9219,0,0.2264,3.6239,nan,4.3478,1.2881,0.0510,0.9880,0.8000,-1.1329,-0.1327,0.1049,12.6803,0.0800,8.9957,0.1885
98.500,334.100,3.0978,-13.4081,69.323,2.2294,-5.3736,156.723,7.2103,3.6494,8.0813,87.400,-12.4192,-9.9829,87.583,5.2229,-14.4412,69.140,0.774,0.1001,338.508,3.6157,0.0005,0.2886,623.9219,0,0.2264,3.6239,nan,4.3478,1.2881,0.0510,0.9880,0.8000,-1.1329,-0.1327,0.1049,12.6803,0.0800,8.9957,0.1885
98.550,334.100,3.0978,-13.4081,69.323,2.2294,-5.3736,156.723,7.2103,3.6494,8.0813,87.400,-12.4192,-9.9829,87.583,5.2229,-14.4412,69.140,0.774,0.1001,338.508,3.6157,0.0005,0.2886,623.9219,0,0.2264,3.6239,nan,4.3478,1.2881,0.0510,0.9880,0.8000,-1.1329,-0.1327,0.1049,12.6803,0.0800,8.9957,0.1885
98.600,334.203,3.1337,-13.3112,70.104,2.0531,-5.2984,157.480,7.1667,3.7430,8.0853,87.377,-12.4192,-9.9829,87.583,5.2905,-14.2619,69.897,1.284,0.1675,338.700,3.6901,0.0022,0.2785,129.4980,0,0.2264,3.6239,nan,4.3478,1.2881,0.0510,0.9880,0.8000,-1.1329,-0.1327,0.1049,12.6803,0.0800,8.9957,0.1885
98.650,334.203,3.1337,-13.3112,70.104,2.0531,-5.2984,157.480,7.1667,3.7430,8.0853,87.377,-12.4192,-9.9829,87.583,5.2905,-14.2619,69.897,1.284,0.1675,338.700,3.6901,0.0022,0.2785,129.4980,0,0.2264,3.6239,nan,4.3478,1.2881,0.0510,0.9880,0.8000,-1.1329,-0.1327,0.1049,12.6803,0.0800,8.9957,0.1885
98.700,334.203,3.1337,-13.3112,70.104,2.0531,-5.2984,157.480,7.1667,3.7430,8.0853,87.377,-12.4192,-9.9829,87.583,5.2905,-14.2619,69.897,1.284,0.1675,338.700,3.6901,0.0022,0.2785,129.4980,0,0.2264,3.6239,nan,4.3478,1.2881,0.0510,0.9880,0.8000,-1.1329,-0.1327,0.1049,12.6803,0.0800,8.9957,0.1885
98.750,334.203,3.1337,-13.3112,70.104,2.0858,-5.1928,174.657,7.2772,3.7482,8.1857,104.554,-10.3575,-13.9423,104.760,5.2905,-14.2619,69.897,1.284,0.1675,338.700,3.6901,0.0022,0.2633,122.4018,0,0.2264,3.6239,nan,4.3478,1.2881,0.0510,0.9880,0.8000,-1.1329,-0.1327,0.1049,12.6803,0.0800,8.9957,0.1885
98.800,334.203,3.1337,-13.3112,70.104,2.0858,-5.1928,174.657,7.2772,3.7482,8.1857,104.554,-10.3575,-13.9423,104.760,5.2905,-14.2619,69.897,1.284,0.1675,338.700,3.6901,0.0022,0.2633,122.4018,0,0.2264,3.6239,nan,4.3478,1.2881,0.0510,0.9880,0.8000,-1.1329,-0.1327,0.1049,12.6803,0.0800,8.9957,0.1885
98.850,334.203,3.1337,-13.3112,70.104,2.0858,-5.1928,174.657,7.2772,3.7482,8.1857,104.554,-10.3575,-13.9423,104.760,5.2905,-14.2619,69.897,1.284,0.1675,338.700,3.6901,0.0022,0.2633,122.4018,0,0.2264,3.6239,nan,4.3478,1.2881,0.0510,0.9880,0.8000,-1.1329,-0.1327,0.1049,12.6803,0.0800,8.9957,0.1885
98.900,334.203,3.1337,-13.3112,70.104,2.0858,-5.1928,174.657,7.2772,3.7482,8.1857,104.554,-10.3575,-13.9423,104.760,5.2905,-14.2619,69.897,1.284,0.1675,338.700,3.6901,0.0022,0.2633,122.4018,0,0.2264,3.6239,nan,4.3478,1.2881,0.0510,0.9880,0.8000,-1.1329,-0.1327,0.1049,12.6803,0.0800,8.9957,0.1885
98.950,334.203,3.1337,-13.3112,70.104,2.0858,-5.1928,174.657,7.2772,3.7482,8.1857,104.554,-10.3575,-13.9423,104.760,5.2905,-14.2619,69.897,1.284,0.1675,338.700,3.6901,0.0022,0.2633,122.4018,0,0.2264,3.6239,nan,4.3478,1.2881,0.0510,0.9880,0.8000,-1.1329,-0.1327,0.1049,12.6803,0.0800,8.9957,0.1885
99.000,334.203,3.1337,-13.3112,70.104,2.0858,-5.1928,174.657,7.2772,3.7482,8.1857,104.554,-10.3575,-13.9423,104.760,5.2905,-14.2619,69.897,1.284,0.1675,338.700,3.6901,0.0022,0.2633,122.4018,0,0.2264,3.6239,nan,4.3478,1.2881,0.0510,0.9880,0.8000,-1.1329,-0.1327,0.1049,12.6803,0.0800,8.9957,0.1885
99.050,334.203,3.1337,-13.3112,70.104,2.0858,-5.1928,174.657,7.2772,3.7482,8.1857,104.554,-10.3575,-13.9423,104.760,5.2905,-14.2619,69.897,1.284,0.1675,338.700,3.6901,0.0022,0.2633,122.4018,0,0.2264,3.6239,nan,4.3478,1.2881,0.0510,0.9880,0.8000,-1.1329,-0.1327,0.1049,12.6803,0.0800,8.9957,0.1885
99.100,334.203,3.1337,-13.3112,70.104,2.0858,-5.1928,174.657,7.2772,3.7482,8.1857,104.554,-10.3575,-13.9423,104.760,5.2905,-14.2619,69.897,1.284,0.1675,338.700,3.6901,0.0022,0.2633,122.4018,0,0.2264,3.6239,nan,4.3478,1.2881,0.0510,0.9880,0.8000,-1.1329,-0.1327,0.1049,12.6803,0.0800,8.9957,0.1885
99.150,334.203,3.1337,-13.3112,70.104,2.0858,-5.1928,174.657,7.2772,3.7482,8.1857,104.554,-10.3575,-13.9423,104.760,5.2905,-14.2619,69.897,1.284,0.1675,338.700,3.6901,0.0022,0.2633,122.4018,0,0.2264,3.6239,nan,4.3478,1.2881,0.0510,0.9880,0.8000,-1.1329,-0.1327,0.1049,12.6803,0.0800,8.9957,0.1885
