[INFO] [launch]: All log files can be found below /root/.ros/log/2026-09-08-10-59-51-349166-theflash-ASUS-TUF-Gaming-F15-FX507ZI4-FX507ZI-26
[INFO] [launch]: Default logging verbosity is set to INFO
[INFO] [launch.user]: [race] mode=dev  localizer=amcl  instruments=ON  bootstrap=truth
[INFO] [autodrive_bridge-1]: process started with pid [41]
[INFO] [dead_reckoning-2]: process started with pid [43]
[INFO] [amcl-5]: process started with pid [49]
[INFO] [localization_bootstrap-7]: process started with pid [53]
[INFO] [localization_error-8]: process started with pid [55]
[INFO] [static_transform_publisher-3]: process started with pid [45]
[INFO] [map_server-4]: process started with pid [47]
[INFO] [lifecycle_manager-6]: process started with pid [51]
[INFO] [static_transform_publisher-9]: process started with pid [57]
[lifecycle_manager-6] 1788865191.399968 [0] lifecycle_: selected interface "lo" is not multicast-capable: disabling multicast
[static_transform_publisher-3] 1788865191.402028 [0] static_tra: selected interface "lo" is not multicast-capable: disabling multicast
[amcl-5] 1788865191.402028 [0]       amcl: selected interface "lo" is not multicast-capable: disabling multicast
[lifecycle_manager-6] [INFO] [1788865191.402819164] [lifecycle_manager_localization]: Creating
[lifecycle_manager-6] [INFO] [1788865191.403846575] [lifecycle_manager_localization]: [34m[1mCreating and initializing lifecycle service clients[0m[0m
[static_transform_publisher-9] 1788865191.405269 [0] static_tra: selected interface "lo" is not multicast-capable: disabling multicast
[map_server-4] 1788865191.406308 [0] map_server: selected interface "lo" is not multicast-capable: disabling multicast
[static_transform_publisher-3] [INFO] [1788865191.406312733] [lidar_tf]: Spinning until stopped - publishing transform
[static_transform_publisher-3] translation: ('0.273300', '0.000000', '0.096000')
[static_transform_publisher-3] rotation: ('0.000000', '0.000000', '0.000000', '1.000000')
[static_transform_publisher-3] from 'roboracer_1' to 'lidar'
[amcl-5] [0m[INFO] [1788865191.406559417] [amcl]: 
[amcl-5] 	amcl lifecycle node launched. 
[amcl-5] 	Waiting on external lifecycle transitions to activate
[amcl-5] 	See https://design.ros2.org/articles/node_lifecycle.html for more information.[0m
[amcl-5] [0m[INFO] [1788865191.406893887] [amcl]: Creating[0m
[static_transform_publisher-9] [INFO] [1788865191.409374620] [map_world_tf]: Spinning until stopped - publishing transform
[static_transform_publisher-9] translation: ('0.000000', '0.000000', '0.000000')
[static_transform_publisher-9] rotation: ('0.000000', '0.000000', '0.000000', '1.000000')
[static_transform_publisher-9] from 'map' to 'world'
[map_server-4] [INFO] [1788865191.410377644] [map_server]: 
[map_server-4] 	map_server lifecycle node launched. 
[map_server-4] 	Waiting on external lifecycle transitions to activate
[map_server-4] 	See https://design.ros2.org/articles/node_lifecycle.html for more information.
[map_server-4] [INFO] [1788865191.410445335] [map_server]: Creating
[lifecycle_manager-6] [INFO] [1788865191.410694497] [lifecycle_manager_localization]: [34m[1mStarting managed nodes bringup...[0m[0m
[lifecycle_manager-6] [INFO] [1788865191.410725046] [lifecycle_manager_localization]: [34m[1mConfiguring map_server[0m[0m
[map_server-4] [INFO] [1788865191.428536293] [map_server]: Configuring
[map_server-4] [INFO] [1788865191.428601940] [map_io]: Loading yaml file: /home/autodrive_devkit/install/roboracer_stack/share/roboracer_stack/maps/track_clean.yaml
[map_server-4] [INFO] [1788865191.428792615] [map_io]: resolution: 0.05
[map_server-4] [INFO] [1788865191.428797756] [map_io]: origin[0]: -3.71
[map_server-4] [INFO] [1788865191.428800097] [map_io]: origin[1]: -8.61
[map_server-4] [INFO] [1788865191.428802300] [map_io]: origin[2]: 0
[map_server-4] [INFO] [1788865191.428804596] [map_io]: free_thresh: 0.25
[map_server-4] [INFO] [1788865191.428806792] [map_io]: occupied_thresh: 0.65
[map_server-4] [INFO] [1788865191.428809342] [map_io]: mode: trinary
[map_server-4] [INFO] [1788865191.428812524] [map_io]: negate: 0
[map_server-4] [INFO] [1788865191.428953310] [map_io]: Loading image_file: /home/autodrive_devkit/install/roboracer_stack/share/roboracer_stack/maps/track_clean.pgm
[map_server-4] [INFO] [1788865191.431075132] [map_io]: Read map /home/autodrive_devkit/install/roboracer_stack/share/roboracer_stack/maps/track_clean.pgm: 108 X 316 map @ 0.05 m/cell
[lifecycle_manager-6] [INFO] [1788865191.432841177] [lifecycle_manager_localization]: [34m[1mConfiguring amcl[0m[0m
[amcl-5] [0m[INFO] [1788865191.432949626] [amcl]: Configuring[0m
[amcl-5] [0m[INFO] [1788865191.433013702] [amcl]: initTransforms[0m
[amcl-5] [0m[INFO] [1788865191.437381768] [amcl]: initPubSub[0m
[amcl-5] [0m[INFO] [1788865191.438723802] [amcl]: Subscribed to map topic.[0m
[lifecycle_manager-6] [INFO] [1788865191.439709588] [lifecycle_manager_localization]: [34m[1mActivating map_server[0m[0m
[map_server-4] [INFO] [1788865191.441324077] [map_server]: Activating
[map_server-4] [INFO] [1788865191.441479270] [map_server]: Creating bond (map_server) to lifecycle manager.
[amcl-5] [0m[INFO] [1788865191.441598295] [amcl]: Received a 108 X 316 map @ 0.050 m/pix[0m
[lifecycle_manager-6] [INFO] [1788865191.544639452] [lifecycle_manager_localization]: Server map_server connected with bond.
[lifecycle_manager-6] [INFO] [1788865191.544683505] [lifecycle_manager_localization]: [34m[1mActivating amcl[0m[0m
[amcl-5] [0m[INFO] [1788865191.544881238] [amcl]: Activating[0m
[amcl-5] [0m[INFO] [1788865191.544928525] [amcl]: initialPoseReceived[0m
[amcl-5] [0m[INFO] [1788865191.545041034] [amcl]: Setting pose (1788865191.545041): 0.710 0.020 -1.599[0m
[amcl-5] [0m[INFO] [1788865191.546609565] [amcl]: Creating bond (amcl) to lifecycle manager.[0m
[lifecycle_manager-6] [INFO] [1788865191.648518379] [lifecycle_manager_localization]: Server amcl connected with bond.
[lifecycle_manager-6] [INFO] [1788865191.648563938] [lifecycle_manager_localization]: [34m[1mManaged nodes are active[0m[0m
[lifecycle_manager-6] [INFO] [1788865191.648580152] [lifecycle_manager_localization]: [34m[1mCreating bond timer...[0m[0m
[dead_reckoning-2] 1788865191.687702 [0] dead_recko: selected interface "lo" is not multicast-capable: disabling multicast
[localization_error-8] 1788865191.687890 [0] localizati: selected interface "lo" is not multicast-capable: disabling multicast
[localization_bootstrap-7] 1788865191.688294 [0] localizati: selected interface "lo" is not multicast-capable: disabling multicast
[dead_reckoning-2] [0m[INFO] [1788865191.726168943] [dead_reckoning]: dead reckoning: odom -> roboracer_1, wheel r=0.0581 m, scale=1.0, 200 Hz, tf +20 ms, extrapolate yaw=True pos=True[0m
[localization_error-8] [31m[ERROR] [1788865191.726765660] [localization_error]: RESTRICTED TOPIC: reading /autodrive/roboracer_1/odom (simulator ground-truth pose and twist) -- continuous comparison against TF map -> roboracer_1. This run is NOT race-legal; any lap time from it is a development number. See common/restricted.py.[0m
[localization_error-8] [0m[INFO] [1788865191.727133150] [localization_error]: sampling starts 1.0 s after /localization_ready; bootstrap is excluded (require_ready:=false to include it)[0m
[localization_bootstrap-7] [0m[INFO] [1788865191.740881129] [localization_bootstrap]: WARMUP SEED: reading /autodrive/roboracer_1/ips (simulator ground-truth position) ONCE -- initial pose seed. Legal: the first lap is warmup, this is read before the car moves, and it is released immediately after. Nothing reads ground truth afterwards.[0m
[localization_bootstrap-7] [0m[INFO] [1788865191.741299261] [localization_bootstrap]: mode=truth: seeding the initial pose from /ips + /imu before the car moves, then releasing /ips. Tracking is lidar + map + dead reckoning from there on.[0m
[localization_bootstrap-7] [0m[INFO] [1788865191.741535998] [localization_bootstrap]: waiting for amcl to reach the active state before sending anything[0m
[localization_error-8] [0m[INFO] [1788865191.761940643] [localization_error]: waiting for TF map -> roboracer_1: Could not find a connection between 'map' and 'roboracer_1' because they are not part of the same tree.Tf has two or more unconnected trees.[0m
[localization_bootstrap-7] [0m[INFO] [1788865191.793020538] [localization_bootstrap]: amcl is ACTIVE -- an initial pose will now be accepted[0m
[autodrive_bridge-1] 1788865191.846684 [0] autodrive_: selected interface "lo" is not multicast-capable: disabling multicast
[pure_pursuit] launch overrides: {'control_hz': 40.0}
[INFO] [pure_pursuit-10]: process started with pid [225]
[pure_pursuit-10] 1788865193.578957 [0] pure_pursu: selected interface "lo" is not multicast-capable: disabling multicast
[pure_pursuit-10] [0m[INFO] [1788865193.620334148] [pure_pursuit]: path: 400 points, 27.82 m lap, from /home/autodrive_devkit/install/roboracer_stack/share/roboracer_stack/raceline/raceline_a7.0.csv[0m
[pure_pursuit-10] [0m[INFO] [1788865193.623415703] [pure_pursuit]: pose from TF map -> roboracer_1 (continuous); /amcl_pose kept as a fallback[0m
[pure_pursuit-10] [0m[INFO] [1788865193.624072663] [pure_pursuit]: steering on /amcl_pose[0m
[pure_pursuit-10] [0m[INFO] [1788865193.625650644] [pure_pursuit]: speed_source=tire  throttle_mode=slip  slip band [-0.08, +0.08]  u_launch 0.4 m/s  lookahead 0.8-2.2 m (k 0.55)  latency_comp 0.05 s[0m
[pure_pursuit-10] [33m[WARN] [1788865193.625938863] [pure_pursuit]: dev_lap_telemetry ON: subscribing to RESTRICTED lap topics[0m
[pure_pursuit-10] [0m[INFO] [1788865193.626805279] [pure_pursuit]: holding until /localization_ready[0m
[localization_bootstrap-7] [0m[INFO] [1788865193.742226371] [localization_bootstrap]: waiting for ground truth: ips=-- imu=--[0m
[localization_bootstrap-7] [0m[INFO] [1788865195.742409217] [localization_bootstrap]: waiting for ground truth: ips=-- imu=--[0m
[localization_error-8] [0m[INFO] [1788865196.712312722] [localization_error]: waiting for TF map -> roboracer_1 ...[0m
[autodrive_bridge-1] Connected!
[pure_pursuit-10] [0m[INFO] [1788865197.318948111] [pure_pursuit]: lap 0: inf s[0m
[amcl-5] [0m[INFO] [1788865197.342176068] [amcl]: initialPoseReceived[0m
[amcl-5] [0m[INFO] [1788865197.342258224] [amcl]: Setting pose (1788865197.342258): 0.800 3.158 -1.571[0m
[localization_bootstrap-7] [0m[INFO] [1788865197.342692585] [localization_bootstrap]: seed 1/5: x=+0.800 y=+3.158 yaw=-90.0 deg -- awaiting confirmation[0m
[localization_bootstrap-7] [33m[WARN] [1788865197.343304237] [localization_bootstrap]: MEASURED SPAWN is 3.140 m / 1.6 deg from roboracer_stack.common.frames.SPAWN_* -- OUTSIDE slam_toolbox's +-0.5 m seed search, so any run that falls back to it CANNOT recover and the offset is frozen for the whole run. This run is seeded and therefore fine; the FALLBACK is what is wrong.
[localization_bootstrap-7]     Paste into common/frames.py so bootstrap:=false and bootstrap_mode:=global start somewhere real:
[localization_bootstrap-7]         SPAWN_X = '0.800'
[localization_bootstrap-7]         SPAWN_Y = '3.158'
[localization_bootstrap-7]         SPAWN_YAW = '-1.5707'[0m
[amcl-5] [0m[INFO] [1788865197.375673305] [amcl]: createLaserObject[0m
[amcl-5] [0m[INFO] [1788865197.392103393] [amcl]: Requesting no-motion update[0m
[localization_bootstrap-7] [0m[INFO] [1788865197.742458334] [localization_bootstrap]: seed 1/5 sent, awaiting a fresh /amcl_pose to confirm it[0m
[amcl-5] [0m[INFO] [1788865197.792027130] [amcl]: Requesting no-motion update[0m
[amcl-5] [0m[INFO] [1788865197.818468928] [amcl]: Message Filter dropping message: frame 'lidar' at time 1788865197.318 for reason 'the timestamp on the message is earlier than all the data in the transform cache'[0m
[amcl-5] [0m[INFO] [1788865198.192106241] [amcl]: Requesting no-motion update[0m
[amcl-5] [0m[INFO] [1788865198.641957964] [amcl]: Requesting no-motion update[0m
[amcl-5] [0m[INFO] [1788865199.091840239] [amcl]: Requesting no-motion update[0m
[localization_bootstrap-7] [0m[INFO] [1788865199.392461473] [localization_bootstrap]: localization_bootstrap: released /autodrive/roboracer_1/ips -- no restricted topic is read from here on; the timed laps are clean.[0m
[localization_bootstrap-7] [0m[INFO] [1788865199.392749645] [localization_bootstrap]: seed CONFIRMED on attempt 1: the estimate is 0.7 cm / 0.0 deg from truth (pos std 0.051 m). Tracking is now lidar + map + dead reckoning only.[0m
[localization_bootstrap-7] [0m[INFO] [1788865199.392954390] [localization_bootstrap]: /localization_ready = true, follower may take over[0m
[localization_error-8] [0m[INFO] [1788865199.392982188] [localization_error]: /localization_ready latched -- sampling opens in 1.0 s (31 bootstrap samples discarded)[0m
[pure_pursuit-10] [0m[INFO] [1788865199.393312705] [pure_pursuit]: localization converged, taking over[0m
[localization_error-8] [0m[INFO] [1788865201.712354101] [localization_error]: now[ 27] 0.449 m / 1.27 deg  |  session[n=27] mean 0.449 p95 0.707 max 0.768 m, heading mean 1.27 max 3.18 deg[0m
[pure_pursuit-10] [0m[INFO] [1788865206.594906327] [pure_pursuit]: lap 1: 23.86 s[0m
[localization_error-8] [0m[INFO] [1788865206.712423124] [localization_error]: now[127] 0.296 m / 2.03 deg  |  session[n=127] mean 0.296 p95 0.563 max 0.768 m, heading mean 2.03 max 7.25 deg[0m
[localization_error-8] [0m[INFO] [1788865211.712897361] [localization_error]: now[200] 0.317 m / 2.25 deg  |  session[n=227] mean 0.333 p95 0.700 max 0.886 m, heading mean 2.13 max 7.25 deg[0m
[pure_pursuit-10] [0m[INFO] [1788865213.138170433] [pure_pursuit]: lap 2: 6.56 s[0m
[localization_error-8] [0m[INFO] [1788865216.712350996] [localization_error]: now[200] 0.340 m / 2.27 deg  |  session[n=327] mean 0.323 p95 0.674 max 0.886 m, heading mean 2.17 max 7.25 deg[0m
[pure_pursuit-10] [0m[INFO] [1788865219.672035381] [pure_pursuit]: lap 3: 6.55 s[0m
[localization_error-8] [0m[INFO] [1788865221.712310018] [localization_error]: now[200] 0.338 m / 2.21 deg  |  session[n=427] mean 0.335 p95 0.705 max 1.033 m, heading mean 2.17 max 7.33 deg[0m
[pure_pursuit-10] [0m[INFO] [1788865226.288264504] [pure_pursuit]: lap 4: 6.59 s[0m
[localization_error-8] [0m[INFO] [1788865226.712551388] [localization_error]: now[200] 0.332 m / 2.17 deg  |  session[n=527] mean 0.326 p95 0.685 max 1.033 m, heading mean 2.17 max 8.02 deg[0m
[localization_error-8] [0m[INFO] [1788865231.712574106] [localization_error]: now[200] 0.312 m / 2.22 deg  |  session[n=627] mean 0.328 p95 0.692 max 1.033 m, heading mean 2.18 max 8.02 deg[0m
[pure_pursuit-10] [0m[INFO] [1788865232.932340630] [pure_pursuit]: lap 5: 6.62 s[0m
[localization_error-8] [0m[INFO] [1788865236.712401363] [localization_error]: now[200] 0.343 m / 2.33 deg  |  session[n=727] mean 0.331 p95 0.701 max 1.033 m, heading mean 2.21 max 8.02 deg[0m
[pure_pursuit-10] [0m[INFO] [1788865239.462996879] [pure_pursuit]: lap 6: 6.58 s[0m
[localization_error-8] [0m[INFO] [1788865241.712332671] [localization_error]: now[200] 0.354 m / 2.31 deg  |  session[n=827] mean 0.334 p95 0.712 max 1.033 m, heading mean 2.21 max 8.02 deg[0m
[pure_pursuit-10] [0m[INFO] [1788865245.998605917] [pure_pursuit]: lap 7: 6.53 s[0m
[localization_error-8] [0m[INFO] [1788865246.712838556] [localization_error]: now[200] 0.341 m / 2.51 deg  |  session[n=927] mean 0.333 p95 0.702 max 1.033 m, heading mean 2.28 max 8.02 deg[0m
[localization_error-8] [0m[INFO] [1788865251.712636183] [localization_error]: now[200] 0.315 m / 2.67 deg  |  session[n=1027] mean 0.331 p95 0.701 max 1.033 m, heading mean 2.30 max 8.02 deg[0m
[pure_pursuit-10] [0m[INFO] [1788865252.618709905] [pure_pursuit]: lap 8: 6.57 s[0m
[localization_error-8] [0m[INFO] [1788865256.712392171] [localization_error]: now[200] 0.311 m / 2.20 deg  |  session[n=1127] mean 0.329 p95 0.698 max 1.033 m, heading mean 2.27 max 8.02 deg[0m
[pure_pursuit-10] [0m[INFO] [1788865259.180026449] [pure_pursuit]: lap 9: 6.58 s[0m
[localization_error-8] [0m[INFO] [1788865261.712803600] [localization_error]: now[200] 0.318 m / 2.19 deg  |  session[n=1227] mean 0.328 p95 0.697 max 1.033 m, heading mean 2.28 max 8.02 deg[0m
[pure_pursuit-10] [0m[INFO] [1788865265.745927901] [pure_pursuit]: lap 10: 6.57 s[0m
[localization_error-8] [0m[INFO] [1788865266.712896249] [localization_error]: now[200] 0.324 m / 2.40 deg  |  session[n=1327] mean 0.328 p95 0.698 max 1.033 m, heading mean 2.29 max 8.22 deg[0m
[localization_error-8] [0m[INFO] [1788865271.712598327] [localization_error]: now[200] 0.317 m / 2.51 deg  |  session[n=1427] mean 0.327 p95 0.694 max 1.033 m, heading mean 2.32 max 8.22 deg[0m
[pure_pursuit-10] [0m[INFO] [1788865272.334430450] [pure_pursuit]: lap 11: 6.60 s[0m
[localization_error-8] [0m[INFO] [1788865276.712329422] [localization_error]: now[200] 0.329 m / 2.59 deg  |  session[n=1527] mean 0.328 p95 0.691 max 1.033 m, heading mean 2.33 max 8.22 deg[0m
[pure_pursuit-10] [0m[INFO] [1788865278.959348806] [pure_pursuit]: lap 12: 6.63 s[0m
[localization_error-8] [0m[INFO] [1788865281.712453339] [localization_error]: now[200] 0.327 m / 2.13 deg  |  session[n=1627] mean 0.327 p95 0.694 max 1.033 m, heading mean 2.29 max 8.22 deg[0m
[pure_pursuit-10] [0m[INFO] [1788865285.569969479] [pure_pursuit]: lap 13: 6.57 s[0m
[localization_error-8] [0m[INFO] [1788865286.712432496] [localization_error]: now[200] 0.340 m / 2.04 deg  |  session[n=1727] mean 0.330 p95 0.693 max 1.033 m, heading mean 2.29 max 8.22 deg[0m
[localization_error-8] [0m[INFO] [1788865291.712551212] [localization_error]: now[200] 0.340 m / 2.48 deg  |  session[n=1827] mean 0.328 p95 0.684 max 1.033 m, heading mean 2.31 max 8.22 deg[0m
[pure_pursuit-10] [0m[INFO] [1788865292.152115193] [pure_pursuit]: lap 14: 6.59 s[0m
[localization_error-8] [0m[INFO] [1788865296.712465234] [localization_error]: now[200] 0.342 m / 2.55 deg  |  session[n=1927] mean 0.331 p95 0.693 max 1.033 m, heading mean 2.32 max 8.22 deg[0m
[pure_pursuit-10] [0m[INFO] [1788865298.677831371] [pure_pursuit]: lap 15: 6.55 s[0m
[localization_error-8] [0m[INFO] [1788865301.712652394] [localization_error]: now[200] 0.347 m / 2.39 deg  |  session[n=2027] mean 0.330 p95 0.693 max 1.033 m, heading mean 2.32 max 9.02 deg[0m
[pure_pursuit-10] [0m[INFO] [1788865305.277647569] [pure_pursuit]: lap 16: 6.56 s[0m
[localization_error-8] [0m[INFO] [1788865306.712857791] [localization_error]: now[200] 0.344 m / 2.26 deg  |  session[n=2127] mean 0.332 p95 0.694 max 1.033 m, heading mean 2.31 max 9.02 deg[0m
[localization_error-8] [0m[INFO] [1788865311.712612618] [localization_error]: now[200] 0.329 m / 2.44 deg  |  session[n=2227] mean 0.330 p95 0.690 max 1.033 m, heading mean 2.33 max 9.02 deg[0m
[pure_pursuit-10] [0m[INFO] [1788865311.866684732] [pure_pursuit]: lap 17: 6.63 s[0m
[localization_error-8] [0m[INFO] [1788865316.712563758] [localization_error]: now[200] 0.340 m / 2.60 deg  |  session[n=2327] mean 0.333 p95 0.696 max 1.033 m, heading mean 2.34 max 9.02 deg[0m
[pure_pursuit-10] [0m[INFO] [1788865318.445760007] [pure_pursuit]: lap 18: 6.55 s[0m
[localization_error-8] [0m[INFO] [1788865321.712953715] [localization_error]: now[200] 0.345 m / 2.41 deg  |  session[n=2427] mean 0.331 p95 0.698 max 1.033 m, heading mean 2.34 max 9.02 deg[0m
[pure_pursuit-10] [0m[INFO] [1788865324.992039997] [pure_pursuit]: lap 19: 6.56 s[0m
[localization_error-8] [0m[INFO] [1788865326.712524584] [localization_error]: now[200] 0.333 m / 2.25 deg  |  session[n=2527] mean 0.333 p95 0.698 max 1.033 m, heading mean 2.33 max 9.02 deg[0m
[pure_pursuit-10] [0m[INFO] [1788865331.545608599] [pure_pursuit]: lap 20: 6.57 s[0m
[localization_error-8] [0m[INFO] [1788865331.712470754] [localization_error]: now[200] 0.313 m / 2.22 deg  |  session[n=2627] mean 0.330 p95 0.694 max 1.033 m, heading mean 2.33 max 9.02 deg[0m
[localization_error-8] [0m[INFO] [1788865336.712714525] [localization_error]: now[200] 0.306 m / 2.30 deg  |  session[n=2727] mean 0.331 p95 0.696 max 1.033 m, heading mean 2.33 max 9.02 deg[0m
[pure_pursuit-10] [0m[INFO] [1788865338.125642704] [pure_pursuit]: lap 21: 6.55 s[0m
[localization_error-8] [0m[INFO] [1788865341.712910737] [localization_error]: now[200] 0.337 m / 2.35 deg  |  session[n=2827] mean 0.330 p95 0.696 max 1.033 m, heading mean 2.33 max 9.02 deg[0m
[pure_pursuit-10] [0m[INFO] [1788865344.749263249] [pure_pursuit]: lap 22: 6.61 s[0m
[localization_error-8] [0m[INFO] [1788865346.712999140] [localization_error]: now[200] 0.327 m / 2.21 deg  |  session[n=2927] mean 0.331 p95 0.697 max 1.033 m, heading mean 2.32 max 9.02 deg[0m
[pure_pursuit-10] [0m[INFO] [1788865351.295277639] [pure_pursuit]: lap 23: 6.57 s[0m
[localization_error-8] [0m[INFO] [1788865351.712542270] [localization_error]: now[200] 0.321 m / 2.37 deg  |  session[n=3027] mean 0.330 p95 0.694 max 1.033 m, heading mean 2.33 max 9.02 deg[0m
[localization_error-8] [0m[INFO] [1788865356.712724764] [localization_error]: now[200] 0.328 m / 2.57 deg  |  session[n=3127] mean 0.331 p95 0.694 max 1.033 m, heading mean 2.34 max 9.02 deg[0m
[pure_pursuit-10] [0m[INFO] [1788865357.875991996] [pure_pursuit]: lap 24: 6.58 s[0m
[localization_error-8] [0m[INFO] [1788865361.712420479] [localization_error]: now[200] 0.346 m / 2.25 deg  |  session[n=3227] mean 0.331 p95 0.694 max 1.033 m, heading mean 2.33 max 9.02 deg[0m
[pure_pursuit-10] [0m[INFO] [1788865364.477872485] [pure_pursuit]: lap 25: 6.57 s[0m
[localization_error-8] [0m[INFO] [1788865366.712898527] [localization_error]: now[200] 0.331 m / 2.12 deg  |  session[n=3327] mean 0.331 p95 0.694 max 1.033 m, heading mean 2.32 max 9.02 deg[0m
[pure_pursuit-10] [0m[INFO] [1788865371.010207910] [pure_pursuit]: lap 26: 6.56 s[0m
[localization_error-8] [0m[INFO] [1788865371.712606867] [localization_error]: now[200] 0.317 m / 2.29 deg  |  session[n=3427] mean 0.330 p95 0.693 max 1.033 m, heading mean 2.33 max 9.02 deg[0m
[localization_error-8] [0m[INFO] [1788865376.713310681] [localization_error]: now[200] 0.315 m / 2.43 deg  |  session[n=3527] mean 0.330 p95 0.694 max 1.033 m, heading mean 2.33 max 9.02 deg[0m
[pure_pursuit-10] [0m[INFO] [1788865377.625028032] [pure_pursuit]: lap 27: 6.58 s[0m
[localization_error-8] [0m[INFO] [1788865381.712670164] [localization_error]: now[200] 0.339 m / 2.48 deg  |  session[n=3627] mean 0.330 p95 0.696 max 1.033 m, heading mean 2.33 max 9.02 deg[0m
[pure_pursuit-10] [0m[INFO] [1788865384.137187663] [pure_pursuit]: lap 28: 6.54 s[0m
[localization_error-8] [0m[INFO] [1788865386.712987611] [localization_error]: now[200] 0.341 m / 2.34 deg  |  session[n=3727] mean 0.330 p95 0.696 max 1.033 m, heading mean 2.33 max 9.02 deg[0m
[pure_pursuit-10] [0m[INFO] [1788865390.713714507] [pure_pursuit]: lap 29: 6.55 s[0m
[localization_error-8] [0m[INFO] [1788865391.712626698] [localization_error]: now[200] 0.334 m / 2.24 deg  |  session[n=3827] mean 0.331 p95 0.697 max 1.033 m, heading mean 2.33 max 9.02 deg[0m
[localization_error-8] [0m[INFO] [1788865396.712463491] [localization_error]: now[200] 0.321 m / 2.45 deg  |  session[n=3927] mean 0.330 p95 0.696 max 1.033 m, heading mean 2.34 max 9.02 deg[0m
[pure_pursuit-10] [0m[INFO] [1788865397.326826070] [pure_pursuit]: lap 30: 6.62 s[0m
[localization_error-8] [0m[INFO] [1788865401.712659672] [localization_error]: now[200] 0.316 m / 2.34 deg  |  session[n=4027] mean 0.330 p95 0.696 max 1.033 m, heading mean 2.33 max 9.02 deg[0m
[pure_pursuit-10] [0m[INFO] [1788865403.871929082] [pure_pursuit]: lap 31: 6.58 s[0m
[localization_error-8] [0m[INFO] [1788865406.713286606] [localization_error]: now[200] 0.317 m / 2.04 deg  |  session[n=4127] mean 0.329 p95 0.695 max 1.033 m, heading mean 2.32 max 9.02 deg[0m
[pure_pursuit-10] [0m[INFO] [1788865410.452860808] [pure_pursuit]: lap 32: 6.54 s[0m
[localization_error-8] [0m[INFO] [1788865411.712666872] [localization_error]: now[200] 0.332 m / 2.16 deg  |  session[n=4227] mean 0.330 p95 0.695 max 1.033 m, heading mean 2.32 max 9.02 deg[0m
[localization_error-8] [0m[INFO] [1788865416.712564133] [localization_error]: now[200] 0.317 m / 2.59 deg  |  session[n=4327] mean 0.329 p95 0.693 max 1.033 m, heading mean 2.33 max 9.02 deg[0m
[pure_pursuit-10] [0m[INFO] [1788865417.006075658] [pure_pursuit]: lap 33: 6.57 s[0m
[localization_error-8] [0m[INFO] [1788865421.712955250] [localization_error]: now[200] 0.319 m / 2.63 deg  |  session[n=4427] mean 0.329 p95 0.694 max 1.033 m, heading mean 2.34 max 9.02 deg[0m
[pure_pursuit-10] [0m[INFO] [1788865423.592827347] [pure_pursuit]: lap 34: 6.60 s[0m
[localization_error-8] [0m[INFO] [1788865426.712816584] [localization_error]: now[200] 0.331 m / 2.38 deg  |  session[n=4527] mean 0.329 p95 0.694 max 1.033 m, heading mean 2.34 max 9.02 deg[0m
[pure_pursuit-10] [0m[INFO] [1788865430.202716212] [pure_pursuit]: lap 35: 6.61 s[0m
[localization_error-8] [0m[INFO] [1788865431.712578028] [localization_error]: now[200] 0.342 m / 2.41 deg  |  session[n=4627] mean 0.330 p95 0.696 max 1.033 m, heading mean 2.34 max 9.02 deg[0m
[localization_error-8] [0m[INFO] [1788865436.713017663] [localization_error]: now[200] 0.326 m / 2.57 deg  |  session[n=4727] mean 0.329 p95 0.694 max 1.033 m, heading mean 2.35 max 9.02 deg[0m
[pure_pursuit-10] [0m[INFO] [1788865436.790188089] [pure_pursuit]: lap 36: 6.59 s[0m
[localization_error-8] [0m[INFO] [1788865441.713206346] [localization_error]: now[200] 0.330 m / 2.46 deg  |  session[n=4827] mean 0.330 p95 0.696 max 1.033 m, heading mean 2.34 max 9.02 deg[0m
[pure_pursuit-10] [0m[INFO] [1788865443.434341719] [pure_pursuit]: lap 37: 6.62 s[0m
[localization_error-8] [0m[INFO] [1788865446.712608046] [localization_error]: now[200] 0.352 m / 2.35 deg  |  session[n=4927] mean 0.330 p95 0.696 max 1.033 m, heading mean 2.35 max 9.02 deg[0m
[pure_pursuit-10] [0m[INFO] [1788865450.006654064] [pure_pursuit]: lap 38: 6.58 s[0m
[localization_error-8] [0m[INFO] [1788865451.712547530] [localization_error]: now[200] 0.339 m / 2.33 deg  |  session[n=5027] mean 0.330 p95 0.697 max 1.033 m, heading mean 2.34 max 9.02 deg[0m
[pure_pursuit-10] [0m[INFO] [1788865456.544882978] [pure_pursuit]: lap 39: 6.55 s[0m
[localization_error-8] [0m[INFO] [1788865456.712884103] [localization_error]: now[200] 0.318 m / 2.52 deg  |  session[n=5127] mean 0.329 p95 0.696 max 1.033 m, heading mean 2.35 max 9.55 deg[0m
[localization_error-8] [0m[INFO] [1788865461.712695804] [localization_error]: now[200] 0.309 m / 2.52 deg  |  session[n=5227] mean 0.330 p95 0.696 max 1.033 m, heading mean 2.35 max 9.55 deg[0m
[pure_pursuit-10] [0m[INFO] [1788865463.148042852] [pure_pursuit]: lap 40: 6.58 s[0m
[localization_error-8] [0m[INFO] [1788865466.712787778] [localization_error]: now[200] 0.324 m / 2.12 deg  |  session[n=5327] mean 0.329 p95 0.696 max 1.033 m, heading mean 2.34 max 9.55 deg[0m
[pure_pursuit-10] [0m[INFO] [1788865469.757182236] [pure_pursuit]: lap 41: 6.60 s[0m
[localization_error-8] [0m[INFO] [1788865471.713060635] [localization_error]: now[200] 0.324 m / 2.08 deg  |  session[n=5427] mean 0.329 p95 0.698 max 1.033 m, heading mean 2.34 max 9.55 deg[0m
[pure_pursuit-10] [0m[INFO] [1788865476.334197506] [pure_pursuit]: lap 42: 6.58 s[0m
[localization_error-8] [0m[INFO] [1788865476.712695330] [localization_error]: now[200] 0.322 m / 2.53 deg  |  session[n=5527] mean 0.329 p95 0.696 max 1.033 m, heading mean 2.35 max 9.55 deg[0m
[localization_error-8] [0m[INFO] [1788865481.713140527] [localization_error]: now[200] 0.311 m / 2.59 deg  |  session[n=5627] mean 0.329 p95 0.696 max 1.033 m, heading mean 2.35 max 9.55 deg[0m
[pure_pursuit-10] [0m[INFO] [1788865482.952899272] [pure_pursuit]: lap 43: 6.60 s[0m
[localization_error-8] [0m[INFO] [1788865486.712635919] [localization_error]: now[200] 0.340 m / 2.37 deg  |  session[n=5727] mean 0.329 p95 0.698 max 1.033 m, heading mean 2.35 max 9.55 deg[0m
[pure_pursuit-10] [0m[INFO] [1788865489.470694454] [pure_pursuit]: lap 44: 6.55 s[0m
[localization_error-8] [0m[INFO] [1788865491.713325264] [localization_error]: now[200] 0.340 m / 2.35 deg  |  session[n=5827] mean 0.329 p95 0.697 max 1.033 m, heading mean 2.35 max 9.55 deg[0m
[pure_pursuit-10] [0m[INFO] [1788865496.036710081] [pure_pursuit]: lap 45: 6.57 s[0m
[localization_error-8] [0m[INFO] [1788865496.712630703] [localization_error]: now[200] 0.317 m / 2.29 deg  |  session[n=5927] mean 0.329 p95 0.696 max 1.033 m, heading mean 2.35 max 9.55 deg[0m
[localization_error-8] [0m[INFO] [1788865501.712699609] [localization_error]: now[200] 0.310 m / 2.40 deg  |  session[n=6027] mean 0.329 p95 0.696 max 1.033 m, heading mean 2.35 max 9.55 deg[0m
[pure_pursuit-10] [0m[INFO] [1788865502.639064994] [pure_pursuit]: lap 46: 6.59 s[0m
[localization_error-8] [0m[INFO] [1788865506.712661949] [localization_error]: now[200] 0.328 m / 2.28 deg  |  session[n=6127] mean 0.329 p95 0.696 max 1.033 m, heading mean 2.35 max 9.55 deg[0m
[pure_pursuit-10] [0m[INFO] [1788865509.228304766] [pure_pursuit]: lap 47: 6.56 s[0m
[localization_error-8] [0m[INFO] [1788865511.712641319] [localization_error]: now[200] 0.325 m / 2.15 deg  |  session[n=6227] mean 0.328 p95 0.696 max 1.033 m, heading mean 2.34 max 9.55 deg[0m
[pure_pursuit-10] [0m[INFO] [1788865515.751700452] [pure_pursuit]: lap 48: 6.58 s[0m
[localization_error-8] [0m[INFO] [1788865516.712772064] [localization_error]: now[200] 0.317 m / 2.20 deg  |  session[n=6327] mean 0.328 p95 0.695 max 1.033 m, heading mean 2.34 max 9.55 deg[0m
[localization_error-8] [0m[INFO] [1788865521.712628900] [localization_error]: now[200] 0.315 m / 2.32 deg  |  session[n=6427] mean 0.328 p95 0.694 max 1.033 m, heading mean 2.34 max 9.55 deg[0m
[pure_pursuit-10] [0m[INFO] [1788865522.450891546] [pure_pursuit]: lap 49: 6.67 s[0m
[localization_error-8] [0m[INFO] [1788865526.712599180] [localization_error]: now[200] 0.331 m / 2.47 deg  |  session[n=6527] mean 0.328 p95 0.696 max 1.033 m, heading mean 2.35 max 9.55 deg[0m
[pure_pursuit-10] [0m[INFO] [1788865529.011005593] [pure_pursuit]: lap 50: 6.57 s[0m
[localization_error-8] [0m[INFO] [1788865531.713127959] [localization_error]: now[200] 0.335 m / 2.28 deg  |  session[n=6627] mean 0.328 p95 0.697 max 1.033 m, heading mean 2.34 max 9.55 deg[0m
[pure_pursuit-10] [0m[INFO] [1788865535.597828089] [pure_pursuit]: lap 51: 6.59 s[0m
[localization_error-8] [0m[INFO] [1788865536.712672229] [localization_error]: now[200] 0.340 m / 2.15 deg  |  session[n=6727] mean 0.329 p95 0.697 max 1.033 m, heading mean 2.34 max 9.55 deg[0m
[localization_error-8] [0m[INFO] [1788865541.712756847] [localization_error]: now[200] 0.325 m / 2.39 deg  |  session[n=6827] mean 0.328 p95 0.697 max 1.033 m, heading mean 2.34 max 9.55 deg[0m
[pure_pursuit-10] [0m[INFO] [1788865542.160407514] [pure_pursuit]: lap 52: 6.56 s[0m
[localization_error-8] [0m[INFO] [1788865546.713250626] [localization_error]: now[200] 0.325 m / 2.31 deg  |  session[n=6927] mean 0.329 p95 0.698 max 1.033 m, heading mean 2.34 max 9.55 deg[0m
[pure_pursuit-10] [0m[INFO] [1788865548.752298482] [pure_pursuit]: lap 53: 6.57 s[0m
[localization_error-8] [0m[INFO] [1788865551.713183260] [localization_error]: now[200] 0.342 m / 2.12 deg  |  session[n=7027] mean 0.328 p95 0.701 max 1.033 m, heading mean 2.34 max 9.55 deg[0m
[pure_pursuit-10] [0m[INFO] [1788865555.350234019] [pure_pursuit]: lap 54: 6.60 s[0m
[localization_error-8] [0m[INFO] [1788865556.712693942] [localization_error]: now[200] 0.342 m / 2.08 deg  |  session[n=7127] mean 0.329 p95 0.702 max 1.033 m, heading mean 2.33 max 9.55 deg[0m
[localization_error-8] [0m[INFO] [1788865561.712614076] [localization_error]: now[200] 0.313 m / 2.32 deg  |  session[n=7227] mean 0.328 p95 0.700 max 1.033 m, heading mean 2.34 max 9.55 deg[0m
[pure_pursuit-10] [0m[INFO] [1788865561.872164830] [pure_pursuit]: lap 55: 6.53 s[0m
[localization_error-8] [0m[INFO] [1788865566.712743100] [localization_error]: now[200] 0.325 m / 2.61 deg  |  session[n=7327] mean 0.329 p95 0.700 max 1.033 m, heading mean 2.34 max 9.55 deg[0m
[pure_pursuit-10] [0m[INFO] [1788865568.446595569] [pure_pursuit]: lap 56: 6.54 s[0m
[localization_error-8] [0m[INFO] [1788865571.712715722] [localization_error]: now[200] 0.349 m / 2.61 deg  |  session[n=7427] mean 0.329 p95 0.701 max 1.033 m, heading mean 2.34 max 9.55 deg[0m
[pure_pursuit-10] [0m[INFO] [1788865574.985762041] [pure_pursuit]: lap 57: 6.57 s[0m
[localization_error-8] [0m[INFO] [1788865576.713100403] [localization_error]: now[200] 0.344 m / 2.53 deg  |  session[n=7527] mean 0.329 p95 0.701 max 1.033 m, heading mean 2.35 max 9.55 deg[0m
[pure_pursuit-10] [0m[INFO] [1788865581.532714309] [pure_pursuit]: lap 58: 6.54 s[0m
[localization_error-8] [0m[INFO] [1788865581.713553248] [localization_error]: now[200] 0.327 m / 2.47 deg  |  session[n=7627] mean 0.329 p95 0.699 max 1.033 m, heading mean 2.35 max 9.55 deg[0m
[localization_error-8] [0m[INFO] [1788865586.713280175] [localization_error]: now[200] 0.328 m / 2.42 deg  |  session[n=7727] mean 0.329 p95 0.699 max 1.033 m, heading mean 2.35 max 9.55 deg[0m
[pure_pursuit-10] [0m[INFO] [1788865588.156275460] [pure_pursuit]: lap 59: 6.62 s[0m
[localization_error-8] [0m[INFO] [1788865591.712661136] [localization_error]: now[200] 0.351 m / 2.46 deg  |  session[n=7827] mean 0.329 p95 0.701 max 1.033 m, heading mean 2.35 max 9.55 deg[0m
[pure_pursuit-10] [0m[INFO] [1788865594.699798018] [pure_pursuit]: lap 60: 6.53 s[0m
[localization_error-8] [0m[INFO] [1788865596.712692200] [localization_error]: now[200] 0.335 m / 2.48 deg  |  session[n=7927] mean 0.329 p95 0.701 max 1.033 m, heading mean 2.35 max 9.55 deg[0m
[pure_pursuit-10] [0m[INFO] [1788865601.273918305] [pure_pursuit]: lap 61: 6.58 s[0m
[localization_error-8] [0m[INFO] [1788865601.712910765] [localization_error]: now[200] 0.326 m / 2.52 deg  |  session[n=8027] mean 0.329 p95 0.699 max 1.033 m, heading mean 2.35 max 9.55 deg[0m
[localization_error-8] [0m[INFO] [1788865606.712767577] [localization_error]: now[200] 0.332 m / 2.58 deg  |  session[n=8127] mean 0.329 p95 0.699 max 1.033 m, heading mean 2.36 max 9.55 deg[0m
[pure_pursuit-10] [0m[INFO] [1788865607.810597427] [pure_pursuit]: lap 62: 6.56 s[0m
[localization_error-8] [0m[INFO] [1788865611.713333127] [localization_error]: now[200] 0.338 m / 2.38 deg  |  session[n=8227] mean 0.329 p95 0.699 max 1.033 m, heading mean 2.35 max 9.55 deg[0m
[pure_pursuit-10] [0m[INFO] [1788865614.414011357] [pure_pursuit]: lap 63: 6.59 s[0m
[localization_error-8] [0m[INFO] [1788865616.713040951] [localization_error]: now[200] 0.337 m / 2.26 deg  |  session[n=8327] mean 0.330 p95 0.701 max 1.033 m, heading mean 2.35 max 9.55 deg[0m
[pure_pursuit-10] [0m[INFO] [1788865620.976409826] [pure_pursuit]: lap 64: 6.57 s[0m
[localization_error-8] [0m[INFO] [1788865621.714335079] [localization_error]: now[200] 0.337 m / 2.39 deg  |  session[n=8427] mean 0.329 p95 0.699 max 1.033 m, heading mean 2.36 max 9.55 deg[0m
[localization_error-8] [0m[INFO] [1788865626.712960934] [localization_error]: now[200] 0.318 m / 2.47 deg  |  session[n=8527] mean 0.329 p95 0.699 max 1.033 m, heading mean 2.36 max 9.55 deg[0m
[pure_pursuit-10] [0m[INFO] [1788865627.585458325] [pure_pursuit]: lap 65: 6.57 s[0m
[localization_error-8] [0m[INFO] [1788865631.713384247] [localization_error]: now[200] 0.326 m / 2.47 deg  |  session[n=8627] mean 0.329 p95 0.699 max 1.033 m, heading mean 2.36 max 9.55 deg[0m
[pure_pursuit-10] [0m[INFO] [1788865634.157712242] [pure_pursuit]: lap 66: 6.58 s[0m
[localization_error-8] [0m[INFO] [1788865636.713130467] [localization_error]: now[200] 0.326 m / 2.39 deg  |  session[n=8727] mean 0.329 p95 0.699 max 1.033 m, heading mean 2.36 max 9.55 deg[0m
[pure_pursuit-10] [0m[INFO] [1788865640.703604150] [pure_pursuit]: lap 67: 6.58 s[0m
[localization_error-8] [0m[INFO] [1788865641.712692396] [localization_error]: now[200] 0.350 m / 2.33 deg  |  session[n=8827] mean 0.330 p95 0.701 max 1.033 m, heading mean 2.36 max 9.55 deg[0m
[localization_error-8] [0m[INFO] [1788865646.713322424] [localization_error]: now[200] 0.353 m / 2.64 deg  |  session[n=8927] mean 0.330 p95 0.699 max 1.033 m, heading mean 2.36 max 9.55 deg[0m
[pure_pursuit-10] [0m[INFO] [1788865647.286326505] [pure_pursuit]: lap 68: 6.57 s[0m
[localization_error-8] [0m[INFO] [1788865651.713297051] [localization_error]: now[200] 0.340 m / 2.64 deg  |  session[n=9027] mean 0.330 p95 0.699 max 1.033 m, heading mean 2.36 max 9.55 deg[0m
[pure_pursuit-10] [0m[INFO] [1788865653.841365415] [pure_pursuit]: lap 69: 6.52 s[0m
[localization_error-8] [0m[INFO] [1788865656.713190556] [localization_error]: now[200] 0.334 m / 2.38 deg  |  session[n=9127] mean 0.330 p95 0.699 max 1.033 m, heading mean 2.36 max 9.55 deg[0m
[pure_pursuit-10] [0m[INFO] [1788865660.375716562] [pure_pursuit]: lap 70: 6.57 s[0m
[localization_error-8] [0m[INFO] [1788865661.713257084] [localization_error]: now[200] 0.350 m / 2.28 deg  |  session[n=9227] mean 0.331 p95 0.701 max 1.033 m, heading mean 2.36 max 9.55 deg[0m
[localization_error-8] [0m[INFO] [1788865666.713015704] [localization_error]: now[200] 0.328 m / 2.33 deg  |  session[n=9327] mean 0.330 p95 0.699 max 1.033 m, heading mean 2.36 max 9.55 deg[0m
[pure_pursuit-10] [0m[INFO] [1788865666.937031723] [pure_pursuit]: lap 71: 6.54 s[0m
[localization_error-8] [0m[INFO] [1788865671.713219885] [localization_error]: now[200] 0.325 m / 2.41 deg  |  session[n=9427] mean 0.330 p95 0.699 max 1.033 m, heading mean 2.36 max 9.55 deg[0m
[pure_pursuit-10] [0m[INFO] [1788865673.503106069] [pure_pursuit]: lap 72: 6.60 s[0m
[localization_error-8] [0m[INFO] [1788865676.712910960] [localization_error]: now[200] 0.331 m / 2.29 deg  |  session[n=9527] mean 0.330 p95 0.700 max 1.033 m, heading mean 2.36 max 9.55 deg[0m
[pure_pursuit-10] [0m[INFO] [1788865680.083775346] [pure_pursuit]: lap 73: 6.57 s[0m
[localization_error-8] [0m[INFO] [1788865681.713400771] [localization_error]: now[200] 0.338 m / 2.24 deg  |  session[n=9627] mean 0.331 p95 0.701 max 1.033 m, heading mean 2.36 max 9.55 deg[0m
[localization_error-8] [0m[INFO] [1788865686.713318382] [localization_error]: now[200] 0.323 m / 2.41 deg  |  session[n=9727] mean 0.330 p95 0.699 max 1.033 m, heading mean 2.36 max 9.55 deg[0m
[pure_pursuit-10] [0m[INFO] [1788865686.728027620] [pure_pursuit]: lap 74: 6.61 s[0m
[localization_error-8] [0m[INFO] [1788865691.713183027] [localization_error]: now[200] 0.314 m / 2.48 deg  |  session[n=9827] mean 0.330 p95 0.699 max 1.033 m, heading mean 2.36 max 9.55 deg[0m
[pure_pursuit-10] [0m[INFO] [1788865693.260628565] [pure_pursuit]: lap 75: 6.56 s[0m
[localization_error-8] [0m[INFO] [1788865696.712857890] [localization_error]: now[200] 0.345 m / 2.44 deg  |  session[n=9927] mean 0.330 p95 0.699 max 1.033 m, heading mean 2.36 max 9.55 deg[0m
[pure_pursuit-10] [0m[INFO] [1788865699.856797190] [pure_pursuit]: lap 76: 6.57 s[0m
[localization_error-8] [0m[INFO] [1788865701.712897820] [localization_error]: now[200] 0.335 m / 2.35 deg  |  session[n=10027] mean 0.330 p95 0.699 max 1.033 m, heading mean 2.36 max 9.55 deg[0m
[pure_pursuit-10] [0m[INFO] [1788865706.469336049] [pure_pursuit]: lap 77: 6.63 s[0m
[localization_error-8] [0m[INFO] [1788865706.712692192] [localization_error]: now[200] 0.321 m / 2.29 deg  |  session[n=10127] mean 0.330 p95 0.698 max 1.033 m, heading mean 2.36 max 9.55 deg[0m
[localization_error-8] [0m[INFO] [1788865711.713122431] [localization_error]: now[200] 0.324 m / 2.47 deg  |  session[n=10227] mean 0.330 p95 0.698 max 1.033 m, heading mean 2.36 max 9.55 deg[0m
[pure_pursuit-10] [0m[INFO] [1788865713.051936803] [pure_pursuit]: lap 78: 6.57 s[0m
[localization_error-8] [0m[INFO] [1788865716.713512513] [localization_error]: now[200] 0.345 m / 2.49 deg  |  session[n=10327] mean 0.330 p95 0.698 max 1.033 m, heading mean 2.37 max 9.55 deg[0m
[pure_pursuit-10] [0m[INFO] [1788865719.636881209] [pure_pursuit]: lap 79: 6.61 s[0m
[localization_error-8] [0m[INFO] [1788865721.712741688] [localization_error]: now[200] 0.332 m / 2.22 deg  |  session[n=10427] mean 0.330 p95 0.698 max 1.033 m, heading mean 2.36 max 9.55 deg[0m
[pure_pursuit-10] [0m[INFO] [1788865726.217757826] [pure_pursuit]: lap 80: 6.57 s[0m
[localization_error-8] [0m[INFO] [1788865726.713113439] [localization_error]: now[200] 0.331 m / 2.56 deg  |  session[n=10527] mean 0.330 p95 0.697 max 1.033 m, heading mean 2.37 max 9.55 deg[0m
[localization_error-8] [0m[INFO] [1788865731.712914683] [localization_error]: now[200] 0.333 m / 2.88 deg  |  session[n=10627] mean 0.330 p95 0.697 max 1.033 m, heading mean 2.37 max 9.55 deg[0m
[pure_pursuit-10] [0m[INFO] [1788865732.813003834] [pure_pursuit]: lap 81: 6.59 s[0m
[localization_error-8] [0m[INFO] [1788865736.713179995] [localization_error]: now[200] 0.343 m / 2.52 deg  |  session[n=10727] mean 0.330 p95 0.697 max 1.033 m, heading mean 2.37 max 9.55 deg[0m
[pure_pursuit-10] [0m[INFO] [1788865739.345753110] [pure_pursuit]: lap 82: 6.55 s[0m
[localization_error-8] [0m[INFO] [1788865741.712874652] [localization_error]: now[200] 0.337 m / 2.35 deg  |  session[n=10827] mean 0.330 p95 0.697 max 1.033 m, heading mean 2.37 max 9.55 deg[0m
[pure_pursuit-10] [0m[INFO] [1788865746.002501211] [pure_pursuit]: lap 83: 6.62 s[0m
[localization_error-8] [0m[INFO] [1788865746.713105446] [localization_error]: now[200] 0.325 m / 2.29 deg  |  session[n=10927] mean 0.330 p95 0.697 max 1.033 m, heading mean 2.37 max 9.55 deg[0m
[localization_error-8] [0m[INFO] [1788865751.713460964] [localization_error]: now[200] 0.320 m / 2.54 deg  |  session[n=11027] mean 0.330 p95 0.696 max 1.033 m, heading mean 2.37 max 9.55 deg[0m
[pure_pursuit-10] [0m[INFO] [1788865752.556829992] [pure_pursuit]: lap 84: 6.58 s[0m
[localization_error-8] [0m[INFO] [1788865756.713398502] [localization_error]: now[200] 0.329 m / 2.59 deg  |  session[n=11127] mean 0.330 p95 0.697 max 1.033 m, heading mean 2.37 max 9.55 deg[0m
[pure_pursuit-10] [0m[INFO] [1788865759.184635256] [pure_pursuit]: lap 85: 6.61 s[0m
[localization_error-8] [0m[INFO] [1788865761.712967203] [localization_error]: now[200] 0.328 m / 2.17 deg  |  session[n=11227] mean 0.330 p95 0.697 max 1.033 m, heading mean 2.37 max 9.55 deg[0m
[pure_pursuit-10] [0m[INFO] [1788865765.765445288] [pure_pursuit]: lap 86: 6.59 s[0m
[localization_error-8] [0m[INFO] [1788865766.714177899] [localization_error]: now[200] 0.324 m / 2.14 deg  |  session[n=11327] mean 0.330 p95 0.697 max 1.033 m, heading mean 2.37 max 9.55 deg[0m
[localization_error-8] [0m[INFO] [1788865771.712790359] [localization_error]: now[200] 0.311 m / 2.57 deg  |  session[n=11427] mean 0.330 p95 0.696 max 1.033 m, heading mean 2.37 max 9.55 deg[0m
[pure_pursuit-10] [0m[INFO] [1788865772.346123280] [pure_pursuit]: lap 87: 6.56 s[0m
[localization_error-8] [0m[INFO] [1788865776.712791004] [localization_error]: now[200] 0.323 m / 2.59 deg  |  session[n=11527] mean 0.330 p95 0.697 max 1.033 m, heading mean 2.37 max 9.55 deg[0m
[pure_pursuit-10] [0m[INFO] [1788865778.913700021] [pure_pursuit]: lap 88: 6.57 s[0m
[localization_error-8] [0m[INFO] [1788865781.713011262] [localization_error]: now[200] 0.329 m / 2.20 deg  |  session[n=11627] mean 0.330 p95 0.697 max 1.033 m, heading mean 2.37 max 9.55 deg[0m
[pure_pursuit-10] [0m[INFO] [1788865785.553146133] [pure_pursuit]: lap 89: 6.63 s[0m
[localization_error-8] [0m[INFO] [1788865786.713782018] [localization_error]: now[200] 0.336 m / 2.21 deg  |  session[n=11727] mean 0.330 p95 0.697 max 1.033 m, heading mean 2.37 max 9.55 deg[0m
[localization_error-8] [0m[INFO] [1788865791.712852946] [localization_error]: now[200] 0.310 m / 2.37 deg  |  session[n=11827] mean 0.330 p95 0.697 max 1.033 m, heading mean 2.37 max 9.55 deg[0m
[pure_pursuit-10] [0m[INFO] [1788865792.095400652] [pure_pursuit]: lap 90: 6.56 s[0m
[localization_error-8] [0m[INFO] [1788865796.713076369] [localization_error]: now[200] 0.328 m / 2.57 deg  |  session[n=11927] mean 0.330 p95 0.697 max 1.033 m, heading mean 2.37 max 9.55 deg[0m
[pure_pursuit-10] [0m[INFO] [1788865798.696788052] [pure_pursuit]: lap 91: 6.60 s[0m
[localization_error-8] [0m[INFO] [1788865801.713085746] [localization_error]: now[200] 0.340 m / 2.49 deg  |  session[n=12027] mean 0.330 p95 0.697 max 1.033 m, heading mean 2.37 max 9.55 deg[0m
[pure_pursuit-10] [0m[INFO] [1788865805.263908804] [pure_pursuit]: lap 92: 6.54 s[0m
[localization_error-8] [0m[INFO] [1788865806.712997629] [localization_error]: now[200] 0.333 m / 2.33 deg  |  session[n=12127] mean 0.330 p95 0.697 max 1.033 m, heading mean 2.37 max 9.55 deg[0m
[localization_error-8] [0m[INFO] [1788865811.712876324] [localization_error]: now[200] 0.322 m / 2.50 deg  |  session[n=12227] mean 0.330 p95 0.696 max 1.033 m, heading mean 2.38 max 9.55 deg[0m
[pure_pursuit-10] [0m[INFO] [1788865811.775787421] [pure_pursuit]: lap 93: 6.56 s[0m
[localization_error-8] [0m[INFO] [1788865816.713692775] [localization_error]: now[200] 0.316 m / 2.46 deg  |  session[n=12327] mean 0.330 p95 0.697 max 1.033 m, heading mean 2.38 max 9.55 deg[0m
[pure_pursuit-10] [0m[INFO] [1788865818.362712135] [pure_pursuit]: lap 94: 6.58 s[0m
[localization_error-8] [0m[INFO] [1788865821.712896139] [localization_error]: now[200] 0.347 m / 2.35 deg  |  session[n=12427] mean 0.330 p95 0.698 max 1.033 m, heading mean 2.37 max 9.55 deg[0m
[pure_pursuit-10] [0m[INFO] [1788865824.992268236] [pure_pursuit]: lap 95: 6.59 s[0m
[localization_error-8] [0m[INFO] [1788865826.713514695] [localization_error]: now[200] 0.332 m / 2.27 deg  |  session[n=12527] mean 0.330 p95 0.698 max 1.033 m, heading mean 2.37 max 9.55 deg[0m
[pure_pursuit-10] [0m[INFO] [1788865831.542365389] [pure_pursuit]: lap 96: 6.58 s[0m
[localization_error-8] [0m[INFO] [1788865831.713056583] [localization_error]: now[200] 0.304 m / 2.30 deg  |  session[n=12627] mean 0.329 p95 0.697 max 1.033 m, heading mean 2.37 max 9.55 deg[0m
[localization_error-8] [0m[INFO] [1788865836.713364885] [localization_error]: now[200] 0.315 m / 2.46 deg  |  session[n=12727] mean 0.330 p95 0.697 max 1.033 m, heading mean 2.37 max 9.55 deg[0m
[pure_pursuit-10] [0m[INFO] [1788865838.119803714] [pure_pursuit]: lap 97: 6.56 s[0m
[localization_error-8] [0m[INFO] [1788865841.712822673] [localization_error]: now[200] 0.343 m / 2.38 deg  |  session[n=12827] mean 0.330 p95 0.697 max 1.033 m, heading mean 2.37 max 9.55 deg[0m
[pure_pursuit-10] [0m[INFO] [1788865844.710915068] [pure_pursuit]: lap 98: 6.58 s[0m
[localization_error-8] [0m[INFO] [1788865846.713095797] [localization_error]: now[200] 0.342 m / 2.30 deg  |  session[n=12927] mean 0.330 p95 0.697 max 1.033 m, heading mean 2.37 max 9.55 deg[0m
[pure_pursuit-10] [0m[INFO] [1788865851.283140483] [pure_pursuit]: lap 99: 6.58 s[0m
[localization_error-8] [0m[INFO] [1788865851.713043703] [localization_error]: now[200] 0.333 m / 2.52 deg  |  session[n=13027] mean 0.330 p95 0.697 max 1.033 m, heading mean 2.38 max 9.55 deg[0m
[localization_error-8] [0m[INFO] [1788865856.713914128] [localization_error]: now[200] 0.331 m / 2.74 deg  |  session[n=13127] mean 0.330 p95 0.697 max 1.033 m, heading mean 2.38 max 9.55 deg[0m
[pure_pursuit-10] [0m[INFO] [1788865857.847939563] [pure_pursuit]: lap 100: 6.56 s[0m
[localization_error-8] [0m[INFO] [1788865861.712903349] [localization_error]: now[200] 0.360 m / 2.58 deg  |  session[n=13227] mean 0.330 p95 0.697 max 1.033 m, heading mean 2.38 max 9.55 deg[0m
[pure_pursuit-10] [0m[INFO] [1788865864.436175981] [pure_pursuit]: lap 101: 6.58 s[0m
[localization_error-8] [0m[INFO] [1788865866.713466386] [localization_error]: now[200] 0.337 m / 2.18 deg  |  session[n=13327] mean 0.330 p95 0.697 max 1.033 m, heading mean 2.38 max 9.55 deg[0m
[pure_pursuit-10] [0m[INFO] [1788865870.947127908] [pure_pursuit]: lap 102: 6.55 s[0m
[localization_error-8] [0m[INFO] [1788865871.713778005] [localization_error]: now[200] 0.320 m / 2.33 deg  |  session[n=13427] mean 0.330 p95 0.697 max 1.033 m, heading mean 2.38 max 9.55 deg[0m
[localization_error-8] [0m[INFO] [1788865876.714515118] [localization_error]: now[200] 0.335 m / 2.71 deg  |  session[n=13527] mean 0.330 p95 0.697 max 1.033 m, heading mean 2.38 max 9.55 deg[0m
[pure_pursuit-10] [0m[INFO] [1788865877.590782851] [pure_pursuit]: lap 103: 6.62 s[0m
[localization_error-8] [0m[INFO] [1788865881.712953035] [localization_error]: now[200] 0.348 m / 2.50 deg  |  session[n=13627] mean 0.330 p95 0.697 max 1.033 m, heading mean 2.38 max 9.55 deg[0m
[pure_pursuit-10] [0m[INFO] [1788865884.243740708] [pure_pursuit]: lap 104: 6.66 s[0m
[localization_error-8] [0m[INFO] [1788865886.713072118] [localization_error]: now[200] 0.316 m / 2.18 deg  |  session[n=13727] mean 0.330 p95 0.697 max 1.033 m, heading mean 2.38 max 9.55 deg[0m
[pure_pursuit-10] [0m[INFO] [1788865890.878820467] [pure_pursuit]: lap 105: 6.60 s[0m
[localization_error-8] [0m[INFO] [1788865891.713144788] [localization_error]: now[200] 0.318 m / 2.30 deg  |  session[n=13827] mean 0.330 p95 0.696 max 1.033 m, heading mean 2.38 max 9.55 deg[0m
[localization_error-8] [0m[INFO] [1788865896.713384511] [localization_error]: now[200] 0.333 m / 2.64 deg  |  session[n=13927] mean 0.330 p95 0.696 max 1.033 m, heading mean 2.38 max 9.55 deg[0m
[pure_pursuit-10] [0m[INFO] [1788865897.394879416] [pure_pursuit]: lap 106: 6.56 s[0m
[localization_error-8] [0m[INFO] [1788865901.713234340] [localization_error]: now[200] 0.325 m / 2.37 deg  |  session[n=14027] mean 0.330 p95 0.696 max 1.033 m, heading mean 2.38 max 9.55 deg[0m
[pure_pursuit-10] [0m[INFO] [1788865903.921732402] [pure_pursuit]: lap 107: 6.53 s[0m
[localization_error-8] [0m[INFO] [1788865906.713729026] [localization_error]: now[200] 0.322 m / 2.00 deg  |  session[n=14127] mean 0.330 p95 0.696 max 1.033 m, heading mean 2.38 max 9.55 deg[0m
[pure_pursuit-10] [0m[INFO] [1788865910.515882258] [pure_pursuit]: lap 108: 6.58 s[0m
[localization_error-8] [0m[INFO] [1788865911.712930490] [localization_error]: now[200] 0.350 m / 2.41 deg  |  session[n=14227] mean 0.330 p95 0.696 max 1.033 m, heading mean 2.38 max 9.55 deg[0m
[localization_error-8] [0m[INFO] [1788865916.713088565] [localization_error]: now[200] 0.329 m / 2.44 deg  |  session[n=14327] mean 0.330 p95 0.696 max 1.033 m, heading mean 2.38 max 9.55 deg[0m
[pure_pursuit-10] [0m[INFO] [1788865917.165471629] [pure_pursuit]: lap 109: 6.61 s[0m
[localization_error-8] [0m[INFO] [1788865921.712946379] [localization_error]: now[200] 0.311 m / 2.09 deg  |  session[n=14427] mean 0.330 p95 0.696 max 1.033 m, heading mean 2.37 max 9.55 deg[0m
[pure_pursuit-10] [0m[INFO] [1788865923.717935821] [pure_pursuit]: lap 110: 6.60 s[0m
[localization_error-8] [0m[INFO] [1788865926.713988001] [localization_error]: now[200] 0.335 m / 2.00 deg  |  session[n=14527] mean 0.330 p95 0.696 max 1.059 m, heading mean 2.37 max 9.55 deg[0m
[pure_pursuit-10] [0m[INFO] [1788865930.326662832] [pure_pursuit]: lap 111: 6.58 s[0m
[localization_error-8] [0m[INFO] [1788865931.713596939] [localization_error]: now[200] 0.357 m / 2.18 deg  |  session[n=14627] mean 0.330 p95 0.696 max 1.059 m, heading mean 2.37 max 9.55 deg[0m
[localization_error-8] [0m[INFO] [1788865936.712971626] [localization_error]: now[200] 0.333 m / 2.51 deg  |  session[n=14727] mean 0.330 p95 0.696 max 1.059 m, heading mean 2.37 max 9.55 deg[0m
[pure_pursuit-10] [0m[INFO] [1788865936.893660148] [pure_pursuit]: lap 112: 6.57 s[0m
[localization_error-8] [0m[INFO] [1788865941.713879740] [localization_error]: now[200] 0.325 m / 2.46 deg  |  session[n=14827] mean 0.330 p95 0.696 max 1.059 m, heading mean 2.37 max 9.55 deg[0m
[pure_pursuit-10] [0m[INFO] [1788865943.480945081] [pure_pursuit]: lap 113: 6.58 s[0m
[localization_error-8] [0m[INFO] [1788865946.713259928] [localization_error]: now[200] 0.336 m / 2.21 deg  |  session[n=14927] mean 0.330 p95 0.696 max 1.059 m, heading mean 2.37 max 9.55 deg[0m
[pure_pursuit-10] [0m[INFO] [1788865950.031227042] [pure_pursuit]: lap 114: 6.55 s[0m
[localization_error-8] [0m[INFO] [1788865951.713372063] [localization_error]: now[200] 0.331 m / 2.05 deg  |  session[n=15027] mean 0.330 p95 0.696 max 1.059 m, heading mean 2.37 max 9.55 deg[0m
[pure_pursuit-10] [0m[INFO] [1788865956.623370214] [pure_pursuit]: lap 115: 6.59 s[0m
[localization_error-8] [0m[INFO] [1788865956.713596634] [localization_error]: now[200] 0.321 m / 2.32 deg  |  session[n=15127] mean 0.330 p95 0.695 max 1.059 m, heading mean 2.37 max 11.19 deg[0m
[localization_error-8] [0m[INFO] [1788865961.713414969] [localization_error]: now[200] 0.326 m / 2.36 deg  |  session[n=15227] mean 0.330 p95 0.695 max 1.059 m, heading mean 2.37 max 11.19 deg[0m
[pure_pursuit-10] [0m[INFO] [1788865963.168354302] [pure_pursuit]: lap 116: 6.57 s[0m
[localization_error-8] [0m[INFO] [1788865966.713515500] [localization_error]: now[200] 0.343 m / 2.35 deg  |  session[n=15327] mean 0.330 p95 0.695 max 1.059 m, heading mean 2.37 max 11.19 deg[0m
[pure_pursuit-10] [0m[INFO] [1788865969.771160557] [pure_pursuit]: lap 117: 6.58 s[0m
[localization_error-8] [0m[INFO] [1788865971.713024956] [localization_error]: now[200] 0.329 m / 2.35 deg  |  session[n=15427] mean 0.330 p95 0.695 max 1.059 m, heading mean 2.37 max 11.19 deg[0m
[pure_pursuit-10] [0m[INFO] [1788865976.343585772] [pure_pursuit]: lap 118: 6.56 s[0m
[localization_error-8] [0m[INFO] [1788865976.713778866] [localization_error]: now[200] 0.315 m / 2.23 deg  |  session[n=15527] mean 0.330 p95 0.694 max 1.059 m, heading mean 2.37 max 11.19 deg[0m
[localization_error-8] [0m[INFO] [1788865981.713272986] [localization_error]: now[200] 0.321 m / 2.51 deg  |  session[n=15627] mean 0.330 p95 0.694 max 1.059 m, heading mean 2.37 max 11.19 deg[0m
[pure_pursuit-10] [0m[INFO] [1788865982.955877225] [pure_pursuit]: lap 119: 6.61 s[0m
[localization_error-8] [0m[INFO] [1788865986.713923515] [localization_error]: now[200] 0.347 m / 2.71 deg  |  session[n=15727] mean 0.330 p95 0.694 max 1.059 m, heading mean 2.37 max 11.19 deg[0m
[pure_pursuit-10] [0m[INFO] [1788865989.526917614] [pure_pursuit]: lap 120: 6.57 s[0m
[localization_error-8] [0m[INFO] [1788865991.713708824] [localization_error]: now[200] 0.343 m / 2.48 deg  |  session[n=15827] mean 0.330 p95 0.694 max 1.059 m, heading mean 2.37 max 11.19 deg[0m
[pure_pursuit-10] [0m[INFO] [1788865996.093698242] [pure_pursuit]: lap 121: 6.58 s[0m
[localization_error-8] [0m[INFO] [1788865996.713280230] [localization_error]: now[200] 0.321 m / 2.27 deg  |  session[n=15927] mean 0.330 p95 0.694 max 1.059 m, heading mean 2.37 max 11.19 deg[0m
[localization_error-8] [0m[INFO] [1788866001.713391898] [localization_error]: now[200] 0.310 m / 2.38 deg  |  session[n=16027] mean 0.330 p95 0.694 max 1.059 m, heading mean 2.37 max 11.19 deg[0m
[pure_pursuit-10] [0m[INFO] [1788866002.680361042] [pure_pursuit]: lap 122: 6.58 s[0m
[localization_error-8] [0m[INFO] [1788866006.713408163] [localization_error]: now[200] 0.349 m / 2.52 deg  |  session[n=16127] mean 0.330 p95 0.694 max 1.059 m, heading mean 2.37 max 11.19 deg[0m
[pure_pursuit-10] [0m[INFO] [1788866009.198893987] [pure_pursuit]: lap 123: 6.54 s[0m
[localization_error-8] [0m[INFO] [1788866011.713325874] [localization_error]: now[200] 0.337 m / 2.49 deg  |  session[n=16227] mean 0.330 p95 0.694 max 1.059 m, heading mean 2.37 max 11.19 deg[0m
[pure_pursuit-10] [0m[INFO] [1788866015.793599303] [pure_pursuit]: lap 124: 6.59 s[0m
[localization_error-8] [0m[INFO] [1788866016.713719505] [localization_error]: now[200] 0.320 m / 2.40 deg  |  session[n=16327] mean 0.330 p95 0.694 max 1.059 m, heading mean 2.37 max 11.19 deg[0m
[localization_error-8] [0m[INFO] [1788866021.713091989] [localization_error]: now[200] 0.314 m / 2.65 deg  |  session[n=16427] mean 0.330 p95 0.694 max 1.059 m, heading mean 2.38 max 11.19 deg[0m
[pure_pursuit-10] [0m[INFO] [1788866022.361831232] [pure_pursuit]: lap 125: 6.58 s[0m
[localization_error-8] [0m[INFO] [1788866026.713167502] [localization_error]: now[200] 0.330 m / 2.55 deg  |  session[n=16527] mean 0.330 p95 0.694 max 1.059 m, heading mean 2.38 max 11.19 deg[0m
[pure_pursuit-10] [0m[INFO] [1788866029.024982594] [pure_pursuit]: lap 126: 6.62 s[0m
[localization_error-8] [0m[INFO] [1788866031.714335678] [localization_error]: now[200] 0.337 m / 2.03 deg  |  session[n=16627] mean 0.330 p95 0.694 max 1.059 m, heading mean 2.37 max 11.19 deg[0m
[pure_pursuit-10] [0m[INFO] [1788866035.639029652] [pure_pursuit]: lap 127: 6.65 s[0m
[localization_error-8] [0m[INFO] [1788866036.714089006] [localization_error]: now[200] 0.324 m / 1.85 deg  |  session[n=16727] mean 0.330 p95 0.694 max 1.059 m, heading mean 2.37 max 11.19 deg[0m
[localization_error-8] [0m[INFO] [1788866041.713097813] [localization_error]: now[200] 0.309 m / 2.15 deg  |  session[n=16827] mean 0.330 p95 0.694 max 1.059 m, heading mean 2.37 max 11.19 deg[0m
[pure_pursuit-10] [0m[INFO] [1788866042.236415864] [pure_pursuit]: lap 128: 6.56 s[0m
[localization_error-8] [0m[INFO] [1788866046.713858049] [localization_error]: now[200] 0.318 m / 2.36 deg  |  session[n=16927] mean 0.330 p95 0.694 max 1.059 m, heading mean 2.37 max 11.19 deg[0m
[pure_pursuit-10] [0m[INFO] [1788866048.755406042] [pure_pursuit]: lap 129: 6.54 s[0m
[localization_error-8] [0m[INFO] [1788866051.713272741] [localization_error]: now[200] 0.335 m / 2.33 deg  |  session[n=17027] mean 0.330 p95 0.694 max 1.059 m, heading mean 2.37 max 11.19 deg[0m
[pure_pursuit-10] [0m[INFO] [1788866055.327387869] [pure_pursuit]: lap 130: 6.55 s[0m
[localization_error-8] [0m[INFO] [1788866056.713834252] [localization_error]: now[200] 0.360 m / 2.41 deg  |  session[n=17127] mean 0.330 p95 0.694 max 1.059 m, heading mean 2.37 max 11.19 deg[0m
[localization_error-8] [0m[INFO] [1788866061.713938917] [localization_error]: now[200] 0.341 m / 2.71 deg  |  session[n=17227] mean 0.330 p95 0.694 max 1.059 m, heading mean 2.37 max 11.19 deg[0m
[pure_pursuit-10] [0m[INFO] [1788866061.914918604] [pure_pursuit]: lap 131: 6.58 s[0m
[localization_error-8] [0m[INFO] [1788866066.713827789] [localization_error]: now[200] 0.317 m / 2.63 deg  |  session[n=17327] mean 0.330 p95 0.694 max 1.059 m, heading mean 2.37 max 11.19 deg[0m
[pure_pursuit-10] [0m[INFO] [1788866068.477140204] [pure_pursuit]: lap 132: 6.58 s[0m
[localization_error-8] [0m[INFO] [1788866071.713839917] [localization_error]: now[200] 0.329 m / 2.20 deg  |  session[n=17427] mean 0.330 p95 0.694 max 1.059 m, heading mean 2.37 max 11.19 deg[0m
[pure_pursuit-10] [0m[INFO] [1788866075.062006483] [pure_pursuit]: lap 133: 6.60 s[0m
[localization_error-8] [0m[INFO] [1788866076.713184725] [localization_error]: now[200] 0.337 m / 2.25 deg  |  session[n=17527] mean 0.330 p95 0.694 max 1.059 m, heading mean 2.37 max 11.19 deg[0m
[pure_pursuit-10] [0m[INFO] [1788866081.621627785] [pure_pursuit]: lap 134: 6.58 s[0m
[localization_error-8] [0m[INFO] [1788866081.714006705] [localization_error]: now[200] 0.327 m / 2.55 deg  |  session[n=17627] mean 0.330 p95 0.694 max 1.059 m, heading mean 2.37 max 11.19 deg[0m
[localization_error-8] [0m[INFO] [1788866086.714380759] [localization_error]: now[200] 0.316 m / 2.40 deg  |  session[n=17727] mean 0.330 p95 0.694 max 1.059 m, heading mean 2.37 max 11.19 deg[0m
[pure_pursuit-10] [0m[INFO] [1788866088.262197471] [pure_pursuit]: lap 135: 6.60 s[0m
[localization_error-8] [0m[INFO] [1788866091.713737439] [localization_error]: now[200] 0.329 m / 2.22 deg  |  session[n=17827] mean 0.330 p95 0.694 max 1.059 m, heading mean 2.37 max 11.19 deg[0m
[pure_pursuit-10] [0m[INFO] [1788866094.767586593] [pure_pursuit]: lap 136: 6.55 s[0m
[localization_error-8] [0m[INFO] [1788866096.713180186] [localization_error]: now[200] 0.337 m / 2.28 deg  |  session[n=17927] mean 0.330 p95 0.694 max 1.059 m, heading mean 2.37 max 11.19 deg[0m
[pure_pursuit-10] [0m[INFO] [1788866101.346674868] [pure_pursuit]: lap 137: 6.55 s[0m
[localization_error-8] [0m[INFO] [1788866101.713469101] [localization_error]: now[200] 0.333 m / 2.45 deg  |  session[n=18027] mean 0.330 p95 0.694 max 1.059 m, heading mean 2.37 max 11.19 deg[0m
[localization_error-8] [0m[INFO] [1788866106.713274645] [localization_error]: now[200] 0.328 m / 2.60 deg  |  session[n=18127] mean 0.330 p95 0.694 max 1.059 m, heading mean 2.37 max 11.19 deg[0m
[pure_pursuit-10] [0m[INFO] [1788866107.913390519] [pure_pursuit]: lap 138: 6.57 s[0m
[localization_error-8] [0m[INFO] [1788866111.713353999] [localization_error]: now[200] 0.347 m / 2.46 deg  |  session[n=18227] mean 0.330 p95 0.695 max 1.059 m, heading mean 2.37 max 11.19 deg[0m
[pure_pursuit-10] [0m[INFO] [1788866114.499956145] [pure_pursuit]: lap 139: 6.55 s[0m
[localization_error-8] [0m[INFO] [1788866116.713575937] [localization_error]: now[200] 0.330 m / 2.29 deg  |  session[n=18327] mean 0.330 p95 0.694 max 1.059 m, heading mean 2.37 max 11.19 deg[0m
[pure_pursuit-10] [0m[INFO] [1788866121.044324624] [pure_pursuit]: lap 140: 6.56 s[0m
[localization_error-8] [0m[INFO] [1788866121.713371265] [localization_error]: now[200] 0.319 m / 2.44 deg  |  session[n=18427] mean 0.330 p95 0.694 max 1.059 m, heading mean 2.37 max 11.19 deg[0m
[localization_error-8] [0m[INFO] [1788866126.713225509] [localization_error]: now[200] 0.318 m / 2.53 deg  |  session[n=18527] mean 0.330 p95 0.694 max 1.059 m, heading mean 2.37 max 11.19 deg[0m
[pure_pursuit-10] [0m[INFO] [1788866127.700774459] [pure_pursuit]: lap 141: 6.66 s[0m
[localization_error-8] [0m[INFO] [1788866131.713178954] [localization_error]: now[200] 0.325 m / 2.37 deg  |  session[n=18627] mean 0.330 p95 0.694 max 1.059 m, heading mean 2.37 max 11.19 deg[0m
[pure_pursuit-10] [0m[INFO] [1788866134.286924388] [pure_pursuit]: lap 142: 6.60 s[0m
[localization_error-8] [0m[INFO] [1788866136.713234078] [localization_error]: now[200] 0.321 m / 2.30 deg  |  session[n=18727] mean 0.330 p95 0.694 max 1.059 m, heading mean 2.37 max 11.19 deg[0m
[pure_pursuit-10] [0m[INFO] [1788866140.880447376] [pure_pursuit]: lap 143: 6.58 s[0m
[localization_error-8] [0m[INFO] [1788866141.713572678] [localization_error]: now[200] 0.322 m / 2.28 deg  |  session[n=18827] mean 0.330 p95 0.693 max 1.059 m, heading mean 2.37 max 11.19 deg[0m
[localization_error-8] [0m[INFO] [1788866146.714182713] [localization_error]: now[200] 0.325 m / 2.45 deg  |  session[n=18927] mean 0.330 p95 0.693 max 1.059 m, heading mean 2.37 max 11.19 deg[0m
[pure_pursuit-10] [0m[INFO] [1788866147.503399094] [pure_pursuit]: lap 144: 6.62 s[0m
[localization_error-8] [0m[INFO] [1788866151.713333720] [localization_error]: now[200] 0.334 m / 2.41 deg  |  session[n=19027] mean 0.330 p95 0.694 max 1.059 m, heading mean 2.37 max 11.19 deg[0m
[pure_pursuit-10] [0m[INFO] [1788866154.085364551] [pure_pursuit]: lap 145: 6.56 s[0m
[localization_error-8] [0m[INFO] [1788866156.713259201] [localization_error]: now[200] 0.346 m / 2.39 deg  |  session[n=19127] mean 0.330 p95 0.694 max 1.059 m, heading mean 2.37 max 11.19 deg[0m
[pure_pursuit-10] [0m[INFO] [1788866160.668152801] [pure_pursuit]: lap 146: 6.60 s[0m
[localization_error-8] [0m[INFO] [1788866161.713335699] [localization_error]: now[200] 0.336 m / 2.51 deg  |  session[n=19227] mean 0.330 p95 0.693 max 1.059 m, heading mean 2.38 max 11.19 deg[0m
[localization_error-8] [0m[INFO] [1788866166.713455175] [localization_error]: now[200] 0.307 m / 2.49 deg  |  session[n=19327] mean 0.330 p95 0.693 max 1.059 m, heading mean 2.38 max 11.19 deg[0m
[pure_pursuit-10] [0m[INFO] [1788866167.250273535] [pure_pursuit]: lap 147: 6.59 s[0m
[localization_error-8] [0m[INFO] [1788866171.713420943] [localization_error]: now[200] 0.331 m / 2.58 deg  |  session[n=19427] mean 0.330 p95 0.693 max 1.059 m, heading mean 2.38 max 11.19 deg[0m
[pure_pursuit-10] [0m[INFO] [1788866173.828821402] [pure_pursuit]: lap 148: 6.60 s[0m
[localization_error-8] [0m[INFO] [1788866176.713441708] [localization_error]: now[200] 0.365 m / 2.52 deg  |  session[n=19527] mean 0.330 p95 0.694 max 1.059 m, heading mean 2.38 max 11.19 deg[0m
[pure_pursuit-10] [0m[INFO] [1788866180.472028951] [pure_pursuit]: lap 149: 6.61 s[0m
[localization_error-8] [0m[INFO] [1788866181.713163234] [localization_error]: now[200] 0.371 m / 2.42 deg  |  session[n=19627] mean 0.330 p95 0.694 max 1.059 m, heading mean 2.38 max 11.19 deg[0m
[localization_error-8] [0m[INFO] [1788866186.713485215] [localization_error]: now[200] 0.315 m / 2.58 deg  |  session[n=19727] mean 0.330 p95 0.693 max 1.059 m, heading mean 2.38 max 11.19 deg[0m
[pure_pursuit-10] [0m[INFO] [1788866187.036493038] [pure_pursuit]: lap 150: 6.56 s[0m
[localization_error-8] [0m[INFO] [1788866191.714069480] [localization_error]: now[200] 0.312 m / 2.44 deg  |  session[n=19827] mean 0.330 p95 0.693 max 1.059 m, heading mean 2.38 max 11.19 deg[0m
[pure_pursuit-10] [0m[INFO] [1788866193.616862863] [pure_pursuit]: lap 151: 6.60 s[0m
[localization_error-8] [0m[INFO] [1788866196.713412876] [localization_error]: now[200] 0.340 m / 2.16 deg  |  session[n=19927] mean 0.330 p95 0.693 max 1.059 m, heading mean 2.38 max 11.19 deg[0m
[pure_pursuit-10] [0m[INFO] [1788866200.209753380] [pure_pursuit]: lap 152: 6.60 s[0m
[localization_error-8] [0m[INFO] [1788866201.713568985] [localization_error]: now[200] 0.342 m / 2.30 deg  |  session[n=20027] mean 0.330 p95 0.694 max 1.059 m, heading mean 2.38 max 11.19 deg[0m
[localization_error-8] [0m[INFO] [1788866206.714045114] [localization_error]: now[200] 0.321 m / 2.39 deg  |  session[n=20127] mean 0.330 p95 0.694 max 1.059 m, heading mean 2.38 max 11.19 deg[0m
[pure_pursuit-10] [0m[INFO] [1788866206.803623968] [pure_pursuit]: lap 153: 6.60 s[0m
[localization_error-8] [0m[INFO] [1788866211.713426745] [localization_error]: now[200] 0.312 m / 2.34 deg  |  session[n=20227] mean 0.330 p95 0.693 max 1.059 m, heading mean 2.38 max 11.19 deg[0m
[pure_pursuit-10] [0m[INFO] [1788866213.378260332] [pure_pursuit]: lap 154: 6.59 s[0m
[localization_error-8] [0m[INFO] [1788866216.713501473] [localization_error]: now[200] 0.333 m / 2.32 deg  |  session[n=20327] mean 0.330 p95 0.694 max 1.059 m, heading mean 2.38 max 11.19 deg[0m
[pure_pursuit-10] [0m[INFO] [1788866219.978178912] [pure_pursuit]: lap 155: 6.58 s[0m
[localization_error-8] [0m[INFO] [1788866221.713832593] [localization_error]: now[200] 0.329 m / 2.15 deg  |  session[n=20427] mean 0.330 p95 0.693 max 1.059 m, heading mean 2.37 max 11.19 deg[0m
[pure_pursuit-10] [0m[INFO] [1788866226.522655716] [pure_pursuit]: lap 156: 6.54 s[0m
[localization_error-8] [0m[INFO] [1788866226.714640622] [localization_error]: now[200] 0.317 m / 2.29 deg  |  session[n=20527] mean 0.330 p95 0.693 max 1.059 m, heading mean 2.38 max 11.19 deg[0m
[localization_error-8] [0m[INFO] [1788866231.713396029] [localization_error]: now[200] 0.309 m / 2.53 deg  |  session[n=20627] mean 0.330 p95 0.693 max 1.059 m, heading mean 2.38 max 11.19 deg[0m
[pure_pursuit-10] [0m[INFO] [1788866233.138105825] [pure_pursuit]: lap 157: 6.61 s[0m
[localization_error-8] [0m[INFO] [1788866236.713418947] [localization_error]: now[200] 0.332 m / 2.58 deg  |  session[n=20727] mean 0.330 p95 0.693 max 1.059 m, heading mean 2.38 max 11.19 deg[0m
[pure_pursuit-10] [0m[INFO] [1788866239.696344962] [pure_pursuit]: lap 158: 6.58 s[0m
[localization_error-8] [0m[INFO] [1788866241.713203805] [localization_error]: now[200] 0.336 m / 2.42 deg  |  session[n=20827] mean 0.330 p95 0.693 max 1.059 m, heading mean 2.38 max 11.19 deg[0m
[pure_pursuit-10] [0m[INFO] [1788866246.284632440] [pure_pursuit]: lap 159: 6.59 s[0m
[localization_error-8] [0m[INFO] [1788866246.713226490] [localization_error]: now[200] 0.323 m / 2.25 deg  |  session[n=20927] mean 0.330 p95 0.692 max 1.059 m, heading mean 2.38 max 11.19 deg[0m
[localization_error-8] [0m[INFO] [1788866251.713393171] [localization_error]: now[200] 0.321 m / 2.33 deg  |  session[n=21027] mean 0.330 p95 0.692 max 1.059 m, heading mean 2.38 max 11.19 deg[0m
[pure_pursuit-10] [0m[INFO] [1788866252.919110922] [pure_pursuit]: lap 160: 6.61 s[0m
[localization_error-8] [0m[INFO] [1788866256.713149680] [localization_error]: now[200] 0.345 m / 2.26 deg  |  session[n=21127] mean 0.330 p95 0.693 max 1.059 m, heading mean 2.38 max 11.19 deg[0m
[pure_pursuit-10] [0m[INFO] [1788866259.562109599] [pure_pursuit]: lap 161: 6.66 s[0m
[localization_error-8] [0m[INFO] [1788866261.713411573] [localization_error]: now[200] 0.335 m / 2.02 deg  |  session[n=21227] mean 0.330 p95 0.693 max 1.059 m, heading mean 2.37 max 11.19 deg[0m
[pure_pursuit-10] [0m[INFO] [1788866266.127055069] [pure_pursuit]: lap 162: 6.58 s[0m
[localization_error-8] [0m[INFO] [1788866266.714290369] [localization_error]: now[200] 0.321 m / 2.31 deg  |  session[n=21327] mean 0.330 p95 0.693 max 1.059 m, heading mean 2.37 max 11.19 deg[0m
[localization_error-8] [0m[INFO] [1788866271.713307559] [localization_error]: now[200] 0.324 m / 2.49 deg  |  session[n=21427] mean 0.330 p95 0.693 max 1.059 m, heading mean 2.37 max 11.19 deg[0m
[pure_pursuit-10] [0m[INFO] [1788866272.712682634] [pure_pursuit]: lap 163: 6.59 s[0m
[localization_error-8] [0m[INFO] [1788866276.713415608] [localization_error]: now[200] 0.325 m / 2.23 deg  |  session[n=21527] mean 0.330 p95 0.693 max 1.059 m, heading mean 2.37 max 11.19 deg[0m
[pure_pursuit-10] [0m[INFO] [1788866279.390563437] [pure_pursuit]: lap 164: 6.66 s[0m
[localization_error-8] [0m[INFO] [1788866281.713604277] [localization_error]: now[200] 0.333 m / 2.12 deg  |  session[n=21627] mean 0.330 p95 0.693 max 1.059 m, heading mean 2.37 max 11.19 deg[0m
[pure_pursuit-10] [0m[INFO] [1788866285.948580092] [pure_pursuit]: lap 165: 6.56 s[0m
[localization_error-8] [0m[INFO] [1788866286.713227714] [localization_error]: now[200] 0.339 m / 2.20 deg  |  session[n=21727] mean 0.330 p95 0.693 max 1.059 m, heading mean 2.37 max 11.19 deg[0m
[localization_error-8] [0m[INFO] [1788866291.713605098] [localization_error]: now[200] 0.326 m / 2.53 deg  |  session[n=21827] mean 0.330 p95 0.693 max 1.059 m, heading mean 2.37 max 11.19 deg[0m
[pure_pursuit-10] [0m[INFO] [1788866292.605936967] [pure_pursuit]: lap 166: 6.62 s[0m
[localization_error-8] [0m[INFO] [1788866296.713260802] [localization_error]: now[200] 0.327 m / 2.51 deg  |  session[n=21927] mean 0.330 p95 0.693 max 1.059 m, heading mean 2.37 max 11.19 deg[0m
[pure_pursuit-10] [0m[INFO] [1788866299.152046455] [pure_pursuit]: lap 167: 6.58 s[0m
[localization_error-8] [0m[INFO] [1788866301.713747155] [localization_error]: now[200] 0.320 m / 2.30 deg  |  session[n=22027] mean 0.330 p95 0.693 max 1.059 m, heading mean 2.37 max 11.19 deg[0m
[pure_pursuit-10] [0m[INFO] [1788866305.725096135] [pure_pursuit]: lap 168: 6.56 s[0m
[localization_error-8] [0m[INFO] [1788866306.713514447] [localization_error]: now[200] 0.320 m / 2.32 deg  |  session[n=22127] mean 0.330 p95 0.692 max 1.059 m, heading mean 2.37 max 11.19 deg[0m
[localization_error-8] [0m[INFO] [1788866311.713692080] [localization_error]: now[200] 0.310 m / 2.40 deg  |  session[n=22227] mean 0.330 p95 0.692 max 1.059 m, heading mean 2.37 max 11.19 deg[0m
[pure_pursuit-10] [0m[INFO] [1788866312.367810486] [pure_pursuit]: lap 169: 6.63 s[0m
[localization_error-8] [0m[INFO] [1788866316.713248622] [localization_error]: now[200] 0.316 m / 2.40 deg  |  session[n=22327] mean 0.330 p95 0.692 max 1.059 m, heading mean 2.37 max 11.19 deg[0m
[pure_pursuit-10] [0m[INFO] [1788866318.968896648] [pure_pursuit]: lap 170: 6.61 s[0m
[localization_error-8] [0m[INFO] [1788866321.713437620] [localization_error]: now[200] 0.311 m / 2.20 deg  |  session[n=22427] mean 0.329 p95 0.691 max 1.059 m, heading mean 2.37 max 11.19 deg[0m
[pure_pursuit-10] [0m[INFO] [1788866325.526852034] [pure_pursuit]: lap 171: 6.57 s[0m
[localization_error-8] [0m[INFO] [1788866326.713256354] [localization_error]: now[200] 0.332 m / 2.26 deg  |  session[n=22527] mean 0.330 p95 0.691 max 1.059 m, heading mean 2.37 max 11.19 deg[0m
[localization_error-8] [0m[INFO] [1788866331.713480865] [localization_error]: now[200] 0.320 m / 2.64 deg  |  session[n=22627] mean 0.329 p95 0.691 max 1.059 m, heading mean 2.37 max 11.19 deg[0m
[pure_pursuit-10] [0m[INFO] [1788866332.059549047] [pure_pursuit]: lap 172: 6.55 s[0m
[localization_error-8] [0m[INFO] [1788866336.713575907] [localization_error]: now[200] 0.315 m / 2.65 deg  |  session[n=22727] mean 0.330 p95 0.691 max 1.059 m, heading mean 2.37 max 11.19 deg[0m
[pure_pursuit-10] [0m[INFO] [1788866338.722899287] [pure_pursuit]: lap 173: 6.63 s[0m
[localization_error-8] [0m[INFO] [1788866341.713223743] [localization_error]: now[200] 0.339 m / 2.36 deg  |  session[n=22827] mean 0.329 p95 0.691 max 1.059 m, heading mean 2.37 max 11.19 deg[0m
[pure_pursuit-10] [0m[INFO] [1788866345.267070981] [pure_pursuit]: lap 174: 6.56 s[0m
[localization_error-8] [0m[INFO] [1788866346.713295658] [localization_error]: now[200] 0.340 m / 2.06 deg  |  session[n=22927] mean 0.330 p95 0.691 max 1.059 m, heading mean 2.37 max 11.19 deg[0m
[localization_error-8] [0m[INFO] [1788866351.713420701] [localization_error]: now[200] 0.316 m / 2.30 deg  |  session[n=23027] mean 0.329 p95 0.691 max 1.059 m, heading mean 2.37 max 11.19 deg[0m
[pure_pursuit-10] [0m[INFO] [1788866351.891435880] [pure_pursuit]: lap 175: 6.61 s[0m
[localization_error-8] [0m[INFO] [1788866356.713470017] [localization_error]: now[200] 0.333 m / 2.67 deg  |  session[n=23127] mean 0.330 p95 0.692 max 1.059 m, heading mean 2.37 max 11.19 deg[0m
[pure_pursuit-10] [0m[INFO] [1788866358.465028202] [pure_pursuit]: lap 176: 6.59 s[0m
[localization_error-8] [0m[INFO] [1788866361.713551444] [localization_error]: now[200] 0.343 m / 2.53 deg  |  session[n=23227] mean 0.329 p95 0.691 max 1.059 m, heading mean 2.37 max 11.19 deg[0m
[pure_pursuit-10] [0m[INFO] [1788866365.111064573] [pure_pursuit]: lap 177: 6.64 s[0m
[localization_error-8] [0m[INFO] [1788866366.713369405] [localization_error]: now[200] 0.312 m / 2.12 deg  |  session[n=23327] mean 0.330 p95 0.692 max 1.059 m, heading mean 2.37 max 11.19 deg[0m
[pure_pursuit-10] [0m[INFO] [1788866371.615769515] [pure_pursuit]: lap 178: 6.53 s[0m
[localization_error-8] [0m[INFO] [1788866371.714166635] [localization_error]: now[200] 0.311 m / 2.25 deg  |  session[n=23427] mean 0.329 p95 0.691 max 1.059 m, heading mean 2.37 max 11.19 deg[0m
[localization_error-8] [0m[INFO] [1788866376.714034660] [localization_error]: now[200] 0.318 m / 2.49 deg  |  session[n=23527] mean 0.329 p95 0.691 max 1.059 m, heading mean 2.37 max 11.19 deg[0m
[pure_pursuit-10] [0m[INFO] [1788866378.257948309] [pure_pursuit]: lap 179: 6.62 s[0m
[localization_error-8] [0m[INFO] [1788866381.713252997] [localization_error]: now[200] 0.332 m / 2.48 deg  |  session[n=23627] mean 0.329 p95 0.691 max 1.059 m, heading mean 2.37 max 11.19 deg[0m
[pure_pursuit-10] [0m[INFO] [1788866384.831582760] [pure_pursuit]: lap 180: 6.60 s[0m
[localization_error-8] [0m[INFO] [1788866386.713561709] [localization_error]: now[200] 0.341 m / 2.56 deg  |  session[n=23727] mean 0.330 p95 0.691 max 1.059 m, heading mean 2.37 max 11.19 deg[0m
[pure_pursuit-10] [0m[INFO] [1788866391.406036506] [pure_pursuit]: lap 181: 6.57 s[0m
[localization_error-8] [0m[INFO] [1788866391.713475000] [localization_error]: now[200] 0.330 m / 2.62 deg  |  session[n=23827] mean 0.329 p95 0.690 max 1.059 m, heading mean 2.38 max 11.19 deg[0m
[localization_error-8] [0m[INFO] [1788866396.713335133] [localization_error]: now[200] 0.311 m / 2.69 deg  |  session[n=23927] mean 0.329 p95 0.691 max 1.059 m, heading mean 2.38 max 11.19 deg[0m
[pure_pursuit-10] [0m[INFO] [1788866397.991201451] [pure_pursuit]: lap 182: 6.57 s[0m
[localization_error-8] [0m[INFO] [1788866401.714280220] [localization_error]: now[200] 0.344 m / 2.71 deg  |  session[n=24027] mean 0.329 p95 0.691 max 1.059 m, heading mean 2.38 max 11.19 deg[0m
[pure_pursuit-10] [0m[INFO] [1788866404.543952122] [pure_pursuit]: lap 183: 6.58 s[0m
[localization_error-8] [0m[INFO] [1788866406.713173285] [localization_error]: now[200] 0.344 m / 2.36 deg  |  session[n=24127] mean 0.330 p95 0.691 max 1.059 m, heading mean 2.38 max 11.19 deg[0m
[pure_pursuit-10] [0m[INFO] [1788866411.122719238] [pure_pursuit]: lap 184: 6.58 s[0m
[localization_error-8] [0m[INFO] [1788866411.713163447] [localization_error]: now[200] 0.331 m / 2.41 deg  |  session[n=24227] mean 0.330 p95 0.691 max 1.059 m, heading mean 2.38 max 11.19 deg[0m
[localization_error-8] [0m[INFO] [1788866416.714282023] [localization_error]: now[200] 0.327 m / 2.81 deg  |  session[n=24327] mean 0.330 p95 0.691 max 1.059 m, heading mean 2.38 max 11.19 deg[0m
[pure_pursuit-10] [0m[INFO] [1788866417.731174387] [pure_pursuit]: lap 185: 6.59 s[0m
[localization_error-8] [0m[INFO] [1788866421.713280207] [localization_error]: now[200] 0.329 m / 2.39 deg  |  session[n=24427] mean 0.329 p95 0.691 max 1.059 m, heading mean 2.38 max 11.19 deg[0m
[pure_pursuit-10] [0m[INFO] [1788866424.306249004] [pure_pursuit]: lap 186: 6.57 s[0m
[localization_error-8] [0m[INFO] [1788866426.713188610] [localization_error]: now[200] 0.343 m / 2.09 deg  |  session[n=24527] mean 0.330 p95 0.691 max 1.059 m, heading mean 2.38 max 11.19 deg[0m
[pure_pursuit-10] [0m[INFO] [1788866430.884890103] [pure_pursuit]: lap 187: 6.57 s[0m
[localization_error-8] [0m[INFO] [1788866431.713425822] [localization_error]: now[200] 0.367 m / 2.46 deg  |  session[n=24627] mean 0.330 p95 0.691 max 1.059 m, heading mean 2.38 max 11.19 deg[0m
[localization_error-8] [0m[INFO] [1788866436.713295477] [localization_error]: now[200] 0.348 m / 2.70 deg  |  session[n=24727] mean 0.330 p95 0.691 max 1.059 m, heading mean 2.38 max 11.19 deg[0m
[pure_pursuit-10] [0m[INFO] [1788866437.513922431] [pure_pursuit]: lap 188: 6.62 s[0m
[localization_error-8] [0m[INFO] [1788866441.713618670] [localization_error]: now[200] 0.327 m / 2.52 deg  |  session[n=24827] mean 0.330 p95 0.691 max 1.059 m, heading mean 2.38 max 11.19 deg[0m
[pure_pursuit-10] [0m[INFO] [1788866444.102887807] [pure_pursuit]: lap 189: 6.59 s[0m
[localization_error-8] [0m[INFO] [1788866446.714450125] [localization_error]: now[200] 0.318 m / 2.30 deg  |  session[n=24927] mean 0.330 p95 0.691 max 1.059 m, heading mean 2.38 max 11.19 deg[0m
[pure_pursuit-10] [0m[INFO] [1788866450.668979526] [pure_pursuit]: lap 190: 6.58 s[0m
[localization_error-8] [0m[INFO] [1788866451.713174083] [localization_error]: now[200] 0.322 m / 2.33 deg  |  session[n=25027] mean 0.330 p95 0.691 max 1.059 m, heading mean 2.38 max 11.19 deg[0m
[localization_error-8] [0m[INFO] [1788866456.713246914] [localization_error]: now[200] 0.313 m / 2.34 deg  |  session[n=25127] mean 0.330 p95 0.691 max 1.059 m, heading mean 2.38 max 11.19 deg[0m
[pure_pursuit-10] [0m[INFO] [1788866457.295754828] [pure_pursuit]: lap 191: 6.60 s[0m
[localization_error-8] [0m[INFO] [1788866461.713422170] [localization_error]: now[200] 0.317 m / 2.33 deg  |  session[n=25227] mean 0.330 p95 0.691 max 1.059 m, heading mean 2.38 max 11.19 deg[0m
[pure_pursuit-10] [0m[INFO] [1788866463.868820477] [pure_pursuit]: lap 192: 6.60 s[0m
[localization_error-8] [0m[INFO] [1788866466.713158404] [localization_error]: now[200] 0.332 m / 2.26 deg  |  session[n=25327] mean 0.330 p95 0.691 max 1.059 m, heading mean 2.38 max 11.19 deg[0m
[pure_pursuit-10] [0m[INFO] [1788866470.462857539] [pure_pursuit]: lap 193: 6.60 s[0m
[localization_error-8] [0m[INFO] [1788866471.713240572] [localization_error]: now[200] 0.340 m / 2.28 deg  |  session[n=25427] mean 0.330 p95 0.691 max 1.059 m, heading mean 2.38 max 11.19 deg[0m
[localization_error-8] [0m[INFO] [1788866476.713565348] [localization_error]: now[200] 0.317 m / 2.47 deg  |  session[n=25527] mean 0.329 p95 0.691 max 1.059 m, heading mean 2.38 max 11.19 deg[0m
[pure_pursuit-10] [0m[INFO] [1788866477.078346267] [pure_pursuit]: lap 194: 6.60 s[0m
[localization_error-8] [0m[INFO] [1788866481.713196458] [localization_error]: now[200] 0.316 m / 2.38 deg  |  session[n=25627] mean 0.330 p95 0.691 max 1.059 m, heading mean 2.38 max 11.19 deg[0m
[pure_pursuit-10] [0m[INFO] [1788866483.638061316] [pure_pursuit]: lap 195: 6.58 s[0m
[localization_error-8] [0m[INFO] [1788866486.714283937] [localization_error]: now[200] 0.332 m / 2.14 deg  |  session[n=25727] mean 0.329 p95 0.690 max 1.059 m, heading mean 2.38 max 11.19 deg[0m
[pure_pursuit-10] [0m[INFO] [1788866490.252872916] [pure_pursuit]: lap 196: 6.61 s[0m
[localization_error-8] [0m[INFO] [1788866491.713510133] [localization_error]: now[200] 0.333 m / 2.09 deg  |  session[n=25827] mean 0.330 p95 0.691 max 1.059 m, heading mean 2.38 max 11.19 deg[0m
[localization_error-8] [0m[INFO] [1788866496.713256465] [localization_error]: now[200] 0.308 m / 2.14 deg  |  session[n=25927] mean 0.329 p95 0.691 max 1.059 m, heading mean 2.38 max 11.19 deg[0m
[pure_pursuit-10] [0m[INFO] [1788866496.887919876] [pure_pursuit]: lap 197: 6.60 s[0m
[localization_error-8] [0m[INFO] [1788866501.713963940] [localization_error]: now[200] 0.308 m / 2.20 deg  |  session[n=26027] mean 0.329 p95 0.691 max 1.059 m, heading mean 2.38 max 11.19 deg[0m
[pure_pursuit-10] [0m[INFO] [1788866503.488226174] [pure_pursuit]: lap 198: 6.62 s[0m
[localization_error-8] [0m[INFO] [1788866506.713588050] [localization_error]: now[200] 0.323 m / 2.27 deg  |  session[n=26127] mean 0.329 p95 0.691 max 1.059 m, heading mean 2.38 max 11.19 deg[0m
[pure_pursuit-10] [0m[INFO] [1788866510.075996397] [pure_pursuit]: lap 199: 6.61 s[0m
[localization_error-8] [0m[INFO] [1788866511.713276545] [localization_error]: now[200] 0.334 m / 2.33 deg  |  session[n=26227] mean 0.329 p95 0.692 max 1.059 m, heading mean 2.38 max 11.19 deg[0m
[pure_pursuit-10] [0m[INFO] [1788866516.698065603] [pure_pursuit]: lap 200: 6.61 s[0m
[localization_error-8] [0m[INFO] [1788866516.714522763] [localization_error]: now[200] 0.331 m / 2.42 deg  |  session[n=26327] mean 0.329 p95 0.691 max 1.059 m, heading mean 2.38 max 11.19 deg[0m
[localization_error-8] [0m[INFO] [1788866521.713351930] [localization_error]: now[200] 0.320 m / 2.39 deg  |  session[n=26427] mean 0.329 p95 0.692 max 1.059 m, heading mean 2.38 max 11.19 deg[0m
[pure_pursuit-10] [0m[INFO] [1788866523.279263920] [pure_pursuit]: lap 201: 6.57 s[0m
[localization_error-8] [0m[INFO] [1788866526.714043316] [localization_error]: now[200] 0.338 m / 2.45 deg  |  session[n=26527] mean 0.329 p95 0.691 max 1.059 m, heading mean 2.38 max 11.19 deg[0m
[pure_pursuit-10] [0m[INFO] [1788866529.851721891] [pure_pursuit]: lap 202: 6.60 s[0m
[localization_error-8] [0m[INFO] [1788866531.713322789] [localization_error]: now[200] 0.347 m / 2.49 deg  |  session[n=26627] mean 0.330 p95 0.691 max 1.059 m, heading mean 2.38 max 11.19 deg[0m
[pure_pursuit-10] [0m[INFO] [1788866536.448797254] [pure_pursuit]: lap 203: 6.59 s[0m
[localization_error-8] [0m[INFO] [1788866536.713132346] [localization_error]: now[200] 0.330 m / 2.53 deg  |  session[n=26727] mean 0.329 p95 0.691 max 1.059 m, heading mean 2.38 max 11.19 deg[0m
[localization_error-8] [0m[INFO] [1788866541.713316398] [localization_error]: now[200] 0.336 m / 2.74 deg  |  session[n=26827] mean 0.330 p95 0.691 max 1.059 m, heading mean 2.38 max 11.19 deg[0m
[pure_pursuit-10] [0m[INFO] [1788866543.025433972] [pure_pursuit]: lap 204: 6.53 s[0m
[localization_error-8] [0m[INFO] [1788866546.713430408] [localization_error]: now[200] 0.357 m / 2.68 deg  |  session[n=26927] mean 0.330 p95 0.691 max 1.059 m, heading mean 2.38 max 11.19 deg[0m
[pure_pursuit-10] [0m[INFO] [1788866549.612933250] [pure_pursuit]: lap 205: 6.63 s[0m
[localization_error-8] [0m[INFO] [1788866551.713273877] [localization_error]: now[200] 0.333 m / 2.26 deg  |  session[n=27027] mean 0.330 p95 0.691 max 1.059 m, heading mean 2.38 max 11.19 deg[0m
[pure_pursuit-10] [0m[INFO] [1788866556.199907394] [pure_pursuit]: lap 206: 6.57 s[0m
[localization_error-8] [0m[INFO] [1788866556.713746311] [localization_error]: now[200] 0.335 m / 2.29 deg  |  session[n=27127] mean 0.330 p95 0.690 max 1.059 m, heading mean 2.38 max 11.19 deg[0m
[localization_error-8] [0m[INFO] [1788866561.713367425] [localization_error]: now[200] 0.328 m / 2.37 deg  |  session[n=27227] mean 0.330 p95 0.690 max 1.059 m, heading mean 2.38 max 11.19 deg[0m
[pure_pursuit-10] [0m[INFO] [1788866562.760851040] [pure_pursuit]: lap 207: 6.58 s[0m
[localization_error-8] [0m[INFO] [1788866566.714148115] [localization_error]: now[200] 0.330 m / 2.21 deg  |  session[n=27327] mean 0.330 p95 0.690 max 1.059 m, heading mean 2.38 max 11.19 deg[0m
[pure_pursuit-10] [0m[INFO] [1788866569.340453904] [pure_pursuit]: lap 208: 6.58 s[0m
[localization_error-8] [0m[INFO] [1788866571.713162465] [localization_error]: now[200] 0.327 m / 2.28 deg  |  session[n=27427] mean 0.330 p95 0.690 max 1.059 m, heading mean 2.38 max 11.19 deg[0m
[pure_pursuit-10] [0m[INFO] [1788866575.926889355] [pure_pursuit]: lap 209: 6.58 s[0m
[localization_error-8] [0m[INFO] [1788866576.713659308] [localization_error]: now[200] 0.335 m / 2.43 deg  |  session[n=27527] mean 0.330 p95 0.689 max 1.059 m, heading mean 2.38 max 11.19 deg[0m
[localization_error-8] [0m[INFO] [1788866581.713183870] [localization_error]: now[200] 0.326 m / 2.55 deg  |  session[n=27627] mean 0.330 p95 0.689 max 1.059 m, heading mean 2.38 max 11.19 deg[0m
[pure_pursuit-10] [0m[INFO] [1788866582.465005105] [pure_pursuit]: lap 210: 6.55 s[0m
[localization_error-8] [0m[INFO] [1788866586.714045176] [localization_error]: now[200] 0.333 m / 2.54 deg  |  session[n=27727] mean 0.330 p95 0.689 max 1.059 m, heading mean 2.38 max 11.19 deg[0m
[pure_pursuit-10] [0m[INFO] [1788866589.033918208] [pure_pursuit]: lap 211: 6.57 s[0m
[localization_error-8] [0m[INFO] [1788866591.713633758] [localization_error]: now[200] 0.345 m / 2.40 deg  |  session[n=27827] mean 0.330 p95 0.689 max 1.059 m, heading mean 2.38 max 11.19 deg[0m
[pure_pursuit-10] [0m[INFO] [1788866595.661215307] [pure_pursuit]: lap 212: 6.60 s[0m
[localization_error-8] [0m[INFO] [1788866596.713191409] [localization_error]: now[200] 0.352 m / 2.49 deg  |  session[n=27927] mean 0.330 p95 0.689 max 1.059 m, heading mean 2.38 max 11.19 deg[0m
[localization_error-8] [0m[INFO] [1788866601.713213502] [localization_error]: now[200] 0.331 m / 2.77 deg  |  session[n=28027] mean 0.330 p95 0.689 max 1.059 m, heading mean 2.38 max 11.19 deg[0m
[pure_pursuit-10] [0m[INFO] [1788866602.330805559] [pure_pursuit]: lap 213: 6.67 s[0m
[localization_error-8] [0m[INFO] [1788866606.714421414] [localization_error]: now[200] 0.326 m / 2.66 deg  |  session[n=28127] mean 0.330 p95 0.690 max 1.059 m, heading mean 2.38 max 11.19 deg[0m
[pure_pursuit-10] [0m[INFO] [1788866608.939318670] [pure_pursuit]: lap 214: 6.61 s[0m
[localization_error-8] [0m[INFO] [1788866611.713655539] [localization_error]: now[200] 0.333 m / 2.20 deg  |  session[n=28227] mean 0.330 p95 0.690 max 1.059 m, heading mean 2.38 max 11.19 deg[0m
[pure_pursuit-10] [0m[INFO] [1788866615.519424067] [pure_pursuit]: lap 215: 6.60 s[0m
[localization_error-8] [0m[INFO] [1788866616.713210695] [localization_error]: now[200] 0.334 m / 2.10 deg  |  session[n=28327] mean 0.330 p95 0.690 max 1.059 m, heading mean 2.38 max 11.19 deg[0m
[localization_error-8] [0m[INFO] [1788866621.713522090] [localization_error]: now[200] 0.325 m / 2.52 deg  |  session[n=28427] mean 0.330 p95 0.690 max 1.059 m, heading mean 2.38 max 11.19 deg[0m
[pure_pursuit-10] [0m[INFO] [1788866622.121916819] [pure_pursuit]: lap 216: 6.56 s[0m
[localization_error-8] [0m[INFO] [1788866626.713237957] [localization_error]: now[200] 0.328 m / 2.46 deg  |  session[n=28527] mean 0.330 p95 0.690 max 1.059 m, heading mean 2.38 max 11.19 deg[0m
[pure_pursuit-10] [0m[INFO] [1788866628.819892443] [pure_pursuit]: lap 217: 6.71 s[0m
[localization_error-8] [0m[INFO] [1788866631.713237206] [localization_error]: now[200] 0.322 m / 2.06 deg  |  session[n=28627] mean 0.330 p95 0.690 max 1.059 m, heading mean 2.38 max 11.19 deg[0m
[pure_pursuit-10] [0m[INFO] [1788866635.470612052] [pure_pursuit]: lap 218: 6.64 s[0m
[localization_error-8] [0m[INFO] [1788866636.713804416] [localization_error]: now[200] 0.327 m / 2.11 deg  |  session[n=28727] mean 0.330 p95 0.690 max 1.059 m, heading mean 2.38 max 11.19 deg[0m
[localization_error-8] [0m[INFO] [1788866641.713349446] [localization_error]: now[200] 0.314 m / 2.33 deg  |  session[n=28827] mean 0.330 p95 0.690 max 1.059 m, heading mean 2.38 max 11.19 deg[0m
[pure_pursuit-10] [0m[INFO] [1788866642.098520121] [pure_pursuit]: lap 219: 6.66 s[0m
[localization_error-8] [0m[INFO] [1788866646.713320096] [localization_error]: now[200] 0.312 m / 2.23 deg  |  session[n=28927] mean 0.330 p95 0.690 max 1.059 m, heading mean 2.38 max 11.19 deg[0m
[pure_pursuit-10] [0m[INFO] [1788866648.712771294] [pure_pursuit]: lap 220: 6.61 s[0m
[localization_error-8] [0m[INFO] [1788866651.713444563] [localization_error]: now[200] 0.343 m / 2.08 deg  |  session[n=29027] mean 0.330 p95 0.690 max 1.059 m, heading mean 2.38 max 11.19 deg[0m
[pure_pursuit-10] [0m[INFO] [1788866655.445687841] [pure_pursuit]: lap 221: 6.70 s[0m
[localization_error-8] [0m[INFO] [1788866656.713102842] [localization_error]: now[200] 0.330 m / 2.22 deg  |  session[n=29127] mean 0.330 p95 0.690 max 1.059 m, heading mean 2.38 max 11.19 deg[0m
[localization_error-8] [0m[INFO] [1788866661.713253803] [localization_error]: now[200] 0.306 m / 2.44 deg  |  session[n=29227] mean 0.329 p95 0.689 max 1.059 m, heading mean 2.38 max 11.19 deg[0m
[pure_pursuit-10] [0m[INFO] [1788866662.019688865] [pure_pursuit]: lap 222: 6.57 s[0m
[localization_error-8] [0m[INFO] [1788866666.713274861] [localization_error]: now[200] 0.326 m / 2.45 deg  |  session[n=29327] mean 0.330 p95 0.690 max 1.059 m, heading mean 2.38 max 11.19 deg[0m
[pure_pursuit-10] [0m[INFO] [1788866668.655272050] [pure_pursuit]: lap 223: 6.67 s[0m
[localization_error-8] [0m[INFO] [1788866671.714178523] [localization_error]: now[200] 0.342 m / 2.26 deg  |  session[n=29427] mean 0.330 p95 0.690 max 1.059 m, heading mean 2.38 max 11.19 deg[0m
[pure_pursuit-10] [0m[INFO] [1788866675.319572033] [pure_pursuit]: lap 224: 6.66 s[0m
[localization_error-8] [0m[INFO] [1788866676.713499655] [localization_error]: now[200] 0.345 m / 2.21 deg  |  session[n=29527] mean 0.330 p95 0.690 max 1.059 m, heading mean 2.38 max 11.19 deg[0m
[localization_error-8] [0m[INFO] [1788866681.713557309] [localization_error]: now[200] 0.330 m / 2.33 deg  |  session[n=29627] mean 0.330 p95 0.689 max 1.059 m, heading mean 2.38 max 11.19 deg[0m
[pure_pursuit-10] [0m[INFO] [1788866681.953920141] [pure_pursuit]: lap 225: 6.63 s[0m
[localization_error-8] [0m[INFO] [1788866686.713441537] [localization_error]: now[200] 0.337 m / 2.34 deg  |  session[n=29727] mean 0.330 p95 0.690 max 1.059 m, heading mean 2.38 max 11.19 deg[0m
[pure_pursuit-10] [0m[INFO] [1788866688.555483663] [pure_pursuit]: lap 226: 6.59 s[0m
[localization_error-8] [0m[INFO] [1788866691.713251583] [localization_error]: now[200] 0.351 m / 2.28 deg  |  session[n=29827] mean 0.330 p95 0.691 max 1.059 m, heading mean 2.38 max 11.19 deg[0m
[pure_pursuit-10] [0m[INFO] [1788866695.200052411] [pure_pursuit]: lap 227: 6.62 s[0m
[localization_error-8] [0m[INFO] [1788866696.714060975] [localization_error]: now[200] 0.338 m / 2.10 deg  |  session[n=29927] mean 0.330 p95 0.691 max 1.059 m, heading mean 2.37 max 11.19 deg[0m
[localization_error-8] [0m[INFO] [1788866701.714319983] [localization_error]: now[200] 0.327 m / 2.36 deg  |  session[n=30027] mean 0.330 p95 0.691 max 1.059 m, heading mean 2.38 max 11.19 deg[0m
[pure_pursuit-10] [0m[INFO] [1788866701.822880987] [pure_pursuit]: lap 228: 6.65 s[0m
[localization_error-8] [0m[INFO] [1788866706.713319392] [localization_error]: now[200] 0.336 m / 2.60 deg  |  session[n=30127] mean 0.330 p95 0.692 max 1.059 m, heading mean 2.38 max 11.19 deg[0m
[pure_pursuit-10] [0m[INFO] [1788866708.463639692] [pure_pursuit]: lap 229: 6.62 s[0m
[localization_error-8] [0m[INFO] [1788866711.713444263] [localization_error]: now[200] 0.337 m / 2.41 deg  |  session[n=30227] mean 0.330 p95 0.692 max 1.059 m, heading mean 2.38 max 11.19 deg[0m
[pure_pursuit-10] [0m[INFO] [1788866715.049948716] [pure_pursuit]: lap 230: 6.62 s[0m
[localization_error-8] [0m[INFO] [1788866716.714248179] [localization_error]: now[200] 0.335 m / 2.23 deg  |  session[n=30327] mean 0.330 p95 0.692 max 1.059 m, heading mean 2.37 max 11.19 deg[0m
[localization_error-8] [0m[INFO] [1788866721.713264258] [localization_error]: now[200] 0.329 m / 2.30 deg  |  session[n=30427] mean 0.330 p95 0.692 max 1.059 m, heading mean 2.38 max 11.19 deg[0m
[pure_pursuit-10] [0m[INFO] [1788866721.721013977] [pure_pursuit]: lap 231: 6.67 s[0m
[localization_error-8] [0m[INFO] [1788866726.713310205] [localization_error]: now[200] 0.329 m / 2.43 deg  |  session[n=30527] mean 0.330 p95 0.693 max 1.059 m, heading mean 2.37 max 11.19 deg[0m
[pure_pursuit-10] [0m[INFO] [1788866728.343763345] [pure_pursuit]: lap 232: 6.63 s[0m
[localization_error-8] [0m[INFO] [1788866731.714587419] [localization_error]: now[200] 0.351 m / 2.44 deg  |  session[n=30627] mean 0.330 p95 0.693 max 1.059 m, heading mean 2.38 max 11.19 deg[0m
[pure_pursuit-10] [0m[INFO] [1788866734.944222908] [pure_pursuit]: lap 233: 6.62 s[0m
[localization_error-8] [0m[INFO] [1788866736.713267073] [localization_error]: now[200] 0.336 m / 2.61 deg  |  session[n=30727] mean 0.330 p95 0.693 max 1.059 m, heading mean 2.38 max 11.19 deg[0m
[pure_pursuit-10] [0m[INFO] [1788866741.643639150] [pure_pursuit]: lap 234: 6.67 s[0m
[localization_error-8] [0m[INFO] [1788866741.713370156] [localization_error]: now[200] 0.311 m / 2.50 deg  |  session[n=30827] mean 0.330 p95 0.693 max 1.059 m, heading mean 2.38 max 11.19 deg[0m
[localization_error-8] [0m[INFO] [1788866746.714291950] [localization_error]: now[200] 0.307 m / 2.45 deg  |  session[n=30927] mean 0.330 p95 0.693 max 1.059 m, heading mean 2.38 max 11.19 deg[0m
[pure_pursuit-10] [0m[INFO] [1788866748.252271588] [pure_pursuit]: lap 235: 6.61 s[0m
[localization_error-8] [0m[INFO] [1788866751.713300523] [localization_error]: now[200] 0.332 m / 2.54 deg  |  session[n=31027] mean 0.330 p95 0.693 max 1.059 m, heading mean 2.38 max 11.19 deg[0m
[pure_pursuit-10] [0m[INFO] [1788866754.916364875] [pure_pursuit]: lap 236: 6.67 s[0m
[localization_error-8] [0m[INFO] [1788866756.713677807] [localization_error]: now[200] 0.320 m / 2.27 deg  |  session[n=31127] mean 0.330 p95 0.693 max 1.059 m, heading mean 2.38 max 11.19 deg[0m
[pure_pursuit-10] [0m[INFO] [1788866761.588266121] [pure_pursuit]: lap 237: 6.67 s[0m
[localization_error-8] [0m[INFO] [1788866761.714008236] [localization_error]: now[200] 0.305 m / 2.22 deg  |  session[n=31227] mean 0.330 p95 0.693 max 1.059 m, heading mean 2.38 max 11.19 deg[0m
[localization_error-8] [0m[INFO] [1788866766.713132503] [localization_error]: now[200] 0.335 m / 2.17 deg  |  session[n=31327] mean 0.330 p95 0.693 max 1.059 m, heading mean 2.37 max 11.19 deg[0m
[pure_pursuit-10] [0m[INFO] [1788866768.173346267] [pure_pursuit]: lap 238: 6.57 s[0m
[localization_error-8] [0m[INFO] [1788866771.713716075] [localization_error]: now[200] 0.355 m / 2.25 deg  |  session[n=31427] mean 0.330 p95 0.694 max 1.059 m, heading mean 2.38 max 11.19 deg[0m
[pure_pursuit-10] [0m[INFO] [1788866774.870691095] [pure_pursuit]: lap 239: 6.70 s[0m
[localization_error-8] [0m[INFO] [1788866776.713627880] [localization_error]: now[200] 0.320 m / 2.32 deg  |  session[n=31527] mean 0.330 p95 0.693 max 1.059 m, heading mean 2.37 max 11.19 deg[0m
[pure_pursuit-10] [0m[INFO] [1788866781.494356263] [pure_pursuit]: lap 240: 6.64 s[0m
[localization_error-8] [0m[INFO] [1788866781.713167493] [localization_error]: now[200] 0.313 m / 2.37 deg  |  session[n=31627] mean 0.330 p95 0.692 max 1.059 m, heading mean 2.38 max 11.19 deg[0m
[localization_error-8] [0m[INFO] [1788866786.713106537] [localization_error]: now[200] 0.338 m / 2.61 deg  |  session[n=31727] mean 0.330 p95 0.692 max 1.059 m, heading mean 2.38 max 11.19 deg[0m
[pure_pursuit-10] [0m[INFO] [1788866788.163269406] [pure_pursuit]: lap 241: 6.65 s[0m
[localization_error-8] [0m[INFO] [1788866791.713924774] [localization_error]: now[200] 0.333 m / 2.37 deg  |  session[n=31827] mean 0.330 p95 0.693 max 1.059 m, heading mean 2.38 max 11.19 deg[0m
[pure_pursuit-10] [0m[INFO] [1788866794.826711934] [pure_pursuit]: lap 242: 6.64 s[0m
[localization_error-8] [0m[INFO] [1788866796.713454910] [localization_error]: now[200] 0.330 m / 2.26 deg  |  session[n=31927] mean 0.330 p95 0.692 max 1.059 m, heading mean 2.38 max 11.19 deg[0m
[pure_pursuit-10] [0m[INFO] [1788866801.428784757] [pure_pursuit]: lap 243: 6.61 s[0m
[localization_error-8] [0m[INFO] [1788866801.713156430] [localization_error]: now[200] 0.311 m / 2.30 deg  |  session[n=32027] mean 0.330 p95 0.691 max 1.059 m, heading mean 2.38 max 11.19 deg[0m
[localization_error-8] [0m[INFO] [1788866806.713985942] [localization_error]: now[200] 0.313 m / 2.50 deg  |  session[n=32127] mean 0.330 p95 0.691 max 1.059 m, heading mean 2.38 max 11.19 deg[0m
[pure_pursuit-10] [0m[INFO] [1788866808.079181021] [pure_pursuit]: lap 244: 6.65 s[0m
[localization_error-8] [0m[INFO] [1788866811.713254412] [localization_error]: now[200] 0.350 m / 2.62 deg  |  session[n=32227] mean 0.330 p95 0.692 max 1.059 m, heading mean 2.38 max 11.19 deg[0m
[pure_pursuit-10] [0m[INFO] [1788866814.715057487] [pure_pursuit]: lap 245: 6.62 s[0m
[localization_error-8] [0m[INFO] [1788866816.713911151] [localization_error]: now[200] 0.350 m / 2.33 deg  |  session[n=32327] mean 0.330 p95 0.693 max 1.063 m, heading mean 2.38 max 11.19 deg[0m
[pure_pursuit-10] [0m[INFO] [1788866821.288554238] [pure_pursuit]: lap 246: 6.58 s[0m
[localization_error-8] [0m[INFO] [1788866821.713463482] [localization_error]: now[200] 0.350 m / 2.52 deg  |  session[n=32427] mean 0.330 p95 0.691 max 1.063 m, heading mean 2.38 max 11.19 deg[0m
[localization_error-8] [0m[INFO] [1788866826.713365420] [localization_error]: now[200] 0.349 m / 2.69 deg  |  session[n=32527] mean 0.330 p95 0.692 max 1.063 m, heading mean 2.38 max 11.19 deg[0m
[pure_pursuit-10] [0m[INFO] [1788866827.937615162] [pure_pursuit]: lap 247: 6.63 s[0m
[localization_error-8] [0m[INFO] [1788866831.713391043] [localization_error]: now[200] 0.347 m / 2.18 deg  |  session[n=32627] mean 0.330 p95 0.693 max 1.063 m, heading mean 2.38 max 11.19 deg[0m
[pure_pursuit-10] [0m[INFO] [1788866834.533369838] [pure_pursuit]: lap 248: 6.60 s[0m
[localization_error-8] [0m[INFO] [1788866836.714063179] [localization_error]: now[200] 0.337 m / 2.11 deg  |  session[n=32727] mean 0.330 p95 0.693 max 1.063 m, heading mean 2.38 max 11.19 deg[0m
[pure_pursuit-10] [0m[INFO] [1788866841.154606739] [pure_pursuit]: lap 249: 6.66 s[0m
[localization_error-8] [0m[INFO] [1788866841.713836738] [localization_error]: now[200] 0.330 m / 2.48 deg  |  session[n=32827] mean 0.330 p95 0.693 max 1.063 m, heading mean 2.38 max 11.19 deg[0m
[localization_error-8] [0m[INFO] [1788866846.713794697] [localization_error]: now[200] 0.337 m / 2.63 deg  |  session[n=32927] mean 0.330 p95 0.693 max 1.063 m, heading mean 2.38 max 11.19 deg[0m
[pure_pursuit-10] [0m[INFO] [1788866847.747754607] [pure_pursuit]: lap 250: 6.59 s[0m
[localization_error-8] [0m[INFO] [1788866851.713376383] [localization_error]: now[200] 0.356 m / 2.52 deg  |  session[n=33027] mean 0.330 p95 0.694 max 1.063 m, heading mean 2.38 max 11.19 deg[0m
[pure_pursuit-10] [0m[INFO] [1788866854.376818412] [pure_pursuit]: lap 251: 6.63 s[0m
[localization_error-8] [0m[INFO] [1788866856.713497110] [localization_error]: now[200] 0.339 m / 2.32 deg  |  session[n=33127] mean 0.330 p95 0.694 max 1.063 m, heading mean 2.38 max 11.19 deg[0m
[pure_pursuit-10] [0m[INFO] [1788866861.041439978] [pure_pursuit]: lap 252: 6.63 s[0m
[localization_error-8] [0m[INFO] [1788866861.713476858] [localization_error]: now[200] 0.328 m / 2.42 deg  |  session[n=33227] mean 0.330 p95 0.693 max 1.063 m, heading mean 2.38 max 11.19 deg[0m
[localization_error-8] [0m[INFO] [1788866866.713293957] [localization_error]: now[200] 0.334 m / 2.66 deg  |  session[n=33327] mean 0.330 p95 0.693 max 1.063 m, heading mean 2.38 max 11.19 deg[0m
[pure_pursuit-10] [0m[INFO] [1788866867.621244829] [pure_pursuit]: lap 253: 6.59 s[0m
[localization_error-8] [0m[INFO] [1788866871.713451238] [localization_error]: now[200] 0.352 m / 2.61 deg  |  session[n=33427] mean 0.330 p95 0.694 max 1.063 m, heading mean 2.38 max 11.19 deg[0m
[pure_pursuit-10] [0m[INFO] [1788866874.287679333] [pure_pursuit]: lap 254: 6.65 s[0m
[localization_error-8] [0m[INFO] [1788866876.713190299] [localization_error]: now[200] 0.350 m / 2.52 deg  |  session[n=33527] mean 0.330 p95 0.694 max 1.063 m, heading mean 2.38 max 11.19 deg[0m
[pure_pursuit-10] [0m[INFO] [1788866880.865698236] [pure_pursuit]: lap 255: 6.61 s[0m
[localization_error-8] [0m[INFO] [1788866881.713206187] [localization_error]: now[200] 0.339 m / 2.49 deg  |  session[n=33627] mean 0.330 p95 0.695 max 1.063 m, heading mean 2.38 max 11.19 deg[0m
[localization_error-8] [0m[INFO] [1788866886.714019764] [localization_error]: now[200] 0.348 m / 2.59 deg  |  session[n=33727] mean 0.330 p95 0.695 max 1.063 m, heading mean 2.38 max 11.19 deg[0m
[pure_pursuit-10] [0m[INFO] [1788866887.494718376] [pure_pursuit]: lap 256: 6.62 s[0m
[localization_error-8] [0m[INFO] [1788866891.713143696] [localization_error]: now[200] 0.352 m / 2.47 deg  |  session[n=33827] mean 0.330 p95 0.696 max 1.063 m, heading mean 2.38 max 11.19 deg[0m
[pure_pursuit-10] [0m[INFO] [1788866894.111393818] [pure_pursuit]: lap 257: 6.60 s[0m
[localization_error-8] [0m[INFO] [1788866896.713808876] [localization_error]: now[200] 0.333 m / 2.12 deg  |  session[n=33927] mean 0.330 p95 0.696 max 1.063 m, heading mean 2.38 max 11.19 deg[0m
[pure_pursuit-10] [0m[INFO] [1788866900.739084363] [pure_pursuit]: lap 258: 6.65 s[0m
[localization_error-8] [0m[INFO] [1788866901.713510189] [localization_error]: now[200] 0.333 m / 2.51 deg  |  session[n=34027] mean 0.330 p95 0.696 max 1.063 m, heading mean 2.38 max 11.19 deg[0m
[localization_error-8] [0m[INFO] [1788866906.713423884] [localization_error]: now[200] 0.347 m / 2.93 deg  |  session[n=34127] mean 0.330 p95 0.697 max 1.063 m, heading mean 2.38 max 11.19 deg[0m
[pure_pursuit-10] [0m[INFO] [1788866907.362022407] [pure_pursuit]: lap 259: 6.59 s[0m
[localization_error-8] [0m[INFO] [1788866911.713850675] [localization_error]: now[200] 0.344 m / 2.58 deg  |  session[n=34227] mean 0.330 p95 0.696 max 1.063 m, heading mean 2.38 max 11.19 deg[0m
[pure_pursuit-10] [0m[INFO] [1788866913.986206046] [pure_pursuit]: lap 260: 6.63 s[0m
[localization_error-8] [0m[INFO] [1788866916.713408023] [localization_error]: now[200] 0.319 m / 2.11 deg  |  session[n=34327] mean 0.330 p95 0.697 max 1.063 m, heading mean 2.38 max 11.19 deg[0m
[pure_pursuit-10] [0m[INFO] [1788866920.572214024] [pure_pursuit]: lap 261: 6.61 s[0m
[localization_error-8] [0m[INFO] [1788866921.713215486] [localization_error]: now[200] 0.358 m / 2.50 deg  |  session[n=34427] mean 0.331 p95 0.697 max 1.063 m, heading mean 2.38 max 11.19 deg[0m
[localization_error-8] [0m[INFO] [1788866926.713362682] [localization_error]: now[200] 0.337 m / 2.69 deg  |  session[n=34527] mean 0.330 p95 0.696 max 1.063 m, heading mean 2.38 max 11.19 deg[0m
[pure_pursuit-10] [0m[INFO] [1788866927.199502947] [pure_pursuit]: lap 262: 6.63 s[0m
[localization_error-8] [0m[INFO] [1788866931.713284299] [localization_error]: now[200] 0.304 m / 2.39 deg  |  session[n=34627] mean 0.330 p95 0.696 max 1.063 m, heading mean 2.38 max 11.19 deg[0m
[pure_pursuit-10] [0m[INFO] [1788866933.876819670] [pure_pursuit]: lap 263: 6.64 s[0m
[localization_error-8] [0m[INFO] [1788866936.713204944] [localization_error]: now[200] 0.320 m / 2.22 deg  |  session[n=34727] mean 0.330 p95 0.697 max 1.063 m, heading mean 2.38 max 11.19 deg[0m
[pure_pursuit-10] [0m[INFO] [1788866940.485600917] [pure_pursuit]: lap 264: 6.65 s[0m
[localization_error-8] [0m[INFO] [1788866941.713245030] [localization_error]: now[200] 0.331 m / 2.47 deg  |  session[n=34827] mean 0.330 p95 0.697 max 1.063 m, heading mean 2.38 max 11.19 deg[0m
[localization_error-8] [0m[INFO] [1788866946.713500343] [localization_error]: now[200] 0.337 m / 2.97 deg  |  session[n=34927] mean 0.330 p95 0.696 max 1.063 m, heading mean 2.39 max 11.19 deg[0m
[pure_pursuit-10] [0m[INFO] [1788866947.135654668] [pure_pursuit]: lap 265: 6.64 s[0m
[localization_error-8] [0m[INFO] [1788866951.714331965] [localization_error]: now[200] 0.332 m / 2.51 deg  |  session[n=35027] mean 0.330 p95 0.697 max 1.063 m, heading mean 2.38 max 11.19 deg[0m
[pure_pursuit-10] [0m[INFO] [1788866953.838272768] [pure_pursuit]: lap 266: 6.69 s[0m
[localization_error-8] [0m[INFO] [1788866956.713751608] [localization_error]: now[200] 0.322 m / 2.02 deg  |  session[n=35127] mean 0.330 p95 0.697 max 1.063 m, heading mean 2.38 max 11.19 deg[0m
[pure_pursuit-10] [0m[INFO] [1788866960.415683744] [pure_pursuit]: lap 267: 6.57 s[0m
[localization_error-8] [0m[INFO] [1788866961.713424841] [localization_error]: now[200] 0.336 m / 2.15 deg  |  session[n=35227] mean 0.331 p95 0.697 max 1.082 m, heading mean 2.38 max 11.19 deg[0m
[localization_error-8] [0m[INFO] [1788866966.713436211] [localization_error]: now[200] 0.324 m / 2.42 deg  |  session[n=35327] mean 0.330 p95 0.697 max 1.082 m, heading mean 2.38 max 11.19 deg[0m
[pure_pursuit-10] [0m[INFO] [1788866967.022815807] [pure_pursuit]: lap 268: 6.61 s[0m
[localization_error-8] [0m[INFO] [1788866971.713224840] [localization_error]: now[200] 0.317 m / 2.55 deg  |  session[n=35427] mean 0.330 p95 0.697 max 1.082 m, heading mean 2.38 max 11.19 deg[0m
[pure_pursuit-10] [0m[INFO] [1788866973.617294916] [pure_pursuit]: lap 269: 6.60 s[0m
[localization_error-8] [0m[INFO] [1788866976.713285230] [localization_error]: now[200] 0.347 m / 2.57 deg  |  session[n=35527] mean 0.330 p95 0.699 max 1.082 m, heading mean 2.38 max 11.19 deg[0m
[pure_pursuit-10] [0m[INFO] [1788866980.268659064] [pure_pursuit]: lap 270: 6.62 s[0m
[localization_error-8] [0m[INFO] [1788866981.713595927] [localization_error]: now[200] 0.351 m / 2.41 deg  |  session[n=35627] mean 0.331 p95 0.699 max 1.082 m, heading mean 2.38 max 11.19 deg[0m
[localization_error-8] [0m[INFO] [1788866986.714094510] [localization_error]: now[200] 0.326 m / 2.52 deg  |  session[n=35727] mean 0.330 p95 0.698 max 1.082 m, heading mean 2.39 max 11.19 deg[0m
[pure_pursuit-10] [0m[INFO] [1788866986.925655120] [pure_pursuit]: lap 271: 6.70 s[0m
[localization_error-8] [0m[INFO] [1788866991.713236774] [localization_error]: now[200] 0.308 m / 2.60 deg  |  session[n=35827] mean 0.330 p95 0.698 max 1.082 m, heading mean 2.39 max 11.19 deg[0m
[pure_pursuit-10] [0m[INFO] [1788866993.634954162] [pure_pursuit]: lap 272: 6.68 s[0m
[localization_error-8] [0m[INFO] [1788866996.713563737] [localization_error]: now[200] 0.318 m / 2.24 deg  |  session[n=35927] mean 0.330 p95 0.698 max 1.082 m, heading mean 2.38 max 11.19 deg[0m
[pure_pursuit-10] [0m[INFO] [1788867000.307248111] [pure_pursuit]: lap 273: 6.70 s[0m
[localization_error-8] [0m[INFO] [1788867001.713912260] [localization_error]: now[200] 0.306 m / 2.13 deg  |  session[n=36027] mean 0.330 p95 0.698 max 1.082 m, heading mean 2.38 max 11.19 deg[0m
[localization_error-8] [0m[INFO] [1788867006.713808529] [localization_error]: now[200] 0.297 m / 2.52 deg  |  session[n=36127] mean 0.330 p95 0.697 max 1.082 m, heading mean 2.39 max 11.19 deg[0m
[pure_pursuit-10] [0m[INFO] [1788867006.928987425] [pure_pursuit]: lap 274: 6.59 s[0m
[localization_error-8] [0m[INFO] [1788867011.714290537] [localization_error]: now[200] 0.330 m / 2.63 deg  |  session[n=36227] mean 0.330 p95 0.697 max 1.082 m, heading mean 2.39 max 11.19 deg[0m
[pure_pursuit-10] [0m[INFO] [1788867013.628342267] [pure_pursuit]: lap 275: 6.70 s[0m
[localization_error-8] [0m[INFO] [1788867016.713389651] [localization_error]: now[200] 0.350 m / 2.37 deg  |  session[n=36327] mean 0.330 p95 0.698 max 1.082 m, heading mean 2.39 max 11.19 deg[0m
[pure_pursuit-10] [0m[INFO] [1788867020.223598899] [pure_pursuit]: lap 276: 6.61 s[0m
[localization_error-8] [0m[INFO] [1788867021.713210244] [localization_error]: now[200] 0.344 m / 2.25 deg  |  session[n=36427] mean 0.330 p95 0.699 max 1.082 m, heading mean 2.38 max 11.19 deg[0m
[localization_error-8] [0m[INFO] [1788867026.714051559] [localization_error]: now[200] 0.325 m / 2.46 deg  |  session[n=36527] mean 0.330 p95 0.698 max 1.082 m, heading mean 2.39 max 11.19 deg[0m
[pure_pursuit-10] [0m[INFO] [1788867026.866272053] [pure_pursuit]: lap 277: 6.65 s[0m
[localization_error-8] [0m[INFO] [1788867031.713738002] [localization_error]: now[200] 0.342 m / 2.56 deg  |  session[n=36627] mean 0.330 p95 0.699 max 1.082 m, heading mean 2.39 max 11.19 deg[0m
[pure_pursuit-10] [0m[INFO] [1788867033.402769341] [pure_pursuit]: lap 278: 6.55 s[0m
[localization_error-8] [0m[INFO] [1788867036.713360145] [localization_error]: now[200] 0.366 m / 2.51 deg  |  session[n=36727] mean 0.330 p95 0.699 max 1.082 m, heading mean 2.39 max 11.19 deg[0m
[pure_pursuit-10] [0m[INFO] [1788867040.040945287] [pure_pursuit]: lap 279: 6.61 s[0m
[localization_error-8] [0m[INFO] [1788867041.713350469] [localization_error]: now[200] 0.334 m / 2.37 deg  |  session[n=36827] mean 0.330 p95 0.700 max 1.082 m, heading mean 2.39 max 11.19 deg[0m
[pure_pursuit-10] [0m[INFO] [1788867046.635060120] [pure_pursuit]: lap 280: 6.61 s[0m
[localization_error-8] [0m[INFO] [1788867046.713835738] [localization_error]: now[200] 0.318 m / 2.32 deg  |  session[n=36927] mean 0.330 p95 0.700 max 1.082 m, heading mean 2.39 max 11.19 deg[0m
[localization_error-8] [0m[INFO] [1788867051.714238960] [localization_error]: now[200] 0.336 m / 2.69 deg  |  session[n=37027] mean 0.330 p95 0.699 max 1.082 m, heading mean 2.39 max 11.19 deg[0m
[pure_pursuit-10] [0m[INFO] [1788867053.250100366] [pure_pursuit]: lap 281: 6.59 s[0m
[localization_error-8] [0m[INFO] [1788867056.713161098] [localization_error]: now[200] 0.344 m / 2.78 deg  |  session[n=37127] mean 0.330 p95 0.699 max 1.082 m, heading mean 2.39 max 11.19 deg[0m
[pure_pursuit-10] [0m[INFO] [1788867059.893023235] [pure_pursuit]: lap 282: 6.66 s[0m
[localization_error-8] [0m[INFO] [1788867061.713644268] [localization_error]: now[200] 0.340 m / 2.59 deg  |  session[n=37227] mean 0.331 p95 0.699 max 1.082 m, heading mean 2.39 max 11.19 deg[0m
[pure_pursuit-10] [0m[INFO] [1788867066.494941652] [pure_pursuit]: lap 283: 6.60 s[0m
[localization_error-8] [0m[INFO] [1788867066.713481860] [localization_error]: now[200] 0.325 m / 2.48 deg  |  session[n=37327] mean 0.330 p95 0.699 max 1.082 m, heading mean 2.39 max 11.19 deg[0m
[localization_error-8] [0m[INFO] [1788867071.713296376] [localization_error]: now[200] 0.310 m / 2.50 deg  |  session[n=37427] mean 0.330 p95 0.699 max 1.082 m, heading mean 2.39 max 11.19 deg[0m
[pure_pursuit-10] [0m[INFO] [1788867073.130901055] [pure_pursuit]: lap 284: 6.63 s[0m
[localization_error-8] [0m[INFO] [1788867076.714266632] [localization_error]: now[200] 0.328 m / 2.35 deg  |  session[n=37527] mean 0.330 p95 0.699 max 1.082 m, heading mean 2.39 max 11.19 deg[0m
[pure_pursuit-10] [0m[INFO] [1788867079.751635673] [pure_pursuit]: lap 285: 6.63 s[0m
[localization_error-8] [0m[INFO] [1788867081.714431738] [localization_error]: now[200] 0.321 m / 2.13 deg  |  session[n=37627] mean 0.330 p95 0.700 max 1.082 m, heading mean 2.39 max 11.19 deg[0m
[pure_pursuit-10] [0m[INFO] [1788867086.393828402] [pure_pursuit]: lap 286: 6.66 s[0m
[localization_error-8] [0m[INFO] [1788867086.713216993] [localization_error]: now[200] 0.310 m / 2.36 deg  |  session[n=37727] mean 0.330 p95 0.699 max 1.082 m, heading mean 2.39 max 11.19 deg[0m
[localization_error-8] [0m[INFO] [1788867091.713522895] [localization_error]: now[200] 0.328 m / 2.65 deg  |  session[n=37827] mean 0.330 p95 0.699 max 1.082 m, heading mean 2.39 max 11.19 deg[0m
[pure_pursuit-10] [0m[INFO] [1788867093.129248978] [pure_pursuit]: lap 287: 6.70 s[0m
[localization_error-8] [0m[INFO] [1788867096.713952162] [localization_error]: now[200] 0.327 m / 2.40 deg  |  session[n=37927] mean 0.330 p95 0.699 max 1.082 m, heading mean 2.39 max 11.19 deg[0m
[pure_pursuit-10] [0m[INFO] [1788867099.728853325] [pure_pursuit]: lap 288: 6.60 s[0m
[localization_error-8] [0m[INFO] [1788867101.713148489] [localization_error]: now[200] 0.321 m / 2.25 deg  |  session[n=38027] mean 0.330 p95 0.699 max 1.082 m, heading mean 2.39 max 11.19 deg[0m
[pure_pursuit-10] [0m[INFO] [1788867106.311038309] [pure_pursuit]: lap 289: 6.59 s[0m
[localization_error-8] [0m[INFO] [1788867106.713365223] [localization_error]: now[200] 0.336 m / 2.59 deg  |  session[n=38127] mean 0.330 p95 0.699 max 1.082 m, heading mean 2.39 max 11.19 deg[0m
[localization_error-8] [0m[INFO] [1788867111.713804504] [localization_error]: now[200] 0.333 m / 2.50 deg  |  session[n=38227] mean 0.330 p95 0.699 max 1.082 m, heading mean 2.39 max 11.19 deg[0m
[pure_pursuit-10] [0m[INFO] [1788867112.941750466] [pure_pursuit]: lap 290: 6.65 s[0m
[localization_error-8] [0m[INFO] [1788867116.714196271] [localization_error]: now[200] 0.331 m / 2.19 deg  |  session[n=38327] mean 0.330 p95 0.699 max 1.082 m, heading mean 2.39 max 11.19 deg[0m
[pure_pursuit-10] [0m[INFO] [1788867119.636692215] [pure_pursuit]: lap 291: 6.67 s[0m
[localization_error-8] [0m[INFO] [1788867121.714082529] [localization_error]: now[200] 0.329 m / 2.21 deg  |  session[n=38427] mean 0.330 p95 0.699 max 1.082 m, heading mean 2.39 max 11.19 deg[0m
[pure_pursuit-10] [0m[INFO] [1788867126.225709249] [pure_pursuit]: lap 292: 6.59 s[0m
[localization_error-8] [0m[INFO] [1788867126.713960817] [localization_error]: now[200] 0.325 m / 2.47 deg  |  session[n=38527] mean 0.330 p95 0.699 max 1.082 m, heading mean 2.39 max 11.19 deg[0m
[localization_error-8] [0m[INFO] [1788867131.713285862] [localization_error]: now[200] 0.317 m / 2.53 deg  |  session[n=38627] mean 0.330 p95 0.699 max 1.082 m, heading mean 2.39 max 11.19 deg[0m
[pure_pursuit-10] [0m[INFO] [1788867132.826638340] [pure_pursuit]: lap 293: 6.60 s[0m
[localization_error-8] [0m[INFO] [1788867136.713299608] [localization_error]: now[200] 0.325 m / 2.31 deg  |  session[n=38727] mean 0.330 p95 0.699 max 1.082 m, heading mean 2.39 max 11.19 deg[0m
[pure_pursuit-10] [0m[INFO] [1788867139.525446841] [pure_pursuit]: lap 294: 6.68 s[0m
[localization_error-8] [0m[INFO] [1788867141.713387021] [localization_error]: now[200] 0.313 m / 2.22 deg  |  session[n=38827] mean 0.330 p95 0.699 max 1.082 m, heading mean 2.39 max 11.19 deg[0m
[pure_pursuit-10] [0m[INFO] [1788867146.154293847] [pure_pursuit]: lap 295: 6.63 s[0m
[localization_error-8] [0m[INFO] [1788867146.714356082] [localization_error]: now[200] 0.298 m / 2.14 deg  |  session[n=38927] mean 0.330 p95 0.698 max 1.082 m, heading mean 2.39 max 11.19 deg[0m
[localization_error-8] [0m[INFO] [1788867151.713209603] [localization_error]: now[200] 0.301 m / 2.28 deg  |  session[n=39027] mean 0.330 p95 0.697 max 1.082 m, heading mean 2.39 max 11.19 deg[0m
[pure_pursuit-10] [0m[INFO] [1788867152.818630508] [pure_pursuit]: lap 296: 6.67 s[0m
[localization_error-8] [0m[INFO] [1788867156.713213577] [localization_error]: now[200] 0.325 m / 2.37 deg  |  session[n=39127] mean 0.330 p95 0.698 max 1.082 m, heading mean 2.39 max 11.19 deg[0m
[pure_pursuit-10] [0m[INFO] [1788867159.424042477] [pure_pursuit]: lap 297: 6.60 s[0m
[localization_error-8] [0m[INFO] [1788867161.714257970] [localization_error]: now[200] 0.334 m / 2.36 deg  |  session[n=39227] mean 0.330 p95 0.698 max 1.082 m, heading mean 2.39 max 11.19 deg[0m
[pure_pursuit-10] [0m[INFO] [1788867166.048757574] [pure_pursuit]: lap 298: 6.66 s[0m
[localization_error-8] [0m[INFO] [1788867166.714032984] [localization_error]: now[200] 0.305 m / 2.22 deg  |  session[n=39327] mean 0.330 p95 0.698 max 1.082 m, heading mean 2.39 max 11.19 deg[0m
[localization_error-8] [0m[INFO] [1788867171.713272716] [localization_error]: now[200] 0.309 m / 2.36 deg  |  session[n=39427] mean 0.330 p95 0.697 max 1.082 m, heading mean 2.39 max 11.19 deg[0m
[pure_pursuit-10] [0m[INFO] [1788867172.671582376] [pure_pursuit]: lap 299: 6.63 s[0m
[localization_error-8] [0m[INFO] [1788867176.714014850] [localization_error]: now[200] 0.323 m / 2.27 deg  |  session[n=39527] mean 0.330 p95 0.697 max 1.082 m, heading mean 2.39 max 11.19 deg[0m
[pure_pursuit-10] [0m[INFO] [1788867179.369404150] [pure_pursuit]: lap 300: 6.67 s[0m
[localization_error-8] [0m[INFO] [1788867181.713481678] [localization_error]: now[200] 0.320 m / 2.09 deg  |  session[n=39627] mean 0.330 p95 0.697 max 1.082 m, heading mean 2.39 max 11.19 deg[0m
[pure_pursuit-10] [0m[INFO] [1788867185.993177322] [pure_pursuit]: lap 301: 6.63 s[0m
[localization_error-8] [0m[INFO] [1788867186.713440812] [localization_error]: now[200] 0.334 m / 2.40 deg  |  session[n=39727] mean 0.330 p95 0.697 max 1.082 m, heading mean 2.39 max 11.19 deg[0m
[localization_error-8] [0m[INFO] [1788867191.713462189] [localization_error]: now[200] 0.339 m / 2.61 deg  |  session[n=39827] mean 0.330 p95 0.697 max 1.082 m, heading mean 2.39 max 11.19 deg[0m
[pure_pursuit-10] [0m[INFO] [1788867192.596151085] [pure_pursuit]: lap 302: 6.61 s[0m
[localization_error-8] [0m[INFO] [1788867196.713303419] [localization_error]: now[200] 0.343 m / 2.48 deg  |  session[n=39927] mean 0.330 p95 0.697 max 1.082 m, heading mean 2.39 max 11.19 deg[0m
[pure_pursuit-10] [0m[INFO] [1788867199.186797380] [pure_pursuit]: lap 303: 6.57 s[0m
[localization_error-8] [0m[INFO] [1788867201.713239726] [localization_error]: now[200] 0.329 m / 2.22 deg  |  session[n=40027] mean 0.330 p95 0.697 max 1.082 m, heading mean 2.39 max 11.19 deg[0m
[pure_pursuit-10] [0m[INFO] [1788867205.806544231] [pure_pursuit]: lap 304: 6.61 s[0m
[localization_error-8] [0m[INFO] [1788867206.713914605] [localization_error]: now[200] 0.339 m / 2.35 deg  |  session[n=40127] mean 0.330 p95 0.698 max 1.082 m, heading mean 2.39 max 11.19 deg[0m
[localization_error-8] [0m[INFO] [1788867211.713958317] [localization_error]: now[200] 0.336 m / 2.68 deg  |  session[n=40227] mean 0.330 p95 0.697 max 1.082 m, heading mean 2.39 max 11.19 deg[0m
[pure_pursuit-10] [0m[INFO] [1788867212.426000761] [pure_pursuit]: lap 305: 6.62 s[0m
[localization_error-8] [0m[INFO] [1788867216.713471340] [localization_error]: now[200] 0.338 m / 2.69 deg  |  session[n=40327] mean 0.330 p95 0.697 max 1.142 m, heading mean 2.39 max 11.19 deg[0m
[pure_pursuit-10] [0m[INFO] [1788867219.062321764] [pure_pursuit]: lap 306: 6.66 s[0m
[localization_error-8] [0m[INFO] [1788867221.713531334] [localization_error]: now[200] 0.318 m / 2.26 deg  |  session[n=40427] mean 0.330 p95 0.697 max 1.142 m, heading mean 2.39 max 11.19 deg[0m
[pure_pursuit-10] [0m[INFO] [1788867225.703853682] [pure_pursuit]: lap 307: 6.63 s[0m
[localization_error-8] [0m[INFO] [1788867226.713691369] [localization_error]: now[200] 0.314 m / 2.12 deg  |  session[n=40527] mean 0.330 p95 0.697 max 1.142 m, heading mean 2.39 max 11.19 deg[0m
[localization_error-8] [0m[INFO] [1788867231.713278074] [localization_error]: now[200] 0.315 m / 2.31 deg  |  session[n=40627] mean 0.330 p95 0.697 max 1.142 m, heading mean 2.39 max 11.19 deg[0m
[pure_pursuit-10] [0m[INFO] [1788867232.277749645] [pure_pursuit]: lap 308: 6.59 s[0m
[localization_error-8] [0m[INFO] [1788867236.713302124] [localization_error]: now[200] 0.318 m / 2.30 deg  |  session[n=40727] mean 0.330 p95 0.697 max 1.142 m, heading mean 2.39 max 11.19 deg[0m
[pure_pursuit-10] [0m[INFO] [1788867238.900942629] [pure_pursuit]: lap 309: 6.62 s[0m
[localization_error-8] [0m[INFO] [1788867241.713566841] [localization_error]: now[200] 0.339 m / 2.36 deg  |  session[n=40827] mean 0.330 p95 0.698 max 1.142 m, heading mean 2.39 max 11.19 deg[0m
[pure_pursuit-10] [0m[INFO] [1788867245.536785414] [pure_pursuit]: lap 310: 6.65 s[0m
[localization_error-8] [0m[INFO] [1788867246.713201599] [localization_error]: now[200] 0.339 m / 2.54 deg  |  session[n=40927] mean 0.330 p95 0.699 max 1.142 m, heading mean 2.39 max 11.19 deg[0m
[localization_error-8] [0m[INFO] [1788867251.713321339] [localization_error]: now[200] 0.328 m / 2.72 deg  |  session[n=41027] mean 0.330 p95 0.698 max 1.142 m, heading mean 2.39 max 11.19 deg[0m
[pure_pursuit-10] [0m[INFO] [1788867252.159187643] [pure_pursuit]: lap 311: 6.61 s[0m
[localization_error-8] [0m[INFO] [1788867256.713394707] [localization_error]: now[200] 0.328 m / 2.65 deg  |  session[n=41127] mean 0.330 p95 0.698 max 1.142 m, heading mean 2.39 max 11.19 deg[0m
[pure_pursuit-10] [0m[INFO] [1788867258.774440823] [pure_pursuit]: lap 312: 6.59 s[0m
[localization_error-8] [0m[INFO] [1788867261.713541831] [localization_error]: now[200] 0.331 m / 2.20 deg  |  session[n=41227] mean 0.330 p95 0.697 max 1.142 m, heading mean 2.39 max 11.19 deg[0m
[pure_pursuit-10] [0m[INFO] [1788867265.417028466] [pure_pursuit]: lap 313: 6.65 s[0m
[localization_error-8] [0m[INFO] [1788867266.714196380] [localization_error]: now[200] 0.335 m / 2.18 deg  |  session[n=41327] mean 0.330 p95 0.698 max 1.142 m, heading mean 2.39 max 11.19 deg[0m
[localization_error-8] [0m[INFO] [1788867271.713386134] [localization_error]: now[200] 0.314 m / 2.49 deg  |  session[n=41427] mean 0.330 p95 0.697 max 1.142 m, heading mean 2.39 max 11.19 deg[0m
[pure_pursuit-10] [0m[INFO] [1788867272.095527644] [pure_pursuit]: lap 314: 6.65 s[0m
[localization_error-8] [0m[INFO] [1788867276.714132149] [localization_error]: now[200] 0.319 m / 2.29 deg  |  session[n=41527] mean 0.330 p95 0.698 max 1.142 m, heading mean 2.39 max 11.19 deg[0m
[pure_pursuit-10] [0m[INFO] [1788867278.731310334] [pure_pursuit]: lap 315: 6.67 s[0m
[localization_error-8] [0m[INFO] [1788867281.713215615] [localization_error]: now[200] 0.339 m / 2.20 deg  |  session[n=41627] mean 0.330 p95 0.697 max 1.142 m, heading mean 2.39 max 11.19 deg[0m
[pure_pursuit-10] [0m[INFO] [1788867285.380753866] [pure_pursuit]: lap 316: 6.64 s[0m
[localization_error-8] [0m[INFO] [1788867286.713415496] [localization_error]: now[200] 0.320 m / 2.22 deg  |  session[n=41727] mean 0.330 p95 0.697 max 1.142 m, heading mean 2.39 max 11.19 deg[0m
[localization_error-8] [0m[INFO] [1788867291.714492340] [localization_error]: now[200] 0.294 m / 2.25 deg  |  session[n=41827] mean 0.330 p95 0.697 max 1.142 m, heading mean 2.39 max 11.19 deg[0m
[pure_pursuit-10] [0m[INFO] [1788867292.052908167] [pure_pursuit]: lap 317: 6.66 s[0m
[localization_error-8] [0m[INFO] [1788867296.714246146] [localization_error]: now[200] 0.309 m / 2.36 deg  |  session[n=41927] mean 0.330 p95 0.697 max 1.142 m, heading mean 2.39 max 11.19 deg[0m
[pure_pursuit-10] [0m[INFO] [1788867298.647119888] [pure_pursuit]: lap 318: 6.59 s[0m
[localization_error-8] [0m[INFO] [1788867301.713976042] [localization_error]: now[200] 0.330 m / 2.17 deg  |  session[n=42027] mean 0.330 p95 0.697 max 1.142 m, heading mean 2.38 max 11.19 deg[0m
[pure_pursuit-10] [0m[INFO] [1788867305.274827579] [pure_pursuit]: lap 319: 6.65 s[0m
[localization_error-8] [0m[INFO] [1788867306.713384491] [localization_error]: now[200] 0.334 m / 2.25 deg  |  session[n=42127] mean 0.330 p95 0.699 max 1.142 m, heading mean 2.38 max 11.19 deg[0m
[localization_error-8] [0m[INFO] [1788867311.714300127] [localization_error]: now[200] 0.317 m / 2.57 deg  |  session[n=42227] mean 0.330 p95 0.699 max 1.142 m, heading mean 2.39 max 11.19 deg[0m
[pure_pursuit-10] [0m[INFO] [1788867311.910948352] [pure_pursuit]: lap 320: 6.64 s[0m
[localization_error-8] [0m[INFO] [1788867316.714224428] [localization_error]: now[200] 0.322 m / 2.62 deg  |  session[n=42327] mean 0.330 p95 0.699 max 1.142 m, heading mean 2.39 max 11.19 deg[0m
[pure_pursuit-10] [0m[INFO] [1788867318.610147257] [pure_pursuit]: lap 321: 6.67 s[0m
[localization_error-8] [0m[INFO] [1788867321.713366498] [localization_error]: now[200] 0.339 m / 2.33 deg  |  session[n=42427] mean 0.330 p95 0.699 max 1.142 m, heading mean 2.39 max 11.19 deg[0m
[pure_pursuit-10] [0m[INFO] [1788867325.190552865] [pure_pursuit]: lap 322: 6.59 s[0m
[localization_error-8] [0m[INFO] [1788867326.713944085] [localization_error]: now[200] 0.335 m / 2.18 deg  |  session[n=42527] mean 0.330 p95 0.699 max 1.142 m, heading mean 2.38 max 11.19 deg[0m
[localization_error-8] [0m[INFO] [1788867331.713325895] [localization_error]: now[200] 0.338 m / 2.58 deg  |  session[n=42627] mean 0.330 p95 0.699 max 1.142 m, heading mean 2.39 max 11.19 deg[0m
[pure_pursuit-10] [0m[INFO] [1788867331.881444496] [pure_pursuit]: lap 323: 6.67 s[0m
[localization_error-8] [0m[INFO] [1788867336.713280826] [localization_error]: now[200] 0.339 m / 2.71 deg  |  session[n=42727] mean 0.330 p95 0.699 max 1.142 m, heading mean 2.39 max 11.19 deg[0m
[pure_pursuit-10] [0m[INFO] [1788867338.499562704] [pure_pursuit]: lap 324: 6.63 s[0m
[localization_error-8] [0m[INFO] [1788867341.713762282] [localization_error]: now[200] 0.346 m / 2.40 deg  |  session[n=42827] mean 0.330 p95 0.699 max 1.142 m, heading mean 2.39 max 11.19 deg[0m
[pure_pursuit-10] [0m[INFO] [1788867345.174764325] [pure_pursuit]: lap 325: 6.69 s[0m
[localization_error-8] [0m[INFO] [1788867346.713229899] [localization_error]: now[200] 0.350 m / 2.33 deg  |  session[n=42927] mean 0.330 p95 0.699 max 1.142 m, heading mean 2.39 max 11.19 deg[0m
[localization_error-8] [0m[INFO] [1788867351.713282512] [localization_error]: now[200] 0.342 m / 2.52 deg  |  session[n=43027] mean 0.330 p95 0.699 max 1.142 m, heading mean 2.39 max 11.19 deg[0m
[pure_pursuit-10] [0m[INFO] [1788867351.789013940] [pure_pursuit]: lap 326: 6.60 s[0m
[localization_error-8] [0m[INFO] [1788867356.713657872] [localization_error]: now[200] 0.318 m / 2.38 deg  |  session[n=43127] mean 0.330 p95 0.699 max 1.142 m, heading mean 2.39 max 11.19 deg[0m
[pure_pursuit-10] [0m[INFO] [1788867358.461675715] [pure_pursuit]: lap 327: 6.67 s[0m
[localization_error-8] [0m[INFO] [1788867361.713208631] [localization_error]: now[200] 0.324 m / 2.15 deg  |  session[n=43227] mean 0.330 p95 0.699 max 1.142 m, heading mean 2.39 max 11.19 deg[0m
[pure_pursuit-10] [0m[INFO] [1788867365.104166493] [pure_pursuit]: lap 328: 6.65 s[0m
[localization_error-8] [0m[INFO] [1788867366.714293556] [localization_error]: now[200] 0.342 m / 2.14 deg  |  session[n=43327] mean 0.330 p95 0.699 max 1.142 m, heading mean 2.38 max 11.19 deg[0m
[localization_error-8] [0m[INFO] [1788867371.713418236] [localization_error]: now[200] 0.339 m / 2.49 deg  |  session[n=43427] mean 0.330 p95 0.699 max 1.142 m, heading mean 2.39 max 11.19 deg[0m
[pure_pursuit-10] [0m[INFO] [1788867371.748064639] [pure_pursuit]: lap 329: 6.62 s[0m
[localization_error-8] [0m[INFO] [1788867376.714724955] [localization_error]: now[200] 0.328 m / 2.59 deg  |  session[n=43527] mean 0.330 p95 0.700 max 1.142 m, heading mean 2.39 max 11.19 deg[0m
[pure_pursuit-10] [0m[INFO] [1788867378.370000367] [pure_pursuit]: lap 330: 6.64 s[0m
[localization_error-8] [0m[INFO] [1788867381.713243208] [localization_error]: now[200] 0.342 m / 2.30 deg  |  session[n=43627] mean 0.330 p95 0.700 max 1.142 m, heading mean 2.39 max 11.19 deg[0m
[pure_pursuit-10] [0m[INFO] [1788867384.964272166] [pure_pursuit]: lap 331: 6.60 s[0m
[localization_error-8] [0m[INFO] [1788867386.713969471] [localization_error]: now[200] 0.356 m / 2.30 deg  |  session[n=43727] mean 0.330 p95 0.701 max 1.142 m, heading mean 2.39 max 11.19 deg[0m
[pure_pursuit-10] [0m[INFO] [1788867391.572055134] [pure_pursuit]: lap 332: 6.61 s[0m
[localization_error-8] [0m[INFO] [1788867391.713663455] [localization_error]: now[200] 0.353 m / 2.61 deg  |  session[n=43827] mean 0.330 p95 0.701 max 1.142 m, heading mean 2.39 max 11.19 deg[0m
[localization_error-8] [0m[INFO] [1788867396.713301227] [localization_error]: now[200] 0.344 m / 2.70 deg  |  session[n=43927] mean 0.330 p95 0.701 max 1.142 m, heading mean 2.39 max 11.19 deg[0m
[pure_pursuit-10] [0m[INFO] [1788867398.270946192] [pure_pursuit]: lap 333: 6.65 s[0m
[localization_error-8] [0m[INFO] [1788867401.713164392] [localization_error]: now[200] 0.332 m / 2.37 deg  |  session[n=44027] mean 0.330 p95 0.701 max 1.142 m, heading mean 2.39 max 11.19 deg[0m
[pure_pursuit-10] [0m[INFO] [1788867404.898714882] [pure_pursuit]: lap 334: 6.66 s[0m
[localization_error-8] [0m[INFO] [1788867406.713631314] [localization_error]: now[200] 0.347 m / 2.27 deg  |  session[n=44127] mean 0.330 p95 0.702 max 1.142 m, heading mean 2.39 max 11.19 deg[0m
[pure_pursuit-10] [0m[INFO] [1788867411.585025303] [pure_pursuit]: lap 335: 6.66 s[0m
[localization_error-8] [0m[INFO] [1788867411.714384188] [localization_error]: now[200] 0.337 m / 2.59 deg  |  session[n=44227] mean 0.330 p95 0.702 max 1.142 m, heading mean 2.39 max 11.19 deg[0m
[localization_error-8] [0m[INFO] [1788867416.714206577] [localization_error]: now[200] 0.333 m / 2.66 deg  |  session[n=44327] mean 0.330 p95 0.702 max 1.142 m, heading mean 2.39 max 11.19 deg[0m
[pure_pursuit-10] [0m[INFO] [1788867418.229367934] [pure_pursuit]: lap 336: 6.64 s[0m
[localization_error-8] [0m[INFO] [1788867421.713905092] [localization_error]: now[200] 0.351 m / 2.30 deg  |  session[n=44427] mean 0.330 p95 0.702 max 1.142 m, heading mean 2.39 max 11.19 deg[0m
[pure_pursuit-10] [0m[INFO] [1788867424.870614172] [pure_pursuit]: lap 337: 6.68 s[0m
[localization_error-8] [0m[INFO] [1788867426.713847957] [localization_error]: now[200] 0.324 m / 2.18 deg  |  session[n=44527] mean 0.330 p95 0.702 max 1.142 m, heading mean 2.39 max 11.19 deg[0m
[pure_pursuit-10] [0m[INFO] [1788867431.443869195] [pure_pursuit]: lap 338: 6.57 s[0m
[localization_error-8] [0m[INFO] [1788867431.713754281] [localization_error]: now[200] 0.312 m / 2.31 deg  |  session[n=44627] mean 0.330 p95 0.702 max 1.142 m, heading mean 2.39 max 11.19 deg[0m
[localization_error-8] [0m[INFO] [1788867436.713339885] [localization_error]: now[200] 0.324 m / 2.56 deg  |  session[n=44727] mean 0.330 p95 0.702 max 1.142 m, heading mean 2.39 max 11.19 deg[0m
[pure_pursuit-10] [0m[INFO] [1788867438.129009248] [pure_pursuit]: lap 339: 6.68 s[0m
[localization_error-8] [0m[INFO] [1788867441.713692415] [localization_error]: now[200] 0.345 m / 2.60 deg  |  session[n=44827] mean 0.330 p95 0.702 max 1.142 m, heading mean 2.39 max 11.19 deg[0m
[pure_pursuit-10] [0m[INFO] [1788867444.706251829] [pure_pursuit]: lap 340: 6.58 s[0m
[localization_error-8] [0m[INFO] [1788867446.713383961] [localization_error]: now[200] 0.334 m / 2.27 deg  |  session[n=44927] mean 0.330 p95 0.702 max 1.142 m, heading mean 2.39 max 11.19 deg[0m
[pure_pursuit-10] [0m[INFO] [1788867451.472103008] [pure_pursuit]: lap 341: 6.75 s[0m
[localization_error-8] [0m[INFO] [1788867451.713234847] [localization_error]: now[200] 0.288 m / 2.00 deg  |  session[n=45027] mean 0.330 p95 0.700 max 1.142 m, heading mean 2.39 max 11.19 deg[0m
[localization_error-8] [0m[INFO] [1788867456.714405541] [localization_error]: now[200] 0.293 m / 2.14 deg  |  session[n=45127] mean 0.330 p95 0.701 max 1.142 m, heading mean 2.39 max 11.19 deg[0m
[pure_pursuit-10] [0m[INFO] [1788867458.139008163] [pure_pursuit]: lap 342: 6.67 s[0m
[localization_error-8] [0m[INFO] [1788867461.713259678] [localization_error]: now[200] 0.313 m / 2.24 deg  |  session[n=45227] mean 0.330 p95 0.700 max 1.142 m, heading mean 2.39 max 11.19 deg[0m
[pure_pursuit-10] [0m[INFO] [1788867464.739332063] [pure_pursuit]: lap 343: 6.62 s[0m
[localization_error-8] [0m[INFO] [1788867466.713296471] [localization_error]: now[200] 0.309 m / 2.00 deg  |  session[n=45327] mean 0.330 p95 0.700 max 1.142 m, heading mean 2.38 max 11.19 deg[0m
[pure_pursuit-10] [0m[INFO] [1788867471.330859320] [pure_pursuit]: lap 344: 6.59 s[0m
[localization_error-8] [0m[INFO] [1788867471.713389530] [localization_error]: now[200] 0.312 m / 2.24 deg  |  session[n=45427] mean 0.330 p95 0.699 max 1.142 m, heading mean 2.38 max 11.19 deg[0m
[localization_error-8] [0m[INFO] [1788867476.713781359] [localization_error]: now[200] 0.318 m / 2.54 deg  |  session[n=45527] mean 0.330 p95 0.700 max 1.142 m, heading mean 2.38 max 11.19 deg[0m
[pure_pursuit-10] [0m[INFO] [1788867477.934106800] [pure_pursuit]: lap 345: 6.59 s[0m
[localization_error-8] [0m[INFO] [1788867481.713256875] [localization_error]: now[200] 0.343 m / 2.32 deg  |  session[n=45627] mean 0.330 p95 0.700 max 1.142 m, heading mean 2.38 max 11.19 deg[0m
[pure_pursuit-10] [0m[INFO] [1788867484.615627819] [pure_pursuit]: lap 346: 6.68 s[0m
[localization_error-8] [0m[INFO] [1788867486.713290220] [localization_error]: now[200] 0.330 m / 2.12 deg  |  session[n=45727] mean 0.330 p95 0.700 max 1.142 m, heading mean 2.38 max 11.19 deg[0m
[pure_pursuit-10] [0m[INFO] [1788867491.275512467] [pure_pursuit]: lap 347: 6.65 s[0m
[localization_error-8] [0m[INFO] [1788867491.713625238] [localization_error]: now[200] 0.312 m / 2.36 deg  |  session[n=45827] mean 0.330 p95 0.700 max 1.142 m, heading mean 2.38 max 11.19 deg[0m
[localization_error-8] [0m[INFO] [1788867496.713484518] [localization_error]: now[200] 0.318 m / 2.37 deg  |  session[n=45927] mean 0.330 p95 0.700 max 1.142 m, heading mean 2.38 max 11.19 deg[0m
[pure_pursuit-10] [0m[INFO] [1788867497.910050112] [pure_pursuit]: lap 348: 6.62 s[0m
[localization_error-8] [0m[INFO] [1788867501.713244062] [localization_error]: now[200] 0.339 m / 2.22 deg  |  session[n=46027] mean 0.330 p95 0.700 max 1.142 m, heading mean 2.38 max 11.19 deg[0m
[pure_pursuit-10] [0m[INFO] [1788867504.556217115] [pure_pursuit]: lap 349: 6.65 s[0m
[localization_error-8] [0m[INFO] [1788867506.713551093] [localization_error]: now[200] 0.330 m / 2.19 deg  |  session[n=46127] mean 0.330 p95 0.701 max 1.142 m, heading mean 2.38 max 11.19 deg[0m
[pure_pursuit-10] [0m[INFO] [1788867511.146645394] [pure_pursuit]: lap 350: 6.60 s[0m
[localization_error-8] [0m[INFO] [1788867511.714063537] [localization_error]: now[200] 0.313 m / 2.09 deg  |  session[n=46227] mean 0.330 p95 0.700 max 1.142 m, heading mean 2.38 max 11.19 deg[0m
[localization_error-8] [0m[INFO] [1788867516.714172402] [localization_error]: now[200] 0.333 m / 2.42 deg  |  session[n=46327] mean 0.330 p95 0.701 max 1.142 m, heading mean 2.38 max 11.19 deg[0m
[pure_pursuit-10] [0m[INFO] [1788867517.810394789] [pure_pursuit]: lap 351: 6.67 s[0m
[localization_error-8] [0m[INFO] [1788867521.713368620] [localization_error]: now[200] 0.349 m / 2.52 deg  |  session[n=46427] mean 0.330 p95 0.701 max 1.142 m, heading mean 2.38 max 11.19 deg[0m
[pure_pursuit-10] [0m[INFO] [1788867524.453835273] [pure_pursuit]: lap 352: 6.61 s[0m
[localization_error-8] [0m[INFO] [1788867526.713547706] [localization_error]: now[200] 0.324 m / 2.16 deg  |  session[n=46527] mean 0.330 p95 0.701 max 1.142 m, heading mean 2.38 max 11.19 deg[0m
[pure_pursuit-10] [0m[INFO] [1788867531.075626795] [pure_pursuit]: lap 353: 6.64 s[0m
[localization_error-8] [0m[INFO] [1788867531.713263329] [localization_error]: now[200] 0.312 m / 2.34 deg  |  session[n=46627] mean 0.330 p95 0.700 max 1.142 m, heading mean 2.38 max 11.19 deg[0m
[localization_error-8] [0m[INFO] [1788867536.713377279] [localization_error]: now[200] 0.329 m / 2.71 deg  |  session[n=46727] mean 0.330 p95 0.701 max 1.142 m, heading mean 2.38 max 11.19 deg[0m
[pure_pursuit-10] [0m[INFO] [1788867537.740664807] [pure_pursuit]: lap 354: 6.66 s[0m
[localization_error-8] [0m[INFO] [1788867541.713483528] [localization_error]: now[200] 0.345 m / 2.71 deg  |  session[n=46827] mean 0.330 p95 0.700 max 1.142 m, heading mean 2.38 max 11.68 deg[0m
[pure_pursuit-10] [0m[INFO] [1788867544.341105490] [pure_pursuit]: lap 355: 6.62 s[0m
[localization_error-8] [0m[INFO] [1788867546.713375020] [localization_error]: now[200] 0.335 m / 2.53 deg  |  session[n=46927] mean 0.330 p95 0.701 max 1.142 m, heading mean 2.38 max 11.68 deg[0m
[pure_pursuit-10] [0m[INFO] [1788867550.960550811] [pure_pursuit]: lap 356: 6.62 s[0m
[localization_error-8] [0m[INFO] [1788867551.714719673] [localization_error]: now[200] 0.319 m / 2.36 deg  |  session[n=47027] mean 0.330 p95 0.700 max 1.142 m, heading mean 2.38 max 11.68 deg[0m
[localization_error-8] [0m[INFO] [1788867556.714269387] [localization_error]: now[200] 0.314 m / 2.56 deg  |  session[n=47127] mean 0.330 p95 0.701 max 1.142 m, heading mean 2.38 max 11.68 deg[0m
[pure_pursuit-10] [0m[INFO] [1788867557.536645120] [pure_pursuit]: lap 357: 6.57 s[0m
[localization_error-8] [0m[INFO] [1788867561.713484615] [localization_error]: now[200] 0.343 m / 2.52 deg  |  session[n=47227] mean 0.330 p95 0.701 max 1.142 m, heading mean 2.38 max 11.68 deg[0m
[pure_pursuit-10] [0m[INFO] [1788867564.172793576] [pure_pursuit]: lap 358: 6.61 s[0m
[localization_error-8] [0m[INFO] [1788867566.713227570] [localization_error]: now[200] 0.350 m / 2.18 deg  |  session[n=47327] mean 0.330 p95 0.702 max 1.142 m, heading mean 2.38 max 11.68 deg[0m
[pure_pursuit-10] [0m[INFO] [1788867570.935509617] [pure_pursuit]: lap 359: 6.74 s[0m
[localization_error-8] [0m[INFO] [1788867571.713361694] [localization_error]: now[200] 0.326 m / 2.21 deg  |  session[n=47427] mean 0.330 p95 0.701 max 1.142 m, heading mean 2.38 max 11.68 deg[0m
[localization_error-8] [0m[INFO] [1788867576.713619588] [localization_error]: now[200] 0.317 m / 2.39 deg  |  session[n=47527] mean 0.330 p95 0.701 max 1.142 m, heading mean 2.38 max 11.68 deg[0m
[pure_pursuit-10] [0m[INFO] [1788867577.535929886] [pure_pursuit]: lap 360: 6.64 s[0m
[localization_error-8] [0m[INFO] [1788867581.713269566] [localization_error]: now[200] 0.328 m / 2.28 deg  |  session[n=47627] mean 0.330 p95 0.702 max 1.142 m, heading mean 2.38 max 11.68 deg[0m
[pure_pursuit-10] [0m[INFO] [1788867584.144242172] [pure_pursuit]: lap 361: 6.62 s[0m
[localization_error-8] [0m[INFO] [1788867586.714066908] [localization_error]: now[200] 0.338 m / 2.22 deg  |  session[n=47727] mean 0.330 p95 0.702 max 1.142 m, heading mean 2.38 max 11.68 deg[0m
[pure_pursuit-10] [0m[INFO] [1788867590.772787884] [pure_pursuit]: lap 362: 6.61 s[0m
[localization_error-8] [0m[INFO] [1788867591.715629802] [localization_error]: now[200] 0.330 m / 2.24 deg  |  session[n=47827] mean 0.330 p95 0.702 max 1.142 m, heading mean 2.38 max 11.68 deg[0m
[localization_error-8] [0m[INFO] [1788867596.713178477] [localization_error]: now[200] 0.320 m / 2.60 deg  |  session[n=47927] mean 0.330 p95 0.702 max 1.142 m, heading mean 2.38 max 11.68 deg[0m
[pure_pursuit-10] [0m[INFO] [1788867597.451289056] [pure_pursuit]: lap 363: 6.64 s[0m
[localization_error-8] [0m[INFO] [1788867601.713987479] [localization_error]: now[200] 0.319 m / 2.61 deg  |  session[n=48027] mean 0.330 p95 0.702 max 1.142 m, heading mean 2.38 max 11.68 deg[0m
[pure_pursuit-10] [0m[INFO] [1788867604.077663753] [pure_pursuit]: lap 364: 6.62 s[0m
[localization_error-8] [0m[INFO] [1788867606.713418085] [localization_error]: now[200] 0.336 m / 2.10 deg  |  session[n=48127] mean 0.330 p95 0.703 max 1.142 m, heading mean 2.38 max 11.68 deg[0m
[pure_pursuit-10] [0m[INFO] [1788867610.696118069] [pure_pursuit]: lap 365: 6.64 s[0m
[localization_error-8] [0m[INFO] [1788867611.713602912] [localization_error]: now[200] 0.336 m / 2.03 deg  |  session[n=48227] mean 0.330 p95 0.703 max 1.142 m, heading mean 2.38 max 11.68 deg[0m
[localization_error-8] [0m[INFO] [1788867616.714262108] [localization_error]: now[200] 0.320 m / 2.48 deg  |  session[n=48327] mean 0.330 p95 0.702 max 1.142 m, heading mean 2.38 max 11.68 deg[0m
[pure_pursuit-10] [0m[INFO] [1788867617.353181536] [pure_pursuit]: lap 366: 6.66 s[0m
[localization_error-8] [0m[INFO] [1788867621.714363076] [localization_error]: now[200] 0.339 m / 2.74 deg  |  session[n=48427] mean 0.330 p95 0.702 max 1.142 m, heading mean 2.38 max 11.68 deg[0m
[pure_pursuit-10] [0m[INFO] [1788867624.044075993] [pure_pursuit]: lap 367: 6.69 s[0m
[localization_error-8] [0m[INFO] [1788867626.713454852] [localization_error]: now[200] 0.344 m / 2.25 deg  |  session[n=48527] mean 0.330 p95 0.702 max 1.142 m, heading mean 2.38 max 11.68 deg[0m
[pure_pursuit-10] [0m[INFO] [1788867630.652793604] [pure_pursuit]: lap 368: 6.60 s[0m
[localization_error-8] [0m[INFO] [1788867631.714115718] [localization_error]: now[200] 0.335 m / 1.98 deg  |  session[n=48627] mean 0.330 p95 0.703 max 1.142 m, heading mean 2.38 max 11.68 deg[0m
[localization_error-8] [0m[INFO] [1788867636.713238423] [localization_error]: now[200] 0.320 m / 2.56 deg  |  session[n=48727] mean 0.330 p95 0.702 max 1.142 m, heading mean 2.38 max 11.68 deg[0m
[pure_pursuit-10] [0m[INFO] [1788867637.289195242] [pure_pursuit]: lap 369: 6.63 s[0m
[localization_error-8] [0m[INFO] [1788867641.713624862] [localization_error]: now[200] 0.325 m / 2.74 deg  |  session[n=48827] mean 0.330 p95 0.703 max 1.142 m, heading mean 2.38 max 11.68 deg[0m
[pure_pursuit-10] [0m[INFO] [1788867643.905474719] [pure_pursuit]: lap 370: 6.60 s[0m
[localization_error-8] [0m[INFO] [1788867646.714205395] [localization_error]: now[200] 0.334 m / 2.24 deg  |  session[n=48927] mean 0.330 p95 0.703 max 1.142 m, heading mean 2.38 max 11.68 deg[0m
[pure_pursuit-10] [0m[INFO] [1788867650.481281492] [pure_pursuit]: lap 371: 6.61 s[0m
[localization_error-8] [0m[INFO] [1788867651.713252760] [localization_error]: now[200] 0.336 m / 2.03 deg  |  session[n=49027] mean 0.330 p95 0.703 max 1.142 m, heading mean 2.38 max 11.68 deg[0m
[localization_error-8] [0m[INFO] [1788867656.713985066] [localization_error]: now[200] 0.315 m / 2.28 deg  |  session[n=49127] mean 0.330 p95 0.702 max 1.142 m, heading mean 2.38 max 11.68 deg[0m
[pure_pursuit-10] [0m[INFO] [1788867657.196688183] [pure_pursuit]: lap 372: 6.71 s[0m
[localization_error-8] [0m[INFO] [1788867661.714250140] [localization_error]: now[200] 0.320 m / 2.39 deg  |  session[n=49227] mean 0.330 p95 0.703 max 1.142 m, heading mean 2.38 max 11.68 deg[0m
[pure_pursuit-10] [0m[INFO] [1788867663.828425225] [pure_pursuit]: lap 373: 6.61 s[0m
[localization_error-8] [0m[INFO] [1788867666.713849424] [localization_error]: now[200] 0.326 m / 2.19 deg  |  session[n=49327] mean 0.330 p95 0.703 max 1.142 m, heading mean 2.38 max 11.68 deg[0m
[pure_pursuit-10] [0m[INFO] [1788867670.463430722] [pure_pursuit]: lap 374: 6.63 s[0m
[localization_error-8] [0m[INFO] [1788867671.714132353] [localization_error]: now[200] 0.346 m / 2.41 deg  |  session[n=49427] mean 0.330 p95 0.703 max 1.142 m, heading mean 2.38 max 11.69 deg[0m
[localization_error-8] [0m[INFO] [1788867676.714271863] [localization_error]: now[200] 0.327 m / 2.59 deg  |  session[n=49527] mean 0.330 p95 0.702 max 1.142 m, heading mean 2.38 max 11.69 deg[0m
[pure_pursuit-10] [0m[INFO] [1788867677.107027245] [pure_pursuit]: lap 375: 6.68 s[0m
[localization_error-8] [0m[INFO] [1788867681.713252188] [localization_error]: now[200] 0.305 m / 2.53 deg  |  session[n=49627] mean 0.330 p95 0.702 max 1.142 m, heading mean 2.38 max 11.69 deg[0m
[pure_pursuit-10] [0m[INFO] [1788867683.703902630] [pure_pursuit]: lap 376: 6.59 s[0m
[localization_error-8] [0m[INFO] [1788867686.714290318] [localization_error]: now[200] 0.335 m / 2.38 deg  |  session[n=49727] mean 0.330 p95 0.702 max 1.142 m, heading mean 2.38 max 11.69 deg[0m
[pure_pursuit-10] [0m[INFO] [1788867690.358466258] [pure_pursuit]: lap 377: 6.64 s[0m
[localization_error-8] [0m[INFO] [1788867691.713601524] [localization_error]: now[200] 0.349 m / 2.22 deg  |  session[n=49827] mean 0.330 p95 0.702 max 1.142 m, heading mean 2.38 max 11.69 deg[0m
[localization_error-8] [0m[INFO] [1788867696.714202896] [localization_error]: now[200] 0.327 m / 2.62 deg  |  session[n=49927] mean 0.330 p95 0.701 max 1.142 m, heading mean 2.38 max 11.69 deg[0m
[pure_pursuit-10] [0m[INFO] [1788867697.008943392] [pure_pursuit]: lap 378: 6.65 s[0m
[localization_error-8] [0m[INFO] [1788867701.713460578] [localization_error]: now[200] 0.321 m / 2.70 deg  |  session[n=50027] mean 0.330 p95 0.702 max 1.142 m, heading mean 2.38 max 11.69 deg[0m
[pure_pursuit-10] [0m[INFO] [1788867703.636467691] [pure_pursuit]: lap 379: 6.65 s[0m
[localization_error-8] [0m[INFO] [1788867706.713911353] [localization_error]: now[200] 0.360 m / 2.52 deg  |  session[n=50127] mean 0.330 p95 0.702 max 1.142 m, heading mean 2.38 max 11.69 deg[0m
[pure_pursuit-10] [0m[INFO] [1788867710.308032361] [pure_pursuit]: lap 380: 6.63 s[0m
[localization_error-8] [0m[INFO] [1788867711.714482846] [localization_error]: now[200] 0.362 m / 2.38 deg  |  session[n=50227] mean 0.330 p95 0.702 max 1.142 m, heading mean 2.38 max 11.69 deg[0m
[localization_error-8] [0m[INFO] [1788867716.714141004] [localization_error]: now[200] 0.311 m / 2.35 deg  |  session[n=50327] mean 0.330 p95 0.701 max 1.142 m, heading mean 2.38 max 11.69 deg[0m
[pure_pursuit-10] [0m[INFO] [1788867716.931042086] [pure_pursuit]: lap 381: 6.66 s[0m
[localization_error-8] [0m[INFO] [1788867721.713257571] [localization_error]: now[200] 0.309 m / 2.51 deg  |  session[n=50427] mean 0.330 p95 0.702 max 1.142 m, heading mean 2.38 max 11.69 deg[0m
[pure_pursuit-10] [0m[INFO] [1788867723.524822371] [pure_pursuit]: lap 382: 6.59 s[0m
[localization_error-8] [0m[INFO] [1788867726.714329156] [localization_error]: now[200] 0.338 m / 2.37 deg  |  session[n=50527] mean 0.330 p95 0.701 max 1.142 m, heading mean 2.38 max 11.69 deg[0m
[pure_pursuit-10] [0m[INFO] [1788867730.134868565] [pure_pursuit]: lap 383: 6.61 s[0m
[localization_error-8] [0m[INFO] [1788867731.713302495] [localization_error]: now[200] 0.334 m / 2.26 deg  |  session[n=50627] mean 0.330 p95 0.701 max 1.142 m, heading mean 2.38 max 11.69 deg[0m
[localization_error-8] [0m[INFO] [1788867736.713269454] [localization_error]: now[200] 0.325 m / 2.43 deg  |  session[n=50727] mean 0.330 p95 0.701 max 1.142 m, heading mean 2.38 max 11.69 deg[0m
[pure_pursuit-10] [0m[INFO] [1788867736.776393362] [pure_pursuit]: lap 384: 6.63 s[0m
[localization_error-8] [0m[INFO] [1788867741.714773041] [localization_error]: now[200] 0.336 m / 2.50 deg  |  session[n=50827] mean 0.330 p95 0.701 max 1.142 m, heading mean 2.38 max 11.69 deg[0m
[pure_pursuit-10] [0m[INFO] [1788867743.376675713] [pure_pursuit]: lap 385: 6.63 s[0m
[localization_error-8] [0m[INFO] [1788867746.713607882] [localization_error]: now[200] 0.341 m / 2.25 deg  |  session[n=50927] mean 0.330 p95 0.702 max 1.142 m, heading mean 2.38 max 11.69 deg[0m
[pure_pursuit-10] [0m[INFO] [1788867750.076698251] [pure_pursuit]: lap 386: 6.70 s[0m
[localization_error-8] [0m[INFO] [1788867751.713304060] [localization_error]: now[200] 0.332 m / 2.17 deg  |  session[n=51027] mean 0.330 p95 0.702 max 1.142 m, heading mean 2.38 max 11.69 deg[0m
[pure_pursuit-10] [0m[INFO] [1788867756.711916242] [pure_pursuit]: lap 387: 6.60 s[0m
[localization_error-8] [0m[INFO] [1788867756.713321339] [localization_error]: now[200] 0.322 m / 2.60 deg  |  session[n=51127] mean 0.330 p95 0.701 max 1.142 m, heading mean 2.38 max 11.69 deg[0m
[localization_error-8] [0m[INFO] [1788867761.713540518] [localization_error]: now[200] 0.323 m / 2.63 deg  |  session[n=51227] mean 0.330 p95 0.702 max 1.142 m, heading mean 2.38 max 11.69 deg[0m
[pure_pursuit-10] [0m[INFO] [1788867763.335415872] [pure_pursuit]: lap 388: 6.61 s[0m
[localization_error-8] [0m[INFO] [1788867766.713450489] [localization_error]: now[200] 0.331 m / 2.30 deg  |  session[n=51327] mean 0.330 p95 0.702 max 1.142 m, heading mean 2.38 max 11.69 deg[0m
[pure_pursuit-10] [0m[INFO] [1788867770.011931225] [pure_pursuit]: lap 389: 6.71 s[0m
[localization_error-8] [0m[INFO] [1788867771.713296986] [localization_error]: now[200] 0.316 m / 2.22 deg  |  session[n=51427] mean 0.330 p95 0.702 max 1.142 m, heading mean 2.38 max 11.69 deg[0m
[pure_pursuit-10] [0m[INFO] [1788867776.627210360] [pure_pursuit]: lap 390: 6.60 s[0m
[localization_error-8] [0m[INFO] [1788867776.713694598] [localization_error]: now[200] 0.314 m / 2.35 deg  |  session[n=51527] mean 0.330 p95 0.702 max 1.142 m, heading mean 2.38 max 11.69 deg[0m
[localization_error-8] [0m[INFO] [1788867781.713465469] [localization_error]: now[200] 0.342 m / 2.46 deg  |  session[n=51627] mean 0.330 p95 0.702 max 1.142 m, heading mean 2.38 max 11.69 deg[0m
[pure_pursuit-10] [0m[INFO] [1788867783.230434318] [pure_pursuit]: lap 391: 6.62 s[0m
[localization_error-8] [0m[INFO] [1788867786.713383975] [localization_error]: now[200] 0.357 m / 2.42 deg  |  session[n=51727] mean 0.330 p95 0.703 max 1.142 m, heading mean 2.38 max 11.69 deg[0m
[pure_pursuit-10] [0m[INFO] [1788867789.920869866] [pure_pursuit]: lap 392: 6.69 s[0m
[localization_error-8] [0m[INFO] [1788867791.713304600] [localization_error]: now[200] 0.332 m / 2.21 deg  |  session[n=51827] mean 0.330 p95 0.703 max 1.142 m, heading mean 2.38 max 11.69 deg[0m
[pure_pursuit-10] [0m[INFO] [1788867796.612323452] [pure_pursuit]: lap 393: 6.67 s[0m
[localization_error-8] [0m[INFO] [1788867796.713507599] [localization_error]: now[200] 0.296 m / 2.25 deg  |  session[n=51927] mean 0.330 p95 0.702 max 1.142 m, heading mean 2.38 max 11.81 deg[0m
[localization_error-8] [0m[INFO] [1788867801.713294363] [localization_error]: now[200] 0.313 m / 2.63 deg  |  session[n=52027] mean 0.330 p95 0.703 max 1.142 m, heading mean 2.38 max 11.81 deg[0m
[pure_pursuit-10] [0m[INFO] [1788867803.220826694] [pure_pursuit]: lap 394: 6.62 s[0m
[localization_error-8] [0m[INFO] [1788867806.713844356] [localization_error]: now[200] 0.349 m / 2.62 deg  |  session[n=52127] mean 0.330 p95 0.703 max 1.142 m, heading mean 2.38 max 11.81 deg[0m
[pure_pursuit-10] [0m[INFO] [1788867809.907417866] [pure_pursuit]: lap 395: 6.67 s[0m
[localization_error-8] [0m[INFO] [1788867811.713687192] [localization_error]: now[200] 0.343 m / 2.42 deg  |  session[n=52227] mean 0.330 p95 0.704 max 1.142 m, heading mean 2.38 max 11.81 deg[0m
[pure_pursuit-10] [0m[INFO] [1788867816.540785232] [pure_pursuit]: lap 396: 6.66 s[0m
[localization_error-8] [0m[INFO] [1788867816.713661409] [localization_error]: now[200] 0.324 m / 2.35 deg  |  session[n=52327] mean 0.330 p95 0.703 max 1.142 m, heading mean 2.38 max 11.81 deg[0m
[localization_error-8] [0m[INFO] [1788867821.713980360] [localization_error]: now[200] 0.324 m / 2.48 deg  |  session[n=52427] mean 0.330 p95 0.704 max 1.142 m, heading mean 2.38 max 11.81 deg[0m
[pure_pursuit-10] [0m[INFO] [1788867823.212107061] [pure_pursuit]: lap 397: 6.65 s[0m
[localization_error-8] [0m[INFO] [1788867826.713654648] [localization_error]: now[200] 0.338 m / 2.60 deg  |  session[n=52527] mean 0.330 p95 0.703 max 1.142 m, heading mean 2.39 max 11.81 deg[0m
[pure_pursuit-10] [0m[INFO] [1788867829.800678233] [pure_pursuit]: lap 398: 6.61 s[0m
[localization_error-8] [0m[INFO] [1788867831.713281742] [localization_error]: now[200] 0.329 m / 2.50 deg  |  session[n=52627] mean 0.330 p95 0.703 max 1.142 m, heading mean 2.38 max 11.81 deg[0m
[pure_pursuit-10] [0m[INFO] [1788867836.437343305] [pure_pursuit]: lap 399: 6.63 s[0m
[localization_error-8] [0m[INFO] [1788867836.713348484] [localization_error]: now[200] 0.322 m / 2.71 deg  |  session[n=52727] mean 0.330 p95 0.703 max 1.142 m, heading mean 2.39 max 11.81 deg[0m
[localization_error-8] [0m[INFO] [1788867841.713942581] [localization_error]: now[200] 0.325 m / 2.59 deg  |  session[n=52827] mean 0.330 p95 0.703 max 1.142 m, heading mean 2.39 max 11.81 deg[0m
[pure_pursuit-10] [0m[INFO] [1788867843.087542407] [pure_pursuit]: lap 400: 6.64 s[0m
[localization_error-8] [0m[INFO] [1788867846.713311583] [localization_error]: now[200] 0.343 m / 2.38 deg  |  session[n=52927] mean 0.330 p95 0.703 max 1.142 m, heading mean 2.39 max 11.81 deg[0m
[pure_pursuit-10] [0m[INFO] [1788867849.701791647] [pure_pursuit]: lap 401: 6.65 s[0m
[localization_error-8] [0m[INFO] [1788867851.714048387] [localization_error]: now[200] 0.346 m / 2.33 deg  |  session[n=53027] mean 0.330 p95 0.703 max 1.142 m, heading mean 2.39 max 11.81 deg[0m
[pure_pursuit-10] [0m[INFO] [1788867856.415191631] [pure_pursuit]: lap 402: 6.67 s[0m
[localization_error-8] [0m[INFO] [1788867856.713413292] [localization_error]: now[200] 0.312 m / 2.22 deg  |  session[n=53127] mean 0.330 p95 0.702 max 1.142 m, heading mean 2.39 max 11.81 deg[0m
[localization_error-8] [0m[INFO] [1788867861.714170115] [localization_error]: now[200] 0.293 m / 2.35 deg  |  session[n=53227] mean 0.330 p95 0.702 max 1.142 m, heading mean 2.39 max 11.81 deg[0m
[pure_pursuit-10] [0m[INFO] [1788867863.023942182] [pure_pursuit]: lap 403: 6.62 s[0m
[localization_error-8] [0m[INFO] [1788867866.713217604] [localization_error]: now[200] 0.314 m / 2.33 deg  |  session[n=53327] mean 0.330 p95 0.702 max 1.142 m, heading mean 2.39 max 11.81 deg[0m
[pure_pursuit-10] [0m[INFO] [1788867869.656417206] [pure_pursuit]: lap 404: 6.65 s[0m
[localization_error-8] [0m[INFO] [1788867871.714151073] [localization_error]: now[200] 0.319 m / 2.24 deg  |  session[n=53427] mean 0.330 p95 0.702 max 1.142 m, heading mean 2.38 max 11.81 deg[0m
[pure_pursuit-10] [0m[INFO] [1788867876.336906324] [pure_pursuit]: lap 405: 6.67 s[0m
[localization_error-8] [0m[INFO] [1788867876.713635086] [localization_error]: now[200] 0.312 m / 2.17 deg  |  session[n=53527] mean 0.330 p95 0.701 max 1.142 m, heading mean 2.38 max 11.81 deg[0m
[localization_error-8] [0m[INFO] [1788867881.713592685] [localization_error]: now[200] 0.324 m / 2.38 deg  |  session[n=53627] mean 0.330 p95 0.701 max 1.142 m, heading mean 2.38 max 11.81 deg[0m
[pure_pursuit-10] [0m[INFO] [1788867882.938959197] [pure_pursuit]: lap 406: 6.62 s[0m
[localization_error-8] [0m[INFO] [1788867886.713273847] [localization_error]: now[200] 0.341 m / 2.41 deg  |  session[n=53727] mean 0.330 p95 0.701 max 1.142 m, heading mean 2.38 max 11.81 deg[0m
[pure_pursuit-10] [0m[INFO] [1788867889.582332733] [pure_pursuit]: lap 407: 6.60 s[0m
[localization_error-8] [0m[INFO] [1788867891.713416304] [localization_error]: now[200] 0.336 m / 2.33 deg  |  session[n=53827] mean 0.330 p95 0.701 max 1.142 m, heading mean 2.38 max 11.81 deg[0m
[pure_pursuit-10] [0m[INFO] [1788867896.111894026] [pure_pursuit]: lap 408: 6.56 s[0m
[localization_error-8] [0m[INFO] [1788867896.713683720] [localization_error]: now[200] 0.341 m / 2.53 deg  |  session[n=53927] mean 0.330 p95 0.700 max 1.142 m, heading mean 2.39 max 11.81 deg[0m
[localization_error-8] [0m[INFO] [1788867901.713211250] [localization_error]: now[200] 0.343 m / 2.72 deg  |  session[n=54027] mean 0.330 p95 0.701 max 1.142 m, heading mean 2.39 max 11.81 deg[0m
[pure_pursuit-10] [0m[INFO] [1788867902.689926101] [pure_pursuit]: lap 409: 6.59 s[0m
[localization_error-8] [0m[INFO] [1788867906.713331309] [localization_error]: now[200] 0.344 m / 2.54 deg  |  session[n=54127] mean 0.330 p95 0.701 max 1.142 m, heading mean 2.39 max 11.81 deg[0m
[pure_pursuit-10] [0m[INFO] [1788867909.316447353] [pure_pursuit]: lap 410: 6.61 s[0m
[localization_error-8] [0m[INFO] [1788867911.714272925] [localization_error]: now[200] 0.337 m / 2.25 deg  |  session[n=54227] mean 0.330 p95 0.701 max 1.142 m, heading mean 2.39 max 11.81 deg[0m
[pure_pursuit-10] [0m[INFO] [1788867916.022546235] [pure_pursuit]: lap 411: 6.68 s[0m
[localization_error-8] [0m[INFO] [1788867916.713306644] [localization_error]: now[200] 0.340 m / 2.57 deg  |  session[n=54327] mean 0.330 p95 0.701 max 1.142 m, heading mean 2.39 max 11.81 deg[0m
[localization_error-8] [0m[INFO] [1788867921.713263926] [localization_error]: now[200] 0.336 m / 2.96 deg  |  session[n=54427] mean 0.330 p95 0.701 max 1.142 m, heading mean 2.39 max 11.81 deg[0m
[pure_pursuit-10] [0m[INFO] [1788867922.604667175] [pure_pursuit]: lap 412: 6.62 s[0m
[localization_error-8] [0m[INFO] [1788867926.713538155] [localization_error]: now[200] 0.344 m / 2.70 deg  |  session[n=54527] mean 0.330 p95 0.702 max 1.142 m, heading mean 2.39 max 11.81 deg[0m
[pure_pursuit-10] [0m[INFO] [1788867929.293934942] [pure_pursuit]: lap 413: 6.67 s[0m
[localization_error-8] [0m[INFO] [1788867931.713871018] [localization_error]: now[200] 0.326 m / 2.22 deg  |  session[n=54627] mean 0.330 p95 0.702 max 1.142 m, heading mean 2.39 max 11.81 deg[0m
[pure_pursuit-10] [0m[INFO] [1788867935.939189832] [pure_pursuit]: lap 414: 6.63 s[0m
[localization_error-8] [0m[INFO] [1788867936.713346476] [localization_error]: now[200] 0.308 m / 2.21 deg  |  session[n=54727] mean 0.330 p95 0.702 max 1.142 m, heading mean 2.39 max 11.81 deg[0m
[localization_error-8] [0m[INFO] [1788867941.713682226] [localization_error]: now[200] 0.302 m / 2.46 deg  |  session[n=54827] mean 0.330 p95 0.701 max 1.142 m, heading mean 2.39 max 11.81 deg[0m
[pure_pursuit-10] [0m[INFO] [1788867942.628911534] [pure_pursuit]: lap 415: 6.68 s[0m
[localization_error-8] [0m[INFO] [1788867946.713509402] [localization_error]: now[200] 0.329 m / 2.44 deg  |  session[n=54927] mean 0.330 p95 0.703 max 1.142 m, heading mean 2.39 max 11.81 deg[0m
[pure_pursuit-10] [0m[INFO] [1788867949.271663032] [pure_pursuit]: lap 416: 6.66 s[0m
[localization_error-8] [0m[INFO] [1788867951.713844311] [localization_error]: now[200] 0.348 m / 2.26 deg  |  session[n=55027] mean 0.330 p95 0.703 max 1.142 m, heading mean 2.39 max 11.81 deg[0m
[pure_pursuit-10] [0m[INFO] [1788867955.893645705] [pure_pursuit]: lap 417: 6.63 s[0m
[localization_error-8] [0m[INFO] [1788867956.713272946] [localization_error]: now[200] 0.329 m / 2.20 deg  |  session[n=55127] mean 0.330 p95 0.703 max 1.142 m, heading mean 2.39 max 11.81 deg[0m
[localization_error-8] [0m[INFO] [1788867961.713441304] [localization_error]: now[200] 0.321 m / 2.54 deg  |  session[n=55227] mean 0.330 p95 0.702 max 1.142 m, heading mean 2.39 max 11.81 deg[0m
[pure_pursuit-10] [0m[INFO] [1788867962.497221970] [pure_pursuit]: lap 418: 6.60 s[0m
[localization_error-8] [0m[INFO] [1788867966.713683629] [localization_error]: now[200] 0.340 m / 2.51 deg  |  session[n=55327] mean 0.330 p95 0.703 max 1.142 m, heading mean 2.39 max 11.81 deg[0m
[pure_pursuit-10] [0m[INFO] [1788867969.125335092] [pure_pursuit]: lap 419: 6.63 s[0m
[localization_error-8] [0m[INFO] [1788867971.713231422] [localization_error]: now[200] 0.357 m / 2.09 deg  |  session[n=55427] mean 0.330 p95 0.704 max 1.142 m, heading mean 2.39 max 11.81 deg[0m
[pure_pursuit-10] [0m[INFO] [1788867975.774665665] [pure_pursuit]: lap 420: 6.64 s[0m
[localization_error-8] [0m[INFO] [1788867976.713312922] [localization_error]: now[200] 0.326 m / 1.94 deg  |  session[n=55527] mean 0.330 p95 0.703 max 1.142 m, heading mean 2.39 max 11.81 deg[0m
[localization_error-8] [0m[INFO] [1788867981.713597277] [localization_error]: now[200] 0.306 m / 2.18 deg  |  session[n=55627] mean 0.330 p95 0.703 max 1.142 m, heading mean 2.39 max 11.81 deg[0m
[pure_pursuit-10] [0m[INFO] [1788867982.384387877] [pure_pursuit]: lap 421: 6.63 s[0m
[localization_error-8] [0m[INFO] [1788867986.713770709] [localization_error]: now[200] 0.316 m / 2.45 deg  |  session[n=55727] mean 0.330 p95 0.703 max 1.142 m, heading mean 2.39 max 11.81 deg[0m
[pure_pursuit-10] [0m[INFO] [1788867989.048617002] [pure_pursuit]: lap 422: 6.64 s[0m
[localization_error-8] [0m[INFO] [1788867991.713264738] [localization_error]: now[200] 0.300 m / 2.21 deg  |  session[n=55827] mean 0.330 p95 0.703 max 1.142 m, heading mean 2.38 max 11.81 deg[0m
[pure_pursuit-10] [0m[INFO] [1788867996.039882373] [pure_pursuit]: lap 423: 6.98 s[0m
[localization_error-8] [0m[INFO] [1788867996.713500424] [localization_error]: now[200] 0.232 m / 2.27 deg  |  session[n=55927] mean 0.329 p95 0.703 max 1.142 m, heading mean 2.39 max 11.81 deg[0m
[localization_error-8] [0m[INFO] [1788868001.713818343] [localization_error]: now[200] 0.242 m / 2.36 deg  |  session[n=56027] mean 0.329 p95 0.702 max 1.142 m, heading mean 2.38 max 11.81 deg[0m
[pure_pursuit-10] [0m[INFO] [1788868003.189299086] [pure_pursuit]: lap 424: 7.16 s[0m
[localization_error-8] [0m[INFO] [1788868006.714153386] [localization_error]: now[200] 0.250 m / 2.12 deg  |  session[n=56127] mean 0.329 p95 0.702 max 1.142 m, heading mean 2.38 max 11.81 deg[0m
[pure_pursuit-10] [0m[INFO] [1788868010.274705511] [pure_pursuit]: lap 425: 7.10 s[0m
[localization_error-8] [0m[INFO] [1788868011.713343270] [localization_error]: now[200] 0.206 m / 2.14 deg  |  session[n=56227] mean 0.329 p95 0.702 max 1.142 m, heading mean 2.38 max 11.81 deg[0m
[localization_error-8] [0m[INFO] [1788868016.714252249] [localization_error]: now[200] 0.228 m / 2.52 deg  |  session[n=56327] mean 0.329 p95 0.701 max 1.142 m, heading mean 2.38 max 11.81 deg[0m
[pure_pursuit-10] [0m[INFO] [1788868017.606043830] [pure_pursuit]: lap 426: 7.30 s[0m
[localization_error-8] [0m[INFO] [1788868021.714063659] [localization_error]: now[200] 0.209 m / 2.51 deg  |  session[n=56427] mean 0.328 p95 0.700 max 1.142 m, heading mean 2.38 max 11.81 deg[0m
[pure_pursuit-10] [0m[INFO] [1788868024.777827816] [pure_pursuit]: lap 427: 7.18 s[0m
[localization_error-8] [0m[INFO] [1788868026.713345172] [localization_error]: now[200] 0.217 m / 2.30 deg  |  session[n=56527] mean 0.328 p95 0.700 max 1.142 m, heading mean 2.38 max 11.81 deg[0m
[localization_error-8] [0m[INFO] [1788868031.713718804] [localization_error]: now[200] 0.241 m / 2.49 deg  |  session[n=56627] mean 0.328 p95 0.698 max 1.142 m, heading mean 2.38 max 11.81 deg[0m
[pure_pursuit-10] [0m[INFO] [1788868031.856633369] [pure_pursuit]: lap 428: 7.07 s[0m
[localization_error-8] [0m[INFO] [1788868036.714703318] [localization_error]: now[200] 0.203 m / 2.48 deg  |  session[n=56727] mean 0.328 p95 0.697 max 1.142 m, heading mean 2.38 max 11.81 deg[0m
[pure_pursuit-10] [0m[INFO] [1788868039.045025481] [pure_pursuit]: lap 429: 7.19 s[0m
[localization_error-8] [0m[INFO] [1788868041.713687268] [localization_error]: now[200] 0.204 m / 2.21 deg  |  session[n=56827] mean 0.328 p95 0.696 max 1.142 m, heading mean 2.38 max 11.81 deg[0m
[pure_pursuit-10] [0m[INFO] [1788868046.177487439] [pure_pursuit]: lap 430: 7.14 s[0m
[localization_error-8] [0m[INFO] [1788868046.713529839] [localization_error]: now[200] 0.192 m / 2.22 deg  |  session[n=56927] mean 0.327 p95 0.696 max 1.142 m, heading mean 2.38 max 11.81 deg[0m
[localization_error-8] [0m[INFO] [1788868051.713474720] [localization_error]: now[200] 0.226 m / 2.35 deg  |  session[n=57027] mean 0.327 p95 0.696 max 1.142 m, heading mean 2.38 max 11.81 deg[0m
[pure_pursuit-10] [0m[INFO] [1788868053.319329351] [pure_pursuit]: lap 431: 7.14 s[0m
[localization_error-8] [0m[INFO] [1788868056.714053290] [localization_error]: now[200] 0.237 m / 2.28 deg  |  session[n=57127] mean 0.327 p95 0.695 max 1.142 m, heading mean 2.38 max 11.81 deg[0m
[pure_pursuit-10] [0m[INFO] [1788868060.448309798] [pure_pursuit]: lap 432: 7.12 s[0m
[localization_error-8] [0m[INFO] [1788868061.714291677] [localization_error]: now[200] 0.201 m / 2.29 deg  |  session[n=57227] mean 0.327 p95 0.695 max 1.142 m, heading mean 2.38 max 11.81 deg[0m
[localization_error-8] [0m[INFO] [1788868066.713595874] [localization_error]: now[200] 0.226 m / 2.47 deg  |  session[n=57327] mean 0.327 p95 0.695 max 1.142 m, heading mean 2.38 max 11.81 deg[0m
[pure_pursuit-10] [0m[INFO] [1788868067.688815203] [pure_pursuit]: lap 433: 7.27 s[0m
[localization_error-8] [0m[INFO] [1788868071.713345847] [localization_error]: now[200] 0.224 m / 2.34 deg  |  session[n=57427] mean 0.327 p95 0.693 max 1.142 m, heading mean 2.38 max 11.81 deg[0m
[pure_pursuit-10] [0m[INFO] [1788868074.893625187] [pure_pursuit]: lap 434: 7.18 s[0m
[localization_error-8] [0m[INFO] [1788868076.713392037] [localization_error]: now[200] 0.221 m / 2.19 deg  |  session[n=57527] mean 0.326 p95 0.693 max 1.142 m, heading mean 2.38 max 11.81 deg[0m
[localization_error-8] [0m[INFO] [1788868081.713676703] [localization_error]: now[200] 0.221 m / 2.36 deg  |  session[n=57627] mean 0.326 p95 0.691 max 1.142 m, heading mean 2.38 max 11.81 deg[0m
[pure_pursuit-10] [0m[INFO] [1788868081.939554725] [pure_pursuit]: lap 435: 7.03 s[0m
[localization_error-8] [0m[INFO] [1788868086.714123080] [localization_error]: now[200] 0.246 m / 2.16 deg  |  session[n=57727] mean 0.326 p95 0.692 max 1.142 m, heading mean 2.38 max 11.81 deg[0m
[pure_pursuit-10] [0m[INFO] [1788868088.875601057] [pure_pursuit]: lap 436: 6.99 s[0m
[localization_error-8] [0m[INFO] [1788868091.713336612] [localization_error]: now[200] 0.268 m / 1.94 deg  |  session[n=57827] mean 0.326 p95 0.691 max 1.142 m, heading mean 2.38 max 11.81 deg[0m
[pure_pursuit-10] [0m[INFO] [1788868095.901409405] [pure_pursuit]: lap 437: 7.00 s[0m
[localization_error-8] [0m[INFO] [1788868096.713363892] [localization_error]: now[200] 0.219 m / 2.16 deg  |  session[n=57927] mean 0.326 p95 0.691 max 1.142 m, heading mean 2.38 max 11.81 deg[0m
[localization_error-8] [0m[INFO] [1788868101.713616634] [localization_error]: now[200] 0.224 m / 2.45 deg  |  session[n=58027] mean 0.326 p95 0.690 max 1.142 m, heading mean 2.38 max 11.81 deg[0m
[pure_pursuit-10] [0m[INFO] [1788868103.112899896] [pure_pursuit]: lap 438: 7.20 s[0m
[localization_error-8] [0m[INFO] [1788868106.713265221] [localization_error]: now[200] 0.235 m / 2.33 deg  |  session[n=58127] mean 0.325 p95 0.690 max 1.142 m, heading mean 2.38 max 11.81 deg[0m
[pure_pursuit-10] [0m[INFO] [1788868110.235675413] [pure_pursuit]: lap 439: 7.11 s[0m
[localization_error-8] [0m[INFO] [1788868111.713780051] [localization_error]: now[200] 0.234 m / 2.21 deg  |  session[n=58227] mean 0.325 p95 0.689 max 1.142 m, heading mean 2.38 max 11.81 deg[0m
[localization_error-8] [0m[INFO] [1788868116.713919247] [localization_error]: now[200] 0.252 m / 2.54 deg  |  session[n=58327] mean 0.325 p95 0.687 max 1.142 m, heading mean 2.38 max 11.81 deg[0m
[pure_pursuit-10] [0m[INFO] [1788868117.284837995] [pure_pursuit]: lap 440: 7.09 s[0m
[localization_error-8] [0m[INFO] [1788868121.713251491] [localization_error]: now[200] 0.229 m / 2.37 deg  |  session[n=58427] mean 0.325 p95 0.686 max 1.142 m, heading mean 2.38 max 11.81 deg[0m
[pure_pursuit-10] [0m[INFO] [1788868124.361448929] [pure_pursuit]: lap 441: 7.03 s[0m
[localization_error-8] [0m[INFO] [1788868126.713259203] [localization_error]: now[200] 0.215 m / 2.06 deg  |  session[n=58527] mean 0.325 p95 0.686 max 1.142 m, heading mean 2.38 max 11.81 deg[0m
[pure_pursuit-10] [0m[INFO] [1788868131.538430262] [pure_pursuit]: lap 442: 7.19 s[0m
[localization_error-8] [0m[INFO] [1788868131.713566210] [localization_error]: now[200] 0.214 m / 2.18 deg  |  session[n=58627] mean 0.325 p95 0.686 max 1.142 m, heading mean 2.38 max 11.81 deg[0m
[localization_error-8] [0m[INFO] [1788868136.713264746] [localization_error]: now[200] 0.246 m / 2.21 deg  |  session[n=58727] mean 0.325 p95 0.686 max 1.142 m, heading mean 2.38 max 11.81 deg[0m
[pure_pursuit-10] [0m[INFO] [1788868138.551493475] [pure_pursuit]: lap 443: 7.04 s[0m
[localization_error-8] [0m[INFO] [1788868141.713323883] [localization_error]: now[200] 0.270 m / 2.25 deg  |  session[n=58827] mean 0.324 p95 0.686 max 1.142 m, heading mean 2.38 max 11.81 deg[0m
[pure_pursuit-10] [0m[INFO] [1788868145.489189815] [pure_pursuit]: lap 444: 6.93 s[0m
[localization_error-8] [0m[INFO] [1788868146.713689742] [localization_error]: now[200] 0.247 m / 2.39 deg  |  session[n=58927] mean 0.324 p95 0.686 max 1.142 m, heading mean 2.38 max 11.81 deg[0m
[localization_error-8] [0m[INFO] [1788868151.714128344] [localization_error]: now[200] 0.255 m / 2.43 deg  |  session[n=59027] mean 0.324 p95 0.686 max 1.142 m, heading mean 2.38 max 11.81 deg[0m
[pure_pursuit-10] [0m[INFO] [1788868152.574657999] [pure_pursuit]: lap 445: 7.10 s[0m
[localization_error-8] [0m[INFO] [1788868156.713369381] [localization_error]: now[200] 0.243 m / 2.21 deg  |  session[n=59127] mean 0.324 p95 0.685 max 1.142 m, heading mean 2.38 max 11.81 deg[0m
[pure_pursuit-10] [0m[INFO] [1788868159.655326601] [pure_pursuit]: lap 446: 7.07 s[0m
[localization_error-8] [0m[INFO] [1788868161.714060580] [localization_error]: now[200] 0.261 m / 2.14 deg  |  session[n=59227] mean 0.324 p95 0.685 max 1.142 m, heading mean 2.38 max 11.81 deg[0m
[pure_pursuit-10] [0m[INFO] [1788868166.666518654] [pure_pursuit]: lap 447: 7.02 s[0m
[localization_error-8] [0m[INFO] [1788868166.713326481] [localization_error]: now[200] 0.269 m / 2.42 deg  |  session[n=59327] mean 0.324 p95 0.685 max 1.142 m, heading mean 2.38 max 11.81 deg[0m
[localization_error-8] [0m[INFO] [1788868171.713977237] [localization_error]: now[200] 0.233 m / 2.31 deg  |  session[n=59427] mean 0.324 p95 0.684 max 1.142 m, heading mean 2.38 max 11.81 deg[0m
[pure_pursuit-10] [0m[INFO] [1788868173.746723794] [pure_pursuit]: lap 448: 7.06 s[0m
[localization_error-8] [0m[INFO] [1788868176.713457785] [localization_error]: now[200] 0.224 m / 2.01 deg  |  session[n=59527] mean 0.323 p95 0.684 max 1.142 m, heading mean 2.38 max 11.81 deg[0m
[pure_pursuit-10] [0m[INFO] [1788868180.867295746] [pure_pursuit]: lap 449: 7.11 s[0m
[localization_error-8] [0m[INFO] [1788868181.713226247] [localization_error]: now[200] 0.214 m / 2.23 deg  |  session[n=59627] mean 0.323 p95 0.683 max 1.142 m, heading mean 2.38 max 11.81 deg[0m
[localization_error-8] [0m[INFO] [1788868186.713639129] [localization_error]: now[200] 0.233 m / 2.40 deg  |  session[n=59727] mean 0.323 p95 0.682 max 1.142 m, heading mean 2.38 max 11.81 deg[0m
[pure_pursuit-10] [0m[INFO] [1788868187.949249586] [pure_pursuit]: lap 450: 7.08 s[0m
[localization_error-8] [0m[INFO] [1788868191.714174098] [localization_error]: now[200] 0.232 m / 2.12 deg  |  session[n=59827] mean 0.323 p95 0.682 max 1.142 m, heading mean 2.38 max 11.81 deg[0m
[pure_pursuit-10] [0m[INFO] [1788868195.020983734] [pure_pursuit]: lap 451: 7.07 s[0m
[localization_error-8] [0m[INFO] [1788868196.713548912] [localization_error]: now[200] 0.248 m / 2.04 deg  |  session[n=59927] mean 0.323 p95 0.681 max 1.142 m, heading mean 2.38 max 11.81 deg[0m
[localization_error-8] [0m[INFO] [1788868201.713710784] [localization_error]: now[200] 0.238 m / 2.24 deg  |  session[n=60027] mean 0.323 p95 0.680 max 1.142 m, heading mean 2.38 max 11.81 deg[0m
[pure_pursuit-10] [0m[INFO] [1788868202.135213982] [pure_pursuit]: lap 452: 7.15 s[0m
[localization_error-8] [0m[INFO] [1788868206.713375077] [localization_error]: now[200] 0.190 m / 2.31 deg  |  session[n=60127] mean 0.322 p95 0.680 max 1.142 m, heading mean 2.38 max 11.81 deg[0m
[pure_pursuit-10] [0m[INFO] [1788868209.402645897] [pure_pursuit]: lap 453: 7.28 s[0m
[localization_error-8] [0m[INFO] [1788868211.714166000] [localization_error]: now[200] 0.204 m / 2.32 deg  |  session[n=60227] mean 0.322 p95 0.679 max 1.142 m, heading mean 2.38 max 11.81 deg[0m
[pure_pursuit-10] [0m[INFO] [1788868216.584115268] [pure_pursuit]: lap 454: 7.15 s[0m
[localization_error-8] [0m[INFO] [1788868216.713675789] [localization_error]: now[200] 0.213 m / 2.33 deg  |  session[n=60327] mean 0.322 p95 0.678 max 1.142 m, heading mean 2.38 max 11.81 deg[0m
[localization_error-8] [0m[INFO] [1788868221.713498235] [localization_error]: now[200] 0.236 m / 2.27 deg  |  session[n=60427] mean 0.322 p95 0.677 max 1.142 m, heading mean 2.38 max 11.81 deg[0m
[pure_pursuit-10] [0m[INFO] [1788868223.685916008] [pure_pursuit]: lap 455: 7.09 s[0m
[localization_error-8] [0m[INFO] [1788868226.713889552] [localization_error]: now[200] 0.227 m / 2.16 deg  |  session[n=60527] mean 0.322 p95 0.676 max 1.142 m, heading mean 2.38 max 11.81 deg[0m
[pure_pursuit-10] [0m[INFO] [1788868230.810468121] [pure_pursuit]: lap 456: 7.14 s[0m
[localization_error-8] [0m[INFO] [1788868231.713829626] [localization_error]: now[200] 0.187 m / 2.20 deg  |  session[n=60627] mean 0.322 p95 0.676 max 1.142 m, heading mean 2.38 max 11.81 deg[0m
[localization_error-8] [0m[INFO] [1788868236.713419580] [localization_error]: now[200] 0.232 m / 2.29 deg  |  session[n=60727] mean 0.321 p95 0.675 max 1.142 m, heading mean 2.38 max 11.81 deg[0m
[pure_pursuit-10] [0m[INFO] [1788868237.889944979] [pure_pursuit]: lap 457: 7.08 s[0m
[localization_error-8] [0m[INFO] [1788868241.713318414] [localization_error]: now[200] 0.233 m / 2.37 deg  |  session[n=60827] mean 0.321 p95 0.673 max 1.142 m, heading mean 2.38 max 11.81 deg[0m
[pure_pursuit-10] [0m[INFO] [1788868244.982001454] [pure_pursuit]: lap 458: 7.12 s[0m
[localization_error-8] [0m[INFO] [1788868246.713571873] [localization_error]: now[200] 0.223 m / 2.46 deg  |  session[n=60927] mean 0.321 p95 0.672 max 1.142 m, heading mean 2.38 max 11.81 deg[0m
[localization_error-8] [0m[INFO] [1788868251.713367508] [localization_error]: now[200] 0.249 m / 2.60 deg  |  session[n=61027] mean 0.321 p95 0.672 max 1.142 m, heading mean 2.38 max 11.81 deg[0m
[pure_pursuit-10] [0m[INFO] [1788868252.124800023] [pure_pursuit]: lap 459: 7.13 s[0m
[localization_error-8] [0m[INFO] [1788868256.713316897] [localization_error]: now[200] 0.226 m / 2.39 deg  |  session[n=61127] mean 0.321 p95 0.670 max 1.142 m, heading mean 2.38 max 11.81 deg[0m
[pure_pursuit-10] [0m[INFO] [1788868259.330820168] [pure_pursuit]: lap 460: 7.17 s[0m
[localization_error-8] [0m[INFO] [1788868261.714693086] [localization_error]: now[200] 0.223 m / 2.10 deg  |  session[n=61227] mean 0.321 p95 0.669 max 1.142 m, heading mean 2.38 max 11.81 deg[0m
[pure_pursuit-10] [0m[INFO] [1788868266.405793288] [pure_pursuit]: lap 461: 7.07 s[0m
[localization_error-8] [0m[INFO] [1788868266.713361961] [localization_error]: now[200] 0.222 m / 2.29 deg  |  session[n=61327] mean 0.321 p95 0.668 max 1.142 m, heading mean 2.38 max 11.81 deg[0m
[localization_error-8] [0m[INFO] [1788868271.713490207] [localization_error]: now[200] 0.219 m / 2.45 deg  |  session[n=61427] mean 0.320 p95 0.669 max 1.142 m, heading mean 2.38 max 11.81 deg[0m
[pure_pursuit-10] [0m[INFO] [1788868273.489847410] [pure_pursuit]: lap 462: 7.12 s[0m
[localization_error-8] [0m[INFO] [1788868276.713978619] [localization_error]: now[200] 0.211 m / 2.33 deg  |  session[n=61527] mean 0.320 p95 0.668 max 1.142 m, heading mean 2.38 max 11.81 deg[0m
[pure_pursuit-10] [0m[INFO] [1788868280.662372034] [pure_pursuit]: lap 463: 7.14 s[0m
[localization_error-8] [0m[INFO] [1788868281.714344685] [localization_error]: now[200] 0.203 m / 2.32 deg  |  session[n=61627] mean 0.320 p95 0.667 max 1.142 m, heading mean 2.38 max 11.81 deg[0m
[localization_error-8] [0m[INFO] [1788868286.713472104] [localization_error]: now[200] 0.224 m / 2.40 deg  |  session[n=61727] mean 0.320 p95 0.667 max 1.142 m, heading mean 2.38 max 11.81 deg[0m
[pure_pursuit-10] [0m[INFO] [1788868287.703919961] [pure_pursuit]: lap 464: 7.09 s[0m
[localization_error-8] [0m[INFO] [1788868291.713737076] [localization_error]: now[200] 0.207 m / 2.21 deg  |  session[n=61827] mean 0.320 p95 0.667 max 1.142 m, heading mean 2.38 max 11.81 deg[0m
[pure_pursuit-10] [0m[INFO] [1788868294.902537753] [pure_pursuit]: lap 465: 7.15 s[0m
[localization_error-8] [0m[INFO] [1788868296.714242773] [localization_error]: now[200] 0.219 m / 2.23 deg  |  session[n=61927] mean 0.320 p95 0.666 max 1.142 m, heading mean 2.38 max 11.81 deg[0m
[localization_error-8] [0m[INFO] [1788868301.713481338] [localization_error]: now[200] 0.229 m / 2.46 deg  |  session[n=62027] mean 0.319 p95 0.666 max 1.142 m, heading mean 2.38 max 11.81 deg[0m
[pure_pursuit-10] [0m[INFO] [1788868302.002707335] [pure_pursuit]: lap 466: 7.11 s[0m
[localization_error-8] [0m[INFO] [1788868306.713340828] [localization_error]: now[200] 0.194 m / 2.35 deg  |  session[n=62127] mean 0.319 p95 0.664 max 1.142 m, heading mean 2.38 max 11.81 deg[0m
[pure_pursuit-10] [0m[INFO] [1788868309.159913937] [pure_pursuit]: lap 467: 7.19 s[0m
[localization_error-8] [0m[INFO] [1788868311.713549701] [localization_error]: now[200] 0.233 m / 2.06 deg  |  session[n=62227] mean 0.319 p95 0.664 max 1.142 m, heading mean 2.38 max 11.81 deg[0m
[pure_pursuit-10] [0m[INFO] [1788868316.213160881] [pure_pursuit]: lap 468: 7.04 s[0m
[localization_error-8] [0m[INFO] [1788868316.713420466] [localization_error]: now[200] 0.241 m / 2.16 deg  |  session[n=62327] mean 0.319 p95 0.663 max 1.142 m, heading mean 2.38 max 11.81 deg[0m
[localization_error-8] [0m[INFO] [1788868321.714317606] [localization_error]: now[200] 0.238 m / 2.42 deg  |  session[n=62427] mean 0.319 p95 0.661 max 1.142 m, heading mean 2.38 max 11.81 deg[0m
[pure_pursuit-10] [0m[INFO] [1788868323.383645022] [pure_pursuit]: lap 469: 7.16 s[0m
[localization_error-8] [0m[INFO] [1788868326.714114644] [localization_error]: now[200] 0.229 m / 2.37 deg  |  session[n=62527] mean 0.319 p95 0.660 max 1.142 m, heading mean 2.38 max 11.81 deg[0m
[pure_pursuit-10] [0m[INFO] [1788868330.603587880] [pure_pursuit]: lap 470: 7.20 s[0m
[localization_error-8] [0m[INFO] [1788868331.713412277] [localization_error]: now[200] 0.215 m / 2.37 deg  |  session[n=62627] mean 0.318 p95 0.660 max 1.142 m, heading mean 2.38 max 11.81 deg[0m
[localization_error-8] [0m[INFO] [1788868336.713512309] [localization_error]: now[200] 0.245 m / 2.42 deg  |  session[n=62727] mean 0.318 p95 0.659 max 1.142 m, heading mean 2.38 max 11.81 deg[0m
[pure_pursuit-10] [0m[INFO] [1788868337.625003397] [pure_pursuit]: lap 471: 7.05 s[0m
[localization_error-8] [0m[INFO] [1788868341.713285265] [localization_error]: now[200] 0.214 m / 2.20 deg  |  session[n=62827] mean 0.318 p95 0.658 max 1.142 m, heading mean 2.37 max 11.81 deg[0m
[pure_pursuit-10] [0m[INFO] [1788868344.762399258] [pure_pursuit]: lap 472: 7.12 s[0m
[localization_error-8] [0m[INFO] [1788868346.714282033] [localization_error]: now[200] 0.210 m / 2.21 deg  |  session[n=62927] mean 0.318 p95 0.657 max 1.142 m, heading mean 2.37 max 11.81 deg[0m
[localization_error-8] [0m[INFO] [1788868351.713464359] [localization_error]: now[200] 0.223 m / 2.50 deg  |  session[n=63027] mean 0.318 p95 0.656 max 1.142 m, heading mean 2.38 max 11.81 deg[0m
[pure_pursuit-10] [0m[INFO] [1788868351.967086178] [pure_pursuit]: lap 473: 7.24 s[0m
[localization_error-8] [0m[INFO] [1788868356.713431870] [localization_error]: now[200] 0.225 m / 2.40 deg  |  session[n=63127] mean 0.318 p95 0.656 max 1.142 m, heading mean 2.37 max 11.81 deg[0m
[pure_pursuit-10] [0m[INFO] [1788868359.117570041] [pure_pursuit]: lap 474: 7.14 s[0m
[localization_error-8] [0m[INFO] [1788868361.714353147] [localization_error]: now[200] 0.246 m / 2.17 deg  |  session[n=63227] mean 0.318 p95 0.654 max 1.142 m, heading mean 2.37 max 11.81 deg[0m
[pure_pursuit-10] [0m[INFO] [1788868366.209864411] [pure_pursuit]: lap 475: 7.09 s[0m
[localization_error-8] [0m[INFO] [1788868366.713463340] [localization_error]: now[200] 0.230 m / 2.33 deg  |  session[n=63327] mean 0.317 p95 0.653 max 1.142 m, heading mean 2.37 max 11.81 deg[0m
[localization_error-8] [0m[INFO] [1788868371.713462561] [localization_error]: now[200] 0.233 m / 2.45 deg  |  session[n=63427] mean 0.317 p95 0.653 max 1.142 m, heading mean 2.37 max 11.81 deg[0m
[pure_pursuit-10] [0m[INFO] [1788868373.279831623] [pure_pursuit]: lap 476: 7.06 s[0m
[localization_error-8] [0m[INFO] [1788868376.713465252] [localization_error]: now[200] 0.267 m / 2.18 deg  |  session[n=63527] mean 0.317 p95 0.654 max 1.142 m, heading mean 2.37 max 11.81 deg[0m
[pure_pursuit-10] [0m[INFO] [1788868380.237739691] [pure_pursuit]: lap 477: 6.97 s[0m
[localization_error-8] [0m[INFO] [1788868381.713387872] [localization_error]: now[200] 0.237 m / 2.07 deg  |  session[n=63627] mean 0.317 p95 0.652 max 1.142 m, heading mean 2.37 max 11.81 deg[0m
[localization_error-8] [0m[INFO] [1788868386.713255337] [localization_error]: now[200] 0.210 m / 2.33 deg  |  session[n=63727] mean 0.317 p95 0.651 max 1.142 m, heading mean 2.37 max 11.81 deg[0m
[pure_pursuit-10] [0m[INFO] [1788868387.408711839] [pure_pursuit]: lap 478: 7.15 s[0m
[localization_error-8] [0m[INFO] [1788868391.713553157] [localization_error]: now[200] 0.212 m / 2.32 deg  |  session[n=63827] mean 0.317 p95 0.650 max 1.142 m, heading mean 2.37 max 11.81 deg[0m
[pure_pursuit-10] [0m[INFO] [1788868394.511501592] [pure_pursuit]: lap 479: 7.15 s[0m
[localization_error-8] [0m[INFO] [1788868396.714258761] [localization_error]: now[200] 0.236 m / 2.20 deg  |  session[n=63927] mean 0.317 p95 0.649 max 1.142 m, heading mean 2.37 max 11.81 deg[0m
[pure_pursuit-10] [0m[INFO] [1788868401.636313243] [pure_pursuit]: lap 480: 7.10 s[0m
[localization_error-8] [0m[INFO] [1788868401.713273040] [localization_error]: now[200] 0.241 m / 2.42 deg  |  session[n=64027] mean 0.317 p95 0.648 max 1.142 m, heading mean 2.37 max 11.81 deg[0m
[localization_error-8] [0m[INFO] [1788868406.713508298] [localization_error]: now[200] 0.246 m / 2.31 deg  |  session[n=64127] mean 0.316 p95 0.646 max 1.142 m, heading mean 2.37 max 11.81 deg[0m
[pure_pursuit-10] [0m[INFO] [1788868408.665321273] [pure_pursuit]: lap 481: 7.04 s[0m
[localization_error-8] [0m[INFO] [1788868411.713478823] [localization_error]: now[200] 0.261 m / 2.08 deg  |  session[n=64227] mean 0.316 p95 0.647 max 1.142 m, heading mean 2.37 max 11.81 deg[0m
[pure_pursuit-10] [0m[INFO] [1788868415.814570706] [pure_pursuit]: lap 482: 7.12 s[0m
[localization_error-8] [0m[INFO] [1788868416.713356807] [localization_error]: now[200] 0.230 m / 2.21 deg  |  session[n=64327] mean 0.316 p95 0.646 max 1.142 m, heading mean 2.37 max 11.81 deg[0m
[localization_error-8] [0m[INFO] [1788868421.713498993] [localization_error]: now[200] 0.220 m / 2.35 deg  |  session[n=64427] mean 0.316 p95 0.644 max 1.142 m, heading mean 2.37 max 11.81 deg[0m
[pure_pursuit-10] [0m[INFO] [1788868422.828698690] [pure_pursuit]: lap 483: 7.02 s[0m
[localization_error-8] [0m[INFO] [1788868426.714793492] [localization_error]: now[200] 0.206 m / 2.39 deg  |  session[n=64527] mean 0.316 p95 0.643 max 1.142 m, heading mean 2.37 max 11.81 deg[0m
[pure_pursuit-10] [0m[INFO] [1788868429.916412038] [pure_pursuit]: lap 484: 7.10 s[0m
[localization_error-8] [0m[INFO] [1788868431.713258423] [localization_error]: now[200] 0.215 m / 2.50 deg  |  session[n=64627] mean 0.316 p95 0.642 max 1.142 m, heading mean 2.37 max 11.81 deg[0m
[localization_error-8] [0m[INFO] [1788868436.713484861] [localization_error]: now[200] 0.214 m / 2.50 deg  |  session[n=64727] mean 0.316 p95 0.641 max 1.142 m, heading mean 2.37 max 11.81 deg[0m
[pure_pursuit-10] [0m[INFO] [1788868437.191271576] [pure_pursuit]: lap 485: 7.24 s[0m
[localization_error-8] [0m[INFO] [1788868441.714026949] [localization_error]: now[200] 0.195 m / 2.41 deg  |  session[n=64827] mean 0.315 p95 0.638 max 1.142 m, heading mean 2.37 max 11.81 deg[0m
[pure_pursuit-10] [0m[INFO] [1788868444.243325405] [pure_pursuit]: lap 486: 7.08 s[0m
[localization_error-8] [0m[INFO] [1788868446.713327168] [localization_error]: now[200] 0.229 m / 2.08 deg  |  session[n=64927] mean 0.315 p95 0.638 max 1.142 m, heading mean 2.37 max 11.81 deg[0m
[pure_pursuit-10] [0m[INFO] [1788868451.321753479] [pure_pursuit]: lap 487: 7.08 s[0m
[localization_error-8] [0m[INFO] [1788868451.713518512] [localization_error]: now[200] 0.233 m / 2.17 deg  |  session[n=65027] mean 0.315 p95 0.638 max 1.142 m, heading mean 2.37 max 11.81 deg[0m
[localization_error-8] [0m[INFO] [1788868456.713234484] [localization_error]: now[200] 0.227 m / 2.57 deg  |  session[n=65127] mean 0.315 p95 0.636 max 1.142 m, heading mean 2.37 max 11.81 deg[0m
[pure_pursuit-10] [0m[INFO] [1788868458.445405841] [pure_pursuit]: lap 488: 7.12 s[0m
[localization_error-8] [0m[INFO] [1788868461.713209750] [localization_error]: now[200] 0.210 m / 2.41 deg  |  session[n=65227] mean 0.315 p95 0.635 max 1.142 m, heading mean 2.37 max 11.81 deg[0m
[pure_pursuit-10] [0m[INFO] [1788868465.511272574] [pure_pursuit]: lap 489: 7.04 s[0m
[localization_error-8] [0m[INFO] [1788868466.713320927] [localization_error]: now[200] 0.214 m / 2.37 deg  |  session[n=65327] mean 0.315 p95 0.635 max 1.142 m, heading mean 2.37 max 11.81 deg[0m
[localization_error-8] [0m[INFO] [1788868471.713207797] [localization_error]: now[200] 0.248 m / 2.32 deg  |  session[n=65427] mean 0.315 p95 0.635 max 1.142 m, heading mean 2.37 max 11.81 deg[0m
[pure_pursuit-10] [0m[INFO] [1788868472.535497901] [pure_pursuit]: lap 490: 7.06 s[0m
[localization_error-8] [0m[INFO] [1788868476.713313637] [localization_error]: now[200] 0.226 m / 2.04 deg  |  session[n=65527] mean 0.314 p95 0.633 max 1.142 m, heading mean 2.37 max 11.81 deg[0m
[pure_pursuit-10] [0m[INFO] [1788868479.671221336] [pure_pursuit]: lap 491: 7.14 s[0m
[localization_error-8] [0m[INFO] [1788868481.713540517] [localization_error]: now[200] 0.248 m / 2.00 deg  |  session[n=65627] mean 0.314 p95 0.633 max 1.142 m, heading mean 2.37 max 11.81 deg[0m
[localization_error-8] [0m[INFO] [1788868486.713655514] [localization_error]: now[200] 0.243 m / 2.39 deg  |  session[n=65727] mean 0.314 p95 0.632 max 1.142 m, heading mean 2.37 max 11.81 deg[0m
[pure_pursuit-10] [0m[INFO] [1788868486.792456210] [pure_pursuit]: lap 492: 7.10 s[0m
[localization_error-8] [0m[INFO] [1788868491.713335703] [localization_error]: now[200] 0.218 m / 2.50 deg  |  session[n=65827] mean 0.314 p95 0.632 max 1.142 m, heading mean 2.37 max 11.81 deg[0m
[pure_pursuit-10] [0m[INFO] [1788868493.927753500] [pure_pursuit]: lap 493: 7.16 s[0m
[localization_error-8] [0m[INFO] [1788868496.713865512] [localization_error]: now[200] 0.240 m / 2.17 deg  |  session[n=65927] mean 0.314 p95 0.631 max 1.142 m, heading mean 2.37 max 11.81 deg[0m
[pure_pursuit-10] [0m[INFO] [1788868501.051301561] [pure_pursuit]: lap 494: 7.13 s[0m
[localization_error-8] [0m[INFO] [1788868501.714437761] [localization_error]: now[200] 0.228 m / 2.33 deg  |  session[n=66027] mean 0.314 p95 0.628 max 1.142 m, heading mean 2.37 max 11.81 deg[0m
[localization_error-8] [0m[INFO] [1788868506.713316427] [localization_error]: now[200] 0.251 m / 2.45 deg  |  session[n=66127] mean 0.314 p95 0.627 max 1.142 m, heading mean 2.37 max 11.81 deg[0m
[pure_pursuit-10] [0m[INFO] [1788868508.113101943] [pure_pursuit]: lap 495: 7.04 s[0m
[localization_error-8] [0m[INFO] [1788868511.713398442] [localization_error]: now[200] 0.240 m / 2.36 deg  |  session[n=66227] mean 0.314 p95 0.627 max 1.142 m, heading mean 2.37 max 11.81 deg[0m
[pure_pursuit-10] [0m[INFO] [1788868515.196756821] [pure_pursuit]: lap 496: 7.11 s[0m
[localization_error-8] [0m[INFO] [1788868516.714502450] [localization_error]: now[200] 0.197 m / 2.34 deg  |  session[n=66327] mean 0.313 p95 0.625 max 1.142 m, heading mean 2.37 max 11.81 deg[0m
[localization_error-8] [0m[INFO] [1788868521.714287149] [localization_error]: now[200] 0.219 m / 2.25 deg  |  session[n=66427] mean 0.313 p95 0.624 max 1.142 m, heading mean 2.37 max 11.81 deg[0m
[pure_pursuit-10] [0m[INFO] [1788868522.381359950] [pure_pursuit]: lap 497: 7.14 s[0m
[localization_error-8] [0m[INFO] [1788868526.713407800] [localization_error]: now[200] 0.190 m / 2.29 deg  |  session[n=66527] mean 0.313 p95 0.623 max 1.142 m, heading mean 2.37 max 11.81 deg[0m
[pure_pursuit-10] [0m[INFO] [1788868529.641741278] [pure_pursuit]: lap 498: 7.30 s[0m
[localization_error-8] [0m[INFO] [1788868531.714130973] [localization_error]: now[200] 0.182 m / 2.41 deg  |  session[n=66627] mean 0.313 p95 0.622 max 1.142 m, heading mean 2.37 max 11.81 deg[0m
[localization_error-8] [0m[INFO] [1788868536.713269992] [localization_error]: now[200] 0.215 m / 2.52 deg  |  session[n=66727] mean 0.313 p95 0.621 max 1.142 m, heading mean 2.37 max 11.81 deg[0m
[pure_pursuit-10] [0m[INFO] [1788868536.938825754] [pure_pursuit]: lap 499: 7.26 s[0m
[localization_error-8] [0m[INFO] [1788868541.713362478] [localization_error]: now[200] 0.190 m / 2.49 deg  |  session[n=66827] mean 0.313 p95 0.620 max 1.142 m, heading mean 2.37 max 11.81 deg[0m
[pure_pursuit-10] [0m[INFO] [1788868544.225957749] [pure_pursuit]: lap 500: 7.32 s[0m
[localization_error-8] [0m[INFO] [1788868546.713668929] [localization_error]: now[200] 0.216 m / 2.25 deg  |  session[n=66927] mean 0.312 p95 0.619 max 1.142 m, heading mean 2.37 max 11.81 deg[0m
[pure_pursuit-10] [0m[INFO] [1788868551.306701340] [pure_pursuit]: lap 501: 7.10 s[0m
[localization_error-8] [0m[INFO] [1788868551.713277422] [localization_error]: now[200] 0.239 m / 2.22 deg  |  session[n=67027] mean 0.312 p95 0.618 max 1.142 m, heading mean 2.37 max 11.81 deg[0m
[localization_error-8] [0m[INFO] [1788868556.713308445] [localization_error]: now[200] 0.242 m / 2.32 deg  |  session[n=67127] mean 0.312 p95 0.618 max 1.142 m, heading mean 2.37 max 11.81 deg[0m
[pure_pursuit-10] [0m[INFO] [1788868558.402683355] [pure_pursuit]: lap 502: 7.05 s[0m
[localization_error-8] [0m[INFO] [1788868561.713502769] [localization_error]: now[200] 0.226 m / 2.15 deg  |  session[n=67227] mean 0.312 p95 0.616 max 1.142 m, heading mean 2.37 max 11.81 deg[0m
[pure_pursuit-10] [0m[INFO] [1788868565.403056066] [pure_pursuit]: lap 503: 7.01 s[0m
[localization_error-8] [0m[INFO] [1788868566.713364286] [localization_error]: now[200] 0.224 m / 2.18 deg  |  session[n=67327] mean 0.312 p95 0.614 max 1.142 m, heading mean 2.37 max 11.81 deg[0m
[localization_error-8] [0m[INFO] [1788868571.713424303] [localization_error]: now[200] 0.257 m / 2.34 deg  |  session[n=67427] mean 0.312 p95 0.614 max 1.142 m, heading mean 2.37 max 11.81 deg[0m
[pure_pursuit-10] [0m[INFO] [1788868572.489843243] [pure_pursuit]: lap 504: 7.09 s[0m
[localization_error-8] [0m[INFO] [1788868576.714865469] [localization_error]: now[200] 0.232 m / 2.18 deg  |  session[n=67527] mean 0.312 p95 0.614 max 1.142 m, heading mean 2.37 max 11.81 deg[0m
[pure_pursuit-10] [0m[INFO] [1788868579.529613404] [pure_pursuit]: lap 505: 7.05 s[0m
[localization_error-8] [0m[INFO] [1788868581.713304503] [localization_error]: now[200] 0.215 m / 2.07 deg  |  session[n=67627] mean 0.312 p95 0.612 max 1.142 m, heading mean 2.37 max 11.81 deg[0m
[localization_error-8] [0m[INFO] [1788868586.713314712] [localization_error]: now[200] 0.227 m / 2.40 deg  |  session[n=67727] mean 0.312 p95 0.612 max 1.142 m, heading mean 2.37 max 11.81 deg[0m
[pure_pursuit-10] [0m[INFO] [1788868586.757266027] [pure_pursuit]: lap 506: 7.20 s[0m
[localization_error-8] [0m[INFO] [1788868591.713866914] [localization_error]: now[200] 0.239 m / 2.61 deg  |  session[n=67827] mean 0.311 p95 0.610 max 1.142 m, heading mean 2.37 max 11.81 deg[0m
[pure_pursuit-10] [0m[INFO] [1788868593.876763098] [pure_pursuit]: lap 507: 7.11 s[0m
[localization_error-8] [0m[INFO] [1788868596.713851232] [localization_error]: now[200] 0.219 m / 2.31 deg  |  session[n=67927] mean 0.311 p95 0.609 max 1.142 m, heading mean 2.37 max 11.81 deg[0m
[pure_pursuit-10] [0m[INFO] [1788868601.031932311] [pure_pursuit]: lap 508: 7.18 s[0m
[localization_error-8] [0m[INFO] [1788868601.713339600] [localization_error]: now[200] 0.194 m / 2.12 deg  |  session[n=68027] mean 0.311 p95 0.608 max 1.142 m, heading mean 2.37 max 11.81 deg[0m
[localization_error-8] [0m[INFO] [1788868606.714869121] [localization_error]: now[200] 0.226 m / 2.32 deg  |  session[n=68127] mean 0.311 p95 0.607 max 1.142 m, heading mean 2.37 max 11.81 deg[0m
[pure_pursuit-10] [0m[INFO] [1788868608.206217497] [pure_pursuit]: lap 509: 7.17 s[0m
[localization_error-8] [0m[INFO] [1788868611.713728570] [localization_error]: now[200] 0.209 m / 2.34 deg  |  session[n=68227] mean 0.311 p95 0.606 max 1.142 m, heading mean 2.37 max 11.81 deg[0m
[pure_pursuit-10] [0m[INFO] [1788868615.345825838] [pure_pursuit]: lap 510: 7.16 s[0m
[localization_error-8] [0m[INFO] [1788868616.713290674] [localization_error]: now[200] 0.189 m / 2.33 deg  |  session[n=68327] mean 0.311 p95 0.606 max 1.142 m, heading mean 2.37 max 11.81 deg[0m
[localization_error-8] [0m[INFO] [1788868621.714024920] [localization_error]: now[200] 0.238 m / 2.44 deg  |  session[n=68427] mean 0.311 p95 0.604 max 1.142 m, heading mean 2.37 max 11.81 deg[0m
[pure_pursuit-10] [0m[INFO] [1788868622.412368741] [pure_pursuit]: lap 511: 7.06 s[0m
[localization_error-8] [0m[INFO] [1788868626.713776461] [localization_error]: now[200] 0.249 m / 2.38 deg  |  session[n=68527] mean 0.310 p95 0.604 max 1.142 m, heading mean 2.37 max 11.81 deg[0m
[pure_pursuit-10] [0m[INFO] [1788868629.464606775] [pure_pursuit]: lap 512: 7.07 s[0m
[localization_error-8] [0m[INFO] [1788868631.713464562] [localization_error]: now[200] 0.255 m / 2.26 deg  |  session[n=68627] mean 0.310 p95 0.604 max 1.142 m, heading mean 2.37 max 11.81 deg[0m
[pure_pursuit-10] [0m[INFO] [1788868636.551343800] [pure_pursuit]: lap 513: 7.08 s[0m
[localization_error-8] [0m[INFO] [1788868636.713664032] [localization_error]: now[200] 0.238 m / 2.38 deg  |  session[n=68727] mean 0.310 p95 0.604 max 1.142 m, heading mean 2.37 max 11.81 deg[0m
[localization_error-8] [0m[INFO] [1788868641.713271843] [localization_error]: now[200] 0.221 m / 2.43 deg  |  session[n=68827] mean 0.310 p95 0.601 max 1.142 m, heading mean 2.37 max 11.81 deg[0m
[pure_pursuit-10] [0m[INFO] [1788868643.812573985] [pure_pursuit]: lap 514: 7.23 s[0m
[localization_error-8] [0m[INFO] [1788868646.713321984] [localization_error]: now[200] 0.222 m / 2.15 deg  |  session[n=68927] mean 0.310 p95 0.599 max 1.142 m, heading mean 2.37 max 11.81 deg[0m
[pure_pursuit-10] [0m[INFO] [1788868650.940797331] [pure_pursuit]: lap 515: 7.13 s[0m
[localization_error-8] [0m[INFO] [1788868651.713957218] [localization_error]: now[200] 0.204 m / 2.13 deg  |  session[n=69027] mean 0.310 p95 0.597 max 1.142 m, heading mean 2.37 max 11.81 deg[0m
[localization_error-8] [0m[INFO] [1788868656.713333052] [localization_error]: now[200] 0.214 m / 2.39 deg  |  session[n=69127] mean 0.310 p95 0.597 max 1.142 m, heading mean 2.37 max 11.81 deg[0m
[pure_pursuit-10] [0m[INFO] [1788868658.055889857] [pure_pursuit]: lap 516: 7.10 s[0m
[localization_error-8] [0m[INFO] [1788868661.713825706] [localization_error]: now[200] 0.196 m / 2.29 deg  |  session[n=69227] mean 0.309 p95 0.595 max 1.142 m, heading mean 2.37 max 11.81 deg[0m
[pure_pursuit-10] [0m[INFO] [1788868665.233576193] [pure_pursuit]: lap 517: 7.20 s[0m
[localization_error-8] [0m[INFO] [1788868666.713647809] [localization_error]: now[200] 0.191 m / 2.33 deg  |  session[n=69327] mean 0.309 p95 0.593 max 1.142 m, heading mean 2.37 max 11.81 deg[0m
[localization_error-8] [0m[INFO] [1788868671.713419386] [localization_error]: now[200] 0.214 m / 2.32 deg  |  session[n=69427] mean 0.309 p95 0.592 max 1.142 m, heading mean 2.37 max 11.81 deg[0m
[pure_pursuit-10] [0m[INFO] [1788868672.300735039] [pure_pursuit]: lap 518: 7.09 s[0m
[localization_error-8] [0m[INFO] [1788868676.713416721] [localization_error]: now[200] 0.194 m / 2.13 deg  |  session[n=69527] mean 0.309 p95 0.592 max 1.142 m, heading mean 2.37 max 11.81 deg[0m
[pure_pursuit-10] [0m[INFO] [1788868679.518714550] [pure_pursuit]: lap 519: 7.18 s[0m
[localization_error-8] [0m[INFO] [1788868681.713738929] [localization_error]: now[200] 0.214 m / 2.36 deg  |  session[n=69627] mean 0.309 p95 0.590 max 1.142 m, heading mean 2.37 max 11.81 deg[0m
[pure_pursuit-10] [0m[INFO] [1788868686.586809476] [pure_pursuit]: lap 520: 7.10 s[0m
[localization_error-8] [0m[INFO] [1788868686.713256915] [localization_error]: now[200] 0.217 m / 2.57 deg  |  session[n=69727] mean 0.309 p95 0.590 max 1.142 m, heading mean 2.37 max 11.81 deg[0m
[localization_error-8] [0m[INFO] [1788868691.713359945] [localization_error]: now[200] 0.215 m / 2.49 deg  |  session[n=69827] mean 0.309 p95 0.588 max 1.142 m, heading mean 2.37 max 11.81 deg[0m
[pure_pursuit-10] [0m[INFO] [1788868693.673729381] [pure_pursuit]: lap 521: 7.08 s[0m
[localization_error-8] [0m[INFO] [1788868696.714103514] [localization_error]: now[200] 0.232 m / 2.30 deg  |  session[n=69927] mean 0.309 p95 0.588 max 1.142 m, heading mean 2.37 max 11.81 deg[0m
[pure_pursuit-10] [0m[INFO] [1788868700.794268494] [pure_pursuit]: lap 522: 7.09 s[0m
[localization_error-8] [0m[INFO] [1788868701.713711547] [localization_error]: now[200] 0.214 m / 2.37 deg  |  session[n=70027] mean 0.308 p95 0.586 max 1.142 m, heading mean 2.37 max 11.81 deg[0m
[localization_error-8] [0m[INFO] [1788868706.713200328] [localization_error]: now[200] 0.203 m / 2.50 deg  |  session[n=70127] mean 0.308 p95 0.585 max 1.142 m, heading mean 2.37 max 11.81 deg[0m
[pure_pursuit-10] [0m[INFO] [1788868708.144247808] [pure_pursuit]: lap 523: 7.37 s[0m
[localization_error-8] [0m[INFO] [1788868711.713683434] [localization_error]: now[200] 0.178 m / 2.33 deg  |  session[n=70227] mean 0.308 p95 0.582 max 1.142 m, heading mean 2.37 max 11.81 deg[0m
[pure_pursuit-10] [0m[INFO] [1788868715.476907347] [pure_pursuit]: lap 524: 7.31 s[0m
[localization_error-8] [0m[INFO] [1788868716.713498141] [localization_error]: now[200] 0.167 m / 2.18 deg  |  session[n=70327] mean 0.308 p95 0.582 max 1.142 m, heading mean 2.37 max 11.81 deg[0m
[localization_error-8] [0m[INFO] [1788868721.713533062] [localization_error]: now[200] 0.193 m / 2.32 deg  |  session[n=70427] mean 0.308 p95 0.580 max 1.142 m, heading mean 2.37 max 11.81 deg[0m
[pure_pursuit-10] [0m[INFO] [1788868722.737525135] [pure_pursuit]: lap 525: 7.27 s[0m
[localization_error-8] [0m[INFO] [1788868726.713273809] [localization_error]: now[200] 0.226 m / 2.09 deg  |  session[n=70527] mean 0.308 p95 0.580 max 1.142 m, heading mean 2.37 max 11.81 deg[0m
[pure_pursuit-10] [0m[INFO] [1788868729.745898738] [pure_pursuit]: lap 526: 7.04 s[0m
[localization_error-8] [0m[INFO] [1788868731.714233688] [localization_error]: now[200] 0.229 m / 2.06 deg  |  session[n=70627] mean 0.307 p95 0.578 max 1.142 m, heading mean 2.37 max 11.81 deg[0m
[localization_error-8] [0m[INFO] [1788868736.713223789] [localization_error]: now[200] 0.211 m / 2.48 deg  |  session[n=70727] mean 0.307 p95 0.578 max 1.142 m, heading mean 2.37 max 11.81 deg[0m
[pure_pursuit-10] [0m[INFO] [1788868736.994215920] [pure_pursuit]: lap 527: 7.23 s[0m
[localization_error-8] [0m[INFO] [1788868741.713364087] [localization_error]: now[200] 0.187 m / 2.36 deg  |  session[n=70827] mean 0.307 p95 0.574 max 1.142 m, heading mean 2.37 max 11.81 deg[0m
[pure_pursuit-10] [0m[INFO] [1788868744.241676312] [pure_pursuit]: lap 528: 7.25 s[0m
[localization_error-8] [0m[INFO] [1788868746.713684296] [localization_error]: now[200] 0.206 m / 2.22 deg  |  session[n=70927] mean 0.307 p95 0.574 max 1.142 m, heading mean 2.37 max 11.81 deg[0m
[pure_pursuit-10] [0m[INFO] [1788868751.272500192] [pure_pursuit]: lap 529: 7.05 s[0m
[localization_error-8] [0m[INFO] [1788868751.713470681] [localization_error]: now[200] 0.231 m / 2.50 deg  |  session[n=71027] mean 0.307 p95 0.572 max 1.142 m, heading mean 2.37 max 11.81 deg[0m
[localization_error-8] [0m[INFO] [1788868756.713237322] [localization_error]: now[200] 0.221 m / 2.49 deg  |  session[n=71127] mean 0.307 p95 0.572 max 1.142 m, heading mean 2.37 max 11.81 deg[0m
[pure_pursuit-10] [0m[INFO] [1788868758.470552870] [pure_pursuit]: lap 530: 7.15 s[0m
[localization_error-8] [0m[INFO] [1788868761.713526251] [localization_error]: now[200] 0.205 m / 2.19 deg  |  session[n=71227] mean 0.307 p95 0.570 max 1.142 m, heading mean 2.37 max 11.81 deg[0m
[pure_pursuit-10] [0m[INFO] [1788868765.618957314] [pure_pursuit]: lap 531: 7.18 s[0m
[localization_error-8] [0m[INFO] [1788868766.713278438] [localization_error]: now[200] 0.223 m / 2.16 deg  |  session[n=71327] mean 0.307 p95 0.570 max 1.142 m, heading mean 2.37 max 11.81 deg[0m
[localization_error-8] [0m[INFO] [1788868771.714066919] [localization_error]: now[200] 0.259 m / 2.31 deg  |  session[n=71427] mean 0.307 p95 0.569 max 1.142 m, heading mean 2.37 max 11.81 deg[0m
[pure_pursuit-10] [0m[INFO] [1788868772.699805883] [pure_pursuit]: lap 532: 7.07 s[0m
[localization_error-8] [0m[INFO] [1788868776.714272003] [localization_error]: now[200] 0.247 m / 2.22 deg  |  session[n=71527] mean 0.306 p95 0.569 max 1.142 m, heading mean 2.37 max 11.81 deg[0m
[pure_pursuit-10] [0m[INFO] [1788868779.744937587] [pure_pursuit]: lap 533: 7.06 s[0m
[localization_error-8] [0m[INFO] [1788868781.713942014] [localization_error]: now[200] 0.233 m / 2.19 deg  |  session[n=71627] mean 0.306 p95 0.566 max 1.142 m, heading mean 2.37 max 11.81 deg[0m
[localization_error-8] [0m[INFO] [1788868786.713399517] [localization_error]: now[200] 0.220 m / 2.35 deg  |  session[n=71727] mean 0.306 p95 0.564 max 1.142 m, heading mean 2.37 max 11.81 deg[0m
[pure_pursuit-10] [0m[INFO] [1788868786.915534503] [pure_pursuit]: lap 534: 7.19 s[0m
[localization_error-8] [0m[INFO] [1788868791.713344023] [localization_error]: now[200] 0.195 m / 2.32 deg  |  session[n=71827] mean 0.306 p95 0.562 max 1.142 m, heading mean 2.37 max 11.81 deg[0m
[pure_pursuit-10] [0m[INFO] [1788868794.286773343] [pure_pursuit]: lap 535: 7.36 s[0m
[localization_error-8] [0m[INFO] [1788868796.713521656] [localization_error]: now[200] 0.205 m / 2.09 deg  |  session[n=71927] mean 0.306 p95 0.562 max 1.142 m, heading mean 2.37 max 11.81 deg[0m
[pure_pursuit-10] [0m[INFO] [1788868801.388966241] [pure_pursuit]: lap 536: 7.10 s[0m
[localization_error-8] [0m[INFO] [1788868801.714161152] [localization_error]: now[200] 0.226 m / 2.23 deg  |  session[n=72027] mean 0.306 p95 0.559 max 1.142 m, heading mean 2.37 max 11.81 deg[0m
[localization_error-8] [0m[INFO] [1788868806.713290545] [localization_error]: now[200] 0.229 m / 2.53 deg  |  session[n=72127] mean 0.306 p95 0.557 max 1.142 m, heading mean 2.37 max 11.81 deg[0m
[pure_pursuit-10] [0m[INFO] [1788868808.663222612] [pure_pursuit]: lap 537: 7.25 s[0m
[localization_error-8] [0m[INFO] [1788868811.713651255] [localization_error]: now[200] 0.206 m / 2.38 deg  |  session[n=72227] mean 0.306 p95 0.555 max 1.142 m, heading mean 2.37 max 11.81 deg[0m
[pure_pursuit-10] [0m[INFO] [1788868815.922110340] [pure_pursuit]: lap 538: 7.29 s[0m
[localization_error-8] [0m[INFO] [1788868816.713270179] [localization_error]: now[200] 0.176 m / 2.60 deg  |  session[n=72327] mean 0.305 p95 0.555 max 1.142 m, heading mean 2.37 max 11.81 deg[0m
[localization_error-8] [0m[INFO] [1788868821.713259812] [localization_error]: now[200] 0.217 m / 2.63 deg  |  session[n=72427] mean 0.305 p95 0.552 max 1.142 m, heading mean 2.37 max 11.81 deg[0m
[pure_pursuit-10] [0m[INFO] [1788868823.122654328] [pure_pursuit]: lap 539: 7.22 s[0m
[localization_error-8] [0m[INFO] [1788868826.714192026] [localization_error]: now[200] 0.230 m / 2.25 deg  |  session[n=72527] mean 0.305 p95 0.551 max 1.142 m, heading mean 2.37 max 11.81 deg[0m
[pure_pursuit-10] [0m[INFO] [1788868830.188601393] [pure_pursuit]: lap 540: 7.05 s[0m
[localization_error-8] [0m[INFO] [1788868831.713285296] [localization_error]: now[200] 0.212 m / 2.31 deg  |  session[n=72627] mean 0.305 p95 0.549 max 1.142 m, heading mean 2.37 max 11.81 deg[0m
[localization_error-8] [0m[INFO] [1788868836.713194397] [localization_error]: now[200] 0.214 m / 2.48 deg  |  session[n=72727] mean 0.305 p95 0.548 max 1.142 m, heading mean 2.37 max 11.81 deg[0m
[pure_pursuit-10] [0m[INFO] [1788868837.428227823] [pure_pursuit]: lap 541: 7.23 s[0m
[localization_error-8] [0m[INFO] [1788868841.713664464] [localization_error]: now[200] 0.219 m / 2.17 deg  |  session[n=72827] mean 0.305 p95 0.547 max 1.142 m, heading mean 2.37 max 11.81 deg[0m
[pure_pursuit-10] [0m[INFO] [1788868844.547339425] [pure_pursuit]: lap 542: 7.10 s[0m
[localization_error-8] [0m[INFO] [1788868846.713470820] [localization_error]: now[200] 0.256 m / 2.09 deg  |  session[n=72927] mean 0.305 p95 0.546 max 1.142 m, heading mean 2.37 max 11.81 deg[0m
[pure_pursuit-10] [0m[INFO] [1788868851.612407439] [pure_pursuit]: lap 543: 7.07 s[0m
[localization_error-8] [0m[INFO] [1788868851.713445542] [localization_error]: now[200] 0.242 m / 2.44 deg  |  session[n=73027] mean 0.305 p95 0.544 max 1.142 m, heading mean 2.37 max 11.81 deg[0m
[localization_error-8] [0m[INFO] [1788868856.714241804] [localization_error]: now[200] 0.237 m / 2.54 deg  |  session[n=73127] mean 0.305 p95 0.545 max 1.142 m, heading mean 2.37 max 11.81 deg[0m
[pure_pursuit-10] [0m[INFO] [1788868858.655413011] [pure_pursuit]: lap 544: 7.04 s[0m
[localization_error-8] [0m[INFO] [1788868861.713631358] [localization_error]: now[200] 0.231 m / 2.48 deg  |  session[n=73227] mean 0.304 p95 0.544 max 1.142 m, heading mean 2.37 max 11.81 deg[0m
[pure_pursuit-10] [0m[INFO] [1788868865.827768790] [pure_pursuit]: lap 545: 7.17 s[0m
[localization_error-8] [0m[INFO] [1788868866.713249493] [localization_error]: now[200] 0.199 m / 2.35 deg  |  session[n=73327] mean 0.304 p95 0.542 max 1.142 m, heading mean 2.37 max 11.81 deg[0m
[localization_error-8] [0m[INFO] [1788868871.713378046] [localization_error]: now[200] 0.248 m / 2.46 deg  |  session[n=73427] mean 0.304 p95 0.542 max 1.142 m, heading mean 2.37 max 11.81 deg[0m
[pure_pursuit-10] [0m[INFO] [1788868872.948779014] [pure_pursuit]: lap 546: 7.13 s[0m
[localization_error-8] [0m[INFO] [1788868876.713659247] [localization_error]: now[200] 0.238 m / 2.36 deg  |  session[n=73527] mean 0.304 p95 0.541 max 1.142 m, heading mean 2.37 max 11.81 deg[0m
[pure_pursuit-10] [0m[INFO] [1788868879.993005539] [pure_pursuit]: lap 547: 7.08 s[0m
[localization_error-8] [0m[INFO] [1788868881.713491147] [localization_error]: now[200] 0.232 m / 1.98 deg  |  session[n=73627] mean 0.304 p95 0.539 max 1.142 m, heading mean 2.37 max 11.81 deg[0m
[localization_error-8] [0m[INFO] [1788868886.713283495] [localization_error]: now[200] 0.244 m / 2.04 deg  |  session[n=73727] mean 0.304 p95 0.538 max 1.142 m, heading mean 2.37 max 11.81 deg[0m
[pure_pursuit-10] [0m[INFO] [1788868887.131133967] [pure_pursuit]: lap 548: 7.10 s[0m
[localization_error-8] [0m[INFO] [1788868891.714541951] [localization_error]: now[200] 0.203 m / 2.32 deg  |  session[n=73827] mean 0.304 p95 0.536 max 1.142 m, heading mean 2.37 max 11.81 deg[0m
[pure_pursuit-10] [0m[INFO] [1788868894.261885395] [pure_pursuit]: lap 549: 7.13 s[0m
[localization_error-8] [0m[INFO] [1788868896.713573346] [localization_error]: now[200] 0.228 m / 2.20 deg  |  session[n=73927] mean 0.304 p95 0.536 max 1.142 m, heading mean 2.37 max 11.81 deg[0m
[pure_pursuit-10] [0m[INFO] [1788868901.394996645] [pure_pursuit]: lap 550: 7.14 s[0m
[localization_error-8] [0m[INFO] [1788868901.714120008] [localization_error]: now[200] 0.239 m / 2.14 deg  |  session[n=74027] mean 0.304 p95 0.535 max 1.142 m, heading mean 2.37 max 11.81 deg[0m
[localization_error-8] [0m[INFO] [1788868906.714350679] [localization_error]: now[200] 0.243 m / 2.27 deg  |  session[n=74127] mean 0.304 p95 0.534 max 1.142 m, heading mean 2.37 max 11.81 deg[0m
[pure_pursuit-10] [0m[INFO] [1788868908.376418816] [pure_pursuit]: lap 551: 7.03 s[0m
[localization_error-8] [0m[INFO] [1788868911.713293170] [localization_error]: now[200] 0.228 m / 2.14 deg  |  session[n=74227] mean 0.303 p95 0.532 max 1.142 m, heading mean 2.36 max 11.81 deg[0m
[pure_pursuit-10] [0m[INFO] [1788868915.597408376] [pure_pursuit]: lap 552: 7.20 s[0m
[localization_error-8] [0m[INFO] [1788868916.713169195] [localization_error]: now[200] 0.192 m / 2.44 deg  |  session[n=74327] mean 0.303 p95 0.531 max 1.142 m, heading mean 2.37 max 11.81 deg[0m
[localization_error-8] [0m[INFO] [1788868921.714133959] [localization_error]: now[200] 0.208 m / 2.69 deg  |  session[n=74427] mean 0.303 p95 0.530 max 1.142 m, heading mean 2.37 max 11.81 deg[0m
[pure_pursuit-10] [0m[INFO] [1788868922.744655223] [pure_pursuit]: lap 553: 7.16 s[0m
[localization_error-8] [0m[INFO] [1788868926.713558564] [localization_error]: now[200] 0.200 m / 2.20 deg  |  session[n=74527] mean 0.303 p95 0.528 max 1.142 m, heading mean 2.37 max 11.81 deg[0m
[pure_pursuit-10] [0m[INFO] [1788868930.055939270] [pure_pursuit]: lap 554: 7.30 s[0m
[localization_error-8] [0m[INFO] [1788868931.713599024] [localization_error]: now[200] 0.216 m / 1.97 deg  |  session[n=74627] mean 0.303 p95 0.526 max 1.142 m, heading mean 2.36 max 11.81 deg[0m
[localization_error-8] [0m[INFO] [1788868936.713379014] [localization_error]: now[200] 0.237 m / 2.40 deg  |  session[n=74727] mean 0.303 p95 0.525 max 1.142 m, heading mean 2.37 max 11.81 deg[0m
[pure_pursuit-10] [0m[INFO] [1788868937.239082002] [pure_pursuit]: lap 555: 7.18 s[0m
[localization_error-8] [0m[INFO] [1788868941.713540410] [localization_error]: now[200] 0.215 m / 2.42 deg  |  session[n=74827] mean 0.303 p95 0.524 max 1.142 m, heading mean 2.36 max 11.81 deg[0m
[pure_pursuit-10] [0m[INFO] [1788868944.437134145] [pure_pursuit]: lap 556: 7.17 s[0m
[localization_error-8] [0m[INFO] [1788868946.713431144] [localization_error]: now[200] 0.223 m / 2.21 deg  |  session[n=74927] mean 0.303 p95 0.522 max 1.142 m, heading mean 2.36 max 11.81 deg[0m
[pure_pursuit-10] [0m[INFO] [1788868951.635436793] [pure_pursuit]: lap 557: 7.23 s[0m
[localization_error-8] [0m[INFO] [1788868951.713384669] [localization_error]: now[200] 0.212 m / 2.33 deg  |  session[n=75027] mean 0.302 p95 0.519 max 1.142 m, heading mean 2.36 max 11.81 deg[0m
[localization_error-8] [0m[INFO] [1788868956.714335077] [localization_error]: now[200] 0.212 m / 2.29 deg  |  session[n=75127] mean 0.302 p95 0.517 max 1.142 m, heading mean 2.36 max 11.81 deg[0m
[pure_pursuit-10] [0m[INFO] [1788868958.724077050] [pure_pursuit]: lap 558: 7.10 s[0m
[localization_error-8] [0m[INFO] [1788868961.713298786] [localization_error]: now[200] 0.230 m / 2.08 deg  |  session[n=75227] mean 0.302 p95 0.517 max 1.142 m, heading mean 2.36 max 11.81 deg[0m
[pure_pursuit-10] [0m[INFO] [1788868965.837639484] [pure_pursuit]: lap 559: 7.09 s[0m
[localization_error-8] [0m[INFO] [1788868966.713228773] [localization_error]: now[200] 0.198 m / 2.22 deg  |  session[n=75327] mean 0.302 p95 0.514 max 1.142 m, heading mean 2.36 max 11.81 deg[0m
[localization_error-8] [0m[INFO] [1788868971.713775672] [localization_error]: now[200] 0.220 m / 2.40 deg  |  session[n=75427] mean 0.302 p95 0.511 max 1.142 m, heading mean 2.36 max 11.81 deg[0m
[pure_pursuit-10] [0m[INFO] [1788868973.007164666] [pure_pursuit]: lap 560: 7.19 s[0m
[localization_error-8] [0m[INFO] [1788868976.713254777] [localization_error]: now[200] 0.230 m / 2.35 deg  |  session[n=75527] mean 0.302 p95 0.510 max 1.142 m, heading mean 2.36 max 11.81 deg[0m
[pure_pursuit-10] [0m[INFO] [1788868980.185737476] [pure_pursuit]: lap 561: 7.16 s[0m
[localization_error-8] [0m[INFO] [1788868981.713278956] [localization_error]: now[200] 0.209 m / 2.31 deg  |  session[n=75627] mean 0.302 p95 0.509 max 1.142 m, heading mean 2.36 max 11.81 deg[0m
[localization_error-8] [0m[INFO] [1788868986.714071440] [localization_error]: now[200] 0.223 m / 2.57 deg  |  session[n=75727] mean 0.302 p95 0.507 max 1.142 m, heading mean 2.36 max 11.81 deg[0m
[pure_pursuit-10] [0m[INFO] [1788868987.364591595] [pure_pursuit]: lap 562: 7.16 s[0m
[localization_error-8] [0m[INFO] [1788868991.713483262] [localization_error]: now[200] 0.197 m / 2.48 deg  |  session[n=75827] mean 0.301 p95 0.504 max 1.142 m, heading mean 2.36 max 11.81 deg[0m
[pure_pursuit-10] [0m[INFO] [1788868994.611446489] [pure_pursuit]: lap 563: 7.26 s[0m
[localization_error-8] [0m[INFO] [1788868996.714141523] [localization_error]: now[200] 0.191 m / 2.34 deg  |  session[n=75927] mean 0.301 p95 0.505 max 1.142 m, heading mean 2.36 max 11.81 deg[0m
[localization_error-8] [0m[INFO] [1788869001.713657889] [localization_error]: now[200] 0.205 m / 2.70 deg  |  session[n=76027] mean 0.301 p95 0.504 max 1.142 m, heading mean 2.37 max 11.81 deg[0m
[pure_pursuit-10] [0m[INFO] [1788869001.828737584] [pure_pursuit]: lap 564: 7.23 s[0m
[localization_error-8] [0m[INFO] [1788869006.713254854] [localization_error]: now[200] 0.249 m / 2.40 deg  |  session[n=76127] mean 0.301 p95 0.505 max 1.142 m, heading mean 2.36 max 11.81 deg[0m
[pure_pursuit-10] [0m[INFO] [1788869008.815242203] [pure_pursuit]: lap 565: 7.01 s[0m
[localization_error-8] [0m[INFO] [1788869011.714157685] [localization_error]: now[200] 0.271 m / 2.16 deg  |  session[n=76227] mean 0.301 p95 0.506 max 1.142 m, heading mean 2.36 max 11.81 deg[0m
[pure_pursuit-10] [0m[INFO] [1788869015.859995863] [pure_pursuit]: lap 566: 7.02 s[0m
[localization_error-8] [0m[INFO] [1788869016.713434814] [localization_error]: now[200] 0.236 m / 2.54 deg  |  session[n=76327] mean 0.301 p95 0.506 max 1.142 m, heading mean 2.37 max 11.81 deg[0m
[localization_error-8] [0m[INFO] [1788869021.713782998] [localization_error]: now[200] 0.277 m / 2.71 deg  |  session[n=76427] mean 0.301 p95 0.509 max 1.142 m, heading mean 2.37 max 11.81 deg[0m
[pure_pursuit-10] [0m[INFO] [1788869022.945114821] [pure_pursuit]: lap 567: 7.07 s[0m
[localization_error-8] [0m[INFO] [1788869026.713305154] [localization_error]: now[200] 0.260 m / 2.45 deg  |  session[n=76527] mean 0.301 p95 0.509 max 1.142 m, heading mean 2.37 max 11.81 deg[0m
[pure_pursuit-10] [0m[INFO] [1788869030.084187286] [pure_pursuit]: lap 568: 7.14 s[0m
[localization_error-8] [0m[INFO] [1788869031.713466665] [localization_error]: now[200] 0.210 m / 2.39 deg  |  session[n=76627] mean 0.301 p95 0.508 max 1.142 m, heading mean 2.37 max 11.81 deg[0m
[localization_error-8] [0m[INFO] [1788869036.714552946] [localization_error]: now[200] 0.226 m / 2.57 deg  |  session[n=76727] mean 0.301 p95 0.509 max 1.142 m, heading mean 2.37 max 11.81 deg[0m
[pure_pursuit-10] [0m[INFO] [1788869037.074407846] [pure_pursuit]: lap 569: 7.00 s[0m
[localization_error-8] [0m[INFO] [1788869041.714068443] [localization_error]: now[200] 0.208 m / 2.46 deg  |  session[n=76827] mean 0.301 p95 0.509 max 1.142 m, heading mean 2.37 max 11.81 deg[0m
[pure_pursuit-10] [0m[INFO] [1788869044.318201238] [pure_pursuit]: lap 570: 7.22 s[0m
[localization_error-8] [0m[INFO] [1788869046.713618741] [localization_error]: now[200] 0.213 m / 2.21 deg  |  session[n=76927] mean 0.301 p95 0.510 max 1.142 m, heading mean 2.37 max 11.81 deg[0m
[pure_pursuit-10] [0m[INFO] [1788869051.601574068] [pure_pursuit]: lap 571: 7.31 s[0m
[localization_error-8] [0m[INFO] [1788869051.714390575] [localization_error]: now[200] 0.217 m / 2.26 deg  |  session[n=77027] mean 0.300 p95 0.510 max 1.142 m, heading mean 2.37 max 11.81 deg[0m
[localization_error-8] [0m[INFO] [1788869056.713216449] [localization_error]: now[200] 0.236 m / 2.41 deg  |  session[n=77127] mean 0.300 p95 0.510 max 1.142 m, heading mean 2.37 max 11.81 deg[0m
[pure_pursuit-10] [0m[INFO] [1788869058.770064537] [pure_pursuit]: lap 572: 7.14 s[0m
[localization_error-8] [0m[INFO] [1788869061.713635284] [localization_error]: now[200] 0.224 m / 2.37 deg  |  session[n=77227] mean 0.300 p95 0.510 max 1.142 m, heading mean 2.37 max 11.81 deg[0m
[pure_pursuit-10] [0m[INFO] [1788869066.011802482] [pure_pursuit]: lap 573: 7.24 s[0m
[localization_error-8] [0m[INFO] [1788869066.713600599] [localization_error]: now[200] 0.192 m / 2.45 deg  |  session[n=77327] mean 0.300 p95 0.510 max 1.142 m, heading mean 2.37 max 11.81 deg[0m
[localization_error-8] [0m[INFO] [1788869071.714269606] [localization_error]: now[200] 0.253 m / 2.52 deg  |  session[n=77427] mean 0.300 p95 0.511 max 1.142 m, heading mean 2.37 max 11.81 deg[0m
[pure_pursuit-10] [0m[INFO] [1788869073.145782062] [pure_pursuit]: lap 574: 7.18 s[0m
[localization_error-8] [0m[INFO] [1788869076.713361019] [localization_error]: now[200] 0.236 m / 2.27 deg  |  session[n=77527] mean 0.300 p95 0.511 max 1.142 m, heading mean 2.37 max 11.81 deg[0m
[pure_pursuit-10] [0m[INFO] [1788869080.240851168] [pure_pursuit]: lap 575: 7.08 s[0m
[localization_error-8] [0m[INFO] [1788869081.713413238] [localization_error]: now[200] 0.214 m / 2.25 deg  |  session[n=77627] mean 0.300 p95 0.511 max 1.142 m, heading mean 2.37 max 11.81 deg[0m
[localization_error-8] [0m[INFO] [1788869086.714271702] [localization_error]: now[200] 0.234 m / 2.48 deg  |  session[n=77727] mean 0.300 p95 0.510 max 1.142 m, heading mean 2.37 max 11.81 deg[0m
[pure_pursuit-10] [0m[INFO] [1788869087.386815107] [pure_pursuit]: lap 576: 7.12 s[0m
[localization_error-8] [0m[INFO] [1788869091.714167158] [localization_error]: now[200] 0.234 m / 2.29 deg  |  session[n=77827] mean 0.300 p95 0.511 max 1.142 m, heading mean 2.37 max 11.81 deg[0m
[pure_pursuit-10] [0m[INFO] [1788869094.402183883] [pure_pursuit]: lap 577: 7.01 s[0m
[localization_error-8] [0m[INFO] [1788869096.713391943] [localization_error]: now[200] 0.251 m / 2.27 deg  |  session[n=77927] mean 0.300 p95 0.511 max 1.142 m, heading mean 2.37 max 11.81 deg[0m
[pure_pursuit-10] [0m[INFO] [1788869101.522871819] [pure_pursuit]: lap 578: 7.17 s[0m
[localization_error-8] [0m[INFO] [1788869101.713663282] [localization_error]: now[200] 0.219 m / 2.43 deg  |  session[n=78027] mean 0.299 p95 0.511 max 1.142 m, heading mean 2.37 max 11.81 deg[0m
[localization_error-8] [0m[INFO] [1788869106.713297666] [localization_error]: now[200] 0.188 m / 2.13 deg  |  session[n=78127] mean 0.299 p95 0.510 max 1.142 m, heading mean 2.37 max 11.81 deg[0m
[pure_pursuit-10] [0m[INFO] [1788869108.870106572] [pure_pursuit]: lap 579: 7.35 s[0m
[localization_error-8] [0m[INFO] [1788869111.713521473] [localization_error]: now[200] 0.210 m / 2.04 deg  |  session[n=78227] mean 0.299 p95 0.510 max 1.142 m, heading mean 2.36 max 11.81 deg[0m
[pure_pursuit-10] [0m[INFO] [1788869115.940570570] [pure_pursuit]: lap 580: 7.06 s[0m
[localization_error-8] [0m[INFO] [1788869116.713741928] [localization_error]: now[200] 0.207 m / 2.43 deg  |  session[n=78327] mean 0.299 p95 0.509 max 1.142 m, heading mean 2.37 max 11.81 deg[0m
[localization_error-8] [0m[INFO] [1788869121.714082531] [localization_error]: now[200] 0.239 m / 2.49 deg  |  session[n=78427] mean 0.299 p95 0.510 max 1.142 m, heading mean 2.37 max 11.81 deg[0m
[pure_pursuit-10] [0m[INFO] [1788869123.110359013] [pure_pursuit]: lap 581: 7.18 s[0m
[localization_error-8] [0m[INFO] [1788869126.714033516] [localization_error]: now[200] 0.255 m / 2.30 deg  |  session[n=78527] mean 0.299 p95 0.510 max 1.142 m, heading mean 2.37 max 11.81 deg[0m
[pure_pursuit-10] [0m[INFO] [1788869130.274771270] [pure_pursuit]: lap 582: 7.16 s[0m
[localization_error-8] [0m[INFO] [1788869131.713633374] [localization_error]: now[200] 0.211 m / 2.39 deg  |  session[n=78627] mean 0.299 p95 0.510 max 1.142 m, heading mean 2.37 max 11.81 deg[0m
[localization_error-8] [0m[INFO] [1788869136.714009218] [localization_error]: now[200] 0.219 m / 2.59 deg  |  session[n=78727] mean 0.299 p95 0.509 max 1.142 m, heading mean 2.37 max 11.81 deg[0m
[pure_pursuit-10] [0m[INFO] [1788869137.579512004] [pure_pursuit]: lap 583: 7.25 s[0m
[localization_error-8] [0m[INFO] [1788869141.713279649] [localization_error]: now[200] 0.222 m / 2.51 deg  |  session[n=78827] mean 0.299 p95 0.509 max 1.142 m, heading mean 2.37 max 11.81 deg[0m
[pure_pursuit-10] [0m[INFO] [1788869144.600829078] [pure_pursuit]: lap 584: 7.07 s[0m
[localization_error-8] [0m[INFO] [1788869146.713467193] [localization_error]: now[200] 0.269 m / 2.20 deg  |  session[n=78927] mean 0.299 p95 0.511 max 1.142 m, heading mean 2.37 max 11.81 deg[0m
[pure_pursuit-10] [0m[INFO] [1788869151.639815176] [pure_pursuit]: lap 585: 7.02 s[0m
[localization_error-8] [0m[INFO] [1788869151.713561696] [localization_error]: now[200] 0.269 m / 2.52 deg  |  session[n=79027] mean 0.299 p95 0.510 max 1.142 m, heading mean 2.37 max 11.81 deg[0m
[localization_error-8] [0m[INFO] [1788869156.714050106] [localization_error]: now[200] 0.230 m / 2.69 deg  |  session[n=79127] mean 0.299 p95 0.510 max 1.142 m, heading mean 2.37 max 11.81 deg[0m
[pure_pursuit-10] [0m[INFO] [1788869158.769247502] [pure_pursuit]: lap 586: 7.11 s[0m
[localization_error-8] [0m[INFO] [1788869161.713443140] [localization_error]: now[200] 0.207 m / 2.27 deg  |  session[n=79227] mean 0.298 p95 0.508 max 1.142 m, heading mean 2.37 max 11.81 deg[0m
[pure_pursuit-10] [0m[INFO] [1788869165.911964018] [pure_pursuit]: lap 587: 7.15 s[0m
[localization_error-8] [0m[INFO] [1788869166.713877145] [localization_error]: now[200] 0.194 m / 2.32 deg  |  session[n=79327] mean 0.298 p95 0.507 max 1.142 m, heading mean 2.37 max 11.81 deg[0m
[localization_error-8] [0m[INFO] [1788869171.714116002] [localization_error]: now[200] 0.257 m / 2.65 deg  |  session[n=79427] mean 0.298 p95 0.507 max 1.142 m, heading mean 2.37 max 11.81 deg[0m
[pure_pursuit-10] [0m[INFO] [1788869173.028429477] [pure_pursuit]: lap 588: 7.12 s[0m
[localization_error-8] [0m[INFO] [1788869176.714263339] [localization_error]: now[200] 0.252 m / 2.59 deg  |  session[n=79527] mean 0.298 p95 0.508 max 1.142 m, heading mean 2.37 max 11.81 deg[0m
[pure_pursuit-10] [0m[INFO] [1788869180.108788652] [pure_pursuit]: lap 589: 7.08 s[0m
[localization_error-8] [0m[INFO] [1788869181.713788240] [localization_error]: now[200] 0.229 m / 2.34 deg  |  session[n=79627] mean 0.298 p95 0.509 max 1.142 m, heading mean 2.37 max 11.81 deg[0m
[localization_error-8] [0m[INFO] [1788869186.713371713] [localization_error]: now[200] 0.230 m / 2.26 deg  |  session[n=79727] mean 0.298 p95 0.508 max 1.142 m, heading mean 2.37 max 11.81 deg[0m
[pure_pursuit-10] [0m[INFO] [1788869187.202612490] [pure_pursuit]: lap 590: 7.12 s[0m
[localization_error-8] [0m[INFO] [1788869191.714027166] [localization_error]: now[200] 0.232 m / 2.36 deg  |  session[n=79827] mean 0.298 p95 0.508 max 1.142 m, heading mean 2.37 max 11.81 deg[0m
[pure_pursuit-10] [0m[INFO] [1788869194.219227310] [pure_pursuit]: lap 591: 6.99 s[0m
[localization_error-8] [0m[INFO] [1788869196.716804830] [localization_error]: now[200] 0.267 m / 2.25 deg  |  session[n=79927] mean 0.298 p95 0.507 max 1.142 m, heading mean 2.37 max 11.81 deg[0m
[localization_error-8] [0m[INFO] [1788869201.716150292] [localization_error]: now[200] 0.329 m / 1.70 deg  |  session[n=80027] mean 0.298 p95 0.507 max 1.142 m, heading mean 2.36 max 11.81 deg[0m
[map_server-4] [INFO] [1788869202.824371710] [rclcpp]: signal_handler(SIGINT/SIGTERM)
[map_server-4] [INFO] [1788869202.824512554] [map_server]: Running Nav2 LifecycleNode rcl preshutdown (map_server)
[map_server-4] [INFO] [1788869202.824599409] [map_server]: Deactivating
[lifecycle_manager-6] [INFO] [1788869202.824489994] [rclcpp]: signal_handler(SIGINT/SIGTERM)
[lifecycle_manager-6] [INFO] [1788869202.824580495] [lifecycle_manager_localization]: Running Nav2 LifecycleManager rcl preshutdown (lifecycle_manager_localization)
[static_transform_publisher-3] [INFO] [1788869202.824489094] [rclcpp]: signal_handler(SIGINT/SIGTERM)
[amcl-5] [0m[INFO] [1788869202.824437084] [rclcpp]: signal_handler(SIGINT/SIGTERM)[0m
[amcl-5] [0m[INFO] [1788869202.824593649] [amcl]: Running Nav2 LifecycleNode rcl preshutdown (amcl)[0m
[amcl-5] [0m[INFO] [1788869202.824702413] [amcl]: Deactivating[0m
[amcl-5] [0m[INFO] [1788869202.824749229] [amcl]: Destroying bond (amcl) to lifecycle manager.[0m
[map_server-4] [INFO] [1788869202.824621136] [map_server]: Destroying bond (map_server) to lifecycle manager.
[lifecycle_manager-6] [INFO] [1788869202.824635406] [lifecycle_manager_localization]: [34m[1mTerminating bond timer...[0m[0m
[localization_error-8] 
[localization_error-8] ==============================================================
[localization_error-8]   localization error over 80049 updates (51 bootstrap samples excluded)
[localization_error-8]     source    TF map -> roboracer_1
[static_transform_publisher-9] [INFO] [1788869202.825032043] [rclcpp]: signal_handler(SIGINT/SIGTERM)
[pure_pursuit-10] [33m[WARN] [1788869202.825844138] [pure_pursuit]: context already shut down; stop command not sent[0m
[pure_pursuit-10] Failed to publish log message to rosout: publisher's context is invalid, at ./src/rcl/publisher.c:389
[autodrive_bridge-1] Traceback (most recent call last):
[autodrive_bridge-1]   File "/usr/local/lib/python3.10/dist-packages/socketio/client.py", line 25, in signal_handler
[autodrive_bridge-1]     return original_signal_handler(sig, frame)
[autodrive_bridge-1] TypeError: 'Handlers' object is not callable
[autodrive_bridge-1] 2026-09-08T12:06:42Z
[autodrive_bridge-1] Traceback (most recent call last):
[autodrive_bridge-1]   File "/home/autodrive_devkit/install/autodrive_roboracer/lib/autodrive_roboracer/autodrive_bridge", line 33, in <module>
[autodrive_bridge-1]     sys.exit(load_entry_point('autodrive-roboracer==0.1.0', 'console_scripts', 'autodrive_bridge')())
[autodrive_bridge-1]   File "/home/autodrive_devkit/install/autodrive_roboracer/lib/python3.10/site-packages/autodrive_roboracer/autodrive_bridge.py", line 442, in main
[autodrive_bridge-1]     pywsgi.WSGIServer(('', 4567), app, handler_class=WebSocketHandler).serve_forever() # Deploy as a gevent WSGI server
[autodrive_bridge-1]   File "/usr/local/lib/python3.10/dist-packages/gevent/baseserver.py", line 400, in serve_forever
[localization_error-8]     position  mean 0.298  p95 0.507  max 1.142  m
[autodrive_bridge-1]     self._stop_event.wait()
[autodrive_bridge-1]   File "src/gevent/event.py", line 163, in gevent._gevent_cevent.Event.wait
[autodrive_bridge-1]   File "src/gevent/_abstract_linkable.py", line 521, in gevent._gevent_c_abstract_linkable.AbstractLinkable._wait
[autodrive_bridge-1]   File "src/gevent/_abstract_linkable.py", line 487, in gevent._gevent_c_abstract_linkable.AbstractLinkable._wait_core
[autodrive_bridge-1]   File "src/gevent/_abstract_linkable.py", line 490, in gevent._gevent_c_abstract_linkable.AbstractLinkable._wait_core
[autodrive_bridge-1]   File "src/gevent/_abstract_linkable.py", line 442, in gevent._gevent_c_abstract_linkable.AbstractLinkable._AbstractLinkable__wait_to_be_notified
[autodrive_bridge-1]   File "src/gevent/_abstract_linkable.py", line 451, in gevent._gevent_c_abstract_linkable.AbstractLinkable._switch_to_hub
[autodrive_bridge-1]   File "src/gevent/_greenlet_primitives.py", line 61, in gevent._gevent_c_greenlet_primitives.SwitchOutGreenletWithLoop.switch
[autodrive_bridge-1]   File "src/gevent/_greenlet_primitives.py", line 65, in gevent._gevent_c_greenlet_primitives.SwitchOutGreenletWithLoop.switch
[autodrive_bridge-1]   File "src/gevent/_gevent_c_greenlet_primitives.pxd", line 35, in gevent._gevent_c_greenlet_primitives._greenlet_switch
[autodrive_bridge-1]   File "/usr/local/lib/python3.10/dist-packages/socketio/client.py", line 25, in signal_handler
[autodrive_bridge-1]     return original_signal_handler(sig, frame)
[autodrive_bridge-1] TypeError: 'Handlers' object is not callable
[localization_error-8]     heading   mean 2.36  p95 5.23  max 11.81  deg
[localization_error-8] ==============================================================
[map_server-4] [INFO] [1788869202.834894042] [map_server]: Cleaning up
[map_server-4] [INFO] [1788869202.834930405] [map_server]: Destroying bond (map_server) to lifecycle manager.
[localization_error-8]   WARNING: p95 error exceeds the raceline wall margin (0.134 m).
[localization_error-8]            Expect contact at the tightest point of the lap.
[amcl-5] [0m[INFO] [1788869202.835114309] [amcl]: Cleaning up[0m
[amcl-5] [0m[INFO] [1788869202.842496423] [amcl]: Destroying bond (amcl) to lifecycle manager.[0m
[map_server-4] [INFO] [1788869202.843434204] [map_server]: Destroying
[lifecycle_manager-6] [INFO] [1788869202.927664370] [lifecycle_manager_localization]: Destroying lifecycle_manager_localization
[amcl-5] [0m[INFO] [1788869202.929107004] [amcl]: Destroying[0m
[ERROR] [autodrive_bridge-1]: process has died [pid 41, exit code 1, cmd '/home/autodrive_devkit/install/autodrive_roboracer/lib/autodrive_roboracer/autodrive_bridge --ros-args -r __node:=autodrive_bridge -r /tf:=/tf_ground_truth'].
[INFO] [static_transform_publisher-3]: process has finished cleanly [pid 45]
[INFO] [static_transform_publisher-9]: process has finished cleanly [pid 57]
[localization_bootstrap-7] Traceback (most recent call last):
[localization_bootstrap-7]   File "/home/autodrive_devkit/install/roboracer_stack/lib/roboracer_stack/localization_bootstrap", line 33, in <module>
[localization_bootstrap-7]     sys.exit(load_entry_point('roboracer-stack==0.1.0', 'console_scripts', 'localization_bootstrap')())
[localization_bootstrap-7]   File "/home/autodrive_devkit/install/roboracer_stack/lib/python3.10/site-packages/roboracer_stack/localization/bootstrap.py", line 746, in main
[localization_bootstrap-7]     rclpy.spin(node)
[localization_bootstrap-7]   File "/opt/ros/humble/local/lib/python3.10/dist-packages/rclpy/__init__.py", line 229, in spin
[localization_bootstrap-7]     executor.spin_once()
[localization_bootstrap-7]   File "/opt/ros/humble/local/lib/python3.10/dist-packages/rclpy/executors.py", line 808, in spin_once
[localization_bootstrap-7]     self._spin_once_impl(timeout_sec)
[localization_bootstrap-7]   File "/opt/ros/humble/local/lib/python3.10/dist-packages/rclpy/executors.py", line 797, in _spin_once_impl
[localization_bootstrap-7]     handler, entity, node = self.wait_for_ready_callbacks(timeout_sec=timeout_sec)
[localization_bootstrap-7]   File "/opt/ros/humble/local/lib/python3.10/dist-packages/rclpy/executors.py", line 780, in wait_for_ready_callbacks
[localization_error-8] Traceback (most recent call last):
[localization_error-8]   File "/home/autodrive_devkit/install/roboracer_stack/lib/roboracer_stack/localization_error", line 33, in <module>
[localization_bootstrap-7]     return next(self._cb_iter)
[localization_bootstrap-7]   File "/opt/ros/humble/local/lib/python3.10/dist-packages/rclpy/executors.py", line 681, in _wait_for_ready_callbacks
[localization_error-8]     sys.exit(load_entry_point('roboracer-stack==0.1.0', 'console_scripts', 'localization_error')())
[localization_error-8]   File "/home/autodrive_devkit/install/roboracer_stack/lib/python3.10/site-packages/roboracer_stack/localization/localization_error.py", line 291, in main
[localization_error-8]     rclpy.spin(node)
[localization_error-8]   File "/opt/ros/humble/local/lib/python3.10/dist-packages/rclpy/__init__.py", line 229, in spin
[localization_bootstrap-7]     raise ExternalShutdownException()
[localization_bootstrap-7] rclpy.executors.ExternalShutdownException
[localization_error-8]     executor.spin_once()
[localization_error-8]   File "/opt/ros/humble/local/lib/python3.10/dist-packages/rclpy/executors.py", line 808, in spin_once
[localization_error-8]     self._spin_once_impl(timeout_sec)
[localization_error-8]   File "/opt/ros/humble/local/lib/python3.10/dist-packages/rclpy/executors.py", line 797, in _spin_once_impl
[localization_error-8]     handler, entity, node = self.wait_for_ready_callbacks(timeout_sec=timeout_sec)
[localization_error-8]   File "/opt/ros/humble/local/lib/python3.10/dist-packages/rclpy/executors.py", line 780, in wait_for_ready_callbacks
[localization_error-8]     return next(self._cb_iter)
[localization_error-8]   File "/opt/ros/humble/local/lib/python3.10/dist-packages/rclpy/executors.py", line 681, in _wait_for_ready_callbacks
[localization_error-8]     raise ExternalShutdownException()
[localization_error-8] rclpy.executors.ExternalShutdownException
[INFO] [map_server-4]: process has finished cleanly [pid 47]
[ERROR] [localization_bootstrap-7]: process has died [pid 53, exit code 1, cmd '/home/autodrive_devkit/install/roboracer_stack/lib/roboracer_stack/localization_bootstrap --ros-args -r __node:=localization_bootstrap --params-file /tmp/launch_params_tny133m5'].
[ERROR] [localization_error-8]: process has died [pid 55, exit code 1, cmd '/home/autodrive_devkit/install/roboracer_stack/lib/roboracer_stack/localization_error --ros-args -r __node:=localization_error --params-file /tmp/launch_params_wwga5m8a'].
[INFO] [lifecycle_manager-6]: process has finished cleanly [pid 51]
[INFO] [amcl-5]: process has finished cleanly [pid 49]
[dead_reckoning-2] Traceback (most recent call last):
[dead_reckoning-2]   File "/home/autodrive_devkit/install/roboracer_stack/lib/roboracer_stack/dead_reckoning", line 33, in <module>
[dead_reckoning-2]     sys.exit(load_entry_point('roboracer-stack==0.1.0', 'console_scripts', 'dead_reckoning')())
[dead_reckoning-2]   File "/home/autodrive_devkit/install/roboracer_stack/lib/python3.10/site-packages/roboracer_stack/localization/dead_reckoning.py", line 308, in main
[dead_reckoning-2]     rclpy.spin(node)
[dead_reckoning-2]   File "/opt/ros/humble/local/lib/python3.10/dist-packages/rclpy/__init__.py", line 229, in spin
[dead_reckoning-2]     executor.spin_once()
[dead_reckoning-2]   File "/opt/ros/humble/local/lib/python3.10/dist-packages/rclpy/executors.py", line 808, in spin_once
[dead_reckoning-2]     self._spin_once_impl(timeout_sec)
[dead_reckoning-2]   File "/opt/ros/humble/local/lib/python3.10/dist-packages/rclpy/executors.py", line 797, in _spin_once_impl
[dead_reckoning-2]     handler, entity, node = self.wait_for_ready_callbacks(timeout_sec=timeout_sec)
[dead_reckoning-2]   File "/opt/ros/humble/local/lib/python3.10/dist-packages/rclpy/executors.py", line 780, in wait_for_ready_callbacks
[dead_reckoning-2]     return next(self._cb_iter)
[dead_reckoning-2]   File "/opt/ros/humble/local/lib/python3.10/dist-packages/rclpy/executors.py", line 681, in _wait_for_ready_callbacks
[dead_reckoning-2]     raise ExternalShutdownException()
[dead_reckoning-2] rclpy.executors.ExternalShutdownException
[ERROR] [dead_reckoning-2]: process has died [pid 43, exit code 1, cmd '/home/autodrive_devkit/install/roboracer_stack/lib/roboracer_stack/dead_reckoning --ros-args -r __node:=dead_reckoning --params-file /tmp/launch_params_h0qc93jo'].
[pure_pursuit-10] Traceback (most recent call last):
[pure_pursuit-10]   File "/home/autodrive_devkit/install/roboracer_stack/lib/roboracer_stack/pure_pursuit", line 33, in <module>
[pure_pursuit-10]     sys.exit(load_entry_point('roboracer-stack==0.1.0', 'console_scripts', 'pure_pursuit')())
[pure_pursuit-10]   File "/home/autodrive_devkit/install/roboracer_stack/lib/python3.10/site-packages/roboracer_stack/control/pure_pursuit.py", line 1112, in main
[pure_pursuit-10]     rclpy.spin(node)
[pure_pursuit-10]   File "/opt/ros/humble/local/lib/python3.10/dist-packages/rclpy/__init__.py", line 229, in spin
[pure_pursuit-10]     executor.spin_once()
[pure_pursuit-10]   File "/opt/ros/humble/local/lib/python3.10/dist-packages/rclpy/executors.py", line 808, in spin_once
[pure_pursuit-10]     self._spin_once_impl(timeout_sec)
[pure_pursuit-10]   File "/opt/ros/humble/local/lib/python3.10/dist-packages/rclpy/executors.py", line 797, in _spin_once_impl
[pure_pursuit-10]     handler, entity, node = self.wait_for_ready_callbacks(timeout_sec=timeout_sec)
[pure_pursuit-10]   File "/opt/ros/humble/local/lib/python3.10/dist-packages/rclpy/executors.py", line 780, in wait_for_ready_callbacks
[pure_pursuit-10]     return next(self._cb_iter)
[pure_pursuit-10]   File "/opt/ros/humble/local/lib/python3.10/dist-packages/rclpy/executors.py", line 681, in _wait_for_ready_callbacks
[pure_pursuit-10]     raise ExternalShutdownException()
[pure_pursuit-10] rclpy.executors.ExternalShutdownException
[ERROR] [pure_pursuit-10]: process has died [pid 225, exit code 1, cmd '/home/autodrive_devkit/install/roboracer_stack/lib/roboracer_stack/pure_pursuit --ros-args -r __node:=pure_pursuit --params-file /home/autodrive_devkit/install/roboracer_stack/share/roboracer_stack/config/pure_pursuit.yaml --params-file /tmp/launch_params_2w57r7wm --params-file /tmp/launch_params_4m900bcx'].
