#{"t_start": 1789494789.018607, "env_id": "None"}
r,l,t
-18.258721,20,3.382644
-16.219198,19,5.064723
5.805646,45,8.116891
-16.643335,17,9.850296
-8.627621,25,11.831453
-17.275406,17,13.434396
-14.599123,20,15.203364
-9.612027,23,17.174284
-15.558785,18,18.991608
-17.011965,14,20.546438
-8.424927,21,22.386658
-6.279602,27,24.519371
4.846292,34,27.351521
-9.502447,28,29.49752
-7.825387,31,31.881592
-16.654343,20,33.621002
-11.515158,26,35.707138
-8.410244,25,37.685053
-14.92711,17,39.406597
-10.687512,25,41.584201
-15.204027,17,43.320563
-7.201008,23,45.301149
-16.117054,20,47.036187
-18.465972,14,48.518288
-17.697295,19,50.205066
-18.453106,20,52.032855
0.508042,39,54.782727
-8.798953,32,57.266015
-19.273119,18,58.854702
-4.221703,28,61.332788
-17.76796,18,63.102054
-8.806628,24,65.118115
4.69458,32,67.71059
-9.307054,27,69.95037
-7.899861,28,72.185687
-15.941257,20,73.957372
-15.081034,20,75.760266
-6.76535,19,77.600632
-18.406008,14,79.033861
-16.804389,24,80.986393
-7.973032,21,82.90051
-16.753733,15,84.618492
-5.820421,27,86.871067
-17.735827,25,88.904983
-19.093687,16,90.473799
-16.620395,19,92.214622
-18.491338,16,93.805211
-18.008317,18,95.48839
16.857575,43,98.586335
-16.780289,18,100.37096
-8.012478,22,102.374202
-12.468378,15,103.920427
42.88158,68,108.257933
-7.026767,24,110.570822
-7.605704,25,112.739864
-15.894164,20,114.517946
-16.329853,18,116.207497
-16.416765,18,117.855401
-7.192124,25,119.985039
-6.404054,20,121.901761
-14.727758,21,123.733988
4.404252,30,126.223659
-13.41649,16,128.11743
-14.969334,19,130.118536
-17.693895,17,131.720998
-6.726385,17,133.603746
7.966357,36,136.522312
18.882,38,139.915038
-4.94248,12,141.968334
-7.244439,25,144.152609
-14.489389,13,145.955033
5.428226,35,148.642275
-9.695491,26,150.841467
-7.474506,17,152.790078
-9.386285,23,154.890771
6.106376,25,157.537721
-7.712832,25,159.586967
-16.734381,16,161.206196
-17.041367,16,162.873531
-14.861392,19,164.668575
-19.361049,16,166.291043
-16.996382,18,168.027407
-8.097025,22,170.035084
-17.220351,16,171.661566
18.322124,54,175.503621
-6.547778,21,177.706795
-19.158816,12,179.355196
-15.310942,16,181.46631
5.389543,31,184.608309
-3.055515,29,187.014134
-17.412668,18,188.704319
-18.981674,15,190.237017
-15.862148,20,192.005285
-17.675641,19,193.704641
-7.640888,30,196.021886
26.288597,64,200.153615
-18.842517,15,201.737924
-18.313862,18,203.378931
3.067509,35,206.072605
-2.97514,35,208.906059
-16.609965,18,210.622533
-19.363814,13,212.159091
2.635521,35,214.772537
13.595056,54,218.403178
-18.950947,15,219.931343
-18.373944,16,221.45535
-7.751008,22,223.337179
18.329974,42,226.573915
-15.176067,19,228.321396
-7.982545,22,230.337322
-9.856633,23,232.338162
-18.628649,17,233.972823
-17.123075,16,235.891154
-16.836239,18,237.648263
14.164748,49,240.840956
-15.27063,20,242.593215
-8.873544,35,245.287621
-15.111754,21,247.073333
-16.931504,15,248.60894
-19.016036,19,250.341047
-9.66821,27,252.46013
-16.256109,22,254.290126
-8.188343,20,256.158003
-16.637785,18,257.964688
-19.47533,16,259.506505
-7.376001,24,261.604107
-17.537002,16,263.173702
-5.343371,32,265.667678
-6.323456,32,268.22308
-16.623554,17,269.926019
-9.186066,25,271.987332
-18.402501,17,273.593647
-18.390198,17,275.223633
-15.561972,20,276.99036
-18.600353,18,278.625379
-8.919291,27,280.694419
1.556026,44,283.741034
-17.170763,19,285.45429
3.86332,39,288.206665
18.904258,54,291.913854
-6.536353,31,294.256272
-14.672892,17,296.080818
-16.784039,20,297.789798
3.431328,41,300.624957
-16.491526,21,302.52588
57.737693,77,307.171616
-7.976269,25,309.174718
-18.867895,15,310.695221
-12.853992,19,312.467354
4.472159,36,315.242887
10.943401,41,318.241014
-18.712949,15,319.792379
-8.507863,22,321.707794
-16.612771,17,323.297515
-18.581557,17,324.874161
-8.419942,21,326.694936
-9.082421,23,328.728484
-7.735727,24,330.906241
-16.90706,17,332.508454
27.9876,55,336.080181
-7.2334,23,338.090521
-10.650497,24,340.156046
-9.831638,27,342.286187
-19.114134,19,343.994914
-15.34488,18,345.686077
-0.084784,33,348.237355
-15.964861,17,349.83856
0.612703,38,352.577008
-16.387654,17,354.248889
-9.08037,25,356.267978
-16.548132,17,357.880015
16.432354,47,361.187574
-10.729291,24,363.174991
2.870129,40,366.009179
-8.208501,21,367.809517
-16.354859,17,369.437057
-16.634015,19,371.135948
-11.268063,22,373.08462
-7.853756,29,375.340051
-16.156152,18,377.071492
-2.948626,33,379.664703
-17.21692,17,381.283466
-7.568926,22,383.212128
-19.433097,16,384.769267
-14.639213,21,386.590996
-7.204639,22,388.535335
-16.859809,18,390.131121
-17.738346,18,391.781555
16.795829,48,395.087143
29.73857,50,398.471531
-10.970511,25,400.530834
-8.043557,28,402.735192
-8.353416,23,404.66622
-17.02867,20,406.395024
4.944949,33,408.85963
18.78332,41,412.122765
-6.923394,28,414.291299
-4.572968,30,416.660728
-9.138814,27,418.911591
15.817665,54,422.462596
27.081029,46,426.061726
78.676136,51,430.063772
-6.137641,21,431.963185
-5.682678,19,433.834241
-12.471328,15,435.797444
-7.111018,25,437.914771
-14.92603,18,439.615107
-17.45212,15,441.179618
-16.879687,14,442.735467
-18.242046,16,444.410886
-17.729642,16,446.014599
-8.804866,28,448.331704
16.302067,49,452.094629
-14.693939,18,453.830352
-16.00046,12,455.463766
3.485276,29,457.95192
9.163776,44,461.494327
5.768021,32,464.143887
-6.413594,25,466.478315
-12.094942,17,468.312097
-6.525982,25,470.535438
-19.00361,13,472.018524
46.474726,57,476.005637
63.784435,80,481.693161
64.45534,68,486.4941
49.796129,49,490.26187
67.785916,62,495.016104
71.909195,48,499.275101
51.201472,45,503.451988
68.952485,51,508.110146
50.427121,42,512.054559
67.362395,55,517.044989
69.94142,48,521.513654
-5.423985,13,523.431916
68.135578,62,528.03168
71.266113,62,532.699961
71.038349,60,537.197803
69.479323,60,541.648768
73.556904,53,545.816011
73.123193,45,549.876523
72.032827,46,554.205552
70.705836,52,558.862902
72.687841,46,563.232809
70.795879,57,567.580627
71.621752,62,572.180534
69.075389,57,576.653986
73.935415,48,580.964584
72.786401,47,585.294511
52.149563,42,589.190201
38.250834,39,593.235804
-2.107819,23,595.516374
71.629976,58,599.764953
73.069745,54,603.883533
69.331245,60,608.538864
71.438727,50,613.016025
51.562032,42,616.956412
-12.319908,14,618.729019
-3.374424,15,620.982033
12.106826,21,623.84626
72.921428,48,628.334461
70.379048,57,632.746032
71.586823,58,637.055137
69.065608,59,641.660248
74.207461,46,645.866338
73.596927,44,649.990696
-4.359617,18,652.074829
73.520982,44,656.499295
70.602811,50,660.81518
71.933567,62,665.38801
71.240291,66,670.339618
41.462771,47,674.289848
69.61519,57,679.405606
72.989024,50,683.992215
73.990787,46,688.734172
42.070056,51,692.651264
-14.595521,14,694.323241
70.404851,67,699.335023
72.307399,64,704.033985
22.75433,42,707.369992
65.622266,77,712.891903
73.065057,62,718.220217
69.891938,65,724.188898
71.777672,58,730.033804
70.791125,80,735.516267
74.312321,93,741.852958
65.329472,78,748.44358
62.736472,71,755.084192
69.605829,70,762.936381
67.538408,130,771.990776
69.376298,123,781.271507
69.003251,106,791.04943
75.926096,68,798.664949
66.08819,133,807.767298
53.464758,101,815.467368
69.690935,90,823.220572
21.825455,52,828.674526
19.995679,49,834.250258
-3.970993,14,836.487354
75.365049,72,844.653154
-2.711923,30,848.328936
-5.856733,23,851.421873
75.312557,89,859.038969
60.186716,112,866.892553
62.773134,135,877.234558
68.829349,87,885.453935
67.790192,129,894.087372
69.927113,89,900.280197
68.947962,87,907.499158
26.507894,47,912.37102
-5.815757,26,915.602373
20.706527,40,920.37724
39.442354,50,926.340983
68.632426,69,933.930562
63.720054,98,943.072165
68.731687,86,949.323705
65.65663,110,957.490196
59.982389,80,964.627088
67.473609,71,972.616984
51.002706,79,981.734742
34.745264,237,998.865067
61.271377,98,1006.871326
65.931691,74,1013.504367
47.494952,169,1025.762557
61.653684,99,1032.793226
65.448093,69,1038.725636
66.554847,76,1046.818705
4.904061,28,1050.347962
5.930517,31,1053.617503
63.812223,88,1060.076067
65.757439,81,1065.96418
60.126499,92,1073.491349
61.238437,63,1079.667633
7.466046,26,1082.9786
57.357793,118,1091.333202
57.182009,114,1099.874093
63.826627,96,1107.868358
69.676059,52,1114.187243
24.098226,27,1117.730282
7.195848,26,1121.065507
-5.161611,12,1123.078217
66.950673,63,1130.282565
65.186883,61,1137.227907
67.406298,55,1143.687241
9.035851,23,1146.766496
65.925175,71,1153.693674
65.226286,123,1162.162531
59.222972,112,1170.925538
56.499822,87,1179.207527
67.150049,75,1187.454811
-1.854075,30,1191.038864
64.062193,74,1199.156085
55.116723,106,1206.68565
54.988348,85,1212.264619
60.044105,104,1219.310999
59.152824,96,1226.009426
-0.010625,29,1228.686536
65.298125,72,1234.947366
62.460975,53,1241.039546
68.575245,59,1248.134283
8.192375,23,1251.162669
60.280558,102,1259.562907
59.301933,82,1265.615991
44.554299,70,1271.098683
45.460004,75,1277.629927
62.797226,68,1283.738284
71.166738,45,1289.235728
68.949775,78,1294.93123
50.267587,69,1300.115528
72.702291,70,1305.394853
63.133608,83,1312.438108
-6.012119,22,1315.082789
71.900903,46,1320.848277
34.85384,42,1325.985982
47.165212,57,1332.520148
40.672993,33,1336.784688
60.86926,60,1343.636605
63.630933,66,1349.483743
63.266183,72,1354.833036
65.708081,91,1361.514283
47.681173,71,1367.703545
64.93285,77,1374.913033
68.766929,46,1380.804314
24.342117,26,1384.30483
8.786124,26,1387.686369
67.4934,68,1395.35425
1.0112,18,1397.881367
0.085159,16,1400.294389
-3.773078,19,1402.934387
70.591058,51,1409.244238
-2.831636,17,1411.710709
-5.537452,20,1414.456378
62.674199,53,1420.794208
62.840297,46,1426.470164
12.897469,25,1429.712229
40.969822,43,1434.930865
64.004338,63,1442.155388
63.637432,54,1447.558285
58.523149,87,1453.887712
51.214593,65,1458.713385
63.638032,63,1464.142409
67.110877,67,1470.239855
40.769309,50,1476.079051
67.676281,57,1482.698396
55.480908,40,1487.751043
47.50875,55,1494.082583
66.829478,60,1499.304161
49.799118,62,1503.8623
48.939718,73,1509.15833
64.013777,70,1514.955308
49.430957,58,1520.122352
5.161384,43,1524.676573
20.988868,46,1530.0496
58.470016,107,1537.61336
56.117509,102,1544.837368
53.52319,161,1555.701117
66.458528,62,1561.148379
10.771439,52,1566.021336
29.926637,69,1573.456644
66.543313,80,1579.758943
59.27713,132,1588.740484
63.822256,92,1596.558462
63.184735,68,1603.859688
47.023666,68,1611.374183
21.599714,34,1615.534173
4.461329,32,1619.44564
-3.16113,22,1622.40532
22.87306,32,1626.521543
36.867244,69,1634.065319
50.274468,50,1640.005582
45.529047,79,1648.432589
54.114182,144,1658.556608
65.624265,81,1664.794062
64.215517,80,1671.643255
44.787562,84,1680.649333
23.251192,29,1684.522978
52.031137,38,1689.23277
62.730522,76,1697.492115
37.63619,57,1703.711776
58.844006,114,1711.776326
57.524496,131,1720.676821
46.533244,104,1727.877502
65.726045,88,1734.414883
56.540318,94,1742.168472
63.110941,108,1749.009952
62.371481,100,1755.427569
51.715763,89,1761.43223
66.393201,91,1767.678844
63.344375,103,1774.677627
67.259935,89,1780.830546
66.25672,83,1786.643497
60.183334,101,1793.810342
41.733499,90,1801.565581
69.718034,84,1809.999284
61.688984,88,1816.363828
46.768216,110,1824.215323
65.789444,77,1830.88608
54.22989,62,1837.405866
6.704712,34,1841.484901
36.762102,58,1847.937247
13.801775,31,1851.758358
35.241855,48,1857.299518
32.176815,64,1864.399609
36.468377,67,1871.806415
-4.573809,18,1874.376045
50.081131,89,1880.867527
56.504582,125,1889.45584
50.015617,80,1896.416136
64.921907,57,1902.93438
45.796798,70,1910.626651
51.696162,64,1917.910552
32.599377,59,1924.519813
68.025176,76,1932.775836
63.001226,101,1941.282469
67.291162,91,1947.781416
69.187317,74,1953.739275
33.807521,54,1958.531412
68.288358,58,1965.073423
68.640208,52,1971.531208
65.790664,58,1978.439055
61.709182,68,1984.228925
57.128473,113,1992.095066
44.431535,50,1996.382538
63.909596,77,2003.169899
13.300406,39,2007.767754
68.65561,76,2016.109007
67.482909,62,2023.166798
44.200399,60,2029.896635
25.623468,34,2034.213941
55.314518,49,2040.23672
54.960339,62,2047.375935
63.233556,78,2054.142142
59.620445,78,2059.02118
68.309987,90,2064.638234
68.463399,97,2070.566622
74.537049,75,2075.31692
69.244447,77,2080.187071
69.340378,81,2085.487771
64.57108,88,2091.334981
59.835072,117,2098.505672
70.032527,72,2103.188267
62.576737,109,2110.005873
57.901252,102,2116.287165
63.947153,93,2122.020376
67.702974,82,2127.287246
65.86791,104,2133.835453
67.676533,77,2139.093632
45.706499,93,2145.122836
64.21453,104,2151.620494
58.582241,97,2157.989453
64.650096,102,2164.302875
71.909421,73,2168.988157
64.622253,96,2175.034789
60.954624,93,2180.921393
62.392855,99,2187.237874
68.160937,82,2192.521504
64.919818,106,2198.989363
65.128497,91,2204.691058
65.256186,99,2210.920807
69.876896,83,2216.105696
72.35086,71,2220.789877
69.722037,89,2226.671565
35.239698,51,2230.454772
61.50332,83,2235.688934
66.957528,80,2240.987911
48.202511,87,2246.848937
67.150246,99,2252.937834
65.258109,97,2258.90699
65.565542,83,2264.24415
65.770937,89,2269.993514
62.518964,93,2275.840629
71.614233,65,2280.322109
69.345291,86,2285.821707
62.383885,101,2291.990209
67.727492,74,2296.97219
67.225927,88,2302.539621
66.638161,83,2307.872385
69.314708,74,2312.75632
59.458455,123,2320.291408
69.586992,86,2325.746386
65.94997,97,2331.807822
68.40705,80,2336.77239
65.064334,95,2342.723459
71.644065,67,2346.991608
64.552136,95,2353.041993
66.614089,83,2358.562135
63.553061,101,2365.109194
-8.49545,27,2367.279956
66.658641,86,2372.610942
65.448549,95,2378.428767
67.292954,83,2383.675491
67.309824,96,2389.609744
63.494148,111,2396.46107
63.467115,91,2402.01044
57.004869,94,2407.861212
62.634897,114,2414.744344
68.163114,80,2419.727206
62.619892,107,2426.293375
63.764135,107,2433.225543
65.552992,102,2439.758979
64.910115,91,2445.429145
66.09093,84,2450.727622
66.257809,96,2456.692476
62.51167,106,2463.559675
67.488229,100,2469.728165
66.795679,91,2475.560169
68.798177,82,2480.746208
62.902869,110,2487.597489
68.116378,88,2493.062874
64.507555,95,2499.129511
65.107506,100,2505.365854
62.472671,99,2511.530747
59.180475,111,2518.433221
59.081974,120,2525.679949
63.255835,101,2531.847697
65.589205,95,2537.73236
61.890284,107,2544.445202
63.049121,93,2550.21584
63.495213,104,2556.579427
70.339526,82,2561.831275
64.934471,96,2567.797949
65.700313,90,2573.631774
63.158725,107,2580.382921
60.278613,121,2587.751381
69.227641,76,2592.599549
65.74528,98,2598.651372
64.687151,91,2604.347899
66.898472,100,2611.201806
61.982694,116,2618.367595
16.644131,68,2623.148456
41.199215,100,2629.4833
61.3283,114,2636.755527
63.053028,83,2642.833754
62.297443,101,2649.515084
-13.966092,13,2651.267253
68.055391,81,2656.818016
18.582383,65,2662.022186
61.613873,101,2668.365516
61.711759,118,2675.583491
65.717808,88,2681.385898
60.323101,112,2688.470292
69.523399,80,2694.085514
63.894969,99,2700.567436
59.839132,106,2707.568252
63.922248,91,2713.320967
66.661494,96,2719.174009
62.794252,96,2725.167538
59.654633,104,2732.001317
64.201431,109,2738.766466
63.804309,92,2744.420297
56.678429,121,2751.737473
60.284742,104,2758.534338
61.353889,96,2764.370269
64.258905,105,2770.768178
59.770976,125,2778.474792
68.806071,83,2783.77195
60.240028,121,2791.035768
66.516251,93,2796.974243
69.825747,85,2802.239174
69.545537,84,2807.556284
62.112386,101,2813.722825
60.323105,112,2820.821368
57.440714,121,2828.2726
56.262746,110,2835.322393
63.079575,112,2842.321163
56.815357,109,2849.240371
63.181616,111,2856.422587
59.446178,101,2862.89228
66.426687,84,2868.837704
61.289401,114,2875.705019
67.082664,91,2881.508834
-5.006439,37,2884.613554
62.605769,94,2890.839044
62.977972,93,2896.606221
60.883446,115,2903.805742
69.959673,67,2908.188532
62.437904,86,2913.508995
64.4601,93,2919.488454
69.129344,84,2924.858444
65.414384,92,2930.640218
68.786615,71,2935.289207
64.750034,99,2941.391899
68.05568,72,2946.056613
67.94978,85,2951.741946
65.324404,102,2958.008854
67.671526,89,2963.925323
63.950078,98,2970.393117
67.357871,79,2975.560298
68.093873,93,2981.623823
64.805644,94,2987.440084
62.44607,107,2994.342513
66.888792,84,2999.694404
68.322046,73,3004.39198
67.205761,82,3010.395347
67.393277,81,3015.843374
66.011384,93,3021.808085
64.423658,83,3027.041364
71.213603,73,3031.692468
69.570188,73,3036.526657
69.899917,67,3040.74361
66.871017,92,3046.629717
64.065986,102,3053.295818
64.807139,92,3059.393875
67.630585,84,3064.531848
71.209634,74,3069.294248
67.411583,90,3074.844051
66.843371,91,3080.445814
65.327402,88,3086.461325
63.112846,88,3091.927954
64.10826,97,3097.778046
69.663829,88,3103.260296
66.454652,88,3108.845001
67.903275,78,3113.947903
67.787752,75,3118.731375
66.44057,90,3124.527578
65.608144,85,3130.213276
63.289427,84,3135.576926
67.418474,88,3141.24673
44.161743,78,3146.352419
66.036418,83,3152.612297
64.423473,99,3158.678452
57.806691,114,3165.684791
70.922218,65,3170.215449
61.759864,113,3177.297385
68.788761,76,3182.228449
67.109267,81,3187.727594
65.308952,98,3193.895117
66.242006,85,3199.182005
69.520693,75,3204.165712
64.80827,103,3210.579153
69.660525,80,3215.833759
66.327402,101,3221.950301
71.058098,78,3227.01712
65.703332,90,3232.398741
67.381678,79,3237.921894
65.522788,94,3243.735981
66.594904,98,3250.131862
64.288524,92,3256.081669
66.250278,89,3261.648424
58.296776,122,3269.067611
62.361189,104,3275.566945
63.647326,94,3281.499517
62.972765,110,3288.464573
68.350201,89,3294.502649
63.130273,116,3301.533766
62.495191,104,3307.936248
68.721159,82,3313.571111
63.269186,102,3320.036253
64.999965,97,3326.236076
62.191905,109,3333.232746
68.982436,78,3338.401325
62.962433,101,3344.825626
69.268568,78,3349.966997
68.014815,82,3355.218016
66.496702,79,3360.449951
66.135214,88,3366.052224
68.55259,79,3371.051216
69.238778,76,3375.935633
69.86499,68,3380.550224
64.42419,89,3386.067981
59.819721,107,3392.735519
66.34607,91,3398.568886
32.455026,65,3403.383645
64.083059,99,3409.687129
64.4303,95,3415.620703
63.51387,91,3421.337523
66.983178,80,3426.624116
61.132392,97,3432.738841
63.653307,89,3438.988097
68.649591,86,3444.303855
67.612605,79,3449.302541
64.952256,97,3455.5868
64.231874,95,3461.635809
60.052018,71,3466.574254
65.101202,96,3472.706106
63.826542,84,3478.056925
68.291372,89,3483.869955
67.048738,94,3489.80401
60.443484,119,3497.306449
63.055078,84,3502.922834
66.643853,78,3507.970696
67.22514,86,3513.313479
68.752326,83,3518.865515
66.142143,92,3524.840762
67.250299,87,3530.34234
65.719949,100,3536.438266
34.667287,73,3541.143422
62.630154,95,3547.090335
65.823974,86,3552.504674
63.409029,84,3557.77536
67.498519,88,3563.478459
67.894116,85,3568.672153
63.05987,98,3574.813829
64.526249,111,3581.5723
65.994944,133,3589.646371
62.469914,111,3596.544464
63.319086,103,3603.408459
66.138928,100,3609.643969
64.0764,121,3617.090986
68.39329,88,3622.540945
66.521113,91,3628.24272
62.642859,110,3634.891768
69.093181,89,3640.293006
61.982717,105,3646.725363
66.512363,78,3651.766033
65.025516,86,3657.212103
63.702207,103,3663.811506
-6.242596,26,3665.944672
64.018401,94,3671.675839
66.819798,74,3676.742818
20.54166,42,3680.127026
67.709623,89,3685.811336
62.349686,100,3692.597872
62.535819,106,3699.195988
66.484999,98,3705.329477
60.316358,120,3712.679775
61.070218,109,3719.233254
31.990991,65,3723.654843
65.294127,94,3729.476797
65.77091,89,3734.909353
61.730275,127,3742.343317
63.111861,98,3748.727505
69.087489,77,3753.939373
65.612704,93,3759.534891
64.238839,111,3766.284303
64.081337,100,3772.396796
65.117371,88,3778.962696
32.752435,67,3783.771155
63.116709,103,3790.178296
60.304369,116,3797.464886
62.796871,99,3803.515321
64.445218,97,3809.662652
63.543447,105,3816.340186
65.111093,103,3822.679489
66.161699,100,3828.866509
63.084867,103,3835.282333
67.832137,98,3841.494164
65.181027,91,3847.162595
64.48355,95,3853.337535
67.23664,80,3858.43182
66.180542,82,3863.879863
68.275906,72,3868.915443
64.456249,93,3874.684364
61.942773,108,3881.34691
65.46312,84,3886.614491
63.750873,96,3893.233804
67.570768,75,3898.11718
65.80608,93,3904.197954
64.494034,94,3909.88655
63.479831,93,3915.701492
69.383571,88,3921.248505
67.110849,103,3927.60173
67.328676,89,3933.198576
66.445224,95,3939.199402
64.165927,100,3945.448979
64.476748,105,3951.901675
65.067756,98,3957.999949
63.322026,98,3964.050219
64.168075,93,3969.816949
62.382226,99,3975.956228
57.770697,124,3983.36614
17.629012,45,3986.909457
65.94907,95,3992.987456
68.975784,74,3997.903617
67.259595,92,4003.869157
68.542192,89,4009.634868
60.332827,107,4016.187204
64.409991,88,4021.785868
61.433768,95,4027.637725
62.334238,94,4033.55107
59.312992,116,4040.634423
66.719152,84,4046.057807
66.647802,98,4052.271106
64.747011,98,4058.75188
62.467115,112,4065.688524
62.531485,97,4072.16055
68.138417,76,4077.187354
65.428588,95,4083.107534
64.152272,95,4088.902366
63.098064,99,4095.305352
-2.539278,37,4097.938651
61.892585,112,4105.005039
69.058726,70,4109.705262
71.271905,85,4115.940644
59.918884,120,4123.572223
65.388273,91,4129.655493
67.679552,77,4135.103013
60.582882,91,4140.573816
62.459321,107,4147.855855
60.824263,119,4155.004431
63.958423,98,4161.058947
66.045965,94,4166.859761
65.695823,96,4172.92488
62.682108,101,4179.859314
61.509961,88,4185.259088
66.9388,83,4191.006249
64.059364,97,4197.009352
64.630032,106,4203.441242
65.641734,88,4209.373645
66.9469,87,4214.81076
65.00068,94,4221.192253
64.398933,88,4226.858727
64.452316,88,4232.724567
65.108599,93,4238.4232
66.937801,103,4244.606456
60.65519,131,4252.492389
61.983113,109,4259.276402
60.418548,129,4266.976574
65.383989,96,4272.792578
68.539464,78,4277.776435
67.603599,77,4283.596645
64.679949,102,4290.027132
65.623662,102,4296.126168
62.982298,101,4302.244639
66.174437,94,4308.077205
63.596871,117,4315.426361
63.548144,94,4321.529483
36.107797,72,4326.374664
62.875375,100,4332.475697
64.704887,92,4338.226959
62.641115,104,4344.696495
65.689189,94,4350.429955
69.807363,87,4355.915259
62.114379,98,4361.926559
62.215417,121,4369.145837
61.626398,112,4376.461483
66.86626,87,4382.013066
65.242441,96,4387.962699
66.09966,103,4394.396836
65.031148,100,4400.828723
65.135663,112,4407.53338
64.787966,91,4413.266979
70.286487,86,4418.762341
70.494519,74,4423.51255
62.222398,76,4428.746346
64.266926,103,4435.014902
62.356966,99,4441.031416
70.584193,63,4446.047576
64.602921,104,4452.349262
61.948432,126,4459.796557
61.860627,123,4467.316256
64.430102,92,4473.399152
64.597008,105,4479.797965
66.814253,84,4485.247538
60.673725,120,4492.963187
65.074982,105,4499.647369
67.594132,83,4505.467084
68.176124,89,4511.103016
66.199671,82,4516.550044
69.866177,65,4521.0179
66.234017,79,4526.181943
64.315835,99,4532.434851
64.932109,90,4538.349604
65.39599,97,4544.47251
66.755877,73,4549.365033
63.87788,97,4555.387198
63.64619,106,4562.300796
66.969198,93,4568.171307
66.189199,92,4574.066736
66.651401,87,4579.520081
64.51151,107,4586.316506
62.487858,87,4592.282058
10.748776,45,4595.806022
61.249488,95,4602.101557
64.94169,105,4608.753908
65.815784,117,4615.800497
64.627256,89,4621.45198
67.831038,108,4628.1389
63.466529,104,4634.771013
63.588594,91,4640.38325
66.881252,99,4646.47011
62.951781,100,4652.587168
-16.992176,9,4654.07626
62.260068,118,4661.18412
66.379774,85,4666.519337
68.114144,93,4672.372688
64.397911,112,4679.270248
66.170516,95,4685.240046
66.657658,97,4691.370729
66.578041,95,4697.339415
64.019401,117,4704.471714
65.712298,105,4710.871736
65.892602,96,4717.122472
62.893187,100,4723.219581
66.360393,87,4728.771487
61.467844,120,4736.419516
63.621257,104,4742.924438
64.703659,109,4749.739542
63.554498,111,4756.656538
64.601338,109,4763.473547
58.897275,131,4771.624935
63.419821,99,4778.153872
64.720956,98,4784.108495
64.224894,112,4791.277139
66.404721,90,4797.409252
60.357488,114,4804.405522
64.070913,98,4811.730243
64.317563,102,4817.924009
42.315046,102,4824.819327
62.513097,116,4831.839429
66.133512,94,4837.625772
65.654131,107,4843.996673
67.347095,85,4849.325423
66.122768,106,4855.927846
65.226417,107,4862.473587
66.100206,99,4868.775646
64.940933,91,4874.808861
62.879168,100,4881.059293
65.33595,94,4887.207684
62.514292,113,4894.056494
62.67462,110,4901.058772
65.689411,100,4907.409914
56.379035,64,4912.313974
7.62263,42,4915.450986
65.531475,97,4922.065217
63.974463,103,4928.659129
67.636178,95,4934.809945
65.37876,73,4939.86067
63.85491,91,4945.660768
69.917004,92,4951.312105
66.978357,80,4957.031004
62.04211,100,4963.160136
65.514731,96,4969.129624
64.724314,97,4975.260002
67.708359,83,4980.578806
66.880779,88,4986.060796
68.450381,89,4991.579358
62.331842,121,4998.945247
61.682351,100,5005.215571
67.373049,100,5011.376514
67.275478,103,5017.812772
66.012609,107,5024.562463
63.289491,79,5029.762424
66.604909,90,5035.545326
69.257125,66,5040.279486
65.595246,106,5047.143978
66.273215,86,5052.76777
-0.073052,38,5055.63638
-15.487079,14,5057.398902
61.980922,105,5063.85025
64.45001,106,5070.411793
63.430189,119,5078.063869
67.725788,91,5084.032499
62.365333,99,5090.183448
65.186576,102,5096.751053
59.708708,123,5104.179287
64.983872,109,5111.38257
66.917474,90,5116.930954
61.235479,123,5124.781769
67.994511,92,5130.531752
59.893274,101,5137.051102
64.620234,101,5143.36588
64.230807,103,5149.997471
13.111628,37,5153.471437
66.003508,104,5159.980821
67.390079,89,5165.533314
65.755072,104,5171.914412
63.457185,109,5178.70162
68.255937,72,5183.735667
66.098002,114,5190.782053
64.651835,106,5197.55656
63.58424,105,5204.200915
58.479167,127,5212.03275
65.323943,93,5217.787056
67.503282,80,5222.834822
65.702679,101,5229.301198
65.151557,99,5235.335214
64.330751,93,5241.285727
67.863768,86,5246.737865
70.415353,68,5251.234052
67.726402,87,5256.858721
66.993149,83,5262.519163
66.566546,104,5269.30388
68.164892,79,5274.604463
64.8207,102,5281.403075
63.96159,101,5287.854815
63.545689,96,5294.104343
69.390104,77,5299.322572
64.893667,105,5306.172954
62.483697,100,5312.48507
64.987468,99,5319.020381
47.718155,85,5324.699624
62.130039,107,5332.169487
45.37187,90,5337.806098
66.989036,101,5344.487497
64.556626,114,5351.637835
63.155776,115,5358.507406
66.034477,113,5365.387328
68.195749,94,5371.057777
65.031803,86,5376.386551
65.202502,88,5382.062763
64.666691,105,5388.30392
67.729134,93,5394.00411
61.968937,107,5400.607509
65.572121,101,5406.854649
65.927918,101,5412.889433
65.369198,100,5418.972596
65.674519,92,5424.788645
65.753705,96,5430.806828
67.195112,95,5436.789296
65.333911,88,5442.440197
64.769028,114,5449.30797
60.473915,125,5457.192673
67.842284,100,5463.623569
65.558074,108,5470.207106
67.943885,87,5475.538486
-16.030081,18,5477.162526
64.045609,99,5483.355281
65.744971,95,5489.205368
62.121757,115,5496.142213
64.504408,104,5502.592367
62.659808,111,5509.690489
64.053801,106,5516.124488
67.342766,94,5522.024659
65.962188,100,5528.140861
66.862787,77,5533.525383
67.018794,108,5540.174709
63.835547,104,5546.974219
34.508143,96,5553.248133
64.75549,98,5559.544771
56.271985,108,5566.347111
66.117174,106,5572.975782
67.283897,101,5579.326797
18.284151,61,5583.596604
67.47773,99,5589.826675
64.526817,111,5596.54319
69.056395,85,5601.976291
65.711597,108,5608.459234
66.405237,89,5614.059579
64.573539,96,5620.079889
68.507401,84,5625.476766
67.02758,98,5631.528078
66.298621,99,5637.932194
67.041562,99,5644.329654
65.814673,117,5651.730384
61.808547,109,5658.45997
66.979176,86,5663.814151
68.253939,81,5668.979485
67.697431,87,5674.662842
65.401461,89,5680.330195
60.416721,94,5686.896525
46.837974,91,5693.02745
68.569968,86,5698.661848
40.951783,67,5703.434689
64.788706,99,5709.929854
66.001128,91,5715.833087
67.675768,88,5721.735199
67.396905,93,5727.528285
65.245141,87,5733.232327
65.873985,104,5739.696915
64.608491,109,5746.379314
62.651787,111,5753.43063
7.81537,38,5756.616282
64.592125,85,5762.191292
65.149738,81,5767.297151
68.42982,88,5772.851204
68.612338,82,5778.300191
66.696279,94,5784.250166
69.152845,86,5789.665685
68.936702,80,5794.984916
45.606848,77,5799.986829
65.234419,110,5806.900089
64.651841,120,5814.300103
65.354614,114,5821.248453
67.19409,100,5827.565947
62.73859,103,5833.950351
65.63432,109,5840.615499
68.204139,76,5845.46673
67.97876,97,5851.717413
64.143373,91,5857.434558
69.180368,86,5862.766207
68.17815,89,5868.350894
67.090751,97,5874.300807
68.678886,83,5879.46898
68.462843,104,5885.870291
64.711304,77,5890.751704
66.224971,90,5896.504883
67.138184,91,5902.35143
63.795205,120,5909.753594
68.266766,103,5916.118238
68.677166,87,5921.814941
66.51451,89,5927.31958
64.383484,112,5934.556114
64.945039,107,5941.488479
66.006381,97,5947.534753
68.780102,76,5952.368545
70.208096,76,5957.518346
66.219819,107,5964.219258
67.309273,92,5970.019853
70.053596,84,5975.505495
70.024295,75,5980.688306
57.536969,115,5987.955776
67.752124,90,5993.523934
67.295378,94,5999.337224
66.013782,95,6005.32257
63.958578,111,6012.190912
66.59153,107,6018.777276
68.394952,104,6025.245156
69.332949,80,6030.48971
65.9445,92,6036.358954
65.875076,81,6041.588141
67.404082,83,6046.706923
67.309742,90,6052.791481
62.706249,100,6059.089026
67.520867,99,6065.310977
67.419961,84,6070.538531
66.885257,94,6076.177027
66.89871,92,6081.790612
65.610391,94,6087.694411
63.809895,105,6094.444425
65.738431,110,6100.890721
67.350798,100,6106.992226
62.309829,128,6114.990045
66.66576,98,6121.231698
65.380113,96,6127.525223
66.059936,112,6134.575345
67.77715,95,6140.967659
69.133759,71,6145.74495
68.401949,89,6151.359723
63.421856,91,6156.975039
69.96788,77,6162.095284
-15.790463,15,6163.999797
62.951901,94,6170.027168
63.618593,107,6176.748034
66.052032,98,6182.946462
62.876126,116,6190.377583
66.943049,82,6196.251525
63.607972,101,6202.463143
-14.627323,17,6204.361877
68.756228,92,6210.378533
66.408839,80,6215.760588
68.717384,89,6221.314052
70.250908,85,6226.816904
70.754939,87,6232.56
68.154453,96,6238.511793
65.325847,112,6245.480088
67.397371,97,6251.51041
66.353899,90,6257.263154
68.842356,81,6262.482661
67.591491,106,6269.228531
68.703927,92,6275.030258
66.702528,93,6280.983284
67.364344,91,6287.234357
64.251126,103,6293.582277
66.875082,90,6299.382436
69.711596,97,6305.363259
64.025698,107,6312.130012
62.958281,98,6318.380353
67.573666,95,6324.115319
66.81717,108,6330.816839
67.429503,100,6337.114707
67.290823,93,6342.965712
62.647359,79,6348.342711
66.497099,98,6354.59851
61.998446,100,6360.737902
62.882394,107,6367.233662
65.12939,107,6374.033976
66.731496,88,6379.483026
64.970553,111,6386.184693
67.883898,92,6391.989201
67.493038,92,6397.682821
73.45934,88,6403.098593
66.458649,93,6409.469472
66.399202,95,6415.416557
67.286136,100,6421.718959
67.082546,86,6427.068818
68.401172,93,6432.932615
33.497789,79,6438.468717
65.768403,97,6444.416963
68.142149,88,6449.985369
66.923919,93,6455.968182
66.999249,105,6462.218283
68.248643,80,6467.519715
60.532306,99,6473.669515
35.557582,48,6477.503411
64.206225,105,6484.001956
66.442772,100,6490.26835
68.715334,79,6495.401958
67.91638,84,6501.323944
67.305108,88,6506.909547
63.81348,118,6514.17263
68.257346,94,6520.154052
71.325241,89,6526.003734
64.486679,109,6532.955868
68.674675,76,6538.356586
71.206183,118,6545.586059
67.844519,93,6551.37075
70.064244,94,6557.253327
71.100188,83,6563.121362
68.477579,90,6569.021855
68.773987,88,6574.723275
67.305997,112,6581.928523
70.119953,88,6587.672851
67.811463,88,6593.223345
71.1108,95,6599.156337
67.571538,79,6604.139052
69.348993,84,6609.840577
63.72241,113,6617.122719
65.111915,91,6622.924353
66.586152,92,6628.673895
68.152961,87,6634.122033
65.775304,88,6639.623264
70.299321,82,6644.743736
66.700042,87,6650.224121
68.381873,95,6656.024372
67.974361,98,6661.8932
73.576013,107,6668.542701
68.968053,95,6674.646461
66.213102,101,6680.999758
67.424197,96,6686.941315
69.135872,93,6692.775887
67.367262,91,6699.092193
65.182488,96,6705.094696
67.258485,91,6711.023299
65.919315,89,6716.716267
68.007063,98,6722.825973
65.616453,108,6729.39309
67.987896,103,6735.824799
14.194904,38,6739.048211
70.788322,87,6744.95846
69.289536,78,6750.071254
71.728512,76,6755.425436
64.240279,102,6761.809802
69.788146,90,6767.425535
68.068099,108,6774.296032
69.826624,92,6780.06061
65.428096,110,6786.760855
69.839399,88,6792.381637
66.807192,99,6798.610304
67.635568,90,6804.159861
66.210918,110,6810.845875
68.25673,105,6817.227419
68.053885,96,6823.212702
69.585185,91,6828.962811
65.874849,102,6835.162795
70.640417,90,6841.061836
68.140106,84,6847.061051
66.920758,103,6853.580646
69.068349,96,6859.511413
20.620457,53,6863.449811
65.791742,105,6870.016502
63.712444,109,6876.666389
59.700212,145,6885.495754
71.194568,78,6890.606987
68.028177,98,6896.7474
66.88775,94,6902.465319
64.220393,86,6907.895934
67.053507,102,6914.266356
66.285962,99,6920.847359
64.255487,113,6927.647836
68.313445,92,6933.468208
67.057,80,6938.549615
20.52635,43,6942.636669
70.391536,91,6948.616053
71.683588,93,6954.446816
61.777093,72,6959.720551
68.484108,81,6965.334192
68.451272,92,6971.38355
66.414585,99,6977.414898
66.170632,101,6983.720639
69.684637,92,6989.497688
67.836163,100,6995.764383
71.170596,85,7001.636276
71.144126,81,7007.133181
69.384259,92,7012.900802
67.697072,109,7019.850614
67.326395,115,7026.932395
68.079959,95,7032.818319
66.367835,118,7040.251938
64.426529,126,7048.00344
67.690453,125,7055.638236
69.736696,86,7060.953191
70.269526,86,7066.418467
74.183356,68,7070.721188
67.398684,97,7076.601088
71.219601,70,7081.16884
68.076937,110,7087.851447
64.322561,74,7092.634379
65.391998,104,7099.052076
70.481992,89,7104.58486
69.057105,87,7110.052484
70.070284,83,7115.370651
66.451587,112,7122.253117
70.754013,91,7127.97016
71.118962,112,7135.037417
70.976566,75,7139.852115
67.06339,82,7145.504814
63.526206,108,7152.254721
70.812649,86,7157.803792
73.046211,72,7162.52112
71.786149,81,7167.736005
70.710173,69,7173.075424
68.29176,87,7178.455293
68.189257,84,7183.87222
71.280445,95,7189.923296
67.251192,98,7196.655538
67.394666,92,7202.520785
59.498996,101,7208.942601
67.118855,87,7214.490591
67.373308,91,7220.170203
69.489245,85,7226.170414
68.192244,96,7232.084977
66.987222,113,7239.255602
70.668049,95,7245.257497
69.153628,90,7250.874685
69.803168,78,7256.038036
68.973523,109,7262.876475
71.515685,85,7268.223206
67.055075,102,7274.539849
70.466599,92,7280.474447
69.507738,80,7285.692681
73.399851,71,7290.49195
68.654466,78,7295.541468
69.723983,100,7301.623957
72.140547,92,7307.293527
70.447399,85,7312.796222
68.701455,97,7318.778789
67.817849,91,7324.841703
72.159845,95,7330.644071
69.657587,100,7336.742321
67.627838,93,7342.510858
69.975783,91,7348.159154
64.729545,104,7354.574764
66.48417,99,7361.011359
63.046095,90,7366.727616
67.293772,112,7373.578739
69.65427,77,7378.578484
69.25355,95,7384.713035
68.962493,96,7390.726643
69.687683,96,7396.92783
66.092111,96,7402.94533
65.068983,69,7408.146134
70.797448,86,7413.463863
66.805933,86,7419.061548
69.546283,106,7425.462452
66.90437,85,7430.713746
68.851725,91,7436.512854
69.667121,78,7441.459856
65.294111,104,7447.845635
68.136328,89,7453.461329
66.893128,95,7459.529554
69.629382,85,7464.998994
70.629245,96,7470.96221
63.482447,106,7477.380385
52.289946,63,7481.950334
67.79743,101,7488.277806
68.608199,92,7494.031907
68.960458,92,7499.979387
66.839599,94,7506.146451
66.337627,112,7513.062634
68.977439,87,7519.198159
66.547858,93,7524.946946
69.932344,75,7529.664775
65.192844,75,7535.001889
-5.266248,19,7537.016161
70.27854,115,7544.164062
66.630544,81,7549.336792
71.219166,91,7555.148046
72.162955,78,7560.064013
67.306438,100,7566.24962
65.262773,106,7572.846944
68.082338,100,7578.967868
72.932146,74,7583.717046
64.955769,90,7589.953407
68.753485,76,7594.815233
73.245776,86,7600.234541
68.142155,83,7605.866066
66.375288,108,7612.482512
68.365762,71,7617.719735
67.949878,100,7623.947594
64.882596,85,7629.683592
71.604035,87,7635.21844
68.748443,94,7641.082986
69.030273,89,7646.93949
68.553704,94,7652.786044
67.514304,95,7658.617753
68.355076,96,7664.783625
69.595268,90,7670.603005
68.664342,98,7677.218461
70.454468,76,7682.770327
69.774039,95,7688.83525
71.77569,84,7694.701748
68.565658,105,7701.320583
68.139925,92,7707.055501
68.748595,89,7713.053418
70.069872,92,7718.903327
69.2955,105,7725.554591
72.074585,75,7730.40479
67.638192,101,7736.856381
67.050048,98,7742.903736
70.780134,87,7748.693263
69.556781,80,7754.134948
68.528542,98,7760.387255
74.077657,86,7765.858232
70.732432,90,7771.552656
70.200349,97,7777.688717
67.387876,88,7783.254142
12.378663,41,7786.514006
64.213069,97,7792.702574
7.487355,38,7796.044189
72.328926,89,7801.908133
68.002719,100,7808.237149
69.323911,92,7814.153387
66.943066,110,7820.857046
68.42957,74,7826.159168
70.785413,85,7831.788768
69.478909,92,7837.858426
68.374849,90,7843.556237
71.197842,93,7849.920612
66.502854,93,7855.873725
67.456893,95,7861.975167
66.735981,121,7869.288817
73.059164,78,7874.305561
67.659668,91,7880.240489
61.678055,88,7885.944673
69.778116,81,7891.757802
69.4067,83,7897.127632
65.088461,104,7903.725563
69.917666,110,7910.689717
65.635196,99,7917.567742
69.742849,92,7923.72431
65.932016,114,7930.708081
69.301527,97,7936.874307
67.371595,101,7943.126202
65.017061,96,7949.009083
67.834482,100,7955.465447
70.135659,87,7961.432431
71.355336,92,7967.20958
66.092982,93,7973.194611
73.512807,116,7980.258603
69.972356,91,7985.711426
65.553121,94,7991.658238
65.526572,126,7999.41884
71.814049,75,8004.209162
67.575394,89,8009.864426
69.827968,99,8016.009742
66.426665,94,8022.162793
69.053405,94,8027.997718
71.560453,91,8033.658666
67.589062,88,8039.060375
66.071987,110,8045.560701
70.155758,79,8050.978739
67.201901,103,8057.312116
65.75899,102,8063.479137
69.587547,96,8069.277119
69.059688,99,8075.358316
69.267782,91,8081.18003
68.802162,96,8087.129413
70.258075,85,8092.563052
68.737564,96,8098.56197
66.176753,102,8104.949629
69.310058,90,8110.612543
61.604233,86,8116.198156
9.122398,35,8118.832518
70.408897,76,8124.212509
69.121432,94,8130.112493
71.161614,88,8135.78036
67.229992,106,8142.164691
73.097777,90,8148.186251
66.808848,99,8154.40137
67.839363,102,8160.730993
66.378602,105,8167.249368
67.35033,98,8173.334122
69.500549,97,8179.481708
69.309511,93,8185.229398
69.536385,79,8190.433017
68.144242,96,8196.664249
68.646631,79,8201.902
69.120012,88,8207.884169
69.688381,96,8214.156798
65.460032,112,8220.989835
68.22577,97,8227.283179
70.688952,85,8232.799043
68.029858,96,8238.881037
67.615255,92,8244.682718
69.923067,91,8250.434297
70.394741,98,8256.698818
68.667986,106,8263.268429
70.67119,90,8269.169354
68.719156,95,8275.533651
67.848565,107,8282.148968
69.225387,78,8287.150144
70.704608,95,8293.169539
71.198692,85,8298.520137
60.082511,108,8305.503297
67.080979,97,8311.502555
71.82619,95,8317.388079
67.629878,115,8324.46823
69.661669,94,8330.850568
67.332995,99,8336.851488
72.510853,84,8342.170059
66.894068,96,8348.152304
69.895826,90,8353.822465
70.141467,90,8359.517283
69.590508,97,8365.610027
63.824058,95,8371.440232
67.576317,82,8377.070506
73.037446,79,8382.154169
70.299623,79,8387.321228
69.710226,71,8391.941112
-2.652269,31,8394.594366
71.675136,73,8399.427184
72.358278,89,8405.206879
70.902191,81,8410.25451
72.278831,83,8415.5384
68.809159,97,8421.519774
72.731122,95,8427.469544
69.089765,78,8432.420534
68.483121,115,8439.57453
70.897848,79,8444.777275
72.331562,82,8450.00616
70.729781,91,8455.773242
70.912111,93,8461.555845
71.112399,79,8466.997456
68.953294,77,8472.026557
67.222502,87,8477.724425
70.738563,91,8483.471737
69.253635,92,8489.211308
70.075404,88,8495.376384
68.306442,95,8501.25521
65.491961,88,8507.192109
71.043056,99,8513.325376
70.984095,78,8518.323891
72.263729,90,8523.973947
68.079616,105,8530.576411
72.067744,93,8536.393544
71.469735,89,8542.326736
69.69051,90,8547.874052
69.533504,89,8553.472965
68.65022,105,8560.02459
64.020932,119,8567.226351
68.124875,100,8573.778986
68.408001,98,8579.92432
74.15647,65,8584.72967
71.062762,78,8589.696801
73.294602,87,8595.092749
71.959094,94,8600.993487
68.24646,94,8606.826419
70.824951,89,8612.34441
71.617805,94,8618.193655
69.883861,104,8624.509897
69.314385,88,8630.307688
65.016227,83,8635.841349
64.264408,118,8643.493574
68.414995,86,8649.261801
72.376539,90,8655.046856
69.905304,90,8660.61044
69.071776,84,8666.193392
69.771418,103,8672.459504
67.768961,97,8678.710151
71.150629,91,8684.348905
72.145079,77,8689.314375
70.411729,98,8695.616117
66.283023,100,8701.993767
68.125402,108,8708.648394
71.221822,90,8714.244953
70.124644,77,8719.466633
51.94977,71,8724.482654
69.715344,84,8730.144829
70.264064,84,8735.627967
69.711062,90,8741.410645
69.92606,92,8747.197468
72.099375,72,8751.860436
67.70045,89,8757.813901
69.136902,92,8763.842752
70.585853,107,8770.365085
66.835165,102,8776.733184
61.969746,97,8782.764271
70.283072,90,8788.665365
73.121077,85,8793.963449
68.510947,96,8799.998733
70.07642,91,8805.947077
67.225331,103,8812.315098
70.43658,86,8817.650714
70.132826,85,8822.967728
69.309938,98,8828.869591
32.804055,58,8832.769449
68.893896,99,8839.221085
70.502494,90,8844.815714
68.542387,91,8850.564761
70.743202,86,8856.019714
73.102924,81,8861.26763
67.073381,88,8866.884495
70.290661,88,8872.385099
68.888628,100,8878.849168
69.4603,76,8884.004498
68.591465,74,8889.399419
71.218851,89,8894.967374
71.818259,91,8900.670324
70.276056,82,8906.072464
70.172691,96,8912.150139
66.744341,97,8918.753159
71.509022,76,8923.902781
67.877045,94,8929.719266
68.515035,89,8935.438561
69.796847,73,8940.685047
69.512223,95,8946.650924
70.895896,75,8951.71776
71.748734,90,8957.40216
69.576167,95,8963.648189
70.702862,83,8968.934149
69.720931,103,8975.335877
72.464758,83,8980.435724
65.314966,95,8986.588689
73.130693,69,8991.438616
69.100827,94,8997.336802
68.578815,91,9003.26927
69.025418,91,9008.953468
68.568979,100,9015.210556
70.905171,77,9020.090906
12.470276,48,9023.679797
69.210272,94,9029.734457
71.40385,96,9036.104931
69.03482,89,9041.636794
68.265336,88,9047.604005
71.495409,100,9053.688774
67.834153,92,9059.489793
71.969626,79,9065.054123
68.735512,97,9071.220978
69.148211,108,9077.94199
70.018199,81,9083.556716
69.561158,102,9090.054694
72.185332,94,9095.905944
66.282972,122,9103.829927
70.908723,80,9109.627078
73.349349,66,9115.263487
71.356887,57,9120.414541
67.257982,87,9127.280443
73.184549,62,9131.979056
71.4022,69,9137.527772
26.58215,37,9141.0751
72.834771,62,9146.61657
73.803188,71,9152.958278
70.591215,65,9158.706155
70.680702,88,9164.577204
41.180523,64,9169.59583
61.301839,81,9175.414128
70.820566,72,9180.726996
72.047605,64,9185.58294
65.700395,71,9191.362366
70.767095,68,9197.32121
52.437024,42,9202.280212
69.797354,86,9208.126256
70.583196,83,9213.560923
70.664817,84,9219.64722
68.862452,89,9225.396783
72.395721,69,9230.360862
69.415462,78,9236.088088
56.951792,69,9241.728677
76.09579,52,9246.495485
71.136895,43,9251.801281
51.318635,52,9257.868257
73.552747,46,9263.494719
72.743378,61,9269.59581
68.165203,82,9275.54633
71.573193,73,9281.027327
72.194453,66,9286.67369
69.955999,60,9292.225098
71.213964,50,9298.362943
9.259891,24,9301.645254
67.758689,94,9307.897458
75.38686,71,9312.566233
71.04511,83,9317.816939
72.545142,77,9322.797033
71.916497,83,9328.330742
70.310079,107,9334.912728
71.033603,92,9340.848418
72.32788,82,9346.34596
69.286679,96,9352.787825
68.556011,78,9358.408347
69.447281,89,9364.332769
72.247635,77,9369.783327
69.795414,75,9374.981696
69.535065,85,9380.829118
70.299506,90,9387.282249
67.209028,77,9392.931659
68.082764,74,9398.229566
71.737366,70,9404.171199
66.737945,53,9409.274656
74.177274,54,9414.350361
73.258745,74,9419.878127
70.488383,85,9426.130734
71.11796,77,9432.732565
73.304239,50,9438.349141
74.138926,45,9443.820974
3.145661,17,9446.374291
68.519621,38,9451.271785
51.666771,45,9456.67679
11.379704,19,9459.402144
52.939078,34,9463.804168
73.827741,49,9469.852291
53.613394,37,9474.648626
39.972382,33,9479.048637
-0.347888,16,9481.498502
37.065579,40,9486.443371
14.097158,21,9489.423547
53.800045,51,9495.423668
-1.721834,21,9498.241282
40.196935,49,9503.826527
40.139204,51,9509.734713
71.323591,60,9516.752376
72.268818,58,9522.267637
72.778655,77,9527.97537
68.383284,74,9533.548843
74.240427,63,9539.017764
74.296186,61,9544.986629
24.50787,23,9548.158315
37.945699,45,9551.842921
72.899032,75,9557.185174
20.725404,46,9560.739946
69.639836,81,9566.822079
68.509157,79,9572.352062
72.450195,73,9577.767888
72.156278,82,9583.30756
72.457828,79,9588.656844
70.464831,96,9594.772191
67.319795,102,9601.170317
69.318646,93,9607.371025
70.888296,80,9612.987181
35.712084,63,9617.926086
34.997424,65,9622.776237
74.540353,79,9627.974989
71.844844,86,9633.590242
51.013193,77,9639.105787
71.648204,106,9645.837291
71.052787,93,9651.722179
71.680348,96,9657.788844
69.754707,88,9663.488457
71.599359,88,9669.056189
72.226318,91,9674.790882
69.881842,93,9680.608106
71.770774,82,9686.089688
69.917667,100,9692.371777
70.718712,85,9697.791512
71.093606,93,9703.641276
69.537015,85,9708.963403
71.876465,71,9713.54162
71.601078,91,9719.157148
70.582394,86,9724.642044
72.673204,79,9729.939554
71.911715,97,9735.988583
70.628605,85,9741.241825
75.042115,83,9746.44301
69.872679,104,9752.688203
69.949465,93,9758.488406
73.827276,86,9763.940295
71.671352,87,9769.342458
70.863128,81,9774.610286
70.393973,87,9780.055904
68.929559,97,9786.039601
72.522278,81,9791.407581
70.804318,101,9797.657292
71.005426,84,9802.959995
72.154246,86,9808.358316
72.340174,78,9813.25997
74.892176,77,9818.110399
70.187694,99,9824.190077
72.859963,84,9829.391784
71.655938,82,9834.609203
66.690196,106,9841.130998
71.647035,90,9846.625561
71.304045,89,9852.178057
71.703215,92,9857.777912
72.312612,93,9863.527216
70.152518,99,9869.559069
72.834392,88,9875.027956
73.751819,90,9880.561847
73.794896,83,9885.726931
70.142258,92,9891.458786
70.436822,95,9897.412313
73.627219,84,9902.726389
72.860374,81,9907.729079
72.63406,89,9913.377604
70.666058,95,9919.328597
68.122658,104,9925.726978
73.688609,97,9931.662931
70.749379,90,9937.310445
64.103044,105,9943.679481
72.707908,81,9948.727577
72.850008,77,9953.566709
71.855635,105,9959.961597
69.344178,102,9966.412415
70.112012,100,9972.826769
70.389305,79,9978.063694
69.78986,92,9983.811533
69.52002,105,9990.411627
73.175435,81,9995.583392
71.791424,89,10001.130472
73.623212,99,10007.145442
71.755706,96,10013.180959
72.989871,74,10017.978518
72.632212,95,10024.017914
69.710814,108,10030.497963
65.337465,98,10036.532068
69.985365,106,10042.98096
70.632199,93,10048.684601
69.683118,103,10054.980016
74.238777,87,10060.246988
70.28758,103,10066.482388
69.928168,96,10072.231413
70.660628,80,10077.299843
71.701158,108,10083.901964
73.383728,86,10089.250504
71.381132,97,10095.248406
69.964045,83,10100.53439
72.865599,91,10106.180624
70.883913,83,10111.433523
71.172444,85,10116.801374
72.260022,91,10122.534724
73.620435,92,10128.335302
71.37783,90,10133.835344
72.161379,89,10139.583201
71.440715,88,10145.200485
70.958614,92,10150.952662
70.851526,80,10156.184674
72.229066,92,10161.990687
69.818595,79,10167.233861
69.833459,102,10173.703973
71.209284,105,10180.133272
71.787054,92,10185.968356
72.54138,97,10191.952724
71.843072,91,10197.550793
71.267811,101,10203.750677
70.615085,90,10209.404206
71.631201,98,10215.484683
70.270793,92,10221.251087
70.377329,88,10226.707595
71.081986,90,10232.354056
69.587453,103,10238.603303
70.964375,84,10243.786016
69.913778,96,10249.706622
73.029617,97,10255.651547
71.452932,88,10261.157178
69.928968,110,10267.873628
73.158012,104,10274.31934
73.216497,97,10280.223578
69.860932,107,10286.854069
70.871806,98,10292.9063
72.299823,92,10298.758161
72.132601,103,10305.054896
72.549411,99,10311.321841
70.897481,98,10317.322263
68.82342,94,10323.053337
72.587958,77,10328.05816
72.598818,86,10333.356129
70.692765,88,10338.954356
72.783068,87,10344.375237
73.100836,89,10350.057981
69.000103,107,10356.624299
71.470799,103,10362.973727
70.037881,101,10369.175165
72.527111,82,10374.405495
71.431582,93,10380.271618
72.538856,91,10385.873224
72.733162,92,10391.526635
73.131751,100,10397.724728
72.998661,88,10403.177142
73.401549,85,10408.526902
71.697188,89,10414.122162
72.691956,93,10419.795579
71.27427,90,10425.409001
69.185188,80,10430.394464
73.354372,95,10436.274335
73.051749,85,10441.627469
71.937358,83,10446.961159
72.466638,95,10452.780216
71.847635,95,10458.642539
72.758569,97,10464.643081
72.811612,85,10469.862454
71.794857,93,10475.54475
70.715274,101,10481.49314
74.919989,77,10486.293399
71.500418,88,10491.708513
72.130747,98,10497.878113
71.808805,108,10504.345013
72.166082,101,10510.625851
71.559179,86,10516.075442
68.970131,94,10521.875139
71.160548,94,10527.780824
71.898014,97,10533.928639
72.199369,98,10539.980406
72.777298,82,10545.229655
70.469625,110,10552.077708
73.945353,84,10557.446762
73.915178,73,10562.197845
72.959402,79,10567.446241
73.12729,91,10573.426791
68.175737,120,10580.643334
73.801835,79,10585.695691
74.321505,87,10591.181921
73.880786,68,10595.699472
71.724096,89,10601.244598
72.27104,94,10607.29584
73.911278,94,10613.063223
72.718011,100,10619.196649
71.910725,95,10625.113934
73.094678,75,10629.898876
70.13162,101,10636.061907
73.857361,87,10641.461127
69.773702,95,10647.515643
73.036057,90,10653.265417
73.976654,88,10658.864296
71.778315,93,10664.615213
73.91637,77,10669.582381
70.82944,93,10675.49878
71.309773,98,10681.518216
65.962551,70,10686.099923
73.383159,74,10690.798041
72.205955,81,10695.914044
71.160428,93,10701.716578
73.918614,80,10706.766136
69.749658,96,10712.832543
72.841332,82,10717.999502
74.445621,86,10723.250538
70.234807,97,10729.265791
69.718196,93,10734.947471
72.603973,93,10740.814434
70.796715,92,10746.71507
73.819721,75,10751.67089
73.104664,84,10757.068882
72.588687,89,10762.665933
74.311832,83,10768.0678
72.401523,79,10773.168954
72.367401,86,10778.801782
73.142609,81,10784.002003
70.917117,84,10789.318736
71.236309,87,10794.868034
72.58649,92,10800.575114
73.414257,92,10806.317805
72.264142,89,10811.955046
73.544289,89,10817.468206
71.981605,97,10823.484103
73.463187,82,10828.68874
73.74491,90,10834.218045
72.95994,90,10839.768323
72.782294,87,10845.137671
70.300274,101,10851.268148
71.65883,99,10857.17287
71.515662,91,10862.906055
72.201318,82,10868.170994
74.094496,83,10873.319136
69.615259,114,10880.122032
72.624498,84,10885.320664
71.728365,94,10891.08794
70.919876,92,10896.772122
70.85782,81,10901.938659
75.584039,80,10907.036127
74.151101,87,10912.388592
71.935217,93,10918.19047
72.472106,95,10924.240374
72.977827,88,10929.770566
71.979924,87,10935.423066
70.985276,82,10940.688883
72.706977,81,10945.941032
73.026474,80,10951.124178
71.288732,88,10956.738789
71.159461,90,10962.385979
72.590002,82,10967.474688
72.799425,86,10972.855442
71.837469,78,10977.789915
71.965263,97,10983.837969
71.764584,100,10989.958661
71.611718,98,10996.039807
71.917167,95,11001.888722
71.947584,102,11008.159701
74.457153,87,11013.490455
70.019709,95,11019.391469
71.344966,80,11024.29174
73.5359,84,11029.505144
74.707505,90,11035.090625
72.747508,97,11040.974823
73.298933,81,11046.090985
69.163623,93,11051.942466
71.124848,96,11057.910426
74.049118,89,11063.439863
73.31397,87,11068.862085
72.88647,91,11074.573692
72.421539,93,11080.20962
73.825762,86,11085.509971
74.407616,83,11090.661629
71.731903,86,11096.060537
74.866512,84,11101.495444
73.555721,94,11107.309779
71.232272,101,11113.444153
70.620598,98,11119.544915
74.722773,78,11124.610959
73.205514,86,11130.161864
69.707106,105,11136.497204
70.685544,90,11142.126991
73.138118,90,11147.792976
72.730472,99,11153.877226
74.025991,82,11159.144876
71.982665,89,11164.64584
70.615839,98,11170.776942
74.030921,90,11176.26162
72.359777,97,11182.144222
71.146338,109,11188.84452
72.823331,83,11193.995075
70.978988,95,11199.976958
72.312591,92,11205.714193
71.359711,88,11211.177636
69.539894,85,11216.463601
71.391206,94,11222.227804
70.813464,105,11228.716397
70.776596,91,11234.314601
74.949375,89,11239.994782
71.51209,97,11246.027775
72.413778,91,11251.76299
73.260532,89,11257.235863
72.925177,75,11262.166423
68.835113,82,11267.363161
74.4129,79,11272.332617
0.910574,33,11274.86766
74.121526,90,11280.58191
74.334473,80,11285.662412
73.375964,82,11291.01406
70.899085,92,11296.666899
70.476182,111,11303.463227
22.340139,40,11306.416438
69.97279,98,11312.51716
72.389646,86,11318.032429
72.24894,84,11323.447281
65.582021,87,11329.123165
71.381293,90,11334.764411
71.611986,103,11341.165797
71.281106,97,11347.179706
71.008613,86,11352.732263
73.329891,95,11358.716364
72.786072,86,11364.083184
73.76962,78,11369.216392
72.531732,78,11374.251278
70.375149,97,11380.234787
71.473497,93,11385.984172
71.949145,80,11391.032825
73.527488,97,11397.03536
68.677892,90,11402.551381
72.908855,92,11408.198838
70.841326,99,11414.27121
72.938768,76,11419.133584
74.274786,84,11424.350508
75.634056,73,11429.300057
72.694402,87,11434.684421
71.332814,85,11440.035908
71.656962,98,11446.134691
68.37723,68,11450.552467
72.350809,87,11456.053187
72.868609,85,11461.453311
73.527954,89,11466.984915
74.547155,87,11472.404086
71.06163,85,11477.8016
72.974111,88,11483.30386
71.126699,86,11488.736135
69.76599,92,11494.387054
74.671226,80,11499.454225
71.866815,88,11505.041413
70.063782,92,11510.73952
70.116723,84,11516.151489
73.361721,94,11522.105052
72.799603,84,11527.420092
73.198542,95,11533.403554
72.292167,83,11538.637208
72.859412,82,11543.83642
74.386303,83,11548.957008
69.617523,103,11555.208093
72.458691,97,11561.054101
72.558309,95,11566.856938
73.089114,83,11572.108398
71.871681,91,11577.756123
71.15062,96,11583.658435
69.308036,101,11589.806954
72.818552,92,11595.472447
71.793865,82,11600.622493
74.435954,86,11605.890231
71.703561,100,11612.071769
71.530074,67,11616.505356
73.453069,93,11622.205789
73.177864,93,11627.907211
70.115007,103,11634.207032
75.155747,84,11639.455688
74.396152,82,11644.559936
73.739567,79,11649.575403
73.849355,78,11654.625293
73.785742,90,11660.206317
71.817508,100,11666.259894
71.963893,81,11671.307875
73.705307,84,11676.689267
70.467207,104,11683.259619
72.669112,83,11688.276345
68.844616,98,11694.276542
71.619011,100,11700.409777
71.398908,104,11706.823209
73.549167,94,11712.67416
72.758623,82,11717.876647
73.339417,84,11723.191469
71.946908,86,11728.590775
71.526976,97,11734.526042
73.53683,95,11740.408097
71.921464,85,11745.729154
72.474357,90,11751.259136
75.44631,77,11756.274475
71.339131,90,11761.96259
72.549647,89,11767.460911
73.871468,85,11772.695384
73.195993,91,11778.329901
72.635967,98,11784.395551
71.980172,97,11790.430142
69.836147,94,11796.195741
71.852009,102,11802.476358
74.868578,85,11807.696835
75.073305,85,11812.976622
74.334461,94,11818.712597
71.96225,91,11824.51406
74.304411,73,11829.095525
72.412955,99,11835.180542
69.322975,106,11841.648121
67.266094,95,11847.529821
72.845602,104,11853.911395
71.124691,96,11860.028456
74.803277,85,11865.412946
71.457446,84,11870.746186
73.801651,74,11875.532068
73.25946,88,11881.164647
71.683654,82,11886.381813
72.603395,88,11892.081392
71.998242,94,11897.998447
73.34279,82,11903.361517
71.561706,79,11908.49841
71.762383,92,11914.449275
68.113411,102,11920.8978
74.03344,93,11926.73276
69.377523,81,11931.988406
73.643518,90,11937.649259
72.260332,85,11943.063927
75.279357,82,11948.248791
73.122367,92,11953.901803
76.49984,78,11958.900087
74.006219,88,11964.299273
72.974097,82,11969.351169
72.467801,91,11975.014503
74.938512,82,11980.150467
73.583127,76,11985.001567
72.887553,86,11990.450846
72.810358,78,11995.368623
73.220851,97,12001.349185
72.052519,86,12006.733961
73.773113,87,12012.051874
70.939033,97,12017.91866
75.615297,77,12022.765231
73.606797,82,12027.921867
67.962567,88,12033.400012
75.045077,77,12038.167213
73.551947,87,12043.651427
73.383102,104,12050.000849
73.472851,86,12055.353823
73.273363,84,12060.601259
74.937903,87,12066.050359
73.505782,84,12071.504086
73.744598,89,12077.252531
71.728308,90,12082.855064
71.717298,99,12089.001041
70.387937,85,12094.270241
74.341663,87,12099.821853
73.923356,79,12104.887823
73.705873,88,12110.404431
71.759934,87,12116.038427
70.125449,100,12122.303982
73.49364,79,12127.367898
73.473588,77,12132.269417
64.700878,94,12138.061723
74.544756,89,12143.789417
73.697377,94,12149.720635
73.884245,86,12155.070115
73.980245,87,12160.43943
71.107074,95,12166.370328
72.960198,94,12172.172678
73.82182,87,12177.524489
72.937208,93,12183.289898
72.61497,99,12189.321901
74.936247,85,12194.573584
72.876958,90,12200.119998
74.131463,88,12205.471808
73.298653,91,12211.191244
70.737019,95,12217.140359
72.622057,85,12222.538941
71.110436,104,12228.97295
74.467689,83,12234.173274
69.958835,88,12239.62279
72.416184,103,12245.876472
74.569417,78,12250.976487
74.038906,80,12256.022354
73.641692,88,12261.521783
72.607337,87,12267.071978
74.42988,84,12272.37386
72.195932,72,12276.991591
71.696376,106,12283.426781
70.399439,95,12289.323399
72.751586,101,12295.592093
69.926273,89,12301.14288
75.070787,85,12306.574079
72.476022,101,12312.843184
72.570633,95,12318.79335
72.746342,93,12324.607342
72.85777,84,12329.925783
74.119307,81,12335.027748
72.809636,82,12340.239628
72.331588,86,12345.678658
73.501103,82,12350.9094
70.856485,90,12356.408909
74.178016,86,12361.893176
73.299189,99,12367.96173
73.609246,97,12374.046991
69.190729,100,12380.161343
72.503971,93,12385.91437
71.134386,74,12390.562273
72.693476,91,12396.144072
69.112957,79,12401.093514
71.172045,90,12406.628016
74.447244,94,12412.293974
73.131576,98,12418.24386
74.217261,93,12423.993694
72.53232,92,12429.548887
72.353422,89,12435.146118
71.974762,92,12440.844378
71.858872,81,12446.013574
72.151293,91,12451.693897
72.141249,90,12457.344853
70.632229,87,12462.847663
73.378662,91,12468.495196
72.138339,89,12474.065968
74.983627,74,12478.89572
74.743365,85,12484.314618
75.495294,84,12489.645861
71.327951,97,12495.613628
72.72836,90,12501.115158
72.156701,99,12507.398066
72.684416,78,12512.3665
73.378699,91,12518.097756
72.474286,87,12523.414047
73.563484,77,12528.365119
71.375666,76,12533.417687
74.492875,86,12539.013979
71.79427,99,12545.099407
73.308731,73,12549.817331
74.189205,91,12555.565564
72.747588,103,12561.991906
73.097375,98,12568.048638
72.739647,96,12573.979769
73.715229,97,12580.049739
72.912882,95,12586.046005
74.856705,90,12591.716027
71.252662,92,12597.39842
71.226508,91,12603.030956
73.395696,90,12608.583285
73.785399,87,12614.117913
73.760596,83,12619.26861
74.6753,88,12624.83536
73.918635,90,12630.419933
73.322218,95,12636.337952
76.278797,76,12641.216
74.137789,79,12646.218305
72.933151,98,12652.28394
72.605073,92,12657.984938
73.65523,81,12663.266679
73.324819,85,12668.567363
74.066796,82,12673.869421
73.62828,94,12679.800268
71.663288,93,12685.668972
74.56987,86,12691.083895
74.219644,82,12696.467574
69.481017,93,12702.536368
72.800205,92,12708.417606
74.375365,87,12713.884485
74.481124,75,12718.636487
71.524118,91,12724.404274
72.419418,97,12730.587746
74.707083,88,12736.021955
69.945424,94,12742.021214
73.357431,75,12746.768415
72.954027,85,12752.118461
72.648771,82,12757.341333
70.482886,92,12763.185513
72.74294,99,12769.337584
73.592456,86,12774.904452
71.443466,80,12779.954355
72.822477,93,12785.836876
74.673205,66,12790.238472
74.258316,85,12795.638792
72.541902,83,12800.808213
73.522943,89,12806.457914
72.258144,88,12811.907706
72.151819,83,12817.156
73.798267,93,12822.942401
73.373639,83,12828.23924
72.218334,103,12834.556054
72.336308,91,12840.240817
75.054913,96,12846.157294
71.641159,95,12852.012053
73.518312,86,12857.391129
70.760998,99,12863.60717
74.29122,84,12868.89249
71.500415,101,12875.288276
75.661301,86,12880.788487
73.803161,88,12886.406385
67.164539,98,12892.690306
72.8803,100,12898.830182
72.454395,90,12904.589841
75.241789,79,12909.604435
73.160152,92,12915.37641
73.837202,78,12920.309424
73.424256,84,12925.556468
72.355144,78,12930.480456
71.993165,98,12936.560903
74.683716,90,12942.159724
72.822707,105,12948.441823
73.434432,97,12954.342038
73.258723,96,12960.257796
73.807697,91,12965.843492
73.60074,84,12971.209527
71.02666,97,12977.059308
72.998745,85,12982.30735
73.156135,103,12988.611526
67.324168,100,12994.758542
73.126036,96,13000.728287
73.541012,88,13006.177871
71.578883,103,13012.377723
74.499191,88,13017.826904
73.771202,102,13024.095529
72.801139,100,13030.211274
71.803551,92,13035.813111
74.050806,92,13041.632713
74.778904,81,13046.811317
74.253484,85,13052.213967
72.449083,94,13058.131805
74.333636,82,13063.501064
72.001358,90,13069.128886
71.566411,86,13074.464814
72.825956,97,13080.47982
71.558438,111,13087.476502
74.271802,91,13093.298796
73.618603,90,13099.030245
71.111528,102,13105.530745
73.480579,74,13110.395679
74.195894,93,13116.231215
71.920384,89,13121.961373
74.14865,87,13127.484323
66.855589,90,13133.071096
72.520677,83,13138.38291
73.949777,86,13143.797049
73.770395,101,13149.929374
70.181272,94,13155.880562
73.761947,90,13161.44593
72.030208,88,13167.082889
72.295392,95,13172.946178
75.7223,77,13177.846732
69.215672,112,13184.681537
73.918351,82,13189.900373
71.582528,86,13195.329939
75.328596,85,13200.731265
73.903998,94,13206.583657
70.663258,90,13212.199911
70.692597,103,13218.683676
67.964324,78,13223.650847
69.948969,113,13230.481091
74.036793,92,13236.183994
71.070708,90,13241.883244
72.815552,94,13247.986938
71.934645,106,13254.549869
73.200073,96,13260.500322
73.392261,89,13266.100288
71.580392,87,13271.683126
73.094873,87,13277.252182
73.74433,78,13282.283812
72.191228,96,13288.16718
71.530899,96,13294.136788
73.749354,89,13299.735248
74.874283,84,13305.016988
73.90541,87,13310.45335
73.806598,90,13316.052256
75.778513,75,13320.917859
75.105091,85,13326.235295
73.231757,89,13331.804436
72.876248,94,13337.703136
66.289887,87,13343.223133
73.45589,98,13349.252591
69.515397,93,13355.055567
74.583356,86,13360.371718
73.234256,95,13366.273466
73.824712,85,13371.653406
68.546085,90,13378.273105
72.164283,93,13384.003828
72.72309,87,13389.419827
74.878853,87,13394.870606
73.829283,88,13400.352084
73.075226,85,13405.669292
71.539401,79,13410.672665
74.439356,96,13416.521951
71.892797,110,13423.255221
72.815053,117,13430.30646
75.780933,81,13435.622458
70.776761,89,13441.261051
73.492844,89,13446.90328
71.26997,99,13453.00465
74.355273,93,13458.840184
67.680289,81,13464.107142
72.658188,96,13470.205114
70.163571,101,13476.473358
73.456206,89,13482.271018
73.639818,86,13487.790493
74.313759,88,13493.371161
71.530148,92,13499.107162
71.418631,90,13504.872476
72.702354,98,13511.026893
73.6528,97,13516.973172
75.086353,89,13522.559423
65.210819,86,13527.827838
72.321129,84,13532.925302
74.543877,91,13538.507884
70.425288,101,13544.67399
72.479938,93,13550.426387
74.040287,89,13555.843838
71.31927,91,13561.525843
73.564999,99,13567.593891
70.599749,97,13573.574714
75.347291,83,13578.775414
73.169384,91,13584.409394
72.255985,94,13590.276573
72.007602,99,13596.342544
74.34152,89,13601.775191
73.056989,93,13607.494646
74.105267,90,13613.095376
71.388312,97,13619.141729
72.923277,80,13624.09222
70.13738,96,13630.161021
71.812678,101,13636.362815
73.567215,91,13642.096008
73.246801,94,13648.028422
73.237059,87,13653.480525
73.610006,96,13659.541902
73.729681,92,13665.346001
73.026313,89,13670.943191
72.873653,99,13677.096699
73.360872,85,13682.496259
72.797208,100,13688.683115
74.296447,93,13694.346982
72.359938,75,13699.147658
73.447718,85,13704.531072
73.093445,85,13709.843874
72.659683,97,13715.895872
73.426783,89,13721.496574
72.387168,99,13727.596108
72.295207,106,13733.944486
72.162419,102,13740.164762
72.476433,90,13745.698165
65.511086,95,13751.614235
74.426008,87,13757.030266
74.339289,88,13762.595389
72.792307,89,13768.100046
75.066373,77,13773.064313
72.244158,94,13778.965217
69.795895,92,13784.79776
73.050287,76,13789.730968
72.658922,101,13796.019257
73.231532,94,13801.817912
71.324258,106,13808.314898
74.414955,94,13814.296497
75.622468,81,13819.4979
73.95478,89,13825.096775
72.185884,99,13831.297561
75.490272,86,13836.804596
71.682402,98,13842.797896
69.504813,79,13847.9474
64.350604,80,13853.167001
71.856169,94,13859.014832
74.012877,91,13864.982859
69.814866,104,13871.514198
70.035959,100,13877.78244
71.983871,94,13883.633685
74.971297,82,13888.750633
72.516464,87,13894.216482
69.387263,101,13900.500006
74.119056,101,13906.720627
72.916537,111,13913.519063
72.468354,85,13918.816893
74.423573,95,13924.766631
73.852796,89,13930.283747
71.735932,96,13936.188517
72.44719,101,13942.369846
66.828749,97,13948.272997
75.031678,79,13953.368182
74.774369,87,13958.767786
68.441113,102,13964.918527
71.886796,106,13971.520908
73.962946,89,13976.972362
71.988828,102,13983.287842
72.526412,94,13989.070716
73.500639,95,13994.869582
74.472463,89,14000.436517
74.076899,95,14006.371358
75.252708,85,14011.722036
74.086805,95,14017.687714
73.003296,85,14023.17165
73.555496,95,14029.119752
72.915426,92,14034.78854
73.025284,96,14040.86961
74.901723,83,14046.037425
72.502724,105,14052.723219
73.81165,77,14057.741798
72.33441,91,14063.536438
73.52157,94,14069.393527
71.019964,99,14075.437911
73.286055,92,14081.174715
73.642631,95,14087.120159
72.585969,103,14093.440292
72.605212,85,14098.757602
72.703312,95,14104.639895
71.204567,96,14110.590409
73.284528,100,14116.741608
70.193082,105,14123.289104
72.729098,98,14129.241089
73.569497,90,14134.789363
71.658731,98,14140.73939
69.875768,98,14146.840541
74.567594,92,14152.641251
73.613727,97,14158.60885
72.321119,97,14164.674536
72.536634,90,14170.289407
74.715962,81,14175.428995
73.764223,91,14180.89106
72.354869,97,14186.859875
72.981005,100,14192.939938
71.114742,103,14199.190874
72.067253,97,14205.391205
72.651037,91,14211.044121
72.403934,96,14216.859391
73.096354,103,14223.291803
71.952852,99,14229.374717
74.166895,92,14234.958504
72.984126,96,14240.876121
73.874502,90,14246.562327
71.423199,105,14253.328158
72.844787,96,14259.376219
74.43786,86,14264.86096
70.80868,100,14271.111048
74.072611,93,14276.826923
72.323357,88,14282.366511
71.257382,96,14288.408973
73.0781,102,14294.762378
71.600255,104,14301.065176
71.859251,103,14307.412536
73.818105,92,14313.079014
66.351567,93,14318.864094
74.241181,89,14324.327849
74.126513,94,14330.142788
72.867043,97,14336.164052
73.137083,95,14342.093781
74.879838,96,14347.980616
71.896365,99,14354.013353
74.666253,88,14359.629767
72.50494,95,14365.4318
71.649337,104,14371.763598
74.407872,85,14377.21738
73.340061,77,14382.128904
74.436262,88,14387.662737
73.582054,90,14393.312913
74.20193,95,14399.215613
75.710641,77,14404.081275
72.448981,89,14409.682864
71.229056,106,14416.365407
64.286741,92,14422.215639
73.472087,93,14428.165281
73.892799,92,14434.007622
72.790001,91,14439.682494
71.584686,96,14445.734651
71.70254,82,14451.180862
71.78785,91,14456.997712
69.790382,111,14463.900108
70.776992,92,14469.587682
73.896543,89,14475.181539
75.563828,80,14480.333294
73.915095,89,14485.884361
73.140997,91,14491.615446
71.325123,76,14496.469404
72.841747,91,14502.182676
72.953679,90,14507.867854
71.297853,96,14513.799467
71.57016,84,14519.033032
74.111114,95,14524.853412
72.899442,99,14530.949879
72.791513,97,14536.899185
71.823229,93,14542.616257
74.210548,90,14548.334284
72.55688,100,14554.404366
74.016574,93,14560.187249
72.235925,98,14566.237563
74.292818,72,14570.887066
74.305279,91,14576.585793
69.616228,98,14582.654927
72.986767,96,14588.788004
73.208605,89,14594.284596
75.244799,78,14599.28901
70.905983,86,14604.690264
74.687904,91,14610.350551
72.962021,87,14615.986481
72.939783,98,14622.023486
73.472305,97,14628.236932
73.894037,92,14633.938137
72.944516,99,14640.102669
73.300957,80,14645.208549
74.686191,80,14650.38593
72.532427,89,14655.83779
73.568361,85,14661.189284
73.973542,102,14667.320961
73.238139,90,14672.987058
71.285703,88,14678.706862
73.958976,103,14685.10567
74.739721,97,14691.104253
73.041427,86,14696.423375
73.578575,88,14701.925558
74.112977,89,14707.503868
75.367922,91,14713.088164
74.164721,96,14719.02114
72.367134,90,14724.555625
72.755786,102,14730.904756
75.371179,80,14735.907704
74.690444,92,14741.623912
71.901506,94,14747.273025
73.823695,101,14753.507017
70.834247,84,14758.807728
73.992059,99,14764.827205
73.812845,97,14770.907861
75.032951,93,14776.709075
71.273324,106,14783.255974
69.311388,108,14789.809453
73.728321,87,14795.257392
72.419885,106,14801.875112
71.273406,99,14808.076608
75.718157,83,14813.392542
74.443688,95,14819.323672
73.175399,87,14824.727484
74.342347,95,14830.676398
72.786523,102,14837.124964
72.902864,93,14842.777013
74.817319,79,14847.776623
73.471449,100,14853.992738
72.125319,102,14860.408273
70.686556,101,14866.71021
70.20922,109,14873.410993
72.171678,104,14879.861681
72.477114,99,14885.911906
73.765395,91,14891.460016
74.800459,89,14897.161975
60.554181,87,14902.547522
71.442985,94,14908.327534
73.448971,86,14913.693586
74.865026,79,14918.69781
71.856571,94,14924.427841
66.267958,91,14930.082483
75.650339,80,14935.076285
72.180229,94,14941.032374
74.673995,84,14946.298494
72.359462,90,14951.896302
73.239635,89,14957.613211
75.417659,88,14963.126665
67.868941,76,14967.934673
75.113661,87,14973.298154
72.450132,84,14978.700163
71.141473,95,14984.515594
73.65552,81,14989.67982
74.303751,89,14995.248718
71.161065,94,15001.181008
74.573258,89,15006.949376
71.422195,123,15014.496616
71.510732,97,15020.549046
74.951165,84,15025.983631
74.533441,89,15031.448675
74.823171,92,15037.314827
70.265084,97,15043.630871
73.904864,87,15049.100125
74.33375,85,15054.451033
72.523304,82,15059.828971
71.897152,99,15065.91625
73.720766,90,15071.597839
75.584487,85,15076.963429
71.882469,79,15081.980271
73.630032,94,15087.951583
74.301605,91,15093.784037
73.40144,89,15099.251588
73.482866,94,15105.168084
74.61453,92,15111.051501
74.036902,84,15116.349534
71.797534,94,15122.249297
74.406333,85,15127.698318
72.088725,106,15134.252288
73.191923,93,15139.949469
73.539635,82,15145.101027
71.336555,85,15150.51624
73.17985,82,15155.75526
73.233964,91,15161.468774
74.11619,89,15167.168696
73.316958,92,15172.902686
71.612945,96,15178.949325
74.607392,81,15184.220134
72.884776,92,15190.002089
73.782232,88,15195.551209
72.52653,92,15201.220248
75.277396,88,15206.684233
74.068059,90,15212.320863
72.099772,96,15218.252753
73.621566,87,15223.906852
72.179393,87,15229.468218
74.36479,84,15234.818861
73.11094,104,15241.367869
70.05295,104,15247.586122
71.951575,98,15253.619095
72.77537,94,15259.471755
74.094798,93,15265.269246
74.606672,88,15270.768935
75.066693,79,15275.78988
72.827075,93,15281.469838
73.660593,90,15287.120668
70.785228,115,15294.021932
72.841565,88,15299.371942
74.775205,78,15304.322669
71.063595,93,15310.071336
71.642317,110,15316.655241
73.116355,95,15322.471292
73.223917,89,15327.994627
72.64407,97,15333.987516
72.364477,106,15340.619859
72.455962,105,15347.143588
73.091233,97,15353.039385
70.963746,100,15359.140697
73.854205,91,15364.854968
75.107451,91,15370.572603
71.052024,95,15376.456577
73.378741,92,15382.158082
72.404274,105,15388.724499
71.257925,114,15395.642233
70.830298,106,15402.055942
68.748603,93,15407.905815
72.821523,98,15413.92406
72.052282,91,15419.741935
71.960109,87,15425.159313
73.980074,92,15430.890174
72.511386,92,15436.541319
73.089856,88,15442.061579
74.420838,96,15447.988613
72.925458,86,15453.443564
73.512891,108,15460.060323
74.08744,100,15466.19106
73.10639,97,15472.093594
70.441692,112,15478.791526
74.065692,93,15484.610022
73.950872,99,15490.741378
73.445623,84,15495.992972
75.912141,80,15500.892633
74.241848,93,15506.593544
71.360642,95,15512.394622
74.463062,85,15517.613657
73.909748,90,15523.178093
74.734751,85,15528.443457
71.998776,99,15534.392888
71.981113,92,15540.093858
73.540552,93,15545.892591
72.251118,91,15551.459884
72.709155,93,15557.313714
71.905194,102,15563.54606
74.603995,86,15568.897765
71.381466,110,15575.593796
74.204211,94,15581.493958
72.724447,96,15587.612482
72.458045,96,15593.611471
72.135978,86,15599.111331
74.808213,88,15604.765301
75.006806,81,15609.946192
73.343184,95,15615.946107
73.803386,93,15621.747752
72.474268,84,15627.062327
72.116931,93,15633.012786
73.38264,84,15638.263705
71.844693,93,15643.964044
73.955853,89,15649.432323
73.789147,88,15654.915754
74.519683,92,15660.63047
73.228065,98,15666.614173
74.435657,92,15672.464652
73.914368,94,15678.263272
72.952894,98,15684.215734
73.587902,99,15690.382231
65.088064,99,15696.53243
71.829927,95,15702.414023
71.034639,93,15708.180515
72.948154,97,15714.217075
75.167063,92,15720.01487
74.665772,92,15725.730608
72.524481,95,15731.73454
73.788221,91,15737.316987
65.064298,80,15742.422086
73.006158,100,15748.466133
72.576619,89,15754.097463
22.227829,43,15757.135738
71.859924,92,15762.981841
72.96193,93,15769.018818
73.753861,85,15774.486998
74.290025,95,15780.432275
72.28059,90,15786.23612
75.355952,74,15790.970243
66.005763,95,15797.021781
75.236556,88,15802.584809
73.671209,91,15808.367373
70.825741,91,15814.216978
74.887379,89,15820.032921
72.803196,94,15825.993019
74.070291,105,15832.500473
72.012966,102,15838.852316
72.729113,94,15844.786399
73.362047,85,15850.069009
73.837385,99,15856.167259
64.464912,97,15862.238147
62.828872,103,15868.671367
73.576974,94,15874.587111
72.616895,98,15880.686165
71.721641,113,15887.486215
71.984469,107,15894.036824
74.984032,85,15899.386098
72.031693,96,15905.470823
72.351714,103,15911.801833
73.837253,89,15917.402125
74.638175,86,15922.837374
72.67706,93,15928.555284
72.564022,98,15934.606827
74.402996,94,15940.638657
71.712173,95,15946.536082
73.822191,108,15953.10465
73.382291,85,15958.558572
74.739877,88,15964.058884
73.755794,95,15970.055993
74.734103,87,15975.503852
69.09465,82,15980.760539
73.930354,94,15986.639164
73.982511,86,15992.072449
74.195836,95,15997.887484
72.785764,96,16004.008948
72.365641,95,16009.99021
71.969564,102,16016.455081
70.659285,88,16022.008883
75.079126,92,16027.623902
73.267767,93,16033.358333
74.637666,87,16038.756668
71.689684,97,16044.575861
66.78949,89,16050.260198
72.184837,90,16055.807846
73.359267,100,16061.925302
70.240617,124,16069.309546
72.17184,105,16075.730932
71.830472,109,16082.378865
74.762932,87,16087.741363
73.675984,90,16093.442164
74.084056,93,16099.008969
72.738661,96,16104.842624
73.557115,93,16110.609576
72.371853,100,16116.778966
74.410183,102,16122.931788
73.688191,82,16128.211177
71.081793,113,16135.02896
74.545048,81,16140.359254
73.560222,91,16145.975519
74.572385,96,16151.858209
73.943951,88,16157.462902
72.890202,89,16163.159786
73.984285,89,16168.610229
72.553848,96,16174.661402
73.161383,109,16181.431766
75.031752,91,16187.124638
73.405203,86,16192.616387
74.874123,85,16197.943154
71.758731,104,16204.28228
72.836361,91,16209.964653
73.827916,91,16215.678622
72.159822,110,16222.478703
72.732526,90,16228.197178
74.54985,92,16234.061375
73.033218,94,16239.844925
74.733428,95,16245.780914
73.863343,86,16251.130555
73.156399,99,16257.199149
72.833975,98,16263.230193
70.072247,90,16268.780194
71.916454,101,16275.083936
74.947198,90,16280.697571
72.549225,95,16286.630938
73.265921,97,16292.799924
73.082233,95,16298.779937
72.348994,90,16304.33294
74.113744,91,16310.02969
74.166165,86,16315.447817
74.916321,86,16320.831924
74.236009,92,16326.534802
75.416467,80,16331.583284
72.638506,91,16337.304428
76.112259,86,16342.733069
73.584633,97,16348.8488
72.296975,99,16355.100024
66.024213,88,16360.854374
72.327315,100,16367.232981
75.184986,88,16372.783636
73.563955,80,16377.999802
74.903902,90,16383.734577
74.631249,92,16389.502621
72.672832,95,16395.517309
73.272739,92,16401.270744
72.601279,95,16407.101181
74.002633,98,16413.286186
72.351204,96,16419.299328
73.432915,82,16424.421556
72.056171,103,16430.749101
72.966885,106,16437.234538
64.964376,88,16442.984788
73.2525,103,16449.400685
74.452624,95,16455.150102
74.316858,84,16460.503251
72.809215,101,16466.800164
20.986336,44,16469.904255
72.796255,102,16476.202277
73.989716,100,16482.267479
70.110501,101,16488.519784
73.890477,93,16494.28304
73.822392,91,16499.869934
74.516874,91,16505.406886
74.266076,95,16511.354135
74.576775,72,16516.017162
73.693308,85,16521.402744
72.296355,100,16527.724102
73.390532,85,16533.074803
72.570336,98,16539.008957
73.776242,99,16544.955255
70.80817,78,16550.054686
73.396044,93,16555.936143
73.631425,88,16561.603054
75.731813,91,16567.254954
66.31563,86,16572.824915
73.398667,101,16579.172219
74.368081,94,16584.973572
73.17486,100,16591.170669
72.434507,89,16596.805904
74.183129,90,16602.619288
74.513889,81,16607.7899
71.541436,90,16613.369963
72.587112,105,16619.873168
71.051123,96,16625.840429
73.647579,91,16631.537872
73.395341,95,16637.307288
71.322094,109,16643.92382
75.057021,96,16649.825526
72.15299,96,16655.590047
72.517323,104,16661.973373
74.503884,87,16667.35601
73.796972,93,16673.092703
67.521537,88,16678.525944
71.93753,95,16684.409853
74.960172,86,16689.846086
74.674626,90,16695.376752
73.861432,93,16701.174747
74.550072,88,16706.626779
75.318984,91,16712.356008
73.182553,93,16718.125591
73.080835,90,16723.790214
74.80308,92,16729.592255
74.467134,94,16735.424766
72.745915,96,16741.525503
73.232856,92,16747.425765
73.273838,82,16752.674429
74.387168,87,16758.126065
74.585547,87,16763.844542
71.585039,90,16769.657328
72.535365,81,16775.090056
73.163872,97,16781.163265
74.15905,91,16786.908038
67.090526,90,16792.600167
75.325224,85,16797.895133
74.140203,94,16803.759281
72.214287,113,16810.680103
74.592282,88,16816.093276
74.397397,90,16821.845402
72.527205,98,16827.913139
74.250979,88,16833.443925
72.574778,100,16839.692866
74.060643,88,16845.193806
74.87339,89,16850.646279
72.586533,76,16855.295749
72.985416,94,16861.245002
75.006484,91,16866.794627
72.938444,88,16872.195314
75.173319,83,16877.362008
71.305078,100,16883.546162
74.659306,84,16888.844429
74.670911,92,16894.445209
73.453151,90,16900.094344
75.041729,83,16905.39842
73.418821,88,16910.811823
75.631033,91,16916.49955
72.544065,95,16922.346621
72.864677,86,16927.766516
73.032609,86,16933.231056
73.607573,98,16939.362541
73.186852,95,16945.36427
74.462525,86,16950.764434
74.033473,84,16956.200181
73.501502,100,16962.41726
72.422391,97,16968.566075
74.360486,83,16973.884238
72.609557,84,16979.314078
74.354233,90,16985.015875
75.892417,89,16990.582393
73.99572,86,16996.131145
75.547842,86,17001.566729
74.469446,93,17007.417014
73.931009,90,17013.115518
72.348512,102,17019.417126
74.63272,86,17024.934568
71.703028,92,17030.733561
74.991269,90,17036.366358
74.060571,86,17041.870018
73.468152,91,17047.600507
74.331225,92,17053.29881
73.076836,96,17059.299021
71.491259,107,17065.765843
72.363652,80,17070.967716
75.762357,77,17075.768087
75.663032,74,17080.518243
73.251801,89,17086.049946
75.222006,85,17091.485764
73.383627,81,17096.617142
73.740454,82,17101.933791
74.998713,82,17107.067144
72.919074,89,17112.719066
75.193927,92,17118.433849
72.618257,93,17124.26791
71.932999,86,17129.68934
72.768285,109,17136.519298
73.711565,86,17142.020727
74.515189,85,17147.537323
74.518663,87,17153.188504
73.275303,99,17159.53368
73.853825,96,17165.521986
75.430316,93,17171.287627
74.256026,85,17176.576087
73.350611,82,17181.884775
74.889804,81,17187.08533
74.650791,90,17192.786127
74.237622,102,17199.120106
74.332969,92,17204.89092
72.739329,86,17210.237059
74.035604,96,17216.2372
73.495197,86,17221.686223
71.856146,83,17227.070442
74.809591,85,17232.393492
76.798135,87,17237.888068
73.576511,93,17243.587187
73.349215,94,17249.386971
73.562097,97,17255.443126
75.424099,95,17261.23897
74.774063,84,17266.507062
73.805467,100,17272.590271
72.655812,97,17278.643298
73.445996,95,17284.6932
75.318367,86,17290.209635
74.011968,84,17295.558502
72.218288,91,17301.205845
75.059,92,17306.789876
74.419334,92,17312.510877
71.591116,95,17318.542318
74.208664,84,17323.890489
74.808824,89,17329.561815
74.144669,99,17335.740678
75.690254,82,17340.908866
74.345052,88,17346.390354
72.834026,93,17352.191604
73.638488,94,17358.145379
74.293884,88,17363.760826
66.256175,86,17369.211341
73.711485,88,17374.708566
74.240188,99,17380.691145
74.918841,86,17386.110275
75.301318,85,17391.491045
70.769654,95,17397.357503
75.160155,87,17402.859352
72.162708,91,17408.560212
75.011941,76,17413.441873
75.628452,86,17418.728573
70.78172,86,17423.978571
72.158971,106,17430.359308
72.376252,94,17436.093343
75.310441,88,17441.559411
75.418767,94,17447.212082
73.124665,105,17453.680891
74.126776,84,17459.012402
74.958113,94,17464.810612
75.730119,81,17469.813535
74.259196,89,17475.412868
74.016147,94,17481.180197
74.826333,85,17486.530635
75.076171,98,17492.530704
75.0278,82,17497.827993
74.232959,96,17503.779883
73.348997,91,17509.565068
73.908834,97,17515.629557
72.336187,88,17521.031719
73.131751,88,17526.817327
71.700596,93,17532.664884
74.779908,85,17538.212195
74.105163,101,17544.564584
74.204367,87,17550.063683
72.574417,96,17556.033175
74.978659,88,17561.581575
72.027473,98,17567.678892
73.010563,99,17573.765455
73.400413,73,17578.517335
74.425853,93,17584.231476
74.384826,86,17589.630322
74.530893,86,17595.029781
73.617123,97,17601.166404
73.698787,94,17607.132002
73.933084,99,17613.136292
72.466211,88,17618.583663
72.085671,95,17624.651867
74.220058,92,17630.481824
70.662384,98,17636.449662
72.583842,90,17642.085766
74.258637,94,17647.849689
70.961243,83,17653.152171
74.272416,81,17658.330622
73.340196,84,17663.632396
74.063207,82,17668.848518
71.691299,87,17674.251722
66.069644,92,17679.985025
73.734934,75,17684.96523
74.393926,81,17690.103526
73.677926,96,17696.083957
72.99142,95,17702.035262
72.946136,92,17707.853558
75.85556,77,17712.832941
75.100237,85,17718.300444
73.273712,71,17722.786387
74.943469,84,17728.200437
74.476,86,17733.666803
71.736713,93,17739.619253
74.138035,93,17745.489148
71.63729,95,17751.454633
71.478164,98,17757.59091
74.295965,101,17763.837536
75.121203,80,17768.935434
66.304734,80,17774.107073
75.669734,79,17779.235329
73.641088,84,17784.555066
72.167035,82,17789.653552
74.479894,94,17795.503899
71.69245,100,17801.570077
72.414709,93,17807.383974
73.199283,86,17812.756209
73.320515,94,17818.587971
73.230055,79,17823.652254
73.836063,82,17828.772623
74.325565,93,17834.589948
73.878272,89,17840.135838
74.261063,92,17845.754977
73.076662,95,17851.554175
72.842342,100,17857.672343
74.388054,83,17862.854448
73.384071,99,17869.006361
72.657667,80,17873.976044
73.455788,101,17880.138607
70.023033,94,17885.953824
73.602988,88,17891.523251
74.568109,88,17897.054617
75.190103,83,17902.356249
74.824981,92,17908.105593
75.062901,93,17913.924715
75.615679,84,17919.223616
74.340358,84,17924.456985
73.81011,84,17929.759768
73.24635,88,17935.222136
74.764634,86,17940.655596
73.520294,90,17946.409313
74.162371,86,17951.939851
74.34235,82,17957.140851
75.074572,96,17963.191103
75.146719,84,17968.52305
73.758237,93,17974.322546
73.714102,88,17979.724922
74.193688,90,17985.376288
74.610929,92,17991.058184
70.995513,111,17997.5934
72.782918,103,18003.89476
72.850397,105,18010.37573
74.867512,91,18015.990958
72.242437,86,18021.376683
74.086855,92,18027.074756
73.76374,88,18032.557678
73.050505,85,18037.930612
72.498871,77,18042.840597
75.43082,85,18048.196309
74.766361,89,18053.725584
75.188717,87,18059.275341
75.057793,86,18064.675502
74.000438,91,18070.375903
74.011727,90,18075.97641
72.541656,80,18080.997065
71.099997,96,18087.059781
74.011913,86,18092.52707
74.606771,91,18098.326106
66.12565,87,18103.832189
74.867212,89,18109.595445
74.663234,79,18114.67742
74.321144,89,18120.395422
74.727452,95,18126.445171
74.21138,93,18132.344694
73.403516,83,18137.611696
75.077635,87,18143.130074
74.580496,88,18148.793792
74.250513,91,18154.433752
70.715089,107,18161.163818
74.809226,89,18166.745927
72.700738,78,18171.64789
75.366246,89,18177.144878
74.676034,76,18181.99457
73.129688,83,18187.212244
76.278681,78,18192.079017
74.533564,80,18197.099865
72.772879,85,18202.516164
74.924356,92,18208.16358
74.714524,90,18213.748615
72.870437,91,18219.399439
66.992204,92,18225.150414
76.475114,80,18230.199524
73.663186,90,18235.749294
74.436325,91,18241.515893
74.24085,95,18247.367701
74.595683,85,18252.899155
65.664879,88,18258.601871
71.649269,96,18264.58583
74.343456,87,18270.100777
73.097252,87,18275.54971
73.556383,94,18281.467206
74.023543,85,18286.83091
73.668981,74,18291.565041
71.697281,89,18297.116857
72.95052,93,18302.988638
72.109266,87,18308.515399
74.202669,88,18314.249809
74.212144,95,18320.218682
72.849797,92,18325.96704
74.984442,87,18331.451802
72.53084,92,18337.353644
74.546433,93,18343.414906
73.454934,86,18348.866814
72.015466,95,18354.820587
73.606829,96,18360.801495
73.046918,95,18366.670881
74.443149,78,18371.692401
72.304532,97,18377.818035
74.337358,90,18383.472008
74.548036,86,18388.769027
71.951764,77,18393.686394
75.14014,78,18398.670252
72.990713,90,18404.218755
73.905389,82,18409.568691
74.58591,99,18415.572012
72.099005,85,18420.886176
74.35097,83,18426.085946
75.276627,90,18431.670212
72.03889,100,18437.837368
62.00609,97,18443.791965
74.118206,87,18449.323445
73.104494,97,18455.274611
75.246726,77,18460.086971
74.946895,89,18465.570464
74.645055,80,18470.66979
72.254991,86,18476.12389
74.473951,93,18481.922213
75.471643,85,18487.22132
75.595598,97,18493.087824
73.850963,89,18498.758042
72.352769,91,18504.422797
72.455823,99,18510.62149
73.038473,86,18516.137168
73.197505,94,18522.053931
74.69198,85,18527.4092
72.19498,129,18535.307242
74.856233,102,18541.639084
74.622627,89,18547.038038
74.920894,83,18552.292261
72.44891,89,18557.824151
75.982819,80,18562.892606
74.558334,93,18568.675335
72.84339,95,18574.592459
72.773249,97,18580.524288
72.448852,79,18585.39442
72.223168,90,18590.990937
74.430581,84,18596.192504
73.725407,99,18602.310679
74.530159,80,18607.391441
71.25572,93,18613.007753
73.276976,94,18618.795148
73.791328,93,18624.592633
73.37698,96,18630.395151
70.888986,103,18636.641312
71.765264,111,18643.291492
73.819307,84,18648.642578
73.991305,88,18654.212072
73.323842,89,18659.810781
74.670945,97,18665.894563
73.715399,98,18671.994327
76.581035,95,18677.996621
72.09583,95,18683.779011
73.097099,88,18689.264518
74.760993,84,18694.62893
75.558878,92,18700.462649
76.117611,82,18705.745535
74.982826,88,18711.261752
73.087208,99,18717.366387
73.137167,101,18723.697518
75.117177,91,18729.426784
73.887196,97,18735.347691
74.748064,92,18741.07706
74.361319,80,18746.329978
74.226863,69,18750.960769
72.669645,104,18757.314825
75.139205,94,18763.215353
72.056992,91,18768.911853
75.760776,72,18773.413491
73.782622,95,18779.366843
73.463842,96,18785.333434
75.03686,92,18791.049396
73.275472,82,18796.230449
73.514707,87,18801.713702
74.236021,95,18807.547673
73.211988,92,18813.215004
73.497861,94,18818.982199
75.033844,77,18823.965768
74.29454,95,18829.833421
74.908033,97,18835.980854
75.177361,82,18841.265042
72.388775,79,18846.313037
71.797491,99,18852.614187
72.845304,87,18858.116016
74.478569,85,18863.599846
73.11712,88,18869.247739
74.838285,83,18874.719318
71.403902,87,18880.317533
75.879986,78,18885.483235
69.154187,95,18891.550893
70.85418,66,18895.918235
74.424523,97,18902.032507
72.742061,97,18908.118532
74.292399,77,18913.132383
74.088381,78,18918.033611
74.937729,93,18923.966046
73.554297,88,18929.50336
74.975951,84,18934.83421
72.556976,88,18940.400593
73.423652,86,18945.766594
75.42424,88,18951.26957
74.580376,80,18956.367034
74.530295,87,18961.735757
74.034839,89,18967.43454
74.896555,97,18973.433326
73.426376,96,18979.385925
73.292122,84,18984.734318
74.688397,88,18990.336166
75.073871,98,18996.336473
73.846778,85,19001.688656
75.157594,86,19007.137016
72.345676,84,19012.336079
74.558758,86,19017.705315
74.47092,83,19023.0081
71.763899,80,19028.035235
75.027,78,19033.034942
74.114496,85,19038.339923
73.892175,92,19044.091274
72.293115,85,19049.484928
74.222524,93,19055.288219
74.622894,80,19060.354
73.478584,95,19066.252871
75.775682,86,19071.805606
73.889723,88,19077.186516
65.845243,84,19082.453194
74.79038,84,19087.772568
73.944844,93,19093.588024
74.795326,93,19099.503959
74.504811,82,19104.713867
73.06941,99,19110.753806
74.403459,86,19116.255152
72.458973,103,19122.488232
75.562786,94,19128.242344
75.424874,81,19133.50753
77.209251,76,19138.507526
74.657711,87,19143.905312
75.282116,78,19148.97253
75.236061,77,19153.925754
74.537053,89,19159.510419
73.241184,86,19164.808786
72.57201,93,19170.509002
74.971821,94,19176.358017
74.998633,86,19181.789373
73.804101,92,19187.556512
73.185106,93,19193.209633
73.769904,81,19198.39096
75.370902,85,19203.827369
74.671526,96,19209.827808
75.289046,85,19215.277489
72.768127,86,19220.714735
73.394974,95,19226.541273
75.01714,93,19232.310616
71.808273,102,19238.530657
73.347815,87,19243.958457
72.989077,97,19250.008497
72.504165,99,19256.246943
74.329685,89,19261.757067
73.328828,79,19266.928215
74.389721,86,19272.407253
74.347078,89,19278.075713
70.284872,100,19284.558705
73.300677,83,19289.959492
72.558619,72,19294.678286
71.904854,86,19300.147198
63.415647,95,19306.180566
74.412158,96,19312.128962
74.061909,97,19318.180181
74.81125,85,19323.545472
74.293533,88,19329.225955
76.112902,79,19334.327818
73.173139,106,19340.929627
75.493053,87,19346.396949
74.683457,80,19351.478088
68.823252,86,19356.868417
76.484855,76,19361.733633
76.724737,81,19366.832605
74.137274,93,19372.529053
74.377549,88,19377.950167
74.136743,89,19383.701653
74.004399,91,19389.478554
74.571415,88,19394.978753
72.743009,88,19400.528279
75.114804,89,19406.081856
74.97816,79,19411.095459
74.272329,79,19416.197959
74.678782,82,19421.416776
74.441225,85,19426.829939
73.18936,88,19432.381471
71.969257,87,19437.92909
72.747409,86,19443.30027
74.026018,81,19448.515331
74.385618,97,19454.43102
74.584457,91,19460.185863
74.920213,84,19465.696958
73.340027,84,19471.052415
73.640775,97,19477.214043
74.470484,98,19483.334291
73.83015,92,19489.236071
72.335077,87,19494.748545
74.3976,94,19500.651823
75.599627,88,19506.197468
71.579444,96,19512.148597
73.03956,94,19518.086156
73.169191,83,19523.319453
76.794541,78,19528.253268
74.002058,86,19533.699016
72.94424,80,19538.685584
74.092841,80,19543.798586
74.779624,79,19548.901884
74.089613,92,19554.469515
74.841867,96,19560.368438
73.506339,84,19565.600863
72.904921,90,19571.321117
71.310391,91,19576.968592
73.882933,93,19582.735493
74.547524,76,19587.585912
76.560183,88,19593.154201
74.232107,91,19598.618444
74.828158,97,19604.669081
74.034585,96,19610.656621
74.915164,86,19616.053951
74.230571,85,19621.421471
70.344955,86,19626.773494
71.863047,92,19632.452281
74.45519,82,19637.651304
-15.247444,9,19639.903244
73.736812,84,19645.270458
74.439645,89,19650.923124
73.949617,90,19656.506418
75.204488,88,19662.105717
73.699895,87,19667.75403
74.185902,88,19673.319896
75.486335,97,19679.38543
74.417974,84,19684.67228
74.808195,86,19690.10394
74.375499,91,19695.822623
73.462403,100,19701.918442
72.287745,86,19707.45429
72.88956,96,19713.404184
73.823173,88,19719.106411
67.307834,90,19724.776867
74.223285,95,19730.473828
74.821597,84,19735.59213
74.474012,87,19741.071042
74.236942,90,19746.654241
76.368159,76,19751.506943
73.771812,96,19757.506549
73.800927,91,19763.156255
74.993399,90,19768.774094
74.958448,88,19774.205716
72.433418,103,19780.52786
73.695116,88,19785.970981
75.089281,91,19791.541687
73.352387,102,19797.873664
74.492041,91,19803.443185
74.33881,90,19809.013176
74.05718,96,19814.942448
74.854969,95,19820.775886
73.147718,97,19826.677362
73.645906,92,19832.473332
73.735917,88,19838.125523
73.645106,95,19844.037979
73.738292,94,19849.826401
74.50892,90,19855.525504
75.421455,83,19860.978642
73.100093,91,19866.723623
75.333175,85,19872.106709
73.014882,86,19877.512054
72.880415,90,19883.091855
74.44226,93,19888.846271
74.663311,93,19894.539567
74.015175,91,19900.296121
73.257235,84,19905.743674
74.152193,96,19911.693038
72.337482,100,19917.927325
73.155675,94,19923.831348
74.553215,78,19928.795342
73.6023,94,19934.450682
73.287928,90,19940.043102
75.12513,89,19945.444305
72.872253,97,19951.443981
72.894827,95,19957.279028
74.186367,86,19962.527502
75.416101,90,19968.115499
73.366421,110,19974.746228
75.40864,86,19980.21479
73.240147,95,19986.012018
75.547889,78,19990.912337
74.387886,85,19996.200263
73.147774,90,20001.74675
73.101402,85,20007.060535
74.003151,87,20012.54477
74.660049,89,20018.150663
73.892153,80,20023.362737
74.225124,81,20028.599429
74.750627,73,20033.364009
74.252442,79,20038.546276
72.696851,93,20044.228253
73.498629,86,20049.747421
74.268833,94,20055.529903
76.204445,81,20060.76273
73.091382,85,20066.211983
75.109076,89,20071.864013
74.656375,82,20077.067162
72.235046,90,20082.864749
75.047519,97,20088.964853
73.464597,86,20094.317507
74.05799,94,20100.14781
74.52209,84,20105.450396
75.5982,94,20111.21891
73.802942,95,20117.031131
74.716744,90,20122.714444
72.810667,97,20128.700139
74.597206,86,20134.068155
72.514292,83,20139.284914
74.144657,91,20144.964946
74.54217,90,20150.4664
73.95683,82,20155.568408
73.500728,91,20161.287228
76.275387,85,20166.58536
74.546991,82,20171.886224
75.064858,91,20177.63538
72.645802,86,20183.085835
71.365269,99,20189.401073
73.051787,101,20195.634997
74.996719,92,20201.318866
72.907864,90,20206.953981
73.351879,92,20212.817629
75.303507,89,20218.453237
73.234216,95,20224.239876
73.728811,81,20229.518501
74.908075,85,20234.966671
71.578512,97,20240.919741
73.306151,92,20246.834347
74.112648,88,20252.287813
74.079903,88,20257.835045
71.409102,104,20264.221188
72.131326,104,20270.790328
73.976352,83,20276.137401
73.820148,98,20282.240372
74.114798,97,20288.136447
74.376607,92,20293.920547
74.623651,89,20299.422314
74.739829,82,20304.602165
73.922084,90,20310.287046
75.497439,87,20315.704253
74.690651,92,20321.452575
72.950145,91,20326.94103
75.048724,90,20332.538486
72.67846,87,20337.855541
73.590569,83,20343.205999
72.635121,98,20349.139052
72.827727,95,20355.062723
75.063237,96,20360.937303
74.354157,85,20366.357401
74.992555,84,20371.706966
75.377741,80,20376.959049
74.018298,111,20383.508721
72.069547,99,20389.590435
73.281598,96,20395.490759
72.592546,78,20400.461052
62.920107,92,20406.144541
72.253206,91,20411.792092
68.516675,87,20417.340385
73.033588,90,20422.907094
74.249102,81,20428.108035
75.61964,78,20433.107636
75.074158,90,20438.690954
73.868304,83,20444.009253
74.289621,93,20449.806745
74.494609,94,20455.709319
74.874684,85,20461.143745
74.119099,85,20466.494869
73.974705,89,20472.290164
73.659596,93,20478.156387
67.834474,88,20483.812875
73.403547,96,20489.660386
73.236067,97,20495.559189
74.912327,85,20501.025131
75.057203,86,20506.528804
73.493794,95,20512.330464
72.794844,94,20518.161169
74.547097,79,20523.228613
72.916477,88,20528.758679
74.101292,88,20534.209942
75.966877,86,20539.629101
73.93521,89,20545.258837
73.918759,87,20550.662389
73.851236,87,20556.011992
73.565147,95,20561.66718
74.367901,80,20566.61212
73.801177,83,20571.76055
74.891098,87,20577.226268
74.330162,94,20582.980724
74.459349,101,20589.177124
74.281645,96,20595.028286
74.953177,90,20600.611642
72.897217,97,20606.563239
73.417963,94,20612.378821
74.478295,84,20617.614316
65.796617,104,20623.98515
73.383416,100,20630.195137
74.291834,86,20635.528063
73.580843,85,20640.913652
75.449844,86,20646.513201
71.970275,95,20652.566899
74.570961,93,20658.383297
74.421788,92,20664.180674
72.858855,90,20669.83175
72.537907,97,20675.982331
74.758211,84,20681.381783
73.050732,81,20686.513227
72.648241,85,20691.798144
74.017095,83,20697.035873
75.146706,83,20702.300233
72.308389,105,20708.820244
72.85601,95,20714.69935
73.706197,91,20720.501535
74.774476,88,20726.165795
74.709945,101,20732.416527
74.749586,94,20738.317385
73.627397,92,20744.053074
73.233393,100,20750.234608
74.409597,86,20755.581657
74.886848,92,20761.30357
74.566107,85,20766.650577
72.777201,94,20772.485054
73.849113,93,20778.300117
72.674677,96,20784.236044
74.840469,84,20789.736587
72.790122,72,20794.485839
75.642129,94,20800.335738
74.003816,86,20805.738153
73.95882,87,20811.216701
73.635612,85,20816.553563
73.930515,91,20822.303189
73.583065,89,20827.990116
73.431713,96,20833.8517
73.957909,92,20839.783821
74.052572,102,20846.119775
74.097632,83,20851.502284
72.804457,94,20857.491231
72.210781,83,20862.733991
75.62375,84,20868.054326
72.33165,96,20874.101951
74.859235,93,20879.853344
73.630652,92,20885.701411
72.572807,99,20891.78983
74.606554,100,20897.952463
74.198771,89,20903.640105
74.440641,90,20909.371033
73.962354,87,20914.84191
71.13547,73,20919.571412
71.612249,83,20924.805252
74.494584,96,20930.7545
74.664641,93,20936.555386
73.935538,90,20942.058014
72.30523,76,20946.8734
74.77205,92,20952.629498
71.967723,94,20958.506105
74.766718,92,20964.222323
75.697694,88,20969.670474
75.339289,83,20975.004455
75.729874,89,20980.474704
76.486902,85,20985.875478
73.064901,95,20991.606231
74.790769,85,20996.908345
73.399196,90,21002.474952
75.152329,90,21008.124315
72.358164,95,21013.871143
74.434216,93,21019.823826
72.861881,88,21025.360705
72.591343,101,21031.707282
72.81436,97,21037.726687
73.711408,88,21043.260535
74.309382,98,21049.325616
75.429016,77,21054.457806
74.473247,88,21060.024341
75.250923,84,21065.425274
75.898164,82,21070.576115
74.244798,94,21076.44441
73.04718,106,21082.822705
75.053578,93,21088.541443
73.81061,86,21094.045179
75.165571,89,21099.424988
75.087691,93,21105.124529
73.844834,100,21111.226578
72.294791,81,21116.374409
73.829534,85,21121.709436
73.91355,92,21127.260557
74.044376,73,21131.926235
73.686206,105,21138.32881
73.989605,93,21144.07708
74.024271,94,21149.843218
73.371059,83,21155.127603
73.473104,95,21161.028165
73.31155,86,21166.475388
73.91377,88,21172.060581
76.261483,83,21177.276107
62.809536,83,21182.633136
74.300944,92,21188.429104
72.778876,92,21194.246674
75.709215,73,21199.060663
74.303246,81,21204.245318
74.644427,80,21209.326434
72.895156,82,21214.592696
75.070902,86,21220.04363
74.88992,80,21225.277472
72.223144,81,21230.542389
73.886077,93,21236.381829
74.483831,80,21241.527808
73.680098,81,21246.642778
73.822616,88,21252.144191
73.99468,94,21257.930827
73.676629,84,21263.265148
66.80443,91,21268.898323
74.602287,85,21274.297747
74.741676,92,21280.033058
73.81739,94,21285.999227
73.288503,72,21290.748512
73.060406,88,21296.165717
72.758713,82,21301.245469
74.647453,94,21307.080276
74.848657,96,21313.200683
68.506973,82,21318.217495
70.571955,80,21323.30145
74.513384,80,21328.414447
75.33308,90,21333.948815
75.41467,82,21339.247706
72.766141,80,21344.302061
74.185741,91,21349.999617
73.97392,96,21355.996828
74.311175,90,21361.650033
75.723859,81,21366.816494
71.635493,101,21372.96678
71.868412,93,21378.816314
74.371096,96,21384.76493
76.111244,86,21390.117377
76.628752,83,21395.467333
74.798903,88,21401.068037
75.966162,88,21406.765305
75.157508,80,21412.150354
72.788,89,21417.849228
74.870255,79,21422.954454
72.515548,92,21428.718797
72.635754,92,21434.566404
75.109997,83,21439.867937
74.199994,89,21445.501708
74.989595,74,21450.369338
74.54482,85,21455.636075
73.308525,75,21460.568931
75.490863,93,21466.437353
75.104042,87,21471.93532
75.196087,74,21476.636569
71.853055,91,21482.169863
74.496664,101,21488.321326
75.267774,86,21493.787328
72.571536,82,21499.037211
73.879655,91,21504.650664
74.772189,95,21510.570256
74.691228,101,21516.802476
74.295163,83,21521.992252
74.95083,82,21527.154553
71.489009,104,21533.485978
73.145876,85,21539.01958
76.012997,91,21544.692555
74.612568,85,21550.224048
75.0073,91,21556.040574
75.342189,85,21561.524548
76.134812,77,21566.488551
74.455628,87,21571.870213
76.055938,87,21577.422052
74.368297,93,21583.237879
74.452105,89,21588.839131
75.688969,82,21594.091615
73.763435,99,21600.239037
74.696217,94,21606.140376
75.182237,82,21611.570992
67.900793,87,21617.072553
74.083492,86,21622.773265
75.512239,84,21628.042518
74.298737,86,21633.540472
72.534696,72,21638.026755
73.581354,96,21643.989585
67.95821,89,21649.442193
74.975237,83,21654.555655
69.970036,87,21659.923023
72.617691,100,21666.15732
71.641802,90,21671.741139
74.729304,90,21677.290187
72.601075,83,21682.343112
74.582591,78,21687.290987
71.802933,83,21692.441876
74.729392,92,21698.20948
74.935155,83,21703.441529
75.347259,92,21709.176922
73.098478,91,21714.873012
75.0123,92,21720.462641
71.368655,90,21726.044588
72.672444,95,21731.811301
75.66469,96,21737.675268
74.823166,88,21743.108074
73.204598,94,21748.893291
74.612652,92,21754.494186
73.811395,85,21759.808717
73.885057,89,21765.311381
74.713585,91,21771.161127
75.414539,85,21776.544507
72.865046,93,21782.312495
74.915511,85,21787.664348
74.070028,85,21793.143412
72.898236,80,21798.195538
74.532485,78,21803.30962
75.719274,84,21808.694241
74.542203,79,21813.864485
74.104365,77,21818.844899
74.68848,89,21824.415265
73.503035,103,21830.911596
73.606672,85,21836.313033
74.333741,88,21841.809062
74.246579,83,21847.110613
76.181812,78,21852.065504
75.088511,80,21856.98115
72.901912,96,21863.013198
75.943094,86,21868.498248
73.742445,94,21874.394661
74.045621,83,21879.58269
76.45067,90,21885.212527
73.955068,103,21891.665574
74.109303,86,21897.149658
73.983623,98,21903.214942
74.447603,95,21909.062773
70.964161,109,21915.783354
75.426368,89,21921.384013
66.852992,81,21926.567829
74.473009,94,21932.383022
75.085046,87,21937.883776
75.406684,64,21942.080732
74.307638,96,21948.033392
75.821302,84,21953.284061
74.125896,91,21959.102606
73.945529,90,21964.71454
74.303643,85,21970.03369
74.917359,88,21975.631642
74.411857,88,21981.267659
73.274452,74,21986.115834
74.813711,90,21991.786066
72.551975,89,21997.435885
75.149339,85,22002.833748
74.616357,95,22008.991867
74.312087,88,22014.665023
75.123491,76,22019.585991
75.518602,91,22025.385791
73.933493,95,22031.266848
72.289845,90,22036.916763
73.688179,95,22042.784196
74.811713,82,22048.016675
72.600972,84,22053.2531
74.849452,89,22058.917047
75.301391,90,22064.554431
71.38949,79,22069.483839
76.519124,83,22074.738209
75.908032,88,22080.235902
70.759353,85,22085.535642
73.49851,79,22090.71761
74.539377,93,22096.639735
73.66072,94,22102.604366
74.357996,85,22107.920774
74.391925,71,22112.53675
75.615994,86,22117.983794
75.371544,82,22123.187882
74.840292,85,22128.586121
75.548201,93,22134.336063
74.962385,86,22139.654662
75.549704,88,22145.28954
73.345716,80,22150.335898
73.839691,82,22155.569177
73.69829,82,22160.703886
75.396412,87,22166.140003
75.86589,85,22171.571986
74.00302,90,22177.235595
74.615791,90,22182.804415
75.877384,87,22188.388019
73.360378,91,22194.207676
73.708832,99,22200.406101
74.095293,91,22206.156554
67.262033,91,22211.924709
75.742409,85,22217.357112
74.118784,87,22222.820902
73.214592,75,22227.604602
73.162284,103,22233.922974
74.119275,88,22239.406579
73.962356,94,22245.109369
74.940269,97,22251.07418
74.439862,88,22256.556644
73.517328,72,22261.106993
67.338951,93,22266.962271
75.898684,90,22272.558742
75.772722,93,22278.308579
74.788386,85,22283.525548
75.277224,86,22288.858773
75.533579,83,22293.925481
75.338443,92,22299.576726
74.736549,94,22305.376012
76.266681,92,22311.058464
68.893501,85,22316.380738
73.761868,85,22321.707963
76.021891,72,22326.327653
73.818484,74,22331.176043
76.074619,89,22336.72766
74.126661,87,22342.111285
75.685406,80,22347.126737
75.23738,83,22352.426785
75.044723,91,22358.132133
73.802578,88,22363.909741
75.003182,82,22369.140181
73.274328,90,22375.078465
75.864028,84,22380.360929
74.280942,91,22386.175731
75.224506,90,22391.76205
73.333767,89,22397.360721
75.905754,77,22402.391762
73.723705,86,22407.82514
75.183149,76,22412.677402
74.193867,88,22418.161392
75.207536,86,22423.445216
75.530454,81,22428.731045
75.263405,81,22433.828729
76.54999,89,22439.329021
75.66963,79,22444.477652
74.073503,86,22449.866224
73.704168,96,22455.845187
74.894807,93,22461.630104
73.070208,89,22467.130141
74.187121,95,22473.179611
75.210093,89,22478.765789
71.862308,85,22484.033653
74.945356,86,22489.429556
75.415122,79,22494.380994
74.878111,82,22499.634163
75.569,86,22505.096365
74.364213,76,22510.012834
74.335927,88,22515.480697
74.936611,80,22520.497153
76.132178,76,22525.478151
74.428201,87,22530.978533
75.558373,87,22536.450284
74.65515,84,22541.747728
74.428966,95,22547.700327
75.357288,84,22552.998088
73.389145,83,22558.347113
74.762898,78,22563.431838
74.475049,91,22569.278896
76.497325,81,22574.483878
72.883301,94,22580.548793
74.790865,82,22585.931726
75.491993,79,22590.948201
73.465452,96,22597.064211
73.389123,101,22603.247841
74.219229,93,22609.047918
75.699031,80,22614.147022
73.925872,95,22620.203236
76.047716,83,22625.366649
74.575358,86,22630.850497
75.154164,87,22636.3164
74.021348,94,22642.200378
74.791888,85,22647.550703
66.70746,90,22653.202274
71.19958,80,22658.203257
75.688942,75,22662.952089
75.009726,88,22668.433906
75.61526,80,22673.501746
74.953225,89,22679.017768
75.98411,79,22684.167269
75.985384,80,22689.150254
74.490321,91,22694.754717
74.471963,96,22700.650079
73.677487,100,22706.805125
73.8532,92,22712.70442
75.102791,88,22718.304489
76.041313,84,22723.604163
73.456674,84,22728.954149
74.006555,89,22734.734332
73.809078,98,22740.718694
73.965694,89,22746.420873
74.040671,90,22752.103028
67.754139,87,22757.657431
74.420065,86,22763.105119
71.781587,78,22768.136261
74.74765,92,22773.920816
75.338975,86,22779.502971
73.335401,76,22784.571469
75.843896,81,22789.825809
77.013191,78,22794.75525
74.793877,91,22800.374362
71.782889,89,22806.021459
75.389871,94,22811.90616
75.064586,92,22817.619512
74.14898,97,22823.607298
73.29655,96,22829.475255
73.377196,95,22835.372291
75.605818,81,22840.425927
75.129449,84,22845.689381
73.232223,92,22851.341603
75.596968,88,22856.892646
76.162962,84,22862.137537
74.305837,92,22867.590044
73.767957,73,22872.221692
73.23411,95,22878.072986
75.253507,87,22883.472322
72.060739,88,22888.923653
74.649846,78,22893.875115
73.081262,91,22899.573138
74.224541,88,22904.992094
73.219832,90,22910.672582
73.970638,96,22916.626695
74.690373,86,22922.091351
75.117579,90,22927.672502
74.74315,88,22933.223229
76.417345,83,22938.429008
75.385194,81,22943.47565
73.875149,86,22948.856896
74.537935,91,22954.705587
73.314847,92,22960.540578
76.233253,95,22966.540988
76.377723,77,22971.543575
74.669538,86,22976.944478
73.975056,95,22982.962073
74.045751,89,22988.642944
73.953899,84,22994.027171
73.837909,90,22999.729424
74.099226,88,23005.261334
75.033588,81,23010.342897
75.101186,93,23016.195511
74.824408,86,23021.530273
73.830684,80,23026.609542
74.774198,89,23032.192882
75.994404,92,23037.843741
75.425489,94,23043.460857
74.057974,95,23049.411475
74.732128,91,23054.993045
75.635927,84,23060.096149
74.226726,86,23065.495135
74.68775,91,23071.197356
74.980238,82,23076.514748
73.145249,96,23082.39369
74.888782,87,23087.793894
75.407385,91,23093.445604
74.737131,91,23099.145706
75.443275,89,23104.661478
74.231323,91,23110.44721
75.881559,83,23115.74578
74.873656,87,23121.17817
73.578949,91,23126.845884
74.708701,91,23132.464784
71.662685,101,23138.616931
74.493546,89,23144.263014
74.682398,93,23150.113563
71.5621,78,23155.210865
75.056207,81,23160.263589
74.897055,87,23165.780388
74.976417,87,23171.312946
73.779522,104,23177.734289
75.828084,90,23183.366055
75.152032,89,23188.917317
74.316034,85,23194.380286
73.314394,101,23200.664962
74.572809,92,23206.431417
74.157675,85,23211.764592
75.37211,79,23216.699725
75.440989,82,23222.018899
74.803222,93,23227.783112
74.778756,97,23233.731773
75.143478,98,23239.766392
73.852636,103,23246.102217
73.669417,79,23251.166804
75.357734,87,23256.63247
73.6008,92,23262.415191
72.428703,99,23268.636469
72.883456,100,23274.816636
73.141752,96,23280.616707
73.052407,93,23286.448591
74.21654,82,23291.534753
73.64452,84,23296.886739
75.76445,81,23302.116154
73.733385,83,23307.321996
75.75157,83,23312.635101
72.155434,96,23318.451913
76.268024,83,23323.636525
75.327524,85,23329.050884
74.072451,89,23334.51988
74.495781,82,23339.683911
67.855086,85,23345.056899
75.197825,88,23350.786177
74.608642,84,23356.339201
73.294494,90,23362.070005
75.044789,83,23367.318285
74.854127,90,23373.17203
73.892016,86,23378.685108
66.921459,85,23384.037508
72.561656,92,23389.786095
73.505244,100,23395.935929
73.670091,89,23401.568868
74.653216,93,23407.286118
75.207079,75,23411.987224
74.792246,97,23417.953869
74.548026,81,23423.218676
75.295042,94,23428.989937
73.082164,87,23434.505186
66.131157,94,23440.343958
74.960588,90,23445.987098
74.608202,74,23450.68664
73.78463,79,23455.758084
74.762678,82,23460.976572
75.805499,83,23466.240462
74.411203,87,23471.592741
74.371759,82,23476.792282
75.01988,77,23481.740324
76.03658,81,23486.808953
76.577932,80,23491.807749
75.067472,95,23497.837309
71.920156,85,23503.142283
74.102818,99,23509.306043
75.750937,86,23514.792007
73.132424,84,23520.288329
76.227316,84,23525.638802
72.356521,89,23531.260478
75.485694,96,23537.176295
75.883184,81,23542.441075
73.369586,95,23548.62544
73.4593,71,23553.342565
75.363167,98,23559.541302
71.215758,95,23565.529227
74.195009,90,23571.177815
76.255884,77,23576.140136
75.050699,78,23581.058148
74.597473,80,23586.159353
74.122949,92,23591.941203
74.992091,85,23597.324491
76.188075,79,23602.308097
74.757623,82,23607.508193
73.748281,83,23612.828433
75.28328,77,23617.611068
74.068789,88,23623.142979
74.771638,93,23628.958967
73.282798,96,23634.861068
73.128561,97,23640.878536
76.138133,83,23646.230575
74.652561,83,23651.379006
75.158823,91,23656.925585
74.275018,97,23662.877229
74.621107,80,23668.063056
73.894341,105,23674.377059
74.556356,79,23679.360656
75.016327,83,23684.582725
70.32703,77,23689.511198
73.170854,84,23694.845311
72.776676,87,23700.461943
75.274213,99,23706.660802
70.68585,86,23712.00986
74.695715,73,23716.74555
74.259479,94,23722.530523
73.438595,77,23727.414847
75.027254,82,23732.514734
74.001231,91,23738.330359
75.226856,81,23743.530774
75.789173,75,23748.481482
74.068633,86,23753.9301
73.478682,92,23759.730772
74.452458,91,23765.463011
77.371651,76,23770.328008
74.597077,89,23775.831676
75.590834,85,23781.23226
73.896216,80,23786.181109
75.145496,89,23791.749912
75.022197,87,23797.085975
72.741334,89,23802.635896
74.448247,87,23808.063664
73.1974,83,23813.149029
70.969393,114,23819.980277
74.968632,82,23825.147688
76.44757,73,23829.783044
74.865306,90,23835.448032
73.553365,87,23840.950127
74.827592,91,23846.699744
74.09214,92,23852.513819
66.341565,85,23857.89801
73.758799,90,23863.452437
74.315536,77,23868.465072
74.17222,83,23873.652147
75.150068,88,23879.331786
68.19706,82,23884.535578
74.185781,88,23890.231007
74.076099,93,23896.231621
73.210534,94,23902.231892
73.176069,70,23906.902943
73.807452,83,23912.214799
74.793375,94,23918.101326
76.076701,81,23923.386466
74.934415,86,23928.800114
73.263305,88,23934.484043
75.891019,82,23939.916631
75.046138,79,23945.000564
75.024885,87,23950.535241
75.532616,75,23955.403204
73.855153,84,23960.651735
73.158655,98,23966.854295
75.100729,88,23972.403644
71.289103,88,23977.90159
75.016157,83,23983.152807
74.531882,94,23988.870511
75.239694,86,23994.301659
73.858954,104,24000.603523
75.178238,85,24005.873176
73.227613,73,24010.604338
74.172756,99,24016.771401
75.678388,85,24022.087474
71.038537,72,24026.654886
74.062438,93,24032.503322
75.098326,82,24037.719949
75.217075,86,24043.105997
74.321154,94,24048.856218
76.60319,93,24054.656676
73.49349,82,24059.85482
74.698746,92,24065.519636
74.08836,95,24071.27341
74.825315,83,24076.553608
75.324787,93,24082.372448
75.603436,91,24087.973884
73.972575,100,24094.222975
75.054484,94,24100.122556
75.986966,83,24105.390273
75.024135,76,24110.288152
75.525546,86,24115.670536
74.883424,91,24121.424258
75.641766,89,24127.006431
72.55873,83,24132.275456
74.423321,84,24137.527073
74.255059,94,24143.323601
74.841007,79,24148.440007
74.392124,86,24153.772314
74.722238,86,24159.072983
74.209953,86,24164.575651
73.499736,89,24169.989115
75.046071,78,24174.924181
75.386171,85,24180.274466
74.86213,86,24185.644322
75.791255,94,24191.325984
74.34223,81,24196.277684
73.457001,102,24202.425175
71.232959,85,24207.679071
73.280813,92,24213.325351
74.860107,90,24218.806999
74.81288,91,24224.443044
76.819062,80,24229.528245
71.857371,117,24236.492473
74.703065,93,24242.197213
74.370676,100,24248.293
74.889293,80,24253.227054
72.931444,78,24258.224377
73.535478,94,24263.976098
74.219636,92,24269.692365
74.289803,86,24275.075994
75.007135,81,24280.14649
75.786214,79,24285.291617
74.875154,88,24290.877061
74.936936,99,24296.926576
73.885777,95,24302.997204
74.094956,86,24308.630647
71.198396,76,24313.610893
75.155654,94,24319.479789
75.97315,77,24324.565187
74.654216,89,24330.311779
74.291899,86,24335.730792
74.408927,90,24341.46291
74.800561,89,24346.943795
74.968887,87,24352.40944
75.862828,74,24357.196475
74.954268,90,24362.696772
75.66404,84,24368.046172
75.369708,87,24373.56138
76.858067,76,24378.394026
73.701847,78,24383.396704
74.661193,94,24389.195166
73.919238,98,24395.151527
75.676164,76,24400.067677
74.76817,94,24405.930829
75.558095,86,24411.349942
75.524162,82,24416.578721
74.916482,87,24422.048951
74.052592,85,24427.432644
75.028298,91,24433.095274
73.789455,83,24438.301749
74.418696,88,24443.948069
74.034415,86,24449.397887
75.541188,87,24455.016832
74.629972,82,24460.251496
72.588214,97,24466.315671
73.242716,85,24471.748574
75.015839,87,24477.218441
75.959211,86,24482.815114
75.735086,84,24488.101475
74.890456,85,24493.613286
74.251903,77,24498.597174
74.861818,78,24503.765911
76.081808,76,24508.665875
72.554301,87,24514.316825
74.166546,84,24519.781583
75.165603,82,24525.016257
75.224703,86,24530.61579
74.914466,89,24536.400567
75.463345,89,24542.018869
74.379778,92,24547.767743
74.681624,83,24553.149814
75.918162,81,24558.268337
73.095574,81,24563.466916
73.101794,79,24568.437516
75.530116,78,24573.469214
75.129753,83,24578.787491
76.428082,87,24584.319144
74.521974,97,24590.266447
73.735539,92,24595.97117
75.002508,90,24601.669106
74.315271,85,24607.219891
72.934185,95,24613.188294
74.396781,85,24618.536811
74.057546,84,24623.719164
74.804783,95,24629.617772
74.324635,96,24635.472162
72.211,101,24641.689409
76.21173,79,24646.718819
75.442614,82,24651.986711
74.761952,83,24657.337083
74.896139,88,24662.839613
74.461513,92,24668.634739
74.515353,92,24674.501691
72.251194,71,24679.073131
73.887511,95,24684.968417
76.176093,80,24690.138084
73.617152,90,24695.738197
74.57698,96,24701.687448
74.499497,91,24707.437918
72.893921,95,24713.424314
70.724585,88,24719.086493
75.105224,85,24724.473705
74.834172,94,24730.336294
75.165318,87,24735.875144
76.711657,89,24741.408658
75.204725,87,24746.925295
75.314804,89,24752.537889
76.188555,79,24757.591966
74.04343,90,24763.109177
70.295932,76,24767.991948
74.148447,87,24773.538417
73.810441,92,24779.238833
73.996148,96,24785.090998
74.990293,83,24790.355471
73.633939,90,24795.954716
75.405804,95,24801.757936
73.487633,104,24808.108434
75.224509,83,24813.241598
75.401621,89,24818.790953
75.42856,89,24824.221811
74.764055,85,24829.511685
73.760372,97,24835.514141
74.441524,91,24841.25045
74.402282,100,24847.410507
73.561617,95,24853.243214
74.98504,90,24858.940966
76.39244,91,24864.492558
74.849964,83,24869.641219
74.849354,92,24875.239931
75.694041,82,24880.558445
74.324926,99,24886.690321
76.312477,86,24892.093464
76.719347,78,24897.242368
74.524411,90,24903.014476
74.691051,89,24908.561488
73.436869,86,24914.111974
74.60222,96,24920.126173
73.47796,95,24926.175881
74.102592,85,24931.546061
72.082088,87,24937.113278
73.780611,81,24942.227008
74.980028,92,24948.009304
73.747673,83,24953.259509
74.418065,80,24958.378779
73.741031,92,24964.17621
74.260601,91,24969.861017
75.311003,77,24974.72784
74.129536,81,24979.780498
74.326657,99,24985.779688
73.872568,83,24991.130136
75.411148,86,24996.60961
74.583156,80,25001.777933
74.669702,92,25007.413448
73.669905,95,25013.262996
75.044262,94,25019.162246
73.583284,96,25025.12847
72.817128,99,25031.411996
74.693511,84,25036.713368
74.781513,86,25042.03115
74.043705,94,25047.964953
74.608442,83,25053.13287
73.502592,110,25059.930443
74.700527,91,25065.616248
74.20306,84,25071.012996
70.654102,75,25075.814258
74.299557,86,25081.197764
72.453597,100,25087.564062
72.574412,89,25093.31391
73.276539,84,25098.779501
75.73935,88,25104.47913
74.841946,95,25110.600782
74.945317,85,25115.96617
73.789306,99,25122.313892
74.63594,89,25127.880895
75.303969,86,25133.329382
74.680948,85,25138.763508
74.671985,83,25144.047542
74.615264,91,25149.780486
73.451319,103,25156.047422
74.262771,85,25161.401901
75.698439,85,25166.682294
74.416519,98,25172.666623
73.699033,100,25178.883184
74.73722,91,25184.484537
74.677322,95,25190.269349
73.505071,84,25195.534024
73.53342,92,25201.13719
73.073625,100,25207.331739
74.072517,84,25212.719237
76.122429,87,25218.20308
74.868999,88,25223.683139
74.963744,91,25229.283256
75.843401,85,25234.703993
73.437956,68,25239.13368
74.271014,82,25244.401406
73.763868,103,25250.936302
75.192057,91,25256.605206
74.568068,85,25262.057362
75.279318,88,25267.53548
75.628715,87,25273.051336
76.291321,83,25278.439761
75.893521,80,25283.553615
73.477824,93,25289.484251
73.726408,91,25295.100155
72.891402,96,25301.150926
75.550194,83,25306.402256
74.589132,99,25312.702808
72.371323,104,25319.002948
74.534211,94,25324.735336
72.644146,96,25330.624611
75.230975,88,25336.104747
74.058784,78,25341.119813
73.402378,90,25346.75781
72.723465,100,25353.00217
74.822159,91,25358.506219
72.462273,81,25363.505288
74.039865,97,25369.408647
73.961788,80,25374.37577
75.740588,97,25380.186418
74.162277,91,25385.804521
72.760043,84,25391.107369
73.710926,100,25397.0564
74.729328,81,25402.220578
75.584048,79,25407.254643
74.824339,89,25412.871297
73.362747,98,25419.0737
73.579184,78,25424.158037
72.822511,108,25430.725798
75.960449,81,25435.97451
72.791284,71,25440.607006
74.745458,88,25446.005619
74.828859,89,25451.506106
75.112272,91,25457.209084
76.151001,81,25462.407788
75.173036,90,25467.956427
72.593838,76,25472.855785
73.726435,92,25478.522201
75.266673,86,25483.875104
74.332083,66,25488.356437
71.302775,87,25493.825891
75.141888,82,25498.9743
73.798891,76,25503.975591
75.418018,89,25509.576974
74.180069,95,25515.575326
74.671659,98,25521.527196
75.388463,87,25527.010509
74.768167,86,25532.377701
73.826959,86,25537.72917
74.571479,93,25543.542479
75.25608,85,25548.759865
76.310913,83,25553.944578
74.172026,93,25559.642509
73.388052,88,25564.993204
74.597282,86,25570.297353
74.914748,93,25575.977596
73.704714,94,25581.644733
75.168685,82,25586.777706
73.371929,108,25593.428215
74.514043,85,25598.676567
72.260194,98,25604.645826
70.967989,105,25611.092683
73.292032,103,25617.413691
75.048075,79,25622.378262
75.459526,78,25627.446803
75.5846,95,25633.496012
74.377875,98,25639.581683
73.861633,91,25645.394214
73.377954,103,25651.629227
73.659127,100,25657.729422
72.361174,88,25663.261049
72.895765,86,25668.780026
74.849518,81,25674.08009
22.581265,45,25677.295728
73.18619,95,25683.228873
74.664358,91,25688.877793
73.733646,90,25694.64967
72.161807,72,25699.395936
72.917181,91,25705.196182
75.419558,96,25711.133173
73.227696,88,25716.649158
76.877494,77,25721.699683
73.772886,92,25727.346019
70.872103,94,25733.115058
75.000516,97,25738.997088
74.934978,89,25744.580419
73.715158,91,25750.250982
73.811553,97,25756.263674
74.748952,83,25761.483128
74.661101,91,25767.098191
74.277398,96,25773.149457
74.4394,92,25778.801217
75.5615,81,25783.934192
75.793615,84,25789.350529
74.910342,87,25794.899408
73.818135,98,25801.032259
75.858333,86,25806.451019
74.936407,85,25811.863853
74.165422,81,25817.102357
76.57552,75,25821.968153
73.180124,96,25827.818728
74.419124,98,25833.904066
74.297856,90,25839.469887
72.620758,92,25845.267829
74.669071,89,25850.903294
73.966517,92,25856.600513
75.018802,81,25861.767681
73.940124,90,25867.302376
74.215024,83,25872.517793
74.465047,81,25877.850159
75.355287,88,25883.470158
74.625821,83,25888.86769
75.145592,82,25894.219781
73.860821,83,25899.565808
74.08002,85,25904.900223
76.274808,79,25910.037584
73.223021,101,25916.339563
73.925243,93,25922.122153
73.46087,92,25928.919997
73.795976,91,25934.53875
74.170205,95,25940.48652
73.264938,95,25946.420064
75.355708,87,25951.820881
75.7287,87,25957.237881
73.892688,80,25962.318843
74.625967,89,25967.790775
74.645091,94,25973.654308
73.708377,87,25979.052108
76.509594,85,25984.289864
74.087313,91,25989.773399
75.51743,89,25995.219013
74.555212,86,26000.573935
76.033634,80,26005.588252
76.083375,89,26011.223559
73.326748,75,26015.974622
75.045479,89,26021.621982
74.464039,86,26027.122323
72.784568,76,26031.870223
73.831373,105,26038.2882
74.425136,92,26044.0918
75.24195,73,26048.773559
75.400469,83,26054.124882
74.162083,97,26060.188758
73.050516,85,26065.591224
75.690421,82,26070.78807
73.889826,80,26076.03878
75.459882,82,26081.422552
74.237438,86,26086.943825
75.195936,84,26092.254929
74.876361,90,26097.990732
75.29641,82,26103.308936
76.618408,82,26108.391309
75.117193,83,26113.574749
76.431604,80,26118.608984
74.057027,94,26124.294013
72.736544,101,26130.343495
75.206122,81,26135.492503
75.656767,83,26140.693537
74.861554,81,26145.645147
73.745452,100,26151.78986
75.224736,87,26157.290116
75.595123,85,26162.542669
74.723535,92,26168.073933
75.562829,86,26173.424892
74.442252,94,26179.260994
74.998119,106,26185.693933
75.558541,81,26190.842331
73.710076,91,26196.541164
74.829908,91,26202.161386
74.399403,91,26207.760017
74.076981,85,26213.045901
74.13785,85,26218.311905
76.917103,80,26223.409314
75.481049,92,26229.095937
75.385672,92,26234.69783
74.351592,81,26239.717195
73.492592,90,26245.426702
73.971467,73,26250.09292
76.27852,87,26255.610892
74.281201,81,26260.765087
75.654804,75,26265.745973
74.18231,64,26270.065138
73.343345,86,26275.581308
76.424969,88,26281.110601
75.206107,90,26286.714263
76.808624,80,26291.829085
75.864655,86,26297.3658
76.034694,90,26303.012583
75.08158,87,26308.363114
73.85283,99,26314.514528
73.967214,87,26319.963483
72.590492,100,26326.165275
73.935482,91,26331.814746
74.871543,91,26337.462672
74.440858,93,26343.317392
74.595517,96,26349.247022
73.737069,74,26354.030001
74.0489,91,26359.781898
74.957004,81,26365.063106
75.438544,91,26370.813637
75.580503,93,26376.435362
74.301857,85,26381.866501
74.757225,83,26387.266182
73.063569,74,26392.067739
75.469053,76,26396.979838
75.689391,86,26402.420572
75.489794,79,26407.432819
75.580377,85,26412.883225
76.128244,85,26418.248746
74.302156,90,26423.914259
77.091541,81,26429.034589
76.262227,84,26434.415426
74.022863,92,26440.216908
74.155926,87,26445.699258
75.141059,92,26451.484532
73.670724,88,26457.170624
74.201084,90,26462.818601
74.370065,79,26467.985877
75.348975,82,26473.25077
75.752235,93,26479.069232
72.887411,73,26483.885293
75.164882,89,26489.484794
74.929147,83,26494.785626
74.345787,98,26500.93522
76.47037,88,26506.367088
74.744122,90,26511.867667
73.700521,99,26517.951719
75.669866,81,26523.033722
74.954814,97,26528.888705
73.859925,101,26535.035443
73.212147,117,26542.135371
75.708214,85,26547.402282
72.511539,94,26553.218954
73.908165,97,26559.234965
74.277868,85,26564.506152
74.271911,92,26570.206484
23.351996,42,26573.290672
74.04707,91,26579.036588
76.170285,85,26584.421336
74.695548,96,26590.190519
72.142822,94,26596.12167
74.876681,86,26601.542364
73.265087,84,26606.919358
75.153487,83,26612.190085
75.869808,81,26617.30879
73.431608,95,26623.140091
74.63615,88,26628.687232
73.302943,95,26634.570815
74.415414,86,26640.072511
72.862356,85,26645.339743
75.417818,82,26650.60754
76.494261,77,26655.55567
74.15774,96,26661.538599
74.869721,92,26667.272185
66.427734,95,26673.241917
74.011942,85,26678.708834
74.985619,91,26684.404414
75.984518,87,26689.856541
75.921107,81,26695.05813
75.29067,93,26700.858665
75.073317,96,26706.857617
73.896255,104,26713.160553
74.187162,96,26719.107418
74.542921,85,26724.440756
74.449659,88,26729.908083
74.123756,87,26735.358295
74.926121,89,26740.773218
74.582982,91,26746.475109
69.794712,76,26751.24416
73.432099,87,26756.627109
74.732762,95,26762.477134
73.566807,80,26767.459028
73.766372,91,26773.128523
73.640859,92,26778.811109
76.023192,83,26784.062482
74.322911,104,26790.327793
75.212868,77,26795.227449
76.274687,91,26800.959817
75.110288,87,26806.376555
75.096724,86,26811.80885
74.082814,86,26817.261823
74.757219,87,26822.761469
74.670151,96,26828.709728
74.877754,103,26834.96023
74.647338,90,26840.809817
74.633418,88,26846.229627
74.62074,87,26851.730696
74.704935,93,26857.579935
74.628058,95,26863.428935
74.886712,88,26868.966271
73.592699,107,26875.54927
73.284882,72,26880.229907
74.568273,96,26886.131963
75.262186,90,26891.74458
74.272306,78,26896.697242
74.183856,85,26902.097476
73.261577,94,26907.897514
73.601158,97,26913.962739
74.032568,100,26919.930369
75.315048,97,26925.95058
74.045134,93,26931.68085
74.861772,80,26936.696523
74.487603,96,26942.694947
73.773647,94,26948.498405
73.767317,97,26954.680416
72.034099,76,26959.531436
74.636398,88,26964.948916
76.031916,89,26970.481698
73.638502,100,26976.679564
74.440452,85,26982.047384
73.130601,91,26987.73184
75.200153,87,26993.201847
72.867888,81,26998.401505
75.685595,83,27003.730364
75.539059,86,27009.131251
73.449882,79,27014.084717
71.577095,76,27019.047592
75.065537,97,27025.202969
74.258547,79,27030.348007
73.819595,81,27035.451053
73.816592,92,27041.205042
74.704919,88,27046.866771
74.920256,87,27052.432518
76.934252,80,27057.551608
74.841661,86,27063.122633
75.517536,73,27067.799579
74.599113,92,27073.60168
74.638776,91,27079.400101
75.561902,84,27084.752058
70.669235,90,27090.385484
74.195241,72,27095.051828
75.631172,93,27100.649564
73.547182,91,27106.402605
76.237994,78,27111.451098
74.502316,101,27117.569295
75.197941,82,27122.784235
75.297441,84,27128.150837
74.164219,82,27133.454609
75.286369,84,27138.835487
74.172217,96,27144.821085
74.997324,88,27150.402943
73.562381,93,27156.255193
74.718216,78,27161.272151
74.864763,88,27166.821531
74.439962,82,27172.085781
74.249637,82,27177.303509
73.939295,86,27182.668884
74.864441,91,27188.320969
75.413195,92,27194.053293
74.312276,84,27199.452713
73.512649,93,27205.203746
74.808668,89,27210.673513
73.979607,90,27216.30544
75.864332,84,27221.655788
75.648159,83,27226.773901
74.742694,82,27232.205001
74.64792,86,27237.804771
74.828663,75,27242.724384
75.274084,84,27248.171884
74.29552,93,27254.024132
74.834922,87,27259.471562
75.375624,83,27264.675142
74.193097,79,27269.691614
74.68736,93,27275.540943
72.544257,86,27280.97137
74.694986,87,27286.372232
74.658103,90,27291.994053
75.689512,90,27297.606915
74.128167,85,27302.973889
75.596734,89,27308.573656
75.003635,86,27313.78982
73.881886,86,27319.23898
76.711284,78,27324.0745
73.858294,84,27329.493783
70.781873,96,27335.41013
74.157306,98,27341.473631
74.522671,90,27347.025337
73.650879,92,27352.857596
75.072153,78,27357.794435
74.120812,102,27364.072739
73.965126,85,27369.376129
74.856598,97,27375.391062
73.039936,83,27380.592348
72.562805,100,27386.877419
75.03855,85,27392.176228
74.069092,89,27397.776094
73.940092,98,27403.844226
74.716188,94,27409.643617
74.498356,94,27415.57526
74.203484,88,27421.160305
75.591826,95,27427.091331
73.759727,88,27432.745961
72.318059,89,27438.428013
74.650206,95,27444.342676
73.873779,93,27450.093102
74.779631,85,27455.397561
74.372756,93,27461.159604
74.104157,88,27466.648526
74.480427,92,27472.344016
75.120996,90,27477.828907
74.828101,89,27483.378603
73.808482,91,27488.995818
74.72425,91,27494.56129
74.513588,97,27500.446591
74.69577,80,27505.444802
66.816938,100,27511.600233
73.198473,68,27515.946823
73.400838,80,27520.947401
73.527747,92,27526.545874
75.27184,91,27532.366838
76.804357,87,27537.929926
74.84162,87,27543.260755
75.138106,86,27548.64842
75.71432,82,27553.864387
75.032906,87,27559.248908
74.990544,81,27564.346608
75.260399,80,27569.451653
74.376974,86,27574.76414
72.422943,94,27580.63541
75.449851,86,27586.197666
74.925546,89,27591.699406
74.81538,85,27597.096177
74.191824,90,27602.951253
74.870382,67,27607.314421
73.529374,92,27613.084963
73.161587,74,27617.916771
75.408347,85,27623.333719
74.329094,82,27628.581769
72.53266,96,27634.767172
73.156064,111,27641.637132
73.258052,91,27647.283115
74.905301,86,27652.70214
72.754251,82,27657.817874
74.025158,94,27663.652662
74.927331,87,27669.084914
76.641562,77,27674.069119
74.879041,81,27679.217001
73.022038,102,27685.416732
74.564966,78,27690.454406
75.116313,84,27695.851755
76.390746,86,27701.370798
74.431555,97,27707.384873
74.763118,80,27712.569211
74.534512,95,27718.521434
73.10162,96,27724.420763
73.967938,95,27730.220475
76.518655,85,27735.449929
74.46963,94,27741.269155
70.802782,87,27746.766739
74.076048,104,27753.018167
72.935599,76,27757.887943
76.120051,90,27763.536545
74.212393,89,27769.270195
74.518364,83,27774.520748
75.586634,81,27779.670432
72.177643,91,27785.340144
74.245123,86,27790.772803
75.719149,79,27795.885439
74.510606,90,27801.721605
75.362352,81,27807.101575
75.186305,89,27812.688295
73.872996,102,27819.122972
74.978936,99,27825.171206
74.711907,82,27830.486625
72.959298,95,27836.420653
75.540215,87,27841.838012
76.088632,85,27847.290357
74.27955,99,27853.354351
74.842956,88,27858.891748
74.143696,98,27864.791259
74.132077,85,27870.187369
74.980793,84,27875.690603
76.122508,84,27880.809354
74.898756,98,27886.890749
75.206387,92,27892.588833
74.762373,84,27897.872994
74.18474,97,27903.79006
75.071037,88,27909.376702
74.802374,84,27914.606358
75.209576,89,27920.123871
75.102515,93,27925.859481
68.852336,76,27930.657598
74.724369,84,27935.910491
73.07253,84,27941.140854
75.742047,85,27946.523187
73.646789,90,27952.257776
73.650413,87,27957.607965
76.762576,86,27963.007742
75.252725,90,27968.623707
75.062894,81,27973.844005
74.839748,87,27979.36001
72.904949,86,27984.693367
75.355659,92,27990.659009
75.171896,88,27996.258804
76.166934,78,28001.342038
74.534091,83,28006.710913
74.186324,100,28013.010163
66.670551,88,28018.607953
74.32337,86,28024.040841
72.497888,93,28029.809703
75.097124,80,28034.892217
75.465014,80,28040.058187
74.224393,84,28045.309072
74.949664,92,28051.027214
75.249159,90,28056.679161
73.802833,95,28062.463066
74.199392,86,28067.810483
75.820975,94,28073.609279
75.733511,79,28078.563051
74.286663,89,28083.962806
73.487013,76,28088.861187
75.5409,88,28094.261394
76.285909,96,28100.230254
74.163877,84,28105.494595
74.887071,93,28111.283091
73.430006,90,28116.867313
74.09911,90,28122.411899
74.296466,87,28127.876505
75.867544,85,28133.266678
75.374899,89,28139.0143
75.51549,95,28144.92863
73.310216,86,28150.335836
74.05126,91,28156.030115
74.591836,68,28160.483764
75.159261,81,28165.779204
73.242077,92,28171.681784
74.900365,81,28176.964294
73.722751,104,28183.329336
74.369045,85,28188.730317
72.883589,96,28194.713876
74.537693,96,28200.631506
75.879924,83,28206.114255
74.015624,96,28212.21389
73.786931,103,28218.747237
75.926564,83,28224.030507
73.376738,103,28230.280905
74.75004,89,28235.966625
75.412661,95,28241.817021
75.009062,91,28247.482632
74.427026,83,28252.549926
75.083931,92,28258.184757
75.629056,82,28263.448145
75.364057,89,28268.98375
74.380795,81,28274.132811
73.248226,82,28279.283437
75.494573,91,28284.936037
74.971278,90,28290.485902
75.642592,79,28295.683707
76.078249,83,28300.984883
75.303799,94,28306.916408
74.462555,96,28312.905868
73.488477,97,28319.083551
74.537484,90,28324.733802
72.841548,95,28330.654118
73.029367,91,28336.400548
74.231895,90,28342.150954
73.464675,96,28347.985947
73.402255,88,28353.536128
74.129893,98,28359.605979
73.760754,99,28365.737309
74.193927,93,28371.468442
74.592654,93,28377.23454
74.910941,93,28382.993466
74.106012,98,28389.170128
74.663802,88,28394.700831
73.793973,85,28400.154832
74.749002,79,28405.219461
74.072684,83,28410.350641
75.247509,93,28416.085934
73.54067,89,28421.788633
75.689571,87,28427.402559
75.685827,73,28432.101797
74.976417,83,28437.332953
72.11937,83,28442.688153
75.538917,85,28448.054346
73.022211,85,28453.403973
73.683035,82,28458.473275
74.31796,91,28464.203015
72.189469,79,28469.154245
73.462459,91,28474.856187
74.188132,93,28480.423598
73.819122,87,28485.902732
74.593997,85,28491.222995
74.772347,79,28496.370733
70.427947,86,28501.653839
75.295439,86,28506.956141
75.31026,92,28512.605587
73.686908,87,28518.057995
73.965886,82,28523.312019
75.230487,84,28528.65656
73.388605,84,28533.921074
74.954752,82,28539.289248
75.477783,90,28544.908231
72.641525,103,28551.30594
75.106753,89,28556.822697
73.470861,92,28562.576704
74.441775,102,28568.774214
73.68066,80,28573.861431
74.34174,89,28579.425376
73.61783,110,28586.410647
75.028492,80,28591.558126
72.642353,100,28597.77453
72.953259,75,28602.658709
74.213956,93,28608.372801
72.874524,82,28613.641553
74.865784,82,28618.928622
73.999164,86,28624.344306
74.674186,90,28629.909779
73.522069,71,28634.611689
74.104719,85,28639.928746
73.96439,102,28646.142561
72.914834,100,28652.295416
74.462736,94,28658.179034
75.508965,93,28663.876916
74.140466,94,28669.625676
74.192952,86,28674.92628
73.783626,96,28680.83132
75.654792,88,28686.308527
73.80673,101,28692.64168
75.289259,82,28697.77779
73.981951,102,28703.879482
74.168643,105,28710.230264
75.537042,87,28715.575053
74.609505,94,28721.510132
74.323341,94,28727.493625
75.645261,84,28732.943658
74.445471,96,28739.028527
73.683942,83,28744.400315
73.983203,87,28749.746633
73.847632,88,28755.230182
74.154807,92,28760.979913
74.202614,98,28767.148943
77.631746,75,28772.130497
70.416935,85,28777.745743
74.096738,100,28784.131023
72.704677,111,28790.894578
75.325597,85,28796.212921
72.368472,103,28802.494858
73.388111,99,28808.628946
75.857184,83,28814.029775
74.933374,82,28819.195587
73.480813,99,28825.245874
74.465174,92,28830.94923
73.833486,89,28836.446841
73.673658,90,28842.084251
76.174388,88,28847.551505
74.20139,88,28852.897601
70.38023,99,28858.948789
73.831349,93,28864.814542
74.522302,91,28870.531812
76.222854,87,28875.948485
72.895388,97,28881.94669
74.392404,91,28887.599693
71.415115,86,28893.00128
74.981872,85,28898.468219
74.153394,88,28903.853262
73.812334,83,28909.083745
71.096904,88,28914.699196
73.345471,93,28920.436046
74.40709,92,28926.069197
74.49905,98,28932.168366
74.707447,94,28938.015351
74.847654,86,28943.253572
73.073709,84,28948.519675
73.559691,107,28955.216738
75.166663,90,28961.050474
70.108535,102,28967.420119
74.685812,84,28972.854042
74.424424,84,28978.134359
74.719306,100,28984.402558
73.304655,100,28990.703019
75.181806,85,28996.302964
73.261572,98,29002.384786
75.161208,94,29008.384279
73.786088,90,29014.173121
73.920165,107,29020.885173
72.784982,88,29026.402143
73.086436,93,29032.320613
72.6342,88,29037.8047
73.493096,82,29043.088531
71.613041,91,29048.66943
73.093664,93,29054.357322
75.151291,81,29059.419614
75.642423,82,29064.590115
72.605654,90,29070.274138
73.672416,99,29076.454398
72.717512,86,29081.921112
75.061163,92,29087.621486
75.526822,82,29092.825699
74.727131,99,29098.891356
74.17116,94,29104.73959
73.40244,83,29109.904433
74.350485,95,29115.670973
73.364931,91,29121.371504
74.28026,91,29127.037572
74.154066,101,29133.424055
74.311233,95,29139.140961
74.02603,98,29145.290458
74.27213,101,29151.638853
74.717794,87,29157.191494
72.92694,102,29163.487707
73.494586,86,29168.854771
75.255669,87,29174.373013
73.461783,101,29180.659884
72.994845,91,29186.339325
73.06989,83,29191.492086
75.748202,84,29196.874926
74.849602,92,29202.674022
74.645501,94,29208.543089
74.519801,98,29214.625706
74.734866,93,29220.407069
75.8851,87,29225.676703
74.024948,96,29231.561313
72.768718,91,29237.195885
74.323684,80,29242.292553
74.153216,86,29247.659626
74.501667,96,29253.410203
73.787824,89,29258.914118
74.846976,97,29264.875753
74.925752,97,29270.746296
73.911616,86,29276.179283
72.082602,92,29281.82886
74.988176,89,29287.395372
75.608617,90,29293.058724
75.005053,91,29298.793296
10.195316,31,29301.14728
75.02207,91,29306.861354
72.59369,95,29312.743508
71.450625,85,29318.04399
75.640399,89,29323.55961
75.641083,84,29328.913095
74.224672,102,29335.310525
73.288154,88,29340.745338
75.152714,88,29346.263156
74.186339,80,29351.444071
73.664359,94,29357.395373
73.226898,92,29363.012506
74.881296,85,29368.513452
74.038403,88,29374.245488
72.203887,92,29380.11562
74.90522,90,29385.714593
75.162958,87,29391.198099
74.490759,78,29396.162874
75.328723,86,29401.631861
72.141774,79,29406.645242
74.042268,90,29412.162494
75.540897,87,29417.66462
73.694592,80,29422.881444
74.583279,90,29428.515624
73.381022,87,29433.962767
74.491319,70,29438.498683
75.754111,84,29443.715577
74.285161,83,29448.962052
72.405081,80,29453.983153
75.959222,87,29459.314517
69.245568,71,29463.86854
72.653085,102,29470.031462
75.522648,88,29475.563066
75.552351,82,29480.747375
74.194275,93,29486.664025
71.940501,87,29492.065073
74.209479,93,29498.034755
73.40419,93,29503.915121
73.618567,92,29509.567937
75.334446,83,29514.866357
72.675005,88,29520.484111
74.679727,87,29526.065909
74.92579,94,29531.950353
74.701131,89,29537.569557
74.846228,92,29543.282453
74.609139,80,29548.517508
75.380764,91,29554.184449
76.226352,85,29559.450659
74.765754,83,29564.801723
75.101565,82,29570.183887
75.799046,76,29574.986139
74.772434,82,29580.2689
74.298557,90,29586.032235
76.256851,86,29591.370408
73.893606,101,29597.582509
75.684279,85,29603.086432
75.843949,94,29608.882817
73.248069,91,29614.554279
73.81896,92,29620.333507
74.444185,95,29626.218008
74.750553,85,29631.520067
75.121897,83,29636.784652
74.090752,89,29642.238149
75.758631,82,29647.605287
73.482346,92,29653.254565
74.186208,87,29658.752139
74.738185,89,29664.236114
74.579026,101,29670.45314
73.308611,91,29676.037493
75.399086,92,29681.605593
74.408351,88,29687.235673
74.291545,96,29693.254022
74.602163,93,29698.960682
74.747576,99,29705.069254
74.502683,87,29710.487059
72.349947,85,29715.94138
74.47843,89,29721.590506
74.174665,97,29727.655871
75.705406,86,29733.188865
74.32066,95,29739.209707
76.2148,82,29744.507497
72.732673,93,29750.456491
75.026704,94,29756.456151
73.143031,95,29762.387968
74.554969,82,29767.659577
75.399728,89,29773.30546
75.609199,93,29779.255638
74.162114,89,29784.839472
75.268337,86,29790.273772
73.831821,79,29795.2746
73.932799,85,29800.606852
75.905831,82,29805.756355
75.351355,98,29811.805906
75.341684,91,29817.389729
73.807111,98,29823.443911
73.230133,81,29828.577919
73.811093,92,29834.205585
74.562625,94,29839.924761
75.970791,89,29845.50681
74.670937,88,29851.127846
76.505827,84,29856.456367
74.434672,95,29862.361534
73.677796,78,29867.276932
75.025534,93,29873.058625
75.68661,85,29878.31196
74.393572,93,29884.010813
74.741633,87,29889.529795
74.905951,97,29895.608397
75.602664,85,29900.811498
74.507581,98,29907.012496
75.453077,84,29912.210679
73.746339,82,29917.413393
73.987216,79,29922.58114
75.361765,87,29928.014397
75.756653,80,29933.22721
74.216538,98,29939.391203
72.3407,87,29944.929344
72.496497,77,29949.92869
74.583012,89,29955.581166
74.688163,84,29960.928963
74.165051,87,29966.393469
73.999605,82,29971.579212
75.10639,87,29977.027033
75.189768,80,29982.144902
74.847492,88,29987.579066
74.110967,86,29992.897002
75.362773,79,29997.992997
74.68285,89,30003.445046
71.986847,88,30009.033077
75.713857,89,30014.630547
75.668178,85,30019.881556
74.112805,79,30024.981272
73.372959,101,30031.23208
73.267794,80,30036.2795
74.778453,83,30041.400443
73.441453,90,30046.912819
74.756583,88,30052.429798
74.240706,94,30058.130138
75.469989,86,30063.433172
75.344308,84,30068.729886
74.84616,92,30074.335232
74.066636,83,30079.611916
73.865088,91,30085.381833
76.613211,80,30090.547072
73.55502,80,30095.699245
72.633326,91,30101.583268
73.943396,90,30107.246374
71.876772,70,30111.851786
75.383812,86,30117.133271
75.841713,81,30122.347163
73.725363,96,30128.331691
75.844472,81,30133.58103
75.932859,80,30138.831364
76.244934,77,30143.732473
75.170776,90,30149.583033
73.819728,82,30154.982535
71.208453,94,30160.84962
73.113351,88,30166.550842
72.649011,103,30172.998893
74.617134,86,30178.432743
74.465023,86,30183.902652
72.422231,97,30189.803139
74.437201,85,30195.048935
75.158663,85,30200.333925
73.336335,86,30205.750084
75.868134,86,30211.215654
73.487018,89,30216.752503
73.3156,98,30222.749414
72.95415,94,30228.632705
73.381999,98,30234.700703
72.706486,86,30239.986463
74.118113,82,30245.168939
73.543116,87,30250.71778
74.998359,88,30256.300762
74.139091,89,30261.805019
74.8038,86,30267.086248
75.341336,79,30272.157876
75.232413,88,30277.670305
74.719373,82,30282.804241
74.398557,85,30288.2039
74.73765,91,30293.953422
75.084555,84,30299.201962
73.656378,102,30305.573243
75.956397,81,30310.773973
74.902312,86,30316.106335
74.144726,78,30321.204933
72.63757,78,30326.271293
74.120035,78,30331.419577
74.036722,91,30337.255612
75.619401,82,30342.75582
75.051476,89,30348.557595
73.873919,90,30354.369705
75.30437,93,30360.121072
75.006591,81,30365.206961
73.279558,86,30370.522038
74.77447,77,30375.423732
74.361262,94,30381.222053
72.474072,96,30387.157617
75.935882,82,30392.188371
75.00046,85,30397.471318
74.608337,95,30403.357384
74.382953,93,30409.27227
74.536797,90,30414.823447
74.937977,84,30420.141807
74.560531,95,30426.072827
73.882511,92,30431.824428
73.596377,100,30437.845154
76.008558,85,30443.125932
74.9163,85,30448.475221
73.796675,94,30454.476675
75.689306,85,30459.740031
75.608352,94,30465.49517
75.04173,90,30471.092865
74.987177,81,30476.277299
76.186746,79,30481.241352
74.172309,92,30486.975816
73.961247,89,30492.678564
75.00059,92,30498.37618
75.730148,85,30503.891611
75.529676,85,30509.326103
73.761805,93,30515.076558
73.042783,94,30520.826328
74.240167,94,30526.744025
74.569058,92,30532.391244
73.773773,92,30538.126903
74.42423,87,30543.642525
73.68863,86,30549.12796
74.57695,94,30554.859701
74.373398,90,30560.392656
75.270082,82,30565.493825
75.156885,88,30571.04381
75.209566,86,30576.314203
75.305889,87,30581.793671
75.160711,89,30587.34455
75.258778,88,30592.943684
74.825574,95,30598.74475
73.106813,94,30604.463959
73.819948,95,30610.295416
75.623538,80,30615.244901
74.573571,96,30621.094055
75.014273,92,30626.696073
74.870746,81,30631.797917
74.134316,90,30637.414613
74.847947,87,30642.910909
71.497673,90,30648.394962
73.438566,88,30653.864064
75.448911,87,30659.451419
73.128993,84,30664.746581
74.473839,85,30670.164226
75.73406,78,30675.265511
75.478704,83,30680.696126
73.616247,93,30686.41405
74.002235,91,30692.097171
75.336548,83,30697.497215
74.600621,82,30702.79747
75.678465,84,30708.179987
74.503554,79,30713.381066
73.443462,90,30719.082161
75.031418,83,30724.381875
75.685118,85,30729.967547
74.897828,84,30735.351844
73.249075,90,30741.053087
73.794653,95,30746.831396
75.215872,88,30752.380129
77.161635,81,30757.515733
74.16329,87,30763.013987
74.531629,80,30768.220963
74.304499,86,30773.581974
74.563397,81,30778.784059
72.705556,101,30784.998564
74.670535,87,30790.516178
76.330532,81,30795.58369
73.887923,97,30801.515982
9.978671,33,30804.018029
75.136141,76,30808.966127
76.090735,84,30814.315673
75.128208,87,30819.767006
74.908088,84,30825.018761
75.36779,86,30830.518325
73.184187,84,30835.850203
73.2253,90,30841.551908
74.744767,95,30847.415998
72.95425,105,30853.766896
74.546398,93,30859.586311
72.450789,99,30865.583207
74.674144,97,30871.669839
75.416795,79,30876.851185
72.17965,84,30882.251849
73.476941,86,30887.716935
73.464996,101,30894.137958
73.952001,99,30900.337131
74.534514,86,30905.786605
74.274597,91,30911.640064
73.622726,92,30917.438073
73.669181,95,30923.505255
73.850834,84,30928.90319
76.249878,85,30934.319264
74.063353,96,30940.422876
73.791325,91,30946.121234
73.37782,96,30952.003928
72.786038,109,30958.687098
74.631524,87,30964.088758
74.809109,89,30969.738483
72.747191,93,30975.5392
75.050414,102,30981.78796
74.399064,98,30987.821165
73.514644,96,30993.842684
73.127402,100,30999.871095
73.481199,92,31005.674895
74.687226,93,31011.439515
74.019336,90,31017.005273
74.076695,97,31023.038478
74.11929,86,31028.372047
73.941043,89,31033.959808
74.947597,92,31039.538523
70.915515,117,31046.606613
75.110157,80,31051.691361
75.91069,91,31057.32132
76.062667,83,31062.708225
72.27319,100,31069.056429
73.41615,101,31075.189948
75.795871,91,31080.742806
72.670151,98,31087.044753
72.705539,85,31092.339459
74.440978,87,31097.874581
72.236193,98,31103.945067
74.183247,86,31109.510908
75.201137,87,31115.059663
73.442911,91,31120.892126
75.032195,83,31126.158579
72.935909,88,31131.758717
74.840752,97,31137.857325
74.740957,74,31142.544476
74.129364,96,31148.509024
72.696084,99,31154.629313
75.245927,82,31159.810481
75.970483,78,31164.861449
74.996032,87,31170.324965
74.139789,101,31176.510958
74.631894,91,31182.193938
74.084288,88,31187.661637
74.064371,94,31193.426583
74.234731,91,31199.1597
74.514646,85,31204.611577
74.217086,88,31210.111778
73.997236,86,31215.412044
75.429698,87,31220.813442
75.482947,90,31226.359528
75.727272,83,31231.580478
75.992848,80,31236.759623
74.881045,78,31241.829603
74.120154,90,31247.427217
75.840021,90,31253.030893
74.702973,80,31258.164103
75.2127,87,31263.631251
74.292138,90,31269.362675
74.129604,98,31275.346089
74.302346,99,31281.464829
73.444888,86,31286.844442
74.237218,82,31291.977868
73.661029,91,31297.711823
73.818248,90,31303.38178
74.989219,87,31308.965025
74.327027,101,31315.162803
74.988842,91,31320.880893
75.306517,78,31325.7804
74.66818,90,31331.317032
74.223838,91,31337.077987
74.471977,93,31342.979448
75.616246,98,31349.029727
74.547043,94,31355.10195
73.346201,87,31360.531252
75.955557,82,31365.863745
74.031106,87,31371.214242
71.721551,100,31377.281458
73.237619,97,31383.432628
75.173939,95,31389.333511
73.790437,100,31395.48587
73.390748,94,31401.33384
76.17387,87,31406.749687
76.031457,79,31411.752844
75.072059,93,31417.484938
74.331494,85,31422.803179
75.20548,85,31428.167208
74.56368,80,31433.233833
75.526691,85,31438.533226
74.878794,90,31444.184052
74.242174,81,31449.303637
74.213028,85,31454.738434
74.186768,86,31460.148989
70.916543,90,31465.734151
74.063809,80,31470.902475
73.699072,87,31476.45249
74.56271,83,31481.604061
75.213845,74,31486.616784
75.988288,85,31492.104517
75.358659,83,31497.55468
72.883121,78,31502.568787
73.767223,86,31507.854642
74.457204,92,31513.785725
75.261925,85,31519.323975
75.842109,88,31524.819554
76.241713,80,31529.804784
75.228584,93,31535.589459
75.097385,86,31540.953288
73.772393,84,31546.154439
74.02437,90,31551.803703
72.006341,101,31558.037485
73.399499,97,31564.08501
74.330583,88,31569.502631
74.871036,84,31574.769857
75.936302,86,31580.173384
75.512782,86,31585.553785
75.62909,71,31590.30362
75.874116,81,31595.304141
74.515895,80,31600.271296
74.974012,90,31605.905383
73.989477,95,31611.725634
74.14494,84,31617.123345
74.701535,96,31623.120785
75.563813,83,31628.377084
71.748178,88,31633.7565
72.741168,109,31640.403913
74.944295,84,31645.653875
75.055281,95,31651.555126
74.612347,84,31656.755228
74.73481,80,31661.927341
71.201915,101,31668.10614
74.984834,78,31673.224375
75.871138,86,31678.806854
75.961012,81,31684.025902
74.662786,84,31689.526635
72.846089,96,31695.506618
74.061899,77,31700.590289
73.944807,90,31706.424031
73.852044,87,31712.107688
76.058367,82,31717.376116
73.408547,88,31722.924877
73.629759,101,31729.095805
74.849466,86,31734.543
75.733837,86,31739.975206
74.094893,94,31745.73035
73.459279,98,31751.742232
76.065781,83,31756.943417
73.816649,94,31762.791571
74.171857,99,31768.827116
73.064739,82,31773.895325
74.225826,99,31779.943769
74.49535,101,31786.045527
72.265117,80,31791.175816
72.453735,107,31797.67636
73.764614,103,31803.892159
75.541525,86,31809.227573
76.166574,78,31814.308162
75.114643,74,31819.027874
71.748317,106,31825.5775
75.987114,82,31830.844727
74.63413,91,31836.4763
73.786515,82,31841.59529
74.062996,100,31847.644928
72.438518,83,31852.978754
74.255477,85,31858.294785
73.430665,76,31863.078733
74.947983,94,31868.928028
76.045475,88,31874.548314
73.948648,91,31880.297114
75.932101,81,31885.547253
75.051284,81,31890.697705
73.173352,100,31896.930373
74.50917,95,31902.798368
73.664441,98,31908.896513
74.291846,85,31914.383961
74.707031,91,31920.116837
72.992022,96,31926.145916
70.705961,77,31931.081384
74.047604,92,31936.896083
74.213167,91,31942.597446
75.934294,84,31948.012289
75.484025,82,31953.247985
72.620583,98,31959.347189
72.843318,87,31964.798025
73.089711,109,31971.486003
75.36241,88,31976.979541
75.501533,82,31982.151125
74.385318,87,31987.601162
74.658077,90,31993.197995
73.005697,98,31999.214786
75.095863,84,32004.515649
73.278248,87,32010.021679
75.231196,87,32015.498013
74.790334,91,32021.1174
76.083231,88,32026.616603
73.793844,89,32032.317404
74.546591,79,32037.364277
74.644673,76,32042.215109
74.117029,93,32048.120023
74.112444,84,32053.451362
74.919134,90,32059.082062
73.605625,86,32064.519491
73.449858,90,32070.184713
74.258531,84,32075.571083
72.439112,92,32081.35109
75.556358,83,32086.520667
74.50861,95,32092.469672
74.023222,89,32098.070123
73.344539,82,32103.401107
73.242702,85,32108.836293
72.761372,99,32114.968847
74.485941,87,32120.452378
74.192842,82,32125.684281
73.162976,101,32131.903867
75.664286,83,32137.101025
73.655088,92,32142.986567
72.616475,87,32148.520016
74.462813,101,32154.588122
73.968355,89,32160.102983
73.337036,74,32164.784787
72.583156,91,32170.452526
75.176291,83,32175.586566
76.141417,84,32180.822166
74.63093,84,32186.153761
72.116764,107,32192.86979
75.650479,88,32198.338035
74.251396,80,32203.48599
10.844968,37,32207.289628
73.946878,83,32212.585266
74.980104,77,32217.438238
75.230733,83,32222.638016
75.099825,87,32228.120737
73.758513,89,32233.6894
73.439471,92,32239.39131
74.185208,82,32244.719444
75.164983,86,32250.008009
74.165009,85,32255.338316
75.446122,77,32260.239889
74.176396,89,32265.888754
74.660644,82,32271.070701
73.191764,90,32276.790105
72.486649,92,32282.458545
73.926254,85,32287.892225
73.570555,88,32293.340225
75.773585,85,32298.590034
75.251916,80,32303.706587
73.703669,82,32308.890972
73.277082,103,32315.29003
72.58298,95,32321.090878
75.262584,88,32326.57282
74.968597,95,32332.556647
75.05766,93,32338.359952
75.770711,80,32343.438818
73.373554,101,32349.59196
74.350645,93,32355.34402
74.151077,95,32361.160834
76.3998,85,32366.340111
74.274509,100,32372.475854
73.654099,100,32378.711012
73.280082,96,32384.660557
71.29171,105,32391.059963
72.510866,102,32397.39354
72.786255,76,32402.161635
74.159379,79,32407.243636
73.66428,92,32412.963437
71.155446,98,32419.061013
73.055978,86,32424.442121
75.291714,84,32429.692255
74.652445,86,32435.111053
73.388936,94,32440.910618
74.459326,81,32446.143968
74.217283,96,32452.147683
75.021055,91,32457.896528
73.868568,75,32462.742971
74.165667,84,32468.076092
73.676906,85,32473.461025
75.408013,83,32478.761986
73.320069,95,32484.761616
73.572815,94,32490.693934
74.519433,96,32496.662035
74.871041,88,32502.248924
73.465691,75,32507.062655
74.592312,83,32512.344914
74.021901,85,32517.617462
74.948778,85,32522.978953
75.551653,90,32528.731768
74.03648,91,32534.294747
75.096028,81,32539.480511
75.087427,99,32545.566196
76.884618,84,32550.682037
75.420212,85,32556.07972
75.305449,89,32561.614193
74.27324,90,32567.132222
74.477062,94,32572.845661
74.132546,96,32578.815186
72.622934,98,32584.914681
74.142172,82,32590.033993
74.170216,83,32595.313889
76.04395,80,32600.382974
73.168122,88,32605.963298
75.622225,90,32611.563761
74.74748,76,32616.514599
77.057673,84,32621.883524
73.841594,91,32627.619582
72.776552,90,32633.383146
73.966966,96,32639.516111
74.276158,92,32645.233175
74.903966,79,32650.31634
74.066812,92,32656.234222
72.972323,93,32662.164824
73.98785,96,32668.181948
73.709656,85,32673.499396
71.956219,102,32679.968135
75.559194,88,32685.535613
73.67543,85,32690.834125
75.744312,82,32695.968298
74.219125,87,32701.51861
75.152914,84,32706.700737
75.584513,74,32711.503081
74.499443,89,32716.968745
75.277002,73,32721.669545
74.671765,89,32727.305544
73.654023,99,32733.351901
73.218047,96,32739.382882
73.362633,88,32744.855467
74.059038,94,32750.703457
73.59735,98,32756.685081
72.960744,102,32763.087943
75.068735,99,32769.102234
74.466466,102,32775.434942
74.887078,101,32781.505378
73.621685,100,32787.653054
76.484301,82,32792.835237
73.767579,97,32798.751708
72.497547,94,32804.657637
74.520687,99,32810.786131
74.326188,81,32815.986196
74.803016,95,32821.838719
75.260046,87,32827.289057
70.455691,115,32834.338551
74.698041,86,32839.805007
76.190634,87,32845.354871
75.249629,80,32850.419044
75.634634,84,32855.738594
73.615266,82,32860.99369
74.799434,82,32866.305915
74.288169,102,32872.656225
74.578507,90,32878.305005
72.878805,102,32884.671248
75.086167,93,32890.421335
72.828036,108,32897.206765
74.462628,99,32903.239189
75.686773,90,32908.788224
74.748969,95,32914.740101
75.124903,98,32920.658441
74.834565,84,32926.02717
73.569988,85,32931.305114
74.66526,94,32937.106894
75.664551,83,32942.321944
76.01973,85,32947.605598
75.620932,84,32952.8054
74.046332,77,32957.727551
74.647149,93,32963.511456
72.616736,106,32969.908626
76.315871,81,32975.0075
74.546879,82,32980.107739
73.200882,97,32986.126675
74.284648,91,32991.857094
74.524479,91,32997.457496
73.949484,87,33002.809541
74.126335,79,33007.909245
73.974689,87,33013.329925
75.471885,88,33018.860908
74.372538,93,33024.678935
75.446384,86,33030.177857
74.242184,85,33035.674816
74.53757,96,33041.874484
75.9329,84,33047.228665
74.955379,87,33052.874431
74.788824,91,33058.681431
74.904109,87,33064.128574
74.236662,87,33069.627688
74.698145,98,33075.626563
74.015633,91,33081.210512
76.114995,86,33086.576839
73.612775,81,33091.729512
72.073002,78,33096.578891
74.138099,87,33101.979214
74.562369,81,33107.111882
73.31777,79,33112.195206
75.487543,89,33117.779446
74.754962,78,33122.777495
74.286289,92,33128.397509
74.111453,84,33133.680409
74.125051,90,33139.129889
74.210291,91,33144.597322
76.050434,83,33149.813341
74.78943,99,33155.995928
74.653408,87,33161.496994
72.999911,92,33167.128614
73.199902,76,33171.982569
74.416766,83,33177.231018
75.579351,91,33182.845534
72.510609,90,33188.533272
73.72047,96,33194.629696
75.477448,79,33199.781742
72.760887,69,33204.351435
73.455174,81,33209.545853
72.058451,97,33215.549339
74.622268,91,33221.349349
74.07374,81,33226.597879
74.447548,93,33232.381549
74.074436,98,33238.551789
74.235091,77,33243.564517
73.773703,93,33249.547735
74.685486,92,33255.282104
74.477741,75,33259.950443
74.017832,83,33265.250979
75.635135,79,33270.351498
74.293027,98,33276.480908
75.165034,83,33281.732974
75.578195,84,33287.147634
74.099827,98,33293.16943
75.056247,86,33298.618705
75.022504,90,33304.266918
74.44349,82,33309.653471
74.581913,94,33315.334355
73.149607,96,33321.201847
73.124121,93,33327.032888
75.700631,88,33332.570375
74.943324,87,33338.051412
76.353104,94,33343.938077
74.171392,99,33350.050131
75.3333,86,33355.425167
73.810465,90,33361.018758
73.760063,84,33366.369643
75.810903,84,33371.754286
74.7292,75,33376.852309
73.607589,96,33382.917568
72.908266,86,33388.220625
75.555371,83,33393.45312
75.960115,84,33398.719292
75.488079,81,33403.951541
75.017928,86,33409.550341
69.442319,80,33414.50308
73.894714,87,33419.95429
74.629447,76,33424.921987
69.33983,65,33429.270552
75.199337,84,33434.61901
74.573663,85,33439.954718
73.121805,84,33445.271298
73.557916,68,33449.770651
75.62506,85,33455.271871
72.005062,93,33461.088771
75.237152,89,33466.652095
73.587167,96,33472.788594
75.135404,89,33478.437768
76.723346,87,33483.971163
73.061311,81,33489.143516
76.197838,83,33494.357188
73.455263,78,33499.374367
72.404517,90,33504.972794
74.589045,84,33510.274474
74.506589,90,33515.806539
74.736928,83,33520.941361
76.514787,83,33526.070992
74.32463,86,33531.406168
74.231783,98,33537.422581
75.567291,89,33542.939165
74.351453,85,33548.273298
75.303533,88,33553.578972
74.787976,88,33559.074398
74.124017,97,33564.921798
74.92063,88,33570.191632
72.766741,93,33575.973051
73.637367,94,33581.792955
74.273953,86,33587.125468
74.896018,94,33592.908186
74.088847,91,33598.574463
74.858984,77,33603.625172
75.054752,92,33609.374596
74.993445,83,33614.6749
75.172257,88,33620.191771
73.475274,97,33626.275214
75.121309,78,33631.294707
73.088275,89,33636.794016
75.237265,90,33642.464829
75.958785,85,33647.974418
74.790231,83,33653.27398
74.761257,86,33658.645463
74.092351,91,33664.24192
73.398882,79,33669.325884
73.814866,88,33674.843083
73.750016,86,33680.241471
75.698769,81,33685.376263
73.186599,96,33691.342827
74.92985,79,33696.327282
72.524798,107,33702.745691
75.992337,88,33708.194672
74.134582,89,33713.646502
73.809362,99,33719.812462
73.340325,93,33725.544457
74.99278,88,33731.094533
73.426012,75,33735.864629
75.247097,93,33741.598479
72.675204,106,33748.113657
74.213226,84,33753.545055
72.72016,85,33758.944817
76.468228,84,33764.146801
72.025553,80,33769.197134
75.993236,95,33775.045871
76.237562,80,33780.146392
75.314817,86,33785.565133
74.820424,95,33791.563949
74.730559,92,33797.279703
72.255412,85,33802.747824
75.276816,92,33808.500394
74.243027,92,33814.247014
74.781221,87,33819.711004
73.613774,96,33825.865957
74.090674,89,33831.73041
73.553924,102,33838.181329
74.038367,81,33843.51912
73.409685,91,33849.247465
74.425336,84,33854.715033
75.334731,85,33860.033103
73.765957,83,33865.269354
74.259419,80,33870.466505
75.882591,83,33875.798046
73.763986,94,33881.599737
73.899649,87,33887.132449
75.914139,86,33892.533583
75.034092,93,33898.217854
77.147968,87,33903.586565
75.620935,83,33908.965225
75.080914,86,33914.484511
75.243482,83,33919.799934
72.509839,87,33925.165432
74.330426,94,33931.024773
74.018406,86,33936.566939
75.724888,84,33941.919216
76.132435,80,33946.970675
75.12096,93,33952.818378
75.669907,86,33958.270849
74.833731,84,33963.665594
74.275593,98,33969.818702
74.299133,89,33975.486267
74.357484,83,33980.587042
72.424403,84,33985.891663
75.813264,88,33991.536773
74.464336,85,33997.034444
75.390013,91,34002.833863
75.31611,83,34008.1856
76.016537,83,34013.585942
75.637364,87,34018.967412
73.864517,88,34024.620197
74.922168,92,34030.423067
74.398231,87,34035.971144
75.286019,85,34041.341724
74.181355,95,34047.222446
75.393592,92,34052.818167
74.648842,84,34058.053277
74.203125,88,34063.454117
74.446497,86,34068.885999
73.507913,83,34073.92111
71.859115,91,34079.592033
73.996958,104,34086.03952
75.749498,83,34091.339614
74.208076,86,34096.638993
72.190673,100,34102.990729
73.681906,90,34108.570342
76.121473,82,34113.688303
72.7759,106,34120.192897
73.750734,86,34125.544664
74.933706,87,34130.939322
75.725834,85,34136.33795
73.286878,97,34142.388123
73.511108,96,34148.109789
73.180546,85,34153.493064
76.413081,80,34158.538743
75.274688,85,34163.755733
75.147837,86,34169.108689
73.170109,85,34174.44349
74.968284,79,34179.509585
75.226315,82,34184.890085
75.778062,76,34189.809606
73.877722,90,34195.389046
74.712632,91,34201.143005
73.458823,90,34206.889816
74.440059,89,34212.493405
73.361823,95,34218.291089
74.391659,78,34223.324039
74.495854,89,34228.81034
75.749705,75,34233.808102
75.052874,86,34239.160558
74.434575,92,34244.844095
73.579583,92,34250.462479
74.90276,83,34255.710914
75.973232,80,34260.762226
74.376168,79,34265.774998
71.469609,90,34271.51058
74.946829,87,34276.958636
73.901041,87,34282.509259
75.302302,103,34289.008618
74.420852,88,34294.560772
73.904698,105,34300.743335
75.321413,80,34305.841146
74.352059,88,34311.328417
72.280798,89,34316.827678
72.916011,84,34322.059689
74.614257,88,34327.712621
74.914665,88,34333.0789
75.765589,86,34338.682738
73.243196,85,34344.159632
75.402055,89,34349.746915
70.534839,83,34354.979621
72.870237,93,34360.966112
74.448842,89,34366.509709
73.666606,83,34371.813648
75.189462,82,34377.061209
74.938126,96,34383.145649
75.014381,85,34388.593571
75.771106,86,34393.964208
75.179213,83,34399.362531
74.687616,81,34404.662536
74.713041,78,34409.78108
74.851105,82,34415.062877
72.456787,92,34420.812681
75.063223,96,34426.8951
74.837867,87,34432.51478
74.974076,89,34438.179399
76.323066,83,34443.530285
74.577891,97,34449.566009
73.960533,85,34454.897574
74.832088,82,34460.045411
72.635659,83,34465.414596
73.321092,93,34470.983594
70.855152,89,34476.581824
74.710162,68,34481.000683
75.611987,86,34486.481694
76.632044,81,34491.716084
73.369867,95,34497.651738
75.296364,78,34502.651813
76.082968,82,34507.901356
74.412911,89,34513.515828
74.411253,91,34519.181274
74.686261,86,34524.500318
75.097639,87,34530.082401
75.571564,90,34535.681813
73.972088,101,34541.964918
73.887131,99,34548.068599
73.832179,101,34554.432695
72.588611,100,34560.682822
72.833278,87,34566.052617
76.278081,79,34571.304031
75.195752,84,34576.70214
77.06828,82,34581.9833
73.757752,89,34587.655168
75.81276,85,34593.185572
76.111811,79,34598.382747
74.411172,92,34604.289478
75.910747,83,34609.636813
75.000767,92,34615.484335
75.529765,96,34621.38632
74.412054,98,34627.571543
73.463594,81,34632.750458
76.163073,89,34638.33783
76.292913,87,34643.754405
73.918295,92,34649.502357
72.410296,111,34656.136081
73.910522,89,34661.652705
73.059093,79,34666.602036
74.125089,86,34671.901554
75.119559,90,34677.419396
74.986416,79,34682.520491
74.505196,101,34688.767986
75.881963,82,34693.905873
72.767223,99,34700.05512
75.73934,89,34705.470091
76.079534,74,34710.256155
75.173404,95,34716.154688
74.251321,89,34721.571895
72.620992,108,34728.073549
74.920375,85,34733.405852
74.921726,93,34739.105848
74.844924,89,34744.624362
74.980274,89,34750.154388
73.508382,95,34756.075585
75.923735,83,34761.32396
76.310246,86,34766.772349
73.148645,104,34773.354317
74.484986,98,34779.523418
73.630893,97,34785.491654
76.679961,83,34790.722342
73.965359,102,34797.023027
75.564626,88,34802.575181
76.172192,85,34807.893859
74.802337,87,34813.221769
75.087935,85,34818.470898
75.96511,84,34823.77183
75.355478,95,34829.572455
75.968118,84,34834.740555
74.4651,95,34840.722435
74.461114,91,34846.342942
74.077266,92,34852.074793
75.15245,94,34857.839002
76.072726,82,34863.075303
74.479992,91,34868.624014
73.602768,73,34873.275581
73.056209,95,34879.174245
74.565761,92,34884.823851
73.639543,90,34890.44232
74.258447,88,34895.890495
73.420443,98,34901.87508
74.402645,83,34907.075608
74.630486,85,34912.457301
75.854725,79,34917.493874
76.001538,89,34923.142096
73.015916,83,34928.378992
74.549125,87,34933.760866
73.951278,89,34939.474836
73.737931,96,34945.429128
73.083164,92,34951.195003
72.429029,78,34956.042504
75.91468,87,34961.46182
75.258803,84,34966.777793
75.007427,82,34972.096268
74.604775,81,34977.277921
74.887474,89,34982.910355
74.594429,92,34988.760577
75.279127,83,34994.041646
72.241092,92,34999.82816
75.156201,78,35004.792434
74.119937,96,35010.762817
75.637266,83,35016.095447
75.755565,87,35021.397093
75.206148,90,35027.027052
72.766618,95,35032.844448
74.138565,93,35038.577844
74.336735,90,35044.416189
76.463166,85,35049.82996
75.877165,83,35055.061996
73.890592,95,35060.934253
75.350172,92,35066.697414
73.790628,102,35072.947413
75.135711,93,35078.713499
71.277076,93,35084.479093
75.340732,83,35089.747866
74.258673,100,35095.799136
75.213124,95,35101.76546
74.324387,93,35107.619468
73.909439,90,35113.198606
75.578761,80,35118.364388
72.929216,96,35124.347409
73.519866,91,35130.120153
74.535254,88,35135.751078
75.696714,81,35140.848897
73.77881,91,35146.516974
76.931804,74,35151.416673
73.991573,85,35156.817817
74.884685,86,35162.351136
75.363965,87,35167.931028
76.702834,82,35173.267039
73.916816,90,35178.850146
73.823359,81,35183.989371
75.349335,84,35189.420902
73.600378,91,35195.180766
74.756417,89,35200.650646
72.570404,101,35207.069658
76.417477,83,35212.31815
75.572481,83,35217.70077
77.070194,82,35222.904359
74.174538,88,35228.517724
74.402262,88,35234.067956
72.114352,93,35239.768694
74.37048,86,35245.220143
74.884996,86,35250.634592
75.460634,84,35255.918261
74.456401,76,35260.735138
73.006887,92,35266.417805
74.166892,84,35271.687982
73.264515,89,35277.237179
73.850083,94,35282.951302
76.008534,81,35288.136775
70.497741,71,35292.787237
75.459745,85,35298.086544
75.407911,80,35303.235847
74.546135,81,35308.319035
75.321143,93,35314.186655
75.323735,84,35319.440465
75.432011,88,35324.888426
74.569051,88,35330.542298
74.113416,81,35335.887936
74.903767,86,35341.4201
76.115682,86,35346.869837
75.310506,83,35352.121719
76.10494,83,35357.340261
73.449496,99,35363.619817
74.667205,79,35368.721604
74.887868,76,35373.772399
74.527342,94,35379.691414
73.541484,84,35385.137618
74.634212,97,35391.144084
73.076055,82,35396.352281
76.672192,80,35401.540313
75.331701,83,35406.758762
75.685729,78,35411.987768
76.280772,82,35417.159435
74.812589,87,35422.689097
74.962232,97,35428.609566
76.243558,85,35433.959746
74.60561,87,35439.44048
75.411314,87,35444.740904
71.563603,101,35450.875914
73.894045,87,35456.29054
73.100393,98,35462.322309
73.739008,81,35467.408417
72.078755,85,35472.738035
75.062295,87,35478.255223
75.794785,85,35483.713823
72.733469,91,35489.342605
75.710222,82,35494.543872
75.467432,84,35499.843846
73.65595,103,35506.042458
73.556907,109,35512.661875
75.26807,86,35518.091512
74.974052,84,35523.325117
75.612681,77,35528.29302
74.064733,100,35534.461512
74.018523,89,35540.059298
76.501332,78,35545.208858
73.787458,83,35550.360909
71.998027,97,35556.475137
74.309763,86,35561.958907
74.912601,86,35567.243722
73.099765,86,35572.942825
76.698548,82,35578.26412
74.877311,88,35583.909103
75.87168,87,35589.393757
73.967409,87,35594.861423
75.125636,92,35600.610706
74.819983,82,35605.709408
74.96895,82,35610.92599
75.07115,84,35616.161732
76.169519,81,35621.326793
74.256745,89,35626.812417
73.300899,85,35632.245492
75.816369,87,35637.711294
76.095007,82,35642.878991
75.516249,84,35648.232488
75.770346,91,35653.829324
75.97154,81,35658.913086
76.265506,87,35664.279252
74.523758,88,35669.777307
74.741949,82,35674.981163
73.490785,82,35680.217637
75.298619,81,35685.433267
75.639815,82,35690.661672
75.731218,86,35696.016691
73.86489,83,35701.383527
74.375804,94,35707.214192
75.699985,86,35712.633431
69.133791,85,35717.964344
75.624651,76,35722.896297
76.939378,85,35728.462468
74.125305,82,35733.781563
75.611916,80,35738.963816
76.360383,82,35744.230205
73.50523,77,35749.31401
75.69984,82,35754.565803
74.055188,87,35760.096973
75.975611,77,35765.230887
76.423142,85,35770.680608
75.925188,80,35775.767292
74.476978,89,35781.497194
73.261902,76,35786.318711
72.970307,82,35791.733363
74.280557,89,35797.363638
75.99064,82,35802.552044
75.838025,76,35807.385832
76.10776,86,35812.814895
74.66534,89,35818.483785
74.333671,85,35823.935728
74.927162,87,35829.48478
76.039758,82,35834.550841
75.30771,85,35839.834137
76.239534,93,35845.585853
76.828189,79,35850.615791
73.966094,87,35856.053963
75.055247,89,35861.60152
75.923942,83,35866.932708
74.207718,92,35872.816566
74.998301,94,35878.569235
73.759199,75,35883.454081
73.460075,91,35889.034977
75.213986,90,35894.536773
75.396092,84,35899.836214
74.528238,85,35905.200072
74.907123,85,35910.554436
73.130065,88,35916.102269
73.380447,94,35922.05314
75.819685,84,35927.435048
72.514929,85,35932.937059
74.316676,96,35938.906414
74.640059,95,35944.703069
75.077875,85,35950.051915
74.869415,90,35955.702768
73.141755,104,35962.173561
73.806992,86,35967.619995
76.458234,80,35972.788664
71.916682,76,35977.552813
73.554257,85,35982.903157
74.383913,87,35988.4035
75.639089,80,35993.554582
72.588041,88,35999.122494
75.469729,81,36004.324565
75.115967,84,36009.653869
74.221001,86,36015.187418
74.366823,89,36020.756331
73.532674,86,36026.110806
73.994498,90,36031.626161
74.040327,87,36037.125576
73.370374,72,36041.67557
73.781132,91,36047.357741
73.481416,87,36052.854508
74.09574,101,36058.957871
75.444178,85,36064.25456
74.445547,80,36069.241198
75.661812,84,36074.575133
74.917014,89,36080.107239
73.52547,91,36085.80851
73.441209,70,36090.308339
75.438857,83,36095.559947
75.565678,85,36101.006219
75.577551,90,36106.656755
74.214395,87,36112.106631
75.915399,79,36117.273831
75.25519,81,36122.35675
74.88511,87,36127.808265
76.028056,78,36132.773892
75.93443,88,36138.46045
76.626269,82,36143.778687
74.756312,94,36149.674324
73.599917,78,36154.676384
73.984496,87,36160.275149
74.292445,87,36165.826503
74.90322,85,36171.293115
75.376533,85,36176.727556
74.045634,83,36182.025551
74.501751,91,36187.779156
72.267786,92,36193.574483
73.226973,89,36199.243615
75.609235,99,36205.377159
74.111554,96,36211.280845
73.643037,87,36216.745334
75.544116,86,36222.229044
75.306028,87,36227.694906
76.057872,80,36232.87939
73.520562,89,36238.395576
73.956712,86,36243.94883
71.155666,81,36249.094597
75.682455,84,36254.42803
74.873246,85,36259.730513
74.83696,84,36265.078274
75.581855,85,36270.378924
72.313207,91,36276.082726
72.316346,85,36281.462217
75.379636,100,36287.527234
74.075316,87,36293.045452
75.897851,88,36298.498688
74.393622,97,36304.580421
73.472396,98,36310.597703
74.634186,82,36315.829466
72.121154,102,36322.163756
76.933755,82,36327.296949
74.480152,91,36333.181636
74.607394,86,36338.714653
74.675425,86,36344.144125
74.541731,86,36349.617358
74.886893,83,36354.979429
71.566111,75,36359.845925
72.630754,86,36365.215673
74.714265,82,36370.399576
74.441907,82,36375.797012
74.952689,83,36381.067471
74.816904,88,36386.495208
72.58077,86,36391.796763
72.661028,91,36397.332775
74.916171,83,36402.500612
75.310437,87,36407.930879
76.406377,78,36412.865635
73.908644,94,36418.669652
75.312082,99,36424.782806
73.780093,92,36430.552095
73.043332,86,36435.90026
75.699282,84,36441.217784
74.358571,93,36446.900802
74.077327,91,36452.587126
74.099697,94,36458.416931
74.787851,84,36463.754174
75.237363,90,36469.453391
74.778855,90,36474.967168
75.783392,77,36479.918239
75.404561,81,36485.052385
75.00773,79,36490.202451
73.383074,80,36495.369776
75.033773,86,36500.799894
74.99142,89,36506.385134
75.21865,92,36512.150484
76.270271,74,36516.952878
73.476295,97,36523.053057
75.980182,82,36528.153886
76.526424,85,36533.502017
73.91682,100,36539.685029
76.255463,82,36544.934326
73.735479,85,36550.371372
73.76865,96,36556.369352
71.973589,78,36561.386636
75.102928,83,36566.718054
75.495989,85,36572.054261
75.678728,79,36577.086951
73.902497,82,36582.33861
74.83498,89,36587.920277
75.89577,80,36593.072612
75.969681,83,36598.268507
75.139085,84,36603.541282
75.753766,82,36608.656353
72.838587,89,36614.074476
75.142117,93,36619.97099
73.819182,88,36625.388077
74.721488,95,36631.220469
76.176769,83,36636.486256
73.95501,82,36641.720833
74.924688,90,36647.354065
74.750366,80,36652.504253
74.005248,106,36659.075407
74.438302,94,36664.870977
73.959003,100,36670.936158
73.153859,84,36676.255366
74.360221,78,36681.289533
74.211287,87,36686.59135
74.110537,95,36692.444805
74.190918,82,36697.638757
76.532043,79,36702.727709
76.034082,85,36708.056957
75.047941,93,36713.973795
76.374147,78,36718.892851
74.914798,96,36724.941595
67.797279,96,36730.923041
75.426997,86,36736.474735
75.537628,96,36742.473553
75.744523,84,36747.929013
75.403245,81,36753.159926
75.502941,85,36758.595013
75.009927,86,36763.897153
75.434558,91,36769.54155
74.691165,93,36775.197415
74.579541,88,36780.658579
73.493752,88,36786.207237
74.805422,81,36791.442112
74.841366,83,36796.712144
75.01691,90,36802.241942
74.401999,92,36807.8952
73.198053,89,36813.359887
72.971288,99,36819.392626
75.601287,86,36824.708309
73.364603,88,36830.242809
71.18841,84,36835.465056
73.969295,80,36840.464189
75.987699,88,36845.846432
73.84047,93,36851.642772
74.047376,96,36857.612258
75.492745,84,36862.866954
74.330051,90,36868.512874
74.014407,94,36874.314405
75.653656,86,36879.644291
74.147909,94,36885.477655
75.088301,94,36891.144953
74.579474,88,36896.644424
75.333014,82,36901.844384
74.089265,97,36907.844945
73.302621,100,36914.030059
73.68164,102,36920.415301
73.262208,91,36926.114812
74.810564,94,36932.397064
73.920462,91,36938.095946
75.208367,87,36943.5815
74.810567,89,36949.167677
75.658047,88,36954.783957
75.28832,80,36960.033874
75.482851,85,36965.431871
74.6834,80,36970.466872
75.536364,76,36975.232388
74.576883,88,36980.768205
74.090619,95,36986.546361
75.732318,86,36992.063645
73.939405,80,36997.098401
74.761528,88,37002.637098
75.772865,84,37008.149744
75.095888,86,37013.516493
74.327412,84,37018.817871
71.002309,71,37023.535036
76.309336,85,37028.81742
75.151339,82,37034.036068
75.134189,80,37039.115171
75.466808,85,37044.384569
73.826662,85,37049.817898
76.125407,79,37054.815312
74.938641,82,37060.167136
72.995321,84,37065.417804
73.97166,91,37071.224253
74.422029,93,37077.068598
73.984016,89,37082.740706
74.634286,84,37088.30242
75.412494,82,37093.566681
73.989192,88,37099.083457
74.472909,84,37104.520152
74.957274,94,37110.438605
74.608154,78,37115.534658
73.174758,77,37120.584713
74.583217,99,37126.785477
75.31752,86,37132.370377
75.50332,85,37137.838664
74.639047,95,37143.788216
75.487942,95,37149.66924
74.285274,74,37154.321821
74.241365,84,37159.704187
75.029431,86,37165.135032
74.793807,90,37170.68649
73.728181,95,37176.537319
75.66768,90,37182.068489
74.296922,87,37187.46963
75.572672,88,37192.854032
76.344018,79,37197.837433
74.958122,86,37203.23918
74.51736,88,37208.635021
75.37358,77,37213.636815
74.134031,91,37219.288898
74.780127,91,37225.08766
75.586467,84,37230.336952
75.297955,79,37235.403848
74.82631,82,37240.636925
75.303174,86,37246.040101
74.965545,94,37251.919894
74.875698,92,37257.654551
74.705926,86,37263.00442
73.701572,96,37268.95386
75.833808,83,37274.27231
73.581892,90,37279.943131
75.765336,81,37285.038659
70.892833,94,37290.842113
73.006268,95,37296.711174
74.41321,85,37302.10605
74.881178,91,37307.971314
74.782548,85,37313.49281
73.995557,92,37319.255647
72.866786,84,37324.591419
74.179816,87,37330.1555
76.008273,84,37335.456267
73.839269,94,37341.355818
75.386508,79,37346.411
74.350998,93,37352.124306
75.722319,78,37357.00785
74.679582,88,37362.508089
74.376526,92,37368.159562
75.899669,88,37373.606747
73.786708,88,37379.141514
72.55074,73,37383.881
74.288627,88,37389.359879
75.653643,82,37394.508165
75.531914,85,37399.761584
74.648557,86,37405.109805
75.408532,86,37410.511383
72.018226,94,37416.361972
75.342668,90,37421.976758
75.68775,88,37427.408761
72.650794,97,37433.37421
74.75863,82,37438.461682
76.216455,91,37444.15973
75.032856,99,37450.311724
75.603428,89,37455.7602
74.78898,82,37461.129991
75.830805,82,37466.278387
75.342212,78,37471.277574
75.38631,83,37476.461047
74.544513,87,37481.793376
75.371213,79,37486.730389
73.212122,104,37493.3266
73.794396,84,37498.69552
74.663734,85,37504.178013
75.303357,85,37509.729409
74.744933,92,37515.611866
75.004092,87,37521.111472
75.16495,80,37526.362769
73.771967,92,37532.21287
74.948675,83,37537.54635
75.679784,85,37542.96372
73.278103,96,37548.865823
75.91637,78,37553.863919
75.683937,87,37559.297811
73.949588,86,37564.748133
73.668489,86,37570.101173
75.372033,82,37575.181117
73.743253,89,37580.649042
74.539542,94,37586.731086
74.869307,89,37592.247697
75.131067,77,37597.180562
76.6487,79,37602.230941
74.424951,93,37607.981698
75.770789,84,37613.281131
73.725955,85,37618.483613
75.588842,89,37623.847863
73.35419,86,37629.202096
76.016816,79,37634.332443
75.297802,86,37639.830601
75.802824,86,37645.081551
75.830883,89,37650.60151
75.288622,89,37656.199324
74.592853,75,37661.004959
74.85542,86,37666.385788
76.100622,75,37671.385549
73.421925,88,37677.134159
76.05093,77,37682.099382
74.912085,87,37687.599508
75.304982,86,37693.082069
74.073609,83,37698.284641
75.316965,85,37703.702084
76.007564,93,37709.701881
75.642953,94,37715.736255
70.0591,77,37720.686452
74.639616,89,37726.251286
74.279193,85,37731.66889
75.730556,86,37737.135854
76.303045,79,37742.153909
73.580381,103,37748.569913
74.757211,87,37753.867821
74.736175,96,37759.835357
74.237374,87,37765.35424
74.164839,82,37770.520149
74.202389,86,37775.803972
75.180468,87,37781.303219
74.062,94,37787.170037
73.233531,89,37792.569046
74.677553,86,37797.875192
72.719505,103,37804.191365
75.799543,88,37809.504294
74.840238,87,37814.903227
75.317689,85,37820.225991
74.657529,87,37825.438333
74.271814,91,37831.005573
75.798393,85,37836.354658
76.295137,83,37841.671093
72.120136,99,37847.555156
76.306349,92,37853.122031
76.116203,85,37858.55418
74.325038,91,37864.154901
73.311678,89,37869.804422
74.327839,92,37875.576886
74.164035,93,37881.504526
73.791631,93,37887.336384
75.325301,89,37892.975361
74.608923,103,37899.339568
74.102245,84,37904.837323
74.984374,83,37910.174638
73.80398,92,37915.909423
74.188291,95,37921.942965
73.203293,101,37928.173353
74.539788,97,37934.071955
75.254083,95,37939.989201
76.530632,86,37945.374976
37.422873,59,37949.275455
37.31071,67,37953.561167
75.28739,99,37959.59427
75.848519,88,37965.073156
74.434337,96,37970.927805
74.141906,98,37976.843223
75.575716,90,37982.226097
75.083453,78,37987.076251
76.527651,84,37992.342992
75.669827,78,37997.325749
74.707839,90,38002.857436
76.285494,83,38008.12758
74.045844,101,38014.345354
74.705534,86,38019.693903
75.266532,87,38024.994941
74.813576,95,38030.774915
75.456948,92,38036.460181
75.13085,89,38042.074483
74.779008,84,38047.426078
75.196569,84,38052.776435
74.814253,93,38058.410935
74.324175,89,38064.092658
75.441976,95,38070.025399
73.110133,82,38075.195329
76.142289,91,38080.825413
73.726392,84,38086.326916
76.110109,82,38091.509845
75.095659,96,38097.527436
76.261046,87,38103.044985
73.149778,86,38108.397568
74.908178,91,38114.177732
73.749244,85,38119.696086
74.941401,90,38125.360027
75.680884,96,38131.393577
75.469649,87,38136.878462
74.52479,82,38142.128922
73.612999,80,38147.296527
73.379163,84,38152.548809
74.218544,97,38158.52935
67.384145,87,38163.748551
75.208645,87,38169.197565
74.81201,85,38174.482465
76.599058,83,38179.714293
75.659086,85,38185.018029
75.505426,82,38190.263001
75.520792,84,38195.613648
73.944066,92,38201.247162
74.07859,100,38207.46221
75.384142,80,38212.718937
74.858232,90,38218.447042
74.901573,82,38223.615047
75.813191,90,38229.266341
73.727924,72,38234.346855
74.396664,83,38239.799755
74.867956,87,38245.349406
76.102997,79,38250.566746
75.369855,86,38255.99801
74.162335,85,38261.398825
74.333933,81,38266.597881
75.593755,88,38272.19883
74.496276,89,38277.86763
74.657491,86,38283.267193
74.634677,90,38289.032897
73.118674,91,38294.750327
74.486499,81,38300.081556
75.560987,86,38305.498937
74.48588,86,38310.915876
74.398062,93,38316.668744
76.098418,74,38321.518474
74.861746,83,38326.816521
74.422865,95,38332.60097
74.784456,83,38337.853152
71.722045,82,38342.972169
74.53723,85,38348.299837
73.003947,75,38353.217429
74.147253,92,38358.784138
76.047654,89,38364.218428
74.330193,89,38369.870219
76.227474,78,38374.916752
76.880244,77,38379.886316
75.135702,78,38384.869875
75.928997,85,38390.26791
74.941093,89,38395.986366
74.565244,81,38401.15059
74.695575,97,38407.218604
73.779597,102,38413.601211
74.949089,97,38419.669866
75.561389,88,38425.190173
74.421828,77,38430.052983
72.529967,107,38436.574003
75.823898,84,38441.905847
73.994103,88,38447.38592
75.465156,83,38452.671664
74.516175,90,38458.323106
72.709821,85,38463.652483
75.052021,75,38468.571695
71.423777,94,38474.60231
75.062724,83,38480.021574
74.966203,86,38485.436485
71.899923,92,38491.287953
74.487282,86,38496.673322
20.789335,40,38500.709797
75.543394,88,38506.137703
74.381229,88,38511.659621
74.512295,89,38517.226219
75.072636,92,38522.939657
74.337565,99,38528.954609
74.966406,96,38534.991696
75.822445,84,38540.392846
74.182558,98,38546.439138
74.084434,94,38552.207126
74.033309,98,38558.172723
74.2288,86,38563.558337
74.540919,85,38568.94307
74.855823,95,38574.739505
73.596167,92,38580.489494
75.376026,87,38585.911228
75.014019,95,38591.855526
75.653992,85,38597.322413
75.536241,89,38603.025037
75.774142,80,38608.106263
74.750331,88,38613.609344
75.806112,83,38618.840303
76.660297,83,38624.042502
74.466977,88,38629.39433
74.339586,87,38634.892304
76.080991,84,38640.091851
74.494474,86,38645.441695
75.43991,90,38651.043556
74.447289,84,38656.361664
75.285833,93,38662.276882
76.271258,78,38667.158807
75.423217,92,38672.962175
73.919572,86,38678.558606
75.725718,78,38683.579538
74.693762,94,38689.347336
74.537085,88,38694.912371
76.293365,86,38700.16032
74.359953,92,38706.107728
75.287822,91,38711.775777
74.984785,88,38717.161457
76.310752,82,38722.412308
74.305164,92,38728.011393
75.915484,86,38733.311969
75.454177,87,38738.712634
73.070219,93,38744.547772
73.828511,85,38749.876894
73.776403,103,38756.381131
76.116569,87,38761.71385
74.941513,87,38767.061708
74.501008,87,38772.480448
74.487495,93,38778.213139
75.868765,81,38783.362857
75.67638,89,38788.911973
75.952507,81,38794.066435
74.744774,88,38799.479474
75.424151,86,38804.98288
74.97741,87,38810.413776
73.291403,89,38815.984952
73.592163,83,38821.244865
74.10092,87,38826.563074
73.30675,82,38831.781056
75.407669,92,38837.615553
75.496397,88,38843.130786
73.883755,91,38848.963854
73.798492,86,38854.413585
75.376824,83,38859.584402
73.898344,91,38865.247643
74.349735,88,38870.866197
74.256746,88,38876.546819
74.639663,93,38882.378573
74.355509,90,38888.01997
74.293769,95,38893.883261
74.637621,92,38899.735435
75.551029,83,38905.036428
73.499506,97,38911.082477
74.939491,86,38916.533217
73.646483,88,38922.135595
73.977184,98,38928.298627
74.503154,94,38934.199948
74.695587,84,38939.498966
75.58186,92,38945.283787
75.274829,87,38950.832399
75.153742,86,38956.182334
74.843799,91,38961.852051
73.769135,88,38967.482733
74.45072,86,38972.866471
74.968189,89,38978.353856
73.832054,80,38983.518823
73.423159,93,38989.286682
75.601758,84,38994.602626
73.301125,92,39000.286923
75.323255,92,39005.949831
75.764628,86,39011.433809
74.279666,77,39016.602507
75.538604,90,39022.305595
75.518101,76,39027.484639
75.862835,85,39033.543189
75.102313,88,39039.825394
72.380419,77,39045.387402
74.505343,57,39050.179749
75.956902,67,39055.806988
75.422334,63,39061.107878
74.97007,71,39066.85956
75.677661,69,39072.457464
74.661582,75,39078.683594
76.192654,61,39084.02549
74.50614,73,39089.442026
76.183279,65,39094.483646
73.513263,90,39100.16998
75.340273,88,39105.604002
74.523317,85,39111.020788
74.692513,95,39116.923359
76.26625,84,39122.153987
74.21919,87,39127.575385
76.052272,86,39132.95653
75.228623,87,39138.356833
74.696766,78,39143.273055
74.549169,74,39148.022201
74.301018,83,39153.319158
73.861201,104,39159.823722
75.006402,88,39165.420748
73.200758,108,39171.955737
75.330083,86,39177.307865
75.244313,94,39183.008139
74.295252,101,39189.206333
75.713316,85,39194.407428
72.500493,85,39199.757458
74.144022,89,39205.30705
75.646833,88,39210.759631
74.361477,85,39216.207194
73.978591,89,39221.728013
74.946767,81,39226.859843
74.684852,86,39232.357374
74.555327,84,39237.740795
74.31979,88,39243.24223
75.031937,93,39249.107144
76.390821,78,39254.076972
76.166254,76,39259.076772
72.7639,89,39264.776026
73.665842,88,39270.290079
74.553865,87,39275.659232
74.326577,98,39281.724081
74.439531,89,39287.325945
75.697199,74,39291.978409
74.120181,79,39297.044856
74.080836,84,39302.342376
75.183482,92,39307.925531
76.262045,87,39313.210274
73.798346,99,39319.396241
75.473707,84,39324.527822
74.896716,88,39329.896218
75.045308,90,39335.393852
75.745259,86,39340.777224
75.407773,92,39346.578764
75.257591,91,39352.2767
75.636147,90,39357.946283
74.635638,88,39363.544764
73.830147,86,39368.743588
73.662862,84,39373.928419
75.231308,87,39379.395744
74.75046,87,39384.843494
74.753389,90,39390.630929
74.404116,88,39396.197199
73.622479,88,39401.780517
76.454046,69,39406.197723
74.042713,87,39411.545687
75.012122,82,39416.77767
76.257153,84,39422.099262
75.861026,77,39427.095015
74.780526,89,39432.795241
76.279756,79,39437.979078
76.064414,85,39443.428295
74.23423,89,39449.147228
73.669959,77,39454.165363
75.866069,84,39459.516833
75.539268,73,39464.250427
75.634955,86,39469.718192
73.672128,88,39475.349684
75.849966,96,39481.347766
74.886829,86,39486.744291
73.300869,89,39492.298986
74.348331,85,39497.566337
74.576982,85,39503.004682
75.180511,86,39508.464343
74.550959,80,39513.600641
75.017644,92,39519.215303
75.063442,89,39524.667642
75.135599,89,39530.300367
73.354706,80,39535.401897
76.048624,82,39540.614843
75.110912,83,39545.997469
74.430973,84,39551.433221
66.372059,94,39557.350344
76.249177,88,39562.867311
74.969073,86,39568.299286
75.950827,89,39573.766618
74.586604,80,39578.834034
74.863499,82,39584.117688
73.405207,92,39589.867363
75.752982,83,39595.151656
73.676386,91,39600.801687
74.077399,89,39606.418384
74.415089,85,39611.949289
74.441523,91,39617.70324
74.205263,85,39623.150109
74.233847,95,39628.972185
73.634535,87,39634.520802
74.240671,89,39640.234795
75.489912,86,39645.720042
75.277985,84,39650.972346
74.544096,88,39656.551124
76.055141,88,39662.169079
74.353462,85,39667.567635
75.559021,88,39673.169229
75.155022,79,39678.270237
74.085095,93,39683.969728
74.046826,89,39689.555676
74.145723,81,39694.768565
75.755723,85,39700.190882
73.719279,92,39705.970476
74.222712,86,39711.36923
75.268681,85,39716.690601
75.065335,99,39722.787902
73.390989,95,39728.571405
73.481053,87,39733.920797
75.026675,93,39739.690191
74.63975,85,39744.940237
75.273074,99,39750.93936
74.610716,86,39756.239094
74.925946,94,39761.974823
75.382926,87,39767.335963
73.702268,95,39773.092968
75.407721,87,39778.624045
74.407501,88,39784.023041
73.765972,90,39789.672794
75.53096,80,39794.775429
75.742308,81,39799.825441
74.801766,99,39805.839066
75.180868,93,39811.625218
76.589528,79,39816.67133
75.664351,88,39822.194536
77.24117,82,39827.391674
75.283243,83,39832.69097
74.942097,84,39838.124097
75.522319,85,39843.591235
75.875566,89,39849.089583
75.818182,74,39854.162182
75.504964,87,39859.608043
73.095299,98,39865.657964
75.247244,84,39871.029995
74.657118,92,39876.678563
74.753445,85,39882.010289
75.034424,82,39887.241541
74.336103,70,39891.806808
74.318376,95,39897.740816
75.546367,89,39903.310731
74.342584,82,39908.491046
73.461859,100,39914.543418
73.09698,91,39920.292528
74.668115,101,39926.442741
75.85261,86,39931.892367
74.591768,90,39937.411077
76.283839,83,39942.51163
73.809573,80,39947.595682
74.291635,91,39953.261715
75.607255,86,39958.612969
75.575585,88,39964.06243
74.817455,87,39969.560952
69.471622,82,39974.694789
74.976193,86,39980.10971
75.104775,87,39985.597427
75.724391,84,39990.94314
73.280045,93,39996.728341
75.939219,86,40002.060963
76.528208,82,40007.394399
74.379414,81,40012.515799
75.509941,82,40017.929588
76.023537,82,40023.147714
75.861983,80,40028.262924
74.112014,96,40034.111069
73.909937,94,40039.965531
74.898858,85,40045.245986
76.315524,82,40050.296236
76.123857,86,40055.664595
74.498896,86,40061.165507
75.658037,87,40066.565823
74.253025,86,40072.212608
74.261331,96,40078.133096
74.498802,87,40083.612479
71.379948,86,40088.932416
73.77744,89,40094.597647
76.567662,78,40099.581873
75.397856,88,40105.096965
74.889193,90,40110.665653
75.361906,84,40115.997704
76.584074,79,40120.979845
76.319012,86,40126.38211
75.350053,86,40131.714425
73.756887,91,40137.51472
75.116736,77,40142.382557
71.667261,90,40147.917538
72.83394,96,40153.733415
73.164073,91,40159.366309
75.369075,86,40164.934539
72.813126,85,40170.266848
76.157319,88,40175.81667
75.271169,88,40181.366937
73.039177,106,40187.915514
75.183025,95,40193.934662
74.104559,73,40198.767306
76.123743,90,40204.315969
74.579685,87,40209.887504
67.846004,84,40215.371043
75.59921,78,40220.517305
74.037035,99,40226.669469
73.30745,90,40232.465843
74.843755,93,40238.367888
75.33982,88,40243.868989
75.688799,84,40249.184204
73.959761,87,40254.769972
74.997759,89,40260.450449
75.919854,92,40266.083732
76.676962,83,40271.238656
72.884546,71,40275.787165
74.012306,88,40281.30115
75.063171,96,40287.254409
74.041197,107,40293.752867
74.751376,87,40299.186838
73.538129,101,40305.336999
70.890194,84,40310.700415
75.699634,92,40316.53692
76.026281,78,40321.487786
74.4752,87,40326.954717
75.631922,84,40332.385696
75.040247,78,40337.436821
74.105976,90,40343.021328
73.583587,80,40348.102492
74.796019,82,40353.306416
72.932066,95,40359.289345
74.399432,85,40364.754728
74.214257,86,40370.237377
73.781041,101,40376.47238
73.002431,92,40382.221
75.363749,79,40387.340333
74.614243,86,40392.790202
75.251606,88,40398.437769
74.860256,79,40403.519795
75.758169,87,40409.042822
73.624467,105,40415.557106
73.258309,93,40421.358698
74.594157,70,40426.004739
72.052575,86,40431.322588
73.336879,83,40436.557337
73.779324,88,40442.074033
73.319088,86,40447.540625
74.681316,86,40452.924931
75.830503,80,40458.172061
71.909849,94,40463.958984
75.12099,89,40469.459499
74.923123,90,40475.042542
74.819644,92,40480.809035
73.948812,90,40486.424425
74.972242,94,40492.205899
22.54565,60,40496.211603
74.994325,87,40501.57415
75.734865,90,40507.20596
73.971853,88,40512.473219
73.761411,84,40517.707561
75.090439,89,40523.27781
75.563157,93,40528.907316
72.806346,103,40535.292822
74.143912,86,40540.609743
66.328975,88,40546.00753
72.788254,86,40551.425536
75.563766,87,40556.927157
74.742786,88,40562.510391
74.795116,87,40567.92752
75.429136,87,40573.391653
74.769429,84,40578.759168
75.643515,83,40584.109836
74.031806,94,40589.910401
76.42514,88,40595.509083
74.284636,90,40601.211418
74.263032,86,40606.559173
75.701278,80,40611.80924
76.365174,77,40616.777826
75.181582,83,40622.07645
74.157818,83,40627.293862
76.42287,79,40632.179006
74.913671,90,40637.795253
73.215399,88,40643.361438
76.47762,76,40648.262141
73.234577,98,40654.296403
75.62698,88,40659.860544
75.190623,87,40665.328783
74.141394,93,40671.030883
76.923053,81,40676.079673
74.951437,89,40681.678817
73.806775,82,40686.862907
75.369319,84,40692.197243
75.053121,94,40697.896493
75.726588,84,40703.231312
76.284674,86,40708.662993
75.746764,79,40713.645716
74.426575,99,40719.850618
75.091404,88,40725.380461
76.250753,79,40730.33288
74.963758,88,40735.812568
75.49642,90,40741.400981
75.141966,88,40746.964241
74.255679,90,40752.681027
73.774155,94,40758.483186
74.929512,83,40763.747343
74.760233,95,40769.711968
73.836477,85,40775.147994
74.871172,78,40780.199594
74.309301,83,40785.549467
74.493371,88,40791.064013
75.027106,83,40796.398675
75.968085,80,40801.547755
75.419509,82,40806.800874
74.378413,93,40812.701414
76.264963,80,40817.798154
74.624116,89,40823.500236
74.825966,89,40829.050363
75.589492,90,40834.732893
75.146668,89,40840.333692
75.962878,90,40845.998699
73.71508,87,40851.398531
74.692129,93,40857.216499
74.909937,88,40862.749824
74.768156,90,40868.303327
74.391107,88,40873.816607
73.921641,101,40880.202397
75.690629,101,40886.218748
74.813041,87,40891.619338
73.03569,83,40896.901305
76.721704,80,40901.952289
74.06473,111,40908.635289
77.015168,81,40913.852397
74.820068,93,40919.520963
76.241516,84,40924.800399
76.929844,89,40930.252424
75.3975,84,40935.551915
75.303313,85,40940.853918
75.08721,83,40946.037699
75.165579,92,40951.818594
74.875198,85,40957.302572
74.798378,84,40962.618629
74.347357,90,40968.372742
75.20839,86,40973.754316
74.068466,91,40979.424849
76.508125,81,40984.757664
76.012479,86,40990.152952
75.957125,78,40995.269651
74.785198,80,41000.474124
75.126345,86,41006.00725
74.667882,82,41011.238928
74.521864,83,41016.673985
75.320672,83,41022.188748
75.94211,90,41027.722139
73.898418,83,41032.991155
74.935833,89,41038.622262
75.195456,88,41043.904939
74.988414,80,41048.957458
74.184653,87,41054.373509
73.919633,78,41059.406409
72.591278,86,41064.673892
76.236697,86,41070.043221
74.82806,92,41075.774202
73.437145,90,41081.191254
74.202113,94,41086.997236
75.746983,83,41092.17439
76.510359,84,41097.425784
73.460883,90,41102.923457
77.110732,82,41108.007355
74.59632,99,41113.94062
71.489875,85,41119.225271
74.380605,85,41124.423727
74.627029,86,41129.775595
75.812729,88,41135.32878
75.72392,83,41140.42366
74.676041,97,41146.374114
74.824734,95,41152.289822
75.949962,81,41157.392666
74.444935,87,41162.893042
74.992741,83,41168.124646
74.804207,96,41174.023417
73.830323,79,41179.026068
72.995417,96,41185.064242
75.701615,81,41190.294418
75.475297,82,41195.541103
73.742832,83,41200.827263
75.651256,84,41206.230235
73.473943,100,41212.474851
75.363177,81,41217.690073
73.38558,99,41223.675371
76.864658,81,41228.89478
76.000314,86,41234.209834
75.88692,89,41239.82694
74.851793,103,41245.993679
75.386312,97,41251.89751
74.818359,97,41257.795026
74.708797,92,41263.444808
74.950476,90,41269.063519
74.372265,95,41274.997689
76.830661,81,41280.046038
74.577037,91,41285.599173
74.509623,89,41291.193319
75.640686,92,41296.711213
74.303636,90,41302.214607
74.348516,97,41308.160794
75.393097,84,41313.611241
76.115769,81,41318.811966
75.383178,89,41324.215152
74.946281,92,41330.014266
76.050169,77,41334.896323
75.854723,83,41340.214997
74.787738,95,41346.196506
76.292138,86,41351.615973
75.677679,94,41357.616602
74.512609,85,41363.016142
75.608349,86,41368.516509
73.188974,79,41373.695425
75.688035,77,41378.679451
76.373388,80,41383.82786
75.865112,84,41389.19754
76.326703,83,41394.497115
72.586286,101,41400.713728
75.348402,80,41405.848181
74.710157,80,41410.915257
74.199845,87,41416.5125
74.52137,89,41422.114784
73.930172,97,41428.162901
74.960307,78,41433.213913
71.713627,80,41438.271716
74.082143,103,41444.682993
75.637685,85,41449.967753
75.145171,96,41455.966336
75.536876,85,41461.332685
75.017056,85,41466.566671
75.447866,82,41471.751556
74.453923,95,41477.697809
74.18658,90,41483.385246
74.273416,87,41488.833225
73.404717,94,41494.568123
75.672681,85,41499.885912
74.035482,84,41505.20183
75.04696,81,41510.405344
73.553995,89,41516.117239
74.961709,89,41521.720059
75.269055,95,41527.76647
75.464384,93,41533.616121
75.6801,85,41538.937007
74.41897,82,41544.089475
73.020243,92,41549.918087
74.69784,88,41555.466918
73.945763,90,41561.069515
76.052579,88,41566.669577
76.097352,89,41572.288176
76.288758,80,41577.453366
74.680914,96,41583.404113
75.085543,87,41588.790601
74.612164,82,41593.989432
72.666604,90,41599.787024
74.006354,93,41605.451644
74.035284,92,41611.185581
75.514743,86,41616.583897
76.69022,86,41621.939947
74.874989,90,41627.5514
74.598882,89,41633.088639
75.215534,89,41638.522096
74.019932,87,41643.987679
75.124753,89,41649.472003
73.631994,104,41655.777409
75.627902,88,41661.286373
73.471472,86,41666.555351
75.723997,88,41672.009227
75.717457,83,41677.259105
75.089954,85,41682.690192
73.965135,85,41687.988006
74.460291,77,41692.864455
73.971859,99,41699.009282
73.927455,92,41704.756477
74.176897,98,41710.809868
73.237858,88,41716.253895
73.722923,82,41721.658558
75.667065,84,41726.855835
76.028127,82,41732.139673
75.667789,87,41737.640874
74.900721,88,41743.092064
76.608136,81,41748.173564
75.403546,81,41753.406642
73.156326,87,41758.808389
74.670338,81,41763.993098
75.173162,83,41769.288907
74.418984,87,41774.709295
75.503989,85,41780.091773
75.040614,94,41785.959563
73.828006,85,41791.408828
75.770436,87,41796.908773
75.889079,82,41802.058275
73.002334,88,41807.41164
74.800332,86,41812.740891
75.636153,77,41817.778414
77.208044,73,41822.590998
75.368389,92,41828.209217
75.910012,83,41833.457648
76.169945,83,41838.591816
75.545793,82,41843.677696
75.706632,88,41849.108215
74.671576,82,41854.178509
72.747164,93,41859.858808
75.635601,85,41865.24826
73.619592,106,41871.827435
74.766013,91,41877.358847
74.7981,90,41882.943338
73.557438,91,41888.511879
75.876275,83,41893.661593
74.308186,88,41899.009664
75.307742,91,41904.610656
75.198592,86,41910.028005
74.933118,92,41915.661323
73.437473,106,41922.063635
73.309436,102,41928.345109
75.305757,95,41934.263481
75.129861,83,41939.494457
75.246188,86,41944.96023
74.11718,92,41950.731066
74.069749,96,41956.743026
74.696008,91,41962.510678
73.914498,90,41968.194494
73.457838,91,41973.962311
74.552358,96,41980.028286
73.705374,83,41985.310977
74.605656,87,41990.995831
75.47165,85,41996.431969
74.906817,84,42001.82788
73.38549,84,42007.015981
75.767972,80,42012.26433
75.783744,87,42017.580732
75.743331,81,42022.750806
75.306997,87,42028.431464
74.602584,85,42033.834055
74.675135,88,42039.404115
76.037127,87,42044.853272
77.356748,82,42050.263881
73.687969,87,42055.800121
73.996848,67,42060.182018
74.218987,82,42065.282014
74.868148,87,42070.631169
75.889866,84,42075.99772
75.389448,83,42081.350378
74.829595,82,42086.633209
76.169663,76,42091.49967
75.614094,84,42096.88203
76.540329,82,42102.081718
75.329761,86,42107.498628
74.217276,87,42112.980899
74.344358,86,42118.383593
74.336276,88,42123.884942
74.398088,81,42129.033754
73.15275,78,42134.233068
75.251708,86,42139.851737
73.88408,86,42145.251039
73.485564,76,42150.103112
74.504335,85,42155.604293
73.531667,104,42162.151996
74.816871,84,42167.552266
74.416408,82,42172.80427
74.573927,76,42177.599961
74.790764,83,42182.96665
74.757802,86,42188.251163
72.954932,112,42195.206319
73.129345,98,42201.252934
74.918519,89,42206.784942
75.824524,85,42212.101836
72.713821,88,42217.555505
75.683195,84,42222.853004
75.578315,83,42228.105242
73.839456,79,42233.171565
75.2705,86,42238.57003
75.143928,91,42244.186025
76.184256,82,42249.375354
75.063293,92,42255.06926
75.904988,84,42260.305548
74.297892,89,42265.854266
74.895943,89,42271.423268
73.703449,85,42276.723279
76.203261,84,42281.975087
74.129342,86,42287.37303
76.392082,87,42292.822896
74.827059,82,42298.055948
74.464068,93,42303.853592
74.28006,95,42309.806601
75.749871,88,42315.354297
74.178999,81,42320.53615
74.082644,94,42326.239365
73.928441,94,42332.075674
75.791162,86,42337.472378
75.754857,87,42342.974601
74.597355,81,42348.055329
73.635231,84,42353.423371
76.452969,78,42358.608325
75.375162,83,42363.90659
76.687331,85,42369.257077
74.708144,96,42375.360258
74.357293,88,42380.80853
75.158188,86,42386.173597
74.019524,87,42391.577241
74.088156,93,42397.259246
75.225303,80,42402.275092
74.862586,80,42407.371184
75.074408,87,42412.773931
73.941552,83,42417.95869
74.524997,90,42423.342581
74.767621,88,42428.808173
73.059609,79,42433.692163
74.977707,84,42438.991361
74.544264,91,42444.676824
72.740256,107,42451.22739
72.782687,103,42457.425537
74.192051,90,42462.975372
73.319205,99,42469.091254
73.84753,85,42474.327328
75.268305,94,42480.142375
75.593668,82,42485.495879
74.65501,100,42491.724844
75.717354,88,42497.224753
75.388035,81,42502.34273
76.160537,85,42507.579447
75.112986,91,42513.277295
74.122356,85,42518.677282
74.302852,95,42524.477441
74.02984,89,42530.045393
75.412234,90,42535.631846
75.529495,81,42540.897716
75.331198,77,42545.976185
9.285199,32,42548.497127
74.20414,93,42554.463065
74.113354,81,42559.642234
75.419587,78,42564.779707
75.485171,89,42570.360651
76.181035,80,42575.544441
74.033089,91,42581.129363
74.759891,88,42586.63059
74.477978,83,42591.844075
75.214134,85,42597.179778
74.567923,81,42602.364525
74.874699,89,42608.012052
75.137831,88,42613.528923
74.838344,88,42619.07952
74.663762,87,42624.512296
75.243049,89,42630.147623
74.628958,92,42635.795251
73.683118,87,42641.196878
74.708924,91,42646.746964
74.277573,90,42652.316982
75.042996,89,42657.797694
73.117351,95,42663.597898
75.108838,87,42668.99787
76.176338,87,42674.44871
75.427844,83,42679.731034
72.808384,90,42685.414946
75.911701,85,42690.600833
74.980638,77,42695.647303
75.540927,82,42700.91392
75.140074,90,42706.546682
74.597901,82,42711.847771
75.100366,88,42717.448482
74.145678,86,42722.948571
73.816381,82,42728.279982
73.344482,82,42733.582628
73.275433,74,42738.449771
74.736698,79,42743.534149
74.131858,91,42749.366422
75.084397,92,42755.08252
74.782129,86,42760.616195
74.004568,84,42765.919692
75.54519,81,42771.069791
75.8569,83,42776.316874
75.389966,86,42781.783755
73.31092,69,42786.267961
74.497327,88,42791.783552
75.934065,88,42797.21687
75.824289,81,42802.386883
75.866148,79,42807.567497
75.084944,89,42813.136265
74.255585,104,42819.486097
75.501986,95,42825.334219
74.572915,85,42830.686644
74.660464,86,42836.100994
75.406748,79,42841.168279
74.358586,85,42846.454062
75.461674,87,42851.85279
74.990036,92,42857.738554
74.78889,99,42863.818775
75.197399,93,42869.571937
73.654604,79,42874.537562
74.084487,87,42879.872863
74.534923,84,42885.224732
75.334754,84,42890.572067
76.498708,78,42895.474755
75.327176,87,42900.823059
74.462088,85,42906.193144
75.788425,86,42911.521989
74.375181,86,42917.087317
74.09488,90,42922.622706
75.592527,93,42928.490779
74.333088,89,42934.09106
75.762327,86,42939.689476
73.504807,87,42945.185656
74.236965,79,42950.190567
74.84103,76,42954.974322
74.22897,83,42960.227218
74.70379,91,42965.955364
74.213503,82,42971.139338
73.40409,90,42976.743037
75.687778,82,42981.924759
75.463496,83,42987.138939
75.113379,86,42992.538341
73.697289,96,42998.289122
76.411073,87,43003.841436
75.801195,88,43009.307954
73.522555,94,43015.093691
74.641244,80,43020.173278
73.613646,106,43026.556588
73.72413,105,43033.010294
72.355659,94,43038.845596
75.745054,86,43044.209601
75.462231,85,43049.508557
74.392037,91,43055.190739
74.84618,90,43060.793396
75.880656,84,43066.011953
73.740317,88,43071.44156
74.140192,82,43076.658923
73.553013,88,43082.142838
75.516729,88,43087.546777
74.614519,86,43092.843133
74.297817,88,43098.29542
75.652945,83,43103.642605
74.759741,83,43108.992274
74.127491,86,43114.544212
74.477277,96,43120.744256
73.529399,92,43126.593398
74.014083,85,43131.909859
75.20122,81,43137.194937
74.062167,87,43142.814938
74.126662,97,43148.976238
73.600308,88,43154.448537
74.400111,85,43159.962294
73.252735,100,43166.1632
75.078601,84,43171.462066
76.070568,89,43177.113339
75.339238,91,43182.767577
74.308976,102,43188.913889
75.528831,85,43194.17818
73.595845,82,43199.377635
75.876646,88,43204.961394
75.123734,87,43210.429289
75.833481,82,43215.612019
74.688583,84,43220.872806
74.756342,87,43226.264816
76.116006,79,43231.412927
75.006179,94,43237.287171
75.378772,92,43243.012039
74.173665,99,43249.114937
75.850667,83,43254.380227
75.031678,88,43259.964005
74.084594,80,43265.06584
74.339406,94,43270.867414
71.982609,92,43276.563727
74.565699,75,43281.483345
76.680456,83,43286.783295
74.602512,89,43292.41502
74.823958,88,43298.048055
73.374485,83,43303.316681
75.764626,90,43309.051354
76.528386,79,43314.267748
75.431149,80,43319.467557
75.295472,79,43324.617429
75.629892,87,43330.165429
73.644215,91,43335.783648
74.88135,90,43341.503553
76.56931,82,43346.821236
76.671222,85,43352.302135
75.750818,83,43357.535524
75.180919,82,43362.76862
73.861392,92,43368.633838
76.966229,79,43373.75195
76.452678,79,43378.821901
74.643206,84,43384.082739
75.639262,87,43389.43321
73.136678,101,43395.63477
75.321516,82,43400.651723
74.773541,84,43405.983885
74.422471,81,43411.184509
76.28268,82,43416.453241
74.971908,93,43422.118619
76.176752,84,43427.33587
73.343805,106,43433.855129
75.907449,90,43439.423579
75.100234,90,43445.087738
75.663905,85,43450.436165
73.617555,81,43455.485425
75.030456,82,43460.601009
74.549347,89,43466.039589
75.787216,81,43471.206219
73.852014,92,43476.95597
75.000221,89,43482.504252
74.895143,88,43488.040143
74.874564,94,43493.737769
76.091991,84,43499.086904
74.532874,83,43504.357306
75.291367,77,43509.357058
74.757149,84,43514.903756
76.146638,84,43520.39154
75.903198,83,43525.656949
72.679674,90,43531.29025
75.262391,98,43537.490522
74.422877,90,43543.254559
74.833302,92,43549.037375
72.768377,112,43556.142874
75.025696,91,43561.755163
73.217008,90,43567.388317
74.853659,88,43572.822628
75.171775,85,43578.141914
74.292478,83,43583.456222
71.273982,86,43588.89007
73.655728,91,43594.508153
73.392076,80,43599.560199
74.910261,90,43605.10922
74.866867,83,43610.25612
72.714803,95,43616.060806
74.692585,90,43621.632098
74.480707,80,43626.725164
75.35664,84,43632.006847
75.012561,88,43637.558662
72.631145,80,43642.691412
74.223262,84,43647.989639
76.749343,84,43653.258198
74.713232,84,43658.542382
74.818576,87,43663.907861
74.304631,79,43668.828635
75.72986,83,43674.007736
73.290832,101,43680.209818
74.984706,89,43685.759256
75.393544,96,43691.659139
74.973053,87,43697.113658
73.975432,86,43702.510433
74.861897,83,43707.827306
75.196012,82,43713.180749
74.29918,79,43718.444334
72.486886,89,43724.080426
75.293736,91,43729.729743
75.977792,84,43735.076736
75.572726,87,43740.54312
76.756261,77,43745.425789
71.167919,95,43751.377821
75.729819,89,43756.981033
74.655437,92,43762.828658
74.271751,102,43769.131314
74.609403,91,43774.796117
73.80487,91,43780.427604
75.352421,81,43785.631304
73.538027,91,43791.364688
74.577968,84,43796.6272
74.58147,94,43802.361307
74.062071,84,43807.747718
74.573538,87,43813.146057
75.311286,81,43818.30002
75.69637,85,43823.681388
75.214583,88,43829.230194
73.563984,89,43834.882241
74.893445,87,43840.282531
75.013946,91,43845.929792
75.132246,70,43850.449066
74.140361,97,43856.379846
74.676637,82,43861.498088
75.621835,92,43867.182019
74.569253,87,43872.680381
74.400117,83,43877.98196
75.784731,88,43883.585075
75.613269,82,43888.950265
75.705523,79,43894.097976
75.752392,93,43900.030019
75.911307,82,43905.502
74.331084,99,43911.899689
73.509769,90,43917.653693
74.919496,83,43922.982998
74.017391,87,43928.550668
75.428739,89,43934.13325
75.100379,84,43939.646841
74.77272,85,43945.101335
75.646329,83,43950.353457
75.547003,84,43955.850805
74.718644,92,43961.634814
76.539264,79,43966.666253
74.688496,80,43971.782651
76.522647,81,43976.901179
76.034291,87,43982.350944
75.189338,89,43987.899318
74.157315,78,43992.921463
75.670708,84,43998.20145
74.791564,80,44003.301253
74.532484,78,44008.221604
76.672164,81,44013.352071
74.828475,86,44018.685441
75.289483,92,44024.320513
75.722501,84,44029.585084
74.856245,90,44035.234982
74.482218,91,44040.983891
74.258576,88,44046.501367
76.126468,87,44051.953069
73.496948,95,44057.851592
75.361683,79,44062.924739
75.883055,79,44067.968715
71.6483,102,44074.303668
75.050533,89,44079.904745
73.823706,90,44085.718558
73.201119,84,44091.051678
66.18451,76,44096.0085
74.80951,86,44101.551673
76.02132,88,44107.190241
75.528751,83,44112.671269
74.472945,86,44118.157241
72.632856,85,44123.574931
75.481622,75,44128.572636
75.868556,88,44134.069322
75.225915,91,44140.005163
75.497499,90,44145.590317
75.534401,92,44151.172358
75.556832,94,44157.040858
74.153591,90,44162.622267
72.361789,92,44168.32168
73.773071,92,44174.088712
74.726932,105,44180.521626
76.086661,85,44185.793617
74.714094,85,44191.156026
73.682143,90,44196.721336
74.179096,96,44202.705792
75.366652,86,44208.093166
75.624389,88,44213.573581
75.006123,85,44218.977248
76.866559,81,44223.975033
75.07099,86,44229.371718
76.201942,83,44234.64192
74.606034,92,44240.393521
74.940763,85,44245.742312
76.325508,85,44251.04394
75.254368,87,44256.473065
75.688915,93,44262.143408
74.546338,94,44268.00938
74.739598,100,44273.943769
73.76728,89,44279.558343
75.063228,87,44285.224857
74.795851,91,44290.926516
74.007811,84,44296.275567
73.889577,99,44302.51227
75.951573,83,44307.844168
74.654819,88,44313.281857
74.554592,99,44319.393867
75.176991,87,44324.890284
74.831551,89,44330.562389
73.189678,85,44335.961587
74.450941,87,44341.662928
73.864652,93,44347.475971
74.063941,95,44353.311238
74.876729,86,44358.593699
75.602152,91,44364.226323
75.381501,85,44369.444678
72.513991,85,44374.793491
75.907362,77,44379.744016
73.017958,79,44384.745145
74.957508,89,44390.144456
74.471768,91,44395.796533
73.981176,92,44401.415643
75.379866,92,44407.066199
74.934711,85,44412.399127
76.273423,81,44417.594149
76.027416,83,44422.81029
74.606778,77,44427.747232
74.861065,89,44433.244046
75.76297,83,44438.397601
74.352739,82,44443.54725
75.263364,83,44448.797418
74.769349,86,44454.130843
75.29753,82,44459.296059
72.849936,81,44464.484343
75.875514,87,44470.014392
74.794548,94,44475.913665
74.069546,81,44481.166885
74.919653,82,44486.401193
72.784418,97,44492.567442
72.758806,70,44496.998998
73.984686,85,44502.318898
75.588202,87,44507.899694
75.165982,90,44513.530832
75.562816,86,44518.899452
72.75585,79,44523.934351
74.098748,86,44529.301966
75.951563,88,44534.899589
75.497682,83,44540.068237
75.425455,85,44545.368501
74.644209,87,44550.864064
76.409196,84,44556.2477
74.545783,98,44562.264693
72.959872,92,44567.83293
74.22907,94,44573.738379
75.362179,82,44579.06603
76.893593,78,44583.99086
75.446295,88,44589.466232
75.500185,82,44594.518188
74.51425,84,44599.753083
75.118923,88,44605.216194
76.015251,88,44610.651789
76.297862,86,44616.11852
74.059914,78,44621.065894
74.442025,85,44626.419837
74.78613,101,44632.584166
74.573993,92,44638.237182
75.740501,83,44643.688578
75.376112,92,44649.469137
76.282231,80,44654.437534
72.578076,82,44659.720958
73.790798,87,44665.139734
76.629966,81,44670.369098
75.816984,84,44675.718918
74.549748,82,44680.968323
75.527086,85,44686.439967
74.805189,89,44692.139333
74.202204,97,44698.268658
74.338842,87,44703.78741
75.639573,84,44709.13508
75.851625,84,44714.501338
73.837378,103,44720.951745
76.19309,86,44726.487876
73.965953,93,44732.185894
74.432798,88,44737.638118
74.484554,84,44742.852333
73.79891,92,44748.541558
74.083132,74,44753.240199
74.950077,84,44758.639301
74.387605,93,44764.390789
74.559644,106,44770.887514
75.210755,90,44776.539253
73.85955,86,44781.789337
75.22204,80,44786.837967
74.174991,81,44791.940837
74.211755,81,44797.088629
75.241697,82,44802.25431
-9.725456,6,44804.306555
73.963312,91,44809.989316
72.116502,96,44815.856909
74.898329,94,44821.756832
74.589412,84,44827.140028
75.286442,85,44832.440439
74.600919,90,44837.992624
74.818541,82,44843.224305
73.07747,109,44849.84134
74.543781,89,44855.390721
74.413111,90,44861.041156
75.158127,86,44866.539149
76.452166,70,44871.290226
75.126988,103,44877.693047
71.95789,107,44884.358535
75.56291,84,44889.677211
74.418008,84,44894.94244
75.326875,88,44900.460129
75.411719,84,44905.858096
73.477179,90,44911.559074
74.778436,95,44917.360447
73.144792,90,44922.775127
74.825694,87,44928.311106
76.348233,85,44933.45891
75.141265,81,44938.709223
73.896978,82,44943.89316
75.868128,98,44949.87759
75.542537,83,44955.110697
74.871832,88,44960.612609
75.528287,87,44966.077627
77.251682,83,44971.27906
73.457961,103,44977.544821
75.197022,91,44983.228283
73.965103,105,44989.744916
74.817276,90,44995.313503
75.523784,81,45000.543845
75.127696,90,45006.063896
75.426975,83,45011.263027
73.700215,95,45017.163566
76.078442,87,45022.579013
75.751941,83,45027.813855
71.289843,100,45033.778151
75.507283,84,45039.209642
75.581791,87,45044.659677
74.25218,86,45050.145383
73.683031,99,45056.314691
75.329179,86,45061.780598
75.390074,83,45067.161205
75.379622,81,45072.547781
75.009592,84,45078.012765
75.409773,83,45083.345984
74.639334,82,45088.581482
73.541266,94,45094.495684
74.666343,93,45100.347608
72.245944,84,45105.647898
74.763772,81,45110.847916
75.329376,89,45116.39695
74.702385,84,45121.816926
72.703767,86,45127.249971
75.804536,83,45132.595947
74.655453,80,45137.702228
75.628959,83,45142.899506
75.021061,87,45148.300668
74.48996,91,45153.932528
76.367823,84,45159.334854
74.898915,82,45164.531643
74.886622,86,45169.882564
75.992283,83,45175.132782
73.4805,90,45180.733544
74.676796,89,45186.332992
75.923047,88,45191.816143
74.236603,86,45197.333194
74.919241,85,45202.635915
74.752081,78,45207.800742
75.587273,97,45213.882106
74.343261,100,45220.153023
74.937999,89,45225.785031
75.309379,82,45230.931998
75.846614,80,45236.08141
74.260661,92,45241.73522
74.683529,79,45246.931808
76.031197,79,45252.101048
75.958086,79,45257.200401
76.173953,82,45262.453334
70.463744,79,45267.503359
75.378742,89,45273.134333
75.867895,83,45278.452369
74.150493,93,45284.153407
74.894853,84,45289.467004
74.414611,90,45295.054566
75.063863,93,45300.752846
73.890406,90,45306.334032
74.45659,107,45312.850485
74.571867,100,45319.069096
75.128146,81,45324.352495
74.029004,89,45329.873345
75.248959,98,45335.871951
73.195104,93,45341.656901
75.98572,82,45346.870599
75.031414,86,45352.303267
75.363253,81,45357.368477
75.750823,86,45362.77175
74.751065,90,45368.427007
74.324596,87,45373.856972
74.378555,93,45379.653952
75.406534,84,45384.923581
74.27003,92,45390.473867
73.716278,88,45396.053646
76.219045,85,45401.403182
75.004981,82,45406.571547
77.626758,82,45411.906903
74.080887,93,45417.657491
74.992089,81,45422.907642
74.716883,99,45429.155447
74.419652,91,45434.856441
74.856821,79,45439.908098
73.815353,80,45445.059811
76.437642,84,45450.276012
71.907309,86,45455.823458
74.293596,88,45461.240929
72.592324,86,45466.673356
74.388336,89,45472.391577
74.434996,88,45478.07324
73.990739,86,45483.557705
74.71881,95,45489.372635
75.642138,85,45494.805804
74.265861,91,45500.422909
75.468962,96,45506.389932
73.483903,89,45511.92618
75.662507,85,45517.37499
74.013556,94,45523.141533
75.090841,85,45528.42262
74.719013,94,45534.190901
75.053667,87,45539.542937
75.559604,90,45545.193768
74.117263,102,45551.476242
74.490659,99,45557.442535
76.131603,86,45562.926543
75.028588,93,45568.576805
73.40148,100,45574.526718
74.728067,95,45580.441554
74.483722,87,45585.857201
73.662043,95,45591.657281
75.506511,101,45597.675191
74.101663,95,45603.494222
74.025458,85,45608.77866
75.760548,87,45614.194453
73.35387,93,45620.078004
75.469641,85,45625.393505
72.009129,74,45630.158708
74.47966,84,45635.527463
74.228049,99,45641.793725
75.730511,86,45647.278158
75.737256,92,45653.061295
73.776311,92,45658.828714
73.712641,81,45664.112041
74.518176,87,45669.693398
74.34457,85,45675.062932
74.185325,84,45680.429427
73.654456,95,45686.348525
74.655657,86,45691.763509
75.519964,93,45697.544651
73.283206,102,45703.780603
73.840184,76,45708.745263
75.231555,91,45714.51586
75.670462,86,45719.82701
74.090587,85,45725.16822
75.034442,87,45730.644775
74.414926,88,45736.22955
74.738345,89,45741.795409
74.881299,75,45746.529779
75.837217,84,45751.699294
74.128134,84,45757.000385
73.787781,90,45762.614889
74.559505,83,45767.833089
74.553547,84,45773.199003
75.332135,84,45778.466565
75.111488,87,45783.897498
76.670068,90,45789.500555
74.203761,93,45795.251367
75.647953,83,45800.715573
73.780008,78,45805.651021
75.523507,90,45811.201747
73.357686,107,45817.697655
74.871845,91,45823.397051
74.934234,83,45828.815297
76.156527,84,45834.149554
76.578892,88,45839.718315
75.234519,83,45845.066506
74.075203,93,45851.050152
74.257888,100,45857.350562
74.561565,89,45863.050688
76.288907,87,45868.517386
75.147988,86,45874.069165
75.833518,88,45879.51868
74.838153,93,45885.416501
73.636384,74,45890.334448
75.02107,99,45896.486006
73.670001,103,45902.936182
75.382606,92,45908.618378
75.251859,80,45913.819742
74.863516,88,45919.321427
75.885788,81,45924.550732
75.975025,84,45929.921044
73.020316,95,45935.770748
74.944346,90,45941.321024
75.720565,99,45947.385139
75.081635,95,45953.371774
75.708135,76,45958.268285
75.568216,85,45963.588611
75.962261,84,45968.95278
74.763516,86,45974.386573
75.061842,82,45979.52002
71.934458,77,45984.537441
74.556257,83,45989.769859
75.622424,80,45994.971072
73.566379,92,46000.584932
74.360631,94,46006.484899
74.106641,86,46011.871347
74.412324,96,46017.838121
76.012382,97,46023.936774
74.423234,86,46029.44178
76.031165,86,46034.972777
75.618142,87,46040.60735
74.893506,87,46046.121281
76.124985,85,46051.491661
73.69849,93,46057.539818
74.723321,97,46063.507193
76.53683,81,46068.79093
74.562703,92,46074.571902
76.86053,80,46079.83712
75.433607,84,46085.039214
75.236878,94,46090.841453
74.312957,91,46096.558994
74.216941,99,46102.68909
73.410329,100,46108.738317
74.859866,89,46114.292758
74.012168,103,46120.557154
74.55184,94,46126.42483
74.419036,84,46131.65953
75.995231,81,46136.660338
73.842597,88,46142.09078
75.006523,92,46147.892674
74.449791,88,46153.338882
74.414955,97,46159.260889
74.776086,89,46164.726331
73.422286,91,46170.240572
73.058612,93,46175.943295
76.235869,76,46180.798601
75.086561,92,46186.442275
75.691826,92,46192.160498
73.87053,88,46197.743282
74.590772,89,46203.159276
71.969963,95,46209.160589
73.997503,95,46214.942773
75.123646,83,46220.209307
72.669032,100,46226.440831
75.196393,89,46231.992881
74.350563,79,46237.129354
73.666482,88,46242.67554
73.924272,104,46248.911138
74.965267,91,46254.595978
71.884367,100,46260.978733
74.549793,89,46266.558951
74.341799,90,46272.212059
75.271275,85,46277.511092
76.512337,87,46282.896334
75.505023,88,46288.462981
75.073454,81,46293.578662
75.32908,81,46298.710954
74.214147,88,46304.228623
75.475377,89,46309.710043
75.035724,100,46315.910498
74.117137,85,46321.197055
75.058583,88,46326.610079
75.074505,88,46332.064764
76.078734,86,46337.511343
75.849824,81,46342.710634
74.157168,95,46348.681221
76.209274,86,46354.110951
74.219183,86,46359.52894
75.825971,87,46364.914276
74.339558,97,46371.031489
73.27376,88,46376.462106
73.632206,82,46381.814816
74.140253,82,46387.116357
77.27927,79,46392.262559
75.0554,89,46397.764113
75.722813,84,46403.112665
75.904905,86,46408.548422
75.051116,84,46413.932058
73.082838,93,46419.614469
74.660154,88,46425.218451
74.794408,93,46431.084455
73.75215,83,46436.587541
74.663098,90,46442.233407
76.485976,86,46447.834068
74.702865,89,46453.520914
74.726288,95,46459.315809
74.687939,85,46464.76913
76.944343,81,46469.934232
73.89164,89,46475.483365
74.448789,88,46480.985163
72.718633,83,46486.283807
75.783485,88,46491.7538
74.805138,91,46497.38572
75.679687,83,46502.56671
76.246212,84,46507.885048
74.596736,95,46513.816621
73.985365,83,46519.101618
74.309801,87,46524.63703
74.9936,75,46529.565649
75.659023,86,46535.036584
75.282131,82,46540.386261
74.520949,89,46545.93638
75.696569,92,46551.586758
74.104125,93,46557.386338
75.032042,85,46562.668892
74.910482,91,46568.3994
74.910853,86,46573.851283
75.269442,89,46579.434702
74.217848,71,46584.118637
73.403901,92,46589.818649
75.360142,82,46595.035426
76.411986,82,46600.187131
74.121647,96,46606.053573
74.515819,98,46612.153352
75.066512,87,46617.670201
75.045914,85,46623.156418
74.432971,84,46628.486179
73.434753,81,46633.737498
73.780905,90,46639.438324
76.007287,87,46644.869885
72.472208,101,46651.105683
73.973193,84,46656.421705
74.513048,89,46662.037571
75.671475,86,46667.321479
74.480713,84,46672.687597
76.586849,82,46677.837449
76.62906,85,46683.003675
75.660886,91,46688.55346
74.165135,82,46693.857837
74.370795,88,46699.491236
74.783246,94,46705.476861
75.387786,84,46710.689846
75.252653,86,46716.205076
74.374917,89,46721.740581
76.597625,80,46726.85467
75.210835,92,46732.456279
73.832478,97,46738.458614
73.666179,90,46744.006822
75.021489,84,46749.291612
74.785089,92,46755.090824
75.164178,91,46760.824621
72.703366,88,46766.28999
73.629758,88,46771.55518
75.383199,87,46777.057813
75.965081,86,46782.523215
73.962064,92,46788.307105
75.361786,89,46793.809378
75.892594,83,46799.05653
75.189047,91,46804.706775
73.910732,83,46809.922215
74.08196,83,46815.206816
74.723407,81,46820.410226
76.568594,75,46825.294516
75.660334,82,46830.545395
75.277312,84,46835.975024
75.396064,95,46841.90857
73.510563,97,46847.960971
75.814589,84,46853.309085
73.24365,101,46859.376833
73.354604,114,46866.225318
76.746381,83,46871.442178
76.315359,92,46877.126526
74.010063,94,46882.978162
73.387748,102,46889.175578
72.898855,94,46894.97839
73.232472,89,46900.477759
75.53726,88,46905.892501
75.621893,81,46910.961109
76.113308,83,46916.226145
75.496268,84,46921.528949
75.4516,84,46926.831523
74.288349,100,46932.99587
74.476845,80,46938.096534
75.053041,90,46943.83011
76.375851,88,46949.347419
74.783758,85,46954.730148
73.730292,95,46960.679202
71.911003,86,46966.048515
73.558576,97,46972.129046
74.150109,92,46977.877352
74.943215,89,46983.429967
76.263838,85,46988.849097
73.711109,90,46994.595475
75.328249,84,46999.945746
25.714642,44,47003.133833
73.063572,92,47008.880314
76.141936,82,47014.046894
74.220849,82,47019.347015
74.296227,92,47025.195086
75.392169,85,47030.696695
74.810982,94,47036.732054
74.141118,87,47042.299374
75.056724,91,47048.095541
75.424441,83,47053.45177
75.317682,90,47059.184698
76.197829,82,47064.451755
76.400745,87,47069.904356
74.033075,95,47075.698416
76.498044,85,47080.999776
76.293849,83,47086.217208
74.409343,99,47092.348511
74.148875,99,47098.414396
74.677208,92,47104.219937
72.192375,101,47110.500805
74.437242,90,47116.214062
74.037557,85,47121.572056
74.720764,84,47126.865754
75.719636,82,47132.116199
74.269881,92,47137.868208
74.63888,96,47143.850676
74.956502,73,47148.571206
75.821487,88,47154.200146
73.961667,94,47160.122242
74.874368,94,47166.052666
74.568414,87,47171.507564
74.006073,103,47177.850746
73.768359,84,47183.233196
76.628873,79,47188.400783
76.116726,72,47193.220012
73.72669,85,47198.602956
75.264545,77,47203.703974
71.901404,100,47209.953684
72.060689,92,47215.816914
74.921658,84,47221.16708
72.102963,89,47226.668954
72.220774,75,47231.371935
74.130005,100,47237.619194
75.7723,89,47243.217714
73.963243,102,47249.506461
75.730352,90,47255.12004
74.544716,91,47260.822379
74.733859,98,47266.789877
74.156435,94,47272.638537
74.135323,88,47278.037793
75.858719,88,47283.474201
73.145446,91,47289.105297
75.284809,89,47294.571832
74.03444,81,47299.640093
75.843106,79,47304.703159
74.850126,86,47310.17129
73.886966,85,47315.723539
74.917286,64,47320.678983
74.913822,80,47326.547664
75.77032,56,47331.532986
74.589519,58,47336.750331
76.8033,57,47341.833821
76.148868,57,47347.261692
75.373334,67,47352.263566
75.224262,71,47357.523819
75.865509,65,47362.958005
76.166058,59,47368.243065
76.522674,51,47373.792977
73.915358,73,47379.545821
76.591018,74,47385.041145
74.730943,70,47390.595988
75.818844,60,47395.875567
76.255337,58,47401.163964
75.39244,73,47406.709032
75.085449,82,47412.610741
75.858369,68,47418.375499
75.611092,61,47423.763953
74.968307,60,47429.192243
74.971805,77,47434.708305
76.44247,70,47440.043823
73.729736,78,47446.618551
58.432558,63,47452.153894
38.330774,31,47456.071661
74.347899,53,47462.456746
73.023791,43,47467.927932
74.85975,73,47473.556279
75.776276,71,47478.933511
75.999029,78,47484.342101
75.06094,89,47489.962749
74.449597,78,47494.946818
75.59449,85,47500.367283
74.646252,82,47505.494612
74.047004,93,47511.315906
74.30186,79,47516.89652
73.911996,90,47522.796407
74.012641,92,47528.679136
74.581552,82,47534.317031
74.018463,74,47539.748861
73.812282,78,47545.013645
73.216508,83,47550.598241
75.9577,92,47556.444148
76.244546,80,47561.697593
