[INFO] [launch]: All log files can be found below /root/.ros/log/2026-09-12-13-59-27-419170-theflash-ASUS-TUF-Gaming-F15-FX507ZI4-FX507ZI-26
[INFO] [launch]: Default logging verbosity is set to INFO
[INFO] [launch.user]: [race] mode=dev  localizer=amcl  instruments=ON  bootstrap=truth
[INFO] [autodrive_bridge-1]: process started with pid [27]
[INFO] [dead_reckoning-2]: process started with pid [29]
[INFO] [amcl-5]: process started with pid [35]
[INFO] [localization_bootstrap-7]: process started with pid [39]
[INFO] [localization_error-8]: process started with pid [41]
[INFO] [log_localization-9]: process started with pid [43]
[INFO] [static_transform_publisher-3]: process started with pid [31]
[INFO] [map_server-4]: process started with pid [33]
[INFO] [lifecycle_manager-6]: process started with pid [37]
[INFO] [static_transform_publisher-10]: process started with pid [45]
[lifecycle_manager-6] 1789221567.470871 [0] lifecycle_: selected interface "lo" is not multicast-capable: disabling multicast
[static_transform_publisher-3] 1789221567.471904 [0] static_tra: selected interface "lo" is not multicast-capable: disabling multicast
[lifecycle_manager-6] [INFO] [1789221567.474068581] [lifecycle_manager_localization]: Creating
[static_transform_publisher-10] 1789221567.474124 [0] static_tra: selected interface "lo" is not multicast-capable: disabling multicast
[lifecycle_manager-6] [INFO] [1789221567.475308188] [lifecycle_manager_localization]: [34m[1mCreating and initializing lifecycle service clients[0m[0m
[amcl-5] 1789221567.475617 [0]       amcl: selected interface "lo" is not multicast-capable: disabling multicast
[static_transform_publisher-3] [INFO] [1789221567.476566871] [lidar_tf]: Spinning until stopped - publishing transform
[static_transform_publisher-3] translation: ('0.273300', '0.000000', '0.096000')
[static_transform_publisher-3] rotation: ('0.000000', '0.000000', '0.000000', '1.000000')
[static_transform_publisher-3] from 'roboracer_1' to 'lidar'
[static_transform_publisher-10] [INFO] [1789221567.477849959] [map_world_tf]: Spinning until stopped - publishing transform
[static_transform_publisher-10] translation: ('0.000000', '0.000000', '0.000000')
[static_transform_publisher-10] rotation: ('0.000000', '0.000000', '0.000000', '1.000000')
[static_transform_publisher-10] from 'map' to 'world'
[amcl-5] [0m[INFO] [1789221567.481427220] [amcl]: 
[amcl-5] 	amcl lifecycle node launched. 
[amcl-5] 	Waiting on external lifecycle transitions to activate
[amcl-5] 	See https://design.ros2.org/articles/node_lifecycle.html for more information.[0m
[amcl-5] [0m[INFO] [1789221567.481992864] [amcl]: Creating[0m
[map_server-4] 1789221567.482213 [0] map_server: selected interface "lo" is not multicast-capable: disabling multicast
[map_server-4] [INFO] [1789221567.485297603] [map_server]: 
[map_server-4] 	map_server lifecycle node launched. 
[map_server-4] 	Waiting on external lifecycle transitions to activate
[map_server-4] 	See https://design.ros2.org/articles/node_lifecycle.html for more information.
[map_server-4] [INFO] [1789221567.485355623] [map_server]: Creating
[lifecycle_manager-6] [INFO] [1789221567.485715974] [lifecycle_manager_localization]: [34m[1mStarting managed nodes bringup...[0m[0m
[lifecycle_manager-6] [INFO] [1789221567.485751882] [lifecycle_manager_localization]: [34m[1mConfiguring map_server[0m[0m
[map_server-4] [INFO] [1789221567.504481908] [map_server]: Configuring
[map_server-4] [INFO] [1789221567.504538956] [map_io]: Loading yaml file: /home/autodrive_devkit/install/roboracer_stack/share/roboracer_stack/maps/track_clean.yaml
[map_server-4] [INFO] [1789221567.504756553] [map_io]: resolution: 0.05
[map_server-4] [INFO] [1789221567.504763016] [map_io]: origin[0]: -3.71
[map_server-4] [INFO] [1789221567.504767100] [map_io]: origin[1]: -8.61
[map_server-4] [INFO] [1789221567.504770990] [map_io]: origin[2]: 0
[map_server-4] [INFO] [1789221567.504775096] [map_io]: free_thresh: 0.25
[map_server-4] [INFO] [1789221567.504779097] [map_io]: occupied_thresh: 0.65
[map_server-4] [INFO] [1789221567.504783192] [map_io]: mode: trinary
[map_server-4] [INFO] [1789221567.504787720] [map_io]: negate: 0
[map_server-4] [INFO] [1789221567.504939241] [map_io]: Loading image_file: /home/autodrive_devkit/install/roboracer_stack/share/roboracer_stack/maps/track_clean.pgm
[map_server-4] [INFO] [1789221567.509394500] [map_io]: Read map /home/autodrive_devkit/install/roboracer_stack/share/roboracer_stack/maps/track_clean.pgm: 108 X 316 map @ 0.05 m/cell
[lifecycle_manager-6] [INFO] [1789221567.514117102] [lifecycle_manager_localization]: [34m[1mConfiguring amcl[0m[0m
[amcl-5] [0m[INFO] [1789221567.514274423] [amcl]: Configuring[0m
[amcl-5] [0m[INFO] [1789221567.514398782] [amcl]: initTransforms[0m
[amcl-5] [0m[INFO] [1789221567.523636985] [amcl]: initPubSub[0m
[amcl-5] [0m[INFO] [1789221567.526670138] [amcl]: Subscribed to map topic.[0m
[lifecycle_manager-6] [INFO] [1789221567.529872028] [lifecycle_manager_localization]: [34m[1mActivating map_server[0m[0m
[amcl-5] [0m[INFO] [1789221567.530209540] [amcl]: Received a 108 X 316 map @ 0.050 m/pix[0m
[map_server-4] [INFO] [1789221567.530005432] [map_server]: Activating
[map_server-4] [INFO] [1789221567.530126476] [map_server]: Creating bond (map_server) to lifecycle manager.
[lifecycle_manager-6] [INFO] [1789221567.631793264] [lifecycle_manager_localization]: Server map_server connected with bond.
[lifecycle_manager-6] [INFO] [1789221567.631831612] [lifecycle_manager_localization]: [34m[1mActivating amcl[0m[0m
[amcl-5] [0m[INFO] [1789221567.631971214] [amcl]: Activating[0m
[amcl-5] [0m[INFO] [1789221567.632012828] [amcl]: initialPoseReceived[0m
[amcl-5] [0m[INFO] [1789221567.632113956] [amcl]: Setting pose (1789221567.632114): 0.710 0.020 -1.599[0m
[amcl-5] [0m[INFO] [1789221567.633883103] [amcl]: Creating bond (amcl) to lifecycle manager.[0m
[localization_error-8] 1789221567.732044 [0] localizati: selected interface "lo" is not multicast-capable: disabling multicast
[dead_reckoning-2] 1789221567.732733 [0] dead_recko: selected interface "lo" is not multicast-capable: disabling multicast
[log_localization-9] 1789221567.734211 [0] log_locali: selected interface "lo" is not multicast-capable: disabling multicast
[localization_bootstrap-7] 1789221567.735799 [0] localizati: selected interface "lo" is not multicast-capable: disabling multicast
[lifecycle_manager-6] [INFO] [1789221567.736483564] [lifecycle_manager_localization]: Server amcl connected with bond.
[lifecycle_manager-6] [INFO] [1789221567.736528151] [lifecycle_manager_localization]: [34m[1mManaged nodes are active[0m[0m
[lifecycle_manager-6] [INFO] [1789221567.736545710] [lifecycle_manager_localization]: [34m[1mCreating bond timer...[0m[0m
[dead_reckoning-2] [0m[INFO] [1789221567.774296765] [dead_reckoning]: dead reckoning: odom -> roboracer_1, wheel r=0.0581 m, scale=1.0, 200 Hz, tf +20 ms, extrapolate yaw=True pos=True[0m
[localization_bootstrap-7] [0m[INFO] [1789221567.778108360] [localization_bootstrap]: WARMUP SEED: reading /autodrive/roboracer_1/ips (simulator ground-truth position) ONCE -- initial pose seed. Legal: the first lap is warmup, this is read before the car moves, and it is released immediately after. Nothing reads ground truth afterwards.[0m
[localization_bootstrap-7] [0m[INFO] [1789221567.778512995] [localization_bootstrap]: mode=truth: seeding the initial pose from /ips + /imu before the car moves, then releasing /ips. Tracking is lidar + map + dead reckoning from there on.[0m
[localization_bootstrap-7] [0m[INFO] [1789221567.778770745] [localization_bootstrap]: waiting for amcl to reach the active state before sending anything[0m
[localization_error-8] [31m[ERROR] [1789221567.781136859] [localization_error]: RESTRICTED TOPIC: reading /autodrive/roboracer_1/odom (simulator ground-truth pose and twist) -- continuous comparison against TF map -> roboracer_1. This run is NOT race-legal; any lap time from it is a development number. See common/restricted.py.[0m
[localization_error-8] [0m[INFO] [1789221567.781513357] [localization_error]: sampling starts 1.0 s after /localization_ready; bootstrap is excluded (require_ready:=false to include it)[0m
[log_localization-9] [31m[ERROR] [1789221567.806969633] [log_localization]: RESTRICTED TOPIC: reading /autodrive/roboracer_1/ips (simulator ground-truth position) -- continuous logging against the estimate. This run is NOT race-legal; any lap time from it is a development number. See common/restricted.py.[0m
[log_localization-9] [31m[ERROR] [1789221567.807274973] [log_localization]: RESTRICTED TOPIC: reading /autodrive/roboracer_1/odom (simulator ground-truth pose and twist) -- continuous logging against the estimate. This run is NOT race-legal; any lap time from it is a development number. See common/restricted.py.[0m
[log_localization-9] [0m[INFO] [1789221567.807629144] [log_localization]: logging to /home/autodrive_devkit/log/run_default_cap45_long.csv at 20 Hz until Ctrl-C[0m
[localization_error-8] [0m[INFO] [1789221567.814437642] [localization_error]: waiting for TF map -> roboracer_1: Could not find a connection between 'map' and 'roboracer_1' because they are not part of the same tree.Tf has two or more unconnected trees.[0m
[localization_bootstrap-7] [0m[INFO] [1789221567.829892971] [localization_bootstrap]: amcl is ACTIVE -- an initial pose will now be accepted[0m
[autodrive_bridge-1] 1789221567.923970 [0] autodrive_: selected interface "lo" is not multicast-capable: disabling multicast
[pure_pursuit] launch overrides: {'control_hz': 40.0}
[INFO] [pure_pursuit-11]: process started with pid [238]
[pure_pursuit-11] 1789221569.651146 [0] pure_pursu: selected interface "lo" is not multicast-capable: disabling multicast
[pure_pursuit-11] [0m[INFO] [1789221569.694129063] [pure_pursuit]: path: 400 points, 27.82 m lap, from /home/autodrive_devkit/install/roboracer_stack/share/roboracer_stack/raceline/raceline_a7.0.csv[0m
[pure_pursuit-11] [0m[INFO] [1789221569.696796335] [pure_pursuit]: pose from TF map -> roboracer_1 (continuous); /amcl_pose kept as a fallback[0m
[pure_pursuit-11] [0m[INFO] [1789221569.697367177] [pure_pursuit]: steering on /amcl_pose[0m
[pure_pursuit-11] [0m[INFO] [1789221569.698798099] [pure_pursuit]: speed_source=tire  throttle_mode=slip  slip band [-0.08, +0.11]  u_launch 0.4 m/s  lookahead 0.8-2.2 m (k 0.55)  latency_comp 0.05 s[0m
[pure_pursuit-11] [33m[WARN] [1789221569.699055695] [pure_pursuit]: dev_lap_telemetry ON: subscribing to RESTRICTED lap topics[0m
[pure_pursuit-11] [0m[INFO] [1789221569.699876022] [pure_pursuit]: holding until /localization_ready[0m
[localization_bootstrap-7] [0m[INFO] [1789221569.779353951] [localization_bootstrap]: waiting for ground truth: ips=-- imu=--[0m
[autodrive_bridge-1] Connected!
[pure_pursuit-11] [0m[INFO] [1789221570.334058348] [pure_pursuit]: lap 0: inf s[0m
[log_localization-9] [0m[INFO] [1789221570.358055967] [log_localization]: waiting for TF map -> roboracer_1 ...[0m
[amcl-5] [0m[INFO] [1789221570.361016440] [amcl]: createLaserObject[0m
[localization_bootstrap-7] [0m[INFO] [1789221570.379887914] [localization_bootstrap]: seed 1/5: x=+0.802 y=+3.158 yaw=-90.0 deg -- awaiting confirmation[0m
[localization_bootstrap-7] [33m[WARN] [1789221570.380400811] [localization_bootstrap]: MEASURED SPAWN is 3.140 m / 1.6 deg from roboracer_stack.common.frames.SPAWN_* -- OUTSIDE slam_toolbox's +-0.5 m seed search, so any run that falls back to it CANNOT recover and the offset is frozen for the whole run. This run is seeded and therefore fine; the FALLBACK is what is wrong.
[localization_bootstrap-7]     Paste into common/frames.py so bootstrap:=false and bootstrap_mode:=global start somewhere real:
[localization_bootstrap-7]         SPAWN_X = '0.802'
[localization_bootstrap-7]         SPAWN_Y = '3.158'
[localization_bootstrap-7]         SPAWN_YAW = '-1.5707'[0m
[amcl-5] [0m[INFO] [1789221570.426595411] [amcl]: initialPoseReceived[0m
[amcl-5] [0m[INFO] [1789221570.426663818] [amcl]: Setting pose (1789221570.426664): 0.802 3.158 -1.571[0m
[amcl-5] [0m[INFO] [1789221570.429181036] [amcl]: Requesting no-motion update[0m
[pure_pursuit-11] [0m[INFO] [1789221570.702981017] [pure_pursuit]: control_hz 40.0 -> 47.4 (tick 47.4 Hz)[0m
[amcl-5] [0m[INFO] [1789221570.833687544] [amcl]: Message Filter dropping message: frame 'lidar' at time 1789221570.333 for reason 'the timestamp on the message is earlier than all the data in the transform cache'[0m
[amcl-5] [0m[INFO] [1789221570.879139579] [amcl]: Requesting no-motion update[0m
[amcl-5] [0m[INFO] [1789221571.329171921] [amcl]: Requesting no-motion update[0m
[amcl-5] [0m[INFO] [1789221571.729233270] [amcl]: Requesting no-motion update[0m
[localization_bootstrap-7] [0m[INFO] [1789221571.779734872] [localization_bootstrap]: seed 1/5 sent, awaiting a fresh /amcl_pose to confirm it[0m
[amcl-5] [0m[INFO] [1789221572.129190873] [amcl]: Requesting no-motion update[0m
[localization_bootstrap-7] [0m[INFO] [1789221572.380259728] [localization_bootstrap]: localization_bootstrap: released /autodrive/roboracer_1/ips -- no restricted topic is read from here on; the timed laps are clean.[0m
[localization_bootstrap-7] [0m[INFO] [1789221572.381107563] [localization_bootstrap]: seed CONFIRMED on attempt 1: the estimate is 0.1 cm / 0.1 deg from truth (pos std 0.053 m). Tracking is now lidar + map + dead reckoning only.[0m
[localization_bootstrap-7] [0m[INFO] [1789221572.381623962] [localization_bootstrap]: /localization_ready = true, follower may take over[0m
[localization_error-8] [0m[INFO] [1789221572.382051195] [localization_error]: /localization_ready latched -- sampling opens in 1.0 s (31 bootstrap samples discarded)[0m
[pure_pursuit-11] [0m[INFO] [1789221572.382462359] [pure_pursuit]: localization converged, taking over[0m
[pure_pursuit-11] [0m[INFO] [1789221572.391810474] [pure_pursuit]: cmd_delay seeded from a 46.4 Hz tick: 65 ms (3 frames). lookahead scale 0.62[0m
[localization_error-8] [0m[INFO] [1789221572.765122174] [localization_error]: holding: waiting for /localization_ready (39 samples discarded so far). Pass require_ready:=false when localization_bootstrap is not running.[0m
[log_localization-9] [0m[INFO] [1789221575.408518939] [log_localization]:    5.0 s    11.5 m  err 0.032 m (along +0.030 cross -0.010) yaw  -0.42 deg  m->o yaw  -0.44 deg | fit true 0.012 est 0.016 (x1.34)  enc/true 1.023  dr_err 0.20 m[0m
[localization_error-8] [0m[INFO] [1789221577.765620537] [localization_error]: now[ 88] 0.260 m / 1.68 deg  |  session[n=88] mean 0.260 p95 0.485 max 0.545 m, heading mean 1.68 max 4.87 deg[0m
[pure_pursuit-11] [0m[INFO] [1789221579.366089654] [pure_pursuit]: lap 1: 54.97 s[0m
[log_localization-9] [0m[INFO] [1789221580.408766399] [log_localization]:   10.0 s    32.8 m  err 0.094 m (along +0.094 cross -0.005) yaw  +0.41 deg  m->o yaw  +0.36 deg | fit true 0.004 est 0.006 (x1.48)  enc/true 1.030  dr_err 0.45 m[0m
[localization_error-8] [0m[INFO] [1789221582.765696400] [localization_error]: now[188] 0.228 m / 1.58 deg  |  session[n=188] mean 0.228 p95 0.497 max 0.590 m, heading mean 1.58 max 4.89 deg[0m
[log_localization-9] [0m[INFO] [1789221585.408458367] [log_localization]:   14.9 s    53.0 m  err 0.019 m (along +0.011 cross -0.015) yaw  +0.74 deg  m->o yaw  +0.72 deg | fit true 0.008 est 0.002 (x0.26)  enc/true 1.020  dr_err 0.20 m[0m
[pure_pursuit-11] [0m[INFO] [1789221585.852340844] [pure_pursuit]: lap 2: 6.49 s[0m
[localization_error-8] [0m[INFO] [1789221587.765006447] [localization_error]: now[200] 0.238 m / 1.52 deg  |  session[n=288] mean 0.245 p95 0.533 max 0.671 m, heading mean 1.57 max 4.89 deg[0m
[log_localization-9] [0m[INFO] [1789221590.408389387] [log_localization]:   19.9 s    75.4 m  err 0.119 m (along +0.117 cross +0.021) yaw  +0.82 deg  m->o yaw  +0.74 deg | fit true 0.003 est 0.024 (x8.46)  enc/true 1.022  dr_err 0.26 m[0m
[pure_pursuit-11] [0m[INFO] [1789221592.363241770] [pure_pursuit]: lap 3: 6.51 s[0m
[localization_error-8] [0m[INFO] [1789221592.764927952] [localization_error]: now[200] 0.240 m / 1.63 deg  |  session[n=388] mean 0.234 p95 0.516 max 0.671 m, heading mean 1.61 max 4.93 deg[0m
[log_localization-9] [0m[INFO] [1789221595.408332119] [log_localization]:   25.0 s    96.4 m  err 0.093 m (along +0.089 cross -0.027) yaw  -1.02 deg  m->o yaw  -1.14 deg | fit true 0.049 est 0.063 (x1.29)  enc/true 1.020  dr_err 0.32 m[0m
[localization_error-8] [0m[INFO] [1789221597.765675322] [localization_error]: now[200] 0.225 m / 1.59 deg  |  session[n=488] mean 0.237 p95 0.520 max 0.671 m, heading mean 1.58 max 4.93 deg[0m
[pure_pursuit-11] [0m[INFO] [1789221598.853076300] [pure_pursuit]: lap 4: 6.49 s[0m
[log_localization-9] [0m[INFO] [1789221600.408367552] [log_localization]:   29.9 s   119.0 m  err 0.169 m (along -0.169 cross -0.007) yaw  +1.98 deg  m->o yaw  +2.07 deg | fit true 0.019 est 0.026 (x1.38)  enc/true 1.020  dr_err 0.52 m[0m
[localization_error-8] [0m[INFO] [1789221602.764972884] [localization_error]: now[200] 0.245 m / 1.52 deg  |  session[n=588] mean 0.238 p95 0.521 max 0.671 m, heading mean 1.58 max 4.93 deg[0m
[pure_pursuit-11] [0m[INFO] [1789221605.364456015] [pure_pursuit]: lap 5: 6.51 s[0m
[log_localization-9] [0m[INFO] [1789221605.410664705] [log_localization]:   35.0 s   138.2 m  err 0.158 m (along +0.152 cross -0.043) yaw  -1.63 deg  m->o yaw  -1.37 deg | fit true 0.010 est 0.022 (x2.20)  enc/true 1.020  dr_err 0.62 m[0m
[localization_error-8] [0m[INFO] [1789221607.765475392] [localization_error]: now[200] 0.237 m / 1.51 deg  |  session[n=688] mean 0.237 p95 0.525 max 0.671 m, heading mean 1.56 max 4.93 deg[0m
[log_localization-9] [0m[INFO] [1789221610.408720308] [log_localization]:   39.9 s   161.0 m  err 0.038 m (along -0.038 cross +0.005) yaw  +1.17 deg  m->o yaw  +1.13 deg | fit true 0.006 est 0.007 (x1.16)  enc/true 1.019  dr_err 0.59 m[0m
[pure_pursuit-11] [0m[INFO] [1789221611.876074874] [pure_pursuit]: lap 6: 6.50 s[0m
[localization_error-8] [0m[INFO] [1789221612.765112348] [localization_error]: now[200] 0.235 m / 1.63 deg  |  session[n=788] mean 0.237 p95 0.521 max 0.671 m, heading mean 1.59 max 5.68 deg[0m
[log_localization-9] [0m[INFO] [1789221615.408260757] [log_localization]:   44.9 s   181.8 m  err 0.167 m (along +0.166 cross -0.016) yaw  +0.26 deg  m->o yaw  +0.34 deg | fit true 0.045 est 0.042 (x0.95)  enc/true 1.020  dr_err 0.76 m[0m
[localization_error-8] [0m[INFO] [1789221617.765435490] [localization_error]: now[200] 0.240 m / 1.87 deg  |  session[n=888] mean 0.237 p95 0.524 max 0.671 m, heading mean 1.63 max 7.41 deg[0m
[pure_pursuit-11] [0m[INFO] [1789221618.338664035] [pure_pursuit]: lap 7: 6.49 s[0m
[log_localization-9] [0m[INFO] [1789221620.408480402] [log_localization]:   50.0 s   204.6 m  err 0.074 m (along -0.074 cross -0.008) yaw  +3.19 deg  m->o yaw  +3.19 deg | fit true 0.031 est 0.032 (x1.04)  enc/true 1.019  dr_err 0.83 m[0m
[localization_error-8] [0m[INFO] [1789221622.765185604] [localization_error]: now[200] 0.260 m / 1.78 deg  |  session[n=988] mean 0.242 p95 0.533 max 0.755 m, heading mean 1.63 max 7.41 deg[0m
[pure_pursuit-11] [0m[INFO] [1789221624.872284413] [pure_pursuit]: lap 8: 6.53 s[0m
[log_localization-9] [0m[INFO] [1789221625.408232314] [log_localization]:   54.9 s   224.0 m  err 0.202 m (along +0.202 cross -0.001) yaw  -0.15 deg  m->o yaw  +0.31 deg | fit true 0.006 est 0.023 (x4.12)  enc/true 1.020  dr_err 0.97 m[0m
[localization_error-8] [0m[INFO] [1789221627.765451649] [localization_error]: now[200] 0.248 m / 1.49 deg  |  session[n=1088] mean 0.239 p95 0.533 max 0.755 m, heading mean 1.60 max 7.41 deg[0m
[log_localization-9] [0m[INFO] [1789221630.408257048] [log_localization]:   60.0 s   246.3 m  err 0.108 m (along -0.108 cross -0.010) yaw  +5.02 deg  m->o yaw  +4.87 deg | fit true 0.016 est 0.023 (x1.43)  enc/true 1.019  dr_err 0.98 m[0m
[pure_pursuit-11] [0m[INFO] [1789221631.381689403] [pure_pursuit]: lap 9: 6.50 s[0m
[localization_error-8] [0m[INFO] [1789221632.765475380] [localization_error]: now[200] 0.244 m / 1.53 deg  |  session[n=1188] mean 0.242 p95 0.544 max 0.761 m, heading mean 1.61 max 7.41 deg[0m
[log_localization-9] [0m[INFO] [1789221635.408439688] [log_localization]:   65.0 s   267.4 m  err 0.117 m (along +0.116 cross -0.016) yaw  -0.15 deg  m->o yaw  -0.06 deg | fit true 0.010 est 0.020 (x2.06)  enc/true 1.019  dr_err 1.09 m[0m
[localization_error-8] [0m[INFO] [1789221637.765030071] [localization_error]: now[200] 0.226 m / 1.60 deg  |  session[n=1288] mean 0.237 p95 0.535 max 0.761 m, heading mean 1.60 max 7.41 deg[0m
[pure_pursuit-11] [0m[INFO] [1789221637.872001129] [pure_pursuit]: lap 10: 6.50 s[0m
[log_localization-9] [0m[INFO] [1789221640.408357762] [log_localization]:   70.0 s   289.4 m  err 0.029 m (along +0.028 cross -0.007) yaw  +1.08 deg  m->o yaw  +1.06 deg | fit true 0.013 est 0.025 (x1.84)  enc/true 1.019  dr_err 1.16 m[0m
[localization_error-8] [0m[INFO] [1789221642.765134816] [localization_error]: now[200] 0.229 m / 1.49 deg  |  session[n=1388] mean 0.240 p95 0.540 max 0.761 m, heading mean 1.59 max 7.41 deg[0m
[pure_pursuit-11] [0m[INFO] [1789221644.403692231] [pure_pursuit]: lap 11: 6.52 s[0m
[log_localization-9] [0m[INFO] [1789221645.408202842] [log_localization]:   74.9 s   310.4 m  err 0.128 m (along +0.128 cross -0.011) yaw  -0.16 deg  m->o yaw  -0.33 deg | fit true 0.005 est 0.005 (x1.00)  enc/true 1.020  dr_err 1.35 m[0m
[localization_error-8] [0m[INFO] [1789221647.765797756] [localization_error]: now[200] 0.243 m / 1.59 deg  |  session[n=1488] mean 0.238 p95 0.539 max 0.761 m, heading mean 1.60 max 7.41 deg[0m
[log_localization-9] [0m[INFO] [1789221650.408555772] [log_localization]:   80.0 s   330.9 m  err 0.011 m (along -0.009 cross -0.006) yaw  +3.09 deg  m->o yaw  +3.47 deg | fit true 0.013 est 0.020 (x1.54)  enc/true 1.019  dr_err 1.44 m[0m
[pure_pursuit-11] [0m[INFO] [1789221650.944174867] [pure_pursuit]: lap 12: 6.55 s[0m
[localization_error-8] [0m[INFO] [1789221652.765529419] [localization_error]: now[200] 0.230 m / 1.63 deg  |  session[n=1588] mean 0.239 p95 0.540 max 0.761 m, heading mean 1.60 max 7.41 deg[0m
[log_localization-9] [0m[INFO] [1789221655.408243045] [log_localization]:   84.9 s   352.9 m  err 0.117 m (along +0.116 cross +0.017) yaw  +0.81 deg  m->o yaw  +0.67 deg | fit true 0.002 est 0.018 (x8.46)  enc/true 1.019  dr_err 1.45 m[0m
[pure_pursuit-11] [0m[INFO] [1789221657.453309294] [pure_pursuit]: lap 13: 6.49 s[0m
[localization_error-8] [0m[INFO] [1789221657.765039533] [localization_error]: now[200] 0.214 m / 1.49 deg  |  session[n=1688] mean 0.235 p95 0.537 max 0.761 m, heading mean 1.59 max 7.41 deg[0m
[log_localization-9] [0m[INFO] [1789221660.408329683] [log_localization]:   89.9 s   374.1 m  err 0.108 m (along +0.103 cross -0.033) yaw  -2.37 deg  m->o yaw  -2.23 deg | fit true 0.040 est 0.055 (x1.37)  enc/true 1.019  dr_err 1.54 m[0m
[localization_error-8] [0m[INFO] [1789221662.765663850] [localization_error]: now[200] 0.216 m / 1.53 deg  |  session[n=1788] mean 0.236 p95 0.538 max 0.761 m, heading mean 1.59 max 7.41 deg[0m
[pure_pursuit-11] [0m[INFO] [1789221663.957881359] [pure_pursuit]: lap 14: 6.53 s[0m
[log_localization-9] [0m[INFO] [1789221665.408775420] [log_localization]:   95.0 s   396.6 m  err 0.061 m (along -0.061 cross -0.005) yaw  +1.96 deg  m->o yaw  +1.99 deg | fit true 0.012 est 0.005 (x0.45)  enc/true 1.019  dr_err 1.67 m[0m
[localization_error-8] [0m[INFO] [1789221667.765051397] [localization_error]: now[200] 0.249 m / 1.56 deg  |  session[n=1888] mean 0.237 p95 0.539 max 0.761 m, heading mean 1.58 max 7.41 deg[0m
[pure_pursuit-11] [0m[INFO] [1789221669.703695243] [pure_pursuit]: control_hz 47.4 -> 41.9 (tick 41.9 Hz)[0m
[log_localization-9] [0m[INFO] [1789221670.408371151] [log_localization]:  100.0 s   415.8 m  err 0.072 m (along +0.069 cross -0.021) yaw  -0.30 deg  m->o yaw  +0.10 deg | fit true 0.008 est 0.002 (x0.29)  enc/true 1.019  dr_err 1.85 m[0m
[pure_pursuit-11] [0m[INFO] [1789221670.514439565] [pure_pursuit]: lap 15: 6.56 s[0m
[pure_pursuit-11] [0m[INFO] [1789221672.702665856] [pure_pursuit]: control_hz 41.9 -> 47.1 (tick 47.1 Hz)[0m
[localization_error-8] [0m[INFO] [1789221672.764946330] [localization_error]: now[200] 0.228 m / 1.29 deg  |  session[n=1988] mean 0.235 p95 0.539 max 0.761 m, heading mean 1.56 max 7.41 deg[0m
[log_localization-9] [0m[INFO] [1789221675.408190645] [log_localization]:  104.9 s   438.6 m  err 0.083 m (along -0.083 cross +0.003) yaw  +0.52 deg  m->o yaw  +0.32 deg | fit true 0.005 est 0.002 (x0.33)  enc/true 1.019  dr_err 1.83 m[0m
[pure_pursuit-11] [0m[INFO] [1789221677.051129520] [pure_pursuit]: lap 16: 6.53 s[0m
[localization_error-8] [0m[INFO] [1789221677.765256080] [localization_error]: now[200] 0.220 m / 1.37 deg  |  session[n=2088] mean 0.235 p95 0.536 max 0.761 m, heading mean 1.56 max 7.41 deg[0m
[log_localization-9] [0m[INFO] [1789221680.408819605] [log_localization]:  110.0 s   459.1 m  err 0.108 m (along +0.106 cross -0.019) yaw  -0.40 deg  m->o yaw  -0.19 deg | fit true 0.054 est 0.063 (x1.15)  enc/true 1.019  dr_err 1.96 m[0m
[localization_error-8] [0m[INFO] [1789221682.765155115] [localization_error]: now[200] 0.227 m / 1.67 deg  |  session[n=2188] mean 0.235 p95 0.537 max 0.761 m, heading mean 1.57 max 7.41 deg[0m
[pure_pursuit-11] [0m[INFO] [1789221683.560884136] [pure_pursuit]: lap 17: 6.49 s[0m
[log_localization-9] [0m[INFO] [1789221685.408386463] [log_localization]:  115.0 s   482.1 m  err 0.053 m (along -0.051 cross +0.013) yaw  +2.01 deg  m->o yaw  +1.80 deg | fit true 0.028 est 0.009 (x0.31)  enc/true 1.019  dr_err 2.05 m[0m
[localization_error-8] [0m[INFO] [1789221687.764999304] [localization_error]: now[200] 0.240 m / 1.68 deg  |  session[n=2288] mean 0.235 p95 0.539 max 0.761 m, heading mean 1.57 max 7.41 deg[0m
[pure_pursuit-11] [0m[INFO] [1789221690.094831753] [pure_pursuit]: lap 18: 6.54 s[0m
[log_localization-9] [0m[INFO] [1789221690.408298960] [log_localization]:  120.0 s   501.1 m  err 0.108 m (along +0.102 cross -0.034) yaw  +0.15 deg  m->o yaw  +0.12 deg | fit true 0.009 est 0.029 (x3.26)  enc/true 1.019  dr_err 2.20 m[0m
[localization_error-8] [0m[INFO] [1789221692.765594786] [localization_error]: now[200] 0.233 m / 1.50 deg  |  session[n=2388] mean 0.235 p95 0.539 max 0.761 m, heading mean 1.57 max 7.41 deg[0m
[log_localization-9] [0m[INFO] [1789221695.408268643] [log_localization]:  125.0 s   523.8 m  err 0.068 m (along -0.068 cross +0.001) yaw  +2.85 deg  m->o yaw  +2.69 deg | fit true 0.019 est 0.022 (x1.14)  enc/true 1.019  dr_err 2.23 m[0m
[pure_pursuit-11] [0m[INFO] [1789221696.603903728] [pure_pursuit]: lap 19: 6.52 s[0m
[localization_error-8] [0m[INFO] [1789221697.765233159] [localization_error]: now[200] 0.242 m / 1.53 deg  |  session[n=2488] mean 0.236 p95 0.538 max 0.761 m, heading mean 1.57 max 7.41 deg[0m
[log_localization-9] [0m[INFO] [1789221700.408915144] [log_localization]:  129.9 s   544.8 m  err 0.053 m (along +0.053 cross -0.001) yaw  -0.00 deg  m->o yaw  -0.01 deg | fit true 0.026 est 0.022 (x0.85)  enc/true 1.019  dr_err 2.36 m[0m
[localization_error-8] [0m[INFO] [1789221702.765574695] [localization_error]: now[200] 0.228 m / 1.63 deg  |  session[n=2588] mean 0.234 p95 0.535 max 0.761 m, heading mean 1.57 max 7.41 deg[0m
[pure_pursuit-11] [0m[INFO] [1789221703.074588625] [pure_pursuit]: lap 20: 6.47 s[0m
[log_localization-9] [0m[INFO] [1789221705.408243933] [log_localization]:  135.0 s   567.1 m  err 0.047 m (along -0.047 cross +0.006) yaw  +2.01 deg  m->o yaw  +1.73 deg | fit true 0.022 est 0.023 (x1.02)  enc/true 1.019  dr_err 2.44 m[0m
[localization_error-8] [0m[INFO] [1789221707.766461553] [localization_error]: now[200] 0.227 m / 1.58 deg  |  session[n=2688] mean 0.235 p95 0.533 max 0.761 m, heading mean 1.57 max 7.41 deg[0m
[pure_pursuit-11] [0m[INFO] [1789221709.559642376] [pure_pursuit]: lap 21: 6.48 s[0m
[log_localization-9] [0m[INFO] [1789221710.408192281] [log_localization]:  139.9 s   587.6 m  err 0.121 m (along +0.121 cross -0.001) yaw  -0.01 deg  m->o yaw  -0.07 deg | fit true 0.013 est 0.016 (x1.19)  enc/true 1.019  dr_err 2.55 m[0m
[localization_error-8] [0m[INFO] [1789221712.765061463] [localization_error]: now[200] 0.240 m / 1.56 deg  |  session[n=2788] mean 0.234 p95 0.536 max 0.761 m, heading mean 1.57 max 7.41 deg[0m
[log_localization-9] [0m[INFO] [1789221715.408619844] [log_localization]:  145.0 s   608.7 m  err 0.035 m (along -0.035 cross -0.003) yaw  +4.27 deg  m->o yaw  +4.20 deg | fit true 0.016 est 0.024 (x1.55)  enc/true 1.019  dr_err 2.65 m[0m
[pure_pursuit-11] [0m[INFO] [1789221716.054144898] [pure_pursuit]: lap 22: 6.49 s[0m
[localization_error-8] [0m[INFO] [1789221717.765048274] [localization_error]: now[200] 0.241 m / 1.46 deg  |  session[n=2888] mean 0.236 p95 0.537 max 0.761 m, heading mean 1.56 max 7.41 deg[0m
[log_localization-9] [0m[INFO] [1789221720.408814500] [log_localization]:  150.0 s   630.4 m  err 0.078 m (along +0.077 cross -0.013) yaw  -0.09 deg  m->o yaw  -0.42 deg | fit true 0.001 est 0.009 (x8.51)  enc/true 1.019  dr_err 2.72 m[0m
[pure_pursuit-11] [0m[INFO] [1789221722.586503295] [pure_pursuit]: lap 23: 6.52 s[0m
[localization_error-8] [0m[INFO] [1789221722.765982242] [localization_error]: now[200] 0.226 m / 1.43 deg  |  session[n=2988] mean 0.234 p95 0.533 max 0.761 m, heading mean 1.56 max 7.41 deg[0m
[log_localization-9] [0m[INFO] [1789221725.408401757] [log_localization]:  154.9 s   651.9 m  err 0.041 m (along +0.038 cross -0.014) yaw  -0.72 deg  m->o yaw  -0.28 deg | fit true 0.022 est 0.026 (x1.20)  enc/true 1.019  dr_err 2.78 m[0m
[localization_error-8] [0m[INFO] [1789221727.765430910] [localization_error]: now[200] 0.228 m / 1.45 deg  |  session[n=3088] mean 0.235 p95 0.533 max 0.761 m, heading mean 1.56 max 7.41 deg[0m
[pure_pursuit-11] [0m[INFO] [1789221729.096535649] [pure_pursuit]: lap 24: 6.52 s[0m
[log_localization-9] [0m[INFO] [1789221730.408312041] [log_localization]:  159.9 s   674.1 m  err 0.144 m (along -0.144 cross -0.005) yaw  +1.21 deg  m->o yaw  +0.71 deg | fit true 0.011 est 0.014 (x1.23)  enc/true 1.019  dr_err 2.94 m[0m
[localization_error-8] [0m[INFO] [1789221732.765045876] [localization_error]: now[200] 0.262 m / 1.70 deg  |  session[n=3188] mean 0.236 p95 0.534 max 0.761 m, heading mean 1.57 max 7.41 deg[0m
[log_localization-9] [0m[INFO] [1789221735.408176662] [log_localization]:  164.9 s   693.6 m  err 0.068 m (along +0.061 cross -0.029) yaw  -1.46 deg  m->o yaw  -1.22 deg | fit true 0.008 est 0.017 (x2.10)  enc/true 1.019  dr_err 3.12 m[0m
[pure_pursuit-11] [0m[INFO] [1789221735.581871736] [pure_pursuit]: lap 25: 6.50 s[0m
[localization_error-8] [0m[INFO] [1789221737.765101571] [localization_error]: now[200] 0.256 m / 1.67 deg  |  session[n=3288] mean 0.236 p95 0.536 max 0.761 m, heading mean 1.56 max 7.41 deg[0m
[log_localization-9] [0m[INFO] [1789221740.408313268] [log_localization]:  169.9 s   716.4 m  err 0.014 m (along -0.011 cross +0.008) yaw  +0.07 deg  m->o yaw  -0.26 deg | fit true 0.005 est 0.006 (x1.25)  enc/true 1.019  dr_err 3.11 m[0m
[pure_pursuit-11] [0m[INFO] [1789221742.097950480] [pure_pursuit]: lap 26: 6.50 s[0m
[localization_error-8] [0m[INFO] [1789221742.765351129] [localization_error]: now[200] 0.246 m / 1.70 deg  |  session[n=3388] mean 0.236 p95 0.534 max 0.761 m, heading mean 1.58 max 7.41 deg[0m
[log_localization-9] [0m[INFO] [1789221745.408235053] [log_localization]:  174.9 s   737.1 m  err 0.106 m (along +0.100 cross -0.034) yaw  -1.46 deg  m->o yaw  -1.10 deg | fit true 0.055 est 0.052 (x0.95)  enc/true 1.019  dr_err 3.23 m[0m
[localization_error-8] [0m[INFO] [1789221747.766434191] [localization_error]: now[200] 0.231 m / 1.85 deg  |  session[n=3488] mean 0.236 p95 0.536 max 0.761 m, heading mean 1.58 max 7.41 deg[0m
[pure_pursuit-11] [0m[INFO] [1789221748.559568338] [pure_pursuit]: lap 27: 6.48 s[0m
[log_localization-9] [0m[INFO] [1789221750.408321228] [log_localization]:  179.9 s   760.1 m  err 0.102 m (along -0.101 cross -0.013) yaw  +1.73 deg  m->o yaw  +1.79 deg | fit true 0.031 est 0.031 (x1.00)  enc/true 1.019  dr_err 3.30 m[0m
[localization_error-8] [0m[INFO] [1789221752.765073844] [localization_error]: now[200] 0.238 m / 1.59 deg  |  session[n=3588] mean 0.236 p95 0.536 max 0.761 m, heading mean 1.58 max 7.41 deg[0m
[pure_pursuit-11] [0m[INFO] [1789221755.051273546] [pure_pursuit]: lap 28: 6.49 s[0m
[log_localization-9] [0m[INFO] [1789221755.408147926] [log_localization]:  184.9 s   779.3 m  err 0.167 m (along +0.165 cross -0.029) yaw  -0.10 deg  m->o yaw  +0.22 deg | fit true 0.010 est 0.027 (x2.66)  enc/true 1.019  dr_err 3.46 m[0m
[localization_error-8] [0m[INFO] [1789221757.765851709] [localization_error]: now[200] 0.238 m / 1.49 deg  |  session[n=3688] mean 0.236 p95 0.536 max 0.761 m, heading mean 1.57 max 7.41 deg[0m
[log_localization-9] [0m[INFO] [1789221760.408777340] [log_localization]:  190.0 s   801.9 m  err 0.123 m (along -0.123 cross +0.001) yaw  +4.39 deg  m->o yaw  +4.28 deg | fit true 0.017 est 0.027 (x1.60)  enc/true 1.019  dr_err 3.49 m[0m
[pure_pursuit-11] [0m[INFO] [1789221761.604257463] [pure_pursuit]: lap 29: 6.55 s[0m
[localization_error-8] [0m[INFO] [1789221762.765100679] [localization_error]: now[200] 0.243 m / 1.59 deg  |  session[n=3788] mean 0.237 p95 0.533 max 0.761 m, heading mean 1.58 max 7.41 deg[0m
[log_localization-9] [0m[INFO] [1789221765.408818372] [log_localization]:  195.0 s   822.9 m  err 0.114 m (along +0.114 cross +0.002) yaw  +0.20 deg  m->o yaw  +0.30 deg | fit true 0.028 est 0.026 (x0.91)  enc/true 1.019  dr_err 3.65 m[0m
[localization_error-8] [0m[INFO] [1789221767.765740527] [localization_error]: now[200] 0.217 m / 1.81 deg  |  session[n=3888] mean 0.235 p95 0.531 max 0.761 m, heading mean 1.59 max 7.41 deg[0m
[pure_pursuit-11] [0m[INFO] [1789221768.093989397] [pure_pursuit]: lap 30: 6.49 s[0m
[log_localization-9] [0m[INFO] [1789221770.408303999] [log_localization]:  200.0 s   845.3 m  err 0.014 m (along -0.013 cross -0.006) yaw  +0.42 deg  m->o yaw  +0.21 deg | fit true 0.022 est 0.027 (x1.21)  enc/true 1.019  dr_err 3.69 m[0m
[localization_error-8] [0m[INFO] [1789221772.766199621] [localization_error]: now[200] 0.226 m / 1.69 deg  |  session[n=3988] mean 0.236 p95 0.528 max 0.761 m, heading mean 1.58 max 7.41 deg[0m
[pure_pursuit-11] [0m[INFO] [1789221774.628460164] [pure_pursuit]: lap 31: 6.53 s[0m
[log_localization-9] [0m[INFO] [1789221775.408699606] [log_localization]:  205.0 s   865.4 m  err 0.230 m (along +0.230 cross -0.001) yaw  -0.42 deg  m->o yaw  -0.44 deg | fit true 0.006 est 0.018 (x2.90)  enc/true 1.019  dr_err 3.79 m[0m
[localization_error-8] [0m[INFO] [1789221777.765887283] [localization_error]: now[200] 0.242 m / 1.38 deg  |  session[n=4088] mean 0.236 p95 0.531 max 0.761 m, heading mean 1.58 max 7.41 deg[0m
[log_localization-9] [0m[INFO] [1789221780.409457660] [log_localization]:  210.0 s   886.8 m  err 0.044 m (along -0.044 cross -0.002) yaw  +4.73 deg  m->o yaw  +4.95 deg | fit true 0.029 est 0.032 (x1.10)  enc/true 1.019  dr_err 3.91 m[0m
[pure_pursuit-11] [0m[INFO] [1789221781.165372421] [pure_pursuit]: lap 32: 6.54 s[0m
[localization_error-8] [0m[INFO] [1789221782.765137497] [localization_error]: now[200] 0.242 m / 1.46 deg  |  session[n=4188] mean 0.237 p95 0.528 max 0.761 m, heading mean 1.58 max 7.41 deg[0m
[log_localization-9] [0m[INFO] [1789221785.408210428] [log_localization]:  214.9 s   908.3 m  err 0.186 m (along +0.186 cross -0.000) yaw  +1.08 deg  m->o yaw  +0.78 deg | fit true 0.003 est 0.028 (x9.06)  enc/true 1.019  dr_err 3.97 m[0m
[pure_pursuit-11] [0m[INFO] [1789221787.647450770] [pure_pursuit]: lap 33: 6.49 s[0m
[localization_error-8] [0m[INFO] [1789221787.765600940] [localization_error]: now[200] 0.234 m / 1.65 deg  |  session[n=4288] mean 0.236 p95 0.527 max 0.761 m, heading mean 1.58 max 7.41 deg[0m
[log_localization-9] [0m[INFO] [1789221790.408783749] [log_localization]:  220.0 s   929.9 m  err 0.074 m (along +0.071 cross -0.021) yaw  -2.34 deg  m->o yaw  -2.27 deg | fit true 0.017 est 0.020 (x1.19)  enc/true 1.019  dr_err 4.03 m[0m
[localization_error-8] [0m[INFO] [1789221792.765609154] [localization_error]: now[200] 0.233 m / 1.71 deg  |  session[n=4388] mean 0.236 p95 0.528 max 0.761 m, heading mean 1.58 max 7.41 deg[0m
[pure_pursuit-11] [0m[INFO] [1789221794.182707636] [pure_pursuit]: lap 34: 6.53 s[0m
[log_localization-9] [0m[INFO] [1789221795.408587415] [log_localization]:  225.0 s   951.8 m  err 0.010 m (along -0.007 cross +0.008) yaw  +0.91 deg  m->o yaw  +0.82 deg | fit true 0.006 est 0.001 (x0.14)  enc/true 1.019  dr_err 4.16 m[0m
[localization_error-8] [0m[INFO] [1789221797.765127637] [localization_error]: now[200] 0.256 m / 1.71 deg  |  session[n=4488] mean 0.236 p95 0.529 max 0.917 m, heading mean 1.59 max 7.41 deg[0m
[log_localization-9] [0m[INFO] [1789221800.408363626] [log_localization]:  230.0 s   971.6 m  err 0.042 m (along +0.035 cross -0.023) yaw  -0.10 deg  m->o yaw  -0.01 deg | fit true 0.008 est 0.003 (x0.36)  enc/true 1.019  dr_err 4.33 m[0m
[pure_pursuit-11] [0m[INFO] [1789221800.740535654] [pure_pursuit]: lap 35: 6.55 s[0m
[localization_error-8] [0m[INFO] [1789221802.765680833] [localization_error]: now[200] 0.249 m / 1.57 deg  |  session[n=4588] mean 0.237 p95 0.532 max 0.917 m, heading mean 1.58 max 7.41 deg[0m
[log_localization-9] [0m[INFO] [1789221805.408263044] [log_localization]:  235.0 s   994.1 m  err 0.055 m (along +0.052 cross +0.018) yaw  +0.87 deg  m->o yaw  +0.63 deg | fit true 0.003 est 0.024 (x8.16)  enc/true 1.019  dr_err 4.33 m[0m
[pure_pursuit-11] [0m[INFO] [1789221807.230706240] [pure_pursuit]: lap 36: 6.50 s[0m
[localization_error-8] [0m[INFO] [1789221807.765957188] [localization_error]: now[200] 0.232 m / 1.54 deg  |  session[n=4688] mean 0.236 p95 0.528 max 0.917 m, heading mean 1.58 max 7.41 deg[0m
[log_localization-9] [0m[INFO] [1789221810.408447523] [log_localization]:  240.0 s  1015.0 m  err 0.115 m (along +0.107 cross -0.041) yaw  -1.94 deg  m->o yaw  -1.91 deg | fit true 0.056 est 0.058 (x1.04)  enc/true 1.019  dr_err 4.44 m[0m
[localization_error-8] [0m[INFO] [1789221812.765131629] [localization_error]: now[200] 0.230 m / 1.77 deg  |  session[n=4788] mean 0.237 p95 0.532 max 0.917 m, heading mean 1.59 max 7.41 deg[0m
[pure_pursuit-11] [0m[INFO] [1789221813.719704838] [pure_pursuit]: lap 37: 6.49 s[0m
[log_localization-9] [0m[INFO] [1789221815.408346828] [log_localization]:  245.0 s  1037.9 m  err 0.170 m (along -0.169 cross -0.019) yaw  +2.26 deg  m->o yaw  +2.11 deg | fit true 0.029 est 0.031 (x1.07)  enc/true 1.019  dr_err 4.54 m[0m
[localization_error-8] [0m[INFO] [1789221817.765778109] [localization_error]: now[200] 0.255 m / 1.75 deg  |  session[n=4888] mean 0.237 p95 0.533 max 0.917 m, heading mean 1.59 max 7.41 deg[0m
[pure_pursuit-11] [0m[INFO] [1789221820.230796925] [pure_pursuit]: lap 38: 6.49 s[0m
[log_localization-9] [0m[INFO] [1789221820.408234406] [log_localization]:  249.9 s  1057.0 m  err 0.098 m (along +0.088 cross -0.045) yaw  -1.18 deg  m->o yaw  -1.10 deg | fit true 0.010 est 0.044 (x4.28)  enc/true 1.019  dr_err 4.70 m[0m
[localization_error-8] [0m[INFO] [1789221822.765304404] [localization_error]: now[200] 0.249 m / 1.52 deg  |  session[n=4988] mean 0.237 p95 0.533 max 0.917 m, heading mean 1.59 max 7.41 deg[0m
[log_localization-9] [0m[INFO] [1789221825.408230508] [log_localization]:  254.9 s  1079.8 m  err 0.097 m (along -0.096 cross -0.015) yaw  +1.20 deg  m->o yaw  +1.22 deg | fit true 0.013 est 0.002 (x0.17)  enc/true 1.019  dr_err 4.73 m[0m
[pure_pursuit-11] [0m[INFO] [1789221826.720609528] [pure_pursuit]: lap 39: 6.51 s[0m
[localization_error-8] [0m[INFO] [1789221827.765653185] [localization_error]: now[200] 0.260 m / 1.70 deg  |  session[n=5088] mean 0.238 p95 0.533 max 0.917 m, heading mean 1.59 max 7.41 deg[0m
[log_localization-9] [0m[INFO] [1789221830.408897026] [log_localization]:  260.0 s  1100.7 m  err 0.111 m (along +0.111 cross +0.002) yaw  +0.76 deg  m->o yaw  +0.88 deg | fit true 0.034 est 0.030 (x0.87)  enc/true 1.019  dr_err 4.90 m[0m
[localization_error-8] [0m[INFO] [1789221832.765131732] [localization_error]: now[200] 0.240 m / 1.79 deg  |  session[n=5188] mean 0.237 p95 0.533 max 0.917 m, heading mean 1.60 max 7.41 deg[0m
[pure_pursuit-11] [0m[INFO] [1789221833.231637140] [pure_pursuit]: lap 40: 6.51 s[0m
[log_localization-9] [0m[INFO] [1789221835.408156541] [log_localization]:  264.9 s  1123.3 m  err 0.048 m (along -0.048 cross +0.005) yaw  +2.61 deg  m->o yaw  +2.70 deg | fit true 0.026 est 0.028 (x1.11)  enc/true 1.019  dr_err 4.94 m[0m
[localization_error-8] [0m[INFO] [1789221837.765276892] [localization_error]: now[200] 0.239 m / 1.66 deg  |  session[n=5288] mean 0.238 p95 0.534 max 0.917 m, heading mean 1.60 max 7.41 deg[0m
[pure_pursuit-11] [0m[INFO] [1789221839.715304887] [pure_pursuit]: lap 41: 6.49 s[0m
[log_localization-9] [0m[INFO] [1789221840.408057652] [log_localization]:  269.9 s  1143.2 m  err 0.324 m (along +0.324 cross -0.001) yaw  +0.11 deg  m->o yaw  +0.11 deg | fit true 0.004 est 0.030 (x7.39)  enc/true 1.019  dr_err 5.06 m[0m
[localization_error-8] [0m[INFO] [1789221842.765818029] [localization_error]: now[200] 0.249 m / 1.62 deg  |  session[n=5388] mean 0.238 p95 0.535 max 0.917 m, heading mean 1.60 max 7.41 deg[0m
[log_localization-9] [0m[INFO] [1789221845.408885252] [log_localization]:  274.9 s  1164.9 m  err 0.091 m (along -0.091 cross -0.004) yaw  +4.19 deg  m->o yaw  +4.21 deg | fit true 0.017 est 0.015 (x0.87)  enc/true 1.019  dr_err 5.14 m[0m
[pure_pursuit-11] [0m[INFO] [1789221846.228168572] [pure_pursuit]: lap 42: 6.51 s[0m
[pure_pursuit-11] [0m[INFO] [1789221847.702690032] [pure_pursuit]: control_hz 47.1 -> 41.6 (tick 41.6 Hz)[0m
[localization_error-8] [0m[INFO] [1789221847.765679990] [localization_error]: now[200] 0.247 m / 1.56 deg  |  session[n=5488] mean 0.238 p95 0.535 max 0.917 m, heading mean 1.60 max 7.41 deg[0m
[pure_pursuit-11] [0m[INFO] [1789221848.702937104] [pure_pursuit]: control_hz 41.6 -> 46.0 (tick 46.0 Hz)[0m
[log_localization-9] [0m[INFO] [1789221850.408182824] [log_localization]:  279.9 s  1186.2 m  err 0.092 m (along +0.091 cross -0.010) yaw  +0.03 deg  m->o yaw  -0.03 deg | fit true 0.005 est 0.014 (x2.90)  enc/true 1.019  dr_err 5.24 m[0m
[pure_pursuit-11] [0m[INFO] [1789221852.737016731] [pure_pursuit]: lap 43: 6.50 s[0m
[localization_error-8] [0m[INFO] [1789221852.765215122] [localization_error]: now[200] 0.234 m / 1.72 deg  |  session[n=5588] mean 0.238 p95 0.533 max 0.917 m, heading mean 1.60 max 7.41 deg[0m
[log_localization-9] [0m[INFO] [1789221855.408364645] [log_localization]:  285.0 s  1208.1 m  err 0.020 m (along +0.010 cross -0.018) yaw  +0.35 deg  m->o yaw  +0.47 deg | fit true 0.015 est 0.020 (x1.29)  enc/true 1.019  dr_err 5.31 m[0m
[localization_error-8] [0m[INFO] [1789221857.766014332] [localization_error]: now[200] 0.233 m / 1.62 deg  |  session[n=5688] mean 0.238 p95 0.535 max 0.917 m, heading mean 1.60 max 7.41 deg[0m
[pure_pursuit-11] [0m[INFO] [1789221859.229696386] [pure_pursuit]: lap 44: 6.49 s[0m
[log_localization-9] [0m[INFO] [1789221860.408431832] [log_localization]:  290.0 s  1229.9 m  err 0.139 m (along -0.139 cross +0.011) yaw  +1.18 deg  m->o yaw  +0.82 deg | fit true 0.010 est 0.010 (x0.99)  enc/true 1.019  dr_err 5.42 m[0m
[localization_error-8] [0m[INFO] [1789221862.765752480] [localization_error]: now[200] 0.241 m / 1.46 deg  |  session[n=5788] mean 0.238 p95 0.535 max 0.917 m, heading mean 1.60 max 7.41 deg[0m
[log_localization-9] [0m[INFO] [1789221865.408265139] [log_localization]:  295.0 s  1249.8 m  err 0.048 m (along +0.043 cross -0.022) yaw  -0.06 deg  m->o yaw  +0.18 deg | fit true 0.005 est 0.000 (x0.02)  enc/true 1.019  dr_err 5.59 m[0m
[pure_pursuit-11] [0m[INFO] [1789221865.781409280] [pure_pursuit]: lap 45: 6.55 s[0m
[pure_pursuit-11] [0m[INFO] [1789221867.703742340] [pure_pursuit]: control_hz 46.0 -> 39.5 (tick 39.5 Hz)[0m
[localization_error-8] [0m[INFO] [1789221867.765944439] [localization_error]: now[200] 0.230 m / 1.45 deg  |  session[n=5888] mean 0.238 p95 0.535 max 0.917 m, heading mean 1.59 max 7.41 deg[0m
[pure_pursuit-11] [0m[INFO] [1789221868.703018351] [pure_pursuit]: control_hz 39.5 -> 47.5 (tick 47.5 Hz)[0m
[log_localization-9] [0m[INFO] [1789221870.408210698] [log_localization]:  299.9 s  1272.0 m  err 0.037 m (along +0.036 cross +0.009) yaw  +0.67 deg  m->o yaw  +0.60 deg | fit true 0.002 est 0.011 (x5.37)  enc/true 1.019  dr_err 5.57 m[0m
[pure_pursuit-11] [0m[INFO] [1789221872.381323068] [pure_pursuit]: lap 46: 6.61 s[0m
[localization_error-8] [0m[INFO] [1789221872.765457600] [localization_error]: now[200] 0.213 m / 1.56 deg  |  session[n=5988] mean 0.237 p95 0.534 max 0.917 m, heading mean 1.59 max 7.41 deg[0m
[log_localization-9] [0m[INFO] [1789221875.411197447] [log_localization]:  305.0 s  1292.9 m  err 0.074 m (along +0.070 cross -0.023) yaw  -0.69 deg  m->o yaw  -0.36 deg | fit true 0.072 est 0.083 (x1.16)  enc/true 1.019  dr_err 5.65 m[0m
[pure_pursuit-11] [0m[INFO] [1789221877.702673683] [pure_pursuit]: control_hz 47.5 -> 40.8 (tick 40.8 Hz)[0m
[localization_error-8] [0m[INFO] [1789221877.765808100] [localization_error]: now[200] 0.218 m / 1.79 deg  |  session[n=6088] mean 0.237 p95 0.535 max 0.917 m, heading mean 1.60 max 7.41 deg[0m
[pure_pursuit-11] [0m[INFO] [1789221878.892224879] [pure_pursuit]: lap 47: 6.52 s[0m
[pure_pursuit-11] [0m[INFO] [1789221879.702719746] [pure_pursuit]: control_hz 40.8 -> 45.5 (tick 45.5 Hz)[0m
[log_localization-9] [0m[INFO] [1789221880.408492444] [log_localization]:  309.9 s  1315.6 m  err 0.138 m (along -0.138 cross -0.006) yaw  +1.41 deg  m->o yaw  +1.59 deg | fit true 0.017 est 0.022 (x1.28)  enc/true 1.019  dr_err 5.77 m[0m
[localization_error-8] [0m[INFO] [1789221882.765903491] [localization_error]: now[200] 0.248 m / 1.61 deg  |  session[n=6188] mean 0.237 p95 0.535 max 0.917 m, heading mean 1.60 max 7.41 deg[0m
[log_localization-9] [0m[INFO] [1789221885.408190390] [log_localization]:  314.9 s  1334.8 m  err 0.094 m (along +0.090 cross -0.026) yaw  -0.56 deg  m->o yaw  -0.42 deg | fit true 0.011 est 0.011 (x0.97)  enc/true 1.019  dr_err 5.95 m[0m
[pure_pursuit-11] [0m[INFO] [1789221885.452906124] [pure_pursuit]: lap 48: 6.56 s[0m
[localization_error-8] [0m[INFO] [1789221887.765674893] [localization_error]: now[200] 0.235 m / 1.41 deg  |  session[n=6288] mean 0.237 p95 0.535 max 0.917 m, heading mean 1.59 max 7.41 deg[0m
[log_localization-9] [0m[INFO] [1789221890.408292127] [log_localization]:  319.9 s  1357.6 m  err 0.029 m (along -0.026 cross +0.013) yaw  +1.01 deg  m->o yaw  +0.88 deg | fit true 0.004 est 0.014 (x3.39)  enc/true 1.019  dr_err 5.94 m[0m
[pure_pursuit-11] [0m[INFO] [1789221891.957209687] [pure_pursuit]: lap 49: 6.50 s[0m
[localization_error-8] [0m[INFO] [1789221892.765292167] [localization_error]: now[200] 0.228 m / 1.59 deg  |  session[n=6388] mean 0.237 p95 0.535 max 0.917 m, heading mean 1.59 max 7.41 deg[0m
[log_localization-9] [0m[INFO] [1789221895.408593076] [log_localization]:  325.0 s  1378.3 m  err 0.172 m (along +0.169 cross -0.032) yaw  -0.47 deg  m->o yaw  -0.22 deg | fit true 0.050 est 0.046 (x0.92)  enc/true 1.019  dr_err 6.12 m[0m
[localization_error-8] [0m[INFO] [1789221897.765345499] [localization_error]: now[200] 0.221 m / 1.64 deg  |  session[n=6488] mean 0.237 p95 0.534 max 0.917 m, heading mean 1.59 max 7.41 deg[0m
[pure_pursuit-11] [0m[INFO] [1789221898.475256344] [pure_pursuit]: lap 50: 6.52 s[0m
[log_localization-9] [0m[INFO] [1789221900.408772436] [log_localization]:  330.0 s  1401.2 m  err 0.034 m (along -0.033 cross +0.008) yaw  +2.06 deg  m->o yaw  +2.11 deg | fit true 0.030 est 0.014 (x0.45)  enc/true 1.019  dr_err 6.12 m[0m
[localization_error-8] [0m[INFO] [1789221902.766433546] [localization_error]: now[200] 0.242 m / 1.63 deg  |  session[n=6588] mean 0.237 p95 0.535 max 0.917 m, heading mean 1.60 max 7.41 deg[0m
[pure_pursuit-11] [0m[INFO] [1789221904.987359974] [pure_pursuit]: lap 51: 6.51 s[0m
[log_localization-9] [0m[INFO] [1789221905.408208746] [log_localization]:  334.9 s  1420.4 m  err 0.163 m (along +0.162 cross -0.018) yaw  +0.52 deg  m->o yaw  +0.61 deg | fit true 0.009 est 0.014 (x1.57)  enc/true 1.019  dr_err 6.28 m[0m
[localization_error-8] [0m[INFO] [1789221907.766118575] [localization_error]: now[200] 0.242 m / 1.51 deg  |  session[n=6688] mean 0.237 p95 0.535 max 0.917 m, heading mean 1.59 max 7.41 deg[0m
[log_localization-9] [0m[INFO] [1789221910.408318685] [log_localization]:  339.9 s  1442.8 m  err 0.136 m (along -0.136 cross -0.004) yaw  +5.23 deg  m->o yaw  +4.81 deg | fit true 0.018 est 0.035 (x1.95)  enc/true 1.019  dr_err 6.32 m[0m
[pure_pursuit-11] [0m[INFO] [1789221911.519102859] [pure_pursuit]: lap 52: 6.54 s[0m
[localization_error-8] [0m[INFO] [1789221912.765213033] [localization_error]: now[200] 0.244 m / 1.54 deg  |  session[n=6788] mean 0.237 p95 0.535 max 0.917 m, heading mean 1.59 max 7.41 deg[0m
[log_localization-9] [0m[INFO] [1789221915.408871412] [log_localization]:  345.0 s  1463.9 m  err 0.062 m (along +0.062 cross -0.003) yaw  -0.03 deg  m->o yaw  +0.17 deg | fit true 0.021 est 0.017 (x0.81)  enc/true 1.019  dr_err 6.45 m[0m
[localization_error-8] [0m[INFO] [1789221917.765371621] [localization_error]: now[200] 0.226 m / 1.89 deg  |  session[n=6888] mean 0.237 p95 0.533 max 0.917 m, heading mean 1.60 max 7.41 deg[0m
[pure_pursuit-11] [0m[INFO] [1789221918.008437994] [pure_pursuit]: lap 53: 6.49 s[0m
[log_localization-9] [0m[INFO] [1789221920.408654677] [log_localization]:  349.9 s  1486.2 m  err 0.010 m (along -0.009 cross +0.004) yaw  +0.67 deg  m->o yaw  +0.77 deg | fit true 0.019 est 0.019 (x0.98)  enc/true 1.019  dr_err 6.54 m[0m
[localization_error-8] [0m[INFO] [1789221922.765352965] [localization_error]: now[200] 0.232 m / 1.74 deg  |  session[n=6988] mean 0.237 p95 0.533 max 0.917 m, heading mean 1.60 max 7.41 deg[0m
[pure_pursuit-11] [0m[INFO] [1789221924.499255186] [pure_pursuit]: lap 54: 6.50 s[0m
[log_localization-9] [0m[INFO] [1789221925.408808980] [log_localization]:  355.0 s  1506.6 m  err 0.146 m (along +0.146 cross -0.005) yaw  -0.41 deg  m->o yaw  -0.43 deg | fit true 0.017 est 0.024 (x1.36)  enc/true 1.019  dr_err 6.64 m[0m
[localization_error-8] [0m[INFO] [1789221927.765217374] [localization_error]: now[200] 0.242 m / 1.45 deg  |  session[n=7088] mean 0.237 p95 0.534 max 0.917 m, heading mean 1.60 max 7.41 deg[0m
[log_localization-9] [0m[INFO] [1789221930.408277679] [log_localization]:  360.0 s  1527.8 m  err 0.042 m (along -0.041 cross -0.006) yaw  +3.99 deg  m->o yaw  +4.11 deg | fit true 0.013 est 0.015 (x1.15)  enc/true 1.019  dr_err 6.78 m[0m
[pure_pursuit-11] [0m[INFO] [1789221931.029957006] [pure_pursuit]: lap 55: 6.51 s[0m
[localization_error-8] [0m[INFO] [1789221932.765334874] [localization_error]: now[200] 0.236 m / 1.43 deg  |  session[n=7188] mean 0.237 p95 0.536 max 0.917 m, heading mean 1.59 max 7.41 deg[0m
[pure_pursuit-11] [0m[INFO] [1789221934.703079608] [pure_pursuit]: control_hz 45.5 -> 40.1 (tick 40.1 Hz)[0m
[log_localization-9] [0m[INFO] [1789221935.408206516] [log_localization]:  364.9 s  1549.7 m  err 0.127 m (along +0.126 cross +0.019) yaw  +1.28 deg  m->o yaw  +1.23 deg | fit true 0.001 est 0.021 (x26.44)  enc/true 1.019  dr_err 6.82 m[0m
[pure_pursuit-11] [0m[INFO] [1789221936.703036324] [pure_pursuit]: control_hz 40.1 -> 46.8 (tick 46.8 Hz)[0m
[pure_pursuit-11] [0m[INFO] [1789221937.514077750] [pure_pursuit]: lap 56: 6.51 s[0m
[localization_error-8] [0m[INFO] [1789221937.765398038] [localization_error]: now[200] 0.233 m / 1.66 deg  |  session[n=7288] mean 0.237 p95 0.535 max 0.917 m, heading mean 1.60 max 7.41 deg[0m
[log_localization-9] [0m[INFO] [1789221940.408318167] [log_localization]:  369.9 s  1571.1 m  err 0.065 m (along +0.061 cross -0.024) yaw  -0.49 deg  m->o yaw  -0.31 deg | fit true 0.030 est 0.038 (x1.26)  enc/true 1.019  dr_err 6.89 m[0m
[localization_error-8] [0m[INFO] [1789221942.765824221] [localization_error]: now[200] 0.237 m / 1.74 deg  |  session[n=7388] mean 0.237 p95 0.536 max 0.917 m, heading mean 1.60 max 7.41 deg[0m
[pure_pursuit-11] [0m[INFO] [1789221944.033716230] [pure_pursuit]: lap 57: 6.49 s[0m
[log_localization-9] [0m[INFO] [1789221945.408801476] [log_localization]:  375.0 s  1593.6 m  err 0.100 m (along -0.100 cross -0.001) yaw  +1.37 deg  m->o yaw  +1.48 deg | fit true 0.031 est 0.011 (x0.35)  enc/true 1.019  dr_err 7.03 m[0m
[localization_error-8] [0m[INFO] [1789221947.765331142] [localization_error]: now[200] 0.269 m / 1.84 deg  |  session[n=7488] mean 0.237 p95 0.536 max 0.917 m, heading mean 1.60 max 7.41 deg[0m
[log_localization-9] [0m[INFO] [1789221950.408690892] [log_localization]:  380.0 s  1612.8 m  err 0.093 m (along +0.083 cross -0.040) yaw  -0.82 deg  m->o yaw  -0.65 deg | fit true 0.007 est 0.011 (x1.55)  enc/true 1.019  dr_err 7.22 m[0m
[pure_pursuit-11] [0m[INFO] [1789221950.516327776] [pure_pursuit]: lap 58: 6.49 s[0m
[localization_error-8] [0m[INFO] [1789221952.765425461] [localization_error]: now[200] 0.254 m / 1.75 deg  |  session[n=7588] mean 0.238 p95 0.537 max 0.917 m, heading mean 1.60 max 7.41 deg[0m
[log_localization-9] [0m[INFO] [1789221955.408318567] [log_localization]:  384.9 s  1635.7 m  err 0.042 m (along -0.040 cross +0.010) yaw  +1.03 deg  m->o yaw  +1.05 deg | fit true 0.003 est 0.009 (x2.65)  enc/true 1.019  dr_err 7.23 m[0m
[pure_pursuit-11] [0m[INFO] [1789221957.005817886] [pure_pursuit]: lap 59: 6.50 s[0m
[localization_error-8] [0m[INFO] [1789221957.765286209] [localization_error]: now[200] 0.236 m / 1.62 deg  |  session[n=7688] mean 0.237 p95 0.536 max 0.917 m, heading mean 1.60 max 7.41 deg[0m
[log_localization-9] [0m[INFO] [1789221960.408921407] [log_localization]:  390.0 s  1656.3 m  err 0.175 m (along +0.172 cross -0.035) yaw  -1.35 deg  m->o yaw  -1.18 deg | fit true 0.052 est 0.059 (x1.13)  enc/true 1.019  dr_err 7.38 m[0m
[localization_error-8] [0m[INFO] [1789221962.765299761] [localization_error]: now[200] 0.231 m / 1.79 deg  |  session[n=7788] mean 0.237 p95 0.537 max 0.917 m, heading mean 1.61 max 7.41 deg[0m
[pure_pursuit-11] [0m[INFO] [1789221963.518132231] [pure_pursuit]: lap 60: 6.51 s[0m
[log_localization-9] [0m[INFO] [1789221965.408425742] [log_localization]:  395.0 s  1679.2 m  err 0.073 m (along -0.073 cross -0.003) yaw  +2.33 deg  m->o yaw  +2.24 deg | fit true 0.030 est 0.022 (x0.74)  enc/true 1.019  dr_err 7.44 m[0m
[localization_error-8] [0m[INFO] [1789221967.765912889] [localization_error]: now[200] 0.240 m / 1.69 deg  |  session[n=7888] mean 0.237 p95 0.536 max 0.917 m, heading mean 1.61 max 7.41 deg[0m
[pure_pursuit-11] [0m[INFO] [1789221970.022866675] [pure_pursuit]: lap 61: 6.51 s[0m
[log_localization-9] [0m[INFO] [1789221970.408729656] [log_localization]:  400.0 s  1698.4 m  err 0.138 m (along +0.136 cross -0.026) yaw  +0.58 deg  m->o yaw  +0.60 deg | fit true 0.009 est 0.018 (x2.04)  enc/true 1.019  dr_err 7.58 m[0m
[localization_error-8] [0m[INFO] [1789221972.766218300] [localization_error]: now[200] 0.229 m / 1.34 deg  |  session[n=7988] mean 0.237 p95 0.536 max 0.917 m, heading mean 1.60 max 7.41 deg[0m
[log_localization-9] [0m[INFO] [1789221975.408469107] [log_localization]:  404.9 s  1720.9 m  err 0.168 m (along -0.166 cross -0.025) yaw  +4.40 deg  m->o yaw  +4.62 deg | fit true 0.020 est 0.019 (x0.93)  enc/true 1.019  dr_err 7.61 m[0m
[pure_pursuit-11] [0m[INFO] [1789221976.559359342] [pure_pursuit]: lap 62: 6.53 s[0m
[localization_error-8] [0m[INFO] [1789221977.765191407] [localization_error]: now[200] 0.236 m / 1.43 deg  |  session[n=8088] mean 0.237 p95 0.537 max 0.917 m, heading mean 1.60 max 7.41 deg[0m
[log_localization-9] [0m[INFO] [1789221980.408313207] [log_localization]:  410.0 s  1741.9 m  err 0.082 m (along +0.082 cross -0.001) yaw  -0.61 deg  m->o yaw  -0.52 deg | fit true 0.024 est 0.023 (x0.97)  enc/true 1.019  dr_err 7.74 m[0m
[localization_error-8] [0m[INFO] [1789221982.765416494] [localization_error]: now[200] 0.222 m / 1.69 deg  |  session[n=8188] mean 0.237 p95 0.536 max 0.917 m, heading mean 1.60 max 7.41 deg[0m
[pure_pursuit-11] [0m[INFO] [1789221983.078330653] [pure_pursuit]: lap 63: 6.50 s[0m
[log_localization-9] [0m[INFO] [1789221985.408713249] [log_localization]:  415.0 s  1764.2 m  err 0.025 m (along -0.024 cross +0.009) yaw  +2.18 deg  m->o yaw  +2.25 deg | fit true 0.022 est 0.023 (x1.06)  enc/true 1.019  dr_err 7.81 m[0m
[localization_error-8] [0m[INFO] [1789221987.765959967] [localization_error]: now[200] 0.239 m / 1.65 deg  |  session[n=8288] mean 0.237 p95 0.537 max 0.917 m, heading mean 1.60 max 7.41 deg[0m
[pure_pursuit-11] [0m[INFO] [1789221989.540261235] [pure_pursuit]: lap 64: 6.48 s[0m
[log_localization-9] [0m[INFO] [1789221990.408915481] [log_localization]:  420.0 s  1784.3 m  err 0.303 m (along +0.303 cross -0.003) yaw  -0.10 deg  m->o yaw  -0.21 deg | fit true 0.008 est 0.027 (x3.46)  enc/true 1.019  dr_err 7.94 m[0m
[localization_error-8] [0m[INFO] [1789221992.765877281] [localization_error]: now[200] 0.250 m / 1.61 deg  |  session[n=8388] mean 0.237 p95 0.537 max 0.917 m, heading mean 1.60 max 7.41 deg[0m
[log_localization-9] [0m[INFO] [1789221995.408132677] [log_localization]:  424.9 s  1805.6 m  err 0.017 m (along -0.008 cross -0.015) yaw  +1.10 deg  m->o yaw  +1.42 deg | fit true 0.015 est 0.005 (x0.37)  enc/true 1.019  dr_err 8.05 m[0m
[pure_pursuit-11] [0m[INFO] [1789221996.093964159] [pure_pursuit]: lap 65: 6.54 s[0m
[localization_error-8] [0m[INFO] [1789221997.765593163] [localization_error]: now[200] 0.251 m / 1.71 deg  |  session[n=8488] mean 0.238 p95 0.539 max 0.917 m, heading mean 1.61 max 7.41 deg[0m
[log_localization-9] [0m[INFO] [1789222000.408217825] [log_localization]:  429.9 s  1827.3 m  err 0.086 m (along +0.085 cross -0.009) yaw  +0.27 deg  m->o yaw  +0.08 deg | fit true 0.001 est 0.007 (x7.33)  enc/true 1.019  dr_err 8.13 m[0m
[pure_pursuit-11] [0m[INFO] [1789222002.582493741] [pure_pursuit]: lap 66: 6.50 s[0m
[localization_error-8] [0m[INFO] [1789222002.766063434] [localization_error]: now[200] 0.244 m / 1.90 deg  |  session[n=8588] mean 0.237 p95 0.537 max 0.917 m, heading mean 1.61 max 7.41 deg[0m
[log_localization-9] [0m[INFO] [1789222005.408349316] [log_localization]:  435.0 s  1848.6 m  err 0.060 m (along +0.048 cross -0.036) yaw  -1.83 deg  m->o yaw  -1.84 deg | fit true 0.021 est 0.021 (x1.02)  enc/true 1.019  dr_err 8.20 m[0m
[localization_error-8] [0m[INFO] [1789222007.765951138] [localization_error]: now[200] 0.241 m / 1.89 deg  |  session[n=8688] mean 0.238 p95 0.539 max 0.917 m, heading mean 1.61 max 7.41 deg[0m
[pure_pursuit-11] [0m[INFO] [1789222009.142345149] [pure_pursuit]: lap 67: 6.55 s[0m
[log_localization-9] [0m[INFO] [1789222010.408809772] [log_localization]:  440.0 s  1870.8 m  err 0.098 m (along -0.098 cross -0.003) yaw  +0.49 deg  m->o yaw  +0.75 deg | fit true 0.010 est 0.013 (x1.35)  enc/true 1.019  dr_err 8.28 m[0m
[localization_error-8] [0m[INFO] [1789222012.765563287] [localization_error]: now[200] 0.261 m / 1.77 deg  |  session[n=8788] mean 0.238 p95 0.539 max 0.917 m, heading mean 1.61 max 7.41 deg[0m
[log_localization-9] [0m[INFO] [1789222015.408300147] [log_localization]:  444.9 s  1890.4 m  err 0.072 m (along +0.067 cross -0.026) yaw  -1.01 deg  m->o yaw  -0.66 deg | fit true 0.006 est 0.007 (x1.16)  enc/true 1.019  dr_err 8.49 m[0m
[pure_pursuit-11] [0m[INFO] [1789222015.646733088] [pure_pursuit]: lap 68: 6.53 s[0m
[localization_error-8] [0m[INFO] [1789222017.766532221] [localization_error]: now[200] 0.245 m / 1.54 deg  |  session[n=8888] mean 0.238 p95 0.540 max 0.917 m, heading mean 1.61 max 7.41 deg[0m
[log_localization-9] [0m[INFO] [1789222020.408296063] [log_localization]:  450.0 s  1913.1 m  err 0.035 m (along +0.030 cross +0.018) yaw  +1.04 deg  m->o yaw  +0.43 deg | fit true 0.003 est 0.025 (x9.95)  enc/true 1.019  dr_err 8.49 m[0m
[pure_pursuit-11] [0m[INFO] [1789222022.157181123] [pure_pursuit]: lap 69: 6.51 s[0m
[localization_error-8] [0m[INFO] [1789222022.765326167] [localization_error]: now[200] 0.230 m / 1.47 deg  |  session[n=8988] mean 0.238 p95 0.539 max 0.917 m, heading mean 1.61 max 7.41 deg[0m
[log_localization-9] [0m[INFO] [1789222025.408518712] [log_localization]:  455.0 s  1933.8 m  err 0.136 m (along +0.134 cross -0.020) yaw  -0.81 deg  m->o yaw  -0.57 deg | fit true 0.056 est 0.080 (x1.42)  enc/true 1.019  dr_err 8.62 m[0m
[localization_error-8] [0m[INFO] [1789222027.765393990] [localization_error]: now[200] 0.222 m / 1.54 deg  |  session[n=9088] mean 0.238 p95 0.539 max 0.917 m, heading mean 1.61 max 7.41 deg[0m
[pure_pursuit-11] [0m[INFO] [1789222028.692039575] [pure_pursuit]: lap 70: 6.52 s[0m
[log_localization-9] [0m[INFO] [1789222030.408217187] [log_localization]:  459.9 s  1956.7 m  err 0.195 m (along -0.192 cross -0.032) yaw  +2.90 deg  m->o yaw  +2.88 deg | fit true 0.028 est 0.044 (x1.59)  enc/true 1.019  dr_err 8.67 m[0m
[localization_error-8] [0m[INFO] [1789222032.765564427] [localization_error]: now[200] 0.245 m / 1.44 deg  |  session[n=9188] mean 0.238 p95 0.539 max 0.917 m, heading mean 1.61 max 7.41 deg[0m
[pure_pursuit-11] [0m[INFO] [1789222035.207632182] [pure_pursuit]: lap 71: 6.50 s[0m
[log_localization-9] [0m[INFO] [1789222035.408436746] [log_localization]:  465.0 s  1975.8 m  err 0.136 m (along +0.131 cross -0.035) yaw  -0.56 deg  m->o yaw  -0.41 deg | fit true 0.012 est 0.021 (x1.80)  enc/true 1.019  dr_err 8.83 m[0m
[localization_error-8] [0m[INFO] [1789222037.765440459] [localization_error]: now[200] 0.238 m / 1.26 deg  |  session[n=9288] mean 0.238 p95 0.539 max 0.917 m, heading mean 1.60 max 7.41 deg[0m
[log_localization-9] [0m[INFO] [1789222040.408487899] [log_localization]:  470.0 s  1998.4 m  err 0.104 m (along -0.104 cross +0.003) yaw  +3.33 deg  m->o yaw  +3.07 deg | fit true 0.010 est 0.026 (x2.57)  enc/true 1.019  dr_err 8.88 m[0m
[pure_pursuit-11] [0m[INFO] [1789222041.741741282] [pure_pursuit]: lap 72: 6.55 s[0m
[localization_error-8] [0m[INFO] [1789222042.766099112] [localization_error]: now[200] 0.249 m / 1.53 deg  |  session[n=9388] mean 0.238 p95 0.540 max 0.917 m, heading mean 1.60 max 7.41 deg[0m
[log_localization-9] [0m[INFO] [1789222045.408743513] [log_localization]:  475.0 s  2019.3 m  err 0.140 m (along +0.140 cross -0.001) yaw  +1.22 deg  m->o yaw  +1.27 deg | fit true 0.036 est 0.030 (x0.82)  enc/true 1.019  dr_err 9.05 m[0m
[localization_error-8] [0m[INFO] [1789222047.765660750] [localization_error]: now[200] 0.244 m / 1.81 deg  |  session[n=9488] mean 0.238 p95 0.539 max 0.917 m, heading mean 1.61 max 7.41 deg[0m
[pure_pursuit-11] [0m[INFO] [1789222048.231913691] [pure_pursuit]: lap 73: 6.49 s[0m
[log_localization-9] [0m[INFO] [1789222050.408202571] [log_localization]:  479.9 s  2041.8 m  err 0.021 m (along -0.020 cross +0.006) yaw  +2.34 deg  m->o yaw  +2.44 deg | fit true 0.027 est 0.028 (x1.04)  enc/true 1.019  dr_err 9.09 m[0m
[localization_error-8] [0m[INFO] [1789222052.765418193] [localization_error]: now[200] 0.237 m / 1.76 deg  |  session[n=9588] mean 0.238 p95 0.539 max 0.917 m, heading mean 1.61 max 7.41 deg[0m
[pure_pursuit-11] [0m[INFO] [1789222054.720545369] [pure_pursuit]: lap 74: 6.49 s[0m
[log_localization-9] [0m[INFO] [1789222055.408457747] [log_localization]:  484.9 s  2061.7 m  err 0.156 m (along +0.156 cross -0.000) yaw  -0.51 deg  m->o yaw  -0.39 deg | fit true 0.003 est 0.027 (x10.48)  enc/true 1.019  dr_err 9.21 m[0m
[localization_error-8] [0m[INFO] [1789222057.765521456] [localization_error]: now[200] 0.228 m / 1.60 deg  |  session[n=9688] mean 0.238 p95 0.539 max 0.917 m, heading mean 1.61 max 7.41 deg[0m
[log_localization-9] [0m[INFO] [1789222060.408717138] [log_localization]:  490.0 s  2083.4 m  err 0.100 m (along -0.100 cross -0.003) yaw  +5.95 deg  m->o yaw  +6.27 deg | fit true 0.016 est 0.028 (x1.73)  enc/true 1.019  dr_err 9.33 m[0m
[pure_pursuit-11] [0m[INFO] [1789222061.203712659] [pure_pursuit]: lap 75: 6.49 s[0m
[localization_error-8] [0m[INFO] [1789222062.765878761] [localization_error]: now[200] 0.239 m / 1.55 deg  |  session[n=9788] mean 0.238 p95 0.539 max 0.917 m, heading mean 1.61 max 7.41 deg[0m
[log_localization-9] [0m[INFO] [1789222065.408158531] [log_localization]:  494.9 s  2104.9 m  err 0.029 m (along +0.024 cross -0.016) yaw  -1.54 deg  m->o yaw  -1.48 deg | fit true 0.003 est 0.020 (x7.25)  enc/true 1.019  dr_err 9.39 m[0m
[pure_pursuit-11] [0m[INFO] [1789222067.674789107] [pure_pursuit]: lap 76: 6.47 s[0m
[localization_error-8] [0m[INFO] [1789222067.766118295] [localization_error]: now[200] 0.224 m / 1.66 deg  |  session[n=9888] mean 0.237 p95 0.538 max 0.917 m, heading mean 1.61 max 7.41 deg[0m
[log_localization-9] [0m[INFO] [1789222070.408348820] [log_localization]:  500.0 s  2126.7 m  err 0.030 m (along +0.027 cross -0.014) yaw  +0.17 deg  m->o yaw  +0.19 deg | fit true 0.014 est 0.021 (x1.50)  enc/true 1.019  dr_err 9.44 m[0m
[localization_error-8] [0m[INFO] [1789222072.765361503] [localization_error]: now[200] 0.216 m / 1.55 deg  |  session[n=9988] mean 0.238 p95 0.539 max 0.917 m, heading mean 1.61 max 7.41 deg[0m
[pure_pursuit-11] [0m[INFO] [1789222074.225883642] [pure_pursuit]: lap 77: 6.53 s[0m
[log_localization-9] [0m[INFO] [1789222075.408721275] [log_localization]:  505.0 s  2148.6 m  err 0.104 m (along -0.104 cross +0.004) yaw  +1.04 deg  m->o yaw  +0.59 deg | fit true 0.007 est 0.008 (x1.16)  enc/true 1.019  dr_err 9.57 m[0m
[localization_error-8] [0m[INFO] [1789222077.766094776] [localization_error]: now[200] 0.241 m / 1.54 deg  |  session[n=10088] mean 0.237 p95 0.538 max 0.917 m, heading mean 1.60 max 7.41 deg[0m
[log_localization-9] [0m[INFO] [1789222080.408860924] [log_localization]:  509.9 s  2168.4 m  err 0.058 m (along +0.051 cross -0.027) yaw  -0.61 deg  m->o yaw  -0.64 deg | fit true 0.006 est 0.004 (x0.69)  enc/true 1.019  dr_err 9.75 m[0m
[pure_pursuit-11] [0m[INFO] [1789222080.714295324] [pure_pursuit]: lap 78: 6.51 s[0m
[localization_error-8] [0m[INFO] [1789222082.766299087] [localization_error]: now[200] 0.239 m / 1.45 deg  |  session[n=10188] mean 0.238 p95 0.538 max 0.917 m, heading mean 1.60 max 7.41 deg[0m
[log_localization-9] [0m[INFO] [1789222085.408461479] [log_localization]:  514.9 s  2191.0 m  err 0.022 m (along -0.021 cross +0.005) yaw  +0.35 deg  m->o yaw  +0.44 deg | fit true 0.005 est 0.007 (x1.28)  enc/true 1.019  dr_err 9.76 m[0m
[pure_pursuit-11] [0m[INFO] [1789222087.319239884] [pure_pursuit]: lap 79: 6.58 s[0m
[localization_error-8] [0m[INFO] [1789222087.766189979] [localization_error]: now[200] 0.226 m / 1.57 deg  |  session[n=10288] mean 0.237 p95 0.537 max 0.917 m, heading mean 1.60 max 7.41 deg[0m
[log_localization-9] [0m[INFO] [1789222090.408290811] [log_localization]:  520.0 s  2211.9 m  err 0.091 m (along +0.087 cross -0.027) yaw  -3.34 deg  m->o yaw  -3.23 deg | fit true 0.048 est 0.060 (x1.24)  enc/true 1.019  dr_err 9.83 m[0m
[localization_error-8] [0m[INFO] [1789222092.766034472] [localization_error]: now[200] 0.213 m / 1.77 deg  |  session[n=10388] mean 0.237 p95 0.537 max 0.917 m, heading mean 1.61 max 7.41 deg[0m
[pure_pursuit-11] [0m[INFO] [1789222093.878748680] [pure_pursuit]: lap 80: 6.56 s[0m
[log_localization-9] [0m[INFO] [1789222095.408188729] [log_localization]:  524.9 s  2234.7 m  err 0.124 m (along -0.124 cross -0.002) yaw  +1.80 deg  m->o yaw  +1.85 deg | fit true 0.019 est 0.017 (x0.90)  enc/true 1.019  dr_err 9.93 m[0m
[localization_error-8] [0m[INFO] [1789222097.765863250] [localization_error]: now[200] 0.232 m / 1.67 deg  |  session[n=10488] mean 0.237 p95 0.536 max 0.917 m, heading mean 1.61 max 7.41 deg[0m
[pure_pursuit-11] [0m[INFO] [1789222100.336757229] [pure_pursuit]: lap 81: 6.47 s[0m
[log_localization-9] [0m[INFO] [1789222100.408769695] [log_localization]:  530.0 s  2253.9 m  err 0.068 m (along +0.063 cross -0.027) yaw  -0.80 deg  m->o yaw  -0.88 deg | fit true 0.012 est 0.025 (x2.17)  enc/true 1.019  dr_err 10.12 m[0m
[localization_error-8] [0m[INFO] [1789222102.765487000] [localization_error]: now[200] 0.235 m / 1.62 deg  |  session[n=10588] mean 0.237 p95 0.537 max 0.917 m, heading mean 1.61 max 7.41 deg[0m
[log_localization-9] [0m[INFO] [1789222105.409086930] [log_localization]:  535.0 s  2276.7 m  err 0.060 m (along -0.059 cross -0.005) yaw  +1.22 deg  m->o yaw  +1.38 deg | fit true 0.016 est 0.009 (x0.55)  enc/true 1.019  dr_err 10.14 m[0m
[pure_pursuit-11] [0m[INFO] [1789222106.830576746] [pure_pursuit]: lap 82: 6.49 s[0m
[localization_error-8] [0m[INFO] [1789222107.765966423] [localization_error]: now[200] 0.249 m / 1.76 deg  |  session[n=10688] mean 0.237 p95 0.537 max 0.917 m, heading mean 1.61 max 7.41 deg[0m
[log_localization-9] [0m[INFO] [1789222110.408851602] [log_localization]:  540.0 s  2297.6 m  err 0.143 m (along +0.142 cross +0.004) yaw  +0.64 deg  m->o yaw  +0.79 deg | fit true 0.040 est 0.040 (x1.00)  enc/true 1.019  dr_err 10.33 m[0m
[localization_error-8] [0m[INFO] [1789222112.765786902] [localization_error]: now[200] 0.239 m / 1.71 deg  |  session[n=10788] mean 0.237 p95 0.537 max 0.917 m, heading mean 1.61 max 7.41 deg[0m
[pure_pursuit-11] [0m[INFO] [1789222113.299267029] [pure_pursuit]: lap 83: 6.48 s[0m
[log_localization-9] [0m[INFO] [1789222115.408708595] [log_localization]:  545.0 s  2320.3 m  err 0.053 m (along -0.053 cross +0.002) yaw  +2.16 deg  m->o yaw  +2.28 deg | fit true 0.028 est 0.032 (x1.13)  enc/true 1.019  dr_err 10.35 m[0m
[localization_error-8] [0m[INFO] [1789222117.766318628] [localization_error]: now[200] 0.243 m / 1.66 deg  |  session[n=10888] mean 0.237 p95 0.537 max 0.917 m, heading mean 1.61 max 7.41 deg[0m
[pure_pursuit-11] [0m[INFO] [1789222119.832335567] [pure_pursuit]: lap 84: 6.51 s[0m
[log_localization-9] [0m[INFO] [1789222120.408953226] [log_localization]:  550.0 s  2340.0 m  err 0.283 m (along +0.283 cross +0.001) yaw  +0.81 deg  m->o yaw  +0.91 deg | fit true 0.003 est 0.016 (x5.17)  enc/true 1.019  dr_err 10.47 m[0m
[localization_error-8] [0m[INFO] [1789222122.765422711] [localization_error]: now[200] 0.247 m / 1.57 deg  |  session[n=10988] mean 0.237 p95 0.538 max 0.917 m, heading mean 1.61 max 7.41 deg[0m
[log_localization-9] [0m[INFO] [1789222125.408223260] [log_localization]:  554.9 s  2361.9 m  err 0.108 m (along -0.108 cross +0.001) yaw  +3.62 deg  m->o yaw  +3.88 deg | fit true 0.017 est 0.025 (x1.50)  enc/true 1.019  dr_err 10.55 m[0m
[pure_pursuit-11] [0m[INFO] [1789222126.314357136] [pure_pursuit]: lap 85: 6.49 s[0m
[localization_error-8] [0m[INFO] [1789222127.765497801] [localization_error]: now[200] 0.238 m / 1.41 deg  |  session[n=11088] mean 0.237 p95 0.538 max 0.917 m, heading mean 1.61 max 7.41 deg[0m
[log_localization-9] [0m[INFO] [1789222130.408443129] [log_localization]:  560.0 s  2383.2 m  err 0.087 m (along +0.087 cross -0.010) yaw  -0.22 deg  m->o yaw  -0.04 deg | fit true 0.006 est 0.014 (x2.43)  enc/true 1.019  dr_err 10.66 m[0m
[localization_error-8] [0m[INFO] [1789222132.766121678] [localization_error]: now[200] 0.222 m / 1.56 deg  |  session[n=11188] mean 0.237 p95 0.537 max 0.917 m, heading mean 1.61 max 7.41 deg[0m
[pure_pursuit-11] [0m[INFO] [1789222132.804498330] [pure_pursuit]: lap 86: 6.50 s[0m
[log_localization-9] [0m[INFO] [1789222135.408307087] [log_localization]:  565.0 s  2405.1 m  err 0.022 m (along -0.021 cross -0.007) yaw  +1.39 deg  m->o yaw  +1.45 deg | fit true 0.012 est 0.016 (x1.37)  enc/true 1.019  dr_err 10.74 m[0m
[localization_error-8] [0m[INFO] [1789222137.765494470] [localization_error]: now[200] 0.231 m / 1.45 deg  |  session[n=11288] mean 0.237 p95 0.537 max 0.917 m, heading mean 1.60 max 7.41 deg[0m
[pure_pursuit-11] [0m[INFO] [1789222139.316268531] [pure_pursuit]: lap 87: 6.50 s[0m
[log_localization-9] [0m[INFO] [1789222140.408239602] [log_localization]:  569.9 s  2426.5 m  err 0.111 m (along +0.111 cross -0.013) yaw  -0.42 deg  m->o yaw  -0.53 deg | fit true 0.005 est 0.016 (x3.14)  enc/true 1.019  dr_err 10.85 m[0m
[localization_error-8] [0m[INFO] [1789222142.766214810] [localization_error]: now[200] 0.242 m / 1.59 deg  |  session[n=11388] mean 0.237 p95 0.537 max 0.917 m, heading mean 1.61 max 7.41 deg[0m
[log_localization-9] [0m[INFO] [1789222145.408532804] [log_localization]:  575.0 s  2446.7 m  err 0.029 m (along +0.023 cross -0.017) yaw  +1.34 deg  m->o yaw  +1.64 deg | fit true 0.007 est 0.004 (x0.54)  enc/true 1.019  dr_err 11.03 m[0m
[pure_pursuit-11] [0m[INFO] [1789222145.806465486] [pure_pursuit]: lap 88: 6.49 s[0m
[localization_error-8] [0m[INFO] [1789222147.766406747] [localization_error]: now[200] 0.237 m / 1.66 deg  |  session[n=11488] mean 0.237 p95 0.537 max 0.917 m, heading mean 1.60 max 7.41 deg[0m
[log_localization-9] [0m[INFO] [1789222150.408282369] [log_localization]:  579.9 s  2469.0 m  err 0.188 m (along +0.187 cross +0.015) yaw  -0.43 deg  m->o yaw  -0.33 deg | fit true 0.004 est 0.020 (x5.54)  enc/true 1.019  dr_err 11.04 m[0m
[pure_pursuit-11] [0m[INFO] [1789222152.340409757] [pure_pursuit]: lap 89: 6.53 s[0m
[localization_error-8] [0m[INFO] [1789222152.765516555] [localization_error]: now[200] 0.229 m / 1.51 deg  |  session[n=11588] mean 0.237 p95 0.536 max 0.917 m, heading mean 1.60 max 7.41 deg[0m
[log_localization-9] [0m[INFO] [1789222155.408295496] [log_localization]:  585.0 s  2490.0 m  err 0.107 m (along +0.101 cross -0.034) yaw  -0.92 deg  m->o yaw  -0.97 deg | fit true 0.051 est 0.066 (x1.30)  enc/true 1.019  dr_err 11.13 m[0m
[localization_error-8] [0m[INFO] [1789222157.765682139] [localization_error]: now[200] 0.230 m / 1.61 deg  |  session[n=11688] mean 0.237 p95 0.537 max 0.917 m, heading mean 1.60 max 7.41 deg[0m
[pure_pursuit-11] [0m[INFO] [1789222158.828304764] [pure_pursuit]: lap 90: 6.49 s[0m
[log_localization-9] [0m[INFO] [1789222160.408162968] [log_localization]:  589.9 s  2512.7 m  err 0.089 m (along -0.089 cross -0.007) yaw  +1.97 deg  m->o yaw  +2.02 deg | fit true 0.021 est 0.013 (x0.59)  enc/true 1.019  dr_err 11.22 m[0m
[localization_error-8] [0m[INFO] [1789222162.765662946] [localization_error]: now[200] 0.253 m / 1.54 deg  |  session[n=11788] mean 0.237 p95 0.537 max 0.917 m, heading mean 1.60 max 7.41 deg[0m
[pure_pursuit-11] [0m[INFO] [1789222165.342529086] [pure_pursuit]: lap 91: 6.51 s[0m
[log_localization-9] [0m[INFO] [1789222165.408710323] [log_localization]:  595.0 s  2531.7 m  err 0.131 m (along +0.121 cross -0.050) yaw  -1.34 deg  m->o yaw  -1.29 deg | fit true 0.013 est 0.031 (x2.34)  enc/true 1.019  dr_err 11.42 m[0m
[localization_error-8] [0m[INFO] [1789222167.765595736] [localization_error]: now[200] 0.242 m / 1.57 deg  |  session[n=11888] mean 0.237 p95 0.538 max 0.917 m, heading mean 1.60 max 7.41 deg[0m
[log_localization-9] [0m[INFO] [1789222170.408368971] [log_localization]:  599.9 s  2554.5 m  err 0.260 m (along -0.260 cross -0.002) yaw  +4.41 deg  m->o yaw  +2.39 deg | fit true 0.017 est 0.017 (x1.04)  enc/true 1.019  dr_err 11.40 m[0m
[pure_pursuit-11] [0m[INFO] [1789222171.892847177] [pure_pursuit]: lap 92: 6.57 s[0m
[localization_error-8] [0m[INFO] [1789222172.766767926] [localization_error]: now[200] 0.236 m / 1.76 deg  |  session[n=11988] mean 0.237 p95 0.537 max 0.917 m, heading mean 1.61 max 7.41 deg[0m
[log_localization-9] [0m[INFO] [1789222175.408268961] [log_localization]:  605.0 s  2575.1 m  err 0.106 m (along +0.105 cross -0.013) yaw  +0.16 deg  m->o yaw  +0.23 deg | fit true 0.047 est 0.044 (x0.94)  enc/true 1.019  dr_err 11.61 m[0m
[localization_error-8] [0m[INFO] [1789222177.765690506] [localization_error]: now[200] 0.228 m / 1.75 deg  |  session[n=12088] mean 0.237 p95 0.537 max 0.917 m, heading mean 1.61 max 7.41 deg[0m
[pure_pursuit-11] [0m[INFO] [1789222178.425394641] [pure_pursuit]: lap 93: 6.53 s[0m
[log_localization-9] [0m[INFO] [1789222180.408804192] [log_localization]:  610.0 s  2597.8 m  err 0.063 m (along -0.062 cross -0.007) yaw  +1.83 deg  m->o yaw  +1.88 deg | fit true 0.030 est 0.031 (x1.04)  enc/true 1.019  dr_err 11.65 m[0m
[localization_error-8] [0m[INFO] [1789222182.765576185] [localization_error]: now[200] 0.229 m / 1.67 deg  |  session[n=12188] mean 0.237 p95 0.537 max 0.917 m, heading mean 1.61 max 7.41 deg[0m
[pure_pursuit-11] [0m[INFO] [1789222184.940977000] [pure_pursuit]: lap 94: 6.52 s[0m
[log_localization-9] [0m[INFO] [1789222185.408254564] [log_localization]:  614.9 s  2617.1 m  err 0.187 m (along +0.186 cross -0.017) yaw  +0.36 deg  m->o yaw  +0.37 deg | fit true 0.009 est 0.020 (x2.22)  enc/true 1.019  dr_err 11.78 m[0m
[localization_error-8] [0m[INFO] [1789222187.765464427] [localization_error]: now[200] 0.219 m / 1.48 deg  |  session[n=12288] mean 0.237 p95 0.537 max 0.917 m, heading mean 1.60 max 7.41 deg[0m
[log_localization-9] [0m[INFO] [1789222190.408299092] [log_localization]:  619.9 s  2639.6 m  err 0.067 m (along -0.066 cross +0.004) yaw  +2.63 deg  m->o yaw  +2.95 deg | fit true 0.018 est 0.021 (x1.18)  enc/true 1.019  dr_err 11.86 m[0m
[pure_pursuit-11] [0m[INFO] [1789222191.408355340] [pure_pursuit]: lap 95: 6.45 s[0m
[localization_error-8] [0m[INFO] [1789222192.765728358] [localization_error]: now[200] 0.247 m / 1.55 deg  |  session[n=12388] mean 0.237 p95 0.537 max 0.917 m, heading mean 1.61 max 7.41 deg[0m
[log_localization-9] [0m[INFO] [1789222195.408874725] [log_localization]:  625.0 s  2660.8 m  err 0.016 m (along +0.012 cross -0.010) yaw  -1.13 deg  m->o yaw  -1.10 deg | fit true 0.012 est 0.014 (x1.15)  enc/true 1.019  dr_err 11.96 m[0m
[localization_error-8] [0m[INFO] [1789222197.765867596] [localization_error]: now[200] 0.232 m / 1.80 deg  |  session[n=12488] mean 0.237 p95 0.537 max 0.917 m, heading mean 1.61 max 7.41 deg[0m
[pure_pursuit-11] [0m[INFO] [1789222197.892147968] [pure_pursuit]: lap 96: 6.50 s[0m
[log_localization-9] [0m[INFO] [1789222200.408668800] [log_localization]:  630.0 s  2682.9 m  err 0.015 m (along -0.012 cross -0.009) yaw  +1.07 deg  m->o yaw  +0.75 deg | fit true 0.012 est 0.019 (x1.49)  enc/true 1.019  dr_err 12.03 m[0m
[localization_error-8] [0m[INFO] [1789222202.765727127] [localization_error]: now[200] 0.219 m / 1.66 deg  |  session[n=12588] mean 0.237 p95 0.537 max 0.917 m, heading mean 1.61 max 7.41 deg[0m
[pure_pursuit-11] [0m[INFO] [1789222204.360639157] [pure_pursuit]: lap 97: 6.47 s[0m
[log_localization-9] [0m[INFO] [1789222205.408230034] [log_localization]:  634.9 s  2704.0 m  err 0.157 m (along +0.156 cross -0.006) yaw  -0.19 deg  m->o yaw  -0.26 deg | fit true 0.004 est 0.007 (x1.82)  enc/true 1.019  dr_err 12.12 m[0m
[pure_pursuit-11] [0m[INFO] [1789222205.702784907] [pure_pursuit]: control_hz 46.8 -> 41.5 (tick 41.5 Hz)[0m
[pure_pursuit-11] [0m[INFO] [1789222207.702994618] [pure_pursuit]: control_hz 41.5 -> 47.9 (tick 47.9 Hz)[0m
[localization_error-8] [0m[INFO] [1789222207.766140405] [localization_error]: now[200] 0.238 m / 1.54 deg  |  session[n=12688] mean 0.237 p95 0.536 max 0.917 m, heading mean 1.61 max 7.41 deg[0m
[log_localization-9] [0m[INFO] [1789222210.408349382] [log_localization]:  639.9 s  2724.5 m  err 0.019 m (along +0.017 cross -0.010) yaw  +1.35 deg  m->o yaw  +1.25 deg | fit true 0.009 est 0.011 (x1.33)  enc/true 1.019  dr_err 12.29 m[0m
[pure_pursuit-11] [0m[INFO] [1789222210.892768085] [pure_pursuit]: lap 98: 6.52 s[0m
[localization_error-8] [0m[INFO] [1789222212.765561936] [localization_error]: now[200] 0.244 m / 1.53 deg  |  session[n=12788] mean 0.237 p95 0.536 max 0.917 m, heading mean 1.61 max 7.41 deg[0m
[log_localization-9] [0m[INFO] [1789222215.408199478] [log_localization]:  644.9 s  2746.6 m  err 0.129 m (along +0.128 cross +0.014) yaw  +0.66 deg  m->o yaw  +0.50 deg | fit true 0.012 est 0.030 (x2.43)  enc/true 1.019  dr_err 12.32 m[0m
[pure_pursuit-11] [0m[INFO] [1789222217.384349270] [pure_pursuit]: lap 99: 6.50 s[0m
[localization_error-8] [0m[INFO] [1789222217.765624624] [localization_error]: now[200] 0.240 m / 1.58 deg  |  session[n=12888] mean 0.237 p95 0.536 max 0.917 m, heading mean 1.61 max 7.41 deg[0m
[log_localization-9] [0m[INFO] [1789222220.408697362] [log_localization]:  650.0 s  2767.8 m  err 0.131 m (along +0.127 cross -0.034) yaw  -1.69 deg  m->o yaw  -1.65 deg | fit true 0.060 est 0.088 (x1.46)  enc/true 1.019  dr_err 12.41 m[0m
[localization_error-8] [0m[INFO] [1789222222.767213787] [localization_error]: now[200] 0.233 m / 1.70 deg  |  session[n=12988] mean 0.237 p95 0.536 max 0.917 m, heading mean 1.61 max 7.41 deg[0m
[pure_pursuit-11] [0m[INFO] [1789222223.874138829] [pure_pursuit]: lap 100: 6.48 s[0m
[log_localization-9] [0m[INFO] [1789222225.408340014] [log_localization]:  654.9 s  2790.5 m  err 0.111 m (along -0.111 cross +0.001) yaw  +0.86 deg  m->o yaw  +0.94 deg | fit true 0.020 est 0.019 (x0.96)  enc/true 1.019  dr_err 12.52 m[0m
[localization_error-8] [0m[INFO] [1789222227.765930032] [localization_error]: now[200] 0.256 m / 1.87 deg  |  session[n=13088] mean 0.237 p95 0.536 max 0.917 m, heading mean 1.61 max 7.41 deg[0m
[pure_pursuit-11] [0m[INFO] [1789222230.387795180] [pure_pursuit]: lap 101: 6.51 s[0m
[log_localization-9] [0m[INFO] [1789222230.408777284] [log_localization]:  660.0 s  2809.7 m  err 0.081 m (along +0.073 cross -0.036) yaw  -0.02 deg  m->o yaw  +0.30 deg | fit true 0.016 est 0.015 (x0.89)  enc/true 1.019  dr_err 12.70 m[0m
[localization_error-8] [0m[INFO] [1789222232.765716688] [localization_error]: now[200] 0.243 m / 1.64 deg  |  session[n=13188] mean 0.237 p95 0.537 max 0.917 m, heading mean 1.61 max 7.41 deg[0m
[log_localization-9] [0m[INFO] [1789222235.408175673] [log_localization]:  664.9 s  2832.6 m  err 0.143 m (along -0.143 cross -0.006) yaw  +2.22 deg  m->o yaw  +2.06 deg | fit true 0.012 est 0.003 (x0.28)  enc/true 1.019  dr_err 12.70 m[0m
[pure_pursuit-11] [0m[INFO] [1789222236.891841001] [pure_pursuit]: lap 102: 6.51 s[0m
[localization_error-8] [0m[INFO] [1789222237.765725101] [localization_error]: now[200] 0.236 m / 1.53 deg  |  session[n=13288] mean 0.237 p95 0.536 max 0.917 m, heading mean 1.61 max 7.41 deg[0m
[log_localization-9] [0m[INFO] [1789222240.408252298] [log_localization]:  669.9 s  2853.1 m  err 0.126 m (along +0.124 cross -0.024) yaw  -0.25 deg  m->o yaw  -0.11 deg | fit true 0.049 est 0.044 (x0.88)  enc/true 1.019  dr_err 12.85 m[0m
[localization_error-8] [0m[INFO] [1789222242.766319597] [localization_error]: now[200] 0.221 m / 1.69 deg  |  session[n=13388] mean 0.237 p95 0.536 max 0.917 m, heading mean 1.61 max 7.41 deg[0m
[pure_pursuit-11] [0m[INFO] [1789222243.410368361] [pure_pursuit]: lap 103: 6.52 s[0m
[log_localization-9] [0m[INFO] [1789222245.409036323] [log_localization]:  675.0 s  2876.1 m  err 0.076 m (along -0.076 cross +0.002) yaw  +2.50 deg  m->o yaw  +2.43 deg | fit true 0.030 est 0.027 (x0.90)  enc/true 1.019  dr_err 12.90 m[0m
[localization_error-8] [0m[INFO] [1789222247.766017590] [localization_error]: now[200] 0.235 m / 1.73 deg  |  session[n=13488] mean 0.237 p95 0.536 max 0.917 m, heading mean 1.61 max 7.41 deg[0m
[pure_pursuit-11] [0m[INFO] [1789222249.941029418] [pure_pursuit]: lap 104: 6.52 s[0m
[log_localization-9] [0m[INFO] [1789222250.408184272] [log_localization]:  679.9 s  2895.4 m  err 0.208 m (along +0.208 cross -0.010) yaw  +1.10 deg  m->o yaw  +1.08 deg | fit true 0.023 est 0.026 (x1.10)  enc/true 1.019  dr_err 13.03 m[0m
[localization_error-8] [0m[INFO] [1789222252.765523382] [localization_error]: now[200] 0.251 m / 1.59 deg  |  session[n=13588] mean 0.237 p95 0.537 max 0.917 m, heading mean 1.61 max 7.41 deg[0m
[log_localization-9] [0m[INFO] [1789222255.408754553] [log_localization]:  685.0 s  2917.7 m  err 0.105 m (along -0.105 cross -0.004) yaw  +4.12 deg  m->o yaw  +3.90 deg | fit true 0.028 est 0.017 (x0.60)  enc/true 1.019  dr_err 13.09 m[0m
[pure_pursuit-11] [0m[INFO] [1789222256.474263599] [pure_pursuit]: lap 105: 6.54 s[0m
[localization_error-8] [0m[INFO] [1789222257.766474635] [localization_error]: now[200] 0.257 m / 1.58 deg  |  session[n=13688] mean 0.237 p95 0.537 max 0.917 m, heading mean 1.61 max 7.41 deg[0m
[log_localization-9] [0m[INFO] [1789222260.408522362] [log_localization]:  689.9 s  2938.8 m  err 0.099 m (along +0.099 cross -0.002) yaw  +0.24 deg  m->o yaw  +0.43 deg | fit true 0.021 est 0.025 (x1.23)  enc/true 1.019  dr_err 13.22 m[0m
[localization_error-8] [0m[INFO] [1789222262.765669515] [localization_error]: now[200] 0.225 m / 1.67 deg  |  session[n=13788] mean 0.237 p95 0.536 max 0.917 m, heading mean 1.61 max 7.41 deg[0m
[pure_pursuit-11] [0m[INFO] [1789222263.005705106] [pure_pursuit]: lap 106: 6.53 s[0m
[log_localization-9] [0m[INFO] [1789222265.408203175] [log_localization]:  694.9 s  2960.9 m  err 0.011 m (along -0.004 cross +0.011) yaw  +1.44 deg  m->o yaw  +1.22 deg | fit true 0.022 est 0.021 (x0.93)  enc/true 1.019  dr_err 13.25 m[0m
[pure_pursuit-11] [0m[INFO] [1789222267.702627273] [pure_pursuit]: control_hz 47.9 -> 41.0 (tick 41.0 Hz)[0m
[localization_error-8] [0m[INFO] [1789222267.765744042] [localization_error]: now[200] 0.221 m / 1.57 deg  |  session[n=13888] mean 0.237 p95 0.536 max 0.917 m, heading mean 1.61 max 7.41 deg[0m
[pure_pursuit-11] [0m[INFO] [1789222269.499756471] [pure_pursuit]: lap 107: 6.50 s[0m
[log_localization-9] [0m[INFO] [1789222270.408238960] [log_localization]:  699.9 s  2981.4 m  err 0.279 m (along +0.278 cross -0.024) yaw  -0.88 deg  m->o yaw  -0.93 deg | fit true 0.004 est 0.025 (x5.96)  enc/true 1.019  dr_err 13.37 m[0m
[pure_pursuit-11] [0m[INFO] [1789222272.702730082] [pure_pursuit]: control_hz 41.0 -> 46.1 (tick 46.1 Hz)[0m
[localization_error-8] [0m[INFO] [1789222272.765654247] [localization_error]: now[200] 0.247 m / 1.61 deg  |  session[n=13988] mean 0.237 p95 0.536 max 0.917 m, heading mean 1.61 max 7.41 deg[0m
[log_localization-9] [0m[INFO] [1789222275.408276371] [log_localization]:  705.0 s  3002.3 m  err 0.015 m (along -0.007 cross -0.013) yaw  +1.36 deg  m->o yaw  +0.95 deg | fit true 0.022 est 0.012 (x0.56)  enc/true 1.019  dr_err 13.52 m[0m
[pure_pursuit-11] [0m[INFO] [1789222276.073015934] [pure_pursuit]: lap 108: 6.56 s[0m
[localization_error-8] [0m[INFO] [1789222277.767112577] [localization_error]: now[200] 0.247 m / 1.59 deg  |  session[n=14088] mean 0.237 p95 0.536 max 0.917 m, heading mean 1.61 max 7.41 deg[0m
[log_localization-9] [0m[INFO] [1789222280.408303399] [log_localization]:  709.9 s  3024.2 m  err 0.130 m (along +0.128 cross +0.019) yaw  +0.88 deg  m->o yaw  +0.66 deg | fit true 0.008 est 0.025 (x3.19)  enc/true 1.019  dr_err 13.60 m[0m
[pure_pursuit-11] [0m[INFO] [1789222282.582430032] [pure_pursuit]: lap 109: 6.51 s[0m
[localization_error-8] [0m[INFO] [1789222282.766177320] [localization_error]: now[200] 0.231 m / 1.66 deg  |  session[n=14188] mean 0.237 p95 0.536 max 0.917 m, heading mean 1.61 max 7.41 deg[0m
[log_localization-9] [0m[INFO] [1789222285.408282619] [log_localization]:  714.9 s  3045.6 m  err 0.042 m (along +0.037 cross -0.020) yaw  -0.17 deg  m->o yaw  -0.20 deg | fit true 0.032 est 0.036 (x1.12)  enc/true 1.019  dr_err 13.67 m[0m
[localization_error-8] [0m[INFO] [1789222287.765544617] [localization_error]: now[200] 0.231 m / 1.62 deg  |  session[n=14288] mean 0.237 p95 0.536 max 0.917 m, heading mean 1.61 max 7.41 deg[0m
[pure_pursuit-11] [0m[INFO] [1789222289.094230510] [pure_pursuit]: lap 110: 6.52 s[0m
[log_localization-9] [0m[INFO] [1789222290.408272374] [log_localization]:  720.0 s  3067.9 m  err 0.203 m (along -0.203 cross -0.002) yaw  +0.72 deg  m->o yaw  +0.93 deg | fit true 0.017 est 0.017 (x1.03)  enc/true 1.019  dr_err 13.80 m[0m
[localization_error-8] [0m[INFO] [1789222292.766781551] [localization_error]: now[200] 0.247 m / 1.60 deg  |  session[n=14388] mean 0.237 p95 0.536 max 0.917 m, heading mean 1.61 max 7.41 deg[0m
[log_localization-9] [0m[INFO] [1789222295.408585672] [log_localization]:  725.0 s  3087.3 m  err 0.024 m (along +0.013 cross -0.020) yaw  +0.26 deg  m->o yaw  +0.07 deg | fit true 0.024 est 0.017 (x0.71)  enc/true 1.019  dr_err 13.99 m[0m
[pure_pursuit-11] [0m[INFO] [1789222295.627940912] [pure_pursuit]: lap 111: 6.52 s[0m
[localization_error-8] [0m[INFO] [1789222297.766074756] [localization_error]: now[200] 0.231 m / 1.45 deg  |  session[n=14488] mean 0.237 p95 0.536 max 0.917 m, heading mean 1.61 max 7.41 deg[0m
[log_localization-9] [0m[INFO] [1789222300.408852243] [log_localization]:  730.0 s  3110.0 m  err 0.012 m (along -0.007 cross +0.010) yaw  +0.07 deg  m->o yaw  +0.15 deg | fit true 0.012 est 0.014 (x1.18)  enc/true 1.019  dr_err 13.99 m[0m
[pure_pursuit-11] [0m[INFO] [1789222302.095103603] [pure_pursuit]: lap 112: 6.49 s[0m
[localization_error-8] [0m[INFO] [1789222302.766371475] [localization_error]: now[200] 0.230 m / 1.38 deg  |  session[n=14588] mean 0.237 p95 0.536 max 0.917 m, heading mean 1.61 max 7.41 deg[0m
[log_localization-9] [0m[INFO] [1789222305.408796502] [log_localization]:  735.0 s  3130.9 m  err 0.108 m (along +0.101 cross -0.037) yaw  -1.46 deg  m->o yaw  -1.42 deg | fit true 0.065 est 0.075 (x1.15)  enc/true 1.019  dr_err 14.11 m[0m
[localization_error-8] [0m[INFO] [1789222307.765594041] [localization_error]: now[200] 0.231 m / 1.59 deg  |  session[n=14688] mean 0.237 p95 0.536 max 0.917 m, heading mean 1.61 max 7.41 deg[0m
[pure_pursuit-11] [0m[INFO] [1789222308.586977680] [pure_pursuit]: lap 113: 6.48 s[0m
[log_localization-9] [0m[INFO] [1789222310.408700526] [log_localization]:  739.9 s  3153.9 m  err 0.114 m (along -0.111 cross -0.023) yaw  +2.39 deg  m->o yaw  +2.30 deg | fit true 0.041 est 0.037 (x0.92)  enc/true 1.019  dr_err 14.18 m[0m
[localization_error-8] [0m[INFO] [1789222312.766079233] [localization_error]: now[200] 0.251 m / 1.68 deg  |  session[n=14788] mean 0.237 p95 0.536 max 0.917 m, heading mean 1.61 max 7.41 deg[0m
[pure_pursuit-11] [0m[INFO] [1789222315.090819977] [pure_pursuit]: lap 114: 6.49 s[0m
[log_localization-9] [0m[INFO] [1789222315.408500428] [log_localization]:  744.9 s  3173.0 m  err 0.223 m (along +0.215 cross -0.056) yaw  -1.49 deg  m->o yaw  -1.34 deg | fit true 0.010 est 0.045 (x4.58)  enc/true 1.019  dr_err 14.32 m[0m
[localization_error-8] [0m[INFO] [1789222317.765819404] [localization_error]: now[200] 0.247 m / 1.57 deg  |  session[n=14888] mean 0.237 p95 0.536 max 0.917 m, heading mean 1.61 max 7.41 deg[0m
[log_localization-9] [0m[INFO] [1789222320.408211693] [log_localization]:  749.9 s  3195.7 m  err 0.072 m (along -0.072 cross +0.006) yaw  +3.45 deg  m->o yaw  +3.62 deg | fit true 0.028 est 0.028 (x0.99)  enc/true 1.019  dr_err 14.39 m[0m
[pure_pursuit-11] [0m[INFO] [1789222321.590246982] [pure_pursuit]: lap 115: 6.51 s[0m
[localization_error-8] [0m[INFO] [1789222322.765748985] [localization_error]: now[200] 0.252 m / 1.62 deg  |  session[n=14988] mean 0.237 p95 0.537 max 0.917 m, heading mean 1.61 max 7.41 deg[0m
[log_localization-9] [0m[INFO] [1789222325.408201073] [log_localization]:  754.9 s  3216.7 m  err 0.084 m (along +0.083 cross -0.014) yaw  -0.16 deg  m->o yaw  +0.09 deg | fit true 0.023 est 0.021 (x0.90)  enc/true 1.019  dr_err 14.51 m[0m
[localization_error-8] [0m[INFO] [1789222327.765644561] [localization_error]: now[200] 0.235 m / 1.81 deg  |  session[n=15088] mean 0.237 p95 0.536 max 0.917 m, heading mean 1.61 max 7.41 deg[0m
[pure_pursuit-11] [0m[INFO] [1789222328.073049655] [pure_pursuit]: lap 116: 6.48 s[0m
[log_localization-9] [0m[INFO] [1789222330.408265306] [log_localization]:  759.9 s  3239.0 m  err 0.055 m (along -0.054 cross +0.005) yaw  +2.55 deg  m->o yaw  +2.20 deg | fit true 0.025 est 0.022 (x0.91)  enc/true 1.019  dr_err 14.58 m[0m
[localization_error-8] [0m[INFO] [1789222332.765783621] [localization_error]: now[200] 0.234 m / 1.77 deg  |  session[n=15188] mean 0.237 p95 0.536 max 0.917 m, heading mean 1.61 max 7.41 deg[0m
[pure_pursuit-11] [0m[INFO] [1789222334.561579266] [pure_pursuit]: lap 117: 6.49 s[0m
[log_localization-9] [0m[INFO] [1789222335.408844171] [log_localization]:  765.0 s  3259.4 m  err 0.126 m (along +0.126 cross -0.002) yaw  -0.95 deg  m->o yaw  -0.82 deg | fit true 0.006 est 0.026 (x4.73)  enc/true 1.019  dr_err 14.66 m[0m
[localization_error-8] [0m[INFO] [1789222337.765730558] [localization_error]: now[200] 0.242 m / 1.71 deg  |  session[n=15288] mean 0.237 p95 0.536 max 0.917 m, heading mean 1.61 max 7.41 deg[0m
[log_localization-9] [0m[INFO] [1789222340.408334168] [log_localization]:  769.9 s  3280.6 m  err 0.025 m (along -0.025 cross -0.002) yaw  +1.45 deg  m->o yaw  +1.56 deg | fit true 0.022 est 0.017 (x0.78)  enc/true 1.019  dr_err 14.77 m[0m
[pure_pursuit-11] [0m[INFO] [1789222341.073508454] [pure_pursuit]: lap 118: 6.50 s[0m
[localization_error-8] [0m[INFO] [1789222342.765698821] [localization_error]: now[200] 0.245 m / 1.71 deg  |  session[n=15388] mean 0.237 p95 0.537 max 0.917 m, heading mean 1.61 max 7.41 deg[0m
[log_localization-9] [0m[INFO] [1789222345.408704919] [log_localization]:  774.9 s  3302.4 m  err 0.037 m (along +0.037 cross -0.002) yaw  -0.74 deg  m->o yaw  -0.75 deg | fit true 0.009 est 0.008 (x0.96)  enc/true 1.019  dr_err 14.83 m[0m
[pure_pursuit-11] [0m[INFO] [1789222347.560875920] [pure_pursuit]: lap 119: 6.50 s[0m
[localization_error-8] [0m[INFO] [1789222347.765908784] [localization_error]: now[200] 0.235 m / 1.68 deg  |  session[n=15488] mean 0.237 p95 0.536 max 0.917 m, heading mean 1.61 max 7.41 deg[0m
[log_localization-9] [0m[INFO] [1789222350.408241742] [log_localization]:  779.9 s  3323.9 m  err 0.093 m (along +0.086 cross -0.034) yaw  -2.01 deg  m->o yaw  -2.01 deg | fit true 0.033 est 0.046 (x1.40)  enc/true 1.019  dr_err 14.89 m[0m
[localization_error-8] [0m[INFO] [1789222352.766082635] [localization_error]: now[200] 0.229 m / 1.57 deg  |  session[n=15588] mean 0.237 p95 0.536 max 0.917 m, heading mean 1.61 max 7.41 deg[0m
[pure_pursuit-11] [0m[INFO] [1789222353.703005614] [pure_pursuit]: control_hz 46.1 -> 40.6 (tick 40.6 Hz)[0m
[pure_pursuit-11] [0m[INFO] [1789222354.049958172] [pure_pursuit]: lap 120: 6.48 s[0m
[pure_pursuit-11] [0m[INFO] [1789222354.702735669] [pure_pursuit]: control_hz 40.6 -> 45.7 (tick 45.7 Hz)[0m
[log_localization-9] [0m[INFO] [1789222355.408406561] [log_localization]:  785.0 s  3346.0 m  err 0.069 m (along -0.069 cross +0.002) yaw  +1.24 deg  m->o yaw  +1.47 deg | fit true 0.013 est 0.005 (x0.38)  enc/true 1.019  dr_err 14.97 m[0m
[localization_error-8] [0m[INFO] [1789222357.765753952] [localization_error]: now[200] 0.240 m / 1.56 deg  |  session[n=15688] mean 0.237 p95 0.536 max 0.917 m, heading mean 1.61 max 7.41 deg[0m
[log_localization-9] [0m[INFO] [1789222360.408799617] [log_localization]:  790.0 s  3365.6 m  err 0.078 m (along +0.066 cross -0.041) yaw  -1.16 deg  m->o yaw  -0.95 deg | fit true 0.015 est 0.024 (x1.57)  enc/true 1.019  dr_err 15.23 m[0m
[pure_pursuit-11] [0m[INFO] [1789222360.558988664] [pure_pursuit]: lap 121: 6.52 s[0m
[localization_error-8] [0m[INFO] [1789222362.765690949] [localization_error]: now[200] 0.230 m / 1.56 deg  |  session[n=15788] mean 0.237 p95 0.536 max 0.917 m, heading mean 1.61 max 7.41 deg[0m
[log_localization-9] [0m[INFO] [1789222365.408323460] [log_localization]:  795.0 s  3388.4 m  err 0.020 m (along -0.017 cross +0.010) yaw  +1.09 deg  m->o yaw  +1.19 deg | fit true 0.009 est 0.018 (x2.07)  enc/true 1.019  dr_err 15.23 m[0m
[pure_pursuit-11] [0m[INFO] [1789222367.094873131] [pure_pursuit]: lap 122: 6.51 s[0m
[localization_error-8] [0m[INFO] [1789222367.765734787] [localization_error]: now[200] 0.230 m / 1.70 deg  |  session[n=15888] mean 0.237 p95 0.536 max 0.917 m, heading mean 1.61 max 7.41 deg[0m
[log_localization-9] [0m[INFO] [1789222370.408194900] [log_localization]:  799.9 s  3408.9 m  err 0.097 m (along +0.094 cross -0.024) yaw  -0.84 deg  m->o yaw  -0.60 deg | fit true 0.062 est 0.072 (x1.16)  enc/true 1.019  dr_err 15.32 m[0m
[localization_error-8] [0m[INFO] [1789222372.766342719] [localization_error]: now[200] 0.234 m / 1.71 deg  |  session[n=15988] mean 0.237 p95 0.536 max 0.917 m, heading mean 1.61 max 7.41 deg[0m
[pure_pursuit-11] [0m[INFO] [1789222373.611496406] [pure_pursuit]: lap 123: 6.53 s[0m
[log_localization-9] [0m[INFO] [1789222375.408333049] [log_localization]:  804.9 s  3431.9 m  err 0.110 m (along -0.110 cross -0.004) yaw  +3.24 deg  m->o yaw  +2.64 deg | fit true 0.037 est 0.012 (x0.32)  enc/true 1.019  dr_err 15.40 m[0m
[localization_error-8] [0m[INFO] [1789222377.765772443] [localization_error]: now[200] 0.249 m / 1.55 deg  |  session[n=16088] mean 0.237 p95 0.536 max 0.917 m, heading mean 1.61 max 7.41 deg[0m
[pure_pursuit-11] [0m[INFO] [1789222380.136676856] [pure_pursuit]: lap 124: 6.53 s[0m
[log_localization-9] [0m[INFO] [1789222380.408183269] [log_localization]:  809.9 s  3450.9 m  err 0.115 m (along +0.111 cross -0.030) yaw  -0.16 deg  m->o yaw  -0.10 deg | fit true 0.013 est 0.022 (x1.66)  enc/true 1.019  dr_err 15.59 m[0m
[localization_error-8] [0m[INFO] [1789222382.766019488] [localization_error]: now[200] 0.240 m / 1.40 deg  |  session[n=16188] mean 0.237 p95 0.537 max 0.917 m, heading mean 1.61 max 7.41 deg[0m
[log_localization-9] [0m[INFO] [1789222385.408782809] [log_localization]:  815.0 s  3473.6 m  err 0.147 m (along -0.147 cross -0.015) yaw  +2.92 deg  m->o yaw  +2.78 deg | fit true 0.024 est 0.004 (x0.18)  enc/true 1.019  dr_err 15.60 m[0m
[pure_pursuit-11] [0m[INFO] [1789222386.646771414] [pure_pursuit]: lap 125: 6.51 s[0m
[localization_error-8] [0m[INFO] [1789222387.765985453] [localization_error]: now[200] 0.257 m / 1.63 deg  |  session[n=16288] mean 0.238 p95 0.537 max 0.917 m, heading mean 1.61 max 7.41 deg[0m
[log_localization-9] [0m[INFO] [1789222390.409007380] [log_localization]:  820.0 s  3494.6 m  err 0.119 m (along +0.119 cross -0.005) yaw  +0.03 deg  m->o yaw  +0.19 deg | fit true 0.024 est 0.039 (x1.61)  enc/true 1.019  dr_err 15.74 m[0m
[localization_error-8] [0m[INFO] [1789222392.765776469] [localization_error]: now[200] 0.240 m / 1.85 deg  |  session[n=16388] mean 0.237 p95 0.537 max 0.917 m, heading mean 1.61 max 7.41 deg[0m
[pure_pursuit-11] [0m[INFO] [1789222393.138307170] [pure_pursuit]: lap 126: 6.50 s[0m
[log_localization-9] [0m[INFO] [1789222395.408452845] [log_localization]:  825.0 s  3517.0 m  err 0.015 m (along -0.013 cross +0.007) yaw  +1.68 deg  m->o yaw  +1.71 deg | fit true 0.025 est 0.023 (x0.95)  enc/true 1.019  dr_err 15.76 m[0m
[localization_error-8] [0m[INFO] [1789222397.765753213] [localization_error]: now[200] 0.242 m / 1.76 deg  |  session[n=16488] mean 0.238 p95 0.537 max 0.917 m, heading mean 1.61 max 7.41 deg[0m
[pure_pursuit-11] [0m[INFO] [1789222399.647999332] [pure_pursuit]: lap 127: 6.50 s[0m
[log_localization-9] [0m[INFO] [1789222400.408283838] [log_localization]:  829.9 s  3537.1 m  err 0.211 m (along +0.211 cross +0.000) yaw  -0.38 deg  m->o yaw  -0.32 deg | fit true 0.000 est 0.020 (x213.32)  enc/true 1.019  dr_err 15.86 m[0m
[localization_error-8] [0m[INFO] [1789222402.766106015] [localization_error]: now[200] 0.244 m / 1.78 deg  |  session[n=16588] mean 0.237 p95 0.537 max 0.917 m, heading mean 1.61 max 7.41 deg[0m
[log_localization-9] [0m[INFO] [1789222405.408262502] [log_localization]:  835.0 s  3558.6 m  err 0.068 m (along -0.067 cross -0.013) yaw  +4.83 deg  m->o yaw  +5.20 deg | fit true 0.019 est 0.016 (x0.82)  enc/true 1.019  dr_err 15.98 m[0m
[pure_pursuit-11] [0m[INFO] [1789222405.702966419] [pure_pursuit]: control_hz 45.7 -> 40.5 (tick 40.5 Hz)[0m
[pure_pursuit-11] [0m[INFO] [1789222406.159746753] [pure_pursuit]: lap 128: 6.50 s[0m
[pure_pursuit-11] [0m[INFO] [1789222406.702831031] [pure_pursuit]: control_hz 40.5 -> 45.9 (tick 45.9 Hz)[0m
[localization_error-8] [0m[INFO] [1789222407.766168714] [localization_error]: now[200] 0.233 m / 1.60 deg  |  session[n=16688] mean 0.238 p95 0.537 max 0.917 m, heading mean 1.61 max 7.41 deg[0m
[log_localization-9] [0m[INFO] [1789222410.408406230] [log_localization]:  840.0 s  3580.2 m  err 0.044 m (along +0.044 cross -0.004) yaw  -1.09 deg  m->o yaw  -0.95 deg | fit true 0.010 est 0.014 (x1.39)  enc/true 1.019  dr_err 16.05 m[0m
[pure_pursuit-11] [0m[INFO] [1789222412.652693845] [pure_pursuit]: lap 129: 6.51 s[0m
[localization_error-8] [0m[INFO] [1789222412.766419086] [localization_error]: now[200] 0.229 m / 1.71 deg  |  session[n=16788] mean 0.237 p95 0.537 max 0.917 m, heading mean 1.61 max 7.41 deg[0m
[log_localization-9] [0m[INFO] [1789222415.408318410] [log_localization]:  845.0 s  3601.8 m  err 0.098 m (along +0.093 cross -0.031) yaw  -1.63 deg  m->o yaw  -1.32 deg | fit true 0.018 est 0.033 (x1.88)  enc/true 1.019  dr_err 16.09 m[0m
[localization_error-8] [0m[INFO] [1789222417.765884905] [localization_error]: now[200] 0.244 m / 1.81 deg  |  session[n=16888] mean 0.238 p95 0.537 max 0.917 m, heading mean 1.62 max 7.41 deg[0m
[pure_pursuit-11] [0m[INFO] [1789222419.161234216] [pure_pursuit]: lap 130: 6.50 s[0m
[pure_pursuit-11] [0m[INFO] [1789222419.702685587] [pure_pursuit]: control_hz 45.9 -> 41.3 (tick 41.3 Hz)[0m
[log_localization-9] [0m[INFO] [1789222420.408163035] [log_localization]:  849.9 s  3623.7 m  err 0.020 m (along -0.020 cross +0.005) yaw  +1.38 deg  m->o yaw  +1.55 deg | fit true 0.008 est 0.002 (x0.27)  enc/true 1.019  dr_err 16.19 m[0m
[pure_pursuit-11] [0m[INFO] [1789222420.703050765] [pure_pursuit]: control_hz 41.3 -> 47.8 (tick 47.8 Hz)[0m
[localization_error-8] [0m[INFO] [1789222422.765883658] [localization_error]: now[200] 0.260 m / 1.68 deg  |  session[n=16988] mean 0.238 p95 0.537 max 0.917 m, heading mean 1.62 max 7.41 deg[0m
[log_localization-9] [0m[INFO] [1789222425.408305254] [log_localization]:  855.0 s  3643.4 m  err 0.052 m (along +0.048 cross -0.021) yaw  +0.96 deg  m->o yaw  +1.05 deg | fit true 0.011 est 0.004 (x0.32)  enc/true 1.019  dr_err 16.40 m[0m
[pure_pursuit-11] [0m[INFO] [1789222425.698004490] [pure_pursuit]: lap 131: 6.54 s[0m
[localization_error-8] [0m[INFO] [1789222427.766591535] [localization_error]: now[200] 0.240 m / 1.49 deg  |  session[n=17088] mean 0.238 p95 0.537 max 0.917 m, heading mean 1.61 max 7.41 deg[0m
[log_localization-9] [0m[INFO] [1789222430.409086338] [log_localization]:  860.0 s  3665.8 m  err 0.141 m (along +0.140 cross +0.008) yaw  -0.30 deg  m->o yaw  -0.36 deg | fit true 0.010 est 0.032 (x3.11)  enc/true 1.019  dr_err 16.39 m[0m
[pure_pursuit-11] [0m[INFO] [1789222432.205843109] [pure_pursuit]: lap 132: 6.51 s[0m
[localization_error-8] [0m[INFO] [1789222432.765633604] [localization_error]: now[200] 0.230 m / 1.58 deg  |  session[n=17188] mean 0.237 p95 0.537 max 0.917 m, heading mean 1.62 max 7.41 deg[0m
[log_localization-9] [0m[INFO] [1789222435.408469696] [log_localization]:  864.9 s  3686.6 m  err 0.128 m (along +0.119 cross -0.047) yaw  -2.54 deg  m->o yaw  -2.54 deg | fit true 0.060 est 0.076 (x1.27)  enc/true 1.019  dr_err 16.50 m[0m
[localization_error-8] [0m[INFO] [1789222437.766474733] [localization_error]: now[200] 0.225 m / 1.86 deg  |  session[n=17288] mean 0.237 p95 0.537 max 0.917 m, heading mean 1.62 max 7.41 deg[0m
[pure_pursuit-11] [0m[INFO] [1789222438.765426994] [pure_pursuit]: lap 133: 6.54 s[0m
[log_localization-9] [0m[INFO] [1789222440.408278603] [log_localization]:  869.9 s  3709.4 m  err 0.100 m (along -0.099 cross -0.003) yaw  +1.58 deg  m->o yaw  +1.75 deg | fit true 0.033 est 0.017 (x0.52)  enc/true 1.019  dr_err 16.60 m[0m
[localization_error-8] [0m[INFO] [1789222442.766616927] [localization_error]: now[200] 0.245 m / 1.81 deg  |  session[n=17388] mean 0.238 p95 0.537 max 0.917 m, heading mean 1.62 max 7.41 deg[0m
[pure_pursuit-11] [0m[INFO] [1789222445.248354773] [pure_pursuit]: lap 134: 6.49 s[0m
[log_localization-9] [0m[INFO] [1789222445.408354234] [log_localization]:  875.0 s  3728.6 m  err 0.215 m (along +0.202 cross -0.075) yaw  -2.59 deg  m->o yaw  -2.64 deg | fit true 0.008 est 0.052 (x6.19)  enc/true 1.019  dr_err 16.78 m[0m
[localization_error-8] [0m[INFO] [1789222447.766934417] [localization_error]: now[200] 0.253 m / 1.62 deg  |  session[n=17488] mean 0.238 p95 0.538 max 0.917 m, heading mean 1.62 max 7.41 deg[0m
[log_localization-9] [0m[INFO] [1789222450.408460018] [log_localization]:  879.9 s  3751.5 m  err 0.060 m (along -0.059 cross +0.005) yaw  +1.58 deg  m->o yaw  +1.73 deg | fit true 0.016 est 0.010 (x0.61)  enc/true 1.019  dr_err 16.82 m[0m
[pure_pursuit-11] [0m[INFO] [1789222451.739510219] [pure_pursuit]: lap 135: 6.49 s[0m
[localization_error-8] [0m[INFO] [1789222452.766502305] [localization_error]: now[200] 0.259 m / 1.69 deg  |  session[n=17588] mean 0.238 p95 0.538 max 0.917 m, heading mean 1.62 max 7.41 deg[0m
[log_localization-9] [0m[INFO] [1789222455.408225909] [log_localization]:  884.9 s  3772.4 m  err 0.064 m (along +0.064 cross +0.002) yaw  +0.27 deg  m->o yaw  +0.39 deg | fit true 0.032 est 0.031 (x0.95)  enc/true 1.019  dr_err 16.96 m[0m
[localization_error-8] [0m[INFO] [1789222457.766327508] [localization_error]: now[200] 0.227 m / 1.83 deg  |  session[n=17688] mean 0.238 p95 0.537 max 0.917 m, heading mean 1.62 max 7.41 deg[0m
[pure_pursuit-11] [0m[INFO] [1789222458.210013364] [pure_pursuit]: lap 136: 6.49 s[0m
[log_localization-9] [0m[INFO] [1789222460.408192547] [log_localization]:  889.9 s  3795.0 m  err 0.052 m (along -0.051 cross +0.008) yaw  +3.56 deg  m->o yaw  +3.41 deg | fit true 0.027 est 0.025 (x0.95)  enc/true 1.019  dr_err 17.00 m[0m
[localization_error-8] [0m[INFO] [1789222462.766073137] [localization_error]: now[200] 0.235 m / 1.75 deg  |  session[n=17788] mean 0.238 p95 0.538 max 0.917 m, heading mean 1.62 max 7.41 deg[0m
[pure_pursuit-11] [0m[INFO] [1789222464.720795935] [pure_pursuit]: lap 137: 6.50 s[0m
[log_localization-9] [0m[INFO] [1789222465.408269520] [log_localization]:  895.0 s  3814.8 m  err 0.291 m (along +0.291 cross +0.007) yaw  +0.31 deg  m->o yaw  +0.33 deg | fit true 0.002 est 0.019 (x8.25)  enc/true 1.019  dr_err 17.09 m[0m
[pure_pursuit-11] [0m[INFO] [1789222466.702983180] [pure_pursuit]: control_hz 47.8 -> 42.7 (tick 42.7 Hz)[0m
[localization_error-8] [0m[INFO] [1789222467.766606072] [localization_error]: now[200] 0.248 m / 1.77 deg  |  session[n=17888] mean 0.238 p95 0.538 max 0.917 m, heading mean 1.62 max 7.41 deg[0m
[log_localization-9] [0m[INFO] [1789222470.408256947] [log_localization]:  900.0 s  3836.5 m  err 0.087 m (along -0.087 cross +0.002) yaw  +4.34 deg  m->o yaw  +4.23 deg | fit true 0.019 est 0.021 (x1.12)  enc/true 1.019  dr_err 17.23 m[0m
[pure_pursuit-11] [0m[INFO] [1789222470.702972182] [pure_pursuit]: control_hz 42.7 -> 47.5 (tick 47.5 Hz)[0m
[pure_pursuit-11] [0m[INFO] [1789222471.274241509] [pure_pursuit]: lap 138: 6.54 s[0m
[localization_error-8] [0m[INFO] [1789222472.767382708] [localization_error]: now[200] 0.262 m / 1.82 deg  |  session[n=17988] mean 0.238 p95 0.539 max 0.917 m, heading mean 1.62 max 7.41 deg[0m
[log_localization-9] [0m[INFO] [1789222475.408167481] [log_localization]:  904.9 s  3857.8 m  err 0.069 m (along +0.069 cross -0.005) yaw  -0.73 deg  m->o yaw  -0.78 deg | fit true 0.008 est 0.016 (x1.97)  enc/true 1.019  dr_err 17.28 m[0m
[pure_pursuit-11] [0m[INFO] [1789222477.702723143] [pure_pursuit]: control_hz 47.5 -> 39.0 (tick 39.0 Hz)[0m
[localization_error-8] [0m[INFO] [1789222477.766137095] [localization_error]: now[200] 0.247 m / 1.78 deg  |  session[n=18088] mean 0.238 p95 0.538 max 0.917 m, heading mean 1.62 max 7.41 deg[0m
[pure_pursuit-11] [0m[INFO] [1789222477.807371926] [pure_pursuit]: lap 139: 6.54 s[0m
[pure_pursuit-11] [0m[INFO] [1789222478.702893767] [pure_pursuit]: control_hz 39.0 -> 47.5 (tick 47.5 Hz)[0m
[log_localization-9] [0m[INFO] [1789222480.408670749] [log_localization]:  909.9 s  3879.7 m  err 0.026 m (along +0.004 cross -0.026) yaw  -0.60 deg  m->o yaw  -1.13 deg | fit true 0.012 est 0.013 (x1.05)  enc/true 1.019  dr_err 17.34 m[0m
[localization_error-8] [0m[INFO] [1789222482.765844558] [localization_error]: now[200] 0.241 m / 1.72 deg  |  session[n=18188] mean 0.238 p95 0.538 max 0.917 m, heading mean 1.62 max 7.41 deg[0m
[pure_pursuit-11] [0m[INFO] [1789222484.297025527] [pure_pursuit]: lap 140: 6.49 s[0m
[log_localization-9] [0m[INFO] [1789222485.408488436] [log_localization]:  914.9 s  3901.3 m  err 0.036 m (along -0.036 cross +0.000) yaw  -0.61 deg  m->o yaw  -0.24 deg | fit true 0.008 est 0.014 (x1.86)  enc/true 1.019  dr_err 17.42 m[0m
[pure_pursuit-11] [0m[INFO] [1789222486.702625330] [pure_pursuit]: control_hz 47.5 -> 41.3 (tick 41.3 Hz)[0m
[localization_error-8] [0m[INFO] [1789222487.765799259] [localization_error]: now[200] 0.267 m / 1.81 deg  |  session[n=18288] mean 0.238 p95 0.539 max 0.917 m, heading mean 1.62 max 7.41 deg[0m
[pure_pursuit-11] [0m[INFO] [1789222488.702998289] [pure_pursuit]: control_hz 41.3 -> 47.8 (tick 47.8 Hz)[0m
[log_localization-9] [0m[INFO] [1789222490.408406187] [log_localization]:  919.9 s  3921.4 m  err 0.030 m (along -0.005 cross -0.029) yaw  -0.76 deg  m->o yaw  +0.09 deg | fit true 0.013 est 0.016 (x1.24)  enc/true 1.019  dr_err 17.60 m[0m
[pure_pursuit-11] [0m[INFO] [1789222490.849077681] [pure_pursuit]: lap 141: 6.55 s[0m
[localization_error-8] [0m[INFO] [1789222492.766923140] [localization_error]: now[200] 0.265 m / 1.66 deg  |  session[n=18388] mean 0.238 p95 0.539 max 0.917 m, heading mean 1.62 max 7.41 deg[0m
[log_localization-9] [0m[INFO] [1789222495.408279675] [log_localization]:  925.0 s  3943.7 m  err 0.121 m (along +0.119 cross +0.022) yaw  +0.40 deg  m->o yaw  +0.19 deg | fit true 0.004 est 0.022 (x5.28)  enc/true 1.019  dr_err 17.65 m[0m
[pure_pursuit-11] [0m[INFO] [1789222497.335507283] [pure_pursuit]: lap 142: 6.49 s[0m
[localization_error-8] [0m[INFO] [1789222497.765964514] [localization_error]: now[200] 0.251 m / 1.75 deg  |  session[n=18488] mean 0.238 p95 0.538 max 0.917 m, heading mean 1.63 max 7.41 deg[0m
[log_localization-9] [0m[INFO] [1789222500.408336391] [log_localization]:  929.9 s  3964.7 m  err 0.065 m (along +0.060 cross -0.024) yaw  -1.40 deg  m->o yaw  -1.31 deg | fit true 0.051 est 0.055 (x1.09)  enc/true 1.019  dr_err 17.72 m[0m
[localization_error-8] [0m[INFO] [1789222502.766775076] [localization_error]: now[200] 0.238 m / 1.92 deg  |  session[n=18588] mean 0.238 p95 0.538 max 0.917 m, heading mean 1.63 max 7.41 deg[0m
[pure_pursuit-11] [0m[INFO] [1789222503.848058009] [pure_pursuit]: lap 143: 6.52 s[0m
[log_localization-9] [0m[INFO] [1789222505.408210848] [log_localization]:  934.9 s  3987.4 m  err 0.163 m (along -0.163 cross -0.011) yaw  +1.50 deg  m->o yaw  +1.45 deg | fit true 0.023 est 0.026 (x1.11)  enc/true 1.019  dr_err 17.81 m[0m
[localization_error-8] [0m[INFO] [1789222507.766640682] [localization_error]: now[200] 0.258 m / 1.63 deg  |  session[n=18688] mean 0.238 p95 0.539 max 0.917 m, heading mean 1.63 max 7.41 deg[0m
[pure_pursuit-11] [0m[INFO] [1789222510.364532716] [pure_pursuit]: lap 144: 6.50 s[0m
[log_localization-9] [0m[INFO] [1789222510.408712393] [log_localization]:  940.0 s  4006.6 m  err 0.075 m (along +0.062 cross -0.042) yaw  -1.23 deg  m->o yaw  -1.22 deg | fit true 0.010 est 0.038 (x3.99)  enc/true 1.019  dr_err 18.01 m[0m
[localization_error-8] [0m[INFO] [1789222512.766125171] [localization_error]: now[200] 0.243 m / 1.46 deg  |  session[n=18788] mean 0.238 p95 0.539 max 0.917 m, heading mean 1.62 max 7.41 deg[0m
[log_localization-9] [0m[INFO] [1789222515.408249322] [log_localization]:  944.9 s  4029.4 m  err 0.125 m (along -0.125 cross -0.003) yaw  +2.22 deg  m->o yaw  +1.77 deg | fit true 0.008 est 0.005 (x0.62)  enc/true 1.019  dr_err 18.03 m[0m
[pure_pursuit-11] [0m[INFO] [1789222516.853692132] [pure_pursuit]: lap 145: 6.48 s[0m
[localization_error-8] [0m[INFO] [1789222517.766026376] [localization_error]: now[200] 0.245 m / 1.71 deg  |  session[n=18888] mean 0.239 p95 0.539 max 0.917 m, heading mean 1.63 max 7.41 deg[0m
[log_localization-9] [0m[INFO] [1789222520.408589356] [log_localization]:  949.9 s  4050.2 m  err 0.168 m (along +0.168 cross -0.009) yaw  +0.41 deg  m->o yaw  +0.60 deg | fit true 0.049 est 0.065 (x1.32)  enc/true 1.019  dr_err 18.21 m[0m
[localization_error-8] [0m[INFO] [1789222522.765816368] [localization_error]: now[200] 0.242 m / 1.86 deg  |  session[n=18988] mean 0.238 p95 0.539 max 0.917 m, heading mean 1.63 max 7.41 deg[0m
[pure_pursuit-11] [0m[INFO] [1789222523.360469283] [pure_pursuit]: lap 146: 6.52 s[0m
[log_localization-9] [0m[INFO] [1789222525.408266202] [log_localization]:  954.9 s  4072.9 m  err 0.107 m (along -0.106 cross -0.004) yaw  +3.35 deg  m->o yaw  +3.14 deg | fit true 0.031 est 0.031 (x1.02)  enc/true 1.019  dr_err 18.22 m[0m
[localization_error-8] [0m[INFO] [1789222527.765841170] [localization_error]: now[200] 0.244 m / 1.71 deg  |  session[n=19088] mean 0.239 p95 0.539 max 0.917 m, heading mean 1.63 max 7.41 deg[0m
[pure_pursuit-11] [0m[INFO] [1789222529.876984275] [pure_pursuit]: lap 147: 6.51 s[0m
[log_localization-9] [0m[INFO] [1789222530.408205247] [log_localization]:  959.9 s  4092.2 m  err 0.111 m (along +0.111 cross -0.009) yaw  -0.01 deg  m->o yaw  +0.02 deg | fit true 0.008 est 0.027 (x3.43)  enc/true 1.019  dr_err 18.34 m[0m
[localization_error-8] [0m[INFO] [1789222532.766669131] [localization_error]: now[200] 0.233 m / 1.54 deg  |  session[n=19188] mean 0.238 p95 0.539 max 0.917 m, heading mean 1.63 max 7.41 deg[0m
[log_localization-9] [0m[INFO] [1789222535.408551165] [log_localization]:  965.0 s  4114.5 m  err 0.106 m (along -0.105 cross -0.005) yaw  +6.83 deg  m->o yaw  +6.49 deg | fit true 0.019 est 0.034 (x1.78)  enc/true 1.019  dr_err 18.43 m[0m
[pure_pursuit-11] [0m[INFO] [1789222536.383032211] [pure_pursuit]: lap 148: 6.51 s[0m
[localization_error-8] [0m[INFO] [1789222537.765744615] [localization_error]: now[200] 0.237 m / 1.60 deg  |  session[n=19288] mean 0.239 p95 0.539 max 0.917 m, heading mean 1.63 max 7.41 deg[0m
[log_localization-9] [0m[INFO] [1789222540.408391961] [log_localization]:  970.0 s  4135.7 m  err 0.028 m (along +0.023 cross -0.015) yaw  -1.26 deg  m->o yaw  -0.95 deg | fit true 0.011 est 0.014 (x1.31)  enc/true 1.019  dr_err 18.49 m[0m
[pure_pursuit-11] [0m[INFO] [1789222540.703158230] [pure_pursuit]: control_hz 47.8 -> 42.0 (tick 42.0 Hz)[0m
[pure_pursuit-11] [0m[INFO] [1789222541.702974874] [pure_pursuit]: control_hz 42.0 -> 46.5 (tick 46.5 Hz)[0m
[localization_error-8] [0m[INFO] [1789222542.766280168] [localization_error]: now[200] 0.225 m / 1.79 deg  |  session[n=19388] mean 0.238 p95 0.538 max 0.917 m, heading mean 1.63 max 7.41 deg[0m
[pure_pursuit-11] [0m[INFO] [1789222542.941380531] [pure_pursuit]: lap 149: 6.55 s[0m
[log_localization-9] [0m[INFO] [1789222545.408704036] [log_localization]:  974.9 s  4157.7 m  err 0.014 m (along -0.013 cross -0.004) yaw  -0.25 deg  m->o yaw  -0.32 deg | fit true 0.013 est 0.014 (x1.07)  enc/true 1.019  dr_err 18.62 m[0m
[localization_error-8] [0m[INFO] [1789222547.767481226] [localization_error]: now[200] 0.230 m / 1.79 deg  |  session[n=19488] mean 0.238 p95 0.538 max 0.917 m, heading mean 1.63 max 7.41 deg[0m
[pure_pursuit-11] [0m[INFO] [1789222549.429986083] [pure_pursuit]: lap 150: 6.50 s[0m
[log_localization-9] [0m[INFO] [1789222550.408821094] [log_localization]:  980.0 s  4178.8 m  err 0.143 m (along +0.143 cross -0.008) yaw  -0.33 deg  m->o yaw  -0.58 deg | fit true 0.005 est 0.006 (x1.12)  enc/true 1.019  dr_err 18.67 m[0m
[localization_error-8] [0m[INFO] [1789222552.765814964] [localization_error]: now[200] 0.261 m / 1.83 deg  |  session[n=19588] mean 0.238 p95 0.539 max 0.917 m, heading mean 1.63 max 7.41 deg[0m
[log_localization-9] [0m[INFO] [1789222555.408847207] [log_localization]:  985.0 s  4199.3 m  err 0.066 m (along -0.065 cross -0.014) yaw  +3.85 deg  m->o yaw  +3.18 deg | fit true 0.012 est 0.008 (x0.70)  enc/true 1.019  dr_err 18.82 m[0m
[pure_pursuit-11] [0m[INFO] [1789222555.920369259] [pure_pursuit]: lap 151: 6.49 s[0m
[localization_error-8] [0m[INFO] [1789222557.765886074] [localization_error]: now[200] 0.258 m / 1.67 deg  |  session[n=19688] mean 0.239 p95 0.539 max 0.917 m, heading mean 1.63 max 7.41 deg[0m
[log_localization-9] [0m[INFO] [1789222560.408341469] [log_localization]:  989.9 s  4221.4 m  err 0.118 m (along +0.118 cross +0.008) yaw  +0.11 deg  m->o yaw  +0.07 deg | fit true 0.005 est 0.015 (x3.20)  enc/true 1.019  dr_err 18.89 m[0m
[pure_pursuit-11] [0m[INFO] [1789222562.427282123] [pure_pursuit]: lap 152: 6.50 s[0m
[localization_error-8] [0m[INFO] [1789222562.766030443] [localization_error]: now[200] 0.231 m / 1.53 deg  |  session[n=19788] mean 0.238 p95 0.538 max 0.917 m, heading mean 1.63 max 7.41 deg[0m
[log_localization-9] [0m[INFO] [1789222565.408706339] [log_localization]:  995.0 s  4242.5 m  err 0.089 m (along +0.084 cross -0.029) yaw  -2.39 deg  m->o yaw  -2.45 deg | fit true 0.041 est 0.053 (x1.30)  enc/true 1.019  dr_err 18.97 m[0m
[localization_error-8] [0m[INFO] [1789222567.766968318] [localization_error]: now[200] 0.224 m / 1.73 deg  |  session[n=19888] mean 0.239 p95 0.538 max 0.917 m, heading mean 1.63 max 7.41 deg[0m
[pure_pursuit-11] [0m[INFO] [1789222568.943439524] [pure_pursuit]: lap 153: 6.51 s[0m
[log_localization-9] [0m[INFO] [1789222570.408413333] [log_localization]: 1000.0 s  4265.2 m  err 0.099 m (along -0.099 cross -0.001) yaw  +1.60 deg  m->o yaw  +1.33 deg | fit true 0.015 est 0.011 (x0.76)  enc/true 1.019  dr_err 19.10 m[0m
[localization_error-8] [0m[INFO] [1789222572.766813693] [localization_error]: now[200] 0.254 m / 1.88 deg  |  session[n=19988] mean 0.239 p95 0.538 max 0.917 m, heading mean 1.63 max 7.41 deg[0m
[log_localization-9] [0m[INFO] [1789222575.408899258] [log_localization]: 1005.0 s  4284.4 m  err 0.096 m (along +0.093 cross -0.024) yaw  +0.17 deg  m->o yaw  +0.46 deg | fit true 0.027 est 0.026 (x0.96)  enc/true 1.019  dr_err 19.27 m[0m
[pure_pursuit-11] [0m[INFO] [1789222575.429277558] [pure_pursuit]: lap 154: 6.49 s[0m
[localization_error-8] [0m[INFO] [1789222577.765941401] [localization_error]: now[200] 0.243 m / 1.65 deg  |  session[n=20088] mean 0.239 p95 0.539 max 0.917 m, heading mean 1.63 max 7.41 deg[0m
[log_localization-9] [0m[INFO] [1789222580.408165687] [log_localization]: 1009.9 s  4307.4 m  err 0.115 m (along -0.114 cross +0.007) yaw  +1.45 deg  m->o yaw  +1.43 deg | fit true 0.007 est 0.007 (x1.08)  enc/true 1.019  dr_err 19.28 m[0m
[pure_pursuit-11] [0m[INFO] [1789222581.919358267] [pure_pursuit]: lap 155: 6.49 s[0m
[localization_error-8] [0m[INFO] [1789222582.766309968] [localization_error]: now[200] 0.236 m / 1.49 deg  |  session[n=20188] mean 0.239 p95 0.539 max 0.917 m, heading mean 1.63 max 7.41 deg[0m
[log_localization-9] [0m[INFO] [1789222585.408818964] [log_localization]: 1015.0 s  4328.1 m  err 0.134 m (along +0.132 cross -0.022) yaw  +0.08 deg  m->o yaw  +0.08 deg | fit true 0.047 est 0.043 (x0.91)  enc/true 1.019  dr_err 19.44 m[0m
[localization_error-8] [0m[INFO] [1789222587.767318948] [localization_error]: now[200] 0.227 m / 1.72 deg  |  session[n=20288] mean 0.238 p95 0.538 max 0.917 m, heading mean 1.63 max 7.41 deg[0m
[pure_pursuit-11] [0m[INFO] [1789222588.408608910] [pure_pursuit]: lap 156: 6.49 s[0m
[log_localization-9] [0m[INFO] [1789222590.408830519] [log_localization]: 1019.9 s  4350.9 m  err 0.060 m (along -0.060 cross +0.006) yaw  +2.21 deg  m->o yaw  +2.43 deg | fit true 0.049 est 0.032 (x0.65)  enc/true 1.019  dr_err 19.48 m[0m
[localization_error-8] [0m[INFO] [1789222592.765802017] [localization_error]: now[200] 0.246 m / 1.98 deg  |  session[n=20388] mean 0.239 p95 0.538 max 0.917 m, heading mean 1.63 max 7.41 deg[0m
[pure_pursuit-11] [0m[INFO] [1789222594.913093241] [pure_pursuit]: lap 157: 6.51 s[0m
[log_localization-9] [0m[INFO] [1789222595.408076195] [log_localization]: 1024.9 s  4370.3 m  err 0.214 m (along +0.214 cross -0.009) yaw  +1.05 deg  m->o yaw  +1.30 deg | fit true 0.025 est 0.027 (x1.08)  enc/true 1.019  dr_err 19.62 m[0m
[pure_pursuit-11] [0m[INFO] [1789222597.702769124] [pure_pursuit]: control_hz 46.5 -> 39.3 (tick 39.3 Hz)[0m
[localization_error-8] [0m[INFO] [1789222597.765975880] [localization_error]: now[200] 0.254 m / 1.75 deg  |  session[n=20488] mean 0.239 p95 0.539 max 0.917 m, heading mean 1.63 max 7.41 deg[0m
[pure_pursuit-11] [0m[INFO] [1789222598.702752875] [pure_pursuit]: control_hz 39.3 -> 45.2 (tick 45.2 Hz)[0m
[log_localization-9] [0m[INFO] [1789222600.408635548] [log_localization]: 1029.9 s  4392.6 m  err 0.102 m (along -0.101 cross +0.007) yaw  +4.69 deg  m->o yaw  +4.64 deg | fit true 0.017 est 0.034 (x1.97)  enc/true 1.019  dr_err 19.72 m[0m
[pure_pursuit-11] [0m[INFO] [1789222601.403409621] [pure_pursuit]: lap 158: 6.49 s[0m
[localization_error-8] [0m[INFO] [1789222602.766970705] [localization_error]: now[200] 0.250 m / 1.52 deg  |  session[n=20588] mean 0.239 p95 0.539 max 0.917 m, heading mean 1.63 max 7.41 deg[0m
[log_localization-9] [0m[INFO] [1789222605.408859266] [log_localization]: 1035.0 s  4413.6 m  err 0.105 m (along +0.105 cross -0.004) yaw  -0.50 deg  m->o yaw  -0.17 deg | fit true 0.014 est 0.020 (x1.45)  enc/true 1.019  dr_err 19.81 m[0m
[localization_error-8] [0m[INFO] [1789222607.765821387] [localization_error]: now[200] 0.224 m / 1.69 deg  |  session[n=20688] mean 0.238 p95 0.538 max 0.917 m, heading mean 1.63 max 7.41 deg[0m
[pure_pursuit-11] [0m[INFO] [1789222607.893242307] [pure_pursuit]: lap 159: 6.48 s[0m
[log_localization-9] [0m[INFO] [1789222610.408790594] [log_localization]: 1040.0 s  4435.8 m  err 0.011 m (along -0.007 cross -0.008) yaw  +0.26 deg  m->o yaw  -0.24 deg | fit true 0.013 est 0.016 (x1.26)  enc/true 1.019  dr_err 19.90 m[0m
[localization_error-8] [0m[INFO] [1789222612.766448827] [localization_error]: now[200] 0.243 m / 1.86 deg  |  session[n=20788] mean 0.239 p95 0.539 max 0.917 m, heading mean 1.63 max 7.41 deg[0m
[pure_pursuit-11] [0m[INFO] [1789222614.366134524] [pure_pursuit]: lap 160: 6.48 s[0m
[log_localization-9] [0m[INFO] [1789222615.408441556] [log_localization]: 1044.9 s  4456.8 m  err 0.134 m (along +0.133 cross -0.011) yaw  +0.27 deg  m->o yaw  +0.34 deg | fit true 0.010 est 0.016 (x1.59)  enc/true 1.019  dr_err 19.95 m[0m
[localization_error-8] [0m[INFO] [1789222617.766107686] [localization_error]: now[200] 0.250 m / 1.68 deg  |  session[n=20888] mean 0.239 p95 0.539 max 0.917 m, heading mean 1.63 max 7.41 deg[0m
[log_localization-9] [0m[INFO] [1789222620.408760743] [log_localization]: 1050.0 s  4477.2 m  err 0.021 m (along -0.020 cross -0.004) yaw  +2.52 deg  m->o yaw  +2.67 deg | fit true 0.010 est 0.013 (x1.30)  enc/true 1.019  dr_err 20.13 m[0m
[pure_pursuit-11] [0m[INFO] [1789222620.916020789] [pure_pursuit]: lap 161: 6.56 s[0m
[localization_error-8] [0m[INFO] [1789222622.767516406] [localization_error]: now[200] 0.222 m / 1.39 deg  |  session[n=20988] mean 0.239 p95 0.538 max 0.917 m, heading mean 1.63 max 7.41 deg[0m
[log_localization-9] [0m[INFO] [1789222625.408847674] [log_localization]: 1054.9 s  4499.4 m  err 0.183 m (along +0.182 cross +0.016) yaw  +0.54 deg  m->o yaw  +0.50 deg | fit true 0.002 est 0.021 (x9.54)  enc/true 1.019  dr_err 20.18 m[0m
[pure_pursuit-11] [0m[INFO] [1789222627.427822142] [pure_pursuit]: lap 162: 6.50 s[0m
[localization_error-8] [0m[INFO] [1789222627.766856765] [localization_error]: now[200] 0.227 m / 1.56 deg  |  session[n=21088] mean 0.238 p95 0.537 max 0.917 m, heading mean 1.63 max 7.41 deg[0m
[log_localization-9] [0m[INFO] [1789222630.408505974] [log_localization]: 1060.0 s  4520.4 m  err 0.054 m (along +0.047 cross -0.027) yaw  -1.39 deg  m->o yaw  -1.23 deg | fit true 0.036 est 0.036 (x0.98)  enc/true 1.019  dr_err 20.25 m[0m
[localization_error-8] [0m[INFO] [1789222632.766112155] [localization_error]: now[200] 0.237 m / 1.62 deg  |  session[n=21188] mean 0.239 p95 0.537 max 0.917 m, heading mean 1.63 max 7.41 deg[0m
[pure_pursuit-11] [0m[INFO] [1789222633.959810997] [pure_pursuit]: lap 163: 6.54 s[0m
[log_localization-9] [0m[INFO] [1789222635.408420264] [log_localization]: 1064.9 s  4543.0 m  err 0.145 m (along -0.145 cross -0.004) yaw  +0.97 deg  m->o yaw  +1.19 deg | fit true 0.013 est 0.022 (x1.75)  enc/true 1.019  dr_err 20.33 m[0m
[localization_error-8] [0m[INFO] [1789222637.766569585] [localization_error]: now[200] 0.257 m / 1.55 deg  |  session[n=21288] mean 0.239 p95 0.538 max 0.917 m, heading mean 1.63 max 7.41 deg[0m
[log_localization-9] [0m[INFO] [1789222640.408430701] [log_localization]: 1070.0 s  4562.3 m  err 0.075 m (along +0.065 cross -0.037) yaw  -0.08 deg  m->o yaw  +0.14 deg | fit true 0.010 est 0.012 (x1.21)  enc/true 1.019  dr_err 20.53 m[0m
[pure_pursuit-11] [0m[INFO] [1789222640.429570550] [pure_pursuit]: lap 164: 6.47 s[0m
[localization_error-8] [0m[INFO] [1789222642.766853334] [localization_error]: now[200] 0.246 m / 1.48 deg  |  session[n=21388] mean 0.239 p95 0.538 max 0.917 m, heading mean 1.63 max 7.41 deg[0m
[log_localization-9] [0m[INFO] [1789222645.408308947] [log_localization]: 1075.0 s  4585.1 m  err 0.021 m (along -0.018 cross +0.010) yaw  +0.17 deg  m->o yaw  +0.08 deg | fit true 0.004 est 0.006 (x1.46)  enc/true 1.019  dr_err 20.55 m[0m
[pure_pursuit-11] [0m[INFO] [1789222647.073684706] [pure_pursuit]: lap 165: 6.64 s[0m
[localization_error-8] [0m[INFO] [1789222647.767058475] [localization_error]: now[200] 0.236 m / 1.60 deg  |  session[n=21488] mean 0.239 p95 0.538 max 0.917 m, heading mean 1.63 max 7.41 deg[0m
[log_localization-9] [0m[INFO] [1789222650.408325051] [log_localization]: 1080.0 s  4605.8 m  err 0.107 m (along +0.100 cross -0.039) yaw  -1.42 deg  m->o yaw  -1.61 deg | fit true 0.054 est 0.048 (x0.89)  enc/true 1.019  dr_err 20.66 m[0m
[localization_error-8] [0m[INFO] [1789222652.768243897] [localization_error]: now[200] 0.232 m / 1.76 deg  |  session[n=21588] mean 0.239 p95 0.538 max 0.917 m, heading mean 1.63 max 7.41 deg[0m
[pure_pursuit-11] [0m[INFO] [1789222653.538772347] [pure_pursuit]: lap 166: 6.45 s[0m
[log_localization-9] [0m[INFO] [1789222655.408275957] [log_localization]: 1084.9 s  4628.7 m  err 0.067 m (along -0.067 cross -0.004) yaw  +2.28 deg  m->o yaw  +2.35 deg | fit true 0.028 est 0.021 (x0.73)  enc/true 1.019  dr_err 20.71 m[0m
[localization_error-8] [0m[INFO] [1789222657.766224019] [localization_error]: now[200] 0.240 m / 1.66 deg  |  session[n=21688] mean 0.239 p95 0.538 max 0.917 m, heading mean 1.63 max 7.41 deg[0m
[pure_pursuit-11] [0m[INFO] [1789222660.117822937] [pure_pursuit]: lap 167: 6.58 s[0m
[log_localization-9] [0m[INFO] [1789222660.408413959] [log_localization]: 1090.0 s  4647.7 m  err 0.193 m (along +0.190 cross -0.033) yaw  -0.17 deg  m->o yaw  -0.10 deg | fit true 0.011 est 0.019 (x1.78)  enc/true 1.019  dr_err 20.87 m[0m
[localization_error-8] [0m[INFO] [1789222662.766355914] [localization_error]: now[200] 0.242 m / 1.53 deg  |  session[n=21788] mean 0.239 p95 0.538 max 0.917 m, heading mean 1.63 max 7.41 deg[0m
[log_localization-9] [0m[INFO] [1789222665.408822229] [log_localization]: 1095.0 s  4670.3 m  err 0.099 m (along -0.099 cross -0.001) yaw  +3.27 deg  m->o yaw  +3.38 deg | fit true 0.018 est 0.020 (x1.07)  enc/true 1.019  dr_err 20.93 m[0m
[pure_pursuit-11] [0m[INFO] [1789222666.626442091] [pure_pursuit]: lap 168: 6.52 s[0m
[localization_error-8] [0m[INFO] [1789222667.766855309] [localization_error]: now[200] 0.262 m / 1.72 deg  |  session[n=21888] mean 0.239 p95 0.538 max 0.917 m, heading mean 1.63 max 7.41 deg[0m
[log_localization-9] [0m[INFO] [1789222670.408169227] [log_localization]: 1099.9 s  4691.2 m  err 0.048 m (along +0.048 cross -0.009) yaw  -0.61 deg  m->o yaw  -0.59 deg | fit true 0.030 est 0.021 (x0.68)  enc/true 1.019  dr_err 21.04 m[0m
[localization_error-8] [0m[INFO] [1789222672.766110176] [localization_error]: now[200] 0.230 m / 1.73 deg  |  session[n=21988] mean 0.239 p95 0.538 max 0.917 m, heading mean 1.63 max 7.41 deg[0m
[pure_pursuit-11] [0m[INFO] [1789222673.135437814] [pure_pursuit]: lap 169: 6.49 s[0m
[log_localization-9] [0m[INFO] [1789222675.408247905] [log_localization]: 1104.9 s  4713.7 m  err 0.018 m (along -0.017 cross -0.003) yaw  +0.91 deg  m->o yaw  +0.78 deg | fit true 0.023 est 0.026 (x1.12)  enc/true 1.019  dr_err 21.09 m[0m
[localization_error-8] [0m[INFO] [1789222677.767506020] [localization_error]: now[200] 0.225 m / 1.64 deg  |  session[n=22088] mean 0.239 p95 0.538 max 0.917 m, heading mean 1.63 max 7.41 deg[0m
[pure_pursuit-11] [0m[INFO] [1789222679.630174765] [pure_pursuit]: lap 170: 6.50 s[0m
[log_localization-9] [0m[INFO] [1789222680.408680872] [log_localization]: 1110.0 s  4733.9 m  err 0.235 m (along +0.235 cross -0.000) yaw  -0.27 deg  m->o yaw  -0.34 deg | fit true 0.007 est 0.024 (x3.51)  enc/true 1.019  dr_err 21.17 m[0m
[localization_error-8] [0m[INFO] [1789222682.766105202] [localization_error]: now[200] 0.241 m / 1.66 deg  |  session[n=22188] mean 0.239 p95 0.538 max 0.917 m, heading mean 1.63 max 7.41 deg[0m
[log_localization-9] [0m[INFO] [1789222685.408677611] [log_localization]: 1115.0 s  4755.2 m  err 0.051 m (along -0.051 cross -0.001) yaw  +3.39 deg  m->o yaw  +3.44 deg | fit true 0.015 est 0.021 (x1.40)  enc/true 1.019  dr_err 21.29 m[0m
[pure_pursuit-11] [0m[INFO] [1789222686.142755958] [pure_pursuit]: lap 171: 6.51 s[0m
[localization_error-8] [0m[INFO] [1789222687.767109930] [localization_error]: now[200] 0.242 m / 1.48 deg  |  session[n=22288] mean 0.239 p95 0.538 max 0.917 m, heading mean 1.63 max 7.41 deg[0m
[log_localization-9] [0m[INFO] [1789222690.408217262] [log_localization]: 1120.0 s  4776.6 m  err 0.093 m (along +0.093 cross -0.010) yaw  -0.02 deg  m->o yaw  -0.06 deg | fit true 0.002 est 0.012 (x5.41)  enc/true 1.019  dr_err 21.36 m[0m
[pure_pursuit-11] [0m[INFO] [1789222692.667028698] [pure_pursuit]: lap 172: 6.53 s[0m
[localization_error-8] [0m[INFO] [1789222692.766006518] [localization_error]: now[200] 0.228 m / 1.58 deg  |  session[n=22388] mean 0.238 p95 0.538 max 0.917 m, heading mean 1.63 max 7.41 deg[0m
[log_localization-9] [0m[INFO] [1789222695.408173613] [log_localization]: 1124.9 s  4798.4 m  err 0.094 m (along +0.090 cross -0.027) yaw  -2.22 deg  m->o yaw  -2.29 deg | fit true 0.018 est 0.030 (x1.62)  enc/true 1.019  dr_err 21.37 m[0m
[localization_error-8] [0m[INFO] [1789222697.765893704] [localization_error]: now[200] 0.229 m / 1.82 deg  |  session[n=22488] mean 0.239 p95 0.538 max 0.917 m, heading mean 1.63 max 7.41 deg[0m
[pure_pursuit-11] [0m[INFO] [1789222699.163533002] [pure_pursuit]: lap 173: 6.47 s[0m
[log_localization-9] [0m[INFO] [1789222700.408762722] [log_localization]: 1130.0 s  4820.3 m  err 0.101 m (along -0.101 cross -0.003) yaw  +1.20 deg  m->o yaw  +0.92 deg | fit true 0.008 est 0.008 (x1.03)  enc/true 1.019  dr_err 21.47 m[0m
[localization_error-8] [0m[INFO] [1789222702.767068950] [localization_error]: now[200] 0.254 m / 1.87 deg  |  session[n=22588] mean 0.239 p95 0.538 max 0.917 m, heading mean 1.63 max 7.41 deg[0m
[log_localization-9] [0m[INFO] [1789222705.408649959] [log_localization]: 1135.0 s  4840.0 m  err 0.036 m (along +0.029 cross -0.021) yaw  +0.35 deg  m->o yaw  +0.24 deg | fit true 0.004 est 0.000 (x0.01)  enc/true 1.019  dr_err 21.66 m[0m
[pure_pursuit-11] [0m[INFO] [1789222705.711873058] [pure_pursuit]: lap 174: 6.56 s[0m
[localization_error-8] [0m[INFO] [1789222707.767142642] [localization_error]: now[200] 0.245 m / 1.62 deg  |  session[n=22688] mean 0.239 p95 0.539 max 0.917 m, heading mean 1.63 max 7.41 deg[0m
[log_localization-9] [0m[INFO] [1789222710.408365038] [log_localization]: 1139.9 s  4862.4 m  err 0.084 m (along +0.083 cross +0.016) yaw  -0.28 deg  m->o yaw  -0.26 deg | fit true 0.002 est 0.014 (x5.76)  enc/true 1.019  dr_err 21.68 m[0m
[pure_pursuit-11] [0m[INFO] [1789222712.205882572] [pure_pursuit]: lap 175: 6.50 s[0m
[localization_error-8] [0m[INFO] [1789222712.766110500] [localization_error]: now[200] 0.239 m / 1.72 deg  |  session[n=22788] mean 0.239 p95 0.538 max 0.917 m, heading mean 1.63 max 7.41 deg[0m
[log_localization-9] [0m[INFO] [1789222715.408384574] [log_localization]: 1145.0 s  4883.3 m  err 0.088 m (along +0.082 cross -0.031) yaw  -0.73 deg  m->o yaw  -0.89 deg | fit true 0.073 est 0.084 (x1.14)  enc/true 1.019  dr_err 21.74 m[0m
[localization_error-8] [0m[INFO] [1789222717.766236301] [localization_error]: now[200] 0.237 m / 1.93 deg  |  session[n=22888] mean 0.239 p95 0.538 max 0.917 m, heading mean 1.64 max 7.41 deg[0m
[pure_pursuit-11] [0m[INFO] [1789222718.716981729] [pure_pursuit]: lap 176: 6.50 s[0m
[log_localization-9] [0m[INFO] [1789222720.408740445] [log_localization]: 1150.0 s  4906.2 m  err 0.080 m (along -0.080 cross -0.008) yaw  +1.90 deg  m->o yaw  +2.03 deg | fit true 0.023 est 0.016 (x0.69)  enc/true 1.019  dr_err 21.82 m[0m
[localization_error-8] [0m[INFO] [1789222722.766735261] [localization_error]: now[200] 0.247 m / 1.85 deg  |  session[n=22988] mean 0.239 p95 0.539 max 0.917 m, heading mean 1.64 max 7.46 deg[0m
[pure_pursuit-11] [0m[INFO] [1789222725.249473413] [pure_pursuit]: lap 177: 6.52 s[0m
[log_localization-9] [0m[INFO] [1789222725.408279159] [log_localization]: 1154.9 s  4925.2 m  err 0.085 m (along +0.076 cross -0.039) yaw  -1.04 deg  m->o yaw  -1.08 deg | fit true 0.012 est 0.039 (x3.12)  enc/true 1.019  dr_err 22.00 m[0m
[localization_error-8] [0m[INFO] [1789222727.766303638] [localization_error]: now[200] 0.237 m / 1.63 deg  |  session[n=23088] mean 0.239 p95 0.539 max 0.917 m, heading mean 1.64 max 7.46 deg[0m
[log_localization-9] [0m[INFO] [1789222730.408331398] [log_localization]: 1159.9 s  4948.1 m  err 0.076 m (along -0.076 cross -0.001) yaw  +1.56 deg  m->o yaw  +1.49 deg | fit true 0.011 est 0.004 (x0.37)  enc/true 1.019  dr_err 22.02 m[0m
[pure_pursuit-11] [0m[INFO] [1789222731.716213832] [pure_pursuit]: lap 178: 6.48 s[0m
[localization_error-8] [0m[INFO] [1789222732.766038595] [localization_error]: now[200] 0.253 m / 1.62 deg  |  session[n=23188] mean 0.239 p95 0.539 max 0.917 m, heading mean 1.64 max 7.46 deg[0m
[log_localization-9] [0m[INFO] [1789222735.408236327] [log_localization]: 1164.9 s  4969.0 m  err 0.112 m (along +0.112 cross -0.007) yaw  +0.44 deg  m->o yaw  +0.46 deg | fit true 0.035 est 0.022 (x0.62)  enc/true 1.019  dr_err 22.16 m[0m
[localization_error-8] [0m[INFO] [1789222737.766815480] [localization_error]: now[200] 0.234 m / 1.75 deg  |  session[n=23288] mean 0.239 p95 0.538 max 0.917 m, heading mean 1.64 max 7.46 deg[0m
[pure_pursuit-11] [0m[INFO] [1789222738.203120703] [pure_pursuit]: lap 179: 6.48 s[0m
[log_localization-9] [0m[INFO] [1789222740.408841176] [log_localization]: 1170.0 s  4991.4 m  err 0.034 m (along -0.034 cross +0.001) yaw  +1.85 deg  m->o yaw  +1.82 deg | fit true 0.026 est 0.029 (x1.11)  enc/true 1.019  dr_err 22.19 m[0m
[localization_error-8] [0m[INFO] [1789222742.766421977] [localization_error]: now[200] 0.222 m / 1.60 deg  |  session[n=23388] mean 0.239 p95 0.538 max 0.917 m, heading mean 1.64 max 7.46 deg[0m
[pure_pursuit-11] [0m[INFO] [1789222744.720239080] [pure_pursuit]: lap 180: 6.52 s[0m
[log_localization-9] [0m[INFO] [1789222745.409743765] [log_localization]: 1175.0 s  5011.4 m  err 0.174 m (along +0.174 cross +0.009) yaw  -0.15 deg  m->o yaw  -0.05 deg | fit true 0.010 est 0.014 (x1.45)  enc/true 1.019  dr_err 22.31 m[0m
[localization_error-8] [0m[INFO] [1789222747.766021632] [localization_error]: now[200] 0.231 m / 1.48 deg  |  session[n=23488] mean 0.239 p95 0.538 max 0.917 m, heading mean 1.64 max 7.46 deg[0m
[log_localization-9] [0m[INFO] [1789222750.409142976] [log_localization]: 1180.0 s  5033.2 m  err 0.129 m (along -0.129 cross -0.013) yaw  +5.39 deg  m->o yaw  +5.36 deg | fit true 0.016 est 0.027 (x1.73)  enc/true 1.019  dr_err 22.40 m[0m
[pure_pursuit-11] [0m[INFO] [1789222751.343467359] [pure_pursuit]: lap 181: 6.63 s[0m
[localization_error-8] [0m[INFO] [1789222752.765898981] [localization_error]: now[200] 0.241 m / 1.43 deg  |  session[n=23588] mean 0.239 p95 0.538 max 0.917 m, heading mean 1.63 max 7.46 deg[0m
[log_localization-9] [0m[INFO] [1789222755.408154394] [log_localization]: 1184.9 s  5054.4 m  err 0.076 m (along +0.076 cross -0.004) yaw  +0.09 deg  m->o yaw  +0.18 deg | fit true 0.019 est 0.023 (x1.18)  enc/true 1.019  dr_err 22.49 m[0m
[localization_error-8] [0m[INFO] [1789222757.766400501] [localization_error]: now[200] 0.221 m / 1.45 deg  |  session[n=23688] mean 0.238 p95 0.537 max 0.917 m, heading mean 1.63 max 7.46 deg[0m
[pure_pursuit-11] [0m[INFO] [1789222757.845784284] [pure_pursuit]: lap 182: 6.50 s[0m
[log_localization-9] [0m[INFO] [1789222760.408975786] [log_localization]: 1190.0 s  5076.4 m  err 0.037 m (along -0.034 cross -0.015) yaw  +0.35 deg  m->o yaw  +0.23 deg | fit true 0.013 est 0.018 (x1.43)  enc/true 1.019  dr_err 22.58 m[0m
[localization_error-8] [0m[INFO] [1789222762.767057298] [localization_error]: now[200] 0.223 m / 1.48 deg  |  session[n=23788] mean 0.239 p95 0.537 max 0.917 m, heading mean 1.63 max 7.46 deg[0m
[pure_pursuit-11] [0m[INFO] [1789222764.355142423] [pure_pursuit]: lap 183: 6.50 s[0m
[log_localization-9] [0m[INFO] [1789222765.408910930] [log_localization]: 1195.0 s  5097.6 m  err 0.122 m (along +0.122 cross -0.005) yaw  +0.45 deg  m->o yaw  +0.37 deg | fit true 0.008 est 0.020 (x2.49)  enc/true 1.019  dr_err 22.63 m[0m
[localization_error-8] [0m[INFO] [1789222767.766722004] [localization_error]: now[200] 0.247 m / 1.57 deg  |  session[n=23888] mean 0.239 p95 0.538 max 0.917 m, heading mean 1.63 max 7.46 deg[0m
[log_localization-9] [0m[INFO] [1789222770.408194963] [log_localization]: 1199.9 s  5118.0 m  err 0.019 m (along -0.017 cross -0.008) yaw  +2.33 deg  m->o yaw  +2.51 deg | fit true 0.026 est 0.015 (x0.58)  enc/true 1.019  dr_err 22.82 m[0m
[pure_pursuit-11] [0m[INFO] [1789222770.894354481] [pure_pursuit]: lap 184: 6.54 s[0m
[localization_error-8] [0m[INFO] [1789222772.766540335] [localization_error]: now[200] 0.240 m / 1.49 deg  |  session[n=23988] mean 0.239 p95 0.538 max 0.917 m, heading mean 1.63 max 7.46 deg[0m
[log_localization-9] [0m[INFO] [1789222775.408680742] [log_localization]: 1205.0 s  5140.0 m  err 0.101 m (along +0.099 cross +0.020) yaw  +0.24 deg  m->o yaw  +0.16 deg | fit true 0.001 est 0.010 (x13.47)  enc/true 1.019  dr_err 22.85 m[0m
[pure_pursuit-11] [0m[INFO] [1789222777.382016274] [pure_pursuit]: lap 185: 6.48 s[0m
[localization_error-8] [0m[INFO] [1789222777.766854954] [localization_error]: now[200] 0.238 m / 1.75 deg  |  session[n=24088] mean 0.239 p95 0.538 max 0.917 m, heading mean 1.63 max 7.46 deg[0m
[log_localization-9] [0m[INFO] [1789222780.408243422] [log_localization]: 1209.9 s  5161.5 m  err 0.080 m (along +0.080 cross -0.006) yaw  -0.84 deg  m->o yaw  -0.81 deg | fit true 0.033 est 0.044 (x1.35)  enc/true 1.019  dr_err 22.91 m[0m
[localization_error-8] [0m[INFO] [1789222782.765829640] [localization_error]: now[200] 0.246 m / 1.85 deg  |  session[n=24188] mean 0.239 p95 0.538 max 0.917 m, heading mean 1.63 max 7.46 deg[0m
[pure_pursuit-11] [0m[INFO] [1789222783.984629551] [pure_pursuit]: lap 186: 6.59 s[0m
[log_localization-9] [0m[INFO] [1789222785.408235274] [log_localization]: 1214.9 s  5184.1 m  err 0.160 m (along -0.160 cross -0.008) yaw  +0.98 deg  m->o yaw  +0.78 deg | fit true 0.025 est 0.020 (x0.81)  enc/true 1.019  dr_err 23.02 m[0m
[localization_error-8] [0m[INFO] [1789222787.765924650] [localization_error]: now[200] 0.250 m / 1.54 deg  |  session[n=24288] mean 0.239 p95 0.539 max 0.917 m, heading mean 1.63 max 7.46 deg[0m
[log_localization-9] [0m[INFO] [1789222790.408191128] [log_localization]: 1219.9 s  5203.4 m  err 0.082 m (along +0.071 cross -0.041) yaw  -0.71 deg  m->o yaw  -0.59 deg | fit true 0.018 est 0.024 (x1.33)  enc/true 1.019  dr_err 23.21 m[0m
[pure_pursuit-11] [0m[INFO] [1789222790.452820311] [pure_pursuit]: lap 187: 6.47 s[0m
[localization_error-8] [0m[INFO] [1789222792.766312588] [localization_error]: now[200] 0.236 m / 1.40 deg  |  session[n=24388] mean 0.239 p95 0.539 max 0.917 m, heading mean 1.63 max 7.46 deg[0m
[log_localization-9] [0m[INFO] [1789222795.410031123] [log_localization]: 1225.0 s  5226.2 m  err 0.032 m (along -0.032 cross +0.005) yaw  +1.07 deg  m->o yaw  +0.79 deg | fit true 0.014 est 0.016 (x1.12)  enc/true 1.019  dr_err 23.25 m[0m
[pure_pursuit-11] [0m[INFO] [1789222796.938680633] [pure_pursuit]: lap 188: 6.49 s[0m
[localization_error-8] [0m[INFO] [1789222797.765960067] [localization_error]: now[200] 0.236 m / 1.46 deg  |  session[n=24488] mean 0.239 p95 0.538 max 0.917 m, heading mean 1.63 max 7.46 deg[0m
[log_localization-9] [0m[INFO] [1789222800.408918614] [log_localization]: 1230.0 s  5246.9 m  err 0.152 m (along +0.150 cross -0.026) yaw  -1.13 deg  m->o yaw  -0.73 deg | fit true 0.049 est 0.046 (x0.92)  enc/true 1.019  dr_err 23.40 m[0m
[localization_error-8] [0m[INFO] [1789222802.765951337] [localization_error]: now[200] 0.228 m / 1.64 deg  |  session[n=24588] mean 0.239 p95 0.538 max 0.917 m, heading mean 1.63 max 7.46 deg[0m
[pure_pursuit-11] [0m[INFO] [1789222803.456695923] [pure_pursuit]: lap 189: 6.49 s[0m
[log_localization-9] [0m[INFO] [1789222805.408220173] [log_localization]: 1234.9 s  5269.8 m  err 0.074 m (along -0.073 cross -0.014) yaw  +1.67 deg  m->o yaw  +1.74 deg | fit true 0.039 est 0.038 (x0.97)  enc/true 1.019  dr_err 23.45 m[0m
[localization_error-8] [0m[INFO] [1789222807.766471449] [localization_error]: now[200] 0.264 m / 1.87 deg  |  session[n=24688] mean 0.239 p95 0.540 max 0.917 m, heading mean 1.63 max 7.46 deg[0m
[pure_pursuit-11] [0m[INFO] [1789222809.958432862] [pure_pursuit]: lap 190: 6.51 s[0m
[log_localization-9] [0m[INFO] [1789222810.408499284] [log_localization]: 1240.0 s  5289.1 m  err 0.193 m (along +0.192 cross -0.019) yaw  +0.11 deg  m->o yaw  +0.22 deg | fit true 0.009 est 0.029 (x3.13)  enc/true 1.019  dr_err 23.58 m[0m
[localization_error-8] [0m[INFO] [1789222812.766150907] [localization_error]: now[200] 0.268 m / 1.69 deg  |  session[n=24788] mean 0.239 p95 0.539 max 0.917 m, heading mean 1.63 max 7.46 deg[0m
[log_localization-9] [0m[INFO] [1789222815.408298795] [log_localization]: 1244.9 s  5311.6 m  err 0.090 m (along -0.090 cross -0.000) yaw  +3.72 deg  m->o yaw  +3.55 deg | fit true 0.016 est 0.021 (x1.25)  enc/true 1.019  dr_err 23.66 m[0m
[pure_pursuit-11] [0m[INFO] [1789222816.518236465] [pure_pursuit]: lap 191: 6.56 s[0m
[localization_error-8] [0m[INFO] [1789222817.766338938] [localization_error]: now[200] 0.253 m / 1.49 deg  |  session[n=24888] mean 0.239 p95 0.539 max 0.917 m, heading mean 1.63 max 7.46 deg[0m
[log_localization-9] [0m[INFO] [1789222820.408935421] [log_localization]: 1250.0 s  5332.7 m  err 0.126 m (along +0.126 cross -0.002) yaw  +0.55 deg  m->o yaw  +0.58 deg | fit true 0.023 est 0.031 (x1.32)  enc/true 1.019  dr_err 23.76 m[0m
[localization_error-8] [0m[INFO] [1789222822.766286582] [localization_error]: now[200] 0.226 m / 1.74 deg  |  session[n=24988] mean 0.239 p95 0.538 max 0.917 m, heading mean 1.63 max 7.46 deg[0m
[pure_pursuit-11] [0m[INFO] [1789222822.983010382] [pure_pursuit]: lap 192: 6.47 s[0m
[log_localization-9] [0m[INFO] [1789222825.408261876] [log_localization]: 1255.0 s  5354.9 m  err 0.011 m (along -0.008 cross -0.007) yaw  +1.15 deg  m->o yaw  +1.12 deg | fit true 0.019 est 0.023 (x1.20)  enc/true 1.019  dr_err 23.81 m[0m
[localization_error-8] [0m[INFO] [1789222827.767097276] [localization_error]: now[200] 0.226 m / 1.73 deg  |  session[n=25088] mean 0.239 p95 0.538 max 0.917 m, heading mean 1.63 max 7.46 deg[0m
[pure_pursuit-11] [0m[INFO] [1789222829.537449625] [pure_pursuit]: lap 193: 6.55 s[0m
[log_localization-9] [0m[INFO] [1789222830.408507248] [log_localization]: 1260.0 s  5375.4 m  err 0.178 m (along +0.178 cross -0.004) yaw  -0.33 deg  m->o yaw  -0.73 deg | fit true 0.015 est 0.022 (x1.45)  enc/true 1.019  dr_err 23.84 m[0m
[localization_error-8] [0m[INFO] [1789222832.766178220] [localization_error]: now[200] 0.241 m / 1.60 deg  |  session[n=25188] mean 0.239 p95 0.538 max 0.917 m, heading mean 1.63 max 7.46 deg[0m
[log_localization-9] [0m[INFO] [1789222835.408227771] [log_localization]: 1264.9 s  5396.5 m  err 0.017 m (along -0.017 cross -0.005) yaw  +2.04 deg  m->o yaw  +2.04 deg | fit true 0.023 est 0.018 (x0.79)  enc/true 1.019  dr_err 24.00 m[0m
[pure_pursuit-11] [0m[INFO] [1789222836.007619220] [pure_pursuit]: lap 194: 6.46 s[0m
[localization_error-8] [0m[INFO] [1789222837.766866603] [localization_error]: now[200] 0.239 m / 1.50 deg  |  session[n=25288] mean 0.239 p95 0.538 max 0.917 m, heading mean 1.63 max 7.46 deg[0m
[log_localization-9] [0m[INFO] [1789222840.408209504] [log_localization]: 1269.9 s  5418.3 m  err 0.099 m (along +0.098 cross +0.010) yaw  +1.29 deg  m->o yaw  +1.13 deg | fit true 0.010 est 0.030 (x2.94)  enc/true 1.019  dr_err 24.08 m[0m
[pure_pursuit-11] [0m[INFO] [1789222842.512786731] [pure_pursuit]: lap 195: 6.52 s[0m
[localization_error-8] [0m[INFO] [1789222842.766487822] [localization_error]: now[200] 0.226 m / 1.63 deg  |  session[n=25388] mean 0.239 p95 0.537 max 0.917 m, heading mean 1.63 max 7.46 deg[0m
[log_localization-9] [0m[INFO] [1789222845.408264925] [log_localization]: 1274.9 s  5439.7 m  err 0.064 m (along +0.055 cross -0.033) yaw  -1.95 deg  m->o yaw  -2.04 deg | fit true 0.044 est 0.047 (x1.08)  enc/true 1.019  dr_err 24.14 m[0m
[localization_error-8] [0m[INFO] [1789222847.766287130] [localization_error]: now[200] 0.237 m / 1.75 deg  |  session[n=25488] mean 0.239 p95 0.538 max 0.917 m, heading mean 1.63 max 7.46 deg[0m
[pure_pursuit-11] [0m[INFO] [1789222849.023654586] [pure_pursuit]: lap 196: 6.50 s[0m
[log_localization-9] [0m[INFO] [1789222850.408176999] [log_localization]: 1279.9 s  5462.2 m  err 0.146 m (along -0.146 cross -0.001) yaw  +1.63 deg  m->o yaw  +1.59 deg | fit true 0.012 est 0.018 (x1.52)  enc/true 1.019  dr_err 24.24 m[0m
[localization_error-8] [0m[INFO] [1789222852.765904180] [localization_error]: now[200] 0.262 m / 1.65 deg  |  session[n=25588] mean 0.239 p95 0.538 max 0.917 m, heading mean 1.63 max 7.46 deg[0m
[log_localization-9] [0m[INFO] [1789222855.408655658] [log_localization]: 1284.9 s  5481.6 m  err 0.083 m (along +0.079 cross -0.028) yaw  -0.30 deg  m->o yaw  -0.26 deg | fit true 0.020 est 0.020 (x1.01)  enc/true 1.019  dr_err 24.44 m[0m
[pure_pursuit-11] [0m[INFO] [1789222855.491806954] [pure_pursuit]: lap 197: 6.47 s[0m
[localization_error-8] [0m[INFO] [1789222857.766046398] [localization_error]: now[200] 0.237 m / 1.44 deg  |  session[n=25688] mean 0.239 p95 0.538 max 0.917 m, heading mean 1.63 max 7.46 deg[0m
[log_localization-9] [0m[INFO] [1789222860.408663592] [log_localization]: 1289.9 s  5504.4 m  err 0.046 m (along -0.045 cross +0.010) yaw  +1.10 deg  m->o yaw  +1.02 deg | fit true 0.012 est 0.017 (x1.44)  enc/true 1.019  dr_err 24.44 m[0m
[pure_pursuit-11] [0m[INFO] [1789222862.025557625] [pure_pursuit]: lap 198: 6.53 s[0m
[localization_error-8] [0m[INFO] [1789222862.766271686] [localization_error]: now[200] 0.226 m / 1.45 deg  |  session[n=25788] mean 0.239 p95 0.537 max 0.917 m, heading mean 1.63 max 7.46 deg[0m
[log_localization-9] [0m[INFO] [1789222865.408310495] [log_localization]: 1294.9 s  5525.0 m  err 0.076 m (along +0.073 cross -0.023) yaw  -0.19 deg  m->o yaw  -0.23 deg | fit true 0.060 est 0.061 (x1.02)  enc/true 1.019  dr_err 24.54 m[0m
[localization_error-8] [0m[INFO] [1789222867.765959639] [localization_error]: now[200] 0.212 m / 1.74 deg  |  session[n=25888] mean 0.239 p95 0.537 max 0.917 m, heading mean 1.63 max 7.46 deg[0m
[pure_pursuit-11] [0m[INFO] [1789222868.491151964] [pure_pursuit]: lap 199: 6.47 s[0m
[log_localization-9] [0m[INFO] [1789222870.408704040] [log_localization]: 1300.0 s  5547.9 m  err 0.114 m (along -0.112 cross -0.018) yaw  +2.13 deg  m->o yaw  +2.17 deg | fit true 0.071 est 0.050 (x0.70)  enc/true 1.019  dr_err 24.60 m[0m
[localization_error-8] [0m[INFO] [1789222872.766946018] [localization_error]: now[200] 0.229 m / 1.75 deg  |  session[n=25988] mean 0.239 p95 0.538 max 0.917 m, heading mean 1.63 max 7.46 deg[0m
[pure_pursuit-11] [0m[INFO] [1789222875.009222124] [pure_pursuit]: lap 200: 6.51 s[0m
[log_localization-9] [0m[INFO] [1789222875.408219867] [log_localization]: 1305.0 s  5567.2 m  err 0.153 m (along +0.151 cross -0.021) yaw  +0.25 deg  m->o yaw  +0.24 deg | fit true 0.019 est 0.028 (x1.42)  enc/true 1.019  dr_err 24.77 m[0m
[localization_error-8] [0m[INFO] [1789222877.766223044] [localization_error]: now[200] 0.244 m / 1.43 deg  |  session[n=26088] mean 0.239 p95 0.538 max 0.917 m, heading mean 1.63 max 7.46 deg[0m
[log_localization-9] [0m[INFO] [1789222880.408324839] [log_localization]: 1309.9 s  5589.7 m  err 0.092 m (along -0.092 cross -0.001) yaw  +4.18 deg  m->o yaw  +3.90 deg | fit true 0.028 est 0.023 (x0.83)  enc/true 1.019  dr_err 24.85 m[0m
[pure_pursuit-11] [0m[INFO] [1789222881.498761264] [pure_pursuit]: lap 201: 6.48 s[0m
[localization_error-8] [0m[INFO] [1789222882.765931521] [localization_error]: now[200] 0.252 m / 1.42 deg  |  session[n=26188] mean 0.239 p95 0.538 max 0.917 m, heading mean 1.63 max 7.46 deg[0m
[log_localization-9] [0m[INFO] [1789222885.408556515] [log_localization]: 1315.0 s  5610.8 m  err 0.073 m (along +0.073 cross +0.002) yaw  -0.17 deg  m->o yaw  +0.09 deg | fit true 0.024 est 0.027 (x1.11)  enc/true 1.019  dr_err 24.95 m[0m
[localization_error-8] [0m[INFO] [1789222887.765920915] [localization_error]: now[200] 0.224 m / 1.69 deg  |  session[n=26288] mean 0.238 p95 0.538 max 0.917 m, heading mean 1.63 max 7.46 deg[0m
[pure_pursuit-11] [0m[INFO] [1789222888.073136464] [pure_pursuit]: lap 202: 6.58 s[0m
[log_localization-9] [0m[INFO] [1789222890.408109364] [log_localization]: 1319.9 s  5633.1 m  err 0.030 m (along -0.022 cross +0.020) yaw  +2.23 deg  m->o yaw  +2.17 deg | fit true 0.026 est 0.021 (x0.82)  enc/true 1.019  dr_err 25.01 m[0m
[localization_error-8] [0m[INFO] [1789222892.767468043] [localization_error]: now[200] 0.225 m / 1.57 deg  |  session[n=26388] mean 0.239 p95 0.538 max 0.917 m, heading mean 1.63 max 7.46 deg[0m
[pure_pursuit-11] [0m[INFO] [1789222894.583854067] [pure_pursuit]: lap 203: 6.51 s[0m
[log_localization-9] [0m[INFO] [1789222895.408292632] [log_localization]: 1325.0 s  5653.5 m  err 0.280 m (along +0.280 cross -0.007) yaw  -0.11 deg  m->o yaw  -0.33 deg | fit true 0.005 est 0.029 (x5.41)  enc/true 1.019  dr_err 25.08 m[0m
[localization_error-8] [0m[INFO] [1789222897.767223433] [localization_error]: now[200] 0.248 m / 1.32 deg  |  session[n=26488] mean 0.239 p95 0.538 max 0.917 m, heading mean 1.63 max 7.46 deg[0m
[log_localization-9] [0m[INFO] [1789222900.408396291] [log_localization]: 1330.0 s  5674.7 m  err 0.042 m (along -0.041 cross -0.008) yaw  +3.40 deg  m->o yaw  +3.03 deg | fit true 0.022 est 0.015 (x0.69)  enc/true 1.019  dr_err 25.21 m[0m
[pure_pursuit-11] [0m[INFO] [1789222901.095367337] [pure_pursuit]: lap 204: 6.51 s[0m
[localization_error-8] [0m[INFO] [1789222902.766639090] [localization_error]: now[200] 0.246 m / 1.41 deg  |  session[n=26588] mean 0.239 p95 0.537 max 0.917 m, heading mean 1.63 max 7.46 deg[0m
[log_localization-9] [0m[INFO] [1789222905.408257416] [log_localization]: 1334.9 s  5696.3 m  err 0.086 m (along +0.085 cross -0.009) yaw  -0.28 deg  m->o yaw  -0.43 deg | fit true 0.013 est 0.024 (x1.88)  enc/true 1.019  dr_err 25.31 m[0m
[pure_pursuit-11] [0m[INFO] [1789222907.606796629] [pure_pursuit]: lap 205: 6.52 s[0m
[localization_error-8] [0m[INFO] [1789222907.766041384] [localization_error]: now[200] 0.223 m / 1.57 deg  |  session[n=26688] mean 0.238 p95 0.537 max 0.917 m, heading mean 1.63 max 7.46 deg[0m
[pure_pursuit-11] [0m[INFO] [1789222909.702899257] [pure_pursuit]: control_hz 45.2 -> 39.3 (tick 39.3 Hz)[0m
[log_localization-9] [0m[INFO] [1789222910.408232797] [log_localization]: 1339.9 s  5717.9 m  err 0.072 m (along +0.068 cross -0.026) yaw  -1.52 deg  m->o yaw  -1.76 deg | fit true 0.029 est 0.038 (x1.30)  enc/true 1.019  dr_err 25.35 m[0m
[pure_pursuit-11] [0m[INFO] [1789222910.702880236] [pure_pursuit]: control_hz 39.3 -> 47.7 (tick 47.7 Hz)[0m
[localization_error-8] [0m[INFO] [1789222912.766819226] [localization_error]: now[200] 0.220 m / 1.56 deg  |  session[n=26788] mean 0.239 p95 0.537 max 0.917 m, heading mean 1.63 max 7.46 deg[0m
[pure_pursuit-11] [0m[INFO] [1789222914.096475166] [pure_pursuit]: lap 206: 6.49 s[0m
[log_localization-9] [0m[INFO] [1789222915.408377173] [log_localization]: 1345.0 s  5740.0 m  err 0.101 m (along -0.101 cross -0.003) yaw  +1.42 deg  m->o yaw  +1.25 deg | fit true 0.015 est 0.004 (x0.24)  enc/true 1.019  dr_err 25.46 m[0m
[localization_error-8] [0m[INFO] [1789222917.766840321] [localization_error]: now[200] 0.261 m / 1.60 deg  |  session[n=26888] mean 0.239 p95 0.538 max 0.917 m, heading mean 1.63 max 7.46 deg[0m
[log_localization-9] [0m[INFO] [1789222920.408256272] [log_localization]: 1349.9 s  5759.6 m  err 0.102 m (along +0.097 cross -0.031) yaw  -1.04 deg  m->o yaw  -0.68 deg | fit true 0.021 est 0.033 (x1.53)  enc/true 1.019  dr_err 25.68 m[0m
[pure_pursuit-11] [0m[INFO] [1789222920.608269356] [pure_pursuit]: lap 207: 6.52 s[0m
[localization_error-8] [0m[INFO] [1789222922.765840469] [localization_error]: now[200] 0.255 m / 1.57 deg  |  session[n=26988] mean 0.239 p95 0.538 max 0.917 m, heading mean 1.63 max 7.46 deg[0m
[log_localization-9] [0m[INFO] [1789222925.408221722] [log_localization]: 1354.9 s  5782.2 m  err 0.088 m (along +0.088 cross +0.009) yaw  -0.12 deg  m->o yaw  -0.29 deg | fit true 0.013 est 0.029 (x2.30)  enc/true 1.019  dr_err 25.65 m[0m
[pure_pursuit-11] [0m[INFO] [1789222927.140130339] [pure_pursuit]: lap 208: 6.52 s[0m
[localization_error-8] [0m[INFO] [1789222927.767073299] [localization_error]: now[200] 0.241 m / 1.64 deg  |  session[n=27088] mean 0.239 p95 0.538 max 0.917 m, heading mean 1.63 max 7.46 deg[0m
[log_localization-9] [0m[INFO] [1789222930.408206280] [log_localization]: 1359.9 s  5802.8 m  err 0.105 m (along +0.100 cross -0.034) yaw  -1.08 deg  m->o yaw  -0.92 deg | fit true 0.070 est 0.081 (x1.16)  enc/true 1.019  dr_err 25.75 m[0m
[localization_error-8] [0m[INFO] [1789222932.767460548] [localization_error]: now[200] 0.247 m / 1.88 deg  |  session[n=27188] mean 0.239 p95 0.537 max 0.917 m, heading mean 1.63 max 7.46 deg[0m
[pure_pursuit-11] [0m[INFO] [1789222933.605068616] [pure_pursuit]: lap 209: 6.48 s[0m
[log_localization-9] [0m[INFO] [1789222935.409635352] [log_localization]: 1365.0 s  5825.7 m  err 0.163 m (along -0.159 cross -0.038) yaw  +2.60 deg  m->o yaw  +2.72 deg | fit true 0.027 est 0.040 (x1.50)  enc/true 1.019  dr_err 25.81 m[0m
[pure_pursuit-11] [0m[INFO] [1789222936.703051727] [pure_pursuit]: control_hz 47.7 -> 42.9 (tick 42.9 Hz)[0m
[localization_error-8] [0m[INFO] [1789222937.766130971] [localization_error]: now[200] 0.242 m / 1.77 deg  |  session[n=27288] mean 0.239 p95 0.537 max 0.917 m, heading mean 1.63 max 7.46 deg[0m
[pure_pursuit-11] [0m[INFO] [1789222939.702917638] [pure_pursuit]: control_hz 42.9 -> 47.5 (tick 47.5 Hz)[0m
[pure_pursuit-11] [0m[INFO] [1789222940.162673929] [pure_pursuit]: lap 210: 6.54 s[0m
[log_localization-9] [0m[INFO] [1789222940.408682264] [log_localization]: 1370.0 s  5844.9 m  err 0.200 m (along +0.194 cross -0.049) yaw  -0.84 deg  m->o yaw  -0.92 deg | fit true 0.013 est 0.026 (x2.08)  enc/true 1.019  dr_err 25.98 m[0m
[localization_error-8] [0m[INFO] [1789222942.766876737] [localization_error]: now[200] 0.229 m / 1.57 deg  |  session[n=27388] mean 0.239 p95 0.537 max 0.917 m, heading mean 1.63 max 7.46 deg[0m
[log_localization-9] [0m[INFO] [1789222945.408458003] [log_localization]: 1374.9 s  5867.6 m  err 0.188 m (along -0.187 cross -0.015) yaw  +4.04 deg  m->o yaw  +3.93 deg | fit true 0.024 est 0.006 (x0.23)  enc/true 1.019  dr_err 26.03 m[0m
[pure_pursuit-11] [0m[INFO] [1789222946.738886592] [pure_pursuit]: lap 211: 6.58 s[0m
[localization_error-8] [0m[INFO] [1789222947.766823178] [localization_error]: now[200] 0.242 m / 1.68 deg  |  session[n=27488] mean 0.239 p95 0.537 max 0.917 m, heading mean 1.63 max 7.46 deg[0m
[log_localization-9] [0m[INFO] [1789222950.409887031] [log_localization]: 1380.0 s  5888.3 m  err 0.079 m (along +0.079 cross -0.006) yaw  +0.39 deg  m->o yaw  +0.54 deg | fit true 0.035 est 0.035 (x0.98)  enc/true 1.019  dr_err 26.19 m[0m
[localization_error-8] [0m[INFO] [1789222952.765886966] [localization_error]: now[200] 0.224 m / 1.66 deg  |  session[n=27588] mean 0.239 p95 0.536 max 0.917 m, heading mean 1.63 max 7.46 deg[0m
[pure_pursuit-11] [0m[INFO] [1789222953.248543546] [pure_pursuit]: lap 212: 6.51 s[0m
[log_localization-9] [0m[INFO] [1789222955.408799923] [log_localization]: 1385.0 s  5910.8 m  err 0.006 m (along -0.006 cross +0.002) yaw  +3.35 deg  m->o yaw  +3.52 deg | fit true 0.033 est 0.036 (x1.10)  enc/true 1.019  dr_err 26.11 m[0m
[pure_pursuit-11] [0m[INFO] [1789222956.702945722] [pure_pursuit]: control_hz 47.5 -> 37.2 (tick 37.2 Hz)[0m
[pure_pursuit-11] [0m[INFO] [1789222957.702945988] [pure_pursuit]: control_hz 37.2 -> 46.0 (tick 46.0 Hz)[0m
[localization_error-8] [0m[INFO] [1789222957.765887463] [localization_error]: now[200] 0.213 m / 1.38 deg  |  session[n=27688] mean 0.238 p95 0.536 max 0.917 m, heading mean 1.63 max 7.46 deg[0m
[pure_pursuit-11] [0m[INFO] [1789222959.786639990] [pure_pursuit]: lap 213: 6.52 s[0m
[log_localization-9] [0m[INFO] [1789222960.408603664] [log_localization]: 1389.9 s  5930.5 m  err 0.227 m (along +0.227 cross -0.006) yaw  -0.02 deg  m->o yaw  +0.19 deg | fit true 0.013 est 0.049 (x3.94)  enc/true 1.019  dr_err 26.24 m[0m
[localization_error-8] [0m[INFO] [1789222962.766998453] [localization_error]: now[200] 0.217 m / 1.20 deg  |  session[n=27788] mean 0.238 p95 0.536 max 0.917 m, heading mean 1.63 max 7.46 deg[0m
[log_localization-9] [0m[INFO] [1789222965.408109315] [log_localization]: 1394.9 s  5952.4 m  err 0.103 m (along -0.103 cross -0.003) yaw  +4.79 deg  m->o yaw  +4.74 deg | fit true 0.024 est 0.018 (x0.73)  enc/true 1.019  dr_err 26.37 m[0m
[pure_pursuit-11] [0m[INFO] [1789222966.269769177] [pure_pursuit]: lap 214: 6.48 s[0m
[localization_error-8] [0m[INFO] [1789222967.766880478] [localization_error]: now[200] 0.250 m / 1.41 deg  |  session[n=27888] mean 0.239 p95 0.536 max 0.917 m, heading mean 1.63 max 7.46 deg[0m
[log_localization-9] [0m[INFO] [1789222970.408177520] [log_localization]: 1399.9 s  5973.9 m  err 0.116 m (along +0.115 cross -0.014) yaw  +0.33 deg  m->o yaw  +0.16 deg | fit true 0.014 est 0.033 (x2.46)  enc/true 1.019  dr_err 26.56 m[0m
[pure_pursuit-11] [0m[INFO] [1789222972.760752507] [pure_pursuit]: lap 215: 6.49 s[0m
[localization_error-8] [0m[INFO] [1789222972.765950300] [localization_error]: now[200] 0.244 m / 1.59 deg  |  session[n=27988] mean 0.238 p95 0.536 max 0.917 m, heading mean 1.63 max 7.46 deg[0m
[log_localization-9] [0m[INFO] [1789222975.408243331] [log_localization]: 1404.9 s  5995.7 m  err 0.039 m (along +0.037 cross -0.012) yaw  -0.54 deg  m->o yaw  -0.81 deg | fit true 0.012 est 0.019 (x1.60)  enc/true 1.019  dr_err 26.55 m[0m
[localization_error-8] [0m[INFO] [1789222977.766246254] [localization_error]: now[200] 0.227 m / 1.55 deg  |  session[n=28088] mean 0.238 p95 0.535 max 0.917 m, heading mean 1.63 max 7.46 deg[0m
[pure_pursuit-11] [0m[INFO] [1789222979.340599798] [pure_pursuit]: lap 216: 6.59 s[0m
[log_localization-9] [0m[INFO] [1789222980.408231984] [log_localization]: 1409.9 s  6017.0 m  err 0.151 m (along +0.150 cross -0.011) yaw  -0.05 deg  m->o yaw  +0.10 deg | fit true 0.003 est 0.013 (x4.41)  enc/true 1.019  dr_err 26.66 m[0m
[localization_error-8] [0m[INFO] [1789222982.766194719] [localization_error]: now[200] 0.244 m / 1.37 deg  |  session[n=28188] mean 0.238 p95 0.536 max 0.917 m, heading mean 1.62 max 7.46 deg[0m
[log_localization-9] [0m[INFO] [1789222985.408322491] [log_localization]: 1414.9 s  6037.3 m  err 0.048 m (along -0.046 cross -0.015) yaw  +2.40 deg  m->o yaw  +2.76 deg | fit true 0.009 est 0.006 (x0.71)  enc/true 1.019  dr_err 26.81 m[0m
[pure_pursuit-11] [0m[INFO] [1789222985.894558922] [pure_pursuit]: lap 217: 6.55 s[0m
[localization_error-8] [0m[INFO] [1789222987.765926723] [localization_error]: now[200] 0.239 m / 1.26 deg  |  session[n=28288] mean 0.238 p95 0.535 max 0.917 m, heading mean 1.62 max 7.46 deg[0m
[log_localization-9] [0m[INFO] [1789222990.408754269] [log_localization]: 1420.0 s  6059.3 m  err 0.119 m (along +0.118 cross +0.012) yaw  -0.10 deg  m->o yaw  -0.39 deg | fit true 0.010 est 0.019 (x1.99)  enc/true 1.019  dr_err 26.89 m[0m
[pure_pursuit-11] [0m[INFO] [1789222992.401389945] [pure_pursuit]: lap 218: 6.52 s[0m
[localization_error-8] [0m[INFO] [1789222992.766294362] [localization_error]: now[200] 0.220 m / 1.51 deg  |  session[n=28388] mean 0.238 p95 0.534 max 0.917 m, heading mean 1.62 max 7.46 deg[0m
[log_localization-9] [0m[INFO] [1789222995.408336529] [log_localization]: 1424.9 s  6080.6 m  err 0.110 m (along +0.105 cross -0.035) yaw  -2.49 deg  m->o yaw  -2.20 deg | fit true 0.054 est 0.075 (x1.39)  enc/true 1.019  dr_err 26.94 m[0m
[localization_error-8] [0m[INFO] [1789222997.766283718] [localization_error]: now[200] 0.227 m / 1.53 deg  |  session[n=28488] mean 0.238 p95 0.534 max 0.917 m, heading mean 1.62 max 7.46 deg[0m
[pure_pursuit-11] [0m[INFO] [1789222998.917850787] [pure_pursuit]: lap 219: 6.49 s[0m
[log_localization-9] [0m[INFO] [1789223000.408282683] [log_localization]: 1429.9 s  6103.3 m  err 0.254 m (along -0.254 cross -0.014) yaw  +2.20 deg  m->o yaw  +2.35 deg | fit true 0.026 est 0.028 (x1.09)  enc/true 1.019  dr_err 27.02 m[0m
[localization_error-8] [0m[INFO] [1789223002.766832105] [localization_error]: now[200] 0.250 m / 1.48 deg  |  session[n=28588] mean 0.238 p95 0.534 max 0.917 m, heading mean 1.62 max 7.46 deg[0m
[pure_pursuit-11] [0m[INFO] [1789223005.402933014] [pure_pursuit]: lap 220: 6.50 s[0m
[log_localization-9] [0m[INFO] [1789223005.408781679] [log_localization]: 1435.0 s  6122.4 m  err 0.086 m (along +0.081 cross -0.027) yaw  -0.97 deg  m->o yaw  -1.10 deg | fit true 0.014 est 0.023 (x1.68)  enc/true 1.019  dr_err 27.18 m[0m
[localization_error-8] [0m[INFO] [1789223007.766723263] [localization_error]: now[200] 0.230 m / 1.54 deg  |  session[n=28688] mean 0.238 p95 0.533 max 0.917 m, heading mean 1.62 max 7.46 deg[0m
[log_localization-9] [0m[INFO] [1789223010.408658270] [log_localization]: 1439.9 s  6145.1 m  err 0.109 m (along -0.109 cross +0.002) yaw  +1.25 deg  m->o yaw  +1.28 deg | fit true 0.010 est 0.004 (x0.36)  enc/true 1.019  dr_err 27.23 m[0m
[pure_pursuit-11] [0m[INFO] [1789223011.988875686] [pure_pursuit]: lap 221: 6.57 s[0m
[localization_error-8] [0m[INFO] [1789223012.766419512] [localization_error]: now[200] 0.229 m / 1.54 deg  |  session[n=28788] mean 0.238 p95 0.533 max 0.917 m, heading mean 1.62 max 7.46 deg[0m
[log_localization-9] [0m[INFO] [1789223015.408250783] [log_localization]: 1444.9 s  6165.8 m  err 0.127 m (along +0.124 cross -0.027) yaw  -0.84 deg  m->o yaw  -0.76 deg | fit true 0.056 est 0.065 (x1.16)  enc/true 1.019  dr_err 27.31 m[0m
[localization_error-8] [0m[INFO] [1789223017.766182227] [localization_error]: now[200] 0.229 m / 1.58 deg  |  session[n=28888] mean 0.238 p95 0.532 max 0.917 m, heading mean 1.62 max 7.46 deg[0m
[pure_pursuit-11] [0m[INFO] [1789223018.513098880] [pure_pursuit]: lap 222: 6.54 s[0m
[log_localization-9] [0m[INFO] [1789223020.408845552] [log_localization]: 1450.0 s  6188.7 m  err 0.099 m (along -0.099 cross -0.006) yaw  +1.99 deg  m->o yaw  +1.91 deg | fit true 0.068 est 0.042 (x0.62)  enc/true 1.019  dr_err 27.34 m[0m
[localization_error-8] [0m[INFO] [1789223022.765961362] [localization_error]: now[200] 0.237 m / 1.62 deg  |  session[n=28988] mean 0.238 p95 0.532 max 0.917 m, heading mean 1.62 max 7.46 deg[0m
[pure_pursuit-11] [0m[INFO] [1789223025.027711585] [pure_pursuit]: lap 223: 6.51 s[0m
[log_localization-9] [0m[INFO] [1789223025.408628518] [log_localization]: 1455.0 s  6207.9 m  err 0.157 m (along +0.154 cross -0.032) yaw  +0.65 deg  m->o yaw  +0.66 deg | fit true 0.022 est 0.024 (x1.08)  enc/true 1.019  dr_err 27.50 m[0m
[localization_error-8] [0m[INFO] [1789223027.766056725] [localization_error]: now[200] 0.236 m / 1.49 deg  |  session[n=29088] mean 0.238 p95 0.532 max 0.917 m, heading mean 1.62 max 7.46 deg[0m
[log_localization-9] [0m[INFO] [1789223030.408417580] [log_localization]: 1460.0 s  6230.3 m  err 0.075 m (along -0.075 cross +0.002) yaw  +3.30 deg  m->o yaw  +3.11 deg | fit true 0.028 est 0.025 (x0.88)  enc/true 1.019  dr_err 27.60 m[0m
[pure_pursuit-11] [0m[INFO] [1789223031.565164641] [pure_pursuit]: lap 224: 6.52 s[0m
[localization_error-8] [0m[INFO] [1789223032.766960998] [localization_error]: now[200] 0.244 m / 1.52 deg  |  session[n=29188] mean 0.238 p95 0.532 max 0.917 m, heading mean 1.62 max 7.46 deg[0m
[log_localization-9] [0m[INFO] [1789223035.408418741] [log_localization]: 1464.9 s  6251.3 m  err 0.048 m (along +0.048 cross +0.002) yaw  -0.35 deg  m->o yaw  -0.20 deg | fit true 0.025 est 0.024 (x0.99)  enc/true 1.019  dr_err 27.65 m[0m
[localization_error-8] [0m[INFO] [1789223037.767063819] [localization_error]: now[200] 0.226 m / 1.66 deg  |  session[n=29288] mean 0.238 p95 0.532 max 0.917 m, heading mean 1.62 max 7.46 deg[0m
[pure_pursuit-11] [0m[INFO] [1789223038.097046950] [pure_pursuit]: lap 225: 6.54 s[0m
[log_localization-9] [0m[INFO] [1789223040.408814475] [log_localization]: 1470.0 s  6273.5 m  err 0.047 m (along -0.046 cross +0.009) yaw  +1.50 deg  m->o yaw  +2.06 deg | fit true 0.023 est 0.021 (x0.90)  enc/true 1.019  dr_err 27.70 m[0m
[localization_error-8] [0m[INFO] [1789223042.765911029] [localization_error]: now[200] 0.229 m / 1.56 deg  |  session[n=29388] mean 0.238 p95 0.532 max 0.917 m, heading mean 1.62 max 7.46 deg[0m
[pure_pursuit-11] [0m[INFO] [1789223044.628874213] [pure_pursuit]: lap 226: 6.54 s[0m
[log_localization-9] [0m[INFO] [1789223045.408197985] [log_localization]: 1474.9 s  6293.7 m  err 0.162 m (along +0.162 cross -0.002) yaw  -0.59 deg  m->o yaw  -0.58 deg | fit true 0.001 est 0.025 (x21.53)  enc/true 1.019  dr_err 27.76 m[0m
[localization_error-8] [0m[INFO] [1789223047.766448632] [localization_error]: now[200] 0.233 m / 1.53 deg  |  session[n=29488] mean 0.238 p95 0.532 max 0.917 m, heading mean 1.62 max 7.46 deg[0m
[log_localization-9] [0m[INFO] [1789223050.408721128] [log_localization]: 1480.0 s  6315.1 m  err 0.112 m (along -0.110 cross -0.019) yaw  +3.88 deg  m->o yaw  +4.00 deg | fit true 0.022 est 0.009 (x0.41)  enc/true 1.019  dr_err 27.83 m[0m
[pure_pursuit-11] [0m[INFO] [1789223051.138024570] [pure_pursuit]: lap 227: 6.50 s[0m
[localization_error-8] [0m[INFO] [1789223052.765898555] [localization_error]: now[200] 0.242 m / 1.57 deg  |  session[n=29588] mean 0.238 p95 0.533 max 0.917 m, heading mean 1.62 max 7.46 deg[0m
[log_localization-9] [0m[INFO] [1789223055.409166465] [log_localization]: 1485.0 s  6336.8 m  err 0.073 m (along +0.073 cross -0.006) yaw  -0.20 deg  m->o yaw  -0.30 deg | fit true 0.033 est 0.047 (x1.44)  enc/true 1.019  dr_err 27.97 m[0m
[pure_pursuit-11] [0m[INFO] [1789223057.670301296] [pure_pursuit]: lap 228: 6.53 s[0m
[localization_error-8] [0m[INFO] [1789223057.766875384] [localization_error]: now[200] 0.240 m / 1.58 deg  |  session[n=29688] mean 0.238 p95 0.532 max 0.917 m, heading mean 1.62 max 7.46 deg[0m
[log_localization-9] [0m[INFO] [1789223060.408501880] [log_localization]: 1490.0 s  6358.5 m  err 0.038 m (along +0.033 cross -0.019) yaw  -0.23 deg  m->o yaw  -0.26 deg | fit true 0.016 est 0.023 (x1.39)  enc/true 1.019  dr_err 27.98 m[0m
[localization_error-8] [0m[INFO] [1789223062.766149699] [localization_error]: now[200] 0.234 m / 1.56 deg  |  session[n=29788] mean 0.238 p95 0.532 max 0.917 m, heading mean 1.62 max 7.46 deg[0m
[pure_pursuit-11] [0m[INFO] [1789223064.203109222] [pure_pursuit]: lap 229: 6.53 s[0m
[log_localization-9] [0m[INFO] [1789223065.408716736] [log_localization]: 1495.0 s  6380.2 m  err 0.032 m (along -0.030 cross +0.009) yaw  +1.21 deg  m->o yaw  +1.31 deg | fit true 0.012 est 0.006 (x0.53)  enc/true 1.019  dr_err 27.99 m[0m
[localization_error-8] [0m[INFO] [1789223067.766152921] [localization_error]: now[200] 0.252 m / 1.63 deg  |  session[n=29888] mean 0.238 p95 0.533 max 0.917 m, heading mean 1.62 max 7.46 deg[0m
[log_localization-9] [0m[INFO] [1789223070.409404110] [log_localization]: 1500.0 s  6400.2 m  err 0.038 m (along +0.038 cross -0.002) yaw  +1.80 deg  m->o yaw  +2.25 deg | fit true 0.053 est 0.043 (x0.83)  enc/true 1.019  dr_err 28.15 m[0m
[pure_pursuit-11] [0m[INFO] [1789223070.714149964] [pure_pursuit]: lap 230: 6.51 s[0m
[localization_error-8] [0m[INFO] [1789223072.766794616] [localization_error]: now[200] 0.234 m / 1.55 deg  |  session[n=29988] mean 0.238 p95 0.533 max 0.917 m, heading mean 1.62 max 7.46 deg[0m
[log_localization-9] [0m[INFO] [1789223075.408710373] [log_localization]: 1505.0 s  6422.7 m  err 0.030 m (along +0.029 cross +0.009) yaw  +0.29 deg  m->o yaw  -0.04 deg | fit true 0.010 est 0.020 (x1.88)  enc/true 1.019  dr_err 28.19 m[0m
[pure_pursuit-11] [0m[INFO] [1789223077.200959553] [pure_pursuit]: lap 231: 6.51 s[0m
[localization_error-8] [0m[INFO] [1789223077.765902493] [localization_error]: now[200] 0.225 m / 1.41 deg  |  session[n=30088] mean 0.238 p95 0.533 max 0.917 m, heading mean 1.62 max 7.46 deg[0m
[log_localization-9] [0m[INFO] [1789223080.408768055] [log_localization]: 1510.0 s  6443.5 m  err 0.128 m (along +0.122 cross -0.040) yaw  -2.43 deg  m->o yaw  -2.29 deg | fit true 0.063 est 0.083 (x1.32)  enc/true 1.019  dr_err 28.29 m[0m
[localization_error-8] [0m[INFO] [1789223082.767043671] [localization_error]: now[200] 0.229 m / 1.55 deg  |  session[n=30188] mean 0.238 p95 0.532 max 0.917 m, heading mean 1.62 max 7.46 deg[0m
[pure_pursuit-11] [0m[INFO] [1789223083.744946596] [pure_pursuit]: lap 232: 6.52 s[0m
[log_localization-9] [0m[INFO] [1789223085.408523028] [log_localization]: 1515.0 s  6466.2 m  err 0.200 m (along -0.199 cross -0.020) yaw  +1.88 deg  m->o yaw  +2.06 deg | fit true 0.031 est 0.033 (x1.06)  enc/true 1.019  dr_err 28.32 m[0m
[localization_error-8] [0m[INFO] [1789223087.766937875] [localization_error]: now[200] 0.243 m / 1.63 deg  |  session[n=30288] mean 0.238 p95 0.533 max 0.917 m, heading mean 1.62 max 7.46 deg[0m
[pure_pursuit-11] [0m[INFO] [1789223090.227637914] [pure_pursuit]: lap 233: 6.50 s[0m
[log_localization-9] [0m[INFO] [1789223090.408489795] [log_localization]: 1520.0 s  6485.4 m  err 0.113 m (along +0.107 cross -0.038) yaw  -0.28 deg  m->o yaw  -0.56 deg | fit true 0.013 est 0.020 (x1.55)  enc/true 1.019  dr_err 28.51 m[0m
[localization_error-8] [0m[INFO] [1789223092.766369690] [localization_error]: now[200] 0.233 m / 1.44 deg  |  session[n=30388] mean 0.238 p95 0.533 max 0.917 m, heading mean 1.62 max 7.46 deg[0m
[log_localization-9] [0m[INFO] [1789223095.408264589] [log_localization]: 1524.9 s  6508.2 m  err 0.168 m (along -0.167 cross -0.012) yaw  +2.62 deg  m->o yaw  +2.56 deg | fit true 0.016 est 0.004 (x0.24)  enc/true 1.018  dr_err 28.62 m[0m
[pure_pursuit-11] [0m[INFO] [1789223096.764761853] [pure_pursuit]: lap 234: 6.54 s[0m
[localization_error-8] [0m[INFO] [1789223097.766327242] [localization_error]: now[200] 0.229 m / 1.43 deg  |  session[n=30488] mean 0.238 p95 0.533 max 0.917 m, heading mean 1.62 max 7.46 deg[0m
[log_localization-9] [0m[INFO] [1789223100.408713969] [log_localization]: 1530.0 s  6528.9 m  err 0.123 m (along +0.123 cross -0.003) yaw  +1.18 deg  m->o yaw  +1.36 deg | fit true 0.038 est 0.038 (x1.00)  enc/true 1.018  dr_err 28.78 m[0m
[localization_error-8] [0m[INFO] [1789223102.765970632] [localization_error]: now[200] 0.224 m / 1.71 deg  |  session[n=30588] mean 0.238 p95 0.532 max 0.917 m, heading mean 1.62 max 7.46 deg[0m
[pure_pursuit-11] [0m[INFO] [1789223103.319973100] [pure_pursuit]: lap 235: 6.55 s[0m
[log_localization-9] [0m[INFO] [1789223105.408202061] [log_localization]: 1534.9 s  6551.6 m  err 0.004 m (along +0.002 cross +0.004) yaw  +0.75 deg  m->o yaw  +0.81 deg | fit true 0.033 est 0.032 (x0.95)  enc/true 1.018  dr_err 28.77 m[0m
[localization_error-8] [0m[INFO] [1789223107.765971505] [localization_error]: now[200] 0.240 m / 1.78 deg  |  session[n=30688] mean 0.238 p95 0.533 max 0.917 m, heading mean 1.62 max 7.46 deg[0m
[pure_pursuit-11] [0m[INFO] [1789223109.829309194] [pure_pursuit]: lap 236: 6.50 s[0m
[log_localization-9] [0m[INFO] [1789223110.408952648] [log_localization]: 1540.0 s  6571.2 m  err 0.285 m (along +0.285 cross +0.006) yaw  +0.89 deg  m->o yaw  +1.02 deg | fit true 0.031 est 0.044 (x1.43)  enc/true 1.018  dr_err 28.89 m[0m
[localization_error-8] [0m[INFO] [1789223112.766077408] [localization_error]: now[200] 0.248 m / 1.55 deg  |  session[n=30788] mean 0.238 p95 0.533 max 0.917 m, heading mean 1.62 max 7.46 deg[0m
[log_localization-9] [0m[INFO] [1789223115.408693689] [log_localization]: 1544.9 s  6593.2 m  err 0.111 m (along -0.111 cross -0.004) yaw  +4.67 deg  m->o yaw  +4.37 deg | fit true 0.022 est 0.016 (x0.72)  enc/true 1.018  dr_err 29.02 m[0m
[pure_pursuit-11] [0m[INFO] [1789223116.319368241] [pure_pursuit]: lap 237: 6.51 s[0m
[pure_pursuit-11] [0m[INFO] [1789223116.703133387] [pure_pursuit]: control_hz 46.0 -> 40.3 (tick 40.3 Hz)[0m
[pure_pursuit-11] [0m[INFO] [1789223117.702756003] [pure_pursuit]: control_hz 40.3 -> 46.0 (tick 46.0 Hz)[0m
[localization_error-8] [0m[INFO] [1789223117.766182974] [localization_error]: now[200] 0.261 m / 1.52 deg  |  session[n=30888] mean 0.238 p95 0.534 max 0.917 m, heading mean 1.62 max 7.46 deg[0m
[log_localization-9] [0m[INFO] [1789223120.408364146] [log_localization]: 1549.9 s  6614.5 m  err 0.103 m (along +0.103 cross -0.006) yaw  +0.17 deg  m->o yaw  +0.17 deg | fit true 0.012 est 0.023 (x2.02)  enc/true 1.018  dr_err 29.15 m[0m
[localization_error-8] [0m[INFO] [1789223122.765991428] [localization_error]: now[200] 0.241 m / 1.71 deg  |  session[n=30988] mean 0.238 p95 0.533 max 0.917 m, heading mean 1.62 max 7.46 deg[0m
[pure_pursuit-11] [0m[INFO] [1789223122.809908953] [pure_pursuit]: lap 238: 6.48 s[0m
[log_localization-9] [0m[INFO] [1789223125.408652649] [log_localization]: 1554.9 s  6636.3 m  err 0.005 m (along -0.005 cross +0.002) yaw  +0.47 deg  m->o yaw  +0.63 deg | fit true 0.013 est 0.013 (x1.03)  enc/true 1.018  dr_err 29.16 m[0m
[localization_error-8] [0m[INFO] [1789223127.766145498] [localization_error]: now[200] 0.223 m / 1.72 deg  |  session[n=31088] mean 0.238 p95 0.533 max 0.917 m, heading mean 1.62 max 7.46 deg[0m
[pure_pursuit-11] [0m[INFO] [1789223129.404965614] [pure_pursuit]: lap 239: 6.60 s[0m
[log_localization-9] [0m[INFO] [1789223130.408202177] [log_localization]: 1559.9 s  6657.0 m  err 0.024 m (along +0.023 cross -0.008) yaw  +0.40 deg  m->o yaw  +0.06 deg | fit true 0.010 est 0.013 (x1.35)  enc/true 1.018  dr_err 29.24 m[0m
[localization_error-8] [0m[INFO] [1789223132.767772775] [localization_error]: now[200] 0.224 m / 1.64 deg  |  session[n=31188] mean 0.238 p95 0.534 max 0.917 m, heading mean 1.62 max 7.46 deg[0m
[log_localization-9] [0m[INFO] [1789223135.409165330] [log_localization]: 1564.9 s  6677.7 m  err 0.055 m (along -0.055 cross -0.007) yaw  +4.07 deg  m->o yaw  +4.17 deg | fit true 0.017 est 0.012 (x0.68)  enc/true 1.018  dr_err 29.36 m[0m
[pure_pursuit-11] [0m[INFO] [1789223135.960517695] [pure_pursuit]: lap 240: 6.55 s[0m
[localization_error-8] [0m[INFO] [1789223137.766570347] [localization_error]: now[200] 0.242 m / 1.64 deg  |  session[n=31288] mean 0.238 p95 0.534 max 0.917 m, heading mean 1.62 max 7.46 deg[0m
[log_localization-9] [0m[INFO] [1789223140.408738916] [log_localization]: 1570.0 s  6699.7 m  err 0.091 m (along +0.089 cross +0.017) yaw  +0.94 deg  m->o yaw  +0.55 deg | fit true 0.007 est 0.022 (x3.25)  enc/true 1.018  dr_err 29.42 m[0m
[pure_pursuit-11] [0m[INFO] [1789223142.496968898] [pure_pursuit]: lap 241: 6.54 s[0m
[localization_error-8] [0m[INFO] [1789223142.765912429] [localization_error]: now[200] 0.241 m / 1.79 deg  |  session[n=31388] mean 0.238 p95 0.533 max 0.917 m, heading mean 1.62 max 7.46 deg[0m
[log_localization-9] [0m[INFO] [1789223145.408191287] [log_localization]: 1574.9 s  6721.2 m  err 0.109 m (along +0.100 cross -0.042) yaw  -2.21 deg  m->o yaw  -2.23 deg | fit true 0.041 est 0.058 (x1.41)  enc/true 1.018  dr_err 29.44 m[0m
[localization_error-8] [0m[INFO] [1789223147.766207342] [localization_error]: now[200] 0.225 m / 1.84 deg  |  session[n=31488] mean 0.238 p95 0.533 max 0.917 m, heading mean 1.62 max 7.46 deg[0m
[pure_pursuit-11] [0m[INFO] [1789223149.009294018] [pure_pursuit]: lap 242: 6.51 s[0m
[log_localization-9] [0m[INFO] [1789223150.408150013] [log_localization]: 1579.9 s  6743.3 m  err 0.131 m (along -0.131 cross -0.008) yaw  +0.96 deg  m->o yaw  +0.96 deg | fit true 0.014 est 0.017 (x1.21)  enc/true 1.018  dr_err 29.49 m[0m
[localization_error-8] [0m[INFO] [1789223152.766021621] [localization_error]: now[200] 0.244 m / 1.83 deg  |  session[n=31588] mean 0.238 p95 0.534 max 0.917 m, heading mean 1.62 max 7.46 deg[0m
[log_localization-9] [0m[INFO] [1789223155.408278943] [log_localization]: 1585.0 s  6762.6 m  err 0.101 m (along +0.097 cross -0.028) yaw  -1.01 deg  m->o yaw  -0.64 deg | fit true 0.016 est 0.026 (x1.66)  enc/true 1.018  dr_err 29.71 m[0m
[pure_pursuit-11] [0m[INFO] [1789223155.630566215] [pure_pursuit]: lap 243: 6.62 s[0m
[localization_error-8] [0m[INFO] [1789223157.766813302] [localization_error]: now[200] 0.248 m / 1.63 deg  |  session[n=31688] mean 0.238 p95 0.535 max 0.917 m, heading mean 1.62 max 7.46 deg[0m
[log_localization-9] [0m[INFO] [1789223160.408196550] [log_localization]: 1589.9 s  6785.3 m  err 0.139 m (along +0.138 cross +0.012) yaw  -0.39 deg  m->o yaw  -0.42 deg | fit true 0.011 est 0.034 (x3.18)  enc/true 1.018  dr_err 29.77 m[0m
[pure_pursuit-11] [0m[INFO] [1789223162.140335748] [pure_pursuit]: lap 244: 6.51 s[0m
[localization_error-8] [0m[INFO] [1789223162.766263367] [localization_error]: now[200] 0.255 m / 1.71 deg  |  session[n=31788] mean 0.238 p95 0.534 max 0.917 m, heading mean 1.62 max 7.46 deg[0m
[log_localization-9] [0m[INFO] [1789223165.408213924] [log_localization]: 1594.9 s  6806.1 m  err 0.061 m (along +0.058 cross -0.018) yaw  -0.45 deg  m->o yaw  -0.29 deg | fit true 0.060 est 0.064 (x1.05)  enc/true 1.018  dr_err 29.84 m[0m
[localization_error-8] [0m[INFO] [1789223167.766900831] [localization_error]: now[200] 0.247 m / 1.84 deg  |  session[n=31888] mean 0.238 p95 0.534 max 0.917 m, heading mean 1.62 max 7.46 deg[0m
[pure_pursuit-11] [0m[INFO] [1789223168.645711567] [pure_pursuit]: lap 245: 6.51 s[0m
[log_localization-9] [0m[INFO] [1789223170.408291096] [log_localization]: 1599.9 s  6828.9 m  err 0.295 m (along -0.295 cross -0.022) yaw  +4.78 deg  m->o yaw  +2.56 deg | fit true 0.075 est 0.024 (x0.32)  enc/true 1.018  dr_err 30.00 m[0m
[localization_error-8] [0m[INFO] [1789223172.766871789] [localization_error]: now[200] 0.256 m / 1.60 deg  |  session[n=31988] mean 0.238 p95 0.535 max 0.917 m, heading mean 1.62 max 7.46 deg[0m
[pure_pursuit-11] [0m[INFO] [1789223175.184838908] [pure_pursuit]: lap 246: 6.54 s[0m
[log_localization-9] [0m[INFO] [1789223175.408290306] [log_localization]: 1605.0 s  6848.0 m  err 0.149 m (along +0.139 cross -0.054) yaw  -1.45 deg  m->o yaw  -1.38 deg | fit true 0.011 est 0.044 (x4.11)  enc/true 1.018  dr_err 30.04 m[0m
[localization_error-8] [0m[INFO] [1789223177.765921756] [localization_error]: now[200] 0.245 m / 1.44 deg  |  session[n=32088] mean 0.238 p95 0.535 max 0.917 m, heading mean 1.62 max 7.46 deg[0m
[log_localization-9] [0m[INFO] [1789223180.408221459] [log_localization]: 1610.0 s  6870.7 m  err 0.190 m (along -0.189 cross -0.017) yaw  +3.69 deg  m->o yaw  +3.73 deg | fit true 0.020 est 0.006 (x0.33)  enc/true 1.018  dr_err 30.16 m[0m
[pure_pursuit-11] [0m[INFO] [1789223181.715914439] [pure_pursuit]: lap 247: 6.53 s[0m
[localization_error-8] [0m[INFO] [1789223182.766604009] [localization_error]: now[200] 0.251 m / 1.42 deg  |  session[n=32188] mean 0.238 p95 0.535 max 0.917 m, heading mean 1.62 max 7.46 deg[0m
[log_localization-9] [0m[INFO] [1789223185.408168747] [log_localization]: 1614.9 s  6891.5 m  err 0.059 m (along +0.059 cross -0.001) yaw  -0.08 deg  m->o yaw  -0.14 deg | fit true 0.032 est 0.030 (x0.94)  enc/true 1.018  dr_err 30.30 m[0m
[localization_error-8] [0m[INFO] [1789223187.766541421] [localization_error]: now[200] 0.244 m / 1.58 deg  |  session[n=32288] mean 0.238 p95 0.535 max 0.917 m, heading mean 1.62 max 7.46 deg[0m
[pure_pursuit-11] [0m[INFO] [1789223188.249345135] [pure_pursuit]: lap 248: 6.54 s[0m
[log_localization-9] [0m[INFO] [1789223190.408675655] [log_localization]: 1619.9 s  6914.0 m  err 0.031 m (along -0.027 cross +0.015) yaw  +2.50 deg  m->o yaw  +2.73 deg | fit true 0.030 est 0.023 (x0.77)  enc/true 1.018  dr_err 30.28 m[0m
[localization_error-8] [0m[INFO] [1789223192.765871504] [localization_error]: now[200] 0.261 m / 1.83 deg  |  session[n=32388] mean 0.239 p95 0.535 max 0.917 m, heading mean 1.62 max 7.46 deg[0m
[pure_pursuit-11] [0m[INFO] [1789223194.760845742] [pure_pursuit]: lap 249: 6.51 s[0m
[log_localization-9] [0m[INFO] [1789223195.408181793] [log_localization]: 1624.9 s  6933.8 m  err 0.178 m (along +0.178 cross +0.008) yaw  +0.27 deg  m->o yaw  +0.81 deg | fit true 0.003 est 0.008 (x2.65)  enc/true 1.018  dr_err 30.39 m[0m
[localization_error-8] [0m[INFO] [1789223197.766079565] [localization_error]: now[200] 0.258 m / 1.76 deg  |  session[n=32488] mean 0.238 p95 0.536 max 0.917 m, heading mean 1.62 max 7.46 deg[0m
[log_localization-9] [0m[INFO] [1789223200.408161854] [log_localization]: 1629.9 s  6955.6 m  err 0.115 m (along -0.115 cross +0.003) yaw  +4.31 deg  m->o yaw  +4.09 deg | fit true 0.020 est 0.021 (x1.03)  enc/true 1.018  dr_err 30.44 m[0m
[pure_pursuit-11] [0m[INFO] [1789223201.319114273] [pure_pursuit]: lap 250: 6.54 s[0m
[localization_error-8] [0m[INFO] [1789223202.766250832] [localization_error]: now[200] 0.234 m / 1.56 deg  |  session[n=32588] mean 0.239 p95 0.536 max 0.917 m, heading mean 1.62 max 7.46 deg[0m
[log_localization-9] [0m[INFO] [1789223205.408853272] [log_localization]: 1635.0 s  6976.8 m  err 0.111 m (along +0.111 cross -0.007) yaw  +0.10 deg  m->o yaw  +0.18 deg | fit true 0.011 est 0.023 (x2.10)  enc/true 1.018  dr_err 30.62 m[0m
[localization_error-8] [0m[INFO] [1789223207.766152055] [localization_error]: now[200] 0.217 m / 1.58 deg  |  session[n=32688] mean 0.238 p95 0.535 max 0.917 m, heading mean 1.62 max 7.46 deg[0m
[pure_pursuit-11] [0m[INFO] [1789223207.823854527] [pure_pursuit]: lap 251: 6.53 s[0m
[log_localization-9] [0m[INFO] [1789223210.408209295] [log_localization]: 1639.9 s  6998.8 m  err 0.017 m (along +0.004 cross -0.016) yaw  +0.27 deg  m->o yaw  +0.25 deg | fit true 0.012 est 0.016 (x1.31)  enc/true 1.018  dr_err 30.65 m[0m
[localization_error-8] [0m[INFO] [1789223212.765992418] [localization_error]: now[200] 0.227 m / 1.56 deg  |  session[n=32788] mean 0.238 p95 0.535 max 0.917 m, heading mean 1.62 max 7.46 deg[0m
[pure_pursuit-11] [0m[INFO] [1789223214.364498962] [pure_pursuit]: lap 252: 6.52 s[0m
[log_localization-9] [0m[INFO] [1789223215.408728574] [log_localization]: 1645.0 s  7020.0 m  err 0.086 m (along +0.086 cross -0.007) yaw  -0.32 deg  m->o yaw  -0.33 deg | fit true 0.001 est 0.008 (x5.62)  enc/true 1.018  dr_err 30.70 m[0m
[localization_error-8] [0m[INFO] [1789223217.766956991] [localization_error]: now[200] 0.246 m / 1.66 deg  |  session[n=32888] mean 0.238 p95 0.536 max 0.917 m, heading mean 1.62 max 7.46 deg[0m
[log_localization-9] [0m[INFO] [1789223220.408774196] [log_localization]: 1650.0 s  7040.4 m  err 0.073 m (along -0.073 cross +0.002) yaw  +5.02 deg  m->o yaw  +4.82 deg | fit true 0.017 est 0.019 (x1.14)  enc/true 1.018  dr_err 30.79 m[0m
[pure_pursuit-11] [0m[INFO] [1789223220.896680997] [pure_pursuit]: lap 253: 6.53 s[0m
[localization_error-8] [0m[INFO] [1789223222.766144635] [localization_error]: now[200] 0.229 m / 1.63 deg  |  session[n=32988] mean 0.238 p95 0.535 max 0.917 m, heading mean 1.62 max 7.46 deg[0m
[log_localization-9] [0m[INFO] [1789223225.408788817] [log_localization]: 1655.0 s  7062.5 m  err 0.097 m (along +0.096 cross +0.011) yaw  -0.10 deg  m->o yaw  -0.24 deg | fit true 0.006 est 0.013 (x2.20)  enc/true 1.018  dr_err 30.93 m[0m
[pure_pursuit-11] [0m[INFO] [1789223226.702715370] [pure_pursuit]: control_hz 46.0 -> 39.4 (tick 39.4 Hz)[0m
[pure_pursuit-11] [0m[INFO] [1789223227.403090105] [pure_pursuit]: lap 254: 6.52 s[0m
[pure_pursuit-11] [0m[INFO] [1789223227.702670160] [pure_pursuit]: control_hz 39.4 -> 45.0 (tick 45.0 Hz)[0m
[localization_error-8] [0m[INFO] [1789223227.766188841] [localization_error]: now[200] 0.221 m / 1.35 deg  |  session[n=33088] mean 0.238 p95 0.535 max 0.917 m, heading mean 1.62 max 7.46 deg[0m
[log_localization-9] [0m[INFO] [1789223230.408732098] [log_localization]: 1660.0 s  7083.5 m  err 0.091 m (along +0.085 cross -0.033) yaw  -1.07 deg  m->o yaw  -1.22 deg | fit true 0.044 est 0.058 (x1.32)  enc/true 1.018  dr_err 30.99 m[0m
[localization_error-8] [0m[INFO] [1789223232.766194990] [localization_error]: now[200] 0.232 m / 1.50 deg  |  session[n=33188] mean 0.238 p95 0.534 max 0.917 m, heading mean 1.62 max 7.46 deg[0m
[pure_pursuit-11] [0m[INFO] [1789223233.937820013] [pure_pursuit]: lap 255: 6.54 s[0m
[log_localization-9] [0m[INFO] [1789223235.408287756] [log_localization]: 1664.9 s  7106.1 m  err 0.194 m (along -0.193 cross -0.010) yaw  +2.02 deg  m->o yaw  +1.92 deg | fit true 0.020 est 0.019 (x0.93)  enc/true 1.018  dr_err 31.09 m[0m
[localization_error-8] [0m[INFO] [1789223237.765843609] [localization_error]: now[200] 0.254 m / 1.60 deg  |  session[n=33288] mean 0.238 p95 0.535 max 0.917 m, heading mean 1.62 max 7.46 deg[0m
[pure_pursuit-11] [0m[INFO] [1789223240.408782003] [pure_pursuit]: lap 256: 6.47 s[0m
[log_localization-9] [0m[INFO] [1789223240.408955621] [log_localization]: 1670.0 s  7125.5 m  err 0.130 m (along +0.128 cross -0.023) yaw  -0.24 deg  m->o yaw  +0.09 deg | fit true 0.038 est 0.048 (x1.26)  enc/true 1.018  dr_err 31.30 m[0m
[localization_error-8] [0m[INFO] [1789223242.766823680] [localization_error]: now[200] 0.237 m / 1.46 deg  |  session[n=33388] mean 0.238 p95 0.535 max 0.917 m, heading mean 1.62 max 7.46 deg[0m
[log_localization-9] [0m[INFO] [1789223245.408245214] [log_localization]: 1674.9 s  7148.3 m  err 0.117 m (along -0.117 cross +0.001) yaw  +2.27 deg  m->o yaw  +2.24 deg | fit true 0.008 est 0.007 (x0.91)  enc/true 1.018  dr_err 31.35 m[0m
[pure_pursuit-11] [0m[INFO] [1789223246.919044882] [pure_pursuit]: lap 257: 6.49 s[0m
[localization_error-8] [0m[INFO] [1789223247.766029850] [localization_error]: now[200] 0.222 m / 1.61 deg  |  session[n=33488] mean 0.238 p95 0.534 max 0.917 m, heading mean 1.62 max 7.46 deg[0m
[log_localization-9] [0m[INFO] [1789223250.408274615] [log_localization]: 1679.9 s  7168.7 m  err 0.095 m (along +0.093 cross -0.020) yaw  -0.11 deg  m->o yaw  -0.03 deg | fit true 0.053 est 0.056 (x1.04)  enc/true 1.018  dr_err 31.46 m[0m
[localization_error-8] [0m[INFO] [1789223252.766765007] [localization_error]: now[200] 0.208 m / 1.89 deg  |  session[n=33588] mean 0.238 p95 0.533 max 0.917 m, heading mean 1.62 max 7.46 deg[0m
[pure_pursuit-11] [0m[INFO] [1789223253.471943331] [pure_pursuit]: lap 258: 6.55 s[0m
[log_localization-9] [0m[INFO] [1789223255.408339992] [log_localization]: 1685.0 s  7191.8 m  err 0.080 m (along -0.080 cross -0.003) yaw  +2.76 deg  m->o yaw  +2.60 deg | fit true 0.036 est 0.023 (x0.65)  enc/true 1.018  dr_err 31.44 m[0m
[localization_error-8] [0m[INFO] [1789223257.766574918] [localization_error]: now[200] 0.237 m / 1.85 deg  |  session[n=33688] mean 0.238 p95 0.534 max 0.917 m, heading mean 1.62 max 7.46 deg[0m
[pure_pursuit-11] [0m[INFO] [1789223259.941419208] [pure_pursuit]: lap 259: 6.49 s[0m
[log_localization-9] [0m[INFO] [1789223260.408185531] [log_localization]: 1689.9 s  7211.2 m  err 0.256 m (along +0.255 cross -0.017) yaw  +0.12 deg  m->o yaw  +0.14 deg | fit true 0.014 est 0.028 (x1.99)  enc/true 1.018  dr_err 31.61 m[0m
[localization_error-8] [0m[INFO] [1789223262.766018568] [localization_error]: now[200] 0.253 m / 1.49 deg  |  session[n=33788] mean 0.238 p95 0.535 max 0.917 m, heading mean 1.62 max 7.46 deg[0m
[log_localization-9] [0m[INFO] [1789223265.408536868] [log_localization]: 1695.0 s  7233.5 m  err 0.113 m (along -0.113 cross -0.004) yaw  +5.53 deg  m->o yaw  +5.48 deg | fit true 0.023 est 0.029 (x1.28)  enc/true 1.018  dr_err 31.73 m[0m
[pure_pursuit-11] [0m[INFO] [1789223266.446895272] [pure_pursuit]: lap 260: 6.50 s[0m
[localization_error-8] [0m[INFO] [1789223267.766282098] [localization_error]: now[200] 0.254 m / 1.59 deg  |  session[n=33888] mean 0.238 p95 0.535 max 0.917 m, heading mean 1.62 max 7.46 deg[0m
[log_localization-9] [0m[INFO] [1789223270.408689637] [log_localization]: 1700.0 s  7254.5 m  err 0.111 m (along +0.110 cross -0.016) yaw  -0.82 deg  m->o yaw  -0.95 deg | fit true 0.033 est 0.040 (x1.22)  enc/true 1.018  dr_err 31.83 m[0m
[localization_error-8] [0m[INFO] [1789223272.765946507] [localization_error]: now[200] 0.228 m / 1.83 deg  |  session[n=33988] mean 0.238 p95 0.534 max 0.917 m, heading mean 1.62 max 7.46 deg[0m
[pure_pursuit-11] [0m[INFO] [1789223272.962967455] [pure_pursuit]: lap 261: 6.52 s[0m
[log_localization-9] [0m[INFO] [1789223275.409045766] [log_localization]: 1705.0 s  7276.6 m  err 0.013 m (along -0.010 cross -0.008) yaw  +0.52 deg  m->o yaw  +0.09 deg | fit true 0.019 est 0.023 (x1.22)  enc/true 1.018  dr_err 31.83 m[0m
[localization_error-8] [0m[INFO] [1789223277.766979458] [localization_error]: now[200] 0.250 m / 1.89 deg  |  session[n=34088] mean 0.238 p95 0.535 max 0.917 m, heading mean 1.62 max 7.46 deg[0m
[pure_pursuit-11] [0m[INFO] [1789223279.474395183] [pure_pursuit]: lap 262: 6.50 s[0m
[log_localization-9] [0m[INFO] [1789223280.408782724] [log_localization]: 1710.0 s  7297.6 m  err 0.186 m (along +0.186 cross -0.013) yaw  -0.63 deg  m->o yaw  -0.58 deg | fit true 0.012 est 0.017 (x1.42)  enc/true 1.018  dr_err 31.89 m[0m
[localization_error-8] [0m[INFO] [1789223282.765991149] [localization_error]: now[200] 0.263 m / 1.85 deg  |  session[n=34188] mean 0.238 p95 0.536 max 0.917 m, heading mean 1.62 max 7.46 deg[0m
[log_localization-9] [0m[INFO] [1789223285.408182641] [log_localization]: 1714.9 s  7318.3 m  err 0.086 m (along -0.086 cross -0.007) yaw  +4.71 deg  m->o yaw  +4.78 deg | fit true 0.016 est 0.010 (x0.63)  enc/true 1.018  dr_err 32.04 m[0m
[pure_pursuit-11] [0m[INFO] [1789223285.939082169] [pure_pursuit]: lap 263: 6.46 s[0m
[localization_error-8] [0m[INFO] [1789223287.766001371] [localization_error]: now[200] 0.248 m / 1.71 deg  |  session[n=34288] mean 0.238 p95 0.536 max 0.917 m, heading mean 1.62 max 7.46 deg[0m
[log_localization-9] [0m[INFO] [1789223290.408879342] [log_localization]: 1720.0 s  7340.4 m  err 0.159 m (along +0.159 cross +0.008) yaw  +0.57 deg  m->o yaw  +0.32 deg | fit true 0.005 est 0.021 (x4.40)  enc/true 1.018  dr_err 32.16 m[0m
[pure_pursuit-11] [0m[INFO] [1789223292.426249900] [pure_pursuit]: lap 264: 6.50 s[0m
[localization_error-8] [0m[INFO] [1789223292.766958567] [localization_error]: now[200] 0.235 m / 1.61 deg  |  session[n=34388] mean 0.238 p95 0.535 max 0.917 m, heading mean 1.62 max 7.46 deg[0m
[log_localization-9] [0m[INFO] [1789223295.408807433] [log_localization]: 1725.0 s  7361.5 m  err 0.130 m (along +0.126 cross -0.031) yaw  -2.39 deg  m->o yaw  -1.93 deg | fit true 0.037 est 0.065 (x1.77)  enc/true 1.018  dr_err 32.21 m[0m
[localization_error-8] [0m[INFO] [1789223297.766101110] [localization_error]: now[200] 0.223 m / 1.58 deg  |  session[n=34488] mean 0.238 p95 0.535 max 0.917 m, heading mean 1.62 max 7.46 deg[0m
[pure_pursuit-11] [0m[INFO] [1789223298.987800226] [pure_pursuit]: lap 265: 6.54 s[0m
[log_localization-9] [0m[INFO] [1789223300.408683508] [log_localization]: 1730.0 s  7384.1 m  err 0.151 m (along -0.151 cross +0.004) yaw  +2.84 deg  m->o yaw  +2.03 deg | fit true 0.013 est 0.012 (x0.92)  enc/true 1.018  dr_err 32.28 m[0m
[localization_error-8] [0m[INFO] [1789223302.767261166] [localization_error]: now[200] 0.249 m / 1.49 deg  |  session[n=34588] mean 0.238 p95 0.535 max 0.917 m, heading mean 1.62 max 7.46 deg[0m
[log_localization-9] [0m[INFO] [1789223305.408394293] [log_localization]: 1734.9 s  7403.3 m  err 0.097 m (along +0.090 cross -0.037) yaw  -0.58 deg  m->o yaw  -0.58 deg | fit true 0.011 est 0.014 (x1.29)  enc/true 1.018  dr_err 32.47 m[0m
[pure_pursuit-11] [0m[INFO] [1789223305.501012021] [pure_pursuit]: lap 266: 6.50 s[0m
[localization_error-8] [0m[INFO] [1789223307.765987532] [localization_error]: now[200] 0.233 m / 1.46 deg  |  session[n=34688] mean 0.238 p95 0.536 max 0.917 m, heading mean 1.62 max 7.46 deg[0m
[log_localization-9] [0m[INFO] [1789223310.408931427] [log_localization]: 1740.0 s  7426.2 m  err 0.089 m (along -0.088 cross +0.016) yaw  +1.66 deg  m->o yaw  +1.27 deg | fit true 0.019 est 0.018 (x0.96)  enc/true 1.018  dr_err 32.50 m[0m
[pure_pursuit-11] [0m[INFO] [1789223311.981584941] [pure_pursuit]: lap 267: 6.50 s[0m
[localization_error-8] [0m[INFO] [1789223312.766225496] [localization_error]: now[200] 0.228 m / 1.64 deg  |  session[n=34788] mean 0.238 p95 0.535 max 0.917 m, heading mean 1.62 max 7.46 deg[0m
[log_localization-9] [0m[INFO] [1789223315.408232231] [log_localization]: 1744.9 s  7446.8 m  err 0.124 m (along +0.122 cross -0.022) yaw  -0.20 deg  m->o yaw  -0.36 deg | fit true 0.054 est 0.061 (x1.14)  enc/true 1.018  dr_err 32.63 m[0m
[localization_error-8] [0m[INFO] [1789223317.766093926] [localization_error]: now[200] 0.226 m / 1.72 deg  |  session[n=34888] mean 0.238 p95 0.535 max 0.917 m, heading mean 1.62 max 7.46 deg[0m
[pure_pursuit-11] [0m[INFO] [1789223318.475726416] [pure_pursuit]: lap 268: 6.49 s[0m
[log_localization-9] [0m[INFO] [1789223320.408782742] [log_localization]: 1749.9 s  7469.8 m  err 0.104 m (along -0.103 cross -0.012) yaw  +3.11 deg  m->o yaw  +2.92 deg | fit true 0.034 est 0.030 (x0.87)  enc/true 1.018  dr_err 32.68 m[0m
[localization_error-8] [0m[INFO] [1789223322.766422994] [localization_error]: now[200] 0.230 m / 1.51 deg  |  session[n=34988] mean 0.238 p95 0.534 max 0.917 m, heading mean 1.62 max 7.46 deg[0m
[pure_pursuit-11] [0m[INFO] [1789223325.052790080] [pure_pursuit]: lap 269: 6.57 s[0m
[log_localization-9] [0m[INFO] [1789223325.408937713] [log_localization]: 1755.0 s  7488.9 m  err 0.178 m (along +0.175 cross -0.030) yaw  +0.04 deg  m->o yaw  -0.10 deg | fit true 0.014 est 0.027 (x1.94)  enc/true 1.018  dr_err 32.79 m[0m
[localization_error-8] [0m[INFO] [1789223327.765994412] [localization_error]: now[200] 0.237 m / 1.30 deg  |  session[n=35088] mean 0.238 p95 0.535 max 0.917 m, heading mean 1.62 max 7.46 deg[0m
[log_localization-9] [0m[INFO] [1789223330.408799838] [log_localization]: 1760.0 s  7511.5 m  err 0.054 m (along -0.053 cross +0.006) yaw  +3.98 deg  m->o yaw  +3.68 deg | fit true 0.023 est 0.036 (x1.58)  enc/true 1.018  dr_err 32.92 m[0m
[pure_pursuit-11] [0m[INFO] [1789223331.557799352] [pure_pursuit]: lap 270: 6.51 s[0m
[localization_error-8] [0m[INFO] [1789223332.767392724] [localization_error]: now[200] 0.259 m / 1.57 deg  |  session[n=35188] mean 0.238 p95 0.535 max 0.917 m, heading mean 1.62 max 7.46 deg[0m
[log_localization-9] [0m[INFO] [1789223335.408186054] [log_localization]: 1764.9 s  7532.3 m  err 0.069 m (along +0.069 cross -0.001) yaw  -0.82 deg  m->o yaw  -0.72 deg | fit true 0.027 est 0.024 (x0.90)  enc/true 1.018  dr_err 32.96 m[0m
[localization_error-8] [0m[INFO] [1789223337.766736016] [localization_error]: now[200] 0.234 m / 1.91 deg  |  session[n=35288] mean 0.238 p95 0.535 max 0.917 m, heading mean 1.62 max 7.46 deg[0m
[pure_pursuit-11] [0m[INFO] [1789223338.116600096] [pure_pursuit]: lap 271: 6.56 s[0m
[log_localization-9] [0m[INFO] [1789223340.408370116] [log_localization]: 1770.0 s  7554.7 m  err 0.030 m (along -0.027 cross -0.012) yaw  +1.00 deg  m->o yaw  +0.96 deg | fit true 0.023 est 0.032 (x1.42)  enc/true 1.018  dr_err 32.98 m[0m
[pure_pursuit-11] [0m[INFO] [1789223342.702935845] [pure_pursuit]: control_hz 45.0 -> 39.2 (tick 39.2 Hz)[0m
[localization_error-8] [0m[INFO] [1789223342.766791330] [localization_error]: now[200] 0.245 m / 1.92 deg  |  session[n=35388] mean 0.238 p95 0.535 max 0.917 m, heading mean 1.62 max 7.46 deg[0m
[pure_pursuit-11] [0m[INFO] [1789223343.702687723] [pure_pursuit]: control_hz 39.2 -> 43.7 (tick 43.7 Hz)[0m
[pure_pursuit-11] [0m[INFO] [1789223344.628762590] [pure_pursuit]: lap 272: 6.51 s[0m
[log_localization-9] [0m[INFO] [1789223345.408129496] [log_localization]: 1774.9 s  7574.8 m  err 0.226 m (along +0.226 cross -0.001) yaw  -0.93 deg  m->o yaw  -1.04 deg | fit true 0.003 est 0.029 (x8.99)  enc/true 1.018  dr_err 32.98 m[0m
[localization_error-8] [0m[INFO] [1789223347.765969359] [localization_error]: now[200] 0.249 m / 1.73 deg  |  session[n=35488] mean 0.238 p95 0.536 max 0.917 m, heading mean 1.62 max 7.46 deg[0m
[log_localization-9] [0m[INFO] [1789223350.408444107] [log_localization]: 1780.0 s  7596.3 m  err 0.093 m (along -0.093 cross -0.009) yaw  +4.48 deg  m->o yaw  +4.59 deg | fit true 0.019 est 0.012 (x0.64)  enc/true 1.018  dr_err 33.11 m[0m
[pure_pursuit-11] [0m[INFO] [1789223351.161627407] [pure_pursuit]: lap 273: 6.53 s[0m
[localization_error-8] [0m[INFO] [1789223352.766368619] [localization_error]: now[200] 0.240 m / 1.55 deg  |  session[n=35588] mean 0.238 p95 0.536 max 0.917 m, heading mean 1.62 max 7.46 deg[0m
[log_localization-9] [0m[INFO] [1789223355.408844349] [log_localization]: 1785.0 s  7617.9 m  err 0.075 m (along +0.075 cross -0.005) yaw  +0.08 deg  m->o yaw  +0.25 deg | fit true 0.006 est 0.012 (x2.08)  enc/true 1.018  dr_err 33.16 m[0m
[pure_pursuit-11] [0m[INFO] [1789223357.672254545] [pure_pursuit]: lap 274: 6.52 s[0m
[localization_error-8] [0m[INFO] [1789223357.766396762] [localization_error]: now[200] 0.235 m / 1.76 deg  |  session[n=35688] mean 0.238 p95 0.535 max 0.917 m, heading mean 1.62 max 7.46 deg[0m
[pure_pursuit-11] [0m[INFO] [1789223359.702869548] [pure_pursuit]: control_hz 43.7 -> 37.3 (tick 37.3 Hz)[0m
[log_localization-9] [0m[INFO] [1789223360.408741782] [log_localization]: 1789.9 s  7639.7 m  err 0.025 m (along +0.021 cross -0.013) yaw  -1.00 deg  m->o yaw  -0.79 deg | fit true 0.016 est 0.014 (x0.89)  enc/true 1.018  dr_err 33.18 m[0m
[pure_pursuit-11] [0m[INFO] [1789223361.702659377] [pure_pursuit]: control_hz 37.3 -> 46.0 (tick 46.0 Hz)[0m
[localization_error-8] [0m[INFO] [1789223362.766096657] [localization_error]: now[200] 0.230 m / 1.76 deg  |  session[n=35788] mean 0.238 p95 0.535 max 0.917 m, heading mean 1.62 max 7.46 deg[0m
[pure_pursuit-11] [0m[INFO] [1789223364.203786886] [pure_pursuit]: lap 275: 6.52 s[0m
[log_localization-9] [0m[INFO] [1789223365.408601412] [log_localization]: 1794.9 s  7661.2 m  err 0.031 m (along +0.030 cross -0.005) yaw  +0.62 deg  m->o yaw  +0.82 deg | fit true 0.011 est 0.011 (x1.01)  enc/true 1.018  dr_err 33.31 m[0m
[localization_error-8] [0m[INFO] [1789223367.766209543] [localization_error]: now[200] 0.242 m / 1.55 deg  |  session[n=35888] mean 0.238 p95 0.535 max 0.917 m, heading mean 1.62 max 7.46 deg[0m
[log_localization-9] [0m[INFO] [1789223370.408217110] [log_localization]: 1799.9 s  7681.1 m  err 0.021 m (along +0.015 cross -0.015) yaw  +1.35 deg  m->o yaw  +1.19 deg | fit true 0.013 est 0.003 (x0.20)  enc/true 1.018  dr_err 33.45 m[0m
[pure_pursuit-11] [0m[INFO] [1789223370.782889038] [pure_pursuit]: lap 276: 6.58 s[0m
[localization_error-8] [0m[INFO] [1789223372.765850520] [localization_error]: now[200] 0.236 m / 1.54 deg  |  session[n=35988] mean 0.238 p95 0.535 max 0.917 m, heading mean 1.62 max 7.46 deg[0m
[log_localization-9] [0m[INFO] [1789223375.408336899] [log_localization]: 1804.9 s  7703.5 m  err 0.178 m (along +0.177 cross +0.021) yaw  -0.23 deg  m->o yaw  -0.25 deg | fit true 0.007 est 0.030 (x4.08)  enc/true 1.018  dr_err 33.51 m[0m
[pure_pursuit-11] [0m[INFO] [1789223377.275267981] [pure_pursuit]: lap 277: 6.49 s[0m
[localization_error-8] [0m[INFO] [1789223377.765801721] [localization_error]: now[200] 0.226 m / 1.61 deg  |  session[n=36088] mean 0.238 p95 0.534 max 0.917 m, heading mean 1.62 max 7.46 deg[0m
[log_localization-9] [0m[INFO] [1789223380.408987202] [log_localization]: 1810.0 s  7724.5 m  err 0.150 m (along +0.144 cross -0.043) yaw  -3.12 deg  m->o yaw  -2.68 deg | fit true 0.059 est 0.085 (x1.45)  enc/true 1.018  dr_err 33.60 m[0m
[pure_pursuit-11] [0m[INFO] [1789223380.702743879] [pure_pursuit]: control_hz 46.0 -> 40.0 (tick 40.0 Hz)[0m
[pure_pursuit-11] [0m[INFO] [1789223381.703342550] [pure_pursuit]: control_hz 40.0 -> 47.8 (tick 47.8 Hz)[0m
[localization_error-8] [0m[INFO] [1789223382.766260782] [localization_error]: now[200] 0.226 m / 1.68 deg  |  session[n=36188] mean 0.238 p95 0.534 max 0.917 m, heading mean 1.62 max 7.46 deg[0m
[pure_pursuit-11] [0m[INFO] [1789223383.764311264] [pure_pursuit]: lap 278: 6.51 s[0m
[log_localization-9] [0m[INFO] [1789223385.408907530] [log_localization]: 1815.0 s  7747.4 m  err 0.077 m (along -0.077 cross -0.002) yaw  +1.00 deg  m->o yaw  +0.95 deg | fit true 0.028 est 0.018 (x0.66)  enc/true 1.018  dr_err 33.64 m[0m
[localization_error-8] [0m[INFO] [1789223387.767204972] [localization_error]: now[200] 0.249 m / 1.62 deg  |  session[n=36288] mean 0.238 p95 0.534 max 0.917 m, heading mean 1.62 max 7.46 deg[0m
[pure_pursuit-11] [0m[INFO] [1789223390.276055198] [pure_pursuit]: lap 279: 6.49 s[0m
[log_localization-9] [0m[INFO] [1789223390.408342644] [log_localization]: 1820.0 s  7766.6 m  err 0.159 m (along +0.148 cross -0.057) yaw  -2.28 deg  m->o yaw  -2.02 deg | fit true 0.008 est 0.046 (x5.54)  enc/true 1.018  dr_err 33.85 m[0m
[localization_error-8] [0m[INFO] [1789223392.766579484] [localization_error]: now[200] 0.243 m / 1.49 deg  |  session[n=36388] mean 0.238 p95 0.535 max 0.917 m, heading mean 1.62 max 7.46 deg[0m
[log_localization-9] [0m[INFO] [1789223395.408196760] [log_localization]: 1824.9 s  7789.5 m  err 0.148 m (along -0.148 cross +0.000) yaw  +3.60 deg  m->o yaw  +3.57 deg | fit true 0.013 est 0.021 (x1.63)  enc/true 1.018  dr_err 33.92 m[0m
[pure_pursuit-11] [0m[INFO] [1789223396.735515229] [pure_pursuit]: lap 280: 6.47 s[0m
[localization_error-8] [0m[INFO] [1789223397.766285157] [localization_error]: now[200] 0.253 m / 1.62 deg  |  session[n=36488] mean 0.238 p95 0.535 max 0.917 m, heading mean 1.62 max 7.46 deg[0m
[log_localization-9] [0m[INFO] [1789223400.408142001] [log_localization]: 1829.9 s  7810.4 m  err 0.106 m (along +0.106 cross +0.002) yaw  +0.78 deg  m->o yaw  +1.00 deg | fit true 0.033 est 0.030 (x0.90)  enc/true 1.018  dr_err 34.05 m[0m
[localization_error-8] [0m[INFO] [1789223402.766375681] [localization_error]: now[200] 0.229 m / 1.72 deg  |  session[n=36588] mean 0.238 p95 0.534 max 0.917 m, heading mean 1.62 max 7.46 deg[0m
[pure_pursuit-11] [0m[INFO] [1789223403.231823228] [pure_pursuit]: lap 281: 6.48 s[0m
[log_localization-9] [0m[INFO] [1789223405.408493432] [log_localization]: 1834.9 s  7833.0 m  err 0.052 m (along -0.051 cross +0.006) yaw  +2.02 deg  m->o yaw  +1.86 deg | fit true 0.026 est 0.025 (x0.96)  enc/true 1.018  dr_err 34.13 m[0m
[localization_error-8] [0m[INFO] [1789223407.766222737] [localization_error]: now[200] 0.239 m / 1.68 deg  |  session[n=36688] mean 0.238 p95 0.534 max 0.917 m, heading mean 1.62 max 7.46 deg[0m
[pure_pursuit-11] [0m[INFO] [1789223409.719913526] [pure_pursuit]: lap 282: 6.50 s[0m
[log_localization-9] [0m[INFO] [1789223410.408826671] [log_localization]: 1840.0 s  7852.8 m  err 0.242 m (along +0.241 cross +0.002) yaw  -0.54 deg  m->o yaw  -0.54 deg | fit true 0.003 est 0.037 (x11.68)  enc/true 1.018  dr_err 34.21 m[0m
[localization_error-8] [0m[INFO] [1789223412.765997036] [localization_error]: now[200] 0.255 m / 1.57 deg  |  session[n=36788] mean 0.238 p95 0.535 max 0.917 m, heading mean 1.62 max 7.46 deg[0m
[log_localization-9] [0m[INFO] [1789223415.408652946] [log_localization]: 1845.0 s  7874.5 m  err 0.106 m (along -0.105 cross -0.009) yaw  +5.12 deg  m->o yaw  +5.21 deg | fit true 0.019 est 0.017 (x0.94)  enc/true 1.018  dr_err 34.32 m[0m
[pure_pursuit-11] [0m[INFO] [1789223416.228340913] [pure_pursuit]: lap 283: 6.52 s[0m
[localization_error-8] [0m[INFO] [1789223417.766714259] [localization_error]: now[200] 0.247 m / 1.44 deg  |  session[n=36888] mean 0.238 p95 0.534 max 0.917 m, heading mean 1.62 max 7.46 deg[0m
[log_localization-9] [0m[INFO] [1789223420.408346841] [log_localization]: 1850.0 s  7895.8 m  err 0.062 m (along +0.062 cross -0.006) yaw  -0.26 deg  m->o yaw  -0.04 deg | fit true 0.026 est 0.036 (x1.37)  enc/true 1.018  dr_err 34.51 m[0m
[pure_pursuit-11] [0m[INFO] [1789223422.763374644] [pure_pursuit]: lap 284: 6.53 s[0m
[localization_error-8] [0m[INFO] [1789223422.766604417] [localization_error]: now[200] 0.229 m / 1.47 deg  |  session[n=36988] mean 0.238 p95 0.534 max 0.917 m, heading mean 1.62 max 7.46 deg[0m
[pure_pursuit-11] [0m[INFO] [1789223423.703521203] [pure_pursuit]: control_hz 47.8 -> 40.4 (tick 40.4 Hz)[0m
[pure_pursuit-11] [0m[INFO] [1789223424.702693203] [pure_pursuit]: control_hz 40.4 -> 47.4 (tick 47.4 Hz)[0m
[log_localization-9] [0m[INFO] [1789223425.408285298] [log_localization]: 1854.9 s  7917.7 m  err 0.045 m (along +0.043 cross -0.013) yaw  -0.73 deg  m->o yaw  -0.45 deg | fit true 0.013 est 0.021 (x1.60)  enc/true 1.018  dr_err 34.49 m[0m
[pure_pursuit-11] [0m[INFO] [1789223425.702961601] [pure_pursuit]: control_hz 47.4 -> 40.9 (tick 40.9 Hz)[0m
[pure_pursuit-11] [0m[INFO] [1789223426.702688745] [pure_pursuit]: control_hz 40.9 -> 47.4 (tick 47.4 Hz)[0m
[localization_error-8] [0m[INFO] [1789223427.766481999] [localization_error]: now[200] 0.243 m / 1.49 deg  |  session[n=37088] mean 0.238 p95 0.534 max 0.917 m, heading mean 1.62 max 7.46 deg[0m
[pure_pursuit-11] [0m[INFO] [1789223429.294277000] [pure_pursuit]: lap 285: 6.52 s[0m
[log_localization-9] [0m[INFO] [1789223430.408238683] [log_localization]: 1859.9 s  7939.1 m  err 0.195 m (along +0.195 cross -0.006) yaw  -0.19 deg  m->o yaw  -0.08 deg | fit true 0.007 est 0.026 (x3.86)  enc/true 1.018  dr_err 34.58 m[0m
[localization_error-8] [0m[INFO] [1789223432.767343879] [localization_error]: now[200] 0.257 m / 1.58 deg  |  session[n=37188] mean 0.238 p95 0.535 max 0.917 m, heading mean 1.62 max 7.46 deg[0m
[log_localization-9] [0m[INFO] [1789223435.408233181] [log_localization]: 1865.0 s  7959.2 m  err 0.027 m (along +0.001 cross -0.027) yaw  +1.24 deg  m->o yaw  +1.21 deg | fit true 0.011 est 0.000 (x0.00)  enc/true 1.018  dr_err 34.77 m[0m
[pure_pursuit-11] [0m[INFO] [1789223435.807819234] [pure_pursuit]: lap 286: 6.53 s[0m
[localization_error-8] [0m[INFO] [1789223437.765944922] [localization_error]: now[200] 0.249 m / 1.53 deg  |  session[n=37288] mean 0.239 p95 0.535 max 0.917 m, heading mean 1.62 max 7.46 deg[0m
[log_localization-9] [0m[INFO] [1789223440.408274174] [log_localization]: 1869.9 s  7981.7 m  err 0.028 m (along +0.022 cross +0.017) yaw  +0.70 deg  m->o yaw  +0.33 deg | fit true 0.004 est 0.017 (x4.07)  enc/true 1.018  dr_err 34.85 m[0m
[pure_pursuit-11] [0m[INFO] [1789223441.702716300] [pure_pursuit]: control_hz 47.4 -> 41.5 (tick 41.5 Hz)[0m
[pure_pursuit-11] [0m[INFO] [1789223442.317190696] [pure_pursuit]: lap 287: 6.50 s[0m
[pure_pursuit-11] [0m[INFO] [1789223442.702623027] [pure_pursuit]: control_hz 41.5 -> 46.2 (tick 46.2 Hz)[0m
[localization_error-8] [0m[INFO] [1789223442.765873548] [localization_error]: now[200] 0.234 m / 1.45 deg  |  session[n=37388] mean 0.238 p95 0.535 max 0.917 m, heading mean 1.62 max 7.46 deg[0m
[log_localization-9] [0m[INFO] [1789223445.408247210] [log_localization]: 1875.0 s  8002.6 m  err 0.157 m (along +0.152 cross -0.037) yaw  -3.20 deg  m->o yaw  -2.83 deg | fit true 0.053 est 0.089 (x1.68)  enc/true 1.018  dr_err 34.88 m[0m
[localization_error-8] [0m[INFO] [1789223447.766082734] [localization_error]: now[200] 0.224 m / 1.64 deg  |  session[n=37488] mean 0.238 p95 0.533 max 0.917 m, heading mean 1.62 max 7.46 deg[0m
[pure_pursuit-11] [0m[INFO] [1789223448.828972850] [pure_pursuit]: lap 288: 6.51 s[0m
[log_localization-9] [0m[INFO] [1789223450.408210843] [log_localization]: 1879.9 s  8025.3 m  err 0.210 m (along -0.210 cross -0.006) yaw  +2.31 deg  m->o yaw  +2.17 deg | fit true 0.023 est 0.030 (x1.30)  enc/true 1.018  dr_err 34.94 m[0m
[localization_error-8] [0m[INFO] [1789223452.766868084] [localization_error]: now[200] 0.244 m / 1.59 deg  |  session[n=37588] mean 0.238 p95 0.533 max 0.917 m, heading mean 1.62 max 7.46 deg[0m
[pure_pursuit-11] [0m[INFO] [1789223455.360429514] [pure_pursuit]: lap 289: 6.53 s[0m
[log_localization-9] [0m[INFO] [1789223455.408440691] [log_localization]: 1885.0 s  8044.4 m  err 0.135 m (along +0.129 cross -0.039) yaw  -2.02 deg  m->o yaw  -1.95 deg | fit true 0.009 est 0.030 (x3.54)  enc/true 1.018  dr_err 35.08 m[0m
[localization_error-8] [0m[INFO] [1789223457.766348469] [localization_error]: now[200] 0.229 m / 1.41 deg  |  session[n=37688] mean 0.238 p95 0.534 max 0.917 m, heading mean 1.62 max 7.46 deg[0m
[log_localization-9] [0m[INFO] [1789223460.408479293] [log_localization]: 1890.0 s  8067.3 m  err 0.106 m (along -0.106 cross +0.002) yaw  +2.42 deg  m->o yaw  +2.31 deg | fit true 0.009 est 0.010 (x1.11)  enc/true 1.018  dr_err 35.17 m[0m
[pure_pursuit-11] [0m[INFO] [1789223461.898977854] [pure_pursuit]: lap 290: 6.54 s[0m
[localization_error-8] [0m[INFO] [1789223462.766408658] [localization_error]: now[200] 0.233 m / 1.56 deg  |  session[n=37788] mean 0.238 p95 0.533 max 0.917 m, heading mean 1.62 max 7.46 deg[0m
[log_localization-9] [0m[INFO] [1789223465.408209115] [log_localization]: 1894.9 s  8087.9 m  err 0.153 m (along +0.150 cross -0.026) yaw  -0.54 deg  m->o yaw  -0.52 deg | fit true 0.045 est 0.048 (x1.05)  enc/true 1.018  dr_err 35.33 m[0m
[localization_error-8] [0m[INFO] [1789223467.766791986] [localization_error]: now[200] 0.233 m / 1.58 deg  |  session[n=37888] mean 0.238 p95 0.533 max 0.917 m, heading mean 1.62 max 7.46 deg[0m
[pure_pursuit-11] [0m[INFO] [1789223468.425821717] [pure_pursuit]: lap 291: 6.54 s[0m
[log_localization-9] [0m[INFO] [1789223470.408680801] [log_localization]: 1900.0 s  8110.5 m  err 0.104 m (along -0.103 cross -0.013) yaw  +2.55 deg  m->o yaw  +2.53 deg | fit true 0.033 est 0.031 (x0.96)  enc/true 1.018  dr_err 35.33 m[0m
[localization_error-8] [0m[INFO] [1789223472.766099651] [localization_error]: now[200] 0.240 m / 1.63 deg  |  session[n=37988] mean 0.238 p95 0.533 max 0.917 m, heading mean 1.62 max 7.46 deg[0m
[pure_pursuit-11] [0m[INFO] [1789223474.941945784] [pure_pursuit]: lap 292: 6.52 s[0m
[log_localization-9] [0m[INFO] [1789223475.408972249] [log_localization]: 1905.0 s  8129.9 m  err 0.145 m (along +0.145 cross -0.013) yaw  +0.79 deg  m->o yaw  +1.00 deg | fit true 0.013 est 0.013 (x0.95)  enc/true 1.018  dr_err 35.44 m[0m
[localization_error-8] [0m[INFO] [1789223477.765872562] [localization_error]: now[200] 0.224 m / 1.55 deg  |  session[n=38088] mean 0.238 p95 0.533 max 0.917 m, heading mean 1.62 max 7.46 deg[0m
[log_localization-9] [0m[INFO] [1789223480.408354644] [log_localization]: 1910.0 s  8152.3 m  err 0.101 m (along -0.101 cross +0.001) yaw  +3.85 deg  m->o yaw  +4.03 deg | fit true 0.021 est 0.024 (x1.14)  enc/true 1.018  dr_err 35.56 m[0m
[pure_pursuit-11] [0m[INFO] [1789223481.496140588] [pure_pursuit]: lap 293: 6.53 s[0m
[localization_error-8] [0m[INFO] [1789223482.766218666] [localization_error]: now[200] 0.239 m / 1.41 deg  |  session[n=38188] mean 0.238 p95 0.533 max 0.917 m, heading mean 1.62 max 7.46 deg[0m
[log_localization-9] [0m[INFO] [1789223485.408688498] [log_localization]: 1915.0 s  8173.3 m  err 0.057 m (along +0.055 cross -0.013) yaw  -1.45 deg  m->o yaw  -1.08 deg | fit true 0.019 est 0.022 (x1.18)  enc/true 1.018  dr_err 35.62 m[0m
[localization_error-8] [0m[INFO] [1789223487.766160167] [localization_error]: now[200] 0.232 m / 1.61 deg  |  session[n=38288] mean 0.238 p95 0.532 max 0.917 m, heading mean 1.62 max 7.46 deg[0m
[pure_pursuit-11] [0m[INFO] [1789223487.964084974] [pure_pursuit]: lap 294: 6.47 s[0m
[log_localization-9] [0m[INFO] [1789223490.408749825] [log_localization]: 1920.0 s  8195.5 m  err 0.028 m (along +0.023 cross -0.016) yaw  -0.94 deg  m->o yaw  -0.84 deg | fit true 0.018 est 0.024 (x1.34)  enc/true 1.018  dr_err 35.67 m[0m
[localization_error-8] [0m[INFO] [1789223492.766043629] [localization_error]: now[200] 0.238 m / 1.80 deg  |  session[n=38388] mean 0.238 p95 0.532 max 0.917 m, heading mean 1.62 max 7.46 deg[0m
[pure_pursuit-11] [0m[INFO] [1789223494.475469156] [pure_pursuit]: lap 295: 6.52 s[0m
[log_localization-9] [0m[INFO] [1789223495.408262829] [log_localization]: 1924.9 s  8216.1 m  err 0.151 m (along +0.151 cross -0.012) yaw  -0.82 deg  m->o yaw  -0.57 deg | fit true 0.015 est 0.026 (x1.73)  enc/true 1.018  dr_err 35.75 m[0m
[localization_error-8] [0m[INFO] [1789223497.766750675] [localization_error]: now[200] 0.246 m / 1.63 deg  |  session[n=38488] mean 0.238 p95 0.533 max 0.917 m, heading mean 1.62 max 7.46 deg[0m
[log_localization-9] [0m[INFO] [1789223500.408255537] [log_localization]: 1930.0 s  8237.0 m  err 0.045 m (along -0.044 cross -0.010) yaw  +3.55 deg  m->o yaw  +3.73 deg | fit true 0.015 est 0.011 (x0.74)  enc/true 1.018  dr_err 35.88 m[0m
[pure_pursuit-11] [0m[INFO] [1789223501.031182494] [pure_pursuit]: lap 296: 6.55 s[0m
[localization_error-8] [0m[INFO] [1789223502.766059165] [localization_error]: now[200] 0.226 m / 1.35 deg  |  session[n=38588] mean 0.238 p95 0.533 max 0.917 m, heading mean 1.62 max 7.46 deg[0m
[log_localization-9] [0m[INFO] [1789223505.408252577] [log_localization]: 1934.9 s  8258.9 m  err 0.052 m (along +0.051 cross +0.008) yaw  +0.73 deg  m->o yaw  +0.57 deg | fit true 0.003 est 0.012 (x4.53)  enc/true 1.018  dr_err 35.96 m[0m
[pure_pursuit-11] [0m[INFO] [1789223507.540013456] [pure_pursuit]: lap 297: 6.51 s[0m
[localization_error-8] [0m[INFO] [1789223507.765910493] [localization_error]: now[200] 0.226 m / 1.68 deg  |  session[n=38688] mean 0.238 p95 0.532 max 0.917 m, heading mean 1.62 max 7.46 deg[0m
[log_localization-9] [0m[INFO] [1789223510.408470594] [log_localization]: 1940.0 s  8280.2 m  err 0.086 m (along +0.082 cross -0.028) yaw  -1.18 deg  m->o yaw  -0.85 deg | fit true 0.021 est 0.035 (x1.63)  enc/true 1.018  dr_err 35.96 m[0m
[localization_error-8] [0m[INFO] [1789223512.766418320] [localization_error]: now[200] 0.234 m / 1.88 deg  |  session[n=38788] mean 0.238 p95 0.532 max 0.917 m, heading mean 1.62 max 7.46 deg[0m
[pure_pursuit-11] [0m[INFO] [1789223514.092301630] [pure_pursuit]: lap 298: 6.56 s[0m
[log_localization-9] [0m[INFO] [1789223515.408224106] [log_localization]: 1944.9 s  8302.4 m  err 0.138 m (along -0.138 cross +0.003) yaw  +1.66 deg  m->o yaw  +1.23 deg | fit true 0.013 est 0.009 (x0.74)  enc/true 1.018  dr_err 36.06 m[0m
[localization_error-8] [0m[INFO] [1789223517.765999863] [localization_error]: now[200] 0.246 m / 1.62 deg  |  session[n=38888] mean 0.238 p95 0.532 max 0.917 m, heading mean 1.62 max 7.46 deg[0m
[log_localization-9] [0m[INFO] [1789223520.408318955] [log_localization]: 1950.0 s  8321.9 m  err 0.058 m (along +0.049 cross -0.031) yaw  +0.31 deg  m->o yaw  +0.17 deg | fit true 0.007 est 0.001 (x0.11)  enc/true 1.018  dr_err 36.24 m[0m
[pure_pursuit-11] [0m[INFO] [1789223520.625330945] [pure_pursuit]: lap 299: 6.53 s[0m
[localization_error-8] [0m[INFO] [1789223522.765999603] [localization_error]: now[200] 0.239 m / 1.39 deg  |  session[n=38988] mean 0.238 p95 0.532 max 0.917 m, heading mean 1.62 max 7.46 deg[0m
[log_localization-9] [0m[INFO] [1789223525.408376151] [log_localization]: 1955.0 s  8344.4 m  err 0.020 m (along +0.017 cross +0.011) yaw  +0.29 deg  m->o yaw  +0.09 deg | fit true 0.007 est 0.017 (x2.30)  enc/true 1.018  dr_err 36.31 m[0m
[pure_pursuit-11] [0m[INFO] [1789223527.156204533] [pure_pursuit]: lap 300: 6.53 s[0m
[localization_error-8] [0m[INFO] [1789223527.766585020] [localization_error]: now[200] 0.232 m / 1.54 deg  |  session[n=39088] mean 0.238 p95 0.532 max 0.917 m, heading mean 1.62 max 7.46 deg[0m
[log_localization-9] [0m[INFO] [1789223530.408711369] [log_localization]: 1960.0 s  8365.0 m  err 0.135 m (along +0.130 cross -0.035) yaw  -1.30 deg  m->o yaw  -1.27 deg | fit true 0.056 est 0.076 (x1.35)  enc/true 1.018  dr_err 36.35 m[0m
[localization_error-8] [0m[INFO] [1789223532.766752980] [localization_error]: now[200] 0.225 m / 1.86 deg  |  session[n=39188] mean 0.238 p95 0.532 max 0.917 m, heading mean 1.62 max 7.46 deg[0m
[pure_pursuit-11] [0m[INFO] [1789223533.695461383] [pure_pursuit]: lap 301: 6.53 s[0m
[log_localization-9] [0m[INFO] [1789223535.408210129] [log_localization]: 1964.9 s  8387.9 m  err 0.153 m (along -0.152 cross -0.016) yaw  +2.18 deg  m->o yaw  +2.05 deg | fit true 0.030 est 0.028 (x0.95)  enc/true 1.018  dr_err 36.40 m[0m
[localization_error-8] [0m[INFO] [1789223537.766154496] [localization_error]: now[200] 0.241 m / 1.78 deg  |  session[n=39288] mean 0.238 p95 0.532 max 0.917 m, heading mean 1.62 max 7.46 deg[0m
[pure_pursuit-11] [0m[INFO] [1789223540.208364113] [pure_pursuit]: lap 302: 6.51 s[0m
[log_localization-9] [0m[INFO] [1789223540.408748135] [log_localization]: 1969.9 s  8407.0 m  err 0.174 m (along +0.170 cross -0.038) yaw  -1.17 deg  m->o yaw  -1.17 deg | fit true 0.018 est 0.030 (x1.70)  enc/true 1.018  dr_err 36.53 m[0m
[localization_error-8] [0m[INFO] [1789223542.765859759] [localization_error]: now[200] 0.236 m / 1.59 deg  |  session[n=39388] mean 0.238 p95 0.532 max 0.917 m, heading mean 1.62 max 7.46 deg[0m
[log_localization-9] [0m[INFO] [1789223545.408763972] [log_localization]: 1975.0 s  8429.8 m  err 0.124 m (along -0.123 cross -0.016) yaw  +2.03 deg  m->o yaw  +2.16 deg | fit true 0.018 est 0.002 (x0.13)  enc/true 1.018  dr_err 36.64 m[0m
[pure_pursuit-11] [0m[INFO] [1789223546.697647945] [pure_pursuit]: lap 303: 6.48 s[0m
[localization_error-8] [0m[INFO] [1789223547.765983114] [localization_error]: now[200] 0.247 m / 1.68 deg  |  session[n=39488] mean 0.238 p95 0.532 max 0.917 m, heading mean 1.62 max 7.46 deg[0m
[log_localization-9] [0m[INFO] [1789223550.408244444] [log_localization]: 1980.0 s  8450.6 m  err 0.106 m (along +0.106 cross +0.009) yaw  +1.28 deg  m->o yaw  +1.39 deg | fit true 0.032 est 0.032 (x1.00)  enc/true 1.018  dr_err 36.77 m[0m
[localization_error-8] [0m[INFO] [1789223552.766771862] [localization_error]: now[200] 0.234 m / 1.91 deg  |  session[n=39588] mean 0.238 p95 0.531 max 0.917 m, heading mean 1.62 max 7.46 deg[0m
[pure_pursuit-11] [0m[INFO] [1789223553.203194614] [pure_pursuit]: lap 304: 6.52 s[0m
[log_localization-9] [0m[INFO] [1789223555.408717547] [log_localization]: 1985.0 s  8473.2 m  err 0.085 m (along -0.084 cross -0.009) yaw  +2.86 deg  m->o yaw  +2.80 deg | fit true 0.025 est 0.041 (x1.60)  enc/true 1.018  dr_err 36.76 m[0m
[localization_error-8] [0m[INFO] [1789223557.766919669] [localization_error]: now[200] 0.228 m / 1.63 deg  |  session[n=39688] mean 0.238 p95 0.531 max 0.917 m, heading mean 1.62 max 7.46 deg[0m
[pure_pursuit-11] [0m[INFO] [1789223559.720316591] [pure_pursuit]: lap 305: 6.52 s[0m
[log_localization-9] [0m[INFO] [1789223560.408749621] [log_localization]: 1990.0 s  8493.0 m  err 0.162 m (along +0.162 cross +0.001) yaw  -0.69 deg  m->o yaw  -0.50 deg | fit true 0.002 est 0.028 (x11.65)  enc/true 1.018  dr_err 36.87 m[0m
[localization_error-8] [0m[INFO] [1789223562.766000613] [localization_error]: now[200] 0.227 m / 1.27 deg  |  session[n=39788] mean 0.238 p95 0.531 max 0.917 m, heading mean 1.62 max 7.46 deg[0m
[log_localization-9] [0m[INFO] [1789223565.408249446] [log_localization]: 1994.9 s  8514.8 m  err 0.074 m (along -0.073 cross -0.006) yaw  +4.20 deg  m->o yaw  +4.40 deg | fit true 0.017 est 0.017 (x1.01)  enc/true 1.018  dr_err 37.00 m[0m
[pure_pursuit-11] [0m[INFO] [1789223566.251290500] [pure_pursuit]: lap 306: 6.53 s[0m
[localization_error-8] [0m[INFO] [1789223567.766522593] [localization_error]: now[200] 0.238 m / 1.33 deg  |  session[n=39888] mean 0.238 p95 0.532 max 0.917 m, heading mean 1.62 max 7.46 deg[0m
[log_localization-9] [0m[INFO] [1789223570.408162377] [log_localization]: 1999.9 s  8536.2 m  err 0.069 m (along +0.069 cross -0.000) yaw  +0.37 deg  m->o yaw  +0.42 deg | fit true 0.005 est 0.008 (x1.59)  enc/true 1.018  dr_err 37.15 m[0m
[pure_pursuit-11] [0m[INFO] [1789223572.722588169] [pure_pursuit]: lap 307: 6.46 s[0m
[localization_error-8] [0m[INFO] [1789223572.766188561] [localization_error]: now[200] 0.224 m / 1.45 deg  |  session[n=39988] mean 0.238 p95 0.531 max 0.917 m, heading mean 1.62 max 7.46 deg[0m
[log_localization-9] [0m[INFO] [1789223575.408458895] [log_localization]: 2004.9 s  8558.1 m  err 0.036 m (along +0.032 cross -0.016) yaw  +0.82 deg  m->o yaw  +0.94 deg | fit true 0.014 est 0.028 (x1.97)  enc/true 1.018  dr_err 37.19 m[0m
[localization_error-8] [0m[INFO] [1789223577.765892336] [localization_error]: now[200] 0.220 m / 1.40 deg  |  session[n=40088] mean 0.238 p95 0.531 max 0.917 m, heading mean 1.62 max 7.46 deg[0m
[pure_pursuit-11] [0m[INFO] [1789223579.252437007] [pure_pursuit]: lap 308: 6.52 s[0m
[log_localization-9] [0m[INFO] [1789223580.408728835] [log_localization]: 2010.0 s  8579.9 m  err 0.066 m (along -0.066 cross +0.003) yaw  +0.69 deg  m->o yaw  +0.69 deg | fit true 0.024 est 0.016 (x0.69)  enc/true 1.018  dr_err 37.25 m[0m
[pure_pursuit-11] [0m[INFO] [1789223581.702695478] [pure_pursuit]: control_hz 46.2 -> 41.5 (tick 41.5 Hz)[0m
[pure_pursuit-11] [0m[INFO] [1789223582.702795737] [pure_pursuit]: control_hz 41.5 -> 46.3 (tick 46.3 Hz)[0m
[localization_error-8] [0m[INFO] [1789223582.766463195] [localization_error]: now[200] 0.258 m / 1.48 deg  |  session[n=40188] mean 0.238 p95 0.531 max 0.917 m, heading mean 1.62 max 7.46 deg[0m
[log_localization-9] [0m[INFO] [1789223585.408234780] [log_localization]: 2014.9 s  8599.8 m  err 0.041 m (along +0.035 cross -0.021) yaw  +0.73 deg  m->o yaw  +0.75 deg | fit true 0.008 est 0.001 (x0.12)  enc/true 1.018  dr_err 37.47 m[0m
[pure_pursuit-11] [0m[INFO] [1789223585.755570224] [pure_pursuit]: lap 309: 6.52 s[0m
[localization_error-8] [0m[INFO] [1789223587.765955255] [localization_error]: now[200] 0.259 m / 1.53 deg  |  session[n=40288] mean 0.238 p95 0.532 max 0.917 m, heading mean 1.62 max 7.46 deg[0m
[log_localization-9] [0m[INFO] [1789223590.408221890] [log_localization]: 2019.9 s  8622.0 m  err 0.221 m (along +0.220 cross +0.023) yaw  +0.42 deg  m->o yaw  +0.30 deg | fit true 0.003 est 0.032 (x9.54)  enc/true 1.018  dr_err 37.53 m[0m
[pure_pursuit-11] [0m[INFO] [1789223592.321371838] [pure_pursuit]: lap 310: 6.56 s[0m
[localization_error-8] [0m[INFO] [1789223592.766698499] [localization_error]: now[200] 0.245 m / 1.54 deg  |  session[n=40388] mean 0.238 p95 0.531 max 0.917 m, heading mean 1.62 max 7.46 deg[0m
[log_localization-9] [0m[INFO] [1789223595.409109031] [log_localization]: 2025.0 s  8642.9 m  err 0.163 m (along +0.158 cross -0.040) yaw  -3.27 deg  m->o yaw  -3.06 deg | fit true 0.051 est 0.088 (x1.74)  enc/true 1.018  dr_err 37.60 m[0m
[localization_error-8] [0m[INFO] [1789223597.766236896] [localization_error]: now[200] 0.230 m / 1.74 deg  |  session[n=40488] mean 0.238 p95 0.530 max 0.917 m, heading mean 1.62 max 7.46 deg[0m
[pure_pursuit-11] [0m[INFO] [1789223598.878901128] [pure_pursuit]: lap 311: 6.54 s[0m
[log_localization-9] [0m[INFO] [1789223600.408655557] [log_localization]: 2030.0 s  8665.6 m  err 0.191 m (along -0.190 cross -0.008) yaw  +2.39 deg  m->o yaw  +1.62 deg | fit true 0.022 est 0.023 (x1.04)  enc/true 1.018  dr_err 37.71 m[0m
[localization_error-8] [0m[INFO] [1789223602.766157895] [localization_error]: now[200] 0.240 m / 1.69 deg  |  session[n=40588] mean 0.238 p95 0.530 max 0.917 m, heading mean 1.62 max 7.46 deg[0m
[pure_pursuit-11] [0m[INFO] [1789223605.359563299] [pure_pursuit]: lap 312: 6.50 s[0m
[log_localization-9] [0m[INFO] [1789223605.408557090] [log_localization]: 2034.9 s  8684.7 m  err 0.090 m (along +0.079 cross -0.043) yaw  -1.47 deg  m->o yaw  -1.12 deg | fit true 0.011 est 0.037 (x3.34)  enc/true 1.018  dr_err 37.86 m[0m
[localization_error-8] [0m[INFO] [1789223607.765862384] [localization_error]: now[200] 0.246 m / 1.48 deg  |  session[n=40688] mean 0.238 p95 0.531 max 0.917 m, heading mean 1.62 max 7.46 deg[0m
[log_localization-9] [0m[INFO] [1789223610.408805488] [log_localization]: 2040.0 s  8707.7 m  err 0.033 m (along -0.030 cross +0.014) yaw  +1.25 deg  m->o yaw  +1.05 deg | fit true 0.007 est 0.014 (x1.92)  enc/true 1.018  dr_err 37.95 m[0m
[pure_pursuit-11] [0m[INFO] [1789223611.703179917] [pure_pursuit]: control_hz 46.3 -> 39.8 (tick 39.8 Hz)[0m
[pure_pursuit-11] [0m[INFO] [1789223611.872476624] [pure_pursuit]: lap 313: 6.50 s[0m
[pure_pursuit-11] [0m[INFO] [1789223612.702684375] [pure_pursuit]: control_hz 39.8 -> 45.3 (tick 45.3 Hz)[0m
[localization_error-8] [0m[INFO] [1789223612.766894338] [localization_error]: now[200] 0.246 m / 1.56 deg  |  session[n=40788] mean 0.238 p95 0.530 max 0.917 m, heading mean 1.62 max 7.46 deg[0m
[log_localization-9] [0m[INFO] [1789223615.408302633] [log_localization]: 2045.0 s  8728.3 m  err 0.097 m (along +0.095 cross -0.018) yaw  -0.27 deg  m->o yaw  -0.18 deg | fit true 0.045 est 0.039 (x0.86)  enc/true 1.018  dr_err 38.07 m[0m
[localization_error-8] [0m[INFO] [1789223617.766800362] [localization_error]: now[200] 0.227 m / 1.68 deg  |  session[n=40888] mean 0.238 p95 0.531 max 0.917 m, heading mean 1.62 max 7.46 deg[0m
[pure_pursuit-11] [0m[INFO] [1789223618.384802426] [pure_pursuit]: lap 314: 6.51 s[0m
[log_localization-9] [0m[INFO] [1789223620.408712301] [log_localization]: 2050.0 s  8751.1 m  err 0.046 m (along -0.045 cross +0.008) yaw  +2.49 deg  m->o yaw  +2.45 deg | fit true 0.030 est 0.018 (x0.59)  enc/true 1.018  dr_err 38.05 m[0m
[localization_error-8] [0m[INFO] [1789223622.766713485] [localization_error]: now[200] 0.230 m / 1.57 deg  |  session[n=40988] mean 0.238 p95 0.531 max 0.917 m, heading mean 1.62 max 7.46 deg[0m
[pure_pursuit-11] [0m[INFO] [1789223624.870738096] [pure_pursuit]: lap 315: 6.48 s[0m
[log_localization-9] [0m[INFO] [1789223625.409044337] [log_localization]: 2055.0 s  8770.6 m  err 0.167 m (along +0.167 cross -0.000) yaw  +0.95 deg  m->o yaw  +1.05 deg | fit true 0.005 est 0.010 (x1.95)  enc/true 1.018  dr_err 38.20 m[0m
[localization_error-8] [0m[INFO] [1789223627.765915577] [localization_error]: now[200] 0.230 m / 1.48 deg  |  session[n=41088] mean 0.238 p95 0.532 max 0.917 m, heading mean 1.62 max 7.46 deg[0m
[log_localization-9] [0m[INFO] [1789223630.408205723] [log_localization]: 2059.9 s  8792.7 m  err 0.113 m (along -0.113 cross -0.000) yaw  +4.81 deg  m->o yaw  +4.76 deg | fit true 0.019 est 0.029 (x1.55)  enc/true 1.018  dr_err 38.29 m[0m
[pure_pursuit-11] [0m[INFO] [1789223631.378274583] [pure_pursuit]: lap 316: 6.52 s[0m
[localization_error-8] [0m[INFO] [1789223632.766290152] [localization_error]: now[200] 0.259 m / 1.59 deg  |  session[n=41188] mean 0.238 p95 0.532 max 0.917 m, heading mean 1.62 max 7.46 deg[0m
[log_localization-9] [0m[INFO] [1789223635.408196614] [log_localization]: 2064.9 s  8814.0 m  err 0.026 m (along +0.024 cross -0.010) yaw  -1.05 deg  m->o yaw  -1.00 deg | fit true 0.018 est 0.016 (x0.87)  enc/true 1.018  dr_err 38.36 m[0m
[localization_error-8] [0m[INFO] [1789223637.767052524] [localization_error]: now[200] 0.234 m / 1.73 deg  |  session[n=41288] mean 0.238 p95 0.531 max 0.917 m, heading mean 1.62 max 7.46 deg[0m
[pure_pursuit-11] [0m[INFO] [1789223638.006658489] [pure_pursuit]: lap 317: 6.64 s[0m
[log_localization-9] [0m[INFO] [1789223640.408315064] [log_localization]: 2069.9 s  8836.2 m  err 0.024 m (along -0.024 cross -0.000) yaw  +1.22 deg  m->o yaw  +1.26 deg | fit true 0.021 est 0.023 (x1.13)  enc/true 1.018  dr_err 38.38 m[0m
[localization_error-8] [0m[INFO] [1789223642.765973167] [localization_error]: now[200] 0.219 m / 1.74 deg  |  session[n=41388] mean 0.238 p95 0.531 max 0.917 m, heading mean 1.62 max 7.46 deg[0m
[pure_pursuit-11] [0m[INFO] [1789223644.560871956] [pure_pursuit]: lap 318: 6.54 s[0m
[log_localization-9] [0m[INFO] [1789223645.408146712] [log_localization]: 2074.9 s  8856.4 m  err 0.252 m (along +0.252 cross -0.011) yaw  -0.28 deg  m->o yaw  -0.24 deg | fit true 0.009 est 0.028 (x3.03)  enc/true 1.018  dr_err 38.37 m[0m
[localization_error-8] [0m[INFO] [1789223647.766982084] [localization_error]: now[200] 0.239 m / 1.58 deg  |  session[n=41488] mean 0.238 p95 0.531 max 0.917 m, heading mean 1.62 max 7.46 deg[0m
[log_localization-9] [0m[INFO] [1789223650.408737681] [log_localization]: 2080.0 s  8877.6 m  err 0.083 m (along -0.083 cross -0.005) yaw  +4.47 deg  m->o yaw  +4.52 deg | fit true 0.014 est 0.012 (x0.82)  enc/true 1.018  dr_err 38.52 m[0m
[pure_pursuit-11] [0m[INFO] [1789223651.070042903] [pure_pursuit]: lap 319: 6.51 s[0m
[localization_error-8] [0m[INFO] [1789223652.765887027] [localization_error]: now[200] 0.230 m / 1.45 deg  |  session[n=41588] mean 0.238 p95 0.530 max 0.917 m, heading mean 1.62 max 7.46 deg[0m
[log_localization-9] [0m[INFO] [1789223655.409133235] [log_localization]: 2085.0 s  8898.9 m  err 0.168 m (along +0.168 cross +0.009) yaw  +1.51 deg  m->o yaw  +1.39 deg | fit true 0.002 est 0.021 (x9.90)  enc/true 1.018  dr_err 38.63 m[0m
[pure_pursuit-11] [0m[INFO] [1789223657.651071991] [pure_pursuit]: lap 320: 6.57 s[0m
[localization_error-8] [0m[INFO] [1789223657.766448446] [localization_error]: now[200] 0.235 m / 1.69 deg  |  session[n=41688] mean 0.238 p95 0.530 max 0.917 m, heading mean 1.62 max 7.46 deg[0m
[log_localization-9] [0m[INFO] [1789223660.408346950] [log_localization]: 2090.0 s  8920.5 m  err 0.041 m (along +0.039 cross -0.014) yaw  -0.84 deg  m->o yaw  -0.63 deg | fit true 0.016 est 0.021 (x1.32)  enc/true 1.018  dr_err 38.62 m[0m
[localization_error-8] [0m[INFO] [1789223662.765875456] [localization_error]: now[200] 0.245 m / 1.73 deg  |  session[n=41788] mean 0.238 p95 0.530 max 0.917 m, heading mean 1.62 max 7.46 deg[0m
[pure_pursuit-11] [0m[INFO] [1789223664.178518481] [pure_pursuit]: lap 321: 6.53 s[0m
[log_localization-9] [0m[INFO] [1789223665.408181460] [log_localization]: 2094.9 s  8942.4 m  err 0.059 m (along -0.059 cross +0.002) yaw  +1.17 deg  m->o yaw  +1.00 deg | fit true 0.007 est 0.002 (x0.28)  enc/true 1.018  dr_err 38.65 m[0m
[localization_error-8] [0m[INFO] [1789223667.766188565] [localization_error]: now[200] 0.247 m / 1.74 deg  |  session[n=41888] mean 0.238 p95 0.530 max 0.917 m, heading mean 1.62 max 7.46 deg[0m
[log_localization-9] [0m[INFO] [1789223670.408285117] [log_localization]: 2099.9 s  8962.2 m  err 0.052 m (along +0.051 cross -0.011) yaw  -0.21 deg  m->o yaw  +0.03 deg | fit true 0.007 est 0.005 (x0.67)  enc/true 1.018  dr_err 38.85 m[0m
[pure_pursuit-11] [0m[INFO] [1789223670.742996072] [pure_pursuit]: lap 322: 6.58 s[0m
[localization_error-8] [0m[INFO] [1789223672.766915559] [localization_error]: now[200] 0.244 m / 1.75 deg  |  session[n=41988] mean 0.238 p95 0.531 max 0.917 m, heading mean 1.62 max 7.46 deg[0m
[log_localization-9] [0m[INFO] [1789223675.408352754] [log_localization]: 2105.0 s  8984.7 m  err 0.093 m (along +0.091 cross +0.017) yaw  +0.77 deg  m->o yaw  +0.80 deg | fit true 0.004 est 0.028 (x6.51)  enc/true 1.018  dr_err 38.87 m[0m
[pure_pursuit-11] [0m[INFO] [1789223677.253931916] [pure_pursuit]: lap 323: 6.50 s[0m
[localization_error-8] [0m[INFO] [1789223677.766778999] [localization_error]: now[200] 0.236 m / 1.68 deg  |  session[n=42088] mean 0.238 p95 0.530 max 0.917 m, heading mean 1.62 max 7.46 deg[0m
[log_localization-9] [0m[INFO] [1789223680.408111619] [log_localization]: 2109.9 s  9005.5 m  err 0.097 m (along +0.092 cross -0.029) yaw  -0.86 deg  m->o yaw  -0.74 deg | fit true 0.055 est 0.067 (x1.21)  enc/true 1.018  dr_err 38.95 m[0m
[localization_error-8] [0m[INFO] [1789223682.766948637] [localization_error]: now[200] 0.229 m / 1.70 deg  |  session[n=42188] mean 0.238 p95 0.530 max 0.917 m, heading mean 1.62 max 7.46 deg[0m
[pure_pursuit-11] [0m[INFO] [1789223683.777776934] [pure_pursuit]: lap 324: 6.53 s[0m
[log_localization-9] [0m[INFO] [1789223685.408731283] [log_localization]: 2115.0 s  9028.2 m  err 0.114 m (along -0.114 cross -0.004) yaw  +2.24 deg  m->o yaw  +2.17 deg | fit true 0.019 est 0.017 (x0.92)  enc/true 1.018  dr_err 39.01 m[0m
[localization_error-8] [0m[INFO] [1789223687.766241612] [localization_error]: now[200] 0.251 m / 1.68 deg  |  session[n=42288] mean 0.238 p95 0.530 max 0.917 m, heading mean 1.62 max 7.46 deg[0m
[pure_pursuit-11] [0m[INFO] [1789223690.296979806] [pure_pursuit]: lap 325: 6.51 s[0m
[log_localization-9] [0m[INFO] [1789223690.409119177] [log_localization]: 2120.0 s  9047.4 m  err 0.164 m (along +0.151 cross -0.063) yaw  -2.40 deg  m->o yaw  -2.20 deg | fit true 0.016 est 0.048 (x2.89)  enc/true 1.018  dr_err 39.20 m[0m
[localization_error-8] [0m[INFO] [1789223692.765862004] [localization_error]: now[200] 0.241 m / 1.59 deg  |  session[n=42388] mean 0.238 p95 0.530 max 0.917 m, heading mean 1.62 max 7.46 deg[0m
[log_localization-9] [0m[INFO] [1789223695.408239952] [log_localization]: 2124.9 s  9070.2 m  err 0.204 m (along -0.203 cross -0.018) yaw  +2.26 deg  m->o yaw  +2.28 deg | fit true 0.010 est 0.015 (x1.57)  enc/true 1.018  dr_err 39.20 m[0m
[pure_pursuit-11] [0m[INFO] [1789223696.828634854] [pure_pursuit]: lap 326: 6.53 s[0m
[localization_error-8] [0m[INFO] [1789223697.766038387] [localization_error]: now[200] 0.242 m / 1.78 deg  |  session[n=42488] mean 0.238 p95 0.530 max 0.917 m, heading mean 1.62 max 7.46 deg[0m
[log_localization-9] [0m[INFO] [1789223700.408229356] [log_localization]: 2129.9 s  9091.0 m  err 0.100 m (along +0.099 cross -0.008) yaw  +0.57 deg  m->o yaw  +0.56 deg | fit true 0.041 est 0.037 (x0.91)  enc/true 1.018  dr_err 39.32 m[0m
[localization_error-8] [0m[INFO] [1789223702.766395852] [localization_error]: now[200] 0.237 m / 1.87 deg  |  session[n=42588] mean 0.238 p95 0.530 max 0.917 m, heading mean 1.62 max 7.46 deg[0m
[pure_pursuit-11] [0m[INFO] [1789223703.315196324] [pure_pursuit]: lap 327: 6.49 s[0m
[log_localization-9] [0m[INFO] [1789223705.408774747] [log_localization]: 2135.0 s  9113.7 m  err 0.005 m (along -0.002 cross +0.004) yaw  +2.76 deg  m->o yaw  +2.83 deg | fit true 0.030 est 0.025 (x0.85)  enc/true 1.018  dr_err 39.33 m[0m
[localization_error-8] [0m[INFO] [1789223707.766461044] [localization_error]: now[200] 0.233 m / 1.59 deg  |  session[n=42688] mean 0.238 p95 0.530 max 0.917 m, heading mean 1.62 max 7.46 deg[0m
[pure_pursuit-11] [0m[INFO] [1789223709.831389869] [pure_pursuit]: lap 328: 6.52 s[0m
[log_localization-9] [0m[INFO] [1789223710.408680405] [log_localization]: 2140.0 s  9133.1 m  err 0.168 m (along +0.168 cross +0.008) yaw  +0.61 deg  m->o yaw  +0.51 deg | fit true 0.004 est 0.004 (x1.02)  enc/true 1.018  dr_err 39.48 m[0m
[localization_error-8] [0m[INFO] [1789223712.765891101] [localization_error]: now[200] 0.228 m / 1.46 deg  |  session[n=42788] mean 0.238 p95 0.530 max 0.917 m, heading mean 1.62 max 7.46 deg[0m
[log_localization-9] [0m[INFO] [1789223715.408163068] [log_localization]: 2144.9 s  9155.2 m  err 0.091 m (along -0.091 cross -0.003) yaw  +3.53 deg  m->o yaw  +3.26 deg | fit true 0.018 est 0.018 (x1.03)  enc/true 1.017  dr_err 39.61 m[0m
[pure_pursuit-11] [0m[INFO] [1789223716.363233888] [pure_pursuit]: lap 329: 6.53 s[0m
[localization_error-8] [0m[INFO] [1789223717.767282689] [localization_error]: now[200] 0.260 m / 1.58 deg  |  session[n=42888] mean 0.238 p95 0.530 max 0.917 m, heading mean 1.62 max 7.46 deg[0m
[log_localization-9] [0m[INFO] [1789223720.408514251] [log_localization]: 2150.0 s  9176.3 m  err 0.130 m (along +0.129 cross -0.013) yaw  +0.62 deg  m->o yaw  +0.69 deg | fit true 0.015 est 0.018 (x1.18)  enc/true 1.017  dr_err 39.71 m[0m
[localization_error-8] [0m[INFO] [1789223722.767026720] [localization_error]: now[200] 0.249 m / 1.74 deg  |  session[n=42988] mean 0.238 p95 0.530 max 0.917 m, heading mean 1.62 max 7.46 deg[0m
[pure_pursuit-11] [0m[INFO] [1789223722.962937962] [pure_pursuit]: lap 330: 6.61 s[0m
[log_localization-9] [0m[INFO] [1789223725.408532657] [log_localization]: 2154.9 s  9198.5 m  err 0.082 m (along -0.082 cross +0.002) yaw  +2.08 deg  m->o yaw  +1.78 deg | fit true 0.016 est 0.029 (x1.78)  enc/true 1.017  dr_err 39.78 m[0m
[localization_error-8] [0m[INFO] [1789223727.766980118] [localization_error]: now[200] 0.226 m / 1.61 deg  |  session[n=43088] mean 0.238 p95 0.530 max 0.917 m, heading mean 1.62 max 7.46 deg[0m
[pure_pursuit-11] [0m[INFO] [1789223729.649996735] [pure_pursuit]: lap 331: 6.68 s[0m
[log_localization-9] [0m[INFO] [1789223730.408254706] [log_localization]: 2160.0 s  9218.6 m  err 0.264 m (along +0.264 cross +0.002) yaw  +0.33 deg  m->o yaw  +0.28 deg | fit true 0.004 est 0.010 (x2.49)  enc/true 1.018  dr_err 39.82 m[0m
[localization_error-8] [0m[INFO] [1789223732.766606371] [localization_error]: now[200] 0.234 m / 1.36 deg  |  session[n=43188] mean 0.238 p95 0.530 max 0.917 m, heading mean 1.62 max 7.46 deg[0m
[log_localization-9] [0m[INFO] [1789223735.408176229] [log_localization]: 2164.9 s  9240.2 m  err 0.101 m (along -0.101 cross -0.005) yaw  +4.82 deg  m->o yaw  +4.63 deg | fit true 0.017 est 0.019 (x1.14)  enc/true 1.017  dr_err 39.98 m[0m
[pure_pursuit-11] [0m[INFO] [1789223736.210511304] [pure_pursuit]: lap 332: 6.54 s[0m
[localization_error-8] [0m[INFO] [1789223737.767119457] [localization_error]: now[200] 0.240 m / 1.43 deg  |  session[n=43288] mean 0.238 p95 0.530 max 0.917 m, heading mean 1.62 max 7.46 deg[0m
[log_localization-9] [0m[INFO] [1789223740.408390215] [log_localization]: 2170.0 s  9261.6 m  err 0.116 m (along +0.116 cross -0.004) yaw  +0.27 deg  m->o yaw  +0.11 deg | fit true 0.003 est 0.014 (x5.21)  enc/true 1.017  dr_err 40.08 m[0m
[pure_pursuit-11] [0m[INFO] [1789223742.716439782] [pure_pursuit]: lap 333: 6.51 s[0m
[localization_error-8] [0m[INFO] [1789223742.766230811] [localization_error]: now[200] 0.219 m / 1.66 deg  |  session[n=43388] mean 0.238 p95 0.530 max 0.917 m, heading mean 1.62 max 7.46 deg[0m
[log_localization-9] [0m[INFO] [1789223745.408289398] [log_localization]: 2174.9 s  9283.4 m  err 0.012 m (along +0.008 cross -0.008) yaw  -0.31 deg  m->o yaw  +0.01 deg | fit true 0.016 est 0.016 (x0.98)  enc/true 1.017  dr_err 40.16 m[0m
[localization_error-8] [0m[INFO] [1789223747.766857341] [localization_error]: now[200] 0.229 m / 1.57 deg  |  session[n=43488] mean 0.238 p95 0.531 max 0.917 m, heading mean 1.62 max 7.46 deg[0m
[pure_pursuit-11] [0m[INFO] [1789223749.205241481] [pure_pursuit]: lap 334: 6.49 s[0m
[log_localization-9] [0m[INFO] [1789223750.408478955] [log_localization]: 2180.0 s  9305.1 m  err 0.043 m (along -0.043 cross -0.002) yaw  +0.95 deg  m->o yaw  +1.06 deg | fit true 0.010 est 0.006 (x0.60)  enc/true 1.017  dr_err 40.24 m[0m
[localization_error-8] [0m[INFO] [1789223752.767031046] [localization_error]: now[200] 0.241 m / 1.53 deg  |  session[n=43588] mean 0.238 p95 0.531 max 0.917 m, heading mean 1.62 max 7.46 deg[0m
[log_localization-9] [0m[INFO] [1789223755.408347000] [log_localization]: 2184.9 s  9325.0 m  err 0.022 m (along +0.019 cross -0.010) yaw  +0.97 deg  m->o yaw  +1.09 deg | fit true 0.006 est 0.003 (x0.41)  enc/true 1.017  dr_err 40.45 m[0m
[pure_pursuit-11] [0m[INFO] [1789223755.782619951] [pure_pursuit]: lap 335: 6.59 s[0m
[localization_error-8] [0m[INFO] [1789223757.765939423] [localization_error]: now[200] 0.221 m / 1.55 deg  |  session[n=43688] mean 0.238 p95 0.531 max 0.917 m, heading mean 1.62 max 7.46 deg[0m
[log_localization-9] [0m[INFO] [1789223760.408840947] [log_localization]: 2190.0 s  9347.3 m  err 0.067 m (along +0.064 cross +0.020) yaw  +0.39 deg  m->o yaw  +0.22 deg | fit true 0.003 est 0.016 (x5.50)  enc/true 1.017  dr_err 40.50 m[0m
[pure_pursuit-11] [0m[INFO] [1789223762.318128893] [pure_pursuit]: lap 336: 6.52 s[0m
[localization_error-8] [0m[INFO] [1789223762.765956288] [localization_error]: now[200] 0.231 m / 1.62 deg  |  session[n=43788] mean 0.238 p95 0.531 max 0.917 m, heading mean 1.62 max 7.46 deg[0m
[log_localization-9] [0m[INFO] [1789223765.408659026] [log_localization]: 2194.9 s  9368.3 m  err 0.098 m (along +0.090 cross -0.038) yaw  -1.59 deg  m->o yaw  -1.50 deg | fit true 0.052 est 0.058 (x1.12)  enc/true 1.017  dr_err 40.56 m[0m
[pure_pursuit-11] [0m[INFO] [1789223767.703014265] [pure_pursuit]: control_hz 45.3 -> 39.5 (tick 39.5 Hz)[0m
[localization_error-8] [0m[INFO] [1789223767.767055467] [localization_error]: now[200] 0.229 m / 1.66 deg  |  session[n=43888] mean 0.238 p95 0.531 max 0.917 m, heading mean 1.62 max 7.46 deg[0m
[pure_pursuit-11] [0m[INFO] [1789223768.702972617] [pure_pursuit]: control_hz 39.5 -> 47.1 (tick 47.1 Hz)[0m
[pure_pursuit-11] [0m[INFO] [1789223768.806197660] [pure_pursuit]: lap 337: 6.50 s[0m
[log_localization-9] [0m[INFO] [1789223770.408153225] [log_localization]: 2199.9 s  9391.2 m  err 0.075 m (along -0.075 cross -0.005) yaw  +1.20 deg  m->o yaw  +1.30 deg | fit true 0.020 est 0.016 (x0.80)  enc/true 1.017  dr_err 40.65 m[0m
[localization_error-8] [0m[INFO] [1789223772.766085281] [localization_error]: now[200] 0.254 m / 1.64 deg  |  session[n=43988] mean 0.238 p95 0.531 max 0.917 m, heading mean 1.62 max 7.46 deg[0m
[pure_pursuit-11] [0m[INFO] [1789223775.316382855] [pure_pursuit]: lap 338: 6.50 s[0m
[log_localization-9] [0m[INFO] [1789223775.409077121] [log_localization]: 2205.0 s  9410.3 m  err 0.092 m (along +0.081 cross -0.042) yaw  -0.37 deg  m->o yaw  -0.44 deg | fit true 0.008 est 0.024 (x2.98)  enc/true 1.017  dr_err 40.79 m[0m
[localization_error-8] [0m[INFO] [1789223777.767103753] [localization_error]: now[200] 0.248 m / 1.61 deg  |  session[n=44088] mean 0.238 p95 0.532 max 0.917 m, heading mean 1.62 max 7.46 deg[0m
[log_localization-9] [0m[INFO] [1789223780.408680097] [log_localization]: 2210.0 s  9433.2 m  err 0.018 m (along -0.017 cross +0.005) yaw  +0.50 deg  m->o yaw  +0.47 deg | fit true 0.007 est 0.007 (x0.95)  enc/true 1.017  dr_err 40.85 m[0m
[pure_pursuit-11] [0m[INFO] [1789223781.830051054] [pure_pursuit]: lap 339: 6.51 s[0m
[localization_error-8] [0m[INFO] [1789223782.766198894] [localization_error]: now[200] 0.232 m / 1.59 deg  |  session[n=44188] mean 0.238 p95 0.531 max 0.917 m, heading mean 1.62 max 7.46 deg[0m
[log_localization-9] [0m[INFO] [1789223785.408714846] [log_localization]: 2215.0 s  9453.5 m  err 0.152 m (along +0.151 cross -0.009) yaw  -0.22 deg  m->o yaw  -0.13 deg | fit true 0.047 est 0.048 (x1.02)  enc/true 1.017  dr_err 41.02 m[0m
[localization_error-8] [0m[INFO] [1789223787.766721102] [localization_error]: now[200] 0.231 m / 1.68 deg  |  session[n=44288] mean 0.238 p95 0.531 max 0.917 m, heading mean 1.62 max 7.46 deg[0m
[pure_pursuit-11] [0m[INFO] [1789223788.409363609] [pure_pursuit]: lap 340: 6.57 s[0m
[log_localization-9] [0m[INFO] [1789223790.408616092] [log_localization]: 2220.0 s  9476.3 m  err 0.067 m (along -0.067 cross -0.005) yaw  +2.79 deg  m->o yaw  +3.10 deg | fit true 0.031 est 0.027 (x0.86)  enc/true 1.017  dr_err 40.99 m[0m
[localization_error-8] [0m[INFO] [1789223792.765863467] [localization_error]: now[200] 0.242 m / 1.57 deg  |  session[n=44388] mean 0.238 p95 0.531 max 0.917 m, heading mean 1.62 max 7.46 deg[0m
[pure_pursuit-11] [0m[INFO] [1789223794.921599701] [pure_pursuit]: lap 341: 6.52 s[0m
[log_localization-9] [0m[INFO] [1789223795.408387664] [log_localization]: 2225.0 s  9495.5 m  err 0.160 m (along +0.160 cross -0.008) yaw  +0.70 deg  m->o yaw  +0.98 deg | fit true 0.008 est 0.007 (x0.84)  enc/true 1.017  dr_err 41.12 m[0m
[localization_error-8] [0m[INFO] [1789223797.766275851] [localization_error]: now[200] 0.236 m / 1.40 deg  |  session[n=44488] mean 0.238 p95 0.531 max 0.917 m, heading mean 1.62 max 7.46 deg[0m
[log_localization-9] [0m[INFO] [1789223800.408231484] [log_localization]: 2229.9 s  9518.1 m  err 0.095 m (along -0.095 cross +0.006) yaw  +3.05 deg  m->o yaw  +3.12 deg | fit true 0.017 est 0.026 (x1.49)  enc/true 1.017  dr_err 41.12 m[0m
[pure_pursuit-11] [0m[INFO] [1789223801.494217768] [pure_pursuit]: lap 342: 6.58 s[0m
[localization_error-8] [0m[INFO] [1789223802.766153090] [localization_error]: now[200] 0.245 m / 1.52 deg  |  session[n=44588] mean 0.238 p95 0.532 max 0.917 m, heading mean 1.62 max 7.46 deg[0m
[log_localization-9] [0m[INFO] [1789223805.408532251] [log_localization]: 2235.0 s  9538.9 m  err 0.031 m (along +0.029 cross -0.010) yaw  -0.39 deg  m->o yaw  -0.25 deg | fit true 0.024 est 0.015 (x0.60)  enc/true 1.017  dr_err 41.22 m[0m
[localization_error-8] [0m[INFO] [1789223807.766103915] [localization_error]: now[200] 0.221 m / 1.70 deg  |  session[n=44688] mean 0.238 p95 0.530 max 0.917 m, heading mean 1.62 max 7.46 deg[0m
[pure_pursuit-11] [0m[INFO] [1789223808.053017742] [pure_pursuit]: lap 343: 6.56 s[0m
[log_localization-9] [0m[INFO] [1789223810.408224977] [log_localization]: 2239.9 s  9561.2 m  err 0.014 m (along -0.014 cross +0.001) yaw  +0.45 deg  m->o yaw  +0.68 deg | fit true 0.024 est 0.023 (x0.95)  enc/true 1.017  dr_err 41.26 m[0m
[localization_error-8] [0m[INFO] [1789223812.766190572] [localization_error]: now[200] 0.229 m / 1.64 deg  |  session[n=44788] mean 0.238 p95 0.530 max 0.917 m, heading mean 1.62 max 7.46 deg[0m
[pure_pursuit-11] [0m[INFO] [1789223814.579007334] [pure_pursuit]: lap 344: 6.53 s[0m
[log_localization-9] [0m[INFO] [1789223815.408271259] [log_localization]: 2245.0 s  9581.7 m  err 0.297 m (along +0.297 cross -0.002) yaw  -0.12 deg  m->o yaw  -0.14 deg | fit true 0.012 est 0.027 (x2.16)  enc/true 1.017  dr_err 41.30 m[0m
[localization_error-8] [0m[INFO] [1789223817.766410033] [localization_error]: now[200] 0.246 m / 1.44 deg  |  session[n=44888] mean 0.238 p95 0.531 max 0.917 m, heading mean 1.62 max 7.46 deg[0m
[log_localization-9] [0m[INFO] [1789223820.408710834] [log_localization]: 2250.0 s  9602.8 m  err 0.107 m (along -0.106 cross -0.012) yaw  +6.17 deg  m->o yaw  +6.17 deg | fit true 0.013 est 0.018 (x1.37)  enc/true 1.017  dr_err 41.47 m[0m
[pure_pursuit-11] [0m[INFO] [1789223821.093030783] [pure_pursuit]: lap 345: 6.50 s[0m
[localization_error-8] [0m[INFO] [1789223822.766039084] [localization_error]: now[200] 0.247 m / 1.55 deg  |  session[n=44988] mean 0.238 p95 0.532 max 0.917 m, heading mean 1.62 max 7.46 deg[0m
[log_localization-9] [0m[INFO] [1789223825.408791689] [log_localization]: 2255.0 s  9624.5 m  err 0.124 m (along +0.124 cross +0.002) yaw  +1.02 deg  m->o yaw  +0.89 deg | fit true 0.001 est 0.011 (x11.72)  enc/true 1.017  dr_err 41.57 m[0m
[pure_pursuit-11] [0m[INFO] [1789223827.608244263] [pure_pursuit]: lap 346: 6.51 s[0m
[localization_error-8] [0m[INFO] [1789223827.766761408] [localization_error]: now[200] 0.240 m / 1.73 deg  |  session[n=45088] mean 0.238 p95 0.531 max 0.917 m, heading mean 1.62 max 7.46 deg[0m
[log_localization-9] [0m[INFO] [1789223830.408404155] [log_localization]: 2260.0 s  9646.1 m  err 0.024 m (along -0.018 cross -0.015) yaw  +0.82 deg  m->o yaw  +0.77 deg | fit true 0.019 est 0.017 (x0.92)  enc/true 1.017  dr_err 41.62 m[0m
[localization_error-8] [0m[INFO] [1789223832.766858648] [localization_error]: now[200] 0.228 m / 1.54 deg  |  session[n=45188] mean 0.238 p95 0.532 max 0.917 m, heading mean 1.62 max 7.46 deg[0m
[pure_pursuit-11] [0m[INFO] [1789223834.098043713] [pure_pursuit]: lap 347: 6.51 s[0m
[log_localization-9] [0m[INFO] [1789223835.408154025] [log_localization]: 2264.9 s  9668.3 m  err 0.138 m (along -0.138 cross -0.000) yaw  +0.55 deg  m->o yaw  +0.80 deg | fit true 0.010 est 0.019 (x1.81)  enc/true 1.017  dr_err 41.66 m[0m
[pure_pursuit-11] [0m[INFO] [1789223837.702717838] [pure_pursuit]: control_hz 47.1 -> 41.9 (tick 41.9 Hz)[0m
[localization_error-8] [0m[INFO] [1789223837.766695868] [localization_error]: now[200] 0.247 m / 1.52 deg  |  session[n=45288] mean 0.238 p95 0.532 max 0.917 m, heading mean 1.62 max 7.46 deg[0m
[pure_pursuit-11] [0m[INFO] [1789223839.702768588] [pure_pursuit]: control_hz 41.9 -> 46.6 (tick 46.6 Hz)[0m
[log_localization-9] [0m[INFO] [1789223840.409160775] [log_localization]: 2270.0 s  9687.8 m  err 0.043 m (along +0.037 cross -0.022) yaw  +0.09 deg  m->o yaw  +0.23 deg | fit true 0.008 est 0.003 (x0.34)  enc/true 1.017  dr_err 41.85 m[0m
[pure_pursuit-11] [0m[INFO] [1789223840.601573711] [pure_pursuit]: lap 348: 6.50 s[0m
[localization_error-8] [0m[INFO] [1789223842.765814040] [localization_error]: now[200] 0.242 m / 1.58 deg  |  session[n=45388] mean 0.238 p95 0.532 max 0.917 m, heading mean 1.62 max 7.46 deg[0m
[log_localization-9] [0m[INFO] [1789223845.408241600] [log_localization]: 2274.9 s  9710.6 m  err 0.016 m (along -0.013 cross +0.009) yaw  +0.01 deg  m->o yaw  -0.05 deg | fit true 0.004 est 0.005 (x1.26)  enc/true 1.017  dr_err 41.91 m[0m
[pure_pursuit-11] [0m[INFO] [1789223847.119524811] [pure_pursuit]: lap 349: 6.50 s[0m
[localization_error-8] [0m[INFO] [1789223847.766914506] [localization_error]: now[200] 0.241 m / 1.70 deg  |  session[n=45488] mean 0.238 p95 0.531 max 0.917 m, heading mean 1.62 max 7.46 deg[0m
[log_localization-9] [0m[INFO] [1789223850.408194556] [log_localization]: 2279.9 s  9731.1 m  err 0.099 m (along +0.095 cross -0.029) yaw  -0.72 deg  m->o yaw  -0.78 deg | fit true 0.056 est 0.059 (x1.06)  enc/true 1.017  dr_err 42.06 m[0m
[localization_error-8] [0m[INFO] [1789223852.766398397] [localization_error]: now[200] 0.235 m / 1.74 deg  |  session[n=45588] mean 0.238 p95 0.531 max 0.917 m, heading mean 1.62 max 7.46 deg[0m
[pure_pursuit-11] [0m[INFO] [1789223853.646526667] [pure_pursuit]: lap 350: 6.55 s[0m
[log_localization-9] [0m[INFO] [1789223855.409449457] [log_localization]: 2285.0 s  9753.8 m  err 0.216 m (along -0.214 cross -0.026) yaw  +2.66 deg  m->o yaw  +2.61 deg | fit true 0.057 est 0.034 (x0.61)  enc/true 1.017  dr_err 42.13 m[0m
[localization_error-8] [0m[INFO] [1789223857.766685552] [localization_error]: now[200] 0.244 m / 1.60 deg  |  session[n=45688] mean 0.238 p95 0.531 max 0.917 m, heading mean 1.62 max 7.46 deg[0m
[pure_pursuit-11] [0m[INFO] [1789223860.225864019] [pure_pursuit]: lap 351: 6.57 s[0m
[log_localization-9] [0m[INFO] [1789223860.408244785] [log_localization]: 2289.9 s  9772.9 m  err 0.143 m (along +0.136 cross -0.043) yaw  -1.59 deg  m->o yaw  -1.08 deg | fit true 0.013 est 0.035 (x2.70)  enc/true 1.017  dr_err 42.29 m[0m
[localization_error-8] [0m[INFO] [1789223862.766243355] [localization_error]: now[200] 0.233 m / 1.49 deg  |  session[n=45788] mean 0.238 p95 0.531 max 0.917 m, heading mean 1.62 max 7.46 deg[0m
[log_localization-9] [0m[INFO] [1789223865.408806998] [log_localization]: 2295.0 s  9795.7 m  err 0.126 m (along -0.125 cross -0.008) yaw  +2.61 deg  m->o yaw  +2.36 deg | fit true 0.012 est 0.006 (x0.47)  enc/true 1.017  dr_err 42.44 m[0m
[pure_pursuit-11] [0m[INFO] [1789223866.713719197] [pure_pursuit]: lap 352: 6.48 s[0m
[localization_error-8] [0m[INFO] [1789223867.766234293] [localization_error]: now[200] 0.240 m / 1.61 deg  |  session[n=45888] mean 0.238 p95 0.531 max 0.917 m, heading mean 1.62 max 7.46 deg[0m
[log_localization-9] [0m[INFO] [1789223870.409151072] [log_localization]: 2300.0 s  9816.6 m  err 0.134 m (along +0.134 cross +0.006) yaw  +1.01 deg  m->o yaw  +1.05 deg | fit true 0.033 est 0.043 (x1.28)  enc/true 1.017  dr_err 42.56 m[0m
[localization_error-8] [0m[INFO] [1789223872.766289381] [localization_error]: now[200] 0.234 m / 1.87 deg  |  session[n=45988] mean 0.238 p95 0.530 max 0.917 m, heading mean 1.62 max 7.46 deg[0m
[pure_pursuit-11] [0m[INFO] [1789223873.223971036] [pure_pursuit]: lap 353: 6.53 s[0m
[log_localization-9] [0m[INFO] [1789223875.408941922] [log_localization]: 2305.0 s  9839.0 m  err 0.039 m (along -0.034 cross +0.019) yaw  +2.78 deg  m->o yaw  +2.76 deg | fit true 0.028 est 0.018 (x0.66)  enc/true 1.017  dr_err 42.50 m[0m
[localization_error-8] [0m[INFO] [1789223877.765915558] [localization_error]: now[200] 0.238 m / 1.83 deg  |  session[n=46088] mean 0.238 p95 0.530 max 0.917 m, heading mean 1.62 max 7.46 deg[0m
[pure_pursuit-11] [0m[INFO] [1789223879.759910658] [pure_pursuit]: lap 354: 6.53 s[0m
[log_localization-9] [0m[INFO] [1789223880.408606850] [log_localization]: 2310.0 s  9858.6 m  err 0.209 m (along +0.209 cross +0.010) yaw  +0.41 deg  m->o yaw  +0.50 deg | fit true 0.003 est 0.004 (x1.31)  enc/true 1.017  dr_err 42.64 m[0m
[localization_error-8] [0m[INFO] [1789223882.766184695] [localization_error]: now[200] 0.249 m / 1.61 deg  |  session[n=46188] mean 0.238 p95 0.530 max 0.917 m, heading mean 1.62 max 7.46 deg[0m
[log_localization-9] [0m[INFO] [1789223885.408720182] [log_localization]: 2315.0 s  9880.5 m  err 0.142 m (along -0.142 cross -0.004) yaw  +5.25 deg  m->o yaw  +5.07 deg | fit true 0.015 est 0.030 (x2.01)  enc/true 1.017  dr_err 42.77 m[0m
[pure_pursuit-11] [0m[INFO] [1789223886.381304841] [pure_pursuit]: lap 355: 6.62 s[0m
[localization_error-8] [0m[INFO] [1789223887.765904592] [localization_error]: now[200] 0.258 m / 1.61 deg  |  session[n=46288] mean 0.238 p95 0.531 max 0.917 m, heading mean 1.62 max 7.46 deg[0m
[log_localization-9] [0m[INFO] [1789223890.409372626] [log_localization]: 2320.0 s  9901.7 m  err 0.154 m (along +0.154 cross -0.003) yaw  +0.89 deg  m->o yaw  +0.73 deg | fit true 0.022 est 0.042 (x1.89)  enc/true 1.017  dr_err 42.98 m[0m
[localization_error-8] [0m[INFO] [1789223892.765994201] [localization_error]: now[200] 0.241 m / 1.70 deg  |  session[n=46388] mean 0.238 p95 0.530 max 0.917 m, heading mean 1.62 max 7.46 deg[0m
[pure_pursuit-11] [0m[INFO] [1789223892.892449764] [pure_pursuit]: lap 356: 6.50 s[0m
[log_localization-9] [0m[INFO] [1789223895.408469842] [log_localization]: 2325.0 s  9923.7 m  err 0.034 m (along +0.034 cross -0.007) yaw  -0.17 deg  m->o yaw  +0.17 deg | fit true 0.014 est 0.020 (x1.50)  enc/true 1.017  dr_err 42.96 m[0m
[localization_error-8] [0m[INFO] [1789223897.766569024] [localization_error]: now[200] 0.234 m / 1.57 deg  |  session[n=46488] mean 0.238 p95 0.530 max 0.917 m, heading mean 1.62 max 7.46 deg[0m
[pure_pursuit-11] [0m[INFO] [1789223899.431803345] [pure_pursuit]: lap 357: 6.53 s[0m
[log_localization-9] [0m[INFO] [1789223900.408299403] [log_localization]: 2330.0 s  9944.7 m  err 0.129 m (along +0.128 cross -0.006) yaw  -0.95 deg  m->o yaw  -0.73 deg | fit true 0.007 est 0.011 (x1.42)  enc/true 1.017  dr_err 43.02 m[0m
[localization_error-8] [0m[INFO] [1789223902.766030217] [localization_error]: now[200] 0.251 m / 1.63 deg  |  session[n=46588] mean 0.238 p95 0.530 max 0.917 m, heading mean 1.62 max 7.46 deg[0m
[log_localization-9] [0m[INFO] [1789223905.408816791] [log_localization]: 2335.0 s  9965.3 m  err 0.064 m (along -0.064 cross -0.001) yaw  +4.06 deg  m->o yaw  +4.03 deg | fit true 0.011 est 0.015 (x1.36)  enc/true 1.017  dr_err 43.16 m[0m
[pure_pursuit-11] [0m[INFO] [1789223905.914249792] [pure_pursuit]: lap 358: 6.49 s[0m
[localization_error-8] [0m[INFO] [1789223907.766948833] [localization_error]: now[200] 0.244 m / 1.67 deg  |  session[n=46688] mean 0.238 p95 0.531 max 0.917 m, heading mean 1.62 max 7.46 deg[0m
[log_localization-9] [0m[INFO] [1789223910.408775344] [log_localization]: 2340.0 s  9987.3 m  err 0.161 m (along +0.159 cross +0.024) yaw  +0.84 deg  m->o yaw  +1.39 deg | fit true 0.001 est 0.020 (x18.32)  enc/true 1.017  dr_err 43.29 m[0m
[pure_pursuit-11] [0m[INFO] [1789223912.453543592] [pure_pursuit]: lap 359: 6.54 s[0m
[localization_error-8] [0m[INFO] [1789223912.767191498] [localization_error]: now[200] 0.233 m / 1.67 deg  |  session[n=46788] mean 0.238 p95 0.530 max 0.917 m, heading mean 1.62 max 7.46 deg[0m
[log_localization-9] [0m[INFO] [1789223915.408749366] [log_localization]: 2345.0 s  10008.6 m  err 0.094 m (along +0.091 cross -0.023) yaw  -0.83 deg  m->o yaw  -0.98 deg | fit true 0.042 est 0.060 (x1.44)  enc/true 1.017  dr_err 43.32 m[0m
[pure_pursuit-11] [0m[INFO] [1789223915.702732175] [pure_pursuit]: control_hz 46.6 -> 41.1 (tick 41.1 Hz)[0m
[pure_pursuit-11] [0m[INFO] [1789223916.702689217] [pure_pursuit]: control_hz 41.1 -> 47.8 (tick 47.8 Hz)[0m
[localization_error-8] [0m[INFO] [1789223917.766595847] [localization_error]: now[200] 0.235 m / 1.71 deg  |  session[n=46888] mean 0.238 p95 0.530 max 0.917 m, heading mean 1.62 max 7.46 deg[0m
[pure_pursuit-11] [0m[INFO] [1789223918.914589745] [pure_pursuit]: lap 360: 6.47 s[0m
[log_localization-9] [0m[INFO] [1789223920.408271164] [log_localization]: 2349.9 s  10031.1 m  err 0.153 m (along -0.153 cross -0.005) yaw  +1.42 deg  m->o yaw  +1.41 deg | fit true 0.013 est 0.020 (x1.56)  enc/true 1.017  dr_err 43.40 m[0m
[localization_error-8] [0m[INFO] [1789223922.766216269] [localization_error]: now[200] 0.252 m / 1.60 deg  |  session[n=46988] mean 0.238 p95 0.531 max 0.917 m, heading mean 1.62 max 7.46 deg[0m
[log_localization-9] [0m[INFO] [1789223925.408585588] [log_localization]: 2355.0 s  10050.5 m  err 0.089 m (along +0.083 cross -0.032) yaw  -0.15 deg  m->o yaw  -0.23 deg | fit true 0.010 est 0.003 (x0.27)  enc/true 1.017  dr_err 43.61 m[0m
[pure_pursuit-11] [0m[INFO] [1789223925.448849770] [pure_pursuit]: lap 361: 6.53 s[0m
[localization_error-8] [0m[INFO] [1789223927.765963236] [localization_error]: now[200] 0.225 m / 1.44 deg  |  session[n=47088] mean 0.238 p95 0.531 max 0.917 m, heading mean 1.62 max 7.46 deg[0m
[log_localization-9] [0m[INFO] [1789223930.408817297] [log_localization]: 2360.0 s  10073.0 m  err 0.043 m (along +0.042 cross +0.003) yaw  -0.65 deg  m->o yaw  -0.52 deg | fit true 0.003 est 0.007 (x2.20)  enc/true 1.017  dr_err 43.64 m[0m
[pure_pursuit-11] [0m[INFO] [1789223932.049938799] [pure_pursuit]: lap 362: 6.60 s[0m
[localization_error-8] [0m[INFO] [1789223932.766663089] [localization_error]: now[200] 0.223 m / 1.61 deg  |  session[n=47188] mean 0.238 p95 0.530 max 0.917 m, heading mean 1.62 max 7.46 deg[0m
[log_localization-9] [0m[INFO] [1789223935.408773852] [log_localization]: 2365.0 s  10093.6 m  err 0.109 m (along +0.105 cross -0.032) yaw  -1.25 deg  m->o yaw  -1.00 deg | fit true 0.054 est 0.051 (x0.95)  enc/true 1.017  dr_err 43.77 m[0m
[localization_error-8] [0m[INFO] [1789223937.766764906] [localization_error]: now[200] 0.240 m / 1.78 deg  |  session[n=47288] mean 0.238 p95 0.531 max 0.917 m, heading mean 1.62 max 7.46 deg[0m
[pure_pursuit-11] [0m[INFO] [1789223938.583593035] [pure_pursuit]: lap 363: 6.53 s[0m
[log_localization-9] [0m[INFO] [1789223940.408282085] [log_localization]: 2370.0 s  10116.5 m  err 0.143 m (along -0.141 cross -0.027) yaw  +2.88 deg  m->o yaw  +2.79 deg | fit true 0.030 est 0.038 (x1.27)  enc/true 1.017  dr_err 43.80 m[0m
[localization_error-8] [0m[INFO] [1789223942.766275577] [localization_error]: now[200] 0.244 m / 1.58 deg  |  session[n=47388] mean 0.238 p95 0.531 max 0.917 m, heading mean 1.62 max 7.46 deg[0m
[pure_pursuit-11] [0m[INFO] [1789223945.068755619] [pure_pursuit]: lap 364: 6.50 s[0m
[log_localization-9] [0m[INFO] [1789223945.408179809] [log_localization]: 2374.9 s  10135.7 m  err 0.176 m (along +0.171 cross -0.040) yaw  -0.13 deg  m->o yaw  -0.02 deg | fit true 0.010 est 0.030 (x3.13)  enc/true 1.017  dr_err 43.92 m[0m
[localization_error-8] [0m[INFO] [1789223947.766008167] [localization_error]: now[200] 0.227 m / 1.37 deg  |  session[n=47488] mean 0.238 p95 0.531 max 0.917 m, heading mean 1.62 max 7.46 deg[0m
[log_localization-9] [0m[INFO] [1789223950.408527396] [log_localization]: 2380.0 s  10158.3 m  err 0.105 m (along -0.105 cross -0.005) yaw  +3.49 deg  m->o yaw  +3.29 deg | fit true 0.017 est 0.023 (x1.38)  enc/true 1.017  dr_err 43.98 m[0m
[pure_pursuit-11] [0m[INFO] [1789223951.632384237] [pure_pursuit]: lap 365: 6.54 s[0m
[localization_error-8] [0m[INFO] [1789223952.766261157] [localization_error]: now[200] 0.232 m / 1.39 deg  |  session[n=47588] mean 0.238 p95 0.532 max 0.917 m, heading mean 1.62 max 7.46 deg[0m
[pure_pursuit-11] [0m[INFO] [1789223954.702908545] [pure_pursuit]: control_hz 47.8 -> 42.9 (tick 42.9 Hz)[0m
[log_localization-9] [0m[INFO] [1789223955.409887161] [log_localization]: 2385.0 s  10179.1 m  err 0.079 m (along +0.078 cross -0.011) yaw  -0.46 deg  m->o yaw  -0.29 deg | fit true 0.026 est 0.027 (x1.06)  enc/true 1.017  dr_err 44.11 m[0m
[pure_pursuit-11] [0m[INFO] [1789223955.702720594] [pure_pursuit]: control_hz 42.9 -> 47.5 (tick 47.5 Hz)[0m
[localization_error-8] [0m[INFO] [1789223957.766682561] [localization_error]: now[200] 0.231 m / 1.66 deg  |  session[n=47688] mean 0.238 p95 0.531 max 0.917 m, heading mean 1.62 max 7.46 deg[0m
[pure_pursuit-11] [0m[INFO] [1789223958.157834001] [pure_pursuit]: lap 366: 6.53 s[0m
[log_localization-9] [0m[INFO] [1789223960.408723141] [log_localization]: 2390.0 s  10201.6 m  err 0.053 m (along -0.053 cross +0.007) yaw  +2.84 deg  m->o yaw  +2.89 deg | fit true 0.024 est 0.027 (x1.12)  enc/true 1.017  dr_err 44.13 m[0m
[localization_error-8] [0m[INFO] [1789223962.765986722] [localization_error]: now[200] 0.240 m / 1.80 deg  |  session[n=47788] mean 0.238 p95 0.531 max 0.917 m, heading mean 1.62 max 7.46 deg[0m
[pure_pursuit-11] [0m[INFO] [1789223964.675548623] [pure_pursuit]: lap 367: 6.53 s[0m
[log_localization-9] [0m[INFO] [1789223965.408682000] [log_localization]: 2395.0 s  10221.4 m  err 0.239 m (along +0.238 cross +0.011) yaw  +0.08 deg  m->o yaw  +0.07 deg | fit true 0.005 est 0.006 (x1.07)  enc/true 1.017  dr_err 44.20 m[0m
[localization_error-8] [0m[INFO] [1789223967.766268358] [localization_error]: now[200] 0.236 m / 1.63 deg  |  session[n=47888] mean 0.238 p95 0.531 max 0.917 m, heading mean 1.62 max 7.46 deg[0m
[log_localization-9] [0m[INFO] [1789223970.408422916] [log_localization]: 2400.0 s  10243.0 m  err 0.106 m (along -0.105 cross -0.007) yaw  +5.10 deg  m->o yaw  +5.02 deg | fit true 0.029 est 0.015 (x0.53)  enc/true 1.017  dr_err 44.36 m[0m
[pure_pursuit-11] [0m[INFO] [1789223971.246485911] [pure_pursuit]: lap 368: 6.56 s[0m
[localization_error-8] [0m[INFO] [1789223972.765916098] [localization_error]: now[200] 0.234 m / 1.50 deg  |  session[n=47988] mean 0.238 p95 0.531 max 0.917 m, heading mean 1.62 max 7.46 deg[0m
[log_localization-9] [0m[INFO] [1789223975.408882208] [log_localization]: 2405.0 s  10264.1 m  err 0.078 m (along +0.077 cross -0.014) yaw  -0.31 deg  m->o yaw  -0.39 deg | fit true 0.006 est 0.014 (x2.19)  enc/true 1.017  dr_err 44.42 m[0m
[localization_error-8] [0m[INFO] [1789223977.766156091] [localization_error]: now[200] 0.226 m / 1.64 deg  |  session[n=48088] mean 0.238 p95 0.531 max 0.917 m, heading mean 1.62 max 7.46 deg[0m
[pure_pursuit-11] [0m[INFO] [1789223977.808312499] [pure_pursuit]: lap 369: 6.57 s[0m
[log_localization-9] [0m[INFO] [1789223980.408212135] [log_localization]: 2409.9 s  10286.0 m  err 0.013 m (along +0.013 cross -0.002) yaw  +0.37 deg  m->o yaw  +0.60 deg | fit true 0.013 est 0.016 (x1.29)  enc/true 1.017  dr_err 44.42 m[0m
[localization_error-8] [0m[INFO] [1789223982.766510228] [localization_error]: now[200] 0.222 m / 1.64 deg  |  session[n=48188] mean 0.238 p95 0.531 max 0.917 m, heading mean 1.62 max 7.46 deg[0m
[pure_pursuit-11] [0m[INFO] [1789223984.313105739] [pure_pursuit]: lap 370: 6.51 s[0m
[log_localization-9] [0m[INFO] [1789223985.408298935] [log_localization]: 2414.9 s  10307.4 m  err 0.150 m (along +0.150 cross -0.012) yaw  +0.44 deg  m->o yaw  +0.17 deg | fit true 0.006 est 0.012 (x2.14)  enc/true 1.017  dr_err 44.48 m[0m
[localization_error-8] [0m[INFO] [1789223987.766085398] [localization_error]: now[200] 0.242 m / 1.49 deg  |  session[n=48288] mean 0.238 p95 0.531 max 0.917 m, heading mean 1.62 max 7.46 deg[0m
[log_localization-9] [0m[INFO] [1789223990.408719645] [log_localization]: 2420.0 s  10327.7 m  err 0.023 m (along +0.018 cross -0.015) yaw  +2.60 deg  m->o yaw  +2.40 deg | fit true 0.009 est 0.015 (x1.74)  enc/true 1.017  dr_err 44.63 m[0m
[pure_pursuit-11] [0m[INFO] [1789223990.832656528] [pure_pursuit]: lap 371: 6.51 s[0m
[localization_error-8] [0m[INFO] [1789223992.767070019] [localization_error]: now[200] 0.243 m / 1.37 deg  |  session[n=48388] mean 0.238 p95 0.532 max 0.917 m, heading mean 1.62 max 7.46 deg[0m
[log_localization-9] [0m[INFO] [1789223995.408245856] [log_localization]: 2424.9 s  10349.8 m  err 0.064 m (along +0.063 cross +0.009) yaw  -0.22 deg  m->o yaw  -0.18 deg | fit true 0.001 est 0.004 (x4.36)  enc/true 1.017  dr_err 44.65 m[0m
[pure_pursuit-11] [0m[INFO] [1789223997.363135927] [pure_pursuit]: lap 372: 6.53 s[0m
[localization_error-8] [0m[INFO] [1789223997.766006190] [localization_error]: now[200] 0.220 m / 1.49 deg  |  session[n=48488] mean 0.238 p95 0.531 max 0.917 m, heading mean 1.62 max 7.46 deg[0m
[log_localization-9] [0m[INFO] [1789224000.408702836] [log_localization]: 2430.0 s  10370.8 m  err 0.086 m (along +0.081 cross -0.027) yaw  -0.86 deg  m->o yaw  -0.76 deg | fit true 0.047 est 0.057 (x1.23)  enc/true 1.017  dr_err 44.72 m[0m
[localization_error-8] [0m[INFO] [1789224002.767161104] [localization_error]: now[200] 0.218 m / 1.62 deg  |  session[n=48588] mean 0.238 p95 0.531 max 0.917 m, heading mean 1.62 max 7.46 deg[0m
[pure_pursuit-11] [0m[INFO] [1789224003.853115246] [pure_pursuit]: lap 373: 6.50 s[0m
[log_localization-9] [0m[INFO] [1789224005.409106621] [log_localization]: 2435.0 s  10393.5 m  err 0.141 m (along -0.141 cross -0.009) yaw  +1.28 deg  m->o yaw  +1.12 deg | fit true 0.040 est 0.025 (x0.62)  enc/true 1.017  dr_err 44.83 m[0m
[localization_error-8] [0m[INFO] [1789224007.766003600] [localization_error]: now[200] 0.240 m / 1.48 deg  |  session[n=48688] mean 0.238 p95 0.532 max 0.917 m, heading mean 1.62 max 7.46 deg[0m
[pure_pursuit-11] [0m[INFO] [1789224010.405733148] [pure_pursuit]: lap 374: 6.55 s[0m
[log_localization-9] [0m[INFO] [1789224010.408651923] [log_localization]: 2440.0 s  10412.6 m  err 0.150 m (along +0.147 cross -0.029) yaw  -0.43 deg  m->o yaw  -0.20 deg | fit true 0.011 est 0.002 (x0.14)  enc/true 1.017  dr_err 45.06 m[0m
[localization_error-8] [0m[INFO] [1789224012.766636045] [localization_error]: now[200] 0.238 m / 1.45 deg  |  session[n=48788] mean 0.238 p95 0.532 max 0.917 m, heading mean 1.62 max 7.46 deg[0m
[log_localization-9] [0m[INFO] [1789224015.408711559] [log_localization]: 2445.0 s  10435.3 m  err 0.087 m (along -0.087 cross +0.007) yaw  +0.47 deg  m->o yaw  +0.69 deg | fit true 0.012 est 0.005 (x0.44)  enc/true 1.017  dr_err 45.09 m[0m
[pure_pursuit-11] [0m[INFO] [1789224016.959655001] [pure_pursuit]: lap 375: 6.55 s[0m
[localization_error-8] [0m[INFO] [1789224017.766143727] [localization_error]: now[200] 0.239 m / 1.61 deg  |  session[n=48888] mean 0.238 p95 0.532 max 0.917 m, heading mean 1.62 max 7.46 deg[0m
[log_localization-9] [0m[INFO] [1789224020.408355232] [log_localization]: 2450.0 s  10456.0 m  err 0.193 m (along +0.191 cross -0.027) yaw  -0.62 deg  m->o yaw  -0.51 deg | fit true 0.060 est 0.083 (x1.37)  enc/true 1.017  dr_err 45.27 m[0m
[localization_error-8] [0m[INFO] [1789224022.767311668] [localization_error]: now[200] 0.235 m / 1.83 deg  |  session[n=48988] mean 0.238 p95 0.532 max 0.917 m, heading mean 1.62 max 7.46 deg[0m
[pure_pursuit-11] [0m[INFO] [1789224023.427717721] [pure_pursuit]: lap 376: 6.47 s[0m
[log_localization-9] [0m[INFO] [1789224025.409089311] [log_localization]: 2455.0 s  10478.8 m  err 0.059 m (along -0.059 cross -0.006) yaw  +1.97 deg  m->o yaw  +1.95 deg | fit true 0.030 est 0.028 (x0.96)  enc/true 1.017  dr_err 45.23 m[0m
[localization_error-8] [0m[INFO] [1789224027.766986049] [localization_error]: now[200] 0.246 m / 1.85 deg  |  session[n=49088] mean 0.238 p95 0.532 max 0.917 m, heading mean 1.62 max 7.46 deg[0m
[pure_pursuit-11] [0m[INFO] [1789224029.980807007] [pure_pursuit]: lap 377: 6.56 s[0m
[log_localization-9] [0m[INFO] [1789224030.408673315] [log_localization]: 2459.9 s  10498.0 m  err 0.086 m (along +0.084 cross -0.020) yaw  +0.96 deg  m->o yaw  +0.96 deg | fit true 0.019 est 0.026 (x1.37)  enc/true 1.017  dr_err 45.31 m[0m
[localization_error-8] [0m[INFO] [1789224032.766915662] [localization_error]: now[200] 0.228 m / 1.54 deg  |  session[n=49188] mean 0.238 p95 0.532 max 0.917 m, heading mean 1.62 max 7.46 deg[0m
[log_localization-9] [0m[INFO] [1789224035.408729858] [log_localization]: 2465.0 s  10520.4 m  err 0.128 m (along -0.128 cross +0.003) yaw  +5.90 deg  m->o yaw  +5.81 deg | fit true 0.018 est 0.040 (x2.28)  enc/true 1.017  dr_err 45.41 m[0m
[pure_pursuit-11] [0m[INFO] [1789224036.521988501] [pure_pursuit]: lap 378: 6.52 s[0m
[localization_error-8] [0m[INFO] [1789224037.766545439] [localization_error]: now[200] 0.229 m / 1.47 deg  |  session[n=49288] mean 0.238 p95 0.532 max 0.917 m, heading mean 1.62 max 7.46 deg[0m
[log_localization-9] [0m[INFO] [1789224040.408831428] [log_localization]: 2469.9 s  10541.2 m  err 0.116 m (along +0.115 cross -0.016) yaw  -0.42 deg  m->o yaw  -0.27 deg | fit true 0.024 est 0.020 (x0.83)  enc/true 1.017  dr_err 45.54 m[0m
[localization_error-8] [0m[INFO] [1789224042.766864698] [localization_error]: now[200] 0.220 m / 1.66 deg  |  session[n=49388] mean 0.238 p95 0.531 max 0.917 m, heading mean 1.62 max 7.46 deg[0m
[pure_pursuit-11] [0m[INFO] [1789224043.053850614] [pure_pursuit]: lap 379: 6.55 s[0m
[log_localization-9] [0m[INFO] [1789224045.408223390] [log_localization]: 2474.9 s  10563.5 m  err 0.061 m (along -0.061 cross -0.002) yaw  +2.10 deg  m->o yaw  +2.00 deg | fit true 0.022 est 0.031 (x1.41)  enc/true 1.017  dr_err 45.64 m[0m
[localization_error-8] [0m[INFO] [1789224047.766062777] [localization_error]: now[200] 0.246 m / 1.70 deg  |  session[n=49488] mean 0.238 p95 0.532 max 0.917 m, heading mean 1.62 max 7.46 deg[0m
[pure_pursuit-11] [0m[INFO] [1789224049.583862916] [pure_pursuit]: lap 380: 6.52 s[0m
[log_localization-9] [0m[INFO] [1789224050.408557994] [log_localization]: 2480.0 s  10583.9 m  err 0.267 m (along +0.267 cross -0.009) yaw  -1.15 deg  m->o yaw  -1.11 deg | fit true 0.004 est 0.030 (x7.36)  enc/true 1.017  dr_err 45.69 m[0m
[localization_error-8] [0m[INFO] [1789224052.766760069] [localization_error]: now[200] 0.263 m / 1.68 deg  |  session[n=49588] mean 0.238 p95 0.531 max 0.917 m, heading mean 1.62 max 7.46 deg[0m
[log_localization-9] [0m[INFO] [1789224055.408772801] [log_localization]: 2485.0 s  10605.1 m  err 0.066 m (along -0.066 cross -0.009) yaw  +3.63 deg  m->o yaw  +3.49 deg | fit true 0.014 est 0.010 (x0.77)  enc/true 1.017  dr_err 45.82 m[0m
[pure_pursuit-11] [0m[INFO] [1789224056.075692257] [pure_pursuit]: lap 381: 6.50 s[0m
[localization_error-8] [0m[INFO] [1789224057.766694247] [localization_error]: now[200] 0.243 m / 1.56 deg  |  session[n=49688] mean 0.238 p95 0.532 max 0.917 m, heading mean 1.62 max 7.46 deg[0m
[log_localization-9] [0m[INFO] [1789224060.408275980] [log_localization]: 2490.0 s  10626.7 m  err 0.156 m (along +0.156 cross -0.004) yaw  +0.78 deg  m->o yaw  +0.73 deg | fit true 0.001 est 0.017 (x18.96)  enc/true 1.017  dr_err 45.94 m[0m
[pure_pursuit-11] [0m[INFO] [1789224062.586206981] [pure_pursuit]: lap 382: 6.52 s[0m
[localization_error-8] [0m[INFO] [1789224062.766315399] [localization_error]: now[200] 0.225 m / 1.55 deg  |  session[n=49788] mean 0.238 p95 0.531 max 0.917 m, heading mean 1.62 max 7.46 deg[0m
[log_localization-9] [0m[INFO] [1789224065.408754452] [log_localization]: 2495.0 s  10648.2 m  err 0.058 m (along +0.043 cross -0.039) yaw  -0.65 deg  m->o yaw  -0.74 deg | fit true 0.030 est 0.030 (x0.99)  enc/true 1.017  dr_err 46.00 m[0m
[localization_error-8] [0m[INFO] [1789224067.767479789] [localization_error]: now[200] 0.223 m / 1.57 deg  |  session[n=49888] mean 0.238 p95 0.530 max 0.917 m, heading mean 1.62 max 7.46 deg[0m
[pure_pursuit-11] [0m[INFO] [1789224069.092129986] [pure_pursuit]: lap 383: 6.50 s[0m
[log_localization-9] [0m[INFO] [1789224070.408864820] [log_localization]: 2500.0 s  10670.3 m  err 0.207 m (along -0.207 cross -0.008) yaw  +1.10 deg  m->o yaw  +0.81 deg | fit true 0.010 est 0.026 (x2.67)  enc/true 1.017  dr_err 46.02 m[0m
[localization_error-8] [0m[INFO] [1789224072.766444160] [localization_error]: now[200] 0.243 m / 1.46 deg  |  session[n=49988] mean 0.238 p95 0.530 max 0.917 m, heading mean 1.62 max 7.46 deg[0m
[log_localization-9] [0m[INFO] [1789224075.408281307] [log_localization]: 2504.9 s  10690.0 m  err 0.053 m (along +0.047 cross -0.024) yaw  -0.21 deg  m->o yaw  -0.34 deg | fit true 0.005 est 0.001 (x0.29)  enc/true 1.017  dr_err 46.24 m[0m
[pure_pursuit-11] [0m[INFO] [1789224075.628880239] [pure_pursuit]: lap 384: 6.53 s[0m
[pure_pursuit-11] [0m[INFO] [1789224075.702697588] [pure_pursuit]: control_hz 47.5 -> 42.5 (tick 42.5 Hz)[0m
[pure_pursuit-11] [0m[INFO] [1789224077.702667920] [pure_pursuit]: control_hz 42.5 -> 47.7 (tick 47.7 Hz)[0m
[localization_error-8] [0m[INFO] [1789224077.766490452] [localization_error]: now[200] 0.236 m / 1.41 deg  |  session[n=50088] mean 0.238 p95 0.530 max 0.917 m, heading mean 1.62 max 7.46 deg[0m
[log_localization-9] [0m[INFO] [1789224080.408411479] [log_localization]: 2509.9 s  10712.3 m  err 0.030 m (along +0.026 cross +0.015) yaw  -0.03 deg  m->o yaw  -0.04 deg | fit true 0.016 est 0.024 (x1.53)  enc/true 1.017  dr_err 46.31 m[0m
[pure_pursuit-11] [0m[INFO] [1789224082.211342533] [pure_pursuit]: lap 385: 6.59 s[0m
[localization_error-8] [0m[INFO] [1789224082.766703947] [localization_error]: now[200] 0.234 m / 1.59 deg  |  session[n=50188] mean 0.238 p95 0.530 max 0.917 m, heading mean 1.62 max 7.46 deg[0m
[log_localization-9] [0m[INFO] [1789224085.408751850] [log_localization]: 2515.0 s  10733.0 m  err 0.100 m (along +0.092 cross -0.041) yaw  -1.47 deg  m->o yaw  -1.36 deg | fit true 0.055 est 0.053 (x0.96)  enc/true 1.017  dr_err 46.36 m[0m
[localization_error-8] [0m[INFO] [1789224087.767085578] [localization_error]: now[200] 0.240 m / 1.78 deg  |  session[n=50288] mean 0.238 p95 0.530 max 0.917 m, heading mean 1.62 max 7.46 deg[0m
[pure_pursuit-11] [0m[INFO] [1789224088.714314546] [pure_pursuit]: lap 386: 6.50 s[0m
[log_localization-9] [0m[INFO] [1789224090.408728352] [log_localization]: 2520.0 s  10756.0 m  err 0.138 m (along -0.137 cross -0.016) yaw  +1.63 deg  m->o yaw  +1.59 deg | fit true 0.024 est 0.032 (x1.35)  enc/true 1.017  dr_err 46.44 m[0m
[localization_error-8] [0m[INFO] [1789224092.766821584] [localization_error]: now[200] 0.249 m / 1.68 deg  |  session[n=50388] mean 0.238 p95 0.530 max 0.917 m, heading mean 1.62 max 7.46 deg[0m
[pure_pursuit-11] [0m[INFO] [1789224095.226323098] [pure_pursuit]: lap 387: 6.51 s[0m
[log_localization-9] [0m[INFO] [1789224095.408230706] [log_localization]: 2524.9 s  10775.1 m  err 0.093 m (along +0.085 cross -0.037) yaw  -0.79 deg  m->o yaw  -0.78 deg | fit true 0.015 est 0.031 (x2.09)  enc/true 1.017  dr_err 46.56 m[0m
[localization_error-8] [0m[INFO] [1789224097.766268920] [localization_error]: now[200] 0.227 m / 1.45 deg  |  session[n=50488] mean 0.238 p95 0.530 max 0.917 m, heading mean 1.62 max 7.46 deg[0m
[log_localization-9] [0m[INFO] [1789224100.408721512] [log_localization]: 2530.0 s  10797.7 m  err 0.136 m (along -0.135 cross -0.009) yaw  +1.65 deg  m->o yaw  +1.58 deg | fit true 0.008 est 0.009 (x1.15)  enc/true 1.017  dr_err 46.65 m[0m
[pure_pursuit-11] [0m[INFO] [1789224101.784200982] [pure_pursuit]: lap 388: 6.55 s[0m
[localization_error-8] [0m[INFO] [1789224102.768137724] [localization_error]: now[200] 0.225 m / 1.44 deg  |  session[n=50588] mean 0.238 p95 0.530 max 0.917 m, heading mean 1.62 max 7.46 deg[0m
[log_localization-9] [0m[INFO] [1789224105.408306834] [log_localization]: 2535.0 s  10818.6 m  err 0.132 m (along +0.131 cross -0.010) yaw  +0.63 deg  m->o yaw  +0.74 deg | fit true 0.038 est 0.033 (x0.86)  enc/true 1.017  dr_err 46.81 m[0m
[localization_error-8] [0m[INFO] [1789224107.766084930] [localization_error]: now[200] 0.221 m / 1.63 deg  |  session[n=50688] mean 0.238 p95 0.529 max 0.917 m, heading mean 1.62 max 7.46 deg[0m
[pure_pursuit-11] [0m[INFO] [1789224108.268805522] [pure_pursuit]: lap 389: 6.49 s[0m
[log_localization-9] [0m[INFO] [1789224110.408163460] [log_localization]: 2539.9 s  10841.3 m  err 0.057 m (along -0.057 cross -0.005) yaw  +2.98 deg  m->o yaw  +2.95 deg | fit true 0.033 est 0.031 (x0.96)  enc/true 1.017  dr_err 46.85 m[0m
[localization_error-8] [0m[INFO] [1789224112.766040486] [localization_error]: now[200] 0.239 m / 1.61 deg  |  session[n=50788] mean 0.238 p95 0.529 max 0.917 m, heading mean 1.62 max 7.46 deg[0m
[pure_pursuit-11] [0m[INFO] [1789224114.787706699] [pure_pursuit]: lap 390: 6.52 s[0m
[log_localization-9] [0m[INFO] [1789224115.408667304] [log_localization]: 2544.9 s  10861.0 m  err 0.152 m (along +0.152 cross +0.001) yaw  -0.47 deg  m->o yaw  -0.15 deg | fit true 0.005 est 0.043 (x8.46)  enc/true 1.017  dr_err 46.93 m[0m
[localization_error-8] [0m[INFO] [1789224117.766642616] [localization_error]: now[200] 0.239 m / 1.40 deg  |  session[n=50888] mean 0.238 p95 0.528 max 0.917 m, heading mean 1.61 max 7.46 deg[0m
[log_localization-9] [0m[INFO] [1789224120.408426639] [log_localization]: 2550.0 s  10882.8 m  err 0.113 m (along -0.113 cross -0.008) yaw  +4.39 deg  m->o yaw  +4.23 deg | fit true 0.016 est 0.024 (x1.56)  enc/true 1.017  dr_err 47.01 m[0m
[pure_pursuit-11] [0m[INFO] [1789224121.317659641] [pure_pursuit]: lap 391: 6.53 s[0m
[localization_error-8] [0m[INFO] [1789224122.765993571] [localization_error]: now[200] 0.253 m / 1.49 deg  |  session[n=50988] mean 0.238 p95 0.529 max 0.917 m, heading mean 1.61 max 7.46 deg[0m
[log_localization-9] [0m[INFO] [1789224125.408336637] [log_localization]: 2555.0 s  10904.1 m  err 0.119 m (along +0.117 cross -0.021) yaw  -0.57 deg  m->o yaw  -0.35 deg | fit true 0.007 est 0.026 (x3.65)  enc/true 1.017  dr_err 47.14 m[0m
[localization_error-8] [0m[INFO] [1789224127.765942648] [localization_error]: now[200] 0.245 m / 1.72 deg  |  session[n=51088] mean 0.238 p95 0.529 max 0.917 m, heading mean 1.62 max 7.46 deg[0m
[pure_pursuit-11] [0m[INFO] [1789224127.828989299] [pure_pursuit]: lap 392: 6.51 s[0m
[log_localization-9] [0m[INFO] [1789224130.408163396] [log_localization]: 2559.9 s  10926.1 m  err 0.017 m (along -0.016 cross -0.006) yaw  +1.91 deg  m->o yaw  +1.89 deg | fit true 0.012 est 0.017 (x1.46)  enc/true 1.017  dr_err 47.25 m[0m
[localization_error-8] [0m[INFO] [1789224132.766274456] [localization_error]: now[200] 0.231 m / 1.57 deg  |  session[n=51188] mean 0.238 p95 0.529 max 0.917 m, heading mean 1.61 max 7.46 deg[0m
[pure_pursuit-11] [0m[INFO] [1789224134.316368486] [pure_pursuit]: lap 393: 6.48 s[0m
[log_localization-9] [0m[INFO] [1789224135.408211687] [log_localization]: 2564.9 s  10947.4 m  err 0.042 m (along +0.042 cross -0.000) yaw  -0.20 deg  m->o yaw  -0.19 deg | fit true 0.006 est 0.009 (x1.53)  enc/true 1.017  dr_err 47.33 m[0m
[localization_error-8] [0m[INFO] [1789224137.766118602] [localization_error]: now[200] 0.243 m / 1.44 deg  |  session[n=51288] mean 0.238 p95 0.529 max 0.917 m, heading mean 1.61 max 7.46 deg[0m
[log_localization-9] [0m[INFO] [1789224140.408312621] [log_localization]: 2569.9 s  10967.6 m  err 0.043 m (along -0.038 cross -0.020) yaw  +3.26 deg  m->o yaw  +3.28 deg | fit true 0.025 est 0.006 (x0.22)  enc/true 1.017  dr_err 47.40 m[0m
[pure_pursuit-11] [0m[INFO] [1789224140.923401508] [pure_pursuit]: lap 394: 6.56 s[0m
[localization_error-8] [0m[INFO] [1789224142.766629281] [localization_error]: now[200] 0.229 m / 1.44 deg  |  session[n=51388] mean 0.238 p95 0.529 max 0.917 m, heading mean 1.61 max 7.46 deg[0m
[log_localization-9] [0m[INFO] [1789224145.408152533] [log_localization]: 2574.9 s  10989.7 m  err 0.101 m (along +0.099 cross +0.019) yaw  +0.90 deg  m->o yaw  +0.61 deg | fit true 0.011 est 0.031 (x2.75)  enc/true 1.017  dr_err 47.49 m[0m
[pure_pursuit-11] [0m[INFO] [1789224147.432006205] [pure_pursuit]: lap 395: 6.54 s[0m
[localization_error-8] [0m[INFO] [1789224147.766274945] [localization_error]: now[200] 0.222 m / 1.55 deg  |  session[n=51488] mean 0.238 p95 0.529 max 0.917 m, heading mean 1.61 max 7.46 deg[0m
[log_localization-9] [0m[INFO] [1789224150.408260397] [log_localization]: 2580.0 s  11010.9 m  err 0.116 m (along +0.110 cross -0.037) yaw  -1.97 deg  m->o yaw  -2.28 deg | fit true 0.056 est 0.078 (x1.38)  enc/true 1.017  dr_err 47.54 m[0m
[localization_error-8] [0m[INFO] [1789224152.765960901] [localization_error]: now[200] 0.234 m / 1.71 deg  |  session[n=51588] mean 0.238 p95 0.529 max 0.917 m, heading mean 1.61 max 7.46 deg[0m
[pure_pursuit-11] [0m[INFO] [1789224153.936489735] [pure_pursuit]: lap 396: 6.51 s[0m
[pure_pursuit-11] [0m[INFO] [1789224154.702704285] [pure_pursuit]: control_hz 47.7 -> 42.2 (tick 42.2 Hz)[0m
[log_localization-9] [0m[INFO] [1789224155.408663599] [log_localization]: 2584.9 s  11033.1 m  err 0.152 m (along -0.152 cross +0.001) yaw  +1.49 deg  m->o yaw  +1.41 deg | fit true 0.012 est 0.016 (x1.33)  enc/true 1.017  dr_err 47.62 m[0m
[pure_pursuit-11] [0m[INFO] [1789224155.702901514] [pure_pursuit]: control_hz 42.2 -> 46.5 (tick 46.5 Hz)[0m
[localization_error-8] [0m[INFO] [1789224157.766038110] [localization_error]: now[200] 0.239 m / 1.51 deg  |  session[n=51688] mean 0.238 p95 0.528 max 0.917 m, heading mean 1.61 max 7.46 deg[0m
[log_localization-9] [0m[INFO] [1789224160.408128822] [log_localization]: 2589.9 s  11052.4 m  err 0.095 m (along +0.091 cross -0.027) yaw  +0.23 deg  m->o yaw  +0.40 deg | fit true 0.022 est 0.022 (x0.96)  enc/true 1.017  dr_err 47.87 m[0m
[pure_pursuit-11] [0m[INFO] [1789224160.516281451] [pure_pursuit]: lap 397: 6.59 s[0m
[localization_error-8] [0m[INFO] [1789224162.766006832] [localization_error]: now[200] 0.227 m / 1.37 deg  |  session[n=51788] mean 0.238 p95 0.529 max 0.917 m, heading mean 1.61 max 7.46 deg[0m
[log_localization-9] [0m[INFO] [1789224165.408193775] [log_localization]: 2594.9 s  11075.2 m  err 0.112 m (along -0.111 cross +0.009) yaw  +1.48 deg  m->o yaw  +1.27 deg | fit true 0.013 est 0.009 (x0.73)  enc/true 1.017  dr_err 47.93 m[0m
[pure_pursuit-11] [0m[INFO] [1789224167.049087405] [pure_pursuit]: lap 398: 6.53 s[0m
[localization_error-8] [0m[INFO] [1789224167.766943596] [localization_error]: now[200] 0.230 m / 1.54 deg  |  session[n=51888] mean 0.238 p95 0.528 max 0.917 m, heading mean 1.61 max 7.46 deg[0m
[log_localization-9] [0m[INFO] [1789224170.408814483] [log_localization]: 2600.0 s  11095.8 m  err 0.129 m (along +0.128 cross -0.022) yaw  -1.12 deg  m->o yaw  -1.04 deg | fit true 0.072 est 0.097 (x1.34)  enc/true 1.017  dr_err 47.98 m[0m
[localization_error-8] [0m[INFO] [1789224172.766959654] [localization_error]: now[200] 0.235 m / 1.57 deg  |  session[n=51988] mean 0.238 p95 0.527 max 0.917 m, heading mean 1.61 max 7.46 deg[0m
[pure_pursuit-11] [0m[INFO] [1789224173.588120267] [pure_pursuit]: lap 399: 6.55 s[0m
[log_localization-9] [0m[INFO] [1789224175.408262827] [log_localization]: 2605.0 s  11118.6 m  err 0.111 m (along -0.110 cross -0.021) yaw  +2.57 deg  m->o yaw  +2.88 deg | fit true 0.047 est 0.032 (x0.69)  enc/true 1.017  dr_err 48.00 m[0m
[localization_error-8] [0m[INFO] [1789224177.767025253] [localization_error]: now[200] 0.250 m / 1.55 deg  |  session[n=52088] mean 0.238 p95 0.527 max 0.917 m, heading mean 1.61 max 7.46 deg[0m
[pure_pursuit-11] [0m[INFO] [1789224180.136411139] [pure_pursuit]: lap 400: 6.54 s[0m
[log_localization-9] [0m[INFO] [1789224180.408189617] [log_localization]: 2609.9 s  11137.7 m  err 0.170 m (along +0.165 cross -0.040) yaw  -1.33 deg  m->o yaw  -1.35 deg | fit true 0.012 est 0.034 (x2.81)  enc/true 1.017  dr_err 48.12 m[0m
[localization_error-8] [0m[INFO] [1789224182.766462651] [localization_error]: now[200] 0.238 m / 1.44 deg  |  session[n=52188] mean 0.238 p95 0.526 max 0.917 m, heading mean 1.61 max 7.46 deg[0m
[log_localization-9] [0m[INFO] [1789224185.408236646] [log_localization]: 2614.9 s  11160.4 m  err 0.100 m (along -0.100 cross -0.011) yaw  +2.34 deg  m->o yaw  +2.27 deg | fit true 0.052 est 0.024 (x0.46)  enc/true 1.017  dr_err 48.23 m[0m
[pure_pursuit-11] [0m[INFO] [1789224186.630500081] [pure_pursuit]: lap 401: 6.50 s[0m
[localization_error-8] [0m[INFO] [1789224187.766806990] [localization_error]: now[200] 0.244 m / 1.54 deg  |  session[n=52288] mean 0.238 p95 0.527 max 0.917 m, heading mean 1.61 max 7.46 deg[0m
[log_localization-9] [0m[INFO] [1789224190.408833940] [log_localization]: 2620.0 s  11181.3 m  err 0.063 m (along +0.063 cross -0.006) yaw  +0.13 deg  m->o yaw  +0.35 deg | fit true 0.031 est 0.022 (x0.70)  enc/true 1.017  dr_err 48.34 m[0m
[localization_error-8] [0m[INFO] [1789224192.765961695] [localization_error]: now[200] 0.222 m / 1.76 deg  |  session[n=52388] mean 0.238 p95 0.526 max 0.917 m, heading mean 1.61 max 7.46 deg[0m
[pure_pursuit-11] [0m[INFO] [1789224193.163882405] [pure_pursuit]: lap 402: 6.51 s[0m
[log_localization-9] [0m[INFO] [1789224195.408645593] [log_localization]: 2624.9 s  11203.6 m  err 0.045 m (along -0.044 cross +0.008) yaw  +1.61 deg  m->o yaw  +1.58 deg | fit true 0.029 est 0.021 (x0.75)  enc/true 1.017  dr_err 48.36 m[0m
[localization_error-8] [0m[INFO] [1789224197.766800395] [localization_error]: now[200] 0.222 m / 1.62 deg  |  session[n=52488] mean 0.238 p95 0.526 max 0.917 m, heading mean 1.61 max 7.46 deg[0m
[pure_pursuit-11] [0m[INFO] [1789224199.738233145] [pure_pursuit]: lap 403: 6.60 s[0m
[log_localization-9] [0m[INFO] [1789224200.408286905] [log_localization]: 2629.9 s  11223.2 m  err 0.212 m (along +0.211 cross +0.007) yaw  -0.33 deg  m->o yaw  -0.23 deg | fit true 0.004 est 0.010 (x2.53)  enc/true 1.017  dr_err 48.47 m[0m
[localization_error-8] [0m[INFO] [1789224202.766619446] [localization_error]: now[200] 0.236 m / 1.37 deg  |  session[n=52588] mean 0.238 p95 0.526 max 0.917 m, heading mean 1.61 max 7.46 deg[0m
[log_localization-9] [0m[INFO] [1789224205.408266004] [log_localization]: 2634.9 s  11245.2 m  err 0.134 m (along -0.134 cross -0.007) yaw  +6.00 deg  m->o yaw  +5.77 deg | fit true 0.016 est 0.034 (x2.16)  enc/true 1.017  dr_err 48.61 m[0m
[pure_pursuit-11] [0m[INFO] [1789224206.361024318] [pure_pursuit]: lap 404: 6.60 s[0m
[localization_error-8] [0m[INFO] [1789224207.766160271] [localization_error]: now[200] 0.243 m / 1.47 deg  |  session[n=52688] mean 0.238 p95 0.526 max 0.917 m, heading mean 1.61 max 7.46 deg[0m
[log_localization-9] [0m[INFO] [1789224210.408657482] [log_localization]: 2640.0 s  11266.3 m  err 0.078 m (along +0.078 cross -0.006) yaw  -0.64 deg  m->o yaw  -0.59 deg | fit true 0.015 est 0.023 (x1.53)  enc/true 1.017  dr_err 48.70 m[0m
[localization_error-8] [0m[INFO] [1789224212.766054498] [localization_error]: now[200] 0.219 m / 1.62 deg  |  session[n=52788] mean 0.238 p95 0.526 max 0.917 m, heading mean 1.61 max 7.46 deg[0m
[pure_pursuit-11] [0m[INFO] [1789224212.895527179] [pure_pursuit]: lap 405: 6.55 s[0m
[log_localization-9] [0m[INFO] [1789224215.408235716] [log_localization]: 2644.9 s  11288.4 m  err 0.015 m (along +0.008 cross +0.013) yaw  +1.04 deg  m->o yaw  +0.97 deg | fit true 0.015 est 0.016 (x1.13)  enc/true 1.017  dr_err 48.79 m[0m
[localization_error-8] [0m[INFO] [1789224217.766564081] [localization_error]: now[200] 0.216 m / 1.49 deg  |  session[n=52888] mean 0.238 p95 0.526 max 0.917 m, heading mean 1.61 max 7.46 deg[0m
[pure_pursuit-11] [0m[INFO] [1789224219.387447275] [pure_pursuit]: lap 406: 6.48 s[0m
[log_localization-9] [0m[INFO] [1789224220.408824748] [log_localization]: 2650.0 s  11309.4 m  err 0.075 m (along +0.075 cross +0.002) yaw  +0.19 deg  m->o yaw  +0.13 deg | fit true 0.007 est 0.011 (x1.70)  enc/true 1.017  dr_err 48.84 m[0m
[localization_error-8] [0m[INFO] [1789224222.765888133] [localization_error]: now[200] 0.232 m / 1.57 deg  |  session[n=52988] mean 0.238 p95 0.526 max 0.917 m, heading mean 1.61 max 7.46 deg[0m
[log_localization-9] [0m[INFO] [1789224225.408255898] [log_localization]: 2655.0 s  11329.9 m  err 0.026 m (along -0.025 cross -0.007) yaw  +2.35 deg  m->o yaw  +2.36 deg | fit true 0.021 est 0.012 (x0.59)  enc/true 1.017  dr_err 49.00 m[0m
[pure_pursuit-11] [0m[INFO] [1789224225.942475452] [pure_pursuit]: lap 407: 6.55 s[0m
[localization_error-8] [0m[INFO] [1789224227.766025957] [localization_error]: now[200] 0.232 m / 1.62 deg  |  session[n=53088] mean 0.238 p95 0.527 max 0.917 m, heading mean 1.61 max 7.46 deg[0m
[log_localization-9] [0m[INFO] [1789224230.408532266] [log_localization]: 2659.9 s  11352.0 m  err 0.093 m (along +0.092 cross +0.012) yaw  +0.69 deg  m->o yaw  +0.64 deg | fit true 0.001 est 0.012 (x17.91)  enc/true 1.017  dr_err 49.08 m[0m
[pure_pursuit-11] [0m[INFO] [1789224232.409361115] [pure_pursuit]: lap 408: 6.46 s[0m
[localization_error-8] [0m[INFO] [1789224232.766217498] [localization_error]: now[200] 0.228 m / 1.53 deg  |  session[n=53188] mean 0.238 p95 0.527 max 0.917 m, heading mean 1.61 max 7.46 deg[0m
[log_localization-9] [0m[INFO] [1789224235.408674519] [log_localization]: 2665.0 s  11373.2 m  err 0.024 m (along -0.010 cross -0.022) yaw  +2.35 deg  m->o yaw  -0.12 deg | fit true 0.057 est 0.049 (x0.87)  enc/true 1.017  dr_err 49.12 m[0m
[localization_error-8] [0m[INFO] [1789224237.765969619] [localization_error]: now[200] 0.216 m / 1.49 deg  |  session[n=53288] mean 0.238 p95 0.526 max 0.917 m, heading mean 1.61 max 7.46 deg[0m
[pure_pursuit-11] [0m[INFO] [1789224238.920306204] [pure_pursuit]: lap 409: 6.52 s[0m
[log_localization-9] [0m[INFO] [1789224240.408691727] [log_localization]: 2670.0 s  11395.8 m  err 0.093 m (along -0.093 cross -0.006) yaw  +1.29 deg  m->o yaw  +1.43 deg | fit true 0.030 est 0.013 (x0.42)  enc/true 1.017  dr_err 49.20 m[0m
[localization_error-8] [0m[INFO] [1789224242.766159450] [localization_error]: now[200] 0.228 m / 1.32 deg  |  session[n=53388] mean 0.238 p95 0.526 max 0.917 m, heading mean 1.61 max 7.46 deg[0m
[log_localization-9] [0m[INFO] [1789224245.408722130] [log_localization]: 2675.0 s  11415.0 m  err 0.078 m (along +0.071 cross -0.030) yaw  -0.72 deg  m->o yaw  -0.71 deg | fit true 0.016 est 0.022 (x1.34)  enc/true 1.017  dr_err 49.42 m[0m
[pure_pursuit-11] [0m[INFO] [1789224245.431053671] [pure_pursuit]: lap 410: 6.50 s[0m
[localization_error-8] [0m[INFO] [1789224247.766304867] [localization_error]: now[200] 0.224 m / 1.26 deg  |  session[n=53488] mean 0.238 p95 0.527 max 0.917 m, heading mean 1.61 max 7.46 deg[0m
[log_localization-9] [0m[INFO] [1789224250.408331928] [log_localization]: 2680.0 s  11437.7 m  err 0.014 m (along +0.002 cross +0.014) yaw  +0.65 deg  m->o yaw  +0.49 deg | fit true 0.006 est 0.016 (x2.87)  enc/true 1.017  dr_err 49.48 m[0m
[pure_pursuit-11] [0m[INFO] [1789224251.962629947] [pure_pursuit]: lap 411: 6.54 s[0m
[localization_error-8] [0m[INFO] [1789224252.766280915] [localization_error]: now[200] 0.237 m / 1.43 deg  |  session[n=53588] mean 0.238 p95 0.527 max 0.917 m, heading mean 1.61 max 7.46 deg[0m
[log_localization-9] [0m[INFO] [1789224255.408532155] [log_localization]: 2685.0 s  11458.4 m  err 0.105 m (along +0.104 cross -0.015) yaw  +0.28 deg  m->o yaw  +0.29 deg | fit true 0.059 est 0.067 (x1.13)  enc/true 1.017  dr_err 49.65 m[0m
[localization_error-8] [0m[INFO] [1789224257.765953311] [localization_error]: now[200] 0.237 m / 1.65 deg  |  session[n=53688] mean 0.238 p95 0.527 max 0.917 m, heading mean 1.61 max 7.46 deg[0m
[pure_pursuit-11] [0m[INFO] [1789224258.469693370] [pure_pursuit]: lap 412: 6.51 s[0m
[log_localization-9] [0m[INFO] [1789224260.408258342] [log_localization]: 2689.9 s  11481.4 m  err 0.090 m (along -0.090 cross -0.005) yaw  +3.51 deg  m->o yaw  +3.27 deg | fit true 0.044 est 0.024 (x0.55)  enc/true 1.017  dr_err 49.65 m[0m
[localization_error-8] [0m[INFO] [1789224262.767167698] [localization_error]: now[200] 0.245 m / 1.57 deg  |  session[n=53788] mean 0.238 p95 0.527 max 0.917 m, heading mean 1.61 max 7.46 deg[0m
[pure_pursuit-11] [0m[INFO] [1789224264.964710994] [pure_pursuit]: lap 413: 6.48 s[0m
[log_localization-9] [0m[INFO] [1789224265.408523311] [log_localization]: 2695.0 s  11500.7 m  err 0.161 m (along +0.160 cross -0.013) yaw  +0.59 deg  m->o yaw  +0.56 deg | fit true 0.010 est 0.006 (x0.58)  enc/true 1.017  dr_err 49.78 m[0m
[localization_error-8] [0m[INFO] [1789224267.766025537] [localization_error]: now[200] 0.236 m / 1.26 deg  |  session[n=53888] mean 0.238 p95 0.527 max 0.917 m, heading mean 1.61 max 7.46 deg[0m
[log_localization-9] [0m[INFO] [1789224270.408260963] [log_localization]: 2699.9 s  11523.1 m  err 0.100 m (along -0.100 cross -0.006) yaw  +2.71 deg  m->o yaw  +2.38 deg | fit true 0.017 est 0.018 (x1.07)  enc/true 1.017  dr_err 49.87 m[0m
[pure_pursuit-11] [0m[INFO] [1789224271.455962349] [pure_pursuit]: lap 414: 6.52 s[0m
[localization_error-8] [0m[INFO] [1789224272.766990199] [localization_error]: now[200] 0.260 m / 1.42 deg  |  session[n=53988] mean 0.238 p95 0.529 max 0.917 m, heading mean 1.61 max 7.46 deg[0m
[log_localization-9] [0m[INFO] [1789224275.408482799] [log_localization]: 2705.0 s  11544.2 m  err 0.110 m (along +0.109 cross -0.017) yaw  +0.03 deg  m->o yaw  -0.10 deg | fit true 0.020 est 0.028 (x1.38)  enc/true 1.017  dr_err 50.00 m[0m
[localization_error-8] [0m[INFO] [1789224277.766286936] [localization_error]: now[200] 0.242 m / 1.70 deg  |  session[n=54088] mean 0.238 p95 0.527 max 0.917 m, heading mean 1.61 max 7.46 deg[0m
[pure_pursuit-11] [0m[INFO] [1789224277.958536050] [pure_pursuit]: lap 415: 6.49 s[0m
[log_localization-9] [0m[INFO] [1789224280.408464696] [log_localization]: 2710.0 s  11566.4 m  err 0.040 m (along -0.040 cross +0.001) yaw  +2.33 deg  m->o yaw  +2.28 deg | fit true 0.018 est 0.024 (x1.37)  enc/true 1.017  dr_err 50.04 m[0m
[localization_error-8] [0m[INFO] [1789224282.766520841] [localization_error]: now[200] 0.218 m / 1.50 deg  |  session[n=54188] mean 0.238 p95 0.526 max 0.917 m, heading mean 1.61 max 7.46 deg[0m
[pure_pursuit-11] [0m[INFO] [1789224284.472002601] [pure_pursuit]: lap 416: 6.51 s[0m
[log_localization-9] [0m[INFO] [1789224285.408407308] [log_localization]: 2715.0 s  11587.3 m  err 0.181 m (along +0.180 cross -0.013) yaw  +0.50 deg  m->o yaw  +0.25 deg | fit true 0.019 est 0.014 (x0.76)  enc/true 1.017  dr_err 50.10 m[0m
[localization_error-8] [0m[INFO] [1789224287.766181522] [localization_error]: now[200] 0.232 m / 1.50 deg  |  session[n=54288] mean 0.238 p95 0.526 max 0.917 m, heading mean 1.61 max 7.46 deg[0m
[log_localization-9] [0m[INFO] [1789224290.408179226] [log_localization]: 2719.9 s  11608.1 m  err 0.046 m (along -0.044 cross -0.011) yaw  +3.74 deg  m->o yaw  +3.74 deg | fit true 0.021 est 0.011 (x0.55)  enc/true 1.017  dr_err 50.24 m[0m
[pure_pursuit-11] [0m[INFO] [1789224290.958568602] [pure_pursuit]: lap 417: 6.50 s[0m
[localization_error-8] [0m[INFO] [1789224292.766441214] [localization_error]: now[200] 0.245 m / 1.58 deg  |  session[n=54388] mean 0.238 p95 0.528 max 0.917 m, heading mean 1.61 max 7.46 deg[0m
[log_localization-9] [0m[INFO] [1789224295.408224426] [log_localization]: 2724.9 s  11630.0 m  err 0.135 m (along +0.134 cross +0.013) yaw  +0.32 deg  m->o yaw  +0.08 deg | fit true 0.000 est 0.009 (x20.72)  enc/true 1.017  dr_err 50.32 m[0m
[pure_pursuit-11] [0m[INFO] [1789224297.471906853] [pure_pursuit]: lap 418: 6.50 s[0m
[localization_error-8] [0m[INFO] [1789224297.765998806] [localization_error]: now[200] 0.237 m / 1.54 deg  |  session[n=54488] mean 0.238 p95 0.527 max 0.917 m, heading mean 1.61 max 7.46 deg[0m
[log_localization-9] [0m[INFO] [1789224300.409210677] [log_localization]: 2730.0 s  11651.4 m  err 0.110 m (along +0.105 cross -0.033) yaw  -2.35 deg  m->o yaw  -1.83 deg | fit true 0.034 est 0.048 (x1.39)  enc/true 1.017  dr_err 50.36 m[0m
[localization_error-8] [0m[INFO] [1789224302.765990937] [localization_error]: now[200] 0.223 m / 1.57 deg  |  session[n=54588] mean 0.238 p95 0.527 max 0.917 m, heading mean 1.61 max 7.46 deg[0m
[pure_pursuit-11] [0m[INFO] [1789224303.981021856] [pure_pursuit]: lap 419: 6.50 s[0m
[log_localization-9] [0m[INFO] [1789224305.408235297] [log_localization]: 2735.0 s  11674.0 m  err 0.262 m (along -0.262 cross -0.017) yaw  +1.66 deg  m->o yaw  +1.68 deg | fit true 0.021 est 0.029 (x1.36)  enc/true 1.017  dr_err 50.48 m[0m
[localization_error-8] [0m[INFO] [1789224307.766433425] [localization_error]: now[200] 0.238 m / 1.43 deg  |  session[n=54688] mean 0.238 p95 0.527 max 0.917 m, heading mean 1.61 max 7.46 deg[0m
[log_localization-9] [0m[INFO] [1789224310.408664049] [log_localization]: 2740.0 s  11693.1 m  err 0.028 m (along +0.016 cross -0.022) yaw  -0.26 deg  m->o yaw  +0.08 deg | fit true 0.006 est 0.012 (x2.00)  enc/true 1.017  dr_err 50.63 m[0m
[pure_pursuit-11] [0m[INFO] [1789224310.516383587] [pure_pursuit]: lap 420: 6.55 s[0m
[localization_error-8] [0m[INFO] [1789224312.766067404] [localization_error]: now[200] 0.230 m / 1.39 deg  |  session[n=54788] mean 0.238 p95 0.527 max 0.917 m, heading mean 1.61 max 7.46 deg[0m
[log_localization-9] [0m[INFO] [1789224315.408304423] [log_localization]: 2744.9 s  11716.0 m  err 0.126 m (along -0.126 cross +0.012) yaw  +0.58 deg  m->o yaw  +0.61 deg | fit true 0.012 est 0.005 (x0.42)  enc/true 1.017  dr_err 50.68 m[0m
[pure_pursuit-11] [0m[INFO] [1789224317.025103989] [pure_pursuit]: lap 421: 6.50 s[0m
[localization_error-8] [0m[INFO] [1789224317.765899360] [localization_error]: now[200] 0.236 m / 1.83 deg  |  session[n=54888] mean 0.238 p95 0.526 max 0.917 m, heading mean 1.61 max 7.46 deg[0m
[log_localization-9] [0m[INFO] [1789224320.408175095] [log_localization]: 2749.9 s  11736.7 m  err 0.092 m (along +0.090 cross -0.021) yaw  -0.37 deg  m->o yaw  -0.09 deg | fit true 0.067 est 0.074 (x1.12)  enc/true 1.017  dr_err 50.76 m[0m
[localization_error-8] [0m[INFO] [1789224322.766578760] [localization_error]: now[200] 0.228 m / 1.87 deg  |  session[n=54988] mean 0.238 p95 0.527 max 0.917 m, heading mean 1.61 max 7.46 deg[0m
[pure_pursuit-11] [0m[INFO] [1789224323.514174701] [pure_pursuit]: lap 422: 6.50 s[0m
[log_localization-9] [0m[INFO] [1789224325.408702233] [log_localization]: 2754.9 s  11759.3 m  err 0.060 m (along -0.059 cross -0.011) yaw  +1.85 deg  m->o yaw  +1.91 deg | fit true 0.028 est 0.023 (x0.82)  enc/true 1.017  dr_err 50.67 m[0m
[localization_error-8] [0m[INFO] [1789224327.766114993] [localization_error]: now[200] 0.234 m / 1.58 deg  |  session[n=55088] mean 0.238 p95 0.526 max 0.917 m, heading mean 1.61 max 7.46 deg[0m
[pure_pursuit-11] [0m[INFO] [1789224330.095118371] [pure_pursuit]: lap 423: 6.56 s[0m
[log_localization-9] [0m[INFO] [1789224330.408912932] [log_localization]: 2760.0 s  11778.5 m  err 0.114 m (along +0.111 cross -0.029) yaw  -0.13 deg  m->o yaw  -0.13 deg | fit true 0.013 est 0.023 (x1.81)  enc/true 1.017  dr_err 50.81 m[0m
[localization_error-8] [0m[INFO] [1789224332.766220366] [localization_error]: now[200] 0.226 m / 1.44 deg  |  session[n=55188] mean 0.238 p95 0.526 max 0.917 m, heading mean 1.61 max 7.46 deg[0m
[log_localization-9] [0m[INFO] [1789224335.408341553] [log_localization]: 2765.0 s  11801.2 m  err 0.170 m (along -0.169 cross -0.013) yaw  +3.35 deg  m->o yaw  +3.22 deg | fit true 0.030 est 0.007 (x0.25)  enc/true 1.017  dr_err 50.85 m[0m
[pure_pursuit-11] [0m[INFO] [1789224336.605347532] [pure_pursuit]: lap 424: 6.53 s[0m
[localization_error-8] [0m[INFO] [1789224337.767161806] [localization_error]: now[200] 0.188 m / 1.48 deg  |  session[n=55288] mean 0.237 p95 0.526 max 0.917 m, heading mean 1.61 max 7.46 deg[0m
[log_localization-9] [0m[INFO] [1789224340.408253657] [log_localization]: 2769.9 s  11819.8 m  err 0.084 m (along -0.082 cross -0.015) yaw  +2.29 deg  m->o yaw  +2.72 deg | fit true 0.056 est 0.061 (x1.08)  enc/true 1.017  dr_err 50.96 m[0m
[localization_error-8] [0m[INFO] [1789224342.767220714] [localization_error]: now[200] 0.164 m / 1.47 deg  |  session[n=55388] mean 0.237 p95 0.525 max 0.917 m, heading mean 1.61 max 7.46 deg[0m
[pure_pursuit-11] [0m[INFO] [1789224343.895141376] [pure_pursuit]: lap 425: 7.28 s[0m
[log_localization-9] [0m[INFO] [1789224345.408741192] [log_localization]: 2775.0 s  11839.7 m  err 0.136 m (along -0.136 cross +0.003) yaw  +0.65 deg  m->o yaw  +0.51 deg | fit true 0.015 est 0.006 (x0.38)  enc/true 1.017  dr_err 50.60 m[0m
[localization_error-8] [0m[INFO] [1789224347.766736272] [localization_error]: now[200] 0.153 m / 1.40 deg  |  session[n=55488] mean 0.237 p95 0.525 max 0.917 m, heading mean 1.61 max 7.46 deg[0m
[log_localization-9] [0m[INFO] [1789224350.408342564] [log_localization]: 2780.0 s  11858.9 m  err 0.085 m (along -0.085 cross +0.003) yaw  +4.67 deg  m->o yaw  +4.47 deg | fit true 0.011 est 0.020 (x1.79)  enc/true 1.017  dr_err 50.64 m[0m
[pure_pursuit-11] [0m[INFO] [1789224351.024765156] [pure_pursuit]: lap 426: 7.14 s[0m
[localization_error-8] [0m[INFO] [1789224352.766525768] [localization_error]: now[200] 0.168 m / 1.58 deg  |  session[n=55588] mean 0.237 p95 0.523 max 0.917 m, heading mean 1.61 max 7.46 deg[0m
[log_localization-9] [0m[INFO] [1789224355.408302692] [log_localization]: 2784.9 s  11877.4 m  err 0.026 m (along -0.018 cross -0.018) yaw  +0.37 deg  m->o yaw  +0.74 deg | fit true 0.041 est 0.032 (x0.78)  enc/true 1.017  dr_err 50.55 m[0m
[localization_error-8] [0m[INFO] [1789224357.767063469] [localization_error]: now[200] 0.164 m / 1.59 deg  |  session[n=55688] mean 0.237 p95 0.523 max 0.917 m, heading mean 1.61 max 7.46 deg[0m
[pure_pursuit-11] [33m[WARN] [1789224358.137791937] [pure_pursuit]: heading jumped -36 deg in one tick: respawn. Speed estimate 3.99 -> 0, pose history cleared.[0m
[pure_pursuit-11] [0m[INFO] [1789224359.029650381] [pure_pursuit]: lap 427: 7.99 s[0m
[log_localization-9] [0m[INFO] [1789224360.408199562] [log_localization]: 2789.9 s  11896.4 m  err 0.264 m (along -0.264 cross +0.009) yaw  +0.27 deg  m->o yaw  +0.31 deg | fit true 0.001 est 0.022 (x16.23)  enc/true 1.016  dr_err 51.85 m[0m
[localization_error-8] [0m[INFO] [1789224362.766807576] [localization_error]: now[200] 0.224 m / 3.14 deg  |  session[n=55788] mean 0.237 p95 0.524 max 4.327 m, heading mean 1.61 max 35.92 deg[0m
[log_localization-9] [0m[INFO] [1789224365.408685993] [log_localization]: 2795.0 s  11914.7 m  err 0.147 m (along -0.146 cross +0.008) yaw  +1.90 deg  m->o yaw  +1.85 deg | fit true 0.004 est 0.015 (x4.21)  enc/true 1.016  dr_err 51.39 m[0m
[pure_pursuit-11] [0m[INFO] [1789224367.009996688] [pure_pursuit]: lap 428: 7.98 s[0m
[localization_error-8] [0m[INFO] [1789224367.766898732] [localization_error]: now[200] 0.244 m / 3.27 deg  |  session[n=55888] mean 0.237 p95 0.524 max 4.327 m, heading mean 1.61 max 35.92 deg[0m
[log_localization-9] [0m[INFO] [1789224370.408209495] [log_localization]: 2799.9 s  11933.5 m  err 0.029 m (along +0.016 cross -0.024) yaw  -0.28 deg  m->o yaw  -0.01 deg | fit true 0.034 est 0.027 (x0.79)  enc/true 1.016  dr_err 51.43 m[0m
[localization_error-8] [0m[INFO] [1789224372.766092866] [localization_error]: now[200] 0.159 m / 1.62 deg  |  session[n=55988] mean 0.237 p95 0.523 max 4.327 m, heading mean 1.61 max 35.92 deg[0m
[pure_pursuit-11] [0m[INFO] [1789224374.471044042] [pure_pursuit]: lap 429: 7.48 s[0m
[log_localization-9] [0m[INFO] [1789224375.408616488] [log_localization]: 2805.0 s  11952.1 m  err 0.503 m (along -0.503 cross -0.002) yaw  +0.07 deg  m->o yaw  +0.03 deg | fit true 0.003 est 0.032 (x9.82)  enc/true 1.016  dr_err 51.56 m[0m
[localization_error-8] [0m[INFO] [1789224377.766190161] [localization_error]: now[200] 0.351 m / 1.31 deg  |  session[n=56088] mean 0.237 p95 0.528 max 4.327 m, heading mean 1.61 max 35.92 deg[0m
[pure_pursuit-11] [33m[WARN] [1789224379.467896622] [pure_pursuit]: heading jumped +54 deg in one tick: respawn. Speed estimate 2.86 -> 0, pose history cleared.[0m
[log_localization-9] [0m[INFO] [1789224380.408203394] [log_localization]: 2809.9 s  11967.2 m  err 1.493 m (along -1.249 cross +0.817) yaw  +0.89 deg  m->o yaw  +1.07 deg | fit true 0.054 est 0.181 (x3.35)  enc/true 1.016  dr_err 50.64 m[0m
[pure_pursuit-11] [33m[WARN] [1789224380.647113080] [pure_pursuit]: heading jumped +44 deg in one tick: respawn. Speed estimate 1.45 -> 0, pose history cleared.[0m
[pure_pursuit-11] [33m[WARN] [1789224381.312835432] [pure_pursuit]: heading jumped +62 deg in one tick: respawn. Speed estimate 1.47 -> 0, pose history cleared.[0m
[localization_error-8] [0m[INFO] [1789224382.767220630] [localization_error]: now[200] 0.860 m / 6.16 deg  |  session[n=56188] mean 0.239 p95 0.537 max 4.327 m, heading mean 1.63 max 61.67 deg[0m
[log_localization-9] [0m[INFO] [1789224385.408188445] [log_localization]: 2814.9 s  11981.3 m  err 0.443 m (along -0.434 cross -0.089) yaw +12.93 deg  m->o yaw +12.86 deg | fit true 0.022 est 0.080 (x3.59)  enc/true 1.016  dr_err 51.34 m[0m
[pure_pursuit-11] [0m[INFO] [1789224386.383935650] [pure_pursuit]: lap 430: 11.90 s[0m
[localization_error-8] [0m[INFO] [1789224387.766211633] [localization_error]: now[200] 0.739 m / 6.91 deg  |  session[n=56288] mean 0.239 p95 0.538 max 4.327 m, heading mean 1.63 max 61.67 deg[0m
[pure_pursuit-11] [33m[WARN] [1789224390.054412443] [pure_pursuit]: heading jumped -21 deg in one tick: respawn. Speed estimate 4.19 -> 0, pose history cleared.[0m
[log_localization-9] [0m[INFO] [1789224390.408378376] [log_localization]: 2820.0 s  12000.2 m  err 1.923 m (along +1.632 cross -1.018) yaw -45.68 deg  m->o yaw -45.64 deg | fit true 0.054 est 0.221 (x4.06)  enc/true 1.016  dr_err 49.41 m[0m
[pure_pursuit-11] [33m[WARN] [1789224391.338075624] [pure_pursuit]: heading jumped -34 deg in one tick: respawn. Speed estimate 2.95 -> 0, pose history cleared.[0m
[pure_pursuit-11] [33m[WARN] [1789224391.893731560] [pure_pursuit]: heading jumped -35 deg in one tick: respawn. Speed estimate 2.12 -> 0, pose history cleared.[0m
[localization_error-8] [0m[INFO] [1789224392.766015329] [localization_error]: now[200] 1.507 m / 10.25 deg  |  session[n=56388] mean 0.243 p95 0.543 max 5.886 m, heading mean 1.66 max 61.67 deg[0m
[pure_pursuit-11] [33m[WARN] [1789224393.491414780] [pure_pursuit]: heading jumped +35 deg in one tick: respawn. Speed estimate 2.77 -> 0, pose history cleared.[0m
[pure_pursuit-11] [33m[WARN] [1789224395.384860134] [pure_pursuit]: heading jumped +32 deg in one tick: respawn. Speed estimate 0.00 -> 0, pose history cleared.[0m
[log_localization-9] [0m[INFO] [1789224395.408763274] [log_localization]: 2824.9 s  12010.6 m  err 6.839 m (along +5.453 cross +4.127) yaw +17.97 deg  m->o yaw +49.25 deg | fit true 0.043 est 0.252 (x5.86)  enc/true 1.016  dr_err 50.83 m[0m
[pure_pursuit-11] [33m[WARN] [1789224397.317516164] [pure_pursuit]: heading jumped +29 deg in one tick: respawn. Speed estimate 0.00 -> 0, pose history cleared.[0m
[localization_error-8] [0m[INFO] [1789224397.766058007] [localization_error]: now[200] 4.617 m / 32.13 deg  |  session[n=56488] mean 0.255 p95 0.554 max 7.002 m, heading mean 1.74 max 61.67 deg[0m
[pure_pursuit-11] [33m[WARN] [1789224399.316007906] [pure_pursuit]: heading jumped +27 deg in one tick: respawn. Speed estimate 0.00 -> 0, pose history cleared.[0m
[log_localization-9] [0m[INFO] [1789224400.408254294] [log_localization]: 2830.0 s  12014.3 m  err 6.443 m (along +3.277 cross +5.547) yaw +39.51 deg  m->o yaw +39.49 deg | fit true 0.035 est 0.180 (x5.20)  enc/true 1.015  dr_err 50.42 m[0m
[pure_pursuit-11] [33m[WARN] [1789224401.320391435] [pure_pursuit]: heading jumped +26 deg in one tick: respawn. Speed estimate 0.00 -> 0, pose history cleared.[0m
[localization_error-8] [0m[INFO] [1789224402.766230808] [localization_error]: now[200] 6.512 m / 43.30 deg  |  session[n=56588] mean 0.266 p95 0.565 max 7.002 m, heading mean 1.81 max 61.67 deg[0m
[pure_pursuit-11] [33m[WARN] [1789224403.360417763] [pure_pursuit]: heading jumped +25 deg in one tick: respawn. Speed estimate 0.00 -> 0, pose history cleared.[0m
[pure_pursuit-11] [33m[WARN] [1789224405.407694254] [pure_pursuit]: heading jumped +25 deg in one tick: respawn. Speed estimate 0.00 -> 0, pose history cleared.[0m
[log_localization-9] [0m[INFO] [1789224405.408780052] [log_localization]: 2835.0 s  12018.8 m  err 6.746 m (along +5.319 cross +4.150) yaw +12.19 deg  m->o yaw +37.04 deg | fit true 0.043 est 0.218 (x5.07)  enc/true 1.015  dr_err 50.83 m[0m
[pure_pursuit-11] [33m[WARN] [1789224407.447816412] [pure_pursuit]: heading jumped +25 deg in one tick: respawn. Speed estimate 0.00 -> 0, pose history cleared.[0m
[localization_error-8] [0m[INFO] [1789224407.765909734] [localization_error]: now[200] 6.479 m / 38.55 deg  |  session[n=56688] mean 0.277 p95 0.579 max 7.002 m, heading mean 1.87 max 61.67 deg[0m
[pure_pursuit-11] [33m[WARN] [1789224409.517148863] [pure_pursuit]: heading jumped +24 deg in one tick: respawn. Speed estimate 0.00 -> 0, pose history cleared.[0m
[log_localization-9] [0m[INFO] [1789224410.408770596] [log_localization]: 2840.0 s  12022.5 m  err 6.445 m (along +3.691 cross +5.283) yaw +35.99 deg  m->o yaw +36.04 deg | fit true 0.040 est 0.157 (x3.91)  enc/true 1.015  dr_err 50.50 m[0m
[pure_pursuit-11] [33m[WARN] [1789224411.607544517] [pure_pursuit]: heading jumped +23 deg in one tick: respawn. Speed estimate 0.00 -> 0, pose history cleared.[0m
[localization_error-8] [0m[INFO] [1789224412.766181857] [localization_error]: now[200] 6.455 m / 36.37 deg  |  session[n=56788] mean 0.287 p95 0.594 max 7.002 m, heading mean 1.93 max 61.67 deg[0m
[pure_pursuit-11] [33m[WARN] [1789224413.696766256] [pure_pursuit]: heading jumped +23 deg in one tick: respawn. Speed estimate 0.00 -> 0, pose history cleared.[0m
[log_localization-9] [0m[INFO] [1789224415.408196706] [log_localization]: 2844.9 s  12026.3 m  err 6.194 m (along +2.722 cross +5.563) yaw +34.55 deg  m->o yaw +34.55 deg | fit true 0.036 est 0.278 (x7.67)  enc/true 1.014  dr_err 50.17 m[0m
[pure_pursuit-11] [33m[WARN] [1789224415.801239859] [pure_pursuit]: heading jumped +22 deg in one tick: respawn. Speed estimate 0.00 -> 0, pose history cleared.[0m
[localization_error-8] [0m[INFO] [1789224417.766406508] [localization_error]: now[200] 6.386 m / 35.42 deg  |  session[n=56888] mean 0.298 p95 0.613 max 7.002 m, heading mean 1.99 max 61.67 deg[0m
[pure_pursuit-11] [33m[WARN] [1789224417.938347340] [pure_pursuit]: heading jumped +22 deg in one tick: respawn. Speed estimate 0.00 -> 0, pose history cleared.[0m
[pure_pursuit-11] [33m[WARN] [1789224420.054642142] [pure_pursuit]: heading jumped +23 deg in one tick: respawn. Speed estimate 0.00 -> 0, pose history cleared.[0m
[log_localization-9] [0m[INFO] [1789224420.408459971] [log_localization]: 2850.0 s  12031.0 m  err 6.545 m (along +4.601 cross +4.654) yaw +35.65 deg  m->o yaw +35.66 deg | fit true 0.038 est 0.142 (x3.76)  enc/true 1.014  dr_err 50.70 m[0m
[pure_pursuit-11] [33m[WARN] [1789224422.138120657] [pure_pursuit]: heading jumped +23 deg in one tick: respawn. Speed estimate 0.00 -> 0, pose history cleared.[0m
[localization_error-8] [0m[INFO] [1789224422.766438447] [localization_error]: now[200] 6.362 m / 35.04 deg  |  session[n=56988] mean 0.309 p95 0.630 max 7.002 m, heading mean 2.05 max 61.67 deg[0m
[pure_pursuit-11] [33m[WARN] [1789224424.204206227] [pure_pursuit]: heading jumped +23 deg in one tick: respawn. Speed estimate 0.00 -> 0, pose history cleared.[0m
[log_localization-9] [0m[INFO] [1789224425.408662580] [log_localization]: 2855.0 s  12034.7 m  err 6.294 m (along +3.225 cross +5.406) yaw +35.36 deg  m->o yaw +35.38 deg | fit true 0.033 est 0.193 (x5.79)  enc/true 1.014  dr_err 50.38 m[0m
[pure_pursuit-11] [33m[WARN] [1789224426.315109310] [pure_pursuit]: heading jumped +23 deg in one tick: respawn. Speed estimate 0.00 -> 0, pose history cleared.[0m
[localization_error-8] [0m[INFO] [1789224427.765888141] [localization_error]: now[200] 6.371 m / 35.24 deg  |  session[n=57088] mean 0.319 p95 0.668 max 7.002 m, heading mean 2.10 max 61.67 deg[0m
[pure_pursuit-11] [33m[WARN] [1789224428.383601178] [pure_pursuit]: heading jumped +23 deg in one tick: respawn. Speed estimate 0.00 -> 0, pose history cleared.[0m
[log_localization-9] [0m[INFO] [1789224430.408709041] [log_localization]: 2860.0 s  12038.5 m  err 6.162 m (along +2.468 cross +5.646) yaw +34.61 deg  m->o yaw +34.61 deg | fit true 0.035 est 0.352 (x10.04)  enc/true 1.013  dr_err 50.04 m[0m
[pure_pursuit-11] [33m[WARN] [1789224430.495301312] [pure_pursuit]: heading jumped +22 deg in one tick: respawn. Speed estimate 0.00 -> 0, pose history cleared.[0m
[pure_pursuit-11] [33m[WARN] [1789224432.604828623] [pure_pursuit]: heading jumped +22 deg in one tick: respawn. Speed estimate 0.00 -> 0, pose history cleared.[0m
[localization_error-8] [0m[INFO] [1789224432.766532869] [localization_error]: now[200] 6.354 m / 35.04 deg  |  session[n=57188] mean 0.330 p95 0.741 max 7.002 m, heading mean 2.16 max 61.67 deg[0m
[pure_pursuit-11] [33m[WARN] [1789224434.755566866] [pure_pursuit]: heading jumped +21 deg in one tick: respawn. Speed estimate 0.00 -> 0, pose history cleared.[0m
[log_localization-9] [0m[INFO] [1789224435.409592948] [log_localization]: 2865.0 s  12043.1 m  err 6.384 m (along +4.088 cross +4.903) yaw +35.63 deg  m->o yaw +35.62 deg | fit true 0.036 est 0.138 (x3.78)  enc/true 1.013  dr_err 50.60 m[0m
[pure_pursuit-11] [33m[WARN] [1789224436.911833132] [pure_pursuit]: heading jumped +21 deg in one tick: respawn. Speed estimate 0.00 -> 0, pose history cleared.[0m
[localization_error-8] [0m[INFO] [1789224437.765916716] [localization_error]: now[200] 6.341 m / 34.49 deg  |  session[n=57288] mean 0.340 p95 1.346 max 7.002 m, heading mean 2.22 max 61.67 deg[0m
[pure_pursuit-11] [33m[WARN] [1789224439.046251111] [pure_pursuit]: heading jumped +21 deg in one tick: respawn. Speed estimate 0.00 -> 0, pose history cleared.[0m
[log_localization-9] [0m[INFO] [1789224440.408929296] [log_localization]: 2870.0 s  12046.9 m  err 6.204 m (along +3.083 cross +5.383) yaw +35.83 deg  m->o yaw +35.84 deg | fit true 0.037 est 0.213 (x5.72)  enc/true 1.013  dr_err 50.31 m[0m
[pure_pursuit-11] [33m[WARN] [1789224441.183220374] [pure_pursuit]: heading jumped +22 deg in one tick: respawn. Speed estimate 0.00 -> 0, pose history cleared.[0m
[localization_error-8] [0m[INFO] [1789224442.766535023] [localization_error]: now[200] 6.304 m / 34.97 deg  |  session[n=57388] mean 0.351 p95 5.887 max 7.002 m, heading mean 2.27 max 61.67 deg[0m
[pure_pursuit-11] [33m[WARN] [1789224443.317851345] [pure_pursuit]: heading jumped +22 deg in one tick: respawn. Speed estimate 0.00 -> 0, pose history cleared.[0m
[log_localization-9] [0m[INFO] [1789224445.408175168] [log_localization]: 2874.9 s  12050.7 m  err 6.037 m (along +2.406 cross +5.537) yaw +36.85 deg  m->o yaw +36.85 deg | fit true 0.035 est 0.362 (x10.49)  enc/true 1.012  dr_err 50.00 m[0m
[pure_pursuit-11] [33m[WARN] [1789224445.425839211] [pure_pursuit]: heading jumped +22 deg in one tick: respawn. Speed estimate 0.00 -> 0, pose history cleared.[0m
[pure_pursuit-11] [33m[WARN] [1789224447.557192932] [pure_pursuit]: heading jumped +22 deg in one tick: respawn. Speed estimate 0.00 -> 0, pose history cleared.[0m
[localization_error-8] [0m[INFO] [1789224447.766307521] [localization_error]: now[200] 6.261 m / 36.00 deg  |  session[n=57488] mean 0.361 p95 6.155 max 7.002 m, heading mean 2.33 max 61.67 deg[0m
[pure_pursuit-11] [33m[WARN] [1789224449.690599581] [pure_pursuit]: heading jumped +21 deg in one tick: respawn. Speed estimate 0.00 -> 0, pose history cleared.[0m
[log_localization-9] [0m[INFO] [1789224450.408938298] [log_localization]: 2880.0 s  12055.3 m  err 6.327 m (along +4.000 cross +4.903) yaw +35.91 deg  m->o yaw +35.93 deg | fit true 0.041 est 0.139 (x3.41)  enc/true 1.012  dr_err 50.58 m[0m
[pure_pursuit-11] [33m[WARN] [1789224451.851731450] [pure_pursuit]: heading jumped +21 deg in one tick: respawn. Speed estimate 0.00 -> 0, pose history cleared.[0m
[localization_error-8] [0m[INFO] [1789224452.766008070] [localization_error]: now[200] 6.258 m / 36.16 deg  |  session[n=57588] mean 0.371 p95 6.189 max 7.002 m, heading mean 2.39 max 61.67 deg[0m
[pure_pursuit-11] [33m[WARN] [1789224453.983075184] [pure_pursuit]: heading jumped +22 deg in one tick: respawn. Speed estimate 0.00 -> 0, pose history cleared.[0m
[log_localization-9] [0m[INFO] [1789224455.408923278] [log_localization]: 2885.0 s  12059.2 m  err 6.132 m (along +3.081 cross +5.302) yaw +35.64 deg  m->o yaw +35.65 deg | fit true 0.036 est 0.223 (x6.12)  enc/true 1.012  dr_err 50.29 m[0m
[pure_pursuit-11] [33m[WARN] [1789224456.142857327] [pure_pursuit]: heading jumped +21 deg in one tick: respawn. Speed estimate 0.00 -> 0, pose history cleared.[0m
[localization_error-8] [0m[INFO] [1789224457.766814263] [localization_error]: now[200] 6.248 m / 35.83 deg  |  session[n=57688] mean 0.381 p95 6.211 max 7.002 m, heading mean 2.45 max 61.67 deg[0m
[pure_pursuit-11] [33m[WARN] [1789224458.293910882] [pure_pursuit]: heading jumped +21 deg in one tick: respawn. Speed estimate 0.00 -> 0, pose history cleared.[0m
[log_localization-9] [0m[INFO] [1789224460.408170644] [log_localization]: 2889.9 s  12063.0 m  err 6.031 m (along +2.539 cross +5.471) yaw +35.36 deg  m->o yaw +35.36 deg | fit true 0.034 est 0.349 (x10.23)  enc/true 1.011  dr_err 50.01 m[0m
[pure_pursuit-11] [33m[WARN] [1789224460.470458445] [pure_pursuit]: heading jumped +21 deg in one tick: respawn. Speed estimate 0.00 -> 0, pose history cleared.[0m
[pure_pursuit-11] [33m[WARN] [1789224462.626674980] [pure_pursuit]: heading jumped +21 deg in one tick: respawn. Speed estimate 0.00 -> 0, pose history cleared.[0m
[localization_error-8] [0m[INFO] [1789224462.766115269] [localization_error]: now[200] 6.226 m / 35.43 deg  |  session[n=57788] mean 0.391 p95 6.229 max 7.002 m, heading mean 2.51 max 61.67 deg[0m
[pure_pursuit-11] [33m[WARN] [1789224464.784402552] [pure_pursuit]: heading jumped +21 deg in one tick: respawn. Speed estimate 0.00 -> 0, pose history cleared.[0m
[log_localization-9] [0m[INFO] [1789224465.408719392] [log_localization]: 2895.0 s  12067.7 m  err 6.351 m (along +4.140 cross +4.816) yaw +35.72 deg  m->o yaw +35.73 deg | fit true 0.041 est 0.135 (x3.29)  enc/true 1.011  dr_err 50.62 m[0m
[pure_pursuit-11] [33m[WARN] [1789224466.937364087] [pure_pursuit]: heading jumped +21 deg in one tick: respawn. Speed estimate 0.00 -> 0, pose history cleared.[0m
[localization_error-8] [0m[INFO] [1789224467.765943536] [localization_error]: now[200] 6.248 m / 35.28 deg  |  session[n=57888] mean 0.402 p95 6.251 max 7.002 m, heading mean 2.56 max 61.67 deg[0m
[pure_pursuit-11] [33m[WARN] [1789224469.073691737] [pure_pursuit]: heading jumped +22 deg in one tick: respawn. Speed estimate 0.00 -> 0, pose history cleared.[0m
[log_localization-9] [0m[INFO] [1789224470.408285467] [log_localization]: 2899.9 s  12071.6 m  err 6.172 m (along +3.144 cross +5.311) yaw +35.63 deg  m->o yaw +35.63 deg | fit true 0.037 est 0.210 (x5.70)  enc/true 1.010  dr_err 50.32 m[0m
[pure_pursuit-11] [33m[WARN] [1789224471.205059371] [pure_pursuit]: heading jumped +21 deg in one tick: respawn. Speed estimate 0.00 -> 0, pose history cleared.[0m
[localization_error-8] [0m[INFO] [1789224472.766941665] [localization_error]: now[200] 6.259 m / 35.63 deg  |  session[n=57988] mean 0.412 p95 6.266 max 7.002 m, heading mean 2.62 max 61.67 deg[0m
[pure_pursuit-11] [33m[WARN] [1789224473.345127455] [pure_pursuit]: heading jumped +22 deg in one tick: respawn. Speed estimate 0.00 -> 0, pose history cleared.[0m
[log_localization-9] [0m[INFO] [1789224475.408295027] [log_localization]: 2905.0 s  12075.4 m  err 6.058 m (along +2.497 cross +5.519) yaw +36.30 deg  m->o yaw +36.29 deg | fit true 0.034 est 0.348 (x10.16)  enc/true 1.010  dr_err 50.02 m[0m
[pure_pursuit-11] [33m[WARN] [1789224475.470534979] [pure_pursuit]: heading jumped +21 deg in one tick: respawn. Speed estimate 0.00 -> 0, pose history cleared.[0m
[pure_pursuit-11] [33m[WARN] [1789224477.606703757] [pure_pursuit]: heading jumped +22 deg in one tick: respawn. Speed estimate 0.00 -> 0, pose history cleared.[0m
[localization_error-8] [0m[INFO] [1789224477.765997113] [localization_error]: now[200] 6.251 m / 35.96 deg  |  session[n=58088] mean 0.422 p95 6.280 max 7.002 m, heading mean 2.68 max 61.67 deg[0m
[pure_pursuit-11] [33m[WARN] [1789224479.734309102] [pure_pursuit]: heading jumped +22 deg in one tick: respawn. Speed estimate 0.00 -> 0, pose history cleared.[0m
[log_localization-9] [0m[INFO] [1789224480.408819315] [log_localization]: 2910.0 s  12080.0 m  err 6.386 m (along +4.094 cross +4.902) yaw +37.21 deg  m->o yaw +37.21 deg | fit true 0.041 est 0.141 (x3.46)  enc/true 1.010  dr_err 50.60 m[0m
[pure_pursuit-11] [33m[WARN] [1789224481.875480573] [pure_pursuit]: heading jumped +22 deg in one tick: respawn. Speed estimate 0.00 -> 0, pose history cleared.[0m
[localization_error-8] [0m[INFO] [1789224482.766077358] [localization_error]: now[200] 6.282 m / 36.49 deg  |  session[n=58188] mean 0.432 p95 6.296 max 7.002 m, heading mean 2.74 max 61.67 deg[0m
[pure_pursuit-11] [33m[WARN] [1789224483.985417649] [pure_pursuit]: heading jumped +23 deg in one tick: respawn. Speed estimate 0.00 -> 0, pose history cleared.[0m
[log_localization-9] [0m[INFO] [1789224485.408543191] [log_localization]: 2915.0 s  12083.8 m  err 6.181 m (along +2.969 cross +5.422) yaw +37.44 deg  m->o yaw +37.44 deg | fit true 0.037 est 0.225 (x6.11)  enc/true 1.009  dr_err 50.28 m[0m
[pure_pursuit-11] [33m[WARN] [1789224486.097181449] [pure_pursuit]: heading jumped +22 deg in one tick: respawn. Speed estimate 0.00 -> 0, pose history cleared.[0m
[localization_error-8] [0m[INFO] [1789224487.766868643] [localization_error]: now[200] 6.278 m / 37.07 deg  |  session[n=58288] mean 0.442 p95 6.305 max 7.002 m, heading mean 2.80 max 61.67 deg[0m
[pure_pursuit-11] [33m[WARN] [1789224488.253705014] [pure_pursuit]: heading jumped +21 deg in one tick: respawn. Speed estimate 0.00 -> 0, pose history cleared.[0m
[pure_pursuit-11] [33m[WARN] [1789224490.405449123] [pure_pursuit]: heading jumped +21 deg in one tick: respawn. Speed estimate 0.00 -> 0, pose history cleared.[0m
[log_localization-9] [0m[INFO] [1789224490.408358913] [log_localization]: 2920.0 s  12088.5 m  err 6.534 m (along +5.137 cross +4.038) yaw +15.54 deg  m->o yaw +36.43 deg | fit true 0.043 est 0.195 (x4.50)  enc/true 1.009  dr_err 50.83 m[0m
[pure_pursuit-11] [33m[WARN] [1789224492.514766011] [pure_pursuit]: heading jumped +22 deg in one tick: respawn. Speed estimate 0.00 -> 0, pose history cleared.[0m
[localization_error-8] [0m[INFO] [1789224492.766033079] [localization_error]: now[200] 6.240 m / 36.88 deg  |  session[n=58388] mean 0.452 p95 6.315 max 7.002 m, heading mean 2.85 max 61.67 deg[0m
[pure_pursuit-11] [33m[WARN] [1789224494.652978350] [pure_pursuit]: heading jumped +22 deg in one tick: respawn. Speed estimate 0.00 -> 0, pose history cleared.[0m
[log_localization-9] [0m[INFO] [1789224495.408401755] [log_localization]: 2924.9 s  12092.3 m  err 6.322 m (along +3.898 cross +4.977) yaw +37.11 deg  m->o yaw +37.09 deg | fit true 0.040 est 0.147 (x3.67)  enc/true 1.009  dr_err 50.57 m[0m
[pure_pursuit-11] [0m[INFO] [1789224495.702759567] [pure_pursuit]: control_hz 46.5 -> 39.2 (tick 39.2 Hz)[0m
[pure_pursuit-11] [0m[INFO] [1789224496.703056001] [pure_pursuit]: control_hz 39.2 -> 45.7 (tick 45.7 Hz)[0m
[pure_pursuit-11] [33m[WARN] [1789224496.784458538] [pure_pursuit]: heading jumped +22 deg in one tick: respawn. Speed estimate 0.00 -> 0, pose history cleared.[0m
[localization_error-8] [0m[INFO] [1789224497.766113870] [localization_error]: now[200] 6.248 m / 36.41 deg  |  session[n=58488] mean 0.462 p95 6.324 max 7.002 m, heading mean 2.91 max 61.67 deg[0m
[pure_pursuit-11] [33m[WARN] [1789224498.942459972] [pure_pursuit]: heading jumped +21 deg in one tick: respawn. Speed estimate 0.00 -> 0, pose history cleared.[0m
[log_localization-9] [0m[INFO] [1789224500.408409119] [log_localization]: 2929.9 s  12096.1 m  err 6.143 m (along +3.122 cross +5.291) yaw +34.87 deg  m->o yaw +34.89 deg | fit true 0.037 est 0.216 (x5.86)  enc/true 1.008  dr_err 50.28 m[0m
[pure_pursuit-11] [33m[WARN] [1789224501.115629128] [pure_pursuit]: heading jumped +20 deg in one tick: respawn. Speed estimate 0.00 -> 0, pose history cleared.[0m
[localization_error-8] [0m[INFO] [1789224502.766740826] [localization_error]: now[200] 6.255 m / 35.68 deg  |  session[n=58588] mean 0.472 p95 6.332 max 7.002 m, heading mean 2.97 max 61.67 deg[0m
[pure_pursuit-11] [33m[WARN] [1789224503.274259922] [pure_pursuit]: heading jumped +20 deg in one tick: respawn. Speed estimate 0.00 -> 0, pose history cleared.[0m
[log_localization-9] [0m[INFO] [1789224505.408298950] [log_localization]: 2934.9 s  12100.0 m  err 6.015 m (along +2.544 cross +5.450) yaw +35.03 deg  m->o yaw +35.03 deg | fit true 0.034 est 0.352 (x10.48)  enc/true 1.008  dr_err 50.00 m[0m
[pure_pursuit-11] [33m[WARN] [1789224505.446326127] [pure_pursuit]: heading jumped +20 deg in one tick: respawn. Speed estimate 0.00 -> 0, pose history cleared.[0m
[localization_error-8] [0m[INFO] [1789224507.766499212] [localization_error]: now[200] 6.233 m / 34.86 deg  |  session[n=58688] mean 0.481 p95 6.338 max 7.002 m, heading mean 3.02 max 61.67 deg[0m
[log_localization-9] [0m[INFO] [1789224510.408232656] [log_localization]: 2939.9 s  12104.7 m  err 6.325 m (along +4.198 cross +4.731) yaw +35.88 deg  m->o yaw +35.89 deg | fit true 0.042 est 0.135 (x3.25)  enc/true 1.008  dr_err 50.63 m[0m
[pure_pursuit-11] [33m[WARN] [1789224512.007865153] [pure_pursuit]: heading jumped +20 deg in one tick: respawn. Speed estimate 0.00 -> 0, pose history cleared.[0m
[localization_error-8] [0m[INFO] [1789224512.766190590] [localization_error]: now[200] 6.230 m / 34.86 deg  |  session[n=58788] mean 0.491 p95 6.346 max 7.002 m, heading mean 3.07 max 61.67 deg[0m
[pure_pursuit-11] [33m[WARN] [1789224514.159082715] [pure_pursuit]: heading jumped +21 deg in one tick: respawn. Speed estimate 0.00 -> 0, pose history cleared.[0m
[log_localization-9] [0m[INFO] [1789224515.408327453] [log_localization]: 2944.9 s  12108.5 m  err 6.180 m (along +3.355 cross +5.190) yaw +34.65 deg  m->o yaw +34.66 deg | fit true 0.038 est 0.180 (x4.76)  enc/true 1.007  dr_err 50.37 m[0m
[pure_pursuit-11] [33m[WARN] [1789224516.339278639] [pure_pursuit]: heading jumped +20 deg in one tick: respawn. Speed estimate 0.00 -> 0, pose history cleared.[0m
[localization_error-8] [0m[INFO] [1789224517.766016328] [localization_error]: now[200] 6.243 m / 35.13 deg  |  session[n=58888] mean 0.501 p95 6.351 max 7.002 m, heading mean 3.13 max 61.67 deg[0m
[pure_pursuit-11] [33m[WARN] [1789224518.519024120] [pure_pursuit]: heading jumped +20 deg in one tick: respawn. Speed estimate 0.00 -> 0, pose history cleared.[0m
[log_localization-9] [0m[INFO] [1789224520.408461098] [log_localization]: 2950.0 s  12112.4 m  err 6.024 m (along +2.799 cross +5.334) yaw +34.77 deg  m->o yaw +34.76 deg | fit true 0.034 est 0.295 (x8.56)  enc/true 1.007  dr_err 50.10 m[0m
[localization_error-8] [0m[INFO] [1789224522.766139697] [localization_error]: now[200] 6.219 m / 34.88 deg  |  session[n=58988] mean 0.511 p95 6.355 max 7.002 m, heading mean 3.18 max 61.67 deg[0m
[log_localization-9] [0m[INFO] [1789224525.408274765] [log_localization]: 2955.0 s  12117.2 m  err 6.428 m (along +4.819 cross +4.253) yaw +33.81 deg  m->o yaw +33.87 deg | fit true 0.043 est 0.132 (x3.09)  enc/true 1.007  dr_err 50.76 m[0m
[localization_error-8] [0m[INFO] [1789224527.766257066] [localization_error]: now[200] 6.187 m / 34.09 deg  |  session[n=59088] mean 0.520 p95 6.361 max 7.002 m, heading mean 3.23 max 61.67 deg[0m
[log_localization-9] [0m[INFO] [1789224530.408723281] [log_localization]: 2960.0 s  12121.2 m  err 6.300 m (along +4.140 cross +4.749) yaw +33.64 deg  m->o yaw +33.64 deg | fit true 0.041 est 0.132 (x3.25)  enc/true 1.006  dr_err 50.59 m[0m
[localization_error-8] [0m[INFO] [1789224532.766423251] [localization_error]: now[200] 6.198 m / 33.64 deg  |  session[n=59188] mean 0.530 p95 6.365 max 7.002 m, heading mean 3.29 max 61.67 deg[0m
[log_localization-9] [0m[INFO] [1789224535.408528805] [log_localization]: 2965.0 s  12125.1 m  err 6.142 m (along +3.456 cross +5.077) yaw +33.74 deg  m->o yaw +33.74 deg | fit true 0.037 est 0.175 (x4.69)  enc/true 1.006  dr_err 50.37 m[0m
[localization_error-8] [0m[INFO] [1789224537.765850282] [localization_error]: now[200] 6.200 m / 33.75 deg  |  session[n=59288] mean 0.539 p95 6.369 max 7.002 m, heading mean 3.34 max 61.67 deg[0m
[log_localization-9] [0m[INFO] [1789224540.408377189] [log_localization]: 2970.0 s  12129.0 m  err 5.990 m (along +2.944 cross +5.216) yaw +34.35 deg  m->o yaw +34.35 deg | fit true 0.035 est 0.266 (x7.64)  enc/true 1.006  dr_err 50.16 m[0m
[localization_error-8] [0m[INFO] [1789224542.766829336] [localization_error]: now[200] 6.165 m / 34.04 deg  |  session[n=59388] mean 0.549 p95 6.373 max 7.002 m, heading mean 3.39 max 61.67 deg[0m
[log_localization-9] [0m[INFO] [1789224545.408318326] [log_localization]: 2974.9 s  12133.8 m  err 6.448 m (along +5.039 cross +4.023) yaw +35.69 deg  m->o yaw +35.62 deg | fit true 0.043 est 0.130 (x3.04)  enc/true 1.005  dr_err 50.81 m[0m
[localization_error-8] [0m[INFO] [1789224547.766826962] [localization_error]: now[200] 6.162 m / 34.34 deg  |  session[n=59488] mean 0.558 p95 6.377 max 7.002 m, heading mean 3.44 max 61.67 deg[0m
[pure_pursuit-11] [33m[WARN] [1789224549.690821160] [pure_pursuit]: heading jumped +20 deg in one tick: respawn. Speed estimate 0.00 -> 0, pose history cleared.[0m
[log_localization-9] [0m[INFO] [1789224550.408277833] [log_localization]: 2979.9 s  12137.7 m  err 6.276 m (along +3.976 cross +4.856) yaw +36.31 deg  m->o yaw +36.32 deg | fit true 0.040 est 0.139 (x3.46)  enc/true 1.005  dr_err 50.57 m[0m
[pure_pursuit-11] [33m[WARN] [1789224551.867416286] [pure_pursuit]: heading jumped +20 deg in one tick: respawn. Speed estimate 0.00 -> 0, pose history cleared.[0m
[localization_error-8] [0m[INFO] [1789224552.765899016] [localization_error]: now[200] 6.199 m / 35.15 deg  |  session[n=59588] mean 0.568 p95 6.380 max 7.002 m, heading mean 3.50 max 61.67 deg[0m
[pure_pursuit-11] [33m[WARN] [1789224554.030199105] [pure_pursuit]: heading jumped +21 deg in one tick: respawn. Speed estimate 0.00 -> 0, pose history cleared.[0m
[log_localization-9] [0m[INFO] [1789224555.408645399] [log_localization]: 2985.0 s  12141.5 m  err 6.129 m (along +3.133 cross +5.267) yaw +37.36 deg  m->o yaw +37.37 deg | fit true 0.037 est 0.208 (x5.59)  enc/true 1.005  dr_err 50.31 m[0m
[pure_pursuit-11] [33m[WARN] [1789224556.181210187] [pure_pursuit]: heading jumped +21 deg in one tick: respawn. Speed estimate 0.00 -> 0, pose history cleared.[0m
[localization_error-8] [0m[INFO] [1789224557.766408244] [localization_error]: now[200] 6.218 m / 36.43 deg  |  session[n=59688] mean 0.577 p95 6.384 max 7.002 m, heading mean 3.55 max 61.67 deg[0m
[pure_pursuit-11] [33m[WARN] [1789224558.335022123] [pure_pursuit]: heading jumped +21 deg in one tick: respawn. Speed estimate 0.00 -> 0, pose history cleared.[0m
[log_localization-9] [0m[INFO] [1789224560.408166645] [log_localization]: 2989.9 s  12145.4 m  err 6.052 m (along +2.637 cross +5.447) yaw +36.04 deg  m->o yaw +36.05 deg | fit true 0.034 est 0.326 (x9.68)  enc/true 1.004  dr_err 50.04 m[0m
[pure_pursuit-11] [33m[WARN] [1789224560.522702459] [pure_pursuit]: heading jumped +20 deg in one tick: respawn. Speed estimate 0.00 -> 0, pose history cleared.[0m
[pure_pursuit-11] [33m[WARN] [1789224562.689327282] [pure_pursuit]: heading jumped +20 deg in one tick: respawn. Speed estimate 0.00 -> 0, pose history cleared.[0m
[localization_error-8] [0m[INFO] [1789224562.766282591] [localization_error]: now[200] 6.227 m / 36.30 deg  |  session[n=59788] mean 0.587 p95 6.388 max 7.002 m, heading mean 3.61 max 61.67 deg[0m
[pure_pursuit-11] [33m[WARN] [1789224564.830825883] [pure_pursuit]: heading jumped +22 deg in one tick: respawn. Speed estimate 0.00 -> 0, pose history cleared.[0m
[log_localization-9] [0m[INFO] [1789224565.409137179] [log_localization]: 2995.0 s  12150.1 m  err 6.362 m (along +4.199 cross +4.779) yaw +37.11 deg  m->o yaw +37.11 deg | fit true 0.041 est 0.139 (x3.35)  enc/true 1.004  dr_err 50.63 m[0m
[pure_pursuit-11] [33m[WARN] [1789224566.961965987] [pure_pursuit]: heading jumped +22 deg in one tick: respawn. Speed estimate 0.00 -> 0, pose history cleared.[0m
[localization_error-8] [0m[INFO] [1789224567.766888551] [localization_error]: now[200] 6.263 m / 35.84 deg  |  session[n=59888] mean 0.596 p95 6.396 max 7.002 m, heading mean 3.66 max 61.67 deg[0m
[pure_pursuit-11] [33m[WARN] [1789224569.112883064] [pure_pursuit]: heading jumped +21 deg in one tick: respawn. Speed estimate 0.00 -> 0, pose history cleared.[0m
[log_localization-9] [0m[INFO] [1789224570.408777129] [log_localization]: 3000.0 s  12153.9 m  err 6.146 m (along +3.207 cross +5.242) yaw +36.11 deg  m->o yaw +36.14 deg | fit true 0.037 est 0.205 (x5.48)  enc/true 1.004  dr_err 50.34 m[0m
[pure_pursuit-11] [33m[WARN] [1789224571.269127750] [pure_pursuit]: heading jumped +21 deg in one tick: respawn. Speed estimate 0.00 -> 0, pose history cleared.[0m
[localization_error-8] [0m[INFO] [1789224572.766053837] [localization_error]: now[200] 6.252 m / 35.97 deg  |  session[n=59988] mean 0.606 p95 6.398 max 7.002 m, heading mean 3.71 max 61.67 deg[0m
[pure_pursuit-11] [33m[WARN] [1789224573.451350082] [pure_pursuit]: heading jumped +20 deg in one tick: respawn. Speed estimate 0.00 -> 0, pose history cleared.[0m
[log_localization-9] [0m[INFO] [1789224575.408654684] [log_localization]: 3004.9 s  12157.7 m  err 6.032 m (along +2.641 cross +5.423) yaw +34.94 deg  m->o yaw +34.94 deg | fit true 0.029 est 0.317 (x10.83)  enc/true 1.003  dr_err 50.07 m[0m
[pure_pursuit-11] [33m[WARN] [1789224575.604051644] [pure_pursuit]: heading jumped +20 deg in one tick: respawn. Speed estimate 0.00 -> 0, pose history cleared.[0m
[localization_error-8] [0m[INFO] [1789224577.766561165] [localization_error]: now[200] 6.205 m / 35.36 deg  |  session[n=60088] mean 0.615 p95 6.400 max 7.002 m, heading mean 3.77 max 61.67 deg[0m
[pure_pursuit-11] [33m[WARN] [1789224577.783891042] [pure_pursuit]: heading jumped +20 deg in one tick: respawn. Speed estimate 0.00 -> 0, pose history cleared.[0m
[pure_pursuit-11] [33m[WARN] [1789224579.962990393] [pure_pursuit]: heading jumped +20 deg in one tick: respawn. Speed estimate 0.00 -> 0, pose history cleared.[0m
[log_localization-9] [0m[INFO] [1789224580.408269292] [log_localization]: 3009.9 s  12162.5 m  err 6.385 m (along +4.413 cross +4.615) yaw +35.35 deg  m->o yaw +35.36 deg | fit true 0.037 est 0.130 (x3.48)  enc/true 1.003  dr_err 50.68 m[0m
[pure_pursuit-11] [33m[WARN] [1789224582.137024463] [pure_pursuit]: heading jumped +20 deg in one tick: respawn. Speed estimate 0.00 -> 0, pose history cleared.[0m
[localization_error-8] [0m[INFO] [1789224582.765893342] [localization_error]: now[200] 6.230 m / 34.76 deg  |  session[n=60188] mean 0.624 p95 6.405 max 7.002 m, heading mean 3.82 max 61.67 deg[0m
[pure_pursuit-11] [33m[WARN] [1789224584.294178899] [pure_pursuit]: heading jumped +21 deg in one tick: respawn. Speed estimate 0.00 -> 0, pose history cleared.[0m
[log_localization-9] [0m[INFO] [1789224585.408265092] [log_localization]: 3014.9 s  12166.3 m  err 6.196 m (along +3.463 cross +5.139) yaw +35.29 deg  m->o yaw +35.29 deg | fit true 0.038 est 0.176 (x4.57)  enc/true 1.003  dr_err 50.42 m[0m
[pure_pursuit-11] [33m[WARN] [1789224586.474014815] [pure_pursuit]: heading jumped +21 deg in one tick: respawn. Speed estimate 0.00 -> 0, pose history cleared.[0m
[localization_error-8] [0m[INFO] [1789224587.765961970] [localization_error]: now[200] 6.244 m / 34.87 deg  |  session[n=60288] mean 0.634 p95 6.408 max 7.002 m, heading mean 3.87 max 61.67 deg[0m
[pure_pursuit-11] [33m[WARN] [1789224588.625177560] [pure_pursuit]: heading jumped +21 deg in one tick: respawn. Speed estimate 0.00 -> 0, pose history cleared.[0m
[log_localization-9] [0m[INFO] [1789224590.408166007] [log_localization]: 3019.9 s  12170.1 m  err 6.105 m (along +2.790 cross +5.430) yaw +35.43 deg  m->o yaw +35.43 deg | fit true 0.036 est 0.284 (x7.99)  enc/true 1.002  dr_err 50.14 m[0m
[pure_pursuit-11] [33m[WARN] [1789224590.784996545] [pure_pursuit]: heading jumped +21 deg in one tick: respawn. Speed estimate 0.00 -> 0, pose history cleared.[0m
[localization_error-8] [0m[INFO] [1789224592.767171759] [localization_error]: now[200] 6.224 m / 35.35 deg  |  session[n=60388] mean 0.643 p95 6.411 max 7.002 m, heading mean 3.92 max 61.67 deg[0m
[pure_pursuit-11] [33m[WARN] [1789224592.915917379] [pure_pursuit]: heading jumped +22 deg in one tick: respawn. Speed estimate 0.00 -> 0, pose history cleared.[0m
[pure_pursuit-11] [33m[WARN] [1789224595.068562388] [pure_pursuit]: heading jumped +20 deg in one tick: respawn. Speed estimate 0.00 -> 0, pose history cleared.[0m
[log_localization-9] [0m[INFO] [1789224595.408214650] [log_localization]: 3024.9 s  12174.8 m  err 6.426 m (along +4.608 cross +4.479) yaw +34.02 deg  m->o yaw +33.99 deg | fit true 0.038 est 0.134 (x3.51)  enc/true 1.002  dr_err 50.72 m[0m
[localization_error-8] [0m[INFO] [1789224597.766956991] [localization_error]: now[200] 6.241 m / 35.05 deg  |  session[n=60488] mean 0.652 p95 6.416 max 7.002 m, heading mean 3.97 max 61.67 deg[0m
[pure_pursuit-11] [33m[WARN] [1789224599.427556694] [pure_pursuit]: heading jumped +20 deg in one tick: respawn. Speed estimate 0.00 -> 0, pose history cleared.[0m
[log_localization-9] [0m[INFO] [1789224600.408833001] [log_localization]: 3030.0 s  12178.7 m  err 6.253 m (along +3.624 cross +5.096) yaw +34.57 deg  m->o yaw +34.61 deg | fit true 0.039 est 0.155 (x3.97)  enc/true 1.002  dr_err 50.47 m[0m
[pure_pursuit-11] [33m[WARN] [1789224601.605989543] [pure_pursuit]: heading jumped +20 deg in one tick: respawn. Speed estimate 0.00 -> 0, pose history cleared.[0m
[localization_error-8] [0m[INFO] [1789224602.765882338] [localization_error]: now[200] 6.259 m / 34.56 deg  |  session[n=60588] mean 0.661 p95 6.418 max 7.002 m, heading mean 4.02 max 61.67 deg[0m
[pure_pursuit-11] [33m[WARN] [1789224603.759244853] [pure_pursuit]: heading jumped +21 deg in one tick: respawn. Speed estimate 0.00 -> 0, pose history cleared.[0m
[log_localization-9] [0m[INFO] [1789224605.408481707] [log_localization]: 3035.0 s  12182.5 m  err 6.078 m (along +2.918 cross +5.331) yaw +35.48 deg  m->o yaw +35.48 deg | fit true 0.036 est 0.262 (x7.27)  enc/true 1.001  dr_err 50.20 m[0m
[pure_pursuit-11] [33m[WARN] [1789224605.938400658] [pure_pursuit]: heading jumped +20 deg in one tick: respawn. Speed estimate 0.00 -> 0, pose history cleared.[0m
[localization_error-8] [0m[INFO] [1789224607.767256278] [localization_error]: now[200] 6.229 m / 34.86 deg  |  session[n=60688] mean 0.670 p95 6.421 max 7.002 m, heading mean 4.07 max 61.67 deg[0m
[pure_pursuit-11] [33m[WARN] [1789224608.116869545] [pure_pursuit]: heading jumped +20 deg in one tick: respawn. Speed estimate 0.00 -> 0, pose history cleared.[0m
[pure_pursuit-11] [33m[WARN] [1789224610.297126183] [pure_pursuit]: heading jumped +20 deg in one tick: respawn. Speed estimate 0.00 -> 0, pose history cleared.[0m
[log_localization-9] [0m[INFO] [1789224610.408290788] [log_localization]: 3039.9 s  12187.3 m  err 6.500 m (along +5.063 cross +4.075) yaw +34.89 deg  m->o yaw +34.84 deg | fit true 0.043 est 0.133 (x3.10)  enc/true 1.001  dr_err 50.80 m[0m
[pure_pursuit-11] [33m[WARN] [1789224612.470775612] [pure_pursuit]: heading jumped +20 deg in one tick: respawn. Speed estimate 0.00 -> 0, pose history cleared.[0m
[localization_error-8] [0m[INFO] [1789224612.766306115] [localization_error]: now[200] 6.214 m / 34.72 deg  |  session[n=60788] mean 0.680 p95 6.424 max 7.002 m, heading mean 4.12 max 61.67 deg[0m
[pure_pursuit-11] [33m[WARN] [1789224614.650164349] [pure_pursuit]: heading jumped +20 deg in one tick: respawn. Speed estimate 0.00 -> 0, pose history cleared.[0m
[log_localization-9] [0m[INFO] [1789224615.409086551] [log_localization]: 3045.0 s  12191.1 m  err 6.321 m (along +3.922 cross +4.957) yaw +34.31 deg  m->o yaw +34.33 deg | fit true 0.040 est 0.142 (x3.54)  enc/true 1.001  dr_err 50.56 m[0m
[pure_pursuit-11] [33m[WARN] [1789224616.808172148] [pure_pursuit]: heading jumped +21 deg in one tick: respawn. Speed estimate 0.00 -> 0, pose history cleared.[0m
[localization_error-8] [0m[INFO] [1789224617.765843664] [localization_error]: now[200] 6.252 m / 34.17 deg  |  session[n=60888] mean 0.689 p95 6.426 max 7.002 m, heading mean 4.17 max 61.67 deg[0m
[pure_pursuit-11] [33m[WARN] [1789224618.939233047] [pure_pursuit]: heading jumped +22 deg in one tick: respawn. Speed estimate 0.00 -> 0, pose history cleared.[0m
[log_localization-9] [0m[INFO] [1789224620.408734338] [log_localization]: 3050.0 s  12194.9 m  err 6.243 m (along +3.011 cross +5.469) yaw +35.45 deg  m->o yaw +35.46 deg | fit true 0.037 est 0.233 (x6.27)  enc/true 1.000  dr_err 50.27 m[0m
[pure_pursuit-11] [33m[WARN] [1789224621.048926726] [pure_pursuit]: heading jumped +22 deg in one tick: respawn. Speed estimate 0.00 -> 0, pose history cleared.[0m
[localization_error-8] [0m[INFO] [1789224622.766279047] [localization_error]: now[200] 6.301 m / 34.47 deg  |  session[n=60988] mean 0.698 p95 6.429 max 7.002 m, heading mean 4.22 max 61.67 deg[0m
[pure_pursuit-11] [33m[WARN] [1789224623.138255501] [pure_pursuit]: heading jumped +23 deg in one tick: respawn. Speed estimate 0.00 -> 0, pose history cleared.[0m
[pure_pursuit-11] [33m[WARN] [1789224625.249036244] [pure_pursuit]: heading jumped +22 deg in one tick: respawn. Speed estimate 0.00 -> 0, pose history cleared.[0m
[log_localization-9] [0m[INFO] [1789224625.408983950] [log_localization]: 3055.0 s  12199.5 m  err 6.519 m (along +4.981 cross +4.204) yaw +37.02 deg  m->o yaw +36.30 deg | fit true 0.039 est 0.136 (x3.51)  enc/true 1.000  dr_err 50.78 m[0m
[pure_pursuit-11] [33m[WARN] [1789224627.406935303] [pure_pursuit]: heading jumped +21 deg in one tick: respawn. Speed estimate 0.00 -> 0, pose history cleared.[0m
[localization_error-8] [0m[INFO] [1789224627.766081356] [localization_error]: now[200] 6.322 m / 35.22 deg  |  session[n=61088] mean 0.707 p95 6.435 max 7.002 m, heading mean 4.27 max 61.67 deg[0m
[pure_pursuit-11] [33m[WARN] [1789224629.537838686] [pure_pursuit]: heading jumped +21 deg in one tick: respawn. Speed estimate 0.00 -> 0, pose history cleared.[0m
[log_localization-9] [0m[INFO] [1789224630.408388507] [log_localization]: 3059.9 s  12203.3 m  err 6.314 m (along +3.777 cross +5.059) yaw +35.64 deg  m->o yaw +35.67 deg | fit true 0.040 est 0.147 (x3.71)  enc/true 1.000  dr_err 50.51 m[0m
[pure_pursuit-11] [33m[WARN] [1789224631.693290939] [pure_pursuit]: heading jumped +21 deg in one tick: respawn. Speed estimate 0.00 -> 0, pose history cleared.[0m
[localization_error-8] [0m[INFO] [1789224632.765872946] [localization_error]: now[200] 6.307 m / 35.61 deg  |  session[n=61188] mean 0.716 p95 6.437 max 7.002 m, heading mean 4.33 max 61.67 deg[0m
[pure_pursuit-11] [33m[WARN] [1789224633.799863393] [pure_pursuit]: heading jumped +22 deg in one tick: respawn. Speed estimate 0.00 -> 0, pose history cleared.[0m
[log_localization-9] [0m[INFO] [1789224635.408233808] [log_localization]: 3064.9 s  12207.1 m  err 6.162 m (along +2.920 cross +5.427) yaw +36.00 deg  m->o yaw +36.02 deg | fit true 0.036 est 0.242 (x6.69)  enc/true 0.999  dr_err 50.22 m[0m
[pure_pursuit-11] [33m[WARN] [1789224635.939132692] [pure_pursuit]: heading jumped +21 deg in one tick: respawn. Speed estimate 0.00 -> 0, pose history cleared.[0m
[localization_error-8] [0m[INFO] [1789224637.766373906] [localization_error]: now[200] 6.290 m / 35.71 deg  |  session[n=61288] mean 0.725 p95 6.439 max 7.002 m, heading mean 4.38 max 61.67 deg[0m
[pure_pursuit-11] [33m[WARN] [1789224638.097247424] [pure_pursuit]: heading jumped +21 deg in one tick: respawn. Speed estimate 0.00 -> 0, pose history cleared.[0m
[pure_pursuit-11] [33m[WARN] [1789224640.248632934] [pure_pursuit]: heading jumped +21 deg in one tick: respawn. Speed estimate 0.00 -> 0, pose history cleared.[0m
[log_localization-9] [0m[INFO] [1789224640.408926795] [log_localization]: 3070.0 s  12211.8 m  err 6.477 m (along +5.012 cross +4.104) yaw +35.31 deg  m->o yaw +35.15 deg | fit true 0.042 est 0.134 (x3.15)  enc/true 0.999  dr_err 50.79 m[0m
[localization_error-8] [0m[INFO] [1789224642.766983953] [localization_error]: now[200] 6.266 m / 35.53 deg  |  session[n=61388] mean 0.734 p95 6.441 max 7.002 m, heading mean 4.43 max 61.67 deg[0m
[pure_pursuit-11] [33m[WARN] [1789224644.608637681] [pure_pursuit]: heading jumped +20 deg in one tick: respawn. Speed estimate 0.00 -> 0, pose history cleared.[0m
[log_localization-9] [0m[INFO] [1789224645.408203861] [log_localization]: 3074.9 s  12215.6 m  err 6.256 m (along +3.889 cross +4.901) yaw +35.40 deg  m->o yaw +35.41 deg | fit true 0.040 est 0.144 (x3.63)  enc/true 0.999  dr_err 50.54 m[0m
[localization_error-8] [0m[INFO] [1789224647.766010803] [localization_error]: now[200] 6.233 m / 35.28 deg  |  session[n=61488] mean 0.743 p95 6.443 max 7.002 m, heading mean 4.48 max 61.67 deg[0m
[log_localization-9] [0m[INFO] [1789224650.408293268] [log_localization]: 3080.0 s  12219.5 m  err 6.102 m (along +3.278 cross +5.147) yaw +33.36 deg  m->o yaw +33.35 deg | fit true 0.036 est 0.205 (x5.66)  enc/true 0.998  dr_err 50.30 m[0m
[localization_error-8] [0m[INFO] [1789224652.766957914] [localization_error]: now[200] 6.212 m / 34.60 deg  |  session[n=61588] mean 0.752 p95 6.445 max 7.002 m, heading mean 4.52 max 61.67 deg[0m
[log_localization-9] [0m[INFO] [1789224655.408186111] [log_localization]: 3084.9 s  12223.4 m  err 6.027 m (along +2.757 cross +5.359) yaw +35.26 deg  m->o yaw +35.25 deg | fit true 0.034 est 0.303 (x9.01)  enc/true 0.998  dr_err 50.08 m[0m
[localization_error-8] [0m[INFO] [1789224657.767697308] [localization_error]: now[200] 6.197 m / 34.18 deg  |  session[n=61688] mean 0.761 p95 6.446 max 7.002 m, heading mean 4.57 max 61.67 deg[0m
[log_localization-9] [0m[INFO] [1789224660.408554550] [log_localization]: 3089.9 s  12228.2 m  err 6.389 m (along +4.616 cross +4.417) yaw +35.15 deg  m->o yaw +35.19 deg | fit true 0.042 est 0.130 (x3.11)  enc/true 0.998  dr_err 50.72 m[0m
[localization_error-8] [0m[INFO] [1789224662.766382095] [localization_error]: now[200] 6.200 m / 34.48 deg  |  session[n=61788] mean 0.770 p95 6.447 max 7.002 m, heading mean 4.62 max 61.67 deg[0m
[log_localization-9] [0m[INFO] [1789224665.408382606] [log_localization]: 3094.9 s  12232.0 m  err 6.214 m (along +3.736 cross +4.965) yaw +34.96 deg  m->o yaw +34.97 deg | fit true 0.039 est 0.146 (x3.74)  enc/true 0.997  dr_err 50.48 m[0m
[localization_error-8] [0m[INFO] [1789224667.766026392] [localization_error]: now[200] 6.211 m / 34.84 deg  |  session[n=61888] mean 0.779 p95 6.448 max 7.002 m, heading mean 4.67 max 61.67 deg[0m
[pure_pursuit-11] [33m[WARN] [1789224668.876840492] [pure_pursuit]: heading jumped +20 deg in one tick: respawn. Speed estimate 0.00 -> 0, pose history cleared.[0m
[log_localization-9] [0m[INFO] [1789224670.408639014] [log_localization]: 3099.9 s  12235.9 m  err 6.109 m (along +3.017 cross +5.312) yaw +37.26 deg  m->o yaw +37.27 deg | fit true 0.036 est 0.229 (x6.33)  enc/true 0.997  dr_err 50.24 m[0m
[pure_pursuit-11] [33m[WARN] [1789224671.026804793] [pure_pursuit]: heading jumped +21 deg in one tick: respawn. Speed estimate 0.00 -> 0, pose history cleared.[0m
[localization_error-8] [0m[INFO] [1789224672.766682379] [localization_error]: now[200] 6.205 m / 35.90 deg  |  session[n=61988] mean 0.787 p95 6.449 max 7.002 m, heading mean 4.72 max 61.67 deg[0m
[pure_pursuit-11] [33m[WARN] [1789224673.178541473] [pure_pursuit]: heading jumped +21 deg in one tick: respawn. Speed estimate 0.00 -> 0, pose history cleared.[0m
[pure_pursuit-11] [33m[WARN] [1789224675.358190157] [pure_pursuit]: heading jumped +21 deg in one tick: respawn. Speed estimate 0.00 -> 0, pose history cleared.[0m
[log_localization-9] [0m[INFO] [1789224675.408388718] [log_localization]: 3105.0 s  12240.6 m  err 6.495 m (along +5.093 cross +4.031) yaw +35.77 deg  m->o yaw +35.75 deg | fit true 0.043 est 0.131 (x3.04)  enc/true 0.997  dr_err 50.83 m[0m
[pure_pursuit-11] [33m[WARN] [1789224677.538370391] [pure_pursuit]: heading jumped +21 deg in one tick: respawn. Speed estimate 0.00 -> 0, pose history cleared.[0m
[localization_error-8] [0m[INFO] [1789224677.766825490] [localization_error]: now[200] 6.207 m / 36.28 deg  |  session[n=62088] mean 0.796 p95 6.450 max 7.002 m, heading mean 4.77 max 61.67 deg[0m
[pure_pursuit-11] [33m[WARN] [1789224679.696960228] [pure_pursuit]: heading jumped +21 deg in one tick: respawn. Speed estimate 0.00 -> 0, pose history cleared.[0m
[log_localization-9] [0m[INFO] [1789224680.408242854] [log_localization]: 3109.9 s  12244.5 m  err 6.316 m (along +3.948 cross +4.930) yaw +36.28 deg  m->o yaw +36.29 deg | fit true 0.040 est 0.141 (x3.49)  enc/true 0.996  dr_err 50.57 m[0m
[pure_pursuit-11] [33m[WARN] [1789224681.832183673] [pure_pursuit]: heading jumped +21 deg in one tick: respawn. Speed estimate 0.00 -> 0, pose history cleared.[0m
[localization_error-8] [0m[INFO] [1789224682.765890868] [localization_error]: now[200] 6.235 m / 35.96 deg  |  session[n=62188] mean 0.805 p95 6.451 max 7.002 m, heading mean 4.82 max 61.67 deg[0m
[pure_pursuit-11] [33m[WARN] [1789224683.980053534] [pure_pursuit]: heading jumped +21 deg in one tick: respawn. Speed estimate 0.00 -> 0, pose history cleared.[0m
[log_localization-9] [0m[INFO] [1789224685.408222911] [log_localization]: 3114.9 s  12248.3 m  err 6.119 m (along +3.079 cross +5.288) yaw +36.67 deg  m->o yaw +36.64 deg | fit true 0.037 est 0.218 (x5.91)  enc/true 0.996  dr_err 50.29 m[0m
[pure_pursuit-11] [33m[WARN] [1789224686.135013456] [pure_pursuit]: heading jumped +21 deg in one tick: respawn. Speed estimate 0.00 -> 0, pose history cleared.[0m
[localization_error-8] [0m[INFO] [1789224687.766399699] [localization_error]: now[200] 6.228 m / 36.33 deg  |  session[n=62288] mean 0.814 p95 6.452 max 7.002 m, heading mean 4.87 max 61.67 deg[0m
[pure_pursuit-11] [33m[WARN] [1789224688.298243281] [pure_pursuit]: heading jumped +21 deg in one tick: respawn. Speed estimate 0.00 -> 0, pose history cleared.[0m
[log_localization-9] [0m[INFO] [1789224690.408556088] [log_localization]: 3120.0 s  12252.2 m  err 5.943 m (along +2.602 cross +5.343) yaw +35.83 deg  m->o yaw +35.83 deg | fit true 0.026 est 0.341 (x12.91)  enc/true 0.996  dr_err 50.01 m[0m
[localization_error-8] [0m[INFO] [1789224692.766101545] [localization_error]: now[200] 6.175 m / 36.41 deg  |  session[n=62388] mean 0.822 p95 6.452 max 7.002 m, heading mean 4.92 max 61.67 deg[0m
[log_localization-9] [0m[INFO] [1789224695.408899081] [log_localization]: 3125.0 s  12256.9 m  err 6.297 m (along +4.216 cross +4.678) yaw +36.60 deg  m->o yaw +36.62 deg | fit true 0.041 est 0.133 (x3.26)  enc/true 0.995  dr_err 50.64 m[0m
[pure_pursuit-11] [33m[WARN] [1789224697.022938321] [pure_pursuit]: heading jumped +21 deg in one tick: respawn. Speed estimate 0.00 -> 0, pose history cleared.[0m
[localization_error-8] [0m[INFO] [1789224697.766734575] [localization_error]: now[200] 6.176 m / 36.19 deg  |  session[n=62488] mean 0.831 p95 6.453 max 7.002 m, heading mean 4.97 max 61.67 deg[0m
[log_localization-9] [0m[INFO] [1789224700.408255801] [log_localization]: 3129.9 s  12260.7 m  err 6.129 m (along +3.337 cross +5.141) yaw +35.83 deg  m->o yaw +35.83 deg | fit true 0.038 est 0.181 (x4.75)  enc/true 0.995  dr_err 50.38 m[0m
[localization_error-8] [0m[INFO] [1789224702.766282062] [localization_error]: now[200] 6.187 m / 36.00 deg  |  session[n=62588] mean 0.839 p95 6.454 max 7.002 m, heading mean 5.02 max 61.67 deg[0m
[pure_pursuit-11] [33m[WARN] [1789224703.561594855] [pure_pursuit]: heading jumped +20 deg in one tick: respawn. Speed estimate 0.00 -> 0, pose history cleared.[0m
[log_localization-9] [0m[INFO] [1789224705.408213470] [log_localization]: 3134.9 s  12264.6 m  err 6.012 m (along +2.735 cross +5.354) yaw +36.74 deg  m->o yaw +36.64 deg | fit true 0.028 est 0.288 (x10.13)  enc/true 0.995  dr_err 50.12 m[0m
[pure_pursuit-11] [33m[WARN] [1789224705.735754550] [pure_pursuit]: heading jumped +20 deg in one tick: respawn. Speed estimate 0.00 -> 0, pose history cleared.[0m
[localization_error-8] [0m[INFO] [1789224707.766648469] [localization_error]: now[200] 6.168 m / 35.62 deg  |  session[n=62688] mean 0.848 p95 6.455 max 7.002 m, heading mean 5.07 max 61.67 deg[0m
[log_localization-9] [0m[INFO] [1789224710.408709324] [log_localization]: 3139.9 s  12269.3 m  err 6.428 m (along +4.764 cross +4.316) yaw +35.98 deg  m->o yaw +36.00 deg | fit true 0.042 est 0.133 (x3.16)  enc/true 0.994  dr_err 50.75 m[0m
[localization_error-8] [0m[INFO] [1789224712.766393551] [localization_error]: now[200] 6.184 m / 35.37 deg  |  session[n=62788] mean 0.856 p95 6.456 max 7.002 m, heading mean 5.12 max 61.67 deg[0m
[log_localization-9] [0m[INFO] [1789224715.408357250] [log_localization]: 3145.0 s  12273.1 m  err 6.202 m (along +3.800 cross +4.901) yaw +35.35 deg  m->o yaw +35.32 deg | fit true 0.040 est 0.140 (x3.54)  enc/true 0.994  dr_err 50.52 m[0m
[localization_error-8] [0m[INFO] [1789224717.766336063] [localization_error]: now[200] 6.191 m / 35.34 deg  |  session[n=62888] mean 0.865 p95 6.456 max 7.002 m, heading mean 5.17 max 61.67 deg[0m
[log_localization-9] [0m[INFO] [1789224720.408219252] [log_localization]: 3149.9 s  12277.0 m  err 6.077 m (along +3.206 cross +5.163) yaw +34.92 deg  m->o yaw +34.93 deg | fit true 0.036 est 0.206 (x5.69)  enc/true 0.994  dr_err 50.30 m[0m
[localization_error-8] [0m[INFO] [1789224722.766960506] [localization_error]: now[200] 6.173 m / 35.27 deg  |  session[n=62988] mean 0.873 p95 6.457 max 7.002 m, heading mean 5.22 max 61.67 deg[0m
[log_localization-9] [0m[INFO] [1789224725.408229766] [log_localization]: 3154.9 s  12280.9 m  err 5.981 m (along +2.721 cross +5.326) yaw +35.02 deg  m->o yaw +35.01 deg | fit true 0.033 est 0.316 (x9.44)  enc/true 0.993  dr_err 50.06 m[0m
[localization_error-8] [0m[INFO] [1789224727.765894799] [localization_error]: now[200] 6.167 m / 35.14 deg  |  session[n=63088] mean 0.882 p95 6.457 max 7.002 m, heading mean 5.26 max 61.67 deg[0m
[log_localization-9] [0m[INFO] [1789224730.408268389] [log_localization]: 3159.9 s  12285.6 m  err 6.386 m (along +4.550 cross +4.481) yaw +35.14 deg  m->o yaw +35.14 deg | fit true 0.042 est 0.131 (x3.11)  enc/true 0.993  dr_err 50.70 m[0m
[localization_error-8] [0m[INFO] [1789224732.766527673] [localization_error]: now[200] 6.189 m / 34.95 deg  |  session[n=63188] mean 0.890 p95 6.458 max 7.002 m, heading mean 5.31 max 61.67 deg[0m
[log_localization-9] [0m[INFO] [1789224735.408673479] [log_localization]: 3165.0 s  12289.5 m  err 6.173 m (along +3.624 cross +4.997) yaw +35.98 deg  m->o yaw +35.98 deg | fit true 0.040 est 0.157 (x3.96)  enc/true 0.993  dr_err 50.47 m[0m
[pure_pursuit-11] [33m[WARN] [1789224736.631790810] [pure_pursuit]: heading jumped +20 deg in one tick: respawn. Speed estimate 0.00 -> 0, pose history cleared.[0m
[localization_error-8] [0m[INFO] [1789224737.766175570] [localization_error]: now[200] 6.192 m / 35.22 deg  |  session[n=63288] mean 0.898 p95 6.458 max 7.002 m, heading mean 5.36 max 61.67 deg[0m
[log_localization-9] [0m[INFO] [1789224740.408216969] [log_localization]: 3169.9 s  12293.4 m  err 6.064 m (along +3.054 cross +5.239) yaw +35.41 deg  m->o yaw +35.41 deg | fit true 0.035 est 0.236 (x6.72)  enc/true 0.992  dr_err 50.23 m[0m
[localization_error-8] [0m[INFO] [1789224742.765956388] [localization_error]: now[200] 6.170 m / 35.54 deg  |  session[n=63388] mean 0.907 p95 6.458 max 7.002 m, heading mean 5.41 max 61.67 deg[0m
[pure_pursuit-11] [33m[WARN] [1789224745.384509115] [pure_pursuit]: heading jumped +20 deg in one tick: respawn. Speed estimate 0.00 -> 0, pose history cleared.[0m
[log_localization-9] [0m[INFO] [1789224745.408693184] [log_localization]: 3175.0 s  12298.1 m  err 6.535 m (along +5.142 cross +4.033) yaw +36.08 deg  m->o yaw +36.07 deg | fit true 0.043 est 0.139 (x3.20)  enc/true 0.992  dr_err 50.83 m[0m
[pure_pursuit-11] [33m[WARN] [1789224747.557842638] [pure_pursuit]: heading jumped +20 deg in one tick: respawn. Speed estimate 0.00 -> 0, pose history cleared.[0m
[localization_error-8] [0m[INFO] [1789224747.765992639] [localization_error]: now[200] 6.199 m / 35.62 deg  |  session[n=63488] mean 0.915 p95 6.460 max 7.002 m, heading mean 5.45 max 61.67 deg[0m
[pure_pursuit-11] [33m[WARN] [1789224749.736161922] [pure_pursuit]: heading jumped +20 deg in one tick: respawn. Speed estimate 0.00 -> 0, pose history cleared.[0m
[log_localization-9] [0m[INFO] [1789224750.408201563] [log_localization]: 3179.9 s  12302.0 m  err 6.331 m (along +4.023 cross +4.889) yaw +36.46 deg  m->o yaw +36.47 deg | fit true 0.041 est 0.139 (x3.37)  enc/true 0.992  dr_err 50.59 m[0m
[pure_pursuit-11] [33m[WARN] [1789224751.894717942] [pure_pursuit]: heading jumped +21 deg in one tick: respawn. Speed estimate 0.00 -> 0, pose history cleared.[0m
[localization_error-8] [0m[INFO] [1789224752.767077637] [localization_error]: now[200] 6.244 m / 35.80 deg  |  session[n=63588] mean 0.923 p95 6.460 max 7.002 m, heading mean 5.50 max 61.67 deg[0m
[pure_pursuit-11] [33m[WARN] [1789224754.004805003] [pure_pursuit]: heading jumped +22 deg in one tick: respawn. Speed estimate 0.00 -> 0, pose history cleared.[0m
[log_localization-9] [0m[INFO] [1789224755.408465388] [log_localization]: 3185.0 s  12305.8 m  err 6.240 m (along +3.006 cross +5.468) yaw +37.54 deg  m->o yaw +37.53 deg | fit true 0.038 est 0.211 (x5.62)  enc/true 0.991  dr_err 50.31 m[0m
[pure_pursuit-11] [33m[WARN] [1789224756.095402622] [pure_pursuit]: heading jumped +23 deg in one tick: respawn. Speed estimate 0.00 -> 0, pose history cleared.[0m
[localization_error-8] [0m[INFO] [1789224757.766937578] [localization_error]: now[200] 6.277 m / 36.49 deg  |  session[n=63688] mean 0.932 p95 6.461 max 7.002 m, heading mean 5.55 max 61.67 deg[0m
[pure_pursuit-11] [33m[WARN] [1789224758.205034753] [pure_pursuit]: heading jumped +22 deg in one tick: respawn. Speed estimate 0.00 -> 0, pose history cleared.[0m
[pure_pursuit-11] [33m[WARN] [1789224760.355927630] [pure_pursuit]: heading jumped +21 deg in one tick: respawn. Speed estimate 0.00 -> 0, pose history cleared.[0m
[log_localization-9] [0m[INFO] [1789224760.408765635] [log_localization]: 3190.0 s  12310.4 m  err 6.534 m (along +5.120 cross +4.060) yaw +36.34 deg  m->o yaw +36.28 deg | fit true 0.043 est 0.136 (x3.14)  enc/true 0.991  dr_err 50.82 m[0m
[pure_pursuit-11] [33m[WARN] [1789224762.490629800] [pure_pursuit]: heading jumped +21 deg in one tick: respawn. Speed estimate 0.00 -> 0, pose history cleared.[0m
[localization_error-8] [0m[INFO] [1789224762.766865028] [localization_error]: now[200] 6.287 m / 36.55 deg  |  session[n=63788] mean 0.940 p95 6.463 max 7.002 m, heading mean 5.60 max 61.67 deg[0m
[pure_pursuit-11] [33m[WARN] [1789224764.646815063] [pure_pursuit]: heading jumped +22 deg in one tick: respawn. Speed estimate 0.00 -> 0, pose history cleared.[0m
[log_localization-9] [0m[INFO] [1789224765.408188752] [log_localization]: 3194.9 s  12314.2 m  err 6.282 m (along +3.884 cross +4.938) yaw +35.93 deg  m->o yaw +35.96 deg | fit true 0.041 est 0.144 (x3.51)  enc/true 0.991  dr_err 50.55 m[0m
[pure_pursuit-11] [33m[WARN] [1789224766.805141512] [pure_pursuit]: heading jumped +21 deg in one tick: respawn. Speed estimate 0.00 -> 0, pose history cleared.[0m
[localization_error-8] [0m[INFO] [1789224767.767252636] [localization_error]: now[200] 6.270 m / 35.78 deg  |  session[n=63888] mean 0.949 p95 6.464 max 7.002 m, heading mean 5.65 max 61.67 deg[0m
[pure_pursuit-11] [33m[WARN] [1789224768.977706147] [pure_pursuit]: heading jumped +21 deg in one tick: respawn. Speed estimate 0.00 -> 0, pose history cleared.[0m
[log_localization-9] [0m[INFO] [1789224770.408276865] [log_localization]: 3199.9 s  12318.1 m  err 6.130 m (along +3.121 cross +5.276) yaw +34.89 deg  m->o yaw +34.89 deg | fit true 0.036 est 0.220 (x6.11)  enc/true 0.990  dr_err 50.28 m[0m
[pure_pursuit-11] [33m[WARN] [1789224771.136413803] [pure_pursuit]: heading jumped +20 deg in one tick: respawn. Speed estimate 0.00 -> 0, pose history cleared.[0m
[localization_error-8] [0m[INFO] [1789224772.766040090] [localization_error]: now[200] 6.244 m / 35.28 deg  |  session[n=63988] mean 0.957 p95 6.465 max 7.002 m, heading mean 5.69 max 61.67 deg[0m
[log_localization-9] [0m[INFO] [1789224775.408472878] [log_localization]: 3205.0 s  12321.9 m  err 6.080 m (along +2.498 cross +5.543) yaw +36.27 deg  m->o yaw +36.27 deg | fit true 0.034 est 0.346 (x10.21)  enc/true 0.990  dr_err 50.02 m[0m
[pure_pursuit-11] [33m[WARN] [1789224775.476416291] [pure_pursuit]: heading jumped +21 deg in one tick: respawn. Speed estimate 0.00 -> 0, pose history cleared.[0m
[pure_pursuit-11] [33m[WARN] [1789224777.626255034] [pure_pursuit]: heading jumped +21 deg in one tick: respawn. Speed estimate 0.00 -> 0, pose history cleared.[0m
[localization_error-8] [0m[INFO] [1789224777.765904211] [localization_error]: now[200] 6.241 m / 35.02 deg  |  session[n=64088] mean 0.965 p95 6.466 max 7.002 m, heading mean 5.74 max 61.67 deg[0m
[pure_pursuit-11] [33m[WARN] [1789224779.778957423] [pure_pursuit]: heading jumped +21 deg in one tick: respawn. Speed estimate 0.00 -> 0, pose history cleared.[0m
[log_localization-9] [0m[INFO] [1789224780.408719558] [log_localization]: 3210.0 s  12326.6 m  err 6.385 m (along +4.126 cross +4.873) yaw +35.19 deg  m->o yaw +35.19 deg | fit true 0.041 est 0.137 (x3.31)  enc/true 0.990  dr_err 50.61 m[0m
[pure_pursuit-11] [33m[WARN] [1789224781.917443346] [pure_pursuit]: heading jumped +21 deg in one tick: respawn. Speed estimate 0.00 -> 0, pose history cleared.[0m
[localization_error-8] [0m[INFO] [1789224782.766855891] [localization_error]: now[200] 6.284 m / 34.97 deg  |  session[n=64188] mean 0.973 p95 6.468 max 7.002 m, heading mean 5.78 max 61.67 deg[0m
[pure_pursuit-11] [33m[WARN] [1789224784.090476976] [pure_pursuit]: heading jumped +21 deg in one tick: respawn. Speed estimate 0.00 -> 0, pose history cleared.[0m
[log_localization-9] [0m[INFO] [1789224785.408299693] [log_localization]: 3214.9 s  12330.5 m  err 6.204 m (along +3.169 cross +5.333) yaw +35.32 deg  m->o yaw +35.32 deg | fit true 0.037 est 0.209 (x5.60)  enc/true 0.989  dr_err 50.34 m[0m
[pure_pursuit-11] [33m[WARN] [1789224786.228252361] [pure_pursuit]: heading jumped +22 deg in one tick: respawn. Speed estimate 0.00 -> 0, pose history cleared.[0m
[localization_error-8] [0m[INFO] [1789224787.766875216] [localization_error]: now[200] 6.293 m / 34.74 deg  |  session[n=64288] mean 0.982 p95 6.470 max 7.002 m, heading mean 5.83 max 61.67 deg[0m
[pure_pursuit-11] [33m[WARN] [1789224788.357802961] [pure_pursuit]: heading jumped +22 deg in one tick: respawn. Speed estimate 0.00 -> 0, pose history cleared.[0m
[log_localization-9] [0m[INFO] [1789224790.408306406] [log_localization]: 3219.9 s  12334.3 m  err 6.056 m (along +2.412 cross +5.554) yaw +35.94 deg  m->o yaw +35.95 deg | fit true 0.034 est 0.362 (x10.61)  enc/true 0.989  dr_err 50.03 m[0m
[pure_pursuit-11] [33m[WARN] [1789224790.476538532] [pure_pursuit]: heading jumped +22 deg in one tick: respawn. Speed estimate 0.00 -> 0, pose history cleared.[0m
[pure_pursuit-11] [33m[WARN] [1789224792.605770350] [pure_pursuit]: heading jumped +22 deg in one tick: respawn. Speed estimate 0.00 -> 0, pose history cleared.[0m
[localization_error-8] [0m[INFO] [1789224792.766814856] [localization_error]: now[200] 6.267 m / 35.07 deg  |  session[n=64388] mean 0.990 p95 6.471 max 7.002 m, heading mean 5.87 max 61.67 deg[0m
[pure_pursuit-11] [33m[WARN] [1789224794.738683087] [pure_pursuit]: heading jumped +21 deg in one tick: respawn. Speed estimate 0.00 -> 0, pose history cleared.[0m
[log_localization-9] [0m[INFO] [1789224795.408254740] [log_localization]: 3225.0 s  12338.9 m  err 6.343 m (along +4.042 cross +4.888) yaw +34.80 deg  m->o yaw +34.81 deg | fit true 0.041 est 0.138 (x3.36)  enc/true 0.989  dr_err 50.59 m[0m
[pure_pursuit-11] [0m[INFO] [1789224796.702761892] [pure_pursuit]: control_hz 45.7 -> 38.2 (tick 38.2 Hz)[0m
[pure_pursuit-11] [33m[WARN] [1789224796.891897000] [pure_pursuit]: heading jumped +21 deg in one tick: respawn. Speed estimate 0.00 -> 0, pose history cleared.[0m
[pure_pursuit-11] [0m[INFO] [1789224797.702708276] [pure_pursuit]: control_hz 38.2 -> 46.9 (tick 46.9 Hz)[0m
[localization_error-8] [0m[INFO] [1789224797.766585621] [localization_error]: now[200] 6.269 m / 35.00 deg  |  session[n=64488] mean 0.998 p95 6.472 max 7.002 m, heading mean 5.92 max 61.67 deg[0m
[pure_pursuit-11] [33m[WARN] [1789224799.049936506] [pure_pursuit]: heading jumped +21 deg in one tick: respawn. Speed estimate 0.00 -> 0, pose history cleared.[0m
[log_localization-9] [0m[INFO] [1789224800.408250012] [log_localization]: 3230.0 s  12342.8 m  err 6.169 m (along +3.185 cross +5.283) yaw +34.59 deg  m->o yaw +34.59 deg | fit true 0.037 est 0.211 (x5.65)  enc/true 0.988  dr_err 50.32 m[0m
[pure_pursuit-11] [33m[WARN] [1789224801.228422744] [pure_pursuit]: heading jumped +20 deg in one tick: respawn. Speed estimate 0.00 -> 0, pose history cleared.[0m
[localization_error-8] [0m[INFO] [1789224802.766368377] [localization_error]: now[200] 6.266 m / 34.45 deg  |  session[n=64588] mean 1.006 p95 6.473 max 7.002 m, heading mean 5.96 max 61.67 deg[0m
[pure_pursuit-11] [33m[WARN] [1789224803.379849242] [pure_pursuit]: heading jumped +21 deg in one tick: respawn. Speed estimate 0.00 -> 0, pose history cleared.[0m
[log_localization-9] [0m[INFO] [1789224805.408527248] [log_localization]: 3235.0 s  12346.6 m  err 6.029 m (along +2.586 cross +5.446) yaw +35.12 deg  m->o yaw +35.12 deg | fit true 0.033 est 0.336 (x10.05)  enc/true 0.988  dr_err 50.04 m[0m
[pure_pursuit-11] [33m[WARN] [1789224805.538770019] [pure_pursuit]: heading jumped +21 deg in one tick: respawn. Speed estimate 0.00 -> 0, pose history cleared.[0m
[pure_pursuit-11] [33m[WARN] [1789224807.718442957] [pure_pursuit]: heading jumped +20 deg in one tick: respawn. Speed estimate 0.00 -> 0, pose history cleared.[0m
[localization_error-8] [0m[INFO] [1789224807.765887511] [localization_error]: now[200] 6.236 m / 34.49 deg  |  session[n=64688] mean 1.014 p95 6.474 max 7.002 m, heading mean 6.01 max 61.67 deg[0m
[pure_pursuit-11] [33m[WARN] [1789224809.891092439] [pure_pursuit]: heading jumped +20 deg in one tick: respawn. Speed estimate 0.00 -> 0, pose history cleared.[0m
[log_localization-9] [0m[INFO] [1789224810.408219016] [log_localization]: 3239.9 s  12351.3 m  err 6.360 m (along +4.296 cross +4.690) yaw +35.39 deg  m->o yaw +35.40 deg | fit true 0.041 est 0.133 (x3.21)  enc/true 0.988  dr_err 50.65 m[0m
[pure_pursuit-11] [33m[WARN] [1789224812.049439890] [pure_pursuit]: heading jumped +21 deg in one tick: respawn. Speed estimate 0.00 -> 0, pose history cleared.[0m
[localization_error-8] [0m[INFO] [1789224812.766657145] [localization_error]: now[200] 6.240 m / 34.79 deg  |  session[n=64788] mean 1.022 p95 6.475 max 7.002 m, heading mean 6.05 max 61.67 deg[0m
[pure_pursuit-11] [33m[WARN] [1789224814.201413391] [pure_pursuit]: heading jumped +21 deg in one tick: respawn. Speed estimate 0.00 -> 0, pose history cleared.[0m
[log_localization-9] [0m[INFO] [1789224815.408733336] [log_localization]: 3245.0 s  12355.1 m  err 6.201 m (along +3.307 cross +5.246) yaw +35.71 deg  m->o yaw +35.71 deg | fit true 0.038 est 0.186 (x4.87)  enc/true 0.987  dr_err 50.38 m[0m
[pure_pursuit-11] [33m[WARN] [1789224816.359736395] [pure_pursuit]: heading jumped +21 deg in one tick: respawn. Speed estimate 0.00 -> 0, pose history cleared.[0m
[localization_error-8] [0m[INFO] [1789224817.766059371] [localization_error]: now[200] 6.254 m / 35.34 deg  |  session[n=64888] mean 1.030 p95 6.475 max 7.002 m, heading mean 6.10 max 61.67 deg[0m
[pure_pursuit-11] [33m[WARN] [1789224818.519815142] [pure_pursuit]: heading jumped +21 deg in one tick: respawn. Speed estimate 0.00 -> 0, pose history cleared.[0m
[log_localization-9] [0m[INFO] [1789224820.408873764] [log_localization]: 3250.0 s  12359.0 m  err 6.064 m (along +2.611 cross +5.473) yaw +36.52 deg  m->o yaw +36.52 deg | fit true 0.029 est 0.306 (x10.67)  enc/true 0.987  dr_err 50.10 m[0m
[pure_pursuit-11] [33m[WARN] [1789224820.667592978] [pure_pursuit]: heading jumped +22 deg in one tick: respawn. Speed estimate 0.00 -> 0, pose history cleared.[0m
[localization_error-8] [0m[INFO] [1789224822.765878368] [localization_error]: now[200] 6.229 m / 35.86 deg  |  session[n=64988] mean 1.038 p95 6.476 max 7.002 m, heading mean 6.14 max 61.67 deg[0m
[pure_pursuit-11] [33m[WARN] [1789224822.810367402] [pure_pursuit]: heading jumped +21 deg in one tick: respawn. Speed estimate 0.00 -> 0, pose history cleared.[0m
[pure_pursuit-11] [33m[WARN] [1789224824.937437242] [pure_pursuit]: heading jumped +22 deg in one tick: respawn. Speed estimate 0.00 -> 0, pose history cleared.[0m
[log_localization-9] [0m[INFO] [1789224825.408690829] [log_localization]: 3254.9 s  12363.6 m  err 6.367 m (along +4.311 cross +4.685) yaw +36.55 deg  m->o yaw +36.55 deg | fit true 0.042 est 0.135 (x3.23)  enc/true 0.987  dr_err 50.66 m[0m
[pure_pursuit-11] [33m[WARN] [1789224827.092333687] [pure_pursuit]: heading jumped +21 deg in one tick: respawn. Speed estimate 0.00 -> 0, pose history cleared.[0m
[localization_error-8] [0m[INFO] [1789224827.765967674] [localization_error]: now[200] 6.237 m / 35.97 deg  |  session[n=65088] mean 1.046 p95 6.476 max 7.002 m, heading mean 6.19 max 61.67 deg[0m
[pure_pursuit-11] [33m[WARN] [1789224829.250108710] [pure_pursuit]: heading jumped +20 deg in one tick: respawn. Speed estimate 0.00 -> 0, pose history cleared.[0m
[log_localization-9] [0m[INFO] [1789224830.408199604] [log_localization]: 3259.9 s  12367.5 m  err 6.162 m (along +3.451 cross +5.105) yaw +35.63 deg  m->o yaw +35.64 deg | fit true 0.038 est 0.175 (x4.56)  enc/true 0.986  dr_err 50.40 m[0m
[localization_error-8] [0m[INFO] [1789224832.767178623] [localization_error]: now[200] 6.235 m / 35.73 deg  |  session[n=65188] mean 1.054 p95 6.476 max 7.002 m, heading mean 6.23 max 61.67 deg[0m
[log_localization-9] [0m[INFO] [1789224835.409038503] [log_localization]: 3265.0 s  12371.3 m  err 6.048 m (along +2.796 cross +5.363) yaw +36.83 deg  m->o yaw +36.83 deg | fit true 0.029 est 0.271 (x9.29)  enc/true 0.986  dr_err 50.15 m[0m
[pure_pursuit-11] [33m[WARN] [1789224835.804023158] [pure_pursuit]: heading jumped +21 deg in one tick: respawn. Speed estimate 0.00 -> 0, pose history cleared.[0m
[localization_error-8] [0m[INFO] [1789224837.765941057] [localization_error]: now[200] 6.193 m / 35.73 deg  |  session[n=65288] mean 1.062 p95 6.476 max 7.002 m, heading mean 6.28 max 61.67 deg[0m
[pure_pursuit-11] [33m[WARN] [1789224837.977018879] [pure_pursuit]: heading jumped +20 deg in one tick: respawn. Speed estimate 0.00 -> 0, pose history cleared.[0m
[pure_pursuit-11] [33m[WARN] [1789224840.155882578] [pure_pursuit]: heading jumped +20 deg in one tick: respawn. Speed estimate 0.00 -> 0, pose history cleared.[0m
[log_localization-9] [0m[INFO] [1789224840.408973703] [log_localization]: 3270.0 s  12376.0 m  err 6.402 m (along +4.745 cross +4.299) yaw +36.63 deg  m->o yaw +36.67 deg | fit true 0.042 est 0.130 (x3.10)  enc/true 0.986  dr_err 50.75 m[0m
[pure_pursuit-11] [33m[WARN] [1789224842.343184494] [pure_pursuit]: heading jumped +20 deg in one tick: respawn. Speed estimate 0.00 -> 0, pose history cleared.[0m
[localization_error-8] [0m[INFO] [1789224842.765912175] [localization_error]: now[200] 6.195 m / 35.93 deg  |  session[n=65388] mean 1.070 p95 6.477 max 7.002 m, heading mean 6.32 max 61.67 deg[0m
[log_localization-9] [0m[INFO] [1789224845.408221919] [log_localization]: 3274.9 s  12379.9 m  err 6.233 m (along +3.821 cross +4.925) yaw +34.99 deg  m->o yaw +34.99 deg | fit true 0.040 est 0.143 (x3.58)  enc/true 0.985  dr_err 50.51 m[0m
[localization_error-8] [0m[INFO] [1789224847.765975509] [localization_error]: now[200] 6.212 m / 35.44 deg  |  session[n=65488] mean 1.078 p95 6.477 max 7.002 m, heading mean 6.37 max 61.67 deg[0m
[pure_pursuit-11] [33m[WARN] [1789224848.915697188] [pure_pursuit]: heading jumped +20 deg in one tick: respawn. Speed estimate 0.00 -> 0, pose history cleared.[0m
[log_localization-9] [0m[INFO] [1789224850.409381228] [log_localization]: 3280.0 s  12383.7 m  err 6.159 m (along +3.053 cross +5.349) yaw +35.72 deg  m->o yaw +35.72 deg | fit true 0.036 est 0.218 (x5.99)  enc/true 0.985  dr_err 50.27 m[0m
[pure_pursuit-11] [33m[WARN] [1789224851.073729367] [pure_pursuit]: heading jumped +21 deg in one tick: respawn. Speed estimate 0.00 -> 0, pose history cleared.[0m
[localization_error-8] [0m[INFO] [1789224852.766393962] [localization_error]: now[200] 6.227 m / 35.29 deg  |  session[n=65588] mean 1.086 p95 6.478 max 7.002 m, heading mean 6.41 max 61.67 deg[0m
[pure_pursuit-11] [33m[WARN] [1789224853.226150865] [pure_pursuit]: heading jumped +21 deg in one tick: respawn. Speed estimate 0.00 -> 0, pose history cleared.[0m
[log_localization-9] [0m[INFO] [1789224855.408299087] [log_localization]: 3284.9 s  12388.5 m  err 6.483 m (along +5.094 cross +4.009) yaw +16.45 deg  m->o yaw +36.49 deg | fit true 0.491 est 0.361 (x0.74)  enc/true 0.985  dr_err 50.83 m[0m
[pure_pursuit-11] [33m[WARN] [1789224855.408424160] [pure_pursuit]: heading jumped +20 deg in one tick: respawn. Speed estimate 0.00 -> 0, pose history cleared.[0m
[pure_pursuit-11] [33m[WARN] [1789224857.606414712] [pure_pursuit]: heading jumped +20 deg in one tick: respawn. Speed estimate 0.00 -> 0, pose history cleared.[0m
[localization_error-8] [0m[INFO] [1789224857.765936911] [localization_error]: now[200] 6.218 m / 35.97 deg  |  session[n=65688] mean 1.094 p95 6.478 max 7.002 m, heading mean 6.46 max 61.67 deg[0m
[log_localization-9] [0m[INFO] [1789224860.408305705] [log_localization]: 3290.0 s  12392.3 m  err 6.255 m (along +4.104 cross +4.721) yaw +35.15 deg  m->o yaw +35.18 deg | fit true 0.041 est 0.131 (x3.17)  enc/true 0.984  dr_err 50.61 m[0m
[localization_error-8] [0m[INFO] [1789224862.766201475] [localization_error]: now[200] 6.191 m / 35.98 deg  |  session[n=65788] mean 1.101 p95 6.478 max 7.002 m, heading mean 6.50 max 61.67 deg[0m
[log_localization-9] [0m[INFO] [1789224865.408304591] [log_localization]: 3295.0 s  12396.1 m  err 6.080 m (along +3.480 cross +4.986) yaw +34.34 deg  m->o yaw +34.35 deg | fit true 0.038 est 0.176 (x4.67)  enc/true 0.984  dr_err 50.39 m[0m
[localization_error-8] [0m[INFO] [1789224867.766319153] [localization_error]: now[200] 6.158 m / 35.07 deg  |  session[n=65888] mean 1.109 p95 6.478 max 7.002 m, heading mean 6.55 max 61.67 deg[0m
[log_localization-9] [0m[INFO] [1789224870.408810583] [log_localization]: 3300.0 s  12400.1 m  err 5.968 m (along +2.977 cross +5.173) yaw +34.84 deg  m->o yaw +34.83 deg | fit true 0.035 est 0.263 (x7.49)  enc/true 0.984  dr_err 50.18 m[0m
[localization_error-8] [0m[INFO] [1789224872.766844556] [localization_error]: now[200] 6.122 m / 34.62 deg  |  session[n=65988] mean 1.117 p95 6.478 max 7.002 m, heading mean 6.59 max 61.67 deg[0m
[log_localization-9] [0m[INFO] [1789224875.408177532] [log_localization]: 3304.9 s  12404.9 m  err 6.448 m (along +5.049 cross +4.011) yaw +36.02 deg  m->o yaw +36.02 deg | fit true 0.043 est 0.129 (x2.99)  enc/true 0.983  dr_err 50.82 m[0m
[localization_error-8] [0m[INFO] [1789224877.766461576] [localization_error]: now[200] 6.144 m / 34.93 deg  |  session[n=66088] mean 1.124 p95 6.478 max 7.002 m, heading mean 6.63 max 61.67 deg[0m
[log_localization-9] [0m[INFO] [1789224880.408240004] [log_localization]: 3309.9 s  12408.7 m  err 6.254 m (along +4.074 cross +4.745) yaw +35.98 deg  m->o yaw +36.00 deg | fit true 0.041 est 0.133 (x3.21)  enc/true 0.983  dr_err 50.60 m[0m
[localization_error-8] [0m[INFO] [1789224882.765983892] [localization_error]: now[200] 6.173 m / 35.36 deg  |  session[n=66188] mean 1.132 p95 6.478 max 7.002 m, heading mean 6.67 max 61.67 deg[0m
[pure_pursuit-11] [33m[WARN] [1789224884.115470090] [pure_pursuit]: heading jumped +20 deg in one tick: respawn. Speed estimate 0.00 -> 0, pose history cleared.[0m
[log_localization-9] [0m[INFO] [1789224885.408362103] [log_localization]: 3315.0 s  12412.6 m  err 6.095 m (along +3.220 cross +5.176) yaw +36.56 deg  m->o yaw +36.57 deg | fit true 0.037 est 0.200 (x5.39)  enc/true 0.983  dr_err 50.34 m[0m
[pure_pursuit-11] [33m[WARN] [1789224886.273943146] [pure_pursuit]: heading jumped +20 deg in one tick: respawn. Speed estimate 0.00 -> 0, pose history cleared.[0m
[localization_error-8] [0m[INFO] [1789224887.766106209] [localization_error]: now[200] 6.171 m / 36.07 deg  |  session[n=66288] mean 1.139 p95 6.478 max 7.002 m, heading mean 6.72 max 61.67 deg[0m
[log_localization-9] [0m[INFO] [1789224890.408820087] [log_localization]: 3320.0 s  12416.4 m  err 5.973 m (along +2.756 cross +5.299) yaw +35.24 deg  m->o yaw +35.24 deg | fit true 0.034 est 0.306 (x9.01)  enc/true 0.982  dr_err 50.08 m[0m
[localization_error-8] [0m[INFO] [1789224892.766512829] [localization_error]: now[200] 6.150 m / 35.91 deg  |  session[n=66388] mean 1.147 p95 6.478 max 7.002 m, heading mean 6.76 max 61.67 deg[0m
[log_localization-9] [0m[INFO] [1789224895.408194242] [log_localization]: 3324.9 s  12421.2 m  err 6.359 m (along +4.608 cross +4.381) yaw +35.39 deg  m->o yaw +35.41 deg | fit true 0.042 est 0.127 (x2.99)  enc/true 0.982  dr_err 50.73 m[0m
[localization_error-8] [0m[INFO] [1789224897.766209058] [localization_error]: now[200] 6.158 m / 35.13 deg  |  session[n=66488] mean 1.155 p95 6.478 max 7.002 m, heading mean 6.81 max 61.67 deg[0m
[log_localization-9] [0m[INFO] [1789224900.408536011] [log_localization]: 3330.0 s  12425.1 m  err 6.257 m (along +3.809 cross +4.965) yaw +35.30 deg  m->o yaw +35.30 deg | fit true 0.039 est 0.144 (x3.70)  enc/true 0.982  dr_err 50.50 m[0m
[pure_pursuit-11] [33m[WARN] [1789224901.720033025] [pure_pursuit]: heading jumped +20 deg in one tick: respawn. Speed estimate 0.00 -> 0, pose history cleared.[0m
[localization_error-8] [0m[INFO] [1789224902.766033822] [localization_error]: now[200] 6.202 m / 34.89 deg  |  session[n=66588] mean 1.162 p95 6.479 max 7.002 m, heading mean 6.85 max 61.67 deg[0m
[pure_pursuit-11] [33m[WARN] [1789224903.871357070] [pure_pursuit]: heading jumped +21 deg in one tick: respawn. Speed estimate 0.00 -> 0, pose history cleared.[0m
[log_localization-9] [0m[INFO] [1789224905.408372808] [log_localization]: 3334.9 s  12429.0 m  err 6.111 m (along +3.073 cross +5.283) yaw +35.25 deg  m->o yaw +35.25 deg | fit true 0.036 est 0.224 (x6.27)  enc/true 0.981  dr_err 50.25 m[0m
[localization_error-8] [0m[INFO] [1789224907.766951619] [localization_error]: now[200] 6.225 m / 35.14 deg  |  session[n=66688] mean 1.170 p95 6.480 max 7.002 m, heading mean 6.89 max 61.67 deg[0m
[pure_pursuit-11] [33m[WARN] [1789224908.230278233] [pure_pursuit]: heading jumped +20 deg in one tick: respawn. Speed estimate 0.00 -> 0, pose history cleared.[0m
[log_localization-9] [0m[INFO] [1789224910.408248147] [log_localization]: 3339.9 s  12432.8 m  err 6.016 m (along +2.554 cross +5.447) yaw +35.83 deg  m->o yaw +35.84 deg | fit true 0.034 est 0.354 (x10.47)  enc/true 0.981  dr_err 49.98 m[0m
[pure_pursuit-11] [33m[WARN] [1789224910.430102184] [pure_pursuit]: heading jumped +20 deg in one tick: respawn. Speed estimate 0.00 -> 0, pose history cleared.[0m
[pure_pursuit-11] [33m[WARN] [1789224912.582284278] [pure_pursuit]: heading jumped +21 deg in one tick: respawn. Speed estimate 0.00 -> 0, pose history cleared.[0m
[localization_error-8] [0m[INFO] [1789224912.766304906] [localization_error]: now[200] 6.227 m / 35.57 deg  |  session[n=66788] mean 1.177 p95 6.481 max 7.002 m, heading mean 6.93 max 61.67 deg[0m
[pure_pursuit-11] [33m[WARN] [1789224914.743205247] [pure_pursuit]: heading jumped +21 deg in one tick: respawn. Speed estimate 0.00 -> 0, pose history cleared.[0m
[log_localization-9] [0m[INFO] [1789224915.408646077] [log_localization]: 3345.0 s  12437.5 m  err 6.342 m (along +4.050 cross +4.881) yaw +36.06 deg  m->o yaw +36.06 deg | fit true 0.036 est 0.137 (x3.77)  enc/true 0.981  dr_err 50.59 m[0m
[pure_pursuit-11] [33m[WARN] [1789224916.871770283] [pure_pursuit]: heading jumped +21 deg in one tick: respawn. Speed estimate 0.00 -> 0, pose history cleared.[0m
[localization_error-8] [0m[INFO] [1789224917.765997847] [localization_error]: now[200] 6.255 m / 35.77 deg  |  session[n=66888] mean 1.185 p95 6.482 max 7.002 m, heading mean 6.98 max 61.67 deg[0m
[pure_pursuit-11] [33m[WARN] [1789224919.032409437] [pure_pursuit]: heading jumped +21 deg in one tick: respawn. Speed estimate 0.00 -> 0, pose history cleared.[0m
[log_localization-9] [0m[INFO] [1789224920.408812715] [log_localization]: 3350.0 s  12441.4 m  err 6.171 m (along +3.147 cross +5.308) yaw +36.09 deg  m->o yaw +36.08 deg | fit true 0.037 est 0.206 (x5.58)  enc/true 0.980  dr_err 50.31 m[0m
[pure_pursuit-11] [33m[WARN] [1789224921.183540419] [pure_pursuit]: heading jumped +21 deg in one tick: respawn. Speed estimate 0.00 -> 0, pose history cleared.[0m
[localization_error-8] [0m[INFO] [1789224922.765896150] [localization_error]: now[200] 6.270 m / 35.99 deg  |  session[n=66988] mean 1.192 p95 6.483 max 7.002 m, heading mean 7.02 max 61.67 deg[0m
[pure_pursuit-11] [33m[WARN] [1789224923.334317630] [pure_pursuit]: heading jumped +21 deg in one tick: respawn. Speed estimate 0.00 -> 0, pose history cleared.[0m
[log_localization-9] [0m[INFO] [1789224925.408273869] [log_localization]: 3355.0 s  12445.2 m  err 6.036 m (along +2.513 cross +5.488) yaw +36.60 deg  m->o yaw +36.60 deg | fit true 0.034 est 0.341 (x9.90)  enc/true 0.980  dr_err 50.03 m[0m
[pure_pursuit-11] [33m[WARN] [1789224925.497734945] [pure_pursuit]: heading jumped +21 deg in one tick: respawn. Speed estimate 0.00 -> 0, pose history cleared.[0m
[pure_pursuit-11] [33m[WARN] [1789224927.633253484] [pure_pursuit]: heading jumped +21 deg in one tick: respawn. Speed estimate 0.00 -> 0, pose history cleared.[0m
[localization_error-8] [0m[INFO] [1789224927.766261872] [localization_error]: now[200] 6.245 m / 36.21 deg  |  session[n=67088] mean 1.200 p95 6.484 max 7.002 m, heading mean 7.06 max 61.67 deg[0m
[pure_pursuit-11] [33m[WARN] [1789224929.784134466] [pure_pursuit]: heading jumped +21 deg in one tick: respawn. Speed estimate 0.00 -> 0, pose history cleared.[0m
[log_localization-9] [0m[INFO] [1789224930.408196362] [log_localization]: 3359.9 s  12449.9 m  err 6.358 m (along +4.140 cross +4.825) yaw +35.75 deg  m->o yaw +35.75 deg | fit true 0.041 est 0.136 (x3.33)  enc/true 0.980  dr_err 50.62 m[0m
[pure_pursuit-11] [33m[WARN] [1789224931.941689472] [pure_pursuit]: heading jumped +21 deg in one tick: respawn. Speed estimate 0.00 -> 0, pose history cleared.[0m
[localization_error-8] [0m[INFO] [1789224932.766847090] [localization_error]: now[200] 6.256 m / 36.00 deg  |  session[n=67188] mean 1.208 p95 6.484 max 7.002 m, heading mean 7.11 max 61.67 deg[0m
[pure_pursuit-11] [33m[WARN] [1789224934.090092114] [pure_pursuit]: heading jumped +21 deg in one tick: respawn. Speed estimate 0.00 -> 0, pose history cleared.[0m
[log_localization-9] [0m[INFO] [1789224935.408863328] [log_localization]: 3365.0 s  12453.8 m  err 6.157 m (along +3.255 cross +5.227) yaw +34.41 deg  m->o yaw +34.40 deg | fit true 0.037 est 0.202 (x5.52)  enc/true 0.979  dr_err 50.33 m[0m
[localization_error-8] [0m[INFO] [1789224937.766069653] [localization_error]: now[200] 6.254 m / 34.95 deg  |  session[n=67288] mean 1.215 p95 6.485 max 7.002 m, heading mean 7.15 max 61.67 deg[0m
[log_localization-9] [0m[INFO] [1789224940.408428147] [log_localization]: 3370.0 s  12457.7 m  err 6.063 m (along +2.669 cross +5.443) yaw +35.06 deg  m->o yaw +35.06 deg | fit true 0.035 est 0.313 (x9.03)  enc/true 0.979  dr_err 50.08 m[0m
[pure_pursuit-11] [33m[WARN] [1789224940.647140486] [pure_pursuit]: heading jumped +21 deg in one tick: respawn. Speed estimate 0.00 -> 0, pose history cleared.[0m
[localization_error-8] [0m[INFO] [1789224942.766495191] [localization_error]: now[200] 6.220 m / 34.35 deg  |  session[n=67388] mean 1.222 p95 6.485 max 7.002 m, heading mean 7.19 max 61.67 deg[0m
[pure_pursuit-11] [33m[WARN] [1789224942.806883046] [pure_pursuit]: heading jumped +21 deg in one tick: respawn. Speed estimate 0.00 -> 0, pose history cleared.[0m
[pure_pursuit-11] [33m[WARN] [1789224944.936567551] [pure_pursuit]: heading jumped +22 deg in one tick: respawn. Speed estimate 0.00 -> 0, pose history cleared.[0m
[log_localization-9] [0m[INFO] [1789224945.408324107] [log_localization]: 3375.0 s  12462.3 m  err 6.432 m (along +4.399 cross +4.693) yaw +36.00 deg  m->o yaw +35.99 deg | fit true 0.042 est 0.138 (x3.29)  enc/true 0.979  dr_err 50.68 m[0m
[pure_pursuit-11] [33m[WARN] [1789224947.048911101] [pure_pursuit]: heading jumped +22 deg in one tick: respawn. Speed estimate 0.00 -> 0, pose history cleared.[0m
[localization_error-8] [0m[INFO] [1789224947.766985001] [localization_error]: now[200] 6.261 m / 34.81 deg  |  session[n=67488] mean 1.230 p95 6.487 max 7.002 m, heading mean 7.23 max 61.67 deg[0m
[pure_pursuit-11] [33m[WARN] [1789224949.156979234] [pure_pursuit]: heading jumped +23 deg in one tick: respawn. Speed estimate 0.00 -> 0, pose history cleared.[0m
[log_localization-9] [0m[INFO] [1789224950.408844218] [log_localization]: 3380.0 s  12466.1 m  err 6.259 m (along +3.177 cross +5.393) yaw +35.35 deg  m->o yaw +35.36 deg | fit true 0.037 est 0.208 (x5.57)  enc/true 0.978  dr_err 50.35 m[0m
[pure_pursuit-11] [33m[WARN] [1789224951.247439771] [pure_pursuit]: heading jumped +23 deg in one tick: respawn. Speed estimate 0.00 -> 0, pose history cleared.[0m
[localization_error-8] [0m[INFO] [1789224952.766068464] [localization_error]: now[200] 6.317 m / 35.20 deg  |  session[n=67588] mean 1.238 p95 6.488 max 7.002 m, heading mean 7.27 max 61.67 deg[0m
[pure_pursuit-11] [33m[WARN] [1789224953.384430834] [pure_pursuit]: heading jumped +21 deg in one tick: respawn. Speed estimate 0.00 -> 0, pose history cleared.[0m
[log_localization-9] [0m[INFO] [1789224955.408207303] [log_localization]: 3384.9 s  12469.9 m  err 6.148 m (along +2.567 cross +5.587) yaw +33.58 deg  m->o yaw +33.59 deg | fit true 0.034 est 0.340 (x9.89)  enc/true 0.978  dr_err 50.04 m[0m
[pure_pursuit-11] [33m[WARN] [1789224955.535720467] [pure_pursuit]: heading jumped +21 deg in one tick: respawn. Speed estimate 0.00 -> 0, pose history cleared.[0m
[pure_pursuit-11] [33m[WARN] [1789224957.655375580] [pure_pursuit]: heading jumped +22 deg in one tick: respawn. Speed estimate 0.00 -> 0, pose history cleared.[0m
[localization_error-8] [0m[INFO] [1789224957.766094813] [localization_error]: now[200] 6.323 m / 34.46 deg  |  session[n=67688] mean 1.245 p95 6.489 max 7.002 m, heading mean 7.31 max 61.67 deg[0m
[pure_pursuit-11] [33m[WARN] [1789224959.754090441] [pure_pursuit]: heading jumped +23 deg in one tick: respawn. Speed estimate 0.00 -> 0, pose history cleared.[0m
[log_localization-9] [0m[INFO] [1789224960.408743384] [log_localization]: 3390.0 s  12474.5 m  err 6.401 m (along +4.077 cross +4.934) yaw +35.12 deg  m->o yaw +35.11 deg | fit true 0.041 est 0.146 (x3.61)  enc/true 0.978  dr_err 50.61 m[0m
[pure_pursuit-11] [33m[WARN] [1789224961.876321906] [pure_pursuit]: heading jumped +23 deg in one tick: respawn. Speed estimate 0.00 -> 0, pose history cleared.[0m
[localization_error-8] [0m[INFO] [1789224962.766094065] [localization_error]: now[200] 6.339 m / 34.06 deg  |  session[n=67788] mean 1.253 p95 6.491 max 7.002 m, heading mean 7.35 max 61.67 deg[0m
[pure_pursuit-11] [33m[WARN] [1789224963.959446521] [pure_pursuit]: heading jumped +23 deg in one tick: respawn. Speed estimate 0.00 -> 0, pose history cleared.[0m
[log_localization-9] [0m[INFO] [1789224965.408901223] [log_localization]: 3395.0 s  12478.3 m  err 6.225 m (along +3.034 cross +5.435) yaw +34.36 deg  m->o yaw +34.35 deg | fit true 0.036 est 0.232 (x6.38)  enc/true 0.978  dr_err 50.28 m[0m
[pure_pursuit-11] [33m[WARN] [1789224966.094306358] [pure_pursuit]: heading jumped +22 deg in one tick: respawn. Speed estimate 0.00 -> 0, pose history cleared.[0m
[localization_error-8] [0m[INFO] [1789224967.766139213] [localization_error]: now[200] 6.336 m / 34.33 deg  |  session[n=67888] mean 1.260 p95 6.491 max 7.002 m, heading mean 7.39 max 61.67 deg[0m
[pure_pursuit-11] [33m[WARN] [1789224968.245501626] [pure_pursuit]: heading jumped +21 deg in one tick: respawn. Speed estimate 0.00 -> 0, pose history cleared.[0m
[pure_pursuit-11] [33m[WARN] [1789224970.385464462] [pure_pursuit]: heading jumped +22 deg in one tick: respawn. Speed estimate 0.00 -> 0, pose history cleared.[0m
[log_localization-9] [0m[INFO] [1789224970.408219520] [log_localization]: 3399.9 s  12483.0 m  err 6.648 m (along +5.215 cross +4.123) yaw +21.35 deg  m->o yaw +33.71 deg | fit true 0.043 est 0.178 (x4.11)  enc/true 0.977  dr_err 50.82 m[0m
[pure_pursuit-11] [33m[WARN] [1789224972.473657286] [pure_pursuit]: heading jumped +23 deg in one tick: respawn. Speed estimate 0.00 -> 0, pose history cleared.[0m
[localization_error-8] [0m[INFO] [1789224972.766259931] [localization_error]: now[200] 6.332 m / 34.09 deg  |  session[n=67988] mean 1.268 p95 6.494 max 7.002 m, heading mean 7.43 max 61.67 deg[0m
[pure_pursuit-11] [33m[WARN] [1789224974.564973598] [pure_pursuit]: heading jumped +23 deg in one tick: respawn. Speed estimate 0.00 -> 0, pose history cleared.[0m
[log_localization-9] [0m[INFO] [1789224975.408691014] [log_localization]: 3405.0 s  12486.7 m  err 6.385 m (along +3.716 cross +5.192) yaw +35.13 deg  m->o yaw +35.13 deg | fit true 0.041 est 0.156 (x3.83)  enc/true 0.977  dr_err 50.52 m[0m
[pure_pursuit-11] [33m[WARN] [1789224976.653349243] [pure_pursuit]: heading jumped +23 deg in one tick: respawn. Speed estimate 0.00 -> 0, pose history cleared.[0m
[localization_error-8] [0m[INFO] [1789224977.766061370] [localization_error]: now[200] 6.357 m / 34.60 deg  |  session[n=68088] mean 1.275 p95 6.495 max 7.002 m, heading mean 7.47 max 61.67 deg[0m
[pure_pursuit-11] [33m[WARN] [1789224978.757225966] [pure_pursuit]: heading jumped +23 deg in one tick: respawn. Speed estimate 0.00 -> 0, pose history cleared.[0m
[log_localization-9] [0m[INFO] [1789224980.409420561] [log_localization]: 3410.0 s  12490.5 m  err 6.186 m (along +2.761 cross +5.536) yaw +35.43 deg  m->o yaw +35.42 deg | fit true 0.030 est 0.268 (x8.93)  enc/true 0.977  dr_err 50.19 m[0m
[pure_pursuit-11] [33m[WARN] [1789224980.854592730] [pure_pursuit]: heading jumped +22 deg in one tick: respawn. Speed estimate 0.00 -> 0, pose history cleared.[0m
[localization_error-8] [0m[INFO] [1789224982.765917481] [localization_error]: now[200] 6.342 m / 35.16 deg  |  session[n=68188] mean 1.282 p95 6.496 max 7.002 m, heading mean 7.51 max 61.67 deg[0m
[pure_pursuit-11] [33m[WARN] [1789224982.984146847] [pure_pursuit]: heading jumped +22 deg in one tick: respawn. Speed estimate 0.00 -> 0, pose history cleared.[0m
[pure_pursuit-11] [33m[WARN] [1789224985.093641319] [pure_pursuit]: heading jumped +22 deg in one tick: respawn. Speed estimate 0.00 -> 0, pose history cleared.[0m
[log_localization-9] [0m[INFO] [1789224985.408601769] [log_localization]: 3415.0 s  12495.1 m  err 6.492 m (along +4.686 cross +4.494) yaw +35.82 deg  m->o yaw +35.81 deg | fit true 0.042 est 0.137 (x3.28)  enc/true 0.976  dr_err 50.72 m[0m
[pure_pursuit-11] [33m[WARN] [1789224987.231531548] [pure_pursuit]: heading jumped +21 deg in one tick: respawn. Speed estimate 0.00 -> 0, pose history cleared.[0m
[localization_error-8] [0m[INFO] [1789224987.765952368] [localization_error]: now[200] 6.321 m / 35.20 deg  |  session[n=68288] mean 1.290 p95 6.498 max 7.002 m, heading mean 7.55 max 61.67 deg[0m
[pure_pursuit-11] [33m[WARN] [1789224989.333628606] [pure_pursuit]: heading jumped +22 deg in one tick: respawn. Speed estimate 0.00 -> 0, pose history cleared.[0m
[log_localization-9] [0m[INFO] [1789224990.408665556] [log_localization]: 3420.0 s  12498.9 m  err 6.238 m (along +3.460 cross +5.191) yaw +34.79 deg  m->o yaw +34.81 deg | fit true 0.039 est 0.175 (x4.44)  enc/true 0.976  dr_err 50.44 m[0m
[pure_pursuit-11] [33m[WARN] [1789224991.494626720] [pure_pursuit]: heading jumped +21 deg in one tick: respawn. Speed estimate 0.00 -> 0, pose history cleared.[0m
[localization_error-8] [0m[INFO] [1789224992.767101453] [localization_error]: now[200] 6.296 m / 35.14 deg  |  session[n=68388] mean 1.297 p95 6.498 max 7.002 m, heading mean 7.59 max 61.67 deg[0m
[pure_pursuit-11] [33m[WARN] [1789224993.652266886] [pure_pursuit]: heading jumped +21 deg in one tick: respawn. Speed estimate 0.00 -> 0, pose history cleared.[0m
[log_localization-9] [0m[INFO] [1789224995.408323340] [log_localization]: 3424.9 s  12502.8 m  err 6.070 m (along +2.786 cross +5.392) yaw +35.70 deg  m->o yaw +35.69 deg | fit true 0.035 est 0.286 (x8.24)  enc/true 0.976  dr_err 50.15 m[0m
[pure_pursuit-11] [33m[WARN] [1789224995.825554632] [pure_pursuit]: heading jumped +21 deg in one tick: respawn. Speed estimate 0.00 -> 0, pose history cleared.[0m
[localization_error-8] [0m[INFO] [1789224997.766953886] [localization_error]: now[200] 6.232 m / 35.23 deg  |  session[n=68488] mean 1.304 p95 6.499 max 7.002 m, heading mean 7.63 max 61.67 deg[0m
[pure_pursuit-11] [33m[WARN] [1789224997.941248632] [pure_pursuit]: heading jumped +22 deg in one tick: respawn. Speed estimate 0.00 -> 0, pose history cleared.[0m
[pure_pursuit-11] [33m[WARN] [1789225000.073099754] [pure_pursuit]: heading jumped +21 deg in one tick: respawn. Speed estimate 0.00 -> 0, pose history cleared.[0m
[log_localization-9] [0m[INFO] [1789225000.408529523] [log_localization]: 3430.0 s  12507.4 m  err 6.430 m (along +4.591 cross +4.502) yaw +35.53 deg  m->o yaw +35.53 deg | fit true 0.038 est 0.131 (x3.43)  enc/true 0.975  dr_err 50.72 m[0m
[pure_pursuit-11] [33m[WARN] [1789225002.231596190] [pure_pursuit]: heading jumped +21 deg in one tick: respawn. Speed estimate 0.00 -> 0, pose history cleared.[0m
[localization_error-8] [0m[INFO] [1789225002.766815121] [localization_error]: now[200] 6.228 m / 35.43 deg  |  session[n=68588] mean 1.311 p95 6.499 max 7.002 m, heading mean 7.67 max 61.67 deg[0m
[pure_pursuit-11] [33m[WARN] [1789225004.358035853] [pure_pursuit]: heading jumped +21 deg in one tick: respawn. Speed estimate 0.00 -> 0, pose history cleared.[0m
[log_localization-9] [0m[INFO] [1789225005.408211521] [log_localization]: 3434.9 s  12511.3 m  err 6.275 m (along +3.533 cross +5.185) yaw +35.21 deg  m->o yaw +35.20 deg | fit true 0.039 est 0.168 (x4.29)  enc/true 0.975  dr_err 50.44 m[0m
[pure_pursuit-11] [33m[WARN] [1789225006.513696752] [pure_pursuit]: heading jumped +21 deg in one tick: respawn. Speed estimate 0.00 -> 0, pose history cleared.[0m
[localization_error-8] [0m[INFO] [1789225007.766559337] [localization_error]: now[200] 6.280 m / 35.22 deg  |  session[n=68688] mean 1.319 p95 6.500 max 7.002 m, heading mean 7.71 max 61.67 deg[0m
[pure_pursuit-11] [33m[WARN] [1789225008.624051994] [pure_pursuit]: heading jumped +22 deg in one tick: respawn. Speed estimate 0.00 -> 0, pose history cleared.[0m
[log_localization-9] [0m[INFO] [1789225010.408245920] [log_localization]: 3439.9 s  12515.1 m  err 6.147 m (along +2.692 cross +5.527) yaw +36.34 deg  m->o yaw +36.33 deg | fit true 0.035 est 0.285 (x8.09)  enc/true 0.975  dr_err 50.15 m[0m
[pure_pursuit-11] [33m[WARN] [1789225010.741381050] [pure_pursuit]: heading jumped +22 deg in one tick: respawn. Speed estimate 0.00 -> 0, pose history cleared.[0m
[localization_error-8] [0m[INFO] [1789225012.766173527] [localization_error]: now[200] 6.291 m / 35.65 deg  |  session[n=68788] mean 1.326 p95 6.501 max 7.002 m, heading mean 7.75 max 61.67 deg[0m
[pure_pursuit-11] [33m[WARN] [1789225012.872851794] [pure_pursuit]: heading jumped +22 deg in one tick: respawn. Speed estimate 0.00 -> 0, pose history cleared.[0m
[pure_pursuit-11] [33m[WARN] [1789225015.010608897] [pure_pursuit]: heading jumped +22 deg in one tick: respawn. Speed estimate 0.00 -> 0, pose history cleared.[0m
[log_localization-9] [0m[INFO] [1789225015.408249664] [log_localization]: 3444.9 s  12519.7 m  err 6.420 m (along +4.480 cross +4.599) yaw +35.51 deg  m->o yaw +35.52 deg | fit true 0.042 est 0.134 (x3.22)  enc/true 0.974  dr_err 50.69 m[0m
[pure_pursuit-11] [33m[WARN] [1789225017.141537912] [pure_pursuit]: heading jumped +21 deg in one tick: respawn. Speed estimate 0.00 -> 0, pose history cleared.[0m
[localization_error-8] [0m[INFO] [1789225017.766271854] [localization_error]: now[200] 6.288 m / 35.83 deg  |  session[n=68888] mean 1.333 p95 6.502 max 7.002 m, heading mean 7.79 max 61.67 deg[0m
[pure_pursuit-11] [33m[WARN] [1789225019.294073485] [pure_pursuit]: heading jumped +21 deg in one tick: respawn. Speed estimate 0.00 -> 0, pose history cleared.[0m
[log_localization-9] [0m[INFO] [1789225020.408627078] [log_localization]: 3450.0 s  12523.5 m  err 6.278 m (along +3.474 cross +5.230) yaw +34.52 deg  m->o yaw +34.55 deg | fit true 0.039 est 0.175 (x4.51)  enc/true 0.974  dr_err 50.42 m[0m
[pure_pursuit-11] [33m[WARN] [1789225021.453657769] [pure_pursuit]: heading jumped +22 deg in one tick: respawn. Speed estimate 0.00 -> 0, pose history cleared.[0m
[pure_pursuit-11] [0m[INFO] [1789225022.702796766] [pure_pursuit]: control_hz 46.9 -> 40.5 (tick 40.5 Hz)[0m
[localization_error-8] [0m[INFO] [1789225022.766145905] [localization_error]: now[200] 6.302 m / 34.90 deg  |  session[n=68988] mean 1.340 p95 6.502 max 7.002 m, heading mean 7.83 max 61.67 deg[0m
[pure_pursuit-11] [33m[WARN] [1789225023.563162682] [pure_pursuit]: heading jumped +22 deg in one tick: respawn. Speed estimate 0.00 -> 0, pose history cleared.[0m
[pure_pursuit-11] [0m[INFO] [1789225023.702962296] [pure_pursuit]: control_hz 40.5 -> 45.9 (tick 45.9 Hz)[0m
[log_localization-9] [0m[INFO] [1789225025.408220614] [log_localization]: 3454.9 s  12527.3 m  err 6.198 m (along +2.619 cross +5.617) yaw +35.96 deg  m->o yaw +35.98 deg | fit true 0.035 est 0.293 (x8.25)  enc/true 0.974  dr_err 50.13 m[0m
[pure_pursuit-11] [33m[WARN] [1789225025.672804380] [pure_pursuit]: heading jumped +23 deg in one tick: respawn. Speed estimate 0.00 -> 0, pose history cleared.[0m
[pure_pursuit-11] [33m[WARN] [1789225027.763110648] [pure_pursuit]: heading jumped +22 deg in one tick: respawn. Speed estimate 0.00 -> 0, pose history cleared.[0m
[localization_error-8] [0m[INFO] [1789225027.766416686] [localization_error]: now[200] 6.315 m / 34.93 deg  |  session[n=69088] mean 1.348 p95 6.503 max 7.002 m, heading mean 7.87 max 61.67 deg[0m
[pure_pursuit-11] [33m[WARN] [1789225029.891051028] [pure_pursuit]: heading jumped +22 deg in one tick: respawn. Speed estimate 0.00 -> 0, pose history cleared.[0m
[log_localization-9] [0m[INFO] [1789225030.409038275] [log_localization]: 3460.0 s  12532.0 m  err 6.452 m (along +4.295 cross +4.814) yaw +35.36 deg  m->o yaw +35.36 deg | fit true 0.041 est 0.138 (x3.36)  enc/true 0.973  dr_err 50.65 m[0m
[pure_pursuit-11] [33m[WARN] [1789225032.003351004] [pure_pursuit]: heading jumped +22 deg in one tick: respawn. Speed estimate 0.00 -> 0, pose history cleared.[0m
[localization_error-8] [0m[INFO] [1789225032.766167985] [localization_error]: now[200] 6.350 m / 35.31 deg  |  session[n=69188] mean 1.355 p95 6.505 max 7.002 m, heading mean 7.91 max 61.67 deg[0m
[pure_pursuit-11] [33m[WARN] [1789225034.119837395] [pure_pursuit]: heading jumped +22 deg in one tick: respawn. Speed estimate 0.00 -> 0, pose history cleared.[0m
[log_localization-9] [0m[INFO] [1789225035.408460526] [log_localization]: 3464.9 s  12535.7 m  err 6.288 m (along +3.150 cross +5.442) yaw +35.71 deg  m->o yaw +35.71 deg | fit true 0.038 est 0.204 (x5.42)  enc/true 0.973  dr_err 50.34 m[0m
[pure_pursuit-11] [33m[WARN] [1789225036.231084584] [pure_pursuit]: heading jumped +23 deg in one tick: respawn. Speed estimate 0.00 -> 0, pose history cleared.[0m
[localization_error-8] [0m[INFO] [1789225037.766540003] [localization_error]: now[200] 6.355 m / 35.07 deg  |  session[n=69288] mean 1.362 p95 6.506 max 7.002 m, heading mean 7.95 max 61.67 deg[0m
[pure_pursuit-11] [33m[WARN] [1789225038.319586456] [pure_pursuit]: heading jumped +22 deg in one tick: respawn. Speed estimate 0.00 -> 0, pose history cleared.[0m
[log_localization-9] [0m[INFO] [1789225040.408180543] [log_localization]: 3469.9 s  12539.5 m  err 6.104 m (along +2.445 cross +5.592) yaw +35.20 deg  m->o yaw +35.19 deg | fit true 0.035 est 0.360 (x10.36)  enc/true 0.973  dr_err 50.02 m[0m
[pure_pursuit-11] [33m[WARN] [1789225040.453161141] [pure_pursuit]: heading jumped +22 deg in one tick: respawn. Speed estimate 0.00 -> 0, pose history cleared.[0m
[pure_pursuit-11] [33m[WARN] [1789225042.583382125] [pure_pursuit]: heading jumped +21 deg in one tick: respawn. Speed estimate 0.00 -> 0, pose history cleared.[0m
[localization_error-8] [0m[INFO] [1789225042.766379373] [localization_error]: now[200] 6.314 m / 35.06 deg  |  session[n=69388] mean 1.369 p95 6.507 max 7.002 m, heading mean 7.99 max 61.67 deg[0m
[pure_pursuit-11] [33m[WARN] [1789225044.712510129] [pure_pursuit]: heading jumped +22 deg in one tick: respawn. Speed estimate 0.00 -> 0, pose history cleared.[0m
[log_localization-9] [0m[INFO] [1789225045.408806063] [log_localization]: 3475.0 s  12544.2 m  err 6.373 m (along +4.001 cross +4.960) yaw +35.36 deg  m->o yaw +35.35 deg | fit true 0.040 est 0.142 (x3.51)  enc/true 0.972  dr_err 50.58 m[0m
[pure_pursuit-11] [33m[WARN] [1789225046.853465650] [pure_pursuit]: heading jumped +22 deg in one tick: respawn. Speed estimate 0.00 -> 0, pose history cleared.[0m
[localization_error-8] [0m[INFO] [1789225047.766978248] [localization_error]: now[200] 6.310 m / 35.01 deg  |  session[n=69488] mean 1.376 p95 6.508 max 7.002 m, heading mean 8.03 max 61.67 deg[0m
[pure_pursuit-11] [33m[WARN] [1789225048.985663830] [pure_pursuit]: heading jumped +22 deg in one tick: respawn. Speed estimate 0.00 -> 0, pose history cleared.[0m
[log_localization-9] [0m[INFO] [1789225050.408590748] [log_localization]: 3480.0 s  12548.0 m  err 6.161 m (along +3.072 cross +5.340) yaw +34.98 deg  m->o yaw +34.98 deg | fit true 0.037 est 0.223 (x6.08)  enc/true 0.972  dr_err 50.29 m[0m
[pure_pursuit-11] [33m[WARN] [1789225051.140777615] [pure_pursuit]: heading jumped +21 deg in one tick: respawn. Speed estimate 0.00 -> 0, pose history cleared.[0m
[localization_error-8] [0m[INFO] [1789225052.765979411] [localization_error]: now[200] 6.291 m / 35.01 deg  |  session[n=69588] mean 1.383 p95 6.508 max 7.002 m, heading mean 8.07 max 61.67 deg[0m
[pure_pursuit-11] [33m[WARN] [1789225053.271168188] [pure_pursuit]: heading jumped +21 deg in one tick: respawn. Speed estimate 0.00 -> 0, pose history cleared.[0m
[log_localization-9] [0m[INFO] [1789225055.408270693] [log_localization]: 3485.0 s  12551.8 m  err 6.031 m (along +2.489 cross +5.493) yaw +35.29 deg  m->o yaw +35.30 deg | fit true 0.034 est 0.360 (x10.58)  enc/true 0.972  dr_err 50.00 m[0m
[pure_pursuit-11] [33m[WARN] [1789225055.427124054] [pure_pursuit]: heading jumped +21 deg in one tick: respawn. Speed estimate 0.00 -> 0, pose history cleared.[0m
[pure_pursuit-11] [33m[WARN] [1789225057.604661184] [pure_pursuit]: heading jumped +20 deg in one tick: respawn. Speed estimate 0.00 -> 0, pose history cleared.[0m
[localization_error-8] [0m[INFO] [1789225057.766200847] [localization_error]: now[200] 6.253 m / 34.98 deg  |  session[n=69688] mean 1.390 p95 6.508 max 7.002 m, heading mean 8.10 max 61.67 deg[0m
[pure_pursuit-11] [33m[WARN] [1789225059.757982254] [pure_pursuit]: heading jumped +21 deg in one tick: respawn. Speed estimate 0.00 -> 0, pose history cleared.[0m
[log_localization-9] [0m[INFO] [1789225060.408196035] [log_localization]: 3489.9 s  12556.5 m  err 6.333 m (along +4.070 cross +4.852) yaw +35.82 deg  m->o yaw +35.47 deg | fit true 0.036 est 0.136 (x3.74)  enc/true 0.971  dr_err 50.60 m[0m
[pure_pursuit-11] [33m[WARN] [1789225061.915238099] [pure_pursuit]: heading jumped +21 deg in one tick: respawn. Speed estimate 0.00 -> 0, pose history cleared.[0m
[localization_error-8] [0m[INFO] [1789225062.766843237] [localization_error]: now[200] 6.259 m / 34.71 deg  |  session[n=69788] mean 1.397 p95 6.509 max 7.002 m, heading mean 8.14 max 61.67 deg[0m
[pure_pursuit-11] [33m[WARN] [1789225064.070558362] [pure_pursuit]: heading jumped +21 deg in one tick: respawn. Speed estimate 0.00 -> 0, pose history cleared.[0m
[log_localization-9] [0m[INFO] [1789225065.408607976] [log_localization]: 3495.0 s  12560.3 m  err 6.200 m (along +3.175 cross +5.325) yaw +35.89 deg  m->o yaw +35.91 deg | fit true 0.037 est 0.207 (x5.56)  enc/true 0.971  dr_err 50.33 m[0m
[pure_pursuit-11] [33m[WARN] [1789225066.226535398] [pure_pursuit]: heading jumped +21 deg in one tick: respawn. Speed estimate 0.00 -> 0, pose history cleared.[0m
[localization_error-8] [0m[INFO] [1789225067.766843794] [localization_error]: now[200] 6.266 m / 35.04 deg  |  session[n=69888] mean 1.404 p95 6.510 max 7.002 m, heading mean 8.18 max 61.67 deg[0m
[pure_pursuit-11] [33m[WARN] [1789225068.363147276] [pure_pursuit]: heading jumped +21 deg in one tick: respawn. Speed estimate 0.00 -> 0, pose history cleared.[0m
[log_localization-9] [0m[INFO] [1789225070.408329661] [log_localization]: 3499.9 s  12564.1 m  err 6.052 m (along +2.561 cross +5.483) yaw +34.27 deg  m->o yaw +34.28 deg | fit true 0.034 est 0.342 (x9.98)  enc/true 0.971  dr_err 50.03 m[0m
[pure_pursuit-11] [33m[WARN] [1789225070.515307739] [pure_pursuit]: heading jumped +21 deg in one tick: respawn. Speed estimate 0.00 -> 0, pose history cleared.[0m
[pure_pursuit-11] [33m[WARN] [1789225072.668260704] [pure_pursuit]: heading jumped +20 deg in one tick: respawn. Speed estimate 0.00 -> 0, pose history cleared.[0m
[localization_error-8] [0m[INFO] [1789225072.767010772] [localization_error]: now[200] 6.257 m / 34.91 deg  |  session[n=69988] mean 1.411 p95 6.510 max 7.002 m, heading mean 8.22 max 61.67 deg[0m
[pure_pursuit-11] [33m[WARN] [1789225074.804568806] [pure_pursuit]: heading jumped +21 deg in one tick: respawn. Speed estimate 0.00 -> 0, pose history cleared.[0m
[log_localization-9] [0m[INFO] [1789225075.408189524] [log_localization]: 3504.9 s  12568.8 m  err 6.368 m (along +4.186 cross +4.799) yaw +34.85 deg  m->o yaw +34.86 deg | fit true 0.041 est 0.134 (x3.26)  enc/true 0.970  dr_err 50.63 m[0m
[pure_pursuit-11] [33m[WARN] [1789225076.958903164] [pure_pursuit]: heading jumped +21 deg in one tick: respawn. Speed estimate 0.00 -> 0, pose history cleared.[0m
[localization_error-8] [0m[INFO] [1789225077.765878815] [localization_error]: now[200] 6.274 m / 34.53 deg  |  session[n=70088] mean 1.418 p95 6.511 max 7.002 m, heading mean 8.26 max 61.67 deg[0m
[pure_pursuit-11] [33m[WARN] [1789225079.095055007] [pure_pursuit]: heading jumped +21 deg in one tick: respawn. Speed estimate 0.00 -> 0, pose history cleared.[0m
[log_localization-9] [0m[INFO] [1789225080.408361751] [log_localization]: 3509.9 s  12572.6 m  err 6.181 m (along +3.174 cross +5.304) yaw +35.18 deg  m->o yaw +35.18 deg | fit true 0.037 est 0.208 (x5.62)  enc/true 0.970  dr_err 50.33 m[0m
[pure_pursuit-11] [33m[WARN] [1789225081.253480524] [pure_pursuit]: heading jumped +21 deg in one tick: respawn. Speed estimate 0.00 -> 0, pose history cleared.[0m
[localization_error-8] [0m[INFO] [1789225082.766130727] [localization_error]: now[200] 6.280 m / 34.87 deg  |  session[n=70188] mean 1.425 p95 6.511 max 7.002 m, heading mean 8.30 max 61.67 deg[0m
[pure_pursuit-11] [33m[WARN] [1789225083.383795572] [pure_pursuit]: heading jumped +21 deg in one tick: respawn. Speed estimate 0.00 -> 0, pose history cleared.[0m
[log_localization-9] [0m[INFO] [1789225085.408248876] [log_localization]: 3514.9 s  12576.5 m  err 6.106 m (along +2.520 cross +5.562) yaw +35.96 deg  m->o yaw +35.96 deg | fit true 0.035 est 0.333 (x9.55)  enc/true 0.970  dr_err 50.05 m[0m
[pure_pursuit-11] [33m[WARN] [1789225085.515366946] [pure_pursuit]: heading jumped +22 deg in one tick: respawn. Speed estimate 0.00 -> 0, pose history cleared.[0m
[pure_pursuit-11] [33m[WARN] [1789225087.625679647] [pure_pursuit]: heading jumped +22 deg in one tick: respawn. Speed estimate 0.00 -> 0, pose history cleared.[0m
[localization_error-8] [0m[INFO] [1789225087.766528013] [localization_error]: now[200] 6.278 m / 35.37 deg  |  session[n=70288] mean 1.432 p95 6.512 max 7.002 m, heading mean 8.33 max 61.67 deg[0m
[pure_pursuit-11] [33m[WARN] [1789225089.735259857] [pure_pursuit]: heading jumped +22 deg in one tick: respawn. Speed estimate 0.00 -> 0, pose history cleared.[0m
[log_localization-9] [0m[INFO] [1789225090.408759246] [log_localization]: 3520.0 s  12581.1 m  err 6.371 m (along +4.002 cross +4.957) yaw +37.05 deg  m->o yaw +37.03 deg | fit true 0.041 est 0.147 (x3.59)  enc/true 0.970  dr_err 50.60 m[0m
[pure_pursuit-11] [33m[WARN] [1789225091.853368920] [pure_pursuit]: heading jumped +22 deg in one tick: respawn. Speed estimate 0.00 -> 0, pose history cleared.[0m
[localization_error-8] [0m[INFO] [1789225092.765981823] [localization_error]: now[200] 6.300 m / 36.01 deg  |  session[n=70388] mean 1.439 p95 6.513 max 7.002 m, heading mean 8.37 max 61.67 deg[0m
[pure_pursuit-11] [33m[WARN] [1789225093.958380966] [pure_pursuit]: heading jumped +22 deg in one tick: respawn. Speed estimate 0.00 -> 0, pose history cleared.[0m
[log_localization-9] [0m[INFO] [1789225095.408320066] [log_localization]: 3524.9 s  12584.9 m  err 6.197 m (along +3.018 cross +5.412) yaw +35.75 deg  m->o yaw +35.77 deg | fit true 0.037 est 0.228 (x6.24)  enc/true 0.969  dr_err 50.28 m[0m
[pure_pursuit-11] [33m[WARN] [1789225096.096583164] [pure_pursuit]: heading jumped +22 deg in one tick: respawn. Speed estimate 0.00 -> 0, pose history cleared.[0m
[localization_error-8] [0m[INFO] [1789225097.766849606] [localization_error]: now[200] 6.291 m / 35.82 deg  |  session[n=70488] mean 1.446 p95 6.513 max 7.002 m, heading mean 8.41 max 61.67 deg[0m
[pure_pursuit-11] [33m[WARN] [1789225098.225314263] [pure_pursuit]: heading jumped +21 deg in one tick: respawn. Speed estimate 0.00 -> 0, pose history cleared.[0m
[pure_pursuit-11] [33m[WARN] [1789225100.383480211] [pure_pursuit]: heading jumped +21 deg in one tick: respawn. Speed estimate 0.00 -> 0, pose history cleared.[0m
[log_localization-9] [0m[INFO] [1789225100.408239768] [log_localization]: 3529.9 s  12589.6 m  err 6.550 m (along +5.137 cross +4.064) yaw +34.90 deg  m->o yaw +34.89 deg | fit true 0.043 est 0.136 (x3.16)  enc/true 0.969  dr_err 50.82 m[0m
[pure_pursuit-11] [33m[WARN] [1789225102.535034920] [pure_pursuit]: heading jumped +21 deg in one tick: respawn. Speed estimate 0.00 -> 0, pose history cleared.[0m
[localization_error-8] [0m[INFO] [1789225102.765978383] [localization_error]: now[200] 6.264 m / 34.89 deg  |  session[n=70588] mean 1.453 p95 6.514 max 7.002 m, heading mean 8.45 max 61.67 deg[0m
[pure_pursuit-11] [33m[WARN] [1789225104.673946331] [pure_pursuit]: heading jumped +21 deg in one tick: respawn. Speed estimate 0.00 -> 0, pose history cleared.[0m
[log_localization-9] [0m[INFO] [1789225105.408206557] [log_localization]: 3534.9 s  12593.4 m  err 6.342 m (along +3.933 cross +4.975) yaw +34.74 deg  m->o yaw +34.75 deg | fit true 0.037 est 0.140 (x3.80)  enc/true 0.969  dr_err 50.57 m[0m
[pure_pursuit-11] [33m[WARN] [1789225106.826704261] [pure_pursuit]: heading jumped +21 deg in one tick: respawn. Speed estimate 0.00 -> 0, pose history cleared.[0m
[localization_error-8] [0m[INFO] [1789225107.767073555] [localization_error]: now[200] 6.268 m / 34.54 deg  |  session[n=70688] mean 1.459 p95 6.514 max 7.002 m, heading mean 8.49 max 61.67 deg[0m
[pure_pursuit-11] [33m[WARN] [1789225108.959525416] [pure_pursuit]: heading jumped +21 deg in one tick: respawn. Speed estimate 0.00 -> 0, pose history cleared.[0m
[log_localization-9] [0m[INFO] [1789225110.408866390] [log_localization]: 3540.0 s  12597.2 m  err 6.216 m (along +3.025 cross +5.430) yaw +36.52 deg  m->o yaw +36.53 deg | fit true 0.037 est 0.223 (x6.12)  enc/true 0.968  dr_err 50.28 m[0m
[pure_pursuit-11] [33m[WARN] [1789225111.094982760] [pure_pursuit]: heading jumped +22 deg in one tick: respawn. Speed estimate 0.00 -> 0, pose history cleared.[0m
[localization_error-8] [0m[INFO] [1789225112.766283651] [localization_error]: now[200] 6.284 m / 35.31 deg  |  session[n=70788] mean 1.466 p95 6.515 max 7.002 m, heading mean 8.53 max 61.67 deg[0m
[pure_pursuit-11] [33m[WARN] [1789225113.204571742] [pure_pursuit]: heading jumped +22 deg in one tick: respawn. Speed estimate 0.00 -> 0, pose history cleared.[0m
[pure_pursuit-11] [33m[WARN] [1789225115.335943499] [pure_pursuit]: heading jumped +22 deg in one tick: respawn. Speed estimate 0.00 -> 0, pose history cleared.[0m
[log_localization-9] [0m[INFO] [1789225115.408467503] [log_localization]: 3545.0 s  12601.8 m  err 6.522 m (along +5.091 cross +4.077) yaw +36.26 deg  m->o yaw +36.19 deg | fit true 0.043 est 0.134 (x3.12)  enc/true 0.968  dr_err 50.81 m[0m
[pure_pursuit-11] [33m[WARN] [1789225117.467542887] [pure_pursuit]: heading jumped +21 deg in one tick: respawn. Speed estimate 0.00 -> 0, pose history cleared.[0m
[localization_error-8] [0m[INFO] [1789225117.765923989] [localization_error]: now[200] 6.279 m / 35.91 deg  |  session[n=70888] mean 1.473 p95 6.516 max 7.002 m, heading mean 8.56 max 61.67 deg[0m
[pure_pursuit-11] [33m[WARN] [1789225119.625461512] [pure_pursuit]: heading jumped +21 deg in one tick: respawn. Speed estimate 0.00 -> 0, pose history cleared.[0m
[log_localization-9] [0m[INFO] [1789225120.408093000] [log_localization]: 3549.9 s  12605.7 m  err 6.301 m (along +3.863 cross +4.978) yaw +34.68 deg  m->o yaw +34.71 deg | fit true 0.036 est 0.142 (x3.90)  enc/true 0.968  dr_err 50.55 m[0m
[pure_pursuit-11] [33m[WARN] [1789225121.784349093] [pure_pursuit]: heading jumped +21 deg in one tick: respawn. Speed estimate 0.00 -> 0, pose history cleared.[0m
[localization_error-8] [0m[INFO] [1789225122.766070260] [localization_error]: now[200] 6.273 m / 35.21 deg  |  session[n=70988] mean 1.480 p95 6.516 max 7.002 m, heading mean 8.60 max 61.67 deg[0m
[pure_pursuit-11] [33m[WARN] [1789225123.936624506] [pure_pursuit]: heading jumped +21 deg in one tick: respawn. Speed estimate 0.00 -> 0, pose history cleared.[0m
[log_localization-9] [0m[INFO] [1789225125.408565658] [log_localization]: 3554.9 s  12609.5 m  err 6.150 m (along +2.958 cross +5.392) yaw +35.82 deg  m->o yaw +35.82 deg | fit true 0.036 est 0.238 (x6.59)  enc/true 0.967  dr_err 50.27 m[0m
[pure_pursuit-11] [33m[WARN] [1789225126.071006220] [pure_pursuit]: heading jumped +22 deg in one tick: respawn. Speed estimate 0.00 -> 0, pose history cleared.[0m
[localization_error-8] [0m[INFO] [1789225127.766712312] [localization_error]: now[200] 6.258 m / 34.98 deg  |  session[n=71088] mean 1.486 p95 6.517 max 7.002 m, heading mean 8.64 max 61.67 deg[0m
[pure_pursuit-11] [33m[WARN] [1789225128.183876840] [pure_pursuit]: heading jumped +22 deg in one tick: respawn. Speed estimate 0.00 -> 0, pose history cleared.[0m
[pure_pursuit-11] [33m[WARN] [1789225130.316942368] [pure_pursuit]: heading jumped +22 deg in one tick: respawn. Speed estimate 0.00 -> 0, pose history cleared.[0m
[log_localization-9] [0m[INFO] [1789225130.409011775] [log_localization]: 3560.0 s  12614.2 m  err 6.499 m (along +5.053 cross +4.087) yaw +36.35 deg  m->o yaw +36.28 deg | fit true 0.043 est 0.135 (x3.14)  enc/true 0.967  dr_err 50.80 m[0m
[pure_pursuit-11] [33m[WARN] [1789225132.448556543] [pure_pursuit]: heading jumped +22 deg in one tick: respawn. Speed estimate 0.00 -> 0, pose history cleared.[0m
[localization_error-8] [0m[INFO] [1789225132.765917872] [localization_error]: now[200] 6.243 m / 35.51 deg  |  session[n=71188] mean 1.493 p95 6.517 max 7.002 m, heading mean 8.68 max 61.67 deg[0m
[pure_pursuit-11] [33m[WARN] [1789225134.605436697] [pure_pursuit]: heading jumped +21 deg in one tick: respawn. Speed estimate 0.00 -> 0, pose history cleared.[0m
[log_localization-9] [0m[INFO] [1789225135.408258210] [log_localization]: 3565.0 s  12618.0 m  err 6.265 m (along +3.840 cross +4.950) yaw +35.41 deg  m->o yaw +35.40 deg | fit true 0.041 est 0.150 (x3.70)  enc/true 0.967  dr_err 50.54 m[0m
[pure_pursuit-11] [33m[WARN] [1789225136.757345059] [pure_pursuit]: heading jumped +21 deg in one tick: respawn. Speed estimate 0.00 -> 0, pose history cleared.[0m
[localization_error-8] [0m[INFO] [1789225137.766428613] [localization_error]: now[200] 6.242 m / 35.56 deg  |  session[n=71288] mean 1.500 p95 6.517 max 7.002 m, heading mean 8.71 max 61.67 deg[0m
[pure_pursuit-11] [33m[WARN] [1789225138.912570241] [pure_pursuit]: heading jumped +21 deg in one tick: respawn. Speed estimate 0.00 -> 0, pose history cleared.[0m
[log_localization-9] [0m[INFO] [1789225140.408763273] [log_localization]: 3569.9 s  12621.8 m  err 6.178 m (along +3.049 cross +5.373) yaw +34.91 deg  m->o yaw +34.92 deg | fit true 0.036 est 0.229 (x6.31)  enc/true 0.966  dr_err 50.27 m[0m
[pure_pursuit-11] [33m[WARN] [1789225141.074540924] [pure_pursuit]: heading jumped +21 deg in one tick: respawn. Speed estimate 0.00 -> 0, pose history cleared.[0m
[localization_error-8] [0m[INFO] [1789225142.765914762] [localization_error]: now[200] 6.242 m / 35.07 deg  |  session[n=71388] mean 1.506 p95 6.517 max 7.002 m, heading mean 8.75 max 61.67 deg[0m
[pure_pursuit-11] [33m[WARN] [1789225143.226228756] [pure_pursuit]: heading jumped +21 deg in one tick: respawn. Speed estimate 0.00 -> 0, pose history cleared.[0m
[pure_pursuit-11] [33m[WARN] [1789225145.335844466] [pure_pursuit]: heading jumped +22 deg in one tick: respawn. Speed estimate 0.00 -> 0, pose history cleared.[0m
[log_localization-9] [0m[INFO] [1789225145.408486590] [log_localization]: 3575.0 s  12626.5 m  err 6.531 m (along +5.093 cross +4.088) yaw +36.00 deg  m->o yaw +35.91 deg | fit true 0.043 est 0.135 (x3.15)  enc/true 0.966  dr_err 50.81 m[0m
[pure_pursuit-11] [33m[WARN] [1789225147.448658662] [pure_pursuit]: heading jumped +22 deg in one tick: respawn. Speed estimate 0.00 -> 0, pose history cleared.[0m
[localization_error-8] [0m[INFO] [1789225147.765994175] [localization_error]: now[200] 6.257 m / 34.91 deg  |  session[n=71488] mean 1.513 p95 6.517 max 7.002 m, heading mean 8.79 max 61.67 deg[0m
[pure_pursuit-11] [33m[WARN] [1789225149.606458848] [pure_pursuit]: heading jumped +21 deg in one tick: respawn. Speed estimate 0.00 -> 0, pose history cleared.[0m
[log_localization-9] [0m[INFO] [1789225150.408245033] [log_localization]: 3579.9 s  12630.3 m  err 6.303 m (along +3.831 cross +5.006) yaw +34.98 deg  m->o yaw +35.00 deg | fit true 0.041 est 0.151 (x3.70)  enc/true 0.966  dr_err 50.54 m[0m
[pure_pursuit-11] [33m[WARN] [1789225151.737355209] [pure_pursuit]: heading jumped +22 deg in one tick: respawn. Speed estimate 0.00 -> 0, pose history cleared.[0m
[localization_error-8] [0m[INFO] [1789225152.766168418] [localization_error]: now[200] 6.269 m / 35.03 deg  |  session[n=71588] mean 1.520 p95 6.518 max 7.002 m, heading mean 8.82 max 61.67 deg[0m
[pure_pursuit-11] [33m[WARN] [1789225153.875266550] [pure_pursuit]: heading jumped +22 deg in one tick: respawn. Speed estimate 0.00 -> 0, pose history cleared.[0m
[log_localization-9] [0m[INFO] [1789225155.408203013] [log_localization]: 3584.9 s  12634.1 m  err 6.186 m (along +2.918 cross +5.455) yaw +35.28 deg  m->o yaw +35.31 deg | fit true 0.036 est 0.242 (x6.63)  enc/true 0.965  dr_err 50.25 m[0m
[pure_pursuit-11] [33m[WARN] [1789225155.984764965] [pure_pursuit]: heading jumped +22 deg in one tick: respawn. Speed estimate 0.00 -> 0, pose history cleared.[0m
[localization_error-8] [0m[INFO] [1789225157.766947475] [localization_error]: now[200] 6.262 m / 34.98 deg  |  session[n=71688] mean 1.526 p95 6.518 max 7.002 m, heading mean 8.86 max 61.67 deg[0m
[pure_pursuit-11] [33m[WARN] [1789225158.141445740] [pure_pursuit]: heading jumped +21 deg in one tick: respawn. Speed estimate 0.00 -> 0, pose history cleared.[0m
[pure_pursuit-11] [33m[WARN] [1789225160.275309734] [pure_pursuit]: heading jumped +21 deg in one tick: respawn. Speed estimate 0.00 -> 0, pose history cleared.[0m
[log_localization-9] [0m[INFO] [1789225160.408489948] [log_localization]: 3590.0 s  12638.8 m  err 6.500 m (along +4.980 cross +4.178) yaw +35.76 deg  m->o yaw +35.65 deg | fit true 0.042 est 0.134 (x3.17)  enc/true 0.965  dr_err 50.79 m[0m
[pure_pursuit-11] [33m[WARN] [1789225162.408039097] [pure_pursuit]: heading jumped +21 deg in one tick: respawn. Speed estimate 0.00 -> 0, pose history cleared.[0m
[localization_error-8] [0m[INFO] [1789225162.765835259] [localization_error]: now[200] 6.262 m / 34.95 deg  |  session[n=71788] mean 1.533 p95 6.519 max 7.002 m, heading mean 8.90 max 61.67 deg[0m
[pure_pursuit-11] [33m[WARN] [1789225164.585181581] [pure_pursuit]: heading jumped +21 deg in one tick: respawn. Speed estimate 0.00 -> 0, pose history cleared.[0m
[log_localization-9] [0m[INFO] [1789225165.408272130] [log_localization]: 3594.9 s  12642.6 m  err 6.255 m (along +3.825 cross +4.949) yaw +35.77 deg  m->o yaw +35.80 deg | fit true 0.040 est 0.149 (x3.72)  enc/true 0.965  dr_err 50.53 m[0m
[pure_pursuit-11] [33m[WARN] [1789225166.759961405] [pure_pursuit]: heading jumped +20 deg in one tick: respawn. Speed estimate 0.00 -> 0, pose history cleared.[0m
[localization_error-8] [0m[INFO] [1789225167.765991025] [localization_error]: now[200] 6.247 m / 35.18 deg  |  session[n=71888] mean 1.539 p95 6.519 max 7.002 m, heading mean 8.93 max 61.67 deg[0m
[pure_pursuit-11] [33m[WARN] [1789225168.937721768] [pure_pursuit]: heading jumped +20 deg in one tick: respawn. Speed estimate 0.00 -> 0, pose history cleared.[0m
[log_localization-9] [0m[INFO] [1789225170.408404751] [log_localization]: 3600.0 s  12646.4 m  err 6.104 m (along +3.088 cross +5.265) yaw +35.84 deg  m->o yaw +35.84 deg | fit true 0.032 est 0.223 (x6.92)  enc/true 0.965  dr_err 50.27 m[0m
[pure_pursuit-11] [33m[WARN] [1789225171.116992852] [pure_pursuit]: heading jumped +20 deg in one tick: respawn. Speed estimate 0.00 -> 0, pose history cleared.[0m
[localization_error-8] [0m[INFO] [1789225172.766267801] [localization_error]: now[200] 6.213 m / 35.51 deg  |  session[n=71988] mean 1.546 p95 6.519 max 7.002 m, heading mean 8.97 max 61.67 deg[0m
[pure_pursuit-11] [33m[WARN] [1789225173.275880011] [pure_pursuit]: heading jumped +21 deg in one tick: respawn. Speed estimate 0.00 -> 0, pose history cleared.[0m
[log_localization-9] [0m[INFO] [1789225175.408896515] [log_localization]: 3605.0 s  12650.3 m  err 6.012 m (along +2.541 cross +5.448) yaw +35.69 deg  m->o yaw +35.69 deg | fit true 0.033 est 0.348 (x10.39)  enc/true 0.964  dr_err 50.00 m[0m
[pure_pursuit-11] [33m[WARN] [1789225175.448858095] [pure_pursuit]: heading jumped +20 deg in one tick: respawn. Speed estimate 0.00 -> 0, pose history cleared.[0m
[pure_pursuit-11] [33m[WARN] [1789225177.607459828] [pure_pursuit]: heading jumped +21 deg in one tick: respawn. Speed estimate 0.00 -> 0, pose history cleared.[0m
[localization_error-8] [0m[INFO] [1789225177.765854442] [localization_error]: now[200] 6.216 m / 35.62 deg  |  session[n=72088] mean 1.552 p95 6.519 max 7.002 m, heading mean 9.01 max 61.67 deg[0m
[pure_pursuit-11] [33m[WARN] [1789225179.738921926] [pure_pursuit]: heading jumped +21 deg in one tick: respawn. Speed estimate 0.00 -> 0, pose history cleared.[0m
[log_localization-9] [0m[INFO] [1789225180.408174152] [log_localization]: 3609.9 s  12655.0 m  err 6.348 m (along +4.047 cross +4.891) yaw +35.95 deg  m->o yaw +35.97 deg | fit true 0.041 est 0.139 (x3.38)  enc/true 0.964  dr_err 50.59 m[0m
[pure_pursuit-11] [33m[WARN] [1789225181.918099047] [pure_pursuit]: heading jumped +21 deg in one tick: respawn. Speed estimate 0.00 -> 0, pose history cleared.[0m
[localization_error-8] [0m[INFO] [1789225182.766043703] [localization_error]: now[200] 6.254 m / 35.63 deg  |  session[n=72188] mean 1.559 p95 6.519 max 7.002 m, heading mean 9.04 max 61.67 deg[0m
[pure_pursuit-11] [33m[WARN] [1789225184.070419649] [pure_pursuit]: heading jumped +20 deg in one tick: respawn. Speed estimate 0.00 -> 0, pose history cleared.[0m
[log_localization-9] [0m[INFO] [1789225185.408594180] [log_localization]: 3615.0 s  12658.8 m  err 6.188 m (along +3.174 cross +5.312) yaw +34.82 deg  m->o yaw +34.84 deg | fit true 0.033 est 0.203 (x6.13)  enc/true 0.964  dr_err 50.33 m[0m
[pure_pursuit-11] [33m[WARN] [1789225186.223190212] [pure_pursuit]: heading jumped +21 deg in one tick: respawn. Speed estimate 0.00 -> 0, pose history cleared.[0m
[localization_error-8] [0m[INFO] [1789225187.766877537] [localization_error]: now[200] 6.266 m / 35.11 deg  |  session[n=72288] mean 1.565 p95 6.519 max 7.002 m, heading mean 9.08 max 61.67 deg[0m
[pure_pursuit-11] [33m[WARN] [1789225188.380337403] [pure_pursuit]: heading jumped +21 deg in one tick: respawn. Speed estimate 0.00 -> 0, pose history cleared.[0m
[log_localization-9] [0m[INFO] [1789225190.408299533] [log_localization]: 3619.9 s  12662.6 m  err 6.041 m (along +2.536 cross +5.482) yaw +35.49 deg  m->o yaw +35.50 deg | fit true 0.027 est 0.334 (x12.16)  enc/true 0.963  dr_err 50.04 m[0m
[pure_pursuit-11] [33m[WARN] [1789225190.540010553] [pure_pursuit]: heading jumped +21 deg in one tick: respawn. Speed estimate 0.00 -> 0, pose history cleared.[0m
[pure_pursuit-11] [33m[WARN] [1789225192.691287451] [pure_pursuit]: heading jumped +21 deg in one tick: respawn. Speed estimate 0.00 -> 0, pose history cleared.[0m
[localization_error-8] [0m[INFO] [1789225192.766515868] [localization_error]: now[200] 6.239 m / 35.05 deg  |  session[n=72388] mean 1.572 p95 6.519 max 7.002 m, heading mean 9.12 max 61.67 deg[0m
[pure_pursuit-11] [33m[WARN] [1789225194.810934647] [pure_pursuit]: heading jumped +22 deg in one tick: respawn. Speed estimate 0.00 -> 0, pose history cleared.[0m
[log_localization-9] [0m[INFO] [1789225195.408873814] [log_localization]: 3625.0 s  12667.3 m  err 6.345 m (along +4.145 cross +4.804) yaw +35.45 deg  m->o yaw +35.48 deg | fit true 0.037 est 0.135 (x3.62)  enc/true 0.963  dr_err 50.62 m[0m
[pure_pursuit-11] [33m[WARN] [1789225196.954357138] [pure_pursuit]: heading jumped +22 deg in one tick: respawn. Speed estimate 0.00 -> 0, pose history cleared.[0m
[localization_error-8] [0m[INFO] [1789225197.765881484] [localization_error]: now[200] 6.249 m / 35.51 deg  |  session[n=72488] mean 1.578 p95 6.520 max 7.002 m, heading mean 9.15 max 61.67 deg[0m
[pure_pursuit-11] [33m[WARN] [1789225199.097928409] [pure_pursuit]: heading jumped +21 deg in one tick: respawn. Speed estimate 0.00 -> 0, pose history cleared.[0m
[log_localization-9] [0m[INFO] [1789225200.408239938] [log_localization]: 3629.9 s  12671.1 m  err 6.177 m (along +3.254 cross +5.250) yaw +33.90 deg  m->o yaw +33.89 deg | fit true 0.037 est 0.201 (x5.37)  enc/true 0.963  dr_err 50.33 m[0m
[pure_pursuit-11] [33m[WARN] [1789225201.270894471] [pure_pursuit]: heading jumped +20 deg in one tick: respawn. Speed estimate 0.00 -> 0, pose history cleared.[0m
[localization_error-8] [0m[INFO] [1789225202.766483910] [localization_error]: now[200] 6.258 m / 35.18 deg  |  session[n=72588] mean 1.585 p95 6.520 max 7.002 m, heading mean 9.19 max 61.67 deg[0m
[pure_pursuit-11] [33m[WARN] [1789225203.401834758] [pure_pursuit]: heading jumped +21 deg in one tick: respawn. Speed estimate 0.00 -> 0, pose history cleared.[0m
[log_localization-9] [0m[INFO] [1789225205.408167729] [log_localization]: 3634.9 s  12675.0 m  err 6.092 m (along +2.528 cross +5.543) yaw +35.42 deg  m->o yaw +35.42 deg | fit true 0.034 est 0.340 (x9.95)  enc/true 0.962  dr_err 50.05 m[0m
[pure_pursuit-11] [33m[WARN] [1789225205.534974744] [pure_pursuit]: heading jumped +21 deg in one tick: respawn. Speed estimate 0.00 -> 0, pose history cleared.[0m
[pure_pursuit-11] [33m[WARN] [1789225207.671919544] [pure_pursuit]: heading jumped +22 deg in one tick: respawn. Speed estimate 0.00 -> 0, pose history cleared.[0m
[localization_error-8] [0m[INFO] [1789225207.766093032] [localization_error]: now[200] 6.253 m / 34.88 deg  |  session[n=72688] mean 1.591 p95 6.520 max 7.002 m, heading mean 9.22 max 61.67 deg[0m
[pure_pursuit-11] [33m[WARN] [1789225209.778214069] [pure_pursuit]: heading jumped +23 deg in one tick: respawn. Speed estimate 0.00 -> 0, pose history cleared.[0m
[log_localization-9] [0m[INFO] [1789225210.408601494] [log_localization]: 3639.9 s  12679.6 m  err 6.367 m (along +4.059 cross +4.905) yaw +36.18 deg  m->o yaw +36.16 deg | fit true 0.041 est 0.141 (x3.46)  enc/true 0.962  dr_err 50.60 m[0m
[pure_pursuit-11] [33m[WARN] [1789225211.892193113] [pure_pursuit]: heading jumped +22 deg in one tick: respawn. Speed estimate 0.00 -> 0, pose history cleared.[0m
[localization_error-8] [0m[INFO] [1789225212.766056179] [localization_error]: now[200] 6.288 m / 35.52 deg  |  session[n=72788] mean 1.598 p95 6.521 max 7.002 m, heading mean 9.26 max 61.67 deg[0m
[pure_pursuit-11] [33m[WARN] [1789225214.050168555] [pure_pursuit]: heading jumped +21 deg in one tick: respawn. Speed estimate 0.00 -> 0, pose history cleared.[0m
[log_localization-9] [0m[INFO] [1789225215.408325903] [log_localization]: 3645.0 s  12683.4 m  err 6.160 m (along +3.097 cross +5.325) yaw +36.09 deg  m->o yaw +36.11 deg | fit true 0.038 est 0.219 (x5.80)  enc/true 0.962  dr_err 50.32 m[0m
[pure_pursuit-11] [33m[WARN] [1789225216.181500436] [pure_pursuit]: heading jumped +22 deg in one tick: respawn. Speed estimate 0.00 -> 0, pose history cleared.[0m
[localization_error-8] [0m[INFO] [1789225217.766262716] [localization_error]: now[200] 6.280 m / 35.74 deg  |  session[n=72888] mean 1.604 p95 6.521 max 7.002 m, heading mean 9.30 max 61.67 deg[0m
[pure_pursuit-11] [33m[WARN] [1789225218.321738987] [pure_pursuit]: heading jumped +22 deg in one tick: respawn. Speed estimate 0.00 -> 0, pose history cleared.[0m
[pure_pursuit-11] [0m[INFO] [1789225218.703725026] [pure_pursuit]: control_hz 45.9 -> 41.2 (tick 41.2 Hz)[0m
[pure_pursuit-11] [0m[INFO] [1789225219.702756920] [pure_pursuit]: control_hz 41.2 -> 47.6 (tick 47.6 Hz)[0m
[log_localization-9] [0m[INFO] [1789225220.408396749] [log_localization]: 3650.0 s  12687.2 m  err 6.074 m (along +2.436 cross +5.564) yaw +36.06 deg  m->o yaw +36.07 deg | fit true 0.034 est 0.361 (x10.52)  enc/true 0.961  dr_err 50.02 m[0m
[pure_pursuit-11] [33m[WARN] [1789225220.430348824] [pure_pursuit]: heading jumped +22 deg in one tick: respawn. Speed estimate 0.00 -> 0, pose history cleared.[0m
[pure_pursuit-11] [33m[WARN] [1789225222.561197073] [pure_pursuit]: heading jumped +21 deg in one tick: respawn. Speed estimate 0.00 -> 0, pose history cleared.[0m
[localization_error-8] [0m[INFO] [1789225222.766971329] [localization_error]: now[200] 6.256 m / 35.59 deg  |  session[n=72988] mean 1.610 p95 6.521 max 7.002 m, heading mean 9.33 max 61.67 deg[0m
[pure_pursuit-11] [33m[WARN] [1789225224.714188967] [pure_pursuit]: heading jumped +21 deg in one tick: respawn. Speed estimate 0.00 -> 0, pose history cleared.[0m
[log_localization-9] [0m[INFO] [1789225225.408518302] [log_localization]: 3654.9 s  12691.9 m  err 6.344 m (along +3.966 cross +4.951) yaw +35.04 deg  m->o yaw +35.06 deg | fit true 0.040 est 0.140 (x3.46)  enc/true 0.961  dr_err 50.58 m[0m
[pure_pursuit-11] [33m[WARN] [1789225226.851605125] [pure_pursuit]: heading jumped +21 deg in one tick: respawn. Speed estimate 0.00 -> 0, pose history cleared.[0m
[localization_error-8] [0m[INFO] [1789225227.765898260] [localization_error]: now[200] 6.275 m / 35.23 deg  |  session[n=73088] mean 1.617 p95 6.522 max 7.002 m, heading mean 9.37 max 61.67 deg[0m
[pure_pursuit-11] [33m[WARN] [1789225228.983295828] [pure_pursuit]: heading jumped +21 deg in one tick: respawn. Speed estimate 0.00 -> 0, pose history cleared.[0m
[log_localization-9] [0m[INFO] [1789225230.408546311] [log_localization]: 3659.9 s  12695.7 m  err 6.189 m (along +3.128 cross +5.340) yaw +34.49 deg  m->o yaw +34.51 deg | fit true 0.032 est 0.218 (x6.81)  enc/true 0.961  dr_err 50.29 m[0m
[pure_pursuit-11] [33m[WARN] [1789225231.154530907] [pure_pursuit]: heading jumped +21 deg in one tick: respawn. Speed estimate 0.00 -> 0, pose history cleared.[0m
[localization_error-8] [0m[INFO] [1789225232.765993372] [localization_error]: now[200] 6.282 m / 34.53 deg  |  session[n=73188] mean 1.623 p95 6.522 max 7.002 m, heading mean 9.40 max 61.67 deg[0m
[pure_pursuit-11] [33m[WARN] [1789225233.313920194] [pure_pursuit]: heading jumped +21 deg in one tick: respawn. Speed estimate 0.00 -> 0, pose history cleared.[0m
[log_localization-9] [0m[INFO] [1789225235.408408865] [log_localization]: 3664.9 s  12699.5 m  err 6.082 m (along +2.556 cross +5.519) yaw +34.42 deg  m->o yaw +34.42 deg | fit true 0.034 est 0.347 (x10.10)  enc/true 0.961  dr_err 50.02 m[0m
[pure_pursuit-11] [33m[WARN] [1789225235.470940953] [pure_pursuit]: heading jumped +21 deg in one tick: respawn. Speed estimate 0.00 -> 0, pose history cleared.[0m
[pure_pursuit-11] [33m[WARN] [1789225237.602797715] [pure_pursuit]: heading jumped +21 deg in one tick: respawn. Speed estimate 0.00 -> 0, pose history cleared.[0m
[localization_error-8] [0m[INFO] [1789225237.766310235] [localization_error]: now[200] 6.279 m / 34.39 deg  |  session[n=73288] mean 1.630 p95 6.522 max 7.002 m, heading mean 9.44 max 61.67 deg[0m
[pure_pursuit-11] [33m[WARN] [1789225239.760985308] [pure_pursuit]: heading jumped +20 deg in one tick: respawn. Speed estimate 0.00 -> 0, pose history cleared.[0m
[log_localization-9] [0m[INFO] [1789225240.408766460] [log_localization]: 3669.9 s  12704.2 m  err 6.343 m (along +4.138 cross +4.807) yaw +34.14 deg  m->o yaw +34.17 deg | fit true 0.042 est 0.133 (x3.19)  enc/true 0.960  dr_err 50.61 m[0m
[pure_pursuit-11] [33m[WARN] [1789225241.934691255] [pure_pursuit]: heading jumped +20 deg in one tick: respawn. Speed estimate 0.00 -> 0, pose history cleared.[0m
[localization_error-8] [0m[INFO] [1789225242.765885515] [localization_error]: now[200] 6.281 m / 34.05 deg  |  session[n=73388] mean 1.636 p95 6.523 max 7.002 m, heading mean 9.47 max 61.67 deg[0m
[pure_pursuit-11] [33m[WARN] [1789225244.113825305] [pure_pursuit]: heading jumped +21 deg in one tick: respawn. Speed estimate 0.00 -> 0, pose history cleared.[0m
[log_localization-9] [0m[INFO] [1789225245.408819860] [log_localization]: 3675.0 s  12708.0 m  err 6.192 m (along +3.189 cross +5.308) yaw +35.10 deg  m->o yaw +35.10 deg | fit true 0.038 est 0.205 (x5.46)  enc/true 0.960  dr_err 50.34 m[0m
[pure_pursuit-11] [33m[WARN] [1789225246.246316500] [pure_pursuit]: heading jumped +21 deg in one tick: respawn. Speed estimate 0.00 -> 0, pose history cleared.[0m
[localization_error-8] [0m[INFO] [1789225247.765969410] [localization_error]: now[200] 6.267 m / 34.08 deg  |  session[n=73488] mean 1.642 p95 6.523 max 7.002 m, heading mean 9.50 max 61.67 deg[0m
[pure_pursuit-11] [33m[WARN] [1789225248.403312042] [pure_pursuit]: heading jumped +21 deg in one tick: respawn. Speed estimate 0.00 -> 0, pose history cleared.[0m
[log_localization-9] [0m[INFO] [1789225250.408138614] [log_localization]: 3679.9 s  12711.9 m  err 6.032 m (along +2.667 cross +5.410) yaw +34.61 deg  m->o yaw +34.60 deg | fit true 0.029 est 0.321 (x11.00)  enc/true 0.960  dr_err 50.05 m[0m
[pure_pursuit-11] [33m[WARN] [1789225252.757218178] [pure_pursuit]: heading jumped +21 deg in one tick: respawn. Speed estimate 0.00 -> 0, pose history cleared.[0m
[localization_error-8] [0m[INFO] [1789225252.766571098] [localization_error]: now[200] 6.235 m / 34.56 deg  |  session[n=73588] mean 1.648 p95 6.523 max 7.002 m, heading mean 9.54 max 61.67 deg[0m
[pure_pursuit-11] [33m[WARN] [1789225254.914690528] [pure_pursuit]: heading jumped +21 deg in one tick: respawn. Speed estimate 0.00 -> 0, pose history cleared.[0m
[log_localization-9] [0m[INFO] [1789225255.408328669] [log_localization]: 3684.9 s  12716.5 m  err 6.382 m (along +4.291 cross +4.724) yaw +36.35 deg  m->o yaw +36.35 deg | fit true 0.041 est 0.136 (x3.28)  enc/true 0.959  dr_err 50.66 m[0m
[pure_pursuit-11] [33m[WARN] [1789225257.054742871] [pure_pursuit]: heading jumped +21 deg in one tick: respawn. Speed estimate 0.00 -> 0, pose history cleared.[0m
[localization_error-8] [0m[INFO] [1789225257.766516784] [localization_error]: now[200] 6.245 m / 34.97 deg  |  session[n=73688] mean 1.655 p95 6.523 max 7.002 m, heading mean 9.57 max 61.67 deg[0m
[pure_pursuit-11] [33m[WARN] [1789225259.225866282] [pure_pursuit]: heading jumped +21 deg in one tick: respawn. Speed estimate 0.00 -> 0, pose history cleared.[0m
[log_localization-9] [0m[INFO] [1789225260.408321935] [log_localization]: 3690.0 s  12720.4 m  err 6.183 m (along +3.361 cross +5.190) yaw +35.20 deg  m->o yaw +35.20 deg | fit true 0.038 est 0.187 (x4.92)  enc/true 0.959  dr_err 50.39 m[0m
[pure_pursuit-11] [33m[WARN] [1789225261.385378070] [pure_pursuit]: heading jumped +21 deg in one tick: respawn. Speed estimate 0.00 -> 0, pose history cleared.[0m
[localization_error-8] [0m[INFO] [1789225262.766345010] [localization_error]: now[200] 6.246 m / 35.37 deg  |  session[n=73788] mean 1.661 p95 6.523 max 7.002 m, heading mean 9.61 max 61.67 deg[0m
[pure_pursuit-11] [33m[WARN] [1789225263.538225773] [pure_pursuit]: heading jumped +21 deg in one tick: respawn. Speed estimate 0.00 -> 0, pose history cleared.[0m
[log_localization-9] [0m[INFO] [1789225265.408702657] [log_localization]: 3695.0 s  12724.2 m  err 6.056 m (along +2.713 cross +5.414) yaw +34.95 deg  m->o yaw +34.95 deg | fit true 0.035 est 0.308 (x8.78)  enc/true 0.959  dr_err 50.11 m[0m
[pure_pursuit-11] [33m[WARN] [1789225265.717788648] [pure_pursuit]: heading jumped +21 deg in one tick: respawn. Speed estimate 0.00 -> 0, pose history cleared.[0m
[localization_error-8] [0m[INFO] [1789225267.766366656] [localization_error]: now[200] 6.204 m / 35.15 deg  |  session[n=73888] mean 1.667 p95 6.523 max 7.002 m, heading mean 9.64 max 61.67 deg[0m
[pure_pursuit-11] [33m[WARN] [1789225267.878251781] [pure_pursuit]: heading jumped +21 deg in one tick: respawn. Speed estimate 0.00 -> 0, pose history cleared.[0m
[log_localization-9] [0m[INFO] [1789225270.408855446] [log_localization]: 3700.0 s  12729.0 m  err 6.379 m (along +4.615 cross +4.404) yaw +35.32 deg  m->o yaw +35.32 deg | fit true 0.042 est 0.130 (x3.07)  enc/true 0.958  dr_err 50.72 m[0m
[localization_error-8] [0m[INFO] [1789225272.766083082] [localization_error]: now[200] 6.202 m / 34.68 deg  |  session[n=73988] mean 1.673 p95 6.523 max 7.002 m, heading mean 9.67 max 61.67 deg[0m
[pure_pursuit-11] [33m[WARN] [1789225274.426535202] [pure_pursuit]: heading jumped +20 deg in one tick: respawn. Speed estimate 0.00 -> 0, pose history cleared.[0m
[log_localization-9] [0m[INFO] [1789225275.408926866] [log_localization]: 3704.9 s  12732.8 m  err 6.222 m (along +3.592 cross +5.080) yaw +36.03 deg  m->o yaw +36.03 deg | fit true 0.039 est 0.162 (x4.11)  enc/true 0.958  dr_err 50.47 m[0m
[pure_pursuit-11] [33m[WARN] [1789225276.607328354] [pure_pursuit]: heading jumped +21 deg in one tick: respawn. Speed estimate 0.00 -> 0, pose history cleared.[0m
[localization_error-8] [0m[INFO] [1789225277.766680781] [localization_error]: now[200] 6.217 m / 34.83 deg  |  session[n=74088] mean 1.679 p95 6.523 max 7.002 m, heading mean 9.71 max 61.67 deg[0m
[log_localization-9] [0m[INFO] [1789225280.408247367] [log_localization]: 3709.9 s  12736.7 m  err 6.092 m (along +3.022 cross +5.290) yaw +33.86 deg  m->o yaw +33.87 deg | fit true 0.036 est 0.244 (x6.83)  enc/true 0.958  dr_err 50.21 m[0m
[localization_error-8] [0m[INFO] [1789225282.766962495] [localization_error]: now[200] 6.210 m / 34.59 deg  |  session[n=74188] mean 1.685 p95 6.523 max 7.002 m, heading mean 9.74 max 61.67 deg[0m
[log_localization-9] [0m[INFO] [1789225285.408742477] [log_localization]: 3715.0 s  12740.5 m  err 6.001 m (along +2.546 cross +5.435) yaw +34.64 deg  m->o yaw +34.66 deg | fit true 0.033 est 0.361 (x10.91)  enc/true 0.957  dr_err 49.98 m[0m
[pure_pursuit-11] [33m[WARN] [1789225287.585807211] [pure_pursuit]: heading jumped +20 deg in one tick: respawn. Speed estimate 0.00 -> 0, pose history cleared.[0m
[localization_error-8] [0m[INFO] [1789225287.767166223] [localization_error]: now[200] 6.208 m / 34.08 deg  |  session[n=74288] mean 1.692 p95 6.524 max 7.002 m, heading mean 9.77 max 61.67 deg[0m
[pure_pursuit-11] [33m[WARN] [1789225289.778469721] [pure_pursuit]: heading jumped +20 deg in one tick: respawn. Speed estimate 0.00 -> 0, pose history cleared.[0m
[log_localization-9] [0m[INFO] [1789225290.408800660] [log_localization]: 3720.0 s  12745.3 m  err 6.316 m (along +4.075 cross +4.826) yaw +36.37 deg  m->o yaw +36.36 deg | fit true 0.041 est 0.138 (x3.37)  enc/true 0.957  dr_err 50.60 m[0m
[pure_pursuit-11] [33m[WARN] [1789225291.940027711] [pure_pursuit]: heading jumped +21 deg in one tick: respawn. Speed estimate 0.00 -> 0, pose history cleared.[0m
[localization_error-8] [0m[INFO] [1789225292.765917352] [localization_error]: now[200] 6.226 m / 34.84 deg  |  session[n=74388] mean 1.698 p95 6.524 max 7.002 m, heading mean 9.81 max 61.67 deg[0m
[pure_pursuit-11] [33m[WARN] [1789225294.121905989] [pure_pursuit]: heading jumped +21 deg in one tick: respawn. Speed estimate 0.00 -> 0, pose history cleared.[0m
[log_localization-9] [0m[INFO] [1789225295.408699235] [log_localization]: 3725.0 s  12749.1 m  err 6.134 m (along +3.237 cross +5.211) yaw +36.35 deg  m->o yaw +36.37 deg | fit true 0.038 est 0.201 (x5.37)  enc/true 0.957  dr_err 50.34 m[0m
[pure_pursuit-11] [33m[WARN] [1789225296.273092786] [pure_pursuit]: heading jumped +21 deg in one tick: respawn. Speed estimate 0.00 -> 0, pose history cleared.[0m
[localization_error-8] [0m[INFO] [1789225297.766029920] [localization_error]: now[200] 6.218 m / 35.91 deg  |  session[n=74488] mean 1.704 p95 6.524 max 7.002 m, heading mean 9.84 max 61.67 deg[0m
[pure_pursuit-11] [33m[WARN] [1789225298.430810618] [pure_pursuit]: heading jumped +20 deg in one tick: respawn. Speed estimate 0.00 -> 0, pose history cleared.[0m
[log_localization-9] [0m[INFO] [1789225300.408265653] [log_localization]: 3730.0 s  12753.0 m  err 5.993 m (along +2.643 cross +5.379) yaw +36.03 deg  m->o yaw +36.03 deg | fit true 0.029 est 0.318 (x10.80)  enc/true 0.956  dr_err 50.07 m[0m
[pure_pursuit-11] [33m[WARN] [1789225300.603742367] [pure_pursuit]: heading jumped +20 deg in one tick: respawn. Speed estimate 0.00 -> 0, pose history cleared.[0m
[localization_error-8] [0m[INFO] [1789225302.766551721] [localization_error]: now[200] 6.183 m / 35.89 deg  |  session[n=74588] mean 1.710 p95 6.524 max 7.002 m, heading mean 9.88 max 61.67 deg[0m
[log_localization-9] [0m[INFO] [1789225305.409007772] [log_localization]: 3735.0 s  12757.7 m  err 6.374 m (along +4.466 cross +4.549) yaw +37.03 deg  m->o yaw +37.01 deg | fit true 0.042 est 0.132 (x3.16)  enc/true 0.956  dr_err 50.69 m[0m
[pure_pursuit-11] [33m[WARN] [1789225307.156558666] [pure_pursuit]: heading jumped +21 deg in one tick: respawn. Speed estimate 0.00 -> 0, pose history cleared.[0m
[localization_error-8] [0m[INFO] [1789225307.765855691] [localization_error]: now[200] 6.200 m / 35.69 deg  |  session[n=74688] mean 1.716 p95 6.524 max 7.002 m, heading mean 9.91 max 61.67 deg[0m
[pure_pursuit-11] [33m[WARN] [1789225309.313597357] [pure_pursuit]: heading jumped +21 deg in one tick: respawn. Speed estimate 0.00 -> 0, pose history cleared.[0m
[log_localization-9] [0m[INFO] [1789225310.408705380] [log_localization]: 3740.0 s  12761.5 m  err 6.197 m (along +3.449 cross +5.149) yaw +36.36 deg  m->o yaw +36.38 deg | fit true 0.039 est 0.175 (x4.51)  enc/true 0.956  dr_err 50.43 m[0m
[pure_pursuit-11] [33m[WARN] [1789225311.468906996] [pure_pursuit]: heading jumped +21 deg in one tick: respawn. Speed estimate 0.00 -> 0, pose history cleared.[0m
[localization_error-8] [0m[INFO] [1789225312.766278790] [localization_error]: now[200] 6.227 m / 35.92 deg  |  session[n=74788] mean 1.722 p95 6.524 max 7.002 m, heading mean 9.95 max 61.67 deg[0m
[log_localization-9] [0m[INFO] [1789225315.408675628] [log_localization]: 3745.0 s  12765.4 m  err 6.029 m (along +2.951 cross +5.257) yaw +34.16 deg  m->o yaw +34.16 deg | fit true 0.031 est 0.252 (x8.19)  enc/true 0.956  dr_err 50.17 m[0m
[localization_error-8] [0m[INFO] [1789225317.766288326] [localization_error]: now[200] 6.195 m / 35.14 deg  |  session[n=74888] mean 1.728 p95 6.524 max 7.002 m, heading mean 9.98 max 61.67 deg[0m
[log_localization-9] [0m[INFO] [1789225320.408207551] [log_localization]: 3749.9 s  12770.2 m  err 6.494 m (along +5.093 cross +4.029) yaw +36.85 deg  m->o yaw +36.85 deg | fit true 0.043 est 0.133 (x3.09)  enc/true 0.955  dr_err 50.82 m[0m
[localization_error-8] [0m[INFO] [1789225322.766076226] [localization_error]: now[200] 6.183 m / 34.84 deg  |  session[n=74988] mean 1.734 p95 6.524 max 7.002 m, heading mean 10.01 max 61.67 deg[0m
[pure_pursuit-11] [33m[WARN] [1789225324.694123484] [pure_pursuit]: heading jumped +20 deg in one tick: respawn. Speed estimate 0.00 -> 0, pose history cleared.[0m
[log_localization-9] [0m[INFO] [1789225325.408539581] [log_localization]: 3755.0 s  12774.0 m  err 6.345 m (along +3.991 cross +4.932) yaw +36.99 deg  m->o yaw +36.98 deg | fit true 0.041 est 0.145 (x3.56)  enc/true 0.955  dr_err 50.57 m[0m
[pure_pursuit-11] [33m[WARN] [1789225326.828376592] [pure_pursuit]: heading jumped +22 deg in one tick: respawn. Speed estimate 0.00 -> 0, pose history cleared.[0m
[localization_error-8] [0m[INFO] [1789225327.765867120] [localization_error]: now[200] 6.233 m / 35.75 deg  |  session[n=75088] mean 1.740 p95 6.524 max 7.002 m, heading mean 10.05 max 61.67 deg[0m
[pure_pursuit-11] [33m[WARN] [1789225328.939032763] [pure_pursuit]: heading jumped +22 deg in one tick: respawn. Speed estimate 0.00 -> 0, pose history cleared.[0m
[log_localization-9] [0m[INFO] [1789225330.408205039] [log_localization]: 3759.9 s  12777.9 m  err 6.150 m (along +3.016 cross +5.360) yaw +35.21 deg  m->o yaw +35.22 deg | fit true 0.033 est 0.227 (x6.99)  enc/true 0.955  dr_err 50.27 m[0m
[pure_pursuit-11] [33m[WARN] [1789225331.070262378] [pure_pursuit]: heading jumped +21 deg in one tick: respawn. Speed estimate 0.00 -> 0, pose history cleared.[0m
[localization_error-8] [0m[INFO] [1789225332.766561970] [localization_error]: now[200] 6.254 m / 35.99 deg  |  session[n=75188] mean 1.746 p95 6.524 max 7.002 m, heading mean 10.08 max 61.67 deg[0m
[pure_pursuit-11] [33m[WARN] [1789225333.228973236] [pure_pursuit]: heading jumped +21 deg in one tick: respawn. Speed estimate 0.00 -> 0, pose history cleared.[0m
[log_localization-9] [0m[INFO] [1789225335.408838927] [log_localization]: 3765.0 s  12781.7 m  err 6.001 m (along +2.510 cross +5.451) yaw +34.37 deg  m->o yaw +34.38 deg | fit true 0.034 est 0.371 (x10.96)  enc/true 0.954  dr_err 49.99 m[0m
[pure_pursuit-11] [33m[WARN] [1789225335.409378906] [pure_pursuit]: heading jumped +20 deg in one tick: respawn. Speed estimate 0.00 -> 0, pose history cleared.[0m
[localization_error-8] [0m[INFO] [1789225337.766916453] [localization_error]: now[200] 6.235 m / 34.95 deg  |  session[n=75288] mean 1.752 p95 6.524 max 7.002 m, heading mean 10.12 max 61.67 deg[0m
[pure_pursuit-11] [33m[WARN] [1789225339.761326852] [pure_pursuit]: heading jumped +21 deg in one tick: respawn. Speed estimate 0.00 -> 0, pose history cleared.[0m
[log_localization-9] [0m[INFO] [1789225340.409286111] [log_localization]: 3770.0 s  12786.4 m  err 6.360 m (along +4.044 cross +4.909) yaw +35.11 deg  m->o yaw +35.14 deg | fit true 0.041 est 0.142 (x3.46)  enc/true 0.954  dr_err 50.60 m[0m
[pure_pursuit-11] [33m[WARN] [1789225341.870797487] [pure_pursuit]: heading jumped +22 deg in one tick: respawn. Speed estimate 0.00 -> 0, pose history cleared.[0m
[localization_error-8] [0m[INFO] [1789225342.765916250] [localization_error]: now[200] 6.263 m / 34.29 deg  |  session[n=75388] mean 1.758 p95 6.524 max 7.002 m, heading mean 10.15 max 61.67 deg[0m
[pure_pursuit-11] [33m[WARN] [1789225343.982436203] [pure_pursuit]: heading jumped +22 deg in one tick: respawn. Speed estimate 0.00 -> 0, pose history cleared.[0m
[log_localization-9] [0m[INFO] [1789225345.408396881] [log_localization]: 3775.0 s  12790.2 m  err 6.133 m (along +3.092 cross +5.296) yaw +34.40 deg  m->o yaw +34.41 deg | fit true 0.033 est 0.227 (x6.92)  enc/true 0.954  dr_err 50.29 m[0m
[pure_pursuit-11] [33m[WARN] [1789225346.140287346] [pure_pursuit]: heading jumped +21 deg in one tick: respawn. Speed estimate 0.00 -> 0, pose history cleared.[0m
[localization_error-8] [0m[INFO] [1789225347.767086710] [localization_error]: now[200] 6.274 m / 34.64 deg  |  session[n=75488] mean 1.764 p95 6.525 max 7.002 m, heading mean 10.18 max 61.67 deg[0m
[pure_pursuit-11] [33m[WARN] [1789225348.251095641] [pure_pursuit]: heading jumped +22 deg in one tick: respawn. Speed estimate 0.00 -> 0, pose history cleared.[0m
[log_localization-9] [0m[INFO] [1789225350.408696502] [log_localization]: 3780.0 s  12794.0 m  err 5.981 m (along +2.453 cross +5.455) yaw +35.70 deg  m->o yaw +35.70 deg | fit true 0.028 est 0.370 (x13.10)  enc/true 0.953  dr_err 49.99 m[0m
[pure_pursuit-11] [33m[WARN] [1789225350.430800473] [pure_pursuit]: heading jumped +21 deg in one tick: respawn. Speed estimate 0.00 -> 0, pose history cleared.[0m
[pure_pursuit-11] [33m[WARN] [1789225352.582866538] [pure_pursuit]: heading jumped +20 deg in one tick: respawn. Speed estimate 0.00 -> 0, pose history cleared.[0m
[localization_error-8] [0m[INFO] [1789225352.766849718] [localization_error]: now[200] 6.233 m / 35.12 deg  |  session[n=75588] mean 1.769 p95 6.525 max 7.002 m, heading mean 10.21 max 61.67 deg[0m
[pure_pursuit-11] [33m[WARN] [1789225354.761632989] [pure_pursuit]: heading jumped +21 deg in one tick: respawn. Speed estimate 0.00 -> 0, pose history cleared.[0m
[log_localization-9] [0m[INFO] [1789225355.408537778] [log_localization]: 3785.0 s  12798.7 m  err 6.312 m (along +4.048 cross +4.844) yaw +36.32 deg  m->o yaw +36.08 deg | fit true 0.037 est 0.138 (x3.75)  enc/true 0.953  dr_err 50.60 m[0m
[pure_pursuit-11] [33m[WARN] [1789225356.920130906] [pure_pursuit]: heading jumped +21 deg in one tick: respawn. Speed estimate 0.00 -> 0, pose history cleared.[0m
[localization_error-8] [0m[INFO] [1789225357.766177850] [localization_error]: now[200] 6.230 m / 35.42 deg  |  session[n=75688] mean 1.775 p95 6.525 max 7.002 m, heading mean 10.25 max 61.67 deg[0m
[pure_pursuit-11] [33m[WARN] [1789225359.072240908] [pure_pursuit]: heading jumped +21 deg in one tick: respawn. Speed estimate 0.00 -> 0, pose history cleared.[0m
[log_localization-9] [0m[INFO] [1789225360.408756240] [log_localization]: 3790.0 s  12802.6 m  err 6.162 m (along +3.174 cross +5.282) yaw +35.47 deg  m->o yaw +35.48 deg | fit true 0.038 est 0.209 (x5.53)  enc/true 0.953  dr_err 50.32 m[0m
[pure_pursuit-11] [33m[WARN] [1789225361.223205407] [pure_pursuit]: heading jumped +21 deg in one tick: respawn. Speed estimate 0.00 -> 0, pose history cleared.[0m
[localization_error-8] [0m[INFO] [1789225362.766787771] [localization_error]: now[200] 6.241 m / 35.28 deg  |  session[n=75788] mean 1.781 p95 6.525 max 7.002 m, heading mean 10.28 max 61.67 deg[0m
[pure_pursuit-11] [33m[WARN] [1789225363.383796174] [pure_pursuit]: heading jumped +21 deg in one tick: respawn. Speed estimate 0.00 -> 0, pose history cleared.[0m
[log_localization-9] [0m[INFO] [1789225365.408227358] [log_localization]: 3794.9 s  12806.4 m  err 6.037 m (along +2.539 cross +5.476) yaw +35.93 deg  m->o yaw +35.93 deg | fit true 0.029 est 0.331 (x11.38)  enc/true 0.952  dr_err 50.04 m[0m
[pure_pursuit-11] [33m[WARN] [1789225365.537375200] [pure_pursuit]: heading jumped +21 deg in one tick: respawn. Speed estimate 0.00 -> 0, pose history cleared.[0m
[pure_pursuit-11] [33m[WARN] [1789225367.693552863] [pure_pursuit]: heading jumped +21 deg in one tick: respawn. Speed estimate 0.00 -> 0, pose history cleared.[0m
[localization_error-8] [0m[INFO] [1789225367.766306889] [localization_error]: now[200] 6.243 m / 35.16 deg  |  session[n=75888] mean 1.787 p95 6.526 max 7.002 m, heading mean 10.31 max 61.67 deg[0m
[pure_pursuit-11] [33m[WARN] [1789225369.830602565] [pure_pursuit]: heading jumped +21 deg in one tick: respawn. Speed estimate 0.00 -> 0, pose history cleared.[0m
[log_localization-9] [0m[INFO] [1789225370.408696295] [log_localization]: 3799.9 s  12811.1 m  err 6.391 m (along +4.243 cross +4.779) yaw +35.77 deg  m->o yaw +35.78 deg | fit true 0.041 est 0.136 (x3.31)  enc/true 0.952  dr_err 50.62 m[0m
[pure_pursuit-11] [33m[WARN] [1789225371.982288592] [pure_pursuit]: heading jumped +22 deg in one tick: respawn. Speed estimate 0.00 -> 0, pose history cleared.[0m
[localization_error-8] [0m[INFO] [1789225372.765976360] [localization_error]: now[200] 6.283 m / 35.42 deg  |  session[n=75988] mean 1.793 p95 6.526 max 7.002 m, heading mean 10.35 max 61.67 deg[0m
[pure_pursuit-11] [33m[WARN] [1789225374.113333302] [pure_pursuit]: heading jumped +22 deg in one tick: respawn. Speed estimate 0.00 -> 0, pose history cleared.[0m
[log_localization-9] [0m[INFO] [1789225375.408259530] [log_localization]: 3805.0 s  12814.9 m  err 6.258 m (along +3.161 cross +5.401) yaw +36.05 deg  m->o yaw +36.06 deg | fit true 0.038 est 0.199 (x5.22)  enc/true 0.952  dr_err 50.34 m[0m
[pure_pursuit-11] [33m[WARN] [1789225376.225588846] [pure_pursuit]: heading jumped +22 deg in one tick: respawn. Speed estimate 0.00 -> 0, pose history cleared.[0m
[localization_error-8] [0m[INFO] [1789225377.765937390] [localization_error]: now[200] 6.312 m / 35.92 deg  |  session[n=76088] mean 1.799 p95 6.526 max 7.002 m, heading mean 10.38 max 61.67 deg[0m
[pure_pursuit-11] [33m[WARN] [1789225378.356516467] [pure_pursuit]: heading jumped +22 deg in one tick: respawn. Speed estimate 0.00 -> 0, pose history cleared.[0m
[log_localization-9] [0m[INFO] [1789225380.408770487] [log_localization]: 3810.0 s  12818.7 m  err 6.049 m (along +2.555 cross +5.483) yaw +36.70 deg  m->o yaw +36.69 deg | fit true 0.029 est 0.328 (x11.24)  enc/true 0.952  dr_err 50.03 m[0m
[pure_pursuit-11] [33m[WARN] [1789225380.491837860] [pure_pursuit]: heading jumped +21 deg in one tick: respawn. Speed estimate 0.00 -> 0, pose history cleared.[0m
[pure_pursuit-11] [33m[WARN] [1789225382.644606769] [pure_pursuit]: heading jumped +21 deg in one tick: respawn. Speed estimate 0.00 -> 0, pose history cleared.[0m
[localization_error-8] [0m[INFO] [1789225382.766602885] [localization_error]: now[200] 6.284 m / 36.36 deg  |  session[n=76188] mean 1.805 p95 6.527 max 7.002 m, heading mean 10.41 max 61.67 deg[0m
[pure_pursuit-11] [33m[WARN] [1789225384.782830544] [pure_pursuit]: heading jumped +22 deg in one tick: respawn. Speed estimate 0.00 -> 0, pose history cleared.[0m
[log_localization-9] [0m[INFO] [1789225385.409016030] [log_localization]: 3815.0 s  12823.4 m  err 6.363 m (along +4.107 cross +4.860) yaw +37.06 deg  m->o yaw +37.05 deg | fit true 0.042 est 0.139 (x3.34)  enc/true 0.951  dr_err 50.62 m[0m
[pure_pursuit-11] [33m[WARN] [1789225386.891813996] [pure_pursuit]: heading jumped +22 deg in one tick: respawn. Speed estimate 0.00 -> 0, pose history cleared.[0m
[localization_error-8] [0m[INFO] [1789225387.766014751] [localization_error]: now[200] 6.275 m / 36.52 deg  |  session[n=76288] mean 1.811 p95 6.527 max 7.002 m, heading mean 10.45 max 61.67 deg[0m
[pure_pursuit-11] [33m[WARN] [1789225389.030712726] [pure_pursuit]: heading jumped +21 deg in one tick: respawn. Speed estimate 0.00 -> 0, pose history cleared.[0m
[log_localization-9] [0m[INFO] [1789225390.408723609] [log_localization]: 3820.0 s  12827.2 m  err 6.194 m (along +3.091 cross +5.368) yaw +36.64 deg  m->o yaw +36.62 deg | fit true 0.038 est 0.212 (x5.64)  enc/true 0.951  dr_err 50.31 m[0m
[pure_pursuit-11] [33m[WARN] [1789225391.164791056] [pure_pursuit]: heading jumped +22 deg in one tick: respawn. Speed estimate 0.00 -> 0, pose history cleared.[0m
[localization_error-8] [0m[INFO] [1789225392.766929724] [localization_error]: now[200] 6.275 m / 36.45 deg  |  session[n=76388] mean 1.817 p95 6.527 max 7.002 m, heading mean 10.48 max 61.67 deg[0m
[pure_pursuit-11] [33m[WARN] [1789225393.272704590] [pure_pursuit]: heading jumped +22 deg in one tick: respawn. Speed estimate 0.00 -> 0, pose history cleared.[0m
[log_localization-9] [0m[INFO] [1789225395.408257833] [log_localization]: 3824.9 s  12831.0 m  err 6.009 m (along +2.498 cross +5.466) yaw +35.65 deg  m->o yaw +35.65 deg | fit true 0.028 est 0.355 (x12.60)  enc/true 0.951  dr_err 50.00 m[0m
[pure_pursuit-11] [33m[WARN] [1789225395.424048808] [pure_pursuit]: heading jumped +21 deg in one tick: respawn. Speed estimate 0.00 -> 0, pose history cleared.[0m
[pure_pursuit-11] [33m[WARN] [1789225397.603487182] [pure_pursuit]: heading jumped +21 deg in one tick: respawn. Speed estimate 0.00 -> 0, pose history cleared.[0m
[localization_error-8] [0m[INFO] [1789225397.766894648] [localization_error]: now[200] 6.246 m / 35.96 deg  |  session[n=76488] mean 1.822 p95 6.524 max 7.002 m, heading mean 10.52 max 61.67 deg[0m
[pure_pursuit-11] [33m[WARN] [1789225399.764026448] [pure_pursuit]: heading jumped +21 deg in one tick: respawn. Speed estimate 0.00 -> 0, pose history cleared.[0m
[log_localization-9] [0m[INFO] [1789225400.408556403] [log_localization]: 3830.0 s  12835.7 m  err 6.307 m (along +4.133 cross +4.764) yaw +36.40 deg  m->o yaw +36.39 deg | fit true 0.042 est 0.138 (x3.30)  enc/true 0.950  dr_err 50.61 m[0m
[pure_pursuit-11] [33m[WARN] [1789225401.935957891] [pure_pursuit]: heading jumped +20 deg in one tick: respawn. Speed estimate 0.00 -> 0, pose history cleared.[0m
[localization_error-8] [0m[INFO] [1789225402.765997060] [localization_error]: now[200] 6.237 m / 35.51 deg  |  session[n=76588] mean 1.828 p95 6.523 max 7.002 m, heading mean 10.55 max 61.67 deg[0m
[log_localization-9] [0m[INFO] [1789225405.408476217] [log_localization]: 3834.9 s  12839.5 m  err 6.162 m (along +3.355 cross +5.168) yaw +34.17 deg  m->o yaw +34.17 deg | fit true 0.037 est 0.183 (x4.89)  enc/true 0.950  dr_err 50.35 m[0m
[localization_error-8] [0m[INFO] [1789225407.766583484] [localization_error]: now[200] 6.231 m / 35.05 deg  |  session[n=76688] mean 1.834 p95 6.521 max 7.002 m, heading mean 10.58 max 61.67 deg[0m
[log_localization-9] [0m[INFO] [1789225410.408133737] [log_localization]: 3839.9 s  12843.4 m  err 6.054 m (along +2.842 cross +5.345) yaw +34.40 deg  m->o yaw +34.40 deg | fit true 0.030 est 0.285 (x9.61)  enc/true 0.950  dr_err 50.10 m[0m
[localization_error-8] [0m[INFO] [1789225412.766160528] [localization_error]: now[200] 6.221 m / 34.40 deg  |  session[n=76788] mean 1.840 p95 6.520 max 7.002 m, heading mean 10.61 max 61.67 deg[0m
[pure_pursuit-11] [33m[WARN] [1789225412.916884142] [pure_pursuit]: heading jumped +20 deg in one tick: respawn. Speed estimate 0.00 -> 0, pose history cleared.[0m
[pure_pursuit-11] [33m[WARN] [1789225415.047873334] [pure_pursuit]: heading jumped +21 deg in one tick: respawn. Speed estimate 0.00 -> 0, pose history cleared.[0m
[log_localization-9] [0m[INFO] [1789225415.408686162] [log_localization]: 3845.0 s  12848.1 m  err 6.445 m (along +4.613 cross +4.502) yaw +36.38 deg  m->o yaw +36.38 deg | fit true 0.042 est 0.134 (x3.16)  enc/true 0.949  dr_err 50.72 m[0m
[pure_pursuit-11] [33m[WARN] [1789225417.186432935] [pure_pursuit]: heading jumped +21 deg in one tick: respawn. Speed estimate 0.00 -> 0, pose history cleared.[0m
[localization_error-8] [0m[INFO] [1789225417.766013354] [localization_error]: now[200] 6.251 m / 34.98 deg  |  session[n=76888] mean 1.845 p95 6.520 max 7.002 m, heading mean 10.64 max 61.67 deg[0m
[pure_pursuit-11] [33m[WARN] [1789225419.338732056] [pure_pursuit]: heading jumped +21 deg in one tick: respawn. Speed estimate 0.00 -> 0, pose history cleared.[0m
[log_localization-9] [0m[INFO] [1789225420.408844139] [log_localization]: 3850.0 s  12852.0 m  err 6.247 m (along +3.476 cross +5.191) yaw +36.10 deg  m->o yaw +36.07 deg | fit true 0.035 est 0.160 (x4.61)  enc/true 0.949  dr_err 50.44 m[0m
[pure_pursuit-11] [33m[WARN] [1789225421.475574731] [pure_pursuit]: heading jumped +21 deg in one tick: respawn. Speed estimate 0.00 -> 0, pose history cleared.[0m
[localization_error-8] [0m[INFO] [1789225422.766905435] [localization_error]: now[200] 6.270 m / 35.75 deg  |  session[n=76988] mean 1.851 p95 6.519 max 7.002 m, heading mean 10.68 max 61.67 deg[0m
[pure_pursuit-11] [33m[WARN] [1789225423.648389248] [pure_pursuit]: heading jumped +21 deg in one tick: respawn. Speed estimate 0.00 -> 0, pose history cleared.[0m
[log_localization-9] [0m[INFO] [1789225425.408186191] [log_localization]: 3854.9 s  12855.8 m  err 6.070 m (along +2.809 cross +5.381) yaw +36.35 deg  m->o yaw +36.35 deg | fit true 0.031 est 0.268 (x8.77)  enc/true 0.949  dr_err 50.15 m[0m
[pure_pursuit-11] [33m[WARN] [1789225425.807419216] [pure_pursuit]: heading jumped +21 deg in one tick: respawn. Speed estimate 0.00 -> 0, pose history cleared.[0m
[localization_error-8] [0m[INFO] [1789225427.765989100] [localization_error]: now[200] 6.239 m / 35.87 deg  |  session[n=77088] mean 1.857 p95 6.518 max 7.002 m, heading mean 10.71 max 61.67 deg[0m
[pure_pursuit-11] [33m[WARN] [1789225427.959451861] [pure_pursuit]: heading jumped +21 deg in one tick: respawn. Speed estimate 0.00 -> 0, pose history cleared.[0m
[pure_pursuit-11] [33m[WARN] [1789225430.113969323] [pure_pursuit]: heading jumped +21 deg in one tick: respawn. Speed estimate 0.00 -> 0, pose history cleared.[0m
[log_localization-9] [0m[INFO] [1789225430.408206829] [log_localization]: 3859.9 s  12860.5 m  err 6.437 m (along +4.731 cross +4.364) yaw +36.58 deg  m->o yaw +36.60 deg | fit true 0.042 est 0.133 (x3.16)  enc/true 0.948  dr_err 50.74 m[0m
[pure_pursuit-11] [33m[WARN] [1789225432.292451259] [pure_pursuit]: heading jumped +20 deg in one tick: respawn. Speed estimate 0.00 -> 0, pose history cleared.[0m
[localization_error-8] [0m[INFO] [1789225432.766244369] [localization_error]: now[200] 6.234 m / 35.90 deg  |  session[n=77188] mean 1.862 p95 6.518 max 7.002 m, heading mean 10.74 max 61.67 deg[0m
[pure_pursuit-11] [33m[WARN] [1789225434.469909992] [pure_pursuit]: heading jumped +21 deg in one tick: respawn. Speed estimate 0.00 -> 0, pose history cleared.[0m
[log_localization-9] [0m[INFO] [1789225435.408809315] [log_localization]: 3865.0 s  12864.3 m  err 6.266 m (along +3.713 cross +5.047) yaw +35.18 deg  m->o yaw +35.17 deg | fit true 0.039 est 0.146 (x3.73)  enc/true 0.948  dr_err 50.48 m[0m
[pure_pursuit-11] [33m[WARN] [1789225436.628547987] [pure_pursuit]: heading jumped +20 deg in one tick: respawn. Speed estimate 0.00 -> 0, pose history cleared.[0m
[localization_error-8] [0m[INFO] [1789225437.765883207] [localization_error]: now[200] 6.254 m / 35.67 deg  |  session[n=77288] mean 1.868 p95 6.517 max 7.002 m, heading mean 10.77 max 61.67 deg[0m
[pure_pursuit-11] [33m[WARN] [1789225438.759836651] [pure_pursuit]: heading jumped +22 deg in one tick: respawn. Speed estimate 0.00 -> 0, pose history cleared.[0m
[log_localization-9] [0m[INFO] [1789225440.409091051] [log_localization]: 3870.0 s  12868.2 m  err 6.101 m (along +2.861 cross +5.389) yaw +36.41 deg  m->o yaw +36.42 deg | fit true 0.036 est 0.254 (x7.01)  enc/true 0.948  dr_err 50.20 m[0m
[pure_pursuit-11] [33m[WARN] [1789225440.913912169] [pure_pursuit]: heading jumped +21 deg in one tick: respawn. Speed estimate 0.00 -> 0, pose history cleared.[0m
[localization_error-8] [0m[INFO] [1789225442.765975712] [localization_error]: now[200] 6.244 m / 36.01 deg  |  session[n=77388] mean 1.874 p95 6.517 max 7.002 m, heading mean 10.81 max 61.67 deg[0m
[pure_pursuit-11] [33m[WARN] [1789225443.098536075] [pure_pursuit]: heading jumped +20 deg in one tick: respawn. Speed estimate 0.00 -> 0, pose history cleared.[0m
[pure_pursuit-11] [33m[WARN] [1789225445.268426196] [pure_pursuit]: heading jumped +20 deg in one tick: respawn. Speed estimate 0.00 -> 0, pose history cleared.[0m
[log_localization-9] [0m[INFO] [1789225445.408753178] [log_localization]: 3875.0 s  12872.9 m  err 6.458 m (along +4.967 cross +4.128) yaw +37.17 deg  m->o yaw +36.94 deg | fit true 0.039 est 0.134 (x3.41)  enc/true 0.948  dr_err 50.79 m[0m
[pure_pursuit-11] [33m[WARN] [1789225447.452195452] [pure_pursuit]: heading jumped +20 deg in one tick: respawn. Speed estimate 0.00 -> 0, pose history cleared.[0m
[localization_error-8] [0m[INFO] [1789225447.766572330] [localization_error]: now[200] 6.220 m / 36.44 deg  |  session[n=77488] mean 1.879 p95 6.517 max 7.002 m, heading mean 10.84 max 61.67 deg[0m
[pure_pursuit-11] [33m[WARN] [1789225449.630167142] [pure_pursuit]: heading jumped +20 deg in one tick: respawn. Speed estimate 0.00 -> 0, pose history cleared.[0m
[log_localization-9] [0m[INFO] [1789225450.408138366] [log_localization]: 3879.9 s  12876.8 m  err 6.224 m (along +3.839 cross +4.899) yaw +37.36 deg  m->o yaw +37.04 deg | fit true 0.036 est 0.141 (x3.92)  enc/true 0.947  dr_err 50.55 m[0m
[localization_error-8] [0m[INFO] [1789225452.766240390] [localization_error]: now[200] 6.198 m / 36.47 deg  |  session[n=77588] mean 1.885 p95 6.517 max 7.002 m, heading mean 10.87 max 61.67 deg[0m
[log_localization-9] [0m[INFO] [1789225455.408540323] [log_localization]: 3885.0 s  12880.6 m  err 6.066 m (along +3.195 cross +5.156) yaw +35.61 deg  m->o yaw +35.48 deg | fit true 0.032 est 0.204 (x6.34)  enc/true 0.947  dr_err 50.30 m[0m
[localization_error-8] [0m[INFO] [1789225457.765865689] [localization_error]: now[200] 6.169 m / 36.11 deg  |  session[n=77688] mean 1.890 p95 6.517 max 7.002 m, heading mean 10.90 max 61.67 deg[0m
[log_localization-9] [0m[INFO] [1789225460.408209227] [log_localization]: 3889.9 s  12884.4 m  err 5.977 m (along +2.664 cross +5.350) yaw +36.26 deg  m->o yaw +36.26 deg | fit true 0.029 est 0.314 (x10.75)  enc/true 0.947  dr_err 50.05 m[0m
[localization_error-8] [0m[INFO] [1789225462.767196323] [localization_error]: now[200] 6.154 m / 35.68 deg  |  session[n=77788] mean 1.896 p95 6.516 max 7.002 m, heading mean 10.94 max 61.67 deg[0m
[log_localization-9] [0m[INFO] [1789225465.408664122] [log_localization]: 3894.9 s  12889.2 m  err 6.382 m (along +4.531 cross +4.494) yaw +35.76 deg  m->o yaw +35.76 deg | fit true 0.042 est 0.131 (x3.10)  enc/true 0.946  dr_err 50.69 m[0m
[localization_error-8] [0m[INFO] [1789225467.765978879] [localization_error]: now[200] 6.191 m / 35.59 deg  |  session[n=77888] mean 1.901 p95 6.516 max 7.002 m, heading mean 10.97 max 61.67 deg[0m
[log_localization-9] [0m[INFO] [1789225470.408548213] [log_localization]: 3900.0 s  12893.0 m  err 6.188 m (along +3.582 cross +5.046) yaw +36.25 deg  m->o yaw +36.23 deg | fit true 0.035 est 0.156 (x4.46)  enc/true 0.946  dr_err 50.45 m[0m
[localization_error-8] [0m[INFO] [1789225472.766385289] [localization_error]: now[200] 6.213 m / 35.84 deg  |  session[n=77988] mean 1.907 p95 6.516 max 7.002 m, heading mean 11.00 max 61.67 deg[0m
[pure_pursuit-11] [33m[WARN] [1789225473.738494197] [pure_pursuit]: heading jumped +20 deg in one tick: respawn. Speed estimate 0.00 -> 0, pose history cleared.[0m
[log_localization-9] [0m[INFO] [1789225475.408279933] [log_localization]: 3904.9 s  12896.9 m  err 6.093 m (along +2.926 cross +5.344) yaw +36.93 deg  m->o yaw +36.94 deg | fit true 0.031 est 0.248 (x7.94)  enc/true 0.946  dr_err 50.19 m[0m
[pure_pursuit-11] [33m[WARN] [1789225475.911622057] [pure_pursuit]: heading jumped +21 deg in one tick: respawn. Speed estimate 0.00 -> 0, pose history cleared.[0m
[localization_error-8] [0m[INFO] [1789225477.766205153] [localization_error]: now[200] 6.196 m / 36.36 deg  |  session[n=78088] mean 1.912 p95 6.516 max 7.002 m, heading mean 11.03 max 61.67 deg[0m
[pure_pursuit-11] [33m[WARN] [1789225478.070359630] [pure_pursuit]: heading jumped +21 deg in one tick: respawn. Speed estimate 0.00 -> 0, pose history cleared.[0m
[pure_pursuit-11] [33m[WARN] [1789225480.228455412] [pure_pursuit]: heading jumped +20 deg in one tick: respawn. Speed estimate 0.00 -> 0, pose history cleared.[0m
[log_localization-9] [0m[INFO] [1789225480.408659752] [log_localization]: 3910.0 s  12901.6 m  err 6.423 m (along +4.896 cross +4.157) yaw +36.27 deg  m->o yaw +36.23 deg | fit true 0.042 est 0.129 (x3.03)  enc/true 0.945  dr_err 50.78 m[0m
[pure_pursuit-11] [33m[WARN] [1789225482.407902037] [pure_pursuit]: heading jumped +21 deg in one tick: respawn. Speed estimate 0.00 -> 0, pose history cleared.[0m
[localization_error-8] [0m[INFO] [1789225482.765982404] [localization_error]: now[200] 6.193 m / 36.34 deg  |  session[n=78188] mean 1.918 p95 6.515 max 7.002 m, heading mean 11.06 max 61.67 deg[0m
[pure_pursuit-11] [33m[WARN] [1789225484.560429461] [pure_pursuit]: heading jumped +21 deg in one tick: respawn. Speed estimate 0.00 -> 0, pose history cleared.[0m
[log_localization-9] [0m[INFO] [1789225485.408235479] [log_localization]: 3914.9 s  12905.5 m  err 6.224 m (along +3.709 cross +4.999) yaw +36.76 deg  m->o yaw +36.77 deg | fit true 0.040 est 0.152 (x3.76)  enc/true 0.945  dr_err 50.52 m[0m
[pure_pursuit-11] [33m[WARN] [1789225486.699290027] [pure_pursuit]: heading jumped +21 deg in one tick: respawn. Speed estimate 0.00 -> 0, pose history cleared.[0m
[localization_error-8] [0m[INFO] [1789225487.766478812] [localization_error]: now[200] 6.195 m / 36.35 deg  |  session[n=78288] mean 1.923 p95 6.514 max 7.002 m, heading mean 11.10 max 61.67 deg[0m
[pure_pursuit-11] [33m[WARN] [1789225488.870046586] [pure_pursuit]: heading jumped +21 deg in one tick: respawn. Speed estimate 0.00 -> 0, pose history cleared.[0m
[log_localization-9] [0m[INFO] [1789225490.408345090] [log_localization]: 3920.0 s  12909.3 m  err 6.068 m (along +2.890 cross +5.335) yaw +37.19 deg  m->o yaw +37.19 deg | fit true 0.032 est 0.247 (x7.68)  enc/true 0.945  dr_err 50.24 m[0m
[pure_pursuit-11] [33m[WARN] [1789225491.010495789] [pure_pursuit]: heading jumped +21 deg in one tick: respawn. Speed estimate 0.00 -> 0, pose history cleared.[0m
[localization_error-8] [0m[INFO] [1789225492.766377405] [localization_error]: now[200] 6.184 m / 36.62 deg  |  session[n=78388] mean 1.929 p95 6.514 max 7.002 m, heading mean 11.13 max 61.67 deg[0m
[pure_pursuit-11] [33m[WARN] [1789225493.140751626] [pure_pursuit]: heading jumped +22 deg in one tick: respawn. Speed estimate 0.00 -> 0, pose history cleared.[0m
[pure_pursuit-11] [33m[WARN] [1789225495.265110428] [pure_pursuit]: heading jumped +21 deg in one tick: respawn. Speed estimate 0.00 -> 0, pose history cleared.[0m
[log_localization-9] [0m[INFO] [1789225495.408383528] [log_localization]: 3925.0 s  12914.0 m  err 6.427 m (along +4.931 cross +4.122) yaw +36.25 deg  m->o yaw +36.11 deg | fit true 0.039 est 0.129 (x3.27)  enc/true 0.945  dr_err 50.79 m[0m
[pure_pursuit-11] [33m[WARN] [1789225497.422438737] [pure_pursuit]: heading jumped +20 deg in one tick: respawn. Speed estimate 0.00 -> 0, pose history cleared.[0m
[localization_error-8] [0m[INFO] [1789225497.766375128] [localization_error]: now[200] 6.179 m / 36.57 deg  |  session[n=78488] mean 1.934 p95 6.514 max 7.002 m, heading mean 11.16 max 61.67 deg[0m
[pure_pursuit-11] [33m[WARN] [1789225499.603138024] [pure_pursuit]: heading jumped +20 deg in one tick: respawn. Speed estimate 0.00 -> 0, pose history cleared.[0m
[log_localization-9] [0m[INFO] [1789225500.408358895] [log_localization]: 3930.0 s  12917.8 m  err 6.263 m (along +3.856 cross +4.935) yaw +35.69 deg  m->o yaw +35.65 deg | fit true 0.037 est 0.144 (x3.95)  enc/true 0.944  dr_err 50.54 m[0m
[localization_error-8] [0m[INFO] [1789225502.766440168] [localization_error]: now[200] 6.164 m / 35.75 deg  |  session[n=78588] mean 1.940 p95 6.514 max 7.002 m, heading mean 11.19 max 61.67 deg[0m
[log_localization-9] [0m[INFO] [1789225505.408226212] [log_localization]: 3935.0 s  12918.3 m  err 5.995 m (along +2.564 cross +5.419) yaw +34.82 deg  m->o yaw +34.83 deg | fit true 0.032 est 0.351 (x11.11)  enc/true 0.944  dr_err 50.00 m[0m
[localization_error-8] [0m[INFO] [1789225507.766402335] [localization_error]: now[200] 6.069 m / 34.80 deg  |  session[n=78688] mean 1.945 p95 6.514 max 7.002 m, heading mean 11.22 max 61.67 deg[0m
