ERROR: ld.so: object '/home/libnodelay.so' from LD_PRELOAD cannot be preloaded (cannot read file data): ignored.
[INFO] [launch]: All log files can be found below /root/.ros/log/2026-09-12-11-47-19-437435-theflash-ASUS-TUF-Gaming-F15-FX507ZI4-FX507ZI-26
[INFO] [launch]: Default logging verbosity is set to INFO
[INFO] [launch.user]: [race] mode=dev  localizer=amcl  instruments=ON  bootstrap=truth
[INFO] [autodrive_bridge-1]: process started with pid [27]
[INFO] [dead_reckoning-2]: process started with pid [29]
[INFO] [amcl-5]: process started with pid [35]
[INFO] [localization_bootstrap-7]: process started with pid [39]
[INFO] [localization_error-8]: process started with pid [41]
[INFO] [log_localization-9]: process started with pid [43]
[INFO] [static_transform_publisher-3]: process started with pid [31]
[INFO] [map_server-4]: process started with pid [33]
[INFO] [lifecycle_manager-6]: process started with pid [37]
[INFO] [static_transform_publisher-10]: process started with pid [45]
[static_transform_publisher-3] ERROR: ld.so: object '/home/libnodelay.so' from LD_PRELOAD cannot be preloaded (cannot read file data): ignored.
[map_server-4] ERROR: ld.so: object '/home/libnodelay.so' from LD_PRELOAD cannot be preloaded (cannot read file data): ignored.
[lifecycle_manager-6] ERROR: ld.so: object '/home/libnodelay.so' from LD_PRELOAD cannot be preloaded (cannot read file data): ignored.
[static_transform_publisher-10] ERROR: ld.so: object '/home/libnodelay.so' from LD_PRELOAD cannot be preloaded (cannot read file data): ignored.
[autodrive_bridge-1] ERROR: ld.so: object '/home/libnodelay.so' from LD_PRELOAD cannot be preloaded (cannot read file data): ignored.
[dead_reckoning-2] ERROR: ld.so: object '/home/libnodelay.so' from LD_PRELOAD cannot be preloaded (cannot read file data): ignored.
[amcl-5] ERROR: ld.so: object '/home/libnodelay.so' from LD_PRELOAD cannot be preloaded (cannot read file data): ignored.
[localization_bootstrap-7] ERROR: ld.so: object '/home/libnodelay.so' from LD_PRELOAD cannot be preloaded (cannot read file data): ignored.
[localization_error-8] ERROR: ld.so: object '/home/libnodelay.so' from LD_PRELOAD cannot be preloaded (cannot read file data): ignored.
[log_localization-9] ERROR: ld.so: object '/home/libnodelay.so' from LD_PRELOAD cannot be preloaded (cannot read file data): ignored.
[static_transform_publisher-3] 1789213639.491961 [0] static_tra: selected interface "lo" is not multicast-capable: disabling multicast
[static_transform_publisher-3] [INFO] [1789213639.496048425] [lidar_tf]: Spinning until stopped - publishing transform
[static_transform_publisher-3] translation: ('0.273300', '0.000000', '0.096000')
[static_transform_publisher-3] rotation: ('0.000000', '0.000000', '0.000000', '1.000000')
[static_transform_publisher-3] from 'roboracer_1' to 'lidar'
[lifecycle_manager-6] 1789213639.497180 [0] lifecycle_: selected interface "lo" is not multicast-capable: disabling multicast
[static_transform_publisher-10] 1789213639.497851 [0] static_tra: selected interface "lo" is not multicast-capable: disabling multicast
[amcl-5] 1789213639.498237 [0]       amcl: selected interface "lo" is not multicast-capable: disabling multicast
[map_server-4] 1789213639.499125 [0] map_server: selected interface "lo" is not multicast-capable: disabling multicast
[lifecycle_manager-6] [INFO] [1789213639.500098317] [lifecycle_manager_localization]: Creating
[lifecycle_manager-6] [INFO] [1789213639.501353827] [lifecycle_manager_localization]: [34m[1mCreating and initializing lifecycle service clients[0m[0m
[static_transform_publisher-10] [INFO] [1789213639.502392042] [map_world_tf]: Spinning until stopped - publishing transform
[static_transform_publisher-10] translation: ('0.000000', '0.000000', '0.000000')
[static_transform_publisher-10] rotation: ('0.000000', '0.000000', '0.000000', '1.000000')
[static_transform_publisher-10] from 'map' to 'world'
[map_server-4] [INFO] [1789213639.502612316] [map_server]: 
[map_server-4] 	map_server lifecycle node launched. 
[map_server-4] 	Waiting on external lifecycle transitions to activate
[map_server-4] 	See https://design.ros2.org/articles/node_lifecycle.html for more information.
[map_server-4] [INFO] [1789213639.502674432] [map_server]: Creating
[amcl-5] [0m[INFO] [1789213639.503968433] [amcl]: 
[amcl-5] 	amcl lifecycle node launched. 
[amcl-5] 	Waiting on external lifecycle transitions to activate
[amcl-5] 	See https://design.ros2.org/articles/node_lifecycle.html for more information.[0m
[amcl-5] [0m[INFO] [1789213639.504414176] [amcl]: Creating[0m
[lifecycle_manager-6] [INFO] [1789213639.603121834] [lifecycle_manager_localization]: [34m[1mStarting managed nodes bringup...[0m[0m
[lifecycle_manager-6] [INFO] [1789213639.603209918] [lifecycle_manager_localization]: [34m[1mConfiguring map_server[0m[0m
[map_server-4] [INFO] [1789213639.604339128] [map_server]: Configuring
[map_server-4] [INFO] [1789213639.604431171] [map_io]: Loading yaml file: /home/autodrive_devkit/install/roboracer_stack/share/roboracer_stack/maps/track_clean.yaml
[map_server-4] [INFO] [1789213639.605043335] [map_io]: resolution: 0.05
[map_server-4] [INFO] [1789213639.605063612] [map_io]: origin[0]: -3.71
[map_server-4] [INFO] [1789213639.605071781] [map_io]: origin[1]: -8.61
[map_server-4] [INFO] [1789213639.605078603] [map_io]: origin[2]: 0
[map_server-4] [INFO] [1789213639.605085558] [map_io]: free_thresh: 0.25
[map_server-4] [INFO] [1789213639.605092580] [map_io]: occupied_thresh: 0.65
[map_server-4] [INFO] [1789213639.605100253] [map_io]: mode: trinary
[map_server-4] [INFO] [1789213639.605110479] [map_io]: negate: 0
[map_server-4] [INFO] [1789213639.605488469] [map_io]: Loading image_file: /home/autodrive_devkit/install/roboracer_stack/share/roboracer_stack/maps/track_clean.pgm
[map_server-4] [INFO] [1789213639.615564577] [map_io]: Read map /home/autodrive_devkit/install/roboracer_stack/share/roboracer_stack/maps/track_clean.pgm: 108 X 316 map @ 0.05 m/cell
[lifecycle_manager-6] [INFO] [1789213639.626535663] [lifecycle_manager_localization]: [34m[1mConfiguring amcl[0m[0m
[amcl-5] [0m[INFO] [1789213639.629135240] [amcl]: Configuring[0m
[amcl-5] [0m[INFO] [1789213639.629269219] [amcl]: initTransforms[0m
[amcl-5] [0m[INFO] [1789213639.643136629] [amcl]: initPubSub[0m
[amcl-5] [0m[INFO] [1789213639.646218741] [amcl]: Subscribed to map topic.[0m
[amcl-5] [0m[INFO] [1789213639.653168637] [amcl]: Received a 108 X 316 map @ 0.050 m/pix[0m
[lifecycle_manager-6] [INFO] [1789213639.651984073] [lifecycle_manager_localization]: [34m[1mActivating map_server[0m[0m
[map_server-4] [INFO] [1789213639.652179749] [map_server]: Activating
[map_server-4] [INFO] [1789213639.652324500] [map_server]: Creating bond (map_server) to lifecycle manager.
[lifecycle_manager-6] [INFO] [1789213639.755910194] [lifecycle_manager_localization]: Server map_server connected with bond.
[lifecycle_manager-6] [INFO] [1789213639.756046628] [lifecycle_manager_localization]: [34m[1mActivating amcl[0m[0m
[amcl-5] [0m[INFO] [1789213639.756402096] [amcl]: Activating[0m
[amcl-5] [0m[INFO] [1789213639.756486042] [amcl]: initialPoseReceived[0m
[amcl-5] [0m[INFO] [1789213639.756666600] [amcl]: Setting pose (1789213639.756666): 0.710 0.020 -1.599[0m
[amcl-5] [0m[INFO] [1789213639.759930272] [amcl]: Creating bond (amcl) to lifecycle manager.[0m
[localization_bootstrap-7] 1789213639.839739 [0] localizati: selected interface "lo" is not multicast-capable: disabling multicast
[dead_reckoning-2] 1789213639.842893 [0] dead_recko: selected interface "lo" is not multicast-capable: disabling multicast
[localization_error-8] 1789213639.845760 [0] localizati: selected interface "lo" is not multicast-capable: disabling multicast
[log_localization-9] 1789213639.854600 [0] log_locali: selected interface "lo" is not multicast-capable: disabling multicast
[lifecycle_manager-6] [INFO] [1789213639.862656253] [lifecycle_manager_localization]: Server amcl connected with bond.
[lifecycle_manager-6] [INFO] [1789213639.862742904] [lifecycle_manager_localization]: [34m[1mManaged nodes are active[0m[0m
[lifecycle_manager-6] [INFO] [1789213639.862769372] [lifecycle_manager_localization]: [34m[1mCreating bond timer...[0m[0m
[dead_reckoning-2] [0m[INFO] [1789213639.913597598] [dead_reckoning]: dead reckoning: odom -> roboracer_1, wheel r=0.0581 m, scale=1.0, 200 Hz, tf +20 ms, extrapolate yaw=True pos=True[0m
[localization_bootstrap-7] [0m[INFO] [1789213639.916524924] [localization_bootstrap]: WARMUP SEED: reading /autodrive/roboracer_1/ips (simulator ground-truth position) ONCE -- initial pose seed. Legal: the first lap is warmup, this is read before the car moves, and it is released immediately after. Nothing reads ground truth afterwards.[0m
[localization_bootstrap-7] [0m[INFO] [1789213639.917312306] [localization_bootstrap]: mode=truth: seeding the initial pose from /ips + /imu before the car moves, then releasing /ips. Tracking is lidar + map + dead reckoning from there on.[0m
[localization_bootstrap-7] [0m[INFO] [1789213639.918042439] [localization_bootstrap]: waiting for amcl to reach the active state before sending anything[0m
[localization_error-8] [31m[ERROR] [1789213639.934013360] [localization_error]: RESTRICTED TOPIC: reading /autodrive/roboracer_1/odom (simulator ground-truth pose and twist) -- continuous comparison against TF map -> roboracer_1. This run is NOT race-legal; any lap time from it is a development number. See common/restricted.py.[0m
[localization_error-8] [0m[INFO] [1789213639.935261676] [localization_error]: sampling starts 1.0 s after /localization_ready; bootstrap is excluded (require_ready:=false to include it)[0m
[localization_error-8] [0m[INFO] [1789213639.952129328] [localization_error]: waiting for TF map -> roboracer_1: Could not find a connection between 'map' and 'roboracer_1' because they are not part of the same tree.Tf has two or more unconnected trees.[0m
[localization_bootstrap-7] [0m[INFO] [1789213639.970551716] [localization_bootstrap]: amcl is ACTIVE -- an initial pose will now be accepted[0m
[log_localization-9] [31m[ERROR] [1789213640.006694518] [log_localization]: RESTRICTED TOPIC: reading /autodrive/roboracer_1/ips (simulator ground-truth position) -- continuous logging against the estimate. This run is NOT race-legal; any lap time from it is a development number. See common/restricted.py.[0m
[log_localization-9] [31m[ERROR] [1789213640.007209088] [log_localization]: RESTRICTED TOPIC: reading /autodrive/roboracer_1/odom (simulator ground-truth pose and twist) -- continuous logging against the estimate. This run is NOT race-legal; any lap time from it is a development number. See common/restricted.py.[0m
[log_localization-9] [0m[INFO] [1789213640.007768387] [log_localization]: logging to /home/autodrive_devkit/log/run_cap40.csv at 20 Hz until Ctrl-C[0m
[autodrive_bridge-1] 1789213640.178570 [0] autodrive_: selected interface "lo" is not multicast-capable: disabling multicast
[autodrive_bridge-1] Connected!
[log_localization-9] [0m[INFO] [1789213640.308569710] [log_localization]: waiting for TF map -> roboracer_1 ...[0m
[amcl-5] [0m[INFO] [1789213640.319100487] [amcl]: initialPoseReceived[0m
[amcl-5] [0m[INFO] [1789213640.319320336] [amcl]: Setting pose (1789213640.319320): -1.594 -3.121 0.755[0m
[localization_bootstrap-7] [0m[INFO] [1789213640.319559573] [localization_bootstrap]: seed 1/5: x=-1.594 y=-3.121 yaw=+43.3 deg -- awaiting confirmation[0m
[localization_bootstrap-7] [33m[WARN] [1789213640.319987402] [localization_bootstrap]: MEASURED SPAWN is 3.895 m / 134.9 deg from roboracer_stack.common.frames.SPAWN_* -- OUTSIDE slam_toolbox's +-0.5 m seed search, so any run that falls back to it CANNOT recover and the offset is frozen for the whole run. This run is seeded and therefore fine; the FALLBACK is what is wrong.
[localization_bootstrap-7]     Paste into common/frames.py so bootstrap:=false and bootstrap_mode:=global start somewhere real:
[localization_bootstrap-7]         SPAWN_X = '-1.594'
[localization_bootstrap-7]         SPAWN_Y = '-3.121'
[localization_bootstrap-7]         SPAWN_YAW = '0.7554'[0m
[amcl-5] [0m[INFO] [1789213640.369113615] [amcl]: Requesting no-motion update[0m
[amcl-5] [0m[INFO] [1789213640.386630380] [amcl]: createLaserObject[0m
[amcl-5] [0m[INFO] [1789213640.769390967] [amcl]: Requesting no-motion update[0m
[amcl-5] [0m[INFO] [1789213640.798246809] [amcl]: Message Filter dropping message: frame 'lidar' at time 1789213640.292 for reason 'the timestamp on the message is earlier than all the data in the transform cache'[0m
[amcl-5] [0m[INFO] [1789213641.169432613] [amcl]: Requesting no-motion update[0m
[pure_pursuit] launch overrides: {'control_hz': 40.0}
[INFO] [pure_pursuit-11]: process started with pid [238]
[pure_pursuit-11] ERROR: ld.so: object '/home/libnodelay.so' from LD_PRELOAD cannot be preloaded (cannot read file data): ignored.
[amcl-5] [0m[INFO] [1789213641.619427385] [amcl]: Requesting no-motion update[0m
[pure_pursuit-11] 1789213641.719659 [0] pure_pursu: selected interface "lo" is not multicast-capable: disabling multicast
[pure_pursuit-11] [0m[INFO] [1789213641.772701103] [pure_pursuit]: path: 400 points, 27.57 m lap, from /home/autodrive_devkit/install/roboracer_stack/share/roboracer_stack/raceline/raceline_a7.0_rec_6.36.csv[0m
[pure_pursuit-11] [0m[INFO] [1789213641.777533281] [pure_pursuit]: pose from TF map -> roboracer_1 (continuous); /amcl_pose kept as a fallback[0m
[pure_pursuit-11] [0m[INFO] [1789213641.778841625] [pure_pursuit]: steering on /amcl_pose[0m
[pure_pursuit-11] [0m[INFO] [1789213641.780743454] [pure_pursuit]: speed_source=tire  throttle_mode=slip  slip band [-0.08, +0.08]  u_launch 0.4 m/s  lookahead 0.8-2.2 m (k 0.55)  latency_comp 0.05 s[0m
[pure_pursuit-11] [33m[WARN] [1789213641.781126461] [pure_pursuit]: dev_lap_telemetry ON: subscribing to RESTRICTED lap topics[0m
[pure_pursuit-11] [0m[INFO] [1789213641.781965786] [pure_pursuit]: holding until /localization_ready[0m
[pure_pursuit-11] [0m[INFO] [1789213641.825972918] [pure_pursuit]: lap 27: 6.67 s[0m
[localization_bootstrap-7] [0m[INFO] [1789213641.919348392] [localization_bootstrap]: seed 1/5 sent, awaiting a fresh /amcl_pose to confirm it[0m
[amcl-5] [0m[INFO] [1789213642.068692582] [amcl]: Requesting no-motion update[0m
[localization_bootstrap-7] [33m[WARN] [1789213642.369356901] [localization_bootstrap]: seed 1 not adopted -- the estimate is 0.57 m / 6.8 deg from TRUTH, tolerance 0.30 m / 15.0 deg (speed 0.0 m/s); re-seeding[0m
[amcl-5] [0m[INFO] [1789213642.369840355] [amcl]: initialPoseReceived[0m
[amcl-5] [0m[INFO] [1789213642.369908832] [amcl]: Setting pose (1789213642.369909): -1.836 -3.416 1.012[0m
[localization_bootstrap-7] [0m[INFO] [1789213642.370255224] [localization_bootstrap]: seed 2/5: x=-1.836 y=-3.416 yaw=+58.0 deg -- awaiting confirmation[0m
[amcl-5] [0m[INFO] [1789213642.468998026] [amcl]: Requesting no-motion update[0m
[amcl-5] [0m[INFO] [1789213642.869399778] [amcl]: Requesting no-motion update[0m
[amcl-5] [0m[INFO] [1789213643.318824588] [amcl]: Requesting no-motion update[0m
[amcl-5] [0m[INFO] [1789213643.768735690] [amcl]: Requesting no-motion update[0m
[localization_bootstrap-7] [0m[INFO] [1789213643.919079459] [localization_bootstrap]: seed 2/5 sent, awaiting a fresh /amcl_pose to confirm it[0m
[amcl-5] [0m[INFO] [1789213644.218617870] [amcl]: Requesting no-motion update[0m
[localization_bootstrap-7] [0m[INFO] [1789213644.419471770] [localization_bootstrap]: localization_bootstrap: released /autodrive/roboracer_1/ips -- no restricted topic is read from here on; the timed laps are clean.[0m
[localization_error-8] [0m[INFO] [1789213644.420042654] [localization_error]: /localization_ready latched -- sampling opens in 1.0 s (71 bootstrap samples discarded)[0m
[localization_bootstrap-7] [0m[INFO] [1789213644.420081491] [localization_bootstrap]: seed CONFIRMED on attempt 2: the estimate is 0.5 cm / 0.5 deg from truth (pos std 0.062 m). Tracking is now lidar + map + dead reckoning only.[0m
[pure_pursuit-11] [0m[INFO] [1789213644.420320194] [pure_pursuit]: localization converged, taking over[0m
[localization_bootstrap-7] [0m[INFO] [1789213644.420524542] [localization_bootstrap]: /localization_ready = true, follower may take over[0m
[localization_error-8] [0m[INFO] [1789213644.902445027] [localization_error]: holding: waiting for /localization_ready (81 samples discarded so far). Pass require_ready:=false when localization_bootstrap is not running.[0m
[log_localization-9] [0m[INFO] [1789213645.409664941] [log_localization]:    5.0 s     2.0 m  err 0.103 m (along +0.094 cross -0.042) yaw  -0.63 deg  m->o yaw  -0.58 deg | fit true 0.026 est 0.023 (x0.88)  enc/true 0.857  dr_err 0.63 m[0m
[pure_pursuit-11] [0m[INFO] [1789213648.301188769] [pure_pursuit]: lap 28: 60.94 s[0m
[localization_error-8] [0m[INFO] [1789213649.904163904] [localization_error]: now[ 90] 0.328 m / 1.54 deg  |  session[n=90] mean 0.328 p95 0.659 max 0.785 m, heading mean 1.54 max 7.38 deg[0m
[log_localization-9] [0m[INFO] [1789213650.408524712] [log_localization]:    9.9 s    23.4 m  err 0.062 m (along -0.062 cross -0.004) yaw  +4.84 deg  m->o yaw  +4.51 deg | fit true 0.029 est 0.028 (x0.95)  enc/true 1.005  dr_err 0.57 m[0m
[pure_pursuit-11] [0m[INFO] [1789213654.842697003] [pure_pursuit]: lap 29: 6.55 s[0m
[localization_error-8] [0m[INFO] [1789213654.902797408] [localization_error]: now[190] 0.283 m / 2.00 deg  |  session[n=190] mean 0.283 p95 0.559 max 0.785 m, heading mean 2.00 max 7.38 deg[0m
[log_localization-9] [0m[INFO] [1789213655.409526870] [log_localization]:   15.0 s    42.7 m  err 0.411 m (along +0.410 cross -0.031) yaw  +1.49 deg  m->o yaw  +1.48 deg | fit true 0.009 est 0.039 (x4.44)  enc/true 1.018  dr_err 0.68 m[0m
[localization_error-8] [0m[INFO] [1789213659.902744270] [localization_error]: now[200] 0.315 m / 2.24 deg  |  session[n=290] mean 0.319 p95 0.673 max 0.994 m, heading mean 2.03 max 7.38 deg[0m
[log_localization-9] [0m[INFO] [1789213660.409947164] [log_localization]:   20.0 s    64.8 m  err 0.096 m (along -0.093 cross -0.027) yaw  +6.82 deg  m->o yaw  +6.16 deg | fit true 0.015 est 0.021 (x1.45)  enc/true 1.014  dr_err 0.92 m[0m
[pure_pursuit-11] [0m[INFO] [1789213661.409679251] [pure_pursuit]: lap 30: 6.51 s[0m
[localization_error-8] [0m[INFO] [1789213664.904046847] [localization_error]: now[200] 0.364 m / 2.32 deg  |  session[n=390] mean 0.325 p95 0.713 max 0.994 m, heading mean 2.17 max 8.60 deg[0m
[log_localization-9] [0m[INFO] [1789213665.408323243] [log_localization]:   24.9 s    86.1 m  err 0.096 m (along +0.096 cross -0.003) yaw  +1.13 deg  m->o yaw  +0.77 deg | fit true 0.009 est 0.016 (x1.88)  enc/true 1.017  dr_err 1.06 m[0m
[pure_pursuit-11] [0m[INFO] [1789213667.912781059] [pure_pursuit]: lap 31: 6.55 s[0m
[localization_error-8] [0m[INFO] [1789213669.902985428] [localization_error]: now[200] 0.330 m / 2.34 deg  |  session[n=490] mean 0.324 p95 0.700 max 0.994 m, heading mean 2.15 max 8.60 deg[0m
[log_localization-9] [0m[INFO] [1789213670.410044059] [log_localization]:   30.0 s   108.2 m  err 0.023 m (along -0.008 cross -0.021) yaw  +3.36 deg  m->o yaw  +3.09 deg | fit true 0.016 est 0.034 (x2.16)  enc/true 1.017  dr_err 1.01 m[0m
[pure_pursuit-11] [0m[INFO] [1789213674.408153724] [pure_pursuit]: lap 32: 6.47 s[0m
[localization_error-8] [0m[INFO] [1789213674.902789036] [localization_error]: now[200] 0.295 m / 2.11 deg  |  session[n=590] mean 0.315 p95 0.686 max 0.994 m, heading mean 2.15 max 8.60 deg[0m
[log_localization-9] [0m[INFO] [1789213675.408866547] [log_localization]:   35.0 s   129.7 m  err 0.311 m (along +0.309 cross -0.028) yaw  -0.87 deg  m->o yaw  -0.45 deg | fit true 0.018 est 0.054 (x3.04)  enc/true 1.019  dr_err 1.06 m[0m
[localization_error-8] [0m[INFO] [1789213679.903560112] [localization_error]: now[200] 0.308 m / 2.31 deg  |  session[n=690] mean 0.319 p95 0.700 max 0.994 m, heading mean 2.20 max 8.89 deg[0m
[log_localization-9] [0m[INFO] [1789213680.408669985] [log_localization]:   40.0 s   149.8 m  err 0.039 m (along +0.018 cross -0.035) yaw  +1.64 deg  m->o yaw  +2.45 deg | fit true 0.010 est 0.004 (x0.45)  enc/true 1.018  dr_err 1.35 m[0m
[pure_pursuit-11] [0m[INFO] [1789213680.913872041] [pure_pursuit]: lap 33: 6.53 s[0m
[localization_error-8] [0m[INFO] [1789213684.903120917] [localization_error]: now[200] 0.356 m / 2.76 deg  |  session[n=790] mean 0.325 p95 0.713 max 0.994 m, heading mean 2.30 max 10.64 deg[0m
[log_localization-9] [0m[INFO] [1789213685.409162684] [log_localization]:   45.0 s   172.1 m  err 0.150 m (along +0.149 cross +0.022) yaw  -0.22 deg  m->o yaw  -0.29 deg | fit true 0.008 est 0.020 (x2.52)  enc/true 1.019  dr_err 1.45 m[0m
[pure_pursuit-11] [0m[INFO] [1789213687.404030892] [pure_pursuit]: lap 34: 6.49 s[0m
[localization_error-8] [0m[INFO] [1789213689.902901232] [localization_error]: now[200] 0.347 m / 2.54 deg  |  session[n=890] mean 0.325 p95 0.725 max 0.994 m, heading mean 2.27 max 10.64 deg[0m
[log_localization-9] [0m[INFO] [1789213690.409206815] [log_localization]:   50.0 s   193.3 m  err 0.156 m (along +0.143 cross -0.064) yaw  -1.63 deg  m->o yaw  -2.28 deg | fit true 0.045 est 0.066 (x1.45)  enc/true 1.018  dr_err 1.38 m[0m
[pure_pursuit-11] [0m[INFO] [1789213693.897197862] [pure_pursuit]: lap 35: 6.46 s[0m
[localization_error-8] [0m[INFO] [1789213694.903903640] [localization_error]: now[200] 0.348 m / 2.39 deg  |  session[n=990] mean 0.330 p95 0.726 max 0.994 m, heading mean 2.32 max 10.64 deg[0m
[log_localization-9] [0m[INFO] [1789213695.408185262] [log_localization]:   54.9 s   215.9 m  err 0.126 m (along -0.125 cross -0.006) yaw  +1.28 deg  m->o yaw  +1.32 deg | fit true 0.019 est 0.016 (x0.87)  enc/true 1.019  dr_err 1.44 m[0m
[localization_error-8] [0m[INFO] [1789213699.903290906] [localization_error]: now[200] 0.319 m / 2.55 deg  |  session[n=1090] mean 0.324 p95 0.717 max 0.994 m, heading mean 2.32 max 10.64 deg[0m
[log_localization-9] [0m[INFO] [1789213700.408652598] [log_localization]:   59.9 s   235.1 m  err 0.099 m (along +0.089 cross -0.043) yaw  -0.42 deg  m->o yaw  -0.30 deg | fit true 0.011 est 0.017 (x1.59)  enc/true 1.019  dr_err 1.69 m[0m
[pure_pursuit-11] [0m[INFO] [1789213700.460011595] [pure_pursuit]: lap 36: 6.54 s[0m
[localization_error-8] [0m[INFO] [1789213704.902870603] [localization_error]: now[200] 0.310 m / 2.18 deg  |  session[n=1190] mean 0.327 p95 0.713 max 0.994 m, heading mean 2.30 max 10.64 deg[0m
[log_localization-9] [0m[INFO] [1789213705.410775320] [log_localization]:   65.0 s   257.8 m  err 0.135 m (along -0.135 cross +0.005) yaw  +0.64 deg  m->o yaw  +0.96 deg | fit true 0.006 est 0.009 (x1.71)  enc/true 1.019  dr_err 1.73 m[0m
[pure_pursuit-11] [0m[INFO] [1789213707.063080172] [pure_pursuit]: lap 37: 6.61 s[0m
[localization_error-8] [0m[INFO] [1789213709.904238836] [localization_error]: now[200] 0.319 m / 1.98 deg  |  session[n=1290] mean 0.323 p95 0.711 max 0.994 m, heading mean 2.27 max 10.64 deg[0m
[log_localization-9] [0m[INFO] [1789213710.408256187] [log_localization]:   69.9 s   278.2 m  err 0.181 m (along +0.171 cross -0.062) yaw  -1.43 deg  m->o yaw  -0.62 deg | fit true 0.068 est 0.084 (x1.23)  enc/true 1.019  dr_err 1.87 m[0m
[pure_pursuit-11] [0m[INFO] [1789213713.538143443] [pure_pursuit]: lap 38: 6.49 s[0m
[localization_error-8] [0m[INFO] [1789213714.904029188] [localization_error]: now[200] 0.338 m / 2.17 deg  |  session[n=1390] mean 0.328 p95 0.714 max 0.994 m, heading mean 2.28 max 10.64 deg[0m
[log_localization-9] [0m[INFO] [1789213715.409073877] [log_localization]:   75.0 s   301.3 m  err 0.078 m (along -0.078 cross -0.010) yaw  +2.97 deg  m->o yaw  +2.82 deg | fit true 0.030 est 0.021 (x0.69)  enc/true 1.019  dr_err 1.79 m[0m
[localization_error-8] [0m[INFO] [1789213719.904522114] [localization_error]: now[200] 0.330 m / 2.50 deg  |  session[n=1490] mean 0.324 p95 0.704 max 0.994 m, heading mean 2.30 max 10.64 deg[0m
[pure_pursuit-11] [0m[INFO] [1789213720.054653053] [pure_pursuit]: lap 39: 6.49 s[0m
[log_localization-9] [0m[INFO] [1789213720.408502317] [log_localization]:   79.9 s   320.8 m  err 0.368 m (along +0.362 cross -0.068) yaw  +1.19 deg  m->o yaw  +1.23 deg | fit true 0.010 est 0.033 (x3.32)  enc/true 1.020  dr_err 2.00 m[0m
[localization_error-8] [0m[INFO] [1789213724.903402742] [localization_error]: now[200] 0.316 m / 2.33 deg  |  session[n=1590] mean 0.327 p95 0.713 max 0.994 m, heading mean 2.29 max 10.64 deg[0m
[log_localization-9] [0m[INFO] [1789213725.409633330] [log_localization]:   85.0 s   343.2 m  err 0.106 m (along -0.104 cross -0.021) yaw  +5.27 deg  m->o yaw  +5.73 deg | fit true 0.018 est 0.020 (x1.15)  enc/true 1.019  dr_err 2.15 m[0m
[pure_pursuit-11] [0m[INFO] [1789213726.528619968] [pure_pursuit]: lap 40: 6.50 s[0m
[localization_error-8] [0m[INFO] [1789213729.903321334] [localization_error]: now[200] 0.327 m / 2.22 deg  |  session[n=1690] mean 0.324 p95 0.707 max 0.994 m, heading mean 2.29 max 10.64 deg[0m
[log_localization-9] [0m[INFO] [1789213730.409027361] [log_localization]:   90.0 s   364.1 m  err 0.039 m (along +0.039 cross +0.001) yaw  -0.36 deg  m->o yaw  +0.51 deg | fit true 0.021 est 0.022 (x1.04)  enc/true 1.019  dr_err 2.28 m[0m
[pure_pursuit-11] [0m[INFO] [1789213733.065731332] [pure_pursuit]: lap 41: 6.54 s[0m
[localization_error-8] [0m[INFO] [1789213734.903372171] [localization_error]: now[200] 0.317 m / 2.23 deg  |  session[n=1790] mean 0.326 p95 0.700 max 0.994 m, heading mean 2.28 max 10.64 deg[0m
[log_localization-9] [0m[INFO] [1789213735.408374632] [log_localization]:   94.9 s   386.4 m  err 0.026 m (along -0.025 cross -0.007) yaw  +2.25 deg  m->o yaw  +3.19 deg | fit true 0.024 est 0.029 (x1.25)  enc/true 1.019  dr_err 2.22 m[0m
[pure_pursuit-11] [0m[INFO] [1789213739.610164618] [pure_pursuit]: lap 42: 6.52 s[0m
[localization_error-8] [0m[INFO] [1789213739.903330910] [localization_error]: now[200] 0.309 m / 2.19 deg  |  session[n=1890] mean 0.323 p95 0.691 max 0.994 m, heading mean 2.28 max 10.64 deg[0m
[log_localization-9] [0m[INFO] [1789213740.408953537] [log_localization]:  100.0 s   406.4 m  err 0.402 m (along +0.402 cross -0.018) yaw  -1.27 deg  m->o yaw  -1.24 deg | fit true 0.008 est 0.047 (x6.12)  enc/true 1.020  dr_err 2.35 m[0m
[localization_error-8] [0m[INFO] [1789213744.903267927] [localization_error]: now[200] 0.325 m / 2.39 deg  |  session[n=1990] mean 0.326 p95 0.696 max 0.994 m, heading mean 2.29 max 10.64 deg[0m
[log_localization-9] [0m[INFO] [1789213745.408674802] [log_localization]:  105.0 s   427.7 m  err 0.105 m (along -0.103 cross -0.022) yaw  +7.87 deg  m->o yaw  +7.80 deg | fit true 0.046 est 0.028 (x0.61)  enc/true 1.019  dr_err 2.57 m[0m
[pure_pursuit-11] [0m[INFO] [1789213746.191355742] [pure_pursuit]: lap 43: 6.61 s[0m
[localization_error-8] [0m[INFO] [1789213749.903641896] [localization_error]: now[200] 0.355 m / 2.69 deg  |  session[n=2090] mean 0.326 p95 0.699 max 0.994 m, heading mean 2.32 max 10.64 deg[0m
[log_localization-9] [0m[INFO] [1789213750.408221317] [log_localization]:  109.9 s   449.4 m  err 0.146 m (along +0.145 cross +0.013) yaw  +1.55 deg  m->o yaw  +1.23 deg | fit true 0.014 est 0.039 (x2.76)  enc/true 1.020  dr_err 2.64 m[0m
[pure_pursuit-11] [0m[INFO] [1789213752.668516898] [pure_pursuit]: lap 44: 6.49 s[0m
[localization_error-8] [0m[INFO] [1789213754.903800343] [localization_error]: now[200] 0.317 m / 2.67 deg  |  session[n=2190] mean 0.325 p95 0.694 max 0.994 m, heading mean 2.32 max 10.64 deg[0m
[log_localization-9] [0m[INFO] [1789213755.408662570] [log_localization]:  114.9 s   470.8 m  err 0.084 m (along +0.071 cross -0.044) yaw  -1.09 deg  m->o yaw  -0.77 deg | fit true 0.013 est 0.026 (x2.01)  enc/true 1.019  dr_err 2.60 m[0m
[pure_pursuit-11] [0m[INFO] [1789213759.236878907] [pure_pursuit]: lap 45: 6.56 s[0m
[localization_error-8] [0m[INFO] [1789213759.903754095] [localization_error]: now[200] 0.298 m / 2.49 deg  |  session[n=2290] mean 0.323 p95 0.690 max 0.994 m, heading mean 2.33 max 10.64 deg[0m
[log_localization-9] [0m[INFO] [1789213760.408659285] [log_localization]:  120.0 s   492.7 m  err 0.029 m (along -0.028 cross -0.006) yaw  +0.29 deg  m->o yaw  +0.21 deg | fit true 0.006 est 0.008 (x1.37)  enc/true 1.020  dr_err 2.72 m[0m
[localization_error-8] [0m[INFO] [1789213764.903707088] [localization_error]: now[200] 0.316 m / 2.61 deg  |  session[n=2390] mean 0.324 p95 0.690 max 0.994 m, heading mean 2.35 max 10.64 deg[0m
[log_localization-9] [0m[INFO] [1789213765.408567489] [log_localization]:  125.0 s   512.3 m  err 0.101 m (along +0.089 cross -0.048) yaw  +1.23 deg  m->o yaw  +1.39 deg | fit true 0.005 est 0.010 (x2.14)  enc/true 1.019  dr_err 2.99 m[0m
[pure_pursuit-11] [0m[INFO] [1789213765.725886747] [pure_pursuit]: lap 46: 6.45 s[0m
[localization_error-8] [0m[INFO] [1789213769.903215913] [localization_error]: now[200] 0.337 m / 2.40 deg  |  session[n=2490] mean 0.325 p95 0.690 max 0.994 m, heading mean 2.34 max 10.64 deg[0m
[log_localization-9] [0m[INFO] [1789213770.408186035] [log_localization]:  129.9 s   535.1 m  err 0.084 m (along +0.080 cross +0.026) yaw  -0.22 deg  m->o yaw  -0.35 deg | fit true 0.003 est 0.021 (x6.67)  enc/true 1.020  dr_err 2.95 m[0m
[pure_pursuit-11] [0m[INFO] [1789213772.211131013] [pure_pursuit]: lap 47: 6.49 s[0m
[localization_error-8] [0m[INFO] [1789213774.904009287] [localization_error]: now[200] 0.333 m / 2.02 deg  |  session[n=2590] mean 0.325 p95 0.695 max 0.994 m, heading mean 2.32 max 10.64 deg[0m
[log_localization-9] [0m[INFO] [1789213775.408957474] [log_localization]:  135.0 s   555.8 m  err 0.154 m (along +0.151 cross -0.032) yaw  -0.13 deg  m->o yaw  -0.29 deg | fit true 0.057 est 0.087 (x1.52)  enc/true 1.019  dr_err 3.05 m[0m
[pure_pursuit-11] [0m[INFO] [1789213778.760373242] [pure_pursuit]: lap 48: 6.60 s[0m
[localization_error-8] [0m[INFO] [1789213779.903472579] [localization_error]: now[200] 0.340 m / 2.02 deg  |  session[n=2690] mean 0.326 p95 0.695 max 0.994 m, heading mean 2.32 max 10.64 deg[0m
[log_localization-9] [0m[INFO] [1789213780.409332240] [log_localization]:  140.0 s   578.3 m  err 0.165 m (along -0.164 cross -0.019) yaw  +2.64 deg  m->o yaw  +2.62 deg | fit true 0.021 est 0.021 (x1.02)  enc/true 1.020  dr_err 3.03 m[0m
[localization_error-8] [0m[INFO] [1789213784.902831190] [localization_error]: now[200] 0.325 m / 2.58 deg  |  session[n=2790] mean 0.325 p95 0.693 max 0.994 m, heading mean 2.34 max 10.64 deg[0m
[pure_pursuit-11] [0m[INFO] [1789213785.288591718] [pure_pursuit]: lap 49: 6.52 s[0m
[log_localization-9] [0m[INFO] [1789213785.409019516] [log_localization]:  145.0 s   597.6 m  err 0.098 m (along +0.082 cross -0.053) yaw  -0.09 deg  m->o yaw  -0.42 deg | fit true 0.018 est 0.023 (x1.29)  enc/true 1.020  dr_err 3.30 m[0m
[localization_error-8] [0m[INFO] [1789213789.902913943] [localization_error]: now[200] 0.324 m / 2.69 deg  |  session[n=2890] mean 0.326 p95 0.690 max 0.994 m, heading mean 2.34 max 10.64 deg[0m
[log_localization-9] [0m[INFO] [1789213790.408184125] [log_localization]:  149.9 s   620.5 m  err 0.143 m (along -0.142 cross -0.014) yaw  +1.72 deg  m->o yaw  +1.37 deg | fit true 0.012 est 0.003 (x0.27)  enc/true 1.019  dr_err 3.34 m[0m
[pure_pursuit-11] [0m[INFO] [1789213791.856991426] [pure_pursuit]: lap 50: 6.55 s[0m
[localization_error-8] [0m[INFO] [1789213794.903288834] [localization_error]: now[200] 0.333 m / 2.35 deg  |  session[n=2990] mean 0.325 p95 0.695 max 0.994 m, heading mean 2.34 max 10.64 deg[0m
[log_localization-9] [0m[INFO] [1789213795.408371865] [log_localization]:  154.9 s   641.0 m  err 0.234 m (along +0.231 cross -0.041) yaw  +0.24 deg  m->o yaw  +0.02 deg | fit true 0.049 est 0.063 (x1.29)  enc/true 1.020  dr_err 3.53 m[0m
[pure_pursuit-11] [0m[INFO] [1789213798.429568180] [pure_pursuit]: lap 51: 6.53 s[0m
[localization_error-8] [0m[INFO] [1789213799.903026987] [localization_error]: now[200] 0.346 m / 2.29 deg  |  session[n=3090] mean 0.327 p95 0.695 max 0.994 m, heading mean 2.34 max 10.64 deg[0m
[log_localization-9] [0m[INFO] [1789213800.408988582] [log_localization]:  160.0 s   663.4 m  err 0.133 m (along -0.130 cross -0.029) yaw  +2.51 deg  m->o yaw  +2.09 deg | fit true 0.032 est 0.042 (x1.33)  enc/true 1.020  dr_err 3.44 m[0m
[localization_error-8] [0m[INFO] [1789213804.903399303] [localization_error]: now[200] 0.308 m / 2.42 deg  |  session[n=3190] mean 0.324 p95 0.693 max 0.994 m, heading mean 2.35 max 10.64 deg[0m
[pure_pursuit-11] [0m[INFO] [1789213804.949601831] [pure_pursuit]: lap 52: 6.57 s[0m
[log_localization-9] [0m[INFO] [1789213805.408155316] [log_localization]:  164.9 s   683.0 m  err 0.159 m (along +0.159 cross -0.015) yaw  +0.98 deg  m->o yaw  +0.69 deg | fit true 0.008 est 0.008 (x1.01)  enc/true 1.020  dr_err 3.56 m[0m
[localization_error-8] [0m[INFO] [1789213809.903712499] [localization_error]: now[200] 0.298 m / 2.46 deg  |  session[n=3290] mean 0.325 p95 0.692 max 0.994 m, heading mean 2.35 max 10.64 deg[0m
[log_localization-9] [0m[INFO] [1789213810.408496105] [log_localization]:  169.9 s   705.1 m  err 0.197 m (along -0.193 cross -0.042) yaw  +6.15 deg  m->o yaw  +4.57 deg | fit true 0.023 est 0.014 (x0.60)  enc/true 1.019  dr_err 3.65 m[0m
[pure_pursuit-11] [0m[INFO] [1789213811.475122127] [pure_pursuit]: lap 53: 6.51 s[0m
[localization_error-8] [0m[INFO] [1789213814.904076893] [localization_error]: now[200] 0.336 m / 2.47 deg  |  session[n=3390] mean 0.325 p95 0.694 max 0.994 m, heading mean 2.35 max 10.64 deg[0m
[log_localization-9] [0m[INFO] [1789213815.408198101] [log_localization]:  174.9 s   726.2 m  err 0.186 m (along +0.186 cross -0.016) yaw  +1.23 deg  m->o yaw  +1.25 deg | fit true 0.027 est 0.030 (x1.11)  enc/true 1.019  dr_err 3.82 m[0m
[pure_pursuit-11] [0m[INFO] [1789213818.182347242] [pure_pursuit]: lap 54: 6.67 s[0m
[localization_error-8] [0m[INFO] [1789213819.902990070] [localization_error]: now[200] 0.348 m / 2.50 deg  |  session[n=3490] mean 0.326 p95 0.695 max 0.994 m, heading mean 2.35 max 10.64 deg[0m
[log_localization-9] [0m[INFO] [1789213820.409302225] [log_localization]:  180.0 s   748.5 m  err 0.012 m (along -0.001 cross -0.012) yaw  +2.06 deg  m->o yaw  +2.23 deg | fit true 0.023 est 0.034 (x1.45)  enc/true 1.019  dr_err 3.78 m[0m
[pure_pursuit-11] [0m[INFO] [1789213824.629938261] [pure_pursuit]: lap 55: 6.48 s[0m
[localization_error-8] [0m[INFO] [1789213824.903411149] [localization_error]: now[200] 0.345 m / 2.51 deg  |  session[n=3590] mean 0.326 p95 0.693 max 0.994 m, heading mean 2.36 max 10.64 deg[0m
[log_localization-9] [0m[INFO] [1789213825.408182592] [log_localization]:  184.9 s   769.1 m  err 0.283 m (along +0.283 cross -0.009) yaw  -0.87 deg  m->o yaw  -0.58 deg | fit true 0.023 est 0.036 (x1.56)  enc/true 1.020  dr_err 3.86 m[0m
[localization_error-8] [0m[INFO] [1789213829.903664972] [localization_error]: now[200] 0.334 m / 2.58 deg  |  session[n=3690] mean 0.327 p95 0.692 max 0.994 m, heading mean 2.37 max 10.64 deg[0m
[log_localization-9] [0m[INFO] [1789213830.408320854] [log_localization]:  189.9 s   789.9 m  err 0.057 m (along -0.054 cross -0.018) yaw  +4.42 deg  m->o yaw  +4.35 deg | fit true 0.016 est 0.011 (x0.66)  enc/true 1.019  dr_err 4.07 m[0m
[pure_pursuit-11] [0m[INFO] [1789213831.112374190] [pure_pursuit]: lap 56: 6.46 s[0m
[localization_error-8] [0m[INFO] [1789213834.903091681] [localization_error]: now[200] 0.345 m / 2.38 deg  |  session[n=3790] mean 0.327 p95 0.694 max 0.994 m, heading mean 2.36 max 10.64 deg[0m
[log_localization-9] [0m[INFO] [1789213835.409559488] [log_localization]:  195.0 s   811.7 m  err 0.079 m (along +0.079 cross +0.004) yaw  -1.38 deg  m->o yaw  -1.47 deg | fit true 0.001 est 0.016 (x19.61)  enc/true 1.019  dr_err 4.11 m[0m
[pure_pursuit-11] [0m[INFO] [1789213837.549221717] [pure_pursuit]: lap 57: 6.48 s[0m
[localization_error-8] [0m[INFO] [1789213839.904304693] [localization_error]: now[200] 0.317 m / 2.18 deg  |  session[n=3890] mean 0.326 p95 0.694 max 0.994 m, heading mean 2.36 max 10.64 deg[0m
[log_localization-9] [0m[INFO] [1789213840.408401341] [log_localization]:  200.0 s   833.2 m  err 0.096 m (along +0.090 cross -0.036) yaw  -0.98 deg  m->o yaw  -0.55 deg | fit true 0.033 est 0.045 (x1.39)  enc/true 1.019  dr_err 4.13 m[0m
[pure_pursuit-11] [0m[INFO] [1789213844.000409521] [pure_pursuit]: lap 58: 6.44 s[0m
[localization_error-8] [0m[INFO] [1789213844.904015840] [localization_error]: now[200] 0.320 m / 2.36 deg  |  session[n=3990] mean 0.327 p95 0.695 max 0.994 m, heading mean 2.36 max 10.64 deg[0m
[log_localization-9] [0m[INFO] [1789213845.408214524] [log_localization]:  204.9 s   855.9 m  err 0.255 m (along -0.254 cross -0.020) yaw  +1.05 deg  m->o yaw  +1.03 deg | fit true 0.011 est 0.042 (x3.79)  enc/true 1.020  dr_err 4.25 m[0m
[localization_error-8] [0m[INFO] [1789213849.904244785] [localization_error]: now[200] 0.310 m / 2.55 deg  |  session[n=4090] mean 0.326 p95 0.695 max 0.994 m, heading mean 2.37 max 10.64 deg[0m
[log_localization-9] [0m[INFO] [1789213850.408316529] [log_localization]:  209.9 s   874.9 m  err 0.080 m (along +0.077 cross -0.021) yaw  -0.68 deg  m->o yaw  +0.41 deg | fit true 0.010 est 0.012 (x1.21)  enc/true 1.020  dr_err 4.50 m[0m
[pure_pursuit-11] [0m[INFO] [1789213850.576618284] [pure_pursuit]: lap 59: 6.55 s[0m
[localization_error-8] [0m[INFO] [1789213854.903487297] [localization_error]: now[200] 0.304 m / 2.23 deg  |  session[n=4190] mean 0.326 p95 0.695 max 0.994 m, heading mean 2.36 max 10.64 deg[0m
[log_localization-9] [0m[INFO] [1789213855.409509684] [log_localization]:  214.9 s   897.9 m  err 0.016 m (along +0.004 cross +0.016) yaw  +0.36 deg  m->o yaw  -0.20 deg | fit true 0.010 est 0.020 (x1.93)  enc/true 1.019  dr_err 4.50 m[0m
[pure_pursuit-11] [0m[INFO] [1789213857.178716823] [pure_pursuit]: lap 60: 6.61 s[0m
[localization_error-8] [0m[INFO] [1789213859.903322276] [localization_error]: now[200] 0.318 m / 1.93 deg  |  session[n=4290] mean 0.325 p95 0.695 max 0.994 m, heading mean 2.35 max 10.64 deg[0m
[log_localization-9] [0m[INFO] [1789213860.408186835] [log_localization]:  219.9 s   918.3 m  err 0.098 m (along +0.092 cross -0.036) yaw  -0.63 deg  m->o yaw  -0.62 deg | fit true 0.073 est 0.081 (x1.12)  enc/true 1.020  dr_err 4.56 m[0m
[pure_pursuit-11] [0m[INFO] [1789213863.758595476] [pure_pursuit]: lap 61: 6.56 s[0m
[localization_error-8] [0m[INFO] [1789213864.903924264] [localization_error]: now[200] 0.326 m / 2.04 deg  |  session[n=4390] mean 0.326 p95 0.695 max 0.994 m, heading mean 2.34 max 10.64 deg[0m
[log_localization-9] [0m[INFO] [1789213865.409549532] [log_localization]:  225.0 s   940.9 m  err 0.126 m (along -0.124 cross -0.023) yaw  +1.27 deg  m->o yaw  +0.86 deg | fit true 0.027 est 0.030 (x1.10)  enc/true 1.019  dr_err 4.62 m[0m
[localization_error-8] [0m[INFO] [1789213869.904700168] [localization_error]: now[200] 0.307 m / 2.50 deg  |  session[n=4490] mean 0.324 p95 0.693 max 0.994 m, heading mean 2.35 max 10.64 deg[0m
[pure_pursuit-11] [0m[INFO] [1789213870.208923921] [pure_pursuit]: lap 62: 6.50 s[0m
[log_localization-9] [0m[INFO] [1789213870.408830823] [log_localization]:  230.0 s   960.1 m  err 0.109 m (along +0.093 cross -0.057) yaw  -1.62 deg  m->o yaw  -1.47 deg | fit true 0.010 est 0.047 (x4.58)  enc/true 1.020  dr_err 4.83 m[0m
[localization_error-8] [0m[INFO] [1789213874.902917704] [localization_error]: now[200] 0.308 m / 2.54 deg  |  session[n=4590] mean 0.325 p95 0.691 max 0.994 m, heading mean 2.35 max 10.64 deg[0m
[log_localization-9] [0m[INFO] [1789213875.408626682] [log_localization]:  235.0 s   982.8 m  err 0.145 m (along -0.144 cross -0.015) yaw  +2.42 deg  m->o yaw  +2.19 deg | fit true 0.020 est 0.001 (x0.06)  enc/true 1.019  dr_err 4.88 m[0m
[pure_pursuit-11] [0m[INFO] [1789213876.761127890] [pure_pursuit]: lap 63: 6.55 s[0m
[localization_error-8] [0m[INFO] [1789213879.903480677] [localization_error]: now[200] 0.306 m / 2.22 deg  |  session[n=4690] mean 0.324 p95 0.690 max 0.994 m, heading mean 2.35 max 10.64 deg[0m
[log_localization-9] [0m[INFO] [1789213880.409303177] [log_localization]:  240.0 s  1003.8 m  err 0.193 m (along +0.193 cross -0.016) yaw  +0.18 deg  m->o yaw  +0.77 deg | fit true 0.033 est 0.035 (x1.06)  enc/true 1.020  dr_err 5.02 m[0m
[pure_pursuit-11] [0m[INFO] [1789213883.261326167] [pure_pursuit]: lap 64: 6.48 s[0m
[localization_error-8] [0m[INFO] [1789213884.903519969] [localization_error]: now[200] 0.314 m / 2.12 deg  |  session[n=4790] mean 0.324 p95 0.690 max 0.994 m, heading mean 2.34 max 10.64 deg[0m
[log_localization-9] [0m[INFO] [1789213885.408277463] [log_localization]:  244.9 s  1026.1 m  err 0.097 m (along -0.096 cross -0.013) yaw  +5.74 deg  m->o yaw  +4.37 deg | fit true 0.028 est 0.029 (x1.03)  enc/true 1.020  dr_err 4.99 m[0m
[pure_pursuit-11] [0m[INFO] [1789213889.779968460] [pure_pursuit]: lap 65: 6.53 s[0m
[localization_error-8] [0m[INFO] [1789213889.903562681] [localization_error]: now[200] 0.318 m / 2.41 deg  |  session[n=4890] mean 0.323 p95 0.688 max 0.994 m, heading mean 2.35 max 10.64 deg[0m
[log_localization-9] [0m[INFO] [1789213890.409355822] [log_localization]:  250.0 s  1045.8 m  err 0.319 m (along +0.318 cross -0.017) yaw  +0.50 deg  m->o yaw  +0.76 deg | fit true 0.003 est 0.048 (x15.55)  enc/true 1.020  dr_err 5.03 m[0m
[localization_error-8] [0m[INFO] [1789213894.904565002] [localization_error]: now[200] 0.328 m / 2.56 deg  |  session[n=4990] mean 0.324 p95 0.690 max 0.994 m, heading mean 2.35 max 10.64 deg[0m
[log_localization-9] [0m[INFO] [1789213895.408674219] [log_localization]:  254.9 s  1067.7 m  err 0.103 m (along -0.100 cross -0.022) yaw  +5.72 deg  m->o yaw  +5.58 deg | fit true 0.015 est 0.017 (x1.15)  enc/true 1.019  dr_err 5.19 m[0m
[pure_pursuit-11] [0m[INFO] [1789213896.338389813] [pure_pursuit]: lap 66: 6.54 s[0m
[localization_error-8] [0m[INFO] [1789213899.903537785] [localization_error]: now[200] 0.334 m / 2.43 deg  |  session[n=5090] mean 0.324 p95 0.690 max 0.994 m, heading mean 2.35 max 10.64 deg[0m
[log_localization-9] [0m[INFO] [1789213900.408446638] [log_localization]:  259.9 s  1088.5 m  err 0.219 m (along +0.219 cross -0.006) yaw  +2.26 deg  m->o yaw  +1.99 deg | fit true 0.012 est 0.048 (x4.11)  enc/true 1.019  dr_err 5.34 m[0m
[pure_pursuit-11] [0m[INFO] [1789213902.952659682] [pure_pursuit]: lap 67: 6.61 s[0m
[localization_error-8] [0m[INFO] [1789213904.902965940] [localization_error]: now[200] 0.318 m / 2.49 deg  |  session[n=5190] mean 0.324 p95 0.688 max 0.994 m, heading mean 2.36 max 10.64 deg[0m
[log_localization-9] [0m[INFO] [1789213905.408761258] [log_localization]:  265.0 s  1110.4 m  err 0.026 m (along +0.001 cross -0.026) yaw  +1.19 deg  m->o yaw  +0.88 deg | fit true 0.023 est 0.036 (x1.57)  enc/true 1.019  dr_err 5.24 m[0m
[pure_pursuit-11] [0m[INFO] [1789213909.550128045] [pure_pursuit]: lap 68: 6.61 s[0m
[localization_error-8] [0m[INFO] [1789213909.903936949] [localization_error]: now[200] 0.323 m / 2.63 deg  |  session[n=5290] mean 0.324 p95 0.686 max 0.994 m, heading mean 2.36 max 10.64 deg[0m
[log_localization-9] [0m[INFO] [1789213910.408249265] [log_localization]:  269.9 s  1131.1 m  err 0.303 m (along +0.302 cross -0.019) yaw  -0.28 deg  m->o yaw  -0.67 deg | fit true 0.022 est 0.025 (x1.16)  enc/true 1.020  dr_err 5.37 m[0m
[localization_error-8] [0m[INFO] [1789213914.904835075] [localization_error]: now[200] 0.331 m / 2.66 deg  |  session[n=5390] mean 0.324 p95 0.686 max 0.994 m, heading mean 2.37 max 10.64 deg[0m
[log_localization-9] [0m[INFO] [1789213915.409412804] [log_localization]:  275.0 s  1151.6 m  err 0.116 m (along -0.114 cross -0.021) yaw  +6.58 deg  m->o yaw  +5.07 deg | fit true 0.024 est 0.010 (x0.41)  enc/true 1.019  dr_err 5.50 m[0m
[pure_pursuit-11] [0m[INFO] [1789213916.079231004] [pure_pursuit]: lap 69: 6.51 s[0m
[pure_pursuit-11] [33m[WARN] [1789213918.015990012] [pure_pursuit]: heading jumped +36 deg in one tick: respawn. Speed estimate 3.72 -> 0, pose history cleared.[0m
[pure_pursuit-11] [33m[WARN] [1789213919.000155017] [pure_pursuit]: heading jumped +47 deg in one tick: respawn. Speed estimate 1.72 -> 0, pose history cleared.[0m
[localization_error-8] [0m[INFO] [1789213919.904298760] [localization_error]: now[200] 1.813 m / 14.16 deg  |  session[n=5490] mean 0.378 p95 0.712 max 8.120 m, heading mean 2.79 max 179.16 deg[0m
[pure_pursuit-11] [33m[WARN] [1789213919.936494071] [pure_pursuit]: heading jumped +60 deg in one tick: respawn. Speed estimate 2.67 -> 0, pose history cleared.[0m
[log_localization-9] [0m[INFO] [1789213920.409023968] [log_localization]:  280.0 s  1166.2 m  err 1.744 m (along -0.502 cross -1.670) yaw +18.09 deg  m->o yaw +18.23 deg | fit true 0.005 est 0.247 (x48.90)  enc/true 1.021  dr_err 6.62 m[0m
[localization_error-8] [0m[INFO] [1789213924.903932600] [localization_error]: now[200] 2.147 m / 18.40 deg  |  session[n=5590] mean 0.390 p95 0.741 max 11.032 m, heading mean 2.94 max 179.16 deg[0m
[log_localization-9] [0m[INFO] [1789213925.408615158] [log_localization]:  284.9 s  1183.0 m  err 0.002 m (along +0.001 cross +0.002) yaw  -0.56 deg  m->o yaw  -1.27 deg | fit true 0.012 est 0.008 (x0.66)  enc/true 1.021  dr_err 8.47 m[0m
[pure_pursuit-11] [0m[INFO] [1789213927.614374792] [pure_pursuit]: lap 70: 11.51 s[0m
[pure_pursuit-11] [33m[WARN] [1789213929.507897995] [pure_pursuit]: heading jumped +36 deg in one tick: respawn. Speed estimate 4.59 -> 0, pose history cleared.[0m
[localization_error-8] [0m[INFO] [1789213929.903926661] [localization_error]: now[200] 1.336 m / 6.93 deg  |  session[n=5690] mean 0.412 p95 0.764 max 11.032 m, heading mean 2.94 max 179.16 deg[0m
[log_localization-9] [0m[INFO] [1789213930.409062571] [log_localization]:  290.0 s  1199.8 m  err 3.098 m (along +2.643 cross +1.617) yaw  -8.40 deg  m->o yaw  -7.99 deg | fit true 0.004 est 0.184 (x44.81)  enc/true 1.024  dr_err 13.08 m[0m
[pure_pursuit-11] [33m[WARN] [1789213930.418279023] [pure_pursuit]: heading jumped +39 deg in one tick: respawn. Speed estimate 1.68 -> 0, pose history cleared.[0m
[pure_pursuit-11] [33m[WARN] [1789213931.400360987] [pure_pursuit]: heading jumped +59 deg in one tick: respawn. Speed estimate 1.75 -> 0, pose history cleared.[0m
[pure_pursuit-11] [33m[WARN] [1789213932.268575192] [pure_pursuit]: heading jumped +56 deg in one tick: respawn. Speed estimate 1.39 -> 0, pose history cleared.[0m
[pure_pursuit-11] [33m[WARN] [1789213933.169385623] [pure_pursuit]: heading jumped -63 deg in one tick: respawn. Speed estimate 1.46 -> 0, pose history cleared.[0m
[pure_pursuit-11] [33m[WARN] [1789213934.023823584] [pure_pursuit]: heading jumped -50 deg in one tick: respawn. Speed estimate 1.53 -> 0, pose history cleared.[0m
[localization_error-8] [0m[INFO] [1789213934.904113935] [localization_error]: now[200] 3.265 m / 10.49 deg  |  session[n=5790] mean 0.489 p95 0.852 max 11.032 m, heading mean 3.20 max 179.16 deg[0m
[log_localization-9] [0m[INFO] [1789213935.408783662] [log_localization]:  294.9 s  1210.7 m  err 3.604 m (along -2.835 cross -2.225) yaw +12.24 deg  m->o yaw +12.23 deg | fit true 0.022 est 0.178 (x8.27)  enc/true 1.022  dr_err 17.83 m[0m
[pure_pursuit-11] [33m[WARN] [1789213936.171937247] [pure_pursuit]: heading jumped -32 deg in one tick: respawn. Speed estimate 5.01 -> 0, pose history cleared.[0m
[pure_pursuit-11] [33m[WARN] [1789213936.974182513] [pure_pursuit]: heading jumped +100 deg in one tick: respawn. Speed estimate 2.95 -> 0, pose history cleared.[0m
[pure_pursuit-11] [33m[WARN] [1789213938.117379536] [pure_pursuit]: heading jumped -35 deg in one tick: respawn. Speed estimate 3.36 -> 0, pose history cleared.[0m
[pure_pursuit-11] [33m[WARN] [1789213938.912274116] [pure_pursuit]: heading jumped -39 deg in one tick: respawn. Speed estimate 1.57 -> 0, pose history cleared.[0m
[pure_pursuit-11] [33m[WARN] [1789213939.692270186] [pure_pursuit]: heading jumped -41 deg in one tick: respawn. Speed estimate 1.47 -> 0, pose history cleared.[0m
[localization_error-8] [0m[INFO] [1789213939.903121754] [localization_error]: now[200] 3.829 m / 36.98 deg  |  session[n=5890] mean 0.528 p95 1.749 max 11.032 m, heading mean 4.09 max 179.16 deg[0m
[log_localization-9] [0m[INFO] [1789213940.408203746] [log_localization]:  299.9 s  1223.4 m  err 1.735 m (along -0.325 cross +1.704) yaw +163.00 deg  m->o yaw +163.29 deg | fit true 0.020 est 0.272 (x13.51)  enc/true 1.020  dr_err 18.63 m[0m
[pure_pursuit-11] [33m[WARN] [1789213940.477578497] [pure_pursuit]: heading jumped -40 deg in one tick: respawn. Speed estimate 1.48 -> 0, pose history cleared.[0m
[pure_pursuit-11] [33m[WARN] [1789213941.250825093] [pure_pursuit]: heading jumped -39 deg in one tick: respawn. Speed estimate 1.49 -> 0, pose history cleared.[0m
[pure_pursuit-11] [33m[WARN] [1789213942.080056594] [pure_pursuit]: heading jumped -39 deg in one tick: respawn. Speed estimate 1.39 -> 0, pose history cleared.[0m
[pure_pursuit-11] [33m[WARN] [1789213942.855035069] [pure_pursuit]: heading jumped -41 deg in one tick: respawn. Speed estimate 1.41 -> 0, pose history cleared.[0m
[pure_pursuit-11] [33m[WARN] [1789213943.638592319] [pure_pursuit]: heading jumped -39 deg in one tick: respawn. Speed estimate 1.35 -> 0, pose history cleared.[0m
[pure_pursuit-11] [33m[WARN] [1789213944.857167816] [pure_pursuit]: heading jumped +68 deg in one tick: respawn. Speed estimate 2.45 -> 0, pose history cleared.[0m
[localization_error-8] [0m[INFO] [1789213944.903212976] [localization_error]: now[200] 3.037 m / 104.91 deg  |  session[n=5990] mean 0.574 p95 2.877 max 20.465 m, heading mean 6.60 max 179.22 deg[0m
[log_localization-9] [0m[INFO] [1789213945.408500756] [log_localization]:  304.9 s  1232.8 m  err 6.134 m (along +3.094 cross -5.296) yaw -22.71 deg  m->o yaw -24.33 deg | fit true 0.022 est 0.332 (x15.05)  enc/true 1.018  dr_err 20.60 m[0m
[pure_pursuit-11] [33m[WARN] [1789213945.593166163] [pure_pursuit]: heading jumped -36 deg in one tick: respawn. Speed estimate 2.85 -> 0, pose history cleared.[0m
[pure_pursuit-11] [33m[WARN] [1789213947.067841602] [pure_pursuit]: heading jumped +50 deg in one tick: respawn. Speed estimate 3.15 -> 0, pose history cleared.[0m
[pure_pursuit-11] [33m[WARN] [1789213947.864305081] [pure_pursuit]: heading jumped +60 deg in one tick: respawn. Speed estimate 1.42 -> 0, pose history cleared.[0m
[pure_pursuit-11] [33m[WARN] [1789213948.654343282] [pure_pursuit]: heading jumped +65 deg in one tick: respawn. Speed estimate 1.33 -> 0, pose history cleared.[0m
[pure_pursuit-11] [33m[WARN] [1789213949.377001241] [pure_pursuit]: heading jumped +52 deg in one tick: respawn. Speed estimate 1.39 -> 0, pose history cleared.[0m
[localization_error-8] [0m[INFO] [1789213949.903617770] [localization_error]: now[200] 5.551 m / 96.95 deg  |  session[n=6090] mean 0.693 p95 3.896 max 20.465 m, heading mean 7.14 max 179.22 deg[0m
[log_localization-9] [0m[INFO] [1789213950.408665888] [log_localization]:  309.9 s  1242.6 m  err 10.288 m (along +8.531 cross +5.751) yaw +46.37 deg  m->o yaw +46.34 deg | fit true 0.041 est 0.220 (x5.43)  enc/true 1.017  dr_err 16.77 m[0m
[pure_pursuit-11] [33m[WARN] [1789213950.996014475] [pure_pursuit]: heading jumped +21 deg in one tick: respawn. Speed estimate 2.49 -> 0, pose history cleared.[0m
[pure_pursuit-11] [33m[WARN] [1789213954.091618074] [pure_pursuit]: heading jumped -36 deg in one tick: respawn. Speed estimate 4.26 -> 0, pose history cleared.[0m
[pure_pursuit-11] [33m[WARN] [1789213954.714223807] [pure_pursuit]: heading jumped +29 deg in one tick: respawn. Speed estimate 2.85 -> 0, pose history cleared.[0m
[localization_error-8] [0m[INFO] [1789213954.903414177] [localization_error]: now[200] 7.601 m / 64.94 deg  |  session[n=6190] mean 0.801 p95 4.296 max 20.465 m, heading mean 8.48 max 179.89 deg[0m
[log_localization-9] [0m[INFO] [1789213955.408746140] [log_localization]:  314.9 s  1255.3 m  err 2.281 m (along -2.167 cross +0.713) yaw +169.81 deg  m->o yaw +169.91 deg | fit true 0.005 est 0.285 (x55.29)  enc/true 1.018  dr_err 6.94 m[0m
[pure_pursuit-11] [33m[WARN] [1789213956.450516191] [pure_pursuit]: heading jumped +55 deg in one tick: respawn. Speed estimate 3.98 -> 0, pose history cleared.[0m
[pure_pursuit-11] [33m[WARN] [1789213957.103583103] [pure_pursuit]: heading jumped +45 deg in one tick: respawn. Speed estimate 2.41 -> 0, pose history cleared.[0m
[pure_pursuit-11] [33m[WARN] [1789213957.765520036] [pure_pursuit]: heading jumped -67 deg in one tick: respawn. Speed estimate 2.22 -> 0, pose history cleared.[0m
[pure_pursuit-11] [33m[WARN] [1789213958.543860446] [pure_pursuit]: heading jumped -51 deg in one tick: respawn. Speed estimate 1.89 -> 0, pose history cleared.[0m
[pure_pursuit-11] [33m[WARN] [1789213959.444807695] [pure_pursuit]: heading jumped -52 deg in one tick: respawn. Speed estimate 1.65 -> 0, pose history cleared.[0m
[localization_error-8] [0m[INFO] [1789213959.903471330] [localization_error]: now[200] 7.412 m / 126.31 deg  |  session[n=6290] mean 0.906 p95 4.888 max 20.465 m, heading mean 10.93 max 179.99 deg[0m
[pure_pursuit-11] [33m[WARN] [1789213960.244849979] [pure_pursuit]: heading jumped -60 deg in one tick: respawn. Speed estimate 1.51 -> 0, pose history cleared.[0m
[log_localization-9] [0m[INFO] [1789213960.409724213] [log_localization]:  320.0 s  1266.1 m  err 7.704 m (along -7.696 cross -0.368) yaw -41.59 deg  m->o yaw -41.98 deg | fit true 0.004 est 0.300 (x76.83)  enc/true 1.017  dr_err 3.71 m[0m
[pure_pursuit-11] [33m[WARN] [1789213961.126642432] [pure_pursuit]: heading jumped +69 deg in one tick: respawn. Speed estimate 1.67 -> 0, pose history cleared.[0m
[pure_pursuit-11] [33m[WARN] [1789213961.961324252] [pure_pursuit]: heading jumped +56 deg in one tick: respawn. Speed estimate 1.53 -> 0, pose history cleared.[0m
[pure_pursuit-11] [33m[WARN] [1789213962.773887286] [pure_pursuit]: heading jumped +59 deg in one tick: respawn. Speed estimate 2.17 -> 0, pose history cleared.[0m
[pure_pursuit-11] [33m[WARN] [1789213963.451746872] [pure_pursuit]: heading jumped +56 deg in one tick: respawn. Speed estimate 2.53 -> 0, pose history cleared.[0m
[pure_pursuit-11] [33m[WARN] [1789213964.119228591] [pure_pursuit]: heading jumped +54 deg in one tick: respawn. Speed estimate 2.60 -> 0, pose history cleared.[0m
[pure_pursuit-11] [33m[WARN] [1789213964.850353681] [pure_pursuit]: heading jumped +50 deg in one tick: respawn. Speed estimate 3.07 -> 0, pose history cleared.[0m
[localization_error-8] [0m[INFO] [1789213964.903325087] [localization_error]: now[200] 6.648 m / 96.82 deg  |  session[n=6390] mean 0.984 p95 5.386 max 20.465 m, heading mean 11.25 max 179.99 deg[0m
[log_localization-9] [0m[INFO] [1789213965.409173403] [log_localization]:  324.9 s  1277.4 m  err 3.501 m (along +0.285 cross -3.489) yaw  -5.39 deg  m->o yaw  -5.42 deg | fit true 0.006 est 0.163 (x25.26)  enc/true 1.015  dr_err 7.56 m[0m
[pure_pursuit-11] [33m[WARN] [1789213965.907480740] [pure_pursuit]: heading jumped -36 deg in one tick: respawn. Speed estimate 4.01 -> 0, pose history cleared.[0m
[pure_pursuit-11] [33m[WARN] [1789213966.590368894] [pure_pursuit]: heading jumped -67 deg in one tick: respawn. Speed estimate 2.04 -> 0, pose history cleared.[0m
[pure_pursuit-11] [33m[WARN] [1789213967.484739668] [pure_pursuit]: heading jumped -56 deg in one tick: respawn. Speed estimate 1.87 -> 0, pose history cleared.[0m
[pure_pursuit-11] [33m[WARN] [1789213968.263907183] [pure_pursuit]: heading jumped -62 deg in one tick: respawn. Speed estimate 1.38 -> 0, pose history cleared.[0m
[pure_pursuit-11] [33m[WARN] [1789213969.152866638] [pure_pursuit]: heading jumped -66 deg in one tick: respawn. Speed estimate 1.62 -> 0, pose history cleared.[0m
[localization_error-8] [0m[INFO] [1789213969.903144155] [localization_error]: now[200] 4.067 m / 46.78 deg  |  session[n=6490] mean 1.004 p95 5.333 max 20.465 m, heading mean 12.04 max 179.99 deg[0m
[pure_pursuit-11] [33m[WARN] [1789213970.196601031] [pure_pursuit]: heading jumped -21 deg in one tick: respawn. Speed estimate 2.49 -> 0, pose history cleared.[0m
[log_localization-9] [0m[INFO] [1789213970.410503310] [log_localization]:  330.0 s  1288.9 m  err 4.259 m (along -3.993 cross -1.480) yaw -164.10 deg  m->o yaw -164.01 deg | fit true 0.009 est 0.205 (x23.28)  enc/true 1.013  dr_err 15.07 m[0m
[pure_pursuit-11] [33m[WARN] [1789213971.041350564] [pure_pursuit]: heading jumped +48 deg in one tick: respawn. Speed estimate 3.19 -> 0, pose history cleared.[0m
[pure_pursuit-11] [33m[WARN] [1789213972.270444891] [pure_pursuit]: heading jumped -104 deg in one tick: respawn. Speed estimate 2.09 -> 0, pose history cleared.[0m
[pure_pursuit-11] [33m[WARN] [1789213974.284942336] [pure_pursuit]: heading jumped -42 deg in one tick: respawn. Speed estimate 2.72 -> 0, pose history cleared.[0m
[localization_error-8] [0m[INFO] [1789213974.903569553] [localization_error]: now[200] 5.259 m / 101.17 deg  |  session[n=6590] mean 1.114 p95 6.699 max 20.465 m, heading mean 13.98 max 179.99 deg[0m
[pure_pursuit-11] [33m[WARN] [1789213975.399651902] [pure_pursuit]: heading jumped +46 deg in one tick: respawn. Speed estimate 2.03 -> 0, pose history cleared.[0m
[log_localization-9] [0m[INFO] [1789213975.408854822] [log_localization]:  335.0 s  1300.0 m  err 12.073 m (along +7.952 cross -9.085) yaw -117.27 deg  m->o yaw -71.52 deg | fit true 0.006 est 0.558 (x89.82)  enc/true 1.011  dr_err 15.59 m[0m
[pure_pursuit-11] [33m[WARN] [1789213976.353241556] [pure_pursuit]: heading jumped +83 deg in one tick: respawn. Speed estimate 1.61 -> 0, pose history cleared.[0m
[pure_pursuit-11] [33m[WARN] [1789213977.418684211] [pure_pursuit]: heading jumped +74 deg in one tick: respawn. Speed estimate 2.52 -> 0, pose history cleared.[0m
[pure_pursuit-11] [0m[INFO] [1789213978.278637375] [pure_pursuit]: lap 71: 50.70 s[0m
[pure_pursuit-11] [33m[WARN] [1789213978.786245244] [pure_pursuit]: heading jumped -21 deg in one tick: respawn. Speed estimate 3.94 -> 0, pose history cleared.[0m
[pure_pursuit-11] [33m[WARN] [1789213979.522650293] [pure_pursuit]: heading jumped -37 deg in one tick: respawn. Speed estimate 2.33 -> 0, pose history cleared.[0m
[localization_error-8] [0m[INFO] [1789213979.903313475] [localization_error]: now[200] 8.892 m / 133.67 deg  |  session[n=6690] mean 1.240 p95 7.874 max 20.465 m, heading mean 15.67 max 179.99 deg[0m
[pure_pursuit-11] [33m[WARN] [1789213980.154871017] [pure_pursuit]: heading jumped -42 deg in one tick: respawn. Speed estimate 2.58 -> 0, pose history cleared.[0m
[log_localization-9] [0m[INFO] [1789213980.408956859] [log_localization]:  339.9 s  1311.2 m  err 2.895 m (along +1.752 cross -2.305) yaw -164.35 deg  m->o yaw -162.81 deg | fit true 0.003 est 0.112 (x36.74)  enc/true 1.010  dr_err 9.01 m[0m
[pure_pursuit-11] [33m[WARN] [1789213981.937222531] [pure_pursuit]: heading jumped +41 deg in one tick: respawn. Speed estimate 3.11 -> 0, pose history cleared.[0m
[pure_pursuit-11] [33m[WARN] [1789213982.675489471] [pure_pursuit]: heading jumped +57 deg in one tick: respawn. Speed estimate 1.41 -> 0, pose history cleared.[0m
[pure_pursuit-11] [33m[WARN] [1789213983.348991769] [pure_pursuit]: heading jumped +44 deg in one tick: respawn. Speed estimate 1.31 -> 0, pose history cleared.[0m
[pure_pursuit-11] [33m[WARN] [1789213984.209929495] [pure_pursuit]: heading jumped +38 deg in one tick: respawn. Speed estimate 1.61 -> 0, pose history cleared.[0m
[localization_error-8] [0m[INFO] [1789213984.903390551] [localization_error]: now[200] 7.308 m / 144.32 deg  |  session[n=6790] mean 1.296 p95 7.816 max 20.465 m, heading mean 17.82 max 179.99 deg[0m
[pure_pursuit-11] [33m[WARN] [1789213985.215194013] [pure_pursuit]: heading jumped +30 deg in one tick: respawn. Speed estimate 1.74 -> 0, pose history cleared.[0m
[log_localization-9] [0m[INFO] [1789213985.408244346] [log_localization]:  344.9 s  1321.8 m  err 2.358 m (along +1.639 cross -1.695) yaw +145.48 deg  m->o yaw +146.05 deg | fit true 0.018 est 0.232 (x12.76)  enc/true 1.009  dr_err 4.82 m[0m
[pure_pursuit-11] [33m[WARN] [1789213987.735160810] [pure_pursuit]: heading jumped -21 deg in one tick: respawn. Speed estimate 5.29 -> 0, pose history cleared.[0m
[pure_pursuit-11] [33m[WARN] [1789213989.805710210] [pure_pursuit]: heading jumped +35 deg in one tick: respawn. Speed estimate 2.54 -> 0, pose history cleared.[0m
[localization_error-8] [0m[INFO] [1789213989.905899124] [localization_error]: now[200] 4.112 m / 115.12 deg  |  session[n=6890] mean 1.323 p95 7.874 max 20.465 m, heading mean 18.56 max 179.99 deg[0m
[log_localization-9] [0m[INFO] [1789213990.409497398] [log_localization]:  350.0 s  1334.8 m  err 0.914 m (along +0.911 cross -0.068) yaw -13.71 deg  m->o yaw -13.64 deg | fit true 0.015 est 0.167 (x11.10)  enc/true 1.008  dr_err 4.69 m[0m
[pure_pursuit-11] [33m[WARN] [1789213991.586672151] [pure_pursuit]: heading jumped -25 deg in one tick: respawn. Speed estimate 4.78 -> 0, pose history cleared.[0m
[pure_pursuit-11] [33m[WARN] [1789213994.076851154] [pure_pursuit]: heading jumped +52 deg in one tick: respawn. Speed estimate 3.94 -> 0, pose history cleared.[0m
[localization_error-8] [0m[INFO] [1789213994.904253703] [localization_error]: now[200] 2.683 m / 41.43 deg  |  session[n=6990] mean 1.336 p95 7.816 max 20.465 m, heading mean 18.49 max 179.99 deg[0m
[pure_pursuit-11] [33m[WARN] [1789213994.913353412] [pure_pursuit]: heading jumped +30 deg in one tick: respawn. Speed estimate 1.60 -> 0, pose history cleared.[0m
[log_localization-9] [0m[INFO] [1789213995.410511448] [log_localization]:  355.0 s  1346.4 m  err 4.332 m (along +4.142 cross +1.269) yaw  -2.48 deg  m->o yaw  -2.64 deg | fit true 0.002 est 0.277 (x153.63)  enc/true 1.009  dr_err 7.19 m[0m
[pure_pursuit-11] [33m[WARN] [1789213995.698748913] [pure_pursuit]: heading jumped +45 deg in one tick: respawn. Speed estimate 1.54 -> 0, pose history cleared.[0m
[pure_pursuit-11] [33m[WARN] [1789213996.415701500] [pure_pursuit]: heading jumped +52 deg in one tick: respawn. Speed estimate 1.49 -> 0, pose history cleared.[0m
[pure_pursuit-11] [33m[WARN] [1789213997.144548118] [pure_pursuit]: heading jumped +42 deg in one tick: respawn. Speed estimate 1.52 -> 0, pose history cleared.[0m
[pure_pursuit-11] [33m[WARN] [1789213997.912009019] [pure_pursuit]: heading jumped +37 deg in one tick: respawn. Speed estimate 1.53 -> 0, pose history cleared.[0m
[pure_pursuit-11] [33m[WARN] [1789213998.675537036] [pure_pursuit]: heading jumped +35 deg in one tick: respawn. Speed estimate 1.87 -> 0, pose history cleared.[0m
[localization_error-8] [0m[INFO] [1789213999.904505950] [localization_error]: now[200] 3.840 m / 34.47 deg  |  session[n=7090] mean 1.394 p95 7.815 max 20.465 m, heading mean 19.01 max 179.99 deg[0m
[pure_pursuit-11] [33m[WARN] [1789214000.049479680] [pure_pursuit]: heading jumped +26 deg in one tick: respawn. Speed estimate 2.33 -> 0, pose history cleared.[0m
[log_localization-9] [0m[INFO] [1789214000.408594615] [log_localization]:  360.0 s  1355.4 m  err 5.072 m (along -4.952 cross -1.095) yaw +174.74 deg  m->o yaw +173.51 deg | fit true 0.018 est 0.321 (x17.96)  enc/true 1.008  dr_err 12.20 m[0m
[pure_pursuit-11] [33m[WARN] [1789214000.557749939] [pure_pursuit]: heading jumped +39 deg in one tick: respawn. Speed estimate 1.88 -> 0, pose history cleared.[0m
[pure_pursuit-11] [33m[WARN] [1789214001.008724638] [pure_pursuit]: heading jumped +51 deg in one tick: respawn. Speed estimate 1.99 -> 0, pose history cleared.[0m
[pure_pursuit-11] [33m[WARN] [1789214001.465832000] [pure_pursuit]: heading jumped +32 deg in one tick: respawn. Speed estimate 1.73 -> 0, pose history cleared.[0m
[pure_pursuit-11] [33m[WARN] [1789214002.131062870] [pure_pursuit]: heading jumped -62 deg in one tick: respawn. Speed estimate 2.23 -> 0, pose history cleared.[0m
[pure_pursuit-11] [33m[WARN] [1789214002.857799033] [pure_pursuit]: heading jumped -56 deg in one tick: respawn. Speed estimate 1.88 -> 0, pose history cleared.[0m
[pure_pursuit-11] [33m[WARN] [1789214003.646298297] [pure_pursuit]: heading jumped -58 deg in one tick: respawn. Speed estimate 1.48 -> 0, pose history cleared.[0m
[pure_pursuit-11] [33m[WARN] [1789214004.440764661] [pure_pursuit]: heading jumped -57 deg in one tick: respawn. Speed estimate 1.52 -> 0, pose history cleared.[0m
[localization_error-8] [0m[INFO] [1789214004.903984992] [localization_error]: now[200] 6.436 m / 111.46 deg  |  session[n=7190] mean 1.478 p95 8.160 max 20.465 m, heading mean 21.08 max 179.99 deg[0m
[pure_pursuit-11] [33m[WARN] [1789214005.296408339] [pure_pursuit]: heading jumped -47 deg in one tick: respawn. Speed estimate 1.73 -> 0, pose history cleared.[0m
[log_localization-9] [0m[INFO] [1789214005.408697386] [log_localization]:  364.9 s  1365.2 m  err 8.971 m (along -8.968 cross +0.245) yaw -80.97 deg  m->o yaw -80.01 deg | fit true 0.003 est 0.412 (x118.80)  enc/true 1.006  dr_err 19.51 m[0m
[pure_pursuit-11] [33m[WARN] [1789214006.138103233] [pure_pursuit]: heading jumped -44 deg in one tick: respawn. Speed estimate 1.54 -> 0, pose history cleared.[0m
[pure_pursuit-11] [33m[WARN] [1789214006.958465359] [pure_pursuit]: heading jumped -56 deg in one tick: respawn. Speed estimate 1.53 -> 0, pose history cleared.[0m
[pure_pursuit-11] [33m[WARN] [1789214007.634342119] [pure_pursuit]: heading jumped -58 deg in one tick: respawn. Speed estimate 1.40 -> 0, pose history cleared.[0m
[pure_pursuit-11] [33m[WARN] [1789214008.300350167] [pure_pursuit]: heading jumped -58 deg in one tick: respawn. Speed estimate 1.39 -> 0, pose history cleared.[0m
[pure_pursuit-11] [33m[WARN] [1789214008.968452062] [pure_pursuit]: heading jumped -58 deg in one tick: respawn. Speed estimate 1.31 -> 0, pose history cleared.[0m
[pure_pursuit-11] [33m[WARN] [1789214009.630544475] [pure_pursuit]: heading jumped -63 deg in one tick: respawn. Speed estimate 1.96 -> 0, pose history cleared.[0m
[localization_error-8] [0m[INFO] [1789214009.903712400] [localization_error]: now[200] 7.086 m / 108.40 deg  |  session[n=7290] mean 1.550 p95 8.403 max 20.465 m, heading mean 21.46 max 179.99 deg[0m
[pure_pursuit-11] [33m[WARN] [1789214010.129504476] [pure_pursuit]: heading jumped -60 deg in one tick: respawn. Speed estimate 2.13 -> 0, pose history cleared.[0m
[log_localization-9] [0m[INFO] [1789214010.409182503] [log_localization]:  370.0 s  1373.6 m  err 3.629 m (along -2.386 cross -2.735) yaw -15.67 deg  m->o yaw -15.37 deg | fit true 0.011 est 0.293 (x26.42)  enc/true 1.005  dr_err 25.58 m[0m
[pure_pursuit-11] [33m[WARN] [1789214010.640474670] [pure_pursuit]: heading jumped -60 deg in one tick: respawn. Speed estimate 2.32 -> 0, pose history cleared.[0m
[pure_pursuit-11] [33m[WARN] [1789214011.302649285] [pure_pursuit]: heading jumped +38 deg in one tick: respawn. Speed estimate 2.76 -> 0, pose history cleared.[0m
[pure_pursuit-11] [33m[WARN] [1789214012.914555109] [pure_pursuit]: heading jumped -33 deg in one tick: respawn. Speed estimate 3.98 -> 0, pose history cleared.[0m
[localization_error-8] [0m[INFO] [1789214014.904197453] [localization_error]: now[200] 4.598 m / 32.52 deg  |  session[n=7390] mean 1.562 p95 8.359 max 20.465 m, heading mean 21.39 max 179.99 deg[0m
[pure_pursuit-11] [0m[INFO] [1789214015.159633543] [pure_pursuit]: lap 72: 36.86 s[0m
[log_localization-9] [0m[INFO] [1789214015.409233166] [log_localization]:  375.0 s  1386.1 m  err 0.331 m (along +0.318 cross -0.093) yaw  -1.58 deg  m->o yaw  -1.15 deg | fit true 0.011 est 0.040 (x3.57)  enc/true 1.006  dr_err 30.04 m[0m
[pure_pursuit-11] [33m[WARN] [1789214017.077830327] [pure_pursuit]: heading jumped +41 deg in one tick: respawn. Speed estimate 3.87 -> 0, pose history cleared.[0m
[pure_pursuit-11] [33m[WARN] [1789214017.950474768] [pure_pursuit]: heading jumped -60 deg in one tick: respawn. Speed estimate 2.60 -> 0, pose history cleared.[0m
[pure_pursuit-11] [33m[WARN] [1789214019.617026613] [pure_pursuit]: heading jumped +86 deg in one tick: respawn. Speed estimate 2.47 -> 0, pose history cleared.[0m
[localization_error-8] [0m[INFO] [1789214019.903479707] [localization_error]: now[200] 3.185 m / 14.68 deg  |  session[n=7490] mean 1.594 p95 8.276 max 20.465 m, heading mean 21.28 max 179.99 deg[0m
[log_localization-9] [0m[INFO] [1789214020.408804929] [log_localization]:  379.9 s  1398.5 m  err 4.130 m (along -2.566 cross -3.236) yaw +19.93 deg  m->o yaw +20.38 deg | fit true 0.038 est 0.169 (x4.42)  enc/true 1.008  dr_err 23.86 m[0m
[pure_pursuit-11] [33m[WARN] [1789214020.621916479] [pure_pursuit]: heading jumped +40 deg in one tick: respawn. Speed estimate 2.55 -> 0, pose history cleared.[0m
[localization_error-8] [0m[INFO] [1789214024.904226148] [localization_error]: now[200] 2.838 m / 15.01 deg  |  session[n=7590] mean 1.596 p95 8.223 max 20.465 m, heading mean 21.22 max 179.99 deg[0m
[log_localization-9] [0m[INFO] [1789214025.408629594] [log_localization]:  384.9 s  1415.4 m  err 0.098 m (along +0.098 cross +0.001) yaw  -1.39 deg  m->o yaw  -1.38 deg | fit true 0.002 est 0.028 (x15.37)  enc/true 1.008  dr_err 22.03 m[0m
[pure_pursuit-11] [0m[INFO] [1789214027.773969946] [pure_pursuit]: lap 73: 12.58 s[0m
[localization_error-8] [0m[INFO] [1789214029.904796248] [localization_error]: now[200] 1.033 m / 9.31 deg  |  session[n=7690] mean 1.579 p95 8.160 max 20.465 m, heading mean 20.97 max 179.99 deg[0m
[log_localization-9] [0m[INFO] [1789214030.408535310] [log_localization]:  390.0 s  1437.0 m  err 0.062 m (along +0.055 cross -0.029) yaw  -0.68 deg  m->o yaw  -1.02 deg | fit true 0.011 est 0.022 (x1.95)  enc/true 1.008  dr_err 21.85 m[0m
[pure_pursuit-11] [0m[INFO] [1789214034.366756191] [pure_pursuit]: lap 74: 6.58 s[0m
[localization_error-8] [0m[INFO] [1789214034.904058595] [localization_error]: now[200] 0.306 m / 2.31 deg  |  session[n=7790] mean 1.563 p95 8.119 max 20.465 m, heading mean 20.73 max 179.99 deg[0m
[log_localization-9] [0m[INFO] [1789214035.408782160] [log_localization]:  395.0 s  1458.6 m  err 0.133 m (along +0.129 cross -0.033) yaw  -0.86 deg  m->o yaw  -0.98 deg | fit true 0.008 est 0.044 (x5.65)  enc/true 1.008  dr_err 21.47 m[0m
[localization_error-8] [0m[INFO] [1789214039.904141258] [localization_error]: now[200] 0.315 m / 2.64 deg  |  session[n=7890] mean 1.547 p95 8.076 max 20.465 m, heading mean 20.50 max 179.99 deg[0m
[log_localization-9] [0m[INFO] [1789214040.408672400] [log_localization]:  399.9 s  1478.4 m  err 0.036 m (along +0.014 cross -0.033) yaw  +2.91 deg  m->o yaw  +3.21 deg | fit true 0.011 est 0.010 (x0.87)  enc/true 1.008  dr_err 21.75 m[0m
[pure_pursuit-11] [0m[INFO] [1789214040.847618661] [pure_pursuit]: lap 75: 6.54 s[0m
[localization_error-8] [0m[INFO] [1789214044.903483480] [localization_error]: now[200] 0.327 m / 2.39 deg  |  session[n=7990] mean 1.532 p95 8.024 max 20.465 m, heading mean 20.27 max 179.99 deg[0m
[log_localization-9] [0m[INFO] [1789214045.408960706] [log_localization]:  404.9 s  1500.9 m  err 0.192 m (along +0.191 cross +0.017) yaw  +1.57 deg  m->o yaw  +1.22 deg | fit true 0.001 est 0.036 (x24.48)  enc/true 1.008  dr_err 22.12 m[0m
[pure_pursuit-11] [0m[INFO] [1789214047.362380137] [pure_pursuit]: lap 76: 6.51 s[0m
[localization_error-8] [0m[INFO] [1789214049.904036113] [localization_error]: now[200] 0.316 m / 2.00 deg  |  session[n=8090] mean 1.517 p95 7.971 max 20.465 m, heading mean 20.05 max 179.99 deg[0m
[log_localization-9] [0m[INFO] [1789214050.408548066] [log_localization]:  410.0 s  1521.7 m  err 0.185 m (along +0.173 cross -0.065) yaw  -4.36 deg  m->o yaw  -3.92 deg | fit true 0.044 est 0.066 (x1.50)  enc/true 1.008  dr_err 21.83 m[0m
[pure_pursuit-11] [0m[INFO] [1789214053.930461816] [pure_pursuit]: lap 77: 6.52 s[0m
[localization_error-8] [0m[INFO] [1789214054.903827741] [localization_error]: now[200] 0.327 m / 2.39 deg  |  session[n=8190] mean 1.502 p95 7.951 max 20.465 m, heading mean 19.84 max 179.99 deg[0m
[log_localization-9] [0m[INFO] [1789214055.409583447] [log_localization]:  415.0 s  1544.2 m  err 0.211 m (along -0.209 cross -0.025) yaw  +1.65 deg  m->o yaw  +1.81 deg | fit true 0.016 est 0.027 (x1.62)  enc/true 1.009  dr_err 21.50 m[0m
[localization_error-8] [0m[INFO] [1789214059.903595900] [localization_error]: now[200] 0.314 m / 2.60 deg  |  session[n=8290] mean 1.488 p95 7.900 max 20.465 m, heading mean 19.63 max 179.99 deg[0m
[log_localization-9] [0m[INFO] [1789214060.408323081] [log_localization]:  419.9 s  1563.5 m  err 0.059 m (along +0.052 cross -0.028) yaw  +0.20 deg  m->o yaw  +0.30 deg | fit true 0.009 est 0.006 (x0.70)  enc/true 1.009  dr_err 21.62 m[0m
[pure_pursuit-11] [0m[INFO] [1789214060.450314149] [pure_pursuit]: lap 78: 6.52 s[0m
[localization_error-8] [0m[INFO] [1789214064.904176862] [localization_error]: now[200] 0.309 m / 2.24 deg  |  session[n=8390] mean 1.474 p95 7.866 max 20.465 m, heading mean 19.42 max 179.99 deg[0m
[log_localization-9] [0m[INFO] [1789214065.408711403] [log_localization]:  424.9 s  1586.3 m  err 0.078 m (along -0.078 cross +0.003) yaw  +1.21 deg  m->o yaw  +1.24 deg | fit true 0.011 est 0.008 (x0.75)  enc/true 1.009  dr_err 21.87 m[0m
[pure_pursuit-11] [0m[INFO] [1789214066.975203610] [pure_pursuit]: lap 79: 6.57 s[0m
[localization_error-8] [0m[INFO] [1789214069.903295767] [localization_error]: now[200] 0.330 m / 2.32 deg  |  session[n=8490] mean 1.460 p95 7.824 max 20.465 m, heading mean 19.22 max 179.99 deg[0m
[log_localization-9] [0m[INFO] [1789214070.408789056] [log_localization]:  430.0 s  1606.8 m  err 0.180 m (along +0.171 cross -0.054) yaw  -1.76 deg  m->o yaw  -2.34 deg | fit true 0.065 est 0.085 (x1.31)  enc/true 1.009  dr_err 21.71 m[0m
[pure_pursuit-11] [0m[INFO] [1789214073.578308942] [pure_pursuit]: lap 80: 6.59 s[0m
[localization_error-8] [0m[INFO] [1789214074.904813095] [localization_error]: now[200] 0.356 m / 2.43 deg  |  session[n=8590] mean 1.448 p95 7.802 max 20.465 m, heading mean 19.02 max 179.99 deg[0m
[log_localization-9] [0m[INFO] [1789214075.409190530] [log_localization]:  435.0 s  1629.7 m  err 0.153 m (along -0.149 cross -0.036) yaw  +2.00 deg  m->o yaw  +1.92 deg | fit true 0.027 est 0.047 (x1.74)  enc/true 1.009  dr_err 21.42 m[0m
[localization_error-8] [0m[INFO] [1789214079.904046157] [localization_error]: now[200] 0.326 m / 2.50 deg  |  session[n=8690] mean 1.434 p95 7.768 max 20.465 m, heading mean 18.83 max 179.99 deg[0m
[pure_pursuit-11] [0m[INFO] [1789214080.096488972] [pure_pursuit]: lap 81: 6.53 s[0m
[log_localization-9] [0m[INFO] [1789214080.408441511] [log_localization]:  440.0 s  1648.7 m  err 0.178 m (along +0.164 cross -0.069) yaw  -0.12 deg  m->o yaw  +0.05 deg | fit true 0.006 est 0.028 (x4.70)  enc/true 1.009  dr_err 21.39 m[0m
[localization_error-8] [0m[INFO] [1789214084.903493947] [localization_error]: now[200] 0.309 m / 2.46 deg  |  session[n=8790] mean 1.422 p95 7.749 max 20.465 m, heading mean 18.65 max 179.99 deg[0m
[log_localization-9] [0m[INFO] [1789214085.408649009] [log_localization]:  444.9 s  1671.2 m  err 0.130 m (along -0.130 cross -0.013) yaw  +3.18 deg  m->o yaw  +2.64 deg | fit true 0.022 est 0.005 (x0.21)  enc/true 1.009  dr_err 21.69 m[0m
[pure_pursuit-11] [0m[INFO] [1789214086.695349174] [pure_pursuit]: lap 82: 6.57 s[0m
[pure_pursuit-11] [33m[WARN] [1789214088.612936146] [pure_pursuit]: heading jumped +33 deg in one tick: respawn. Speed estimate 3.52 -> 0, pose history cleared.[0m
[pure_pursuit-11] [33m[WARN] [1789214089.765689733] [pure_pursuit]: heading jumped +80 deg in one tick: respawn. Speed estimate 2.55 -> 0, pose history cleared.[0m
[localization_error-8] [0m[INFO] [1789214089.903424948] [localization_error]: now[200] 1.354 m / 3.67 deg  |  session[n=8890] mean 1.432 p95 7.724 max 20.465 m, heading mean 18.49 max 179.99 deg[0m
[log_localization-9] [0m[INFO] [1789214090.408555783] [log_localization]:  449.9 s  1685.8 m  err 5.114 m (along +0.793 cross -5.052) yaw +33.24 deg  m->o yaw +33.59 deg | fit true 0.017 est 0.149 (x8.66)  enc/true 1.011  dr_err 17.37 m[0m
[pure_pursuit-11] [33m[WARN] [1789214090.521111537] [pure_pursuit]: heading jumped -66 deg in one tick: respawn. Speed estimate 1.91 -> 0, pose history cleared.[0m
[pure_pursuit-11] [33m[WARN] [1789214091.243970425] [pure_pursuit]: heading jumped -56 deg in one tick: respawn. Speed estimate 1.61 -> 0, pose history cleared.[0m
[localization_error-8] [0m[INFO] [1789214094.904778682] [localization_error]: now[200] 2.510 m / 11.46 deg  |  session[n=8990] mean 1.446 p95 7.708 max 20.465 m, heading mean 18.49 max 179.99 deg[0m
[log_localization-9] [0m[INFO] [1789214095.408387572] [log_localization]:  454.9 s  1699.4 m  err 0.075 m (along +0.073 cross -0.017) yaw  +0.87 deg  m->o yaw  +1.07 deg | fit true 0.027 est 0.020 (x0.73)  enc/true 1.011  dr_err 15.81 m[0m
[pure_pursuit-11] [0m[INFO] [1789214098.112628731] [pure_pursuit]: lap 83: 11.41 s[0m
[localization_error-8] [0m[INFO] [1789214099.903217871] [localization_error]: now[200] 1.507 m / 10.10 deg  |  session[n=9090] mean 1.434 p95 7.698 max 20.465 m, heading mean 18.31 max 179.99 deg[0m
[log_localization-9] [0m[INFO] [1789214100.409291741] [log_localization]:  460.0 s  1721.7 m  err 0.048 m (along -0.047 cross -0.012) yaw  +4.35 deg  m->o yaw  +4.42 deg | fit true 0.023 est 0.041 (x1.79)  enc/true 1.011  dr_err 15.69 m[0m
[pure_pursuit-11] [0m[INFO] [1789214104.642048691] [pure_pursuit]: lap 84: 6.55 s[0m
[localization_error-8] [0m[INFO] [1789214104.903617086] [localization_error]: now[200] 0.315 m / 2.28 deg  |  session[n=9190] mean 1.422 p95 7.689 max 20.465 m, heading mean 18.13 max 179.99 deg[0m
[log_localization-9] [0m[INFO] [1789214105.409067939] [log_localization]:  465.0 s  1741.9 m  err 0.339 m (along +0.339 cross -0.008) yaw  +0.75 deg  m->o yaw  +0.57 deg | fit true 0.007 est 0.039 (x5.26)  enc/true 1.011  dr_err 15.38 m[0m
[localization_error-8] [0m[INFO] [1789214109.904344222] [localization_error]: now[200] 0.329 m / 2.13 deg  |  session[n=9290] mean 1.410 p95 7.669 max 20.465 m, heading mean 17.96 max 179.99 deg[0m
[log_localization-9] [0m[INFO] [1789214110.408159884] [log_localization]:  469.9 s  1763.0 m  err 0.068 m (along -0.065 cross -0.019) yaw  +4.88 deg  m->o yaw  +5.30 deg | fit true 0.020 est 0.018 (x0.90)  enc/true 1.011  dr_err 15.67 m[0m
[pure_pursuit-11] [0m[INFO] [1789214111.208129125] [pure_pursuit]: lap 85: 6.56 s[0m
[localization_error-8] [0m[INFO] [1789214114.903520663] [localization_error]: now[200] 0.343 m / 2.28 deg  |  session[n=9390] mean 1.399 p95 7.650 max 20.465 m, heading mean 17.80 max 179.99 deg[0m
[log_localization-9] [0m[INFO] [1789214115.409202878] [log_localization]:  475.0 s  1784.8 m  err 0.057 m (along +0.057 cross +0.004) yaw  -0.27 deg  m->o yaw  -0.07 deg | fit true 0.002 est 0.005 (x2.51)  enc/true 1.011  dr_err 15.70 m[0m
[pure_pursuit-11] [0m[INFO] [1789214117.737733687] [pure_pursuit]: lap 86: 6.51 s[0m
[localization_error-8] [0m[INFO] [1789214119.904138357] [localization_error]: now[200] 0.319 m / 2.30 deg  |  session[n=9490] mean 1.387 p95 7.578 max 20.465 m, heading mean 17.63 max 179.99 deg[0m
[log_localization-9] [0m[INFO] [1789214120.408264718] [log_localization]:  479.9 s  1806.5 m  err 0.091 m (along +0.084 cross -0.034) yaw  -0.93 deg  m->o yaw  -1.02 deg | fit true 0.013 est 0.029 (x2.20)  enc/true 1.011  dr_err 15.59 m[0m
[pure_pursuit-11] [0m[INFO] [1789214124.266580991] [pure_pursuit]: lap 87: 6.54 s[0m
[localization_error-8] [0m[INFO] [1789214124.903940633] [localization_error]: now[200] 0.316 m / 2.27 deg  |  session[n=9590] mean 1.376 p95 7.554 max 20.465 m, heading mean 17.47 max 179.99 deg[0m
[log_localization-9] [0m[INFO] [1789214125.408555502] [log_localization]:  484.9 s  1828.2 m  err 0.042 m (along +0.042 cross +0.001) yaw  +1.06 deg  m->o yaw  +0.96 deg | fit true 0.017 est 0.017 (x1.00)  enc/true 1.011  dr_err 15.19 m[0m
[localization_error-8] [0m[INFO] [1789214129.903231749] [localization_error]: now[200] 0.312 m / 2.60 deg  |  session[n=9690] mean 1.365 p95 7.524 max 20.465 m, heading mean 17.32 max 179.99 deg[0m
[log_localization-9] [0m[INFO] [1789214130.408250455] [log_localization]:  489.9 s  1848.1 m  err 0.099 m (along +0.092 cross -0.036) yaw  +0.57 deg  m->o yaw  +1.30 deg | fit true 0.021 est 0.019 (x0.91)  enc/true 1.011  dr_err 15.38 m[0m
[pure_pursuit-11] [0m[INFO] [1789214130.750686355] [pure_pursuit]: lap 88: 6.47 s[0m
[localization_error-8] [0m[INFO] [1789214134.903679502] [localization_error]: now[200] 0.337 m / 2.51 deg  |  session[n=9790] mean 1.355 p95 7.443 max 20.465 m, heading mean 17.17 max 179.99 deg[0m
[log_localization-9] [0m[INFO] [1789214135.408901408] [log_localization]:  494.9 s  1870.8 m  err 0.037 m (along +0.025 cross +0.028) yaw  +0.10 deg  m->o yaw  -0.04 deg | fit true 0.015 est 0.029 (x1.99)  enc/true 1.011  dr_err 15.62 m[0m
[pure_pursuit-11] [0m[INFO] [1789214137.268751954] [pure_pursuit]: lap 89: 6.55 s[0m
[localization_error-8] [0m[INFO] [1789214139.903876892] [localization_error]: now[200] 0.346 m / 2.31 deg  |  session[n=9890] mean 1.345 p95 7.403 max 20.465 m, heading mean 17.02 max 179.99 deg[0m
[log_localization-9] [0m[INFO] [1789214140.408377617] [log_localization]:  499.9 s  1891.3 m  err 0.155 m (along +0.142 cross -0.061) yaw  -2.27 deg  m->o yaw  -1.95 deg | fit true 0.050 est 0.065 (x1.29)  enc/true 1.011  dr_err 15.43 m[0m
[pure_pursuit-11] [0m[INFO] [1789214143.803166320] [pure_pursuit]: lap 90: 6.52 s[0m
[localization_error-8] [0m[INFO] [1789214144.903474296] [localization_error]: now[200] 0.358 m / 2.45 deg  |  session[n=9990] mean 1.335 p95 7.359 max 20.465 m, heading mean 16.87 max 179.99 deg[0m
[log_localization-9] [0m[INFO] [1789214145.408231694] [log_localization]:  504.9 s  1914.0 m  err 0.124 m (along -0.124 cross -0.004) yaw  +2.86 deg  m->o yaw  +2.45 deg | fit true 0.019 est 0.013 (x0.69)  enc/true 1.012  dr_err 15.12 m[0m
[localization_error-8] [0m[INFO] [1789214149.904680802] [localization_error]: now[200] 0.320 m / 2.60 deg  |  session[n=10090] mean 1.324 p95 7.304 max 20.465 m, heading mean 16.73 max 179.99 deg[0m
[pure_pursuit-11] [0m[INFO] [1789214150.306082803] [pure_pursuit]: lap 91: 6.51 s[0m
[log_localization-9] [0m[INFO] [1789214150.410360351] [log_localization]:  510.0 s  1933.1 m  err 0.136 m (along +0.126 cross -0.051) yaw  -0.45 deg  m->o yaw  -0.41 deg | fit true 0.011 est 0.020 (x1.84)  enc/true 1.012  dr_err 15.06 m[0m
[localization_error-8] [0m[INFO] [1789214154.904139232] [localization_error]: now[200] 0.314 m / 2.49 deg  |  session[n=10190] mean 1.315 p95 7.281 max 20.465 m, heading mean 16.59 max 179.99 deg[0m
[log_localization-9] [0m[INFO] [1789214155.408686255] [log_localization]:  515.0 s  1955.9 m  err 0.101 m (along -0.101 cross -0.002) yaw  +1.43 deg  m->o yaw  +1.52 deg | fit true 0.011 est 0.005 (x0.47)  enc/true 1.012  dr_err 15.32 m[0m
[pure_pursuit-11] [0m[INFO] [1789214156.865899464] [pure_pursuit]: lap 92: 6.55 s[0m
[localization_error-8] [0m[INFO] [1789214159.903463343] [localization_error]: now[200] 0.318 m / 2.31 deg  |  session[n=10290] mean 1.305 p95 7.256 max 20.465 m, heading mean 16.45 max 179.99 deg[0m
[log_localization-9] [0m[INFO] [1789214160.410024172] [log_localization]:  520.0 s  1976.4 m  err 0.157 m (along +0.153 cross -0.036) yaw  +0.33 deg  m->o yaw  +0.44 deg | fit true 0.058 est 0.064 (x1.11)  enc/true 1.012  dr_err 15.17 m[0m
[pure_pursuit-11] [0m[INFO] [1789214163.409270261] [pure_pursuit]: lap 93: 6.54 s[0m
[localization_error-8] [0m[INFO] [1789214164.904862553] [localization_error]: now[200] 0.320 m / 2.36 deg  |  session[n=10390] mean 1.296 p95 7.207 max 20.465 m, heading mean 16.32 max 179.99 deg[0m
[log_localization-9] [0m[INFO] [1789214165.408547156] [log_localization]:  524.9 s  1999.0 m  err 0.133 m (along -0.128 cross -0.038) yaw  +3.81 deg  m->o yaw  +3.60 deg | fit true 0.034 est 0.037 (x1.11)  enc/true 1.012  dr_err 14.94 m[0m
[localization_error-8] [0m[INFO] [1789214169.904125735] [localization_error]: now[200] 0.316 m / 2.38 deg  |  session[n=10490] mean 1.286 p95 7.182 max 20.465 m, heading mean 16.18 max 179.99 deg[0m
[pure_pursuit-11] [0m[INFO] [1789214169.983790544] [pure_pursuit]: lap 94: 6.59 s[0m
[log_localization-9] [0m[INFO] [1789214170.408287683] [log_localization]:  529.9 s  2018.5 m  err 0.277 m (along +0.273 cross -0.046) yaw  +1.36 deg  m->o yaw  +1.20 deg | fit true 0.012 est 0.015 (x1.25)  enc/true 1.012  dr_err 14.78 m[0m
[localization_error-8] [0m[INFO] [1789214174.904256962] [localization_error]: now[200] 0.322 m / 2.29 deg  |  session[n=10590] mean 1.277 p95 7.147 max 20.465 m, heading mean 16.05 max 179.99 deg[0m
[log_localization-9] [0m[INFO] [1789214175.409747126] [log_localization]:  535.0 s  2040.9 m  err 0.112 m (along -0.111 cross -0.011) yaw  +4.34 deg  m->o yaw  +4.19 deg | fit true 0.028 est 0.013 (x0.48)  enc/true 1.012  dr_err 15.04 m[0m
[pure_pursuit-11] [0m[INFO] [1789214176.542160078] [pure_pursuit]: lap 95: 6.56 s[0m
[localization_error-8] [0m[INFO] [1789214179.903459181] [localization_error]: now[200] 0.340 m / 2.32 deg  |  session[n=10690] mean 1.268 p95 7.101 max 20.465 m, heading mean 15.92 max 179.99 deg[0m
[log_localization-9] [0m[INFO] [1789214180.408676194] [log_localization]:  539.9 s  2061.7 m  err 0.071 m (along +0.071 cross -0.009) yaw  -0.57 deg  m->o yaw  +0.85 deg | fit true 0.029 est 0.026 (x0.91)  enc/true 1.012  dr_err 14.92 m[0m
[pure_pursuit-11] [0m[INFO] [1789214183.091732158] [pure_pursuit]: lap 96: 6.56 s[0m
[localization_error-8] [0m[INFO] [1789214184.903402427] [localization_error]: now[200] 0.347 m / 2.27 deg  |  session[n=10790] mean 1.260 p95 7.068 max 20.465 m, heading mean 15.80 max 179.99 deg[0m
[log_localization-9] [0m[INFO] [1789214185.409040489] [log_localization]:  544.9 s  2084.0 m  err 0.022 m (along -0.021 cross -0.006) yaw  +2.07 deg  m->o yaw  +2.25 deg | fit true 0.026 est 0.029 (x1.12)  enc/true 1.012  dr_err 14.75 m[0m
[pure_pursuit-11] [0m[INFO] [1789214189.569287310] [pure_pursuit]: lap 97: 6.45 s[0m
[localization_error-8] [0m[INFO] [1789214189.903899176] [localization_error]: now[200] 0.347 m / 2.44 deg  |  session[n=10890] mean 1.251 p95 7.036 max 20.465 m, heading mean 15.67 max 179.99 deg[0m
[log_localization-9] [0m[INFO] [1789214190.408312912] [log_localization]:  549.9 s  2105.0 m  err 0.301 m (along +0.300 cross -0.024) yaw  -1.39 deg  m->o yaw  -1.46 deg | fit true 0.019 est 0.027 (x1.39)  enc/true 1.012  dr_err 14.37 m[0m
[localization_error-8] [0m[INFO] [1789214194.903865938] [localization_error]: now[200] 0.325 m / 2.31 deg  |  session[n=10990] mean 1.243 p95 6.997 max 20.465 m, heading mean 15.55 max 179.99 deg[0m
[log_localization-9] [0m[INFO] [1789214195.408420772] [log_localization]:  554.9 s  2125.7 m  err 0.042 m (along -0.031 cross -0.030) yaw  +5.08 deg  m->o yaw  +5.00 deg | fit true 0.018 est 0.017 (x0.90)  enc/true 1.012  dr_err 14.75 m[0m
[pure_pursuit-11] [0m[INFO] [1789214196.013485567] [pure_pursuit]: lap 98: 6.44 s[0m
[localization_error-8] [0m[INFO] [1789214199.903303613] [localization_error]: now[200] 0.343 m / 2.03 deg  |  session[n=11090] mean 1.235 p95 6.952 max 20.465 m, heading mean 15.43 max 179.99 deg[0m
[log_localization-9] [0m[INFO] [1789214200.408201318] [log_localization]:  559.9 s  2148.1 m  err 0.251 m (along +0.247 cross +0.044) yaw  -0.02 deg  m->o yaw  -0.01 deg | fit true 0.001 est 0.020 (x30.86)  enc/true 1.013  dr_err 15.01 m[0m
[pure_pursuit-11] [0m[INFO] [1789214202.439292270] [pure_pursuit]: lap 99: 6.43 s[0m
[localization_error-8] [0m[INFO] [1789214204.903893968] [localization_error]: now[200] 0.329 m / 2.08 deg  |  session[n=11190] mean 1.227 p95 6.934 max 20.465 m, heading mean 15.31 max 179.99 deg[0m
[log_localization-9] [0m[INFO] [1789214205.409050644] [log_localization]:  564.9 s  2169.3 m  err 0.132 m (along +0.124 cross -0.043) yaw  -1.33 deg  m->o yaw  -1.56 deg | fit true 0.049 est 0.071 (x1.45)  enc/true 1.013  dr_err 14.71 m[0m
[pure_pursuit-11] [0m[INFO] [1789214208.884407251] [pure_pursuit]: lap 100: 6.43 s[0m
[localization_error-8] [0m[INFO] [1789214209.903215673] [localization_error]: now[200] 0.344 m / 2.25 deg  |  session[n=11290] mean 1.219 p95 6.865 max 20.465 m, heading mean 15.20 max 179.99 deg[0m
[log_localization-9] [0m[INFO] [1789214210.408173614] [log_localization]:  569.9 s  2192.3 m  err 0.204 m (along -0.203 cross -0.024) yaw  +1.27 deg  m->o yaw  +0.91 deg | fit true 0.025 est 0.040 (x1.58)  enc/true 1.013  dr_err 14.41 m[0m
[localization_error-8] [0m[INFO] [1789214214.903289371] [localization_error]: now[200] 0.317 m / 2.44 deg  |  session[n=11390] mean 1.211 p95 6.821 max 20.465 m, heading mean 15.08 max 179.99 deg[0m
[pure_pursuit-11] [0m[INFO] [1789214215.362840234] [pure_pursuit]: lap 101: 6.51 s[0m
[log_localization-9] [0m[INFO] [1789214215.408633468] [log_localization]:  574.9 s  2211.3 m  err 0.144 m (along +0.133 cross -0.055) yaw  -2.19 deg  m->o yaw  -1.59 deg | fit true 0.013 est 0.040 (x3.07)  enc/true 1.013  dr_err 14.37 m[0m
[localization_error-8] [0m[INFO] [1789214219.903905797] [localization_error]: now[200] 0.319 m / 2.45 deg  |  session[n=11490] mean 1.203 p95 6.804 max 20.465 m, heading mean 14.97 max 179.99 deg[0m
[log_localization-9] [0m[INFO] [1789214220.408381270] [log_localization]:  579.9 s  2234.5 m  err 0.119 m (along -0.119 cross +0.009) yaw  +1.54 deg  m->o yaw  +1.31 deg | fit true 0.013 est 0.006 (x0.47)  enc/true 1.013  dr_err 14.61 m[0m
[pure_pursuit-11] [0m[INFO] [1789214221.833749772] [pure_pursuit]: lap 102: 6.45 s[0m
[localization_error-8] [0m[INFO] [1789214224.903870397] [localization_error]: now[200] 0.346 m / 2.31 deg  |  session[n=11590] mean 1.196 p95 6.769 max 20.465 m, heading mean 14.86 max 179.99 deg[0m
[log_localization-9] [0m[INFO] [1789214225.409239193] [log_localization]:  585.0 s  2255.5 m  err 0.133 m (along +0.127 cross -0.040) yaw  +0.42 deg  m->o yaw  +0.70 deg | fit true 0.041 est 0.030 (x0.72)  enc/true 1.013  dr_err 14.48 m[0m
[pure_pursuit-11] [0m[INFO] [1789214228.289005799] [pure_pursuit]: lap 103: 6.46 s[0m
[localization_error-8] [0m[INFO] [1789214229.903466220] [localization_error]: now[200] 0.349 m / 2.29 deg  |  session[n=11690] mean 1.189 p95 6.744 max 20.465 m, heading mean 14.76 max 179.99 deg[0m
[log_localization-9] [0m[INFO] [1789214230.408514426] [log_localization]:  589.9 s  2278.2 m  err 0.021 m (along +0.019 cross -0.011) yaw  +1.31 deg  m->o yaw  +1.82 deg | fit true 0.027 est 0.035 (x1.32)  enc/true 1.013  dr_err 14.21 m[0m
[pure_pursuit-11] [0m[INFO] [1789214234.672841225] [pure_pursuit]: lap 104: 6.41 s[0m
[localization_error-8] [0m[INFO] [1789214234.904411751] [localization_error]: now[200] 0.333 m / 2.68 deg  |  session[n=11790] mean 1.181 p95 6.722 max 20.465 m, heading mean 14.66 max 179.99 deg[0m
[log_localization-9] [0m[INFO] [1789214235.408301876] [log_localization]:  594.9 s  2298.3 m  err 0.316 m (along +0.316 cross +0.000) yaw  +0.46 deg  m->o yaw  +0.18 deg | fit true 0.003 est 0.017 (x5.59)  enc/true 1.013  dr_err 13.97 m[0m
[localization_error-8] [0m[INFO] [1789214239.903258008] [localization_error]: now[200] 0.331 m / 2.65 deg  |  session[n=11890] mean 1.174 p95 6.712 max 20.465 m, heading mean 14.55 max 179.99 deg[0m
[log_localization-9] [0m[INFO] [1789214240.408766592] [log_localization]:  599.9 s  2319.8 m  err 0.089 m (along -0.089 cross -0.007) yaw  +5.33 deg  m->o yaw  +4.79 deg | fit true 0.022 est 0.016 (x0.74)  enc/true 1.013  dr_err 14.26 m[0m
[pure_pursuit-11] [0m[INFO] [1789214241.167906806] [pure_pursuit]: lap 105: 6.45 s[0m
[localization_error-8] [0m[INFO] [1789214244.903910905] [localization_error]: now[200] 0.350 m / 2.27 deg  |  session[n=11990] mean 1.167 p95 6.675 max 20.465 m, heading mean 14.45 max 179.99 deg[0m
[log_localization-9] [0m[INFO] [1789214245.408173538] [log_localization]:  604.9 s  2341.6 m  err 0.058 m (along +0.056 cross +0.015) yaw  -1.60 deg  m->o yaw  -1.93 deg | fit true 0.002 est 0.014 (x8.00)  enc/true 1.013  dr_err 14.35 m[0m
[pure_pursuit-11] [0m[INFO] [1789214247.592958548] [pure_pursuit]: lap 106: 6.41 s[0m
[localization_error-8] [0m[INFO] [1789214249.903429463] [localization_error]: now[200] 0.322 m / 2.12 deg  |  session[n=12090] mean 1.160 p95 6.608 max 20.465 m, heading mean 14.35 max 179.99 deg[0m
[log_localization-9] [0m[INFO] [1789214250.408163097] [log_localization]:  609.9 s  2363.4 m  err 0.131 m (along +0.123 cross -0.044) yaw  -1.60 deg  m->o yaw  -1.49 deg | fit true 0.024 est 0.041 (x1.75)  enc/true 1.013  dr_err 14.14 m[0m
[pure_pursuit-11] [0m[INFO] [1789214253.998255469] [pure_pursuit]: lap 107: 6.44 s[0m
[localization_error-8] [0m[INFO] [1789214254.903250903] [localization_error]: now[200] 0.337 m / 2.25 deg  |  session[n=12190] mean 1.154 p95 6.583 max 20.465 m, heading mean 14.25 max 179.99 deg[0m
[log_localization-9] [0m[INFO] [1789214255.408553852] [log_localization]:  614.9 s  2386.2 m  err 0.200 m (along -0.200 cross -0.010) yaw  +1.12 deg  m->o yaw  +1.03 deg | fit true 0.022 est 0.022 (x1.01)  enc/true 1.013  dr_err 13.77 m[0m
[localization_error-8] [0m[INFO] [1789214259.903229567] [localization_error]: now[200] 0.326 m / 2.44 deg  |  session[n=12290] mean 1.147 p95 6.559 max 20.465 m, heading mean 14.15 max 179.99 deg[0m
[log_localization-9] [0m[INFO] [1789214260.410562612] [log_localization]:  620.0 s  2405.6 m  err 0.148 m (along +0.136 cross -0.057) yaw  -1.50 deg  m->o yaw  -1.42 deg | fit true 0.010 est 0.025 (x2.54)  enc/true 1.013  dr_err 13.82 m[0m
[pure_pursuit-11] [0m[INFO] [1789214260.459844608] [pure_pursuit]: lap 108: 6.45 s[0m
[localization_error-8] [0m[INFO] [1789214264.903888549] [localization_error]: now[200] 0.326 m / 2.34 deg  |  session[n=12390] mean 1.140 p95 6.503 max 20.465 m, heading mean 14.06 max 179.99 deg[0m
[log_localization-9] [0m[INFO] [1789214265.408165348] [log_localization]:  624.9 s  2428.7 m  err 0.094 m (along -0.093 cross +0.013) yaw  +2.81 deg  m->o yaw  +2.82 deg | fit true 0.010 est 0.030 (x2.94)  enc/true 1.013  dr_err 14.14 m[0m
[pure_pursuit-11] [0m[INFO] [1789214266.903258598] [pure_pursuit]: lap 109: 6.44 s[0m
[localization_error-8] [0m[INFO] [1789214269.903560431] [localization_error]: now[200] 0.334 m / 2.20 deg  |  session[n=12490] mean 1.134 p95 6.464 max 20.465 m, heading mean 13.96 max 179.99 deg[0m
[log_localization-9] [0m[INFO] [1789214270.408153645] [log_localization]:  629.9 s  2449.2 m  err 0.183 m (along +0.172 cross -0.061) yaw  -0.21 deg  m->o yaw  +0.19 deg | fit true 0.056 est 0.055 (x0.99)  enc/true 1.014  dr_err 13.98 m[0m
[pure_pursuit-11] [0m[INFO] [1789214273.361457478] [pure_pursuit]: lap 110: 6.47 s[0m
[localization_error-8] [0m[INFO] [1789214274.903518761] [localization_error]: now[200] 0.348 m / 2.33 deg  |  session[n=12590] mean 1.128 p95 6.448 max 20.465 m, heading mean 13.87 max 179.99 deg[0m
[log_localization-9] [0m[INFO] [1789214275.408199350] [log_localization]:  634.9 s  2472.5 m  err 0.075 m (along -0.072 cross -0.017) yaw  +4.19 deg  m->o yaw  +3.56 deg | fit true 0.037 est 0.034 (x0.91)  enc/true 1.014  dr_err 13.74 m[0m
[pure_pursuit-11] [0m[INFO] [1789214279.808133335] [pure_pursuit]: lap 111: 6.42 s[0m
[localization_error-8] [0m[INFO] [1789214279.903263915] [localization_error]: now[200] 0.337 m / 2.60 deg  |  session[n=12690] mean 1.121 p95 6.406 max 20.465 m, heading mean 13.78 max 179.99 deg[0m
[log_localization-9] [0m[INFO] [1789214280.408192530] [log_localization]:  639.9 s  2492.4 m  err 0.438 m (along +0.438 cross -0.011) yaw  +0.78 deg  m->o yaw  +0.89 deg | fit true 0.009 est 0.048 (x5.40)  enc/true 1.014  dr_err 13.47 m[0m
[localization_error-8] [0m[INFO] [1789214284.903319012] [localization_error]: now[200] 0.346 m / 2.60 deg  |  session[n=12790] mean 1.116 p95 6.323 max 20.465 m, heading mean 13.69 max 179.99 deg[0m
[log_localization-9] [0m[INFO] [1789214285.408674453] [log_localization]:  644.9 s  2514.0 m  err 0.078 m (along -0.075 cross -0.021) yaw  +5.26 deg  m->o yaw  +5.37 deg | fit true 0.015 est 0.018 (x1.24)  enc/true 1.014  dr_err 13.85 m[0m
[pure_pursuit-11] [0m[INFO] [1789214286.361225439] [pure_pursuit]: lap 112: 6.57 s[0m
[pure_pursuit-11] [33m[WARN] [1789214288.250796640] [pure_pursuit]: heading jumped +30 deg in one tick: respawn. Speed estimate 4.06 -> 0, pose history cleared.[0m
[pure_pursuit-11] [33m[WARN] [1789214289.198907735] [pure_pursuit]: heading jumped +53 deg in one tick: respawn. Speed estimate 2.47 -> 0, pose history cleared.[0m
[localization_error-8] [0m[INFO] [1789214289.903702464] [localization_error]: now[200] 1.589 m / 6.07 deg  |  session[n=12890] mean 1.128 p95 6.307 max 20.465 m, heading mean 13.66 max 179.99 deg[0m
[pure_pursuit-11] [33m[WARN] [1789214290.143058050] [pure_pursuit]: heading jumped -66 deg in one tick: respawn. Speed estimate 2.00 -> 0, pose history cleared.[0m
[log_localization-9] [0m[INFO] [1789214290.408367843] [log_localization]:  649.9 s  2529.6 m  err 3.699 m (along -3.196 cross -1.862) yaw +13.68 deg  m->o yaw +13.61 deg | fit true 0.006 est 0.134 (x22.09)  enc/true 1.014  dr_err 10.02 m[0m
[localization_error-8] [0m[INFO] [1789214294.903229965] [localization_error]: now[200] 2.114 m / 9.79 deg  |  session[n=12990] mean 1.131 p95 6.275 max 20.465 m, heading mean 13.63 max 179.99 deg[0m
[log_localization-9] [0m[INFO] [1789214295.408490449] [log_localization]:  654.9 s  2548.2 m  err 0.026 m (along -0.026 cross +0.002) yaw  +1.81 deg  m->o yaw  +0.97 deg | fit true 0.007 est 0.019 (x2.64)  enc/true 1.015  dr_err 9.34 m[0m
[pure_pursuit-11] [0m[INFO] [1789214296.924444284] [pure_pursuit]: lap 113: 10.57 s[0m
[localization_error-8] [0m[INFO] [1789214299.904001015] [localization_error]: now[200] 0.878 m / 6.12 deg  |  session[n=13090] mean 1.125 p95 6.209 max 20.465 m, heading mean 13.55 max 179.99 deg[0m
[log_localization-9] [0m[INFO] [1789214300.408598872] [log_localization]:  659.9 s  2569.1 m  err 0.233 m (along +0.230 cross -0.035) yaw  +0.87 deg  m->o yaw  +2.42 deg | fit true 0.043 est 0.044 (x1.03)  enc/true 1.015  dr_err 9.16 m[0m
[pure_pursuit-11] [0m[INFO] [1789214303.331037374] [pure_pursuit]: lap 114: 6.42 s[0m
[localization_error-8] [0m[INFO] [1789214304.905648798] [localization_error]: now[200] 0.347 m / 2.48 deg  |  session[n=13190] mean 1.119 p95 6.127 max 20.465 m, heading mean 13.47 max 179.99 deg[0m
[log_localization-9] [0m[INFO] [1789214305.408208937] [log_localization]:  664.9 s  2591.9 m  err 0.030 m (along -0.030 cross +0.002) yaw  +3.69 deg  m->o yaw  +3.04 deg | fit true 0.030 est 0.022 (x0.73)  enc/true 1.015  dr_err 9.11 m[0m
[pure_pursuit-11] [0m[INFO] [1789214309.808813089] [pure_pursuit]: lap 115: 6.45 s[0m
[localization_error-8] [0m[INFO] [1789214309.903794615] [localization_error]: now[200] 0.327 m / 2.43 deg  |  session[n=13290] mean 1.113 p95 6.025 max 20.465 m, heading mean 13.38 max 179.99 deg[0m
[log_localization-9] [0m[INFO] [1789214310.408757063] [log_localization]:  669.9 s  2611.8 m  err 0.271 m (along +0.271 cross -0.002) yaw  +0.88 deg  m->o yaw  +1.00 deg | fit true 0.020 est 0.048 (x2.41)  enc/true 1.015  dr_err 8.98 m[0m
[localization_error-8] [0m[INFO] [1789214314.903310206] [localization_error]: now[200] 0.318 m / 2.42 deg  |  session[n=13390] mean 1.107 p95 5.990 max 20.465 m, heading mean 13.30 max 179.99 deg[0m
[log_localization-9] [0m[INFO] [1789214315.408371712] [log_localization]:  674.9 s  2633.6 m  err 0.059 m (along -0.055 cross -0.021) yaw  +5.75 deg  m->o yaw  +5.21 deg | fit true 0.019 est 0.023 (x1.23)  enc/true 1.015  dr_err 8.92 m[0m
[pure_pursuit-11] [0m[INFO] [1789214316.258674175] [pure_pursuit]: lap 116: 6.46 s[0m
[localization_error-8] [0m[INFO] [1789214319.904094980] [localization_error]: now[200] 0.364 m / 2.69 deg  |  session[n=13490] mean 1.101 p95 5.969 max 20.465 m, heading mean 13.22 max 179.99 deg[0m
[log_localization-9] [0m[INFO] [1789214320.408231576] [log_localization]:  679.9 s  2655.3 m  err 0.133 m (along +0.133 cross +0.007) yaw  +0.58 deg  m->o yaw  +0.64 deg | fit true 0.014 est 0.038 (x2.69)  enc/true 1.015  dr_err 8.86 m[0m
[pure_pursuit-11] [0m[INFO] [1789214322.693027011] [pure_pursuit]: lap 117: 6.42 s[0m
[localization_error-8] [0m[INFO] [1789214324.903257746] [localization_error]: now[200] 0.344 m / 2.50 deg  |  session[n=13590] mean 1.096 p95 5.917 max 20.465 m, heading mean 13.14 max 179.99 deg[0m
[log_localization-9] [0m[INFO] [1789214325.408178739] [log_localization]:  684.9 s  2677.2 m  err 0.123 m (along +0.117 cross -0.038) yaw  -1.30 deg  m->o yaw  -1.19 deg | fit true 0.019 est 0.041 (x2.15)  enc/true 1.015  dr_err 8.81 m[0m
[pure_pursuit-11] [0m[INFO] [1789214329.116927796] [pure_pursuit]: lap 118: 6.41 s[0m
[localization_error-8] [0m[INFO] [1789214329.903445376] [localization_error]: now[200] 0.334 m / 2.43 deg  |  session[n=13690] mean 1.090 p95 5.865 max 20.465 m, heading mean 13.06 max 179.99 deg[0m
[log_localization-9] [0m[INFO] [1789214330.408650345] [log_localization]:  689.9 s  2699.8 m  err 0.224 m (along -0.222 cross -0.030) yaw  +1.49 deg  m->o yaw  +1.91 deg | fit true 0.013 est 0.032 (x2.36)  enc/true 1.015  dr_err 8.66 m[0m
[localization_error-8] [0m[INFO] [1789214334.904023159] [localization_error]: now[200] 0.314 m / 2.37 deg  |  session[n=13790] mean 1.084 p95 5.810 max 20.465 m, heading mean 12.99 max 179.99 deg[0m
[log_localization-9] [0m[INFO] [1789214335.408454448] [log_localization]:  694.9 s  2719.3 m  err 0.098 m (along +0.084 cross -0.050) yaw  +0.15 deg  m->o yaw  -0.28 deg | fit true 0.018 est 0.014 (x0.80)  enc/true 1.015  dr_err 8.49 m[0m
[pure_pursuit-11] [0m[INFO] [1789214335.517306777] [pure_pursuit]: lap 119: 6.44 s[0m
[localization_error-8] [0m[INFO] [1789214339.903489529] [localization_error]: now[200] 0.338 m / 2.13 deg  |  session[n=13890] mean 1.079 p95 5.784 max 20.465 m, heading mean 12.91 max 179.99 deg[0m
[log_localization-9] [0m[INFO] [1789214340.408083950] [log_localization]:  699.9 s  2742.5 m  err 0.004 m (along -0.004 cross -0.001) yaw  +0.59 deg  m->o yaw  +0.02 deg | fit true 0.036 est 0.036 (x0.98)  enc/true 1.015  dr_err 8.62 m[0m
[pure_pursuit-11] [0m[INFO] [1789214341.950929413] [pure_pursuit]: lap 120: 6.44 s[0m
[localization_error-8] [0m[INFO] [1789214344.903300991] [localization_error]: now[200] 0.334 m / 1.95 deg  |  session[n=13990] mean 1.074 p95 5.764 max 20.465 m, heading mean 12.83 max 179.99 deg[0m
[log_localization-9] [0m[INFO] [1789214345.408175642] [log_localization]:  704.9 s  2763.3 m  err 0.135 m (along +0.131 cross -0.031) yaw  -0.03 deg  m->o yaw  +0.58 deg | fit true 0.047 est 0.038 (x0.81)  enc/true 1.015  dr_err 8.45 m[0m
[pure_pursuit-11] [0m[INFO] [1789214348.384186857] [pure_pursuit]: lap 121: 6.39 s[0m
[localization_error-8] [0m[INFO] [1789214349.903384281] [localization_error]: now[200] 0.330 m / 2.00 deg  |  session[n=14090] mean 1.069 p95 5.723 max 20.465 m, heading mean 12.75 max 179.99 deg[0m
[log_localization-9] [0m[INFO] [1789214350.408144777] [log_localization]:  709.9 s  2786.2 m  err 0.036 m (along -0.036 cross -0.002) yaw  +4.15 deg  m->o yaw  +3.68 deg | fit true 0.033 est 0.027 (x0.81)  enc/true 1.015  dr_err 8.42 m[0m
[pure_pursuit-11] [0m[INFO] [1789214354.753558073] [pure_pursuit]: lap 122: 6.41 s[0m
[localization_error-8] [0m[INFO] [1789214354.904283145] [localization_error]: now[200] 0.322 m / 2.55 deg  |  session[n=14190] mean 1.063 p95 5.716 max 20.465 m, heading mean 12.68 max 179.99 deg[0m
[log_localization-9] [0m[INFO] [1789214355.408209758] [log_localization]:  714.9 s  2806.2 m  err 0.213 m (along +0.213 cross -0.010) yaw  +0.39 deg  m->o yaw  +0.68 deg | fit true 0.006 est 0.046 (x8.00)  enc/true 1.015  dr_err 8.20 m[0m
[localization_error-8] [0m[INFO] [1789214359.903295982] [localization_error]: now[200] 0.327 m / 2.56 deg  |  session[n=14290] mean 1.058 p95 5.697 max 20.465 m, heading mean 12.61 max 179.99 deg[0m
[log_localization-9] [0m[INFO] [1789214360.408232077] [log_localization]:  719.9 s  2828.0 m  err 0.078 m (along -0.074 cross -0.024) yaw  +5.80 deg  m->o yaw  +5.25 deg | fit true 0.015 est 0.017 (x1.15)  enc/true 1.015  dr_err 8.21 m[0m
[pure_pursuit-11] [0m[INFO] [1789214361.217536976] [pure_pursuit]: lap 123: 6.46 s[0m
[localization_error-8] [0m[INFO] [1789214364.904031019] [localization_error]: now[200] 0.342 m / 2.21 deg  |  session[n=14390] mean 1.053 p95 5.663 max 20.465 m, heading mean 12.54 max 179.99 deg[0m
[log_localization-9] [0m[INFO] [1789214365.408329712] [log_localization]:  724.9 s  2849.6 m  err 0.192 m (along +0.192 cross +0.001) yaw  +0.82 deg  m->o yaw  +0.76 deg | fit true 0.005 est 0.041 (x8.50)  enc/true 1.015  dr_err 8.16 m[0m
[pure_pursuit-11] [0m[INFO] [1789214367.691031043] [pure_pursuit]: lap 124: 6.43 s[0m
[localization_error-8] [0m[INFO] [1789214369.903655559] [localization_error]: now[200] 0.316 m / 2.12 deg  |  session[n=14490] mean 1.048 p95 5.641 max 20.465 m, heading mean 12.46 max 179.99 deg[0m
[log_localization-9] [0m[INFO] [1789214370.408606074] [log_localization]:  729.9 s  2871.4 m  err 0.088 m (along +0.074 cross -0.047) yaw  -0.29 deg  m->o yaw  -0.25 deg | fit true 0.018 est 0.033 (x1.85)  enc/true 1.015  dr_err 8.09 m[0m
[pure_pursuit-11] [0m[INFO] [1789214374.102607669] [pure_pursuit]: lap 125: 6.43 s[0m
[localization_error-8] [0m[INFO] [1789214374.903518616] [localization_error]: now[200] 0.339 m / 2.32 deg  |  session[n=14590] mean 1.043 p95 5.628 max 20.465 m, heading mean 12.40 max 179.99 deg[0m
[log_localization-9] [0m[INFO] [1789214375.408761370] [log_localization]:  734.9 s  2894.0 m  err 0.243 m (along -0.241 cross -0.025) yaw  +0.51 deg  m->o yaw  +0.18 deg | fit true 0.012 est 0.042 (x3.56)  enc/true 1.016  dr_err 7.89 m[0m
[localization_error-8] [0m[INFO] [1789214379.903395001] [localization_error]: now[200] 0.326 m / 2.45 deg  |  session[n=14690] mean 1.038 p95 5.612 max 20.465 m, heading mean 12.33 max 179.99 deg[0m
[log_localization-9] [0m[INFO] [1789214380.408169843] [log_localization]:  739.9 s  2913.4 m  err 0.137 m (along +0.129 cross -0.047) yaw  -0.74 deg  m->o yaw  -0.66 deg | fit true 0.006 est 0.005 (x0.86)  enc/true 1.016  dr_err 7.73 m[0m
[pure_pursuit-11] [0m[INFO] [1789214380.566607753] [pure_pursuit]: lap 126: 6.45 s[0m
[localization_error-8] [0m[INFO] [1789214384.903380728] [localization_error]: now[200] 0.343 m / 2.44 deg  |  session[n=14790] mean 1.034 p95 5.597 max 20.465 m, heading mean 12.26 max 179.99 deg[0m
[log_localization-9] [0m[INFO] [1789214385.408668338] [log_localization]:  744.9 s  2936.7 m  err 0.042 m (along -0.041 cross +0.009) yaw  +1.43 deg  m->o yaw  +1.49 deg | fit true 0.009 est 0.017 (x1.87)  enc/true 1.016  dr_err 7.86 m[0m
[pure_pursuit-11] [0m[INFO] [1789214386.916799911] [pure_pursuit]: lap 127: 6.35 s[0m
[localization_error-8] [0m[INFO] [1789214389.903340230] [localization_error]: now[200] 0.336 m / 2.27 deg  |  session[n=14890] mean 1.029 p95 5.588 max 20.465 m, heading mean 12.19 max 179.99 deg[0m
[log_localization-9] [0m[INFO] [1789214390.408413948] [log_localization]:  750.0 s  2957.7 m  err 0.236 m (along +0.230 cross -0.051) yaw  +0.50 deg  m->o yaw  +0.56 deg | fit true 0.043 est 0.039 (x0.90)  enc/true 1.016  dr_err 7.68 m[0m
[pure_pursuit-11] [0m[INFO] [1789214393.327498798] [pure_pursuit]: lap 128: 6.45 s[0m
[localization_error-8] [0m[INFO] [1789214394.904233108] [localization_error]: now[200] 0.356 m / 2.30 deg  |  session[n=14990] mean 1.025 p95 5.577 max 20.465 m, heading mean 12.13 max 179.99 deg[0m
[log_localization-9] [0m[INFO] [1789214395.408105848] [log_localization]:  754.9 s  2980.5 m  err 0.060 m (along -0.058 cross -0.014) yaw  +3.47 deg  m->o yaw  +2.70 deg | fit true 0.029 est 0.034 (x1.15)  enc/true 1.016  dr_err 7.66 m[0m
[pure_pursuit-11] [0m[INFO] [1789214399.843908371] [pure_pursuit]: lap 129: 6.48 s[0m
[localization_error-8] [0m[INFO] [1789214399.904332837] [localization_error]: now[200] 0.352 m / 2.67 deg  |  session[n=15090] mean 1.020 p95 5.565 max 20.465 m, heading mean 12.07 max 179.99 deg[0m
[log_localization-9] [0m[INFO] [1789214400.408292509] [log_localization]:  759.9 s  3000.5 m  err 0.359 m (along +0.359 cross -0.023) yaw  -0.41 deg  m->o yaw  -0.26 deg | fit true 0.006 est 0.052 (x8.31)  enc/true 1.016  dr_err 7.41 m[0m
[localization_error-8] [0m[INFO] [1789214404.903393493] [localization_error]: now[200] 0.339 m / 2.63 deg  |  session[n=15190] mean 1.016 p95 5.542 max 20.465 m, heading mean 12.00 max 179.99 deg[0m
[log_localization-9] [0m[INFO] [1789214405.408146436] [log_localization]:  764.9 s  3022.2 m  err 0.083 m (along -0.082 cross -0.003) yaw  +5.72 deg  m->o yaw  +5.59 deg | fit true 0.018 est 0.025 (x1.37)  enc/true 1.016  dr_err 7.43 m[0m
[pure_pursuit-11] [0m[INFO] [1789214406.277079722] [pure_pursuit]: lap 130: 6.46 s[0m
[localization_error-8] [0m[INFO] [1789214409.903683774] [localization_error]: now[200] 0.359 m / 2.39 deg  |  session[n=15290] mean 1.011 p95 5.520 max 20.465 m, heading mean 11.94 max 179.99 deg[0m
[log_localization-9] [0m[INFO] [1789214410.408464506] [log_localization]:  769.9 s  3044.0 m  err 0.146 m (along +0.146 cross +0.003) yaw  -0.30 deg  m->o yaw  +0.02 deg | fit true 0.048 est 0.087 (x1.82)  enc/true 1.016  dr_err 7.42 m[0m
[pure_pursuit-11] [0m[INFO] [1789214412.761743654] [pure_pursuit]: lap 131: 6.47 s[0m
[pure_pursuit-11] [33m[WARN] [1789214414.526602030] [pure_pursuit]: heading jumped +31 deg in one tick: respawn. Speed estimate 4.15 -> 0, pose history cleared.[0m
[localization_error-8] [0m[INFO] [1789214414.903331752] [localization_error]: now[200] 1.019 m / 2.41 deg  |  session[n=15390] mean 1.016 p95 5.527 max 20.465 m, heading mean 11.88 max 179.99 deg[0m
[pure_pursuit-11] [33m[WARN] [1789214415.308428839] [pure_pursuit]: heading jumped +54 deg in one tick: respawn. Speed estimate 1.63 -> 0, pose history cleared.[0m
[log_localization-9] [0m[INFO] [1789214415.408185659] [log_localization]:  774.9 s  3062.1 m  err 5.729 m (along +5.584 cross -1.280) yaw -14.72 deg  m->o yaw -14.14 deg | fit true 0.012 est 0.607 (x52.70)  enc/true 1.016  dr_err 10.01 m[0m
[localization_error-8] [0m[INFO] [1789214419.905018227] [localization_error]: now[200] 1.763 m / 8.96 deg  |  session[n=15490] mean 1.021 p95 5.580 max 20.465 m, heading mean 11.90 max 179.99 deg[0m
[log_localization-9] [0m[INFO] [1789214420.408206206] [log_localization]:  779.9 s  3080.1 m  err 0.033 m (along +0.018 cross +0.027) yaw  -0.45 deg  m->o yaw  -0.85 deg | fit true 0.006 est 0.017 (x3.04)  enc/true 1.016  dr_err 10.04 m[0m
[pure_pursuit-11] [0m[INFO] [1789214422.101830368] [pure_pursuit]: lap 132: 9.36 s[0m
[pure_pursuit-11] [33m[WARN] [1789214423.933132238] [pure_pursuit]: heading jumped +30 deg in one tick: respawn. Speed estimate 4.08 -> 0, pose history cleared.[0m
[localization_error-8] [0m[INFO] [1789214424.903378752] [localization_error]: now[200] 1.923 m / 9.42 deg  |  session[n=15590] mean 1.028 p95 5.571 max 20.465 m, heading mean 11.85 max 179.99 deg[0m
[log_localization-9] [0m[INFO] [1789214425.408343298] [log_localization]:  784.9 s  3096.0 m  err 3.618 m (along +2.394 cross -2.712) yaw +14.61 deg  m->o yaw +14.62 deg | fit true 0.004 est 0.319 (x74.97)  enc/true 1.018  dr_err 13.73 m[0m
[pure_pursuit-11] [33m[WARN] [1789214426.037197051] [pure_pursuit]: heading jumped -67 deg in one tick: respawn. Speed estimate 2.94 -> 0, pose history cleared.[0m
[pure_pursuit-11] [33m[WARN] [1789214426.980225023] [pure_pursuit]: heading jumped -72 deg in one tick: respawn. Speed estimate 2.04 -> 0, pose history cleared.[0m
[pure_pursuit-11] [33m[WARN] [1789214428.652428326] [pure_pursuit]: heading jumped +26 deg in one tick: respawn. Speed estimate 4.07 -> 0, pose history cleared.[0m
[pure_pursuit-11] [33m[WARN] [1789214429.700548441] [pure_pursuit]: heading jumped -25 deg in one tick: respawn. Speed estimate 4.15 -> 0, pose history cleared.[0m
[localization_error-8] [0m[INFO] [1789214429.903573485] [localization_error]: now[200] 4.222 m / 24.04 deg  |  session[n=15690] mean 1.062 p95 5.643 max 20.465 m, heading mean 12.06 max 179.99 deg[0m
[pure_pursuit-11] [33m[WARN] [1789214430.313254870] [pure_pursuit]: heading jumped -45 deg in one tick: respawn. Speed estimate 2.57 -> 0, pose history cleared.[0m
[log_localization-9] [0m[INFO] [1789214430.408240370] [log_localization]:  789.9 s  3110.4 m  err 7.475 m (along -1.780 cross -7.260) yaw +60.20 deg  m->o yaw +60.39 deg | fit true 0.017 est 0.335 (x19.23)  enc/true 1.017  dr_err 19.70 m[0m
[pure_pursuit-11] [33m[WARN] [1789214430.921782073] [pure_pursuit]: heading jumped -53 deg in one tick: respawn. Speed estimate 2.44 -> 0, pose history cleared.[0m
[pure_pursuit-11] [33m[WARN] [1789214431.574413675] [pure_pursuit]: heading jumped -56 deg in one tick: respawn. Speed estimate 2.51 -> 0, pose history cleared.[0m
[pure_pursuit-11] [33m[WARN] [1789214432.463771926] [pure_pursuit]: heading jumped +94 deg in one tick: respawn. Speed estimate 1.78 -> 0, pose history cleared.[0m
[pure_pursuit-11] [33m[WARN] [1789214433.407267090] [pure_pursuit]: heading jumped +88 deg in one tick: respawn. Speed estimate 2.19 -> 0, pose history cleared.[0m
[pure_pursuit-11] [33m[WARN] [1789214434.343104083] [pure_pursuit]: heading jumped +92 deg in one tick: respawn. Speed estimate 2.00 -> 0, pose history cleared.[0m
[localization_error-8] [0m[INFO] [1789214434.903434023] [localization_error]: now[200] 7.134 m / 53.85 deg  |  session[n=15790] mean 1.105 p95 5.917 max 20.465 m, heading mean 12.38 max 179.99 deg[0m
[pure_pursuit-11] [33m[WARN] [1789214435.322451206] [pure_pursuit]: heading jumped +97 deg in one tick: respawn. Speed estimate 2.01 -> 0, pose history cleared.[0m
[log_localization-9] [0m[INFO] [1789214435.408800569] [log_localization]:  794.9 s  3121.1 m  err 12.720 m (along +0.839 cross -12.693) yaw -67.77 deg  m->o yaw -68.38 deg | fit true 0.017 est 0.327 (x19.77)  enc/true 1.016  dr_err 22.63 m[0m
[pure_pursuit-11] [33m[WARN] [1789214436.384368686] [pure_pursuit]: heading jumped +96 deg in one tick: respawn. Speed estimate 2.04 -> 0, pose history cleared.[0m
[pure_pursuit-11] [33m[WARN] [1789214437.275337010] [pure_pursuit]: heading jumped +92 deg in one tick: respawn. Speed estimate 2.02 -> 0, pose history cleared.[0m
[pure_pursuit-11] [33m[WARN] [1789214438.183165732] [pure_pursuit]: heading jumped +82 deg in one tick: respawn. Speed estimate 2.72 -> 0, pose history cleared.[0m
[localization_error-8] [0m[INFO] [1789214439.904210373] [localization_error]: now[200] 9.920 m / 90.75 deg  |  session[n=15890] mean 1.173 p95 6.579 max 20.465 m, heading mean 13.05 max 179.99 deg[0m
[log_localization-9] [0m[INFO] [1789214440.408420701] [log_localization]:  799.9 s  3133.1 m  err 4.026 m (along -0.689 cross -3.967) yaw +120.99 deg  m->o yaw +120.97 deg | fit true 0.022 est 0.366 (x16.98)  enc/true 1.017  dr_err 28.50 m[0m
[pure_pursuit-11] [33m[WARN] [1789214442.548758345] [pure_pursuit]: heading jumped +56 deg in one tick: respawn. Speed estimate 2.76 -> 0, pose history cleared.[0m
[pure_pursuit-11] [33m[WARN] [1789214443.374219740] [pure_pursuit]: heading jumped +67 deg in one tick: respawn. Speed estimate 2.76 -> 0, pose history cleared.[0m
[pure_pursuit-11] [33m[WARN] [1789214444.089456104] [pure_pursuit]: heading jumped +44 deg in one tick: respawn. Speed estimate 3.17 -> 0, pose history cleared.[0m
[localization_error-8] [0m[INFO] [1789214444.903504685] [localization_error]: now[200] 7.352 m / 106.98 deg  |  session[n=15990] mean 1.183 p95 6.554 max 20.465 m, heading mean 13.56 max 179.99 deg[0m
[log_localization-9] [0m[INFO] [1789214445.408697775] [log_localization]:  804.9 s  3146.3 m  err 1.368 m (along +1.357 cross +0.171) yaw +20.40 deg  m->o yaw +20.44 deg | fit true 0.032 est 0.101 (x3.19)  enc/true 1.017  dr_err 25.54 m[0m
[pure_pursuit-11] [33m[WARN] [1789214445.969704071] [pure_pursuit]: heading jumped +21 deg in one tick: respawn. Speed estimate 5.45 -> 0, pose history cleared.[0m
[pure_pursuit-11] [33m[WARN] [1789214447.572505593] [pure_pursuit]: heading jumped +36 deg in one tick: respawn. Speed estimate 2.67 -> 0, pose history cleared.[0m
[pure_pursuit-11] [33m[WARN] [1789214448.232875427] [pure_pursuit]: heading jumped +45 deg in one tick: respawn. Speed estimate 1.39 -> 0, pose history cleared.[0m
[pure_pursuit-11] [33m[WARN] [1789214448.842952441] [pure_pursuit]: heading jumped +42 deg in one tick: respawn. Speed estimate 1.41 -> 0, pose history cleared.[0m
[pure_pursuit-11] [33m[WARN] [1789214449.557647651] [pure_pursuit]: heading jumped +26 deg in one tick: respawn. Speed estimate 1.41 -> 0, pose history cleared.[0m
[localization_error-8] [0m[INFO] [1789214449.903414083] [localization_error]: now[200] 2.948 m / 53.21 deg  |  session[n=16090] mean 1.195 p95 6.516 max 20.465 m, heading mean 13.55 max 179.99 deg[0m
[log_localization-9] [0m[INFO] [1789214450.408200844] [log_localization]:  809.9 s  3156.5 m  err 4.994 m (along +4.837 cross +1.242) yaw  -8.05 deg  m->o yaw  -8.28 deg | fit true 0.013 est 0.289 (x21.58)  enc/true 1.017  dr_err 25.46 m[0m
[pure_pursuit-11] [33m[WARN] [1789214450.438985363] [pure_pursuit]: heading jumped +28 deg in one tick: respawn. Speed estimate 1.81 -> 0, pose history cleared.[0m
[pure_pursuit-11] [33m[WARN] [1789214451.324897933] [pure_pursuit]: heading jumped -64 deg in one tick: respawn. Speed estimate 2.67 -> 0, pose history cleared.[0m
[pure_pursuit-11] [33m[WARN] [1789214452.423505795] [pure_pursuit]: heading jumped -25 deg in one tick: respawn. Speed estimate 3.81 -> 0, pose history cleared.[0m
[pure_pursuit-11] [33m[WARN] [1789214453.249081414] [pure_pursuit]: heading jumped +68 deg in one tick: respawn. Speed estimate 1.76 -> 0, pose history cleared.[0m
[pure_pursuit-11] [33m[WARN] [1789214454.568258169] [pure_pursuit]: heading jumped -67 deg in one tick: respawn. Speed estimate 3.85 -> 0, pose history cleared.[0m
[localization_error-8] [0m[INFO] [1789214454.903498640] [localization_error]: now[200] 4.614 m / 67.14 deg  |  session[n=16190] mean 1.225 p95 6.661 max 24.542 m, heading mean 14.23 max 179.99 deg[0m
[log_localization-9] [0m[INFO] [1789214455.408154438] [log_localization]:  814.9 s  3170.0 m  err 13.511 m (along -13.386 cross -1.836) yaw -152.53 deg  m->o yaw -151.74 deg | fit true 0.029 est 0.331 (x11.40)  enc/true 1.016  dr_err 28.19 m[0m
[pure_pursuit-11] [33m[WARN] [1789214455.485638218] [pure_pursuit]: heading jumped -38 deg in one tick: respawn. Speed estimate 2.81 -> 0, pose history cleared.[0m
[pure_pursuit-11] [33m[WARN] [1789214456.540081742] [pure_pursuit]: heading jumped -49 deg in one tick: respawn. Speed estimate 2.08 -> 0, pose history cleared.[0m
[pure_pursuit-11] [33m[WARN] [1789214457.595220346] [pure_pursuit]: heading jumped -50 deg in one tick: respawn. Speed estimate 2.08 -> 0, pose history cleared.[0m
[pure_pursuit-11] [33m[WARN] [1789214458.644243876] [pure_pursuit]: heading jumped +21 deg in one tick: respawn. Speed estimate 2.76 -> 0, pose history cleared.[0m
[localization_error-8] [0m[INFO] [1789214459.903483160] [localization_error]: now[200] 8.494 m / 122.49 deg  |  session[n=16290] mean 1.285 p95 7.050 max 33.824 m, heading mean 14.88 max 179.99 deg[0m
[pure_pursuit-11] [33m[WARN] [1789214460.024837817] [pure_pursuit]: heading jumped -21 deg in one tick: respawn. Speed estimate 2.54 -> 0, pose history cleared.[0m
[log_localization-9] [0m[INFO] [1789214460.408707136] [log_localization]:  819.9 s  3182.3 m  err 3.590 m (along +0.142 cross -3.588) yaw +146.22 deg  m->o yaw +146.18 deg | fit true 0.018 est 0.182 (x10.02)  enc/true 1.015  dr_err 26.05 m[0m
[pure_pursuit-11] [33m[WARN] [1789214460.967412459] [pure_pursuit]: heading jumped +65 deg in one tick: respawn. Speed estimate 1.94 -> 0, pose history cleared.[0m
[pure_pursuit-11] [33m[WARN] [1789214461.918715381] [pure_pursuit]: heading jumped +89 deg in one tick: respawn. Speed estimate 1.80 -> 0, pose history cleared.[0m
[pure_pursuit-11] [33m[WARN] [1789214462.919390099] [pure_pursuit]: heading jumped +90 deg in one tick: respawn. Speed estimate 1.74 -> 0, pose history cleared.[0m
[pure_pursuit-11] [33m[WARN] [1789214463.967159440] [pure_pursuit]: heading jumped +77 deg in one tick: respawn. Speed estimate 2.09 -> 0, pose history cleared.[0m
[localization_error-8] [0m[INFO] [1789214464.903437092] [localization_error]: now[200] 7.009 m / 134.51 deg  |  session[n=16390] mean 1.296 p95 7.023 max 33.824 m, heading mean 15.69 max 179.99 deg[0m
[pure_pursuit-11] [0m[INFO] [1789214465.058664775] [pure_pursuit]: lap 133: 42.92 s[0m
[pure_pursuit-11] [33m[WARN] [1789214465.113001139] [pure_pursuit]: heading jumped +48 deg in one tick: respawn. Speed estimate 2.75 -> 0, pose history cleared.[0m
[log_localization-9] [0m[INFO] [1789214465.408207155] [log_localization]:  824.9 s  3192.1 m  err 2.003 m (along -1.839 cross -0.794) yaw +70.65 deg  m->o yaw +69.61 deg | fit true 0.011 est 0.370 (x35.03)  enc/true 1.014  dr_err 23.46 m[0m
[pure_pursuit-11] [33m[WARN] [1789214465.722585661] [pure_pursuit]: heading jumped +56 deg in one tick: respawn. Speed estimate 2.05 -> 0, pose history cleared.[0m
[localization_error-8] [0m[INFO] [1789214469.904409183] [localization_error]: now[200] 1.955 m / 84.97 deg  |  session[n=16490] mean 1.293 p95 6.977 max 33.824 m, heading mean 15.73 max 179.99 deg[0m
[log_localization-9] [0m[INFO] [1789214470.408238029] [log_localization]:  829.9 s  3211.1 m  err 0.129 m (along +0.129 cross +0.004) yaw  +0.35 deg  m->o yaw  +0.34 deg | fit true 0.006 est 0.021 (x3.30)  enc/true 1.014  dr_err 23.65 m[0m
[pure_pursuit-11] [0m[INFO] [1789214472.816124313] [pure_pursuit]: lap 134: 7.77 s[0m
[localization_error-8] [0m[INFO] [1789214474.903490421] [localization_error]: now[200] 0.588 m / 12.24 deg  |  session[n=16590] mean 1.287 p95 6.948 max 33.824 m, heading mean 15.65 max 179.99 deg[0m
[log_localization-9] [0m[INFO] [1789214475.408645743] [log_localization]:  834.9 s  3233.1 m  err 0.050 m (along +0.044 cross -0.023) yaw  -0.48 deg  m->o yaw  -0.51 deg | fit true 0.012 est 0.020 (x1.75)  enc/true 1.014  dr_err 23.53 m[0m
[pure_pursuit-11] [0m[INFO] [1789214479.235803303] [pure_pursuit]: lap 135: 6.43 s[0m
[localization_error-8] [0m[INFO] [1789214479.903562675] [localization_error]: now[200] 0.339 m / 2.37 deg  |  session[n=16690] mean 1.282 p95 6.921 max 33.824 m, heading mean 15.57 max 179.99 deg[0m
[log_localization-9] [0m[INFO] [1789214480.408159193] [log_localization]:  839.9 s  3255.4 m  err 0.022 m (along -0.020 cross +0.010) yaw  +1.84 deg  m->o yaw  +0.98 deg | fit true 0.010 est 0.005 (x0.51)  enc/true 1.014  dr_err 23.24 m[0m
[localization_error-8] [0m[INFO] [1789214484.904248304] [localization_error]: now[200] 0.321 m / 2.70 deg  |  session[n=16790] mean 1.276 p95 6.870 max 33.824 m, heading mean 15.50 max 179.99 deg[0m
[log_localization-9] [0m[INFO] [1789214485.408873906] [log_localization]:  845.0 s  3274.9 m  err 0.054 m (along +0.040 cross -0.035) yaw  +0.97 deg  m->o yaw  +1.16 deg | fit true 0.009 est 0.000 (x0.02)  enc/true 1.014  dr_err 23.21 m[0m
[pure_pursuit-11] [0m[INFO] [1789214485.650961661] [pure_pursuit]: lap 136: 6.42 s[0m
[localization_error-8] [0m[INFO] [1789214489.904305223] [localization_error]: now[200] 0.330 m / 2.42 deg  |  session[n=16890] mean 1.270 p95 6.856 max 33.824 m, heading mean 15.42 max 179.99 deg[0m
[log_localization-9] [0m[INFO] [1789214490.408339760] [log_localization]:  849.9 s  3298.2 m  err 0.100 m (along -0.099 cross +0.010) yaw  +1.23 deg  m->o yaw  +0.99 deg | fit true 0.011 est 0.011 (x1.01)  enc/true 1.014  dr_err 23.38 m[0m
[pure_pursuit-11] [0m[INFO] [1789214492.047466629] [pure_pursuit]: lap 137: 6.41 s[0m
[localization_error-8] [0m[INFO] [1789214494.903614948] [localization_error]: now[200] 0.334 m / 2.18 deg  |  session[n=16990] mean 1.265 p95 6.807 max 33.824 m, heading mean 15.34 max 179.99 deg[0m
[log_localization-9] [0m[INFO] [1789214495.408694808] [log_localization]:  854.9 s  3318.9 m  err 0.187 m (along +0.172 cross -0.073) yaw  -1.46 deg  m->o yaw  -1.23 deg | fit true 0.055 est 0.059 (x1.07)  enc/true 1.015  dr_err 23.20 m[0m
[pure_pursuit-11] [0m[INFO] [1789214498.511092110] [pure_pursuit]: lap 138: 6.46 s[0m
[localization_error-8] [0m[INFO] [1789214499.904426931] [localization_error]: now[200] 0.364 m / 2.38 deg  |  session[n=17090] mean 1.260 p95 6.793 max 33.824 m, heading mean 15.27 max 179.99 deg[0m
[log_localization-9] [0m[INFO] [1789214500.408179362] [log_localization]:  859.9 s  3342.1 m  err 0.079 m (along -0.074 cross -0.027) yaw  +3.58 deg  m->o yaw  +3.74 deg | fit true 0.034 est 0.032 (x0.94)  enc/true 1.015  dr_err 23.09 m[0m
[localization_error-8] [0m[INFO] [1789214504.904023199] [localization_error]: now[200] 0.325 m / 2.38 deg  |  session[n=17190] mean 1.254 p95 6.762 max 33.824 m, heading mean 15.19 max 179.99 deg[0m
[pure_pursuit-11] [0m[INFO] [1789214504.979091628] [pure_pursuit]: lap 139: 6.46 s[0m
[log_localization-9] [0m[INFO] [1789214505.408171929] [log_localization]:  864.9 s  3361.5 m  err 0.267 m (along +0.263 cross -0.046) yaw  +0.73 deg  m->o yaw  +0.95 deg | fit true 0.008 est 0.032 (x4.11)  enc/true 1.015  dr_err 22.89 m[0m
[localization_error-8] [0m[INFO] [1789214509.903525836] [localization_error]: now[200] 0.312 m / 2.13 deg  |  session[n=17290] mean 1.249 p95 6.738 max 33.824 m, heading mean 15.11 max 179.99 deg[0m
[log_localization-9] [0m[INFO] [1789214510.408282335] [log_localization]:  869.9 s  3384.0 m  err 0.137 m (along -0.136 cross -0.012) yaw  +7.44 deg  m->o yaw  +6.68 deg | fit true 0.021 est 0.026 (x1.21)  enc/true 1.015  dr_err 22.98 m[0m
[pure_pursuit-11] [0m[INFO] [1789214511.399765824] [pure_pursuit]: lap 140: 6.42 s[0m
[localization_error-8] [0m[INFO] [1789214514.903577396] [localization_error]: now[200] 0.343 m / 2.42 deg  |  session[n=17390] mean 1.243 p95 6.718 max 33.824 m, heading mean 15.04 max 179.99 deg[0m
[log_localization-9] [0m[INFO] [1789214515.408129095] [log_localization]:  874.9 s  3405.5 m  err 0.111 m (along +0.111 cross +0.006) yaw  +0.91 deg  m->o yaw  +0.65 deg | fit true 0.006 est 0.018 (x2.74)  enc/true 1.015  dr_err 22.95 m[0m
[pure_pursuit-11] [0m[INFO] [1789214517.819761192] [pure_pursuit]: lap 141: 6.41 s[0m
[pure_pursuit-11] [33m[WARN] [1789214519.666220262] [pure_pursuit]: heading jumped +33 deg in one tick: respawn. Speed estimate 3.87 -> 0, pose history cleared.[0m
[localization_error-8] [0m[INFO] [1789214519.903672562] [localization_error]: now[200] 0.922 m / 2.74 deg  |  session[n=17490] mean 1.245 p95 6.705 max 33.824 m, heading mean 14.97 max 179.99 deg[0m
[log_localization-9] [0m[INFO] [1789214520.408188091] [log_localization]:  879.9 s  3423.0 m  err 3.659 m (along +2.934 cross +2.186) yaw -14.25 deg  m->o yaw -12.32 deg | fit true 0.038 est 0.254 (x6.68)  enc/true 1.016  dr_err 22.39 m[0m
[pure_pursuit-11] [33m[WARN] [1789214520.548155817] [pure_pursuit]: heading jumped +51 deg in one tick: respawn. Speed estimate 1.70 -> 0, pose history cleared.[0m
[localization_error-8] [0m[INFO] [1789214524.903481598] [localization_error]: now[200] 1.927 m / 20.74 deg  |  session[n=17590] mean 1.251 p95 6.680 max 33.824 m, heading mean 15.11 max 179.99 deg[0m
[log_localization-9] [0m[INFO] [1789214525.408216621] [log_localization]:  884.9 s  3440.9 m  err 0.038 m (along -0.036 cross +0.011) yaw  -0.35 deg  m->o yaw  +1.14 deg | fit true 0.008 est 0.008 (x0.95)  enc/true 1.015  dr_err 22.87 m[0m
[pure_pursuit-11] [0m[INFO] [1789214526.918657453] [pure_pursuit]: lap 142: 9.12 s[0m
[localization_error-8] [0m[INFO] [1789214529.904326367] [localization_error]: now[200] 1.314 m / 20.46 deg  |  session[n=17690] mean 1.246 p95 6.614 max 33.824 m, heading mean 15.03 max 179.99 deg[0m
[log_localization-9] [0m[INFO] [1789214530.408153717] [log_localization]:  889.9 s  3462.1 m  err 0.229 m (along +0.226 cross -0.038) yaw  +0.23 deg  m->o yaw  +0.55 deg | fit true 0.046 est 0.060 (x1.31)  enc/true 1.016  dr_err 22.70 m[0m
[pure_pursuit-11] [0m[INFO] [1789214533.319029473] [pure_pursuit]: lap 143: 6.41 s[0m
[localization_error-8] [0m[INFO] [1789214534.903692659] [localization_error]: now[200] 0.338 m / 2.31 deg  |  session[n=17790] mean 1.241 p95 6.588 max 33.824 m, heading mean 14.96 max 179.99 deg[0m
[log_localization-9] [0m[INFO] [1789214535.408293312] [log_localization]:  894.9 s  3484.8 m  err 0.075 m (along -0.074 cross -0.009) yaw  +4.98 deg  m->o yaw  +4.69 deg | fit true 0.028 est 0.033 (x1.18)  enc/true 1.016  dr_err 22.70 m[0m
[pure_pursuit-11] [0m[INFO] [1789214539.721274685] [pure_pursuit]: lap 144: 6.42 s[0m
[localization_error-8] [0m[INFO] [1789214539.903491017] [localization_error]: now[200] 0.322 m / 2.40 deg  |  session[n=17890] mean 1.235 p95 6.566 max 33.824 m, heading mean 14.89 max 179.99 deg[0m
[log_localization-9] [0m[INFO] [1789214540.408189133] [log_localization]:  899.9 s  3505.1 m  err 0.297 m (along +0.297 cross -0.011) yaw  -0.37 deg  m->o yaw  -0.23 deg | fit true 0.007 est 0.046 (x6.99)  enc/true 1.016  dr_err 22.55 m[0m
[localization_error-8] [0m[INFO] [1789214544.903787574] [localization_error]: now[200] 0.312 m / 2.15 deg  |  session[n=17990] mean 1.231 p95 6.532 max 33.824 m, heading mean 14.82 max 179.99 deg[0m
[log_localization-9] [0m[INFO] [1789214545.408423896] [log_localization]:  904.9 s  3526.5 m  err 0.083 m (along -0.082 cross -0.009) yaw  +6.87 deg  m->o yaw  +6.65 deg | fit true 0.021 est 0.028 (x1.32)  enc/true 1.016  dr_err 22.55 m[0m
[pure_pursuit-11] [0m[INFO] [1789214546.199815548] [pure_pursuit]: lap 145: 6.46 s[0m
[localization_error-8] [0m[INFO] [1789214549.903793054] [localization_error]: now[200] 0.341 m / 2.20 deg  |  session[n=18090] mean 1.226 p95 6.493 max 33.824 m, heading mean 14.75 max 179.99 deg[0m
[log_localization-9] [0m[INFO] [1789214550.408480232] [log_localization]:  909.9 s  3548.4 m  err 0.083 m (along +0.083 cross -0.002) yaw  +0.43 deg  m->o yaw  +0.20 deg | fit true 0.013 est 0.032 (x2.38)  enc/true 1.016  dr_err 22.53 m[0m
[pure_pursuit-11] [0m[INFO] [1789214552.654420119] [pure_pursuit]: lap 146: 6.43 s[0m
[localization_error-8] [0m[INFO] [1789214554.904246782] [localization_error]: now[200] 0.328 m / 2.19 deg  |  session[n=18190] mean 1.221 p95 6.464 max 33.824 m, heading mean 14.68 max 179.99 deg[0m
[log_localization-9] [0m[INFO] [1789214555.408156342] [log_localization]:  914.9 s  3570.0 m  err 0.146 m (along +0.136 cross -0.051) yaw  -2.86 deg  m->o yaw  -2.87 deg | fit true 0.020 est 0.035 (x1.78)  enc/true 1.016  dr_err 22.49 m[0m
[pure_pursuit-11] [0m[INFO] [1789214559.059207736] [pure_pursuit]: lap 147: 6.44 s[0m
[localization_error-8] [0m[INFO] [1789214559.904357083] [localization_error]: now[200] 0.325 m / 2.45 deg  |  session[n=18290] mean 1.216 p95 6.449 max 33.824 m, heading mean 14.62 max 179.99 deg[0m
[log_localization-9] [0m[INFO] [1789214560.408165248] [log_localization]:  919.9 s  3592.7 m  err 0.129 m (along -0.128 cross -0.012) yaw  +0.11 deg  m->o yaw  +0.54 deg | fit true 0.014 est 0.027 (x1.85)  enc/true 1.016  dr_err 22.31 m[0m
[localization_error-8] [0m[INFO] [1789214564.904209994] [localization_error]: now[200] 0.317 m / 2.75 deg  |  session[n=18390] mean 1.211 p95 6.439 max 33.824 m, heading mean 14.55 max 179.99 deg[0m
[log_localization-9] [0m[INFO] [1789214565.408675764] [log_localization]:  924.9 s  3612.0 m  err 0.141 m (along +0.128 cross -0.059) yaw  -1.12 deg  m->o yaw  -0.76 deg | fit true 0.007 est 0.014 (x2.02)  enc/true 1.016  dr_err 22.13 m[0m
[pure_pursuit-11] [0m[INFO] [1789214565.498472220] [pure_pursuit]: lap 148: 6.43 s[0m
[localization_error-8] [0m[INFO] [1789214569.904400262] [localization_error]: now[200] 0.340 m / 2.42 deg  |  session[n=18490] mean 1.206 p95 6.389 max 33.824 m, heading mean 14.49 max 179.99 deg[0m
[log_localization-9] [0m[INFO] [1789214570.408430255] [log_localization]:  929.9 s  3635.0 m  err 0.068 m (along -0.068 cross +0.005) yaw  +0.36 deg  m->o yaw  +0.45 deg | fit true 0.011 est 0.007 (x0.61)  enc/true 1.016  dr_err 22.30 m[0m
[pure_pursuit-11] [0m[INFO] [1789214571.916112390] [pure_pursuit]: lap 149: 6.44 s[0m
[localization_error-8] [0m[INFO] [1789214574.903900983] [localization_error]: now[200] 0.337 m / 2.16 deg  |  session[n=18590] mean 1.201 p95 6.356 max 33.824 m, heading mean 14.42 max 179.99 deg[0m
[log_localization-9] [0m[INFO] [1789214575.408272270] [log_localization]:  934.9 s  3655.8 m  err 0.166 m (along +0.160 cross -0.044) yaw  -1.22 deg  m->o yaw  -1.10 deg | fit true 0.050 est 0.053 (x1.06)  enc/true 1.016  dr_err 22.14 m[0m
[pure_pursuit-11] [0m[INFO] [1789214578.398758599] [pure_pursuit]: lap 150: 6.47 s[0m
[localization_error-8] [0m[INFO] [1789214579.904066081] [localization_error]: now[200] 0.324 m / 2.01 deg  |  session[n=18690] mean 1.197 p95 6.318 max 33.824 m, heading mean 14.35 max 179.99 deg[0m
[log_localization-9] [0m[INFO] [1789214580.408271252] [log_localization]:  939.9 s  3678.9 m  err 0.092 m (along -0.088 cross -0.024) yaw  +4.15 deg  m->o yaw  +4.16 deg | fit true 0.029 est 0.034 (x1.18)  enc/true 1.016  dr_err 22.13 m[0m
[pure_pursuit-11] [0m[INFO] [1789214584.881794229] [pure_pursuit]: lap 151: 6.45 s[0m
[localization_error-8] [0m[INFO] [1789214584.903769569] [localization_error]: now[200] 0.300 m / 2.15 deg  |  session[n=18790] mean 1.192 p95 6.305 max 33.824 m, heading mean 14.29 max 179.99 deg[0m
[log_localization-9] [0m[INFO] [1789214585.408212219] [log_localization]:  944.9 s  3698.6 m  err 0.339 m (along +0.339 cross -0.023) yaw  +0.76 deg  m->o yaw  +1.20 deg | fit true 0.002 est 0.046 (x24.00)  enc/true 1.016  dr_err 21.92 m[0m
[localization_error-8] [0m[INFO] [1789214589.904286878] [localization_error]: now[200] 0.322 m / 2.23 deg  |  session[n=18890] mean 1.188 p95 6.285 max 33.824 m, heading mean 14.22 max 179.99 deg[0m
[log_localization-9] [0m[INFO] [1789214590.408483056] [log_localization]:  949.9 s  3720.6 m  err 0.074 m (along -0.074 cross +0.001) yaw  +4.33 deg  m->o yaw  +4.24 deg | fit true 0.020 est 0.021 (x1.08)  enc/true 1.016  dr_err 21.98 m[0m
[pure_pursuit-11] [0m[INFO] [1789214591.345098696] [pure_pursuit]: lap 152: 6.50 s[0m
[localization_error-8] [0m[INFO] [1789214594.903521086] [localization_error]: now[200] 0.364 m / 2.20 deg  |  session[n=18990] mean 1.183 p95 6.258 max 33.824 m, heading mean 14.16 max 179.99 deg[0m
[log_localization-9] [0m[INFO] [1789214595.408649503] [log_localization]:  954.9 s  3742.0 m  err 0.058 m (along +0.057 cross -0.012) yaw  -0.87 deg  m->o yaw  -0.43 deg | fit true 0.007 est 0.016 (x2.16)  enc/true 1.016  dr_err 21.89 m[0m
[pure_pursuit-11] [0m[INFO] [1789214597.819197877] [pure_pursuit]: lap 153: 6.44 s[0m
[localization_error-8] [0m[INFO] [1789214599.903802817] [localization_error]: now[200] 0.328 m / 1.99 deg  |  session[n=19090] mean 1.179 p95 6.221 max 33.824 m, heading mean 14.10 max 179.99 deg[0m
[log_localization-9] [0m[INFO] [1789214600.408206085] [log_localization]:  959.9 s  3763.8 m  err 0.046 m (along +0.027 cross -0.037) yaw  +1.04 deg  m->o yaw  +0.68 deg | fit true 0.012 est 0.029 (x2.49)  enc/true 1.016  dr_err 21.88 m[0m
[pure_pursuit-11] [0m[INFO] [1789214604.332106748] [pure_pursuit]: lap 154: 6.50 s[0m
[localization_error-8] [0m[INFO] [1789214604.904431649] [localization_error]: now[200] 0.310 m / 2.15 deg  |  session[n=19190] mean 1.174 p95 6.174 max 33.824 m, heading mean 14.04 max 179.99 deg[0m
[log_localization-9] [0m[INFO] [1789214605.408171598] [log_localization]:  964.9 s  3785.9 m  err 0.057 m (along -0.056 cross -0.007) yaw  +0.53 deg  m->o yaw  +0.25 deg | fit true 0.012 est 0.011 (x0.93)  enc/true 1.016  dr_err 21.70 m[0m
[localization_error-8] [0m[INFO] [1789214609.903635245] [localization_error]: now[200] 0.314 m / 2.36 deg  |  session[n=19290] mean 1.170 p95 6.140 max 33.824 m, heading mean 13.97 max 179.99 deg[0m
[log_localization-9] [0m[INFO] [1789214610.408188230] [log_localization]:  969.9 s  3805.7 m  err 0.085 m (along +0.075 cross -0.040) yaw  +0.64 deg  m->o yaw  +0.41 deg | fit true 0.007 est 0.003 (x0.47)  enc/true 1.016  dr_err 21.50 m[0m
[pure_pursuit-11] [0m[INFO] [1789214610.735971783] [pure_pursuit]: lap 155: 6.44 s[0m
[localization_error-8] [0m[INFO] [1789214614.903723394] [localization_error]: now[200] 0.353 m / 2.51 deg  |  session[n=19390] mean 1.166 p95 6.099 max 33.824 m, heading mean 13.92 max 179.99 deg[0m
[log_localization-9] [0m[INFO] [1789214615.408428019] [log_localization]:  974.9 s  3828.5 m  err 0.127 m (along +0.124 cross +0.030) yaw  -1.55 deg  m->o yaw  -1.64 deg | fit true 0.006 est 0.023 (x4.07)  enc/true 1.016  dr_err 21.69 m[0m
[pure_pursuit-11] [0m[INFO] [1789214617.226094399] [pure_pursuit]: lap 156: 6.45 s[0m
[localization_error-8] [0m[INFO] [1789214619.904424942] [localization_error]: now[200] 0.350 m / 2.45 deg  |  session[n=19490] mean 1.161 p95 6.066 max 33.824 m, heading mean 13.86 max 179.99 deg[0m
[log_localization-9] [0m[INFO] [1789214620.408271923] [log_localization]:  979.9 s  3849.4 m  err 0.206 m (along +0.190 cross -0.081) yaw  -2.91 deg  m->o yaw  -2.80 deg | fit true 0.061 est 0.082 (x1.34)  enc/true 1.016  dr_err 21.54 m[0m
[pure_pursuit-11] [0m[INFO] [1789214623.702832851] [pure_pursuit]: lap 157: 6.49 s[0m
[localization_error-8] [0m[INFO] [1789214624.903560292] [localization_error]: now[200] 0.371 m / 2.52 deg  |  session[n=19590] mean 1.157 p95 6.038 max 33.824 m, heading mean 13.80 max 179.99 deg[0m
[log_localization-9] [0m[INFO] [1789214625.408601993] [log_localization]:  984.9 s  3872.3 m  err 0.246 m (along -0.239 cross -0.059) yaw  +2.01 deg  m->o yaw  +2.02 deg | fit true 0.028 est 0.064 (x2.29)  enc/true 1.016  dr_err 21.44 m[0m
[localization_error-8] [0m[INFO] [1789214629.904389306] [localization_error]: now[200] 0.337 m / 2.72 deg  |  session[n=19690] mean 1.153 p95 6.018 max 33.824 m, heading mean 13.74 max 179.99 deg[0m
[pure_pursuit-11] [0m[INFO] [1789214630.170997290] [pure_pursuit]: lap 158: 6.47 s[0m
[log_localization-9] [0m[INFO] [1789214630.408221387] [log_localization]:  989.9 s  3891.8 m  err 0.282 m (along +0.269 cross -0.085) yaw  -0.80 deg  m->o yaw  -0.92 deg | fit true 0.009 est 0.031 (x3.43)  enc/true 1.016  dr_err 21.24 m[0m
[localization_error-8] [0m[INFO] [1789214634.904253960] [localization_error]: now[200] 0.322 m / 2.32 deg  |  session[n=19790] mean 1.149 p95 5.998 max 33.824 m, heading mean 13.68 max 179.99 deg[0m
[log_localization-9] [0m[INFO] [1789214635.408707108] [log_localization]:  995.0 s  3914.6 m  err 0.147 m (along -0.145 cross -0.028) yaw  +3.87 deg  m->o yaw  +3.28 deg | fit true 0.021 est 0.005 (x0.23)  enc/true 1.016  dr_err 21.34 m[0m
[pure_pursuit-11] [0m[INFO] [1789214636.619115385] [pure_pursuit]: lap 159: 6.46 s[0m
[localization_error-8] [0m[INFO] [1789214639.903610210] [localization_error]: now[200] 0.349 m / 2.30 deg  |  session[n=19890] mean 1.145 p95 5.989 max 33.824 m, heading mean 13.63 max 179.99 deg[0m
[log_localization-9] [0m[INFO] [1789214640.408235341] [log_localization]:  999.9 s  3935.9 m  err 0.114 m (along +0.114 cross -0.009) yaw  +0.84 deg  m->o yaw  +0.81 deg | fit true 0.023 est 0.026 (x1.10)  enc/true 1.016  dr_err 21.19 m[0m
[pure_pursuit-11] [0m[INFO] [1789214643.041761520] [pure_pursuit]: lap 160: 6.40 s[0m
[localization_error-8] [0m[INFO] [1789214644.903619478] [localization_error]: now[200] 0.345 m / 2.50 deg  |  session[n=19990] mean 1.141 p95 5.978 max 33.824 m, heading mean 13.57 max 179.99 deg[0m
[log_localization-9] [0m[INFO] [1789214645.408290771] [log_localization]: 1004.9 s  3958.1 m  err 0.022 m (along -0.016 cross -0.014) yaw  +2.77 deg  m->o yaw  +2.39 deg | fit true 0.020 est 0.032 (x1.58)  enc/true 1.016  dr_err 21.14 m[0m
[pure_pursuit-11] [0m[INFO] [1789214649.433141741] [pure_pursuit]: lap 161: 6.40 s[0m
[localization_error-8] [0m[INFO] [1789214649.903617932] [localization_error]: now[200] 0.334 m / 2.59 deg  |  session[n=20090] mean 1.137 p95 5.975 max 33.824 m, heading mean 13.52 max 179.99 deg[0m
[log_localization-9] [0m[INFO] [1789214650.408195663] [log_localization]: 1009.9 s  3979.5 m  err 0.129 m (along +0.127 cross -0.023) yaw  -1.39 deg  m->o yaw  -1.63 deg | fit true 0.004 est 0.020 (x5.36)  enc/true 1.016  dr_err 21.01 m[0m
[localization_error-8] [0m[INFO] [1789214654.903765771] [localization_error]: now[200] 0.323 m / 2.65 deg  |  session[n=20190] mean 1.133 p95 5.975 max 33.824 m, heading mean 13.46 max 179.99 deg[0m
[log_localization-9] [0m[INFO] [1789214655.408615840] [log_localization]: 1014.9 s  3999.9 m  err 0.025 m (along +0.005 cross -0.025) yaw  +3.54 deg  m->o yaw  +3.62 deg | fit true 0.010 est 0.014 (x1.48)  enc/true 1.016  dr_err 20.90 m[0m
[pure_pursuit-11] [0m[INFO] [1789214655.873830700] [pure_pursuit]: lap 162: 6.45 s[0m
[localization_error-8] [0m[INFO] [1789214659.904162663] [localization_error]: now[200] 0.351 m / 2.50 deg  |  session[n=20290] mean 1.129 p95 5.975 max 33.824 m, heading mean 13.41 max 179.99 deg[0m
[log_localization-9] [0m[INFO] [1789214660.408336170] [log_localization]: 1019.9 s  4022.6 m  err 0.201 m (along +0.199 cross +0.027) yaw  -0.03 deg  m->o yaw  -0.26 deg | fit true 0.001 est 0.024 (x26.02)  enc/true 1.016  dr_err 21.04 m[0m
[pure_pursuit-11] [0m[INFO] [1789214662.315793704] [pure_pursuit]: lap 163: 6.41 s[0m
[localization_error-8] [0m[INFO] [1789214664.904334758] [localization_error]: now[200] 0.341 m / 2.29 deg  |  session[n=20390] mean 1.125 p95 5.975 max 33.824 m, heading mean 13.35 max 179.99 deg[0m
[log_localization-9] [0m[INFO] [1789214665.408849112] [log_localization]: 1024.9 s  4043.5 m  err 0.193 m (along +0.179 cross -0.072) yaw  -3.26 deg  m->o yaw  -2.89 deg | fit true 0.062 est 0.089 (x1.43)  enc/true 1.016  dr_err 20.89 m[0m
[pure_pursuit-11] [0m[INFO] [1789214668.752858419] [pure_pursuit]: lap 164: 6.47 s[0m
[localization_error-8] [0m[INFO] [1789214669.904277455] [localization_error]: now[200] 0.364 m / 2.50 deg  |  session[n=20490] mean 1.121 p95 5.975 max 33.824 m, heading mean 13.30 max 179.99 deg[0m
[log_localization-9] [0m[INFO] [1789214670.408264356] [log_localization]: 1029.9 s  4066.5 m  err 0.294 m (along -0.285 cross -0.071) yaw  +1.93 deg  m->o yaw  +1.96 deg | fit true 0.028 est 0.068 (x2.41)  enc/true 1.016  dr_err 20.76 m[0m
[localization_error-8] [0m[INFO] [1789214674.904482822] [localization_error]: now[200] 0.332 m / 2.56 deg  |  session[n=20590] mean 1.117 p95 5.975 max 33.824 m, heading mean 13.25 max 179.99 deg[0m
[pure_pursuit-11] [0m[INFO] [1789214675.227966183] [pure_pursuit]: lap 165: 6.44 s[0m
[log_localization-9] [0m[INFO] [1789214675.408367603] [log_localization]: 1034.9 s  4086.0 m  err 0.207 m (along +0.196 cross -0.066) yaw  -0.60 deg  m->o yaw  -0.61 deg | fit true 0.011 est 0.028 (x2.64)  enc/true 1.016  dr_err 20.56 m[0m
[localization_error-8] [0m[INFO] [1789214679.903653014] [localization_error]: now[200] 0.330 m / 2.21 deg  |  session[n=20690] mean 1.114 p95 5.975 max 33.824 m, heading mean 13.20 max 179.99 deg[0m
[log_localization-9] [0m[INFO] [1789214680.408197287] [log_localization]: 1039.9 s  4108.8 m  err 0.175 m (along -0.173 cross -0.026) yaw  +4.94 deg  m->o yaw  +4.19 deg | fit true 0.022 est 0.009 (x0.40)  enc/true 1.016  dr_err 20.66 m[0m
[pure_pursuit-11] [0m[INFO] [1789214681.667620814] [pure_pursuit]: lap 166: 6.49 s[0m
[localization_error-8] [0m[INFO] [1789214684.904854584] [localization_error]: now[200] 0.336 m / 2.27 deg  |  session[n=20790] mean 1.110 p95 5.975 max 33.824 m, heading mean 13.14 max 179.99 deg[0m
[log_localization-9] [0m[INFO] [1789214685.408916909] [log_localization]: 1044.9 s  4129.8 m  err 0.178 m (along +0.176 cross -0.025) yaw  +0.34 deg  m->o yaw  +1.18 deg | fit true 0.030 est 0.029 (x0.95)  enc/true 1.016  dr_err 20.52 m[0m
