[INFO] [launch]: All log files can be found below /root/.ros/log/2026-09-17-19-06-37-950406-adil-laptop-3854
[INFO] [launch]: Default logging verbosity is set to INFO
[INFO] [launch.user]: [race] mode=dev  localizer=amcl  instruments=ON  bootstrap=truth
[INFO] [dead_reckoning-1]: process started with pid [3855]
[INFO] [amcl-4]: process started with pid [3861]
[INFO] [localization_bootstrap-6]: process started with pid [3865]
[INFO] [localization_error-7]: process started with pid [3867]
[INFO] [log_localization-8]: process started with pid [3869]
[INFO] [static_transform_publisher-2]: process started with pid [3857]
[INFO] [map_server-3]: process started with pid [3859]
[INFO] [lifecycle_manager-5]: process started with pid [3863]
[INFO] [static_transform_publisher-9]: process started with pid [3871]
[static_transform_publisher-2] 1789671998.083176 [0] static_tra: selected interface "lo" is not multicast-capable: disabling multicast
[static_transform_publisher-2] [INFO] [1789671998.093738551] [lidar_tf]: Spinning until stopped - publishing transform
[static_transform_publisher-2] translation: ('0.273300', '0.000000', '0.096000')
[static_transform_publisher-2] rotation: ('0.000000', '0.000000', '0.000000', '1.000000')
[static_transform_publisher-2] from 'roboracer_1' to 'lidar'
[static_transform_publisher-9] 1789671998.103838 [0] static_tra: selected interface "lo" is not multicast-capable: disabling multicast
[lifecycle_manager-5] 1789671998.104098 [0] lifecycle_: selected interface "lo" is not multicast-capable: disabling multicast
[amcl-4] 1789671998.104650 [0]       amcl: selected interface "lo" is not multicast-capable: disabling multicast
[map_server-3] 1789671998.108412 [0] map_server: selected interface "lo" is not multicast-capable: disabling multicast
[static_transform_publisher-9] [INFO] [1789671998.116762084] [map_world_tf]: Spinning until stopped - publishing transform
[static_transform_publisher-9] translation: ('0.000000', '0.000000', '0.000000')
[static_transform_publisher-9] rotation: ('0.000000', '0.000000', '0.000000', '1.000000')
[static_transform_publisher-9] from 'map' to 'world'
[map_server-3] [INFO] [1789671998.127095349] [map_server]: 
[map_server-3] 	map_server lifecycle node launched. 
[map_server-3] 	Waiting on external lifecycle transitions to activate
[map_server-3] 	See https://design.ros2.org/articles/node_lifecycle.html for more information.
[map_server-3] [INFO] [1789671998.127306013] [map_server]: Creating
[lifecycle_manager-5] [INFO] [1789671998.128324139] [lifecycle_manager_localization]: Creating
[amcl-4] [0m[INFO] [1789671998.129804671] [amcl]: 
[amcl-4] 	amcl lifecycle node launched. 
[amcl-4] 	Waiting on external lifecycle transitions to activate
[amcl-4] 	See https://design.ros2.org/articles/node_lifecycle.html for more information.[0m
[amcl-4] [0m[INFO] [1789671998.131178553] [amcl]: Creating[0m
[lifecycle_manager-5] [INFO] [1789671998.134675259] [lifecycle_manager_localization]: [34m[1mCreating and initializing lifecycle service clients[0m[0m
[lifecycle_manager-5] [INFO] [1789671998.138096013] [lifecycle_manager_localization]: [34m[1mStarting managed nodes bringup...[0m[0m
[lifecycle_manager-5] [INFO] [1789671998.138196822] [lifecycle_manager_localization]: [34m[1mConfiguring map_server[0m[0m
[map_server-3] [INFO] [1789671998.154181837] [map_server]: Configuring
[map_server-3] [INFO] [1789671998.154312332] [map_io]: Loading yaml file: /root/Documents/roboracer/devkit_ws/src/racer_mapping/maps/iros2026/track_clean.yaml
[map_server-3] [INFO] [1789671998.154863263] [map_io]: resolution: 0.025
[map_server-3] [INFO] [1789671998.154899842] [map_io]: origin[0]: 0.00427
[map_server-3] [INFO] [1789671998.154911463] [map_io]: origin[1]: -16.8
[map_server-3] [INFO] [1789671998.154921232] [map_io]: origin[2]: 0
[map_server-3] [INFO] [1789671998.154932683] [map_io]: free_thresh: 0.25
[map_server-3] [INFO] [1789671998.154943694] [map_io]: occupied_thresh: 0.65
[map_server-3] [INFO] [1789671998.154955636] [map_io]: mode: trinary
[map_server-3] [INFO] [1789671998.154967538] [map_io]: negate: 0
[map_server-3] [INFO] [1789671998.155489285] [map_io]: Loading image_file: /root/Documents/roboracer/devkit_ws/src/racer_mapping/maps/iros2026/track_clean.pgm
[map_server-3] [INFO] [1789671998.218926797] [map_io]: Read map /root/Documents/roboracer/devkit_ws/src/racer_mapping/maps/iros2026/track_clean.pgm: 241 X 901 map @ 0.025 m/cell
[lifecycle_manager-5] [INFO] [1789671998.226967069] [lifecycle_manager_localization]: [34m[1mConfiguring amcl[0m[0m
[amcl-4] [0m[INFO] [1789671998.228234742] [amcl]: Configuring[0m
[amcl-4] [0m[INFO] [1789671998.228407295] [amcl]: initTransforms[0m
[amcl-4] [0m[INFO] [1789671998.243096936] [amcl]: initPubSub[0m
[amcl-4] [0m[INFO] [1789671998.246771786] [amcl]: Subscribed to map topic.[0m
[amcl-4] [0m[INFO] [1789671998.253880935] [amcl]: Received a 241 X 901 map @ 0.025 m/pix[0m
[lifecycle_manager-5] [INFO] [1789671998.250731679] [lifecycle_manager_localization]: [34m[1mActivating map_server[0m[0m
[map_server-3] [INFO] [1789671998.251000602] [map_server]: Activating
[map_server-3] [INFO] [1789671998.251612298] [map_server]: Creating bond (map_server) to lifecycle manager.
[lifecycle_manager-5] [INFO] [1789671998.354562802] [lifecycle_manager_localization]: Server map_server connected with bond.
[lifecycle_manager-5] [INFO] [1789671998.354626702] [lifecycle_manager_localization]: [34m[1mActivating amcl[0m[0m
[amcl-4] [0m[INFO] [1789671998.354958543] [amcl]: Activating[0m
[amcl-4] [0m[INFO] [1789671998.355043091] [amcl]: initialPoseReceived[0m
[amcl-4] [0m[INFO] [1789671998.355195306] [amcl]: Setting pose (1789671998.355195): 0.818 3.158 -1.571[0m
[amcl-4] [0m[INFO] [1789671998.358280892] [amcl]: Creating bond (amcl) to lifecycle manager.[0m
[dead_reckoning-1] 1789671998.431832 [0] dead_recko: selected interface "lo" is not multicast-capable: disabling multicast
[localization_bootstrap-6] 1789671998.460986 [0] localizati: selected interface "lo" is not multicast-capable: disabling multicast
[lifecycle_manager-5] [INFO] [1789671998.461752202] [lifecycle_manager_localization]: Server amcl connected with bond.
[lifecycle_manager-5] [INFO] [1789671998.461818676] [lifecycle_manager_localization]: [34m[1mManaged nodes are active[0m[0m
[lifecycle_manager-5] [INFO] [1789671998.461839776] [lifecycle_manager_localization]: [34m[1mCreating bond timer...[0m[0m
[localization_error-7] 1789671998.483892 [0] localizati: selected interface "lo" is not multicast-capable: disabling multicast
[dead_reckoning-1] [0m[INFO] [1789671998.547916470] [dead_reckoning]: dead reckoning: odom -> roboracer_1, wheel r=0.0581 m, scale=1.0, 200 Hz, tf +20 ms, extrapolate yaw=True pos=True[0m
[localization_bootstrap-6] [0m[INFO] [1789671998.588608971] [localization_bootstrap]: centreline runs against the lap; arc length reversed for checkpoint ordering[0m
[log_localization-8] 1789671998.597625 [0] log_locali: selected interface "lo" is not multicast-capable: disabling multicast
[localization_bootstrap-6] [0m[INFO] [1789671998.608683122] [localization_bootstrap]: WARMUP SEED: reading /autodrive/roboracer_1/ips (simulator ground-truth position) ONCE -- initial pose seed. Legal: the first lap is warmup, this is read before the car moves, and it is released immediately after. Nothing reads ground truth afterwards.[0m
[localization_error-7] [31m[ERROR] [1789671998.608832912] [localization_error]: RESTRICTED TOPIC: reading /autodrive/roboracer_1/odom (simulator ground-truth pose and twist) -- continuous comparison against TF map -> roboracer_1. This run is NOT race-legal; any lap time from it is a development number. See racer_common/restricted.py.[0m
[localization_bootstrap-6] [0m[INFO] [1789671998.609630726] [localization_bootstrap]: mode=truth: seeding the initial pose from /ips + /imu before the car moves, then releasing /ips. Tracking is lidar + map + dead reckoning from there on.[0m
[localization_error-7] [0m[INFO] [1789671998.610028831] [localization_error]: sampling starts 1.0 s after /localization_ready; bootstrap is excluded (require_ready:=false to include it)[0m
[localization_bootstrap-6] [0m[INFO] [1789671998.610541501] [localization_bootstrap]: waiting for amcl to reach the active state before sending anything[0m
[localization_error-7] [0m[INFO] [1789671998.612004049] [localization_error]: waiting for TF map -> roboracer_1: "map" passed to lookupTransform argument target_frame does not exist. [0m
[localization_bootstrap-6] [0m[INFO] [1789671998.663260246] [localization_bootstrap]: amcl is ACTIVE -- an initial pose will now be accepted[0m
[log_localization-8] [31m[ERROR] [1789671998.772047207] [log_localization]: RESTRICTED TOPIC: reading /autodrive/roboracer_1/ips (simulator ground-truth position) -- continuous logging against the estimate. This run is NOT race-legal; any lap time from it is a development number. See racer_common/restricted.py.[0m
[log_localization-8] [31m[ERROR] [1789671998.772917045] [log_localization]: RESTRICTED TOPIC: reading /autodrive/roboracer_1/odom (simulator ground-truth pose and twist) -- continuous logging against the estimate. This run is NOT race-legal; any lap time from it is a development number. See racer_common/restricted.py.[0m
[log_localization-8] [0m[INFO] [1789671998.773892301] [log_localization]: logging to /root/Documents/roboracer/logs/hybrid_lqr_a03.csv at 20 Hz until Ctrl-C[0m
[pure_pursuit] launch overrides: {'exit_guard_from': 0.0, 'exit_guard_full': 0.0, 'lqr_k_lat': 0.03, 'lqr_k_head': 0.05, 'lqr_k_yaw': 0.0, 'lqr_max_correction_rad': 0.02, 'v_max': 8.5, 'warmup_v_max': 2.0, 'warmup_dist_m': 21.0, 'target_lead_s': 0.0, 'slip_circle': 0.12, 'accel_ff': 1.0, 'control_hz': 45.0, 'controller_mode': 'hybrid_lqr'}
[INFO] [pure_pursuit-10]: process started with pid [4017]
[pure_pursuit-10] 1789672000.447863 [0] pure_pursu: selected interface "lo" is not multicast-capable: disabling multicast
[pure_pursuit-10] [0m[INFO] [1789672000.572115124] [pure_pursuit]: path: 435 points, 43.41 m lap, from /root/Documents/roboracer/raceline/iros2026/raceline_tum_iqp_h7.0_a7.0b.csv[0m
[pure_pursuit-10] [0m[INFO] [1789672000.581303826] [pure_pursuit]: pose from TF map -> roboracer_1 (continuous); /amcl_pose kept as a fallback[0m
[pure_pursuit-10] [0m[INFO] [1789672000.583759774] [pure_pursuit]: steering on /amcl_pose[0m
[pure_pursuit-10] [0m[INFO] [1789672000.584752473] [pure_pursuit]: warmup cap: speed target held at 2.00 m/s for the first 21.0 m of driving, then released[0m
[pure_pursuit-10] [0m[INFO] [1789672000.590148845] [pure_pursuit]: speed_source=tire  throttle_mode=slip  slip band [-0.08, +0.08]  u_launch 0.4 m/s  lookahead 0.8-2.2 m (k 0.55)  latency_comp 0.05 s[0m
[pure_pursuit-10] [0m[INFO] [1789672000.591237593] [pure_pursuit]: slip band: circle 0.12 x sqrt(1 - (a_lat/7)^2), replacing the fixed band above  |  plan-acceleration feedforward ON[0m
[pure_pursuit-10] [33m[WARN] [1789672000.592506008] [pure_pursuit]: dev_lap_telemetry ON: subscribing to RESTRICTED lap topics[0m
[pure_pursuit-10] [0m[INFO] [1789672000.597154651] [pure_pursuit]: holding until /localization_ready[0m
[localization_bootstrap-6] [0m[INFO] [1789672000.612595387] [localization_bootstrap]: waiting for ground truth: ips=-- imu=--[0m
[localization_bootstrap-6] [0m[INFO] [1789672002.612484231] [localization_bootstrap]: waiting for ground truth: ips=-- imu=--[0m
[localization_error-7] [0m[INFO] [1789672003.554772414] [localization_error]: waiting for TF map -> roboracer_1 ...[0m
[localization_bootstrap-6] [0m[INFO] [1789672004.611844595] [localization_bootstrap]: waiting for ground truth: ips=-- imu=--[0m
[localization_bootstrap-6] [0m[INFO] [1789672006.612157061] [localization_bootstrap]: waiting for ground truth: ips=-- imu=--[0m
[localization_error-7] [0m[INFO] [1789672008.554263199] [localization_error]: waiting for TF map -> roboracer_1 ...[0m
[localization_bootstrap-6] [0m[INFO] [1789672008.611791959] [localization_bootstrap]: waiting for ground truth: ips=-- imu=--[0m
[localization_bootstrap-6] [0m[INFO] [1789672010.612553516] [localization_bootstrap]: waiting for ground truth: ips=-- imu=--[0m
[localization_bootstrap-6] [0m[INFO] [1789672012.612927026] [localization_bootstrap]: waiting for ground truth: ips=-- imu=--[0m
[localization_error-7] [0m[INFO] [1789672013.555305658] [localization_error]: waiting for TF map -> roboracer_1 ...[0m
[pure_pursuit-10] [0m[INFO] [1789672013.856384470] [pure_pursuit]: lap 0: inf s[0m
[amcl-4] [0m[INFO] [1789672013.861549419] [amcl]: initialPoseReceived[0m
[amcl-4] [0m[INFO] [1789672013.861714288] [amcl]: Setting pose (1789672013.861714): 0.801 3.158 -1.571[0m
[localization_bootstrap-6] [0m[INFO] [1789672013.863024000] [localization_bootstrap]: seed 1/5: x=+0.801 y=+3.158 yaw=-90.0 deg -- awaiting confirmation[0m
[localization_bootstrap-6] [0m[INFO] [1789672013.864516875] [localization_bootstrap]: MEASURED SPAWN x=+0.801 y=+3.158 yaw=-90.0 deg -- within 2 cm of racer_common.frames.SPAWN_*, so the fallback is sound too. Nothing to change.[0m
[log_localization-8] [0m[INFO] [1789672013.875078247] [log_localization]: waiting for TF map -> roboracer_1 ...[0m
[amcl-4] [0m[INFO] [1789672013.907837325] [amcl]: createLaserObject[0m
[amcl-4] [0m[INFO] [1789672013.911554023] [amcl]: Requesting no-motion update[0m
[amcl-4] [0m[INFO] [1789672014.354112189] [amcl]: Message Filter dropping message: frame 'lidar' at time 1789672013.853 for reason 'the timestamp on the message is earlier than all the data in the transform cache'[0m
[amcl-4] [0m[INFO] [1789672014.361338096] [amcl]: Requesting no-motion update[0m
[localization_bootstrap-6] [0m[INFO] [1789672014.612686467] [localization_bootstrap]: seed 1/5 sent, awaiting a fresh /amcl_pose to confirm it[0m
[amcl-4] [0m[INFO] [1789672014.811346961] [amcl]: Requesting no-motion update[0m
[amcl-4] [0m[INFO] [1789672015.211872477] [amcl]: Requesting no-motion update[0m
[amcl-4] [0m[INFO] [1789672015.613390401] [amcl]: Requesting no-motion update[0m
[localization_bootstrap-6] [0m[INFO] [1789672015.913346680] [localization_bootstrap]: localization_bootstrap: released /autodrive/roboracer_1/ips -- no restricted topic is read from here on; the timed laps are clean.[0m
[localization_error-7] [0m[INFO] [1789672015.914396927] [localization_error]: /localization_ready latched -- sampling opens in 1.0 s (31 bootstrap samples discarded)[0m
[pure_pursuit-10] [0m[INFO] [1789672015.914438995] [pure_pursuit]: localization converged, taking over[0m
[localization_bootstrap-6] [0m[INFO] [1789672015.914810521] [localization_bootstrap]: seed CONFIRMED on attempt 1: the estimate is 1.6 cm / 0.0 deg from truth (pos std 0.059 m). Tracking is now lidar + map + dead reckoning only.[0m
[localization_bootstrap-6] [0m[INFO] [1789672015.916027780] [localization_bootstrap]: /localization_ready = true, follower may take over[0m
[localization_bootstrap-6] [0m[INFO] [1789672015.917229530] [localization_bootstrap]: recovery armed: watching encoders + IMU for a reset; 15 checkpoint(s) known for this track[0m
[localization_error-7] [0m[INFO] [1789672018.555717598] [localization_error]: now[ 33] 0.326 m / 0.19 deg  |  session[n=33] mean 0.326 p95 0.364 max 0.403 m, heading mean 0.19 max 0.53 deg[0m
[log_localization-8] [0m[INFO] [1789672019.125438657] [log_localization]:    4.9 s     6.1 m  err 0.146 m (along +0.145 cross +0.017) yaw  +0.43 deg  m->o yaw  +0.42 deg | fit true 0.013 est 0.008 (x0.64)  enc/true 1.041  dr_err 0.25 m[0m
[localization_error-7] [0m[INFO] [1789672023.555760273] [localization_error]: now[133] 0.186 m / 0.26 deg  |  session[n=133] mean 0.186 p95 0.344 max 0.403 m, heading mean 0.26 max 0.77 deg[0m
[log_localization-8] [0m[INFO] [1789672024.126590523] [log_localization]:    9.9 s    16.1 m  err 0.150 m (along -0.150 cross -0.004) yaw  +0.00 deg  m->o yaw  +0.07 deg | fit true 0.002 est 0.014 (x6.51)  enc/true 1.010  dr_err 0.16 m[0m
[pure_pursuit-10] [0m[INFO] [1789672026.807422495] [pure_pursuit]: warmup cap released after 21.0 m; v_max back to 8.50 m/s[0m
[localization_error-7] [0m[INFO] [1789672028.554559797] [localization_error]: now[200] 0.143 m / 0.85 deg  |  session[n=233] mean 0.169 p95 0.344 max 0.409 m, heading mean 0.76 max 5.07 deg[0m
[log_localization-8] [0m[INFO] [1789672029.124975103] [log_localization]:   14.9 s    31.0 m  err 0.067 m (along +0.062 cross +0.026) yaw  +1.46 deg  m->o yaw  +1.29 deg | fit true 0.009 est 0.035 (x3.99)  enc/true 1.026  dr_err 0.31 m[0m
[pure_pursuit-10] [0m[INFO] [1789672032.025004844] [pure_pursuit]: lap 1: 57.80 s[0m
[localization_error-7] [0m[INFO] [1789672033.554570072] [localization_error]: now[200] 0.214 m / 1.55 deg  |  session[n=333] mean 0.203 p95 0.448 max 0.828 m, heading mean 1.04 max 6.18 deg[0m
[log_localization-8] [0m[INFO] [1789672034.125191743] [log_localization]:   19.9 s    55.2 m  err 0.583 m (along +0.582 cross +0.019) yaw  +0.01 deg  m->o yaw  -0.45 deg | fit true 0.011 est 0.011 (x0.99)  enc/true 1.027  dr_err 0.54 m[0m
[localization_error-7] [0m[INFO] [1789672038.556611078] [localization_error]: now[200] 0.320 m / 1.73 deg  |  session[n=433] mean 0.239 p95 0.639 max 1.031 m, heading mean 1.21 max 6.78 deg[0m
[log_localization-8] [0m[INFO] [1789672039.124844010] [log_localization]:   24.9 s    77.0 m  err 0.049 m (along -0.048 cross -0.006) yaw  -0.16 deg  m->o yaw  +0.38 deg | fit true 0.003 est 0.019 (x6.34)  enc/true 1.021  dr_err 0.34 m[0m
[pure_pursuit-10] [0m[INFO] [1789672041.560077495] [pure_pursuit]: lap 2: 9.54 s[0m
[localization_error-7] [0m[INFO] [1789672043.554505944] [localization_error]: now[200] 0.335 m / 1.60 deg  |  session[n=533] mean 0.252 p95 0.708 max 1.031 m, heading mean 1.25 max 6.78 deg[0m
[log_localization-8] [0m[INFO] [1789672044.126840122] [log_localization]:   29.9 s   101.7 m  err 0.199 m (along -0.199 cross -0.007) yaw  -0.45 deg  m->o yaw  -0.53 deg | fit true 0.005 est 0.014 (x2.96)  enc/true 1.022  dr_err 0.40 m[0m
[localization_error-7] [0m[INFO] [1789672048.556521572] [localization_error]: now[200] 0.314 m / 1.66 deg  |  session[n=633] mean 0.263 p95 0.695 max 1.031 m, heading mean 1.35 max 6.78 deg[0m
[log_localization-8] [0m[INFO] [1789672049.124464302] [log_localization]:   34.9 s   122.8 m  err 0.074 m (along -0.074 cross -0.000) yaw  +0.09 deg  m->o yaw  +0.20 deg | fit true 0.005 est 0.033 (x6.26)  enc/true 1.020  dr_err 0.29 m[0m
[pure_pursuit-10] [0m[INFO] [1789672051.220471106] [pure_pursuit]: lap 3: 9.66 s[0m
[localization_error-7] [0m[INFO] [1789672053.557173875] [localization_error]: now[200] 0.320 m / 1.58 deg  |  session[n=733] mean 0.271 p95 0.712 max 1.031 m, heading mean 1.34 max 6.78 deg[0m
[log_localization-8] [0m[INFO] [1789672054.126426340] [log_localization]:   39.9 s   147.4 m  err 0.125 m (along -0.125 cross +0.004) yaw  -0.31 deg  m->o yaw  -0.08 deg | fit true 0.003 est 0.006 (x1.69)  enc/true 1.020  dr_err 0.35 m[0m
[localization_error-7] [0m[INFO] [1789672058.556099165] [localization_error]: now[200] 0.297 m / 1.58 deg  |  session[n=833] mean 0.271 p95 0.691 max 1.031 m, heading mean 1.41 max 6.78 deg[0m
[log_localization-8] [0m[INFO] [1789672059.124740178] [log_localization]:   44.9 s   167.9 m  err 0.061 m (along -0.053 cross +0.029) yaw  -1.72 deg  m->o yaw  -1.57 deg | fit true 0.023 est 0.027 (x1.20)  enc/true 1.020  dr_err 0.35 m[0m
[pure_pursuit-10] [0m[INFO] [1789672060.862934825] [pure_pursuit]: lap 4: 9.62 s[0m
[localization_error-7] [0m[INFO] [1789672063.554676454] [localization_error]: now[200] 0.323 m / 1.61 deg  |  session[n=933] mean 0.282 p95 0.749 max 1.031 m, heading mean 1.40 max 6.78 deg[0m
[log_localization-8] [0m[INFO] [1789672064.125692150] [log_localization]:   49.9 s   192.3 m  err 0.108 m (along -0.103 cross +0.032) yaw  -0.44 deg  m->o yaw  -0.15 deg | fit true 0.006 est 0.042 (x6.48)  enc/true 1.019  dr_err 0.44 m[0m
[localization_error-7] [0m[INFO] [1789672068.554901780] [localization_error]: now[200] 0.303 m / 1.68 deg  |  session[n=1033] mean 0.277 p95 0.734 max 1.031 m, heading mean 1.46 max 6.78 deg[0m
[log_localization-8] [0m[INFO] [1789672069.124888876] [log_localization]:   54.9 s   212.9 m  err 0.027 m (along -0.026 cross +0.008) yaw  -0.88 deg  m->o yaw  -1.41 deg | fit true 0.010 est 0.011 (x1.14)  enc/true 1.020  dr_err 0.47 m[0m
[pure_pursuit-10] [0m[INFO] [1789672070.452812430] [pure_pursuit]: lap 5: 9.61 s[0m
[localization_error-7] [0m[INFO] [1789672073.554457256] [localization_error]: now[200] 0.307 m / 1.70 deg  |  session[n=1133] mean 0.286 p95 0.764 max 1.031 m, heading mean 1.45 max 7.97 deg[0m
[log_localization-8] [0m[INFO] [1789672074.125243934] [log_localization]:   59.9 s   237.0 m  err 0.055 m (along -0.043 cross +0.035) yaw  -2.64 deg  m->o yaw  -2.32 deg | fit true 0.002 est 0.035 (x15.40)  enc/true 1.019  dr_err 0.54 m[0m
[localization_error-7] [0m[INFO] [1789672078.556252973] [localization_error]: now[200] 0.308 m / 1.68 deg  |  session[n=1233] mean 0.282 p95 0.749 max 1.031 m, heading mean 1.50 max 7.97 deg[0m
[log_localization-8] [0m[INFO] [1789672079.128192755] [log_localization]:   65.0 s   258.5 m  err 0.021 m (along -0.020 cross -0.008) yaw  -0.90 deg  m->o yaw  -0.86 deg | fit true 0.010 est 0.004 (x0.37)  enc/true 1.020  dr_err 0.63 m[0m
[pure_pursuit-10] [0m[INFO] [1789672080.068915245] [pure_pursuit]: lap 6: 9.62 s[0m
[localization_error-7] [0m[INFO] [1789672083.554635449] [localization_error]: now[200] 0.282 m / 1.61 deg  |  session[n=1333] mean 0.286 p95 0.764 max 1.031 m, heading mean 1.47 max 7.97 deg[0m
[log_localization-8] [0m[INFO] [1789672084.125033693] [log_localization]:   69.9 s   281.6 m  err 0.099 m (along +0.095 cross +0.029) yaw  -0.05 deg  m->o yaw  +0.08 deg | fit true 0.024 est 0.029 (x1.21)  enc/true 1.020  dr_err 0.51 m[0m
[localization_error-7] [0m[INFO] [1789672088.554885612] [localization_error]: now[200] 0.284 m / 1.57 deg  |  session[n=1433] mean 0.282 p95 0.749 max 1.031 m, heading mean 1.51 max 7.97 deg[0m
[log_localization-8] [0m[INFO] [1789672089.125483648] [log_localization]:   74.9 s   303.4 m  err 0.103 m (along -0.097 cross +0.035) yaw  -0.37 deg  m->o yaw  -0.47 deg | fit true 0.013 est 0.027 (x2.03)  enc/true 1.019  dr_err 0.68 m[0m
[pure_pursuit-10] [0m[INFO] [1789672089.750829303] [pure_pursuit]: lap 7: 9.69 s[0m
[localization_error-7] [0m[INFO] [1789672093.554430978] [localization_error]: now[200] 0.299 m / 1.69 deg  |  session[n=1533] mean 0.288 p95 0.757 max 1.031 m, heading mean 1.50 max 7.97 deg[0m
[log_localization-8] [0m[INFO] [1789672094.124502853] [log_localization]:   79.9 s   326.7 m  err 0.169 m (along +0.168 cross -0.015) yaw  -1.29 deg  m->o yaw  -1.14 deg | fit true 0.000 est 0.017 (x754.64)  enc/true 1.020  dr_err 0.54 m[0m
[localization_error-7] [0m[INFO] [1789672098.556183796] [localization_error]: now[200] 0.303 m / 1.51 deg  |  session[n=1633] mean 0.285 p95 0.749 max 1.031 m, heading mean 1.51 max 7.97 deg[0m
[log_localization-8] [0m[INFO] [1789672099.124881866] [log_localization]:   84.9 s   348.2 m  err 0.037 m (along -0.009 cross +0.036) yaw  -1.66 deg  m->o yaw  -1.59 deg | fit true 0.048 est 0.034 (x0.72)  enc/true 1.020  dr_err 0.79 m[0m
[pure_pursuit-10] [0m[INFO] [1789672099.309788146] [pure_pursuit]: lap 8: 9.55 s[0m
[localization_error-7] [0m[INFO] [1789672103.554393820] [localization_error]: now[200] 0.341 m / 1.57 deg  |  session[n=1733] mean 0.294 p95 0.774 max 1.062 m, heading mean 1.51 max 7.97 deg[0m
[log_localization-8] [0m[INFO] [1789672104.124815227] [log_localization]:   89.9 s   371.7 m  err 0.019 m (along +0.019 cross -0.002) yaw  +0.66 deg  m->o yaw  +0.50 deg | fit true 0.000 est 0.003 (xnan)  enc/true 1.020  dr_err 0.62 m[0m
[localization_error-7] [0m[INFO] [1789672108.555765957] [localization_error]: now[200] 0.336 m / 1.65 deg  |  session[n=1833] mean 0.290 p95 0.767 max 1.062 m, heading mean 1.52 max 7.97 deg[0m
[pure_pursuit-10] [0m[INFO] [1789672108.941095527] [pure_pursuit]: lap 9: 9.63 s[0m
[log_localization-8] [0m[INFO] [1789672109.125445148] [log_localization]:   94.9 s   392.5 m  err 0.123 m (along +0.120 cross +0.031) yaw  -0.56 deg  m->o yaw  -0.60 deg | fit true 0.018 est 0.021 (x1.16)  enc/true 1.020  dr_err 0.94 m[0m
[localization_error-7] [0m[INFO] [1789672113.555779588] [localization_error]: now[200] 0.329 m / 1.66 deg  |  session[n=1933] mean 0.297 p95 0.779 max 1.246 m, heading mean 1.53 max 7.97 deg[0m
[log_localization-8] [0m[INFO] [1789672114.125563976] [log_localization]:   99.9 s   416.9 m  err 0.058 m (along -0.043 cross +0.039) yaw  +0.28 deg  m->o yaw  +0.43 deg | fit true 0.009 est 0.056 (x6.24)  enc/true 1.020  dr_err 0.78 m[0m
[pure_pursuit-10] [0m[INFO] [1789672118.553968492] [pure_pursuit]: lap 10: 9.62 s[0m
[localization_error-7] [0m[INFO] [1789672118.556018910] [localization_error]: now[200] 0.323 m / 1.79 deg  |  session[n=2033] mean 0.294 p95 0.774 max 1.246 m, heading mean 1.55 max 7.97 deg[0m
[log_localization-8] [0m[INFO] [1789672119.125176778] [log_localization]:  104.9 s   437.6 m  err 0.197 m (along +0.197 cross -0.003) yaw  +0.28 deg  m->o yaw  +0.25 deg | fit true 0.011 est 0.005 (x0.47)  enc/true 1.020  dr_err 1.05 m[0m
[localization_error-7] [0m[INFO] [1789672123.556366254] [localization_error]: now[200] 0.311 m / 1.58 deg  |  session[n=2133] mean 0.299 p95 0.776 max 1.246 m, heading mean 1.53 max 7.97 deg[0m
[log_localization-8] [0m[INFO] [1789672124.124630073] [log_localization]:  109.9 s   461.8 m  err 0.050 m (along -0.049 cross +0.010) yaw  -1.86 deg  m->o yaw  -1.59 deg | fit true 0.018 est 0.023 (x1.30)  enc/true 1.020  dr_err 0.91 m[0m
[pure_pursuit-10] [0m[INFO] [1789672128.180775461] [pure_pursuit]: lap 11: 9.63 s[0m
[localization_error-7] [0m[INFO] [1789672128.557444432] [localization_error]: now[200] 0.302 m / 1.47 deg  |  session[n=2233] mean 0.294 p95 0.769 max 1.246 m, heading mean 1.54 max 7.97 deg[0m
[log_localization-8] [0m[INFO] [1789672129.125557530] [log_localization]:  114.9 s   483.2 m  err 0.257 m (along +0.257 cross -0.007) yaw  +0.01 deg  m->o yaw  +0.09 deg | fit true 0.012 est 0.012 (x1.00)  enc/true 1.020  dr_err 1.18 m[0m
[localization_error-7] [0m[INFO] [1789672133.557466870] [localization_error]: now[200] 0.323 m / 1.57 deg  |  session[n=2333] mean 0.301 p95 0.785 max 1.246 m, heading mean 1.53 max 7.97 deg[0m
[log_localization-8] [0m[INFO] [1789672134.124736783] [log_localization]:  119.9 s   507.2 m  err 0.090 m (along +0.089 cross -0.008) yaw  -0.87 deg  m->o yaw  -0.95 deg | fit true 0.022 est 0.039 (x1.73)  enc/true 1.020  dr_err 1.13 m[0m
[pure_pursuit-10] [0m[INFO] [1789672137.697486672] [pure_pursuit]: lap 12: 9.52 s[0m
[localization_error-7] [0m[INFO] [1789672138.555046707] [localization_error]: now[200] 0.332 m / 1.55 deg  |  session[n=2433] mean 0.298 p95 0.777 max 1.246 m, heading mean 1.54 max 7.97 deg[0m
[log_localization-8] [0m[INFO] [1789672139.124473357] [log_localization]:  124.9 s   529.3 m  err 0.394 m (along +0.393 cross +0.030) yaw  +0.10 deg  m->o yaw  -0.13 deg | fit true 0.014 est 0.002 (x0.17)  enc/true 1.020  dr_err 1.32 m[0m
[localization_error-7] [0m[INFO] [1789672143.554593797] [localization_error]: now[200] 0.295 m / 1.64 deg  |  session[n=2533] mean 0.300 p95 0.789 max 1.246 m, heading mean 1.54 max 7.97 deg[0m
[log_localization-8] [0m[INFO] [1789672144.125229744] [log_localization]:  129.9 s   552.6 m  err 0.054 m (along +0.048 cross -0.024) yaw  +0.67 deg  m->o yaw  +0.56 deg | fit true 0.007 est 0.011 (x1.54)  enc/true 1.020  dr_err 1.25 m[0m
[pure_pursuit-10] [0m[INFO] [1789672147.375302008] [pure_pursuit]: lap 13: 9.67 s[0m
[localization_error-7] [0m[INFO] [1789672148.555653190] [localization_error]: now[200] 0.309 m / 1.58 deg  |  session[n=2633] mean 0.298 p95 0.784 max 1.246 m, heading mean 1.55 max 7.97 deg[0m
[log_localization-8] [0m[INFO] [1789672149.126739408] [log_localization]:  134.9 s   575.8 m  err 0.359 m (along +0.358 cross +0.027) yaw  -0.47 deg  m->o yaw  +0.62 deg | fit true 0.016 est 0.013 (x0.82)  enc/true 1.021  dr_err 1.49 m[0m
[localization_error-7] [0m[INFO] [1789672153.555312221] [localization_error]: now[200] 0.299 m / 1.59 deg  |  session[n=2733] mean 0.300 p95 0.789 max 1.246 m, heading mean 1.55 max 7.97 deg[0m
[log_localization-8] [0m[INFO] [1789672154.125051414] [log_localization]:  139.9 s   598.8 m  err 0.179 m (along +0.171 cross +0.054) yaw  +1.78 deg  m->o yaw  +2.05 deg | fit true 0.002 est 0.054 (x28.27)  enc/true 1.020  dr_err 1.31 m[0m
[pure_pursuit-10] [0m[INFO] [1789672156.914095777] [pure_pursuit]: lap 14: 9.54 s[0m
[localization_error-7] [0m[INFO] [1789672158.555416762] [localization_error]: now[200] 0.315 m / 1.44 deg  |  session[n=2833] mean 0.300 p95 0.789 max 1.246 m, heading mean 1.54 max 7.97 deg[0m
[log_localization-8] [0m[INFO] [1789672159.125653664] [log_localization]:  144.9 s   623.1 m  err 0.667 m (along +0.667 cross +0.013) yaw  -0.02 deg  m->o yaw  -0.08 deg | fit true 0.009 est 0.011 (x1.17)  enc/true 1.020  dr_err 1.65 m[0m
[localization_error-7] [0m[INFO] [1789672163.554999648] [localization_error]: now[200] 0.331 m / 1.57 deg  |  session[n=2933] mean 0.302 p95 0.795 max 1.246 m, heading mean 1.55 max 7.97 deg[0m
[log_localization-8] [0m[INFO] [1789672164.125934534] [log_localization]:  149.9 s   644.7 m  err 0.110 m (along -0.110 cross -0.011) yaw  +1.17 deg  m->o yaw  +1.04 deg | fit true 0.002 est 0.033 (x16.62)  enc/true 1.020  dr_err 1.41 m[0m
[pure_pursuit-10] [0m[INFO] [1789672166.529696786] [pure_pursuit]: lap 15: 9.62 s[0m
[localization_error-7] [0m[INFO] [1789672168.554869962] [localization_error]: now[200] 0.363 m / 1.74 deg  |  session[n=3033] mean 0.304 p95 0.801 max 1.246 m, heading mean 1.55 max 7.97 deg[0m
[log_localization-8] [0m[INFO] [1789672169.126928435] [log_localization]:  154.9 s   669.5 m  err 0.244 m (along +0.244 cross -0.002) yaw  -0.24 deg  m->o yaw  -0.30 deg | fit true 0.002 est 0.003 (x1.51)  enc/true 1.020  dr_err 1.68 m[0m
[localization_error-7] [0m[INFO] [1789672173.556654038] [localization_error]: now[200] 0.323 m / 1.68 deg  |  session[n=3133] mean 0.304 p95 0.801 max 1.246 m, heading mean 1.56 max 7.97 deg[0m
[log_localization-8] [0m[INFO] [1789672174.124868274] [log_localization]:  159.9 s   690.3 m  err 0.108 m (along -0.102 cross +0.035) yaw  +0.33 deg  m->o yaw  +0.02 deg | fit true 0.009 est 0.056 (x5.95)  enc/true 1.020  dr_err 1.57 m[0m
[pure_pursuit-10] [0m[INFO] [1789672176.045868801] [pure_pursuit]: lap 16: 9.53 s[0m
[localization_error-7] [0m[INFO] [1789672178.554817835] [localization_error]: now[200] 0.311 m / 1.55 deg  |  session[n=3233] mean 0.304 p95 0.797 max 1.246 m, heading mean 1.55 max 7.97 deg[0m
[log_localization-8] [0m[INFO] [1789672179.125391867] [log_localization]:  164.9 s   714.9 m  err 0.127 m (along -0.127 cross +0.005) yaw  -0.80 deg  m->o yaw  -0.54 deg | fit true 0.012 est 0.013 (x1.01)  enc/true 1.020  dr_err 1.74 m[0m
[localization_error-7] [0m[INFO] [1789672183.555064401] [localization_error]: now[200] 0.268 m / 1.72 deg  |  session[n=3333] mean 0.302 p95 0.792 max 1.246 m, heading mean 1.57 max 7.97 deg[0m
[log_localization-8] [0m[INFO] [1789672184.124486873] [log_localization]:  169.9 s   735.4 m  err 0.029 m (along -0.022 cross +0.019) yaw  -1.85 deg  m->o yaw  -0.96 deg | fit true 0.012 est 0.022 (x1.83)  enc/true 1.020  dr_err 1.70 m[0m
[pure_pursuit-10] [0m[INFO] [1789672185.617343450] [pure_pursuit]: lap 17: 9.57 s[0m
[localization_error-7] [0m[INFO] [1789672188.555327918] [localization_error]: now[200] 0.317 m / 1.72 deg  |  session[n=3433] mean 0.305 p95 0.802 max 1.246 m, heading mean 1.56 max 7.97 deg[0m
[log_localization-8] [0m[INFO] [1789672189.125858259] [log_localization]:  174.9 s   759.4 m  err 0.051 m (along -0.046 cross +0.023) yaw  -0.04 deg  m->o yaw  +0.25 deg | fit true 0.006 est 0.032 (x5.74)  enc/true 1.020  dr_err 1.83 m[0m
[localization_error-7] [0m[INFO] [1789672193.555282198] [localization_error]: now[200] 0.332 m / 1.61 deg  |  session[n=3533] mean 0.303 p95 0.798 max 1.246 m, heading mean 1.57 max 7.97 deg[0m
[log_localization-8] [0m[INFO] [1789672194.125177784] [log_localization]:  179.9 s   780.6 m  err 0.052 m (along +0.052 cross -0.002) yaw  -1.38 deg  m->o yaw  -1.50 deg | fit true 0.021 est 0.017 (x0.84)  enc/true 1.020  dr_err 1.88 m[0m
[pure_pursuit-10] [0m[INFO] [1789672195.136547916] [pure_pursuit]: lap 18: 9.50 s[0m
[localization_error-7] [0m[INFO] [1789672198.554695749] [localization_error]: now[200] 0.293 m / 1.49 deg  |  session[n=3633] mean 0.304 p95 0.796 max 1.246 m, heading mean 1.56 max 7.97 deg[0m
[log_localization-8] [0m[INFO] [1789672199.125065750] [log_localization]:  184.9 s   803.7 m  err 0.049 m (along +0.042 cross +0.026) yaw  -1.28 deg  m->o yaw  -0.98 deg | fit true 0.031 est 0.022 (x0.73)  enc/true 1.020  dr_err 1.84 m[0m
[localization_error-7] [0m[INFO] [1789672203.557241117] [localization_error]: now[200] 0.292 m / 1.58 deg  |  session[n=3733] mean 0.303 p95 0.793 max 1.246 m, heading mean 1.57 max 7.97 deg[0m
[log_localization-8] [0m[INFO] [1789672204.126106368] [log_localization]:  189.9 s   825.4 m  err 0.114 m (along -0.113 cross +0.013) yaw  -0.90 deg  m->o yaw  -0.28 deg | fit true 0.035 est 0.018 (x0.51)  enc/true 1.020  dr_err 1.90 m[0m
[pure_pursuit-10] [0m[INFO] [1789672204.809107350] [pure_pursuit]: lap 19: 9.68 s[0m
[localization_error-7] [0m[INFO] [1789672208.555518125] [localization_error]: now[200] 0.286 m / 1.62 deg  |  session[n=3833] mean 0.303 p95 0.793 max 1.246 m, heading mean 1.56 max 7.97 deg[0m
[log_localization-8] [0m[INFO] [1789672209.125010778] [log_localization]:  194.9 s   848.5 m  err 0.134 m (along +0.134 cross -0.009) yaw  -0.41 deg  m->o yaw  -0.49 deg | fit true 0.001 est 0.012 (x20.18)  enc/true 1.020  dr_err 1.84 m[0m
[localization_error-7] [0m[INFO] [1789672213.554752992] [localization_error]: now[200] 0.287 m / 1.51 deg  |  session[n=3933] mean 0.302 p95 0.789 max 1.246 m, heading mean 1.57 max 7.97 deg[0m
[log_localization-8] [0m[INFO] [1789672214.126037902] [log_localization]:  199.9 s   870.0 m  err 0.034 m (along +0.004 cross +0.034) yaw  -1.05 deg  m->o yaw  -1.41 deg | fit true 0.090 est 0.086 (x0.96)  enc/true 1.020  dr_err 2.04 m[0m
[pure_pursuit-10] [0m[INFO] [1789672214.396834731] [pure_pursuit]: lap 20: 9.59 s[0m
[localization_error-7] [0m[INFO] [1789672218.555278529] [localization_error]: now[200] 0.334 m / 1.68 deg  |  session[n=4033] mean 0.305 p95 0.793 max 1.246 m, heading mean 1.57 max 7.97 deg[0m
[log_localization-8] [0m[INFO] [1789672219.126687029] [log_localization]:  205.0 s   893.3 m  err 0.089 m (along +0.087 cross -0.017) yaw  -0.33 deg  m->o yaw  -0.24 deg | fit true 0.010 est 0.021 (x2.10)  enc/true 1.020  dr_err 1.87 m[0m
[localization_error-7] [0m[INFO] [1789672223.556539358] [localization_error]: now[200] 0.336 m / 1.61 deg  |  session[n=4133] mean 0.303 p95 0.789 max 1.246 m, heading mean 1.57 max 7.97 deg[0m
[pure_pursuit-10] [0m[INFO] [1789672224.028226950] [pure_pursuit]: lap 21: 9.64 s[0m
[log_localization-8] [0m[INFO] [1789672224.126426939] [log_localization]:  209.9 s   914.2 m  err 0.085 m (along +0.071 cross +0.046) yaw  -0.48 deg  m->o yaw  -0.68 deg | fit true 0.016 est 0.021 (x1.28)  enc/true 1.020  dr_err 2.18 m[0m
[localization_error-7] [0m[INFO] [1789672228.556661031] [localization_error]: now[200] 0.331 m / 1.49 deg  |  session[n=4233] mean 0.306 p95 0.793 max 1.246 m, heading mean 1.56 max 7.97 deg[0m
[log_localization-8] [0m[INFO] [1789672229.124478677] [log_localization]:  214.9 s   938.3 m  err 0.107 m (along -0.106 cross +0.014) yaw  -0.48 deg  m->o yaw  -0.28 deg | fit true 0.004 est 0.039 (x8.95)  enc/true 1.020  dr_err 2.02 m[0m
[localization_error-7] [0m[INFO] [1789672233.556521556] [localization_error]: now[200] 0.320 m / 1.66 deg  |  session[n=4333] mean 0.304 p95 0.790 max 1.246 m, heading mean 1.57 max 7.97 deg[0m
[pure_pursuit-10] [0m[INFO] [1789672233.709172650] [pure_pursuit]: lap 22: 9.68 s[0m
[log_localization-8] [0m[INFO] [1789672234.124749829] [log_localization]:  219.9 s   958.9 m  err 0.110 m (along +0.110 cross +0.007) yaw  -0.24 deg  m->o yaw  -0.25 deg | fit true 0.022 est 0.012 (x0.54)  enc/true 1.020  dr_err 2.31 m[0m
[localization_error-7] [0m[INFO] [1789672238.557677149] [localization_error]: now[200] 0.302 m / 1.64 deg  |  session[n=4433] mean 0.306 p95 0.789 max 1.246 m, heading mean 1.57 max 7.97 deg[0m
[log_localization-8] [0m[INFO] [1789672239.124782125] [log_localization]:  224.9 s   983.2 m  err 0.026 m (along -0.014 cross +0.022) yaw  -1.28 deg  m->o yaw  -1.22 deg | fit true 0.028 est 0.027 (x0.95)  enc/true 1.020  dr_err 2.19 m[0m
[pure_pursuit-10] [0m[INFO] [1789672243.265806883] [pure_pursuit]: lap 23: 9.56 s[0m
[localization_error-7] [0m[INFO] [1789672243.554957086] [localization_error]: now[200] 0.292 m / 1.61 deg  |  session[n=4533] mean 0.304 p95 0.787 max 1.246 m, heading mean 1.57 max 7.97 deg[0m
[log_localization-8] [0m[INFO] [1789672244.124616551] [log_localization]:  229.9 s  1004.4 m  err 0.326 m (along +0.326 cross -0.009) yaw  -0.45 deg  m->o yaw  -0.43 deg | fit true 0.014 est 0.008 (x0.62)  enc/true 1.020  dr_err 2.44 m[0m
[localization_error-7] [0m[INFO] [1789672248.554843319] [localization_error]: now[200] 0.326 m / 1.63 deg  |  session[n=4633] mean 0.307 p95 0.797 max 1.246 m, heading mean 1.57 max 7.97 deg[0m
[log_localization-8] [0m[INFO] [1789672249.125045968] [log_localization]:  234.9 s  1028.2 m  err 0.054 m (along +0.052 cross +0.012) yaw  +0.42 deg  m->o yaw  +0.28 deg | fit true 0.009 est 0.027 (x3.05)  enc/true 1.020  dr_err 2.31 m[0m
[pure_pursuit-10] [0m[INFO] [1789672252.972189191] [pure_pursuit]: lap 24: 9.71 s[0m
[localization_error-7] [0m[INFO] [1789672253.554717640] [localization_error]: now[200] 0.334 m / 1.69 deg  |  session[n=4733] mean 0.305 p95 0.793 max 1.246 m, heading mean 1.58 max 7.97 deg[0m
[log_localization-8] [0m[INFO] [1789672254.124901594] [log_localization]:  239.9 s  1050.1 m  err 0.420 m (along +0.419 cross +0.024) yaw  +0.47 deg  m->o yaw  +0.57 deg | fit true 0.013 est 0.006 (x0.44)  enc/true 1.020  dr_err 2.55 m[0m
[localization_error-7] [0m[INFO] [1789672258.557442292] [localization_error]: now[200] 0.352 m / 1.77 deg  |  session[n=4833] mean 0.309 p95 0.802 max 1.246 m, heading mean 1.58 max 7.97 deg[0m
[log_localization-8] [0m[INFO] [1789672259.125876539] [log_localization]:  244.9 s  1073.7 m  err 0.024 m (along +0.024 cross -0.004) yaw  +1.32 deg  m->o yaw  +1.22 deg | fit true 0.004 est 0.026 (x6.16)  enc/true 1.020  dr_err 2.46 m[0m
[pure_pursuit-10] [0m[INFO] [1789672262.483764484] [pure_pursuit]: lap 25: 9.49 s[0m
[localization_error-7] [0m[INFO] [1789672263.554919929] [localization_error]: now[200] 0.353 m / 1.60 deg  |  session[n=4933] mean 0.307 p95 0.801 max 1.246 m, heading mean 1.58 max 7.97 deg[0m
[log_localization-8] [0m[INFO] [1789672264.127849097] [log_localization]:  250.0 s  1096.4 m  err 0.430 m (along +0.427 cross +0.047) yaw  +0.58 deg  m->o yaw  +0.86 deg | fit true 0.013 est 0.015 (x1.20)  enc/true 1.020  dr_err 2.70 m[0m
[localization_error-7] [0m[INFO] [1789672268.555309561] [localization_error]: now[200] 0.301 m / 1.65 deg  |  session[n=5033] mean 0.308 p95 0.802 max 1.246 m, heading mean 1.58 max 7.97 deg[0m
[log_localization-8] [0m[INFO] [1789672269.124682671] [log_localization]:  254.9 s  1119.4 m  err 0.107 m (along +0.107 cross +0.001) yaw  +1.31 deg  m->o yaw  +1.32 deg | fit true 0.009 est 0.023 (x2.63)  enc/true 1.020  dr_err 2.55 m[0m
[pure_pursuit-10] [0m[INFO] [1789672272.169394671] [pure_pursuit]: lap 26: 9.71 s[0m
[localization_error-7] [0m[INFO] [1789672273.555218589] [localization_error]: now[200] 0.329 m / 1.60 deg  |  session[n=5133] mean 0.308 p95 0.801 max 1.246 m, heading mean 1.58 max 7.97 deg[0m
[log_localization-8] [0m[INFO] [1789672274.125140163] [log_localization]:  259.9 s  1143.1 m  err 0.449 m (along +0.448 cross +0.032) yaw  +0.54 deg  m->o yaw  +0.80 deg | fit true 0.017 est 0.019 (x1.15)  enc/true 1.020  dr_err 2.87 m[0m
[localization_error-7] [0m[INFO] [1789672278.554951646] [localization_error]: now[200] 0.312 m / 1.58 deg  |  session[n=5233] mean 0.309 p95 0.801 max 1.246 m, heading mean 1.58 max 7.97 deg[0m
[log_localization-8] [0m[INFO] [1789672279.126745475] [log_localization]:  264.9 s  1165.2 m  err 0.109 m (along +0.100 cross +0.044) yaw  +1.81 deg  m->o yaw  +1.79 deg | fit true 0.058 est 0.066 (x1.13)  enc/true 1.020  dr_err 2.61 m[0m
[pure_pursuit-10] [0m[INFO] [1789672281.865787569] [pure_pursuit]: lap 27: 9.69 s[0m
[localization_error-7] [0m[INFO] [1789672283.557472307] [localization_error]: now[200] 0.319 m / 1.62 deg  |  session[n=5333] mean 0.308 p95 0.799 max 1.246 m, heading mean 1.58 max 7.97 deg[0m
[log_localization-8] [0m[INFO] [1789672284.124844191] [log_localization]:  269.9 s  1189.5 m  err 0.402 m (along +0.401 cross +0.017) yaw  -0.02 deg  m->o yaw  -0.05 deg | fit true 0.009 est 0.010 (x1.09)  enc/true 1.020  dr_err 2.97 m[0m
[localization_error-7] [0m[INFO] [1789672288.555344941] [localization_error]: now[200] 0.312 m / 1.68 deg  |  session[n=5433] mean 0.309 p95 0.802 max 1.246 m, heading mean 1.58 max 7.97 deg[0m
[log_localization-8] [0m[INFO] [1789672289.125214848] [log_localization]:  274.9 s  1211.0 m  err 0.010 m (along +0.004 cross -0.009) yaw  +0.91 deg  m->o yaw  +0.99 deg | fit true 0.016 est 0.019 (x1.22)  enc/true 1.020  dr_err 2.67 m[0m
[pure_pursuit-10] [0m[INFO] [1789672291.462647350] [pure_pursuit]: lap 28: 9.60 s[0m
[localization_error-7] [0m[INFO] [1789672293.556610269] [localization_error]: now[200] 0.324 m / 1.55 deg  |  session[n=5533] mean 0.309 p95 0.803 max 1.246 m, heading mean 1.58 max 7.97 deg[0m
[log_localization-8] [0m[INFO] [1789672294.125352621] [log_localization]:  279.9 s  1235.6 m  err 0.071 m (along -0.071 cross -0.002) yaw  +0.15 deg  m->o yaw  +0.39 deg | fit true 0.001 est 0.006 (x5.93)  enc/true 1.020  dr_err 3.01 m[0m
[localization_error-7] [0m[INFO] [1789672298.554858394] [localization_error]: now[200] 0.303 m / 1.67 deg  |  session[n=5633] mean 0.308 p95 0.802 max 1.246 m, heading mean 1.59 max 7.97 deg[0m
[log_localization-8] [0m[INFO] [1789672299.124770770] [log_localization]:  284.9 s  1256.4 m  err 0.119 m (along -0.113 cross +0.039) yaw  -0.56 deg  m->o yaw  -0.70 deg | fit true 0.015 est 0.038 (x2.56)  enc/true 1.020  dr_err 2.89 m[0m
[pure_pursuit-10] [0m[INFO] [1789672301.119258209] [pure_pursuit]: lap 29: 9.65 s[0m
[localization_error-7] [0m[INFO] [1789672303.555446146] [localization_error]: now[200] 0.342 m / 1.73 deg  |  session[n=5733] mean 0.310 p95 0.807 max 1.246 m, heading mean 1.59 max 7.97 deg[0m
[log_localization-8] [0m[INFO] [1789672304.125633426] [log_localization]:  289.9 s  1280.7 m  err 0.417 m (along +0.408 cross -0.084) yaw  -0.42 deg  m->o yaw  -0.26 deg | fit true 0.002 est 0.023 (x11.94)  enc/true 1.020  dr_err 3.08 m[0m
[localization_error-7] [0m[INFO] [1789672308.555131905] [localization_error]: now[200] 0.369 m / 1.69 deg  |  session[n=5833] mean 0.310 p95 0.807 max 1.246 m, heading mean 1.59 max 7.97 deg[0m
[log_localization-8] [0m[INFO] [1789672309.124665104] [log_localization]:  294.9 s  1301.3 m  err 0.036 m (along +0.030 cross +0.020) yaw  -0.29 deg  m->o yaw  -0.58 deg | fit true 0.014 est 0.013 (x0.96)  enc/true 1.020  dr_err 3.02 m[0m
[pure_pursuit-10] [0m[INFO] [1789672310.640260101] [pure_pursuit]: lap 30: 9.52 s[0m
[localization_error-7] [0m[INFO] [1789672313.555479930] [localization_error]: now[200] 0.357 m / 1.49 deg  |  session[n=5933] mean 0.311 p95 0.808 max 1.246 m, heading mean 1.58 max 7.97 deg[0m
[log_localization-8] [0m[INFO] [1789672314.125312458] [log_localization]:  299.9 s  1325.6 m  err 0.067 m (along -0.045 cross +0.050) yaw  -1.45 deg  m->o yaw  -1.18 deg | fit true 0.035 est 0.022 (x0.63)  enc/true 1.020  dr_err 3.15 m[0m
[localization_error-7] [0m[INFO] [1789672318.556242139] [localization_error]: now[200] 0.297 m / 1.60 deg  |  session[n=6033] mean 0.310 p95 0.806 max 1.246 m, heading mean 1.59 max 7.97 deg[0m
[log_localization-8] [0m[INFO] [1789672319.124791421] [log_localization]:  304.9 s  1346.8 m  err 0.015 m (along -0.007 cross -0.013) yaw  -1.62 deg  m->o yaw  -1.58 deg | fit true 0.013 est 0.005 (x0.34)  enc/true 1.020  dr_err 3.15 m[0m
[pure_pursuit-10] [0m[INFO] [1789672320.148857835] [pure_pursuit]: lap 31: 9.51 s[0m
[localization_error-7] [0m[INFO] [1789672323.556497511] [localization_error]: now[200] 0.289 m / 1.67 deg  |  session[n=6133] mean 0.311 p95 0.807 max 1.246 m, heading mean 1.59 max 7.97 deg[0m
[log_localization-8] [0m[INFO] [1789672324.126370584] [log_localization]:  309.9 s  1370.2 m  err 0.072 m (along +0.071 cross +0.010) yaw  -1.17 deg  m->o yaw  -1.09 deg | fit true 0.006 est 0.018 (x2.93)  enc/true 1.020  dr_err 3.13 m[0m
[localization_error-7] [0m[INFO] [1789672328.555345616] [localization_error]: now[200] 0.292 m / 1.61 deg  |  session[n=6233] mean 0.309 p95 0.804 max 1.246 m, heading mean 1.59 max 7.97 deg[0m
[log_localization-8] [0m[INFO] [1789672329.126274090] [log_localization]:  314.9 s  1392.0 m  err 0.088 m (along -0.082 cross +0.032) yaw  -0.40 deg  m->o yaw  -0.06 deg | fit true 0.043 est 0.036 (x0.85)  enc/true 1.020  dr_err 3.22 m[0m
[pure_pursuit-10] [0m[INFO] [1789672329.653801979] [pure_pursuit]: lap 32: 9.51 s[0m
[localization_error-7] [0m[INFO] [1789672333.556015141] [localization_error]: now[200] 0.318 m / 1.72 deg  |  session[n=6333] mean 0.311 p95 0.807 max 1.246 m, heading mean 1.59 max 7.97 deg[0m
[log_localization-8] [0m[INFO] [1789672334.125599045] [log_localization]:  319.9 s  1415.0 m  err 0.143 m (along +0.142 cross -0.009) yaw  -0.48 deg  m->o yaw  -0.48 deg | fit true 0.000 est 0.018 (x763.46)  enc/true 1.020  dr_err 3.12 m[0m
[localization_error-7] [0m[INFO] [1789672338.556510301] [localization_error]: now[200] 0.325 m / 1.52 deg  |  session[n=6433] mean 0.310 p95 0.806 max 1.246 m, heading mean 1.59 max 7.97 deg[0m
[log_localization-8] [0m[INFO] [1789672339.124903331] [log_localization]:  324.9 s  1436.4 m  err 0.039 m (along +0.019 cross +0.034) yaw  -1.37 deg  m->o yaw  -1.00 deg | fit true 0.012 est 0.029 (x2.37)  enc/true 1.020  dr_err 3.36 m[0m
[pure_pursuit-10] [0m[INFO] [1789672339.202949746] [pure_pursuit]: lap 33: 9.55 s[0m
[localization_error-7] [0m[INFO] [1789672343.556859148] [localization_error]: now[200] 0.328 m / 1.64 deg  |  session[n=6533] mean 0.311 p95 0.810 max 1.246 m, heading mean 1.59 max 7.97 deg[0m
[log_localization-8] [0m[INFO] [1789672344.124693175] [log_localization]:  329.9 s  1460.4 m  err 0.037 m (along -0.037 cross +0.000) yaw  +0.26 deg  m->o yaw  +0.54 deg | fit true 0.017 est 0.008 (x0.44)  enc/true 1.020  dr_err 3.25 m[0m
[localization_error-7] [0m[INFO] [1789672348.557396807] [localization_error]: now[200] 0.317 m / 1.81 deg  |  session[n=6633] mean 0.310 p95 0.807 max 1.246 m, heading mean 1.60 max 7.97 deg[0m
[pure_pursuit-10] [0m[INFO] [1789672348.816488124] [pure_pursuit]: lap 34: 9.62 s[0m
[log_localization-8] [0m[INFO] [1789672349.127236027] [log_localization]:  335.0 s  1481.0 m  err 0.102 m (along +0.102 cross +0.013) yaw  -0.29 deg  m->o yaw  -0.58 deg | fit true 0.021 est 0.023 (x1.07)  enc/true 1.020  dr_err 3.53 m[0m
[localization_error-7] [0m[INFO] [1789672353.557175780] [localization_error]: now[200] 0.307 m / 1.58 deg  |  session[n=6733] mean 0.311 p95 0.807 max 1.246 m, heading mean 1.59 max 7.97 deg[0m
[log_localization-8] [0m[INFO] [1789672354.124770019] [log_localization]:  339.9 s  1505.2 m  err 0.013 m (along +0.006 cross +0.012) yaw  -1.66 deg  m->o yaw  -1.40 deg | fit true 0.016 est 0.022 (x1.37)  enc/true 1.020  dr_err 3.40 m[0m
[pure_pursuit-10] [0m[INFO] [1789672358.278792844] [pure_pursuit]: lap 35: 9.45 s[0m
[localization_error-7] [0m[INFO] [1789672358.557411045] [localization_error]: now[200] 0.297 m / 1.63 deg  |  session[n=6833] mean 0.310 p95 0.806 max 1.246 m, heading mean 1.60 max 7.97 deg[0m
[log_localization-8] [0m[INFO] [1789672359.127258701] [log_localization]:  344.9 s  1526.7 m  err 0.332 m (along +0.332 cross -0.009) yaw  -0.15 deg  m->o yaw  -0.15 deg | fit true 0.013 est 0.007 (x0.53)  enc/true 1.020  dr_err 3.67 m[0m
[localization_error-7] [0m[INFO] [1789672363.554828569] [localization_error]: now[200] 0.324 m / 1.70 deg  |  session[n=6933] mean 0.312 p95 0.808 max 1.246 m, heading mean 1.59 max 7.97 deg[0m
[log_localization-8] [0m[INFO] [1789672364.124932373] [log_localization]:  349.9 s  1550.6 m  err 0.240 m (along +0.240 cross +0.002) yaw  -1.22 deg  m->o yaw  -1.01 deg | fit true 0.008 est 0.035 (x4.38)  enc/true 1.020  dr_err 3.68 m[0m
[pure_pursuit-10] [0m[INFO] [1789672367.879529282] [pure_pursuit]: lap 36: 9.60 s[0m
[localization_error-7] [0m[INFO] [1789672368.557165347] [localization_error]: now[200] 0.334 m / 1.67 deg  |  session[n=7033] mean 0.310 p95 0.807 max 1.246 m, heading mean 1.60 max 7.97 deg[0m
[log_localization-8] [0m[INFO] [1789672369.124568930] [log_localization]:  354.9 s  1572.6 m  err 0.473 m (along +0.472 cross +0.031) yaw  +0.06 deg  m->o yaw  +0.11 deg | fit true 0.013 est 0.006 (x0.44)  enc/true 1.020  dr_err 3.80 m[0m
[localization_error-7] [0m[INFO] [1789672373.555404535] [localization_error]: now[200] 0.318 m / 1.71 deg  |  session[n=7133] mean 0.312 p95 0.812 max 1.246 m, heading mean 1.60 max 7.97 deg[0m
[log_localization-8] [0m[INFO] [1789672374.124985112] [log_localization]:  359.9 s  1596.3 m  err 0.031 m (along -0.007 cross -0.030) yaw  +0.31 deg  m->o yaw  -0.23 deg | fit true 0.006 est 0.009 (x1.59)  enc/true 1.020  dr_err 3.66 m[0m
[pure_pursuit-10] [0m[INFO] [1789672377.388409013] [pure_pursuit]: lap 37: 9.51 s[0m
[localization_error-7] [0m[INFO] [1789672378.556660335] [localization_error]: now[200] 0.330 m / 1.64 deg  |  session[n=7233] mean 0.311 p95 0.808 max 1.246 m, heading mean 1.60 max 7.97 deg[0m
[log_localization-8] [0m[INFO] [1789672379.125796783] [log_localization]:  364.9 s  1619.5 m  err 0.346 m (along +0.345 cross +0.031) yaw  +0.56 deg  m->o yaw  +0.45 deg | fit true 0.012 est 0.013 (x1.02)  enc/true 1.020  dr_err 3.94 m[0m
[localization_error-7] [0m[INFO] [1789672383.557251444] [localization_error]: now[200] 0.289 m / 1.68 deg  |  session[n=7333] mean 0.311 p95 0.808 max 1.246 m, heading mean 1.60 max 7.97 deg[0m
[log_localization-8] [0m[INFO] [1789672384.124892561] [log_localization]:  369.9 s  1642.5 m  err 0.258 m (along +0.253 cross +0.048) yaw  +1.02 deg  m->o yaw  +0.98 deg | fit true 0.002 est 0.032 (x17.07)  enc/true 1.020  dr_err 3.71 m[0m
[pure_pursuit-10] [0m[INFO] [1789672386.966234368] [pure_pursuit]: lap 38: 9.58 s[0m
[localization_error-7] [0m[INFO] [1789672388.556778607] [localization_error]: now[200] 0.303 m / 1.63 deg  |  session[n=7433] mean 0.311 p95 0.806 max 1.246 m, heading mean 1.60 max 7.97 deg[0m
[log_localization-8] [0m[INFO] [1789672389.124838656] [log_localization]:  374.9 s  1666.4 m  err 0.516 m (along +0.516 cross +0.014) yaw  -0.64 deg  m->o yaw  -0.59 deg | fit true 0.011 est 0.016 (x1.47)  enc/true 1.020  dr_err 4.15 m[0m
[localization_error-7] [0m[INFO] [1789672393.557032757] [localization_error]: now[200] 0.286 m / 1.72 deg  |  session[n=7533] mean 0.311 p95 0.805 max 1.246 m, heading mean 1.60 max 7.97 deg[0m
[log_localization-8] [0m[INFO] [1789672394.124375797] [log_localization]:  379.9 s  1688.5 m  err 0.019 m (along -0.017 cross +0.009) yaw  +1.08 deg  m->o yaw  +1.06 deg | fit true 0.003 est 0.012 (x4.01)  enc/true 1.020  dr_err 3.75 m[0m
[pure_pursuit-10] [0m[INFO] [1789672396.559840865] [pure_pursuit]: lap 39: 9.59 s[0m
[localization_error-7] [0m[INFO] [1789672398.555604697] [localization_error]: now[200] 0.315 m / 1.67 deg  |  session[n=7633] mean 0.311 p95 0.805 max 1.246 m, heading mean 1.60 max 7.97 deg[0m
[log_localization-8] [0m[INFO] [1789672399.126635020] [log_localization]:  384.9 s  1713.2 m  err 0.108 m (along +0.108 cross -0.002) yaw  +0.22 deg  m->o yaw  -0.07 deg | fit true 0.003 est 0.004 (x1.04)  enc/true 1.020  dr_err 4.12 m[0m
[localization_error-7] [0m[INFO] [1789672403.555055276] [localization_error]: now[200] 0.324 m / 1.68 deg  |  session[n=7733] mean 0.311 p95 0.805 max 1.246 m, heading mean 1.60 max 7.97 deg[0m
[log_localization-8] [0m[INFO] [1789672404.124439437] [log_localization]:  389.9 s  1734.2 m  err 0.110 m (along -0.109 cross +0.015) yaw  -0.06 deg  m->o yaw  +0.24 deg | fit true 0.005 est 0.018 (x3.45)  enc/true 1.020  dr_err 3.93 m[0m
[localization_bootstrap-6] [33m[WARN] [1789672405.890311505] [localization_bootstrap]: RESET detected: heading stepped -22 deg in one tick[0m
[pure_pursuit-10] [33m[WARN] [1789672405.890619640] [pure_pursuit]: heading jumped -23 deg in one tick: respawn. Speed estimate 2.36 -> 0, pose history cleared.[0m
[pure_pursuit-10] [33m[WARN] [1789672405.912265811] [pure_pursuit]: localization lost after a reset: holding until it is re-confirmed[0m
[localization_bootstrap-6] [33m[WARN] [1789672405.913545029] [localization_bootstrap]: recovery #1: follower held; prior (+5.07, +0.12, +135 deg) -- checkpoint 5.0 m behind the last pose along the track[0m
[amcl-4] [0m[INFO] [1789672405.961647071] [amcl]: initialPoseReceived[0m
[amcl-4] [0m[INFO] [1789672405.961727852] [amcl]: Setting pose (1789672405.961728): 5.070 0.121 2.377[0m
[localization_bootstrap-6] [0m[INFO] [1789672405.962887607] [localization_bootstrap]: seed 1/3: x=+5.070 y=+0.121 yaw=+136.2 deg -- awaiting confirmation[0m
[localization_bootstrap-6] [0m[INFO] [1789672405.964416471] [localization_bootstrap]: not reporting a spawn constant: the car is moving at 0.3 m/s, so this pose is not the spawn[0m
[amcl-4] [0m[INFO] [1789672406.011578187] [amcl]: Requesting no-motion update[0m
[amcl-4] [0m[INFO] [1789672406.461428570] [amcl]: Requesting no-motion update[0m
[localization_bootstrap-6] [0m[INFO] [1789672406.612355355] [localization_bootstrap]: recovery #1: seed, attempt 1[0m
[amcl-4] [0m[INFO] [1789672406.861448506] [amcl]: Requesting no-motion update[0m
[amcl-4] [0m[INFO] [1789672407.311551160] [amcl]: Requesting no-motion update[0m
[amcl-4] [0m[INFO] [1789672407.761478066] [amcl]: Requesting no-motion update[0m
[localization_bootstrap-6] [0m[INFO] [1789672408.011535027] [localization_bootstrap]: recovery: seed CONFIRMED on attempt 1: the estimate is 16.2 cm / 1.8 deg from truth (pos std 0.158 m). Tracking is now lidar + map + dead reckoning only.[0m
[localization_bootstrap-6] [0m[INFO] [1789672408.012189088] [localization_bootstrap]: CHECKPOINT CANDIDATE (converged after reset): ('5.142', '0.266', '2.412')[0m
[localization_error-7] [0m[INFO] [1789672408.555692411] [localization_error]: now[200] 0.970 m / 1.89 deg  |  session[n=7833] mean 0.328 p95 0.828 max 2.933 m, heading mean 1.61 max 14.11 deg[0m
[localization_bootstrap-6] [0m[INFO] [1789672408.612041469] [localization_bootstrap]: recovery #1: creep, attempt 1[0m
[localization_bootstrap-6] [33m[WARN] [1789672409.055092258] [localization_bootstrap]: RESET detected: heading stepped -15 deg in one tick[0m
[localization_bootstrap-6] [33m[WARN] [1789672409.062254650] [localization_bootstrap]: recovery #2: follower held; prior (+5.07, +0.12, +135 deg) -- checkpoint 0.1 m behind the last pose along the track[0m
[amcl-4] [0m[INFO] [1789672409.111300543] [amcl]: initialPoseReceived[0m
[amcl-4] [0m[INFO] [1789672409.111402283] [amcl]: Setting pose (1789672409.111402): 5.070 0.121 2.356[0m
[localization_bootstrap-6] [0m[INFO] [1789672409.111917986] [localization_bootstrap]: seed 1/3: x=+5.070 y=+0.121 yaw=+135.0 deg -- awaiting confirmation[0m
[localization_bootstrap-6] [33m[WARN] [1789672409.112745251] [localization_bootstrap]: MEASURED SPAWN is 5.225 m / 135.0 deg from racer_common.frames.SPAWN_* -- OUTSIDE slam_toolbox's +-0.5 m seed search, so any run that falls back to it CANNOT recover and the offset is frozen for the whole run. This run is seeded and therefore fine; the FALLBACK is what is wrong.
[localization_bootstrap-6]     Paste into racer_common/frames.py so bootstrap:=false and bootstrap_mode:=global start somewhere real:
[localization_bootstrap-6]         SPAWN_X = '5.070'
[localization_bootstrap-6]         SPAWN_Y = '0.121'
[localization_bootstrap-6]         SPAWN_YAW = '2.3559'[0m
[log_localization-8] [0m[INFO] [1789672409.125971102] [log_localization]:  394.9 s  1744.4 m  err 0.863 m (along -0.802 cross +0.318) yaw +11.96 deg  m->o yaw +11.96 deg | fit true 0.010 est 0.388 (x39.51)  enc/true 1.019  dr_err 7.50 m[0m
[amcl-4] [0m[INFO] [1789672409.161443615] [amcl]: Requesting no-motion update[0m
[amcl-4] [0m[INFO] [1789672409.561799037] [amcl]: Requesting no-motion update[0m
[amcl-4] [0m[INFO] [1789672410.011508637] [amcl]: Requesting no-motion update[0m
[amcl-4] [0m[INFO] [1789672410.461317293] [amcl]: Requesting no-motion update[0m
[localization_bootstrap-6] [0m[INFO] [1789672410.611720330] [localization_bootstrap]: recovery #2: seed, attempt 1[0m
[amcl-4] [0m[INFO] [1789672410.861367014] [amcl]: Requesting no-motion update[0m
[localization_bootstrap-6] [0m[INFO] [1789672411.114757568] [localization_bootstrap]: recovery: seed CONFIRMED on attempt 1: the estimate is 16.7 cm / 2.6 deg from truth (pos std 0.136 m). Tracking is now lidar + map + dead reckoning only.[0m
[localization_bootstrap-6] [0m[INFO] [1789672411.116622579] [localization_bootstrap]: CHECKPOINT CANDIDATE (converged after reset): ('5.142', '0.272', '2.402')[0m
[localization_bootstrap-6] [33m[WARN] [1789672412.201337158] [localization_bootstrap]: RESET detected: heading stepped -14 deg in one tick[0m
[localization_bootstrap-6] [33m[WARN] [1789672412.212207952] [localization_bootstrap]: recovery #3: follower held; prior (+5.07, +0.12, +135 deg) -- checkpoint 0.1 m behind the last pose along the track[0m
[amcl-4] [0m[INFO] [1789672412.261271308] [amcl]: initialPoseReceived[0m
[amcl-4] [0m[INFO] [1789672412.261388938] [amcl]: Setting pose (1789672412.261389): 5.070 0.121 2.359[0m
[localization_bootstrap-6] [0m[INFO] [1789672412.261975653] [localization_bootstrap]: seed 1/3: x=+5.070 y=+0.121 yaw=+135.1 deg -- awaiting confirmation[0m
[localization_bootstrap-6] [0m[INFO] [1789672412.262595891] [localization_bootstrap]: not reporting a spawn constant: the car is moving at 0.1 m/s, so this pose is not the spawn[0m
[amcl-4] [0m[INFO] [1789672412.311249292] [amcl]: Requesting no-motion update[0m
[localization_bootstrap-6] [0m[INFO] [1789672412.611677981] [localization_bootstrap]: recovery #3: seed, attempt 1[0m
[amcl-4] [0m[INFO] [1789672412.711342614] [amcl]: Requesting no-motion update[0m
[amcl-4] [0m[INFO] [1789672413.161843492] [amcl]: Requesting no-motion update[0m
[localization_error-7] [0m[INFO] [1789672413.555577222] [localization_error]: now[200] 1.844 m / 2.82 deg  |  session[n=7933] mean 0.350 p95 0.859 max 2.933 m, heading mean 1.64 max 19.73 deg[0m
[amcl-4] [0m[INFO] [1789672413.562417161] [amcl]: Requesting no-motion update[0m
[amcl-4] [0m[INFO] [1789672414.011220981] [amcl]: Requesting no-motion update[0m
[log_localization-8] [0m[INFO] [1789672414.127062425] [log_localization]:  400.0 s  1747.5 m  err 2.594 m (along -2.593 cross +0.034) yaw  +2.46 deg  m->o yaw  +2.46 deg | fit true 0.010 est 0.209 (x21.85)  enc/true 1.018  dr_err 9.27 m[0m
[localization_bootstrap-6] [0m[INFO] [1789672414.311521581] [localization_bootstrap]: recovery: seed CONFIRMED on attempt 1: the estimate is 15.5 cm / 2.5 deg from truth (pos std 0.149 m). Tracking is now lidar + map + dead reckoning only.[0m
[localization_bootstrap-6] [0m[INFO] [1789672414.312308630] [localization_bootstrap]: CHECKPOINT CANDIDATE (converged after reset): ('5.174', '0.237', '2.401')[0m
[localization_bootstrap-6] [0m[INFO] [1789672414.612772274] [localization_bootstrap]: recovery #3: creep, attempt 1[0m
[localization_bootstrap-6] [33m[WARN] [1789672415.407720048] [localization_bootstrap]: RESET detected: heading stepped -15 deg in one tick[0m
[localization_bootstrap-6] [33m[WARN] [1789672415.412182509] [localization_bootstrap]: recovery #4: follower held; prior (+5.07, +0.12, +135 deg) -- checkpoint 0.0 m behind the last pose along the track[0m
[amcl-4] [0m[INFO] [1789672415.461545144] [amcl]: initialPoseReceived[0m
[amcl-4] [0m[INFO] [1789672415.461655179] [amcl]: Setting pose (1789672415.461655): 5.070 0.121 2.356[0m
[localization_bootstrap-6] [0m[INFO] [1789672415.462938786] [localization_bootstrap]: seed 1/3: x=+5.070 y=+0.121 yaw=+135.0 deg -- awaiting confirmation[0m
[localization_bootstrap-6] [33m[WARN] [1789672415.464836448] [localization_bootstrap]: MEASURED SPAWN is 5.225 m / 135.0 deg from racer_common.frames.SPAWN_* -- OUTSIDE slam_toolbox's +-0.5 m seed search, so any run that falls back to it CANNOT recover and the offset is frozen for the whole run. This run is seeded and therefore fine; the FALLBACK is what is wrong.
[localization_bootstrap-6]     Paste into racer_common/frames.py so bootstrap:=false and bootstrap_mode:=global start somewhere real:
[localization_bootstrap-6]         SPAWN_X = '5.070'
[localization_bootstrap-6]         SPAWN_Y = '0.121'
[localization_bootstrap-6]         SPAWN_YAW = '2.3561'[0m
[amcl-4] [0m[INFO] [1789672415.511146905] [amcl]: Requesting no-motion update[0m
[amcl-4] [0m[INFO] [1789672415.911185185] [amcl]: Requesting no-motion update[0m
[amcl-4] [0m[INFO] [1789672416.311381960] [amcl]: Requesting no-motion update[0m
[localization_bootstrap-6] [0m[INFO] [1789672416.612499044] [localization_bootstrap]: recovery #4: seed, attempt 1[0m
[amcl-4] [0m[INFO] [1789672416.711652643] [amcl]: Requesting no-motion update[0m
[amcl-4] [0m[INFO] [1789672417.161636186] [amcl]: Requesting no-motion update[0m
[localization_bootstrap-6] [0m[INFO] [1789672417.512167931] [localization_bootstrap]: recovery: seed CONFIRMED on attempt 1: the estimate is 19.0 cm / 2.1 deg from truth (pos std 0.154 m). Tracking is now lidar + map + dead reckoning only.[0m
[localization_bootstrap-6] [0m[INFO] [1789672417.513499277] [localization_bootstrap]: CHECKPOINT CANDIDATE (converged after reset): ('5.129', '0.301', '2.392')[0m
[localization_error-7] [0m[INFO] [1789672418.555157123] [localization_error]: now[200] 2.143 m / 3.21 deg  |  session[n=8033] mean 0.373 p95 0.903 max 2.933 m, heading mean 1.65 max 19.73 deg[0m
[localization_bootstrap-6] [0m[INFO] [1789672418.612724365] [localization_bootstrap]: recovery #4: creep, attempt 1[0m
[localization_bootstrap-6] [33m[WARN] [1789672418.621499627] [localization_bootstrap]: RESET detected: heading stepped -14 deg in one tick[0m
[localization_bootstrap-6] [33m[WARN] [1789672418.661794373] [localization_bootstrap]: recovery #5: follower held; prior (+5.07, +0.12, +135 deg) -- checkpoint 0.1 m behind the last pose along the track[0m
[amcl-4] [0m[INFO] [1789672418.711303171] [amcl]: initialPoseReceived[0m
[amcl-4] [0m[INFO] [1789672418.711481364] [amcl]: Setting pose (1789672418.711481): 5.070 0.121 2.357[0m
[localization_bootstrap-6] [0m[INFO] [1789672418.711932576] [localization_bootstrap]: seed 1/3: x=+5.070 y=+0.121 yaw=+135.0 deg -- awaiting confirmation[0m
[localization_bootstrap-6] [33m[WARN] [1789672418.712972588] [localization_bootstrap]: MEASURED SPAWN is 5.225 m / 135.0 deg from racer_common.frames.SPAWN_* -- OUTSIDE slam_toolbox's +-0.5 m seed search, so any run that falls back to it CANNOT recover and the offset is frozen for the whole run. This run is seeded and therefore fine; the FALLBACK is what is wrong.
[localization_bootstrap-6]     Paste into racer_common/frames.py so bootstrap:=false and bootstrap_mode:=global start somewhere real:
[localization_bootstrap-6]         SPAWN_X = '5.070'
[localization_bootstrap-6]         SPAWN_Y = '0.121'
[localization_bootstrap-6]         SPAWN_YAW = '2.3569'[0m
[amcl-4] [0m[INFO] [1789672418.761293388] [amcl]: Requesting no-motion update[0m
[log_localization-8] [0m[INFO] [1789672419.124759310] [log_localization]:  404.9 s  1753.6 m  err 2.596 m (along -2.594 cross +0.103) yaw  +0.56 deg  m->o yaw  +0.56 deg | fit true 0.010 est 0.226 (x23.56)  enc/true 1.016  dr_err 12.84 m[0m
[amcl-4] [0m[INFO] [1789672419.161571916] [amcl]: Requesting no-motion update[0m
[amcl-4] [0m[INFO] [1789672419.611237204] [amcl]: Requesting no-motion update[0m
[amcl-4] [0m[INFO] [1789672420.011277477] [amcl]: Requesting no-motion update[0m
[amcl-4] [0m[INFO] [1789672420.461539138] [amcl]: Requesting no-motion update[0m
[localization_bootstrap-6] [0m[INFO] [1789672420.611483188] [localization_bootstrap]: recovery #5: seed, attempt 1[0m
[localization_bootstrap-6] [0m[INFO] [1789672420.762561345] [localization_bootstrap]: recovery: seed CONFIRMED on attempt 1: the estimate is 16.6 cm / 2.5 deg from truth (pos std 0.154 m). Tracking is now lidar + map + dead reckoning only.[0m
[localization_bootstrap-6] [0m[INFO] [1789672420.764084769] [localization_bootstrap]: CHECKPOINT CANDIDATE (converged after reset): ('5.138', '0.272', '2.400')[0m
[localization_bootstrap-6] [33m[WARN] [1789672421.861213073] [localization_bootstrap]: RESET detected: heading stepped -14 deg in one tick[0m
[localization_bootstrap-6] [33m[WARN] [1789672421.863382332] [localization_bootstrap]: recovery #6: follower held; prior (+5.07, +0.12, +135 deg) -- checkpoint 0.1 m behind the last pose along the track[0m
[localization_bootstrap-6] [0m[INFO] [1789672421.913016955] [localization_bootstrap]: seed 1/3: x=+5.070 y=+0.121 yaw=+135.1 deg -- awaiting confirmation[0m
[amcl-4] [0m[INFO] [1789672421.914791007] [amcl]: initialPoseReceived[0m
[amcl-4] [0m[INFO] [1789672421.914900822] [amcl]: Setting pose (1789672421.914901): 5.072 0.119 2.358[0m
[localization_bootstrap-6] [0m[INFO] [1789672421.914786298] [localization_bootstrap]: not reporting a spawn constant: the car is moving at 0.1 m/s, so this pose is not the spawn[0m
[amcl-4] [0m[INFO] [1789672421.961456436] [amcl]: Requesting no-motion update[0m
[amcl-4] [0m[INFO] [1789672422.411104402] [amcl]: Requesting no-motion update[0m
[localization_bootstrap-6] [0m[INFO] [1789672422.613673347] [localization_bootstrap]: recovery #6: seed, attempt 1[0m
[amcl-4] [0m[INFO] [1789672422.811601378] [amcl]: Requesting no-motion update[0m
[amcl-4] [0m[INFO] [1789672423.261383784] [amcl]: Requesting no-motion update[0m
[localization_error-7] [0m[INFO] [1789672423.557038851] [localization_error]: now[200] 2.162 m / 3.20 deg  |  session[n=8133] mean 0.394 p95 0.959 max 2.933 m, heading mean 1.67 max 19.73 deg[0m
[amcl-4] [0m[INFO] [1789672423.711272740] [amcl]: Requesting no-motion update[0m
[localization_bootstrap-6] [0m[INFO] [1789672423.962542264] [localization_bootstrap]: recovery: seed CONFIRMED on attempt 1: the estimate is 15.3 cm / 2.7 deg from truth (pos std 0.135 m). Tracking is now lidar + map + dead reckoning only.[0m
[localization_bootstrap-6] [0m[INFO] [1789672423.964137211] [localization_bootstrap]: CHECKPOINT CANDIDATE (converged after reset): ('5.172', '0.235', '2.407')[0m
[log_localization-8] [0m[INFO] [1789672424.124402570] [log_localization]:  409.9 s  1756.7 m  err 2.497 m (along -2.496 cross +0.043) yaw  +2.71 deg  m->o yaw  +2.72 deg | fit true 0.010 est 0.197 (x19.67)  enc/true 1.016  dr_err 14.77 m[0m
[localization_bootstrap-6] [0m[INFO] [1789672424.613170759] [localization_bootstrap]: recovery #6: creep, attempt 1[0m
[localization_bootstrap-6] [33m[WARN] [1789672425.071787027] [localization_bootstrap]: RESET detected: heading stepped -14 deg in one tick[0m
[localization_bootstrap-6] [33m[WARN] [1789672425.114257225] [localization_bootstrap]: recovery #7: follower held; prior (+5.07, +0.12, +135 deg) -- checkpoint 0.0 m behind the last pose along the track[0m
[amcl-4] [0m[INFO] [1789672425.161420954] [amcl]: initialPoseReceived[0m
[amcl-4] [0m[INFO] [1789672425.161494963] [amcl]: Setting pose (1789672425.161495): 5.070 0.121 2.359[0m
[localization_bootstrap-6] [0m[INFO] [1789672425.161988063] [localization_bootstrap]: seed 1/3: x=+5.070 y=+0.121 yaw=+135.2 deg -- awaiting confirmation[0m
[localization_bootstrap-6] [33m[WARN] [1789672425.162727353] [localization_bootstrap]: MEASURED SPAWN is 5.225 m / 134.8 deg from racer_common.frames.SPAWN_* -- OUTSIDE slam_toolbox's +-0.5 m seed search, so any run that falls back to it CANNOT recover and the offset is frozen for the whole run. This run is seeded and therefore fine; the FALLBACK is what is wrong.
[localization_bootstrap-6]     Paste into racer_common/frames.py so bootstrap:=false and bootstrap_mode:=global start somewhere real:
[localization_bootstrap-6]         SPAWN_X = '5.070'
[localization_bootstrap-6]         SPAWN_Y = '0.121'
[localization_bootstrap-6]         SPAWN_YAW = '2.3590'[0m
[amcl-4] [0m[INFO] [1789672425.211247646] [amcl]: Requesting no-motion update[0m
[amcl-4] [0m[INFO] [1789672425.611605051] [amcl]: Requesting no-motion update[0m
[amcl-4] [0m[INFO] [1789672426.061751788] [amcl]: Requesting no-motion update[0m
[amcl-4] [0m[INFO] [1789672426.511359478] [amcl]: Requesting no-motion update[0m
[localization_bootstrap-6] [0m[INFO] [1789672426.612312837] [localization_bootstrap]: recovery #7: seed, attempt 1[0m
[amcl-4] [0m[INFO] [1789672426.911451999] [amcl]: Requesting no-motion update[0m
[localization_bootstrap-6] [0m[INFO] [1789672427.212229940] [localization_bootstrap]: recovery: seed CONFIRMED on attempt 1: the estimate is 16.1 cm / 2.7 deg from truth (pos std 0.127 m). Tracking is now lidar + map + dead reckoning only.[0m
[localization_bootstrap-6] [0m[INFO] [1789672427.213834646] [localization_bootstrap]: CHECKPOINT CANDIDATE (converged after reset): ('5.167', '0.250', '2.406')[0m
[localization_bootstrap-6] [33m[WARN] [1789672428.345123152] [localization_bootstrap]: RESET detected: heading stepped -15 deg in one tick[0m
[localization_bootstrap-6] [33m[WARN] [1789672428.362394807] [localization_bootstrap]: recovery #8: follower held; prior (+5.07, +0.12, +135 deg) -- checkpoint 0.0 m behind the last pose along the track[0m
[amcl-4] [0m[INFO] [1789672428.411660661] [amcl]: initialPoseReceived[0m
[amcl-4] [0m[INFO] [1789672428.411774734] [amcl]: Setting pose (1789672428.411775): 5.070 0.121 2.356[0m
[localization_bootstrap-6] [0m[INFO] [1789672428.412855522] [localization_bootstrap]: seed 1/3: x=+5.070 y=+0.121 yaw=+135.0 deg -- awaiting confirmation[0m
[localization_bootstrap-6] [33m[WARN] [1789672428.414848673] [localization_bootstrap]: MEASURED SPAWN is 5.225 m / 135.0 deg from racer_common.frames.SPAWN_* -- OUTSIDE slam_toolbox's +-0.5 m seed search, so any run that falls back to it CANNOT recover and the offset is frozen for the whole run. This run is seeded and therefore fine; the FALLBACK is what is wrong.
[localization_bootstrap-6]     Paste into racer_common/frames.py so bootstrap:=false and bootstrap_mode:=global start somewhere real:
[localization_bootstrap-6]         SPAWN_X = '5.070'
[localization_bootstrap-6]         SPAWN_Y = '0.121'
[localization_bootstrap-6]         SPAWN_YAW = '2.3556'[0m
[amcl-4] [0m[INFO] [1789672428.462045975] [amcl]: Requesting no-motion update[0m
[localization_error-7] [0m[INFO] [1789672428.555103193] [localization_error]: now[200] 2.128 m / 3.53 deg  |  session[n=8233] mean 0.416 p95 1.082 max 2.933 m, heading mean 1.70 max 19.73 deg[0m
[localization_bootstrap-6] [0m[INFO] [1789672428.613003146] [localization_bootstrap]: recovery #8: seed, attempt 1[0m
[amcl-4] [0m[INFO] [1789672428.911078942] [amcl]: Requesting no-motion update[0m
[log_localization-8] [0m[INFO] [1789672429.124802442] [log_localization]:  414.9 s  1762.8 m  err 2.574 m (along -2.573 cross +0.069) yaw  +0.75 deg  m->o yaw  +0.75 deg | fit true 0.010 est 0.220 (x22.87)  enc/true 1.014  dr_err 18.31 m[0m
[amcl-4] [0m[INFO] [1789672429.311609110] [amcl]: Requesting no-motion update[0m
[amcl-4] [0m[INFO] [1789672429.762150143] [amcl]: Requesting no-motion update[0m
[amcl-4] [0m[INFO] [1789672430.212422084] [amcl]: Requesting no-motion update[0m
[localization_bootstrap-6] [0m[INFO] [1789672430.462243734] [localization_bootstrap]: recovery: seed CONFIRMED on attempt 1: the estimate is 17.1 cm / 2.1 deg from truth (pos std 0.163 m). Tracking is now lidar + map + dead reckoning only.[0m
[localization_bootstrap-6] [0m[INFO] [1789672430.463687961] [localization_bootstrap]: CHECKPOINT CANDIDATE (converged after reset): ('5.140', '0.277', '2.392')[0m
[localization_bootstrap-6] [0m[INFO] [1789672430.612914571] [localization_bootstrap]: recovery #8: creep, attempt 1[0m
[localization_bootstrap-6] [33m[WARN] [1789672431.569685522] [localization_bootstrap]: RESET detected: heading stepped -13 deg in one tick[0m
[localization_bootstrap-6] [33m[WARN] [1789672431.612258311] [localization_bootstrap]: recovery #9: follower held; prior (+5.07, +0.12, +135 deg) -- checkpoint 0.1 m behind the last pose along the track[0m
[amcl-4] [0m[INFO] [1789672431.661678634] [amcl]: initialPoseReceived[0m
[amcl-4] [0m[INFO] [1789672431.661780854] [amcl]: Setting pose (1789672431.661781): 5.070 0.121 2.358[0m
[localization_bootstrap-6] [0m[INFO] [1789672431.663224439] [localization_bootstrap]: seed 1/3: x=+5.070 y=+0.121 yaw=+135.1 deg -- awaiting confirmation[0m
[localization_bootstrap-6] [33m[WARN] [1789672431.665106162] [localization_bootstrap]: MEASURED SPAWN is 5.225 m / 134.9 deg from racer_common.frames.SPAWN_* -- OUTSIDE slam_toolbox's +-0.5 m seed search, so any run that falls back to it CANNOT recover and the offset is frozen for the whole run. This run is seeded and therefore fine; the FALLBACK is what is wrong.
[localization_bootstrap-6]     Paste into racer_common/frames.py so bootstrap:=false and bootstrap_mode:=global start somewhere real:
[localization_bootstrap-6]         SPAWN_X = '5.070'
[localization_bootstrap-6]         SPAWN_Y = '0.121'
[localization_bootstrap-6]         SPAWN_YAW = '2.3579'[0m
[amcl-4] [0m[INFO] [1789672431.711106119] [amcl]: Requesting no-motion update[0m
[amcl-4] [0m[INFO] [1789672432.111355022] [amcl]: Requesting no-motion update[0m
[amcl-4] [0m[INFO] [1789672432.511408821] [amcl]: Requesting no-motion update[0m
[localization_bootstrap-6] [0m[INFO] [1789672432.612254228] [localization_bootstrap]: recovery #9: seed, attempt 1[0m
[amcl-4] [0m[INFO] [1789672432.911487956] [amcl]: Requesting no-motion update[0m
[amcl-4] [0m[INFO] [1789672433.361238524] [amcl]: Requesting no-motion update[0m
[localization_error-7] [0m[INFO] [1789672433.555728075] [localization_error]: now[200] 2.162 m / 3.27 deg  |  session[n=8333] mean 0.437 p95 2.131 max 2.933 m, heading mean 1.71 max 19.73 deg[0m
[localization_bootstrap-6] [0m[INFO] [1789672433.712159737] [localization_bootstrap]: recovery: seed CONFIRMED on attempt 1: the estimate is 16.8 cm / 2.1 deg from truth (pos std 0.138 m). Tracking is now lidar + map + dead reckoning only.[0m
[localization_bootstrap-6] [0m[INFO] [1789672433.713337746] [localization_bootstrap]: CHECKPOINT CANDIDATE (converged after reset): ('5.141', '0.273', '2.394')[0m
[log_localization-8] [0m[INFO] [1789672434.127493682] [log_localization]:  419.9 s  1766.1 m  err 2.149 m (along -2.149 cross +0.041) yaw  +2.06 deg  m->o yaw  +2.06 deg | fit true 0.011 est 0.129 (x12.13)  enc/true 1.014  dr_err 20.51 m[0m
[localization_bootstrap-6] [0m[INFO] [1789672434.611852969] [localization_bootstrap]: recovery #9: creep, attempt 1[0m
[localization_bootstrap-6] [33m[WARN] [1789672434.811606238] [localization_bootstrap]: RESET detected: heading stepped -15 deg in one tick[0m
[localization_bootstrap-6] [33m[WARN] [1789672434.813126566] [localization_bootstrap]: recovery #10: follower held; prior (+5.07, +0.12, +135 deg) -- checkpoint 0.1 m behind the last pose along the track[0m
[amcl-4] [0m[INFO] [1789672434.861348221] [amcl]: initialPoseReceived[0m
[amcl-4] [0m[INFO] [1789672434.861418803] [amcl]: Setting pose (1789672434.861419): 5.070 0.121 2.359[0m
[localization_bootstrap-6] [0m[INFO] [1789672434.862755057] [localization_bootstrap]: seed 1/3: x=+5.070 y=+0.121 yaw=+135.2 deg -- awaiting confirmation[0m
[localization_bootstrap-6] [0m[INFO] [1789672434.864195276] [localization_bootstrap]: not reporting a spawn constant: the car is moving at 0.1 m/s, so this pose is not the spawn[0m
[amcl-4] [0m[INFO] [1789672434.911141149] [amcl]: Requesting no-motion update[0m
[amcl-4] [0m[INFO] [1789672435.311500378] [amcl]: Requesting no-motion update[0m
[amcl-4] [0m[INFO] [1789672435.761285239] [amcl]: Requesting no-motion update[0m
[amcl-4] [0m[INFO] [1789672436.211628152] [amcl]: Requesting no-motion update[0m
[localization_bootstrap-6] [0m[INFO] [1789672436.612391966] [localization_bootstrap]: recovery #10: seed, attempt 1[0m
[amcl-4] [0m[INFO] [1789672436.661732429] [amcl]: Requesting no-motion update[0m
[localization_bootstrap-6] [0m[INFO] [1789672436.912485209] [localization_bootstrap]: recovery: seed CONFIRMED on attempt 1: the estimate is 20.1 cm / 2.2 deg from truth (pos std 0.170 m). Tracking is now lidar + map + dead reckoning only.[0m
[localization_bootstrap-6] [0m[INFO] [1789672436.914223744] [localization_bootstrap]: CHECKPOINT CANDIDATE (converged after reset): ('5.089', '0.321', '2.398')[0m
[localization_bootstrap-6] [33m[WARN] [1789672437.995207217] [localization_bootstrap]: RESET detected: heading stepped -15 deg in one tick[0m
[localization_bootstrap-6] [33m[WARN] [1789672438.014136175] [localization_bootstrap]: recovery #11: follower held; prior (+5.07, +0.12, +135 deg) -- checkpoint 0.1 m behind the last pose along the track[0m
[amcl-4] [0m[INFO] [1789672438.061530215] [amcl]: initialPoseReceived[0m
[amcl-4] [0m[INFO] [1789672438.061693921] [amcl]: Setting pose (1789672438.061694): 5.070 0.121 2.357[0m
[localization_bootstrap-6] [0m[INFO] [1789672438.062830072] [localization_bootstrap]: seed 1/3: x=+5.070 y=+0.121 yaw=+135.1 deg -- awaiting confirmation[0m
[localization_bootstrap-6] [33m[WARN] [1789672438.064572124] [localization_bootstrap]: MEASURED SPAWN is 5.225 m / 134.9 deg from racer_common.frames.SPAWN_* -- OUTSIDE slam_toolbox's +-0.5 m seed search, so any run that falls back to it CANNOT recover and the offset is frozen for the whole run. This run is seeded and therefore fine; the FALLBACK is what is wrong.
[localization_bootstrap-6]     Paste into racer_common/frames.py so bootstrap:=false and bootstrap_mode:=global start somewhere real:
[localization_bootstrap-6]         SPAWN_X = '5.070'
[localization_bootstrap-6]         SPAWN_Y = '0.121'
[localization_bootstrap-6]         SPAWN_YAW = '2.3575'[0m
[amcl-4] [0m[INFO] [1789672438.111549816] [amcl]: Requesting no-motion update[0m
[localization_error-7] [0m[INFO] [1789672438.555509192] [localization_error]: now[200] 2.074 m / 3.37 deg  |  session[n=8433] mean 0.455 p95 2.168 max 2.933 m, heading mean 1.74 max 19.73 deg[0m
[amcl-4] [0m[INFO] [1789672438.561615652] [amcl]: Requesting no-motion update[0m
[localization_bootstrap-6] [0m[INFO] [1789672438.613418863] [localization_bootstrap]: recovery #11: seed, attempt 1[0m
[amcl-4] [0m[INFO] [1789672439.011226909] [amcl]: Requesting no-motion update[0m
[log_localization-8] [0m[INFO] [1789672439.126001511] [log_localization]:  424.9 s  1772.0 m  err 2.577 m (along -2.577 cross +0.044) yaw  +2.29 deg  m->o yaw  +2.29 deg | fit true 0.009 est 0.209 (x22.31)  enc/true 1.012  dr_err 23.79 m[0m
[amcl-4] [0m[INFO] [1789672439.412066314] [amcl]: Requesting no-motion update[0m
[amcl-4] [0m[INFO] [1789672439.861457571] [amcl]: Requesting no-motion update[0m
[localization_bootstrap-6] [0m[INFO] [1789672440.111505844] [localization_bootstrap]: recovery: seed CONFIRMED on attempt 1: the estimate is 18.2 cm / 3.9 deg from truth (pos std 0.154 m). Tracking is now lidar + map + dead reckoning only.[0m
[localization_bootstrap-6] [0m[INFO] [1789672440.112376530] [localization_bootstrap]: CHECKPOINT CANDIDATE (converged after reset): ('5.153', '0.283', '2.426')[0m
[localization_bootstrap-6] [0m[INFO] [1789672440.612914883] [localization_bootstrap]: recovery #11: creep, attempt 1[0m
[localization_bootstrap-6] [33m[WARN] [1789672441.220918542] [localization_bootstrap]: RESET detected: heading stepped -14 deg in one tick[0m
[localization_bootstrap-6] [33m[WARN] [1789672441.262445228] [localization_bootstrap]: recovery #12: follower held; prior (+5.07, +0.12, +135 deg) -- checkpoint 0.1 m behind the last pose along the track[0m
[amcl-4] [0m[INFO] [1789672441.311622446] [amcl]: initialPoseReceived[0m
[amcl-4] [0m[INFO] [1789672441.311735267] [amcl]: Setting pose (1789672441.311735): 5.070 0.121 2.360[0m
[localization_bootstrap-6] [0m[INFO] [1789672441.311888894] [localization_bootstrap]: seed 1/3: x=+5.070 y=+0.121 yaw=+135.2 deg -- awaiting confirmation[0m
[localization_bootstrap-6] [33m[WARN] [1789672441.312681183] [localization_bootstrap]: MEASURED SPAWN is 5.225 m / 134.8 deg from racer_common.frames.SPAWN_* -- OUTSIDE slam_toolbox's +-0.5 m seed search, so any run that falls back to it CANNOT recover and the offset is frozen for the whole run. This run is seeded and therefore fine; the FALLBACK is what is wrong.
[localization_bootstrap-6]     Paste into racer_common/frames.py so bootstrap:=false and bootstrap_mode:=global start somewhere real:
[localization_bootstrap-6]         SPAWN_X = '5.070'
[localization_bootstrap-6]         SPAWN_Y = '0.121'
[localization_bootstrap-6]         SPAWN_YAW = '2.3596'[0m
[amcl-4] [0m[INFO] [1789672441.361744048] [amcl]: Requesting no-motion update[0m
[amcl-4] [0m[INFO] [1789672441.811213210] [amcl]: Requesting no-motion update[0m
[amcl-4] [0m[INFO] [1789672442.211721186] [amcl]: Requesting no-motion update[0m
[localization_bootstrap-6] [0m[INFO] [1789672442.611459576] [localization_bootstrap]: recovery #12: seed, attempt 1[0m
[amcl-4] [0m[INFO] [1789672442.661606395] [amcl]: Requesting no-motion update[0m
[amcl-4] [0m[INFO] [1789672443.061482872] [amcl]: Requesting no-motion update[0m
[localization_bootstrap-6] [0m[INFO] [1789672443.362091106] [localization_bootstrap]: recovery: seed CONFIRMED on attempt 1: the estimate is 17.5 cm / 3.2 deg from truth (pos std 0.155 m). Tracking is now lidar + map + dead reckoning only.[0m
[localization_bootstrap-6] [0m[INFO] [1789672443.363276449] [localization_bootstrap]: CHECKPOINT CANDIDATE (converged after reset): ('5.138', '0.282', '2.414')[0m
[localization_error-7] [0m[INFO] [1789672443.557609599] [localization_error]: now[200] 2.126 m / 3.36 deg  |  session[n=8533] mean 0.476 p95 2.332 max 2.933 m, heading mean 1.75 max 19.73 deg[0m
[log_localization-8] [0m[INFO] [1789672444.125501934] [log_localization]:  429.9 s  1776.0 m  err 2.119 m (along -2.110 cross +0.203) yaw  +6.19 deg  m->o yaw  +6.19 deg | fit true 0.010 est 0.121 (x11.67)  enc/true 1.012  dr_err 26.00 m[0m
[localization_bootstrap-6] [33m[WARN] [1789672444.474076687] [localization_bootstrap]: RESET detected: heading stepped -15 deg in one tick[0m
[localization_bootstrap-6] [33m[WARN] [1789672444.514260035] [localization_bootstrap]: recovery #13: follower held; prior (+5.07, +0.12, +135 deg) -- checkpoint 0.1 m behind the last pose along the track[0m
[amcl-4] [0m[INFO] [1789672444.561801680] [amcl]: initialPoseReceived[0m
[amcl-4] [0m[INFO] [1789672444.561904993] [amcl]: Setting pose (1789672444.561905): 5.070 0.121 2.358[0m
[localization_bootstrap-6] [0m[INFO] [1789672444.563547459] [localization_bootstrap]: seed 1/3: x=+5.070 y=+0.121 yaw=+135.1 deg -- awaiting confirmation[0m
[localization_bootstrap-6] [33m[WARN] [1789672444.565640617] [localization_bootstrap]: MEASURED SPAWN is 5.225 m / 134.9 deg from racer_common.frames.SPAWN_* -- OUTSIDE slam_toolbox's +-0.5 m seed search, so any run that falls back to it CANNOT recover and the offset is frozen for the whole run. This run is seeded and therefore fine; the FALLBACK is what is wrong.
[localization_bootstrap-6]     Paste into racer_common/frames.py so bootstrap:=false and bootstrap_mode:=global start somewhere real:
[localization_bootstrap-6]         SPAWN_X = '5.070'
[localization_bootstrap-6]         SPAWN_Y = '0.121'
[localization_bootstrap-6]         SPAWN_YAW = '2.3579'[0m
[amcl-4] [0m[INFO] [1789672444.611213948] [amcl]: Requesting no-motion update[0m
[localization_bootstrap-6] [0m[INFO] [1789672444.612008200] [localization_bootstrap]: recovery #13: seed, attempt 1[0m
[amcl-4] [0m[INFO] [1789672445.011322749] [amcl]: Requesting no-motion update[0m
[amcl-4] [0m[INFO] [1789672445.461416456] [amcl]: Requesting no-motion update[0m
[amcl-4] [0m[INFO] [1789672445.911416499] [amcl]: Requesting no-motion update[0m
[amcl-4] [0m[INFO] [1789672446.312172879] [amcl]: Requesting no-motion update[0m
[localization_bootstrap-6] [0m[INFO] [1789672446.612557676] [localization_bootstrap]: recovery: seed CONFIRMED on attempt 1: the estimate is 17.1 cm / 2.1 deg from truth (pos std 0.143 m). Tracking is now lidar + map + dead reckoning only.[0m
[localization_bootstrap-6] [0m[INFO] [1789672446.614173523] [localization_bootstrap]: CHECKPOINT CANDIDATE (converged after reset): ('5.125', '0.283', '2.395')[0m
[localization_bootstrap-6] [0m[INFO] [1789672446.615738184] [localization_bootstrap]: recovery #13: creep, attempt 1[0m
[localization_bootstrap-6] [33m[WARN] [1789672447.726744396] [localization_bootstrap]: RESET detected: heading stepped -14 deg in one tick[0m
[localization_bootstrap-6] [33m[WARN] [1789672447.763422220] [localization_bootstrap]: recovery #14: follower held; prior (+5.07, +0.12, +135 deg) -- checkpoint 0.1 m behind the last pose along the track[0m
[amcl-4] [0m[INFO] [1789672447.811416139] [amcl]: initialPoseReceived[0m
[amcl-4] [0m[INFO] [1789672447.811524502] [amcl]: Setting pose (1789672447.811524): 5.070 0.121 2.361[0m
[localization_bootstrap-6] [0m[INFO] [1789672447.812069379] [localization_bootstrap]: seed 1/3: x=+5.070 y=+0.121 yaw=+135.2 deg -- awaiting confirmation[0m
[localization_bootstrap-6] [33m[WARN] [1789672447.812924505] [localization_bootstrap]: MEASURED SPAWN is 5.225 m / 134.8 deg from racer_common.frames.SPAWN_* -- OUTSIDE slam_toolbox's +-0.5 m seed search, so any run that falls back to it CANNOT recover and the offset is frozen for the whole run. This run is seeded and therefore fine; the FALLBACK is what is wrong.
[localization_bootstrap-6]     Paste into racer_common/frames.py so bootstrap:=false and bootstrap_mode:=global start somewhere real:
[localization_bootstrap-6]         SPAWN_X = '5.070'
[localization_bootstrap-6]         SPAWN_Y = '0.121'
[localization_bootstrap-6]         SPAWN_YAW = '2.3605'[0m
[amcl-4] [0m[INFO] [1789672447.861947546] [amcl]: Requesting no-motion update[0m
[amcl-4] [0m[INFO] [1789672448.311467593] [amcl]: Requesting no-motion update[0m
[localization_error-7] [0m[INFO] [1789672448.557661030] [localization_error]: now[200] 2.127 m / 3.52 deg  |  session[n=8633] mean 0.494 p95 2.522 max 2.933 m, heading mean 1.78 max 19.73 deg[0m
[localization_bootstrap-6] [0m[INFO] [1789672448.612841216] [localization_bootstrap]: recovery #14: seed, attempt 1[0m
[amcl-4] [0m[INFO] [1789672448.761346760] [amcl]: Requesting no-motion update[0m
[log_localization-8] [0m[INFO] [1789672449.126289460] [log_localization]:  434.9 s  1781.1 m  err 2.547 m (along -2.546 cross +0.059) yaw  +1.67 deg  m->o yaw  +1.67 deg | fit true 0.009 est 0.211 (x22.29)  enc/true 1.010  dr_err 29.30 m[0m
[amcl-4] [0m[INFO] [1789672449.161795596] [amcl]: Requesting no-motion update[0m
[amcl-4] [0m[INFO] [1789672449.611492593] [amcl]: Requesting no-motion update[0m
[localization_bootstrap-6] [0m[INFO] [1789672449.863470940] [localization_bootstrap]: recovery: seed CONFIRMED on attempt 1: the estimate is 18.6 cm / 2.7 deg from truth (pos std 0.133 m). Tracking is now lidar + map + dead reckoning only.[0m
[localization_bootstrap-6] [0m[INFO] [1789672449.864942277] [localization_bootstrap]: CHECKPOINT CANDIDATE (converged after reset): ('5.117', '0.301', '2.407')[0m
[localization_bootstrap-6] [0m[INFO] [1789672450.612020203] [localization_bootstrap]: recovery #14: creep, attempt 1[0m
[localization_bootstrap-6] [33m[WARN] [1789672450.949358869] [localization_bootstrap]: RESET detected: heading stepped -14 deg in one tick[0m
[localization_bootstrap-6] [33m[WARN] [1789672450.962853202] [localization_bootstrap]: recovery #15: follower held; prior (+5.07, +0.12, +135 deg) -- checkpoint 0.1 m behind the last pose along the track[0m
[amcl-4] [0m[INFO] [1789672451.011496954] [amcl]: initialPoseReceived[0m
[amcl-4] [0m[INFO] [1789672451.011598173] [amcl]: Setting pose (1789672451.011598): 5.070 0.121 2.358[0m
[localization_bootstrap-6] [0m[INFO] [1789672451.012090713] [localization_bootstrap]: seed 1/3: x=+5.070 y=+0.121 yaw=+135.1 deg -- awaiting confirmation[0m
[localization_bootstrap-6] [33m[WARN] [1789672451.012873224] [localization_bootstrap]: MEASURED SPAWN is 5.225 m / 134.9 deg from racer_common.frames.SPAWN_* -- OUTSIDE slam_toolbox's +-0.5 m seed search, so any run that falls back to it CANNOT recover and the offset is frozen for the whole run. This run is seeded and therefore fine; the FALLBACK is what is wrong.
[localization_bootstrap-6]     Paste into racer_common/frames.py so bootstrap:=false and bootstrap_mode:=global start somewhere real:
[localization_bootstrap-6]         SPAWN_X = '5.070'
[localization_bootstrap-6]         SPAWN_Y = '0.121'
[localization_bootstrap-6]         SPAWN_YAW = '2.3584'[0m
[amcl-4] [0m[INFO] [1789672451.061244538] [amcl]: Requesting no-motion update[0m
[amcl-4] [0m[INFO] [1789672451.461368227] [amcl]: Requesting no-motion update[0m
[amcl-4] [0m[INFO] [1789672451.911269976] [amcl]: Requesting no-motion update[0m
[amcl-4] [0m[INFO] [1789672452.311379068] [amcl]: Requesting no-motion update[0m
[localization_bootstrap-6] [0m[INFO] [1789672452.612460015] [localization_bootstrap]: recovery #15: seed, attempt 1[0m
[amcl-4] [0m[INFO] [1789672452.761380413] [amcl]: Requesting no-motion update[0m
[localization_bootstrap-6] [0m[INFO] [1789672453.061649494] [localization_bootstrap]: recovery: seed CONFIRMED on attempt 1: the estimate is 16.0 cm / 2.2 deg from truth (pos std 0.152 m). Tracking is now lidar + map + dead reckoning only.[0m
[localization_bootstrap-6] [0m[INFO] [1789672453.062283408] [localization_bootstrap]: CHECKPOINT CANDIDATE (converged after reset): ('5.151', '0.259', '2.397')[0m
[localization_error-7] [0m[INFO] [1789672453.557171341] [localization_error]: now[200] 2.119 m / 3.28 deg  |  session[n=8733] mean 0.514 p95 2.544 max 2.933 m, heading mean 1.79 max 19.73 deg[0m
[log_localization-8] [0m[INFO] [1789672454.124375432] [log_localization]:  439.9 s  1785.7 m  err 2.225 m (along -2.094 cross +0.751) yaw +13.77 deg  m->o yaw +13.80 deg | fit true 0.022 est 0.073 (x3.37)  enc/true 1.010  dr_err 31.45 m[0m
[localization_bootstrap-6] [33m[WARN] [1789672454.150929175] [localization_bootstrap]: RESET detected: heading stepped -14 deg in one tick[0m
[localization_bootstrap-6] [33m[WARN] [1789672454.163176820] [localization_bootstrap]: recovery #16: follower held; prior (+5.07, +0.12, +135 deg) -- checkpoint 0.0 m behind the last pose along the track[0m
[amcl-4] [0m[INFO] [1789672454.211646628] [amcl]: initialPoseReceived[0m
[amcl-4] [0m[INFO] [1789672454.211737267] [amcl]: Setting pose (1789672454.211737): 5.070 0.121 2.359[0m
[localization_bootstrap-6] [0m[INFO] [1789672454.213099150] [localization_bootstrap]: seed 1/3: x=+5.070 y=+0.121 yaw=+135.1 deg -- awaiting confirmation[0m
[localization_bootstrap-6] [33m[WARN] [1789672454.215053428] [localization_bootstrap]: MEASURED SPAWN is 5.225 m / 134.9 deg from racer_common.frames.SPAWN_* -- OUTSIDE slam_toolbox's +-0.5 m seed search, so any run that falls back to it CANNOT recover and the offset is frozen for the whole run. This run is seeded and therefore fine; the FALLBACK is what is wrong.
[localization_bootstrap-6]     Paste into racer_common/frames.py so bootstrap:=false and bootstrap_mode:=global start somewhere real:
[localization_bootstrap-6]         SPAWN_X = '5.070'
[localization_bootstrap-6]         SPAWN_Y = '0.121'
[localization_bootstrap-6]         SPAWN_YAW = '2.3585'[0m
[amcl-4] [0m[INFO] [1789672454.261168951] [amcl]: Requesting no-motion update[0m
[localization_bootstrap-6] [0m[INFO] [1789672454.611543383] [localization_bootstrap]: recovery #16: seed, attempt 1[0m
[amcl-4] [0m[INFO] [1789672454.661379162] [amcl]: Requesting no-motion update[0m
[amcl-4] [0m[INFO] [1789672455.111283616] [amcl]: Requesting no-motion update[0m
[amcl-4] [0m[INFO] [1789672455.511391435] [amcl]: Requesting no-motion update[0m
[amcl-4] [0m[INFO] [1789672455.961278337] [amcl]: Requesting no-motion update[0m
[localization_bootstrap-6] [0m[INFO] [1789672456.262272471] [localization_bootstrap]: recovery: seed CONFIRMED on attempt 1: the estimate is 18.2 cm / 3.3 deg from truth (pos std 0.141 m). Tracking is now lidar + map + dead reckoning only.[0m
[localization_bootstrap-6] [0m[INFO] [1789672456.263571557] [localization_bootstrap]: CHECKPOINT CANDIDATE (converged after reset): ('5.136', '0.291', '2.415')[0m
[localization_bootstrap-6] [0m[INFO] [1789672456.612828262] [localization_bootstrap]: recovery #16: creep, attempt 1[0m
[localization_bootstrap-6] [33m[WARN] [1789672457.362123137] [localization_bootstrap]: RESET detected: heading stepped -14 deg in one tick[0m
[localization_bootstrap-6] [33m[WARN] [1789672457.363836997] [localization_bootstrap]: recovery #17: follower held; prior (+5.07, +0.12, +135 deg) -- checkpoint 0.1 m behind the last pose along the track[0m
[localization_bootstrap-6] [0m[INFO] [1789672457.413539466] [localization_bootstrap]: seed 1/3: x=+5.070 y=+0.121 yaw=+135.2 deg -- awaiting confirmation[0m
[localization_bootstrap-6] [0m[INFO] [1789672457.415154922] [localization_bootstrap]: not reporting a spawn constant: the car is moving at 0.1 m/s, so this pose is not the spawn[0m
[amcl-4] [0m[INFO] [1789672457.422727389] [amcl]: initialPoseReceived[0m
[amcl-4] [0m[INFO] [1789672457.422910611] [amcl]: Setting pose (1789672457.422910): 5.071 0.120 2.358[0m
[amcl-4] [0m[INFO] [1789672457.461271046] [amcl]: Requesting no-motion update[0m
[amcl-4] [0m[INFO] [1789672457.861653829] [amcl]: Requesting no-motion update[0m
[amcl-4] [0m[INFO] [1789672458.311889261] [amcl]: Requesting no-motion update[0m
[localization_error-7] [0m[INFO] [1789672458.555306556] [localization_error]: now[200] 2.150 m / 3.28 deg  |  session[n=8833] mean 0.531 p95 2.553 max 2.933 m, heading mean 1.81 max 19.73 deg[0m
[localization_bootstrap-6] [0m[INFO] [1789672458.612283926] [localization_bootstrap]: recovery #17: seed, attempt 1[0m
[amcl-4] [0m[INFO] [1789672458.761477154] [amcl]: Requesting no-motion update[0m
[log_localization-8] [0m[INFO] [1789672459.126354011] [log_localization]:  444.9 s  1790.3 m  err 2.512 m (along -2.512 cross +0.039) yaw  +1.58 deg  m->o yaw  +1.58 deg | fit true 0.010 est 0.207 (x21.75)  enc/true 1.008  dr_err 34.80 m[0m
[amcl-4] [0m[INFO] [1789672459.211268588] [amcl]: Requesting no-motion update[0m
[localization_bootstrap-6] [0m[INFO] [1789672459.461714885] [localization_bootstrap]: recovery: seed CONFIRMED on attempt 1: the estimate is 19.1 cm / 2.3 deg from truth (pos std 0.161 m). Tracking is now lidar + map + dead reckoning only.[0m
[localization_bootstrap-6] [0m[INFO] [1789672459.462317590] [localization_bootstrap]: CHECKPOINT CANDIDATE (converged after reset): ('5.115', '0.306', '2.399')[0m
[localization_bootstrap-6] [33m[WARN] [1789672460.552573163] [localization_bootstrap]: RESET detected: heading stepped -14 deg in one tick[0m
[localization_bootstrap-6] [33m[WARN] [1789672460.563075289] [localization_bootstrap]: recovery #18: follower held; prior (+5.07, +0.12, +135 deg) -- checkpoint 0.1 m behind the last pose along the track[0m
[localization_bootstrap-6] [0m[INFO] [1789672460.612384484] [localization_bootstrap]: seed 1/3: x=+5.070 y=+0.121 yaw=+135.2 deg -- awaiting confirmation[0m
[localization_bootstrap-6] [0m[INFO] [1789672460.613414177] [localization_bootstrap]: not reporting a spawn constant: the car is moving at 0.2 m/s, so this pose is not the spawn[0m
[localization_bootstrap-6] [0m[INFO] [1789672460.614624907] [localization_bootstrap]: recovery #18: seed, attempt 1[0m
[amcl-4] [0m[INFO] [1789672460.619039939] [amcl]: initialPoseReceived[0m
[amcl-4] [0m[INFO] [1789672460.619164161] [amcl]: Setting pose (1789672460.619164): 5.069 0.122 2.362[0m
[amcl-4] [0m[INFO] [1789672460.661218532] [amcl]: Requesting no-motion update[0m
[amcl-4] [0m[INFO] [1789672461.062118951] [amcl]: Requesting no-motion update[0m
[amcl-4] [0m[INFO] [1789672461.511353505] [amcl]: Requesting no-motion update[0m
[amcl-4] [0m[INFO] [1789672461.961485995] [amcl]: Requesting no-motion update[0m
[amcl-4] [0m[INFO] [1789672462.411451113] [amcl]: Requesting no-motion update[0m
[localization_bootstrap-6] [0m[INFO] [1789672462.613092797] [localization_bootstrap]: recovery: seed CONFIRMED on attempt 1: the estimate is 16.7 cm / 2.7 deg from truth (pos std 0.138 m). Tracking is now lidar + map + dead reckoning only.[0m
[localization_bootstrap-6] [0m[INFO] [1789672462.614593488] [localization_bootstrap]: CHECKPOINT CANDIDATE (converged after reset): ('5.155', '0.264', '2.411')[0m
[localization_bootstrap-6] [0m[INFO] [1789672462.616096605] [localization_bootstrap]: recovery #18: creep, attempt 1[0m
[localization_error-7] [0m[INFO] [1789672463.556997869] [localization_error]: now[200] 2.127 m / 3.39 deg  |  session[n=8933] mean 0.550 p95 2.558 max 2.933 m, heading mean 1.82 max 19.73 deg[0m
[localization_bootstrap-6] [33m[WARN] [1789672463.692886058] [localization_bootstrap]: RESET detected: heading stepped -15 deg in one tick[0m
[localization_bootstrap-6] [33m[WARN] [1789672463.711899153] [localization_bootstrap]: recovery #19: follower held; prior (+5.07, +0.12, +135 deg) -- checkpoint 0.1 m behind the last pose along the track[0m
[amcl-4] [0m[INFO] [1789672463.761737506] [amcl]: initialPoseReceived[0m
[amcl-4] [0m[INFO] [1789672463.761824759] [amcl]: Setting pose (1789672463.761825): 5.070 0.121 2.357[0m
[localization_bootstrap-6] [0m[INFO] [1789672463.763346159] [localization_bootstrap]: seed 1/3: x=+5.070 y=+0.121 yaw=+135.1 deg -- awaiting confirmation[0m
[localization_bootstrap-6] [33m[WARN] [1789672463.765158813] [localization_bootstrap]: MEASURED SPAWN is 5.225 m / 135.0 deg from racer_common.frames.SPAWN_* -- OUTSIDE slam_toolbox's +-0.5 m seed search, so any run that falls back to it CANNOT recover and the offset is frozen for the whole run. This run is seeded and therefore fine; the FALLBACK is what is wrong.
[localization_bootstrap-6]     Paste into racer_common/frames.py so bootstrap:=false and bootstrap_mode:=global start somewhere real:
[localization_bootstrap-6]         SPAWN_X = '5.070'
[localization_bootstrap-6]         SPAWN_Y = '0.121'
[localization_bootstrap-6]         SPAWN_YAW = '2.3571'[0m
[amcl-4] [0m[INFO] [1789672463.811430287] [amcl]: Requesting no-motion update[0m
[log_localization-8] [0m[INFO] [1789672464.125030816] [log_localization]:  449.9 s  1796.4 m  err 2.593 m (along -2.591 cross +0.103) yaw  +0.39 deg  m->o yaw  +0.39 deg | fit true 0.010 est 0.227 (x23.69)  enc/true 1.007  dr_err 38.42 m[0m
[amcl-4] [0m[INFO] [1789672464.211425256] [amcl]: Requesting no-motion update[0m
[amcl-4] [0m[INFO] [1789672464.611394767] [amcl]: Requesting no-motion update[0m
[localization_bootstrap-6] [0m[INFO] [1789672464.612754335] [localization_bootstrap]: recovery #19: seed, attempt 1[0m
[amcl-4] [0m[INFO] [1789672465.061188775] [amcl]: Requesting no-motion update[0m
[amcl-4] [0m[INFO] [1789672465.461657518] [amcl]: Requesting no-motion update[0m
[localization_bootstrap-6] [0m[INFO] [1789672465.811629349] [localization_bootstrap]: recovery: seed CONFIRMED on attempt 1: the estimate is 17.0 cm / 1.6 deg from truth (pos std 0.168 m). Tracking is now lidar + map + dead reckoning only.[0m
[localization_bootstrap-6] [0m[INFO] [1789672465.812295613] [localization_bootstrap]: CHECKPOINT CANDIDATE (converged after reset): ('5.138', '0.277', '2.386')[0m
[localization_bootstrap-6] [0m[INFO] [1789672466.613340449] [localization_bootstrap]: recovery #19: creep, attempt 1[0m
[localization_bootstrap-6] [33m[WARN] [1789672466.913894132] [localization_bootstrap]: RESET detected: heading stepped -14 deg in one tick[0m
[localization_bootstrap-6] [33m[WARN] [1789672466.963464835] [localization_bootstrap]: recovery #20: follower held; prior (+5.07, +0.12, +135 deg) -- checkpoint 0.1 m behind the last pose along the track[0m
[amcl-4] [0m[INFO] [1789672467.011254573] [amcl]: initialPoseReceived[0m
[amcl-4] [0m[INFO] [1789672467.011346755] [amcl]: Setting pose (1789672467.011347): 5.070 0.121 2.356[0m
[localization_bootstrap-6] [0m[INFO] [1789672467.011959429] [localization_bootstrap]: seed 1/3: x=+5.070 y=+0.121 yaw=+135.0 deg -- awaiting confirmation[0m
[localization_bootstrap-6] [33m[WARN] [1789672467.012840995] [localization_bootstrap]: MEASURED SPAWN is 5.225 m / 135.0 deg from racer_common.frames.SPAWN_* -- OUTSIDE slam_toolbox's +-0.5 m seed search, so any run that falls back to it CANNOT recover and the offset is frozen for the whole run. This run is seeded and therefore fine; the FALLBACK is what is wrong.
[localization_bootstrap-6]     Paste into racer_common/frames.py so bootstrap:=false and bootstrap_mode:=global start somewhere real:
[localization_bootstrap-6]         SPAWN_X = '5.070'
[localization_bootstrap-6]         SPAWN_Y = '0.121'
[localization_bootstrap-6]         SPAWN_YAW = '2.3564'[0m
[amcl-4] [0m[INFO] [1789672467.061168788] [amcl]: Requesting no-motion update[0m
[amcl-4] [0m[INFO] [1789672467.461394397] [amcl]: Requesting no-motion update[0m
[amcl-4] [0m[INFO] [1789672467.911224092] [amcl]: Requesting no-motion update[0m
[amcl-4] [0m[INFO] [1789672468.361210049] [amcl]: Requesting no-motion update[0m
[localization_error-7] [0m[INFO] [1789672468.555739735] [localization_error]: now[200] 2.151 m / 3.20 deg  |  session[n=9033] mean 0.567 p95 2.564 max 2.933 m, heading mean 1.84 max 19.73 deg[0m
[localization_bootstrap-6] [0m[INFO] [1789672468.611470218] [localization_bootstrap]: recovery #20: seed, attempt 1[0m
[amcl-4] [0m[INFO] [1789672468.761453752] [amcl]: Requesting no-motion update[0m
[localization_bootstrap-6] [0m[INFO] [1789672469.062755621] [localization_bootstrap]: recovery: seed CONFIRMED on attempt 1: the estimate is 17.1 cm / 3.5 deg from truth (pos std 0.161 m). Tracking is now lidar + map + dead reckoning only.[0m
[localization_bootstrap-6] [0m[INFO] [1789672469.064331693] [localization_bootstrap]: CHECKPOINT CANDIDATE (converged after reset): ('5.155', '0.269', '2.417')[0m
[log_localization-8] [0m[INFO] [1789672469.124738406] [log_localization]:  454.9 s  1799.4 m  err 2.554 m (along -2.554 cross +0.018) yaw  +3.48 deg  m->o yaw  +3.48 deg | fit true 0.010 est 0.199 (x20.78)  enc/true 1.006  dr_err 40.26 m[0m
[localization_bootstrap-6] [33m[WARN] [1789672470.171395425] [localization_bootstrap]: RESET detected: heading stepped -14 deg in one tick[0m
[localization_bootstrap-6] [33m[WARN] [1789672470.212102931] [localization_bootstrap]: recovery #21: follower held; prior (+5.07, +0.12, +135 deg) -- checkpoint 0.1 m behind the last pose along the track[0m
[amcl-4] [0m[INFO] [1789672470.261392119] [amcl]: initialPoseReceived[0m
[amcl-4] [0m[INFO] [1789672470.261464735] [amcl]: Setting pose (1789672470.261465): 5.070 0.121 2.357[0m
[localization_bootstrap-6] [0m[INFO] [1789672470.262791291] [localization_bootstrap]: seed 1/3: x=+5.070 y=+0.121 yaw=+135.0 deg -- awaiting confirmation[0m
[localization_bootstrap-6] [33m[WARN] [1789672470.264607983] [localization_bootstrap]: MEASURED SPAWN is 5.225 m / 135.0 deg from racer_common.frames.SPAWN_* -- OUTSIDE slam_toolbox's +-0.5 m seed search, so any run that falls back to it CANNOT recover and the offset is frozen for the whole run. This run is seeded and therefore fine; the FALLBACK is what is wrong.
[localization_bootstrap-6]     Paste into racer_common/frames.py so bootstrap:=false and bootstrap_mode:=global start somewhere real:
[localization_bootstrap-6]         SPAWN_X = '5.070'
[localization_bootstrap-6]         SPAWN_Y = '0.121'
[localization_bootstrap-6]         SPAWN_YAW = '2.3565'[0m
[amcl-4] [0m[INFO] [1789672470.311881918] [amcl]: Requesting no-motion update[0m
[localization_bootstrap-6] [0m[INFO] [1789672470.611845649] [localization_bootstrap]: recovery #21: seed, attempt 1[0m
[amcl-4] [0m[INFO] [1789672470.761148211] [amcl]: Requesting no-motion update[0m
[amcl-4] [0m[INFO] [1789672471.211278578] [amcl]: Requesting no-motion update[0m
[amcl-4] [0m[INFO] [1789672471.661914337] [amcl]: Requesting no-motion update[0m
[amcl-4] [0m[INFO] [1789672472.111214634] [amcl]: Requesting no-motion update[0m
[localization_bootstrap-6] [0m[INFO] [1789672472.312374839] [localization_bootstrap]: recovery: seed CONFIRMED on attempt 1: the estimate is 18.8 cm / 3.0 deg from truth (pos std 0.178 m). Tracking is now lidar + map + dead reckoning only.[0m
[localization_bootstrap-6] [0m[INFO] [1789672472.313939891] [localization_bootstrap]: CHECKPOINT CANDIDATE (converged after reset): ('5.140', '0.296', '2.409')[0m
[localization_bootstrap-6] [0m[INFO] [1789672472.612229777] [localization_bootstrap]: recovery #21: creep, attempt 1[0m
[localization_bootstrap-6] [33m[WARN] [1789672473.411384965] [localization_bootstrap]: RESET detected: heading stepped -13 deg in one tick[0m
[localization_bootstrap-6] [33m[WARN] [1789672473.413807428] [localization_bootstrap]: recovery #22: follower held; prior (+5.07, +0.12, +135 deg) -- checkpoint 0.1 m behind the last pose along the track[0m
[localization_bootstrap-6] [0m[INFO] [1789672473.462558741] [localization_bootstrap]: seed 1/3: x=+5.070 y=+0.121 yaw=+135.2 deg -- awaiting confirmation[0m
[localization_bootstrap-6] [0m[INFO] [1789672473.463613050] [localization_bootstrap]: not reporting a spawn constant: the car is moving at 0.3 m/s, so this pose is not the spawn[0m
[amcl-4] [0m[INFO] [1789672473.466464092] [amcl]: initialPoseReceived[0m
[amcl-4] [0m[INFO] [1789672473.466562817] [amcl]: Setting pose (1789672473.466563): 5.075 0.116 2.359[0m
[amcl-4] [0m[INFO] [1789672473.511258228] [amcl]: Requesting no-motion update[0m
[localization_error-7] [0m[INFO] [1789672473.556652284] [localization_error]: now[200] 2.115 m / 3.58 deg  |  session[n=9133] mean 0.584 p95 2.566 max 2.933 m, heading mean 1.86 max 19.73 deg[0m
[amcl-4] [0m[INFO] [1789672473.911886990] [amcl]: Requesting no-motion update[0m
[log_localization-8] [0m[INFO] [1789672474.127848237] [log_localization]:  460.0 s  1805.4 m  err 2.611 m (along -2.610 cross +0.068) yaw  +0.82 deg  m->o yaw  +0.82 deg | fit true 0.010 est 0.222 (x23.38)  enc/true 1.005  dr_err 43.94 m[0m
[amcl-4] [0m[INFO] [1789672474.361421815] [amcl]: Requesting no-motion update[0m
[localization_bootstrap-6] [0m[INFO] [1789672474.612603344] [localization_bootstrap]: recovery #22: seed, attempt 1[0m
[amcl-4] [0m[INFO] [1789672474.761451638] [amcl]: Requesting no-motion update[0m
[amcl-4] [0m[INFO] [1789672475.211352666] [amcl]: Requesting no-motion update[0m
[localization_bootstrap-6] [0m[INFO] [1789672475.512313569] [localization_bootstrap]: recovery: seed CONFIRMED on attempt 1: the estimate is 16.1 cm / 2.3 deg from truth (pos std 0.129 m). Tracking is now lidar + map + dead reckoning only.[0m
[localization_bootstrap-6] [0m[INFO] [1789672475.513373508] [localization_bootstrap]: CHECKPOINT CANDIDATE (converged after reset): ('5.157', '0.256', '2.399')[0m
[localization_bootstrap-6] [0m[INFO] [1789672476.612637919] [localization_bootstrap]: recovery #22: creep, attempt 1[0m
[localization_bootstrap-6] [33m[WARN] [1789672476.643486690] [localization_bootstrap]: RESET detected: heading stepped -13 deg in one tick[0m
[localization_bootstrap-6] [33m[WARN] [1789672476.662891878] [localization_bootstrap]: recovery #23: follower held; prior (+5.07, +0.12, +135 deg) -- checkpoint 0.0 m behind the last pose along the track[0m
[amcl-4] [0m[INFO] [1789672476.712214678] [amcl]: initialPoseReceived[0m
[amcl-4] [0m[INFO] [1789672476.712320927] [amcl]: Setting pose (1789672476.712321): 5.071 0.120 2.360[0m
[localization_bootstrap-6] [0m[INFO] [1789672476.713006907] [localization_bootstrap]: seed 1/3: x=+5.070 y=+0.121 yaw=+135.2 deg -- awaiting confirmation[0m
[localization_bootstrap-6] [33m[WARN] [1789672476.714327483] [localization_bootstrap]: MEASURED SPAWN is 5.225 m / 134.8 deg from racer_common.frames.SPAWN_* -- OUTSIDE slam_toolbox's +-0.5 m seed search, so any run that falls back to it CANNOT recover and the offset is frozen for the whole run. This run is seeded and therefore fine; the FALLBACK is what is wrong.
[localization_bootstrap-6]     Paste into racer_common/frames.py so bootstrap:=false and bootstrap_mode:=global start somewhere real:
[localization_bootstrap-6]         SPAWN_X = '5.070'
[localization_bootstrap-6]         SPAWN_Y = '0.121'
[localization_bootstrap-6]         SPAWN_YAW = '2.3599'[0m
[amcl-4] [0m[INFO] [1789672476.761355008] [amcl]: Requesting no-motion update[0m
[amcl-4] [0m[INFO] [1789672477.161319860] [amcl]: Requesting no-motion update[0m
[amcl-4] [0m[INFO] [1789672477.611517963] [amcl]: Requesting no-motion update[0m
[amcl-4] [0m[INFO] [1789672478.011318569] [amcl]: Requesting no-motion update[0m
[amcl-4] [0m[INFO] [1789672478.461277765] [amcl]: Requesting no-motion update[0m
[localization_error-7] [0m[INFO] [1789672478.555775483] [localization_error]: now[200] 2.151 m / 3.52 deg  |  session[n=9233] mean 0.601 p95 2.568 max 2.933 m, heading mean 1.88 max 19.73 deg[0m
[localization_bootstrap-6] [0m[INFO] [1789672478.612006430] [localization_bootstrap]: recovery #23: seed, attempt 1[0m
[localization_bootstrap-6] [0m[INFO] [1789672478.762374652] [localization_bootstrap]: recovery: seed CONFIRMED on attempt 1: the estimate is 17.9 cm / 3.7 deg from truth (pos std 0.150 m). Tracking is now lidar + map + dead reckoning only.[0m
[localization_bootstrap-6] [0m[INFO] [1789672478.763644703] [localization_bootstrap]: CHECKPOINT CANDIDATE (converged after reset): ('5.145', '0.284', '2.425')[0m
[log_localization-8] [0m[INFO] [1789672479.124835378] [log_localization]:  464.9 s  1808.7 m  err 2.192 m (along -2.191 cross +0.045) yaw  +3.58 deg  m->o yaw  +3.58 deg | fit true 0.009 est 0.132 (x14.11)  enc/true 1.004  dr_err 46.17 m[0m
[localization_bootstrap-6] [33m[WARN] [1789672479.864544477] [localization_bootstrap]: RESET detected: heading stepped -14 deg in one tick[0m
[localization_bootstrap-6] [33m[WARN] [1789672479.912194896] [localization_bootstrap]: recovery #24: follower held; prior (+5.07, +0.12, +135 deg) -- checkpoint 0.1 m behind the last pose along the track[0m
[amcl-4] [0m[INFO] [1789672479.961342910] [amcl]: initialPoseReceived[0m
[amcl-4] [0m[INFO] [1789672479.961423871] [amcl]: Setting pose (1789672479.961424): 5.070 0.121 2.359[0m
[localization_bootstrap-6] [0m[INFO] [1789672479.962056983] [localization_bootstrap]: seed 1/3: x=+5.070 y=+0.121 yaw=+135.2 deg -- awaiting confirmation[0m
[localization_bootstrap-6] [33m[WARN] [1789672479.962997689] [localization_bootstrap]: MEASURED SPAWN is 5.225 m / 134.8 deg from racer_common.frames.SPAWN_* -- OUTSIDE slam_toolbox's +-0.5 m seed search, so any run that falls back to it CANNOT recover and the offset is frozen for the whole run. This run is seeded and therefore fine; the FALLBACK is what is wrong.
[localization_bootstrap-6]     Paste into racer_common/frames.py so bootstrap:=false and bootstrap_mode:=global start somewhere real:
[localization_bootstrap-6]         SPAWN_X = '5.070'
[localization_bootstrap-6]         SPAWN_Y = '0.121'
[localization_bootstrap-6]         SPAWN_YAW = '2.3590'[0m
[amcl-4] [0m[INFO] [1789672480.011280388] [amcl]: Requesting no-motion update[0m
[amcl-4] [0m[INFO] [1789672480.461267376] [amcl]: Requesting no-motion update[0m
[localization_bootstrap-6] [0m[INFO] [1789672480.611904290] [localization_bootstrap]: recovery #24: seed, attempt 1[0m
[amcl-4] [0m[INFO] [1789672480.911682354] [amcl]: Requesting no-motion update[0m
[amcl-4] [0m[INFO] [1789672481.361914360] [amcl]: Requesting no-motion update[0m
[amcl-4] [0m[INFO] [1789672481.811648386] [amcl]: Requesting no-motion update[0m
[localization_bootstrap-6] [0m[INFO] [1789672482.011672580] [localization_bootstrap]: recovery: seed CONFIRMED on attempt 1: the estimate is 18.7 cm / 2.3 deg from truth (pos std 0.172 m). Tracking is now lidar + map + dead reckoning only.[0m
[localization_bootstrap-6] [0m[INFO] [1789672482.012986744] [localization_bootstrap]: CHECKPOINT CANDIDATE (converged after reset): ('5.118', '0.301', '2.398')[0m
[localization_bootstrap-6] [0m[INFO] [1789672482.612048499] [localization_bootstrap]: recovery #24: creep, attempt 1[0m
[localization_bootstrap-6] [33m[WARN] [1789672483.127990929] [localization_bootstrap]: RESET detected: heading stepped -14 deg in one tick[0m
[localization_bootstrap-6] [33m[WARN] [1789672483.162541642] [localization_bootstrap]: recovery #25: follower held; prior (+5.07, +0.12, +135 deg) -- checkpoint 0.1 m behind the last pose along the track[0m
[amcl-4] [0m[INFO] [1789672483.211513407] [amcl]: initialPoseReceived[0m
[amcl-4] [0m[INFO] [1789672483.211679928] [amcl]: Setting pose (1789672483.211680): 5.070 0.121 2.357[0m
[localization_bootstrap-6] [0m[INFO] [1789672483.212432403] [localization_bootstrap]: seed 1/3: x=+5.070 y=+0.121 yaw=+135.1 deg -- awaiting confirmation[0m
[localization_bootstrap-6] [33m[WARN] [1789672483.213427010] [localization_bootstrap]: MEASURED SPAWN is 5.225 m / 135.0 deg from racer_common.frames.SPAWN_* -- OUTSIDE slam_toolbox's +-0.5 m seed search, so any run that falls back to it CANNOT recover and the offset is frozen for the whole run. This run is seeded and therefore fine; the FALLBACK is what is wrong.
[localization_bootstrap-6]     Paste into racer_common/frames.py so bootstrap:=false and bootstrap_mode:=global start somewhere real:
[localization_bootstrap-6]         SPAWN_X = '5.070'
[localization_bootstrap-6]         SPAWN_Y = '0.121'
[localization_bootstrap-6]         SPAWN_YAW = '2.3571'[0m
[amcl-4] [0m[INFO] [1789672483.261344847] [amcl]: Requesting no-motion update[0m
[localization_error-7] [0m[INFO] [1789672483.559523926] [localization_error]: now[200] 2.095 m / 3.69 deg  |  session[n=9333] mean 0.617 p95 2.569 max 2.933 m, heading mean 1.90 max 19.73 deg[0m
[amcl-4] [0m[INFO] [1789672483.711243501] [amcl]: Requesting no-motion update[0m
[amcl-4] [0m[INFO] [1789672484.111417634] [amcl]: Requesting no-motion update[0m
[log_localization-8] [0m[INFO] [1789672484.126764765] [log_localization]:  469.9 s  1814.6 m  err 2.594 m (along -2.593 cross +0.078) yaw  +0.49 deg  m->o yaw  +0.49 deg | fit true 0.009 est 0.224 (x23.68)  enc/true 1.003  dr_err 49.51 m[0m
[amcl-4] [0m[INFO] [1789672484.561205180] [amcl]: Requesting no-motion update[0m
[localization_bootstrap-6] [0m[INFO] [1789672484.612158024] [localization_bootstrap]: recovery #25: seed, attempt 1[0m
[amcl-4] [0m[INFO] [1789672485.011201205] [amcl]: Requesting no-motion update[0m
[localization_bootstrap-6] [0m[INFO] [1789672485.262202729] [localization_bootstrap]: recovery: seed CONFIRMED on attempt 1: the estimate is 16.9 cm / 1.7 deg from truth (pos std 0.149 m). Tracking is now lidar + map + dead reckoning only.[0m
[localization_bootstrap-6] [0m[INFO] [1789672485.263376200] [localization_bootstrap]: CHECKPOINT CANDIDATE (converged after reset): ('5.139', '0.276', '2.387')[0m
[localization_bootstrap-6] [33m[WARN] [1789672486.386167854] [localization_bootstrap]: RESET detected: heading stepped -14 deg in one tick[0m
[localization_bootstrap-6] [33m[WARN] [1789672486.412802748] [localization_bootstrap]: recovery #26: follower held; prior (+5.07, +0.12, +135 deg) -- checkpoint 0.1 m behind the last pose along the track[0m
[amcl-4] [0m[INFO] [1789672486.461657856] [amcl]: initialPoseReceived[0m
[amcl-4] [0m[INFO] [1789672486.461876324] [amcl]: Setting pose (1789672486.461876): 5.070 0.121 2.359[0m
[localization_bootstrap-6] [0m[INFO] [1789672486.462519605] [localization_bootstrap]: seed 1/3: x=+5.070 y=+0.121 yaw=+135.2 deg -- awaiting confirmation[0m
[localization_bootstrap-6] [33m[WARN] [1789672486.463580996] [localization_bootstrap]: MEASURED SPAWN is 5.225 m / 134.8 deg from racer_common.frames.SPAWN_* -- OUTSIDE slam_toolbox's +-0.5 m seed search, so any run that falls back to it CANNOT recover and the offset is frozen for the whole run. This run is seeded and therefore fine; the FALLBACK is what is wrong.
[localization_bootstrap-6]     Paste into racer_common/frames.py so bootstrap:=false and bootstrap_mode:=global start somewhere real:
[localization_bootstrap-6]         SPAWN_X = '5.070'
[localization_bootstrap-6]         SPAWN_Y = '0.121'
[localization_bootstrap-6]         SPAWN_YAW = '2.3595'[0m
[amcl-4] [0m[INFO] [1789672486.511123894] [amcl]: Requesting no-motion update[0m
[localization_bootstrap-6] [0m[INFO] [1789672486.612165798] [localization_bootstrap]: recovery #26: seed, attempt 1[0m
[amcl-4] [0m[INFO] [1789672486.911181810] [amcl]: Requesting no-motion update[0m
[amcl-4] [0m[INFO] [1789672487.311328692] [amcl]: Requesting no-motion update[0m
[amcl-4] [0m[INFO] [1789672487.761437748] [amcl]: Requesting no-motion update[0m
[amcl-4] [0m[INFO] [1789672488.212242133] [amcl]: Requesting no-motion update[0m
[localization_bootstrap-6] [0m[INFO] [1789672488.512394256] [localization_bootstrap]: recovery: seed CONFIRMED on attempt 1: the estimate is 19.7 cm / 2.6 deg from truth (pos std 0.191 m). Tracking is now lidar + map + dead reckoning only.[0m
[localization_bootstrap-6] [0m[INFO] [1789672488.513332026] [localization_bootstrap]: CHECKPOINT CANDIDATE (converged after reset): ('5.100', '0.316', '2.405')[0m
[localization_error-7] [0m[INFO] [1789672488.555376579] [localization_error]: now[200] 2.140 m / 3.15 deg  |  session[n=9433] mean 0.634 p95 2.573 max 2.933 m, heading mean 1.90 max 19.73 deg[0m
[localization_bootstrap-6] [0m[INFO] [1789672488.612223386] [localization_bootstrap]: recovery #26: creep, attempt 1[0m
[log_localization-8] [0m[INFO] [1789672489.125148363] [log_localization]:  474.9 s  1818.4 m  err 2.028 m (along -2.027 cross +0.075) yaw  +3.80 deg  m->o yaw  +3.85 deg | fit true 0.013 est 0.122 (x9.44)  enc/true 1.002  dr_err 51.72 m[0m
[localization_bootstrap-6] [33m[WARN] [1789672489.606599502] [localization_bootstrap]: RESET detected: heading stepped -14 deg in one tick[0m
[localization_bootstrap-6] [33m[WARN] [1789672489.612316946] [localization_bootstrap]: recovery #27: follower held; prior (+5.07, +0.12, +135 deg) -- checkpoint 0.1 m behind the last pose along the track[0m
[amcl-4] [0m[INFO] [1789672489.661442448] [amcl]: initialPoseReceived[0m
[amcl-4] [0m[INFO] [1789672489.661562602] [amcl]: Setting pose (1789672489.661562): 5.070 0.121 2.362[0m
[localization_bootstrap-6] [0m[INFO] [1789672489.662168974] [localization_bootstrap]: seed 1/3: x=+5.070 y=+0.121 yaw=+135.3 deg -- awaiting confirmation[0m
[localization_bootstrap-6] [0m[INFO] [1789672489.663045260] [localization_bootstrap]: not reporting a spawn constant: the car is moving at 0.2 m/s, so this pose is not the spawn[0m
[amcl-4] [0m[INFO] [1789672489.711267847] [amcl]: Requesting no-motion update[0m
[amcl-4] [0m[INFO] [1789672490.161248293] [amcl]: Requesting no-motion update[0m
[amcl-4] [0m[INFO] [1789672490.561401397] [amcl]: Requesting no-motion update[0m
[localization_bootstrap-6] [0m[INFO] [1789672490.611950847] [localization_bootstrap]: recovery #27: seed, attempt 1[0m
[amcl-4] [0m[INFO] [1789672491.011700568] [amcl]: Requesting no-motion update[0m
[amcl-4] [0m[INFO] [1789672491.461505948] [amcl]: Requesting no-motion update[0m
[localization_bootstrap-6] [0m[INFO] [1789672491.712888362] [localization_bootstrap]: recovery: seed CONFIRMED on attempt 1: the estimate is 17.3 cm / 2.4 deg from truth (pos std 0.126 m). Tracking is now lidar + map + dead reckoning only.[0m
[localization_bootstrap-6] [0m[INFO] [1789672491.714311359] [localization_bootstrap]: CHECKPOINT CANDIDATE (converged after reset): ('5.144', '0.277', '2.404')[0m
[localization_bootstrap-6] [0m[INFO] [1789672492.612425574] [localization_bootstrap]: recovery #27: creep, attempt 1[0m
[localization_bootstrap-6] [33m[WARN] [1789672492.779404025] [localization_bootstrap]: RESET detected: heading stepped -14 deg in one tick[0m
[localization_bootstrap-6] [33m[WARN] [1789672492.812757252] [localization_bootstrap]: recovery #28: follower held; prior (+5.07, +0.12, +135 deg) -- checkpoint 0.1 m behind the last pose along the track[0m
[amcl-4] [0m[INFO] [1789672492.861447502] [amcl]: initialPoseReceived[0m
[amcl-4] [0m[INFO] [1789672492.861548039] [amcl]: Setting pose (1789672492.861548): 5.070 0.121 2.357[0m
[localization_bootstrap-6] [0m[INFO] [1789672492.862014089] [localization_bootstrap]: seed 1/3: x=+5.070 y=+0.121 yaw=+135.0 deg -- awaiting confirmation[0m
[localization_bootstrap-6] [33m[WARN] [1789672492.862905924] [localization_bootstrap]: MEASURED SPAWN is 5.225 m / 135.0 deg from racer_common.frames.SPAWN_* -- OUTSIDE slam_toolbox's +-0.5 m seed search, so any run that falls back to it CANNOT recover and the offset is frozen for the whole run. This run is seeded and therefore fine; the FALLBACK is what is wrong.
[localization_bootstrap-6]     Paste into racer_common/frames.py so bootstrap:=false and bootstrap_mode:=global start somewhere real:
[localization_bootstrap-6]         SPAWN_X = '5.070'
[localization_bootstrap-6]         SPAWN_Y = '0.121'
[localization_bootstrap-6]         SPAWN_YAW = '2.3570'[0m
[amcl-4] [0m[INFO] [1789672492.911085911] [amcl]: Requesting no-motion update[0m
[amcl-4] [0m[INFO] [1789672493.311437977] [amcl]: Requesting no-motion update[0m
[localization_error-7] [0m[INFO] [1789672493.558561120] [localization_error]: now[200] 2.124 m / 2.94 deg  |  session[n=9533] mean 0.648 p95 2.574 max 2.933 m, heading mean 1.92 max 19.73 deg[0m
[amcl-4] [0m[INFO] [1789672493.712052272] [amcl]: Requesting no-motion update[0m
[log_localization-8] [0m[INFO] [1789672494.125983027] [log_localization]:  479.9 s  1823.8 m  err 2.577 m (along -2.577 cross +0.047) yaw  +1.09 deg  m->o yaw  +1.09 deg | fit true 0.010 est 0.217 (x22.68)  enc/true 1.001  dr_err 55.01 m[0m
[amcl-4] [0m[INFO] [1789672494.161226222] [amcl]: Requesting no-motion update[0m
[amcl-4] [0m[INFO] [1789672494.561422717] [amcl]: Requesting no-motion update[0m
[localization_bootstrap-6] [0m[INFO] [1789672494.611664734] [localization_bootstrap]: recovery #28: seed, attempt 1[0m
[localization_bootstrap-6] [0m[INFO] [1789672494.912935134] [localization_bootstrap]: recovery: seed CONFIRMED on attempt 1: the estimate is 16.1 cm / 1.8 deg from truth (pos std 0.133 m). Tracking is now lidar + map + dead reckoning only.[0m
[localization_bootstrap-6] [0m[INFO] [1789672494.914882379] [localization_bootstrap]: CHECKPOINT CANDIDATE (converged after reset): ('5.157', '0.256', '2.388')[0m
[localization_bootstrap-6] [33m[WARN] [1789672496.012108075] [localization_bootstrap]: RESET detected: heading stepped -14 deg in one tick[0m
[localization_bootstrap-6] [33m[WARN] [1789672496.014109922] [localization_bootstrap]: recovery #29: follower held; prior (+5.07, +0.12, +135 deg) -- checkpoint 0.0 m behind the last pose along the track[0m
[amcl-4] [0m[INFO] [1789672496.061325538] [amcl]: initialPoseReceived[0m
[amcl-4] [0m[INFO] [1789672496.061418492] [amcl]: Setting pose (1789672496.061418): 5.070 0.121 2.359[0m
[localization_bootstrap-6] [0m[INFO] [1789672496.062023461] [localization_bootstrap]: seed 1/3: x=+5.070 y=+0.121 yaw=+135.1 deg -- awaiting confirmation[0m
[localization_bootstrap-6] [33m[WARN] [1789672496.062982371] [localization_bootstrap]: MEASURED SPAWN is 5.225 m / 134.9 deg from racer_common.frames.SPAWN_* -- OUTSIDE slam_toolbox's +-0.5 m seed search, so any run that falls back to it CANNOT recover and the offset is frozen for the whole run. This run is seeded and therefore fine; the FALLBACK is what is wrong.
[localization_bootstrap-6]     Paste into racer_common/frames.py so bootstrap:=false and bootstrap_mode:=global start somewhere real:
[localization_bootstrap-6]         SPAWN_X = '5.070'
[localization_bootstrap-6]         SPAWN_Y = '0.121'
[localization_bootstrap-6]         SPAWN_YAW = '2.3585'[0m
[amcl-4] [0m[INFO] [1789672496.111592391] [amcl]: Requesting no-motion update[0m
[amcl-4] [0m[INFO] [1789672496.561722547] [amcl]: Requesting no-motion update[0m
[localization_bootstrap-6] [0m[INFO] [1789672496.612104445] [localization_bootstrap]: recovery #29: seed, attempt 1[0m
[amcl-4] [0m[INFO] [1789672497.011784015] [amcl]: Requesting no-motion update[0m
[amcl-4] [0m[INFO] [1789672497.461320382] [amcl]: Requesting no-motion update[0m
[amcl-4] [0m[INFO] [1789672497.862252490] [amcl]: Requesting no-motion update[0m
[localization_bootstrap-6] [0m[INFO] [1789672498.111868537] [localization_bootstrap]: recovery: seed CONFIRMED on attempt 1: the estimate is 17.4 cm / 1.6 deg from truth (pos std 0.140 m). Tracking is now lidar + map + dead reckoning only.[0m
[localization_bootstrap-6] [0m[INFO] [1789672498.113009557] [localization_bootstrap]: CHECKPOINT CANDIDATE (converged after reset): ('5.132', '0.283', '2.386')[0m
[localization_error-7] [0m[INFO] [1789672498.555147552] [localization_error]: now[200] 2.137 m / 2.78 deg  |  session[n=9633] mean 0.665 p95 2.577 max 2.933 m, heading mean 1.92 max 19.73 deg[0m
[localization_bootstrap-6] [0m[INFO] [1789672498.612278440] [localization_bootstrap]: recovery #29: creep, attempt 1[0m
[log_localization-8] [0m[INFO] [1789672499.125036044] [log_localization]:  484.9 s  1828.3 m  err 2.172 m (along -2.065 cross +0.675) yaw +13.43 deg  m->o yaw +13.16 deg | fit true 0.008 est 0.077 (x9.20)  enc/true 1.000  dr_err 57.22 m[0m
[localization_bootstrap-6] [33m[WARN] [1789672499.195286044] [localization_bootstrap]: RESET detected: heading stepped -14 deg in one tick[0m
[localization_bootstrap-6] [33m[WARN] [1789672499.212357354] [localization_bootstrap]: recovery #30: follower held; prior (+5.07, +0.12, +135 deg) -- checkpoint 0.1 m behind the last pose along the track[0m
[amcl-4] [0m[INFO] [1789672499.261358644] [amcl]: initialPoseReceived[0m
[amcl-4] [0m[INFO] [1789672499.261465985] [amcl]: Setting pose (1789672499.261466): 5.070 0.121 2.358[0m
[localization_bootstrap-6] [0m[INFO] [1789672499.262061236] [localization_bootstrap]: seed 1/3: x=+5.070 y=+0.121 yaw=+135.1 deg -- awaiting confirmation[0m
[localization_bootstrap-6] [0m[INFO] [1789672499.263033561] [localization_bootstrap]: not reporting a spawn constant: the car is moving at 0.2 m/s, so this pose is not the spawn[0m
[amcl-4] [0m[INFO] [1789672499.311289711] [amcl]: Requesting no-motion update[0m
[amcl-4] [0m[INFO] [1789672499.711461179] [amcl]: Requesting no-motion update[0m
[amcl-4] [0m[INFO] [1789672500.161223848] [amcl]: Requesting no-motion update[0m
[amcl-4] [0m[INFO] [1789672500.611288492] [amcl]: Requesting no-motion update[0m
[localization_bootstrap-6] [0m[INFO] [1789672500.612723852] [localization_bootstrap]: recovery #30: seed, attempt 1[0m
[amcl-4] [0m[INFO] [1789672501.011745082] [amcl]: Requesting no-motion update[0m
[localization_bootstrap-6] [0m[INFO] [1789672501.312486104] [localization_bootstrap]: recovery: seed CONFIRMED on attempt 1: the estimate is 16.7 cm / 2.3 deg from truth (pos std 0.152 m). Tracking is now lidar + map + dead reckoning only.[0m
[localization_bootstrap-6] [0m[INFO] [1789672501.313267373] [localization_bootstrap]: CHECKPOINT CANDIDATE (converged after reset): ('5.158', '0.262', '2.399')[0m
[localization_bootstrap-6] [33m[WARN] [1789672502.405545932] [localization_bootstrap]: RESET detected: heading stepped -14 deg in one tick[0m
[localization_bootstrap-6] [33m[WARN] [1789672502.413060832] [localization_bootstrap]: recovery #31: follower held; prior (+5.07, +0.12, +135 deg) -- checkpoint 0.0 m behind the last pose along the track[0m
[amcl-4] [0m[INFO] [1789672502.461224178] [amcl]: initialPoseReceived[0m
[amcl-4] [0m[INFO] [1789672502.461297154] [amcl]: Setting pose (1789672502.461297): 5.070 0.121 2.356[0m
[localization_bootstrap-6] [0m[INFO] [1789672502.461930446] [localization_bootstrap]: seed 1/3: x=+5.070 y=+0.121 yaw=+135.0 deg -- awaiting confirmation[0m
[localization_bootstrap-6] [33m[WARN] [1789672502.463232166] [localization_bootstrap]: MEASURED SPAWN is 5.225 m / 135.0 deg from racer_common.frames.SPAWN_* -- OUTSIDE slam_toolbox's +-0.5 m seed search, so any run that falls back to it CANNOT recover and the offset is frozen for the whole run. This run is seeded and therefore fine; the FALLBACK is what is wrong.
[localization_bootstrap-6]     Paste into racer_common/frames.py so bootstrap:=false and bootstrap_mode:=global start somewhere real:
[localization_bootstrap-6]         SPAWN_X = '5.070'
[localization_bootstrap-6]         SPAWN_Y = '0.121'
[localization_bootstrap-6]         SPAWN_YAW = '2.3564'[0m
[amcl-4] [0m[INFO] [1789672502.511388429] [amcl]: Requesting no-motion update[0m
[localization_bootstrap-6] [0m[INFO] [1789672502.611708947] [localization_bootstrap]: recovery #31: seed, attempt 1[0m
[amcl-4] [0m[INFO] [1789672502.911427630] [amcl]: Requesting no-motion update[0m
[amcl-4] [0m[INFO] [1789672503.361363443] [amcl]: Requesting no-motion update[0m
[localization_error-7] [0m[INFO] [1789672503.557271533] [localization_error]: now[200] 2.166 m / 2.80 deg  |  session[n=9733] mean 0.679 p95 2.579 max 2.933 m, heading mean 1.94 max 19.73 deg[0m
[amcl-4] [0m[INFO] [1789672503.761449702] [amcl]: Requesting no-motion update[0m
[log_localization-8] [0m[INFO] [1789672504.124663835] [log_localization]:  489.9 s  1833.0 m  err 2.559 m (along -2.558 cross +0.024) yaw  +2.68 deg  m->o yaw  +2.68 deg | fit true 0.010 est 0.205 (x21.25)  enc/true 0.999  dr_err 60.55 m[0m
[amcl-4] [0m[INFO] [1789672504.211460215] [amcl]: Requesting no-motion update[0m
[localization_bootstrap-6] [0m[INFO] [1789672504.511858908] [localization_bootstrap]: recovery: seed CONFIRMED on attempt 1: the estimate is 17.2 cm / 3.5 deg from truth (pos std 0.156 m). Tracking is now lidar + map + dead reckoning only.[0m
[localization_bootstrap-6] [0m[INFO] [1789672504.512767544] [localization_bootstrap]: CHECKPOINT CANDIDATE (converged after reset): ('5.156', '0.270', '2.417')[0m
[localization_bootstrap-6] [0m[INFO] [1789672504.612795005] [localization_bootstrap]: recovery #31: creep, attempt 1[0m
[localization_bootstrap-6] [33m[WARN] [1789672505.613884243] [localization_bootstrap]: RESET detected: heading stepped -15 deg in one tick[0m
[localization_bootstrap-6] [33m[WARN] [1789672505.662411719] [localization_bootstrap]: recovery #32: follower held; prior (+5.07, +0.12, +135 deg) -- checkpoint 0.1 m behind the last pose along the track[0m
[amcl-4] [0m[INFO] [1789672505.712240734] [amcl]: initialPoseReceived[0m
[amcl-4] [0m[INFO] [1789672505.712395994] [amcl]: Setting pose (1789672505.712396): 5.070 0.121 2.361[0m
[localization_bootstrap-6] [0m[INFO] [1789672505.713954864] [localization_bootstrap]: seed 1/3: x=+5.070 y=+0.121 yaw=+135.3 deg -- awaiting confirmation[0m
[localization_bootstrap-6] [33m[WARN] [1789672505.716089409] [localization_bootstrap]: MEASURED SPAWN is 5.225 m / 134.7 deg from racer_common.frames.SPAWN_* -- OUTSIDE slam_toolbox's +-0.5 m seed search, so any run that falls back to it CANNOT recover and the offset is frozen for the whole run. This run is seeded and therefore fine; the FALLBACK is what is wrong.
[localization_bootstrap-6]     Paste into racer_common/frames.py so bootstrap:=false and bootstrap_mode:=global start somewhere real:
[localization_bootstrap-6]         SPAWN_X = '5.070'
[localization_bootstrap-6]         SPAWN_Y = '0.121'
[localization_bootstrap-6]         SPAWN_YAW = '2.3611'[0m
[amcl-4] [0m[INFO] [1789672505.761292649] [amcl]: Requesting no-motion update[0m
[amcl-4] [0m[INFO] [1789672506.211487726] [amcl]: Requesting no-motion update[0m
[amcl-4] [0m[INFO] [1789672506.611987016] [amcl]: Requesting no-motion update[0m
[localization_bootstrap-6] [0m[INFO] [1789672506.613737054] [localization_bootstrap]: recovery #32: seed, attempt 1[0m
[amcl-4] [0m[INFO] [1789672507.061329181] [amcl]: Requesting no-motion update[0m
[amcl-4] [0m[INFO] [1789672507.461503957] [amcl]: Requesting no-motion update[0m
[localization_bootstrap-6] [0m[INFO] [1789672507.762970474] [localization_bootstrap]: recovery: seed CONFIRMED on attempt 1: the estimate is 17.6 cm / 3.1 deg from truth (pos std 0.134 m). Tracking is now lidar + map + dead reckoning only.[0m
[localization_bootstrap-6] [0m[INFO] [1789672507.764275510] [localization_bootstrap]: CHECKPOINT CANDIDATE (converged after reset): ('5.143', '0.281', '2.415')[0m
[localization_error-7] [0m[INFO] [1789672508.557411171] [localization_error]: now[200] 2.145 m / 3.52 deg  |  session[n=9833] mean 0.695 p95 2.579 max 2.933 m, heading mean 1.96 max 19.73 deg[0m
[localization_bootstrap-6] [0m[INFO] [1789672508.612734815] [localization_bootstrap]: recovery #32: creep, attempt 1[0m
[localization_bootstrap-6] [33m[WARN] [1789672508.848445291] [localization_bootstrap]: RESET detected: heading stepped -15 deg in one tick[0m
[localization_bootstrap-6] [33m[WARN] [1789672508.864091551] [localization_bootstrap]: recovery #33: follower held; prior (+5.07, +0.12, +135 deg) -- checkpoint 0.1 m behind the last pose along the track[0m
[amcl-4] [0m[INFO] [1789672508.911488697] [amcl]: initialPoseReceived[0m
[amcl-4] [0m[INFO] [1789672508.911606006] [amcl]: Setting pose (1789672508.911606): 5.070 0.121 2.359[0m
[localization_bootstrap-6] [0m[INFO] [1789672508.912818078] [localization_bootstrap]: seed 1/3: x=+5.070 y=+0.121 yaw=+135.2 deg -- awaiting confirmation[0m
[localization_bootstrap-6] [0m[INFO] [1789672508.914263587] [localization_bootstrap]: not reporting a spawn constant: the car is moving at 0.1 m/s, so this pose is not the spawn[0m
[amcl-4] [0m[INFO] [1789672508.961208899] [amcl]: Requesting no-motion update[0m
[log_localization-8] [0m[INFO] [1789672509.125075341] [log_localization]:  494.9 s  1839.1 m  err 2.572 m (along -2.569 cross +0.114) yaw  +0.11 deg  m->o yaw  +0.11 deg | fit true 0.010 est 0.227 (x23.47)  enc/true 0.997  dr_err 64.23 m[0m
[amcl-4] [0m[INFO] [1789672509.361196835] [amcl]: Requesting no-motion update[0m
[amcl-4] [0m[INFO] [1789672509.811171480] [amcl]: Requesting no-motion update[0m
[amcl-4] [0m[INFO] [1789672510.211329804] [amcl]: Requesting no-motion update[0m
[amcl-4] [0m[INFO] [1789672510.611389192] [amcl]: Requesting no-motion update[0m
[localization_bootstrap-6] [0m[INFO] [1789672510.612726770] [localization_bootstrap]: recovery #33: seed, attempt 1[0m
[localization_bootstrap-6] [0m[INFO] [1789672510.962089513] [localization_bootstrap]: recovery: seed CONFIRMED on attempt 1: the estimate is 17.7 cm / 2.9 deg from truth (pos std 0.166 m). Tracking is now lidar + map + dead reckoning only.[0m
[localization_bootstrap-6] [0m[INFO] [1789672510.962865742] [localization_bootstrap]: CHECKPOINT CANDIDATE (converged after reset): ('5.130', '0.288', '2.410')[0m
[localization_bootstrap-6] [33m[WARN] [1789672512.043440031] [localization_bootstrap]: RESET detected: heading stepped -14 deg in one tick[0m
[localization_bootstrap-6] [33m[WARN] [1789672512.062527235] [localization_bootstrap]: recovery #34: follower held; prior (+5.07, +0.12, +135 deg) -- checkpoint 0.1 m behind the last pose along the track[0m
[amcl-4] [0m[INFO] [1789672512.112070116] [amcl]: initialPoseReceived[0m
[amcl-4] [0m[INFO] [1789672512.112174090] [amcl]: Setting pose (1789672512.112174): 5.070 0.121 2.358[0m
[localization_bootstrap-6] [0m[INFO] [1789672512.112762539] [localization_bootstrap]: seed 1/3: x=+5.070 y=+0.121 yaw=+135.1 deg -- awaiting confirmation[0m
[localization_bootstrap-6] [33m[WARN] [1789672512.113681445] [localization_bootstrap]: MEASURED SPAWN is 5.225 m / 134.9 deg from racer_common.frames.SPAWN_* -- OUTSIDE slam_toolbox's +-0.5 m seed search, so any run that falls back to it CANNOT recover and the offset is frozen for the whole run. This run is seeded and therefore fine; the FALLBACK is what is wrong.
[localization_bootstrap-6]     Paste into racer_common/frames.py so bootstrap:=false and bootstrap_mode:=global start somewhere real:
[localization_bootstrap-6]         SPAWN_X = '5.070'
[localization_bootstrap-6]         SPAWN_Y = '0.121'
[localization_bootstrap-6]         SPAWN_YAW = '2.3580'[0m
[amcl-4] [0m[INFO] [1789672512.161421360] [amcl]: Requesting no-motion update[0m
[amcl-4] [0m[INFO] [1789672512.561333534] [amcl]: Requesting no-motion update[0m
[localization_bootstrap-6] [0m[INFO] [1789672512.612421620] [localization_bootstrap]: recovery #34: seed, attempt 1[0m
[amcl-4] [0m[INFO] [1789672513.011177135] [amcl]: Requesting no-motion update[0m
[amcl-4] [0m[INFO] [1789672513.461488820] [amcl]: Requesting no-motion update[0m
[localization_error-7] [0m[INFO] [1789672513.557979468] [localization_error]: now[200] 2.146 m / 3.50 deg  |  session[n=9933] mean 0.709 p95 2.579 max 2.933 m, heading mean 1.97 max 20.41 deg[0m
[amcl-4] [0m[INFO] [1789672513.911433639] [amcl]: Requesting no-motion update[0m
[log_localization-8] [0m[INFO] [1789672514.124685428] [log_localization]:  499.9 s  1842.2 m  err 2.528 m (along -2.528 cross +0.023) yaw  +2.43 deg  m->o yaw  +2.43 deg | fit true 0.010 est 0.203 (x21.21)  enc/true 0.997  dr_err 66.05 m[0m
[localization_bootstrap-6] [0m[INFO] [1789672514.161847436] [localization_bootstrap]: recovery: seed CONFIRMED on attempt 1: the estimate is 18.3 cm / 2.4 deg from truth (pos std 0.130 m). Tracking is now lidar + map + dead reckoning only.[0m
[localization_bootstrap-6] [0m[INFO] [1789672514.162408092] [localization_bootstrap]: CHECKPOINT CANDIDATE (converged after reset): ('5.135', '0.292', '2.401')[0m
[localization_bootstrap-6] [0m[INFO] [1789672514.613171240] [localization_bootstrap]: recovery #34: creep, attempt 1[0m
[localization_bootstrap-6] [33m[WARN] [1789672515.249911918] [localization_bootstrap]: RESET detected: heading stepped -14 deg in one tick[0m
[localization_bootstrap-6] [33m[WARN] [1789672515.263039626] [localization_bootstrap]: recovery #35: follower held; prior (+5.07, +0.12, +135 deg) -- checkpoint 0.1 m behind the last pose along the track[0m
[amcl-4] [0m[INFO] [1789672515.311185960] [amcl]: initialPoseReceived[0m
[amcl-4] [0m[INFO] [1789672515.311263946] [amcl]: Setting pose (1789672515.311264): 5.070 0.121 2.358[0m
[localization_bootstrap-6] [0m[INFO] [1789672515.311841153] [localization_bootstrap]: seed 1/3: x=+5.070 y=+0.121 yaw=+135.1 deg -- awaiting confirmation[0m
[localization_bootstrap-6] [33m[WARN] [1789672515.312663498] [localization_bootstrap]: MEASURED SPAWN is 5.225 m / 134.9 deg from racer_common.frames.SPAWN_* -- OUTSIDE slam_toolbox's +-0.5 m seed search, so any run that falls back to it CANNOT recover and the offset is frozen for the whole run. This run is seeded and therefore fine; the FALLBACK is what is wrong.
[localization_bootstrap-6]     Paste into racer_common/frames.py so bootstrap:=false and bootstrap_mode:=global start somewhere real:
[localization_bootstrap-6]         SPAWN_X = '5.070'
[localization_bootstrap-6]         SPAWN_Y = '0.121'
[localization_bootstrap-6]         SPAWN_YAW = '2.3576'[0m
[amcl-4] [0m[INFO] [1789672515.361388182] [amcl]: Requesting no-motion update[0m
[amcl-4] [0m[INFO] [1789672515.763188852] [amcl]: Requesting no-motion update[0m
[amcl-4] [0m[INFO] [1789672516.211344502] [amcl]: Requesting no-motion update[0m
[amcl-4] [0m[INFO] [1789672516.611321667] [amcl]: Requesting no-motion update[0m
[localization_bootstrap-6] [0m[INFO] [1789672516.612823571] [localization_bootstrap]: recovery #35: seed, attempt 1[0m
[amcl-4] [0m[INFO] [1789672517.061381492] [amcl]: Requesting no-motion update[0m
[localization_bootstrap-6] [0m[INFO] [1789672517.312044633] [localization_bootstrap]: recovery: seed CONFIRMED on attempt 1: the estimate is 17.1 cm / 2.8 deg from truth (pos std 0.176 m). Tracking is now lidar + map + dead reckoning only.[0m
[localization_bootstrap-6] [0m[INFO] [1789672517.312735623] [localization_bootstrap]: CHECKPOINT CANDIDATE (converged after reset): ('5.141', '0.277', '2.406')[0m
[localization_bootstrap-6] [33m[WARN] [1789672518.424366452] [localization_bootstrap]: RESET detected: heading stepped -15 deg in one tick[0m
[localization_bootstrap-6] [33m[WARN] [1789672518.464288041] [localization_bootstrap]: recovery #36: follower held; prior (+5.07, +0.12, +135 deg) -- checkpoint 0.1 m behind the last pose along the track[0m
[amcl-4] [0m[INFO] [1789672518.511421334] [amcl]: initialPoseReceived[0m
[amcl-4] [0m[INFO] [1789672518.511599827] [amcl]: Setting pose (1789672518.511600): 5.070 0.121 2.357[0m
[localization_bootstrap-6] [0m[INFO] [1789672518.512609612] [localization_bootstrap]: seed 1/3: x=+5.070 y=+0.121 yaw=+135.0 deg -- awaiting confirmation[0m
[localization_bootstrap-6] [33m[WARN] [1789672518.513609068] [localization_bootstrap]: MEASURED SPAWN is 5.225 m / 135.0 deg from racer_common.frames.SPAWN_* -- OUTSIDE slam_toolbox's +-0.5 m seed search, so any run that falls back to it CANNOT recover and the offset is frozen for the whole run. This run is seeded and therefore fine; the FALLBACK is what is wrong.
[localization_bootstrap-6]     Paste into racer_common/frames.py so bootstrap:=false and bootstrap_mode:=global start somewhere real:
[localization_bootstrap-6]         SPAWN_X = '5.070'
[localization_bootstrap-6]         SPAWN_Y = '0.121'
[localization_bootstrap-6]         SPAWN_YAW = '2.3569'[0m
[localization_error-7] [0m[INFO] [1789672518.558591365] [localization_error]: now[200] 2.094 m / 3.41 deg  |  session[n=10033] mean 0.723 p95 2.579 max 2.933 m, heading mean 1.98 max 20.41 deg[0m
[amcl-4] [0m[INFO] [1789672518.561169519] [amcl]: Requesting no-motion update[0m
[localization_bootstrap-6] [0m[INFO] [1789672518.612423384] [localization_bootstrap]: recovery #36: seed, attempt 1[0m
[amcl-4] [0m[INFO] [1789672518.961413412] [amcl]: Requesting no-motion update[0m
[log_localization-8] [0m[INFO] [1789672519.125150372] [log_localization]:  504.9 s  1848.3 m  err 2.587 m (along -2.586 cross +0.080) yaw  +0.95 deg  m->o yaw  +0.95 deg | fit true 0.010 est 0.221 (x23.23)  enc/true 0.995  dr_err 69.71 m[0m
[amcl-4] [0m[INFO] [1789672519.361524998] [amcl]: Requesting no-motion update[0m
[amcl-4] [0m[INFO] [1789672519.811261960] [amcl]: Requesting no-motion update[0m
[amcl-4] [0m[INFO] [1789672520.261300505] [amcl]: Requesting no-motion update[0m
[localization_bootstrap-6] [0m[INFO] [1789672520.562339864] [localization_bootstrap]: recovery: seed CONFIRMED on attempt 1: the estimate is 16.4 cm / 2.2 deg from truth (pos std 0.154 m). Tracking is now lidar + map + dead reckoning only.[0m
[localization_bootstrap-6] [0m[INFO] [1789672520.563779642] [localization_bootstrap]: CHECKPOINT CANDIDATE (converged after reset): ('5.172', '0.250', '2.395')[0m
[localization_bootstrap-6] [0m[INFO] [1789672520.613815333] [localization_bootstrap]: recovery #36: creep, attempt 1[0m
[localization_bootstrap-6] [33m[WARN] [1789672521.655102337] [localization_bootstrap]: RESET detected: heading stepped -14 deg in one tick[0m
[localization_bootstrap-6] [33m[WARN] [1789672521.663484385] [localization_bootstrap]: recovery #37: follower held; prior (+5.07, +0.12, +135 deg) -- checkpoint 0.0 m behind the last pose along the track[0m
[localization_bootstrap-6] [0m[INFO] [1789672521.712967144] [localization_bootstrap]: seed 1/3: x=+5.070 y=+0.121 yaw=+135.1 deg -- awaiting confirmation[0m
[localization_bootstrap-6] [33m[WARN] [1789672521.714170050] [localization_bootstrap]: MEASURED SPAWN is 5.225 m / 134.9 deg from racer_common.frames.SPAWN_* -- OUTSIDE slam_toolbox's +-0.5 m seed search, so any run that falls back to it CANNOT recover and the offset is frozen for the whole run. This run is seeded and therefore fine; the FALLBACK is what is wrong.
[localization_bootstrap-6]     Paste into racer_common/frames.py so bootstrap:=false and bootstrap_mode:=global start somewhere real:
[localization_bootstrap-6]         SPAWN_X = '5.070'
[localization_bootstrap-6]         SPAWN_Y = '0.121'
[localization_bootstrap-6]         SPAWN_YAW = '2.3581'[0m
[amcl-4] [0m[INFO] [1789672521.715746082] [amcl]: initialPoseReceived[0m
[amcl-4] [0m[INFO] [1789672521.715852511] [amcl]: Setting pose (1789672521.715852): 5.069 0.122 2.356[0m
[amcl-4] [0m[INFO] [1789672521.761391668] [amcl]: Requesting no-motion update[0m
[amcl-4] [0m[INFO] [1789672522.211318955] [amcl]: Requesting no-motion update[0m
[amcl-4] [0m[INFO] [1789672522.611396067] [amcl]: Requesting no-motion update[0m
[localization_bootstrap-6] [0m[INFO] [1789672522.612226547] [localization_bootstrap]: recovery #37: seed, attempt 1[0m
[amcl-4] [0m[INFO] [1789672523.012108535] [amcl]: Requesting no-motion update[0m
[amcl-4] [0m[INFO] [1789672523.461836600] [amcl]: Requesting no-motion update[0m
[localization_error-7] [0m[INFO] [1789672523.554977244] [localization_error]: now[200] 2.140 m / 3.27 deg  |  session[n=10133] mean 0.737 p95 2.582 max 2.933 m, heading mean 2.00 max 20.41 deg[0m
[localization_bootstrap-6] [0m[INFO] [1789672523.761477047] [localization_bootstrap]: recovery: seed CONFIRMED on attempt 1: the estimate is 18.0 cm / 2.2 deg from truth (pos std 0.162 m). Tracking is now lidar + map + dead reckoning only.[0m
[localization_bootstrap-6] [0m[INFO] [1789672523.762036552] [localization_bootstrap]: CHECKPOINT CANDIDATE (converged after reset): ('5.129', '0.291', '2.396')[0m
[log_localization-8] [0m[INFO] [1789672524.125463011] [log_localization]:  509.9 s  1851.5 m  err 2.131 m (along -2.131 cross +0.033) yaw  +2.12 deg  m->o yaw  +2.12 deg | fit true 0.010 est 0.130 (x12.45)  enc/true 0.995  dr_err 71.88 m[0m
[localization_bootstrap-6] [0m[INFO] [1789672524.612326243] [localization_bootstrap]: recovery #37: creep, attempt 1[0m
[localization_bootstrap-6] [33m[WARN] [1789672524.859978624] [localization_bootstrap]: RESET detected: heading stepped -14 deg in one tick[0m
[localization_bootstrap-6] [33m[WARN] [1789672524.863109780] [localization_bootstrap]: recovery #38: follower held; prior (+5.07, +0.12, +135 deg) -- checkpoint 0.1 m behind the last pose along the track[0m
[amcl-4] [0m[INFO] [1789672524.911163140] [amcl]: initialPoseReceived[0m
[amcl-4] [0m[INFO] [1789672524.911234674] [amcl]: Setting pose (1789672524.911235): 5.070 0.121 2.360[0m
[localization_bootstrap-6] [0m[INFO] [1789672524.911746640] [localization_bootstrap]: seed 1/3: x=+5.070 y=+0.121 yaw=+135.2 deg -- awaiting confirmation[0m
[localization_bootstrap-6] [33m[WARN] [1789672524.912431468] [localization_bootstrap]: MEASURED SPAWN is 5.225 m / 134.8 deg from racer_common.frames.SPAWN_* -- OUTSIDE slam_toolbox's +-0.5 m seed search, so any run that falls back to it CANNOT recover and the offset is frozen for the whole run. This run is seeded and therefore fine; the FALLBACK is what is wrong.
[localization_bootstrap-6]     Paste into racer_common/frames.py so bootstrap:=false and bootstrap_mode:=global start somewhere real:
[localization_bootstrap-6]         SPAWN_X = '5.070'
[localization_bootstrap-6]         SPAWN_Y = '0.121'
[localization_bootstrap-6]         SPAWN_YAW = '2.3596'[0m
[amcl-4] [0m[INFO] [1789672524.961589321] [amcl]: Requesting no-motion update[0m
[amcl-4] [0m[INFO] [1789672525.411212470] [amcl]: Requesting no-motion update[0m
[amcl-4] [0m[INFO] [1789672525.861349449] [amcl]: Requesting no-motion update[0m
[amcl-4] [0m[INFO] [1789672526.312191123] [amcl]: Requesting no-motion update[0m
[localization_bootstrap-6] [0m[INFO] [1789672526.611840557] [localization_bootstrap]: recovery #38: seed, attempt 1[0m
[amcl-4] [0m[INFO] [1789672526.761191670] [amcl]: Requesting no-motion update[0m
[localization_bootstrap-6] [0m[INFO] [1789672526.961801367] [localization_bootstrap]: recovery: seed CONFIRMED on attempt 1: the estimate is 17.4 cm / 2.7 deg from truth (pos std 0.196 m). Tracking is now lidar + map + dead reckoning only.[0m
[localization_bootstrap-6] [0m[INFO] [1789672526.962962645] [localization_bootstrap]: CHECKPOINT CANDIDATE (converged after reset): ('5.136', '0.282', '2.407')[0m
[localization_bootstrap-6] [33m[WARN] [1789672528.056879793] [localization_bootstrap]: RESET detected: heading stepped -14 deg in one tick[0m
[localization_bootstrap-6] [33m[WARN] [1789672528.061862125] [localization_bootstrap]: recovery #39: follower held; prior (+5.07, +0.12, +135 deg) -- checkpoint 0.1 m behind the last pose along the track[0m
[localization_bootstrap-6] [0m[INFO] [1789672528.113088329] [localization_bootstrap]: seed 1/3: x=+5.070 y=+0.121 yaw=+135.0 deg -- awaiting confirmation[0m
[amcl-4] [0m[INFO] [1789672528.113249189] [amcl]: initialPoseReceived[0m
[amcl-4] [0m[INFO] [1789672528.113353093] [amcl]: Setting pose (1789672528.113353): 5.071 0.120 2.356[0m
[localization_bootstrap-6] [33m[WARN] [1789672528.115224567] [localization_bootstrap]: MEASURED SPAWN is 5.225 m / 135.0 deg from racer_common.frames.SPAWN_* -- OUTSIDE slam_toolbox's +-0.5 m seed search, so any run that falls back to it CANNOT recover and the offset is frozen for the whole run. This run is seeded and therefore fine; the FALLBACK is what is wrong.
[localization_bootstrap-6]     Paste into racer_common/frames.py so bootstrap:=false and bootstrap_mode:=global start somewhere real:
[localization_bootstrap-6]         SPAWN_X = '5.070'
[localization_bootstrap-6]         SPAWN_Y = '0.121'
[localization_bootstrap-6]         SPAWN_YAW = '2.3566'[0m
[amcl-4] [0m[INFO] [1789672528.161472036] [amcl]: Requesting no-motion update[0m
[localization_error-7] [0m[INFO] [1789672528.558339656] [localization_error]: now[200] 2.085 m / 3.50 deg  |  session[n=10233] mean 0.750 p95 2.583 max 2.933 m, heading mean 2.01 max 20.41 deg[0m
[amcl-4] [0m[INFO] [1789672528.561416741] [amcl]: Requesting no-motion update[0m
[localization_bootstrap-6] [0m[INFO] [1789672528.612537248] [localization_bootstrap]: recovery #39: seed, attempt 1[0m
[amcl-4] [0m[INFO] [1789672529.011228061] [amcl]: Requesting no-motion update[0m
[log_localization-8] [0m[INFO] [1789672529.124650379] [log_localization]:  514.9 s  1857.3 m  err 2.565 m (along -2.565 cross +0.035) yaw  +2.42 deg  m->o yaw  +2.42 deg | fit true 0.010 est 0.207 (x21.61)  enc/true 0.993  dr_err 75.23 m[0m
[amcl-4] [0m[INFO] [1789672529.411346150] [amcl]: Requesting no-motion update[0m
[amcl-4] [0m[INFO] [1789672529.861189550] [amcl]: Requesting no-motion update[0m
[localization_bootstrap-6] [0m[INFO] [1789672530.161622046] [localization_bootstrap]: recovery: seed CONFIRMED on attempt 1: the estimate is 18.6 cm / 3.7 deg from truth (pos std 0.193 m). Tracking is now lidar + map + dead reckoning only.[0m
[localization_bootstrap-6] [0m[INFO] [1789672530.162286878] [localization_bootstrap]: CHECKPOINT CANDIDATE (converged after reset): ('5.143', '0.293', '2.421')[0m
[localization_bootstrap-6] [0m[INFO] [1789672530.612475352] [localization_bootstrap]: recovery #39: creep, attempt 1[0m
[localization_bootstrap-6] [33m[WARN] [1789672531.246883125] [localization_bootstrap]: RESET detected: heading stepped -14 deg in one tick[0m
[localization_bootstrap-6] [33m[WARN] [1789672531.263339978] [localization_bootstrap]: recovery #40: follower held; prior (+5.07, +0.12, +135 deg) -- checkpoint 0.1 m behind the last pose along the track[0m
[amcl-4] [0m[INFO] [1789672531.311374173] [amcl]: initialPoseReceived[0m
[amcl-4] [0m[INFO] [1789672531.311475813] [amcl]: Setting pose (1789672531.311476): 5.070 0.121 2.357[0m
[localization_bootstrap-6] [0m[INFO] [1789672531.312194735] [localization_bootstrap]: seed 1/3: x=+5.070 y=+0.121 yaw=+135.0 deg -- awaiting confirmation[0m
[localization_bootstrap-6] [33m[WARN] [1789672531.313274781] [localization_bootstrap]: MEASURED SPAWN is 5.225 m / 135.0 deg from racer_common.frames.SPAWN_* -- OUTSIDE slam_toolbox's +-0.5 m seed search, so any run that falls back to it CANNOT recover and the offset is frozen for the whole run. This run is seeded and therefore fine; the FALLBACK is what is wrong.
[localization_bootstrap-6]     Paste into racer_common/frames.py so bootstrap:=false and bootstrap_mode:=global start somewhere real:
[localization_bootstrap-6]         SPAWN_X = '5.070'
[localization_bootstrap-6]         SPAWN_Y = '0.121'
[localization_bootstrap-6]         SPAWN_YAW = '2.3566'[0m
[amcl-4] [0m[INFO] [1789672531.361282026] [amcl]: Requesting no-motion update[0m
[amcl-4] [0m[INFO] [1789672531.811485518] [amcl]: Requesting no-motion update[0m
[amcl-4] [0m[INFO] [1789672532.261740086] [amcl]: Requesting no-motion update[0m
[localization_bootstrap-6] [0m[INFO] [1789672532.612475964] [localization_bootstrap]: recovery #40: seed, attempt 1[0m
[amcl-4] [0m[INFO] [1789672532.711333751] [amcl]: Requesting no-motion update[0m
[amcl-4] [0m[INFO] [1789672533.113265465] [amcl]: Requesting no-motion update[0m
[localization_bootstrap-6] [0m[INFO] [1789672533.313203979] [localization_bootstrap]: recovery: seed CONFIRMED on attempt 1: the estimate is 17.8 cm / 2.7 deg from truth (pos std 0.139 m). Tracking is now lidar + map + dead reckoning only.[0m
[localization_bootstrap-6] [0m[INFO] [1789672533.314932306] [localization_bootstrap]: CHECKPOINT CANDIDATE (converged after reset): ('5.146', '0.282', '2.403')[0m
[localization_error-7] [0m[INFO] [1789672533.555613512] [localization_error]: now[200] 2.143 m / 3.36 deg  |  session[n=10333] mean 0.764 p95 2.583 max 2.933 m, heading mean 2.02 max 20.41 deg[0m
[log_localization-8] [0m[INFO] [1789672534.125275391] [log_localization]:  519.9 s  1861.4 m  err 2.146 m (along -2.134 cross +0.231) yaw  +8.86 deg  m->o yaw  +8.81 deg | fit true 0.008 est 0.103 (x12.51)  enc/true 0.993  dr_err 77.45 m[0m
[localization_bootstrap-6] [33m[WARN] [1789672534.425898804] [localization_bootstrap]: RESET detected: heading stepped -13 deg in one tick[0m
[localization_bootstrap-6] [33m[WARN] [1789672534.464385033] [localization_bootstrap]: recovery #41: follower held; prior (+5.07, +0.12, +135 deg) -- checkpoint 0.1 m behind the last pose along the track[0m
[amcl-4] [0m[INFO] [1789672534.511532453] [amcl]: initialPoseReceived[0m
[amcl-4] [0m[INFO] [1789672534.511644863] [amcl]: Setting pose (1789672534.511645): 5.070 0.121 2.362[0m
[localization_bootstrap-6] [0m[INFO] [1789672534.512688050] [localization_bootstrap]: seed 1/3: x=+5.070 y=+0.121 yaw=+135.3 deg -- awaiting confirmation[0m
[localization_bootstrap-6] [0m[INFO] [1789672534.514079207] [localization_bootstrap]: not reporting a spawn constant: the car is moving at 0.1 m/s, so this pose is not the spawn[0m
[amcl-4] [0m[INFO] [1789672534.561512400] [amcl]: Requesting no-motion update[0m
[localization_bootstrap-6] [0m[INFO] [1789672534.611958878] [localization_bootstrap]: recovery #41: seed, attempt 1[0m
[amcl-4] [0m[INFO] [1789672535.011508255] [amcl]: Requesting no-motion update[0m
[amcl-4] [0m[INFO] [1789672535.461342158] [amcl]: Requesting no-motion update[0m
[amcl-4] [0m[INFO] [1789672535.861447633] [amcl]: Requesting no-motion update[0m
[amcl-4] [0m[INFO] [1789672536.311561147] [amcl]: Requesting no-motion update[0m
[localization_bootstrap-6] [0m[INFO] [1789672536.562579673] [localization_bootstrap]: recovery: seed CONFIRMED on attempt 1: the estimate is 15.8 cm / 2.1 deg from truth (pos std 0.165 m). Tracking is now lidar + map + dead reckoning only.[0m
[localization_bootstrap-6] [0m[INFO] [1789672536.564113316] [localization_bootstrap]: CHECKPOINT CANDIDATE (converged after reset): ('5.151', '0.257', '2.398')[0m
[localization_bootstrap-6] [0m[INFO] [1789672536.611928792] [localization_bootstrap]: recovery #41: creep, attempt 1[0m
[localization_bootstrap-6] [33m[WARN] [1789672537.663498473] [localization_bootstrap]: RESET detected: heading stepped -15 deg in one tick[0m
[localization_bootstrap-6] [33m[WARN] [1789672537.666697435] [localization_bootstrap]: recovery #42: follower held; prior (+5.07, +0.12, +135 deg) -- checkpoint 0.0 m behind the last pose along the track[0m
[amcl-4] [0m[INFO] [1789672537.711671206] [amcl]: initialPoseReceived[0m
[amcl-4] [0m[INFO] [1789672537.711758118] [amcl]: Setting pose (1789672537.711758): 5.070 0.121 2.357[0m
[localization_bootstrap-6] [0m[INFO] [1789672537.712472392] [localization_bootstrap]: seed 1/3: x=+5.070 y=+0.121 yaw=+135.0 deg -- awaiting confirmation[0m
[localization_bootstrap-6] [33m[WARN] [1789672537.713351263] [localization_bootstrap]: MEASURED SPAWN is 5.225 m / 135.0 deg from racer_common.frames.SPAWN_* -- OUTSIDE slam_toolbox's +-0.5 m seed search, so any run that falls back to it CANNOT recover and the offset is frozen for the whole run. This run is seeded and therefore fine; the FALLBACK is what is wrong.
[localization_bootstrap-6]     Paste into racer_common/frames.py so bootstrap:=false and bootstrap_mode:=global start somewhere real:
[localization_bootstrap-6]         SPAWN_X = '5.070'
[localization_bootstrap-6]         SPAWN_Y = '0.121'
[localization_bootstrap-6]         SPAWN_YAW = '2.3567'[0m
[amcl-4] [0m[INFO] [1789672537.761736272] [amcl]: Requesting no-motion update[0m
[amcl-4] [0m[INFO] [1789672538.211604599] [amcl]: Requesting no-motion update[0m
[localization_error-7] [0m[INFO] [1789672538.557569109] [localization_error]: now[200] 2.145 m / 3.32 deg  |  session[n=10433] mean 0.776 p95 2.585 max 2.933 m, heading mean 2.04 max 20.41 deg[0m
[localization_bootstrap-6] [0m[INFO] [1789672538.611622461] [localization_bootstrap]: recovery #42: seed, attempt 1[0m
[amcl-4] [0m[INFO] [1789672538.661312066] [amcl]: Requesting no-motion update[0m
[amcl-4] [0m[INFO] [1789672539.111331866] [amcl]: Requesting no-motion update[0m
[log_localization-8] [0m[INFO] [1789672539.125118163] [log_localization]:  524.9 s  1866.5 m  err 2.570 m (along -2.569 cross +0.041) yaw  +1.78 deg  m->o yaw  +1.78 deg | fit true 0.010 est 0.212 (x22.07)  enc/true 0.992  dr_err 80.80 m[0m
[amcl-4] [0m[INFO] [1789672539.511444314] [amcl]: Requesting no-motion update[0m
[localization_bootstrap-6] [0m[INFO] [1789672539.762501842] [localization_bootstrap]: recovery: seed CONFIRMED on attempt 1: the estimate is 17.9 cm / 2.5 deg from truth (pos std 0.165 m). Tracking is now lidar + map + dead reckoning only.[0m
[localization_bootstrap-6] [0m[INFO] [1789672539.763886367] [localization_bootstrap]: CHECKPOINT CANDIDATE (converged after reset): ('5.132', '0.289', '2.400')[0m
[localization_bootstrap-6] [0m[INFO] [1789672540.613207881] [localization_bootstrap]: recovery #42: creep, attempt 1[0m
[localization_bootstrap-6] [33m[WARN] [1789672540.882461289] [localization_bootstrap]: RESET detected: heading stepped -14 deg in one tick[0m
[localization_bootstrap-6] [33m[WARN] [1789672540.913767754] [localization_bootstrap]: recovery #43: follower held; prior (+5.07, +0.12, +135 deg) -- checkpoint 0.1 m behind the last pose along the track[0m
[localization_bootstrap-6] [0m[INFO] [1789672540.963166978] [localization_bootstrap]: seed 1/3: x=+5.070 y=+0.121 yaw=+135.1 deg -- awaiting confirmation[0m
[amcl-4] [0m[INFO] [1789672540.963205991] [amcl]: initialPoseReceived[0m
[amcl-4] [0m[INFO] [1789672540.963381308] [amcl]: Setting pose (1789672540.963381): 5.070 0.121 2.357[0m
[localization_bootstrap-6] [33m[WARN] [1789672540.965370211] [localization_bootstrap]: MEASURED SPAWN is 5.225 m / 134.9 deg from racer_common.frames.SPAWN_* -- OUTSIDE slam_toolbox's +-0.5 m seed search, so any run that falls back to it CANNOT recover and the offset is frozen for the whole run. This run is seeded and therefore fine; the FALLBACK is what is wrong.
[localization_bootstrap-6]     Paste into racer_common/frames.py so bootstrap:=false and bootstrap_mode:=global start somewhere real:
[localization_bootstrap-6]         SPAWN_X = '5.070'
[localization_bootstrap-6]         SPAWN_Y = '0.121'
[localization_bootstrap-6]         SPAWN_YAW = '2.3573'[0m
[amcl-4] [0m[INFO] [1789672541.011545676] [amcl]: Requesting no-motion update[0m
[amcl-4] [0m[INFO] [1789672541.461253333] [amcl]: Requesting no-motion update[0m
[amcl-4] [0m[INFO] [1789672541.861374878] [amcl]: Requesting no-motion update[0m
[amcl-4] [0m[INFO] [1789672542.311513449] [amcl]: Requesting no-motion update[0m
[localization_bootstrap-6] [0m[INFO] [1789672542.612014824] [localization_bootstrap]: recovery #43: seed, attempt 1[0m
[amcl-4] [0m[INFO] [1789672542.711595981] [amcl]: Requesting no-motion update[0m
[localization_bootstrap-6] [0m[INFO] [1789672543.012566562] [localization_bootstrap]: recovery: seed CONFIRMED on attempt 1: the estimate is 18.9 cm / 2.6 deg from truth (pos std 0.168 m). Tracking is now lidar + map + dead reckoning only.[0m
[localization_bootstrap-6] [0m[INFO] [1789672543.013591525] [localization_bootstrap]: CHECKPOINT CANDIDATE (converged after reset): ('5.120', '0.304', '2.402')[0m
[localization_error-7] [0m[INFO] [1789672543.557339496] [localization_error]: now[200] 2.131 m / 3.28 deg  |  session[n=10533] mean 0.790 p95 2.585 max 2.933 m, heading mean 2.05 max 20.41 deg[0m
[log_localization-8] [0m[INFO] [1789672544.125800653] [log_localization]:  529.9 s  1871.1 m  err 2.219 m (along -2.073 cross +0.793) yaw +13.68 deg  m->o yaw +13.73 deg | fit true 0.017 est 0.082 (x4.83)  enc/true 0.991  dr_err 82.92 m[0m
[localization_bootstrap-6] [33m[WARN] [1789672544.139425199] [localization_bootstrap]: RESET detected: heading stepped -14 deg in one tick[0m
[localization_bootstrap-6] [33m[WARN] [1789672544.162976196] [localization_bootstrap]: recovery #44: follower held; prior (+5.07, +0.12, +135 deg) -- checkpoint 0.1 m behind the last pose along the track[0m
[amcl-4] [0m[INFO] [1789672544.211542193] [amcl]: initialPoseReceived[0m
[amcl-4] [0m[INFO] [1789672544.211725626] [amcl]: Setting pose (1789672544.211725): 5.070 0.121 2.359[0m
[localization_bootstrap-6] [0m[INFO] [1789672544.212315707] [localization_bootstrap]: seed 1/3: x=+5.070 y=+0.121 yaw=+135.2 deg -- awaiting confirmation[0m
[localization_bootstrap-6] [33m[WARN] [1789672544.213295857] [localization_bootstrap]: MEASURED SPAWN is 5.225 m / 134.8 deg from racer_common.frames.SPAWN_* -- OUTSIDE slam_toolbox's +-0.5 m seed search, so any run that falls back to it CANNOT recover and the offset is frozen for the whole run. This run is seeded and therefore fine; the FALLBACK is what is wrong.
[localization_bootstrap-6]     Paste into racer_common/frames.py so bootstrap:=false and bootstrap_mode:=global start somewhere real:
[localization_bootstrap-6]         SPAWN_X = '5.070'
[localization_bootstrap-6]         SPAWN_Y = '0.121'
[localization_bootstrap-6]         SPAWN_YAW = '2.3590'[0m
[amcl-4] [0m[INFO] [1789672544.261303412] [amcl]: Requesting no-motion update[0m
[localization_bootstrap-6] [0m[INFO] [1789672544.611722157] [localization_bootstrap]: recovery #44: seed, attempt 1[0m
[amcl-4] [0m[INFO] [1789672544.711261617] [amcl]: Requesting no-motion update[0m
[amcl-4] [0m[INFO] [1789672545.111422255] [amcl]: Requesting no-motion update[0m
[amcl-4] [0m[INFO] [1789672545.511986266] [amcl]: Requesting no-motion update[0m
[amcl-4] [0m[INFO] [1789672545.961325886] [amcl]: Requesting no-motion update[0m
[localization_bootstrap-6] [0m[INFO] [1789672546.261877855] [localization_bootstrap]: recovery: seed CONFIRMED on attempt 1: the estimate is 18.3 cm / 3.9 deg from truth (pos std 0.138 m). Tracking is now lidar + map + dead reckoning only.[0m
[localization_bootstrap-6] [0m[INFO] [1789672546.262634197] [localization_bootstrap]: CHECKPOINT CANDIDATE (converged after reset): ('5.140', '0.290', '2.427')[0m
[localization_bootstrap-6] [0m[INFO] [1789672546.612603894] [localization_bootstrap]: recovery #44: creep, attempt 1[0m
[localization_bootstrap-6] [33m[WARN] [1789672547.372657484] [localization_bootstrap]: RESET detected: heading stepped -15 deg in one tick[0m
[localization_bootstrap-6] [33m[WARN] [1789672547.412279865] [localization_bootstrap]: recovery #45: follower held; prior (+5.07, +0.12, +135 deg) -- checkpoint 0.1 m behind the last pose along the track[0m
[amcl-4] [0m[INFO] [1789672547.461345225] [amcl]: initialPoseReceived[0m
[amcl-4] [0m[INFO] [1789672547.461446965] [amcl]: Setting pose (1789672547.461447): 5.070 0.121 2.357[0m
[localization_bootstrap-6] [0m[INFO] [1789672547.462003754] [localization_bootstrap]: seed 1/3: x=+5.070 y=+0.121 yaw=+135.1 deg -- awaiting confirmation[0m
[localization_bootstrap-6] [33m[WARN] [1789672547.462850274] [localization_bootstrap]: MEASURED SPAWN is 5.225 m / 134.9 deg from racer_common.frames.SPAWN_* -- OUTSIDE slam_toolbox's +-0.5 m seed search, so any run that falls back to it CANNOT recover and the offset is frozen for the whole run. This run is seeded and therefore fine; the FALLBACK is what is wrong.
[localization_bootstrap-6]     Paste into racer_common/frames.py so bootstrap:=false and bootstrap_mode:=global start somewhere real:
[localization_bootstrap-6]         SPAWN_X = '5.070'
[localization_bootstrap-6]         SPAWN_Y = '0.121'
[localization_bootstrap-6]         SPAWN_YAW = '2.3575'[0m
[amcl-4] [0m[INFO] [1789672547.511533661] [amcl]: Requesting no-motion update[0m
[amcl-4] [0m[INFO] [1789672547.961763724] [amcl]: Requesting no-motion update[0m
[amcl-4] [0m[INFO] [1789672548.411198852] [amcl]: Requesting no-motion update[0m
[localization_error-7] [0m[INFO] [1789672548.557008193] [localization_error]: now[200] 2.125 m / 3.59 deg  |  session[n=10633] mean 0.802 p95 2.585 max 2.933 m, heading mean 2.07 max 20.41 deg[0m
[localization_bootstrap-6] [0m[INFO] [1789672548.613301055] [localization_bootstrap]: recovery #45: seed, attempt 1[0m
[amcl-4] [0m[INFO] [1789672548.811378856] [amcl]: Requesting no-motion update[0m
[log_localization-8] [0m[INFO] [1789672549.125160063] [log_localization]:  534.9 s  1875.8 m  err 2.553 m (along -2.553 cross +0.031) yaw  +2.64 deg  m->o yaw  +2.65 deg | fit true 0.010 est 0.204 (x21.37)  enc/true 0.990  dr_err 86.32 m[0m
[amcl-4] [0m[INFO] [1789672549.261585575] [amcl]: Requesting no-motion update[0m
[localization_bootstrap-6] [0m[INFO] [1789672549.511762960] [localization_bootstrap]: recovery: seed CONFIRMED on attempt 1: the estimate is 17.2 cm / 3.2 deg from truth (pos std 0.158 m). Tracking is now lidar + map + dead reckoning only.[0m
[localization_bootstrap-6] [0m[INFO] [1789672549.512676365] [localization_bootstrap]: CHECKPOINT CANDIDATE (converged after reset): ('5.139', '0.279', '2.413')[0m
[localization_bootstrap-6] [33m[WARN] [1789672550.611622051] [localization_bootstrap]: RESET detected: heading stepped -14 deg in one tick[0m
[localization_bootstrap-6] [33m[WARN] [1789672550.614276577] [localization_bootstrap]: recovery #46: follower held; prior (+5.07, +0.12, +135 deg) -- checkpoint 0.1 m behind the last pose along the track[0m
[localization_bootstrap-6] [0m[INFO] [1789672550.615625275] [localization_bootstrap]: recovery #46: seed, attempt 0[0m
[localization_bootstrap-6] [0m[INFO] [1789672550.662405989] [localization_bootstrap]: seed 1/3: x=+5.070 y=+0.121 yaw=+135.2 deg -- awaiting confirmation[0m
[localization_bootstrap-6] [0m[INFO] [1789672550.663451401] [localization_bootstrap]: not reporting a spawn constant: the car is moving at 0.4 m/s, so this pose is not the spawn[0m
[amcl-4] [0m[INFO] [1789672550.665562212] [amcl]: initialPoseReceived[0m
[amcl-4] [0m[INFO] [1789672550.665642892] [amcl]: Setting pose (1789672550.665643): 5.069 0.122 2.360[0m
[amcl-4] [0m[INFO] [1789672550.711356876] [amcl]: Requesting no-motion update[0m
[amcl-4] [0m[INFO] [1789672551.161352340] [amcl]: Requesting no-motion update[0m
[amcl-4] [0m[INFO] [1789672551.561845719] [amcl]: Requesting no-motion update[0m
[amcl-4] [0m[INFO] [1789672552.011301376] [amcl]: Requesting no-motion update[0m
[amcl-4] [0m[INFO] [1789672552.411747747] [amcl]: Requesting no-motion update[0m
[localization_bootstrap-6] [0m[INFO] [1789672552.612150047] [localization_bootstrap]: recovery #46: seed, attempt 1[0m
[localization_bootstrap-6] [0m[INFO] [1789672552.711942689] [localization_bootstrap]: recovery: seed CONFIRMED on attempt 1: the estimate is 17.8 cm / 1.7 deg from truth (pos std 0.157 m). Tracking is now lidar + map + dead reckoning only.[0m
[localization_bootstrap-6] [0m[INFO] [1789672552.712889697] [localization_bootstrap]: CHECKPOINT CANDIDATE (converged after reset): ('5.129', '0.289', '2.390')[0m
[localization_error-7] [0m[INFO] [1789672553.556204327] [localization_error]: now[200] 2.123 m / 3.44 deg  |  session[n=10733] mean 0.815 p95 2.586 max 2.933 m, heading mean 2.07 max 20.41 deg[0m
[localization_bootstrap-6] [33m[WARN] [1789672553.827198435] [localization_bootstrap]: RESET detected: heading stepped -15 deg in one tick[0m
[localization_bootstrap-6] [33m[WARN] [1789672553.863210736] [localization_bootstrap]: recovery #47: follower held; prior (+5.07, +0.12, +135 deg) -- checkpoint 0.1 m behind the last pose along the track[0m
[amcl-4] [0m[INFO] [1789672553.911411291] [amcl]: initialPoseReceived[0m
[amcl-4] [0m[INFO] [1789672553.911519644] [amcl]: Setting pose (1789672553.911519): 5.070 0.121 2.357[0m
[localization_bootstrap-6] [0m[INFO] [1789672553.912060453] [localization_bootstrap]: seed 1/3: x=+5.070 y=+0.121 yaw=+135.1 deg -- awaiting confirmation[0m
[localization_bootstrap-6] [33m[WARN] [1789672553.913077222] [localization_bootstrap]: MEASURED SPAWN is 5.225 m / 134.9 deg from racer_common.frames.SPAWN_* -- OUTSIDE slam_toolbox's +-0.5 m seed search, so any run that falls back to it CANNOT recover and the offset is frozen for the whole run. This run is seeded and therefore fine; the FALLBACK is what is wrong.
[localization_bootstrap-6]     Paste into racer_common/frames.py so bootstrap:=false and bootstrap_mode:=global start somewhere real:
[localization_bootstrap-6]         SPAWN_X = '5.070'
[localization_bootstrap-6]         SPAWN_Y = '0.121'
[localization_bootstrap-6]         SPAWN_YAW = '2.3574'[0m
[amcl-4] [0m[INFO] [1789672553.961437134] [amcl]: Requesting no-motion update[0m
[log_localization-8] [0m[INFO] [1789672554.125299408] [log_localization]:  539.9 s  1881.9 m  err 0.711 m (along -0.627 cross +0.335) yaw +11.58 deg  m->o yaw +11.58 deg | fit true 0.010 est 0.404 (x41.25)  enc/true 0.988  dr_err 90.03 m[0m
[amcl-4] [0m[INFO] [1789672554.411209923] [amcl]: Requesting no-motion update[0m
[localization_bootstrap-6] [0m[INFO] [1789672554.612283156] [localization_bootstrap]: recovery #47: seed, attempt 1[0m
[amcl-4] [0m[INFO] [1789672554.811478573] [amcl]: Requesting no-motion update[0m
[amcl-4] [0m[INFO] [1789672555.211310848] [amcl]: Requesting no-motion update[0m
[amcl-4] [0m[INFO] [1789672555.661446283] [amcl]: Requesting no-motion update[0m
[localization_bootstrap-6] [0m[INFO] [1789672555.962108989] [localization_bootstrap]: recovery: seed CONFIRMED on attempt 1: the estimate is 17.8 cm / 2.2 deg from truth (pos std 0.169 m). Tracking is now lidar + map + dead reckoning only.[0m
[localization_bootstrap-6] [0m[INFO] [1789672555.963014349] [localization_bootstrap]: CHECKPOINT CANDIDATE (converged after reset): ('5.133', '0.287', '2.396')[0m
[localization_bootstrap-6] [0m[INFO] [1789672556.612094053] [localization_bootstrap]: recovery #47: creep, attempt 1[0m
[localization_bootstrap-6] [33m[WARN] [1789672557.073420882] [localization_bootstrap]: RESET detected: heading stepped -15 deg in one tick[0m
[localization_bootstrap-6] [33m[WARN] [1789672557.112680044] [localization_bootstrap]: recovery #48: follower held; prior (+5.07, +0.12, +135 deg) -- checkpoint 0.1 m behind the last pose along the track[0m
[amcl-4] [0m[INFO] [1789672557.161448189] [amcl]: initialPoseReceived[0m
[amcl-4] [0m[INFO] [1789672557.161598059] [amcl]: Setting pose (1789672557.161598): 5.070 0.121 2.357[0m
[localization_bootstrap-6] [0m[INFO] [1789672557.162091110] [localization_bootstrap]: seed 1/3: x=+5.070 y=+0.121 yaw=+135.0 deg -- awaiting confirmation[0m
[localization_bootstrap-6] [33m[WARN] [1789672557.163092369] [localization_bootstrap]: MEASURED SPAWN is 5.225 m / 135.0 deg from racer_common.frames.SPAWN_* -- OUTSIDE slam_toolbox's +-0.5 m seed search, so any run that falls back to it CANNOT recover and the offset is frozen for the whole run. This run is seeded and therefore fine; the FALLBACK is what is wrong.
[localization_bootstrap-6]     Paste into racer_common/frames.py so bootstrap:=false and bootstrap_mode:=global start somewhere real:
[localization_bootstrap-6]         SPAWN_X = '5.070'
[localization_bootstrap-6]         SPAWN_Y = '0.121'
[localization_bootstrap-6]         SPAWN_YAW = '2.3570'[0m
[amcl-4] [0m[INFO] [1789672557.211953588] [amcl]: Requesting no-motion update[0m
[amcl-4] [0m[INFO] [1789672557.661376734] [amcl]: Requesting no-motion update[0m
[amcl-4] [0m[INFO] [1789672558.112861558] [amcl]: Requesting no-motion update[0m
[localization_error-7] [0m[INFO] [1789672558.558832269] [localization_error]: now[200] 2.140 m / 3.03 deg  |  session[n=10833] mean 0.827 p95 2.587 max 2.933 m, heading mean 2.09 max 20.41 deg[0m
[amcl-4] [0m[INFO] [1789672558.561319382] [amcl]: Requesting no-motion update[0m
[localization_bootstrap-6] [0m[INFO] [1789672558.612666922] [localization_bootstrap]: recovery #48: seed, attempt 1[0m
[amcl-4] [0m[INFO] [1789672558.961375886] [amcl]: Requesting no-motion update[0m
[log_localization-8] [0m[INFO] [1789672559.124749056] [log_localization]:  544.9 s  1884.9 m  err 2.514 m (along -2.514 cross +0.023) yaw  +3.15 deg  m->o yaw  +3.15 deg | fit true 0.010 est 0.198 (x20.66)  enc/true 0.988  dr_err 91.85 m[0m
[localization_bootstrap-6] [0m[INFO] [1789672559.212646151] [localization_bootstrap]: recovery: seed CONFIRMED on attempt 1: the estimate is 18.2 cm / 3.2 deg from truth (pos std 0.178 m). Tracking is now lidar + map + dead reckoning only.[0m
[localization_bootstrap-6] [0m[INFO] [1789672559.214148155] [localization_bootstrap]: CHECKPOINT CANDIDATE (converged after reset): ('5.124', '0.295', '2.412')[0m
[localization_bootstrap-6] [33m[WARN] [1789672560.313000577] [localization_bootstrap]: RESET detected: heading stepped -13 deg in one tick[0m
[localization_bootstrap-6] [33m[WARN] [1789672560.363313686] [localization_bootstrap]: recovery #49: follower held; prior (+5.07, +0.12, +135 deg) -- checkpoint 0.1 m behind the last pose along the track[0m
[amcl-4] [0m[INFO] [1789672560.411397313] [amcl]: initialPoseReceived[0m
[amcl-4] [0m[INFO] [1789672560.411536543] [amcl]: Setting pose (1789672560.411536): 5.070 0.121 2.361[0m
[localization_bootstrap-6] [0m[INFO] [1789672560.412445210] [localization_bootstrap]: seed 1/3: x=+5.070 y=+0.121 yaw=+135.3 deg -- awaiting confirmation[0m
[localization_bootstrap-6] [33m[WARN] [1789672560.413919392] [localization_bootstrap]: MEASURED SPAWN is 5.225 m / 134.7 deg from racer_common.frames.SPAWN_* -- OUTSIDE slam_toolbox's +-0.5 m seed search, so any run that falls back to it CANNOT recover and the offset is frozen for the whole run. This run is seeded and therefore fine; the FALLBACK is what is wrong.
[localization_bootstrap-6]     Paste into racer_common/frames.py so bootstrap:=false and bootstrap_mode:=global start somewhere real:
[localization_bootstrap-6]         SPAWN_X = '5.070'
[localization_bootstrap-6]         SPAWN_Y = '0.121'
[localization_bootstrap-6]         SPAWN_YAW = '2.3609'[0m
[amcl-4] [0m[INFO] [1789672560.461318291] [amcl]: Requesting no-motion update[0m
[localization_bootstrap-6] [0m[INFO] [1789672560.612079556] [localization_bootstrap]: recovery #49: seed, attempt 1[0m
[amcl-4] [0m[INFO] [1789672560.861398859] [amcl]: Requesting no-motion update[0m
[amcl-4] [0m[INFO] [1789672561.311034902] [amcl]: Requesting no-motion update[0m
[amcl-4] [0m[INFO] [1789672561.711226548] [amcl]: Requesting no-motion update[0m
[amcl-4] [0m[INFO] [1789672562.111474058] [amcl]: Requesting no-motion update[0m
[localization_bootstrap-6] [0m[INFO] [1789672562.462277271] [localization_bootstrap]: recovery: seed CONFIRMED on attempt 1: the estimate is 18.6 cm / 3.5 deg from truth (pos std 0.167 m). Tracking is now lidar + map + dead reckoning only.[0m
[localization_bootstrap-6] [0m[INFO] [1789672562.463105397] [localization_bootstrap]: CHECKPOINT CANDIDATE (converged after reset): ('5.138', '0.295', '2.421')[0m
[localization_bootstrap-6] [0m[INFO] [1789672562.612221732] [localization_bootstrap]: recovery #49: creep, attempt 1[0m
[localization_bootstrap-6] [33m[WARN] [1789672563.559531820] [localization_bootstrap]: RESET detected: heading stepped -14 deg in one tick[0m
[localization_error-7] [0m[INFO] [1789672563.560256423] [localization_error]: now[200] 2.104 m / 3.58 deg  |  session[n=10933] mean 0.839 p95 2.587 max 2.933 m, heading mean 2.10 max 20.41 deg[0m
[localization_bootstrap-6] [33m[WARN] [1789672563.562330355] [localization_bootstrap]: recovery #50: follower held; prior (+5.07, +0.12, +135 deg) -- checkpoint 0.1 m behind the last pose along the track[0m
[amcl-4] [0m[INFO] [1789672563.612856271] [amcl]: initialPoseReceived[0m
[amcl-4] [0m[INFO] [1789672563.612962530] [amcl]: Setting pose (1789672563.612962): 5.070 0.121 2.357[0m
[localization_bootstrap-6] [0m[INFO] [1789672563.612917165] [localization_bootstrap]: seed 1/3: x=+5.070 y=+0.121 yaw=+135.1 deg -- awaiting confirmation[0m
[localization_bootstrap-6] [33m[WARN] [1789672563.614179251] [localization_bootstrap]: MEASURED SPAWN is 5.225 m / 134.9 deg from racer_common.frames.SPAWN_* -- OUTSIDE slam_toolbox's +-0.5 m seed search, so any run that falls back to it CANNOT recover and the offset is frozen for the whole run. This run is seeded and therefore fine; the FALLBACK is what is wrong.
[localization_bootstrap-6]     Paste into racer_common/frames.py so bootstrap:=false and bootstrap_mode:=global start somewhere real:
[localization_bootstrap-6]         SPAWN_X = '5.070'
[localization_bootstrap-6]         SPAWN_Y = '0.121'
[localization_bootstrap-6]         SPAWN_YAW = '2.3574'[0m
[amcl-4] [0m[INFO] [1789672563.662595239] [amcl]: Requesting no-motion update[0m
[amcl-4] [0m[INFO] [1789672564.111198424] [amcl]: Requesting no-motion update[0m
[log_localization-8] [0m[INFO] [1789672564.126243011] [log_localization]:  549.9 s  1890.9 m  err 2.600 m (along -2.597 cross +0.109) yaw  +0.47 deg  m->o yaw  +0.46 deg | fit true 0.010 est 0.227 (x23.48)  enc/true 0.987  dr_err 95.59 m[0m
[amcl-4] [0m[INFO] [1789672564.561284998] [amcl]: Requesting no-motion update[0m
[localization_bootstrap-6] [0m[INFO] [1789672564.611674120] [localization_bootstrap]: recovery #50: seed, attempt 1[0m
[amcl-4] [0m[INFO] [1789672564.961514114] [amcl]: Requesting no-motion update[0m
[amcl-4] [0m[INFO] [1789672565.411428898] [amcl]: Requesting no-motion update[0m
[localization_bootstrap-6] [0m[INFO] [1789672565.661649353] [localization_bootstrap]: recovery: seed CONFIRMED on attempt 1: the estimate is 16.6 cm / 2.0 deg from truth (pos std 0.146 m). Tracking is now lidar + map + dead reckoning only.[0m
[localization_bootstrap-6] [0m[INFO] [1789672565.662542751] [localization_bootstrap]: CHECKPOINT CANDIDATE (converged after reset): ('5.141', '0.271', '2.392')[0m
[localization_bootstrap-6] [0m[INFO] [1789672566.612425112] [localization_bootstrap]: recovery #50: creep, attempt 1[0m
[localization_bootstrap-6] [33m[WARN] [1789672566.770155037] [localization_bootstrap]: RESET detected: heading stepped -14 deg in one tick[0m
[localization_bootstrap-6] [33m[WARN] [1789672566.812100194] [localization_bootstrap]: recovery #51: follower held; prior (+5.07, +0.12, +135 deg) -- checkpoint 0.1 m behind the last pose along the track[0m
[amcl-4] [0m[INFO] [1789672566.861405582] [amcl]: initialPoseReceived[0m
[amcl-4] [0m[INFO] [1789672566.861484349] [amcl]: Setting pose (1789672566.861484): 5.070 0.121 2.358[0m
[localization_bootstrap-6] [0m[INFO] [1789672566.862563744] [localization_bootstrap]: seed 1/3: x=+5.070 y=+0.121 yaw=+135.1 deg -- awaiting confirmation[0m
[localization_bootstrap-6] [33m[WARN] [1789672566.864018270] [localization_bootstrap]: MEASURED SPAWN is 5.225 m / 134.9 deg from racer_common.frames.SPAWN_* -- OUTSIDE slam_toolbox's +-0.5 m seed search, so any run that falls back to it CANNOT recover and the offset is frozen for the whole run. This run is seeded and therefore fine; the FALLBACK is what is wrong.
[localization_bootstrap-6]     Paste into racer_common/frames.py so bootstrap:=false and bootstrap_mode:=global start somewhere real:
[localization_bootstrap-6]         SPAWN_X = '5.070'
[localization_bootstrap-6]         SPAWN_Y = '0.121'
[localization_bootstrap-6]         SPAWN_YAW = '2.3578'[0m
[amcl-4] [0m[INFO] [1789672566.911358810] [amcl]: Requesting no-motion update[0m
[amcl-4] [0m[INFO] [1789672567.361197772] [amcl]: Requesting no-motion update[0m
[amcl-4] [0m[INFO] [1789672567.811971599] [amcl]: Requesting no-motion update[0m
[amcl-4] [0m[INFO] [1789672568.261371432] [amcl]: Requesting no-motion update[0m
[localization_error-7] [0m[INFO] [1789672568.555502724] [localization_error]: now[200] 2.119 m / 3.61 deg  |  session[n=11033] mean 0.850 p95 2.587 max 2.933 m, heading mean 2.11 max 20.41 deg[0m
[localization_bootstrap-6] [0m[INFO] [1789672568.612635535] [localization_bootstrap]: recovery #51: seed, attempt 1[0m
[amcl-4] [0m[INFO] [1789672568.711234839] [amcl]: Requesting no-motion update[0m
[localization_bootstrap-6] [0m[INFO] [1789672568.912312891] [localization_bootstrap]: recovery: seed CONFIRMED on attempt 1: the estimate is 16.2 cm / 2.1 deg from truth (pos std 0.155 m). Tracking is now lidar + map + dead reckoning only.[0m
[localization_bootstrap-6] [0m[INFO] [1789672568.913663542] [localization_bootstrap]: CHECKPOINT CANDIDATE (converged after reset): ('5.158', '0.258', '2.395')[0m
[log_localization-8] [0m[INFO] [1789672569.124456070] [log_localization]:  554.9 s  1894.0 m  err 2.377 m (along -2.377 cross +0.026) yaw  +2.26 deg  m->o yaw  +2.27 deg | fit true 0.010 est 0.183 (x19.14)  enc/true 0.986  dr_err 97.62 m[0m
[localization_bootstrap-6] [33m[WARN] [1789672570.043318269] [localization_bootstrap]: RESET detected: heading stepped -15 deg in one tick[0m
[localization_bootstrap-6] [33m[WARN] [1789672570.064080360] [localization_bootstrap]: recovery #52: follower held; prior (+5.07, +0.12, +135 deg) -- checkpoint 0.0 m behind the last pose along the track[0m
[amcl-4] [0m[INFO] [1789672570.111858276] [amcl]: initialPoseReceived[0m
[amcl-4] [0m[INFO] [1789672570.111974724] [amcl]: Setting pose (1789672570.111974): 5.070 0.121 2.356[0m
[localization_bootstrap-6] [0m[INFO] [1789672570.112067777] [localization_bootstrap]: seed 1/3: x=+5.070 y=+0.121 yaw=+135.0 deg -- awaiting confirmation[0m
[localization_bootstrap-6] [33m[WARN] [1789672570.112875656] [localization_bootstrap]: MEASURED SPAWN is 5.225 m / 135.0 deg from racer_common.frames.SPAWN_* -- OUTSIDE slam_toolbox's +-0.5 m seed search, so any run that falls back to it CANNOT recover and the offset is frozen for the whole run. This run is seeded and therefore fine; the FALLBACK is what is wrong.
[localization_bootstrap-6]     Paste into racer_common/frames.py so bootstrap:=false and bootstrap_mode:=global start somewhere real:
[localization_bootstrap-6]         SPAWN_X = '5.070'
[localization_bootstrap-6]         SPAWN_Y = '0.121'
[localization_bootstrap-6]         SPAWN_YAW = '2.3559'[0m
[amcl-4] [0m[INFO] [1789672570.162285639] [amcl]: Requesting no-motion update[0m
[amcl-4] [0m[INFO] [1789672570.611731988] [amcl]: Requesting no-motion update[0m
[localization_bootstrap-6] [0m[INFO] [1789672570.613393149] [localization_bootstrap]: recovery #52: seed, attempt 1[0m
[amcl-4] [0m[INFO] [1789672571.062579824] [amcl]: Requesting no-motion update[0m
[amcl-4] [0m[INFO] [1789672571.511333340] [amcl]: Requesting no-motion update[0m
[amcl-4] [0m[INFO] [1789672571.911288865] [amcl]: Requesting no-motion update[0m
[localization_bootstrap-6] [0m[INFO] [1789672572.162286701] [localization_bootstrap]: recovery: seed CONFIRMED on attempt 1: the estimate is 16.9 cm / 2.4 deg from truth (pos std 0.163 m). Tracking is now lidar + map + dead reckoning only.[0m
[localization_bootstrap-6] [0m[INFO] [1789672572.163036561] [localization_bootstrap]: CHECKPOINT CANDIDATE (converged after reset): ('5.145', '0.272', '2.398')[0m
[localization_bootstrap-6] [0m[INFO] [1789672572.612130853] [localization_bootstrap]: recovery #52: creep, attempt 1[0m
[localization_bootstrap-6] [33m[WARN] [1789672573.277379302] [localization_bootstrap]: RESET detected: heading stepped -15 deg in one tick[0m
[localization_bootstrap-6] [33m[WARN] [1789672573.312367581] [localization_bootstrap]: recovery #53: follower held; prior (+5.07, +0.12, +135 deg) -- checkpoint 0.1 m behind the last pose along the track[0m
[amcl-4] [0m[INFO] [1789672573.362254185] [amcl]: initialPoseReceived[0m
[amcl-4] [0m[INFO] [1789672573.362335005] [amcl]: Setting pose (1789672573.362335): 5.070 0.121 2.356[0m
[localization_bootstrap-6] [0m[INFO] [1789672573.364228230] [localization_bootstrap]: seed 1/3: x=+5.070 y=+0.121 yaw=+135.0 deg -- awaiting confirmation[0m
[localization_bootstrap-6] [33m[WARN] [1789672573.366431894] [localization_bootstrap]: MEASURED SPAWN is 5.225 m / 135.0 deg from racer_common.frames.SPAWN_* -- OUTSIDE slam_toolbox's +-0.5 m seed search, so any run that falls back to it CANNOT recover and the offset is frozen for the whole run. This run is seeded and therefore fine; the FALLBACK is what is wrong.
[localization_bootstrap-6]     Paste into racer_common/frames.py so bootstrap:=false and bootstrap_mode:=global start somewhere real:
[localization_bootstrap-6]         SPAWN_X = '5.070'
[localization_bootstrap-6]         SPAWN_Y = '0.121'
[localization_bootstrap-6]         SPAWN_YAW = '2.3564'[0m
[amcl-4] [0m[INFO] [1789672573.411814919] [amcl]: Requesting no-motion update[0m
[localization_error-7] [0m[INFO] [1789672573.557956170] [localization_error]: now[200] 2.090 m / 3.32 deg  |  session[n=11133] mean 0.861 p95 2.587 max 2.933 m, heading mean 2.12 max 20.41 deg[0m
[amcl-4] [0m[INFO] [1789672573.811173370] [amcl]: Requesting no-motion update[0m
[log_localization-8] [0m[INFO] [1789672574.128247985] [log_localization]:  560.0 s  1900.2 m  err 2.593 m (along -2.592 cross +0.065) yaw  +1.67 deg  m->o yaw  +1.67 deg | fit true 0.010 est 0.216 (x22.33)  enc/true 0.985  dr_err 101.15 m[0m
[amcl-4] [0m[INFO] [1789672574.211978210] [amcl]: Requesting no-motion update[0m
[localization_bootstrap-6] [0m[INFO] [1789672574.612247581] [localization_bootstrap]: recovery #53: seed, attempt 1[0m
[amcl-4] [0m[INFO] [1789672574.661487066] [amcl]: Requesting no-motion update[0m
[amcl-4] [0m[INFO] [1789672575.111331208] [amcl]: Requesting no-motion update[0m
[localization_bootstrap-6] [0m[INFO] [1789672575.411528375] [localization_bootstrap]: recovery: seed CONFIRMED on attempt 1: the estimate is 16.3 cm / 3.2 deg from truth (pos std 0.154 m). Tracking is now lidar + map + dead reckoning only.[0m
[localization_bootstrap-6] [0m[INFO] [1789672575.412057142] [localization_bootstrap]: CHECKPOINT CANDIDATE (converged after reset): ('5.162', '0.256', '2.411')[0m
[localization_bootstrap-6] [33m[WARN] [1789672576.514751536] [localization_bootstrap]: RESET detected: heading stepped -15 deg in one tick[0m
[localization_bootstrap-6] [33m[WARN] [1789672576.563862391] [localization_bootstrap]: recovery #54: follower held; prior (+5.07, +0.12, +135 deg) -- checkpoint 0.0 m behind the last pose along the track[0m
[amcl-4] [0m[INFO] [1789672576.611540181] [amcl]: initialPoseReceived[0m
[amcl-4] [0m[INFO] [1789672576.611626432] [amcl]: Setting pose (1789672576.611626): 5.070 0.121 2.359[0m
[localization_bootstrap-6] [0m[INFO] [1789672576.612841740] [localization_bootstrap]: seed 1/3: x=+5.070 y=+0.121 yaw=+135.2 deg -- awaiting confirmation[0m
[localization_bootstrap-6] [33m[WARN] [1789672576.614217539] [localization_bootstrap]: MEASURED SPAWN is 5.225 m / 134.8 deg from racer_common.frames.SPAWN_* -- OUTSIDE slam_toolbox's +-0.5 m seed search, so any run that falls back to it CANNOT recover and the offset is frozen for the whole run. This run is seeded and therefore fine; the FALLBACK is what is wrong.
[localization_bootstrap-6]     Paste into racer_common/frames.py so bootstrap:=false and bootstrap_mode:=global start somewhere real:
[localization_bootstrap-6]         SPAWN_X = '5.070'
[localization_bootstrap-6]         SPAWN_Y = '0.121'
[localization_bootstrap-6]         SPAWN_YAW = '2.3591'[0m
[localization_bootstrap-6] [0m[INFO] [1789672576.615117820] [localization_bootstrap]: recovery #54: seed, attempt 1[0m
[amcl-4] [0m[INFO] [1789672576.661170124] [amcl]: Requesting no-motion update[0m
[amcl-4] [0m[INFO] [1789672577.061380024] [amcl]: Requesting no-motion update[0m
[amcl-4] [0m[INFO] [1789672577.511723558] [amcl]: Requesting no-motion update[0m
[amcl-4] [0m[INFO] [1789672577.961397382] [amcl]: Requesting no-motion update[0m
[amcl-4] [0m[INFO] [1789672578.411308058] [amcl]: Requesting no-motion update[0m
[localization_error-7] [0m[INFO] [1789672578.558325254] [localization_error]: now[200] 2.145 m / 3.31 deg  |  session[n=11233] mean 0.873 p95 2.587 max 2.933 m, heading mean 2.13 max 20.41 deg[0m
[localization_bootstrap-6] [0m[INFO] [1789672578.612103643] [localization_bootstrap]: recovery #54: seed, attempt 1[0m
[localization_bootstrap-6] [0m[INFO] [1789672578.661866044] [localization_bootstrap]: recovery: seed CONFIRMED on attempt 1: the estimate is 18.8 cm / 2.5 deg from truth (pos std 0.158 m). Tracking is now lidar + map + dead reckoning only.[0m
[localization_bootstrap-6] [0m[INFO] [1789672578.662583433] [localization_bootstrap]: CHECKPOINT CANDIDATE (converged after reset): ('5.113', '0.304', '2.402')[0m
[log_localization-8] [0m[INFO] [1789672579.124938562] [log_localization]:  564.9 s  1903.7 m  err 2.075 m (along -2.075 cross +0.046) yaw  +3.04 deg  m->o yaw  +3.03 deg | fit true 0.010 est 0.117 (x11.85)  enc/true 0.984  dr_err 103.36 m[0m
[localization_bootstrap-6] [33m[WARN] [1789672579.779000547] [localization_bootstrap]: RESET detected: heading stepped -14 deg in one tick[0m
[localization_bootstrap-6] [33m[WARN] [1789672579.813354702] [localization_bootstrap]: recovery #55: follower held; prior (+5.07, +0.12, +135 deg) -- checkpoint 0.1 m behind the last pose along the track[0m
[amcl-4] [0m[INFO] [1789672579.861370333] [amcl]: initialPoseReceived[0m
[amcl-4] [0m[INFO] [1789672579.861433330] [amcl]: Setting pose (1789672579.861433): 5.070 0.121 2.357[0m
[localization_bootstrap-6] [0m[INFO] [1789672579.861905712] [localization_bootstrap]: seed 1/3: x=+5.070 y=+0.121 yaw=+135.0 deg -- awaiting confirmation[0m
[localization_bootstrap-6] [33m[WARN] [1789672579.862581193] [localization_bootstrap]: MEASURED SPAWN is 5.225 m / 135.0 deg from racer_common.frames.SPAWN_* -- OUTSIDE slam_toolbox's +-0.5 m seed search, so any run that falls back to it CANNOT recover and the offset is frozen for the whole run. This run is seeded and therefore fine; the FALLBACK is what is wrong.
[localization_bootstrap-6]     Paste into racer_common/frames.py so bootstrap:=false and bootstrap_mode:=global start somewhere real:
[localization_bootstrap-6]         SPAWN_X = '5.070'
[localization_bootstrap-6]         SPAWN_Y = '0.121'
[localization_bootstrap-6]         SPAWN_YAW = '2.3570'[0m
[amcl-4] [0m[INFO] [1789672579.911232139] [amcl]: Requesting no-motion update[0m
[amcl-4] [0m[INFO] [1789672580.311271491] [amcl]: Requesting no-motion update[0m
[localization_bootstrap-6] [0m[INFO] [1789672580.612982864] [localization_bootstrap]: recovery #55: seed, attempt 1[0m
[amcl-4] [0m[INFO] [1789672580.711608768] [amcl]: Requesting no-motion update[0m
[amcl-4] [0m[INFO] [1789672581.161175022] [amcl]: Requesting no-motion update[0m
[amcl-4] [0m[INFO] [1789672581.561233499] [amcl]: Requesting no-motion update[0m
[localization_bootstrap-6] [0m[INFO] [1789672581.911823193] [localization_bootstrap]: recovery: seed CONFIRMED on attempt 1: the estimate is 12.7 cm / 1.6 deg from truth (pos std 0.182 m). Tracking is now lidar + map + dead reckoning only.[0m
[localization_bootstrap-6] [0m[INFO] [1789672581.912677077] [localization_bootstrap]: CHECKPOINT CANDIDATE (converged after reset): ('5.139', '0.228', '2.385')[0m
[localization_bootstrap-6] [0m[INFO] [1789672582.613654589] [localization_bootstrap]: recovery #55: creep, attempt 1[0m
[localization_error-7] [0m[INFO] [1789672583.558245400] [localization_error]: now[200] 2.228 m / 3.19 deg  |  session[n=11333] mean 0.885 p95 2.588 max 2.933 m, heading mean 2.14 max 20.41 deg[0m
[log_localization-8] [0m[INFO] [1789672584.126095908] [log_localization]:  569.9 s  1906.4 m  err 2.573 m (along -2.572 cross +0.061) yaw  +1.64 deg  m->o yaw  +1.64 deg | fit true 0.010 est 0.214 (x22.32)  enc/true 0.983  dr_err 104.82 m[0m
[localization_bootstrap-6] [0m[INFO] [1789672584.612427177] [localization_bootstrap]: recovery #55: creep, attempt 1[0m
[localization_bootstrap-6] [0m[INFO] [1789672584.912073215] [localization_bootstrap]: recovery #55 complete in 5.1 s; follower resumes[0m
[pure_pursuit-10] [0m[INFO] [1789672584.912412078] [pure_pursuit]: localization converged, taking over[0m
[localization_error-7] [0m[INFO] [1789672588.557312003] [localization_error]: now[200] 2.423 m / 2.25 deg  |  session[n=11433] mean 0.900 p95 2.587 max 2.933 m, heading mean 2.14 max 20.41 deg[0m
[log_localization-8] [0m[INFO] [1789672589.126338246] [log_localization]:  575.0 s  1906.4 m  err 2.573 m (along -2.572 cross +0.061) yaw  +1.64 deg  m->o yaw  +1.64 deg | fit true 0.010 est 0.214 (x22.32)  enc/true 0.983  dr_err 104.82 m[0m
[localization_error-7] [0m[INFO] [1789672591.001998557] [localization_error]: waiting for TF map -> roboracer_1: Lookup would require extrapolation into the past.  Requested time 1789672581.012857 but the earliest data is at time 1789672581.017204, when looking up transform from frame [roboracer_1] to frame [map][0m
[localization_error-7] [0m[INFO] [1789672593.555424475] [localization_error]: now[200] 2.573 m / 1.64 deg  |  session[n=11481] mean 0.907 p95 2.587 max 2.933 m, heading mean 2.13 max 20.41 deg[0m
[log_localization-8] [0m[INFO] [1789672594.125085272] [log_localization]:  579.9 s  1906.4 m  err 2.573 m (along -2.572 cross +0.061) yaw  +1.64 deg  m->o yaw  +1.64 deg | fit true 0.010 est 0.214 (x22.32)  enc/true 0.983  dr_err 104.82 m[0m
[localization_error-7] [0m[INFO] [1789672598.556238761] [localization_error]: now[200] 2.573 m / 1.64 deg  |  session[n=11481] mean 0.907 p95 2.587 max 2.933 m, heading mean 2.13 max 20.41 deg[0m
[log_localization-8] [0m[INFO] [1789672599.127079631] [log_localization]:  584.9 s  1906.4 m  err 2.573 m (along -2.572 cross +0.061) yaw  +1.64 deg  m->o yaw  +1.64 deg | fit true 0.010 est 0.214 (x22.32)  enc/true 0.983  dr_err 104.82 m[0m
[localization_error-7] [0m[INFO] [1789672603.559375342] [localization_error]: now[200] 2.573 m / 1.64 deg  |  session[n=11481] mean 0.907 p95 2.587 max 2.933 m, heading mean 2.13 max 20.41 deg[0m
[log_localization-8] [0m[INFO] [1789672604.125861001] [log_localization]:  589.9 s  1906.4 m  err 2.573 m (along -2.572 cross +0.061) yaw  +1.64 deg  m->o yaw  +1.64 deg | fit true 0.010 est 0.214 (x22.32)  enc/true 0.983  dr_err 104.82 m[0m
[localization_error-7] [0m[INFO] [1789672608.560095381] [localization_error]: now[200] 2.573 m / 1.64 deg  |  session[n=11481] mean 0.907 p95 2.587 max 2.933 m, heading mean 2.13 max 20.41 deg[0m
[log_localization-8] [0m[INFO] [1789672609.126887944] [log_localization]:  594.9 s  1906.4 m  err 2.573 m (along -2.572 cross +0.061) yaw  +1.64 deg  m->o yaw  +1.64 deg | fit true 0.010 est 0.214 (x22.32)  enc/true 0.983  dr_err 104.82 m[0m
[localization_error-7] [0m[INFO] [1789672613.557166329] [localization_error]: now[200] 2.573 m / 1.64 deg  |  session[n=11481] mean 0.907 p95 2.587 max 2.933 m, heading mean 2.13 max 20.41 deg[0m
[log_localization-8] [0m[INFO] [1789672614.125056059] [log_localization]:  599.9 s  1906.4 m  err 2.573 m (along -2.572 cross +0.061) yaw  +1.64 deg  m->o yaw  +1.64 deg | fit true 0.010 est 0.214 (x22.32)  enc/true 0.983  dr_err 104.82 m[0m
[localization_error-7] [0m[INFO] [1789672618.554944807] [localization_error]: now[200] 2.573 m / 1.64 deg  |  session[n=11481] mean 0.907 p95 2.587 max 2.933 m, heading mean 2.13 max 20.41 deg[0m
[log_localization-8] [0m[INFO] [1789672619.125069630] [log_localization]:  604.9 s  1906.4 m  err 2.573 m (along -2.572 cross +0.061) yaw  +1.64 deg  m->o yaw  +1.64 deg | fit true 0.010 est 0.214 (x22.32)  enc/true 0.983  dr_err 104.82 m[0m
[localization_error-7] [0m[INFO] [1789672623.556964974] [localization_error]: now[200] 2.573 m / 1.64 deg  |  session[n=11481] mean 0.907 p95 2.587 max 2.933 m, heading mean 2.13 max 20.41 deg[0m
[log_localization-8] [0m[INFO] [1789672624.124906461] [log_localization]:  609.9 s  1906.4 m  err 2.573 m (along -2.572 cross +0.061) yaw  +1.64 deg  m->o yaw  +1.64 deg | fit true 0.010 est 0.214 (x22.32)  enc/true 0.983  dr_err 104.82 m[0m
[localization_error-7] [0m[INFO] [1789672628.557560392] [localization_error]: now[200] 2.573 m / 1.64 deg  |  session[n=11481] mean 0.907 p95 2.587 max 2.933 m, heading mean 2.13 max 20.41 deg[0m
[log_localization-8] [0m[INFO] [1789672629.126747244] [log_localization]:  615.0 s  1906.4 m  err 2.573 m (along -2.572 cross +0.061) yaw  +1.64 deg  m->o yaw  +1.64 deg | fit true 0.010 est 0.214 (x22.32)  enc/true 0.983  dr_err 104.82 m[0m
[localization_error-7] [0m[INFO] [1789672633.555336325] [localization_error]: now[200] 2.573 m / 1.64 deg  |  session[n=11481] mean 0.907 p95 2.587 max 2.933 m, heading mean 2.13 max 20.41 deg[0m
[log_localization-8] [0m[INFO] [1789672634.127072427] [log_localization]:  619.9 s  1906.4 m  err 2.573 m (along -2.572 cross +0.061) yaw  +1.64 deg  m->o yaw  +1.64 deg | fit true 0.010 est 0.214 (x22.32)  enc/true 0.983  dr_err 104.82 m[0m
[localization_error-7] [0m[INFO] [1789672638.555274385] [localization_error]: now[200] 2.573 m / 1.64 deg  |  session[n=11481] mean 0.907 p95 2.587 max 2.933 m, heading mean 2.13 max 20.41 deg[0m
[log_localization-8] [0m[INFO] [1789672639.124812253] [log_localization]:  624.9 s  1906.4 m  err 2.573 m (along -2.572 cross +0.061) yaw  +1.64 deg  m->o yaw  +1.64 deg | fit true 0.010 est 0.214 (x22.32)  enc/true 0.983  dr_err 104.82 m[0m
[localization_error-7] [0m[INFO] [1789672643.557358832] [localization_error]: now[200] 2.573 m / 1.64 deg  |  session[n=11481] mean 0.907 p95 2.587 max 2.933 m, heading mean 2.13 max 20.41 deg[0m
[log_localization-8] [0m[INFO] [1789672644.125357546] [log_localization]:  629.9 s  1906.4 m  err 2.573 m (along -2.572 cross +0.061) yaw  +1.64 deg  m->o yaw  +1.64 deg | fit true 0.010 est 0.214 (x22.32)  enc/true 0.983  dr_err 104.82 m[0m
[localization_error-7] [0m[INFO] [1789672648.558688210] [localization_error]: now[200] 2.573 m / 1.64 deg  |  session[n=11481] mean 0.907 p95 2.587 max 2.933 m, heading mean 2.13 max 20.41 deg[0m
[log_localization-8] [0m[INFO] [1789672649.125411683] [log_localization]:  634.9 s  1906.4 m  err 2.573 m (along -2.572 cross +0.061) yaw  +1.64 deg  m->o yaw  +1.64 deg | fit true 0.010 est 0.214 (x22.32)  enc/true 0.983  dr_err 104.82 m[0m
[localization_error-7] [0m[INFO] [1789672653.557798694] [localization_error]: now[200] 2.573 m / 1.64 deg  |  session[n=11481] mean 0.907 p95 2.587 max 2.933 m, heading mean 2.13 max 20.41 deg[0m
[log_localization-8] [0m[INFO] [1789672654.127558777] [log_localization]:  640.0 s  1906.4 m  err 2.573 m (along -2.572 cross +0.061) yaw  +1.64 deg  m->o yaw  +1.64 deg | fit true 0.010 est 0.214 (x22.32)  enc/true 0.983  dr_err 104.82 m[0m
[localization_error-7] [0m[INFO] [1789672658.558641002] [localization_error]: now[200] 2.573 m / 1.64 deg  |  session[n=11481] mean 0.907 p95 2.587 max 2.933 m, heading mean 2.13 max 20.41 deg[0m
[log_localization-8] [0m[INFO] [1789672659.126514953] [log_localization]:  644.9 s  1906.4 m  err 2.573 m (along -2.572 cross +0.061) yaw  +1.64 deg  m->o yaw  +1.64 deg | fit true 0.010 est 0.214 (x22.32)  enc/true 0.983  dr_err 104.82 m[0m
[localization_error-7] [0m[INFO] [1789672663.555227585] [localization_error]: now[200] 2.573 m / 1.64 deg  |  session[n=11481] mean 0.907 p95 2.587 max 2.933 m, heading mean 2.13 max 20.41 deg[0m
[log_localization-8] [0m[INFO] [1789672664.126538613] [log_localization]:  650.0 s  1906.4 m  err 2.573 m (along -2.572 cross +0.061) yaw  +1.64 deg  m->o yaw  +1.64 deg | fit true 0.010 est 0.214 (x22.32)  enc/true 0.983  dr_err 104.82 m[0m
[localization_error-7] [0m[INFO] [1789672668.559293381] [localization_error]: now[200] 2.573 m / 1.64 deg  |  session[n=11481] mean 0.907 p95 2.587 max 2.933 m, heading mean 2.13 max 20.41 deg[0m
[log_localization-8] [0m[INFO] [1789672669.125476225] [log_localization]:  654.9 s  1906.4 m  err 2.573 m (along -2.572 cross +0.061) yaw  +1.64 deg  m->o yaw  +1.64 deg | fit true 0.010 est 0.214 (x22.32)  enc/true 0.983  dr_err 104.82 m[0m
[localization_error-7] [0m[INFO] [1789672673.557310996] [localization_error]: now[200] 2.573 m / 1.64 deg  |  session[n=11481] mean 0.907 p95 2.587 max 2.933 m, heading mean 2.13 max 20.41 deg[0m
[log_localization-8] [0m[INFO] [1789672674.125220353] [log_localization]:  659.9 s  1906.4 m  err 2.573 m (along -2.572 cross +0.061) yaw  +1.64 deg  m->o yaw  +1.64 deg | fit true 0.010 est 0.214 (x22.32)  enc/true 0.983  dr_err 104.82 m[0m
[localization_error-7] [0m[INFO] [1789672678.557087835] [localization_error]: now[200] 2.573 m / 1.64 deg  |  session[n=11481] mean 0.907 p95 2.587 max 2.933 m, heading mean 2.13 max 20.41 deg[0m
[log_localization-8] [0m[INFO] [1789672679.126357902] [log_localization]:  664.9 s  1906.4 m  err 2.573 m (along -2.572 cross +0.061) yaw  +1.64 deg  m->o yaw  +1.64 deg | fit true 0.010 est 0.214 (x22.32)  enc/true 0.983  dr_err 104.82 m[0m
[localization_error-7] [0m[INFO] [1789672683.557523844] [localization_error]: now[200] 2.573 m / 1.64 deg  |  session[n=11481] mean 0.907 p95 2.587 max 2.933 m, heading mean 2.13 max 20.41 deg[0m
[log_localization-8] [0m[INFO] [1789672684.125756595] [log_localization]:  669.9 s  1906.4 m  err 2.573 m (along -2.572 cross +0.061) yaw  +1.64 deg  m->o yaw  +1.64 deg | fit true 0.010 est 0.214 (x22.32)  enc/true 0.983  dr_err 104.82 m[0m
[localization_error-7] [0m[INFO] [1789672688.556826027] [localization_error]: now[200] 2.573 m / 1.64 deg  |  session[n=11481] mean 0.907 p95 2.587 max 2.933 m, heading mean 2.13 max 20.41 deg[0m
[log_localization-8] [0m[INFO] [1789672689.124546411] [log_localization]:  674.9 s  1906.4 m  err 2.573 m (along -2.572 cross +0.061) yaw  +1.64 deg  m->o yaw  +1.64 deg | fit true 0.010 est 0.214 (x22.32)  enc/true 0.983  dr_err 104.82 m[0m
[localization_error-7] [0m[INFO] [1789672693.555616073] [localization_error]: now[200] 2.573 m / 1.64 deg  |  session[n=11481] mean 0.907 p95 2.587 max 2.933 m, heading mean 2.13 max 20.41 deg[0m
[log_localization-8] [0m[INFO] [1789672694.125881579] [log_localization]:  679.9 s  1906.4 m  err 2.573 m (along -2.572 cross +0.061) yaw  +1.64 deg  m->o yaw  +1.64 deg | fit true 0.010 est 0.214 (x22.32)  enc/true 0.983  dr_err 104.82 m[0m
[localization_error-7] [0m[INFO] [1789672698.554910351] [localization_error]: now[200] 2.573 m / 1.64 deg  |  session[n=11481] mean 0.907 p95 2.587 max 2.933 m, heading mean 2.13 max 20.41 deg[0m
[log_localization-8] [0m[INFO] [1789672699.127443010] [log_localization]:  685.0 s  1906.4 m  err 2.573 m (along -2.572 cross +0.061) yaw  +1.64 deg  m->o yaw  +1.64 deg | fit true 0.010 est 0.214 (x22.32)  enc/true 0.983  dr_err 104.82 m[0m
[localization_error-7] [0m[INFO] [1789672703.555765493] [localization_error]: now[200] 2.573 m / 1.64 deg  |  session[n=11481] mean 0.907 p95 2.587 max 2.933 m, heading mean 2.13 max 20.41 deg[0m
[log_localization-8] [0m[INFO] [1789672704.126317043] [log_localization]:  689.9 s  1906.4 m  err 2.573 m (along -2.572 cross +0.061) yaw  +1.64 deg  m->o yaw  +1.64 deg | fit true 0.010 est 0.214 (x22.32)  enc/true 0.983  dr_err 104.82 m[0m
[localization_error-7] [0m[INFO] [1789672708.557453530] [localization_error]: now[200] 2.573 m / 1.64 deg  |  session[n=11481] mean 0.907 p95 2.587 max 2.933 m, heading mean 2.13 max 20.41 deg[0m
[log_localization-8] [0m[INFO] [1789672709.126734768] [log_localization]:  694.9 s  1906.4 m  err 2.573 m (along -2.572 cross +0.061) yaw  +1.64 deg  m->o yaw  +1.64 deg | fit true 0.010 est 0.214 (x22.32)  enc/true 0.983  dr_err 104.82 m[0m
[localization_error-7] [0m[INFO] [1789672713.557724912] [localization_error]: now[200] 2.573 m / 1.64 deg  |  session[n=11481] mean 0.907 p95 2.587 max 2.933 m, heading mean 2.13 max 20.41 deg[0m
[log_localization-8] [0m[INFO] [1789672714.124822444] [log_localization]:  699.9 s  1906.4 m  err 2.573 m (along -2.572 cross +0.061) yaw  +1.64 deg  m->o yaw  +1.64 deg | fit true 0.010 est 0.214 (x22.32)  enc/true 0.983  dr_err 104.82 m[0m
[localization_error-7] [0m[INFO] [1789672718.555261719] [localization_error]: now[200] 2.573 m / 1.64 deg  |  session[n=11481] mean 0.907 p95 2.587 max 2.933 m, heading mean 2.13 max 20.41 deg[0m
[log_localization-8] [0m[INFO] [1789672719.126453644] [log_localization]:  704.9 s  1906.4 m  err 2.573 m (along -2.572 cross +0.061) yaw  +1.64 deg  m->o yaw  +1.64 deg | fit true 0.010 est 0.214 (x22.32)  enc/true 0.983  dr_err 104.82 m[0m
[localization_error-7] [0m[INFO] [1789672723.559093528] [localization_error]: now[200] 2.573 m / 1.64 deg  |  session[n=11481] mean 0.907 p95 2.587 max 2.933 m, heading mean 2.13 max 20.41 deg[0m
[log_localization-8] [0m[INFO] [1789672724.125003543] [log_localization]:  709.9 s  1906.4 m  err 2.573 m (along -2.572 cross +0.061) yaw  +1.64 deg  m->o yaw  +1.64 deg | fit true 0.010 est 0.214 (x22.32)  enc/true 0.983  dr_err 104.82 m[0m
[localization_error-7] [0m[INFO] [1789672728.554989141] [localization_error]: now[200] 2.573 m / 1.64 deg  |  session[n=11481] mean 0.907 p95 2.587 max 2.933 m, heading mean 2.13 max 20.41 deg[0m
[log_localization-8] [0m[INFO] [1789672729.127840164] [log_localization]:  715.0 s  1906.4 m  err 2.573 m (along -2.572 cross +0.061) yaw  +1.64 deg  m->o yaw  +1.64 deg | fit true 0.010 est 0.214 (x22.32)  enc/true 0.983  dr_err 104.82 m[0m
[localization_error-7] [0m[INFO] [1789672733.555499630] [localization_error]: now[200] 2.573 m / 1.64 deg  |  session[n=11481] mean 0.907 p95 2.587 max 2.933 m, heading mean 2.13 max 20.41 deg[0m
[log_localization-8] [0m[INFO] [1789672734.125915496] [log_localization]:  719.9 s  1906.4 m  err 2.573 m (along -2.572 cross +0.061) yaw  +1.64 deg  m->o yaw  +1.64 deg | fit true 0.010 est 0.214 (x22.32)  enc/true 0.983  dr_err 104.82 m[0m
[localization_error-7] [0m[INFO] [1789672738.555251161] [localization_error]: now[200] 2.573 m / 1.64 deg  |  session[n=11481] mean 0.907 p95 2.587 max 2.933 m, heading mean 2.13 max 20.41 deg[0m
[log_localization-8] [0m[INFO] [1789672739.124690374] [log_localization]:  724.9 s  1906.4 m  err 2.573 m (along -2.572 cross +0.061) yaw  +1.64 deg  m->o yaw  +1.64 deg | fit true 0.010 est 0.214 (x22.32)  enc/true 0.983  dr_err 104.82 m[0m
[localization_error-7] [0m[INFO] [1789672743.557132470] [localization_error]: now[200] 2.573 m / 1.64 deg  |  session[n=11481] mean 0.907 p95 2.587 max 2.933 m, heading mean 2.13 max 20.41 deg[0m
[log_localization-8] [0m[INFO] [1789672744.127411473] [log_localization]:  730.0 s  1906.4 m  err 2.573 m (along -2.572 cross +0.061) yaw  +1.64 deg  m->o yaw  +1.64 deg | fit true 0.010 est 0.214 (x22.32)  enc/true 0.983  dr_err 104.82 m[0m
[localization_error-7] [0m[INFO] [1789672748.557776009] [localization_error]: now[200] 2.573 m / 1.64 deg  |  session[n=11481] mean 0.907 p95 2.587 max 2.933 m, heading mean 2.13 max 20.41 deg[0m
[log_localization-8] [0m[INFO] [1789672749.125240064] [log_localization]:  734.9 s  1906.4 m  err 2.573 m (along -2.572 cross +0.061) yaw  +1.64 deg  m->o yaw  +1.64 deg | fit true 0.010 est 0.214 (x22.32)  enc/true 0.983  dr_err 104.82 m[0m
[localization_error-7] [0m[INFO] [1789672753.559578158] [localization_error]: now[200] 2.573 m / 1.64 deg  |  session[n=11481] mean 0.907 p95 2.587 max 2.933 m, heading mean 2.13 max 20.41 deg[0m
[log_localization-8] [0m[INFO] [1789672754.124593873] [log_localization]:  739.9 s  1906.4 m  err 2.573 m (along -2.572 cross +0.061) yaw  +1.64 deg  m->o yaw  +1.64 deg | fit true 0.010 est 0.214 (x22.32)  enc/true 0.983  dr_err 104.82 m[0m
[localization_error-7] [0m[INFO] [1789672758.556624570] [localization_error]: now[200] 2.573 m / 1.64 deg  |  session[n=11481] mean 0.907 p95 2.587 max 2.933 m, heading mean 2.13 max 20.41 deg[0m
[log_localization-8] [0m[INFO] [1789672759.125066251] [log_localization]:  744.9 s  1906.4 m  err 2.573 m (along -2.572 cross +0.061) yaw  +1.64 deg  m->o yaw  +1.64 deg | fit true 0.010 est 0.214 (x22.32)  enc/true 0.983  dr_err 104.82 m[0m
[localization_error-7] [0m[INFO] [1789672763.556957757] [localization_error]: now[200] 2.573 m / 1.64 deg  |  session[n=11481] mean 0.907 p95 2.587 max 2.933 m, heading mean 2.13 max 20.41 deg[0m
[log_localization-8] [0m[INFO] [1789672764.125177534] [log_localization]:  749.9 s  1906.4 m  err 2.573 m (along -2.572 cross +0.061) yaw  +1.64 deg  m->o yaw  +1.64 deg | fit true 0.010 est 0.214 (x22.32)  enc/true 0.983  dr_err 104.82 m[0m
[localization_error-7] [0m[INFO] [1789672768.556231908] [localization_error]: now[200] 2.573 m / 1.64 deg  |  session[n=11481] mean 0.907 p95 2.587 max 2.933 m, heading mean 2.13 max 20.41 deg[0m
[log_localization-8] [0m[INFO] [1789672769.126468109] [log_localization]:  754.9 s  1906.4 m  err 2.573 m (along -2.572 cross +0.061) yaw  +1.64 deg  m->o yaw  +1.64 deg | fit true 0.010 est 0.214 (x22.32)  enc/true 0.983  dr_err 104.82 m[0m
[localization_error-7] [0m[INFO] [1789672773.557461459] [localization_error]: now[200] 2.573 m / 1.64 deg  |  session[n=11481] mean 0.907 p95 2.587 max 2.933 m, heading mean 2.13 max 20.41 deg[0m
[log_localization-8] [0m[INFO] [1789672774.124887774] [log_localization]:  759.9 s  1906.4 m  err 2.573 m (along -2.572 cross +0.061) yaw  +1.64 deg  m->o yaw  +1.64 deg | fit true 0.010 est 0.214 (x22.32)  enc/true 0.983  dr_err 104.82 m[0m
[localization_error-7] [0m[INFO] [1789672778.555095106] [localization_error]: now[200] 2.573 m / 1.64 deg  |  session[n=11481] mean 0.907 p95 2.587 max 2.933 m, heading mean 2.13 max 20.41 deg[0m
[log_localization-8] [0m[INFO] [1789672779.126141530] [log_localization]:  764.9 s  1906.4 m  err 2.573 m (along -2.572 cross +0.061) yaw  +1.64 deg  m->o yaw  +1.64 deg | fit true 0.010 est 0.214 (x22.32)  enc/true 0.983  dr_err 104.82 m[0m
[localization_error-7] [0m[INFO] [1789672783.555225325] [localization_error]: now[200] 2.573 m / 1.64 deg  |  session[n=11481] mean 0.907 p95 2.587 max 2.933 m, heading mean 2.13 max 20.41 deg[0m
[log_localization-8] [0m[INFO] [1789672784.126512528] [log_localization]:  769.9 s  1906.4 m  err 2.573 m (along -2.572 cross +0.061) yaw  +1.64 deg  m->o yaw  +1.64 deg | fit true 0.010 est 0.214 (x22.32)  enc/true 0.983  dr_err 104.82 m[0m
[localization_error-7] [0m[INFO] [1789672788.557391304] [localization_error]: now[200] 2.573 m / 1.64 deg  |  session[n=11481] mean 0.907 p95 2.587 max 2.933 m, heading mean 2.13 max 20.41 deg[0m
[log_localization-8] [0m[INFO] [1789672789.125070551] [log_localization]:  774.9 s  1906.4 m  err 2.573 m (along -2.572 cross +0.061) yaw  +1.64 deg  m->o yaw  +1.64 deg | fit true 0.010 est 0.214 (x22.32)  enc/true 0.983  dr_err 104.82 m[0m
[localization_error-7] [0m[INFO] [1789672793.558050470] [localization_error]: now[200] 2.573 m / 1.64 deg  |  session[n=11481] mean 0.907 p95 2.587 max 2.933 m, heading mean 2.13 max 20.41 deg[0m
[log_localization-8] [0m[INFO] [1789672794.125957713] [log_localization]:  779.9 s  1906.4 m  err 2.573 m (along -2.572 cross +0.061) yaw  +1.64 deg  m->o yaw  +1.64 deg | fit true 0.010 est 0.214 (x22.32)  enc/true 0.983  dr_err 104.82 m[0m
[localization_error-7] [0m[INFO] [1789672798.554945920] [localization_error]: now[200] 2.573 m / 1.64 deg  |  session[n=11481] mean 0.907 p95 2.587 max 2.933 m, heading mean 2.13 max 20.41 deg[0m
[log_localization-8] [0m[INFO] [1789672799.126399513] [log_localization]:  784.9 s  1906.4 m  err 2.573 m (along -2.572 cross +0.061) yaw  +1.64 deg  m->o yaw  +1.64 deg | fit true 0.010 est 0.214 (x22.32)  enc/true 0.983  dr_err 104.82 m[0m
[localization_error-7] [0m[INFO] [1789672803.559007087] [localization_error]: now[200] 2.573 m / 1.64 deg  |  session[n=11481] mean 0.907 p95 2.587 max 2.933 m, heading mean 2.13 max 20.41 deg[0m
[log_localization-8] [0m[INFO] [1789672804.125124929] [log_localization]:  789.9 s  1906.4 m  err 2.573 m (along -2.572 cross +0.061) yaw  +1.64 deg  m->o yaw  +1.64 deg | fit true 0.010 est 0.214 (x22.32)  enc/true 0.983  dr_err 104.82 m[0m
[localization_error-7] [0m[INFO] [1789672808.557663454] [localization_error]: now[200] 2.573 m / 1.64 deg  |  session[n=11481] mean 0.907 p95 2.587 max 2.933 m, heading mean 2.13 max 20.41 deg[0m
[log_localization-8] [0m[INFO] [1789672809.124568686] [log_localization]:  794.9 s  1906.4 m  err 2.573 m (along -2.572 cross +0.061) yaw  +1.64 deg  m->o yaw  +1.64 deg | fit true 0.010 est 0.214 (x22.32)  enc/true 0.983  dr_err 104.82 m[0m
[localization_error-7] [0m[INFO] [1789672813.555303483] [localization_error]: now[200] 2.573 m / 1.64 deg  |  session[n=11481] mean 0.907 p95 2.587 max 2.933 m, heading mean 2.13 max 20.41 deg[0m
[log_localization-8] [0m[INFO] [1789672814.124563101] [log_localization]:  799.9 s  1906.4 m  err 2.573 m (along -2.572 cross +0.061) yaw  +1.64 deg  m->o yaw  +1.64 deg | fit true 0.010 est 0.214 (x22.32)  enc/true 0.983  dr_err 104.82 m[0m
[localization_error-7] [0m[INFO] [1789672818.555358251] [localization_error]: now[200] 2.573 m / 1.64 deg  |  session[n=11481] mean 0.907 p95 2.587 max 2.933 m, heading mean 2.13 max 20.41 deg[0m
[log_localization-8] [0m[INFO] [1789672819.124964186] [log_localization]:  804.9 s  1906.4 m  err 2.573 m (along -2.572 cross +0.061) yaw  +1.64 deg  m->o yaw  +1.64 deg | fit true 0.010 est 0.214 (x22.32)  enc/true 0.983  dr_err 104.82 m[0m
[localization_error-7] [0m[INFO] [1789672823.556976848] [localization_error]: now[200] 2.573 m / 1.64 deg  |  session[n=11481] mean 0.907 p95 2.587 max 2.933 m, heading mean 2.13 max 20.41 deg[0m
[log_localization-8] [0m[INFO] [1789672824.125468994] [log_localization]:  809.9 s  1906.4 m  err 2.573 m (along -2.572 cross +0.061) yaw  +1.64 deg  m->o yaw  +1.64 deg | fit true 0.010 est 0.214 (x22.32)  enc/true 0.983  dr_err 104.82 m[0m
[localization_error-7] [0m[INFO] [1789672828.557861365] [localization_error]: now[200] 2.573 m / 1.64 deg  |  session[n=11481] mean 0.907 p95 2.587 max 2.933 m, heading mean 2.13 max 20.41 deg[0m
[log_localization-8] [0m[INFO] [1789672829.126117039] [log_localization]:  815.0 s  1906.4 m  err 2.573 m (along -2.572 cross +0.061) yaw  +1.64 deg  m->o yaw  +1.64 deg | fit true 0.010 est 0.214 (x22.32)  enc/true 0.983  dr_err 104.82 m[0m
[localization_error-7] [0m[INFO] [1789672833.557993137] [localization_error]: now[200] 2.573 m / 1.64 deg  |  session[n=11481] mean 0.907 p95 2.587 max 2.933 m, heading mean 2.13 max 20.41 deg[0m
[log_localization-8] [0m[INFO] [1789672834.126559070] [log_localization]:  819.9 s  1906.4 m  err 2.573 m (along -2.572 cross +0.061) yaw  +1.64 deg  m->o yaw  +1.64 deg | fit true 0.010 est 0.214 (x22.32)  enc/true 0.983  dr_err 104.82 m[0m
[localization_error-7] [0m[INFO] [1789672838.556310641] [localization_error]: now[200] 2.573 m / 1.64 deg  |  session[n=11481] mean 0.907 p95 2.587 max 2.933 m, heading mean 2.13 max 20.41 deg[0m
[log_localization-8] [0m[INFO] [1789672839.125446748] [log_localization]:  824.9 s  1906.4 m  err 2.573 m (along -2.572 cross +0.061) yaw  +1.64 deg  m->o yaw  +1.64 deg | fit true 0.010 est 0.214 (x22.32)  enc/true 0.983  dr_err 104.82 m[0m
[localization_error-7] [0m[INFO] [1789672843.557407925] [localization_error]: now[200] 2.573 m / 1.64 deg  |  session[n=11481] mean 0.907 p95 2.587 max 2.933 m, heading mean 2.13 max 20.41 deg[0m
[log_localization-8] [0m[INFO] [1789672844.127001997] [log_localization]:  829.9 s  1906.4 m  err 2.573 m (along -2.572 cross +0.061) yaw  +1.64 deg  m->o yaw  +1.64 deg | fit true 0.010 est 0.214 (x22.32)  enc/true 0.983  dr_err 104.82 m[0m
[localization_error-7] [0m[INFO] [1789672848.555443213] [localization_error]: now[200] 2.573 m / 1.64 deg  |  session[n=11481] mean 0.907 p95 2.587 max 2.933 m, heading mean 2.13 max 20.41 deg[0m
[log_localization-8] [0m[INFO] [1789672849.126469900] [log_localization]:  834.9 s  1906.4 m  err 2.573 m (along -2.572 cross +0.061) yaw  +1.64 deg  m->o yaw  +1.64 deg | fit true 0.010 est 0.214 (x22.32)  enc/true 0.983  dr_err 104.82 m[0m
[localization_error-7] [0m[INFO] [1789672853.555431316] [localization_error]: now[200] 2.573 m / 1.64 deg  |  session[n=11481] mean 0.907 p95 2.587 max 2.933 m, heading mean 2.13 max 20.41 deg[0m
[log_localization-8] [0m[INFO] [1789672854.125518860] [log_localization]:  839.9 s  1906.4 m  err 2.573 m (along -2.572 cross +0.061) yaw  +1.64 deg  m->o yaw  +1.64 deg | fit true 0.010 est 0.214 (x22.32)  enc/true 0.983  dr_err 104.82 m[0m
[localization_error-7] [0m[INFO] [1789672858.556205797] [localization_error]: now[200] 2.573 m / 1.64 deg  |  session[n=11481] mean 0.907 p95 2.587 max 2.933 m, heading mean 2.13 max 20.41 deg[0m
[log_localization-8] [0m[INFO] [1789672859.127325328] [log_localization]:  845.0 s  1906.4 m  err 2.573 m (along -2.572 cross +0.061) yaw  +1.64 deg  m->o yaw  +1.64 deg | fit true 0.010 est 0.214 (x22.32)  enc/true 0.983  dr_err 104.82 m[0m
[localization_error-7] [0m[INFO] [1789672863.555992937] [localization_error]: now[200] 2.573 m / 1.64 deg  |  session[n=11481] mean 0.907 p95 2.587 max 2.933 m, heading mean 2.13 max 20.41 deg[0m
[log_localization-8] [0m[INFO] [1789672864.127092319] [log_localization]:  850.0 s  1906.4 m  err 2.573 m (along -2.572 cross +0.061) yaw  +1.64 deg  m->o yaw  +1.64 deg | fit true 0.010 est 0.214 (x22.32)  enc/true 0.983  dr_err 104.82 m[0m
[localization_error-7] [0m[INFO] [1789672868.557974762] [localization_error]: now[200] 2.573 m / 1.64 deg  |  session[n=11481] mean 0.907 p95 2.587 max 2.933 m, heading mean 2.13 max 20.41 deg[0m
[log_localization-8] [0m[INFO] [1789672869.124804243] [log_localization]:  854.9 s  1906.4 m  err 2.573 m (along -2.572 cross +0.061) yaw  +1.64 deg  m->o yaw  +1.64 deg | fit true 0.010 est 0.214 (x22.32)  enc/true 0.983  dr_err 104.82 m[0m
[localization_error-7] [0m[INFO] [1789672873.556978668] [localization_error]: now[200] 2.573 m / 1.64 deg  |  session[n=11481] mean 0.907 p95 2.587 max 2.933 m, heading mean 2.13 max 20.41 deg[0m
[log_localization-8] [0m[INFO] [1789672874.125759472] [log_localization]:  859.9 s  1906.4 m  err 2.573 m (along -2.572 cross +0.061) yaw  +1.64 deg  m->o yaw  +1.64 deg | fit true 0.010 est 0.214 (x22.32)  enc/true 0.983  dr_err 104.82 m[0m
[localization_error-7] [0m[INFO] [1789672878.555560526] [localization_error]: now[200] 2.573 m / 1.64 deg  |  session[n=11481] mean 0.907 p95 2.587 max 2.933 m, heading mean 2.13 max 20.41 deg[0m
[log_localization-8] [0m[INFO] [1789672879.125608996] [log_localization]:  864.9 s  1906.4 m  err 2.573 m (along -2.572 cross +0.061) yaw  +1.64 deg  m->o yaw  +1.64 deg | fit true 0.010 est 0.214 (x22.32)  enc/true 0.983  dr_err 104.82 m[0m
[localization_error-7] [0m[INFO] [1789672883.555638166] [localization_error]: now[200] 2.573 m / 1.64 deg  |  session[n=11481] mean 0.907 p95 2.587 max 2.933 m, heading mean 2.13 max 20.41 deg[0m
[log_localization-8] [0m[INFO] [1789672884.125484990] [log_localization]:  869.9 s  1906.4 m  err 2.573 m (along -2.572 cross +0.061) yaw  +1.64 deg  m->o yaw  +1.64 deg | fit true 0.010 est 0.214 (x22.32)  enc/true 0.983  dr_err 104.82 m[0m
[localization_error-7] [0m[INFO] [1789672888.555394256] [localization_error]: now[200] 2.573 m / 1.64 deg  |  session[n=11481] mean 0.907 p95 2.587 max 2.933 m, heading mean 2.13 max 20.41 deg[0m
[log_localization-8] [0m[INFO] [1789672889.126456249] [log_localization]:  874.9 s  1906.4 m  err 2.573 m (along -2.572 cross +0.061) yaw  +1.64 deg  m->o yaw  +1.64 deg | fit true 0.010 est 0.214 (x22.32)  enc/true 0.983  dr_err 104.82 m[0m
[localization_error-7] [0m[INFO] [1789672893.555391607] [localization_error]: now[200] 2.573 m / 1.64 deg  |  session[n=11481] mean 0.907 p95 2.587 max 2.933 m, heading mean 2.13 max 20.41 deg[0m
[log_localization-8] [0m[INFO] [1789672894.125587522] [log_localization]:  879.9 s  1906.4 m  err 2.573 m (along -2.572 cross +0.061) yaw  +1.64 deg  m->o yaw  +1.64 deg | fit true 0.010 est 0.214 (x22.32)  enc/true 0.983  dr_err 104.82 m[0m
[localization_error-7] [0m[INFO] [1789672898.555433450] [localization_error]: now[200] 2.573 m / 1.64 deg  |  session[n=11481] mean 0.907 p95 2.587 max 2.933 m, heading mean 2.13 max 20.41 deg[0m
[log_localization-8] [0m[INFO] [1789672899.127272744] [log_localization]:  885.0 s  1906.4 m  err 2.573 m (along -2.572 cross +0.061) yaw  +1.64 deg  m->o yaw  +1.64 deg | fit true 0.010 est 0.214 (x22.32)  enc/true 0.983  dr_err 104.82 m[0m
[localization_error-7] [0m[INFO] [1789672903.557788793] [localization_error]: now[200] 2.573 m / 1.64 deg  |  session[n=11481] mean 0.907 p95 2.587 max 2.933 m, heading mean 2.13 max 20.41 deg[0m
[log_localization-8] [0m[INFO] [1789672904.125267606] [log_localization]:  889.9 s  1906.4 m  err 2.573 m (along -2.572 cross +0.061) yaw  +1.64 deg  m->o yaw  +1.64 deg | fit true 0.010 est 0.214 (x22.32)  enc/true 0.983  dr_err 104.82 m[0m
[localization_error-7] [0m[INFO] [1789672908.555585495] [localization_error]: now[200] 2.573 m / 1.64 deg  |  session[n=11481] mean 0.907 p95 2.587 max 2.933 m, heading mean 2.13 max 20.41 deg[0m
[log_localization-8] [0m[INFO] [1789672909.124771596] [log_localization]:  894.9 s  1906.4 m  err 2.573 m (along -2.572 cross +0.061) yaw  +1.64 deg  m->o yaw  +1.64 deg | fit true 0.010 est 0.214 (x22.32)  enc/true 0.983  dr_err 104.82 m[0m
[localization_error-7] [0m[INFO] [1789672913.556026834] [localization_error]: now[200] 2.573 m / 1.64 deg  |  session[n=11481] mean 0.907 p95 2.587 max 2.933 m, heading mean 2.13 max 20.41 deg[0m
[log_localization-8] [0m[INFO] [1789672914.126464421] [log_localization]:  899.9 s  1906.4 m  err 2.573 m (along -2.572 cross +0.061) yaw  +1.64 deg  m->o yaw  +1.64 deg | fit true 0.010 est 0.214 (x22.32)  enc/true 0.983  dr_err 104.82 m[0m
[localization_error-7] [0m[INFO] [1789672918.558973280] [localization_error]: now[200] 2.573 m / 1.64 deg  |  session[n=11481] mean 0.907 p95 2.587 max 2.933 m, heading mean 2.13 max 20.41 deg[0m
[log_localization-8] [0m[INFO] [1789672919.126784945] [log_localization]:  905.0 s  1906.4 m  err 2.573 m (along -2.572 cross +0.061) yaw  +1.64 deg  m->o yaw  +1.64 deg | fit true 0.010 est 0.214 (x22.32)  enc/true 0.983  dr_err 104.82 m[0m
[localization_error-7] [0m[INFO] [1789672923.557382767] [localization_error]: now[200] 2.573 m / 1.64 deg  |  session[n=11481] mean 0.907 p95 2.587 max 2.933 m, heading mean 2.13 max 20.41 deg[0m
[log_localization-8] [0m[INFO] [1789672924.124995079] [log_localization]:  909.9 s  1906.4 m  err 2.573 m (along -2.572 cross +0.061) yaw  +1.64 deg  m->o yaw  +1.64 deg | fit true 0.010 est 0.214 (x22.32)  enc/true 0.983  dr_err 104.82 m[0m
[localization_error-7] [0m[INFO] [1789672928.554915426] [localization_error]: now[200] 2.573 m / 1.64 deg  |  session[n=11481] mean 0.907 p95 2.587 max 2.933 m, heading mean 2.13 max 20.41 deg[0m
[log_localization-8] [0m[INFO] [1789672929.125723996] [log_localization]:  914.9 s  1906.4 m  err 2.573 m (along -2.572 cross +0.061) yaw  +1.64 deg  m->o yaw  +1.64 deg | fit true 0.010 est 0.214 (x22.32)  enc/true 0.983  dr_err 104.82 m[0m
[localization_error-7] [0m[INFO] [1789672933.557628987] [localization_error]: now[200] 2.573 m / 1.64 deg  |  session[n=11481] mean 0.907 p95 2.587 max 2.933 m, heading mean 2.13 max 20.41 deg[0m
[log_localization-8] [0m[INFO] [1789672934.125278710] [log_localization]:  919.9 s  1906.4 m  err 2.573 m (along -2.572 cross +0.061) yaw  +1.64 deg  m->o yaw  +1.64 deg | fit true 0.010 est 0.214 (x22.32)  enc/true 0.983  dr_err 104.82 m[0m
[localization_error-7] [0m[INFO] [1789672938.555391996] [localization_error]: now[200] 2.573 m / 1.64 deg  |  session[n=11481] mean 0.907 p95 2.587 max 2.933 m, heading mean 2.13 max 20.41 deg[0m
[log_localization-8] [0m[INFO] [1789672939.124537632] [log_localization]:  924.9 s  1906.4 m  err 2.573 m (along -2.572 cross +0.061) yaw  +1.64 deg  m->o yaw  +1.64 deg | fit true 0.010 est 0.214 (x22.32)  enc/true 0.983  dr_err 104.82 m[0m
[localization_error-7] [0m[INFO] [1789672943.556017189] [localization_error]: now[200] 2.573 m / 1.64 deg  |  session[n=11481] mean 0.907 p95 2.587 max 2.933 m, heading mean 2.13 max 20.41 deg[0m
[log_localization-8] [0m[INFO] [1789672944.124586398] [log_localization]:  929.9 s  1906.4 m  err 2.573 m (along -2.572 cross +0.061) yaw  +1.64 deg  m->o yaw  +1.64 deg | fit true 0.010 est 0.214 (x22.32)  enc/true 0.983  dr_err 104.82 m[0m
[localization_error-7] [0m[INFO] [1789672948.555191232] [localization_error]: now[200] 2.573 m / 1.64 deg  |  session[n=11481] mean 0.907 p95 2.587 max 2.933 m, heading mean 2.13 max 20.41 deg[0m
[log_localization-8] [0m[INFO] [1789672949.125950260] [log_localization]:  934.9 s  1906.4 m  err 2.573 m (along -2.572 cross +0.061) yaw  +1.64 deg  m->o yaw  +1.64 deg | fit true 0.010 est 0.214 (x22.32)  enc/true 0.983  dr_err 104.82 m[0m
[localization_error-7] [0m[INFO] [1789672953.555969220] [localization_error]: now[200] 2.573 m / 1.64 deg  |  session[n=11481] mean 0.907 p95 2.587 max 2.933 m, heading mean 2.13 max 20.41 deg[0m
[log_localization-8] [0m[INFO] [1789672954.125111489] [log_localization]:  939.9 s  1906.4 m  err 2.573 m (along -2.572 cross +0.061) yaw  +1.64 deg  m->o yaw  +1.64 deg | fit true 0.010 est 0.214 (x22.32)  enc/true 0.983  dr_err 104.82 m[0m
[localization_error-7] [0m[INFO] [1789672958.558815219] [localization_error]: now[200] 2.573 m / 1.64 deg  |  session[n=11481] mean 0.907 p95 2.587 max 2.933 m, heading mean 2.13 max 20.41 deg[0m
[log_localization-8] [0m[INFO] [1789672959.126648314] [log_localization]:  944.9 s  1906.4 m  err 2.573 m (along -2.572 cross +0.061) yaw  +1.64 deg  m->o yaw  +1.64 deg | fit true 0.010 est 0.214 (x22.32)  enc/true 0.983  dr_err 104.82 m[0m
[localization_error-7] [0m[INFO] [1789672963.557126562] [localization_error]: now[200] 2.573 m / 1.64 deg  |  session[n=11481] mean 0.907 p95 2.587 max 2.933 m, heading mean 2.13 max 20.41 deg[0m
[log_localization-8] [0m[INFO] [1789672964.126155469] [log_localization]:  949.9 s  1906.4 m  err 2.573 m (along -2.572 cross +0.061) yaw  +1.64 deg  m->o yaw  +1.64 deg | fit true 0.010 est 0.214 (x22.32)  enc/true 0.983  dr_err 104.82 m[0m
