[INFO] [launch]: All log files can be found below /root/.ros/log/2026-09-08-12-16-47-751034-theflash-ASUS-TUF-Gaming-F15-FX507ZI4-FX507ZI-26
[INFO] [launch]: Default logging verbosity is set to INFO
[INFO] [launch.user]: [race] mode=dev  localizer=amcl  instruments=ON  bootstrap=truth
[INFO] [autodrive_bridge-1]: process started with pid [44]
[INFO] [dead_reckoning-2]: process started with pid [46]
[INFO] [amcl-5]: process started with pid [52]
[INFO] [localization_bootstrap-7]: process started with pid [56]
[INFO] [localization_error-8]: process started with pid [58]
[INFO] [static_transform_publisher-3]: process started with pid [48]
[INFO] [map_server-4]: process started with pid [50]
[INFO] [lifecycle_manager-6]: process started with pid [54]
[INFO] [static_transform_publisher-9]: process started with pid [60]
[static_transform_publisher-9] 1788869807.804423 [0] static_tra: selected interface "lo" is not multicast-capable: disabling multicast
[lifecycle_manager-6] 1788869807.804650 [0] lifecycle_: selected interface "lo" is not multicast-capable: disabling multicast
[amcl-5] 1788869807.806276 [0]       amcl: selected interface "lo" is not multicast-capable: disabling multicast
[lifecycle_manager-6] [INFO] [1788869807.807127162] [lifecycle_manager_localization]: Creating
[static_transform_publisher-9] [INFO] [1788869807.807163878] [map_world_tf]: Spinning until stopped - publishing transform
[static_transform_publisher-9] translation: ('0.000000', '0.000000', '0.000000')
[static_transform_publisher-9] rotation: ('0.000000', '0.000000', '0.000000', '1.000000')
[static_transform_publisher-9] from 'map' to 'world'
[static_transform_publisher-3] 1788869807.807355 [0] static_tra: selected interface "lo" is not multicast-capable: disabling multicast
[lifecycle_manager-6] [INFO] [1788869807.808303971] [lifecycle_manager_localization]: [34m[1mCreating and initializing lifecycle service clients[0m[0m
[map_server-4] 1788869807.808932 [0] map_server: selected interface "lo" is not multicast-capable: disabling multicast
[amcl-5] [0m[INFO] [1788869807.809762936] [amcl]: 
[amcl-5] 	amcl lifecycle node launched. 
[amcl-5] 	Waiting on external lifecycle transitions to activate
[amcl-5] 	See https://design.ros2.org/articles/node_lifecycle.html for more information.[0m
[amcl-5] [0m[INFO] [1788869807.810117763] [amcl]: Creating[0m
[static_transform_publisher-3] [INFO] [1788869807.810245334] [lidar_tf]: Spinning until stopped - publishing transform
[static_transform_publisher-3] translation: ('0.273300', '0.000000', '0.096000')
[static_transform_publisher-3] rotation: ('0.000000', '0.000000', '0.000000', '1.000000')
[static_transform_publisher-3] from 'roboracer_1' to 'lidar'
[map_server-4] [INFO] [1788869807.812722472] [map_server]: 
[map_server-4] 	map_server lifecycle node launched. 
[map_server-4] 	Waiting on external lifecycle transitions to activate
[map_server-4] 	See https://design.ros2.org/articles/node_lifecycle.html for more information.
[map_server-4] [INFO] [1788869807.812803875] [map_server]: Creating
[lifecycle_manager-6] [INFO] [1788869807.812970012] [lifecycle_manager_localization]: [34m[1mStarting managed nodes bringup...[0m[0m
[lifecycle_manager-6] [INFO] [1788869807.813004098] [lifecycle_manager_localization]: [34m[1mConfiguring map_server[0m[0m
[map_server-4] [INFO] [1788869807.830893043] [map_server]: Configuring
[map_server-4] [INFO] [1788869807.830957905] [map_io]: Loading yaml file: /home/autodrive_devkit/install/roboracer_stack/share/roboracer_stack/maps/track_clean.yaml
[map_server-4] [INFO] [1788869807.831148871] [map_io]: resolution: 0.05
[map_server-4] [INFO] [1788869807.831153250] [map_io]: origin[0]: -3.71
[map_server-4] [INFO] [1788869807.831160729] [map_io]: origin[1]: -8.61
[map_server-4] [INFO] [1788869807.831163163] [map_io]: origin[2]: 0
[map_server-4] [INFO] [1788869807.831165544] [map_io]: free_thresh: 0.25
[map_server-4] [INFO] [1788869807.831167797] [map_io]: occupied_thresh: 0.65
[map_server-4] [INFO] [1788869807.831170236] [map_io]: mode: trinary
[map_server-4] [INFO] [1788869807.831173238] [map_io]: negate: 0
[map_server-4] [INFO] [1788869807.831320308] [map_io]: Loading image_file: /home/autodrive_devkit/install/roboracer_stack/share/roboracer_stack/maps/track_clean.pgm
[map_server-4] [INFO] [1788869807.833414523] [map_io]: Read map /home/autodrive_devkit/install/roboracer_stack/share/roboracer_stack/maps/track_clean.pgm: 108 X 316 map @ 0.05 m/cell
[lifecycle_manager-6] [INFO] [1788869807.835014185] [lifecycle_manager_localization]: [34m[1mConfiguring amcl[0m[0m
[amcl-5] [0m[INFO] [1788869807.835152586] [amcl]: Configuring[0m
[amcl-5] [0m[INFO] [1788869807.835257736] [amcl]: initTransforms[0m
[amcl-5] [0m[INFO] [1788869807.842166712] [amcl]: initPubSub[0m
[amcl-5] [0m[INFO] [1788869807.843892527] [amcl]: Subscribed to map topic.[0m
[lifecycle_manager-6] [INFO] [1788869807.845339687] [lifecycle_manager_localization]: [34m[1mActivating map_server[0m[0m
[map_server-4] [INFO] [1788869807.845455754] [map_server]: Activating
[map_server-4] [INFO] [1788869807.845567976] [map_server]: Creating bond (map_server) to lifecycle manager.
[amcl-5] [0m[INFO] [1788869807.845655991] [amcl]: Received a 108 X 316 map @ 0.050 m/pix[0m
[lifecycle_manager-6] [INFO] [1788869807.946905387] [lifecycle_manager_localization]: Server map_server connected with bond.
[lifecycle_manager-6] [INFO] [1788869807.947000134] [lifecycle_manager_localization]: [34m[1mActivating amcl[0m[0m
[amcl-5] [0m[INFO] [1788869807.950250424] [amcl]: Activating[0m
[amcl-5] [0m[INFO] [1788869807.950356562] [amcl]: initialPoseReceived[0m
[amcl-5] [0m[INFO] [1788869807.950499726] [amcl]: Setting pose (1788869807.950500): 0.710 0.020 -1.599[0m
[amcl-5] [0m[INFO] [1788869807.953781786] [amcl]: Creating bond (amcl) to lifecycle manager.[0m
[lifecycle_manager-6] [INFO] [1788869808.056378183] [lifecycle_manager_localization]: Server amcl connected with bond.
[lifecycle_manager-6] [INFO] [1788869808.056419215] [lifecycle_manager_localization]: [34m[1mManaged nodes are active[0m[0m
[lifecycle_manager-6] [INFO] [1788869808.056434111] [lifecycle_manager_localization]: [34m[1mCreating bond timer...[0m[0m
[dead_reckoning-2] 1788869808.078021 [0] dead_recko: selected interface "lo" is not multicast-capable: disabling multicast
[localization_bootstrap-7] 1788869808.082269 [0] localizati: selected interface "lo" is not multicast-capable: disabling multicast
[localization_error-8] 1788869808.082278 [0] localizati: selected interface "lo" is not multicast-capable: disabling multicast
[localization_error-8] [31m[ERROR] [1788869808.120822639] [localization_error]: RESTRICTED TOPIC: reading /autodrive/roboracer_1/odom (simulator ground-truth pose and twist) -- continuous comparison against TF map -> roboracer_1. This run is NOT race-legal; any lap time from it is a development number. See common/restricted.py.[0m
[localization_error-8] [0m[INFO] [1788869808.121554881] [localization_error]: sampling starts 1.0 s after /localization_ready; bootstrap is excluded (require_ready:=false to include it)[0m
[dead_reckoning-2] [0m[INFO] [1788869808.135393775] [dead_reckoning]: dead reckoning: odom -> roboracer_1, wheel r=0.0581 m, scale=1.0, 200 Hz, tf +20 ms, extrapolate yaw=True pos=True[0m
[localization_bootstrap-7] [0m[INFO] [1788869808.145328254] [localization_bootstrap]: WARMUP SEED: reading /autodrive/roboracer_1/ips (simulator ground-truth position) ONCE -- initial pose seed. Legal: the first lap is warmup, this is read before the car moves, and it is released immediately after. Nothing reads ground truth afterwards.[0m
[localization_bootstrap-7] [0m[INFO] [1788869808.145722794] [localization_bootstrap]: mode=truth: seeding the initial pose from /ips + /imu before the car moves, then releasing /ips. Tracking is lidar + map + dead reckoning from there on.[0m
[localization_bootstrap-7] [0m[INFO] [1788869808.145944123] [localization_bootstrap]: waiting for amcl to reach the active state before sending anything[0m
[localization_error-8] [0m[INFO] [1788869808.154770866] [localization_error]: waiting for TF map -> roboracer_1: Could not find a connection between 'map' and 'roboracer_1' because they are not part of the same tree.Tf has two or more unconnected trees.[0m
[localization_bootstrap-7] [0m[INFO] [1788869808.198087235] [localization_bootstrap]: amcl is ACTIVE -- an initial pose will now be accepted[0m
[autodrive_bridge-1] 1788869808.269643 [0] autodrive_: selected interface "lo" is not multicast-capable: disabling multicast
[pure_pursuit] launch overrides: {'control_hz': 40.0}
[INFO] [pure_pursuit-10]: process started with pid [225]
[pure_pursuit-10] 1788869809.963589 [0] pure_pursu: selected interface "lo" is not multicast-capable: disabling multicast
[pure_pursuit-10] [0m[INFO] [1788869810.003467739] [pure_pursuit]: path: 400 points, 27.82 m lap, from /tmp/raceline_a7.0_6.4laptime.csv[0m
[pure_pursuit-10] [0m[INFO] [1788869810.006909227] [pure_pursuit]: pose from TF map -> roboracer_1 (continuous); /amcl_pose kept as a fallback[0m
[pure_pursuit-10] [0m[INFO] [1788869810.007830376] [pure_pursuit]: steering on /amcl_pose[0m
[pure_pursuit-10] [0m[INFO] [1788869810.010032961] [pure_pursuit]: speed_source=tire  throttle_mode=slip  slip band [-0.08, +0.08]  u_launch 0.4 m/s  lookahead 0.8-2.2 m (k 0.55)  latency_comp 0.05 s[0m
[pure_pursuit-10] [33m[WARN] [1788869810.010583003] [pure_pursuit]: dev_lap_telemetry ON: subscribing to RESTRICTED lap topics[0m
[pure_pursuit-10] [0m[INFO] [1788869810.011890833] [pure_pursuit]: holding until /localization_ready[0m
[localization_bootstrap-7] [0m[INFO] [1788869810.146565413] [localization_bootstrap]: waiting for ground truth: ips=-- imu=--[0m
[autodrive_bridge-1] Connected!
[localization_bootstrap-7] [0m[INFO] [1788869812.146622366] [localization_bootstrap]: waiting for ground truth: ips=-- imu=--[0m
[pure_pursuit-10] [0m[INFO] [1788869812.202796199] [pure_pursuit]: lap 0: inf s[0m
[amcl-5] [0m[INFO] [1788869812.246455363] [amcl]: initialPoseReceived[0m
[amcl-5] [0m[INFO] [1788869812.246520464] [amcl]: Setting pose (1788869812.246521): 0.803 3.158 -1.571[0m
[localization_bootstrap-7] [0m[INFO] [1788869812.246740001] [localization_bootstrap]: seed 1/5: x=+0.803 y=+3.158 yaw=-90.0 deg -- awaiting confirmation[0m
[localization_bootstrap-7] [33m[WARN] [1788869812.247035053] [localization_bootstrap]: MEASURED SPAWN is 3.140 m / 1.6 deg from roboracer_stack.common.frames.SPAWN_* -- OUTSIDE slam_toolbox's +-0.5 m seed search, so any run that falls back to it CANNOT recover and the offset is frozen for the whole run. This run is seeded and therefore fine; the FALLBACK is what is wrong.
[localization_bootstrap-7]     Paste into common/frames.py so bootstrap:=false and bootstrap_mode:=global start somewhere real:
[localization_bootstrap-7]         SPAWN_X = '0.803'
[localization_bootstrap-7]         SPAWN_Y = '3.158'
[localization_bootstrap-7]         SPAWN_YAW = '-1.5707'[0m
[amcl-5] [0m[INFO] [1788869812.257215846] [amcl]: createLaserObject[0m
[amcl-5] [0m[INFO] [1788869812.296382116] [amcl]: Requesting no-motion update[0m
[amcl-5] [0m[INFO] [1788869812.696463209] [amcl]: Requesting no-motion update[0m
[amcl-5] [0m[INFO] [1788869812.702339877] [amcl]: Message Filter dropping message: frame 'lidar' at time 1788869812.202 for reason 'the timestamp on the message is earlier than all the data in the transform cache'[0m
[amcl-5] [0m[INFO] [1788869813.096413461] [amcl]: Requesting no-motion update[0m
[localization_error-8] [0m[INFO] [1788869813.104902835] [localization_error]: holding: waiting for /localization_ready (8 samples discarded so far). Pass require_ready:=false when localization_bootstrap is not running.[0m
[amcl-5] [0m[INFO] [1788869813.546327029] [amcl]: Requesting no-motion update[0m
[amcl-5] [0m[INFO] [1788869813.946324577] [amcl]: Requesting no-motion update[0m
[localization_bootstrap-7] [0m[INFO] [1788869814.146962427] [localization_bootstrap]: seed 1/5 sent, awaiting a fresh /amcl_pose to confirm it[0m
[localization_bootstrap-7] [0m[INFO] [1788869814.297184423] [localization_bootstrap]: localization_bootstrap: released /autodrive/roboracer_1/ips -- no restricted topic is read from here on; the timed laps are clean.[0m
[localization_error-8] [0m[INFO] [1788869814.297670731] [localization_error]: /localization_ready latched -- sampling opens in 1.0 s (31 bootstrap samples discarded)[0m
[pure_pursuit-10] [0m[INFO] [1788869814.297686909] [pure_pursuit]: localization converged, taking over[0m
[localization_bootstrap-7] [0m[INFO] [1788869814.297732321] [localization_bootstrap]: seed CONFIRMED on attempt 1: the estimate is 0.3 cm / 0.0 deg from truth (pos std 0.053 m). Tracking is now lidar + map + dead reckoning only.[0m
[localization_bootstrap-7] [0m[INFO] [1788869814.298176746] [localization_bootstrap]: /localization_ready = true, follower may take over[0m
[localization_error-8] [0m[INFO] [1788869818.105132305] [localization_error]: now[ 57] 0.311 m / 2.08 deg  |  session[n=57] mean 0.311 p95 0.663 max 0.682 m, heading mean 2.08 max 6.46 deg[0m
[pure_pursuit-10] [0m[INFO] [1788869821.440214105] [pure_pursuit]: lap 1: 87.36 s[0m
[localization_error-8] [0m[INFO] [1788869823.105514681] [localization_error]: now[157] 0.353 m / 2.22 deg  |  session[n=157] mean 0.353 p95 0.704 max 0.922 m, heading mean 2.22 max 6.60 deg[0m
[pure_pursuit-10] [0m[INFO] [1788869827.917103155] [pure_pursuit]: lap 2: 6.48 s[0m
[localization_error-8] [0m[INFO] [1788869828.105257134] [localization_error]: now[200] 0.333 m / 2.52 deg  |  session[n=257] mean 0.328 p95 0.663 max 0.922 m, heading mean 2.42 max 7.75 deg[0m
[localization_error-8] [0m[INFO] [1788869833.105577462] [localization_error]: now[200] 0.351 m / 2.81 deg  |  session[n=357] mean 0.352 p95 0.715 max 0.953 m, heading mean 2.55 max 8.10 deg[0m
[pure_pursuit-10] [0m[INFO] [1788869834.406614211] [pure_pursuit]: lap 3: 6.50 s[0m
[localization_error-8] [0m[INFO] [1788869838.105313214] [localization_error]: now[200] 0.371 m / 2.63 deg  |  session[n=457] mean 0.347 p95 0.720 max 0.953 m, heading mean 2.51 max 8.10 deg[0m
[pure_pursuit-10] [0m[INFO] [1788869840.866621444] [pure_pursuit]: lap 4: 6.47 s[0m
[localization_error-8] [0m[INFO] [1788869843.105663891] [localization_error]: now[200] 0.332 m / 2.33 deg  |  session[n=557] mean 0.345 p95 0.717 max 0.953 m, heading mean 2.47 max 8.10 deg[0m
[pure_pursuit-10] [0m[INFO] [1788869847.346481029] [pure_pursuit]: lap 5: 6.47 s[0m
[localization_error-8] [0m[INFO] [1788869848.105716804] [localization_error]: now[200] 0.347 m / 2.59 deg  |  session[n=657] mean 0.347 p95 0.714 max 0.953 m, heading mean 2.54 max 8.17 deg[0m
[localization_error-8] [0m[INFO] [1788869853.105114509] [localization_error]: now[200] 0.336 m / 2.67 deg  |  session[n=757] mean 0.343 p95 0.714 max 0.953 m, heading mean 2.52 max 8.17 deg[0m
[pure_pursuit-10] [0m[INFO] [1788869853.788678444] [pure_pursuit]: lap 6: 6.47 s[0m
[localization_error-8] [0m[INFO] [1788869858.105226719] [localization_error]: now[200] 0.347 m / 2.69 deg  |  session[n=857] mean 0.347 p95 0.718 max 0.953 m, heading mean 2.57 max 8.55 deg[0m
[pure_pursuit-10] [0m[INFO] [1788869860.253387652] [pure_pursuit]: lap 7: 6.47 s[0m
[localization_error-8] [0m[INFO] [1788869863.105256729] [localization_error]: now[200] 0.357 m / 2.75 deg  |  session[n=957] mean 0.346 p95 0.725 max 0.953 m, heading mean 2.57 max 8.55 deg[0m
[pure_pursuit-10] [0m[INFO] [1788869866.783739524] [pure_pursuit]: lap 8: 6.51 s[0m
[localization_error-8] [0m[INFO] [1788869868.105219184] [localization_error]: now[200] 0.356 m / 2.60 deg  |  session[n=1057] mean 0.348 p95 0.724 max 0.956 m, heading mean 2.58 max 9.00 deg[0m
[localization_error-8] [0m[INFO] [1788869873.105176908] [localization_error]: now[200] 0.314 m / 2.50 deg  |  session[n=1157] mean 0.340 p95 0.718 max 0.956 m, heading mean 2.56 max 9.00 deg[0m
[pure_pursuit-10] [0m[INFO] [1788869873.267761633] [pure_pursuit]: lap 9: 6.49 s[0m
[localization_error-8] [0m[INFO] [1788869878.105304640] [localization_error]: now[200] 0.322 m / 2.26 deg  |  session[n=1257] mean 0.344 p95 0.718 max 0.956 m, heading mean 2.53 max 9.00 deg[0m
[pure_pursuit-10] [0m[INFO] [1788869879.804800524] [pure_pursuit]: lap 10: 6.51 s[0m
[localization_error-8] [0m[INFO] [1788869883.105594120] [localization_error]: now[200] 0.351 m / 2.23 deg  |  session[n=1357] mean 0.342 p95 0.720 max 0.956 m, heading mean 2.51 max 9.00 deg[0m
[pure_pursuit-10] [0m[INFO] [1788869886.302674485] [pure_pursuit]: lap 11: 6.50 s[0m
[localization_error-8] [0m[INFO] [1788869888.105666264] [localization_error]: now[200] 0.352 m / 2.32 deg  |  session[n=1457] mean 0.345 p95 0.721 max 0.956 m, heading mean 2.50 max 9.00 deg[0m
[pure_pursuit-10] [0m[INFO] [1788869892.813669452] [pure_pursuit]: lap 12: 6.53 s[0m
[localization_error-8] [0m[INFO] [1788869893.105199215] [localization_error]: now[200] 0.340 m / 2.48 deg  |  session[n=1557] mean 0.342 p95 0.716 max 0.956 m, heading mean 2.51 max 9.00 deg[0m
[localization_error-8] [0m[INFO] [1788869898.105561328] [localization_error]: now[200] 0.320 m / 2.51 deg  |  session[n=1657] mean 0.342 p95 0.713 max 0.956 m, heading mean 2.50 max 9.00 deg[0m
[pure_pursuit-10] [0m[INFO] [1788869899.290023209] [pure_pursuit]: lap 13: 6.46 s[0m
[localization_error-8] [0m[INFO] [1788869903.105583711] [localization_error]: now[200] 0.349 m / 2.42 deg  |  session[n=1757] mean 0.342 p95 0.714 max 0.956 m, heading mean 2.50 max 9.00 deg[0m
[pure_pursuit-10] [0m[INFO] [1788869905.752401183] [pure_pursuit]: lap 14: 6.50 s[0m
[localization_error-8] [0m[INFO] [1788869908.105713697] [localization_error]: now[200] 0.348 m / 2.35 deg  |  session[n=1857] mean 0.343 p95 0.717 max 0.956 m, heading mean 2.48 max 9.00 deg[0m
[pure_pursuit-10] [0m[INFO] [1788869912.216867987] [pure_pursuit]: lap 15: 6.46 s[0m
[localization_error-8] [0m[INFO] [1788869913.105329579] [localization_error]: now[200] 0.347 m / 2.44 deg  |  session[n=1957] mean 0.343 p95 0.717 max 1.026 m, heading mean 2.49 max 9.00 deg[0m
[localization_error-8] [0m[INFO] [1788869918.105248854] [localization_error]: now[200] 0.330 m / 2.80 deg  |  session[n=2057] mean 0.342 p95 0.715 max 1.026 m, heading mean 2.51 max 9.00 deg[0m
[pure_pursuit-10] [0m[INFO] [1788869918.686615703] [pure_pursuit]: lap 16: 6.47 s[0m
[localization_error-8] [0m[INFO] [1788869923.105273906] [localization_error]: now[200] 0.350 m / 2.84 deg  |  session[n=2157] mean 0.344 p95 0.716 max 1.026 m, heading mean 2.52 max 9.00 deg[0m
[pure_pursuit-10] [0m[INFO] [1788869925.160782456] [pure_pursuit]: lap 17: 6.45 s[0m
[localization_error-8] [0m[INFO] [1788869928.105296135] [localization_error]: now[200] 0.336 m / 2.32 deg  |  session[n=2257] mean 0.341 p95 0.717 max 1.026 m, heading mean 2.50 max 9.00 deg[0m
[pure_pursuit-10] [0m[INFO] [1788869931.574928256] [pure_pursuit]: lap 18: 6.43 s[0m
[localization_error-8] [0m[INFO] [1788869933.105711477] [localization_error]: now[200] 0.344 m / 2.18 deg  |  session[n=2357] mean 0.344 p95 0.718 max 1.026 m, heading mean 2.49 max 9.00 deg[0m
[pure_pursuit-10] [0m[INFO] [1788869938.030243551] [pure_pursuit]: lap 19: 6.46 s[0m
[localization_error-8] [0m[INFO] [1788869938.105186399] [localization_error]: now[200] 0.321 m / 2.56 deg  |  session[n=2457] mean 0.340 p95 0.715 max 1.026 m, heading mean 2.50 max 9.00 deg[0m
[localization_error-8] [0m[INFO] [1788869943.105241034] [localization_error]: now[200] 0.314 m / 2.69 deg  |  session[n=2557] mean 0.341 p95 0.718 max 1.026 m, heading mean 2.51 max 9.00 deg[0m
[pure_pursuit-10] [0m[INFO] [1788869944.523507117] [pure_pursuit]: lap 20: 6.44 s[0m
[localization_error-8] [0m[INFO] [1788869948.105429955] [localization_error]: now[200] 0.363 m / 2.68 deg  |  session[n=2657] mean 0.341 p95 0.723 max 1.026 m, heading mean 2.51 max 9.00 deg[0m
[pure_pursuit-10] [0m[INFO] [1788869950.957959325] [pure_pursuit]: lap 21: 6.46 s[0m
[localization_error-8] [0m[INFO] [1788869953.105694439] [localization_error]: now[200] 0.339 m / 2.44 deg  |  session[n=2757] mean 0.341 p95 0.724 max 1.026 m, heading mean 2.50 max 9.00 deg[0m
[pure_pursuit-10] [0m[INFO] [1788869957.460026366] [pure_pursuit]: lap 22: 6.49 s[0m
[localization_error-8] [0m[INFO] [1788869958.105339267] [localization_error]: now[200] 0.335 m / 2.58 deg  |  session[n=2857] mean 0.341 p95 0.723 max 1.026 m, heading mean 2.52 max 9.00 deg[0m
[localization_error-8] [0m[INFO] [1788869963.105221525] [localization_error]: now[200] 0.327 m / 2.81 deg  |  session[n=2957] mean 0.340 p95 0.721 max 1.026 m, heading mean 2.52 max 9.00 deg[0m
[pure_pursuit-10] [0m[INFO] [1788869963.967776981] [pure_pursuit]: lap 23: 6.50 s[0m
[localization_error-8] [0m[INFO] [1788869968.105640888] [localization_error]: now[200] 0.326 m / 2.54 deg  |  session[n=3057] mean 0.340 p95 0.722 max 1.026 m, heading mean 2.52 max 9.00 deg[0m
[pure_pursuit-10] [0m[INFO] [1788869970.433797891] [pure_pursuit]: lap 24: 6.49 s[0m
[localization_error-8] [0m[INFO] [1788869973.106290792] [localization_error]: now[200] 0.336 m / 2.31 deg  |  session[n=3157] mean 0.340 p95 0.724 max 1.026 m, heading mean 2.51 max 9.00 deg[0m
[pure_pursuit-10] [0m[INFO] [1788869976.911033318] [pure_pursuit]: lap 25: 6.47 s[0m
[localization_error-8] [0m[INFO] [1788869978.105395471] [localization_error]: now[200] 0.355 m / 2.50 deg  |  session[n=3257] mean 0.341 p95 0.725 max 1.026 m, heading mean 2.52 max 9.00 deg[0m
[localization_error-8] [0m[INFO] [1788869983.105356711] [localization_error]: now[200] 0.324 m / 2.92 deg  |  session[n=3357] mean 0.339 p95 0.724 max 1.026 m, heading mean 2.53 max 9.00 deg[0m
[pure_pursuit-10] [0m[INFO] [1788869983.387418909] [pure_pursuit]: lap 26: 6.48 s[0m
[localization_error-8] [0m[INFO] [1788869988.105349165] [localization_error]: now[200] 0.342 m / 2.75 deg  |  session[n=3457] mean 0.341 p95 0.724 max 1.026 m, heading mean 2.53 max 9.00 deg[0m
[pure_pursuit-10] [0m[INFO] [1788869989.883909964] [pure_pursuit]: lap 27: 6.51 s[0m
[localization_error-8] [0m[INFO] [1788869993.105361855] [localization_error]: now[200] 0.356 m / 2.45 deg  |  session[n=3557] mean 0.340 p95 0.723 max 1.026 m, heading mean 2.53 max 9.00 deg[0m
[pure_pursuit-10] [0m[INFO] [1788869996.417679638] [pure_pursuit]: lap 28: 6.52 s[0m
[localization_error-8] [0m[INFO] [1788869998.105538845] [localization_error]: now[200] 0.345 m / 2.24 deg  |  session[n=3657] mean 0.341 p95 0.726 max 1.043 m, heading mean 2.52 max 9.00 deg[0m
[pure_pursuit-10] [0m[INFO] [1788870002.857234581] [pure_pursuit]: lap 29: 6.46 s[0m
[localization_error-8] [0m[INFO] [1788870003.105262639] [localization_error]: now[200] 0.333 m / 2.49 deg  |  session[n=3757] mean 0.340 p95 0.724 max 1.043 m, heading mean 2.53 max 9.02 deg[0m
[localization_error-8] [0m[INFO] [1788870008.105422994] [localization_error]: now[200] 0.316 m / 2.63 deg  |  session[n=3857] mean 0.340 p95 0.722 max 1.043 m, heading mean 2.52 max 9.02 deg[0m
[pure_pursuit-10] [0m[INFO] [1788870009.451616509] [pure_pursuit]: lap 30: 6.55 s[0m
[localization_error-8] [0m[INFO] [1788870013.105385705] [localization_error]: now[200] 0.335 m / 2.33 deg  |  session[n=3957] mean 0.339 p95 0.723 max 1.043 m, heading mean 2.52 max 9.02 deg[0m
[pure_pursuit-10] [0m[INFO] [1788870015.949625835] [pure_pursuit]: lap 31: 6.50 s[0m
[localization_error-8] [0m[INFO] [1788870018.105274006] [localization_error]: now[200] 0.327 m / 2.30 deg  |  session[n=4057] mean 0.339 p95 0.724 max 1.043 m, heading mean 2.51 max 9.02 deg[0m
[pure_pursuit-10] [0m[INFO] [1788870022.420005897] [pure_pursuit]: lap 32: 6.48 s[0m
[localization_error-8] [0m[INFO] [1788870023.106730952] [localization_error]: now[200] 0.333 m / 2.50 deg  |  session[n=4157] mean 0.339 p95 0.723 max 1.043 m, heading mean 2.52 max 9.02 deg[0m
[localization_error-8] [0m[INFO] [1788870028.105447921] [localization_error]: now[200] 0.346 m / 2.80 deg  |  session[n=4257] mean 0.339 p95 0.724 max 1.043 m, heading mean 2.53 max 9.02 deg[0m
[pure_pursuit-10] [0m[INFO] [1788870028.903093548] [pure_pursuit]: lap 33: 6.50 s[0m
[localization_error-8] [0m[INFO] [1788870033.105325509] [localization_error]: now[200] 0.360 m / 2.65 deg  |  session[n=4357] mean 0.340 p95 0.725 max 1.043 m, heading mean 2.52 max 9.02 deg[0m
[pure_pursuit-10] [0m[INFO] [1788870035.399310529] [pure_pursuit]: lap 34: 6.46 s[0m
[localization_error-8] [0m[INFO] [1788870038.105357843] [localization_error]: now[200] 0.341 m / 2.25 deg  |  session[n=4457] mean 0.340 p95 0.725 max 1.043 m, heading mean 2.51 max 9.02 deg[0m
[pure_pursuit-10] [0m[INFO] [1788870041.917656492] [pure_pursuit]: lap 35: 6.52 s[0m
[localization_error-8] [0m[INFO] [1788870043.105350783] [localization_error]: now[200] 0.348 m / 2.29 deg  |  session[n=4557] mean 0.340 p95 0.731 max 1.043 m, heading mean 2.51 max 9.02 deg[0m
[localization_error-8] [0m[INFO] [1788870048.105374429] [localization_error]: now[200] 0.324 m / 2.69 deg  |  session[n=4657] mean 0.339 p95 0.727 max 1.043 m, heading mean 2.52 max 9.02 deg[0m
[pure_pursuit-10] [0m[INFO] [1788870048.401575765] [pure_pursuit]: lap 36: 6.48 s[0m
[localization_error-8] [0m[INFO] [1788870053.105827491] [localization_error]: now[200] 0.325 m / 2.57 deg  |  session[n=4757] mean 0.340 p95 0.727 max 1.043 m, heading mean 2.52 max 9.02 deg[0m
[pure_pursuit-10] [0m[INFO] [1788870054.878374039] [pure_pursuit]: lap 37: 6.50 s[0m
[localization_error-8] [0m[INFO] [1788870058.105479934] [localization_error]: now[200] 0.340 m / 2.26 deg  |  session[n=4857] mean 0.339 p95 0.727 max 1.043 m, heading mean 2.51 max 9.02 deg[0m
[pure_pursuit-10] [0m[INFO] [1788870061.358514645] [pure_pursuit]: lap 38: 6.47 s[0m
[localization_error-8] [0m[INFO] [1788870063.105458654] [localization_error]: now[200] 0.342 m / 2.33 deg  |  session[n=4957] mean 0.340 p95 0.731 max 1.043 m, heading mean 2.51 max 9.02 deg[0m
[pure_pursuit-10] [0m[INFO] [1788870067.867832462] [pure_pursuit]: lap 39: 6.50 s[0m
[localization_error-8] [0m[INFO] [1788870068.105604153] [localization_error]: now[200] 0.337 m / 2.73 deg  |  session[n=5057] mean 0.339 p95 0.727 max 1.043 m, heading mean 2.52 max 11.24 deg[0m
[localization_error-8] [0m[INFO] [1788870073.105915735] [localization_error]: now[200] 0.332 m / 2.69 deg  |  session[n=5157] mean 0.339 p95 0.729 max 1.043 m, heading mean 2.51 max 11.24 deg[0m
[pure_pursuit-10] [0m[INFO] [1788870074.337548287] [pure_pursuit]: lap 40: 6.51 s[0m
[localization_error-8] [0m[INFO] [1788870078.105372395] [localization_error]: now[200] 0.356 m / 2.51 deg  |  session[n=5257] mean 0.340 p95 0.728 max 1.043 m, heading mean 2.52 max 11.24 deg[0m
[pure_pursuit-10] [0m[INFO] [1788870080.847548181] [pure_pursuit]: lap 41: 6.48 s[0m
[localization_error-8] [0m[INFO] [1788870083.105962488] [localization_error]: now[200] 0.340 m / 2.38 deg  |  session[n=5357] mean 0.339 p95 0.728 max 1.043 m, heading mean 2.51 max 11.24 deg[0m
[pure_pursuit-10] [0m[INFO] [1788870087.321973051] [pure_pursuit]: lap 42: 6.48 s[0m
[localization_error-8] [0m[INFO] [1788870088.105442169] [localization_error]: now[200] 0.342 m / 2.29 deg  |  session[n=5457] mean 0.340 p95 0.727 max 1.043 m, heading mean 2.51 max 11.24 deg[0m
[localization_error-8] [0m[INFO] [1788870093.105456576] [localization_error]: now[200] 0.333 m / 2.65 deg  |  session[n=5557] mean 0.339 p95 0.727 max 1.043 m, heading mean 2.51 max 11.24 deg[0m
[pure_pursuit-10] [0m[INFO] [1788870093.785262983] [pure_pursuit]: lap 43: 6.49 s[0m
[localization_error-8] [0m[INFO] [1788870098.105638890] [localization_error]: now[200] 0.331 m / 2.46 deg  |  session[n=5657] mean 0.339 p95 0.727 max 1.043 m, heading mean 2.51 max 11.24 deg[0m
[pure_pursuit-10] [0m[INFO] [1788870100.234805641] [pure_pursuit]: lap 44: 6.45 s[0m
[localization_error-8] [0m[INFO] [1788870103.105412548] [localization_error]: now[200] 0.327 m / 2.12 deg  |  session[n=5757] mean 0.339 p95 0.727 max 1.043 m, heading mean 2.50 max 11.24 deg[0m
[pure_pursuit-10] [0m[INFO] [1788870106.771447831] [pure_pursuit]: lap 45: 6.50 s[0m
[localization_error-8] [0m[INFO] [1788870108.106005535] [localization_error]: now[200] 0.343 m / 2.31 deg  |  session[n=5857] mean 0.339 p95 0.727 max 1.043 m, heading mean 2.50 max 11.24 deg[0m
[localization_error-8] [0m[INFO] [1788870113.105704575] [localization_error]: now[200] 0.329 m / 2.67 deg  |  session[n=5957] mean 0.338 p95 0.725 max 1.043 m, heading mean 2.51 max 11.24 deg[0m
[pure_pursuit-10] [0m[INFO] [1788870113.252324227] [pure_pursuit]: lap 46: 6.49 s[0m
[localization_error-8] [0m[INFO] [1788870118.105590243] [localization_error]: now[200] 0.339 m / 2.58 deg  |  session[n=6057] mean 0.339 p95 0.725 max 1.043 m, heading mean 2.50 max 11.24 deg[0m
[pure_pursuit-10] [0m[INFO] [1788870119.817481226] [pure_pursuit]: lap 47: 6.54 s[0m
[localization_error-8] [0m[INFO] [1788870123.105418871] [localization_error]: now[200] 0.354 m / 2.44 deg  |  session[n=6157] mean 0.339 p95 0.726 max 1.043 m, heading mean 2.50 max 11.24 deg[0m
[pure_pursuit-10] [0m[INFO] [1788870126.335614403] [pure_pursuit]: lap 48: 6.51 s[0m
[localization_error-8] [0m[INFO] [1788870128.105714007] [localization_error]: now[200] 0.334 m / 2.42 deg  |  session[n=6257] mean 0.339 p95 0.726 max 1.043 m, heading mean 2.50 max 11.24 deg[0m
[pure_pursuit-10] [0m[INFO] [1788870132.755781704] [pure_pursuit]: lap 49: 6.46 s[0m
[localization_error-8] [0m[INFO] [1788870133.106009553] [localization_error]: now[200] 0.318 m / 2.44 deg  |  session[n=6357] mean 0.338 p95 0.724 max 1.043 m, heading mean 2.50 max 11.24 deg[0m
[localization_error-8] [0m[INFO] [1788870138.105935828] [localization_error]: now[200] 0.323 m / 2.68 deg  |  session[n=6457] mean 0.339 p95 0.724 max 1.043 m, heading mean 2.51 max 11.24 deg[0m
[pure_pursuit-10] [0m[INFO] [1788870139.311233160] [pure_pursuit]: lap 50: 6.52 s[0m
[localization_error-8] [0m[INFO] [1788870143.105423938] [localization_error]: now[200] 0.344 m / 2.57 deg  |  session[n=6557] mean 0.338 p95 0.725 max 1.043 m, heading mean 2.50 max 11.24 deg[0m
[pure_pursuit-10] [0m[INFO] [1788870145.776959818] [pure_pursuit]: lap 51: 6.49 s[0m
[localization_error-8] [0m[INFO] [1788870148.105718785] [localization_error]: now[200] 0.338 m / 2.29 deg  |  session[n=6657] mean 0.339 p95 0.727 max 1.068 m, heading mean 2.50 max 11.24 deg[0m
[pure_pursuit-10] [0m[INFO] [1788870152.253742603] [pure_pursuit]: lap 52: 6.46 s[0m
[localization_error-8] [0m[INFO] [1788870153.106007397] [localization_error]: now[200] 0.341 m / 2.28 deg  |  session[n=6757] mean 0.339 p95 0.727 max 1.068 m, heading mean 2.50 max 11.24 deg[0m
[localization_error-8] [0m[INFO] [1788870158.105413327] [localization_error]: now[200] 0.305 m / 2.35 deg  |  session[n=6857] mean 0.338 p95 0.725 max 1.068 m, heading mean 2.50 max 11.24 deg[0m
[pure_pursuit-10] [0m[INFO] [1788870158.717141706] [pure_pursuit]: lap 53: 6.49 s[0m
[localization_error-8] [0m[INFO] [1788870163.106129939] [localization_error]: now[200] 0.330 m / 2.41 deg  |  session[n=6957] mean 0.338 p95 0.727 max 1.068 m, heading mean 2.50 max 11.24 deg[0m
[pure_pursuit-10] [0m[INFO] [1788870165.261945072] [pure_pursuit]: lap 54: 6.51 s[0m
[localization_error-8] [0m[INFO] [1788870168.105536120] [localization_error]: now[200] 0.354 m / 2.19 deg  |  session[n=7057] mean 0.338 p95 0.731 max 1.068 m, heading mean 2.49 max 11.24 deg[0m
[pure_pursuit-10] [0m[INFO] [1788870171.732831979] [pure_pursuit]: lap 55: 6.50 s[0m
[localization_error-8] [0m[INFO] [1788870173.105606638] [localization_error]: now[200] 0.359 m / 2.26 deg  |  session[n=7157] mean 0.339 p95 0.732 max 1.068 m, heading mean 2.49 max 11.24 deg[0m
[localization_error-8] [0m[INFO] [1788870178.105507886] [localization_error]: now[200] 0.330 m / 2.72 deg  |  session[n=7257] mean 0.338 p95 0.729 max 1.068 m, heading mean 2.49 max 11.24 deg[0m
[pure_pursuit-10] [0m[INFO] [1788870178.277969890] [pure_pursuit]: lap 56: 6.52 s[0m
[localization_error-8] [0m[INFO] [1788870183.105421441] [localization_error]: now[200] 0.343 m / 2.75 deg  |  session[n=7357] mean 0.339 p95 0.729 max 1.068 m, heading mean 2.50 max 11.24 deg[0m
[pure_pursuit-10] [0m[INFO] [1788870184.760823941] [pure_pursuit]: lap 57: 6.49 s[0m
[localization_error-8] [0m[INFO] [1788870188.105579855] [localization_error]: now[200] 0.359 m / 2.52 deg  |  session[n=7457] mean 0.338 p95 0.731 max 1.068 m, heading mean 2.49 max 11.24 deg[0m
[pure_pursuit-10] [0m[INFO] [1788870191.256933071] [pure_pursuit]: lap 58: 6.50 s[0m
[localization_error-8] [0m[INFO] [1788870193.105444509] [localization_error]: now[200] 0.353 m / 2.34 deg  |  session[n=7557] mean 0.339 p95 0.732 max 1.068 m, heading mean 2.49 max 11.24 deg[0m
[pure_pursuit-10] [0m[INFO] [1788870197.746801142] [pure_pursuit]: lap 59: 6.52 s[0m
[localization_error-8] [0m[INFO] [1788870198.105509432] [localization_error]: now[200] 0.352 m / 2.42 deg  |  session[n=7657] mean 0.339 p95 0.729 max 1.068 m, heading mean 2.49 max 11.24 deg[0m
[localization_error-8] [0m[INFO] [1788870203.105548250] [localization_error]: now[200] 0.336 m / 2.54 deg  |  session[n=7757] mean 0.339 p95 0.732 max 1.068 m, heading mean 2.49 max 11.24 deg[0m
[pure_pursuit-10] [0m[INFO] [1788870204.289897052] [pure_pursuit]: lap 60: 6.53 s[0m
[localization_error-8] [0m[INFO] [1788870208.105516583] [localization_error]: now[200] 0.351 m / 2.49 deg  |  session[n=7857] mean 0.339 p95 0.731 max 1.068 m, heading mean 2.49 max 11.24 deg[0m
[pure_pursuit-10] [0m[INFO] [1788870210.809233374] [pure_pursuit]: lap 61: 6.51 s[0m
[localization_error-8] [0m[INFO] [1788870213.105513432] [localization_error]: now[200] 0.342 m / 2.38 deg  |  session[n=7957] mean 0.339 p95 0.733 max 1.068 m, heading mean 2.49 max 11.24 deg[0m
[pure_pursuit-10] [0m[INFO] [1788870217.266492063] [pure_pursuit]: lap 62: 6.50 s[0m
[localization_error-8] [0m[INFO] [1788870218.105563900] [localization_error]: now[200] 0.349 m / 2.49 deg  |  session[n=8057] mean 0.339 p95 0.732 max 1.068 m, heading mean 2.49 max 11.24 deg[0m
[localization_error-8] [0m[INFO] [1788870223.106107023] [localization_error]: now[200] 0.323 m / 2.69 deg  |  session[n=8157] mean 0.339 p95 0.732 max 1.068 m, heading mean 2.49 max 11.24 deg[0m
[pure_pursuit-10] [0m[INFO] [1788870223.848000278] [pure_pursuit]: lap 63: 6.55 s[0m
[localization_error-8] [0m[INFO] [1788870228.105713594] [localization_error]: now[200] 0.320 m / 2.47 deg  |  session[n=8257] mean 0.339 p95 0.732 max 1.068 m, heading mean 2.49 max 11.24 deg[0m
[pure_pursuit-10] [0m[INFO] [1788870230.301209972] [pure_pursuit]: lap 64: 6.47 s[0m
[localization_error-8] [0m[INFO] [1788870233.106119268] [localization_error]: now[200] 0.333 m / 2.23 deg  |  session[n=8357] mean 0.339 p95 0.733 max 1.068 m, heading mean 2.49 max 11.24 deg[0m
[pure_pursuit-10] [0m[INFO] [1788870236.755711042] [pure_pursuit]: lap 65: 6.42 s[0m
[localization_error-8] [0m[INFO] [1788870238.105639527] [localization_error]: now[200] 0.361 m / 2.49 deg  |  session[n=8457] mean 0.339 p95 0.734 max 1.068 m, heading mean 2.49 max 11.24 deg[0m
[localization_error-8] [0m[INFO] [1788870243.105558188] [localization_error]: now[200] 0.327 m / 2.71 deg  |  session[n=8557] mean 0.339 p95 0.732 max 1.068 m, heading mean 2.49 max 11.24 deg[0m
[pure_pursuit-10] [0m[INFO] [1788870243.200440659] [pure_pursuit]: lap 66: 6.48 s[0m
[localization_error-8] [0m[INFO] [1788870248.106094104] [localization_error]: now[200] 0.313 m / 2.29 deg  |  session[n=8657] mean 0.339 p95 0.733 max 1.068 m, heading mean 2.49 max 11.24 deg[0m
[pure_pursuit-10] [0m[INFO] [1788870249.749191917] [pure_pursuit]: lap 67: 6.54 s[0m
[localization_error-8] [0m[INFO] [1788870253.105553550] [localization_error]: now[200] 0.344 m / 2.16 deg  |  session[n=8757] mean 0.339 p95 0.734 max 1.068 m, heading mean 2.49 max 11.24 deg[0m
[pure_pursuit-10] [0m[INFO] [1788870256.266292709] [pure_pursuit]: lap 68: 6.53 s[0m
[localization_error-8] [0m[INFO] [1788870258.105701860] [localization_error]: now[200] 0.337 m / 2.25 deg  |  session[n=8857] mean 0.339 p95 0.732 max 1.068 m, heading mean 2.48 max 11.24 deg[0m
[pure_pursuit-10] [0m[INFO] [1788870262.802164172] [pure_pursuit]: lap 69: 6.49 s[0m
[localization_error-8] [0m[INFO] [1788870263.105494881] [localization_error]: now[200] 0.314 m / 2.26 deg  |  session[n=8957] mean 0.338 p95 0.731 max 1.068 m, heading mean 2.48 max 11.24 deg[0m
[localization_error-8] [0m[INFO] [1788870268.105986631] [localization_error]: now[200] 0.305 m / 2.39 deg  |  session[n=9057] mean 0.338 p95 0.729 max 1.068 m, heading mean 2.48 max 11.24 deg[0m
[pure_pursuit-10] [0m[INFO] [1788870269.330363357] [pure_pursuit]: lap 70: 6.52 s[0m
[localization_error-8] [0m[INFO] [1788870273.105900241] [localization_error]: now[200] 0.334 m / 2.36 deg  |  session[n=9157] mean 0.338 p95 0.728 max 1.068 m, heading mean 2.48 max 11.24 deg[0m
[pure_pursuit-10] [0m[INFO] [1788870275.820943242] [pure_pursuit]: lap 71: 6.55 s[0m
[localization_error-8] [0m[INFO] [1788870278.105659738] [localization_error]: now[200] 0.351 m / 2.37 deg  |  session[n=9257] mean 0.338 p95 0.728 max 1.068 m, heading mean 2.48 max 11.24 deg[0m
[pure_pursuit-10] [0m[INFO] [1788870282.352434848] [pure_pursuit]: lap 72: 6.50 s[0m
[localization_error-8] [0m[INFO] [1788870283.106654243] [localization_error]: now[200] 0.351 m / 2.55 deg  |  session[n=9357] mean 0.338 p95 0.728 max 1.068 m, heading mean 2.48 max 11.24 deg[0m
[localization_error-8] [0m[INFO] [1788870288.105787745] [localization_error]: now[200] 0.318 m / 2.80 deg  |  session[n=9457] mean 0.338 p95 0.727 max 1.068 m, heading mean 2.48 max 11.24 deg[0m
[pure_pursuit-10] [0m[INFO] [1788870288.823062028] [pure_pursuit]: lap 73: 6.50 s[0m
[localization_error-8] [0m[INFO] [1788870293.105624862] [localization_error]: now[200] 0.330 m / 2.50 deg  |  session[n=9557] mean 0.338 p95 0.727 max 1.068 m, heading mean 2.48 max 11.24 deg[0m
[pure_pursuit-10] [0m[INFO] [1788870295.441837779] [pure_pursuit]: lap 74: 6.57 s[0m
[localization_error-8] [0m[INFO] [1788870298.105569483] [localization_error]: now[200] 0.331 m / 2.01 deg  |  session[n=9657] mean 0.338 p95 0.727 max 1.068 m, heading mean 2.47 max 11.24 deg[0m
[pure_pursuit-10] [0m[INFO] [1788870301.897348651] [pure_pursuit]: lap 75: 6.50 s[0m
[localization_error-8] [0m[INFO] [1788870303.106025325] [localization_error]: now[200] 0.344 m / 2.35 deg  |  session[n=9757] mean 0.338 p95 0.727 max 1.068 m, heading mean 2.48 max 11.24 deg[0m
[localization_error-8] [0m[INFO] [1788870308.105554961] [localization_error]: now[200] 0.323 m / 2.71 deg  |  session[n=9857] mean 0.337 p95 0.726 max 1.068 m, heading mean 2.48 max 11.24 deg[0m
[pure_pursuit-10] [0m[INFO] [1788870308.367348367] [pure_pursuit]: lap 76: 6.47 s[0m
[localization_error-8] [0m[INFO] [1788870313.105539663] [localization_error]: now[200] 0.341 m / 2.69 deg  |  session[n=9957] mean 0.338 p95 0.729 max 1.068 m, heading mean 2.48 max 11.24 deg[0m
[pure_pursuit-10] [0m[INFO] [1788870314.862729403] [pure_pursuit]: lap 77: 6.46 s[0m
[localization_error-8] [0m[INFO] [1788870318.106157348] [localization_error]: now[200] 0.362 m / 2.58 deg  |  session[n=10057] mean 0.338 p95 0.731 max 1.068 m, heading mean 2.48 max 11.24 deg[0m
[pure_pursuit-10] [0m[INFO] [1788870321.316972035] [pure_pursuit]: lap 78: 6.49 s[0m
[localization_error-8] [0m[INFO] [1788870323.105617416] [localization_error]: now[200] 0.344 m / 2.42 deg  |  session[n=10157] mean 0.338 p95 0.732 max 1.068 m, heading mean 2.48 max 11.24 deg[0m
[pure_pursuit-10] [0m[INFO] [1788870327.791239797] [pure_pursuit]: lap 79: 6.45 s[0m
[localization_error-8] [0m[INFO] [1788870328.106367184] [localization_error]: now[200] 0.335 m / 2.70 deg  |  session[n=10257] mean 0.338 p95 0.729 max 1.068 m, heading mean 2.48 max 11.24 deg[0m
[localization_error-8] [0m[INFO] [1788870333.105551162] [localization_error]: now[200] 0.321 m / 2.71 deg  |  session[n=10357] mean 0.338 p95 0.729 max 1.068 m, heading mean 2.48 max 11.24 deg[0m
[pure_pursuit-10] [0m[INFO] [1788870334.269325740] [pure_pursuit]: lap 80: 6.48 s[0m
[localization_error-8] [0m[INFO] [1788870338.105610062] [localization_error]: now[200] 0.340 m / 2.25 deg  |  session[n=10457] mean 0.338 p95 0.728 max 1.068 m, heading mean 2.48 max 11.24 deg[0m
[pure_pursuit-10] [0m[INFO] [1788870340.797622703] [pure_pursuit]: lap 81: 6.52 s[0m
[localization_error-8] [0m[INFO] [1788870343.106235494] [localization_error]: now[200] 0.324 m / 2.01 deg  |  session[n=10557] mean 0.338 p95 0.728 max 1.068 m, heading mean 2.48 max 11.24 deg[0m
[pure_pursuit-10] [0m[INFO] [1788870347.219694221] [pure_pursuit]: lap 82: 6.46 s[0m
[localization_error-8] [0m[INFO] [1788870348.105699188] [localization_error]: now[200] 0.347 m / 2.31 deg  |  session[n=10657] mean 0.338 p95 0.728 max 1.068 m, heading mean 2.48 max 11.24 deg[0m
[localization_error-8] [0m[INFO] [1788870353.106501606] [localization_error]: now[200] 0.341 m / 2.70 deg  |  session[n=10757] mean 0.338 p95 0.728 max 1.068 m, heading mean 2.48 max 11.24 deg[0m
[pure_pursuit-10] [0m[INFO] [1788870353.796956315] [pure_pursuit]: lap 83: 6.55 s[0m
[localization_error-8] [0m[INFO] [1788870358.105545258] [localization_error]: now[200] 0.340 m / 2.75 deg  |  session[n=10857] mean 0.338 p95 0.729 max 1.068 m, heading mean 2.48 max 11.24 deg[0m
[pure_pursuit-10] [0m[INFO] [1788870360.271720334] [pure_pursuit]: lap 84: 6.48 s[0m
[localization_error-8] [0m[INFO] [1788870363.105759447] [localization_error]: now[200] 0.338 m / 2.52 deg  |  session[n=10957] mean 0.338 p95 0.731 max 1.068 m, heading mean 2.48 max 11.24 deg[0m
[pure_pursuit-10] [0m[INFO] [1788870366.749643076] [pure_pursuit]: lap 85: 6.50 s[0m
[localization_error-8] [0m[INFO] [1788870368.106049733] [localization_error]: now[200] 0.342 m / 2.43 deg  |  session[n=11057] mean 0.338 p95 0.732 max 1.068 m, heading mean 2.48 max 11.24 deg[0m
[localization_error-8] [0m[INFO] [1788870373.105660486] [localization_error]: now[200] 0.321 m / 2.59 deg  |  session[n=11157] mean 0.338 p95 0.729 max 1.068 m, heading mean 2.48 max 11.24 deg[0m
[pure_pursuit-10] [0m[INFO] [1788870373.296310088] [pure_pursuit]: lap 86: 6.51 s[0m
[localization_error-8] [0m[INFO] [1788870378.105809588] [localization_error]: now[200] 0.332 m / 2.48 deg  |  session[n=11257] mean 0.338 p95 0.731 max 1.068 m, heading mean 2.48 max 11.24 deg[0m
[pure_pursuit-10] [0m[INFO] [1788870379.777197946] [pure_pursuit]: lap 87: 6.51 s[0m
[localization_error-8] [0m[INFO] [1788870383.105612976] [localization_error]: now[200] 0.350 m / 2.33 deg  |  session[n=11357] mean 0.338 p95 0.731 max 1.068 m, heading mean 2.48 max 11.24 deg[0m
[pure_pursuit-10] [0m[INFO] [1788870386.271530271] [pure_pursuit]: lap 88: 6.50 s[0m
[localization_error-8] [0m[INFO] [1788870388.106351770] [localization_error]: now[200] 0.328 m / 2.24 deg  |  session[n=11457] mean 0.338 p95 0.729 max 1.068 m, heading mean 2.48 max 11.24 deg[0m
[pure_pursuit-10] [0m[INFO] [1788870392.836787278] [pure_pursuit]: lap 89: 6.53 s[0m
[localization_error-8] [0m[INFO] [1788870393.105567803] [localization_error]: now[200] 0.319 m / 2.28 deg  |  session[n=11557] mean 0.337 p95 0.728 max 1.068 m, heading mean 2.48 max 11.24 deg[0m
[localization_error-8] [0m[INFO] [1788870398.106296346] [localization_error]: now[200] 0.320 m / 2.41 deg  |  session[n=11657] mean 0.338 p95 0.727 max 1.068 m, heading mean 2.48 max 11.24 deg[0m
[pure_pursuit-10] [0m[INFO] [1788870399.314150573] [pure_pursuit]: lap 90: 6.49 s[0m
[localization_error-8] [0m[INFO] [1788870403.105755199] [localization_error]: now[200] 0.350 m / 2.25 deg  |  session[n=11757] mean 0.338 p95 0.728 max 1.070 m, heading mean 2.47 max 11.24 deg[0m
[pure_pursuit-10] [0m[INFO] [1788870405.803815502] [pure_pursuit]: lap 91: 6.49 s[0m
[localization_error-8] [0m[INFO] [1788870408.105577449] [localization_error]: now[200] 0.338 m / 2.10 deg  |  session[n=11857] mean 0.338 p95 0.729 max 1.070 m, heading mean 2.47 max 11.24 deg[0m
[pure_pursuit-10] [0m[INFO] [1788870412.277734746] [pure_pursuit]: lap 92: 6.50 s[0m
[localization_error-8] [0m[INFO] [1788870413.105866932] [localization_error]: now[200] 0.326 m / 2.22 deg  |  session[n=11957] mean 0.337 p95 0.728 max 1.070 m, heading mean 2.47 max 11.24 deg[0m
[localization_error-8] [0m[INFO] [1788870418.105725467] [localization_error]: now[200] 0.316 m / 2.37 deg  |  session[n=12057] mean 0.337 p95 0.727 max 1.070 m, heading mean 2.47 max 11.24 deg[0m
[pure_pursuit-10] [0m[INFO] [1788870418.769381985] [pure_pursuit]: lap 93: 6.48 s[0m
[localization_error-8] [0m[INFO] [1788870423.105613796] [localization_error]: now[200] 0.340 m / 2.30 deg  |  session[n=12157] mean 0.337 p95 0.728 max 1.070 m, heading mean 2.47 max 11.24 deg[0m
[pure_pursuit-10] [0m[INFO] [1788870425.362059609] [pure_pursuit]: lap 94: 6.55 s[0m
[localization_error-8] [0m[INFO] [1788870428.106141852] [localization_error]: now[200] 0.335 m / 2.04 deg  |  session[n=12257] mean 0.337 p95 0.729 max 1.070 m, heading mean 2.46 max 11.24 deg[0m
[pure_pursuit-10] [0m[INFO] [1788870431.829695175] [pure_pursuit]: lap 95: 6.50 s[0m
[localization_error-8] [0m[INFO] [1788870433.105946052] [localization_error]: now[200] 0.337 m / 2.11 deg  |  session[n=12357] mean 0.337 p95 0.728 max 1.070 m, heading mean 2.46 max 11.24 deg[0m
[localization_error-8] [0m[INFO] [1788870438.106082026] [localization_error]: now[200] 0.313 m / 2.37 deg  |  session[n=12457] mean 0.337 p95 0.727 max 1.070 m, heading mean 2.46 max 11.24 deg[0m
[pure_pursuit-10] [0m[INFO] [1788870438.349303227] [pure_pursuit]: lap 96: 6.49 s[0m
[localization_error-8] [0m[INFO] [1788870443.106005013] [localization_error]: now[200] 0.316 m / 2.39 deg  |  session[n=12557] mean 0.337 p95 0.727 max 1.070 m, heading mean 2.46 max 11.24 deg[0m
[pure_pursuit-10] [0m[INFO] [1788870444.865045302] [pure_pursuit]: lap 97: 6.54 s[0m
[localization_error-8] [0m[INFO] [1788870448.106354217] [localization_error]: now[200] 0.333 m / 2.38 deg  |  session[n=12657] mean 0.337 p95 0.727 max 1.070 m, heading mean 2.46 max 11.24 deg[0m
[pure_pursuit-10] [0m[INFO] [1788870451.298926268] [pure_pursuit]: lap 98: 6.47 s[0m
[localization_error-8] [0m[INFO] [1788870453.106193457] [localization_error]: now[200] 0.336 m / 2.32 deg  |  session[n=12757] mean 0.337 p95 0.728 max 1.070 m, heading mean 2.46 max 11.24 deg[0m
[pure_pursuit-10] [0m[INFO] [1788870457.823921789] [pure_pursuit]: lap 99: 6.49 s[0m
[localization_error-8] [0m[INFO] [1788870458.105690772] [localization_error]: now[200] 0.335 m / 2.34 deg  |  session[n=12857] mean 0.337 p95 0.727 max 1.070 m, heading mean 2.46 max 11.24 deg[0m
[localization_error-8] [0m[INFO] [1788870463.105803026] [localization_error]: now[200] 0.330 m / 2.47 deg  |  session[n=12957] mean 0.337 p95 0.727 max 1.070 m, heading mean 2.46 max 11.24 deg[0m
[pure_pursuit-10] [0m[INFO] [1788870464.329986296] [pure_pursuit]: lap 100: 6.53 s[0m
[localization_error-8] [0m[INFO] [1788870468.106619591] [localization_error]: now[200] 0.348 m / 2.30 deg  |  session[n=13057] mean 0.337 p95 0.727 max 1.070 m, heading mean 2.45 max 11.24 deg[0m
[pure_pursuit-10] [0m[INFO] [1788870470.822475272] [pure_pursuit]: lap 101: 6.50 s[0m
[localization_error-8] [0m[INFO] [1788870473.106481302] [localization_error]: now[200] 0.333 m / 2.12 deg  |  session[n=13157] mean 0.337 p95 0.727 max 1.070 m, heading mean 2.45 max 11.24 deg[0m
[pure_pursuit-10] [0m[INFO] [1788870477.362380424] [pure_pursuit]: lap 102: 6.50 s[0m
[localization_error-8] [0m[INFO] [1788870478.106930204] [localization_error]: now[200] 0.335 m / 2.48 deg  |  session[n=13257] mean 0.337 p95 0.726 max 1.070 m, heading mean 2.45 max 11.24 deg[0m
[localization_error-8] [0m[INFO] [1788870483.106405222] [localization_error]: now[200] 0.307 m / 2.57 deg  |  session[n=13357] mean 0.337 p95 0.726 max 1.070 m, heading mean 2.45 max 11.24 deg[0m
[pure_pursuit-10] [0m[INFO] [1788870483.826132760] [pure_pursuit]: lap 103: 6.48 s[0m
[localization_error-8] [0m[INFO] [1788870488.106229966] [localization_error]: now[200] 0.321 m / 2.43 deg  |  session[n=13457] mean 0.337 p95 0.726 max 1.070 m, heading mean 2.45 max 11.24 deg[0m
[pure_pursuit-10] [0m[INFO] [1788870490.303949577] [pure_pursuit]: lap 104: 6.49 s[0m
[localization_error-8] [0m[INFO] [1788870493.106057763] [localization_error]: now[200] 0.338 m / 2.48 deg  |  session[n=13557] mean 0.337 p95 0.726 max 1.070 m, heading mean 2.45 max 11.24 deg[0m
[pure_pursuit-10] [0m[INFO] [1788870496.802511222] [pure_pursuit]: lap 105: 6.49 s[0m
[localization_error-8] [0m[INFO] [1788870498.105767851] [localization_error]: now[200] 0.350 m / 2.34 deg  |  session[n=13657] mean 0.337 p95 0.727 max 1.070 m, heading mean 2.45 max 11.24 deg[0m
[localization_error-8] [0m[INFO] [1788870503.106122775] [localization_error]: now[200] 0.323 m / 2.39 deg  |  session[n=13757] mean 0.336 p95 0.726 max 1.070 m, heading mean 2.45 max 11.24 deg[0m
[pure_pursuit-10] [0m[INFO] [1788870503.264531964] [pure_pursuit]: lap 106: 6.48 s[0m
[localization_error-8] [0m[INFO] [1788870508.105795140] [localization_error]: now[200] 0.325 m / 2.45 deg  |  session[n=13857] mean 0.337 p95 0.726 max 1.070 m, heading mean 2.45 max 11.24 deg[0m
[pure_pursuit-10] [0m[INFO] [1788870509.746258745] [pure_pursuit]: lap 107: 6.49 s[0m
[localization_error-8] [0m[INFO] [1788870513.106513633] [localization_error]: now[200] 0.348 m / 2.46 deg  |  session[n=13957] mean 0.337 p95 0.726 max 1.070 m, heading mean 2.45 max 11.24 deg[0m
[pure_pursuit-10] [0m[INFO] [1788870516.160329411] [pure_pursuit]: lap 108: 6.42 s[0m
[localization_error-8] [0m[INFO] [1788870518.105989984] [localization_error]: now[200] 0.343 m / 2.61 deg  |  session[n=14057] mean 0.337 p95 0.727 max 1.070 m, heading mean 2.45 max 11.24 deg[0m
[pure_pursuit-10] [0m[INFO] [1788870522.753072373] [pure_pursuit]: lap 109: 6.56 s[0m
[localization_error-8] [0m[INFO] [1788870523.106167784] [localization_error]: now[200] 0.327 m / 2.46 deg  |  session[n=14157] mean 0.336 p95 0.726 max 1.070 m, heading mean 2.45 max 11.24 deg[0m
[localization_error-8] [0m[INFO] [1788870528.106438198] [localization_error]: now[200] 0.323 m / 2.36 deg  |  session[n=14257] mean 0.337 p95 0.727 max 1.070 m, heading mean 2.45 max 11.24 deg[0m
[pure_pursuit-10] [0m[INFO] [1788870529.228300127] [pure_pursuit]: lap 110: 6.48 s[0m
[localization_error-8] [0m[INFO] [1788870533.105986801] [localization_error]: now[200] 0.357 m / 2.42 deg  |  session[n=14357] mean 0.337 p95 0.727 max 1.070 m, heading mean 2.45 max 11.24 deg[0m
[pure_pursuit-10] [0m[INFO] [1788870535.710727156] [pure_pursuit]: lap 111: 6.51 s[0m
[localization_error-8] [0m[INFO] [1788870538.105930699] [localization_error]: now[200] 0.330 m / 2.20 deg  |  session[n=14457] mean 0.336 p95 0.727 max 1.070 m, heading mean 2.45 max 11.24 deg[0m
[pure_pursuit-10] [0m[INFO] [1788870542.227807374] [pure_pursuit]: lap 112: 6.51 s[0m
[localization_error-8] [0m[INFO] [1788870543.107357284] [localization_error]: now[200] 0.328 m / 2.23 deg  |  session[n=14557] mean 0.337 p95 0.727 max 1.070 m, heading mean 2.45 max 11.24 deg[0m
[localization_error-8] [0m[INFO] [1788870548.105871544] [localization_error]: now[200] 0.316 m / 2.47 deg  |  session[n=14657] mean 0.336 p95 0.726 max 1.070 m, heading mean 2.45 max 11.24 deg[0m
[pure_pursuit-10] [0m[INFO] [1788870548.761161586] [pure_pursuit]: lap 113: 6.49 s[0m
[localization_error-8] [0m[INFO] [1788870553.105852217] [localization_error]: now[200] 0.331 m / 2.65 deg  |  session[n=14757] mean 0.336 p95 0.727 max 1.070 m, heading mean 2.45 max 11.24 deg[0m
[pure_pursuit-10] [0m[INFO] [1788870555.255978858] [pure_pursuit]: lap 114: 6.51 s[0m
[localization_error-8] [0m[INFO] [1788870558.105894321] [localization_error]: now[200] 0.353 m / 2.41 deg  |  session[n=14857] mean 0.336 p95 0.728 max 1.070 m, heading mean 2.45 max 11.24 deg[0m
[pure_pursuit-10] [0m[INFO] [1788870561.752699828] [pure_pursuit]: lap 115: 6.49 s[0m
[localization_error-8] [0m[INFO] [1788870563.106569656] [localization_error]: now[200] 0.379 m / 2.42 deg  |  session[n=14957] mean 0.337 p95 0.728 max 1.070 m, heading mean 2.45 max 11.24 deg[0m
[localization_error-8] [0m[INFO] [1788870568.106530457] [localization_error]: now[200] 0.351 m / 2.81 deg  |  session[n=15057] mean 0.337 p95 0.727 max 1.070 m, heading mean 2.45 max 11.24 deg[0m
[pure_pursuit-10] [0m[INFO] [1788870568.268110947] [pure_pursuit]: lap 116: 6.52 s[0m
[localization_error-8] [0m[INFO] [1788870573.105748620] [localization_error]: now[200] 0.341 m / 2.69 deg  |  session[n=15157] mean 0.337 p95 0.728 max 1.070 m, heading mean 2.46 max 11.24 deg[0m
[pure_pursuit-10] [0m[INFO] [1788870574.761000518] [pure_pursuit]: lap 117: 6.52 s[0m
[localization_error-8] [0m[INFO] [1788870578.105788573] [localization_error]: now[200] 0.370 m / 2.64 deg  |  session[n=15257] mean 0.337 p95 0.732 max 1.070 m, heading mean 2.46 max 11.24 deg[0m
[pure_pursuit-10] [0m[INFO] [1788870581.227930831] [pure_pursuit]: lap 118: 6.49 s[0m
[localization_error-8] [0m[INFO] [1788870583.106665193] [localization_error]: now[200] 0.348 m / 2.50 deg  |  session[n=15357] mean 0.337 p95 0.732 max 1.070 m, heading mean 2.46 max 11.24 deg[0m
[pure_pursuit-10] [0m[INFO] [1788870587.727863718] [pure_pursuit]: lap 119: 6.48 s[0m
[localization_error-8] [0m[INFO] [1788870588.105820672] [localization_error]: now[200] 0.337 m / 2.65 deg  |  session[n=15457] mean 0.337 p95 0.731 max 1.070 m, heading mean 2.46 max 11.24 deg[0m
[localization_error-8] [0m[INFO] [1788870593.106238512] [localization_error]: now[200] 0.323 m / 2.65 deg  |  session[n=15557] mean 0.337 p95 0.732 max 1.070 m, heading mean 2.46 max 11.24 deg[0m
[pure_pursuit-10] [0m[INFO] [1788870594.244261689] [pure_pursuit]: lap 120: 6.53 s[0m
[localization_error-8] [0m[INFO] [1788870598.105881144] [localization_error]: now[200] 0.348 m / 2.37 deg  |  session[n=15657] mean 0.337 p95 0.732 max 1.070 m, heading mean 2.46 max 11.24 deg[0m
[pure_pursuit-10] [0m[INFO] [1788870600.711817566] [pure_pursuit]: lap 121: 6.47 s[0m
[localization_error-8] [0m[INFO] [1788870603.106185112] [localization_error]: now[200] 0.361 m / 2.37 deg  |  session[n=15757] mean 0.337 p95 0.733 max 1.070 m, heading mean 2.46 max 11.24 deg[0m
[pure_pursuit-10] [0m[INFO] [1788870607.243724680] [pure_pursuit]: lap 122: 6.49 s[0m
[localization_error-8] [0m[INFO] [1788870608.106446181] [localization_error]: now[200] 0.362 m / 2.62 deg  |  session[n=15857] mean 0.338 p95 0.733 max 1.070 m, heading mean 2.46 max 11.24 deg[0m
[localization_error-8] [0m[INFO] [1788870613.105846302] [localization_error]: now[200] 0.340 m / 2.86 deg  |  session[n=15957] mean 0.337 p95 0.732 max 1.070 m, heading mean 2.46 max 11.24 deg[0m
[pure_pursuit-10] [0m[INFO] [1788870613.698109477] [pure_pursuit]: lap 123: 6.45 s[0m
[localization_error-8] [0m[INFO] [1788870618.105975260] [localization_error]: now[200] 0.358 m / 2.72 deg  |  session[n=16057] mean 0.338 p95 0.733 max 1.070 m, heading mean 2.46 max 11.24 deg[0m
[pure_pursuit-10] [0m[INFO] [1788870620.218077812] [pure_pursuit]: lap 124: 6.52 s[0m
[localization_error-8] [0m[INFO] [1788870623.106046106] [localization_error]: now[200] 0.356 m / 2.40 deg  |  session[n=16157] mean 0.338 p95 0.734 max 1.070 m, heading mean 2.46 max 11.24 deg[0m
[pure_pursuit-10] [0m[INFO] [1788870626.753189664] [pure_pursuit]: lap 125: 6.54 s[0m
[localization_error-8] [0m[INFO] [1788870628.106184101] [localization_error]: now[200] 0.353 m / 2.33 deg  |  session[n=16257] mean 0.338 p95 0.734 max 1.070 m, heading mean 2.46 max 11.24 deg[0m
[localization_error-8] [0m[INFO] [1788870633.106373097] [localization_error]: now[200] 0.336 m / 2.67 deg  |  session[n=16357] mean 0.338 p95 0.734 max 1.070 m, heading mean 2.46 max 11.24 deg[0m
[pure_pursuit-10] [0m[INFO] [1788870633.245851735] [pure_pursuit]: lap 126: 6.53 s[0m
[localization_error-8] [0m[INFO] [1788870638.106016491] [localization_error]: now[200] 0.329 m / 2.59 deg  |  session[n=16457] mean 0.338 p95 0.734 max 1.070 m, heading mean 2.46 max 11.24 deg[0m
[pure_pursuit-10] [0m[INFO] [1788870639.756597946] [pure_pursuit]: lap 127: 6.46 s[0m
[localization_error-8] [0m[INFO] [1788870643.105888776] [localization_error]: now[200] 0.353 m / 2.53 deg  |  session[n=16557] mean 0.338 p95 0.734 max 1.070 m, heading mean 2.46 max 11.24 deg[0m
[pure_pursuit-10] [0m[INFO] [1788870646.298978392] [pure_pursuit]: lap 128: 6.55 s[0m
[localization_error-8] [0m[INFO] [1788870648.105874157] [localization_error]: now[200] 0.342 m / 2.41 deg  |  session[n=16657] mean 0.338 p95 0.736 max 1.070 m, heading mean 2.46 max 11.24 deg[0m
[pure_pursuit-10] [0m[INFO] [1788870652.782733579] [pure_pursuit]: lap 129: 6.52 s[0m
[localization_error-8] [0m[INFO] [1788870653.105835925] [localization_error]: now[200] 0.329 m / 2.39 deg  |  session[n=16757] mean 0.338 p95 0.734 max 1.070 m, heading mean 2.46 max 11.24 deg[0m
[localization_error-8] [0m[INFO] [1788870658.106543107] [localization_error]: now[200] 0.323 m / 2.67 deg  |  session[n=16857] mean 0.338 p95 0.734 max 1.070 m, heading mean 2.47 max 11.24 deg[0m
[pure_pursuit-10] [0m[INFO] [1788870659.244540654] [pure_pursuit]: lap 130: 6.46 s[0m
[localization_error-8] [0m[INFO] [1788870663.106040959] [localization_error]: now[200] 0.336 m / 2.59 deg  |  session[n=16957] mean 0.338 p95 0.734 max 1.070 m, heading mean 2.47 max 11.24 deg[0m
[pure_pursuit-10] [0m[INFO] [1788870665.701050757] [pure_pursuit]: lap 131: 6.46 s[0m
[localization_error-8] [0m[INFO] [1788870668.105953631] [localization_error]: now[200] 0.344 m / 2.38 deg  |  session[n=17057] mean 0.338 p95 0.735 max 1.070 m, heading mean 2.46 max 11.24 deg[0m
[pure_pursuit-10] [0m[INFO] [1788870672.250732554] [pure_pursuit]: lap 132: 6.54 s[0m
[localization_error-8] [0m[INFO] [1788870673.106203279] [localization_error]: now[200] 0.354 m / 2.45 deg  |  session[n=17157] mean 0.338 p95 0.735 max 1.070 m, heading mean 2.47 max 11.24 deg[0m
[localization_error-8] [0m[INFO] [1788870678.106236725] [localization_error]: now[200] 0.333 m / 2.78 deg  |  session[n=17257] mean 0.338 p95 0.735 max 1.070 m, heading mean 2.47 max 11.24 deg[0m
[pure_pursuit-10] [0m[INFO] [1788870678.742227056] [pure_pursuit]: lap 133: 6.47 s[0m
[localization_error-8] [0m[INFO] [1788870683.105881549] [localization_error]: now[200] 0.344 m / 2.71 deg  |  session[n=17357] mean 0.338 p95 0.735 max 1.070 m, heading mean 2.47 max 11.24 deg[0m
[pure_pursuit-10] [0m[INFO] [1788870685.220798399] [pure_pursuit]: lap 134: 6.48 s[0m
[localization_error-8] [0m[INFO] [1788870688.106137919] [localization_error]: now[200] 0.340 m / 2.34 deg  |  session[n=17457] mean 0.338 p95 0.736 max 1.070 m, heading mean 2.47 max 11.24 deg[0m
[pure_pursuit-10] [0m[INFO] [1788870691.727121588] [pure_pursuit]: lap 135: 6.49 s[0m
[localization_error-8] [0m[INFO] [1788870693.106127896] [localization_error]: now[200] 0.358 m / 2.39 deg  |  session[n=17557] mean 0.338 p95 0.736 max 1.070 m, heading mean 2.47 max 11.24 deg[0m
[localization_error-8] [0m[INFO] [1788870698.106781279] [localization_error]: now[200] 0.341 m / 2.64 deg  |  session[n=17657] mean 0.338 p95 0.734 max 1.070 m, heading mean 2.47 max 11.24 deg[0m
[pure_pursuit-10] [0m[INFO] [1788870698.146547292] [pure_pursuit]: lap 136: 6.45 s[0m
[localization_error-8] [0m[INFO] [1788870703.106243663] [localization_error]: now[200] 0.336 m / 2.80 deg  |  session[n=17757] mean 0.338 p95 0.735 max 1.070 m, heading mean 2.47 max 11.24 deg[0m
[pure_pursuit-10] [0m[INFO] [1788870704.665239932] [pure_pursuit]: lap 137: 6.51 s[0m
[localization_error-8] [0m[INFO] [1788870708.105901357] [localization_error]: now[200] 0.360 m / 2.88 deg  |  session[n=17857] mean 0.338 p95 0.736 max 1.070 m, heading mean 2.47 max 11.24 deg[0m
[pure_pursuit-10] [0m[INFO] [1788870711.155253445] [pure_pursuit]: lap 138: 6.46 s[0m
[localization_error-8] [0m[INFO] [1788870713.106701233] [localization_error]: now[200] 0.343 m / 2.44 deg  |  session[n=17957] mean 0.338 p95 0.736 max 1.070 m, heading mean 2.47 max 11.24 deg[0m
[pure_pursuit-10] [0m[INFO] [1788870717.617207158] [pure_pursuit]: lap 139: 6.50 s[0m
[localization_error-8] [0m[INFO] [1788870718.106901102] [localization_error]: now[200] 0.337 m / 2.32 deg  |  session[n=18057] mean 0.338 p95 0.736 max 1.070 m, heading mean 2.47 max 11.24 deg[0m
[localization_error-8] [0m[INFO] [1788870723.105920664] [localization_error]: now[200] 0.331 m / 2.62 deg  |  session[n=18157] mean 0.338 p95 0.736 max 1.070 m, heading mean 2.47 max 11.24 deg[0m
[pure_pursuit-10] [0m[INFO] [1788870724.080396076] [pure_pursuit]: lap 140: 6.47 s[0m
[localization_error-8] [0m[INFO] [1788870728.106852641] [localization_error]: now[200] 0.346 m / 2.52 deg  |  session[n=18257] mean 0.338 p95 0.736 max 1.070 m, heading mean 2.47 max 11.24 deg[0m
[pure_pursuit-10] [0m[INFO] [1788870730.694658666] [pure_pursuit]: lap 141: 6.56 s[0m
[localization_error-8] [0m[INFO] [1788870733.107002408] [localization_error]: now[200] 0.332 m / 2.17 deg  |  session[n=18357] mean 0.338 p95 0.736 max 1.070 m, heading mean 2.47 max 11.24 deg[0m
[pure_pursuit-10] [0m[INFO] [1788870737.127631144] [pure_pursuit]: lap 142: 6.48 s[0m
[localization_error-8] [0m[INFO] [1788870738.105966855] [localization_error]: now[200] 0.342 m / 2.20 deg  |  session[n=18457] mean 0.338 p95 0.736 max 1.070 m, heading mean 2.47 max 11.24 deg[0m
[localization_error-8] [0m[INFO] [1788870743.106325330] [localization_error]: now[200] 0.320 m / 2.60 deg  |  session[n=18557] mean 0.338 p95 0.736 max 1.070 m, heading mean 2.47 max 11.24 deg[0m
[pure_pursuit-10] [0m[INFO] [1788870743.658004966] [pure_pursuit]: lap 143: 6.48 s[0m
[localization_error-8] [0m[INFO] [1788870748.105966475] [localization_error]: now[200] 0.317 m / 2.52 deg  |  session[n=18657] mean 0.338 p95 0.736 max 1.114 m, heading mean 2.47 max 11.24 deg[0m
[pure_pursuit-10] [0m[INFO] [1788870750.127865481] [pure_pursuit]: lap 144: 6.50 s[0m
[localization_error-8] [0m[INFO] [1788870753.106278577] [localization_error]: now[200] 0.336 m / 2.29 deg  |  session[n=18757] mean 0.338 p95 0.736 max 1.114 m, heading mean 2.47 max 11.24 deg[0m
[pure_pursuit-10] [0m[INFO] [1788870756.624980859] [pure_pursuit]: lap 145: 6.48 s[0m
[localization_error-8] [0m[INFO] [1788870758.106450897] [localization_error]: now[200] 0.333 m / 2.28 deg  |  session[n=18857] mean 0.338 p95 0.736 max 1.114 m, heading mean 2.47 max 11.24 deg[0m
[pure_pursuit-10] [0m[INFO] [1788870763.050740750] [pure_pursuit]: lap 146: 6.45 s[0m
[localization_error-8] [0m[INFO] [1788870763.107225282] [localization_error]: now[200] 0.312 m / 2.44 deg  |  session[n=18957] mean 0.338 p95 0.734 max 1.114 m, heading mean 2.47 max 11.24 deg[0m
[localization_error-8] [0m[INFO] [1788870768.106878207] [localization_error]: now[200] 0.333 m / 2.56 deg  |  session[n=19057] mean 0.338 p95 0.736 max 1.114 m, heading mean 2.47 max 11.24 deg[0m
[pure_pursuit-10] [0m[INFO] [1788870769.555565592] [pure_pursuit]: lap 147: 6.50 s[0m
[localization_error-8] [0m[INFO] [1788870773.106648237] [localization_error]: now[200] 0.347 m / 2.42 deg  |  session[n=19157] mean 0.338 p95 0.735 max 1.114 m, heading mean 2.47 max 11.24 deg[0m
[pure_pursuit-10] [0m[INFO] [1788870776.053618327] [pure_pursuit]: lap 148: 6.48 s[0m
[localization_error-8] [0m[INFO] [1788870778.106256680] [localization_error]: now[200] 0.322 m / 2.24 deg  |  session[n=19257] mean 0.338 p95 0.735 max 1.114 m, heading mean 2.47 max 11.24 deg[0m
[pure_pursuit-10] [0m[INFO] [1788870782.494065426] [pure_pursuit]: lap 149: 6.47 s[0m
[localization_error-8] [0m[INFO] [1788870783.106442802] [localization_error]: now[200] 0.335 m / 2.50 deg  |  session[n=19357] mean 0.338 p95 0.734 max 1.114 m, heading mean 2.47 max 11.24 deg[0m
[localization_error-8] [0m[INFO] [1788870788.106116592] [localization_error]: now[200] 0.329 m / 2.68 deg  |  session[n=19457] mean 0.338 p95 0.734 max 1.114 m, heading mean 2.47 max 11.24 deg[0m
[pure_pursuit-10] [0m[INFO] [1788870789.014021745] [pure_pursuit]: lap 150: 6.47 s[0m
[localization_error-8] [0m[INFO] [1788870793.106845262] [localization_error]: now[200] 0.350 m / 2.58 deg  |  session[n=19557] mean 0.338 p95 0.735 max 1.114 m, heading mean 2.47 max 11.24 deg[0m
[pure_pursuit-10] [0m[INFO] [1788870795.466844989] [pure_pursuit]: lap 151: 6.50 s[0m
[localization_error-8] [0m[INFO] [1788870798.106364114] [localization_error]: now[200] 0.351 m / 2.40 deg  |  session[n=19657] mean 0.338 p95 0.736 max 1.114 m, heading mean 2.47 max 11.24 deg[0m
[pure_pursuit-10] [0m[INFO] [1788870801.941515072] [pure_pursuit]: lap 152: 6.47 s[0m
[localization_error-8] [0m[INFO] [1788870803.106564120] [localization_error]: now[200] 0.355 m / 2.32 deg  |  session[n=19757] mean 0.338 p95 0.736 max 1.114 m, heading mean 2.47 max 11.24 deg[0m
[localization_error-8] [0m[INFO] [1788870808.106620071] [localization_error]: now[200] 0.325 m / 2.58 deg  |  session[n=19857] mean 0.338 p95 0.735 max 1.114 m, heading mean 2.47 max 11.24 deg[0m
[pure_pursuit-10] [0m[INFO] [1788870808.489135535] [pure_pursuit]: lap 153: 6.50 s[0m
[localization_error-8] [0m[INFO] [1788870813.107088627] [localization_error]: now[200] 0.317 m / 2.58 deg  |  session[n=19957] mean 0.338 p95 0.734 max 1.114 m, heading mean 2.47 max 11.24 deg[0m
[pure_pursuit-10] [0m[INFO] [1788870814.971414486] [pure_pursuit]: lap 154: 6.52 s[0m
[localization_error-8] [0m[INFO] [1788870818.106839609] [localization_error]: now[200] 0.326 m / 2.42 deg  |  session[n=20057] mean 0.337 p95 0.735 max 1.114 m, heading mean 2.47 max 11.24 deg[0m
[pure_pursuit-10] [0m[INFO] [1788870821.460955816] [pure_pursuit]: lap 155: 6.50 s[0m
[localization_error-8] [0m[INFO] [1788870823.106170059] [localization_error]: now[200] 0.341 m / 2.42 deg  |  session[n=20157] mean 0.338 p95 0.735 max 1.114 m, heading mean 2.47 max 11.24 deg[0m
[pure_pursuit-10] [0m[INFO] [1788870827.951370382] [pure_pursuit]: lap 156: 6.49 s[0m
[localization_error-8] [0m[INFO] [1788870828.107470406] [localization_error]: now[200] 0.338 m / 2.51 deg  |  session[n=20257] mean 0.337 p95 0.735 max 1.114 m, heading mean 2.47 max 11.24 deg[0m
[localization_error-8] [0m[INFO] [1788870833.106104290] [localization_error]: now[200] 0.336 m / 2.46 deg  |  session[n=20357] mean 0.338 p95 0.735 max 1.114 m, heading mean 2.47 max 11.24 deg[0m
[pure_pursuit-10] [0m[INFO] [1788870834.426018243] [pure_pursuit]: lap 157: 6.48 s[0m
[localization_error-8] [0m[INFO] [1788870838.106285020] [localization_error]: now[200] 0.362 m / 2.37 deg  |  session[n=20457] mean 0.338 p95 0.736 max 1.114 m, heading mean 2.47 max 11.24 deg[0m
[pure_pursuit-10] [0m[INFO] [1788870840.936278818] [pure_pursuit]: lap 158: 6.50 s[0m
[localization_error-8] [0m[INFO] [1788870843.106152345] [localization_error]: now[200] 0.343 m / 2.27 deg  |  session[n=20557] mean 0.338 p95 0.736 max 1.114 m, heading mean 2.47 max 11.24 deg[0m
[pure_pursuit-10] [0m[INFO] [1788870847.474015140] [pure_pursuit]: lap 159: 6.54 s[0m
[localization_error-8] [0m[INFO] [1788870848.107097841] [localization_error]: now[200] 0.343 m / 2.48 deg  |  session[n=20657] mean 0.338 p95 0.736 max 1.114 m, heading mean 2.47 max 11.24 deg[0m
[localization_error-8] [0m[INFO] [1788870853.107026351] [localization_error]: now[200] 0.333 m / 2.61 deg  |  session[n=20757] mean 0.338 p95 0.736 max 1.114 m, heading mean 2.47 max 11.24 deg[0m
[pure_pursuit-10] [0m[INFO] [1788870854.025058976] [pure_pursuit]: lap 160: 6.51 s[0m
[localization_error-8] [0m[INFO] [1788870858.106088513] [localization_error]: now[200] 0.351 m / 2.37 deg  |  session[n=20857] mean 0.338 p95 0.736 max 1.114 m, heading mean 2.47 max 11.24 deg[0m
[pure_pursuit-10] [0m[INFO] [1788870860.531337633] [pure_pursuit]: lap 161: 6.54 s[0m
[localization_error-8] [0m[INFO] [1788870863.105945581] [localization_error]: now[200] 0.348 m / 2.32 deg  |  session[n=20957] mean 0.338 p95 0.736 max 1.114 m, heading mean 2.47 max 11.24 deg[0m
[pure_pursuit-10] [0m[INFO] [1788870867.007293955] [pure_pursuit]: lap 162: 6.46 s[0m
[localization_error-8] [0m[INFO] [1788870868.107200148] [localization_error]: now[200] 0.365 m / 2.56 deg  |  session[n=21057] mean 0.338 p95 0.736 max 1.114 m, heading mean 2.47 max 11.24 deg[0m
[localization_error-8] [0m[INFO] [1788870873.106048379] [localization_error]: now[200] 0.338 m / 2.66 deg  |  session[n=21157] mean 0.338 p95 0.736 max 1.114 m, heading mean 2.47 max 11.24 deg[0m
[pure_pursuit-10] [0m[INFO] [1788870873.566390857] [pure_pursuit]: lap 163: 6.54 s[0m
[localization_error-8] [0m[INFO] [1788870878.106630961] [localization_error]: now[200] 0.327 m / 2.61 deg  |  session[n=21257] mean 0.338 p95 0.737 max 1.114 m, heading mean 2.47 max 11.24 deg[0m
[pure_pursuit-10] [0m[INFO] [1788870880.034647981] [pure_pursuit]: lap 164: 6.50 s[0m
[localization_error-8] [0m[INFO] [1788870883.106191990] [localization_error]: now[200] 0.342 m / 2.60 deg  |  session[n=21357] mean 0.338 p95 0.737 max 1.114 m, heading mean 2.47 max 11.24 deg[0m
[pure_pursuit-10] [0m[INFO] [1788870886.489946155] [pure_pursuit]: lap 165: 6.47 s[0m
[localization_error-8] [0m[INFO] [1788870888.106906773] [localization_error]: now[200] 0.347 m / 2.46 deg  |  session[n=21457] mean 0.338 p95 0.737 max 1.114 m, heading mean 2.47 max 11.24 deg[0m
[pure_pursuit-10] [0m[INFO] [1788870893.014199012] [pure_pursuit]: lap 166: 6.49 s[0m
[localization_error-8] [0m[INFO] [1788870893.106070863] [localization_error]: now[200] 0.344 m / 2.77 deg  |  session[n=21557] mean 0.338 p95 0.737 max 1.114 m, heading mean 2.47 max 11.24 deg[0m
[localization_error-8] [0m[INFO] [1788870898.106869013] [localization_error]: now[200] 0.336 m / 2.82 deg  |  session[n=21657] mean 0.338 p95 0.737 max 1.114 m, heading mean 2.47 max 11.24 deg[0m
[pure_pursuit-10] [0m[INFO] [1788870899.501688168] [pure_pursuit]: lap 167: 6.47 s[0m
[localization_error-8] [0m[INFO] [1788870903.106197300] [localization_error]: now[200] 0.359 m / 2.50 deg  |  session[n=21757] mean 0.338 p95 0.737 max 1.114 m, heading mean 2.47 max 11.24 deg[0m
[pure_pursuit-10] [0m[INFO] [1788870905.946618313] [pure_pursuit]: lap 168: 6.44 s[0m
[localization_error-8] [0m[INFO] [1788870908.106111995] [localization_error]: now[200] 0.353 m / 2.36 deg  |  session[n=21857] mean 0.338 p95 0.737 max 1.114 m, heading mean 2.47 max 11.24 deg[0m
[pure_pursuit-10] [0m[INFO] [1788870912.415529024] [pure_pursuit]: lap 169: 6.50 s[0m
[localization_error-8] [0m[INFO] [1788870913.106598756] [localization_error]: now[200] 0.346 m / 2.33 deg  |  session[n=21957] mean 0.338 p95 0.737 max 1.114 m, heading mean 2.47 max 11.24 deg[0m
[localization_error-8] [0m[INFO] [1788870918.106044801] [localization_error]: now[200] 0.325 m / 2.50 deg  |  session[n=22057] mean 0.338 p95 0.738 max 1.114 m, heading mean 2.47 max 11.24 deg[0m
[pure_pursuit-10] [0m[INFO] [1788870918.874509485] [pure_pursuit]: lap 170: 6.47 s[0m
[localization_error-8] [0m[INFO] [1788870923.106548021] [localization_error]: now[200] 0.344 m / 2.47 deg  |  session[n=22157] mean 0.338 p95 0.737 max 1.114 m, heading mean 2.47 max 11.24 deg[0m
[pure_pursuit-10] [0m[INFO] [1788870925.326070695] [pure_pursuit]: lap 171: 6.44 s[0m
[localization_error-8] [0m[INFO] [1788870928.106143201] [localization_error]: now[200] 0.340 m / 2.34 deg  |  session[n=22257] mean 0.338 p95 0.737 max 1.114 m, heading mean 2.47 max 11.24 deg[0m
[pure_pursuit-10] [0m[INFO] [1788870931.856885233] [pure_pursuit]: lap 172: 6.52 s[0m
[localization_error-8] [0m[INFO] [1788870933.106129447] [localization_error]: now[200] 0.353 m / 2.36 deg  |  session[n=22357] mean 0.338 p95 0.737 max 1.114 m, heading mean 2.47 max 11.24 deg[0m
[localization_error-8] [0m[INFO] [1788870938.106350236] [localization_error]: now[200] 0.340 m / 2.71 deg  |  session[n=22457] mean 0.338 p95 0.737 max 1.114 m, heading mean 2.47 max 11.24 deg[0m
[pure_pursuit-10] [0m[INFO] [1788870938.411447572] [pure_pursuit]: lap 173: 6.53 s[0m
[localization_error-8] [0m[INFO] [1788870943.106538948] [localization_error]: now[200] 0.336 m / 2.83 deg  |  session[n=22557] mean 0.338 p95 0.737 max 1.114 m, heading mean 2.47 max 11.24 deg[0m
[pure_pursuit-10] [0m[INFO] [1788870944.940726360] [pure_pursuit]: lap 174: 6.54 s[0m
[localization_error-8] [0m[INFO] [1788870948.106167229] [localization_error]: now[200] 0.358 m / 2.58 deg  |  session[n=22657] mean 0.338 p95 0.736 max 1.114 m, heading mean 2.47 max 11.24 deg[0m
[pure_pursuit-10] [0m[INFO] [1788870951.425513046] [pure_pursuit]: lap 175: 6.48 s[0m
[localization_error-8] [0m[INFO] [1788870953.106430082] [localization_error]: now[200] 0.372 m / 2.59 deg  |  session[n=22757] mean 0.339 p95 0.736 max 1.114 m, heading mean 2.47 max 11.24 deg[0m
[pure_pursuit-10] [0m[INFO] [1788870957.872367268] [pure_pursuit]: lap 176: 6.49 s[0m
[localization_error-8] [0m[INFO] [1788870958.105958754] [localization_error]: now[200] 0.338 m / 2.50 deg  |  session[n=22857] mean 0.338 p95 0.736 max 1.114 m, heading mean 2.47 max 11.24 deg[0m
[localization_error-8] [0m[INFO] [1788870963.106227194] [localization_error]: now[200] 0.332 m / 2.45 deg  |  session[n=22957] mean 0.339 p95 0.736 max 1.114 m, heading mean 2.47 max 11.24 deg[0m
[pure_pursuit-10] [0m[INFO] [1788870964.342838897] [pure_pursuit]: lap 177: 6.46 s[0m
[localization_error-8] [0m[INFO] [1788870968.106367497] [localization_error]: now[200] 0.359 m / 2.42 deg  |  session[n=23057] mean 0.339 p95 0.736 max 1.114 m, heading mean 2.47 max 11.24 deg[0m
[pure_pursuit-10] [0m[INFO] [1788870970.789439539] [pure_pursuit]: lap 178: 6.45 s[0m
[localization_error-8] [0m[INFO] [1788870973.106035963] [localization_error]: now[200] 0.329 m / 2.33 deg  |  session[n=23157] mean 0.339 p95 0.736 max 1.114 m, heading mean 2.47 max 11.24 deg[0m
[pure_pursuit-10] [0m[INFO] [1788870977.307338719] [pure_pursuit]: lap 179: 6.51 s[0m
[localization_error-8] [0m[INFO] [1788870978.106718523] [localization_error]: now[200] 0.340 m / 2.51 deg  |  session[n=23257] mean 0.339 p95 0.736 max 1.114 m, heading mean 2.47 max 11.24 deg[0m
[localization_error-8] [0m[INFO] [1788870983.106111614] [localization_error]: now[200] 0.335 m / 2.77 deg  |  session[n=23357] mean 0.338 p95 0.736 max 1.114 m, heading mean 2.47 max 11.24 deg[0m
[pure_pursuit-10] [0m[INFO] [1788870983.803889523] [pure_pursuit]: lap 180: 6.47 s[0m
[localization_error-8] [0m[INFO] [1788870988.106133155] [localization_error]: now[200] 0.350 m / 2.73 deg  |  session[n=23457] mean 0.339 p95 0.736 max 1.114 m, heading mean 2.48 max 11.24 deg[0m
[pure_pursuit-10] [0m[INFO] [1788870990.331280219] [pure_pursuit]: lap 181: 6.53 s[0m
[localization_error-8] [0m[INFO] [1788870993.106366328] [localization_error]: now[200] 0.332 m / 2.32 deg  |  session[n=23557] mean 0.338 p95 0.736 max 1.114 m, heading mean 2.47 max 11.24 deg[0m
[pure_pursuit-10] [0m[INFO] [1788870996.860602580] [pure_pursuit]: lap 182: 6.50 s[0m
[localization_error-8] [0m[INFO] [1788870998.107588538] [localization_error]: now[200] 0.329 m / 2.26 deg  |  session[n=23657] mean 0.339 p95 0.735 max 1.114 m, heading mean 2.47 max 11.24 deg[0m
[localization_error-8] [0m[INFO] [1788871003.105935042] [localization_error]: now[200] 0.325 m / 2.77 deg  |  session[n=23757] mean 0.338 p95 0.735 max 1.114 m, heading mean 2.48 max 11.24 deg[0m
[pure_pursuit-10] [0m[INFO] [1788871003.343415938] [pure_pursuit]: lap 183: 6.52 s[0m
[localization_error-8] [0m[INFO] [1788871008.106246212] [localization_error]: now[200] 0.341 m / 2.83 deg  |  session[n=23857] mean 0.339 p95 0.736 max 1.114 m, heading mean 2.48 max 11.24 deg[0m
[pure_pursuit-10] [0m[INFO] [1788871009.795825478] [pure_pursuit]: lap 184: 6.46 s[0m
[localization_error-8] [0m[INFO] [1788871013.106098152] [localization_error]: now[200] 0.365 m / 2.68 deg  |  session[n=23957] mean 0.339 p95 0.736 max 1.114 m, heading mean 2.48 max 11.24 deg[0m
[pure_pursuit-10] [0m[INFO] [1788871016.364984874] [pure_pursuit]: lap 185: 6.55 s[0m
[localization_error-8] [0m[INFO] [1788871018.106246029] [localization_error]: now[200] 0.347 m / 2.32 deg  |  session[n=24057] mean 0.339 p95 0.736 max 1.114 m, heading mean 2.48 max 11.24 deg[0m
[pure_pursuit-10] [0m[INFO] [1788871022.833265547] [pure_pursuit]: lap 186: 6.49 s[0m
[localization_error-8] [0m[INFO] [1788871023.107352671] [localization_error]: now[200] 0.329 m / 2.24 deg  |  session[n=24157] mean 0.338 p95 0.736 max 1.114 m, heading mean 2.48 max 11.24 deg[0m
[localization_error-8] [0m[INFO] [1788871028.106831860] [localization_error]: now[200] 0.337 m / 2.58 deg  |  session[n=24257] mean 0.339 p95 0.736 max 1.114 m, heading mean 2.48 max 11.24 deg[0m
[pure_pursuit-10] [0m[INFO] [1788871029.323103359] [pure_pursuit]: lap 187: 6.45 s[0m
[localization_error-8] [0m[INFO] [1788871033.106405164] [localization_error]: now[200] 0.367 m / 2.60 deg  |  session[n=24357] mean 0.339 p95 0.736 max 1.114 m, heading mean 2.48 max 11.24 deg[0m
[pure_pursuit-10] [0m[INFO] [1788871035.821705179] [pure_pursuit]: lap 188: 6.53 s[0m
[localization_error-8] [0m[INFO] [1788871038.106143494] [localization_error]: now[200] 0.355 m / 2.35 deg  |  session[n=24457] mean 0.339 p95 0.736 max 1.114 m, heading mean 2.48 max 11.24 deg[0m
[pure_pursuit-10] [0m[INFO] [1788871042.352212807] [pure_pursuit]: lap 189: 6.49 s[0m
[localization_error-8] [0m[INFO] [1788871043.106292906] [localization_error]: now[200] 0.351 m / 2.49 deg  |  session[n=24557] mean 0.339 p95 0.735 max 1.114 m, heading mean 2.48 max 11.24 deg[0m
[localization_error-8] [0m[INFO] [1788871048.106069283] [localization_error]: now[200] 0.336 m / 2.94 deg  |  session[n=24657] mean 0.339 p95 0.736 max 1.114 m, heading mean 2.48 max 11.24 deg[0m
[pure_pursuit-10] [0m[INFO] [1788871048.830994880] [pure_pursuit]: lap 190: 6.48 s[0m
[localization_error-8] [0m[INFO] [1788871053.106320873] [localization_error]: now[200] 0.343 m / 2.72 deg  |  session[n=24757] mean 0.339 p95 0.736 max 1.114 m, heading mean 2.48 max 11.24 deg[0m
[pure_pursuit-10] [0m[INFO] [1788871055.319453988] [pure_pursuit]: lap 191: 6.51 s[0m
[localization_error-8] [0m[INFO] [1788871058.106064735] [localization_error]: now[200] 0.324 m / 2.20 deg  |  session[n=24857] mean 0.339 p95 0.735 max 1.114 m, heading mean 2.48 max 11.24 deg[0m
[pure_pursuit-10] [0m[INFO] [1788871061.814957718] [pure_pursuit]: lap 192: 6.50 s[0m
[localization_error-8] [0m[INFO] [1788871063.106648621] [localization_error]: now[200] 0.348 m / 2.32 deg  |  session[n=24957] mean 0.339 p95 0.735 max 1.114 m, heading mean 2.48 max 11.24 deg[0m
[localization_error-8] [0m[INFO] [1788871068.107227386] [localization_error]: now[200] 0.347 m / 2.80 deg  |  session[n=25057] mean 0.339 p95 0.735 max 1.114 m, heading mean 2.48 max 11.24 deg[0m
[pure_pursuit-10] [0m[INFO] [1788871068.273799775] [pure_pursuit]: lap 193: 6.48 s[0m
[localization_error-8] [0m[INFO] [1788871073.106265937] [localization_error]: now[200] 0.341 m / 2.56 deg  |  session[n=25157] mean 0.339 p95 0.735 max 1.114 m, heading mean 2.48 max 11.24 deg[0m
[pure_pursuit-10] [0m[INFO] [1788871074.843723862] [pure_pursuit]: lap 194: 6.52 s[0m
[localization_error-8] [0m[INFO] [1788871078.106226189] [localization_error]: now[200] 0.355 m / 2.54 deg  |  session[n=25257] mean 0.339 p95 0.735 max 1.114 m, heading mean 2.48 max 11.24 deg[0m
[pure_pursuit-10] [0m[INFO] [1788871081.249793794] [pure_pursuit]: lap 195: 6.43 s[0m
[localization_error-8] [0m[INFO] [1788871083.106524806] [localization_error]: now[200] 0.346 m / 2.62 deg  |  session[n=25357] mean 0.339 p95 0.735 max 1.114 m, heading mean 2.48 max 11.24 deg[0m
[pure_pursuit-10] [0m[INFO] [1788871087.683918697] [pure_pursuit]: lap 196: 6.45 s[0m
[localization_error-8] [0m[INFO] [1788871088.106412755] [localization_error]: now[200] 0.334 m / 2.48 deg  |  session[n=25457] mean 0.339 p95 0.735 max 1.114 m, heading mean 2.48 max 11.24 deg[0m
[localization_error-8] [0m[INFO] [1788871093.106107879] [localization_error]: now[200] 0.326 m / 2.70 deg  |  session[n=25557] mean 0.339 p95 0.735 max 1.114 m, heading mean 2.48 max 11.24 deg[0m
[pure_pursuit-10] [0m[INFO] [1788871094.154111092] [pure_pursuit]: lap 197: 6.46 s[0m
[localization_error-8] [0m[INFO] [1788871098.106391175] [localization_error]: now[200] 0.345 m / 2.55 deg  |  session[n=25657] mean 0.339 p95 0.735 max 1.114 m, heading mean 2.48 max 11.24 deg[0m
[pure_pursuit-10] [0m[INFO] [1788871100.687389048] [pure_pursuit]: lap 198: 6.49 s[0m
[localization_error-8] [0m[INFO] [1788871103.106202306] [localization_error]: now[200] 0.337 m / 2.32 deg  |  session[n=25757] mean 0.339 p95 0.735 max 1.114 m, heading mean 2.48 max 11.24 deg[0m
[pure_pursuit-10] [0m[INFO] [1788871107.142369604] [pure_pursuit]: lap 199: 6.47 s[0m
[localization_error-8] [0m[INFO] [1788871108.106035021] [localization_error]: now[200] 0.348 m / 2.59 deg  |  session[n=25857] mean 0.339 p95 0.735 max 1.114 m, heading mean 2.48 max 11.24 deg[0m
[localization_error-8] [0m[INFO] [1788871113.107729221] [localization_error]: now[200] 0.331 m / 2.73 deg  |  session[n=25957] mean 0.339 p95 0.735 max 1.114 m, heading mean 2.48 max 11.24 deg[0m
[pure_pursuit-10] [0m[INFO] [1788871113.667049560] [pure_pursuit]: lap 200: 6.54 s[0m
[localization_error-8] [0m[INFO] [1788871118.106714970] [localization_error]: now[200] 0.328 m / 2.27 deg  |  session[n=26057] mean 0.339 p95 0.735 max 1.114 m, heading mean 2.48 max 11.24 deg[0m
[pure_pursuit-10] [0m[INFO] [1788871120.162225387] [pure_pursuit]: lap 201: 6.50 s[0m
[localization_error-8] [0m[INFO] [1788871123.106269560] [localization_error]: now[200] 0.337 m / 2.14 deg  |  session[n=26157] mean 0.339 p95 0.736 max 1.114 m, heading mean 2.48 max 11.24 deg[0m
[pure_pursuit-10] [0m[INFO] [1788871126.679355957] [pure_pursuit]: lap 202: 6.50 s[0m
[localization_error-8] [0m[INFO] [1788871128.106439834] [localization_error]: now[200] 0.353 m / 2.33 deg  |  session[n=26257] mean 0.339 p95 0.735 max 1.114 m, heading mean 2.48 max 11.24 deg[0m
[localization_error-8] [0m[INFO] [1788871133.106973688] [localization_error]: now[200] 0.316 m / 2.38 deg  |  session[n=26357] mean 0.339 p95 0.735 max 1.114 m, heading mean 2.48 max 11.24 deg[0m
[pure_pursuit-10] [0m[INFO] [1788871133.163237452] [pure_pursuit]: lap 203: 6.49 s[0m
[localization_error-8] [0m[INFO] [1788871138.106992710] [localization_error]: now[200] 0.332 m / 2.46 deg  |  session[n=26457] mean 0.339 p95 0.736 max 1.114 m, heading mean 2.48 max 11.24 deg[0m
[pure_pursuit-10] [0m[INFO] [1788871139.703294023] [pure_pursuit]: lap 204: 6.53 s[0m
[localization_error-8] [0m[INFO] [1788871143.106835629] [localization_error]: now[200] 0.366 m / 2.77 deg  |  session[n=26557] mean 0.339 p95 0.736 max 1.114 m, heading mean 2.48 max 11.24 deg[0m
[pure_pursuit-10] [0m[INFO] [1788871146.198960331] [pure_pursuit]: lap 205: 6.54 s[0m
[localization_error-8] [0m[INFO] [1788871148.106044811] [localization_error]: now[200] 0.349 m / 2.74 deg  |  session[n=26657] mean 0.339 p95 0.736 max 1.114 m, heading mean 2.48 max 11.24 deg[0m
[pure_pursuit-10] [0m[INFO] [1788871152.701699788] [pure_pursuit]: lap 206: 6.50 s[0m
[localization_error-8] [0m[INFO] [1788871153.106145297] [localization_error]: now[200] 0.324 m / 2.48 deg  |  session[n=26757] mean 0.339 p95 0.735 max 1.114 m, heading mean 2.48 max 11.24 deg[0m
[localization_error-8] [0m[INFO] [1788871158.106725243] [localization_error]: now[200] 0.311 m / 2.49 deg  |  session[n=26857] mean 0.339 p95 0.736 max 1.114 m, heading mean 2.48 max 11.24 deg[0m
[pure_pursuit-10] [0m[INFO] [1788871159.263666618] [pure_pursuit]: lap 207: 6.54 s[0m
[localization_error-8] [0m[INFO] [1788871163.106186790] [localization_error]: now[200] 0.335 m / 2.28 deg  |  session[n=26957] mean 0.339 p95 0.735 max 1.114 m, heading mean 2.48 max 11.24 deg[0m
[pure_pursuit-10] [0m[INFO] [1788871165.793641113] [pure_pursuit]: lap 208: 6.53 s[0m
[localization_error-8] [0m[INFO] [1788871168.106167583] [localization_error]: now[200] 0.318 m / 2.09 deg  |  session[n=27057] mean 0.339 p95 0.734 max 1.114 m, heading mean 2.48 max 11.24 deg[0m
[pure_pursuit-10] [0m[INFO] [1788871172.297234602] [pure_pursuit]: lap 209: 6.49 s[0m
[localization_error-8] [0m[INFO] [1788871173.106452063] [localization_error]: now[200] 0.345 m / 2.35 deg  |  session[n=27157] mean 0.339 p95 0.733 max 1.114 m, heading mean 2.48 max 11.24 deg[0m
[localization_error-8] [0m[INFO] [1788871178.106125822] [localization_error]: now[200] 0.345 m / 2.61 deg  |  session[n=27257] mean 0.339 p95 0.734 max 1.114 m, heading mean 2.48 max 11.24 deg[0m
[pure_pursuit-10] [0m[INFO] [1788871178.757702402] [pure_pursuit]: lap 210: 6.50 s[0m
[localization_error-8] [0m[INFO] [1788871183.106126190] [localization_error]: now[200] 0.336 m / 2.51 deg  |  session[n=27357] mean 0.339 p95 0.734 max 1.114 m, heading mean 2.48 max 11.24 deg[0m
[pure_pursuit-10] [0m[INFO] [1788871185.416280637] [pure_pursuit]: lap 211: 6.62 s[0m
[localization_error-8] [0m[INFO] [1788871188.106109070] [localization_error]: now[200] 0.332 m / 2.26 deg  |  session[n=27457] mean 0.339 p95 0.734 max 1.114 m, heading mean 2.48 max 11.24 deg[0m
[pure_pursuit-10] [0m[INFO] [1788871191.883680542] [pure_pursuit]: lap 212: 6.50 s[0m
[localization_error-8] [0m[INFO] [1788871193.107066309] [localization_error]: now[200] 0.369 m / 2.44 deg  |  session[n=27557] mean 0.339 p95 0.734 max 1.114 m, heading mean 2.48 max 11.24 deg[0m
[localization_error-8] [0m[INFO] [1788871198.107031363] [localization_error]: now[200] 0.343 m / 2.79 deg  |  session[n=27657] mean 0.339 p95 0.734 max 1.114 m, heading mean 2.48 max 11.24 deg[0m
[pure_pursuit-10] [0m[INFO] [1788871198.423709482] [pure_pursuit]: lap 213: 6.53 s[0m
[localization_error-8] [0m[INFO] [1788871203.106302730] [localization_error]: now[200] 0.326 m / 2.48 deg  |  session[n=27757] mean 0.339 p95 0.734 max 1.114 m, heading mean 2.48 max 11.24 deg[0m
[pure_pursuit-10] [0m[INFO] [1788871204.962274803] [pure_pursuit]: lap 214: 6.54 s[0m
[localization_error-8] [0m[INFO] [1788871208.105912032] [localization_error]: now[200] 0.326 m / 2.19 deg  |  session[n=27857] mean 0.339 p95 0.734 max 1.114 m, heading mean 2.48 max 11.24 deg[0m
[pure_pursuit-10] [0m[INFO] [1788871211.556150269] [pure_pursuit]: lap 215: 6.59 s[0m
[localization_error-8] [0m[INFO] [1788871213.106264392] [localization_error]: now[200] 0.316 m / 2.25 deg  |  session[n=27957] mean 0.339 p95 0.733 max 1.114 m, heading mean 2.48 max 11.24 deg[0m
[localization_error-8] [0m[INFO] [1788871218.106927954] [localization_error]: now[200] 0.297 m / 2.37 deg  |  session[n=28057] mean 0.338 p95 0.733 max 1.114 m, heading mean 2.48 max 11.24 deg[0m
[pure_pursuit-10] [0m[INFO] [1788871218.150815481] [pure_pursuit]: lap 216: 6.57 s[0m
[localization_error-8] [0m[INFO] [1788871223.106117809] [localization_error]: now[200] 0.307 m / 2.43 deg  |  session[n=28157] mean 0.338 p95 0.733 max 1.114 m, heading mean 2.48 max 11.24 deg[0m
[pure_pursuit-10] [0m[INFO] [1788871224.660942829] [pure_pursuit]: lap 217: 6.54 s[0m
[localization_error-8] [0m[INFO] [1788871228.106262558] [localization_error]: now[200] 0.348 m / 2.47 deg  |  session[n=28257] mean 0.338 p95 0.734 max 1.114 m, heading mean 2.48 max 11.24 deg[0m
[pure_pursuit-10] [0m[INFO] [1788871231.205946544] [pure_pursuit]: lap 218: 6.55 s[0m
[localization_error-8] [0m[INFO] [1788871233.106637672] [localization_error]: now[200] 0.326 m / 2.22 deg  |  session[n=28357] mean 0.338 p95 0.734 max 1.114 m, heading mean 2.47 max 11.24 deg[0m
[pure_pursuit-10] [0m[INFO] [1788871237.752171455] [pure_pursuit]: lap 219: 6.51 s[0m
[localization_error-8] [0m[INFO] [1788871238.106456498] [localization_error]: now[200] 0.307 m / 2.29 deg  |  session[n=28457] mean 0.338 p95 0.733 max 1.114 m, heading mean 2.47 max 11.24 deg[0m
[localization_error-8] [0m[INFO] [1788871243.106242704] [localization_error]: now[200] 0.313 m / 2.58 deg  |  session[n=28557] mean 0.338 p95 0.733 max 1.114 m, heading mean 2.48 max 11.24 deg[0m
[pure_pursuit-10] [0m[INFO] [1788871244.263326163] [pure_pursuit]: lap 220: 6.52 s[0m
[localization_error-8] [0m[INFO] [1788871248.106629171] [localization_error]: now[200] 0.354 m / 2.54 deg  |  session[n=28657] mean 0.338 p95 0.733 max 1.114 m, heading mean 2.48 max 11.24 deg[0m
[pure_pursuit-10] [0m[INFO] [1788871250.773904579] [pure_pursuit]: lap 221: 6.51 s[0m
[localization_error-8] [0m[INFO] [1788871253.106210228] [localization_error]: now[200] 0.346 m / 2.32 deg  |  session[n=28757] mean 0.338 p95 0.733 max 1.114 m, heading mean 2.47 max 11.24 deg[0m
[pure_pursuit-10] [0m[INFO] [1788871257.389985892] [pure_pursuit]: lap 222: 6.61 s[0m
[localization_error-8] [0m[INFO] [1788871258.108219068] [localization_error]: now[200] 0.315 m / 2.21 deg  |  session[n=28857] mean 0.338 p95 0.733 max 1.114 m, heading mean 2.47 max 11.24 deg[0m
[localization_error-8] [0m[INFO] [1788871263.106808739] [localization_error]: now[200] 0.314 m / 2.46 deg  |  session[n=28957] mean 0.338 p95 0.733 max 1.114 m, heading mean 2.47 max 11.24 deg[0m
[pure_pursuit-10] [0m[INFO] [1788871263.924099737] [pure_pursuit]: lap 223: 6.53 s[0m
[localization_error-8] [0m[INFO] [1788871268.106102471] [localization_error]: now[200] 0.343 m / 2.36 deg  |  session[n=29057] mean 0.338 p95 0.733 max 1.114 m, heading mean 2.47 max 11.24 deg[0m
[pure_pursuit-10] [0m[INFO] [1788871270.487365608] [pure_pursuit]: lap 224: 6.59 s[0m
[localization_error-8] [0m[INFO] [1788871273.107043586] [localization_error]: now[200] 0.316 m / 2.12 deg  |  session[n=29157] mean 0.338 p95 0.734 max 1.114 m, heading mean 2.47 max 11.24 deg[0m
[pure_pursuit-10] [0m[INFO] [1788871277.050046211] [pure_pursuit]: lap 225: 6.53 s[0m
[localization_error-8] [0m[INFO] [1788871278.106539743] [localization_error]: now[200] 0.329 m / 2.42 deg  |  session[n=29257] mean 0.338 p95 0.734 max 1.114 m, heading mean 2.47 max 12.24 deg[0m
[localization_error-8] [0m[INFO] [1788871283.106781868] [localization_error]: now[200] 0.320 m / 2.65 deg  |  session[n=29357] mean 0.338 p95 0.733 max 1.114 m, heading mean 2.47 max 12.24 deg[0m
[pure_pursuit-10] [0m[INFO] [1788871283.514662252] [pure_pursuit]: lap 226: 6.51 s[0m
[localization_error-8] [0m[INFO] [1788871288.106310039] [localization_error]: now[200] 0.331 m / 2.54 deg  |  session[n=29457] mean 0.338 p95 0.734 max 1.114 m, heading mean 2.47 max 12.24 deg[0m
[pure_pursuit-10] [0m[INFO] [1788871290.075765694] [pure_pursuit]: lap 227: 6.53 s[0m
[localization_error-8] [0m[INFO] [1788871293.106967647] [localization_error]: now[200] 0.357 m / 2.36 deg  |  session[n=29557] mean 0.338 p95 0.734 max 1.114 m, heading mean 2.47 max 12.24 deg[0m
[pure_pursuit-10] [0m[INFO] [1788871296.675773945] [pure_pursuit]: lap 228: 6.61 s[0m
[localization_error-8] [0m[INFO] [1788871298.106019995] [localization_error]: now[200] 0.350 m / 2.27 deg  |  session[n=29657] mean 0.338 p95 0.734 max 1.114 m, heading mean 2.47 max 12.24 deg[0m
[localization_error-8] [0m[INFO] [1788871303.106271033] [localization_error]: now[200] 0.322 m / 2.61 deg  |  session[n=29757] mean 0.338 p95 0.733 max 1.114 m, heading mean 2.47 max 12.24 deg[0m
[pure_pursuit-10] [0m[INFO] [1788871303.222782698] [pure_pursuit]: lap 229: 6.58 s[0m
[localization_error-8] [0m[INFO] [1788871308.106074938] [localization_error]: now[200] 0.315 m / 2.50 deg  |  session[n=29857] mean 0.338 p95 0.734 max 1.114 m, heading mean 2.47 max 12.24 deg[0m
[pure_pursuit-10] [0m[INFO] [1788871309.839895318] [pure_pursuit]: lap 230: 6.59 s[0m
[localization_error-8] [0m[INFO] [1788871313.106144718] [localization_error]: now[200] 0.339 m / 2.10 deg  |  session[n=29957] mean 0.338 p95 0.733 max 1.114 m, heading mean 2.47 max 12.24 deg[0m
[pure_pursuit-10] [0m[INFO] [1788871316.458799840] [pure_pursuit]: lap 231: 6.63 s[0m
[localization_error-8] [0m[INFO] [1788871318.106539486] [localization_error]: now[200] 0.323 m / 2.17 deg  |  session[n=30057] mean 0.338 p95 0.733 max 1.114 m, heading mean 2.47 max 12.24 deg[0m
[pure_pursuit-10] [0m[INFO] [1788871323.073209433] [pure_pursuit]: lap 232: 6.59 s[0m
[localization_error-8] [0m[INFO] [1788871323.106073210] [localization_error]: now[200] 0.292 m / 2.47 deg  |  session[n=30157] mean 0.338 p95 0.732 max 1.114 m, heading mean 2.47 max 12.24 deg[0m
[localization_error-8] [0m[INFO] [1788871328.106624949] [localization_error]: now[200] 0.304 m / 2.51 deg  |  session[n=30257] mean 0.338 p95 0.732 max 1.114 m, heading mean 2.47 max 12.24 deg[0m
[pure_pursuit-10] [0m[INFO] [1788871329.597992822] [pure_pursuit]: lap 233: 6.56 s[0m
[localization_error-8] [0m[INFO] [1788871333.107083104] [localization_error]: now[200] 0.329 m / 2.34 deg  |  session[n=30357] mean 0.337 p95 0.732 max 1.114 m, heading mean 2.47 max 12.24 deg[0m
[pure_pursuit-10] [0m[INFO] [1788871336.147566250] [pure_pursuit]: lap 234: 6.55 s[0m
[localization_error-8] [0m[INFO] [1788871338.106044748] [localization_error]: now[200] 0.337 m / 2.33 deg  |  session[n=30457] mean 0.338 p95 0.733 max 1.114 m, heading mean 2.47 max 12.24 deg[0m
[pure_pursuit-10] [0m[INFO] [1788871342.661753575] [pure_pursuit]: lap 235: 6.52 s[0m
[localization_error-8] [0m[INFO] [1788871343.106878651] [localization_error]: now[200] 0.340 m / 2.61 deg  |  session[n=30557] mean 0.337 p95 0.732 max 1.114 m, heading mean 2.47 max 12.24 deg[0m
[localization_error-8] [0m[INFO] [1788871348.106276951] [localization_error]: now[200] 0.323 m / 2.61 deg  |  session[n=30657] mean 0.337 p95 0.733 max 1.114 m, heading mean 2.47 max 12.24 deg[0m
[pure_pursuit-10] [0m[INFO] [1788871349.215478265] [pure_pursuit]: lap 236: 6.56 s[0m
[localization_error-8] [0m[INFO] [1788871353.106047204] [localization_error]: now[200] 0.328 m / 2.37 deg  |  session[n=30757] mean 0.337 p95 0.732 max 1.114 m, heading mean 2.47 max 12.24 deg[0m
[pure_pursuit-10] [0m[INFO] [1788871355.697769896] [pure_pursuit]: lap 237: 6.48 s[0m
[localization_error-8] [0m[INFO] [1788871358.106009716] [localization_error]: now[200] 0.325 m / 2.27 deg  |  session[n=30857] mean 0.337 p95 0.732 max 1.114 m, heading mean 2.47 max 12.24 deg[0m
[pure_pursuit-10] [0m[INFO] [1788871362.270913929] [pure_pursuit]: lap 238: 6.56 s[0m
[localization_error-8] [0m[INFO] [1788871363.107191264] [localization_error]: now[200] 0.328 m / 2.37 deg  |  session[n=30957] mean 0.337 p95 0.732 max 1.114 m, heading mean 2.47 max 12.24 deg[0m
[localization_error-8] [0m[INFO] [1788871368.106586099] [localization_error]: now[200] 0.318 m / 2.58 deg  |  session[n=31057] mean 0.337 p95 0.731 max 1.114 m, heading mean 2.47 max 12.24 deg[0m
[pure_pursuit-10] [0m[INFO] [1788871368.864346167] [pure_pursuit]: lap 239: 6.57 s[0m
[localization_error-8] [0m[INFO] [1788871373.106002102] [localization_error]: now[200] 0.326 m / 2.26 deg  |  session[n=31157] mean 0.337 p95 0.732 max 1.114 m, heading mean 2.47 max 12.24 deg[0m
[pure_pursuit-10] [0m[INFO] [1788871375.444975718] [pure_pursuit]: lap 240: 6.60 s[0m
[localization_error-8] [0m[INFO] [1788871378.106656403] [localization_error]: now[200] 0.336 m / 2.01 deg  |  session[n=31257] mean 0.337 p95 0.732 max 1.114 m, heading mean 2.47 max 12.24 deg[0m
[pure_pursuit-10] [0m[INFO] [1788871382.032216100] [pure_pursuit]: lap 241: 6.56 s[0m
[localization_error-8] [0m[INFO] [1788871383.107186818] [localization_error]: now[200] 0.364 m / 2.60 deg  |  session[n=31357] mean 0.337 p95 0.732 max 1.114 m, heading mean 2.47 max 12.24 deg[0m
[localization_error-8] [0m[INFO] [1788871388.106954426] [localization_error]: now[200] 0.333 m / 2.88 deg  |  session[n=31457] mean 0.337 p95 0.731 max 1.114 m, heading mean 2.47 max 12.24 deg[0m
[pure_pursuit-10] [0m[INFO] [1788871388.514775265] [pure_pursuit]: lap 242: 6.52 s[0m
[localization_error-8] [0m[INFO] [1788871393.106395868] [localization_error]: now[200] 0.309 m / 2.46 deg  |  session[n=31557] mean 0.337 p95 0.732 max 1.114 m, heading mean 2.47 max 12.24 deg[0m
[pure_pursuit-10] [0m[INFO] [1788871395.080755778] [pure_pursuit]: lap 243: 6.57 s[0m
[localization_error-8] [0m[INFO] [1788871398.106104751] [localization_error]: now[200] 0.318 m / 2.39 deg  |  session[n=31657] mean 0.337 p95 0.732 max 1.114 m, heading mean 2.47 max 12.24 deg[0m
[pure_pursuit-10] [0m[INFO] [1788871401.612742372] [pure_pursuit]: lap 244: 6.51 s[0m
[localization_error-8] [0m[INFO] [1788871403.106005365] [localization_error]: now[200] 0.316 m / 2.38 deg  |  session[n=31757] mean 0.337 p95 0.731 max 1.114 m, heading mean 2.47 max 12.24 deg[0m
[localization_error-8] [0m[INFO] [1788871408.106946807] [localization_error]: now[200] 0.293 m / 2.45 deg  |  session[n=31857] mean 0.337 p95 0.730 max 1.114 m, heading mean 2.47 max 12.24 deg[0m
[pure_pursuit-10] [0m[INFO] [1788871408.188609975] [pure_pursuit]: lap 245: 6.59 s[0m
[localization_error-8] [0m[INFO] [1788871413.106054711] [localization_error]: now[200] 0.313 m / 2.45 deg  |  session[n=31957] mean 0.337 p95 0.730 max 1.114 m, heading mean 2.47 max 12.24 deg[0m
[pure_pursuit-10] [0m[INFO] [1788871414.779844751] [pure_pursuit]: lap 246: 6.57 s[0m
[localization_error-8] [0m[INFO] [1788871418.106077979] [localization_error]: now[200] 0.352 m / 2.37 deg  |  session[n=32057] mean 0.337 p95 0.731 max 1.114 m, heading mean 2.47 max 12.24 deg[0m
[pure_pursuit-10] [0m[INFO] [1788871421.277902625] [pure_pursuit]: lap 247: 6.52 s[0m
[localization_error-8] [0m[INFO] [1788871423.106276444] [localization_error]: now[200] 0.323 m / 2.22 deg  |  session[n=32157] mean 0.337 p95 0.730 max 1.114 m, heading mean 2.47 max 12.24 deg[0m
[pure_pursuit-10] [0m[INFO] [1788871427.888689412] [pure_pursuit]: lap 248: 6.63 s[0m
[localization_error-8] [0m[INFO] [1788871428.106778158] [localization_error]: now[200] 0.292 m / 2.14 deg  |  session[n=32257] mean 0.337 p95 0.729 max 1.114 m, heading mean 2.47 max 12.24 deg[0m
[localization_error-8] [0m[INFO] [1788871433.106856646] [localization_error]: now[200] 0.317 m / 2.37 deg  |  session[n=32357] mean 0.337 p95 0.729 max 1.114 m, heading mean 2.47 max 12.24 deg[0m
[pure_pursuit-10] [0m[INFO] [1788871434.425327853] [pure_pursuit]: lap 249: 6.54 s[0m
[localization_error-8] [0m[INFO] [1788871438.106972328] [localization_error]: now[200] 0.361 m / 2.48 deg  |  session[n=32457] mean 0.337 p95 0.730 max 1.114 m, heading mean 2.47 max 12.24 deg[0m
[pure_pursuit-10] [0m[INFO] [1788871440.941873705] [pure_pursuit]: lap 250: 6.51 s[0m
[localization_error-8] [0m[INFO] [1788871443.106593743] [localization_error]: now[200] 0.354 m / 2.40 deg  |  session[n=32557] mean 0.337 p95 0.730 max 1.114 m, heading mean 2.47 max 12.24 deg[0m
[pure_pursuit-10] [0m[INFO] [1788871447.549956467] [pure_pursuit]: lap 251: 6.61 s[0m
[localization_error-8] [0m[INFO] [1788871448.106049133] [localization_error]: now[200] 0.318 m / 2.39 deg  |  session[n=32657] mean 0.337 p95 0.729 max 1.114 m, heading mean 2.47 max 12.24 deg[0m
[localization_error-8] [0m[INFO] [1788871453.106369098] [localization_error]: now[200] 0.308 m / 2.65 deg  |  session[n=32757] mean 0.337 p95 0.729 max 1.114 m, heading mean 2.47 max 12.24 deg[0m
[pure_pursuit-10] [0m[INFO] [1788871454.117540859] [pure_pursuit]: lap 252: 6.56 s[0m
[localization_error-8] [0m[INFO] [1788871458.106256420] [localization_error]: now[200] 0.329 m / 2.54 deg  |  session[n=32857] mean 0.337 p95 0.730 max 1.114 m, heading mean 2.47 max 12.24 deg[0m
[pure_pursuit-10] [0m[INFO] [1788871460.648766449] [pure_pursuit]: lap 253: 6.51 s[0m
[localization_error-8] [0m[INFO] [1788871463.106186168] [localization_error]: now[200] 0.329 m / 2.25 deg  |  session[n=32957] mean 0.337 p95 0.730 max 1.114 m, heading mean 2.47 max 12.24 deg[0m
[pure_pursuit-10] [0m[INFO] [1788871467.137707863] [pure_pursuit]: lap 254: 6.49 s[0m
[localization_error-8] [0m[INFO] [1788871468.106847683] [localization_error]: now[200] 0.352 m / 2.39 deg  |  session[n=33057] mean 0.337 p95 0.730 max 1.114 m, heading mean 2.47 max 12.24 deg[0m
[localization_error-8] [0m[INFO] [1788871473.106995380] [localization_error]: now[200] 0.335 m / 2.56 deg  |  session[n=33157] mean 0.337 p95 0.730 max 1.114 m, heading mean 2.47 max 12.24 deg[0m
[pure_pursuit-10] [0m[INFO] [1788871473.673300131] [pure_pursuit]: lap 255: 6.54 s[0m
[localization_error-8] [0m[INFO] [1788871478.106210372] [localization_error]: now[200] 0.328 m / 2.51 deg  |  session[n=33257] mean 0.337 p95 0.730 max 1.114 m, heading mean 2.47 max 12.24 deg[0m
[pure_pursuit-10] [0m[INFO] [1788871480.244292230] [pure_pursuit]: lap 256: 6.58 s[0m
[localization_error-8] [0m[INFO] [1788871483.106333761] [localization_error]: now[200] 0.326 m / 2.45 deg  |  session[n=33357] mean 0.337 p95 0.730 max 1.114 m, heading mean 2.47 max 12.24 deg[0m
[pure_pursuit-10] [0m[INFO] [1788871486.768673679] [pure_pursuit]: lap 257: 6.52 s[0m
[localization_error-8] [0m[INFO] [1788871488.108831268] [localization_error]: now[200] 0.352 m / 2.47 deg  |  session[n=33457] mean 0.337 p95 0.731 max 1.114 m, heading mean 2.47 max 12.24 deg[0m
[localization_error-8] [0m[INFO] [1788871493.106073700] [localization_error]: now[200] 0.332 m / 2.37 deg  |  session[n=33557] mean 0.337 p95 0.730 max 1.114 m, heading mean 2.47 max 12.24 deg[0m
[pure_pursuit-10] [0m[INFO] [1788871493.384084823] [pure_pursuit]: lap 258: 6.57 s[0m
[localization_error-8] [0m[INFO] [1788871498.106656506] [localization_error]: now[200] 0.340 m / 2.41 deg  |  session[n=33657] mean 0.337 p95 0.730 max 1.114 m, heading mean 2.47 max 12.24 deg[0m
[pure_pursuit-10] [0m[INFO] [1788871499.859878687] [pure_pursuit]: lap 259: 6.52 s[0m
[localization_error-8] [0m[INFO] [1788871503.106905347] [localization_error]: now[200] 0.370 m / 2.57 deg  |  session[n=33757] mean 0.337 p95 0.731 max 1.114 m, heading mean 2.47 max 12.24 deg[0m
[pure_pursuit-10] [0m[INFO] [1788871506.447796270] [pure_pursuit]: lap 260: 6.57 s[0m
[localization_error-8] [0m[INFO] [1788871508.106214402] [localization_error]: now[200] 0.328 m / 2.42 deg  |  session[n=33857] mean 0.337 p95 0.730 max 1.114 m, heading mean 2.47 max 12.24 deg[0m
[pure_pursuit-10] [0m[INFO] [1788871513.090147840] [pure_pursuit]: lap 261: 6.63 s[0m
[localization_error-8] [0m[INFO] [1788871513.106304469] [localization_error]: now[200] 0.288 m / 2.27 deg  |  session[n=33957] mean 0.336 p95 0.729 max 1.114 m, heading mean 2.46 max 12.24 deg[0m
[localization_error-8] [0m[INFO] [1788871518.106887838] [localization_error]: now[200] 0.304 m / 2.18 deg  |  session[n=34057] mean 0.337 p95 0.728 max 1.114 m, heading mean 2.46 max 12.24 deg[0m
[pure_pursuit-10] [0m[INFO] [1788871519.628941152] [pure_pursuit]: lap 262: 6.54 s[0m
[localization_error-8] [0m[INFO] [1788871523.106323015] [localization_error]: now[200] 0.340 m / 2.36 deg  |  session[n=34157] mean 0.336 p95 0.729 max 1.114 m, heading mean 2.46 max 12.24 deg[0m
[pure_pursuit-10] [0m[INFO] [1788871526.193992482] [pure_pursuit]: lap 263: 6.59 s[0m
[localization_error-8] [0m[INFO] [1788871528.106434568] [localization_error]: now[200] 0.309 m / 2.34 deg  |  session[n=34257] mean 0.336 p95 0.728 max 1.114 m, heading mean 2.46 max 12.24 deg[0m
[pure_pursuit-10] [0m[INFO] [1788871532.739808000] [pure_pursuit]: lap 264: 6.54 s[0m
[localization_error-8] [0m[INFO] [1788871533.105958082] [localization_error]: now[200] 0.296 m / 2.19 deg  |  session[n=34357] mean 0.336 p95 0.727 max 1.114 m, heading mean 2.46 max 12.24 deg[0m
[localization_error-8] [0m[INFO] [1788871538.106752810] [localization_error]: now[200] 0.317 m / 2.49 deg  |  session[n=34457] mean 0.336 p95 0.727 max 1.114 m, heading mean 2.46 max 12.24 deg[0m
[pure_pursuit-10] [0m[INFO] [1788871539.273578332] [pure_pursuit]: lap 265: 6.54 s[0m
[localization_error-8] [0m[INFO] [1788871543.106583516] [localization_error]: now[200] 0.361 m / 2.69 deg  |  session[n=34557] mean 0.336 p95 0.728 max 1.114 m, heading mean 2.46 max 12.24 deg[0m
[pure_pursuit-10] [0m[INFO] [1788871545.831834244] [pure_pursuit]: lap 266: 6.54 s[0m
[localization_error-8] [0m[INFO] [1788871548.106920306] [localization_error]: now[200] 0.348 m / 2.26 deg  |  session[n=34657] mean 0.336 p95 0.728 max 1.114 m, heading mean 2.46 max 12.24 deg[0m
[pure_pursuit-10] [0m[INFO] [1788871552.431610620] [pure_pursuit]: lap 267: 6.59 s[0m
[localization_error-8] [0m[INFO] [1788871553.106080130] [localization_error]: now[200] 0.336 m / 2.29 deg  |  session[n=34757] mean 0.336 p95 0.727 max 1.114 m, heading mean 2.46 max 12.24 deg[0m
[localization_error-8] [0m[INFO] [1788871558.106575493] [localization_error]: now[200] 0.351 m / 2.89 deg  |  session[n=34857] mean 0.336 p95 0.726 max 1.114 m, heading mean 2.46 max 12.24 deg[0m
[pure_pursuit-10] [0m[INFO] [1788871558.861590847] [pure_pursuit]: lap 268: 6.47 s[0m
[localization_error-8] [0m[INFO] [1788871563.106246286] [localization_error]: now[200] 0.363 m / 2.95 deg  |  session[n=34957] mean 0.337 p95 0.726 max 1.114 m, heading mean 2.47 max 12.24 deg[0m
[pure_pursuit-10] [0m[INFO] [1788871565.433390765] [pure_pursuit]: lap 269: 6.55 s[0m
[localization_error-8] [0m[INFO] [1788871568.106854509] [localization_error]: now[200] 0.338 m / 2.43 deg  |  session[n=35057] mean 0.336 p95 0.726 max 1.114 m, heading mean 2.46 max 12.24 deg[0m
[pure_pursuit-10] [0m[INFO] [1788871571.973375049] [pure_pursuit]: lap 270: 6.56 s[0m
[localization_error-8] [0m[INFO] [1788871573.106997778] [localization_error]: now[200] 0.344 m / 2.33 deg  |  session[n=35157] mean 0.337 p95 0.726 max 1.114 m, heading mean 2.46 max 12.24 deg[0m
[localization_error-8] [0m[INFO] [1788871578.106283350] [localization_error]: now[200] 0.340 m / 2.74 deg  |  session[n=35257] mean 0.336 p95 0.724 max 1.114 m, heading mean 2.47 max 12.24 deg[0m
[pure_pursuit-10] [0m[INFO] [1788871578.503664141] [pure_pursuit]: lap 271: 6.54 s[0m
[localization_error-8] [0m[INFO] [1788871583.106999816] [localization_error]: now[200] 0.317 m / 2.45 deg  |  session[n=35357] mean 0.336 p95 0.724 max 1.114 m, heading mean 2.46 max 12.24 deg[0m
[pure_pursuit-10] [0m[INFO] [1788871585.166934550] [pure_pursuit]: lap 272: 6.65 s[0m
[localization_error-8] [0m[INFO] [1788871588.106114241] [localization_error]: now[200] 0.313 m / 2.22 deg  |  session[n=35457] mean 0.336 p95 0.725 max 1.114 m, heading mean 2.46 max 12.24 deg[0m
[pure_pursuit-10] [0m[INFO] [1788871591.691850407] [pure_pursuit]: lap 273: 6.52 s[0m
[localization_error-8] [0m[INFO] [1788871593.106683604] [localization_error]: now[200] 0.341 m / 2.35 deg  |  session[n=35557] mean 0.336 p95 0.725 max 1.114 m, heading mean 2.46 max 12.24 deg[0m
[localization_error-8] [0m[INFO] [1788871598.106023724] [localization_error]: now[200] 0.311 m / 2.36 deg  |  session[n=35657] mean 0.336 p95 0.723 max 1.114 m, heading mean 2.46 max 12.24 deg[0m
[pure_pursuit-10] [0m[INFO] [1788871598.267057202] [pure_pursuit]: lap 274: 6.58 s[0m
[localization_error-8] [0m[INFO] [1788871603.106950456] [localization_error]: now[200] 0.310 m / 2.35 deg  |  session[n=35757] mean 0.336 p95 0.723 max 1.114 m, heading mean 2.46 max 12.24 deg[0m
[pure_pursuit-10] [0m[INFO] [1788871604.807405604] [pure_pursuit]: lap 275: 6.53 s[0m
[localization_error-8] [0m[INFO] [1788871608.105987170] [localization_error]: now[200] 0.331 m / 2.25 deg  |  session[n=35857] mean 0.336 p95 0.723 max 1.114 m, heading mean 2.46 max 12.24 deg[0m
[pure_pursuit-10] [0m[INFO] [1788871611.336258817] [pure_pursuit]: lap 276: 6.52 s[0m
[localization_error-8] [0m[INFO] [1788871613.106863796] [localization_error]: now[200] 0.338 m / 2.25 deg  |  session[n=35957] mean 0.336 p95 0.724 max 1.114 m, heading mean 2.46 max 12.24 deg[0m
[pure_pursuit-10] [0m[INFO] [1788871617.826620109] [pure_pursuit]: lap 277: 6.51 s[0m
[localization_error-8] [0m[INFO] [1788871618.107174272] [localization_error]: now[200] 0.349 m / 2.37 deg  |  session[n=36057] mean 0.336 p95 0.723 max 1.114 m, heading mean 2.46 max 12.24 deg[0m
[localization_error-8] [0m[INFO] [1788871623.106199704] [localization_error]: now[200] 0.336 m / 2.41 deg  |  session[n=36157] mean 0.336 p95 0.722 max 1.114 m, heading mean 2.46 max 12.24 deg[0m
[pure_pursuit-10] [0m[INFO] [1788871624.368012244] [pure_pursuit]: lap 278: 6.54 s[0m
[localization_error-8] [0m[INFO] [1788871628.106086840] [localization_error]: now[200] 0.363 m / 2.47 deg  |  session[n=36257] mean 0.336 p95 0.722 max 1.114 m, heading mean 2.46 max 12.24 deg[0m
[pure_pursuit-10] [0m[INFO] [1788871630.919165013] [pure_pursuit]: lap 279: 6.53 s[0m
[localization_error-8] [0m[INFO] [1788871633.106998523] [localization_error]: now[200] 0.348 m / 2.26 deg  |  session[n=36357] mean 0.336 p95 0.723 max 1.114 m, heading mean 2.46 max 12.24 deg[0m
[pure_pursuit-10] [0m[INFO] [1788871637.379832649] [pure_pursuit]: lap 280: 6.48 s[0m
[localization_error-8] [0m[INFO] [1788871638.106584763] [localization_error]: now[200] 0.350 m / 2.32 deg  |  session[n=36457] mean 0.336 p95 0.723 max 1.114 m, heading mean 2.46 max 12.24 deg[0m
[localization_error-8] [0m[INFO] [1788871643.106062027] [localization_error]: now[200] 0.339 m / 2.76 deg  |  session[n=36557] mean 0.336 p95 0.722 max 1.114 m, heading mean 2.46 max 12.24 deg[0m
[pure_pursuit-10] [0m[INFO] [1788871643.890279511] [pure_pursuit]: lap 281: 6.49 s[0m
[localization_error-8] [0m[INFO] [1788871648.106362838] [localization_error]: now[200] 0.336 m / 2.76 deg  |  session[n=36657] mean 0.336 p95 0.722 max 1.114 m, heading mean 2.46 max 12.24 deg[0m
[pure_pursuit-10] [0m[INFO] [1788871650.386919592] [pure_pursuit]: lap 282: 6.53 s[0m
[localization_error-8] [0m[INFO] [1788871653.106130702] [localization_error]: now[200] 0.324 m / 2.30 deg  |  session[n=36757] mean 0.336 p95 0.722 max 1.114 m, heading mean 2.46 max 12.24 deg[0m
[pure_pursuit-10] [0m[INFO] [1788871656.925895383] [pure_pursuit]: lap 283: 6.54 s[0m
[localization_error-8] [0m[INFO] [1788871658.106368510] [localization_error]: now[200] 0.339 m / 2.02 deg  |  session[n=36857] mean 0.336 p95 0.722 max 1.114 m, heading mean 2.46 max 12.24 deg[0m
[localization_error-8] [0m[INFO] [1788871663.106463470] [localization_error]: now[200] 0.328 m / 2.35 deg  |  session[n=36957] mean 0.336 p95 0.722 max 1.114 m, heading mean 2.46 max 12.24 deg[0m
[pure_pursuit-10] [0m[INFO] [1788871663.491854635] [pure_pursuit]: lap 284: 6.54 s[0m
[localization_error-8] [0m[INFO] [1788871668.106797415] [localization_error]: now[200] 0.338 m / 2.58 deg  |  session[n=37057] mean 0.336 p95 0.722 max 1.114 m, heading mean 2.46 max 12.24 deg[0m
[pure_pursuit-10] [0m[INFO] [1788871670.003643901] [pure_pursuit]: lap 285: 6.53 s[0m
[localization_error-8] [0m[INFO] [1788871673.106109014] [localization_error]: now[200] 0.365 m / 2.53 deg  |  session[n=37157] mean 0.336 p95 0.722 max 1.114 m, heading mean 2.46 max 12.24 deg[0m
[pure_pursuit-10] [0m[INFO] [1788871676.577971122] [pure_pursuit]: lap 286: 6.55 s[0m
[localization_error-8] [0m[INFO] [1788871678.106872838] [localization_error]: now[200] 0.369 m / 2.52 deg  |  session[n=37257] mean 0.337 p95 0.723 max 1.114 m, heading mean 2.46 max 12.24 deg[0m
[pure_pursuit-10] [0m[INFO] [1788871683.038764195] [pure_pursuit]: lap 287: 6.48 s[0m
[localization_error-8] [0m[INFO] [1788871683.106012178] [localization_error]: now[200] 0.354 m / 2.59 deg  |  session[n=37357] mean 0.337 p95 0.722 max 1.114 m, heading mean 2.46 max 12.24 deg[0m
[localization_error-8] [0m[INFO] [1788871688.106011658] [localization_error]: now[200] 0.360 m / 2.54 deg  |  session[n=37457] mean 0.337 p95 0.722 max 1.114 m, heading mean 2.46 max 12.24 deg[0m
[pure_pursuit-10] [0m[INFO] [1788871689.557813061] [pure_pursuit]: lap 288: 6.52 s[0m
[localization_error-8] [0m[INFO] [1788871693.106396597] [localization_error]: now[200] 0.355 m / 2.35 deg  |  session[n=37557] mean 0.337 p95 0.722 max 1.114 m, heading mean 2.46 max 12.24 deg[0m
[pure_pursuit-10] [0m[INFO] [1788871696.159412600] [pure_pursuit]: lap 289: 6.60 s[0m
[localization_error-8] [0m[INFO] [1788871698.106933181] [localization_error]: now[200] 0.314 m / 2.13 deg  |  session[n=37657] mean 0.337 p95 0.723 max 1.114 m, heading mean 2.46 max 12.24 deg[0m
[pure_pursuit-10] [0m[INFO] [1788871702.739934231] [pure_pursuit]: lap 290: 6.53 s[0m
[localization_error-8] [0m[INFO] [1788871703.106021425] [localization_error]: now[200] 0.319 m / 2.24 deg  |  session[n=37757] mean 0.337 p95 0.722 max 1.114 m, heading mean 2.46 max 12.24 deg[0m
[localization_error-8] [0m[INFO] [1788871708.107422767] [localization_error]: now[200] 0.338 m / 2.51 deg  |  session[n=37857] mean 0.337 p95 0.721 max 1.114 m, heading mean 2.46 max 12.24 deg[0m
[pure_pursuit-10] [0m[INFO] [1788871709.273869439] [pure_pursuit]: lap 291: 6.56 s[0m
[localization_error-8] [0m[INFO] [1788871713.106310767] [localization_error]: now[200] 0.346 m / 2.35 deg  |  session[n=37957] mean 0.337 p95 0.721 max 1.114 m, heading mean 2.46 max 12.24 deg[0m
[pure_pursuit-10] [0m[INFO] [1788871715.912675047] [pure_pursuit]: lap 292: 6.62 s[0m
[localization_error-8] [0m[INFO] [1788871718.106246868] [localization_error]: now[200] 0.308 m / 2.16 deg  |  session[n=38057] mean 0.337 p95 0.722 max 1.114 m, heading mean 2.46 max 12.24 deg[0m
[pure_pursuit-10] [0m[INFO] [1788871722.480675097] [pure_pursuit]: lap 293: 6.56 s[0m
[localization_error-8] [0m[INFO] [1788871723.107590092] [localization_error]: now[200] 0.309 m / 2.44 deg  |  session[n=38157] mean 0.336 p95 0.721 max 1.114 m, heading mean 2.46 max 12.24 deg[0m
[localization_error-8] [0m[INFO] [1788871728.106027420] [localization_error]: now[200] 0.332 m / 2.44 deg  |  session[n=38257] mean 0.336 p95 0.721 max 1.114 m, heading mean 2.46 max 12.24 deg[0m
[pure_pursuit-10] [0m[INFO] [1788871728.949931062] [pure_pursuit]: lap 294: 6.51 s[0m
[localization_error-8] [0m[INFO] [1788871733.106588262] [localization_error]: now[200] 0.334 m / 2.12 deg  |  session[n=38357] mean 0.336 p95 0.721 max 1.114 m, heading mean 2.46 max 12.24 deg[0m
[pure_pursuit-10] [0m[INFO] [1788871735.535616869] [pure_pursuit]: lap 295: 6.59 s[0m
[localization_error-8] [0m[INFO] [1788871738.107198108] [localization_error]: now[200] 0.342 m / 2.22 deg  |  session[n=38457] mean 0.337 p95 0.721 max 1.114 m, heading mean 2.46 max 12.24 deg[0m
[pure_pursuit-10] [0m[INFO] [1788871742.070370829] [pure_pursuit]: lap 296: 6.53 s[0m
[localization_error-8] [0m[INFO] [1788871743.106658989] [localization_error]: now[200] 0.360 m / 2.34 deg  |  session[n=38557] mean 0.337 p95 0.722 max 1.114 m, heading mean 2.46 max 12.24 deg[0m
[localization_error-8] [0m[INFO] [1788871748.106965738] [localization_error]: now[200] 0.322 m / 2.58 deg  |  session[n=38657] mean 0.336 p95 0.721 max 1.114 m, heading mean 2.46 max 12.24 deg[0m
[pure_pursuit-10] [0m[INFO] [1788871748.721047677] [pure_pursuit]: lap 297: 6.63 s[0m
[localization_error-8] [0m[INFO] [1788871753.106158333] [localization_error]: now[200] 0.318 m / 2.55 deg  |  session[n=38757] mean 0.336 p95 0.721 max 1.114 m, heading mean 2.46 max 12.24 deg[0m
[pure_pursuit-10] [0m[INFO] [1788871755.209479266] [pure_pursuit]: lap 298: 6.52 s[0m
[localization_error-8] [0m[INFO] [1788871758.106868331] [localization_error]: now[200] 0.329 m / 2.17 deg  |  session[n=38857] mean 0.336 p95 0.721 max 1.114 m, heading mean 2.46 max 12.24 deg[0m
[pure_pursuit-10] [0m[INFO] [1788871761.761870178] [pure_pursuit]: lap 299: 6.55 s[0m
[localization_error-8] [0m[INFO] [1788871763.106167127] [localization_error]: now[200] 0.338 m / 2.25 deg  |  session[n=38957] mean 0.336 p95 0.722 max 1.114 m, heading mean 2.46 max 12.24 deg[0m
[localization_error-8] [0m[INFO] [1788871768.106103588] [localization_error]: now[200] 0.310 m / 2.60 deg  |  session[n=39057] mean 0.336 p95 0.721 max 1.114 m, heading mean 2.46 max 12.24 deg[0m
[pure_pursuit-10] [0m[INFO] [1788871768.431216185] [pure_pursuit]: lap 300: 6.63 s[0m
[localization_error-8] [0m[INFO] [1788871773.106997381] [localization_error]: now[200] 0.314 m / 2.58 deg  |  session[n=39157] mean 0.336 p95 0.721 max 1.114 m, heading mean 2.46 max 12.24 deg[0m
[pure_pursuit-10] [0m[INFO] [1788871774.830584457] [pure_pursuit]: lap 301: 6.45 s[0m
[localization_error-8] [0m[INFO] [1788871778.106886540] [localization_error]: now[200] 0.345 m / 2.47 deg  |  session[n=39257] mean 0.336 p95 0.721 max 1.114 m, heading mean 2.46 max 12.24 deg[0m
[pure_pursuit-10] [0m[INFO] [1788871781.410671754] [pure_pursuit]: lap 302: 6.58 s[0m
[localization_error-8] [0m[INFO] [1788871783.106161032] [localization_error]: now[200] 0.351 m / 2.32 deg  |  session[n=39357] mean 0.336 p95 0.722 max 1.114 m, heading mean 2.46 max 12.24 deg[0m
[pure_pursuit-10] [0m[INFO] [1788871787.998202216] [pure_pursuit]: lap 303: 6.55 s[0m
[localization_error-8] [0m[INFO] [1788871788.107940985] [localization_error]: now[200] 0.333 m / 2.40 deg  |  session[n=39457] mean 0.336 p95 0.722 max 1.114 m, heading mean 2.46 max 12.24 deg[0m
[localization_error-8] [0m[INFO] [1788871793.106197433] [localization_error]: now[200] 0.334 m / 2.74 deg  |  session[n=39557] mean 0.336 p95 0.722 max 1.114 m, heading mean 2.46 max 12.24 deg[0m
[pure_pursuit-10] [0m[INFO] [1788871794.456047020] [pure_pursuit]: lap 304: 6.50 s[0m
[localization_error-8] [0m[INFO] [1788871798.106212586] [localization_error]: now[200] 0.353 m / 2.66 deg  |  session[n=39657] mean 0.336 p95 0.721 max 1.114 m, heading mean 2.46 max 12.24 deg[0m
[pure_pursuit-10] [0m[INFO] [1788871801.081806833] [pure_pursuit]: lap 305: 6.58 s[0m
[localization_error-8] [0m[INFO] [1788871803.106471654] [localization_error]: now[200] 0.314 m / 2.29 deg  |  session[n=39757] mean 0.336 p95 0.721 max 1.114 m, heading mean 2.46 max 12.24 deg[0m
[pure_pursuit-10] [0m[INFO] [1788871807.600895277] [pure_pursuit]: lap 306: 6.54 s[0m
[localization_error-8] [0m[INFO] [1788871808.105990921] [localization_error]: now[200] 0.318 m / 2.40 deg  |  session[n=39857] mean 0.336 p95 0.721 max 1.114 m, heading mean 2.46 max 12.24 deg[0m
[localization_error-8] [0m[INFO] [1788871813.106322929] [localization_error]: now[200] 0.333 m / 2.54 deg  |  session[n=39957] mean 0.336 p95 0.722 max 1.114 m, heading mean 2.46 max 12.24 deg[0m
[pure_pursuit-10] [0m[INFO] [1788871814.123175469] [pure_pursuit]: lap 307: 6.51 s[0m
[localization_error-8] [0m[INFO] [1788871818.106263343] [localization_error]: now[200] 0.341 m / 2.22 deg  |  session[n=40057] mean 0.336 p95 0.722 max 1.114 m, heading mean 2.46 max 12.24 deg[0m
[pure_pursuit-10] [0m[INFO] [1788871820.650194893] [pure_pursuit]: lap 308: 6.52 s[0m
[localization_error-8] [0m[INFO] [1788871823.106922301] [localization_error]: now[200] 0.335 m / 2.19 deg  |  session[n=40157] mean 0.336 p95 0.722 max 1.114 m, heading mean 2.46 max 12.24 deg[0m
[pure_pursuit-10] [0m[INFO] [1788871827.188640069] [pure_pursuit]: lap 309: 6.52 s[0m
[localization_error-8] [0m[INFO] [1788871828.107090686] [localization_error]: now[200] 0.346 m / 2.55 deg  |  session[n=40257] mean 0.336 p95 0.722 max 1.114 m, heading mean 2.46 max 12.24 deg[0m
[localization_error-8] [0m[INFO] [1788871833.106440853] [localization_error]: now[200] 0.324 m / 2.68 deg  |  session[n=40357] mean 0.336 p95 0.721 max 1.114 m, heading mean 2.46 max 12.24 deg[0m
[pure_pursuit-10] [0m[INFO] [1788871833.725635525] [pure_pursuit]: lap 310: 6.58 s[0m
[localization_error-8] [0m[INFO] [1788871838.106098850] [localization_error]: now[200] 0.332 m / 2.58 deg  |  session[n=40457] mean 0.336 p95 0.721 max 1.114 m, heading mean 2.46 max 12.24 deg[0m
[pure_pursuit-10] [0m[INFO] [1788871840.254780375] [pure_pursuit]: lap 311: 6.51 s[0m
[localization_error-8] [0m[INFO] [1788871843.106019220] [localization_error]: now[200] 0.356 m / 2.41 deg  |  session[n=40557] mean 0.336 p95 0.722 max 1.114 m, heading mean 2.46 max 12.24 deg[0m
[pure_pursuit-10] [0m[INFO] [1788871846.745544323] [pure_pursuit]: lap 312: 6.51 s[0m
[localization_error-8] [0m[INFO] [1788871848.107004470] [localization_error]: now[200] 0.357 m / 2.41 deg  |  session[n=40657] mean 0.336 p95 0.722 max 1.114 m, heading mean 2.46 max 12.24 deg[0m
[localization_error-8] [0m[INFO] [1788871853.106084151] [localization_error]: now[200] 0.300 m / 2.70 deg  |  session[n=40757] mean 0.336 p95 0.721 max 1.114 m, heading mean 2.46 max 12.24 deg[0m
[pure_pursuit-10] [0m[INFO] [1788871853.378397734] [pure_pursuit]: lap 313: 6.62 s[0m
[localization_error-8] [0m[INFO] [1788871858.106222492] [localization_error]: now[200] 0.291 m / 2.45 deg  |  session[n=40857] mean 0.336 p95 0.720 max 1.114 m, heading mean 2.46 max 12.24 deg[0m
[pure_pursuit-10] [0m[INFO] [1788871860.028696824] [pure_pursuit]: lap 314: 6.64 s[0m
[localization_error-8] [0m[INFO] [1788871863.107237182] [localization_error]: now[200] 0.322 m / 2.19 deg  |  session[n=40957] mean 0.336 p95 0.720 max 1.114 m, heading mean 2.46 max 12.24 deg[0m
[pure_pursuit-10] [0m[INFO] [1788871866.630979118] [pure_pursuit]: lap 315: 6.62 s[0m
[localization_error-8] [0m[INFO] [1788871868.106303331] [localization_error]: now[200] 0.321 m / 2.16 deg  |  session[n=41057] mean 0.336 p95 0.719 max 1.114 m, heading mean 2.46 max 12.24 deg[0m
[localization_error-8] [0m[INFO] [1788871873.106569569] [localization_error]: now[200] 0.298 m / 2.22 deg  |  session[n=41157] mean 0.336 p95 0.719 max 1.114 m, heading mean 2.46 max 12.24 deg[0m
[pure_pursuit-10] [0m[INFO] [1788871873.197345565] [pure_pursuit]: lap 316: 6.57 s[0m
[localization_error-8] [0m[INFO] [1788871878.106539148] [localization_error]: now[200] 0.313 m / 2.47 deg  |  session[n=41257] mean 0.336 p95 0.719 max 1.114 m, heading mean 2.46 max 12.24 deg[0m
[pure_pursuit-10] [0m[INFO] [1788871879.743699878] [pure_pursuit]: lap 317: 6.54 s[0m
[localization_error-8] [0m[INFO] [1788871883.106092141] [localization_error]: now[200] 0.337 m / 2.37 deg  |  session[n=41357] mean 0.336 p95 0.719 max 1.114 m, heading mean 2.46 max 12.24 deg[0m
[pure_pursuit-10] [0m[INFO] [1788871886.286661407] [pure_pursuit]: lap 318: 6.54 s[0m
[localization_error-8] [0m[INFO] [1788871888.106189975] [localization_error]: now[200] 0.348 m / 2.23 deg  |  session[n=41457] mean 0.336 p95 0.719 max 1.114 m, heading mean 2.45 max 12.24 deg[0m
[pure_pursuit-10] [0m[INFO] [1788871892.888799249] [pure_pursuit]: lap 319: 6.62 s[0m
[localization_error-8] [0m[INFO] [1788871893.106218006] [localization_error]: now[200] 0.339 m / 2.29 deg  |  session[n=41557] mean 0.336 p95 0.719 max 1.114 m, heading mean 2.45 max 12.24 deg[0m
[localization_error-8] [0m[INFO] [1788871898.106079715] [localization_error]: now[200] 0.308 m / 2.29 deg  |  session[n=41657] mean 0.336 p95 0.719 max 1.114 m, heading mean 2.45 max 12.24 deg[0m
[pure_pursuit-10] [0m[INFO] [1788871899.546810855] [pure_pursuit]: lap 320: 6.64 s[0m
[localization_error-8] [0m[INFO] [1788871903.106848995] [localization_error]: now[200] 0.328 m / 2.37 deg  |  session[n=41757] mean 0.336 p95 0.719 max 1.114 m, heading mean 2.45 max 12.24 deg[0m
[pure_pursuit-10] [0m[INFO] [1788871906.070132704] [pure_pursuit]: lap 321: 6.54 s[0m
[localization_error-8] [0m[INFO] [1788871908.106415046] [localization_error]: now[200] 0.338 m / 2.23 deg  |  session[n=41857] mean 0.336 p95 0.719 max 1.114 m, heading mean 2.45 max 12.24 deg[0m
[pure_pursuit-10] [0m[INFO] [1788871912.691853128] [pure_pursuit]: lap 322: 6.57 s[0m
[localization_error-8] [0m[INFO] [1788871913.106464189] [localization_error]: now[200] 0.343 m / 2.32 deg  |  session[n=41957] mean 0.336 p95 0.719 max 1.114 m, heading mean 2.45 max 12.24 deg[0m
[localization_error-8] [0m[INFO] [1788871918.106784341] [localization_error]: now[200] 0.336 m / 2.52 deg  |  session[n=42057] mean 0.336 p95 0.719 max 1.114 m, heading mean 2.45 max 12.24 deg[0m
[pure_pursuit-10] [0m[INFO] [1788871919.255290994] [pure_pursuit]: lap 323: 6.56 s[0m
[localization_error-8] [0m[INFO] [1788871923.106686199] [localization_error]: now[200] 0.331 m / 2.33 deg  |  session[n=42157] mean 0.336 p95 0.719 max 1.114 m, heading mean 2.45 max 12.24 deg[0m
[pure_pursuit-10] [0m[INFO] [1788871925.824713617] [pure_pursuit]: lap 324: 6.58 s[0m
[localization_error-8] [0m[INFO] [1788871928.106017517] [localization_error]: now[200] 0.323 m / 2.24 deg  |  session[n=42257] mean 0.336 p95 0.719 max 1.114 m, heading mean 2.45 max 12.24 deg[0m
[pure_pursuit-10] [0m[INFO] [1788871932.295117619] [pure_pursuit]: lap 325: 6.50 s[0m
[localization_error-8] [0m[INFO] [1788871933.106376598] [localization_error]: now[200] 0.333 m / 2.45 deg  |  session[n=42357] mean 0.336 p95 0.719 max 1.114 m, heading mean 2.45 max 12.24 deg[0m
[localization_error-8] [0m[INFO] [1788871938.106417855] [localization_error]: now[200] 0.325 m / 2.59 deg  |  session[n=42457] mean 0.336 p95 0.719 max 1.114 m, heading mean 2.45 max 12.24 deg[0m
[pure_pursuit-10] [0m[INFO] [1788871938.808227804] [pure_pursuit]: lap 326: 6.51 s[0m
[localization_error-8] [0m[INFO] [1788871943.106046164] [localization_error]: now[200] 0.321 m / 2.19 deg  |  session[n=42557] mean 0.336 p95 0.718 max 1.114 m, heading mean 2.45 max 12.24 deg[0m
[pure_pursuit-10] [0m[INFO] [1788871945.432962497] [pure_pursuit]: lap 327: 6.63 s[0m
[localization_error-8] [0m[INFO] [1788871948.106809660] [localization_error]: now[200] 0.310 m / 1.87 deg  |  session[n=42657] mean 0.336 p95 0.718 max 1.114 m, heading mean 2.45 max 12.24 deg[0m
[pure_pursuit-10] [0m[INFO] [1788871951.995464250] [pure_pursuit]: lap 328: 6.55 s[0m
[localization_error-8] [0m[INFO] [1788871953.106947720] [localization_error]: now[200] 0.318 m / 2.07 deg  |  session[n=42757] mean 0.336 p95 0.717 max 1.114 m, heading mean 2.45 max 12.24 deg[0m
[localization_error-8] [0m[INFO] [1788871958.106314740] [localization_error]: now[200] 0.307 m / 2.45 deg  |  session[n=42857] mean 0.336 p95 0.717 max 1.114 m, heading mean 2.45 max 12.24 deg[0m
[pure_pursuit-10] [0m[INFO] [1788871958.684261122] [pure_pursuit]: lap 329: 6.70 s[0m
[localization_error-8] [0m[INFO] [1788871963.106591814] [localization_error]: now[200] 0.316 m / 2.60 deg  |  session[n=42957] mean 0.336 p95 0.717 max 1.114 m, heading mean 2.45 max 12.24 deg[0m
[pure_pursuit-10] [0m[INFO] [1788871965.263073843] [pure_pursuit]: lap 330: 6.57 s[0m
[localization_error-8] [0m[INFO] [1788871968.106232400] [localization_error]: now[200] 0.332 m / 2.41 deg  |  session[n=43057] mean 0.336 p95 0.717 max 1.114 m, heading mean 2.45 max 12.24 deg[0m
[pure_pursuit-10] [0m[INFO] [1788871971.838604561] [pure_pursuit]: lap 331: 6.56 s[0m
[localization_error-8] [0m[INFO] [1788871973.107221554] [localization_error]: now[200] 0.353 m / 2.37 deg  |  session[n=43157] mean 0.336 p95 0.718 max 1.114 m, heading mean 2.45 max 12.24 deg[0m
[localization_error-8] [0m[INFO] [1788871978.105952080] [localization_error]: now[200] 0.331 m / 2.52 deg  |  session[n=43257] mean 0.336 p95 0.717 max 1.114 m, heading mean 2.45 max 12.24 deg[0m
[pure_pursuit-10] [0m[INFO] [1788871978.338707612] [pure_pursuit]: lap 332: 6.54 s[0m
[localization_error-8] [0m[INFO] [1788871983.106447718] [localization_error]: now[200] 0.310 m / 2.42 deg  |  session[n=43357] mean 0.336 p95 0.717 max 1.114 m, heading mean 2.45 max 12.24 deg[0m
[pure_pursuit-10] [0m[INFO] [1788871984.880810027] [pure_pursuit]: lap 333: 6.55 s[0m
[localization_error-8] [0m[INFO] [1788871988.106104148] [localization_error]: now[200] 0.330 m / 2.36 deg  |  session[n=43457] mean 0.336 p95 0.717 max 1.114 m, heading mean 2.45 max 12.24 deg[0m
[pure_pursuit-10] [0m[INFO] [1788871991.413937316] [pure_pursuit]: lap 334: 6.50 s[0m
[localization_error-8] [0m[INFO] [1788871993.106279396] [localization_error]: now[200] 0.328 m / 2.45 deg  |  session[n=43557] mean 0.336 p95 0.717 max 1.114 m, heading mean 2.45 max 12.24 deg[0m
[pure_pursuit-10] [0m[INFO] [1788871997.997093017] [pure_pursuit]: lap 335: 6.59 s[0m
[localization_error-8] [0m[INFO] [1788871998.106735525] [localization_error]: now[200] 0.319 m / 2.44 deg  |  session[n=43657] mean 0.335 p95 0.716 max 1.114 m, heading mean 2.45 max 12.24 deg[0m
[localization_error-8] [0m[INFO] [1788872003.106088494] [localization_error]: now[200] 0.343 m / 2.39 deg  |  session[n=43757] mean 0.336 p95 0.717 max 1.114 m, heading mean 2.45 max 12.24 deg[0m
[pure_pursuit-10] [0m[INFO] [1788872004.577650018] [pure_pursuit]: lap 336: 6.56 s[0m
[localization_error-8] [0m[INFO] [1788872008.106002307] [localization_error]: now[200] 0.366 m / 2.38 deg  |  session[n=43857] mean 0.336 p95 0.717 max 1.114 m, heading mean 2.45 max 12.24 deg[0m
[pure_pursuit-10] [0m[INFO] [1788872011.053848494] [pure_pursuit]: lap 337: 6.52 s[0m
[localization_error-8] [0m[INFO] [1788872013.106211721] [localization_error]: now[200] 0.332 m / 2.18 deg  |  session[n=43957] mean 0.336 p95 0.717 max 1.114 m, heading mean 2.45 max 12.24 deg[0m
[pure_pursuit-10] [0m[INFO] [1788872017.596754553] [pure_pursuit]: lap 338: 6.54 s[0m
[localization_error-8] [0m[INFO] [1788872018.106181776] [localization_error]: now[200] 0.316 m / 2.26 deg  |  session[n=44057] mean 0.335 p95 0.716 max 1.114 m, heading mean 2.45 max 12.24 deg[0m
[localization_error-8] [0m[INFO] [1788872023.106096064] [localization_error]: now[200] 0.344 m / 2.73 deg  |  session[n=44157] mean 0.336 p95 0.717 max 1.114 m, heading mean 2.45 max 12.24 deg[0m
[pure_pursuit-10] [0m[INFO] [1788872024.114542810] [pure_pursuit]: lap 339: 6.51 s[0m
[localization_error-8] [0m[INFO] [1788872028.106198293] [localization_error]: now[200] 0.367 m / 2.62 deg  |  session[n=44257] mean 0.336 p95 0.717 max 1.114 m, heading mean 2.45 max 12.24 deg[0m
[pure_pursuit-10] [0m[INFO] [1788872030.688004796] [pure_pursuit]: lap 340: 6.55 s[0m
[localization_error-8] [0m[INFO] [1788872033.106951739] [localization_error]: now[200] 0.335 m / 2.13 deg  |  session[n=44357] mean 0.336 p95 0.716 max 1.114 m, heading mean 2.45 max 12.24 deg[0m
[pure_pursuit-10] [0m[INFO] [1788872037.205292549] [pure_pursuit]: lap 341: 6.54 s[0m
[localization_error-8] [0m[INFO] [1788872038.106138429] [localization_error]: now[200] 0.347 m / 2.39 deg  |  session[n=44457] mean 0.336 p95 0.715 max 1.114 m, heading mean 2.45 max 12.24 deg[0m
[localization_error-8] [0m[INFO] [1788872043.106206518] [localization_error]: now[200] 0.335 m / 2.77 deg  |  session[n=44557] mean 0.336 p95 0.715 max 1.114 m, heading mean 2.45 max 12.24 deg[0m
[pure_pursuit-10] [0m[INFO] [1788872043.730788492] [pure_pursuit]: lap 342: 6.49 s[0m
[localization_error-8] [0m[INFO] [1788872048.106273446] [localization_error]: now[200] 0.354 m / 2.73 deg  |  session[n=44657] mean 0.336 p95 0.715 max 1.114 m, heading mean 2.45 max 12.24 deg[0m
[pure_pursuit-10] [0m[INFO] [1788872050.254353674] [pure_pursuit]: lap 343: 6.56 s[0m
[localization_error-8] [0m[INFO] [1788872053.106818500] [localization_error]: now[200] 0.364 m / 2.47 deg  |  session[n=44757] mean 0.336 p95 0.717 max 1.114 m, heading mean 2.45 max 12.24 deg[0m
[pure_pursuit-10] [0m[INFO] [1788872056.750662425] [pure_pursuit]: lap 344: 6.52 s[0m
[localization_error-8] [0m[INFO] [1788872058.106241918] [localization_error]: now[200] 0.355 m / 2.40 deg  |  session[n=44857] mean 0.336 p95 0.717 max 1.114 m, heading mean 2.45 max 12.24 deg[0m
[localization_error-8] [0m[INFO] [1788872063.106407982] [localization_error]: now[200] 0.322 m / 2.64 deg  |  session[n=44957] mean 0.336 p95 0.716 max 1.114 m, heading mean 2.45 max 12.24 deg[0m
[pure_pursuit-10] [0m[INFO] [1788872063.215573209] [pure_pursuit]: lap 345: 6.46 s[0m
[localization_error-8] [0m[INFO] [1788872068.106025463] [localization_error]: now[200] 0.321 m / 2.61 deg  |  session[n=45057] mean 0.336 p95 0.717 max 1.114 m, heading mean 2.45 max 12.24 deg[0m
[pure_pursuit-10] [0m[INFO] [1788872069.835183333] [pure_pursuit]: lap 346: 6.60 s[0m
[localization_error-8] [0m[INFO] [1788872073.106938625] [localization_error]: now[200] 0.338 m / 2.46 deg  |  session[n=45157] mean 0.336 p95 0.717 max 1.114 m, heading mean 2.45 max 12.24 deg[0m
[pure_pursuit-10] [0m[INFO] [1788872076.423996201] [pure_pursuit]: lap 347: 6.60 s[0m
[localization_error-8] [0m[INFO] [1788872078.106332139] [localization_error]: now[200] 0.323 m / 2.36 deg  |  session[n=45257] mean 0.336 p95 0.717 max 1.114 m, heading mean 2.45 max 12.24 deg[0m
[pure_pursuit-10] [0m[INFO] [1788872082.948887404] [pure_pursuit]: lap 348: 6.50 s[0m
[localization_error-8] [0m[INFO] [1788872083.107276772] [localization_error]: now[200] 0.311 m / 2.55 deg  |  session[n=45357] mean 0.336 p95 0.717 max 1.114 m, heading mean 2.45 max 12.24 deg[0m
[localization_error-8] [0m[INFO] [1788872088.105981006] [localization_error]: now[200] 0.321 m / 2.51 deg  |  session[n=45457] mean 0.336 p95 0.717 max 1.114 m, heading mean 2.45 max 12.24 deg[0m
[pure_pursuit-10] [0m[INFO] [1788872089.489108206] [pure_pursuit]: lap 349: 6.54 s[0m
[localization_error-8] [0m[INFO] [1788872093.106292897] [localization_error]: now[200] 0.343 m / 2.33 deg  |  session[n=45557] mean 0.336 p95 0.717 max 1.114 m, heading mean 2.45 max 12.24 deg[0m
[pure_pursuit-10] [0m[INFO] [1788872096.032352972] [pure_pursuit]: lap 350: 6.54 s[0m
[localization_error-8] [0m[INFO] [1788872098.106871151] [localization_error]: now[200] 0.347 m / 2.26 deg  |  session[n=45657] mean 0.336 p95 0.717 max 1.114 m, heading mean 2.45 max 12.24 deg[0m
[pure_pursuit-10] [0m[INFO] [1788872102.551879536] [pure_pursuit]: lap 351: 6.54 s[0m
[localization_error-8] [0m[INFO] [1788872103.106104311] [localization_error]: now[200] 0.331 m / 2.25 deg  |  session[n=45757] mean 0.336 p95 0.717 max 1.114 m, heading mean 2.45 max 12.24 deg[0m
[localization_error-8] [0m[INFO] [1788872108.106311012] [localization_error]: now[200] 0.296 m / 2.49 deg  |  session[n=45857] mean 0.336 p95 0.717 max 1.114 m, heading mean 2.45 max 12.24 deg[0m
[pure_pursuit-10] [0m[INFO] [1788872109.120783407] [pure_pursuit]: lap 352: 6.56 s[0m
[localization_error-8] [0m[INFO] [1788872113.106797092] [localization_error]: now[200] 0.318 m / 2.29 deg  |  session[n=45957] mean 0.336 p95 0.717 max 1.114 m, heading mean 2.45 max 12.24 deg[0m
[pure_pursuit-10] [0m[INFO] [1788872115.711973895] [pure_pursuit]: lap 353: 6.56 s[0m
[localization_error-8] [0m[INFO] [1788872118.106213751] [localization_error]: now[200] 0.352 m / 2.04 deg  |  session[n=46057] mean 0.336 p95 0.719 max 1.114 m, heading mean 2.45 max 12.24 deg[0m
[pure_pursuit-10] [0m[INFO] [1788872122.256690167] [pure_pursuit]: lap 354: 6.56 s[0m
[localization_error-8] [0m[INFO] [1788872123.107592392] [localization_error]: now[200] 0.360 m / 2.31 deg  |  session[n=46157] mean 0.336 p95 0.718 max 1.114 m, heading mean 2.45 max 12.24 deg[0m
[localization_error-8] [0m[INFO] [1788872128.106979729] [localization_error]: now[200] 0.330 m / 2.64 deg  |  session[n=46257] mean 0.336 p95 0.718 max 1.114 m, heading mean 2.45 max 12.24 deg[0m
[pure_pursuit-10] [0m[INFO] [1788872128.748851866] [pure_pursuit]: lap 355: 6.53 s[0m
[localization_error-8] [0m[INFO] [1788872133.106457165] [localization_error]: now[200] 0.349 m / 2.62 deg  |  session[n=46357] mean 0.336 p95 0.719 max 1.114 m, heading mean 2.45 max 12.24 deg[0m
[pure_pursuit-10] [0m[INFO] [1788872135.286179127] [pure_pursuit]: lap 356: 6.54 s[0m
[localization_error-8] [0m[INFO] [1788872138.106793706] [localization_error]: now[200] 0.343 m / 2.11 deg  |  session[n=46457] mean 0.336 p95 0.718 max 1.114 m, heading mean 2.45 max 12.24 deg[0m
[pure_pursuit-10] [0m[INFO] [1788872141.936326718] [pure_pursuit]: lap 357: 6.65 s[0m
[localization_error-8] [0m[INFO] [1788872143.106515000] [localization_error]: now[200] 0.323 m / 2.01 deg  |  session[n=46557] mean 0.336 p95 0.718 max 1.114 m, heading mean 2.45 max 12.24 deg[0m
[localization_error-8] [0m[INFO] [1788872148.106997628] [localization_error]: now[200] 0.313 m / 2.49 deg  |  session[n=46657] mean 0.336 p95 0.717 max 1.114 m, heading mean 2.45 max 12.24 deg[0m
[pure_pursuit-10] [0m[INFO] [1788872148.563884722] [pure_pursuit]: lap 358: 6.61 s[0m
[localization_error-8] [0m[INFO] [1788872153.107091868] [localization_error]: now[200] 0.322 m / 2.59 deg  |  session[n=46757] mean 0.336 p95 0.717 max 1.114 m, heading mean 2.45 max 12.24 deg[0m
[pure_pursuit-10] [0m[INFO] [1788872155.152431612] [pure_pursuit]: lap 359: 6.57 s[0m
[localization_error-8] [0m[INFO] [1788872158.107008664] [localization_error]: now[200] 0.329 m / 2.14 deg  |  session[n=46857] mean 0.336 p95 0.717 max 1.114 m, heading mean 2.45 max 12.24 deg[0m
[pure_pursuit-10] [0m[INFO] [1788872161.719354582] [pure_pursuit]: lap 360: 6.57 s[0m
[localization_error-8] [0m[INFO] [1788872163.107642151] [localization_error]: now[200] 0.354 m / 2.17 deg  |  session[n=46957] mean 0.336 p95 0.718 max 1.114 m, heading mean 2.45 max 12.24 deg[0m
[localization_error-8] [0m[INFO] [1788872168.106847138] [localization_error]: now[200] 0.326 m / 2.44 deg  |  session[n=47057] mean 0.335 p95 0.717 max 1.114 m, heading mean 2.45 max 12.24 deg[0m
[pure_pursuit-10] [0m[INFO] [1788872168.285026304] [pure_pursuit]: lap 361: 6.58 s[0m
[localization_error-8] [0m[INFO] [1788872173.106011932] [localization_error]: now[200] 0.313 m / 2.34 deg  |  session[n=47157] mean 0.336 p95 0.717 max 1.114 m, heading mean 2.45 max 12.24 deg[0m
[pure_pursuit-10] [0m[INFO] [1788872174.894519424] [pure_pursuit]: lap 362: 6.61 s[0m
[localization_error-8] [0m[INFO] [1788872178.106668742] [localization_error]: now[200] 0.339 m / 2.43 deg  |  session[n=47257] mean 0.335 p95 0.718 max 1.114 m, heading mean 2.45 max 12.24 deg[0m
[pure_pursuit-10] [0m[INFO] [1788872181.458491388] [pure_pursuit]: lap 363: 6.58 s[0m
[localization_error-8] [0m[INFO] [1788872183.106368851] [localization_error]: now[200] 0.350 m / 2.38 deg  |  session[n=47357] mean 0.336 p95 0.718 max 1.114 m, heading mean 2.45 max 12.24 deg[0m
[pure_pursuit-10] [0m[INFO] [1788872188.021827738] [pure_pursuit]: lap 364: 6.53 s[0m
[localization_error-8] [0m[INFO] [1788872188.106926430] [localization_error]: now[200] 0.329 m / 2.43 deg  |  session[n=47457] mean 0.335 p95 0.717 max 1.114 m, heading mean 2.45 max 12.24 deg[0m
[localization_error-8] [0m[INFO] [1788872193.105964479] [localization_error]: now[200] 0.330 m / 2.69 deg  |  session[n=47557] mean 0.336 p95 0.716 max 1.114 m, heading mean 2.45 max 12.24 deg[0m
[pure_pursuit-10] [0m[INFO] [1788872194.566334350] [pure_pursuit]: lap 365: 6.55 s[0m
[localization_error-8] [0m[INFO] [1788872198.106321149] [localization_error]: now[200] 0.360 m / 2.61 deg  |  session[n=47657] mean 0.336 p95 0.717 max 1.114 m, heading mean 2.45 max 12.24 deg[0m
[pure_pursuit-10] [0m[INFO] [1788872201.124777375] [pure_pursuit]: lap 366: 6.55 s[0m
[localization_error-8] [0m[INFO] [1788872203.106795891] [localization_error]: now[200] 0.338 m / 2.42 deg  |  session[n=47757] mean 0.336 p95 0.717 max 1.114 m, heading mean 2.45 max 12.24 deg[0m
[pure_pursuit-10] [0m[INFO] [1788872207.634577651] [pure_pursuit]: lap 367: 6.54 s[0m
[localization_error-8] [0m[INFO] [1788872208.105967460] [localization_error]: now[200] 0.328 m / 2.34 deg  |  session[n=47857] mean 0.336 p95 0.716 max 1.114 m, heading mean 2.45 max 12.24 deg[0m
[localization_error-8] [0m[INFO] [1788872213.106233700] [localization_error]: now[200] 0.321 m / 2.61 deg  |  session[n=47957] mean 0.336 p95 0.716 max 1.114 m, heading mean 2.45 max 12.24 deg[0m
[pure_pursuit-10] [0m[INFO] [1788872214.221010584] [pure_pursuit]: lap 368: 6.56 s[0m
[localization_error-8] [0m[INFO] [1788872218.106110528] [localization_error]: now[200] 0.338 m / 2.53 deg  |  session[n=48057] mean 0.336 p95 0.717 max 1.114 m, heading mean 2.45 max 12.24 deg[0m
[pure_pursuit-10] [0m[INFO] [1788872220.803395950] [pure_pursuit]: lap 369: 6.57 s[0m
[localization_error-8] [0m[INFO] [1788872223.106906485] [localization_error]: now[200] 0.343 m / 2.11 deg  |  session[n=48157] mean 0.336 p95 0.717 max 1.114 m, heading mean 2.45 max 12.24 deg[0m
[pure_pursuit-10] [0m[INFO] [1788872227.346983944] [pure_pursuit]: lap 370: 6.57 s[0m
[localization_error-8] [0m[INFO] [1788872228.106601670] [localization_error]: now[200] 0.343 m / 2.25 deg  |  session[n=48257] mean 0.336 p95 0.716 max 1.114 m, heading mean 2.45 max 12.24 deg[0m
[localization_error-8] [0m[INFO] [1788872233.106891451] [localization_error]: now[200] 0.320 m / 2.55 deg  |  session[n=48357] mean 0.336 p95 0.715 max 1.114 m, heading mean 2.45 max 12.24 deg[0m
[pure_pursuit-10] [0m[INFO] [1788872233.907971512] [pure_pursuit]: lap 371: 6.55 s[0m
[localization_error-8] [0m[INFO] [1788872238.106563851] [localization_error]: now[200] 0.324 m / 2.45 deg  |  session[n=48457] mean 0.336 p95 0.716 max 1.114 m, heading mean 2.45 max 12.24 deg[0m
[pure_pursuit-10] [0m[INFO] [1788872240.438619411] [pure_pursuit]: lap 372: 6.54 s[0m
[localization_error-8] [0m[INFO] [1788872243.106218765] [localization_error]: now[200] 0.333 m / 2.04 deg  |  session[n=48557] mean 0.335 p95 0.717 max 1.114 m, heading mean 2.45 max 12.24 deg[0m
[pure_pursuit-10] [0m[INFO] [1788872246.991431108] [pure_pursuit]: lap 373: 6.56 s[0m
[localization_error-8] [0m[INFO] [1788872248.107267351] [localization_error]: now[200] 0.351 m / 2.15 deg  |  session[n=48657] mean 0.336 p95 0.716 max 1.114 m, heading mean 2.45 max 12.24 deg[0m
[localization_error-8] [0m[INFO] [1788872253.106049307] [localization_error]: now[200] 0.317 m / 2.54 deg  |  session[n=48757] mean 0.335 p95 0.715 max 1.114 m, heading mean 2.45 max 12.24 deg[0m
[pure_pursuit-10] [0m[INFO] [1788872253.546656525] [pure_pursuit]: lap 374: 6.53 s[0m
[localization_error-8] [0m[INFO] [1788872258.106254283] [localization_error]: now[200] 0.322 m / 2.44 deg  |  session[n=48857] mean 0.336 p95 0.716 max 1.114 m, heading mean 2.45 max 12.24 deg[0m
[pure_pursuit-10] [0m[INFO] [1788872260.084201096] [pure_pursuit]: lap 375: 6.54 s[0m
[localization_error-8] [0m[INFO] [1788872263.106386287] [localization_error]: now[200] 0.343 m / 2.34 deg  |  session[n=48957] mean 0.335 p95 0.716 max 1.114 m, heading mean 2.45 max 12.24 deg[0m
[pure_pursuit-10] [0m[INFO] [1788872266.705629962] [pure_pursuit]: lap 376: 6.61 s[0m
[localization_error-8] [0m[INFO] [1788872268.106214301] [localization_error]: now[200] 0.325 m / 2.33 deg  |  session[n=49057] mean 0.335 p95 0.716 max 1.114 m, heading mean 2.44 max 12.24 deg[0m
[localization_error-8] [0m[INFO] [1788872273.106109768] [localization_error]: now[200] 0.311 m / 2.61 deg  |  session[n=49157] mean 0.335 p95 0.716 max 1.114 m, heading mean 2.45 max 12.24 deg[0m
[pure_pursuit-10] [0m[INFO] [1788872273.167408446] [pure_pursuit]: lap 377: 6.51 s[0m
[localization_error-8] [0m[INFO] [1788872278.106549002] [localization_error]: now[200] 0.333 m / 2.80 deg  |  session[n=49257] mean 0.335 p95 0.716 max 1.114 m, heading mean 2.45 max 12.24 deg[0m
[pure_pursuit-10] [0m[INFO] [1788872279.753764483] [pure_pursuit]: lap 378: 6.54 s[0m
[localization_error-8] [0m[INFO] [1788872283.106141645] [localization_error]: now[200] 0.338 m / 2.61 deg  |  session[n=49357] mean 0.335 p95 0.717 max 1.114 m, heading mean 2.45 max 12.24 deg[0m
[pure_pursuit-10] [0m[INFO] [1788872286.246994508] [pure_pursuit]: lap 379: 6.53 s[0m
[localization_error-8] [0m[INFO] [1788872288.106284567] [localization_error]: now[200] 0.329 m / 2.50 deg  |  session[n=49457] mean 0.335 p95 0.716 max 1.114 m, heading mean 2.45 max 12.24 deg[0m
[pure_pursuit-10] [0m[INFO] [1788872292.859209213] [pure_pursuit]: lap 380: 6.58 s[0m
[localization_error-8] [0m[INFO] [1788872293.106462783] [localization_error]: now[200] 0.332 m / 2.47 deg  |  session[n=49557] mean 0.335 p95 0.716 max 1.114 m, heading mean 2.45 max 12.24 deg[0m
[localization_error-8] [0m[INFO] [1788872298.106015200] [localization_error]: now[200] 0.333 m / 2.48 deg  |  session[n=49657] mean 0.335 p95 0.716 max 1.114 m, heading mean 2.45 max 12.24 deg[0m
[pure_pursuit-10] [0m[INFO] [1788872299.349272552] [pure_pursuit]: lap 381: 6.53 s[0m
[localization_error-8] [0m[INFO] [1788872303.106699010] [localization_error]: now[200] 0.361 m / 2.32 deg  |  session[n=49757] mean 0.335 p95 0.717 max 1.114 m, heading mean 2.45 max 12.24 deg[0m
[pure_pursuit-10] [0m[INFO] [1788872305.898523074] [pure_pursuit]: lap 382: 6.54 s[0m
[localization_error-8] [0m[INFO] [1788872308.106893107] [localization_error]: now[200] 0.344 m / 2.25 deg  |  session[n=49857] mean 0.335 p95 0.717 max 1.114 m, heading mean 2.45 max 12.24 deg[0m
[pure_pursuit-10] [0m[INFO] [1788872312.372604253] [pure_pursuit]: lap 383: 6.48 s[0m
[localization_error-8] [0m[INFO] [1788872313.107068169] [localization_error]: now[200] 0.353 m / 2.55 deg  |  session[n=49957] mean 0.336 p95 0.717 max 1.114 m, heading mean 2.45 max 12.24 deg[0m
[localization_error-8] [0m[INFO] [1788872318.106622266] [localization_error]: now[200] 0.342 m / 2.64 deg  |  session[n=50057] mean 0.335 p95 0.716 max 1.114 m, heading mean 2.45 max 12.24 deg[0m
[pure_pursuit-10] [0m[INFO] [1788872318.939042597] [pure_pursuit]: lap 384: 6.56 s[0m
[localization_error-8] [0m[INFO] [1788872323.106854186] [localization_error]: now[200] 0.338 m / 2.36 deg  |  session[n=50157] mean 0.336 p95 0.717 max 1.114 m, heading mean 2.45 max 12.24 deg[0m
[pure_pursuit-10] [0m[INFO] [1788872325.472430597] [pure_pursuit]: lap 385: 6.55 s[0m
[localization_error-8] [0m[INFO] [1788872328.106535361] [localization_error]: now[200] 0.353 m / 2.23 deg  |  session[n=50257] mean 0.336 p95 0.717 max 1.114 m, heading mean 2.45 max 12.24 deg[0m
[pure_pursuit-10] [0m[INFO] [1788872332.113657022] [pure_pursuit]: lap 386: 6.59 s[0m
[localization_error-8] [0m[INFO] [1788872333.106008121] [localization_error]: now[200] 0.368 m / 2.63 deg  |  session[n=50357] mean 0.336 p95 0.717 max 1.114 m, heading mean 2.45 max 12.24 deg[0m
[localization_error-8] [0m[INFO] [1788872338.106520052] [localization_error]: now[200] 0.353 m / 3.02 deg  |  session[n=50457] mean 0.336 p95 0.717 max 1.114 m, heading mean 2.45 max 12.24 deg[0m
[pure_pursuit-10] [0m[INFO] [1788872338.631249939] [pure_pursuit]: lap 387: 6.58 s[0m
[localization_error-8] [0m[INFO] [1788872343.107228208] [localization_error]: now[200] 0.348 m / 2.79 deg  |  session[n=50557] mean 0.336 p95 0.717 max 1.114 m, heading mean 2.45 max 12.24 deg[0m
[pure_pursuit-10] [0m[INFO] [1788872345.303436123] [pure_pursuit]: lap 388: 6.63 s[0m
[localization_error-8] [0m[INFO] [1788872348.106010454] [localization_error]: now[200] 0.336 m / 2.12 deg  |  session[n=50657] mean 0.336 p95 0.717 max 1.114 m, heading mean 2.45 max 12.24 deg[0m
[pure_pursuit-10] [0m[INFO] [1788872351.840009649] [pure_pursuit]: lap 389: 6.57 s[0m
[localization_error-8] [0m[INFO] [1788872353.107955315] [localization_error]: now[200] 0.348 m / 2.12 deg  |  session[n=50757] mean 0.336 p95 0.717 max 1.114 m, heading mean 2.45 max 12.24 deg[0m
[localization_error-8] [0m[INFO] [1788872358.106821019] [localization_error]: now[200] 0.327 m / 2.72 deg  |  session[n=50857] mean 0.336 p95 0.716 max 1.114 m, heading mean 2.45 max 12.24 deg[0m
[pure_pursuit-10] [0m[INFO] [1788872358.421917845] [pure_pursuit]: lap 390: 6.55 s[0m
[localization_error-8] [0m[INFO] [1788872363.106035672] [localization_error]: now[200] 0.317 m / 2.74 deg  |  session[n=50957] mean 0.336 p95 0.716 max 1.114 m, heading mean 2.45 max 12.24 deg[0m
[pure_pursuit-10] [0m[INFO] [1788872364.967907701] [pure_pursuit]: lap 391: 6.56 s[0m
[localization_error-8] [0m[INFO] [1788872368.106953828] [localization_error]: now[200] 0.344 m / 2.45 deg  |  session[n=51057] mean 0.336 p95 0.717 max 1.114 m, heading mean 2.45 max 12.24 deg[0m
[pure_pursuit-10] [0m[INFO] [1788872371.556483206] [pure_pursuit]: lap 392: 6.61 s[0m
[localization_error-8] [0m[INFO] [1788872373.106890805] [localization_error]: now[200] 0.341 m / 2.23 deg  |  session[n=51157] mean 0.336 p95 0.717 max 1.114 m, heading mean 2.45 max 12.24 deg[0m
[pure_pursuit-10] [0m[INFO] [1788872378.091825199] [pure_pursuit]: lap 393: 6.53 s[0m
[localization_error-8] [0m[INFO] [1788872378.106216171] [localization_error]: now[200] 0.316 m / 2.44 deg  |  session[n=51257] mean 0.336 p95 0.716 max 1.114 m, heading mean 2.45 max 12.24 deg[0m
[localization_error-8] [0m[INFO] [1788872383.106345512] [localization_error]: now[200] 0.322 m / 2.58 deg  |  session[n=51357] mean 0.336 p95 0.717 max 1.114 m, heading mean 2.45 max 12.24 deg[0m
[pure_pursuit-10] [0m[INFO] [1788872384.617701536] [pure_pursuit]: lap 394: 6.53 s[0m
[localization_error-8] [0m[INFO] [1788872388.106092514] [localization_error]: now[200] 0.357 m / 2.75 deg  |  session[n=51457] mean 0.336 p95 0.717 max 1.114 m, heading mean 2.45 max 12.24 deg[0m
[pure_pursuit-10] [0m[INFO] [1788872391.144652000] [pure_pursuit]: lap 395: 6.50 s[0m
[localization_error-8] [0m[INFO] [1788872393.106948672] [localization_error]: now[200] 0.339 m / 2.53 deg  |  session[n=51557] mean 0.336 p95 0.717 max 1.114 m, heading mean 2.45 max 12.24 deg[0m
[pure_pursuit-10] [0m[INFO] [1788872397.681647400] [pure_pursuit]: lap 396: 6.52 s[0m
[localization_error-8] [0m[INFO] [1788872398.106871937] [localization_error]: now[200] 0.322 m / 2.24 deg  |  session[n=51657] mean 0.336 p95 0.717 max 1.114 m, heading mean 2.45 max 12.24 deg[0m
[localization_error-8] [0m[INFO] [1788872403.106948079] [localization_error]: now[200] 0.317 m / 2.33 deg  |  session[n=51757] mean 0.336 p95 0.717 max 1.114 m, heading mean 2.45 max 12.24 deg[0m
[pure_pursuit-10] [0m[INFO] [1788872404.221318211] [pure_pursuit]: lap 397: 6.58 s[0m
[localization_error-8] [0m[INFO] [1788872408.107025501] [localization_error]: now[200] 0.319 m / 2.11 deg  |  session[n=51857] mean 0.336 p95 0.718 max 1.114 m, heading mean 2.45 max 12.24 deg[0m
[pure_pursuit-10] [0m[INFO] [1788872410.752092713] [pure_pursuit]: lap 398: 6.53 s[0m
[localization_error-8] [0m[INFO] [1788872413.106201061] [localization_error]: now[200] 0.313 m / 2.09 deg  |  session[n=51957] mean 0.336 p95 0.718 max 1.114 m, heading mean 2.45 max 12.24 deg[0m
[pure_pursuit-10] [0m[INFO] [1788872417.389227998] [pure_pursuit]: lap 399: 6.63 s[0m
[localization_error-8] [0m[INFO] [1788872418.106540438] [localization_error]: now[200] 0.307 m / 2.24 deg  |  session[n=52057] mean 0.335 p95 0.717 max 1.114 m, heading mean 2.45 max 12.24 deg[0m
[localization_error-8] [0m[INFO] [1788872423.106048232] [localization_error]: now[200] 0.297 m / 2.43 deg  |  session[n=52157] mean 0.335 p95 0.717 max 1.114 m, heading mean 2.45 max 12.24 deg[0m
[pure_pursuit-10] [0m[INFO] [1788872424.011994051] [pure_pursuit]: lap 400: 6.60 s[0m
[localization_error-8] [0m[INFO] [1788872428.106150832] [localization_error]: now[200] 0.323 m / 2.39 deg  |  session[n=52257] mean 0.335 p95 0.718 max 1.114 m, heading mean 2.45 max 12.24 deg[0m
[pure_pursuit-10] [0m[INFO] [1788872430.617735225] [pure_pursuit]: lap 401: 6.62 s[0m
[localization_error-8] [0m[INFO] [1788872433.106116810] [localization_error]: now[200] 0.333 m / 2.26 deg  |  session[n=52357] mean 0.335 p95 0.719 max 1.114 m, heading mean 2.45 max 12.24 deg[0m
[pure_pursuit-10] [0m[INFO] [1788872437.149442560] [pure_pursuit]: lap 402: 6.52 s[0m
[localization_error-8] [0m[INFO] [1788872438.106268831] [localization_error]: now[200] 0.325 m / 2.47 deg  |  session[n=52457] mean 0.335 p95 0.719 max 1.114 m, heading mean 2.45 max 12.24 deg[0m
[localization_error-8] [0m[INFO] [1788872443.106106078] [localization_error]: now[200] 0.303 m / 2.78 deg  |  session[n=52557] mean 0.335 p95 0.718 max 1.114 m, heading mean 2.45 max 12.24 deg[0m
[pure_pursuit-10] [0m[INFO] [1788872443.739114857] [pure_pursuit]: lap 403: 6.61 s[0m
[localization_error-8] [0m[INFO] [1788872448.106274883] [localization_error]: now[200] 0.311 m / 2.60 deg  |  session[n=52657] mean 0.335 p95 0.719 max 1.114 m, heading mean 2.45 max 12.24 deg[0m
[pure_pursuit-10] [0m[INFO] [1788872450.275019107] [pure_pursuit]: lap 404: 6.53 s[0m
[localization_error-8] [0m[INFO] [1788872453.106014246] [localization_error]: now[200] 0.335 m / 2.33 deg  |  session[n=52757] mean 0.335 p95 0.718 max 1.114 m, heading mean 2.45 max 12.24 deg[0m
[pure_pursuit-10] [0m[INFO] [1788872456.822256861] [pure_pursuit]: lap 405: 6.51 s[0m
[localization_error-8] [0m[INFO] [1788872458.106305678] [localization_error]: now[200] 0.360 m / 2.41 deg  |  session[n=52857] mean 0.335 p95 0.718 max 1.114 m, heading mean 2.45 max 12.24 deg[0m
[localization_error-8] [0m[INFO] [1788872463.106156551] [localization_error]: now[200] 0.327 m / 2.63 deg  |  session[n=52957] mean 0.335 p95 0.717 max 1.114 m, heading mean 2.45 max 12.24 deg[0m
[pure_pursuit-10] [0m[INFO] [1788872463.372709018] [pure_pursuit]: lap 406: 6.57 s[0m
[localization_error-8] [0m[INFO] [1788872468.106024496] [localization_error]: now[200] 0.322 m / 2.67 deg  |  session[n=53057] mean 0.335 p95 0.717 max 1.114 m, heading mean 2.45 max 12.24 deg[0m
[pure_pursuit-10] [0m[INFO] [1788872469.912909643] [pure_pursuit]: lap 407: 6.55 s[0m
[localization_error-8] [0m[INFO] [1788872473.106262668] [localization_error]: now[200] 0.333 m / 2.38 deg  |  session[n=53157] mean 0.335 p95 0.717 max 1.114 m, heading mean 2.45 max 12.24 deg[0m
[pure_pursuit-10] [0m[INFO] [1788872476.436963357] [pure_pursuit]: lap 408: 6.52 s[0m
[localization_error-8] [0m[INFO] [1788872478.106492841] [localization_error]: now[200] 0.327 m / 2.13 deg  |  session[n=53257] mean 0.335 p95 0.717 max 1.114 m, heading mean 2.45 max 12.24 deg[0m
[pure_pursuit-10] [0m[INFO] [1788872483.031318799] [pure_pursuit]: lap 409: 6.57 s[0m
[localization_error-8] [0m[INFO] [1788872483.106037363] [localization_error]: now[200] 0.337 m / 2.49 deg  |  session[n=53357] mean 0.335 p95 0.717 max 1.114 m, heading mean 2.45 max 12.24 deg[0m
[localization_error-8] [0m[INFO] [1788872488.106460539] [localization_error]: now[200] 0.331 m / 2.76 deg  |  session[n=53457] mean 0.335 p95 0.717 max 1.114 m, heading mean 2.45 max 12.24 deg[0m
[pure_pursuit-10] [0m[INFO] [1788872489.564091354] [pure_pursuit]: lap 410: 6.55 s[0m
[localization_error-8] [0m[INFO] [1788872493.106964978] [localization_error]: now[200] 0.341 m / 2.69 deg  |  session[n=53557] mean 0.335 p95 0.717 max 1.114 m, heading mean 2.45 max 12.24 deg[0m
[pure_pursuit-10] [0m[INFO] [1788872496.149766620] [pure_pursuit]: lap 411: 6.58 s[0m
[localization_error-8] [0m[INFO] [1788872498.106183132] [localization_error]: now[200] 0.332 m / 2.44 deg  |  session[n=53657] mean 0.335 p95 0.717 max 1.114 m, heading mean 2.45 max 12.24 deg[0m
[pure_pursuit-10] [0m[INFO] [1788872502.634648668] [pure_pursuit]: lap 412: 6.49 s[0m
[localization_error-8] [0m[INFO] [1788872503.106551454] [localization_error]: now[200] 0.322 m / 2.48 deg  |  session[n=53757] mean 0.335 p95 0.717 max 1.114 m, heading mean 2.45 max 12.24 deg[0m
[localization_error-8] [0m[INFO] [1788872508.106525875] [localization_error]: now[200] 0.320 m / 2.69 deg  |  session[n=53857] mean 0.335 p95 0.717 max 1.114 m, heading mean 2.45 max 12.24 deg[0m
[pure_pursuit-10] [0m[INFO] [1788872509.119553410] [pure_pursuit]: lap 413: 6.49 s[0m
[localization_error-8] [0m[INFO] [1788872513.106865759] [localization_error]: now[200] 0.332 m / 2.32 deg  |  session[n=53957] mean 0.335 p95 0.717 max 1.114 m, heading mean 2.45 max 12.24 deg[0m
[pure_pursuit-10] [0m[INFO] [1788872515.704937240] [pure_pursuit]: lap 414: 6.58 s[0m
[localization_error-8] [0m[INFO] [1788872518.107047875] [localization_error]: now[200] 0.314 m / 2.08 deg  |  session[n=54057] mean 0.335 p95 0.718 max 1.114 m, heading mean 2.45 max 12.24 deg[0m
[pure_pursuit-10] [0m[INFO] [1788872522.277899552] [pure_pursuit]: lap 415: 6.59 s[0m
[localization_error-8] [0m[INFO] [1788872523.107143115] [localization_error]: now[200] 0.321 m / 2.25 deg  |  session[n=54157] mean 0.335 p95 0.718 max 1.114 m, heading mean 2.45 max 12.24 deg[0m
[localization_error-8] [0m[INFO] [1788872528.106584538] [localization_error]: now[200] 0.335 m / 2.60 deg  |  session[n=54257] mean 0.335 p95 0.718 max 1.114 m, heading mean 2.45 max 12.24 deg[0m
[pure_pursuit-10] [0m[INFO] [1788872528.865129869] [pure_pursuit]: lap 416: 6.56 s[0m
[localization_error-8] [0m[INFO] [1788872533.106553800] [localization_error]: now[200] 0.333 m / 2.56 deg  |  session[n=54357] mean 0.335 p95 0.720 max 1.114 m, heading mean 2.45 max 12.24 deg[0m
[pure_pursuit-10] [0m[INFO] [1788872535.416787908] [pure_pursuit]: lap 417: 6.58 s[0m
[localization_error-8] [0m[INFO] [1788872538.106465821] [localization_error]: now[200] 0.320 m / 2.26 deg  |  session[n=54457] mean 0.335 p95 0.720 max 1.114 m, heading mean 2.45 max 12.24 deg[0m
[pure_pursuit-10] [0m[INFO] [1788872541.945372986] [pure_pursuit]: lap 418: 6.51 s[0m
[localization_error-8] [0m[INFO] [1788872543.107087255] [localization_error]: now[200] 0.334 m / 2.25 deg  |  session[n=54557] mean 0.335 p95 0.720 max 1.114 m, heading mean 2.45 max 12.24 deg[0m
[localization_error-8] [0m[INFO] [1788872548.106052057] [localization_error]: now[200] 0.323 m / 2.66 deg  |  session[n=54657] mean 0.335 p95 0.718 max 1.114 m, heading mean 2.45 max 12.24 deg[0m
[pure_pursuit-10] [0m[INFO] [1788872548.460848403] [pure_pursuit]: lap 419: 6.52 s[0m
[localization_error-8] [0m[INFO] [1788872553.107303978] [localization_error]: now[200] 0.322 m / 2.58 deg  |  session[n=54757] mean 0.335 p95 0.720 max 1.114 m, heading mean 2.45 max 12.24 deg[0m
[pure_pursuit-10] [0m[INFO] [1788872555.046956574] [pure_pursuit]: lap 420: 6.56 s[0m
[localization_error-8] [0m[INFO] [1788872558.106065834] [localization_error]: now[200] 0.313 m / 2.05 deg  |  session[n=54857] mean 0.335 p95 0.720 max 1.114 m, heading mean 2.45 max 12.24 deg[0m
[pure_pursuit-10] [0m[INFO] [1788872561.766694403] [pure_pursuit]: lap 421: 6.75 s[0m
[localization_error-8] [0m[INFO] [1788872563.106240367] [localization_error]: now[200] 0.311 m / 2.04 deg  |  session[n=54957] mean 0.335 p95 0.720 max 1.114 m, heading mean 2.45 max 12.24 deg[0m
[localization_error-8] [0m[INFO] [1788872568.106932731] [localization_error]: now[200] 0.307 m / 2.47 deg  |  session[n=55057] mean 0.335 p95 0.720 max 1.114 m, heading mean 2.45 max 12.24 deg[0m
[pure_pursuit-10] [0m[INFO] [1788872568.570021387] [pure_pursuit]: lap 422: 6.79 s[0m
[localization_error-8] [0m[INFO] [1788872573.105974068] [localization_error]: now[200] 0.289 m / 2.39 deg  |  session[n=55157] mean 0.335 p95 0.720 max 1.114 m, heading mean 2.44 max 12.24 deg[0m
[pure_pursuit-10] [0m[INFO] [1788872575.364053160] [pure_pursuit]: lap 423: 6.78 s[0m
[localization_error-8] [0m[INFO] [1788872578.106175606] [localization_error]: now[200] 0.300 m / 2.17 deg  |  session[n=55257] mean 0.335 p95 0.720 max 1.114 m, heading mean 2.44 max 12.24 deg[0m
[pure_pursuit-10] [0m[INFO] [1788872582.187977563] [pure_pursuit]: lap 424: 6.83 s[0m
[localization_error-8] [0m[INFO] [1788872583.107243890] [localization_error]: now[200] 0.268 m / 2.44 deg  |  session[n=55357] mean 0.335 p95 0.719 max 1.114 m, heading mean 2.44 max 12.24 deg[0m
[localization_error-8] [0m[INFO] [1788872588.106768119] [localization_error]: now[200] 0.273 m / 2.67 deg  |  session[n=55457] mean 0.334 p95 0.718 max 1.114 m, heading mean 2.45 max 12.24 deg[0m
[pure_pursuit-10] [0m[INFO] [1788872589.059978866] [pure_pursuit]: lap 425: 6.89 s[0m
[localization_error-8] [0m[INFO] [1788872593.106150070] [localization_error]: now[200] 0.264 m / 2.43 deg  |  session[n=55557] mean 0.334 p95 0.717 max 1.114 m, heading mean 2.44 max 12.24 deg[0m
[pure_pursuit-10] [0m[INFO] [1788872596.023263452] [pure_pursuit]: lap 426: 6.95 s[0m
[localization_error-8] [0m[INFO] [1788872598.107593245] [localization_error]: now[200] 0.272 m / 2.10 deg  |  session[n=55657] mean 0.334 p95 0.717 max 1.114 m, heading mean 2.44 max 12.24 deg[0m
[pure_pursuit-10] [0m[INFO] [1788872602.872849921] [pure_pursuit]: lap 427: 6.88 s[0m
[localization_error-8] [0m[INFO] [1788872603.106020900] [localization_error]: now[200] 0.264 m / 2.26 deg  |  session[n=55757] mean 0.334 p95 0.717 max 1.114 m, heading mean 2.44 max 12.24 deg[0m
[localization_error-8] [0m[INFO] [1788872608.106922490] [localization_error]: now[200] 0.271 m / 2.43 deg  |  session[n=55857] mean 0.334 p95 0.717 max 1.114 m, heading mean 2.44 max 12.24 deg[0m
[pure_pursuit-10] [0m[INFO] [1788872609.759441750] [pure_pursuit]: lap 428: 6.88 s[0m
[localization_error-8] [0m[INFO] [1788872613.106165084] [localization_error]: now[200] 0.273 m / 2.21 deg  |  session[n=55957] mean 0.334 p95 0.716 max 1.114 m, heading mean 2.44 max 12.24 deg[0m
[pure_pursuit-10] [0m[INFO] [1788872616.658553642] [pure_pursuit]: lap 429: 6.88 s[0m
[localization_error-8] [0m[INFO] [1788872618.106485242] [localization_error]: now[200] 0.250 m / 2.04 deg  |  session[n=56057] mean 0.334 p95 0.716 max 1.114 m, heading mean 2.44 max 12.24 deg[0m
[localization_error-8] [0m[INFO] [1788872623.105981726] [localization_error]: now[200] 0.249 m / 2.34 deg  |  session[n=56157] mean 0.334 p95 0.715 max 1.114 m, heading mean 2.44 max 12.24 deg[0m
[pure_pursuit-10] [0m[INFO] [1788872623.579903905] [pure_pursuit]: lap 430: 6.89 s[0m
[localization_error-8] [0m[INFO] [1788872628.106978701] [localization_error]: now[200] 0.238 m / 2.43 deg  |  session[n=56257] mean 0.333 p95 0.714 max 1.114 m, heading mean 2.44 max 12.24 deg[0m
[pure_pursuit-10] [0m[INFO] [1788872630.444886198] [pure_pursuit]: lap 431: 6.90 s[0m
[localization_error-8] [0m[INFO] [1788872633.107230338] [localization_error]: now[200] 0.246 m / 2.19 deg  |  session[n=56357] mean 0.333 p95 0.711 max 1.114 m, heading mean 2.44 max 12.24 deg[0m
[pure_pursuit-10] [0m[INFO] [1788872637.428507430] [pure_pursuit]: lap 432: 6.97 s[0m
[localization_error-8] [0m[INFO] [1788872638.106747399] [localization_error]: now[200] 0.231 m / 2.05 deg  |  session[n=56457] mean 0.333 p95 0.710 max 1.114 m, heading mean 2.44 max 12.24 deg[0m
[localization_error-8] [0m[INFO] [1788872643.106845918] [localization_error]: now[200] 0.261 m / 2.21 deg  |  session[n=56557] mean 0.333 p95 0.710 max 1.114 m, heading mean 2.44 max 12.24 deg[0m
[pure_pursuit-10] [0m[INFO] [1788872644.313984063] [pure_pursuit]: lap 433: 6.89 s[0m
[localization_error-8] [0m[INFO] [1788872648.106383684] [localization_error]: now[200] 0.277 m / 2.18 deg  |  session[n=56657] mean 0.333 p95 0.709 max 1.114 m, heading mean 2.44 max 12.24 deg[0m
[pure_pursuit-10] [0m[INFO] [1788872651.226012600] [pure_pursuit]: lap 434: 6.89 s[0m
[localization_error-8] [0m[INFO] [1788872653.106080281] [localization_error]: now[200] 0.272 m / 1.97 deg  |  session[n=56757] mean 0.333 p95 0.709 max 1.114 m, heading mean 2.44 max 12.24 deg[0m
[pure_pursuit-10] [0m[INFO] [1788872658.105044199] [pure_pursuit]: lap 435: 6.89 s[0m
[localization_error-8] [0m[INFO] [1788872658.106005534] [localization_error]: now[200] 0.256 m / 2.33 deg  |  session[n=56857] mean 0.333 p95 0.709 max 1.114 m, heading mean 2.44 max 12.24 deg[0m
[localization_error-8] [0m[INFO] [1788872663.107037232] [localization_error]: now[200] 0.277 m / 2.39 deg  |  session[n=56957] mean 0.333 p95 0.709 max 1.114 m, heading mean 2.44 max 12.24 deg[0m
[pure_pursuit-10] [0m[INFO] [1788872665.053185443] [pure_pursuit]: lap 436: 6.94 s[0m
[localization_error-8] [0m[INFO] [1788872668.107529185] [localization_error]: now[200] 0.283 m / 2.17 deg  |  session[n=57057] mean 0.332 p95 0.707 max 1.114 m, heading mean 2.44 max 12.24 deg[0m
[pure_pursuit-10] [0m[INFO] [1788872671.953480130] [pure_pursuit]: lap 437: 6.94 s[0m
[localization_error-8] [0m[INFO] [1788872673.106131131] [localization_error]: now[200] 0.251 m / 2.30 deg  |  session[n=57157] mean 0.332 p95 0.706 max 1.114 m, heading mean 2.44 max 12.24 deg[0m
[localization_error-8] [0m[INFO] [1788872678.106475597] [localization_error]: now[200] 0.258 m / 2.34 deg  |  session[n=57257] mean 0.332 p95 0.705 max 1.114 m, heading mean 2.44 max 12.24 deg[0m
[pure_pursuit-10] [0m[INFO] [1788872678.908322822] [pure_pursuit]: lap 438: 6.93 s[0m
[localization_error-8] [0m[INFO] [1788872683.105969340] [localization_error]: now[200] 0.251 m / 2.22 deg  |  session[n=57357] mean 0.332 p95 0.705 max 1.114 m, heading mean 2.44 max 12.24 deg[0m
[pure_pursuit-10] [0m[INFO] [1788872685.850585935] [pure_pursuit]: lap 439: 6.96 s[0m
[localization_error-8] [0m[INFO] [1788872688.106109276] [localization_error]: now[200] 0.274 m / 2.10 deg  |  session[n=57457] mean 0.332 p95 0.704 max 1.114 m, heading mean 2.44 max 12.24 deg[0m
[pure_pursuit-10] [0m[INFO] [1788872692.828685555] [pure_pursuit]: lap 440: 6.96 s[0m
[localization_error-8] [0m[INFO] [1788872693.106493502] [localization_error]: now[200] 0.256 m / 2.37 deg  |  session[n=57557] mean 0.332 p95 0.703 max 1.114 m, heading mean 2.44 max 12.24 deg[0m
[localization_error-8] [0m[INFO] [1788872698.106084891] [localization_error]: now[200] 0.261 m / 2.38 deg  |  session[n=57657] mean 0.332 p95 0.702 max 1.114 m, heading mean 2.44 max 12.24 deg[0m
[pure_pursuit-10] [0m[INFO] [1788872699.732145429] [pure_pursuit]: lap 441: 6.92 s[0m
[localization_error-8] [0m[INFO] [1788872703.106617516] [localization_error]: now[200] 0.293 m / 2.36 deg  |  session[n=57757] mean 0.332 p95 0.703 max 1.114 m, heading mean 2.44 max 12.24 deg[0m
[pure_pursuit-10] [0m[INFO] [1788872706.583527800] [pure_pursuit]: lap 442: 6.81 s[0m
[localization_error-8] [0m[INFO] [1788872708.106755411] [localization_error]: now[200] 0.316 m / 2.39 deg  |  session[n=57857] mean 0.332 p95 0.704 max 1.114 m, heading mean 2.44 max 12.24 deg[0m
[localization_error-8] [0m[INFO] [1788872713.106101720] [localization_error]: now[200] 0.292 m / 2.36 deg  |  session[n=57957] mean 0.331 p95 0.703 max 1.114 m, heading mean 2.44 max 12.24 deg[0m
[pure_pursuit-10] [0m[INFO] [1788872713.400373887] [pure_pursuit]: lap 443: 6.83 s[0m
[localization_error-8] [0m[INFO] [1788872718.106046359] [localization_error]: now[200] 0.252 m / 2.28 deg  |  session[n=58057] mean 0.331 p95 0.702 max 1.114 m, heading mean 2.44 max 12.24 deg[0m
[pure_pursuit-10] [0m[INFO] [1788872720.252746672] [pure_pursuit]: lap 444: 6.86 s[0m
[localization_error-8] [0m[INFO] [1788872723.106635926] [localization_error]: now[200] 0.262 m / 2.01 deg  |  session[n=58157] mean 0.331 p95 0.701 max 1.114 m, heading mean 2.44 max 12.24 deg[0m
[pure_pursuit-10] [0m[INFO] [1788872727.172111617] [pure_pursuit]: lap 445: 6.93 s[0m
[localization_error-8] [0m[INFO] [1788872728.106591198] [localization_error]: now[200] 0.243 m / 2.17 deg  |  session[n=58257] mean 0.331 p95 0.701 max 1.114 m, heading mean 2.44 max 12.24 deg[0m
[localization_error-8] [0m[INFO] [1788872733.106132397] [localization_error]: now[200] 0.245 m / 2.39 deg  |  session[n=58357] mean 0.331 p95 0.700 max 1.114 m, heading mean 2.44 max 12.24 deg[0m
[pure_pursuit-10] [0m[INFO] [1788872734.111609939] [pure_pursuit]: lap 446: 6.94 s[0m
[localization_error-8] [0m[INFO] [1788872738.106510461] [localization_error]: now[200] 0.245 m / 2.23 deg  |  session[n=58457] mean 0.331 p95 0.699 max 1.114 m, heading mean 2.44 max 12.24 deg[0m
[pure_pursuit-10] [0m[INFO] [1788872741.080919654] [pure_pursuit]: lap 447: 6.94 s[0m
[localization_error-8] [0m[INFO] [1788872743.105983323] [localization_error]: now[200] 0.274 m / 2.08 deg  |  session[n=58557] mean 0.331 p95 0.698 max 1.114 m, heading mean 2.43 max 12.24 deg[0m
[pure_pursuit-10] [0m[INFO] [1788872747.941289411] [pure_pursuit]: lap 448: 6.85 s[0m
[localization_error-8] [0m[INFO] [1788872748.106136961] [localization_error]: now[200] 0.274 m / 2.08 deg  |  session[n=58657] mean 0.331 p95 0.698 max 1.114 m, heading mean 2.43 max 12.24 deg[0m
[localization_error-8] [0m[INFO] [1788872753.106257856] [localization_error]: now[200] 0.248 m / 2.19 deg  |  session[n=58757] mean 0.330 p95 0.697 max 1.114 m, heading mean 2.43 max 12.24 deg[0m
[pure_pursuit-10] [0m[INFO] [1788872754.930751362] [pure_pursuit]: lap 449: 7.03 s[0m
[localization_error-8] [0m[INFO] [1788872758.106106861] [localization_error]: now[200] 0.280 m / 2.10 deg  |  session[n=58857] mean 0.330 p95 0.698 max 1.114 m, heading mean 2.43 max 12.24 deg[0m
[pure_pursuit-10] [0m[INFO] [1788872761.801686576] [pure_pursuit]: lap 450: 6.83 s[0m
[localization_error-8] [0m[INFO] [1788872763.106391603] [localization_error]: now[200] 0.306 m / 1.98 deg  |  session[n=58957] mean 0.330 p95 0.698 max 1.114 m, heading mean 2.43 max 12.24 deg[0m
[localization_error-8] [0m[INFO] [1788872768.106756177] [localization_error]: now[200] 0.277 m / 2.31 deg  |  session[n=59057] mean 0.330 p95 0.698 max 1.114 m, heading mean 2.43 max 12.24 deg[0m
[pure_pursuit-10] [0m[INFO] [1788872768.612415224] [pure_pursuit]: lap 451: 6.83 s[0m
[localization_error-8] [0m[INFO] [1788872773.106196611] [localization_error]: now[200] 0.258 m / 2.35 deg  |  session[n=59157] mean 0.330 p95 0.698 max 1.114 m, heading mean 2.43 max 12.24 deg[0m
[pure_pursuit-10] [0m[INFO] [1788872775.496802346] [pure_pursuit]: lap 452: 6.90 s[0m
[localization_error-8] [0m[INFO] [1788872778.106053929] [localization_error]: now[200] 0.273 m / 2.18 deg  |  session[n=59257] mean 0.330 p95 0.697 max 1.114 m, heading mean 2.43 max 12.24 deg[0m
[pure_pursuit-10] [0m[INFO] [1788872782.479944077] [pure_pursuit]: lap 453: 6.97 s[0m
[localization_error-8] [0m[INFO] [1788872783.106478861] [localization_error]: now[200] 0.228 m / 2.16 deg  |  session[n=59357] mean 0.330 p95 0.696 max 1.114 m, heading mean 2.43 max 12.24 deg[0m
[localization_error-8] [0m[INFO] [1788872788.106361532] [localization_error]: now[200] 0.250 m / 2.23 deg  |  session[n=59457] mean 0.330 p95 0.696 max 1.114 m, heading mean 2.43 max 12.24 deg[0m
[pure_pursuit-10] [0m[INFO] [1788872789.384670804] [pure_pursuit]: lap 454: 6.91 s[0m
[localization_error-8] [0m[INFO] [1788872793.106087986] [localization_error]: now[200] 0.265 m / 2.19 deg  |  session[n=59557] mean 0.330 p95 0.695 max 1.114 m, heading mean 2.43 max 12.24 deg[0m
[pure_pursuit-10] [0m[INFO] [1788872796.238634881] [pure_pursuit]: lap 455: 6.85 s[0m
[localization_error-8] [0m[INFO] [1788872798.106495215] [localization_error]: now[200] 0.289 m / 2.21 deg  |  session[n=59657] mean 0.330 p95 0.696 max 1.114 m, heading mean 2.43 max 12.24 deg[0m
[pure_pursuit-10] [0m[INFO] [1788872803.097224921] [pure_pursuit]: lap 456: 6.83 s[0m
[localization_error-8] [0m[INFO] [1788872803.106340277] [localization_error]: now[200] 0.300 m / 2.48 deg  |  session[n=59757] mean 0.329 p95 0.696 max 1.114 m, heading mean 2.43 max 12.24 deg[0m
[localization_error-8] [0m[INFO] [1788872808.106059159] [localization_error]: now[200] 0.280 m / 2.34 deg  |  session[n=59857] mean 0.329 p95 0.696 max 1.114 m, heading mean 2.43 max 12.24 deg[0m
[pure_pursuit-10] [0m[INFO] [1788872809.905236084] [pure_pursuit]: lap 457: 6.81 s[0m
[localization_error-8] [0m[INFO] [1788872813.106687481] [localization_error]: now[200] 0.301 m / 2.02 deg  |  session[n=59957] mean 0.329 p95 0.696 max 1.114 m, heading mean 2.43 max 12.24 deg[0m
[pure_pursuit-10] [0m[INFO] [1788872816.776015847] [pure_pursuit]: lap 458: 6.87 s[0m
[localization_error-8] [0m[INFO] [1788872818.107615648] [localization_error]: now[200] 0.276 m / 2.09 deg  |  session[n=60057] mean 0.329 p95 0.695 max 1.114 m, heading mean 2.43 max 12.24 deg[0m
[localization_error-8] [0m[INFO] [1788872823.106120074] [localization_error]: now[200] 0.257 m / 2.36 deg  |  session[n=60157] mean 0.329 p95 0.694 max 1.114 m, heading mean 2.43 max 12.24 deg[0m
[pure_pursuit-10] [0m[INFO] [1788872823.691875507] [pure_pursuit]: lap 459: 6.92 s[0m
[localization_error-8] [0m[INFO] [1788872828.106663976] [localization_error]: now[200] 0.264 m / 2.42 deg  |  session[n=60257] mean 0.329 p95 0.693 max 1.114 m, heading mean 2.43 max 12.24 deg[0m
[pure_pursuit-10] [0m[INFO] [1788872830.446655212] [pure_pursuit]: lap 460: 6.79 s[0m
[localization_error-8] [0m[INFO] [1788872833.106452610] [localization_error]: now[200] 0.310 m / 2.15 deg  |  session[n=60357] mean 0.329 p95 0.694 max 1.114 m, heading mean 2.43 max 12.24 deg[0m
[pure_pursuit-10] [0m[INFO] [1788872837.379666400] [pure_pursuit]: lap 461: 6.92 s[0m
[localization_error-8] [0m[INFO] [1788872838.106481470] [localization_error]: now[200] 0.287 m / 2.03 deg  |  session[n=60457] mean 0.329 p95 0.693 max 1.114 m, heading mean 2.43 max 12.24 deg[0m
[localization_error-8] [0m[INFO] [1788872843.106183077] [localization_error]: now[200] 0.266 m / 2.28 deg  |  session[n=60557] mean 0.329 p95 0.693 max 1.114 m, heading mean 2.43 max 12.24 deg[0m
[pure_pursuit-10] [0m[INFO] [1788872844.213762564] [pure_pursuit]: lap 462: 6.81 s[0m
[localization_error-8] [0m[INFO] [1788872848.106979526] [localization_error]: now[200] 0.280 m / 2.31 deg  |  session[n=60657] mean 0.329 p95 0.693 max 1.114 m, heading mean 2.43 max 12.24 deg[0m
[pure_pursuit-10] [0m[INFO] [1788872851.122702530] [pure_pursuit]: lap 463: 6.91 s[0m
[localization_error-8] [0m[INFO] [1788872853.106927016] [localization_error]: now[200] 0.267 m / 2.20 deg  |  session[n=60757] mean 0.329 p95 0.693 max 1.114 m, heading mean 2.43 max 12.24 deg[0m
[localization_error-8] [0m[INFO] [1788872858.106065918] [localization_error]: now[200] 0.235 m / 2.31 deg  |  session[n=60857] mean 0.328 p95 0.692 max 1.114 m, heading mean 2.43 max 12.24 deg[0m
[pure_pursuit-10] [0m[INFO] [1788872858.119698151] [pure_pursuit]: lap 464: 7.00 s[0m
[localization_error-8] [0m[INFO] [1788872863.106379006] [localization_error]: now[200] 0.245 m / 2.25 deg  |  session[n=60957] mean 0.328 p95 0.692 max 1.114 m, heading mean 2.43 max 12.24 deg[0m
[pure_pursuit-10] [0m[INFO] [1788872864.956252117] [pure_pursuit]: lap 465: 6.88 s[0m
[localization_error-8] [0m[INFO] [1788872868.106931692] [localization_error]: now[200] 0.278 m / 2.10 deg  |  session[n=61057] mean 0.328 p95 0.692 max 1.114 m, heading mean 2.43 max 12.24 deg[0m
[pure_pursuit-10] [0m[INFO] [1788872871.827746993] [pure_pursuit]: lap 466: 6.83 s[0m
[localization_error-8] [0m[INFO] [1788872873.106182798] [localization_error]: now[200] 0.300 m / 2.16 deg  |  session[n=61157] mean 0.328 p95 0.693 max 1.114 m, heading mean 2.43 max 12.24 deg[0m
[localization_error-8] [0m[INFO] [1788872878.106522250] [localization_error]: now[200] 0.285 m / 2.56 deg  |  session[n=61257] mean 0.328 p95 0.692 max 1.114 m, heading mean 2.43 max 12.24 deg[0m
[pure_pursuit-10] [0m[INFO] [1788872878.671693436] [pure_pursuit]: lap 467: 6.87 s[0m
[localization_error-8] [0m[INFO] [1788872883.106520808] [localization_error]: now[200] 0.237 m / 2.47 deg  |  session[n=61357] mean 0.328 p95 0.692 max 1.114 m, heading mean 2.43 max 12.24 deg[0m
[pure_pursuit-10] [0m[INFO] [1788872885.634999532] [pure_pursuit]: lap 468: 6.94 s[0m
[localization_error-8] [0m[INFO] [1788872888.106098900] [localization_error]: now[200] 0.258 m / 2.08 deg  |  session[n=61457] mean 0.328 p95 0.690 max 1.114 m, heading mean 2.42 max 12.24 deg[0m
[pure_pursuit-10] [0m[INFO] [1788872892.495384015] [pure_pursuit]: lap 469: 6.86 s[0m
[localization_error-8] [0m[INFO] [1788872893.107251901] [localization_error]: now[200] 0.259 m / 2.30 deg  |  session[n=61557] mean 0.328 p95 0.690 max 1.114 m, heading mean 2.42 max 12.24 deg[0m
[localization_error-8] [0m[INFO] [1788872898.106039608] [localization_error]: now[200] 0.266 m / 2.45 deg  |  session[n=61657] mean 0.328 p95 0.690 max 1.114 m, heading mean 2.42 max 12.24 deg[0m
[pure_pursuit-10] [0m[INFO] [1788872899.272531311] [pure_pursuit]: lap 470: 6.82 s[0m
[localization_error-8] [0m[INFO] [1788872903.106324740] [localization_error]: now[200] 0.278 m / 2.27 deg  |  session[n=61757] mean 0.328 p95 0.690 max 1.114 m, heading mean 2.42 max 12.24 deg[0m
[pure_pursuit-10] [0m[INFO] [1788872906.181902524] [pure_pursuit]: lap 471: 6.86 s[0m
[localization_error-8] [0m[INFO] [1788872908.106341452] [localization_error]: now[200] 0.267 m / 1.98 deg  |  session[n=61857] mean 0.327 p95 0.690 max 1.114 m, heading mean 2.42 max 12.24 deg[0m
[pure_pursuit-10] [0m[INFO] [1788872913.071326014] [pure_pursuit]: lap 472: 6.89 s[0m
[localization_error-8] [0m[INFO] [1788872913.106135697] [localization_error]: now[200] 0.253 m / 2.33 deg  |  session[n=61957] mean 0.327 p95 0.689 max 1.114 m, heading mean 2.42 max 12.24 deg[0m
[localization_error-8] [0m[INFO] [1788872918.106170599] [localization_error]: now[200] 0.265 m / 2.58 deg  |  session[n=62057] mean 0.327 p95 0.689 max 1.114 m, heading mean 2.42 max 12.24 deg[0m
[pure_pursuit-10] [0m[INFO] [1788872919.970170308] [pure_pursuit]: lap 473: 6.91 s[0m
[localization_error-8] [0m[INFO] [1788872923.107152920] [localization_error]: now[200] 0.292 m / 2.18 deg  |  session[n=62157] mean 0.327 p95 0.689 max 1.114 m, heading mean 2.42 max 12.24 deg[0m
[pure_pursuit-10] [0m[INFO] [1788872926.796968466] [pure_pursuit]: lap 474: 6.84 s[0m
[localization_error-8] [0m[INFO] [1788872928.107505075] [localization_error]: now[200] 0.275 m / 2.06 deg  |  session[n=62257] mean 0.327 p95 0.689 max 1.114 m, heading mean 2.42 max 12.24 deg[0m
[localization_error-8] [0m[INFO] [1788872933.106146419] [localization_error]: now[200] 0.245 m / 2.24 deg  |  session[n=62357] mean 0.327 p95 0.689 max 1.114 m, heading mean 2.42 max 12.24 deg[0m
[pure_pursuit-10] [0m[INFO] [1788872933.703834779] [pure_pursuit]: lap 475: 6.90 s[0m
[localization_error-8] [0m[INFO] [1788872938.106100622] [localization_error]: now[200] 0.247 m / 2.29 deg  |  session[n=62457] mean 0.327 p95 0.689 max 1.114 m, heading mean 2.42 max 12.24 deg[0m
[pure_pursuit-10] [0m[INFO] [1788872940.589008820] [pure_pursuit]: lap 476: 6.89 s[0m
[localization_error-8] [0m[INFO] [1788872943.106735913] [localization_error]: now[200] 0.290 m / 2.07 deg  |  session[n=62557] mean 0.327 p95 0.689 max 1.114 m, heading mean 2.42 max 12.24 deg[0m
[pure_pursuit-10] [0m[INFO] [1788872947.447633659] [pure_pursuit]: lap 477: 6.82 s[0m
[localization_error-8] [0m[INFO] [1788872948.106415860] [localization_error]: now[200] 0.277 m / 2.14 deg  |  session[n=62657] mean 0.327 p95 0.689 max 1.114 m, heading mean 2.42 max 12.24 deg[0m
[localization_error-8] [0m[INFO] [1788872953.106248771] [localization_error]: now[200] 0.279 m / 2.33 deg  |  session[n=62757] mean 0.327 p95 0.689 max 1.114 m, heading mean 2.42 max 12.24 deg[0m
[pure_pursuit-10] [0m[INFO] [1788872954.363454067] [pure_pursuit]: lap 478: 6.92 s[0m
[localization_error-8] [0m[INFO] [1788872958.106259219] [localization_error]: now[200] 0.247 m / 2.13 deg  |  session[n=62857] mean 0.326 p95 0.689 max 1.114 m, heading mean 2.42 max 12.24 deg[0m
[pure_pursuit-10] [0m[INFO] [1788872961.377923800] [pure_pursuit]: lap 479: 7.04 s[0m
[localization_error-8] [0m[INFO] [1788872963.106017040] [localization_error]: now[200] 0.237 m / 1.96 deg  |  session[n=62957] mean 0.326 p95 0.688 max 1.114 m, heading mean 2.42 max 12.24 deg[0m
[localization_error-8] [0m[INFO] [1788872968.106264169] [localization_error]: now[200] 0.253 m / 2.35 deg  |  session[n=63057] mean 0.326 p95 0.687 max 1.114 m, heading mean 2.42 max 12.24 deg[0m
[pure_pursuit-10] [0m[INFO] [1788872968.320490498] [pure_pursuit]: lap 480: 6.96 s[0m
[localization_error-8] [0m[INFO] [1788872973.106324566] [localization_error]: now[200] 0.242 m / 2.26 deg  |  session[n=63157] mean 0.326 p95 0.687 max 1.114 m, heading mean 2.42 max 12.24 deg[0m
[pure_pursuit-10] [0m[INFO] [1788872975.269234504] [pure_pursuit]: lap 481: 6.90 s[0m
[localization_error-8] [0m[INFO] [1788872978.106171006] [localization_error]: now[200] 0.270 m / 1.95 deg  |  session[n=63257] mean 0.326 p95 0.687 max 1.114 m, heading mean 2.42 max 12.24 deg[0m
[pure_pursuit-10] [0m[INFO] [1788872982.128481755] [pure_pursuit]: lap 482: 6.89 s[0m
[localization_error-8] [0m[INFO] [1788872983.106840851] [localization_error]: now[200] 0.258 m / 2.20 deg  |  session[n=63357] mean 0.326 p95 0.687 max 1.114 m, heading mean 2.42 max 12.24 deg[0m
[localization_error-8] [0m[INFO] [1788872988.106578575] [localization_error]: now[200] 0.261 m / 2.28 deg  |  session[n=63457] mean 0.326 p95 0.686 max 1.114 m, heading mean 2.42 max 12.24 deg[0m
[pure_pursuit-10] [0m[INFO] [1788872989.085888324] [pure_pursuit]: lap 483: 6.92 s[0m
[localization_error-8] [0m[INFO] [1788872993.106312984] [localization_error]: now[200] 0.285 m / 2.05 deg  |  session[n=63557] mean 0.326 p95 0.687 max 1.114 m, heading mean 2.42 max 12.24 deg[0m
[pure_pursuit-10] [0m[INFO] [1788872995.907032207] [pure_pursuit]: lap 484: 6.82 s[0m
[localization_error-8] [0m[INFO] [1788872998.106173305] [localization_error]: now[200] 0.304 m / 2.01 deg  |  session[n=63657] mean 0.326 p95 0.687 max 1.114 m, heading mean 2.42 max 12.24 deg[0m
[pure_pursuit-10] [0m[INFO] [1788873002.791871225] [pure_pursuit]: lap 485: 6.90 s[0m
[localization_error-8] [0m[INFO] [1788873003.106453253] [localization_error]: now[200] 0.260 m / 2.29 deg  |  session[n=63757] mean 0.326 p95 0.686 max 1.114 m, heading mean 2.42 max 12.24 deg[0m
[localization_error-8] [0m[INFO] [1788873008.106088308] [localization_error]: now[200] 0.281 m / 2.17 deg  |  session[n=63857] mean 0.326 p95 0.686 max 1.114 m, heading mean 2.42 max 12.24 deg[0m
[pure_pursuit-10] [0m[INFO] [1788873009.719199650] [pure_pursuit]: lap 486: 6.91 s[0m
[localization_error-8] [0m[INFO] [1788873013.106852943] [localization_error]: now[200] 0.296 m / 1.93 deg  |  session[n=63957] mean 0.325 p95 0.686 max 1.114 m, heading mean 2.42 max 12.24 deg[0m
[pure_pursuit-10] [0m[INFO] [1788873016.619277650] [pure_pursuit]: lap 487: 6.92 s[0m
[localization_error-8] [0m[INFO] [1788873018.106721963] [localization_error]: now[200] 0.271 m / 1.97 deg  |  session[n=64057] mean 0.325 p95 0.686 max 1.114 m, heading mean 2.41 max 12.24 deg[0m
[localization_error-8] [0m[INFO] [1788873023.106895115] [localization_error]: now[200] 0.260 m / 2.21 deg  |  session[n=64157] mean 0.325 p95 0.685 max 1.114 m, heading mean 2.42 max 12.24 deg[0m
[pure_pursuit-10] [0m[INFO] [1788873023.524631515] [pure_pursuit]: lap 488: 6.89 s[0m
[localization_error-8] [0m[INFO] [1788873028.106552104] [localization_error]: now[200] 0.255 m / 2.32 deg  |  session[n=64257] mean 0.325 p95 0.685 max 1.114 m, heading mean 2.41 max 12.24 deg[0m
[pure_pursuit-10] [0m[INFO] [1788873030.305853229] [pure_pursuit]: lap 489: 6.83 s[0m
[localization_error-8] [0m[INFO] [1788873033.106421434] [localization_error]: now[200] 0.286 m / 2.09 deg  |  session[n=64357] mean 0.325 p95 0.684 max 1.114 m, heading mean 2.41 max 12.24 deg[0m
[pure_pursuit-10] [0m[INFO] [1788873037.191852431] [pure_pursuit]: lap 490: 6.87 s[0m
[localization_error-8] [0m[INFO] [1788873038.106500918] [localization_error]: now[200] 0.246 m / 2.19 deg  |  session[n=64457] mean 0.325 p95 0.683 max 1.114 m, heading mean 2.41 max 12.24 deg[0m
[localization_error-8] [0m[INFO] [1788873043.106485764] [localization_error]: now[200] 0.253 m / 2.44 deg  |  session[n=64557] mean 0.325 p95 0.683 max 1.114 m, heading mean 2.41 max 12.24 deg[0m
[pure_pursuit-10] [0m[INFO] [1788873044.098798627] [pure_pursuit]: lap 491: 6.92 s[0m
[localization_error-8] [0m[INFO] [1788873048.106481226] [localization_error]: now[200] 0.282 m / 2.27 deg  |  session[n=64657] mean 0.325 p95 0.683 max 1.114 m, heading mean 2.41 max 12.24 deg[0m
[pure_pursuit-10] [0m[INFO] [1788873051.012546905] [pure_pursuit]: lap 492: 6.90 s[0m
[localization_error-8] [0m[INFO] [1788873053.106196306] [localization_error]: now[200] 0.282 m / 2.06 deg  |  session[n=64757] mean 0.325 p95 0.681 max 1.114 m, heading mean 2.41 max 12.24 deg[0m
[pure_pursuit-10] [0m[INFO] [1788873057.938717322] [pure_pursuit]: lap 493: 6.93 s[0m
[localization_error-8] [0m[INFO] [1788873058.106218395] [localization_error]: now[200] 0.257 m / 2.27 deg  |  session[n=64857] mean 0.325 p95 0.680 max 1.114 m, heading mean 2.41 max 12.24 deg[0m
[localization_error-8] [0m[INFO] [1788873063.106751634] [localization_error]: now[200] 0.262 m / 2.30 deg  |  session[n=64957] mean 0.325 p95 0.680 max 1.114 m, heading mean 2.41 max 12.24 deg[0m
[pure_pursuit-10] [0m[INFO] [1788873064.847200335] [pure_pursuit]: lap 494: 6.89 s[0m
[localization_error-8] [0m[INFO] [1788873068.105990934] [localization_error]: now[200] 0.269 m / 2.10 deg  |  session[n=65057] mean 0.324 p95 0.679 max 1.114 m, heading mean 2.41 max 12.24 deg[0m
[pure_pursuit-10] [0m[INFO] [1788873071.650352319] [pure_pursuit]: lap 495: 6.82 s[0m
[localization_error-8] [0m[INFO] [1788873073.107063023] [localization_error]: now[200] 0.263 m / 2.16 deg  |  session[n=65157] mean 0.324 p95 0.679 max 1.114 m, heading mean 2.41 max 12.24 deg[0m
[localization_error-8] [0m[INFO] [1788873078.106822115] [localization_error]: now[200] 0.262 m / 2.36 deg  |  session[n=65257] mean 0.324 p95 0.677 max 1.114 m, heading mean 2.41 max 12.24 deg[0m
[pure_pursuit-10] [0m[INFO] [1788873078.513590803] [pure_pursuit]: lap 496: 6.87 s[0m
[localization_error-8] [0m[INFO] [1788873083.106130900] [localization_error]: now[200] 0.267 m / 2.35 deg  |  session[n=65357] mean 0.324 p95 0.678 max 1.114 m, heading mean 2.41 max 12.24 deg[0m
[pure_pursuit-10] [0m[INFO] [1788873085.273700906] [pure_pursuit]: lap 497: 6.75 s[0m
[localization_error-8] [0m[INFO] [1788873088.106836359] [localization_error]: now[200] 0.292 m / 2.09 deg  |  session[n=65457] mean 0.324 p95 0.677 max 1.114 m, heading mean 2.41 max 12.24 deg[0m
[pure_pursuit-10] [0m[INFO] [1788873092.104267161] [pure_pursuit]: lap 498: 6.83 s[0m
[localization_error-8] [0m[INFO] [1788873093.106953099] [localization_error]: now[200] 0.273 m / 2.07 deg  |  session[n=65557] mean 0.324 p95 0.677 max 1.114 m, heading mean 2.41 max 12.24 deg[0m
[localization_error-8] [0m[INFO] [1788873098.106735979] [localization_error]: now[200] 0.273 m / 2.18 deg  |  session[n=65657] mean 0.324 p95 0.675 max 1.114 m, heading mean 2.41 max 12.24 deg[0m
[pure_pursuit-10] [0m[INFO] [1788873098.914382148] [pure_pursuit]: lap 499: 6.81 s[0m
[localization_error-8] [0m[INFO] [1788873103.106086554] [localization_error]: now[200] 0.270 m / 2.10 deg  |  session[n=65757] mean 0.324 p95 0.676 max 1.114 m, heading mean 2.41 max 12.24 deg[0m
[pure_pursuit-10] [0m[INFO] [1788873105.752984176] [pure_pursuit]: lap 500: 6.82 s[0m
[localization_error-8] [0m[INFO] [1788873108.107117037] [localization_error]: now[200] 0.272 m / 2.29 deg  |  session[n=65857] mean 0.324 p95 0.675 max 1.114 m, heading mean 2.41 max 12.24 deg[0m
[pure_pursuit-10] [0m[INFO] [1788873112.589433519] [pure_pursuit]: lap 501: 6.86 s[0m
[localization_error-8] [0m[INFO] [1788873113.106182477] [localization_error]: now[200] 0.256 m / 2.32 deg  |  session[n=65957] mean 0.324 p95 0.675 max 1.114 m, heading mean 2.41 max 12.24 deg[0m
[localization_error-8] [0m[INFO] [1788873118.106861148] [localization_error]: now[200] 0.250 m / 2.20 deg  |  session[n=66057] mean 0.324 p95 0.672 max 1.114 m, heading mean 2.41 max 12.24 deg[0m
[pure_pursuit-10] [0m[INFO] [1788873119.475864469] [pure_pursuit]: lap 502: 6.89 s[0m
[localization_error-8] [0m[INFO] [1788873123.106136423] [localization_error]: now[200] 0.257 m / 2.20 deg  |  session[n=66157] mean 0.324 p95 0.673 max 1.114 m, heading mean 2.41 max 12.24 deg[0m
[pure_pursuit-10] [0m[INFO] [1788873126.322082693] [pure_pursuit]: lap 503: 6.84 s[0m
[localization_error-8] [0m[INFO] [1788873128.106323386] [localization_error]: now[200] 0.273 m / 2.11 deg  |  session[n=66257] mean 0.323 p95 0.672 max 1.114 m, heading mean 2.41 max 12.24 deg[0m
[localization_error-8] [0m[INFO] [1788873133.106127760] [localization_error]: now[200] 0.255 m / 2.23 deg  |  session[n=66357] mean 0.323 p95 0.671 max 1.114 m, heading mean 2.41 max 12.24 deg[0m
[pure_pursuit-10] [0m[INFO] [1788873133.276703892] [pure_pursuit]: lap 504: 6.94 s[0m
[localization_error-8] [0m[INFO] [1788873138.106282976] [localization_error]: now[200] 0.252 m / 2.16 deg  |  session[n=66457] mean 0.323 p95 0.671 max 1.114 m, heading mean 2.41 max 12.24 deg[0m
[pure_pursuit-10] [0m[INFO] [1788873140.186592755] [pure_pursuit]: lap 505: 6.91 s[0m
[localization_error-8] [0m[INFO] [1788873143.106235080] [localization_error]: now[200] 0.263 m / 1.91 deg  |  session[n=66557] mean 0.323 p95 0.671 max 1.114 m, heading mean 2.41 max 12.24 deg[0m
[pure_pursuit-10] [0m[INFO] [1788873147.031514192] [pure_pursuit]: lap 506: 6.86 s[0m
[localization_error-8] [0m[INFO] [1788873148.106418794] [localization_error]: now[200] 0.255 m / 1.92 deg  |  session[n=66657] mean 0.323 p95 0.671 max 1.114 m, heading mean 2.41 max 12.24 deg[0m
