t,dist_m,true_x,true_y,true_yaw_deg,est_x,est_y,est_yaw_deg,err_along,err_cross,err_dist,err_yaw_deg,m2o_x,m2o_y,m2o_yaw_deg,o2b_x,o2b_y,o2b_yaw_deg,speed,yaw_rate,enc_dist,dr_err,fit_true,fit_est,fit_ratio,ready,pp_v_est,pp_v_enc,pp_v_pose,pp_v_target,pp_u_cmd,pp_throttle,pp_steering,pp_ld,pp_e_lat,pp_e_head,pp_kappa,pp_s,pp_slip,pp_a_imu,pp_delay
0.000,0.000,0.8002,3.1583,-89.997,0.8180,3.1580,-89.994,0.0003,0.0178,0.0178,0.002,0.8180,3.1580,0.002,0.0000,0.0000,-89.997,0.000,0.0000,0.000,0.0000,0.0234,0.0005,0.0204,0,nan,nan,nan,nan,nan,nan,nan,nan,nan,nan,nan,nan,nan,nan,nan
0.050,0.000,0.8002,3.1583,-89.997,0.8180,3.1580,-89.994,0.0003,0.0178,0.0178,0.002,0.8180,3.1580,0.002,0.0000,0.0000,-89.997,0.000,0.0000,0.000,0.0000,0.0234,0.0005,0.0204,0,nan,nan,nan,nan,nan,nan,nan,nan,nan,nan,nan,nan,nan,nan,nan
0.100,0.000,0.8002,3.1583,-89.997,0.8058,3.1623,-89.648,-0.0040,0.0056,0.0069,0.348,0.8058,3.1623,0.348,0.0000,0.0000,-89.997,0.000,0.0000,0.000,0.0000,0.0234,0.0174,0.7442,0,nan,nan,nan,nan,nan,nan,nan,nan,nan,nan,nan,nan,nan,nan,nan
0.150,0.000,0.8002,3.1583,-89.997,0.8058,3.1623,-89.648,-0.0040,0.0056,0.0069,0.348,0.8058,3.1623,0.348,0.0000,0.0000,-89.997,0.000,0.0000,0.000,0.0000,0.0234,0.0174,0.7442,0,nan,nan,nan,nan,nan,nan,nan,nan,nan,nan,nan,nan,nan,nan,nan
0.200,0.000,0.8002,3.1583,-89.997,0.8058,3.1623,-89.648,-0.0040,0.0056,0.0069,0.348,0.8058,3.1623,0.348,0.0000,0.0000,-89.997,0.000,0.0000,0.000,0.0000,0.0234,0.0174,0.7442,0,nan,nan,nan,nan,nan,nan,nan,nan,nan,nan,nan,nan,nan,nan,nan
0.250,0.000,0.8002,3.1583,-89.997,0.8058,3.1623,-89.648,-0.0040,0.0056,0.0069,0.348,0.8058,3.1623,0.348,0.0000,0.0000,-89.997,0.000,0.0000,0.000,0.0000,0.0234,0.0174,0.7442,0,nan,nan,nan,nan,nan,nan,nan,nan,nan,nan,nan,nan,nan,nan,nan
0.300,0.000,0.8002,3.1583,-89.997,0.8067,3.1617,-89.706,-0.0034,0.0065,0.0073,0.291,0.8067,3.1617,0.291,0.0000,0.0000,-89.997,0.000,0.0000,0.000,0.0000,0.0234,0.0169,0.7258,0,nan,nan,nan,nan,nan,nan,nan,nan,nan,nan,nan,nan,nan,nan,nan
0.350,0.000,0.8002,3.1583,-89.997,0.8067,3.1617,-89.706,-0.0034,0.0065,0.0073,0.291,0.8067,3.1617,0.291,0.0000,0.0000,-89.997,0.000,0.0000,0.000,0.0000,0.0234,0.0169,0.7258,0,nan,nan,nan,nan,nan,nan,nan,nan,nan,nan,nan,nan,nan,nan,nan
0.400,0.000,0.8002,3.1583,-89.997,0.8067,3.1617,-89.706,-0.0034,0.0065,0.0073,0.291,0.8067,3.1617,0.291,0.0000,0.0000,-89.997,0.000,0.0000,0.000,0.0000,0.0234,0.0169,0.7258,0,nan,nan,nan,nan,nan,nan,nan,nan,nan,nan,nan,nan,nan,nan,nan
0.450,0.000,0.8002,3.1583,-89.997,0.8067,3.1617,-89.706,-0.0034,0.0065,0.0073,0.291,0.8067,3.1617,0.291,0.0000,0.0000,-89.997,0.000,0.0000,0.000,0.0000,0.0234,0.0169,0.7258,0,nan,nan,nan,nan,nan,nan,nan,nan,nan,nan,nan,nan,nan,nan,nan
0.500,0.000,0.8002,3.1583,-89.997,0.8067,3.1617,-89.706,-0.0034,0.0065,0.0073,0.291,0.8067,3.1617,0.291,0.0000,0.0000,-89.997,0.000,0.0000,0.000,0.0000,0.0234,0.0169,0.7258,0,nan,nan,nan,nan,nan,nan,nan,nan,nan,nan,nan,nan,nan,nan,nan
0.550,0.000,0.8002,3.1583,-89.997,0.8067,3.1617,-89.706,-0.0034,0.0065,0.0073,0.291,0.8067,3.1617,0.291,0.0000,0.0000,-89.997,0.000,0.0000,0.000,0.0000,0.0234,0.0169,0.7258,0,nan,nan,nan,nan,nan,nan,nan,nan,nan,nan,nan,nan,nan,nan,nan
0.600,0.000,0.8002,3.1583,-89.997,0.8067,3.1617,-89.706,-0.0034,0.0065,0.0073,0.291,0.8067,3.1617,0.291,0.0000,0.0000,-89.997,0.000,0.0000,0.000,0.0000,0.0234,0.0169,0.7258,0,nan,nan,nan,nan,nan,nan,nan,nan,nan,nan,nan,nan,nan,nan,nan
0.650,0.000,0.8002,3.1583,-89.997,0.8067,3.1617,-89.706,-0.0034,0.0065,0.0073,0.291,0.8067,3.1617,0.291,0.0000,0.0000,-89.997,0.000,0.0000,0.000,0.0000,0.0234,0.0169,0.7258,0,nan,nan,nan,nan,nan,nan,nan,nan,nan,nan,nan,nan,nan,nan,nan
0.700,0.000,0.8002,3.1583,-89.997,0.8067,3.1617,-89.706,-0.0034,0.0065,0.0073,0.291,0.8067,3.1617,0.291,0.0000,0.0000,-89.997,0.000,0.0000,0.000,0.0000,0.0234,0.0169,0.7258,0,nan,nan,nan,nan,nan,nan,nan,nan,nan,nan,nan,nan,nan,nan,nan
0.750,0.000,0.8002,3.1583,-89.997,0.8067,3.1617,-89.706,-0.0034,0.0065,0.0073,0.291,0.8067,3.1617,0.291,0.0000,0.0000,-89.997,0.000,0.0000,0.000,0.0000,0.0234,0.0170,0.7268,0,nan,nan,nan,nan,nan,nan,nan,nan,nan,nan,nan,nan,nan,nan,nan
0.800,0.000,0.8002,3.1583,-89.997,0.8049,3.1664,-89.794,-0.0081,0.0047,0.0093,0.202,0.8049,3.1664,0.202,0.0000,0.0000,-89.997,0.000,0.0000,0.000,0.0000,0.0234,0.0209,0.8947,0,nan,nan,nan,nan,nan,nan,nan,nan,nan,nan,nan,nan,nan,nan,nan
0.850,0.000,0.8002,3.1583,-89.997,0.8049,3.1664,-89.794,-0.0081,0.0047,0.0093,0.202,0.8049,3.1664,0.202,0.0000,0.0000,-89.997,0.000,0.0000,0.000,0.0000,0.0234,0.0209,0.8947,0,nan,nan,nan,nan,nan,nan,nan,nan,nan,nan,nan,nan,nan,nan,nan
0.900,0.000,0.8002,3.1583,-89.997,0.8049,3.1664,-89.794,-0.0081,0.0047,0.0093,0.202,0.8049,3.1664,0.202,0.0000,0.0000,-89.997,0.000,0.0000,0.000,0.0000,0.0234,0.0209,0.8947,0,nan,nan,nan,nan,nan,nan,nan,nan,nan,nan,nan,nan,nan,nan,nan
0.950,0.000,0.8002,3.1583,-89.997,0.8049,3.1664,-89.794,-0.0081,0.0047,0.0093,0.202,0.8049,3.1664,0.202,0.0000,0.0000,-89.997,0.000,0.0000,0.000,0.0000,0.0234,0.0209,0.8947,0,nan,nan,nan,nan,nan,nan,nan,nan,nan,nan,nan,nan,nan,nan,nan
1.000,0.000,0.8002,3.1583,-89.997,0.8049,3.1664,-89.794,-0.0081,0.0047,0.0093,0.202,0.8049,3.1664,0.202,0.0000,0.0000,-89.997,0.000,0.0000,0.000,0.0000,0.0234,0.0209,0.8947,0,nan,nan,nan,nan,nan,nan,nan,nan,nan,nan,nan,nan,nan,nan,nan
1.050,0.000,0.8002,3.1583,-89.997,0.8049,3.1664,-89.794,-0.0081,0.0047,0.0093,0.202,0.8049,3.1664,0.202,0.0000,0.0000,-89.997,0.000,0.0000,0.000,0.0000,0.0234,0.0209,0.8947,0,nan,nan,nan,nan,nan,nan,nan,nan,nan,nan,nan,nan,nan,nan,nan
1.100,0.000,0.8002,3.1583,-89.997,0.8049,3.1664,-89.794,-0.0081,0.0047,0.0093,0.202,0.8049,3.1664,0.202,0.0000,0.0000,-89.997,0.000,0.0000,0.000,0.0000,0.0234,0.0209,0.8947,0,nan,nan,nan,nan,nan,nan,nan,nan,nan,nan,nan,nan,nan,nan,nan
1.150,0.000,0.8002,3.1583,-89.997,0.8049,3.1664,-89.794,-0.0081,0.0047,0.0093,0.202,0.8049,3.1664,0.202,0.0000,0.0000,-89.997,0.000,0.0000,0.000,0.0000,0.0234,0.0209,0.8947,0,nan,nan,nan,nan,nan,nan,nan,nan,nan,nan,nan,nan,nan,nan,nan
1.200,0.000,0.8002,3.1583,-89.997,0.8049,3.1664,-89.794,-0.0081,0.0047,0.0093,0.202,0.8049,3.1664,0.202,0.0000,0.0000,-89.997,0.000,0.0000,0.000,0.0000,0.0234,0.0209,0.8947,0,nan,nan,nan,nan,nan,nan,nan,nan,nan,nan,nan,nan,nan,nan,nan
1.250,0.000,0.8002,3.1583,-89.997,0.8052,3.1696,-89.865,-0.0113,0.0050,0.0123,0.132,0.8052,3.1696,0.132,0.0000,0.0000,-89.997,0.000,0.0000,0.000,0.0000,0.0234,0.0216,0.9254,0,nan,nan,nan,nan,nan,nan,nan,nan,nan,nan,nan,nan,nan,nan,nan
1.300,0.000,0.8002,3.1583,-89.997,0.8052,3.1696,-89.865,-0.0113,0.0050,0.0123,0.132,0.8052,3.1696,0.132,0.0000,0.0000,-89.997,0.000,0.0000,0.000,0.0000,0.0234,0.0216,0.9254,0,nan,nan,nan,nan,nan,nan,nan,nan,nan,nan,nan,nan,nan,nan,nan
1.350,0.000,0.8002,3.1583,-89.997,0.8052,3.1696,-89.865,-0.0113,0.0050,0.0123,0.132,0.8052,3.1696,0.132,0.0000,0.0000,-89.997,0.000,0.0000,0.000,0.0000,0.0234,0.0216,0.9264,0,nan,nan,nan,nan,nan,nan,nan,nan,nan,nan,nan,nan,nan,nan,nan
1.400,0.000,0.8002,3.1583,-89.997,0.8052,3.1696,-89.865,-0.0113,0.0050,0.0123,0.132,0.8052,3.1696,0.132,0.0000,0.0000,-89.997,0.000,0.0000,0.000,0.0000,0.0234,0.0216,0.9264,0,nan,nan,nan,nan,nan,nan,nan,nan,nan,nan,nan,nan,nan,nan,nan
1.450,0.000,0.8002,3.1583,-89.997,0.8052,3.1696,-89.865,-0.0113,0.0050,0.0123,0.132,0.8052,3.1696,0.132,0.0000,0.0000,-89.997,0.000,0.0000,0.000,0.0000,0.0234,0.0216,0.9264,0,nan,nan,nan,nan,nan,nan,nan,nan,nan,nan,nan,nan,nan,nan,nan
1.500,0.000,0.8002,3.1583,-89.997,0.8052,3.1696,-89.865,-0.0113,0.0050,0.0123,0.132,0.8052,3.1696,0.132,0.0000,0.0000,-89.997,0.000,0.0000,0.000,0.0000,0.0234,0.0216,0.9264,0,nan,nan,nan,nan,nan,nan,nan,nan,nan,nan,nan,nan,nan,nan,nan
1.550,0.000,0.8002,3.1583,-89.997,0.8052,3.1696,-89.865,-0.0113,0.0050,0.0123,0.132,0.8052,3.1696,0.132,0.0000,0.0000,-89.997,0.000,0.0000,0.000,0.0000,0.0234,0.0216,0.9264,0,nan,nan,nan,nan,nan,nan,nan,nan,nan,nan,nan,nan,nan,nan,nan
1.600,0.000,0.8002,3.1583,-89.997,0.8052,3.1696,-89.865,-0.0113,0.0050,0.0123,0.132,0.8052,3.1696,0.132,0.0000,0.0000,-89.997,0.000,0.0000,0.000,0.0000,0.0234,0.0216,0.9264,0,nan,nan,nan,nan,nan,nan,nan,nan,nan,nan,nan,nan,nan,nan,nan
1.650,0.000,0.8002,3.1583,-89.997,0.8052,3.1696,-89.865,-0.0113,0.0050,0.0123,0.132,0.8052,3.1696,0.132,0.0000,0.0000,-89.997,0.000,0.0000,0.000,0.0000,0.0234,0.0216,0.9264,0,nan,nan,nan,nan,nan,nan,nan,nan,nan,nan,nan,nan,nan,nan,nan
1.700,0.000,0.8002,3.1583,-89.997,0.8043,3.1710,-89.874,-0.0127,0.0041,0.0134,0.123,0.8043,3.1710,0.123,0.0000,0.0000,-89.997,0.000,0.0000,0.000,0.0000,0.0234,0.0222,0.9489,0,nan,nan,nan,nan,nan,nan,nan,nan,nan,nan,nan,nan,nan,nan,nan
1.750,0.000,0.8002,3.1583,-89.997,0.8043,3.1710,-89.874,-0.0127,0.0041,0.0134,0.123,0.8043,3.1710,0.123,0.0000,0.0000,-89.997,0.000,0.0000,0.000,0.0000,0.0234,0.0222,0.9489,0,nan,nan,nan,nan,nan,nan,nan,nan,nan,nan,nan,nan,nan,nan,nan
1.800,0.000,0.8002,3.1583,-89.997,0.8043,3.1710,-89.874,-0.0127,0.0041,0.0134,0.123,0.8043,3.1710,0.123,0.0000,0.0000,-89.997,0.000,0.0000,0.000,0.0000,0.0234,0.0222,0.9489,0,nan,nan,nan,nan,nan,nan,nan,nan,nan,nan,nan,nan,nan,nan,nan
1.850,0.000,0.8002,3.1583,-89.997,0.8043,3.1710,-89.874,-0.0127,0.0041,0.0134,0.123,0.8043,3.1710,0.123,0.0000,0.0000,-89.997,0.000,0.0000,0.000,0.0000,0.0234,0.0222,0.9489,1,0.0000,0.0000,nan,2.0000,1.2047,0.0477,-0.0561,0.8000,0.0170,0.0844,0.3635,0.0000,0.1200,0.0001,0.1750
1.900,0.001,0.8002,3.1576,-89.996,0.8043,3.1710,-89.874,-0.0134,0.0041,0.0140,0.122,0.8043,3.1710,0.123,0.0000,0.0000,-89.997,0.079,-0.0076,0.016,0.0007,0.0234,0.0222,0.9489,1,0.0000,0.0000,nan,2.0000,1.2047,0.0477,-0.0561,0.8000,0.0170,0.0844,0.3635,0.0000,0.1200,0.0001,0.1750
1.950,0.010,0.8002,3.1478,-90.057,0.8044,3.1026,-89.929,0.0452,0.0043,0.0454,0.128,0.8043,3.1710,0.123,-0.0000,-0.0685,-90.052,0.329,-0.0243,0.069,0.0580,0.0233,0.0223,0.9540,1,0.2740,0.7189,nan,2.0000,1.4738,0.0584,-0.0492,0.8000,0.0242,0.0502,0.2711,0.0998,0.1200,5.3220,0.1750
2.000,0.031,0.8002,3.1270,-90.136,0.8042,3.0516,-89.687,0.0754,0.0042,0.0755,0.448,0.8034,3.1703,0.442,-0.0001,-0.1187,-90.129,0.571,-0.0448,0.128,0.0874,0.0233,0.0181,0.7743,1,0.7257,1.2323,nan,2.0000,1.9194,0.0760,-0.0276,0.8000,0.0288,0.0227,0.1809,0.1996,0.1200,5.2281,0.1750
2.051,0.058,0.8001,3.1006,-90.231,0.8045,2.9895,-89.793,0.1111,0.0048,0.1112,0.439,0.8034,3.1703,0.442,-0.0003,-0.1808,-90.234,0.774,-0.0482,0.189,0.1231,0.0233,0.0183,0.7854,1,1.0308,1.5023,nan,2.0000,2.1105,0.0836,-0.0294,0.8000,0.0310,0.0112,0.1025,0.2993,0.0929,5.1717,0.1750
2.100,0.100,0.7999,3.0584,-90.376,0.8038,2.8973,-89.690,0.1611,0.0049,0.1612,0.686,0.8013,3.1740,0.702,-0.0009,-0.2767,-90.392,1.016,-0.0468,0.277,0.1768,0.0233,0.0169,0.7252,1,1.3111,1.5755,nan,2.0000,2.1789,0.0863,-0.0282,0.8000,0.0312,0.0046,0.0721,0.3991,0.0413,5.1078,0.1750
2.150,0.192,0.7991,2.9663,-90.619,0.8048,2.7048,-90.106,0.2614,0.0086,0.2616,0.513,0.8034,3.1694,0.495,-0.0026,-0.4646,-90.601,1.400,-0.0505,0.432,0.2726,0.0231,0.0162,0.7019,1,1.5674,2.1542,nan,2.0000,2.2384,0.0886,-0.0139,0.8368,0.0307,-0.0114,0.0452,0.5987,-0.0053,5.0287,0.1750
2.200,0.260,0.7983,2.8981,-90.716,0.8045,2.6498,-90.225,0.2483,0.0093,0.2484,0.492,0.8034,3.1694,0.495,-0.0034,-0.5197,-90.719,1.623,-0.0062,0.528,0.2595,0.0230,0.0154,0.6703,1,1.8344,1.8862,nan,2.0000,2.3038,0.0912,-0.0002,0.9816,0.0287,-0.0168,0.0415,0.6985,-0.0545,4.9400,0.1750
2.250,0.345,0.7972,2.8131,-90.716,0.8063,2.5486,-90.320,0.2643,0.0124,0.2646,0.395,0.8066,3.1738,0.404,-0.0047,-0.6251,-90.724,1.936,0.0000,0.631,0.2799,0.0229,0.0115,0.5031,1,2.0436,2.2606,nan,2.0000,1.9669,0.0779,-0.0047,1.1047,0.0297,-0.0182,0.0261,0.8981,-0.0192,6.9227,0.1750
2.300,0.474,0.7956,2.6847,-90.748,0.8055,2.4020,-90.343,0.2826,0.0136,0.2829,0.405,0.8066,3.1738,0.404,-0.0066,-0.7718,-90.747,2.067,0.0153,0.763,0.2982,0.0227,0.0120,0.5309,1,2.2052,2.2922,nan,2.0000,1.8440,0.0730,0.0093,1.1948,0.0248,-0.0291,0.0226,0.9978,-0.0903,3.2903,0.1750
2.350,0.555,0.7946,2.6032,-90.686,0.8051,2.3284,-90.527,0.2746,0.0138,0.2750,0.158,0.8103,3.1717,0.159,-0.0075,-0.8433,-90.686,1.931,0.0154,0.839,0.2882,0.0225,0.0100,0.4422,1,2.1070,2.0806,nan,2.0000,1.9187,0.0760,0.0086,1.1416,0.0233,-0.0276,0.0226,0.9978,-0.0471,-3.6003,0.1750
2.400,0.658,0.7934,2.4999,-90.622,0.8044,2.2433,-90.489,0.2564,0.0138,0.2568,0.133,0.8103,3.1717,0.159,-0.0085,-0.9284,-90.648,1.974,0.0309,0.943,0.2700,0.0223,0.0097,0.4368,1,1.9166,1.9917,nan,2.0000,2.3119,0.0916,0.0088,1.0415,0.0194,-0.0288,0.0097,1.1974,-0.0674,6.7086,0.1750
2.450,0.763,0.7923,2.3952,-90.523,0.8034,2.1464,-90.209,0.2487,0.0134,0.2490,0.314,0.8070,3.1823,0.328,-0.0095,-1.0358,-90.537,2.174,0.0302,1.054,0.2727,0.0221,0.0082,0.3724,1,2.1187,2.3245,nan,2.0000,1.9098,0.0756,-0.0010,1.1514,0.0204,-0.0213,0.0097,1.1974,-0.0522,2.5190,0.1750
2.500,0.869,0.7914,2.2891,-90.507,0.8030,2.0232,-90.177,0.2658,0.0140,0.2661,0.330,0.8070,3.1823,0.328,-0.0106,-1.1590,-90.505,2.176,-0.0035,1.159,0.2898,0.0218,0.0072,0.3301,1,2.1215,2.1390,nan,2.0000,1.9077,0.0756,0.0091,1.1529,0.0145,-0.0280,0.0055,1.2972,-0.0534,1.6998,0.1750
2.550,0.977,0.7904,2.1818,-90.479,0.8049,1.8974,-89.872,0.2843,0.0169,0.2848,0.607,0.8032,3.1727,0.598,-0.0116,-1.2753,-90.470,2.002,0.0094,1.260,0.2988,0.0214,0.0069,0.3223,1,2.0811,2.1626,nan,2.0000,1.9384,0.0768,-0.0011,1.1309,0.0149,-0.0195,-0.0117,1.4968,-0.0357,-2.8482,0.1750
2.600,1.062,0.7897,2.0966,-90.480,0.8039,1.8225,-89.892,0.2739,0.0165,0.2744,0.588,0.8022,3.1690,0.591,-0.0122,-1.3465,-90.483,1.962,0.0019,1.343,0.2848,0.0211,0.0066,0.3151,1,1.8618,1.7010,nan,2.0000,2.2911,0.0907,0.0039,1.0117,0.0115,-0.0224,-0.0117,1.4968,-0.0559,-0.3678,0.1750
2.650,1.175,0.7888,1.9835,-90.446,0.8050,1.7235,-89.821,0.2598,0.0182,0.2605,0.625,0.8017,3.1759,0.645,-0.0131,-1.4523,-90.467,2.125,0.0131,1.461,0.2775,0.0206,0.0068,0.3280,1,1.9939,2.1875,nan,2.0000,2.3226,0.0920,0.0006,1.0836,0.0107,-0.0187,-0.0179,1.5965,-0.0801,3.0128,0.1750
2.700,1.279,0.7880,1.8789,-90.412,0.8055,1.5977,-89.965,0.2811,0.0195,0.2818,0.447,0.8072,3.1557,0.446,-0.0139,-1.5579,-90.411,2.218,0.0036,1.568,0.2785,0.0201,0.0043,0.2139,1,2.1897,2.3007,nan,2.0000,1.8558,0.0735,-0.0003,1.1900,0.0085,-0.0150,-0.0133,1.7961,-0.0835,2.0357,0.1750
2.750,1.386,0.7873,1.7724,-90.415,0.8058,1.4840,-90.009,0.2883,0.0206,0.2890,0.406,0.8089,3.1498,0.397,-0.0146,-1.6658,-90.406,2.054,0.0000,1.669,0.2799,0.0195,0.0042,0.2181,1,2.1598,2.1335,nan,2.0000,1.8785,0.0744,0.0050,1.1737,0.0057,-0.0177,-0.0180,1.8959,-0.0703,1.0507,0.1750
2.800,1.488,0.7865,1.6703,-90.385,0.8058,1.4039,-90.010,0.2662,0.0210,0.2671,0.375,0.8089,3.1498,0.397,-0.0152,-1.7458,-90.407,1.928,0.0209,1.766,0.2579,0.0188,0.0045,0.2378,1,1.9130,1.9166,nan,2.0000,2.2939,0.0908,0.0042,1.0402,0.0037,-0.0147,-0.0110,1.9957,-0.0635,0.3702,0.1750
2.850,1.584,0.7859,1.5746,-90.334,0.8028,1.3044,-90.321,0.2701,0.0185,0.2707,0.013,0.8184,3.1616,0.010,-0.0159,-1.8572,-90.331,2.095,0.0132,1.867,0.2735,0.0181,0.0022,0.1197,1,1.8947,1.9200,nan,2.0000,2.2873,0.0906,0.0166,1.0302,-0.0014,-0.0192,-0.0163,2.0955,-0.0597,6.3959,0.1750
2.900,1.674,0.7854,1.4840,-90.300,0.8014,1.2104,-90.354,0.2735,0.0174,0.2741,-0.054,0.8197,3.1661,-0.054,-0.0165,-1.9557,-90.299,2.195,0.0408,1.960,0.2814,0.0175,0.0021,0.1189,1,2.0339,2.1214,nan,2.0000,1.9742,0.0782,0.0148,1.1060,-0.0045,-0.0167,-0.0141,2.1953,-0.0149,1.4555,0.1750
2.950,1.771,0.7850,1.3873,-90.154,0.8002,1.0883,-90.311,0.2989,0.0160,0.2993,-0.157,0.8232,3.1688,-0.169,-0.0169,-2.0805,-90.142,2.136,0.0492,2.054,0.3095,0.0167,0.0021,0.1259,1,2.2111,2.2903,nan,2.0000,1.8395,0.0729,0.0072,1.2023,-0.0065,-0.0110,-0.0118,2.2950,-0.0929,-4.2140,0.1750
3.000,1.899,0.7849,1.2595,-90.045,0.7998,0.9910,-90.203,0.2685,0.0151,0.2689,-0.158,0.8232,3.1688,-0.169,-0.0169,-2.1778,-90.034,1.935,0.0267,2.175,0.2790,0.0158,0.0022,0.1424,1,2.0013,1.9178,nan,2.0000,1.9990,0.0792,0.0146,1.0883,-0.0086,-0.0123,-0.0171,2.3948,-0.0006,-3.2188,0.1750
3.050,1.996,0.7849,1.1628,-89.948,0.8004,0.8825,-90.157,0.2803,0.0153,0.2807,-0.209,0.8257,3.1577,-0.210,-0.0169,-2.2753,-89.947,1.899,0.0437,2.270,0.2798,0.0151,0.0032,0.2155,1,1.9553,1.9543,nan,2.0000,2.2955,0.0909,0.0100,1.0645,-0.0087,-0.0081,-0.0100,2.4946,-0.0695,1.5861,0.1750
3.100,2.086,0.7850,1.0721,-89.848,0.8018,0.8085,-90.085,0.2636,0.0161,0.2641,-0.237,0.8290,3.1728,-0.256,-0.0167,-2.3644,-89.829,2.074,0.0352,2.366,0.2782,0.0144,0.0046,0.3157,1,1.8591,1.7925,nan,2.0000,2.2710,0.0899,0.0099,1.0121,-0.0077,-0.0084,-0.0100,2.4946,-0.0516,6.0594,0.1750
3.150,2.218,0.7855,0.9404,-89.733,0.8026,0.6779,-90.045,0.2625,0.0159,0.2630,-0.313,0.8326,3.1806,-0.318,-0.0161,-2.5028,-89.727,2.204,0.0279,2.501,0.2849,0.0137,0.0056,0.4105,1,2.0061,2.3932,nan,2.0000,1.9954,0.0790,0.0058,1.0920,-0.0086,-0.0043,-0.0144,2.6942,-0.0027,1.1112,0.1750
3.200,2.303,0.7860,0.8558,-89.669,0.8022,0.6043,-90.069,0.2516,0.0147,0.2521,-0.400,0.8359,3.1872,-0.399,-0.0157,-2.5831,-89.671,2.100,0.0170,2.581,0.2806,0.0132,0.0065,0.4896,1,2.0343,1.9113,nan,2.0000,1.9739,0.0782,0.0082,1.1073,-0.0094,-0.0055,-0.0116,2.7940,-0.0151,-4.5697,0.1750
3.250,2.411,0.7867,0.7472,-89.624,0.8021,0.5141,-90.028,0.2331,0.0139,0.2336,-0.404,0.8359,3.1872,-0.399,-0.0151,-2.6732,-89.629,1.960,0.0242,2.685,0.2621,0.0127,0.0066,0.5217,1,1.9612,1.9927,nan,2.0000,2.2903,0.0907,0.0059,1.0675,-0.0098,-0.0031,-0.0113,2.8937,-0.0693,-0.3470,0.1750
3.301,2.539,0.7876,0.6190,-89.540,0.8030,0.3842,-89.801,0.2350,0.0136,0.2354,-0.261,0.8303,3.1742,-0.266,-0.0143,-2.7901,-89.535,2.145,0.0198,2.818,0.2508,0.0125,0.0053,0.4253,1,2.0214,2.0897,nan,2.0000,1.9838,0.0786,-0.0012,1.1003,-0.0086,0.0023,-0.0153,2.9935,-0.0094,4.0541,0.1750
3.350,2.624,0.7883,0.5339,-89.541,0.8016,0.2778,-89.930,0.2562,0.0113,0.2564,-0.389,0.8352,3.1772,-0.399,-0.0134,-2.8995,-89.532,2.061,-0.0095,2.900,0.2752,0.0125,0.0079,0.6307,1,2.1217,2.1495,nan,2.0000,1.9075,0.0755,0.0040,1.1549,-0.0111,-0.0018,-0.0117,3.0933,-0.0536,-3.8957,0.1750
3.400,2.714,0.7890,0.4440,-89.527,0.7999,0.1833,-90.103,0.2608,0.0087,0.2609,-0.576,0.8427,3.1731,-0.578,-0.0127,-2.9901,-89.525,1.957,0.0150,2.986,0.2758,0.0125,0.0127,1.0168,1,1.9108,1.8726,nan,2.0000,2.2728,0.0900,0.0081,1.0401,-0.0135,-0.0015,-0.0101,3.1931,-0.0589,-1.3521,0.1750
3.450,2.824,0.7899,0.3339,-89.492,0.7997,0.0905,-90.070,0.2435,0.0077,0.2436,-0.578,0.8427,3.1731,-0.578,-0.0119,-3.0829,-89.492,2.134,0.0261,3.101,0.2586,0.0125,0.0135,1.0814,1,1.8896,1.9117,nan,2.0000,2.2659,0.0897,0.0073,1.0285,-0.0137,-0.0004,-0.0143,3.2929,-0.0546,4.7880,0.1750
3.500,2.918,0.7908,0.2405,-89.426,0.8032,-0.0230,-89.372,0.2636,0.0098,0.2638,0.054,0.8111,3.1751,0.052,-0.0108,-3.1981,-89.424,2.197,0.0248,3.196,0.2803,0.0124,0.0009,0.0692,1,2.1106,2.2778,nan,2.0000,1.9159,0.0759,-0.0133,1.1489,-0.0078,0.0127,-0.0112,3.3927,-0.0487,1.4424,0.1750
3.552,3.051,0.7922,0.1071,-89.477,0.8048,-0.1668,-89.405,0.2740,0.0101,0.2742,0.073,0.8111,3.1751,0.052,-0.0093,-3.3420,-89.456,2.041,-0.0534,3.324,0.2908,0.0125,0.0000,0.0000,1,2.1903,2.2516,nan,2.0000,1.8554,0.0735,-0.0130,1.1922,-0.0061,0.0112,-0.0133,3.4924,-0.0837,-3.2346,0.1750
3.600,3.097,0.7926,0.0611,-89.544,0.8047,-0.1854,-89.555,0.2466,0.0101,0.2468,-0.012,0.8129,3.1857,0.015,-0.0091,-3.3711,-89.570,1.961,-0.0393,3.367,0.2739,0.0124,0.0006,0.0462,1,1.8939,1.4778,nan,2.0000,2.2626,0.0896,-0.0063,1.0309,-0.0069,0.0067,-0.0078,3.5922,-0.0545,-3.2019,0.1750
3.651,3.240,0.7936,-0.0811,-89.640,0.8057,-0.3297,-89.311,0.2487,0.0105,0.2489,0.329,0.7941,3.1803,0.323,-0.0082,-3.5100,-89.634,2.046,-0.0256,3.511,0.2706,0.0125,0.0020,0.1622,1,1.7970,1.8049,nan,2.0000,2.2366,0.0886,-0.0187,0.9782,-0.0047,0.0148,-0.0156,3.6920,-0.0361,3.0442,0.1750
3.700,3.339,0.7941,-0.1803,-89.783,0.8068,-0.4312,-89.437,0.2510,0.0117,0.2512,0.346,0.7941,3.1803,0.323,-0.0077,-3.6115,-89.760,2.155,-0.0604,3.613,0.2729,0.0125,0.0022,0.1795,1,1.9872,2.0972,nan,2.0000,2.2835,0.0904,-0.0131,1.0834,-0.0037,0.0093,-0.0083,3.7918,-0.0713,2.1651,0.1750
3.750,3.444,0.7944,-0.2853,-89.912,0.8048,-0.5462,-89.867,0.2609,0.0100,0.2611,0.045,0.8098,3.1641,0.038,-0.0075,-3.7103,-89.905,2.180,-0.0408,3.719,0.2667,0.0125,0.0003,0.0249,1,2.1306,2.2058,nan,2.0000,1.9008,0.0753,-0.0059,1.1615,-0.0062,0.0047,-0.0117,3.8916,-0.0575,1.0978,0.1750
3.800,3.553,0.7945,-0.3945,-89.997,0.8038,-0.6684,-90.207,0.2739,0.0093,0.2740,-0.211,0.8227,3.1600,-0.171,-0.0074,-3.8284,-90.036,1.964,-0.0211,3.820,0.2756,0.0125,0.0105,0.8383,1,2.0886,1.9562,nan,2.0000,1.9327,0.0765,-0.0028,1.1386,-0.0071,0.0036,-0.0093,4.0911,-0.0390,-3.2759,0.1750
3.850,3.633,0.7944,-0.4749,-90.031,0.8032,-0.7466,-89.859,0.2717,0.0090,0.2718,0.171,0.7991,3.1531,0.170,-0.0075,-3.8997,-90.029,1.877,-0.0057,3.897,0.2665,0.0125,0.0045,0.3614,1,1.9154,1.8687,nan,2.0000,2.2612,0.0896,-0.0127,1.0442,-0.0057,0.0107,-0.0093,4.0911,-0.0570,-1.2592,0.1750
3.900,3.736,0.7944,-0.5778,-90.060,0.8043,-0.8693,-89.727,0.2914,0.0102,0.2916,0.333,0.7890,3.1340,0.327,-0.0075,-4.0032,-90.054,2.056,-0.0310,4.005,0.2672,0.0125,0.0040,0.3242,1,1.9411,2.0146,nan,2.0000,2.2664,0.0898,-0.0138,1.0583,-0.0046,0.0106,-0.0119,4.1909,-0.0615,5.9277,0.1750
3.950,3.858,0.7941,-0.6993,-90.204,0.8047,-0.9963,-89.864,0.2970,0.0117,0.2972,0.340,0.7890,3.1340,0.327,-0.0079,-4.1303,-90.191,2.176,-0.0469,4.130,0.2727,0.0125,0.0035,0.2830,1,2.0199,2.0818,nan,2.0000,1.9849,0.0786,-0.0144,1.1012,-0.0023,0.0095,-0.0094,4.2907,-0.0087,1.9896,0.1750
4.000,3.968,0.7936,-0.8091,-90.352,0.8050,-1.0948,-89.668,0.2857,0.0132,0.2860,0.684,0.7638,3.1454,0.671,-0.0085,-4.2404,-90.339,2.069,-0.0635,4.236,0.2731,0.0125,0.0069,0.5496,1,2.0868,2.0368,nan,2.0000,1.9340,0.0766,-0.0173,1.1377,0.0000,0.0115,-0.0075,4.4903,-0.0382,-3.8902,0.1750
4.050,4.053,0.7929,-0.8950,-90.501,0.8070,-1.1811,-89.864,0.2860,0.0166,0.2865,0.637,0.7680,3.1376,0.638,-0.0091,-4.3189,-90.502,1.944,-0.0526,4.317,0.2656,0.0125,0.0064,0.5107,1,1.9673,1.9514,nan,2.0000,2.2680,0.0898,-0.0191,1.0725,0.0025,0.0104,-0.0132,4.5901,-0.0653,-0.5087,0.1750
4.100,4.163,0.7918,-1.0042,-90.679,0.8064,-1.2890,-90.062,0.2846,0.0179,0.2852,0.617,0.7708,3.1296,0.593,-0.0102,-4.4187,-90.655,2.007,-0.0592,4.428,0.2562,0.0126,0.0060,0.4788,1,1.8738,1.8646,nan,2.0000,2.2443,0.0889,-0.0178,1.0216,0.0023,0.0080,-0.0132,4.5901,-0.0478,-0.3692,0.1750
4.150,4.244,0.7908,-1.0854,-90.807,0.8041,-1.3639,-90.411,0.2783,0.0172,0.2788,0.396,0.7842,3.1440,0.397,-0.0114,-4.5079,-90.809,2.130,-0.0591,4.512,0.2642,0.0125,0.0045,0.3573,1,1.9631,2.0477,nan,2.0000,2.2656,0.0897,-0.0142,1.0711,0.0029,0.0052,-0.0060,4.6898,-0.0642,2.8286,0.1750
4.200,4.372,0.7888,-1.2133,-90.970,0.8022,-1.4963,-90.460,0.2827,0.0182,0.2833,0.510,0.7734,3.1529,0.525,-0.0137,-4.6493,-90.984,2.165,-0.0257,4.641,0.2777,0.0125,0.0057,0.4571,1,2.0989,2.0656,nan,2.0000,1.9249,0.0762,-0.0106,1.1451,0.0003,0.0055,-0.0104,4.8894,-0.0435,-5.5256,0.1750
4.250,4.472,0.7870,-1.3139,-91.039,0.8015,-1.5781,-90.517,0.2639,0.0193,0.2646,0.522,0.7734,3.1529,0.525,-0.0152,-4.7311,-91.041,1.972,-0.0330,4.735,0.2589,0.0126,0.0064,0.5080,1,1.9564,1.8391,nan,2.0000,2.2615,0.0896,-0.0120,1.0674,0.0009,0.0052,-0.0104,4.8894,-0.0624,-4.8527,0.1750
4.300,4.559,0.7854,-1.4007,-91.120,0.7992,-1.6432,-90.637,0.2422,0.0185,0.2429,0.483,0.7758,3.1609,0.477,-0.0165,-4.8041,-91.113,2.039,-0.0378,4.823,0.2451,0.0125,0.0063,0.5004,1,1.9504,2.0503,nan,2.0000,2.2588,0.0895,-0.0081,1.0641,-0.0006,0.0030,-0.0077,4.9892,-0.0610,-0.9986,0.1750
4.351,4.706,0.7824,-1.5472,-91.248,0.7971,-1.7884,-90.937,0.2408,0.0200,0.2416,0.312,0.7906,3.1648,0.303,-0.0197,-4.9531,-91.240,2.117,-0.0227,4.971,0.2476,0.0126,0.0051,0.4050,1,2.0562,2.1035,nan,2.0000,1.9573,0.0775,-0.0081,1.1218,-0.0003,0.0029,-0.0071,5.0890,-0.0247,1.6320,0.1750
4.400,4.778,0.7808,-1.6195,-91.300,0.7945,-1.8761,-91.144,0.2563,0.0195,0.2570,0.155,0.8026,3.1744,0.156,-0.0219,-5.0505,-91.300,2.018,-0.0166,5.040,0.2727,0.0126,0.0045,0.3567,1,2.1332,2.0949,nan,2.0000,1.8988,0.0752,-0.0006,1.1650,-0.0028,-0.0016,-0.0049,5.2885,-0.0586,-3.9536,0.1750
4.450,4.879,0.7784,-1.7205,-91.334,0.7931,-1.9551,-91.046,0.2342,0.0202,0.2351,0.289,0.7905,3.1856,0.296,-0.0240,-5.1407,-91.341,1.895,-0.0030,5.136,0.2619,0.0126,0.0056,0.4433,1,1.9069,1.8507,nan,2.0000,2.2444,0.0889,-0.0014,1.0414,-0.0027,-0.0006,-0.0049,5.2885,-0.0521,-0.5541,0.1750
4.500,4.979,0.7761,-1.8201,-91.332,0.7916,-2.0403,-91.044,0.2198,0.0206,0.2208,0.288,0.7905,3.1856,0.296,-0.0260,-5.2258,-91.340,2.059,-0.0031,5.241,0.2474,0.0126,0.0060,0.4791,1,1.8184,1.8111,nan,2.0000,2.2209,0.0880,-0.0057,0.9931,-0.0018,0.0026,-0.0105,5.3883,-0.0354,-0.3962,0.1750
4.550,5.085,0.7736,-1.9259,-91.363,0.7917,-2.1736,-90.763,0.2472,0.0240,0.2483,0.600,0.7662,3.1830,0.583,-0.0290,-5.3565,-91.346,2.149,-0.0199,5.349,0.2723,0.0126,0.0101,0.8026,1,1.9948,2.1898,nan,2.0000,2.2644,0.0897,-0.0150,1.0906,0.0021,0.0079,-0.0072,5.4881,-0.0680,2.0083,0.1750
4.600,5.204,0.7707,-2.0451,-91.478,0.7881,-2.2883,-91.282,0.2426,0.0237,0.2438,0.196,0.7992,3.1887,0.219,-0.0321,-5.4769,-91.501,2.127,-0.0425,5.467,0.2736,0.0128,0.0058,0.4481,1,2.1154,2.1460,nan,2.0000,1.9123,0.0757,0.0010,1.1566,-0.0011,-0.0042,-0.0061,5.6877,-0.0508,1.2460,0.1750
4.650,5.292,0.7683,-2.1331,-91.563,0.7866,-2.3532,-91.359,0.2195,0.0243,0.2209,0.204,0.7992,3.1887,0.219,-0.0338,-5.5419,-91.578,1.989,0.0010,5.550,0.2505,0.0126,0.0066,0.5245,1,1.9956,1.9504,nan,2.0000,2.2624,0.0896,-0.0033,1.0911,-0.0008,-0.0005,-0.0061,5.6877,-0.0677,-2.0586,0.1750
4.700,5.378,0.7660,-2.2193,-91.547,0.7806,-2.4171,-91.460,0.1973,0.0200,0.1983,0.087,0.8071,3.2127,0.099,-0.0362,-5.6297,-91.559,1.942,0.0031,5.634,0.2521,0.0126,0.0062,0.4924,1,1.9295,1.9271,nan,2.0000,2.2446,0.0889,0.0024,1.0549,-0.0055,-0.0009,-0.0089,5.7875,-0.0551,-0.8213,0.1750
4.750,5.491,0.7629,-2.3327,-91.560,0.7786,-2.4902,-91.376,0.1570,0.0200,0.1583,0.184,0.8012,3.2319,0.162,-0.0387,-5.7221,-91.538,2.136,0.0066,5.753,0.2311,0.0125,0.0068,0.5410,1,2.0173,2.1652,nan,2.0000,1.9868,0.0787,0.0005,1.1031,-0.0055,0.0002,-0.0066,5.8872,-0.0076,2.5772,0.1750
4.800,5.610,0.7597,-2.4514,-91.545,0.7752,-2.6304,-91.373,0.1785,0.0204,0.1797,0.172,0.8012,3.2319,0.162,-0.0425,-5.8622,-91.535,2.049,-0.0031,5.868,0.2525,0.0126,0.0068,0.5399,1,2.1159,2.1558,nan,2.0000,1.9119,0.0757,-0.0012,1.1570,-0.0053,0.0012,-0.0070,5.9870,-0.0510,-2.8268,0.1750
4.850,5.696,0.7573,-2.5375,-91.563,0.7739,-2.7209,-91.151,0.1829,0.0216,0.1841,0.412,0.7753,3.2286,0.419,-0.0449,-5.9493,-91.570,1.968,-0.0033,5.951,0.2536,0.0126,0.0092,0.7332,1,2.0219,2.0029,nan,2.0000,1.9833,0.0785,-0.0067,1.1056,-0.0035,0.0057,-0.0075,6.0868,-0.0096,-1.8474,0.1750
4.900,5.794,0.7547,-2.6348,-91.580,0.7726,-2.7440,-91.019,0.1086,0.0209,0.1106,0.561,0.7614,3.2565,0.549,-0.0463,-6.0003,-91.568,1.942,-0.0208,6.047,0.2072,0.0125,0.0108,0.8582,1,1.8751,1.7833,nan,2.0000,2.2277,0.0882,-0.0067,1.0253,-0.0038,0.0058,-0.0075,6.0868,-0.0442,-0.4918,0.1750
4.950,5.920,0.7510,-2.7609,-91.691,0.7699,-2.8880,-91.129,0.1265,0.0226,0.1285,0.562,0.7614,3.2565,0.549,-0.0504,-6.1443,-91.678,2.128,-0.0197,6.178,0.2251,0.0125,0.0114,0.9084,1,1.9090,2.4296,nan,2.0000,2.2352,0.0885,-0.0062,1.0439,-0.0036,0.0054,-0.0053,6.1866,-0.0503,1.7985,0.1750
5.000,6.008,0.7484,-2.8490,-91.740,0.7633,-2.9984,-91.592,0.1489,0.0195,0.1502,0.148,0.8017,3.2666,0.143,-0.0540,-6.2649,-91.735,2.143,-0.0227,6.266,0.2576,0.0126,0.0073,0.5758,1,2.0597,1.9323,nan,2.0000,1.9547,0.0774,0.0059,1.1262,-0.0084,-0.0020,-0.0071,6.3862,-0.0262,-4.4751,0.1750
5.050,6.112,0.7453,-2.9528,-91.711,0.7564,-3.0916,-91.857,0.1384,0.0153,0.1393,-0.146,0.8284,3.2649,-0.137,-0.0568,-6.3567,-91.720,1.964,0.0182,6.364,0.2456,0.0126,0.0049,0.3902,1,1.8979,1.8511,nan,2.0000,2.2294,0.0883,0.0112,1.0378,-0.0131,-0.0017,-0.0063,6.4859,-0.0475,-4.2521,0.1750
5.100,6.204,0.7425,-3.0445,-91.660,0.7532,-3.1926,-91.803,0.1477,0.0150,0.1485,-0.143,0.8284,3.2649,-0.137,-0.0598,-6.4577,-91.666,2.068,0.0311,6.458,0.2549,0.0126,0.0057,0.4556,1,1.9242,1.9844,nan,2.0000,2.2351,0.0885,0.0093,1.0522,-0.0131,0.0004,-0.0038,6.5857,-0.0522,5.2085,0.1750
5.150,6.322,0.7392,-3.1633,-91.543,0.7512,-3.3138,-91.288,0.1502,0.0160,0.1510,0.255,0.7855,3.2646,0.251,-0.0631,-6.5782,-91.538,2.158,0.0300,6.580,0.2566,0.0126,0.0054,0.4261,1,2.0645,2.1423,nan,2.0000,1.9510,0.0773,-0.0061,1.1289,-0.0098,0.0110,-0.0087,6.6855,-0.0284,1.6366,0.1750
5.200,6.414,0.7368,-3.2553,-91.544,0.7478,-3.3785,-91.226,0.1229,0.0143,0.1237,0.319,0.7847,3.2755,0.243,-0.0651,-6.6538,-91.468,2.073,-0.0211,6.668,0.2402,0.0126,0.0056,0.4426,1,2.0569,2.0745,nan,2.0000,1.9567,0.0775,0.0010,1.1256,-0.0113,0.0056,-0.0036,6.7853,-0.0250,-3.9214,0.1750
5.250,6.538,0.7334,-3.3793,-91.579,0.7416,-3.5376,-91.436,0.1581,0.0126,0.1586,0.144,0.7935,3.2626,0.145,-0.0691,-6.8001,-91.581,1.960,0.0111,6.788,0.2625,0.0125,0.0109,0.8724,1,2.1067,2.1622,nan,2.0000,1.9189,0.0760,0.0018,1.1528,-0.0130,0.0064,-0.0071,6.8851,-0.0469,-1.2872,0.1750
5.300,6.622,0.7311,-3.4628,-91.563,0.7379,-3.6012,-91.562,0.1382,0.0106,0.1386,0.002,0.8096,3.2597,-0.007,-0.0708,-6.8610,-91.554,1.930,0.0007,6.870,0.2399,0.0125,0.0124,0.9962,1,1.9065,1.8088,nan,2.0000,2.2268,0.0882,0.0064,1.0433,-0.0152,0.0053,-0.0043,6.9849,-0.0480,-1.0189,0.1750
5.350,6.705,0.7288,-3.5457,-91.545,0.7373,-3.6901,-91.524,0.1442,0.0124,0.1447,0.021,0.8061,3.2536,0.035,-0.0730,-6.9437,-91.558,2.043,0.0190,6.956,0.2397,0.0125,0.0115,0.9200,1,1.8477,1.8748,nan,2.0000,2.2119,0.0876,0.0066,1.0111,-0.0148,0.0058,-0.0043,6.9849,-0.0370,5.0120,0.1750
5.400,6.769,0.7271,-3.6101,-91.494,0.7335,-3.7684,-91.565,0.1581,0.0105,0.1584,-0.071,0.8163,3.2786,-0.057,-0.0758,-7.0471,-91.508,2.103,0.0260,7.022,0.2787,0.0125,0.0125,1.0019,1,2.1336,2.2322,nan,2.0000,1.8984,0.0752,-0.0009,1.1676,-0.0133,0.0095,-0.0027,7.1844,-0.0588,1.3442,0.1750
5.450,6.898,0.7239,-3.7383,-91.444,0.7304,-3.8790,-91.479,0.1405,0.0101,0.1408,-0.035,0.8129,3.2841,-0.031,-0.0787,-7.1631,-91.449,2.161,-0.0034,7.151,0.2665,0.0126,0.0125,0.9905,1,2.0200,1.9717,nan,2.0000,1.9848,0.0786,0.0031,1.1054,-0.0132,0.0068,-0.0076,7.2842,-0.0088,-5.7883,0.1750
5.500,7.004,0.7212,-3.8449,-91.447,0.7282,-3.9666,-91.467,0.1215,0.0100,0.1219,-0.020,0.8129,3.2841,-0.031,-0.0809,-7.2508,-91.436,1.998,0.0093,7.252,0.2476,0.0125,0.0125,0.9981,1,1.7992,1.7321,nan,2.0000,2.1969,0.0870,0.0014,0.9846,-0.0127,0.0084,-0.0076,7.2842,-0.0272,-3.2140,0.1750
5.550,7.069,0.7196,-3.9097,-91.430,0.7266,-4.0259,-91.431,0.1160,0.0099,0.1164,-0.001,0.8097,3.2935,-0.004,-0.0826,-7.3194,-91.427,2.073,0.0032,7.319,0.2514,0.0125,0.0125,1.0000,1,1.7962,1.8111,nan,2.0000,2.1952,0.0869,0.0019,0.9842,-0.0121,0.0088,-0.0033,7.3840,-0.0265,2.5790,0.1750
5.600,7.211,0.7160,-4.0520,-91.412,0.7220,-4.1989,-91.712,0.1467,0.0096,0.1470,-0.300,0.8468,3.2897,-0.290,-0.0868,-7.4891,-91.422,2.147,0.0066,7.463,0.2789,0.0124,0.0139,1.1163,1,2.1198,2.2595,nan,2.0000,1.9089,0.0756,-0.0045,1.1615,-0.0102,0.0108,-0.0056,7.5836,-0.0527,0.3980,0.1750
5.650,7.283,0.7142,-4.1240,-91.429,0.7210,-4.2355,-91.690,0.1113,0.0096,0.1117,-0.261,0.8468,3.2897,-0.290,-0.0877,-7.5258,-91.399,2.069,-0.0096,7.532,0.2435,0.0125,0.0133,1.0683,1,2.0989,2.0358,nan,2.0000,1.9249,0.0762,0.0037,1.1506,-0.0114,0.0039,-0.0041,7.6834,-0.0435,-2.6879,0.1750
5.700,7.411,0.7110,-4.2519,-91.448,0.7189,-4.3449,-91.563,0.0928,0.0102,0.0933,-0.115,0.8225,3.2955,-0.098,-0.0906,-7.6406,-91.466,1.945,0.0121,7.655,0.2304,0.0124,0.0125,1.0116,1,2.0150,2.0263,nan,2.0000,1.9886,0.0788,-0.0031,1.1046,-0.0091,0.0087,-0.0041,7.6834,-0.0066,-1.0823,0.1750
5.750,7.524,0.7082,-4.3647,-91.431,0.7160,-4.4915,-91.465,0.1266,0.0110,0.1270,-0.033,0.8170,3.2698,-0.054,-0.0936,-7.7614,-91.410,1.955,-0.0091,7.767,0.2384,0.0124,0.0124,0.9981,1,2.0188,2.0401,nan,2.0000,1.9857,0.0786,-0.0079,1.1067,-0.0066,0.0115,-0.0049,7.8829,-0.0083,0.5360,0.1750
5.800,7.643,0.7052,-4.4832,-91.496,0.7128,-4.6137,-91.557,0.1303,0.0110,0.1308,-0.061,0.8170,3.2698,-0.054,-0.0968,-7.8836,-91.503,2.042,-0.0157,7.888,0.2421,0.0124,0.0124,0.9942,1,2.0678,2.1994,nan,2.0000,1.9485,0.0772,-0.0039,1.1336,-0.0060,0.0072,-0.0021,7.9827,-0.0298,3.2789,0.1750
5.850,7.752,0.7023,-4.5926,-91.527,0.7104,-4.7228,-91.338,0.1300,0.0116,0.1305,0.188,0.7841,3.2774,0.188,-0.0999,-7.9999,-91.526,2.105,-0.0128,7.999,0.2491,0.0124,0.0082,0.6577,1,2.1670,2.2248,nan,2.0000,1.8731,0.0742,-0.0109,1.1879,-0.0033,0.0122,-0.0049,8.0825,-0.0735,2.2900,0.1750
5.900,7.841,0.6999,-4.6817,-91.595,0.7075,-4.8008,-91.535,0.1189,0.0109,0.1194,0.061,0.8061,3.2682,0.023,-0.1017,-8.0690,-91.557,1.958,-0.0287,8.083,0.2290,0.0124,0.0112,0.9002,1,2.1028,2.0985,nan,2.0000,1.9219,0.0761,-0.0040,1.1532,-0.0043,0.0061,-0.0025,8.1823,-0.0452,-4.0920,0.1750
5.950,7.941,0.6970,-4.7817,-91.662,0.7061,-4.8922,-91.505,0.1102,0.0123,0.1109,0.157,0.7888,3.2622,0.151,-0.1042,-8.1541,-91.656,1.903,-0.0127,8.180,0.2141,0.0124,0.0050,0.4054,1,1.9176,1.6784,nan,2.0000,2.2188,0.0879,-0.0046,1.0516,-0.0041,0.0065,-0.0025,8.1823,-0.0475,-1.1863,0.1750
6.000,8.033,0.6944,-4.8732,-91.693,0.7030,-5.0101,-91.547,0.1365,0.0126,0.1371,0.146,0.7888,3.2622,0.151,-0.1076,-8.2720,-91.698,2.032,-0.0259,8.275,0.2405,0.0124,0.0061,0.4904,1,1.9954,2.1924,nan,2.0000,2.2368,0.0886,-0.0084,1.0943,-0.0009,0.0075,-0.0012,8.3819,-0.0616,2.9827,0.1750
6.050,8.099,0.6924,-4.9395,-91.758,0.7015,-5.0738,-91.748,0.1339,0.0132,0.1346,0.010,0.8109,3.2793,0.005,-0.1101,-8.3530,-91.752,2.099,-0.0356,8.344,0.2553,0.0124,0.0124,1.0019,1,1.9591,1.8308,nan,2.0000,2.2268,0.0882,-0.0030,1.0744,-0.0012,0.0028,-0.0040,8.4816,-0.0546,1.4421,0.1750
6.100,8.246,0.6877,-5.0860,-91.857,0.6945,-5.2297,-91.539,0.1434,0.0114,0.1439,0.318,0.7633,3.2903,0.314,-0.1155,-8.5195,-91.853,2.076,-0.0095,8.489,0.2752,0.0122,0.0098,0.8047,1,2.2168,2.5381,nan,2.0000,1.8352,0.0727,-0.0035,1.2157,-0.0021,0.0041,-0.0009,8.5814,-0.0954,2.5603,0.1750
6.150,8.371,0.6836,-5.2109,-91.908,0.6921,-5.3169,-91.577,0.1057,0.0120,0.1064,0.331,0.7633,3.2903,0.314,-0.1184,-8.6067,-91.891,1.965,-0.0304,8.609,0.2375,0.0123,0.0087,0.7087,1,2.0199,1.9561,nan,2.0000,1.9849,0.0786,-0.0110,1.1077,-0.0007,0.0098,-0.0043,8.6812,-0.0088,-4.6299,0.1750
6.200,8.449,0.6810,-5.2892,-91.975,0.6900,-5.4071,-91.639,0.1175,0.0131,0.1182,0.336,0.7587,3.2837,0.346,-0.1212,-8.6901,-91.985,1.980,-0.0256,8.688,0.2427,0.0124,0.0078,0.6308,1,1.8924,1.8839,nan,2.0000,2.2076,0.0874,-0.0094,1.0390,0.0007,0.0071,0.0002,8.7810,-0.0415,4.8112,0.1750
6.250,8.538,0.6779,-5.3776,-92.038,0.6880,-5.4563,-91.782,0.0783,0.0129,0.0793,0.256,0.7732,3.3018,0.251,-0.1236,-8.7576,-92.033,2.108,-0.0227,8.780,0.2217,0.0123,0.0067,0.5465,1,2.0121,2.1184,nan,2.0000,1.9908,0.0788,-0.0089,1.1047,0.0016,0.0063,-0.0025,8.8808,-0.0053,1.7787,0.1750
6.300,8.646,0.6739,-5.4864,-92.120,0.6811,-5.6094,-92.205,0.1227,0.0117,0.1232,-0.085,0.8249,3.2875,-0.098,-0.1286,-8.8972,-92.107,2.158,-0.0299,8.890,0.2525,0.0123,0.0122,0.9961,1,2.1343,2.1668,nan,2.0000,1.8979,0.0752,-0.0041,1.1718,0.0006,0.0029,-0.0023,8.9805,-0.0591,0.6820,0.1750
6.350,8.750,0.6700,-5.5902,-92.188,0.6765,-5.7118,-92.393,0.1213,0.0111,0.1218,-0.205,0.8388,3.2737,-0.193,-0.1320,-8.9860,-92.200,2.001,-0.0153,8.988,0.2375,0.0122,0.0128,1.0493,1,2.0324,1.9261,nan,2.0000,1.9753,0.0782,0.0051,1.1158,-0.0028,-0.0026,-0.0003,9.0803,-0.0143,-3.5045,0.1750
6.400,8.848,0.6663,-5.6881,-92.140,0.6725,-5.8083,-92.340,0.1199,0.0107,0.1204,-0.200,0.8388,3.2737,-0.193,-0.1357,-9.0826,-92.147,1.960,0.0253,9.084,0.2362,0.0122,0.0128,1.0491,1,1.8123,1.8164,nan,2.0000,2.1842,0.0865,0.0014,0.9950,-0.0032,0.0014,-0.0027,9.1801,-0.0258,4.7470,0.1750
6.450,8.963,0.6621,-5.8028,-92.071,0.6657,-5.9396,-92.351,0.1366,0.0086,0.1369,-0.280,0.8513,3.2771,-0.279,-0.1406,-9.2175,-92.071,2.105,0.0046,9.202,0.2565,0.0121,0.0135,1.1126,1,2.0593,2.2224,nan,2.0000,1.9550,0.0774,0.0059,1.1297,-0.0052,-0.0011,0.0007,9.3797,-0.0261,1.3027,0.1750
6.500,9.057,0.6587,-5.8965,-92.070,0.6633,-6.0080,-92.352,0.1112,0.0086,0.1116,-0.282,0.8536,3.2905,-0.288,-0.1435,-9.2994,-92.064,2.144,0.0137,9.297,0.2446,0.0121,0.0135,1.1139,1,2.1052,2.1077,nan,2.0000,1.9200,0.0760,0.0055,1.1549,-0.0049,-0.0012,0.0007,9.3797,-0.0463,1.2881,0.1750
6.550,9.159,0.6551,-5.9987,-92.023,0.6599,-6.0793,-92.300,0.0804,0.0077,0.0807,-0.277,0.8537,3.3130,-0.286,-0.1469,-9.3931,-92.015,1.970,0.0152,9.393,0.2361,0.0119,0.0132,1.1098,1,2.0172,2.0133,nan,2.0000,1.9869,0.0787,0.0040,1.1066,-0.0052,0.0007,-0.0013,9.4795,-0.0076,-3.8718,0.1750
6.600,9.266,0.6513,-6.1059,-91.974,0.6554,-6.1927,-92.133,0.0866,0.0071,0.0869,-0.158,0.8328,3.3229,-0.158,-0.1511,-9.5160,-91.975,1.964,0.0121,9.499,0.2518,0.0119,0.0123,1.0362,1,1.9980,2.0118,nan,2.0000,2.0664,0.0818,0.0036,1.0960,-0.0051,0.0014,-0.0015,9.5793,-0.0128,3.5281,0.1750
6.650,9.381,0.6474,-6.2202,-91.940,0.6518,-6.2928,-92.091,0.0724,0.0068,0.0727,-0.151,0.8328,3.3229,-0.158,-0.1545,-9.6161,-91.933,2.010,0.0124,9.614,0.2376,0.0118,0.0122,1.0327,1,2.0471,2.0770,nan,2.0000,1.9642,0.0778,-0.0007,1.1230,-0.0041,0.0043,0.0010,9.6790,-0.0207,2.1042,0.1750
6.700,9.459,0.6448,-6.2984,-91.924,0.6488,-6.3558,-91.634,0.0573,0.0060,0.0576,0.290,0.7575,3.3419,0.287,-0.1572,-9.6970,-91.921,1.989,0.0000,9.691,0.2403,0.0118,0.0115,0.9696,1,2.0453,2.0382,nan,2.0000,1.9656,0.0778,-0.0089,1.1220,-0.0030,0.0111,0.0010,9.6790,-0.0199,-1.4862,0.1750
6.750,9.555,0.6415,-6.3949,-91.925,0.6454,-6.4149,-91.772,0.0199,0.0045,0.0204,0.153,0.7787,3.3475,0.153,-0.1594,-9.7620,-91.925,1.949,-0.0030,9.806,0.2088,0.0118,0.0116,0.9857,1,1.8415,1.7170,nan,2.0000,2.1205,0.0840,-0.0090,1.0102,-0.0026,0.0106,-0.0024,9.7788,0.0697,-1.0628,0.1750
6.800,9.674,0.6375,-6.5138,-92.006,0.6413,-6.5683,-91.921,0.0543,0.0057,0.0546,0.085,0.7874,3.3304,0.105,-0.1641,-9.8985,-92.026,2.015,-0.0067,9.906,0.2264,0.0117,0.0117,0.9959,1,1.9524,1.9105,nan,2.0000,2.0362,0.0806,-0.0014,1.0710,-0.0035,0.0048,0.0023,9.8786,0.0209,-0.4782,0.1750
6.850,9.769,0.6341,-6.6079,-92.022,0.6378,-6.6725,-91.918,0.0645,0.0060,0.0648,0.104,0.7874,3.3304,0.105,-0.1678,-10.0027,-92.023,1.995,-0.0028,9.999,0.2365,0.0117,0.0118,1.0082,1,1.8650,1.8475,nan,2.0000,2.1026,0.0833,-0.0035,1.0230,-0.0027,0.0060,-0.0004,9.9784,0.0594,-0.7297,0.1750
6.900,9.867,0.6307,-6.7065,-92.039,0.6359,-6.7559,-91.804,0.0492,0.0069,0.0497,0.235,0.7664,3.3342,0.229,-0.1709,-10.0895,-92.033,2.038,-0.0205,10.099,0.2247,0.0117,0.0113,0.9592,1,1.8523,1.9068,nan,2.0000,2.1122,0.0837,-0.0065,1.0160,-0.0010,0.0071,-0.0005,10.0782,0.0650,1.2786,0.1750
6.950,9.962,0.6272,-6.8014,-92.087,0.6315,-6.8432,-92.152,0.0416,0.0058,0.0420,-0.064,0.8157,3.3414,-0.056,-0.1743,-10.1848,-92.096,2.076,-0.0172,10.195,0.2251,0.0120,0.0119,0.9889,1,2.0000,2.1419,nan,2.0000,2.0000,0.0792,0.0040,1.0971,-0.0033,-0.0002,0.0021,10.1779,-0.0000,0.5751,0.1750
7.000,10.081,0.6229,-6.9202,-92.088,0.6258,-6.9690,-92.295,0.0487,0.0047,0.0489,-0.206,0.8320,3.3316,-0.153,-0.1786,-10.3011,-92.142,2.011,0.0124,10.311,0.2227,0.0118,0.0129,1.0957,1,2.1531,2.2438,nan,2.0000,1.8837,0.0746,-0.0001,1.1810,-0.0026,0.0033,0.0039,10.3775,-0.0673,-1.4131,0.1750
7.050,10.161,0.6200,-6.9996,-92.056,0.6225,-7.0567,-92.209,0.0569,0.0045,0.0571,-0.153,0.8320,3.3316,-0.153,-0.1818,-10.3888,-92.056,1.963,0.0121,10.388,0.2309,0.0116,0.0125,1.0795,1,2.0338,1.9936,nan,2.0000,1.9743,0.0782,0.0024,1.1156,-0.0037,0.0020,-0.0017,10.4773,-0.0149,-0.9350,0.1750
7.100,10.242,0.6171,-7.0809,-92.057,0.6213,-7.1403,-91.896,0.0592,0.0063,0.0596,0.160,0.7781,3.3354,0.153,-0.1849,-10.4753,-92.050,1.924,0.0061,10.467,0.2361,0.0123,0.0120,0.9763,1,1.8662,1.8214,nan,2.0000,2.1017,0.0832,-0.0059,1.0236,-0.0006,0.0067,-0.0017,10.4773,0.0589,0.4469,0.1750
7.150,10.348,0.6133,-7.1866,-92.055,0.6170,-7.2402,-92.017,0.0534,0.0056,0.0537,0.038,0.8033,3.3092,0.006,-0.1875,-10.5493,-92.024,2.001,-0.0186,10.575,0.2044,0.0119,0.0118,0.9903,1,1.7782,1.8235,nan,2.0000,2.1685,0.0859,-0.0081,0.9754,-0.0001,0.0077,0.0029,10.5771,0.0976,1.4635,0.1750
7.200,10.478,0.6085,-7.3166,-92.120,0.6103,-7.4005,-92.188,0.0838,0.0049,0.0839,-0.068,0.8156,3.3120,-0.063,-0.1935,-10.7127,-92.124,2.095,0.0078,10.707,0.2378,0.0120,0.0118,0.9860,1,2.1008,2.1867,nan,2.0000,1.9234,0.0762,0.0020,1.1518,-0.0024,0.0015,0.0008,10.7767,-0.0443,-1.0737,0.1750
7.250,10.563,0.6054,-7.4013,-92.104,0.6078,-7.4934,-92.381,0.0920,0.0058,0.0921,-0.277,0.8564,3.2932,-0.278,-0.1962,-10.7877,-92.103,2.026,0.0125,10.789,0.2281,0.0111,0.0133,1.1925,1,2.0131,1.9677,nan,2.0000,1.9900,0.0788,0.0013,1.1037,-0.0023,0.0023,0.0003,10.8764,-0.0058,-1.7383,0.1750
7.300,10.662,0.6018,-7.5002,-92.073,0.6037,-7.5923,-92.355,0.0920,0.0053,0.0921,-0.283,0.8564,3.2932,-0.278,-0.1998,-10.8866,-92.077,1.952,0.0060,10.885,0.2281,0.0110,0.0132,1.2050,1,1.9121,1.8780,nan,2.0000,2.0668,0.0819,0.0062,1.0484,-0.0023,-0.0021,0.0040,10.9762,0.0387,-0.6942,0.1750
7.350,10.784,0.5974,-7.6224,-92.039,0.6011,-7.6903,-92.180,0.0677,0.0061,0.0680,-0.142,0.8273,3.2952,-0.119,-0.2034,-10.9859,-92.062,1.998,0.0216,11.008,0.2052,0.0119,0.0118,0.9973,1,1.8897,1.8532,nan,2.0000,2.0839,0.0825,0.0000,1.0360,-0.0005,0.0020,0.0040,10.9762,0.0486,1.4105,0.1750
7.400,10.868,0.5944,-7.7069,-92.005,0.5958,-7.7734,-92.308,0.0664,0.0037,0.0665,-0.303,0.8629,3.3244,-0.308,-0.2074,-11.0991,-92.000,2.031,-0.0022,11.093,0.2339,0.0110,0.0137,1.2457,1,1.9791,2.0479,nan,2.0000,2.0159,0.0798,0.0080,1.0851,-0.0033,-0.0026,0.0017,11.1758,0.0092,0.2448,0.1750
7.450,10.984,0.5904,-7.8227,-92.005,0.5918,-7.8705,-92.335,0.0477,0.0031,0.0478,-0.330,0.8629,3.3244,-0.308,-0.2108,-11.1962,-92.027,2.022,0.0249,11.208,0.2152,0.0118,0.0142,1.2008,1,2.0914,2.2277,nan,2.0000,1.9305,0.0765,0.0055,1.1462,-0.0034,-0.0008,0.0034,11.2756,-0.0402,-0.5893,0.1750
7.500,11.059,0.5878,-7.8970,-91.956,0.5905,-7.9484,-92.280,0.0513,0.0045,0.0515,-0.324,0.8690,3.3278,-0.329,-0.2136,-11.2776,-91.951,1.992,0.0196,11.281,0.2223,0.0117,0.0137,1.1793,1,2.0900,2.1158,nan,2.0000,1.9316,0.0765,0.0035,1.1454,-0.0015,-0.0001,0.0029,11.3754,-0.0396,-2.1685,0.1750
7.550,11.180,0.5837,-8.0181,-91.908,0.5886,-8.0188,-91.928,0.0005,0.0049,0.0049,-0.019,0.8082,3.3701,-0.011,-0.2174,-11.3890,-91.916,1.927,0.0110,11.399,0.2126,0.0119,0.0119,1.0000,1,1.9195,1.9077,nan,2.0000,2.0612,0.0816,-0.0035,1.0519,0.0003,0.0047,0.0029,11.3754,0.0354,-1.0611,0.1750
7.600,11.284,0.5803,-8.1225,-91.907,0.5855,-8.1052,-92.035,-0.0175,0.0046,0.0181,-0.128,0.8377,3.3690,-0.160,-0.2202,-11.4748,-91.875,2.008,-0.0124,11.506,0.1940,0.0119,0.0111,0.9279,1,1.9574,2.0350,nan,2.0000,2.0324,0.0805,0.0031,1.0727,-0.0003,-0.0004,0.0035,11.4752,0.0188,1.3076,0.1750
7.650,11.367,0.5775,-8.2055,-91.939,0.5808,-8.2254,-92.092,0.0198,0.0040,0.0202,-0.153,0.8359,3.3579,-0.155,-0.2239,-11.5840,-91.938,2.029,0.0033,11.589,0.2202,0.0110,0.0124,1.1261,1,1.9405,1.9229,nan,2.0000,2.0452,0.0810,0.0019,1.0634,-0.0001,0.0006,0.0010,11.5749,0.0262,-0.7394,0.1750
7.700,11.484,0.5736,-8.3223,-91.906,0.5769,-8.3313,-92.059,0.0089,0.0036,0.0096,-0.153,0.8359,3.3579,-0.155,-0.2274,-11.6899,-91.904,2.009,0.0062,11.705,0.2093,0.0118,0.0121,1.0273,1,1.9020,1.9081,nan,2.0000,2.0745,0.0822,0.0009,1.0423,-0.0002,0.0016,0.0047,11.6747,0.0431,-0.4838,0.1750
7.750,11.565,0.5709,-8.4029,-91.906,0.5729,-8.4071,-92.282,0.0041,0.0022,0.0046,-0.376,0.8820,3.3722,-0.382,-0.2305,-11.7811,-91.900,2.024,0.0031,11.785,0.2199,0.0108,0.0136,1.2588,1,1.9671,2.0043,nan,2.0000,2.0250,0.0802,0.0083,1.0780,-0.0022,-0.0033,0.0043,11.7745,0.0145,0.6393,0.1750
7.800,11.678,0.5672,-8.5159,-91.857,0.5685,-8.5185,-92.214,0.0026,0.0014,0.0029,-0.357,0.8709,3.3702,-0.329,-0.2341,-11.8902,-91.885,2.012,0.0280,11.897,0.2160,0.0109,0.0139,1.2695,1,2.0214,2.1495,nan,2.0000,1.9837,0.0786,0.0039,1.1069,-0.0021,0.0006,0.0045,11.9741,-0.0094,0.1210,0.1750
7.850,11.779,0.5640,-8.6166,-91.775,0.5635,-8.6193,-92.273,0.0027,-0.0005,0.0027,-0.499,0.9042,3.3556,-0.497,-0.2368,-11.9774,-91.776,2.006,0.0125,11.997,0.2025,0.0106,0.0163,1.5469,1,2.0139,1.9918,nan,2.0000,1.9894,0.0788,0.0100,1.1016,-0.0042,-0.0032,0.0039,12.0738,-0.0061,-0.7916,0.1750
7.900,11.815,0.5629,-8.6526,-91.758,0.5612,-8.6777,-92.254,0.0251,-0.0010,0.0252,-0.496,0.9042,3.3556,-0.497,-0.2386,-12.0358,-91.757,1.995,0.0123,12.033,0.2249,0.0100,0.0166,1.6530,1,1.9943,2.0055,nan,2.0000,2.0043,0.0794,0.0095,1.0921,-0.0043,-0.0026,0.0039,12.0738,0.0025,-0.5463,0.1750
7.950,11.968,0.5583,-8.8063,-91.644,0.5581,-8.7931,-91.819,-0.0132,-0.0005,0.0132,-0.175,0.8349,3.3509,-0.165,-0.2418,-12.1447,-91.653,1.967,0.0304,12.185,0.1801,0.0096,0.0106,1.0971,1,1.7164,1.5812,nan,2.0000,2.1964,0.0870,-0.0030,0.9399,-0.0016,0.0064,0.0039,12.0738,0.1200,0.0551,0.1750
8.000,12.064,0.5556,-8.9021,-91.610,0.5542,-8.9251,-91.538,0.0230,-0.0008,0.0231,0.072,0.7829,3.3654,0.080,-0.2459,-12.2902,-91.618,2.057,-0.0105,12.283,0.2298,0.0095,0.0105,1.1008,1,1.9449,1.9376,nan,2.0000,2.0419,0.0809,-0.0038,1.0639,-0.0002,0.0063,0.0037,12.2734,0.0242,1.6754,0.1750
8.050,12.188,0.5521,-9.0254,-91.643,0.5510,-9.0349,-91.485,0.0095,-0.0008,0.0095,0.158,0.7653,3.3698,0.161,-0.2491,-12.4040,-91.646,2.036,-0.0097,12.405,0.2203,0.0100,0.0099,0.9853,1,1.9093,1.8685,nan,2.0000,2.0689,0.0819,-0.0047,1.0444,0.0004,0.0068,0.0054,12.3732,0.0399,-0.6534,0.1750
8.100,12.273,0.5496,-9.1105,-91.676,0.5483,-9.1381,-91.512,0.0276,-0.0005,0.0276,0.164,0.7653,3.3698,0.161,-0.2521,-12.5072,-91.673,2.028,-0.0157,12.489,0.2384,0.0092,0.0101,1.0998,1,1.9265,1.9645,nan,2.0000,2.0558,0.0814,-0.0046,1.0531,0.0012,0.0060,0.0049,12.4730,0.0323,-0.5647,0.1750
8.150,12.388,0.5462,-9.2262,-91.726,0.5463,-9.1953,-91.357,-0.0309,-0.0008,0.0309,0.369,0.7216,3.4023,0.361,-0.2548,-12.5963,-91.718,2.030,-0.0219,12.604,0.2118,0.0103,0.0101,0.9802,1,1.9623,2.0376,nan,2.0000,2.0286,0.0803,-0.0064,1.0727,0.0013,0.0077,0.0050,12.5728,0.0166,-0.0241,0.1750
8.200,12.488,0.5431,-9.3255,-91.792,0.5450,-9.2807,-91.272,-0.0448,0.0005,0.0448,0.519,0.6867,3.4020,0.523,-0.2574,-12.6809,-91.795,2.010,-0.0156,12.702,0.1971,0.0101,0.0113,1.1266,1,1.9760,1.9492,nan,2.0000,2.0183,0.0799,-0.0099,1.0801,0.0037,0.0084,0.0050,12.6726,0.0106,-0.8662,0.1750
8.250,12.569,0.5406,-9.4072,-91.825,0.5432,-9.3896,-91.079,-0.0177,0.0020,0.0178,0.746,0.6372,3.3868,0.746,-0.2604,-12.7741,-91.825,1.976,-0.0122,12.782,0.2086,0.0090,0.0123,1.3659,1,1.9704,1.9796,nan,2.0000,2.0225,0.0801,-0.0093,1.0771,0.0043,0.0077,0.0051,12.7723,0.0130,-0.6873,0.1750
8.300,12.669,0.5374,-9.5063,-91.907,0.5414,-9.4825,-91.151,-0.0239,0.0032,0.0241,0.756,0.6372,3.3868,0.746,-0.2634,-12.8670,-91.898,1.987,-0.0276,12.881,0.2024,0.0089,0.0124,1.3920,1,1.8340,1.7749,nan,2.0000,2.1261,0.0842,-0.0136,1.0025,0.0063,0.0082,0.0047,12.8721,0.0730,0.2165,0.1750
8.350,12.769,0.5340,-9.6062,-92.023,0.5389,-9.6082,-91.421,0.0018,0.0049,0.0053,0.602,0.6735,3.3609,0.584,-0.2668,-12.9670,-92.005,2.015,-0.0498,12.982,0.2025,0.0088,0.0107,1.2127,1,1.8764,1.8980,nan,2.0000,2.0939,0.0829,-0.0058,1.0257,0.0066,0.0015,0.0065,12.9719,0.0544,1.0626,0.1750
8.400,12.870,0.5303,-9.7079,-92.104,0.5359,-9.7203,-91.550,0.0122,0.0061,0.0136,0.554,0.6735,3.3609,0.584,-0.2709,-13.0791,-92.135,2.049,-0.0189,13.084,0.2129,0.0085,0.0101,1.1914,1,2.0267,2.1901,nan,2.0000,1.4567,0.0577,-0.0038,1.1064,0.0071,0.0008,0.0082,13.1715,0.1200,0.3865,0.1750
8.450,12.961,0.5270,-9.7981,-92.121,0.5324,-9.7741,-91.885,-0.0242,0.0045,0.0246,0.237,0.7451,3.3780,0.265,-0.2736,-13.1509,-92.150,2.013,-0.0128,13.171,0.1945,0.0094,0.0096,1.0187,1,2.0783,2.0907,nan,2.0000,1.5083,0.0597,0.0055,1.1345,0.0039,-0.0044,0.0082,13.1715,0.1200,-6.4080,0.1750
8.500,13.089,0.5222,-9.9261,-92.094,0.5266,-9.9209,-92.311,-0.0054,0.0042,0.0069,-0.218,0.8585,3.3600,-0.231,-0.2784,-13.2821,-92.080,1.746,0.0054,13.288,0.1977,0.0091,0.0096,1.0514,1,1.8495,1.7393,nan,2.0000,2.1144,0.0837,0.0147,1.0097,0.0015,-0.0102,0.0040,13.2712,0.0662,-4.3438,0.1750
8.550,13.167,0.5194,-10.0042,-92.006,0.5232,-10.0052,-92.237,0.0009,0.0039,0.0040,-0.230,0.8516,3.3604,-0.201,-0.2814,-13.3667,-92.035,1.956,0.0512,13.372,0.2042,0.0089,0.0098,1.1053,1,1.7971,1.8347,nan,2.0000,2.1542,0.0853,0.0107,0.9810,0.0011,-0.0066,0.0058,13.3710,0.0893,5.2218,0.1750
8.600,13.277,0.5157,-10.1138,-91.888,0.5196,-10.1046,-92.080,-0.0093,0.0036,0.0100,-0.192,0.8516,3.3604,-0.201,-0.2848,-13.4661,-91.879,2.066,0.0255,13.484,0.1940,0.0092,0.0093,1.0132,1,1.9974,2.1792,nan,2.0000,2.0020,0.0793,0.0113,1.0904,-0.0001,-0.0059,0.0092,13.4708,0.0011,0.5629,0.1750
8.650,13.361,0.5129,-10.1986,-91.823,0.5161,-10.1778,-92.192,-0.0209,0.0026,0.0210,-0.370,0.8918,3.3721,-0.373,-0.2875,-13.5521,-91.819,2.062,0.0341,13.569,0.1952,0.0079,0.0096,1.2159,1,2.0700,2.0949,nan,2.0000,1.5000,0.0594,0.0141,1.1300,-0.0018,-0.0075,0.0054,13.5706,0.1200,-1.9975,0.1750
8.700,13.490,0.5090,-10.3275,-91.665,0.5107,-10.2667,-92.122,-0.0608,-0.0001,0.0608,-0.457,0.9075,3.4111,-0.441,-0.2914,-13.6805,-91.680,1.677,0.0350,13.683,0.1947,0.0086,0.0104,1.2083,1,1.8837,1.8282,nan,2.0000,2.0884,0.0827,0.0165,1.0283,-0.0040,-0.0065,0.0054,13.5706,0.0512,-8.0997,0.1750
8.750,13.553,0.5072,-10.3903,-91.579,0.5091,-10.3373,-91.972,-0.0530,0.0004,0.0530,-0.393,0.8992,3.4087,-0.403,-0.2933,-13.7484,-91.568,1.884,0.0496,13.751,0.1998,0.0075,0.0107,1.4259,1,1.7585,1.6693,nan,2.0000,2.1836,0.0865,0.0145,0.9599,-0.0040,-0.0044,0.0056,13.6704,0.1063,6.5302,0.1750
8.800,13.638,0.5050,-10.4747,-91.461,0.5056,-10.4417,-91.847,-0.0330,-0.0002,0.0330,-0.387,0.8992,3.4087,-0.403,-0.2960,-13.8528,-91.444,2.027,0.0469,13.840,0.2198,0.0070,0.0096,1.3675,1,1.8088,1.8852,nan,2.0000,2.1453,0.0850,0.0104,0.9874,-0.0035,-0.0014,0.0084,13.7702,0.0841,2.5282,0.1750
8.850,13.752,0.5022,-10.5894,-91.328,0.5030,-10.5375,-91.401,-0.0519,-0.0004,0.0519,-0.073,0.8194,3.4233,-0.073,-0.2986,-13.9612,-91.328,2.120,0.0342,13.957,0.2135,0.0066,0.0080,1.2133,1,2.0707,2.3133,nan,2.0000,1.5007,0.0594,0.0063,1.1304,-0.0030,0.0017,0.0090,13.8700,0.1200,-0.0740,0.1750
8.900,13.868,0.4996,-10.7046,-91.264,0.5004,-10.6486,-91.316,-0.0560,-0.0004,0.0560,-0.052,0.8194,3.4233,-0.073,-0.3010,-14.0723,-91.243,2.007,0.0194,14.065,0.2094,0.0074,0.0071,0.9520,1,2.2207,2.2979,nan,2.0000,1.6506,0.0654,0.0032,1.2122,-0.0020,0.0034,0.0112,14.0695,0.1200,-0.8334,0.1750
8.950,13.942,0.4980,-10.7789,-91.220,0.5003,-10.7124,-91.045,-0.0666,0.0009,0.0666,0.175,0.7623,3.4092,0.163,-0.3020,-14.1208,-91.207,1.759,0.0080,14.129,0.1836,0.0057,0.0092,1.6052,1,1.9636,1.6178,nan,2.0000,2.0276,0.0803,-0.0026,1.0719,0.0001,0.0068,0.0112,14.0695,0.0160,-8.5956,0.1750
9.000,14.044,0.4958,-10.8814,-91.219,0.4985,-10.8130,-91.052,-0.0684,0.0012,0.0684,0.167,0.7623,3.4092,0.163,-0.3042,-14.2215,-91.215,1.852,-0.0059,14.234,0.1818,0.0060,0.0072,1.2006,1,1.9177,2.0613,nan,2.0000,2.0626,0.0817,0.0010,1.0472,0.0004,0.0035,0.0055,14.1693,0.0362,5.9339,0.1750
9.050,14.130,0.4940,-10.9672,-91.232,0.4957,-10.8628,-91.147,-0.1044,-0.0005,0.1044,0.084,0.7799,3.4294,0.086,-0.3057,-14.2918,-91.234,2.015,0.0016,14.324,0.1663,0.0048,0.0102,2.1112,1,1.9658,1.9746,nan,2.0000,2.0260,0.0802,0.0047,1.0735,-0.0014,0.0020,0.0088,14.2691,0.0150,0.7101,0.1750
9.100,14.207,0.4924,-11.0440,-91.215,0.4929,-10.9985,-91.239,-0.0455,-0.0005,0.0455,-0.024,0.8044,3.4241,-0.012,-0.3085,-14.4227,-91.227,2.017,0.0156,14.400,0.2204,0.0061,0.0044,0.7249,1,1.9841,1.9322,nan,2.0000,2.0121,0.0797,0.0052,1.0824,-0.0015,0.0015,0.0074,14.3689,0.0070,-0.4832,0.1750
9.150,14.307,0.4903,-11.1443,-91.169,0.4908,-11.0503,-91.353,-0.0940,-0.0014,0.0940,-0.183,0.8486,3.4319,-0.190,-0.3097,-14.4832,-91.163,1.841,0.0142,14.493,0.1806,0.0058,0.0064,1.1054,1,1.6845,1.5019,nan,2.0000,2.1645,0.0857,0.0049,0.9199,-0.0014,0.0021,0.0074,14.3689,0.1200,-8.7580,0.1750
9.200,14.402,0.4884,-11.2392,-91.133,0.4863,-11.1584,-91.347,-0.0808,-0.0037,0.0808,-0.214,0.8552,3.4450,-0.222,-0.3121,-14.6047,-91.125,2.019,0.0156,14.592,0.2072,0.0057,0.0064,1.1303,1,1.7633,1.7812,nan,2.0000,2.1799,0.0863,0.0109,0.9620,-0.0031,-0.0011,0.0100,14.4687,0.1041,2.7300,0.1750
9.250,14.520,0.4861,-11.3573,-91.034,0.4842,-11.3034,-91.036,-0.0539,-0.0029,0.0539,-0.002,0.8035,3.4281,-0.019,-0.3145,-14.7316,-91.017,2.106,0.0357,14.713,0.2160,0.0039,0.0055,1.4361,1,2.0028,2.2700,nan,2.0000,1.4328,0.0567,0.0096,1.0926,-0.0051,0.0008,0.0095,14.6682,0.1200,0.7726,0.1750
9.300,14.639,0.4841,-11.4754,-90.920,0.4827,-11.3948,-90.938,-0.0805,-0.0027,0.0806,-0.018,0.8035,3.4281,-0.019,-0.3160,-14.8230,-90.920,2.062,0.0163,14.828,0.1893,0.0047,0.0075,1.5915,1,2.0434,2.0062,nan,2.0000,1.4734,0.0584,0.0037,1.1148,-0.0028,0.0045,0.0090,14.7680,0.1200,-0.9809,0.1750
9.350,14.731,0.4827,-11.5678,-90.894,0.4794,-11.4551,-90.975,-0.1127,-0.0050,0.1128,-0.081,0.8189,3.4486,-0.085,-0.3172,-14.9042,-90.889,1.669,0.0146,14.905,0.1781,0.0043,0.0099,2.2658,1,1.9454,1.8361,nan,2.0000,2.0415,0.0809,0.0062,1.0613,-0.0029,0.0027,0.0090,14.7680,0.0240,-8.6783,0.1750
9.400,14.811,0.4815,-11.6478,-90.844,0.4783,-11.5232,-90.931,-0.1245,-0.0050,0.1246,-0.087,0.8189,3.4486,-0.085,-0.3182,-14.9724,-90.845,1.784,0.0245,14.989,0.1663,0.0043,0.0120,2.7541,1,1.7384,1.7664,nan,2.0000,2.1988,0.0871,0.0091,0.9484,-0.0050,0.0033,0.0086,14.8678,0.1151,6.7566,0.1750
9.450,14.905,0.4801,-11.7419,-90.757,0.4761,-11.6057,-90.864,-0.1362,-0.0058,0.1363,-0.107,0.8214,3.4705,-0.097,-0.3197,-15.0767,-90.767,2.024,0.0296,15.090,0.1765,0.0040,0.0124,3.0670,1,1.9081,2.0632,nan,2.0000,2.0698,0.0820,0.0077,1.0409,-0.0056,0.0041,0.0107,14.9676,0.0404,3.1485,0.1750
9.500,15.007,0.4789,-11.8435,-90.691,0.4739,-11.7551,-90.801,-0.0883,-0.0060,0.0885,-0.111,0.8244,3.4330,-0.111,-0.3211,-15.1888,-90.691,2.093,0.0243,15.193,0.1870,0.0034,0.0086,2.5060,1,2.0115,2.0613,nan,2.0000,1.4415,0.0571,0.0086,1.0955,-0.0054,0.0025,0.0089,15.1671,0.1200,0.7631,0.1750
9.550,15.132,0.4774,-11.9687,-90.611,0.4731,-11.8617,-90.520,-0.1069,-0.0054,0.1070,0.091,0.7686,3.4314,0.101,-0.3223,-15.2926,-90.621,1.947,0.0250,15.310,0.1656,0.0048,0.0083,1.7063,1,2.0029,1.9682,nan,2.0000,1.4329,0.0567,0.0031,1.0908,-0.0039,0.0069,0.0089,15.1671,0.1200,-1.5484,0.1750
9.601,15.169,0.4771,-12.0058,-90.582,0.4714,-11.9092,-90.382,-0.0965,-0.0067,0.0967,0.199,0.7421,3.4529,0.195,-0.3230,-15.3611,-90.577,1.775,0.0089,15.341,0.1970,0.0033,0.0085,2.5823,1,1.9349,1.8543,nan,2.0000,2.0495,0.0812,0.0040,1.0538,-0.0035,0.0055,0.0098,15.2669,0.0286,-8.3020,0.1750
9.650,15.298,0.4758,-12.1352,-90.549,0.4709,-11.9869,-90.351,-0.1483,-0.0063,0.1484,0.199,0.7421,3.4529,0.195,-0.3237,-15.4388,-90.546,1.804,0.0087,15.472,0.1453,0.0036,0.0125,3.4225,1,1.5930,1.4502,nan,2.0000,2.0730,0.0821,0.0026,0.8690,-0.0040,0.0069,0.0122,15.3667,0.1200,7.7975,0.1750
9.700,15.381,0.4750,-12.2176,-90.529,0.4709,-12.0951,-90.374,-0.1225,-0.0053,0.1226,0.155,0.7572,3.4835,0.142,-0.3250,-15.5779,-90.516,1.970,0.0091,15.559,0.2020,0.0016,0.0112,6.9234,1,1.7676,2.1120,nan,2.0000,2.1766,0.0862,0.0035,0.9627,-0.0029,0.0053,0.0076,15.4665,0.1023,2.6117,0.1750
9.750,15.484,0.4741,-12.3204,-90.495,0.4704,-12.1630,-90.355,-0.1574,-0.0050,0.1575,0.140,0.7572,3.4835,0.142,-0.3256,-15.6457,-90.498,2.060,0.0127,15.664,0.1670,0.0012,0.0137,10.9316,1,1.7590,1.6612,nan,2.0000,2.1831,0.0865,0.0033,0.9580,-0.0027,0.0056,0.0076,15.4665,0.1060,1.9190,0.1750
9.800,15.589,0.4732,-12.4262,-90.463,0.4680,-12.2879,-90.277,-0.1382,-0.0063,0.1384,0.186,0.7427,3.4834,0.188,-0.3266,-15.7704,-90.466,2.093,0.0124,15.770,0.1859,0.0015,0.0112,7.4230,1,2.0776,2.2732,nan,2.0000,1.5076,0.0597,0.0079,1.0274,-0.0032,0.0054,0.0113,15.6661,0.1200,-0.5382,0.1750
9.850,15.694,0.4724,-12.5311,-90.399,0.4671,-12.3428,-90.400,-0.1882,-0.0066,0.1884,-0.000,0.7819,3.4816,0.044,-0.3270,-15.8242,-90.444,2.072,0.0190,15.868,0.1348,0.0019,0.0111,5.7549,1,2.1062,2.1306,nan,2.0000,1.5362,0.0608,0.0142,1.0099,-0.0039,0.0035,0.0094,15.7659,0.1200,-1.6295,0.1750
9.900,15.744,0.4721,-12.5808,-90.371,0.4647,-12.3830,-90.379,-0.1978,-0.0086,0.1980,-0.008,0.7978,3.5256,-0.020,-0.3276,-15.9087,-90.359,1.748,0.0373,15.935,0.1696,0.0019,0.0171,9.0065,1,1.7937,1.5365,nan,2.0000,2.1568,0.0854,0.0100,0.9112,-0.0059,0.0053,0.0094,15.7659,0.0908,-5.6429,0.1750
9.950,15.890,0.4714,-12.7265,-90.221,0.4640,-12.4754,-90.098,-0.2511,-0.0084,0.2512,0.122,0.7548,3.5671,0.134,-0.3283,-16.0418,-90.232,1.994,0.0400,16.063,0.1570,0.0024,0.0171,7.1002,1,1.7917,1.8284,nan,2.0000,2.1583,0.0855,0.0124,0.8860,-0.0056,0.0048,0.0116,15.8656,0.0917,5.3021,0.1750
10.000,15.938,0.4712,-12.7752,-90.171,0.4641,-12.5800,-89.812,-0.1952,-0.0077,0.1954,0.359,0.6930,3.5384,0.354,-0.3285,-16.1166,-90.166,2.049,0.0379,16.113,0.1831,0.0033,0.0171,5.1413,1,2.0818,2.1661,nan,2.0000,1.5118,0.0599,0.0103,0.9469,-0.0023,0.0138,0.0107,15.9654,0.1200,1.4825,0.1750
10.050,16.041,0.4710,-12.8779,-90.074,0.4644,-12.6476,-89.713,-0.2303,-0.0069,0.2304,0.361,0.6930,3.5384,0.354,-0.3286,-16.1843,-90.067,1.995,0.0321,16.212,0.1481,0.0034,0.0213,6.2357,1,1.8316,1.7359,nan,2.0000,2.1280,0.0843,0.0109,0.8331,-0.0016,0.0133,0.0118,16.0652,0.0741,-8.0647,0.1750
10.100,16.187,0.4710,-13.0242,-89.928,0.4652,-12.8052,-89.716,-0.2190,-0.0055,0.2191,0.212,0.7295,3.5381,0.226,-0.3286,-16.3422,-89.942,2.022,0.0343,16.358,0.1597,0.0029,0.0154,5.2410,1,1.8855,1.9965,nan,2.0000,2.0870,0.0827,0.0236,0.8358,-0.0010,0.0116,0.0084,16.1650,0.0504,2.8571,0.1750
10.150,16.280,0.4712,-13.1165,-89.782,0.4688,-12.9684,-89.470,-0.1481,-0.0018,0.1482,0.312,0.6982,3.4779,0.345,-0.3284,-16.4445,-89.815,2.053,0.1136,16.451,0.1697,0.0025,0.0144,5.6633,1,2.0445,2.1443,nan,2.0000,1.4745,0.0584,0.0354,0.8618,0.0006,0.0144,0.0147,16.2648,0.1200,0.2912,0.1750
10.200,16.377,0.4718,-13.2143,-89.462,0.4701,-13.0603,-89.111,-0.1540,-0.0003,0.1540,0.351,0.6982,3.4779,0.345,-0.3277,-16.5365,-89.456,1.788,0.1044,16.536,0.1639,0.0022,0.0163,7.2709,1,1.8728,1.6772,nan,2.0000,2.0966,0.0830,0.0353,0.8000,0.0075,0.0251,0.0374,16.4643,0.0560,-6.5496,0.1750
10.250,16.419,0.4723,-13.2556,-89.320,0.4700,-13.1297,-88.862,-0.1259,-0.0008,0.1259,0.458,0.6689,3.4454,0.444,-0.3272,-16.5731,-89.305,1.655,0.0919,16.573,0.1592,0.0015,0.0132,8.6783,1,1.6459,1.5088,nan,2.0000,2.1258,0.0842,0.0560,0.8000,0.0083,0.0296,0.0374,16.4643,0.1200,-6.0984,0.1750
10.300,16.508,0.4735,-13.3452,-89.011,0.4709,-13.1842,-88.384,-0.1610,0.0002,0.1610,0.628,0.6026,3.4607,0.669,-0.3261,-16.6422,-89.053,1.810,0.1575,16.695,0.1388,0.0033,0.0185,5.5798,1,1.5974,1.6973,nan,2.0000,2.0772,0.0823,0.0711,0.8000,0.0117,0.0359,0.0743,16.5641,0.1200,6.2419,0.1750
10.350,16.605,0.4756,-13.4422,-88.511,0.4733,-13.3040,-88.177,-0.1383,0.0013,0.1383,0.334,0.6841,3.4585,0.386,-0.3236,-16.7606,-88.563,1.949,0.2138,16.794,0.1601,0.0042,0.0144,3.4030,1,1.8448,2.1725,nan,2.0000,2.1180,0.0839,0.0809,0.8000,0.0168,0.0440,0.1233,16.6639,0.0683,2.1073,0.1750
10.400,16.755,0.4806,-13.5920,-87.521,0.4810,-13.4798,-87.115,-0.1121,0.0053,0.1122,0.406,0.6841,3.4585,0.386,-0.3171,-16.9365,-87.501,2.064,0.3191,16.923,0.1862,0.0037,0.0072,1.9152,1,2.0423,2.1197,nan,2.0000,1.6026,0.0635,0.1569,0.8000,0.0203,0.0263,0.2195,16.8635,0.1190,0.7596,0.1750
10.450,16.807,0.4830,-13.6435,-87.046,0.4802,-13.5120,-86.964,-0.1315,0.0040,0.1316,0.081,0.7727,3.4548,0.078,-0.3155,-16.9664,-87.042,2.051,0.3711,16.997,0.1646,0.0040,0.0154,3.8383,1,1.9496,1.8974,nan,2.0000,2.0383,0.0807,0.1469,0.8000,0.0212,0.0243,0.2644,16.9632,0.0222,-1.3264,0.1750
10.500,16.954,0.4929,-13.7903,-85.226,0.4890,-13.6630,-85.158,-0.1272,0.0067,0.1273,0.068,0.7722,3.4400,0.076,-0.3059,-17.1026,-85.234,1.942,0.3756,17.116,0.1540,0.0076,0.0092,1.2093,1,1.8492,1.8042,nan,2.0000,2.1146,0.0837,0.1553,0.8000,0.0257,0.0498,0.2644,16.9632,0.0663,3.2819,0.1750
10.550,17.003,0.4972,-13.8393,-84.635,0.4931,-13.7062,-84.796,-0.1329,0.0083,0.1331,-0.161,0.8321,3.4610,-0.130,-0.2999,-17.1680,-84.666,1.993,0.4790,17.192,0.1704,0.0039,0.0177,4.5795,1,1.9153,1.9620,nan,2.0000,2.0644,0.0818,0.2001,0.8000,0.0273,0.0442,0.3123,17.0630,0.0373,2.0322,0.1750
10.600,17.110,0.5087,-13.9459,-82.802,0.5033,-13.8325,-82.871,-0.1132,0.0089,0.1135,-0.069,0.8360,3.4352,-0.148,-0.2881,-17.2685,-82.723,2.033,0.6320,17.275,0.1643,0.0043,0.0131,3.0487,1,1.9310,1.9503,nan,2.0000,2.0525,0.0813,0.1916,0.8000,0.0334,0.0540,0.3594,17.1628,0.0304,0.6587,0.1750
10.650,17.167,0.5163,-14.0023,-81.813,0.5128,-13.9025,-81.646,-0.0993,0.0107,0.0998,0.167,0.8360,3.4352,-0.148,-0.2785,-17.3385,-81.498,2.028,0.6047,17.331,0.1780,0.0056,0.0096,1.7368,1,1.7887,1.7578,nan,2.0000,2.1606,0.0856,0.2508,0.8000,0.0323,0.0457,0.4100,17.2626,0.0930,-0.3992,0.1750
10.700,17.244,0.5282,-14.0782,-80.455,0.5253,-13.9869,-80.077,-0.0905,0.0123,0.0914,0.378,0.8819,3.4288,-0.301,-0.2650,-17.4174,-79.775,2.018,0.6273,17.408,0.1810,0.0037,0.0133,3.6467,1,1.5992,1.3059,nan,2.0000,2.0726,0.0821,0.2510,0.8000,0.0324,0.0149,0.4549,17.3624,0.1183,-0.2110,0.1750
10.750,17.439,0.5669,-14.2687,-76.400,0.5632,-14.1624,-77.097,-0.1042,0.0214,0.1064,-0.697,0.8819,3.4288,-0.301,-0.2262,-17.5926,-76.796,2.013,0.7471,17.602,0.1658,0.0052,0.0244,4.6953,1,1.6092,1.8810,nan,2.0000,2.0806,0.0824,0.3321,0.8000,0.0362,0.0296,0.5078,17.4622,0.1179,1.1692,0.1750
10.800,17.562,0.5989,-14.3880,-73.080,0.5974,-14.2822,-73.308,-0.1016,0.0293,0.1058,-0.229,0.7730,3.4301,0.050,-0.1910,-17.7122,-73.358,2.013,1.2154,17.726,0.1662,0.0048,0.0154,3.1903,1,1.9380,2.5539,nan,2.0000,2.0471,0.0811,0.4139,0.8000,0.0426,0.0226,0.6112,17.6617,0.0273,0.2982,0.1750
10.850,17.611,0.6137,-14.4345,-71.334,0.6166,-14.3479,-70.999,-0.0811,0.0305,0.0867,0.335,0.7431,3.4239,0.143,-0.1707,-17.7714,-71.142,2.039,1.3441,17.801,0.1793,0.0048,0.0163,3.4132,1,2.0668,2.0752,nan,2.0000,1.9729,0.0781,0.3937,0.8000,0.0506,0.0544,0.6575,17.7615,0.1099,0.3771,0.1750
10.900,17.759,0.6680,-14.5724,-65.839,0.6469,-14.4133,-67.224,-0.1538,0.0459,0.1605,-1.385,0.7049,3.4351,0.262,-0.1397,-17.8479,-67.486,1.982,1.2251,17.924,0.1174,0.0312,0.0231,0.7419,1,1.9626,1.9708,nan,2.0000,2.0285,0.0803,0.4546,0.8000,0.0534,0.0322,0.7160,17.8613,0.0165,-1.7947,0.1750
10.950,17.851,0.7080,-14.6553,-62.390,0.7152,-14.5542,-62.176,-0.0862,0.0533,0.1014,0.215,0.7049,3.4351,0.262,-0.0720,-17.9891,-62.438,1.951,1.3795,18.016,0.1767,0.0022,0.0234,10.7768,1,2.0427,2.1414,nan,2.0000,1.9890,0.0788,0.5036,0.8000,0.0619,0.0194,0.7770,17.9611,0.1064,-1.0911,0.1750
11.000,17.942,0.7529,-14.7347,-58.489,0.7534,-14.6320,-58.429,-0.0873,0.0542,0.1027,0.060,0.7371,3.4214,0.157,-0.0333,-18.0534,-58.587,1.931,1.4438,18.108,0.1610,0.0035,0.0257,7.3613,1,1.9795,1.9345,nan,2.0000,2.0156,0.0798,0.5695,0.8000,0.0628,0.0544,0.8405,18.0609,0.0090,-0.4895,0.1750
11.050,18.033,0.8027,-14.8100,-54.364,0.8076,-14.7413,-54.510,-0.0530,0.0440,0.0689,-0.145,0.8194,3.3923,-0.100,0.0199,-18.1336,-54.410,1.909,1.6957,18.200,0.1662,0.0067,0.0233,3.4623,1,1.9554,1.9677,nan,2.0000,2.0339,0.0806,0.6196,0.8000,0.0501,0.0602,0.9059,18.1607,0.0196,-0.9770,0.1750
11.100,18.153,0.8780,-14.9039,-48.069,0.8879,-14.8396,-48.853,-0.0412,0.0504,0.0651,-0.784,1.0412,3.3965,-0.810,0.1046,-18.2364,-48.043,1.909,1.8768,18.324,0.1762,0.0133,0.0164,1.2387,1,2.0512,2.1572,nan,2.0000,2.1401,0.0848,0.6944,0.8000,0.0467,-0.0459,1.0761,18.3602,0.0915,-0.4852,0.1750
11.150,18.224,0.9270,-14.9548,-44.082,0.9248,-14.8989,-44.862,-0.0405,0.0386,0.0560,-0.780,0.9525,3.3686,-0.514,0.1361,-18.2670,-44.348,1.918,2.0086,18.399,0.1542,0.0057,0.0187,3.2836,1,2.0424,2.0565,nan,2.0000,2.1335,0.0845,0.6398,0.8000,0.0555,0.0265,1.0761,18.3602,0.0921,-0.7984,0.1750
11.200,18.344,1.0183,-15.0328,-36.846,1.0187,-14.9789,-37.289,-0.0321,0.0434,0.0539,-0.442,0.9525,3.3686,-0.514,0.2308,-18.3461,-36.775,1.938,2.0662,18.526,0.1556,0.0167,0.0178,1.0658,1,2.0294,2.0268,nan,2.0000,1.9964,0.0791,0.7363,0.8000,0.0319,-0.0315,1.2010,18.5598,-0.0021,-1.8675,0.1750
11.250,18.423,1.0842,-15.0778,-31.662,1.1074,-15.0595,-32.764,0.0101,0.0277,0.0295,-1.102,1.1043,3.3530,-0.994,0.3226,-18.4097,-31.769,1.869,2.1979,18.608,0.1779,0.0052,0.0098,1.8855,1,1.9915,2.0143,nan,2.0000,2.0064,0.0795,0.7401,0.8000,0.0156,-0.0506,1.2030,18.6596,0.0037,-2.0870,0.1750
11.300,18.501,1.1521,-15.1155,-26.284,1.1652,-15.0912,-27.960,0.0010,0.0276,0.0277,-1.676,1.1692,3.3562,-1.216,0.3874,-18.4433,-26.744,1.839,2.2158,18.690,0.1732,0.0341,0.0200,0.5880,1,2.0060,2.0941,nan,2.0000,1.9958,0.0790,0.7470,0.8000,0.0108,-0.0644,1.1982,18.7594,-0.0024,-1.0954,0.1750
11.350,18.622,1.2642,-15.1611,-17.978,1.2858,-15.1314,-18.423,0.0114,0.0349,0.0367,-0.446,1.0685,3.3661,-0.936,0.5193,-18.4915,-17.488,1.821,2.2596,18.819,0.1807,0.0171,0.0169,0.9858,1,2.0661,2.1035,nan,2.0000,1.9501,0.0772,0.7038,0.8000,0.0234,-0.0917,1.2032,18.8591,-0.0289,-1.5538,0.1750
11.400,18.700,1.3395,-15.1816,-12.726,1.3509,-15.1519,-13.721,0.0045,0.0315,0.0318,-0.995,1.1078,3.3647,-1.067,0.5880,-18.5088,-12.653,1.824,1.9835,18.901,0.1758,0.0058,0.0018,0.3118,1,1.7826,1.7406,nan,2.0000,2.1652,0.0858,0.7044,0.8000,0.0178,-0.1006,1.1979,18.9589,0.0957,0.6680,0.1750
11.450,18.785,1.4231,-15.1964,-7.352,1.4511,-15.1723,-7.940,0.0247,0.0275,0.0370,-0.587,0.9905,3.3594,-0.690,0.6836,-18.5248,-7.250,1.871,2.1420,18.994,0.1806,0.0018,0.0072,4.1036,1,1.8836,1.9581,nan,2.0000,2.0885,0.0827,0.6949,0.8000,0.0122,-0.1123,1.2033,19.0587,0.0512,0.5143,0.1750
11.500,18.878,1.5158,-15.2035,-1.318,1.5458,-15.1784,-2.254,0.0294,0.0258,0.0391,-0.935,0.9905,3.3594,-0.690,0.7784,-18.5298,-1.564,1.916,2.1453,19.096,0.1793,0.0018,0.0117,6.3928,1,1.9607,2.0147,nan,2.0000,2.0203,0.0800,0.6880,0.8000,0.0034,-0.1437,1.1984,19.1585,0.0065,0.3364,0.1750
11.550,19.000,1.6378,-15.1980,6.446,1.6795,-15.1703,6.005,0.0445,0.0229,0.0500,-0.442,0.8703,3.3560,-0.354,0.9234,-18.5209,6.358,1.882,2.0923,19.224,0.1857,0.0145,0.0203,1.3964,1,2.1284,2.2430,nan,2.0000,1.9024,0.0753,0.6734,0.8000,-0.0055,-0.1359,1.1351,19.2583,-0.0565,-1.5944,0.1750
11.600,19.072,1.7092,-15.1869,10.954,1.7441,-15.1570,11.022,0.0400,0.0227,0.0460,0.069,0.8486,3.3544,-0.302,0.9932,-18.5064,11.324,1.834,1.8613,19.297,0.1819,0.0020,0.0069,3.5467,1,1.9489,1.8397,nan,2.0000,2.1408,0.0848,0.6175,0.8000,-0.0080,-0.1410,1.0144,19.3581,-0.0304,-0.3068,0.1750
11.650,19.175,1.8086,-15.1621,16.887,1.8139,-15.1393,15.966,0.0117,0.0203,0.0234,-0.921,0.8511,3.3521,-0.339,1.0721,-18.4854,16.305,1.855,1.8535,19.404,0.1769,0.0061,0.0006,0.0920,1,1.9444,2.0570,nan,2.0000,2.1900,0.0867,0.6059,0.8000,-0.0215,-0.1481,0.9064,19.4578,-0.0434,1.8219,0.1750
11.700,19.249,1.8787,-15.1380,20.939,1.9122,-15.1043,20.973,0.0433,0.0195,0.0475,0.033,0.8511,3.3521,-0.339,1.1702,-18.4498,21.312,1.935,1.8375,19.485,0.1789,0.0022,0.0036,1.6774,1,1.9864,2.0245,nan,2.0000,2.2005,0.0871,0.5585,0.8000,-0.0266,-0.0778,0.9064,19.4578,-0.0513,0.9251,0.1750
11.750,19.370,1.9894,-15.0884,27.326,2.0159,-15.0506,26.789,0.0409,0.0214,0.0461,-0.537,0.9397,3.3574,-0.653,1.2859,-18.3945,27.442,2.032,1.8431,19.614,0.1767,0.0060,0.0065,1.0843,1,2.0520,2.1554,nan,2.0000,1.9605,0.0776,0.5182,0.8000,-0.0316,-0.0986,0.8080,19.5576,-0.0229,1.0219,0.1750
11.800,19.455,2.0634,-15.0464,31.521,2.0813,-15.0105,31.615,0.0340,0.0213,0.0402,0.095,0.8007,3.3447,-0.249,1.3604,-18.3494,31.864,1.984,1.6151,19.699,0.1743,0.0015,0.0017,1.0968,1,1.9988,1.9581,nan,2.0000,2.2538,0.0893,0.4525,0.8000,-0.0381,-0.0705,0.7147,19.6574,-0.0661,-3.4970,0.1750
11.850,19.552,2.1440,-14.9924,35.830,2.1485,-14.9638,35.618,0.0204,0.0206,0.0290,-0.212,0.8007,3.3447,-0.249,1.4273,-18.3025,35.867,1.967,1.4128,19.798,0.1732,0.0015,0.0043,2.8333,1,1.9084,1.9451,nan,2.0000,2.2546,0.0893,0.4356,0.8000,-0.0495,-0.0937,0.6243,19.7572,-0.0546,3.3407,0.1750
11.900,19.654,2.2243,-14.9298,39.973,2.2531,-14.8872,39.696,0.0495,0.0142,0.0515,-0.277,0.9546,3.3529,-0.719,1.5272,-18.2223,40.415,2.092,1.4372,19.906,0.1692,0.0017,0.0013,0.7600,1,1.9785,2.0149,nan,2.0000,2.2975,0.0910,0.4058,0.8003,-0.0673,-0.0895,0.5367,19.8570,-0.0731,2.0387,0.1750
11.950,19.798,2.3298,-14.8324,45.345,2.3256,-14.8219,43.366,0.0045,0.0104,0.0113,-1.979,0.9785,3.3532,-0.793,1.5985,-18.1547,44.159,2.186,1.3693,20.054,0.1779,0.0092,0.0014,0.1564,1,1.9265,1.9109,nan,2.0000,2.3103,0.0915,0.4130,0.8128,-0.0742,-0.1014,0.4531,19.9568,-0.0685,2.2194,0.1750
12.000,19.872,2.3810,-14.7782,48.081,2.4359,-14.7008,48.124,0.0943,0.0109,0.0949,0.043,0.8178,3.3394,-0.300,1.7125,-18.0315,48.424,2.193,1.2848,20.130,0.1624,0.0014,0.0075,5.2618,1,2.3139,2.5645,nan,2.0000,1.8454,0.0731,0.1965,1.0135,-0.0865,-0.0670,0.2853,20.1563,-0.1171,-4.2311,0.1750
12.050,19.956,2.4357,-14.7144,50.041,2.4533,-14.6720,50.087,0.0438,0.0138,0.0459,0.046,0.8472,3.3409,-0.408,1.7343,-18.0010,50.495,2.010,0.6082,20.207,0.1620,0.0020,0.0071,3.4646,1,2.0108,1.8023,nan,2.0000,1.9918,0.0789,0.3372,0.8808,-0.0978,-0.1130,0.2853,20.1563,-0.0048,-4.4980,0.1750
12.100,20.076,2.5104,-14.6211,52.625,2.4999,-14.6147,51.595,-0.0013,0.0123,0.0123,-1.030,0.8472,3.3409,-0.408,1.7805,-17.9434,52.003,1.901,0.9876,20.323,0.1785,0.0014,0.0043,3.1033,1,1.9635,2.1318,nan,2.0000,2.3515,0.0931,0.2271,0.8601,-0.0978,-0.0779,0.1974,20.2561,-0.0810,0.4630,0.1750
12.150,20.175,2.5685,-14.5409,55.343,2.5899,-14.4907,55.429,0.0534,0.0109,0.0545,0.086,0.8526,3.3464,-0.418,1.8673,-17.8240,55.847,2.097,0.7431,20.429,0.1593,0.0009,0.0040,4.3586,1,2.0755,2.1305,nan,2.0000,1.9426,0.0769,0.1041,0.9091,-0.1070,-0.0335,0.1171,20.3559,-0.0332,6.1126,0.1750
12.200,20.290,2.6318,-14.4454,57.041,2.6362,-14.4216,56.858,0.0223,0.0092,0.0242,-0.183,0.8526,3.3464,-0.418,1.9131,-17.7545,57.276,2.120,0.4294,20.544,0.1714,0.0006,0.0014,2.2963,1,2.0078,2.1301,nan,2.0000,1.9940,0.0790,0.1395,0.8795,-0.1247,-0.0638,-0.0363,20.5555,-0.0034,4.0782,0.1750
12.250,20.377,2.6786,-14.3719,58.030,2.7062,-14.3150,58.047,0.0629,0.0067,0.0632,0.016,0.7405,3.3356,-0.047,1.9800,-17.6490,58.093,2.195,0.4631,20.634,0.1563,0.0016,0.0032,2.0070,1,2.1875,2.3066,nan,2.0000,1.8575,0.0736,0.0291,0.9582,-0.1282,-0.0282,-0.1108,20.6553,-0.0825,-5.2469,0.1750
12.300,20.495,2.7400,-14.2709,58.897,2.7617,-14.2224,59.051,0.0527,0.0064,0.0531,0.154,0.7405,3.3356,-0.047,2.0355,-17.5564,59.097,1.970,0.0927,20.744,0.1592,0.0002,0.0045,21.7745,1,2.0646,2.0218,nan,2.0000,1.9509,0.0773,0.0725,0.9043,-0.1343,-0.0536,-0.1108,20.6553,-0.0284,-4.1840,0.1750
12.350,20.582,2.7848,-14.1959,59.372,2.7968,-14.1669,59.580,0.0311,0.0045,0.0314,0.207,0.6352,3.3220,0.303,2.0691,-17.5000,59.277,1.952,0.2403,20.853,0.1686,0.0012,0.0012,0.9706,1,1.8299,1.6995,nan,2.0000,2.3019,0.0912,0.0601,0.8016,-0.1364,-0.0239,-0.1864,20.7550,-0.0535,-0.5119,0.1750
12.400,20.704,2.8459,-14.0909,60.052,2.8583,-14.0651,59.928,0.0286,0.0021,0.0287,-0.124,0.8202,3.3303,-0.324,2.1366,-17.3836,60.252,2.179,0.0231,20.958,0.1622,0.0002,0.0012,5.6667,1,2.2052,2.3844,nan,2.0000,1.8440,0.0730,-0.0229,0.9659,-0.1422,0.0171,-0.3377,20.9546,-0.0903,2.3427,0.1750
12.450,20.799,2.8933,-14.0084,59.891,2.8962,-14.0010,59.804,0.0079,0.0012,0.0080,-0.088,0.7886,3.3210,-0.231,2.1773,-17.3133,60.034,2.073,-0.0884,21.050,0.1691,0.0008,0.0001,0.1515,1,2.0550,2.0513,nan,2.0000,1.9582,0.0776,-0.0019,0.9001,-0.1427,0.0366,-0.3815,21.0544,-0.0242,-5.7238,0.1750
12.500,20.904,2.9462,-13.9175,59.720,2.9597,-13.8950,59.676,0.0262,-0.0003,0.0262,-0.044,0.7205,3.3145,0.005,2.2377,-17.2097,59.671,1.951,-0.0072,21.150,0.1623,0.0001,0.0002,2.0000,1,2.0086,2.0138,nan,2.0000,1.9935,0.0790,-0.0359,0.8903,-0.1386,0.0730,-0.3595,21.1542,-0.0038,-3.5004,0.1750
12.550,20.988,2.9886,-13.8450,59.563,2.9929,-13.8382,59.597,0.0081,-0.0003,0.0081,0.034,0.7205,3.3145,0.005,2.2710,-17.1529,59.592,1.958,-0.1105,21.234,0.1709,0.0023,0.0008,0.3571,1,1.8586,1.6975,nan,2.0000,1.9988,0.0792,-0.0386,0.8238,-0.1367,0.0734,-0.3595,21.1542,0.0243,0.3275,0.1750
12.600,21.118,3.0550,-13.7331,59.031,3.0556,-13.7299,59.456,0.0031,0.0011,0.0033,0.425,0.6084,3.2956,0.370,2.3372,-17.0409,59.086,1.992,-0.1202,21.364,0.1707,0.0000,0.0015,32.5000,1,2.0204,2.1882,nan,2.0000,1.9845,0.0786,-0.1066,0.9369,-0.1159,0.1297,-0.2777,21.3538,-0.0090,1.6805,0.1750
12.650,21.191,3.0925,-13.6708,58.676,3.1024,-13.6525,59.062,0.0208,0.0010,0.0208,0.386,0.6208,3.2965,0.329,2.3844,-16.9630,58.733,2.033,-0.2580,21.438,0.1625,0.0015,0.0015,0.9519,1,2.0867,2.1297,nan,2.0000,1.9341,0.0766,-0.0962,0.9901,-0.1069,0.1320,-0.2375,21.4535,-0.0381,-1.6036,0.1750
12.700,21.307,3.1537,-13.5723,57.663,3.1581,-13.5627,57.938,0.0105,0.0014,0.0106,0.275,0.6208,3.2965,0.329,2.4405,-16.8735,57.609,2.014,-0.2536,21.553,0.1673,0.0001,0.0003,3.7500,1,1.9305,1.8896,nan,4.6529,2.9509,0.1169,-0.0809,0.9160,-0.1021,0.1138,-0.2375,21.4535,0.1190,-1.4546,0.1750
12.750,21.405,3.2063,-13.4900,56.944,3.2056,-13.4837,57.425,0.0049,0.0040,0.0063,0.480,0.5849,3.2859,0.429,2.4951,-16.7888,56.996,2.234,-0.3130,21.672,0.1663,0.0002,0.0021,11.1768,1,1.8952,1.9406,nan,4.7322,2.9911,0.1185,-0.0902,0.9209,-0.0893,0.1283,-0.1969,21.5533,0.1194,4.7983,0.1750
12.800,21.535,3.2786,-13.3808,55.874,3.2934,-13.3517,56.345,0.0324,0.0040,0.0326,0.471,0.6172,3.2924,0.328,2.5810,-16.6592,56.017,2.615,-0.4010,21.825,0.1579,0.0001,0.0052,37.7761,1,2.2711,3.1412,nan,4.8856,3.4012,0.1347,-0.0673,0.9862,-0.0495,0.1294,-0.0779,21.8527,0.1198,7.2612,0.1750
12.850,21.658,3.3479,-13.2802,54.967,3.3764,-13.2360,55.062,0.0526,0.0020,0.0526,0.095,0.6584,3.2947,0.186,2.6644,-16.5394,54.877,2.925,-0.3062,21.963,0.1543,0.0003,0.0044,13.7346,1,2.5438,3.0253,nan,4.6437,3.6706,0.1454,-0.0402,1.0369,-0.0388,0.1284,-0.0415,21.9524,0.1199,6.5348,0.1750
12.900,21.805,3.4334,-13.1600,54.219,3.4671,-13.1144,54.246,0.0567,-0.0007,0.0567,0.027,0.6909,3.2895,0.059,2.7593,-16.4067,54.187,3.213,-0.2020,22.125,0.1540,0.0012,0.0037,3.2223,1,2.8027,3.1033,nan,4.5128,3.2823,0.1300,-0.0039,1.0672,-0.0181,0.1190,0.0371,22.1520,0.1199,6.2297,0.1750
12.950,21.961,3.5253,-13.0336,53.859,3.5803,-12.9608,53.887,0.0912,-0.0015,0.0912,0.028,0.6515,3.2815,0.200,2.8721,-16.2524,53.687,3.244,-0.0198,22.283,0.1590,0.0024,0.0085,3.5812,1,3.0750,3.4139,nan,4.1350,3.5493,0.1406,0.0482,1.1004,0.0089,0.1105,0.1135,22.3516,0.1186,-2.5713,0.1750
13.000,22.132,3.6258,-12.8957,54.143,3.6762,-12.8269,54.596,0.0852,-0.0006,0.0852,0.453,0.6105,3.2742,0.345,2.9686,-16.1193,54.251,3.332,0.0402,22.458,0.1572,0.0014,0.0124,9.1078,1,3.1150,3.2082,nan,3.8993,3.5769,0.1417,0.0737,1.1147,0.0407,0.1099,0.1963,22.5511,0.1155,1.0145,0.1750
13.050,22.307,3.7282,-12.7534,54.610,3.7721,-12.6927,54.890,0.0749,-0.0006,0.0749,0.280,0.5892,3.2671,0.417,3.0666,-15.9826,54.473,3.412,0.3854,22.637,0.1557,0.0006,0.0123,19.7033,1,3.2593,3.3464,nan,3.6776,3.6947,0.1463,0.1069,1.0650,0.0588,0.0787,0.2774,22.7507,0.1088,1.5473,0.1750
13.100,22.501,3.8389,-12.5940,56.215,3.8715,-12.5475,56.159,0.0568,-0.0013,0.0568,-0.056,0.6922,3.2794,0.027,3.1718,-15.8285,56.132,3.515,0.5825,22.837,0.1534,0.0016,0.0149,9.0814,1,3.2842,3.3215,nan,3.5713,3.7036,0.1467,0.0901,0.9976,0.0810,0.1072,0.3155,22.8505,0.1049,1.7921,0.1750
13.150,22.604,3.8954,-12.5083,57.104,3.9227,-12.4690,56.979,0.0478,-0.0016,0.0478,-0.125,0.7510,3.2694,-0.246,3.2391,-15.7247,57.224,3.558,0.4957,22.942,0.1552,0.0045,0.0179,3.9426,1,3.4753,3.6262,nan,3.2774,3.1315,0.1240,0.1712,0.9976,0.0991,0.0608,0.3978,23.0501,0.0873,1.1294,0.1750
13.200,22.812,4.0057,-12.3320,59.433,4.0239,-12.3045,59.048,0.0329,-0.0016,0.0330,-0.385,0.7510,3.2694,-0.246,3.3396,-15.5597,59.293,3.419,1.0068,23.143,0.1510,0.0158,0.0250,1.5789,1,3.2809,3.1515,nan,3.2774,2.9955,0.1186,0.1837,0.9976,0.1216,0.0659,0.4809,23.2496,0.0808,-5.3219,0.1750
13.250,22.906,4.0526,-12.2507,61.052,4.0552,-12.2436,60.786,0.0075,0.0012,0.0076,-0.266,0.7408,3.2531,-0.252,3.3825,-15.4820,61.039,3.296,1.0143,23.231,0.1492,0.0042,0.0011,0.2552,1,3.1654,3.1641,nan,3.1023,2.9150,0.1154,0.1989,0.9976,0.1372,0.0626,0.5213,23.3494,0.0799,-4.4493,0.1750
13.300,23.172,4.1726,-12.0134,65.657,4.1708,-12.0065,64.810,0.0056,0.0045,0.0072,-0.847,0.9138,3.2763,-0.930,3.5045,-15.2279,65.739,2.985,1.0511,23.483,0.1436,0.0290,0.0327,1.1267,1,3.2871,3.4913,nan,3.0245,2.9575,0.1171,0.3103,0.9976,0.1419,-0.0211,0.6108,23.5490,0.0400,-3.9739,0.1750
13.350,23.307,4.2256,-11.8888,68.818,4.2003,-11.9202,67.653,-0.0384,0.0123,0.0404,-1.165,0.8985,3.2630,-0.914,3.5435,-15.1286,68.567,2.913,1.2730,23.617,0.1435,0.0069,0.0125,1.8095,1,3.2065,3.2032,nan,2.9673,2.9290,0.1160,0.2807,0.9976,0.1609,0.0464,0.6108,23.5490,0.0530,-1.9347,0.1750
13.400,23.452,4.2739,-11.7525,72.373,4.2342,-11.8040,71.638,-0.0611,0.0222,0.0650,-0.735,0.8193,3.2441,-0.642,3.5833,-15.0089,72.280,2.868,1.1283,23.760,0.1471,0.0064,0.0249,3.9067,1,2.8911,2.8332,nan,2.9437,2.9837,0.1182,0.3002,0.9976,0.1782,0.0040,0.7115,23.7486,0.0232,-1.7177,0.1750
13.450,23.591,4.3124,-11.6193,75.704,4.2788,-11.6534,75.083,-0.0413,0.0241,0.0478,-0.622,0.7951,3.2420,-0.539,3.6237,-14.8620,75.622,2.816,1.3204,23.898,0.1399,0.0075,0.0269,3.5976,1,2.9000,2.9698,nan,2.9880,3.0549,0.1210,0.2836,0.9976,0.1825,0.0043,0.7702,23.8483,0.0387,0.8953,0.1750
13.500,23.728,4.3423,-11.4856,79.349,4.3137,-11.5157,78.365,-0.0349,0.0225,0.0415,-0.984,0.9201,3.2717,-1.005,3.6525,-14.7256,79.370,2.892,1.2828,24.040,0.1373,0.0091,0.0279,3.0807,1,2.8909,2.9118,nan,3.1221,3.1258,0.1238,0.3460,1.0489,0.1593,-0.0902,0.7700,24.0479,0.0378,1.5430,0.1750
13.550,23.909,4.3688,-11.3058,84.561,4.3542,-11.2957,83.419,0.0087,0.0155,0.0177,-1.142,0.9264,3.2914,-0.986,3.6784,-14.5260,84.405,2.979,1.6952,24.230,0.1261,0.0174,0.0075,0.4314,1,3.0698,3.2638,nan,3.2780,3.4149,0.1352,0.3745,1.1668,0.1232,-0.1566,0.6673,24.2475,-0.0036,0.4484,0.1750
13.600,23.975,4.3741,-11.2398,86.750,4.3541,-11.2497,86.598,-0.0110,0.0194,0.0223,-0.152,0.8193,3.2495,-0.578,3.6809,-14.4627,87.176,3.038,1.7878,24.302,0.1250,0.0157,0.0288,1.8294,1,2.9613,2.9459,nan,3.4442,3.5525,0.1407,0.2961,1.1765,0.1173,-0.1318,0.5738,24.4470,0.0384,2.3467,0.1750
13.650,24.216,4.3731,-10.9993,93.866,4.3564,-10.9913,92.646,0.0091,0.0161,0.0185,-1.220,0.9839,3.2879,-1.218,3.6754,-14.2043,93.864,3.285,1.6310,24.562,0.1126,0.0436,0.0420,0.9629,1,3.0659,3.4192,nan,3.6195,3.7388,0.1481,0.3622,1.2677,0.0583,-0.2112,0.4928,24.6466,0.0458,2.9690,0.1750
13.700,24.373,4.3570,-10.8429,98.557,4.3396,-10.8409,97.606,0.0046,0.0169,0.0176,-0.950,0.8744,3.2527,-0.775,3.6553,-14.0455,98.381,3.418,1.6750,24.732,0.1080,0.0134,0.0086,0.6447,1,3.3070,3.5480,nan,3.8033,3.9681,0.1572,0.2703,1.4199,0.0386,-0.1878,0.4194,24.8462,0.0295,2.0750,0.1750
13.750,24.535,4.3277,-10.6842,102.665,4.3047,-10.6755,101.950,0.0135,0.0205,0.0246,-0.715,0.8982,3.2462,-0.876,3.6188,-13.8680,102.825,3.596,1.5127,24.907,0.0948,0.0103,0.0131,1.2658,1,3.4868,3.6063,nan,3.9953,4.1776,0.1654,0.2639,1.5306,0.0086,-0.1931,0.3775,24.9460,0.0295,4.0869,0.1750
13.800,24.719,4.2811,-10.5054,106.962,4.2453,-10.4490,106.414,0.0644,0.0178,0.0668,-0.548,0.8903,3.2553,-0.857,3.5596,-13.6526,107.271,3.801,1.4046,25.109,0.0795,0.0103,0.0043,0.4154,1,3.7521,3.9892,nan,4.2764,4.5420,0.1799,0.1855,1.7476,-0.0698,-0.2179,0.2391,25.3451,0.0256,3.9746,0.1750
13.850,24.831,4.2467,-10.3987,109.247,4.2083,-10.3580,108.749,0.0511,0.0228,0.0560,-0.497,0.8579,3.2442,-0.740,3.5258,-13.5578,109.489,3.926,1.3701,25.232,0.0793,0.0102,0.0083,0.8096,1,3.8273,3.8485,nan,4.4511,4.7023,0.1862,0.1476,1.7826,-0.0939,-0.1903,0.2017,25.4449,0.0428,3.6567,0.1750
13.900,25.050,4.1682,-10.1945,112.797,4.1222,-10.1512,112.503,0.0578,0.0256,0.0632,-0.294,0.7504,3.2050,-0.281,3.4373,-13.3395,112.784,4.186,0.9648,25.471,0.0705,0.0080,0.0120,1.4998,1,4.0682,4.5876,nan,4.6973,4.9548,0.1962,0.1291,1.8630,-0.1506,-0.2194,0.0942,25.7442,0.0460,4.5475,0.1750
13.950,25.296,4.0671,-9.9704,116.009,4.0196,-9.9330,115.774,0.0544,0.0263,0.0604,-0.235,0.7590,3.1846,-0.284,3.3255,-13.1013,116.058,4.444,0.8900,25.737,0.0647,0.0133,0.0185,1.3921,1,4.3271,4.7243,nan,4.7756,5.0567,0.2003,0.1559,1.5437,-0.1792,-0.1717,0.0620,25.8440,0.0367,3.9287,0.1450
14.000,25.519,3.9656,-9.7715,118.353,3.9040,-9.7138,118.533,0.0800,0.0268,0.0844,0.181,0.6548,3.1474,0.197,3.2050,-12.8723,118.337,4.652,0.9766,25.978,0.0698,0.0132,0.0228,1.7204,1,4.6258,4.7289,nan,5.0007,5.3103,0.2103,0.0792,1.5437,-0.2369,-0.1145,-0.0822,26.2432,0.0284,3.5438,0.1450
14.050,25.757,3.8483,-9.5648,120.856,3.7651,-9.4814,121.854,0.1142,0.0286,0.1178,0.998,0.6456,3.1120,0.316,3.0501,-12.6104,121.538,4.852,0.5970,26.233,0.1127,0.0134,0.0251,1.8769,1,4.8001,4.9334,nan,5.1124,5.4448,0.2156,0.0675,1.5437,-0.2691,-0.0993,-0.1542,26.4427,0.0212,3.5657,0.1450
14.100,25.949,3.7483,-9.4012,121.992,3.7260,-9.4200,122.207,-0.0041,0.0289,0.0292,0.215,0.6456,3.1120,0.316,3.0113,-12.5487,121.892,4.981,0.2816,26.436,0.0641,0.0031,0.0334,10.6603,1,4.9606,5.4631,nan,5.0999,5.1575,0.2043,0.0171,1.5437,-0.2989,-0.0476,-0.2524,26.7421,0.0248,3.2814,0.1450
14.150,26.493,3.7322,-9.9456,135.012,3.5534,-9.1566,123.995,0.6842,-0.4316,0.8090,-11.018,0.6393,3.0932,0.388,2.8312,-12.2693,123.607,0.211,0.0087,26.880,0.8407,0.4461,0.0389,0.0872,1,4.8933,5.0217,nan,5.0999,5.1395,0.2035,-0.0150,1.5437,-0.2848,-0.0143,-0.2524,26.7421,0.0350,2.8774,0.1450
14.200,26.506,3.7230,-9.9366,135.002,3.2254,-8.8327,139.096,1.1324,-0.4288,1.2109,4.094,-0.1815,2.9147,4.096,2.5592,-11.9607,135.001,0.454,-0.0137,27.064,1.1910,0.0086,0.2848,33.0017,0,5.0729,6.4128,nan,5.2003,5.3226,0.2108,-0.1679,1.5675,-0.1484,0.2723,-0.2432,27.2410,0.0151,6.0773,0.1450
14.250,26.529,3.7068,-9.9208,134.976,3.0785,-8.7054,138.832,1.3038,-0.4146,1.3681,3.856,-0.1627,2.9526,3.863,2.4485,-11.8499,134.969,0.391,-0.0053,27.156,1.3118,0.0081,0.2860,35.1618,0,5.0729,6.4128,nan,5.2003,5.3226,0.2108,-0.1679,1.5675,-0.1484,0.2723,-0.2432,27.2410,0.0151,6.0773,0.1450
14.300,26.539,3.6994,-9.9136,134.963,3.1598,-8.7765,138.825,1.1858,-0.4217,1.2586,3.862,-0.1627,2.9526,3.863,2.5248,-11.9263,134.962,0.013,-0.0029,27.156,1.2052,0.0076,0.2804,36.7488,0,5.0729,6.4128,nan,5.2003,5.3226,0.2108,-0.1679,1.5675,-0.1484,0.2723,-0.2432,27.2410,0.0151,6.0773,0.1450
14.350,26.540,3.6991,-9.9136,134.962,3.1598,-8.7765,138.823,1.1856,-0.4219,1.2585,3.861,-0.1627,2.9526,3.863,2.5248,-11.9263,134.960,0.002,-0.0017,27.156,1.2051,0.0073,0.2806,38.5342,0,5.0729,6.4128,nan,5.2003,5.3226,0.2108,-0.1679,1.5675,-0.1484,0.2723,-0.2432,27.2410,0.0151,6.0773,0.1450
14.401,26.540,3.6989,-9.9137,134.960,3.7833,-9.9972,135.744,-0.1187,-0.0007,0.1187,0.784,1.0952,1.8934,0.785,2.5248,-11.9263,134.958,0.001,-0.0014,27.156,1.2051,0.0073,0.0148,2.0288,0,5.0729,6.4128,nan,5.2003,5.3226,0.2108,-0.1679,1.5675,-0.1484,0.2723,-0.2432,27.2410,0.0151,6.0773,0.1450
14.450,26.540,3.6989,-9.9137,134.959,3.7833,-9.9972,135.743,-0.1187,-0.0007,0.1187,0.784,1.0952,1.8934,0.785,2.5248,-11.9263,134.958,0.001,-0.0012,27.156,1.2051,0.0069,0.0145,2.0985,0,5.0729,6.4128,nan,5.2003,5.3226,0.2108,-0.1679,1.5675,-0.1484,0.2723,-0.2432,27.2410,0.0151,6.0773,0.1450
14.500,26.540,3.6988,-9.9138,134.958,3.7833,-9.9972,135.742,-0.1187,-0.0009,0.1187,0.784,1.0952,1.8934,0.785,2.5248,-11.9263,134.957,0.001,-0.0009,27.156,1.2052,0.0068,0.0143,2.0985,0,5.0729,6.4128,nan,5.2003,5.3226,0.2108,-0.1679,1.5675,-0.1484,0.2723,-0.2432,27.2410,0.0151,6.0773,0.1450
14.550,26.540,3.6987,-9.9138,134.957,3.7833,-9.9972,135.741,-0.1188,-0.0010,0.1188,0.784,1.0952,1.8934,0.785,2.5248,-11.9263,134.956,0.001,-0.0008,27.156,1.2052,0.0066,0.0141,2.1287,0,5.0729,6.4128,nan,5.2003,5.3226,0.2108,-0.1679,1.5675,-0.1484,0.2723,-0.2432,27.2410,0.0151,6.0773,0.1450
14.600,26.540,3.6986,-9.9139,134.956,3.7833,-9.9972,135.740,-0.1188,-0.0011,0.1188,0.784,1.0952,1.8934,0.785,2.5248,-11.9263,134.955,0.001,-0.0006,27.156,1.2052,0.0066,0.0140,2.1181,0,5.0729,6.4128,nan,5.2003,5.3226,0.2108,-0.1679,1.5675,-0.1484,0.2723,-0.2432,27.2410,0.0151,6.0773,0.1450
14.650,26.540,3.6986,-9.9139,134.955,3.7833,-9.9972,135.740,-0.1188,-0.0011,0.1188,0.785,1.0952,1.8934,0.785,2.5248,-11.9263,134.955,0.000,-0.0005,27.156,1.2052,0.0065,0.0138,2.1208,0,5.0729,6.4128,nan,5.2003,5.3226,0.2108,-0.1679,1.5675,-0.1484,0.2723,-0.2432,27.2410,0.0151,6.0773,0.1450
14.700,26.540,3.6985,-9.9139,134.955,3.7833,-9.9972,135.739,-0.1188,-0.0012,0.1188,0.784,1.0952,1.8934,0.785,2.5248,-11.9263,134.954,0.000,-0.0004,27.156,1.2052,0.0065,0.0137,2.1105,0,5.0729,6.4128,nan,5.2003,5.3226,0.2108,-0.1679,1.5675,-0.1484,0.2723,-0.2432,27.2410,0.0151,6.0773,0.1450
14.750,26.540,3.6985,-9.9139,134.947,3.7833,-9.9972,135.739,-0.1188,-0.0012,0.1188,0.792,1.0952,1.8934,0.785,2.5248,-11.9263,134.954,0.000,-0.0003,27.156,1.2052,0.0065,0.0137,2.0960,0,5.0729,6.4128,nan,5.2003,5.3226,0.2108,-0.1679,1.5675,-0.1484,0.2723,-0.2432,27.2410,0.0151,6.0773,0.1450
14.801,26.540,3.6985,-9.9139,134.947,3.7784,-9.9880,135.702,-0.1089,-0.0042,0.1090,0.756,1.0964,1.9040,0.756,2.5248,-11.9263,134.946,0.000,-0.0002,27.156,1.2052,0.0064,0.0103,1.6108,0,5.0729,6.4128,nan,5.2003,5.3226,0.2108,-0.1679,1.5675,-0.1484,0.2723,-0.2432,27.2410,0.0151,6.0773,0.1450
14.850,26.540,3.6985,-9.9139,134.946,3.7784,-9.9880,135.702,-0.1089,-0.0042,0.1090,0.756,1.0964,1.9040,0.756,2.5248,-11.9263,134.946,0.000,-0.0002,27.156,1.2052,0.0064,0.0103,1.6103,0,5.0729,6.4128,nan,5.2003,5.3226,0.2108,-0.1679,1.5675,-0.1484,0.2723,-0.2432,27.2410,0.0151,6.0773,0.1450
14.900,26.540,3.6984,-9.9139,134.946,3.7784,-9.9880,135.702,-0.1090,-0.0043,0.1090,0.756,1.0964,1.9040,0.756,2.5248,-11.9263,134.946,0.000,-0.0001,27.156,1.2052,0.0065,0.0103,1.5829,0,5.0729,6.4128,nan,5.2003,5.3226,0.2108,-0.1679,1.5675,-0.1484,0.2723,-0.2432,27.2410,0.0151,6.0773,0.1450
14.950,26.540,3.6984,-9.9139,134.946,3.7784,-9.9880,135.702,-0.1090,-0.0043,0.1090,0.756,1.0964,1.9040,0.756,2.5248,-11.9263,134.946,0.000,-0.0001,27.156,1.2052,0.0065,0.0102,1.5801,0,5.0729,6.4128,nan,5.2003,5.3226,0.2108,-0.1679,1.5675,-0.1484,0.2723,-0.2432,27.2410,0.0151,6.0773,0.1450
15.000,26.540,3.6984,-9.9139,134.946,3.7784,-9.9880,135.702,-0.1090,-0.0043,0.1090,0.756,1.0964,1.9040,0.756,2.5248,-11.9263,134.946,0.000,-0.0001,27.156,1.2052,0.0064,0.0102,1.5879,0,5.0729,6.4128,nan,5.2003,5.3226,0.2108,-0.1679,1.5675,-0.1484,0.2723,-0.2432,27.2410,0.0151,6.0773,0.1450
15.050,26.540,3.6984,-9.9139,134.946,3.7784,-9.9880,135.702,-0.1090,-0.0043,0.1090,0.756,1.0964,1.9040,0.756,2.5248,-11.9263,134.946,0.000,-0.0001,27.156,1.2052,0.0064,0.0102,1.5894,0,5.0729,6.4128,nan,5.2003,5.3226,0.2108,-0.1679,1.5675,-0.1484,0.2723,-0.2432,27.2410,0.0151,6.0773,0.1450
15.100,26.540,3.6984,-9.9139,134.946,3.7784,-9.9880,135.702,-0.1090,-0.0043,0.1090,0.756,1.0964,1.9040,0.756,2.5248,-11.9263,134.946,0.000,-0.0001,27.156,1.2052,0.0064,0.0102,1.6010,0,5.0729,6.4128,nan,5.2003,5.3226,0.2108,-0.1679,1.5675,-0.1484,0.2723,-0.2432,27.2410,0.0151,6.0773,0.1450
15.150,26.540,3.6984,-9.9139,134.946,3.7784,-9.9880,135.702,-0.1090,-0.0043,0.1090,0.756,1.0964,1.9040,0.756,2.5248,-11.9263,134.946,0.000,0.0000,27.156,1.2052,0.0064,0.0102,1.6031,0,5.0729,6.4128,nan,5.2003,5.3226,0.2108,-0.1679,1.5675,-0.1484,0.2723,-0.2432,27.2410,0.0151,6.0773,0.1450
15.200,26.540,3.6984,-9.9139,134.946,3.7630,-9.9793,135.281,-0.0919,0.0005,0.0919,0.335,1.1684,1.9320,0.335,2.5248,-11.9263,134.946,0.000,0.0000,27.156,1.2052,0.0064,0.0116,1.8338,0,5.0729,6.4128,nan,5.2003,5.3226,0.2108,-0.1679,1.5675,-0.1484,0.2723,-0.2432,27.2410,0.0151,6.0773,0.1450
15.250,26.540,3.6984,-9.9139,134.946,3.7630,-9.9793,135.281,-0.0919,0.0005,0.0919,0.335,1.1684,1.9320,0.335,2.5248,-11.9263,134.946,0.000,0.0000,27.156,1.2052,0.0064,0.0116,1.8338,0,5.0729,6.4128,nan,5.2003,5.3226,0.2108,-0.1679,1.5675,-0.1484,0.2723,-0.2432,27.2410,0.0151,6.0773,0.1450
15.300,26.540,3.6984,-9.9139,134.946,3.7630,-9.9793,135.281,-0.0919,0.0005,0.0919,0.335,1.1684,1.9320,0.335,2.5248,-11.9263,134.946,0.000,0.0000,27.156,1.2052,0.0064,0.0116,1.8338,0,5.0729,6.4128,nan,5.2003,5.3226,0.2108,-0.1679,1.5675,-0.1484,0.2723,-0.2432,27.2410,0.0151,6.0773,0.1450
15.350,26.540,3.6984,-9.9139,134.946,3.7630,-9.9793,135.281,-0.0919,0.0005,0.0919,0.335,1.1684,1.9320,0.335,2.5248,-11.9263,134.946,0.000,0.0000,27.156,1.2052,0.0064,0.0116,1.8301,0,5.0729,6.4128,nan,5.2003,5.3226,0.2108,-0.1679,1.5675,-0.1484,0.2723,-0.2432,27.2410,0.0151,6.0773,0.1450
15.400,26.542,3.6973,-9.9128,134.945,3.7578,-9.9742,135.280,-0.0862,0.0006,0.0862,0.336,1.1684,1.9320,0.335,2.5197,-11.9212,134.946,0.127,0.0000,27.201,1.2103,0.0062,0.0116,1.8664,0,5.0729,6.4128,nan,5.2003,5.3226,0.2108,-0.1679,1.5675,-0.1484,0.2723,-0.2432,27.2410,0.0151,6.0773,0.1450
15.450,26.562,3.6830,-9.8985,134.941,3.6367,-9.8545,135.498,0.0639,0.0017,0.0639,0.557,1.1224,1.9228,0.556,2.3999,-11.8011,134.942,0.477,0.0000,27.327,1.3454,0.0063,0.0235,3.7383,0,5.0729,6.4128,nan,5.2003,5.3226,0.2108,-0.1679,1.5675,-0.1484,0.2723,-0.2432,27.2410,0.0151,6.0773,0.1450
15.501,26.589,3.6640,-9.8794,134.952,3.5803,-9.7991,135.496,0.1160,0.0025,0.1160,0.545,1.1224,1.9228,0.556,2.3441,-11.7452,134.940,0.712,0.0000,27.413,1.3931,0.0060,0.0305,5.0409,0,5.0729,6.4128,nan,5.2003,5.3226,0.2108,-0.1679,1.5675,-0.1484,0.2723,-0.2432,27.2410,0.0151,6.0773,0.1450
15.550,26.627,3.6369,-9.8523,134.951,3.5047,-9.7239,135.759,0.1843,0.0028,0.1843,0.809,1.0703,1.9140,0.808,2.2701,-11.6711,134.951,0.949,0.0000,27.501,1.4544,0.0062,0.0387,6.2713,0,5.0729,6.4128,nan,5.2003,5.3226,0.2108,-0.1679,1.5675,-0.1484,0.2723,-0.2432,27.2410,0.0151,6.0773,0.1450
15.600,26.675,3.6030,-9.8183,134.950,3.4318,-9.6528,135.758,0.2381,0.0043,0.2381,0.808,1.0703,1.9140,0.808,2.1981,-11.5990,134.950,1.178,0.0000,27.587,1.5045,0.0059,0.0393,6.6221,0,5.0729,6.4128,nan,5.2003,5.3226,0.2108,-0.1679,1.5675,-0.1484,0.2723,-0.2432,27.2410,0.0151,6.0773,0.1450
15.650,26.750,3.5506,-9.7659,134.949,3.3891,-9.6028,135.352,0.2295,-0.0009,0.2295,0.403,1.1702,1.9205,0.402,2.1379,-11.5386,134.949,1.460,0.0000,27.694,1.5149,0.0061,0.0391,6.4006,0,5.0729,6.4128,nan,5.2003,5.3226,0.2108,-0.1679,1.5675,-0.1484,0.2723,-0.2432,27.2410,0.0151,6.0773,0.1450
15.701,26.851,3.4790,-9.6941,134.941,3.3231,-9.5295,135.067,0.2267,-0.0059,0.2267,0.126,1.2389,1.9266,0.121,2.0598,-11.4605,134.946,1.835,-0.0028,27.810,1.5233,0.0153,0.0376,2.4585,0,5.0729,6.4128,nan,5.2003,5.3226,0.2108,-0.1679,1.5675,-0.1484,0.2723,-0.2432,27.2410,0.0151,6.0773,0.1450
15.750,26.927,3.4256,-9.6405,134.929,3.2599,-9.4665,135.058,0.2402,-0.0056,0.2403,0.129,1.2389,1.9266,0.121,1.9968,-11.3973,134.937,1.933,-0.0030,27.887,1.5360,0.0061,0.0451,7.3434,0,5.0729,6.4128,nan,5.2003,5.3226,0.2108,-0.1679,1.5675,-0.1484,0.2723,-0.2432,27.2410,0.0151,6.0773,0.1450
15.800,27.017,3.3620,-9.5768,134.922,3.2122,-9.4199,135.069,0.2169,-0.0047,0.2169,0.147,1.2484,1.9098,0.149,1.9344,-11.3347,134.921,1.975,-0.0061,27.978,1.5345,0.0060,0.0490,8.1830,0,5.0729,6.4128,nan,5.2003,5.3226,0.2108,-0.1679,1.5675,-0.1484,0.2723,-0.2432,27.2410,0.0151,6.0773,0.1450
15.850,27.108,3.2975,-9.5122,134.904,3.1509,-9.3587,135.056,0.2121,-0.0045,0.2122,0.152,1.2484,1.9098,0.149,1.8733,-11.2734,134.907,1.990,-0.0061,28.069,1.5301,0.0058,0.0530,9.1666,0,5.0729,6.4128,nan,5.2003,5.3226,0.2108,-0.1679,1.5675,-0.1484,0.2723,-0.2432,27.2410,0.0151,6.0773,0.1450
15.900,27.235,3.2075,-9.4218,134.871,3.0944,-9.3009,134.511,0.1655,-0.0051,0.1656,-0.360,1.3704,1.9060,-0.367,1.7958,-11.1956,134.878,1.995,-0.0092,28.196,1.5135,0.0100,0.0456,4.5554,0,5.0729,6.4128,nan,5.2003,5.3226,0.2108,-0.1679,1.5675,-0.1484,0.2723,-0.2432,27.2410,0.0151,6.0773,0.1450
15.950,27.305,3.1583,-9.3723,134.852,3.0550,-9.2623,133.748,0.1508,-0.0043,0.1509,-1.104,1.5285,1.9103,-1.105,1.7416,-11.1412,134.853,1.996,-0.0123,28.265,1.5201,0.0055,0.0229,4.1513,0,5.0729,6.4128,nan,5.2003,5.3226,0.2108,-0.1679,1.5675,-0.1484,0.2723,-0.2432,27.2410,0.0151,6.0773,0.1450
16.000,27.451,3.0556,-9.2690,134.811,2.9607,-9.1638,133.708,0.1415,-0.0068,0.1417,-1.104,1.5285,1.9103,-1.105,1.6455,-11.0444,134.812,1.995,-0.0092,28.410,1.5114,0.0136,0.0373,2.7371,0,5.0729,6.4128,nan,5.2003,5.3226,0.2108,-0.1679,1.5675,-0.1484,0.2723,-0.2432,27.2410,0.0151,6.0773,0.1450
16.050,27.519,3.0077,-9.2208,134.846,2.9084,-9.1077,133.876,0.1503,-0.0094,0.1506,-0.970,1.5106,1.8879,-0.916,1.5734,-10.9718,134.792,1.995,0.0247,28.478,1.5436,0.0070,0.0344,4.8866,0,5.0729,6.4128,nan,5.2003,5.3226,0.2108,-0.1679,1.5675,-0.1484,0.2723,-0.2432,27.2410,0.0151,6.0773,0.1450
16.100,27.616,2.9388,-9.1516,134.916,2.8539,-9.0513,134.003,0.1310,-0.0107,0.1314,-0.912,1.5106,1.8879,-0.916,1.5180,-10.9163,134.919,1.995,0.0710,28.575,1.5255,0.0071,0.0290,4.1099,0,5.0729,6.4128,nan,5.2003,5.3226,0.2108,-0.1679,1.5675,-0.1484,0.2723,-0.2432,27.2410,0.0151,6.0773,0.1450
16.150,27.718,2.8668,-9.0797,135.173,2.7973,-8.9953,134.013,0.1088,-0.0108,0.1093,-1.160,1.5654,1.8806,-1.153,1.4504,-10.8489,135.166,1.994,0.1135,28.676,1.5196,0.0076,0.0213,2.7958,0,5.0729,6.4128,nan,5.2003,5.3226,0.2108,-0.1679,1.5675,-0.1484,0.2723,-0.2432,27.2410,0.0151,6.0773,0.1450
16.200,27.838,2.7816,-8.9956,135.672,2.7119,-8.9080,134.507,0.1110,-0.0140,0.1119,-1.166,1.5654,1.8806,-1.153,1.3633,-10.7634,135.660,1.994,0.1821,28.795,1.5217,0.0150,0.0340,2.2609,0,5.0729,6.4128,nan,5.2003,5.3226,0.2108,-0.1679,1.5675,-0.1484,0.2723,-0.2432,27.2410,0.0151,6.0773,0.1450
16.250,27.918,2.7244,-8.9401,136.193,2.6696,-8.8639,134.911,0.0923,-0.0171,0.0938,-1.281,1.6162,1.8710,-1.345,1.3051,-10.7073,136.256,1.993,0.2532,28.874,1.5227,0.0082,0.0186,2.2573,0,5.0729,6.4128,nan,5.2003,5.3226,0.2108,-0.1679,1.5675,-0.1484,0.2723,-0.2432,27.2410,0.0151,6.0773,0.1450
16.300,28.019,2.6505,-8.8702,137.113,2.6323,-8.8365,135.779,0.0363,-0.0123,0.0383,-1.335,1.5849,1.8415,-1.093,1.2508,-10.6561,136.872,1.991,0.3770,28.975,1.4976,0.0099,0.0120,1.2122,0,5.0729,6.4128,nan,5.2003,5.3226,0.2108,-0.1679,1.5675,-0.1484,0.2723,-0.2432,27.2410,0.0151,6.0773,0.1450
16.350,28.097,2.5932,-8.8178,137.953,2.5672,-8.7749,136.852,0.0480,-0.0144,0.0502,-1.102,1.5849,1.8415,-1.093,1.1846,-10.5957,137.945,1.990,0.3834,29.053,1.5085,0.0259,0.0232,0.8962,1,5.0729,6.4128,nan,5.2003,5.3226,0.2108,-0.1679,1.5675,-0.1484,0.2723,-0.2432,27.2410,0.0151,6.0773,0.1450
16.400,28.208,2.5097,-8.7445,139.549,2.4933,-8.7059,138.423,0.0376,-0.0187,0.0420,-1.126,1.6054,1.8347,-1.144,1.0981,-10.5207,139.566,1.823,0.3074,29.147,1.5113,0.0072,0.0095,1.3316,1,0.2000,1.5428,nan,5.1716,0.8095,0.0321,-1.0000,0.8000,0.3644,0.3866,-0.2379,27.3408,0.1200,-5.7609,0.1015
16.450,28.295,2.4436,-8.6885,139.154,2.4788,-8.6934,138.435,-0.0298,-0.0194,0.0356,-0.720,1.6054,1.8347,-1.144,1.0834,-10.5085,139.578,1.515,-0.5133,29.186,1.4507,0.0052,0.0234,4.4648,1,0.4113,1.2271,nan,5.1716,1.0209,0.0404,-1.0000,0.8000,0.3701,0.3435,-0.2379,27.3408,0.1200,-5.8970,0.1015
16.500,28.368,2.3886,-8.6395,136.587,2.4354,-8.6521,135.512,-0.0427,-0.0230,0.0485,-1.075,1.6054,1.8347,-1.144,1.0392,-10.4681,136.655,1.187,-1.0423,29.238,1.4386,0.0043,0.0472,10.9875,1,0.6690,0.9100,nan,5.1716,1.2924,0.0512,-0.9668,0.8000,0.3919,0.2319,-0.2317,27.4406,0.1200,-7.2640,0.1015
16.550,28.416,2.3548,-8.6060,133.600,2.4008,-8.6159,132.541,-0.0389,-0.0264,0.0470,-1.059,1.6054,1.8347,-1.144,1.0038,-10.4327,133.685,1.161,-1.5358,29.288,1.4411,0.0021,0.0453,22.0872,1,0.9025,1.0573,nan,5.2003,1.5391,0.0610,-0.8682,0.8000,0.4061,0.1681,-0.2260,27.5403,0.1200,0.3888,0.1015
16.600,28.472,2.3175,-8.5637,128.882,2.3434,-8.5562,128.369,-0.0105,-0.0249,0.0270,-0.513,1.4754,1.8370,-0.524,0.9631,-10.3848,128.893,1.252,-1.8392,29.356,1.4475,0.0029,0.0153,5.3348,1,1.1821,1.3298,nan,5.2594,1.8189,0.0720,-0.7843,0.8000,0.4287,0.0283,-0.2257,27.6401,0.1199,1.3923,0.1015
16.650,28.546,2.2746,-8.5044,122.830,2.2963,-8.4993,124.104,-0.0075,-0.0210,0.0223,1.274,1.3687,1.8280,0.033,0.9216,-10.3279,124.070,1.404,-1.9324,29.444,1.4447,0.0042,0.0070,1.6438,1,1.3959,1.7645,nan,5.2937,2.0428,0.0809,-0.7081,0.8000,0.4319,-0.0653,-0.2145,27.7399,0.1198,5.2348,0.1015
16.700,28.636,2.2300,-8.4261,116.373,2.2290,-8.3815,116.311,0.0404,-0.0189,0.0446,-0.062,1.3687,1.8280,0.033,0.8543,-10.2100,116.278,1.661,-2.0079,29.555,1.4900,0.0159,0.0137,0.8648,1,1.6502,1.8344,nan,5.2937,2.3062,0.0913,-0.6494,0.8000,0.4354,-0.0973,-0.2147,27.8397,0.1196,4.1589,0.1015
16.750,28.702,2.2025,-8.3655,112.079,2.1989,-8.3143,111.269,0.0488,-0.0159,0.0513,-0.810,1.4511,1.8385,-0.448,0.8272,-10.1466,111.717,1.838,-1.9488,29.636,1.4925,0.0024,0.0067,2.8202,1,1.8163,1.9721,nan,5.3254,2.4766,0.0981,-0.5481,0.8000,0.4220,-0.1797,-0.2056,27.9395,0.1194,5.7740,0.1015
16.800,28.819,2.1647,-8.2555,105.711,2.1570,-8.1704,105.161,0.0840,-0.0156,0.0854,-0.550,1.4146,1.8284,-0.202,0.7775,-9.9961,105.363,2.094,-1.8517,29.774,1.5344,0.0105,0.0137,1.2990,1,2.1979,2.4161,nan,5.4298,2.8620,0.1133,-0.3663,0.8000,0.3788,-0.2580,-0.1986,28.1390,0.1189,3.4189,0.1015
16.850,28.866,2.1527,-8.2099,103.316,2.1408,-8.1259,103.708,0.0845,-0.0078,0.0849,0.392,1.2976,1.8224,0.432,0.7683,-9.9543,103.276,2.187,-1.8987,29.829,1.5298,0.0074,0.0085,1.1539,1,2.1978,2.2153,nan,5.4672,2.8760,0.1139,-0.2617,0.8000,0.3552,-0.3169,-0.1924,28.2388,0.1189,5.0091,0.1015
16.900,29.051,2.1205,-8.0276,97.305,2.1070,-7.9205,97.723,0.1079,-0.0002,0.1079,0.418,1.2139,1.8022,0.934,0.7346,-9.7360,96.789,2.601,-1.1529,30.038,1.5637,0.0037,0.0139,3.7195,1,2.4672,2.7052,nan,5.5022,3.1419,0.1244,-0.2561,0.8412,0.3337,-0.2565,-0.1929,28.3386,0.1183,5.4914,0.1015
16.950,29.184,2.1071,-7.8950,94.094,2.0859,-7.7742,95.059,0.1220,0.0125,0.1227,0.965,1.1746,1.8004,1.130,0.7223,-9.5907,93.929,2.828,-1.1271,30.183,1.5751,0.0033,0.0273,8.2645,1,2.6571,2.7710,nan,5.5395,3.3306,0.1319,-0.1505,0.9096,0.2922,-0.2881,-0.1859,28.4384,0.1179,5.7556,0.1015
17.000,29.304,2.1009,-7.7754,92.045,2.0800,-7.5908,90.266,0.1852,0.0143,0.1858,-1.779,1.6141,1.9002,-1.518,0.7172,-9.4753,91.784,3.020,-0.7007,30.312,1.5708,0.0054,0.0129,2.3740,1,2.8470,2.9106,nan,5.6537,3.5334,0.1399,-0.0085,0.9823,0.2194,-0.2860,-0.1728,28.7377,0.1176,3.9886,0.1015
17.050,29.493,2.0974,-7.5860,90.113,2.0800,-7.3622,88.600,0.2239,0.0170,0.2245,-1.514,1.5850,1.8845,-1.362,0.7146,-9.2323,89.962,3.264,-0.3124,30.514,1.6204,0.0018,0.0121,6.8047,1,3.1132,3.7497,nan,5.7315,3.8058,0.1507,-0.0009,1.0793,0.1743,-0.2358,-0.1649,28.9373,0.1168,3.2345,0.1015
17.100,29.668,2.0975,-7.4112,90.015,2.0847,-7.1946,88.736,0.2166,0.0128,0.2170,-1.279,1.5850,1.8845,-1.362,0.7153,-9.0646,90.098,3.482,-0.1660,30.700,1.6135,0.0071,0.0115,1.6188,1,3.2472,3.2744,nan,5.8102,3.9442,0.1562,-0.0471,1.1303,0.1543,-0.1633,-0.1583,29.1369,0.1165,5.2243,0.1015
17.150,29.815,2.0981,-7.2645,89.482,2.0839,-7.1194,88.639,0.1450,0.0155,0.1458,-0.843,1.5260,1.8647,-1.007,0.7157,-8.9729,89.646,3.652,-0.2220,30.856,1.5624,0.0074,0.0104,1.4056,1,3.2658,3.3779,nan,5.8500,3.9665,0.1571,-0.0124,1.1396,0.1325,-0.1775,-0.1542,29.2367,0.1166,4.1282,0.1015
17.200,30.015,2.1007,-7.0640,89.143,2.0828,-6.8923,88.965,0.1714,0.0205,0.1726,-0.178,1.3850,1.7868,-0.144,0.7196,-8.6773,89.109,3.770,-0.0685,31.063,1.6506,0.0081,0.0181,2.2252,1,3.5532,4.2258,nan,5.9303,4.2564,0.1686,-0.0428,1.2442,0.1114,-0.1237,-0.1485,29.4362,0.1156,1.6748,0.1015
17.250,30.145,2.1028,-6.9346,88.854,2.0847,-6.7931,88.817,0.1411,0.0209,0.1426,-0.037,1.3850,1.7868,-0.144,0.7213,-8.5782,88.961,3.863,-0.2606,31.199,1.6225,0.0078,0.0180,2.3103,1,3.5300,3.5100,nan,5.9718,4.2385,0.1679,-0.0157,1.2416,0.0878,-0.1388,-0.1412,29.5360,0.1161,4.3356,0.1015
17.300,30.427,2.1107,-6.6521,88.102,2.0996,-6.4956,87.577,0.1561,0.0163,0.1569,-0.525,1.4289,1.7935,-0.410,0.7300,-8.2841,87.987,4.051,-0.0989,31.493,1.6330,0.0094,0.0142,1.5112,1,3.6061,3.7968,nan,6.0541,4.3263,0.1713,-0.0233,1.2699,0.0575,-0.0960,-0.1320,29.8354,0.1163,1.8612,0.1015
17.350,30.628,2.1178,-6.4519,87.720,2.1072,-6.3009,87.269,0.1505,0.0166,0.1514,-0.451,1.4411,1.8114,-0.498,0.7365,-8.1062,87.767,4.141,-0.1883,31.700,1.6123,0.0095,0.0142,1.4975,1,3.8547,4.1208,nan,6.1370,4.5948,0.1820,-0.0299,1.3539,0.0421,-0.0777,-0.1227,30.0349,0.1159,1.9279,0.1015
17.400,30.822,2.1263,-6.2581,87.197,2.1214,-6.0634,86.839,0.1943,0.0144,0.1948,-0.358,1.4135,1.7882,-0.297,0.7485,-7.8477,87.136,4.301,-0.2113,31.904,1.6716,0.0094,0.0165,1.7661,1,4.0807,4.0899,nan,6.2635,4.8475,0.1920,-0.0315,1.3983,0.0190,-0.0714,-0.1161,30.2345,0.1153,4.2755,0.1015
17.450,31.064,2.1395,-6.0160,86.408,2.1412,-5.8090,85.812,0.2067,0.0113,0.2070,-0.596,1.4436,1.7882,-0.501,0.7640,-7.5908,86.313,4.500,-0.2300,32.161,1.6847,0.0065,0.0185,2.8409,1,4.1886,4.8334,nan,6.4107,4.9163,0.1947,-0.0321,1.3906,-0.0067,-0.0512,-0.1262,30.6336,0.1138,3.8016,0.1015
17.500,31.283,2.1542,-5.7973,85.750,2.1417,-5.7186,86.626,0.0775,0.0183,0.0797,0.877,1.2609,1.7408,0.830,0.7726,-7.4714,85.796,4.636,-0.3850,32.391,1.5940,0.0089,0.0331,3.7203,1,4.1376,3.6054,nan,6.4415,4.8608,0.1925,-0.0710,1.3906,0.0080,-0.0250,-0.1262,30.6336,0.1141,3.0360,0.1015
17.550,31.494,2.1715,-5.5871,84.504,2.1626,-5.4219,85.815,0.1636,0.0246,0.1655,1.311,1.1905,1.7054,1.379,0.8004,-7.1486,84.436,4.709,-0.5177,32.608,1.6958,0.0108,0.0439,4.0656,1,4.3222,5.0989,nan,6.4965,5.0082,0.1983,-0.0572,1.3823,-0.0061,-0.0371,-0.1333,30.9330,0.1121,0.6090,0.1015
17.600,31.712,2.1944,-5.3704,83.272,2.1888,-5.2166,83.706,0.1521,0.0236,0.1539,0.434,1.3069,1.7127,0.470,0.8251,-6.9363,83.236,4.777,-0.4344,32.833,1.6910,0.0144,0.0303,2.0964,1,4.6132,4.7661,nan,6.5606,5.2601,0.2083,-0.0602,1.3771,-0.0238,-0.0275,-0.1367,31.2323,0.1091,2.2936,0.1015
17.650,32.003,2.2318,-5.0819,81.702,2.2313,-4.8900,82.155,0.1898,0.0282,0.1919,0.453,1.3103,1.7245,0.461,0.8677,-6.6217,81.694,4.923,-0.4564,33.136,1.7140,0.0033,0.0336,10.1674,1,4.8537,5.1715,nan,6.5969,5.4395,0.2154,-0.0709,1.3683,-0.0294,-0.0103,-0.1462,31.5317,0.1045,2.8262,0.1015
17.700,32.102,2.2464,-4.9841,81.188,2.2414,-4.8310,81.715,0.1506,0.0284,0.1532,0.527,1.2966,1.7125,0.574,0.8792,-6.5526,81.141,4.963,-0.4600,33.239,1.6879,0.0127,0.0353,2.7802,1,4.8478,4.8940,nan,6.5889,5.3490,0.2118,-0.0895,1.3652,-0.0298,0.0016,-0.1513,31.7313,0.1034,1.7327,0.1015
17.750,32.568,2.3286,-4.5253,78.810,2.2984,-4.5639,80.221,-0.0438,0.0221,0.0490,1.411,1.2365,1.6370,1.150,0.9373,-6.2210,79.071,5.116,-0.7084,33.722,1.5775,0.0069,0.0425,6.1610,1,4.7954,4.8230,nan,6.5374,5.2920,0.2096,-0.0956,1.3596,-0.0309,0.0155,-0.1539,31.9308,0.1035,2.5053,0.1015
17.800,32.753,2.3685,-4.3448,76.629,2.3648,-4.2199,77.966,0.1207,0.0325,0.1250,1.336,1.2037,1.6119,1.406,1.0177,-5.8585,76.560,5.147,-0.6420,33.910,1.7343,0.0018,0.0355,19.4081,1,4.9903,4.9767,nan,6.3003,5.4743,0.2168,-0.0860,1.3512,-0.0471,0.0029,-0.1656,32.2302,0.0970,1.4752,0.1015
17.851,32.997,2.4279,-4.1083,74.787,2.4189,-4.0435,75.476,0.0602,0.0257,0.0654,0.689,1.2885,1.6133,0.624,1.0687,-5.6688,74.852,5.228,-0.7000,34.163,1.6927,0.0013,0.0305,24.0086,1,4.9071,5.0755,nan,6.2528,5.3845,0.2132,-0.0661,1.3432,-0.0630,-0.0087,-0.1702,32.4297,0.0973,0.9899,0.1015
17.900,33.243,2.4955,-3.8717,72.994,2.4881,-3.7955,73.646,0.0707,0.0293,0.0766,0.653,1.2849,1.6120,0.659,1.1409,-5.4210,72.987,5.229,-0.5489,34.411,1.7019,0.0089,0.0313,3.5129,1,5.0215,5.1862,nan,6.1130,5.4887,0.2174,-0.0880,1.3432,-0.0637,0.0144,-0.1753,32.7291,0.0931,-0.6983,0.1015
17.950,33.583,2.6006,-3.5478,70.448,2.5927,-3.4947,71.847,0.0474,0.0252,0.0536,1.399,1.2298,1.5523,1.203,1.2567,-5.0745,70.645,5.268,-0.9703,34.759,1.7198,0.0124,0.0216,1.7493,1,5.2435,5.6939,nan,5.9703,5.6830,0.2251,-0.1009,1.3432,-0.0695,0.0184,-0.1822,32.9287,0.0838,0.7631,0.1015
18.000,33.806,2.6784,-3.3388,68.384,2.6612,-3.3375,69.586,-0.0052,0.0165,0.0173,1.203,1.2113,1.5045,1.360,1.3345,-4.8751,68.226,5.356,-0.6990,34.991,1.7107,0.0033,0.0163,4.9444,1,5.2418,5.2379,nan,5.8721,5.6577,0.2241,-0.0925,1.3432,-0.0771,0.0299,-0.1911,33.2280,0.0794,2.4936,0.1015
18.050,33.930,2.7246,-3.2239,67.473,2.7127,-3.2403,68.234,-0.0197,0.0047,0.0203,0.761,1.2510,1.4747,0.843,1.3921,-4.7360,67.391,5.402,-0.7239,35.120,1.7302,0.0007,0.0082,11.0754,1,5.1639,5.1857,nan,5.7270,5.5617,0.2203,-0.0777,1.3432,-0.0875,0.0459,-0.2013,33.5274,0.0770,1.3732,0.1015
18.100,34.413,2.9230,-2.7835,63.802,2.8531,-2.9287,65.126,-0.1611,-0.0014,0.1611,1.323,1.2454,1.4631,0.909,1.5378,-4.4167,64.217,5.418,-0.5565,35.610,1.6334,0.0130,0.0143,1.0966,1,5.1239,5.9903,nan,5.6345,5.4755,0.2168,-0.0819,1.3432,-0.0729,0.0786,-0.2187,33.8267,0.0686,-0.4687,0.1015
18.150,34.602,3.0078,-2.6146,62.483,2.9890,-2.6827,62.686,-0.0690,-0.0148,0.0706,0.203,1.2913,1.4534,0.282,1.6773,-4.1444,62.404,5.391,-0.7274,35.798,1.7126,0.0006,0.0188,33.9174,1,5.3471,6.2962,nan,5.6572,5.6426,0.2235,-0.0411,1.3422,-0.0897,0.0619,-0.1952,33.9265,0.0552,-0.9194,0.1015
18.200,34.856,3.1281,-2.3907,61.068,3.1119,-2.4363,61.898,-0.0478,-0.0078,0.0484,0.830,1.2224,1.4269,1.179,1.8095,-3.9013,60.719,5.434,-0.2271,36.059,1.7274,0.0001,0.0086,74.2611,1,5.0558,5.1046,nan,5.6470,5.6296,0.2230,-0.1007,1.2589,-0.0264,0.1488,-0.0890,34.3256,0.1135,2.3292,0.1015
18.250,35.120,3.2566,-2.1611,60.244,3.2590,-2.1708,60.881,-0.0072,-0.0069,0.0100,0.637,1.2706,1.4572,0.573,1.9520,-3.6477,60.308,5.507,-0.5470,36.330,1.7461,0.0009,0.0043,4.8440,1,5.2856,5.6572,nan,5.2848,5.2378,0.2074,-0.0571,1.2003,0.0044,0.1146,-0.0015,34.6250,0.1200,-0.7019,0.1015
18.300,35.475,3.4391,-1.8565,58.084,3.4564,-1.8556,57.962,0.0099,-0.0142,0.0173,-0.122,1.2860,1.4618,0.397,2.1473,-3.3324,57.564,5.396,0.1697,36.680,1.7527,0.0417,0.0357,0.8568,1,5.5133,5.8846,nan,4.9166,4.9261,0.1951,0.0399,1.1421,0.0188,0.0595,0.0750,34.9243,0.0044,-3.6888,0.1015
18.350,35.703,3.5591,-1.6623,58.765,3.5493,-1.7027,59.283,-0.0397,-0.0126,0.0416,0.518,1.2856,1.4574,0.379,2.2427,-3.1751,58.904,5.204,0.0376,36.894,1.7246,0.0017,0.0051,3.0556,1,5.3609,5.2196,nan,4.7961,4.8269,0.1912,-0.0642,1.1226,0.0552,0.1462,0.1092,35.0241,0.0150,-5.8292,0.1015
18.400,35.958,3.6926,-1.4453,57.873,3.6744,-1.4920,57.999,-0.0492,-0.0095,0.0501,0.126,1.2796,1.4590,0.488,2.3696,-2.9712,57.511,4.986,-0.0709,37.134,1.7140,0.0016,0.0095,6.0147,1,4.8648,4.7016,nan,4.5616,4.6136,0.1827,0.1376,1.0702,0.0504,-0.0035,0.1903,35.3235,0.0268,-4.5747,0.0711
18.450,36.091,3.7635,-1.3327,57.982,3.7338,-1.3917,58.894,-0.0658,-0.0061,0.0661,0.912,1.2489,1.4379,1.139,2.4282,-2.8784,57.755,4.874,0.3368,37.259,1.6991,0.0035,0.0109,3.1246,1,4.5868,4.3586,nan,4.4486,4.5957,0.1820,0.0392,1.0702,0.0955,0.0677,0.2438,35.5230,0.0817,-4.0756,0.0711
18.500,36.345,3.8963,-1.1162,59.304,3.8640,-1.1717,60.210,-0.0642,-0.0006,0.0643,0.906,1.2782,1.4701,0.767,2.5502,-2.6762,59.443,4.719,0.2983,37.503,1.6890,0.0087,0.0094,1.0784,1,4.4744,4.5292,nan,4.1246,4.0896,0.1620,0.1076,1.0702,0.1102,0.0292,0.3029,35.7226,-0.0194,-2.7404,0.0711
18.550,36.617,4.0338,-0.8811,60.435,3.9714,-0.9733,60.913,-0.1110,0.0088,0.1113,0.477,1.2650,1.4536,0.785,2.6729,-2.4638,60.128,4.459,0.6815,37.758,1.6724,0.0266,0.0124,0.4677,1,4.4147,4.3911,nan,4.0229,3.9440,0.1562,0.2068,1.0702,0.1081,-0.0054,0.3333,35.8224,-0.0443,-3.1466,0.0711
18.600,36.873,4.1547,-0.6556,64.248,4.0993,-0.7295,63.740,-0.0906,0.0178,0.0924,-0.508,1.2466,1.4242,1.099,2.8109,-2.2080,62.641,4.116,1.3011,37.995,1.6954,0.0055,0.0217,3.9127,1,4.4025,4.4382,nan,3.7359,4.0757,0.1614,0.2225,1.0702,0.1186,-0.0401,0.4225,36.1217,-0.0200,-6.8013,0.0711
18.650,36.979,4.1999,-0.5593,66.199,4.1796,-0.5642,66.525,-0.0126,0.0166,0.0209,0.326,1.2988,1.4649,-0.327,2.8924,-2.0125,66.852,4.059,1.3889,38.152,1.7789,0.0069,0.0190,2.7457,1,4.2945,4.4412,nan,3.6457,3.9863,0.1579,0.1489,1.0702,0.1545,0.0689,0.4530,36.2215,-0.0200,-2.2793,0.0711
18.700,37.195,4.2807,-0.3588,70.348,4.2074,-0.4710,70.261,-0.1304,0.0313,0.1341,-0.087,1.2988,1.4649,-0.327,2.9196,-1.9193,70.589,3.957,0.9377,38.312,1.6934,0.0137,0.0452,3.3022,1,3.9859,3.8676,nan,3.5611,3.7092,0.1469,0.2642,1.0664,0.1496,-0.0130,0.5199,36.4211,-0.0200,-0.9420,0.0711
18.750,37.402,4.3456,-0.1625,73.845,4.2723,-0.2827,72.920,-0.1358,0.0370,0.1408,-0.925,1.3221,1.5011,-0.656,2.9704,-1.7499,73.576,3.814,1.4461,38.557,1.6729,0.0204,0.0485,2.3779,1,4.0125,4.0450,nan,3.3357,3.7888,0.1501,0.2673,1.0702,0.1408,-0.0322,0.5942,36.6207,-0.0200,-3.9789,0.0711
18.800,37.657,4.4049,0.0849,79.750,4.3459,-0.0266,78.185,-0.1202,0.0382,0.1261,-1.565,1.3694,1.5724,-1.782,3.0248,-1.5056,79.968,3.708,1.3379,38.765,1.6716,0.0092,0.0623,6.8106,1,3.7912,3.7192,nan,3.2684,3.7112,0.1470,0.2989,1.0277,0.1109,-0.1357,0.6273,36.9200,-0.0200,-0.6982,0.0711
18.850,37.826,4.4306,0.2528,83.651,4.3894,0.1689,81.540,-0.0879,0.0317,0.0935,-2.111,1.3937,1.6102,-2.178,3.0483,-1.3264,83.718,3.663,1.6886,38.935,1.6830,0.0095,0.0533,5.6309,1,3.7255,3.7393,nan,3.2949,3.6455,0.1444,0.3094,1.0504,0.0688,-0.1813,0.5454,37.1196,-0.0200,-1.2594,0.0711
18.901,38.015,4.4441,0.4405,88.795,4.4290,0.3664,86.451,-0.0744,0.0135,0.0756,-2.343,1.4253,1.6528,-2.511,3.0572,-1.1536,88.962,3.560,1.7754,39.122,1.6706,0.0439,0.0120,0.2738,1,3.4670,3.3111,nan,3.4168,3.3787,0.1338,0.3562,0.9966,0.0353,-0.1377,0.5065,37.2194,-0.0221,-2.0623,0.0711
18.950,38.195,4.4404,0.6211,94.366,4.4425,0.5954,92.133,-0.0258,-0.0002,0.0258,-2.232,1.4384,1.6697,-2.506,3.0483,-0.9419,94.640,3.429,1.9807,39.301,1.7016,0.0438,0.0212,0.4840,1,3.4866,3.6749,nan,3.5633,3.7257,0.1476,0.3523,1.0384,-0.0082,-0.1427,0.4369,37.4189,0.0110,-4.2630,0.0711
19.000,38.295,4.4305,0.7205,97.602,4.4341,0.6735,96.365,-0.0471,0.0027,0.0472,-1.237,1.4292,1.6483,-2.061,3.0380,-0.8661,98.426,3.461,1.9057,39.405,1.6796,0.0150,0.0237,1.5732,1,3.3004,3.0004,nan,3.7234,3.8231,0.1514,0.2694,1.0183,-0.0184,-0.0924,0.3698,37.6185,0.0757,0.8236,0.0711
19.050,38.492,4.3956,0.9140,102.973,4.3895,0.9650,102.304,0.0511,-0.0055,0.0514,-0.668,1.4200,1.6343,-1.441,2.9854,-0.5944,103.746,3.566,1.4946,39.612,1.7591,0.0132,0.0214,1.6205,1,3.5478,3.7759,nan,3.8943,4.0380,0.1599,0.2458,1.1316,-0.0433,-0.1054,0.3091,37.8181,0.0620,1.3040,0.0711
19.100,38.684,4.3457,1.0994,107.510,4.3413,1.1142,106.901,0.0154,-0.0003,0.0154,-0.609,1.4180,1.6052,-1.213,2.9330,-0.4289,108.114,3.699,1.4162,39.815,1.7412,0.0139,0.0086,0.6226,1,3.5639,3.5973,nan,4.0736,4.2032,0.1665,0.2332,1.1771,-0.0791,-0.0841,0.2473,38.0176,0.0935,2.4269,0.0711
19.150,38.924,4.2644,1.3250,112.387,4.2714,1.2755,111.169,-0.0484,0.0124,0.0500,-1.219,1.4130,1.5735,-0.889,2.8627,-0.2536,112.058,3.906,1.2742,40.071,1.6903,0.0213,0.0119,0.5578,1,3.6786,3.7184,nan,4.1655,4.3099,0.1707,0.1845,1.2394,-0.0758,-0.0754,0.2130,38.1174,0.0898,2.9257,0.0711
19.200,39.026,4.2241,1.4193,114.211,4.1966,1.4450,114.128,0.0348,0.0145,0.0377,-0.083,1.4123,1.5594,-0.660,2.7854,-0.0823,114.788,3.980,1.1454,40.179,1.7755,0.0078,0.0071,0.9071,1,3.9700,4.0914,nan,4.4327,4.5979,0.1821,0.0987,1.3953,-0.0967,-0.0614,0.1208,38.4168,0.0843,2.6515,0.0711
19.250,39.151,4.1712,1.5325,115.996,4.1743,1.4869,115.609,-0.0424,0.0172,0.0457,-0.386,1.4123,1.5594,-0.660,2.7626,-0.0407,116.269,4.094,0.8344,40.313,1.6978,0.0063,0.0273,4.3598,1,3.8005,3.7814,nan,4.5997,4.5519,0.1803,0.1177,1.3357,-0.1244,-0.0756,0.0581,38.6163,0.1191,3.9316,0.0711
19.300,39.468,4.0251,1.8141,119.027,4.0116,1.8115,117.856,0.0043,0.0130,0.0137,-1.171,1.4098,1.5882,-1.073,2.5972,0.2720,118.929,4.315,0.7869,40.646,1.7338,0.0077,0.0038,0.4991,1,3.9798,4.1073,nan,4.6802,4.7528,0.1882,0.1267,1.3841,-0.1531,-0.0901,-0.0026,38.8159,0.1200,3.1095,0.0711
19.350,39.468,4.0251,1.8141,119.027,4.0131,1.8084,118.314,0.0008,0.0133,0.0133,-0.713,1.4131,1.5643,-0.615,2.5972,0.2720,118.929,4.315,0.7869,40.646,1.7338,0.0077,0.0079,1.0290,1,4.0844,4.1589,nan,4.8359,4.8608,0.1925,0.0684,1.2969,-0.1565,-0.0249,-0.0623,39.0155,0.1187,1.3382,0.0711
19.400,39.630,3.9450,1.9542,120.807,3.8752,2.0471,121.137,0.1155,0.0124,0.1162,0.330,1.4168,1.5635,-0.721,2.4521,0.5145,121.858,4.412,0.8678,40.815,1.8529,0.0110,0.0100,0.9119,1,3.8543,2.7165,nan,4.9112,4.6014,0.1822,0.0225,1.2497,-0.1448,0.0291,-0.0727,39.1153,0.1186,2.4493,0.0711
19.450,39.932,3.7850,2.2107,122.958,3.8180,2.1290,123.810,-0.0865,0.0168,0.0881,0.852,1.4168,1.5635,-0.721,2.3939,0.5957,124.531,4.596,0.4812,41.132,1.6525,0.0097,0.0420,4.3501,1,3.8615,4.2084,nan,5.1282,4.3291,0.1714,0.0795,1.1350,-0.1690,0.0214,-0.1063,39.4146,0.1169,1.8764,0.0711
19.500,40.255,3.6075,2.4803,123.422,3.6396,2.4184,123.488,-0.0693,0.0073,0.0697,0.066,1.4131,1.5756,-0.941,2.2123,0.8793,124.429,4.485,0.0309,41.448,1.6671,0.0075,0.0182,2.4192,1,4.0520,5.9721,nan,4.9273,4.5103,0.1786,0.1872,1.0423,-0.1818,0.0125,-0.1424,39.7140,0.1131,-1.3680,0.0711
19.550,40.717,3.3615,2.0892,135.026,3.4364,2.6895,124.829,0.3713,-0.4776,0.6049,-10.197,1.4428,1.4725,1.332,2.0213,1.1703,123.498,0.252,0.0356,41.682,2.3036,0.0098,0.4684,47.9032,0,4.2026,5.7444,nan,4.5622,4.7059,0.1864,0.2439,0.9457,-0.1786,0.0398,-0.0251,40.0133,0.1198,8.2466,0.0711
19.602,40.760,3.3303,2.1194,135.488,3.0269,2.8366,147.321,0.7192,-0.2988,0.7787,11.833,1.5998,1.1377,11.821,1.7449,1.3705,135.500,0.386,-0.0041,41.942,2.5341,0.0125,0.1660,13.2886,0,4.2026,5.7444,nan,4.5622,4.7059,0.1864,0.2439,0.9457,-0.1786,0.0398,-0.0251,40.0133,0.1198,8.2466,0.0711
19.650,40.770,3.3232,2.1262,135.481,3.1070,2.7852,147.305,0.6162,-0.3183,0.6936,11.824,1.5998,1.1377,11.821,1.8127,1.3038,135.484,0.017,-0.0028,41.942,2.4415,0.0104,0.1609,15.4838,0,4.2026,5.7444,nan,4.5622,4.7059,0.1864,0.2439,0.9457,-0.1786,0.0398,-0.0251,40.0133,0.1198,8.2466,0.0711
19.700,40.770,3.3230,2.1263,135.482,3.1070,2.7852,147.298,0.6160,-0.3183,0.6934,11.816,1.5998,1.1377,11.821,1.8127,1.3038,135.477,0.001,-0.0017,41.942,2.4413,0.0102,0.1610,15.7143,0,4.2026,5.7444,nan,4.5622,4.7059,0.1864,0.2439,0.9457,-0.1786,0.0398,-0.0251,40.0133,0.1198,8.2466,0.0711
19.750,40.771,3.3229,2.1262,135.479,5.1632,0.1145,136.163,-2.7227,0.1440,2.7265,0.684,3.3662,-1.2109,0.685,1.8127,1.3038,135.478,-0.000,-0.0013,41.942,2.4414,0.0101,0.2346,23.2014,0,4.2026,5.7444,nan,4.5622,4.7059,0.1864,0.2439,0.9457,-0.1786,0.0398,-0.0251,40.0133,0.1198,8.2466,0.0711
19.800,40.771,3.3228,2.1261,135.470,5.1632,0.1145,136.161,-2.7227,0.1434,2.7265,0.691,3.3662,-1.2109,0.685,1.8127,1.3038,135.476,-0.000,-0.0011,41.942,2.4415,0.0101,0.2349,23.3420,0,4.2026,5.7444,nan,4.5622,4.7059,0.1864,0.2439,0.9457,-0.1786,0.0398,-0.0251,40.0133,0.1198,8.2466,0.0711
19.850,40.771,3.3228,2.1260,135.468,5.1632,0.1145,136.152,-2.7226,0.1432,2.7264,0.685,3.3662,-1.2109,0.685,1.8127,1.3038,135.467,-0.000,-0.0008,41.942,2.4415,0.0100,0.2348,23.5404,0,4.2026,5.7444,nan,4.5622,4.7059,0.1864,0.2439,0.9457,-0.1786,0.0398,-0.0251,40.0133,0.1198,8.2466,0.0711
19.900,40.771,3.3227,2.1260,135.467,5.1632,0.1145,136.151,-2.7227,0.1431,2.7265,0.685,3.3662,-1.2109,0.685,1.8127,1.3038,135.466,-0.000,-0.0006,41.942,2.4415,0.0099,0.2348,23.7619,0,4.2026,5.7444,nan,4.5622,4.7059,0.1864,0.2439,0.9457,-0.1786,0.0398,-0.0251,40.0133,0.1198,8.2466,0.0711
19.950,40.771,3.3227,2.1259,135.466,5.1632,0.1145,136.150,-2.7226,0.1430,2.7264,0.685,3.3662,-1.2109,0.685,1.8127,1.3038,135.465,-0.000,-0.0005,41.942,2.4416,0.0099,0.2348,23.8164,0,4.2026,5.7444,nan,4.5622,4.7059,0.1864,0.2439,0.9457,-0.1786,0.0398,-0.0251,40.0133,0.1198,8.2466,0.0711
20.000,40.771,3.3227,2.1259,135.465,5.1632,0.1145,136.150,-2.7226,0.1430,2.7264,0.685,3.3662,-1.2109,0.685,1.8127,1.3038,135.465,-0.000,-0.0004,41.942,2.4416,0.0098,0.2348,23.9842,0,4.2026,5.7444,nan,4.5622,4.7059,0.1864,0.2439,0.9457,-0.1786,0.0398,-0.0251,40.0133,0.1198,8.2466,0.0711
20.050,40.771,3.3227,2.1259,135.464,5.1632,0.1145,136.149,-2.7226,0.1429,2.7264,0.685,3.3662,-1.2109,0.685,1.8127,1.3038,135.464,0.000,-0.0003,41.942,2.4416,0.0097,0.2347,24.2042,0,4.2026,5.7444,nan,4.5622,4.7059,0.1864,0.2439,0.9457,-0.1786,0.0398,-0.0251,40.0133,0.1198,8.2466,0.0711
20.100,40.771,3.3226,2.1258,135.464,5.1680,0.1358,136.944,-2.7111,0.1242,2.7140,1.480,3.3896,-1.2144,1.480,1.8127,1.3038,135.464,0.000,-0.0002,41.942,2.4417,0.0098,0.2272,23.2658,0,4.2026,5.7444,nan,4.5622,4.7059,0.1864,0.2439,0.9457,-0.1786,0.0398,-0.0251,40.0133,0.1198,8.2466,0.0711
20.150,40.771,3.3226,2.1258,135.464,5.1680,0.1358,136.944,-2.7111,0.1242,2.7140,1.480,3.3896,-1.2144,1.480,1.8127,1.3038,135.464,0.000,-0.0002,41.942,2.4417,0.0097,0.2272,23.3227,0,4.2026,5.7444,nan,4.5622,4.7059,0.1864,0.2439,0.9457,-0.1786,0.0398,-0.0251,40.0133,0.1198,8.2466,0.0711
20.200,40.771,3.3226,2.1258,135.463,5.1680,0.1358,136.943,-2.7111,0.1242,2.7140,1.480,3.3896,-1.2144,1.480,1.8127,1.3038,135.463,0.000,-0.0001,41.942,2.4417,0.0097,0.2273,23.4368,0,4.2026,5.7444,nan,4.5622,4.7059,0.1864,0.2439,0.9457,-0.1786,0.0398,-0.0251,40.0133,0.1198,8.2466,0.0711
20.250,40.771,3.3226,2.1258,135.463,5.1680,0.1358,136.943,-2.7111,0.1242,2.7140,1.480,3.3896,-1.2144,1.480,1.8127,1.3038,135.463,0.000,-0.0001,41.942,2.4417,0.0097,0.2273,23.4939,0,4.2026,5.7444,nan,4.5622,4.7059,0.1864,0.2439,0.9457,-0.1786,0.0398,-0.0251,40.0133,0.1198,8.2466,0.0711
20.300,40.771,3.3226,2.1258,135.463,5.1680,0.1358,136.943,-2.7111,0.1242,2.7140,1.480,3.3896,-1.2144,1.480,1.8127,1.3038,135.463,0.000,-0.0001,41.942,2.4417,0.0097,0.2273,23.4937,0,4.2026,5.7444,nan,4.5622,4.7059,0.1864,0.2439,0.9457,-0.1786,0.0398,-0.0251,40.0133,0.1198,8.2466,0.0711
20.350,40.771,3.3226,2.1258,135.463,5.1680,0.1358,136.943,-2.7111,0.1242,2.7140,1.480,3.3896,-1.2144,1.480,1.8127,1.3038,135.463,0.000,-0.0001,41.942,2.4417,0.0097,0.2273,23.5494,0,4.2026,5.7444,nan,4.5622,4.7059,0.1864,0.2439,0.9457,-0.1786,0.0398,-0.0251,40.0133,0.1198,8.2466,0.0711
20.400,40.771,3.3226,2.1258,135.463,5.1680,0.1358,136.943,-2.7111,0.1242,2.7140,1.480,3.3896,-1.2144,1.480,1.8127,1.3038,135.463,0.000,-0.0001,41.942,2.4417,0.0096,0.2273,23.5747,0,4.2026,5.7444,nan,4.5622,4.7059,0.1864,0.2439,0.9457,-0.1786,0.0398,-0.0251,40.0133,0.1198,8.2466,0.0711
20.450,40.771,3.3226,2.1258,135.463,5.1680,0.1358,136.943,-2.7111,0.1242,2.7140,1.480,3.3896,-1.2144,1.480,1.8127,1.3038,135.463,0.000,0.0000,41.942,2.4417,0.0096,0.2273,23.5747,0,4.2026,5.7444,nan,4.5622,4.7059,0.1864,0.2439,0.9457,-0.1786,0.0398,-0.0251,40.0133,0.1198,8.2466,0.0711
20.500,40.771,3.3226,2.1258,135.463,5.1781,0.1725,137.695,-2.6926,0.0909,2.6942,2.232,3.4175,-1.2009,2.232,1.8127,1.3038,135.463,0.000,0.0000,41.942,2.4417,0.0096,0.2187,22.6843,0,4.2026,5.7444,nan,4.5622,4.7059,0.1864,0.2439,0.9457,-0.1786,0.0398,-0.0251,40.0133,0.1198,8.2466,0.0711
20.550,40.771,3.3226,2.1258,135.463,5.1781,0.1725,137.695,-2.6926,0.0909,2.6942,2.232,3.4175,-1.2009,2.232,1.8127,1.3038,135.463,0.000,0.0000,41.942,2.4417,0.0096,0.2187,22.6843,0,4.2026,5.7444,nan,4.5622,4.7059,0.1864,0.2439,0.9457,-0.1786,0.0398,-0.0251,40.0133,0.1198,8.2466,0.0711
20.600,40.771,3.3226,2.1258,135.463,5.1781,0.1725,137.695,-2.6926,0.0909,2.6942,2.232,3.4175,-1.2009,2.232,1.8127,1.3038,135.463,0.000,0.0000,41.942,2.4417,0.0096,0.2187,22.6843,0,4.2026,5.7444,nan,4.5622,4.7059,0.1864,0.2439,0.9457,-0.1786,0.0398,-0.0251,40.0133,0.1198,8.2466,0.0711
20.650,40.771,3.3226,2.1258,135.463,5.1781,0.1725,137.695,-2.6926,0.0909,2.6942,2.232,3.4175,-1.2009,2.232,1.8127,1.3038,135.463,0.000,0.0000,41.942,2.4417,0.0096,0.2187,22.7068,0,4.2026,5.7444,nan,4.5622,4.7059,0.1864,0.2439,0.9457,-0.1786,0.0398,-0.0251,40.0133,0.1198,8.2466,0.0711
20.700,40.771,3.3226,2.1258,135.463,5.1781,0.1725,137.695,-2.6926,0.0909,2.6942,2.232,3.4175,-1.2009,2.232,1.8127,1.3038,135.463,0.000,0.0000,41.942,2.4417,0.0096,0.2187,22.7068,0,4.2026,5.7444,nan,4.5622,4.7059,0.1864,0.2439,0.9457,-0.1786,0.0398,-0.0251,40.0133,0.1198,8.2466,0.0711
20.750,40.774,3.3205,2.1279,135.461,5.1508,0.1973,137.694,-2.6587,0.0923,2.6603,2.233,3.4175,-1.2009,2.232,1.7864,1.3297,135.462,0.175,0.0000,42.005,2.4716,0.0098,0.2164,22.0155,0,4.2026,5.7444,nan,4.5622,4.7059,0.1864,0.2439,0.9457,-0.1786,0.0398,-0.0251,40.0133,0.1198,8.2466,0.0711
20.800,40.786,3.3118,2.1365,135.459,5.0870,0.2928,138.388,-2.5585,0.0689,2.5594,2.930,3.4490,-1.1958,2.928,1.7120,1.4029,135.460,0.398,0.0000,42.085,2.5531,0.0096,0.2017,20.9993,0,4.2026,5.7444,nan,4.5622,4.7059,0.1864,0.2439,0.9457,-0.1786,0.0398,-0.0251,40.0133,0.1198,8.2466,0.0711
20.850,40.811,3.2942,2.1538,135.469,5.0268,0.3463,138.393,-2.5027,0.0735,2.5038,2.924,3.4490,-1.1958,2.928,1.6546,1.4594,135.464,0.644,0.0000,42.175,2.6030,0.0100,0.1931,19.2227,0,4.2026,5.7444,nan,4.5622,4.7059,0.1864,0.2439,0.9457,-0.1786,0.0398,-0.0251,40.0133,0.1198,8.2466,0.0711
20.900,40.853,3.2639,2.1836,135.468,4.9450,0.4288,138.014,-2.4291,0.0719,2.4301,2.546,3.4494,-1.1859,2.546,1.5659,1.5466,135.468,0.923,0.0000,42.278,2.6764,0.0098,0.1812,18.5359,0,4.2026,5.7444,nan,4.5622,4.7059,0.1864,0.2439,0.9457,-0.1786,0.0398,-0.0251,40.0133,0.1198,8.2466,0.0711
20.950,40.918,3.2177,2.2290,135.467,4.8551,0.5097,138.014,-2.3730,0.0772,2.3742,2.548,3.4494,-1.1859,2.546,1.4796,1.6315,135.469,1.229,0.0020,42.393,2.7271,0.0100,0.1660,16.5377,0,4.2026,5.7444,nan,4.5622,4.7059,0.1864,0.2439,0.9457,-0.1786,0.0398,-0.0251,40.0133,0.1198,8.2466,0.0711
21.000,40.970,3.1807,2.2654,135.466,4.8159,0.5729,138.499,-2.3526,0.0597,2.3534,3.032,3.4610,-1.1668,3.028,1.4448,1.6657,135.471,1.425,0.0023,42.467,2.7243,0.0093,0.1545,16.6508,0,4.2026,5.7444,nan,4.5622,4.7059,0.1864,0.2439,0.9457,-0.1786,0.0398,-0.0251,40.0133,0.1198,8.2466,0.0711
21.050,41.067,3.1116,2.3334,135.485,4.7254,0.6530,138.498,-2.3289,0.0668,2.3298,3.013,3.4610,-1.1668,3.028,1.3587,1.7505,135.470,1.801,0.0055,42.580,2.7459,0.0097,0.1407,14.5537,0,4.2026,5.7444,nan,4.5622,4.7059,0.1864,0.2439,0.9457,-0.1786,0.0398,-0.0251,40.0133,0.1198,8.2466,0.0711
21.100,41.150,3.0528,2.3912,135.512,4.6464,0.7148,138.526,-2.3116,0.0792,2.3129,3.014,3.4549,-1.1694,3.018,1.2891,1.8189,135.507,1.927,0.0148,42.666,2.7597,0.0097,0.1341,13.7603,0,4.2026,5.7444,nan,4.5622,4.7059,0.1864,0.2439,0.9457,-0.1786,0.0398,-0.0251,40.0133,0.1198,8.2466,0.0711
21.150,41.265,2.9703,2.4722,135.609,4.5646,0.7855,139.108,-2.3192,0.0900,2.3209,3.499,3.4784,-1.1858,3.545,1.2060,1.9004,135.563,1.979,0.0549,42.782,2.7603,0.0100,0.1260,12.6219,0,4.2026,5.7444,nan,4.5622,4.7059,0.1864,0.2439,0.9457,-0.1786,0.0398,-0.0251,40.0133,0.1198,8.2466,0.0711
21.200,41.345,2.9135,2.5277,135.802,4.5296,0.8156,139.276,-2.3522,0.1008,2.3543,3.474,3.4784,-1.1858,3.545,1.1730,1.9326,135.731,1.990,0.0982,42.862,2.7302,0.0094,0.1310,13.9851,0,4.2026,5.7444,nan,4.5622,4.7059,0.1864,0.2439,0.9457,-0.1786,0.0398,-0.0251,40.0133,0.1198,8.2466,0.0711
21.250,41.450,2.8376,2.6011,136.138,4.4414,0.8781,140.492,-2.3503,0.1310,2.3539,4.354,3.5154,-1.2176,4.406,1.0843,2.0184,136.086,1.994,0.2167,42.967,2.7463,0.0104,0.1221,11.6923,0,4.2026,5.7444,nan,4.5622,4.7059,0.1864,0.2439,0.9457,-0.1786,0.0398,-0.0251,40.0133,0.1198,8.2466,0.0711
21.300,41.530,2.7799,2.6562,136.675,4.3396,0.9564,141.744,-2.3009,0.1664,2.3069,5.068,3.5083,-1.2052,5.120,1.0209,2.0788,136.624,1.994,0.3129,43.046,2.7532,0.0151,0.1125,7.4575,0,4.2026,5.7444,nan,4.5622,4.7059,0.1864,0.2439,0.9457,-0.1786,0.0398,-0.0251,40.0133,0.1198,8.2466,0.0711
21.350,41.660,2.6847,2.7442,137.907,4.2300,1.0398,143.132,-2.2892,0.2289,2.3007,5.225,3.5083,-1.2052,5.120,0.9192,2.1716,138.012,1.994,0.3644,43.175,2.7600,0.0127,0.1190,9.3959,0,4.2026,5.7444,nan,4.5622,4.7059,0.1864,0.2439,0.9457,-0.1786,0.0398,-0.0251,40.0133,0.1198,8.2466,0.0711
21.400,41.745,2.6207,2.8011,138.959,4.1752,1.0626,147.721,-2.3140,0.2906,2.3322,8.762,3.6614,-1.2668,8.629,0.8575,2.2259,139.092,1.992,0.4665,43.260,2.7568,0.0103,0.0973,9.4680,0,4.2026,5.7444,nan,4.5622,4.7059,0.1864,0.2439,0.9457,-0.1786,0.0398,-0.0251,40.0133,0.1198,8.2466,0.0711
21.450,41.843,2.5463,2.8643,140.414,4.0918,1.1134,148.938,-2.3068,0.3645,2.3354,8.524,3.6614,-1.2668,8.629,0.7826,2.2887,140.309,1.989,0.5748,43.357,2.7566,0.0100,0.1044,10.4805,0,4.2026,5.7444,nan,4.5622,4.7059,0.1864,0.2439,0.9457,-0.1786,0.0398,-0.0251,40.0133,0.1198,8.2466,0.0711
21.500,41.942,2.4688,2.9266,142.134,4.0024,1.1326,152.746,-2.3119,0.4749,2.3601,10.612,3.7340,-1.2996,10.771,0.7182,2.3392,141.974,1.986,0.6895,43.456,2.7410,0.0100,0.0867,8.6835,0,4.2026,5.7444,nan,4.5622,4.7059,0.1864,0.2439,0.9457,-0.1786,0.0398,-0.0251,40.0133,0.1198,8.2466,0.0711
21.550,42.064,2.3711,2.9993,144.750,3.8946,1.1657,156.941,-2.3024,0.6181,2.3839,12.191,3.8093,-1.3236,12.411,0.6183,2.4128,144.530,1.802,0.7376,43.572,2.7426,0.0189,0.0727,3.8473,0,4.2026,5.7444,nan,4.5622,4.7059,0.1864,0.2439,0.9457,-0.1786,0.0398,-0.0251,40.0133,0.1198,8.2466,0.0711
21.600,42.139,2.3089,3.0418,146.781,3.8458,1.1844,159.281,-2.3033,0.7119,2.4109,12.500,3.8093,-1.3236,12.411,0.5747,2.4415,146.870,1.537,0.7624,43.628,2.7232,0.0133,0.0756,5.6963,0,4.2026,5.7444,nan,4.5622,4.7059,0.1864,0.2439,0.9457,-0.1786,0.0398,-0.0251,40.0133,0.1198,8.2466,0.0711
21.650,42.206,2.2528,3.0772,148.841,3.7821,1.1962,162.746,-2.2819,0.8183,2.4242,13.906,3.8492,-1.3269,13.719,0.5332,2.4670,149.028,1.243,0.7014,43.665,2.7089,0.0112,0.0686,6.1075,0,4.2026,5.7444,nan,4.5622,4.7059,0.1864,0.2439,0.9457,-0.1786,0.0398,-0.0251,40.0133,0.1198,8.2466,0.0711
21.700,43.692,3.3623,2.0881,135.010,3.7692,1.1995,164.604,-0.9160,0.3407,0.9773,29.594,3.8492,-1.3269,13.719,0.5214,2.4733,150.885,0.144,0.0711,43.679,4.0891,0.0101,0.4490,44.4545,1,4.2026,5.7444,nan,4.5622,4.7059,0.1864,0.2439,0.9457,-0.1786,0.0398,-0.0251,40.0133,0.1198,8.2466,0.0711
21.750,43.700,3.3568,2.0935,135.281,3.7746,1.2056,148.908,-0.9216,0.3369,0.9813,13.627,3.8477,-1.3232,13.618,0.5243,2.4750,135.290,0.205,0.1127,43.692,4.0817,0.0104,0.4049,38.7901,0,0.0705,0.1406,nan,4.1655,0.7363,0.0292,-1.0000,0.8000,0.4264,0.4946,0.2473,38.0176,0.1200,-0.1323,0.0497
21.800,43.708,3.3511,2.0989,135.387,3.7500,1.2204,149.001,-0.9009,0.3452,0.9648,13.614,3.8477,-1.3232,13.618,0.5039,2.4952,135.383,0.010,-0.0016,43.702,4.1019,0.0098,0.4095,41.6481,0,0.0705,0.1406,nan,4.1655,0.7363,0.0292,-1.0000,0.8000,0.4264,0.4946,0.2473,38.0176,0.1200,-0.1323,0.0497
21.850,43.708,3.3511,2.0989,135.386,3.7618,1.2133,149.002,-0.9143,0.3419,0.9762,13.616,3.8477,-1.3232,13.618,0.5137,2.4855,135.384,-0.003,-0.0009,43.702,4.0886,0.0097,0.4067,41.7946,0,0.0705,0.1406,nan,4.1655,0.7363,0.0292,-1.0000,0.8000,0.4264,0.4946,0.2473,38.0176,0.1200,-0.1323,0.0497
21.900,43.708,3.3511,2.0988,135.383,3.7618,1.2133,149.001,-0.9143,0.3418,0.9761,13.618,3.8477,-1.3232,13.618,0.5137,2.4855,135.383,-0.002,-0.0007,43.702,4.0887,0.0097,0.4066,41.9857,0,0.0705,0.1406,nan,4.1655,0.7363,0.0292,-1.0000,0.8000,0.4264,0.4946,0.2473,38.0176,0.1200,-0.1323,0.0497
21.950,43.708,3.3511,2.0986,135.380,5.1303,0.1795,135.476,-2.6144,0.1163,2.6170,0.096,4.6208,-2.3069,0.096,0.5137,2.4855,135.380,-0.002,-0.0005,43.702,4.0888,0.0097,0.2301,23.6927,0,0.0705,0.1406,nan,4.1655,0.7363,0.0292,-1.0000,0.8000,0.4264,0.4946,0.2473,38.0176,0.1200,-0.1323,0.0497
22.000,43.708,3.3512,2.0986,135.379,5.1303,0.1795,135.475,-2.6143,0.1163,2.6169,0.096,4.6208,-2.3069,0.096,0.5137,2.4855,135.379,-0.001,-0.0004,43.702,4.0889,0.0096,0.2301,23.9798,0,0.0705,0.1406,nan,4.1655,0.7363,0.0292,-1.0000,0.8000,0.4264,0.4946,0.2473,38.0176,0.1200,-0.1323,0.0497
22.050,43.708,3.3512,2.0985,135.378,5.1303,0.1795,135.474,-2.6143,0.1162,2.6168,0.096,4.6208,-2.3069,0.096,0.5137,2.4855,135.378,-0.001,-0.0003,43.702,4.0890,0.0096,0.2301,24.0379,0,0.0705,0.1406,nan,4.1655,0.7363,0.0292,-1.0000,0.8000,0.4264,0.4946,0.2473,38.0176,0.1200,-0.1323,0.0497
22.100,43.708,3.3512,2.0985,135.377,5.1303,0.1795,135.473,-2.6143,0.1162,2.6168,0.096,4.6208,-2.3069,0.096,0.5137,2.4855,135.377,-0.001,-0.0002,43.702,4.0890,0.0096,0.2300,24.0546,0,0.0705,0.1406,nan,4.1655,0.7363,0.0292,-1.0000,0.8000,0.4264,0.4946,0.2473,38.0176,0.1200,-0.1323,0.0497
22.150,43.708,3.3512,2.0984,135.376,5.1303,0.1795,135.472,-2.6142,0.1161,2.6168,0.096,4.6208,-2.3069,0.096,0.5137,2.4855,135.377,-0.001,-0.0002,43.702,4.0891,0.0096,0.2300,24.0190,0,0.0705,0.1406,nan,4.1655,0.7363,0.0292,-1.0000,0.8000,0.4264,0.4946,0.2473,38.0176,0.1200,-0.1323,0.0497
22.200,43.708,3.3512,2.0984,135.376,5.1303,0.1795,135.472,-2.6142,0.1160,2.6168,0.096,4.6208,-2.3069,0.096,0.5137,2.4855,135.376,-0.000,-0.0001,43.702,4.0891,0.0096,0.2300,24.0757,0,0.0705,0.1406,nan,4.1655,0.7363,0.0292,-1.0000,0.8000,0.4264,0.4946,0.2473,38.0176,0.1200,-0.1323,0.0497
22.250,43.708,3.3512,2.0984,135.376,5.1303,0.1795,135.472,-2.6142,0.1160,2.6168,0.096,4.6208,-2.3069,0.096,0.5137,2.4855,135.376,-0.000,-0.0001,43.702,4.0891,0.0095,0.2300,24.1341,0,0.0705,0.1406,nan,4.1655,0.7363,0.0292,-1.0000,0.8000,0.4264,0.4946,0.2473,38.0176,0.1200,-0.1323,0.0497
22.300,43.708,3.3512,2.0984,135.375,5.1303,0.1795,135.471,-2.6142,0.1160,2.6168,0.096,4.6208,-2.3069,0.096,0.5137,2.4855,135.375,-0.000,-0.0001,43.702,4.0891,0.0095,0.2300,24.1928,0,0.0705,0.1406,nan,4.1655,0.7363,0.0292,-1.0000,0.8000,0.4264,0.4946,0.2473,38.0176,0.1200,-0.1323,0.0497
22.350,43.708,3.3512,2.0984,135.375,5.1415,0.2004,136.153,-2.6075,0.0932,2.6092,0.777,4.6616,-2.2919,0.778,0.5137,2.4855,135.375,-0.000,-0.0001,43.702,4.0891,0.0095,0.2230,23.4565,0,0.0705,0.1406,nan,4.1655,0.7363,0.0292,-1.0000,0.8000,0.4264,0.4946,0.2473,38.0176,0.1200,-0.1323,0.0497
22.400,43.708,3.3512,2.0984,135.375,5.1415,0.2004,136.153,-2.6075,0.0932,2.6092,0.778,4.6616,-2.2919,0.778,0.5137,2.4855,135.375,-0.000,-0.0001,43.702,4.0891,0.0095,0.2230,23.4551,0,0.0705,0.1406,nan,4.1655,0.7363,0.0292,-1.0000,0.8000,0.4264,0.4946,0.2473,38.0176,0.1200,-0.1323,0.0497
22.450,43.708,3.3512,2.0983,135.375,5.1415,0.2004,136.152,-2.6074,0.0932,2.6091,0.777,4.6616,-2.2919,0.778,0.5137,2.4855,135.375,-0.000,0.0000,43.702,4.0892,0.0096,0.2230,23.2886,0,0.0705,0.1406,nan,4.1655,0.7363,0.0292,-1.0000,0.8000,0.4264,0.4946,0.2473,38.0176,0.1200,-0.1323,0.0497
22.500,43.708,3.3512,2.0983,135.375,5.1415,0.2004,136.152,-2.6074,0.0931,2.6091,0.778,4.6616,-2.2919,0.778,0.5137,2.4855,135.375,-0.000,0.0000,43.702,4.0892,0.0096,0.2230,23.3431,0,0.0705,0.1406,nan,4.1655,0.7363,0.0292,-1.0000,0.8000,0.4264,0.4946,0.2473,38.0176,0.1200,-0.1323,0.0497
22.550,43.708,3.3512,2.0983,135.375,5.1415,0.2004,136.152,-2.6074,0.0931,2.6091,0.778,4.6616,-2.2919,0.778,0.5137,2.4855,135.375,-0.000,0.0000,43.702,4.0892,0.0096,0.2230,23.3431,0,0.0705,0.1406,nan,4.1655,0.7363,0.0292,-1.0000,0.8000,0.4264,0.4946,0.2473,38.0176,0.1200,-0.1323,0.0497
22.601,43.708,3.3512,2.0983,135.374,5.1415,0.2004,136.152,-2.6074,0.0931,2.6091,0.778,4.6616,-2.2919,0.778,0.5137,2.4855,135.375,-0.000,0.0000,43.702,4.0892,0.0096,0.2230,23.3431,0,0.0705,0.1406,nan,4.1655,0.7363,0.0292,-1.0000,0.8000,0.4264,0.4946,0.2473,38.0176,0.1200,-0.1323,0.0497
22.650,43.708,3.3512,2.0983,135.374,5.1415,0.2004,136.152,-2.6074,0.0931,2.6091,0.778,4.6616,-2.2919,0.778,0.5137,2.4855,135.374,0.000,0.0000,43.702,4.0892,0.0095,0.2230,23.3998,0,0.0705,0.1406,nan,4.1655,0.7363,0.0292,-1.0000,0.8000,0.4264,0.4946,0.2473,38.0176,0.1200,-0.1323,0.0497
22.701,43.708,3.3512,2.0983,135.374,5.1415,0.2004,136.152,-2.6074,0.0931,2.6091,0.778,4.6616,-2.2919,0.778,0.5137,2.4855,135.374,0.000,0.0000,43.702,4.0892,0.0095,0.2230,23.3998,0,0.0705,0.1406,nan,4.1655,0.7363,0.0292,-1.0000,0.8000,0.4264,0.4946,0.2473,38.0176,0.1200,-0.1323,0.0497
22.750,43.708,3.3512,2.0983,135.374,5.1504,0.2236,136.906,-2.5974,0.0704,2.5984,1.532,4.7033,-2.2748,1.532,0.5137,2.4855,135.374,0.000,0.0000,43.702,4.0892,0.0095,0.2161,22.6750,0,0.0705,0.1406,nan,4.1655,0.7363,0.0292,-1.0000,0.8000,0.4264,0.4946,0.2473,38.0176,0.1200,-0.1323,0.0497
22.800,43.708,3.3512,2.0983,135.374,5.1504,0.2236,136.906,-2.5974,0.0704,2.5984,1.532,4.7033,-2.2748,1.532,0.5137,2.4855,135.374,0.000,0.0000,43.702,4.0892,0.0095,0.2161,22.6750,0,0.0705,0.1406,nan,4.1655,0.7363,0.0292,-1.0000,0.8000,0.4264,0.4946,0.2473,38.0176,0.1200,-0.1323,0.0497
22.850,43.708,3.3512,2.0983,135.374,5.1504,0.2236,136.906,-2.5974,0.0704,2.5984,1.532,4.7033,-2.2748,1.532,0.5137,2.4855,135.374,0.000,0.0000,43.702,4.0892,0.0095,0.2161,22.6750,0,0.0705,0.1406,nan,4.1655,0.7363,0.0292,-1.0000,0.8000,0.4264,0.4946,0.2473,38.0176,0.1200,-0.1323,0.0497
22.900,43.708,3.3512,2.0983,135.374,5.1504,0.2236,136.906,-2.5974,0.0704,2.5984,1.532,4.7033,-2.2748,1.532,0.5137,2.4855,135.374,0.000,0.0000,43.702,4.0892,0.0095,0.2161,22.6750,0,0.0705,0.1406,nan,4.1655,0.7363,0.0292,-1.0000,0.8000,0.4264,0.4946,0.2473,38.0176,0.1200,-0.1323,0.0497
22.950,43.709,3.3508,2.0988,135.374,5.1504,0.2236,136.906,-2.5981,0.0705,2.5990,1.532,4.7033,-2.2748,1.532,0.5137,2.4855,135.374,0.079,-0.0003,43.730,4.0885,0.0095,0.2161,22.7973,0,0.0705,0.1406,nan,4.1655,0.7363,0.0292,-1.0000,0.8000,0.4264,0.4946,0.2473,38.0176,0.1200,-0.1323,0.0497
23.000,43.722,3.3412,2.1082,135.363,5.0339,0.3326,136.894,-2.4520,0.0742,2.4532,1.531,4.7033,-2.2748,1.532,0.4001,2.5976,135.363,0.382,-0.0012,43.839,4.2295,0.0098,0.1995,20.3619,0,0.0705,0.1406,nan,4.1655,0.7363,0.0292,-1.0000,0.8000,0.4264,0.4946,0.2473,38.0176,0.1200,-0.1323,0.0497
23.050,43.743,3.3268,2.1224,135.362,5.0042,0.3876,136.606,-2.4125,0.0559,2.4131,1.244,4.6900,-2.2459,1.245,0.3713,2.6260,135.360,0.597,-0.0019,43.917,4.2491,0.0097,0.1932,19.8384,0,0.0705,0.1406,nan,4.1655,0.7363,0.0292,-1.0000,0.8000,0.4264,0.4946,0.2473,38.0176,0.1200,-0.1323,0.0497
23.100,43.787,3.2952,2.1537,135.353,4.9111,0.4911,136.497,-2.3180,0.0473,2.3185,1.145,4.6867,-2.2316,1.141,0.2786,2.7176,135.356,0.903,-0.0014,44.030,4.3321,0.0102,0.1741,17.1474,0,0.0705,0.1406,nan,4.1655,0.7363,0.0292,-1.0000,0.8000,0.4264,0.4946,0.2473,38.0176,0.1200,-0.1323,0.0497
23.150,43.824,3.2688,2.1797,135.352,4.8599,0.5397,136.491,-2.2845,0.0486,2.2850,1.139,4.6867,-2.2316,1.141,0.2284,2.7672,135.350,1.092,-0.0017,44.100,4.3646,0.0099,0.1643,16.6651,0,0.0705,0.1406,nan,4.1655,0.7363,0.0292,-1.0000,0.8000,0.4264,0.4946,0.2473,38.0176,0.1200,-0.1323,0.0497
23.200,43.915,3.2044,2.2433,135.343,4.7957,0.6083,136.833,-2.2811,0.0446,2.2815,1.489,4.6946,-2.2160,1.485,0.1743,2.8207,135.347,1.450,-0.0023,44.236,4.3506,0.0101,0.1531,15.1637,0,0.0705,0.1406,nan,4.1655,0.7363,0.0292,-1.0000,0.8000,0.4264,0.4946,0.2473,38.0176,0.1200,-0.1323,0.0497
23.250,43.973,3.1631,2.2841,135.343,4.7066,0.6919,136.829,-2.2170,0.0478,2.2175,1.486,4.6946,-2.2160,1.485,0.0874,2.9066,135.343,1.698,0.0000,44.306,4.4127,0.0097,0.1414,14.5327,0,0.0705,0.1406,nan,4.1655,0.7363,0.0292,-1.0000,0.8000,0.4264,0.4946,0.2473,38.0176,0.1200,-0.1323,0.0497
23.300,44.064,3.0983,2.3482,135.350,4.6292,0.7626,137.747,-2.2034,0.0522,2.2040,2.396,4.7364,-2.2111,2.401,0.0175,2.9756,135.346,1.905,0.0029,44.402,4.4196,0.0095,0.1301,13.6788,0,0.0705,0.1406,nan,4.1655,0.7363,0.0292,-1.0000,0.8000,0.4264,0.4946,0.2473,38.0176,0.1200,-0.1323,0.0497
23.350,44.149,3.0376,2.4081,135.378,4.5427,0.8374,138.948,-2.1746,0.0607,2.1755,3.571,4.7896,-2.2026,3.567,-0.0573,3.0494,135.381,1.964,0.0212,44.488,4.4388,0.0091,0.1203,13.2656,0,0.0705,0.1406,nan,4.1655,0.7363,0.0292,-1.0000,0.8000,0.4264,0.4946,0.2473,38.0176,0.1200,-0.1323,0.0497
23.400,44.250,2.9658,2.4789,135.467,4.4903,0.8830,139.000,-2.2060,0.0685,2.2070,3.533,4.7896,-2.2026,3.567,-0.1068,3.0982,135.433,1.987,0.0612,44.589,4.4084,0.0092,0.1236,13.4638,0,0.0705,0.1406,nan,4.1655,0.7363,0.0292,-1.0000,0.8000,0.4264,0.4946,0.2473,38.0176,0.1200,-0.1323,0.0497
23.450,44.370,2.8804,2.5626,135.768,4.3701,0.9861,140.008,-2.1671,0.0905,2.1690,4.239,4.8226,-2.1910,4.302,-0.2129,3.2021,135.705,1.994,0.1542,44.708,4.4364,0.0099,0.1194,12.0184,0,0.0705,0.1406,nan,4.1655,0.7363,0.0292,-1.0000,0.8000,0.4264,0.4946,0.2473,38.0176,0.1200,-0.1323,0.0497
23.500,44.493,2.7914,2.6484,136.428,4.3173,1.0297,140.577,-2.2212,0.1210,2.2245,4.148,4.8226,-2.1910,4.302,-0.2623,3.2496,136.274,1.995,0.2004,44.831,4.3831,0.0157,0.1262,8.0407,0,0.0705,0.1406,nan,4.1655,0.7363,0.0292,-1.0000,0.8000,0.4264,0.4946,0.2473,38.0176,0.1200,-0.1323,0.0497
23.550,44.557,2.7450,2.6922,136.870,4.2036,1.1046,142.942,-2.1498,0.1615,2.1559,6.072,4.9065,-2.1727,6.096,-0.3509,3.3334,136.845,1.994,0.3393,44.894,4.4392,0.0102,0.1157,11.2968,0,0.0705,0.1406,nan,4.1655,0.7363,0.0292,-1.0000,0.8000,0.4264,0.4946,0.2473,38.0176,0.1200,-0.1323,0.0497
23.600,44.667,2.6643,2.7665,138.033,4.1262,1.1609,144.124,-2.1606,0.2163,2.1714,6.091,4.9065,-2.1727,6.096,-0.4219,3.3976,138.027,1.992,0.4390,45.003,4.4255,0.0125,0.1209,9.6430,0,0.0705,0.1406,nan,4.1655,0.7363,0.0292,-1.0000,0.8000,0.4264,0.4946,0.2473,38.0176,0.1200,-0.1323,0.0497
23.650,44.756,2.5971,2.8258,139.243,4.0600,1.2072,145.296,-2.1649,0.2710,2.1818,6.053,4.9065,-2.1727,6.096,-0.4827,3.4507,139.199,1.991,0.4912,45.093,4.4169,0.0106,0.1310,12.4187,0,0.0705,0.1406,nan,4.1655,0.7363,0.0292,-1.0000,0.8000,0.4264,0.4946,0.2473,38.0176,0.1200,-0.1323,0.0497
23.700,44.848,2.5271,2.8848,140.576,3.9580,1.2444,149.434,-2.1471,0.3584,2.1768,8.858,5.0453,-2.1358,8.901,-0.5511,3.5077,140.533,1.989,0.5968,45.184,4.4144,0.0091,0.1082,11.9297,0,0.0705,0.1406,nan,4.1655,0.7363,0.0292,-1.0000,0.8000,0.4264,0.4946,0.2473,38.0176,0.1200,-0.1323,0.0497
23.750,44.945,2.4510,2.9456,142.314,3.8457,1.2833,153.553,-2.1199,0.4628,2.1699,11.239,5.1662,-2.0935,11.341,-0.6306,3.5706,142.212,1.985,0.7191,45.281,4.4179,0.0087,0.0891,10.2458,0,0.0705,0.1406,nan,4.1655,0.7363,0.0292,-1.0000,0.8000,0.4264,0.4946,0.2473,38.0176,0.1200,-0.1323,0.0497
23.800,45.059,2.3595,3.0133,144.980,3.7445,1.3190,157.813,-2.1065,0.5928,2.1883,12.833,5.2331,-2.0695,12.581,-0.7148,3.6314,145.232,1.781,0.8437,45.377,4.4083,0.0129,0.0784,6.0623,0,0.0705,0.1406,nan,4.1655,0.7363,0.0292,-1.0000,0.8000,0.4264,0.4946,0.2473,38.0176,0.1200,-0.1323,0.0497
23.850,45.129,2.3014,3.0527,146.967,3.6880,1.3406,159.753,-2.0958,0.6795,2.2032,12.786,5.2331,-2.0695,12.581,-0.7652,3.6648,147.172,1.506,0.7626,45.427,4.3991,0.0092,0.0841,9.1083,0,0.0705,0.1406,nan,4.1655,0.7363,0.0292,-1.0000,0.8000,0.4264,0.4946,0.2473,38.0176,0.1200,-0.1323,0.0497
23.900,45.191,2.2490,3.0856,148.776,3.6715,1.3459,161.335,-2.1182,0.7503,2.2472,12.559,5.2331,-2.0695,12.581,-0.7802,3.6736,148.753,1.189,0.6358,45.479,4.3593,0.0196,0.0864,4.4172,1,0.0705,0.1406,nan,4.1655,0.7363,0.0292,-1.0000,0.8000,0.4264,0.4946,0.2473,38.0176,0.1200,-0.1323,0.0497
23.951,46.681,3.3585,2.0919,135.187,3.5966,1.3667,149.363,-0.6800,0.3466,0.7633,14.176,5.3176,-2.0134,14.506,-0.8195,3.7035,134.857,0.322,0.1554,45.511,5.8448,0.5144,0.1609,0.3128,0,0.1515,0.7203,nan,4.4327,0.7648,0.0303,-1.0000,0.8000,0.4904,0.4279,0.1535,38.3170,0.1200,7.0956,0.0348
24.000,46.692,3.3501,2.1001,135.262,3.5755,1.3739,149.849,-0.6713,0.3571,0.7603,14.587,5.3121,-2.0105,14.578,-0.8288,3.7126,135.271,0.018,-0.0018,45.515,5.8460,0.0103,0.4289,41.6629,0,0.1515,0.7203,nan,4.4327,0.7648,0.0303,-1.0000,0.8000,0.4904,0.4279,0.1535,38.3170,0.1200,7.0956,0.0348
24.050,46.692,3.3500,2.1001,135.261,3.5831,1.3696,149.837,-0.6797,0.3549,0.7668,14.576,5.3121,-2.0105,14.578,-0.8226,3.7064,135.260,-0.003,-0.0010,45.515,5.8374,0.0099,0.4266,43.2228,0,0.1515,0.7203,nan,4.4327,0.7648,0.0303,-1.0000,0.8000,0.4904,0.4279,0.1535,38.3170,0.1200,7.0956,0.0348
24.101,46.693,3.3500,2.0999,135.251,5.0903,0.1415,135.213,-2.6147,0.1656,2.6199,-0.038,5.9101,-3.5656,-0.045,-0.8226,3.7064,135.258,-0.003,-0.0008,45.515,5.8376,0.0098,0.2376,24.1353,0,0.1515,0.7203,nan,4.4327,0.7648,0.0303,-1.0000,0.8000,0.4904,0.4279,0.1535,38.3170,0.1200,7.0956,0.0348
24.150,46.693,3.3501,2.0998,135.259,5.1075,0.2059,135.800,-2.5814,0.1082,2.5837,0.541,5.9658,-3.4925,0.552,-0.8226,3.7064,135.248,-0.002,-0.0006,45.515,5.8377,0.0098,0.2242,22.7899,0,0.1515,0.7203,nan,4.4327,0.7648,0.0303,-1.0000,0.8000,0.4904,0.4279,0.1535,38.3170,0.1200,7.0956,0.0348
24.200,46.693,3.3501,2.0997,135.258,5.1075,0.2059,135.809,-2.5814,0.1081,2.5836,0.551,5.9658,-3.4925,0.552,-0.8226,3.7064,135.258,-0.002,-0.0005,45.515,5.8378,0.0098,0.2241,22.8615,0,0.1515,0.7203,nan,4.4327,0.7648,0.0303,-1.0000,0.8000,0.4904,0.4279,0.1535,38.3170,0.1200,7.0956,0.0348
24.250,46.693,3.3501,2.0997,135.256,5.1075,0.2059,135.808,-2.5814,0.1080,2.5836,0.551,5.9658,-3.4925,0.552,-0.8226,3.7064,135.256,-0.001,-0.0003,45.515,5.8378,0.0098,0.2241,22.9178,0,0.1515,0.7203,nan,4.4327,0.7648,0.0303,-1.0000,0.8000,0.4904,0.4279,0.1535,38.3170,0.1200,7.0956,0.0348
24.301,46.693,3.3501,2.0996,135.256,5.1075,0.2059,135.807,-2.5813,0.1079,2.5835,0.552,5.9658,-3.4925,0.552,-0.8226,3.7064,135.256,-0.001,-0.0003,45.515,5.8379,0.0098,0.2241,22.8631,0,0.1515,0.7203,nan,4.4327,0.7648,0.0303,-1.0000,0.8000,0.4904,0.4279,0.1535,38.3170,0.1200,7.0956,0.0348
24.350,46.693,3.3501,2.0996,135.255,5.1075,0.2059,135.806,-2.5813,0.1078,2.5835,0.552,5.9658,-3.4925,0.552,-0.8226,3.7064,135.255,-0.001,-0.0002,45.515,5.8379,0.0097,0.2241,23.0491,0,0.1515,0.7203,nan,4.4327,0.7648,0.0303,-1.0000,0.8000,0.4904,0.4279,0.1535,38.3170,0.1200,7.0956,0.0348
24.400,46.693,3.3501,2.0995,135.254,5.1075,0.2059,135.805,-2.5812,0.1077,2.5835,0.551,5.9658,-3.4925,0.552,-0.8226,3.7064,135.254,-0.001,-0.0002,45.515,5.8379,0.0098,0.2242,22.8883,0,0.1515,0.7203,nan,4.4327,0.7648,0.0303,-1.0000,0.8000,0.4904,0.4279,0.1535,38.3170,0.1200,7.0956,0.0348
24.450,46.693,3.3502,2.0995,135.253,5.1075,0.2059,135.805,-2.5812,0.1078,2.5834,0.552,5.9658,-3.4925,0.552,-0.8226,3.7064,135.253,-0.001,-0.0001,45.515,5.8380,0.0097,0.2242,23.1298,0,0.1515,0.7203,nan,4.4327,0.7648,0.0303,-1.0000,0.8000,0.4904,0.4279,0.1535,38.3170,0.1200,7.0956,0.0348
24.500,46.693,3.3502,2.0995,135.253,5.1311,0.2327,136.331,-2.5790,0.0721,2.5800,1.078,6.0233,-3.4576,1.077,-0.8226,3.7064,135.253,-0.000,-0.0001,45.515,5.8380,0.0097,0.2178,22.4690,0,0.1515,0.7203,nan,4.4327,0.7648,0.0303,-1.0000,0.8000,0.4904,0.4279,0.1535,38.3170,0.1200,7.0956,0.0348
24.550,46.693,3.3502,2.0995,135.253,5.1311,0.2327,136.330,-2.5790,0.0721,2.5800,1.077,6.0233,-3.4576,1.077,-0.8226,3.7064,135.253,-0.000,-0.0001,45.515,5.8380,0.0097,0.2177,22.5211,0,0.1515,0.7203,nan,4.4327,0.7648,0.0303,-1.0000,0.8000,0.4904,0.4279,0.1535,38.3170,0.1200,7.0956,0.0348
24.600,46.693,3.3502,2.0995,135.253,5.1311,0.2327,136.330,-2.5790,0.0721,2.5800,1.077,6.0233,-3.4576,1.077,-0.8226,3.7064,135.253,-0.000,-0.0001,45.515,5.8380,0.0097,0.2178,22.5261,0,0.1515,0.7203,nan,4.4327,0.7648,0.0303,-1.0000,0.8000,0.4904,0.4279,0.1535,38.3170,0.1200,7.0956,0.0348
24.650,46.693,3.3502,2.0995,135.252,5.1311,0.2327,136.330,-2.5790,0.0721,2.5800,1.077,6.0233,-3.4576,1.077,-0.8226,3.7064,135.252,-0.000,-0.0001,45.515,5.8380,0.0096,0.2178,22.6343,0,0.1515,0.7203,nan,4.4327,0.7648,0.0303,-1.0000,0.8000,0.4904,0.4279,0.1535,38.3170,0.1200,7.0956,0.0348
24.700,46.693,3.3502,2.0994,135.252,5.1311,0.2327,136.330,-2.5790,0.0720,2.5800,1.077,6.0233,-3.4576,1.077,-0.8226,3.7064,135.252,-0.000,0.0000,45.515,5.8381,0.0097,0.2178,22.4723,0,0.1515,0.7203,nan,4.4327,0.7648,0.0303,-1.0000,0.8000,0.4904,0.4279,0.1535,38.3170,0.1200,7.0956,0.0348
24.750,46.693,3.3502,2.0994,135.252,5.1311,0.2327,136.329,-2.5790,0.0720,2.5800,1.077,6.0233,-3.4576,1.077,-0.8226,3.7064,135.252,-0.000,0.0000,45.515,5.8381,0.0097,0.2178,22.4723,0,0.1515,0.7203,nan,4.4327,0.7648,0.0303,-1.0000,0.8000,0.4904,0.4279,0.1535,38.3170,0.1200,7.0956,0.0348
24.800,46.693,3.3502,2.0994,135.252,5.1311,0.2327,136.329,-2.5790,0.0720,2.5800,1.077,6.0233,-3.4576,1.077,-0.8226,3.7064,135.252,-0.000,0.0000,45.515,5.8381,0.0097,0.2178,22.4723,0,0.1515,0.7203,nan,4.4327,0.7648,0.0303,-1.0000,0.8000,0.4904,0.4279,0.1535,38.3170,0.1200,7.0956,0.0348
24.850,46.693,3.3502,2.0994,135.252,5.1311,0.2327,136.329,-2.5790,0.0720,2.5800,1.077,6.0233,-3.4576,1.077,-0.8226,3.7064,135.252,-0.000,0.0000,45.515,5.8381,0.0097,0.2178,22.4723,0,0.1515,0.7203,nan,4.4327,0.7648,0.0303,-1.0000,0.8000,0.4904,0.4279,0.1535,38.3170,0.1200,7.0956,0.0348
24.900,46.693,3.3502,2.0994,135.252,5.1311,0.2327,136.329,-2.5790,0.0720,2.5800,1.078,6.0233,-3.4576,1.077,-0.8226,3.7064,135.252,0.000,0.0000,45.515,5.8381,0.0097,0.2178,22.4713,0,0.1515,0.7203,nan,4.4327,0.7648,0.0303,-1.0000,0.8000,0.4904,0.4279,0.1535,38.3170,0.1200,7.0956,0.0348
24.950,46.693,3.3502,2.0994,135.252,5.1385,0.2626,137.082,-2.5632,0.0455,2.5636,1.830,6.0791,-3.4157,1.830,-0.8226,3.7064,135.252,0.000,0.0000,45.515,5.8381,0.0097,0.2100,21.6699,0,0.1515,0.7203,nan,4.4327,0.7648,0.0303,-1.0000,0.8000,0.4904,0.4279,0.1535,38.3170,0.1200,7.0956,0.0348
25.001,46.693,3.3502,2.0994,135.252,5.1385,0.2626,137.082,-2.5632,0.0455,2.5636,1.830,6.0791,-3.4157,1.830,-0.8226,3.7064,135.252,0.000,0.0000,45.515,5.8381,0.0097,0.2100,21.6699,0,0.1515,0.7203,nan,4.4327,0.7648,0.0303,-1.0000,0.8000,0.4904,0.4279,0.1535,38.3170,0.1200,7.0956,0.0348
25.050,46.693,3.3502,2.0994,135.252,5.1385,0.2626,137.082,-2.5632,0.0455,2.5636,1.830,6.0791,-3.4157,1.830,-0.8226,3.7064,135.252,0.000,0.0000,45.515,5.8381,0.0097,0.2100,21.6699,0,0.1515,0.7203,nan,4.4327,0.7648,0.0303,-1.0000,0.8000,0.4904,0.4279,0.1535,38.3170,0.1200,7.0956,0.0348
25.100,46.693,3.3502,2.0994,135.252,5.1385,0.2626,137.082,-2.5632,0.0455,2.5636,1.830,6.0791,-3.4157,1.830,-0.8226,3.7064,135.252,0.000,0.0000,45.515,5.8381,0.0097,0.2100,21.6699,0,0.1515,0.7203,nan,4.4327,0.7648,0.0303,-1.0000,0.8000,0.4904,0.4279,0.1535,38.3170,0.1200,7.0956,0.0348
25.151,46.694,3.3498,2.0998,135.251,5.1385,0.2626,137.082,-2.5638,0.0455,2.5642,1.830,6.0791,-3.4157,1.830,-0.8226,3.7064,135.252,0.068,-0.0002,45.555,5.8375,0.0096,0.2100,21.8046,0,0.1515,0.7203,nan,4.4327,0.7648,0.0303,-1.0000,0.8000,0.4904,0.4279,0.1535,38.3170,0.1200,7.0956,0.0348
25.200,46.699,3.3459,2.1037,135.249,5.0561,0.3392,137.079,-2.4568,0.0491,2.4573,1.830,6.0791,-3.4157,1.830,-0.9025,3.7857,135.249,0.250,-0.0008,45.604,5.9429,0.0098,0.1978,20.1442,0,0.1515,0.7203,nan,4.4327,0.7648,0.0303,-1.0000,0.8000,0.4904,0.4279,0.1535,38.3170,0.1200,7.0956,0.0348
25.251,46.739,3.3176,2.1318,135.238,4.9643,0.4246,137.075,-2.3714,0.0526,2.3720,1.837,6.0791,-3.4157,1.830,-0.9916,3.8739,135.245,0.691,-0.0022,45.765,6.0272,0.0099,0.1825,18.4143,0,0.1515,0.7203,nan,4.4327,0.7648,0.0303,-1.0000,0.8000,0.4904,0.4279,0.1535,38.3170,0.1200,7.0956,0.0348
25.300,46.769,3.2968,2.1524,135.230,4.8995,0.5021,137.198,-2.3001,0.0429,2.3005,1.968,6.0838,-3.3917,1.964,-1.0502,3.9321,135.234,0.882,-0.0028,45.836,6.0797,0.0103,0.1670,16.2643,0,0.1515,0.7203,nan,4.4327,0.7648,0.0303,-1.0000,0.8000,0.4904,0.4279,0.1535,38.3170,0.1200,7.0956,0.0348
25.350,46.825,3.2567,2.1921,135.229,4.8109,0.5926,137.578,-2.2299,0.0410,2.2302,2.349,6.1104,-3.3741,2.355,-1.1354,4.0167,135.224,1.163,-0.0037,45.941,6.1425,0.0098,0.1468,15.0499,0,0.1515,0.7203,nan,4.4327,0.7648,0.0303,-1.0000,0.8000,0.4904,0.4279,0.1535,38.3170,0.1200,7.0956,0.0348
25.400,46.880,3.2178,2.2307,135.221,4.7641,0.6353,137.573,-2.2214,0.0433,2.2218,2.352,6.1104,-3.3741,2.355,-1.1804,4.0612,135.218,1.380,-0.0022,46.023,6.1509,0.0099,0.1407,14.1585,0,0.1515,0.7203,nan,4.4327,0.7648,0.0303,-1.0000,0.8000,0.4904,0.4279,0.1535,38.3170,0.1200,7.0956,0.0348
25.450,46.953,3.1661,2.2820,135.220,4.6729,0.7209,137.599,-2.1692,0.0467,2.1697,2.378,6.1034,-3.3630,2.382,-1.2595,4.1398,135.217,1.678,-0.0026,46.114,6.1891,0.0099,0.1298,13.1429,0,0.1515,0.7203,nan,4.4327,0.7648,0.0303,-1.0000,0.8000,0.4904,0.4279,0.1535,38.3170,0.1200,7.0956,0.0348
25.500,47.041,3.1032,2.3445,135.213,4.6052,0.7828,137.594,-2.1662,0.0503,2.1668,2.382,6.1034,-3.3630,2.382,-1.3247,4.2044,135.212,1.896,0.0000,46.208,6.1922,0.0096,0.1272,13.2453,0,0.1515,0.7203,nan,4.4327,0.7648,0.0303,-1.0000,0.8000,0.4904,0.4279,0.1535,38.3170,0.1200,7.0956,0.0348
25.550,47.136,3.0358,2.4113,135.228,4.5262,0.8587,138.088,-2.1515,0.0526,2.1522,2.860,6.1270,-3.3359,2.856,-1.3898,4.2691,135.232,1.965,0.0151,46.304,6.1891,0.0095,0.1236,13.0050,0,0.1515,0.7203,nan,4.4327,0.7648,0.0303,-1.0000,0.8000,0.4904,0.4279,0.1535,38.3170,0.1200,7.0956,0.0348
25.600,47.227,2.9713,2.4753,135.325,4.4587,0.9191,138.165,-2.1518,0.0608,2.1527,2.840,6.1270,-3.3359,2.856,-1.4542,4.3329,135.309,1.986,0.0551,46.395,6.1888,0.0086,0.1271,14.7003,0,0.1515,0.7203,nan,4.4327,0.7648,0.0303,-1.0000,0.8000,0.4904,0.4279,0.1535,38.3170,0.1200,7.0956,0.0348
25.650,47.347,2.8862,2.5592,135.660,4.3628,0.9955,139.694,-2.1489,0.0864,2.1506,4.034,6.2015,-3.2993,3.993,-1.5352,4.4124,135.701,1.994,0.1447,46.514,6.1829,0.0100,0.1210,12.0847,0,0.1515,0.7203,nan,4.4327,0.7648,0.0303,-1.0000,0.8000,0.4904,0.4279,0.1535,38.3170,0.1200,7.0956,0.0348
25.700,47.432,2.8246,2.6189,136.085,4.3172,1.0238,141.197,-2.1816,0.1138,2.1846,5.113,6.2917,-3.2652,5.231,-1.5752,4.4512,135.966,1.995,0.1912,46.599,6.1533,0.0095,0.1185,12.5189,0,0.1515,0.7203,nan,4.4327,0.7648,0.0303,-1.0000,0.8000,0.4904,0.4279,0.1535,38.3170,0.1200,7.0956,0.0348
25.750,47.506,2.7713,2.6699,136.490,4.2316,1.0919,141.734,-2.1455,0.1391,2.1500,5.244,6.2917,-3.2652,5.231,-1.6542,4.5268,136.503,1.995,0.1912,46.672,6.1883,0.0113,0.1185,10.5079,0,0.1515,0.7203,nan,4.4327,0.7648,0.0303,-1.0000,0.8000,0.4904,0.4279,0.1535,38.3170,0.1200,7.0956,0.0348
25.800,47.656,2.6617,2.7716,137.943,4.1074,1.1654,145.458,-2.1494,0.2241,2.1610,7.515,6.4591,-3.1938,7.472,-1.7648,4.6280,137.986,1.993,0.3768,46.821,6.1885,0.0321,0.1003,3.1240,0,0.1515,0.7203,nan,4.4327,0.7648,0.0303,-1.0000,0.8000,0.4904,0.4279,0.1535,38.3170,0.1200,7.0956,0.0348
25.850,47.723,2.6111,2.8167,138.736,4.0545,1.1739,148.709,-2.1685,0.2829,2.1869,9.973,6.6340,-3.1074,9.922,-1.8032,4.6617,138.786,1.991,0.4791,46.889,6.1721,0.0081,0.0933,11.5631,0,0.1515,0.7203,nan,4.4327,0.7648,0.0303,-1.0000,0.8000,0.4904,0.4279,0.1535,38.3170,0.1200,7.0956,0.0348
25.900,47.823,2.5355,2.8815,140.129,3.9609,1.2285,150.056,-2.1536,0.3549,2.1827,9.927,6.6340,-3.1074,9.922,-1.8860,4.7317,140.134,1.990,0.5307,46.987,6.1805,0.0082,0.0964,11.8036,0,0.1515,0.7203,nan,4.4327,0.7648,0.0303,-1.0000,0.8000,0.4904,0.4279,0.1535,38.3170,0.1200,7.0956,0.0348
25.950,47.942,2.4433,2.9560,142.296,3.8547,1.2619,153.800,-2.1527,0.4771,2.2050,11.503,6.7360,-3.0713,11.194,-1.9852,4.8101,142.606,1.943,0.7476,47.104,6.1878,0.0129,0.0825,6.3945,0,0.1515,0.7203,nan,4.4327,0.7648,0.0303,-1.0000,0.8000,0.4904,0.4279,0.1535,38.3170,0.1200,7.0956,0.0348
26.000,48.031,2.3712,3.0097,144.377,3.7727,1.2997,155.731,-2.1352,0.5737,2.2109,11.354,6.7360,-3.0713,11.194,-2.0584,4.8631,144.537,1.774,0.7379,47.189,6.1878,0.0116,0.0846,7.2903,0,0.1515,0.7203,nan,4.4327,0.7648,0.0303,-1.0000,0.8000,0.4904,0.4279,0.1535,38.3170,0.1200,7.0956,0.0348
26.050,48.108,2.3084,3.0532,146.441,3.7291,1.3016,158.794,-2.1522,0.6742,2.2553,12.354,6.8297,-3.0197,12.451,-2.0959,4.8882,146.343,1.524,0.7647,47.247,6.1581,0.0097,0.0821,8.4712,0,0.1515,0.7203,nan,4.4327,0.7648,0.0303,-1.0000,0.8000,0.4904,0.4279,0.1535,38.3170,0.1200,7.0956,0.0348
26.100,48.187,2.2419,3.0954,148.842,3.6716,1.3215,161.679,-2.1412,0.7783,2.2783,12.838,6.8297,-3.0197,12.451,-2.1479,4.9200,149.229,1.130,0.6798,47.295,6.1412,0.0321,0.0726,2.2608,1,0.1515,0.7203,nan,4.4327,0.7648,0.0303,-1.0000,0.8000,0.4904,0.4279,0.1535,38.3170,0.1200,7.0956,0.0348
26.150,49.693,3.3625,2.0879,135.001,3.6704,1.3281,147.420,-0.7550,0.3195,0.8198,12.419,6.8297,-3.0197,12.451,-2.1476,4.9267,134.970,0.173,0.0695,47.316,7.6255,0.0100,0.3929,39.1659,0,0.1413,0.3917,nan,4.3460,0.7554,0.0299,-1.0000,0.8000,0.4508,0.4153,0.1846,38.2172,0.1200,10.2213,0.0348
26.200,49.699,3.3586,2.0917,135.074,3.6816,1.3263,146.927,-0.7692,0.3138,0.8307,11.853,6.8017,-3.0603,11.834,-2.1542,4.9333,135.094,0.006,-0.0018,47.322,7.6294,0.0100,0.3844,38.5341,0,0.1413,0.3917,nan,4.3460,0.7554,0.0299,-1.0000,0.8000,0.4508,0.4153,0.1846,38.2172,0.1200,10.2213,0.0348
26.250,49.699,3.3586,2.0916,135.062,3.6872,1.3226,146.904,-0.7758,0.3122,0.8362,11.841,6.8017,-3.0603,11.834,-2.1494,4.9285,135.070,-0.003,-0.0010,47.322,7.6228,0.0098,0.3826,39.2150,0,0.1413,0.3917,nan,4.3460,0.7554,0.0299,-1.0000,0.8000,0.4508,0.4153,0.1846,38.2172,0.1200,10.2213,0.0348
26.300,49.699,3.3586,2.0915,135.059,3.6872,1.3226,146.893,-0.7757,0.3121,0.8361,11.834,6.8017,-3.0603,11.834,-2.1494,4.9285,135.059,-0.003,-0.0008,47.322,7.6228,0.0097,0.3825,39.2592,0,0.1413,0.3917,nan,4.3460,0.7554,0.0299,-1.0000,0.8000,0.4508,0.4153,0.1846,38.2172,0.1200,10.2213,0.0348
26.350,49.699,3.3586,2.0913,135.058,5.1167,0.1853,135.425,-2.5908,0.1072,2.5930,0.367,7.2977,-4.7294,0.367,-2.1494,4.9285,135.058,-0.002,-0.0007,47.322,7.6230,0.0097,0.2272,23.3750,0,0.1413,0.3917,nan,4.3460,0.7554,0.0299,-1.0000,0.8000,0.4508,0.4153,0.1846,38.2172,0.1200,10.2213,0.0348
26.400,49.699,3.3586,2.0913,135.055,5.1167,0.1853,135.423,-2.5908,0.1071,2.5930,0.367,7.2977,-4.7294,0.367,-2.1494,4.9285,135.056,-0.002,-0.0005,47.322,7.6230,0.0097,0.2272,23.3983,0,0.1413,0.3917,nan,4.3460,0.7554,0.0299,-1.0000,0.8000,0.4508,0.4153,0.1846,38.2172,0.1200,10.2213,0.0348
26.450,49.699,3.3587,2.0912,135.053,5.1167,0.1853,135.420,-2.5907,0.1070,2.5929,0.367,7.2977,-4.7294,0.367,-2.1494,4.9285,135.053,-0.001,-0.0003,47.322,7.6231,0.0097,0.2271,23.5243,0,0.1413,0.3917,nan,4.3460,0.7554,0.0299,-1.0000,0.8000,0.4508,0.4153,0.1846,38.2172,0.1200,10.2213,0.0348
26.500,49.700,3.3587,2.0911,135.052,5.1167,0.1853,135.419,-2.5906,0.1069,2.5928,0.367,7.2977,-4.7294,0.367,-2.1494,4.9285,135.052,-0.001,-0.0003,47.322,7.6232,0.0097,0.2271,23.4656,0,0.1413,0.3917,nan,4.3460,0.7554,0.0299,-1.0000,0.8000,0.4508,0.4153,0.1846,38.2172,0.1200,10.2213,0.0348
26.550,49.700,3.3587,2.0911,135.051,5.1167,0.1853,135.418,-2.5906,0.1068,2.5928,0.367,7.2977,-4.7294,0.367,-2.1494,4.9285,135.051,-0.001,-0.0002,47.322,7.6232,0.0096,0.2271,23.5468,0,0.1413,0.3917,nan,4.3460,0.7554,0.0299,-1.0000,0.8000,0.4508,0.4153,0.1846,38.2172,0.1200,10.2213,0.0348
26.600,49.700,3.3587,2.0911,135.051,5.1167,0.1853,135.418,-2.5906,0.1068,2.5928,0.367,7.2977,-4.7294,0.367,-2.1494,4.9285,135.051,-0.001,-0.0002,47.322,7.6232,0.0096,0.2271,23.6599,0,0.1413,0.3917,nan,4.3460,0.7554,0.0299,-1.0000,0.8000,0.4508,0.4153,0.1846,38.2172,0.1200,10.2213,0.0348
26.650,49.700,3.3587,2.0910,135.050,5.1167,0.1853,135.417,-2.5906,0.1067,2.5928,0.367,7.2977,-4.7294,0.367,-2.1494,4.9285,135.050,-0.001,-0.0001,47.322,7.6233,0.0096,0.2271,23.5829,0,0.1413,0.3917,nan,4.3460,0.7554,0.0299,-1.0000,0.8000,0.4508,0.4153,0.1846,38.2172,0.1200,10.2213,0.0348
26.700,49.700,3.3587,2.0910,135.050,5.1167,0.1853,135.417,-2.5906,0.1067,2.5928,0.367,7.2977,-4.7294,0.367,-2.1494,4.9285,135.050,-0.000,-0.0001,47.322,7.6233,0.0096,0.2271,23.6373,0,0.1413,0.3917,nan,4.3460,0.7554,0.0299,-1.0000,0.8000,0.4508,0.4153,0.1846,38.2172,0.1200,10.2213,0.0348
26.750,49.700,3.3587,2.0910,135.050,5.1436,0.2039,136.240,-2.5964,0.0745,2.5975,1.191,7.3950,-4.6789,1.191,-2.1494,4.9285,135.050,-0.000,-0.0001,47.322,7.6233,0.0096,0.2194,22.8843,0,0.1413,0.3917,nan,4.3460,0.7554,0.0299,-1.0000,0.8000,0.4508,0.4153,0.1846,38.2172,0.1200,10.2213,0.0348
26.800,49.700,3.3587,2.0910,135.049,5.1436,0.2039,136.240,-2.5964,0.0745,2.5975,1.191,7.3950,-4.6789,1.191,-2.1494,4.9285,135.049,-0.000,-0.0001,47.322,7.6233,0.0096,0.2193,22.8826,0,0.1413,0.3917,nan,4.3460,0.7554,0.0299,-1.0000,0.8000,0.4508,0.4153,0.1846,38.2172,0.1200,10.2213,0.0348
26.850,49.700,3.3587,2.0910,135.049,5.1436,0.2039,136.240,-2.5964,0.0745,2.5975,1.191,7.3950,-4.6789,1.191,-2.1494,4.9285,135.049,-0.000,-0.0001,47.322,7.6233,0.0096,0.2193,22.8826,0,0.1413,0.3917,nan,4.3460,0.7554,0.0299,-1.0000,0.8000,0.4508,0.4153,0.1846,38.2172,0.1200,10.2213,0.0348
26.900,49.700,3.3587,2.0910,135.049,5.1436,0.2039,136.240,-2.5964,0.0745,2.5975,1.191,7.3950,-4.6789,1.191,-2.1494,4.9285,135.049,-0.000,0.0000,47.322,7.6233,0.0096,0.2193,22.8775,0,0.1413,0.3917,nan,4.3460,0.7554,0.0299,-1.0000,0.8000,0.4508,0.4153,0.1846,38.2172,0.1200,10.2213,0.0348
26.950,49.700,3.3587,2.0910,135.049,5.1436,0.2039,136.240,-2.5964,0.0745,2.5975,1.191,7.3950,-4.6789,1.191,-2.1494,4.9285,135.049,-0.000,0.0000,47.322,7.6233,0.0096,0.2193,22.8775,0,0.1413,0.3917,nan,4.3460,0.7554,0.0299,-1.0000,0.8000,0.4508,0.4153,0.1846,38.2172,0.1200,10.2213,0.0348
27.000,49.700,3.3587,2.0910,135.049,5.1436,0.2039,136.240,-2.5964,0.0745,2.5975,1.191,7.3950,-4.6789,1.191,-2.1494,4.9285,135.049,-0.000,0.0000,47.322,7.6233,0.0096,0.2193,22.9328,0,0.1413,0.3917,nan,4.3460,0.7554,0.0299,-1.0000,0.8000,0.4508,0.4153,0.1846,38.2172,0.1200,10.2213,0.0348
27.050,49.700,3.3587,2.0910,135.049,5.1436,0.2039,136.240,-2.5964,0.0745,2.5975,1.191,7.3950,-4.6789,1.191,-2.1494,4.9285,135.049,-0.000,0.0000,47.322,7.6233,0.0096,0.2193,22.9328,0,0.1413,0.3917,nan,4.3460,0.7554,0.0299,-1.0000,0.8000,0.4508,0.4153,0.1846,38.2172,0.1200,10.2213,0.0348
27.100,49.700,3.3587,2.0910,135.049,5.1436,0.2039,136.240,-2.5964,0.0745,2.5975,1.191,7.3950,-4.6789,1.191,-2.1494,4.9285,135.049,0.000,0.0000,47.322,7.6233,0.0096,0.2193,22.9328,0,0.1413,0.3917,nan,4.3460,0.7554,0.0299,-1.0000,0.8000,0.4508,0.4153,0.1846,38.2172,0.1200,10.2213,0.0348
27.150,49.700,3.3587,2.0910,135.049,5.1480,0.2410,136.697,-2.5733,0.0451,2.5737,1.648,7.4383,-4.6237,1.648,-2.1494,4.9285,135.049,0.000,0.0000,47.322,7.6233,0.0096,0.2131,22.2828,0,0.1413,0.3917,nan,4.3460,0.7554,0.0299,-1.0000,0.8000,0.4508,0.4153,0.1846,38.2172,0.1200,10.2213,0.0348
27.200,49.700,3.3587,2.0910,135.049,5.1480,0.2410,136.697,-2.5733,0.0451,2.5737,1.648,7.4383,-4.6237,1.648,-2.1494,4.9285,135.049,0.000,0.0000,47.322,7.6233,0.0096,0.2131,22.2828,0,0.1413,0.3917,nan,4.3460,0.7554,0.0299,-1.0000,0.8000,0.4508,0.4153,0.1846,38.2172,0.1200,10.2213,0.0348
27.250,49.700,3.3587,2.0910,135.049,5.1480,0.2410,136.697,-2.5733,0.0451,2.5737,1.648,7.4383,-4.6237,1.648,-2.1494,4.9285,135.049,0.000,0.0000,47.322,7.6233,0.0096,0.2131,22.2828,0,0.1413,0.3917,nan,4.3460,0.7554,0.0299,-1.0000,0.8000,0.4508,0.4153,0.1846,38.2172,0.1200,10.2213,0.0348
27.300,49.700,3.3587,2.0910,135.049,5.1480,0.2410,136.697,-2.5733,0.0451,2.5737,1.648,7.4383,-4.6237,1.648,-2.1494,4.9285,135.049,0.000,0.0000,47.322,7.6233,0.0096,0.2131,22.2828,0,0.1413,0.3917,nan,4.3460,0.7554,0.0299,-1.0000,0.8000,0.4508,0.4153,0.1846,38.2172,0.1200,10.2213,0.0348
27.350,49.701,3.3574,2.0923,135.040,5.1416,0.2471,136.697,-2.5663,0.0450,2.5667,1.657,7.4383,-4.6237,1.648,-2.1557,4.9348,135.049,0.138,-0.0007,47.371,7.6303,0.0094,0.2123,22.4982,0,0.1413,0.3917,nan,4.3460,0.7554,0.0299,-1.0000,0.8000,0.4508,0.4153,0.1846,38.2172,0.1200,10.2213,0.0348
27.400,49.716,3.3468,2.1029,135.049,5.0537,0.3299,136.686,-2.4606,0.0488,2.4611,1.638,7.4383,-4.6237,1.648,-2.2411,5.0201,135.038,0.419,-0.0020,47.472,7.7352,0.0096,0.1997,20.8219,0,0.1413,0.3917,nan,4.3460,0.7554,0.0299,-1.0000,0.8000,0.4508,0.4153,0.1846,38.2172,0.1200,10.2213,0.0348
27.450,49.741,3.3296,2.1201,135.040,4.9785,0.4241,137.540,-2.3652,0.0349,2.3654,2.500,7.5067,-4.5583,2.495,-2.3089,5.0877,135.044,0.655,-0.0031,47.558,7.8062,0.0096,0.1794,18.7272,0,0.1413,0.3917,nan,4.3460,0.7554,0.0299,-1.0000,0.8000,0.4508,0.4153,0.1846,38.2172,0.1200,10.2213,0.0348
27.502,49.791,3.2944,2.1552,135.019,4.8832,0.5213,137.376,-2.2788,0.0326,2.2790,2.357,7.4874,-4.5481,2.357,-2.3935,5.1722,135.019,0.970,-0.0046,47.675,7.8755,0.0100,0.1605,16.0315,0,0.1413,0.3917,nan,4.3460,0.7554,0.0299,-1.0000,0.8000,0.4508,0.4153,0.1846,38.2172,0.1200,10.2213,0.0348
27.550,49.842,3.2581,2.1915,135.011,4.8244,0.5755,137.365,-2.2502,0.0356,2.2505,2.354,7.4874,-4.5481,2.357,-2.4500,5.2288,135.008,1.209,-0.0058,47.765,7.9040,0.0101,0.1507,14.9082,0,0.1413,0.3917,nan,4.3460,0.7554,0.0299,-1.0000,0.8000,0.4508,0.4153,0.1846,38.2172,0.1200,10.2213,0.0348
27.600,49.897,3.2189,2.2307,134.991,4.7464,0.6586,137.131,-2.1917,0.0312,2.1919,2.140,7.4618,-4.5420,2.137,-2.5196,5.2983,134.995,1.420,-0.0068,47.845,7.9466,0.0095,0.1382,14.5872,0,0.1413,0.3917,nan,4.3460,0.7554,0.0299,-1.0000,0.8000,0.4508,0.4153,0.1846,38.2172,0.1200,10.2213,0.0348
27.651,49.964,3.1718,2.2778,134.976,4.6883,0.7126,137.111,-2.1791,0.0335,2.1794,2.136,7.4618,-4.5420,2.137,-2.5756,5.3544,134.975,1.698,-0.0053,47.947,7.9592,0.0101,0.1311,12.9877,0,0.1413,0.3917,nan,4.3460,0.7554,0.0299,-1.0000,0.8000,0.4508,0.4153,0.1846,38.2172,0.1200,10.2213,0.0348
27.700,50.090,3.0829,2.3668,134.956,4.5826,0.8144,137.372,-2.1582,0.0356,2.1585,2.416,7.4835,-4.5191,2.425,-2.6726,5.4515,134.947,1.936,-0.0059,48.058,7.9706,0.0092,0.1257,13.7305,0,0.1413,0.3917,nan,4.3460,0.7554,0.0299,-1.0000,0.8000,0.4508,0.4153,0.1846,38.2172,0.1200,10.2213,0.0348
27.750,50.182,3.0178,2.4320,134.976,4.5014,0.8890,137.404,-2.1401,0.0411,2.1405,2.428,7.4835,-4.5191,2.425,-2.7505,5.5295,134.979,1.977,0.0152,48.150,7.9886,0.0094,0.1271,13.5839,0,0.1413,0.3917,nan,4.3460,0.7554,0.0299,-1.0000,0.8000,0.4508,0.4153,0.1846,38.2172,0.1200,10.2213,0.0348
27.800,50.267,2.9575,2.4923,135.073,4.4537,0.9311,138.265,-2.1618,0.0487,2.1624,3.192,7.5531,-4.4721,3.228,-2.7903,5.5692,135.037,1.990,0.0552,48.235,7.9597,0.0088,0.1267,14.3385,0,0.1413,0.3917,nan,4.3460,0.7554,0.0299,-1.0000,0.8000,0.4508,0.4153,0.1846,38.2172,0.1200,10.2213,0.0348
27.850,50.377,2.8798,2.5696,135.292,4.3450,1.0277,138.485,-2.1260,0.0651,2.1270,3.193,7.5531,-4.4721,3.228,-2.8934,5.6717,135.257,1.994,0.1537,48.344,7.9952,0.0101,0.1319,13.1063,0,0.1413,0.3917,nan,4.3460,0.7554,0.0299,-1.0000,0.8000,0.4508,0.4153,0.1846,38.2172,0.1200,10.2213,0.0348
27.900,50.469,2.8144,2.6340,135.696,4.2798,1.0774,140.109,-2.1359,0.0905,2.1379,4.413,7.6548,-4.4020,4.397,-2.9450,5.7220,135.712,1.995,0.1541,48.436,7.9756,0.0088,0.1293,14.6771,0,0.1413,0.3917,nan,4.3460,0.7554,0.0299,-1.0000,0.8000,0.4508,0.4153,0.1846,38.2172,0.1200,10.2213,0.0348
27.950,50.588,2.7283,2.7171,136.546,4.1833,1.1408,142.762,-2.1404,0.1436,2.1452,6.216,7.8129,-4.3021,6.142,-3.0264,5.8000,136.619,1.994,0.3367,48.555,7.9687,0.0122,0.1174,9.6132,0,0.1413,0.3917,nan,4.3460,0.7554,0.0299,-1.0000,0.8000,0.4508,0.4153,0.1846,38.2172,0.1200,10.2213,0.0348
28.000,50.674,2.6657,2.7756,137.449,4.1223,1.1862,143.541,-2.1479,0.1858,2.1559,6.092,7.8129,-4.3021,6.142,-3.0821,5.8517,137.399,1.993,0.3830,48.640,7.9591,0.0101,0.1284,12.7332,0,0.1413,0.3917,nan,4.3460,0.7554,0.0299,-1.0000,0.8000,0.4508,0.4153,0.1846,38.2172,0.1200,10.2213,0.0348
28.050,50.797,2.5737,2.8581,138.897,3.9752,1.2720,147.624,-2.0988,0.2738,2.1166,8.727,8.0373,-4.1247,8.743,-3.1946,5.9515,138.881,1.991,0.4854,48.763,7.9853,0.0340,0.0975,2.8727,0,0.1413,0.3917,nan,4.3460,0.7554,0.0299,-1.0000,0.8000,0.4508,0.4153,0.1846,38.2172,0.1200,10.2213,0.0348
28.100,50.839,2.5421,2.8854,139.530,3.9586,1.2819,148.350,-2.1184,0.3004,2.1396,8.820,8.0373,-4.1247,8.743,-3.2095,5.9638,139.607,1.989,0.5899,48.804,7.9632,0.0139,0.1102,7.9086,0,0.1413,0.3917,nan,4.3460,0.7554,0.0299,-1.0000,0.8000,0.4508,0.4153,0.1846,38.2172,0.1200,10.2213,0.0348
28.150,50.982,2.4313,2.9760,142.162,3.8022,1.3444,153.604,-2.0835,0.4476,2.1310,11.442,8.2684,-3.9396,11.412,-3.3325,6.0632,142.192,1.985,0.7043,48.947,7.9777,0.0128,0.0920,7.2138,0,0.1413,0.3917,nan,4.3460,0.7554,0.0299,-1.0000,0.8000,0.4508,0.4153,0.1846,38.2172,0.1200,10.2213,0.0348
28.200,51.065,2.3653,3.0257,144.004,3.7068,1.3728,157.836,-2.0568,0.5488,2.1287,13.833,8.4418,-3.7680,13.583,-3.3953,6.1090,144.254,1.813,0.7569,49.024,7.9726,0.0095,0.0820,8.6390,0,0.1413,0.3917,nan,4.3460,0.7554,0.0299,-1.0000,0.8000,0.4508,0.4153,0.1846,38.2172,0.1200,10.2213,0.0348
28.250,51.172,2.2776,3.0863,146.838,3.6239,1.4032,160.576,-2.0477,0.6725,2.1553,13.739,8.4418,-3.7680,13.583,-3.4687,6.1580,146.994,1.476,0.7448,49.109,7.9547,0.0400,0.0804,2.0108,1,0.0000,1.6401,nan,4.4327,0.6132,0.0243,-1.0000,0.8000,0.4482,0.7126,0.1535,38.3170,0.1200,-6.1495,0.0348
28.300,51.227,2.2303,3.1162,148.225,3.5831,1.4123,163.232,-2.0473,0.7362,2.1756,15.007,8.5249,-3.6674,14.729,-3.4879,6.1692,148.503,1.216,0.3065,49.145,7.9226,0.0103,0.0835,8.1099,1,0.2096,1.0637,nan,4.4327,0.8228,0.0326,-1.0000,0.8000,0.4896,0.7389,0.1535,38.3170,0.1200,-5.5140,0.0348
28.350,51.279,2.1864,3.1430,148.287,3.5554,1.4205,163.187,-2.0701,0.7456,2.2003,14.900,8.5249,-3.6674,14.729,-3.5125,6.1842,148.457,0.969,-0.2054,49.185,7.9014,0.0081,0.0921,11.3411,1,0.5058,0.7749,nan,4.4327,1.1182,0.0443,-1.0000,0.8000,0.5190,0.6652,0.1208,38.4168,0.1200,-8.0282,0.0348
28.400,52.853,3.3579,2.0922,134.783,3.5151,1.4375,154.736,-0.5754,0.3496,0.6733,19.953,8.5249,-3.6674,14.729,-3.5472,6.2109,140.007,0.328,-0.2382,49.235,9.4987,0.0094,0.4370,46.5548,0,0.7372,0.8899,nan,4.5172,1.3496,0.0534,-1.0000,0.8000,0.5514,0.6446,0.1208,38.4168,0.1200,9.5186,0.0348
28.450,52.869,3.3462,2.1041,134.248,3.4447,1.4841,148.652,-0.5129,0.3620,0.6278,14.404,8.5206,-3.6499,14.818,-3.5941,6.2614,133.834,0.297,0.0004,49.258,9.5508,0.0099,0.4384,44.3155,0,0.7372,0.8899,nan,4.5172,1.3496,0.0534,-1.0000,0.8000,0.5514,0.6446,0.1208,38.4168,0.1200,9.5186,0.0348
28.500,52.874,3.3430,2.1074,134.241,3.4738,1.4666,149.057,-0.5504,0.3534,0.6541,14.816,8.5206,-3.6499,14.818,-3.5704,6.2370,134.239,0.000,-0.0004,49.258,9.5124,0.0098,0.4331,44.2845,0,0.7372,0.8899,nan,4.5172,1.3496,0.0534,-1.0000,0.8000,0.5514,0.6446,0.1208,38.4168,0.1200,9.5186,0.0348
28.550,52.874,3.3431,2.1073,134.239,3.4738,1.4666,149.057,-0.5503,0.3533,0.6539,14.819,8.5206,-3.6499,14.818,-3.5704,6.2370,134.239,-0.003,-0.0003,49.258,9.5125,0.0098,0.4331,44.1168,0,0.7372,0.8899,nan,4.5172,1.3496,0.0534,-1.0000,0.8000,0.5514,0.6446,0.1208,38.4168,0.1200,9.5186,0.0348
28.600,52.874,3.3432,2.1072,134.249,5.1507,0.1705,135.077,-2.6485,0.0566,2.6491,0.828,8.8109,-6.0142,0.828,-3.5704,6.2370,134.249,-0.002,-0.0002,49.258,9.5126,0.0098,0.2259,23.0667,0,0.7372,0.8899,nan,4.5172,1.3496,0.0534,-1.0000,0.8000,0.5514,0.6446,0.1208,38.4168,0.1200,9.5186,0.0348
28.650,52.874,3.3432,2.1071,134.247,5.1507,0.1705,135.076,-2.6484,0.0565,2.6490,0.828,8.8109,-6.0142,0.828,-3.5704,6.2370,134.248,-0.002,-0.0001,49.258,9.5127,0.0098,0.2259,23.0082,0,0.7372,0.8899,nan,4.5172,1.3496,0.0534,-1.0000,0.8000,0.5514,0.6446,0.1208,38.4168,0.1200,9.5186,0.0348
28.700,52.874,3.3433,2.1071,134.246,5.1507,0.1705,135.074,-2.6484,0.0565,2.6490,0.828,8.8109,-6.0142,0.828,-3.5704,6.2370,134.247,-0.001,-0.0001,49.258,9.5128,0.0098,0.2258,23.1144,0,0.7372,0.8899,nan,4.5172,1.3496,0.0534,-1.0000,0.8000,0.5514,0.6446,0.1208,38.4168,0.1200,9.5186,0.0348
28.750,52.875,3.3433,2.1070,134.245,5.1507,0.1705,135.074,-2.6483,0.0564,2.6489,0.828,8.8109,-6.0142,0.828,-3.5704,6.2370,134.246,-0.001,-0.0001,49.258,9.5129,0.0098,0.2258,23.0372,0,0.7372,0.8899,nan,4.5172,1.3496,0.0534,-1.0000,0.8000,0.5514,0.6446,0.1208,38.4168,0.1200,9.5186,0.0348
28.800,52.875,3.3433,2.1070,134.245,5.1507,0.1705,135.073,-2.6483,0.0564,2.6489,0.828,8.8109,-6.0142,0.828,-3.5704,6.2370,134.245,-0.001,-0.0001,49.258,9.5129,0.0098,0.2259,23.1548,0,0.7372,0.8899,nan,4.5172,1.3496,0.0534,-1.0000,0.8000,0.5514,0.6446,0.1208,38.4168,0.1200,9.5186,0.0348
28.850,52.875,3.3433,2.1070,134.245,5.1507,0.1705,135.073,-2.6483,0.0564,2.6489,0.828,8.8109,-6.0142,0.828,-3.5704,6.2370,134.245,-0.001,-0.0001,49.258,9.5129,0.0098,0.2259,23.1510,0,0.7372,0.8899,nan,4.5172,1.3496,0.0534,-1.0000,0.8000,0.5514,0.6446,0.1208,38.4168,0.1200,9.5186,0.0348
28.900,52.875,3.3433,2.1069,134.244,5.1507,0.1705,135.072,-2.6482,0.0563,2.6488,0.828,8.8109,-6.0142,0.828,-3.5704,6.2370,134.244,-0.001,0.0000,49.258,9.5129,0.0098,0.2259,22.9347,0,0.7372,0.8899,nan,4.5172,1.3496,0.0534,-1.0000,0.8000,0.5514,0.6446,0.1208,38.4168,0.1200,9.5186,0.0348
28.950,52.875,3.3433,2.1069,134.244,5.1507,0.1705,135.072,-2.6482,0.0563,2.6488,0.828,8.8109,-6.0142,0.828,-3.5704,6.2370,134.244,-0.000,0.0000,49.258,9.5129,0.0098,0.2259,22.9347,0,0.7372,0.8899,nan,4.5172,1.3496,0.0534,-1.0000,0.8000,0.5514,0.6446,0.1208,38.4168,0.1200,9.5186,0.0348
29.000,52.875,3.3434,2.1069,134.244,5.1575,0.2060,135.353,-2.6275,0.0267,2.6276,1.109,8.8479,-5.9607,1.109,-3.5704,6.2370,134.244,-0.000,0.0000,49.258,9.5130,0.0098,0.2201,22.3722,0,0.7372,0.8899,nan,4.5172,1.3496,0.0534,-1.0000,0.8000,0.5514,0.6446,0.1208,38.4168,0.1200,9.5186,0.0348
29.050,52.875,3.3434,2.1069,134.244,5.1575,0.2060,135.352,-2.6275,0.0267,2.6276,1.109,8.8479,-5.9607,1.109,-3.5704,6.2370,134.244,-0.000,0.0000,49.258,9.5130,0.0098,0.2201,22.3700,0,0.7372,0.8899,nan,4.5172,1.3496,0.0534,-1.0000,0.8000,0.5514,0.6446,0.1208,38.4168,0.1200,9.5186,0.0348
29.100,52.875,3.3434,2.1069,134.244,5.1575,0.2060,135.352,-2.6275,0.0267,2.6276,1.109,8.8479,-5.9607,1.109,-3.5704,6.2370,134.244,-0.000,0.0000,49.258,9.5130,0.0098,0.2201,22.3700,0,0.7372,0.8899,nan,4.5172,1.3496,0.0534,-1.0000,0.8000,0.5514,0.6446,0.1208,38.4168,0.1200,9.5186,0.0348
29.150,52.875,3.3434,2.1069,134.243,5.1575,0.2060,135.352,-2.6275,0.0267,2.6276,1.109,8.8479,-5.9607,1.109,-3.5704,6.2370,134.243,-0.000,0.0000,49.258,9.5130,0.0098,0.2201,22.3718,0,0.7372,0.8899,nan,4.5172,1.3496,0.0534,-1.0000,0.8000,0.5514,0.6446,0.1208,38.4168,0.1200,9.5186,0.0348
29.200,52.875,3.3434,2.1069,134.243,5.1575,0.2060,135.352,-2.6275,0.0267,2.6276,1.109,8.8479,-5.9607,1.109,-3.5704,6.2370,134.243,-0.000,0.0000,49.258,9.5130,0.0098,0.2201,22.3718,0,0.7372,0.8899,nan,4.5172,1.3496,0.0534,-1.0000,0.8000,0.5514,0.6446,0.1208,38.4168,0.1200,9.5186,0.0348
29.250,52.875,3.3434,2.1069,134.243,5.1575,0.2060,135.352,-2.6275,0.0267,2.6276,1.109,8.8479,-5.9607,1.109,-3.5704,6.2370,134.243,-0.000,0.0000,49.258,9.5130,0.0098,0.2201,22.3700,0,0.7372,0.8899,nan,4.5172,1.3496,0.0534,-1.0000,0.8000,0.5514,0.6446,0.1208,38.4168,0.1200,9.5186,0.0348
29.300,52.875,3.3434,2.1069,134.243,5.1575,0.2060,135.352,-2.6275,0.0267,2.6276,1.109,8.8479,-5.9607,1.109,-3.5704,6.2370,134.243,-0.000,0.0000,49.258,9.5130,0.0098,0.2201,22.3700,0,0.7372,0.8899,nan,4.5172,1.3496,0.0534,-1.0000,0.8000,0.5514,0.6446,0.1208,38.4168,0.1200,9.5186,0.0348
29.350,52.875,3.3434,2.1069,134.243,5.1575,0.2060,135.352,-2.6275,0.0267,2.6276,1.109,8.8479,-5.9607,1.109,-3.5704,6.2370,134.243,0.000,0.0000,49.258,9.5130,0.0098,0.2201,22.3700,0,0.7372,0.8899,nan,4.5172,1.3496,0.0534,-1.0000,0.8000,0.5514,0.6446,0.1208,38.4168,0.1200,9.5186,0.0348
29.400,52.875,3.3434,2.1069,134.243,5.1575,0.2060,135.352,-2.6275,0.0267,2.6276,1.109,8.8479,-5.9607,1.109,-3.5704,6.2370,134.243,0.000,0.0000,49.258,9.5130,0.0098,0.2201,22.4227,0,0.7372,0.8899,nan,4.5172,1.3496,0.0534,-1.0000,0.8000,0.5514,0.6446,0.1208,38.4168,0.1200,9.5186,0.0348
29.450,52.875,3.3434,2.1069,134.243,5.1511,0.2326,135.853,-2.6040,0.0127,2.6040,1.609,8.8953,-5.9017,1.609,-3.5704,6.2370,134.243,0.000,0.0000,49.258,9.5130,0.0098,0.2144,21.8427,0,0.7372,0.8899,nan,4.5172,1.3496,0.0534,-1.0000,0.8000,0.5514,0.6446,0.1208,38.4168,0.1200,9.5186,0.0348
29.500,52.875,3.3434,2.1069,134.243,5.1511,0.2326,135.853,-2.6040,0.0127,2.6040,1.609,8.8953,-5.9017,1.609,-3.5704,6.2370,134.243,0.000,0.0000,49.258,9.5130,0.0098,0.2144,21.8439,0,0.7372,0.8899,nan,4.5172,1.3496,0.0534,-1.0000,0.8000,0.5514,0.6446,0.1208,38.4168,0.1200,9.5186,0.0348
29.550,52.875,3.3434,2.1069,134.243,5.1511,0.2326,135.853,-2.6040,0.0127,2.6040,1.609,8.8953,-5.9017,1.609,-3.5704,6.2370,134.243,0.000,0.0000,49.258,9.5130,0.0098,0.2144,21.7926,0,0.7372,0.8899,nan,4.5172,1.3496,0.0534,-1.0000,0.8000,0.5514,0.6446,0.1208,38.4168,0.1200,9.5186,0.0348
29.600,52.877,3.3420,2.1083,134.234,5.1489,0.2347,135.853,-2.6029,0.0124,2.6029,1.618,8.8953,-5.9017,1.609,-3.5726,6.2392,134.243,0.143,-0.0017,49.309,9.5141,0.0097,0.2141,22.0629,0,0.7372,0.8899,nan,4.5172,1.3496,0.0534,-1.0000,0.8000,0.5514,0.6446,0.1208,38.4168,0.1200,9.5186,0.0348
29.650,52.894,3.3301,2.1205,134.224,5.0254,0.3755,136.340,-2.4329,0.0022,2.4329,2.116,8.9345,-5.8318,2.112,-3.6777,6.3472,134.228,0.445,-0.0050,49.418,9.6474,0.0099,0.1894,19.2069,0,0.7372,0.8899,nan,4.5172,1.3496,0.0534,-1.0000,0.8000,0.5514,0.6446,0.1208,38.4168,0.1200,9.5186,0.0348
29.700,52.926,3.3079,2.1434,134.215,4.9373,0.4596,136.320,-2.3431,0.0064,2.3431,2.105,8.9345,-5.8318,2.112,-3.7626,6.4344,134.208,0.728,-0.0081,49.521,9.7370,0.0102,0.1730,16.9515,0,0.7372,0.8899,nan,4.5172,1.3496,0.0534,-1.0000,0.8000,0.5514,0.6446,0.1208,38.4168,0.1200,9.5186,0.0348
29.750,52.953,3.2885,2.1633,134.187,4.9156,0.4944,136.194,-2.3308,-0.0035,2.3308,2.006,8.9265,-5.8309,1.994,-3.7885,6.4610,134.200,0.903,-0.0101,49.586,9.7463,0.0094,0.1677,17.8614,0,0.7372,0.8899,nan,4.5172,1.3496,0.0534,-1.0000,0.8000,0.5514,0.6446,0.1208,38.4168,0.1200,9.5186,0.0348
29.802,53.035,3.2320,2.2215,134.145,4.8369,0.5700,136.144,-2.3029,-0.0014,2.3029,1.999,8.9265,-5.8309,1.994,-3.8645,6.5393,134.150,1.279,-0.0142,49.728,9.7742,0.0096,0.1546,16.0500,0,0.7372,0.8899,nan,4.5172,1.3496,0.0534,-1.0000,0.8000,0.5514,0.6446,0.1208,38.4168,0.1200,9.5186,0.0348
29.850,53.087,3.1956,2.2590,134.098,4.7503,0.6619,136.687,-2.2289,-0.0051,2.2289,2.589,8.9939,-5.7787,2.590,-3.9483,6.6257,134.098,1.470,-0.0189,49.800,9.8421,0.0096,0.1357,14.1467,0,0.7372,0.8899,nan,4.5172,1.3496,0.0534,-1.0000,0.8000,0.5514,0.6446,0.1208,38.4168,0.1200,9.5186,0.0348
29.900,53.189,3.1245,2.3324,134.029,4.6469,0.7595,136.617,-2.1890,-0.0014,2.1890,2.588,8.9939,-5.7787,2.590,-4.0472,6.7279,134.028,1.842,-0.0226,49.916,9.8821,0.0106,0.1256,11.8837,0,0.7372,0.8899,nan,4.5172,1.3496,0.0534,-1.0000,0.8000,0.5514,0.6446,0.1208,38.4168,0.1200,9.5186,0.0348
29.950,53.255,3.0785,2.3800,133.976,4.5965,0.8119,136.200,-2.1824,-0.0036,2.1824,2.224,8.9481,-5.7989,2.221,-4.0921,6.7745,133.979,1.929,-0.0207,49.984,9.8807,0.0093,0.1289,13.8355,0,0.7372,0.8899,nan,4.5172,1.3496,0.0534,-1.0000,0.8000,0.5514,0.6446,0.1208,38.4168,0.1200,9.5186,0.0348
30.000,53.357,3.0079,2.4533,133.923,4.5288,0.8801,136.608,-2.1882,-0.0041,2.1882,2.684,9.0009,-5.7576,2.691,-4.1555,6.8404,133.916,1.977,-0.0069,50.086,9.8703,0.0092,0.1282,13.9210,0,0.7372,0.8899,nan,4.5172,1.3496,0.0534,-1.0000,0.8000,0.5514,0.6446,0.1208,38.4168,0.1200,9.5186,0.0348
30.050,53.442,2.9487,2.5148,133.917,4.4848,0.9216,136.599,-2.2131,-0.0015,2.2131,2.682,9.0009,-5.7576,2.691,-4.1975,6.8840,133.907,1.990,0.0256,50.192,9.8455,0.0089,0.1353,15.1543,0,0.7372,0.8899,nan,4.5172,1.3496,0.0534,-1.0000,0.8000,0.5514,0.6446,0.1208,38.4168,0.1200,9.5186,0.0348
30.100,53.548,2.8755,2.5908,134.067,4.3844,1.0085,137.860,-2.1863,0.0163,2.1864,3.793,9.1302,-5.6643,3.852,-4.2868,6.9766,134.008,1.994,0.1351,50.276,9.8686,0.0094,0.1302,13.8639,0,0.7372,0.8899,nan,4.5172,1.3496,0.0534,-1.0000,0.8000,0.5514,0.6446,0.1208,38.4168,0.1200,9.5186,0.0348
30.150,53.676,2.7863,2.6822,134.655,4.2970,1.0865,138.452,-2.1969,0.0469,2.1974,3.797,9.1302,-5.6643,3.852,-4.3687,7.0603,134.600,1.995,0.2192,50.403,9.8580,0.0118,0.1374,11.6802,0,0.7372,0.8899,nan,4.5172,1.3496,0.0534,-1.0000,0.8000,0.5514,0.6446,0.1208,38.4168,0.1200,9.5186,0.0348
30.200,53.749,2.7342,2.7344,135.242,4.2330,1.1143,141.515,-2.2051,0.0951,2.2071,6.274,9.4128,-5.4652,6.349,-4.4204,7.1119,135.166,1.994,0.3057,50.477,9.8573,0.0100,0.1208,12.1197,0,0.7372,0.8899,nan,4.5172,1.3496,0.0534,-1.0000,0.8000,0.5514,0.6446,0.1208,38.4168,0.1200,9.5186,0.0348
30.250,53.859,2.6557,2.8110,136.238,4.1426,1.1842,142.644,-2.1991,0.1465,2.2039,6.406,9.4128,-5.4652,6.349,-4.5025,7.1914,136.295,1.994,0.3489,50.586,9.8619,0.0119,0.1266,10.6189,0,0.7372,0.8899,nan,4.5172,1.3496,0.0534,-1.0000,0.8000,0.5514,0.6446,0.1208,38.4168,0.1200,9.5186,0.0348
30.301,53.963,2.5802,2.8820,137.431,4.0321,1.2362,146.330,-2.1827,0.2299,2.1947,8.899,9.6746,-5.2591,8.714,-4.5933,7.2751,137.616,1.992,0.4448,50.689,9.8815,0.0290,0.0974,3.3520,0,0.7372,0.8899,nan,4.5172,1.3496,0.0534,-1.0000,0.8000,0.5514,0.6446,0.1208,38.4168,0.1200,9.5186,0.0348
30.350,54.048,2.5166,2.9393,138.656,3.9743,1.2382,150.429,-2.2181,0.3143,2.2402,11.773,10.0029,-4.9447,11.947,-4.6181,7.2969,138.482,1.989,0.5470,50.774,9.8293,0.0104,0.0874,8.4167,0,0.7372,0.8899,nan,4.5172,1.3496,0.0534,-1.0000,0.8000,0.5514,0.6446,0.1208,38.4168,0.1200,9.5186,0.0348
30.400,54.140,2.4471,2.9989,140.103,3.8686,1.2961,152.014,-2.1828,0.3946,2.2182,11.911,10.0029,-4.9447,11.947,-4.7095,7.3755,140.067,1.989,0.5466,50.865,9.8579,0.0089,0.0893,10.0559,0,0.7372,0.8899,nan,4.5172,1.3496,0.0534,-1.0000,0.8000,0.5514,0.6446,0.1208,38.4168,0.1200,9.5186,0.0348
30.450,54.257,2.3561,3.0722,142.344,3.7988,1.3152,155.507,-2.2155,0.5096,2.2734,13.163,10.2442,-4.7066,14.235,-4.7668,7.4218,141.272,1.986,0.6548,50.980,9.8156,0.0337,0.0780,2.3147,0,0.7372,0.8899,nan,4.5172,1.3496,0.0534,-1.0000,0.8000,0.5514,0.6446,0.1208,38.4168,0.1200,9.5186,0.0348
30.500,54.347,2.2835,3.1260,144.636,3.6811,1.3624,158.896,-2.1604,0.6293,2.2502,14.260,10.2442,-4.7066,14.235,-4.8692,7.4965,144.661,1.609,0.7266,51.060,9.8508,0.0126,0.0780,6.1972,0,0.7372,0.8899,nan,4.5172,1.3496,0.0534,-1.0000,0.8000,0.5514,0.6446,0.1208,38.4168,0.1200,9.5186,0.0348
30.550,54.420,2.2236,3.1670,146.720,3.6323,1.3720,161.507,-2.1627,0.7276,2.2818,14.788,10.3027,-4.6432,14.832,-4.9083,7.5224,146.676,1.345,0.7179,51.113,9.8258,0.0116,0.0786,6.7854,1,0.7372,0.8899,nan,4.5172,1.3496,0.0534,-1.0000,0.8000,0.5514,0.6446,0.1208,38.4168,0.1200,9.5186,0.0348
30.600,54.473,2.1784,3.1957,148.358,3.5934,1.3841,163.419,-2.1551,0.8000,2.2988,15.061,10.3027,-4.6432,14.832,-4.9428,7.5440,148.587,1.041,0.5408,51.155,9.8134,0.0093,0.0832,8.9042,1,0.2711,0.9369,nan,4.4327,0.8843,0.0350,-1.0000,0.8000,0.5154,0.7396,0.1535,38.3170,0.1200,-5.8683,0.0348
30.650,56.094,3.3620,2.0883,134.989,3.5434,1.4048,164.930,-0.6116,0.3549,0.7072,29.941,10.3548,-4.5642,15.421,-4.9790,7.5654,149.509,0.202,0.0176,51.188,11.4644,0.0098,0.4389,44.7878,0,0.4239,0.8326,nan,4.4327,1.0371,0.0411,-1.0000,0.8000,0.5217,0.7186,0.1535,38.3170,0.1200,-6.0510,0.0348
30.700,56.113,3.3483,2.1019,134.776,3.5347,1.4234,148.898,-0.6129,0.3456,0.7036,14.122,10.2181,-4.7420,13.958,-4.9990,7.5954,134.941,0.474,-0.1124,51.231,11.4810,0.0098,0.4228,43.0411,0,0.4239,0.8326,nan,4.4327,1.0371,0.0411,-1.0000,0.8000,0.5217,0.7186,0.1535,38.3170,0.1200,-6.0510,0.0348
30.750,56.129,3.3370,2.1133,134.760,3.5368,1.4222,148.714,-0.6314,0.3447,0.7194,13.954,10.2181,-4.7420,13.958,-4.9972,7.5937,134.756,0.216,-0.0012,51.231,11.4625,0.0099,0.4208,42.5599,0,0.4239,0.8326,nan,4.4327,1.0371,0.0411,-1.0000,0.8000,0.5217,0.7186,0.1535,38.3170,0.1200,-6.0510,0.0348
30.800,56.130,3.3365,2.1137,134.761,5.1090,0.1523,134.443,-2.6408,0.1226,2.6437,-0.318,10.0652,-7.4683,-0.309,-4.9972,7.5937,134.752,-0.003,-0.0006,51.231,11.4619,0.0098,0.2366,24.0473,0,0.4239,0.8326,nan,4.4327,1.0371,0.0411,-1.0000,0.8000,0.5217,0.7186,0.1535,38.3170,0.1200,-6.0510,0.0348
30.850,56.130,3.3365,2.1136,134.759,5.1281,0.1898,135.021,-2.6275,0.0824,2.6288,0.262,10.1599,-7.3810,0.262,-4.9972,7.5937,134.759,-0.003,-0.0005,51.231,11.4619,0.0099,0.2280,23.1128,0,0.4239,0.8326,nan,4.4327,1.0371,0.0411,-1.0000,0.8000,0.5217,0.7186,0.1535,38.3170,0.1200,-6.0510,0.0348
30.900,56.130,3.3366,2.1135,134.757,5.1281,0.1898,135.019,-2.6274,0.0823,2.6287,0.262,10.1599,-7.3810,0.262,-4.9972,7.5937,134.757,-0.002,-0.0004,51.231,11.4621,0.0098,0.2279,23.3511,0,0.4239,0.8326,nan,4.4327,1.0371,0.0411,-1.0000,0.8000,0.5217,0.7186,0.1535,38.3170,0.1200,-6.0510,0.0348
30.950,56.130,3.3366,2.1134,134.755,5.1281,0.1898,135.017,-2.6273,0.0822,2.6286,0.262,10.1599,-7.3810,0.262,-4.9972,7.5937,134.755,-0.002,-0.0003,51.231,11.4622,0.0097,0.2279,23.3986,0,0.4239,0.8326,nan,4.4327,1.0371,0.0411,-1.0000,0.8000,0.5217,0.7186,0.1535,38.3170,0.1200,-6.0510,0.0348
31.000,56.130,3.3366,2.1134,134.754,5.1281,0.1898,135.016,-2.6273,0.0821,2.6286,0.262,10.1599,-7.3810,0.262,-4.9972,7.5937,134.754,-0.001,-0.0002,51.231,11.4622,0.0097,0.2279,23.3917,0,0.4239,0.8326,nan,4.4327,1.0371,0.0411,-1.0000,0.8000,0.5217,0.7186,0.1535,38.3170,0.1200,-6.0510,0.0348
31.050,56.130,3.3366,2.1133,134.753,5.1281,0.1898,135.015,-2.6273,0.0820,2.6285,0.262,10.1599,-7.3810,0.262,-4.9972,7.5937,134.753,-0.001,-0.0002,51.231,11.4622,0.0098,0.2279,23.3102,0,0.4239,0.8326,nan,4.4327,1.0371,0.0411,-1.0000,0.8000,0.5217,0.7186,0.1535,38.3170,0.1200,-6.0510,0.0348
31.100,56.131,3.3367,2.1133,134.745,5.1281,0.1898,135.014,-2.6272,0.0817,2.6285,0.269,10.1599,-7.3810,0.262,-4.9972,7.5937,134.753,-0.001,-0.0001,51.231,11.4623,0.0097,0.2278,23.4194,0,0.4239,0.8326,nan,4.4327,1.0371,0.0411,-1.0000,0.8000,0.5217,0.7186,0.1535,38.3170,0.1200,-6.0510,0.0348
31.150,56.131,3.3367,2.1133,134.744,5.1281,0.1898,135.006,-2.6272,0.0817,2.6285,0.262,10.1599,-7.3810,0.262,-4.9972,7.5937,134.745,-0.001,-0.0001,51.231,11.4623,0.0097,0.2279,23.4246,0,0.4239,0.8326,nan,4.4327,1.0371,0.0411,-1.0000,0.8000,0.5217,0.7186,0.1535,38.3170,0.1200,-6.0510,0.0348
31.200,56.131,3.3367,2.1133,134.744,5.1281,0.1898,135.006,-2.6272,0.0817,2.6285,0.262,10.1599,-7.3810,0.262,-4.9972,7.5937,134.744,-0.000,-0.0001,51.231,11.4623,0.0097,0.2279,23.4830,0,0.4239,0.8326,nan,4.4327,1.0371,0.0411,-1.0000,0.8000,0.5217,0.7186,0.1535,38.3170,0.1200,-6.0510,0.0348
31.250,56.131,3.3367,2.1132,134.744,5.1304,0.2259,136.602,-2.6031,0.0545,2.6036,1.858,10.3712,-7.2017,1.858,-4.9972,7.5937,134.744,-0.000,-0.0001,51.231,11.4624,0.0097,0.2136,21.9873,0,0.4239,0.8326,nan,4.4327,1.0371,0.0411,-1.0000,0.8000,0.5217,0.7186,0.1535,38.3170,0.1200,-6.0510,0.0348
31.300,56.131,3.3367,2.1132,134.744,5.1304,0.2259,136.602,-2.6031,0.0545,2.6036,1.858,10.3712,-7.2017,1.858,-4.9972,7.5937,134.744,-0.000,0.0000,51.231,11.4624,0.0097,0.2136,21.9873,0,0.4239,0.8326,nan,4.4327,1.0371,0.0411,-1.0000,0.8000,0.5217,0.7186,0.1535,38.3170,0.1200,-6.0510,0.0348
31.351,56.131,3.3367,2.1132,134.743,5.1304,0.2259,136.602,-2.6031,0.0545,2.6036,1.858,10.3712,-7.2017,1.858,-4.9972,7.5937,134.744,-0.000,0.0000,51.231,11.4624,0.0097,0.2136,21.9873,0,0.4239,0.8326,nan,4.4327,1.0371,0.0411,-1.0000,0.8000,0.5217,0.7186,0.1535,38.3170,0.1200,-6.0510,0.0348
31.400,56.131,3.3367,2.1132,134.743,5.1304,0.2259,136.601,-2.6031,0.0545,2.6036,1.858,10.3712,-7.2017,1.858,-4.9972,7.5937,134.743,-0.000,0.0000,51.231,11.4624,0.0097,0.2136,21.9855,0,0.4239,0.8326,nan,4.4327,1.0371,0.0411,-1.0000,0.8000,0.5217,0.7186,0.1535,38.3170,0.1200,-6.0510,0.0348
31.450,56.131,3.3367,2.1132,134.743,5.1304,0.2259,136.601,-2.6031,0.0545,2.6036,1.858,10.3712,-7.2017,1.858,-4.9972,7.5937,134.743,-0.000,0.0000,51.231,11.4624,0.0097,0.2136,21.9855,0,0.4239,0.8326,nan,4.4327,1.0371,0.0411,-1.0000,0.8000,0.5217,0.7186,0.1535,38.3170,0.1200,-6.0510,0.0348
31.500,56.131,3.3367,2.1132,134.743,5.1304,0.2259,136.601,-2.6031,0.0545,2.6036,1.858,10.3712,-7.2017,1.858,-4.9972,7.5937,134.743,-0.000,0.0000,51.231,11.4624,0.0097,0.2136,21.9855,0,0.4239,0.8326,nan,4.4327,1.0371,0.0411,-1.0000,0.8000,0.5217,0.7186,0.1535,38.3170,0.1200,-6.0510,0.0348
31.550,56.131,3.3367,2.1132,134.743,5.1304,0.2259,136.601,-2.6031,0.0545,2.6036,1.858,10.3712,-7.2017,1.858,-4.9972,7.5937,134.743,-0.000,0.0000,51.231,11.4624,0.0097,0.2136,21.9855,0,0.4239,0.8326,nan,4.4327,1.0371,0.0411,-1.0000,0.8000,0.5217,0.7186,0.1535,38.3170,0.1200,-6.0510,0.0348
31.600,56.131,3.3367,2.1132,134.743,5.1304,0.2259,136.601,-2.6031,0.0545,2.6036,1.858,10.3712,-7.2017,1.858,-4.9972,7.5937,134.743,-0.000,0.0000,51.231,11.4624,0.0097,0.2136,21.9855,0,0.4239,0.8326,nan,4.4327,1.0371,0.0411,-1.0000,0.8000,0.5217,0.7186,0.1535,38.3170,0.1200,-6.0510,0.0348
31.650,56.131,3.3367,2.1132,134.743,5.1455,0.2427,136.777,-2.6018,0.0319,2.6020,2.034,10.4091,-7.1688,2.034,-4.9972,7.5937,134.743,0.000,0.0000,51.231,11.4624,0.0097,0.2114,21.7562,0,0.4239,0.8326,nan,4.4327,1.0371,0.0411,-1.0000,0.8000,0.5217,0.7186,0.1535,38.3170,0.1200,-6.0510,0.0348
31.701,56.131,3.3367,2.1132,134.743,5.1455,0.2427,136.777,-2.6018,0.0319,2.6020,2.034,10.4091,-7.1688,2.034,-4.9972,7.5937,134.743,0.000,0.0000,51.231,11.4624,0.0097,0.2114,21.7562,0,0.4239,0.8326,nan,4.4327,1.0371,0.0411,-1.0000,0.8000,0.5217,0.7186,0.1535,38.3170,0.1200,-6.0510,0.0348
31.751,56.131,3.3367,2.1132,134.743,5.1455,0.2427,136.777,-2.6018,0.0319,2.6020,2.034,10.4091,-7.1688,2.034,-4.9972,7.5937,134.743,0.000,0.0000,51.231,11.4624,0.0097,0.2114,21.7562,0,0.4239,0.8326,nan,4.4327,1.0371,0.0411,-1.0000,0.8000,0.5217,0.7186,0.1535,38.3170,0.1200,-6.0510,0.0348
31.800,56.131,3.3367,2.1132,134.743,5.1455,0.2427,136.777,-2.6018,0.0319,2.6020,2.034,10.4091,-7.1688,2.034,-4.9972,7.5937,134.743,0.000,0.0000,51.231,11.4624,0.0097,0.2114,21.7562,0,0.4239,0.8326,nan,4.4327,1.0371,0.0411,-1.0000,0.8000,0.5217,0.7186,0.1535,38.3170,0.1200,-6.0510,0.0348
31.850,56.133,3.3349,2.1151,134.741,5.1182,0.2684,136.777,-2.5669,0.0332,2.5672,2.035,10.4091,-7.1688,2.034,-5.0236,7.6204,134.742,0.165,-0.0011,51.290,11.4972,0.0095,0.2078,21.7783,0,0.4239,0.8326,nan,4.4327,1.0371,0.0411,-1.0000,0.8000,0.5217,0.7186,0.1535,38.3170,0.1200,-6.0510,0.0348
31.900,56.145,3.3263,2.1237,134.739,5.0430,0.3555,137.280,-2.4643,0.0252,2.4645,2.541,10.4856,-7.1138,2.543,-5.1059,7.7034,134.738,0.393,-0.0025,51.372,11.6017,0.0097,0.1919,19.8251,0,0.4239,0.8326,nan,4.4327,1.0371,0.0411,-1.0000,0.8000,0.5217,0.7186,0.1535,38.3170,0.1200,-6.0510,0.0348
31.950,56.179,3.3029,2.1473,134.729,4.9535,0.4382,137.267,-2.3758,0.0301,2.3760,2.538,10.4856,-7.1138,2.543,-5.1917,7.7900,134.725,0.707,-0.0045,51.487,11.6902,0.0101,0.1767,17.4528,0,0.4239,0.8326,nan,4.4327,1.0371,0.0411,-1.0000,0.8000,0.5217,0.7186,0.1535,38.3170,0.1200,-6.0510,0.0348
